basic_appreq,767085,2241845760411,192
basic_appreq,790050,2241846639356,192
basic_appreq,1136578,2241847821701,192
basic_appreq,1032958,2241848900238,192
basic_appreq,791400,2241849736715,192
basic_appreq,706903,2241850489104,192
basic_appreq,866425,2241851398433,192
basic_appreq,943057,2241852383738,192
basic_appreq,1012415,2241853441278,192
basic_appreq,923516,2241854410054,192
basic_appreq,958969,2241855411789,192
basic_appreq,1143765,2241856598666,192
basic_appreq,1012288,2241857656821,192
basic_appreq,1090581,2241858790452,192
basic_appreq,1039229,2241859873745,192
basic_appreq,942318,2241860859762,192
basic_appreq,1036790,2241861942447,192
basic_appreq,1044872,2241863034210,192
basic_appreq,1008038,2241864085498,192
basic_appreq,1111357,2241865242582,192
basic_appreq,925200,2241866211986,192
basic_appreq,1032143,2241867289174,192
basic_appreq,1043463,2241868376918,192
basic_appreq,972665,2241869395918,192
basic_appreq,1051619,2241870491500,192
basic_appreq,997936,2241871533222,192
basic_appreq,1025403,2241872602942,192
basic_appreq,917221,2241873570903,192
basic_appreq,1000663,2241874615585,192
basic_appreq,961763,2241875621147,192
basic_appreq,917795,2241876584099,192
basic_appreq,1056549,2241877687931,192
basic_appreq,975328,2241878707148,192
basic_appreq,1009022,2241879763880,192
basic_appreq,1061276,2241880870476,192
basic_appreq,912119,2241881832241,192
basic_appreq,1047218,2241882924435,192
basic_appreq,978887,2241883948077,192
basic_appreq,1066341,2241885058669,192
basic_appreq,995547,2241886100568,192
basic_appreq,1047465,2241887193571,192
basic_appreq,1041438,2241888279660,192
basic_appreq,1026989,2241889359110,192
basic_appreq,1003392,2241890406455,192
basic_appreq,1019498,2241891470317,192
basic_appreq,941670,2241892456763,192
basic_appreq,1000301,2241893507066,192
basic_appreq,932608,2241894484162,192
basic_appreq,1017978,2241895545892,192
basic_appreq,977711,2241896568037,192
basic_appreq,951180,2241897566983,192
basic_appreq,984113,2241898596592,192
basic_appreq,1016026,2241899656578,192
basic_appreq,1039206,2241900739506,192
basic_appreq,1016735,2241901803285,192
basic_appreq,1049888,2241902897146,192
basic_appreq,1091509,2241904032953,192
basic_appreq,1093698,2241905175254,192
basic_appreq,978409,2241906198873,192
basic_appreq,970643,2241907212948,192
basic_appreq,1021566,2241908279199,192
basic_appreq,913953,2241909240117,192
basic_appreq,1013918,2241910297894,192
basic_appreq,883138,2241911224705,192
basic_appreq,1021527,2241912290482,192
basic_appreq,966463,2241913306759,192
basic_appreq,1076389,2241914427459,192
basic_appreq,976187,2241915447752,192
basic_appreq,980962,2241916473402,192
basic_appreq,1050032,2241917572617,192
basic_appreq,1041618,2241918657924,192
basic_appreq,939812,2241919642314,192
basic_appreq,972863,2241920659420,192
basic_appreq,1028634,2241921734560,192
basic_appreq,1078942,2241922857575,192
basic_appreq,1016077,2241923917829,192
basic_appreq,1055332,2241925020712,192
basic_appreq,968950,2241926036612,192
basic_appreq,1028620,2241927109850,192
basic_appreq,1054507,2241928207120,192
basic_appreq,1026362,2241929281617,192
basic_appreq,1098205,2241930422225,192
basic_appreq,862495,2241931327110,192
basic_appreq,1023250,2241932393254,192
basic_appreq,922421,2241933361649,192
basic_appreq,974443,2241934378725,192
basic_appreq,996065,2241935418052,192
basic_appreq,944728,2241936405526,192
basic_appreq,1097381,2241937547717,192
basic_appreq,950341,2241938541023,192
basic_appreq,934776,2241939519178,192
basic_appreq,1054092,2241940616802,192
basic_appreq,1038939,2241941702944,192
basic_appreq,1014831,2241942762533,192
basic_appreq,1012679,2241943818730,192
basic_appreq,983027,2241944845342,192
basic_appreq,1000563,2241945896554,192
basic_appreq,1029106,2241946970206,192
basic_appreq,934918,2241947949587,192
basic_appreq,982171,2241948976139,192
basic_appreq,915273,2241949937644,192
basic_appreq,967893,2241950949601,192
basic_appreq,915587,2241951931622,192
basic_appreq,1021708,2241952996233,192
basic_appreq,1051941,2241954093773,192
basic_appreq,991631,2241955126912,192
basic_appreq,1027454,2241956196535,192
basic_appreq,951721,2241957212020,192
basic_appreq,1000428,2241958254738,192
basic_appreq,1047960,2241959345037,192
basic_appreq,1086226,2241960474619,192
basic_appreq,993903,2241961513591,192
basic_appreq,946763,2241962502785,192
basic_appreq,1026568,2241963572412,192
basic_appreq,974132,2241964588969,192
basic_appreq,996335,2241965631440,192
basic_appreq,991367,2241966665831,192
basic_appreq,1052595,2241967761377,192
basic_appreq,973821,2241968778336,192
basic_appreq,973691,2241969798870,192
basic_appreq,1014489,2241970856584,192
basic_appreq,978379,2241971877590,192
basic_appreq,955621,2241972875883,192
basic_appreq,999449,2241973922023,192
basic_appreq,920606,2241974885746,192
basic_appreq,1119948,2241976048441,192
basic_appreq,891415,2241976986756,192
basic_appreq,1005468,2241978035916,192
basic_appreq,924890,2241979004080,192
basic_appreq,1037098,2241980089412,192
basic_appreq,975391,2241981113905,192
basic_appreq,1091923,2241982248909,192
basic_appreq,936508,2241983228464,192
basic_appreq,1033224,2241984304343,192
basic_appreq,982430,2241985334035,192
basic_appreq,1031330,2241986409693,192
basic_appreq,994729,2241987447770,192
basic_appreq,967435,2241988458824,192
basic_appreq,979044,2241989485707,192
basic_appreq,975521,2241990504079,192
basic_appreq,889415,2241991436838,192
basic_appreq,998206,2241992477595,192
basic_appreq,1032206,2241993557833,192
basic_appreq,997723,2241994599979,192
basic_appreq,973581,2241995616771,192
basic_appreq,1006480,2241996667258,192
basic_appreq,1009785,2241997724096,192
basic_appreq,994652,2241998762481,192
basic_appreq,1040045,2241999846893,192
basic_appreq,1002216,2242000894131,192
basic_appreq,1010052,2242001951748,192
basic_appreq,1062910,2242003058922,192
basic_appreq,1009588,2242004112660,192
basic_appreq,930566,2242005092118,192
basic_appreq,860551,2242005996856,192
basic_appreq,956773,2242006999176,192
basic_appreq,990836,2242008034416,192
basic_appreq,837405,2242008920044,192
basic_appreq,1054600,2242010019405,192
basic_appreq,939913,2242011003762,192
basic_appreq,989950,2242012037935,192
basic_appreq,957659,2242013041415,192
basic_appreq,1009555,2242014093352,192
basic_appreq,1030482,2242015166076,192
basic_appreq,1077452,2242016285953,192
basic_appreq,1025530,2242017356429,192
basic_appreq,972752,2242018371158,192
basic_appreq,995567,2242019409148,192
basic_appreq,990068,2242020441494,192
basic_appreq,909061,2242021396430,192
basic_appreq,962117,2242022401203,192
basic_appreq,1029646,2242023473910,192
basic_appreq,937339,2242024453890,192
basic_appreq,959808,2242025460066,192
basic_appreq,988540,2242026491502,192
basic_appreq,1031294,2242027565279,192
basic_appreq,1045839,2242028654171,192
basic_appreq,981801,2242029682378,192
basic_appreq,962898,2242030687502,192
basic_appreq,1041959,2242031772140,192
basic_appreq,1008184,2242032823269,192
basic_appreq,976624,2242033846229,192
basic_appreq,986455,2242034876269,192
basic_appreq,1033368,2242035957634,192
basic_appreq,1009237,2242037033114,192
basic_appreq,948310,2242038028701,192
basic_appreq,977481,2242039049860,192
basic_appreq,1048666,2242040142178,192
basic_appreq,1023683,2242041211964,192
basic_appreq,954792,2242042210392,192
basic_appreq,1048402,2242043301671,192
basic_appreq,1069396,2242044413546,192
basic_appreq,1035467,2242045497123,192
basic_appreq,960974,2242046500275,192
basic_appreq,1036416,2242047578956,192
basic_appreq,927122,2242048548443,192
basic_appreq,1069664,2242049663509,192
basic_appreq,908771,2242050615120,192
basic_appreq,991590,2242051649779,192
basic_appreq,948058,2242052640715,192
basic_appreq,949018,2242053637826,192
basic_appreq,1008295,2242054690544,192
basic_appreq,1042852,2242055776089,192
basic_appreq,940961,2242056759597,192
basic_appreq,973016,2242057780853,192
basic_appreq,1045097,2242058869024,192
basic_appreq,1000877,2242059912707,192
basic_appreq,2968821,2242062924617,192
basic_appreq,946451,2242063935367,192
basic_appreq,908998,2242064886013,192
basic_appreq,989733,2242065920634,192
basic_appreq,1022693,2242066986598,192
basic_appreq,904547,2242067933799,192
basic_appreq,920246,2242068910875,192
basic_appreq,698434,2242069645148,192
basic_appreq,809976,2242070488424,192
basic_appreq,1021689,2242071545070,192
basic_appreq,1109706,2242072696765,192
basic_appreq,912050,2242073669448,192
basic_appreq,930041,2242074633750,192
basic_appreq,1004701,2242075673261,192
basic_appreq,957566,2242076695058,192
basic_appreq,843136,2242077585160,192
basic_appreq,828959,2242078456975,192
basic_appreq,772909,2242079270184,192
basic_appreq,825983,2242080136567,192
basic_appreq,827813,2242081014147,192
basic_appreq,1026687,2242082081104,192
basic_appreq,977425,2242083098782,192
basic_appreq,916365,2242084058398,192
basic_appreq,600753,2242084703520,192
basic_appreq,629284,2242085373456,192
basic_appreq,608813,2242086016472,192
basic_appreq,946132,2242087003600,192
basic_appreq,988584,2242088034399,192
basic_appreq,674373,2242088754286,192
basic_appreq,770707,2242089566905,192
basic_appreq,884575,2242090493448,192
basic_appreq,665345,2242091200658,192
basic_appreq,891359,2242092141085,192
basic_appreq,999514,2242093186256,192
basic_appreq,1010714,2242094240946,192
basic_appreq,984711,2242095268827,192
basic_appreq,1020501,2242096331978,192
basic_appreq,1043198,2242097421025,192
basic_appreq,1066786,2242098531293,192
basic_appreq,1033192,2242099607863,192
basic_appreq,965091,2242100616515,192
basic_appreq,1006687,2242101667776,192
basic_appreq,1052692,2242102771829,192
basic_appreq,1014513,2242103829259,192
basic_appreq,988728,2242104861114,192
basic_appreq,966998,2242105875149,192
basic_appreq,1015539,2242106933311,192
basic_appreq,978797,2242107954760,192
basic_appreq,985457,2242108983458,192
basic_appreq,1006784,2242110036233,192
basic_appreq,939977,2242111034156,192
basic_appreq,1064758,2242112141728,192
basic_appreq,1016531,2242113202967,192
basic_appreq,1046106,2242114291195,192
basic_appreq,974807,2242115308157,192
basic_appreq,1052051,2242116404381,192
basic_appreq,959931,2242117409735,192
basic_appreq,990057,2242118443926,192
basic_appreq,892776,2242119379689,192
basic_appreq,1030284,2242120454089,192
basic_appreq,977426,2242121477447,192
basic_appreq,948316,2242122469124,192
basic_appreq,945430,2242123458056,192
basic_appreq,944647,2242124446031,192
basic_appreq,967896,2242125460782,192
basic_appreq,1004683,2242126509460,192
basic_appreq,921011,2242127495615,192
basic_appreq,1040767,2242128580290,192
basic_appreq,1020918,2242129649319,192
basic_appreq,968185,2242130663046,192
basic_appreq,1012919,2242131720216,192
basic_appreq,978950,2242132742644,192
basic_appreq,1016959,2242133805785,192
basic_appreq,1015869,2242134866667,192
basic_appreq,1021908,2242135932982,192
basic_appreq,1061209,2242137038832,192
basic_appreq,958421,2242138042950,192
basic_appreq,1037937,2242139125107,192
basic_appreq,961277,2242140131995,192
basic_appreq,919951,2242141094746,192
basic_appreq,1004482,2242142139973,192
basic_appreq,962955,2242143143299,192
basic_appreq,1048796,2242144232583,192
basic_appreq,1008942,2242145286531,192
basic_appreq,952433,2242146280878,192
basic_appreq,1029285,2242147350314,192
basic_appreq,952955,2242148343900,192
basic_appreq,1002651,2242149391523,192
basic_appreq,1012892,2242150445852,192
basic_appreq,1018372,2242151505026,192
basic_appreq,1020334,2242152566232,192
basic_appreq,955053,2242153564115,192
basic_appreq,979773,2242154584723,192
basic_appreq,952439,2242155577861,192
basic_appreq,997552,2242156616539,192
basic_appreq,920212,2242157579888,192
basic_appreq,1052750,2242158673579,192
basic_appreq,1027869,2242159743022,192
basic_appreq,1060538,2242160844521,192
basic_appreq,930971,2242161821581,192
basic_appreq,1047109,2242162909170,192
basic_appreq,932004,2242163882834,192
basic_appreq,1006143,2242164930167,192
basic_appreq,1022415,2242165997738,192
basic_appreq,1058416,2242167098570,192
basic_appreq,1015812,2242168155295,192
basic_appreq,931542,2242169133527,192
basic_appreq,829786,2242170003955,192
basic_appreq,885438,2242170931147,192
basic_appreq,1083066,2242172060551,192
basic_appreq,1004764,2242173110165,192
basic_appreq,951303,2242174102174,192
basic_appreq,977519,2242175121636,192
basic_appreq,1009602,2242176186440,192
basic_appreq,927452,2242177159820,192
basic_appreq,1021443,2242178222333,192
basic_appreq,1008271,2242179271606,192
basic_appreq,1048168,2242180361378,192
basic_appreq,962491,2242181368780,192
basic_appreq,1011639,2242182422678,192
basic_appreq,981045,2242183445411,192
basic_appreq,1019742,2242184506968,192
basic_appreq,999473,2242185552178,192
basic_appreq,958522,2242186559070,192
basic_appreq,954565,2242187556086,192
basic_appreq,965260,2242188563476,192
basic_appreq,951905,2242189560417,192
basic_appreq,1042173,2242190644942,192
basic_appreq,1023317,2242191711534,192
basic_appreq,983885,2242192738173,192
basic_appreq,987765,2242193771906,192
basic_appreq,1031153,2242194845766,192
basic_appreq,1005237,2242195893750,192
basic_appreq,962333,2242196898325,192
basic_appreq,1001521,2242197944795,192
basic_appreq,988327,2242198975527,192
basic_appreq,1014069,2242200031942,192
basic_appreq,905981,2242200983272,192
basic_appreq,997325,2242202023731,192
basic_appreq,990719,2242203057170,192
basic_appreq,1042213,2242204142460,192
basic_appreq,973594,2242205162076,192
basic_appreq,1005605,2242206209706,192
basic_appreq,937677,2242207190224,192
basic_appreq,1000820,2242208233807,192
basic_appreq,999531,2242209279629,192
basic_appreq,1013454,2242210335872,192
basic_appreq,958487,2242211338600,192
basic_appreq,995340,2242212377392,192
basic_appreq,1002882,2242213429596,192
basic_appreq,969431,2242214443351,192
basic_appreq,1001632,2242215488143,192
basic_appreq,1021747,2242216553466,192
basic_appreq,993853,2242217593584,192
basic_appreq,864711,2242218501613,192
basic_appreq,995554,2242219540846,192
basic_appreq,913900,2242220498692,192
basic_appreq,961043,2242221506815,192
basic_appreq,955748,2242222506867,192
basic_appreq,1001840,2242223553397,192
basic_appreq,926994,2242224525438,192
basic_appreq,1037131,2242225609412,192
basic_appreq,1000156,2242226653900,192
basic_appreq,970113,2242227667592,192
basic_appreq,987692,2242228699260,192
basic_appreq,1007436,2242229756205,192
basic_appreq,1031130,2242230832468,192
basic_appreq,716903,2242231593441,192
basic_appreq,768385,2242232405364,192
basic_appreq,1054524,2242233505928,192
basic_appreq,856327,2242234406161,192
basic_appreq,940598,2242235395964,192
basic_appreq,958889,2242236399303,192
basic_appreq,925345,2242237371254,192
basic_appreq,944072,2242238359613,192
basic_appreq,752797,2242239156677,192
basic_appreq,832049,2242240032959,192
basic_appreq,801962,2242240882798,192
basic_appreq,942084,2242241869724,192
basic_appreq,1351388,2242243265375,192
basic_appreq,987702,2242244299609,192
basic_appreq,1004332,2242245350774,192
basic_appreq,1075678,2242246471033,192
basic_appreq,1011029,2242247526354,192
basic_appreq,1036737,2242248608341,192
basic_appreq,1006554,2242249661440,192
basic_appreq,932989,2242250638970,192
basic_appreq,4391989,2242255078083,192
basic_appreq,1123670,2242256248961,192
basic_appreq,1058794,2242257355603,192
basic_appreq,1050073,2242258449365,192
basic_appreq,1022620,2242259516071,192
basic_appreq,1003169,2242260564496,192
basic_appreq,1072807,2242261686565,192
basic_appreq,966601,2242262697266,192
basic_appreq,1048328,2242263791020,192
basic_appreq,1011893,2242264848517,192
basic_appreq,1020190,2242265917204,192
basic_appreq,1012013,2242266974691,192
basic_appreq,1069476,2242268089086,192
basic_appreq,980575,2242269118097,192
basic_appreq,1030822,2242270193260,192
basic_appreq,1048665,2242271285922,192
basic_appreq,1021279,2242272351438,192
basic_appreq,1034140,2242273438233,192
basic_appreq,1170818,2242274653728,192
basic_appreq,1286587,2242275985331,192
basic_appreq,1018433,2242277071397,192
basic_appreq,1070628,2242278191970,192
basic_appreq,1039166,2242279276319,192
basic_appreq,1010938,2242280334183,192
basic_appreq,1031207,2242281418378,192
basic_appreq,1026545,2242282490938,192
basic_appreq,1032860,2242283568343,192
basic_appreq,1027665,2242284641110,192
basic_appreq,999801,2242285695586,192
basic_appreq,1014001,2242286754065,192
basic_appreq,956126,2242287755270,192
basic_appreq,1006661,2242288805903,192
basic_appreq,1027672,2242289907480,192
basic_appreq,1058667,2242291011814,192
basic_appreq,1020601,2242292076388,192
basic_appreq,932034,2242293067246,192
basic_appreq,999703,2242294112504,192
basic_appreq,958825,2242295114710,192
basic_appreq,1040333,2242296198935,192
basic_appreq,964947,2242297216987,192
basic_appreq,999881,2242298261873,192
basic_appreq,1036282,2242299342299,192
basic_appreq,1065175,2242300451962,192
basic_appreq,1005697,2242301504981,192
basic_appreq,1046568,2242302596948,192
basic_appreq,956921,2242303597855,192
basic_appreq,1023281,2242304665797,192
basic_appreq,931318,2242305646191,192
basic_appreq,1054412,2242306745211,192
basic_appreq,1061106,2242307851212,192
basic_appreq,1075147,2242308970883,192
basic_appreq,926446,2242309944992,192
basic_appreq,980298,2242310969268,192
basic_appreq,1020390,2242312035974,192
basic_appreq,1009564,2242313095071,192
basic_appreq,977964,2242314118676,192
basic_appreq,928752,2242315091441,192
basic_appreq,1024680,2242316160556,192
basic_appreq,1003108,2242317210241,192
basic_appreq,975650,2242318230518,192
basic_appreq,1221233,2242319496352,192
basic_appreq,882738,2242320423551,192
basic_appreq,930931,2242321401556,192
basic_appreq,980263,2242322427677,192
basic_appreq,891880,2242323363970,192
basic_appreq,964108,2242324372165,192
basic_appreq,1008133,2242325427172,192
basic_appreq,947926,2242326418823,192
basic_appreq,1042027,2242327504956,192
basic_appreq,958144,2242328506932,192
basic_appreq,1012121,2242329566590,192
basic_appreq,1077605,2242330689329,192
basic_appreq,985563,2242331719723,192
basic_appreq,995527,2242332759771,192
basic_appreq,954020,2242333760996,192
basic_appreq,1024513,2242334830114,192
basic_appreq,955774,2242335830192,192
basic_appreq,1075968,2242336950197,192
basic_appreq,1055593,2242338054954,192
basic_appreq,948651,2242339047444,192
basic_appreq,1058617,2242340149844,192
basic_appreq,964870,2242341161546,192
basic_appreq,945948,2242342151509,192
basic_appreq,931933,2242343127399,192
basic_appreq,926998,2242344099620,192
basic_appreq,920405,2242345068412,192
basic_appreq,1051655,2242346164141,192
basic_appreq,989673,2242347198025,192
basic_appreq,1068937,2242348311417,192
basic_appreq,947908,2242349312293,192
basic_appreq,1044833,2242350401450,192
basic_appreq,997438,2242351442895,192
basic_appreq,1030514,2242352517670,192
basic_appreq,969868,2242353535722,192
basic_appreq,1028133,2242354608122,192
basic_appreq,1030666,2242355682756,192
basic_appreq,972298,2242356699368,192
basic_appreq,1017333,2242357763702,192
basic_appreq,1075904,2242358883415,192
basic_appreq,911849,2242359839400,192
basic_appreq,955213,2242360839549,192
basic_appreq,999875,2242361891215,192
basic_appreq,959477,2242362894841,192
basic_appreq,1047031,2242363986303,192
basic_appreq,964866,2242365020804,192
basic_appreq,1004699,2242366074733,192
basic_appreq,1043159,2242367162386,192
basic_appreq,1032113,2242368238645,192
basic_appreq,1016190,2242369305050,192
basic_appreq,1050095,2242370400027,192
basic_appreq,998868,2242371442919,192
basic_appreq,1029258,2242372516585,192
basic_appreq,971356,2242373536795,192
basic_appreq,970300,2242374551475,192
basic_appreq,1023936,2242375619301,192
basic_appreq,691498,2242376355134,192
basic_appreq,706135,2242377107426,192
basic_appreq,657717,2242377809222,192
basic_appreq,1015510,2242378869326,192
basic_appreq,1008452,2242379945437,192
basic_appreq,1078438,2242381069134,192
basic_appreq,974356,2242382091623,192
basic_appreq,997518,2242383133626,192
basic_appreq,1025543,2242384203389,192
basic_appreq,896440,2242385151595,192
basic_appreq,1104848,2242386300717,192
basic_appreq,1021390,2242387365465,192
basic_appreq,977724,2242388386877,192
basic_appreq,989586,2242389426765,192
basic_appreq,988978,2242390459910,192
basic_appreq,927937,2242391432171,192
basic_appreq,1013498,2242392490095,192
basic_appreq,1076242,2242393614357,192
basic_appreq,1002624,2242394662809,192
basic_appreq,991602,2242395698954,192
basic_appreq,1022315,2242396766867,192
basic_appreq,1060180,2242397874034,192
basic_appreq,982249,2242398900676,192
basic_appreq,990943,2242399936092,192
basic_appreq,1054419,2242401050971,192
basic_appreq,927117,2242402025130,192
basic_appreq,1016394,2242403085407,192
basic_appreq,1055897,2242404185199,192
basic_appreq,964187,2242405197236,192
basic_appreq,1024514,2242406266488,192
basic_appreq,1003273,2242407313112,192
basic_appreq,991457,2242408349655,192
basic_appreq,973394,2242409369641,192
basic_appreq,924067,2242410338276,192
basic_appreq,676840,2242411058788,192
basic_appreq,869608,2242411971916,192
basic_appreq,840893,2242412878021,192
basic_appreq,896163,2242413819831,192
basic_appreq,814365,2242414678635,192
basic_appreq,747808,2242415470887,192
basic_appreq,922063,2242416437398,192
basic_appreq,995009,2242417481743,192
basic_appreq,1056301,2242418582059,192
basic_appreq,1079314,2242419706505,192
basic_appreq,942017,2242420692185,192
basic_appreq,996299,2242421738628,192
basic_appreq,936137,2242422719467,192
basic_appreq,982596,2242423746957,192
basic_appreq,1037892,2242424829912,192
basic_appreq,998160,2242425875086,192
basic_appreq,1038070,2242426962108,192
basic_appreq,1058135,2242428064453,192
basic_appreq,1007539,2242429122123,192
basic_appreq,1022322,2242430188231,192
basic_appreq,1048164,2242431282266,192
basic_appreq,920569,2242432247159,192
basic_appreq,1018032,2242433314059,192
basic_appreq,978659,2242434337220,192
basic_appreq,1025306,2242435406432,192
basic_appreq,979936,2242436430729,192
basic_appreq,1018940,2242437497224,192
basic_appreq,979301,2242438521173,192
basic_appreq,1005634,2242439571248,192
basic_appreq,1020651,2242440636137,192
basic_appreq,1069452,2242441753792,192
basic_appreq,1043493,2242442841445,192
basic_appreq,968817,2242443854067,192
basic_appreq,1083056,2242444980908,192
basic_appreq,1056514,2242446085653,192
basic_appreq,963479,2242447093259,192
basic_appreq,1001658,2242448138857,192
basic_appreq,942612,2242449128153,192
basic_appreq,973010,2242450144858,192
basic_appreq,1230763,2242451420185,192
basic_appreq,1040185,2242452505482,192
basic_appreq,1010287,2242453565425,192
basic_appreq,935058,2242454544820,192
basic_appreq,1023494,2242455612859,192
basic_appreq,976909,2242456633383,192
basic_appreq,966510,2242457649032,192
basic_appreq,995046,2242458687820,192
basic_appreq,1037639,2242459769930,192
basic_appreq,982090,2242460796097,192
basic_appreq,1072640,2242461916887,192
basic_appreq,1021757,2242462982514,192
basic_appreq,1058032,2242464084986,192
basic_appreq,967633,2242465100515,192
basic_appreq,1076359,2242466221024,192
basic_appreq,988056,2242467253364,192
basic_appreq,1027862,2242468326338,192
basic_appreq,1005147,2242469377827,192
basic_appreq,1025710,2242470447367,192
basic_appreq,1015850,2242471507296,192
basic_appreq,955791,2242472507207,192
basic_appreq,887499,2242473441904,192
basic_appreq,1204412,2242474692384,192
basic_appreq,1087493,2242475823642,192
basic_appreq,995484,2242476863360,192
basic_appreq,963065,2242477876189,192
basic_appreq,1023097,2242478942984,192
basic_appreq,989976,2242479977279,192
basic_appreq,1046096,2242481088405,192
basic_appreq,945456,2242482080985,192
basic_appreq,994498,2242483119833,192
basic_appreq,986532,2242484150195,192
basic_appreq,900391,2242485097068,192
basic_appreq,1012755,2242486154297,192
basic_appreq,921501,2242487120152,192
basic_appreq,985260,2242488150423,192
basic_appreq,1003550,2242489202214,192
basic_appreq,994859,2242490241570,192
basic_appreq,1185870,2242491472035,192
basic_appreq,994287,2242492511148,192
basic_appreq,930987,2242493492664,192
basic_appreq,688030,2242494224971,192
basic_appreq,845775,2242495114612,192
basic_appreq,932816,2242496099437,192
basic_appreq,874454,2242497021603,192
basic_appreq,981673,2242498047771,192
basic_appreq,931864,2242499023440,192
basic_appreq,1013787,2242500081171,192
basic_appreq,1103091,2242501229911,192
basic_appreq,1093647,2242502368428,192
basic_appreq,1036223,2242503449358,192
basic_appreq,972318,2242504466253,192
basic_appreq,1003476,2242505520429,192
basic_appreq,991227,2242506555852,192
basic_appreq,989496,2242507589492,192
basic_appreq,1015428,2242508649969,192
basic_appreq,913993,2242509611240,192
basic_appreq,1053885,2242510724575,192
basic_appreq,960305,2242511729793,192
basic_appreq,946752,2242512720431,192
basic_appreq,1002458,2242513772548,192
basic_appreq,1097962,2242514914218,192
basic_appreq,928899,2242515887662,192
basic_appreq,1024745,2242516957569,192
basic_appreq,979920,2242517987212,192
basic_appreq,1014502,2242519045938,192
basic_appreq,1004341,2242520095673,192
basic_appreq,1015125,2242521158353,192
basic_appreq,1005912,2242522209645,192
basic_appreq,986806,2242523240748,192
basic_appreq,1280709,2242524567278,192
basic_appreq,1034341,2242525652061,192
basic_appreq,1034030,2242526731050,192
basic_appreq,1046223,2242527822071,192
basic_appreq,1019890,2242528886475,192
basic_appreq,992443,2242529926834,192
basic_appreq,1017025,2242530987622,192
basic_appreq,1036490,2242532068031,192
basic_appreq,1036342,2242533153348,192
basic_appreq,977470,2242534176502,192
basic_appreq,977103,2242535197782,192
basic_appreq,955754,2242536199203,192
basic_appreq,1011582,2242537258768,192
basic_appreq,994123,2242538296684,192
basic_appreq,987865,2242539329478,192
basic_appreq,1110626,2242540483892,192
basic_appreq,1056377,2242541586619,192
basic_appreq,1008401,2242542640150,192
basic_appreq,993830,2242543678306,192
basic_appreq,980054,2242544702603,192
basic_appreq,1015268,2242545763234,192
basic_appreq,1012024,2242546819976,192
basic_appreq,1066261,2242547932202,192
basic_appreq,974463,2242548952132,192
basic_appreq,960743,2242549960964,192
basic_appreq,1034077,2242551039699,192
basic_appreq,1099862,2242552184089,192
basic_appreq,1057143,2242553289452,192
basic_appreq,1027909,2242554359993,192
basic_appreq,983441,2242555385507,192
basic_appreq,999539,2242556428328,192
basic_appreq,994712,2242557470544,192
basic_appreq,1076462,2242558590111,192
basic_appreq,1022833,2242559655584,192
basic_appreq,966209,2242560665566,192
basic_appreq,1009040,2242561719635,192
basic_appreq,972217,2242562734833,192
basic_appreq,894846,2242563673787,192
basic_appreq,820079,2242564538317,192
basic_appreq,909559,2242565493858,192
basic_appreq,966647,2242566504612,192
basic_appreq,1050641,2242567598479,192
basic_appreq,1065456,2242568707230,192
basic_appreq,1084836,2242569838943,192
basic_appreq,1079801,2242570963105,192
basic_appreq,1069346,2242572076850,192
basic_appreq,919233,2242573072822,192
basic_appreq,963303,2242574080352,192
basic_appreq,1061202,2242575185076,192
basic_appreq,1031431,2242576260486,192
basic_appreq,1030725,2242577340263,192
basic_appreq,1034237,2242578417839,192
basic_appreq,1027932,2242579489623,192
basic_appreq,1057312,2242580590930,192
basic_appreq,962518,2242581603094,192
basic_appreq,1036159,2242582682979,192
basic_appreq,1018940,2242583746230,192
basic_appreq,957866,2242584748810,192
basic_appreq,1050053,2242585847560,192
basic_appreq,972612,2242586866788,192
basic_appreq,926544,2242587837789,192
basic_appreq,1001641,2242588883687,192
basic_appreq,1101169,2242590030968,192
basic_appreq,901810,2242590977464,192
basic_appreq,967031,2242591988685,192
basic_appreq,1015428,2242593070537,192
basic_appreq,1054572,2242594173454,192
basic_appreq,1015615,2242595233046,192
basic_appreq,963340,2242596241056,192
basic_appreq,972438,2242597262550,192
basic_appreq,1022405,2242598329636,192
basic_appreq,973456,2242599347384,192
basic_appreq,1019074,2242600410678,192
basic_appreq,1026372,2242601485170,192
basic_appreq,906886,2242602436433,192
basic_appreq,989045,2242603469591,192
basic_appreq,913372,2242604428272,192
basic_appreq,925087,2242605405669,192
basic_appreq,937825,2242606387890,192
basic_appreq,1128228,2242607560696,192
basic_appreq,1015151,2242608619721,192
basic_appreq,1059582,2242609728993,192
basic_appreq,1025323,2242610799878,192
basic_appreq,1011733,2242611856860,192
basic_appreq,1013508,2242612914475,192
basic_appreq,977975,2242613941060,192
basic_appreq,992550,2242614977272,192
basic_appreq,1050837,2242616072440,192
basic_appreq,938493,2242617059473,192
basic_appreq,1049889,2242618153184,192
basic_appreq,918604,2242619117032,192
basic_appreq,1051529,2242620213700,192
basic_appreq,1005809,2242621266269,192
basic_appreq,1072537,2242622399903,192
basic_appreq,978476,2242623423240,192
basic_appreq,1025413,2242624494340,192
basic_appreq,1103775,2242625649727,192
basic_appreq,1048445,2242626743698,192
basic_appreq,1022071,2242627810742,192
basic_appreq,1064123,2242628920127,192
basic_appreq,1036039,2242630005017,192
basic_appreq,973800,2242631023062,192
basic_appreq,1017974,2242632085501,192
basic_appreq,1018229,2242633153235,192
basic_appreq,1041007,2242634238985,192
basic_appreq,965755,2242635249147,192
basic_appreq,1005942,2242636299276,192
basic_appreq,1018142,2242637365240,192
basic_appreq,1006865,2242638419325,192
basic_appreq,963650,2242639427463,192
basic_appreq,997669,2242640470047,192
basic_appreq,951266,2242641469544,192
basic_appreq,997167,2242642510314,192
basic_appreq,1005027,2242643560780,192
basic_appreq,986077,2242644591719,192
basic_appreq,1042694,2242645684602,192
basic_appreq,1044255,2242646774063,192
basic_appreq,1023648,2242647842459,192
basic_appreq,1008725,2242648895733,192
basic_appreq,1038003,2242649981759,192
basic_appreq,980067,2242651005708,192
basic_appreq,1034200,2242652083787,192
basic_appreq,987060,2242653123197,192
basic_appreq,982295,2242654149682,192
basic_appreq,1049080,2242655244867,192
basic_appreq,1088422,2242656376724,192
basic_appreq,1002705,2242657431190,192
basic_appreq,1020761,2242658495805,192
basic_appreq,946167,2242659486039,192
basic_appreq,1055361,2242660585768,192
basic_appreq,968749,2242661601400,192
basic_appreq,1031309,2242662677205,192
basic_appreq,1039985,2242663761089,192
basic_appreq,1061590,2242664866113,192
basic_appreq,1025172,2242665938266,192
basic_appreq,983694,2242666966499,192
basic_appreq,1024266,2242668035363,192
basic_appreq,1059913,2242669145109,192
basic_appreq,930580,2242670120221,192
basic_appreq,1049117,2242671213267,192
basic_appreq,1033087,2242672290361,192
basic_appreq,976541,2242673314575,192
basic_appreq,900845,2242674260739,192
basic_appreq,1001802,2242675307359,192
basic_appreq,970931,2242676323654,192
basic_appreq,992299,2242677366332,192
basic_appreq,993455,2242678404893,192
basic_appreq,1054747,2242679504672,192
basic_appreq,1066485,2242680615834,192
basic_appreq,1026736,2242681690814,192
basic_appreq,1104470,2242682839187,192
basic_appreq,1052972,2242683936821,192
basic_appreq,1020715,2242685002084,192
basic_appreq,1064471,2242686113100,192
basic_appreq,1007161,2242687164869,192
basic_appreq,1004114,2242688212646,192
basic_appreq,1014139,2242689279271,192
basic_appreq,1093601,2242690418396,192
basic_appreq,1008131,2242691470750,192
basic_appreq,1078370,2242692592847,192
basic_appreq,961578,2242693605125,192
basic_appreq,983524,2242694634059,192
basic_appreq,1061907,2242695740885,192
basic_appreq,1003332,2242696788057,192
basic_appreq,1021422,2242697858883,192
basic_appreq,1018737,2242698922327,192
basic_appreq,992152,2242699958853,192
basic_appreq,963863,2242700992206,192
basic_appreq,983161,2242702024287,192
basic_appreq,1032924,2242703102561,192
basic_appreq,1000149,2242704147695,192
basic_appreq,973517,2242705171441,192
basic_appreq,1071578,2242706287405,192
basic_appreq,1073753,2242707405492,192
basic_appreq,990448,2242708441233,192
basic_appreq,995534,2242709492454,192
basic_appreq,1061964,2242710598265,192
basic_appreq,997967,2242711640021,192
basic_appreq,1013267,2242712697314,192
basic_appreq,982653,2242713726452,192
basic_appreq,1016017,2242714786783,192
basic_appreq,1002043,2242715832902,192
basic_appreq,976010,2242716852751,192
basic_appreq,969534,2242717871160,192
basic_appreq,973390,2242718888647,192
basic_appreq,980767,2242719914544,192
basic_appreq,1071535,2242721030790,192
basic_appreq,987962,2242722066323,192
basic_appreq,992229,2242723103210,192
basic_appreq,983154,2242724131878,192
basic_appreq,983328,2242725163181,192
basic_appreq,1047739,2242726255432,192
basic_appreq,1072205,2242727371761,192
basic_appreq,1299642,2242728715674,192
basic_appreq,1009909,2242729774859,192
basic_appreq,1007085,2242730825796,192
basic_appreq,1083935,2242731954011,192
basic_appreq,987388,2242732986123,192
basic_appreq,993886,2242734028253,192
basic_appreq,1023381,2242735111488,192
basic_appreq,1096694,2242736253439,192
basic_appreq,1355838,2242737657969,192
basic_appreq,936855,2242738638887,192
basic_appreq,1069041,2242739751457,192
basic_appreq,969985,2242740765666,192
basic_appreq,1022970,2242741835606,192
basic_appreq,1025403,2242742905637,192
basic_appreq,987992,2242743937177,192
basic_appreq,1039767,2242745022592,192
basic_appreq,986478,2242746057067,192
basic_appreq,996249,2242747098301,192
basic_appreq,982686,2242748126053,192
basic_appreq,1037274,2242749213382,192
basic_appreq,956784,2242750214496,192
basic_appreq,1017878,2242751276801,192
basic_appreq,1005010,2242752326372,192
basic_appreq,1055993,2242753429132,192
basic_appreq,913903,2242754388134,192
basic_appreq,1100932,2242755534686,192
basic_appreq,875544,2242756454343,192
basic_appreq,976414,2242757477520,192
basic_appreq,886069,2242758407810,192
basic_appreq,947464,2242759398902,192
basic_appreq,1037525,2242760481674,192
basic_appreq,995641,2242761524541,192
basic_appreq,981426,2242762549704,192
basic_appreq,1013958,2242763608063,192
basic_appreq,1009725,2242764663755,192
basic_appreq,931245,2242765645536,192
basic_appreq,995464,2242766685845,192
basic_appreq,952456,2242767682755,192
basic_appreq,1038020,2242768765243,192
basic_appreq,982824,2242769799503,192
basic_appreq,1034344,2242770878238,192
basic_appreq,1034825,2242771958116,192
basic_appreq,1018359,2242773042895,192
basic_appreq,931351,2242774020505,192
basic_appreq,1079406,2242775144122,192
basic_appreq,904413,2242776092462,192
basic_appreq,953642,2242777092279,192
basic_appreq,1003312,2242778139147,192
basic_appreq,1010035,2242779195946,192
basic_appreq,1000399,2242780240852,192
basic_appreq,975188,2242781266014,192
basic_appreq,1020253,2242782330004,192
basic_appreq,972432,2242783346896,192
basic_appreq,1051011,2242784443561,192
basic_appreq,1000850,2242785492183,192
basic_appreq,1106877,2242786643172,192
basic_appreq,986846,2242787674018,192
basic_appreq,1011335,2242788731371,192
basic_appreq,984263,2242789765024,192
basic_appreq,919382,2242790729375,192
basic_appreq,980524,2242791754421,192
basic_appreq,1015980,2242792814417,192
basic_appreq,922353,2242793784248,192
basic_appreq,993659,2242794821971,192
basic_appreq,1001211,2242795867509,192
basic_appreq,980203,2242796893379,192
basic_appreq,983120,2242797923700,192
basic_appreq,979105,2242798946677,192
basic_appreq,1055723,2242800046623,192
basic_appreq,952950,2242801046946,192
basic_appreq,1055031,2242802146457,192
basic_appreq,990278,2242803180735,192
basic_appreq,1035083,2242804260329,192
basic_appreq,935043,2242805243242,192
basic_appreq,1019161,2242806306453,192
basic_appreq,981052,2242807337432,192
basic_appreq,1054015,2242808435744,192
basic_appreq,985312,2242809468110,192
basic_appreq,1018462,2242810530529,192
basic_appreq,1024367,2242811598695,192
basic_appreq,1032837,2242812675866,192
basic_appreq,962954,2242813686727,192
basic_appreq,1027618,2242814758869,192
basic_appreq,1030695,2242815833634,192
basic_appreq,966991,2242816845040,192
basic_appreq,975709,2242817867770,192
basic_appreq,880422,2242818792649,192
basic_appreq,953362,2242819791554,192
basic_appreq,1007473,2242820843181,192
basic_appreq,992744,2242821883603,192
basic_appreq,969614,2242822897007,192
basic_appreq,1008048,2242823949131,192
basic_appreq,1098582,2242825092849,192
basic_appreq,1042901,2242826181915,192
basic_appreq,1021624,2242827247385,192
basic_appreq,1008301,2242828300214,192
basic_appreq,932956,2242829281834,192
basic_appreq,1077606,2242830404064,192
basic_appreq,993879,2242831442916,192
basic_appreq,1036399,2242832524134,192
basic_appreq,1009203,2242833580568,192
basic_appreq,970456,2242834595187,192
basic_appreq,968706,2242835608177,192
basic_appreq,964673,2242836618098,192
basic_appreq,1027632,2242837694231,192
basic_appreq,1041545,2242838779602,192
basic_appreq,976010,2242839799746,192
basic_appreq,973160,2242840818465,192
basic_appreq,972551,2242841838866,192
basic_appreq,942459,2242842826364,192
basic_appreq,972955,2242843843880,192
basic_appreq,932445,2242844820325,192
basic_appreq,1029790,2242845896490,192
basic_appreq,969197,2242846926206,192
basic_appreq,977323,2242847947338,192
basic_appreq,893470,2242848885246,192
basic_appreq,1072971,2242850006855,192
basic_appreq,996105,2242851046675,192
basic_appreq,1017995,2242852110511,192
basic_appreq,1010400,2242853168896,192
basic_appreq,1056348,2242854269100,192
basic_appreq,935502,2242855249641,192
basic_appreq,912830,2242856207016,192
basic_appreq,1003226,2242857257342,192
basic_appreq,1003223,2242858304548,192
basic_appreq,1007325,2242859358429,192
basic_appreq,1033138,2242860436058,192
basic_appreq,743488,2242861226345,192
basic_appreq,798154,2242862068826,192
basic_appreq,975789,2242863088691,192
basic_appreq,916178,2242864048800,192
basic_appreq,774486,2242864869417,192
basic_appreq,754130,2242865667804,192
basic_appreq,979061,2242866690697,192
basic_appreq,952829,2242867687745,192
basic_appreq,846320,2242868578402,192
basic_appreq,979461,2242869604683,192
basic_appreq,965551,2242870614618,192
basic_appreq,994244,2242871653346,192
basic_appreq,6585963,2242878284055,192
basic_appreq,1070222,2242879402059,192
basic_appreq,958554,2242880404743,192
basic_appreq,1036780,2242881487905,192
basic_appreq,1197094,2242882730770,192
basic_appreq,1199645,2242883975039,192
basic_appreq,1516858,2242885564555,192
basic_appreq,1224471,2242886835435,192
basic_appreq,1273763,2242888153615,192
basic_appreq,1203594,2242889407263,192
basic_appreq,1288543,2242890739889,192
basic_appreq,1197168,2242891981865,192
basic_appreq,1066853,2242893116699,192
basic_appreq,1009641,2242894172979,192
basic_appreq,971644,2242895190910,192
basic_appreq,1046040,2242896281571,192
basic_appreq,1038842,2242897368185,192
basic_appreq,1026281,2242898439074,192
basic_appreq,984932,2242899473218,192
basic_appreq,1032179,2242900550055,192
basic_appreq,1025973,2242901624252,192
basic_appreq,1003492,2242902672680,192
basic_appreq,1038046,2242903755418,192
basic_appreq,991009,2242904792977,192
basic_appreq,1029303,2242905868528,192
basic_appreq,968765,2242906881614,192
basic_appreq,936715,2242907862794,192
basic_appreq,1254208,2242909162840,192
basic_appreq,1098145,2242910311424,192
basic_appreq,1056110,2242911413411,192
basic_appreq,1045010,2242912502849,192
basic_appreq,945345,2242913494937,192
basic_appreq,1020384,2242914559545,192
basic_appreq,945109,2242915549746,192
basic_appreq,1037067,2242916631037,192
basic_appreq,985706,2242917664185,192
basic_appreq,980497,2242918688672,192
basic_appreq,1024083,2242919757697,192
basic_appreq,1030946,2242920832719,192
basic_appreq,973945,2242921855339,192
basic_appreq,986104,2242922886465,192
basic_appreq,952683,2242923910919,192
basic_appreq,1068981,2242925023980,192
basic_appreq,980431,2242926052374,192
basic_appreq,1019268,2242927116109,192
basic_appreq,924150,2242928083972,192
basic_appreq,1006614,2242929143407,192
basic_appreq,1037923,2242930225243,192
basic_appreq,928140,2242931197851,192
basic_appreq,954739,2242932197762,192
basic_appreq,948677,2242933196761,192
basic_appreq,960151,2242934201941,192
basic_appreq,986645,2242935233007,192
basic_appreq,1003513,2242936280053,192
basic_appreq,1011212,2242937337586,192
basic_appreq,957939,2242938341219,192
basic_appreq,1271988,2242939657522,192
basic_appreq,1000219,2242940701629,192
basic_appreq,1037348,2242941789524,192
basic_appreq,976061,2242942810809,192
basic_appreq,1203820,2242944058834,192
basic_appreq,1076683,2242945185766,192
basic_appreq,972499,2242946202213,192
basic_appreq,1047115,2242947293281,192
basic_appreq,1050215,2242948387433,192
basic_appreq,1020648,2242949457795,192
basic_appreq,993282,2242950495410,192
basic_appreq,994698,2242951534632,192
basic_appreq,1058155,2242952637890,192
basic_appreq,1029967,2242953715175,192
basic_appreq,1001702,2242954761284,192
basic_appreq,1392671,2242956198275,192
basic_appreq,1039370,2242957288996,192
basic_appreq,1040510,2242958373375,192
basic_appreq,1018994,2242959436983,192
basic_appreq,1057403,2242960539179,192
basic_appreq,993954,2242961581719,192
basic_appreq,1041578,2242962668497,192
basic_appreq,964872,2242963677763,192
basic_appreq,1026236,2242964748205,192
basic_appreq,973735,2242965783124,192
basic_appreq,915169,2242966742971,192
basic_appreq,1071280,2242967858291,192
basic_appreq,1011509,2242968913877,192
basic_appreq,1014377,2242969978267,192
basic_appreq,1087259,2242971109820,192
basic_appreq,956195,2242972110182,192
basic_appreq,1024755,2242973181722,192
basic_appreq,986673,2242974213624,192
basic_appreq,1034554,2242975292059,192
basic_appreq,973617,2242976310404,192
basic_appreq,992593,2242977352551,192
basic_appreq,965153,2242978361674,192
basic_appreq,1019539,2242979425890,192
basic_appreq,998110,2242980469153,192
basic_appreq,1020351,2242981537229,192
basic_appreq,883108,2242982464715,192
basic_appreq,1067942,2242983577087,192
basic_appreq,1090051,2242984711059,192
basic_appreq,979502,2242985739322,192
basic_appreq,1010216,2242986793187,192
basic_appreq,1019778,2242987856408,192
basic_appreq,1042150,2242988943125,192
basic_appreq,965351,2242989955604,192
basic_appreq,1040303,2242991039931,192
basic_appreq,1066539,2242992150507,192
basic_appreq,1035871,2242993235196,192
basic_appreq,967409,2242994246244,192
basic_appreq,999222,2242995289416,192
basic_appreq,971579,2242996305948,192
basic_appreq,999266,2242997352819,192
basic_appreq,975696,2242998374155,192
basic_appreq,970507,2242999388648,192
basic_appreq,945299,2243000378117,192
basic_appreq,981422,2243001408806,192
basic_appreq,994547,2243002447273,192
basic_appreq,1020617,2243003512696,192
basic_appreq,1031835,2243004591311,192
basic_appreq,1003547,2243005642095,192
basic_appreq,1020260,2243006706952,192
basic_appreq,1006839,2243007758705,192
basic_appreq,971165,2243008775283,192
basic_appreq,990498,2243009813467,192
basic_appreq,973303,2243010831665,192
basic_appreq,1022585,2243011897717,192
basic_appreq,1035908,2243012978620,192
basic_appreq,950367,2243013976529,192
basic_appreq,1018823,2243015040255,192
basic_appreq,953706,2243016039357,192
basic_appreq,1058412,2243017147844,192
basic_appreq,1036051,2243018228103,192
basic_appreq,975555,2243019247644,192
basic_appreq,1044897,2243020337490,192
basic_appreq,988323,2243021372075,192
basic_appreq,1003924,2243022420329,192
basic_appreq,1022296,2243023486283,192
basic_appreq,1000689,2243024530662,192
basic_appreq,1033459,2243025610125,192
basic_appreq,983786,2243026637682,192
basic_appreq,960529,2243027642201,192
basic_appreq,995387,2243028682681,192
basic_appreq,950258,2243029686775,192
basic_appreq,1141206,2243030872482,192
basic_appreq,1020354,2243031936588,192
basic_appreq,1045411,2243033026988,192
basic_appreq,1032260,2243034108786,192
basic_appreq,1027591,2243035183355,192
basic_appreq,1089637,2243036316792,192
basic_appreq,1019582,2243037386786,192
basic_appreq,1086390,2243038517994,192
basic_appreq,1336605,2243039898994,192
basic_appreq,1020377,2243040963297,192
basic_appreq,1038685,2243042049651,192
basic_appreq,1384495,2243043478451,192
basic_appreq,1053156,2243044575177,192
basic_appreq,1072483,2243045696785,192
basic_appreq,995787,2243046736653,192
basic_appreq,1117822,2243047898425,192
basic_appreq,998955,2243048941728,192
basic_appreq,1328147,2243050323656,192
basic_appreq,1039463,2243051407717,192
basic_appreq,1070773,2243052523137,192
basic_appreq,1039614,2243053612093,192
basic_appreq,1037195,2243054694507,192
basic_appreq,1048194,2243055787520,192
basic_appreq,1051445,2243056883714,192
basic_appreq,996646,2243057928764,192
basic_appreq,1022466,2243058996208,192
basic_appreq,1037845,2243060078522,192
basic_appreq,958568,2243061088738,192
basic_appreq,1038805,2243062172130,192
basic_appreq,977136,2243063194462,192
basic_appreq,1016241,2243064255013,192
basic_appreq,1033870,2243065335783,192
basic_appreq,977948,2243066358389,192
basic_appreq,1016254,2243067418826,192
basic_appreq,983518,2243068446320,192
basic_appreq,1010036,2243069504118,192
basic_appreq,1005358,2243070554508,192
basic_appreq,1024972,2243071624916,192
basic_appreq,1034394,2243072704106,192
basic_appreq,1021646,2243073774203,192
basic_appreq,1008629,2243074827156,192
basic_appreq,977620,2243075849370,192
basic_appreq,1066061,2243076959314,192
basic_appreq,1059375,2243078065633,192
basic_appreq,987808,2243079115374,192
basic_appreq,984921,2243080144686,192
basic_appreq,1023501,2243081217654,192
basic_appreq,1008923,2243082271695,192
basic_appreq,1012602,2243083329002,192
basic_appreq,1151685,2243084524984,192
basic_appreq,936545,2243085509782,192
basic_appreq,1024895,2243086579571,192
basic_appreq,1040900,2243087665350,192
basic_appreq,959921,2243088669431,192
basic_appreq,914955,2243089632400,192
basic_appreq,1069810,2243090746263,192
basic_appreq,1010640,2243091801157,192
basic_appreq,960155,2243092805515,192
basic_appreq,1003346,2243093861478,192
basic_appreq,1049557,2243094955741,192
basic_appreq,970777,2243095971403,192
basic_appreq,1085448,2243097125052,192
basic_appreq,1040376,2243098212057,192
basic_appreq,1006012,2243099262464,192
basic_appreq,1090206,2243100396960,192
basic_appreq,971685,2243101419149,192
basic_appreq,1018573,2243102482770,192
basic_appreq,1000222,2243103527753,192
basic_appreq,1011630,2243104584488,192
basic_appreq,1023508,2243105657071,192
basic_appreq,1025974,2243106726735,192
basic_appreq,1068353,2243107840177,192
basic_appreq,1027935,2243108912279,192
basic_appreq,942375,2243109902316,192
basic_appreq,1005241,2243110952613,192
basic_appreq,998103,2243111996159,192
basic_appreq,983267,2243113062404,192
basic_appreq,1021386,2243114127743,192
basic_appreq,1017591,2243115189801,192
basic_appreq,970263,2243116203722,192
basic_appreq,996592,2243117247586,192
basic_appreq,964372,2243118257358,192
basic_appreq,988951,2243119290866,192
basic_appreq,1017715,2243120353115,192
basic_appreq,938469,2243121339750,192
basic_appreq,1067403,2243122451044,192
basic_appreq,996857,2243123492312,192
basic_appreq,1000987,2243124537726,192
basic_appreq,1010142,2243125595831,192
basic_appreq,1046416,2243126685776,192
basic_appreq,1003132,2243127733804,192
basic_appreq,1014981,2243128793957,192
basic_appreq,952099,2243129795445,192
basic_appreq,987532,2243130827066,192
basic_appreq,866345,2243131738540,192
basic_appreq,990926,2243132775254,192
basic_appreq,929150,2243133751120,192
basic_appreq,659186,2243134454086,192
basic_appreq,706628,2243135204183,192
basic_appreq,752589,2243135992960,192
basic_appreq,776555,2243136837238,192
basic_appreq,961936,2243137843484,192
basic_appreq,1012501,2243138899538,192
basic_appreq,1028353,2243139971630,192
basic_appreq,984962,2243141024085,192
basic_appreq,994144,2243142065266,192
basic_appreq,993546,2243143103402,192
basic_appreq,1031801,2243144179714,192
basic_appreq,946859,2243145175907,192
basic_appreq,985820,2243146205597,192
basic_appreq,982472,2243147232883,192
basic_appreq,1028176,2243148305016,192
basic_appreq,1056698,2243149410622,192
basic_appreq,1025433,2243150479955,192
basic_appreq,1025203,2243151549634,192
basic_appreq,1098289,2243152692294,192
basic_appreq,967763,2243153709807,192
basic_appreq,1004017,2243154757387,192
basic_appreq,968883,2243155770123,192
basic_appreq,1040974,2243156855393,192
basic_appreq,1031845,2243157937694,192
basic_appreq,996787,2243158979729,192
basic_appreq,1029045,2243160053810,192
basic_appreq,1004445,2243161107561,192
basic_appreq,992413,2243162146292,192
basic_appreq,994044,2243163184870,192
basic_appreq,859746,2243164088969,192
basic_appreq,980772,2243165117640,192
basic_appreq,996218,2243166157574,192
basic_appreq,1044345,2243167246454,192
basic_appreq,1032162,2243168323040,192
basic_appreq,1034849,2243169410379,192
basic_appreq,1026635,2243170481055,192
basic_appreq,935101,2243171460446,192
basic_appreq,1047179,2243172552039,192
basic_appreq,976531,2243173577118,192
basic_appreq,946683,2243174568819,192
basic_appreq,1032319,2243175645024,192
basic_appreq,992213,2243176682606,192
basic_appreq,960326,2243177696117,192
basic_appreq,1045451,2243178785918,192
basic_appreq,975041,2243179805297,192
basic_appreq,1004953,2243180854159,192
basic_appreq,1022011,2243181925606,192
basic_appreq,951645,2243182920876,192
basic_appreq,1073482,2243184038328,192
basic_appreq,1116953,2243185203178,192
basic_appreq,1110556,2243186357542,192
basic_appreq,913219,2243187314967,192
basic_appreq,993241,2243188352810,192
basic_appreq,978265,2243189398041,192
basic_appreq,1017677,2243190459921,192
basic_appreq,1001578,2243191506749,192
basic_appreq,1023297,2243192576101,192
basic_appreq,1013854,2243193637241,192
basic_appreq,1058971,2243194741066,192
basic_appreq,1329374,2243196113905,192
basic_appreq,998675,2243197160108,192
basic_appreq,996723,2243198201462,192
basic_appreq,999918,2243199247492,192
basic_appreq,1045871,2243200337547,192
basic_appreq,975622,2243201365763,192
basic_appreq,1005852,2243202415782,192
basic_appreq,1000971,2243203460725,192
basic_appreq,967600,2243204474089,192
basic_appreq,1171299,2243205694136,192
basic_appreq,963299,2243206701087,192
basic_appreq,947748,2243207692625,192
basic_appreq,974516,2243208712003,192
basic_appreq,956639,2243209717597,192
basic_appreq,984577,2243210747231,192
basic_appreq,1061199,2243211852396,192
basic_appreq,1058476,2243212955172,192
basic_appreq,925765,2243213928509,192
basic_appreq,957277,2243214929984,192
basic_appreq,1022185,2243215996372,192
basic_appreq,1007824,2243217077192,192
basic_appreq,1045614,2243218167261,192
basic_appreq,961161,2243219172582,192
basic_appreq,1079049,2243220296495,192
basic_appreq,960697,2243221306287,192
basic_appreq,1007991,2243222359978,192
basic_appreq,995762,2243223400277,192
basic_appreq,970650,2243224416474,192
basic_appreq,1024337,2243225488703,192
basic_appreq,992888,2243226527107,192
basic_appreq,956747,2243227528338,192
basic_appreq,1026108,2243228599842,192
basic_appreq,1050871,2243229698819,192
basic_appreq,924154,2243230667391,192
basic_appreq,983408,2243231695401,192
basic_appreq,974439,2243232714020,192
basic_appreq,1010964,2243233772055,192
basic_appreq,1012044,2243234832331,192
basic_appreq,998624,2243235875340,192
basic_appreq,1035780,2243236954857,192
basic_appreq,985793,2243237994958,192
basic_appreq,999995,2243239039230,192
basic_appreq,1014108,2243240097726,192
basic_appreq,1000769,2243241148386,192
basic_appreq,1033532,2243242226529,192
basic_appreq,999256,2243243271580,192
basic_appreq,978646,2243244294704,192
basic_appreq,1210874,2243245553113,192
basic_appreq,967479,2243246566894,192
basic_appreq,997415,2243247608352,192
basic_appreq,996119,2243248649036,192
basic_appreq,934580,2243249630896,192
basic_appreq,660309,2243250335847,192
basic_appreq,742004,2243251121932,192
basic_appreq,779455,2243251945332,192
basic_appreq,746171,2243252736091,192
basic_appreq,1032771,2243253817114,192
basic_appreq,963285,2243254824397,192
basic_appreq,1014169,2243255883775,192
basic_appreq,960225,2243256891050,192
basic_appreq,1002565,2243257941082,192
basic_appreq,1011473,2243258997156,192
basic_appreq,1045083,2243260086342,192
basic_appreq,1062794,2243261198656,192
basic_appreq,965030,2243262206883,192
basic_appreq,1032730,2243263283623,192
basic_appreq,1054743,2243264383539,192
basic_appreq,915307,2243265348452,192
basic_appreq,1004459,2243266396891,192
basic_appreq,992373,2243267433083,192
basic_appreq,1018305,2243268495903,192
basic_appreq,984781,2243269528650,192
basic_appreq,1008582,2243270582445,192
basic_appreq,1002289,2243271630274,192
basic_appreq,1052251,2243272727892,192
basic_appreq,876917,2243273652885,192
basic_appreq,896217,2243274593125,192
basic_appreq,933790,2243275571337,192
basic_appreq,963634,2243276579387,192
basic_appreq,932779,2243277559624,192
basic_appreq,946395,2243278550125,192
basic_appreq,1057944,2243279652956,192
basic_appreq,961134,2243280658674,192
basic_appreq,992657,2243281698668,192
basic_appreq,975766,2243282718955,192
basic_appreq,1014965,2243283780185,192
basic_appreq,971867,2243284796422,192
basic_appreq,1047559,2243285892576,192
basic_appreq,979499,2243286917253,192
basic_appreq,997445,2243287958819,192
basic_appreq,981496,2243289007881,192
basic_appreq,997835,2243290051752,192
basic_appreq,1037817,2243291135552,192
basic_appreq,993542,2243292173198,192
basic_appreq,1017667,2243293241180,192
basic_appreq,1024273,2243294309389,192
basic_appreq,984526,2243295339043,192
basic_appreq,1081117,2243296464016,192
basic_appreq,1021099,2243297533034,192
basic_appreq,1055475,2243298633141,192
basic_appreq,1025569,2243299702737,192
basic_appreq,1007693,2243300769423,192
basic_appreq,1008217,2243301824537,192
basic_appreq,997936,2243302867178,192
basic_appreq,1004877,2243303916151,192
basic_appreq,982979,2243304942977,192
basic_appreq,1056755,2243306049636,192
basic_appreq,1013370,2243307106802,192
basic_appreq,1013006,2243308164172,192
basic_appreq,983822,2243309198193,192
basic_appreq,1072847,2243310317161,192
basic_appreq,998534,2243311360811,192
basic_appreq,1020557,2243312425990,192
basic_appreq,979303,2243313453411,192
basic_appreq,992858,2243314490575,192
basic_appreq,1040201,2243315575061,192
basic_appreq,1020849,2243316639835,192
basic_appreq,951385,2243317641477,192
basic_appreq,1000900,2243318685979,192
basic_appreq,1048442,2243319779293,192
basic_appreq,967469,2243320791086,192
basic_appreq,907921,2243321750914,192
basic_appreq,985978,2243322781058,192
basic_appreq,1014245,2243323840031,192
basic_appreq,912646,2243324796247,192
basic_appreq,1010681,2243325855789,192
basic_appreq,955370,2243326855870,192
basic_appreq,1012295,2243327912451,192
basic_appreq,938321,2243328895057,192
basic_appreq,1015903,2243329958946,192
basic_appreq,998233,2243331001450,192
basic_appreq,1040138,2243332085925,192
basic_appreq,1021607,2243333162391,192
basic_appreq,1023922,2243334231212,192
basic_appreq,981704,2243335259806,192
basic_appreq,1070949,2243336374762,192
basic_appreq,954183,2243337377259,192
basic_appreq,1015462,2243338436948,192
basic_appreq,931946,2243339412831,192
basic_appreq,1017260,2243340474355,192
basic_appreq,876716,2243341396655,192
basic_appreq,998565,2243342439606,192
basic_appreq,902762,2243343386546,192
basic_appreq,973634,2243344403909,192
basic_appreq,912209,2243345362764,192
basic_appreq,1079172,2243346486912,192
basic_appreq,958327,2243347489833,192
basic_appreq,1019769,2243348554938,192
basic_appreq,935923,2243349538734,192
basic_appreq,1076292,2243350659170,192
basic_appreq,1002103,2243351705730,192
basic_appreq,1017132,2243352767534,192
basic_appreq,999634,2243353819013,192
basic_appreq,1012114,2243354875748,192
basic_appreq,984426,2243355904288,192
basic_appreq,1026185,2243356974994,192
basic_appreq,903992,2243357928830,192
basic_appreq,1020190,2243358993461,192
basic_appreq,1033622,2243360071679,192
basic_appreq,1024269,2243361146674,192
basic_appreq,885969,2243362077174,192
basic_appreq,886767,2243363009277,192
basic_appreq,997111,2243364050906,192
basic_appreq,896325,2243364994133,192
basic_appreq,955994,2243365994024,192
basic_appreq,938152,2243366976530,192
basic_appreq,962209,2243367982506,192
basic_appreq,957335,2243369005058,192
basic_appreq,993001,2243370045637,192
basic_appreq,1023721,2243371113439,192
basic_appreq,1013644,2243372171675,192
basic_appreq,896107,2243373117247,192
basic_appreq,970069,2243374131423,192
basic_appreq,1363280,2243375539408,192
basic_appreq,1023053,2243376606584,192
basic_appreq,994771,2243377648187,192
basic_appreq,1034435,2243378726794,192
basic_appreq,1020062,2243379790677,192
basic_appreq,965377,2243380799923,192
basic_appreq,1039900,2243381888389,192
basic_appreq,1002624,2243382935697,192
basic_appreq,984698,2243383965507,192
basic_appreq,1008956,2243385045121,192
basic_appreq,1023651,2243386120143,192
basic_appreq,996382,2243387161201,192
basic_appreq,1016214,2243388222457,192
basic_appreq,980968,2243389251708,192
basic_appreq,1016958,2243390313900,192
basic_appreq,1260788,2243391618969,192
basic_appreq,1021002,2243392684221,192
basic_appreq,982251,2243393713901,192
basic_appreq,1004131,2243394762482,192
basic_appreq,1032346,2243395839476,192
basic_appreq,1053016,2243396936820,192
basic_appreq,1013129,2243397998654,192
basic_appreq,1036861,2243399079120,192
basic_appreq,964505,2243400087913,192
basic_appreq,1034237,2243401172064,192
basic_appreq,987966,2243402204236,192
basic_appreq,1060040,2243403308536,192
basic_appreq,986977,2243404339819,192
basic_appreq,993251,2243405381021,192
basic_appreq,982355,2243406407168,192
basic_appreq,968118,2243407422380,192
basic_appreq,988447,2243408455715,192
basic_appreq,1053885,2243409560763,192
basic_appreq,968848,2243410573699,192
basic_appreq,1028664,2243411663751,192
basic_appreq,1012668,2243412720166,192
basic_appreq,1016488,2243413784726,192
basic_appreq,961796,2243414791688,192
basic_appreq,1036650,2243415874483,192
basic_appreq,1022780,2243416941463,192
basic_appreq,1045775,2243418035474,192
basic_appreq,991473,2243419071803,192
basic_appreq,983491,2243420098937,192
basic_appreq,984103,2243421132336,192
basic_appreq,1016782,2243422193487,192
basic_appreq,962678,2243423200973,192
basic_appreq,1043008,2243424300987,192
basic_appreq,951604,2243425301609,192
basic_appreq,970259,2243426316062,192
basic_appreq,966617,2243427327060,192
basic_appreq,1010236,2243428381292,192
basic_appreq,1022817,2243429454016,192
basic_appreq,1011973,2243430510544,192
basic_appreq,1002323,2243431556911,192
basic_appreq,1016475,2243432619095,192
basic_appreq,995263,2243433662425,192
basic_appreq,1009807,2243434716213,192
basic_appreq,993552,2243435754671,192
basic_appreq,989927,2243436788921,192
basic_appreq,995523,2243437832655,192
basic_appreq,1008077,2243438884735,192
basic_appreq,985392,2243439914314,192
basic_appreq,1021727,2243440980048,192
basic_appreq,996507,2243442026267,192
basic_appreq,1030204,2243443102116,192
basic_appreq,968953,2243444115486,192
basic_appreq,990392,2243445155651,192
basic_appreq,976998,2243446177625,192
basic_appreq,1030943,2243447252524,192
basic_appreq,951938,2243448249100,192
basic_appreq,976130,2243449273651,192
basic_appreq,1031825,2243450350765,192
basic_appreq,994568,2243451390339,192
basic_appreq,987701,2243452421736,192
basic_appreq,996081,2243453466085,192
basic_appreq,1254058,2243454764901,192
basic_appreq,1036843,2243455846300,192
basic_appreq,1023285,2243456913610,192
basic_appreq,1004919,2243457967384,192
basic_appreq,1015689,2243459027976,192
basic_appreq,1008812,2243460080861,192
basic_appreq,998575,2243461136791,192
basic_appreq,1019950,2243462200967,192
basic_appreq,994378,2243463240380,192
basic_appreq,1003790,2243464287710,192
basic_appreq,992463,2243465328332,192
basic_appreq,1006849,2243466383263,192
basic_appreq,956911,2243467383902,192
basic_appreq,1041328,2243468470436,192
basic_appreq,958555,2243469481027,192
basic_appreq,1008943,2243470534711,192
basic_appreq,961261,2243471539938,192
basic_appreq,1026636,2243472610867,192
basic_appreq,989679,2243473654815,192
basic_appreq,1032293,2243474731468,192
basic_appreq,987467,2243475763430,192
basic_appreq,1014934,2243476822117,192
basic_appreq,996439,2243477870237,192
basic_appreq,1028166,2243478942533,192
basic_appreq,1043183,2243480029852,192
basic_appreq,1023167,2243481102372,192
basic_appreq,1017818,2243482165757,192
basic_appreq,1001027,2243483211221,192
basic_appreq,977103,2243484233539,192
basic_appreq,1000790,2243485281797,192
basic_appreq,1012047,2243486338723,192
basic_appreq,980183,2243487362635,192
basic_appreq,1003102,2243488409888,192
basic_appreq,1016832,2243489477767,192
basic_appreq,960803,2243490483752,192
basic_appreq,1021513,2243491550113,192
basic_appreq,960492,2243492554867,192
basic_appreq,1023007,2243493630253,192
basic_appreq,971947,2243494646690,192
basic_appreq,1025901,2243495716802,192
basic_appreq,928167,2243496689273,192
basic_appreq,995052,2243497732308,192
basic_appreq,1023856,2243498800838,192
basic_appreq,1020721,2243499865746,192
basic_appreq,937770,2243500847547,192
basic_appreq,978296,2243501873521,192
basic_appreq,1046654,2243502965003,192
basic_appreq,971211,2243503980455,192
basic_appreq,971171,2243505022121,192
basic_appreq,1013885,2243506083848,192
basic_appreq,1018703,2243507146588,192
basic_appreq,1033642,2243508223792,192
basic_appreq,1030501,2243509300679,192
basic_appreq,1001491,2243510347002,192
basic_appreq,1003603,2243511395046,192
basic_appreq,966894,2243512405944,192
basic_appreq,1006948,2243513462024,192
basic_appreq,980173,2243514486785,192
basic_appreq,1009207,2243515540396,192
basic_appreq,950809,2243516536865,192
basic_appreq,1022996,2243517610611,192
basic_appreq,963469,2243518618040,192
basic_appreq,1012632,2243519674501,192
basic_appreq,994087,2243520713166,192
basic_appreq,977741,2243521738031,192
basic_appreq,953623,2243522754756,192
basic_appreq,991988,2243523790937,192
basic_appreq,956566,2243524791226,192
basic_appreq,994966,2243525836818,192
basic_appreq,880358,2243526761216,192
basic_appreq,1024513,2243527830459,192
basic_appreq,936227,2243528810294,192
basic_appreq,1015007,2243529875118,192
basic_appreq,980260,2243530898811,192
basic_appreq,981800,2243531924965,192
basic_appreq,948874,2243532917755,192
basic_appreq,995456,2243533959267,192
basic_appreq,1047620,2243535051484,192
basic_appreq,942388,2243536038444,192
basic_appreq,1084131,2243537171630,192
basic_appreq,934704,2243538149675,192
basic_appreq,982981,2243539176889,192
basic_appreq,1039152,2243540261391,192
basic_appreq,949238,2243541258415,192
basic_appreq,952917,2243542257090,192
basic_appreq,998932,2243543300599,192
basic_appreq,1017062,2243544362848,192
basic_appreq,24438469,2243568848681,192
basic_appreq,1082485,2243569979472,192
basic_appreq,1062152,2243571086038,192
basic_appreq,1095165,2243572225196,192
basic_appreq,1400666,2243573675609,192
basic_appreq,1059031,2243574779582,192
basic_appreq,4996364,2243579822131,192
basic_appreq,1388186,2243581257364,192
basic_appreq,1086173,2243582395987,192
basic_appreq,1042156,2243583483821,192
basic_appreq,1097637,2243584625572,192
basic_appreq,1111925,2243585790940,192
basic_appreq,1089668,2243586924353,192
basic_appreq,1322864,2243588291963,192
basic_appreq,1366932,2243589709019,192
basic_appreq,1144123,2243590897857,192
basic_appreq,1223054,2243592169435,192
basic_appreq,1208404,2243593430103,192
basic_appreq,1429697,2243594905453,192
basic_appreq,1207787,2243596158620,192
basic_appreq,1430331,2243597635017,192
basic_appreq,1188497,2243598867921,192
basic_appreq,1170808,2243600084299,192
basic_appreq,1337063,2243601472502,192
basic_appreq,1100517,2243602616685,192
basic_appreq,1000318,2243603661224,192
basic_appreq,1096811,2243604802868,192
basic_appreq,1002624,2243605856612,192
basic_appreq,1116159,2243607016928,192
basic_appreq,1026429,2243608088168,192
basic_appreq,1033809,2243609174043,192
basic_appreq,1020097,2243610239579,192
basic_appreq,1076355,2243611360600,192
basic_appreq,1020181,2243612424770,192
basic_appreq,1055227,2243613529959,192
basic_appreq,1003310,2243614577358,192
basic_appreq,1105095,2243615726169,192
basic_appreq,1017240,2243616787626,192
basic_appreq,1097871,2243617934816,192
basic_appreq,1015853,2243618995414,192
basic_appreq,1097824,2243620138120,192
basic_appreq,1030986,2243621223444,192
basic_appreq,1413755,2243622681169,192
basic_appreq,1029664,2243623755546,192
basic_appreq,1058135,2243624858213,192
basic_appreq,994264,2243625901301,192
basic_appreq,1367867,2243627316677,192
basic_appreq,1036953,2243628398666,192
basic_appreq,1073162,2243629524705,192
basic_appreq,1022222,2243630591472,192
basic_appreq,1057640,2243631692908,192
basic_appreq,1030785,2243632769608,192
basic_appreq,1019361,2243633836701,192
basic_appreq,994561,2243634875804,192
basic_appreq,1119673,2243636040066,192
basic_appreq,990064,2243637082991,192
basic_appreq,1087229,2243638214543,192
basic_appreq,1012912,2243639272161,192
basic_appreq,1062533,2243640384253,192
basic_appreq,991954,2243641431662,192
basic_appreq,1025143,2243642502597,192
basic_appreq,1017353,2243643565715,192
basic_appreq,1092111,2243644702617,192
basic_appreq,993819,2243645747998,192
basic_appreq,1082908,2243646874883,192
basic_appreq,1021820,2243647941177,192
basic_appreq,1089060,2243649074517,192
basic_appreq,1040408,2243650163681,192
basic_appreq,1062031,2243651270257,192
basic_appreq,1030141,2243652346102,192
basic_appreq,1071782,2243653467493,192
basic_appreq,1005047,2243654517843,192
basic_appreq,1078114,2243655640661,192
basic_appreq,1005250,2243656689988,192
basic_appreq,1065289,2243657808800,192
basic_appreq,997728,2243658851507,192
basic_appreq,1101460,2243659996873,192
basic_appreq,1018833,2243661088049,192
basic_appreq,1069072,2243662202139,192
basic_appreq,997275,2243663245591,192
basic_appreq,1079167,2243664370137,192
basic_appreq,1019866,2243665441708,192
basic_appreq,1317906,2243666804473,192
basic_appreq,1027017,2243667877104,192
basic_appreq,1043112,2243668981724,192
basic_appreq,1014416,2243670047775,192
basic_appreq,1044859,2243671139074,192
basic_appreq,1045614,2243672229123,192
basic_appreq,1072125,2243673353245,192
basic_appreq,1041161,2243674439056,192
basic_appreq,1050654,2243675534191,192
basic_appreq,1023194,2243676602243,192
basic_appreq,1049324,2243677704441,192
basic_appreq,1010830,2243678761230,192
basic_appreq,1048720,2243679853625,192
basic_appreq,1029971,2243680928380,192
basic_appreq,1089778,2243682069395,192
basic_appreq,1007927,2243683120981,192
basic_appreq,1034146,2243684198597,192
basic_appreq,1046658,2243685303188,192
basic_appreq,1099037,2243686447287,192
basic_appreq,1005638,2243687497456,192
basic_appreq,1071494,2243688615132,192
basic_appreq,1009728,2243689675783,192
basic_appreq,1042163,2243690762611,192
basic_appreq,1006637,2243691814404,192
basic_appreq,1065440,2243692923807,192
basic_appreq,1004161,2243693975299,192
basic_appreq,1083466,2243695102722,192
basic_appreq,1338978,2243696486638,192
basic_appreq,1076302,2243697622207,192
basic_appreq,992693,2243698661022,192
basic_appreq,1418342,2243700123505,192
basic_appreq,999052,2243701169754,192
basic_appreq,1099802,2243702314399,192
basic_appreq,1039316,2243703398440,192
basic_appreq,1046295,2243704489147,192
basic_appreq,987641,2243705523982,192
basic_appreq,1094884,2243706662615,192
basic_appreq,995380,2243707701808,192
basic_appreq,1071083,2243708818040,192
basic_appreq,1072894,2243709939666,192
basic_appreq,1029536,2243711013074,192
basic_appreq,1051122,2243712108326,192
basic_appreq,1059793,2243713218310,192
basic_appreq,1042568,2243714306120,192
basic_appreq,1057600,2243715410179,192
basic_appreq,1027627,2243716481744,192
basic_appreq,1087396,2243717617583,192
basic_appreq,1039022,2243718700619,192
basic_appreq,1379095,2243720125644,192
basic_appreq,995591,2243721171125,192
basic_appreq,1374118,2243722588896,192
basic_appreq,1026759,2243723659863,192
basic_appreq,1337851,2243725042683,192
basic_appreq,1000896,2243726090309,192
basic_appreq,1421905,2243727557283,192
basic_appreq,1135893,2243728738665,192
basic_appreq,1151983,2243729940211,192
basic_appreq,1413945,2243731397565,192
basic_appreq,1192995,2243732635452,192
basic_appreq,1405218,2243734088398,192
basic_appreq,1074180,2243735207243,192
basic_appreq,1405691,2243736657767,192
basic_appreq,1363256,2243738068284,192
basic_appreq,1031060,2243739144419,192
basic_appreq,1351916,2243740540094,192
basic_appreq,1048267,2243741638977,192
basic_appreq,1092524,2243742776010,192
basic_appreq,1054804,2243743875428,192
basic_appreq,1036581,2243744958653,192
basic_appreq,1045301,2243746055455,192
basic_appreq,1033623,2243747133742,192
basic_appreq,1086246,2243748265473,192
basic_appreq,978957,2243749294050,192
basic_appreq,1043918,2243750381900,192
basic_appreq,994842,2243751422182,192
basic_appreq,1011913,2243752479201,192
basic_appreq,996576,2243753527171,192
basic_appreq,972414,2243754544715,192
basic_appreq,1020002,2243755610272,192
basic_appreq,1009029,2243756665035,192
basic_appreq,1008454,2243757723782,192
basic_appreq,1008860,2243758779013,192
basic_appreq,1028022,2243759852429,192
basic_appreq,1004027,2243760902370,192
basic_appreq,961792,2243761912419,192
basic_appreq,1045798,2243763002555,192
basic_appreq,1055265,2243764103330,192
basic_appreq,1016695,2243765171459,192
basic_appreq,973821,2243766190871,192
basic_appreq,1052512,2243767288371,192
basic_appreq,989613,2243768322622,192
basic_appreq,1011335,2243769383009,192
basic_appreq,934751,2243770361745,192
basic_appreq,1000830,2243771406622,192
basic_appreq,968141,2243772419858,192
basic_appreq,1015485,2243773482551,192
basic_appreq,1000763,2243774527635,192
basic_appreq,986238,2243775558307,192
basic_appreq,994355,2243776597091,192
basic_appreq,1058636,2243777707300,192
basic_appreq,983919,2243778734964,192
basic_appreq,996131,2243779775787,192
basic_appreq,981928,2243780802279,192
basic_appreq,1086319,2243781936866,192
basic_appreq,1008625,2243782989965,192
basic_appreq,1048732,2243784085514,192
basic_appreq,998898,2243785136288,192
basic_appreq,1005417,2243786204555,192
basic_appreq,1039768,2243787288011,192
basic_appreq,1021480,2243788354935,192
basic_appreq,982689,2243789388764,192
basic_appreq,1002517,2243790434900,192
basic_appreq,998159,2243791477344,192
basic_appreq,1009384,2243792530641,192
basic_appreq,959449,2243793537448,192
basic_appreq,1000920,2243794583254,192
basic_appreq,1024941,2243795653117,192
basic_appreq,1090951,2243796787496,192
basic_appreq,1002602,2243797838460,192
basic_appreq,1015506,2243798898510,192
basic_appreq,1022946,2243799965079,192
basic_appreq,1029873,2243801067137,192
basic_appreq,992861,2243802106791,192
basic_appreq,1011039,2243803162303,192
basic_appreq,1042588,2243804250019,192
basic_appreq,1021596,2243805319573,192
basic_appreq,975174,2243806338840,192
basic_appreq,1036202,2243807419734,192
basic_appreq,998197,2243808462174,192
basic_appreq,1009748,2243809520894,192
basic_appreq,993603,2243810558673,192
basic_appreq,988353,2243811591457,192
basic_appreq,988811,2243812624020,192
basic_appreq,1047375,2243813727438,192
basic_appreq,971184,2243814742586,192
basic_appreq,1020291,2243815807537,192
basic_appreq,1002160,2243816853343,192
basic_appreq,1015399,2243817915755,192
basic_appreq,991561,2243818951619,192
basic_appreq,1038684,2243820035580,192
basic_appreq,1037842,2243821126535,192
basic_appreq,981510,2243822153511,192
basic_appreq,1006474,2243823204221,192
basic_appreq,1049036,2243824298858,192
basic_appreq,1014524,2243825366386,192
basic_appreq,992607,2243826403624,192
basic_appreq,1008329,2243827456988,192
basic_appreq,1024858,2243828526591,192
basic_appreq,1057891,2243829632398,192
basic_appreq,1001010,2243830676960,192
basic_appreq,963088,2243831685001,192
basic_appreq,975563,2243832704286,192
basic_appreq,961799,2243833716215,192
basic_appreq,1031739,2243834794546,192
basic_appreq,1016771,2243835855969,192
basic_appreq,975208,2243836875657,192
basic_appreq,986395,2243837912779,192
basic_appreq,1011980,2243838968501,192
basic_appreq,982964,2243839995444,192
basic_appreq,1083236,2243841156542,192
basic_appreq,995822,2243842196306,192
basic_appreq,1025870,2243843266677,192
basic_appreq,1043098,2243844356325,192
basic_appreq,995738,2243845399707,192
basic_appreq,963112,2243846407384,192
basic_appreq,1051409,2243847502763,192
basic_appreq,1020139,2243848566622,192
basic_appreq,1027474,2243849642817,192
basic_appreq,1042263,2243850729609,192
basic_appreq,1047710,2243851821856,192
basic_appreq,1001140,2243852870060,192
basic_appreq,1070224,2243853990576,192
basic_appreq,1004020,2243855039495,192
basic_appreq,1028349,2243856112189,192
basic_appreq,1004953,2243857168724,192
basic_appreq,1002103,2243858214970,192
basic_appreq,966286,2243859224849,192
basic_appreq,996890,2243860265999,192
basic_appreq,986618,2243861304042,192
basic_appreq,1064300,2243862412740,192
basic_appreq,947722,2243863403976,192
basic_appreq,1035691,2243864483269,192
basic_appreq,1001565,2243865534120,192
basic_appreq,1015596,2243866593549,192
basic_appreq,1021356,2243867658226,192
basic_appreq,1007008,2243868710277,192
basic_appreq,993044,2243869750709,192
basic_appreq,989178,2243870784749,192
basic_appreq,975115,2243871804712,192
basic_appreq,1016161,2243872865300,192
basic_appreq,1022709,2243873937335,192
basic_appreq,1024239,2243875005157,192
basic_appreq,1007161,2243876057388,192
basic_appreq,1058071,2243877166302,192
basic_appreq,988830,2243878198625,192
basic_appreq,1060645,2243879303553,192
basic_appreq,1017186,2243880365775,192
basic_appreq,1000055,2243881416602,192
basic_appreq,990382,2243882450061,192
basic_appreq,1020047,2243883515059,192
basic_appreq,1041278,2243884601342,192
basic_appreq,1053460,2243885702986,192
basic_appreq,1013615,2243886761449,192
basic_appreq,1053363,2243887858595,192
basic_appreq,1026897,2243888932926,192
basic_appreq,1030384,2243890010521,192
basic_appreq,958715,2243891014398,192
basic_appreq,1071491,2243892131206,192
basic_appreq,1006343,2243893184312,192
basic_appreq,1028226,2243894255923,192
basic_appreq,986616,2243895285776,192
basic_appreq,1036339,2243896365647,192
basic_appreq,1279958,2243897692846,192
basic_appreq,990369,2243898744131,192
basic_appreq,1045755,2243899834297,192
basic_appreq,1008923,2243900887430,192
basic_appreq,1040696,2243901976958,192
basic_appreq,1045965,2243903067415,192
basic_appreq,1013691,2243904127935,192
basic_appreq,1012604,2243905188226,192
basic_appreq,1004776,2243906236888,192
basic_appreq,996233,2243907279660,192
basic_appreq,1080184,2243908403998,192
basic_appreq,976233,2243909428295,192
basic_appreq,1056223,2243910528575,192
basic_appreq,980601,2243911552784,192
basic_appreq,1020825,2243912619263,192
basic_appreq,1014806,2243913681752,192
basic_appreq,1003312,2243914729743,192
basic_appreq,1040225,2243915815183,192
basic_appreq,1004141,2243916864053,192
basic_appreq,1038043,2243917952739,192
basic_appreq,1031441,2243919028620,192
basic_appreq,1055448,2243920129134,192
basic_appreq,1015181,2243921194407,192
basic_appreq,1074070,2243922313710,192
basic_appreq,1053443,2243923412828,192
basic_appreq,1012461,2243924470759,192
basic_appreq,1038465,2243925556798,192
basic_appreq,1040669,2243926641417,192
basic_appreq,1008638,2243927694069,192
basic_appreq,1029325,2243928768457,192
basic_appreq,981078,2243929797491,192
basic_appreq,990248,2243930833145,192
basic_appreq,1031397,2243931912575,192
basic_appreq,1021566,2243932979308,192
basic_appreq,1025700,2243934055670,192
basic_appreq,1010854,2243935112191,192
basic_appreq,1005007,2243936163523,192
basic_appreq,1043998,2243937259320,192
basic_appreq,988246,2243938291418,192
basic_appreq,1005244,2243939341722,192
basic_appreq,1015957,2243940402763,192
basic_appreq,1029927,2243941482548,192
basic_appreq,1013988,2243942540556,192
basic_appreq,1075440,2243943660881,192
basic_appreq,939331,2243944644413,192
basic_appreq,1016898,2243945710741,192
basic_appreq,979671,2243946734332,192
basic_appreq,1036821,2243947815316,192
basic_appreq,981757,2243948840822,192
basic_appreq,1016160,2243949905500,192
basic_appreq,884244,2243950834874,192
basic_appreq,992136,2243951870818,192
basic_appreq,983551,2243952897838,192
basic_appreq,890743,2243953834847,192
basic_appreq,828831,2243954708051,192
basic_appreq,865847,2243955617364,192
basic_appreq,1039053,2243956700703,192
basic_appreq,864537,2243957610867,192
basic_appreq,910528,2243958565953,192
basic_appreq,1008075,2243959618435,192
basic_appreq,948487,2243960611473,192
basic_appreq,892410,2243961551766,192
basic_appreq,1064060,2243962659708,192
basic_appreq,971883,2243963676907,192
basic_appreq,1050159,2243964771180,192
basic_appreq,966955,2243965785533,192
basic_appreq,1015753,2243966845593,192
basic_appreq,897634,2243967787771,192
basic_appreq,856137,2243968687753,192
basic_appreq,914186,2243969648971,192
basic_appreq,1022533,2243970717076,192
basic_appreq,1006153,2243971768201,192
basic_appreq,989779,2243972802562,192
basic_appreq,1011566,2243973863607,192
basic_appreq,970991,2243974879039,192
basic_appreq,1034320,2243975958843,192
basic_appreq,1002832,2243977027858,192
basic_appreq,1008549,2243978084049,192
basic_appreq,1026155,2243979155126,192
basic_appreq,1007957,2243980208493,192
basic_appreq,982302,2243981241102,192
basic_appreq,1011436,2243982296524,192
basic_appreq,966162,2243983306857,192
basic_appreq,1025256,2243984376607,192
basic_appreq,979408,2243985404071,192
basic_appreq,1009608,2243986458274,192
basic_appreq,965394,2243987469228,192
basic_appreq,1026698,2243988539917,192
basic_appreq,996383,2243989583229,192
basic_appreq,988761,2243990615946,192
basic_appreq,963830,2243991624892,192
basic_appreq,987423,2243992656119,192
basic_appreq,962032,2243993672486,192
basic_appreq,1000365,2243994717890,192
basic_appreq,968983,2243995730679,192
basic_appreq,1027414,2243996801692,192
basic_appreq,971823,2243997821722,192
basic_appreq,993947,2243998860481,192
basic_appreq,988551,2243999892589,192
basic_appreq,1263788,2244001201030,192
basic_appreq,1005531,2244002256154,192
basic_appreq,1019686,2244003319709,192
basic_appreq,1000816,2244004366146,192
basic_appreq,994210,2244005408566,192
basic_appreq,1044175,2244006496968,192
basic_appreq,951470,2244007492227,192
basic_appreq,959079,2244008495633,192
basic_appreq,978198,2244009542669,192
basic_appreq,985864,2244010571963,192
basic_appreq,1010894,2244011626086,192
basic_appreq,1018883,2244012690129,192
basic_appreq,926430,2244013663663,192
basic_appreq,666215,2244014367016,192
basic_appreq,857935,2244015259641,192
basic_appreq,667116,2244015970640,192
basic_appreq,690051,2244016715064,192
basic_appreq,1003861,2244017758670,192
basic_appreq,977641,2244018770393,192
basic_appreq,927112,2244019732169,192
basic_appreq,655680,2244020421947,192
basic_appreq,528432,2244020985800,192
basic_appreq,706011,2244021725068,192
basic_appreq,673048,2244022431543,192
basic_appreq,809628,2244023274176,192
basic_appreq,758444,2244024065840,192
basic_appreq,680128,2244024782229,192
basic_appreq,670677,2244025486659,192
basic_appreq,692560,2244026212851,192
basic_appreq,640429,2244026886798,192
basic_appreq,953419,2244027875639,192
basic_appreq,1232356,2244029141997,192
basic_appreq,999269,2244030177086,192
basic_appreq,941396,2244031163214,192
basic_appreq,997820,2244032197000,192
basic_appreq,986993,2244033220893,192
basic_appreq,975809,2244034230657,192
basic_appreq,1024490,2244035288685,192
basic_appreq,1035715,2244036358887,192
basic_appreq,1031771,2244037465496,192
basic_appreq,1000636,2244038500000,192
basic_appreq,712562,2244039246666,192
basic_appreq,853718,2244040132815,192
basic_appreq,788103,2244040956677,192
basic_appreq,616411,2244041606348,192
basic_appreq,1053584,2244042693857,192
basic_appreq,1014382,2244043741534,192
basic_appreq,1040309,2244044815300,192
basic_appreq,1029813,2244045881254,192
basic_appreq,944343,2244046859145,192
basic_appreq,974446,2244047867790,192
basic_appreq,674475,2244048576504,192
basic_appreq,706057,2244049328265,192
basic_appreq,610961,2244049975837,192
basic_appreq,1022396,2244051035219,192
basic_appreq,679208,2244051749422,192
basic_appreq,726647,2244052509834,192
basic_appreq,652478,2244053208189,192
basic_appreq,948326,2244054192673,192
basic_appreq,665148,2244054893103,192
basic_appreq,766924,2244055693495,192
basic_appreq,675500,2244056412955,192
basic_appreq,968021,2244057420457,192
basic_appreq,696454,2244058152481,192
basic_appreq,752058,2244058948452,192
basic_appreq,712681,2244059696996,192
basic_appreq,919260,2244060652426,192
basic_appreq,702318,2244061395308,192
basic_appreq,792773,2244062232292,192
basic_appreq,688006,2244062957124,192
basic_appreq,888110,2244063879825,192
basic_appreq,912927,2244064826692,192
basic_appreq,929538,2244065795457,192
basic_appreq,944634,2244066773492,192
basic_appreq,820624,2244067626632,192
basic_appreq,906131,2244068566100,192
basic_appreq,939418,2244069543216,192
basic_appreq,1022292,2244070599392,192
basic_appreq,949289,2244071582727,192
basic_appreq,657965,2244072274342,192
basic_appreq,733383,2244073050345,192
basic_appreq,642828,2244073726761,192
basic_appreq,836546,2244074604897,192
basic_appreq,1012147,2244075650563,192
basic_appreq,624814,2244076309369,192
basic_appreq,645267,2244076989734,192
basic_appreq,729040,2244077751746,192
basic_appreq,1054920,2244078840546,192
basic_appreq,994581,2244079869203,192
basic_appreq,734232,2244080637089,192
basic_appreq,726259,2244081408778,192
basic_appreq,695638,2244082140712,192
basic_appreq,753669,2244082930755,192
basic_appreq,962006,2244083926766,192
basic_appreq,869793,2244084831193,192
basic_appreq,608061,2244085480804,192
basic_appreq,765384,2244086279983,192
basic_appreq,652858,2244086966737,192
basic_appreq,1025153,2244088025290,192
basic_appreq,972103,2244089036310,192
basic_appreq,955635,2244090025549,192
basic_appreq,1000643,2244091059687,192
basic_appreq,1043055,2244092135875,192
basic_appreq,974229,2244093148818,192
basic_appreq,980848,2244094162903,192
basic_appreq,958453,2244095154859,192
basic_appreq,961588,2244096149941,192
basic_appreq,931311,2244097121113,192
basic_appreq,642177,2244097797434,192
basic_appreq,887559,2244098717796,192
basic_appreq,849548,2244099600949,192
basic_appreq,644669,2244100279475,192
basic_appreq,1018560,2244101336314,192
basic_appreq,1007356,2244102377548,192
basic_appreq,978520,2244103390060,192
basic_appreq,643196,2244104066940,192
basic_appreq,579508,2244104696719,192
basic_appreq,826415,2244105567160,192
basic_appreq,1023955,2244106627862,192
basic_appreq,918848,2244107581009,192
basic_appreq,973330,2244108588472,192
basic_appreq,814690,2244109440963,192
basic_appreq,795139,2244110270666,192
basic_appreq,771716,2244111077507,192
basic_appreq,840986,2244111963105,192
basic_appreq,691532,2244112719327,192
basic_appreq,752806,2244113507786,192
basic_appreq,923586,2244114464406,192
basic_appreq,934159,2244115431956,192
basic_appreq,659809,2244116125038,192
basic_appreq,772882,2244116938064,192
basic_appreq,795005,2244117766684,192
basic_appreq,696384,2244118496900,192
basic_appreq,832934,2244119362646,192
basic_appreq,791180,2244120187170,192
basic_appreq,636272,2244120858998,192
basic_appreq,827517,2244121725343,192
basic_appreq,950759,2244122709047,192
basic_appreq,937062,2244123679106,192
basic_appreq,1010059,2244124722409,192
basic_appreq,992931,2244125751049,192
basic_appreq,1016087,2244126800329,192
basic_appreq,687365,2244127523040,192
basic_appreq,830073,2244128386000,192
basic_appreq,813223,2244129234632,192
basic_appreq,727082,2244129994141,192
basic_appreq,670801,2244130698612,192
basic_appreq,672176,2244131405458,192
basic_appreq,736651,2244132174684,192
basic_appreq,684372,2244132895226,192
basic_appreq,773707,2244133703654,192
basic_appreq,996169,2244134733498,192
basic_appreq,1031521,2244135798670,192
basic_appreq,944092,2244136776090,192
basic_appreq,929745,2244137741601,192
basic_appreq,983337,2244138758733,192
basic_appreq,603773,2244139395818,192
basic_appreq,622652,2244140050741,192
basic_appreq,782916,2244140870907,192
basic_appreq,952597,2244141857553,192
basic_appreq,644902,2244142535662,192
basic_appreq,556215,2244143124128,192
basic_appreq,724364,2244143883187,192
basic_appreq,1007509,2244144925026,192
basic_appreq,712573,2244145672998,192
basic_appreq,714407,2244146420174,192
basic_appreq,638067,2244147091648,192
basic_appreq,998401,2244148123894,192
basic_appreq,906084,2244149067024,192
basic_appreq,903100,2244150003963,192
basic_appreq,955997,2244150999948,192
basic_appreq,1038193,2244152071435,192
basic_appreq,952583,2244153065696,192
basic_appreq,995427,2244154094828,192
basic_appreq,956807,2244155084898,192
basic_appreq,1032563,2244156150585,192
basic_appreq,932565,2244157119394,192
basic_appreq,981693,2244158134957,192
basic_appreq,967666,2244159135672,192
basic_appreq,979221,2244160148388,192
basic_appreq,932187,2244161120819,192
basic_appreq,964853,2244162118915,192
basic_appreq,983498,2244163135974,192
basic_appreq,1047733,2244164217539,192
basic_appreq,973571,2244165226238,192
basic_appreq,987905,2244166247925,192
basic_appreq,1024758,2244167306422,192
basic_appreq,976063,2244168315237,192
basic_appreq,998718,2244169354690,192
basic_appreq,962490,2244170350087,192
basic_appreq,990009,2244171373612,192
basic_appreq,951904,2244172358647,192
basic_appreq,949175,2244173346549,192
basic_appreq,960954,2244174341485,192
basic_appreq,980401,2244175355149,192
basic_appreq,986656,2244176376185,192
basic_appreq,1045291,2244177460399,192
basic_appreq,834628,2244178328398,192
basic_appreq,990628,2244179356260,192
basic_appreq,1067080,2244180457125,192
basic_appreq,970440,2244181464775,192
basic_appreq,623761,2244182121616,192
basic_appreq,752385,2244182906621,192
basic_appreq,674113,2244183613701,192
basic_appreq,862934,2244184511181,192
basic_appreq,1020441,2244185567762,192
basic_appreq,975452,2244186576314,192
basic_appreq,988390,2244187598050,192
basic_appreq,617089,2244188249112,192
basic_appreq,604328,2244188888059,192
basic_appreq,763189,2244189685695,192
basic_appreq,993793,2244190713513,192
basic_appreq,995072,2244191741469,192
basic_appreq,1013724,2244192789429,192
basic_appreq,651345,2244193476754,192
basic_appreq,609099,2244194118570,192
basic_appreq,727443,2244194879092,192
basic_appreq,638278,2244195551247,192
basic_appreq,571388,2244196155178,192
basic_appreq,740507,2244196931301,192
basic_appreq,970815,2244197935663,192
basic_appreq,1009534,2244198978347,192
basic_appreq,980064,2244199991697,192
basic_appreq,627304,2244200684890,192
basic_appreq,660497,2244201380061,192
basic_appreq,683556,2244202096656,192
basic_appreq,800228,2244202930272,192
basic_appreq,664817,2244203627768,192
basic_appreq,783988,2244204443751,192
basic_appreq,736193,2244205214792,192
basic_appreq,714370,2244205963269,192
basic_appreq,948460,2244206944828,192
basic_appreq,965789,2244207946755,192
basic_appreq,1328941,2244209309466,192
basic_appreq,1045378,2244210392655,192
basic_appreq,914515,2244211341062,192
basic_appreq,667699,2244212042722,192
basic_appreq,604880,2244212683358,192
basic_appreq,645504,2244213362363,192
basic_appreq,983855,2244214379081,192
basic_appreq,650242,2244215062687,192
basic_appreq,761448,2244215856413,192
basic_appreq,735946,2244216625633,192
basic_appreq,704270,2244217365198,192
basic_appreq,959357,2244218358636,192
basic_appreq,1009401,2244219400970,192
basic_appreq,940571,2244220376769,192
basic_appreq,900112,2244221315475,192
basic_appreq,1017948,2244222366243,192
basic_appreq,961645,2244223361462,192
basic_appreq,1055612,2244224451457,192
basic_appreq,966624,2244225459047,192
basic_appreq,1053591,2244226546032,192
basic_appreq,1029275,2244227608631,192
basic_appreq,999520,2244228641532,192
basic_appreq,955663,2244229642890,192
basic_appreq,1010911,2244230687115,192
basic_appreq,1002433,2244231723080,192
basic_appreq,1063906,2244232820179,192
basic_appreq,947050,2244233802504,192
basic_appreq,1014954,2244234850836,192
basic_appreq,972584,2244235856811,192
basic_appreq,1054747,2244236944995,192
basic_appreq,1019766,2244238004474,192
basic_appreq,1019288,2244239057610,192
basic_appreq,1030422,2244240132620,192
basic_appreq,982184,2244241168050,192
basic_appreq,1003162,2244242216441,192
basic_appreq,947711,2244243208784,192
basic_appreq,1018670,2244244274153,192
basic_appreq,932605,2244245257016,192
basic_appreq,937470,2244246230466,192
basic_appreq,595490,2244246861692,192
basic_appreq,648398,2244247543661,192
basic_appreq,746610,2244248323922,192
basic_appreq,953921,2244249317009,192
basic_appreq,940915,2244250291893,192
basic_appreq,600151,2244250925960,192
basic_appreq,746285,2244251705231,192
basic_appreq,633455,2244252372204,192
basic_appreq,956836,2244253365518,192
basic_appreq,1026582,2244254425568,192
basic_appreq,1005627,2244255464954,192
basic_appreq,972718,2244256471425,192
basic_appreq,1027939,2244257536697,192
basic_appreq,839226,2244258409741,192
basic_appreq,712323,2244259167173,192
basic_appreq,936875,2244260136857,192
basic_appreq,837829,2244261010299,192
basic_appreq,626228,2244261669814,192
basic_appreq,863491,2244262572216,192
basic_appreq,951802,2244263557518,192
basic_appreq,674123,2244264265082,192
basic_appreq,730065,2244265029657,192
basic_appreq,693230,2244265756525,192
basic_appreq,696915,2244266486978,192
basic_appreq,953064,2244267474285,192
basic_appreq,949623,2244268457899,192
basic_appreq,946854,2244269441655,192
basic_appreq,951969,2244270427512,192
basic_appreq,1249471,2244271710805,192
basic_appreq,971707,2244272716724,192
basic_appreq,1002226,2244273759148,192
basic_appreq,974443,2244274767446,192
basic_appreq,995925,2244275796634,192
basic_appreq,947317,2244276778011,192
basic_appreq,983796,2244277798428,192
basic_appreq,956443,2244278789153,192
basic_appreq,949445,2244279772006,192
basic_appreq,953873,2244280759173,192
basic_appreq,997472,2244281793009,192
basic_appreq,931396,2244282758019,192
basic_appreq,974564,2244283767022,192
basic_appreq,973116,2244284773987,192
basic_appreq,979392,2244285790728,192
basic_appreq,972795,2244286797519,192
basic_appreq,1028938,2244287859741,192
basic_appreq,1038608,2244288932374,192
basic_appreq,1092512,2244290063118,192
basic_appreq,930092,2244291026748,192
basic_appreq,996163,2244292056813,192
basic_appreq,952116,2244293048935,192
basic_appreq,1014379,2244294096360,192
basic_appreq,963019,2244295092994,192
basic_appreq,1076807,2244296203001,192
basic_appreq,1043099,2244297282464,192
basic_appreq,1046521,2244298362452,192
basic_appreq,925935,2244299321832,192
basic_appreq,1028486,2244300384083,192
basic_appreq,966150,2244301388188,192
basic_appreq,941065,2244302377266,192
basic_appreq,910913,2244303322227,192
basic_appreq,1360222,2244304715566,192
basic_appreq,1010373,2244305763113,192
basic_appreq,995638,2244306802118,192
basic_appreq,1000375,2244307838150,192
basic_appreq,1015308,2244308888085,192
basic_appreq,995249,2244309919930,192
basic_appreq,999547,2244310955774,192
basic_appreq,986315,2244311976593,192
basic_appreq,638404,2244312675262,192
basic_appreq,716950,2244313427892,192
basic_appreq,680843,2244314142189,192
basic_appreq,1025022,2244315200999,192
basic_appreq,927954,2244316162317,192
basic_appreq,995176,2244317193396,192
basic_appreq,1191601,2244318419204,192
basic_appreq,1012779,2244319465383,192
basic_appreq,1024053,2244320523374,192
basic_appreq,944574,2244321503815,192
basic_appreq,1014679,2244322552918,192
basic_appreq,972391,2244323558994,192
basic_appreq,968357,2244324560896,192
basic_appreq,939318,2244325536606,192
basic_appreq,1018192,2244326588766,192
basic_appreq,937961,2244327559684,192
basic_appreq,616082,2244328209949,192
basic_appreq,703678,2244328948134,192
basic_appreq,723546,2244329704997,192
basic_appreq,988687,2244330727089,192
basic_appreq,612103,2244331373135,192
basic_appreq,803610,2244332209380,192
basic_appreq,627912,2244332872373,192
basic_appreq,986579,2244333893194,192
basic_appreq,980488,2244334906815,192
basic_appreq,1001578,2244335942048,192
basic_appreq,618776,2244336594455,192
basic_appreq,645428,2244337275201,192
basic_appreq,769828,2244338089233,192
basic_appreq,665419,2244338791177,192
basic_appreq,678807,2244339504191,192
basic_appreq,688622,2244340226828,192
basic_appreq,999065,2244341268430,192
basic_appreq,886904,2244342189142,192
basic_appreq,726871,2244342960334,192
basic_appreq,849698,2244343843733,192
basic_appreq,924292,2244344811613,192
basic_appreq,649828,2244345500295,192
basic_appreq,899588,2244346435657,192
basic_appreq,952450,2244347422332,192
basic_appreq,624533,2244348081850,192
basic_appreq,521959,2244348639101,192
basic_appreq,783739,2244349456454,192
basic_appreq,705473,2244350196230,192
basic_appreq,900845,2244351129930,192
basic_appreq,805143,2244351968281,192
basic_appreq,982566,2244353003194,192
basic_appreq,940020,2244353978618,192
basic_appreq,848916,2244354860320,192
basic_appreq,1002691,2244355895754,192
basic_appreq,825109,2244356753632,192
basic_appreq,900554,2244357689207,192
basic_appreq,629512,2244358351535,192
basic_appreq,889364,2244359274136,192
basic_appreq,941356,2244360248394,192
basic_appreq,932438,2244361215911,192
basic_appreq,810583,2244362060022,192
basic_appreq,932799,2244363026070,192
basic_appreq,1005575,2244364067208,192
basic_appreq,1031454,2244365134766,192
basic_appreq,950485,2244366119413,192
basic_appreq,977935,2244367130886,192
basic_appreq,1036994,2244368200946,192
basic_appreq,948760,2244369188170,192
basic_appreq,974554,2244370196498,192
basic_appreq,752419,2244370982849,192
basic_appreq,742101,2244371756888,192
basic_appreq,617900,2244372407948,192
basic_appreq,892819,2244373336076,192
basic_appreq,964853,2244374335007,192
basic_appreq,1014456,2244375383506,192
basic_appreq,978185,2244376395216,192
basic_appreq,1014519,2244377445839,192
basic_appreq,999734,2244378490592,192
basic_appreq,996309,2244379522975,192
basic_appreq,1065783,2244380623001,192
basic_appreq,967549,2244381627226,192
basic_appreq,1048475,2244382721451,192
basic_appreq,966811,2244383733682,192
basic_appreq,1040790,2244384820133,192
basic_appreq,997763,2244385863897,192
basic_appreq,973513,2244386881543,192
basic_appreq,1022676,2244387948651,192
basic_appreq,992490,2244388985467,192
basic_appreq,951593,2244389987908,192
basic_appreq,1025185,2244391057213,192
basic_appreq,1019165,2244392120417,192
basic_appreq,1013691,2244393180109,192
basic_appreq,1011441,2244394233289,192
basic_appreq,1016300,2244395291622,192
basic_appreq,1037566,2244396371399,192
basic_appreq,958384,2244397374892,192
basic_appreq,734306,2244398144793,192
basic_appreq,788103,2244398974369,192
basic_appreq,849194,2244399858086,192
basic_appreq,692685,2244400583319,192
basic_appreq,912212,2244401533925,192
basic_appreq,970833,2244402555591,192
basic_appreq,1022636,2244403620613,192
basic_appreq,665549,2244404321324,192
basic_appreq,654606,2244405011543,192
basic_appreq,644752,2244405698725,192
basic_appreq,931165,2244406664987,192
basic_appreq,634276,2244407333103,192
basic_appreq,809140,2244408174544,192
basic_appreq,874301,2244409084692,192
basic_appreq,924087,2244410041515,192
basic_appreq,607071,2244410680911,192
basic_appreq,887118,2244411600555,192
basic_appreq,659218,2244412292571,192
basic_appreq,704851,2244413032142,192
basic_appreq,683272,2244413748631,192
basic_appreq,862137,2244414643733,192
basic_appreq,983826,2244415660855,192
basic_appreq,869473,2244416563685,192
basic_appreq,778345,2244417385996,192
basic_appreq,795994,2244418225052,192
basic_appreq,1024852,2244419292887,192
basic_appreq,898869,2244420234731,192
basic_appreq,663514,2244420936504,192
basic_appreq,928057,2244421898998,192
basic_appreq,910405,2244422843288,192
basic_appreq,972104,2244423849213,192
basic_appreq,1050230,2244424933826,192
basic_appreq,642547,2244425612109,192
basic_appreq,637524,2244426282841,192
basic_appreq,755293,2244427072109,192
basic_appreq,1020931,2244428126462,192
basic_appreq,689229,2244428851822,192
basic_appreq,892739,2244429777808,192
basic_appreq,916353,2244430727020,192
basic_appreq,947862,2244431707898,192
basic_appreq,820879,2244432561301,192
basic_appreq,840495,2244433437797,192
basic_appreq,938068,2244434409329,192
basic_appreq,902649,2244435344999,192
basic_appreq,646430,2244436024749,192
basic_appreq,866563,2244436929533,192
basic_appreq,872373,2244437836085,192
basic_appreq,656511,2244438526080,192
basic_appreq,757505,2244439316719,192
basic_appreq,795089,2244440155697,192
basic_appreq,623358,2244440817343,192
basic_appreq,1005511,2244441861816,192
basic_appreq,625667,2244442521955,192
basic_appreq,743411,2244443299114,192
basic_appreq,715400,2244444058691,192
basic_appreq,792025,2244444890426,192
basic_appreq,1013336,2244445939578,192
basic_appreq,962908,2244446936753,192
basic_appreq,1079152,2244448050529,192
basic_appreq,993385,2244449082494,192
basic_appreq,1051677,2244450168814,192
basic_appreq,977035,2244451179431,192
basic_appreq,976170,2244452189440,192
basic_appreq,647592,2244452872365,192
basic_appreq,713284,2244453618782,192
basic_appreq,695455,2244454347722,192
basic_appreq,1030161,2244455411657,192
basic_appreq,960438,2244456405587,192
basic_appreq,653474,2244457096889,192
basic_appreq,766126,2244457896044,192
basic_appreq,679248,2244458608627,192
basic_appreq,770297,2244459413801,192
basic_appreq,1008130,2244460456271,192
basic_appreq,621413,2244461113103,192
basic_appreq,697463,2244461843556,192
basic_appreq,672948,2244462551067,192
basic_appreq,943494,2244463528593,192
basic_appreq,644251,2244464206082,192
basic_appreq,607516,2244464848311,192
basic_appreq,747263,2244465628955,192
basic_appreq,996482,2244466659841,192
basic_appreq,656254,2244467359148,192
basic_appreq,764087,2244468156249,192
basic_appreq,726683,2244468919110,192
basic_appreq,870284,2244469831881,192
basic_appreq,1036663,2244470901667,192
basic_appreq,695181,2244471630345,192
basic_appreq,509023,2244472182748,192
basic_appreq,930924,2244473160078,192
basic_appreq,1062072,2244474267509,192
basic_appreq,974911,2244475286997,192
basic_appreq,1016592,2244476348854,192
basic_appreq,894987,2244477285255,192
basic_appreq,1047079,2244478366743,192
basic_appreq,667196,2244479067624,192
basic_appreq,862759,2244479964012,192
basic_appreq,941437,2244480939871,192
basic_appreq,947752,2244481933431,192
basic_appreq,874211,2244482851948,192
basic_appreq,892067,2244483787798,192
basic_appreq,943792,2244484775523,192
basic_appreq,962908,2244485784024,192
basic_appreq,905800,2244486733878,192
basic_appreq,995828,2244487773187,192
basic_appreq,934583,2244488751386,192
basic_appreq,919868,2244489717598,192
basic_appreq,895385,2244490656612,192
basic_appreq,830351,2244491530672,192
basic_appreq,787323,2244492361758,192
basic_appreq,879343,2244493286705,192
basic_appreq,1119096,2244494449967,192
basic_appreq,929226,2244495423982,192
basic_appreq,1037422,2244496506018,192
basic_appreq,1007409,2244497577432,192
basic_appreq,982175,2244498603720,192
basic_appreq,954133,2244499603718,192
basic_appreq,1040853,2244500688618,192
basic_appreq,991725,2244501738229,192
basic_appreq,998103,2244502780402,192
basic_appreq,1012332,2244503837609,192
basic_appreq,1002397,2244504884831,192
basic_appreq,969935,2244505907771,192
basic_appreq,1014814,2244506966955,192
basic_appreq,1068410,2244508081574,192
basic_appreq,1032032,2244509161335,192
basic_appreq,996977,2244510202746,192
basic_appreq,1007118,2244511254786,192
basic_appreq,1035440,2244512335475,192
basic_appreq,1011249,2244513394807,192
basic_appreq,1020132,2244514460908,192
basic_appreq,1033291,2244515537738,192
basic_appreq,1000713,2244516583300,192
basic_appreq,1037759,2244517669379,192
basic_appreq,1021673,2244518736416,192
basic_appreq,1048171,2244519828442,192
basic_appreq,946489,2244520818295,192
basic_appreq,1042341,2244521911038,192
basic_appreq,996276,2244522951708,192
basic_appreq,986706,2244523983372,192
basic_appreq,1002915,2244525054673,192
basic_appreq,1055852,2244526157074,192
basic_appreq,1003757,2244527206842,192
basic_appreq,1013357,2244528264363,192
basic_appreq,1016945,2244529330006,192
basic_appreq,1017423,2244530391790,192
basic_appreq,751672,2244531186873,192
basic_appreq,819347,2244532050791,192
basic_appreq,959310,2244533056333,192
basic_appreq,911814,2244534011930,192
basic_appreq,951554,2244535007297,192
basic_appreq,903862,2244535955232,192
basic_appreq,946449,2244536946134,192
basic_appreq,901385,2244537893120,192
basic_appreq,894977,2244538832188,192
basic_appreq,906044,2244539782342,192
basic_appreq,874579,2244540700899,192
basic_appreq,1063582,2244541804241,192
basic_appreq,902586,2244542750642,192
basic_appreq,967505,2244543762125,192
basic_appreq,948038,2244544754390,192
basic_appreq,941102,2244545745437,192
basic_appreq,1040743,2244546830504,192
basic_appreq,1007512,2244547881786,192
basic_appreq,1029175,2244548954840,192
basic_appreq,1014567,2244550016109,192
basic_appreq,1300036,2244551360550,192
basic_appreq,1036918,2244552441466,192
basic_appreq,986943,2244553477712,192
basic_appreq,1001846,2244554523838,192
basic_appreq,966647,2244555534399,192
basic_appreq,1070394,2244556650350,192
basic_appreq,990077,2244557690678,192
basic_appreq,1012966,2244558747995,192
basic_appreq,1007241,2244559799574,192
basic_appreq,1030873,2244560874624,192
basic_appreq,1007383,2244561929999,192
basic_appreq,1063508,2244563037737,192
basic_appreq,997432,2244564079346,192
basic_appreq,995885,2244565125926,192
basic_appreq,989132,2244566159389,192
basic_appreq,1014954,2244567219171,192
basic_appreq,1000900,2244568263496,192
basic_appreq,1017871,2244569331127,192
basic_appreq,1007362,2244570383051,192
basic_appreq,1037488,2244571465040,192
basic_appreq,976648,2244572485861,192
basic_appreq,1028871,2244573562023,192
basic_appreq,1010048,2244574616557,192
basic_appreq,987782,2244575648151,192
basic_appreq,956055,2244576649191,192
basic_appreq,1018914,2244577717441,192
basic_appreq,986124,2244578748237,192
basic_appreq,1023628,2244579816430,192
basic_appreq,1025292,2244580886216,192
basic_appreq,990875,2244581924981,192
basic_appreq,1031524,2244583000067,192
basic_appreq,1024464,2244584068521,192
basic_appreq,1006354,2244585133669,192
basic_appreq,977724,2244586155102,192
basic_appreq,1012160,2244587211744,192
basic_appreq,1076918,2244588332874,192
basic_appreq,1025998,2244589404709,192
basic_appreq,1039991,2244590490153,192
basic_appreq,1039473,2244591573583,192
basic_appreq,1039423,2244592657718,192
basic_appreq,1028544,2244593735310,192
basic_appreq,1046640,2244594826863,192
basic_appreq,988423,2244595859395,192
basic_appreq,1003313,2244596907339,192
basic_appreq,985709,2244597940722,192
basic_appreq,1042915,2244599028589,192
basic_appreq,920502,2244599993616,192
basic_appreq,1013337,2244601081970,192
basic_appreq,973189,2244602100453,192
basic_appreq,1018342,2244603163774,192
basic_appreq,992760,2244604202432,192
basic_appreq,1022469,2244605271196,192
basic_appreq,988263,2244606303278,192
basic_appreq,1007526,2244607355038,192
basic_appreq,977343,2244608394003,192
basic_appreq,1013587,2244609455680,192
basic_appreq,963603,2244610464433,192
basic_appreq,1042708,2244611551898,192
basic_appreq,1015659,2244612611734,192
basic_appreq,1018048,2244613677357,192
basic_appreq,972398,2244614693414,192
basic_appreq,1026880,2244615764982,192
basic_appreq,995310,2244616806016,192
basic_appreq,1036824,2244617893054,192
basic_appreq,957375,2244618894486,192
basic_appreq,996219,2244619934591,192
basic_appreq,1005391,2244620984205,192
basic_appreq,994381,2244622026585,192
basic_appreq,1091462,2244623162064,192
basic_appreq,1024854,2244624238854,192
basic_appreq,1056030,2244625340695,192
basic_appreq,964843,2244626347255,192
basic_appreq,1077172,2244627466808,192
basic_appreq,978586,2244628487236,192
basic_appreq,967683,2244629500573,192
basic_appreq,916018,2244630458669,192
basic_appreq,1051306,2244631553082,192
basic_appreq,1026171,2244632621321,192
basic_appreq,977603,2244633644088,192
basic_appreq,990899,2244634678299,192
basic_appreq,999112,2244635719469,192
basic_appreq,1051610,2244636813244,192
basic_appreq,1019615,2244637879228,192
basic_appreq,993199,2244638916158,192
basic_appreq,1030234,2244639988361,192
basic_appreq,1016050,2244641075189,192
basic_appreq,983177,2244642104538,192
basic_appreq,1015630,2244643164958,192
basic_appreq,1002186,2244644211101,192
basic_appreq,1056982,2244645316333,192
basic_appreq,1048208,2244646408547,192
basic_appreq,994167,2244647446156,192
basic_appreq,936908,2244648426691,192
basic_appreq,708496,2244649181281,192
basic_appreq,722046,2244649946565,192
basic_appreq,995851,2244650985581,192
basic_appreq,907792,2244651936693,192
basic_appreq,805555,2244652785412,192
basic_appreq,760515,2244653593239,192
basic_appreq,853988,2244654492156,192
basic_appreq,693089,2244655229796,192
basic_appreq,1005271,2244656279050,192
basic_appreq,972645,2244657299487,192
basic_appreq,1046069,2244658390776,192
basic_appreq,935970,2244659370999,192
basic_appreq,997845,2244660412504,192
basic_appreq,1003393,2244661465493,192
basic_appreq,1008472,2244662518930,192
basic_appreq,1044348,2244663607302,192
basic_appreq,982125,2244664633410,192
basic_appreq,1024614,2244665706537,192
basic_appreq,1035065,2244666785570,192
basic_appreq,1044816,2244667874336,192
basic_appreq,992045,2244668911089,192
basic_appreq,1005143,2244669964449,192
basic_appreq,1034444,2244671042934,192
basic_appreq,1015909,2244672102245,192
basic_appreq,999422,2244673152678,192
basic_appreq,1025054,2244674222187,192
basic_appreq,967376,2244675235334,192
basic_appreq,1015817,2244676295190,192
basic_appreq,999072,2244677345663,192
basic_appreq,1012418,2244678401950,192
basic_appreq,996914,2244679444284,192
basic_appreq,1023992,2244680513328,192
basic_appreq,992796,2244681554112,192
basic_appreq,1317178,2244682914905,192
basic_appreq,1018894,2244683978096,192
basic_appreq,1046016,2244685095912,192
basic_appreq,1020343,2244686163099,192
basic_appreq,1028115,2244687235752,192
basic_appreq,1005835,2244688286944,192
basic_appreq,996245,2244689334601,192
basic_appreq,1010784,2244690389715,192
basic_appreq,1048411,2244691481862,192
basic_appreq,962172,2244692489204,192
basic_appreq,1030819,2244693569139,192
basic_appreq,977720,2244694591144,192
basic_appreq,1007092,2244695644728,192
basic_appreq,973404,2244696663434,192
basic_appreq,1045303,2244697758048,192
basic_appreq,950511,2244698754641,192
basic_appreq,1024480,2244699822756,192
basic_appreq,1043353,2244700910633,192
basic_appreq,1025717,2244701984984,192
basic_appreq,905475,2244702936589,192
basic_appreq,1017417,2244703998172,192
basic_appreq,844080,2244704933500,192
basic_appreq,838000,2244705816157,192
basic_appreq,915226,2244706776529,192
basic_appreq,897650,2244707718451,192
basic_appreq,904664,2244708665841,192
basic_appreq,923877,2244709635479,192
basic_appreq,937156,2244710615518,192
basic_appreq,911774,2244711569455,192
basic_appreq,1106623,2244712720200,192
basic_appreq,892208,2244713658118,192
basic_appreq,1063880,2244714764460,192
basic_appreq,1021323,2244715828195,192
basic_appreq,945760,2244716816800,192
basic_appreq,1030565,2244717908339,192
basic_appreq,653334,2244718604709,192
basic_appreq,771107,2244719417885,192
basic_appreq,676027,2244720129011,192
basic_appreq,922330,2244721104436,192
basic_appreq,983154,2244722130293,192
basic_appreq,964021,2244723137131,192
basic_appreq,937780,2244724117127,192
basic_appreq,1004746,2244725168005,192
basic_appreq,864680,2244726075111,192
basic_appreq,962477,2244727080248,192
basic_appreq,1070194,2244728193918,192
basic_appreq,861250,2244729101094,192
basic_appreq,787518,2244729932582,192
basic_appreq,917331,2244730892934,192
basic_appreq,1029664,2244731965703,192
basic_appreq,1053955,2244733088017,192
basic_appreq,966130,2244734101227,192
basic_appreq,948040,2244735093075,192
basic_appreq,1021009,2244736157683,192
basic_appreq,1008782,2244737212851,192
basic_appreq,1052191,2244738308771,192
basic_appreq,1023107,2244739376249,192
basic_appreq,990836,2244740411094,192
basic_appreq,980661,2244741440189,192
basic_appreq,1036416,2244742520768,192
basic_appreq,1001812,2244743567004,192
basic_appreq,966912,2244744578149,192
basic_appreq,1061730,2244745686072,192
basic_appreq,945780,2244746676577,192
basic_appreq,1030652,2244747751405,192
basic_appreq,1002789,2244748799543,192
basic_appreq,1038066,2244749885077,192
basic_appreq,1010851,2244750940833,192
basic_appreq,1062445,2244752047940,192
basic_appreq,960326,2244753055182,192
basic_appreq,1059876,2244754159596,192
basic_appreq,1015029,2244755220641,192
basic_appreq,1051503,2244756316611,192
basic_appreq,980527,2244757345155,192
basic_appreq,1026198,2244758415520,192
basic_appreq,998410,2244759458415,192
basic_appreq,1012254,2244760515200,192
basic_appreq,1038494,2244761601052,192
basic_appreq,1023124,2244762668734,192
basic_appreq,946622,2244763659362,192
basic_appreq,1016230,2244764719602,192
basic_appreq,985556,2244765753011,192
basic_appreq,1013985,2244766811476,192
basic_appreq,992563,2244767851227,192
basic_appreq,1003610,2244768898657,192
basic_appreq,1003717,2244769956678,192
basic_appreq,1004298,2244771004137,192
basic_appreq,1039724,2244772088349,192
basic_appreq,947993,2244773088066,192
basic_appreq,1011088,2244774143358,192
basic_appreq,921584,2244775109497,192
basic_appreq,1067193,2244776221643,192
basic_appreq,930139,2244777197833,192
basic_appreq,968218,2244778210194,192
basic_appreq,960011,2244779214259,192
basic_appreq,1065764,2244780324326,192
basic_appreq,985964,2244781356862,192
basic_appreq,1010753,2244782413139,192
basic_appreq,1009881,2244783468124,192
basic_appreq,1029946,2244784543013,192
basic_appreq,986472,2244785577163,192
basic_appreq,998131,2244786619807,192
basic_appreq,937647,2244787603867,192
basic_appreq,1010687,2244788658249,192
basic_appreq,897686,2244789605393,192
basic_appreq,892254,2244790541830,192
basic_appreq,1039083,2244791625544,192
basic_appreq,1023929,2244792694682,192
basic_appreq,1015078,2244793757021,192
basic_appreq,988644,2244794789949,192
basic_appreq,1043032,2244795877044,192
basic_appreq,932472,2244796853996,192
basic_appreq,1011285,2244797915265,192
basic_appreq,1006734,2244798966393,192
basic_appreq,3303641,2244802314024,192
basic_appreq,799847,2244803160939,192
basic_appreq,1064180,2244804268433,192
basic_appreq,1034111,2244805348628,192
basic_appreq,967170,2244806357915,192
basic_appreq,974926,2244807368430,192
basic_appreq,1032364,2244808436497,192
basic_appreq,1038002,2244809512372,192
basic_appreq,1062733,2244810617438,192
basic_appreq,1090058,2244811749138,192
basic_appreq,1021869,2244812806330,192
basic_appreq,704744,2244813549547,192
basic_appreq,783099,2244814375192,192
basic_appreq,840052,2244815251048,192
basic_appreq,996443,2244816283474,192
basic_appreq,865596,2244817194082,192
basic_appreq,717896,2244817954384,192
basic_appreq,779731,2244818777594,192
basic_appreq,1081308,2244819901872,192
basic_appreq,990805,2244820934950,192
basic_appreq,1020862,2244822002969,192
basic_appreq,994882,2244823040819,192
basic_appreq,1238277,2244824322675,192
basic_appreq,1014603,2244825384689,192
basic_appreq,969267,2244826397802,192
basic_appreq,974727,2244827415359,192
basic_appreq,1261313,2244828738117,192
basic_appreq,1008318,2244829793639,192
basic_appreq,1031213,2244830868889,192
basic_appreq,1036352,2244831948380,192
basic_appreq,1085274,2244833077106,192
basic_appreq,980287,2244834107229,192
basic_appreq,984466,2244835136893,192
basic_appreq,981082,2244836162228,192
basic_appreq,1014082,2244837224266,192
basic_appreq,1031240,2244838301197,192
basic_appreq,1004379,2244839350036,192
basic_appreq,974410,2244840368298,192
basic_appreq,983542,2244841398168,192
basic_appreq,1007168,2244842449817,192
basic_appreq,956964,2244843451900,192
basic_appreq,1000930,2244844496914,192
basic_appreq,857587,2244845401090,192
basic_appreq,988784,2244846434806,192
basic_appreq,975405,2244847454231,192
basic_appreq,1022913,2244848521238,192
basic_appreq,1014827,2244849585604,192
basic_appreq,1041281,2244850672656,192
basic_appreq,1026415,2244851743726,192
basic_appreq,936360,2244852725089,192
basic_appreq,975923,2244853747704,192
basic_appreq,1003316,2244854795816,192
basic_appreq,1062276,2244855902581,192
basic_appreq,1017547,2244856963958,192
basic_appreq,986008,2244858000394,192
basic_appreq,1016331,2244859060693,192
basic_appreq,1084228,2244860189142,192
basic_appreq,1044232,2244861281437,192
basic_appreq,955350,2244862280896,192
basic_appreq,1034609,2244863360109,192
basic_appreq,1048525,2244864453657,192
basic_appreq,978135,2244865480309,192
basic_appreq,1052411,2244866576382,192
basic_appreq,1037946,2244867660176,192
basic_appreq,997843,2244868704010,192
basic_appreq,1037572,2244869790915,192
basic_appreq,982739,2244870818372,192
basic_appreq,1034385,2244871898003,192
basic_appreq,992730,2244872934729,192
basic_appreq,979732,2244873961756,192
basic_appreq,933166,2244874940780,192
basic_appreq,1232394,2244876216792,192
basic_appreq,1020284,2244877289953,192
basic_appreq,1057413,2244878391346,192
basic_appreq,1008588,2244879444900,192
basic_appreq,1035857,2244880524931,192
basic_appreq,1027531,2244881599617,192
basic_appreq,1016562,2244882660609,192
basic_appreq,1032924,2244883739150,192
basic_appreq,1036656,2244884820056,192
basic_appreq,1069095,2244885936630,192
basic_appreq,942244,2244886923322,192
basic_appreq,1060347,2244888027893,192
basic_appreq,941293,2244889020864,192
basic_appreq,971095,2244890038140,192
basic_appreq,977730,2244891060004,192
basic_appreq,1008449,2244892112342,192
basic_appreq,887560,2244893048863,192
basic_appreq,937129,2244894030089,192
basic_appreq,1081391,2244895156419,192
basic_appreq,939585,2244896140111,192
basic_appreq,967917,2244897155015,192
basic_appreq,1030244,2244898229489,192
basic_appreq,950745,2244899224201,192
basic_appreq,971081,2244900239122,192
basic_appreq,906131,2244901194237,192
basic_appreq,900899,2244902138989,192
basic_appreq,865968,2244903048455,192
basic_appreq,931502,2244904023763,192
basic_appreq,894209,2244904968367,192
basic_appreq,816264,2244905829395,192
basic_appreq,1016164,2244906889568,192
basic_appreq,926009,2244907859754,192
basic_appreq,1041922,2244908946285,192
basic_appreq,711998,2244909705921,192
basic_appreq,794769,2244910544369,192
basic_appreq,911267,2244911499765,192
basic_appreq,894486,2244912438481,192
basic_appreq,876946,2244913362302,192
basic_appreq,967459,2244914373924,192
basic_appreq,773286,2244915190946,192
basic_appreq,700794,2244915935807,192
basic_appreq,1051833,2244917031774,192
basic_appreq,993172,2244918071568,192
basic_appreq,947624,2244919063179,192
basic_appreq,977764,2244920087014,192
basic_appreq,1047299,2244921180415,192
basic_appreq,972211,2244922196472,192
basic_appreq,992035,2244923232530,192
basic_appreq,1007970,2244924284444,192
basic_appreq,948971,2244925283857,192
basic_appreq,1065302,2244926393259,192
basic_appreq,975295,2244927412791,192
basic_appreq,986328,2244928444355,192
basic_appreq,936077,2244929427318,192
basic_appreq,968923,2244930440421,192
basic_appreq,1010902,2244931495288,192
basic_appreq,1033075,2244932572837,192
basic_appreq,1017965,2244933639433,192
basic_appreq,967653,2244934651797,192
basic_appreq,1027283,2244935724206,192
basic_appreq,1011984,2244936781162,192
basic_appreq,997261,2244937827011,192
basic_appreq,946301,2244938833193,192
basic_appreq,1024296,2244939901834,192
basic_appreq,1008792,2244940954727,192
basic_appreq,1026703,2244942031343,192
basic_appreq,1007723,2244943085529,192
basic_appreq,4430539,2244947560934,192
basic_appreq,1106933,2244948718402,192
basic_appreq,1083630,2244949851726,192
basic_appreq,1071413,2244950968556,192
basic_appreq,1355564,2244952370345,192
basic_appreq,1020424,2244953444623,192
basic_appreq,1093668,2244954582444,192
basic_appreq,1018753,2244955645488,192
basic_appreq,1385988,2244957075906,192
basic_appreq,1019990,2244958143975,192
basic_appreq,1068965,2244959260264,192
basic_appreq,1061560,2244960365356,192
basic_appreq,1327560,2244961742519,192
basic_appreq,1045876,2244962835134,192
basic_appreq,1032600,2244963914190,192
basic_appreq,988928,2244964949941,192
basic_appreq,1107488,2244966107674,192
basic_appreq,1000021,2244967152085,192
basic_appreq,1395548,2244968594068,192
basic_appreq,1041408,2244969688562,192
basic_appreq,1010858,2244970744655,192
basic_appreq,1019325,2244971808233,192
basic_appreq,1099412,2244972951507,192
basic_appreq,1013013,2244974014204,192
basic_appreq,1103034,2244975164037,192
basic_appreq,1056788,2244976265417,192
basic_appreq,1096922,2244977416212,192
basic_appreq,980480,2244978441461,192
basic_appreq,1090086,2244979575758,192
basic_appreq,1038581,2244980659829,192
basic_appreq,1086427,2244981797172,192
basic_appreq,1321117,2244983162724,192
basic_appreq,1339946,2244984549938,192
basic_appreq,972461,2244985570783,192
basic_appreq,1092728,2244986707522,192
basic_appreq,998367,2244987751860,192
basic_appreq,1111792,2244988908313,192
basic_appreq,1159614,2244990114315,192
basic_appreq,1433890,2244991593278,192
basic_appreq,1180705,2244992817525,192
basic_appreq,1393442,2244994258181,192
basic_appreq,1191123,2244995493297,192
basic_appreq,1437161,2244996974395,192
basic_appreq,1159146,2244998182346,192
basic_appreq,1419262,2244999646466,192
basic_appreq,1056358,2245000746783,192
basic_appreq,1055382,2245001849573,192
basic_appreq,1072589,2245002966895,192
basic_appreq,1074190,2245004084991,192
basic_appreq,1015167,2245005154841,192
basic_appreq,1089151,2245006298246,192
basic_appreq,997198,2245007340259,192
basic_appreq,1395337,2245008779970,192
basic_appreq,1065460,2245009893171,192
basic_appreq,1069449,2245011009945,192
basic_appreq,1038414,2245012092522,192
basic_appreq,1021961,2245013166516,192
basic_appreq,1052157,2245014263534,192
basic_appreq,981479,2245015288567,192
basic_appreq,991925,2245016324838,192
basic_appreq,911120,2245017282624,192
basic_appreq,1378158,2245018705652,192
basic_appreq,1036172,2245019785556,192
basic_appreq,1070208,2245020899467,192
basic_appreq,1021857,2245021970834,192
basic_appreq,1034950,2245023050541,192
basic_appreq,1076289,2245024170485,192
basic_appreq,1019037,2245025236316,192
basic_appreq,1033272,2245026313951,192
basic_appreq,1066112,2245027423811,192
basic_appreq,1042911,2245028512654,192
basic_appreq,1072813,2245029638463,192
basic_appreq,1006761,2245030689490,192
basic_appreq,1085719,2245031820204,192
basic_appreq,1000091,2245032864643,192
basic_appreq,1357712,2245034270295,192
basic_appreq,1035587,2245035349344,192
basic_appreq,1355571,2245036750840,192
basic_appreq,1063725,2245037863647,192
basic_appreq,1072627,2245038979559,192
basic_appreq,1322962,2245040346126,192
basic_appreq,1063231,2245041459485,192
basic_appreq,1126043,2245042630186,192
basic_appreq,1210482,2245043883950,192
basic_appreq,1423459,2245045351950,192
basic_appreq,1413912,2245046815558,192
basic_appreq,1179231,2245048038903,192
basic_appreq,1215516,2245049302692,192
basic_appreq,1433202,2245050779984,192
basic_appreq,1197719,2245052021516,192
basic_appreq,1133959,2245053204058,192
basic_appreq,1250961,2245054499417,192
basic_appreq,1358395,2245055903037,192
basic_appreq,1250641,2245057198540,192
basic_appreq,1145323,2245058390288,192
basic_appreq,1126026,2245059561025,192
basic_appreq,1135823,2245060741663,192
basic_appreq,1132628,2245061921984,192
basic_appreq,1047375,2245063013817,192
basic_appreq,1070392,2245064128850,192
basic_appreq,968271,2245065167912,192
basic_appreq,1080997,2245066292945,192
basic_appreq,1053207,2245067390265,192
basic_appreq,1061457,2245068497082,192
basic_appreq,958614,2245069502596,192
basic_appreq,1070796,2245070618077,192
basic_appreq,989787,2245071652327,192
basic_appreq,1037294,2245072733050,192
basic_appreq,1020170,2245073802703,192
basic_appreq,998775,2245074845220,192
basic_appreq,983177,2245075872805,192
basic_appreq,1009631,2245076928164,192
basic_appreq,1037084,2245078011413,192
basic_appreq,1027357,2245079083034,192
basic_appreq,1008211,2245080134833,192
basic_appreq,940531,2245081125906,192
basic_appreq,1005702,2245082176510,192
basic_appreq,978272,2245083201278,192
basic_appreq,1106977,2245084353788,192
basic_appreq,992750,2245085393776,192
basic_appreq,975966,2245086414326,192
basic_appreq,1001415,2245087460145,192
basic_appreq,1052020,2245088555801,192
basic_appreq,1362725,2245089966492,192
basic_appreq,968411,2245090979050,192
basic_appreq,1042237,2245092067131,192
basic_appreq,1272040,2245093387520,192
basic_appreq,1039744,2245094471140,192
basic_appreq,971274,2245095486238,192
basic_appreq,1004051,2245096535101,192
basic_appreq,1011202,2245097592577,192
basic_appreq,1013824,2245098650902,192
basic_appreq,1040082,2245099735843,192
basic_appreq,979108,2245100759381,192
basic_appreq,1040423,2245101847542,192
basic_appreq,1031160,2245102922578,192
basic_appreq,1072711,2245104039900,192
basic_appreq,935061,2245105022485,192
basic_appreq,989305,2245106055556,192
basic_appreq,992489,2245107091992,192
basic_appreq,1012718,2245108149122,192
basic_appreq,945075,2245109142487,192
basic_appreq,959489,2245110145970,192
basic_appreq,971219,2245111161405,192
basic_appreq,1240064,2245112446566,192
basic_appreq,1014837,2245113510909,192
basic_appreq,936971,2245114491788,192
basic_appreq,1279179,2245115815945,192
basic_appreq,982956,2245116843193,192
basic_appreq,1024618,2245117914847,192
basic_appreq,1032138,2245118990862,192
basic_appreq,1046911,2245120083077,192
basic_appreq,1322745,2245121463698,192
basic_appreq,1065506,2245122573101,192
basic_appreq,1015024,2245123633247,192
basic_appreq,1378670,2245125056141,192
basic_appreq,1066114,2245126169824,192
basic_appreq,1086246,2245127300310,192
basic_appreq,1005902,2245128349644,192
basic_appreq,1053336,2245129453536,192
basic_appreq,1038246,2245130536044,192
basic_appreq,998150,2245131578163,192
basic_appreq,1321562,2245132943916,192
basic_appreq,1040704,2245134036093,192
basic_appreq,987180,2245135067932,192
basic_appreq,1058941,2245136171029,192
basic_appreq,1330503,2245137555168,192
basic_appreq,1339266,2245138939028,192
basic_appreq,1083477,2245140066096,192
basic_appreq,1104049,2245141225921,192
basic_appreq,972973,2245142245716,192
basic_appreq,1078698,2245143368544,192
basic_appreq,1044408,2245144456886,192
basic_appreq,997104,2245145504799,192
basic_appreq,1052585,2245146601358,192
basic_appreq,1025115,2245147671548,192
basic_appreq,1033034,2245148748997,192
basic_appreq,1045848,2245149843203,192
basic_appreq,982977,2245150871927,192
basic_appreq,1031304,2245151946422,192
basic_appreq,1019150,2245153010953,192
basic_appreq,1028907,2245154086526,192
basic_appreq,987564,2245155118622,192
basic_appreq,1281255,2245156443465,192
basic_appreq,934149,2245157428229,192
basic_appreq,977661,2245158450100,192
basic_appreq,1166768,2245159660373,192
basic_appreq,1023635,2245160729034,192
basic_appreq,954765,2245161732219,192
basic_appreq,976180,2245162753221,192
basic_appreq,1051699,2245163849318,192
basic_appreq,1028731,2245164922770,192
basic_appreq,1059402,2245166029242,192
basic_appreq,1055616,2245167128998,192
basic_appreq,1061506,2245168234246,192
basic_appreq,1044151,2245169325134,192
basic_appreq,1079645,2245170449032,192
basic_appreq,1036760,2245171529504,192
basic_appreq,1096100,2245172670059,192
basic_appreq,1014700,2245173732882,192
basic_appreq,975679,2245174752607,192
basic_appreq,968859,2245175765540,192
basic_appreq,956179,2245176766079,192
basic_appreq,980114,2245177792768,192
basic_appreq,1002722,2245178839412,192
basic_appreq,992784,2245179877689,192
basic_appreq,1023487,2245180961436,192
basic_appreq,877559,2245181885701,192
basic_appreq,936541,2245182866900,192
basic_appreq,987197,2245183898976,192
basic_appreq,1015041,2245184957742,192
basic_appreq,868113,2245185880066,192
basic_appreq,1044221,2245186968507,192
basic_appreq,984942,2245187997561,192
basic_appreq,1018195,2245189087424,192
basic_appreq,975752,2245190110805,192
basic_appreq,1012756,2245191167566,192
basic_appreq,1008548,2245192220833,192
basic_appreq,987260,2245193255382,192
basic_appreq,877378,2245194177431,192
basic_appreq,1013507,2245195237206,192
basic_appreq,1012762,2245196294149,192
basic_appreq,853266,2245197197877,192
basic_appreq,848688,2245198090422,192
basic_appreq,903792,2245199038878,192
basic_appreq,999561,2245200082596,192
basic_appreq,945490,2245201081808,192
basic_appreq,1014968,2245202142572,192
basic_appreq,1040178,2245203227570,192
basic_appreq,963589,2245204235306,192
basic_appreq,1031244,2245205315621,192
basic_appreq,1017774,2245206377790,192
basic_appreq,991570,2245207412919,192
basic_appreq,1050079,2245208507342,192
basic_appreq,1230060,2245209784660,192
basic_appreq,937722,2245210766321,192
basic_appreq,975322,2245211786029,192
basic_appreq,1062890,2245212892772,192
basic_appreq,927342,2245213868855,192
basic_appreq,955614,2245214868897,192
basic_appreq,1021610,2245215934647,192
basic_appreq,906779,2245216886014,192
basic_appreq,998284,2245217932902,192
basic_appreq,908523,2245218886381,192
basic_appreq,1047215,2245219977786,192
basic_appreq,1052167,2245221095398,192
basic_appreq,1014520,2245222157029,192
basic_appreq,1013587,2245223214819,192
basic_appreq,906379,2245224165708,192
basic_appreq,1019471,2245225232067,192
basic_appreq,993309,2245226270701,192
basic_appreq,978125,2245227295513,192
basic_appreq,1017741,2245228357394,192
basic_appreq,1003997,2245229408813,192
basic_appreq,957405,2245230410756,192
basic_appreq,1027878,2245231482403,192
basic_appreq,902499,2245232429039,192
basic_appreq,936060,2245233412219,192
basic_appreq,936364,2245234392599,192
basic_appreq,1144086,2245235580736,192
basic_appreq,1048529,2245236674466,192
basic_appreq,945803,2245237671444,192
basic_appreq,990990,2245238708635,192
basic_appreq,949766,2245239702074,192
basic_appreq,1060725,2245240806457,192
basic_appreq,925902,2245241784388,192
basic_appreq,1030692,2245242859197,192
basic_appreq,967777,2245243871618,192
basic_appreq,1025156,2245244941294,192
basic_appreq,1025098,2245246013898,192
basic_appreq,1011843,2245247070593,192
basic_appreq,1015539,2245248129948,192
basic_appreq,1034598,2245249211597,192
basic_appreq,1011081,2245250266340,192
basic_appreq,1002851,2245251313529,192
basic_appreq,968555,2245252326170,192
basic_appreq,1035975,2245253412842,192
basic_appreq,1013805,2245254471110,192
basic_appreq,926724,2245255441239,192
basic_appreq,1229055,2245256714063,192
basic_appreq,1017811,2245257781300,192
basic_appreq,1018553,2245258845333,192
basic_appreq,1040058,2245259929638,192
basic_appreq,996402,2245260970929,192
basic_appreq,1050734,2245262070330,192
basic_appreq,987661,2245263102025,192
basic_appreq,1021807,2245264168082,192
basic_appreq,984621,2245265201792,192
basic_appreq,1038070,2245266284309,192
basic_appreq,1010269,2245267339829,192
basic_appreq,1048171,2245268432327,192
basic_appreq,1026187,2245269508285,192
basic_appreq,1036045,2245270589195,192
basic_appreq,1036145,2245271669875,192
basic_appreq,1000052,2245272714163,192
basic_appreq,983756,2245273747448,192
basic_appreq,1067247,2245274859159,192
basic_appreq,1024444,2245275927586,192
basic_appreq,1067504,2245277039521,192
basic_appreq,1025837,2245278112031,192
basic_appreq,1029075,2245279185737,192
basic_appreq,994087,2245280224505,192
basic_appreq,1041675,2245281314788,192
basic_appreq,1013160,2245282371433,192
basic_appreq,991682,2245283407919,192
basic_appreq,1028695,2245284481013,192
basic_appreq,994701,2245285523334,192
basic_appreq,1006811,2245286574151,192
basic_appreq,880288,2245287498091,192
basic_appreq,995882,2245288538908,192
basic_appreq,971576,2245289558480,192
basic_appreq,1028282,2245290630796,192
basic_appreq,970256,2245291661305,192
basic_appreq,1016281,2245292722748,192
basic_appreq,1030097,2245293800394,192
basic_appreq,985366,2245294829973,192
basic_appreq,981711,2245295856190,192
basic_appreq,1011923,2245296911770,192
basic_appreq,961391,2245297922316,192
basic_appreq,970968,2245298937508,192
basic_appreq,981647,2245299964648,192
basic_appreq,967984,2245301005842,192
basic_appreq,935455,2245301989570,192
basic_appreq,1073783,2245303107560,192
basic_appreq,1009868,2245304162608,192
basic_appreq,1001097,2245305212276,192
basic_appreq,1018903,2245306276585,192
basic_appreq,1062832,2245307383719,192
basic_appreq,991250,2245308419032,192
basic_appreq,1013573,2245309482190,192
basic_appreq,1021112,2245310547860,192
basic_appreq,1027447,2245311619438,192
basic_appreq,997168,2245312661474,192
basic_appreq,1019271,2245313729864,192
basic_appreq,992212,2245314771118,192
basic_appreq,1021871,2245315836374,192
basic_appreq,1029793,2245316910100,192
basic_appreq,1016113,2245317975747,192
basic_appreq,995370,2245319016028,192
basic_appreq,1058800,2245320118811,192
basic_appreq,1019605,2245321186626,192
basic_appreq,959895,2245322191022,192
basic_appreq,1037899,2245323273265,192
basic_appreq,1057059,2245324374408,192
basic_appreq,994374,2245325416668,192
basic_appreq,1008952,2245326470987,192
basic_appreq,1022947,2245327537816,192
basic_appreq,1044581,2245328626689,192
basic_appreq,996061,2245329674994,192
basic_appreq,1008449,2245330727344,192
basic_appreq,981698,2245331753964,192
basic_appreq,995310,2245332794824,192
basic_appreq,1018249,2245333860394,192
basic_appreq,1006099,2245334910780,192
basic_appreq,995867,2245335950791,192
basic_appreq,1064273,2245337059592,192
basic_appreq,1060908,2245338168212,192
basic_appreq,941540,2245339154951,192
basic_appreq,1024467,2245340223334,192
basic_appreq,1045819,2245341317374,192
basic_appreq,989435,2245342351808,192
basic_appreq,959851,2245343355902,192
basic_appreq,1021196,2245344420713,192
basic_appreq,964609,2245345434889,192
basic_appreq,1013644,2245346493071,192
basic_appreq,988327,2245347526723,192
basic_appreq,1012421,2245348583519,192
basic_appreq,976050,2245349609576,192
basic_appreq,1013989,2245350667130,192
basic_appreq,988036,2245351700686,192
basic_appreq,1015218,2245352761066,192
basic_appreq,980961,2245353791701,192
basic_appreq,1000666,2245354837129,192
basic_appreq,996453,2245355878511,192
basic_appreq,1030732,2245356953881,192
basic_appreq,996316,2245358000665,192
basic_appreq,989920,2245359034501,192
basic_appreq,988290,2245360067289,192
basic_appreq,990999,2245361106598,192
basic_appreq,959914,2245362110682,192
basic_appreq,1040259,2245363195358,192
basic_appreq,985713,2245364225155,192
basic_appreq,984360,2245365258577,192
basic_appreq,931499,2245366235513,192
basic_appreq,1074488,2245367354073,192
basic_appreq,964582,2245368363023,192
basic_appreq,881685,2245369293774,192
basic_appreq,825211,2245370162474,192
basic_appreq,947728,2245371154088,192
basic_appreq,1034789,2245372233411,192
basic_appreq,953011,2245373234281,192
basic_appreq,1084896,2245374362994,192
basic_appreq,978910,2245375386131,192
basic_appreq,1090814,2245376521639,192
basic_appreq,976384,2245377545946,192
basic_appreq,1018218,2245378608198,192
basic_appreq,1031855,2245379684166,192
basic_appreq,970975,2245380699498,192
basic_appreq,993699,2245381742105,192
basic_appreq,975682,2245382762816,192
basic_appreq,1047062,2245383853490,192
basic_appreq,972679,2245384870152,192
basic_appreq,998124,2245385915192,192
basic_appreq,990191,2245386949346,192
basic_appreq,1274716,2245388269121,192
basic_appreq,1038737,2245389357549,192
basic_appreq,1037097,2245390439004,192
basic_appreq,1011339,2245391494175,192
basic_appreq,987628,2245392526287,192
basic_appreq,968024,2245393542694,192
basic_appreq,1024841,2245394611302,192
basic_appreq,1014432,2245395670599,192
basic_appreq,966507,2245396680735,192
basic_appreq,1032803,2245397762023,192
basic_appreq,976812,2245398782961,192
basic_appreq,1051315,2245399878691,192
basic_appreq,1033415,2245400955561,192
basic_appreq,978997,2245401981572,192
basic_appreq,1005270,2245403030922,192
basic_appreq,1002427,2245404091887,192
basic_appreq,1003183,2245405146477,192
basic_appreq,1038120,2245406229814,192
basic_appreq,1038757,2245407313604,192
basic_appreq,1028914,2245408386388,192
basic_appreq,978312,2245409411717,192
basic_appreq,1018913,2245410474563,192
basic_appreq,890146,2245411409120,192
basic_appreq,1011732,2245412465357,192
basic_appreq,1005458,2245413517485,192
basic_appreq,924539,2245414486858,192
basic_appreq,1037217,2245415568229,192
basic_appreq,1025894,2245416638253,192
basic_appreq,1035227,2245417724449,192
basic_appreq,997635,2245418766469,192
basic_appreq,1008265,2245419818951,192
basic_appreq,1001966,2245420864509,192
basic_appreq,1029625,2245421942829,192
basic_appreq,964646,2245422951320,192
basic_appreq,983892,2245423979941,192
basic_appreq,953031,2245425002804,192
basic_appreq,964218,2245426014707,192
basic_appreq,1036019,2245427095411,192
basic_appreq,980601,2245428120506,192
basic_appreq,1000295,2245429170939,192
basic_appreq,928238,2245430143130,192
basic_appreq,960011,2245431147428,192
basic_appreq,1045451,2245432237106,192
basic_appreq,957342,2245433243927,192
basic_appreq,1036135,2245434324740,192
basic_appreq,985165,2245435354774,192
basic_appreq,1026853,2245436425874,192
basic_appreq,990538,2245437463643,192
basic_appreq,1022726,2245438529824,192
basic_appreq,974520,2245439547692,192
basic_appreq,1035655,2245440627566,192
basic_appreq,946318,2245441624935,192
basic_appreq,1059391,2245442728867,192
basic_appreq,975656,2245443756923,192
basic_appreq,1040379,2245444840977,192
basic_appreq,983134,2245445870560,192
basic_appreq,1000696,2245446915931,192
basic_appreq,1039902,2245448024552,192
basic_appreq,1026662,2245449102080,192
basic_appreq,980298,2245450127195,192
basic_appreq,1043363,2245451215349,192
basic_appreq,950615,2245452219113,192
basic_appreq,997595,2245453264929,192
basic_appreq,975866,2245454286048,192
basic_appreq,1015896,2245455346966,192
basic_appreq,996312,2245456389390,192
basic_appreq,991975,2245457428248,192
basic_appreq,986509,2245458458589,192
basic_appreq,1014791,2245459518355,192
basic_appreq,994274,2245460556429,192
basic_appreq,1023471,2245461627484,192
basic_appreq,995487,2245462666714,192
basic_appreq,1037909,2245463749412,192
basic_appreq,1003202,2245464797753,192
basic_appreq,994278,2245465840250,192
basic_appreq,1035991,2245466919935,192
basic_appreq,1065031,2245468029123,192
basic_appreq,1003556,2245469081006,192
basic_appreq,998424,2245470124423,192
basic_appreq,986415,2245471155382,192
basic_appreq,1057627,2245472257734,192
basic_appreq,1054656,2245473361379,192
basic_appreq,1013978,2245474419792,192
basic_appreq,1016654,2245475480246,192
basic_appreq,992867,2245476519505,192
basic_appreq,992563,2245477559630,192
basic_appreq,1022940,2245478627612,192
basic_appreq,981878,2245479653696,192
basic_appreq,1058770,2245480757081,192
basic_appreq,992596,2245481797674,192
basic_appreq,1012501,2245482854065,192
basic_appreq,962768,2245483861307,192
basic_appreq,1001895,2245484907132,192
basic_appreq,960766,2245485917081,192
basic_appreq,1068103,2245487029551,192
basic_appreq,1012825,2245488087091,192
basic_appreq,982996,2245489119193,192
basic_appreq,1040345,2245490203836,192
basic_appreq,1024864,2245491272406,192
basic_appreq,988643,2245492304989,192
basic_appreq,1019352,2245493375722,192
basic_appreq,986833,2245494407416,192
basic_appreq,984306,2245495435843,192
basic_appreq,1023819,2245496506030,192
basic_appreq,1043092,2245497596443,192
basic_appreq,1009217,2245498651491,192
basic_appreq,1047296,2245499743664,192
basic_appreq,1026498,2245500815279,192
basic_appreq,991237,2245501855414,192
basic_appreq,1019338,2245502919598,192
basic_appreq,981897,2245503944890,192
basic_appreq,1007817,2245504996566,192
basic_appreq,1036891,2245506082391,192
basic_appreq,958347,2245507084942,192
basic_appreq,1069402,2245508199136,192
basic_appreq,968905,2245509218724,192
basic_appreq,1031979,2245510295468,192
basic_appreq,1018880,2245511359721,192
basic_appreq,992152,2245512397293,192
basic_appreq,915641,2245513360168,192
basic_appreq,1000275,2245514405194,192
basic_appreq,907290,2245515372032,192
basic_appreq,917258,2245516336153,192
basic_appreq,944570,2245517330086,192
basic_appreq,942857,2245518317772,192
basic_appreq,971432,2245519334353,192
basic_appreq,1007723,2245520385922,192
basic_appreq,945586,2245521380354,192
basic_appreq,991701,2245522416325,192
basic_appreq,993021,2245523455176,192
basic_appreq,1022205,2245524521144,192
basic_appreq,1017781,2245525592444,192
basic_appreq,1037148,2245526673465,192
basic_appreq,1047736,2245527765362,192
basic_appreq,954645,2245528764945,192
basic_appreq,1035685,2245529851782,192
basic_appreq,1014407,2245530909961,192
basic_appreq,1010309,2245531964771,192
basic_appreq,1010082,2245533046236,192
basic_appreq,1037308,2245534132342,192
basic_appreq,1010938,2245535187323,192
basic_appreq,991393,2245536222199,192
basic_appreq,967068,2245537237460,192
basic_appreq,986900,2245538269192,192
basic_appreq,1038090,2245539353523,192
basic_appreq,997204,2245540395019,192
basic_appreq,979244,2245541426867,192
basic_appreq,993061,2245542464342,192
basic_appreq,1041852,2245543551130,192
basic_appreq,1010052,2245544605479,192
basic_appreq,1038855,2245545691388,192
basic_appreq,893079,2245546628684,192
basic_appreq,937076,2245547610210,192
basic_appreq,989679,2245548643823,192
basic_appreq,888642,2245549580143,192
basic_appreq,871087,2245550495145,192
basic_appreq,1073469,2245551612785,192
basic_appreq,972004,2245552628621,192
basic_appreq,1042754,2245553729135,192
basic_appreq,1013169,2245554786548,192
basic_appreq,1045695,2245555876233,192
basic_appreq,1043102,2245556965460,192
basic_appreq,981396,2245557993516,192
basic_appreq,1002778,2245559042402,192
basic_appreq,1049117,2245560136220,192
basic_appreq,973874,2245561158087,192
basic_appreq,1016287,2245562219200,192
basic_appreq,944818,2245563209150,192
basic_appreq,1051235,2245564304722,192
basic_appreq,1026451,2245565387390,192
basic_appreq,1016855,2245566448092,192
basic_appreq,990732,2245567483177,192
basic_appreq,1039088,2245568566216,192
basic_appreq,951006,2245569566698,192
basic_appreq,1052054,2245570663424,192
basic_appreq,1001171,2245571709726,192
basic_appreq,1024390,2245572778601,192
basic_appreq,1029048,2245573854505,192
basic_appreq,1026897,2245574925886,192
basic_appreq,1012505,2245575982691,192
basic_appreq,990962,2245577046056,192
basic_appreq,1037906,2245578132686,192
basic_appreq,1031848,2245579208976,192
basic_appreq,990686,2245580243928,192
basic_appreq,1019681,2245581311613,192
basic_appreq,991822,2245582347788,192
basic_appreq,989676,2245583382397,192
basic_appreq,969959,2245584397584,192
basic_appreq,1032199,2245585479277,192
basic_appreq,931629,2245586455259,192
basic_appreq,1026425,2245587525901,192
basic_appreq,972534,2245588542960,192
basic_appreq,993675,2245589585538,192
basic_appreq,1013346,2245590644586,192
basic_appreq,1018884,2245591708280,192
basic_appreq,994752,2245592747410,192
basic_appreq,997766,2245593795951,192
basic_appreq,951675,2245594792247,192
basic_appreq,1002090,2245595837942,192
basic_appreq,1028524,2245596910201,192
basic_appreq,1003637,2245597960919,192
basic_appreq,997717,2245599002567,192
basic_appreq,1006376,2245600053676,192
basic_appreq,988106,2245601095638,192
basic_appreq,1040448,2245602180017,192
basic_appreq,951020,2245603174869,192
basic_appreq,1047218,2245604266552,192
basic_appreq,1007722,2245605326194,192
basic_appreq,992079,2245606362409,192
basic_appreq,1039332,2245607446777,192
basic_appreq,1038705,2245608529201,192
basic_appreq,1035069,2245609613009,192
basic_appreq,1028237,2245610685598,192
basic_appreq,983759,2245611713433,192
basic_appreq,1043426,2245612801815,192
basic_appreq,935108,2245613786683,192
basic_appreq,1046142,2245614878864,192
basic_appreq,981393,2245615905416,192
basic_appreq,1040994,2245616990352,192
basic_appreq,1029136,2245618067805,192
basic_appreq,997214,2245619108909,192
basic_appreq,1027468,2245620180195,192
basic_appreq,1045066,2245621272837,192
basic_appreq,1012324,2245622329369,192
basic_appreq,980692,2245623353715,192
basic_appreq,1043880,2245624441462,192
basic_appreq,975472,2245625464021,192
basic_appreq,973517,2245626501115,192
basic_appreq,997625,2245627542737,192
basic_appreq,1032232,2245628619324,192
basic_appreq,1007169,2245629677235,192
basic_appreq,982790,2245630704060,192
basic_appreq,1012608,2245631760923,192
basic_appreq,1027391,2245632834401,192
basic_appreq,1004996,2245633888838,192
basic_appreq,1005401,2245634938459,192
basic_appreq,1044061,2245636026680,192
basic_appreq,1034118,2245637109378,192
basic_appreq,989325,2245638142215,192
basic_appreq,1039700,2245639225398,192
basic_appreq,1017517,2245640286908,192
basic_appreq,1018739,2245641354666,192
basic_appreq,1007573,2245642406974,192
basic_appreq,1031171,2245643482928,192
basic_appreq,1003116,2245644530551,192
basic_appreq,1022649,2245645602022,192
basic_appreq,1002785,2245646648626,192
basic_appreq,1012571,2245647705498,192
basic_appreq,1000312,2245648749883,192
basic_appreq,981062,2245649779583,192
basic_appreq,1033605,2245650857787,192
basic_appreq,984300,2245651886411,192
basic_appreq,1034083,2245652965309,192
basic_appreq,1040743,2245654055598,192
basic_appreq,1011038,2245655110850,192
basic_appreq,1024581,2245656179467,192
basic_appreq,1003533,2245657230598,192
basic_appreq,1028858,2245658304729,192
basic_appreq,930981,2245659279991,192
basic_appreq,1090650,2245660415346,192
basic_appreq,990592,2245661454802,192
basic_appreq,1029189,2245662527766,192
basic_appreq,1010229,2245663583486,192
basic_appreq,1030732,2245664658756,192
basic_appreq,991210,2245665698773,192
basic_appreq,1012812,2245666755027,192
basic_appreq,929547,2245667728531,192
basic_appreq,814008,2245668585918,192
basic_appreq,925281,2245669557744,192
basic_appreq,1038675,2245670640175,192
basic_appreq,980394,2245671664929,192
basic_appreq,972218,2245672681473,192
basic_appreq,989709,2245673718678,192
basic_appreq,918471,2245674681316,192
basic_appreq,931369,2245675656777,192
basic_appreq,972879,2245676674047,192
basic_appreq,957257,2245677678977,192
basic_appreq,944298,2245678667570,192
basic_appreq,971850,2245679683878,192
basic_appreq,1073987,2245680801380,192
basic_appreq,942081,2245681791267,192
basic_appreq,1036657,2245682872097,192
basic_appreq,974549,2245683891365,192
basic_appreq,1070903,2245685006648,192
basic_appreq,978296,2245686032829,192
basic_appreq,1045775,2245687122453,192
basic_appreq,1030873,2245688197560,192
basic_appreq,989686,2245689236960,192
basic_appreq,1057844,2245690338697,192
basic_appreq,1004996,2245691387650,192
basic_appreq,1017149,2245692448340,192
basic_appreq,1080810,2245693580184,192
basic_appreq,1025834,2245694649516,192
basic_appreq,1012681,2245695706041,192
basic_appreq,927543,2245696677279,192
basic_appreq,1055994,2245697784867,192
basic_appreq,1028851,2245698857798,192
basic_appreq,1064908,2245699966907,192
basic_appreq,1018312,2245701056965,192
basic_appreq,993236,2245702096846,192
basic_appreq,985058,2245703126777,192
basic_appreq,997078,2245704168081,192
basic_appreq,1037581,2245705254464,192
basic_appreq,1019929,2245706318567,192
basic_appreq,957515,2245707320296,192
basic_appreq,986936,2245708351486,192
basic_appreq,988647,2245709388089,192
basic_appreq,1018268,2245710450862,192
basic_appreq,1026395,2245711521003,192
basic_appreq,1019615,2245712584641,192
basic_appreq,999299,2245713631709,192
basic_appreq,999911,2245714678193,192
basic_appreq,1014015,2245715735917,192
basic_appreq,1034502,2245716815491,192
basic_appreq,1044940,2245717907808,192
basic_appreq,960465,2245718912197,192
basic_appreq,1079453,2245720035262,192
basic_appreq,950789,2245721037149,192
basic_appreq,1038214,2245722120047,192
basic_appreq,971786,2245723137232,192
basic_appreq,1024156,2245724205319,192
basic_appreq,1009645,2245725264573,192
basic_appreq,1013213,2245726321138,192
basic_appreq,1025794,2245727392010,192
basic_appreq,1012398,2245728448341,192
basic_appreq,1017249,2245729514268,192
basic_appreq,1010761,2245730569095,192
basic_appreq,997004,2245731611338,192
basic_appreq,1020698,2245732675970,192
basic_appreq,997913,2245733722283,192
basic_appreq,1020133,2245734786198,192
basic_appreq,1031447,2245735862635,192
basic_appreq,899552,2245736805922,192
basic_appreq,1004903,2245737873690,192
basic_appreq,984761,2245738903062,192
basic_appreq,1024136,2245739971513,192
basic_appreq,999093,2245741068863,192
basic_appreq,1032111,2245742149258,192
basic_appreq,1006510,2245743200029,192
basic_appreq,1061714,2245744305712,192
basic_appreq,1032152,2245745384638,192
basic_appreq,1026592,2245746454588,192
basic_appreq,999176,2245747498562,192
basic_appreq,1058105,2245748601368,192
basic_appreq,885685,2245749538260,192
basic_appreq,1010393,2245750592971,192
basic_appreq,920787,2245751557820,192
basic_appreq,1055027,2245752656914,192
basic_appreq,977720,2245753680706,192
basic_appreq,910685,2245754635355,192
basic_appreq,914298,2245755593866,192
basic_appreq,1049467,2245756687470,192
basic_appreq,943859,2245757679077,192
basic_appreq,1008909,2245758734091,192
basic_appreq,962750,2245759740732,192
basic_appreq,1028035,2245760812724,192
basic_appreq,975622,2245761837572,192
basic_appreq,1050263,2245762932429,192
basic_appreq,981105,2245763959810,192
basic_appreq,939565,2245764972709,192
basic_appreq,948119,2245765968062,192
basic_appreq,971463,2245766985071,192
basic_appreq,915980,2245767945938,192
basic_appreq,1029653,2245769020198,192
basic_appreq,986879,2245770054576,192
basic_appreq,983935,2245771081860,192
basic_appreq,901095,2245772027256,192
basic_appreq,1041455,2245773116185,192
basic_appreq,1000672,2245774161613,192
basic_appreq,946118,2245775151924,192
basic_appreq,1032309,2245776229463,192
basic_appreq,970961,2245777248384,192
basic_appreq,1066398,2245778359096,192
basic_appreq,982085,2245779385113,192
basic_appreq,999146,2245780429114,192
basic_appreq,984049,2245781460668,192
basic_appreq,982582,2245782488146,192
basic_appreq,959918,2245783493246,192
basic_appreq,1004923,2245784543509,192
basic_appreq,952713,2245785545648,192
basic_appreq,1055973,2245786646928,192
basic_appreq,880676,2245787571901,192
basic_appreq,902603,2245788519081,192
basic_appreq,992790,2245789559864,192
basic_appreq,1022369,2245790627255,192
basic_appreq,1032770,2245791704018,192
basic_appreq,1020003,2245792768298,192
basic_appreq,1069546,2245793885767,192
basic_appreq,998190,2245794927987,192
basic_appreq,980053,2245795951839,192
basic_appreq,1049841,2245797045340,192
basic_appreq,1025042,2245798118812,192
basic_appreq,1015863,2245799178865,192
basic_appreq,1048108,2245800273047,192
basic_appreq,1004876,2245801325425,192
basic_appreq,990275,2245802359412,192
basic_appreq,1000406,2245803404248,192
basic_appreq,1067511,2245804515896,192
basic_appreq,1033111,2245805597438,192
basic_appreq,1011777,2245806653260,192
basic_appreq,1049491,2245807746507,192
basic_appreq,1047022,2245808838133,192
basic_appreq,985239,2245809870479,192
basic_appreq,1056826,2245810971361,192
basic_appreq,1065350,2245812081328,192
basic_appreq,1007189,2245813137729,192
basic_appreq,990736,2245814174596,192
basic_appreq,1021917,2245815240250,192
basic_appreq,983321,2245816267971,192
basic_appreq,1006972,2245817324212,192
basic_appreq,994124,2245818362208,192
basic_appreq,1016303,2245819422388,192
basic_appreq,1006203,2245820473256,192
basic_appreq,1062565,2245821584175,192
basic_appreq,1008896,2245822637839,192
basic_appreq,1005858,2245823687490,192
basic_appreq,1008966,2245824741749,192
basic_appreq,1056631,2245825845993,192
basic_appreq,972845,2245826864469,192
basic_appreq,995992,2245827907036,192
basic_appreq,1039566,2245828991689,192
basic_appreq,1015061,2245830056083,192
basic_appreq,987417,2245831088419,192
basic_appreq,1059669,2245832192194,192
basic_appreq,1004161,2245833243686,192
basic_appreq,1004556,2245834294093,192
basic_appreq,989716,2245835327916,192
basic_appreq,1016217,2245836388767,192
basic_appreq,988957,2245837428000,192
basic_appreq,1031277,2245838504590,192
basic_appreq,1027450,2245839577648,192
basic_appreq,1007072,2245840629514,192
basic_appreq,1028644,2245841707992,192
basic_appreq,986681,2245842738450,192
basic_appreq,1038664,2245843820677,192
basic_appreq,1023184,2245844888104,192
basic_appreq,957084,2245845892356,192
basic_appreq,1048579,2245846985315,192
basic_appreq,998718,2245848027902,192
basic_appreq,1001130,2245849093703,192
basic_appreq,1017895,2245850156626,192
basic_appreq,1030722,2245851232377,192
basic_appreq,1015362,2245852292283,192
basic_appreq,1069065,2245853409805,192
basic_appreq,938182,2245854392215,192
basic_appreq,1224962,2245855661804,192
basic_appreq,1071808,2245856778063,192
basic_appreq,1027318,2245857857359,192
basic_appreq,1060206,2245858962087,192
basic_appreq,992707,2245860021195,192
basic_appreq,1029857,2245861101286,192
basic_appreq,1010613,2245862155952,192
basic_appreq,1006999,2245863206747,192
basic_appreq,1008040,2245864260187,192
basic_appreq,1062664,2245865372633,192
basic_appreq,1012551,2245866429515,192
basic_appreq,1033003,2245867506563,192
basic_appreq,915273,2245868466995,192
basic_appreq,1003865,2245869518050,192
basic_appreq,996780,2245870559107,192
basic_appreq,961482,2245871565263,192
basic_appreq,953723,2245872563888,192
basic_appreq,1011970,2245873621411,192
basic_appreq,931663,2245874597501,192
basic_appreq,899802,2245875542333,192
basic_appreq,909419,2245876495674,192
basic_appreq,863956,2245877404969,192
basic_appreq,960041,2245878408867,192
basic_appreq,925388,2245879377776,192
basic_appreq,952165,2245880374883,192
basic_appreq,925571,2245881346870,192
basic_appreq,894689,2245882286700,192
basic_appreq,1228431,2245883560071,192
basic_appreq,990381,2245884594596,192
basic_appreq,886006,2245885526710,192
basic_appreq,1010958,2245886581313,192
basic_appreq,922119,2245887547636,192
basic_appreq,847686,2245888439392,192
basic_appreq,982067,2245889467061,192
basic_appreq,920832,2245890431536,192
basic_appreq,983675,2245891459745,192
basic_appreq,911797,2245892415897,192
basic_appreq,971171,2245893433605,192
basic_appreq,963840,2245894441154,192
basic_appreq,905780,2245895391275,192
basic_appreq,883907,2245896319021,192
basic_appreq,875186,2245897240643,192
basic_appreq,816698,2245898102022,192
basic_appreq,781546,2245898928213,192
basic_appreq,807733,2245899781543,192
basic_appreq,920903,2245900746867,192
basic_appreq,1010621,2245901804130,192
basic_appreq,1001335,2245902850433,192
basic_appreq,861480,2245903755381,192
basic_appreq,953349,2245904752609,192
basic_appreq,1029295,2245905829313,192
basic_appreq,928224,2245906801383,192
basic_appreq,1028433,2245907873595,192
basic_appreq,1035247,2245908952721,192
basic_appreq,954357,2245909956257,192
basic_appreq,979371,2245910979559,192
basic_appreq,1013317,2245912037740,192
basic_appreq,1073759,2245913158975,192
basic_appreq,992686,2245914195685,192
basic_appreq,998518,2245915237962,192
basic_appreq,1059011,2245916341323,192
basic_appreq,926226,2245917321560,192
basic_appreq,1048331,2245918413797,192
basic_appreq,1002058,2245919461266,192
basic_appreq,1088147,2245920592835,192
basic_appreq,925535,2245921565892,192
basic_appreq,1023328,2245922634475,192
basic_appreq,1035948,2245923715926,192
basic_appreq,1027086,2245924786625,192
basic_appreq,998190,2245925834078,192
basic_appreq,1021524,2245926899798,192
basic_appreq,975505,2245927920479,192
basic_appreq,1053959,2245929018902,192
basic_appreq,960366,2245930026164,192
basic_appreq,1008524,2245931078422,192
basic_appreq,937655,2245932062003,192
basic_appreq,1039443,2245933147896,192
basic_appreq,1011362,2245934205008,192
basic_appreq,1045494,2245935294302,192
basic_appreq,1005913,2245936345584,192
basic_appreq,1041478,2245937435850,192
basic_appreq,1000018,2245938479757,192
basic_appreq,1038334,2245939563681,192
basic_appreq,1044298,2245940652196,192
basic_appreq,1032740,2245941732285,192
basic_appreq,1174052,2245942950420,192
basic_appreq,1041792,2245944037682,192
basic_appreq,1009909,2245945097204,192
basic_appreq,1067010,2245946207869,192
basic_appreq,994980,2245947247172,192
basic_appreq,1060290,2245948351271,192
basic_appreq,998154,2245949398143,192
basic_appreq,1049801,2245950492653,192
basic_appreq,944146,2245951481931,192
basic_appreq,1050597,2245952577033,192
basic_appreq,957541,2245953584820,192
basic_appreq,1024711,2245954653600,192
basic_appreq,991483,2245955690735,192
basic_appreq,1034892,2245956769767,192
basic_appreq,994749,2245957819148,192
basic_appreq,1002942,2245958865764,192
basic_appreq,986833,2245959913317,192
basic_appreq,1013364,2245960970069,192
basic_appreq,1036910,2245962053496,192
basic_appreq,991032,2245963089180,192
basic_appreq,982399,2245964115818,192
basic_appreq,1029499,2245965194229,192
basic_appreq,992369,2245966230809,192
basic_appreq,1034161,2245967309233,192
basic_appreq,1010272,2245968363806,192
basic_appreq,1001447,2245969412595,192
basic_appreq,995728,2245970453382,192
basic_appreq,998785,2245971499238,192
basic_appreq,1077840,2245972621558,192
basic_appreq,997970,2245973669037,192
basic_appreq,1017105,2245974729972,192
basic_appreq,1030589,2245975804009,192
basic_appreq,1013441,2245976862222,192
basic_appreq,1021253,2245977930731,192
basic_appreq,1006023,2245978980960,192
basic_appreq,1058188,2245980083954,192
basic_appreq,995513,2245981128831,192
basic_appreq,1056582,2245982230207,192
basic_appreq,973700,2245983247724,192
basic_appreq,1034591,2245984326883,192
basic_appreq,985913,2245985360502,192
basic_appreq,1031809,2245986436427,192
basic_appreq,961347,2245987441972,192
basic_appreq,999870,2245988486871,192
basic_appreq,1006266,2245989539483,192
basic_appreq,993943,2245990577647,192
basic_appreq,967653,2245991591271,192
basic_appreq,979663,2245992614759,192
basic_appreq,905730,2245993566410,192
basic_appreq,970122,2245994580896,192
basic_appreq,1016641,2245995641430,192
basic_appreq,895629,2245996581917,192
basic_appreq,948616,2245997577645,192
basic_appreq,978479,2245998600595,192
basic_appreq,986809,2245999631384,192
basic_appreq,1068039,2246000743035,192
basic_appreq,1008315,2246001797448,192
basic_appreq,1017587,2246002859109,192
basic_appreq,1042036,2246003945074,192
basic_appreq,1066232,2246005055158,192
basic_appreq,1037726,2246006142560,192
basic_appreq,1028454,2246007215347,192
basic_appreq,1025455,2246008285482,192
basic_appreq,1035023,2246009369516,192
basic_appreq,983264,2246010397358,192
basic_appreq,1014096,2246011456673,192
basic_appreq,1023064,2246012524893,192
basic_appreq,1004131,2246013578149,192
basic_appreq,979729,2246014601968,192
basic_appreq,1019418,2246015666639,192
basic_appreq,968893,2246016680263,192
basic_appreq,931158,2246017664138,192
basic_appreq,1032753,2246018741390,192
basic_appreq,1026596,2246019811794,192
basic_appreq,958718,2246020815588,192
basic_appreq,1164566,2246022028521,192
basic_appreq,1044188,2246023116785,192
basic_appreq,995003,2246024156068,192
basic_appreq,1049795,2246025252349,192
basic_appreq,1042368,2246026338752,192
basic_appreq,1031143,2246027414984,192
basic_appreq,1031320,2246028491274,192
basic_appreq,1010483,2246029550545,192
basic_appreq,1012799,2246030607337,192
basic_appreq,1024397,2246031675830,192
basic_appreq,976367,2246032696422,192
basic_appreq,1061577,2246033807595,192
basic_appreq,1001534,2246034852982,192
basic_appreq,1012194,2246035910639,192
basic_appreq,972699,2246036928965,192
basic_appreq,1039053,2246038017965,192
basic_appreq,1007736,2246039070075,192
basic_appreq,1030458,2246040145743,192
basic_appreq,1032740,2246041226135,192
basic_appreq,990352,2246042260653,192
basic_appreq,967938,2246043273435,192
basic_appreq,1064343,2246044381591,192
basic_appreq,1004569,2246045434483,192
basic_appreq,1018853,2246046497524,192
basic_appreq,981957,2246047525606,192
basic_appreq,1008509,2246048578134,192
basic_appreq,986114,2246049611373,192
basic_appreq,1039079,2246050695271,192
basic_appreq,1037983,2246051777267,192
basic_appreq,1026406,2246052847832,192
basic_appreq,983404,2246053881280,192
basic_appreq,998504,2246054924382,192
basic_appreq,983654,2246055953725,192
basic_appreq,1056107,2246057054282,192
basic_appreq,1020271,2246058122953,192
basic_appreq,1044014,2246059211077,192
basic_appreq,1020224,2246060275116,192
basic_appreq,1006120,2246061329529,192
basic_appreq,1007829,2246062380968,192
basic_appreq,1095021,2246063521045,192
basic_appreq,1019989,2246064585291,192
basic_appreq,1046280,2246065683821,192
basic_appreq,951631,2246066680644,192
basic_appreq,1038889,2246067764241,192
basic_appreq,961622,2246068770614,192
basic_appreq,1030866,2246069851207,192
basic_appreq,965421,2246070861359,192
basic_appreq,1010917,2246071932001,192
basic_appreq,1064875,2246073041641,192
basic_appreq,982997,2246074072477,192
basic_appreq,994207,2246075111489,192
basic_appreq,1031167,2246076187006,192
basic_appreq,1036503,2246077274409,192
basic_appreq,983571,2246078302999,192
basic_appreq,939989,2246079287038,192
basic_appreq,1010550,2246080342143,192
basic_appreq,956793,2246081345031,192
basic_appreq,1001047,2246082389940,192
basic_appreq,1026262,2246083460773,192
basic_appreq,966748,2246084472004,192
basic_appreq,1002096,2246085523888,192
basic_appreq,955327,2246086523164,192
basic_appreq,985199,2246087554461,192
basic_appreq,1043887,2246088641904,192
basic_appreq,968318,2246089658612,192
basic_appreq,989071,2246090692191,192
basic_appreq,1047326,2246091783860,192
basic_appreq,987911,2246092816487,192
basic_appreq,1018059,2246093883146,192
basic_appreq,992807,2246094920354,192
basic_appreq,977157,2246095941891,192
basic_appreq,1019750,2246097006609,192
basic_appreq,1033188,2246098085951,192
basic_appreq,1047292,2246099177571,192
basic_appreq,1018118,2246100239308,192
basic_appreq,993292,2246101281939,192
basic_appreq,1015539,2246102341374,192
basic_appreq,997251,2246103383039,192
basic_appreq,1017909,2246104445735,192
basic_appreq,1050955,2246105544739,192
basic_appreq,1004429,2246106594006,192
basic_appreq,1015268,2246107653190,192
basic_appreq,955072,2246108652697,192
basic_appreq,1037091,2246109738700,192
basic_appreq,971766,2246110754562,192
basic_appreq,996826,2246111796341,192
basic_appreq,993566,2246112835273,192
basic_appreq,1001456,2246113887180,192
basic_appreq,995274,2246114926487,192
basic_appreq,991126,2246115961870,192
basic_appreq,905984,2246116935254,192
basic_appreq,1026442,2246118008532,192
basic_appreq,1028447,2246119082545,192
basic_appreq,849391,2246119975157,192
basic_appreq,977469,2246121019596,192
basic_appreq,956563,2246122023185,192
basic_appreq,1048642,2246123115660,192
basic_appreq,989195,2246124149366,192
basic_appreq,1039780,2246125236131,192
basic_appreq,971723,2246126252211,192
basic_appreq,989991,2246127286976,192
basic_appreq,761995,2246128093780,192
basic_appreq,768404,2246128911854,192
basic_appreq,710662,2246129745941,192
basic_appreq,859027,2246130649232,192
basic_appreq,940336,2246131633669,192
basic_appreq,863845,2246132541971,192
basic_appreq,959219,2246133547931,192
basic_appreq,727085,2246134319119,192
basic_appreq,936799,2246135306911,192
basic_appreq,955269,2246136307841,192
basic_appreq,1044305,2246137402257,192
basic_appreq,997071,2246138445012,192
basic_appreq,1040549,2246139530399,192
basic_appreq,1013794,2246140588421,192
basic_appreq,1053851,2246141690138,192
basic_appreq,976180,2246142710578,192
basic_appreq,1038795,2246143793233,192
basic_appreq,1014874,2246144852380,192
basic_appreq,1024414,2246145923236,192
basic_appreq,945686,2246146912762,192
basic_appreq,1004626,2246147961207,192
basic_appreq,974566,2246149006922,192
basic_appreq,1003723,2246150057291,192
basic_appreq,862889,2246150964960,192
basic_appreq,913144,2246151921643,192
basic_appreq,1082798,2246153048671,192
basic_appreq,995424,2246154092127,192
basic_appreq,911541,2246155048089,192
basic_appreq,1024277,2246156117314,192
basic_appreq,999132,2246157165853,192
basic_appreq,988744,2246158199198,192
basic_appreq,1034171,2246159277776,192
basic_appreq,1015976,2246160337217,192
basic_appreq,981965,2246161370489,192
basic_appreq,1068229,2246162482939,192
basic_appreq,971723,2246163498858,192
basic_appreq,1105192,2246164647633,192
basic_appreq,959671,2246165654487,192
basic_appreq,1012474,2246166710771,192
basic_appreq,1023541,2246167778533,192
basic_appreq,1106412,2246168928780,192
basic_appreq,979071,2246169957337,192
basic_appreq,1048482,2246171050347,192
basic_appreq,974443,2246172069227,192
basic_appreq,1072306,2246173194251,192
basic_appreq,956670,2246174195010,192
basic_appreq,1029780,2246175269606,192
basic_appreq,960272,2246176275321,192
basic_appreq,1033185,2246177357821,192
basic_appreq,992383,2246178395353,192
basic_appreq,992128,2246179432133,192
basic_appreq,1012612,2246180491334,192
basic_appreq,965715,2246181525067,192
basic_appreq,923971,2246182494340,192
basic_appreq,885835,2246183424609,192
basic_appreq,740035,2246184208983,192
basic_appreq,860427,2246185120053,192
basic_appreq,1027685,2246186192442,192
basic_appreq,967887,2246187206223,192
basic_appreq,1051088,2246188300846,192
basic_appreq,1021991,2246189372668,192
basic_appreq,1045972,2246190463275,192
basic_appreq,961943,2246191468936,192
basic_appreq,1048786,2246192561832,192
basic_appreq,961261,2246193574304,192
basic_appreq,979936,2246194598416,192
basic_appreq,1013727,2246195657263,192
basic_appreq,999894,2246196702741,192
basic_appreq,935903,2246197689169,192
basic_appreq,1022426,2246198755361,192
basic_appreq,1014078,2246199814017,192
basic_appreq,1065346,2246200923429,192
basic_appreq,990712,2246201961747,192
basic_appreq,989647,2246202995203,192
basic_appreq,1045504,2246204084847,192
basic_appreq,970744,2246205106483,192
basic_appreq,1009624,2246206161177,192
basic_appreq,905506,2246207117399,192
basic_appreq,1050957,2246208214365,192
basic_appreq,885932,2246209149867,192
basic_appreq,1008652,2246210202712,192
basic_appreq,988730,2246211235813,192
basic_appreq,928314,2246212208525,192
basic_appreq,794156,2246213052105,192
basic_appreq,940802,2246214037993,192
basic_appreq,989954,2246215073567,192
basic_appreq,1051940,2246216169743,192
basic_appreq,910946,2246217127248,192
basic_appreq,966326,2246218138357,192
basic_appreq,985436,2246219167616,192
basic_appreq,1024703,2246220236149,192
basic_appreq,968649,2246221254427,192
basic_appreq,1009024,2246222307247,192
basic_appreq,981851,2246223333819,192
basic_appreq,1050867,2246224428766,192
basic_appreq,943214,2246225420637,192
basic_appreq,1036283,2246226501050,192
basic_appreq,1024901,2246227569861,192
basic_appreq,990081,2246228604940,192
basic_appreq,1008976,2246229665711,192
basic_appreq,1008291,2246230717996,192
basic_appreq,990703,2246231753175,192
basic_appreq,1026509,2246232824255,192
basic_appreq,956473,2246233831587,192
basic_appreq,1099962,2246234975921,192
basic_appreq,980457,2246236025008,192
basic_appreq,1071036,2246237144264,192
basic_appreq,940634,2246238129165,192
basic_appreq,1014479,2246239187076,192
basic_appreq,1041973,2246240272861,192
basic_appreq,1034571,2246241357057,192
basic_appreq,953299,2246242354615,192
basic_appreq,1015583,2246243414942,192
basic_appreq,955955,2246244414555,192
basic_appreq,1031494,2246245493461,192
basic_appreq,1001264,2246246538267,192
basic_appreq,1045574,2246247627581,192
basic_appreq,1007496,2246248679214,192
basic_appreq,988487,2246249714564,192
basic_appreq,1036944,2246250795918,192
basic_appreq,986331,2246251826470,192
basic_appreq,968810,2246252840171,192
basic_appreq,1056485,2246253943726,192
basic_appreq,956098,2246254944456,192
basic_appreq,1063214,2246256051616,192
basic_appreq,1010586,2246257111359,192
basic_appreq,915992,2246258072165,192
basic_appreq,1100695,2246259217040,192
basic_appreq,1002738,2246260263216,192
basic_appreq,6441331,2246266759446,192
basic_appreq,1045124,2246267852703,192
basic_appreq,1244436,2246269141476,192
basic_appreq,1201726,2246270390446,192
basic_appreq,1330096,2246271764825,192
basic_appreq,1539081,2246273350268,192
basic_appreq,1143927,2246274544305,192
basic_appreq,1350556,2246275939348,192
basic_appreq,1205668,2246277189448,192
basic_appreq,1507508,2246278746713,192
basic_appreq,1085557,2246279876204,192
basic_appreq,1356419,2246281276570,192
basic_appreq,1040336,2246282366582,192
basic_appreq,1078007,2246283490346,192
basic_appreq,1315952,2246284850775,192
basic_appreq,1078424,2246285978816,192
basic_appreq,1328843,2246287351054,192
basic_appreq,1103511,2246288499000,192
basic_appreq,1044228,2246289599537,192
basic_appreq,1204649,2246290848972,192
basic_appreq,1162233,2246292055265,192
basic_appreq,1212081,2246293316594,192
basic_appreq,1118147,2246294478768,192
basic_appreq,1230322,2246295753962,192
basic_appreq,1151166,2246296950124,192
basic_appreq,1211409,2246298211219,192
basic_appreq,1120830,2246299375952,192
basic_appreq,1457511,2246300878341,192
basic_appreq,1174049,2246302101532,192
basic_appreq,1180511,2246303342472,192
basic_appreq,1191919,2246304578892,192
basic_appreq,1456359,2246306082865,192
basic_appreq,1174693,2246307302695,192
basic_appreq,1534263,2246308882050,192
basic_appreq,1164652,2246310096373,192
basic_appreq,1113258,2246311253464,192
basic_appreq,1037990,2246312335901,192
basic_appreq,1061547,2246313454219,192
basic_appreq,1013924,2246314513934,192
basic_appreq,1104286,2246315662644,192
basic_appreq,969845,2246316679106,192
basic_appreq,1070398,2246317800473,192
basic_appreq,991069,2246318836302,192
basic_appreq,1088993,2246319970229,192
basic_appreq,920863,2246320966382,192
basic_appreq,1007682,2246322028015,192
basic_appreq,1330316,2246323403320,192
basic_appreq,1118150,2246324565474,192
basic_appreq,1301039,2246325917359,192
basic_appreq,1075376,2246327039499,192
basic_appreq,1023104,2246328107621,192
basic_appreq,1093390,2246329248523,192
basic_appreq,1008713,2246330301459,192
basic_appreq,1095679,2246331442121,192
basic_appreq,1179111,2246332665535,192
basic_appreq,1181116,2246333896014,192
basic_appreq,1150725,2246335090716,192
basic_appreq,1230602,2246336365498,192
basic_appreq,1430429,2246337845440,192
basic_appreq,1178114,2246339068166,192
basic_appreq,1436470,2246340549084,192
basic_appreq,1148645,2246341746378,192
basic_appreq,1090066,2246342880959,192
basic_appreq,1030659,2246343955924,192
basic_appreq,1047463,2246345047333,192
basic_appreq,1401161,2246346498585,192
basic_appreq,1331365,2246347876403,192
basic_appreq,1372853,2246349292511,192
basic_appreq,1020955,2246350361020,192
basic_appreq,1066389,2246351472475,192
basic_appreq,1078214,2246352595343,192
basic_appreq,1211723,2246353854872,192
basic_appreq,1123964,2246355023163,192
basic_appreq,1505066,2246356572747,192
basic_appreq,1130534,2246357750083,192
basic_appreq,1231553,2246359026276,192
basic_appreq,1147494,2246360217753,192
basic_appreq,1428069,2246361693625,192
basic_appreq,1191652,2246362929426,192
basic_appreq,1491456,2246364464792,192
basic_appreq,1141667,2246365654642,192
basic_appreq,1506061,2246367204526,192
basic_appreq,5363925,2246372612525,192
basic_appreq,1187775,2246373847986,192
basic_appreq,1101740,2246374994074,192
basic_appreq,1031922,2246376071292,192
basic_appreq,1036997,2246377165511,192
basic_appreq,1093918,2246378303997,192
basic_appreq,1025132,2246379373653,192
basic_appreq,1064424,2246380483323,192
basic_appreq,1032372,2246381563251,192
basic_appreq,1351765,2246382959540,192
basic_appreq,1079524,2246384083196,192
basic_appreq,1077585,2246385215324,192
basic_appreq,1053297,2246386313366,192
basic_appreq,1097805,2246387455250,192
basic_appreq,1031234,2246388532264,192
basic_appreq,1087740,2246389675876,192
basic_appreq,1047734,2246390767997,192
basic_appreq,1019345,2246391832611,192
basic_appreq,1050616,2246392931518,192
basic_appreq,1082533,2246394060638,192
basic_appreq,1050036,2246395157376,192
basic_appreq,1118410,2246396319306,192
basic_appreq,1035045,2246397404977,192
basic_appreq,1081375,2246398530599,192
basic_appreq,973036,2246399547514,192
basic_appreq,1091068,2246400683110,192
basic_appreq,1035429,2246401767552,192
basic_appreq,1098248,2246402909844,192
basic_appreq,1043312,2246403996829,192
basic_appreq,1377481,2246405455783,192
basic_appreq,1017660,2246406519388,192
basic_appreq,1101831,2246407665509,192
basic_appreq,1024998,2246408736482,192
basic_appreq,1360530,2246410149943,192
basic_appreq,1025503,2246411219412,192
basic_appreq,1092451,2246412356515,192
basic_appreq,966754,2246413372599,192
basic_appreq,1280266,2246414697328,192
basic_appreq,1039242,2246415781947,192
basic_appreq,1394799,2246417220829,192
basic_appreq,1026382,2246418296684,192
basic_appreq,1108804,2246419450948,192
basic_appreq,1038825,2246420533075,192
basic_appreq,1092117,2246421674662,192
basic_appreq,980725,2246422699309,192
basic_appreq,1097410,2246423840599,192
basic_appreq,1016952,2246424903164,192
basic_appreq,1048716,2246426002519,192
basic_appreq,1030512,2246427077586,192
basic_appreq,1118094,2246428240140,192
basic_appreq,1317993,2246429609841,192
basic_appreq,1069709,2246430724634,192
basic_appreq,970509,2246431769035,192
basic_appreq,1108904,2246432921759,192
basic_appreq,994317,2246433965065,192
basic_appreq,1087656,2246435097202,192
basic_appreq,1060404,2246436202171,192
basic_appreq,1037378,2246437286309,192
basic_appreq,1005708,2246438337517,192
basic_appreq,1136779,2246439518850,192
basic_appreq,1033709,2246440595974,192
basic_appreq,1076475,2246441724209,192
basic_appreq,1004770,2246442774121,192
basic_appreq,1102061,2246443921007,192
basic_appreq,1040125,2246445006976,192
basic_appreq,1071771,2246446130015,192
basic_appreq,1019892,2246447193800,192
basic_appreq,1117826,2246448356612,192
basic_appreq,1025918,2246449434672,192
basic_appreq,1078030,2246450556862,192
basic_appreq,1026214,2246451626462,192
basic_appreq,1024483,2246452694701,192
basic_appreq,1033940,2246453778461,192
basic_appreq,1325568,2246455148310,192
basic_appreq,1052422,2246456245473,192
basic_appreq,1092452,2246457388476,192
basic_appreq,1009427,2246458442475,192
basic_appreq,1069266,2246459556117,192
basic_appreq,1050700,2246460651085,192
basic_appreq,1059732,2246461763187,192
basic_appreq,1014156,2246462822605,192
basic_appreq,1074317,2246463941681,192
basic_appreq,1050777,2246465035924,192
basic_appreq,1046256,2246466132676,192
basic_appreq,986305,2246467163013,192
basic_appreq,1106877,2246468314565,192
basic_appreq,1040268,2246469414868,192
basic_appreq,1056519,2246470516395,192
basic_appreq,1022589,2246471583936,192
basic_appreq,1371168,2246472999008,192
basic_appreq,1034501,2246474081465,192
basic_appreq,1031440,2246475158846,192
basic_appreq,1030324,2246476234451,192
basic_appreq,1081923,2246477377741,192
basic_appreq,1020851,2246478442690,192
basic_appreq,1108142,2246479595006,192
basic_appreq,1300227,2246480939834,192
basic_appreq,1102633,2246482094485,192
basic_appreq,992079,2246483131473,192
basic_appreq,1109849,2246484287214,192
basic_appreq,1016034,2246485353676,192
basic_appreq,1074027,2246486474666,192
basic_appreq,1030268,2246487548452,192
basic_appreq,1062125,2246488655298,192
basic_appreq,1045732,2246489753397,192
basic_appreq,1038053,2246490835544,192
basic_appreq,1025991,2246491906336,192
basic_appreq,1034929,2246492986110,192
basic_appreq,1016057,2246494048466,192
basic_appreq,1057210,2246495149775,192
basic_appreq,995951,2246496190171,192
basic_appreq,1097647,2246497344011,192
basic_appreq,1022696,2246498411164,192
basic_appreq,1043509,2246499498847,192
basic_appreq,1052098,2246500595202,192
basic_appreq,990254,2246501632456,192
basic_appreq,1038551,2246502714642,192
basic_appreq,1321298,2246504080114,192
basic_appreq,1051496,2246505188859,192
basic_appreq,1095034,2246506330064,192
basic_appreq,1005852,2246507380514,192
basic_appreq,1066832,2246508491340,192
basic_appreq,1328930,2246509873599,192
basic_appreq,1064537,2246510982841,192
basic_appreq,1047633,2246512075834,192
basic_appreq,1390900,2246513531887,192
basic_appreq,1044686,2246514621325,192
basic_appreq,1055549,2246515720329,192
basic_appreq,1050841,2246516815160,192
basic_appreq,1036158,2246517901185,192
basic_appreq,993322,2246518940201,192
basic_appreq,1099602,2246520084280,192
basic_appreq,1114759,2246521256371,192
basic_appreq,1484108,2246522785064,192
basic_appreq,1138362,2246523971172,192
basic_appreq,1475473,2246525518148,192
basic_appreq,1117583,2246526686553,192
basic_appreq,1200019,2246527930401,192
basic_appreq,1125621,2246529099785,192
basic_appreq,1442524,2246530591088,192
basic_appreq,1091365,2246531727175,192
basic_appreq,1046968,2246532818460,192
basic_appreq,1041879,2246533908670,192
basic_appreq,1068163,2246535022683,192
basic_appreq,1321896,2246536389033,192
basic_appreq,1036115,2246537472580,192
basic_appreq,996817,2246538514522,192
basic_appreq,1051999,2246539610539,192
basic_appreq,1350338,2246541005064,192
basic_appreq,1383816,2246542436555,192
basic_appreq,1009485,2246543491075,192
basic_appreq,1063524,2246544598352,192
basic_appreq,1045344,2246545690456,192
basic_appreq,1062973,2246546797493,192
basic_appreq,1031618,2246547873882,192
basic_appreq,1059288,2246548977464,192
basic_appreq,989516,2246550017605,192
basic_appreq,1077208,2246551139882,192
basic_appreq,1015866,2246552215499,192
basic_appreq,1087456,2246553357671,192
basic_appreq,1008238,2246554410150,192
basic_appreq,1366384,2246555820716,192
basic_appreq,972795,2246556837893,192
basic_appreq,1098095,2246557985287,192
basic_appreq,1003052,2246559031794,192
basic_appreq,1084810,2246560161486,192
basic_appreq,1022168,2246561235729,192
basic_appreq,1068717,2246562350555,192
basic_appreq,1026181,2246563421311,192
basic_appreq,1087075,2246564552081,192
basic_appreq,996051,2246565598953,192
basic_appreq,1066685,2246566710731,192
basic_appreq,1040155,2246567795076,192
basic_appreq,1350462,2246569190219,192
basic_appreq,1043480,2246570283168,192
basic_appreq,1071855,2246571399022,192
basic_appreq,1014871,2246572459544,192
basic_appreq,1057948,2246573569788,192
basic_appreq,1033483,2246574647945,192
basic_appreq,1069206,2246575761778,192
basic_appreq,1008939,2246576816188,192
basic_appreq,1019618,2246577883642,192
basic_appreq,1005441,2246578934022,192
basic_appreq,1369929,2246580349260,192
basic_appreq,1025450,2246581425078,192
basic_appreq,1321448,2246582791191,192
basic_appreq,985526,2246583820657,192
basic_appreq,1400456,2246585265507,192
basic_appreq,998221,2246586311727,192
basic_appreq,1101537,2246587458292,192
basic_appreq,1021567,2246588525442,192
basic_appreq,1092865,2246589670515,192
basic_appreq,1019131,2246590734734,192
basic_appreq,1085367,2246591864399,192
basic_appreq,1019796,2246592929875,192
basic_appreq,1079142,2246594058427,192
basic_appreq,1002881,2246595105977,192
basic_appreq,1093768,2246596244603,192
basic_appreq,1041027,2246597333847,192
basic_appreq,1030375,2246598408956,192
basic_appreq,1036426,2246599490712,192
basic_appreq,1129635,2246600664643,192
basic_appreq,995590,2246601706787,192
basic_appreq,1063632,2246602814936,192
basic_appreq,1041311,2246603899669,192
basic_appreq,996527,2246604941227,192
basic_appreq,1018956,2246606008561,192
basic_appreq,1076249,2246607130260,192
basic_appreq,987996,2246608163168,192
basic_appreq,1092789,2246609307107,192
basic_appreq,1023926,2246610374527,192
basic_appreq,1077792,2246611496423,192
basic_appreq,1043185,2246612584644,192
basic_appreq,1027163,2246613657903,192
basic_appreq,1035955,2246614738409,192
basic_appreq,978128,2246615760370,192
basic_appreq,989128,2246616793397,192
basic_appreq,967764,2246617816805,192
basic_appreq,1022773,2246618883678,192
basic_appreq,976491,2246619904031,192
basic_appreq,966413,2246620914485,192
basic_appreq,1036383,2246621998269,192
basic_appreq,1353616,2246623395744,192
basic_appreq,1036295,2246624476838,192
basic_appreq,1060219,2246625594748,192
basic_appreq,1051005,2246626689608,192
basic_appreq,1063027,2246627796649,192
basic_appreq,1031176,2246628872734,192
basic_appreq,1055415,2246629979697,192
basic_appreq,1049935,2246631074019,192
basic_appreq,1029676,2246632148825,192
basic_appreq,1007249,2246633208367,192
basic_appreq,1130738,2246634382843,192
basic_appreq,1011037,2246635439003,192
basic_appreq,1113619,2246636596726,192
basic_appreq,1053367,2246637697387,192
basic_appreq,1010296,2246638752238,192
basic_appreq,1026542,2246639825479,192
basic_appreq,1082117,2246640951431,192
basic_appreq,992012,2246641991566,192
basic_appreq,1375399,2246643410995,192
basic_appreq,1028467,2246644483746,192
basic_appreq,1361569,2246645895195,192
basic_appreq,1048181,2246646987797,192
basic_appreq,1046871,2246648079350,192
basic_appreq,1006396,2246649140950,192
basic_appreq,1081749,2246650266935,192
basic_appreq,996516,2246651308524,192
basic_appreq,1101513,2246652454575,192
basic_appreq,1019128,2246653524792,192
basic_appreq,1384538,2246654953761,192
basic_appreq,1027093,2246656025793,192
basic_appreq,1095165,2246657169424,192
basic_appreq,1031618,2246658246833,192
basic_appreq,1385891,2246659677974,192
basic_appreq,1012999,2246660735711,192
basic_appreq,1052161,2246661841568,192
basic_appreq,1056234,2246662941404,192
basic_appreq,1098636,2246664083589,192
basic_appreq,1010083,2246665149904,192
basic_appreq,1072563,2246666266901,192
basic_appreq,1034397,2246667345750,192
basic_appreq,1089882,2246668480347,192
basic_appreq,978874,2246669539454,192
basic_appreq,1115036,2246670698867,192
basic_appreq,1003827,2246671747108,192
basic_appreq,1095416,2246672888285,192
basic_appreq,1020390,2246673961696,192
basic_appreq,1070795,2246675078787,192
basic_appreq,1031360,2246676153910,192
basic_appreq,1085441,2246677289269,192
basic_appreq,1033930,2246678367740,192
basic_appreq,1017100,2246679428551,192
basic_appreq,1045752,2246680519523,192
basic_appreq,1019732,2246681590853,192
basic_appreq,1025961,2246682661933,192
basic_appreq,1048331,2246683756787,192
basic_appreq,1322294,2246685122806,192
basic_appreq,1081160,2246686250660,192
basic_appreq,1016781,2246687311685,192
basic_appreq,1067141,2246688423239,192
basic_appreq,1322087,2246689798558,192
basic_appreq,1017373,2246690859914,192
basic_appreq,1008261,2246691912466,192
basic_appreq,1065733,2246693022399,192
basic_appreq,1004161,2246694075509,192
basic_appreq,1030087,2246695150906,192
basic_appreq,1029342,2246696224923,192
basic_appreq,1061694,2246697338181,192
basic_appreq,1048318,2246698430439,192
basic_appreq,1066937,2246699542916,192
basic_appreq,1005137,2246700593884,192
basic_appreq,1011702,2246701658007,192
basic_appreq,1050363,2246702753057,192
basic_appreq,1329204,2246704125900,192
basic_appreq,964947,2246705139106,192
basic_appreq,1050751,2246706235951,192
basic_appreq,972207,2246707252586,192
basic_appreq,1092853,2246708390394,192
basic_appreq,988942,2246709428855,192
basic_appreq,1122948,2246710595763,192
basic_appreq,991968,2246711632052,192
basic_appreq,1066014,2246712742948,192
basic_appreq,1027006,2246713823477,192
basic_appreq,1055615,2246714924386,192
basic_appreq,937730,2246715906310,192
basic_appreq,1092889,2246717043232,192
basic_appreq,934733,2246718023893,192
basic_appreq,1014329,2246719082663,192
basic_appreq,992760,2246720119617,192
basic_appreq,958354,2246721127574,192
basic_appreq,1053363,2246722225970,192
basic_appreq,980571,2246723251036,192
basic_appreq,1105065,2246724400608,192
basic_appreq,996342,2246725452465,192
basic_appreq,1025643,2246726524534,192
basic_appreq,909292,2246727481685,192
basic_appreq,1096738,2246728624895,192
basic_appreq,1019902,2246729690468,192
basic_appreq,1095241,2246730829726,192
basic_appreq,1010317,2246731883551,192
basic_appreq,1107645,2246733035664,192
basic_appreq,1031771,2246734120864,192
basic_appreq,1107291,2246735272712,192
basic_appreq,1019498,2246736336457,192
basic_appreq,1391148,2246737778752,192
basic_appreq,1026583,2246738849423,192
basic_appreq,1101396,2246739995541,192
basic_appreq,988938,2246741061051,192
basic_appreq,1065636,2246742169975,192
basic_appreq,1004986,2246743218942,192
basic_appreq,1101394,2246744365638,192
basic_appreq,1009074,2246745433243,192
basic_appreq,1371352,2246746848892,192
basic_appreq,1031798,2246747924724,192
basic_appreq,1379522,2246749350397,192
basic_appreq,1048014,2246750449719,192
basic_appreq,1030953,2246751525359,192
basic_appreq,1013544,2246752584336,192
basic_appreq,1069005,2246753702289,192
basic_appreq,996596,2246754743029,192
basic_appreq,1089126,2246755876596,192
basic_appreq,1036289,2246756957600,192
basic_appreq,1058188,2246758064095,192
basic_appreq,1028765,2246759136328,192
basic_appreq,1073776,2246760253850,192
basic_appreq,999821,2246761307070,192
basic_appreq,1094677,2246762446267,192
basic_appreq,1039423,2246763530155,192
basic_appreq,1085936,2246764660604,192
basic_appreq,984403,2246765699253,192
basic_appreq,1075868,2246766819384,192
basic_appreq,982742,2246767846558,192
basic_appreq,1089748,2246768980991,192
basic_appreq,1009250,2246770038164,192
basic_appreq,1081385,2246771164284,192
basic_appreq,1010618,2246772222047,192
basic_appreq,1083269,2246773362208,192
basic_appreq,1031982,2246774438236,192
basic_appreq,1087102,2246775569348,192
basic_appreq,968204,2246776582390,192
basic_appreq,1069162,2246777702154,192
basic_appreq,1050576,2246778796988,192
basic_appreq,1060003,2246779901760,192
basic_appreq,1035354,2246780981604,192
basic_appreq,1037639,2246782065194,192
basic_appreq,1044000,2246783153679,192
basic_appreq,1085290,2246784283277,192
basic_appreq,999005,2246785351924,192
basic_appreq,1073790,2246786469747,192
basic_appreq,968935,2246787482793,192
basic_appreq,1063106,2246788590324,192
basic_appreq,1058405,2246789701959,192
basic_appreq,1049454,2246790794884,192
basic_appreq,990217,2246791828638,192
basic_appreq,1084238,2246792956811,192
basic_appreq,981135,2246793989024,192
basic_appreq,1065220,2246795099262,192
basic_appreq,1016858,2246796159850,192
basic_appreq,1060093,2246797268667,192
basic_appreq,993008,2246798306556,192
basic_appreq,1065890,2246799418512,192
basic_appreq,1027374,2246800490400,192
basic_appreq,1050841,2246801593431,192
basic_appreq,1325165,2246802962752,192
basic_appreq,1080683,2246804088143,192
basic_appreq,979626,2246805119503,192
basic_appreq,1115230,2246806280494,192
basic_appreq,994418,2246807320736,192
basic_appreq,1089474,2246808454196,192
basic_appreq,1002714,2246809512431,192
basic_appreq,1101547,2246810658342,192
basic_appreq,1001936,2246811704839,192
basic_appreq,1066017,2246812814903,192
basic_appreq,988784,2246813851579,192
basic_appreq,1079136,2246814975039,192
basic_appreq,1032410,2246816051856,192
basic_appreq,1030304,2246817129207,192
basic_appreq,1028998,2246818201810,192
basic_appreq,1053868,2246819300333,192
basic_appreq,1040182,2246820385089,192
basic_appreq,1033114,2246821465950,192
basic_appreq,1029272,2246822538821,192
basic_appreq,951423,2246823534719,192
basic_appreq,1029423,2246824609631,192
basic_appreq,1001595,2246825664973,192
basic_appreq,1064621,2246826774452,192
basic_appreq,958183,2246827776852,192
basic_appreq,1024621,2246828845713,192
basic_appreq,1015983,2246829910124,192
basic_appreq,1015956,2246830970123,192
basic_appreq,1024307,2246832038596,192
basic_appreq,1043299,2246833194174,192
basic_appreq,986766,2246834225511,192
basic_appreq,1044045,2246835314691,192
basic_appreq,973314,2246836332104,192
basic_appreq,968592,2246837350093,192
basic_appreq,1052562,2246838446066,192
basic_appreq,1022025,2246839512223,192
basic_appreq,1094950,2246840651197,192
basic_appreq,1033121,2246841730116,192
basic_appreq,983492,2246842757828,192
basic_appreq,1028246,2246843829615,192
basic_appreq,937309,2246844811727,192
basic_appreq,1027110,2246845887638,192
basic_appreq,958050,2246846890293,192
basic_appreq,986251,2246847921032,192
basic_appreq,1044204,2246849011278,192
basic_appreq,936933,2246850000730,192
basic_appreq,1003831,2246851049833,192
basic_appreq,1318518,2246852412662,192
basic_appreq,1067324,2246853526752,192
basic_appreq,1067017,2246854638119,192
basic_appreq,1012709,2246855694831,192
basic_appreq,992760,2246856732613,192
basic_appreq,868334,2246857648989,192
basic_appreq,675770,2246858374262,192
basic_appreq,956457,2246859374802,192
basic_appreq,879022,2246860297843,192
basic_appreq,709710,2246861055008,192
basic_appreq,844211,2246861943623,192
basic_appreq,713249,2246862701566,192
basic_appreq,923476,2246863668691,192
basic_appreq,808479,2246864521132,192
basic_appreq,955925,2246865516706,192
basic_appreq,826632,2246866387522,192
basic_appreq,727532,2246867159043,192
basic_appreq,1026672,2246868229328,192
basic_appreq,984754,2246869268016,192
basic_appreq,979919,2246870293652,192
basic_appreq,1019929,2246871357642,192
basic_appreq,920626,2246872322241,192
basic_appreq,1028113,2246873398770,192
basic_appreq,931756,2246874374513,192
basic_appreq,906796,2246875326354,192
basic_appreq,1006246,2246876381839,192
basic_appreq,1038608,2246877467381,192
basic_appreq,988908,2246878500098,192
basic_appreq,1018135,2246879563606,192
basic_appreq,1004933,2246880612365,192
basic_appreq,697186,2246881357700,192
basic_appreq,765618,2246882167311,192
basic_appreq,906598,2246883117556,192
basic_appreq,735892,2246883897569,192
basic_appreq,909519,2246884853727,192
basic_appreq,908232,2246885809772,192
basic_appreq,1004168,2246886858324,192
basic_appreq,959600,2246887862792,192
basic_appreq,1041145,2246888948514,192
basic_appreq,1009712,2246890007327,192
basic_appreq,712081,2246890763365,192
basic_appreq,839295,2246891646738,192
basic_appreq,758076,2246892448774,192
basic_appreq,884078,2246893379434,192
basic_appreq,827537,2246894250053,192
basic_appreq,794875,2246895103135,192
basic_appreq,940514,2246896087863,192
basic_appreq,1042544,2246897177026,192
basic_appreq,937220,2246898158530,192
basic_appreq,1012282,2246899214773,192
basic_appreq,980976,2246900240597,192
basic_appreq,955517,2246901245403,192
basic_appreq,1000315,2246902290777,192
basic_appreq,957150,2246903291958,192
basic_appreq,1061975,2246904398019,192
basic_appreq,999567,2246905448419,192
basic_appreq,1045150,2246906538377,192
basic_appreq,1011319,2246907593415,192
basic_appreq,992500,2246908630149,192
basic_appreq,922256,2246909599112,192
basic_appreq,962200,2246910606042,192
basic_appreq,1005504,2246911656757,192
basic_appreq,933192,2246912634571,192
basic_appreq,984146,2246913668176,192
basic_appreq,928712,2246914641329,192
basic_appreq,954428,2246915640068,192
basic_appreq,1010149,2246916693862,192
basic_appreq,838357,2246917579192,192
basic_appreq,1006992,2246918630261,192
basic_appreq,938385,2246919613130,192
basic_appreq,1061183,2246920719218,192
basic_appreq,987852,2246921753118,192
basic_appreq,949252,2246922746807,192
basic_appreq,1013531,2246923806119,192
basic_appreq,1036914,2246924887069,192
basic_appreq,998778,2246925936273,192
basic_appreq,947617,2246926927967,192
basic_appreq,963405,2246927935864,192
basic_appreq,1103438,2246929083603,192
basic_appreq,947925,2246930083183,192
basic_appreq,988636,2246931116057,192
basic_appreq,1041995,2246932202119,192
basic_appreq,994381,2246933245145,192
basic_appreq,1064647,2246934353561,192
basic_appreq,926985,2246935324589,192
basic_appreq,1007977,2246936376576,192
basic_appreq,1020464,2246937444929,192
basic_appreq,889805,2246938378469,192
basic_appreq,1016370,2246939439638,192
basic_appreq,946542,2246940430404,192
basic_appreq,1032199,2246941510212,192
basic_appreq,964088,2246942518991,192
basic_appreq,1039680,2246943603303,192
basic_appreq,981623,2246944629163,192
basic_appreq,1005297,2246945685524,192
basic_appreq,949740,2246946679885,192
basic_appreq,1038414,2246947762255,192
basic_appreq,1001291,2246948808034,192
basic_appreq,981871,2246949837960,192
basic_appreq,1025507,2246950907145,192
basic_appreq,904741,2246951856414,192
basic_appreq,1031640,2246952931620,192
basic_appreq,971355,2246953950471,192
basic_appreq,957342,2246954951344,192
basic_appreq,992944,2246955988214,192
basic_appreq,956509,2246957014088,192
basic_appreq,982091,2246958043424,192
basic_appreq,945181,2246959033230,192
basic_appreq,1007867,2246960085668,192
basic_appreq,1032704,2246961163564,192
basic_appreq,1009123,2246962215665,192
basic_appreq,994098,2246963252014,192
basic_appreq,988453,2246964283655,192
basic_appreq,938532,2246965266722,192
basic_appreq,1006604,2246966315802,192
basic_appreq,953819,2246967312178,192
basic_appreq,993318,2246968348704,192
basic_appreq,969600,2246969363708,192
basic_appreq,1022415,2246970428947,192
basic_appreq,1016949,2246971489711,192
basic_appreq,928222,2246972461240,192
basic_appreq,1021547,2246973531949,192
basic_appreq,1048823,2246974624114,192
basic_appreq,1008228,2246975676699,192
basic_appreq,968822,2246976688475,192
basic_appreq,975970,2246977713534,192
basic_appreq,1000632,2246978757885,192
basic_appreq,940982,2246979741941,192
basic_appreq,1066656,2246980852519,192
basic_appreq,908627,2246981807970,192
basic_appreq,1005858,2246982856779,192
basic_appreq,962464,2246983862765,192
basic_appreq,1099943,2246985005672,192
basic_appreq,864400,2246985916410,192
basic_appreq,685875,2246986645887,192
basic_appreq,856331,2246987545128,192
basic_appreq,1210039,2246988798652,192
basic_appreq,989096,2246989833588,192
basic_appreq,861336,2246990738723,192
basic_appreq,984951,2246991767811,192
basic_appreq,1036766,2246992848511,192
basic_appreq,975739,2246993869951,192
basic_appreq,852123,2246994766702,192
basic_appreq,1069807,2246995880645,192
basic_appreq,978589,2246996903142,192
basic_appreq,903391,2246997852878,192
basic_appreq,857367,2246998754103,192
basic_appreq,777306,2246999576101,192
basic_appreq,892905,2247000520654,192
basic_appreq,1047616,2247001615479,192
basic_appreq,996740,2247002655924,192
basic_appreq,1020294,2247003736176,192
basic_appreq,962691,2247004744251,192
basic_appreq,951849,2247005743767,192
basic_appreq,893072,2247006681120,192
basic_appreq,1060507,2247007786627,192
basic_appreq,927315,2247008757598,192
basic_appreq,949639,2247009754819,192
basic_appreq,1036653,2247010835665,192
basic_appreq,1017140,2247011897115,192
basic_appreq,1034047,2247012976127,192
basic_appreq,991841,2247014017302,192
basic_appreq,1000633,2247015062782,192
basic_appreq,981413,2247016089525,192
basic_appreq,984009,2247017119265,192
basic_appreq,1037676,2247018200833,192
basic_appreq,1041676,2247019287334,192
basic_appreq,995424,2247020327465,192
basic_appreq,1012448,2247021387114,192
basic_appreq,998287,2247022429665,192
basic_appreq,1010751,2247023484352,192
basic_appreq,975351,2247024504194,192
basic_appreq,968896,2247025527629,192
basic_appreq,995924,2247026569495,192
basic_appreq,979067,2247027592796,192
basic_appreq,1066422,2247028704333,192
basic_appreq,1005772,2247029757295,192
basic_appreq,1033118,2247030835599,192
basic_appreq,1064043,2247031943725,192
basic_appreq,1032433,2247033019974,192
basic_appreq,992970,2247034067333,192
basic_appreq,1035143,2247035148149,192
basic_appreq,1052926,2247036247966,192
basic_appreq,1022185,2247037320823,192
basic_appreq,1063270,2247038428661,192
basic_appreq,998504,2247039472191,192
basic_appreq,1032945,2247040549339,192
basic_appreq,1009371,2247041609018,192
basic_appreq,1040997,2247042694198,192
basic_appreq,1001220,2247043740070,192
basic_appreq,1000289,2247044786133,192
basic_appreq,945854,2247045781409,192
basic_appreq,1023411,2247046850150,192
basic_appreq,1010426,2247047904480,192
basic_appreq,1027230,2247048977090,192
basic_appreq,1010673,2247050041644,192
basic_appreq,984220,2247051069630,192
basic_appreq,1016545,2247052131874,192
basic_appreq,986876,2247053167097,192
basic_appreq,941026,2247054153352,192
basic_appreq,990100,2247055187803,192
basic_appreq,918641,2247056150745,192
basic_appreq,1003095,2247057200409,192
basic_appreq,836055,2247058080554,192
basic_appreq,828907,2247058958083,192
basic_appreq,956826,2247059961138,192
basic_appreq,988517,2247061014555,192
basic_appreq,872335,2247061933039,192
basic_appreq,1030853,2247063008429,192
basic_appreq,848845,2247063901388,192
basic_appreq,952764,2247064898569,192
basic_appreq,759594,2247065705413,192
basic_appreq,764739,2247066515041,192
basic_appreq,737590,2247067297065,192
basic_appreq,1008411,2247068350980,192
basic_appreq,925251,2247069322790,192
basic_appreq,1055352,2247070422699,192
basic_appreq,951356,2247071419960,192
basic_appreq,939395,2247072403986,192
basic_appreq,972307,2247073424106,192
basic_appreq,1039744,2247074507339,192
basic_appreq,933517,2247075484969,192
basic_appreq,952442,2247076482367,192
basic_appreq,1001979,2247077535073,192
basic_appreq,1038347,2247078617209,192
basic_appreq,1028390,2247079689565,192
basic_appreq,1003600,2247080738705,192
basic_appreq,991771,2247081778182,192
basic_appreq,1035634,2247082859082,192
basic_appreq,1033890,2247083937693,192
basic_appreq,967690,2247084949924,192
basic_appreq,1019578,2247086016172,192
basic_appreq,987307,2247087047904,192
basic_appreq,1055435,2247088147114,192
basic_appreq,999840,2247089195479,192
basic_appreq,1042825,2247090282898,192
basic_appreq,1007776,2247091334936,192
basic_appreq,1034461,2247092413447,192
basic_appreq,1058252,2247093518662,192
basic_appreq,1055361,2247094618074,192
basic_appreq,1043827,2247095705780,192
basic_appreq,839146,2247096588779,192
basic_appreq,1042846,2247097679663,192
basic_appreq,958641,2247098682574,192
basic_appreq,1070956,2247099798700,192
basic_appreq,912241,2247100754905,192
basic_appreq,1007883,2247101812031,192
basic_appreq,1015839,2247102872151,192
basic_appreq,997479,2247103913672,192
basic_appreq,793077,2247104751401,192
basic_appreq,696267,2247105495180,192
basic_appreq,773737,2247106312576,192
basic_appreq,684481,2247107032878,192
basic_appreq,943588,2247108023463,192
basic_appreq,996626,2247109068630,192
basic_appreq,1006650,2247110119688,192
basic_appreq,987835,2247111151984,192
basic_appreq,966487,2247112163363,192
basic_appreq,945195,2247113174297,192
basic_appreq,1028213,2247114246944,192
basic_appreq,993773,2247115284740,192
basic_appreq,1072714,2247116400992,192
basic_appreq,1068534,2247117517204,192
basic_appreq,1002096,2247118562805,192
basic_appreq,1100067,2247119708031,192
basic_appreq,1030498,2247120782346,192
basic_appreq,732434,2247121562282,192
basic_appreq,872142,2247122478059,192
basic_appreq,809904,2247123331653,192
basic_appreq,726123,2247124094918,192
basic_appreq,827912,2247124968237,192
basic_appreq,952754,2247125964732,192
basic_appreq,1002762,2247127011190,192
basic_appreq,1024582,2247128080596,192
basic_appreq,903003,2247129032086,192
basic_appreq,684853,2247129761457,192
basic_appreq,769000,2247130574583,192
basic_appreq,966640,2247131585467,192
basic_appreq,889581,2247132520400,192
basic_appreq,709232,2247133283983,192
basic_appreq,941811,2247134269750,192
basic_appreq,1025191,2247135349734,192
basic_appreq,999757,2247136394013,192
basic_appreq,959944,2247137402969,192
basic_appreq,1022142,2247138470089,192
basic_appreq,1063839,2247139578766,192
basic_appreq,1012873,2247140637640,192
basic_appreq,992373,2247141677531,192
basic_appreq,1066268,2247142788514,192
basic_appreq,914578,2247143747112,192
basic_appreq,753709,2247144544951,192
basic_appreq,818095,2247145409758,192
basic_appreq,940197,2247146394205,192
basic_appreq,1009434,2247147449066,192
basic_appreq,935840,2247148429564,192
basic_appreq,1010196,2247149487983,192
basic_appreq,979017,2247150512350,192
basic_appreq,1011114,2247151568005,192
basic_appreq,1050346,2247152662308,192
basic_appreq,907724,2247153616538,192
basic_appreq,972411,2247154632795,192
basic_appreq,1010102,2247155686754,192
basic_appreq,906265,2247156637375,192
basic_appreq,872205,2247157556471,192
basic_appreq,893971,2247158494890,192
basic_appreq,909298,2247159448058,192
basic_appreq,897326,2247160389193,192
basic_appreq,960566,2247161397160,192
basic_appreq,823498,2247162264681,192
basic_appreq,817353,2247163126579,192
basic_appreq,899709,2247164070577,192
basic_appreq,987046,2247165107669,192
basic_appreq,1230939,2247166383113,192
basic_appreq,1040987,2247167469957,192
basic_appreq,1024971,2247168538908,192
basic_appreq,914148,2247169505191,192
basic_appreq,1216097,2247170766096,192
basic_appreq,1023458,2247171833935,192
basic_appreq,946986,2247172826452,192
basic_appreq,1012205,2247173885739,192
basic_appreq,923690,2247174854048,192
basic_appreq,967860,2247175865593,192
basic_appreq,1038324,2247176950486,192
basic_appreq,1020621,2247178018351,192
basic_appreq,1010704,2247179073082,192
basic_appreq,1043734,2247180161250,192
basic_appreq,989780,2247181199387,192
basic_appreq,1066171,2247182310559,192
basic_appreq,942372,2247183298298,192
basic_appreq,1062429,2247184405471,192
basic_appreq,970032,2247185426854,192
basic_appreq,991702,2247186463415,192
basic_appreq,1046256,2247187553787,192
basic_appreq,1040589,2247188638811,192
basic_appreq,1035584,2247189724573,192
basic_appreq,979917,2247190748953,192
basic_appreq,1017750,2247191811298,192
basic_appreq,958013,2247192813722,192
basic_appreq,1011128,2247193873822,192
basic_appreq,1006323,2247194927005,192
basic_appreq,950651,2247195921950,192
basic_appreq,1049625,2247197016025,192
basic_appreq,956108,2247198020949,192
basic_appreq,1031237,2247199096740,192
basic_appreq,981333,2247200121658,192
basic_appreq,985823,2247201165448,192
basic_appreq,1060016,2247202270761,192
basic_appreq,1021935,2247203337186,192
basic_appreq,1022873,2247204404560,192
basic_appreq,1038932,2247205490553,192
basic_appreq,978302,2247206513687,192
basic_appreq,1030357,2247207588656,192
basic_appreq,980899,2247208613461,192
basic_appreq,1030251,2247209693228,192
basic_appreq,918685,2247210656373,192
basic_appreq,1010062,2247211710365,192
basic_appreq,956926,2247212711489,192
basic_appreq,1252471,2247214011793,192
basic_appreq,1057363,2247215113246,192
basic_appreq,1022810,2247216180657,192
basic_appreq,970276,2247217199797,192
basic_appreq,1016621,2247218260118,192
basic_appreq,1014743,2247219319840,192
basic_appreq,999121,2247220363747,192
basic_appreq,964121,2247221389865,192
basic_appreq,957098,2247222391269,192
basic_appreq,993155,2247223428972,192
basic_appreq,984838,2247224458548,192
basic_appreq,1020310,2247225526921,192
basic_appreq,990291,2247226561850,192
basic_appreq,1012341,2247227618201,192
basic_appreq,1039818,2247228702443,192
basic_appreq,947066,2247229695991,192
basic_appreq,1021376,2247230762093,192
basic_appreq,975422,2247231781955,192
basic_appreq,965104,2247232790935,192
basic_appreq,1001264,2247233838625,192
basic_appreq,999858,2247234882830,192
basic_appreq,1042484,2247235970597,192
basic_appreq,904250,2247236949109,192
basic_appreq,904613,2247237900386,192
basic_appreq,924224,2247238869225,192
basic_appreq,1075901,2247239988983,192
basic_appreq,948981,2247240997364,192
basic_appreq,950711,2247241992169,192
basic_appreq,1007706,2247243040086,192
basic_appreq,1018881,2247244099942,192
basic_appreq,930917,2247245077135,192
basic_appreq,988887,2247246106945,192
basic_appreq,931112,2247247079068,192
basic_appreq,937994,2247248057684,192
basic_appreq,977317,2247249078205,192
basic_appreq,974052,2247250093708,192
basic_appreq,952797,2247251087604,192
basic_appreq,944336,2247252073585,192
basic_appreq,989238,2247253105978,192
basic_appreq,991139,2247254139417,192
basic_appreq,852090,2247255032499,192
basic_appreq,977276,2247256051777,192
basic_appreq,990862,2247257090468,192
basic_appreq,975452,2247258106739,192
basic_appreq,997395,2247259145427,192
basic_appreq,958829,2247260145845,192
basic_appreq,1034895,2247261225620,192
basic_appreq,1010089,2247262277223,192
basic_appreq,966734,2247263285574,192
basic_appreq,1053477,2247264380739,192
basic_appreq,982941,2247265407628,192
basic_appreq,959610,2247266409266,192
basic_appreq,950435,2247267401603,192
basic_appreq,956817,2247268399498,192
basic_appreq,949536,2247269393459,192
basic_appreq,972732,2247270408355,192
basic_appreq,950138,2247271401283,192
basic_appreq,965535,2247272408398,192
basic_appreq,1019813,2247273474569,192
basic_appreq,951544,2247274467861,192
basic_appreq,1027792,2247275540658,192
basic_appreq,1020010,2247276602796,192
basic_appreq,1015926,2247277664768,192
basic_appreq,991116,2247278697832,192
basic_appreq,1031741,2247279771738,192
basic_appreq,902870,2247280716703,192
basic_appreq,942757,2247281705714,192
basic_appreq,1000469,2247282749097,192
basic_appreq,1038274,2247283831130,192
basic_appreq,950704,2247284823667,192
basic_appreq,1042283,2247285913422,192
basic_appreq,993269,2247286949684,192
basic_appreq,995621,2247287988950,192
basic_appreq,960640,2247289018215,192
basic_appreq,943939,2247290006438,192
basic_appreq,1065513,2247291114774,192
basic_appreq,1024640,2247292182606,192
basic_appreq,952787,2247293179907,192
basic_appreq,1025537,2247294248548,192
basic_appreq,998120,2247295289468,192
basic_appreq,1064170,2247296396121,192
basic_appreq,1009391,2247297453461,192
basic_appreq,974266,2247298470891,192
basic_appreq,972735,2247299486125,192
basic_appreq,1021514,2247300551445,192
basic_appreq,996416,2247301595255,192
basic_appreq,1045655,2247302684960,192
basic_appreq,1029061,2247303759117,192
basic_appreq,985092,2247304788185,192
basic_appreq,1007331,2247305845014,192
basic_appreq,981353,2247306869414,192
basic_appreq,1073185,2247307988436,192
basic_appreq,923573,2247308982052,192
basic_appreq,1030782,2247310059858,192
basic_appreq,1005734,2247311110455,192
basic_appreq,1016094,2247312169953,192
basic_appreq,1046504,2247313265456,192
basic_appreq,1036399,2247314345413,192
basic_appreq,982122,2247315371648,192
basic_appreq,1049651,2247316465293,192
basic_appreq,976644,2247317496309,192
basic_appreq,1031177,2247318571498,192
basic_appreq,893815,2247319509757,192
basic_appreq,991620,2247320545805,192
basic_appreq,985868,2247321581373,192
basic_appreq,929341,2247322555354,192
basic_appreq,1070786,2247323671148,192
basic_appreq,982850,2247324699398,192
basic_appreq,1055689,2247325804660,192
basic_appreq,1005014,2247326853904,192
basic_appreq,1006697,2247327906686,192
basic_appreq,977019,2247328927905,192
basic_appreq,993679,2247329971071,192
basic_appreq,995942,2247331011850,192
basic_appreq,1011018,2247332082098,192
basic_appreq,1009775,2247333146502,192
basic_appreq,988036,2247334180198,192
basic_appreq,1056378,2247335282139,192
basic_appreq,1024380,2247336350827,192
basic_appreq,997197,2247337396472,192
basic_appreq,1012802,2247338453100,192
basic_appreq,962831,2247339461197,192
basic_appreq,1005241,2247340510624,192
basic_appreq,969144,2247341531365,192
basic_appreq,999089,2247342577121,192
basic_appreq,1012599,2247343633762,192
basic_appreq,1035413,2247344713960,192
basic_appreq,1020705,2247345782738,192
basic_appreq,1035324,2247346862622,192
basic_appreq,1015620,2247347923200,192
basic_appreq,883563,2247348851749,192
basic_appreq,707086,2247349610038,192
basic_appreq,742589,2247350396757,192
basic_appreq,755148,2247351187853,192
basic_appreq,761564,2247352000034,192
basic_appreq,891436,2247352959841,192
basic_appreq,994728,2247353997440,192
basic_appreq,1060274,2247355100112,192
basic_appreq,1034651,2247356176990,192
basic_appreq,977570,2247357199402,192
basic_appreq,988590,2247358230168,192
basic_appreq,968889,2247359241510,192
basic_appreq,1011175,2247360295244,192
basic_appreq,1035273,2247361377475,192
basic_appreq,962510,2247362383012,192
basic_appreq,968828,2247363394184,192
basic_appreq,987392,2247364424719,192
basic_appreq,964045,2247365440525,192
basic_appreq,1022623,2247366506318,192
basic_appreq,1011149,2247367561339,192
basic_appreq,1072085,2247368676626,192
basic_appreq,986535,2247369710476,192
basic_appreq,995434,2247370749080,192
basic_appreq,992884,2247371785917,192
basic_appreq,1042307,2247372871973,192
basic_appreq,1015608,2247373938328,192
basic_appreq,950331,2247374931763,192
basic_appreq,938953,2247375914115,192
basic_appreq,1066308,2247377024072,192
basic_appreq,926991,2247377998578,192
basic_appreq,973341,2247379015688,192
basic_appreq,980871,2247380040332,192
basic_appreq,1072484,2247381159508,192
basic_appreq,988383,2247382191015,192
basic_appreq,1005445,2247383238793,192
basic_appreq,970927,2247384251915,192
basic_appreq,1005147,2247385305633,192
basic_appreq,974216,2247386322980,192
basic_appreq,1070909,2247387436127,192
basic_appreq,951090,2247388432142,192
basic_appreq,1001839,2247389479204,192
basic_appreq,920488,2247390442911,192
basic_appreq,1013239,2247391501336,192
basic_appreq,1047302,2247392591773,192
basic_appreq,1018600,2247393656788,192
basic_appreq,1000416,2247394701628,192
basic_appreq,976862,2247395723615,192
basic_appreq,1016495,2247396785196,192
basic_appreq,1017731,2247397850438,192
basic_appreq,1027655,2247398921625,192
basic_appreq,1012332,2247399976733,192
basic_appreq,963229,2247401014428,192
basic_appreq,937314,2247402000626,192
basic_appreq,1017287,2247403062821,192
basic_appreq,999573,2247404106922,192
basic_appreq,995817,2247405147665,192
basic_appreq,992457,2247406183730,192
basic_appreq,1066980,2247407292678,192
basic_appreq,942452,2247408278238,192
basic_appreq,1043827,2247409368103,192
basic_appreq,932408,2247410342997,192
basic_appreq,955995,2247411348795,192
basic_appreq,1017606,2247412408812,192
basic_appreq,960596,2247413414874,192
basic_appreq,933370,2247414390944,192
basic_appreq,1001432,2247415435409,192
basic_appreq,955046,2247416433857,192
basic_appreq,977454,2247417458036,192
basic_appreq,1008960,2247418509088,192
basic_appreq,986051,2247419538527,192
basic_appreq,932892,2247420514260,192
basic_appreq,974352,2247421536976,192
basic_appreq,991621,2247422571099,192
basic_appreq,985349,2247423600184,192
basic_appreq,1007710,2247424651613,192
basic_appreq,962627,2247425660663,192
basic_appreq,1052608,2247426758714,192
basic_appreq,960830,2247427763654,192
basic_appreq,1011472,2247428818939,192
basic_appreq,1022840,2247429888913,192
basic_appreq,1002099,2247430933919,192
basic_appreq,1061864,2247432040552,192
basic_appreq,974854,2247433064484,192
basic_appreq,912333,2247434019965,192
basic_appreq,937570,2247435001815,192
basic_appreq,1025192,2247436069997,192
basic_appreq,1006143,2247437128697,192
basic_appreq,928255,2247438099452,192
basic_appreq,995454,2247439139329,192
basic_appreq,1016298,2247440197812,192
basic_appreq,993462,2247441237279,192
basic_appreq,988671,2247442279101,192
basic_appreq,966924,2247443288014,192
basic_appreq,971108,2247444301578,192
basic_appreq,1315146,2247445662862,192
basic_appreq,1018603,2247446724042,192
basic_appreq,1062973,2247447829815,192
basic_appreq,994469,2247448869539,192
basic_appreq,990953,2247449907990,192
basic_appreq,1022058,2247450972905,192
basic_appreq,985252,2247452023097,192
basic_appreq,975812,2247453046555,192
basic_appreq,1024694,2247454114256,192
basic_appreq,901841,2247455058499,192
basic_appreq,1041644,2247456143663,192
basic_appreq,955787,2247457149482,192
basic_appreq,1023836,2247458216729,192
basic_appreq,905028,2247459164868,192
basic_appreq,1039066,2247460248455,192
basic_appreq,994013,2247461290768,192
basic_appreq,1044859,2247462379631,192
basic_appreq,961802,2247463384370,192
basic_appreq,973712,2247464400955,192
basic_appreq,967600,2247465414309,192
basic_appreq,1271321,2247466729182,192
basic_appreq,1011449,2247467785599,192
basic_appreq,1037178,2247468867428,192
basic_appreq,1019030,2247469934264,192
basic_appreq,1019271,2247471001211,192
basic_appreq,1052241,2247472098203,192
basic_appreq,1045628,2247473193177,192
basic_appreq,1008702,2247474246190,192
basic_appreq,1016181,2247475308157,192
basic_appreq,1024046,2247476376854,192
basic_appreq,956733,2247477382600,192
basic_appreq,1028685,2247478456449,192
basic_appreq,1016427,2247479517097,192
basic_appreq,1022592,2247480584645,192
basic_appreq,967817,2247481599419,192
basic_appreq,981637,2247482625818,192
basic_appreq,1018466,2247483688661,192
basic_appreq,1084753,2247484817263,192
basic_appreq,1030928,2247485899864,192
basic_appreq,994494,2247486939280,192
basic_appreq,1014155,2247487998244,192
basic_appreq,906889,2247488984572,192
basic_appreq,936771,2247489965738,192
basic_appreq,969310,2247490980875,192
basic_appreq,1045651,2247492070985,192
basic_appreq,931101,2247493055368,192
basic_appreq,920162,2247494018497,192
basic_appreq,1051722,2247495113878,192
basic_appreq,1024651,2247496181870,192
basic_appreq,1059976,2247497289245,192
basic_appreq,962581,2247498294929,192
basic_appreq,1017657,2247499354879,192
basic_appreq,973229,2247500370438,192
basic_appreq,985145,2247501402450,192
basic_appreq,957652,2247502402849,192
basic_appreq,1037345,2247503483582,192
basic_appreq,947036,2247504474495,192
basic_appreq,1039116,2247505559976,192
basic_appreq,1000081,2247506605441,192
basic_appreq,972044,2247507620732,192
basic_appreq,949258,2247508613308,192
basic_appreq,967566,2247509628888,192
basic_appreq,1055756,2247510727614,192
basic_appreq,1002524,2247511773536,192
basic_appreq,1029094,2247512847109,192
basic_appreq,1005714,2247513899770,192
basic_appreq,1036366,2247514980337,192
basic_appreq,3204311,2247518229579,192
basic_appreq,707470,2247518990374,192
basic_appreq,1040330,2247520065738,192
basic_appreq,1006396,2247521113469,192
basic_appreq,1047505,2247522203337,192
basic_appreq,1009892,2247523255642,192
basic_appreq,1011362,2247524308736,192
basic_appreq,995639,2247525344061,192
basic_appreq,948387,2247526335343,192
basic_appreq,990317,2247527360955,192
basic_appreq,1044014,2247528448992,192
basic_appreq,1025359,2247529521947,192
basic_appreq,998431,2247530562643,192
basic_appreq,995222,2247531601468,192
basic_appreq,1070586,2247532714432,192
basic_appreq,994278,2247533755285,192
basic_appreq,1010139,2247534808986,192
basic_appreq,998059,2247535850003,192
basic_appreq,951952,2247536845023,192
basic_appreq,990856,2247537883510,192
basic_appreq,980340,2247538907172,192
basic_appreq,1010543,2247539960829,192
basic_appreq,989071,2247541017865,192
basic_appreq,1007483,2247542072134,192
basic_appreq,939886,2247543057885,192
basic_appreq,1007349,2247544109207,192
basic_appreq,1003126,2247545159479,192
basic_appreq,991587,2247546194843,192
basic_appreq,1010416,2247547248370,192
basic_appreq,1040659,2247548331753,192
basic_appreq,982730,2247549362926,192
basic_appreq,1009474,2247550416437,192
basic_appreq,939064,2247551400279,192
basic_appreq,987661,2247552432484,192
basic_appreq,1001378,2247553480959,192
basic_appreq,1045180,2247554570320,192
basic_appreq,902432,2247555536887,192
basic_appreq,1051586,2247556633078,192
basic_appreq,1003038,2247557685783,192
basic_appreq,1023124,2247558754798,192
basic_appreq,967810,2247559766955,192
basic_appreq,1017758,2247560829664,192
basic_appreq,992886,2247561870945,192
basic_appreq,1032031,2247562947588,192
basic_appreq,943972,2247563936870,192
basic_appreq,1054828,2247565037007,192
basic_appreq,965404,2247566050909,192
basic_appreq,990381,2247567085801,192
basic_appreq,968772,2247568098857,192
basic_appreq,1033065,2247569179881,192
basic_appreq,1004204,2247570228563,192
basic_appreq,1012813,2247571285442,192
basic_appreq,996292,2247572326228,192
basic_appreq,1001134,2247573374075,192
basic_appreq,1002962,2247574421675,192
basic_appreq,978295,2247575444622,192
basic_appreq,1001835,2247576491446,192
basic_appreq,1022883,2247577562974,192
basic_appreq,1003095,2247578610442,192
basic_appreq,998468,2247579653173,192
basic_appreq,973648,2247580672578,192
basic_appreq,1010369,2247581735676,192
basic_appreq,1009019,2247582789316,192
basic_appreq,1022341,2247583856867,192
basic_appreq,1058496,2247584961014,192
basic_appreq,990913,2247586000755,192
basic_appreq,966714,2247587013454,192
basic_appreq,1050944,2247588108595,192
basic_appreq,960653,2247589115964,192
basic_appreq,1016227,2247590176602,192
basic_appreq,966273,2247591187452,192
basic_appreq,1031373,2247592263661,192
basic_appreq,990693,2247593303124,192
basic_appreq,970687,2247594318978,192
basic_appreq,1223344,2247595586328,192
basic_appreq,1046818,2247596679661,192
basic_appreq,957582,2247597686500,192
basic_appreq,937246,2247598667682,192
basic_appreq,1058219,2247599771411,192
basic_appreq,1022469,2247600837859,192
basic_appreq,1040957,2247601926244,192
basic_appreq,1004268,2247602974184,192
basic_appreq,1030031,2247604048655,192
basic_appreq,1030185,2247605126201,192
basic_appreq,962577,2247606133687,192
basic_appreq,1014346,2247607195522,192
basic_appreq,998638,2247608238106,192
basic_appreq,952950,2247609243326,192
basic_appreq,1014510,2247610301882,192
basic_appreq,1000894,2247611346785,192
basic_appreq,1004539,2247612395244,192
basic_appreq,970998,2247613415892,192
basic_appreq,966677,2247614427774,192
basic_appreq,1002410,2247615474659,192
basic_appreq,1048215,2247616567017,192
basic_appreq,985332,2247617599831,192
basic_appreq,997819,2247618641456,192
basic_appreq,985172,2247619671687,192
basic_appreq,1004308,2247620720419,192
basic_appreq,963402,2247621736716,192
basic_appreq,1000680,2247622782424,192
basic_appreq,1063318,2247623891079,192
basic_appreq,1011352,2247624947449,192
basic_appreq,1006864,2247626001241,192
basic_appreq,1044228,2247627090949,192
basic_appreq,1010009,2247628145035,192
basic_appreq,986365,2247629179920,192
basic_appreq,1009645,2247630234667,192
basic_appreq,994288,2247631274227,192
basic_appreq,1020848,2247632340776,192
basic_appreq,947558,2247633336447,192
basic_appreq,1015422,2247634395821,192
basic_appreq,884862,2247635326655,192
basic_appreq,987821,2247636359359,192
basic_appreq,1049194,2247637458998,192
basic_appreq,961602,2247638464271,192
basic_appreq,995668,2247639504537,192
basic_appreq,976702,2247640526885,192
basic_appreq,1048522,2247641622401,192
basic_appreq,1025161,2247642691081,192
basic_appreq,982495,2247643717560,192
basic_appreq,1007069,2247644769356,192
basic_appreq,1041037,2247645858296,192
basic_appreq,997622,2247646900178,192
basic_appreq,997184,2247647941911,192
basic_appreq,1037783,2247649024765,192
basic_appreq,986024,2247650058996,192
basic_appreq,982004,2247651085217,192
basic_appreq,1021116,2247652150136,192
basic_appreq,1029977,2247653229175,192
basic_appreq,1090009,2247654363320,192
basic_appreq,999818,2247655407709,192
basic_appreq,1047460,2247656499599,192
basic_appreq,972642,2247657521269,192
basic_appreq,1043826,2247658610018,192
basic_appreq,1049962,2247659703716,192
basic_appreq,972044,2247660720314,192
basic_appreq,1020450,2247661789312,192
basic_appreq,1058964,2247662892776,192
basic_appreq,1009598,2247663946651,192
basic_appreq,1069583,2247665060785,192
basic_appreq,999443,2247666107336,192
basic_appreq,988738,2247667159593,192
basic_appreq,941142,2247668144414,192
basic_appreq,1029316,2247669221268,192
basic_appreq,976628,2247670243496,192
basic_appreq,1047954,2247671336239,192
basic_appreq,1014604,2247672397341,192
basic_appreq,932976,2247673378948,192
basic_appreq,1032823,2247674457603,192
basic_appreq,1000322,2247675502572,192
basic_appreq,1017416,2247676564259,192
basic_appreq,1009454,2247677622862,192
basic_appreq,1063156,2247678730467,192
basic_appreq,955426,2247679730765,192
basic_appreq,1055622,2247680830411,192
basic_appreq,994040,2247681872353,192
basic_appreq,991911,2247682908261,192
basic_appreq,988781,2247683942716,192
basic_appreq,1017130,2247685004413,192
basic_appreq,1017794,2247686072442,192
basic_appreq,1027965,2247687145841,192
basic_appreq,986435,2247688177351,192
basic_appreq,999701,2247689225840,192
basic_appreq,1000148,2247690271278,192
basic_appreq,1278277,2247691592950,192
basic_appreq,1049240,2247692686364,192
basic_appreq,1057614,2247693791720,192
basic_appreq,1054856,2247694890590,192
basic_appreq,1032620,2247695968777,192
basic_appreq,1031768,2247697069445,192
basic_appreq,1009367,2247698126457,192
basic_appreq,969761,2247699141405,192
basic_appreq,1038828,2247700224430,192
basic_appreq,1013577,2247701290742,192
basic_appreq,1057534,2247702394864,192
basic_appreq,1070358,2247703509436,192
basic_appreq,1034077,2247704588415,192
basic_appreq,977790,2247705617222,192
basic_appreq,1022024,2247706683123,192
basic_appreq,998287,2247707725837,192
basic_appreq,971055,2247708740871,192
basic_appreq,954111,2247709742182,192
basic_appreq,1078901,2247710865362,192
basic_appreq,998354,2247711907308,192
basic_appreq,1027354,2247712979724,192
basic_appreq,1009808,2247714037986,192
basic_appreq,1021320,2247715103583,192
basic_appreq,992405,2247716140567,192
basic_appreq,1002807,2247717192025,192
basic_appreq,970399,2247718206548,192
basic_appreq,1025252,2247719276565,192
basic_appreq,1011372,2247720332596,192
basic_appreq,1027738,2247721410148,192
basic_appreq,1036850,2247722491081,192
basic_appreq,995196,2247723530515,192
basic_appreq,988103,2247724562984,192
basic_appreq,1008862,2247725623264,192
basic_appreq,1021853,2247726689679,192
basic_appreq,1014255,2247727747885,192
basic_appreq,1041197,2247728834014,192
basic_appreq,1039057,2247729920371,192
basic_appreq,1009160,2247730973738,192
basic_appreq,1057781,2247732075341,192
basic_appreq,1237512,2247733364117,192
basic_appreq,1017496,2247734425283,192
basic_appreq,975085,2247735444942,192
basic_appreq,1026559,2247736515521,192
basic_appreq,950173,2247737513103,192
basic_appreq,1260975,2247738830835,192
basic_appreq,1090263,2247739965896,192
basic_appreq,969828,2247741005226,192
basic_appreq,1002698,2247742058713,192
basic_appreq,1030568,2247743133605,192
basic_appreq,1023621,2247744201908,192
basic_appreq,1020483,2247745268841,192
basic_appreq,1021253,2247746334047,192
basic_appreq,1016027,2247747394224,192
basic_appreq,1043376,2247748481733,192
basic_appreq,880245,2247749412654,192
basic_appreq,980591,2247750437656,192
basic_appreq,962357,2247751444540,192
basic_appreq,936447,2247752425302,192
basic_appreq,950418,2247753422202,192
basic_appreq,1056517,2247754522670,192
basic_appreq,946806,2247755514348,192
basic_appreq,952810,2247756510957,192
basic_appreq,1068944,2247757627988,192
basic_appreq,972726,2247758644512,192
basic_appreq,1025339,2247759714178,192
basic_appreq,967891,2247760726305,192
basic_appreq,1036373,2247761809124,192
basic_appreq,971766,2247762825775,192
basic_appreq,1028480,2247763898783,192
basic_appreq,1027634,2247764972616,192
basic_appreq,977758,2247765998637,192
basic_appreq,1034026,2247767077128,192
basic_appreq,993302,2247768115518,192
basic_appreq,1023034,2247769189198,192
basic_appreq,1053962,2247770287270,192
basic_appreq,1034105,2247771365760,192
basic_appreq,1019335,2247772429526,192
basic_appreq,1038193,2247773518129,192
basic_appreq,1001067,2247774564151,192
basic_appreq,1042227,2247775651450,192
basic_appreq,1018696,2247776715098,192
basic_appreq,992486,2247777760582,192
basic_appreq,1051543,2247778856392,192
basic_appreq,970534,2247779887405,192
basic_appreq,1111547,2247781042875,192
basic_appreq,1005574,2247782096265,192
basic_appreq,1021490,2247783161337,192
basic_appreq,980233,2247784184037,192
basic_appreq,1009350,2247785238533,192
basic_appreq,979071,2247786260794,192
basic_appreq,1006086,2247787309738,192
basic_appreq,4390619,2247791745580,192
basic_appreq,1056932,2247792849910,192
basic_appreq,1052131,2247793949054,192
basic_appreq,1001599,2247794993239,192
basic_appreq,1039032,2247796074610,192
basic_appreq,1000870,2247797121191,192
basic_appreq,1030695,2247798197015,192
basic_appreq,1072399,2247799313238,192
basic_appreq,1300732,2247800657852,192
basic_appreq,1091339,2247801797520,192
basic_appreq,1016988,2247802858365,192
basic_appreq,1042858,2247803943262,192
basic_appreq,1044252,2247805032376,192
basic_appreq,1105530,2247806184267,192
basic_appreq,1036574,2247807263891,192
basic_appreq,1094320,2247808403330,192
basic_appreq,1021149,2247809478336,192
basic_appreq,1078307,2247810600482,192
basic_appreq,1056869,2247811700705,192
basic_appreq,1086309,2247812831767,192
basic_appreq,978155,2247813856588,192
basic_appreq,1081365,2247814991442,192
basic_appreq,1323730,2247816359416,192
basic_appreq,1065256,2247817479103,192
basic_appreq,1060835,2247818583434,192
basic_appreq,1046948,2247819674091,192
basic_appreq,986536,2247820705056,192
basic_appreq,1094249,2247821849999,192
basic_appreq,1027189,2247822921365,192
basic_appreq,1089104,2247824053970,192
basic_appreq,1029419,2247825131790,192
basic_appreq,1402177,2247826577101,192
basic_appreq,985266,2247827606858,192
basic_appreq,1428717,2247829079813,192
basic_appreq,1039609,2247830168853,192
basic_appreq,1069196,2247831284416,192
basic_appreq,1057928,2247832389375,192
basic_appreq,1466191,2247833913092,192
basic_appreq,1171904,2247835128785,192
basic_appreq,1176505,2247836349497,192
basic_appreq,1157856,2247837556782,192
basic_appreq,1214320,2247838816147,192
basic_appreq,1392707,2247840252918,192
basic_appreq,1216528,2247841517703,192
basic_appreq,1158377,2247842720698,192
basic_appreq,1078898,2247843843038,192
basic_appreq,973153,2247844860415,192
basic_appreq,1044832,2247845956338,192
basic_appreq,1015946,2247847016157,192
basic_appreq,1093975,2247848155522,192
basic_appreq,995262,2247849199402,192
basic_appreq,1086647,2247850331917,192
basic_appreq,1031477,2247851408189,192
basic_appreq,1074632,2247852528588,192
basic_appreq,1051158,2247853631816,192
basic_appreq,1057419,2247854735287,192
basic_appreq,1041795,2247855821213,192
basic_appreq,1063899,2247856929931,192
basic_appreq,1017079,2247857995400,192
basic_appreq,1332798,2247859373025,192
basic_appreq,1046440,2247860464226,192
basic_appreq,1065011,2247861582229,192
basic_appreq,1032019,2247862659497,192
basic_appreq,1353342,2247864057705,192
basic_appreq,1165271,2247865275623,192
basic_appreq,1427408,2247866746659,192
basic_appreq,1207335,2247867998740,192
basic_appreq,1422820,2247869494510,192
basic_appreq,1171375,2247870712341,192
basic_appreq,1197866,2247871954167,192
basic_appreq,1440629,2247873438934,192
basic_appreq,1180472,2247874666181,192
basic_appreq,1403998,2247876115990,192
basic_appreq,1186178,2247877352286,192
basic_appreq,1118675,2247878515134,192
basic_appreq,1419021,2247879979184,192
basic_appreq,1187181,2247881235141,192
basic_appreq,1222961,2247882507243,192
basic_appreq,1167275,2247883719167,192
basic_appreq,1386345,2247885149091,192
basic_appreq,1129541,2247886327427,192
basic_appreq,989154,2247887361838,192
basic_appreq,1080179,2247888487085,192
basic_appreq,994542,2247889531714,192
basic_appreq,1077100,2247890654272,192
basic_appreq,1052862,2247891752951,192
basic_appreq,1045605,2247892842896,192
basic_appreq,1064180,2247893954187,192
basic_appreq,1060123,2247895058029,192
basic_appreq,1055629,2247896158226,192
basic_appreq,1056772,2247897272146,192
basic_appreq,1044912,2247898362038,192
basic_appreq,1358438,2247899764091,192
basic_appreq,1063221,2247900871366,192
basic_appreq,1014637,2247901932558,192
basic_appreq,1034554,2247903011387,192
basic_appreq,1016441,2247904071857,192
basic_appreq,1329167,2247905466346,192
basic_appreq,1047446,2247906558182,192
basic_appreq,1012230,2247907614216,192
basic_appreq,1069035,2247908727594,192
basic_appreq,1016190,2247909797838,192
basic_appreq,1115317,2247910957603,192
basic_appreq,1056237,2247912057492,192
basic_appreq,1116844,2247913229506,192
basic_appreq,1292422,2247914567614,192
basic_appreq,1381851,2247915993435,192
basic_appreq,1063749,2247917130481,192
basic_appreq,1492612,2247918666793,192
basic_appreq,1114083,2247919825517,192
basic_appreq,1452369,2247921322858,192
basic_appreq,1152537,2247922523040,192
basic_appreq,1506460,2247924073956,192
basic_appreq,1172027,2247925300615,192
basic_appreq,1441689,2247926785716,192
basic_appreq,1148410,2247927978189,192
basic_appreq,1196105,2247929239352,192
basic_appreq,1351875,2247930640065,192
basic_appreq,1151106,2247931836278,192
basic_appreq,1411991,2247933292539,192
basic_appreq,1185717,2247934526015,192
basic_appreq,1202223,2247935772883,192
basic_appreq,1427141,2247937244027,192
basic_appreq,1309928,2247938603814,192
basic_appreq,1058633,2247939707633,192
basic_appreq,1008829,2247940760308,192
basic_appreq,1067361,2247941878262,192
basic_appreq,1026031,2247942948405,192
basic_appreq,1092512,2247944084927,192
basic_appreq,1017594,2247945167358,192
basic_appreq,1078852,2247946290229,192
basic_appreq,1021718,2247947356521,192
basic_appreq,1113152,2247948514413,192
basic_appreq,997896,2247949566381,192
basic_appreq,1057533,2247950668145,192
basic_appreq,967071,2247951679794,192
basic_appreq,1044869,2247952769201,192
basic_appreq,979167,2247953796348,192
basic_appreq,1001661,2247954842778,192
basic_appreq,1025223,2247955912451,192
basic_appreq,1018856,2247956975982,192
basic_appreq,1057597,2247958083510,192
basic_appreq,1080214,2247959208610,192
basic_appreq,1041782,2247960295548,192
basic_appreq,1066943,2247961418641,192
basic_appreq,1056712,2247962521026,192
basic_appreq,1046243,2247963611209,192
basic_appreq,1019004,2247964675726,192
basic_appreq,1050476,2247965775088,192
basic_appreq,1010621,2247966829745,192
basic_appreq,1064380,2247967938067,192
basic_appreq,1073866,2247969056702,192
basic_appreq,1075073,2247970179326,192
basic_appreq,1005604,2247971228547,192
basic_appreq,1401752,2247972674219,192
basic_appreq,1001284,2247973737359,192
basic_appreq,1013193,2247974794465,192
basic_appreq,1012491,2247975850673,192
basic_appreq,1069532,2247976966036,192
basic_appreq,1000232,2247978017217,192
basic_appreq,1033298,2247979094175,192
basic_appreq,1052425,2247980191574,192
basic_appreq,1067789,2247981307994,192
basic_appreq,1033613,2247982386080,192
basic_appreq,1068377,2247983499129,192
basic_appreq,1076883,2247984620643,192
basic_appreq,1042962,2247985713917,192
basic_appreq,1038047,2247986796595,192
basic_appreq,1111839,2247987952423,192
basic_appreq,961898,2247988959007,192
basic_appreq,1442010,2247990449457,192
basic_appreq,1009494,2247991503402,192
basic_appreq,1110054,2247992658956,192
basic_appreq,1030923,2247993745145,192
basic_appreq,1077660,2247994867366,192
basic_appreq,992944,2247995905623,192
basic_appreq,1054520,2247997003818,192
basic_appreq,989221,2247998040220,192
basic_appreq,1111728,2247999196794,192
basic_appreq,1032517,2248000274586,192
basic_appreq,1076439,2248001402714,192
basic_appreq,999433,2248002446444,192
basic_appreq,1023435,2248003514962,192
basic_appreq,1016127,2248004577367,192
basic_appreq,1063431,2248005692791,192
basic_appreq,982456,2248006721859,192
basic_appreq,1014446,2248007783295,192
basic_appreq,1045019,2248008872265,192
basic_appreq,992740,2248009915901,192
basic_appreq,971990,2248010933154,192
basic_appreq,1048703,2248012027470,192
basic_appreq,1023511,2248013103104,192
basic_appreq,1010369,2248014157640,192
basic_appreq,1024951,2248015219050,192
basic_appreq,986799,2248016240667,192
basic_appreq,637210,2248016914275,192
basic_appreq,796700,2248017744763,192
basic_appreq,666759,2248018455415,192
basic_appreq,929781,2248019421602,192
basic_appreq,1000292,2248020456580,192
basic_appreq,970353,2248021464180,192
basic_appreq,1277382,2248022775935,192
basic_appreq,1061420,2248023872142,192
basic_appreq,964432,2248024895690,192
basic_appreq,1027645,2248025965711,192
basic_appreq,986208,2248026987104,192
basic_appreq,1012180,2248028033898,192
basic_appreq,996682,2248029068717,192
basic_appreq,845300,2248029947716,192
basic_appreq,738205,2248030730739,192
basic_appreq,882090,2248031645949,192
basic_appreq,854325,2248032533836,192
basic_appreq,746993,2248033317220,192
basic_appreq,676569,2248034026989,192
basic_appreq,812625,2248034873599,192
basic_appreq,686570,2248035593068,192
basic_appreq,689083,2248036315783,192
basic_appreq,693090,2248037044311,192
basic_appreq,966293,2248038044927,192
basic_appreq,638049,2248038716086,192
basic_appreq,704310,2248039452991,192
basic_appreq,657246,2248040143207,192
basic_appreq,891312,2248041077409,192
basic_appreq,1249447,2248042360488,192
basic_appreq,969173,2248043363506,192
basic_appreq,1021290,2248044428525,192
basic_appreq,931953,2248045400435,192
basic_appreq,971880,2248046406568,192
basic_appreq,1010155,2248047451391,192
basic_appreq,992898,2248048478504,192
basic_appreq,668369,2248049182901,192
basic_appreq,684959,2248049901050,192
basic_appreq,662512,2248050597387,192
basic_appreq,918554,2248051550171,192
basic_appreq,1027508,2248052611043,192
basic_appreq,982791,2248053630501,192
basic_appreq,927382,2248054591598,192
basic_appreq,654252,2248055279327,192
basic_appreq,639446,2248055952001,192
basic_appreq,680282,2248056675924,192
basic_appreq,990663,2248057706957,192
basic_appreq,1023097,2248058765300,192
basic_appreq,1012435,2248059811813,192
basic_appreq,990421,2248060837262,192
basic_appreq,1022766,2248061896183,192
basic_appreq,993860,2248062924111,192
basic_appreq,1123172,2248064080892,192
basic_appreq,1013844,2248065140480,192
basic_appreq,1018806,2248066202873,192
basic_appreq,1007179,2248067247184,192
basic_appreq,1000566,2248068283790,192
basic_appreq,673412,2248068993731,192
basic_appreq,559964,2248069587492,192
basic_appreq,722521,2248070343975,192
basic_appreq,917374,2248071295757,192
basic_appreq,660380,2248071989955,192
basic_appreq,682067,2248072722146,192
basic_appreq,683500,2248073441348,192
basic_appreq,855221,2248074333047,192
basic_appreq,981022,2248075349231,192
basic_appreq,592630,2248075975919,192
basic_appreq,654485,2248076683246,192
basic_appreq,707641,2248077427235,192
basic_appreq,950779,2248078411297,192
basic_appreq,1024751,2248079470178,192
basic_appreq,649012,2248080152615,192
basic_appreq,591056,2248080777920,192
basic_appreq,655592,2248081466211,192
basic_appreq,641996,2248082142947,192
basic_appreq,755326,2248082930899,192
basic_appreq,718498,2248083682249,192
basic_appreq,755851,2248084470989,192
basic_appreq,1025142,2248085533127,192
basic_appreq,1037609,2248086604434,192
basic_appreq,937196,2248087574473,192
basic_appreq,664808,2248088272705,192
basic_appreq,719757,2248089026758,192
basic_appreq,660270,2248089720281,192
basic_appreq,840853,2248090596059,192
basic_appreq,989948,2248091619360,192
basic_appreq,981163,2248092633766,192
basic_appreq,1048703,2248093718455,192
basic_appreq,933277,2248094685591,192
basic_appreq,1034320,2248095753860,192
basic_appreq,1008840,2248096795746,192
basic_appreq,937523,2248097769079,192
basic_appreq,626044,2248098427845,192
basic_appreq,735699,2248099196062,192
basic_appreq,644061,2248099874126,192
basic_appreq,1015603,2248100924756,192
basic_appreq,1051131,2248102012639,192
basic_appreq,989659,2248103036735,192
basic_appreq,908604,2248103978269,192
basic_appreq,662920,2248104690627,192
basic_appreq,745072,2248105470750,192
basic_appreq,667013,2248106181676,192
basic_appreq,844285,2248107062957,192
basic_appreq,647436,2248107745263,192
basic_appreq,724221,2248108503791,192
basic_appreq,673038,2248109222284,192
basic_appreq,880817,2248110147097,192
basic_appreq,854676,2248111036792,192
basic_appreq,633775,2248111705823,192
basic_appreq,782472,2248112522291,192
basic_appreq,660023,2248113228167,192
basic_appreq,865226,2248114136256,192
basic_appreq,690319,2248114862151,192
basic_appreq,830782,2248115726621,192
basic_appreq,744160,2248116504913,192
basic_appreq,723613,2248117264206,192
basic_appreq,702489,2248118016488,192
basic_appreq,785904,2248118835999,192
basic_appreq,827665,2248119696951,192
basic_appreq,718717,2248120448806,192
basic_appreq,713385,2248121199634,192
basic_appreq,936903,2248122171063,192
basic_appreq,1020998,2248123225610,192
basic_appreq,629637,2248123888325,192
basic_appreq,778887,2248124700302,192
basic_appreq,656742,2248125392847,192
basic_appreq,820249,2248126253019,192
basic_appreq,983858,2248127271068,192
basic_appreq,1056201,2248128360923,192
basic_appreq,847633,2248129246180,192
basic_appreq,741226,2248130021842,192
basic_appreq,819101,2248130873849,192
basic_appreq,868887,2248131775532,192
basic_appreq,854646,2248132662654,192
basic_appreq,681278,2248133379190,192
basic_appreq,644709,2248134057971,192
basic_appreq,742491,2248134833192,192
basic_appreq,654466,2248135520681,192
basic_appreq,798504,2248136360849,192
basic_appreq,1024998,2248137421834,192
basic_appreq,958304,2248138413716,192
basic_appreq,859595,2248139307460,192
basic_appreq,716542,2248140067458,192
basic_appreq,820043,2248140923905,192
basic_appreq,724254,2248141681591,192
basic_appreq,773748,2248142496367,192
basic_appreq,1011732,2248143541183,192
basic_appreq,956088,2248144530716,192
basic_appreq,965472,2248145531746,192
basic_appreq,988379,2248146553210,192
basic_appreq,1029218,2248147616423,192
basic_appreq,985328,2248148635470,192
basic_appreq,630039,2248149303469,192
basic_appreq,757999,2248150094498,192
basic_appreq,682129,2248150810222,192
basic_appreq,809821,2248151654450,192
basic_appreq,994340,2248152681921,192
basic_appreq,947057,2248153666108,192
basic_appreq,959666,2248154659733,192
basic_appreq,1050119,2248155743694,192
basic_appreq,985698,2248156764279,192
basic_appreq,666291,2248157466049,192
basic_appreq,800645,2248158299765,192
basic_appreq,633061,2248158966076,192
basic_appreq,1262873,2248160263075,192
basic_appreq,654027,2248160952662,192
basic_appreq,813988,2248161799794,192
basic_appreq,766386,2248162599247,192
basic_appreq,668443,2248163300679,192
basic_appreq,913369,2248164250640,192
basic_appreq,985185,2248165273616,192
basic_appreq,944730,2248166252473,192
basic_appreq,638658,2248166924337,192
basic_appreq,760830,2248167718147,192
basic_appreq,669483,2248168420859,192
basic_appreq,810486,2248169267811,192
basic_appreq,1033563,2248170334801,192
basic_appreq,1018881,2248171386965,192
basic_appreq,846343,2248172266501,192
basic_appreq,690500,2248172997675,192
basic_appreq,883533,2248173914479,192
basic_appreq,841826,2248174789568,192
basic_appreq,625092,2248175447503,192
basic_appreq,943047,2248176429643,192
basic_appreq,1010540,2248177476655,192
basic_appreq,641929,2248178151998,192
basic_appreq,714351,2248178899365,192
basic_appreq,690620,2248179624001,192
basic_appreq,839790,2248180498525,192
basic_appreq,1002604,2248181538112,192
basic_appreq,1002915,2248182574160,192
basic_appreq,989929,2248183597578,192
basic_appreq,619360,2248184250924,192
basic_appreq,585478,2248184870589,192
basic_appreq,827067,2248185731237,192
basic_appreq,962464,2248186727151,192
basic_appreq,992389,2248187758455,192
basic_appreq,984785,2248188776416,192
basic_appreq,939672,2248189752901,192
basic_appreq,636826,2248190423335,192
basic_appreq,702491,2248191158506,192
basic_appreq,706595,2248191898445,192
basic_appreq,862996,2248192795844,192
basic_appreq,1014175,2248193845817,192
basic_appreq,1006127,2248194885822,192
basic_appreq,984595,2248195903569,192
basic_appreq,1031283,2248196967952,192
basic_appreq,683749,2248197687389,192
basic_appreq,834441,2248198554736,192
basic_appreq,731147,2248199318901,192
basic_appreq,773878,2248200125511,192
basic_appreq,1013661,2248201175369,192
basic_appreq,794390,2248202003023,192
basic_appreq,731428,2248202778428,192
basic_appreq,939171,2248203750388,192
basic_appreq,598176,2248204381915,192
basic_appreq,920092,2248205338348,192
basic_appreq,707648,2248206079767,192
basic_appreq,650840,2248206763150,192
basic_appreq,720058,2248207516618,192
basic_appreq,754856,2248208305058,192
basic_appreq,962811,2248209306515,192
basic_appreq,827147,2248210167250,192
basic_appreq,921418,2248211145756,192
basic_appreq,855195,2248212045327,192
basic_appreq,810513,2248212892089,192
basic_appreq,860591,2248213786006,192
basic_appreq,918575,2248214737561,192
basic_appreq,802157,2248215572590,192
basic_appreq,887225,2248216492510,192
basic_appreq,621061,2248217148594,192
basic_appreq,844663,2248218026393,192
basic_appreq,968248,2248219027627,192
basic_appreq,863773,2248219924766,192
basic_appreq,1012876,2248220971106,192
basic_appreq,1292626,2248222300433,192
basic_appreq,590267,2248222924181,192
basic_appreq,626943,2248223583475,192
basic_appreq,809042,2248224426911,192
basic_appreq,1016658,2248225479774,192
basic_appreq,1031025,2248226555972,192
basic_appreq,922865,2248227523064,192
basic_appreq,1011957,2248228579619,192
basic_appreq,975141,2248229605880,192
basic_appreq,1032001,2248230674678,192
basic_appreq,1054068,2248231763323,192
basic_appreq,959988,2248232767117,192
basic_appreq,991895,2248233807793,192
basic_appreq,989306,2248234842041,192
basic_appreq,1015201,2248235901115,192
basic_appreq,1028304,2248236974209,192
basic_appreq,1047933,2248238071312,192
basic_appreq,983160,2248239098836,192
basic_appreq,1311989,2248240456115,192
basic_appreq,1032055,2248241537239,192
basic_appreq,1008575,2248242591378,192
basic_appreq,986703,2248243622361,192
basic_appreq,1035471,2248244702168,192
basic_appreq,924028,2248245677656,192
basic_appreq,1027996,2248246749434,192
basic_appreq,1279858,2248248073643,192
basic_appreq,1026141,2248249139580,192
basic_appreq,1005946,2248250189425,192
basic_appreq,1023918,2248251249853,192
basic_appreq,1097648,2248252381569,192
basic_appreq,652611,2248253070912,192
basic_appreq,624252,2248253728977,192
basic_appreq,746287,2248254519555,192
basic_appreq,980928,2248255536588,192
basic_appreq,1048180,2248256619870,192
basic_appreq,650079,2248257306728,192
basic_appreq,586227,2248257936266,192
basic_appreq,726245,2248258696668,192
basic_appreq,662867,2248259392822,192
basic_appreq,722511,2248260148144,192
basic_appreq,692872,2248260877444,192
basic_appreq,727971,2248261640279,192
basic_appreq,1028243,2248262701598,192
basic_appreq,1203721,2248263939127,192
basic_appreq,1007251,2248264979913,192
basic_appreq,842122,2248265857636,192
basic_appreq,966607,2248266867775,192
basic_appreq,1003553,2248267904999,192
basic_appreq,651493,2248268590220,192
basic_appreq,778018,2248269402928,192
basic_appreq,698408,2248270133577,192
basic_appreq,915961,2248271081940,192
basic_appreq,988660,2248272113622,192
basic_appreq,1006590,2248273158421,192
basic_appreq,620825,2248273812459,192
basic_appreq,779381,2248274624343,192
basic_appreq,569925,2248275227401,192
basic_appreq,952396,2248276212439,192
basic_appreq,1001716,2248277250392,192
basic_appreq,926180,2248278209040,192
basic_appreq,1004361,2248279246789,192
basic_appreq,1007670,2248280287258,192
basic_appreq,987889,2248281312524,192
basic_appreq,976718,2248282322446,192
basic_appreq,1009418,2248283364896,192
basic_appreq,953736,2248284351495,192
basic_appreq,965347,2248285352705,192
basic_appreq,941657,2248286326951,192
basic_appreq,965472,2248287325806,192
basic_appreq,983311,2248288342120,192
basic_appreq,970691,2248289350137,192
basic_appreq,1251877,2248290635829,192
basic_appreq,974516,2248291643783,192
basic_appreq,1026659,2248292703566,192
basic_appreq,1044769,2248293784542,192
basic_appreq,936875,2248294754437,192
basic_appreq,624380,2248295412799,192
basic_appreq,775475,2248296221251,192
basic_appreq,684592,2248296941175,192
basic_appreq,852402,2248297828337,192
basic_appreq,669058,2248298531464,192
basic_appreq,752155,2248299315897,192
basic_appreq,721940,2248300071133,192
basic_appreq,752129,2248300859078,192
basic_appreq,1011034,2248301903684,192
basic_appreq,979173,2248302916529,192
basic_appreq,983448,2248303933198,192
basic_appreq,637284,2248304604120,192
basic_appreq,644168,2248305283249,192
basic_appreq,660650,2248305977143,192
basic_appreq,968414,2248306978808,192
basic_appreq,648434,2248307660803,192
basic_appreq,731345,2248308424464,192
basic_appreq,648454,2248309107822,192
basic_appreq,973062,2248310116691,192
basic_appreq,872925,2248311039252,192
basic_appreq,984717,2248312057912,192
basic_appreq,957428,2248313052527,192
basic_appreq,1011028,2248314098579,192
basic_appreq,851205,2248314983024,192
basic_appreq,772685,2248315797090,192
basic_appreq,824690,2248316665964,192
basic_appreq,858379,2248317564824,192
basic_appreq,848458,2248318447892,192
basic_appreq,787170,2248319268837,192
basic_appreq,767459,2248320070699,192
basic_appreq,813356,2248320920698,192
basic_appreq,782281,2248321736614,192
basic_appreq,905620,2248322679050,192
basic_appreq,718032,2248323430657,192
basic_appreq,694035,2248324157675,192
basic_appreq,617928,2248324811111,192
basic_appreq,983164,2248325829112,192
basic_appreq,881398,2248326743928,192
basic_appreq,604355,2248327382027,192
basic_appreq,671250,2248328086330,192
basic_appreq,845588,2248328986954,192
basic_appreq,754019,2248329777272,192
basic_appreq,771011,2248330582462,192
basic_appreq,879661,2248331496425,192
basic_appreq,948417,2248332478313,192
basic_appreq,857474,2248333372024,192
basic_appreq,871140,2248334277423,192
basic_appreq,869596,2248335191185,192
basic_appreq,805795,2248336033479,192
basic_appreq,660715,2248336732385,192
basic_appreq,918896,2248337685529,192
basic_appreq,850614,2248338570780,192
basic_appreq,1022616,2248339626723,192
basic_appreq,1010557,2248340671336,192
basic_appreq,928194,2248341634842,192
basic_appreq,608919,2248342277770,192
basic_appreq,761371,2248343072044,192
basic_appreq,612020,2248343717985,192
basic_appreq,990352,2248344741911,192
basic_appreq,999573,2248345777415,192
basic_appreq,941901,2248346753659,192
basic_appreq,949522,2248347737481,192
basic_appreq,985773,2248348756518,192
basic_appreq,963860,2248349758547,192
basic_appreq,1017540,2248350809311,192
basic_appreq,953585,2248351796428,192
basic_appreq,1012656,2248352842611,192
basic_appreq,951966,2248353830606,192
basic_appreq,628763,2248354494485,192
basic_appreq,693991,2248355221486,192
basic_appreq,629763,2248355885291,192
basic_appreq,971469,2248356892075,192
basic_appreq,988727,2248357918106,192
basic_appreq,983982,2248358936361,192
basic_appreq,981626,2248359952418,192
basic_appreq,630166,2248360615755,192
basic_appreq,603630,2248361255288,192
basic_appreq,833629,2248362122809,192
basic_appreq,977831,2248363134729,192
basic_appreq,656702,2248363825052,192
basic_appreq,760837,2248364619422,192
basic_appreq,590798,2248365246057,192
basic_appreq,1020648,2248366300681,192
basic_appreq,974850,2248367309216,192
basic_appreq,1005935,2248368349678,192
basic_appreq,823979,2248369209955,192
basic_appreq,705223,2248369953950,192
basic_appreq,745994,2248370744686,192
basic_appreq,660129,2248371441481,192
basic_appreq,901476,2248372378079,192
basic_appreq,975268,2248373390193,192
basic_appreq,613280,2248374038002,192
basic_appreq,610346,2248374681448,192
basic_appreq,784206,2248375510482,192
basic_appreq,665988,2248376213365,192
basic_appreq,572775,2248376822314,192
basic_appreq,836887,2248377703688,192
basic_appreq,954605,2248378702136,192
basic_appreq,669599,2248379409312,192
basic_appreq,682794,2248380125858,192
basic_appreq,700306,2248380861099,192
basic_appreq,965919,2248381862518,192
basic_appreq,1022215,2248382928906,192
basic_appreq,961522,2248383934995,192
basic_appreq,1026332,2248385005661,192
basic_appreq,991667,2248386046053,192
basic_appreq,999730,2248387094117,192
basic_appreq,1000245,2248388138258,192
basic_appreq,996405,2248389183048,192
basic_appreq,957150,2248390184629,192
basic_appreq,998103,2248391226622,192
basic_appreq,983614,2248392254467,192
basic_appreq,945476,2248393246483,192
basic_appreq,1000008,2248394290242,192
basic_appreq,1017494,2248395351265,192
basic_appreq,868576,2248396257372,192
basic_appreq,1006280,2248397312363,192
basic_appreq,931943,2248398281038,192
basic_appreq,956659,2248399271684,192
basic_appreq,719456,2248400025529,192
basic_appreq,797582,2248400860706,192
basic_appreq,867358,2248401761023,192
basic_appreq,689297,2248402483720,192
basic_appreq,843500,2248403361700,192
basic_appreq,977260,2248404372377,192
basic_appreq,919598,2248405334817,192
basic_appreq,632556,2248406001005,192
basic_appreq,730694,2248406779029,192
basic_appreq,651699,2248407464115,192
basic_appreq,822652,2248408322949,192
basic_appreq,1019733,2248409379373,192
basic_appreq,960843,2248410373951,192
basic_appreq,910001,2248411317342,192
basic_appreq,948323,2248412299263,192
basic_appreq,963085,2248413301219,192
basic_appreq,966063,2248414300331,192
basic_appreq,967022,2248415300800,192
basic_appreq,984501,2248416319784,192
basic_appreq,836389,2248417192123,192
basic_appreq,678227,2248417903239,192
basic_appreq,906502,2248418843376,192
basic_appreq,721106,2248419608739,192
basic_appreq,843266,2248420496806,192
basic_appreq,930941,2248421466916,192
basic_appreq,656998,2248422158688,192
basic_appreq,747241,2248422939462,192
basic_appreq,715623,2248423689352,192
basic_appreq,705476,2248424428908,192
basic_appreq,1006096,2248425470660,192
basic_appreq,1009661,2248426515349,192
basic_appreq,1037973,2248427587378,192
basic_appreq,1034006,2248428655400,192
basic_appreq,672793,2248429364989,192
basic_appreq,719693,2248430117565,192
basic_appreq,667066,2248430817982,192
basic_appreq,863418,2248431716007,192
basic_appreq,1038153,2248432788173,192
basic_appreq,999788,2248433827165,192
basic_appreq,1020815,2248434881761,192
basic_appreq,1000238,2248435915200,192
basic_appreq,969271,2248436917700,192
basic_appreq,947765,2248437904851,192
basic_appreq,942927,2248438881101,192
basic_appreq,954619,2248439868866,192
basic_appreq,973742,2248440876175,192
basic_appreq,959396,2248441871137,192
basic_appreq,1036185,2248442940937,192
basic_appreq,990024,2248443965100,192
basic_appreq,1036336,2248445034610,192
basic_appreq,680001,2248445751088,192
basic_appreq,690556,2248446474638,192
basic_appreq,625198,2248447143625,192
basic_appreq,967078,2248448146888,192
basic_appreq,935228,2248449119299,192
basic_appreq,667564,2248449821216,192
basic_appreq,623130,2248450478238,192
basic_appreq,670351,2248451192599,192
basic_appreq,1000974,2248452229436,192
basic_appreq,952576,2248453219764,192
basic_appreq,649327,2248453903935,192
basic_appreq,577340,2248454514597,192
basic_appreq,700981,2248455255766,192
basic_appreq,766273,2248456055470,192
basic_appreq,905630,2248456997340,192
basic_appreq,822649,2248457853467,192
basic_appreq,697874,2248458584071,192
basic_appreq,1009083,2248459626226,192
basic_appreq,877011,2248460536514,192
basic_appreq,684080,2248461271725,192
basic_appreq,832834,2248462138250,192
basic_appreq,911915,2248463083292,192
basic_appreq,628660,2248463745259,192
basic_appreq,902145,2248464680818,192
basic_appreq,678217,2248465394500,192
basic_appreq,755710,2248466183471,192
basic_appreq,680926,2248466897822,192
basic_appreq,846390,2248467778675,192
basic_appreq,952390,2248468765541,192
basic_appreq,1017878,2248469820469,192
basic_appreq,1026362,2248470880111,192
basic_appreq,978309,2248471891873,192
basic_appreq,980637,2248472916618,192
basic_appreq,1005220,2248473969116,192
basic_appreq,983137,2248474996233,192
basic_appreq,990237,2248476029916,192
basic_appreq,974894,2248477048107,192
basic_appreq,1022622,2248478106082,192
basic_appreq,630221,2248478770896,192
basic_appreq,590243,2248479394528,192
basic_appreq,797057,2248480235367,192
basic_appreq,1042728,2248481318533,192
basic_appreq,1010423,2248482374258,192
basic_appreq,997401,2248483415580,192
basic_appreq,998741,2248484459103,192
basic_appreq,1075550,2248485584878,192
basic_appreq,1014864,2248486646331,192
basic_appreq,1071808,2248487761731,192
basic_appreq,968458,2248488774858,192
basic_appreq,1000920,2248489823429,192
basic_appreq,977213,2248490844623,192
basic_appreq,1016385,2248491905778,192
basic_appreq,1090243,2248493039790,192
basic_appreq,973473,2248494059201,192
basic_appreq,1014065,2248495117748,192
basic_appreq,1082287,2248496244549,192
basic_appreq,993683,2248497287474,192
basic_appreq,1006470,2248498338558,192
basic_appreq,1037431,2248499421216,192
basic_appreq,1054115,2248500519127,192
basic_appreq,952831,2248501520662,192
basic_appreq,995182,2248502560580,192
basic_appreq,1009587,2248503616055,192
basic_appreq,961956,2248504622903,192
basic_appreq,977533,2248505652950,192
basic_appreq,1000566,2248506713424,192
basic_appreq,1057624,2248507815348,192
basic_appreq,1018908,2248508879234,192
basic_appreq,1006153,2248509934746,192
basic_appreq,1013320,2248510993677,192
basic_appreq,1008960,2248512048307,192
basic_appreq,1016468,2248513114569,192
basic_appreq,1002699,2248514164648,192
basic_appreq,1053971,2248515263741,192
basic_appreq,1036816,2248516344167,192
basic_appreq,1016061,2248517409209,192
basic_appreq,1029967,2248518482969,192
basic_appreq,1010158,2248519537381,192
basic_appreq,1019071,2248520600485,192
basic_appreq,1022362,2248521672129,192
basic_appreq,1015134,2248522732075,192
basic_appreq,1054877,2248523832022,192
basic_appreq,1045464,2248524921426,192
basic_appreq,1035560,2248526006285,192
basic_appreq,965998,2248527015993,192
basic_appreq,1024374,2248528086248,192
basic_appreq,1038738,2248529177860,192
basic_appreq,957241,2248530179730,192
basic_appreq,1002244,2248531225869,192
basic_appreq,960916,2248532230615,192
basic_appreq,1007189,2248533287116,192
basic_appreq,888227,2248534222107,192
basic_appreq,1075134,2248535341547,192
basic_appreq,943825,2248536330014,192
basic_appreq,948496,2248537327282,192
basic_appreq,940467,2248538312213,192
basic_appreq,861102,2248539216633,192
basic_appreq,839116,2248540099952,192
basic_appreq,898435,2248541046718,192
basic_appreq,858510,2248541949979,192
basic_appreq,1023822,2248543018602,192
basic_appreq,1019896,2248544082651,192
basic_appreq,1005254,2248545138631,192
basic_appreq,1016457,2248546200880,192
basic_appreq,1002755,2248547248433,192
basic_appreq,1036693,2248548329700,192
basic_appreq,1007082,2248549386770,192
basic_appreq,1046139,2248550477583,192
basic_appreq,979932,2248551501075,192
basic_appreq,1073997,2248552620909,192
basic_appreq,966493,2248553635429,192
basic_appreq,1065530,2248554746262,192
basic_appreq,1016241,2248555806606,192
basic_appreq,1053705,2248556905663,192
basic_appreq,978907,2248557940418,192
basic_appreq,1045605,2248559030137,192
basic_appreq,1006136,2248560080913,192
basic_appreq,1015548,2248561155709,192
basic_appreq,975305,2248562174629,192
basic_appreq,990427,2248563210530,192
basic_appreq,1040667,2248564297592,192
basic_appreq,1012354,2248565358227,192
basic_appreq,986238,2248566388634,192
basic_appreq,1014189,2248567446386,192
basic_appreq,1036793,2248568529164,192
basic_appreq,1015566,2248569592846,192
basic_appreq,1025540,2248570664487,192
basic_appreq,1034274,2248571743923,192
basic_appreq,1006193,2248572794032,192
basic_appreq,989198,2248573833088,192
basic_appreq,998855,2248574875949,192
basic_appreq,995343,2248575916007,192
basic_appreq,971176,2248576931930,192
basic_appreq,1049561,2248578030770,192
basic_appreq,1008359,2248579082447,192
basic_appreq,1032209,2248580158873,192
basic_appreq,966697,2248581176213,192
basic_appreq,961782,2248582182115,192
basic_appreq,1077816,2248583303967,192
basic_appreq,1045628,2248584394170,192
basic_appreq,999687,2248585447827,192
basic_appreq,1016537,2248586508311,192
basic_appreq,1029238,2248587581987,192
basic_appreq,999046,2248588625163,192
basic_appreq,1021994,2248589700594,192
basic_appreq,998812,2248590743060,192
basic_appreq,1031745,2248591819403,192
basic_appreq,992620,2248592856915,192
basic_appreq,974861,2248593881763,192
basic_appreq,959035,2248594887067,192
basic_appreq,1052187,2248595983407,192
basic_appreq,998324,2248597055052,192
basic_appreq,1059191,2248598163479,192
basic_appreq,987958,2248599196236,192
basic_appreq,1104156,2248600345191,192
basic_appreq,1033389,2248601427321,192
basic_appreq,1042721,2248602514025,192
basic_appreq,970684,2248603529089,192
basic_appreq,1057427,2248604631408,192
basic_appreq,941430,2248605623971,192
basic_appreq,998975,2248606667544,192
basic_appreq,973984,2248607685993,192
basic_appreq,999740,2248608730037,192
basic_appreq,994876,2248609774252,192
basic_appreq,983083,2248610800992,192
basic_appreq,977683,2248611822381,192
basic_appreq,1029185,2248612896448,192
basic_appreq,964695,2248613910009,192
basic_appreq,994354,2248614949853,192
basic_appreq,997989,2248615992785,192
basic_appreq,982389,2248617053600,192
basic_appreq,943341,2248618058683,192
basic_appreq,1027799,2248619131667,192
basic_appreq,979812,2248620155473,192
basic_appreq,1042257,2248621245977,192
basic_appreq,1027845,2248622319408,192
basic_appreq,1020016,2248623383755,192
basic_appreq,1022993,2248624451026,192
basic_appreq,1046795,2248625546230,192
basic_appreq,999594,2248626589553,192
basic_appreq,1076129,2248627710420,192
basic_appreq,957031,2248628712235,192
basic_appreq,1005676,2248629765977,192
basic_appreq,971770,2248630782915,192
basic_appreq,1030555,2248631859454,192
basic_appreq,1006283,2248632910516,192
basic_appreq,1007301,2248633964922,192
basic_appreq,1028881,2248635038428,192
basic_appreq,1031968,2248636115419,192
basic_appreq,978737,2248637142806,192
basic_appreq,1012889,2248638199323,192
basic_appreq,960446,2248639203568,192
basic_appreq,1022829,2248640270431,192
basic_appreq,968742,2248641294541,192
basic_appreq,1009534,2248642348392,192
basic_appreq,1039985,2248643434425,192
basic_appreq,980240,2248644458655,192
basic_appreq,962668,2248645471384,192
basic_appreq,1002647,2248646517921,192
basic_appreq,1014728,2248647579440,192
basic_appreq,1021219,2248648645187,192
basic_appreq,1024868,2248649718014,192
basic_appreq,994490,2248650757344,192
basic_appreq,1027699,2248651829550,192
basic_appreq,1031678,2248652906871,192
basic_appreq,1006379,2248653960616,192
basic_appreq,1053782,2248655058922,192
basic_appreq,1058035,2248656161571,192
basic_appreq,912169,2248657121098,192
basic_appreq,1028898,2248658194065,192
basic_appreq,1005325,2248659243225,192
basic_appreq,1040706,2248660328252,192
basic_appreq,982165,2248661362048,192
basic_appreq,1043413,2248662451356,192
basic_appreq,1041568,2248663537826,192
basic_appreq,1045362,2248664627858,192
basic_appreq,1044459,2248665718812,192
basic_appreq,1043688,2248666807468,192
basic_appreq,1032941,2248667884940,192
basic_appreq,1012431,2248668941769,192
basic_appreq,956729,2248669944449,192
basic_appreq,1048362,2248671036941,192
basic_appreq,1001407,2248672082964,192
basic_appreq,1043703,2248673175315,192
basic_appreq,1006439,2248674227980,192
basic_appreq,1026047,2248675297141,192
basic_appreq,996008,2248676337323,192
basic_appreq,1018539,2248677403100,192
basic_appreq,1029219,2248678476502,192
basic_appreq,994862,2248679514726,192
basic_appreq,970884,2248680530515,192
basic_appreq,1111604,2248681691739,192
basic_appreq,974884,2248682711201,192
basic_appreq,910040,2248683665064,192
basic_appreq,1055329,2248684770343,192
basic_appreq,953703,2248685771287,192
basic_appreq,1052454,2248686869676,192
basic_appreq,1062309,2248687980231,192
basic_appreq,1006169,2248689054519,192
basic_appreq,937728,2248690043657,192
basic_appreq,1008287,2248691098574,192
basic_appreq,931770,2248692076699,192
basic_appreq,898966,2248693028293,192
basic_appreq,851763,2248693925913,192
basic_appreq,837675,2248694809564,192
basic_appreq,969577,2248695824915,192
basic_appreq,988045,2248696857956,192
basic_appreq,1031675,2248697939123,192
basic_appreq,1023007,2248699008165,192
basic_appreq,908186,2248699962155,192
basic_appreq,1034602,2248701083657,192
basic_appreq,995340,2248702129158,192
basic_appreq,1002273,2248703178482,192
basic_appreq,1083203,2248704307308,192
basic_appreq,884241,2248705240505,192
basic_appreq,1002050,2248706289320,192
basic_appreq,1026648,2248707361102,192
basic_appreq,1005802,2248708413025,192
basic_appreq,984022,2248709446708,192
basic_appreq,1027126,2248710520521,192
basic_appreq,996105,2248711563348,192
basic_appreq,1028965,2248712640069,192
basic_appreq,1002473,2248713693719,192
basic_appreq,966921,2248714705412,192
basic_appreq,1071601,2248715823048,192
basic_appreq,961328,2248716832077,192
basic_appreq,1003443,2248717883409,192
basic_appreq,963002,2248718894812,192
basic_appreq,988247,2248719928708,192
basic_appreq,1027728,2248721001876,192
basic_appreq,1058706,2248722110239,192
basic_appreq,1011663,2248723170327,192
basic_appreq,1011909,2248724228468,192
basic_appreq,1230128,2248725509228,192
basic_appreq,998971,2248726555181,192
basic_appreq,957224,2248727557818,192
basic_appreq,1040506,2248728646102,192
basic_appreq,1016762,2248729740566,192
basic_appreq,982779,2248730767225,192
basic_appreq,1005127,2248731816618,192
basic_appreq,998388,2248732859500,192
basic_appreq,1026448,2248733934436,192
basic_appreq,1029920,2248735008045,192
basic_appreq,1015929,2248736067897,192
basic_appreq,988236,2248737108229,192
basic_appreq,965404,2248738118502,192
basic_appreq,1022101,2248739185365,192
basic_appreq,1068106,2248740297741,192
basic_appreq,968133,2248741313855,192
basic_appreq,956987,2248742315617,192
basic_appreq,1028554,2248743389650,192
basic_appreq,1017197,2248744451130,192
basic_appreq,880356,2248745378663,192
basic_appreq,909282,2248746332750,192
basic_appreq,1022332,2248747399927,192
basic_appreq,1006313,2248748452452,192
basic_appreq,1015589,2248749520384,192
basic_appreq,967736,2248750531876,192
basic_appreq,1038123,2248751613715,192
basic_appreq,996268,2248752654371,192
basic_appreq,986047,2248753690611,192
basic_appreq,950228,2248754685246,192
basic_appreq,1036135,2248755765217,192
basic_appreq,918320,2248756742563,192
basic_appreq,1026445,2248757815597,192
basic_appreq,1015309,2248758875751,192
basic_appreq,1021941,2248759941605,192
basic_appreq,1051249,2248761036622,192
basic_appreq,1001622,2248762088502,192
basic_appreq,992229,2248763124744,192
basic_appreq,1065193,2248764234116,192
basic_appreq,993041,2248765277148,192
basic_appreq,1065423,2248766387720,192
basic_appreq,889488,2248767321371,192
basic_appreq,905369,2248768271127,192
basic_appreq,1033756,2248769355920,192
basic_appreq,955160,2248770354833,192
basic_appreq,1018376,2248771417759,192
basic_appreq,977326,2248772440880,192
basic_appreq,1000105,2248773489358,192
basic_appreq,992707,2248774527705,192
basic_appreq,1004976,2248775576237,192
basic_appreq,1027096,2248776647591,192
basic_appreq,1013798,2248777708910,192
basic_appreq,1017941,2248778770948,192
basic_appreq,1053327,2248779869865,192
basic_appreq,993315,2248780908222,192
basic_appreq,1018779,2248781977698,192
basic_appreq,1015996,2248783039829,192
basic_appreq,1002089,2248784086690,192
basic_appreq,1017450,2248785155475,192
basic_appreq,1029656,2248786229746,192
basic_appreq,1026365,2248787299990,192
basic_appreq,1021744,2248788366054,192
basic_appreq,973279,2248789388607,192
basic_appreq,1063452,2248790495921,192
basic_appreq,986816,2248791528845,192
basic_appreq,997037,2248792569405,192
basic_appreq,1002193,2248793619640,192
basic_appreq,1019686,2248794682738,192
basic_appreq,951059,2248795679317,192
basic_appreq,1038959,2248796761962,192
basic_appreq,1014018,2248797823424,192
basic_appreq,1017169,2248798885085,192
basic_appreq,1008402,2248799936901,192
basic_appreq,1047390,2248801028945,192
basic_appreq,990040,2248802068575,192
basic_appreq,1041922,2248803154120,192
basic_appreq,1025947,2248804225106,192
basic_appreq,1023729,2248805299169,192
basic_appreq,968545,2248806312129,192
basic_appreq,1011225,2248807367474,192
basic_appreq,1005270,2248808417997,192
basic_appreq,1014082,2248809478498,192
basic_appreq,987909,2248810511252,192
basic_appreq,1066555,2248811622228,192
basic_appreq,1015332,2248812682763,192
basic_appreq,967777,2248813698161,192
basic_appreq,1012254,2248814755378,192
basic_appreq,1015546,2248815815721,192
basic_appreq,1017149,2248816877111,192
basic_appreq,1011011,2248817937201,192
basic_appreq,1067043,2248819048778,192
basic_appreq,998805,2248820093167,192
basic_appreq,1025866,2248821167441,192
basic_appreq,1032419,2248822243940,192
basic_appreq,999908,2248823287774,192
basic_appreq,1021306,2248824353364,192
basic_appreq,1032349,2248825432519,192
basic_appreq,1057852,2248826534808,192
basic_appreq,1002627,2248827581773,192
basic_appreq,1000064,2248828627655,192
basic_appreq,1016338,2248829692998,192
basic_appreq,908370,2248830645714,192
basic_appreq,1003426,2248831693858,192
basic_appreq,1054008,2248832792098,192
basic_appreq,935465,2248833774887,192
basic_appreq,1080526,2248834899814,192
basic_appreq,993520,2248835937971,192
basic_appreq,1072001,2248837054146,192
basic_appreq,1003640,2248838104793,192
basic_appreq,1064791,2248839213337,192
basic_appreq,964913,2248840222350,192
basic_appreq,1007973,2248841297887,192
basic_appreq,1021159,2248842363627,192
basic_appreq,1032497,2248843440130,192
basic_appreq,1014677,2248844498408,192
basic_appreq,1012722,2248845558408,192
basic_appreq,1037535,2248846640307,192
basic_appreq,1006020,2248847690166,192
basic_appreq,1068878,2248848802870,192
basic_appreq,1079259,2248849930061,192
basic_appreq,1054703,2248851028742,192
basic_appreq,1054884,2248852128366,192
basic_appreq,1063372,2248853239192,192
basic_appreq,1021159,2248854304292,192
basic_appreq,942583,2248855292133,192
basic_appreq,1008174,2248856344942,192
basic_appreq,965982,2248857357771,192
basic_appreq,975581,2248858376568,192
basic_appreq,988069,2248859409348,192
basic_appreq,1018085,2248860471594,192
basic_appreq,974376,2248861495856,192
basic_appreq,1095506,2248862635225,192
basic_appreq,1056678,2248863735792,192
basic_appreq,999312,2248864779586,192
basic_appreq,982034,2248865808841,192
basic_appreq,1017217,2248866870799,192
basic_appreq,1025497,2248867940666,192
basic_appreq,926225,2248868910648,192
basic_appreq,995414,2248869953292,192
basic_appreq,961264,2248870960247,192
basic_appreq,656457,2248871661429,192
basic_appreq,597929,2248872302956,192
basic_appreq,754197,2248873103752,192
basic_appreq,920990,2248874069197,192
basic_appreq,1243885,2248875357479,192
basic_appreq,1060885,2248876462939,192
basic_appreq,1058449,2248877570116,192
basic_appreq,1000600,2248878614718,192
basic_appreq,997506,2248879656506,192
basic_appreq,984834,2248880685211,192
basic_appreq,1073315,2248881804771,192
basic_appreq,1055044,2248882904564,192
basic_appreq,1081733,2248884031942,192
basic_appreq,1057182,2248885138568,192
basic_appreq,1074865,2248886259000,192
basic_appreq,906622,2248887210274,192
basic_appreq,982098,2248888236000,192
basic_appreq,943862,2248889234251,192
basic_appreq,1036189,2248890315769,192
basic_appreq,1035520,2248891394855,192
basic_appreq,979712,2248892418450,192
basic_appreq,1231565,2248893698836,192
basic_appreq,1005682,2248894751070,192
basic_appreq,997298,2248895793256,192
basic_appreq,972421,2248896809336,192
basic_appreq,883730,2248897740401,192
basic_appreq,864965,2248898649739,192
basic_appreq,979876,2248899673996,192
basic_appreq,974195,2248900692172,192
basic_appreq,1009735,2248901750647,192
basic_appreq,926360,2248902720860,192
basic_appreq,992473,2248903757860,192
basic_appreq,1002257,2248904804605,192
basic_appreq,980377,2248905832637,192
basic_appreq,1015749,2248906892483,192
basic_appreq,1004101,2248907941125,192
basic_appreq,1034735,2248909020214,192
basic_appreq,971443,2248910041751,192
basic_appreq,986241,2248911072052,192
basic_appreq,989592,2248912106630,192
basic_appreq,1010022,2248913164441,192
basic_appreq,1041875,2248914250607,192
basic_appreq,998715,2248915293903,192
basic_appreq,1027869,2248916366811,192
basic_appreq,1015051,2248917432714,192
basic_appreq,988965,2248918466374,192
basic_appreq,942519,2248919453738,192
basic_appreq,669619,2248920168306,192
basic_appreq,767069,2248920980944,192
basic_appreq,712436,2248921737012,192
basic_appreq,820748,2248922602795,192
basic_appreq,1028817,2248923676986,192
basic_appreq,1031403,2248924752449,192
basic_appreq,1017500,2248925816228,192
basic_appreq,1007853,2248926870290,192
basic_appreq,1007874,2248927923179,192
basic_appreq,1059890,2248929027459,192
basic_appreq,1028923,2248930105024,192
basic_appreq,1009849,2248931158993,192
basic_appreq,984227,2248932188812,192
basic_appreq,1047118,2248933281899,192
basic_appreq,721815,2248934047577,192
basic_appreq,759647,2248934850926,192
basic_appreq,735271,2248935629822,192
basic_appreq,782849,2248936457420,192
basic_appreq,1023043,2248937526749,192
basic_appreq,933905,2248938505920,192
basic_appreq,934450,2248939484790,192
basic_appreq,1049050,2248940577466,192
basic_appreq,955661,2248941583896,192
basic_appreq,963062,2248942590577,192
basic_appreq,1080075,2248943715079,192
basic_appreq,968445,2248944727874,192
basic_appreq,1003346,2248945779290,192
basic_appreq,1017272,2248946840779,192
basic_appreq,977260,2248947863783,192
basic_appreq,1041742,2248948949592,192
basic_appreq,990652,2248950005501,192
basic_appreq,1032480,2248951082900,192
basic_appreq,996312,2248952122991,192
basic_appreq,987450,2248953157860,192
basic_appreq,1033739,2248954236124,192
basic_appreq,864731,2248955145208,192
basic_appreq,1005925,2248956195939,192
basic_appreq,1211670,2248957456306,192
basic_appreq,1012641,2248958512664,192
basic_appreq,1060674,2248959618979,192
basic_appreq,988470,2248960651345,192
basic_appreq,1043727,2248961743035,192
basic_appreq,1020849,2248962809055,192
basic_appreq,989710,2248963844753,192
basic_appreq,1032232,2248964920932,192
basic_appreq,1042112,2248966011325,192
basic_appreq,918952,2248966974384,192
basic_appreq,1048441,2248968067406,192
basic_appreq,1005625,2248969119937,192
basic_appreq,998560,2248970162552,192
basic_appreq,748450,2248970956421,192
basic_appreq,723316,2248971723997,192
basic_appreq,804696,2248972572696,192
basic_appreq,712018,2248973330421,192
basic_appreq,869443,2248974244765,192
basic_appreq,1021329,2248975310512,192
basic_appreq,970299,2248976324771,192
basic_appreq,996697,2248977368495,192
basic_appreq,967933,2248978380512,192
basic_appreq,1043744,2248979469538,192
basic_appreq,1051616,2248980566317,192
basic_appreq,993114,2248981608279,192
basic_appreq,1005782,2248982659882,192
basic_appreq,994929,2248983699148,192
basic_appreq,995160,2248984738685,192
basic_appreq,1009424,2248985798855,192
basic_appreq,1002109,2248986845810,192
basic_appreq,994230,2248987884347,192
basic_appreq,861096,2248988789790,192
basic_appreq,984046,2248989821395,192
basic_appreq,1006830,2248990872870,192
basic_appreq,1013879,2248991931787,192
basic_appreq,1057677,2248993033401,192
basic_appreq,984092,2248994065329,192
basic_appreq,1022154,2248995131908,192
basic_appreq,1045208,2248996221512,192
basic_appreq,1040679,2248997310252,192
basic_appreq,1030127,2248998384482,192
basic_appreq,1017701,2248999446059,192
basic_appreq,909089,2249000399614,192
basic_appreq,1014928,2249001461736,192
basic_appreq,895630,2249002402658,192
basic_appreq,1022081,2249003469711,192
basic_appreq,969537,2249004482941,192
basic_appreq,981810,2249005513125,192
basic_appreq,969767,2249006528724,192
basic_appreq,1040312,2249007613968,192
basic_appreq,1043058,2249008701407,192
basic_appreq,946555,2249009694582,192
basic_appreq,1050850,2249010789603,192
basic_appreq,954836,2249011789451,192
basic_appreq,979035,2249012814164,192
basic_appreq,1234467,2249014095800,192
basic_appreq,1049545,2249015190269,192
basic_appreq,1036410,2249016270686,192
basic_appreq,878448,2249017196414,192
basic_appreq,1029028,2249018269819,192
basic_appreq,950511,2249019264628,192
basic_appreq,1034692,2249020343633,192
basic_appreq,978258,2249021369885,192
basic_appreq,1002130,2249022416275,192
basic_appreq,1039844,2249023500633,192
basic_appreq,1298955,2249024843503,192
basic_appreq,970671,2249025863325,192
basic_appreq,947825,2249026855050,192
basic_appreq,1023833,2249027923771,192
basic_appreq,1015843,2249028984399,192
basic_appreq,1030578,2249030061824,192
basic_appreq,943544,2249031050211,192
basic_appreq,1023121,2249032117792,192
basic_appreq,990972,2249033156426,192
basic_appreq,1059028,2249034260038,192
basic_appreq,919714,2249035223591,192
basic_appreq,1017249,2249036285114,192
basic_appreq,938456,2249037270400,192
basic_appreq,955630,2249038270749,192
basic_appreq,940327,2249039255656,192
basic_appreq,1095589,2249040397043,192
basic_appreq,1016554,2249041469904,192
basic_appreq,1005451,2249042521162,192
basic_appreq,1031527,2249043596653,192
basic_appreq,1008862,2249044649743,192
basic_appreq,998535,2249045694750,192
basic_appreq,1020394,2249046758855,192
basic_appreq,1022088,2249047825404,192
basic_appreq,1080889,2249048950284,192
basic_appreq,1025279,2249050026653,192
basic_appreq,1050945,2249051123077,192
basic_appreq,1006346,2249052173731,192
basic_appreq,1031845,2249053255199,192
basic_appreq,984448,2249054284541,192
basic_appreq,1044220,2249055373036,192
basic_appreq,1021730,2249056438677,192
basic_appreq,983713,2249057469278,192
basic_appreq,1037819,2249058551792,192
basic_appreq,1068584,2249059664316,192
basic_appreq,964672,2249060687937,192
basic_appreq,1034441,2249061770692,192
basic_appreq,998718,2249062813460,192
basic_appreq,1021480,2249063879170,192
basic_appreq,991468,2249064915011,192
basic_appreq,1229182,2249066192035,192
basic_appreq,1051549,2249067287674,192
basic_appreq,1017731,2249068349105,192
basic_appreq,1043443,2249069440263,192
basic_appreq,1020631,2249070505890,192
basic_appreq,998448,2249071550491,192
basic_appreq,1058232,2249072652332,192
basic_appreq,1010146,2249073708737,192
basic_appreq,1017998,2249074771012,192
basic_appreq,989950,2249075804975,192
basic_appreq,1024855,2249076875530,192
basic_appreq,987764,2249077911398,192
basic_appreq,1028737,2249078985328,192
basic_appreq,1048335,2249080077542,192
basic_appreq,1016227,2249081147315,192
basic_appreq,1048364,2249082240849,192
basic_appreq,1019324,2249083304605,192
basic_appreq,832229,2249084182744,192
basic_appreq,753615,2249084983711,192
basic_appreq,763800,2249085791157,192
basic_appreq,778583,2249086606131,192
basic_appreq,780166,2249087431032,192
basic_appreq,1131510,2249088606768,192
basic_appreq,998534,2249089654090,192
basic_appreq,989216,2249090688943,192
basic_appreq,975529,2249091709076,192
basic_appreq,1024003,2249092778154,192
basic_appreq,1018679,2249093845371,192
basic_appreq,1007122,2249094896827,192
basic_appreq,1019803,2249095962493,192
basic_appreq,991858,2249097026827,192
basic_appreq,1060023,2249098134996,192
basic_appreq,1002109,2249099182827,192
basic_appreq,961689,2249100189614,192
basic_appreq,1007616,2249101246827,192
basic_appreq,1035514,2249102326848,192
basic_appreq,1033733,2249103403989,192
basic_appreq,963045,2249104412103,192
basic_appreq,991858,2249105451048,192
basic_appreq,943046,2249106438937,192
basic_appreq,1016985,2249107502067,192
basic_appreq,1013233,2249108560982,192
basic_appreq,1035069,2249109643081,192
basic_appreq,1016528,2249110703663,192
basic_appreq,1010898,2249111759629,192
basic_appreq,1019782,2249112823424,192
basic_appreq,1047101,2249113919885,192
basic_appreq,938119,2249114901856,192
basic_appreq,924769,2249115870822,192
basic_appreq,736724,2249116652336,192
basic_appreq,698369,2249117396912,192
basic_appreq,653743,2249118087559,192
basic_appreq,832115,2249118964035,192
basic_appreq,939094,2249119949040,192
basic_appreq,952085,2249120945138,192
basic_appreq,1004897,2249121996307,192
basic_appreq,873205,2249122913500,192
basic_appreq,970313,2249123927706,192
basic_appreq,1056504,2249125029674,192
basic_appreq,867387,2249125945087,192
basic_appreq,939758,2249126929414,192
basic_appreq,1023939,2249127997346,192
basic_appreq,1037940,2249129107928,192
basic_appreq,952516,2249130104918,192
basic_appreq,1012027,2249131161413,192
basic_appreq,1054122,2249132258817,192
basic_appreq,929046,2249133235445,192
basic_appreq,836509,2249134116201,192
basic_appreq,745302,2249134917866,192
basic_appreq,802827,2249135764680,192
basic_appreq,1002070,2249136810843,192
basic_appreq,891997,2249137756228,192
basic_appreq,946452,2249138747926,192
basic_appreq,913355,2249139705702,192
basic_appreq,1013403,2249140763403,192
basic_appreq,973787,2249141783653,192
basic_appreq,996931,2249142824837,192
basic_appreq,1047029,2249143915881,192
basic_appreq,999888,2249144959963,192
basic_appreq,1041575,2249146049500,192
basic_appreq,990061,2249147083387,192
basic_appreq,1016674,2249148144058,192
basic_appreq,1002504,2249149194996,192
basic_appreq,1016150,2249150254995,192
basic_appreq,1040201,2249151338929,192
basic_appreq,4533768,2249155916063,192
basic_appreq,1020602,2249156983347,192
basic_appreq,1008472,2249158040984,192
basic_appreq,984761,2249159070403,192
basic_appreq,1033840,2249160148597,192
basic_appreq,1041282,2249161236705,192
basic_appreq,1064972,2249162346431,192
basic_appreq,1037845,2249163429991,192
basic_appreq,1093410,2249164566930,192
basic_appreq,1044960,2249165659422,192
basic_appreq,1073077,2249166777054,192
basic_appreq,1016401,2249167838547,192
basic_appreq,1069162,2249168951722,192
basic_appreq,1059392,2249170059146,192
basic_appreq,1071771,2249171175722,192
basic_appreq,1093377,2249172313691,192
basic_appreq,1356460,2249173732203,192
basic_appreq,1040600,2249174817946,192
basic_appreq,1055348,2249175917424,192
basic_appreq,1072583,2249177034528,192
basic_appreq,1022916,2249178105451,192
basic_appreq,998214,2249179147353,192
basic_appreq,973266,2249180165789,192
basic_appreq,963713,2249181176282,192
basic_appreq,1047633,2249182268674,192
basic_appreq,994061,2249183308274,192
basic_appreq,996619,2249184348299,192
basic_appreq,933781,2249185329261,192
basic_appreq,1083987,2249186457997,192
basic_appreq,945061,2249187447379,192
basic_appreq,978777,2249188470356,192
basic_appreq,1014155,2249189531872,192
basic_appreq,949853,2249190525798,192
basic_appreq,988182,2249191557851,192
basic_appreq,1042718,2249192645674,192
basic_appreq,974355,2249193668657,192
basic_appreq,994260,2249194706734,192
basic_appreq,982946,2249195733326,192
basic_appreq,979665,2249196758081,192
basic_appreq,1029122,2249197836030,192
basic_appreq,955196,2249198836071,192
basic_appreq,1006556,2249199886926,192
basic_appreq,1023960,2249200954901,192
basic_appreq,1031821,2249202034840,192
basic_appreq,1020574,2249203100449,192
basic_appreq,1069513,2249204215489,192
basic_appreq,986461,2249205249576,192
basic_appreq,1021696,2249206316686,192
basic_appreq,981269,2249207341881,192
basic_appreq,1044653,2249208430373,192
basic_appreq,1072870,2249209550959,192
basic_appreq,839437,2249210434642,192
basic_appreq,1102255,2249211573078,192
basic_appreq,980825,2249212589092,192
basic_appreq,1029075,2249213665484,192
basic_appreq,1002153,2249214711473,192
basic_appreq,1020831,2249215776712,192
basic_appreq,1020567,2249216840982,192
basic_appreq,1006821,2249217898121,192
basic_appreq,932459,2249218874883,192
basic_appreq,988376,2249219907867,192
basic_appreq,953950,2249220906411,192
basic_appreq,1033966,2249221989691,192
basic_appreq,958240,2249222992212,192
basic_appreq,1024162,2249224061961,192
basic_appreq,1007276,2249225120153,192
basic_appreq,1048612,2249226212635,192
basic_appreq,980658,2249227237740,192
basic_appreq,1067444,2249228349676,192
basic_appreq,998970,2249229395490,192
basic_appreq,982191,2249230422504,192
basic_appreq,877211,2249231345359,192
basic_appreq,1026585,2249232416462,192
basic_appreq,1052211,2249233523535,192
basic_appreq,972257,2249234541941,192
basic_appreq,936384,2249235523397,192
basic_appreq,1220862,2249236788616,192
basic_appreq,998590,2249237844974,192
basic_appreq,999153,2249238888129,192
basic_appreq,1035517,2249239969326,192
basic_appreq,1023104,2249241067114,192
basic_appreq,1355939,2249242474608,192
basic_appreq,1330627,2249243849177,192
basic_appreq,1055279,2249244950253,192
basic_appreq,1031053,2249246029804,192
basic_appreq,1342687,2249247416770,192
basic_appreq,1034812,2249248496655,192
basic_appreq,1346272,2249249890682,192
basic_appreq,1023297,2249250958070,192
basic_appreq,1098239,2249252100171,192
basic_appreq,1212234,2249253360104,192
basic_appreq,1469768,2249254873827,192
basic_appreq,1207666,2249256125670,192
basic_appreq,1221844,2249257396122,192
basic_appreq,1429005,2249258869926,192
basic_appreq,1233258,2249260146843,192
basic_appreq,1361374,2249261556912,192
basic_appreq,1113666,2249262714244,192
basic_appreq,1025245,2249263785424,192
basic_appreq,1088725,2249264918527,192
basic_appreq,1024297,2249265991344,192
basic_appreq,1024080,2249267059664,192
basic_appreq,1049528,2249268153680,192
basic_appreq,1027991,2249269232371,192
basic_appreq,971004,2249270248020,192
basic_appreq,1002477,2249271297438,192
basic_appreq,997703,2249272339520,192
basic_appreq,982633,2249273379909,192
basic_appreq,1005734,2249274430055,192
basic_appreq,988316,2249275462845,192
basic_appreq,1053531,2249276561335,192
basic_appreq,1021031,2249277629628,192
basic_appreq,997967,2249278672015,192
basic_appreq,1208312,2249279924322,192
basic_appreq,1037836,2249281006649,192
basic_appreq,1003121,2249282057073,192
basic_appreq,1027621,2249283129165,192
basic_appreq,960532,2249284133850,192
basic_appreq,952844,2249285133922,192
basic_appreq,1024332,2249286202930,192
basic_appreq,1040673,2249287288795,192
basic_appreq,1044897,2249288377812,192
basic_appreq,998488,2249289442586,192
basic_appreq,1002542,2249290490580,192
basic_appreq,951304,2249291485703,192
basic_appreq,925137,2249292457032,192
basic_appreq,984938,2249293489762,192
basic_appreq,984156,2249294517524,192
basic_appreq,1030669,2249295593268,192
basic_appreq,988754,2249296625965,192
basic_appreq,969550,2249297655448,192
basic_appreq,951113,2249298650457,192
basic_appreq,1066529,2249299762095,192
basic_appreq,1003617,2249300810974,192
basic_appreq,992934,2249301857611,192
basic_appreq,1015902,2249302918634,192
basic_appreq,1019796,2249303983568,192
basic_appreq,1016371,2249305071008,192
basic_appreq,1002427,2249306120615,192
basic_appreq,1052642,2249307218380,192
basic_appreq,973527,2249308236070,192
basic_appreq,979702,2249309269880,192
basic_appreq,1372132,2249310685830,192
basic_appreq,1028898,2249311759867,192
basic_appreq,1056635,2249312861828,192
basic_appreq,989231,2249313901131,192
basic_appreq,973036,2249314919253,192
basic_appreq,990639,2249315955221,192
basic_appreq,981593,2249316981392,192
basic_appreq,1007169,2249318042006,192
basic_appreq,1021069,2249319107186,192
basic_appreq,995019,2249320147324,192
basic_appreq,1065430,2249321260578,192
basic_appreq,956516,2249322261528,192
basic_appreq,992673,2249323298884,192
basic_appreq,953214,2249324295941,192
basic_appreq,1009420,2249325353030,192
basic_appreq,1274188,2249326673523,192
basic_appreq,1035226,2249327754820,192
basic_appreq,1031965,2249328831090,192
basic_appreq,983996,2249329862082,192
basic_appreq,1273412,2249331179808,192
basic_appreq,1056868,2249332281302,192
basic_appreq,1047550,2249333378187,192
basic_appreq,1031871,2249334453681,192
basic_appreq,1032674,2249335531614,192
basic_appreq,1008428,2249336592910,192
basic_appreq,958922,2249337600937,192
basic_appreq,979812,2249338624913,192
basic_appreq,1001254,2249339671100,192
basic_appreq,1024066,2249340738945,192
basic_appreq,993759,2249341782277,192
basic_appreq,1026748,2249342853080,192
basic_appreq,976661,2249343874079,192
basic_appreq,1077342,2249344996178,192
basic_appreq,1198059,2249346242912,192
basic_appreq,1049153,2249347337970,192
basic_appreq,1011756,2249348394819,192
basic_appreq,994424,2249349439876,192
basic_appreq,999898,2249350484442,192
basic_appreq,987086,2249351515324,192
basic_appreq,1007783,2249352567163,192
basic_appreq,1022863,2249353638110,192
basic_appreq,1031086,2249354714285,192
basic_appreq,1086531,2249355845229,192
basic_appreq,990746,2249356879724,192
basic_appreq,1004489,2249357932185,192
basic_appreq,958424,2249358933992,192
basic_appreq,1091346,2249360068932,192
basic_appreq,1025887,2249361144242,192
basic_appreq,1047413,2249362237138,192
basic_appreq,1002030,2249363284491,192
basic_appreq,1053670,2249364382285,192
basic_appreq,996826,2249365426861,192
basic_appreq,989109,2249366459965,192
basic_appreq,986372,2249367490834,192
basic_appreq,1041705,2249368577000,192
basic_appreq,1043907,2249369672857,192
basic_appreq,1004960,2249370721696,192
basic_appreq,993776,2249371760287,192
basic_appreq,1020698,2249372825509,192
basic_appreq,1029940,2249373906326,192
basic_appreq,1060364,2249375010515,192
basic_appreq,1011659,2249376066776,192
basic_appreq,998695,2249377113440,192
basic_appreq,1043901,2249378203025,192
basic_appreq,980835,2249379228568,192
basic_appreq,1004218,2249380277812,192
basic_appreq,1010048,2249381329187,192
basic_appreq,1056902,2249382431746,192
basic_appreq,867017,2249383342950,192
basic_appreq,1070057,2249384457230,192
basic_appreq,1007613,2249385512756,192
basic_appreq,1009821,2249386567108,192
basic_appreq,1003021,2249387614507,192
basic_appreq,1052803,2249388711770,192
basic_appreq,1030776,2249389790331,192
basic_appreq,986725,2249390821745,192
basic_appreq,1022335,2249391888752,192
basic_appreq,1050751,2249392983816,192
basic_appreq,991490,2249394024880,192
basic_appreq,1062221,2249395132475,192
basic_appreq,954849,2249396132038,192
basic_appreq,989807,2249397169911,192
basic_appreq,978269,2249398193706,192
basic_appreq,1012592,2249399251627,192
basic_appreq,929371,2249400226254,192
basic_appreq,1004730,2249401281021,192
basic_appreq,979956,2249402320147,192
basic_appreq,1019522,2249403385400,192
basic_appreq,1027137,2249404457318,192
basic_appreq,1019362,2249405523994,192
basic_appreq,938275,2249406507505,192
basic_appreq,1065015,2249407617679,192
basic_appreq,1079102,2249408740741,192
basic_appreq,957091,2249409746570,192
basic_appreq,1029439,2249410820864,192
basic_appreq,1032276,2249411897968,192
basic_appreq,1042534,2249412984769,192
basic_appreq,989135,2249414024179,192
basic_appreq,1004495,2249415072948,192
basic_appreq,999387,2249416116040,192
basic_appreq,1183572,2249417347077,192
basic_appreq,1053915,2249418445776,192
basic_appreq,996947,2249419487368,192
basic_appreq,954244,2249420486711,192
basic_appreq,1005688,2249421541091,192
basic_appreq,1048769,2249422635096,192
basic_appreq,1032733,2249423711549,192
basic_appreq,1030292,2249424785876,192
basic_appreq,1030227,2249425868130,192
basic_appreq,1008198,2249426920916,192
basic_appreq,1000298,2249427965875,192
basic_appreq,996887,2249429037677,192
basic_appreq,1032677,2249430124454,192
basic_appreq,987845,2249431156096,192
basic_appreq,1017590,2249432217959,192
basic_appreq,1023601,2249433289547,192
basic_appreq,1016584,2249434350840,192
basic_appreq,1004970,2249435402636,192
basic_appreq,1061349,2249436509229,192
basic_appreq,927836,2249437484938,192
basic_appreq,1049157,2249438577910,192
basic_appreq,1058222,2249439684312,192
basic_appreq,1033782,2249440763929,192
basic_appreq,1001775,2249441813259,192
basic_appreq,994351,2249442852522,192
basic_appreq,979653,2249443875622,192
basic_appreq,1041050,2249444961752,192
basic_appreq,899642,2249445908799,192
basic_appreq,927643,2249446882289,192
basic_appreq,1068591,2249447997048,192
basic_appreq,1316998,2249449390243,192
basic_appreq,1002433,2249450438197,192
basic_appreq,1043389,2249451524915,192
basic_appreq,1037569,2249452606326,192
basic_appreq,992192,2249453648766,192
basic_appreq,1014078,2249454706370,192
basic_appreq,1027150,2249455777116,192
basic_appreq,1000051,2249456821888,192
basic_appreq,1047506,2249457920578,192
basic_appreq,1030646,2249458995561,192
basic_appreq,1017356,2249460059152,192
basic_appreq,995029,2249461103474,192
basic_appreq,1032754,2249462180919,192
basic_appreq,993963,2249463219727,192
basic_appreq,1028183,2249464292675,192
basic_appreq,1058683,2249465398288,192
basic_appreq,1002975,2249466445213,192
basic_appreq,1003983,2249467493310,192
basic_appreq,1001769,2249468540158,192
basic_appreq,1062950,2249469651067,192
basic_appreq,967556,2249470664297,192
basic_appreq,1276520,2249471985442,192
basic_appreq,1037829,2249473087821,192
basic_appreq,1033268,2249474168841,192
basic_appreq,1011208,2249475223307,192
basic_appreq,1002908,2249476272197,192
basic_appreq,1005247,2249477325283,192
basic_appreq,1006438,2249478376528,192
basic_appreq,1053383,2249479475682,192
basic_appreq,976117,2249480496270,192
basic_appreq,1029125,2249481574480,192
basic_appreq,962540,2249482581325,192
basic_appreq,1030735,2249483657069,192
basic_appreq,972775,2249484675444,192
basic_appreq,1023993,2249485750621,192
basic_appreq,985650,2249486779819,192
basic_appreq,1016614,2249487841025,192
basic_appreq,1007817,2249488895608,192
basic_appreq,1059836,2249490004309,192
basic_appreq,1021774,2249491070637,192
basic_appreq,1043419,2249492167961,192
basic_appreq,1019712,2249493238910,192
basic_appreq,1050514,2249494333393,192
basic_appreq,1001756,2249495378884,192
basic_appreq,1053430,2249496476468,192
basic_appreq,991635,2249497516617,192
basic_appreq,1000263,2249498562004,192
basic_appreq,952213,2249499560057,192
basic_appreq,1066155,2249500670308,192
basic_appreq,985740,2249501702811,192
basic_appreq,990458,2249502738408,192
basic_appreq,981864,2249503764479,192
basic_appreq,978292,2249504787790,192
basic_appreq,985867,2249505825135,192
basic_appreq,1017284,2249506886387,192
basic_appreq,997846,2249507928641,192
basic_appreq,986826,2249508961970,192
basic_appreq,953138,2249509965182,192
basic_appreq,1042645,2249511051338,192
basic_appreq,1010901,2249512106506,192
basic_appreq,990016,2249513142438,192
basic_appreq,980490,2249514166504,192
basic_appreq,1002287,2249515226142,192
basic_appreq,1029673,2249516298345,192
basic_appreq,1061787,2249517405315,192
basic_appreq,1018837,2249518466364,192
basic_appreq,1029516,2249519538977,192
basic_appreq,983986,2249520564844,192
basic_appreq,1062662,2249521673545,192
basic_appreq,1011429,2249522730026,192
basic_appreq,983127,2249523757169,192
basic_appreq,1013323,2249524813841,192
basic_appreq,1052181,2249525911217,192
basic_appreq,1021494,2249526976002,192
basic_appreq,1052017,2249528071577,192
basic_appreq,1022339,2249529141277,192
basic_appreq,1015092,2249530198527,192
basic_appreq,1000122,2249531242655,192
basic_appreq,1068804,2249532354360,192
basic_appreq,1006780,2249533408933,192
basic_appreq,990659,2249534443474,192
basic_appreq,1046123,2249535533276,192
basic_appreq,1010877,2249536587969,192
basic_appreq,982135,2249537620483,192
basic_appreq,1026592,2249538690606,192
basic_appreq,974309,2249539709574,192
basic_appreq,1315774,2249541071570,192
basic_appreq,1003941,2249542125545,192
basic_appreq,1000214,2249543170465,192
basic_appreq,1012769,2249544227127,192
basic_appreq,992193,2249545267037,192
basic_appreq,936919,2249546249065,192
basic_appreq,1052672,2249547346382,192
basic_appreq,973701,2249548363845,192
basic_appreq,915043,2249549327381,192
basic_appreq,862585,2249550234662,192
basic_appreq,945249,2249551224659,192
basic_appreq,925779,2249552194767,192
basic_appreq,900103,2249553146142,192
basic_appreq,1035073,2249554225668,192
basic_appreq,945907,2249555216370,192
basic_appreq,964047,2249556225247,192
basic_appreq,944978,2249557217843,192
basic_appreq,951614,2249558215830,192
basic_appreq,980641,2249559240049,192
basic_appreq,1025513,2249560310113,192
basic_appreq,986349,2249561343759,192
basic_appreq,1297480,2249562685500,192
basic_appreq,1000576,2249563731005,192
basic_appreq,1008920,2249564787693,192
basic_appreq,990117,2249565829886,192
basic_appreq,1016762,2249566890858,192
basic_appreq,965584,2249567901073,192
basic_appreq,1060491,2249569005744,192
basic_appreq,921153,2249569977047,192
basic_appreq,999420,2249571020866,192
basic_appreq,1014741,2249572080064,192
basic_appreq,1033385,2249573164065,192
basic_appreq,990622,2249574198864,192
basic_appreq,1002293,2249575245137,192
basic_appreq,945610,2249576234516,192
basic_appreq,1002006,2249577286075,192
basic_appreq,1011550,2249578342149,192
basic_appreq,1051472,2249579437541,192
basic_appreq,980844,2249580463973,192
basic_appreq,989061,2249581502410,192
basic_appreq,990081,2249582536818,192
basic_appreq,1019325,2249583600416,192
basic_appreq,1015058,2249584660004,192
basic_appreq,1028917,2249585737700,192
basic_appreq,996533,2249586779258,192
basic_appreq,1009227,2249587834660,192
basic_appreq,1038410,2249588917799,192
basic_appreq,1011205,2249589978300,192
basic_appreq,1000626,2249591023728,192
basic_appreq,1017249,2249592085445,192
basic_appreq,981489,2249593117427,192
basic_appreq,979969,2249594142205,192
basic_appreq,980343,2249595167096,192
basic_appreq,1092752,2249596303674,192
basic_appreq,975495,2249597327426,192
basic_appreq,976370,2249598348491,192
basic_appreq,1037345,2249599430321,192
basic_appreq,961685,2249600435999,192
basic_appreq,1028553,2249601511486,192
basic_appreq,987508,2249602543919,192
basic_appreq,1020812,2249603610494,192
basic_appreq,998561,2249604654007,192
basic_appreq,1021316,2249605723119,192
basic_appreq,999520,2249606767130,192
basic_appreq,989118,2249607800114,192
basic_appreq,981626,2249608825668,192
basic_appreq,1044255,2249609918694,192
basic_appreq,967797,2249610930627,192
basic_appreq,1008000,2249611983379,192
basic_appreq,926831,2249612979247,192
basic_appreq,924409,2249613951618,192
basic_appreq,1026713,2249615022704,192
basic_appreq,1038487,2249616106314,192
basic_appreq,976878,2249617133227,192
basic_appreq,946037,2249618123685,192
basic_appreq,1012435,2249619179668,192
basic_appreq,1030351,2249620253970,192
basic_appreq,987270,2249621290456,192
basic_appreq,963125,2249622297681,192
basic_appreq,1021109,2249623362883,192
basic_appreq,1005862,2249624414446,192
basic_appreq,1005982,2249625470897,192
basic_appreq,1039640,2249626570753,192
basic_appreq,948660,2249627564011,192
basic_appreq,1062022,2249628670757,192
basic_appreq,985399,2249629707160,192
basic_appreq,1008585,2249630759845,192
basic_appreq,1034408,2249631838961,192
basic_appreq,1011596,2249632894737,192
basic_appreq,985809,2249633929238,192
basic_appreq,1068326,2249635042032,192
basic_appreq,999728,2249636085956,192
basic_appreq,1059836,2249637197784,192
basic_appreq,961775,2249638203670,192
basic_appreq,1013423,2249639261641,192
basic_appreq,1023518,2249640329987,192
basic_appreq,1001040,2249641380785,192
basic_appreq,992155,2249642419730,192
basic_appreq,1235671,2249643701182,192
basic_appreq,1019882,2249644765195,192
basic_appreq,1020871,2249645834737,192
basic_appreq,1031170,2249646909733,192
basic_appreq,1032226,2249647986440,192
basic_appreq,1006493,2249649064867,192
basic_appreq,868066,2249649981126,192
basic_appreq,990488,2249651016169,192
basic_appreq,1015863,2249652076208,192
basic_appreq,994490,2249653118034,192
basic_appreq,1010908,2249654171965,192
basic_appreq,1074565,2249655288412,192
basic_appreq,1012130,2249656342868,192
basic_appreq,1054142,2249657443896,192
basic_appreq,1023127,2249658509099,192
basic_appreq,1050314,2249659601617,192
basic_appreq,6886578,2249666532916,192
basic_appreq,1041060,2249667620048,192
basic_appreq,955977,2249668618843,192
basic_appreq,1028317,2249669695208,192
basic_appreq,897524,2249670636090,192
basic_appreq,1178196,2249671858726,192
basic_appreq,1324615,2249673226741,192
basic_appreq,1511628,2249674784180,192
basic_appreq,1248048,2249676076685,192
basic_appreq,1353837,2249677480800,192
basic_appreq,1412649,2249678937259,192
basic_appreq,1332606,2249680312878,192
basic_appreq,1428881,2249681789084,192
basic_appreq,1106392,2249682940551,192
basic_appreq,994294,2249683978965,192
basic_appreq,1077581,2249685129574,192
basic_appreq,1062155,2249686239578,192
basic_appreq,1392567,2249687677394,192
basic_appreq,1015261,2249688739081,192
basic_appreq,1369879,2249690156999,192
basic_appreq,1032592,2249691233880,192
basic_appreq,1085388,2249692363174,192
basic_appreq,1045618,2249693459625,192
basic_appreq,1046497,2249694551475,192
basic_appreq,1048833,2249695646579,192
basic_appreq,1070140,2249696761551,192
basic_appreq,1011789,2249697823506,192
basic_appreq,1378914,2249699246410,192
basic_appreq,1038581,2249700329188,192
basic_appreq,1696605,2249702077502,192
basic_appreq,1125464,2249703249128,192
basic_appreq,1246283,2249704540079,192
basic_appreq,1386753,2249705978073,192
basic_appreq,1226726,2249707248899,192
basic_appreq,1120553,2249708415579,192
basic_appreq,1244205,2249709707026,192
basic_appreq,1413083,2249711164436,192
basic_appreq,1235650,2249712444658,192
basic_appreq,1097774,2249713591554,192
basic_appreq,1502198,2249715139457,192
basic_appreq,1153426,2249716336899,192
basic_appreq,1197385,2249717582468,192
basic_appreq,1127496,2249718753663,192
basic_appreq,1460047,2249720258695,192
basic_appreq,1168896,2249721476797,192
basic_appreq,1140754,2249722662036,192
basic_appreq,1117311,2249723823428,192
basic_appreq,992386,2249724861494,192
basic_appreq,1034605,2249725944386,192
basic_appreq,980273,2249726968936,192
basic_appreq,1087005,2249728099881,192
basic_appreq,1265409,2249729411940,192
basic_appreq,1070318,2249730528315,192
basic_appreq,1012488,2249731585288,192
basic_appreq,1083921,2249732715694,192
basic_appreq,1050170,2249733814026,192
basic_appreq,1054610,2249734912890,192
basic_appreq,1037766,2249735994997,192
basic_appreq,1036038,2249737102437,192
basic_appreq,1035363,2249738182953,192
basic_appreq,1024453,2249739251490,192
basic_appreq,1033702,2249740329176,192
basic_appreq,1065423,2249741443213,192
basic_appreq,1030352,2249742518841,192
basic_appreq,1037070,2249743600506,192
basic_appreq,1057681,2249744702777,192
basic_appreq,1050162,2249745800619,192
basic_appreq,1049297,2249746895118,192
basic_appreq,1337885,2249748277144,192
basic_appreq,1025847,2249749358261,192
basic_appreq,1039530,2249750443943,192
basic_appreq,1046246,2249751534820,192
basic_appreq,1077327,2249752657695,192
basic_appreq,1032690,2249753740817,192
basic_appreq,1018162,2249754820424,192
basic_appreq,1029128,2249755895316,192
basic_appreq,1029269,2249756969226,192
basic_appreq,1024080,2249758042267,192
basic_appreq,1011205,2249759097772,192
basic_appreq,1067605,2249760210757,192
basic_appreq,1014901,2249761276878,192
basic_appreq,1016201,2249762339006,192
basic_appreq,1004880,2249763388531,192
basic_appreq,1075193,2249764510507,192
basic_appreq,1023124,2249765588597,192
basic_appreq,1049070,2249766681579,192
basic_appreq,1038912,2249767765988,192
basic_appreq,1039236,2249768850514,192
basic_appreq,1050791,2249769952876,192
basic_appreq,1365715,2249771363163,192
basic_appreq,1368820,2249772776282,192
basic_appreq,1025179,2249773854192,192
basic_appreq,1033923,2249774932449,192
basic_appreq,1053077,2249776031255,192
basic_appreq,1045561,2249777128121,192
basic_appreq,1044773,2249778218554,192
basic_appreq,1023926,2249779287148,192
basic_appreq,1031296,2249780362996,192
basic_appreq,1073890,2249781489382,192
basic_appreq,1324483,2249782859268,192
basic_appreq,1037602,2249783941107,192
basic_appreq,1118842,2249785103969,192
basic_appreq,1045404,2249786200430,192
basic_appreq,1001030,2249787245277,192
basic_appreq,1012027,2249788302062,192
basic_appreq,1037929,2249789390243,192
basic_appreq,1353994,2249790788447,192
basic_appreq,1061968,2249791894862,192
basic_appreq,1024828,2249792964475,192
basic_appreq,1363389,2249794376151,192
basic_appreq,1021617,2249795441845,192
basic_appreq,1354280,2249796840687,192
basic_appreq,1148857,2249798039749,192
basic_appreq,1201552,2249799286447,192
basic_appreq,1142787,2249800474771,192
basic_appreq,1407162,2249801930270,192
basic_appreq,1139859,2249803114242,192
basic_appreq,1253056,2249804411051,192
basic_appreq,1400853,2249805858835,192
basic_appreq,1251205,2249807154461,192
basic_appreq,1167613,2249808366184,192
basic_appreq,1476584,2249809891926,192
basic_appreq,1123620,2249811059724,192
basic_appreq,1159761,2249812263397,192
basic_appreq,1155477,2249813468624,192
basic_appreq,1236025,2249814748406,192
basic_appreq,1167773,2249815959998,192
basic_appreq,1430836,2249817465555,192
basic_appreq,1121241,2249818635484,192
basic_appreq,1233603,2249819914143,192
basic_appreq,1410468,2249821368599,192
basic_appreq,1213689,2249822631864,192
basic_appreq,1416498,2249824093050,192
basic_appreq,1200883,2249825343095,192
basic_appreq,1141818,2249826529080,192
basic_appreq,1460512,2249828033744,192
basic_appreq,1023151,2249829105690,192
basic_appreq,1093224,2249830243013,192
basic_appreq,1022929,2249831311370,192
basic_appreq,1391114,2249832747599,192
basic_appreq,1000602,2249833805587,192
basic_appreq,1104430,2249834955414,192
basic_appreq,1034310,2249836035077,192
basic_appreq,1418580,2249837501938,192
basic_appreq,1018583,2249838565285,192
basic_appreq,1196550,2249839806824,192
basic_appreq,1389957,2249841241553,192
basic_appreq,1210012,2249842501376,192
basic_appreq,1119858,2249843665687,192
basic_appreq,1271835,2249844981649,192
basic_appreq,1371840,2249846400192,192
basic_appreq,1246430,2249847690986,192
basic_appreq,1146933,2249848882187,192
basic_appreq,1262393,2249850192424,192
basic_appreq,1355584,2249851592450,192
basic_appreq,1243199,2249852880965,192
basic_appreq,1238802,2249854166947,192
basic_appreq,1415472,2249855627148,192
basic_appreq,1231584,2249856903237,192
basic_appreq,1221393,2249858171163,192
basic_appreq,1394051,2249859609003,192
basic_appreq,1144069,2249860798472,192
basic_appreq,1303856,2249862154481,192
basic_appreq,1089447,2249863289986,192
basic_appreq,1017029,2249864351306,192
basic_appreq,1088305,2249865495476,192
basic_appreq,1042213,2249866581418,192
basic_appreq,1126471,2249867752944,192
basic_appreq,1053434,2249868850765,192
basic_appreq,1349767,2249870253119,192
basic_appreq,1140818,2249871448923,192
basic_appreq,1504771,2249872997451,192
basic_appreq,1091078,2249874134450,192
basic_appreq,1520660,2249875699931,192
basic_appreq,1128796,2249876872426,192
basic_appreq,1206243,2249878126773,192
basic_appreq,1397024,2249879568151,192
basic_appreq,1199460,2249880812623,192
basic_appreq,1048997,2249881910284,192
basic_appreq,1053089,2249883023589,192
basic_appreq,1044408,2249884112770,192
basic_appreq,1088091,2249885251340,192
basic_appreq,1042911,2249886339968,192
basic_appreq,1078915,2249887463351,192
basic_appreq,1027956,2249888535934,192
basic_appreq,1094860,2249889682339,192
basic_appreq,1010834,2249890737264,192
basic_appreq,1110852,2249891892881,192
basic_appreq,987287,2249892925207,192
basic_appreq,1060060,2249894035960,192
basic_appreq,984122,2249895067246,192
basic_appreq,1364265,2249896476203,192
basic_appreq,1018856,2249897545969,192
basic_appreq,1044675,2249898635797,192
basic_appreq,1033268,2249899712942,192
basic_appreq,1066973,2249900824356,192
basic_appreq,1034223,2249901907996,192
basic_appreq,1080489,2249903034981,192
basic_appreq,1020477,2249904099833,192
basic_appreq,1023792,2249905171267,192
basic_appreq,1034318,2249906250516,192
basic_appreq,995635,2249907290036,192
basic_appreq,1073308,2249908407234,192
basic_appreq,1328756,2249909792336,192
basic_appreq,1035353,2249910871692,192
basic_appreq,1037773,2249911954625,192
basic_appreq,1054296,2249913054026,192
basic_appreq,1042256,2249914146163,192
basic_appreq,1006691,2249915198925,192
basic_appreq,1118170,2249916361035,192
basic_appreq,1004368,2249917414529,192
basic_appreq,1105820,2249918565171,192
basic_appreq,1311724,2249919921844,192
basic_appreq,1079102,2249921045511,192
basic_appreq,950983,2249922047514,192
basic_appreq,1072340,2249923163800,192
basic_appreq,1012799,2249924225968,192
basic_appreq,1062590,2249925340967,192
basic_appreq,1046471,2249926430726,192
basic_appreq,1387197,2249927861158,192
basic_appreq,1015953,2249928919570,192
basic_appreq,1039564,2249930009956,192
basic_appreq,1045026,2249931097683,192
basic_appreq,1058128,2249932198608,192
basic_appreq,1031287,2249933281570,192
basic_appreq,1370133,2249934694056,192
basic_appreq,1037478,2249935775797,192
basic_appreq,1364953,2249937185927,192
basic_appreq,1033499,2249938267165,192
basic_appreq,1067999,2249939379036,192
basic_appreq,1016468,2249940439360,192
basic_appreq,1063688,2249941556975,192
basic_appreq,1022513,2249942622916,192
basic_appreq,1385506,2249944051564,192
basic_appreq,1170069,2249945268667,192
basic_appreq,1407476,2249946719993,192
basic_appreq,1152474,2249947917131,192
basic_appreq,1154107,2249949114706,192
basic_appreq,1415012,2249950577676,192
basic_appreq,1349890,2249951971831,192
basic_appreq,1463963,2249953503280,192
basic_appreq,1086707,2249954637850,192
basic_appreq,1010233,2249955693786,192
basic_appreq,1071243,2249956809598,192
basic_appreq,993458,2249957861558,192
basic_appreq,1069352,2249958974753,192
basic_appreq,1057409,2249960076573,192
basic_appreq,1057217,2249961181412,192
basic_appreq,1042341,2249962268229,192
basic_appreq,1089644,2249963403872,192
basic_appreq,1024794,2249964473779,192
basic_appreq,1093206,2249965618002,192
basic_appreq,1022125,2249966686850,192
basic_appreq,1090192,2249967822245,192
basic_appreq,1025576,2249968892379,192
basic_appreq,1075093,2249970017449,192
basic_appreq,973173,2249971035254,192
basic_appreq,1364673,2249972444131,192
basic_appreq,1048531,2249973543592,192
basic_appreq,1062231,2249974650756,192
basic_appreq,995296,2249975692137,192
basic_appreq,1083423,2249976819355,192
basic_appreq,988470,2249977855083,192
basic_appreq,1397957,2249979297732,192
basic_appreq,1009340,2249980351803,192
basic_appreq,1122203,2249981522190,192
basic_appreq,1013155,2249982579302,192
basic_appreq,1255810,2249983878944,192
basic_appreq,998444,2249984922501,192
basic_appreq,1111978,2249986083261,192
basic_appreq,938189,2249987065746,192
basic_appreq,1090219,2249988203701,192
basic_appreq,1004291,2249989259892,192
basic_appreq,1062907,2249990367102,192
basic_appreq,1023919,2249991434998,192
basic_appreq,1086140,2249992565866,192
basic_appreq,992730,2249993609048,192
basic_appreq,1099536,2249994752897,192
basic_appreq,1035243,2249995831719,192
basic_appreq,1039513,2249996915723,192
basic_appreq,1008108,2249997978034,192
basic_appreq,1118908,2249999140933,192
basic_appreq,988433,2250000173573,192
basic_appreq,1367372,2250001592056,192
basic_appreq,962427,2250002615815,192
basic_appreq,1151333,2250003811603,192
basic_appreq,1281147,2250005137118,192
basic_appreq,1128997,2250006315620,192
basic_appreq,1027965,2250007390803,192
basic_appreq,1058887,2250008494165,192
basic_appreq,996984,2250009538379,192
basic_appreq,1040202,2250010622918,192
basic_appreq,1089447,2250011756739,192
basic_appreq,1390592,2250013193603,192
basic_appreq,1006179,2250014255037,192
basic_appreq,1105347,2250015407276,192
basic_appreq,1027044,2250016479499,192
basic_appreq,1076609,2250017605488,192
basic_appreq,1032907,2250018682933,192
basic_appreq,1101243,2250019828473,192
basic_appreq,1340869,2250021213371,192
basic_appreq,1363951,2250022631420,192
basic_appreq,1017119,2250023693625,192
basic_appreq,1075247,2250024813729,192
basic_appreq,999934,2250025864179,192
basic_appreq,1108179,2250027018450,192
basic_appreq,1141794,2250028204495,192
basic_appreq,1432611,2250029686037,192
basic_appreq,1148166,2250030879302,192
basic_appreq,1162470,2250032086213,192
basic_appreq,1329725,2250033467938,192
basic_appreq,1490851,2250035003073,192
basic_appreq,1133928,2250036182372,192
basic_appreq,1220323,2250037450684,192
basic_appreq,1359945,2250038857042,192
basic_appreq,1091947,2250039993115,192
basic_appreq,1025586,2250041094779,192
basic_appreq,1071457,2250042211272,192
basic_appreq,1034241,2250043291523,192
basic_appreq,1085790,2250044422688,192
basic_appreq,1048633,2250045522528,192
basic_appreq,1040021,2250046607347,192
basic_appreq,1047706,2250047700070,192
basic_appreq,1079316,2250048824531,192
basic_appreq,1019248,2250049898525,192
basic_appreq,1383468,2250051328659,192
basic_appreq,1050176,2250052423633,192
basic_appreq,1080360,2250053556445,192
basic_appreq,1022021,2250054623542,192
basic_appreq,1054229,2250055723462,192
basic_appreq,1021239,2250056789286,192
basic_appreq,1057420,2250057902293,192
basic_appreq,1046892,2250058993429,192
basic_appreq,1048094,2250060086799,192
basic_appreq,1041916,2250061185351,192
basic_appreq,1065610,2250062295917,192
basic_appreq,1035614,2250063376012,192
basic_appreq,1388019,2250064809812,192
basic_appreq,1031865,2250065896890,192
basic_appreq,1069132,2250067011318,192
basic_appreq,1032807,2250068089064,192
basic_appreq,1061620,2250069209843,192
basic_appreq,1025179,2250070280362,192
basic_appreq,1030943,2250071356353,192
basic_appreq,1048826,2250072450225,192
basic_appreq,1024334,2250073524813,192
basic_appreq,1009110,2250074577913,192
basic_appreq,1104330,2250075728766,192
basic_appreq,1038571,2250076811611,192
basic_appreq,1025660,2250077889324,192
basic_appreq,1000138,2250078933494,192
basic_appreq,1075427,2250080054361,192
basic_appreq,1042865,2250081146188,192
basic_appreq,1068049,2250082258210,192
basic_appreq,1023929,2250083327973,192
basic_appreq,991765,2250084364593,192
basic_appreq,1068851,2250085482633,192
basic_appreq,986455,2250086513953,192
basic_appreq,1005688,2250087564169,192
basic_appreq,985403,2250088594640,192
basic_appreq,1020320,2250089666271,192
basic_appreq,1041358,2250090753380,192
basic_appreq,1033245,2250091830878,192
basic_appreq,1043944,2250092918555,192
basic_appreq,1036509,2250094002078,192
basic_appreq,1022499,2250095069118,192
basic_appreq,1073299,2250096187492,192
basic_appreq,1021972,2250097259678,192
basic_appreq,1089170,2250098393546,192
basic_appreq,1028476,2250099466815,192
basic_appreq,1107571,2250100621627,192
basic_appreq,1606424,2250102280689,192
basic_appreq,1078998,2250103404168,192
basic_appreq,1039142,2250104488039,192
basic_appreq,1077769,2250105616574,192
basic_appreq,1009601,2250106669811,192
basic_appreq,1086894,2250107801420,192
basic_appreq,1008277,2250108856448,192
basic_appreq,1047868,2250109958128,192
basic_appreq,1033485,2250111037822,192
basic_appreq,1467003,2250112549280,192
basic_appreq,1149312,2250113749017,192
basic_appreq,1197813,2250114990680,192
basic_appreq,1409290,2250116445831,192
basic_appreq,1179555,2250117674098,192
basic_appreq,1152513,2250118871078,192
basic_appreq,1444613,2250120360536,192
basic_appreq,1179147,2250121589658,192
basic_appreq,1377313,2250123011432,192
basic_appreq,1011709,2250124088527,192
basic_appreq,985633,2250125124578,192
basic_appreq,928733,2250126097571,192
basic_appreq,996633,2250127138929,192
basic_appreq,1018670,2250128200001,192
basic_appreq,1025154,2250129272314,192
basic_appreq,1019702,2250130334883,192
basic_appreq,964849,2250131341915,192
basic_appreq,1027501,2250132412079,192
basic_appreq,1043305,2250133504580,192
basic_appreq,959216,2250134507328,192
basic_appreq,1115590,2250135665094,192
basic_appreq,987628,2250136695790,192
basic_appreq,1011001,2250137755157,192
basic_appreq,1022936,2250138821816,192
basic_appreq,965722,2250139830108,192
basic_appreq,1096243,2250140970345,192
basic_appreq,996960,2250142014533,192
basic_appreq,1015505,2250143072524,192
basic_appreq,966584,2250144081965,192
basic_appreq,1007383,2250145154839,192
basic_appreq,992777,2250146191044,192
basic_appreq,1097628,2250147331301,192
basic_appreq,1021574,2250148396691,192
basic_appreq,1053066,2250149503728,192
basic_appreq,1033926,2250150581828,192
basic_appreq,1053006,2250151677945,192
basic_appreq,1030534,2250152753308,192
basic_appreq,1036633,2250153836327,192
basic_appreq,1010266,2250154889891,192
basic_appreq,1044402,2250155979074,192
basic_appreq,1016676,2250157069263,192
basic_appreq,1058098,2250158178358,192
basic_appreq,1074157,2250159296726,192
basic_appreq,1085542,2250160426872,192
basic_appreq,1040228,2250161515694,192
basic_appreq,1039173,2250162599104,192
basic_appreq,1045504,2250163688350,192
basic_appreq,1084819,2250164817220,192
basic_appreq,1016505,2250165885132,192
basic_appreq,1085548,2250167015278,192
basic_appreq,1053397,2250168112618,192
basic_appreq,1311869,2250169474083,192
basic_appreq,1049261,2250170568773,192
basic_appreq,1070806,2250171683496,192
basic_appreq,1031999,2250172759979,192
basic_appreq,1371443,2250174180363,192
basic_appreq,1099982,2250175323627,192
basic_appreq,1489291,2250176856981,192
basic_appreq,1154926,2250178058743,192
basic_appreq,1221427,2250179324383,192
basic_appreq,1368522,2250180738189,192
basic_appreq,1505733,2250182295076,192
basic_appreq,1148253,2250183487168,192
basic_appreq,1201398,2250184732837,192
basic_appreq,1383338,2250186166487,192
basic_appreq,1189696,2250187399949,192
basic_appreq,1434371,2250188879586,192
basic_appreq,1201134,2250190128734,192
basic_appreq,1410320,2250191582880,192
basic_appreq,1204699,2250192831943,192
basic_appreq,1368040,2250194248304,192
basic_appreq,1214242,2250195506412,192
basic_appreq,1370979,2250196921634,192
basic_appreq,1207466,2250198176856,192
basic_appreq,1396347,2250199617466,192
basic_appreq,1216308,2250200878532,192
basic_appreq,1416187,2250202344707,192
basic_appreq,1229670,2250203618834,192
basic_appreq,1385192,2250205048073,192
basic_appreq,1134908,2250206233730,192
basic_appreq,1349052,2250207626387,192
basic_appreq,1071781,2250208743672,192
basic_appreq,1033803,2250209834055,192
basic_appreq,1057413,2250210936113,192
basic_appreq,1053503,2250212033670,192
basic_appreq,1036560,2250213119990,192
basic_appreq,950525,2250214115811,192
basic_appreq,1085775,2250215245493,192
basic_appreq,1042755,2250216333860,192
basic_appreq,1057252,2250217442952,192
basic_appreq,1043650,2250218530546,192
basic_appreq,1017775,2250219592951,192
basic_appreq,1014309,2250220651594,192
basic_appreq,1032610,2250221741299,192
basic_appreq,965220,2250222750202,192
basic_appreq,1033181,2250223827697,192
basic_appreq,1039566,2250224912650,192
basic_appreq,1038635,2250225998499,192
basic_appreq,1079497,2250227123616,192
basic_appreq,1024671,2250228194618,192
basic_appreq,1050240,2250229298120,192
basic_appreq,1036349,2250230379641,192
basic_appreq,1392670,2250231817993,192
basic_appreq,1025556,2250232889580,192
basic_appreq,1019284,2250233959975,192
basic_appreq,1047426,2250235052590,192
basic_appreq,1079586,2250236176718,192
basic_appreq,1012140,2250237236367,192
basic_appreq,1088043,2250238368477,192
basic_appreq,1028506,2250239440473,192
basic_appreq,1089093,2250240573322,192
basic_appreq,1018256,2250241641608,192
basic_appreq,1051720,2250242738698,192
basic_appreq,1011219,2250243793832,192
basic_appreq,1069108,2250244907438,192
basic_appreq,1005908,2250245982251,192
basic_appreq,1408572,2250247435277,192
basic_appreq,1044160,2250248524337,192
basic_appreq,1063979,2250249639991,192
basic_appreq,1065065,2250250749547,192
basic_appreq,1058326,2250251852430,192
basic_appreq,1051960,2250252949172,192
basic_appreq,1012879,2250254009756,192
basic_appreq,1033329,2250255087392,192
basic_appreq,1112446,2250256245238,192
basic_appreq,1026045,2250257327555,192
basic_appreq,1093093,2250258466388,192
basic_appreq,1006079,2250259516895,192
basic_appreq,1081726,2250260644488,192
basic_appreq,1004342,2250261699749,192
basic_appreq,1098232,2250262844330,192
basic_appreq,978181,2250263867174,192
basic_appreq,1135396,2250265048199,192
basic_appreq,996406,2250266091843,192
basic_appreq,1364964,2250267501421,192
basic_appreq,1333631,2250268880098,192
basic_appreq,1059065,2250269988418,192
basic_appreq,1034437,2250271067005,192
basic_appreq,1337995,2250272450330,192
basic_appreq,1028911,2250273529272,192
basic_appreq,1064003,2250274637619,192
basic_appreq,1016668,2250275701167,192
basic_appreq,1120201,2250276865365,192
basic_appreq,995384,2250277909142,192
basic_appreq,1054279,2250279008313,192
basic_appreq,1006958,2250280059641,192
basic_appreq,1058356,2250281170073,192
basic_appreq,1023735,2250282238590,192
basic_appreq,1079844,2250283363032,192
basic_appreq,1032674,2250284439682,192
basic_appreq,1061900,2250285552412,192
basic_appreq,1009181,2250286606016,192
basic_appreq,1073458,2250287725022,192
basic_appreq,996546,2250288766102,192
basic_appreq,1079269,2250289896479,192
basic_appreq,1016034,2250290956288,192
basic_appreq,1093575,2250292094366,192
basic_appreq,1016538,2250293159318,192
basic_appreq,1029492,2250294233556,192
basic_appreq,1020117,2250295299660,192
basic_appreq,1036744,2250296380681,192
basic_appreq,1029763,2250297463318,192
basic_appreq,974810,2250298482546,192
basic_appreq,1026251,2250299554016,192
basic_appreq,1058088,2250300657328,192
basic_appreq,1027801,2250301733513,192
basic_appreq,1061690,2250302839073,192
basic_appreq,1062198,2250303946190,192
basic_appreq,3169761,2250307162402,192
basic_appreq,1028737,2250308237933,192
basic_appreq,1066756,2250309351770,192
basic_appreq,995164,2250310389327,192
basic_appreq,1105775,2250311530289,192
basic_appreq,1046311,2250312612878,192
basic_appreq,1341721,2250314000055,192
basic_appreq,1046016,2250315081186,192
basic_appreq,1383491,2250316500297,192
basic_appreq,1024457,2250317577715,192
basic_appreq,1077980,2250318697968,192
basic_appreq,1323726,2250320066470,192
basic_appreq,1079872,2250321186932,192
basic_appreq,1168732,2250322398926,192
basic_appreq,1458657,2250323900453,192
basic_appreq,1198618,2250325143157,192
basic_appreq,1429590,2250326618585,192
basic_appreq,1172929,2250327834926,192
basic_appreq,1437061,2250329315766,192
basic_appreq,1173287,2250330534269,192
basic_appreq,1472076,2250332051164,192
basic_appreq,1153436,2250333252491,192
basic_appreq,1461006,2250334757136,192
basic_appreq,1133618,2250335935195,192
basic_appreq,1203185,2250337182070,192
basic_appreq,1354328,2250338584036,192
basic_appreq,1243844,2250339873283,192
basic_appreq,1140510,2250341058178,192
basic_appreq,1410651,2250342515278,192
basic_appreq,1014175,2250343574339,192
basic_appreq,1108791,2250344727043,192
basic_appreq,1323884,2250346099501,192
basic_appreq,1088872,2250347232817,192
basic_appreq,1021560,2250348298578,192
basic_appreq,1089337,2250349440154,192
basic_appreq,1017927,2250350502931,192
basic_appreq,1372492,2250351920916,192
basic_appreq,1021266,2250352986924,192
basic_appreq,1195745,2250354228716,192
basic_appreq,1408020,2250355681589,192
basic_appreq,1515554,2250357242386,192
basic_appreq,1130610,2250358421444,192
basic_appreq,1229195,2250359696449,192
basic_appreq,1398688,2250361138653,192
basic_appreq,1182452,2250362368668,192
basic_appreq,1105727,2250363519657,192
basic_appreq,1420825,2250364985786,192
basic_appreq,1013554,2250366047877,192
basic_appreq,1057774,2250367150536,192
basic_appreq,1052435,2250368247288,192
basic_appreq,1074488,2250369374824,192
basic_appreq,1008846,2250370427824,192
basic_appreq,1074117,2250371564876,192
basic_appreq,1018127,2250372627455,192
basic_appreq,1037171,2250373712261,192
basic_appreq,1027006,2250374783959,192
basic_appreq,1064620,2250375892149,192
basic_appreq,1030876,2250376967512,192
basic_appreq,1066214,2250378087079,192
basic_appreq,979488,2250379110487,192
basic_appreq,1091934,2250380248448,192
basic_appreq,1028828,2250381333959,192
basic_appreq,1059218,2250382439072,192
basic_appreq,1026837,2250383511154,192
basic_appreq,1088656,2250384643736,192
basic_appreq,1005174,2250385698446,192
basic_appreq,1025773,2250386768063,192
basic_appreq,1006499,2250387818713,192
basic_appreq,1111283,2250388973932,192
basic_appreq,992707,2250390016129,192
basic_appreq,1013899,2250391075129,192
basic_appreq,997846,2250392119251,192
basic_appreq,1104771,2250393272202,192
basic_appreq,1022067,2250394337768,192
basic_appreq,1106258,2250395487982,192
basic_appreq,997986,2250396543073,192
basic_appreq,1084074,2250397679621,192
basic_appreq,1004336,2250398728658,192
basic_appreq,1078301,2250399852712,192
basic_appreq,1016919,2250400913420,192
basic_appreq,1022319,2250401985001,192
basic_appreq,1047058,2250403076490,192
basic_appreq,1057337,2250404179888,192
basic_appreq,1044692,2250405279704,192
basic_appreq,1082281,2250406408637,192
basic_appreq,1037548,2250407490286,192
basic_appreq,1114144,2250408648848,192
basic_appreq,1029312,2250409726790,192
basic_appreq,1021634,2250410793619,192
basic_appreq,1060019,2250411897786,192
basic_appreq,1036840,2250412979559,192
basic_appreq,999843,2250414029430,192
basic_appreq,1099736,2250415173189,192
basic_appreq,1023121,2250416240867,192
basic_appreq,1062469,2250417358613,192
basic_appreq,1027879,2250418430702,192
basic_appreq,1076546,2250419555471,192
basic_appreq,1034197,2250420635425,192
basic_appreq,1084225,2250421768940,192
basic_appreq,968211,2250422782420,192
basic_appreq,1083717,2250423912085,192
basic_appreq,1382155,2250425338767,192
basic_appreq,1042394,2250426432893,192
basic_appreq,996044,2250427473192,192
basic_appreq,1079514,2250428596691,192
basic_appreq,999921,2250429647094,192
basic_appreq,1057343,2250430748518,192
basic_appreq,1031705,2250431825058,192
basic_appreq,1053819,2250432924636,192
basic_appreq,1031371,2250434006362,192
basic_appreq,1054513,2250435105617,192
basic_appreq,993843,2250436144424,192
basic_appreq,1387411,2250437581449,192
basic_appreq,1047729,2250438674138,192
basic_appreq,1089471,2250439809235,192
basic_appreq,1017911,2250440871461,192
basic_appreq,1092284,2250442016877,192
basic_appreq,1008461,2250443070334,192
basic_appreq,1091271,2250444205622,192
basic_appreq,977978,2250445233210,192
basic_appreq,1102045,2250446378910,192
basic_appreq,1030211,2250447453923,192
basic_appreq,1096878,2250448595670,192
basic_appreq,1012652,2250449660601,192
basic_appreq,1093063,2250450798452,192
basic_appreq,1020765,2250451865242,192
basic_appreq,1082878,2250452993587,192
basic_appreq,991347,2250454036311,192
basic_appreq,1086912,2250455167018,192
basic_appreq,976080,2250456187553,192
basic_appreq,1074744,2250457310448,192
basic_appreq,1048374,2250458403160,192
basic_appreq,1077175,2250459524629,192
basic_appreq,1045484,2250460614153,192
basic_appreq,1020658,2250461682329,192
basic_appreq,1062248,2250462790608,192
basic_appreq,1086858,2250463921399,192
basic_appreq,998808,2250464965243,192
basic_appreq,1061426,2250466075267,192
basic_appreq,1339455,2250467458678,192
basic_appreq,1365464,2250468868761,192
basic_appreq,1021740,2250469939420,192
basic_appreq,1032670,2250471017843,192
basic_appreq,1044631,2250472107131,192
basic_appreq,1105025,2250473263630,192
basic_appreq,1023455,2250474331215,192
basic_appreq,1054657,2250475429738,192
basic_appreq,1020013,2250476494622,192
basic_appreq,1080923,2250477628504,192
basic_appreq,1000326,2250478674176,192
basic_appreq,1090427,2250479809548,192
basic_appreq,1018479,2250480874085,192
basic_appreq,1078945,2250482002844,192
basic_appreq,1040209,2250483087270,192
basic_appreq,1062726,2250484194881,192
basic_appreq,1014199,2250485273803,192
basic_appreq,1044549,2250486363474,192
basic_appreq,1016080,2250487440612,192
basic_appreq,1080098,2250488565772,192
basic_appreq,1041909,2250489659707,192
basic_appreq,1093624,2250490797245,192
basic_appreq,1020019,2250491861411,192
basic_appreq,1024513,2250492930763,192
basic_appreq,1034371,2250494015245,192
basic_appreq,1090306,2250495150086,192
basic_appreq,1045127,2250496239460,192
basic_appreq,1015552,2250497305758,192
basic_appreq,1055933,2250498406486,192
basic_appreq,1028302,2250499479053,192
basic_appreq,1344718,2250500867927,192
basic_appreq,1092077,2250502011720,192
basic_appreq,968790,2250503024024,192
basic_appreq,1062262,2250504130750,192
basic_appreq,1045317,2250505226686,192
basic_appreq,1277315,2250506668643,192
basic_appreq,1060297,2250507774293,192
basic_appreq,1014042,2250508834333,192
basic_appreq,1025606,2250509907852,192
basic_appreq,1020698,2250510972031,192
basic_appreq,1056354,2250512073030,192
basic_appreq,1058917,2250513179953,192
basic_appreq,1044486,2250514268408,192
basic_appreq,1066990,2250515379909,192
basic_appreq,1014934,2250516438903,192
basic_appreq,1103651,2250517593073,192
basic_appreq,997462,2250518636212,192
basic_appreq,1022368,2250519702877,192
basic_appreq,1027859,2250520774482,192
basic_appreq,1059251,2250521882565,192
basic_appreq,998831,2250522926536,192
basic_appreq,1058292,2250524029389,192
basic_appreq,987384,2250525071298,192
basic_appreq,1132265,2250526250045,192
basic_appreq,1011586,2250527306051,192
basic_appreq,1338803,2250528689340,192
basic_appreq,1019762,2250529759333,192
basic_appreq,1330163,2250531135277,192
basic_appreq,1066919,2250532246416,192
basic_appreq,1094760,2250533391358,192
basic_appreq,1035287,2250534472078,192
basic_appreq,1056537,2250535572498,192
basic_appreq,1028968,2250536645900,192
basic_appreq,1087149,2250537780782,192
basic_appreq,982112,2250538807665,192
basic_appreq,1087316,2250539939244,192
basic_appreq,1035704,2250541018600,192
basic_appreq,1065095,2250542132527,192
basic_appreq,1028022,2250543206373,192
basic_appreq,1120980,2250544374631,192
basic_appreq,1044274,2250545469552,192
basic_appreq,1079032,2250546593736,192
basic_appreq,1339354,2250547976961,192
basic_appreq,1093009,2250549139599,192
basic_appreq,1030348,2250550217989,192
basic_appreq,1082029,2250551345766,192
basic_appreq,1026790,2250552418410,192
basic_appreq,1389076,2250553864029,192
basic_appreq,1029266,2250554940036,192
basic_appreq,1055428,2250556039719,192
basic_appreq,1003680,2250557093390,192
basic_appreq,1033262,2250558172018,192
basic_appreq,1027828,2250559245614,192
basic_appreq,1075070,2250560364065,192
basic_appreq,1003697,2250561425021,192
basic_appreq,1383742,2250562854741,192
basic_appreq,1023224,2250563922455,192
basic_appreq,1142566,2250565109325,192
basic_appreq,999008,2250566155321,192
basic_appreq,1069442,2250567269024,192
basic_appreq,1037512,2250568351701,192
basic_appreq,1064620,2250569467512,192
basic_appreq,1019705,2250570532812,192
basic_appreq,1039790,2250571616936,192
basic_appreq,1020707,2250572682766,192
basic_appreq,1037007,2250573771265,192
basic_appreq,1025941,2250574842322,192
basic_appreq,1052360,2250575938141,192
basic_appreq,1059033,2250577041515,192
basic_appreq,1052759,2250578141535,192
basic_appreq,1011529,2250579197989,192
basic_appreq,1069201,2250580311458,192
basic_appreq,1355695,2250581720816,192
basic_appreq,1331440,2250583096636,192
basic_appreq,1343392,2250584484482,192
basic_appreq,1042487,2250585579623,192
basic_appreq,1039133,2250586664580,192
basic_appreq,1017751,2250587726337,192
basic_appreq,980240,2250588754650,192
basic_appreq,1121758,2250589928358,192
basic_appreq,1007309,2250590980017,192
basic_appreq,1109819,2250592133967,192
basic_appreq,1032797,2250593216210,192
basic_appreq,1065292,2250594326442,192
basic_appreq,1058366,2250595430504,192
basic_appreq,1103752,2250596579202,192
basic_appreq,1024283,2250597657115,192
basic_appreq,1077509,2250598780651,192
basic_appreq,1044545,2250599869497,192
basic_appreq,1039175,2250600953949,192
basic_appreq,1046356,2250602047236,192
basic_appreq,1050665,2250603142821,192
basic_appreq,1006403,2250604194066,192
basic_appreq,1056063,2250605315181,192
basic_appreq,1018559,2250606378608,192
basic_appreq,1055148,2250607479016,192
basic_appreq,1045465,2250608568598,192
basic_appreq,1088896,2250609705667,192
basic_appreq,996038,2250610747262,192
basic_appreq,1122129,2250611913398,192
basic_appreq,985152,2250612943398,192
basic_appreq,1070905,2250614063527,192
basic_appreq,1294359,2250615403296,192
basic_appreq,1055737,2250616503777,192
basic_appreq,1022041,2250617577109,192
basic_appreq,1036790,2250618658584,192
basic_appreq,1030047,2250619733302,192
basic_appreq,1022773,2250620800803,192
basic_appreq,1020153,2250621871859,192
basic_appreq,1390084,2250623306421,192
basic_appreq,1030839,2250624384524,192
basic_appreq,1411960,2250625848741,192
basic_appreq,1121298,2250627014327,192
basic_appreq,1242471,2250628301194,192
basic_appreq,1104006,2250629456772,192
basic_appreq,1242741,2250630744211,192
basic_appreq,1152447,2250631941951,192
basic_appreq,1501904,2250633488066,192
basic_appreq,1162106,2250634698803,192
basic_appreq,1201746,2250635945177,192
basic_appreq,1431519,2250637420721,192
basic_appreq,1204917,2250638673908,192
basic_appreq,1159497,2250639878707,192
basic_appreq,1185670,2250641109026,192
basic_appreq,1369468,2250642526607,192
basic_appreq,1230722,2250643802284,192
basic_appreq,1121254,2250644967886,192
basic_appreq,1489711,2250646505627,192
basic_appreq,1062101,2250647612019,192
basic_appreq,1101958,2250648758431,192
basic_appreq,1001897,2250649806151,192
basic_appreq,1086523,2250650937520,192
basic_appreq,1053066,2250652035090,192
basic_appreq,1108136,2250653194608,192
basic_appreq,1028560,2250654268404,192
basic_appreq,1024216,2250655337218,192
basic_appreq,1027648,2250656408912,192
basic_appreq,1363230,2250657822644,192
basic_appreq,1035725,2250658904980,192
basic_appreq,1030576,2250659979566,192
basic_appreq,1010774,2250661062577,192
basic_appreq,1103071,2250662214630,192
basic_appreq,1010467,2250663270242,192
basic_appreq,1080221,2250664396933,192
basic_appreq,1043519,2250665492548,192
basic_appreq,1079009,2250666616954,192
basic_appreq,1024263,2250667686687,192
basic_appreq,1086904,2250668818159,192
basic_appreq,998902,2250669867931,192
basic_appreq,1074675,2250670987585,192
basic_appreq,1048124,2250672080030,192
basic_appreq,1041253,2250673174392,192
basic_appreq,1350472,2250674571236,192
basic_appreq,1384394,2250675999954,192
basic_appreq,983579,2250677053120,192
basic_appreq,1102495,2250678200709,192
basic_appreq,1350913,2250679596420,192
basic_appreq,1251662,2250680893951,192
basic_appreq,1121505,2250682063966,192
basic_appreq,1188303,2250683296159,192
basic_appreq,1166657,2250684506896,192
basic_appreq,1448920,2250686008169,192
basic_appreq,1143659,2250687197578,192
basic_appreq,1222720,2250688464214,192
basic_appreq,1094907,2250689607555,192
basic_appreq,1079550,2250690731122,192
basic_appreq,1027913,2250691804632,192
basic_appreq,1065971,2250692916019,192
basic_appreq,1007356,2250693975521,192
basic_appreq,1092409,2250695112776,192
basic_appreq,1028798,2250696186523,192
basic_appreq,1012815,2250697246556,192
basic_appreq,1056781,2250698347615,192
basic_appreq,973844,2250699365633,192
basic_appreq,1011071,2250700421231,192
basic_appreq,1046731,2250701522013,192
basic_appreq,1080459,2250702647892,192
basic_appreq,990124,2250703683730,192
basic_appreq,1114097,2250704843390,192
basic_appreq,1005538,2250705896998,192
basic_appreq,1036943,2250706977714,192
basic_appreq,1043148,2250708066246,192
basic_appreq,1058412,2250709179317,192
basic_appreq,1004850,2250710228367,192
basic_appreq,1087189,2250711359121,192
basic_appreq,1031651,2250712435878,192
basic_appreq,1073431,2250713561683,192
basic_appreq,1006677,2250714612661,192
basic_appreq,1054126,2250715711501,192
basic_appreq,996212,2250716752502,192
basic_appreq,1021409,2250717822760,192
basic_appreq,981052,2250718848627,192
basic_appreq,994358,2250719888771,192
basic_appreq,990769,2250720924730,192
basic_appreq,1109055,2250722083442,192
basic_appreq,993432,2250723120693,192
basic_appreq,1108103,2250724272996,192
basic_appreq,1307447,2250725627561,192
basic_appreq,1105984,2250726778006,192
basic_appreq,1012889,2250727851170,192
basic_appreq,1108868,2250729003667,192
basic_appreq,1000342,2250730054611,192
basic_appreq,1089585,2250731188563,192
basic_appreq,1023207,2250732255707,192
basic_appreq,1075651,2250733383209,192
basic_appreq,1025393,2250734454193,192
basic_appreq,1057704,2250735557861,192
basic_appreq,1334366,2250736937744,192
basic_appreq,1083533,2250738070186,192
basic_appreq,997555,2250739112051,192
basic_appreq,1403547,2250740561041,192
basic_appreq,986302,2250741596739,192
basic_appreq,1188807,2250742830155,192
basic_appreq,1073111,2250743947633,192
basic_appreq,1284873,2250745278254,192
basic_appreq,1126834,2250746452469,192
basic_appreq,1194629,2250747691826,192
basic_appreq,1188871,2250748926919,192
basic_appreq,1712447,2250750688926,192
basic_appreq,5014748,2250755749752,192
basic_appreq,1151057,2250756948303,192
basic_appreq,991477,2250757987152,192
basic_appreq,1071527,2250759102692,192
basic_appreq,1000118,2250760148250,192
basic_appreq,1094791,2250761290532,192
basic_appreq,1097865,2250762432982,192
basic_appreq,1020580,2250763497606,192
basic_appreq,1100752,2250764643831,192
basic_appreq,1006396,2250765706771,192
basic_appreq,1389556,2250767140143,192
basic_appreq,986442,2250768170688,192
basic_appreq,1390426,2250769608688,192
basic_appreq,1016411,2250770669497,192
basic_appreq,1069166,2250771782270,192
basic_appreq,1052140,2250772878571,192
basic_appreq,1062038,2250773988401,192
basic_appreq,1041709,2250775074634,192
basic_appreq,1078177,2250776198665,192
basic_appreq,1173444,2250777427840,192
basic_appreq,1411981,2250778884369,192
basic_appreq,1140905,2250780070112,192
basic_appreq,1190513,2250781312383,192
basic_appreq,1154017,2250782511274,192
basic_appreq,1241866,2250783796709,192
basic_appreq,1363647,2250785205162,192
basic_appreq,1233543,2250786490550,192
basic_appreq,1150638,2250787686642,192
basic_appreq,1239651,2250788971565,192
basic_appreq,1374473,2250790393700,192
basic_appreq,1243169,2250791681597,192
basic_appreq,1125846,2250792851319,192
basic_appreq,1466035,2250794366288,192
basic_appreq,1117054,2250795527917,192
basic_appreq,1188985,2250796762803,192
basic_appreq,1206123,2250798020120,192
basic_appreq,1395400,2250799460696,192
basic_appreq,1197709,2250800703364,192
basic_appreq,1167222,2250801920751,192
basic_appreq,1198201,2250803162921,192
basic_appreq,1424615,2250804632394,192
basic_appreq,1158989,2250805842069,192
basic_appreq,1190659,2250807077396,192
basic_appreq,1306826,2250808428249,192
basic_appreq,1070121,2250809547792,192
basic_appreq,991377,2250810585037,192
basic_appreq,1075771,2250811705777,192
basic_appreq,1036288,2250812786924,192
basic_appreq,1085725,2250813919041,192
basic_appreq,1005017,2250814969642,192
basic_appreq,1084158,2250816098331,192
basic_appreq,1042397,2250817194324,192
basic_appreq,1049953,2250818289098,192
basic_appreq,1013300,2250819347323,192
basic_appreq,1074936,2250820466572,192
basic_appreq,1009898,2250821525844,192
basic_appreq,1097220,2250822667296,192
basic_appreq,1034608,2250823746620,192
basic_appreq,1331332,2250825123405,192
basic_appreq,1009992,2250826181534,192
basic_appreq,1027030,2250827253930,192
basic_appreq,1011288,2250828309904,192
basic_appreq,1331836,2250829691755,192
basic_appreq,1048101,2250830785492,192
basic_appreq,1070504,2250831900826,192
basic_appreq,1012434,2250832957594,192
basic_appreq,1013009,2250834020748,192
basic_appreq,985496,2250835050461,192
basic_appreq,1072306,2250836166716,192
basic_appreq,1007519,2250837224661,192
basic_appreq,1114818,2250838383446,192
basic_appreq,1024915,2250839454941,192
basic_appreq,1077271,2250840577926,192
basic_appreq,1042745,2250841669959,192
basic_appreq,55490519,2250897204668,192
basic_appreq,1162928,2250898421092,192
basic_appreq,1078869,2250899545809,192
basic_appreq,1026462,2250900616748,192
basic_appreq,1377585,2250902043210,192
basic_appreq,1113034,2250903200265,192
basic_appreq,1075015,2250904319614,192
basic_appreq,1080055,2250905449763,192
basic_appreq,1059392,2250906554013,192
basic_appreq,1109958,2250907708869,192
basic_appreq,1065827,2250908818993,192
basic_appreq,1035998,2250909934700,192
basic_appreq,1055152,2250911034490,192
basic_appreq,1052736,2250912131753,192
basic_appreq,1055977,2250913235816,192
basic_appreq,1079195,2250914359907,192
basic_appreq,1034572,2250915440476,192
basic_appreq,1071344,2250916556555,192
basic_appreq,1041163,2250917648060,192
basic_appreq,1063882,2250918756119,192
basic_appreq,1029155,2250919829063,192
basic_appreq,1068303,2250920942660,192
basic_appreq,1059615,2250922054291,192
basic_appreq,1041929,2250923140500,192
basic_appreq,977670,2250924162277,192
basic_appreq,995172,2250925203515,192
basic_appreq,1066338,2250926314528,192
basic_appreq,993485,2250927351679,192
basic_appreq,938369,2250928334462,192
basic_appreq,951153,2250929334724,192
basic_appreq,994695,2250930374370,192
basic_appreq,996467,2250931415481,192
basic_appreq,997261,2250932457020,192
basic_appreq,1013097,2250933517367,192
basic_appreq,1036292,2250934598357,192
basic_appreq,1019979,2250935664779,192
basic_appreq,992098,2250936701903,192
basic_appreq,937905,2250937686430,192
basic_appreq,924876,2250938656088,192
basic_appreq,987712,2250939688440,192
basic_appreq,996767,2250940729110,192
basic_appreq,933347,2250941711536,192
basic_appreq,1027966,2250942783528,192
basic_appreq,1356991,2250944184471,192
basic_appreq,989446,2250945221034,192
basic_appreq,1372127,2250946638063,192
basic_appreq,1039747,2250947723879,192
basic_appreq,1091599,2250948860637,192
basic_appreq,959470,2250949869223,192
basic_appreq,1022081,2250950935955,192
basic_appreq,1053561,2250952034695,192
basic_appreq,993799,2250953076788,192
basic_appreq,1052986,2250954174435,192
basic_appreq,967345,2250955186486,192
basic_appreq,1016390,2250956247712,192
basic_appreq,978318,2250957274234,192
basic_appreq,1057163,2250958377504,192
basic_appreq,1014249,2250959436668,192
basic_appreq,999113,2250960480422,192
basic_appreq,1022067,2250961552571,192
basic_appreq,1014897,2250962612220,192
basic_appreq,934477,2250963592567,192
basic_appreq,989348,2250964626554,192
basic_appreq,927874,2250965602594,192
basic_appreq,976067,2250966625139,192
basic_appreq,1024498,2250967694381,192
basic_appreq,943324,2250968681956,192
basic_appreq,1029242,2250969757553,192
basic_appreq,1081519,2250970883696,192
basic_appreq,1035497,2250971963490,192
basic_appreq,1074010,2250973110597,192
basic_appreq,875914,2250974035019,192
basic_appreq,991407,2250975071441,192
basic_appreq,975087,2250976090695,192
basic_appreq,948205,2250977085701,192
basic_appreq,948700,2250978079267,192
basic_appreq,929357,2250979053248,192
basic_appreq,827434,2250979925166,192
basic_appreq,1008746,2250980978423,192
basic_appreq,984540,2250982010021,192
basic_appreq,983514,2250983038377,192
basic_appreq,1059104,2250984142557,192
basic_appreq,948280,2250985139828,192
basic_appreq,983334,2250986168018,192
basic_appreq,956316,2250987168133,192
basic_appreq,1029436,2250988243693,192
basic_appreq,941825,2250989234712,192
basic_appreq,997750,2250990276989,192
basic_appreq,1004926,2250991326560,192
basic_appreq,991183,2250992364226,192
basic_appreq,978072,2250993391396,192
basic_appreq,1007552,2250994442748,192
basic_appreq,1011355,2250995499630,192
basic_appreq,998471,2250996542515,192
basic_appreq,911429,2250997503555,192
basic_appreq,999800,2250998547773,192
basic_appreq,1038397,2250999630347,192
basic_appreq,957482,2251000632153,192
basic_appreq,880827,2251001561018,192
basic_appreq,892167,2251002497252,192
basic_appreq,1034284,2251003575894,192
basic_appreq,873993,2251004495267,192
basic_appreq,937875,2251005479884,192
basic_appreq,866793,2251006392109,192
basic_appreq,716389,2251007160106,192
basic_appreq,865910,2251008070211,192
basic_appreq,926035,2251009035982,192
basic_appreq,725301,2251009805038,192
basic_appreq,902021,2251010752112,192
basic_appreq,678089,2251011473974,192
basic_appreq,868690,2251012386774,192
basic_appreq,964933,2251013399473,192
basic_appreq,1022560,2251014467332,192
basic_appreq,993047,2251015505318,192
basic_appreq,1022077,2251016572148,192
basic_appreq,943305,2251017565613,192
basic_appreq,1003393,2251018613466,192
basic_appreq,1033045,2251019691185,192
basic_appreq,969300,2251020716932,192
basic_appreq,970320,2251021734462,192
basic_appreq,1003306,2251022784311,192
basic_appreq,935826,2251023765262,192
basic_appreq,948507,2251024757184,192
basic_appreq,999787,2251025804784,192
basic_appreq,886911,2251026737569,192
basic_appreq,821711,2251027603921,192
basic_appreq,835994,2251028484092,192
basic_appreq,991584,2251029523445,192
basic_appreq,997822,2251030566149,192
basic_appreq,882481,2251031493281,192
basic_appreq,1013594,2251032551112,192
basic_appreq,786522,2251033384267,192
basic_appreq,816574,2251034245535,192
basic_appreq,906696,2251035196990,192
basic_appreq,1070354,2251036312457,192
basic_appreq,1066208,2251037431940,192
basic_appreq,1046922,2251038523763,192
basic_appreq,892675,2251039461046,192
basic_appreq,844939,2251040351443,192
basic_appreq,978760,2251041377243,192
basic_appreq,956543,2251042378360,192
basic_appreq,961852,2251043383995,192
basic_appreq,951450,2251044379408,192
basic_appreq,792940,2251045218965,192
basic_appreq,958113,2251046221469,192
basic_appreq,907795,2251047173688,192
basic_appreq,1058647,2251048276992,192
basic_appreq,959724,2251049284772,192
basic_appreq,996132,2251050325441,192
basic_appreq,913980,2251051284099,192
basic_appreq,996563,2251052325968,192
basic_appreq,934753,2251053308805,192
basic_appreq,1034681,2251054387944,192
basic_appreq,1056702,2251055489725,192
basic_appreq,979325,2251056516140,192
basic_appreq,1047630,2251057611846,192
basic_appreq,939424,2251058595751,192
basic_appreq,1077943,2251059718556,192
basic_appreq,1038010,2251060800238,192
basic_appreq,1037491,2251061887420,192
basic_appreq,958959,2251062890947,192
basic_appreq,1007371,2251063942967,192
basic_appreq,1030692,2251065019212,192
basic_appreq,999056,2251066066612,192
basic_appreq,992093,2251067104258,192
basic_appreq,1024620,2251068172594,192
basic_appreq,1064792,2251069285973,192
basic_appreq,991664,2251070321657,192
basic_appreq,989082,2251071355085,192
basic_appreq,1000405,2251072399521,192
basic_appreq,1000389,2251073452126,192
basic_appreq,949068,2251074446350,192
basic_appreq,1036356,2251075526541,192
basic_appreq,1048853,2251076620917,192
basic_appreq,1033121,2251077700794,192
basic_appreq,1016681,2251078761683,192
basic_appreq,1057032,2251079862638,192
basic_appreq,1015575,2251080922922,192
basic_appreq,1021105,2251081991874,192
basic_appreq,1026773,2251083062576,192
basic_appreq,1045352,2251084152611,192
basic_appreq,1023177,2251085227039,192
basic_appreq,975455,2251086256575,192
basic_appreq,980671,2251087282218,192
basic_appreq,1005408,2251088332047,192
basic_appreq,998404,2251089379158,192
basic_appreq,1041943,2251090467861,192
basic_appreq,1023251,2251091536094,192
basic_appreq,1015328,2251092596144,192
basic_appreq,1020952,2251093665118,192
basic_appreq,979392,2251094688920,192
basic_appreq,1023598,2251095757624,192
basic_appreq,911223,2251096713499,192
basic_appreq,970831,2251097731149,192
basic_appreq,956767,2251098732731,192
basic_appreq,1086494,2251099863816,192
basic_appreq,1015396,2251100924961,192
basic_appreq,1008368,2251101987042,192
basic_appreq,957418,2251102989977,192
basic_appreq,912649,2251103946941,192
basic_appreq,1112640,2251105103137,192
basic_appreq,976070,2251106125847,192
basic_appreq,1021019,2251107191664,192
basic_appreq,1018015,2251108254787,192
basic_appreq,1043706,2251109347787,192
basic_appreq,1006774,2251110401164,192
basic_appreq,1310035,2251111755067,192
basic_appreq,1016077,2251112818418,192
basic_appreq,911809,2251113777203,192
basic_appreq,989744,2251114811848,192
basic_appreq,967225,2251115824005,192
basic_appreq,1016288,2251116883944,192
basic_appreq,1019204,2251117950483,192
basic_appreq,1014399,2251119009076,192
basic_appreq,1037238,2251120090835,192
basic_appreq,1027405,2251121167541,192
basic_appreq,964465,2251122177016,192
basic_appreq,1014078,2251123235258,192
basic_appreq,1035610,2251124315146,192
basic_appreq,990194,2251125354940,192
basic_appreq,1037208,2251126436692,192
basic_appreq,978095,2251127459368,192
basic_appreq,1059267,2251128563321,192
basic_appreq,1069466,2251129683900,192
basic_appreq,980548,2251130722675,192
basic_appreq,1199400,2251131966292,192
basic_appreq,1030706,2251133065068,192
basic_appreq,995684,2251134108709,192
basic_appreq,954194,2251135106625,192
basic_appreq,993309,2251136144424,192
basic_appreq,1043857,2251137234961,192
basic_appreq,1007673,2251138287445,192
basic_appreq,1067461,2251139399819,192
basic_appreq,949208,2251140393157,192
basic_appreq,1020731,2251141460464,192
basic_appreq,970462,2251142474536,192
basic_appreq,980354,2251143499547,192
basic_appreq,964565,2251144508621,192
basic_appreq,988871,2251145546190,192
basic_appreq,955554,2251146549125,192
basic_appreq,1059953,2251147653535,192
basic_appreq,978919,2251148676865,192
basic_appreq,1038384,2251149762798,192
basic_appreq,960375,2251150768383,192
basic_appreq,996613,2251151808798,192
basic_appreq,970202,2251152823469,192
basic_appreq,1216935,2251154087154,192
basic_appreq,1026118,2251155157612,192
basic_appreq,1003639,2251156207734,192
basic_appreq,1033044,2251157291642,192
basic_appreq,992617,2251158328827,192
basic_appreq,988296,2251159363769,192
basic_appreq,1002176,2251160411368,192
basic_appreq,1037195,2251161499262,192
basic_appreq,1004646,2251162548459,192
basic_appreq,1042095,2251163634949,192
basic_appreq,1026385,2251164706316,192
basic_appreq,1002881,2251165757544,192
basic_appreq,1017797,2251166819642,192
basic_appreq,1001020,2251167865124,192
basic_appreq,1016342,2251168925772,192
basic_appreq,1020788,2251169994178,192
basic_appreq,1002494,2251171041033,192
basic_appreq,1047914,2251172133665,192
basic_appreq,945238,2251173127815,192
basic_appreq,1031788,2251174203593,192
basic_appreq,912099,2251175160049,192
basic_appreq,1065990,2251176270277,192
basic_appreq,933652,2251177252796,192
basic_appreq,1025035,2251178321713,192
basic_appreq,1031948,2251179398487,192
basic_appreq,999827,2251180443039,192
basic_appreq,1000282,2251181490933,192
basic_appreq,1005882,2251182541626,192
basic_appreq,959647,2251183545373,192
basic_appreq,1036001,2251184625194,192
basic_appreq,937934,2251185610784,192
basic_appreq,1010316,2251186665812,192
basic_appreq,972969,2251187682269,192
basic_appreq,971278,2251188698422,192
basic_appreq,1027855,2251189775604,192
basic_appreq,1005597,2251190825810,192
basic_appreq,1022157,2251191892529,192
basic_appreq,1023465,2251192961063,192
basic_appreq,1035380,2251194045301,192
basic_appreq,1038007,2251195128680,192
basic_appreq,1063261,2251196237836,192
basic_appreq,994955,2251197280998,192
basic_appreq,1022432,2251198349441,192
basic_appreq,1010847,2251199404245,192
basic_appreq,1035895,2251200484557,192
basic_appreq,984517,2251201518644,192
basic_appreq,977704,2251202541410,192
basic_appreq,996493,2251203582708,192
basic_appreq,1031754,2251204658191,192
basic_appreq,1008736,2251205715905,192
basic_appreq,1034766,2251206794954,192
basic_appreq,987380,2251207829032,192
basic_appreq,956071,2251208829724,192
basic_appreq,997793,2251209875907,192
basic_appreq,999947,2251210920329,192
basic_appreq,980300,2251211944783,192
basic_appreq,1010212,2251212999473,192
basic_appreq,1256709,2251214304559,192
basic_appreq,1041926,2251215391450,192
basic_appreq,1019999,2251216455460,192
basic_appreq,1025049,2251217528334,192
basic_appreq,1043557,2251218616882,192
basic_appreq,934917,2251219596360,192
basic_appreq,1045919,2251220688548,192
basic_appreq,941183,2251221678655,192
basic_appreq,983936,2251222706427,192
basic_appreq,1073800,2251223825275,192
basic_appreq,969938,2251224839374,192
basic_appreq,999957,2251225885536,192
basic_appreq,1023755,2251226953813,192
basic_appreq,1041492,2251228039989,192
basic_appreq,989483,2251229078711,192
basic_appreq,1042962,2251230165478,192
basic_appreq,952125,2251231162419,192
basic_appreq,1056187,2251232262869,192
basic_appreq,1026649,2251233339867,192
basic_appreq,1027912,2251234413947,192
basic_appreq,1039523,2251235498957,192
basic_appreq,1025937,2251236569378,192
basic_appreq,955527,2251237576964,192
basic_appreq,1011916,2251238633589,192
basic_appreq,951811,2251239630243,192
basic_appreq,1046273,2251240720485,192
basic_appreq,972519,2251241742714,192
basic_appreq,1009768,2251242812728,192
basic_appreq,1021847,2251243880382,192
basic_appreq,992838,2251244916842,192
basic_appreq,1020812,2251245987765,192
basic_appreq,979425,2251247012268,192
basic_appreq,1036546,2251248093837,192
basic_appreq,987081,2251249128923,192
basic_appreq,1095656,2251250269701,192
basic_appreq,1013891,2251251327849,192
basic_appreq,1081264,2251252454055,192
basic_appreq,994946,2251253500074,192
basic_appreq,1002083,2251254546204,192
basic_appreq,1024974,2251255615413,192
basic_appreq,1024377,2251256684364,192
basic_appreq,990745,2251257725902,192
basic_appreq,990475,2251258760540,192
basic_appreq,1024623,2251259830250,192
basic_appreq,1013928,2251260887964,192
basic_appreq,1052231,2251261990480,192
basic_appreq,1011536,2251263045855,192
basic_appreq,1084603,2251264174318,192
basic_appreq,1005515,2251265228570,192
basic_appreq,959774,2251266232269,192
basic_appreq,1044917,2251267321252,192
basic_appreq,930237,2251268296494,192
basic_appreq,1007699,2251269354846,192
basic_appreq,997031,2251270396786,192
basic_appreq,1000358,2251271442150,192
basic_appreq,985860,2251272472581,192
basic_appreq,1212739,2251273733306,192
basic_appreq,846296,2251274625333,192
basic_appreq,985229,2251275653853,192
basic_appreq,922869,2251276620527,192
basic_appreq,895636,2251277563270,192
basic_appreq,977356,2251278584716,192
basic_appreq,1050169,2251279679099,192
basic_appreq,1010239,2251280733100,192
basic_appreq,1000887,2251281780994,192
basic_appreq,1056731,2251282882147,192
basic_appreq,1029823,2251283955910,192
basic_appreq,992828,2251284992964,192
basic_appreq,1003660,2251286045823,192
basic_appreq,1047439,2251287138157,192
basic_appreq,1037351,2251288221340,192
basic_appreq,1063923,2251289333309,192
basic_appreq,1065226,2251290442975,192
basic_appreq,975458,2251291462550,192
basic_appreq,1034615,2251292541559,192
basic_appreq,1010944,2251293602391,192
basic_appreq,947962,2251294594653,192
basic_appreq,1121535,2251295760228,192
basic_appreq,1067124,2251296872627,192
basic_appreq,918368,2251297840464,192
basic_appreq,992436,2251298877431,192
basic_appreq,1006273,2251299927223,192
basic_appreq,1020594,2251300991740,192
basic_appreq,972987,2251302012281,192
basic_appreq,1024142,2251303080183,192
basic_appreq,1027103,2251304151668,192
basic_appreq,954862,2251305158047,192
basic_appreq,1268090,2251306470768,192
basic_appreq,1014596,2251307530029,192
basic_appreq,1016612,2251308591686,192
basic_appreq,1002139,2251309640936,192
basic_appreq,948611,2251310633824,192
basic_appreq,1028263,2251311705408,192
basic_appreq,1055187,2251312805755,192
basic_appreq,979405,2251313832885,192
basic_appreq,1023489,2251314900480,192
basic_appreq,1032406,2251315977283,192
basic_appreq,1047520,2251317096522,192
basic_appreq,1000386,2251318144189,192
basic_appreq,1006764,2251319196046,192
basic_appreq,1028112,2251320268271,192
basic_appreq,1025830,2251321344761,192
basic_appreq,1066258,2251322455624,192
basic_appreq,974556,2251323474390,192
basic_appreq,966289,2251324486023,192
basic_appreq,1081201,2251325614064,192
basic_appreq,995714,2251326654823,192
basic_appreq,1035684,2251327734163,192
basic_appreq,1026827,2251328805477,192
basic_appreq,1002510,2251329863020,192
basic_appreq,1003032,2251330910673,192
basic_appreq,1000750,2251331955129,192
basic_appreq,947313,2251332973100,192
basic_appreq,1059024,2251334080394,192
basic_appreq,1012785,2251335139365,192
basic_appreq,974469,2251336159274,192
basic_appreq,988203,2251337196886,192
basic_appreq,1017169,2251338259138,192
basic_appreq,1017497,2251339324313,192
basic_appreq,1019218,2251340387865,192
basic_appreq,1028533,2251341464826,192
basic_appreq,1032295,2251342541619,192
basic_appreq,972133,2251343557689,192
basic_appreq,1028146,2251344630112,192
basic_appreq,875864,2251345555001,192
basic_appreq,937450,2251346536659,192
basic_appreq,1073489,2251347654454,192
basic_appreq,997261,2251348695782,192
basic_appreq,980133,2251349723945,192
basic_appreq,1008224,2251350776553,192
basic_appreq,988049,2251351810096,192
basic_appreq,958223,2251352812148,192
basic_appreq,1017610,2251353877053,192
basic_appreq,984290,2251354924870,192
basic_appreq,1068283,2251356037093,192
basic_appreq,971990,2251357057798,192
basic_appreq,1014071,2251358117232,192
basic_appreq,972181,2251359134876,192
basic_appreq,1051881,2251360231156,192
basic_appreq,988444,2251361268622,192
basic_appreq,1033946,2251362347196,192
basic_appreq,998529,2251363391023,192
basic_appreq,1048478,2251364483959,192
basic_appreq,886113,2251365417724,192
basic_appreq,920932,2251366383679,192
basic_appreq,1019291,2251367446983,192
basic_appreq,989686,2251368481514,192
basic_appreq,1020565,2251369548705,192
basic_appreq,1040115,2251370632646,192
basic_appreq,993562,2251371671598,192
basic_appreq,1036369,2251372752341,192
basic_appreq,989683,2251373793068,192
basic_appreq,1019531,2251374857325,192
basic_appreq,1003319,2251375904820,192
basic_appreq,1008158,2251376957917,192
basic_appreq,1039323,2251378044838,192
basic_appreq,1037893,2251379126834,192
basic_appreq,1051015,2251380222487,192
basic_appreq,1021981,2251381291488,192
basic_appreq,1025469,2251382362377,192
basic_appreq,990311,2251383397028,192
basic_appreq,1005254,2251384446676,192
basic_appreq,1012581,2251385508571,192
basic_appreq,983645,2251386536900,192
basic_appreq,997087,2251387578348,192
basic_appreq,978780,2251388601626,192
basic_appreq,1028991,2251389681333,192
basic_appreq,976454,2251390702749,192
basic_appreq,1056651,2251391804176,192
basic_appreq,1004024,2251392852698,192
basic_appreq,1055745,2251393957900,192
basic_appreq,983107,2251394985378,192
basic_appreq,1021838,2251396051984,192
basic_appreq,997411,2251397100576,192
basic_appreq,1001354,2251398147350,192
basic_appreq,959544,2251399152754,192
basic_appreq,1045180,2251400242248,192
basic_appreq,893908,2251401184574,192
basic_appreq,1036282,2251402265557,192
basic_appreq,902412,2251403213482,192
basic_appreq,1071367,2251404329922,192
basic_appreq,986561,2251405364477,192
basic_appreq,1031424,2251406440274,192
basic_appreq,920282,2251407405768,192
basic_appreq,1044990,2251408495473,192
basic_appreq,926607,2251409468480,192
basic_appreq,1010614,2251410523146,192
basic_appreq,981416,2251411549792,192
basic_appreq,1045421,2251412639082,192
basic_appreq,954522,2251413644547,192
basic_appreq,988804,2251414677986,192
basic_appreq,939905,2251415661577,192
basic_appreq,1025129,2251416730983,192
basic_appreq,1003372,2251417782288,192
basic_appreq,1006367,2251418833025,192
basic_appreq,972567,2251419850703,192
basic_appreq,1025647,2251420920883,192
basic_appreq,988280,2251421958205,192
basic_appreq,985646,2251422988533,192
basic_appreq,1028660,2251424061560,192
basic_appreq,1024112,2251425136376,192
basic_appreq,977065,2251426157565,192
basic_appreq,950051,2251427152009,192
basic_appreq,1048642,2251428245122,192
basic_appreq,998057,2251429291061,192
basic_appreq,1037982,2251430373418,192
basic_appreq,976391,2251431394324,192
basic_appreq,1002718,2251432441451,192
basic_appreq,1012060,2251433503954,192
basic_appreq,1023651,2251434572408,192
basic_appreq,970991,2251435589677,192
basic_appreq,1002941,2251436636729,192
basic_appreq,1000286,2251437686092,192
basic_appreq,995660,2251438726047,192
basic_appreq,1007830,2251439781212,192
basic_appreq,1006684,2251440833500,192
basic_appreq,1010470,2251441897008,192
basic_appreq,1021079,2251442962988,192
basic_appreq,1057793,2251444065083,192
basic_appreq,989268,2251445104830,192
basic_appreq,1020838,2251446170163,192
basic_appreq,982071,2251447196033,192
basic_appreq,998149,2251448238905,192
basic_appreq,1008745,2251449295643,192
basic_appreq,1036212,2251450376142,192
basic_appreq,1011035,2251451431708,192
basic_appreq,988380,2251452464575,192
basic_appreq,975288,2251453486776,192
basic_appreq,929868,2251454461159,192
basic_appreq,1035396,2251455541775,192
basic_appreq,986582,2251456572551,192
basic_appreq,957769,2251457578396,192
basic_appreq,884041,2251458506527,192
basic_appreq,1038791,2251459589516,192
basic_appreq,995350,2251460628651,192
basic_appreq,1031618,2251461707737,192
basic_appreq,966841,2251462719113,192
basic_appreq,1073829,2251463837824,192
basic_appreq,952840,2251464836636,192
basic_appreq,1013116,2251465914746,192
basic_appreq,1006797,2251466966576,192
basic_appreq,1032546,2251468044555,192
basic_appreq,976134,2251469071355,192
basic_appreq,990280,2251470106568,192
basic_appreq,1002888,2251471153910,192
basic_appreq,1009243,2251472208824,192
basic_appreq,1031444,2251473287840,192
basic_appreq,1006925,2251474338754,192
basic_appreq,977504,2251475360952,192
basic_appreq,1062255,2251476466636,192
basic_appreq,886898,2251477402030,192
basic_appreq,933688,2251478380165,192
basic_appreq,1001825,2251479426034,192
basic_appreq,920281,2251480390951,192
basic_appreq,1041545,2251481480659,192
basic_appreq,958978,2251482484459,192
basic_appreq,898245,2251483426852,192
basic_appreq,926070,2251484396893,192
basic_appreq,885177,2251485328235,192
basic_appreq,1056187,2251486434988,192
basic_appreq,897500,2251487377006,192
basic_appreq,907420,2251488328526,192
basic_appreq,912045,2251489286610,192
basic_appreq,982382,2251490312948,192
basic_appreq,910551,2251491269457,192
basic_appreq,912570,2251492226588,192
basic_appreq,969815,2251493243650,192
basic_appreq,909645,2251494197574,192
basic_appreq,909429,2251495151557,192
basic_appreq,802173,2251495997923,192
basic_appreq,939171,2251497006241,192
basic_appreq,1019708,2251498069749,192
basic_appreq,985619,2251499100625,192
basic_appreq,973103,2251500118335,192
basic_appreq,982392,2251501149796,192
basic_appreq,949008,2251502142964,192
basic_appreq,1007205,2251503194921,192
basic_appreq,972127,2251504213908,192
basic_appreq,1021316,2251505283328,192
basic_appreq,1046504,2251506374165,192
basic_appreq,1052886,2251507471465,192
basic_appreq,1001919,2251508520140,192
basic_appreq,1067626,2251509636547,192
basic_appreq,919165,2251510599883,192
basic_appreq,1272526,2251511916943,192
basic_appreq,975421,2251512937114,192
basic_appreq,1029279,2251514014118,192
basic_appreq,897102,2251514955520,192
basic_appreq,1047509,2251516047621,192
basic_appreq,974128,2251517069615,192
basic_appreq,996018,2251518109279,192
basic_appreq,1023829,2251519178073,192
basic_appreq,1032189,2251520254713,192
basic_appreq,982712,2251521288075,192
basic_appreq,1042688,2251522374993,192
basic_appreq,1019081,2251523437996,192
basic_appreq,1003710,2251524487621,192
basic_appreq,1027677,2251525562957,192
basic_appreq,1040045,2251526647546,192
basic_appreq,1025907,2251527717661,192
basic_appreq,1005417,2251528767589,192
basic_appreq,1030004,2251529849148,192
basic_appreq,988326,2251530883943,192
basic_appreq,1032025,2251531960660,192
basic_appreq,981527,2251533014531,192
basic_appreq,1061139,2251534123332,192
basic_appreq,1002063,2251535169509,192
basic_appreq,1053882,2251536267389,192
basic_appreq,1005253,2251537322036,192
basic_appreq,1027016,2251538393169,192
basic_appreq,973042,2251539410930,192
basic_appreq,1067474,2251540522872,192
basic_appreq,995908,2251541567975,192
basic_appreq,1018510,2251542630712,192
basic_appreq,975285,2251543651430,192
basic_appreq,1027599,2251544723843,192
basic_appreq,956403,2251545731188,192
basic_appreq,1006283,2251546781438,192
basic_appreq,1031022,2251547857406,192
basic_appreq,1046280,2251548948410,192
basic_appreq,1011249,2251550006017,192
basic_appreq,1030238,2251551081806,192
basic_appreq,1000211,2251552127865,192
basic_appreq,1024109,2251553207990,192
basic_appreq,1003313,2251554256495,192
basic_appreq,1061814,2251555364427,192
basic_appreq,1041889,2251556452181,192
basic_appreq,1029258,2251557530180,192
basic_appreq,1029278,2251558603996,192
basic_appreq,1006000,2251559653734,192
basic_appreq,1070548,2251560768239,192
basic_appreq,964121,2251561780026,192
basic_appreq,1018025,2251562842598,192
basic_appreq,927442,2251563815200,192
basic_appreq,1016919,2251564877047,192
basic_appreq,1018502,2251565943529,192
basic_appreq,1044194,2251567031580,192
basic_appreq,913424,2251567988714,192
basic_appreq,1017337,2251569077139,192
basic_appreq,1003947,2251570128431,192
basic_appreq,1035266,2251571207587,192
basic_appreq,1011549,2251572262942,192
basic_appreq,1006995,2251573319456,192
basic_appreq,953889,2251574317259,192
basic_appreq,996711,2251575359232,192
basic_appreq,967647,2251576388206,192
basic_appreq,1022458,2251577458812,192
basic_appreq,956646,2251578460474,192
basic_appreq,1220752,2251579727113,192
basic_appreq,1037113,2251580808932,192
basic_appreq,1024471,2251581881873,192
basic_appreq,1023287,2251582949260,192
basic_appreq,944604,2251583938646,192
basic_appreq,1045150,2251585028156,192
basic_appreq,979117,2251586057435,192
basic_appreq,1016645,2251587120482,192
basic_appreq,980945,2251588145521,192
basic_appreq,987397,2251589180450,192
basic_appreq,976614,2251590201625,192
basic_appreq,985326,2251591232287,192
basic_appreq,1006568,2251592283900,192
basic_appreq,1047509,2251593379967,192
basic_appreq,982817,2251594407167,192
basic_appreq,1005998,2251595457901,192
basic_appreq,1030127,2251596531834,192
basic_appreq,1009020,2251597589889,192
basic_appreq,948109,2251598582970,192
basic_appreq,959035,2251599586804,192
basic_appreq,1082668,2251600713398,192
basic_appreq,900453,2251601661207,192
basic_appreq,1046785,2251602752275,192
basic_appreq,1029814,2251603827290,192
basic_appreq,1038481,2251604910018,192
basic_appreq,855966,2251605815828,192
basic_appreq,1007526,2251606868147,192
basic_appreq,1011512,2251607923702,192
basic_appreq,964081,2251608932047,192
basic_appreq,1004593,2251609985444,192
basic_appreq,954191,2251610984078,192
basic_appreq,1096588,2251612124556,192
basic_appreq,1001040,2251613179763,192
basic_appreq,966587,2251614191346,192
basic_appreq,963355,2251615199283,192
basic_appreq,1005133,2251616247945,192
basic_appreq,963607,2251617260597,192
basic_appreq,971582,2251618276922,192
basic_appreq,939010,2251619260129,192
basic_appreq,1010546,2251620314789,192
basic_appreq,968241,2251621329479,192
basic_appreq,957588,2251622331742,192
basic_appreq,931609,2251623307662,192
basic_appreq,1044997,2251624407397,192
basic_appreq,862355,2251625316543,192
basic_appreq,894580,2251626256401,192
basic_appreq,1092525,2251627393417,192
basic_appreq,993543,2251628431219,192
basic_appreq,992954,2251629471879,192
basic_appreq,1039441,2251630555830,192
basic_appreq,1025376,2251631625717,192
basic_appreq,1032621,2251632703616,192
basic_appreq,969641,2251633721885,192
basic_appreq,940610,2251634707629,192
basic_appreq,951828,2251635706380,192
basic_appreq,1002497,2251636752887,192
basic_appreq,904129,2251637702854,192
basic_appreq,1064444,2251638811832,192
basic_appreq,1029864,2251639885863,192
basic_appreq,1064778,2251640994566,192
basic_appreq,977640,2251642020624,192
basic_appreq,1023869,2251643088653,192
basic_appreq,973952,2251644106534,192
basic_appreq,1023996,2251645179224,192
basic_appreq,995674,2251646220516,192
basic_appreq,987701,2251647252728,192
basic_appreq,995995,2251648295779,192
basic_appreq,1011516,2251649356789,192
basic_appreq,996516,2251650398337,192
basic_appreq,1020918,2251651462987,192
basic_appreq,1017116,2251652524721,192
basic_appreq,991036,2251653565992,192
basic_appreq,1021346,2251654631438,192
basic_appreq,1068273,2251655744623,192
basic_appreq,1031905,2251656821310,192
basic_appreq,1037204,2251657908030,192
basic_appreq,966072,2251658917869,192
basic_appreq,1071754,2251660036323,192
basic_appreq,981357,2251661065595,192
basic_appreq,1092949,2251662202691,192
basic_appreq,993065,2251663240314,192
basic_appreq,1075884,2251664360412,192
basic_appreq,965427,2251665374674,192
basic_appreq,1019969,2251666439446,192
basic_appreq,958799,2251667441922,192
basic_appreq,1040089,2251668528597,192
basic_appreq,886985,2251669469041,192
basic_appreq,1008749,2251670522829,192
basic_appreq,1035123,2251671602218,192
basic_appreq,948524,2251672594488,192
basic_appreq,1025266,2251673667141,192
basic_appreq,1025630,2251674737479,192
basic_appreq,1002868,2251675786131,192
basic_appreq,959921,2251676790964,192
basic_appreq,987802,2251677825953,192
basic_appreq,994364,2251678864059,192
basic_appreq,1034551,2251679944188,192
basic_appreq,1036269,2251681025165,192
basic_appreq,962901,2251682036360,192
basic_appreq,1028965,2251683110130,192
basic_appreq,1000215,2251684153990,192
basic_appreq,1003519,2251685204975,192
basic_appreq,1001067,2251686250192,192
basic_appreq,973160,2251687267996,192
basic_appreq,1004739,2251688333242,192
basic_appreq,1021743,2251689405575,192
basic_appreq,1008551,2251690459122,192
basic_appreq,1001591,2251691506802,192
basic_appreq,1013741,2251692565271,192
basic_appreq,984177,2251693599372,192
basic_appreq,1037265,2251694681328,192
basic_appreq,1013025,2251695739382,192
basic_appreq,1033859,2251696818976,192
basic_appreq,996907,2251697864858,192
basic_appreq,1034257,2251698943072,192
basic_appreq,1060103,2251700048906,192
basic_appreq,988375,2251701085963,192
basic_appreq,971566,2251702101394,192
basic_appreq,1027739,2251703174382,192
basic_appreq,1045317,2251704263208,192
basic_appreq,1016043,2251705328123,192
basic_appreq,1011195,2251706385172,192
basic_appreq,997131,2251707426931,192
basic_appreq,973767,2251708446205,192
basic_appreq,1026435,2251709520928,192
basic_appreq,954415,2251710520134,192
basic_appreq,1050567,2251711614734,192
basic_appreq,985731,2251712644032,192
basic_appreq,933200,2251713625172,192
basic_appreq,1037886,2251714709790,192
basic_appreq,1045338,2251715799692,192
basic_appreq,1027224,2251716871511,192
basic_appreq,1019137,2251717942059,192
basic_appreq,988600,2251718978926,192
basic_appreq,1035944,2251720060491,192
basic_appreq,931212,2251721039929,192
basic_appreq,985071,2251722069655,192
basic_appreq,991146,2251723105286,192
basic_appreq,1038488,2251724188645,192
basic_appreq,1042925,2251725284204,192
basic_appreq,1023672,2251726352564,192
basic_appreq,1026663,2251727423697,192
basic_appreq,1075209,2251728543535,192
basic_appreq,972869,2251729564577,192
basic_appreq,1007987,2251730616768,192
basic_appreq,1033014,2251731694617,192
basic_appreq,1015790,2251732755589,192
basic_appreq,938917,2251733742723,192
basic_appreq,975812,2251734762589,192
basic_appreq,1001090,2251735807859,192
basic_appreq,1008439,2251736860247,192
basic_appreq,985693,2251737895580,192
basic_appreq,986324,2251738926753,192
basic_appreq,938663,2251739910369,192
basic_appreq,1087496,2251741043070,192
basic_appreq,912824,2251742003563,192
basic_appreq,1023337,2251743071402,192
basic_appreq,1036029,2251744151616,192
basic_appreq,994501,2251745196319,192
basic_appreq,988319,2251746229350,192
basic_appreq,1015054,2251747288796,192
basic_appreq,1005595,2251748338607,192
basic_appreq,1003302,2251749395856,192
basic_appreq,1009380,2251750449177,192
basic_appreq,960909,2251751455019,192
basic_appreq,1002378,2251752502983,192
basic_appreq,882166,2251753433823,192
basic_appreq,978148,2251754457151,192
basic_appreq,1017911,2251755519983,192
basic_appreq,974704,2251756538904,192
basic_appreq,955337,2251757541201,192
basic_appreq,1047713,2251758633275,192
basic_appreq,1021023,2251759700816,192
basic_appreq,1011589,2251760757758,192
basic_appreq,1009203,2251761818911,192
basic_appreq,1028985,2251762892062,192
basic_appreq,900170,2251763837952,192
basic_appreq,942742,2251764825377,192
basic_appreq,1056167,2251765932386,192
basic_appreq,994679,2251766971416,192
basic_appreq,1011393,2251768028084,192
basic_appreq,1047292,2251769127044,192
basic_appreq,999687,2251770170761,192
basic_appreq,998665,2251771213472,192
basic_appreq,1008810,2251772268944,192
basic_appreq,1023531,2251773344094,192
basic_appreq,1039880,2251774428035,192
basic_appreq,877187,2251775349088,192
basic_appreq,964903,2251776358669,192
basic_appreq,1039614,2251777445594,192
basic_appreq,1039383,2251778529137,192
basic_appreq,994060,2251779567231,192
basic_appreq,1014429,2251780626505,192
basic_appreq,993465,2251781668087,192
basic_appreq,1026201,2251782739090,192
basic_appreq,1055014,2251783838441,192
basic_appreq,961933,2251784845012,192
basic_appreq,1038899,2251785932317,192
basic_appreq,1047343,2251787025724,192
basic_appreq,1032703,2251788102822,192
basic_appreq,1028391,2251789178860,192
basic_appreq,1048920,2251790271943,192
basic_appreq,1054750,2251791370640,192
basic_appreq,1001451,2251792416234,192
basic_appreq,1008863,2251793474302,192
basic_appreq,1052054,2251794570011,192
basic_appreq,956830,2251795570801,192
basic_appreq,1032941,2251796647675,192
basic_appreq,1021029,2251797715908,192
basic_appreq,989252,2251798749491,192
basic_appreq,991600,2251799800458,192
basic_appreq,994537,2251800839029,192
basic_appreq,878701,2251801767060,192
basic_appreq,913606,2251802724605,192
basic_appreq,976952,2251803745253,192
basic_appreq,976485,2251804765848,192
basic_appreq,926240,2251805739227,192
basic_appreq,945961,2251806729131,192
basic_appreq,931889,2251807706090,192
basic_appreq,1057971,2251808808118,192
basic_appreq,981888,2251809841737,192
basic_appreq,988480,2251810874534,192
basic_appreq,981988,2251811901076,192
basic_appreq,1078330,2251813025368,192
basic_appreq,1001982,2251814076352,192
basic_appreq,1004869,2251815125552,192
basic_appreq,1039233,2251816210656,192
basic_appreq,982810,2251817242888,192
basic_appreq,880465,2251818167517,192
basic_appreq,1010012,2251819221680,192
basic_appreq,983123,2251820250594,192
basic_appreq,958531,2251821256029,192
basic_appreq,1039837,2251822340517,192
basic_appreq,999870,2251823385012,192
basic_appreq,1017710,2251824447475,192
basic_appreq,982312,2251825479273,192
basic_appreq,1052178,2251826575895,192
basic_appreq,1037866,2251827658462,192
basic_appreq,1035774,2251828740181,192
basic_appreq,970399,2251829759663,192
basic_appreq,994190,2251830797489,192
basic_appreq,1029305,2251831871158,192
basic_appreq,994464,2251832912453,192
basic_appreq,1021837,2251834042640,192
basic_appreq,662306,2251834731945,192
basic_appreq,710359,2251835485783,192
basic_appreq,657291,2251836166136,192
basic_appreq,990194,2251837202839,192
basic_appreq,1032787,2251838280398,192
basic_appreq,1008355,2251839333708,192
basic_appreq,947388,2251840325494,192
basic_appreq,1137838,2251841491128,192
basic_appreq,1045369,2251842581710,192
basic_appreq,978620,2251843586998,192
basic_appreq,1052705,2251844685773,192
basic_appreq,785511,2251845505433,192
basic_appreq,798988,2251846335999,192
basic_appreq,884976,2251847265482,192
basic_appreq,859234,2251848168728,192
basic_appreq,904985,2251849108458,192
basic_appreq,746238,2251849899531,192
basic_appreq,929790,2251850861221,192
basic_appreq,1016347,2251851909977,192
basic_appreq,1070301,2251853012959,192
basic_appreq,952084,2251854015012,192
basic_appreq,951975,2251854999048,192
basic_appreq,937399,2251855980939,192
basic_appreq,1027531,2251857066878,192
basic_appreq,1036599,2251858146882,192
basic_appreq,1016176,2251859203290,192
basic_appreq,967842,2251860213152,192
basic_appreq,1040318,2251861300928,192
basic_appreq,1033345,2251862379195,192
basic_appreq,993708,2251863414042,192
basic_appreq,1079697,2251864534517,192
basic_appreq,996459,2251865578087,192
basic_appreq,1016191,2251866639195,192
basic_appreq,903872,2251867587598,192
basic_appreq,1076366,2251868708886,192
basic_appreq,1013944,2251869770794,192
basic_appreq,1037994,2251870853084,192
basic_appreq,999924,2251871897780,192
basic_appreq,984127,2251872926314,192
basic_appreq,938753,2251873912722,192
basic_appreq,964515,2251874922958,192
basic_appreq,991688,2251875959117,192
basic_appreq,1042728,2251877066347,192
basic_appreq,977747,2251878090938,192
basic_appreq,1092094,2251879227132,192
basic_appreq,934736,2251880206223,192
basic_appreq,1094904,2251881350820,192
basic_appreq,973667,2251882370048,192
basic_appreq,1036362,2251883451131,192
basic_appreq,1035577,2251884531350,192
basic_appreq,1050015,2251885631092,192
basic_appreq,948641,2251886624631,192
basic_appreq,1061751,2251887731063,192
basic_appreq,984383,2251888759403,192
basic_appreq,1051065,2251889857952,192
basic_appreq,929116,2251890833538,192
basic_appreq,1040181,2251891919236,192
basic_appreq,1092776,2251893059433,192
basic_appreq,964562,2251894074314,192
basic_appreq,1003316,2251895123160,192
basic_appreq,963163,2251896130045,192
basic_appreq,1021073,2251897201983,192
basic_appreq,979265,2251898226363,192
basic_appreq,992436,2251899263745,192
basic_appreq,1042817,2251900350813,192
basic_appreq,968472,2251901366709,192
basic_appreq,994922,2251902407994,192
basic_appreq,948787,2251903400133,192
basic_appreq,972081,2251904418685,192
basic_appreq,1025179,2251905493270,192
basic_appreq,999250,2251906538290,192
basic_appreq,1034966,2251907618338,192
basic_appreq,959379,2251908638845,192
basic_appreq,971091,2251909659072,192
basic_appreq,1051470,2251910755359,192
basic_appreq,1023778,2251911823830,192
basic_appreq,1002705,2251912870905,192
basic_appreq,976505,2251913895241,192
basic_appreq,891098,2251914830800,192
basic_appreq,1003479,2251915878299,192
basic_appreq,1028921,2251916952403,192
basic_appreq,961960,2251917960180,192
basic_appreq,856354,2251918862038,192
basic_appreq,1056939,2251919964306,192
basic_appreq,900627,2251920931775,192
basic_appreq,998621,2251921978900,192
basic_appreq,1089805,2251923115261,192
basic_appreq,967005,2251924128130,192
basic_appreq,1037930,2251925214387,192
basic_appreq,1026857,2251926286830,192
basic_appreq,1038187,2251927369427,192
basic_appreq,974871,2251928389229,192
basic_appreq,973387,2251929410091,192
basic_appreq,961284,2251930415275,192
basic_appreq,977901,2251931437182,192
basic_appreq,991370,2251932473584,192
basic_appreq,942312,2251933466251,192
basic_appreq,955486,2251934466791,192
basic_appreq,1054760,2251935566710,192
basic_appreq,1083486,2251936693915,192
basic_appreq,961225,2251937702627,192
basic_appreq,900240,2251938647729,192
basic_appreq,986946,2251939678923,192
basic_appreq,1004472,2251940727699,192
basic_appreq,865573,2251941641160,192
basic_appreq,1002678,2251942687918,192
basic_appreq,1034215,2251943766620,192
basic_appreq,1022224,2251944833860,192
basic_appreq,1034487,2251945918954,192
basic_appreq,995397,2251946958106,192
basic_appreq,976922,2251947982226,192
basic_appreq,983698,2251949037829,192
basic_appreq,1010757,2251950096819,192
basic_appreq,962226,2251951103449,192
basic_appreq,1042544,2251952190524,192
basic_appreq,817276,2251953055837,192
basic_appreq,1003113,2251954103413,192
basic_appreq,1002985,2251955150628,192
basic_appreq,1086212,2251956281222,192
basic_appreq,999109,2251957329166,192
basic_appreq,1037081,2251958410303,192
basic_appreq,1039449,2251959495103,192
basic_appreq,1086693,2251960626742,192
basic_appreq,1049034,2251961723831,192
basic_appreq,1054563,2251962822243,192
basic_appreq,994441,2251963865490,192
basic_appreq,1007941,2251964918893,192
basic_appreq,986217,2251965956642,192
basic_appreq,1009945,2251967010982,192
basic_appreq,1028861,2251968084567,192
basic_appreq,989172,2251969135846,192
basic_appreq,1001889,2251970181508,192
basic_appreq,1038003,2251971263480,192
basic_appreq,964311,2251972271605,192
basic_appreq,1002988,2251973323852,192
basic_appreq,919737,2251974289427,192
basic_appreq,969430,2251975303285,192
basic_appreq,934325,2251976282072,192
basic_appreq,1040816,2251977371582,192
basic_appreq,894473,2251978310339,192
basic_appreq,1069081,2251979424389,192
basic_appreq,941984,2251980411877,192
basic_appreq,964562,2251981423723,192
basic_appreq,1078380,2251982546959,192
basic_appreq,999827,2251983592580,192
basic_appreq,1021186,2251984659944,192
basic_appreq,1029165,2251985737193,192
basic_appreq,1002879,2251986784711,192
basic_appreq,954331,2251987784042,192
basic_appreq,988009,2251988817216,192
basic_appreq,1081182,2251989947368,192
basic_appreq,988667,2251990980534,192
basic_appreq,1067532,2251992091744,192
basic_appreq,1007061,2251993146458,192
basic_appreq,1016678,2251994207456,192
basic_appreq,974637,2251995226366,192
basic_appreq,1046982,2251996316969,192
basic_appreq,1008308,2251997373588,192
basic_appreq,1029947,2251998448684,192
basic_appreq,981346,2251999474792,192
basic_appreq,1076647,2252000595865,192
basic_appreq,940585,2252001585318,192
basic_appreq,998043,2252002627514,192
basic_appreq,1038366,2252003709754,192
basic_appreq,988741,2252004744359,192
basic_appreq,1052595,2252005844900,192
basic_appreq,1025600,2252006915285,192
basic_appreq,920633,2252007881247,192
basic_appreq,1074783,2252009001529,192
basic_appreq,1020106,2252010075606,192
basic_appreq,901781,2252011030399,192
basic_appreq,781028,2252011857609,192
basic_appreq,826188,2252012728484,192
basic_appreq,844251,2252013619786,192
basic_appreq,939181,2252014603678,192
basic_appreq,929537,2252015578221,192
basic_appreq,995333,2252016610056,192
basic_appreq,950658,2252017598560,192
basic_appreq,933674,2252018567518,192
basic_appreq,654249,2252019270492,192
basic_appreq,832553,2252020136456,192
basic_appreq,622424,2252020794774,192
basic_appreq,962738,2252021795603,192
basic_appreq,1024550,2252022853622,192
basic_appreq,1027839,2252023916188,192
basic_appreq,881214,2252024831932,192
basic_appreq,1056725,2252025926909,192
basic_appreq,1025162,2252026996525,192
basic_appreq,997548,2252028031174,192
basic_appreq,938141,2252029007300,192
basic_appreq,610283,2252029652103,192
basic_appreq,629055,2252030314621,192
basic_appreq,736481,2252031097334,192
basic_appreq,999563,2252032134682,192
basic_appreq,940026,2252033115340,192
basic_appreq,652475,2252033802291,192
basic_appreq,721154,2252034557577,192
basic_appreq,593850,2252035185185,192
basic_appreq,974019,2252036193363,192
basic_appreq,939997,2252037169229,192
basic_appreq,934763,2252038139341,192
basic_appreq,613350,2252038786245,192
basic_appreq,795864,2252039615246,192
basic_appreq,653466,2252040312746,192
basic_appreq,902442,2252041253801,192
basic_appreq,888779,2252042177514,192
basic_appreq,605939,2252042817612,192
basic_appreq,600479,2252043451214,192
basic_appreq,718307,2252044203272,192
basic_appreq,933905,2252045173659,192
basic_appreq,965524,2252046173312,192
basic_appreq,1033753,2252047241014,192
basic_appreq,1033154,2252048308743,192
basic_appreq,946121,2252049290833,192
basic_appreq,1009144,2252050333905,192
basic_appreq,1020903,2252051388442,192
basic_appreq,863021,2252052285143,192
basic_appreq,1024029,2252053351752,192
basic_appreq,977363,2252054362399,192
basic_appreq,921634,2252055317725,192
basic_appreq,1186599,2252056538076,192
basic_appreq,990856,2252057564685,192
basic_appreq,961231,2252058570096,192
basic_appreq,1015291,2252059621602,192
basic_appreq,1011830,2252060668547,192
basic_appreq,982560,2252061691684,192
basic_appreq,1032971,2252062758480,192
basic_appreq,1066057,2252063859054,192
basic_appreq,1044566,2252064937589,192
basic_appreq,1037927,2252066011903,192
basic_appreq,999386,2252067044981,192
basic_appreq,895090,2252067974144,192
basic_appreq,930474,2252068959660,192
basic_appreq,665605,2252069661300,192
basic_appreq,680979,2252070375210,192
basic_appreq,880463,2252071288585,192
basic_appreq,1037922,2252072361214,192
basic_appreq,1099118,2252073496634,192
basic_appreq,979307,2252074509352,192
basic_appreq,901226,2252075443644,192
basic_appreq,637449,2252076115105,192
basic_appreq,634805,2252076784596,192
basic_appreq,727379,2252077545533,192
basic_appreq,1017153,2252078597036,192
basic_appreq,915828,2252079546294,192
basic_appreq,995377,2252080575800,192
basic_appreq,986773,2252081598529,192
basic_appreq,1010820,2252082645768,192
basic_appreq,1002356,2252083680988,192
basic_appreq,955771,2252084669505,192
basic_appreq,1228109,2252085935078,192
basic_appreq,975976,2252086944843,192
basic_appreq,1057246,2252088036061,192
basic_appreq,1000916,2252089076397,192
basic_appreq,957154,2252090067523,192
basic_appreq,966678,2252091068203,192
basic_appreq,636860,2252091738684,192
basic_appreq,702288,2252092473801,192
basic_appreq,652497,2252093161684,192
basic_appreq,1169096,2252094364937,192
basic_appreq,956215,2252095354950,192
basic_appreq,5113458,2252100501909,192
basic_appreq,1410644,2252101949776,192
basic_appreq,1030131,2252103023802,192
basic_appreq,1080044,2252104148682,192
basic_appreq,1063843,2252105262054,192
basic_appreq,986240,2252106293796,192
basic_appreq,1074746,2252107414022,192
basic_appreq,1055909,2252108514864,192
basic_appreq,1079881,2252109646787,192
basic_appreq,1052692,2252110743629,192
basic_appreq,1402194,2252112189966,192
basic_appreq,1036139,2252113275073,192
basic_appreq,1042745,2252114362482,192
basic_appreq,1026505,2252115436298,192
basic_appreq,1004602,2252116486468,192
basic_appreq,958718,2252117485800,192
basic_appreq,758166,2252118280040,192
basic_appreq,788666,2252119102389,192
basic_appreq,793232,2252119929368,192
basic_appreq,764041,2252120727054,192
basic_appreq,784341,2252121554274,192
basic_appreq,1012181,2252122599695,192
basic_appreq,854917,2252123488353,192
basic_appreq,676345,2252124202570,192
basic_appreq,984303,2252125238495,192
basic_appreq,822894,2252126095060,192
basic_appreq,632312,2252126760853,192
basic_appreq,669406,2252127463735,192
basic_appreq,758825,2252128255423,192
basic_appreq,669465,2252128960701,192
basic_appreq,843723,2252129840195,192
basic_appreq,985446,2252130865286,192
basic_appreq,1027875,2252131926983,192
basic_appreq,1035804,2252132996038,192
basic_appreq,686991,2252133719651,192
basic_appreq,784039,2252134536533,192
basic_appreq,720830,2252135290627,192
basic_appreq,743477,2252136067245,192
basic_appreq,1061930,2252137166135,192
basic_appreq,663661,2252137863114,192
basic_appreq,724077,2252138620144,192
basic_appreq,707391,2252139360270,192
basic_appreq,717060,2252140110511,192
basic_appreq,945646,2252141098770,192
basic_appreq,978293,2252142110326,192
basic_appreq,927847,2252143071597,192
basic_appreq,962868,2252144067685,192
basic_appreq,667704,2252144771072,192
basic_appreq,694299,2252145498104,192
basic_appreq,630184,2252146161260,192
basic_appreq,985580,2252147189951,192
basic_appreq,973363,2252148197286,192
basic_appreq,953185,2252149188988,192
basic_appreq,912476,2252150135523,192
basic_appreq,596670,2252150765483,192
basic_appreq,577741,2252151375721,192
basic_appreq,734185,2252152144269,192
basic_appreq,949446,2252153129145,192
basic_appreq,968271,2252154130682,192
basic_appreq,735238,2252154899605,192
basic_appreq,776515,2252155708491,192
basic_appreq,745864,2252156487685,192
basic_appreq,823588,2252157347748,192
basic_appreq,1034913,2252158416359,192
basic_appreq,936528,2252159386140,192
basic_appreq,1024099,2252160443476,192
basic_appreq,899111,2252161384872,192
basic_appreq,639492,2252162058054,192
basic_appreq,802360,2252162892612,192
basic_appreq,642209,2252163568285,192
basic_appreq,1022388,2252164624863,192
basic_appreq,946877,2252165609541,192
basic_appreq,1016402,2252166659299,192
basic_appreq,1013738,2252167707206,192
basic_appreq,967542,2252168708356,192
basic_appreq,942603,2252169689275,192
basic_appreq,1004302,2252170727792,192
basic_appreq,661129,2252171422479,192
basic_appreq,721384,2252172176318,192
basic_appreq,655498,2252172867182,192
basic_appreq,945462,2252173851354,192
basic_appreq,996473,2252174881429,192
basic_appreq,1018756,2252175933649,192
basic_appreq,1003958,2252176971325,192
basic_appreq,710551,2252177718050,192
basic_appreq,839483,2252178590339,192
basic_appreq,915852,2252179539685,192
basic_appreq,705736,2252180278571,192
basic_appreq,804645,2252181125693,192
basic_appreq,986157,2252182145422,192
basic_appreq,799680,2252182978096,192
basic_appreq,827692,2252183839104,192
basic_appreq,827354,2252184699932,192
basic_appreq,668195,2252185415920,192
basic_appreq,812639,2252186261280,192
basic_appreq,675102,2252186970258,192
basic_appreq,795514,2252187800425,192
basic_appreq,1008719,2252188842762,192
basic_appreq,976253,2252189860339,192
basic_appreq,881040,2252190775174,192
basic_appreq,636997,2252191445442,192
basic_appreq,592262,2252192070175,192
basic_appreq,785720,2252192891100,192
basic_appreq,972505,2252193898025,192
basic_appreq,620169,2252194551341,192
basic_appreq,603753,2252195187492,192
basic_appreq,703745,2252195927000,192
basic_appreq,1056351,2252197017497,192
basic_appreq,969510,2252198023940,192
basic_appreq,1004251,2252199061008,192
basic_appreq,906094,2252200018226,192
basic_appreq,637508,2252200693124,192
basic_appreq,665977,2252201392362,192
basic_appreq,783595,2252202209247,192
basic_appreq,1008849,2252203252108,192
basic_appreq,621362,2252203906861,192
basic_appreq,597602,2252204537233,192
basic_appreq,788095,2252205368927,192
basic_appreq,960176,2252206363251,192
basic_appreq,709682,2252207106438,192
basic_appreq,739067,2252207878131,192
basic_appreq,724719,2252208636518,192
basic_appreq,816421,2252209493613,192
basic_appreq,914187,2252210441722,192
basic_appreq,935745,2252211410869,192
basic_appreq,1003360,2252212448267,192
basic_appreq,951924,2252213442007,192
basic_appreq,1010904,2252214486732,192
basic_appreq,1005233,2252215525668,192
basic_appreq,982786,2252216541855,192
basic_appreq,944618,2252217523608,192
basic_appreq,986866,2252218545369,192
basic_appreq,1018018,2252219610628,192
basic_appreq,986315,2252220631156,192
basic_appreq,973655,2252221648171,192
basic_appreq,1008000,2252222690294,192
basic_appreq,976601,2252223699902,192
basic_appreq,639844,2252224373253,192
basic_appreq,700304,2252225108066,192
basic_appreq,639941,2252225792147,192
basic_appreq,950248,2252226779338,192
basic_appreq,1014724,2252227829246,192
basic_appreq,705332,2252228570953,192
basic_appreq,771806,2252229388219,192
basic_appreq,830568,2252230255429,192
basic_appreq,706742,2252230997106,192
basic_appreq,873963,2252231922771,192
basic_appreq,996095,2252232963079,192
basic_appreq,944493,2252233954934,192
basic_appreq,1020497,2252235020280,192
basic_appreq,1021817,2252236083731,192
basic_appreq,920987,2252237054939,192
basic_appreq,973875,2252238071264,192
basic_appreq,1044048,2252239158272,192
basic_appreq,950311,2252240150828,192
basic_appreq,969732,2252241165632,192
basic_appreq,962588,2252242171487,192
basic_appreq,985082,2252243200215,192
basic_appreq,901132,2252244144378,192
basic_appreq,1075771,2252245266828,192
basic_appreq,889147,2252246220992,192
basic_appreq,998992,2252247263309,192
basic_appreq,832085,2252248131357,192
basic_appreq,683115,2252248861954,192
basic_appreq,815853,2252249711555,192
basic_appreq,667912,2252250422063,192
basic_appreq,916549,2252251379855,192
basic_appreq,1063308,2252252477547,192
basic_appreq,985619,2252253502601,192
basic_appreq,879201,2252254414767,192
basic_appreq,665907,2252255114121,192
basic_appreq,699441,2252255846231,192
basic_appreq,620203,2252256499534,192
basic_appreq,1063632,2252257604960,192
basic_appreq,948143,2252258586440,192
basic_appreq,1025653,2252259645972,192
basic_appreq,1041529,2252260720497,192
basic_appreq,924024,2252261680367,192
basic_appreq,989820,2252262703241,192
basic_appreq,999657,2252263736084,192
basic_appreq,1060354,2252264829805,192
basic_appreq,996499,2252265861730,192
basic_appreq,1020026,2252266915141,192
basic_appreq,666789,2252267615962,192
basic_appreq,691675,2252268341042,192
basic_appreq,673531,2252269061036,192
basic_appreq,979153,2252270077436,192
basic_appreq,940290,2252271052458,192
basic_appreq,939321,2252272026275,192
basic_appreq,688057,2252272752411,192
basic_appreq,799179,2252273585934,192
basic_appreq,648174,2252274267855,192
basic_appreq,880072,2252275188274,192
basic_appreq,937106,2252276158961,192
basic_appreq,642660,2252276839551,192
basic_appreq,711129,2252277584011,192
basic_appreq,625552,2252278243181,192
basic_appreq,901316,2252279179000,192
basic_appreq,1000341,2252280213198,192
basic_appreq,954769,2252281205553,192
basic_appreq,961719,2252282201154,192
basic_appreq,989278,2252283224013,192
basic_appreq,953636,2252284211324,192
basic_appreq,1018012,2252285265794,192
basic_appreq,1016040,2252286316036,192
basic_appreq,961619,2252287313335,192
basic_appreq,989790,2252288337033,192
basic_appreq,1026304,2252289399398,192
basic_appreq,967613,2252290400194,192
basic_appreq,1017550,2252291451560,192
basic_appreq,972171,2252292457318,192
basic_appreq,965281,2252293461383,192
basic_appreq,918808,2252294414274,192
basic_appreq,1005514,2252295453138,192
basic_appreq,978269,2252296467949,192
basic_appreq,1016732,2252297520520,192
basic_appreq,1008278,2252298563118,192
basic_appreq,662212,2252299259402,192
basic_appreq,807833,2252300100496,192
basic_appreq,793254,2252300940246,192
basic_appreq,656962,2252301642674,192
basic_appreq,973935,2252302653151,192
basic_appreq,1015860,2252303703891,192
basic_appreq,947278,2252304685218,192
basic_appreq,1225824,2252305949731,192
basic_appreq,970316,2252306954685,192
basic_appreq,996543,2252307985337,192
basic_appreq,1037689,2252309080976,192
basic_appreq,1014529,2252310132104,192
basic_appreq,679236,2252310845633,192
basic_appreq,813587,2252311692323,192
basic_appreq,698602,2252312424984,192
basic_appreq,889879,2252313358374,192
basic_appreq,981627,2252314374297,192
basic_appreq,671103,2252315078764,192
basic_appreq,750645,2252315862473,192
basic_appreq,846029,2252316742173,192
basic_appreq,953866,2252317731337,192
basic_appreq,712613,2252318477321,192
basic_appreq,866465,2252319402738,192
basic_appreq,968265,2252320407331,192
basic_appreq,931058,2252321378195,192
basic_appreq,1013571,2252322425254,192
basic_appreq,983324,2252323442356,192
basic_appreq,636883,2252324112430,192
basic_appreq,668233,2252324815045,192
basic_appreq,615198,2252325463353,192
basic_appreq,968284,2252326465810,192
basic_appreq,920966,2252327420391,192
basic_appreq,1033844,2252328488457,192
basic_appreq,1015663,2252329540380,192
basic_appreq,972177,2252330545818,192
basic_appreq,915279,2252331494629,192
basic_appreq,1054376,2252332582837,192
basic_appreq,663206,2252333288316,192
basic_appreq,786518,2252334107707,192
basic_appreq,660681,2252334801805,192
basic_appreq,982436,2252335817628,192
basic_appreq,645370,2252336496292,192
basic_appreq,739534,2252337270611,192
basic_appreq,661446,2252337965528,192
basic_appreq,792008,2252338792260,192
basic_appreq,1046921,2252339873207,192
basic_appreq,1002899,2252340910037,192
basic_appreq,1027354,2252341973064,192
basic_appreq,961719,2252342969413,192
basic_appreq,674689,2252343677917,192
basic_appreq,612471,2252344322962,192
basic_appreq,693016,2252345051514,192
basic_appreq,962096,2252346047873,192
basic_appreq,1022770,2252347103877,192
basic_appreq,823438,2252347960959,192
basic_appreq,696882,2252348690874,192
basic_appreq,763466,2252349500405,192
basic_appreq,688441,2252350232992,192
basic_appreq,888842,2252351161825,192
basic_appreq,958026,2252352154622,192
basic_appreq,1017293,2252353209429,192
basic_appreq,644263,2252353888762,192
basic_appreq,726203,2252354648375,192
basic_appreq,681648,2252355363938,192
basic_appreq,877883,2252356278329,192
basic_appreq,1020728,2252357337948,192
basic_appreq,954505,2252358326167,192
basic_appreq,966096,2252359325824,192
basic_appreq,847139,2252360206491,192
basic_appreq,1035146,2252361277847,192
basic_appreq,1027963,2252362339418,192
basic_appreq,1040707,2252363413879,192
basic_appreq,973738,2252364422414,192
basic_appreq,818736,2252365276970,192
basic_appreq,641017,2252365952868,192
basic_appreq,925765,2252366912348,192
basic_appreq,865286,2252367822231,192
basic_appreq,769711,2252368628527,192
basic_appreq,682556,2252369348054,192
basic_appreq,1019418,2252370402938,192
basic_appreq,1022168,2252371459462,192
basic_appreq,984316,2252372478336,192
basic_appreq,958077,2252373473024,192
basic_appreq,986371,2252374493378,192
basic_appreq,967158,2252375494421,192
basic_appreq,1029128,2252376557742,192
basic_appreq,1022111,2252377618584,192
basic_appreq,982660,2252378645296,192
basic_appreq,1022459,2252379704738,192
basic_appreq,707150,2252380446294,192
basic_appreq,733075,2252381216032,192
basic_appreq,769507,2252382029646,192
basic_appreq,731810,2252382805652,192
basic_appreq,976608,2252383826180,192
basic_appreq,1006835,2252384877304,192
basic_appreq,979228,2252385904976,192
basic_appreq,979725,2252386928724,192
basic_appreq,1085023,2252388057531,192
basic_appreq,939909,2252389046492,192
basic_appreq,967396,2252390057928,192
basic_appreq,1025606,2252391129108,192
basic_appreq,989850,2252392162737,192
basic_appreq,979526,2252393187364,192
basic_appreq,994394,2252394224693,192
basic_appreq,946031,2252395213259,192
basic_appreq,611122,2252395859007,192
basic_appreq,606577,2252396498246,192
basic_appreq,803941,2252397337970,192
basic_appreq,1048037,2252398418736,192
basic_appreq,914885,2252399375369,192
basic_appreq,971827,2252400381960,192
basic_appreq,941590,2252401359426,192
basic_appreq,1009190,2252402402408,192
basic_appreq,1057868,2252403493413,192
basic_appreq,993304,2252404519878,192
basic_appreq,998641,2252405555314,192
basic_appreq,980962,2252406569998,192
basic_appreq,1000232,2252407602631,192
basic_appreq,1098302,2252408734160,192
basic_appreq,1000960,2252409770600,192
basic_appreq,955306,2252410759160,192
basic_appreq,1252812,2252412044992,192
basic_appreq,1051522,2252413133000,192
basic_appreq,942041,2252414117767,192
basic_appreq,963747,2252415117632,192
basic_appreq,1019451,2252416171330,192
basic_appreq,1037101,2252417245089,192
basic_appreq,1029736,2252418308758,192
basic_appreq,1002925,2252419346099,192
basic_appreq,981977,2252420375217,192
basic_appreq,981994,2252421394606,192
basic_appreq,921312,2252422349648,192
basic_appreq,1003122,2252423386267,192
basic_appreq,1201635,2252424621521,192
basic_appreq,1030037,2252425687682,192
basic_appreq,914889,2252426635791,192
basic_appreq,998311,2252427667609,192
basic_appreq,1077389,2252428779344,192
basic_appreq,991443,2252429807132,192
basic_appreq,929591,2252430770488,192
basic_appreq,985312,2252431788820,192
basic_appreq,929904,2252432752473,192
basic_appreq,1046346,2252433834239,192
basic_appreq,1320346,2252435188287,192
basic_appreq,997829,2252436219516,192
basic_appreq,1143098,2252437408622,192
basic_appreq,980117,2252438424458,192
basic_appreq,979752,2252439439008,192
basic_appreq,1009561,2252440482217,192
basic_appreq,1002223,2252441520774,192
basic_appreq,995633,2252442550308,192
basic_appreq,999401,2252443584100,192
basic_appreq,969230,2252444588061,192
basic_appreq,978169,2252445602310,192
basic_appreq,604047,2252446240265,192
basic_appreq,906355,2252447179567,192
basic_appreq,642855,2252447856447,192
basic_appreq,879126,2252448777644,192
basic_appreq,852458,2252449666149,192
basic_appreq,1012173,2252450712809,192
basic_appreq,701409,2252451448261,192
basic_appreq,769745,2252452250992,192
basic_appreq,719229,2252453016927,192
basic_appreq,910528,2252453971201,192
basic_appreq,1012228,2252455018640,192
basic_appreq,639613,2252455692479,192
basic_appreq,716004,2252456441985,192
basic_appreq,717252,2252457195273,192
basic_appreq,901233,2252458131624,192
basic_appreq,650971,2252458816166,192
basic_appreq,861506,2252459719299,192
basic_appreq,678451,2252460431144,192
basic_appreq,815074,2252461281954,192
basic_appreq,904762,2252462220678,192
basic_appreq,1031470,2252463286194,192
basic_appreq,658402,2252463977739,192
basic_appreq,709065,2252464741436,192
basic_appreq,693617,2252465470258,192
basic_appreq,966780,2252466470419,192
basic_appreq,977827,2252467481735,192
basic_appreq,818603,2252468333501,192
basic_appreq,732685,2252469113915,192
basic_appreq,754214,2252469901051,192
basic_appreq,807810,2252470741914,192
basic_appreq,763252,2252471549216,192
basic_appreq,790862,2252472386150,192
basic_appreq,951661,2252473385245,192
basic_appreq,1010263,2252474440083,192
basic_appreq,973424,2252475457362,192
basic_appreq,962841,2252476465045,192
basic_appreq,750449,2252477254668,192
basic_appreq,779244,2252478067617,192
basic_appreq,828269,2252478929160,192
basic_appreq,624009,2252479586566,192
basic_appreq,851780,2252480479498,192
basic_appreq,945710,2252481471323,192
basic_appreq,938078,2252482453829,192
basic_appreq,1057377,2252483556168,192
basic_appreq,976244,2252484576101,192
basic_appreq,994311,2252485619844,192
basic_appreq,884963,2252486549773,192
basic_appreq,1039426,2252487639213,192
basic_appreq,996797,2252488680922,192
basic_appreq,1031594,2252489760185,192
basic_appreq,941360,2252490745463,192
basic_appreq,1041695,2252491830985,192
basic_appreq,942419,2252492816932,192
basic_appreq,969190,2252493835007,192
basic_appreq,936791,2252494816453,192
basic_appreq,1021656,2252495882648,192
basic_appreq,975021,2252496901528,192
basic_appreq,1016618,2252497965537,192
basic_appreq,950682,2252498960155,192
basic_appreq,994412,2252499999251,192
basic_appreq,1048635,2252501125976,192
basic_appreq,996539,2252502166354,192
basic_appreq,1042216,2252503253349,192
basic_appreq,1046260,2252504344093,192
basic_appreq,1059308,2252505454114,192
basic_appreq,1007469,2252506506428,192
basic_appreq,1003524,2252507554606,192
basic_appreq,1015776,2252508614542,192
basic_appreq,1029369,2252509692562,192
basic_appreq,925361,2252510662417,192
basic_appreq,1045445,2252511751290,192
basic_appreq,1044185,2252512840119,192
basic_appreq,1023240,2252513912532,192
basic_appreq,966834,2252514924345,192
basic_appreq,1063929,2252516031909,192
basic_appreq,995510,2252517077009,192
basic_appreq,1045111,2252518166413,192
basic_appreq,1020334,2252519230914,192
basic_appreq,1062479,2252520338673,192
basic_appreq,948997,2252521338059,192
basic_appreq,1037234,2252522419213,192
basic_appreq,998859,2252523461867,192
basic_appreq,1007022,2252524528332,192
basic_appreq,967666,2252525543360,192
basic_appreq,1027084,2252526614897,192
basic_appreq,1021607,2252527679970,192
basic_appreq,1024201,2252528749422,192
basic_appreq,1041244,2252529842572,192
basic_appreq,960325,2252530846596,192
basic_appreq,1000141,2252531890701,192
basic_appreq,991270,2252532925663,192
basic_appreq,1006584,2252533980881,192
basic_appreq,948150,2252534972552,192
basic_appreq,1056010,2252536072953,192
basic_appreq,1008996,2252537141029,192
basic_appreq,997391,2252538183075,192
basic_appreq,948824,2252539176320,192
basic_appreq,1051996,2252540272914,192
basic_appreq,956002,2252541278559,192
basic_appreq,1054607,2252542377817,192
basic_appreq,1011802,2252543434789,192
basic_appreq,1045879,2252544524899,192
basic_appreq,1004586,2252545576337,192
basic_appreq,1056014,2252546676717,192
basic_appreq,1021954,2252547743363,192
basic_appreq,1039771,2252548827445,192
basic_appreq,967660,2252549845633,192
basic_appreq,1014292,2252550903758,192
basic_appreq,1012879,2252551961412,192
basic_appreq,1019365,2252553051641,192
basic_appreq,1001976,2252554106151,192
basic_appreq,1094033,2252555244427,192
basic_appreq,968983,2252556257663,192
basic_appreq,999747,2252557305373,192
basic_appreq,1020060,2252558369600,192
basic_appreq,1007272,2252559421299,192
basic_appreq,1020661,2252560486191,192
basic_appreq,988072,2252561523161,192
basic_appreq,1017073,2252562584511,192
basic_appreq,968304,2252563596578,192
basic_appreq,1014984,2252564655966,192
basic_appreq,1011887,2252565718338,192
basic_appreq,1019565,2252566781713,192
basic_appreq,952316,2252567777466,192
basic_appreq,1040559,2252568862350,192
basic_appreq,1016404,2252569926502,192
basic_appreq,989626,2252570960279,192
basic_appreq,1082067,2252572086291,192
basic_appreq,986756,2252573122420,192
basic_appreq,1025836,2252574192106,192
basic_appreq,996614,2252575232913,192
basic_appreq,1006026,2252576283513,192
basic_appreq,1043279,2252577386283,192
basic_appreq,983478,2252578413690,192
basic_appreq,963469,2252579422249,192
basic_appreq,1021299,2252580488250,192
basic_appreq,950254,2252581488067,192
basic_appreq,1008382,2252582540883,192
basic_appreq,919641,2252583507012,192
basic_appreq,1013638,2252584564950,192
basic_appreq,999369,2252585612018,192
basic_appreq,1056888,2252586715320,192
basic_appreq,999777,2252587759224,192
basic_appreq,1044947,2252588848133,192
basic_appreq,1001141,2252589902352,192
basic_appreq,995243,2252590941695,192
basic_appreq,1066284,2252592052417,192
basic_appreq,1008829,2252593113603,192
basic_appreq,1018412,2252594176295,192
basic_appreq,991547,2252595212230,192
basic_appreq,1027013,2252596284593,192
basic_appreq,1008716,2252597342187,192
basic_appreq,965816,2252598352794,192
basic_appreq,1050765,2252599447468,192
basic_appreq,925701,2252600417871,192
basic_appreq,1039359,2252601507248,192
basic_appreq,957866,2252602509248,192
basic_appreq,1004632,2252603559092,192
basic_appreq,987758,2252604591916,192
basic_appreq,1055071,2252605695261,192
basic_appreq,974669,2252606714348,192
basic_appreq,1034611,2252607793026,192
basic_appreq,1006410,2252608844184,192
basic_appreq,1013945,2252609908253,192
basic_appreq,1007395,2252610959966,192
basic_appreq,1032818,2252612037067,192
basic_appreq,963790,2252613050197,192
basic_appreq,1018008,2252614112846,192
basic_appreq,1021223,2252615178192,192
basic_appreq,1027047,2252616249866,192
basic_appreq,991360,2252617293537,192
basic_appreq,1024788,2252618363457,192
basic_appreq,1041584,2252619449750,192
basic_appreq,1029216,2252620523102,192
basic_appreq,1028129,2252621599057,192
basic_appreq,1000131,2252622645217,192
basic_appreq,1023164,2252623712450,192
basic_appreq,1021576,2252624777596,192
basic_appreq,983157,2252625811122,192
basic_appreq,1001365,2252626857535,192
basic_appreq,1026549,2252627929086,192
basic_appreq,1059054,2252629032718,192
basic_appreq,1000138,2252630081520,192
basic_appreq,1047677,2252631173219,192
basic_appreq,991223,2252632208292,192
basic_appreq,1049795,2252633306567,192
basic_appreq,998822,2252634351728,192
basic_appreq,1050346,2252635445639,192
basic_appreq,985112,2252636493958,192
basic_appreq,980877,2252637523206,192
basic_appreq,982326,2252638558733,192
basic_appreq,996997,2252639609340,192
basic_appreq,993613,2252640646715,192
basic_appreq,997706,2252641692156,192
basic_appreq,979616,2252642716619,192
basic_appreq,1037601,2252643798853,192
basic_appreq,990448,2252644833642,192
basic_appreq,990357,2252645877529,192
basic_appreq,964057,2252646885704,192
basic_appreq,1011198,2252647941332,192
basic_appreq,1009531,2252648996751,192
basic_appreq,992316,2252650037965,192
basic_appreq,1048591,2252651131593,192
basic_appreq,1043804,2252652219443,192
basic_appreq,1017292,2252653283516,192
basic_appreq,1030254,2252654357480,192
basic_appreq,977379,2252655379574,192
basic_appreq,1014052,2252656437234,192
basic_appreq,1009350,2252657497047,192
basic_appreq,1062930,2252658604378,192
basic_appreq,980226,2252659629272,192
basic_appreq,1038254,2252660711800,192
basic_appreq,1015355,2252661776698,192
basic_appreq,1019879,2252662841997,192
basic_appreq,1026101,2252663912011,192
basic_appreq,1048949,2252665005415,192
basic_appreq,998427,2252666052366,192
basic_appreq,999583,2252667095454,192
basic_appreq,988192,2252668127263,192
basic_appreq,1057029,2252669233036,192
basic_appreq,990017,2252670267704,192
basic_appreq,1037014,2252671349006,192
basic_appreq,1018924,2252672411999,192
basic_appreq,998320,2252673458058,192
basic_appreq,1001140,2252674503553,192
basic_appreq,1018453,2252675565859,192
basic_appreq,1040806,2252676650835,192
basic_appreq,1011545,2252677709147,192
basic_appreq,1017166,2252678770517,192
basic_appreq,1030103,2252679844971,192
basic_appreq,986619,2252680877424,192
basic_appreq,966768,2252681894891,192
basic_appreq,986261,2252682926599,192
basic_appreq,945175,2252683915871,192
basic_appreq,937340,2252684897307,192
basic_appreq,947427,2252685891845,192
basic_appreq,956288,2252686892110,192
basic_appreq,970003,2252687906402,192
basic_appreq,934704,2252688885841,192
basic_appreq,849343,2252689783204,192
basic_appreq,945646,2252690773111,192
basic_appreq,1076105,2252691893667,192
basic_appreq,940374,2252692878659,192
basic_appreq,1011957,2252693937048,192
basic_appreq,1006169,2252694987598,192
basic_appreq,1020848,2252696052032,192
basic_appreq,960763,2252697061388,192
basic_appreq,1007723,2252698113269,192
basic_appreq,1004589,2252699162549,192
basic_appreq,996846,2252700204378,192
basic_appreq,1019822,2252701275130,192
basic_appreq,1025436,2252702344389,192
basic_appreq,1007038,2252703397548,192
basic_appreq,1026251,2252704467846,192
basic_appreq,1097819,2252705615324,192
basic_appreq,1036085,2252706696384,192
basic_appreq,974603,2252707714413,192
basic_appreq,1051315,2252708808899,192
basic_appreq,1021474,2252709877119,192
basic_appreq,1035063,2252710956445,192
basic_appreq,970964,2252711971549,192
basic_appreq,986087,2252713047203,192
basic_appreq,962120,2252714061268,192
basic_appreq,997839,2252715102914,192
basic_appreq,1022145,2252716170265,192
basic_appreq,986415,2252717205340,192
basic_appreq,944618,2252718196039,192
basic_appreq,1051800,2252719292908,192
basic_appreq,1022131,2252720359711,192
basic_appreq,1049120,2252721459370,192
basic_appreq,1010012,2252722513663,192
basic_appreq,1037626,2252723595609,192
basic_appreq,1003089,2252724642536,192
basic_appreq,1007002,2252725696812,192
basic_appreq,952723,2252726694006,192
basic_appreq,1019712,2252727760525,192
basic_appreq,1022873,2252728828200,192
basic_appreq,961725,2252729841373,192
basic_appreq,988163,2252730873886,192
basic_appreq,1017095,2252731936576,192
basic_appreq,972955,2252732955262,192
basic_appreq,1074193,2252734078976,192
basic_appreq,1005094,2252735128012,192
basic_appreq,1058917,2252736231162,192
basic_appreq,997235,2252737276737,192
basic_appreq,1001364,2252738322870,192
basic_appreq,998652,2252739366550,192
basic_appreq,1008837,2252740419603,192
basic_appreq,969384,2252741438677,192
basic_appreq,1011158,2252742492990,192
basic_appreq,1011546,2252743548809,192
basic_appreq,1041271,2252744635711,192
basic_appreq,1017767,2252745702199,192
basic_appreq,1005504,2252746751657,192
basic_appreq,1000251,2252747813270,192
basic_appreq,981751,2252748838435,192
basic_appreq,1003423,2252749891555,192
basic_appreq,976544,2252750911902,192
basic_appreq,996664,2252751952087,192
basic_appreq,997549,2252752993442,192
basic_appreq,999771,2252754046287,192
basic_appreq,981340,2252755071774,192
basic_appreq,1048074,2252756163964,192
basic_appreq,1024002,2252757234666,192
basic_appreq,1019746,2252758298501,192
basic_appreq,1006684,2252759348998,192
basic_appreq,993980,2252760389708,192
basic_appreq,1028653,2252761466495,192
basic_appreq,1040963,2252762551003,192
basic_appreq,991571,2252763586427,192
basic_appreq,1050062,2252764680081,192
basic_appreq,1001853,2252765730611,192
basic_appreq,965037,2252766740102,192
basic_appreq,986629,2252767771105,192
basic_appreq,1019448,2252768834927,192
basic_appreq,1052621,2252769936344,192
basic_appreq,1010058,2252770990373,192
basic_appreq,1035498,2252772070134,192
basic_appreq,1022873,2252773141684,192
basic_appreq,995286,2252774181960,192
basic_appreq,954999,2252775181092,192
basic_appreq,1037478,2252776263609,192
basic_appreq,1028713,2252777345121,192
basic_appreq,973938,2252778362784,192
basic_appreq,992236,2252779399631,192
basic_appreq,1042016,2252780485063,192
basic_appreq,952259,2252781486667,192
basic_appreq,1033282,2252782563661,192
basic_appreq,1012321,2252783620160,192
basic_appreq,958100,2252784623128,192
basic_appreq,923135,2252785592555,192
basic_appreq,929982,2252786568107,192
basic_appreq,954484,2252787567704,192
basic_appreq,921872,2252788533315,192
basic_appreq,1084884,2252789665707,192
basic_appreq,865747,2252790574986,192
basic_appreq,988887,2252791608040,192
basic_appreq,1029339,2252792683771,192
basic_appreq,1019081,2252793751025,192
basic_appreq,989469,2252794786402,192
basic_appreq,1028066,2252795858306,192
basic_appreq,992146,2252796895173,192
basic_appreq,981824,2252797926140,192
basic_appreq,1019899,2252798990567,192
basic_appreq,958620,2252799994962,192
basic_appreq,960245,2252801030436,192
basic_appreq,1036363,2252802111149,192
basic_appreq,1030288,2252803186061,192
basic_appreq,1012178,2252804242191,192
basic_appreq,1006233,2252805297085,192
basic_appreq,1020461,2252806361923,192
basic_appreq,951774,2252807357915,192
basic_appreq,1024501,2252808426558,192
basic_appreq,1017003,2252809495529,192
basic_appreq,1007326,2252810546587,192
basic_appreq,921772,2252811512419,192
basic_appreq,979839,2252812536058,192
basic_appreq,969287,2252813552128,192
basic_appreq,971329,2252814567402,192
basic_appreq,974583,2252815586069,192
basic_appreq,882451,2252816513257,192
basic_appreq,900267,2252817460184,192
basic_appreq,905854,2252818411180,192
basic_appreq,1055024,2252819510358,192
basic_appreq,890801,2252820444399,192
basic_appreq,1000216,2252821490829,192
basic_appreq,893878,2252822429522,192
basic_appreq,1065263,2252823538981,192
basic_appreq,971252,2252824553675,192
basic_appreq,1003617,2252825606463,192
basic_appreq,919469,2252826569963,192
basic_appreq,1046765,2252827660169,192
basic_appreq,934870,2252828639150,192
basic_appreq,934346,2252829621618,192
basic_appreq,977510,2252830642660,192
basic_appreq,854894,2252831542396,192
basic_appreq,913001,2252832499554,192
basic_appreq,914645,2252833461072,192
basic_appreq,1021763,2252834526234,192
basic_appreq,870164,2252835440370,192
basic_appreq,965003,2252836449129,192
basic_appreq,866201,2252837361866,192
basic_appreq,867204,2252838272816,192
basic_appreq,855955,2252839173647,192
basic_appreq,882988,2252840101054,192
basic_appreq,903531,2252841052270,192
basic_appreq,828918,2252841926664,192
basic_appreq,780982,2252842751321,192
basic_appreq,817700,2252843613155,192
basic_appreq,926323,2252844583381,192
basic_appreq,852735,2252845483213,192
#end,11,511,192
