804099926.6223639,4.328048
804099931.23519,4.491413
804099935.752162,4.441532
804099940.347106,4.52013
804099944.725837,4.297671
804099949.6160929,4.803359
804099954.7690879,5.081878
804099959.555688,4.7156
804099964.1893829,4.563305
804099968.921306,4.657535
804099973.3632181,4.371664
804099977.803151,4.369514
804099982.582966,4.709286
804099987.0091469,4.355231
804099991.5323989,4.4527079999999994
804099995.965451,4.362944
804100000.581244,4.519183000000001
804100005.2456,4.590183000000001
804100009.4218789,4.106116
804100013.7380389,4.246031
804100018.9033461,5.094693
804100023.9729401,4.998774999999999
804100028.567569,4.498905
804100032.847274,4.209296
804100037.182272,4.264545
804100041.863387,4.609744
804100046.303882,4.369604
804100050.7176341,4.343238
804100054.8896179,4.102022000000001
804100058.945833,3.9856409999999998
804100063.409456,4.395555
804100067.88836,4.408038
804100072.7460959,4.78682
804100077.191812,4.37007
804100081.232321,3.969963
804100085.10151,3.798334
804100089.2172929,4.045395
804100094.224617,4.936313999999999
804100098.059417,3.749545
804100102.276798,4.146805
804100106.059515,3.728478
804100109.755822,3.6424
804100113.013075,3.202543
804100116.849132,3.7666269999999997
804100121.286254,4.373422
804100125.23751,3.849211
804100129.0283921,3.716664
804100132.523452,3.424037
804100136.329153,3.7422940000000002
804100139.509381,3.118052
804100143.639278,4.0637870000000005
804100146.7973111,3.0774909999999998
804100150.1980691,3.3149490000000004
804100153.444965,3.186945
804100156.5263599,3.002657
804100159.628939,3.030321
804100171.058357,11.369007
804100174.798375,3.668948
804100178.076553,3.210089
804100181.2826029,3.132805
804100184.516578,3.180581
804100187.63118,3.063548
804100191.066965,3.387893
804100194.876085,3.738915
804100199.097454,4.151351999999999
804100203.204763,4.032077999999999
804100207.55405,4.278517
804100211.864887,4.239707
804100215.937245,4.001201
804100219.840689,3.805225
804100223.348857,3.449252
804100226.3970151,2.996061
804100229.21453,2.7677
804100231.8717519,2.6083130000000003
804100234.4208231,2.502902
804100237.438444,2.967099
804100241.416296,3.906531
804100245.207263,3.719436
804100249.611298,4.332718
804100253.8847181,4.202781
804100258.086933,4.130923
804100262.520105,4.361977
804100267.196078,4.604983
804100271.6650491,4.397359
804100275.969947,4.234159
804100280.2297109,4.1604529999999995
804100284.669524,4.369013
804100289.461748,4.720862
804100293.760663,4.22776
804100298.278292,4.44688
804100303.213904,4.864076
804100307.578041,4.292891
804100311.759943,4.110792
804100316.487286,4.655695
804100320.895876,4.337645
804100325.280315,4.313774
804100329.7854099,4.4342950000000005
804100334.385877,4.529216
804100339.2827439,4.825711
804100344.136265,4.78196
804100348.932483,4.725202
804100353.875527,4.872078999999999
804100359.0614879,5.114925
804100364.036386,4.903879
804100369.349788,5.241134
804100374.2309589,4.809839
804100379.32519,5.007495
804100384.51287,5.116468
804100389.454501,4.870450999999999
804100396.1255139,6.599482
804100401.413331,5.216576
804100405.743394,4.258816
804100410.439468,4.624759
804100415.107523,4.596496999999999
804100419.22275,4.044267
804100422.791339,3.50001
804100426.2251539,3.3627499999999997
804100430.694626,4.3977900000000005
804100435.3211341,4.5552470000000005
804100439.927359,4.534874
804100444.202008,4.203132
804100448.4905579,4.217771
804100453.105935,4.544797
804100458.014479,4.812726
804100463.401457,5.316123
804100468.324201,4.851191
804100473.012487,4.6150210000000005
804100477.956875,4.873050999999999
804100482.8438439,4.816214
804100488.171815,5.235641
804100493.47387,5.231025000000001
804100498.446799,4.901326999999999
804100503.1681831,4.6494860000000005
804100507.780663,4.540918
804100512.733014,4.8813260000000005
804100518.452316,5.648468
804100524.317884,5.794126
804100529.084197,4.695292
804100533.6762891,4.521152
804100538.539132,4.791637
804100543.998364,5.387539
804100548.936211,4.839263
804100553.7109691,4.703271999999999
804100558.3105791,4.528796
804100563.18559,4.803595
804100567.7356449,4.479063999999999
804100572.5602889,4.753247
804100577.494803,4.86374
804100582.565139,4.9993110000000005
804100586.856652,4.220702
804100592.201071,5.27383
804100596.679569,4.407272
804100601.2121329,4.461693
804100605.901296,4.618294000000001
804100610.398252,4.426146
804100615.37462,4.905508
804100620.102669,4.656979000000001
804100624.78859,4.614224
804100629.500507,4.640906
804100634.07782,4.506177
804100639.067202,4.918327
804100643.866958,4.728706
804100648.667977,4.7298540000000004
804100653.3175931,4.578766
804100658.36687,4.978046
804100663.5018419,5.063770000000001
804100668.159758,4.58913
804100672.882274,4.651981999999999
804100677.397141,4.443331
804100682.101505,4.6331430000000005
804100686.949784,4.777088
804100691.5079529,4.486597
804100696.275995,4.696781
804100700.787419,4.440439
804100705.375853,4.517384
804100710.0514649,4.604241
804100714.953359,4.831114
804100719.7777569,4.753062
804100724.6205231,4.772051
804100729.4116391,4.720155999999999
804100733.714333,4.231061
804100738.249122,4.463272
804100743.18489,4.864422
804100747.8538461,4.597300000000001
804100752.646987,4.721965
804100757.555972,4.838075
804100762.017881,4.390443
804100766.8829839,4.793898
804100772.9896929,6.035198
804100777.870909,4.80996
804100782.546381,4.604311
804100787.8115159,5.1938189999999995
804100792.249645,4.366889
804100796.824352,4.502675
804100801.48325,4.588313
804100806.0528151,4.4983640000000005
804100810.822446,4.698345
804100815.676458,4.783073
804100820.562695,4.815232
804100825.595765,4.962364
804100830.004956,4.3388480000000005
804100834.991477,4.891766
804100840.2137771,5.15175
804100845.442807,5.158281
804100850.450833,4.936259
804100854.96089,4.4388
804100860.2503511,5.21835
804100865.1987331,4.877527000000001
804100869.3666681,4.096458
804100873.6413109,4.202942
804100877.892003,4.179551999999999
804100882.260175,4.2789079999999995
804100886.75274,4.421556
804100891.1268749,4.302995
804100897.746884,6.5492040000000005
804100902.19662,4.378164
804100906.671395,4.40414
804100910.5779109,3.836052
804100914.501883,3.853001
804100918.275509,3.703268
804100922.161022,3.814317
804100925.64925,3.405739
804100929.640568,3.9200839999999997
804100934.098724,4.394194
804100938.3986111,4.228992
804100942.9946469,4.525011
804100947.46674,4.400862
804100952.159166,4.62123
804100956.460587,4.2304509999999995
804100960.784941,4.253413999999999
804100965.503723,4.647621999999999
804100969.900115,4.325235999999999
804100974.174949,4.2037189999999995
804100978.936706,4.690512
804100983.2201099,4.212178
804100987.380147,4.088144
804100991.70643,4.254948
804100995.891495,4.114294999999999
804101000.6801801,4.7176350000000005
804101005.272568,4.521819
804101009.504502,4.160877999999999
804101013.652079,4.076482
804101018.9836941,5.2602530000000005
804101023.6336911,4.579187
804101027.742408,4.040077
804101031.641873,3.8290249999999997
804101035.4460801,3.7359590000000003
804101039.4550899,3.938275
804101043.902501,4.3755679999999995
804101048.511885,4.527418
804101053.581869,5.005593
804101058.305413,4.651663
804101063.5460199,5.175932
804101068.7494451,5.1319490000000005
804101074.133357,5.3126500000000005
804101079.304924,5.099505
804101084.354903,4.977926
804101089.414845,4.967607
804101094.714635,5.228389
804101099.611382,4.825114999999999
804101104.592911,4.9090549999999995
804101110.0464389,5.382638
804101115.0807761,4.963116
804101119.909204,4.757127
804101124.890633,4.909973
804101129.906723,4.944598
804101134.9159709,4.937537
804101140.2644,5.277328000000001
804101146.913141,6.577841
804101151.920681,4.936254
804101156.428136,4.435929
804101160.939411,4.440068
804101165.732215,4.72207
804101170.2590959,4.456146
804101174.9137189,4.583523
804101179.720476,4.7358970000000005
804101185.006064,5.214266
804101189.235822,4.158773999999999
804101193.65607,4.3521339999999995
804101197.8827109,4.1327430000000005
804101202.4253781,4.471636999999999
804101206.954314,4.45814
804101211.40414,4.379007
804101216.278866,4.804412
804101221.398622,5.04869
804101226.321985,4.852404
804101231.388718,4.995728
804101236.04051,4.580731999999999
804101241.4332219,5.320012
804101246.818025,5.313728
804101251.918216,5.02915
804101257.067826,5.078736
804101262.237238,5.09799
804101267.735651,5.4271270000000005
804101273.9211531,6.114132000000001
804101278.885808,4.893359
804101284.22932,5.272722
804101289.6442989,5.344479
804101294.560105,4.845422999999999
804101299.4904599,4.859355
804101304.5335981,4.972237
804101309.2984071,4.693514
804101314.55205,5.182698
804101319.676272,5.053021
804101324.5664179,4.818986
804101329.430193,4.792870000000001
804101334.220567,4.719429
804101339.561097,5.270016
804101344.372195,4.739606
804101349.148431,4.705260999999999
804101353.729808,4.510147
804101358.791579,4.990265
804101363.931948,5.069268
804101369.1572651,5.126296
804101374.029189,4.800447999999999
804101379.12531,5.024995
804101383.770608,4.5568859999999995
804101388.192729,4.351451999999999
804101393.781001,5.517813
804101399.7910149,5.9387479999999995
804101403.991361,4.129716
804101408.287825,4.199874
804101412.873507,4.515093
804101417.861752,4.519263
804101422.303895,4.371372999999999
804101426.933976,4.559156
804101431.535716,4.5305290000000005
804101436.371516,4.765421
804101440.63362,4.191605
804101445.1894231,4.484873
804101450.571315,5.310886
804101455.714064,5.072075
804101460.570547,4.785453
804101465.3854741,4.744156
804101470.4878191,5.03118
804101475.108503,4.5491530000000004
804101479.607719,4.428266
804101484.54478,4.866264999999999
804101489.29681,4.68124
804101494.343395,4.97558
804101498.928005,4.513479
804101503.746435,4.747303
804101508.146866,4.3297170000000005
804101513.020238,4.802402
804101517.729569,4.638184
804101522.5731369,4.775589
804101526.941914,4.2978570000000005
804101531.953704,4.940043
804101536.903159,4.851536
804101542.180687,5.206699
804101546.954167,4.702459
804101551.581115,4.5556980000000005
804101556.542914,4.890626999999999
804101561.433882,4.8197980000000005
804101566.173934,4.669172
804101570.577337,4.332853999999999
804101574.865237,4.219931
804101579.222969,4.2624699999999995
804101583.480001,4.185972
804101587.688686,4.137519
804101592.413572,4.653801
804101596.824438,4.339935
804101601.12654,4.231178000000001
804101605.489123,4.291052
804101609.6843159,4.124815000000001
804101614.2199969,4.464806
804101618.4452959,4.154057
804101622.8205731,4.304162
804101627.194518,4.302743
804101631.621636,4.356604
804101635.792137,4.0993949999999995
804101640.254788,4.391776
804101646.138057,5.812554
804101651.582178,5.3711519999999995
804101655.599803,3.9468000000000005
804101660.0392749,4.371213
804101664.774671,4.66398
804101669.3998309,4.55459
804101673.796207,4.324479
804101678.167155,4.2996859999999995
804101682.6780779,4.439512
804101687.225983,4.477034000000001
804101691.769663,4.472499
804101696.272432,4.432025
804101700.9275761,4.584585000000001
804101705.668896,4.669974000000001
804101710.488012,4.748011
804101715.177988,4.619131
804101719.790298,4.541199
804101724.599556,4.7383939999999996
804101729.298743,4.628306
804101733.894168,4.52414
804101738.629654,4.664316
804101743.460453,4.759993
804101748.126352,4.5951439999999995
804101752.8648051,4.666817
804101757.578095,4.642309
804101762.365211,4.715310000000001
804101767.314936,4.87865
804101772.3049799,4.919104
804101776.737476,4.3616660000000005
804101781.5301859,4.721543
804101786.290209,4.689108
804101791.019937,4.658517
804101795.5651151,4.4738620000000004
804101800.220345,4.584319
804101805.126985,4.836005
804101810.250144,5.0520879999999995
804101814.866488,4.545323000000001
804101819.3789699,4.441482
804101824.087308,4.6373880000000005
804101828.449309,4.289122
804101832.7329639,4.212989
804101837.500901,4.697102
804101841.814003,4.242498
804101846.150395,4.265647
804101850.189891,3.968887
804101854.3913989,4.130197000000001
804101858.573968,4.112105
804101862.74053,4.095687
804101866.900677,4.089538
804101871.1654329,4.175542
804101875.869887,4.633669
804101880.1410171,4.199954
804101884.331249,4.1192709999999995
804101888.820892,4.4186440000000005
804101894.442146,5.549828
804101899.451841,4.938565
804101903.860136,4.337464
804101908.395907,4.464174
804101913.483829,5.0172419999999995
804101918.4463141,4.891063
804101923.087911,4.569931
804101927.845685,4.686793
804101932.430786,4.5146370000000005
804101937.065843,4.540011
804101941.940965,4.804136
804101946.838629,4.826943999999999
804101951.434811,4.524896
804101956.064576,4.557811999999999
804101961.201838,5.065535000000001
804101965.8251231,4.551718
804101970.3454881,4.449451
804101975.065914,4.649431
804101979.846095,4.7089289999999995
804101984.33842,4.421584999999999
804101988.737733,4.328434
804101992.996665,4.187506
804101997.14555,4.07759
804102001.3185469,4.101866
804102005.615016,4.225439
804102009.969215,4.283313000000001
804102014.420339,4.3798129999999995
804102019.832601,5.341703
804102025.815858,5.912266
804102030.1480451,4.261082
804102034.630427,4.4114569999999995
804102039.670663,4.969571
804102044.301731,4.560067999999999
804102049.2758081,4.903573
804102053.133781,3.786467
804102057.288471,4.084011
804102061.854458,4.494821000000001
804102066.252077,4.326384
804102070.7194489,4.396171
804102075.013979,4.223328
804102079.565066,4.480307
804102084.130496,4.494385
804102088.973297,4.771966
804102093.676483,4.631900000000001
804102098.067909,4.32064
804102102.754341,4.615437
804102107.438959,4.613307
804102112.349242,4.839698
804102116.999941,4.579959
804102121.877423,4.806291
804102126.900804,4.95195
804102132.1155319,5.143211
804102137.254923,5.068251
804102142.75728,5.4309709999999995
804102148.78483,5.959542
804102153.912134,5.056077
804102158.554674,4.571524
804102162.848762,4.223199
804102168.32771,5.013924
804102173.249841,4.850755
804102177.629253,4.3085320000000005
804102182.0970509,4.3966270000000005
804102186.693128,4.525688
804102191.146176,4.382399
804102196.621726,5.404629
804102201.1562591,4.463463
804102205.638396,4.411397
804102210.057029,4.347532999999999
804102215.2899239,5.161934
804102220.065599,4.7041390000000005
804102224.719751,4.583031
804102229.403196,4.612204
804102233.850402,4.3761090000000005
804102238.522515,4.600482
804102243.325233,4.731242
804102248.098984,4.702855
804102253.0032929,4.832417
804102257.590053,4.5156600000000005
804102262.3800161,4.718933
804102267.675286,5.223497
804102273.7683979,6.022062
804102278.668668,4.829034
804102283.476157,4.736424
804102288.4400051,4.893148
804102293.0561739,4.544396
804102297.854827,4.727137
804102303.035089,5.109111
804102308.031984,4.876194
804102312.66861,4.564348
804102317.1784209,4.438249
804102321.773736,4.5233929999999996
804102326.438979,4.594869
804102330.802514,4.29245
804102335.387981,4.5148280000000005
804102340.171214,4.712287
804102344.806041,4.563616000000001
804102349.190159,4.312932
804102353.830428,4.569465
804102358.31497,4.413310999999999
804102362.855839,4.4693119999999995
804102367.2232391,4.276758
804102371.8453261,4.551518
804102376.363521,4.44724
804102380.608676,4.17444
804102384.634956,3.956126
804102388.1327599,3.427516
804102392.295252,4.091802
804102398.2743491,5.908773
804102402.5155,4.17046
804102407.075628,4.489598
804102410.960619,3.8146120000000003
804102415.5483711,4.516732
804102420.599232,4.980456
804102425.026901,4.356895000000001
804102429.397771,4.289411
804102433.651568,4.190185
804102438.224236,4.5016370000000006
804102442.685689,4.3902969999999994
804102447.177187,4.421095
804102451.5031451,4.255804
804102455.998081,4.424307
804102460.1850849,4.092013000000001
804102464.619185,4.362603
804102469.471909,4.781489
804102474.1509789,4.608550999999999
804102479.248348,5.026319
804102484.144564,4.825556
804102488.826911,4.611338000000001
804102493.916121,5.01828
804102498.856449,4.869849
804102503.70298,4.775836
804102508.7576799,4.9842059999999995
804102513.5485101,4.71985
804102518.817434,5.1979679999999995
804102523.0759491,4.187901
804102527.5755509,4.428717000000001
804102532.563866,4.9176
804102537.42509,4.790264
804102542.267796,4.771996
804102546.992202,4.653611000000001
804102551.919635,4.856553000000001
804102556.7946969,4.8040460000000005
804102562.123775,5.258339
804102567.472419,5.277779
804102572.189337,4.646028
804102576.955425,4.695277
804102581.414242,4.388307999999999
804102585.8855829,4.401028
804102590.741495,4.785272
804102595.9234959,5.111135999999999
804102601.065168,5.070657
804102606.280015,5.144063
804102610.722209,4.374244999999999
804102615.490582,4.697803
804102619.99295,4.431579
804102624.538795,4.447481
804102629.490505,4.88089
804102634.275972,4.714999
804102639.1628959,4.8163800000000005
804102644.460061,5.226379
804102649.923687,5.393012
804102654.6096729,4.615226
804102659.239794,4.559416000000001
804102664.460957,5.150287
804102669.693966,5.1616789999999995
804102674.501315,4.711690999999999
804102679.47015,4.898035
804102684.226795,4.685901
804102689.2113161,4.913631
804102694.001019,4.718572
804102699.2793341,5.207790999999999
804102704.0760691,4.72574
804102709.189245,5.04222
804102714.4880229,5.2281130000000005
804102719.028796,4.4727689999999996
804102723.622973,4.523734
804102728.068193,4.37413
804102733.194455,5.05489
804102737.785219,4.520085
804102742.413877,4.557777
804102747.290271,4.805359999999999
804102751.923644,4.562458
804102756.30035,4.305886
804102760.759243,4.388383
804102765.2651091,4.435112
804102770.964555,5.628741
804102775.755581,4.719608999999999
804102780.258616,4.431849
804102785.248966,4.919199
804102790.939827,5.6199259999999995
804102795.725149,4.714307
804102800.2534131,4.457313
804102805.296265,4.971991999999999
804102810.364731,4.997527
804102814.974545,4.539215
804102819.987242,4.941466
804102824.825643,4.7419910000000005
804102829.5570999,4.661003
804102834.058195,4.430206
804102838.560313,4.431263
804102843.108759,4.477501
804102847.7897279,4.610024
804102852.56353,4.703012
804102857.44452,4.809614
804102862.078986,4.561667
804102866.73393,4.566929
804102871.206815,4.403999
804102875.98033,4.7024040000000005
804102880.521549,4.441491
804102884.72673,4.134492
804102889.038866,4.242082
804102894.375697,5.2662819999999995
804102900.276612,5.829654
804102904.628551,4.281319
804102909.0938281,4.394737999999999
804102913.429914,4.265370999999999
804102917.743999,4.242799000000001
804102922.150334,4.335776
804102926.493031,4.272142
804102930.87123,4.307189
804102935.2346749,4.292375
804102939.605147,4.299665999999999
804102943.887578,4.2121379999999995
804102948.358744,4.399878999999999
804102952.612423,4.18304
804102957.085804,4.402576
804102961.390257,4.23428
804102965.674593,4.213125
804102970.240324,4.4945059999999994
804102974.256295,3.9448010000000004
804102978.371477,4.044296
804102982.4765899,4.034088
804102986.6164899,4.068569
804102990.96073,4.273616
804102994.8282311,3.798635
804102998.4343921,3.534931
804103001.847996,3.3446230000000003
804103004.888335,2.982499
804103007.6420671,2.681985
804103010.445429,2.742851
804103013.268508,2.769288
804103015.906851,2.583977
804103020.170218,4.196446000000001
804103024.6293861,4.380439
804103028.390383,3.699018
804103031.314377,2.87073
804103034.26394,2.8989599999999998
804103038.382195,4.050526
804103041.166437,2.716064
804103044.522637,3.298646
804103047.6955,3.118491
804103050.705895,2.9616909999999996
804103053.7356141,2.978571
804103057.0023249,3.197149
804103060.224573,3.155698
804103063.606077,3.3261749999999997
804103067.531497,3.857723
804103071.371097,3.764926
804103075.757917,4.3189459999999995
804103079.609505,3.781059
804103083.8791519,4.198491000000001
804103088.049983,4.100192
804103092.550768,4.430301
804103096.656934,4.0353259999999995
804103100.8304371,4.102457
804103105.008781,4.106877
804103109.184674,4.104327
804103113.484175,4.228626
804103117.685728,4.130538
804103121.788862,4.031407
804103126.288775,4.429098000000001
804103130.498708,4.134642
804103134.56475,3.9950819999999996
804103138.908895,4.273105
804103143.9264591,4.946573
804103148.452257,4.4546719999999995
804103152.532352,4.007601
804103156.692098,4.088735
804103160.7948611,4.032008
804103165.765074,4.899789
804103170.208465,4.372786
804103174.6615031,4.382093
804103179.409113,4.67666
804103184.1096079,4.628908
804103188.4715539,4.290475
804103193.304002,4.760731
804103198.394916,5.020174
804103203.0758,4.6093530000000005
804103207.511804,4.365044
804103212.1661121,4.583206000000001
804103217.329149,5.091931
804103222.111319,4.7109689999999995
804103226.9554629,4.773459
804103231.57339,4.546892000000001
804103235.914203,4.270248
804103240.668127,4.682889
804103245.506267,4.767381
804103250.063484,4.486266
804103254.5758101,4.4410609999999995
804103258.991061,4.344451
804103263.357844,4.295801999999999
804103269.027766,5.598992
804103274.8144699,5.71631
804103279.218204,4.333455
804103283.792074,4.502574
804103288.425387,4.562654
804103293.2459921,4.749569
804103298.184611,4.867163
804103302.815108,4.559502
804103307.8689301,4.9828269999999995
804103312.620113,4.66188
804103317.303082,4.611803
804103321.942169,4.56715
804103326.808936,4.795391
804103331.633099,4.7534279999999995
804103336.4733189,4.768834
804103341.363992,4.819297000000001
804103345.835484,4.400682000000001
804103350.520032,4.613753
804103355.2345201,4.643111
804103360.092997,4.787843
804103364.980417,4.791938
804103369.956364,4.905096
804103374.521839,4.4942649999999995
804103379.56188,4.968754
804103384.192246,4.5586
804103389.0858761,4.82313
804103394.644729,5.487598
804103399.903749,5.18822
804103404.319491,4.345102
804103408.6738999,4.28375
804103413.3597109,4.614449
804103417.738176,4.306652000000001
804103422.512939,4.704113
804103426.932965,4.348910999999999
804103431.36287,4.3586789999999995
804103435.8517519,4.417847
804103440.472918,4.55018
804103444.684775,4.140790999999999
804103449.016987,4.2614030000000005
804103453.565057,4.477345
804103457.763072,4.127335
804103462.062703,4.228807000000001
804103466.634523,4.500629
804103470.942153,4.23689
804103475.41146,4.398061
804103479.616486,4.13375
804103483.9674369,4.282031000000001
804103488.18197,4.122408999999999
804103492.9397839,4.687153
804103497.445184,4.434746
804103501.747487,4.231057
804103506.046267,4.228326
804103510.373719,4.256501
804103514.860837,4.415872
804103520.410038,5.478155
804103524.6822801,4.201333
804103528.7921901,4.03892
804103533.306336,4.443356
804103537.7059201,4.32902
804103542.5616161,4.785147
804103547.109847,4.47713
804103551.331101,4.150252999999999
804103555.832843,4.430521
804103560.275352,4.371253
804103564.6126959,4.26654
804103568.937406,4.254351
804103573.323408,4.314526
804103577.729267,4.335385
804103582.0192161,4.219224
804103586.433259,4.343008
804103590.929087,4.424793
804103595.148923,4.149357
804103599.384786,4.164902
804103603.845628,4.390252
804103608.098701,4.182288
804103612.3265799,4.156087
804103616.611177,4.213867
804103620.934258,4.252361
804103625.1992329,4.194361
804103629.3617411,4.091697
804103633.580273,4.147257
804103638.237372,4.586113999999999
804103643.236373,4.928216
804103647.610267,4.30324
804103652.03277,4.3514870000000005
804103656.841998,4.737044999999999
804103661.159446,4.246898
804103665.52898,4.298695
804103670.1364931,4.536653
804103674.413307,4.206419
804103678.560022,4.07547
804103682.7182441,4.087252
804103686.72544,3.939021
804103691.008648,4.2120880000000005
804103695.216646,4.137264
804103699.534966,4.2465530000000005
804103703.974188,4.368206000000001
804103708.417008,4.347358
804103713.5549511,5.044055
804103718.753606,5.127389000000001
804103724.146252,5.321777
804103729.197058,4.979534
804103734.052188,4.784385
804103739.157786,5.037909999999999
804103743.672809,4.444368
804103748.793226,5.0494270000000006
804103753.800806,4.936449
804103758.844159,4.972598
804103763.767087,4.852003
804103770.028862,6.1902989999999996
804103776.219973,6.120386
804103780.9361241,4.645111
804103785.773147,4.766228
804103791.1133009,5.268959
804103796.450133,5.2482750000000005
804103801.900669,5.379466
804103807.234308,5.262784000000001
804103812.263243,4.9579189999999995
804103817.364676,5.030303
804103822.517014,5.081562000000001
804103827.806275,5.21795
804103832.732555,4.855045
804103837.912241,5.10822
804103842.4991009,4.516221
804103847.071373,4.501346
804103852.103795,4.961408
804103857.045201,4.866787
804103861.487339,4.3716040000000005
804103865.943094,4.384835
804103870.184595,4.170862
804103874.666581,4.411256
804103878.859104,4.122113000000001
804103883.3274679,4.397509
804103888.056229,4.65755
804103892.741919,4.614534
804103898.6532229,5.840495000000001
804103902.919336,4.195303
804103907.08905,4.098934
804103911.485803,4.325823000000001
804103916.193575,4.6371970000000005
804103921.409299,5.144113
804103926.777825,5.296407
804103932.0815389,5.232444
804103936.828768,4.6755510000000005
804103941.739116,4.839313
804103946.825008,5.014777
804103952.192301,5.296287
804103956.993796,4.730404
804103961.709807,4.6442890000000006
804103966.4692041,4.688141
804103971.771986,5.231692
804103976.811636,4.96886
804103981.946136,5.0638760000000005
804103986.589008,4.572267
804103991.0955709,4.435096000000001
804103996.079897,4.9136359999999994
804104000.733297,4.582074
804104005.7109619,4.906675
804104010.839879,5.057747
804104015.731249,4.820379
804104021.907069,6.105
804104027.966453,5.988333
804104032.859591,4.791246
804104037.366861,4.436294999999999
804104042.022757,4.58448
804104046.831278,4.73713
804104051.634016,4.731713
804104056.318464,4.613136
804104061.007753,4.618263
804104065.974407,4.895840000000001
804104071.019855,4.974247999999999
804104076.2629781,5.171647
804104081.212137,4.877758
804104086.210145,4.926221
804104090.981099,4.699342
804104095.520804,4.471221
804104100.183381,4.568617
804104105.235925,4.981219
804104110.7831521,5.475785
804104115.849468,4.99493
804104120.9052761,4.983905
804104125.754136,4.776963
804104130.672524,4.846862000000001
804104136.165344,5.421283
804104140.876498,4.639929
804104147.223377,6.275372000000001
804104152.413216,5.118799
804104157.11778,4.633098
804104161.7269881,4.538763
804104166.7698549,4.971439999999999
804104171.6922109,4.851381
804104176.48014,4.716637
804104181.7545661,5.203231
804104187.07972,5.254019
804104191.9841399,4.833479
804104197.01114,4.9295279999999995
804104201.901487,4.818579
804104207.217725,5.244256
804104212.393291,5.103979
804104217.236233,4.771279
804104222.1423161,4.834607
804104226.719259,4.505626
804104231.041874,4.249840000000001
804104235.2710559,4.157386
804104240.2150329,4.872174
804104245.081529,4.793817
804104249.487994,4.333921
804104254.3720521,4.812686
804104259.747543,5.3041160000000005
804104264.7976019,4.978537
804104270.9310039,6.061419
804104276.2513931,5.248076
804104281.099717,4.776718
804104285.6961651,4.524405
804104290.843806,5.0791509999999995
804104296.154982,5.23949
804104301.1998941,4.972448
804104306.14146,4.870115
804104310.971717,4.7585049999999995
804104315.962017,4.900531
804104320.9565159,4.896115
804104325.7001369,4.672585
804104330.439562,4.668185
804104335.0344111,4.523252
804104339.264591,4.158808
804104343.819562,4.483429
804104348.526983,4.635934000000001
804104353.027522,4.429088
804104357.674678,4.575448000000001
804104362.533576,4.787497
804104366.7808759,4.175508
804104371.53048,4.678063
804104376.3847929,4.782631
804104380.919778,4.463483
804104385.274758,4.283704999999999
804104390.258126,4.909911999999999
804104396.7236309,6.393653
804104402.55528,5.760307
804104407.6605769,5.03347
804104412.27848,4.548857
804104416.89525,4.545619
804104421.823164,4.856779
804104426.547153,4.651922
804104431.3189191,4.70034
804104436.722606,5.3297099999999995
804104441.711718,4.91728
804104446.7028351,4.9193240000000005
804104451.766395,4.991854
804104457.0517219,5.213269
804104462.321933,5.198119
804104467.289214,4.895404
804104472.467627,5.1104840000000005
804104477.719335,5.179701
804104482.466083,4.674955
804104487.748392,5.187148
804104492.756513,4.936068
804104498.011063,5.183033
804104502.5512301,4.469752
804104507.386609,4.763571000000001
804104512.553936,5.095565
804104518.502246,5.876812999999999
804104523.568212,4.994369
804104528.926638,5.2870360000000005
804104533.899187,4.900976
804104539.609708,5.638780000000001
804104544.7148459,5.033857
804104549.9796749,5.193037
804104555.070699,5.019006
804104559.5558879,4.413806999999999
804104564.5748041,4.946988999999999
804104569.596758,4.950296
804104574.691891,5.023788000000001
804104579.839507,5.076185000000001
804104584.71523,4.803861
804104589.985732,5.1992210000000005
804104595.394752,5.337528
804104600.307546,4.840897
804104605.260834,4.881707
804104610.164823,4.832376999999999
804104614.9805261,4.744047
804104620.20045,5.147982
804104625.5580951,5.286038
804104630.328268,4.69846
804104635.287981,4.888242
804104640.177601,4.817438
804104646.424792,6.175279
804104651.400227,4.9034320000000005
804104656.3857161,4.916833
804104661.208079,4.750947
804104666.31914,5.039605
804104671.704495,5.313717
804104676.44166,4.665424
804104681.719269,5.206037
804104686.980905,5.1900699999999995
804104691.867659,4.815046
804104696.995894,5.056268
804104702.030613,4.963241999999999
804104707.209016,5.107648
804104712.668408,5.351406000000001
804104717.81229,5.07208
804104723.145784,5.2609639999999995
804104727.917966,4.699958
804104732.864303,4.874741
804104738.00163,5.065575
804104743.029071,4.954953
804104748.496477,5.395207
804104753.390743,4.822849
804104758.518808,5.056309
804104763.726524,5.134135
804104769.3834211,5.584728
804104775.549157,6.094245
804104780.710796,5.089861
804104785.4471539,4.665006999999999
804104789.99984,4.4812
804104795.0571309,4.9854330000000004
804104799.969509,4.840154999999999
804104804.7687839,4.699547
804104809.758021,4.917405
804104814.277499,4.447857
804104819.398253,5.0483150000000006
804104824.170314,4.700646
804104829.305832,5.063179
804104834.487903,5.110595
804104839.26882,4.70878
804104843.6738621,4.315258
804104848.388641,4.642811
804104853.562297,5.101604
804104858.668146,5.034007
804104864.090226,5.350418
804104868.900913,4.737436000000001
804104874.336564,5.364281
804104878.988902,4.580741
804104883.722975,4.638876
804104889.316063,5.520961
804104895.261507,5.874212
804104900.998184,5.665171
804104905.4834679,4.414198
804104910.159376,4.604907
804104914.475225,4.244297
804104918.653739,4.107228999999999
804104923.037376,4.312537
804104927.636375,4.527777
804104932.106794,4.398908
804104936.592023,4.414273
804104941.0569091,4.39374
804104946.0640179,4.92603
804104950.813096,4.6723040000000005
804104955.281821,4.397108
804104959.563846,4.209717
804104964.31768,4.682343
804104968.864863,4.475782000000001
804104973.242942,4.306678000000001
804104978.564177,5.249608
804104983.519622,4.883445999999999
804104988.161225,4.569936
804104992.669281,4.436475
804105022.5106101,29.769341
804105028.3253701,5.7425310000000005
804105033.971882,5.57468
804105039.7317339,5.687778
804105044.671947,4.86842
804105050.271956,5.529089
804105055.217401,4.873718
804105059.8239521,4.535275
804105064.760913,4.865228
804105070.015147,5.182677999999999
804105075.301301,5.214286
804105080.13037,4.757612
804105085.0804011,4.878529
804105090.1387041,4.986536
804105094.999843,4.792414
804105100.156344,5.084924999999999
804105105.253498,5.025491
804105110.208209,4.882969
804105114.951268,4.672244
804105119.997558,4.974773
804105124.954295,4.858488
804105129.763262,4.737286
804105134.5108571,4.676499
804105139.32013,4.737491
804105145.767207,6.3750789999999995
804105150.910282,5.0714690000000004
804105156.2345641,5.253217
804105161.026091,4.720542
804105166.217836,5.120459
804105170.914727,4.625415
804105176.142485,5.159549
804105181.422394,5.208543000000001
804105186.315207,4.82098
804105191.291624,4.90485
804105196.409445,5.046556
804105201.494867,5.013589
804105206.648993,5.08304
804105211.565561,4.845302
804105216.339211,4.702113
804105221.07796,4.667773
804105226.093278,4.943866
804105230.9985089,4.834225999999999
804105236.222463,5.152959
804105241.150813,4.856724
804105246.091868,4.87005
804105250.79094,4.627239
804105255.694748,4.832417
804105260.5523989,4.7865
804105265.809329,5.1855340000000005
804105271.214254,5.333028
804105275.716593,4.430922000000001
804105280.530041,4.742412
804105285.639057,5.038025
804105290.713973,5.0039109999999996
804105295.709605,4.900024
804105300.836037,5.055552
804105306.029339,5.122252
804105311.349743,5.248937000000001
804105316.344162,4.923093
804105321.201597,4.785743999999999
804105326.3607249,5.087911
804105331.254725,4.8231910000000005
804105336.474299,5.148042
804105341.256419,4.710608
804105346.098533,4.770929
804105351.248525,5.078494999999999
804105356.439122,5.11913
804105361.315586,4.80585
804105366.313093,4.925579
804105371.007684,4.62353
804105376.2702619,5.191252
804105381.380807,5.0391840000000006
804105386.223709,4.771375
804105390.9740239,4.660993
804105396.7200141,5.674628
804105401.659435,4.86824
804105406.712521,4.982125
804105411.634977,4.851131
804105416.9738489,5.267469999999999
804105422.260203,5.215183
804105427.342055,5.0107219999999995
804105432.077602,4.664115
804105436.73865,4.588704
804105441.575066,4.765116
804105446.946218,5.29953
804105452.168718,5.151064000000001
804105456.770899,4.53107
804105461.538836,4.697307
804105466.90247,5.292263
804105471.506224,4.532494
804105476.533615,4.956396
804105481.9652979,5.360391
804105487.243733,5.20731
804105492.1064409,4.7912609999999995
804105497.432632,5.25452
804105502.644217,5.14053
804105507.191631,4.4763980000000005
804105511.786865,4.524375
804105517.161927,5.304202
804105523.0088409,5.775533
804105528.294253,5.2170879999999995
804105532.4806759,4.115869
804105536.795683,4.243811999999999
804105541.6410199,4.774577000000001
804105546.065578,4.353306000000001
804105550.37211,4.235467
804105554.7042669,4.26043
804105558.9970429,4.22201
804105563.318024,4.249515
804105567.599834,4.210444
804105572.137159,4.465923999999999
804105576.769229,4.561179999999999
804105581.28518,4.444889
804105585.849613,4.493207
804105590.597132,4.6765490000000005
804105595.383647,4.715114000000001
804105600.0386109,4.583623
804105604.3406531,4.230862
804105608.62756,4.2158109999999995
804105612.937395,4.238509
804105617.303381,4.294970999999999
804105621.588459,4.213871999999999
804105625.818147,4.158719
804105630.1090881,4.220076
804105634.411401,4.2309019999999995
804105638.7075241,4.224532
804105643.695193,4.9166039999999995
804105648.14128,4.375107
804105652.478605,4.266504
804105656.735186,4.185379999999999
804105661.075587,4.26905
804105665.405113,4.257918999999999
804105670.3126651,4.812716
804105674.8280491,4.444419
804105679.384012,4.484367000000001
804105683.958815,4.503616
804105688.802287,4.742934
804105693.60901,4.735256000000001
804105697.889446,4.209492
804105702.0996039,4.139193000000001
804105706.5117531,4.341263
804105710.5938029,4.01084
804105714.8788309,4.2140830000000005
804105719.18397,4.233683
804105723.603416,4.348736
804105728.063095,4.391089
804105732.5766801,4.4421479999999995
804105737.003973,4.356038
804105741.532272,4.457184000000001
804105745.9478891,4.344164999999999
804105750.454753,4.434941
804105754.852713,4.326289
804105759.447206,4.523498
804105764.096607,4.577469
804105770.0002129,5.832396
804105774.8961979,4.824618999999999
804105779.261202,4.294008
804105783.5165,4.1839319999999995
804105788.394178,4.806056000000001
804105792.895614,4.430656
804105797.992036,5.025005
804105802.511835,4.448583
804105807.038184,4.455204
804105811.5856329,4.475907
804105816.064952,4.407808
804105820.675789,4.539739999999999
804105825.044315,4.2974570000000005
804105829.431631,4.302258
804105833.680684,4.177411
804105837.940139,4.203755
804105842.003534,4.008839
804105846.105064,4.046908
804105850.3673791,4.198053
804105854.5921661,4.160182
804105858.196126,3.532076
804105861.254737,2.99656
804105864.254274,2.9422900000000003
804105867.2176089,2.9073900000000004
804105870.1455071,2.832345
804105872.747676,2.534617
804105875.352261,2.5516010000000002
804105877.956048,2.552323
804105880.720149,2.7097789999999997
804105883.375452,2.600901
804105886.28209,2.851605
804105888.8753929,2.541036
804105892.299115,3.3362079999999996
804105896.596306,4.24513
804105900.9597011,4.308367
804105904.268009,3.257164
804105907.180887,2.8618390000000002
804105910.146287,2.901646
804105913.304626,3.103371
804105916.35996,2.98702
804105919.4289861,3.014313
804105922.616262,3.120747
804105925.604056,2.917855
804105928.6335131,2.9681
804105931.585219,2.8823529999999997
804105934.913481,3.2676049999999996
804105938.811522,3.830544
804105943.4054639,4.5262590000000005
804105947.774642,4.2994460000000005
804105952.227906,4.385126
804105956.714092,4.41502
804105961.2578671,4.473642
804105965.6604381,4.331115
804105970.148564,4.416709
804105974.694133,4.473807
804105979.179878,4.414318000000001
804105983.740567,4.4644200000000005
804105988.25799,4.446438
804105992.6319,4.303069
804105997.143139,4.440164
804106001.818385,4.60391
804106006.215163,4.3254410000000005
804106010.684374,4.398096
804106015.264714,4.509576
804106020.948509,5.612939
804106026.303272,5.283734
804106030.583935,4.209568
804106035.5167769,4.864582
804106040.7763131,5.1885710000000005
804106045.880478,5.03328
804106050.3927499,4.441421
804106055.509885,5.0458739999999995
804106060.109119,4.528715
804106065.206513,5.026408
804106070.121552,4.843323
804106075.0756121,4.883
804106079.671268,4.524781
804106084.648177,4.906314
804106089.633465,4.913591
804106094.5733969,4.869137
804106099.131651,4.487308
804106103.774366,4.571349
804106108.684714,4.839113
804106113.5524739,4.796744
804106118.740474,5.11705
804106123.737584,4.92575
804106128.5568509,4.748330999999999
804106133.393673,4.766002
804106138.0529621,4.588399
804106143.64607,5.521923
804106149.71003,5.992989
804106154.926005,5.1452800000000005
804106159.541617,4.544637
804106164.570331,4.9579200000000005
804106169.147278,4.505936999999999
804106173.947315,4.728851
804106178.726202,4.707717000000001
804106183.820364,5.023076
804106188.46587,4.574617
804106192.9255699,4.388363
804106198.067397,5.070897
804106202.446639,4.307855
804106207.4882979,4.9708
804106212.498304,4.938549
804106217.48526,4.915721
804106222.161248,4.605228
804106227.1290599,4.896616000000001
804106231.945395,4.74536
804106236.58584,4.543204
804106241.604305,4.9475999999999996
804106246.6749971,4.999702
804106251.316199,4.5700769999999995
804106256.200853,4.8138190000000005
804106261.104631,4.832502
804106266.088811,4.91298
804106271.182091,5.022555
804106276.106161,4.852106999999999
804106281.40988,5.2323379999999995
804106285.860919,4.380209000000001
804106290.933681,5.002178000000001
804106295.904681,4.899643
804106300.3447139,4.369063000000001
804106305.242899,4.827586
804106310.021807,4.707787
804106314.815925,4.723238
804106319.759626,4.872515
804106324.626232,4.795491
804106329.297905,4.6007180000000005
804106334.03686,4.667764
804106338.366657,4.240609999999999
804106342.932398,4.494936
804106347.448118,4.4449950000000005
804106351.7489519,4.2299549999999995
804106355.754634,3.9346370000000004
804106359.8291459,3.9795309999999997
804106364.137162,4.237106
804106368.359238,4.151682
804106372.897039,4.466841
804106377.139312,4.171574
804106381.6404979,4.430105
804106385.9695029,4.258641
804106390.348539,4.308297
804106396.0587751,5.627167
804106401.3515389,5.221814
804106405.582095,4.159996
804106410.458118,4.805179
804106415.464776,4.936253
804106420.0405,4.5046740000000005
804106424.4762789,4.364312
804106428.866782,4.319306999999999
804106433.445799,4.508462000000001
804106437.8581121,4.3414839999999995
804106442.595619,4.664556
804106446.998846,4.332343
804106451.476216,4.406706
804106455.6933961,4.146571
804106460.3783951,4.614164
804106464.750119,4.3008999999999995
804106469.270234,4.4495000000000005
804106473.7756339,4.434691
804106478.441313,4.594863999999999
804106482.7964339,4.284426
804106487.107753,4.2413099999999995
804106491.357919,4.17911
804106495.7227931,4.2941
804106500.117877,4.324305
804106504.3131449,4.124885
804106508.467088,4.083127
804106512.963703,4.42603
804106517.9493109,4.914633
804106522.217725,4.197353
804106526.340259,4.05192
804106530.675198,4.264275
804106535.724625,4.978552
804106540.325814,4.530369
804106544.5671151,4.17229
804106548.721708,4.0833379999999995
804106552.93554,4.143398
804106557.266534,4.259969
804106561.687062,4.349618
804106566.024437,4.266915
804106570.3108621,4.215204999999999
804106574.8299,4.448187
804106579.323789,4.42348
804106584.594882,5.199923
804106588.847168,4.181361
804106593.841177,4.922963
804106598.163686,4.25167
804106602.37613,4.141488
804106606.746426,4.299566
804106610.685984,3.869384
804106614.887572,4.130623
804106619.160907,4.202511
804106623.477112,4.2455110000000005
804106628.203066,4.654844
804106632.6080631,4.333992
804106637.461985,4.782596
804106642.6019881,5.068978
804106648.1718531,5.498879
804106652.679002,4.436475
804106657.329185,4.579416999999999
804106661.900399,4.50039
804106667.355742,5.384413
804106672.085335,4.658321
804106676.947837,4.791326000000001
804106681.839306,4.820645
804106686.84424,4.934054000000001
804106691.9930791,5.078049
804106697.116819,5.028419
804106702.191696,5.004131999999999
804106707.364285,5.104766000000001
804106712.189325,4.754124
804106716.9960719,4.711331
804106722.0035369,4.936805
804106727.092711,5.018661
804106731.884008,4.72018
804106737.013501,5.058509
804106741.708223,4.624052
804106746.726663,4.947255
804106751.52909,4.731858
804106756.313761,4.713861
804106760.9861851,4.60162
804106765.931571,4.874625
804106772.346006,6.343606
804106777.376354,4.959944
804106782.2654079,4.818214
804106787.302742,4.965813000000001
804106792.582335,5.208718
804106797.313983,4.660697
804106801.6378909,4.2527219999999994
804106806.1561011,4.447752
804106811.0604011,4.833028
804106815.662045,4.530539
804106820.473038,4.739677
804106825.743641,5.182125999999999
804106830.401145,4.586906
804106835.472233,4.999988
804106840.282634,4.739601
804106844.908254,4.554816
804106849.912842,4.933382
804106854.798328,4.814445
804106860.093377,5.2242
804106865.312234,5.147791
804106870.197108,4.8137739999999996
804106875.198694,4.930776000000001
804106880.2739409,5.004022
804106885.113675,4.769024
804106889.804648,4.620258000000001
804106895.6118001,5.736607
804106900.46076,4.778091
804106904.8459059,4.31436
804106909.559702,4.643111
804106913.811427,4.181055000000001
804106917.745597,3.8633159999999998
804106921.344482,3.528215
804106925.243516,3.827888
804106929.669361,4.354789
804106934.293302,4.553387
804106938.63212,4.267552
804106943.001855,4.298614
804106947.315439,4.242724
804106951.695031,4.310968
804106956.107917,4.341694
804106960.6423709,4.463338
804106965.163157,4.449741
804106969.864063,4.6297559999999995
804106974.235166,4.300012
804106978.6655071,4.35911
804106983.306558,4.56962
804106987.877466,4.499402
804106992.3991799,4.450502
804106997.06354,4.592619
804107001.770135,4.635834
804107007.058744,5.217433
804107011.995845,4.865855
804107016.869478,4.777794999999999
804107022.649877,5.708782
804107027.804499,5.083571999999999
804107032.852734,4.976577000000001
804107037.7022051,4.778336
804107043.049115,5.275504000000001
804107047.755053,4.634907
804107052.986975,5.1606819999999995
804107058.350749,5.2921879999999994
804107063.273757,4.851456
804107068.232844,4.887601
804107073.49212,5.187324
804107078.3798411,4.81625
804107083.189189,4.738408000000001
804107088.0884169,4.828142
804107092.945125,4.761607000000001
804107097.798231,4.781593
804107102.627561,4.758049000000001
804107107.36002,4.661188
804107112.351432,4.920623
804107117.214461,4.791628
804107122.2169039,4.931096999999999
804107126.876559,4.588719
804107131.566474,4.621516
804107136.2899269,4.652067000000001
804107140.819294,4.457915
804107147.234311,6.343886
804107152.4012669,5.095584000000001
804107157.129346,4.658716999999999
804107161.775208,4.574627
804107166.9179779,5.070958
804107171.381361,4.392362
804107176.1886591,4.736068
804107181.361955,5.102164999999999
804107186.165194,4.731828
804107190.976893,4.7400970000000004
804107196.120535,5.072466
804107200.447916,4.255513
804107204.772014,4.252928
804107209.1472421,4.303821
804107213.4836041,4.265041
804107217.7349681,4.180373
804107221.955204,4.149327
804107226.587691,4.561721
804107230.785661,4.1267439999999995
804107235.2319989,4.375232
804107239.6061131,4.302934
804107243.9369631,4.259958999999999
804107248.4934369,4.462797
804107252.9015311,4.337039
804107257.2730451,4.300568999999999
804107261.57189,4.227863999999999
804107265.8789339,4.236315
804107271.804898,5.854998
804107276.121288,4.244948999999999
804107280.77096,4.578601
804107284.952055,4.110687
804107289.406387,4.383742000000001
804107293.7951211,4.317277
804107298.411124,4.544922
804107303.0128341,4.530394
804107308.192073,5.107894
804107313.2263099,4.962896
804107317.974661,4.677246
804107322.819853,4.756329999999999
804107327.6653,4.774292
804107332.457479,4.720917
804107337.428524,4.900139
804107342.077268,4.57799
804107346.910808,4.762238
804107351.4928269,4.510497
804107356.1234391,4.559556000000001
804107361.206259,5.0112380000000005
804107366.156465,4.879106
804107370.957664,4.730014000000001
804107375.641255,4.612018
804107380.243927,4.531261
804107385.367487,5.052529
804107390.187876,4.749027
804107395.8239189,5.565093
804107400.429468,4.533816000000001
804107404.874538,4.37394
804107409.670305,4.72437
804107414.4588089,4.717344
804107419.225057,4.695032
804107423.633327,4.3399399999999995
804107428.113674,4.409047
804107432.78407,4.598879
804107437.370038,4.514668
804107442.314987,4.873723
804107447.3357129,4.949229
804107452.186522,4.779559
804107456.884702,4.6269279999999995
804107461.877948,4.899047
804107466.7060499,4.757062
804107471.666641,4.889074
804107476.511256,4.772869
804107481.4069049,4.824639
804107486.207614,4.729267
804107490.427915,4.149086
804107495.042851,4.543304
804107499.468706,4.355315999999999
804107503.7159059,4.1765550000000005
804107508.099588,4.312711999999999
804107512.301823,4.130643
804107517.101964,4.729417
804107521.9608929,4.788365
804107526.200715,4.168867
804107530.467876,4.196296
804107534.883152,4.344271
804107539.313668,4.359661
804107543.7999691,4.4155310000000005
804107548.1050789,4.233723
804107552.795776,4.619306
804107557.498947,4.63185
804107561.969817,4.399078
804107566.88662,4.844781
804107571.061541,4.103946
804107575.518614,4.385902
804107580.13159,4.541099
804107584.6470801,4.443176
804107589.0151349,4.296143
804107593.25382,4.166822
804107597.978065,4.652929
804107602.862979,4.8137989999999995
804107607.236504,4.2989049999999995
804107611.9516879,4.643137
804107616.2406039,4.190918
804107621.356607,5.041804000000001
804107626.084069,4.655755999999999
804107631.3681979,5.211709999999999
804107636.25202,4.811358
804107640.9357461,4.612004000000001
804107647.121704,6.114648000000001
804107652.971921,5.778921
804107657.077756,4.034534
804107661.386509,4.238028
804107665.3187449,3.8613910000000002
804107669.760097,4.370386000000001
804107674.5321579,4.701427
804107678.918406,4.314872
804107683.435559,4.446193
804107688.065695,4.559877999999999
804107692.5671121,4.4297889999999995
804107697.176795,4.539144
804107701.7929131,4.545038000000001
804107706.149898,4.285283
804107710.4082739,4.187691
804107714.913759,4.43449
804107719.563586,4.578887
804107723.890461,4.2561
804107728.4588181,4.497933
804107733.062708,4.53317
804107737.400519,4.266659
804107742.059762,4.588504
804107746.706241,4.575308
804107751.188829,4.412054
804107755.4881699,4.228365
804107760.441854,4.883075
804107765.145627,4.633217999999999
804107769.846397,4.630011
804107774.2342839,4.316616
804107778.426331,4.1210309999999994
804107783.232377,4.735171
804107787.624609,4.321467
804107792.9826651,5.2868949999999995
804107798.175802,5.121605000000001
804107803.345775,5.098792
804107807.893774,4.476979
804107812.494487,4.511945
804107817.7009649,5.1352079999999996
804107822.447778,4.651917
804107827.763726,5.245459
804107832.804372,4.969391
804107838.011161,5.135403
804107843.033069,4.950908
804107847.774765,4.670655999999999
804107852.953423,5.1079740000000005
804107858.1276561,5.103032000000001
804107863.1781961,4.979179
804107868.60186,5.352347
804107873.853087,5.180251999999999
804107878.638349,4.7140569999999995
804107883.8880931,5.178298
804107888.822462,4.863138999999999
804107894.270042,5.376218000000001
804107899.144928,4.80381
804107903.968143,4.75214
804107909.0402681,4.96678
804107914.6176051,5.506495999999999
804107919.4272139,4.738218
804107924.5788139,5.083522
804107929.4405841,4.790249
804107934.5323601,5.02036
804107939.6405749,5.036592000000001
804107945.060244,5.348198
804107950.259325,5.128391000000001
804107955.539394,5.208729
804107960.227361,4.61658
804107965.1770561,4.878885
804107970.087108,4.838682
804107975.118574,4.962875
804107980.108793,4.9186630000000005
804107985.0596261,4.879672
804107990.434211,5.3033079999999995
804107995.5820869,5.076525999999999
804108000.974694,5.321686
804108006.152214,5.105999
804108011.1014429,4.877773
804108016.098143,4.925669
804108022.229334,6.059564
804108026.832131,4.5316469999999995
804108031.710846,4.807344
804108037.0106161,5.22853
804108041.668722,4.58672
804108046.495155,4.755663
804108051.378882,4.812396
804108056.487522,5.0371440000000005
804108060.9747499,4.416073000000001
804108066.0525839,5.006692
804108071.203132,5.0791960000000005
804108075.85596,4.581844
804108080.91485,4.9882040000000005
804108085.868364,4.882399
804108091.243606,5.303549
804108096.363347,5.04861
804108101.5436339,5.109126000000001
804108106.446946,4.832356000000001
804108111.5551751,5.036553
804108116.7034631,5.076841
804108121.912086,5.137397
804108126.991488,5.007815
804108131.9212509,4.858513
804108136.6375229,4.645668000000001
804108141.770625,5.061411
804108147.907129,6.065176999999999
804108153.311703,5.333578999999999
804108158.647537,5.2645740000000005
804108163.612738,4.893945
804108168.8608431,5.177250000000001
804108173.192935,4.260831
804108178.0073301,4.743074
804108183.238972,5.160872
804108188.173572,4.863840000000001
804108193.198748,4.953539
804108198.327389,5.057065000000001
804108203.300589,4.901517999999999
804108208.5161531,5.143746999999999
804108213.655665,5.068266
804108218.464738,4.7138160000000005
804108223.486932,4.950116
804108228.199585,4.637798999999999
804108233.466619,5.195899000000001
804108238.4181191,4.879618
804108243.938899,5.448612000000001
804108249.0141569,4.979379
804108254.079571,4.9940940000000005
804108258.584471,4.433242000000001
804108263.4128029,4.757167
804108268.882464,5.398967
804108274.526461,5.572405
804108278.527768,3.929961
804108282.9357909,4.336853
804108287.2545921,4.247599999999999
804108292.213143,4.88743
804108297.376801,5.092457
804108302.01238,4.563466
804108306.8465511,4.762554
804108311.6303351,4.7122020000000004
804108316.4623259,4.76042
804108321.595914,5.062342
804108326.759127,5.0916049999999995
804108331.419498,4.58861
804108336.0735999,4.582685000000001
804108341.3539851,5.190135000000001
804108346.091421,4.665754000000001
804108350.828681,4.665228000000001
804108355.4903209,4.590113
804108359.8584169,4.296815
804108364.5559039,4.625741
804108369.2928339,4.6651430000000005
804108373.963414,4.598768
804108378.2551069,4.220803
804108383.536104,5.20983
804108388.109022,4.501878
804108392.815727,4.635483
804108398.790915,5.903937
804108404.7960069,5.933817
804108409.366735,4.499552
804108413.405549,3.9672630000000004
804108417.766318,4.290976000000001
804108422.128771,4.290861
804108426.853742,4.654202
804108431.5824231,4.656788000000001
804108436.4578899,4.803986
804108441.513687,4.984581
804108446.538763,4.953258
804108451.42083,4.810641
804108456.182052,4.688320999999999
804108460.757445,4.504163
804108465.1722,4.343543
804108469.777638,4.534143
804108474.233413,4.3843689999999995
804108478.799094,4.49448
804108483.731233,4.860932999999999
804108488.5749921,4.772622
804108492.753306,4.10761
804108497.274734,4.449966
804108502.011829,4.665949
804108506.773531,4.690306
804108512.088657,5.243424
804108517.06977,4.908183
804108523.100688,5.9593110000000005
804108527.7732481,4.601409
804108532.259004,4.414454
804108536.734856,4.404572
804108541.835548,5.030082
804108547.0489321,5.141902
804108552.245963,5.1255500000000005
804108557.36413,5.04637
804108562.4104,4.974483
804108567.218826,4.736674
804108572.608511,5.317607000000001
804108577.501865,4.821752
804108582.8297061,5.255577
804108588.102733,5.201156
804108593.405275,5.230554
804108598.40661,4.9053819999999995
804108603.614502,5.136089
804108608.586749,4.9006359999999995
804108613.8459051,5.187835
804108618.614864,4.697318
804108623.4390819,4.752747
804108628.381981,4.870806
804108633.338287,4.88495
804108637.919349,4.50966
804108643.4074119,5.415981
804108648.165406,4.686493
804108652.9041901,4.6670419999999995
804108658.0310731,5.055306
804108663.31461,5.212447
804108668.056707,4.670214
804108672.418147,4.278522
804108676.853169,4.363932
804108681.212364,4.28803
804108686.1588271,4.875062000000001
804108690.45708,4.226051
804108695.079057,4.55005
804108699.338856,4.188276999999999
804108703.762371,4.351622
804108708.202058,4.364057
804108712.861933,4.588314
804108717.112075,4.1727810000000005
804108720.893329,3.696558
804108723.991222,3.027534
804108727.100778,3.024302
804108729.780036,2.612764
804108732.738595,2.905465
804108735.5809181,2.773498
804108738.268421,2.63474
804108740.9501599,2.6112859999999998
804108743.610991,2.607046
804108746.210434,2.549977
804108748.945948,2.682702
804108751.5874089,2.573006
804108754.335357,2.696704
804108757.036547,2.644823
804108759.8385609,2.749422
804108762.6426749,2.7562979999999997
804108765.462085,2.769208
804108769.746015,4.2325610000000005
804108773.929731,4.112937
804108777.905018,3.906621
804108781.874104,3.8989979999999997
804108784.9871581,3.04276
804108788.294273,3.237072
804108792.294142,3.9303669999999995
804108796.72561,4.3607439999999995
804108801.1755121,4.379453
804108805.9226359,4.654108
804108810.867204,4.873032
804108816.2082609,5.269299
804108821.24152,4.962214
804108826.137205,4.824057
804108830.90036,4.69198
804108835.8803811,4.908308999999999
804108840.6882011,4.736136999999999
804108845.5708101,4.811262
804108849.96215,4.319598
804108854.938306,4.9044550000000005
804108860.0402759,5.030439
804108865.3846151,5.272156
804108870.6339079,5.178006
804108875.204711,4.499807
804108879.9601029,4.683561
804108884.689571,4.636065
804108890.155392,5.3950070000000006
804108896.300536,6.073317
804108900.969207,4.597094
804108905.4883591,4.447781
804108910.118505,4.55888
804108914.8528991,4.662807
804108919.517601,4.593205
804108924.313287,4.724396
804108928.9942069,4.609453
804108933.477756,4.387962
804108938.288949,4.739235
804108942.6162801,4.25617
804108946.977865,4.290119
804108951.348668,4.2990509999999995
804108955.714569,4.294946
804108960.099124,4.313148
804108964.9414641,4.770633
804108969.638425,4.625581
804108973.9878631,4.278372
804108978.290236,4.230846
804108982.689093,4.327226
804108987.7380791,4.977836
804108992.145171,4.335591
804108996.489426,4.2726939999999995
804109001.108201,4.54801
804109005.356072,4.176259
804109009.850607,4.423229
804109014.433037,4.510999
804109020.121362,5.616829
804109024.5943971,4.402506
804109029.310268,4.644775999999999
804109034.635232,5.2536570000000005
804109039.728211,5.021763
804109044.51854,4.7186520000000005
804109049.4656091,4.875923
804109053.9036319,4.3668379999999996
804109058.857602,4.882474
804109064.107151,5.1775709999999995
804109068.744964,4.566463
804109073.8467491,5.030573
804109078.216493,4.298489
804109082.9655659,4.677637
804109087.732325,4.695032
804109092.980741,5.176679
804109097.796875,4.744919
804109102.802531,4.9343
804109107.692347,4.818716
804109112.81704,5.053376
804109118.187194,5.299289000000001
804109123.212039,4.95372
804109128.3011891,5.017728
804109132.9591041,4.587076
804109137.363204,4.33318
804109143.2163731,5.7823340000000005
804109148.360471,5.072456000000001
804109153.6039,5.171652
804109158.969824,5.294669
804109164.573808,5.531473999999999
804109169.896075,5.250992
804109175.341349,5.3740879999999995
804109180.378824,4.966569
804109185.7533879,5.303730000000001
804109191.139269,5.31501
804109196.346047,5.135949
804109201.442063,5.024735
804109206.776269,5.26346
804109211.8678991,5.020776000000001
804109216.8043131,4.865324
804109221.7310699,4.8561630000000005
804109226.6480191,4.845759
804109231.858461,5.139602
804109236.933468,5.004227
804109241.980996,4.976393
804109246.465107,4.413336999999999
804109250.964103,4.42769
804109255.592315,4.557482
804109260.226766,4.5639970000000005
804109264.705419,4.4082289999999995
804109270.9941471,6.218334
804109275.396328,4.331309999999999
804109279.672825,4.208154
804109284.5522671,4.808401
804109289.429102,4.805775
804109293.998963,4.499301
804109298.33962,4.269265000000001
804109302.6734811,4.262891000000001
804109307.134654,4.390047
804109311.313414,4.083693
804109315.76551,4.36364
804109320.022998,4.16391
804109324.656628,4.560123
804109328.979764,4.252491
804109333.243897,4.193434
804109337.680393,4.36579
804109342.200397,4.4491499999999995
804109346.868722,4.597731
804109351.70159,4.7622990000000005
804109356.182955,4.410264
804109360.741224,4.487619
804109365.193946,4.3817129999999995
804109369.860126,4.5951949999999995
804109374.304089,4.3732370000000005
804109379.2171041,4.8422350000000005
804109383.5343909,4.2466029999999995
804109388.068189,4.462957
804109393.218756,5.079633
804109398.785303,5.495767000000001
804109403.22896,4.375959
804109407.2727649,3.9733119999999995
804109411.779464,4.435894
804109416.921808,5.071118
804109422.008767,5.01605
804109426.7422739,4.662452
804109431.553457,4.740032
804109436.670532,5.0461849999999995
804109441.178814,4.437066
804109446.139279,4.889525
804109451.1858599,4.975946
804109455.752914,4.496179000000001
804109460.11259,4.2889219999999995
804109464.7697589,4.585913
804109469.945701,5.105148000000001
804109475.287309,5.270352
804109480.227321,4.868987
804109485.5096861,5.211544
804109490.4351751,4.854604
804109494.982182,4.4760930000000005
804109499.45648,4.403322999999999
804109504.632778,5.106209
804109508.931743,4.227934
804109513.483708,4.48113
804109519.104265,5.549416
804109523.594405,4.41941
804109527.728681,4.065892
804109532.0743899,4.2749440000000005
804109536.40987,4.2649610000000004
804109540.7995659,4.319232
804109545.700688,4.830568
804109550.258295,4.487013
804109554.7890049,4.4597739999999995
804109559.286657,4.426592
804109563.89398,4.4927209999999995
804109568.19084,4.2261310000000005
804109572.402742,4.141253
804109576.607603,4.134217
804109580.9242791,4.245635999999999
804109585.079234,4.08442
804109589.296749,4.146776
804109593.472542,4.105119
804109597.513692,3.970344
804109601.979946,4.3956100000000005
804109605.6388509,3.58827
804109609.0350289,3.3253380000000003
804109613.2625619,4.156198
804109617.373309,4.039821
804109621.967185,4.523112
804109626.2136979,4.175693
804109630.448739,4.164130999999999
804109634.7681069,4.248492000000001
804109638.9782051,4.139884
804109643.848586,4.799051
804109649.252574,5.332823
804109653.840597,4.517152
804109658.1458061,4.234229
804109662.186039,3.9695879999999995
804109666.7697719,4.489403
804109671.270311,4.42972
804109675.598203,4.246405
804109679.936871,4.267761999999999
804109684.4263891,4.396141
804109688.960963,4.463894000000001
804109693.475224,4.443382
804109697.864334,4.318114
804109702.091572,4.156328
804109706.358552,4.196256
804109710.708751,4.279505
804109714.998906,4.219485000000001
804109719.4054309,4.3358110000000005
804109723.604533,4.128197
804109727.8043619,4.129064
804109731.8214309,3.9462539999999997
804109735.998753,4.106702
804109740.234004,4.142691
804109744.3014101,3.9966460000000006
804109748.458645,4.086675
804109752.6919669,4.162101
804109757.231261,4.468419000000001
804109761.322563,4.020286
804109765.585228,4.191415
804109771.2905879,5.63497
804109776.273615,4.912218
804109780.3835399,4.039366
804109784.512098,4.058123999999999
804109788.546718,3.9467649999999996
804109792.7397411,4.121948000000001
804109797.124777,4.313956
804109801.457551,4.261578
804109805.932335,4.403945
804109810.239644,4.236319
804109814.6552961,4.344677
804109819.4620631,4.735662
804109823.948886,4.416173
804109828.418954,4.335259
804109832.9405819,4.4510890000000005
804109837.355973,4.344125
804109841.9006749,4.474208
804109846.457631,4.485805
804109850.986145,4.457539
804109855.498036,4.440605000000001
804109860.060925,4.491759
804109864.719708,4.588224
804109869.159621,4.369068
804109873.867183,4.63639
804109878.34549,4.407257
804109883.00964,4.593466
804109887.404278,4.323798
804109892.523919,5.048806
804109896.894135,4.299426
804109901.273667,4.308603000000001
804109905.743039,4.3981
804109910.313075,4.498959999999999
804109914.8516979,4.467561999999999
804109918.821817,3.899275
804109922.345673,3.453216
804109925.7236891,3.307652
804109928.9151951,3.120726
804109933.219317,4.233076
804109937.818922,4.52883
804109942.232423,4.342471
804109946.7432821,4.4401340000000005
804109951.208779,4.3903229999999995
804109955.785265,4.505807
804109960.3831409,4.527141
804109964.918326,4.4648769999999995
804109969.4505041,4.461358000000001
804109974.019593,4.498284
804109978.566345,4.475907
804109983.327376,4.690206
804109988.332911,4.9348600000000005
804109992.685967,4.282481000000001
804109997.151735,4.395143
804110001.472831,4.250046
804110005.9166329,4.372717
804110010.372213,4.361611
804110014.799477,4.356834
804110019.84497,4.9746879999999996
804110024.648309,4.7323390000000005
804110029.273759,4.5548660000000005
804110033.59438,4.249625
804110038.744847,5.079187
804110042.911925,4.0962380000000005
804110046.753415,3.770559
804110050.768739,3.94469
804110055.185684,4.345683
804110059.839234,4.582540000000001
804110064.480391,4.570768
804110068.9131681,4.3616410000000005
804110073.8821731,4.898166
804110078.820908,4.86772
804110083.480858,4.5887899999999995
804110088.209303,4.657034
804110092.833771,4.5531369999999995
804110097.8685241,4.9635169999999995
804110102.955745,5.016049
804110108.3672351,5.340364999999999
804110113.235721,4.797079999999999
804110118.365836,5.05895
804110123.014646,4.577779
804110128.1117489,5.025797
804110132.9406929,4.757357
804110137.7299999,4.718221
804110143.8561491,6.0552399999999995
804110149.483758,5.556483
804110154.062729,4.507891
804110158.5042009,4.370380999999999
804110163.8436191,5.268272
804110168.634644,4.719705
804110173.658357,4.952687
804110178.440777,4.710553
804110182.8441149,4.332588
804110187.569323,4.654558
804110192.621852,4.981073
804110197.548429,4.855410999999999
804110202.280622,4.661449
804110206.926841,4.574902
804110211.4918201,4.493649
804110216.167412,4.604426
804110220.557148,4.317769
804110225.492821,4.865079
804110230.6187371,5.054814
804110235.246693,4.556959999999999
804110239.980836,4.662912
804110244.956496,4.879161
804110249.379525,4.351758
804110253.8177041,4.367304
804110258.799369,4.910614
804110263.309931,4.439287
804110269.053285,5.672423
804110274.99942,5.8569770000000005
804110279.806142,4.7354270000000005
804110284.215163,4.3379509999999994
804110288.248349,3.9621609999999996
804110292.381022,4.0610159999999995
804110296.773535,4.320896
804110300.965686,4.121085
804110305.299336,4.2625
804110309.594332,4.224025999999999
804110313.871707,4.206088
804110319.0408579,5.097784
804110323.718449,4.606650999999999
804110328.353281,4.563701
804110332.469456,4.044638
804110337.028296,4.487804
804110341.308908,4.208895
804110345.990754,4.6110370000000005
804110350.2847929,4.223122999999999
804110354.372796,4.016628000000001
804110358.610975,4.167133
804110362.743423,4.061538
804110366.841485,4.027063
804110370.912569,4.000344999999999
804110375.150893,4.143403
804110379.3872819,4.165063
804110383.468781,4.0098959999999995
804110387.651124,4.111178
804110392.425817,4.703582000000001
804110396.22593,3.728552
804110400.6208991,4.323672
804110405.363086,4.671066
804110409.8283479,4.393314
804110414.5876889,4.688201
804110419.796002,5.137327
804110424.8393799,4.973737
804110429.2973601,4.38689
804110433.412642,4.043800999999999
804110438.390994,4.907572
804110442.848654,4.386603999999999
804110447.49191,4.572106000000001
804110452.193182,4.63007
804110456.7795061,4.515352999999999
804110461.561525,4.710954
804110465.9561731,4.323332
804110470.3316311,4.304328
804110474.809463,4.4064000000000005
804110479.121127,4.240324
804110483.692752,4.500534
804110487.958374,4.194773
804110492.117924,4.0621279999999995
804110495.958823,3.770138
804110499.8249049,3.770795
804110503.537108,3.640682
804110507.992813,4.384199
804110512.105384,4.018357
804110517.129858,4.953208
804110521.916464,4.715109
804110526.33636,4.348536
804110530.551561,4.1440150000000004
804110534.473623,3.850922
804110538.304899,3.75984
804110542.2348801,3.861131
804110547.243753,4.937652
804110552.1183131,4.80326
804110556.766065,4.576106
804110562.1838,5.345557
804110567.334207,5.078781
804110572.45695,5.051036
804110577.798483,5.269705
804110583.241056,5.370609999999999
804110588.3551741,5.042245
804110593.1951629,4.768609
804110597.716205,4.449866
804110602.282187,4.494936
804110606.785387,4.431925
804110611.350246,4.493413
804110615.881863,4.460325999999999
804110620.547261,4.594208
804110624.7708911,4.152003
804110629.848268,5.006498
804110634.1151179,4.195845
804110638.55037,4.364127
804110643.790131,5.168539
804110648.2138859,4.352515
804110652.6114861,4.326514
804110657.1598871,4.4773950000000005
804110661.718702,4.487724
804110667.376841,5.586784
804110672.032076,4.583997999999999
804110676.490953,4.3869039999999995
804110681.273303,4.7104729999999995
804110686.10759,4.763111
804110691.5489709,5.3695829999999996
804110696.5874519,4.9661990000000005
804110701.272617,4.613011
804110706.349874,5.005605
804110711.321079,4.899713
804110716.6423789,5.249753999999999
804110721.901785,5.187809
804110726.899232,4.925734
804110731.4572951,4.486863
804110736.56178,5.009164
804110741.405995,4.7724969999999995
804110746.1694809,4.692366
804110751.083659,4.843167
804110755.731671,4.559030000000001
804110760.595732,4.793101
804110765.505239,4.83824
804110771.49039,5.914045
804110776.226317,4.664196
804110780.696671,4.399309
804110785.631111,4.863294
804110790.525998,4.823692
804110795.368985,4.771745
804110800.10818,4.667728
804110805.317855,5.13851
804110810.326788,4.937853
804110814.937639,4.538693
804110820.097348,5.088493000000001
804110824.818251,4.6494159999999995
804110829.281363,4.391204999999999
804110833.9486771,4.595762
804110838.771336,4.751638
804110843.5523031,4.709246
804110848.207733,4.583919
804110853.07249,4.7928
804110858.009616,4.865965
804110862.6386299,4.557301
804110868.1583921,5.448763
804110873.248469,5.01822
804110877.767446,4.447817
804110882.7382351,4.898981999999999
804110887.452878,4.642981
804110892.7048321,5.180638
804110897.383331,4.606796
804110901.784619,4.330012
804110906.596924,4.740819
804110911.647068,4.979139
804110916.7087591,4.990014
804110921.336915,4.557532
804110926.3122151,4.903653
804110931.277231,4.893047999999999
804110935.87224,4.523919
804110940.7334241,4.790109
804110945.408675,4.603635
804110950.495164,5.0145859999999995
804110955.663322,5.096973
804110960.577655,4.842942
804110965.68602,5.0369280000000005
804110970.735292,4.97761
804110975.6231381,4.8159279999999995
804110980.684728,4.990149
804110985.254108,4.49834
804110989.956126,4.630066
804110995.013607,4.98622
804110999.665219,4.580637
804111004.510211,4.773821
804111009.683702,5.101639
804111014.415841,4.660817000000001
804111020.246828,5.760007
804111024.970371,4.652709
804111029.9054719,4.8635589999999995
804111034.914461,4.938078
804111039.523723,4.537972000000001
804111044.260818,4.665774
804111049.070587,4.738634
804111053.9115441,4.770156999999999
804111058.823501,4.840731
804111063.531243,4.636470999999999
804111068.1572139,4.554670000000001
804111072.9237629,4.6951529999999995
804111077.817227,4.822073
804111082.478325,4.589587
804111087.378019,4.827782
804111092.640943,5.191638
804111097.562558,4.850439
804111102.117419,4.483634
804111106.924116,4.735291
804111111.629853,4.634416
804111116.58872,4.864446
804111121.3358229,4.675828
804111126.2734051,4.8661
804111131.386716,5.04202
804111136.0504401,4.592584
804111140.703119,4.581357000000001
804111147.337336,6.563057
804111153.005975,5.597218
804111157.686524,4.609432999999999
804111162.222415,4.464596
804111167.1534569,4.859956
804111171.767736,4.5422910000000005
804111176.282028,4.443102
804111180.823989,4.470955
804111185.7016909,4.806686999999999
804111190.973988,5.201236
804111196.456102,5.410473
804111201.032629,4.505255
804111205.760161,4.6560109999999995
804111210.9757149,5.143421
804111216.044287,4.997376
804111220.763781,4.647290999999999
804111225.8698211,5.034553
804111231.2976091,5.356457
804111236.064538,4.6955729999999996
804111240.547061,4.411046
804111245.228301,4.61051
804111250.0452371,4.746091
804111254.732731,4.616755
804111259.7056301,4.901317
804111264.283946,4.506638000000001
804111269.631938,5.2587850000000005
804111273.788522,4.085227000000001
804111278.261782,4.402635999999999
804111282.555806,4.222852
804111286.834303,4.207242
804111291.553156,4.647677
804111295.965284,4.3410530000000005
804111300.303931,4.241982
804111304.600546,4.225594
804111309.372056,4.700505
804111313.7808919,4.337489
804111318.234968,4.38295
804111322.644981,4.3390379999999995
804111326.8481029,4.132242000000001
804111331.2137741,4.294434
804111335.506058,4.221444
804111340.08486,4.507545
804111344.247262,4.090895
804111348.476023,4.1581470000000005
804111353.0047979,4.4580150000000005
804111357.492493,4.416749
804111362.1515859,4.587763
804111366.564757,4.342045
804111371.119307,4.483644999999999
804111375.6879599,4.497527000000001
804111380.111159,4.351717
804111384.310933,4.1276660000000005
804111388.4988791,4.116921
804111393.3721459,4.802482
804111397.585768,4.142576
804111401.826427,4.169418
804111406.590414,4.6931780000000005
804111410.9531829,4.292119
804111415.43585,4.411657
804111420.1143041,4.607463
804111424.5692819,4.3825899999999995
804111429.1227,4.482577
804111433.659869,4.4659640000000005
804111438.192207,4.461147
804111442.419215,4.156458
804111447.005709,4.515650000000001
804111451.531834,4.4549840000000005
804111456.230971,4.627575
804111460.4975201,4.195098000000001
804111464.6842791,4.115708
804111469.34222,4.587051
804111473.535944,4.122569
804111477.748959,4.120635
804111481.9941491,4.174616
804111486.337382,4.272302000000001
804111490.5813841,4.173497
804111494.755548,4.102929
804111498.9720409,4.145879
804111503.232772,4.189725
804111507.648589,4.3451319999999996
804111512.1458349,4.426607
804111516.786546,4.569841
804111522.0821121,5.224564999999999
804111526.388093,4.235066
804111530.190932,3.7318540000000002
804111534.101257,3.839876
804111538.1840091,4.011371
804111542.274243,4.018011
804111546.341072,3.9809850000000004
804111550.503173,4.091196
804111554.8106359,4.221932000000001
804111559.19399,4.319171
804111563.280139,4.014698
804111567.59476,4.243521
804111571.942539,4.277203999999999
804111575.8221819,3.777811
804111578.836787,2.943358
804111582.167778,3.273056
804111585.345527,3.105476
804111588.425098,3.010274
804111591.339614,2.843601
804111594.088104,2.692088
804111596.892774,2.736151
804111599.599672,2.650417
804111602.317816,2.667987
804111604.834285,2.4625939999999997
804111607.572286,2.671249
804111610.787262,3.165084
804111613.5088639,2.655965
804111615.9915351,2.429377
804111618.6812531,2.611571
804111621.568576,2.8163530000000003
804111624.456425,2.838063
804111627.643176,3.136262
804111630.427053,2.7181140000000004
804111633.521944,3.039347
804111636.720021,3.145158
804111639.82714,3.0373069999999998
804111643.755317,3.8614309999999996
804111648.167992,4.344907
804111652.099295,3.862729
804111655.0184319,2.8650059999999997
804111657.875756,2.808694
804111660.884461,2.9587239999999997
804111664.035954,3.100089
804111668.166607,4.062655
804111673.043277,4.806712
804111677.6416739,4.527272
804111681.993167,4.281419
804111686.392756,4.327711
804111690.874747,4.388819000000001
804111695.5645219,4.618468
804111700.385592,4.750025
804111705.0493621,4.592739
804111709.626454,4.505882
804111714.625214,4.927644
804111719.660749,4.964319
804111724.171507,4.439496999999999
804111728.850401,4.6081
804111734.0041311,5.0827800000000005
804111739.067266,4.9924349999999995
804111743.575518,4.436941
804111748.1253569,4.478853
804111752.992665,4.796895
804111757.796265,4.732530000000001
804111762.2348249,4.36746
804111767.378232,5.072036000000001
804111773.24617,5.796803
804111777.741843,4.424447
804111782.837353,5.025311
804111788.232275,5.29954
804111792.892029,4.588414
804111797.810271,4.847733
804111802.854537,4.973555
804111807.465613,4.540397
804111812.524853,4.988900999999999
804111817.220096,4.624478
804111821.882237,4.591381
804111826.656363,4.702935
804111831.7692881,5.042517
804111836.700751,4.860828000000001
804111841.2855309,4.513876
804111846.091421,4.73489
804111851.275041,5.112705
804111855.722667,4.376506
804111860.669425,4.8757280000000005
804111865.6755869,4.935242000000001
804111870.3923949,4.646077999999999
804111875.4377581,4.974633
804111880.225942,4.717403999999999
804111884.794189,4.497717
804111889.592246,4.727277
804111895.479308,5.815972
804111900.1634649,4.6111320000000005
804111905.0966871,4.862677000000001
804111910.0730591,4.905132
804111914.851566,4.707642
804111920.073786,5.15138
804111924.663628,4.518095
804111929.487115,4.753082
804111934.520204,4.9621889999999995
804111939.728822,5.137918
804111944.648707,4.849311
804111949.4887019,4.769105
804111954.352587,4.792685
804111959.8006581,5.37678
804111964.99822,5.126602
804111970.32799,5.259336
804111974.67196,4.27306
804111979.473655,4.731337000000001
804111984.194748,4.650574
804111988.828152,4.562578
804111994.1022221,5.203015
804111999.130746,4.957523
804112004.5814481,5.379852
804112009.434237,4.781744
804112014.00059,4.495302
804112019.911478,5.8402840000000005
804112024.714461,4.73275
804112030.066303,5.280886000000001
804112034.811311,4.674049
804112039.358684,4.476984
804112044.274542,4.844711
804112048.6439459,4.298844
804112053.578305,4.863886000000001
804112057.973599,4.324845
804112062.825502,4.781308
804112066.918622,4.022475999999999
804112071.06638,4.076963
804112075.3277069,4.1903820000000005
804112080.12402,4.725523
804112084.4916099,4.2968090000000005
804112088.897148,4.334714
804112093.3571681,4.389565
804112097.630739,4.202405000000001
804112102.011875,4.310561
804112106.615404,4.53287
804112110.8405169,4.154548
804112115.208397,4.297261
804112119.4909091,4.211671
804112123.875648,4.313885
804112128.10877,4.162257
804112132.436622,4.257554
804112136.739832,4.232635999999999
804112141.917794,5.107342
804112147.146794,5.158136
804112151.52996,4.312451
804112156.0510621,4.450067000000001
804112160.408393,4.262906
804112165.262536,4.783814
804112170.199,4.866091
804112174.562685,4.293412
804112179.092433,4.4588529999999995
804112184.079531,4.9159370000000004
804112189.318514,5.1676079999999995
804112194.267738,4.858037
804112198.9475701,4.608125
804112203.580337,4.561567
804112208.4611521,4.809634
804112213.302349,4.769871
804112217.993016,4.619321
804112222.9741399,4.909796999999999
804112227.684402,4.638897
804112232.34124,4.585377
804112236.770594,4.358379
804112242.050608,5.208809
804112247.429117,5.306972
804112252.555057,5.054449
804112257.432123,4.806051
804112261.602629,4.099937
804112266.845191,5.171372
804112272.779444,5.862947
804112277.396138,4.545624
804112281.9348559,4.467798
804112286.587405,4.581006
804112291.50086,4.840205
804112296.118547,4.546602
804112300.720087,4.530545
804112305.4560399,4.664903
804112309.889553,4.362308
804112314.556826,4.596151
804112318.864601,4.23674
804112323.6489761,4.713094
804112328.1505431,4.430532
804112332.689787,4.4680029999999995
804112337.550465,4.790124
804112342.5121231,4.8907229999999995
804112347.383822,4.800031
804112352.229259,4.774061
804112356.748767,4.448739
804112361.396219,4.57637
804112366.5184959,5.050755
804112370.9396399,4.350039
804112375.597556,4.586894999999999
804112379.9131091,4.244533
804112384.590751,4.606572
804112389.33391,4.6714720000000005
804112395.570121,6.16522
804112400.498,4.856438
804112405.103203,4.5342780000000005
804112409.919939,4.745665
804112415.2483461,5.257266
804112420.1401709,4.820619
804112424.974708,4.763296
804112429.501994,4.456296
804112434.6093119,5.0360309999999995
804112439.33703,4.657048
804112444.456946,5.049012
804112449.010971,4.483391
804112453.977455,4.895404
804112458.479558,4.430777
804112463.339314,4.788906
804112468.385113,4.9778649999999995
804112473.2298679,4.773689999999999
804112478.2420089,4.941059999999999
804112482.847573,4.534828999999999
804112487.813841,4.894742
804112492.900531,5.015699000000001
804112498.106588,5.134701000000001
804112503.10037,4.921855
804112507.683953,4.512071000000001
804112512.452642,4.6978990000000005
804112517.654749,5.130907
804112523.842928,6.116713
804112528.88374,4.96917
804112533.432056,4.477110000000001
804112538.184301,4.656402
804112542.833913,4.577964000000001
804112547.5629641,4.657891
804112552.640121,5.0057
804112558.023155,5.312094
804112562.823312,4.729437000000001
804112567.388437,4.4939990000000005
804112572.0808779,4.620979
804112577.168043,5.015663
804112582.330328,5.091329
804112587.237499,4.836392
804112592.41095,5.1019000000000005
804112596.832861,4.3509009999999995
804112601.328529,4.424733
804112606.017252,4.617266
804112610.3589361,4.27077
804112615.165899,4.735582
804112619.451534,4.214448
804112623.833116,4.310175999999999
804112628.3168811,4.412765
804112632.751787,4.363681000000001
804112637.25784,4.435007000000001
804112642.252745,4.923394
804112648.127479,5.803713
804112653.078241,4.8794770000000005
804112657.496945,4.347363
804112661.9567499,4.3888240000000005
804112666.3683821,4.340732
804112670.3476471,3.9090469999999997
804112674.3449249,3.9259459999999997
804112677.976756,3.560626
804112681.361462,3.31343
804112684.714314,3.281761
804112689.0484661,4.262976
804112693.2330351,4.094163
804112698.005577,4.701126
804112702.69865,4.622483
804112707.659631,4.889505
804112712.169602,4.4388309999999995
804112717.014769,4.7739460000000005
804112721.737852,4.651531
804112726.494768,4.684902999999999
804112731.625941,5.060132
804112736.823718,5.1268579999999995
804112741.570576,4.675763
804112746.5974511,4.9556890000000005
804112751.4024991,4.734113
804112756.614134,5.140445000000001
804112761.688204,5.0031099999999995
804112767.236629,5.477315
804112772.855683,5.547848
804112777.6320541,4.705166
804112781.75528,4.050285
804112786.079093,4.253093000000001
804112790.4682829,4.318305
804112794.9403709,4.400657
804112799.31199,4.300517999999999
804112803.772997,4.3892560000000005
804112808.608296,4.764118000000001
804112813.2805849,4.600732
804112817.753209,4.401544
804112822.449143,4.6244629999999995
804112827.074949,4.554345
804112832.23111,5.0844380000000005
804112837.314922,5.012336
804112841.927127,4.540748
804112847.071876,5.073584
804112851.763014,4.620048
804112856.447707,4.613347
804112861.621519,5.1031130000000005
804112866.333125,4.64057
804112871.4727271,5.068727
804112875.9117631,4.3705169999999995
804112880.483889,4.5007600000000005
804112885.1020069,4.547293
804112889.8565431,4.68352
804112895.212799,5.285266
804112899.7251811,4.441327
804112904.617112,4.796879000000001
804112909.460149,4.772032
804112914.2663001,4.7345440000000005
804112919.048079,4.7104729999999995
804112923.557981,4.4384250000000005
804112928.467196,4.838286
804112933.459661,4.921139
804112938.171913,4.640891
804112943.419176,5.175872
804112948.242928,4.752516
804112952.921352,4.607573
804112957.7876769,4.79504
804112962.697389,4.838326
804112968.157343,5.388456
804112972.9461781,4.717875
804112977.839287,4.821866999999999
804112982.266064,4.355266
804112986.8732419,4.536137
804112991.584411,4.64021
804112996.435041,4.779253
804113001.164197,4.658171
804113006.0098749,4.774502
804113010.893411,4.8119499999999995
804113015.505866,4.540894
804113021.8650429,6.287992
804113026.326702,4.390416999999999
804113030.882976,4.484697000000001
804113035.568537,4.614013999999999
804113040.892133,5.251733
804113045.8047719,4.841724
804113050.369691,4.493818
804113055.171642,4.7306099999999995
804113059.394565,4.151892
804113063.950643,4.485274
804113068.575677,4.523738
804113072.936521,4.289778999999999
804113077.5206001,4.512733
804113081.8179361,4.2259
804113086.2466279,4.3570400000000005
804113090.630766,4.312687
804113094.960087,4.258235
804113099.5430529,4.511890999999999
804113103.842249,4.2279789999999995
804113108.115413,4.201558
804113112.439472,4.2530980000000005
804113116.949889,4.439372
804113121.4564519,4.435638000000001
804113125.9964839,4.468951
804113130.3953409,4.327837000000001
804113134.777284,4.311339
804113139.270221,4.421635
804113144.133284,4.7916419999999995
804113148.347051,4.142851
804113152.742154,4.3243789999999995
804113157.134873,4.3220979999999996
804113161.295781,4.090089
804113165.94855,4.581573000000001
804113170.435292,4.415652
804113175.13948,4.632612
804113179.866727,4.656001
804113184.22491,4.287082
804113189.047955,4.734724
804113193.607031,4.488176
804113198.076262,4.398105999999999
804113202.547258,4.400321
804113207.332937,4.71528
804113211.7156069,4.3117
804113216.098587,4.3119
804113220.634138,4.46414
804113225.2958081,4.591546
804113230.167035,4.800964
804113234.4896901,4.2519860000000005
804113238.862707,4.302172
804113243.292783,4.3597410000000005
804113247.800073,4.43643
804113252.905285,5.034511999999999
804113257.258942,4.282652
804113261.5531859,4.223475
804113266.926808,5.279779
804113272.8014519,5.80391
804113278.5036639,5.631292
804113282.5846419,4.010894
804113286.916764,4.264299
804113291.317009,4.329391
804113295.7613131,4.373373
804113299.9650861,4.132823
804113304.6629751,4.600512
804113308.8768209,4.142345000000001
804113313.302662,4.355035
804113317.828625,4.455269
804113322.177251,4.27767
804113326.6490979,4.400692
804113331.085623,4.36555
804113335.403658,4.247334
804113340.151914,4.661834
804113344.79517,4.572692
804113349.071573,4.205707
804113353.580441,4.437913
804113358.167136,4.515955
804113362.621428,4.383261999999999
804113366.937975,4.246022
804113371.390492,4.381126
804113376.257405,4.796348
804113380.903463,4.575453
804113385.224459,4.250221
804113389.498065,4.202716
804113394.476126,4.907286
804113398.796145,4.248773
804113403.430721,4.5637170000000005
804113408.067858,4.565851
804113412.492556,4.353046
804113416.807523,4.243897
804113421.6666781,4.787798
804113426.5203991,4.783027
804113430.871576,4.280682
804113435.229528,4.286906
804113439.7065979,4.405949000000001
804113444.137244,4.359737
804113448.634897,4.426772
804113452.970366,4.264635
804113457.443066,4.40241
804113461.6657679,4.151908000000001
804113466.161005,4.424461999999999
804113470.68751,4.45579
804113475.106705,4.348209
804113479.566715,4.389215
804113483.888463,4.250857
804113488.736361,4.779368
804113493.343358,4.535946
804113497.653689,4.239707
804113502.080822,4.355958
804113506.733235,4.581573000000001
804113511.0065811,4.20227
804113515.533466,4.4560260000000005
804113521.6442311,6.0401
804113526.199598,4.484367000000001
804113530.925808,4.655315
804113535.278127,4.281134
804113539.644339,4.295517
804113543.517863,3.80286
804113546.893383,3.3009060000000003
804113551.11374,4.148759999999999
804113555.331931,4.147387
804113559.689222,4.286486
804113564.1623019,4.401769
804113568.419119,4.186142
804113573.413969,4.923825
804113577.8228,4.33769
804113582.327695,4.433874
804113586.80724,4.4088959999999995
804113591.3571041,4.478694
804113596.087719,4.65967
804113600.7792579,4.620429
804113605.315721,4.466019
804113610.0395199,4.652714
804113614.494929,4.38485
804113619.073059,4.484161
804113623.517453,4.373883999999999
804113627.9551461,4.367209000000001
804113632.676404,4.6228240000000005
804113637.229771,4.482733
804113642.38739,5.086804000000001
804113648.208344,5.749974
804113653.8281901,5.5493060000000005
804113658.270198,4.371358
804113662.511032,4.169855
804113667.376346,4.375172
804113672.1959131,4.748401
804113676.794119,4.527251000000001
804113681.378243,4.513459
804113685.9244239,4.474835
804113690.369258,4.3732880000000005
804113694.9016321,4.461558
804113699.455024,4.482878
804113703.933041,4.407077
804113708.405014,4.377777999999999
804113712.85049,4.374796
804113717.638543,4.717113
804113722.227363,4.51816
804113726.8594689,4.561204999999999
804113731.448143,4.5180050000000005
804113736.034838,4.515855
804113740.644476,4.53744
804113745.1722391,4.456988
804113749.525405,4.282206
804113753.938671,4.342351000000001
804113758.628085,4.618409000000001
804113763.140718,4.441998
804113768.232474,5.02058
804113772.557475,4.254548000000001
804113776.868187,4.240342999999999
804113781.394737,4.455535
804113785.969053,4.503216
804113790.263803,4.223845000000001
804113794.840761,4.505972
804113799.3406479,4.429153
804113803.789111,4.377383
804113808.32383,4.464205
804113812.8373749,4.442579
804113817.482606,4.5736989999999995
804113821.974224,4.421014
804113826.4331369,4.387932
804113830.995074,4.490687
804113835.712353,4.646038
804113840.263079,4.479826
804113844.821192,4.486968
804113849.4232279,4.53111
804113853.906888,4.412273000000001
804113858.349181,4.370742000000001
804113863.127392,4.707341
804113867.512382,4.314089999999999
804113872.135407,4.552025
804113876.542012,4.334072
804113881.023322,4.410675
804113885.285085,4.190798
804113889.768595,4.412665
804113894.703811,4.864727
804113900.1982,5.423924
804113903.8777521,3.591252
804113908.143314,4.197018
804113912.308713,4.094464
804113916.81249,4.432601
804113921.270275,4.386855000000001
804113925.7458371,4.404862
804113930.374945,4.558369
804113935.0786979,4.632812
804113939.423785,4.274097
804113943.853244,4.358468
804113948.3567051,4.431934999999999
804113952.792694,4.365084
804113957.262482,4.398802
804113961.78218,4.448632999999999
804113966.667255,4.814085
804113971.054691,4.316506
804113975.369633,4.219726
804113979.885393,4.444438
804113984.4761219,4.519629
804113989.085595,4.538799
804113993.624554,4.468349
804113998.436097,4.740614
804114003.081629,4.574928
804114007.4570069,4.3041920000000005
804114011.86677,4.338928
804114017.0965819,5.158506999999999
804114022.0038329,4.836
804114026.450272,4.375548
804114030.9329591,4.411773
804114035.80787,4.803764999999999
804114040.2644219,4.385822
804114045.040488,4.705560999999999
804114049.9728631,4.861775
804114054.420694,4.376977
804114059.432364,4.940619
804114064.312948,4.809899000000001
804114068.912363,4.527924
804114073.6941321,4.710749
804114078.762428,4.997281
804114083.207579,4.3743799999999995
804114088.119716,4.841293
804114092.323054,4.1324819999999995
804114096.69563,4.302002
804114100.9113411,4.144932
804114105.349575,4.367229
804114109.631851,4.211075
804114113.9717311,4.268795
804114118.3422431,4.299366
804114122.7524719,4.339599000000001
804114127.2242789,4.400928
804114131.914114,4.6189350000000005
804114136.278792,4.293893
804114140.709138,4.359406
804114145.935918,5.13863
804114150.136284,4.129189
804114154.302174,4.094789
804114159.206383,4.8332690000000005
804114164.475752,5.198364
804114169.130641,4.583888
804114173.577014,4.375388
804114178.028098,4.379593
804114182.792637,4.694
804114187.590804,4.727327
804114192.348883,4.687259
804114197.191168,4.771535
804114201.780274,4.518295999999999
804114206.6223941,4.77094
804114211.734112,5.041118
804114216.976513,5.171517
804114221.71445,4.666787
804114226.3665221,4.581327
804114231.451242,5.014055
804114235.889421,4.3671880000000005
804114240.707805,4.746883
804114245.435213,4.656041
804114250.246536,4.7404980000000005
804114254.962647,4.645396000000001
804114259.578054,4.5443810000000004
804114264.3677311,4.718993
804114270.5216,6.082749
804114275.8329921,5.240708000000001
804114280.91689,5.012641
804114285.4032509,4.415507
804114290.610671,5.136154
804114295.024529,4.342656
804114299.757479,4.661785
804114304.0898819,4.262755
804114308.590511,4.4287019999999995
804114312.9618349,4.3005830000000005
804114317.3534299,4.320781
804114321.722855,4.298479
804114326.022477,4.228621
804114330.3549551,4.2618730000000005
804114334.727591,4.3019870000000004
804114339.49412,4.671883
804114343.97778,4.412694
804114348.45527,4.374361
804114352.928185,4.40209
804114357.382818,4.383662
804114361.5845561,4.130789
804114365.892116,4.2367300000000006
804114370.28501,4.321973
804114374.4663761,4.1103499999999995
804114378.8563931,4.319071
804114383.5392311,4.6031830000000005
804114387.699097,4.089055999999999
804114393.2000511,5.4302839999999994
804114398.432815,5.16213
804114402.285035,3.7811749999999997
804114406.4959401,4.139684
804114411.205812,4.638811
804114416.153843,4.8770560000000005
804114420.742427,4.516712
804114425.263128,4.449405
804114429.189275,3.855092
804114432.9300051,3.668587
804114436.302252,3.30015
804114439.437778,3.078042
804114442.2481971,2.743889
804114445.3835269,3.080959
804114448.8702459,3.416681
804114451.760416,2.835112
804114454.83506,3.0016740000000004
804114457.595497,2.700863
804114460.4778941,2.828486
804114463.0919961,2.5613189999999997
804114466.3414171,3.199415
804114469.172333,2.764697
804114471.9831029,2.758102
804114475.057126,2.998472
804114478.133675,3.023867
804114480.868062,2.666244
804114483.816182,2.8939679999999997
804114486.711864,2.846959
804114489.374163,2.610884
804114492.311954,2.886722
804114495.0754429,2.711754
804114499.689657,4.5470429999999995
804114503.828364,4.068674000000001
804114508.271675,4.373162
804114512.7355139,4.393184
804114517.9229931,5.116924
804114523.533622,5.540205
804114528.2078451,4.603579
804114532.520447,4.241256
804114537.357294,4.765216
804114586.436016,49.007470999999995
804114592.210788,5.703275
804114597.936685,5.654376
804114603.097391,5.089385
804114607.4785429,4.310005
804114612.187252,4.638049
804114616.815128,4.556289
804114621.269129,4.382930999999999
804114625.652882,4.312612000000001
804114629.930457,4.206289
804114634.70967,4.707726
804114639.2143791,4.4333979999999995
804114645.316196,6.007263
804114650.276872,4.889335
804114654.3731201,4.027804000000001
804114658.8224449,4.378095
804114663.270843,4.3771510000000005
804114667.6762661,4.335841
804114672.510702,4.763176
804114677.115219,4.533205000000001
804114681.3650041,4.17858
804114685.5932591,4.15717
804114690.1869359,4.522485
804114695.4193939,5.160647
804114700.168622,4.6777169999999995
804114704.8873299,4.647827
804114709.505588,4.52193
804114713.750893,4.174299
804114718.296287,4.474208
804114722.7112571,4.343503
804114727.502653,4.719865
804114732.7728541,5.19893
804114737.251217,4.407358
804114741.52316,4.201198
804114746.1699951,4.575444
804114750.61511,4.3740499999999995
804114755.247857,4.5615760000000005
804114759.974047,4.655245
804114764.423252,4.356118
804114770.202909,5.708933
804114775.035913,4.761938000000001
804114779.148058,4.040768
804114783.170925,3.951581
804114787.450895,4.208629999999999
804114792.2596619,4.738041999999999
804114796.625077,4.294404
804114801.06709,4.371137
804114805.5822829,4.444038
804114810.080793,4.427854999999999
804114814.408034,4.25628
804114818.658671,4.179442
804114822.895687,4.16591
804114827.489794,4.523302
804114832.3385291,4.777939999999999
804114836.97085,4.56102
804114841.28066,4.238344
804114846.0472441,4.6957379999999995
804114850.3424101,4.22394
804114854.6279731,4.214543
804114859.155516,4.456116000000001
804114863.8583859,4.6316
804114868.890102,4.960675999999999
804114873.599738,4.638145
804114878.1438091,4.4725340000000005
804114883.1765821,4.961297
804114888.0436059,4.796073
804114893.716635,5.601699
804114898.825982,5.036493
804114903.64819,4.750216
804114908.215811,4.496926
804114913.1300529,4.843142
804114917.701412,4.499948
804114922.82403,5.051558
804114927.7163819,4.821361
804114932.7963151,5.008372
804114937.525296,4.657781
804114942.367396,4.770512999999999
804114947.048526,4.610014
804114952.332624,5.209359999999999
804114957.392215,4.987819
804114962.583398,5.120132
804114967.504321,4.850193
804114972.205201,4.629981
804114977.452229,5.175946
804114982.8444641,5.320649
804114987.7100741,4.794518
804114992.832997,5.052249
804114998.069004,5.164956
804115003.275773,5.135758
804115008.087256,4.7405729999999995
804115012.893006,4.733897
804115018.488576,5.5246189999999995
804115024.76088,6.2004019999999995
804115030.056125,5.224295000000001
804115034.611698,4.484863000000001
804115039.661576,4.978868
804115045.0813249,5.348228
804115049.9036989,4.750697
804115055.064806,5.089861
804115059.504339,4.368096
804115064.2834821,4.708162
804115069.288355,4.933693
804115074.650591,5.291651
804115079.192316,4.47053
804115083.577121,4.29055
804115088.339034,4.691228000000001
804115092.623249,4.2129
804115097.858925,5.165172
804115102.2628651,4.332718
804115106.594967,4.260840999999999
804115110.8354651,4.1692730000000005
804115115.173817,4.267592
804115119.610412,4.36765
804115124.029186,4.348034
804115128.519727,4.418549
804115133.352244,4.761582000000001
804115137.887054,4.463974
804115143.045414,5.066397
804115147.960735,4.844315
804115152.238104,4.181873
804115157.147552,4.8388729999999995
804115161.852682,4.63414
804115166.446825,4.522981
804115171.446606,4.928616
804115176.258977,4.741691
804115181.935639,5.605512
804115186.7134291,4.707191
804115192.049539,5.2649799999999995
804115197.371195,5.250195
804115201.722317,4.280151
804115206.3822371,4.589161
804115210.676195,4.223434
804115215.0338019,4.286830999999999
804115219.507699,4.402646
804115224.2130951,4.634151
804115228.49061,4.2068710000000005
804115233.045977,4.484713
804115237.446278,4.329235
804115241.85129,4.334137
804115246.423015,4.5009999999999994
804115251.210412,4.716116
804115256.1026831,4.821231
804115260.548129,4.374600999999999
804115264.960132,4.340787
804115270.9805,5.949638
804115277.096536,6.044765
804115281.847343,4.679501
804115286.26504,4.3469809999999995
804115290.387739,4.051749
804115295.1997391,4.740933999999999
804115300.554692,5.284369
804115304.9289169,4.302929
804115309.879279,4.879076
804115314.126864,4.176219
804115318.522805,4.325100999999999
804115322.9895359,4.396046
804115328.178704,5.118544
804115332.854517,4.605082
804115337.6533,4.727328
804115342.3804619,4.654703
804115347.062369,4.610851
804115352.272155,5.138986
804115356.979831,4.636445999999999
804115361.490479,4.440424
804115366.7381929,5.176939
804115371.324813,4.515609
804115375.828334,4.432315
804115380.77195,4.872465
804115385.5806719,4.738176999999999
804115389.856768,4.204936
804115396.090784,6.162985
804115401.050597,4.888166999999999
804115405.195569,4.07384
804115409.5248641,4.258761
804115414.278533,4.682924
804115418.630231,4.281173
804115423.090205,4.389805999999999
804115427.809564,4.648098
804115433.012088,5.1315290000000005
804115437.629209,4.54617
804115442.8343841,5.1337980000000005
804115447.835664,4.930666
804115452.950223,5.0197389999999995
804115457.417415,4.3955649999999995
804115462.094701,4.606967
804115466.3880731,4.222467
804115470.704744,4.245781
804115475.2913489,4.5161050000000005
804115479.6056451,4.243571
804115484.1247071,4.448258
804115488.4130371,4.21744
804115493.1668011,4.6829089999999995
804115497.489641,4.252101000000001
804115501.765437,4.204694999999999
804115506.601037,4.764488
804115511.5941881,4.922130999999999
804115515.8809849,4.216122
804115521.901047,5.949929
804115527.456247,5.484229
804115531.385205,3.8578829999999997
804115535.395017,3.9391620000000005
804115540.133069,4.6675379999999995
804115544.623806,4.41929
804115549.278253,4.582946
804115554.169387,4.819793
804115559.4036951,5.1632620000000005
804115564.836936,5.362256
804115569.529217,4.620718999999999
804115574.535308,4.935262
804115579.364828,4.758114
804115584.220931,4.785252
804115589.421886,5.129478
804115594.399581,4.906801
804115599.442648,4.9718469999999995
804115604.319901,4.8063020000000005
804115608.881943,4.490727
804115613.964432,5.011288
804115618.9795201,4.943996
804115624.1954149,5.144929
804115629.084258,4.817974
804115634.108973,4.9541450000000005
804115639.130535,4.950808
804115645.607717,6.388255
804115651.837142,6.157814
804115657.1777971,5.269354000000001
804115661.7898561,4.5406379999999995
804115666.593892,4.733231
804115671.768491,5.102942
804115676.625991,4.786188999999999
804115681.304691,4.607729
804115685.92971,4.554119
804115691.042885,5.0418
804115696.147486,5.033004
804115700.962698,4.7435350000000005
804115706.1244471,5.090749000000001
804115710.984934,4.789141
804115716.078444,5.022715
804115721.10974,4.959879000000001
804115726.370099,5.1895999999999995
804115731.3827959,4.941305
804115736.337718,4.883531
804115740.968716,4.559747000000001
804115746.3001499,5.260629
804115751.798006,5.426786
804115756.480093,4.611077
804115761.594201,5.043108
804115766.906451,5.240913
804115773.130303,6.152671
804115778.9471271,5.745783
804115783.5409479,4.5225159999999995
804115788.119018,4.50692
804115793.597419,5.4058530000000005
804115798.4373591,4.768518
804115803.00101,4.4923150000000005
804115807.9493469,4.877426
804115812.673858,4.627369
804115817.729399,4.984592
804115822.768127,4.967196
804115828.1256061,5.286089
804115833.4894509,5.292373
804115838.3101549,4.7266010000000005
804115843.102489,4.720923
804115848.0507209,4.8772709999999995
804115852.872072,4.7494629999999995
804115858.002032,5.0587990000000005
804115862.91869,4.845157
804115867.977554,4.987844
804115872.761498,4.683966000000001
804115877.760994,4.92812
804115882.602919,4.769946
804115887.7104759,5.035716
804115893.8705151,6.088432
804115900.200519,6.258748
804115905.218148,4.946512
804115909.86804,4.579062
804115914.450941,4.511269
804115919.1297951,4.607744
804115924.1235629,4.922522000000001
804115929.24803,5.053056
804115934.656794,5.3378239999999995
804115939.5324869,4.804522
804115944.796178,5.192219
804115949.5576849,4.690511
804115954.131349,4.502118
804115959.244565,5.042320999999999
804115964.345633,5.029315
804115969.123798,4.7068650000000005
804115973.9990951,4.8042110000000005
804115978.6126031,4.542141
804115983.80822,5.124572
804115988.64808,4.769083999999999
804115993.226731,4.50736
804115997.953507,4.655855000000001
804116002.849207,4.824193
804116008.133386,5.212668
804116012.812797,4.607984
804116018.666858,5.783111
804116024.035709,5.298041
804116028.6125561,4.504599
804116033.6872569,5.003099
804116038.4301,4.672194
804116043.867897,5.366721
804116048.884859,4.945766
804116053.646987,4.690456
804116058.5292901,4.810782000000001
804116064.0462561,5.445720000000001
804116068.8099381,4.6918999999999995
804116073.530424,4.64917
804116078.3260959,4.72452
804116083.042904,4.6457820000000005
804116088.0755919,4.9616180000000005
804116093.495968,5.348694999999999
804116097.928875,4.361535
804116102.227614,4.227358
804116107.115811,4.816736000000001
804116111.4971579,4.3103560000000005
804116115.887415,4.319428
804116120.385018,4.426806999999999
804116124.6890559,4.232671000000001
804116129.029783,4.269832
804116134.408592,5.307748999999999
804116139.213304,4.734038
804116144.866312,5.582088
804116149.630275,4.693613999999999
804116154.0576091,4.356303
804116158.6332331,4.504658
804116164.2893081,5.584598
804116168.930449,4.55256
804116174.405974,5.404163
804116179.3266909,4.849437
804116184.112841,4.714768
804116188.827649,4.643226
804116193.467407,4.5685780000000005
804116198.478129,4.9386589999999995
804116203.394111,4.844721
804116208.462242,4.996113
804116213.5666621,5.03326
804116218.3722271,4.734122999999999
804116223.606645,5.139797
804116228.4906571,4.8123000000000005
804116233.431852,4.870125000000001
804116238.397219,4.894181
804116243.374493,4.905813
804116248.242668,4.795967
804116252.823976,4.510297
804116257.990962,5.095479
804116262.961966,4.899032
804116268.741895,5.708311
804116275.085601,6.272194
804116280.1858319,5.028911
804116284.8566281,4.599755
804116289.179072,4.251488999999999
804116294.264143,5.0135689999999995
804116299.549534,5.21371
804116304.474106,4.85293
804116309.4284819,4.883401
804116314.184205,4.684548
804116318.7147751,4.4587769999999995
804116322.973371,4.1870140000000005
804116327.307417,4.262621
804116331.9093269,4.530524
804116336.5958201,4.6155170000000005
804116341.408115,4.740317
804116346.106926,4.627474
804116350.245056,4.0669
804116354.315514,3.998962
804116359.0009489,4.602171
804116363.571356,4.4992410000000005
804116368.0357511,4.392868
804116372.563769,4.455765
804116376.8341069,4.1989920000000005
804116381.331304,4.426226
804116386.164127,4.7611609999999995
804116390.598161,4.362528
804116397.077553,6.408337
804116403.305475,6.156576
804116408.446581,5.069038
804116414.074987,5.5569440000000005
804116418.3553929,4.2083889999999995
804116423.285393,4.858427
804116428.045586,4.688651999999999
804116433.4244709,5.306316
804116438.7241961,5.228319
804116443.928614,5.132671
804116448.337435,4.337004
804116453.018018,4.609242
804116457.4960599,4.40627
804116462.3863821,4.8183300000000004
804116467.850189,5.392005
804116472.634675,4.712903
804116477.24069,4.5345130000000005
804116481.8031529,4.491153000000001
804116487.0447431,5.169928
804116491.885194,4.768603
804116496.793502,4.836782
804116501.6972001,4.832698
804116506.4815551,4.71322
804116511.756292,5.202649
804116517.5245379,5.697201
804116522.418058,4.821947
804116526.9114449,4.4249789999999996
804116531.775115,4.792529999999999
804116536.873566,5.026985000000001
804116541.8035711,4.858568
804116546.632399,4.757858000000001
804116551.208765,4.504173
804116556.398549,5.115737
804116561.6706359,5.20043
804116567.0841609,5.342034
804116571.861314,4.705542
804116576.637646,4.705005
804116581.943586,5.2347339999999996
804116586.920008,4.90485
804116592.139722,5.1482719999999995
804116596.94462,4.73294
804116601.837522,4.821857
804116606.519309,4.586664
804116611.41778,4.826653
804116616.4375429,4.94788
804116621.21218,4.703296
804116625.8997099,4.615883
804116630.781662,4.810656
804116635.793021,4.939803
804116640.488098,4.6238470000000005
804116646.884226,6.324542
804116653.129603,6.173921
804116657.858173,4.657274
804116663.097598,5.1677729999999995
804116667.888378,4.718367000000001
804116672.574089,4.614078
804116677.963402,5.318178
804116682.755957,4.721128
804116687.703396,4.858137
804116692.413388,4.6379790000000005
804116697.159925,4.673115999999999
804116701.793841,4.562133
804116706.6291649,4.763923
804116711.026544,4.325602
804116715.391397,4.293678000000001
804116720.344751,4.881201
804116725.0694419,4.65331
804116729.600427,4.459348
804116734.532311,4.860693
804116738.808272,4.204495
804116743.295039,4.415652
804116747.548002,4.181982
804116752.1769149,4.560143
804116756.882858,4.6330729999999996
804116761.3621479,4.408054
804116766.672057,5.238533
804116772.741634,5.997751
804116777.3413639,4.528244
804116781.5427569,4.129766
804116785.578419,3.9645319999999997
804116790.6605879,5.010772
804116795.4722811,4.740378
804116799.865365,4.322259
804116804.265591,4.328895
804116808.674567,4.338116
804116812.993504,4.247861
804116817.4832981,4.418327
804116821.988593,4.43407
804116826.382449,4.322214
804116831.172372,4.7186069999999996
804116835.698681,4.454688
804116840.24178,4.471627
804116844.502301,4.188775
804116848.956001,4.382404
804116853.7465609,4.718812
804116859.1039851,5.286038
804116863.577847,4.40221
804116868.114606,4.465478
804116872.3356849,4.1491109999999995
804116876.569177,4.161746
804116880.997478,4.357341
804116885.865633,4.797415999999999
804116890.621101,4.684157000000001
804116895.257812,4.5648290000000005
804116899.692017,4.362623
804116904.293867,4.530569
804116909.277056,4.912403
804116914.080305,4.732214
804116918.917022,4.765000000000001
804116923.5704119,4.581613
804116928.3303299,4.688267000000001
804116933.2585,4.856684
804116937.7965059,4.466615
804116942.813659,4.945169
804116947.785134,4.9000390000000005
804116952.336988,4.480227
804116956.6650461,4.2561
804116961.37385,4.637823999999999
804116966.137622,4.692141
804116970.6728821,4.463338
804116975.999229,5.231075
804116980.986397,4.891735000000001
804116985.620923,4.563406
804116990.487686,4.795025
804116995.4765669,4.917505
804117000.564013,5.01604
804117005.8431001,5.207661
804117010.920683,5.005686
804117015.551776,4.559782
804117022.093152,6.469629
804117028.370268,6.205363999999999
804117033.355857,4.913596
804117038.066771,4.638947
804117042.742178,4.603498999999999
804117047.4042729,4.590815
804117052.1611141,4.68553
804117057.197245,4.964951
804117062.19806,4.929503
804117067.269248,5.000188
804117072.3165599,4.974869
804117077.222859,4.8347679999999995
804117082.070281,4.776051
804117087.3108879,5.1695020000000005
804117091.735245,4.3526
804117096.064155,4.257688
804117100.366623,4.230676
804117104.794353,4.356644
804117109.5258601,4.660156000000001
804117114.365554,4.768534
804117118.637507,4.200601
804117123.039296,4.330519
804117127.3635651,4.252591
804117132.108669,4.673672
804117136.437603,4.256501
804117140.7292261,4.220276999999999
804117145.45076,4.650223
804117150.1003261,4.578386
804117154.629176,4.457203
804117159.3849549,4.685644999999999
804117164.267769,4.810575999999999
804117168.916363,4.577278
804117174.108282,5.120432
804117179.1023409,4.922457
804117183.981111,4.788986
804117188.641502,4.5590209999999995
804117193.5571129,4.8436829999999995
804117198.572987,4.945175
804117203.805771,5.161207999999999
804117208.7475331,4.870341
804117213.525398,4.70687
804117218.092312,4.495807999999999
804117222.316412,4.152634
804117226.755644,4.368075
804117231.470176,4.643667
804117236.037652,4.496841
804117240.176674,4.0675360000000005
804117244.546278,4.29894
804117249.070578,4.452342
804117253.24598,4.104006
804117257.590822,4.260695999999999
804117261.891157,4.2291799999999995
804117265.9069871,3.9609379999999996
804117271.256322,5.277588
804117275.751529,4.440765
804117280.650411,4.827365
804117285.178244,4.456552
804117289.1133959,3.8638470000000003
804117292.556458,3.3736099999999998
804117295.850057,3.224518
804117299.016891,3.102449
804117302.451749,3.3799
804117305.450096,2.9266449999999997
804117308.540146,3.0301709999999997
804117311.502072,2.906333
804117314.775168,3.220719
804117317.6099839,2.7665469999999996
804117320.5454689,2.8823719999999997
804117323.626052,3.026582
804117326.252257,2.552428
804117329.009537,2.689106
804117331.8408101,2.778119
804117334.943354,3.054297
804117337.766773,2.7549200000000003
804117341.1050061,3.282568
804117343.869323,2.696574
804117346.836246,2.9167170000000002
804117349.745685,2.857062
804117352.99445,3.196619
804117356.3796619,3.315295
804117359.442494,2.992087
804117362.688452,3.180732
804117366.877611,4.119257
804117371.0657481,4.11831
804117375.049133,3.912375
804117379.32523,4.2055620000000005
804117384.310007,4.914057000000001
804117388.836496,4.45549
804117393.7676829,4.860523000000001
804117398.4252881,4.585948
804117402.847756,4.351698
804117407.540458,4.621570999999999
804117411.707631,4.095466
804117416.533408,4.754386
804117420.891125,4.286395
804117425.289536,4.326885
804117429.707909,4.347909
804117434.4462421,4.667157
804117438.999434,4.482752
804117443.444539,4.374295999999999
804117448.738791,5.222696
804117453.2810179,4.471055
804117457.964232,4.611538
804117462.832799,4.797601
804117468.16119,5.256905
804117472.732504,4.500163
804117477.048023,4.245094
804117481.731583,4.612836000000001
804117486.109958,4.30735
804117490.6042731,4.4233340000000005
804117494.950503,4.275009
804117499.479739,4.458136
804117503.565928,4.015515
804117508.489397,4.852664
804117512.69731,4.137073
804117517.8143251,5.04617
804117523.3627939,5.47771
804117527.643847,4.210078
804117531.697677,3.98337
804117536.157982,4.38911
804117539.6179689,3.389112
804117543.2320501,3.546392
804117546.554366,3.251277
804117549.770476,3.152551
804117553.2809379,3.446172
804117557.17276,3.8359710000000002
804117561.3112711,4.066478999999999
804117565.202276,3.8208119999999997
804117569.363661,4.090093
804117574.219177,4.7844050000000005
804117578.756241,4.465638
804117583.367959,4.5399519999999995
804117587.918901,4.479661
804117592.796072,4.806095
804117597.677668,4.80989
804117602.633568,4.884949000000001
804117607.2355131,4.530574
804117612.271775,4.965036
804117617.2792649,4.935878000000001
804117621.901562,4.529397
804117626.48723,4.514446
804117631.228354,4.669814000000001
804117636.138347,4.839052
804117640.941396,4.73278
804117646.649151,5.636699
804117651.6496791,4.9295279999999995
804117656.5085579,4.787347
804117661.1004499,4.497502
804117665.656553,4.484843
804117670.305578,4.5773530000000004
804117675.272504,4.895951
804117680.1407,4.796754
804117684.7228589,4.511169
804117689.247916,4.4545069999999996
804117693.880292,4.56111
804117698.448609,4.497046
804117702.970202,4.4508339999999995
804117707.4787799,4.437513
804117712.155349,4.60579
804117716.833582,4.606471
804117721.412218,4.5077110000000005
804117726.12431,4.641027
804117730.9388859,4.7430889999999994
804117735.553917,4.544320999999999
804117740.2954321,4.670395
804117745.1066849,4.740167
804117749.914374,4.7366839999999995
804117754.723046,4.737506
804117759.637103,4.84258
804117764.256349,4.5482450000000005
804117770.1597439,5.832225
804117776.1108259,5.880067
804117780.402614,4.219716
804117784.7193251,4.2456059999999995
804117789.145441,4.355131
804117793.485026,4.268293
804117797.7037491,4.147668
804117802.1198931,4.344942
804117806.4674561,4.276312
804117810.6782551,4.139915
804117815.088424,4.3394699999999995
804117819.306756,4.147182
804117823.5368309,4.1588780000000005
804117827.7628859,4.1553249999999995
804117831.9820299,4.147914
804117836.455992,4.3002530000000005
804117841.340601,4.813377
804117845.6646789,4.253013
804117850.1420449,4.406766
804117854.39635,4.183722
804117858.630945,4.163144
804117862.864358,4.162948
804117867.22246,4.287283
804117871.576539,4.283529000000001
804117875.89331,4.245942
804117880.2299271,4.265738
804117884.590937,4.290425
804117889.011735,4.349602999999999
804117894.726933,5.644929
804117900.923211,6.124896000000001
804117906.0489111,5.054955
804117910.321614,4.201358
804117915.114875,4.722040000000001
804117919.587751,4.4018299999999995
804117924.140622,4.4818810000000004
804117928.612134,4.400366
804117933.191336,4.508403
804117937.77332,4.510969
804117942.603853,4.759803
804117947.401038,4.726019
804117952.355268,4.8830100000000005
804117956.9828689,4.556529
804117961.82154,4.767767
804117966.255214,4.362588
804117970.5981259,4.271536
804117975.275928,4.608987
804117980.2036769,4.856564
804117984.669656,4.394582
804117989.06935,4.328639
804117993.498989,4.358599
804117997.976946,4.4062
804118002.62774,4.579573
804118007.400869,4.701593
804118011.82893,4.357015
804118016.857102,4.957107
804118023.134469,6.183193
804118028.763771,5.558457
804118033.2901659,4.45539
804118038.017473,4.656693
804118042.97643,4.887244
804118048.258554,5.210798
804118053.206074,4.876525
804118057.880127,4.602958
804118062.775145,4.824078
804118067.403667,4.557256
804118072.167214,4.692311
804118077.023723,4.78575
804118081.992778,4.897584
804118087.3255601,5.262098
804118092.36317,4.966996000000001
804118097.112408,4.678192999999999
804118101.778523,4.595033999999999
804118106.494609,4.645080999999999
804118111.067026,4.501387
804118115.443787,4.281008
804118120.028783,4.514131
804118124.725073,4.624363000000001
804118129.178578,4.382404
804118133.659,4.409898
804118138.5843389,4.854634
804118143.866022,5.2107730000000005
804118148.990514,5.053521
804118153.42087,4.358988999999999
804118157.79532,4.303821
804118162.07055,4.204059
804118166.2857801,4.144169
804118171.475704,5.118318
804118176.322229,4.775314
804118180.9913859,4.597305
804118186.309309,5.246456
804118191.716329,5.335574
804118196.7253519,4.937902
804118201.630814,4.834682
804118206.699286,4.997291
804118212.17019,5.3992830000000005
804118217.354411,5.112504
804118222.381171,4.955102
804118226.969169,4.516271
804118231.787533,4.7476899999999995
804118236.494022,4.635508
804118241.369249,4.804091
804118246.310113,4.869749
804118251.063757,4.682072
804118255.789621,4.65535
804118260.7570169,4.896637
804118265.269549,4.441597000000001
804118270.732073,5.391573999999999
804118275.3511081,4.54802
804118280.6012731,5.17917
804118285.962963,5.290398
804118290.8443589,4.809919
804118295.3982271,4.482823000000001
804118300.1061441,4.636561
804118305.169334,4.991151
804118310.371346,5.1305559999999995
804118315.248322,4.80544
804118319.78491,4.465638
804118324.648881,4.7925889999999995
804118329.912437,5.1923
804118334.970925,4.987388
804118339.833632,4.791221
804118344.798589,4.883282
804118349.360456,4.490962000000001
804118354.45779,5.026134
804118359.372444,4.8431619999999995
804118364.295602,4.851852
804118369.326235,4.959388000000001
804118373.945666,4.548491
804118379.216118,5.199617
804118383.776607,4.489985
804118388.881028,5.03355
804118394.811271,5.859067
804118399.735978,4.853485999999999
804118405.014519,5.183479
804118410.200163,5.114279
804118415.205082,4.933647000000001
804118420.093203,4.816746
804118425.114941,4.949585
804118430.2714031,5.0857410000000005
804118435.064263,4.721503
804118440.036215,4.900415
804118444.8243741,4.7150229999999995
804118449.378192,4.482753
804118454.42776,4.9783170000000005
804118459.303533,4.8044020000000005
804118464.32287,4.948071
804118469.3804959,4.986576
804118474.651294,5.1996530000000005
804118479.321147,4.599119
804118484.3206689,4.928106
804118489.542634,5.150748
804118494.5374041,4.923404000000001
804118499.188829,4.579984
804118504.3457971,5.085962
804118509.3953489,4.978362
804118514.404373,4.937727000000001
804118520.49528,6.019731999999999
804118526.0404371,5.474417
804118530.735659,4.624448
804118535.020386,4.2137970000000005
804118539.543362,4.451635
804118544.3606191,4.746010999999999
804118549.575261,5.143346
804118554.348115,4.701722999999999
804118559.166539,4.746722999999999
804118564.50763,5.26956
804118569.4963361,4.9176660000000005
804118574.74391,5.176699
804118579.739652,4.924752
804118584.6372861,4.826663999999999
804118589.6335651,4.925383
804118594.042907,4.338375999999999
804118598.724087,4.609914
804118603.68186,4.886398
804118608.236717,4.48318
804118613.2906799,4.983002
804118618.0240409,4.662116
804118622.73894,4.643166
804118627.783952,4.9740519999999995
804118632.692907,4.819241
804118637.966837,5.20274
804118644.0709901,6.032993
804118649.854051,5.710967
804118654.633314,4.7084340000000005
804118659.784413,5.0805299999999995
804118664.103384,4.247731
804118668.927913,4.752637
804118674.158277,5.1590869999999995
804118679.1184161,4.889410000000001
804118684.280892,5.091514999999999
804118689.306539,4.954575999999999
804118694.156852,4.779694
804118698.9280269,4.700229
804118703.659524,4.6609169999999995
804118708.3080931,4.576887
804118713.1930369,4.813518
804118718.728712,5.465367
804118723.88341,5.083026
804118728.415753,4.461073000000001
804118733.491346,5.004402
804118738.382024,4.819547
804118743.162395,4.709811999999999
804118747.653116,4.419325
804118752.4342641,4.709947
804118756.953898,4.448538
804118761.809048,4.783894
804118767.236791,5.3566270000000005
804118773.154289,5.846298
804118777.58656,4.360964
804118781.948642,4.290996
804118786.554105,4.534589
804118791.621394,4.9726989999999995
804118796.09236,4.399724
804118800.633824,4.469858
804118805.85029,5.145301
804118810.585757,4.663704
804118814.920831,4.264159
804118819.55892,4.5667040000000005
804118824.138889,4.5086379999999995
804118828.759102,4.548546
804118833.560642,4.73062
804118838.377052,4.744688
804118843.138885,4.690291
804118847.617112,4.406947
804118852.308401,4.619802
804118857.195887,4.815994
804118862.001632,4.73482
804118866.562316,4.489578
804118871.075139,4.441772
804118875.861784,4.71546
804118880.48765,4.55427
804118885.2004039,4.641427
804118890.011005,4.73959
804118896.763818,6.681743
804118901.633973,4.798333
804118906.3115699,4.606235
804118910.729712,4.346982
804118915.6526,4.851827
804118920.284064,4.5607299999999995
804118925.029554,4.674013
804118929.8763491,4.776081
804118934.69739,4.7499150000000006
804118939.2069601,4.438074
804118943.6644939,4.387116
804118948.202876,4.466605
804118952.740793,4.466775
804118957.293383,4.481124
804118961.923665,4.557517
804118966.4040921,4.409247
804118971.622713,5.1475610000000005
804118976.380486,4.686267
804118981.214622,4.7627299999999995
804118986.026502,4.740965
804118991.103289,5.0054
804118995.7201791,4.54598
804119000.437623,4.646033
804119004.904248,4.39546
804119009.762781,4.787367
804119014.974286,5.14049
804119021.323294,6.277948
804119027.2880629,5.893281999999999
804119031.93585,4.576897
804119036.3260671,4.292891
804119041.420169,5.022724999999999
804119046.0304791,4.538873
804119050.6136999,4.5121459999999995
804119055.309189,4.6244629999999995
804119060.152526,4.771441
804119064.946834,4.722782
804119069.48025,4.4622
804119074.131906,4.579448
804119078.678568,4.474704
804119083.65058,4.900665999999999
804119088.4042441,4.682052
804119093.505271,5.030068
804119098.952845,5.375787
804119103.530885,4.506689000000001
804119107.8143691,4.212263
804119112.109535,4.224101
804119116.39142,4.210018000000001
804119120.6454461,4.18279
804119125.020057,4.30337
804119129.351673,4.260454999999999
804119133.6972771,4.274497
804119138.111801,4.3251349999999995
804119143.645105,5.381585
804119148.7117671,4.995487
804119153.160591,4.377192
804119157.70175,4.47044
804119162.869132,5.072325
804119167.565222,4.621626
804119172.239676,4.602887
804119176.5383201,4.227349
804119181.03921,4.430406
804119185.574024,4.463569
804119189.7990971,4.154057
804119194.334968,4.464781
804119198.413335,4.007847
804119202.8222159,4.337946
804119207.631068,4.737611
804119212.2543429,4.552495
804119216.7861949,4.461277
804119221.1727589,4.315608
804119225.636407,4.392463
804119230.5556511,4.848033
804119234.825769,4.198622
804119239.094133,4.197493
804119243.39843,4.2338189999999996
804119247.7215209,4.251861
804119251.9735421,4.18101
804119256.324102,4.254396
804119260.591889,4.1964619999999995
804119264.9656991,4.3025590000000005
804119271.374271,6.3372209999999995
804119276.5423449,5.096792
804119280.704661,4.091051
804119284.787493,4.011446
804119289.066331,4.208474
804119293.260277,4.12315
804119297.931553,4.600492
804119302.151569,4.148625
804119306.576553,4.354514
804119310.75177,4.104302
804119315.323895,4.50084
804119319.872772,4.478077
804119324.551617,4.608094
804119328.8586351,4.236219
804119333.287673,4.357822
804119337.758939,4.400161
804119342.0211691,4.190837999999999
804119346.516581,4.424396
804119350.735169,4.147691999999999
804119355.541244,4.735105
804119359.735185,4.123431
804119364.183943,4.378224
804119368.594759,4.339514
804119372.916687,4.251049
804119377.166322,4.178515
804119381.472855,4.235697
804119386.350632,4.8065169999999995
804119390.8240329,4.40215
804119396.86482,5.970428
804119401.253183,4.317539
804119405.610424,4.285978999999999
804119410.437203,4.755488000000001
804119415.252059,4.7431540000000005
804119420.149708,4.826002
804119424.693437,4.470109
804119429.174832,4.41038
804119433.494225,4.248462
804119437.963511,4.397991
804119442.147293,4.1128160000000005
804119446.377563,4.15967
804119450.613391,4.164782
804119454.879955,4.195529
804119459.2266409,4.275811
804119463.5585879,4.261076
804119467.8196039,4.190182
804119472.222637,4.3315660000000005
804119476.601913,4.308302
804119481.3777989,4.705025
804119485.6772449,4.228776
804119490.408652,4.660406
804119495.0607591,4.581187
804119499.829929,4.697998999999999
804119504.550375,4.64921
804119509.248459,4.627014
804119514.144003,4.800202
804119520.425715,6.210389999999999
804119525.74878,5.251299
804119530.277129,4.457269
804119534.6015179,4.252858
804119539.066946,4.394367
804119543.737787,4.600036
804119548.765483,4.956792
804119553.3355141,4.499096
804119558.4035649,4.996284
804119563.201787,4.727081999999999
804119567.818207,4.545429
804119572.4638339,4.5746720000000005
804119577.358456,4.8227139999999995
804119582.2619979,4.832447
804119586.758588,4.425344
804119591.178029,4.34835
804119596.154692,4.905411999999999
804119601.311549,5.085737
804119605.937325,4.555216
804119610.388655,4.380309
804119614.734569,4.274832999999999
804119619.132679,4.30335
804119623.927113,4.722836999999999
804119628.630189,4.631499
804119633.166065,4.464936
804119638.0293441,4.792454
804119643.504493,5.400751
804119648.3077921,4.732018999999999
804119652.747269,4.3682870000000005
804119657.529424,4.710693999999999
804119661.998154,4.397284
804119666.423534,4.353663
804119671.192238,4.697413
804119675.914714,4.650823999999999
804119680.728488,4.742343000000001
804119685.24085,4.440364
804119690.562145,5.249503
804119695.504749,4.871688
804119700.031294,4.454958
804119704.577324,4.473591
804119709.742751,5.094127
804119714.9512241,5.136966
804119719.636894,4.613627999999999
804119724.60843,4.900396
804119730.158343,5.478356
804119734.935626,4.706608999999999
804119740.330308,5.323455
804119745.627557,5.2260539999999995
804119750.714236,5.015584
804119755.5115709,4.725824
804119760.487898,4.90475
804119765.196126,4.636470999999999
804119771.6309791,6.363647
804119777.037629,5.335338
804119782.037245,4.927899
804119786.864635,4.756075
804119791.590404,4.65372
804119797.0119181,5.350318
804119802.327194,5.244256
804119806.952724,4.553723
804119811.3285079,4.305185
804119816.53685,5.137397
804119821.290916,4.682919
804119825.782344,4.420292
804119830.277601,4.424106
804119834.674714,4.325547
804119839.723766,4.978271
804119844.3265481,4.531963
804119848.795609,4.397785000000001
804119853.5979611,4.731066
804119858.073016,4.40419
804119862.5976111,4.45336
804119867.469891,4.800803999999999
804119871.730462,4.189119
804119876.076436,4.274758
804119880.570555,4.422663
804119885.342526,4.700495
804119890.147986,4.711390000000001
804119896.583721,6.364695
804119901.3367879,4.682152
804119905.4359679,4.027744
804119909.663081,4.1562719999999995
804119914.3690181,4.634901999999999
804119918.903456,4.463553
804119923.389853,4.4151549999999995
804119927.971431,4.510247000000001
804119932.7758621,4.710488
804119937.2831069,4.436179999999999
804119941.569754,4.215896
804119945.789224,4.148525
804119950.259789,4.399228
804119954.889208,4.558404
804119959.606292,4.6348270000000005
804119964.1324351,4.445786999999999
804119968.439564,4.236214
804119972.7304759,4.219460000000001
804119977.8366951,5.034758
804119982.43418,4.52638
804119986.6664649,4.161013
804119990.836058,4.0981819999999995
804119995.184729,4.2776510000000005
804119999.373968,4.118279
804120004.076388,4.630632
804120008.57165,4.42351
804120013.1777151,4.533887
804120018.5882729,5.3391519999999995
804120024.8242581,6.164664
804120029.3640289,4.468339
804120033.541095,4.105499
804120038.318353,4.705787
804120043.713014,5.3228290000000005
804120048.623804,4.839524000000001
804120052.966195,4.27081
804120057.3679789,4.330523
804120062.138457,4.699643
804120067.35114,5.141171
804120072.741591,5.319675999999999
804120077.6728879,4.860468
804120082.789722,5.045152
804120087.683378,4.822275
804120092.2423129,4.48796
804120096.82349,4.509961
804120101.189872,4.295291
804120105.327777,4.066323000000001
804120110.638969,5.239574999999999
804120114.8285791,4.11869
804120119.544064,4.624664
804120124.208209,4.592669
804120128.543464,4.263903
804120133.107536,4.493011
804120137.3114951,4.132702999999999
804120142.239334,4.856197
804120146.470451,4.157219
804120149.916505,3.374532
804120153.242073,3.2539320000000003
804120156.087934,2.760954
804120159.1892611,3.0421530000000003
804120161.6816341,2.439992
804120164.867983,3.117895
804120167.593329,2.669416
804120170.157249,2.511929
804120172.973116,2.762545
804120176.042438,3.021435
804120178.778116,2.6859420000000003
804120182.043831,3.220184
804120185.496516,3.3813340000000003
804120188.9101291,3.33512
804120192.5452379,3.5570530000000002
804120195.771661,3.156705
804120198.740849,2.900133
804120202.029497,3.21914
804120204.873646,2.772986
804120207.878471,2.9532209999999997
804120211.066961,3.126289
804120214.1613749,3.0302860000000003
804120217.275151,3.022683
804120220.132769,2.78704
804120223.35184,3.146732
804120226.3236539,2.906127
804120230.255199,3.860053
804120233.690678,3.367045
804120237.606161,3.8440610000000004
804120240.8953921,3.2178850000000003
804120244.618243,3.6583509999999997
804120248.4893271,3.800254
804120252.851835,4.291195999999999
804120257.834406,4.911531
804120262.436372,4.528153
804120267.5888441,5.080756
804120273.044126,5.383826
804120277.98442,4.868987
804120282.495037,4.438524999999999
804120286.9727789,4.40637
804120291.492939,4.448378
804120296.592693,5.028514
804120301.297789,4.63389
804120305.805885,4.43631
804120310.4857371,4.6080749999999995
804120314.9908069,4.433834
804120319.6346049,4.571669
804120324.7253929,5.019277
804120329.5511249,4.7544759999999995
804120334.738433,5.115887000000001
804120339.9788,5.16879
804120344.7421969,4.669673
804120349.810222,4.996575
804120354.410629,4.528965
804120358.8843911,4.402444999999999
804120363.543184,4.586790000000001
804120368.1498799,4.534995
804120372.9362451,4.715384
804120377.656266,4.648841
804120382.705162,4.977716
804120387.129985,4.353212
804120392.945581,5.743804
804120397.6942979,4.665273
804120402.5599431,4.793581
804120407.4599719,4.828308
804120412.8018609,5.270351000000001
804120417.304986,4.423629999999999
804120421.791638,4.4148499999999995
804120426.230819,4.368101
804120431.251941,4.949434
804120435.631819,4.308552000000001
804120440.189917,4.486923
804120444.785703,4.524570000000001
804120449.969684,5.112639000000001
804120454.705516,4.664126
804120459.2342659,4.457183
804120463.64044,4.334277
804120468.359188,4.64717
804120472.86731,4.43656
804120477.691362,4.753047
804120482.368899,4.60597
804120487.367332,4.927098
804120491.8836989,4.4450460000000005
804120496.359761,4.40425
804120501.058086,4.626824
804120505.703558,4.574275
804120510.243198,4.468355
804120515.233994,4.919625000000001
804120521.988346,6.6832769999999995
804120527.695495,5.635722
804120532.651349,4.884599
804120537.092581,4.370210999999999
804120542.0518731,4.887827
804120546.9676889,4.8430670000000005
804120551.645336,4.606561
804120556.2919501,4.574998
804120560.999111,4.6353979999999995
804120565.782203,4.7118009999999995
804120570.5596371,4.705540999999999
804120575.862494,5.216256
804120580.788068,4.8308789999999995
804120585.1718551,4.312722
804120589.8420149,4.5986769999999995
804120594.555991,4.643147
804120599.579984,4.952191
804120604.590927,4.939215
804120608.92365,4.2611419999999995
804120613.6726791,4.6777679999999995
804120618.605495,4.861394
804120623.270492,4.59345
804120627.722799,4.38074
804120632.128843,4.337615
804120636.721181,4.521198
804120642.2800299,5.4878979999999995
804120648.429097,6.078087
804120653.641128,5.141572
804120658.1971769,4.4848930000000005
804120662.942301,4.673667
804120667.673136,4.659374
804120672.559313,4.814997
804120677.317698,4.687149
804120681.8252131,4.436209
804120686.718607,4.822203
804120691.625844,4.8357850000000004
804120696.150208,4.453279
804120701.0597451,4.838752
804120705.772929,4.639899000000001
804120710.609371,4.76498
804120715.682293,5.001661
804120720.7273101,4.97368
804120725.820905,5.022274
804120730.958753,5.0667029999999995
804120735.925187,4.895048
804120740.8180901,4.821657
804120745.4063389,4.516748
804120750.074584,4.59733
804120754.680985,4.53497
804120759.610839,4.858989
804120764.17462,4.492274999999999
804120769.37511,5.129308
804120773.796399,4.3503
804120778.5063959,4.638711
804120783.801536,5.224004
804120789.237262,5.362526
804120793.672675,4.3637559999999995
804120798.533844,4.789948
804120802.955309,4.350109
804120807.704492,4.678188
804120812.731122,4.955584
804120817.709729,4.907382
804120822.8415179,5.060458000000001
804120827.7786341,4.865844999999999
804120832.176439,4.326128000000001
804120836.775342,4.525984
804120841.4980191,4.651601
804120846.404964,4.835364
804120851.160006,4.683606
804120856.074264,4.84256
804120861.0764661,4.931147
804120865.732427,4.584836
804120870.7603849,4.956365
804120875.38561,4.553734
804120879.864524,4.407503
804120884.753954,4.818429
804120889.194453,4.369614
804120895.215102,5.949213
804120901.334431,6.048293
804120905.8898929,4.484301
804120910.114094,4.153135
804120915.206491,5.021177
804120920.0373139,4.760039
804120924.881303,4.771555
804120929.158733,4.206881
