basic_appreq,2389270,2348680153075,640
basic_appreq,2712859,2348682963937,640
basic_appreq,2812412,2348685817726,640
basic_appreq,2828600,2348688688847,640
basic_appreq,2765730,2348691494019,640
basic_appreq,2876192,2348694411132,640
basic_appreq,2388310,2348696837515,640
basic_appreq,1795812,2348698681152,640
basic_appreq,2490945,2348701211775,640
basic_appreq,2454791,2348703710534,640
basic_appreq,2629808,2348706377630,640
basic_appreq,2748224,2348709165725,640
basic_appreq,2475673,2348711684057,640
basic_appreq,1764890,2348713494491,640
basic_appreq,2111076,2348715647105,640
basic_appreq,2560681,2348718246628,640
basic_appreq,1998204,2348720292143,640
basic_appreq,2361039,2348722697074,640
basic_appreq,2608845,2348725343360,640
basic_appreq,2408387,2348727792372,640
basic_appreq,1721177,2348729554729,640
basic_appreq,2351709,2348731953990,640
basic_appreq,2310506,2348734308078,640
basic_appreq,2012178,2348736366443,640
basic_appreq,2227310,2348738633271,640
basic_appreq,2802150,2348741477319,640
basic_appreq,2448056,2348743962263,640
basic_appreq,2995749,2348747025533,640
basic_appreq,2659674,2348749721087,640
basic_appreq,2949409,2348752713874,640
basic_appreq,2529897,2348755285220,640
basic_appreq,2506260,2348757834530,640
basic_appreq,2727016,2348760616797,640
basic_appreq,1596286,2348762261584,640
basic_appreq,2125495,2348764429756,640
basic_appreq,1797067,2348766267451,640
basic_appreq,2286306,2348768588178,640
basic_appreq,2648427,2348771274228,640
basic_appreq,2173375,2348773491986,640
basic_appreq,1800509,2348775348101,640
basic_appreq,2866734,2348778257934,640
basic_appreq,2744582,2348781041414,640
basic_appreq,2571614,2348783652627,640
basic_appreq,1705727,2348785397777,640
basic_appreq,2038192,2348787477779,640
basic_appreq,2410402,2348789932053,640
basic_appreq,2964578,2348792937888,640
basic_appreq,2625187,2348795600167,640
basic_appreq,2053421,2348797691185,640
basic_appreq,2409157,2348800138206,640
basic_appreq,2820026,2348803007356,640
basic_appreq,2725376,2348805771008,640
basic_appreq,2260351,2348808073204,640
basic_appreq,1649031,2348809766807,640
basic_appreq,2296299,2348812104855,640
basic_appreq,2369563,2348814519292,640
basic_appreq,2058401,2348816621502,640
basic_appreq,1993584,2348818655219,640
basic_appreq,2315731,2348821004637,640
basic_appreq,2516337,2348823567326,640
basic_appreq,2764587,2348826380185,640
basic_appreq,1698478,2348828123651,640
basic_appreq,1825873,2348829994309,640
basic_appreq,2496838,2348832527408,640
basic_appreq,2502244,2348835069770,640
basic_appreq,2067085,2348837179130,640
basic_appreq,2810134,2348840030777,640
basic_appreq,2733616,2348842804870,640
basic_appreq,2286516,2348845127396,640
basic_appreq,2347384,2348847512361,640
basic_appreq,2804772,2348850360570,640
basic_appreq,2283962,2348852685960,640
basic_appreq,3260648,2348856000046,640
basic_appreq,2373622,2348858444991,640
basic_appreq,2428682,2348860912934,640
basic_appreq,1805245,2348862772640,640
basic_appreq,2443644,2348865260289,640
basic_appreq,2773609,2348868080514,640
basic_appreq,2363755,2348870497237,640
basic_appreq,1797034,2348872338261,640
basic_appreq,3259258,2348875644013,640
basic_appreq,2916299,2348878595487,640
basic_appreq,2621879,2348881258509,640
basic_appreq,2359347,2348883656520,640
basic_appreq,2825007,2348886526075,640
basic_appreq,2711800,2348889279786,640
basic_appreq,2294728,2348891617672,640
basic_appreq,2052035,2348893712795,640
basic_appreq,2388726,2348896146419,640
basic_appreq,1804483,2348898000859,640
basic_appreq,2035969,2348900081663,640
basic_appreq,2073297,2348902208052,640
basic_appreq,2408437,2348904655760,640
basic_appreq,2817102,2348907510076,640
basic_appreq,2281198,2348909825560,640
basic_appreq,1995836,2348911863342,640
basic_appreq,2355712,2348914256111,640
basic_appreq,3031245,2348917335109,640
basic_appreq,2717290,2348920096188,640
basic_appreq,2762332,2348922901454,640
basic_appreq,2145868,2348925090092,640
basic_appreq,1855434,2348926985790,640
basic_appreq,2661824,2348929683163,640
basic_appreq,2308293,2348932033271,640
basic_appreq,2235889,2348934310234,640
basic_appreq,2004274,2348936350968,640
basic_appreq,2311619,2348938715543,640
basic_appreq,2468904,2348941219520,640
basic_appreq,2537695,2348943800330,640
basic_appreq,1714733,2348945559136,640
basic_appreq,2583828,2348948189288,640
basic_appreq,2115369,2348950360782,640
basic_appreq,1961646,2348952365469,640
basic_appreq,2475659,2348954881812,640
basic_appreq,1652585,2348956578298,640
basic_appreq,2014065,2348958653582,640
basic_appreq,2314017,2348961006007,640
basic_appreq,2682716,2348963725078,640
basic_appreq,3051092,2348966810043,640
basic_appreq,2303773,2348969153529,640
basic_appreq,2463136,2348971662626,640
basic_appreq,2760569,2348974464567,640
basic_appreq,2431114,2348976935108,640
basic_appreq,2223944,2348979199600,640
basic_appreq,2341188,2348981577936,640
basic_appreq,1804935,2348983424981,640
basic_appreq,2397033,2348985858712,640
basic_appreq,1626941,2348987529994,640
basic_appreq,1856080,2348989429332,640
basic_appreq,2421545,2348991896000,640
basic_appreq,2541104,2348994474931,640
basic_appreq,2979246,2348997494660,640
basic_appreq,2251768,2348999787085,640
basic_appreq,3105937,2349002931884,640
basic_appreq,2916678,2349005885682,640
basic_appreq,2675184,2349008599699,640
basic_appreq,2064876,2349010707531,640
basic_appreq,1714715,2349012463220,640
basic_appreq,2144392,2349014651557,640
basic_appreq,2417080,2349017109462,640
basic_appreq,1955145,2349019106345,640
basic_appreq,2493289,2349021646807,640
basic_appreq,2290297,2349023978890,640
basic_appreq,2611454,2349026667750,640
basic_appreq,2662268,2349029370093,640
basic_appreq,2755471,2349032163287,640
basic_appreq,2785322,2349034986681,640
basic_appreq,2887282,2349037908229,640
basic_appreq,2347892,2349040292994,640
basic_appreq,1816509,2349042162177,640
basic_appreq,2454281,2349044670110,640
basic_appreq,2732459,2349047448849,640
basic_appreq,3040972,2349050529026,640
basic_appreq,2624904,2349053200368,640
basic_appreq,2286690,2349055526028,640
basic_appreq,2152775,2349057722278,640
basic_appreq,2832283,2349060599650,640
basic_appreq,2810455,2349063451439,640
basic_appreq,2182121,2349065670071,640
basic_appreq,3068629,2349068793774,640
basic_appreq,2448009,2349071300316,640
basic_appreq,2530038,2349073868169,640
basic_appreq,2683954,2349076600238,640
basic_appreq,2471546,2349079116197,640
basic_appreq,2286429,2349081446341,640
basic_appreq,1949878,2349083441983,640
basic_appreq,1995746,2349085481043,640
basic_appreq,2384241,2349087918431,640
basic_appreq,2598345,2349090556825,640
basic_appreq,2936677,2349093540941,640
basic_appreq,2697304,2349096283017,640
basic_appreq,1785149,2349098108392,640
basic_appreq,2344800,2349100489504,640
basic_appreq,2611581,2349103154227,640
basic_appreq,2979126,2349106173637,640
basic_appreq,2767622,2349108987006,640
basic_appreq,1808188,2349110836952,640
basic_appreq,2464226,2349113340201,640
basic_appreq,3021826,2349116413844,640
basic_appreq,1608300,2349118074177,640
basic_appreq,2198710,2349120316587,640
basic_appreq,2136685,2349122497980,640
basic_appreq,2186446,2349124724694,640
basic_appreq,1808288,2349126577918,640
basic_appreq,2197656,2349128813837,640
basic_appreq,1686808,2349130547990,640
basic_appreq,2493338,2349133080560,640
basic_appreq,2036558,2349135165107,640
basic_appreq,2540238,2349137759068,640
basic_appreq,2390129,2349140189575,640
basic_appreq,2615608,2349142848925,640
basic_appreq,2329212,2349145221194,640
basic_appreq,3025385,2349148295046,640
basic_appreq,2704242,2349151047297,640
basic_appreq,2942557,2349154027960,640
basic_appreq,2624128,2349156699793,640
basic_appreq,2051888,2349158796082,640
basic_appreq,3213985,2349162055476,640
basic_appreq,1868846,2349163967375,640
basic_appreq,2165430,2349166191278,640
basic_appreq,2969817,2349169220629,640
basic_appreq,2287770,2349171549240,640
basic_appreq,2594970,2349174183823,640
basic_appreq,2963241,2349177199564,640
basic_appreq,2154486,2349179394872,640
basic_appreq,1774211,2349181212016,640
basic_appreq,2297249,2349183552227,640
basic_appreq,2506717,2349186102664,640
basic_appreq,2456710,2349188604854,640
basic_appreq,2357577,2349191012054,640
basic_appreq,1878893,2349192933813,640
basic_appreq,2191232,2349195185775,640
basic_appreq,2579811,2349197822661,640
basic_appreq,1814177,2349199692368,640
basic_appreq,2296903,2349202032713,640
basic_appreq,2430115,2349204509140,640
basic_appreq,2453886,2349207011252,640
basic_appreq,2463454,2349209513400,640
basic_appreq,2287176,2349211863896,640
basic_appreq,1597615,2349213504708,640
basic_appreq,2412973,2349215957398,640
basic_appreq,1835956,2349217834256,640
basic_appreq,2802360,2349220673980,640
basic_appreq,2564945,2349223277517,640
basic_appreq,2286699,2349225600754,640
basic_appreq,2029002,2349227683665,640
basic_appreq,2486635,2349230213669,640
basic_appreq,2498963,2349232750596,640
basic_appreq,2306915,2349235100301,640
basic_appreq,2761392,2349237900694,640
basic_appreq,2161858,2349240103120,640
basic_appreq,1624395,2349241777719,640
basic_appreq,2247109,2349244065026,640
basic_appreq,1875339,2349245984265,640
basic_appreq,2179866,2349248200197,640
basic_appreq,2681875,2349250922018,640
basic_appreq,2351091,2349253307679,640
basic_appreq,1804216,2349255163390,640
basic_appreq,1988434,2349257195459,640
basic_appreq,1891610,2349259133104,640
basic_appreq,2246773,2349261418850,640
basic_appreq,2299690,2349263757910,640
basic_appreq,2677650,2349266473124,640
basic_appreq,2796654,2349269310649,640
basic_appreq,2321762,2349271670003,640
basic_appreq,2350143,2349274055317,640
basic_appreq,2546519,2349276654967,640
basic_appreq,2539147,2349279232390,640
basic_appreq,2270707,2349281546826,640
basic_appreq,2528280,2349284141166,640
basic_appreq,2729770,2349286917244,640
basic_appreq,2609549,2349289571528,640
basic_appreq,1663558,2349291281810,640
basic_appreq,2221562,2349293546883,640
basic_appreq,2034148,2349295624119,640
basic_appreq,2235217,2349297902909,640
basic_appreq,2835518,2349300778649,640
basic_appreq,2625695,2349303456954,640
basic_appreq,2474996,2349305968493,640
basic_appreq,2844865,2349308858564,640
basic_appreq,2306245,2349311219192,640
basic_appreq,2863618,2349314127496,640
basic_appreq,2454768,2349316623949,640
basic_appreq,1582969,2349318251280,640
basic_appreq,2201871,2349320496178,640
basic_appreq,2517822,2349323058658,640
basic_appreq,2084332,2349325184210,640
basic_appreq,2419356,2349327640369,640
basic_appreq,2547705,2349330223150,640
basic_appreq,2655545,2349332917043,640
basic_appreq,2273724,2349335230800,640
basic_appreq,2540563,2349337808342,640
basic_appreq,2384999,2349340235037,640
basic_appreq,2764348,2349343050916,640
basic_appreq,2497631,2349345585338,640
basic_appreq,1626806,2349347272281,640
basic_appreq,2392094,2349349707328,640
basic_appreq,2427877,2349352178754,640
basic_appreq,2015412,2349354240033,640
basic_appreq,2292080,2349356573679,640
basic_appreq,2606322,2349359218897,640
basic_appreq,2327701,2349361583446,640
basic_appreq,1544266,2349363175473,640
basic_appreq,6173908,2349369385677,640
basic_appreq,2271362,2349371697102,640
basic_appreq,1996189,2349373731781,640
basic_appreq,3138171,2349376911399,640
basic_appreq,2264710,2349379221323,640
basic_appreq,2753880,2349382010066,640
basic_appreq,2559558,2349384607791,640
basic_appreq,2353650,2349387002917,640
basic_appreq,2855043,2349389899702,640
basic_appreq,2459196,2349392401104,640
basic_appreq,2270192,2349394711643,640
basic_appreq,1658183,2349396413194,640
basic_appreq,2566535,2349399033797,640
basic_appreq,1957759,2349401034884,640
basic_appreq,2343814,2349403416729,640
basic_appreq,2401286,2349405853169,640
basic_appreq,2588472,2349408483348,640
basic_appreq,2029527,2349410559582,640
basic_appreq,2472722,2349413068066,640
basic_appreq,2533188,2349415637862,640
basic_appreq,3013724,2349418700803,640
basic_appreq,2326813,2349421063404,640
basic_appreq,1978734,2349423090200,640
basic_appreq,1893344,2349425026606,640
basic_appreq,2795432,2349427871685,640
basic_appreq,2354887,2349430265095,640
basic_appreq,1745995,2349432060406,640
basic_appreq,2268819,2349434376281,640
basic_appreq,2497865,2349436914601,640
basic_appreq,1866050,2349438825575,640
basic_appreq,2414090,2349441275997,640
basic_appreq,1657338,2349442981022,640
basic_appreq,2373823,2349445397743,640
basic_appreq,2597781,2349448065120,640
basic_appreq,2512415,2349450621494,640
basic_appreq,2665725,2349453326546,640
basic_appreq,2545918,2349455930372,640
basic_appreq,2709398,2349458687402,640
basic_appreq,2822112,2349461543781,640
basic_appreq,2773753,2349464352174,640
basic_appreq,2294740,2349466684046,640
basic_appreq,2472551,2349469194345,640
basic_appreq,2810682,2349472053364,640
basic_appreq,2912321,2349475010470,640
basic_appreq,2538853,2349477588861,640
basic_appreq,1717165,2349479355546,640
basic_appreq,2116892,2349481515859,640
basic_appreq,1911195,2349483473402,640
basic_appreq,2810683,2349486321488,640
basic_appreq,2600265,2349488961930,640
basic_appreq,2502874,2349491517120,640
basic_appreq,2445927,2349494006412,640
basic_appreq,3148505,2349497211270,640
basic_appreq,2626999,2349499878110,640
basic_appreq,2677665,2349502591984,640
basic_appreq,2634740,2349505268806,640
basic_appreq,2425243,2349507740418,640
basic_appreq,2155497,2349509962992,640
basic_appreq,2219321,2349512230199,640
basic_appreq,2415893,2349514690806,640
basic_appreq,2540904,2349517272756,640
basic_appreq,2145575,2349519463976,640
basic_appreq,1797697,2349521300277,640
basic_appreq,2265023,2349523604008,640
basic_appreq,1873369,2349525513058,640
basic_appreq,2564238,2349528115742,640
basic_appreq,2446991,2349530601419,640
basic_appreq,2524815,2349533169695,640
basic_appreq,1719751,2349534939802,640
basic_appreq,2033542,2349537014305,640
basic_appreq,2192065,2349539249033,640
basic_appreq,2646572,2349541931079,640
basic_appreq,2529462,2349544505463,640
basic_appreq,1697829,2349546262304,640
basic_appreq,2249165,2349548554910,640
basic_appreq,2267562,2349550867792,640
basic_appreq,1895021,2349552805626,640
basic_appreq,2696936,2349555539938,640
basic_appreq,2755430,2349558330554,640
basic_appreq,2433888,2349560802763,640
basic_appreq,2533383,2349563390850,640
basic_appreq,2865545,2349566299864,640
basic_appreq,2718090,2349569059693,640
basic_appreq,2482904,2349571581389,640
basic_appreq,2894197,2349574516466,640
basic_appreq,2562815,2349577118662,640
basic_appreq,1833636,2349579003305,640
basic_appreq,2172463,2349581219423,640
basic_appreq,2140646,2349583405486,640
basic_appreq,1982842,2349585431480,640
basic_appreq,2388659,2349587863464,640
basic_appreq,2692634,2349590599992,640
basic_appreq,2165138,2349592806298,640
basic_appreq,2583210,2349595432242,640
basic_appreq,2723473,2349598191997,640
basic_appreq,2160116,2349600397913,640
basic_appreq,2747544,2349603195082,640
basic_appreq,2660152,2349605892734,640
basic_appreq,2535383,2349608466961,640
basic_appreq,2425605,2349610936371,640
basic_appreq,2791415,2349613768747,640
basic_appreq,2789617,2349616597677,640
basic_appreq,2572685,2349619213008,640
basic_appreq,2733413,2349621989855,640
basic_appreq,1650081,2349623700491,640
basic_appreq,2310019,2349626053646,640
basic_appreq,2122077,2349628219731,640
basic_appreq,2148324,2349630413776,640
basic_appreq,2721828,2349633175757,640
basic_appreq,3193451,2349636416426,640
basic_appreq,2530368,2349638987138,640
basic_appreq,2943387,2349641974150,640
basic_appreq,2696995,2349644713473,640
basic_appreq,3011128,2349647770484,640
basic_appreq,2704182,2349650511652,640
basic_appreq,2868287,2349653429052,640
basic_appreq,2910366,2349656382440,640
basic_appreq,2733185,2349659157459,640
basic_appreq,2752498,2349661947839,640
basic_appreq,2320631,2349664311828,640
basic_appreq,2487227,2349666845110,640
basic_appreq,2927263,2349669816065,640
basic_appreq,2847894,2349672703939,640
basic_appreq,2682033,2349675428127,640
basic_appreq,2915617,2349678381432,640
basic_appreq,2595209,2349681029632,640
basic_appreq,2658268,2349683728784,640
basic_appreq,2539126,2349686310210,640
basic_appreq,2014493,2349688365833,640
basic_appreq,2452039,2349690862432,640
basic_appreq,2839319,2349693744939,640
basic_appreq,2478108,2349696263628,640
basic_appreq,1665052,2349697980349,640
basic_appreq,2391459,2349700410057,640
basic_appreq,1566920,2349702024276,640
basic_appreq,1700887,2349703758446,640
basic_appreq,1932415,2349705729051,640
basic_appreq,2135784,2349707905246,640
basic_appreq,2285489,2349710249460,640
basic_appreq,1979432,2349712275505,640
basic_appreq,2268048,2349714583990,640
basic_appreq,2432026,2349717058970,640
basic_appreq,1575083,2349718674571,640
basic_appreq,2929679,2349721638961,640
basic_appreq,2461532,2349724137612,640
basic_appreq,2949297,2349727134004,640
basic_appreq,2362496,2349729535904,640
basic_appreq,2252884,2349731848926,640
basic_appreq,1750535,2349733645032,640
basic_appreq,2304559,2349735993176,640
basic_appreq,1640281,2349737707291,640
basic_appreq,2576996,2349740322691,640
basic_appreq,2613583,2349742975684,640
basic_appreq,2193400,2349745205210,640
basic_appreq,2491688,2349747737205,640
basic_appreq,2895491,2349750688076,640
basic_appreq,2789057,2349753515532,640
basic_appreq,2536720,2349756092573,640
basic_appreq,2544009,2349758682794,640
basic_appreq,2425708,2349761150175,640
basic_appreq,3034201,2349764232867,640
basic_appreq,2878105,2349767150088,640
basic_appreq,2454097,2349769642046,640
basic_appreq,1688352,2349771374905,640
basic_appreq,2314537,2349773733141,640
basic_appreq,1652941,2349775428927,640
basic_appreq,2857223,2349778335722,640
basic_appreq,2528215,2349780904493,640
basic_appreq,1666180,2349782629758,640
basic_appreq,2426500,2349785097692,640
basic_appreq,2439274,2349787592511,640
basic_appreq,2155962,2349789792139,640
basic_appreq,1669707,2349791509103,640
basic_appreq,1611370,2349793165180,640
basic_appreq,2217311,2349795432860,640
basic_appreq,1953419,2349797430397,640
basic_appreq,2003417,2349799480714,640
basic_appreq,2300068,2349801821858,640
basic_appreq,1670837,2349803545696,640
basic_appreq,2133483,2349805719031,640
basic_appreq,2436003,2349808208102,640
basic_appreq,2011939,2349810268518,640
basic_appreq,2368598,2349812670932,640
basic_appreq,2076350,2349814782938,640
basic_appreq,2056606,2349816882803,640
basic_appreq,2308329,2349819226870,640
basic_appreq,1608848,2349820878974,640
basic_appreq,2167483,2349823088864,640
basic_appreq,2547628,2349825676403,640
basic_appreq,1902512,2349827621779,640
basic_appreq,2285611,2349829943036,640
basic_appreq,2187680,2349832169596,640
basic_appreq,3068772,2349835288524,640
basic_appreq,2240165,2349837565017,640
basic_appreq,2745360,2349840349607,640
basic_appreq,2211955,2349842601061,640
basic_appreq,2389026,2349845028644,640
basic_appreq,2710046,2349847782344,640
basic_appreq,2078530,2349849899527,640
basic_appreq,2703911,2349852646081,640
basic_appreq,2539658,2349855228379,640
basic_appreq,2537578,2349857801095,640
basic_appreq,1921353,2349859762959,640
basic_appreq,2223955,2349862026358,640
basic_appreq,2912308,2349864985124,640
basic_appreq,2296025,2349867329001,640
basic_appreq,1838282,2349869211360,640
basic_appreq,1991736,2349871246901,640
basic_appreq,2000985,2349873290886,640
basic_appreq,2426484,2349875762866,640
basic_appreq,2860439,2349878661027,640
basic_appreq,2167852,2349880874332,640
basic_appreq,1595057,2349882515138,640
basic_appreq,3373031,2349885931769,640
basic_appreq,2971918,2349888943538,640
basic_appreq,2174964,2349891154143,640
basic_appreq,2318280,2349893507456,640
basic_appreq,2560669,2349896112618,640
basic_appreq,2339971,2349898492702,640
basic_appreq,2290975,2349900820875,640
basic_appreq,2690006,2349903563392,640
basic_appreq,2795833,2349906398905,640
basic_appreq,2232684,2349908684010,640
basic_appreq,2756181,2349911493142,640
basic_appreq,2429128,2349913956571,640
basic_appreq,2771748,2349916776433,640
basic_appreq,2667259,2349919486371,640
basic_appreq,1688181,2349921218964,640
basic_appreq,2206658,2349923471085,640
basic_appreq,2861113,2349926369928,640
basic_appreq,2331427,2349928760591,640
basic_appreq,2515084,2349931312474,640
basic_appreq,1634736,2349932993265,640
basic_appreq,2340669,2349935378886,640
basic_appreq,2198097,2349937620232,640
basic_appreq,1816218,2349939484272,640
basic_appreq,2882361,2349942402430,640
basic_appreq,2172626,2349944612962,640
basic_appreq,2725050,2349947377119,640
basic_appreq,2622779,2349950038206,640
basic_appreq,1630097,2349951720537,640
basic_appreq,2199913,2349953963266,640
basic_appreq,2400219,2349956411907,640
basic_appreq,2436650,2349958916540,640
basic_appreq,1906738,2349960858598,640
basic_appreq,2596142,2349963490268,640
basic_appreq,8706829,2349972231242,640
basic_appreq,2350460,2349974622038,640
basic_appreq,3071008,2349977730524,640
basic_appreq,2933933,2349980705601,640
basic_appreq,3145744,2349983892913,640
basic_appreq,2514849,2349986444857,640
basic_appreq,2668396,2349989156143,640
basic_appreq,1812082,2349991034020,640
basic_appreq,2927740,2349994002477,640
basic_appreq,2580059,2349996625232,640
basic_appreq,1947462,2349998613880,640
basic_appreq,2039547,2350000696541,640
basic_appreq,2296856,2350003035594,640
basic_appreq,2475783,2350005563382,640
basic_appreq,1944745,2350007555759,640
basic_appreq,2053656,2350009645832,640
basic_appreq,2304014,2350011990881,640
basic_appreq,2588183,2350014642920,640
basic_appreq,2701184,2350017381542,640
basic_appreq,2551702,2350019969274,640
basic_appreq,2343615,2350022369560,640
basic_appreq,2841423,2350025257850,640
basic_appreq,2750691,2350028049723,640
basic_appreq,2147535,2350030240801,640
basic_appreq,2520213,2350032800837,640
basic_appreq,2743731,2350035590722,640
basic_appreq,1829367,2350037459815,640
basic_appreq,2262435,2350039765810,640
basic_appreq,2913169,2350042720126,640
basic_appreq,2836507,2350045596304,640
basic_appreq,2270066,2350047909487,640
basic_appreq,2048282,2350049996764,640
basic_appreq,2316817,2350052367544,640
basic_appreq,2726716,2350055139832,640
basic_appreq,2666537,2350057846409,640
basic_appreq,1657993,2350059557513,640
basic_appreq,2226019,2350061826820,640
basic_appreq,2099644,2350063967952,640
basic_appreq,1971848,2350066006799,640
basic_appreq,2138788,2350068188608,640
basic_appreq,1993096,2350070227090,640
basic_appreq,2131183,2350072410813,640
basic_appreq,2748866,2350075205233,640
basic_appreq,2380295,2350077624258,640
basic_appreq,1648740,2350079313426,640
basic_appreq,2059673,2350081416233,640
basic_appreq,2283802,2350083745642,640
basic_appreq,2412062,2350086198365,640
basic_appreq,2161155,2350088399229,640
basic_appreq,1797102,2350090251738,640
basic_appreq,2526586,2350092832909,640
basic_appreq,2509941,2350095385341,640
basic_appreq,2530252,2350097951733,640
basic_appreq,1729152,2350099734770,640
basic_appreq,2359722,2350102135575,640
basic_appreq,2313321,2350104495327,640
basic_appreq,2136393,2350106673106,640
basic_appreq,2551539,2350109258129,640
basic_appreq,2439162,2350111733261,640
basic_appreq,2312916,2350114084008,640
basic_appreq,2086435,2350116210268,640
basic_appreq,2836348,2350119092720,640
basic_appreq,2654590,2350121792341,640
basic_appreq,2382627,2350124215173,640
basic_appreq,1598639,2350125865474,640
basic_appreq,1846774,2350127752281,640
basic_appreq,2453633,2350130242068,640
basic_appreq,2391097,2350132670730,640
basic_appreq,2669748,2350135381042,640
basic_appreq,2555305,2350137973407,640
basic_appreq,2684544,2350140697557,640
basic_appreq,2628355,2350143366497,640
basic_appreq,2616290,2350146020845,640
basic_appreq,2784568,2350148847025,640
basic_appreq,2199201,2350151088360,640
basic_appreq,2565509,2350153692861,640
basic_appreq,2669002,2350156410937,640
basic_appreq,2719715,2350159169657,640
basic_appreq,2316361,2350161522922,640
basic_appreq,1809873,2350163376851,640
basic_appreq,2726810,2350166142771,640
basic_appreq,2307505,2350168489540,640
basic_appreq,2199912,2350170728423,640
basic_appreq,1728359,2350172499781,640
basic_appreq,2469452,2350175008444,640
basic_appreq,1740571,2350176804811,640
basic_appreq,2405425,2350179255546,640
basic_appreq,2354465,2350181651837,640
basic_appreq,2010400,2350183708687,640
basic_appreq,2415630,2350186165159,640
basic_appreq,2207214,2350188430192,640
basic_appreq,2152664,2350190627435,640
basic_appreq,2276895,2350192950294,640
basic_appreq,2411971,2350195398252,640
basic_appreq,2690378,2350198123221,640
basic_appreq,3291138,2350201461015,640
basic_appreq,2561666,2350204064075,640
basic_appreq,2489118,2350206596752,640
basic_appreq,2455306,2350209096071,640
basic_appreq,1717155,2350210862612,640
basic_appreq,2205867,2350213107066,640
basic_appreq,2043922,2350215196511,640
basic_appreq,2779888,2350218029174,640
basic_appreq,2208805,2350220275107,640
basic_appreq,2422698,2350222736001,640
basic_appreq,2055752,2350224827283,640
basic_appreq,2659050,2350227534177,640
basic_appreq,2397431,2350229967708,640
basic_appreq,1834917,2350231860929,640
basic_appreq,3421913,2350235320837,640
basic_appreq,2797475,2350238158485,640
basic_appreq,2519890,2350240718702,640
basic_appreq,2458948,2350243223104,640
basic_appreq,2963587,2350246235805,640
basic_appreq,2736577,2350249018152,640
basic_appreq,2865671,2350251929324,640
basic_appreq,3022675,2350254990996,640
basic_appreq,2641053,2350257675260,640
basic_appreq,3259821,2350260993052,640
basic_appreq,1829601,2350262867099,640
basic_appreq,2242636,2350265148569,640
basic_appreq,2701121,2350267896396,640
basic_appreq,2407039,2350270346911,640
basic_appreq,2231776,2350272629459,640
basic_appreq,2116223,2350274791610,640
basic_appreq,1958672,2350276793024,640
basic_appreq,2177504,2350279006669,640
basic_appreq,1763140,2350280814406,640
basic_appreq,2064095,2350282926227,640
basic_appreq,2468821,2350285437036,640
basic_appreq,2506257,2350287989414,640
basic_appreq,2729583,2350290785841,640
basic_appreq,2502691,2350293330016,640
basic_appreq,2237908,2350295613250,640
basic_appreq,2413706,2350298070504,640
basic_appreq,2451631,2350300567582,640
basic_appreq,2026653,2350302643254,640
basic_appreq,2336380,2350305023588,640
basic_appreq,2591605,2350307657959,640
basic_appreq,1840209,2350309542285,640
basic_appreq,2218965,2350311812895,640
basic_appreq,1605031,2350313474348,640
basic_appreq,2456089,2350315986895,640
basic_appreq,2000554,2350318055908,640
basic_appreq,2874166,2350320968683,640
basic_appreq,2836015,2350323843213,640
basic_appreq,2250692,2350326130104,640
basic_appreq,2559539,2350328730244,640
basic_appreq,2996418,2350331771120,640
basic_appreq,2368514,2350334177087,640
basic_appreq,2947895,2350337164779,640
basic_appreq,2757465,2350339966088,640
basic_appreq,2499483,2350342534329,640
basic_appreq,2418210,2350344998284,640
basic_appreq,2760269,2350347805190,640
basic_appreq,2496349,2350350354263,640
basic_appreq,1759060,2350352162357,640
basic_appreq,2699030,2350354902540,640
basic_appreq,2381087,2350357318504,640
basic_appreq,2886365,2350360261815,640
basic_appreq,2733800,2350363044669,640
basic_appreq,2480136,2350365563664,640
basic_appreq,2868144,2350368477238,640
basic_appreq,2368787,2350370888829,640
basic_appreq,2589616,2350373542996,640
basic_appreq,1998092,2350375590504,640
basic_appreq,2266157,2350377898069,640
basic_appreq,2278670,2350380223602,640
basic_appreq,2218309,2350382499685,640
basic_appreq,2139844,2350384680468,640
basic_appreq,2252365,2350386978411,640
basic_appreq,2676399,2350389690498,640
basic_appreq,2397273,2350392127837,640
basic_appreq,1658280,2350393833340,640
basic_appreq,2322409,2350396195351,640
basic_appreq,2440654,2350398678342,640
basic_appreq,2512385,2350401234204,640
basic_appreq,2256959,2350403541976,640
basic_appreq,2221058,2350405801436,640
basic_appreq,2992661,2350408829114,640
basic_appreq,2657883,2350411522002,640
basic_appreq,2593414,2350414155412,640
basic_appreq,2526037,2350416738234,640
basic_appreq,2838716,2350419619734,640
basic_appreq,2401189,2350422060734,640
basic_appreq,5824955,2350427924786,640
basic_appreq,1726951,2350429701866,640
basic_appreq,2408055,2350432150738,640
basic_appreq,1760998,2350433959491,640
basic_appreq,2199131,2350436197836,640
basic_appreq,2716886,2350438962323,640
basic_appreq,2497625,2350441499435,640
basic_appreq,2768413,2350444317338,640
basic_appreq,2710724,2350447070919,640
basic_appreq,2477467,2350449586681,640
basic_appreq,2632568,2350452270463,640
basic_appreq,3031887,2350455346314,640
basic_appreq,2754038,2350458138485,640
basic_appreq,2846366,2350461027246,640
basic_appreq,2596119,2350463669761,640
basic_appreq,1714267,2350465432143,640
basic_appreq,2438392,2350467916870,640
basic_appreq,2025019,2350469986314,640
basic_appreq,1796811,2350471836684,640
basic_appreq,2360180,2350474236055,640
basic_appreq,1852412,2350476138630,640
basic_appreq,2138422,2350478318140,640
basic_appreq,2405655,2350480777108,640
basic_appreq,2413486,2350483235324,640
basic_appreq,2310256,2350485585173,640
basic_appreq,2209696,2350487846370,640
basic_appreq,1789338,2350489678881,640
basic_appreq,2590759,2350492307441,640
basic_appreq,2787564,2350495137384,640
basic_appreq,2704509,2350497881653,640
basic_appreq,2345644,2350500271725,640
basic_appreq,1836227,2350502148335,640
basic_appreq,2788241,2350504976257,640
basic_appreq,2432664,2350507449777,640
basic_appreq,2401558,2350509885569,640
basic_appreq,2696796,2350512632421,640
basic_appreq,2633349,2350515315284,640
basic_appreq,2932817,2350518288163,640
basic_appreq,2438521,2350520767199,640
basic_appreq,2676480,2350523500642,640
basic_appreq,2583614,2350526120429,640
basic_appreq,1679819,2350527847761,640
basic_appreq,1914883,2350529803593,640
basic_appreq,2263481,2350532104901,640
basic_appreq,2956451,2350535117951,640
basic_appreq,2930425,2350538087533,640
basic_appreq,2220555,2350540349512,640
basic_appreq,1757369,2350542152444,640
basic_appreq,2598790,2350544790315,640
basic_appreq,2755449,2350547591458,640
basic_appreq,2944524,2350550574972,640
basic_appreq,2236947,2350552852367,640
basic_appreq,2447101,2350555341192,640
basic_appreq,2875749,2350558259906,640
basic_appreq,2502955,2350560805902,640
basic_appreq,1820541,2350562681567,640
basic_appreq,1986136,2350564710746,640
basic_appreq,2384598,2350567139471,640
basic_appreq,1583498,2350568767772,640
basic_appreq,2383192,2350571195592,640
basic_appreq,1689745,2350572928417,640
basic_appreq,2394396,2350575362393,640
basic_appreq,2880801,2350578281819,640
basic_appreq,2851824,2350581184767,640
basic_appreq,2847683,2350584074597,640
basic_appreq,1640165,2350585767103,640
basic_appreq,2302476,2350588113058,640
basic_appreq,1827549,2350589987192,640
basic_appreq,2401174,2350592426628,640
basic_appreq,2526565,2350594991778,640
basic_appreq,2526962,2350597556030,640
basic_appreq,1649454,2350599258215,640
basic_appreq,2247978,2350601560234,640
basic_appreq,2033496,2350603636738,640
basic_appreq,2728407,2350606403541,640
basic_appreq,2086625,2350608530095,640
basic_appreq,2601497,2350611179972,640
basic_appreq,2607320,2350613826280,640
basic_appreq,1639983,2350615517223,640
basic_appreq,1904966,2350617466100,640
basic_appreq,2822802,2350620326370,640
basic_appreq,2351342,2350622717555,640
basic_appreq,1676677,2350624447511,640
basic_appreq,1899385,2350626394546,640
basic_appreq,2213061,2350628646330,640
basic_appreq,2570421,2350631258352,640
basic_appreq,2640838,2350633937957,640
basic_appreq,2661485,2350636641554,640
basic_appreq,2361807,2350639052958,640
basic_appreq,2685095,2350641781756,640
basic_appreq,2582123,2350644406238,640
basic_appreq,2753162,2350647225521,640
basic_appreq,2377230,2350649652935,640
basic_appreq,2449023,2350652139294,640
basic_appreq,2382016,2350654559984,640
basic_appreq,2820927,2350657419448,640
basic_appreq,2320193,2350659776865,640
basic_appreq,2126239,2350661946015,640
basic_appreq,2679402,2350664661384,640
basic_appreq,2634206,2350667337377,640
basic_appreq,1670967,2350669059725,640
basic_appreq,2444072,2350671549394,640
basic_appreq,2377642,2350673970866,640
basic_appreq,2652855,2350676672561,640
basic_appreq,2913471,2350679631499,640
basic_appreq,2256666,2350681928423,640
basic_appreq,2344593,2350684318888,640
basic_appreq,2186323,2350686545732,640
basic_appreq,2519762,2350689103641,640
basic_appreq,1932700,2350691082291,640
basic_appreq,2038804,2350693164028,640
basic_appreq,2075919,2350695289995,640
basic_appreq,2625661,2350697952939,640
basic_appreq,2210848,2350700202426,640
basic_appreq,1909294,2350702152832,640
basic_appreq,2668095,2350704855271,640
basic_appreq,2549522,2350707441471,640
basic_appreq,2290979,2350709770880,640
basic_appreq,3135298,2350712954721,640
basic_appreq,2735788,2350715729768,640
basic_appreq,2334351,2350718100786,640
basic_appreq,2223674,2350720364857,640
basic_appreq,2383960,2350722799537,640
basic_appreq,2276080,2350725122387,640
basic_appreq,2792559,2350727960783,640
basic_appreq,2420271,2350730419111,640
basic_appreq,1708433,2350732172072,640
basic_appreq,2323971,2350734562236,640
basic_appreq,2403921,2350737003226,640
basic_appreq,2071981,2350739120952,640
basic_appreq,2732821,2350741889154,640
basic_appreq,2971550,2350744901881,640
basic_appreq,2568682,2350747509061,640
basic_appreq,2195148,2350749740325,640
basic_appreq,2509845,2350752291998,640
basic_appreq,2515376,2350754848750,640
basic_appreq,1838248,2350756730546,640
basic_appreq,2356781,2350759131451,640
basic_appreq,2237495,2350761406990,640
basic_appreq,1765721,2350763213491,640
basic_appreq,2359727,2350765616618,640
basic_appreq,1752093,2350767408138,640
basic_appreq,2632287,2350770073112,640
basic_appreq,2602145,2350772709079,640
basic_appreq,2676775,2350775426539,640
basic_appreq,2496219,2350777961362,640
basic_appreq,2903537,2350780921459,640
basic_appreq,3001881,2350783965699,640
basic_appreq,2561639,2350786605885,640
basic_appreq,1655028,2350788311406,640
basic_appreq,2433003,2350790790650,640
basic_appreq,2181338,2350793017498,640
basic_appreq,1748605,2350794811462,640
basic_appreq,1707037,2350796562061,640
basic_appreq,2037976,2350798648087,640
basic_appreq,2672882,2350801363490,640
basic_appreq,2703657,2350804104138,640
basic_appreq,2378218,2350806522062,640
basic_appreq,1797703,2350808365125,640
basic_appreq,2332355,2350810755622,640
basic_appreq,1871565,2350812670452,640
basic_appreq,3016864,2350815727376,640
basic_appreq,2560751,2350818326109,640
basic_appreq,2693883,2350821060019,640
basic_appreq,2559755,2350823659762,640
basic_appreq,2770194,2350826468312,640
basic_appreq,2723789,2350829245394,640
basic_appreq,2407042,2350831693319,640
basic_appreq,2521084,2350834251914,640
basic_appreq,1962197,2350836268714,640
basic_appreq,2524113,2350838839265,640
basic_appreq,2824806,2350841705756,640
basic_appreq,2074308,2350843819798,640
basic_appreq,1621951,2350845486230,640
basic_appreq,2567008,2350848111838,640
basic_appreq,2234749,2350850393368,640
basic_appreq,2191399,2350852625993,640
basic_appreq,2676618,2350855340296,640
basic_appreq,2788041,2350858164313,640
basic_appreq,2482312,2350860686381,640
basic_appreq,2509397,2350863242709,640
basic_appreq,2765095,2350866049357,640
basic_appreq,2689963,2350868781808,640
basic_appreq,2395973,2350871220517,640
basic_appreq,2334384,2350873608464,640
basic_appreq,2376657,2350876031068,640
basic_appreq,2836709,2350878916833,640
basic_appreq,2608698,2350881562708,640
basic_appreq,2299230,2350883898193,640
basic_appreq,2829077,2350886780844,640
basic_appreq,2568850,2350889386492,640
basic_appreq,1685007,2350891120552,640
basic_appreq,2234686,2350893398115,640
basic_appreq,1943867,2350895387529,640
basic_appreq,2156381,2350897581654,640
basic_appreq,2371270,2350899998394,640
basic_appreq,2699541,2350902765334,640
basic_appreq,2840215,2350905650740,640
basic_appreq,2530793,2350908216962,640
basic_appreq,1555341,2350909816575,640
basic_appreq,2267542,2350912119684,640
basic_appreq,2015616,2350914176988,640
basic_appreq,2359562,2350916574889,640
basic_appreq,2193861,2350918817204,640
basic_appreq,2463396,2350921318091,640
basic_appreq,2556191,2350923914439,640
basic_appreq,2946882,2350926895048,640
basic_appreq,2675098,2350929606095,640
basic_appreq,1652610,2350931308125,640
basic_appreq,2628125,2350933979439,640
basic_appreq,2887929,2350936913648,640
basic_appreq,2500682,2350939453846,640
basic_appreq,2535427,2350942034299,640
basic_appreq,2712013,2350944788213,640
basic_appreq,2287297,2350947122019,640
basic_appreq,1992393,2350949157554,640
basic_appreq,2713861,2350951909135,640
basic_appreq,2311271,2350954255320,640
basic_appreq,2510768,2350956806702,640
basic_appreq,2131386,2350958980521,640
basic_appreq,2523895,2350961543207,640
basic_appreq,2780395,2350964374412,640
basic_appreq,2122941,2350966539958,640
basic_appreq,1889271,2350968470552,640
basic_appreq,2220960,2350970732225,640
basic_appreq,2684695,2350973456581,640
basic_appreq,1648047,2350975158551,640
basic_appreq,2353691,2350977553613,640
basic_appreq,1955739,2350979555523,640
basic_appreq,2617682,2350982209475,640
basic_appreq,2494732,2350984743159,640
basic_appreq,2470994,2350987254736,640
basic_appreq,2402058,2350989712662,640
basic_appreq,2509467,2350992266306,640
basic_appreq,2684577,2350994996096,640
basic_appreq,2710009,2350997744571,640
basic_appreq,2665248,2351000451202,640
basic_appreq,2386093,2351002887710,640
basic_appreq,2038462,2351004969169,640
basic_appreq,2811613,2351007819738,640
basic_appreq,2726298,2351010585314,640
basic_appreq,2480480,2351013119963,640
basic_appreq,2241829,2351015405609,640
basic_appreq,2802460,2351018248471,640
basic_appreq,2466681,2351020756807,640
basic_appreq,2872928,2351023678696,640
basic_appreq,2879358,2351026595418,640
basic_appreq,2488492,2351029125952,640
basic_appreq,1802324,2351030978625,640
basic_appreq,2528901,2351033550617,640
basic_appreq,2946730,2351036564645,640
basic_appreq,1853909,2351038467398,640
basic_appreq,2453947,2351040964396,640
basic_appreq,2771311,2351043802497,640
basic_appreq,2712869,2351046554438,640
basic_appreq,2955392,2351049556988,640
basic_appreq,2261372,2351051860253,640
basic_appreq,1764262,2351053668027,640
basic_appreq,2442084,2351056149758,640
basic_appreq,2354967,2351058551390,640
basic_appreq,2810566,2351061417764,640
basic_appreq,1831100,2351063295274,640
basic_appreq,1976703,2351065315963,640
basic_appreq,2375802,2351067738637,640
basic_appreq,1873803,2351069655689,640
basic_appreq,2702892,2351072393237,640
basic_appreq,2379425,2351074814393,640
basic_appreq,2825371,2351077688316,640
basic_appreq,2346414,2351080077761,640
basic_appreq,2097318,2351082219258,640
basic_appreq,2018787,2351084280847,640
basic_appreq,2285222,2351086606073,640
basic_appreq,2449572,2351089096369,640
basic_appreq,2746992,2351091897779,640
basic_appreq,2533615,2351094471538,640
basic_appreq,2350868,2351096869075,640
basic_appreq,2261922,2351099180948,640
basic_appreq,2564721,2351101789041,640
basic_appreq,2058882,2351103893243,640
basic_appreq,2183675,2351106111606,640
basic_appreq,2787465,2351108935971,640
basic_appreq,2770235,2351111748808,640
basic_appreq,2273050,2351114057984,640
basic_appreq,2549140,2351116658662,640
basic_appreq,1772904,2351118485219,640
basic_appreq,2153354,2351120682201,640
basic_appreq,2205872,2351122935903,640
basic_appreq,2309143,2351125285858,640
basic_appreq,2338488,2351127662217,640
basic_appreq,2645659,2351130345906,640
basic_appreq,1505425,2351131899318,640
basic_appreq,2122428,2351134060561,640
basic_appreq,2273905,2351136374927,640
basic_appreq,2239896,2351138655073,640
basic_appreq,2347523,2351141040774,640
basic_appreq,2495544,2351143581672,640
basic_appreq,2448861,2351146064254,640
basic_appreq,2251116,2351148351597,640
basic_appreq,3370386,2351151774746,640
basic_appreq,2407274,2351154215715,640
basic_appreq,2267462,2351156523024,640
basic_appreq,1683085,2351158257595,640
basic_appreq,2638984,2351160935145,640
basic_appreq,2447374,2351163421844,640
basic_appreq,1847905,2351165319819,640
basic_appreq,1974985,2351167341437,640
basic_appreq,2563946,2351169949466,640
basic_appreq,1898050,2351171892694,640
basic_appreq,1977959,2351173905959,640
basic_appreq,3201470,2351177155128,640
basic_appreq,2025462,2351179218506,640
basic_appreq,2452789,2351181732415,640
basic_appreq,2466643,2351184237547,640
basic_appreq,2483240,2351186758978,640
basic_appreq,2341986,2351189140233,640
basic_appreq,2309407,2351191492413,640
basic_appreq,2915345,2351194465645,640
basic_appreq,2589713,2351197109603,640
basic_appreq,2475220,2351199621524,640
basic_appreq,2400871,2351202057888,640
basic_appreq,1644005,2351203742434,640
basic_appreq,2065787,2351205852169,640
basic_appreq,2264028,2351208168405,640
basic_appreq,1859506,2351210073221,640
basic_appreq,2327413,2351212446313,640
basic_appreq,1624746,2351214127648,640
basic_appreq,2545091,2351216705256,640
basic_appreq,2577104,2351219317275,640
basic_appreq,2927604,2351222283852,640
basic_appreq,2502338,2351224825653,640
basic_appreq,2172224,2351227045319,640
basic_appreq,1781764,2351228876300,640
basic_appreq,1973334,2351230895966,640
basic_appreq,2546904,2351233483125,640
basic_appreq,1997202,2351235527795,640
basic_appreq,2259305,2351237824097,640
basic_appreq,1792838,2351239667792,640
basic_appreq,2233122,2351241959560,640
basic_appreq,2048126,2351244048641,640
basic_appreq,2396191,2351246491949,640
basic_appreq,2464414,2351248989848,640
basic_appreq,2270456,2351251301282,640
basic_appreq,2189648,2351253545034,640
basic_appreq,2328558,2351255925727,640
basic_appreq,2395650,2351258360171,640
basic_appreq,2424109,2351260823419,640
basic_appreq,2985248,2351263862784,640
basic_appreq,2315689,2351266215666,640
basic_appreq,2358713,2351268615522,640
basic_appreq,1687848,2351270353076,640
basic_appreq,2447708,2351272846672,640
basic_appreq,3037955,2351275931297,640
basic_appreq,2618824,2351278598953,640
basic_appreq,2293210,2351280929698,640
basic_appreq,2786458,2351283758229,640
basic_appreq,2293959,2351286088726,640
basic_appreq,1622241,2351287763031,640
basic_appreq,2332370,2351290136552,640
basic_appreq,3304316,2351293504227,640
basic_appreq,1997947,2351295540942,640
basic_appreq,3015233,2351298594844,640
basic_appreq,2373387,2351301004530,640
basic_appreq,2229760,2351303270491,640
basic_appreq,1880343,2351305194603,640
basic_appreq,2493712,2351307735916,640
basic_appreq,2571002,2351310348407,640
basic_appreq,2113958,2351312504166,640
basic_appreq,2198442,2351314745645,640
basic_appreq,2449747,2351317231658,640
basic_appreq,2266656,2351319537491,640
basic_appreq,2391098,2351321972156,640
basic_appreq,2274551,2351324284855,640
basic_appreq,2796296,2351327139150,640
basic_appreq,2761174,2351329938071,640
basic_appreq,2306260,2351332286633,640
basic_appreq,1716661,2351334046095,640
basic_appreq,2438487,2351336521222,640
basic_appreq,2383676,2351338946518,640
basic_appreq,1662683,2351340650385,640
basic_appreq,2291598,2351342985056,640
basic_appreq,2787486,2351345816098,640
basic_appreq,2416488,2351348285441,640
basic_appreq,3385467,2351351718231,640
basic_appreq,2201577,2351353958953,640
basic_appreq,2822166,2351356829349,640
basic_appreq,2558054,2351359427872,640
basic_appreq,3094897,2351362563655,640
basic_appreq,1847065,2351364451237,640
basic_appreq,2355052,2351366845059,640
basic_appreq,2883408,2351369771490,640
basic_appreq,2321746,2351372135406,640
basic_appreq,2717971,2351374896341,640
basic_appreq,2506155,2351377440963,640
basic_appreq,1714830,2351379200872,640
basic_appreq,2484284,2351381728888,640
basic_appreq,2211871,2351383985968,640
basic_appreq,1897645,2351385948397,640
basic_appreq,2377445,2351388378091,640
basic_appreq,1685572,2351390110189,640
basic_appreq,2562317,2351392716725,640
basic_appreq,2595439,2351395349741,640
basic_appreq,2162257,2351397551915,640
basic_appreq,2288427,2351399877672,640
basic_appreq,2384930,2351402295838,640
basic_appreq,3223758,2351405567014,640
basic_appreq,2600039,2351408207799,640
basic_appreq,2120911,2351410369673,640
basic_appreq,1998145,2351412418269,640
basic_appreq,2170925,2351414636606,640
basic_appreq,2073521,2351416753496,640
basic_appreq,1812166,2351418608763,640
basic_appreq,2726877,2351421379645,640
basic_appreq,1668204,2351423097563,640
basic_appreq,2262701,2351425403461,640
basic_appreq,1959872,2351427406637,640
basic_appreq,2716691,2351430157032,640
basic_appreq,2566475,2351432760196,640
basic_appreq,2547995,2351435343320,640
basic_appreq,2605563,2351437985950,640
basic_appreq,2397958,2351440422855,640
basic_appreq,2056234,2351442518686,640
basic_appreq,2580075,2351445138021,640
basic_appreq,2163639,2351447338085,640
basic_appreq,2359381,2351449731904,640
basic_appreq,2486274,2351452255658,640
basic_appreq,2730379,2351455022675,640
basic_appreq,2402412,2351457463513,640
basic_appreq,1591120,2351459109172,640
basic_appreq,2585999,2351461743421,640
basic_appreq,1931774,2351463726623,640
basic_appreq,2130010,2351465900198,640
basic_appreq,3010398,2351468956895,640
basic_appreq,3135355,2351472129431,640
basic_appreq,2592883,2351474759685,640
basic_appreq,6219130,2351481013345,640
basic_appreq,2553471,2351483610879,640
basic_appreq,1707044,2351485363984,640
basic_appreq,2490959,2351487902903,640
basic_appreq,2008784,2351489956578,640
basic_appreq,2672866,2351492668255,640
basic_appreq,2435544,2351495151124,640
basic_appreq,2356632,2351497546971,640
basic_appreq,2808985,2351500422780,640
basic_appreq,2495724,2351502964181,640
basic_appreq,1677916,2351504693407,640
basic_appreq,2380615,2351507118441,640
basic_appreq,2695106,2351509854384,640
basic_appreq,2072444,2351511969686,640
basic_appreq,2746336,2351514784035,640
basic_appreq,2489229,2351517310037,640
basic_appreq,2520670,2351519872871,640
basic_appreq,2298119,2351522214833,640
basic_appreq,1976167,2351524236392,640
basic_appreq,2358524,2351526632356,640
basic_appreq,1607587,2351528283896,640
basic_appreq,2262755,2351530597884,640
basic_appreq,2310628,2351532951869,640
basic_appreq,2654342,2351535644129,640
basic_appreq,2784886,2351538466329,640
basic_appreq,2191021,2351540698954,640
basic_appreq,1675742,2351542421261,640
basic_appreq,2447878,2351544912878,640
basic_appreq,2506026,2351547463582,640
basic_appreq,2340940,2351549848105,640
basic_appreq,2883353,2351552789725,640
basic_appreq,2420767,2351555249463,640
basic_appreq,2183715,2351557473835,640
basic_appreq,2359335,2351559874382,640
basic_appreq,2181033,2351562092415,640
basic_appreq,2688389,2351564832257,640
basic_appreq,1932170,2351566809400,640
basic_appreq,2627670,2351569469928,640
basic_appreq,2803125,2351572310046,640
basic_appreq,2566401,2351574929160,640
basic_appreq,2472687,2351577439131,640
basic_appreq,3136187,2351580617653,640
basic_appreq,2158305,2351582818376,640
basic_appreq,2583951,2351585440443,640
basic_appreq,2627264,2351588108077,640
basic_appreq,2339685,2351590490191,640
basic_appreq,2554762,2351593081468,640
basic_appreq,2085808,2351595208515,640
basic_appreq,1781005,2351597031304,640
basic_appreq,2494970,2351599568400,640
basic_appreq,2541105,2351602146663,640
basic_appreq,2869232,2351605062703,640
basic_appreq,1659236,2351606776782,640
basic_appreq,2201851,2351609020081,640
basic_appreq,2525807,2351611591588,640
basic_appreq,2071358,2351613706438,640
basic_appreq,2198890,2351615955626,640
basic_appreq,2818314,2351618817235,640
basic_appreq,2631087,2351621488714,640
basic_appreq,2533050,2351624075462,640
basic_appreq,2596108,2351626712514,640
basic_appreq,2695498,2351629447087,640
basic_appreq,2916186,2351632404350,640
basic_appreq,2737285,2351635184321,640
basic_appreq,2398356,2351637632185,640
basic_appreq,1603561,2351639286973,640
basic_appreq,1931994,2351641262653,640
basic_appreq,2248403,2351643548263,640
basic_appreq,2258639,2351645840295,640
basic_appreq,2565892,2351648442630,640
basic_appreq,2640043,2351651123960,640
basic_appreq,2695932,2351653860278,640
basic_appreq,2600776,2351656499898,640
basic_appreq,2414700,2351658957342,640
basic_appreq,2623004,2351661621266,640
basic_appreq,1866914,2351663535489,640
basic_appreq,2221037,2351665803569,640
basic_appreq,2065561,2351667914800,640
basic_appreq,2014697,2351669969057,640
basic_appreq,2202746,2351672210168,640
basic_appreq,1472121,2351673727254,640
basic_appreq,2094710,2351675861436,640
basic_appreq,2414525,2351678316830,640
basic_appreq,2370722,2351680725036,640
basic_appreq,2510350,2351683271053,640
basic_appreq,2265494,2351685572085,640
basic_appreq,2860821,2351688479067,640
basic_appreq,2261642,2351690783993,640
basic_appreq,1669531,2351692497513,640
basic_appreq,1812369,2351694355007,640
basic_appreq,2496976,2351696889990,640
basic_appreq,2532747,2351699462078,640
basic_appreq,2354255,2351701852861,640
basic_appreq,1649182,2351703547790,640
basic_appreq,2258490,2351705847312,640
basic_appreq,1776972,2351707666916,640
basic_appreq,1631775,2351709343104,640
basic_appreq,2458783,2351711841617,640
basic_appreq,2203314,2351714088200,640
basic_appreq,2503580,2351716637609,640
basic_appreq,2115917,2351718805149,640
basic_appreq,2286277,2351721131791,640
basic_appreq,2584672,2351723754303,640
basic_appreq,2461880,2351726251623,640
basic_appreq,3052067,2351729342001,640
basic_appreq,2499835,2351731879481,640
basic_appreq,2614648,2351734529456,640
basic_appreq,2936338,2351737507426,640
basic_appreq,2215899,2351739760957,640
basic_appreq,2484537,2351742284118,640
basic_appreq,2870751,2351745199276,640
basic_appreq,2601359,2351747845554,640
basic_appreq,2463886,2351750344677,640
basic_appreq,2563392,2351752966148,640
basic_appreq,2611645,2351755621799,640
basic_appreq,1601700,2351757267531,640
basic_appreq,2164270,2351759477391,640
basic_appreq,2092192,2351761612667,640
basic_appreq,1918137,2351763575783,640
basic_appreq,2864184,2351766478838,640
basic_appreq,2568336,2351769084682,640
basic_appreq,1803711,2351770939300,640
basic_appreq,2249509,2351773232962,640
basic_appreq,2012499,2351775293103,640
basic_appreq,2269390,2351777605732,640
basic_appreq,2917721,2351780563781,640
basic_appreq,2932700,2351783538167,640
basic_appreq,2711680,2351786288007,640
basic_appreq,2854415,2351789183490,640
basic_appreq,2302793,2351791527130,640
basic_appreq,2313412,2351793878894,640
basic_appreq,2401239,2351796326432,640
basic_appreq,2410254,2351798778851,640
basic_appreq,2502393,2351801324813,640
basic_appreq,1682197,2351803053222,640
basic_appreq,2395545,2351805492058,640
basic_appreq,2223589,2351807758929,640
basic_appreq,1769893,2351809572494,640
basic_appreq,2460847,2351812074788,640
basic_appreq,1674057,2351813791472,640
basic_appreq,2417881,2351816263558,640
basic_appreq,2588346,2351818891773,640
basic_appreq,2850065,2351821779929,640
basic_appreq,2267290,2351824099437,640
basic_appreq,2635690,2351826774181,640
basic_appreq,1502821,2351828319708,640
basic_appreq,2203895,2351830567195,640
basic_appreq,1680700,2351832286319,640
basic_appreq,2741091,2351835079178,640
basic_appreq,2420790,2351837538093,640
basic_appreq,1729738,2351839309881,640
basic_appreq,2293742,2351841642362,640
basic_appreq,2413583,2351844099778,640
basic_appreq,2144441,2351846290996,640
basic_appreq,2330044,2351848664224,640
basic_appreq,2297515,2351851003714,640
basic_appreq,2204474,2351853246887,640
basic_appreq,1739849,2351855038953,640
basic_appreq,2355312,2351857438068,640
basic_appreq,2245516,2351859729040,640
basic_appreq,2109252,2351861877201,640
basic_appreq,2317717,2351864240625,640
basic_appreq,2613599,2351866891537,640
basic_appreq,2700830,2351869636314,640
basic_appreq,2653973,2351872331943,640
basic_appreq,2549645,2351874925369,640
basic_appreq,2689452,2351877654300,640
basic_appreq,2652068,2351880346740,640
basic_appreq,2324838,2351882713479,640
basic_appreq,1743969,2351884506627,640
basic_appreq,2240063,2351886792721,640
basic_appreq,2532941,2351889365472,640
basic_appreq,2383551,2351891793512,640
basic_appreq,2393988,2351894231493,640
basic_appreq,2069508,2351896346932,640
basic_appreq,2494095,2351898878916,640
basic_appreq,2653532,2351901570902,640
basic_appreq,2483271,2351904094360,640
basic_appreq,2587369,2351906725241,640
basic_appreq,2799603,2351909568766,640
basic_appreq,2081960,2351911692340,640
basic_appreq,1783920,2351913520146,640
basic_appreq,2246358,2351915814370,640
basic_appreq,2581675,2351918452445,640
basic_appreq,2808313,2351921314491,640
basic_appreq,1522404,2351922883462,640
basic_appreq,1824552,2351924751505,640
basic_appreq,2731570,2351927516982,640
basic_appreq,2256308,2351929807025,640
basic_appreq,2346326,2351932199487,640
basic_appreq,1685134,2351933939780,640
basic_appreq,2563393,2351936541327,640
basic_appreq,2542190,2351939123437,640
basic_appreq,2812658,2351941974095,640
basic_appreq,2460837,2351944472340,640
basic_appreq,1863497,2351946381066,640
basic_appreq,2687515,2351949103116,640
basic_appreq,2228802,2351951368830,640
basic_appreq,2346423,2351953753894,640
basic_appreq,2326051,2351956121966,640
basic_appreq,1777398,2351957958814,640
basic_appreq,2469457,2351960472187,640
basic_appreq,2492214,2351963009074,640
basic_appreq,2244454,2351965287703,640
basic_appreq,1934334,2351967261219,640
basic_appreq,2275855,2351969574752,640
basic_appreq,2467683,2351972089709,640
basic_appreq,2015177,2351974152645,640
basic_appreq,2309330,2351976498065,640
basic_appreq,2316659,2351978854040,640
basic_appreq,2426160,2351981317680,640
basic_appreq,2911259,2351984281390,640
basic_appreq,1961269,2351986284355,640
basic_appreq,3214438,2351989540442,640
basic_appreq,2797004,2351992380716,640
basic_appreq,2515092,2351994934641,640
basic_appreq,2455594,2351997432834,640
basic_appreq,1704037,2351999186644,640
basic_appreq,2236270,2352001478977,640
basic_appreq,2542260,2352004070547,640
basic_appreq,2836508,2352006954422,640
basic_appreq,2517414,2352009509981,640
basic_appreq,1844663,2352011407910,640
basic_appreq,2273410,2352013724972,640
basic_appreq,2580870,2352016355713,640
basic_appreq,1918541,2352018321345,640
basic_appreq,2169081,2352020524675,640
basic_appreq,1871360,2352022437915,640
basic_appreq,2844333,2352025321711,640
basic_appreq,2686849,2352028048401,640
basic_appreq,2647721,2352030740339,640
basic_appreq,2582063,2352033360450,640
basic_appreq,2471693,2352035872768,640
basic_appreq,3203170,2352039119693,640
basic_appreq,2594188,2352041752100,640
basic_appreq,2444287,2352044234078,640
basic_appreq,2687933,2352046961410,640
basic_appreq,2440288,2352049438390,640
basic_appreq,1719842,2352051198128,640
basic_appreq,2764724,2352054000824,640
basic_appreq,2370772,2352056415817,640
basic_appreq,2806330,2352059270069,640
basic_appreq,2485932,2352061791578,640
basic_appreq,1578941,2352063417339,640
basic_appreq,2395840,2352065856392,640
basic_appreq,2559902,2352068461126,640
basic_appreq,2927358,2352071441492,640
basic_appreq,2452396,2352073932632,640
basic_appreq,1661006,2352075649580,640
basic_appreq,2417628,2352078110644,640
basic_appreq,2156277,2352080321449,640
basic_appreq,2032030,2352082400284,640
basic_appreq,2567037,2352085003878,640
basic_appreq,2912699,2352087963988,640
basic_appreq,2399786,2352090436567,640
basic_appreq,1761572,2352092242553,640
basic_appreq,2165993,2352094450849,640
basic_appreq,2469545,2352096957319,640
basic_appreq,1835647,2352098839091,640
basic_appreq,2326077,2352101201034,640
basic_appreq,1629830,2352102873746,640
basic_appreq,2216988,2352105132598,640
basic_appreq,53201568,2352158379889,640
basic_appreq,2378696,2352160802727,640
basic_appreq,2958380,2352163801715,640
basic_appreq,2693940,2352166533847,640
basic_appreq,2720120,2352169302485,640
basic_appreq,2307503,2352171651795,640
basic_appreq,2463061,2352174152869,640
basic_appreq,2651775,2352176849485,640
basic_appreq,1582112,2352178474371,640
basic_appreq,2321453,2352180833879,640
basic_appreq,2822247,2352183698362,640
basic_appreq,2693642,2352186431500,640
basic_appreq,2605799,2352189080705,640
basic_appreq,2193726,2352191316116,640
basic_appreq,2867480,2352194228414,640
basic_appreq,2897763,2352197169936,640
basic_appreq,2348331,2352199559955,640
basic_appreq,1758508,2352201364806,640
basic_appreq,2281915,2352203693887,640
basic_appreq,2214263,2352205951118,640
basic_appreq,2251134,2352208248922,640
basic_appreq,2281515,2352210573736,640
basic_appreq,2453968,2352213063113,640
basic_appreq,2559541,2352215662822,640
basic_appreq,2801237,2352218501044,640
basic_appreq,2306490,2352220854629,640
basic_appreq,2253234,2352223148324,640
basic_appreq,1668744,2352224860285,640
basic_appreq,2379109,2352227277838,640
basic_appreq,3168049,2352230489204,640
basic_appreq,2493812,2352233021408,640
basic_appreq,3014458,2352236086306,640
basic_appreq,1647861,2352237787555,640
basic_appreq,2225882,2352240057157,640
basic_appreq,2202031,2352242312014,640
basic_appreq,2351632,2352244706614,640
basic_appreq,1950688,2352246704312,640
basic_appreq,2768430,2352249507776,640
basic_appreq,2879363,2352252426422,640
basic_appreq,2459589,2352254926062,640
basic_appreq,2552476,2352257515433,640
basic_appreq,2543366,2352260098047,640
basic_appreq,1775202,2352261921807,640
basic_appreq,2370585,2352264336249,640
basic_appreq,2602221,2352266985123,640
basic_appreq,1796308,2352268834410,640
basic_appreq,2448844,2352271325016,640
basic_appreq,2234771,2352273602631,640
basic_appreq,1903585,2352275547772,640
basic_appreq,3067309,2352278649097,640
basic_appreq,2620550,2352281307157,640
basic_appreq,2756001,2352284102728,640
basic_appreq,2668244,2352286812635,640
basic_appreq,3037581,2352289894534,640
basic_appreq,2925018,2352292859598,640
basic_appreq,2797735,2352295700016,640
basic_appreq,2398910,2352298137299,640
basic_appreq,2672054,2352300854459,640
basic_appreq,1668404,2352302569720,640
basic_appreq,2524170,2352305146069,640
basic_appreq,2613024,2352307805747,640
basic_appreq,2768243,2352310622483,640
basic_appreq,2696057,2352313360379,640
basic_appreq,2578644,2352315985757,640
basic_appreq,2518476,2352318568839,640
basic_appreq,1634144,2352320250208,640
basic_appreq,2208389,2352322505210,640
basic_appreq,2410742,2352324959196,640
basic_appreq,2234359,2352327244562,640
basic_appreq,1819044,2352329106817,640
basic_appreq,2778389,2352331923097,640
basic_appreq,1621695,2352333596897,640
basic_appreq,2435052,2352336083766,640
basic_appreq,2152607,2352338284016,640
basic_appreq,2364537,2352340692403,640
basic_appreq,2526940,2352343259556,640
basic_appreq,2454597,2352345751184,640
basic_appreq,2178761,2352347971659,640
basic_appreq,2042259,2352350080800,640
basic_appreq,2390800,2352352504896,640
basic_appreq,2697269,2352355247852,640
basic_appreq,1640458,2352356931731,640
basic_appreq,2739325,2352359704654,640
basic_appreq,2427616,2352362169754,640
basic_appreq,2417131,2352364627469,640
basic_appreq,2455727,2352367123444,640
basic_appreq,1887180,2352369053671,640
basic_appreq,2296857,2352371391986,640
basic_appreq,2394524,2352373819418,640
basic_appreq,2713558,2352376580529,640
basic_appreq,2574214,2352379197852,640
basic_appreq,2630222,2352381880999,640
basic_appreq,2668980,2352384592207,640
basic_appreq,2316368,2352386951031,640
basic_appreq,2934388,2352389928843,640
basic_appreq,2484039,2352392453892,640
basic_appreq,1774798,2352394281451,640
basic_appreq,2234175,2352396572373,640
basic_appreq,2565951,2352399187874,640
basic_appreq,2673062,2352401915743,640
basic_appreq,2451405,2352404405629,640
basic_appreq,2980983,2352407435160,640
basic_appreq,2738661,2352410224031,640
basic_appreq,2589986,2352412853955,640
basic_appreq,2613595,2352415517997,640
basic_appreq,2523188,2352418079817,640
basic_appreq,2544583,2352420661747,640
basic_appreq,2040848,2352422741668,640
basic_appreq,1608589,2352424393418,640
basic_appreq,2438591,2352426876245,640
basic_appreq,2521624,2352429441063,640
basic_appreq,1816154,2352431304175,640
basic_appreq,2742375,2352434083882,640
basic_appreq,1842414,2352435967600,640
basic_appreq,2367246,2352438400736,640
basic_appreq,2371691,2352440813245,640
basic_appreq,3062773,2352443927896,640
basic_appreq,2442409,2352446409155,640
basic_appreq,2719212,2352449174013,640
basic_appreq,2881305,2352452098606,640
basic_appreq,2432290,2352454570799,640
basic_appreq,2321078,2352456928322,640
basic_appreq,2801549,2352459771112,640
basic_appreq,2536032,2352462345627,640
basic_appreq,2472218,2352464863020,640
basic_appreq,2686099,2352467594508,640
basic_appreq,2715118,2352470344500,640
basic_appreq,2455953,2352472841988,640
basic_appreq,2854007,2352475746190,640
basic_appreq,2209036,2352477989464,640
basic_appreq,2406158,2352480432018,640
basic_appreq,2526047,2352482999467,640
basic_appreq,2950719,2352485993341,640
basic_appreq,2752585,2352488784160,640
basic_appreq,2532459,2352491358089,640
basic_appreq,2464154,2352493866073,640
basic_appreq,1691058,2352495609382,640
basic_appreq,2258153,2352497910800,640
basic_appreq,2484276,2352500440493,640
basic_appreq,1554152,2352502039730,640
basic_appreq,2864587,2352504943369,640
basic_appreq,2937879,2352507920092,640
basic_appreq,2834771,2352510793087,640
basic_appreq,2969154,2352513802881,640
basic_appreq,2500388,2352516343750,640
basic_appreq,1705467,2352518105072,640
basic_appreq,6589742,2352524739332,640
basic_appreq,2511660,2352527296274,640
basic_appreq,2440841,2352529780982,640
basic_appreq,2603161,2352532430722,640
basic_appreq,1920042,2352534405707,640
basic_appreq,2212279,2352536660896,640
basic_appreq,1932849,2352538641922,640
basic_appreq,2122866,2352540801216,640
basic_appreq,2802672,2352543644604,640
basic_appreq,2460619,2352546141508,640
basic_appreq,1710734,2352547896252,640
basic_appreq,1986352,2352549926253,640
basic_appreq,2266533,2352552238981,640
basic_appreq,2300639,2352554580749,640
basic_appreq,2544850,2352557176101,640
basic_appreq,2851166,2352560067713,640
basic_appreq,1627208,2352561742599,640
basic_appreq,2144014,2352563930693,640
basic_appreq,2464202,2352566438596,640
basic_appreq,2467463,2352568952214,640
basic_appreq,2178400,2352571191180,640
basic_appreq,2139458,2352573373875,640
basic_appreq,2722476,2352576133522,640
basic_appreq,2667780,2352578840365,640
basic_appreq,2796033,2352581674266,640
basic_appreq,2562733,2352584281604,640
basic_appreq,2283795,2352586614274,640
basic_appreq,2333121,2352588987305,640
basic_appreq,1833989,2352590872853,640
basic_appreq,2004355,2352592915991,640
basic_appreq,2703169,2352595657515,640
basic_appreq,2310040,2352598003321,640
basic_appreq,2286338,2352600332298,640
basic_appreq,1801125,2352602180129,640
basic_appreq,2877250,2352605096070,640
basic_appreq,2605547,2352607743880,640
basic_appreq,2267996,2352610047809,640
basic_appreq,2415718,2352612501461,640
basic_appreq,2993064,2352615565405,640
basic_appreq,2703413,2352618307041,640
basic_appreq,2210277,2352620558692,640
basic_appreq,2503001,2352623101028,640
basic_appreq,1803591,2352624947690,640
basic_appreq,2314523,2352627306861,640
basic_appreq,2310259,2352629668745,640
basic_appreq,2349508,2352632063565,640
basic_appreq,1772356,2352633877728,640
basic_appreq,2307061,2352636223770,640
basic_appreq,2092379,2352638361803,640
basic_appreq,2360768,2352640761838,640
basic_appreq,2407590,2352643205901,640
basic_appreq,2396791,2352645639084,640
basic_appreq,1642151,2352647329285,640
basic_appreq,2029230,2352649403473,640
basic_appreq,2180279,2352651628705,640
basic_appreq,2653101,2352654317771,640
basic_appreq,2400968,2352656761249,640
basic_appreq,2666220,2352659475890,640
basic_appreq,2791747,2352662305655,640
basic_appreq,2818291,2352665165190,640
basic_appreq,2599486,2352667806855,640
basic_appreq,2698363,2352670541672,640
basic_appreq,2627846,2352673209979,640
basic_appreq,2300999,2352675554751,640
basic_appreq,2409770,2352678016543,640
basic_appreq,1735449,2352679797346,640
basic_appreq,2434937,2352682270646,640
basic_appreq,1714141,2352684038904,640
basic_appreq,2382550,2352686471252,640
basic_appreq,2452062,2352688966676,640
basic_appreq,2049284,2352691063344,640
basic_appreq,2169729,2352693274262,640
basic_appreq,2612672,2352695926044,640
basic_appreq,2288468,2352698253724,640
basic_appreq,2645566,2352700939189,640
basic_appreq,2550835,2352703533625,640
basic_appreq,1740910,2352705315456,640
basic_appreq,2253403,2352707610888,640
basic_appreq,2466589,2352710112873,640
basic_appreq,2152442,2352712310478,640
basic_appreq,2766045,2352715112185,640
basic_appreq,2670720,2352717817304,640
basic_appreq,2467198,2352720339653,640
basic_appreq,2799672,2352723185844,640
basic_appreq,2756556,2352725982392,640
basic_appreq,2759516,2352728781295,640
basic_appreq,2412203,2352731232713,640
basic_appreq,2943611,2352734217716,640
basic_appreq,1576028,2352735835899,640
basic_appreq,2340857,2352738220435,640
basic_appreq,2467155,2352740732987,640
basic_appreq,2293128,2352743072012,640
basic_appreq,2334574,2352745450429,640
basic_appreq,1784568,2352747282328,640
basic_appreq,2461857,2352749782068,640
basic_appreq,1652783,2352751488537,640
basic_appreq,2480993,2352754010278,640
basic_appreq,2065807,2352756126829,640
basic_appreq,1821718,2352757994976,640
basic_appreq,1866092,2352759903417,640
basic_appreq,2164634,2352762111686,640
basic_appreq,2136916,2352764297187,640
basic_appreq,2226599,2352766564261,640
basic_appreq,2088968,2352768686763,640
basic_appreq,2757658,2352771486951,640
basic_appreq,2331023,2352773857989,640
basic_appreq,2613990,2352776520921,640
basic_appreq,3050021,2352779619737,640
basic_appreq,2524908,2352782182741,640
basic_appreq,1753845,2352783984408,640
basic_appreq,2196820,2352786267808,640
basic_appreq,2155422,2352788466063,640
basic_appreq,2296757,2352790807732,640
basic_appreq,2489042,2352793333695,640
basic_appreq,2326728,2352795713296,640
basic_appreq,2120526,2352797870492,640
basic_appreq,2217436,2352800131566,640
basic_appreq,2067970,2352802237625,640
basic_appreq,1737254,2352804021851,640
basic_appreq,2316970,2352806381021,640
basic_appreq,2199970,2352808632804,640
basic_appreq,2840759,2352811517396,640
basic_appreq,3026458,2352814583379,640
basic_appreq,2315215,2352816937511,640
basic_appreq,2578517,2352819557021,640
basic_appreq,2501882,2352822113927,640
basic_appreq,1662945,2352823824097,640
basic_appreq,2221738,2352826089188,640
basic_appreq,2274908,2352828411388,640
basic_appreq,2104797,2352830558928,640
basic_appreq,2713441,2352833306389,640
basic_appreq,2706374,2352836048331,640
basic_appreq,2317263,2352838428512,640
basic_appreq,1806131,2352840278010,640
basic_appreq,2426747,2352842751444,640
basic_appreq,1940191,2352844735471,640
basic_appreq,2527548,2352847303172,640
basic_appreq,2688661,2352850029451,640
basic_appreq,2591747,2352852661177,640
basic_appreq,2692681,2352855395849,640
basic_appreq,2653743,2352858089819,640
basic_appreq,3090893,2352861236836,640
basic_appreq,2215291,2352863489399,640
basic_appreq,2816220,2352866341139,640
basic_appreq,2626024,2352869003998,640
basic_appreq,2469234,2352871513007,640
basic_appreq,2727842,2352874283676,640
basic_appreq,2867409,2352877193083,640
basic_appreq,2370975,2352879609646,640
basic_appreq,2724765,2352882387813,640
basic_appreq,2444450,2352884875753,640
basic_appreq,1612613,2352886533761,640
basic_appreq,2359074,2352888931452,640
basic_appreq,2076433,2352891053583,640
basic_appreq,2316685,2352893404928,640
basic_appreq,2771671,2352896222124,640
basic_appreq,2545563,2352898804510,640
basic_appreq,2364681,2352901212986,640
basic_appreq,1648642,2352902910704,640
basic_appreq,2445737,2352905395418,640
basic_appreq,2387205,2352907829270,640
basic_appreq,2393136,2352910265935,640
basic_appreq,1923923,2352912230442,640
basic_appreq,2532445,2352914799713,640
basic_appreq,2907594,2352917741692,640
basic_appreq,2275061,2352920053642,640
basic_appreq,2115535,2352922206101,640
basic_appreq,2764058,2352925004051,640
basic_appreq,2619085,2352927668473,640
basic_appreq,2082322,2352929794180,640
basic_appreq,1866617,2352931707486,640
basic_appreq,2827528,2352934573290,640
basic_appreq,2087347,2352936697317,640
basic_appreq,2656558,2352939417383,640
basic_appreq,2644479,2352942094663,640
basic_appreq,2324424,2352944476890,640
basic_appreq,1825083,2352946348718,640
basic_appreq,2043314,2352948435481,640
basic_appreq,2635736,2352951115023,640
basic_appreq,2599642,2352953758481,640
basic_appreq,2751780,2352956559947,640
basic_appreq,1613414,2352958229311,640
basic_appreq,2442416,2352960712988,640
basic_appreq,2259597,2352963017664,640
basic_appreq,1967672,2352965028819,640
basic_appreq,6316047,2352971384495,640
basic_appreq,2361611,2352973783716,640
basic_appreq,2092610,2352975912708,640
basic_appreq,2315120,2352978266343,640
basic_appreq,2942377,2352981250063,640
basic_appreq,2531517,2352983823352,640
basic_appreq,2655106,2352986519106,640
basic_appreq,2420185,2352988994077,640
basic_appreq,1627873,2352990677394,640
basic_appreq,2399279,2352993132934,640
basic_appreq,2200072,2352995382121,640
basic_appreq,1751910,2352997178759,640
basic_appreq,3233035,2353000467986,640
basic_appreq,2565504,2353003071378,640
basic_appreq,2690751,2353005798436,640
basic_appreq,2588724,2353008430260,640
basic_appreq,2501792,2353010974111,640
basic_appreq,2384814,2353013396419,640
basic_appreq,2967374,2353016403294,640
basic_appreq,1914097,2353018364978,640
basic_appreq,2061043,2353020466461,640
basic_appreq,2555081,2353023077364,640
basic_appreq,2610301,2353025731314,640
basic_appreq,2257442,2353028039348,640
basic_appreq,1898317,2353029979674,640
basic_appreq,2459730,2353032475808,640
basic_appreq,1658298,2353034183660,640
basic_appreq,2418930,2353036646225,640
basic_appreq,2165646,2353038855396,640
basic_appreq,2371734,2353041272683,640
basic_appreq,2448239,2353043768264,640
basic_appreq,2251460,2353046064115,640
basic_appreq,2020876,2353048132606,640
basic_appreq,2397836,2353050589131,640
basic_appreq,3124261,2353053757138,640
basic_appreq,2766314,2353056559258,640
basic_appreq,2439855,2353059035226,640
basic_appreq,1859467,2353060933779,640
basic_appreq,2818630,2353063789648,640
basic_appreq,2490034,2353066317176,640
basic_appreq,2985823,2353069350928,640
basic_appreq,2301939,2353071695577,640
basic_appreq,2196751,2353073930323,640
basic_appreq,1609330,2353075598806,640
basic_appreq,2392388,2353078031950,640
basic_appreq,2111750,2353080206121,640
basic_appreq,1902975,2353082151788,640
basic_appreq,3367943,2353085565815,640
basic_appreq,2506347,2353088112881,640
basic_appreq,2260101,2353090415468,640
basic_appreq,1994211,2353092453355,640
basic_appreq,1823610,2353094339134,640
basic_appreq,2011880,2353096391447,640
basic_appreq,2411829,2353098844657,640
basic_appreq,2542813,2353101429611,640
basic_appreq,2181908,2353103665564,640
basic_appreq,2040935,2353105749526,640
basic_appreq,2757322,2353108542110,640
basic_appreq,2417578,2353110996174,640
basic_appreq,2259064,2353113289721,640
basic_appreq,3110637,2353116442502,640
basic_appreq,2667179,2353119151967,640
basic_appreq,2482589,2353121671816,640
basic_appreq,2962649,2353124681041,640
basic_appreq,2690585,2353127415196,640
basic_appreq,2848380,2353130308748,640
basic_appreq,2635455,2353132988126,640
basic_appreq,2580473,2353135610497,640
basic_appreq,2579941,2353138235253,640
basic_appreq,2700239,2353140992389,640
basic_appreq,1740712,2353142782461,640
basic_appreq,1960331,2353144782853,640
basic_appreq,1670851,2353146499462,640
basic_appreq,2677134,2353149214201,640
basic_appreq,2366465,2353151622871,640
basic_appreq,2121553,2353153792601,640
basic_appreq,1750347,2353155591256,640
basic_appreq,2111048,2353157740576,640
basic_appreq,1764753,2353159545982,640
basic_appreq,2735515,2353162319185,640
basic_appreq,2553353,2353164911495,640
basic_appreq,2952076,2353167908835,640
basic_appreq,3071663,2353171026352,640
basic_appreq,2272929,2353173342435,640
basic_appreq,2254855,2353175638122,640
basic_appreq,2539614,2353178219517,640
basic_appreq,1659610,2353179927913,640
basic_appreq,2419349,2353182389533,640
basic_appreq,2265721,2353184699107,640
basic_appreq,2567356,2353187313226,640
basic_appreq,2608720,2353189966265,640
basic_appreq,2800334,2353192813710,640
basic_appreq,2771891,2353195642997,640
basic_appreq,2527939,2353198208347,640
basic_appreq,2431970,2353200678746,640
basic_appreq,1798781,2353202529670,640
basic_appreq,2136977,2353204708783,640
basic_appreq,2623399,2353207376336,640
basic_appreq,2235098,2353209657034,640
basic_appreq,2102242,2353211814326,640
basic_appreq,2855414,2353214708394,640
basic_appreq,2245182,2353216995266,640
basic_appreq,1511551,2353218555716,640
basic_appreq,2162197,2353220759725,640
basic_appreq,2142656,2353222948628,640
basic_appreq,2320699,2353225305555,640
basic_appreq,2495916,2353227856153,640
basic_appreq,2728527,2353230621462,640
basic_appreq,2553279,2353233218049,640
basic_appreq,2610403,2353235873082,640
basic_appreq,2586690,2353238497889,640
basic_appreq,2287580,2353240828350,640
basic_appreq,1766875,2353242645430,640
basic_appreq,2423125,2353245112859,640
basic_appreq,2383597,2353247542990,640
basic_appreq,2365866,2353249951237,640
basic_appreq,2653844,2353252651559,640
basic_appreq,1798730,2353254501889,640
basic_appreq,2420260,2353256960888,640
basic_appreq,2914145,2353259931665,640
basic_appreq,2968208,2353262940750,640
basic_appreq,2435675,2353265416569,640
basic_appreq,1839461,2353267303548,640
basic_appreq,3087404,2353270435731,640
basic_appreq,2252549,2353272724127,640
basic_appreq,1740529,2353274520247,640
basic_appreq,2081978,2353276642929,640
basic_appreq,2011735,2353278699104,640
basic_appreq,2379968,2353281118350,640
basic_appreq,2270667,2353283431302,640
basic_appreq,2832170,2353286311045,640
basic_appreq,2346869,2353288697625,640
basic_appreq,2586159,2353291322752,640
basic_appreq,2674232,2353294048649,640
basic_appreq,3192702,2353297297214,640
basic_appreq,2687176,2353300025219,640
basic_appreq,1663532,2353301743818,640
basic_appreq,2049716,2353303838737,640
basic_appreq,2257715,2353306141441,640
basic_appreq,2276404,2353308461343,640
basic_appreq,2427521,2353310947993,640
basic_appreq,2546998,2353313536257,640
basic_appreq,2506530,2353316095819,640
basic_appreq,2285239,2353318430113,640
basic_appreq,1947248,2353320417664,640
basic_appreq,2563686,2353323019405,640
basic_appreq,2606653,2353325663071,640
basic_appreq,2371769,2353328090132,640
basic_appreq,2836104,2353330978057,640
basic_appreq,2113881,2353333132895,640
basic_appreq,3311265,2353336506273,640
basic_appreq,2398698,2353338946453,640
basic_appreq,2551841,2353341539700,640
basic_appreq,2610877,2353344196349,640
basic_appreq,2455603,2353346694637,640
basic_appreq,2069077,2353348807261,640
basic_appreq,2609606,2353351452049,640
basic_appreq,2356304,2353353846479,640
basic_appreq,2750360,2353356643922,640
basic_appreq,2220807,2353358905420,640
basic_appreq,1855750,2353360804195,640
basic_appreq,2245754,2353363094412,640
basic_appreq,2504810,2353365638296,640
basic_appreq,2813970,2353368498669,640
basic_appreq,2715038,2353371258782,640
basic_appreq,2838537,2353374137960,640
basic_appreq,2335544,2353376522890,640
basic_appreq,2850784,2353379419571,640
basic_appreq,2782281,2353382238291,640
basic_appreq,2565543,2353384844082,640
basic_appreq,2473835,2353387362250,640
basic_appreq,2964521,2353390369792,640
basic_appreq,2337234,2353392749402,640
basic_appreq,2391498,2353395183904,640
basic_appreq,2692538,2353397919775,640
basic_appreq,2736343,2353400696351,640
basic_appreq,2276095,2353403022056,640
basic_appreq,2879527,2353405942434,640
basic_appreq,2155461,2353408139920,640
basic_appreq,2746550,2353410933418,640
basic_appreq,2137317,2353413109723,640
basic_appreq,1690635,2353414849262,640
basic_appreq,2306230,2353417198656,640
basic_appreq,2138969,2353419387085,640
basic_appreq,1948212,2353421377618,640
basic_appreq,2330513,2353423747972,640
basic_appreq,1695043,2353425493013,640
basic_appreq,2324542,2353427861289,640
basic_appreq,2451193,2353430356051,640
basic_appreq,2231468,2353432632578,640
basic_appreq,2230971,2353434908966,640
basic_appreq,2254218,2353437206248,640
basic_appreq,2715106,2353439959543,640
basic_appreq,2468406,2353442465627,640
basic_appreq,2416060,2353444921979,640
basic_appreq,1901095,2353446872251,640
basic_appreq,2207198,2353449120289,640
basic_appreq,1907750,2353451072306,640
basic_appreq,2502423,2353453612818,640
basic_appreq,2578418,2353456230298,640
basic_appreq,2430546,2353458698725,640
basic_appreq,2591912,2353461329345,640
basic_appreq,2595575,2353463966384,640
basic_appreq,1661053,2353465702665,640
basic_appreq,2211945,2353467960043,640
basic_appreq,1850121,2353469878913,640
basic_appreq,2784987,2353472701191,640
basic_appreq,2667141,2353475405038,640
basic_appreq,2396164,2353477834798,640
basic_appreq,2826277,2353480710385,640
basic_appreq,2954330,2353483707000,640
basic_appreq,2563017,2353486307133,640
basic_appreq,2640892,2353488989498,640
basic_appreq,2528959,2353491560535,640
basic_appreq,2222533,2353493826818,640
basic_appreq,2058380,2353495931138,640
basic_appreq,1965909,2353497940811,640
basic_appreq,2346470,2353500329396,640
basic_appreq,2959987,2353503347587,640
basic_appreq,3123091,2353506521467,640
basic_appreq,2201372,2353508762951,640
basic_appreq,1652916,2353510462660,640
basic_appreq,2365104,2353512882507,640
basic_appreq,1887300,2353514825294,640
basic_appreq,2439906,2353517300818,640
basic_appreq,2485351,2353519823767,640
basic_appreq,2681599,2353522541244,640
basic_appreq,2664081,2353525245568,640
basic_appreq,2235549,2353527522978,640
basic_appreq,2315395,2353529876141,640
basic_appreq,1660875,2353531589751,640
basic_appreq,2456620,2353534089909,640
basic_appreq,2216349,2353536352490,640
basic_appreq,2078683,2353538480725,640
basic_appreq,2626845,2353541145037,640
basic_appreq,2562108,2353543750747,640
basic_appreq,3027540,2353546816800,640
basic_appreq,2620573,2353549478569,640
basic_appreq,2242392,2353551762094,640
basic_appreq,2084751,2353553889829,640
basic_appreq,2719840,2353556651963,640
basic_appreq,2475856,2353559173737,640
basic_appreq,2826214,2353562043953,640
basic_appreq,2625461,2353564718817,640
basic_appreq,2685613,2353567450335,640
basic_appreq,2927304,2353570416323,640
basic_appreq,2498952,2353572959358,640
basic_appreq,2625721,2353575627880,640
basic_appreq,2052711,2353577733073,640
basic_appreq,2860392,2353580637238,640
basic_appreq,2538879,2353583215749,640
basic_appreq,1658122,2353584917861,640
basic_appreq,2426580,2353587389731,640
basic_appreq,2240764,2353589673653,640
basic_appreq,2374691,2353592093247,640
basic_appreq,2281962,2353594431072,640
basic_appreq,2405278,2353596874894,640
basic_appreq,2111339,2353599030370,640
basic_appreq,2246806,2353601315177,640
basic_appreq,2569840,2353603939432,640
basic_appreq,2961198,2353606940435,640
basic_appreq,2641113,2353609620514,640
basic_appreq,2433599,2353612097978,640
basic_appreq,2255822,2353614394841,640
basic_appreq,2891933,2353617339317,640
basic_appreq,1725796,2353619114947,640
basic_appreq,2254284,2353621412976,640
basic_appreq,2174013,2353623636729,640
basic_appreq,2381193,2353626061692,640
basic_appreq,2088513,2353628192033,640
basic_appreq,2277145,2353630510612,640
basic_appreq,2721726,2353633271083,640
basic_appreq,2906012,2353636217906,640
basic_appreq,2386344,2353638643399,640
basic_appreq,2695288,2353641375036,640
basic_appreq,1681618,2353643121536,640
basic_appreq,2458310,2353645620732,640
basic_appreq,2471415,2353648139773,640
basic_appreq,2191865,2353650383151,640
basic_appreq,2174295,2353652596432,640
basic_appreq,2468428,2353655101649,640
basic_appreq,3052607,2353658199645,640
basic_appreq,2460872,2353660712361,640
basic_appreq,2100475,2353662862610,640
basic_appreq,1950235,2353664856264,640
basic_appreq,2188706,2353667092183,640
basic_appreq,2293706,2353669430149,640
basic_appreq,1952964,2353671429430,640
basic_appreq,2646726,2353674111392,640
basic_appreq,2311551,2353676460514,640
basic_appreq,2557956,2353679058237,640
basic_appreq,2760214,2353681855003,640
basic_appreq,2390981,2353684287896,640
basic_appreq,2792154,2353687124971,640
basic_appreq,2457665,2353689627101,640
basic_appreq,2780059,2353692455088,640
basic_appreq,1832751,2353694343732,640
basic_appreq,1979535,2353696379978,640
basic_appreq,2173164,2353698600173,640
basic_appreq,2265675,2353700909574,640
basic_appreq,2316969,2353703265396,640
basic_appreq,2592381,2353705892758,640
basic_appreq,5776862,2353711707489,640
basic_appreq,1866762,2353713614378,640
basic_appreq,2020131,2353715673426,640
basic_appreq,2671890,2353718386155,640
basic_appreq,3208934,2353721639932,640
basic_appreq,2452979,2353724134529,640
basic_appreq,2732940,2353726940352,640
basic_appreq,2148944,2353729125408,640
basic_appreq,2556761,2353731721501,640
basic_appreq,1708876,2353733473536,640
basic_appreq,2442085,2353735954812,640
basic_appreq,2333107,2353738331348,640
basic_appreq,1742440,2353740122145,640
basic_appreq,2308224,2353742471335,640
basic_appreq,1889241,2353744398685,640
basic_appreq,2074147,2353746512987,640
basic_appreq,2526361,2353749078026,640
basic_appreq,2847431,2353751975434,640
basic_appreq,2375858,2353754408433,640
basic_appreq,1760158,2353756215385,640
basic_appreq,2282338,2353758557612,640
basic_appreq,2476070,2353761077261,640
basic_appreq,1978330,2353763100295,640
basic_appreq,2620827,2353765758516,640
basic_appreq,2750954,2353768553481,640
basic_appreq,1695161,2353770290449,640
basic_appreq,2004068,2353772333669,640
basic_appreq,2589421,2353774959177,640
basic_appreq,2671658,2353777664542,640
basic_appreq,3101475,2353780809148,640
basic_appreq,2515445,2353783364366,640
basic_appreq,2059343,2353785460732,640
basic_appreq,2898960,2353788405274,640
basic_appreq,2353066,2353790797265,640
basic_appreq,3110838,2353793954956,640
basic_appreq,2757042,2353796753596,640
basic_appreq,2350343,2353799144645,640
basic_appreq,1669458,2353800856189,640
basic_appreq,2536334,2353803436734,640
basic_appreq,2034270,2353805514313,640
basic_appreq,1938414,2353807492000,640
basic_appreq,2503923,2353810032916,640
basic_appreq,2408566,2353812483223,640
basic_appreq,2218665,2353814738764,640
basic_appreq,3125677,2353817914148,640
basic_appreq,2402569,2353820357589,640
basic_appreq,3132490,2353823547750,640
basic_appreq,3018946,2353826602941,640
basic_appreq,2840584,2353829484615,640
basic_appreq,2471361,2353831995517,640
basic_appreq,2368035,2353834432456,640
basic_appreq,2901165,2353837377930,640
basic_appreq,2251387,2353839671887,640
basic_appreq,2283120,2353841993580,640
basic_appreq,2924150,2353844960664,640
basic_appreq,2817796,2353847820810,640
basic_appreq,2503978,2353850363627,640
basic_appreq,2155523,2353852565398,640
basic_appreq,1725320,2353854347038,640
basic_appreq,2358610,2353856744344,640
basic_appreq,2387651,2353859173642,640
basic_appreq,2456556,2353861669787,640
basic_appreq,2235826,2353863954601,640
basic_appreq,1801800,2353865799572,640
basic_appreq,1833977,2353867686120,640
basic_appreq,2164804,2353869894767,640
basic_appreq,2657379,2353872598506,640
basic_appreq,2603085,2353875242176,640
basic_appreq,2456681,2353877736751,640
basic_appreq,2670104,2353880447795,640
basic_appreq,2609113,2353883094146,640
basic_appreq,2315634,2353885445118,640
basic_appreq,1701217,2353887195757,640
basic_appreq,2307713,2353889544021,640
basic_appreq,2304836,2353891891962,640
basic_appreq,2774970,2353894706307,640
basic_appreq,1716186,2353896469506,640
basic_appreq,2563568,2353899074280,640
basic_appreq,1738523,2353900857569,640
basic_appreq,2005328,2353902921392,640
basic_appreq,2379960,2353905344681,640
basic_appreq,1966568,2353907356034,640
basic_appreq,2445974,2353909839391,640
basic_appreq,2091838,2353911970739,640
basic_appreq,1639992,2353913681308,640
basic_appreq,2323879,2353916049537,640
basic_appreq,2597364,2353918686151,640
basic_appreq,2285506,2353921014505,640
basic_appreq,2664014,2353923721209,640
basic_appreq,2314787,2353926086789,640
basic_appreq,2770574,2353928894276,640
basic_appreq,3187813,2353932127347,640
basic_appreq,2879599,2353935044153,640
basic_appreq,2196040,2353937275663,640
basic_appreq,2497796,2353939827293,640
basic_appreq,2719088,2353942591419,640
basic_appreq,2623884,2353945255454,640
basic_appreq,2775822,2353948077764,640
basic_appreq,2500752,2353950620547,640
basic_appreq,1666184,2353952326764,640
basic_appreq,2344033,2353954717672,640
basic_appreq,2040975,2353956802335,640
basic_appreq,2215760,2353959066841,640
basic_appreq,2916834,2353962033483,640
basic_appreq,2645887,2353964717246,640
basic_appreq,2426541,2353967179210,640
basic_appreq,2499831,2353969715125,640
basic_appreq,2738711,2353972505448,640
basic_appreq,1793049,2353974339053,640
basic_appreq,2573005,2353976948957,640
basic_appreq,2412941,2353979400984,640
basic_appreq,2412112,2353981855913,640
basic_appreq,2690940,2353984593612,640
basic_appreq,2637252,2353987271063,640
basic_appreq,2253984,2353989568307,640
basic_appreq,2536369,2353992149806,640
basic_appreq,1501204,2353993697068,640
basic_appreq,2154779,2353995888742,640
basic_appreq,2386925,2353998319118,640
basic_appreq,1896117,2354000253568,640
basic_appreq,2488114,2354002784398,640
basic_appreq,2583900,2354005402885,640
basic_appreq,2195859,2354007651913,640
basic_appreq,2466597,2354010170800,640
basic_appreq,2200845,2354012420852,640
basic_appreq,2600720,2354015075572,640
basic_appreq,1619974,2354016748664,640
basic_appreq,2395193,2354019189332,640
basic_appreq,1843503,2354021073586,640
basic_appreq,2848840,2354023961290,640
basic_appreq,2513611,2354026512531,640
basic_appreq,2236601,2354028792240,640
basic_appreq,2191526,2354031024978,640
basic_appreq,2153591,2354033215598,640
basic_appreq,2561182,2354035822919,640
basic_appreq,2658238,2354038519702,640
basic_appreq,2231177,2354040794269,640
basic_appreq,2285526,2354043121492,640
basic_appreq,1647015,2354044816023,640
basic_appreq,2465584,2354047322623,640
basic_appreq,2442590,2354049808670,640
basic_appreq,3028583,2354052883769,640
basic_appreq,2424048,2354055343942,640
basic_appreq,1911373,2354057288896,640
basic_appreq,2625903,2354059957244,640
basic_appreq,2525576,2354062520835,640
basic_appreq,2751890,2354065313441,640
basic_appreq,2715790,2354068075984,640
basic_appreq,2587580,2354070708345,640
basic_appreq,2538875,2354073294802,640
basic_appreq,1769064,2354075119032,640
basic_appreq,1999695,2354077162329,640
basic_appreq,2339242,2354079549842,640
basic_appreq,2914628,2354082501579,640
basic_appreq,2160372,2354084696751,640
basic_appreq,2490793,2354087222466,640
basic_appreq,2656685,2354089912517,640
basic_appreq,2711709,2354092669499,640
basic_appreq,1683252,2354094399171,640
basic_appreq,2316117,2354096758532,640
basic_appreq,1963992,2354098768843,640
basic_appreq,2024849,2354100833007,640
basic_appreq,2703180,2354103579642,640
basic_appreq,2350486,2354105982597,640
basic_appreq,2468378,2354108497999,640
basic_appreq,1967951,2354110514973,640
basic_appreq,2509848,2354113065699,640
basic_appreq,2393925,2354115494596,640
basic_appreq,1598449,2354117137493,640
basic_appreq,2372851,2354119547111,640
basic_appreq,2625381,2354122215923,640
basic_appreq,3000147,2354125261121,640
basic_appreq,2243913,2354127549903,640
basic_appreq,2796862,2354130397974,640
basic_appreq,2360321,2354132797745,640
basic_appreq,1965983,2354134814357,640
basic_appreq,2155224,2354137008075,640
basic_appreq,2297515,2354139352426,640
basic_appreq,2209472,2354141604725,640
basic_appreq,1770711,2354143421093,640
basic_appreq,2506871,2354145966434,640
basic_appreq,1631635,2354147650329,640
basic_appreq,2246124,2354149939500,640
basic_appreq,2177154,2354152171813,640
basic_appreq,2136629,2354154349523,640
basic_appreq,2206779,2354156594675,640
basic_appreq,2395518,2354159029965,640
basic_appreq,2711032,2354161779286,640
basic_appreq,2510753,2354164332255,640
basic_appreq,1986396,2354166360709,640
basic_appreq,1944662,2354168340674,640
basic_appreq,2743393,2354171119267,640
basic_appreq,2745676,2354173899005,640
basic_appreq,2301884,2354176236361,640
basic_appreq,1783552,2354178065407,640
basic_appreq,1974584,2354180083062,640
basic_appreq,1780708,2354181910360,640
basic_appreq,2205545,2354184154185,640
basic_appreq,1838010,2354186055505,640
basic_appreq,2213027,2354188312569,640
basic_appreq,2340154,2354190698734,640
basic_appreq,2063201,2354192805873,640
basic_appreq,1838605,2354194689884,640
basic_appreq,3370686,2354198101355,640
basic_appreq,2656989,2354200796551,640
basic_appreq,2815272,2354203646882,640
basic_appreq,2386502,2354206069058,640
basic_appreq,2587746,2354208693379,640
basic_appreq,2186964,2354210919528,640
basic_appreq,2850686,2354213809866,640
basic_appreq,2771334,2354216620956,640
basic_appreq,2341087,2354219001088,640
basic_appreq,2790690,2354221830502,640
basic_appreq,2725036,2354224620116,640
basic_appreq,1869250,2354226547880,640
basic_appreq,2338158,2354228930473,640
basic_appreq,2096801,2354231072314,640
basic_appreq,2625375,2354233737053,640
basic_appreq,1869896,2354235652361,640
basic_appreq,2359380,2354238047809,640
basic_appreq,2487662,2354240574029,640
basic_appreq,2713596,2354243328623,640
basic_appreq,2830696,2354246210812,640
basic_appreq,2230132,2354248480095,640
basic_appreq,1845399,2354250374702,640
basic_appreq,2416381,2354252827430,640
basic_appreq,1673844,2354254554552,640
basic_appreq,1946225,2354256544186,640
basic_appreq,2268161,2354258854115,640
basic_appreq,2737870,2354261630557,640
basic_appreq,2599111,2354264272722,640
basic_appreq,2152604,2354266482870,640
basic_appreq,1986217,2354268512109,640
basic_appreq,2162607,2354270716078,640
basic_appreq,2223330,2354272974906,640
basic_appreq,1818311,2354274833666,640
basic_appreq,2766856,2354277642544,640
basic_appreq,2450691,2354280134259,640
basic_appreq,2297829,2354282474731,640
basic_appreq,3095753,2354285621064,640
basic_appreq,2979882,2354288639745,640
basic_appreq,2306474,2354290984613,640
basic_appreq,1661104,2354292698583,640
basic_appreq,2479262,2354295227448,640
basic_appreq,2660979,2354297944484,640
basic_appreq,2080847,2354300073590,640
basic_appreq,2008161,2354302121675,640
basic_appreq,2618498,2354304776923,640
basic_appreq,2344278,2354307162431,640
basic_appreq,2951726,2354310163060,640
basic_appreq,2652978,2354312868407,640
basic_appreq,2394918,2354315307719,640
basic_appreq,2874750,2354318222111,640
basic_appreq,2424559,2354320687887,640
basic_appreq,1728706,2354322463396,640
basic_appreq,2312103,2354324814758,640
basic_appreq,2404942,2354327266839,640
basic_appreq,1979783,2354329290236,640
basic_appreq,2299170,2354331626617,640
basic_appreq,2521476,2354334182154,640
basic_appreq,2415636,2354336639525,640
basic_appreq,1778691,2354338464186,640
basic_appreq,2096920,2354340604591,640
basic_appreq,2450569,2354343096790,640
basic_appreq,1910927,2354345051099,640
basic_appreq,2721475,2354347811101,640
basic_appreq,2796287,2354350642888,640
basic_appreq,2433283,2354353118433,640
basic_appreq,2955646,2354356149138,640
basic_appreq,2605831,2354358799914,640
basic_appreq,1789790,2354360637754,640
basic_appreq,2380975,2354363056673,640
basic_appreq,2452363,2354365552681,640
basic_appreq,2359177,2354367962564,640
basic_appreq,2421608,2354370458252,640
basic_appreq,2049849,2354372553852,640
basic_appreq,2326642,2354374926907,640
basic_appreq,2512738,2354377474418,640
basic_appreq,1690727,2354379208151,640
basic_appreq,2400797,2354381651819,640
basic_appreq,2097047,2354383792391,640
basic_appreq,2268131,2354386104762,640
basic_appreq,2763639,2354388908176,640
basic_appreq,2888006,2354391833339,640
basic_appreq,2729689,2354394601404,640
basic_appreq,2432088,2354397072435,640
basic_appreq,2299002,2354399418481,640
basic_appreq,2771030,2354402231122,640
basic_appreq,2261034,2354404533525,640
basic_appreq,2493800,2354407074052,640
basic_appreq,2010591,2354409128833,640
basic_appreq,2393461,2354411562256,640
basic_appreq,2172413,2354413773826,640
basic_appreq,3141819,2354416963282,640
basic_appreq,2463872,2354419464852,640
basic_appreq,2147626,2354421648834,640
basic_appreq,2417295,2354424116353,640
basic_appreq,3016134,2354427191958,640
basic_appreq,2078317,2354429305752,640
basic_appreq,2341046,2354431687327,640
basic_appreq,2598776,2354434319526,640
basic_appreq,2441072,2354436799863,640
basic_appreq,2409536,2354439250398,640
basic_appreq,2642756,2354441931851,640
basic_appreq,2358325,2354444331767,640
basic_appreq,2824907,2354447211762,640
basic_appreq,2712367,2354449959371,640
basic_appreq,2529390,2354452527615,640
basic_appreq,1629433,2354454206799,640
basic_appreq,2568303,2354456813926,640
basic_appreq,2275101,2354459141657,640
basic_appreq,1812085,2354460997127,640
basic_appreq,2881911,2354463924902,640
basic_appreq,2591349,2354466555105,640
basic_appreq,2381632,2354468980018,640
basic_appreq,3163453,2354472190273,640
basic_appreq,2728414,2354474963227,640
basic_appreq,2612162,2354477613869,640
basic_appreq,2475019,2354480134238,640
basic_appreq,2370228,2354482548860,640
basic_appreq,2270956,2354484860898,640
basic_appreq,2490288,2354487412333,640
basic_appreq,2274314,2354489722723,640
basic_appreq,1569557,2354491334850,640
basic_appreq,2345040,2354493714993,640
basic_appreq,2428461,2354496202981,640
basic_appreq,2079107,2354498328001,640
basic_appreq,2492636,2354500856706,640
basic_appreq,3016516,2354503921663,640
basic_appreq,2720565,2354506681269,640
basic_appreq,2552261,2354509274024,640
basic_appreq,1734331,2354511058271,640
basic_appreq,2526915,2354513628213,640
basic_appreq,2615211,2354516286355,640
basic_appreq,1701039,2354518043067,640
basic_appreq,2422337,2354520505883,640
basic_appreq,2192311,2354522742629,640
basic_appreq,2152823,2354524938976,640
basic_appreq,2825131,2354527805861,640
basic_appreq,2284299,2354530128042,640
basic_appreq,2278375,2354532446748,640
basic_appreq,1677838,2354534170258,640
basic_appreq,2482488,2354536689763,640
basic_appreq,2265902,2354539007126,640
basic_appreq,1925877,2354540977217,640
basic_appreq,2149603,2354543164809,640
basic_appreq,2759592,2354545976777,640
basic_appreq,2512906,2354548531664,640
basic_appreq,1656251,2354550246741,640
basic_appreq,2281233,2354552570885,640
basic_appreq,2049108,2354554661028,640
basic_appreq,2727592,2354557426728,640
basic_appreq,2375543,2354559844424,640
basic_appreq,1735539,2354561625617,640
basic_appreq,2089903,2354563761006,640
basic_appreq,1924801,2354565728862,640
basic_appreq,2693016,2354568458573,640
basic_appreq,3144116,2354571640309,640
basic_appreq,2604780,2354574280899,640
basic_appreq,2458659,2354576790453,640
basic_appreq,2734253,2354579563920,640
basic_appreq,2826039,2354582425443,640
basic_appreq,2558132,2354585035984,640
basic_appreq,2868617,2354587954154,640
basic_appreq,2106614,2354590099518,640
basic_appreq,2937279,2354593083667,640
basic_appreq,2081052,2354595206990,640
basic_appreq,2478522,2354597729395,640
basic_appreq,2562966,2354600334116,640
basic_appreq,2107212,2354602492197,640
basic_appreq,1764964,2354604300439,640
basic_appreq,2242395,2354606594343,640
basic_appreq,2514405,2354609148241,640
basic_appreq,1748915,2354610956072,640
basic_appreq,2459476,2354613467801,640
basic_appreq,1685860,2354615199524,640
basic_appreq,2120777,2354617356499,640
basic_appreq,2048201,2354619451323,640
basic_appreq,2247018,2354621734081,640
basic_appreq,2829574,2354624609653,640
basic_appreq,2465750,2354627114627,640
basic_appreq,2524174,2354629695497,640
basic_appreq,2887341,2354632633070,640
basic_appreq,2880379,2354635551882,640
basic_appreq,2512442,2354638098750,640
basic_appreq,2153256,2354640299345,640
basic_appreq,1877825,2354642224105,640
basic_appreq,2254612,2354644519229,640
basic_appreq,2361793,2354646927815,640
basic_appreq,2350540,2354649318940,640
basic_appreq,2238755,2354651602286,640
basic_appreq,1794212,2354653435963,640
basic_appreq,2467699,2354655938951,640
basic_appreq,2988676,2354658971751,640
basic_appreq,2591811,2354661603618,640
basic_appreq,2759766,2354664404446,640
basic_appreq,2468538,2354666916894,640
basic_appreq,2937769,2354669899943,640
basic_appreq,2234519,2354672180621,640
basic_appreq,2003299,2354674252375,640
basic_appreq,2253296,2354676553067,640
basic_appreq,2158372,2354678747515,640
basic_appreq,2350203,2354681132431,640
basic_appreq,2872921,2354684048261,640
basic_appreq,2705023,2354686792536,640
basic_appreq,2783156,2354689611811,640
basic_appreq,2620973,2354692272752,640
basic_appreq,2383631,2354694698842,640
basic_appreq,2153761,2354696904809,640
basic_appreq,2297549,2354699261253,640
basic_appreq,1628250,2354700932678,640
basic_appreq,2312237,2354703285774,640
basic_appreq,2003103,2354705331463,640
basic_appreq,1993175,2354707359912,640
basic_appreq,2701547,2354710105888,640
basic_appreq,2163097,2354712304850,640
basic_appreq,2444949,2354714807033,640
basic_appreq,2442476,2354717292556,640
basic_appreq,2133402,2354719485071,640
basic_appreq,2788628,2354722316928,640
basic_appreq,2601564,2354724962717,640
basic_appreq,1602936,2354726639260,640
basic_appreq,2047190,2354728727379,640
basic_appreq,2074199,2354730840205,640
basic_appreq,2908413,2354733787536,640
basic_appreq,2487559,2354736311319,640
basic_appreq,2845294,2354739207729,640
basic_appreq,2493943,2354741740937,640
basic_appreq,2735517,2354744526617,640
basic_appreq,1543946,2354746110024,640
basic_appreq,2264018,2354748423584,640
basic_appreq,2207210,2354750676455,640
basic_appreq,5561627,2354756281776,640
basic_appreq,2717990,2354759041701,640
basic_appreq,2717567,2354761799468,640
basic_appreq,2285048,2354764129007,640
basic_appreq,1659032,2354765831102,640
basic_appreq,2551396,2354768425863,640
basic_appreq,2681652,2354771157350,640
basic_appreq,2465574,2354773657833,640
basic_appreq,2795411,2354776492349,640
basic_appreq,2769349,2354779302189,640
basic_appreq,2706556,2354782048519,640
basic_appreq,2429811,2354784526661,640
basic_appreq,3021853,2354787595107,640
basic_appreq,2838246,2354790471815,640
basic_appreq,2724169,2354793241502,640
basic_appreq,1672377,2354794960111,640
basic_appreq,2378875,2354797383229,640
basic_appreq,1946700,2354799385895,640
basic_appreq,1849307,2354801278076,640
basic_appreq,2520594,2354803837103,640
basic_appreq,2714334,2354806594367,640
basic_appreq,2725894,2354809362583,640
basic_appreq,2944048,2354812347019,640
basic_appreq,2293278,2354814684457,640
basic_appreq,2353688,2354817084353,640
basic_appreq,2337464,2354819471358,640
basic_appreq,2235036,2354821762463,640
basic_appreq,2407681,2354824215070,640
basic_appreq,1665021,2354825938474,640
basic_appreq,2230307,2354828224166,640
basic_appreq,2150823,2354830419250,640
basic_appreq,2747214,2354833203162,640
basic_appreq,2377251,2354835624649,640
basic_appreq,2919265,2354838590721,640
basic_appreq,2274288,2354840907556,640
basic_appreq,2981277,2354843942516,640
basic_appreq,2591629,2354846569356,640
basic_appreq,2628152,2354849235884,640
basic_appreq,2747611,2354852027773,640
basic_appreq,2411418,2354854482307,640
basic_appreq,2627406,2354857152429,640
basic_appreq,3082426,2354860281933,640
basic_appreq,2942972,2354863267835,640
basic_appreq,2494074,2354865800988,640
basic_appreq,2388766,2354868241194,640
basic_appreq,2341291,2354870628275,640
basic_appreq,2246025,2354872933204,640
basic_appreq,1721856,2354874700622,640
basic_appreq,1979506,2354876723859,640
basic_appreq,2408567,2354879173168,640
basic_appreq,2733486,2354881943660,640
basic_appreq,2597912,2354884582203,640
basic_appreq,2444427,2354887066533,640
basic_appreq,2401100,2354889505212,640
basic_appreq,2539032,2354892095385,640
basic_appreq,3040508,2354895189626,640
basic_appreq,2421261,2354897649557,640
basic_appreq,2355970,2354900047478,640
basic_appreq,2842192,2354902942805,640
basic_appreq,2929273,2354905913471,640
basic_appreq,2421779,2354908377917,640
basic_appreq,1627641,2354910056832,640
basic_appreq,1880968,2354911981544,640
basic_appreq,2396163,2354914438396,640
basic_appreq,2792896,2354917269147,640
basic_appreq,2379744,2354919688907,640
basic_appreq,2393330,2354922120607,640
basic_appreq,2988849,2354925165907,640
basic_appreq,2448512,2354927657363,640
basic_appreq,2708450,2354930404618,640
basic_appreq,2525503,2354932967920,640
basic_appreq,2744712,2354935765455,640
basic_appreq,2498895,2354938300376,640
basic_appreq,2151384,2354940497766,640
basic_appreq,2010992,2354942554499,640
basic_appreq,2095888,2354944693577,640
basic_appreq,2373502,2354947113164,640
basic_appreq,2615033,2354949771514,640
basic_appreq,2266965,2354952081105,640
basic_appreq,1972396,2354954098972,640
basic_appreq,2944399,2354957079020,640
basic_appreq,2521825,2354959638367,640
basic_appreq,1592174,2354961274292,640
basic_appreq,2226467,2354963541457,640
basic_appreq,1908953,2354965489527,640
basic_appreq,2599620,2354968137029,640
basic_appreq,2169234,2354970356602,640
basic_appreq,2878983,2354973294292,640
basic_appreq,2605709,2354975937368,640
basic_appreq,2770856,2354978747039,640
basic_appreq,3286068,2354982070728,640
basic_appreq,2382067,2354984498852,640
basic_appreq,2468228,2354987009595,640
basic_appreq,2894194,2354989947887,640
basic_appreq,2709330,2354992699255,640
basic_appreq,2464158,2354995207854,640
basic_appreq,2521013,2354997771760,640
basic_appreq,2693934,2355000513395,640
basic_appreq,2594369,2355003165327,640
basic_appreq,1629745,2355004838218,640
basic_appreq,1938116,2355006819099,640
basic_appreq,2020184,2355008880746,640
basic_appreq,2630243,2355011555941,640
basic_appreq,1842503,2355013442541,640
basic_appreq,1900571,2355015385945,640
basic_appreq,2596238,2355018019959,640
basic_appreq,2653207,2355020714473,640
basic_appreq,2442204,2355023196130,640
basic_appreq,1643718,2355024884186,640
basic_appreq,2323846,2355027257334,640
basic_appreq,1957816,2355029259824,640
basic_appreq,2449825,2355031748102,640
basic_appreq,2683551,2355034469070,640
basic_appreq,2405874,2355036915325,640
basic_appreq,2038706,2355038996199,640
basic_appreq,2743116,2355041779465,640
basic_appreq,2478629,2355044300946,640
basic_appreq,2487602,2355046829566,640
basic_appreq,1724694,2355048599699,640
basic_appreq,2167878,2355050811062,640
basic_appreq,2247183,2355053096230,640
basic_appreq,1792330,2355054930034,640
basic_appreq,2714350,2355057682786,640
basic_appreq,2420012,2355060143512,640
basic_appreq,2202121,2355062387161,640
basic_appreq,3003785,2355065439818,640
basic_appreq,2290922,2355067771739,640
basic_appreq,1677352,2355069492827,640
basic_appreq,2358218,2355071892683,640
basic_appreq,1973100,2355073909913,640
basic_appreq,2598098,2355076547152,640
basic_appreq,2195330,2355078779296,640
basic_appreq,2675631,2355081500162,640
basic_appreq,2494319,2355084033998,640
basic_appreq,2095704,2355086183115,640
basic_appreq,1822720,2355088049010,640
basic_appreq,2413703,2355090505139,640
basic_appreq,2391379,2355092937904,640
basic_appreq,2518756,2355095502016,640
basic_appreq,2843103,2355098398308,640
basic_appreq,2853670,2355101284749,640
basic_appreq,2515998,2355103834228,640
basic_appreq,2383025,2355106261143,640
basic_appreq,3003253,2355109307679,640
basic_appreq,2333142,2355111678774,640
basic_appreq,2779624,2355114501615,640
basic_appreq,2335311,2355116880104,640
basic_appreq,1665012,2355118593998,640
basic_appreq,2318739,2355120956817,640
basic_appreq,2357593,2355123361391,640
basic_appreq,2095834,2355125500753,640
basic_appreq,2288634,2355127856056,640
basic_appreq,2322345,2355130214550,640
basic_appreq,3301928,2355133563097,640
basic_appreq,2323566,2355135923506,640
basic_appreq,2642404,2355138600835,640
basic_appreq,2425504,2355141065557,640
basic_appreq,2684450,2355143789478,640
basic_appreq,2542413,2355146381579,640
basic_appreq,2193931,2355148615150,640
basic_appreq,2636631,2355151290441,640
basic_appreq,2222460,2355153552778,640
basic_appreq,1986052,2355155586161,640
basic_appreq,2783697,2355158404936,640
basic_appreq,2639923,2355161086259,640
basic_appreq,2342170,2355163472922,640
basic_appreq,1991031,2355165506970,640
basic_appreq,2967064,2355168517556,640
basic_appreq,2182169,2355170742800,640
basic_appreq,2485044,2355173266208,640
basic_appreq,2165997,2355175468435,640
basic_appreq,2771550,2355178279037,640
basic_appreq,2491328,2355180809278,640
basic_appreq,2670012,2355183525011,640
basic_appreq,2458635,2355186023131,640
basic_appreq,2068135,2355188154445,640
basic_appreq,2353556,2355190563581,640
basic_appreq,1765403,2355192381382,640
basic_appreq,2329954,2355194749262,640
basic_appreq,2305312,2355197093705,640
basic_appreq,2281710,2355199412234,640
basic_appreq,1977832,2355201429659,640
basic_appreq,2123008,2355203588628,640
basic_appreq,2124650,2355205752400,640
basic_appreq,2256570,2355208059305,640
basic_appreq,2806224,2355210909328,640
basic_appreq,2146576,2355213107285,640
basic_appreq,2526508,2355215679632,640
basic_appreq,2330389,2355218048065,640
basic_appreq,1791575,2355219889046,640
basic_appreq,2031044,2355221963261,640
basic_appreq,2151877,2355224167026,640
basic_appreq,1984952,2355226193188,640
basic_appreq,2759639,2355229006203,640
basic_appreq,2467328,2355231513706,640
basic_appreq,2302567,2355233855407,640
basic_appreq,2720488,2355236626474,640
basic_appreq,2671529,2355239344883,640
basic_appreq,1793206,2355241181316,640
basic_appreq,2583874,2355243812672,640
basic_appreq,2828657,2355246680021,640
basic_appreq,2543354,2355249259414,640
basic_appreq,2737625,2355252046436,640
basic_appreq,2270427,2355254359773,640
basic_appreq,2776861,2355257183928,640
basic_appreq,2764591,2355259988036,640
basic_appreq,2799903,2355262851837,640
basic_appreq,2873950,2355265769422,640
basic_appreq,1599036,2355267424320,640
basic_appreq,2460850,2355269928257,640
basic_appreq,2581860,2355272566596,640
basic_appreq,2849055,2355275477391,640
basic_appreq,2105968,2355277621849,640
basic_appreq,1674882,2355279342460,640
basic_appreq,2371016,2355281750626,640
basic_appreq,2092072,2355283883668,640
basic_appreq,2126912,2355286047257,640
basic_appreq,2349203,2355288431101,640
basic_appreq,2429249,2355290901988,640
basic_appreq,2227185,2355293173059,640
basic_appreq,1725128,2355294947820,640
basic_appreq,2277386,2355297265383,640
basic_appreq,2328590,2355299640526,640
basic_appreq,2271866,2355301956378,640
basic_appreq,2074166,2355304077446,640
basic_appreq,1971752,2355306091250,640
basic_appreq,2265412,2355308390479,640
basic_appreq,3242129,2355311673721,640
basic_appreq,2151705,2355313860900,640
basic_appreq,3009464,2355316916065,640
basic_appreq,3080763,2355320037297,640
basic_appreq,2290528,2355322369390,640
basic_appreq,2900246,2355325308730,640
basic_appreq,1743129,2355327106857,640
basic_appreq,2282201,2355329432611,640
basic_appreq,1926808,2355331406813,640
basic_appreq,2374671,2355333817151,640
basic_appreq,2699514,2355336564080,640
basic_appreq,2483788,2355339093683,640
basic_appreq,2003188,2355341140314,640
basic_appreq,2170139,2355343349453,640
basic_appreq,3332206,2355346725353,640
basic_appreq,2472656,2355349234571,640
basic_appreq,2371237,2355351648030,640
basic_appreq,1760810,2355353452540,640
basic_appreq,3223304,2355356720527,640
basic_appreq,2476187,2355359237082,640
basic_appreq,1652412,2355360940447,640
basic_appreq,2287146,2355363276067,640
basic_appreq,2282262,2355365601901,640
basic_appreq,1946653,2355367597703,640
basic_appreq,2547075,2355370183592,640
basic_appreq,1610357,2355371848060,640
basic_appreq,2521528,2355374413056,640
basic_appreq,3124753,2355377581160,640
basic_appreq,2189527,2355379809821,640
basic_appreq,2744916,2355382605743,640
basic_appreq,2079081,2355384723122,640
basic_appreq,2389247,2355387167376,640
basic_appreq,3301423,2355390508644,640
basic_appreq,3055561,2355393605231,640
basic_appreq,2949669,2355396596075,640
basic_appreq,2363941,2355399003015,640
basic_appreq,1783994,2355400830426,640
basic_appreq,2769216,2355403642790,640
basic_appreq,1845004,2355405525578,640
basic_appreq,2290317,2355407856394,640
basic_appreq,1884849,2355409783798,640
basic_appreq,2904597,2355412724841,640
basic_appreq,2454083,2355415216258,640
basic_appreq,2341251,2355417591205,640
basic_appreq,2698963,2355420332803,640
basic_appreq,2256640,2355422637165,640
basic_appreq,2500375,2355425182051,640
basic_appreq,2969110,2355428198100,640
basic_appreq,1781888,2355430020138,640
basic_appreq,2336993,2355432393777,640
basic_appreq,2412119,2355434850140,640
basic_appreq,1577677,2355436478648,640
basic_appreq,2310365,2355438824964,640
basic_appreq,2467872,2355441329672,640
basic_appreq,2308977,2355443681242,640
basic_appreq,2783871,2355446502249,640
basic_appreq,2573730,2355449116817,640
basic_appreq,2642048,2355451796449,640
basic_appreq,2590172,2355454421894,640
basic_appreq,2726553,2355457186067,640
basic_appreq,2833203,2355460066224,640
basic_appreq,2258889,2355462368524,640
basic_appreq,2258250,2355464667907,640
basic_appreq,2186423,2355466897364,640
basic_appreq,2854445,2355469792688,640
basic_appreq,2583007,2355472415505,640
basic_appreq,2071311,2355474522092,640
basic_appreq,2026450,2355476589130,640
basic_appreq,1748367,2355478380872,640
basic_appreq,2723130,2355481145266,640
basic_appreq,2739453,2355483937072,640
basic_appreq,2634355,2355486607380,640
basic_appreq,2795449,2355489437398,640
basic_appreq,2798470,2355492274690,640
basic_appreq,2057319,2355494366157,640
basic_appreq,2256886,2355496664381,640
basic_appreq,2262831,2355498970507,640
basic_appreq,1731788,2355500755816,640
basic_appreq,2270727,2355503070356,640
basic_appreq,2117235,2355505229276,640
basic_appreq,2323449,2355507594470,640
basic_appreq,2724121,2355510352473,640
basic_appreq,2825841,2355513230236,640
basic_appreq,2208198,2355515474387,640
basic_appreq,1830091,2355517348404,640
basic_appreq,2070469,2355519463562,640
basic_appreq,2355381,2355521857540,640
basic_appreq,2323073,2355524225672,640
basic_appreq,1950173,2355526222883,640
basic_appreq,2136363,2355528394060,640
basic_appreq,2775348,2355531222528,640
basic_appreq,2532838,2355533790833,640
basic_appreq,2768307,2355536598317,640
basic_appreq,2352615,2355538990521,640
basic_appreq,2238242,2355541266864,640
basic_appreq,2503981,2355543813779,640
basic_appreq,2421021,2355546278170,640
basic_appreq,2548245,2355548881050,640
basic_appreq,2713273,2355551634408,640
basic_appreq,2359563,2355554025953,640
basic_appreq,1665370,2355555738939,640
basic_appreq,2284025,2355558060187,640
basic_appreq,2408152,2355560509764,640
basic_appreq,2412293,2355562975912,640
basic_appreq,2168409,2355565186194,640
basic_appreq,2345892,2355567576887,640
basic_appreq,2805088,2355570418838,640
basic_appreq,2425260,2355572883734,640
basic_appreq,2099212,2355575022619,640
basic_appreq,3060457,2355578126708,640
basic_appreq,2623407,2355580792279,640
basic_appreq,2243592,2355583076031,640
basic_appreq,2073750,2355585193143,640
basic_appreq,1890530,2355587129605,640
basic_appreq,2508689,2355589678554,640
basic_appreq,2121442,2355591841307,640
basic_appreq,1788326,2355593673936,640
basic_appreq,2193437,2355595906973,640
basic_appreq,2455020,2355598396331,640
basic_appreq,2845323,2355601275540,640
basic_appreq,2401764,2355603713568,640
basic_appreq,2606729,2355606354119,640
basic_appreq,2626404,2355609017977,640
basic_appreq,2893048,2355611948378,640
basic_appreq,2047440,2355614030927,640
basic_appreq,2561397,2355616647153,640
basic_appreq,2738742,2355619424404,640
basic_appreq,2465675,2355621924636,640
basic_appreq,2350589,2355624317388,640
basic_appreq,2854231,2355627215218,640
basic_appreq,2401840,2355629652918,640
basic_appreq,1640248,2355631342670,640
basic_appreq,2432233,2355633814510,640
basic_appreq,2681109,2355636535842,640
basic_appreq,2788495,2355639382702,640
basic_appreq,2780099,2355642198373,640
basic_appreq,2297602,2355644535113,640
basic_appreq,1799173,2355646374561,640
basic_appreq,2434470,2355648845117,640
basic_appreq,2917668,2355651809900,640
basic_appreq,2686158,2355654531603,640
basic_appreq,2789338,2355657361659,640
basic_appreq,2224901,2355659629215,640
basic_appreq,2266669,2355661930211,640
basic_appreq,2896233,2355664864670,640
basic_appreq,2203243,2355667109096,640
basic_appreq,2298347,2355669444018,640
basic_appreq,2139940,2355671637071,640
basic_appreq,2856751,2355674532845,640
basic_appreq,2175022,2355676750567,640
basic_appreq,1760754,2355678553553,640
basic_appreq,2427182,2355681020581,640
basic_appreq,3049363,2355684116774,640
basic_appreq,2369008,2355686522105,640
basic_appreq,2418724,2355688974446,640
basic_appreq,2863410,2355691881996,640
basic_appreq,2659024,2355694576451,640
basic_appreq,3048173,2355697664132,640
basic_appreq,2817232,2355700519620,640
basic_appreq,2372279,2355702943867,640
basic_appreq,1656362,2355704646320,640
basic_appreq,2255503,2355706943592,640
basic_appreq,2171367,2355709155313,640
basic_appreq,1665277,2355710862954,640
basic_appreq,2404333,2355713304124,640
basic_appreq,2480294,2355715823545,640
basic_appreq,2002756,2355717862020,640
basic_appreq,2164318,2355720061346,640
basic_appreq,2285168,2355722382774,640
basic_appreq,2151229,2355724582773,640
basic_appreq,2441214,2355727072822,640
basic_appreq,2691406,2355729799304,640
basic_appreq,3254044,2355733093959,640
basic_appreq,2556995,2355735688602,640
basic_appreq,2755194,2355738484482,640
basic_appreq,2512872,2355741037327,640
basic_appreq,1630001,2355742722124,640
basic_appreq,2081593,2355744844690,640
basic_appreq,1903506,2355746791266,640
basic_appreq,2903851,2355749731033,640
basic_appreq,2657966,2355752429388,640
basic_appreq,2923569,2355755393016,640
basic_appreq,2704158,2355758134989,640
basic_appreq,1693157,2355759875487,640
basic_appreq,2276972,2355762194207,640
basic_appreq,2265374,2355764503594,640
basic_appreq,2513131,2355767072261,640
basic_appreq,1512924,2355768627522,640
basic_appreq,2902225,2355771566201,640
basic_appreq,2492062,2355774094335,640
basic_appreq,1694102,2355775840511,640
basic_appreq,2274533,2355778157296,640
basic_appreq,2442077,2355780644001,640
basic_appreq,2267994,2355782959032,640
basic_appreq,1875734,2355784878868,640
basic_appreq,2728556,2355787649289,640
basic_appreq,2701843,2355790386377,640
basic_appreq,2449671,2355792874522,640
basic_appreq,2200309,2355795116968,640
basic_appreq,2483750,2355797639725,640
basic_appreq,5951400,2355803634695,640
basic_appreq,1821862,2355805508666,640
basic_appreq,2190320,2355807738788,640
basic_appreq,2594513,2355810371704,640
basic_appreq,2841764,2355813252760,640
basic_appreq,2327294,2355815618456,640
basic_appreq,2663209,2355818318304,640
basic_appreq,1635134,2355819997979,640
basic_appreq,1988462,2355822051056,640
basic_appreq,2152721,2355824246053,640
basic_appreq,2064789,2355826352980,640
basic_appreq,2309305,2355828702167,640
basic_appreq,1750100,2355830486713,640
basic_appreq,2601405,2355833117077,640
basic_appreq,2600366,2355835748182,640
basic_appreq,2826025,2355838603596,640
basic_appreq,2550333,2355841191908,640
basic_appreq,2720437,2355843955490,640
basic_appreq,2645313,2355846637317,640
basic_appreq,2628569,2355849303263,640
basic_appreq,2919415,2355852258769,640
basic_appreq,1413996,2355853722769,640
basic_appreq,2526937,2355856288966,640
basic_appreq,1731298,2355858067433,640
basic_appreq,2205094,2355860312163,640
basic_appreq,2100844,2355862456816,640
basic_appreq,1761429,2355864258041,640
basic_appreq,2728464,2355867024406,640
basic_appreq,2443505,2355869502411,640
basic_appreq,3268091,2355872815368,640
basic_appreq,2638272,2355875490852,640
basic_appreq,2558206,2355878084019,640
basic_appreq,2487992,2355880609873,640
basic_appreq,2699441,2355883348745,640
basic_appreq,2600932,2355885989804,640
basic_appreq,2515609,2355888545787,640
basic_appreq,2867826,2355891456809,640
basic_appreq,2431722,2355893925049,640
basic_appreq,2450535,2355896414759,640
basic_appreq,2755500,2355899228813,640
basic_appreq,2867008,2355902141967,640
basic_appreq,2761537,2355904951109,640
basic_appreq,2674208,2355907663610,640
basic_appreq,2720708,2355910425708,640
basic_appreq,2635663,2355913099623,640
basic_appreq,1638241,2355914782021,640
basic_appreq,8664968,2355923477755,640
basic_appreq,2429491,2355925950223,640
basic_appreq,2186960,2355928181899,640
basic_appreq,3399309,2355931625615,640
basic_appreq,3356141,2355935023818,640
basic_appreq,3414408,2355938479714,640
basic_appreq,2858118,2355941378479,640
basic_appreq,1565912,2355942994457,640
basic_appreq,2191839,2355945228772,640
basic_appreq,1973836,2355947249401,640
basic_appreq,1704598,2355948993552,640
basic_appreq,2679091,2355951718132,640
basic_appreq,2944706,2355954706166,640
basic_appreq,2241425,2355956983846,640
basic_appreq,2353356,2355959361933,640
basic_appreq,2638994,2355962047580,640
basic_appreq,1555205,2355963644784,640
basic_appreq,1941369,2355965612900,640
basic_appreq,2146073,2355967791344,640
basic_appreq,2085395,2355969911440,640
basic_appreq,2782725,2355972735885,640
basic_appreq,2719980,2355975491615,640
basic_appreq,2355770,2355977891367,640
basic_appreq,1855674,2355979791371,640
basic_appreq,2247538,2355982078885,640
basic_appreq,2699316,2355984820621,640
basic_appreq,2734652,2355987597237,640
basic_appreq,2738178,2355990375762,640
basic_appreq,3061619,2355993476609,640
basic_appreq,2367931,2355995883275,640
basic_appreq,2771985,2355998695664,640
basic_appreq,2518142,2356001256516,640
basic_appreq,2497943,2356003793563,640
basic_appreq,2838610,2356006673049,640
basic_appreq,2364240,2356009076811,640
basic_appreq,1624654,2356010750528,640
basic_appreq,2300336,2356013095578,640
basic_appreq,2574188,2356015715324,640
basic_appreq,2472618,2356018232554,640
basic_appreq,2558696,2356020836729,640
basic_appreq,2444354,2356023322565,640
basic_appreq,2828267,2356026198072,640
basic_appreq,2453333,2356028688321,640
basic_appreq,2132262,2356030875416,640
basic_appreq,2258087,2356033174945,640
basic_appreq,2364574,2356035582730,640
basic_appreq,2054047,2356037678457,640
basic_appreq,2364583,2356040092895,640
basic_appreq,1471593,2356041622999,640
basic_appreq,2180772,2356043840317,640
basic_appreq,2771341,2356046650534,640
basic_appreq,2477598,2356049165783,640
basic_appreq,1860179,2356051067051,640
basic_appreq,2033213,2356053141253,640
basic_appreq,2721985,2356055899392,640
basic_appreq,2304362,2356058258019,640
basic_appreq,2154384,2356060445196,640
basic_appreq,2307647,2356062790393,640
basic_appreq,2297195,2356065114195,640
basic_appreq,3069610,2356068211047,640
basic_appreq,2725046,2356070965162,640
basic_appreq,2467681,2356073460789,640
basic_appreq,3131074,2356076638023,640
basic_appreq,2314770,2356078989275,640
basic_appreq,2613312,2356081637807,640
basic_appreq,3035832,2356084717027,640
basic_appreq,2808493,2356087563048,640
basic_appreq,2595724,2356090194043,640
basic_appreq,2575569,2356092823022,640
basic_appreq,2541974,2356095401771,640
basic_appreq,3039175,2356098483799,640
basic_appreq,3065810,2356101593020,640
basic_appreq,2254307,2356103886275,640
basic_appreq,2296338,2356106224719,640
basic_appreq,1854019,2356108118033,640
basic_appreq,2572082,2356110729553,640
basic_appreq,1963597,2356112730418,640
basic_appreq,2135509,2356114906927,640
basic_appreq,2380960,2356117324456,640
basic_appreq,1666756,2356119037023,640
basic_appreq,2422991,2356121496523,640
basic_appreq,2436825,2356123972807,640
basic_appreq,2232528,2356126272499,640
basic_appreq,2263796,2356128579520,640
basic_appreq,2627183,2356131245004,640
basic_appreq,2442178,2356133721571,640
basic_appreq,2311663,2356136072846,640
basic_appreq,2297879,2356138415967,640
basic_appreq,2583973,2356141041993,640
basic_appreq,2073640,2356143154397,640
basic_appreq,2718710,2356145908970,640
basic_appreq,2684675,2356148632780,640
basic_appreq,2651704,2356151322306,640
basic_appreq,2998878,2356154371708,640
basic_appreq,2506062,2356156917754,640
basic_appreq,2286892,2356159243758,640
basic_appreq,2859788,2356162146814,640
basic_appreq,1713637,2356163905560,640
basic_appreq,1896208,2356165860299,640
basic_appreq,2402729,2356168303022,640
basic_appreq,2586430,2356170929715,640
basic_appreq,2836766,2356173803629,640
basic_appreq,2315245,2356176159540,640
basic_appreq,2951782,2356179151954,640
basic_appreq,2537841,2356181724165,640
basic_appreq,2471983,2356184233606,640
basic_appreq,1554438,2356185831843,640
basic_appreq,1641893,2356187515507,640
basic_appreq,2506785,2356190056981,640
basic_appreq,2136943,2356192238593,640
basic_appreq,3018668,2356195302090,640
basic_appreq,2295360,2356197642612,640
basic_appreq,2874250,2356200561837,640
basic_appreq,2771862,2356203373222,640
basic_appreq,2473153,2356205884840,640
basic_appreq,2835048,2356208770818,640
basic_appreq,3013120,2356211826603,640
basic_appreq,2577799,2356214442886,640
basic_appreq,2721183,2356217209565,640
basic_appreq,1790255,2356219058097,640
basic_appreq,2637755,2356221740754,640
basic_appreq,2373375,2356224161076,640
basic_appreq,1719105,2356225924111,640
basic_appreq,2182392,2356228145180,640
basic_appreq,2295056,2356230482649,640
basic_appreq,2592138,2356233109233,640
basic_appreq,2391586,2356235539814,640
basic_appreq,2894048,2356238471843,640
basic_appreq,2458562,2356240968826,640
basic_appreq,2963371,2356243986096,640
basic_appreq,2444888,2356246495002,640
basic_appreq,2443959,2356248979194,640
basic_appreq,2024520,2356251041334,640
basic_appreq,2539988,2356253621091,640
basic_appreq,2544356,2356256205994,640
basic_appreq,1629527,2356257880893,640
basic_appreq,2476457,2356260398628,640
basic_appreq,2292956,2356262735889,640
basic_appreq,1752154,2356264525094,640
basic_appreq,2061528,2356266651579,640
basic_appreq,2201185,2356268891418,640
basic_appreq,2407040,2356271339962,640
basic_appreq,1974129,2356273352852,640
basic_appreq,2392047,2356275784348,640
basic_appreq,2748418,2356278569301,640
basic_appreq,2649779,2356281259030,640
basic_appreq,2396861,2356283698442,640
basic_appreq,2535043,2356286272258,640
basic_appreq,2845413,2356289162610,640
basic_appreq,2908186,2356292113860,640
basic_appreq,1782673,2356293943903,640
basic_appreq,2350117,2356296335415,640
basic_appreq,2262874,2356298641247,640
basic_appreq,2095296,2356300780008,640
basic_appreq,2653562,2356303473307,640
basic_appreq,2047250,2356305557105,640
basic_appreq,2857181,2356308466139,640
basic_appreq,2658615,2356311165257,640
basic_appreq,2527501,2356313743117,640
basic_appreq,2744400,2356316538477,640
basic_appreq,2829652,2356319411808,640
basic_appreq,2553838,2356322003179,640
basic_appreq,2416061,2356324462152,640
basic_appreq,2730941,2356327236645,640
basic_appreq,1530557,2356328828574,640
basic_appreq,2181388,2356331056019,640
basic_appreq,2141813,2356333252367,640
basic_appreq,2374516,2356335669845,640
basic_appreq,2367113,2356338076447,640
basic_appreq,1919833,2356340031402,640
basic_appreq,2848506,2356342916082,640
basic_appreq,2910226,2356345860925,640
basic_appreq,2657632,2356348554281,640
basic_appreq,2023052,2356350613412,640
basic_appreq,2576380,2356353226908,640
basic_appreq,3063848,2356356327611,640
basic_appreq,2391693,2356358755759,640
basic_appreq,2786173,2356361582350,640
basic_appreq,1717018,2356363345907,640
basic_appreq,2437884,2356365825672,640
basic_appreq,1881739,2356367750366,640
basic_appreq,2377030,2356370162040,640
basic_appreq,2749776,2356372948905,640
basic_appreq,2104882,2356375092822,640
basic_appreq,2393386,2356377522757,640
basic_appreq,1615636,2356379181638,640
basic_appreq,2439478,2356381657060,640
basic_appreq,2500205,2356384201418,640
basic_appreq,2491333,2356386737126,640
basic_appreq,2361445,2356389137844,640
basic_appreq,1964624,2356391145427,640
basic_appreq,2752542,2356393931290,640
basic_appreq,2867573,2356396833834,640
basic_appreq,2713170,2356399585875,640
basic_appreq,2418370,2356402040453,640
basic_appreq,1877911,2356403962707,640
basic_appreq,2598794,2356406598126,640
basic_appreq,2048072,2356408685216,640
basic_appreq,2620064,2356411345578,640
basic_appreq,1985893,2356413367815,640
basic_appreq,2872643,2356416277205,640
basic_appreq,2750468,2356419064002,640
basic_appreq,2549604,2356421650326,640
basic_appreq,2376185,2356424083071,640
basic_appreq,1656990,2356425788601,640
basic_appreq,2336132,2356428166694,640
basic_appreq,2009461,2356430220530,640
basic_appreq,2462303,2356432719870,640
basic_appreq,2460185,2356435219901,640
basic_appreq,2336256,2356437593610,640
basic_appreq,2321560,2356439956069,640
basic_appreq,2348381,2356442346686,640
basic_appreq,2036944,2356444422947,640
basic_appreq,2238765,2356446700572,640
basic_appreq,2599261,2356449334238,640
basic_appreq,2910943,2356452282602,640
basic_appreq,2330006,2356454655132,640
basic_appreq,2487237,2356457180297,640
basic_appreq,1721265,2356458950724,640
basic_appreq,2431910,2356461422477,640
basic_appreq,2669199,2356464139777,640
basic_appreq,2618601,2356466797385,640
basic_appreq,2597168,2356469448482,640
basic_appreq,2662848,2356472162254,640
basic_appreq,2667571,2356474878310,640
basic_appreq,2602787,2356477518200,640
basic_appreq,1569204,2356479141291,640
basic_appreq,2426186,2356481610003,640
basic_appreq,2388158,2356484044122,640
basic_appreq,2832235,2356486922995,640
basic_appreq,2585431,2356489547230,640
basic_appreq,2903493,2356492510569,640
basic_appreq,2621023,2356495172124,640
basic_appreq,2964745,2356498181006,640
basic_appreq,1694961,2356499927054,640
basic_appreq,1831104,2356501801212,640
basic_appreq,2508972,2356504350368,640
basic_appreq,2412271,2356506802104,640
basic_appreq,2254319,2356509093619,640
basic_appreq,3430100,2356512579446,640
basic_appreq,2154015,2356514773457,640
basic_appreq,1772762,2356516588582,640
basic_appreq,2017731,2356518646136,640
basic_appreq,2355782,2356521042978,640
basic_appreq,1904782,2356522992593,640
basic_appreq,2263625,2356525291895,640
basic_appreq,2237579,2356527568605,640
basic_appreq,1931515,2356529541054,640
basic_appreq,2337958,2356531930779,640
basic_appreq,2496463,2356534463225,640
basic_appreq,2224365,2356536732589,640
basic_appreq,2775918,2356539548246,640
basic_appreq,2684041,2356542281852,640
basic_appreq,2555139,2356544875714,640
basic_appreq,3030006,2356547963536,640
basic_appreq,2801155,2356550827117,640
basic_appreq,2954223,2356553828564,640
basic_appreq,2826975,2356556700588,640
basic_appreq,2388299,2356559128605,640
basic_appreq,2855810,2356562025678,640
basic_appreq,2254983,2356564322686,640
basic_appreq,2753267,2356567133619,640
basic_appreq,1686605,2356568865871,640
basic_appreq,1770902,2356570684213,640
basic_appreq,2290748,2356573015013,640
basic_appreq,2363882,2356575421070,640
basic_appreq,2323067,2356577781934,640
basic_appreq,2644233,2356580466988,640
basic_appreq,2354101,2356582861683,640
basic_appreq,2834900,2356585740892,640
basic_appreq,2470392,2356588253419,640
basic_appreq,2819481,2356591119710,640
basic_appreq,2880101,2356594038490,640
basic_appreq,1698356,2356595791034,640
basic_appreq,2418106,2356598253791,640
basic_appreq,2345137,2356600642099,640
basic_appreq,2341114,2356603030290,640
basic_appreq,2434502,2356605502294,640
basic_appreq,2629388,2356608170999,640
basic_appreq,2270810,2356610485419,640
basic_appreq,2389602,2356612912977,640
basic_appreq,2636285,2356615589372,640
basic_appreq,2118650,2356617758630,640
basic_appreq,2813149,2356620620230,640
basic_appreq,2460011,2356623119599,640
basic_appreq,2975778,2356626136356,640
basic_appreq,2193176,2356628378925,640
basic_appreq,2518333,2356630944214,640
basic_appreq,1638371,2356632635720,640
basic_appreq,2557493,2356635251414,640
basic_appreq,1922895,2356637219546,640
basic_appreq,2325160,2356639579533,640
basic_appreq,2276233,2356641889353,640
basic_appreq,2171643,2356644096394,640
basic_appreq,2191435,2356646343931,640
basic_appreq,3064356,2356649451752,640
basic_appreq,2347969,2356651840874,640
basic_appreq,1704532,2356653598778,640
basic_appreq,2352372,2356655998857,640
basic_appreq,1994122,2356658069829,640
basic_appreq,2398432,2356660502351,640
basic_appreq,2595696,2356663134999,640
basic_appreq,2658267,2356665830358,640
basic_appreq,2316256,2356668188075,640
basic_appreq,2193804,2356670427417,640
basic_appreq,1952313,2356672422998,640
basic_appreq,2152447,2356674623666,640
basic_appreq,1972014,2356676639181,640
basic_appreq,2390653,2356679082198,640
basic_appreq,2869187,2356681985753,640
basic_appreq,2492140,2356684514851,640
basic_appreq,2518222,2356687072538,640
basic_appreq,2466016,2356689576880,640
basic_appreq,3230458,2356692854912,640
basic_appreq,2958788,2356695856953,640
basic_appreq,2488797,2356698384291,640
basic_appreq,1707552,2356700149048,640
basic_appreq,2123995,2356702319953,640
basic_appreq,2193126,2356704556891,640
basic_appreq,2343293,2356706946316,640
basic_appreq,1985213,2356708975366,640
basic_appreq,2632524,2356711643477,640
basic_appreq,2453056,2356714130385,640
basic_appreq,2944252,2356717116515,640
basic_appreq,2459671,2356719621832,640
basic_appreq,2564764,2356722241413,640
basic_appreq,2634005,2356724917890,640
basic_appreq,2323706,2356727288451,640
basic_appreq,1844294,2356729175777,640
basic_appreq,2113700,2356731327058,640
basic_appreq,2255180,2356733620934,640
basic_appreq,1840403,2356735502341,640
basic_appreq,1593219,2356737140259,640
basic_appreq,2355485,2356739548703,640
basic_appreq,2303645,2356741889234,640
basic_appreq,1958673,2356743888609,640
basic_appreq,2806512,2356746730341,640
basic_appreq,2571916,2356749340590,640
basic_appreq,2553562,2356751932321,640
basic_appreq,2919820,2356754893649,640
basic_appreq,2944852,2356757893041,640
basic_appreq,1613293,2356759565959,640
basic_appreq,2277125,2356761886633,640
basic_appreq,1821190,2356763755796,640
basic_appreq,2389164,2356766182744,640
basic_appreq,1826774,2356768059147,640
basic_appreq,2143041,2356770248982,640
basic_appreq,2247063,2356772539209,640
basic_appreq,2105883,2356774690615,640
basic_appreq,2278296,2356777007668,640
basic_appreq,2741252,2356779785105,640
basic_appreq,3007819,2356782827665,640
basic_appreq,3159877,2356786028959,640
basic_appreq,2793316,2356788862620,640
basic_appreq,2407280,2356791310829,640
basic_appreq,2221612,2356793576283,640
basic_appreq,1785155,2356795406969,640
basic_appreq,2053260,2356797501233,640
basic_appreq,2409095,2356799949107,640
basic_appreq,2087971,2356802080075,640
basic_appreq,2508846,2356804627509,640
basic_appreq,2635303,2356807300830,640
basic_appreq,2388445,2356809727124,640
basic_appreq,2041534,2356811807197,640
basic_appreq,2524238,2356814371970,640
basic_appreq,2632575,2356817051408,640
basic_appreq,2254240,2356819362509,640
basic_appreq,1862821,2356821268215,640
basic_appreq,2004462,2356823316515,640
basic_appreq,2403032,2356825756468,640
basic_appreq,2354990,2356828157388,640
basic_appreq,2623699,2356830819630,640
basic_appreq,1861480,2356832725108,640
basic_appreq,2127897,2356834892814,640
basic_appreq,2464065,2356837395052,640
basic_appreq,2149425,2356839585370,640
basic_appreq,2445977,2356842066156,640
basic_appreq,2072499,2356844182298,640
basic_appreq,2440160,2356846668313,640
basic_appreq,3062989,2356849784644,640
basic_appreq,6229736,2356856056261,640
basic_appreq,1880216,2356857986444,640
basic_appreq,2442428,2356860473504,640
basic_appreq,2576848,2356863095516,640
basic_appreq,2444019,2356865582690,640
basic_appreq,3015112,2356868646354,640
basic_appreq,2797767,2356871487233,640
basic_appreq,2510756,2356874034776,640
basic_appreq,2874911,2356876955280,640
basic_appreq,2956888,2356879954642,640
basic_appreq,2693104,2356882684687,640
basic_appreq,2908722,2356885632686,640
basic_appreq,2821270,2356888495944,640
basic_appreq,1691934,2356890233658,640
basic_appreq,2434108,2356892710540,640
basic_appreq,1852178,2356894607874,640
basic_appreq,2681290,2356897326955,640
basic_appreq,2741488,2356900110566,640
basic_appreq,2531718,2356902691108,640
basic_appreq,2524330,2356905267563,640
basic_appreq,2794370,2356908107902,640
basic_appreq,1839951,2356910000450,640
basic_appreq,1940603,2356911982235,640
basic_appreq,1871087,2356913921147,640
basic_appreq,2398165,2356916360411,640
basic_appreq,2515018,2356918916905,640
basic_appreq,2485416,2356921439912,640
basic_appreq,2661550,2356924138661,640
basic_appreq,2639903,2356926816205,640
basic_appreq,2331473,2356929181672,640
basic_appreq,2018711,2356931250890,640
basic_appreq,2145550,2356933440607,640
basic_appreq,3187299,2356936675836,640
basic_appreq,2557857,2356939290929,640
basic_appreq,2259519,2356941588832,640
basic_appreq,1596753,2356943235051,640
basic_appreq,2008178,2356945280555,640
basic_appreq,2451114,2356947769792,640
basic_appreq,2295064,2356950101029,640
basic_appreq,2346667,2356952496738,640
basic_appreq,3202153,2356955753429,640
basic_appreq,2317973,2356958120285,640
basic_appreq,3101475,2356961273641,640
basic_appreq,2275206,2356963587858,640
basic_appreq,1805060,2356965442341,640
basic_appreq,1824872,2356967317411,640
basic_appreq,3194050,2356970556660,640
basic_appreq,2856490,2356973454530,640
basic_appreq,2415330,2356975926380,640
basic_appreq,3180520,2356979150114,640
basic_appreq,2906817,2356982093304,640
basic_appreq,1887730,2356984027834,640
basic_appreq,2497749,2356986570451,640
basic_appreq,2090920,2356988701350,640
basic_appreq,2603960,2356991346155,640
basic_appreq,2178397,2356993565374,640
basic_appreq,2728922,2356996345406,640
basic_appreq,1841521,2356998227225,640
basic_appreq,2122992,2357000385364,640
basic_appreq,2670424,2357003092672,640
basic_appreq,2308432,2357005457830,640
basic_appreq,1891487,2357007391798,640
basic_appreq,2522101,2357009949746,640
basic_appreq,1701785,2357011703959,640
basic_appreq,2336996,2357014084806,640
basic_appreq,2314453,2357016445805,640
basic_appreq,2222600,2357018716768,640
basic_appreq,2651243,2357021406104,640
basic_appreq,2455324,2357023905954,640
basic_appreq,1725842,2357025675242,640
basic_appreq,2418798,2357028140122,640
basic_appreq,2664356,2357030854149,640
basic_appreq,2527476,2357033417586,640
basic_appreq,2013203,2357035470858,640
basic_appreq,2973871,2357038480295,640
basic_appreq,2184895,2357040702774,640
basic_appreq,2850100,2357043591773,640
basic_appreq,2695584,2357046323309,640
basic_appreq,2458347,2357048821730,640
basic_appreq,1768563,2357050641059,640
basic_appreq,1932027,2357052613735,640
basic_appreq,2044100,2357054713394,640
basic_appreq,2588136,2357057336827,640
basic_appreq,2214516,2357059589089,640
basic_appreq,2670013,2357062316033,640
basic_appreq,2413947,2357064775168,640
basic_appreq,2180622,2357067007960,640
basic_appreq,2274409,2357069327418,640
basic_appreq,2101591,2357071475486,640
basic_appreq,2296528,2357073807316,640
basic_appreq,2313775,2357076153918,640
basic_appreq,2074554,2357078261857,640
basic_appreq,2345018,2357080637721,640
basic_appreq,2645485,2357083338589,640
basic_appreq,3143125,2357086523767,640
basic_appreq,2194051,2357088758559,640
basic_appreq,1750217,2357090554820,640
basic_appreq,2279466,2357092875567,640
basic_appreq,2132250,2357095054887,640
basic_appreq,2377091,2357097472822,640
basic_appreq,2644179,2357100154137,640
basic_appreq,2345093,2357102537179,640
basic_appreq,2745308,2357105332709,640
basic_appreq,2217174,2357107589044,640
basic_appreq,1780258,2357109420329,640
basic_appreq,2261838,2357111729258,640
basic_appreq,2537654,2357114310460,640
basic_appreq,1596870,2357115960770,640
basic_appreq,2141802,2357118138340,640
basic_appreq,2673661,2357120861664,640
basic_appreq,2389984,2357123293118,640
basic_appreq,2312331,2357125641715,640
basic_appreq,2112111,2357127795045,640
basic_appreq,2508224,2357130344779,640
basic_appreq,2425336,2357132810280,640
basic_appreq,2310932,2357135159474,640
basic_appreq,2118777,2357137317059,640
basic_appreq,2273603,2357139627646,640
basic_appreq,2420076,2357142083442,640
basic_appreq,2283479,2357144406025,640
basic_appreq,1933014,2357146404709,640
basic_appreq,1779158,2357148228650,640
basic_appreq,2253452,2357150523446,640
basic_appreq,2227723,2357152791091,640
basic_appreq,2244346,2357155081736,640
basic_appreq,2164726,2357157285054,640
basic_appreq,2377654,2357159699857,640
basic_appreq,1802127,2357161552491,640
basic_appreq,3052212,2357164652884,640
basic_appreq,2638003,2357167327767,640
basic_appreq,2370617,2357169735519,640
basic_appreq,2551195,2357172326309,640
basic_appreq,2250949,2357174617893,640
basic_appreq,3049705,2357177711781,640
basic_appreq,2780004,2357180528411,640
basic_appreq,2366307,2357182932537,640
basic_appreq,2454232,2357185434987,640
basic_appreq,2711335,2357188186974,640
basic_appreq,2209696,2357190463936,640
basic_appreq,1737665,2357192245490,640
basic_appreq,2531955,2357194819377,640
basic_appreq,1638649,2357196501998,640
basic_appreq,2398586,2357198947127,640
basic_appreq,1999663,2357200989775,640
basic_appreq,2274639,2357203305216,640
basic_appreq,2330387,2357205669703,640
basic_appreq,2730266,2357208456586,640
basic_appreq,2613444,2357211107849,640
basic_appreq,1767875,2357212926603,640
basic_appreq,2808394,2357215783113,640
basic_appreq,2395347,2357218212830,640
basic_appreq,3087905,2357221344148,640
basic_appreq,2662301,2357224048637,640
basic_appreq,2429131,2357226519544,640
basic_appreq,2918019,2357229481700,640
basic_appreq,2709022,2357232233161,640
basic_appreq,2344851,2357234617536,640
basic_appreq,1837874,2357236495480,640
basic_appreq,2077821,2357238613911,640
basic_appreq,1911025,2357240564025,640
basic_appreq,1806688,2357242407766,640
basic_appreq,2267082,2357244712959,640
basic_appreq,1712551,2357246478191,640
basic_appreq,2264041,2357248785165,640
basic_appreq,2520697,2357251355466,640
basic_appreq,2821856,2357254222177,640
basic_appreq,2577482,2357256843061,640
basic_appreq,2204750,2357259091547,640
basic_appreq,2409253,2357261543894,640
basic_appreq,2478518,2357264060856,640
basic_appreq,2139149,2357266241354,640
basic_appreq,1764115,2357268055413,640
basic_appreq,2355148,2357270457171,640
basic_appreq,2198522,2357272699215,640
basic_appreq,2294850,2357275041043,640
basic_appreq,2311106,2357277387700,640
basic_appreq,2711438,2357280136412,640
basic_appreq,2658541,2357282834547,640
basic_appreq,2284412,2357285154479,640
basic_appreq,2795676,2357287990854,640
basic_appreq,2344578,2357290403059,640
basic_appreq,2434990,2357292892746,640
basic_appreq,2233103,2357295168739,640
basic_appreq,2900687,2357298113399,640
basic_appreq,2456005,2357300608130,640
basic_appreq,2450500,2357303099587,640
basic_appreq,1713112,2357304856933,640
basic_appreq,2412446,2357307316172,640
basic_appreq,2579774,2357309939013,640
basic_appreq,2297900,2357312283224,640
basic_appreq,2232974,2357314563868,640
basic_appreq,2337458,2357316944875,640
basic_appreq,2917634,2357319914648,640
basic_appreq,2526299,2357322476744,640
basic_appreq,2687976,2357325203642,640
basic_appreq,2475538,2357327727960,640
basic_appreq,1718668,2357329490517,640
basic_appreq,2509677,2357332038001,640
basic_appreq,2661412,2357334742784,640
basic_appreq,2904522,2357337694177,640
basic_appreq,2750457,2357340485195,640
basic_appreq,2461191,2357343000222,640
basic_appreq,2390587,2357345430572,640
basic_appreq,2647647,2357348123875,640
basic_appreq,2378720,2357350543296,640
basic_appreq,2878592,2357353463135,640
basic_appreq,1769384,2357355277416,640
basic_appreq,2268960,2357357583545,640
basic_appreq,2953804,2357360584651,640
basic_appreq,2126283,2357362750899,640
basic_appreq,2817727,2357365621219,640
basic_appreq,2322197,2357367984599,640
basic_appreq,1412518,2357369467274,640
basic_appreq,2844681,2357372357686,640
basic_appreq,2764988,2357375164723,640
basic_appreq,1537772,2357376740823,640
basic_appreq,2361028,2357379148982,640
basic_appreq,1803923,2357380996527,640
basic_appreq,2004932,2357383044992,640
basic_appreq,3332618,2357386421623,640
basic_appreq,2634294,2357389093293,640
basic_appreq,2111249,2357391241558,640
basic_appreq,1933747,2357393211639,640
basic_appreq,2218035,2357395466916,640
basic_appreq,1582512,2357397096429,640
basic_appreq,1904736,2357399054148,640
basic_appreq,2454285,2357401544320,640
basic_appreq,2263390,2357403847890,640
basic_appreq,2548338,2357406434042,640
basic_appreq,2567331,2357409041496,640
basic_appreq,2846776,2357411928961,640
basic_appreq,2723662,2357414690164,640
basic_appreq,2373200,2357417100265,640
basic_appreq,2388724,2357419532591,640
basic_appreq,2265538,2357421832302,640
basic_appreq,2967108,2357424845242,640
basic_appreq,2726223,2357427610203,640
basic_appreq,2924613,2357430571516,640
basic_appreq,2382425,2357432992389,640
basic_appreq,1595430,2357434636878,640
basic_appreq,2513000,2357437188026,640
basic_appreq,2548606,2357439788938,640
basic_appreq,1852873,2357441684448,640
basic_appreq,2169851,2357443912015,640
basic_appreq,2429082,2357446377387,640
basic_appreq,2279772,2357448706257,640
basic_appreq,2304559,2357451060607,640
basic_appreq,1870150,2357453001741,640
basic_appreq,2024674,2357455071849,640
basic_appreq,2341505,2357457448509,640
basic_appreq,2180479,2357459670720,640
basic_appreq,2294242,2357461998353,640
basic_appreq,2500738,2357464535577,640
basic_appreq,2417556,2357466998605,640
basic_appreq,2672678,2357469714111,640
basic_appreq,2304552,2357472059840,640
basic_appreq,3163746,2357475271532,640
basic_appreq,2813864,2357478120594,640
basic_appreq,2163056,2357480321341,640
basic_appreq,2025685,2357482393003,640
basic_appreq,3155691,2357485592349,640
basic_appreq,2560456,2357488190340,640
basic_appreq,1802534,2357490038100,640
basic_appreq,2763370,2357492853972,640
basic_appreq,2214858,2357495123229,640
basic_appreq,2456133,2357497616964,640
basic_appreq,2230205,2357499889165,640
basic_appreq,1764269,2357501696478,640
basic_appreq,2363756,2357504103836,640
basic_appreq,2032071,2357506182511,640
basic_appreq,2373121,2357508590914,640
basic_appreq,3002981,2357511641690,640
basic_appreq,2130989,2357513813241,640
basic_appreq,2323287,2357516184511,640
basic_appreq,2826407,2357519058475,640
basic_appreq,2652026,2357521748126,640
basic_appreq,1852682,2357523646307,640
basic_appreq,2072698,2357525760298,640
basic_appreq,2286409,2357528086289,640
basic_appreq,2258639,2357530388953,640
basic_appreq,2450486,2357532873402,640
basic_appreq,2205776,2357535116732,640
basic_appreq,1801907,2357536957236,640
basic_appreq,2368672,2357539366280,640
basic_appreq,2236233,2357541640675,640
basic_appreq,2533753,2357544220870,640
basic_appreq,2093759,2357546355970,640
basic_appreq,2771170,2357549178163,640
basic_appreq,2835886,2357552055704,640
basic_appreq,2791008,2357554901559,640
basic_appreq,2340874,2357557280406,640
basic_appreq,1678228,2357559008310,640
basic_appreq,2385762,2357561438235,640
basic_appreq,2404604,2357563888466,640
basic_appreq,1987435,2357565919066,640
basic_appreq,2363803,2357568328501,640
basic_appreq,2640517,2357571012150,640
basic_appreq,2630614,2357573684090,640
basic_appreq,2465066,2357576189391,640
basic_appreq,1691077,2357577926915,640
basic_appreq,2276160,2357580239622,640
basic_appreq,2243025,2357582520609,640
basic_appreq,2389594,2357584951559,640
basic_appreq,2721903,2357587711838,640
basic_appreq,2466478,2357590211901,640
basic_appreq,2580378,2357592828331,640
basic_appreq,2807491,2357595673510,640
basic_appreq,2703403,2357598417380,640
basic_appreq,2466005,2357600930136,640
basic_appreq,2267652,2357603237541,640
basic_appreq,2455421,2357605736964,640
basic_appreq,2701998,2357608488485,640
basic_appreq,2597862,2357611126401,640
basic_appreq,1637101,2357612813935,640
basic_appreq,1786265,2357614647158,640
basic_appreq,2182306,2357616867483,640
basic_appreq,1736608,2357618652301,640
basic_appreq,2400450,2357621092190,640
basic_appreq,2600403,2357623738295,640
basic_appreq,2403528,2357626194583,640
basic_appreq,1953833,2357628187849,640
basic_appreq,2177587,2357630400072,640
basic_appreq,2297568,2357632740735,640
basic_appreq,2750126,2357635525364,640
basic_appreq,3021201,2357638583972,640
basic_appreq,2848533,2357641478277,640
basic_appreq,1740173,2357643275849,640
basic_appreq,2620646,2357645935329,640
basic_appreq,2476270,2357648452375,640
basic_appreq,2461860,2357650956202,640
basic_appreq,2532771,2357653527863,640
basic_appreq,1647892,2357655236481,640
basic_appreq,2424211,2357657704261,640
basic_appreq,2331851,2357660081476,640
basic_appreq,2354466,2357662486153,640
basic_appreq,2408316,2357664938061,640
basic_appreq,1981734,2357666967063,640
basic_appreq,2426318,2357669425909,640
basic_appreq,2704730,2357672164464,640
basic_appreq,2716381,2357674916451,640
basic_appreq,2840570,2357677790260,640
basic_appreq,2723291,2357680548611,640
basic_appreq,2689536,2357683280339,640
basic_appreq,2158402,2357685482981,640
basic_appreq,2620639,2357688151209,640
basic_appreq,1637429,2357689834960,640
basic_appreq,2349541,2357692228361,640
basic_appreq,1978874,2357694252334,640
basic_appreq,2620970,2357696927324,640
basic_appreq,2807675,2357699778140,640
basic_appreq,2473231,2357702301441,640
basic_appreq,3010706,2357705359750,640
basic_appreq,2637112,2357708033284,640
basic_appreq,2968811,2357711048417,640
basic_appreq,2389617,2357713476404,640
basic_appreq,2778157,2357716302747,640
basic_appreq,2504411,2357718851914,640
basic_appreq,2552077,2357721447209,640
basic_appreq,3183878,2357724686558,640
basic_appreq,2523033,2357727250724,640
basic_appreq,2708695,2357730004619,640
basic_appreq,2488733,2357732534629,640
basic_appreq,1582810,2357734175972,640
basic_appreq,2474022,2357736690852,640
basic_appreq,2806192,2357739539974,640
basic_appreq,2699072,2357742286618,640
basic_appreq,2535504,2357744855746,640
basic_appreq,2745515,2357747647343,640
basic_appreq,1833642,2357749526640,640
basic_appreq,1946085,2357751512458,640
basic_appreq,1906033,2357753462376,640
basic_appreq,2314854,2357755814496,640
basic_appreq,2487072,2357758337491,640
basic_appreq,2328761,2357760712885,640
basic_appreq,1847612,2357762608756,640
basic_appreq,2184876,2357764836776,640
basic_appreq,2138441,2357767022995,640
basic_appreq,1963725,2357769030810,640
basic_appreq,2688263,2357771760570,640
basic_appreq,2455721,2357774254497,640
basic_appreq,1993254,2357776294867,640
basic_appreq,1836214,2357778182390,640
basic_appreq,2201250,2357780421540,640
basic_appreq,2172404,2357782636720,640
basic_appreq,2441854,2357785117391,640
basic_appreq,1828875,2357786994773,640
basic_appreq,2237874,2357789275634,640
basic_appreq,2211841,2357791530243,640
basic_appreq,1942921,2357793516118,640
basic_appreq,2668952,2357796221492,640
basic_appreq,2462006,2357798719752,640
basic_appreq,2250062,2357801008874,640
basic_appreq,2551300,2357803603174,640
basic_appreq,2713107,2357806351481,640
basic_appreq,2710338,2357809099278,640
basic_appreq,2461497,2357811600749,640
basic_appreq,2451701,2357814088851,640
basic_appreq,1735831,2357815872069,640
basic_appreq,2362191,2357818278077,640
basic_appreq,2060121,2357820388600,640
basic_appreq,2191525,2357822626190,640
basic_appreq,2622415,2357825287411,640
basic_appreq,2852562,2357828191999,640
basic_appreq,3002145,2357831238062,640
basic_appreq,2440876,2357833714988,640
basic_appreq,1682643,2357835446892,640
basic_appreq,2312090,2357837800355,640
basic_appreq,2093856,2357839936085,640
basic_appreq,2393618,2357842366506,640
basic_appreq,2774851,2357845180988,640
basic_appreq,2387568,2357847609274,640
basic_appreq,2462821,2357850110258,640
basic_appreq,2524653,2357852675145,640
basic_appreq,2226203,2357854946795,640
basic_appreq,1827349,2357856817080,640
basic_appreq,2717259,2357859572899,640
basic_appreq,2801255,2357862411357,640
basic_appreq,2199083,2357864647551,640
basic_appreq,2676421,2357867364315,640
basic_appreq,2520421,2357869923242,640
basic_appreq,1677119,2357871665921,640
basic_appreq,2242949,2357873952634,640
basic_appreq,2355355,2357876352907,640
basic_appreq,1910346,2357878308261,640
basic_appreq,2196189,2357880540719,640
basic_appreq,2723976,2357883311257,640
basic_appreq,2662212,2357886009766,640
basic_appreq,2783149,2357888829397,640
basic_appreq,2452688,2357891318501,640
basic_appreq,2790737,2357894153509,640
basic_appreq,1674511,2357895885924,640
basic_appreq,1962351,2357897897464,640
basic_appreq,2503753,2357900443985,640
basic_appreq,2676157,2357903160910,640
basic_appreq,2885430,2357906084382,640
basic_appreq,6504273,2357912631133,640
basic_appreq,2648988,2357915320282,640
basic_appreq,2661822,2357918020056,640
basic_appreq,2544897,2357920605752,640
basic_appreq,3482675,2357924141831,640
basic_appreq,2401030,2357926589041,640
basic_appreq,1926354,2357928569914,640
basic_appreq,2348819,2357930964110,640
basic_appreq,2851898,2357933854906,640
basic_appreq,2388090,2357936288716,640
basic_appreq,2537727,2357938884361,640
basic_appreq,2796384,2357941717519,640
basic_appreq,2556759,2357944309449,640
basic_appreq,1730759,2357946087796,640
basic_appreq,2197282,2357948328290,640
basic_appreq,2409340,2357950785197,640
basic_appreq,2389201,2357953217200,640
basic_appreq,2506734,2357955761666,640
basic_appreq,2428489,2357958241855,640
basic_appreq,1912899,2357960208467,640
basic_appreq,2263189,2357962510860,640
basic_appreq,2306215,2357964875694,640
basic_appreq,3141231,2357968073355,640
basic_appreq,2358891,2357970471500,640
basic_appreq,1742057,2357972257740,640
basic_appreq,2285138,2357974584329,640
basic_appreq,2148191,2357976773494,640
basic_appreq,2336034,2357979152477,640
basic_appreq,2555455,2357981743989,640
basic_appreq,2477737,2357984259671,640
basic_appreq,2580827,2357986882386,640
basic_appreq,2241815,2357989167448,640
basic_appreq,2292960,2357991497729,640
basic_appreq,2450468,2357993985151,640
basic_appreq,2880775,2357996909167,640
basic_appreq,1636737,2357998623810,640
basic_appreq,2466721,2358001133568,640
basic_appreq,2426597,2358003608182,640
basic_appreq,1937431,2358005589048,640
basic_appreq,2793227,2358008422652,640
basic_appreq,2555897,2358011018211,640
basic_appreq,2260947,2358013323260,640
basic_appreq,2734997,2358016099497,640
basic_appreq,3200441,2358019361865,640
basic_appreq,2680591,2358022081864,640
basic_appreq,2418865,2358024540522,640
basic_appreq,2574410,2358027156444,640
basic_appreq,2642559,2358029837272,640
basic_appreq,1808289,2358031699262,640
basic_appreq,2311093,2358034047966,640
basic_appreq,2716685,2358036811235,640
basic_appreq,2201967,2358039052765,640
basic_appreq,2336402,2358041426892,640
basic_appreq,2645969,2358044116033,640
basic_appreq,2204577,2358046371542,640
basic_appreq,2844133,2358049258689,640
basic_appreq,1852675,2358051164262,640
basic_appreq,2002239,2358053207186,640
basic_appreq,2360591,2358055616241,640
basic_appreq,2001603,2358057661167,640
basic_appreq,2158037,2358059857034,640
basic_appreq,2384541,2358062278341,640
basic_appreq,2332861,2358064648834,640
basic_appreq,3005320,2358067701287,640
basic_appreq,2301858,2358070039874,640
basic_appreq,1814311,2358071921910,640
basic_appreq,1825358,2358073788475,640
basic_appreq,2146093,2358075975582,640
basic_appreq,2782769,2358078827675,640
basic_appreq,2517338,2358081382736,640
basic_appreq,2616838,2358084038347,640
basic_appreq,2657917,2358086735630,640
basic_appreq,2827010,2358089597284,640
basic_appreq,2699558,2358092336550,640
basic_appreq,1777906,2358094163155,640
basic_appreq,2214616,2358096427250,640
basic_appreq,2258977,2358098733059,640
basic_appreq,2396957,2358101166430,640
basic_appreq,2380758,2358103586032,640
basic_appreq,2351118,2358105975901,640
basic_appreq,2640619,2358108653498,640
basic_appreq,2401876,2358111097373,640
basic_appreq,2541769,2358113682173,640
basic_appreq,1767405,2358115493122,640
basic_appreq,2259429,2358117790150,640
basic_appreq,1883928,2358119719301,640
basic_appreq,1984211,2358121739168,640
basic_appreq,2393207,2358124174146,640
basic_appreq,1841565,2358126067114,640
basic_appreq,1997860,2358128106563,640
basic_appreq,2122374,2358130270170,640
basic_appreq,2339813,2358132650289,640
basic_appreq,2767651,2358135455286,640
basic_appreq,2512075,2358138004352,640
basic_appreq,3012327,2358141058253,640
basic_appreq,2323878,2358143419257,640
basic_appreq,2671363,2358146128530,640
basic_appreq,2711861,2358148877174,640
basic_appreq,2252845,2358151170744,640
basic_appreq,2764500,2358153975646,640
basic_appreq,2769822,2358156789568,640
basic_appreq,2396581,2358159234094,640
basic_appreq,2927337,2358162206014,640
basic_appreq,2681389,2358164930687,640
basic_appreq,2829788,2358167800844,640
basic_appreq,2375309,2358170214994,640
basic_appreq,2282146,2358172534797,640
basic_appreq,2812384,2358175393539,640
basic_appreq,2642094,2358178075130,640
basic_appreq,1750043,2358179869156,640
basic_appreq,2471760,2358182380572,640
basic_appreq,2204379,2358184634347,640
basic_appreq,2209896,2358186890328,640
basic_appreq,2168085,2358189101665,640
basic_appreq,1947699,2358191095884,640
basic_appreq,2815584,2358193951361,640
basic_appreq,2493506,2358196487135,640
basic_appreq,2608948,2358199142385,640
basic_appreq,2553477,2358201739330,640
basic_appreq,2814604,2358204600758,640
basic_appreq,2144280,2358206789691,640
basic_appreq,1931180,2358208762695,640
basic_appreq,2480668,2358211289745,640
basic_appreq,2617488,2358213965097,640
basic_appreq,2170782,2358216183416,640
basic_appreq,1780856,2358218010528,640
basic_appreq,2317146,2358220369404,640
basic_appreq,2586320,2358222997519,640
basic_appreq,2414718,2358225455064,640
basic_appreq,2684990,2358228194784,640
basic_appreq,2536240,2358230773182,640
basic_appreq,1815315,2358232633149,640
basic_appreq,2138816,2358234818933,640
basic_appreq,2388361,2358237264095,640
basic_appreq,1831079,2358239151200,640
basic_appreq,2393136,2358241580303,640
basic_appreq,2263780,2358243891740,640
basic_appreq,2644457,2358246580067,640
basic_appreq,2660934,2358249289551,640
basic_appreq,2163845,2358251510434,640
basic_appreq,1878993,2358253434372,640
basic_appreq,2546056,2358256029039,640
basic_appreq,2795293,2358258889469,640
basic_appreq,2342464,2358261272290,640
basic_appreq,2131605,2358263447173,640
basic_appreq,2451117,2358265940589,640
basic_appreq,2348752,2358268327959,640
basic_appreq,2490482,2358270859490,640
basic_appreq,2349624,2358273247747,640
basic_appreq,2161649,2358275451018,640
basic_appreq,2542347,2358278031560,640
basic_appreq,2208824,2358280294955,640
basic_appreq,2476581,2358282815494,640
basic_appreq,2372840,2358285229295,640
basic_appreq,3016622,2358288289191,640
basic_appreq,2299900,2358290626625,640
basic_appreq,1807520,2358292486479,640
basic_appreq,1926813,2358294459913,640
basic_appreq,2185311,2358296687020,640
basic_appreq,2416626,2358299148206,640
basic_appreq,2237650,2358301426214,640
basic_appreq,2718122,2358304185262,640
basic_appreq,2244263,2358306474095,640
basic_appreq,2475581,2358308996179,640
basic_appreq,2944379,2358311988548,640
basic_appreq,2764645,2358314822600,640
basic_appreq,2591464,2358317458179,640
basic_appreq,2141377,2358319637877,640
basic_appreq,2510392,2358322186448,640
basic_appreq,2723414,2358324974017,640
basic_appreq,1637505,2358326665949,640
basic_appreq,2397112,2358329104655,640
basic_appreq,2243491,2358331397495,640
basic_appreq,2108725,2358333551213,640
basic_appreq,2621140,2358336213202,640
basic_appreq,2641827,2358338896399,640
basic_appreq,2434841,2358341371065,640
basic_appreq,2569579,2358343980578,640
basic_appreq,2116610,2358346159067,640
basic_appreq,2418321,2358348623219,640
basic_appreq,2570768,2358351233840,640
basic_appreq,2523041,2358353796187,640
basic_appreq,2330668,2358356181243,640
basic_appreq,2414709,2358358635233,640
basic_appreq,2351007,2358361021944,640
basic_appreq,2076554,2358363139748,640
basic_appreq,2362261,2358365540587,640
basic_appreq,2554930,2358368146934,640
basic_appreq,2466851,2358370665317,640
basic_appreq,1916604,2358372626615,640
basic_appreq,1982857,2358374658562,640
basic_appreq,2612908,2358377314039,640
basic_appreq,2537482,2358379898528,640
basic_appreq,2474713,2358382431992,640
basic_appreq,2248361,2358384729758,640
basic_appreq,2014715,2358386791132,640
basic_appreq,2482256,2358389312212,640
basic_appreq,2370415,2358391725998,640
basic_appreq,2458825,2358394225762,640
basic_appreq,1573906,2358395859241,640
basic_appreq,1812742,2358397716834,640
basic_appreq,2574861,2358400331677,640
basic_appreq,2618677,2358402991338,640
basic_appreq,2742208,2358405784458,640
basic_appreq,2279431,2358408113820,640
basic_appreq,1709577,2358409874828,640
basic_appreq,2835122,2358412751590,640
basic_appreq,2727079,2358415520281,640
basic_appreq,2697641,2358418258769,640
basic_appreq,2542435,2358420842586,640
basic_appreq,1705519,2358422594267,640
basic_appreq,2734510,2358425368094,640
basic_appreq,2903802,2358428313109,640
basic_appreq,2670849,2358431023845,640
basic_appreq,2472308,2358433541128,640
basic_appreq,2304949,2358435893903,640
basic_appreq,1854817,2358437798478,640
basic_appreq,2084192,2358439930678,640
basic_appreq,2161281,2358442131922,640
basic_appreq,2337423,2358444515894,640
basic_appreq,2363987,2358446920866,640
basic_appreq,2030028,2358448986613,640
basic_appreq,2752948,2358451778073,640
basic_appreq,2779848,2358454595701,640
basic_appreq,2350458,2358456985569,640
basic_appreq,2239497,2358459263984,640
basic_appreq,2527207,2358461827693,640
basic_appreq,1596232,2358463479249,640
basic_appreq,2440387,2358465975384,640
basic_appreq,2830353,2358468850827,640
basic_appreq,2628943,2358471520641,640
basic_appreq,2340048,2358473899309,640
basic_appreq,2678844,2358476618524,640
basic_appreq,2378147,2358479037075,640
basic_appreq,2723637,2358481803590,640
basic_appreq,2520967,2358484361242,640
basic_appreq,1696108,2358486102441,640
basic_appreq,2324493,2358488470002,640
basic_appreq,2445106,2358490960423,640
basic_appreq,2204246,2358493218062,640
basic_appreq,1818281,2358495082333,640
basic_appreq,2614471,2358497734950,640
basic_appreq,2281423,2358500061097,640
basic_appreq,2020333,2358502127130,640
basic_appreq,2690371,2358504854616,640
basic_appreq,2366313,2358507258656,640
basic_appreq,2134342,2358509429294,640
basic_appreq,1950168,2358511428474,640
basic_appreq,2383571,2358513853374,640
basic_appreq,2874422,2358516794448,640
basic_appreq,2728434,2358519560703,640
basic_appreq,2566823,2358522163706,640
basic_appreq,2861434,2358525071650,640
basic_appreq,2737141,2358527848397,640
basic_appreq,2391172,2358530275880,640
basic_appreq,2896123,2358533224857,640
basic_appreq,2806182,2358536072299,640
basic_appreq,2832672,2358538953007,640
basic_appreq,2135938,2358541127601,640
basic_appreq,2155598,2358543329542,640
basic_appreq,1666947,2358545048878,640
basic_appreq,2358915,2358547466681,640
basic_appreq,2301365,2358549812389,640
basic_appreq,2446188,2358552304398,640
basic_appreq,2262480,2358554622225,640
basic_appreq,1938456,2358556604307,640
basic_appreq,3038347,2358559693289,640
basic_appreq,2577276,2358562303997,640
basic_appreq,2403092,2358564744227,640
basic_appreq,2155836,2358566941146,640
basic_appreq,2725039,2358569719444,640
basic_appreq,2340138,2358572106649,640
basic_appreq,2188662,2358574337627,640
basic_appreq,2241770,2358576619430,640
basic_appreq,2785738,2358579446649,640
basic_appreq,2911449,2358582401807,640
basic_appreq,3097960,2358585541689,640
basic_appreq,3052568,2358588636057,640
basic_appreq,2468629,2358591144870,640
basic_appreq,2778450,2358593968366,640
basic_appreq,2395478,2358596406016,640
basic_appreq,1693602,2358598154715,640
basic_appreq,2445586,2358600645046,640
basic_appreq,2643056,2358603335158,640
basic_appreq,1726385,2358605102831,640
basic_appreq,2477095,2358607625076,640
basic_appreq,2259520,2358609927847,640
basic_appreq,1827498,2358611797970,640
basic_appreq,2890463,2358614724755,640
basic_appreq,2755850,2358617521874,640
basic_appreq,2855765,2358620419831,640
basic_appreq,2534023,2358622995201,640
basic_appreq,2480169,2358625519093,640
basic_appreq,2946280,2358628513252,640
basic_appreq,2666262,2358631219987,640
basic_appreq,2461094,2358633722210,640
basic_appreq,2999259,2358636770530,640
basic_appreq,2933714,2358639746663,640
basic_appreq,2494935,2358642279777,640
basic_appreq,2357924,2358644678300,640
basic_appreq,2887675,2358647611060,640
basic_appreq,2881389,2358650532955,640
basic_appreq,2996232,2358653571672,640
basic_appreq,2692120,2358656304536,640
basic_appreq,3028639,2358659381880,640
basic_appreq,2355176,2358661775806,640
basic_appreq,2323555,2358664137806,640
basic_appreq,2405413,2358666588694,640
basic_appreq,2703661,2358669336451,640
basic_appreq,1820979,2358671204214,640
basic_appreq,2025926,2358673273260,640
basic_appreq,2700757,2358676027977,640
basic_appreq,2237968,2358678314432,640
basic_appreq,1769054,2358680128508,640
basic_appreq,2771593,2358682943624,640
basic_appreq,2845720,2358685824249,640
basic_appreq,2034943,2358687901437,640
basic_appreq,1774885,2358689720643,640
basic_appreq,2372677,2358692140918,640
basic_appreq,1876885,2358694063731,640
basic_appreq,2949556,2358697050037,640
basic_appreq,2465844,2358699556557,640
basic_appreq,1631488,2358701231647,640
basic_appreq,2242325,2358703519353,640
basic_appreq,1877028,2358705439662,640
basic_appreq,2335750,2358707821815,640
basic_appreq,2190767,2358710050336,640
basic_appreq,2724433,2358712829753,640
basic_appreq,2559418,2358715431908,640
basic_appreq,1997700,2358717472614,640
basic_appreq,2105748,2358719619249,640
basic_appreq,2782674,2358722445372,640
basic_appreq,2699073,2358725187226,640
basic_appreq,2470265,2358727709280,640
basic_appreq,2619217,2358730440910,640
basic_appreq,2483025,2358732970500,640
basic_appreq,2876324,2358735893029,640
basic_appreq,2493435,2358738424897,640
basic_appreq,2351914,2358740823887,640
basic_appreq,1812940,2358742683597,640
basic_appreq,1969829,2358744696300,640
basic_appreq,2279327,2358747018896,640
basic_appreq,2362342,2358749424097,640
basic_appreq,2963566,2358752425955,640
basic_appreq,2911289,2358755377653,640
basic_appreq,2511437,2358757925084,640
basic_appreq,2266772,2358760230261,640
basic_appreq,1681730,2358761961330,640
basic_appreq,2423315,2358764427787,640
basic_appreq,1935409,2358766410123,640
basic_appreq,1975854,2358768429686,640
basic_appreq,1743412,2358770220944,640
basic_appreq,2160201,2358772424580,640
basic_appreq,2621058,2358775083537,640
basic_appreq,2735992,2358777858821,640
basic_appreq,2337545,2358780238184,640
basic_appreq,2693078,2358782973924,640
basic_appreq,2436350,2358785453780,640
basic_appreq,1741377,2358787243133,640
basic_appreq,2630835,2358789911249,640
basic_appreq,2993946,2358792943121,640
basic_appreq,2238736,2358795228146,640
basic_appreq,1672460,2358796944038,640
basic_appreq,1932770,2358798923932,640
basic_appreq,2374086,2358801341230,640
basic_appreq,2260640,2358803646135,640
basic_appreq,2275555,2358805957771,640
basic_appreq,2822128,2358808817485,640
basic_appreq,2757025,2358811615374,640
basic_appreq,2408327,2358814058826,640
basic_appreq,2634561,2358816730865,640
basic_appreq,2687695,2358819457011,640
basic_appreq,1714644,2358821212825,640
basic_appreq,2409859,2358823679566,640
basic_appreq,2085132,2358825807437,640
basic_appreq,2726279,2358828575400,640
basic_appreq,2521974,2358831138240,640
basic_appreq,2572246,2358833749135,640
basic_appreq,2543185,2358836340283,640
basic_appreq,1634184,2358838029230,640
basic_appreq,2399346,2358840469544,640
basic_appreq,1951174,2358842466319,640
basic_appreq,2406609,2358844909219,640
basic_appreq,2394170,2358847343987,640
basic_appreq,2346814,2358849725791,640
basic_appreq,2354240,2358852116349,640
basic_appreq,2889053,2358855041934,640
basic_appreq,2442042,2358857518893,640
basic_appreq,2868776,2358860434779,640
basic_appreq,6889777,2358867366448,640
basic_appreq,2393540,2358869802315,640
basic_appreq,2762947,2358872605475,640
basic_appreq,2191238,2358874837512,640
basic_appreq,2450765,2358877326587,640
basic_appreq,2048463,2358879415866,640
basic_appreq,2986637,2358882441746,640
basic_appreq,2110637,2358884590146,640
basic_appreq,2458176,2358887098920,640
basic_appreq,2612897,2358889748177,640
basic_appreq,2548205,2358892337661,640
basic_appreq,1922282,2358894313591,640
basic_appreq,2237430,2358896591045,640
basic_appreq,1842033,2358898482645,640
basic_appreq,2183870,2358900709840,640
basic_appreq,3203075,2358903958658,640
basic_appreq,2491617,2358906532063,640
basic_appreq,2411846,2358908981495,640
basic_appreq,2317537,2358911337702,640
basic_appreq,1653489,2358913025786,640
basic_appreq,2179326,2358915242393,640
basic_appreq,1597246,2358916892824,640
basic_appreq,2441946,2358919373421,640
basic_appreq,2067727,2358921484124,640
basic_appreq,2124421,2358923654878,640
basic_appreq,2529226,2358926220506,640
basic_appreq,3334146,2358929618351,640
basic_appreq,2634896,2358932293842,640
basic_appreq,2378408,2358934715245,640
basic_appreq,2973590,2358937732039,640
basic_appreq,2901369,2358940675309,640
basic_appreq,2312938,2358943029263,640
basic_appreq,2203999,2358945276048,640
basic_appreq,2823052,2358948148334,640
basic_appreq,2548048,2358950733902,640
basic_appreq,1644374,2358952429544,640
basic_appreq,2184395,2358954653490,640
basic_appreq,2083865,2358956774333,640
basic_appreq,2358987,2358959175675,640
basic_appreq,6800038,2358966019055,640
basic_appreq,2922416,2358968987137,640
basic_appreq,2518736,2358971547895,640
basic_appreq,1657849,2358973258418,640
basic_appreq,2548034,2358975852981,640
basic_appreq,2262674,2358978158990,640
basic_appreq,1718565,2358979926156,640
basic_appreq,2811775,2358982788720,640
basic_appreq,2671875,2358985512362,640
basic_appreq,3174806,2358988728429,640
basic_appreq,2379653,2358991147156,640
basic_appreq,2550076,2358993756459,640
basic_appreq,2955630,2358996761871,640
basic_appreq,1734802,2358998544144,640
basic_appreq,2295944,2359000883129,640
basic_appreq,2522941,2359003452782,640
basic_appreq,2283966,2359005781947,640
basic_appreq,1802365,2359007629427,640
basic_appreq,2283391,2359009951257,640
basic_appreq,2799076,2359012804084,640
basic_appreq,2234218,2359015075827,640
basic_appreq,2751567,2359017870147,640
basic_appreq,2714828,2359020621446,640
basic_appreq,3082713,2359023745008,640
basic_appreq,2737899,2359026521531,640
basic_appreq,2912335,2359029489474,640
basic_appreq,2113774,2359031646359,640
basic_appreq,1695903,2359033385820,640
basic_appreq,2531567,2359035962437,640
basic_appreq,2134454,2359038179461,640
basic_appreq,1966612,2359040190318,640
basic_appreq,2391253,2359042619944,640
basic_appreq,1705012,2359044366784,640
basic_appreq,2470500,2359046883198,640
basic_appreq,1972352,2359048898559,640
basic_appreq,2296351,2359051233239,640
basic_appreq,2289787,2359053559564,640
basic_appreq,2966743,2359056572852,640
basic_appreq,2411300,2359059025676,640
basic_appreq,1844202,2359060914830,640
basic_appreq,2832612,2359063789424,640
basic_appreq,2195121,2359066022401,640
basic_appreq,2807751,2359068869590,640
basic_appreq,2517664,2359071450160,640
basic_appreq,2920728,2359074423278,640
basic_appreq,2393641,2359076857466,640
basic_appreq,2500208,2359079399707,640
basic_appreq,2298207,2359081735948,640
basic_appreq,2602863,2359084385061,640
basic_appreq,1541254,2359085971422,640
basic_appreq,2128864,2359088139561,640
basic_appreq,2143158,2359090326277,640
basic_appreq,2321209,2359092683799,640
basic_appreq,2341886,2359095065378,640
basic_appreq,2961175,2359098067939,640
basic_appreq,1831752,2359099941008,640
basic_appreq,2297104,2359102276953,640
basic_appreq,2150022,2359104467626,640
basic_appreq,2616092,2359107125087,640
basic_appreq,2644273,2359109805815,640
basic_appreq,2818542,2359112661282,640
basic_appreq,2109139,2359114806271,640
basic_appreq,2836686,2359117678238,640
basic_appreq,2423144,2359120138997,640
basic_appreq,2010644,2359122192718,640
basic_appreq,2508302,2359124740277,640
basic_appreq,2407504,2359127188657,640
basic_appreq,2543195,2359129775151,640
basic_appreq,2930228,2359132759924,640
basic_appreq,2675468,2359135476151,640
basic_appreq,2653155,2359138168618,640
basic_appreq,2179396,2359140392261,640
basic_appreq,2542895,2359142978812,640
basic_appreq,2599535,2359145616449,640
basic_appreq,2178066,2359147836998,640
basic_appreq,3082924,2359150963349,640
basic_appreq,2373439,2359153382462,640
basic_appreq,2455965,2359155884199,640
basic_appreq,1770113,2359157695393,640
basic_appreq,2376194,2359160127266,640
basic_appreq,2660383,2359162844443,640
basic_appreq,2387620,2359165270933,640
basic_appreq,2644891,2359167956362,640
basic_appreq,2467874,2359170468212,640
basic_appreq,3123282,2359173648337,640
basic_appreq,2182584,2359175873241,640
basic_appreq,2548124,2359178465254,640
basic_appreq,2346183,2359180859122,640
basic_appreq,2211912,2359183117883,640
basic_appreq,1802362,2359184963662,640
basic_appreq,2532570,2359187537355,640
basic_appreq,1617442,2359189206498,640
basic_appreq,2245937,2359191495716,640
basic_appreq,2260566,2359193799279,640
basic_appreq,2236020,2359196082703,640
basic_appreq,2354903,2359198488981,640
basic_appreq,2104688,2359200636936,640
basic_appreq,2015361,2359202695044,640
basic_appreq,2101300,2359204832625,640
basic_appreq,2171753,2359207047988,640
basic_appreq,2492353,2359209583388,640
basic_appreq,1488787,2359211119632,640
basic_appreq,2493355,2359213656659,640
basic_appreq,1692362,2359215392390,640
basic_appreq,2718054,2359218148289,640
basic_appreq,2706902,2359220896357,640
basic_appreq,2635154,2359223570940,640
basic_appreq,2275840,2359225885172,640
basic_appreq,2565134,2359228488955,640
basic_appreq,1575989,2359230126254,640
basic_appreq,2190275,2359232357448,640
basic_appreq,1918569,2359234315382,640
basic_appreq,2696205,2359237049306,640
basic_appreq,2200113,2359239290504,640
basic_appreq,2204777,2359241539131,640
basic_appreq,2607193,2359244186485,640
basic_appreq,2785483,2359247044435,640
basic_appreq,2520926,2359249599569,640
basic_appreq,2294474,2359251933362,640
basic_appreq,2244369,2359254231221,640
basic_appreq,1768764,2359256044843,640
basic_appreq,2341612,2359258427043,640
basic_appreq,2415089,2359260885417,640
basic_appreq,2296120,2359263229892,640
basic_appreq,2341127,2359265617918,640
basic_appreq,2441288,2359268097406,640
basic_appreq,2599620,2359270735840,640
basic_appreq,2494929,2359273266572,640
basic_appreq,2153458,2359275471369,640
basic_appreq,2909738,2359278429645,640
basic_appreq,2594840,2359281066931,640
basic_appreq,2601971,2359283711673,640
basic_appreq,2467382,2359286222243,640
basic_appreq,2503172,2359288773264,640
basic_appreq,2522869,2359291343528,640
basic_appreq,2393597,2359293780203,640
basic_appreq,1746083,2359295572786,640
basic_appreq,2484409,2359298093057,640
basic_appreq,2356034,2359300494707,640
basic_appreq,2003234,2359302543311,640
basic_appreq,2245902,2359304825314,640
basic_appreq,1993096,2359306866607,640
basic_appreq,1992434,2359308903441,640
basic_appreq,2353355,2359311303434,640
basic_appreq,2397403,2359313748516,640
basic_appreq,2477159,2359316271636,640
basic_appreq,2400431,2359318718235,640
basic_appreq,2170998,2359320932476,640
basic_appreq,2339584,2359323316290,640
basic_appreq,2295019,2359325646655,640
basic_appreq,2248987,2359327933515,640
basic_appreq,2288717,2359330259188,640
basic_appreq,2721845,2359333020805,640
basic_appreq,2855702,2359335916804,640
basic_appreq,2572564,2359338526962,640
basic_appreq,2715126,2359341286038,640
basic_appreq,2542970,2359343870462,640
basic_appreq,2466303,2359346384697,640
basic_appreq,2238625,2359348671175,640
basic_appreq,1693935,2359350410263,640
basic_appreq,2861096,2359353308909,640
basic_appreq,2620005,2359355964890,640
basic_appreq,2296938,2359358296389,640
basic_appreq,2799426,2359361137894,640
basic_appreq,2527421,2359363706190,640
basic_appreq,1805439,2359365560844,640
basic_appreq,2029688,2359367636429,640
basic_appreq,2376957,2359370056621,640
basic_appreq,1953437,2359372055623,640
basic_appreq,2428556,2359374523187,640
basic_appreq,2467222,2359377026512,640
basic_appreq,2427525,2359379496758,640
basic_appreq,2965376,2359382506091,640
basic_appreq,2157980,2359384707210,640
basic_appreq,2559268,2359387315018,640
basic_appreq,2676588,2359390041911,640
basic_appreq,2346137,2359392428073,640
basic_appreq,1778080,2359394255816,640
basic_appreq,2321508,2359396616143,640
basic_appreq,2592388,2359399253503,640
basic_appreq,2134843,2359401443914,640
basic_appreq,2238382,2359403722909,640
basic_appreq,2113146,2359405874033,640
basic_appreq,2321199,2359408235753,640
basic_appreq,2949505,2359411226990,640
basic_appreq,2594751,2359413866407,640
basic_appreq,2275869,2359416183399,640
basic_appreq,2845853,2359419076742,640
basic_appreq,2569826,2359421683173,640
basic_appreq,1771157,2359423508820,640
basic_appreq,2604938,2359426157687,640
basic_appreq,3253460,2359429458931,640
basic_appreq,2013969,2359431509143,640
basic_appreq,2761631,2359434306000,640
basic_appreq,1898926,2359436246244,640
basic_appreq,2512975,2359438804630,640
basic_appreq,1842417,2359440699548,640
basic_appreq,1987642,2359442733723,640
basic_appreq,2425738,2359445198892,640
basic_appreq,2208219,2359447448697,640
basic_appreq,2367530,2359449850344,640
basic_appreq,1676070,2359451570573,640
basic_appreq,2252900,2359453866978,640
basic_appreq,2255657,2359456179686,640
basic_appreq,1944786,2359458169775,640
basic_appreq,2770773,2359460976287,640
basic_appreq,2570951,2359463587200,640
basic_appreq,2326080,2359465948816,640
basic_appreq,2518566,2359468508959,640
basic_appreq,2419981,2359470975653,640
basic_appreq,2889640,2359473909860,640
basic_appreq,2805316,2359476757967,640
basic_appreq,2087179,2359478889361,640
basic_appreq,2311732,2359481243010,640
basic_appreq,2911275,2359484196981,640
basic_appreq,2410643,2359486649402,640
basic_appreq,2306240,2359489005318,640
basic_appreq,2801929,2359491853331,640
basic_appreq,2436484,2359494329047,640
basic_appreq,1658068,2359496037478,640
basic_appreq,1998281,2359498079625,640
basic_appreq,2158632,2359500292572,640
basic_appreq,2399522,2359502734928,640
basic_appreq,2235235,2359505014118,640
basic_appreq,2422755,2359507482466,640
basic_appreq,2732186,2359510252492,640
basic_appreq,2414127,2359512704779,640
basic_appreq,2386631,2359515136525,640
basic_appreq,2440357,2359517620277,640
basic_appreq,2212619,2359519892243,640
basic_appreq,2034229,2359521965225,640
basic_appreq,2656223,2359524656793,640
basic_appreq,2301051,2359526997031,640
basic_appreq,3029284,2359530079581,640
basic_appreq,2181314,2359532312931,640
basic_appreq,2669721,2359535030756,640
basic_appreq,2642161,2359537712637,640
basic_appreq,2815493,2359540578081,640
basic_appreq,2507673,2359543127294,640
basic_appreq,2677844,2359545840125,640
basic_appreq,2634062,2359548513638,640
basic_appreq,2271905,2359550827564,640
basic_appreq,2880126,2359553756417,640
basic_appreq,2487063,2359556288252,640
basic_appreq,1414627,2359557751440,640
basic_appreq,2358385,2359560153598,640
basic_appreq,1425035,2359561633128,640
basic_appreq,2537298,2359564219204,640
basic_appreq,1679508,2359565946350,640
basic_appreq,2179366,2359568169305,640
basic_appreq,2174132,2359570391895,640
basic_appreq,2242214,2359572678728,640
basic_appreq,2316116,2359575058398,640
basic_appreq,2396067,2359577495789,640
basic_appreq,2332702,2359579865708,640
basic_appreq,2565546,2359582480607,640
basic_appreq,2845643,2359585365836,640
basic_appreq,2781194,2359588188257,640
basic_appreq,2921530,2359591158224,640
basic_appreq,2044915,2359593243786,640
basic_appreq,2215704,2359595506156,640
basic_appreq,1567196,2359597116622,640
basic_appreq,2254165,2359599413671,640
basic_appreq,1894707,2359601351366,640
basic_appreq,2396022,2359603785586,640
basic_appreq,2599007,2359606418473,640
basic_appreq,2634619,2359609091116,640
basic_appreq,2467062,2359611596594,640
basic_appreq,2388837,2359614022111,640
basic_appreq,2723441,2359616803523,640
basic_appreq,1676613,2359618525512,640
basic_appreq,2358597,2359620929350,640
basic_appreq,1880905,2359622861127,640
basic_appreq,2172759,2359625069770,640
basic_appreq,2211735,2359627320788,640
basic_appreq,2253984,2359629610989,640
basic_appreq,1505995,2359631164337,640
basic_appreq,2203403,2359633411307,640
basic_appreq,2020548,2359635477653,640
basic_appreq,1867986,2359637400538,640
basic_appreq,3139767,2359640589107,640
basic_appreq,2203382,2359642829733,640
basic_appreq,2761758,2359645625431,640
basic_appreq,2048132,2359647709590,640
basic_appreq,2850682,2359650622787,640
basic_appreq,2369617,2359653033325,640
basic_appreq,3025776,2359656106543,640
basic_appreq,2284237,2359658434384,640
basic_appreq,1817394,2359660295675,640
basic_appreq,2187416,2359662522893,640
basic_appreq,1539959,2359664110074,640
basic_appreq,1900917,2359666055073,640
basic_appreq,1402886,2359667501635,640
basic_appreq,1767504,2359669305291,640
basic_appreq,2052912,2359671401128,640
basic_appreq,1824614,2359673256999,640
basic_appreq,1891717,2359675190828,640
basic_appreq,1397068,2359676626311,640
basic_appreq,1139246,2359677795352,640
basic_appreq,1341134,2359679167227,640
basic_appreq,1265337,2359680462100,640
#end,11,2714,640
