basic_appreq,2057245,2348680497130,944
basic_appreq,2071272,2348682681371,944
basic_appreq,3120534,2348685839958,944
basic_appreq,2776337,2348688656715,944
basic_appreq,2958188,2348691700719,944
basic_appreq,2525333,2348694265559,944
basic_appreq,2536783,2348696859320,944
basic_appreq,1662767,2348698569021,944
basic_appreq,2376867,2348700998819,944
basic_appreq,2615551,2348703664982,944
basic_appreq,2629083,2348706341838,944
basic_appreq,2801103,2348709183989,944
basic_appreq,2729676,2348711952098,944
basic_appreq,2459313,2348714444966,944
basic_appreq,2623509,2348717110086,944
basic_appreq,2777801,2348719922142,944
basic_appreq,2385852,2348722343293,944
basic_appreq,2578785,2348724963833,944
basic_appreq,3026626,2348728035562,944
basic_appreq,2530545,2348730607607,944
basic_appreq,1897103,2348732543922,944
basic_appreq,2101129,2348734689810,944
basic_appreq,2563425,2348737291695,944
basic_appreq,2570729,2348739912307,944
basic_appreq,2590915,2348742546740,944
basic_appreq,1377756,2348743963219,944
basic_appreq,3004095,2348747033868,944
basic_appreq,2451792,2348749523780,944
basic_appreq,1713228,2348751288443,944
basic_appreq,2593296,2348753926010,944
basic_appreq,2268111,2348756239658,944
basic_appreq,1952918,2348758230507,944
basic_appreq,2377315,2348760638173,944
basic_appreq,1727732,2348762423954,944
basic_appreq,3640153,2348766094816,944
basic_appreq,2440337,2348768577351,944
basic_appreq,2678368,2348771296789,944
basic_appreq,2550513,2348773885251,944
basic_appreq,2652329,2348776575649,944
basic_appreq,2027539,2348778644278,944
basic_appreq,2558566,2348781247284,944
basic_appreq,2309855,2348783595054,944
basic_appreq,1990329,2348785623857,944
basic_appreq,2467333,2348788123778,944
basic_appreq,1979877,2348790139067,944
basic_appreq,2603743,2348792773490,944
basic_appreq,2037071,2348794848816,944
basic_appreq,2553890,2348797440156,944
basic_appreq,1787752,2348799273415,944
basic_appreq,2326369,2348801637220,944
basic_appreq,2057834,2348803730572,944
basic_appreq,2385902,2348806151936,944
basic_appreq,2466306,2348808664541,944
basic_appreq,2723164,2348811426825,944
basic_appreq,2237489,2348813700911,944
basic_appreq,2490290,2348816229605,944
basic_appreq,2033575,2348818296312,944
basic_appreq,1792542,2348820135329,944
basic_appreq,2066585,2348822239332,944
basic_appreq,2143886,2348824417889,944
basic_appreq,2550465,2348827001061,944
basic_appreq,2751751,2348829795180,944
basic_appreq,2699967,2348832530636,944
basic_appreq,2517093,2348835085353,944
basic_appreq,2099435,2348837226529,944
basic_appreq,2718365,2348839984223,944
basic_appreq,2783795,2348842824981,944
basic_appreq,2132912,2348844993517,944
basic_appreq,2484715,2348847517724,944
basic_appreq,2843198,2348850403693,944
basic_appreq,2255636,2348852697855,944
basic_appreq,3306318,2348856052950,944
basic_appreq,2144078,2348858238939,944
basic_appreq,2986006,2348861307728,944
basic_appreq,2520030,2348863865798,944
basic_appreq,2893695,2348866797973,944
basic_appreq,2563191,2348869402476,944
basic_appreq,2938843,2348872389126,944
basic_appreq,2888270,2348875318576,944
basic_appreq,3039233,2348878412344,944
basic_appreq,2827750,2348881279794,944
basic_appreq,2317373,2348883636869,944
basic_appreq,2849500,2348886529824,944
basic_appreq,2751296,2348889321714,944
basic_appreq,2276250,2348891639529,944
basic_appreq,2015539,2348893698478,944
basic_appreq,2626136,2348896363012,944
basic_appreq,2234963,2348898636929,944
basic_appreq,2654440,2348901373141,944
basic_appreq,2923366,2348904339155,944
basic_appreq,2629302,2348907007151,944
basic_appreq,2204824,2348909276706,944
basic_appreq,2160708,2348911486224,944
basic_appreq,1762922,2348913293049,944
basic_appreq,2267480,2348915607796,944
basic_appreq,2310089,2348917964402,944
basic_appreq,2146496,2348920155544,944
basic_appreq,2683363,2348922877777,944
basic_appreq,1847591,2348924769663,944
basic_appreq,2368644,2348927173757,944
basic_appreq,2508494,2348929715494,944
basic_appreq,2393197,2348932144187,944
basic_appreq,2101409,2348934285544,944
basic_appreq,1941867,2348936262178,944
basic_appreq,2487512,2348938784241,944
basic_appreq,2184526,2348941001597,944
basic_appreq,1578494,2348942664190,944
basic_appreq,2196962,2348944908476,944
basic_appreq,2013987,2348946970876,944
basic_appreq,2501275,2348949509163,944
basic_appreq,2838322,2348952392900,944
basic_appreq,2933218,2348955364455,944
basic_appreq,2827409,2348958231431,944
basic_appreq,2259808,2348960528322,944
basic_appreq,1598870,2348962173926,944
basic_appreq,2066650,2348964270997,944
basic_appreq,2341763,2348966650606,944
basic_appreq,2628497,2348969312719,944
basic_appreq,2124166,2348971486066,944
basic_appreq,2896227,2348974419515,944
basic_appreq,2265374,2348976719612,944
basic_appreq,2292756,2348979056171,944
basic_appreq,2443651,2348981532989,944
basic_appreq,1813541,2348983381163,944
basic_appreq,2450091,2348985862743,944
basic_appreq,1634501,2348987533341,944
basic_appreq,1911303,2348989485253,944
basic_appreq,2398818,2348991929600,944
basic_appreq,2534897,2348994501657,944
basic_appreq,3002918,2348997547728,944
basic_appreq,2395189,2348999979529,944
basic_appreq,2905700,2349002945879,944
basic_appreq,2730846,2349005714233,944
basic_appreq,1561954,2349007350853,944
basic_appreq,2343218,2349009734673,944
basic_appreq,2438590,2349012217126,944
basic_appreq,2135804,2349014396761,944
basic_appreq,2654361,2349017085267,944
basic_appreq,2183406,2349019305380,944
basic_appreq,2439818,2349021778744,944
basic_appreq,2426255,2349024240827,944
basic_appreq,2375234,2349026653376,944
basic_appreq,2605723,2349029292398,944
basic_appreq,3003716,2349032329193,944
basic_appreq,2622581,2349034990517,944
basic_appreq,2555213,2349037577394,944
basic_appreq,2917857,2349040541040,944
basic_appreq,1648586,2349042230429,944
basic_appreq,2408006,2349044681685,944
basic_appreq,2786020,2349047511898,944
basic_appreq,2997169,2349050548132,944
basic_appreq,2587569,2349053176540,944
basic_appreq,2277298,2349055488126,944
basic_appreq,2146159,2349057675966,944
basic_appreq,2695357,2349060418848,944
basic_appreq,1614744,2349062074458,944
basic_appreq,2330808,2349064446205,944
basic_appreq,2440508,2349066926435,944
basic_appreq,2182279,2349069140669,944
basic_appreq,2282516,2349071456465,944
basic_appreq,2374518,2349073866765,944
basic_appreq,2718185,2349076632322,944
basic_appreq,2463800,2349079138004,944
basic_appreq,2299888,2349081474814,944
basic_appreq,1934792,2349083448657,944
basic_appreq,2007364,2349085491625,944
basic_appreq,2592441,2349088115807,944
basic_appreq,2546876,2349090702268,944
basic_appreq,2826273,2349093557751,944
basic_appreq,2478005,2349096076915,944
basic_appreq,1775095,2349097913325,944
basic_appreq,2750335,2349100705900,944
basic_appreq,2406521,2349103151655,944
basic_appreq,3003710,2349106189329,944
basic_appreq,2789588,2349109032125,944
basic_appreq,1670013,2349110743721,944
basic_appreq,2729388,2349113519414,944
basic_appreq,2998367,2349116557471,944
basic_appreq,2322209,2349118913767,944
basic_appreq,3000605,2349121950857,944
basic_appreq,2555677,2349124543896,944
basic_appreq,2019276,2349126628450,944
basic_appreq,2123838,2349128790156,944
basic_appreq,1700812,2349130535422,944
basic_appreq,1532631,2349132101575,944
basic_appreq,2431745,2349134580098,944
basic_appreq,2329221,2349136949026,944
basic_appreq,1930885,2349138919703,944
basic_appreq,2755212,2349141708524,944
basic_appreq,2433758,2349144179438,944
basic_appreq,2391756,2349146613573,944
basic_appreq,2333033,2349148982836,944
basic_appreq,2089241,2349151115625,944
basic_appreq,2833140,2349154007203,944
basic_appreq,2462019,2349156509386,944
basic_appreq,2197040,2349158792246,944
basic_appreq,3269950,2349162106662,944
basic_appreq,1659886,2349163808888,944
basic_appreq,2342488,2349166194345,944
basic_appreq,2983988,2349169254057,944
basic_appreq,2255300,2349171548445,944
basic_appreq,2799557,2349174389650,944
basic_appreq,2752079,2349177181199,944
basic_appreq,2162997,2349179379615,944
basic_appreq,1732924,2349181156238,944
basic_appreq,2314241,2349183509667,944
basic_appreq,2550530,2349186103968,944
basic_appreq,2452134,2349188596644,944
basic_appreq,2603687,2349191262029,944
basic_appreq,1858389,2349193155908,944
basic_appreq,2360444,2349195550340,944
basic_appreq,2232199,2349197832210,944
basic_appreq,1803097,2349199684626,944
basic_appreq,2289325,2349202017235,944
basic_appreq,2471415,2349204527371,944
basic_appreq,2430975,2349206997168,944
basic_appreq,2491744,2349209523551,944
basic_appreq,2227721,2349211837322,944
basic_appreq,1746644,2349213619525,944
basic_appreq,2484924,2349216138289,944
basic_appreq,1809030,2349217980258,944
basic_appreq,2345850,2349220356533,944
basic_appreq,3184157,2349223581295,944
basic_appreq,2368420,2349225983924,944
basic_appreq,2296333,2349228314196,944
basic_appreq,1863001,2349230217667,944
basic_appreq,2667061,2349232918559,944
basic_appreq,2444925,2349235416128,944
basic_appreq,2622658,2349238074487,944
basic_appreq,2421015,2349240531781,944
basic_appreq,2259891,2349242838615,944
basic_appreq,3131716,2349246005166,944
basic_appreq,2176513,2349248218879,944
basic_appreq,2624876,2349250884576,944
basic_appreq,2584936,2349253500518,944
basic_appreq,2221736,2349255754655,944
basic_appreq,2969901,2349258801115,944
basic_appreq,2263052,2349261103550,944
basic_appreq,2056784,2349263200949,944
basic_appreq,1611576,2349264850066,944
basic_appreq,1965615,2349266869874,944
basic_appreq,2238493,2349269144260,944
basic_appreq,2177568,2349271358643,944
basic_appreq,2469958,2349273869170,944
basic_appreq,2711806,2349276628815,944
basic_appreq,2518287,2349279184361,944
basic_appreq,2326422,2349281548173,944
basic_appreq,2712880,2349284318911,944
basic_appreq,2550029,2349286905502,944
basic_appreq,2665249,2349289609273,944
basic_appreq,2856640,2349292551921,944
basic_appreq,2475388,2349295063490,944
basic_appreq,2864382,2349297968407,944
basic_appreq,2646749,2349300656022,944
basic_appreq,2589829,2349303288169,944
basic_appreq,2813483,2349306138287,944
basic_appreq,2677683,2349308855011,944
basic_appreq,2307807,2349311214784,944
basic_appreq,2845576,2349314103470,944
basic_appreq,2712612,2349316856889,944
basic_appreq,2154948,2349319051973,944
basic_appreq,2850395,2349321946121,944
basic_appreq,2806794,2349324803007,944
basic_appreq,2308841,2349327147239,944
basic_appreq,1754953,2349328945837,944
basic_appreq,2364283,2349331348581,944
basic_appreq,2409442,2349333794117,944
basic_appreq,2574300,2349336407525,944
basic_appreq,2053803,2349338536542,944
basic_appreq,1681746,2349340249297,944
basic_appreq,2719697,2349343008561,944
basic_appreq,2762146,2349345801588,944
basic_appreq,2817042,2349348662121,944
basic_appreq,2337979,2349351039004,944
basic_appreq,2558413,2349353642185,944
basic_appreq,2517898,2349356201847,944
basic_appreq,2797482,2349359039428,944
basic_appreq,2511958,2349361581043,944
basic_appreq,1515237,2349363136294,944
basic_appreq,6066699,2349369232248,944
basic_appreq,2207720,2349371483938,944
basic_appreq,1854619,2349373378614,944
basic_appreq,3154677,2349376574733,944
basic_appreq,2089405,2349378703077,944
basic_appreq,1691803,2349380434346,944
basic_appreq,2088265,2349382565179,944
basic_appreq,2062511,2349384666456,944
basic_appreq,2306317,2349387013791,944
basic_appreq,2843221,2349389895504,944
basic_appreq,2499651,2349392433833,944
basic_appreq,2238203,2349394711547,944
basic_appreq,1651513,2349396425932,944
basic_appreq,2539841,2349399015607,944
basic_appreq,1662567,2349400722670,944
basic_appreq,2435088,2349403195200,944
basic_appreq,2409679,2349405640534,944
basic_appreq,1698972,2349407383401,944
basic_appreq,2814915,2349410230643,944
basic_appreq,2647748,2349412913873,944
basic_appreq,2518510,2349415468142,944
basic_appreq,3210672,2349418723349,944
basic_appreq,2310190,2349421068159,944
basic_appreq,1954195,2349423069601,944
basic_appreq,1910143,2349425018707,944
basic_appreq,2434038,2349427491058,944
basic_appreq,2943972,2349430468915,944
basic_appreq,2698479,2349433202891,944
basic_appreq,2676269,2349435913986,944
basic_appreq,2456760,2349438419150,944
basic_appreq,3018227,2349441508820,944
basic_appreq,2337682,2349443885289,944
basic_appreq,2684549,2349446613183,944
basic_appreq,2417862,2349449096754,944
basic_appreq,2191221,2349451324895,944
basic_appreq,1840780,2349453200261,944
basic_appreq,2363332,2349455601554,944
basic_appreq,2594778,2349458245125,944
basic_appreq,1667459,2349459962891,944
basic_appreq,2151949,2349462170912,944
basic_appreq,2344669,2349464553324,944
basic_appreq,2119064,2349466714155,944
basic_appreq,2784646,2349469534127,944
basic_appreq,2255386,2349471841699,944
basic_appreq,1634117,2349473542815,944
basic_appreq,2526207,2349476116234,944
basic_appreq,2038732,2349478206398,944
basic_appreq,2532693,2349480789871,944
basic_appreq,2703005,2349483533428,944
basic_appreq,2755600,2349486340943,944
basic_appreq,2775994,2349489152368,944
basic_appreq,2541488,2349491731489,944
basic_appreq,2416946,2349494198423,944
basic_appreq,2904377,2349497138389,944
basic_appreq,2687956,2349499860687,944
basic_appreq,1574259,2349501468671,944
basic_appreq,2357312,2349503860234,944
basic_appreq,2159607,2349506056098,944
basic_appreq,1852962,2349507944045,944
basic_appreq,2260381,2349510235952,944
basic_appreq,2201825,2349512484871,944
basic_appreq,2174971,2349514693546,944
basic_appreq,2698634,2349517424936,944
basic_appreq,2295680,2349519755984,944
basic_appreq,2626585,2349522424168,944
basic_appreq,2687006,2349525150145,944
basic_appreq,1733403,2349526924142,944
basic_appreq,2480807,2349529440809,944
basic_appreq,2051402,2349531527588,944
basic_appreq,1988278,2349533548382,944
basic_appreq,2911183,2349536494016,944
basic_appreq,2336281,2349538864066,944
basic_appreq,1588297,2349540486777,944
basic_appreq,1922603,2349542447350,944
basic_appreq,2587118,2349545071718,944
basic_appreq,2456543,2349547568816,944
basic_appreq,2540677,2349550156192,944
basic_appreq,2064194,2349552259880,944
basic_appreq,1645684,2349553940964,944
basic_appreq,1812693,2349555786580,944
basic_appreq,2686399,2349558504767,944
basic_appreq,2425616,2349560963899,944
basic_appreq,2546794,2349563545822,944
basic_appreq,2523962,2349566104782,944
basic_appreq,1655393,2349567833910,944
basic_appreq,2408323,2349570278985,944
basic_appreq,2106937,2349572427102,944
basic_appreq,2425148,2349574893148,944
basic_appreq,2164871,2349577094042,944
basic_appreq,1822059,2349578961240,944
basic_appreq,2227802,2349581224111,944
basic_appreq,2093446,2349583358839,944
basic_appreq,2351125,2349585741409,944
basic_appreq,2413833,2349588189548,944
basic_appreq,2215501,2349590439100,944
basic_appreq,2156005,2349592627506,944
basic_appreq,3086443,2349595797176,944
basic_appreq,2698701,2349598532560,944
basic_appreq,2241991,2349600812766,944
basic_appreq,2629513,2349603481426,944
basic_appreq,2512491,2349606027027,944
basic_appreq,2404423,2349608467236,944
basic_appreq,2421204,2349610922493,944
basic_appreq,3142532,2349614096986,944
basic_appreq,2600361,2349616734396,944
basic_appreq,2854551,2349619623569,944
basic_appreq,2353630,2349622010020,944
basic_appreq,1618540,2349623667064,944
basic_appreq,2345747,2349626048964,944
basic_appreq,2069044,2349628163178,944
basic_appreq,2375259,2349630577984,944
basic_appreq,2689411,2349633310229,944
basic_appreq,3275919,2349636622434,944
basic_appreq,2897987,2349639558790,944
basic_appreq,2771979,2349642369603,944
basic_appreq,2340599,2349644748889,944
basic_appreq,3165273,2349647961219,944
basic_appreq,2849636,2349650845719,944
basic_appreq,2362876,2349653245378,944
basic_appreq,1605174,2349654920110,944
basic_appreq,2222968,2349657180189,944
basic_appreq,2114722,2349659340542,944
basic_appreq,2577717,2349661950853,944
basic_appreq,2426087,2349664416858,944
basic_appreq,2404922,2349666861146,944
basic_appreq,3086686,2349669982709,944
basic_appreq,2810974,2349672830353,944
basic_appreq,2380661,2349675248056,944
basic_appreq,1600908,2349676916373,944
basic_appreq,2009461,2349678964111,944
basic_appreq,2376228,2349681372718,944
basic_appreq,2491060,2349683901068,944
basic_appreq,2200988,2349686136891,944
basic_appreq,2377502,2349688584121,944
basic_appreq,2421285,2349691043063,944
basic_appreq,2859778,2349693939177,944
basic_appreq,2705798,2349696677776,944
basic_appreq,2452688,2349699168468,944
basic_appreq,2973898,2349702171809,944
basic_appreq,2767296,2349704978090,944
basic_appreq,2703985,2349707719459,944
basic_appreq,2833537,2349710628623,944
basic_appreq,2784615,2349713463845,944
basic_appreq,2465770,2349715962596,944
basic_appreq,2485556,2349718479261,944
basic_appreq,1679581,2349720219532,944
basic_appreq,2533826,2349722795708,944
basic_appreq,2237975,2349725068777,944
basic_appreq,1829739,2349726936396,944
basic_appreq,3085988,2349730064466,944
basic_appreq,2304468,2349732404719,944
basic_appreq,2457921,2349734897099,944
basic_appreq,3128504,2349738061432,944
basic_appreq,2379103,2349740478295,944
basic_appreq,2579182,2349743095023,944
basic_appreq,2250445,2349745380266,944
basic_appreq,2490114,2349747907038,944
basic_appreq,2858361,2349750799635,944
basic_appreq,2663721,2349753499912,944
basic_appreq,2446602,2349755983439,944
basic_appreq,2629482,2349758677075,944
basic_appreq,2606598,2349761325996,944
basic_appreq,2999855,2349764360092,944
basic_appreq,2582209,2349766976451,944
basic_appreq,2996925,2349770008923,944
basic_appreq,2870380,2349772917836,944
basic_appreq,2264162,2349775219471,944
basic_appreq,1584641,2349776871570,944
basic_appreq,2100391,2349779011901,944
basic_appreq,2201884,2349781244826,944
basic_appreq,2447402,2349783727501,944
basic_appreq,2374288,2349786135274,944
basic_appreq,2834660,2349789014389,944
basic_appreq,2681843,2349791736393,944
basic_appreq,2247264,2349794019259,944
basic_appreq,2817596,2349796877967,944
basic_appreq,2374891,2349799290134,944
basic_appreq,1573028,2349800928227,944
basic_appreq,2241838,2349803210037,944
basic_appreq,2228733,2349805473485,944
basic_appreq,1847298,2349807357043,944
basic_appreq,2378704,2349809770904,944
basic_appreq,1558267,2349811406100,944
basic_appreq,2403645,2349813841752,944
basic_appreq,2815545,2349816697006,944
basic_appreq,2485971,2349819217477,944
basic_appreq,1611938,2349820866434,944
basic_appreq,2197633,2349823099967,944
basic_appreq,2493311,2349825628676,944
basic_appreq,1923161,2349827585727,944
basic_appreq,2326616,2349829948315,944
basic_appreq,2367290,2349832354480,944
basic_appreq,2542714,2349834941066,944
basic_appreq,2375285,2349837372413,944
basic_appreq,2895328,2349840337398,944
basic_appreq,2216519,2349842593228,944
basic_appreq,2166142,2349844794327,944
basic_appreq,2914884,2349847749274,944
basic_appreq,2122986,2349849907927,944
basic_appreq,2668219,2349852615444,944
basic_appreq,2395437,2349855042636,944
basic_appreq,1752044,2349856826933,944
basic_appreq,2374778,2349859236603,944
basic_appreq,2741430,2349862008006,944
basic_appreq,3281140,2349865330003,944
basic_appreq,2507993,2349867873799,944
basic_appreq,2256009,2349870164035,944
basic_appreq,2650393,2349872853253,944
basic_appreq,2685889,2349875577475,944
basic_appreq,3196091,2349878808444,944
basic_appreq,2487281,2349881332648,944
basic_appreq,1997987,2349883366124,944
basic_appreq,2386107,2349885787002,944
basic_appreq,2912980,2349888735731,944
basic_appreq,2100097,2349890869414,944
basic_appreq,1941912,2349892844516,944
basic_appreq,2630016,2349895525738,944
basic_appreq,1961079,2349897519847,944
basic_appreq,1921563,2349899479245,944
basic_appreq,2257777,2349901769054,944
basic_appreq,1755521,2349903559867,944
basic_appreq,2997414,2349906592016,944
basic_appreq,2394177,2349909022934,944
basic_appreq,2579647,2349911637718,944
basic_appreq,2281591,2349913952939,944
basic_appreq,2770864,2349916768647,944
basic_appreq,2870440,2349919678292,944
basic_appreq,3193434,2349922907236,944
basic_appreq,3003876,2349925958252,944
basic_appreq,1745614,2349927773982,944
basic_appreq,2048800,2349929857831,944
basic_appreq,1794502,2349931687775,944
basic_appreq,2260498,2349933981675,944
basic_appreq,1660515,2349935683422,944
basic_appreq,2115315,2349937865833,944
basic_appreq,2165209,2349940081652,944
basic_appreq,1758252,2349941872547,944
basic_appreq,1590872,2349943494562,944
basic_appreq,2273567,2349945803247,944
basic_appreq,2297605,2349948140548,944
basic_appreq,2445499,2349950626448,944
basic_appreq,2441587,2349953103217,944
basic_appreq,2118479,2349955258709,944
basic_appreq,2799678,2349958093650,944
basic_appreq,2759635,2349960888700,944
basic_appreq,2579147,2349963507340,944
basic_appreq,8708956,2349972249362,944
basic_appreq,2410311,2349974711234,944
basic_appreq,2930188,2349977690862,944
basic_appreq,2948245,2349980679671,944
basic_appreq,2950099,2349983668751,944
basic_appreq,2875903,2349986579058,944
basic_appreq,2874859,2349989509435,944
basic_appreq,2527697,2349992076783,944
basic_appreq,2063909,2349994182820,944
basic_appreq,2404213,2349996630037,944
basic_appreq,1910820,2349998578260,944
basic_appreq,2200049,2350000814506,944
basic_appreq,2148926,2350003006220,944
basic_appreq,2531324,2350005573383,944
basic_appreq,1938695,2350007551133,944
basic_appreq,2092176,2350009676648,944
basic_appreq,2310358,2350012041542,944
basic_appreq,2542272,2350014620576,944
basic_appreq,2729284,2350017381111,944
basic_appreq,2295525,2350019710413,944
basic_appreq,2566113,2350022336924,944
basic_appreq,2895904,2350025267419,944
basic_appreq,2688401,2350027995813,944
basic_appreq,2205779,2350030266679,944
basic_appreq,2487564,2350032787322,944
basic_appreq,2784485,2350035613097,944
basic_appreq,1793921,2350037442339,944
basic_appreq,2251395,2350039732403,944
basic_appreq,2942417,2350042740761,944
basic_appreq,2787850,2350045567776,944
basic_appreq,2558405,2350048161667,944
basic_appreq,2439652,2350050637628,944
basic_appreq,2039713,2350052711890,944
basic_appreq,2207448,2350054955977,944
basic_appreq,3033754,2350058026422,944
basic_appreq,2362416,2350060424512,944
basic_appreq,2716927,2350063182291,944
basic_appreq,2805440,2350066021358,944
basic_appreq,1758547,2350067825061,944
basic_appreq,2344419,2350070203065,944
basic_appreq,2235480,2350072518903,944
basic_appreq,2600367,2350075177000,944
basic_appreq,2683002,2350077891942,944
basic_appreq,2858500,2350080784028,944
basic_appreq,2756693,2350083578752,944
basic_appreq,2151067,2350085765446,944
basic_appreq,2806769,2350088632160,944
basic_appreq,1674532,2350090343018,944
basic_appreq,2244074,2350092628081,944
basic_appreq,2376806,2350095043655,944
basic_appreq,3045369,2350098162001,944
basic_appreq,2789261,2350100995589,944
basic_appreq,2546437,2350103582386,944
basic_appreq,2500887,2350106121458,944
basic_appreq,2744057,2350108959204,944
basic_appreq,2316920,2350111314053,944
basic_appreq,2281115,2350113630348,944
basic_appreq,2013161,2350115696344,944
basic_appreq,2035803,2350117764090,944
basic_appreq,2110244,2350119907820,944
basic_appreq,1672143,2350121612119,944
basic_appreq,2581298,2350124232274,944
basic_appreq,1571763,2350125848348,944
basic_appreq,1973275,2350127859987,944
basic_appreq,2178543,2350130076431,944
basic_appreq,2419423,2350132529763,944
basic_appreq,2690388,2350135263813,944
basic_appreq,2275609,2350137589569,944
basic_appreq,1714626,2350139352518,944
basic_appreq,2476351,2350141865260,944
basic_appreq,2118242,2350144032590,944
basic_appreq,2272937,2350146345275,944
basic_appreq,2624397,2350149000936,944
basic_appreq,2031681,2350151064521,944
basic_appreq,2889615,2350153991584,944
basic_appreq,2224341,2350156267806,944
basic_appreq,1601429,2350157942115,944
basic_appreq,2544305,2350160522256,944
basic_appreq,3009687,2350163569651,944
basic_appreq,2350042,2350165954808,944
basic_appreq,1985003,2350167982385,944
basic_appreq,1772287,2350169813676,944
basic_appreq,2403471,2350172249918,944
basic_appreq,3045539,2350175368323,944
basic_appreq,2313726,2350177722610,944
basic_appreq,2351824,2350180113938,944
basic_appreq,2416647,2350182568376,944
basic_appreq,2208836,2350184815813,944
basic_appreq,2120260,2350186981266,944
basic_appreq,3003316,2350190021450,944
basic_appreq,2742917,2350192796540,944
basic_appreq,2419143,2350195246637,944
basic_appreq,3228132,2350198506191,944
basic_appreq,2533205,2350201077722,944
basic_appreq,1696735,2350202814849,944
basic_appreq,2697755,2350205556644,944
basic_appreq,2449876,2350208044024,944
basic_appreq,2571585,2350210653764,944
basic_appreq,1726241,2350212449770,944
basic_appreq,2563735,2350215050949,944
basic_appreq,2814000,2350217903967,944
basic_appreq,2531005,2350220475287,944
basic_appreq,2023311,2350222537577,944
basic_appreq,2391736,2350224998493,944
basic_appreq,2340595,2350227379153,944
basic_appreq,2796748,2350230210211,944
basic_appreq,2067187,2350232324663,944
basic_appreq,3164089,2350235524609,944
basic_appreq,2733823,2350238291101,944
basic_appreq,2373422,2350240707455,944
basic_appreq,2684100,2350243432634,944
basic_appreq,2563812,2350246032226,944
basic_appreq,1623606,2350247730502,944
basic_appreq,2154858,2350249921271,944
basic_appreq,2012586,2350251968847,944
basic_appreq,3109646,2350255139314,944
basic_appreq,2748159,2350257924090,944
basic_appreq,2857081,2350260818195,944
basic_appreq,1851093,2350262746094,944
basic_appreq,2370242,2350265157707,944
basic_appreq,2683193,2350267883510,944
basic_appreq,2438166,2350270363498,944
basic_appreq,2236724,2350272645952,944
basic_appreq,2100154,2350274788687,944
basic_appreq,2133072,2350276958048,944
basic_appreq,2539086,2350279533603,944
basic_appreq,2046809,2350281609327,944
basic_appreq,2726361,2350284395378,944
basic_appreq,2472653,2350286904068,944
basic_appreq,2469649,2350289418196,944
basic_appreq,2246817,2350291717654,944
basic_appreq,2590770,2350294345044,944
basic_appreq,2625427,2350297006991,944
basic_appreq,2134619,2350299177314,944
basic_appreq,2165205,2350301377961,944
basic_appreq,2254904,2350303668296,944
basic_appreq,2963805,2350306669462,944
basic_appreq,2819477,2350309525534,944
basic_appreq,2644571,2350312220817,944
basic_appreq,2604163,2350314864115,944
basic_appreq,3025869,2350317935454,944
basic_appreq,2631633,2350320608010,944
basic_appreq,3067667,2350323727291,944
basic_appreq,2197117,2350325958842,944
basic_appreq,2425524,2350328422369,944
basic_appreq,3171422,2350331639640,944
basic_appreq,2376314,2350334051399,944
basic_appreq,2872969,2350336977534,944
basic_appreq,2735586,2350339756861,944
basic_appreq,1913382,2350341727826,944
basic_appreq,2193735,2350343971043,944
basic_appreq,2321727,2350346354670,944
basic_appreq,1990236,2350348386395,944
basic_appreq,2147230,2350350568665,944
basic_appreq,1782974,2350352386302,944
basic_appreq,2447044,2350354872571,944
basic_appreq,2412454,2350357319353,944
basic_appreq,2931950,2350360336010,944
basic_appreq,2659823,2350363040238,944
basic_appreq,2458552,2350365534727,944
basic_appreq,2710363,2350368293834,944
basic_appreq,2710251,2350371044130,944
basic_appreq,2628953,2350373707471,944
basic_appreq,2868354,2350376613917,944
basic_appreq,2386129,2350379037791,944
basic_appreq,2319378,2350381414137,944
basic_appreq,2504959,2350383974310,944
basic_appreq,2426639,2350386476099,944
basic_appreq,1559391,2350388099724,944
basic_appreq,1817245,2350389953009,944
basic_appreq,2135126,2350392121328,944
basic_appreq,1677546,2350393840869,944
basic_appreq,2321303,2350396196382,944
basic_appreq,2442077,2350398674549,944
basic_appreq,2534973,2350401242501,944
basic_appreq,2120183,2350403439813,944
basic_appreq,2174585,2350405646000,944
basic_appreq,3175258,2350408854886,944
basic_appreq,2782301,2350411668883,944
basic_appreq,2834163,2350414537900,944
basic_appreq,2185296,2350416759298,944
basic_appreq,2828957,2350419629625,944
basic_appreq,2388786,2350422058910,944
basic_appreq,5842622,2350427936705,944
basic_appreq,2731250,2350430790113,944
basic_appreq,1568550,2350432396325,944
basic_appreq,2449927,2350434891724,944
basic_appreq,2250592,2350437183613,944
basic_appreq,1709710,2350438935208,944
basic_appreq,2545956,2350441514425,944
basic_appreq,2780634,2350444335512,944
basic_appreq,2688461,2350447062001,944
basic_appreq,2491845,2350449590788,944
basic_appreq,2454470,2350452092714,944
basic_appreq,1537191,2350453680048,944
basic_appreq,2426055,2350456142826,944
basic_appreq,2312821,2350458493750,944
basic_appreq,2877937,2350461407666,944
basic_appreq,2810250,2350464255327,944
basic_appreq,2633804,2350466929182,944
basic_appreq,2433196,2350469401560,944
basic_appreq,2386402,2350471830970,944
basic_appreq,2556087,2350474428774,944
basic_appreq,2419084,2350476887309,944
basic_appreq,2785357,2350479705543,944
basic_appreq,2069034,2350481804718,944
basic_appreq,2001212,2350483849242,944
basic_appreq,2181965,2350486060089,944
basic_appreq,2275261,2350488370601,944
basic_appreq,2365111,2350490771695,944
basic_appreq,1878268,2350492688939,944
basic_appreq,2215093,2350494951943,944
basic_appreq,1665995,2350496682497,944
basic_appreq,2486705,2350499206692,944
basic_appreq,3026683,2350502268462,944
basic_appreq,2650811,2350504953154,944
basic_appreq,2547438,2350507534407,944
basic_appreq,2310831,2350509880397,944
basic_appreq,2712961,2350512639212,944
basic_appreq,2588107,2350515268589,944
basic_appreq,2949644,2350518283293,944
basic_appreq,2614535,2350520940140,944
basic_appreq,2480765,2350523458546,944
basic_appreq,2849192,2350526342927,944
basic_appreq,3060250,2350529440670,944
basic_appreq,2838543,2350532319116,944
basic_appreq,2574866,2350534935558,944
basic_appreq,1655754,2350536654613,944
basic_appreq,2560141,2350539258955,944
basic_appreq,2657666,2350541960738,944
basic_appreq,2799140,2350544805502,944
basic_appreq,2538057,2350547387360,944
basic_appreq,1704064,2350549124003,944
basic_appreq,2406094,2350551569691,944
basic_appreq,2440914,2350554046325,944
basic_appreq,2215652,2350556303810,944
basic_appreq,2123871,2350558470492,944
basic_appreq,2483932,2350560987507,944
basic_appreq,2539303,2350563561046,944
basic_appreq,2671917,2350566269476,944
basic_appreq,2274566,2350568578082,944
basic_appreq,1598291,2350570214755,944
basic_appreq,2490412,2350572739082,944
basic_appreq,2538495,2350575344825,944
basic_appreq,2703071,2350578079429,944
basic_appreq,1610772,2350579756577,944
basic_appreq,2081448,2350581873680,944
basic_appreq,2698921,2350584614804,944
basic_appreq,2682591,2350587337246,944
basic_appreq,2451300,2350589824979,944
basic_appreq,2364830,2350592231396,944
basic_appreq,2701002,2350594978611,944
basic_appreq,2564233,2350597580486,944
basic_appreq,1631327,2350599285384,944
basic_appreq,2186426,2350601514924,944
basic_appreq,2354397,2350603914984,944
basic_appreq,2454012,2350606405747,944
basic_appreq,2091250,2350608535201,944
basic_appreq,2773407,2350611361079,944
basic_appreq,2786617,2350614186323,944
basic_appreq,2738468,2350616960486,944
basic_appreq,1640641,2350618672979,944
basic_appreq,2082923,2350620799481,944
basic_appreq,2441544,2350623286168,944
basic_appreq,2365005,2350625683486,944
basic_appreq,2868252,2350628598708,944
basic_appreq,2546838,2350631182114,944
basic_appreq,2500091,2350633715832,944
basic_appreq,2560017,2350636312432,944
basic_appreq,1757763,2350638112718,944
basic_appreq,2081314,2350640228290,944
basic_appreq,2730947,2350643001314,944
basic_appreq,1948850,2350644986746,944
basic_appreq,2365725,2350647386769,944
basic_appreq,2230455,2350649650763,944
basic_appreq,2683280,2350652382277,944
basic_appreq,2555440,2350654975772,944
basic_appreq,2604614,2350657616251,944
basic_appreq,2267020,2350659919091,944
basic_appreq,1859282,2350661813572,944
basic_appreq,2866259,2350664714014,944
basic_appreq,2569710,2350667325602,944
basic_appreq,1655285,2350669042924,944
basic_appreq,2452887,2350671545278,944
basic_appreq,2393998,2350673982464,944
basic_appreq,2605961,2350676633521,944
basic_appreq,1674877,2350678353202,944
basic_appreq,2752928,2350681166450,944
basic_appreq,2893997,2350684108555,944
basic_appreq,2486848,2350686637861,944
basic_appreq,2462504,2350689131434,944
basic_appreq,1879653,2350691057646,944
basic_appreq,2103424,2350693199580,944
basic_appreq,2032485,2350695282373,944
basic_appreq,2627212,2350697941868,944
basic_appreq,2198307,2350700181762,944
basic_appreq,1947399,2350702192788,944
basic_appreq,2610620,2350704837949,944
basic_appreq,2408218,2350707279707,944
basic_appreq,2822965,2350710138549,944
basic_appreq,2598773,2350712771888,944
basic_appreq,2383913,2350715190639,944
basic_appreq,2876159,2350718100963,944
basic_appreq,2639385,2350720779724,944
basic_appreq,2045747,2350722865781,944
basic_appreq,2431606,2350725337621,944
basic_appreq,2551724,2350727928622,944
basic_appreq,2460104,2350730423916,944
basic_appreq,1680748,2350732145200,944
basic_appreq,2340674,2350734543538,944
basic_appreq,1990929,2350736573039,944
basic_appreq,2503844,2350739112085,944
basic_appreq,2728055,2350741871853,944
basic_appreq,2841701,2350744749360,944
basic_appreq,2554159,2350747340091,944
basic_appreq,2643081,2350750034679,944
basic_appreq,1999761,2350752090286,944
basic_appreq,2104074,2350754231126,944
basic_appreq,2444943,2350756715329,944
basic_appreq,2435168,2350759186708,944
basic_appreq,2190731,2350761409829,944
basic_appreq,1711202,2350763157422,944
basic_appreq,2612636,2350765805517,944
basic_appreq,2912104,2350768757809,944
basic_appreq,2431125,2350771227135,944
basic_appreq,2432896,2350773690361,944
basic_appreq,1878785,2350775606853,944
basic_appreq,2795717,2350778444925,944
basic_appreq,2239015,2350780718851,944
basic_appreq,1635466,2350782422692,944
basic_appreq,1899694,2350784356714,944
basic_appreq,2728116,2350787146025,944
basic_appreq,2617599,2350789800196,944
basic_appreq,2407414,2350792247817,944
basic_appreq,2545217,2350794840272,944
basic_appreq,1629570,2350796539200,944
basic_appreq,1773040,2350798352838,944
basic_appreq,2955766,2350801344388,944
basic_appreq,2709515,2350804088596,944
basic_appreq,2806721,2350806936548,944
basic_appreq,2751917,2350809733113,944
basic_appreq,2533680,2350812314277,944
basic_appreq,3209292,2350815569217,944
basic_appreq,2416973,2350818022865,944
basic_appreq,2445748,2350820505383,944
basic_appreq,1656021,2350822237393,944
basic_appreq,2374364,2350824650297,944
basic_appreq,2144377,2350826844553,944
basic_appreq,2583637,2350829470782,944
basic_appreq,2367016,2350831882915,944
basic_appreq,2777752,2350834696462,944
basic_appreq,2574096,2350837309457,944
basic_appreq,2451879,2350839802356,944
basic_appreq,1900235,2350841743213,944
basic_appreq,2041490,2350843819097,944
basic_appreq,1666929,2350845524121,944
basic_appreq,2543647,2350848106763,944
basic_appreq,2232553,2350850383347,944
basic_appreq,1994831,2350852412305,944
basic_appreq,2895180,2350855345382,944
basic_appreq,2750785,2350858131017,944
basic_appreq,2528714,2350860693896,944
basic_appreq,2465127,2350863204306,944
basic_appreq,2939785,2350866210888,944
basic_appreq,2544639,2350868797747,944
basic_appreq,2363493,2350871210162,944
basic_appreq,2283644,2350873567772,944
basic_appreq,2427586,2350876037404,944
basic_appreq,2462194,2350878543282,944
basic_appreq,1677024,2350880258560,944
basic_appreq,2258982,2350882569562,944
basic_appreq,2621793,2350885223090,944
basic_appreq,1827887,2350887088578,944
basic_appreq,2273507,2350889396897,944
basic_appreq,1639130,2350891101596,944
basic_appreq,2236518,2350893373967,944
basic_appreq,1982112,2350895397917,944
basic_appreq,2342511,2350897776291,944
basic_appreq,2624646,2350900440626,944
basic_appreq,2895089,2350903375525,944
basic_appreq,2450998,2350905869311,944
basic_appreq,2652994,2350908559320,944
basic_appreq,2428014,2350911025846,944
basic_appreq,3079332,2350914141218,944
basic_appreq,2399376,2350916579848,944
basic_appreq,1986560,2350918606150,944
basic_appreq,2583689,2350921230615,944
basic_appreq,2279170,2350923545287,944
basic_appreq,2951550,2350926531324,944
basic_appreq,1630762,2350928211631,944
basic_appreq,1339816,2350929584939,944
basic_appreq,1671816,2350931290819,944
basic_appreq,2610868,2350933932427,944
basic_appreq,2983388,2350936947416,944
basic_appreq,2288825,2350939277403,944
basic_appreq,1708351,2350941022797,944
basic_appreq,2301896,2350943361644,944
basic_appreq,1869539,2350945269456,944
basic_appreq,2046187,2350947350768,944
basic_appreq,1880126,2350949262278,944
basic_appreq,2207543,2350951508054,944
basic_appreq,1522766,2350953072087,944
basic_appreq,1990467,2350955096069,944
basic_appreq,1864667,2350956992107,944
basic_appreq,2263262,2350959293323,944
basic_appreq,2564393,2350961891936,944
basic_appreq,2277918,2350964207615,944
basic_appreq,2466404,2350966711373,944
basic_appreq,1861715,2350968610793,944
basic_appreq,2258702,2350970905119,944
basic_appreq,2537465,2350973474725,944
basic_appreq,3429291,2350976946027,944
basic_appreq,2646625,2350979630438,944
basic_appreq,2570466,2350982236757,944
basic_appreq,2479659,2350984757617,944
basic_appreq,2421271,2350987223596,944
basic_appreq,2681569,2350989939171,944
basic_appreq,2610008,2350992582400,944
basic_appreq,2675306,2350995290397,944
basic_appreq,2555362,2350997881274,944
basic_appreq,2540636,2351000462422,944
basic_appreq,2345297,2351002864988,944
basic_appreq,2075820,2351004976605,944
basic_appreq,2774678,2351007787651,944
basic_appreq,2763187,2351010586184,944
basic_appreq,2784225,2351013421885,944
basic_appreq,2309358,2351015768268,944
basic_appreq,2247759,2351018047951,944
basic_appreq,1571724,2351019687744,944
basic_appreq,2218145,2351021940198,944
basic_appreq,2068490,2351024059193,944
basic_appreq,2345745,2351026439958,944
basic_appreq,3211759,2351029686668,944
basic_appreq,2196246,2351031921191,944
basic_appreq,1982534,2351033970382,944
basic_appreq,2532901,2351036549805,944
basic_appreq,1849314,2351038452385,944
basic_appreq,2814142,2351041309676,944
basic_appreq,2795451,2351044137383,944
basic_appreq,2381616,2351046552522,944
basic_appreq,3323259,2351049907284,944
basic_appreq,2524057,2351052470287,944
basic_appreq,2472831,2351054978625,944
basic_appreq,2535713,2351057548473,944
basic_appreq,2438191,2351060024200,944
basic_appreq,1951268,2351062013104,944
basic_appreq,2361800,2351064411068,944
basic_appreq,2669701,2351067121211,944
basic_appreq,2562754,2351069718795,944
basic_appreq,2674038,2351072432713,944
basic_appreq,2543913,2351075019381,944
basic_appreq,2631069,2351077685101,944
basic_appreq,2381164,2351080107529,944
basic_appreq,1505893,2351081660783,944
basic_appreq,2379829,2351084074506,944
basic_appreq,2614286,2351086725198,944
basic_appreq,2338474,2351089095297,944
basic_appreq,2598453,2351091742106,944
basic_appreq,1782190,2351093563178,944
basic_appreq,2208819,2351095809763,944
basic_appreq,2257518,2351098100385,944
basic_appreq,2698936,2351100834416,944
basic_appreq,2859199,2351103732018,944
basic_appreq,2358142,2351106122621,944
basic_appreq,2748119,2351108913856,944
basic_appreq,2981222,2351111934199,944
basic_appreq,2278649,2351114257865,944
basic_appreq,2556884,2351116850977,944
basic_appreq,2534601,2351119425437,944
basic_appreq,2560492,2351122017994,944
basic_appreq,3075703,2351125132701,944
basic_appreq,2265598,2351127451457,944
basic_appreq,3054575,2351130549181,944
basic_appreq,2588950,2351133177809,944
basic_appreq,2539965,2351135788732,944
basic_appreq,1847217,2351137704234,944
basic_appreq,2425937,2351140169407,944
basic_appreq,2778978,2351143029874,944
basic_appreq,1586290,2351144679517,944
basic_appreq,2353184,2351147071227,944
basic_appreq,1856092,2351148958361,944
basic_appreq,2934299,2351151927723,944
basic_appreq,2333670,2351154292271,944
basic_appreq,2541224,2351156866995,944
basic_appreq,2316083,2351159220269,944
basic_appreq,2182937,2351161439849,944
basic_appreq,2130596,2351163609977,944
basic_appreq,2299002,2351165943150,944
basic_appreq,2798154,2351168782492,944
basic_appreq,2793426,2351171614958,944
basic_appreq,2297890,2351173947503,944
basic_appreq,2932948,2351176919025,944
basic_appreq,1923927,2351178881151,944
basic_appreq,2592031,2351181514803,944
basic_appreq,2666685,2351184215930,944
basic_appreq,2495995,2351186745409,944
basic_appreq,2136313,2351188918410,944
basic_appreq,2518716,2351191469571,944
basic_appreq,2768664,2351194272016,944
basic_appreq,2616941,2351196951524,944
basic_appreq,2243800,2351199266492,944
basic_appreq,2267905,2351201577807,944
basic_appreq,2157394,2351203770672,944
basic_appreq,2195409,2351205997667,944
basic_appreq,2586190,2351208617130,944
basic_appreq,2351127,2351211000513,944
basic_appreq,1590916,2351212628170,944
basic_appreq,2447158,2351215112562,944
basic_appreq,2345718,2351217494905,944
basic_appreq,1960480,2351219494497,944
basic_appreq,2581056,2351222109291,944
basic_appreq,2811555,2351224958262,944
basic_appreq,2217140,2351227209244,944
basic_appreq,2412914,2351229654852,944
basic_appreq,2545678,2351232239906,944
basic_appreq,2720019,2351235018291,944
basic_appreq,1632936,2351236713022,944
basic_appreq,2430381,2351239181949,944
basic_appreq,2053432,2351241276155,944
basic_appreq,1878846,2351243191484,944
basic_appreq,3108035,2351246333000,944
basic_appreq,2607142,2351248973942,944
basic_appreq,2235997,2351251250497,944
basic_appreq,2214720,2351253498564,944
basic_appreq,2393986,2351255927678,944
basic_appreq,2243166,2351258210424,944
basic_appreq,2567582,2351260830362,944
basic_appreq,2998806,2351263873847,944
basic_appreq,2267034,2351266174590,944
basic_appreq,2605622,2351268816466,944
basic_appreq,2701194,2351271554026,944
basic_appreq,2504120,2351274097008,944
basic_appreq,1652090,2351275816950,944
basic_appreq,2402199,2351278255226,944
basic_appreq,1786117,2351280088790,944
basic_appreq,2017600,2351282150737,944
basic_appreq,2326876,2351284524888,944
basic_appreq,1913647,2351286484863,944
basic_appreq,2349122,2351288869228,944
basic_appreq,2290215,2351291201590,944
basic_appreq,2129123,2351293369131,944
basic_appreq,2536081,2351295944640,944
basic_appreq,2685834,2351298664447,944
basic_appreq,2126977,2351300826948,944
basic_appreq,2616056,2351303481952,944
basic_appreq,2630136,2351306150374,944
basic_appreq,1727608,2351307920139,944
basic_appreq,2203658,2351310158417,944
basic_appreq,1871605,2351312073492,944
basic_appreq,2667085,2351314781024,944
basic_appreq,2410058,2351317225125,944
basic_appreq,2661956,2351319925142,944
basic_appreq,2355710,2351322315581,944
basic_appreq,2258145,2351324608061,944
basic_appreq,2309782,2351326953363,944
basic_appreq,2988336,2351329975020,944
basic_appreq,2432912,2351332453318,944
basic_appreq,2636532,2351335126446,944
basic_appreq,2764945,2351337928193,944
basic_appreq,2726218,2351340691614,944
basic_appreq,2252233,2351342982243,944
basic_appreq,2789935,2351345808600,944
basic_appreq,2441184,2351348302155,944
basic_appreq,3352047,2351351722857,944
basic_appreq,2184700,2351353940446,944
basic_appreq,2479352,2351356464908,944
basic_appreq,1669840,2351358182598,944
basic_appreq,2430484,2351360657864,944
basic_appreq,2066582,2351362767184,944
basic_appreq,2430640,2351365233322,944
basic_appreq,1761519,2351367038981,944
basic_appreq,2496712,2351369571354,944
basic_appreq,1580154,2351371225402,944
basic_appreq,2180693,2351373462478,944
basic_appreq,1908560,2351375416366,944
basic_appreq,2583604,2351378037180,944
basic_appreq,2608992,2351380683062,944
basic_appreq,2456121,2351383174931,944
basic_appreq,2530324,2351385741236,944
basic_appreq,2643680,2351388419030,944
basic_appreq,1672796,2351390161644,944
basic_appreq,2333286,2351392534333,944
basic_appreq,2557805,2351395144898,944
basic_appreq,1930305,2351397111109,944
basic_appreq,2185295,2351399333783,944
basic_appreq,1651671,2351401034623,944
basic_appreq,1981490,2351403069909,944
basic_appreq,2481868,2351405587864,944
basic_appreq,2601740,2351408229414,944
basic_appreq,2516675,2351410787152,944
basic_appreq,2827718,2351413653707,944
basic_appreq,2269208,2351415958285,944
basic_appreq,2752532,2351418750659,944
basic_appreq,3065978,2351421849500,944
basic_appreq,2435406,2351424317632,944
basic_appreq,2933179,2351427281449,944
basic_appreq,2831989,2351430147470,944
basic_appreq,2452262,2351432635597,944
basic_appreq,2320412,2351434993910,944
basic_appreq,1860769,2351436888773,944
basic_appreq,2036370,2351438964843,944
basic_appreq,2282353,2351441282029,944
basic_appreq,2924289,2351444247484,944
basic_appreq,2928924,2351447210718,944
basic_appreq,2342543,2351449584948,944
basic_appreq,2285177,2351451905745,944
basic_appreq,2719370,2351454656974,944
basic_appreq,3152545,2351457849259,944
basic_appreq,2783861,2351460671767,944
basic_appreq,2608918,2351463322816,944
basic_appreq,2523105,2351465881185,944
basic_appreq,2875458,2351468796811,944
basic_appreq,2917788,2351471750560,944
basic_appreq,1693034,2351473510565,944
basic_appreq,5913011,2351479472110,944
basic_appreq,2061459,2351481567605,944
basic_appreq,2459058,2351484063416,944
basic_appreq,2494130,2351486611376,944
basic_appreq,3177637,2351489833734,944
basic_appreq,2638656,2351492521560,944
basic_appreq,2399639,2351494961974,944
basic_appreq,2737063,2351497742473,944
basic_appreq,2637177,2351500421043,944
basic_appreq,2513665,2351502979014,944
basic_appreq,1610218,2351504660204,944
basic_appreq,2418464,2351507120317,944
basic_appreq,2652782,2351509812479,944
basic_appreq,2090895,2351511963533,944
basic_appreq,2722118,2351514750780,944
basic_appreq,2490506,2351517274618,944
basic_appreq,2570655,2351519876882,944
basic_appreq,2258532,2351522189154,944
basic_appreq,1761760,2351523980882,944
basic_appreq,2779518,2351526811733,944
basic_appreq,2681221,2351529529030,944
basic_appreq,1670125,2351531239693,944
basic_appreq,1836520,2351533112219,944
basic_appreq,2142940,2351535290223,944
basic_appreq,2997704,2351538321786,944
basic_appreq,2531247,2351540893456,944
basic_appreq,2750031,2351543680577,944
basic_appreq,2587258,2351546302855,944
basic_appreq,2576710,2351548916229,944
basic_appreq,2404455,2351551358750,944
basic_appreq,1541538,2351552936716,944
basic_appreq,2296307,2351555268397,944
basic_appreq,2218810,2351557522232,944
basic_appreq,2350982,2351559924431,944
basic_appreq,2250562,2351562207453,944
basic_appreq,2588498,2351564830312,944
basic_appreq,1615453,2351566484902,944
basic_appreq,2394246,2351568926556,944
basic_appreq,1696257,2351570664886,944
basic_appreq,2629055,2351573335375,944
basic_appreq,2272932,2351575656266,944
basic_appreq,1945619,2351577642947,944
basic_appreq,2399627,2351580078205,944
basic_appreq,2615612,2351582753245,944
basic_appreq,2632298,2351585418149,944
basic_appreq,2524071,2351587978617,944
basic_appreq,2473938,2351590509890,944
basic_appreq,2511152,2351593061653,944
basic_appreq,2120990,2351595219534,944
basic_appreq,1787307,2351597039400,944
basic_appreq,2386556,2351599461333,944
basic_appreq,2786718,2351602281124,944
basic_appreq,2739854,2351605065880,944
basic_appreq,1568563,2351606708993,944
basic_appreq,2245351,2351608989710,944
basic_appreq,2496971,2351611521061,944
basic_appreq,2162650,2351613715213,944
basic_appreq,2195625,2351615953027,944
basic_appreq,2273821,2351618274176,944
basic_appreq,1647099,2351619990315,944
basic_appreq,2288623,2351622340667,944
basic_appreq,2027950,2351624405961,944
basic_appreq,2387641,2351626828263,944
basic_appreq,2800782,2351629660506,944
basic_appreq,2805788,2351632500909,944
basic_appreq,2466087,2351635014136,944
basic_appreq,3159987,2351638218824,944
basic_appreq,2887773,2351641144474,944
basic_appreq,2392234,2351643575830,944
basic_appreq,2315478,2351645930779,944
basic_appreq,2448402,2351648416977,944
basic_appreq,2510327,2351650967097,944
basic_appreq,1652795,2351652663597,944
basic_appreq,2230149,2351654942282,944
basic_appreq,2279501,2351657262372,944
basic_appreq,1976333,2351659281128,944
basic_appreq,2466939,2351661783745,944
basic_appreq,2976428,2351664794463,944
basic_appreq,2455460,2351667300301,944
basic_appreq,2259096,2351669593261,944
basic_appreq,2914662,2351672546504,944
basic_appreq,2635003,2351675218178,944
basic_appreq,2907513,2351678158663,944
basic_appreq,2148710,2351680349658,944
basic_appreq,1569605,2351681954752,944
basic_appreq,2331290,2351684320934,944
basic_appreq,2527258,2351686886204,944
basic_appreq,1927060,2351688846388,944
basic_appreq,2258130,2351691138517,944
basic_appreq,2792202,2351693967854,944
basic_appreq,2662548,2351696670008,944
basic_appreq,2544878,2351699248978,944
basic_appreq,2798703,2351702093942,944
basic_appreq,2765335,2351704896858,944
basic_appreq,2920094,2351707859746,944
basic_appreq,2433758,2351710329764,944
basic_appreq,2206809,2351712588796,944
basic_appreq,2868990,2351715496657,944
basic_appreq,2365180,2351717893376,944
basic_appreq,2892165,2351720848747,944
basic_appreq,2660392,2351723547302,944
basic_appreq,2622821,2351726205816,944
basic_appreq,2796227,2351729044256,944
basic_appreq,2652644,2351731734945,944
basic_appreq,2540390,2351734311746,944
basic_appreq,2827128,2351737172186,944
basic_appreq,2349391,2351739554153,944
basic_appreq,2833771,2351742457725,944
basic_appreq,2342504,2351744836582,944
basic_appreq,1613578,2351746504075,944
basic_appreq,2281165,2351748818366,944
basic_appreq,2218549,2351751096995,944
basic_appreq,1832153,2351752964908,944
basic_appreq,2816827,2351755818928,944
basic_appreq,2237336,2351758092970,944
basic_appreq,1859779,2351759991748,944
basic_appreq,2162164,2351762209950,944
basic_appreq,1509372,2351763752370,944
basic_appreq,2496044,2351766281549,944
basic_appreq,1650995,2351767994981,944
basic_appreq,2387937,2351770437380,944
basic_appreq,2090772,2351772563016,944
basic_appreq,2060345,2351774679800,944
basic_appreq,2872987,2351777589208,944
basic_appreq,2752275,2351780376674,944
basic_appreq,1605478,2351782069718,944
basic_appreq,2055373,2351784158091,944
basic_appreq,2297862,2351786491603,944
basic_appreq,2765981,2351789293310,944
basic_appreq,2306159,2351791636067,944
basic_appreq,2381982,2351794053115,944
basic_appreq,2226807,2351796324129,944
basic_appreq,2405881,2351798769501,944
basic_appreq,2748058,2351801547063,944
basic_appreq,2712569,2351804291256,944
basic_appreq,2264407,2351806589443,944
basic_appreq,2940542,2351809604358,944
basic_appreq,2233654,2351811877394,944
basic_appreq,1694105,2351813609986,944
basic_appreq,2418594,2351816072560,944
basic_appreq,2805060,2351818918912,944
basic_appreq,2599958,2351821565871,944
basic_appreq,2269717,2351823867988,944
basic_appreq,1618824,2351825521973,944
basic_appreq,2542411,2351828098879,944
basic_appreq,2070877,2351830206453,944
basic_appreq,1839982,2351832081521,944
basic_appreq,1688890,2351833815879,944
basic_appreq,2458361,2351836306386,944
basic_appreq,2483296,2351838826311,944
basic_appreq,2139413,2351840998576,944
basic_appreq,2003900,2351843042820,944
basic_appreq,2245938,2351845321711,944
basic_appreq,2752742,2351848113057,944
basic_appreq,1623926,2351849776784,944
basic_appreq,2213934,2351852029739,944
basic_appreq,1534155,2351853599935,944
basic_appreq,2475295,2351856108952,944
basic_appreq,2124285,2351858273935,944
basic_appreq,2872630,2351861179805,944
basic_appreq,2886386,2351864101782,944
basic_appreq,2919048,2351867057451,944
basic_appreq,2338547,2351869429935,944
basic_appreq,2711134,2351872179488,944
basic_appreq,3025980,2351875242390,944
basic_appreq,2185538,2351877461848,944
basic_appreq,2856734,2351880357932,944
basic_appreq,2306759,2351882702613,944
basic_appreq,1752987,2351884490516,944
basic_appreq,2280082,2351886806780,944
basic_appreq,2505276,2351889345222,944
basic_appreq,2402683,2351891786953,944
basic_appreq,2421430,2351894245779,944
basic_appreq,1927787,2351896209252,944
basic_appreq,2200937,2351898484279,944
basic_appreq,1719877,2351900240427,944
basic_appreq,2269815,2351902545492,944
basic_appreq,2677115,2351905257135,944
basic_appreq,1590473,2351906888520,944
basic_appreq,2849788,2351909768823,944
basic_appreq,2447160,2351912248560,944
basic_appreq,2135928,2351914420266,944
basic_appreq,2433607,2351916890001,944
basic_appreq,1751299,2351918680972,944
basic_appreq,2834026,2351921550379,944
basic_appreq,2812125,2351924398979,944
basic_appreq,1755014,2351926190818,944
basic_appreq,2237008,2351928461432,944
basic_appreq,1975910,2351930474018,944
basic_appreq,1934546,2351932443787,944
basic_appreq,2414400,2351934901128,944
basic_appreq,1693570,2351936641995,944
basic_appreq,2078095,2351938756643,944
basic_appreq,3202479,2351941994707,944
basic_appreq,2537578,2351944568980,944
basic_appreq,2258457,2351946865085,944
basic_appreq,2241289,2351949143794,944
basic_appreq,2184203,2351951362693,944
basic_appreq,2490221,2351953886685,944
basic_appreq,2209811,2351956132214,944
basic_appreq,1750262,2351957933422,944
basic_appreq,2472472,2351960441510,944
basic_appreq,2534845,2351963014050,944
basic_appreq,2244022,2351965293872,944
basic_appreq,1892370,2351967226526,944
basic_appreq,2298467,2351969553961,944
basic_appreq,1956821,2351971541133,944
basic_appreq,1855639,2351973425840,944
basic_appreq,2649470,2351976109292,944
basic_appreq,1810260,2351977968007,944
basic_appreq,2061783,2351980058780,944
basic_appreq,2139986,2351982234656,944
basic_appreq,2203041,2351984470995,944
basic_appreq,2220122,2351986727389,944
basic_appreq,2789073,2351989550623,944
basic_appreq,2592735,2351992180021,944
basic_appreq,1682455,2351993906054,944
basic_appreq,2281740,2351996222080,944
basic_appreq,2448931,2351998708535,944
basic_appreq,2261104,2352001004339,944
basic_appreq,1851799,2352002890481,944
basic_appreq,2437374,2352005359085,944
basic_appreq,1684581,2352007086058,944
basic_appreq,2803017,2352009920384,944
basic_appreq,2684432,2352012640641,944
basic_appreq,2313382,2352014991149,944
basic_appreq,3154567,2352018179039,944
basic_appreq,2277234,2352020510018,944
basic_appreq,1991764,2352022540419,944
basic_appreq,2164260,2352024739854,944
basic_appreq,1696649,2352026503996,944
basic_appreq,2411156,2352028956860,944
basic_appreq,2276244,2352031271456,944
basic_appreq,2111674,2352033423469,944
basic_appreq,2580719,2352036048629,944
basic_appreq,2638630,2352038721288,944
basic_appreq,1641776,2352040429077,944
basic_appreq,2307829,2352042777147,944
basic_appreq,1776634,2352044585246,944
basic_appreq,2471627,2352047094092,944
basic_appreq,2122895,2352049249240,944
basic_appreq,2233700,2352051544108,944
basic_appreq,2216943,2352053797760,944
basic_appreq,1715789,2352055569000,944
basic_appreq,2069469,2352057670467,944
basic_appreq,1864902,2352059569264,944
basic_appreq,2647546,2352062248696,944
basic_appreq,2364695,2352064646360,944
basic_appreq,2413533,2352067091033,944
basic_appreq,1583147,2352068710766,944
basic_appreq,2885440,2352071633951,944
basic_appreq,2627065,2352074296505,944
basic_appreq,2505829,2352076843101,944
basic_appreq,2623860,2352079501664,944
basic_appreq,2865446,2352082397692,944
basic_appreq,2588403,2352085020227,944
basic_appreq,2729490,2352087792783,944
basic_appreq,2780513,2352090606371,944
basic_appreq,2583125,2352093225069,944
basic_appreq,2340793,2352095601203,944
basic_appreq,2861523,2352098499797,944
basic_appreq,2643904,2352101180859,944
basic_appreq,2067986,2352103287845,944
basic_appreq,1782304,2352105106853,944
basic_appreq,53218842,2352158365577,944
basic_appreq,2249352,2352160665933,944
basic_appreq,2511963,2352163228906,944
basic_appreq,1673622,2352164942810,944
basic_appreq,2385996,2352167375850,944
basic_appreq,1909215,2352169328358,944
basic_appreq,2343560,2352171713875,944
basic_appreq,2214530,2352173964864,944
basic_appreq,1682504,2352175696347,944
basic_appreq,2571381,2352178302224,944
basic_appreq,2225126,2352180587749,944
basic_appreq,1693908,2352182318439,944
basic_appreq,1986551,2352184337350,944
basic_appreq,2397966,2352186768828,944
basic_appreq,2593844,2352189395402,944
basic_appreq,2441733,2352191872214,944
basic_appreq,2662932,2352194571130,944
basic_appreq,2367414,2352196989146,944
basic_appreq,2886960,2352199922712,944
basic_appreq,2368633,2352202327386,944
basic_appreq,2124784,2352204498624,944
basic_appreq,2921163,2352207453623,944
basic_appreq,2917893,2352210403821,944
basic_appreq,2248129,2352212685945,944
basic_appreq,2771245,2352215494233,944
basic_appreq,2945154,2352218473035,944
basic_appreq,2358983,2352220869419,944
basic_appreq,2421318,2352223324995,944
basic_appreq,2293247,2352225652602,944
basic_appreq,1789824,2352227480060,944
basic_appreq,2803514,2352230319997,944
basic_appreq,2984519,2352233343063,944
basic_appreq,2910820,2352236290772,944
basic_appreq,2560123,2352238890434,944
basic_appreq,2601132,2352241550889,944
basic_appreq,2169323,2352243757770,944
basic_appreq,2385250,2352246175746,944
basic_appreq,1555151,2352247795870,944
basic_appreq,1781425,2352249610754,944
basic_appreq,2761101,2352252406847,944
basic_appreq,2343561,2352254784441,944
basic_appreq,2341109,2352257159991,944
basic_appreq,1585705,2352258820159,944
basic_appreq,1772848,2352260626162,944
basic_appreq,2499076,2352263159657,944
basic_appreq,2285111,2352265478731,944
basic_appreq,1781435,2352267332495,944
basic_appreq,2573126,2352269939215,944
basic_appreq,1775900,2352271767991,944
basic_appreq,2102650,2352273907884,944
basic_appreq,2335188,2352276280458,944
basic_appreq,1741589,2352278056337,944
basic_appreq,1691761,2352279809069,944
basic_appreq,2043381,2352281887577,944
basic_appreq,2319490,2352284243865,944
basic_appreq,2518530,2352286796269,944
basic_appreq,3210873,2352290042218,944
basic_appreq,2601688,2352292679215,944
basic_appreq,1613879,2352294335266,944
basic_appreq,2450368,2352296822033,944
basic_appreq,2221146,2352299082538,944
basic_appreq,2311505,2352301428794,944
basic_appreq,2462724,2352303936535,944
basic_appreq,2182313,2352306152999,944
basic_appreq,1748597,2352307942719,944
basic_appreq,2959426,2352310942467,944
basic_appreq,2379627,2352313353822,944
basic_appreq,2951749,2352316349533,944
basic_appreq,2582315,2352318978944,944
basic_appreq,2414202,2352321426679,944
basic_appreq,2053752,2352323517894,944
basic_appreq,2967163,2352326519411,944
basic_appreq,2742614,2352329297806,944
basic_appreq,2938335,2352332273524,944
basic_appreq,2629335,2352334946677,944
basic_appreq,2563037,2352337556083,944
basic_appreq,2922839,2352340515748,944
basic_appreq,2354151,2352342909493,944
basic_appreq,1604940,2352344551570,944
basic_appreq,2505250,2352347095459,944
basic_appreq,3026113,2352350152877,944
basic_appreq,2654275,2352352844761,944
basic_appreq,2333542,2352355214916,944
basic_appreq,1465687,2352356736414,944
basic_appreq,2547550,2352359323011,944
basic_appreq,1823773,2352361188665,944
basic_appreq,2207274,2352363434196,944
basic_appreq,2518954,2352365983404,944
basic_appreq,2842728,2352368870453,944
basic_appreq,2427939,2352371331730,944
basic_appreq,2426943,2352373800889,944
basic_appreq,2518707,2352376363896,944
basic_appreq,3130381,2352379534839,944
basic_appreq,2309355,2352381893677,944
basic_appreq,2460838,2352384390156,944
basic_appreq,2641264,2352387088094,944
basic_appreq,2789847,2352389912036,944
basic_appreq,2676825,2352392626014,944
basic_appreq,1729485,2352394391954,944
basic_appreq,2282625,2352396710093,944
basic_appreq,2381009,2352399139600,944
basic_appreq,2535951,2352401707018,944
basic_appreq,2849757,2352404592950,944
basic_appreq,2590769,2352407218293,944
basic_appreq,1577504,2352408866955,944
basic_appreq,2527027,2352411431683,944
basic_appreq,2224449,2352413690815,944
basic_appreq,1757776,2352415482276,944
basic_appreq,2591164,2352418105399,944
basic_appreq,2358537,2352420499035,944
basic_appreq,2365787,2352422902106,944
basic_appreq,2702938,2352425638880,944
basic_appreq,2629348,2352428305765,944
basic_appreq,2769015,2352431112805,944
basic_appreq,2958312,2352434106229,944
basic_appreq,1801446,2352435945829,944
basic_appreq,2221695,2352438201859,944
basic_appreq,2737222,2352441006669,944
basic_appreq,2704328,2352443753430,944
basic_appreq,2789513,2352446577438,944
basic_appreq,2751150,2352449367642,944
basic_appreq,2494576,2352451899046,944
basic_appreq,2460620,2352454392787,944
basic_appreq,2225583,2352456679563,944
basic_appreq,1737969,2352458452892,944
basic_appreq,2409637,2352460895747,944
basic_appreq,2250599,2352463188683,944
basic_appreq,1802293,2352465025644,944
basic_appreq,2527983,2352467588453,944
basic_appreq,2723558,2352470344959,944
basic_appreq,2433888,2352472817536,944
basic_appreq,2896610,2352475752783,944
basic_appreq,2206661,2352477992333,944
basic_appreq,2380765,2352480408229,944
basic_appreq,2756525,2352483197723,944
basic_appreq,2763339,2352485991935,944
basic_appreq,2771996,2352488797974,944
basic_appreq,2508409,2352491345138,944
basic_appreq,2705662,2352494087007,944
basic_appreq,2343012,2352496467312,944
basic_appreq,2779110,2352499298286,944
basic_appreq,2715678,2352502052839,944
basic_appreq,2688280,2352504779881,944
basic_appreq,2943226,2352507769122,944
basic_appreq,2998239,2352510806847,944
basic_appreq,2947691,2352513793561,944
basic_appreq,2529604,2352516364106,944
basic_appreq,1667188,2352518112169,944
basic_appreq,6546668,2352524703589,944
basic_appreq,2524196,2352527277796,944
basic_appreq,2467045,2352529788563,944
basic_appreq,2845018,2352532680315,944
basic_appreq,2516518,2352535239182,944
basic_appreq,2783061,2352538059596,944
basic_appreq,2517973,2352540610887,944
basic_appreq,1584986,2352542269641,944
basic_appreq,1993221,2352544299703,944
basic_appreq,2044284,2352546382688,944
basic_appreq,2909567,2352549327874,944
basic_appreq,2732702,2352552095812,944
basic_appreq,2161616,2352554295009,944
basic_appreq,2652813,2352556983325,944
basic_appreq,1572427,2352558626659,944
basic_appreq,1588936,2352560256836,944
basic_appreq,2898415,2352563197392,944
basic_appreq,2204633,2352565440006,944
basic_appreq,2290234,2352567769665,944
basic_appreq,2670394,2352570477513,944
basic_appreq,2699607,2352573211655,944
basic_appreq,2542398,2352575787651,944
basic_appreq,2465211,2352578289316,944
basic_appreq,1584238,2352579930029,944
basic_appreq,1945588,2352581916848,944
basic_appreq,2120850,2352584092186,944
basic_appreq,2199528,2352586338383,944
basic_appreq,2602583,2352588984324,944
basic_appreq,1840413,2352590873918,944
basic_appreq,2023750,2352592934548,944
basic_appreq,2518341,2352595503781,944
basic_appreq,2485596,2352598027329,944
basic_appreq,2228034,2352600302018,944
basic_appreq,1776476,2352602118472,944
basic_appreq,2910911,2352605060467,944
basic_appreq,1506521,2352606600061,944
basic_appreq,2396004,2352609027518,944
basic_appreq,2115505,2352611188260,944
basic_appreq,2083314,2352613309518,944
basic_appreq,1855231,2352615202287,944
basic_appreq,1738753,2352616975538,944
basic_appreq,2342745,2352619355792,944
basic_appreq,2754080,2352622141538,944
basic_appreq,2554346,2352624735875,944
basic_appreq,1948865,2352626726300,944
basic_appreq,1949807,2352628722985,944
basic_appreq,2157551,2352630918770,944
basic_appreq,2470556,2352633425244,944
basic_appreq,1753296,2352635217806,944
basic_appreq,2278601,2352637528599,944
basic_appreq,2673108,2352640236569,944
basic_appreq,1628274,2352641938733,944
basic_appreq,2218587,2352644197034,944
basic_appreq,1784154,2352646023096,944
basic_appreq,2858365,2352648916894,944
basic_appreq,2307961,2352651261853,944
basic_appreq,1642487,2352652960603,944
basic_appreq,2499817,2352655494968,944
basic_appreq,2208275,2352657737071,944
basic_appreq,1841276,2352659632972,944
basic_appreq,2448533,2352662115788,944
basic_appreq,1624386,2352663782282,944
basic_appreq,1899451,2352665714638,944
basic_appreq,2272670,2352668022380,944
basic_appreq,2279908,2352670346371,944
basic_appreq,1709902,2352672091965,944
basic_appreq,2273370,2352674401687,944
basic_appreq,2483904,2352676935063,944
basic_appreq,3066500,2352680042081,944
basic_appreq,2191436,2352682269959,944
basic_appreq,1709432,2352684041807,944
basic_appreq,2360697,2352686442202,944
basic_appreq,2446646,2352688928961,944
basic_appreq,2215012,2352691183038,944
basic_appreq,2061381,2352693282193,944
basic_appreq,2748816,2352696071009,944
basic_appreq,2258477,2352698365397,944
basic_appreq,2377484,2352700773586,944
basic_appreq,1691824,2352702504043,944
basic_appreq,2584650,2352705118393,944
basic_appreq,2122018,2352707286860,944
basic_appreq,2022232,2352709343946,944
basic_appreq,2932821,2352712309890,944
basic_appreq,2892817,2352715236434,944
basic_appreq,2671798,2352717942900,944
basic_appreq,2349540,2352720327119,944
basic_appreq,2945663,2352723312571,944
basic_appreq,2461263,2352725807587,944
basic_appreq,1611028,2352727484541,944
basic_appreq,2404485,2352729922587,944
basic_appreq,2074980,2352732034910,944
basic_appreq,2507186,2352734581968,944
basic_appreq,2250278,2352736865239,944
basic_appreq,2848929,2352739752349,944
basic_appreq,2384241,2352742171562,944
basic_appreq,2473991,2352744689556,944
basic_appreq,2705371,2352747432244,944
basic_appreq,2289990,2352749758699,944
basic_appreq,1657842,2352751490764,944
basic_appreq,2499303,2352754021904,944
basic_appreq,2050371,2352756113917,944
basic_appreq,2162726,2352758313546,944
basic_appreq,2406092,2352760751876,944
basic_appreq,2929302,2352763716609,944
basic_appreq,2326343,2352766076806,944
basic_appreq,2505764,2352768659454,944
basic_appreq,2965488,2352771663270,944
basic_appreq,2513807,2352774212173,944
basic_appreq,2283628,2352776534671,944
basic_appreq,3217773,2352779794800,944
basic_appreq,2876856,2352782707155,944
basic_appreq,2434353,2352785176696,944
basic_appreq,2557529,2352787767630,944
basic_appreq,2460135,2352790264886,944
basic_appreq,1628588,2352791959509,944
basic_appreq,2547047,2352794539805,944
basic_appreq,2555160,2352797173495,944
basic_appreq,2880559,2352800091097,944
basic_appreq,2451345,2352802579236,944
basic_appreq,2370066,2352804984492,944
basic_appreq,2251725,2352807270669,944
basic_appreq,2231335,2352809534485,944
basic_appreq,2209970,2352811778073,944
basic_appreq,2215810,2352814025470,944
basic_appreq,1822560,2352815925150,944
basic_appreq,2022921,2352817983142,944
basic_appreq,2312377,2352820344659,944
basic_appreq,2252352,2352822633663,944
basic_appreq,2425908,2352825095110,944
basic_appreq,2427519,2352827560842,944
basic_appreq,2608286,2352830221609,944
basic_appreq,3002357,2352833263177,944
basic_appreq,2690197,2352835987444,944
basic_appreq,2709737,2352838780690,944
basic_appreq,2679048,2352841497318,944
basic_appreq,2630025,2352844164085,944
basic_appreq,3133322,2352847333830,944
basic_appreq,2303255,2352849673316,944
basic_appreq,1857488,2352851569725,944
basic_appreq,1983756,2352853589462,944
basic_appreq,2522364,2352856149562,944
basic_appreq,2455123,2352858641897,944
basic_appreq,2369396,2352861041703,944
basic_appreq,2360141,2352863438063,944
basic_appreq,2368516,2352865837984,944
basic_appreq,1710279,2352867590583,944
basic_appreq,2402433,2352870024930,944
basic_appreq,2354395,2352872414814,944
basic_appreq,1960028,2352874412607,944
basic_appreq,3264314,2352877709635,944
basic_appreq,2228386,2352879981449,944
basic_appreq,2158116,2352882202342,944
basic_appreq,1678334,2352883927319,944
basic_appreq,2353760,2352886317659,944
basic_appreq,2077218,2352888433869,944
basic_appreq,2163572,2352890636785,944
basic_appreq,2914726,2352893585901,944
basic_appreq,2791137,2352896409700,944
basic_appreq,2396130,2352898839207,944
basic_appreq,2337345,2352901212933,944
basic_appreq,1762715,2352903059915,944
basic_appreq,2292547,2352905386363,944
basic_appreq,2408261,2352907833817,944
basic_appreq,2368272,2352910238149,944
basic_appreq,2010722,2352912284256,944
basic_appreq,2479949,2352914799448,944
basic_appreq,2917517,2352917747320,944
basic_appreq,2271962,2352920055266,944
basic_appreq,2251612,2352922345197,944
basic_appreq,2622962,2352925004001,944
basic_appreq,2608958,2352927653826,944
basic_appreq,2123842,2352929811492,944
basic_appreq,2013733,2352931867146,944
basic_appreq,2820886,2352934729022,944
basic_appreq,2310204,2352937074893,944
basic_appreq,2489461,2352939598173,944
basic_appreq,2466634,2352942100795,944
basic_appreq,2291032,2352944442283,944
basic_appreq,1854574,2352946335493,944
basic_appreq,2098373,2352948469754,944
basic_appreq,2581862,2352951088940,944
basic_appreq,2661240,2352953785162,944
basic_appreq,3056751,2352956880632,944
basic_appreq,2459068,2352959372928,944
basic_appreq,1610770,2352961032445,944
basic_appreq,2196280,2352963284255,944
basic_appreq,7925046,2352971241561,944
basic_appreq,2502245,2352973781104,944
basic_appreq,2293312,2352976110313,944
basic_appreq,2332850,2352978485132,944
basic_appreq,2695273,2352981216917,944
basic_appreq,2377425,2352983633964,944
basic_appreq,2673283,2352986343648,944
basic_appreq,2806666,2352989188377,944
basic_appreq,2763753,2352991987121,944
basic_appreq,2532618,2352994572429,944
basic_appreq,2585729,2352997191733,944
basic_appreq,2889994,2353000124702,944
basic_appreq,2680076,2353002846810,944
basic_appreq,2724761,2353005607314,944
basic_appreq,2745671,2353008393074,944
basic_appreq,2329665,2353010757500,944
basic_appreq,2444527,2353013239096,944
basic_appreq,2239454,2353015518227,944
basic_appreq,2294762,2353017849139,944
basic_appreq,2269420,2353020161150,944
basic_appreq,1777687,2353021976109,944
basic_appreq,2510184,2353024520457,944
basic_appreq,2714532,2353027268537,944
basic_appreq,2518725,2353029821892,944
basic_appreq,2628592,2353032492340,944
basic_appreq,1613034,2353034175429,944
basic_appreq,2041346,2353036253917,944
basic_appreq,2580760,2353038869921,944
basic_appreq,2364766,2353041271485,944
basic_appreq,2443032,2353043754316,944
basic_appreq,2275250,2353046066040,944
basic_appreq,1882816,2353047986238,944
basic_appreq,2513568,2353050558120,944
basic_appreq,2996725,2353053599186,944
basic_appreq,2759724,2353056408881,944
basic_appreq,1760522,2353058204290,944
basic_appreq,2388071,2353060621876,944
basic_appreq,2964375,2353063630052,944
basic_appreq,2824348,2353066487247,944
basic_appreq,2479716,2353069004746,944
basic_appreq,2209990,2353071280844,944
basic_appreq,2810897,2353074138423,944
basic_appreq,2687328,2353076867324,944
basic_appreq,2585267,2353079496781,944
basic_appreq,2811919,2353082345847,944
basic_appreq,2630694,2353085016021,944
basic_appreq,1758857,2353086838645,944
basic_appreq,2640659,2353089524028,944
basic_appreq,1720498,2353091307009,944
basic_appreq,2438225,2353093797936,944
basic_appreq,2302146,2353096138893,944
basic_appreq,1788071,2353097961916,944
basic_appreq,2259605,2353100254123,944
basic_appreq,2445869,2353102737737,944
basic_appreq,2815349,2353105588754,944
basic_appreq,2711857,2353108335991,944
basic_appreq,2288456,2353110658157,944
basic_appreq,2754722,2353113443951,944
basic_appreq,2818263,2353116296616,944
basic_appreq,2417285,2353118764519,944
basic_appreq,1688526,2353120489908,944
basic_appreq,2053916,2353122596962,944
basic_appreq,1911985,2353124555828,944
basic_appreq,1514348,2353126102078,944
basic_appreq,1214715,2353127339705,944
basic_appreq,2833802,2353130211649,944
basic_appreq,1637255,2353131876292,944
basic_appreq,2853066,2353134761478,944
basic_appreq,2119156,2353136918312,944
basic_appreq,2638863,2353139580760,944
basic_appreq,1611106,2353141214011,944
basic_appreq,2034963,2353143297862,944
basic_appreq,2571303,2353145892323,944
basic_appreq,1699098,2353147636483,944
basic_appreq,2701325,2353150379452,944
basic_appreq,2297257,2353152732421,944
basic_appreq,2391827,2353155170659,944
basic_appreq,2421340,2353157630669,944
basic_appreq,1874711,2353159537809,944
basic_appreq,2392064,2353161959601,944
basic_appreq,1616947,2353163629354,944
basic_appreq,2199503,2353165858015,944
basic_appreq,2366902,2353168256546,944
basic_appreq,2655376,2353170943832,944
basic_appreq,2151013,2353173131811,944
basic_appreq,2452007,2353175618618,944
basic_appreq,2545634,2353178201732,944
basic_appreq,1671569,2353179921978,944
basic_appreq,2364078,2353182326095,944
basic_appreq,2322625,2353184679019,944
basic_appreq,2704675,2353187426425,944
basic_appreq,2492994,2353189950925,944
basic_appreq,2786524,2353192780633,944
basic_appreq,2410171,2353195228949,944
basic_appreq,2992238,2353198289768,944
basic_appreq,2374711,2353200694908,944
basic_appreq,1710695,2353202453988,944
basic_appreq,2373499,2353204857659,944
basic_appreq,2422943,2353207310792,944
basic_appreq,2317782,2353209663302,944
basic_appreq,1772141,2353211477894,944
basic_appreq,2980721,2353214487261,944
basic_appreq,2516563,2353217034250,944
basic_appreq,3083814,2353220163609,944
basic_appreq,2712834,2353222918423,944
basic_appreq,2304912,2353225261080,944
basic_appreq,2488038,2353227779200,944
basic_appreq,2598054,2353230406350,944
basic_appreq,2568965,2353233005626,944
basic_appreq,2619779,2353235674111,944
basic_appreq,2754706,2353238458101,944
basic_appreq,2328039,2353240816718,944
basic_appreq,1814600,2353242673288,944
basic_appreq,2364145,2353245066208,944
basic_appreq,2417813,2353247518339,944
basic_appreq,1406976,2353248953469,944
basic_appreq,2355628,2353251342482,944
basic_appreq,2889785,2353254286861,944
basic_appreq,2768270,2353257086342,944
basic_appreq,2557044,2353259700772,944
basic_appreq,2802935,2353262533913,944
basic_appreq,3062151,2353265660085,944
basic_appreq,2069533,2353267769274,944
basic_appreq,2165870,2353269971282,944
basic_appreq,1583584,2353271586876,944
basic_appreq,1613501,2353273228842,944
basic_appreq,2103500,2353275362968,944
basic_appreq,2728613,2353278129430,944
basic_appreq,1684442,2353279846184,944
basic_appreq,2256616,2353282132398,944
basic_appreq,1620725,2353283791414,944
basic_appreq,2331899,2353286159159,944
basic_appreq,2315123,2353288513246,944
basic_appreq,2672303,2353291219005,944
basic_appreq,2585455,2353293843370,944
basic_appreq,1719122,2353295635864,944
basic_appreq,2196381,2353297868365,944
basic_appreq,2549274,2353300451919,944
basic_appreq,2687392,2353303168653,944
basic_appreq,2404051,2353305606270,944
basic_appreq,1794768,2353307437235,944
basic_appreq,2165261,2353309638207,944
basic_appreq,2978797,2353312655362,944
basic_appreq,2300998,2353314990669,944
basic_appreq,2495464,2353317514873,944
basic_appreq,2640670,2353320186245,944
basic_appreq,2675649,2353322893440,944
basic_appreq,2698061,2353325621099,944
basic_appreq,2439224,2353328099772,944
basic_appreq,2983674,2353331153335,944
basic_appreq,2225338,2353333424961,944
basic_appreq,2861944,2353336318747,944
basic_appreq,2064400,2353338421915,944
basic_appreq,1773226,2353340223172,944
basic_appreq,1549465,2353341819724,944
basic_appreq,2437596,2353344291590,944
basic_appreq,2357249,2353346678074,944
basic_appreq,2041705,2353348756104,944
basic_appreq,2468036,2353351263708,944
basic_appreq,1551060,2353352892097,944
basic_appreq,2246703,2353355168653,944
basic_appreq,1676406,2353356873019,944
basic_appreq,2181908,2353359091717,944
basic_appreq,1741385,2353360862435,944
basic_appreq,2275142,2353363174059,944
basic_appreq,2406928,2353365609204,944
basic_appreq,3041699,2353368688949,944
basic_appreq,2632553,2353371364417,944
basic_appreq,2665895,2353374060644,944
basic_appreq,2420839,2353376521466,944
basic_appreq,2980786,2353379541169,944
basic_appreq,2630129,2353382207973,944
basic_appreq,2398151,2353384641749,944
basic_appreq,1674580,2353386348442,944
basic_appreq,2354922,2353388738489,944
basic_appreq,2576290,2353391346517,944
basic_appreq,2452233,2353393826413,944
basic_appreq,2504320,2353396368558,944
basic_appreq,1604022,2353398003556,944
basic_appreq,2628680,2353400667689,944
basic_appreq,1405660,2353402129120,944
basic_appreq,2207123,2353404370713,944
basic_appreq,1709540,2353406108729,944
basic_appreq,2361869,2353408505799,944
basic_appreq,2216779,2353410752186,944
basic_appreq,2265121,2353413087723,944
basic_appreq,1705024,2353414823757,944
basic_appreq,2336875,2353417190131,944
basic_appreq,2157664,2353419389796,944
basic_appreq,2185298,2353421602362,944
basic_appreq,2542379,2353424173592,944
basic_appreq,2243071,2353426452256,944
basic_appreq,2537422,2353429027359,944
basic_appreq,2045929,2353431114983,944
basic_appreq,2908041,2353434083667,944
basic_appreq,3064591,2353437180223,944
basic_appreq,2359817,2353439574102,944
basic_appreq,1753393,2353441356705,944
basic_appreq,2392872,2353443779032,944
basic_appreq,2297348,2353446112831,944
basic_appreq,1955499,2353448105920,944
basic_appreq,2266201,2353450406736,944
basic_appreq,3128197,2353453564003,944
basic_appreq,2266709,2353455862895,944
basic_appreq,1762657,2353457661769,944
basic_appreq,2079770,2353459770190,944
basic_appreq,1855226,2353461653000,944
basic_appreq,2829050,2353464510644,944
basic_appreq,2469669,2353467010499,944
basic_appreq,2806439,2353469844011,944
basic_appreq,2457133,2353472335589,944
basic_appreq,3147838,2353475521365,944
basic_appreq,2288091,2353477837609,944
basic_appreq,3009819,2353480889414,944
basic_appreq,2914278,2353483835732,944
basic_appreq,2605153,2353486468729,944
basic_appreq,2580448,2353489081923,944
basic_appreq,2577720,2353491694850,944
basic_appreq,2236371,2353493967641,944
basic_appreq,2024868,2353496029767,944
basic_appreq,1843049,2353497912043,944
basic_appreq,2669864,2353500610472,944
basic_appreq,2869125,2353503518903,944
basic_appreq,2613157,2353506159837,944
basic_appreq,2984987,2353509182582,944
basic_appreq,2445751,2353511670784,944
basic_appreq,2529518,2353514237974,944
basic_appreq,2829411,2353517099621,944
basic_appreq,2466645,2353519598244,944
basic_appreq,2682496,2353522315677,944
basic_appreq,2510343,2353524862686,944
basic_appreq,2182106,2353527114445,944
basic_appreq,2924849,2353530068817,944
basic_appreq,2723413,2353532832822,944
basic_appreq,2460768,2353535324128,944
basic_appreq,2553435,2353537905886,944
basic_appreq,2595245,2353540569248,944
basic_appreq,1559737,2353542162207,944
basic_appreq,1677766,2353543867871,944
basic_appreq,2564462,2353546459955,944
basic_appreq,2902547,2353549395706,944
basic_appreq,2226923,2353551663180,944
basic_appreq,2257540,2353553960175,944
basic_appreq,2275838,2353556268626,944
basic_appreq,1596875,2353557930093,944
basic_appreq,2534008,2353560499946,944
basic_appreq,2526191,2353563060146,944
basic_appreq,1683930,2353564777753,944
basic_appreq,2569460,2353567383819,944
basic_appreq,2731819,2353570145819,944
basic_appreq,2590581,2353572767842,944
basic_appreq,1634887,2353574442677,944
basic_appreq,2183442,2353576661417,944
basic_appreq,2361736,2353579052162,944
basic_appreq,1773533,2353580853631,944
basic_appreq,2350685,2353583244599,944
basic_appreq,1593981,2353584873675,944
basic_appreq,2410810,2353587325594,944
basic_appreq,2255203,2353589608582,944
basic_appreq,2240421,2353591891200,944
basic_appreq,2327153,2353594246075,944
basic_appreq,2694896,2353596985077,944
basic_appreq,2289067,2353599303764,944
basic_appreq,2375419,2353601708055,944
basic_appreq,2330309,2353604068635,944
basic_appreq,2472258,2353606579705,944
basic_appreq,1888463,2353608501813,944
basic_appreq,2216706,2353610747296,944
basic_appreq,2145940,2353612970097,944
basic_appreq,1795930,2353614798580,944
basic_appreq,2861916,2353617699915,944
basic_appreq,2618709,2353620366422,944
basic_appreq,2612480,2353623015514,944
basic_appreq,2754850,2353625801729,944
basic_appreq,2363790,2353628198632,944
basic_appreq,2503810,2353630738800,944
basic_appreq,2269097,2353633040409,944
basic_appreq,2892957,2353635971379,944
basic_appreq,2624412,2353638658350,944
basic_appreq,2692243,2353641383672,944
basic_appreq,1645223,2353643094641,944
basic_appreq,2463848,2353645605820,944
basic_appreq,2515455,2353648160176,944
basic_appreq,2167813,2353650367731,944
basic_appreq,2167801,2353652569475,944
basic_appreq,2490231,2353655099760,944
basic_appreq,3032462,2353658171335,944
basic_appreq,2507456,2353660714740,944
basic_appreq,2051814,2353662816322,944
basic_appreq,1990094,2353664860911,944
basic_appreq,2169091,2353667069760,944
basic_appreq,2342519,2353669446972,944
basic_appreq,1905906,2353671390135,944
basic_appreq,2631848,2353674052096,944
basic_appreq,2364037,2353676449895,944
basic_appreq,2566946,2353679050180,944
basic_appreq,2903904,2353681987266,944
basic_appreq,2443999,2353684467420,944
basic_appreq,2548131,2353687052116,944
basic_appreq,2746306,2353689832828,944
basic_appreq,2917210,2353692795205,944
basic_appreq,2343848,2353695174576,944
basic_appreq,2778381,2353697992594,944
basic_appreq,2355681,2353700385202,944
basic_appreq,2446149,2353702903290,944
basic_appreq,2767191,2353705707042,944
basic_appreq,6000580,2353711751522,944
basic_appreq,2601266,2353714392453,944
basic_appreq,2625300,2353717071250,944
basic_appreq,2382896,2353719491174,944
basic_appreq,1739650,2353721264604,944
basic_appreq,2495831,2353723796839,944
basic_appreq,2875967,2353726751701,944
basic_appreq,2039845,2353728833404,944
basic_appreq,1925548,2353730798219,944
basic_appreq,2453730,2353733287866,944
basic_appreq,2783601,2353736116188,944
basic_appreq,2520075,2353738672782,944
basic_appreq,2414588,2353741120803,944
basic_appreq,2925624,2353744085030,944
basic_appreq,2195901,2353746317932,944
basic_appreq,2723349,2353749079583,944
basic_appreq,2748057,2353751867704,944
basic_appreq,2657484,2353754560183,944
basic_appreq,2590935,2353757189972,944
basic_appreq,2816265,2353760039815,944
basic_appreq,2693064,2353762770417,944
basic_appreq,2770481,2353765577584,944
basic_appreq,3169105,2353768782521,944
basic_appreq,2938931,2353771756738,944
basic_appreq,2623025,2353774413959,944
basic_appreq,1622766,2353776112959,944
basic_appreq,2175829,2353778327263,944
basic_appreq,2074735,2353780435691,944
basic_appreq,2322403,2353782793750,944
basic_appreq,2338560,2353785202370,944
basic_appreq,1888587,2353787134037,944
basic_appreq,2277625,2353789446823,944
basic_appreq,2163903,2353791648943,944
basic_appreq,2267765,2353793963836,944
basic_appreq,2725472,2353796726820,944
basic_appreq,2419125,2353799179278,944
basic_appreq,1648460,2353800885690,944
basic_appreq,2467609,2353803390522,944
basic_appreq,2124866,2353805548397,944
basic_appreq,1974680,2353807557906,944
basic_appreq,2094360,2353809685426,944
basic_appreq,2406445,2353812131807,944
basic_appreq,2744965,2353814911503,944
basic_appreq,2968688,2353817914083,944
basic_appreq,2398525,2353820349251,944
basic_appreq,1612296,2353822002029,944
basic_appreq,1669198,2353823704246,944
basic_appreq,2667453,2353826404757,944
basic_appreq,3064945,2353829506998,944
basic_appreq,2392539,2353831934940,944
basic_appreq,2594225,2353834582364,944
basic_appreq,2755502,2353837372004,944
basic_appreq,2054929,2353839462601,944
basic_appreq,2445969,2353841940266,944
basic_appreq,3066887,2353845071555,944
basic_appreq,2655995,2353847768057,944
basic_appreq,2719812,2353850521113,944
basic_appreq,2245317,2353852803896,944
basic_appreq,2463089,2353855321486,944
basic_appreq,2458820,2353857815509,944
basic_appreq,2469761,2353860323462,944
basic_appreq,2656647,2353863018805,944
basic_appreq,2974569,2353866028736,944
basic_appreq,2213289,2353868278108,944
basic_appreq,1739496,2353870057600,944
basic_appreq,2286722,2353872380006,944
basic_appreq,2650952,2353875075459,944
basic_appreq,2589335,2353877714615,944
basic_appreq,2735030,2353880488564,944
basic_appreq,2601626,2353883126629,944
basic_appreq,2255757,2353885415663,944
basic_appreq,1727151,2353887178614,944
basic_appreq,2323528,2353889533630,944
basic_appreq,2310547,2353891877347,944
basic_appreq,2759791,2353894669658,944
basic_appreq,1700629,2353896409911,944
basic_appreq,2647458,2353899091111,944
basic_appreq,2385091,2353901515681,944
basic_appreq,2830987,2353904398498,944
basic_appreq,2381133,2353906816563,944
basic_appreq,1529177,2353908379943,944
basic_appreq,2223039,2353910640773,944
basic_appreq,2794072,2353913470160,944
basic_appreq,2149507,2353915658658,944
basic_appreq,1827251,2353917521429,944
basic_appreq,2557406,2353920119602,944
basic_appreq,2366635,2353922520732,944
basic_appreq,2281093,2353924847309,944
basic_appreq,2531329,2353927412848,944
basic_appreq,1834865,2353929297911,944
basic_appreq,2196956,2353931531762,944
basic_appreq,1595679,2353933160665,944
basic_appreq,1512004,2353934709576,944
basic_appreq,2150160,2353936895407,944
basic_appreq,1603467,2353938576542,944
basic_appreq,1934047,2353940545827,944
basic_appreq,2125968,2353942707059,944
basic_appreq,2651842,2353945391396,944
basic_appreq,2603165,2353948031426,944
basic_appreq,2583579,2353950648511,944
basic_appreq,1619358,2353952320029,944
basic_appreq,2312406,2353954673378,944
basic_appreq,2092111,2353956801226,944
basic_appreq,2199147,2353959041515,944
basic_appreq,2814356,2353961890243,944
basic_appreq,2569123,2353964500531,944
basic_appreq,2414737,2353966948142,944
basic_appreq,2738119,2353969721299,944
basic_appreq,2562199,2353972327694,944
basic_appreq,1754786,2353974153973,944
basic_appreq,2752359,2353976940229,944
basic_appreq,2423757,2353979399968,944
basic_appreq,2585403,2353982018491,944
basic_appreq,2482469,2353984536486,944
basic_appreq,2647821,2353987220197,944
basic_appreq,2321327,2353989576364,944
basic_appreq,2525493,2353992138244,944
basic_appreq,2744483,2353994969318,944
basic_appreq,1818452,2353996819101,944
basic_appreq,2176044,2353999033899,944
basic_appreq,2306118,2354001370202,944
basic_appreq,2236421,2354003638090,944
basic_appreq,2102515,2354005771084,944
basic_appreq,2358554,2354008164238,944
basic_appreq,1990201,2354010190555,944
basic_appreq,2192812,2354012427249,944
basic_appreq,3090053,2354015598673,944
basic_appreq,2340612,2354017979717,944
basic_appreq,3059372,2354021095496,944
basic_appreq,2776754,2354023909420,944
basic_appreq,2427903,2354026369249,944
basic_appreq,2400106,2354028804017,944
basic_appreq,2028824,2354030868329,944
basic_appreq,2473119,2354033390469,944
basic_appreq,2193231,2354035619647,944
basic_appreq,1717489,2354037373207,944
basic_appreq,2416526,2354039848312,944
basic_appreq,2158810,2354042038039,944
basic_appreq,2511686,2354044591476,944
basic_appreq,2783233,2354047452716,944
basic_appreq,2473032,2354049958217,944
basic_appreq,2478502,2354052471752,944
basic_appreq,2245332,2354054794559,944
basic_appreq,2208126,2354057039439,944
basic_appreq,2688440,2354059771959,944
basic_appreq,2558587,2354062362476,944
basic_appreq,1546803,2354063981085,944
basic_appreq,1773260,2354065807927,944
basic_appreq,2535500,2354068376753,944
basic_appreq,2483779,2354070900003,944
basic_appreq,2910097,2354073845179,944
basic_appreq,2705224,2354076589214,944
basic_appreq,2938537,2354079562259,944
basic_appreq,2890258,2354082484628,944
basic_appreq,2203613,2354084734562,944
basic_appreq,2295963,2354087063542,944
basic_appreq,1691200,2354088785688,944
basic_appreq,2439372,2354091260453,944
basic_appreq,1766780,2354093060414,944
basic_appreq,2240894,2354095337633,944
basic_appreq,2864156,2354098235190,944
basic_appreq,2748769,2354101020123,944
basic_appreq,2316401,2354103371291,944
basic_appreq,1733540,2354105155587,944
basic_appreq,2249250,2354107439568,944
basic_appreq,2569636,2354110043425,944
basic_appreq,2785769,2354112876890,944
basic_appreq,2771307,2354115686159,944
basic_appreq,2590920,2354118313322,944
basic_appreq,1904770,2354120262953,944
basic_appreq,1936684,2354122231571,944
basic_appreq,3015120,2354125281638,944
basic_appreq,2204123,2354127519846,944
basic_appreq,2770876,2354130374386,944
basic_appreq,2599253,2354133007806,944
basic_appreq,2614880,2354135666402,944
basic_appreq,2337142,2354138036327,944
basic_appreq,1448868,2354139525680,944
basic_appreq,2309715,2354141869198,944
basic_appreq,2527374,2354144434884,944
basic_appreq,1652080,2354146126188,944
basic_appreq,2551624,2354148709663,944
basic_appreq,2602599,2354151346739,944
basic_appreq,2404339,2354153785957,944
basic_appreq,2133845,2354155994163,944
basic_appreq,1702001,2354157762084,944
basic_appreq,2470752,2354160268629,944
basic_appreq,1638911,2354161947730,944
basic_appreq,2287103,2354164281950,944
basic_appreq,2236932,2354166554292,944
basic_appreq,2269580,2354168854333,944
basic_appreq,2106886,2354170999708,944
basic_appreq,2634474,2354173671152,944
basic_appreq,2782334,2354176486038,944
basic_appreq,2100866,2354178630235,944
basic_appreq,3050275,2354181736182,944
basic_appreq,2353410,2354184154576,944
basic_appreq,1816211,2354186047409,944
basic_appreq,2208149,2354188295915,944
basic_appreq,2339607,2354190679184,944
basic_appreq,2025199,2354192739849,944
basic_appreq,2077529,2354194850142,944
basic_appreq,3057678,2354197939118,944
basic_appreq,2501580,2354200477729,944
basic_appreq,2968517,2354203478725,944
basic_appreq,2262422,2354205775845,944
basic_appreq,2495611,2354208312738,944
basic_appreq,2333953,2354210690163,944
basic_appreq,2879844,2354213607557,944
basic_appreq,2609075,2354216252362,944
basic_appreq,1633545,2354217926125,944
basic_appreq,2456120,2354220426373,944
basic_appreq,2351887,2354222831953,944
basic_appreq,1741301,2354224616775,944
basic_appreq,2118997,2354226823454,944
basic_appreq,2047038,2354228922786,944
basic_appreq,2125708,2354231095202,944
basic_appreq,2545902,2354233680727,944
basic_appreq,1907868,2354235630378,944
basic_appreq,2273417,2354237935095,944
basic_appreq,2582736,2354240564254,944
basic_appreq,2896323,2354243493309,944
basic_appreq,2611692,2354246136158,944
basic_appreq,2284839,2354248464996,944
basic_appreq,1872660,2354250377042,944
basic_appreq,2788861,2354253198216,944
basic_appreq,2635375,2354255876095,944
basic_appreq,2938608,2354258858849,944
basic_appreq,2530866,2354261429314,944
basic_appreq,1896112,2354263373478,944
basic_appreq,2216195,2354265632594,944
basic_appreq,2276569,2354267948427,944
basic_appreq,2562663,2354270541355,944
basic_appreq,2147800,2354272728995,944
basic_appreq,2073877,2354274838516,944
basic_appreq,2735046,2354277606824,944
basic_appreq,2255845,2354279903384,944
basic_appreq,2893216,2354282832833,944
basic_appreq,2783379,2354285651496,944
basic_appreq,2584229,2354288270698,944
basic_appreq,3075443,2354291388628,944
basic_appreq,2372069,2354293793417,944
basic_appreq,1542871,2354295378004,944
basic_appreq,2528821,2354297942446,944
basic_appreq,2125854,2354300112979,944
basic_appreq,1783109,2354301938474,944
basic_appreq,3004663,2354304978771,944
basic_appreq,2503563,2354307520383,944
basic_appreq,2232503,2354309788701,944
basic_appreq,1614144,2354311458026,944
basic_appreq,2352247,2354313848333,944
basic_appreq,2170152,2354316066908,944
basic_appreq,1731857,2354317837602,944
basic_appreq,1649882,2354319526750,944
basic_appreq,2468976,2354322053710,944
basic_appreq,2113006,2354324209884,944
basic_appreq,2171954,2354326420545,944
basic_appreq,2639761,2354329092689,944
basic_appreq,2677143,2354331806320,944
basic_appreq,2157771,2354333997036,944
basic_appreq,2897837,2354336941726,944
basic_appreq,2296639,2354339277318,944
basic_appreq,2843112,2354342155394,944
basic_appreq,2358752,2354344548422,944
basic_appreq,1634640,2354346252410,944
basic_appreq,2137398,2354348422452,944
basic_appreq,2380576,2354350838087,944
basic_appreq,2281270,2354353154939,944
basic_appreq,3363418,2354356577771,944
basic_appreq,2768341,2354359399594,944
basic_appreq,2593458,2354362032189,944
basic_appreq,2239443,2354364306341,944
basic_appreq,2368957,2354366720491,944
basic_appreq,2262440,2354369062751,944
basic_appreq,1810477,2354370915363,944
basic_appreq,2290881,2354373236419,944
basic_appreq,1803049,2354375073948,944
basic_appreq,2857875,2354377967682,944
basic_appreq,2269545,2354380274452,944
basic_appreq,2900099,2354383224558,944
basic_appreq,2323678,2354385584610,944
basic_appreq,1674562,2354387329393,944
basic_appreq,2343907,2354389716330,944
basic_appreq,2162847,2354391923446,944
basic_appreq,2633981,2354394610212,944
basic_appreq,2397380,2354397047515,944
basic_appreq,2482042,2354399565754,944
basic_appreq,2570117,2354402169523,944
basic_appreq,2339746,2354404546681,944
basic_appreq,2432464,2354407018816,944
basic_appreq,2074450,2354409128110,944
basic_appreq,2401512,2354411565888,944
basic_appreq,2511194,2354414114831,944
basic_appreq,2789903,2354416942718,944
basic_appreq,2462237,2354419440577,944
basic_appreq,2341950,2354421816000,944
basic_appreq,2255380,2354424108430,944
basic_appreq,1791185,2354425941976,944
basic_appreq,3057973,2354429035043,944
basic_appreq,2092113,2354431163351,944
basic_appreq,1599438,2354432830470,944
basic_appreq,2383254,2354435246060,944
basic_appreq,2086547,2354437362327,944
basic_appreq,2024687,2354439423219,944
basic_appreq,2290667,2354441746446,944
basic_appreq,2536478,2354444323263,944
basic_appreq,3127879,2354447487204,944
basic_appreq,2272224,2354449792499,944
basic_appreq,3173817,2354453026967,944
basic_appreq,2741293,2354455808382,944
basic_appreq,2377896,2354458224379,944
basic_appreq,2914129,2354461178171,944
basic_appreq,3134425,2354464353733,944
basic_appreq,2503884,2354466895575,944
basic_appreq,2621036,2354469551221,944
basic_appreq,3018731,2354472608498,944
basic_appreq,2509928,2354475164873,944
basic_appreq,2766474,2354477967422,944
basic_appreq,2109297,2354480114968,944
basic_appreq,2545792,2354482701638,944
basic_appreq,2107676,2354484844696,944
basic_appreq,2505487,2354487405786,944
basic_appreq,2470378,2354489910828,944
basic_appreq,2445671,2354492389303,944
basic_appreq,1573675,2354493995043,944
basic_appreq,2134869,2354496162954,944
basic_appreq,1753447,2354497956624,944
basic_appreq,1698614,2354499692662,944
basic_appreq,2433640,2354502161640,944
basic_appreq,2099607,2354504297269,944
basic_appreq,2140824,2354506475365,944
basic_appreq,3310575,2354509822669,944
basic_appreq,2561051,2354512421479,944
basic_appreq,1960068,2354514419241,944
basic_appreq,2380324,2354516833932,944
basic_appreq,2486522,2354519355837,944
basic_appreq,2543886,2354521949501,944
basic_appreq,3112567,2354525099512,944
basic_appreq,2328872,2354527465119,944
basic_appreq,2830596,2354530330176,944
basic_appreq,2405589,2354532774513,944
basic_appreq,2710326,2354535535386,944
basic_appreq,2556388,2354538131760,944
basic_appreq,2437015,2354540616554,944
basic_appreq,2299570,2354542989168,944
basic_appreq,3106692,2354546132875,944
basic_appreq,2749409,2354548914357,944
basic_appreq,2894860,2354551842489,944
basic_appreq,2232790,2354554108827,944
basic_appreq,1669854,2354555818480,944
basic_appreq,2035138,2354557896992,944
basic_appreq,2496015,2354560433986,944
basic_appreq,2410665,2354562884253,944
basic_appreq,2866961,2354565789942,944
basic_appreq,2279133,2354568105761,944
basic_appreq,3384743,2354571535455,944
basic_appreq,2339670,2354573909400,944
basic_appreq,1828108,2354575790507,944
basic_appreq,1993762,2354577822271,944
basic_appreq,2310875,2354580170389,944
basic_appreq,2455112,2354582666508,944
basic_appreq,2782586,2354585487907,944
basic_appreq,2566755,2354588094193,944
basic_appreq,2204874,2354590337970,944
basic_appreq,2952025,2354593331493,944
basic_appreq,2446253,2354595816352,944
basic_appreq,2320265,2354598172199,944
basic_appreq,2427025,2354600648626,944
basic_appreq,2307091,2354602989440,944
basic_appreq,2588376,2354605612257,944
basic_appreq,2292281,2354607938516,944
basic_appreq,3039788,2354611074835,944
basic_appreq,2384994,2354613496541,944
basic_appreq,2935007,2354616487464,944
basic_appreq,2761100,2354619284251,944
basic_appreq,2629652,2354621946860,944
basic_appreq,2452902,2354624435751,944
basic_appreq,1641264,2354626114113,944
basic_appreq,2300406,2354628448140,944
basic_appreq,2520401,2354631003309,944
basic_appreq,1392617,2354632431151,944
basic_appreq,3216055,2354635686335,944
basic_appreq,2754514,2354638475124,944
basic_appreq,2058136,2354640570066,944
basic_appreq,2574549,2354643218235,944
basic_appreq,2275846,2354645530709,944
basic_appreq,2998637,2354648569023,944
basic_appreq,2234219,2354650837169,944
basic_appreq,2253135,2354653122034,944
basic_appreq,1687988,2354654867832,944
basic_appreq,2362585,2354657267073,944
basic_appreq,2237246,2354659557009,944
basic_appreq,2177976,2354661771721,944
basic_appreq,2403100,2354664212037,944
basic_appreq,2055418,2354666309160,944
basic_appreq,2049498,2354668397120,944
basic_appreq,2619398,2354671058728,944
basic_appreq,2542738,2354673638704,944
basic_appreq,2473322,2354676153439,944
basic_appreq,2187887,2354678380999,944
basic_appreq,1878365,2354680296320,944
basic_appreq,2176615,2354682521320,944
basic_appreq,2232538,2354684785981,944
basic_appreq,2308358,2354687130840,944
basic_appreq,2252959,2354689415498,944
basic_appreq,1774761,2354691229207,944
basic_appreq,2058138,2354693319387,944
basic_appreq,2361614,2354695718584,944
basic_appreq,2377506,2354698127770,944
basic_appreq,2560991,2354700725915,944
basic_appreq,1881255,2354702659790,944
basic_appreq,2084688,2354704779286,944
basic_appreq,2336768,2354707154243,944
basic_appreq,2906722,2354710095993,944
basic_appreq,2171558,2354712299894,944
basic_appreq,2454642,2354714793801,944
basic_appreq,2405653,2354717234923,944
basic_appreq,2180778,2354719456795,944
basic_appreq,2844702,2354722332852,944
basic_appreq,2808057,2354725176491,944
basic_appreq,2866771,2354728081909,944
basic_appreq,2715287,2354730836729,944
basic_appreq,2917240,2354733788794,944
basic_appreq,2479104,2354736308850,944
basic_appreq,2850014,2354739205835,944
basic_appreq,2492123,2354741734799,944
basic_appreq,2758727,2354744545655,944
basic_appreq,2632911,2354747221829,944
basic_appreq,2317029,2354749573742,944
basic_appreq,6446214,2354756099658,944
basic_appreq,2693705,2354758837948,944
basic_appreq,2960374,2354761842014,944
basic_appreq,2218986,2354764102406,944
basic_appreq,1701521,2354765849210,944
basic_appreq,2497592,2354768390153,944
basic_appreq,2526547,2354770997113,944
basic_appreq,2417327,2354773453018,944
basic_appreq,1613319,2354775146022,944
basic_appreq,2486391,2354777663200,944
basic_appreq,1794723,2354779493452,944
basic_appreq,2323924,2354781850133,944
basic_appreq,3010197,2354784900328,944
basic_appreq,2448276,2354787386398,944
basic_appreq,1667301,2354789093927,944
basic_appreq,2213535,2354791365687,944
basic_appreq,2295811,2354793704241,944
basic_appreq,2549277,2354796293418,944
basic_appreq,2537194,2354798871171,944
basic_appreq,2381087,2354801290045,944
basic_appreq,2713277,2354804039801,944
basic_appreq,2515938,2354806590614,944
basic_appreq,2544741,2354809171294,944
basic_appreq,1530570,2354810775898,944
basic_appreq,1882529,2354812688854,944
basic_appreq,2483376,2354815227540,944
basic_appreq,2447360,2354817716470,944
basic_appreq,2324398,2354820078556,944
basic_appreq,2036872,2354822154390,944
basic_appreq,2585785,2354824782799,944
basic_appreq,2792481,2354827611875,944
basic_appreq,2823503,2354830471297,944
basic_appreq,2699863,2354833210914,944
basic_appreq,2352675,2354835606203,944
basic_appreq,2955496,2354838609747,944
basic_appreq,2489240,2354841138550,944
basic_appreq,2395195,2354843579583,944
basic_appreq,2995923,2354846620284,944
basic_appreq,2749692,2354849414945,944
basic_appreq,2320027,2354851778886,944
basic_appreq,1746688,2354853560833,944
basic_appreq,2264132,2354855864950,944
basic_appreq,2254027,2354858152056,944
basic_appreq,2276486,2354860467527,944
basic_appreq,2559395,2354863063307,944
basic_appreq,2676110,2354865774902,944
basic_appreq,2821125,2354868633338,944
basic_appreq,2321495,2354870991263,944
basic_appreq,2352474,2354873377647,944
basic_appreq,2952119,2354876391049,944
basic_appreq,2190210,2354878619573,944
basic_appreq,2921500,2354881618240,944
basic_appreq,2570832,2354884230166,944
basic_appreq,2474532,2354886744218,944
basic_appreq,2553898,2354889332978,944
basic_appreq,2902368,2354892274295,944
basic_appreq,2519591,2354894831517,944
basic_appreq,2534053,2354897452230,944
basic_appreq,2942404,2354900443088,944
basic_appreq,2517971,2354903001360,944
basic_appreq,2874069,2354905915663,944
basic_appreq,2428081,2354908384886,944
basic_appreq,2843088,2354911297819,944
basic_appreq,2554104,2354913896717,944
basic_appreq,3138059,2354917119520,944
basic_appreq,2376040,2354919533569,944
basic_appreq,2561015,2354922134694,944
basic_appreq,3141177,2354925344354,944
basic_appreq,2283542,2354927662894,944
basic_appreq,2737464,2354930431407,944
basic_appreq,2709910,2354933177927,944
basic_appreq,2569290,2354935779181,944
basic_appreq,2694935,2354938504978,944
basic_appreq,2313126,2354940860355,944
basic_appreq,2575142,2354943478920,944
basic_appreq,2427136,2354945942884,944
basic_appreq,2464750,2354948471538,944
basic_appreq,2760531,2354951292499,944
basic_appreq,2394543,2354953723075,944
basic_appreq,2931815,2354956729617,944
basic_appreq,1640795,2354958447914,944
basic_appreq,2537652,2354961024408,944
basic_appreq,2190981,2354963260231,944
basic_appreq,2403056,2354965700191,944
basic_appreq,2381595,2354968128402,944
basic_appreq,2148740,2354970320956,944
basic_appreq,2902818,2354973314033,944
basic_appreq,2602107,2354975949880,944
basic_appreq,2951475,2354978944027,944
basic_appreq,2694599,2354981674904,944
basic_appreq,1651401,2354983394059,944
basic_appreq,2295537,2354985730383,944
basic_appreq,2004570,2354987793213,944
basic_appreq,2335031,2354990169738,944
basic_appreq,2291653,2354992507077,944
basic_appreq,1715992,2354994274005,944
basic_appreq,2132798,2354996442830,944
basic_appreq,2049889,2354998541425,944
basic_appreq,2418394,2355000992755,944
basic_appreq,2568032,2355003594682,944
basic_appreq,2716279,2355006344827,944
basic_appreq,2299388,2355008680765,944
basic_appreq,1624877,2355010374667,944
basic_appreq,2468375,2355012877050,944
basic_appreq,2264529,2355015177102,944
basic_appreq,2770856,2355017982143,944
basic_appreq,2684663,2355020701746,944
basic_appreq,2486014,2355023226504,944
basic_appreq,3314851,2355026579227,944
basic_appreq,2642823,2355029260236,944
basic_appreq,2531290,2355031830802,944
basic_appreq,2641239,2355034516398,944
basic_appreq,2385789,2355036951537,944
basic_appreq,2029574,2355039017643,944
basic_appreq,2749167,2355041805935,944
basic_appreq,2063875,2355043908383,944
basic_appreq,1667031,2355045613939,944
basic_appreq,2512315,2355048169569,944
basic_appreq,2417329,2355050634609,944
basic_appreq,2152233,2355052828185,944
basic_appreq,2272485,2355055144950,944
basic_appreq,2652410,2355057830434,944
basic_appreq,2505155,2355060371874,944
basic_appreq,2549860,2355062959290,944
basic_appreq,2631381,2355065626323,944
basic_appreq,2508700,2355068175611,944
basic_appreq,2217528,2355070430521,944
basic_appreq,3072997,2355073544077,944
basic_appreq,2405908,2355075986231,944
basic_appreq,1527964,2355077602913,944
basic_appreq,2224789,2355079867026,944
basic_appreq,2104061,2355082006512,944
basic_appreq,2000424,2355084039364,944
basic_appreq,2051728,2355086135177,944
basic_appreq,1896835,2355088062275,944
basic_appreq,2411164,2355090512406,944
basic_appreq,2370416,2355092916004,944
basic_appreq,2481899,2355095434185,944
basic_appreq,3087205,2355098576147,944
basic_appreq,2380774,2355100991676,944
basic_appreq,1554003,2355102611922,944
basic_appreq,2323689,2355104971705,944
basic_appreq,2267950,2355107278691,944
basic_appreq,2213566,2355109526565,944
basic_appreq,2511276,2355112073595,944
basic_appreq,2566681,2355114695422,944
basic_appreq,2666752,2355117392553,944
basic_appreq,2214630,2355119643566,944
basic_appreq,2508709,2355122187526,944
basic_appreq,2645888,2355124871614,944
basic_appreq,2919173,2355127825474,944
basic_appreq,2737691,2355130597201,944
basic_appreq,3007994,2355133642188,944
basic_appreq,2306480,2355135990322,944
basic_appreq,2527380,2355138602314,944
basic_appreq,2882940,2355141526414,944
basic_appreq,2577549,2355144152096,944
basic_appreq,2407100,2355146594233,944
basic_appreq,2145251,2355148772159,944
basic_appreq,2470614,2355151276283,944
basic_appreq,2410053,2355153726096,944
basic_appreq,2038159,2355155796771,944
basic_appreq,2766752,2355158593526,944
basic_appreq,2279651,2355160907121,944
basic_appreq,1729570,2355162678562,944
basic_appreq,2985485,2355165694862,944
basic_appreq,2948524,2355168679650,944
basic_appreq,2227549,2355170946840,944
basic_appreq,2311830,2355173290825,944
basic_appreq,2154481,2355175490998,944
basic_appreq,2576353,2355178101546,944
basic_appreq,1772563,2355179907752,944
basic_appreq,2354255,2355182298032,944
basic_appreq,2485890,2355184824550,944
basic_appreq,2289378,2355187153909,944
basic_appreq,2237757,2355189428372,944
basic_appreq,2629925,2355192097899,944
basic_appreq,2780991,2355194916032,944
basic_appreq,2111375,2355197062900,944
basic_appreq,2291611,2355199393485,944
basic_appreq,2030282,2355201459775,944
basic_appreq,2133729,2355203625400,944
basic_appreq,2050925,2355205720252,944
basic_appreq,2270686,2355208029792,944
basic_appreq,2888868,2355210959305,944
basic_appreq,2086862,2355213086933,944
basic_appreq,2134805,2355215267559,944
basic_appreq,1752076,2355217062709,944
basic_appreq,2260522,2355219370450,944
basic_appreq,2541369,2355221948459,944
basic_appreq,2161080,2355224163756,944
basic_appreq,1920035,2355226120392,944
basic_appreq,2681289,2355228836745,944
basic_appreq,2021156,2355230895988,944
basic_appreq,2244013,2355233177314,944
basic_appreq,2151413,2355235367503,944
basic_appreq,2049856,2355237450636,944
basic_appreq,1876461,2355239363174,944
basic_appreq,1740615,2355241170707,944
basic_appreq,2820098,2355244027442,944
basic_appreq,2782505,2355246844924,944
basic_appreq,2688871,2355249574646,944
basic_appreq,2626702,2355252239031,944
basic_appreq,2218567,2355254498635,944
basic_appreq,2585769,2355257114140,944
basic_appreq,2833768,2355259980195,944
basic_appreq,1582994,2355261624564,944
basic_appreq,2229641,2355263894623,944
basic_appreq,2064455,2355266003144,944
basic_appreq,2254966,2355268300401,944
basic_appreq,1782710,2355270130359,944
basic_appreq,2412796,2355272576431,944
basic_appreq,2855071,2355275496672,944
basic_appreq,2080730,2355277608778,944
basic_appreq,1631308,2355279288261,944
basic_appreq,2400248,2355281738729,944
basic_appreq,2068194,2355283850496,944
basic_appreq,2219297,2355286104181,944
basic_appreq,2294900,2355288452864,944
basic_appreq,2385990,2355290876211,944
basic_appreq,2248933,2355293158815,944
basic_appreq,1756280,2355294969616,944
basic_appreq,2254776,2355297259436,944
basic_appreq,2351562,2355299649661,944
basic_appreq,2260773,2355301946003,944
basic_appreq,2082148,2355304067523,944
basic_appreq,1980575,2355306089261,944
basic_appreq,2637996,2355308757963,944
basic_appreq,2835240,2355311642207,944
basic_appreq,2582193,2355314259194,944
basic_appreq,2650121,2355316950004,944
basic_appreq,3115779,2355320106221,944
basic_appreq,2252546,2355322399937,944
basic_appreq,2851873,2355325309231,944
basic_appreq,1695805,2355327058514,944
basic_appreq,2355339,2355329450757,944
basic_appreq,1974340,2355331470855,944
basic_appreq,2462468,2355333973142,944
basic_appreq,2511748,2355336534656,944
basic_appreq,1936283,2355338509484,944
basic_appreq,2242444,2355340781978,944
basic_appreq,2700247,2355343521172,944
basic_appreq,2803722,2355346359075,944
basic_appreq,1644137,2355348081096,944
basic_appreq,2487742,2355350622092,944
basic_appreq,3009332,2355353675962,944
basic_appreq,3213409,2355356928095,944
basic_appreq,2285198,2355359253171,944
basic_appreq,2960019,2355362280636,944
basic_appreq,2264953,2355364583412,944
basic_appreq,2813739,2355367443658,944
basic_appreq,3076891,2355370558763,944
basic_appreq,2266482,2355372861844,944
basic_appreq,1699744,2355374608141,944
basic_appreq,2392559,2355377039628,944
basic_appreq,2380504,2355379507053,944
basic_appreq,3101989,2355382649417,944
basic_appreq,2469123,2355385157869,944
basic_appreq,2260234,2355387456467,944
basic_appreq,2461101,2355389971502,944
basic_appreq,1669798,2355391690658,944
basic_appreq,2193251,2355393927033,944
basic_appreq,2831187,2355396830651,944
basic_appreq,2346238,2355399225582,944
basic_appreq,2274076,2355401537394,944
basic_appreq,2457493,2355404044246,944
basic_appreq,2730577,2355406811716,944
basic_appreq,2781865,2355409627149,944
basic_appreq,2692554,2355412368530,944
basic_appreq,2827204,2355415247218,944
basic_appreq,2373772,2355417655198,944
basic_appreq,2607906,2355420309811,944
basic_appreq,2276887,2355422625441,944
basic_appreq,2673580,2355425356550,944
basic_appreq,2569237,2355427962867,944
basic_appreq,1454412,2355429515288,944
basic_appreq,2040456,2355431593969,944
basic_appreq,2208814,2355433834175,944
basic_appreq,2341195,2355436206905,944
basic_appreq,2126755,2355438365619,944
basic_appreq,1987258,2355440385808,944
basic_appreq,2453878,2355442872255,944
basic_appreq,2261127,2355445162189,944
basic_appreq,1780872,2355446973331,944
basic_appreq,2067875,2355449070125,944
basic_appreq,2849333,2355451973905,944
basic_appreq,2269377,2355454295735,944
basic_appreq,1603754,2355455958723,944
basic_appreq,1977879,2355457977527,944
basic_appreq,2425214,2355460445137,944
basic_appreq,2430096,2355462921180,944
basic_appreq,2084493,2355465045570,944
basic_appreq,2198087,2355467296278,944
basic_appreq,2803238,2355470135039,944
basic_appreq,2247175,2355472426221,944
basic_appreq,2387527,2355474845813,944
basic_appreq,2177041,2355477056369,944
basic_appreq,2659556,2355479757746,944
basic_appreq,2556458,2355482344645,944
basic_appreq,1334210,2355483714882,944
basic_appreq,2953822,2355486714485,944
basic_appreq,2495144,2355489251208,944
basic_appreq,3149465,2355492443187,944
basic_appreq,2224223,2355494701124,944
basic_appreq,2261113,2355496997860,944
basic_appreq,2330775,2355499370541,944
basic_appreq,2330425,2355501739024,944
basic_appreq,2836461,2355504621079,944
basic_appreq,2403682,2355507065813,944
basic_appreq,1630863,2355508756944,944
basic_appreq,1980025,2355510777577,944
basic_appreq,2352244,2355513163044,944
basic_appreq,2642885,2355515842295,944
basic_appreq,2433657,2355518311480,944
basic_appreq,2575808,2355520926183,944
basic_appreq,2276163,2355523239277,944
basic_appreq,2415366,2355525690310,944
basic_appreq,1605008,2355527332108,944
basic_appreq,2226736,2355529598980,944
basic_appreq,2514838,2355532158639,944
basic_appreq,2123235,2355534325749,944
basic_appreq,2395075,2355536753907,944
basic_appreq,2390555,2355539180950,944
basic_appreq,2279382,2355541504364,944
basic_appreq,2649722,2355544191583,944
basic_appreq,2055349,2355546285823,944
basic_appreq,2525844,2355548858583,944
basic_appreq,2896474,2355551821476,944
basic_appreq,2524741,2355554377749,944
basic_appreq,2893435,2355557304018,944
basic_appreq,1990104,2355559331694,944
basic_appreq,2195604,2355561590517,944
basic_appreq,2957506,2355564601392,944
basic_appreq,2743491,2355567381137,944
basic_appreq,3048526,2355570461502,944
basic_appreq,2000504,2355572508073,944
basic_appreq,2779173,2355575329373,944
basic_appreq,2378588,2355577740795,944
basic_appreq,2812732,2355580599529,944
basic_appreq,2467831,2355583102625,944
basic_appreq,2034241,2355585181341,944
basic_appreq,1889416,2355587116557,944
basic_appreq,2528768,2355589684758,944
basic_appreq,2309386,2355592033442,944
basic_appreq,2225760,2355594300286,944
basic_appreq,2363741,2355596703062,944
basic_appreq,1818528,2355598562659,944
basic_appreq,2697884,2355601296175,944
basic_appreq,2388013,2355603719522,944
basic_appreq,2466047,2355606218495,944
basic_appreq,2622743,2355608882746,944
basic_appreq,2881350,2355611799703,944
basic_appreq,2252704,2355614089709,944
basic_appreq,2553564,2355616685942,944
basic_appreq,2360825,2355619085548,944
basic_appreq,1610738,2355620743326,944
basic_appreq,2353527,2355623142861,944
basic_appreq,2343263,2355625525951,944
basic_appreq,1820233,2355627384589,944
basic_appreq,2567958,2355629984238,944
basic_appreq,2687828,2355632705893,944
basic_appreq,2676150,2355635422544,944
basic_appreq,2813660,2355638272986,944
basic_appreq,2317396,2355640628545,944
basic_appreq,2961270,2355643646144,944
basic_appreq,2816120,2355646498155,944
basic_appreq,2617684,2355649154952,944
basic_appreq,2644536,2355651833844,944
basic_appreq,2511303,2355654375957,944
basic_appreq,3125236,2355657540166,944
basic_appreq,2200776,2355659775897,944
basic_appreq,2162390,2355661969945,944
basic_appreq,2865704,2355664872519,944
basic_appreq,2240978,2355667152642,944
basic_appreq,2422260,2355669612743,944
basic_appreq,1990779,2355671642120,944
basic_appreq,2850930,2355674532615,944
basic_appreq,2105925,2355676685544,944
basic_appreq,1781670,2355678512718,944
basic_appreq,2454919,2355681002157,944
basic_appreq,2896697,2355683936291,944
basic_appreq,2349770,2355686319814,944
basic_appreq,2938136,2355689309196,944
basic_appreq,2635790,2355691980021,944
basic_appreq,2743398,2355694773973,944
basic_appreq,3007136,2355697816616,944
basic_appreq,2678384,2355700530547,944
basic_appreq,2327224,2355702909759,944
basic_appreq,1662941,2355704615974,944
basic_appreq,2275536,2355706926972,944
basic_appreq,2341134,2355709304162,944
basic_appreq,2776502,2355712116681,944
basic_appreq,2238791,2355714391260,944
basic_appreq,2987038,2355717410662,944
basic_appreq,2479792,2355719924463,944
basic_appreq,2058786,2355722013223,944
basic_appreq,2878105,2355724927216,944
basic_appreq,2093752,2355727065683,944
basic_appreq,2889847,2355729988176,944
basic_appreq,2871239,2355732899832,944
basic_appreq,1578830,2355734549070,944
basic_appreq,2423466,2355737006635,944
basic_appreq,2387720,2355739437937,944
basic_appreq,1933538,2355741406817,944
basic_appreq,2419757,2355743863317,944
basic_appreq,3040789,2355746939053,944
basic_appreq,2555652,2355749531110,944
basic_appreq,2852282,2355752421638,944
basic_appreq,2911162,2355755368317,944
basic_appreq,2901634,2355758302017,944
basic_appreq,2670286,2355761006357,944
basic_appreq,2431099,2355763470977,944
basic_appreq,2207123,2355765718909,944
basic_appreq,2894843,2355768657207,944
basic_appreq,2859774,2355771553910,944
basic_appreq,2509133,2355774099024,944
basic_appreq,1646962,2355775819597,944
basic_appreq,2225211,2355778077539,944
basic_appreq,2491203,2355780603239,944
basic_appreq,2314913,2355782954209,944
basic_appreq,1724569,2355784712159,944
basic_appreq,2577245,2355787322880,944
basic_appreq,3026275,2355790395148,944
basic_appreq,2228291,2355792658785,944
basic_appreq,2203053,2355794896331,944
basic_appreq,2873658,2355797804676,944
basic_appreq,6009817,2355803852910,944
basic_appreq,2505361,2355806394688,944
basic_appreq,2494475,2355808935542,944
basic_appreq,2197984,2355811173279,944
basic_appreq,1863127,2355813071494,944
basic_appreq,2363833,2355815471469,944
basic_appreq,3028258,2355818531763,944
basic_appreq,2282185,2355820852267,944
basic_appreq,1881895,2355822768512,944
basic_appreq,2228932,2355825029619,944
basic_appreq,2313648,2355827374836,944
basic_appreq,2831208,2355830234559,944
basic_appreq,2591201,2355832857009,944
basic_appreq,2682824,2355835571590,944
basic_appreq,2820354,2355838420484,944
basic_appreq,2911884,2355841368852,944
basic_appreq,2401319,2355843805390,944
basic_appreq,1547906,2355845392985,944
basic_appreq,2416049,2355847843797,944
basic_appreq,2551837,2355850428110,944
basic_appreq,1950924,2355852412661,944
basic_appreq,2379099,2355854825662,944
basic_appreq,1765251,2355856623642,944
basic_appreq,2480982,2355859138750,944
basic_appreq,2591288,2355861762399,944
basic_appreq,2642774,2355864436483,944
basic_appreq,2205934,2355866676289,944
basic_appreq,2951843,2355869668492,944
basic_appreq,2780693,2355872484003,944
basic_appreq,2783991,2355875303654,944
basic_appreq,2563946,2355877901047,944
basic_appreq,2688156,2355880626593,944
basic_appreq,2866675,2355883529549,944
basic_appreq,2409486,2355885973478,944
basic_appreq,2553116,2355888561639,944
basic_appreq,2700222,2355891297767,944
basic_appreq,2384278,2355893714167,944
basic_appreq,1807567,2355895587025,944
basic_appreq,2044083,2355897664100,944
basic_appreq,1649014,2355899349231,944
basic_appreq,2947838,2355902330803,944
basic_appreq,2433308,2355904803227,944
basic_appreq,1570234,2355906418506,944
basic_appreq,1943672,2355908413887,944
basic_appreq,1959011,2355910405653,944
basic_appreq,2828088,2355913265190,944
basic_appreq,2527140,2355915829059,944
basic_appreq,7415141,2355923278587,944
basic_appreq,1719688,2355925042402,944
basic_appreq,2380640,2355927467268,944
basic_appreq,2484541,2355929989810,944
basic_appreq,2690775,2355932720991,944
basic_appreq,2080941,2355934839342,944
basic_appreq,1934224,2355936817956,944
basic_appreq,2530602,2355939385587,944
basic_appreq,1952471,2355941372779,944
basic_appreq,1505574,2355942940322,944
basic_appreq,2250752,2355945225958,944
basic_appreq,1987355,2355947253164,944
basic_appreq,1672612,2355948960475,944
basic_appreq,3089870,2355952087558,944
basic_appreq,2382906,2355954505703,944
basic_appreq,2116838,2355956655819,944
basic_appreq,2691338,2355959380829,944
basic_appreq,2603595,2355962021183,944
basic_appreq,1554630,2355963614774,944
basic_appreq,1963434,2355965608664,944
basic_appreq,2261435,2355967906698,944
basic_appreq,2146761,2355970081501,944
basic_appreq,2765539,2355972877185,944
basic_appreq,2507325,2355975413879,944
basic_appreq,2773373,2355978215945,944
basic_appreq,2598148,2355980848220,944
basic_appreq,2689784,2355983572680,944
basic_appreq,2427422,2355986032457,944
basic_appreq,1675390,2355987745302,944
basic_appreq,2616740,2355990393441,944
basic_appreq,3021853,2355993451672,944
basic_appreq,2582531,2355996073418,944
basic_appreq,2418043,2355998527585,944
basic_appreq,1691168,2356000252194,944
basic_appreq,2239831,2356002525488,944
basic_appreq,2102310,2356004659426,944
basic_appreq,2142279,2356006834932,944
basic_appreq,2200335,2356009065834,944
basic_appreq,1621096,2356010746955,944
basic_appreq,2313521,2356013101114,944
basic_appreq,2570756,2356015708498,944
basic_appreq,2619901,2356018369084,944
basic_appreq,2401329,2356020806184,944
basic_appreq,2436654,2356023275944,944
basic_appreq,1543474,2356024853155,944
basic_appreq,2288325,2356027174738,944
basic_appreq,1475213,2356028683937,944
basic_appreq,2103856,2356030844036,944
basic_appreq,2272722,2356033147124,944
basic_appreq,2352087,2356035544945,944
basic_appreq,2104424,2356037683536,944
basic_appreq,2350887,2356040075025,944
basic_appreq,1589220,2356041738563,944
basic_appreq,2067333,2356043840829,944
basic_appreq,2561576,2356046433214,944
basic_appreq,2829676,2356049298114,944
basic_appreq,2564956,2356051895438,944
basic_appreq,2554527,2356054479532,944
basic_appreq,2832465,2356057394570,944
basic_appreq,2858729,2356060290761,944
basic_appreq,2366736,2356062683779,944
basic_appreq,2198999,2356064915525,944
basic_appreq,2885234,2356067836199,944
basic_appreq,1769877,2356069638647,944
basic_appreq,2529645,2356072204058,944
basic_appreq,2061608,2356074300178,944
basic_appreq,1804253,2356076138747,944
basic_appreq,2652938,2356078859411,944
basic_appreq,2914697,2356081808482,944
basic_appreq,2329529,2356084178615,944
basic_appreq,1632013,2356085847243,944
basic_appreq,1710127,2356087591715,944
basic_appreq,2401897,2356090028068,944
basic_appreq,2383329,2356092449964,944
basic_appreq,1646147,2356094141276,944
basic_appreq,2431211,2356096606346,944
basic_appreq,1818658,2356098461660,944
basic_appreq,2949071,2356101442747,944
basic_appreq,2771452,2356104248781,944
basic_appreq,1969707,2356106252940,944
basic_appreq,1806949,2356108093651,944
basic_appreq,2419082,2356110549044,944
basic_appreq,3982907,2356114569427,944
basic_appreq,1823776,2356116425375,944
basic_appreq,2342556,2356118816077,944
basic_appreq,2371462,2356121232838,944
basic_appreq,1374274,2356122635958,944
basic_appreq,3615700,2356126286593,944
basic_appreq,1958711,2356128277670,944
basic_appreq,2732802,2356131043109,944
basic_appreq,2571417,2356133643276,944
basic_appreq,4512888,2356138193240,944
basic_appreq,1504486,2356139728785,944
basic_appreq,1686691,2356141450850,944
basic_appreq,2380877,2356143862028,944
basic_appreq,1784262,2356145680371,944
basic_appreq,2638545,2356148366216,944
basic_appreq,2905662,2356151307597,944
basic_appreq,2662900,2356153999579,944
basic_appreq,1614058,2356155663919,944
basic_appreq,2230283,2356157929911,944
basic_appreq,2241500,2356160229308,944
basic_appreq,2396665,2356162660710,944
basic_appreq,2937245,2356165630684,944
basic_appreq,2408180,2356168072842,944
basic_appreq,2812166,2356170922087,944
basic_appreq,2611451,2356173570106,944
basic_appreq,2533783,2356176141972,944
basic_appreq,2943827,2356179123130,944
basic_appreq,2565995,2356181729437,944
basic_appreq,2472618,2356184233929,944
basic_appreq,1534169,2356185801540,944
basic_appreq,1820025,2356187655990,944
basic_appreq,2362203,2356190048892,944
basic_appreq,2132689,2356192219700,944
basic_appreq,2674941,2356194931547,944
basic_appreq,1976205,2356196944979,944
basic_appreq,2086391,2356199072266,944
basic_appreq,2052434,2356201159387,944
basic_appreq,2341281,2356203535442,944
basic_appreq,2309875,2356205877935,944
basic_appreq,1471172,2356207386334,944
basic_appreq,2630360,2356210051451,944
basic_appreq,1889238,2356211976258,944
basic_appreq,2406967,2356214446364,944
basic_appreq,3301318,2356217786212,944
basic_appreq,2069122,2356219892806,944
basic_appreq,2439323,2356222367953,944
basic_appreq,2280451,2356224688934,944
basic_appreq,2777448,2356227497487,944
basic_appreq,2860839,2356230389124,944
basic_appreq,2654004,2356233075131,944
basic_appreq,2450588,2356235563046,944
basic_appreq,3026243,2356238623109,944
basic_appreq,2632716,2356241291777,944
basic_appreq,2998353,2356244328065,944
basic_appreq,2255310,2356246617075,944
basic_appreq,2190293,2356248839471,944
basic_appreq,2168464,2356251043736,944
basic_appreq,2721434,2356253797818,944
basic_appreq,2810885,2356256656067,944
basic_appreq,2192012,2356258885502,944
basic_appreq,1677496,2356260597064,944
basic_appreq,2082507,2356262712287,944
basic_appreq,1775126,2356264518434,944
basic_appreq,1848239,2356266452217,944
basic_appreq,2222691,2356268709478,944
basic_appreq,2394885,2356271146023,944
basic_appreq,2020652,2356273202842,944
basic_appreq,2549855,2356275789187,944
basic_appreq,2702129,2356278523374,944
basic_appreq,2669225,2356281227013,944
basic_appreq,2241547,2356283503902,944
basic_appreq,2880018,2356286419683,944
basic_appreq,3009891,2356289464530,944
basic_appreq,3155978,2356292656218,944
basic_appreq,2481490,2356295172691,944
basic_appreq,2576734,2356297782660,944
basic_appreq,2400239,2356300218200,944
basic_appreq,3190389,2356303479759,944
basic_appreq,2324586,2356305838262,944
basic_appreq,2598104,2356308471599,944
basic_appreq,2281193,2356310789894,944
basic_appreq,1639133,2356312465752,944
basic_appreq,2531053,2356315046338,944
basic_appreq,1983580,2356317065523,944
basic_appreq,2608835,2356319718167,944
basic_appreq,2389490,2356322140410,944
basic_appreq,2613515,2356324790971,944
basic_appreq,2928709,2356327755151,944
basic_appreq,2413494,2356330201614,944
basic_appreq,2253646,2356332491359,944
basic_appreq,2180454,2356334707256,944
basic_appreq,2586816,2356337327390,944
basic_appreq,2319467,2356339679699,944
basic_appreq,2970248,2356342681131,944
basic_appreq,2635912,2356345347582,944
basic_appreq,1830742,2356347210334,944
basic_appreq,2212428,2356349464537,944
basic_appreq,2414030,2356351907662,944
basic_appreq,2246849,2356354194210,944
basic_appreq,2255801,2356356483863,944
basic_appreq,2549270,2356359068245,944
basic_appreq,2479648,2356361579760,944
basic_appreq,1702293,2356363324442,944
basic_appreq,2456419,2356365813667,944
basic_appreq,1904970,2356367754880,944
basic_appreq,2520181,2356370307967,944
basic_appreq,2594025,2356372937825,944
basic_appreq,2270761,2356375243724,944
basic_appreq,2630600,2356377908296,944
basic_appreq,2683338,2356380630758,944
basic_appreq,2690887,2356383358731,944
basic_appreq,2577627,2356385968423,944
basic_appreq,2441372,2356388443642,944
basic_appreq,2624464,2356391101655,944
basic_appreq,2808364,2356393941153,944
basic_appreq,2787530,2356396763992,944
basic_appreq,2433802,2356399234331,944
basic_appreq,2088848,2356401360502,944
basic_appreq,2207512,2356403611093,944
basic_appreq,1702168,2356405359499,944
basic_appreq,2291014,2356407685622,944
basic_appreq,2318255,2356410037632,944
basic_appreq,3148263,2356413281749,944
basic_appreq,3089845,2356416408109,944
basic_appreq,2643222,2356419097514,944
basic_appreq,2850394,2356421984472,944
basic_appreq,2405833,2356424421780,944
basic_appreq,2611238,2356427067246,944
basic_appreq,2395137,2356429497532,944
basic_appreq,3019868,2356432564086,944
basic_appreq,2272371,2356434875037,944
basic_appreq,1655067,2356436567389,944
basic_appreq,2835885,2356439438430,944
basic_appreq,2706084,2356442177519,944
basic_appreq,2400945,2356444615024,944
basic_appreq,2229044,2356446878455,944
basic_appreq,2210545,2356449119390,944
basic_appreq,3150515,2356452310040,944
basic_appreq,2160473,2356454505132,944
basic_appreq,2804159,2356457358371,944
basic_appreq,2722004,2356460118310,944
basic_appreq,1434837,2356461591275,944
basic_appreq,2266897,2356463893835,944
basic_appreq,1747676,2356465678825,944
basic_appreq,2476943,2356468194338,944
basic_appreq,2601369,2356470830374,944
basic_appreq,2462404,2356473329270,944
basic_appreq,2122504,2356475487186,944
basic_appreq,2387442,2356477907034,944
basic_appreq,2362760,2356480305702,944
basic_appreq,2311769,2356482665035,944
basic_appreq,2527150,2356485234978,944
basic_appreq,2366729,2356487647377,944
basic_appreq,1893602,2356489576314,944
basic_appreq,2939933,2356492550244,944
basic_appreq,2813034,2356495400963,944
basic_appreq,2751347,2356498182336,944
basic_appreq,1611183,2356499855847,944
basic_appreq,1953423,2356501843713,944
basic_appreq,2277317,2356504158020,944
basic_appreq,2206834,2356506407509,944
basic_appreq,2984133,2356509428032,944
basic_appreq,2536095,2356512038359,944
basic_appreq,1614334,2356513702568,944
basic_appreq,2391151,2356516127530,944
basic_appreq,2239779,2356518408004,944
basic_appreq,1885223,2356520329288,944
basic_appreq,2377425,2356522742671,944
basic_appreq,2466470,2356525251489,944
basic_appreq,2577714,2356527895533,944
basic_appreq,2485576,2356530416077,944
basic_appreq,2576767,2356533041495,944
basic_appreq,2016055,2356535094848,944
basic_appreq,2640028,2356537767274,944
basic_appreq,2132182,2356539953805,944
basic_appreq,2487201,2356542471725,944
basic_appreq,2832013,2356545342925,944
basic_appreq,2772815,2356548156802,944
basic_appreq,2920635,2356551116689,944
basic_appreq,2469754,2356553621463,944
basic_appreq,1646669,2356555342397,944
basic_appreq,2428858,2356557817481,944
basic_appreq,2204250,2356560063565,944
basic_appreq,2299589,2356562406841,944
basic_appreq,2484984,2356564937854,944
basic_appreq,2738722,2356567713318,944
basic_appreq,3108043,2356570856088,944
basic_appreq,2295061,2356573187193,944
basic_appreq,2390565,2356575615503,944
basic_appreq,2133995,2356577785594,944
basic_appreq,2464660,2356580288198,944
basic_appreq,3103914,2356583439580,944
basic_appreq,2668440,2356586144777,944
basic_appreq,2474741,2356588656935,944
basic_appreq,2238011,2356590933125,944
basic_appreq,3475240,2356594448918,944
basic_appreq,2454415,2356596942952,944
basic_appreq,2761820,2356599749344,944
basic_appreq,2927703,2356602718052,944
basic_appreq,2338917,2356605107536,944
basic_appreq,2826317,2356607977956,944
basic_appreq,2092398,2356610131406,944
basic_appreq,1677342,2356611851154,944
basic_appreq,2191818,2356614076084,944
basic_appreq,2543251,2356616657458,944
basic_appreq,2308266,2356619006499,944
basic_appreq,2278975,2356621325112,944
basic_appreq,2131809,2356623499023,944
basic_appreq,2771284,2356626310013,944
basic_appreq,2224927,2356628575863,944
basic_appreq,2728633,2356631346219,944
basic_appreq,2836914,2356634218885,944
basic_appreq,2801074,2356637058724,944
basic_appreq,2342557,2356639453960,944
basic_appreq,2243111,2356641729685,944
basic_appreq,2341659,2356644106501,944
basic_appreq,2145804,2356646312217,944
basic_appreq,1635106,2356647983307,944
basic_appreq,2248732,2356650282815,944
basic_appreq,1706222,2356652024478,944
basic_appreq,2798517,2356654857939,944
basic_appreq,1742267,2356656638929,944
basic_appreq,2380742,2356659059167,944
basic_appreq,2065460,2356661155262,944
basic_appreq,2148488,2356663351655,944
basic_appreq,2259052,2356665645451,944
basic_appreq,1580378,2356667294702,944
basic_appreq,2248190,2356669586356,944
basic_appreq,2196303,2356671829873,944
basic_appreq,2086216,2356673965959,944
basic_appreq,1884895,2356675892241,944
basic_appreq,2651150,2356678577485,944
basic_appreq,1589332,2356680235244,944
basic_appreq,1801296,2356682075335,944
basic_appreq,2584952,2356684693944,944
basic_appreq,2528690,2356687259739,944
basic_appreq,2681086,2356689977551,944
basic_appreq,3281648,2356693297976,944
basic_appreq,2870257,2356696214048,944
basic_appreq,2717833,2356698970744,944
basic_appreq,2535179,2356701542845,944
basic_appreq,2511607,2356704092831,944
basic_appreq,2093583,2356706224479,944
basic_appreq,2388476,2356708649657,944
basic_appreq,2811086,2356711504460,944
basic_appreq,2397138,2356713937682,944
basic_appreq,1654867,2356715670246,944
basic_appreq,2432064,2356718141035,944
basic_appreq,2199541,2356720386123,944
basic_appreq,1948333,2356722370762,944
basic_appreq,2527701,2356724935637,944
basic_appreq,2309712,2356727287035,944
basic_appreq,1856983,2356729179892,944
basic_appreq,2099214,2356731311362,944
basic_appreq,1951809,2356733298543,944
basic_appreq,2520832,2356735851948,944
basic_appreq,2659333,2356738545542,944
basic_appreq,2490014,2356741070892,944
basic_appreq,2623970,2356743744370,944
basic_appreq,2891733,2356746669868,944
basic_appreq,2796178,2356749503028,944
basic_appreq,2753897,2356752293848,944
basic_appreq,2393637,2356754729305,944
basic_appreq,1628560,2356756419940,944
basic_appreq,1815552,2356758273223,944
basic_appreq,2695525,2356761001032,944
basic_appreq,2772912,2356763814030,944
basic_appreq,2543140,2356766391923,944
basic_appreq,2404113,2356768838482,944
basic_appreq,2853034,2356771737066,944
basic_appreq,2573840,2356774347578,944
basic_appreq,2128043,2356776516893,944
basic_appreq,1605499,2356778192751,944
basic_appreq,2085657,2356780309704,944
basic_appreq,2554799,2356782897580,944
basic_appreq,3068158,2356786001198,944
basic_appreq,2862684,2356788913948,944
basic_appreq,2548602,2356791501650,944
basic_appreq,2271975,2356793812882,944
basic_appreq,2717710,2356796568746,944
basic_appreq,2473321,2356799083238,944
basic_appreq,2570665,2356801683888,944
basic_appreq,2534712,2356804252182,944
basic_appreq,1780568,2356806074909,944
basic_appreq,2320083,2356808424162,944
basic_appreq,2239784,2356810704151,944
basic_appreq,2303345,2356813041878,944
basic_appreq,2294715,2356815372732,944
basic_appreq,1852974,2356817264189,944
basic_appreq,2384190,2356819698598,944
basic_appreq,2455738,2356822185227,944
basic_appreq,2675970,2356824902570,944
basic_appreq,2873228,2356827810077,944
basic_appreq,1667066,2356829512794,944
basic_appreq,1870789,2356831425440,944
basic_appreq,2181417,2356833648052,944
basic_appreq,2845236,2356836536032,944
basic_appreq,2823229,2356839396477,944
basic_appreq,2794260,2356842224720,944
basic_appreq,2467760,2356844725872,944
basic_appreq,2104094,2356846865175,944
basic_appreq,2665010,2356849565895,944
basic_appreq,6667762,2356856268928,944
basic_appreq,2759971,2356859065450,944
basic_appreq,2747827,2356861857136,944
basic_appreq,2363856,2356864269890,944
basic_appreq,2734975,2356867065475,944
basic_appreq,2080055,2356869186079,944
basic_appreq,2081310,2356871308183,944
basic_appreq,2803532,2356874150208,944
basic_appreq,2797465,2356876983168,944
basic_appreq,2728227,2356879753189,944
basic_appreq,2976108,2356882771711,944
basic_appreq,2633271,2356885455793,944
basic_appreq,3207745,2356888706417,944
basic_appreq,2730996,2356891476697,944
basic_appreq,2953962,2356894474406,944
basic_appreq,2445723,2356896959012,944
basic_appreq,1759863,2356898788011,944
basic_appreq,2508029,2356901337518,944
basic_appreq,2305485,2356903692065,944
basic_appreq,1716048,2356905452234,944
basic_appreq,2852873,2356908346354,944
basic_appreq,2140834,2356910553464,944
basic_appreq,2841644,2356913438707,944
basic_appreq,2303854,2356915782709,944
basic_appreq,1728646,2356917545874,944
basic_appreq,2273820,2356919874547,944
basic_appreq,2439309,2356922350745,944
basic_appreq,1397442,2356923789067,944
basic_appreq,2837859,2356926663217,944
basic_appreq,2670996,2356929371288,944
basic_appreq,2383410,2356931804295,944
basic_appreq,1778599,2356933617672,944
basic_appreq,2673078,2356936340535,944
basic_appreq,2461875,2356938871518,944
basic_appreq,2902585,2356941819072,944
basic_appreq,2635550,2356944505367,944
basic_appreq,2715612,2356947268167,944
basic_appreq,1626031,2356948965329,944
basic_appreq,2286613,2356951295878,944
basic_appreq,2197452,2356953536860,944
basic_appreq,2191716,2356955772785,944
basic_appreq,2516763,2356958332283,944
basic_appreq,2564547,2356960934382,944
basic_appreq,2829608,2356963810790,944
basic_appreq,1758338,2356965610247,944
basic_appreq,2287328,2356967933570,944
basic_appreq,2480393,2356970452060,944
basic_appreq,2718028,2356973216585,944
basic_appreq,2691084,2356975958173,944
basic_appreq,3016028,2356979039628,944
basic_appreq,3217589,2356982293853,944
basic_appreq,1857966,2356984192060,944
basic_appreq,2050657,2356986279157,944
basic_appreq,2167138,2356988486494,944
basic_appreq,2402765,2356990947036,944
basic_appreq,2095849,2356993079881,944
basic_appreq,1906239,2356995037725,944
basic_appreq,2555822,2356997622078,944
basic_appreq,2252286,2356999911745,944
basic_appreq,1751701,2357001692888,944
basic_appreq,2517931,2357004252426,944
basic_appreq,2902263,2357007210438,944
basic_appreq,2890962,2357010135946,944
basic_appreq,2723663,2357012902013,944
basic_appreq,2501799,2357015441309,944
basic_appreq,2696966,2357018180639,944
basic_appreq,1544959,2357019778180,944
basic_appreq,1999927,2357021819667,944
basic_appreq,2303321,2357024165362,944
basic_appreq,2367697,2357026573474,944
basic_appreq,1745142,2357028357598,944
basic_appreq,2474331,2357030875515,944
basic_appreq,2274154,2357033186206,944
basic_appreq,2018134,2357035240209,944
basic_appreq,2721806,2357037993603,944
basic_appreq,2450600,2357040531389,944
basic_appreq,2886248,2357043452121,944
basic_appreq,2460709,2357045947828,944
basic_appreq,1545435,2357047569168,944
basic_appreq,2327467,2357049935191,944
basic_appreq,2374420,2357052354470,944
basic_appreq,2135468,2357054532169,944
basic_appreq,2763966,2357057330579,944
basic_appreq,2036898,2357059402806,944
basic_appreq,1933124,2357061372183,944
basic_appreq,2518231,2357063924502,944
basic_appreq,2182652,2357066139286,944
basic_appreq,2109841,2357068283766,944
basic_appreq,2202174,2357070526709,944
basic_appreq,3118689,2357073694323,944
basic_appreq,2328483,2357076059711,944
basic_appreq,2332146,2357078461289,944
basic_appreq,2534672,2357081038944,944
basic_appreq,2630629,2357083706972,944
basic_appreq,2399136,2357086141609,944
basic_appreq,1620403,2357087832684,944
basic_appreq,2252337,2357090125973,944
basic_appreq,2028476,2357092198613,944
basic_appreq,2256432,2357094493902,944
basic_appreq,2449834,2357096975166,944
basic_appreq,1659981,2357098684862,944
basic_appreq,2272325,2357100989211,944
basic_appreq,2039818,2357103065511,944
basic_appreq,2482009,2357105578447,944
basic_appreq,2530064,2357108148283,944
basic_appreq,2074395,2357110262107,944
basic_appreq,2863069,2357113166803,944
basic_appreq,2659668,2357115866303,944
basic_appreq,2425823,2357118328440,944
basic_appreq,2298404,2357120659152,944
basic_appreq,2542028,2357123241313,944
basic_appreq,2159380,2357125433248,944
basic_appreq,2516028,2357127981979,944
basic_appreq,2118560,2357130153497,944
basic_appreq,2591088,2357132780587,944
basic_appreq,2338344,2357135153128,944
basic_appreq,2075215,2357137263150,944
basic_appreq,2315719,2357139624854,944
basic_appreq,2236050,2357141895016,944
basic_appreq,2168593,2357144101230,944
basic_appreq,2462203,2357146599513,944
basic_appreq,2626769,2357149267865,944
basic_appreq,2512154,2357151821542,944
basic_appreq,2561013,2357154414526,944
basic_appreq,2641390,2357157088851,944
basic_appreq,2792201,2357159919438,944
basic_appreq,1771772,2357161740139,944
basic_appreq,2575814,2357164351455,944
basic_appreq,2398402,2357166784784,944
basic_appreq,2727125,2357169586128,944
basic_appreq,2305323,2357171930769,944
basic_appreq,2113037,2357174087911,944
basic_appreq,1994049,2357176124095,944
basic_appreq,2089171,2357178257704,944
basic_appreq,2412192,2357180706461,944
basic_appreq,2306117,2357183047756,944
basic_appreq,2498148,2357185587370,944
basic_appreq,2391716,2357188030437,944
basic_appreq,2770866,2357190846835,944
basic_appreq,2362418,2357193246433,944
basic_appreq,1997397,2357195283425,944
basic_appreq,2584110,2357197903025,944
basic_appreq,2455783,2357200393778,944
basic_appreq,2585608,2357203017509,944
basic_appreq,1617008,2357204671992,944
basic_appreq,2334031,2357207045734,944
basic_appreq,2117907,2357209202676,944
basic_appreq,2409946,2357211651170,944
basic_appreq,2648742,2357214333074,944
basic_appreq,2401113,2357216788925,944
basic_appreq,1897944,2357218729346,944
basic_appreq,2449191,2357221212256,944
basic_appreq,2707761,2357223964000,944
basic_appreq,2703206,2357226702323,944
basic_appreq,2532316,2357229287414,944
basic_appreq,1689505,2357231028994,944
basic_appreq,2323232,2357233390938,944
basic_appreq,2309598,2357235741538,944
basic_appreq,2298327,2357238076692,944
basic_appreq,1735464,2357239850734,944
basic_appreq,2640605,2357242542083,944
basic_appreq,2137965,2357244716164,944
basic_appreq,1684698,2357246446529,944
basic_appreq,2299067,2357248778416,944
basic_appreq,2527115,2357251350003,944
basic_appreq,3025482,2357254419289,944
basic_appreq,2370325,2357256821931,944
basic_appreq,2426440,2357259282968,944
basic_appreq,2282328,2357261599547,944
basic_appreq,2197985,2357263839236,944
basic_appreq,2364922,2357266239319,944
basic_appreq,1716280,2357267994162,944
basic_appreq,2367538,2357270438892,944
basic_appreq,2239857,2357272722406,944
basic_appreq,2268596,2357275033481,944
basic_appreq,2349757,2357277419440,944
basic_appreq,2318738,2357279773933,944
basic_appreq,3060920,2357282872431,944
basic_appreq,2260402,2357285168503,944
basic_appreq,2625511,2357287829059,944
basic_appreq,2878255,2357290747595,944
basic_appreq,2121430,2357292907585,944
basic_appreq,2215521,2357295161926,944
basic_appreq,2763181,2357297966814,944
basic_appreq,2439012,2357300443286,944
basic_appreq,2600272,2357303085805,944
basic_appreq,1725761,2357304854757,944
basic_appreq,2427997,2357307324772,944
basic_appreq,2537486,2357309899239,944
basic_appreq,2460570,2357312397768,944
basic_appreq,2064980,2357314516016,944
basic_appreq,2393320,2357316946776,944
basic_appreq,2544024,2357319552814,944
basic_appreq,1763099,2357321361615,944
basic_appreq,2174300,2357323567905,944
basic_appreq,1896362,2357325499878,944
basic_appreq,2174172,2357327710511,944
basic_appreq,1768908,2357329515554,944
basic_appreq,2216516,2357331769478,944
basic_appreq,2731534,2357334536318,944
basic_appreq,3070880,2357337641976,944
basic_appreq,2403715,2357340082287,944
basic_appreq,2659923,2357342776021,944
basic_appreq,1542195,2357344352173,944
basic_appreq,2193966,2357346577558,944
basic_appreq,1771399,2357348384714,944
basic_appreq,2109041,2357350528911,944
basic_appreq,3230158,2357353792429,944
basic_appreq,2166829,2357355995684,944
basic_appreq,1870666,2357357926676,944
basic_appreq,2925957,2357360885246,944
basic_appreq,2427048,2357363346346,944
basic_appreq,2649945,2357366030308,944
basic_appreq,2375561,2357368443754,944
basic_appreq,2355081,2357370845255,944
basic_appreq,2137604,2357373017084,944
basic_appreq,2466573,2357375520013,944
basic_appreq,2542340,2357378096406,944
basic_appreq,2373614,2357380510037,944
basic_appreq,2845691,2357383392463,944
basic_appreq,2663060,2357386091244,944
basic_appreq,2546213,2357388669886,944
basic_appreq,1975338,2357390688223,944
basic_appreq,2091241,2357392820307,944
basic_appreq,2945024,2357395858294,944
basic_appreq,2612472,2357398504437,944
basic_appreq,2489379,2357401033772,944
basic_appreq,2189491,2357403302391,944
basic_appreq,1792113,2357405180626,944
basic_appreq,2262196,2357407490494,944
basic_appreq,2479846,2357410010269,944
basic_appreq,1882006,2357411938531,944
basic_appreq,2923320,2357414895537,944
basic_appreq,2401258,2357417333695,944
basic_appreq,2164567,2357419543528,944
basic_appreq,2665018,2357422240607,944
basic_appreq,2525491,2357424800256,944
basic_appreq,2817649,2357427653366,944
basic_appreq,2894860,2357430580611,944
basic_appreq,2381973,2357433002363,944
basic_appreq,2884300,2357435933897,944
basic_appreq,2528236,2357438503129,944
basic_appreq,3098075,2357441699883,944
basic_appreq,2259586,2357443996641,944
basic_appreq,2323362,2357446384334,944
basic_appreq,2286037,2357448711789,944
basic_appreq,2304447,2357451062281,944
basic_appreq,1775955,2357452949499,944
basic_appreq,2103651,2357455091504,944
basic_appreq,2299571,2357457423025,944
basic_appreq,1741573,2357459200039,944
basic_appreq,1814283,2357461045258,944
basic_appreq,1961826,2357463040385,944
basic_appreq,1814447,2357464889741,944
basic_appreq,2062375,2357466987669,944
basic_appreq,2871826,2357469894602,944
basic_appreq,2133144,2357472062526,944
basic_appreq,3190079,2357475293291,944
basic_appreq,2808376,2357478136043,944
basic_appreq,2521309,2357480696163,944
basic_appreq,1964678,2357482701335,944
basic_appreq,3041433,2357485784623,944
basic_appreq,2515139,2357488335143,944
basic_appreq,2289926,2357490658276,944
basic_appreq,2280017,2357492971673,944
basic_appreq,2363984,2357495375101,944
basic_appreq,2542281,2357497965083,944
basic_appreq,2144359,2357500149071,944
basic_appreq,2773526,2357503009510,944
basic_appreq,2841232,2357505887528,944
basic_appreq,2850356,2357508778216,944
basic_appreq,2653556,2357511471897,944
basic_appreq,2095809,2357513604423,944
basic_appreq,2966052,2357516620568,944
basic_appreq,2226509,2357518884928,944
basic_appreq,1800673,2357520726546,944
basic_appreq,2355146,2357523130939,944
basic_appreq,2293846,2357525463095,944
basic_appreq,2086106,2357527588667,944
basic_appreq,2393246,2357530013553,944
basic_appreq,1805566,2357531890852,944
basic_appreq,3479536,2357535402991,944
basic_appreq,2414706,2357537865337,944
basic_appreq,2596057,2357540505843,944
basic_appreq,2323973,2357542868031,944
basic_appreq,2389380,2357545290963,944
basic_appreq,2201741,2357547536063,944
basic_appreq,2762051,2357550333861,944
basic_appreq,2037946,2357552413538,944
basic_appreq,2638204,2357555087727,944
basic_appreq,2603087,2357557723471,944
basic_appreq,2351658,2357560124696,944
basic_appreq,2475168,2357562643339,944
basic_appreq,2555759,2357565236883,944
basic_appreq,2843302,2357568125989,944
basic_appreq,2836876,2357571002413,944
basic_appreq,2404874,2357573456097,944
basic_appreq,2862815,2357576371524,944
basic_appreq,2462667,2357578874533,944
basic_appreq,2635401,2357581546730,944
basic_appreq,3026072,2357584621063,944
basic_appreq,2531649,2357587190359,944
basic_appreq,1664452,2357588889514,944
basic_appreq,2301066,2357591235089,944
basic_appreq,2026827,2357593297278,944
basic_appreq,2709838,2357596044934,944
basic_appreq,2139653,2357598223291,944
basic_appreq,2208354,2357600475958,944
basic_appreq,1881192,2357602414434,944
basic_appreq,2220779,2357604674485,944
basic_appreq,2342782,2357607060818,944
basic_appreq,2282705,2357609378958,944
basic_appreq,1709290,2357611119986,944
basic_appreq,1737025,2357612887840,944
basic_appreq,1782423,2357614706270,944
basic_appreq,2095400,2357616846268,944
basic_appreq,2242913,2357619141266,944
basic_appreq,2061272,2357621243576,944
basic_appreq,2865005,2357624149282,944
basic_appreq,2592535,2357626775611,944
basic_appreq,2641660,2357629448702,944
basic_appreq,3264947,2357632761948,944
basic_appreq,2767462,2357635562958,944
basic_appreq,3352569,2357638951454,944
basic_appreq,2880003,2357641869450,944
basic_appreq,2539664,2357644451108,944
basic_appreq,2641587,2357647130964,944
basic_appreq,2462234,2357649644902,944
basic_appreq,2056926,2357651743023,944
basic_appreq,1735191,2357653519042,944
basic_appreq,1617295,2357655221466,944
basic_appreq,2432428,2357657695008,944
basic_appreq,2351546,2357660089107,944
basic_appreq,2336513,2357662470408,944
basic_appreq,2409969,2357664917314,944
basic_appreq,2057419,2357667009903,944
basic_appreq,2429832,2357669472349,944
basic_appreq,2322663,2357671831871,944
basic_appreq,3020729,2357674885954,944
basic_appreq,2763866,2357677684880,944
basic_appreq,2978967,2357680707168,944
basic_appreq,2542635,2357683288049,944
basic_appreq,2130898,2357685453313,944
basic_appreq,2658746,2357688151177,944
basic_appreq,1633213,2357689823148,944
basic_appreq,2354315,2357692213835,944
basic_appreq,1804101,2357694059414,944
basic_appreq,2951833,2357697086095,944
basic_appreq,2795520,2357699919661,944
basic_appreq,2721938,2357702674054,944
basic_appreq,2698851,2357705407763,944
basic_appreq,2788991,2357708232418,944
basic_appreq,2784244,2357711066644,944
basic_appreq,2697407,2357713798306,944
basic_appreq,2478304,2357716312728,944
basic_appreq,2661792,2357719012273,944
basic_appreq,2380241,2357721426589,944
basic_appreq,3047949,2357724544501,944
basic_appreq,2877043,2357727468310,944
basic_appreq,2301050,2357729809658,944
basic_appreq,1595203,2357731483087,944
basic_appreq,2381341,2357733900930,944
basic_appreq,2576916,2357736524720,944
basic_appreq,2070800,2357738634411,944
basic_appreq,2225728,2357740896968,944
basic_appreq,1655161,2357742590598,944
basic_appreq,2491193,2357745111076,944
basic_appreq,2521163,2357747663418,944
basic_appreq,2568627,2357750300273,944
basic_appreq,2786431,2357753143548,944
basic_appreq,2498286,2357755677405,944
basic_appreq,2280581,2357757992057,944
basic_appreq,1604344,2357759639463,944
basic_appreq,2395315,2357762070561,944
basic_appreq,2050351,2357764158553,944
basic_appreq,2081974,2357766277760,944
basic_appreq,2875696,2357769189417,944
basic_appreq,2360958,2357771588321,944
basic_appreq,2790831,2357774421994,944
basic_appreq,2586458,2357777043499,944
basic_appreq,2528530,2357779609990,944
basic_appreq,2981822,2357782623849,944
basic_appreq,2814582,2357785480058,944
basic_appreq,2508261,2357788028459,944
basic_appreq,2419517,2357790487722,944
basic_appreq,2447979,2357792983449,944
basic_appreq,1629704,2357794682567,944
basic_appreq,2430829,2357797144761,944
basic_appreq,2210727,2357799392313,944
basic_appreq,1769854,2357801193800,944
basic_appreq,2222481,2357803450732,944
basic_appreq,2828729,2357806315026,944
basic_appreq,2401939,2357808751386,944
basic_appreq,2933316,2357811727970,944
basic_appreq,2515472,2357814275857,944
basic_appreq,2798917,2357817111058,944
basic_appreq,2602272,2357819755652,944
basic_appreq,2471296,2357822261391,944
basic_appreq,1656124,2357823991514,944
basic_appreq,1996538,2357826043695,944
basic_appreq,2211348,2357828289613,944
basic_appreq,2893467,2357831224201,944
basic_appreq,2665529,2357833931107,944
basic_appreq,2661056,2357836627560,944
basic_appreq,2713167,2357839371904,944
basic_appreq,2612200,2357842018815,944
basic_appreq,2913981,2357844970287,944
basic_appreq,2577475,2357847588945,944
basic_appreq,2281426,2357849908496,944
basic_appreq,1731797,2357851683652,944
basic_appreq,2249021,2357853968797,944
basic_appreq,2637022,2357856644081,944
basic_appreq,2532514,2357859214884,944
basic_appreq,1623850,2357860908780,944
basic_appreq,1429732,2357862372528,944
basic_appreq,2527935,2357864936782,944
basic_appreq,2349502,2357867319950,944
basic_appreq,2959638,2357870313093,944
basic_appreq,2314557,2357872664459,944
basic_appreq,2420539,2357875126551,944
basic_appreq,2793851,2357877954326,944
basic_appreq,2430838,2357880419623,944
basic_appreq,2637595,2357883147565,944
basic_appreq,2539762,2357885722262,944
basic_appreq,2740309,2357888497687,944
basic_appreq,1593184,2357890163589,944
basic_appreq,2071180,2357892269294,944
basic_appreq,2058488,2357894370769,944
basic_appreq,2901833,2357897306499,944
basic_appreq,2740833,2357900083098,944
basic_appreq,2693076,2357902815662,944
basic_appreq,2889383,2357905741095,944
basic_appreq,6457967,2357912237151,944
basic_appreq,2670620,2357914960903,944
basic_appreq,2858672,2357917866244,944
basic_appreq,2889499,2357920795457,944
basic_appreq,3089827,2357923929725,944
basic_appreq,2576360,2357926570209,944
basic_appreq,1875199,2357928513754,944
basic_appreq,2219119,2357930767875,944
basic_appreq,2056961,2357932861759,944
basic_appreq,2328183,2357935231947,944
basic_appreq,2396017,2357937658776,944
basic_appreq,2035966,2357939734825,944
basic_appreq,1768948,2357941539223,944
basic_appreq,2935316,2357944509186,944
basic_appreq,2396590,2357946946739,944
basic_appreq,3045897,2357950027410,944
basic_appreq,2815431,2357952878621,944
basic_appreq,2652695,2357955568089,944
basic_appreq,2450849,2357958052255,944
basic_appreq,1776941,2357959864864,944
basic_appreq,2770291,2357962684807,944
basic_appreq,2395894,2357965115595,944
basic_appreq,2690923,2357967842691,944
basic_appreq,2763080,2357970639403,944
basic_appreq,2605776,2357973282392,944
basic_appreq,2521107,2357975839058,944
basic_appreq,2956030,2357978832533,944
basic_appreq,2691319,2357981560851,944
basic_appreq,2613886,2357984210247,944
basic_appreq,2583204,2357986829989,944
basic_appreq,1952240,2357988817671,944
basic_appreq,1589917,2357990448190,944
basic_appreq,2210662,2357992708689,944
basic_appreq,2469642,2357995231789,944
basic_appreq,1725243,2357996991775,944
basic_appreq,2703623,2357999734349,944
basic_appreq,2757888,2358002530400,944
basic_appreq,2463833,2358005034991,944
basic_appreq,2935558,2358008040913,944
basic_appreq,3115238,2358011194973,944
basic_appreq,1897437,2358013126541,944
basic_appreq,3119406,2358016310766,944
basic_appreq,2651245,2358018998279,944
basic_appreq,2665204,2358021699056,944
basic_appreq,1884900,2358023630432,944
basic_appreq,1935136,2358025602042,944
basic_appreq,2480668,2358028119840,944
basic_appreq,1715350,2358029872639,944
basic_appreq,1769884,2358031674888,944
basic_appreq,2309340,2358034016894,944
basic_appreq,2556913,2358036611331,944
basic_appreq,2139207,2358038788315,944
basic_appreq,2573793,2358041394452,944
basic_appreq,2911675,2358044342387,944
basic_appreq,2179062,2358046555820,944
basic_appreq,2893098,2358049483960,944
basic_appreq,2165566,2358051703009,944
basic_appreq,2919921,2358054659035,944
basic_appreq,2621274,2358057318189,944
basic_appreq,2064100,2358059434446,944
basic_appreq,2487477,2358061957706,944
basic_appreq,2838698,2358064830757,944
basic_appreq,2474379,2358067344798,944
basic_appreq,2857376,2358070237578,944
basic_appreq,1797080,2358072073937,944
basic_appreq,2362776,2358074473444,944
basic_appreq,1654655,2358076166192,944
basic_appreq,2053146,2358078255492,944
basic_appreq,1739674,2358080028835,944
basic_appreq,2474800,2358082540070,944
basic_appreq,2143362,2358084762784,944
basic_appreq,1904317,2358086707167,944
basic_appreq,2492969,2358089232920,944
basic_appreq,1593974,2358090865239,944
basic_appreq,1852238,2358092751960,944
basic_appreq,2692780,2358095481076,944
basic_appreq,3105205,2358098621411,944
basic_appreq,2268642,2358100925348,944
basic_appreq,2626255,2358103587756,944
basic_appreq,2127311,2358105750710,944
basic_appreq,2646807,2358108430839,944
basic_appreq,1984023,2358110449443,944
basic_appreq,2051437,2358112536609,944
basic_appreq,2432481,2358115007478,944
basic_appreq,2063375,2358117103885,944
basic_appreq,1894234,2358119033471,944
basic_appreq,2305193,2358121375515,944
basic_appreq,1627476,2358123040290,944
basic_appreq,2458926,2358125537998,944
basic_appreq,2249145,2358127825023,944
basic_appreq,1771470,2358129631491,944
basic_appreq,2431311,2358132100057,944
basic_appreq,1775733,2358133947867,944
basic_appreq,2188140,2358136182943,944
basic_appreq,1785876,2358138006955,944
basic_appreq,3047381,2358141090088,944
basic_appreq,2447966,2358143573126,944
basic_appreq,2670590,2358146279929,944
basic_appreq,2349543,2358148667056,944
basic_appreq,1565705,2358150275534,944
basic_appreq,2221213,2358152532325,944
basic_appreq,1781698,2358154351907,944
basic_appreq,2209706,2358156596835,944
basic_appreq,1841282,2358158482845,944
basic_appreq,2148887,2358160667250,944
basic_appreq,1759019,2358162458089,944
basic_appreq,2720563,2358165207324,944
basic_appreq,2388544,2358167630763,944
basic_appreq,2121398,2358169788448,944
basic_appreq,1880915,2358171700192,944
basic_appreq,2222101,2358173954898,944
basic_appreq,2421690,2358176411438,944
basic_appreq,1996488,2358178444107,944
basic_appreq,2639438,2358181116776,944
basic_appreq,2328303,2358183482770,944
basic_appreq,2302424,2358185836718,944
basic_appreq,2289306,2358188163622,944
basic_appreq,3235571,2358191434198,944
basic_appreq,2251798,2358193719502,944
basic_appreq,2304073,2358196070889,944
basic_appreq,1820992,2358197927833,944
basic_appreq,2424212,2358200384989,944
basic_appreq,1654060,2358202082499,944
basic_appreq,2477818,2358204594995,944
basic_appreq,2138318,2358206770687,944
basic_appreq,1929351,2358208750273,944
basic_appreq,2523783,2358211311417,944
basic_appreq,2592772,2358213938078,944
basic_appreq,2361408,2358216347437,944
basic_appreq,1911827,2358218331639,944
basic_appreq,2314400,2358220676249,944
basic_appreq,2622612,2358223333068,944
basic_appreq,2442301,2358225809514,944
basic_appreq,2493827,2358228340733,944
basic_appreq,2932669,2358231309107,944
basic_appreq,2051756,2358233394169,944
basic_appreq,2442098,2358235879429,944
basic_appreq,2739380,2358238652876,944
basic_appreq,1933373,2358240647197,944
basic_appreq,2229001,2358242929207,944
basic_appreq,2518695,2358245484013,944
basic_appreq,2308506,2358247826160,944
basic_appreq,1554270,2358249411892,944
basic_appreq,2938584,2358252387544,944
basic_appreq,2368558,2358254791308,944
basic_appreq,2608410,2358257427794,944
basic_appreq,2621894,2358260085059,944
basic_appreq,2873157,2358263010746,944
basic_appreq,2530349,2358265573837,944
basic_appreq,2106929,2358267741427,944
basic_appreq,1901367,2358269678819,944
basic_appreq,2559157,2358272271887,944
basic_appreq,2884821,2358275194807,944
basic_appreq,2786957,2358278016917,944
basic_appreq,2096908,2358280151797,944
basic_appreq,2634635,2358282824572,944
basic_appreq,2339219,2358285197710,944
basic_appreq,2693480,2358287927008,944
basic_appreq,2903001,2358290865212,944
basic_appreq,2131126,2358293047245,944
basic_appreq,3144190,2358296280555,944
basic_appreq,2465940,2358298782111,944
basic_appreq,2202806,2358301018926,944
basic_appreq,2861683,2358303958219,944
basic_appreq,2640968,2358306636458,944
basic_appreq,2324683,2358308999327,944
basic_appreq,3038509,2358312113395,944
basic_appreq,2617575,2358314770413,944
basic_appreq,2421697,2358317225523,944
basic_appreq,2327334,2358319612234,944
basic_appreq,2757520,2358322407319,944
basic_appreq,2545505,2358324994267,944
basic_appreq,1585102,2358326618230,944
basic_appreq,2441984,2358329096642,944
basic_appreq,2225689,2358331363650,944
basic_appreq,1969840,2358333366238,944
basic_appreq,2423425,2358335824708,944
basic_appreq,2814937,2358338675268,944
basic_appreq,2262329,2358340973453,944
basic_appreq,1827523,2358342840799,944
basic_appreq,2755706,2358345634110,944
basic_appreq,2585738,2358348257009,944
basic_appreq,2732293,2358351026711,944
basic_appreq,2531270,2358353594486,944
basic_appreq,2519017,2358356158373,944
basic_appreq,2454591,2358358647550,944
basic_appreq,2295933,2358360975926,944
basic_appreq,1969988,2358362980660,944
basic_appreq,2525042,2358365541318,944
basic_appreq,2530501,2358368116387,944
basic_appreq,2495791,2358370651413,944
basic_appreq,1962908,2358372651740,944
basic_appreq,1977968,2358374665525,944
basic_appreq,2590086,2358377292661,944
basic_appreq,2507172,2358379837948,944
basic_appreq,1708624,2358381586779,944
basic_appreq,2256407,2358383881732,944
basic_appreq,2356920,2358386276301,944
basic_appreq,1644055,2358387977499,944
basic_appreq,2260549,2358390298276,944
basic_appreq,1948138,2358392285161,944
basic_appreq,2270140,2358394592832,944
basic_appreq,2741363,2358397369439,944
basic_appreq,2720688,2358400128082,944
basic_appreq,2641209,2358402809461,944
basic_appreq,2589676,2358405434818,944
basic_appreq,1629993,2358407137767,944
basic_appreq,2512957,2358409685972,944
basic_appreq,2617596,2358412342403,944
basic_appreq,3277548,2358415658052,944
basic_appreq,2524013,2358418217067,944
basic_appreq,2571908,2358420826029,944
basic_appreq,1682894,2358422550620,944
basic_appreq,2721860,2358425306540,944
basic_appreq,2765471,2358428108920,944
basic_appreq,1955801,2358430118225,944
basic_appreq,2221346,2358432377227,944
basic_appreq,2309007,2358434724933,944
basic_appreq,2548471,2358437305777,944
basic_appreq,2259744,2358439605351,944
basic_appreq,1724667,2358441365743,944
basic_appreq,2657923,2358444062449,944
basic_appreq,2822818,2358446924118,944
basic_appreq,2055900,2358449014095,944
basic_appreq,2722609,2358451775348,944
basic_appreq,2735866,2358454548356,944
basic_appreq,2387199,2358456976472,944
basic_appreq,2237654,2358459253840,944
basic_appreq,2692483,2358461989028,944
basic_appreq,2489970,2358464515815,944
basic_appreq,1710581,2358466277920,944
basic_appreq,2306700,2358468616647,944
basic_appreq,1574144,2358470234061,944
basic_appreq,2402135,2358472670395,944
basic_appreq,2302253,2358475009226,944
basic_appreq,1604716,2358476681790,944
basic_appreq,2469300,2358479200714,944
basic_appreq,2395620,2358481631472,944
basic_appreq,3081483,2358484751440,944
basic_appreq,2584716,2358487369169,944
basic_appreq,2390079,2358489791050,944
basic_appreq,2675565,2358492503247,944
basic_appreq,2361452,2358494904649,944
basic_appreq,2781184,2358497722172,944
basic_appreq,2306575,2358500066135,944
basic_appreq,1836045,2358501941149,944
basic_appreq,2344647,2358504319829,944
basic_appreq,1621675,2358505985622,944
basic_appreq,2220754,2358508240086,944
basic_appreq,2336190,2358510618636,944
basic_appreq,1829464,2358512482139,944
basic_appreq,2300115,2358514818033,944
basic_appreq,1958802,2358516812243,944
basic_appreq,2353476,2358519203173,944
basic_appreq,1664880,2358520902752,944
basic_appreq,2201845,2358523142377,944
basic_appreq,2060030,2358525235975,944
basic_appreq,2922078,2358528194078,944
basic_appreq,2553285,2358530783182,944
basic_appreq,2712070,2358533528775,944
basic_appreq,2869398,2358536434658,944
basic_appreq,2867807,2358539346084,944
basic_appreq,2276183,2358541659036,944
basic_appreq,1848933,2358543547452,944
basic_appreq,2648890,2358546227477,944
basic_appreq,2557330,2358548817921,944
basic_appreq,2133222,2358550984055,944
basic_appreq,2636397,2358553658792,944
basic_appreq,2677964,2358556389167,944
basic_appreq,2950179,2358559374599,944
basic_appreq,2585090,2358561996281,944
basic_appreq,2281868,2358564312342,944
basic_appreq,2197425,2358566543843,944
basic_appreq,2784850,2358569366112,944
basic_appreq,1617989,2358571027012,944
basic_appreq,2451712,2358573514874,944
basic_appreq,3105492,2358576660399,944
basic_appreq,2749131,2358579459065,944
basic_appreq,2914109,2358582409709,944
basic_appreq,2839171,2358585301709,944
basic_appreq,1642425,2358586983946,944
basic_appreq,1819893,2358588844294,944
basic_appreq,2605760,2358591497248,944
basic_appreq,2240633,2358593772135,944
basic_appreq,2774655,2358596590068,944
basic_appreq,2424193,2358599051877,944
basic_appreq,1731079,2358600820988,944
basic_appreq,2476314,2358603344837,944
basic_appreq,1683337,2358605062223,944
basic_appreq,2524287,2358607629047,944
basic_appreq,2226409,2358609889516,944
basic_appreq,2007339,2358611930932,944
basic_appreq,2886279,2358614849772,944
basic_appreq,2770243,2358617655596,944
basic_appreq,2556386,2358620246608,944
basic_appreq,1774494,2358622063892,944
basic_appreq,2165114,2358624262635,944
basic_appreq,2272189,2358626578021,944
basic_appreq,2310564,2358628922554,944
basic_appreq,2079336,2358631037419,944
basic_appreq,1298235,2358632372978,944
basic_appreq,2349148,2358634759127,944
basic_appreq,2104523,2358636901698,944
basic_appreq,2649850,2358639588293,944
basic_appreq,2811433,2358642436396,944
basic_appreq,2388747,2358644864691,944
basic_appreq,3050961,2358647957198,944
basic_appreq,2330773,2358650321693,944
basic_appreq,1740055,2358652097621,944
basic_appreq,2045777,2358654180822,944
basic_appreq,2286965,2358656501361,944
basic_appreq,2981544,2358659518216,944
basic_appreq,2029595,2358661597591,944
basic_appreq,2653011,2358664286612,944
basic_appreq,2428371,2358666753450,944
basic_appreq,2562080,2358669350174,944
basic_appreq,1782151,2358671183996,944
basic_appreq,2060769,2358673277740,944
basic_appreq,2671668,2358675999578,944
basic_appreq,2249774,2358678311902,944
basic_appreq,1767997,2358680117410,944
basic_appreq,2920010,2358683074646,944
basic_appreq,2517285,2358685624643,944
basic_appreq,2624012,2358688294462,944
basic_appreq,2906067,2358691240220,944
basic_appreq,2566255,2358693843271,944
basic_appreq,1631081,2358695550196,944
basic_appreq,2179352,2358697761231,944
basic_appreq,2244805,2358700040386,944
basic_appreq,2369953,2358702447755,944
basic_appreq,2910297,2358705390296,944
basic_appreq,2395525,2358707825450,944
basic_appreq,2195849,2358710056528,944
basic_appreq,3081433,2358713184774,944
basic_appreq,2555164,2358715777727,944
basic_appreq,2127600,2358717972305,944
basic_appreq,1890616,2358719977257,944
basic_appreq,2164815,2358722224202,944
basic_appreq,2056883,2358724334357,944
basic_appreq,2221558,2358726590781,944
basic_appreq,2366487,2358728989492,944
basic_appreq,2301878,2358731325158,944
basic_appreq,1981684,2358733337839,944
basic_appreq,2320269,2358735695117,944
basic_appreq,1656842,2358737423161,944
basic_appreq,2151377,2358739624422,944
basic_appreq,2475465,2358742133007,944
basic_appreq,2279259,2358744446762,944
basic_appreq,1950192,2358746434019,944
basic_appreq,3159011,2358749625461,944
basic_appreq,2938408,2358752602656,944
basic_appreq,2869233,2358755509896,944
basic_appreq,2380264,2358757926351,944
basic_appreq,2866766,2358760835305,944
basic_appreq,2713782,2358763596342,944
basic_appreq,2424751,2358766060376,944
basic_appreq,2524098,2358768623142,944
basic_appreq,2665918,2358771329863,944
basic_appreq,2491280,2358773856748,944
basic_appreq,2440724,2358776329808,944
basic_appreq,1681579,2358778044485,944
basic_appreq,2317447,2358780402068,944
basic_appreq,2678819,2358783113439,944
basic_appreq,2281215,2358785444585,944
basic_appreq,1861731,2358787347757,944
basic_appreq,2586964,2358789971311,944
basic_appreq,2741347,2358792747494,944
basic_appreq,2823292,2358795613335,944
basic_appreq,2795429,2358798446300,944
basic_appreq,2298064,2358800792496,944
basic_appreq,2474143,2358803344863,944
basic_appreq,2302630,2358805683406,944
basic_appreq,2932059,2358808652707,944
basic_appreq,2392377,2358811087876,944
basic_appreq,2536817,2358813686859,944
basic_appreq,2880043,2358816612141,944
basic_appreq,3031162,2358819689008,944
basic_appreq,2775518,2358822508455,944
basic_appreq,2916766,2358825472030,944
basic_appreq,2649062,2358828159072,944
basic_appreq,2811698,2358831013127,944
basic_appreq,2867012,2358833919214,944
basic_appreq,2370804,2358836329823,944
basic_appreq,1609807,2358838011738,944
basic_appreq,1463629,2358839514642,944
basic_appreq,2427106,2358842000004,944
basic_appreq,2703687,2358844755607,944
basic_appreq,2274747,2358847067834,944
basic_appreq,2573693,2358849685172,944
basic_appreq,2229408,2358851952818,944
basic_appreq,1623775,2358853615096,944
basic_appreq,2498015,2358856150247,944
basic_appreq,2008894,2358858199637,944
basic_appreq,2350551,2358860581122,944
basic_appreq,6725755,2358867339006,944
basic_appreq,2502012,2358869876273,944
basic_appreq,2375618,2358872299650,944
basic_appreq,2114008,2358874456698,944
basic_appreq,2274927,2358876775488,944
basic_appreq,2153795,2358878976506,944
basic_appreq,1864762,2358880885208,944
basic_appreq,2581927,2358883514181,944
basic_appreq,2047126,2358885604288,944
basic_appreq,2433252,2358888078937,944
basic_appreq,1813745,2358889931416,944
basic_appreq,2342267,2358892322855,944
basic_appreq,1709312,2358894126557,944
basic_appreq,2432677,2358896600793,944
basic_appreq,1762883,2358898445730,944
basic_appreq,2234028,2358900718243,944
basic_appreq,3361060,2358904122921,944
basic_appreq,2396760,2358906555972,944
basic_appreq,2383026,2358908971736,944
basic_appreq,2180624,2358911193397,944
basic_appreq,2090072,2358913320213,944
basic_appreq,2479021,2358915832329,944
basic_appreq,2542357,2358918406042,944
basic_appreq,2632871,2358921072392,944
basic_appreq,2713628,2358923825497,944
basic_appreq,2383705,2358926243216,944
basic_appreq,3533486,2358929819790,944
basic_appreq,2654339,2358932512501,944
basic_appreq,2523448,2358935073974,944
basic_appreq,2992690,2358938100689,944
basic_appreq,2723764,2358940861620,944
basic_appreq,2516587,2358943415787,944
basic_appreq,2072605,2358945522975,944
basic_appreq,2743141,2358948318434,944
basic_appreq,2743323,2358951098606,944
basic_appreq,2560502,2358953693240,944
basic_appreq,3060959,2358956814239,944
basic_appreq,2540636,2358959397768,944
basic_appreq,6400835,2358965838092,944
basic_appreq,1614320,2358967519579,944
basic_appreq,2061682,2358969625828,944
basic_appreq,2495851,2358972166528,944
basic_appreq,2778368,2358974998351,944
basic_appreq,2536309,2358977572963,944
basic_appreq,2486635,2358980098773,944
basic_appreq,2686214,2358982819730,944
basic_appreq,2815613,2358985668055,944
basic_appreq,2832310,2358988565363,944
basic_appreq,2726271,2358991330370,944
basic_appreq,2395487,2358993762413,944
basic_appreq,3197870,2358997009745,944
basic_appreq,2655836,2358999706945,944
basic_appreq,2387198,2359002131794,944
basic_appreq,2754302,2359004972166,944
basic_appreq,2456089,2359007471379,944
basic_appreq,2186500,2359009735445,944
basic_appreq,1883200,2359011668642,944
basic_appreq,2256387,2359013969165,944
basic_appreq,2418457,2359016430803,944
basic_appreq,2129239,2359018607719,944
basic_appreq,2405772,2359021053126,944
basic_appreq,2856089,2359023957572,944
basic_appreq,3083166,2359027078318,944
basic_appreq,2629867,2359029747069,944
basic_appreq,2286241,2359032081073,944
basic_appreq,2456293,2359034578070,944
basic_appreq,2539851,2359037157627,944
basic_appreq,2598780,2359039803494,944
basic_appreq,2996515,2359042874191,944
basic_appreq,2664486,2359045585812,944
basic_appreq,2953790,2359048584713,944
basic_appreq,2046396,2359050669830,944
basic_appreq,1645963,2359052358994,944
basic_appreq,2279492,2359054683781,944
basic_appreq,2071700,2359056796133,944
basic_appreq,2324333,2359059172244,944
basic_appreq,2690044,2359061898717,944
basic_appreq,2086948,2359064039469,944
basic_appreq,2128211,2359066216261,944
basic_appreq,2797187,2359069046120,944
basic_appreq,2534526,2359071619880,944
basic_appreq,2584116,2359074237341,944
basic_appreq,2622871,2359076936792,944
basic_appreq,2230794,2359079212314,944
basic_appreq,2657342,2359081928190,944
basic_appreq,2934881,2359084907921,944
basic_appreq,2259459,2359087203598,944
basic_appreq,3059925,2359090325399,944
basic_appreq,2356212,2359092715785,944
basic_appreq,2675482,2359095430165,944
basic_appreq,2612239,2359098077222,944
basic_appreq,1578722,2359099700842,944
basic_appreq,1665718,2359101408033,944
basic_appreq,2437559,2359103883290,944
basic_appreq,1766266,2359105733154,944
basic_appreq,2420913,2359108201400,944
basic_appreq,2276622,2359110523314,944
basic_appreq,2218752,2359112785512,944
basic_appreq,2177107,2359114998522,944
basic_appreq,2819583,2359117852060,944
basic_appreq,2052791,2359119939063,944
basic_appreq,2452061,2359122425974,944
basic_appreq,2103116,2359124566120,944
basic_appreq,2714441,2359127325445,944
basic_appreq,2731440,2359130093237,944
basic_appreq,2903899,2359133040799,944
basic_appreq,2184809,2359135260918,944
basic_appreq,1645280,2359136943717,944
basic_appreq,2267061,2359139251718,944
basic_appreq,2252778,2359141536568,944
basic_appreq,1940722,2359143515417,944
basic_appreq,2387129,2359145936335,944
basic_appreq,2111067,2359148084815,944
basic_appreq,2826193,2359150965078,944
basic_appreq,2523043,2359153528158,944
basic_appreq,2281287,2359155858360,944
basic_appreq,1970759,2359157863309,944
basic_appreq,2353897,2359160252850,944
basic_appreq,2738891,2359163028294,944
basic_appreq,2388190,2359165464130,944
basic_appreq,2403164,2359167900162,944
basic_appreq,2735314,2359170666095,944
basic_appreq,2739764,2359173438029,944
basic_appreq,2087377,2359175571571,944
basic_appreq,1679153,2359177294714,944
basic_appreq,2373356,2359179707900,944
basic_appreq,2508333,2359182258013,944
basic_appreq,2475486,2359184774142,944
basic_appreq,3114066,2359187941402,944
basic_appreq,2521799,2359190502116,944
basic_appreq,2160974,2359192702764,944
basic_appreq,2167057,2359194913446,944
basic_appreq,2065103,2359197059237,944
basic_appreq,2766606,2359199876571,944
basic_appreq,2944407,2359202854115,944
basic_appreq,2568469,2359205457711,944
basic_appreq,1769956,2359207260993,944
basic_appreq,2664657,2359209957383,944
basic_appreq,2259087,2359212255101,944
basic_appreq,1582496,2359213883037,944
basic_appreq,2443190,2359216382617,944
basic_appreq,2583918,2359219014911,944
basic_appreq,1896633,2359220956325,944
basic_appreq,2426309,2359223431954,944
basic_appreq,2290004,2359225765637,944
basic_appreq,2847087,2359228676689,944
basic_appreq,2431514,2359231146059,944
basic_appreq,2943083,2359234128975,944
basic_appreq,2554483,2359236718629,944
basic_appreq,1951331,2359238705372,944
basic_appreq,2226471,2359240971792,944
basic_appreq,1617768,2359242625849,944
basic_appreq,2043238,2359244721876,944
basic_appreq,1930608,2359246689694,944
basic_appreq,3200975,2359249926630,944
basic_appreq,2372325,2359252339013,944
basic_appreq,2216767,2359254592087,944
basic_appreq,2448360,2359257072833,944
basic_appreq,2524398,2359259631385,944
basic_appreq,2745369,2359262409219,944
basic_appreq,2802547,2359265253129,944
basic_appreq,2224857,2359267512083,944
basic_appreq,2851411,2359270403203,944
basic_appreq,2613614,2359273057359,944
basic_appreq,2526096,2359275622384,944
basic_appreq,2388145,2359278044471,944
basic_appreq,1802929,2359279921325,944
basic_appreq,2684677,2359282652097,944
basic_appreq,2446295,2359285139331,944
basic_appreq,2387663,2359287567538,944
basic_appreq,2612947,2359290223811,944
basic_appreq,2712241,2359292978511,944
basic_appreq,2357242,2359295376096,944
basic_appreq,2971514,2359298384448,944
basic_appreq,2583149,2359300999066,944
basic_appreq,2404875,2359303444659,944
basic_appreq,2641574,2359306125702,944
basic_appreq,1986807,2359308160174,944
basic_appreq,2094323,2359310301424,944
basic_appreq,2302780,2359312644413,944
basic_appreq,2328235,2359315010721,944
basic_appreq,2369196,2359317410785,944
basic_appreq,2511463,2359319952198,944
basic_appreq,2801809,2359322794738,944
basic_appreq,2239337,2359325105495,944
basic_appreq,2250870,2359327398447,944
basic_appreq,2494857,2359329925809,944
basic_appreq,3087402,2359333049732,944
basic_appreq,2474877,2359335564669,944
basic_appreq,3113609,2359338724443,944
basic_appreq,2568664,2359341332485,944
basic_appreq,2609559,2359343982622,944
basic_appreq,2363098,2359346402279,944
basic_appreq,2184083,2359348630089,944
basic_appreq,1554176,2359350226789,944
basic_appreq,1509090,2359351766576,944
basic_appreq,2070487,2359353872870,944
basic_appreq,1872458,2359355776336,944
basic_appreq,1927029,2359357733940,944
basic_appreq,1829587,2359359601345,944
basic_appreq,2065628,2359361702615,944
basic_appreq,2499815,2359364237040,944
basic_appreq,2401244,2359366675378,944
basic_appreq,2602450,2359369316240,944
basic_appreq,2713691,2359372072348,944
basic_appreq,2246157,2359374361683,944
basic_appreq,2613245,2359377012183,944
basic_appreq,2637467,2359379685824,944
basic_appreq,2651944,2359382380019,944
basic_appreq,2443274,2359384868566,944
basic_appreq,2795243,2359387735039,944
basic_appreq,2140332,2359389920532,944
basic_appreq,2488883,2359392447991,944
basic_appreq,1834149,2359394329471,944
basic_appreq,2199855,2359396572591,944
basic_appreq,1734744,2359398347723,944
basic_appreq,2642384,2359401025759,944
basic_appreq,2637954,2359403701819,944
basic_appreq,2201395,2359405935983,944
basic_appreq,2353344,2359408333810,944
basic_appreq,2834256,2359411215943,944
basic_appreq,2809992,2359414076387,944
basic_appreq,2467499,2359416584310,944
basic_appreq,2268350,2359418889625,944
basic_appreq,3112917,2359422039791,944
basic_appreq,2543852,2359424615524,944
basic_appreq,2170210,2359426821437,944
basic_appreq,2330628,2359429184390,944
basic_appreq,2095800,2359431316998,944
basic_appreq,1663414,2359433021388,944
basic_appreq,2454089,2359435518334,944
basic_appreq,2113834,2359437675164,944
basic_appreq,2485146,2359440200427,944
basic_appreq,2238483,2359442486879,944
basic_appreq,1961446,2359444480933,944
basic_appreq,2586387,2359447099929,944
basic_appreq,3044960,2359450184300,944
basic_appreq,2267712,2359452505259,944
basic_appreq,1858997,2359454423018,944
basic_appreq,2016329,2359456476888,944
basic_appreq,2644250,2359459171753,944
basic_appreq,2511693,2359461718180,944
basic_appreq,2010122,2359463769821,944
basic_appreq,2366186,2359466168353,944
basic_appreq,2470777,2359468674970,944
basic_appreq,2439479,2359471154680,944
basic_appreq,2523551,2359473709641,944
basic_appreq,3012688,2359476762264,944
basic_appreq,2057587,2359478859425,944
basic_appreq,2119524,2359481009425,944
basic_appreq,1765433,2359482808763,944
basic_appreq,2368711,2359485215956,944
basic_appreq,2396609,2359487658956,944
basic_appreq,2283884,2359489976482,944
basic_appreq,1969713,2359491985549,944
basic_appreq,2658365,2359494713927,944
basic_appreq,2787652,2359497555340,944
basic_appreq,2477649,2359500102145,944
basic_appreq,2148604,2359502285973,944
basic_appreq,2378540,2359504705208,944
basic_appreq,2578682,2359507320578,944
basic_appreq,2692149,2359510066504,944
basic_appreq,2053536,2359512182556,944
basic_appreq,1742107,2359513969100,944
basic_appreq,2757710,2359516759147,944
basic_appreq,2291126,2359519083495,944
basic_appreq,2715961,2359521836350,944
basic_appreq,2771111,2359524641414,944
basic_appreq,2312906,2359526989042,944
basic_appreq,2879087,2359529938446,944
basic_appreq,2148237,2359532124559,944
basic_appreq,1664473,2359533887869,944
basic_appreq,2355414,2359536285961,944
basic_appreq,2575112,2359538906952,944
basic_appreq,2030502,2359540977912,944
basic_appreq,2334676,2359543349872,944
basic_appreq,2635706,2359546021807,944
basic_appreq,2694159,2359548751617,944
basic_appreq,2256839,2359551045533,944
basic_appreq,2492126,2359553573711,944
basic_appreq,2921919,2359556539446,944
basic_appreq,2293632,2359558875334,944
basic_appreq,2925276,2359561850688,944
basic_appreq,2337428,2359564229195,944
basic_appreq,1600042,2359565910093,944
basic_appreq,2232535,2359568181404,944
basic_appreq,2163726,2359570387952,944
basic_appreq,2246127,2359572670277,944
basic_appreq,2231476,2359574952548,944
basic_appreq,1971251,2359576959155,944
basic_appreq,1912039,2359578910700,944
basic_appreq,1987098,2359580931822,944
basic_appreq,2145148,2359583115538,944
basic_appreq,2394824,2359585544105,944
basic_appreq,2781448,2359588363136,944
basic_appreq,2922558,2359591320091,944
basic_appreq,2450972,2359593804399,944
basic_appreq,2025973,2359595867708,944
basic_appreq,2309781,2359598211449,944
basic_appreq,2590726,2359600840888,944
basic_appreq,2939708,2359603813697,944
basic_appreq,2149390,2359606003216,944
basic_appreq,1669211,2359607713939,944
basic_appreq,2315066,2359610061923,944
basic_appreq,2441956,2359612549355,944
basic_appreq,2233108,2359614819290,944
basic_appreq,2305223,2359617157686,944
basic_appreq,2764808,2359619961850,944
basic_appreq,2484892,2359622479700,944
basic_appreq,2223640,2359624741764,944
basic_appreq,2171891,2359626944675,944
basic_appreq,2998859,2359629987094,944
basic_appreq,2212549,2359632231738,944
basic_appreq,2695437,2359634964719,944
basic_appreq,2437226,2359637437655,944
basic_appreq,2809496,2359640284929,944
basic_appreq,2004928,2359642328036,944
basic_appreq,1748770,2359644109807,944
basic_appreq,2366298,2359646527344,944
basic_appreq,2546758,2359649105696,944
basic_appreq,2498758,2359651650431,944
basic_appreq,1719354,2359653402255,944
basic_appreq,2283554,2359655722334,944
basic_appreq,1933689,2359657693522,944
basic_appreq,2735002,2359660473221,944
basic_appreq,2022531,2359662533813,944
basic_appreq,1489841,2359664068411,944
basic_appreq,1915773,2359666015634,944
basic_appreq,1385977,2359667437089,944
basic_appreq,2314559,2359669787730,944
basic_appreq,1413558,2359671235141,944
basic_appreq,1778571,2359673050135,944
basic_appreq,1296617,2359674383977,944
basic_appreq,1654646,2359676067608,944
basic_appreq,1240285,2359677347482,944
basic_appreq,1303425,2359678686066,944
basic_appreq,1492376,2359680205579,944
#end,11,1776,944
