basic_1BT,2340450,868255590841799,80
basic_1BT,2322800,868255593261038,80
basic_1BT,2401819,868255595728289,80
basic_1BT,2267401,868255598058686,80
basic_1BT,2575853,868255600696108,80
basic_1BT,2446974,868255603208845,80
basic_1BT,2319953,868255605588091,80
basic_1BT,2075198,868255607724667,80
basic_1BT,2326939,868255610110262,80
basic_1BT,2181264,868255612357250,80
basic_1BT,2136225,868255614555755,80
basic_1BT,2295732,868255616910744,80
basic_1BT,2427358,868255619400552,80
basic_1BT,2219283,868255621678908,80
basic_1BT,2855661,868255624595851,80
basic_1BT,2262309,868255626920099,80
basic_1BT,2181330,868255629160181,80
basic_1BT,2303028,868255631528852,80
basic_1BT,2288324,868255633876068,80
basic_1BT,2551868,868255636489750,80
basic_1BT,2191127,868255638742451,80
basic_1BT,2134004,868255640935829,80
basic_1BT,2104542,868255643102354,80
basic_1BT,2219409,868255645381292,80
basic_1BT,2251098,868255647694484,80
basic_1BT,2213379,868255649966745,80
basic_1BT,2424707,868255652453882,80
basic_1BT,2138355,868255654654437,80
basic_1BT,2494540,868255657208595,80
basic_1BT,2442187,868255659712371,80
basic_1BT,2293075,868255662065010,80
basic_1BT,2387074,868255664514540,80
basic_1BT,2193599,868255666771170,80
basic_1BT,2440333,868255669274309,80
basic_1BT,2239194,868255671576009,80
basic_1BT,2350454,868255673985115,80
basic_1BT,2364326,868255676411546,80
basic_1BT,2012752,868255678486132,80
basic_1BT,2770597,868255681316207,80
basic_1BT,3052469,868255684430751,80
basic_1BT,3259681,868255687752672,80
basic_1BT,2952341,868255690764320,80
basic_1BT,2101970,868255692928511,80
basic_1BT,2233286,868255695224397,80
basic_1BT,2237240,868255697520554,80
basic_1BT,2482602,868255700065351,80
basic_1BT,2503220,868255702631236,80
basic_1BT,2319848,868255705009901,80
basic_1BT,2186276,868255707258502,80
basic_1BT,2197397,868255709514852,80
basic_1BT,2187630,868255711765128,80
basic_1BT,2584819,868255714408608,80
basic_1BT,2103163,868255716573134,80
basic_1BT,2128427,868255718764072,80
basic_1BT,2742873,868255721565922,80
basic_1BT,2116780,868255723744992,80
basic_1BT,1894321,868255725698761,80
basic_1BT,2080043,868255727841331,80
basic_1BT,2093761,868255729995828,80
basic_1BT,1998288,868255732056628,80
basic_1BT,2039620,868255734159219,80
basic_1BT,2130015,868255736348076,80
basic_1BT,2219118,868255738628988,80
basic_1BT,2751267,868255741440080,80
basic_1BT,2203185,868255743705245,80
basic_1BT,2242171,868255746010238,80
basic_1BT,2219164,868255748291200,80
basic_1BT,2144148,868255750497599,80
basic_1BT,2795630,868255753352407,80
basic_1BT,2226434,868255755640801,80
basic_1BT,2163278,868255757863222,80
basic_1BT,2312826,868255760238328,80
basic_1BT,2150718,868255762451316,80
basic_1BT,2100306,868255764610334,80
basic_1BT,2262574,868255766935629,80
basic_1BT,2099835,868255769094617,80
basic_1BT,2323862,868255771480944,80
basic_1BT,2621054,868255774161081,80
basic_1BT,1937958,868255776161199,80
basic_1BT,2182016,868255778405235,80
basic_1BT,2254762,868255780720111,80
basic_1BT,2135944,868255782941234,80
basic_1BT,2304502,868255785304432,80
basic_1BT,2176669,868255787543371,80
basic_1BT,2318639,868255789920878,80
basic_1BT,2363805,868255792346622,80
basic_1BT,2297756,868255794706232,80
basic_1BT,2293656,868255797059282,80
basic_1BT,2443376,868255799564391,80
basic_1BT,2168615,868255801791823,80
basic_1BT,2305358,868255804158936,80
basic_1BT,3059435,868255807280656,80
basic_1BT,2384117,868255809723625,80
basic_1BT,2315702,868255812102275,80
basic_1BT,2237321,868255814402286,80
basic_1BT,2229031,868255816690345,80
basic_1BT,2305428,868255819058996,80
basic_1BT,2500378,868255821618616,80
basic_1BT,2519207,868255824199572,80
basic_1BT,2541668,868255826803145,80
basic_1BT,2129018,868255828991305,80
basic_1BT,2379892,868255831432912,80
basic_1BT,2273024,868255833764792,80
basic_1BT,2265015,868255836091606,80
basic_1BT,2225377,868255838380502,80
basic_1BT,2183690,868255840623319,80
basic_1BT,2420602,868255843105360,80
basic_1BT,2448402,868255845613070,80
basic_1BT,2241675,868255847916524,80
basic_1BT,2256806,868255850232929,80
basic_1BT,2390021,868255852684919,80
basic_1BT,2286234,868255855052167,80
basic_1BT,2378940,868255857489783,80
basic_1BT,2133003,868255859684775,80
basic_1BT,2754195,868255862498448,80
basic_1BT,2258781,868255864818882,80
basic_1BT,2309357,868255867190064,80
basic_1BT,2234083,868255869483429,80
basic_1BT,2118925,868255871664268,80
basic_1BT,2353476,868255874077132,80
basic_1BT,2396561,868255876535908,80
basic_1BT,2140821,868255878739295,80
basic_1BT,2335590,868255881134142,80
basic_1BT,2097530,868255883293782,80
basic_1BT,2243905,868255885596705,80
basic_1BT,2120929,868255887780370,80
basic_1BT,2302317,868255890142456,80
basic_1BT,2197443,868255892402078,80
basic_1BT,2224290,868255894688157,80
basic_1BT,2358352,868255897114066,80
basic_1BT,2264659,868255899440755,80
basic_1BT,2216437,868255901716550,80
basic_1BT,2090388,868255903869484,80
basic_1BT,2175506,868255906104278,80
basic_1BT,2313392,868255908480311,80
basic_1BT,2667668,868255911210018,80
basic_1BT,2342911,868255913612137,80
basic_1BT,2279388,868255915953209,80
basic_1BT,2351556,868255918389438,80
basic_1BT,2125485,868255920635940,80
basic_1BT,2156633,868255922854501,80
basic_1BT,2262152,868255925175892,80
basic_1BT,2129640,868255927367536,80
basic_1BT,2133323,868255929559762,80
basic_1BT,2451989,868255932073781,80
basic_1BT,2349051,868255934485813,80
basic_1BT,2419414,868255936964862,80
basic_1BT,2371417,868255939398694,80
basic_1BT,2151024,868255941608786,80
basic_1BT,2485363,868255944156214,80
basic_1BT,2639728,868255946857395,80
basic_1BT,2324584,868255949240800,80
basic_1BT,2145722,868255951448156,80
basic_1BT,2145391,868255953652669,80
basic_1BT,2433708,868255956148031,80
basic_1BT,2715063,868255958925353,80
basic_1BT,2241053,868255961225600,80
basic_1BT,2173261,868255963461883,80
basic_1BT,2407201,868255965927976,80
basic_1BT,2246446,868255968236623,80
basic_1BT,2149240,868255970447832,80
basic_1BT,2029677,868255972537037,80
basic_1BT,2099655,868255974698561,80
basic_1BT,2244953,868255977003078,80
basic_1BT,2132091,868255979197534,80
basic_1BT,2225854,868255981482510,80
basic_1BT,2121405,868255983665394,80
basic_1BT,2183134,868255985907665,80
basic_1BT,2070106,868255988039961,80
basic_1BT,2177515,868255990282724,80
basic_1BT,2183134,868255992524625,80
basic_1BT,2253519,868255994840042,80
basic_1BT,1989679,868255996888668,80
basic_1BT,2306853,868255999257104,80
basic_1BT,2112089,868256001429062,80
basic_1BT,2178182,868256003669620,80
basic_1BT,2209250,868256005939301,80
basic_1BT,2577828,868256008579534,80
basic_1BT,2101027,868256010742682,80
basic_1BT,2325110,868256013127049,80
basic_1BT,2152143,868256015341281,80
basic_1BT,2207771,868256017607930,80
basic_1BT,2247704,868256019917749,80
basic_1BT,2426716,868256022404400,80
basic_1BT,2179416,868256024645644,80
basic_1BT,2480922,868256027189503,80
basic_1BT,2291196,868256029539892,80
basic_1BT,2480342,868256032081987,80
basic_1BT,2242171,868256034386073,80
basic_1BT,2215635,868256036660855,80
basic_1BT,2240884,868256038963859,80
basic_1BT,2240809,868256041263574,80
basic_1BT,2486405,868256043812490,80
basic_1BT,2282991,868256046154339,80
basic_1BT,2168315,868256048384493,80
basic_1BT,2282601,868256050729027,80
basic_1BT,2564026,868256053352046,80
basic_1BT,2826928,868256056241380,80
basic_1BT,2924445,868256059228365,80
basic_1BT,1988952,868256061276515,80
basic_1BT,2079954,868256063418719,80
basic_1BT,2126512,868256065604600,80
basic_1BT,2195588,868256067862619,80
basic_1BT,2137132,868256070058908,80
basic_1BT,2479830,868256072600667,80
basic_1BT,2244042,868256074906878,80
basic_1BT,2289843,868256077256204,80
basic_1BT,2681149,868256079999619,80
basic_1BT,2141236,868256082234733,80
basic_1BT,2058704,868256084352560,80
basic_1BT,2183390,868256086598596,80
basic_1BT,2185069,868256088843043,80
basic_1BT,2124367,868256091029279,80
basic_1BT,2215936,868256093304342,80
basic_1BT,3541553,868256096907814,80
basic_1BT,3893703,868256100864324,80
basic_1BT,3248555,868256104174702,80
basic_1BT,2165052,868256106401529,80
basic_1BT,2022370,868256108482665,80
basic_1BT,1948849,868256110494841,80
basic_1BT,2301594,868256112855333,80
basic_1BT,2177741,868256115095430,80
basic_1BT,2216958,868256117390650,80
basic_1BT,2528909,868256119982295,80
basic_1BT,2471290,868256122542418,80
basic_1BT,2375482,868256124980290,80
basic_1BT,2275128,868256127318014,80
basic_1BT,2153394,868256129530697,80
basic_1BT,2120509,868256131713420,80
basic_1BT,2190482,868256133963425,80
basic_1BT,2307785,868256136333680,80
basic_1BT,2141026,868256138536796,80
basic_1BT,2118298,868256140714567,80
basic_1BT,2030128,868256142806785,80
basic_1BT,2186558,868256145052259,80
basic_1BT,2651139,868256147765728,80
basic_1BT,2314084,868256150138930,80
basic_1BT,2322905,868256152547008,80
basic_1BT,2219474,868256154829824,80
basic_1BT,2199732,868256157088905,80
basic_1BT,2326603,868256159478019,80
basic_1BT,2111272,868256161647947,80
basic_1BT,2285693,868256163995991,80
basic_1BT,2243630,868256166333088,80
basic_1BT,2397123,868256168789383,80
basic_1BT,2198189,868256171049963,80
basic_1BT,2380258,868256173489755,80
basic_1BT,2108956,868256175660770,80
basic_1BT,2124828,868256177844897,80
basic_1BT,2073288,868256179980701,80
basic_1BT,2647446,868256182717936,80
basic_1BT,2777018,868256185556932,80
basic_1BT,2979649,868256188598495,80
basic_1BT,2772772,868256191433413,80
basic_1BT,3196565,868256194689736,80
basic_1BT,2662661,868256197415338,80
basic_1BT,2589185,868256200063901,80
basic_1BT,2585762,868256202720573,80
basic_1BT,2189044,868256204968769,80
basic_1BT,2178809,868256207210128,80
basic_1BT,2466118,868256209735555,80
basic_1BT,2358899,868256212157034,80
basic_1BT,2396301,868256214615970,80
basic_1BT,2186070,868256216860833,80
basic_1BT,2203126,868256219127477,80
basic_1BT,2185304,868256221371938,80
basic_1BT,2349121,868256223783414,80
basic_1BT,2583732,868256226427021,80
basic_1BT,2243585,868256228732445,80
basic_1BT,2024655,868256230818909,80
basic_1BT,2255903,868256233134381,80
basic_1BT,1959659,868256235155814,80
basic_1BT,2301299,868256237516321,80
basic_1BT,2167518,868256239746133,80
basic_1BT,2373142,868256242178302,80
basic_1BT,2088204,868256244329828,80
basic_1BT,2532423,868256246925839,80
basic_1BT,2121185,868256249106357,80
basic_1BT,2197677,868256251366315,80
basic_1BT,2069073,868256253494536,80
basic_1BT,2270157,868256255826828,80
basic_1BT,2163639,868256258049845,80
basic_1BT,2311979,868256260423788,80
basic_1BT,2619695,868256263105639,80
basic_1BT,2519728,868256265684895,80
basic_1BT,2223102,868256267969862,80
basic_1BT,2668629,868256270731823,80
basic_1BT,2565323,868256273359648,80
basic_1BT,2289181,868256275710964,80
basic_1BT,2265456,868256278035683,80
basic_1BT,2420146,868256280517743,80
basic_1BT,2105834,868256282686263,80
basic_1BT,2339899,868256285085385,80
basic_1BT,2028710,868256287176991,80
basic_1BT,2151310,868256289388000,80
basic_1BT,2116560,868256291566574,80
basic_1BT,2426065,868256294051762,80
basic_1BT,2443516,868256296557181,80
basic_1BT,2453138,868256299072414,80
basic_1BT,2241460,868256301372686,80
basic_1BT,2536873,868256303972204,80
basic_1BT,2994308,868256307055756,80
basic_1BT,2854413,868256309972764,80
basic_1BT,3201600,868256313236564,80
basic_1BT,2034694,868256315333117,80
basic_1BT,2389896,868256317782512,80
basic_1BT,2103784,868256319948215,80
basic_1BT,2023072,868256322060018,80
basic_1BT,2331214,868256324453352,80
basic_1BT,2447214,868256326962710,80
basic_1BT,2221999,868256329244278,80
basic_1BT,2245740,868256331552153,80
basic_1BT,2251598,868256333862845,80
basic_1BT,2334662,868256336260092,80
basic_1BT,2075960,868256338398182,80
basic_1BT,2330678,868256340788092,80
basic_1BT,2428299,868256343278938,80
basic_1BT,2235315,868256345573271,80
basic_1BT,2285653,868256347921104,80
basic_1BT,2520780,868256350501417,80
basic_1BT,2280310,868256352844308,80
basic_1BT,2328227,868256355234064,80
basic_1BT,2240899,868256357534055,80
basic_1BT,2495217,868256360091757,80
basic_1BT,2308125,868256362462523,80
basic_1BT,2193438,868256364715489,80
basic_1BT,2253277,868256367030436,80
basic_1BT,2429212,868256369519076,80
basic_1BT,2011308,868256371592620,80
basic_1BT,1936349,868256373587531,80
basic_1BT,2083868,868256375733498,80
basic_1BT,2539509,868256378332195,80
basic_1BT,2464534,868256380860743,80
basic_1BT,2118599,868256383061689,80
basic_1BT,2676378,868256385796879,80
basic_1BT,2338446,868256388197635,80
basic_1BT,2565931,868256390826923,80
basic_1BT,2463808,868256393349803,80
basic_1BT,2498704,868256395910817,80
basic_1BT,2265221,868256398234950,80
basic_1BT,2111849,868256400408432,80
basic_1BT,2223378,868256402694004,80
basic_1BT,2237731,868256404990763,80
basic_1BT,2176930,868256407229898,80
basic_1BT,2343037,868256409632292,80
basic_1BT,2045012,868256411740056,80
basic_1BT,2333515,868256414132788,80
basic_1BT,2427112,868256416622055,80
basic_1BT,2166199,868256418850986,80
basic_1BT,2351431,868256421261169,80
basic_1BT,2241034,868256423563526,80
basic_1BT,2074521,868256425697150,80
basic_1BT,2170269,868256427929879,80
basic_1BT,2875952,868256430865115,80
basic_1BT,3240877,868256434168758,80
basic_1BT,3306866,868256437537704,80
basic_1BT,3048500,868256440649145,80
basic_1BT,2145296,868256442856510,80
basic_1BT,2109618,868256445025156,80
basic_1BT,2146098,868256447233338,80
basic_1BT,2120818,868256449413681,80
basic_1BT,2166450,868256451642411,80
basic_1BT,2314460,868256454015928,80
basic_1BT,2413962,868256456491854,80
basic_1BT,2099073,868256458653113,80
basic_1BT,2148764,868256460861396,80
basic_1BT,2019168,868256462943309,80
basic_1BT,2117066,868256465120259,80
basic_1BT,2744266,868256467926905,80
basic_1BT,2364020,868256470350244,80
basic_1BT,2232374,868256472644958,80
basic_1BT,2304261,868256475010732,80
basic_1BT,2194936,868256477265327,80
basic_1BT,2166064,868256479493206,80
basic_1BT,2174029,868256481726507,80
basic_1BT,2144033,868256483932895,80
basic_1BT,2301870,868256486294039,80
basic_1BT,2409025,868256488764948,80
basic_1BT,2116283,868256490943807,80
basic_1BT,2201827,868256493204832,80
basic_1BT,2298593,868256495565656,80
basic_1BT,2107248,868256497731840,80
basic_1BT,2174959,868256499969025,80
basic_1BT,2348995,868256502406637,80
basic_1BT,2149391,868256504618754,80
basic_1BT,2715097,868256507395876,80
basic_1BT,2366817,868256509822050,80
basic_1BT,2270228,868256512154302,80
basic_1BT,2498930,868256514715286,80
basic_1BT,2294609,868256517068923,80
basic_1BT,2241544,868256519372452,80
basic_1BT,2241285,868256521673736,80
basic_1BT,2446623,868256524182378,80
basic_1BT,2381701,868256526649760,80
basic_1BT,2131073,868256528839770,80
basic_1BT,2127069,868256531028567,80
basic_1BT,2294628,868256533382584,80
basic_1BT,2354419,868256535799623,80
basic_1BT,2611608,868256538470413,80
basic_1BT,2375563,868256540907784,80
basic_1BT,2223302,868256543192816,80
basic_1BT,2498693,868256545751033,80
basic_1BT,2276026,868256548089233,80
basic_1BT,2117205,868256550268869,80
basic_1BT,2320042,868256552648240,80
basic_1BT,2065967,868256554776381,80
basic_1BT,3013318,868256557849112,80
basic_1BT,2832155,868256560743418,80
basic_1BT,2840129,868256563646207,80
basic_1BT,3296767,868256567003782,80
basic_1BT,3082975,868256570148651,80
basic_1BT,2120098,868256572331103,80
basic_1BT,2425974,868256574819202,80
basic_1BT,2183966,868256577062131,80
basic_1BT,2306286,868256579431188,80
basic_1BT,2274969,868256581765008,80
basic_1BT,2166060,868256583994039,80
basic_1BT,2404620,868256586489009,80
basic_1BT,2226911,868256588775138,80
basic_1BT,2416393,868256591253555,80
basic_1BT,2157640,868256593470157,80
basic_1BT,2306285,868256595838658,80
basic_1BT,2499671,868256598397733,80
basic_1BT,2089746,868256600549439,80
basic_1BT,2307012,868256602918591,80
basic_1BT,2226370,868256605204218,80
basic_1BT,2461948,868256607728377,80
basic_1BT,2662616,868256610450507,80
basic_1BT,2698024,868256613210945,80
basic_1BT,2433041,868256615706001,80
basic_1BT,2510151,868256618275695,80
basic_1BT,2268598,868256620606619,80
basic_1BT,2086699,868256622756786,80
basic_1BT,2102471,868256624918470,80
basic_1BT,2160918,868256627141642,80
basic_1BT,2274622,868256629475497,80
basic_1BT,2169372,868256631707184,80
basic_1BT,2220852,868256633987059,80
basic_1BT,2119736,868256636169226,80
basic_1BT,2072602,868256638303902,80
basic_1BT,2197037,868256640560106,80
basic_1BT,2220802,868256642843539,80
basic_1BT,2384227,868256645286719,80
basic_1BT,2464269,868256647830377,80
basic_1BT,2261346,868256650150997,80
basic_1BT,2163669,868256652376364,80
basic_1BT,2380895,868256654819629,80
basic_1BT,2196531,868256657075307,80
basic_1BT,2384488,868256659522556,80
basic_1BT,2383666,868256661965525,80
basic_1BT,2108004,868256664135469,80
basic_1BT,2358668,868256666558141,80
basic_1BT,2103759,868256668721288,80
basic_1BT,2218451,868256671001914,80
basic_1BT,2130968,868256673191854,80
basic_1BT,2260008,868256675515000,80
basic_1BT,2528553,868256678102696,80
basic_1BT,2907837,868256681072862,80
basic_1BT,2784489,868256683919823,80
basic_1BT,2345001,868256686324192,80
basic_1BT,2289341,868256688675724,80
basic_1BT,2306661,868256691044871,80
basic_1BT,2339869,868256693444128,80
basic_1BT,2263978,868256695769794,80
basic_1BT,2302798,868256698131679,80
basic_1BT,2046405,868256700241954,80
basic_1BT,2305454,868256702609006,80
basic_1BT,2293075,868256704961370,80
basic_1BT,2080907,868256707104160,80
basic_1BT,2064318,868256709227515,80
basic_1BT,2087827,868256711377231,80
basic_1BT,2136261,868256713572273,80
basic_1BT,2095455,868256715729988,80
basic_1BT,2375176,868256718164603,80
basic_1BT,2199973,868256720427332,80
basic_1BT,2368231,868256722858218,80
basic_1BT,2606715,868256725524247,80
basic_1BT,2447399,868256728034096,80
basic_1BT,2237661,868256730338528,80
basic_1BT,2192972,868256732590754,80
basic_1BT,2261221,868256734914686,80
basic_1BT,2231176,868256737204699,80
basic_1BT,1918848,868256739185572,80
basic_1BT,2368942,868256741613807,80
basic_1BT,2034954,868256743711256,80
basic_1BT,2264809,868256746035399,80
basic_1BT,2213489,868256748310547,80
basic_1BT,2336135,868256750709098,80
basic_1BT,2521131,868256753289357,80
basic_1BT,2326964,868256755679032,80
basic_1BT,2172920,868256757911050,80
basic_1BT,2331570,868256760305291,80
basic_1BT,2137428,868256762504948,80
basic_1BT,2128532,868256764692839,80
basic_1BT,2060684,868256766816128,80
basic_1BT,2135083,868256769011190,80
basic_1BT,1988672,868256771063655,80
basic_1BT,2049613,868256773172256,80
basic_1BT,2040106,868256775275403,80
basic_1BT,2120714,868256777455425,80
basic_1BT,2392132,868256779909801,80
basic_1BT,2413199,868256782381928,80
basic_1BT,2398165,868256784842232,80
basic_1BT,2319056,868256787223192,80
basic_1BT,2513924,868256789796330,80
basic_1BT,2261111,868256792118789,80
basic_1BT,2431933,868256794613819,80
basic_1BT,2254646,868256796927697,80
basic_1BT,2133815,868256799123481,80
basic_1BT,2166731,868256801349766,80
basic_1BT,2051763,868256803463930,80
basic_1BT,2530974,868256806054563,80
basic_1BT,2688837,868256808806025,80
basic_1BT,2859880,868256811754883,80
basic_1BT,2723482,868256814537808,80
basic_1BT,2834992,868256817435256,80
basic_1BT,3177359,868256820674144,80
basic_1BT,2109458,868256822847224,80
basic_1BT,2216692,868256825122598,80
basic_1BT,2067675,868256827252568,80
basic_1BT,1984702,868256829297270,80
basic_1BT,2081949,868256831441444,80
basic_1BT,2217540,868256833718141,80
basic_1BT,2407466,868256836189150,80
basic_1BT,2189359,868256838440669,80
basic_1BT,2115983,868256840615674,80
basic_1BT,2193559,868256842871307,80
basic_1BT,2666364,868256845597125,80
basic_1BT,2064764,868256847724223,80
basic_1BT,2362452,868256850146374,80
basic_1BT,2099334,868256852307968,80
basic_1BT,2130602,868256854501246,80
basic_1BT,2174885,868256856735414,80
basic_1BT,2263251,868256859060103,80
basic_1BT,1980773,868256861100775,80
basic_1BT,2523501,868256863686201,80
basic_1BT,2156893,868256865902672,80
basic_1BT,1952136,868256867917775,80
basic_1BT,2241295,868256870217982,80
basic_1BT,2117186,868256872397503,80
basic_1BT,2214352,868256874673408,80
basic_1BT,2188562,868256876921062,80
basic_1BT,2116699,868256879100453,80
basic_1BT,2273219,868256881433025,80
basic_1BT,2078902,868256883574517,80
basic_1BT,2457027,868256886091178,80
basic_1BT,2219314,868256888372024,80
basic_1BT,2162757,868256890596680,80
basic_1BT,2201116,868256892857601,80
basic_1BT,2114900,868256895057283,80
basic_1BT,2071338,868256897188386,80
basic_1BT,2070276,868256899320662,80
basic_1BT,2202133,868256901582169,80
basic_1BT,2049924,868256903694839,80
basic_1BT,2233467,868256906010351,80
basic_1BT,2391740,868256908464631,80
basic_1BT,2171998,868256910699271,80
basic_1BT,2207156,868256912965764,80
basic_1BT,2115336,868256915143420,80
basic_1BT,2209515,868256917411923,80
basic_1BT,2200215,868256919674467,80
basic_1BT,2251864,868256921985539,80
basic_1BT,2131033,868256924178436,80
basic_1BT,2180136,868256926421520,80
basic_1BT,2167447,868256928648010,80
basic_1BT,2943716,868256931653815,80
basic_1BT,3106234,868256934819593,80
basic_1BT,2762258,868256937643584,80
basic_1BT,3080674,868256940783676,80
basic_1BT,3264313,868256944110554,80
basic_1BT,2899768,868256947076807,80
basic_1BT,2735751,868256949871381,80
basic_1BT,3160916,868256953094316,80
basic_1BT,2720095,868256955876495,80
basic_1BT,2751387,868256958686810,80
basic_1BT,2557781,868256961306626,80
basic_1BT,1947024,868256963315324,80
basic_1BT,2456831,868256965831990,80
basic_1BT,2464199,868256968359080,80
basic_1BT,2289255,868256970710506,80
basic_1BT,2439571,868256973208859,80
basic_1BT,2164280,868256975435545,80
basic_1BT,2237045,868256977731682,80
basic_1BT,2167193,868256979961435,80
basic_1BT,2138666,868256982192300,80
basic_1BT,2124452,868256984379408,80
basic_1BT,2629012,868256987071082,80
basic_1BT,2174544,868256989305350,80
basic_1BT,2243680,868256991611500,80
basic_1BT,2019182,868256993690442,80
basic_1BT,2154488,868256995907174,80
basic_1BT,2218086,868256998184743,80
basic_1BT,2083036,868257000330736,80
basic_1BT,2147400,868257002540748,80
basic_1BT,2634234,868257005234586,80
basic_1BT,2282641,868257007579231,80
basic_1BT,2201813,868257009840337,80
basic_1BT,2206118,868257012108840,80
basic_1BT,2239711,868257014411026,80
basic_1BT,2144413,868257016614187,80
basic_1BT,2127700,868257018804017,80
basic_1BT,2091010,868257020954144,80
basic_1BT,2393895,868257023410544,80
basic_1BT,2368605,868257025838729,80
basic_1BT,2456662,868257028357605,80
basic_1BT,2273970,868257030693345,80
basic_1BT,2200360,868257032952812,80
basic_1BT,2361274,868257035376045,80
basic_1BT,2524329,868257037959456,80
basic_1BT,2748451,868257040769535,80
basic_1BT,2196109,868257043027810,80
basic_1BT,2314369,868257045401543,80
basic_1BT,2250261,868257047714058,80
basic_1BT,2254080,868257050027285,80
basic_1BT,2186266,868257052275316,80
basic_1BT,2253864,868257054591529,80
basic_1BT,3069623,868257057720065,80
basic_1BT,3082023,868257060863766,80
basic_1BT,3041469,868257063967645,80
basic_1BT,2602355,868257066659158,80
basic_1BT,2128477,868257068849884,80
basic_1BT,2254325,868257071166625,80
basic_1BT,2302523,868257073528435,80
basic_1BT,2329034,868257075919479,80
basic_1BT,2180448,868257078158738,80
basic_1BT,2359259,868257080580162,80
basic_1BT,2317307,868257082959989,80
basic_1BT,2047358,868257085066706,80
basic_1BT,2074802,868257087203777,80
basic_1BT,1806367,868257089069542,80
basic_1BT,2047308,868257091180132,80
basic_1BT,2077659,868257093317179,80
basic_1BT,2234830,868257095614049,80
basic_1BT,2161414,868257097835081,80
basic_1BT,2172344,868257100069560,80
basic_1BT,2170430,868257102303507,80
basic_1BT,2316174,868257104678990,80
basic_1BT,2331790,868257107073190,80
basic_1BT,2220597,868257109353099,80
basic_1BT,2476678,868257111892569,80
basic_1BT,27714598,868257139666190,80
basic_1BT,2607568,868257142336529,80
basic_1BT,2651224,868257145046826,80
basic_1BT,2568742,868257147677332,80
basic_1BT,2789506,868257150525766,80
basic_1BT,2042231,868257152631134,80
basic_1BT,2506738,868257155199987,80
basic_1BT,2043965,868257157303115,80
basic_1BT,2183856,868257159549386,80
basic_1BT,2469667,868257162078200,80
basic_1BT,2449855,868257164590231,80
basic_1BT,2176248,868257166828669,80
basic_1BT,2221374,868257169108829,80
basic_1BT,2343137,868257171513870,80
basic_1BT,2483008,868257174056306,80
basic_1BT,2139818,868257176258249,80
basic_1BT,2190506,868257178510700,80
basic_1BT,2744732,868257181315211,80
basic_1BT,3066902,868257184444648,80
basic_1BT,3072972,868257187579815,80
basic_1BT,3247051,868257190886104,80
basic_1BT,2202665,868257193151209,80
basic_1BT,2215124,868257195428312,80
basic_1BT,2353366,868257197840716,80
basic_1BT,2259552,868257200162242,80
basic_1BT,2019418,868257202262924,80
basic_1BT,2661794,868257204984136,80
basic_1BT,2160106,868257207206802,80
basic_1BT,2260660,868257209526314,80
basic_1BT,2023372,868257211612437,80
basic_1BT,2260519,868257213932135,80
basic_1BT,2071585,868257216066816,80
basic_1BT,2037941,868257218168380,80
basic_1BT,2037179,868257220264732,80
basic_1BT,2412979,868257222740628,80
basic_1BT,2408093,868257225208300,80
basic_1BT,2156973,868257227427648,80
basic_1BT,2099915,868257229587137,80
basic_1BT,2086224,868257231735525,80
basic_1BT,2306337,868257234100949,80
basic_1BT,1990666,868257236153534,80
basic_1BT,2515844,868257238731788,80
basic_1BT,2381406,868257241172171,80
basic_1BT,2212863,868257243447636,80
basic_1BT,2075428,868257245582638,80
basic_1BT,2173562,868257247818635,80
basic_1BT,2135799,868257250013481,80
basic_1BT,2136902,868257252212021,80
basic_1BT,2372816,868257254647639,80
basic_1BT,2181396,868257256888437,80
basic_1BT,2115716,868257259066464,80
basic_1BT,2150172,868257261276075,80
basic_1BT,2152163,868257263490592,80
basic_1BT,1984506,868257265534281,80
basic_1BT,1970524,868257267566734,80
basic_1BT,2019448,868257269645505,80
basic_1BT,2601339,868257272309229,80
basic_1BT,2104451,868257274476406,80
basic_1BT,2066523,868257276602723,80
basic_1BT,2164581,868257278829659,80
basic_1BT,2076756,868257280965678,80
basic_1BT,2212548,868257283240135,80
basic_1BT,2205611,868257285508899,80
basic_1BT,1988946,868257287559835,80
basic_1BT,2105548,868257289725263,80
basic_1BT,1911752,868257291721777,80
basic_1BT,2101273,868257293882394,80
basic_1BT,1965983,868257295910948,80
basic_1BT,2194025,868257298163779,80
basic_1BT,1739852,868257299966458,80
basic_1BT,1898361,868257301952593,80
basic_1BT,2327074,868257304341963,80
basic_1BT,3173069,868257307577422,80
basic_1BT,2624993,868257310262806,80
basic_1BT,2541629,868257312867442,80
basic_1BT,2418898,868257315348019,80
basic_1BT,2074857,868257317482019,80
basic_1BT,2326252,868257319870907,80
basic_1BT,2148910,868257322078638,80
basic_1BT,2025186,868257324165593,80
basic_1BT,2215464,868257326444034,80
basic_1BT,2073604,868257328577091,80
basic_1BT,2143658,868257330783159,80
basic_1BT,2118238,868257332960590,80
basic_1BT,2131599,868257335154845,80
basic_1BT,1968635,868257337183098,80
basic_1BT,2403597,868257339648926,80
basic_1BT,2095716,868257341803895,80
basic_1BT,2117196,868257343983421,80
basic_1BT,2078670,868257346151144,80
basic_1BT,2111567,868257348324956,80
basic_1BT,2012247,868257350399522,80
basic_1BT,2063787,868257352522732,80
basic_1BT,2196280,868257354781136,80
basic_1BT,2161629,868257357002158,80
basic_1BT,2106796,868257359171616,80
basic_1BT,2112004,868257361343223,80
basic_1BT,2153926,868257363558868,80
basic_1BT,2006463,868257365624964,80
basic_1BT,1841098,868257367527715,80
basic_1BT,1913507,868257369501021,80
basic_1BT,1920373,868257371484029,80
basic_1BT,2065986,868257373608908,80
basic_1BT,1847974,868257375519567,80
basic_1BT,1902906,868257377482574,80
basic_1BT,2215414,868257379760860,80
basic_1BT,1960966,868257381780839,80
basic_1BT,1642089,868257383484957,80
basic_1BT,1879372,868257385423963,80
basic_1BT,1696091,868257387182453,80
basic_1BT,1862271,868257389104008,80
basic_1BT,1805133,868257390971948,80
basic_1BT,2287828,868257393318988,80
basic_1BT,2175687,868257395560914,80
basic_1BT,1922237,868257397542575,80
basic_1BT,2175812,868257399779990,80
basic_1BT,2382864,868257402221967,80
basic_1BT,2028494,868257404312671,80
basic_1BT,2318490,868257406693325,80
basic_1BT,2373157,868257409125910,80
basic_1BT,2600396,868257411788395,80
basic_1BT,2243830,868257414091800,80
basic_1BT,2270071,868257416423831,80
basic_1BT,2100923,868257418586933,80
basic_1BT,2227302,868257420873317,80
basic_1BT,2228992,868257423165215,80
basic_1BT,2464444,868257425689474,80
basic_1BT,2216482,868257427967549,80
basic_1BT,2992724,868257431047947,80
basic_1BT,2226049,868257433335750,80
basic_1BT,2075474,868257435473749,80
basic_1BT,2362006,868257437895444,80
basic_1BT,2202901,868257440160875,80
basic_1BT,2357901,868257442581141,80
basic_1BT,2290063,868257444930151,80
basic_1BT,2110315,868257447120412,80
basic_1BT,2207847,868257449387978,80
basic_1BT,2116458,868257451567589,80
basic_1BT,2172900,868257453799547,80
basic_1BT,2121050,868257455983352,80
basic_1BT,2054640,868257458126935,80
basic_1BT,2076726,868257460266472,80
basic_1BT,2605092,868257462933964,80
basic_1BT,2082219,868257465075687,80
basic_1BT,2219083,868257467357832,80
basic_1BT,1939838,868257469357373,80
basic_1BT,1746928,868257471166822,80
basic_1BT,2087812,868257473315085,80
basic_1BT,1866347,868257475244077,80
basic_1BT,2082224,868257477386276,80
basic_1BT,1840365,868257479289849,80
basic_1BT,1940083,868257481289165,80
basic_1BT,1885071,868257483236966,80
basic_1BT,2014166,868257485311583,80
basic_1BT,2029025,868257487429199,80
basic_1BT,1965207,868257489467160,80
basic_1BT,2158907,868257491705718,80
basic_1BT,1750116,868257493536567,80
basic_1BT,1704344,868257495320727,80
basic_1BT,1547057,868257496940028,80
basic_1BT,1923253,868257498939765,80
basic_1BT,1674475,868257500680851,80
basic_1BT,1593069,868257502303971,80
basic_1BT,1654784,868257503988262,80
basic_1BT,1595195,868257505679912,80
basic_1BT,1560172,868257507302417,80
basic_1BT,1926300,868257509283745,80
basic_1BT,1700879,868257511040767,80
basic_1BT,1620971,868257512715487,80
basic_1BT,1806271,868257514578422,80
basic_1BT,1806118,868257516438742,80
basic_1BT,1841420,868257518352018,80
basic_1BT,1652035,868257520058011,80
basic_1BT,1860870,868257521975801,80
basic_1BT,1704674,868257523734340,80
basic_1BT,1589868,868257525377228,80
basic_1BT,1696938,868257527129615,80
basic_1BT,1906375,868257529089498,80
basic_1BT,1719745,868257530871148,80
basic_1BT,1422493,868257532352537,80
basic_1BT,1410675,868257533817123,80
basic_1BT,1916959,868257535793145,80
basic_1BT,1722231,868257537574278,80
basic_1BT,1870070,868257539506132,80
basic_1BT,1805174,868257541370348,80
basic_1BT,2207246,868257543639648,80
basic_1BT,2069945,868257545768255,80
basic_1BT,1747289,868257547576982,80
basic_1BT,1797376,868257549432955,80
basic_1BT,2010808,868257551504930,80
basic_1BT,1855371,868257553418476,80
basic_1BT,2369718,868257555849197,80
basic_1BT,2369588,868257558276915,80
basic_1BT,1972990,868257560311348,80
basic_1BT,2088133,868257562460167,80
basic_1BT,1691985,868257564210057,80
basic_1BT,1939186,868257566204121,80
basic_1BT,1959919,868257568222467,80
basic_1BT,1745148,868257570028202,80
basic_1BT,2041549,868257572127521,80
basic_1BT,1836732,868257574026799,80
basic_1BT,1977932,868257576080321,80
basic_1BT,2189725,868257578348439,80
basic_1BT,1896181,868257580311746,80
basic_1BT,1955965,868257582349286,80
basic_1BT,1839744,868257584259634,80
basic_1BT,1664341,868257585999075,80
basic_1BT,2186396,868257588252547,80
basic_1BT,2016887,868257590303688,80
basic_1BT,2473930,868257592810558,80
basic_1BT,2123281,868257594969780,80
basic_1BT,1793152,868257596796553,80
basic_1BT,1288567,868257598120167,80
basic_1BT,1828616,868257599977703,80
basic_1BT,1174620,868257601190908,80
basic_1BT,1800199,868257603020918,80
basic_1BT,2056971,868257605109460,80
basic_1BT,1256492,868257606394192,80
basic_1BT,1528036,868257607949121,80
basic_1BT,1502245,868257609526140,80
basic_1BT,1404218,868257610959037,80
basic_1BT,1524929,868257612565624,80
basic_1BT,992391,868257613592435,80
basic_1BT,1443436,868257615069012,80
basic_1BT,1316002,868257616418512,80
basic_1BT,1478529,868257617951206,80
basic_1BT,1625871,868257619635914,80
basic_1BT,1217235,868257620911577,80
basic_1BT,1629836,868257622576560,80
basic_1BT,1558209,868257624168525,80
basic_1BT,1438941,868257625643289,80
basic_1BT,1885749,868257627587397,80
basic_1BT,2343088,868257629979081,80
basic_1BT,1861891,868257631903047,80
basic_1BT,2062122,868257634024328,80
basic_1BT,1890473,868257635976038,80
basic_1BT,2233696,868257638305242,80
basic_1BT,2300868,868257640667458,80
basic_1BT,2362923,868257643092085,80
basic_1BT,2494309,868257645645105,80
basic_1BT,2144283,868257647851764,80
basic_1BT,2721633,868257650632820,80
basic_1BT,2181090,868257652875804,80
basic_1BT,2032844,868257654971118,80
basic_1BT,2192847,868257657223263,80
basic_1BT,2466520,868257659752288,80
basic_1BT,2261577,868257662092253,80
basic_1BT,2304056,868257664459265,80
basic_1BT,2107608,868257666629103,80
basic_1BT,2225142,868257668913598,80
basic_1BT,2100086,868257671075613,80
basic_1BT,2701030,868257673836122,80
basic_1BT,2523802,868257676422735,80
basic_1BT,2210458,868257678696486,80
basic_1BT,3205615,868257681961614,80
basic_1BT,2643887,868257684667436,80
basic_1BT,2635267,868257687365259,80
basic_1BT,2769275,868257690194207,80
basic_1BT,2348369,868257692605032,80
basic_1BT,2146619,868257694814792,80
basic_1BT,2408835,868257697282644,80
basic_1BT,2181561,868257699526390,80
basic_1BT,2199282,868257701784770,80
basic_1BT,2239329,868257704087031,80
basic_1BT,2279925,868257706429977,80
basic_1BT,2269796,868257708758961,80
basic_1BT,2181916,868257711003358,80
basic_1BT,2237891,868257713300397,80
basic_1BT,2191469,868257715554446,80
basic_1BT,2353727,868257717967571,80
basic_1BT,2244156,868257720273596,80
basic_1BT,2282461,868257722618442,80
basic_1BT,2198415,868257724876125,80
basic_1BT,2114389,868257727052664,80
basic_1BT,1855521,868257728967217,80
basic_1BT,1838106,868257730867753,80
basic_1BT,2134145,868257733061607,80
basic_1BT,2632080,868257735756588,80
basic_1BT,2101584,868257737917576,80
basic_1BT,2065154,868257740045076,80
basic_1BT,2225447,868257742334627,80
basic_1BT,2065996,868257744459861,80
basic_1BT,2145051,868257746667182,80
basic_1BT,2272873,868257748999018,80
basic_1BT,2090478,868257751151385,80
basic_1BT,2285773,868257753495824,80
basic_1BT,2171252,868257755729852,80
basic_1BT,2244232,868257758033973,80
basic_1BT,2279840,868257760376173,80
basic_1BT,1979088,868257762418409,80
basic_1BT,2409206,868257764886772,80
basic_1BT,2086044,868257767034564,80
basic_1BT,2122709,868257769216395,80
basic_1BT,2309213,868257771588053,80
basic_1BT,2364732,868257774011622,80
basic_1BT,2219839,868257776293351,80
basic_1BT,2282200,868257778637240,80
basic_1BT,2197027,868257780893093,80
basic_1BT,2098191,868257783053700,80
basic_1BT,2210974,868257785324292,80
basic_1BT,2195673,868257787581810,80
basic_1BT,2227448,868257789868495,80
basic_1BT,2336456,868257792267452,80
basic_1BT,2527872,868257794856642,80
basic_1BT,2152193,868257797068618,80
basic_1BT,2124266,868257799255521,80
basic_1BT,2318334,868257801632962,80
basic_1BT,2496018,868257804190969,80
basic_1BT,3349560,868257807603446,80
basic_1BT,2959237,868257810621800,80
basic_1BT,2956215,868257813640200,80
basic_1BT,2131209,868257815833989,80
basic_1BT,2329435,868257818222887,80
basic_1BT,2211009,868257820495930,80
basic_1BT,1965954,868257822524610,80
basic_1BT,2023417,868257824607807,80
basic_1BT,2259697,868257826930049,80
basic_1BT,2302481,868257829292005,80
basic_1BT,2140865,868257831494795,80
basic_1BT,2223653,868257833777837,80
basic_1BT,2476001,868257836316284,80
basic_1BT,2255593,868257838633670,80
basic_1BT,2587716,868257841280644,80
basic_1BT,2444097,868257843786194,80
basic_1BT,2416282,868257846262156,80
basic_1BT,2278351,868257848603072,80
basic_1BT,2002313,868257850667199,80
basic_1BT,2167197,868257852893423,80
basic_1BT,2086599,868257855042188,80
basic_1BT,2279142,868257857380724,80
basic_1BT,2080930,868257859523544,80
basic_1BT,2644267,868257862226709,80
basic_1BT,2129986,868257864418438,80
basic_1BT,2318570,868257866798907,80
basic_1BT,2206138,868257869064538,80
basic_1BT,2134726,868257871262156,80
basic_1BT,2135283,868257873456711,80
basic_1BT,2165353,868257875684179,80
basic_1BT,2551983,868257878295635,80
basic_1BT,2158191,868257880515720,80
basic_1BT,2682763,868257883260107,80
basic_1BT,2230910,868257885549980,80
basic_1BT,2166140,868257887777853,80
basic_1BT,2224581,868257890061822,80
basic_1BT,2096372,868257892220369,80
basic_1BT,2045619,868257894328368,80
basic_1BT,2093631,868257896480716,80
basic_1BT,2168058,868257898710388,80
basic_1BT,2090583,868257900859913,80
basic_1BT,2315724,868257903237666,80
basic_1BT,2274562,868257905571246,80
basic_1BT,2362502,868257907996338,80
basic_1BT,2211370,868257910298099,80
basic_1BT,2308757,868257912666449,80
basic_1BT,2181425,868257914910640,80
basic_1BT,2398260,868257917368404,80
basic_1BT,2404344,868257919834612,80
basic_1BT,2210527,868257922123528,80
basic_1BT,2216672,868257924402254,80
basic_1BT,2122563,868257926588080,80
basic_1BT,2501726,868257929148894,80
basic_1BT,3419152,868257932630281,80
basic_1BT,2819877,868257935512308,80
basic_1BT,2323943,868257937895508,80
basic_1BT,2197537,868257940155416,80
basic_1BT,2330944,868257942549867,80
basic_1BT,2066698,868257944675994,80
basic_1BT,2089916,868257946827845,80
basic_1BT,2223558,868257949110726,80
basic_1BT,2409386,868257951582222,80
basic_1BT,2609101,868257954250716,80
basic_1BT,2191087,868257956504530,80
basic_1BT,2129554,868257958696625,80
basic_1BT,2189770,868257960945522,80
basic_1BT,2398094,868257963406283,80
basic_1BT,2250791,868257965716518,80
basic_1BT,2412649,868257968190750,80
basic_1BT,2022134,868257970299721,80
basic_1BT,2069209,868257972428068,80
basic_1BT,2171536,868257974661850,80
basic_1BT,2183314,868257976904212,80
basic_1BT,2097996,868257979064197,80
basic_1BT,2447991,868257981571506,80
basic_1BT,2481714,868257984115485,80
basic_1BT,2498815,868257986676685,80
basic_1BT,2224300,868257988969691,80
basic_1BT,2146914,868257991179511,80
basic_1BT,2146188,868257993385012,80
basic_1BT,2279819,868257995727794,80
basic_1BT,2140741,868257997928343,80
basic_1BT,2242558,868258000233431,80
basic_1BT,2932439,868258003227779,80
basic_1BT,2298062,868258005585024,80
basic_1BT,2291617,868258007938114,80
basic_1BT,2591294,868258010588907,80
basic_1BT,2284360,868258012935712,80
basic_1BT,2347738,868258015345800,80
basic_1BT,2362302,868258017767420,80
basic_1BT,2282200,868258020112186,80
basic_1BT,2221037,868258022396159,80
basic_1BT,2466534,868258024922172,80
basic_1BT,2391615,868258027376448,80
basic_1BT,2463211,868258029898757,80
basic_1BT,2437421,868258032398022,80
basic_1BT,2442508,868258034902875,80
basic_1BT,2357455,868258037319564,80
basic_1BT,2364200,868258039745929,80
basic_1BT,2666695,868258042471602,80
basic_1BT,2368340,868258044902443,80
basic_1BT,2587986,868258047552354,80
basic_1BT,2262538,868258049874757,80
basic_1BT,2166691,868258052103407,80
basic_1BT,2384708,868258054550756,80
basic_1BT,3414912,868258058024841,80
basic_1BT,2971270,868258061057830,80
basic_1BT,2846239,868258063966263,80
basic_1BT,2146464,868258066196112,80
basic_1BT,2135669,868258068394461,80
basic_1BT,2255979,868258070712454,80
basic_1BT,2534537,868258073306816,80
basic_1BT,2304106,868258075672766,80
basic_1BT,2246351,868258077978460,80
basic_1BT,2490014,868258080530613,80
basic_1BT,2561962,868258083155341,80
basic_1BT,2189544,868258085403833,80
basic_1BT,2332457,868258087797943,80
basic_1BT,2215559,868258090072615,80
basic_1BT,2230925,868258092367234,80
basic_1BT,2071464,868258094501595,80
basic_1BT,2358298,868258096918834,80
basic_1BT,2374770,868258099356661,80
basic_1BT,2297189,868258101713269,80
basic_1BT,2116770,868258103892123,80
basic_1BT,2584749,868258106536106,80
basic_1BT,2009640,868258108608713,80
basic_1BT,1947751,868258110618162,80
basic_1BT,1665358,868258112342728,80
basic_1BT,1539866,868258113956897,80
basic_1BT,2161323,868258116179028,80
basic_1BT,1712042,868258117953676,80
basic_1BT,1587462,868258119600897,80
basic_1BT,1568097,868258121229129,80
basic_1BT,1597971,868258122889044,80
basic_1BT,1550326,868258124499394,80
basic_1BT,1717044,868258126279350,80
basic_1BT,1846355,868258128184983,80
basic_1BT,1999130,868258130238830,80
basic_1BT,1913426,868258132211599,80
basic_1BT,2159885,868258134433735,80
basic_1BT,2063987,868258136556979,80
basic_1BT,2058599,868258138677387,80
basic_1BT,2542090,868258141278630,80
basic_1BT,2158031,868258143498364,80
basic_1BT,2527255,868258146084818,80
basic_1BT,2366791,868258148514566,80
basic_1BT,2494370,868258151072027,80
basic_1BT,2582945,868258153714421,80
basic_1BT,2299996,868258156076296,80
basic_1BT,2154482,868258158293054,80
basic_1BT,2176198,868258160528204,80
basic_1BT,2647054,868258163237664,80
basic_1BT,2300617,868258165597815,80
basic_1BT,2228054,868258167888655,80
basic_1BT,2639788,868258170588131,80
basic_1BT,2278706,868258172928601,80
basic_1BT,2067885,868258175059013,80
basic_1BT,2445801,868258177564688,80
basic_1BT,2219173,868258179846583,80
basic_1BT,2965811,868258182889003,80
basic_1BT,2423309,868258185374230,80
basic_1BT,2314340,868258187750063,80
basic_1BT,2708734,868258190518225,80
basic_1BT,2126062,868258192706110,80
basic_1BT,2251553,868258195019593,80
basic_1BT,2639517,868258197718242,80
basic_1BT,2176268,868258199956349,80
basic_1BT,2400982,868258202441698,80
basic_1BT,2201532,868258204704999,80
basic_1BT,2069248,868258206836723,80
basic_1BT,2084765,868258208980826,80
basic_1BT,2079267,868258211123020,80
basic_1BT,2211004,868258213393076,80
basic_1BT,2441580,868258215897218,80
basic_1BT,2260143,868258218216795,80
basic_1BT,2171267,868258220450742,80
basic_1BT,2188221,868258222700396,80
basic_1BT,2234909,868258224994183,80
basic_1BT,2455459,868258227511400,80
basic_1BT,2148057,868258229719107,80
basic_1BT,2263210,868258232044933,80
basic_1BT,2139378,868258234249427,80
basic_1BT,2127019,868258236435573,80
basic_1BT,2497476,868258238995520,80
basic_1BT,2537836,868258241592723,80
basic_1BT,2192782,868258243847975,80
basic_1BT,2257106,868258246164289,80
basic_1BT,2368336,868258248594669,80
basic_1BT,2511063,868258251167441,80
basic_1BT,2113301,868258253340166,80
basic_1BT,2494514,868258255897250,80
basic_1BT,2262203,868258258219433,80
basic_1BT,2169969,868258260451341,80
basic_1BT,2057787,868258262571384,80
basic_1BT,2126046,868258264756603,80
basic_1BT,2333770,868258267152071,80
basic_1BT,2179135,868258269390328,80
basic_1BT,2428917,868258271882487,80
basic_1BT,2405662,868258274347718,80
basic_1BT,2115922,868258276525865,80
basic_1BT,2297656,868258278885391,80
basic_1BT,2639402,868258281584381,80
basic_1BT,2457603,868258284104054,80
basic_1BT,2410764,868258286576472,80
basic_1BT,2581416,868258289217252,80
basic_1BT,2418037,868258291697683,80
basic_1BT,2332307,868258294089343,80
basic_1BT,2519322,868258296671542,80
basic_1BT,2327520,868258299061332,80
basic_1BT,2189785,868258301310324,80
basic_1BT,2332894,868258303704455,80
basic_1BT,3291305,868258307055408,80
basic_1BT,2871381,868258309989416,80
basic_1BT,2627204,868258312678884,80
basic_1BT,2218722,868258314960623,80
basic_1BT,2168596,868258317188582,80
basic_1BT,2255077,868258319506004,80
basic_1BT,2713755,868258322278441,80
basic_1BT,2253603,868258324594650,80
basic_1BT,2051984,868258326708833,80
basic_1BT,2192296,868258328959976,80
basic_1BT,2144243,868258331166590,80
basic_1BT,2269957,868258333495473,80
basic_1BT,2402225,868258335959672,80
basic_1BT,2304056,868258338377763,80
basic_1BT,2706061,868258341146551,80
basic_1BT,2619816,868258343828392,80
basic_1BT,2490575,868258346378219,80
basic_1BT,2371528,868258348811701,80
basic_1BT,2295817,868258351170470,80
basic_1BT,2085622,868258353315535,80
basic_1BT,2110811,868258355488450,80
basic_1BT,2324237,868258357871840,80
basic_1BT,2100773,868258360034507,80
basic_1BT,2403171,868258362504239,80
basic_1BT,2461537,868258365025110,80
basic_1BT,2211259,868258367298830,80
basic_1BT,2498939,868258369857312,80
basic_1BT,2447335,868258372366506,80
basic_1BT,2104666,868258374533022,80
basic_1BT,2129890,868258376721819,80
basic_1BT,2351246,868258379135941,80
basic_1BT,2597824,868258381793034,80
basic_1BT,2638300,868258384492861,80
basic_1BT,2464049,868258387018599,80
basic_1BT,2439125,868258389517047,80
basic_1BT,2284605,868258391864198,80
basic_1BT,2380479,868258394303599,80
basic_1BT,2294954,868258396660558,80
basic_1BT,2489432,868258399212004,80
basic_1BT,2687894,868258401959492,80
basic_1BT,2074116,868258404095893,80
basic_1BT,2093210,868258406251107,80
basic_1BT,2465347,868258408775376,80
basic_1BT,2321020,868258411159759,80
basic_1BT,2739575,868258413958316,80
basic_1BT,2227598,868258416248038,80
basic_1BT,2394427,868258418705015,80
basic_1BT,2273314,868258421037237,80
basic_1BT,2203481,868258423303409,80
basic_1BT,2186342,868258425548993,80
basic_1BT,2127425,868258427738442,80
basic_1BT,2527361,868258430325447,80
basic_1BT,2385495,868258432772817,80
basic_1BT,3006787,868258435841232,80
basic_1BT,3145135,868258439045364,80
basic_1BT,2172966,868258441280550,80
basic_1BT,2089035,868258443431589,80
basic_1BT,2146549,868258445637210,80
basic_1BT,1992937,868258447709732,80
basic_1BT,2024169,868258449793013,80
basic_1BT,2196600,868258452051964,80
basic_1BT,2666936,868258454782533,80
basic_1BT,2242187,868258457083727,80
basic_1BT,2139893,868258459286672,80
basic_1BT,2192120,868258461538055,80
basic_1BT,2453619,868258464055288,80
basic_1BT,2220746,868258466340630,80
basic_1BT,2189844,868258468590018,80
basic_1BT,2162967,868258470815050,80
basic_1BT,2564157,868258473438033,80
basic_1BT,2635278,868258476135325,80
basic_1BT,2391409,868258478590157,80
basic_1BT,2363694,868258481012903,80
basic_1BT,2273560,868258483348783,80
basic_1BT,2366802,868258485775099,80
basic_1BT,2407462,868258488244630,80
basic_1BT,2219178,868258490526474,80
basic_1BT,2120193,868258492706110,80
basic_1BT,2154292,868258494922502,80
basic_1BT,2210538,868258497192554,80
basic_1BT,2261511,868258499516300,80
basic_1BT,2221338,868258501797537,80
basic_1BT,2317798,868258504177244,80
basic_1BT,2505650,868258506745245,80
basic_1BT,2499456,868258509303999,80
basic_1BT,2503480,868258511870501,80
basic_1BT,2640083,868258514569667,80
basic_1BT,2224205,868258516857054,80
basic_1BT,2186512,868258519106176,80
basic_1BT,2283623,868258521449503,80
basic_1BT,2071419,868258523582947,80
basic_1BT,2579256,868258526222078,80
basic_1BT,2137693,868258528421560,80
basic_1BT,2367840,868258530852090,80
basic_1BT,2202589,868258533113938,80
basic_1BT,2459934,868258535636683,80
basic_1BT,2345487,868258538041518,80
basic_1BT,2440357,868258540544076,80
basic_1BT,2784525,868258543390244,80
basic_1BT,2304156,868258545754054,80
basic_1BT,2147842,868258547964211,80
basic_1BT,2381300,868258550434730,80
basic_1BT,2199507,868258552696227,80
basic_1BT,3138468,868258555897552,80
basic_1BT,2521307,868258558478808,80
basic_1BT,2297551,868258560838694,80
basic_1BT,2088664,868258562989307,80
basic_1BT,2313407,868258565362083,80
basic_1BT,2219990,868258567643847,80
basic_1BT,2228219,868258569931514,80
basic_1BT,2235426,868258572228829,80
basic_1BT,2357045,868258574648083,80
basic_1BT,2664365,868258577372318,80
basic_1BT,2412678,868258579847005,80
basic_1BT,2284500,868258582191145,80
basic_1BT,2494770,868258584747834,80
basic_1BT,2383430,868258587193574,80
basic_1BT,2644939,868258589897275,80
basic_1BT,2127204,868258592086148,80
basic_1BT,2246326,868258594395932,80
basic_1BT,2203467,868258596658551,80
basic_1BT,2578085,868258599298870,80
basic_1BT,2420256,868258601778370,80
basic_1BT,2403017,868258604244157,80
basic_1BT,2240973,868258606547481,80
basic_1BT,2150664,868258608757768,80
basic_1BT,2233882,868258611053595,80
basic_1BT,2385982,868258613499566,80
basic_1BT,2263917,868258615825553,80
basic_1BT,2265566,868258618150532,80
basic_1BT,2184297,868258620398372,80
basic_1BT,2477905,868258622938628,80
basic_1BT,2538221,868258625536813,80
basic_1BT,2493502,868258628092380,80
basic_1BT,2131199,868258630286179,80
basic_1BT,2292343,868258632637766,80
basic_1BT,2174995,868258634874509,80
basic_1BT,2250220,868258637184038,80
basic_1BT,2854918,868258640100991,80
basic_1BT,2316961,868258642480928,80
basic_1BT,2624120,868258645164357,80
basic_1BT,2173873,868258647401096,80
basic_1BT,2271290,868258649732315,80
basic_1BT,2373367,868258652168344,80
basic_1BT,2500638,868258654731943,80
basic_1BT,2195834,868258656987105,80
basic_1BT,2070948,868258659120594,80
basic_1BT,2298072,868258661478119,80
basic_1BT,2116334,868258663656863,80
basic_1BT,2364837,868258666080813,80
basic_1BT,2532718,868258668675671,80
basic_1BT,2330017,868258671067897,80
basic_1BT,2244588,868258673372068,80
basic_1BT,2535765,868258675969386,80
basic_1BT,2207370,868258678265474,80
basic_1BT,2779694,868258681106911,80
basic_1BT,2941756,868258684111063,80
basic_1BT,3199185,868258687373770,80
basic_1BT,2946096,868258690378808,80
basic_1BT,3369602,868258693810961,80
basic_1BT,3354101,868258697227739,80
basic_1BT,2137558,868258699427567,80
basic_1BT,2166560,868258701653229,80
basic_1BT,2207977,868258703923146,80
basic_1BT,2449785,868258706432450,80
basic_1BT,2177080,868258708671880,80
basic_1BT,2278762,868258711013443,80
basic_1BT,2243835,868258713316641,80
basic_1BT,2396261,868258715775217,80
basic_1BT,2467090,868258718342060,80
basic_1BT,2238483,868258720642397,80
basic_1BT,2459433,868258723163799,80
basic_1BT,2128397,868258725351689,80
basic_1BT,2363183,868258727777599,80
basic_1BT,2151831,868258729989224,80
basic_1BT,2207225,868258732259045,80
basic_1BT,2281273,868258734602828,80
basic_1BT,2265276,868258736927477,80
basic_1BT,2373462,868258739363199,80
basic_1BT,2154738,868258741577125,80
basic_1BT,2081112,868258743720201,80
basic_1BT,2198961,868258745978044,80
basic_1BT,2052846,868258748092989,80
basic_1BT,2106907,868258750262271,80
basic_1BT,2194185,868258752515855,80
basic_1BT,2255693,868258754833567,80
basic_1BT,2235566,868258757129108,80
basic_1BT,2618478,868258759810347,80
basic_1BT,2330873,868258762200864,80
basic_1BT,2263296,868258764525954,80
basic_1BT,2415449,868258767003514,80
basic_1BT,2161679,868258769224310,80
basic_1BT,2275630,868258771562010,80
basic_1BT,2126793,868258773747795,80
basic_1BT,2136786,868258775946866,80
basic_1BT,2265526,868258778299505,80
basic_1BT,2420376,868258780782533,80
basic_1BT,2422096,868258783267234,80
basic_1BT,2265847,868258785593446,80
basic_1BT,2212758,868258787869046,80
basic_1BT,2075784,868258790004804,80
basic_1BT,2104576,868258792171650,80
basic_1BT,1910033,868258794144229,80
basic_1BT,2044788,868258796247688,80
basic_1BT,2026825,868258798337204,80
basic_1BT,2383766,868258800780555,80
basic_1BT,2038126,868258802880249,80
basic_1BT,2721728,868258805661421,80
basic_1BT,3288930,868258809012565,80
basic_1BT,3011472,868258812086659,80
basic_1BT,2672765,868258814821538,80
basic_1BT,2105779,868258816987166,80
basic_1BT,2060227,868258819109940,80
basic_1BT,2243906,868258821413184,80
basic_1BT,2036824,868258823512713,80
basic_1BT,2099315,868258825671125,80
basic_1BT,2364111,868258828098127,80
basic_1BT,2170815,868258830331157,80
basic_1BT,2423729,868258832814455,80
basic_1BT,2113026,868258834989205,80
basic_1BT,2142625,868258837191198,80
basic_1BT,2400580,868258839653968,80
basic_1BT,2423293,868258842136514,80
basic_1BT,2350880,868258844549940,80
basic_1BT,2480321,868258847092512,80
basic_1BT,2197753,868258849349493,80
basic_1BT,2201842,868258851613831,80
basic_1BT,2323736,868258853996665,80
basic_1BT,2288610,868258856347324,80
basic_1BT,2080494,868258858490019,80
basic_1BT,2086444,868258860635600,80
basic_1BT,2296223,868258862994389,80
basic_1BT,2344450,868258865398503,80
basic_1BT,2113442,868258867574460,80
basic_1BT,2529987,868258870164116,80
basic_1BT,2461828,868258872687939,80
basic_1BT,2473606,868258875223950,80
basic_1BT,2123400,868258877406593,80
basic_1BT,2700368,868258880169456,80
basic_1BT,2027823,868258882259694,80
basic_1BT,2131695,868258884450286,80
basic_1BT,2482440,868258886995007,80
basic_1BT,2160847,868258889215483,80
basic_1BT,2240498,868258891518125,80
basic_1BT,1988346,868258893565809,80
basic_1BT,2233817,868258895861876,80
basic_1BT,2133062,868258898054227,80
basic_1BT,2463187,868258900580084,80
basic_1BT,2247549,868258902889903,80
basic_1BT,2189559,868258905138509,80
basic_1BT,2461773,868258907663284,80
basic_1BT,2462054,868258910184967,80
basic_1BT,2210538,868258912457745,80
basic_1BT,2208273,868258914728067,80
basic_1BT,2197207,868258916984672,80
basic_1BT,2334186,868258919380848,80
basic_1BT,2067355,868258921507495,80
basic_1BT,2180377,868258923749737,80
basic_1BT,2247604,868258926056840,80
basic_1BT,2353235,868258928472155,80
basic_1BT,2656661,868258931191973,80
basic_1BT,2629278,868258933880504,80
basic_1BT,2296573,868258936240240,80
basic_1BT,2110876,868258938414504,80
basic_1BT,2006187,868258940480550,80
basic_1BT,2407285,868258942949585,80
basic_1BT,2007715,868258945017100,80
basic_1BT,2617436,868258947696835,80
basic_1BT,2279423,868258950035762,80
basic_1BT,2105954,868258952203926,80
basic_1BT,2173542,868258954440164,80
basic_1BT,2188968,868258956688470,80
basic_1BT,2054395,868258958805395,80
basic_1BT,2565359,868258961429897,80
basic_1BT,2305519,868258963798122,80
basic_1BT,2480592,868258966338549,80
basic_1BT,2319111,868258968720546,80
basic_1BT,2275785,868258971058576,80
basic_1BT,2436865,868258973554783,80
basic_1BT,2284876,868258975901383,80
basic_1BT,2595103,868258978573151,80
basic_1BT,2203171,868258980838491,80
basic_1BT,2269109,868258983169840,80
basic_1BT,2428310,868258985658010,80
basic_1BT,2369243,868258988089121,80
basic_1BT,2394081,868258990545567,80
basic_1BT,2394982,868258992999643,80
basic_1BT,2334230,868258995396294,80
basic_1BT,2590778,868258998046230,80
basic_1BT,2193619,868259000302955,80
basic_1BT,2209210,868259002573694,80
basic_1BT,2596737,868259005229599,80
basic_1BT,2469025,868259007760763,80
basic_1BT,2456892,868259010276657,80
basic_1BT,2390597,868259012729049,80
basic_1BT,2479710,868259015270968,80
basic_1BT,2478011,868259017808557,80
basic_1BT,2361876,868259020232813,80
basic_1BT,2245735,868259022540708,80
basic_1BT,2192792,868259024792798,80
basic_1BT,2070632,868259026925895,80
basic_1BT,2120378,868259029105601,80
basic_1BT,2372295,868259031539339,80
basic_1BT,2262459,868259033860781,80
basic_1BT,2162316,868259036085351,80
basic_1BT,2589210,868259038737152,80
basic_1BT,2690481,868259041487176,80
basic_1BT,2197117,868259043746663,80
basic_1BT,2210448,868259046016514,80
basic_1BT,2409086,868259048488070,80
basic_1BT,2167142,868259050717256,80
basic_1BT,2244231,868259053020675,80
basic_1BT,3073147,868259056156503,80
basic_1BT,3351460,868259059570714,80
basic_1BT,2291857,868259061921172,80
basic_1BT,2131094,868259064114275,80
basic_1BT,2205958,868259066382332,80
basic_1BT,2026329,868259068468896,80
basic_1BT,2198796,868259070730478,80
basic_1BT,2254756,868259073044607,80
basic_1BT,2189444,868259075296502,80
basic_1BT,2199122,868259077554941,80
basic_1BT,2440959,868259080058601,80
basic_1BT,2165238,868259082289277,80
basic_1BT,2184738,868259084533167,80
basic_1BT,2095449,868259086714392,80
basic_1BT,2161508,868259088935274,80
basic_1BT,2102747,868259091100035,80
basic_1BT,2373337,868259093532355,80
basic_1BT,2454486,868259096048424,80
basic_1BT,2481638,868259098594253,80
basic_1BT,2306366,868259100959746,80
basic_1BT,2161484,868259103183175,80
basic_1BT,2154157,868259105396209,80
basic_1BT,2319942,868259107778291,80
basic_1BT,2193183,868259110030661,80
basic_1BT,2086539,868259112180042,80
basic_1BT,2313533,868259114556521,80
basic_1BT,2476989,868259117092717,80
basic_1BT,2448257,868259119602617,80
basic_1BT,2296443,868259121958013,80
basic_1BT,2283638,868259124303185,80
basic_1BT,2097880,868259126462718,80
basic_1BT,2167397,868259128691178,80
basic_1BT,2430149,868259131183728,80
basic_1BT,2253333,868259133496679,80
basic_1BT,2289001,868259135848095,80
basic_1BT,2414383,868259138321721,80
basic_1BT,2178835,868259140562705,80
basic_1BT,2171086,868259142795509,80
basic_1BT,2490746,868259145345708,80
basic_1BT,2375172,868259147782588,80
basic_1BT,2240779,868259150083196,80
basic_1BT,2265481,868259152410787,80
basic_1BT,2231442,868259154704298,80
basic_1BT,2577336,868259157341344,80
basic_1BT,2236694,868259159640143,80
basic_1BT,2256871,868259161955800,80
basic_1BT,2209801,868259164227986,80
basic_1BT,2232629,868259166522731,80
basic_1BT,2141517,868259168723827,80
basic_1BT,2362923,868259171149150,80
basic_1BT,2142695,868259173351078,80
basic_1BT,2321336,868259175734207,80
basic_1BT,2165163,868259177958718,80
basic_1BT,2836175,868259180856923,80
basic_1BT,2938137,868259183857666,80
basic_1BT,2942959,868259186859792,80
basic_1BT,2327756,868259189249307,80
basic_1BT,2214327,868259191525708,80
basic_1BT,2204509,868259193789179,80
basic_1BT,2027757,868259195879953,80
basic_1BT,2351737,868259198290677,80
basic_1BT,2258625,868259200612038,80
basic_1BT,2066433,868259202740089,80
basic_1BT,2004333,868259204803936,80
basic_1BT,2329110,868259207196197,80
basic_1BT,2130712,868259209385897,80
basic_1BT,2308777,868259211756447,80
basic_1BT,2614790,868259214430835,80
basic_1BT,2730815,868259217224471,80
basic_1BT,2283582,868259219569793,80
basic_1BT,2359895,868259221989458,80
basic_1BT,2183726,868259224235809,80
basic_1BT,2117777,868259226415725,80
basic_1BT,2148969,868259228624218,80
basic_1BT,2120093,868259230807653,80
basic_1BT,2221835,868259233089803,80
basic_1BT,2211991,868259235364837,80
basic_1BT,2657023,868259238081178,80
basic_1BT,2359535,868259240522217,80
basic_1BT,2108585,868259242693905,80
basic_1BT,2026830,868259244780073,80
basic_1BT,2095365,868259246937718,80
basic_1BT,2066482,868259249063608,80
basic_1BT,2240243,868259251365815,80
basic_1BT,2530884,868259253956393,80
basic_1BT,2157374,868259256176213,80
basic_1BT,2423525,868259258662533,80
basic_1BT,2529662,868259261251367,80
basic_1BT,2680026,868259263993658,80
basic_1BT,2319898,868259266405681,80
basic_1BT,2318845,868259268783974,80
basic_1BT,2169171,868259271015090,80
basic_1BT,2207110,868259273281753,80
basic_1BT,2535876,868259275879734,80
basic_1BT,2323130,868259278262172,80
basic_1BT,2163078,868259280488075,80
basic_1BT,2407542,868259282957877,80
basic_1BT,2343663,868259285360638,80
basic_1BT,2396782,868259287819634,80
basic_1BT,2604070,868259290483252,80
basic_1BT,2398902,868259292944128,80
basic_1BT,2269836,868259295276470,80
basic_1BT,2093545,868259297429008,80
basic_1BT,2056765,868259299548629,80
basic_1BT,1997552,868259301605308,80
basic_1BT,2410353,868259304078743,80
basic_1BT,2806441,868259306948376,80
basic_1BT,2107974,868259309115844,80
basic_1BT,2091626,868259311269479,80
basic_1BT,2048024,868259313376997,80
basic_1BT,2633819,868259316072931,80
basic_1BT,2102451,868259318238238,80
basic_1BT,1958746,868259320256112,80
basic_1BT,1992816,868259322311058,80
basic_1BT,1998218,868259324368485,80
basic_1BT,2066407,868259326497608,80
basic_1BT,1673337,868259328230187,80
basic_1BT,1900602,868259330193555,80
basic_1BT,2204439,868259332459302,80
basic_1BT,1977451,868259334499518,80
basic_1BT,2055281,868259336613677,80
basic_1BT,2054710,868259338730145,80
basic_1BT,2325540,868259341114738,80
basic_1BT,2191188,868259343368748,80
basic_1BT,2254471,868259345682757,80
basic_1BT,2302757,868259348049584,80
basic_1BT,2355515,868259350469329,80
basic_1BT,2518906,868259353046887,80
basic_1BT,2515202,868259355623722,80
basic_1BT,2229587,868259357913149,80
basic_1BT,2143878,868259360118956,80
basic_1BT,2363134,868259362545913,80
basic_1BT,2311914,868259364917256,80
basic_1BT,2220491,868259367199906,80
basic_1BT,2179050,868259369438339,80
basic_1BT,2702259,868259372202717,80
basic_1BT,2289717,868259374554238,80
basic_1BT,2124953,868259376738620,80
basic_1BT,2380624,868259379181494,80
basic_1BT,2091291,868259381332458,80
basic_1BT,2136667,868259383531169,80
basic_1BT,2090238,868259385680910,80
basic_1BT,2352058,868259388095388,80
basic_1BT,2051984,868259390210349,80
basic_1BT,2105744,868259392375386,80
basic_1BT,2218121,868259394655801,80
basic_1BT,2382273,868259397097502,80
basic_1BT,2098051,868259399258224,80
basic_1BT,2413025,868259401730301,80
basic_1BT,2131764,868259403924286,80
basic_1BT,2267385,868259406250814,80
basic_1BT,2249804,868259408563084,80
basic_1BT,2262935,868259410887837,80
basic_1BT,2403006,868259413350462,80
basic_1BT,2101705,868259415514522,80
basic_1BT,2317036,868259417890826,80
basic_1BT,2118203,868259420070989,80
basic_1BT,2051502,868259422185312,80
basic_1BT,2115827,868259424360518,80
basic_1BT,2363248,868259426786152,80
basic_1BT,2156898,868259429002443,80
basic_1BT,2859614,868259431924327,80
basic_1BT,2345572,868259434329384,80
basic_1BT,2148724,868259436540238,80
basic_1BT,2105443,868259438707915,80
basic_1BT,2248256,868259441015504,80
basic_1BT,2132767,868259443210185,80
basic_1BT,2325065,868259445594493,80
basic_1BT,2200004,868259447856245,80
basic_1BT,2420016,868259450358312,80
basic_1BT,2194791,868259452615920,80
basic_1BT,2563815,868259455242296,80
basic_1BT,2209320,868259457511119,80
basic_1BT,2196550,868259459769845,80
basic_1BT,2380910,868259462210263,80
basic_1BT,2417169,868259464689788,80
basic_1BT,2205040,868259466957052,80
basic_1BT,2308386,868259469324846,80
basic_1BT,2453779,868259471840716,80
basic_1BT,2452707,868259474352745,80
basic_1BT,2050670,868259476466067,80
basic_1BT,2170404,868259478698516,80
basic_1BT,1996209,868259480753802,80
basic_1BT,2022019,868259482838297,80
basic_1BT,2276712,868259485174538,80
basic_1BT,2121265,868259487357977,80
basic_1BT,2125725,868259489542930,80
basic_1BT,2457999,868259492062709,80
basic_1BT,2360598,868259494486764,80
basic_1BT,2055161,868259496618689,80
basic_1BT,2161368,868259498843189,80
basic_1BT,2140760,868259501043082,80
basic_1BT,2141983,868259503247807,80
basic_1BT,2185805,868259505493367,80
basic_1BT,2310746,868259507867030,80
basic_1BT,2369147,868259510295670,80
basic_1BT,2523366,868259512881296,80
basic_1BT,2400511,868259515343676,80
basic_1BT,2400335,868259517802843,80
basic_1BT,2605698,868259520470430,80
basic_1BT,2179902,868259522712311,80
basic_1BT,2205742,868259524976750,80
basic_1BT,2238663,868259527276881,80
basic_1BT,2529085,868259529864998,80
basic_1BT,2257873,868259532185543,80
basic_1BT,2430916,868259534678960,80
basic_1BT,2593771,868259537331933,80
basic_1BT,2098347,868259539492003,80
basic_1BT,2186101,868259541737217,80
basic_1BT,2169779,868259543969731,80
basic_1BT,2180187,868259546239341,80
basic_1BT,2376324,868259548678010,80
basic_1BT,2356899,868259551096853,80
basic_1BT,2295767,868259553451457,80
basic_1BT,3427953,868259556941214,80
basic_1BT,2702688,868259559706484,80
basic_1BT,2518451,868259562284207,80
basic_1BT,2279449,868259564626587,80
basic_1BT,2193313,868259566882410,80
basic_1BT,2083532,868259569024829,80
basic_1BT,2252782,868259571339946,80
basic_1BT,2393599,868259573792914,80
basic_1BT,2126777,868259575981746,80
basic_1BT,2347181,868259578418476,80
basic_1BT,1924121,868259580404446,80
basic_1BT,2638389,868259583106272,80
basic_1BT,2326322,868259585491712,80
basic_1BT,2157349,868259587711041,80
basic_1BT,2099910,868259589870721,80
basic_1BT,2218692,868259592152379,80
basic_1BT,2171597,868259594386086,80
basic_1BT,2240067,868259596685330,80
basic_1BT,2464164,868259599212456,80
basic_1BT,2383876,868259601655265,80
basic_1BT,2318926,868259604036696,80
basic_1BT,2402555,868259606505134,80
basic_1BT,2337213,868259608901790,80
basic_1BT,2810531,868259611774335,80
basic_1BT,2212197,868259614045850,80
basic_1BT,2674092,868259616782118,80
basic_1BT,2387134,868259619231387,80
basic_1BT,2412648,868259621703218,80
basic_1BT,2350585,868259624116142,80
basic_1BT,2448948,868259626628634,80
basic_1BT,2337870,868259629025626,80
basic_1BT,2590468,868259631678694,80
basic_1BT,2181350,868259633919257,80
basic_1BT,2122503,868259636103915,80
basic_1BT,2254831,868259638421597,80
basic_1BT,2081001,868259640561545,80
basic_1BT,2374911,868259642998922,80
basic_1BT,2140795,868259645199116,80
basic_1BT,2248296,868259647509245,80
basic_1BT,2496363,868259650064777,80
basic_1BT,2319347,868259652446032,80
basic_1BT,2469972,868259654978250,80
basic_1BT,2358558,868259657396471,80
basic_1BT,2348840,868259659807596,80
basic_1BT,2536718,868259662403732,80
basic_1BT,2369213,868259664834839,80
basic_1BT,2572295,868259667469299,80
basic_1BT,2432951,868259669961849,80
basic_1BT,2129394,868259672152806,80
basic_1BT,2359164,868259674574310,80
basic_1BT,2257211,868259676891231,80
basic_1BT,1923229,868259678876524,80
basic_1BT,3073478,868259682009491,80
basic_1BT,2881731,868259684952910,80
basic_1BT,2616739,868259687631689,80
basic_1BT,2073354,868259689764230,80
basic_1BT,2358472,868259692184717,80
basic_1BT,2336115,868259694584225,80
basic_1BT,2424632,868259697068049,80
basic_1BT,2357680,868259699488461,80
basic_1BT,2156743,868259701704877,80
basic_1BT,2216462,868259703983594,80
basic_1BT,2404880,868259706486327,80
basic_1BT,2520615,868259709068976,80
basic_1BT,2396838,868259711528239,80
basic_1BT,2459894,868259714048062,80
basic_1BT,2210543,868259716320670,80
basic_1BT,2251298,868259718634548,80
basic_1BT,2030132,868259720723924,80
basic_1BT,2203758,868259722988994,80
basic_1BT,2111432,868259725159739,80
basic_1BT,2052765,868259727274118,80
basic_1BT,2317391,868259729651194,80
basic_1BT,2371213,868259732084711,80
basic_1BT,2330658,868259734478466,80
basic_1BT,2211911,868259736750187,80
basic_1BT,2274176,868259739085655,80
basic_1BT,2338215,868259741483063,80
basic_1BT,2296663,868259743841621,80
basic_1BT,2339048,868259746239916,80
basic_1BT,2286560,868259748588401,80
basic_1BT,2182017,868259750832371,80
basic_1BT,2357615,868259753249174,80
basic_1BT,2806200,868259756118251,80
basic_1BT,2257026,868259758439060,80
basic_1BT,2138184,868259760636377,80
basic_1BT,2569684,868259763286324,80
basic_1BT,2141638,868259765487641,80
basic_1BT,2106356,868259767656652,80
basic_1BT,2165473,868259769881323,80
basic_1BT,2133950,868259772078063,80
basic_1BT,2110089,868259774252487,80
basic_1BT,2143401,868259776456355,80
basic_1BT,2110580,868259778629130,80
basic_1BT,2219563,868259780907696,80
basic_1BT,2131033,868259783100618,80
basic_1BT,2142189,868259785302250,80
basic_1BT,2190015,868259787554776,80
basic_1BT,2215735,868259789830019,80
basic_1BT,2381842,868259792274402,80
basic_1BT,2434304,868259794771061,80
basic_1BT,2504814,868259797336110,80
basic_1BT,2425468,868259799823974,80
basic_1BT,2100697,868259801984159,80
basic_1BT,2255573,868259804302002,80
basic_1BT,3374559,868259807752242,80
basic_1BT,3403526,868259811216039,80
basic_1BT,2883034,868259814161193,80
basic_1BT,2794923,868259817019043,80
basic_1BT,2185219,868259819266141,80
basic_1BT,2225328,868259821551709,80
basic_1BT,2131363,868259823768311,80
basic_1BT,2096217,868259825923776,80
basic_1BT,2168586,868259828156445,80
basic_1BT,2213600,868259830432440,80
basic_1BT,2164415,868259832655953,80
basic_1BT,2424276,868259835142469,80
basic_1BT,2477480,868259837679192,80
basic_1BT,2123600,868259839865102,80
basic_1BT,2445089,868259842369806,80
basic_1BT,2363845,868259844795991,80
basic_1BT,2398425,868259847256165,80
basic_1BT,2602680,868259849918179,80
basic_1BT,2267641,868259852248300,80
basic_1BT,2486495,868259854797582,80
basic_1BT,2262108,868259857119078,80
basic_1BT,2118023,868259859299661,80
basic_1BT,2166746,868259861525225,80
basic_1BT,2244963,868259863832022,80
basic_1BT,2271655,868259866162770,80
basic_1BT,2263706,868259868488997,80
basic_1BT,2447314,868259870998862,80
basic_1BT,2229427,868259873287893,80
basic_1BT,2222822,868259875573019,80
basic_1BT,2610049,868259878242656,80
basic_1BT,2406674,868259880711170,80
basic_1BT,2438840,868259883211764,80
basic_1BT,2233321,868259885504709,80
basic_1BT,2370129,868259887937303,80
basic_1BT,2690281,868259890686651,80
basic_1BT,2507500,868259893256406,80
basic_1BT,2201221,868259895519982,80
basic_1BT,2211199,868259897790384,80
basic_1BT,2089186,868259899941509,80
basic_1BT,2244015,868259902273530,80
basic_1BT,2163543,868259904499543,80
basic_1BT,2254776,868259906816915,80
basic_1BT,2456250,868259909332840,80
basic_1BT,2171487,868259911566096,80
basic_1BT,2111343,868259913736661,80
basic_1BT,2084409,868259915883129,80
basic_1BT,2298919,868259918241061,80
basic_1BT,2780084,868259921083601,80
basic_1BT,2199908,868259923345403,80
basic_1BT,2246607,868259925651087,80
basic_1BT,2333609,868259928047012,80
basic_1BT,2784890,868259930897665,80
basic_1BT,2117201,868259933074745,80
basic_1BT,2363329,868259935500013,80
basic_1BT,2539158,868259938098385,80
basic_1BT,2485493,868259940646153,80
basic_1BT,2274452,868259942983947,80
basic_1BT,2476422,868259945520104,80
basic_1BT,2164516,868259947747315,80
basic_1BT,2286585,868259950093229,80
basic_1BT,2390572,868259952547189,80
basic_1BT,2313888,868259954922831,80
basic_1BT,2168886,868259957151000,80
basic_1BT,2467070,868259959680145,80
basic_1BT,2226455,868259961965928,80
basic_1BT,2142093,868259964171118,80
basic_1BT,2403798,868259966637652,80
basic_1BT,2560909,868259969257599,80
basic_1BT,2227918,868259971548243,80
basic_1BT,2316254,868259973923915,80
basic_1BT,2210653,868259976196513,80
basic_1BT,2432370,868259978691092,80
basic_1BT,2170395,868259980920720,80
basic_1BT,2142445,868259983125424,80
basic_1BT,2244232,868259985429289,80
basic_1BT,2306051,868259987797524,80
basic_1BT,2435291,868259990291994,80
basic_1BT,2224842,868259992579120,80
basic_1BT,2604379,868259995245640,80
basic_1BT,2659618,868259997964336,80
basic_1BT,2422436,868260000449458,80
basic_1BT,2543759,868260003055403,80
basic_1BT,5996100,868260009110835,80
basic_1BT,2818814,868260011991709,80
basic_1BT,2163268,868260014249131,80
basic_1BT,5939833,868260020248804,80
basic_1BT,6567860,868260026878963,80
basic_1BT,2054444,868260028995553,80
basic_1BT,2128914,868260031183353,80
basic_1BT,2602576,868260033845483,80
basic_1BT,2573272,868260036481115,80
basic_1BT,2586514,868260039147695,80
basic_1BT,2485979,868260041693112,80
basic_1BT,2102918,868260043857899,80
basic_1BT,2362381,868260046279478,80
basic_1BT,2105187,868260048447362,80
basic_1BT,2037264,868260050546746,80
basic_1BT,2286981,868260052893446,80
basic_1BT,3151424,868260056106835,80
basic_1BT,3285281,868260059455653,80
basic_1BT,3214426,868260062729873,80
basic_1BT,2218997,868260065010590,80
basic_1BT,2531821,868260067604901,80
basic_1BT,2202033,868260069865841,80
basic_1BT,2173392,868260072101769,80
basic_1BT,2243535,868260074408110,80
basic_1BT,2476969,868260076945178,80
basic_1BT,2245634,868260079253519,80
basic_1BT,2505109,868260081818226,80
basic_1BT,2563059,868260084442954,80
basic_1BT,2057707,868260086563993,80
basic_1BT,1841298,868260088465562,80
basic_1BT,1908650,868260090436948,80
basic_1BT,1974528,868260092470474,80
basic_1BT,2392161,868260094925201,80
basic_1BT,1825727,868260096810296,80
basic_1BT,1835845,868260098709859,80
basic_1BT,1677366,868260100461057,80
basic_1BT,2011675,868260102544940,80
basic_1BT,2032178,868260104639904,80
basic_1BT,1828478,868260106534546,80
basic_1BT,1999251,868260108608270,80
basic_1BT,1957038,868260110633647,80
basic_1BT,1858408,868260112551728,80
basic_1BT,1753588,868260114334953,80
basic_1BT,1879391,868260116243577,80
basic_1BT,1908256,868260118215745,80
basic_1BT,2015072,868260120259820,80
basic_1BT,1952102,868260122274547,80
basic_1BT,1418137,868260123721421,80
basic_1BT,1649095,868260125396133,80
basic_1BT,1605090,868260127073238,80
basic_1BT,1691746,868260128793577,80
basic_1BT,1281952,868260130126479,80
basic_1BT,1996903,868260132172159,80
basic_1BT,2309790,868260134544944,80
basic_1BT,1950052,868260136544343,80
basic_1BT,1974019,868260138570074,80
basic_1BT,2060396,868260140679521,80
basic_1BT,1933934,868260142665155,80
basic_1BT,2071898,868260144786859,80
basic_1BT,1756896,868260146605695,80
basic_1BT,2023974,868260148689658,80
basic_1BT,2003000,868260150755414,80
basic_1BT,1982873,868260152797314,80
basic_1BT,1835213,868260154693891,80
basic_1BT,1991684,868260156744456,80
basic_1BT,1867996,868260158674907,80
basic_1BT,1749805,868260160483349,80
basic_1BT,1798253,868260162344247,80
basic_1BT,1882719,868260164285277,80
basic_1BT,1973596,868260166313486,80
basic_1BT,1787703,868260168165579,80
basic_1BT,1875277,868260170096034,80
basic_1BT,2077478,868260172231958,80
basic_1BT,1818811,868260174112363,80
basic_1BT,1989423,868260176160087,80
basic_1BT,1884954,868260178111807,80
basic_1BT,2402139,868260180571600,80
basic_1BT,1854690,868260182487722,80
basic_1BT,2057748,868260184604141,80
basic_1BT,1884434,868260186549968,80
basic_1BT,1941316,868260188572328,80
basic_1BT,2032558,868260190665592,80
basic_1BT,1732334,868260192455641,80
basic_1BT,1892673,868260194412328,80
basic_1BT,1923580,868260196393677,80
basic_1BT,2036498,868260198491492,80
basic_1BT,1798122,868260200358751,80
basic_1BT,1621737,868260202059176,80
basic_1BT,1815187,868260203949508,80
basic_1BT,1969902,868260206027858,80
basic_1BT,1687615,868260207791550,80
basic_1BT,2144614,868260210006123,80
basic_1BT,1810942,868260211890727,80
basic_1BT,1919958,868260213879206,80
basic_1BT,1931075,868260215844310,80
basic_1BT,2051512,868260217929404,80
basic_1BT,1770391,868260219737418,80
basic_1BT,1682511,868260221452192,80
basic_1BT,1324440,868260222808468,80
basic_1BT,1007250,868260223843615,80
basic_1BT,1545186,868260225417278,80
basic_1BT,2041322,868260227488004,80
basic_1BT,1392796,868260228905178,80
basic_1BT,983731,868260229916592,80
basic_1BT,1546994,868260231491052,80
basic_1BT,1821628,868260233378530,80
basic_1BT,1983685,868260235390050,80
basic_1BT,1430823,868260236847784,80
basic_1BT,1763114,868260238647614,80
basic_1BT,1204421,868260239889716,80
basic_1BT,1574451,868260241502021,80
basic_1BT,1912662,868260243485310,80
basic_1BT,2012296,868260245555544,80
basic_1BT,2061583,868260247655170,80
basic_1BT,1957477,868260249671130,80
basic_1BT,2137890,868260251864368,80
basic_1BT,2207906,868260254130716,80
basic_1BT,2674779,868260256867093,80
basic_1BT,2401617,868260259329910,80
basic_1BT,2133483,868260261517082,80
basic_1BT,2332149,868260263928703,80
basic_1BT,2359469,868260266342099,80
basic_1BT,2028094,868260268431635,80
basic_1BT,2392546,868260270885746,80
basic_1BT,2321720,868260273261077,80
basic_1BT,2198379,868260275522153,80
basic_1BT,2344736,868260277925770,80
basic_1BT,2118905,868260280107506,80
basic_1BT,2244166,868260282414474,80
basic_1BT,2404980,868260284878471,80
basic_1BT,2235045,868260287175722,80
basic_1BT,2632240,868260289867410,80
basic_1BT,2384093,868260292313557,80
basic_1BT,2166750,868260294542057,80
basic_1BT,2208619,868260296810068,80
basic_1BT,2371543,868260299243671,80
basic_1BT,2340766,868260301643821,80
basic_1BT,2369537,868260304074972,80
basic_1BT,2838044,868260306975843,80
basic_1BT,2665553,868260309700563,80
basic_1BT,2695968,868260312459182,80
basic_1BT,2527346,868260315048448,80
basic_1BT,2685765,868260317793581,80
basic_1BT,2079297,868260319934772,80
basic_1BT,2236333,868260322230318,80
basic_1BT,2136220,868260324428893,80
basic_1BT,2040837,868260326531966,80
basic_1BT,2216171,868260328807891,80
basic_1BT,2427223,868260331297664,80
basic_1BT,2250311,868260333607102,80
basic_1BT,2486625,868260336155898,80
basic_1BT,2298468,868260338518044,80
basic_1BT,2415681,868260340992747,80
basic_1BT,2496303,868260343550759,80
basic_1BT,2434951,868260346044827,80
basic_1BT,2419966,868260348526928,80
basic_1BT,2255889,868260350845226,80
basic_1BT,2300573,868260353205332,80
basic_1BT,2136466,868260355404404,80
basic_1BT,2454256,868260357917627,80
basic_1BT,2249534,868260360229701,80
basic_1BT,2228349,868260362520060,80
basic_1BT,2270708,868260364850000,80
basic_1BT,2480633,868260367392667,80
basic_1BT,2160627,868260369612707,80
basic_1BT,2253819,868260371928466,80
basic_1BT,2491136,868260374478795,80
basic_1BT,2478962,868260377020604,80
basic_1BT,2617917,868260379700700,80
basic_1BT,2382619,868260382142838,80
basic_1BT,2192231,868260384397278,80
basic_1BT,2533465,868260386993158,80
basic_1BT,2483800,868260389536060,80
basic_1BT,2129319,868260391727709,80
basic_1BT,2824974,868260394611825,80
basic_1BT,2314214,868260396989197,80
basic_1BT,2226636,868260399325277,80
basic_1BT,2332888,868260401717619,80
basic_1BT,2212964,868260403993198,80
basic_1BT,2444933,868260406528698,80
basic_1BT,2374169,868260408963317,80
basic_1BT,2138210,868260411163376,80
basic_1BT,2421485,868260413643968,80
basic_1BT,2083563,868260415789996,80
basic_1BT,2244141,868260418093049,80
basic_1BT,2140124,868260420295142,80
basic_1BT,2325130,868260422682953,80
basic_1BT,2168891,868260424911333,80
basic_1BT,2379331,868260427353099,80
basic_1BT,2374785,868260429787177,80
basic_1BT,2793165,868260432642677,80
basic_1BT,3324232,868260436029771,80
basic_1BT,2524769,868260438619977,80
basic_1BT,2050255,868260440729505,80
basic_1BT,2079493,868260442870892,80
basic_1BT,2061832,868260444992067,80
basic_1BT,2585150,868260447639538,80
basic_1BT,2199783,868260449899175,80
basic_1BT,2201907,868260452163804,80
basic_1BT,2271170,868260454497213,80
basic_1BT,2377918,868260456934369,80
basic_1BT,2157258,868260459153432,80
basic_1BT,2098938,868260461312048,80
basic_1BT,2081172,868260463455255,80
basic_1BT,2206318,868260465720586,80
basic_1BT,2192065,868260467974564,80
basic_1BT,2434314,868260470497264,80
basic_1BT,2398817,868260472958035,80
basic_1BT,2350895,868260475371751,80
basic_1BT,2271681,868260477703015,80
basic_1BT,2117852,868260479883759,80
basic_1BT,2280636,868260482223978,80
basic_1BT,2395423,868260484681201,80
basic_1BT,2252982,868260486996929,80
basic_1BT,2147036,868260489203227,80
basic_1BT,2109357,868260491374859,80
basic_1BT,2099740,868260493533722,80
basic_1BT,1970033,868260495565594,80
basic_1BT,2002023,868260497627255,80
basic_1BT,2393965,868260500083249,80
basic_1BT,2358192,868260502503752,80
basic_1BT,2847226,868260505409804,80
basic_1BT,2266753,868260507738778,80
basic_1BT,2529542,868260510327617,80
basic_1BT,2285733,868260512675400,80
basic_1BT,2125419,868260514863355,80
basic_1BT,2376961,868260517299979,80
basic_1BT,2186593,868260519549543,80
basic_1BT,2197177,868260521805798,80
basic_1BT,2265059,868260524134716,80
basic_1BT,2421976,868260526619172,80
basic_1BT,2463417,868260529160556,80
basic_1BT,2306446,868260531528796,80
basic_1BT,2143532,868260533731941,80
basic_1BT,2381828,868260536175983,80
basic_1BT,2474432,868260538712289,80
basic_1BT,2180277,868260540975545,80
basic_1BT,2394972,868260543432517,80
basic_1BT,2372596,868260545863874,80
basic_1BT,2207772,868260548133530,80
basic_1BT,2259311,868260550456474,80
basic_1BT,2207164,868260552722782,80
basic_1BT,2733937,868260555518448,80
basic_1BT,3090628,868260558668198,80
basic_1BT,3329488,868260562059811,80
basic_1BT,2736027,868260564854830,80
basic_1BT,2521999,868260567438893,80
basic_1BT,2142996,868260569641052,80
basic_1BT,2106857,868260571809707,80
basic_1BT,2307929,868260574176765,80
basic_1BT,2208964,868260576448575,80
basic_1BT,2104897,868260578774692,80
basic_1BT,2261692,868260581095637,80
basic_1BT,2734563,868260583892977,80
basic_1BT,2099169,868260586052356,80
basic_1BT,1987348,868260588101748,80
basic_1BT,1944994,868260590108477,80
basic_1BT,1998425,868260592165718,80
basic_1BT,2009144,868260594236465,80
basic_1BT,2702468,868260596997866,80
basic_1BT,2121125,868260599181606,80
basic_1BT,2372375,868260601612919,80
basic_1BT,2053702,868260603728370,80
basic_1BT,1975195,868260605763088,80
basic_1BT,1988014,868260607813980,80
basic_1BT,2170364,868260610044394,80
basic_1BT,2152041,868260612259768,80
basic_1BT,1996199,868260614318106,80
basic_1BT,2175452,868260616552460,80
basic_1BT,2024555,868260618640783,80
basic_1BT,2034107,868260620734073,80
basic_1BT,1869589,868260622665887,80
basic_1BT,1960175,868260624685480,80
basic_1BT,1851397,868260626599152,80
basic_1BT,2014386,868260628672907,80
basic_1BT,2051502,868260630787135,80
basic_1BT,2279724,868260633126322,80
basic_1BT,1930345,868260635119274,80
basic_1BT,1897119,868260637075645,80
basic_1BT,2204023,868260639341471,80
basic_1BT,2139622,868260641540773,80
basic_1BT,2431478,868260644035302,80
basic_1BT,2141998,868260646242162,80
basic_1BT,2239630,868260648540975,80
basic_1BT,2350088,868260650953178,80
basic_1BT,2426857,868260653439167,80
basic_1BT,2453544,868260655954686,80
basic_1BT,2361028,868260658401749,80
basic_1BT,2180838,868260660645685,80
basic_1BT,2189108,868260662896467,80
basic_1BT,2060814,868260665016749,80
basic_1BT,2315367,868260667394105,80
basic_1BT,2335620,868260669789158,80
basic_1BT,2347933,868260672199797,80
basic_1BT,2432761,868260674694838,80
basic_1BT,2387465,868260677141616,80
basic_1BT,2495251,868260679698606,80
basic_1BT,2213916,868260681971654,80
basic_1BT,2183515,868260684217359,80
basic_1BT,2233802,868260686514203,80
basic_1BT,2237906,868260688811147,80
basic_1BT,2265922,868260691139885,80
basic_1BT,2188131,868260693387590,80
basic_1BT,2311188,868260695760852,80
basic_1BT,2249804,868260698069844,80
basic_1BT,2146879,868260700279099,80
basic_1BT,2375142,868260702716966,80
basic_1BT,2344229,868260705120309,80
basic_1BT,2862080,868260708044127,80
basic_1BT,2334647,868260710443650,80
basic_1BT,2273064,868260712775927,80
basic_1BT,2432570,868260715272401,80
basic_1BT,2172228,868260717504063,80
basic_1BT,2307875,868260719873882,80
basic_1BT,2524283,868260722457313,80
basic_1BT,2145101,868260724665199,80
basic_1BT,2091481,868260726818329,80
basic_1BT,2298107,868260729175594,80
basic_1BT,2035976,868260731274442,80
basic_1BT,2175642,868260733509833,80
basic_1BT,2041815,868260735614053,80
basic_1BT,2279188,868260737952273,80
basic_1BT,2395880,868260740409385,80
basic_1BT,2249448,868260742721189,80
basic_1BT,2390557,868260745170859,80
basic_1BT,2210418,868260747443075,80
basic_1BT,2091456,868260749594416,80
basic_1BT,2118218,868260751775209,80
basic_1BT,2305204,868260754139986,80
basic_1BT,2391730,868260756593490,80
basic_1BT,2236920,868260758892925,80
basic_1BT,2508952,868260761460830,80
basic_1BT,2146308,868260763669158,80
basic_1BT,2400906,868260766129197,80
basic_1BT,2211800,868260768403413,80
basic_1BT,2125074,868260770590501,80
basic_1BT,2372911,868260773022575,80
basic_1BT,2095004,868260775178772,80
basic_1BT,2258535,868260777496515,80
basic_1BT,2176539,868260779734391,80
basic_1BT,2356113,868260782149270,80
basic_1BT,2140725,868260784351995,80
basic_1BT,2414809,868260786846258,80
basic_1BT,2297179,868260789202691,80
basic_1BT,2239931,868260791505469,80
basic_1BT,2133990,868260793698711,80
basic_1BT,2064804,868260795825920,80
basic_1BT,2169743,868260798055247,80
basic_1BT,2037244,868260800155383,80
basic_1BT,2461572,868260802678960,80
basic_1BT,2152157,868260804889983,80
basic_1BT,2775123,868260807727211,80
basic_1BT,3067253,868260810853852,80
basic_1BT,2904023,868260813819418,80
basic_1BT,2970538,868260816852702,80
basic_1BT,2797290,868260819712357,80
basic_1BT,2180368,868260821952083,80
basic_1BT,2172103,868260824186392,80
basic_1BT,2141272,868260826389948,80
basic_1BT,1987083,868260828436158,80
basic_1BT,2311378,868260830809796,80
basic_1BT,2266944,868260833136775,80
basic_1BT,2181991,868260835381823,80
basic_1BT,2235135,868260837676277,80
basic_1BT,2184738,868260839923380,80
basic_1BT,2244151,868260842227240,80
basic_1BT,2055145,868260844345062,80
basic_1BT,2231467,868260846638964,80
basic_1BT,2019924,868260848718352,80
basic_1BT,2167558,868260850948746,80
basic_1BT,2228450,868260853237101,80
basic_1BT,2145195,868260855444265,80
basic_1BT,2186166,868260857689293,80
basic_1BT,2100673,868260859851970,80
basic_1BT,1974438,868260861886052,80
basic_1BT,1914994,868260863863507,80
basic_1BT,2001827,868260865924577,80
basic_1BT,2363469,868260868350186,80
basic_1BT,2130191,868260870543328,80
basic_1BT,2167568,868260872769637,80
basic_1BT,2493026,868260875324778,80
basic_1BT,2134952,868260877519665,80
basic_1BT,2585883,868260880167331,80
basic_1BT,2366190,868260882595826,80
basic_1BT,2256094,868260884911714,80
basic_1BT,2545188,868260887518625,80
basic_1BT,2445390,868260890023299,80
basic_1BT,2250090,868260892336366,80
basic_1BT,2198840,868260894597877,80
basic_1BT,2118599,868260896775543,80
basic_1BT,2053978,868260898892734,80
basic_1BT,2198319,868260901150908,80
basic_1BT,2464489,868260903701182,80
basic_1BT,2164787,868260905925186,80
basic_1BT,2291657,868260908278687,80
basic_1BT,2092102,868260910432438,80
basic_1BT,2664816,868260913156566,80
basic_1BT,2133955,868260915353197,80
basic_1BT,2182227,868260917594818,80
basic_1BT,2337624,868260919995093,80
basic_1BT,2173030,868260922258559,80
basic_1BT,2049482,868260924367550,80
basic_1BT,2371002,868260926801288,80
basic_1BT,2084565,868260928945055,80
basic_1BT,2831834,868260931839110,80
basic_1BT,2863900,868260934762373,80
basic_1BT,2637778,868260937462355,80
basic_1BT,2316354,868260939842342,80
basic_1BT,2382273,868260942284585,80
basic_1BT,2198345,868260944545436,80
basic_1BT,2154563,868260946762379,80
basic_1BT,2340170,868260949161541,80
basic_1BT,2526673,868260951749984,80
basic_1BT,2271119,868260954080301,80
basic_1BT,2034729,868260956177500,80
basic_1BT,2207285,868260958447346,80
basic_1BT,2376414,868260960882497,80
basic_1BT,2506632,868260963452081,80
basic_1BT,2210152,868260965721516,80
basic_1BT,1979360,868260967763381,80
basic_1BT,2423584,868260970246369,80
basic_1BT,2028951,868260972337228,80
basic_1BT,2093244,868260974493194,80
basic_1BT,2281227,868260976833824,80
basic_1BT,2304492,868260979200526,80
basic_1BT,2328713,868260981588172,80
basic_1BT,2556689,868260984207030,80
basic_1BT,2055943,868260986325444,80
basic_1BT,2260629,868260988644976,80
basic_1BT,2304567,868260991011256,80
basic_1BT,2215104,868260993285933,80
basic_1BT,2083157,868260995431104,80
basic_1BT,2225092,868260997715168,80
basic_1BT,2377812,868261000154664,80
basic_1BT,2785487,868261003002336,80
basic_1BT,2160506,868261005222096,80
basic_1BT,2246136,868261007530316,80
basic_1BT,2513313,868261010102676,80
basic_1BT,2514806,868261012679277,80
basic_1BT,2127434,868261014868571,80
basic_1BT,2335674,868261017263784,80
basic_1BT,2581051,868261019907019,80
basic_1BT,2112761,868261022079268,80
basic_1BT,2071424,868261024213869,80
basic_1BT,2255347,868261026532198,80
basic_1BT,2098322,868261028689251,80
basic_1BT,2307038,868261031059907,80
basic_1BT,2350840,868261033469845,80
basic_1BT,2312831,868261035844585,80
basic_1BT,2419891,868261038323548,80
basic_1BT,2476834,868261040863012,80
basic_1BT,2274772,868261043200059,80
basic_1BT,2122904,868261045400724,80
basic_1BT,2350379,868261047813393,80
basic_1BT,2579567,868261050452403,80
basic_1BT,2204438,868261052719007,80
basic_1BT,2097134,868261054878285,80
basic_1BT,2157204,868261057095524,80
basic_1BT,2707010,868261059865420,80
basic_1BT,2725637,868261062650912,80
basic_1BT,1748968,868261064462175,80
basic_1BT,2103203,868261066627533,80
basic_1BT,1677045,868261068364468,80
basic_1BT,2337037,868261070764116,80
basic_1BT,1343539,868261072167584,80
basic_1BT,1669248,868261073899347,80
basic_1BT,1633309,868261075592175,80
basic_1BT,1633519,868261077285623,80
basic_1BT,1660031,868261079007964,80
basic_1BT,1586009,868261080653827,80
basic_1BT,2289346,868261083005930,80
basic_1BT,1411152,868261084476740,80
basic_1BT,2393745,868261086933461,80
basic_1BT,1395259,868261088388529,80
basic_1BT,1773887,868261090224816,80
basic_1BT,1342225,868261091626696,80
basic_1BT,1900957,868261093587643,80
basic_1BT,2159785,868261095810254,80
basic_1BT,2118373,868261097987895,80
basic_1BT,2068868,868261100119248,80
basic_1BT,2185946,868261102367830,80
basic_1BT,2273640,868261104700638,80
basic_1BT,2104872,868261106867669,80
basic_1BT,2277153,868261109203754,80
basic_1BT,2008252,868261111274307,80
basic_1BT,2273876,868261113607084,80
basic_1BT,2061305,868261115730785,80
basic_1BT,2137959,868261117928543,80
basic_1BT,1797978,868261119788189,80
basic_1BT,1799175,868261121647459,80
basic_1BT,1603139,868261123324930,80
basic_1BT,1568928,868261124954004,80
basic_1BT,1291222,868261126307681,80
basic_1BT,1790906,868261128157815,80
basic_1BT,1919986,868261130140232,80
basic_1BT,2147506,868261132347306,80
basic_1BT,2050174,868261134460468,80
basic_1BT,2432735,868261136952597,80
basic_1BT,2134431,868261139149493,80
basic_1BT,2341969,868261141550946,80
basic_1BT,2058133,868261143670902,80
basic_1BT,2065421,868261145795761,80
basic_1BT,2182173,868261148039692,80
basic_1BT,2381821,868261150485949,80
basic_1BT,2450486,868261152995994,80
basic_1BT,2522450,868261155580388,80
basic_1BT,2536452,868261158176203,80
basic_1BT,2218060,868261160456333,80
basic_1BT,2144875,868261162663779,80
basic_1BT,2267646,868261164990743,80
basic_1BT,2209204,868261167263205,80
basic_1BT,2133077,868261169455480,80
basic_1BT,2332808,868261171850453,80
basic_1BT,2157810,868261174067505,80
basic_1BT,2220817,868261176351219,80
basic_1BT,2087452,868261178501446,80
basic_1BT,2398431,868261180959360,80
basic_1BT,2385280,868261183408022,80
basic_1BT,2648207,868261186115663,80
basic_1BT,2803068,868261188981392,80
basic_1BT,2554038,868261191597234,80
basic_1BT,2146379,868261193802680,80
basic_1BT,2324409,868261196189604,80
basic_1BT,2127549,868261198378947,80
basic_1BT,2153775,868261200592402,80
basic_1BT,2102176,868261202757113,80
basic_1BT,2158572,868261204975079,80
basic_1BT,2254535,868261207292676,80
basic_1BT,2191573,868261209543693,80
basic_1BT,2116379,868261211723444,80
basic_1BT,2059025,868261213841813,80
basic_1BT,2134566,868261216038489,80
basic_1BT,2169311,868261218272396,80
basic_1BT,2035189,868261220367018,80
basic_1BT,2303119,868261222732553,80
basic_1BT,2134691,868261224926753,80
basic_1BT,2294579,868261227283250,80
basic_1BT,2084419,868261229427288,80
basic_1BT,2014727,868261231504050,80
basic_1BT,2306868,868261233870626,80
basic_1BT,2234042,868261236167751,80
basic_1BT,2242417,868261238472012,80
basic_1BT,2176483,868261240707899,80
basic_1BT,2201698,868261242972021,80
basic_1BT,2174038,868261245205328,80
basic_1BT,2379165,868261247646898,80
basic_1BT,2025407,868261249731493,80
basic_1BT,2329465,868261252123123,80
basic_1BT,2102526,868261254311198,80
basic_1BT,2255557,868261256625884,80
basic_1BT,2204108,868261258892026,80
basic_1BT,2169623,868261261121103,80
basic_1BT,2529166,868261263713059,80
basic_1BT,2310195,868261266082391,80
basic_1BT,2351702,868261268496869,80
basic_1BT,2284275,868261270843103,80
basic_1BT,2267972,868261273171190,80
basic_1BT,2306200,868261275539320,80
basic_1BT,2392326,868261277990723,80
basic_1BT,2200520,868261280253588,80
basic_1BT,2577543,868261282894419,80
basic_1BT,2221825,868261285175511,80
basic_1BT,2170033,868261287407499,80
basic_1BT,2100281,868261289589124,80
basic_1BT,2234684,868261291885853,80
basic_1BT,2366936,868261294312108,80
basic_1BT,2291270,868261296666195,80
basic_1BT,2288194,868261299016303,80
basic_1BT,2177231,868261301252982,80
basic_1BT,2415045,868261303730983,80
basic_1BT,3121955,868261306912377,80
basic_1BT,2435412,868261309410053,80
basic_1BT,2234769,868261311707178,80
basic_1BT,2268839,868261314035470,80
basic_1BT,2380885,868261316478575,80
basic_1BT,2538075,868261319079346,80
basic_1BT,2594276,868261321732405,80
basic_1BT,2344450,868261324139095,80
basic_1BT,2474859,868261326677541,80
basic_1BT,2122608,868261328859237,80
basic_1BT,2779478,868261331701015,80
basic_1BT,2253568,868261334013982,80
basic_1BT,2166671,868261336242787,80
basic_1BT,2238208,868261338543089,80
basic_1BT,2038553,868261340641681,80
basic_1BT,2120363,868261342824374,80
basic_1BT,2295651,868261345179269,80
basic_1BT,2011966,868261347253133,80
basic_1BT,2099073,868261349412301,80
basic_1BT,2108991,868261351583107,80
basic_1BT,2276988,868261353919929,80
basic_1BT,2074251,868261356057026,80
basic_1BT,2206618,868261358327188,80
basic_1BT,2166766,868261360553537,80
basic_1BT,2485403,868261363100769,80
basic_1BT,2172274,868261365332141,80
basic_1BT,2464930,868261367858970,80
basic_1BT,2206454,868261370124867,80
basic_1BT,2097755,868261372284803,80
basic_1BT,2100010,868261374447825,80
basic_1BT,2277984,868261376785263,80
basic_1BT,2319151,868261379166614,80
basic_1BT,1990476,868261381217440,80
basic_1BT,2163218,868261383443439,80
basic_1BT,2732593,868261386235772,80
basic_1BT,2321867,868261388620039,80
basic_1BT,2100867,868261390782721,80
basic_1BT,2314600,868261393156679,80
basic_1BT,2559325,868261395778465,80
basic_1BT,2233356,868261398070888,80
basic_1BT,2175386,868261400308515,80
basic_1BT,2324548,868261402695233,80
basic_1BT,2075503,868261404829894,80
basic_1BT,2012046,868261406903673,80
basic_1BT,2497170,868261409460408,80
basic_1BT,2235681,868261411758254,80
basic_1BT,2137543,868261413955320,80
basic_1BT,2030975,868261416048771,80
basic_1BT,2281363,868261418394774,80
basic_1BT,2251437,868261420705019,80
basic_1BT,2246572,868261423013525,80
basic_1BT,2313267,868261425386091,80
basic_1BT,2462755,868261427911597,80
basic_1BT,2799505,868261430770319,80
basic_1BT,2739175,868261433571919,80
basic_1BT,2578274,868261436211787,80
basic_1BT,2115056,868261438388651,80
basic_1BT,1873929,868261440322405,80
basic_1BT,2134531,868261442520393,80
basic_1BT,2259441,868261444839043,80
basic_1BT,2653219,868261447554346,80
basic_1BT,2415787,868261450029170,80
basic_1BT,2557356,868261452650374,80
basic_1BT,2687815,868261455400769,80
basic_1BT,2713329,868261458173021,80
basic_1BT,2327886,868261460562620,80
basic_1BT,2064539,868261462689168,80
basic_1BT,2380629,868261465128604,80
basic_1BT,2569243,868261467760283,80
basic_1BT,2196681,868261470016166,80
basic_1BT,2371393,868261472449644,80
basic_1BT,2210643,868261474722491,80
basic_1BT,2086895,868261476868639,80
basic_1BT,2314315,868261479244953,80
basic_1BT,2331124,868261481635701,80
basic_1BT,2171371,868261483868881,80
basic_1BT,2429248,868261486357547,80
basic_1BT,2390297,868261488809894,80
basic_1BT,2239280,868261491110596,80
basic_1BT,2267621,868261493437555,80
basic_1BT,2427643,868261495927494,80
basic_1BT,2421158,868261498407930,80
basic_1BT,2106455,868261500577603,80
basic_1BT,2550721,868261503190172,80
basic_1BT,2352829,868261505602179,80
basic_1BT,2233686,868261507897910,80
basic_1BT,2270012,868261510227120,80
basic_1BT,2164410,868261512452979,80
basic_1BT,2237060,868261514752288,80
basic_1BT,2339939,868261517151510,80
basic_1BT,2494951,868261519708465,80
basic_1BT,2170755,868261521938278,80
basic_1BT,2261561,868261524262610,80
basic_1BT,2053091,868261526377832,80
basic_1BT,2045474,868261528482634,80
basic_1BT,2277840,868261530822628,80
basic_1BT,2426371,868261533308512,80
basic_1BT,2217810,868261535588657,80
basic_1BT,2392481,868261538040732,80
basic_1BT,2250481,868261540353764,80
basic_1BT,2115557,868261542531225,80
basic_1BT,2115402,868261544706110,80
basic_1BT,2209746,868261546978958,80
basic_1BT,2174804,868261549213036,80
basic_1BT,2171843,868261551469220,80
basic_1BT,2517418,868261554045575,80
basic_1BT,3564876,868261557673068,80
basic_1BT,3357204,868261561092797,80
basic_1BT,3125508,868261564280215,80
basic_1BT,2028038,868261566370292,80
basic_1BT,2011279,868261568440549,80
basic_1BT,2038743,868261570541180,80
basic_1BT,2517182,868261573129778,80
basic_1BT,2247184,868261575439422,80
basic_1BT,1984196,868261577483012,80
basic_1BT,2138204,868261579683296,80
basic_1BT,2154924,868261581897582,80
basic_1BT,2358583,868261584319342,80
basic_1BT,2218682,868261586601387,80
basic_1BT,2130547,868261588790815,80
basic_1BT,2377257,868261591229790,80
basic_1BT,2080465,868261593369724,80
basic_1BT,2354583,868261595786346,80
basic_1BT,2129775,868261597975244,80
basic_1BT,2092935,868261600130358,80
basic_1BT,2144343,868261602337062,80
basic_1BT,2332667,868261604729117,80
basic_1BT,2157831,868261606948526,80
basic_1BT,2131434,868261609139509,80
basic_1BT,2326879,868261611528828,80
basic_1BT,2458436,868261614046316,80
basic_1BT,2568271,868261616676566,80
basic_1BT,2524179,868261619262719,80
basic_1BT,2144274,868261621466055,80
basic_1BT,2062969,868261623615646,80
basic_1BT,2345543,868261626020296,80
basic_1BT,2128031,868261628210958,80
basic_1BT,2207426,868261630480608,80
basic_1BT,2026293,868261632566060,80
basic_1BT,2218832,868261634847964,80
basic_1BT,2259321,868261637166514,80
basic_1BT,2277098,868261639505821,80
basic_1BT,2132541,868261641698051,80
basic_1BT,2181526,868261643941641,80
basic_1BT,2095680,868261646096390,80
basic_1BT,2141272,868261648299811,80
basic_1BT,2169216,868261650531288,80
basic_1BT,2089581,868261652679896,80
basic_1BT,2501782,868261655243316,80
basic_1BT,2158933,868261657461697,80
basic_1BT,2293250,868261659817323,80
basic_1BT,2519403,868261662396359,80
basic_1BT,2161784,868261664620890,80
basic_1BT,2544440,868261667227440,80
basic_1BT,2188602,868261669474733,80
basic_1BT,2220195,868261671757084,80
basic_1BT,2140134,868261673956581,80
basic_1BT,2165111,868261676184534,80
basic_1BT,2314651,868261678561780,80
basic_1BT,3411180,868261682031957,80
basic_1BT,3224209,868261685318190,80
basic_1BT,2689668,868261688070209,80
basic_1BT,2331470,868261690464309,80
basic_1BT,2275218,868261692799879,80
basic_1BT,2049813,868261694913004,80
basic_1BT,2006523,868261696978900,80
basic_1BT,2018646,868261699060218,80
basic_1BT,2385430,868261701505172,80
basic_1BT,2082981,868261703649966,80
basic_1BT,2411130,868261706120249,80
basic_1BT,2446664,868261708629262,80
basic_1BT,2503330,868261711195063,80
basic_1BT,2313162,868261713567839,80
basic_1BT,2255617,868261715885621,80
basic_1BT,2275740,868261718220529,80
basic_1BT,2163724,868261720450612,80
basic_1BT,2263290,868261722776128,80
basic_1BT,2189383,868261725024889,80
basic_1BT,2050486,868261727137715,80
basic_1BT,2071309,868261729267936,80
basic_1BT,2026028,868261731356575,80
basic_1BT,2138104,868261733553942,80
basic_1BT,2158803,868261735775220,80
basic_1BT,2300483,868261738135236,80
basic_1BT,2564171,868261740761573,80
basic_1BT,2412768,868261743236832,80
basic_1BT,2284510,868261745580921,80
basic_1BT,2228671,868261747871936,80
basic_1BT,2271239,868261750202734,80
basic_1BT,2220621,868261752485750,80
basic_1BT,2584249,868261755132730,80
basic_1BT,2352935,868261757544662,80
basic_1BT,2393905,868261760045592,80
basic_1BT,2232574,868261762347572,80
basic_1BT,2108750,868261764515506,80
basic_1BT,2025447,868261766603604,80
basic_1BT,2345603,868261769008790,80
basic_1BT,2691232,868261771763741,80
basic_1BT,2244637,868261774067401,80
basic_1BT,2288479,868261776418777,80
basic_1BT,2273885,868261778755368,80
basic_1BT,2249554,868261781064119,80
basic_1BT,2273350,868261783399874,80
basic_1BT,2395443,868261785854872,80
basic_1BT,2236608,868261788154121,80
basic_1BT,2227828,868261790444360,80
basic_1BT,2157189,868261792661012,80
basic_1BT,2314119,868261795037271,80
basic_1BT,2109337,868261797205435,80
basic_1BT,2279829,868261799546978,80
basic_1BT,2516205,868261802121799,80
basic_1BT,2170580,868261804355416,80
basic_1BT,2834701,868261807252708,80
basic_1BT,2192776,868261809505665,80
basic_1BT,2409045,868261811994832,80
basic_1BT,2432505,868261814520147,80
basic_1BT,2400350,868261816980011,80
basic_1BT,2417335,868261819459736,80
basic_1BT,2236177,868261821755302,80
basic_1BT,2372420,868261824189606,80
basic_1BT,2101664,868261826353535,80
basic_1BT,2197187,868261828609829,80
basic_1BT,2544601,868261831216505,80
basic_1BT,2319532,868261833595882,80
basic_1BT,2622227,868261836280363,80
basic_1BT,2125781,868261838468910,80
basic_1BT,2292554,868261840820596,80
basic_1BT,2123631,868261843006628,80
basic_1BT,2474808,868261845540493,80
basic_1BT,2190180,868261847792853,80
basic_1BT,2234980,868261850087392,80
basic_1BT,2159810,868261852309938,80
basic_1BT,2586844,868261854959042,80
basic_1BT,2271891,868261857290482,80
basic_1BT,2239451,868261859593600,80
basic_1BT,2112741,868261861765714,80
basic_1BT,2223027,868261864052279,80
basic_1BT,2412287,868261866528937,80
basic_1BT,2253528,868261868841772,80
basic_1BT,2429523,868261871333355,80
basic_1BT,2308906,868261873701831,80
basic_1BT,2166971,868261875932200,80
basic_1BT,2196160,868261878187622,80
basic_1BT,50399933,868261928650693,80
basic_1BT,3349490,868261932063114,80
basic_1BT,3174959,868261935301420,80
basic_1BT,3531188,868261938892483,80
basic_1BT,3288097,868261942242996,80
basic_1BT,2095094,868261944397609,80
basic_1BT,2060197,868261946519350,80
basic_1BT,1995211,868261948573528,80
basic_1BT,2022651,868261950658504,80
basic_1BT,1992069,868261952709897,80
basic_1BT,2056965,868261954828675,80
basic_1BT,2526157,868261957413986,80
basic_1BT,2384498,868261959860378,80
basic_1BT,2141192,868261962060868,80
basic_1BT,2439015,868261964562188,80
basic_1BT,2677304,868261967301683,80
basic_1BT,2274662,868261969635688,80
basic_1BT,2651220,868261972349388,80
basic_1BT,2253233,868261974665131,80
basic_1BT,2307464,868261977031943,80
basic_1BT,2437712,868261979531925,80
basic_1BT,2474322,868261982065735,80
basic_1BT,2335865,868261984463505,80
basic_1BT,2516551,868261987042155,80
basic_1BT,2520099,868261989621798,80
basic_1BT,2700284,868261992384331,80
basic_1BT,2418197,868261994865068,80
basic_1BT,2522340,868261997446435,80
basic_1BT,2228650,868261999736553,80
basic_1BT,2191243,868262001987054,80
basic_1BT,2214798,868262004264012,80
basic_1BT,2553622,868262006880660,80
basic_1BT,2171662,868262009112017,80
basic_1BT,2404490,868262011578561,80
basic_1BT,2177266,868262013815335,80
basic_1BT,2232474,868262016110650,80
basic_1BT,2361906,868262018534931,80
basic_1BT,2480853,868262021074846,80
basic_1BT,2441685,868262023579038,80
basic_1BT,2178413,868262025816609,80
basic_1BT,2243295,868262028122233,80
basic_1BT,2173651,868262030358546,80
basic_1BT,2172695,868262032590538,80
basic_1BT,3086237,868262035738410,80
basic_1BT,2607988,868262038405947,80
basic_1BT,2447249,868262040915691,80
basic_1BT,2592433,868262043571596,80
basic_1BT,2902414,868262046557586,80
basic_1BT,2689739,868262049309484,80
basic_1BT,2386387,868262051758658,80
basic_1BT,2830111,868262054648062,80
basic_1BT,3383921,868262058094518,80
basic_1BT,3288408,868262061445081,80
basic_1BT,3075112,868262064582803,80
basic_1BT,2830647,868262067476276,80
basic_1BT,2101799,868262069638126,80
basic_1BT,2044631,868262071744687,80
basic_1BT,2678989,868262074483685,80
basic_1BT,2297029,868262076843430,80
basic_1BT,2453655,868262079359450,80
basic_1BT,2414957,868262081834442,80
basic_1BT,2208346,868262084098787,80
basic_1BT,2389212,868262086544482,80
basic_1BT,2220266,868262088824833,80
basic_1BT,2252224,868262091139183,80
basic_1BT,2307600,868262093500868,80
basic_1BT,2066182,868262095629680,80
basic_1BT,2254040,868262097943153,80
basic_1BT,2036889,868262100042076,80
basic_1BT,2183304,868262102290357,80
basic_1BT,2152222,868262104502523,80
basic_1BT,2350078,868262106915483,80
basic_1BT,2491888,868262109467273,80
basic_1BT,2515496,868262112034343,80
basic_1BT,2614133,868262114715087,80
basic_1BT,2297971,868262117072928,80
basic_1BT,2518224,868262119654004,80
basic_1BT,2290599,868262122004052,80
basic_1BT,2539478,868262124606898,80
basic_1BT,2199438,868262126869427,80
basic_1BT,1964058,868262128893521,80
basic_1BT,2186286,868262131142879,80
basic_1BT,2130456,868262133350994,80
basic_1BT,2196876,868262135604346,80
basic_1BT,2246471,868262137904442,80
basic_1BT,2119097,868262140080397,80
basic_1BT,2570759,868262142725859,80
basic_1BT,2236364,868262145016017,80
basic_1BT,2265085,868262147344410,80
basic_1BT,2330717,868262149735779,80
basic_1BT,2409691,868262152208492,80
basic_1BT,2205236,868262154476334,80
basic_1BT,2458641,868262156995590,80
basic_1BT,2566091,868262159624081,80
basic_1BT,2242632,868262161926233,80
basic_1BT,2235927,868262164224676,80
basic_1BT,2341498,868262166628022,80
basic_1BT,2263672,868262168951278,80
basic_1BT,2368160,868262171382485,80
basic_1BT,2180549,868262173623238,80
basic_1BT,2339353,868262176025327,80
basic_1BT,2419324,868262178511347,80
basic_1BT,2540492,868262181112083,80
basic_1BT,2307735,868262183482704,80
basic_1BT,2440629,868262185982876,80
basic_1BT,2567925,868262188613487,80
basic_1BT,2245058,868262190920686,80
basic_1BT,2208253,868262193188672,80
basic_1BT,2220977,868262195472391,80
basic_1BT,2574987,868262198108765,80
basic_1BT,2387084,868262200558596,80
basic_1BT,1917159,868262202537915,80
basic_1BT,2334122,868262204931111,80
basic_1BT,2274406,868262207262367,80
basic_1BT,2166262,868262209487707,80
basic_1BT,2096609,868262211641216,80
basic_1BT,2194031,868262213888933,80
basic_1BT,2260291,868262216206010,80
basic_1BT,2254836,868262218522731,80
basic_1BT,2170615,868262220753100,80
basic_1BT,2186226,868262223001170,80
basic_1BT,2490279,868262225550888,80
basic_1BT,2329881,868262227943054,80
basic_1BT,2388262,868262230414489,80
basic_1BT,2412683,868262232889879,80
basic_1BT,2429523,868262235382464,80
basic_1BT,2604381,868262238046448,80
basic_1BT,2245666,868262240355338,80
basic_1BT,2403216,868262242815146,80
basic_1BT,2462078,868262245331328,80
basic_1BT,2237752,868262247632121,80
basic_1BT,2211284,868262249903005,80
basic_1BT,2233060,868262252198074,80
basic_1BT,2579899,868262254840057,80
basic_1BT,2027908,868262256927544,80
basic_1BT,2520358,868262259510605,80
basic_1BT,2191868,868262261756324,80
basic_1BT,2083870,868262263902972,80
basic_1BT,2566517,868262266522889,80
basic_1BT,2708312,868262269287884,80
basic_1BT,2565710,868262271916259,80
basic_1BT,2486596,868262274462249,80
basic_1BT,2129695,868262276654675,80
basic_1BT,2399497,868262279116663,80
basic_1BT,2428140,868262281605233,80
basic_1BT,2555857,868262284223065,80
basic_1BT,2222160,868262286508553,80
basic_1BT,2165318,868262288733193,80
basic_1BT,2301435,868262291097509,80
basic_1BT,2341047,868262293498431,80
basic_1BT,2282576,868262295843672,80
basic_1BT,2208503,868262298111774,80
basic_1BT,2308780,868262300494100,80
basic_1BT,2310249,868262302861465,80
basic_1BT,2720741,868262305655151,80
basic_1BT,1695646,868262307432271,80
basic_1BT,2203748,868262309689827,80
basic_1BT,2396246,868262312148894,80
basic_1BT,2956154,868262315167730,80
basic_1BT,2899868,868262318126916,80
basic_1BT,2274311,868262320463101,80
basic_1BT,2393279,868262322918284,80
basic_1BT,2028013,868262325005891,80
basic_1BT,2310636,868262327378766,80
basic_1BT,2242602,868262329680437,80
basic_1BT,2248156,868262331990812,80
basic_1BT,2471711,868262334547021,80
basic_1BT,2286116,868262336886481,80
basic_1BT,2271765,868262339213490,80
basic_1BT,2380673,868262341647363,80
basic_1BT,2434921,868262344152184,80
basic_1BT,2187163,868262346406088,80
basic_1BT,2273510,868262348739697,80
basic_1BT,2020014,868262350822518,80
basic_1BT,2297625,868262353179903,80
basic_1BT,2184577,868262355428679,80
basic_1BT,2265426,868262357753839,80
basic_1BT,2482027,868262360298951,80
basic_1BT,2354545,868262362710180,80
basic_1BT,2219531,868262364984017,80
basic_1BT,2080515,868262367121325,80
basic_1BT,2070347,868262369251405,80
basic_1BT,2040503,868262371354313,80
basic_1BT,2108986,868262373522978,80
basic_1BT,2137823,868262375723457,80
basic_1BT,2344781,868262378127852,80
basic_1BT,2124208,868262380314670,80
basic_1BT,2360055,868262382742333,80
basic_1BT,2463587,868262385254594,80
basic_1BT,2454591,868262387772137,80
basic_1BT,2183319,868262390014990,80
basic_1BT,2245544,868262392323080,80
basic_1BT,2266293,868262394652470,80
basic_1BT,2186102,868262396921138,80
basic_1BT,2205056,868262399189205,80
basic_1BT,2383737,868262401635016,80
basic_1BT,2298146,868262403995859,80
basic_1BT,2124959,868262406213112,80
basic_1BT,2230148,868262408503201,80
basic_1BT,2468077,868262411034195,80
basic_1BT,2067881,868262413161233,80
basic_1BT,2047864,868262415271257,80
basic_1BT,2100452,868262417430661,80
basic_1BT,2317035,868262419833166,80
basic_1BT,2319878,868262422212512,80
basic_1BT,2272060,868262424560781,80
basic_1BT,2366427,868262426983633,80
basic_1BT,2063265,868262429107318,80
basic_1BT,2431433,868262431601552,80
basic_1BT,2589501,868262434250887,80
basic_1BT,2118980,868262436433054,80
basic_1BT,2086218,868262438582410,80
basic_1BT,2023355,868262440666087,80
basic_1BT,2137861,868262442860572,80
basic_1BT,2418815,868262445333312,80
basic_1BT,2306966,868262447696934,80
basic_1BT,2496949,868262450247448,80
basic_1BT,2424630,868262452728388,80
basic_1BT,2426431,868262455217810,80
basic_1BT,1935588,868262457213808,80
basic_1BT,2151761,868262459427769,80
basic_1BT,2176043,868262461662644,80
basic_1BT,2413472,868262464138781,80
basic_1BT,1802449,868262465997405,80
basic_1BT,2160948,868262468212082,80
basic_1BT,1953472,868262470222615,80
basic_1BT,1968226,868262472244694,80
basic_1BT,2601017,868262474901144,80
basic_1BT,2250030,868262477210778,80
basic_1BT,2186552,868262479459776,80
basic_1BT,2199128,868262481718785,80
basic_1BT,1865689,868262483648202,80
basic_1BT,2501931,868262486203791,80
basic_1BT,2242914,868262488509340,80
basic_1BT,2268293,868262490840865,80
basic_1BT,2078295,868262492979160,80
basic_1BT,2297260,868262495338945,80
basic_1BT,2533650,868262497932320,80
basic_1BT,2260213,868262500254909,80
basic_1BT,1997867,868262502328024,80
basic_1BT,2048304,868262504430352,80
basic_1BT,2119882,868262506612670,80
basic_1BT,2080194,868262508752899,80
basic_1BT,2358678,868262511174242,80
basic_1BT,1997688,868262513231398,80
basic_1BT,2412047,868262515705355,80
basic_1BT,2342426,868262518107065,80
basic_1BT,2380003,868262520539041,80
basic_1BT,2123379,868262522714277,80
basic_1BT,2075312,868262524849789,80
basic_1BT,2159288,868262527060930,80
basic_1BT,2159179,868262529280213,80
basic_1BT,1909325,868262531241541,80
basic_1BT,2161388,868262533470822,80
basic_1BT,2203697,868262535749284,80
basic_1BT,2409055,868262538217817,80
basic_1BT,2670023,868262540950847,80
basic_1BT,2223152,868262543236820,80
basic_1BT,2319121,868262545615751,80
basic_1BT,2154637,868262547832745,80
basic_1BT,2129862,868262550016043,80
basic_1BT,2306219,868262552379403,80
basic_1BT,2745499,868262555181778,80
basic_1BT,2226305,868262557468266,80
basic_1BT,2355915,868262559880455,80
basic_1BT,2280396,868262562226489,80
basic_1BT,2418998,868262564708229,80
basic_1BT,2334175,868262567104980,80
basic_1BT,2427112,868262569591997,80
basic_1BT,2070046,868262571724749,80
basic_1BT,2261391,868262574046365,80
basic_1BT,2461166,868262576570263,80
basic_1BT,2127590,868262578760143,80
basic_1BT,1979414,868262580799833,80
basic_1BT,2216633,868262583079572,80
basic_1BT,2174111,868262585313757,80
basic_1BT,2212399,868262587584608,80
basic_1BT,2211942,868262589856189,80
basic_1BT,2689698,868262592602227,80
basic_1BT,2398551,868262595057314,80
basic_1BT,1849772,868262596960426,80
basic_1BT,2312168,868262599328498,80
basic_1BT,2275475,868262601663691,80
basic_1BT,2301705,868262604027757,80
basic_1BT,2198665,868262606292776,80
basic_1BT,2338526,868262608690670,80
basic_1BT,2202389,868262610954823,80
basic_1BT,2322248,868262613336375,80
basic_1BT,2228941,868262615627071,80
basic_1BT,2453095,868262618133249,80
basic_1BT,2511099,868262620699818,80
basic_1BT,2150648,868262622924689,80
basic_1BT,1972163,868262624956722,80
basic_1BT,2027582,868262627046929,80
basic_1BT,2821882,868262629928705,80
basic_1BT,2161870,868262632152815,80
basic_1BT,2196876,868262634412271,80
basic_1BT,2412455,868262636883648,80
basic_1BT,2359206,868262639294875,80
basic_1BT,2275437,868262641619984,80
basic_1BT,2083740,868262643755204,80
basic_1BT,2209310,868262646013889,80
basic_1BT,2167879,868262648244680,80
basic_1BT,2392291,868262650718310,80
basic_1BT,2180989,868262652959304,80
basic_1BT,2278722,868262655300441,80
basic_1BT,2287352,868262657647763,80
basic_1BT,2647831,868262660358391,80
basic_1BT,2222671,868262662643607,80
basic_1BT,2072978,868262664778238,80
basic_1BT,2025084,868262666876410,80
basic_1BT,2203353,868262669139171,80
basic_1BT,2229126,868262671425218,80
basic_1BT,2051513,868262673536274,80
basic_1BT,2024831,868262675624141,80
basic_1BT,2489743,868262678173944,80
basic_1BT,3053145,868262681291389,80
basic_1BT,2408832,868262683763067,80
basic_1BT,2175783,868262685998530,80
basic_1BT,2242762,868262688297831,80
basic_1BT,2111846,868262690471859,80
basic_1BT,2723384,868262693249663,80
basic_1BT,2149937,868262695462421,80
basic_1BT,2417475,868262697940051,80
basic_1BT,2375847,868262700378219,80
basic_1BT,2490520,868262702931916,80
basic_1BT,3170676,868262706162309,80
basic_1BT,2167788,868262708386525,80
basic_1BT,2720253,868262711163241,80
basic_1BT,2376989,868262713594490,80
basic_1BT,2585263,868262716236332,80
basic_1BT,2344481,868262718638118,80
basic_1BT,2568547,868262721266680,80
basic_1BT,2342014,868262723671315,80
basic_1BT,2282250,868262726013314,80
basic_1BT,2440613,868262728516478,80
basic_1BT,2364221,868262730954912,80
basic_1BT,2240560,868262733267538,80
basic_1BT,2598732,868262735938081,80
basic_1BT,2297550,868262738333793,80
basic_1BT,2199053,868262740611028,80
basic_1BT,2727773,868262743413948,80
basic_1BT,2268158,868262745745808,80
basic_1BT,1862487,868262747638766,80
basic_1BT,2273665,868262749967249,80
basic_1BT,1710987,868262751707863,80
basic_1BT,2090882,868262753828661,80
basic_1BT,2356838,868262756241775,80
basic_1BT,2086176,868262758395420,80
basic_1BT,2217850,868262760658022,80
basic_1BT,2336381,868262763041841,80
basic_1BT,2167748,868262765252338,80
basic_1BT,1998718,868262767299158,80
basic_1BT,2244184,868262769587360,80
basic_1BT,2110819,868262771749014,80
basic_1BT,2358691,868262774150677,80
basic_1BT,2050867,868262776253144,80
basic_1BT,1701230,868262778010124,80
basic_1BT,2111724,868262780174951,80
basic_1BT,2022864,868262782275240,80
basic_1BT,2273269,868262784602322,80
basic_1BT,2032496,868262786697046,80
basic_1BT,2108302,868262788851223,80
basic_1BT,2266358,868262791172665,80
basic_1BT,2281293,868262793500429,80
basic_1BT,2151230,868262795713633,80
basic_1BT,2349792,868262798114691,80
basic_1BT,2135830,868262800306864,80
basic_1BT,2430621,868262802792017,80
basic_1BT,2546701,868262805397480,80
basic_1BT,2204013,868262807663773,80
basic_1BT,2280235,868262810000725,80
basic_1BT,2134110,868262812196152,80
basic_1BT,1697464,868262813963779,80
basic_1BT,2641953,868262816666744,80
basic_1BT,1550423,868262818253542,80
basic_1BT,2335800,868262820631447,80
basic_1BT,2068277,868262822734682,80
basic_1BT,1873836,868262824642052,80
basic_1BT,1806772,868262826483355,80
basic_1BT,2253668,868262828766070,80
basic_1BT,2143753,868262830965716,80
basic_1BT,2174448,868262833184680,80
basic_1BT,1715292,868262834945568,80
basic_1BT,2070542,868262837059888,80
basic_1BT,2109569,868262839215424,80
basic_1BT,2010918,868262841271895,80
basic_1BT,2048397,868262843374947,80
basic_1BT,1925079,868262845345487,80
basic_1BT,2354527,868262847754389,80
basic_1BT,2506125,868262850306384,80
basic_1BT,2659343,868262853027181,80
basic_1BT,2187429,868262855275822,80
basic_1BT,2132161,868262857458946,80
basic_1BT,2667608,868262860188242,80
basic_1BT,2116565,868262862371978,80
basic_1BT,2212152,868262864645779,80
basic_1BT,2316600,868262867023761,80
basic_1BT,2101258,868262869175813,80
basic_1BT,2311053,868262871548479,80
basic_1BT,2236438,868262873836016,80
basic_1BT,2336386,868262876233604,80
basic_1BT,1936695,868262878224090,80
basic_1BT,2106476,868262880379214,80
basic_1BT,2537484,868262882968433,80
basic_1BT,2437351,868262885464812,80
basic_1BT,2456009,868262887982505,80
basic_1BT,2315166,868262890382179,80
basic_1BT,2072666,868262892531078,80
basic_1BT,1920968,868262894514191,80
basic_1BT,2147677,868262896713458,80
basic_1BT,2409130,868262899184713,80
basic_1BT,2293496,868262901529875,80
basic_1BT,2373637,868262903966509,80
basic_1BT,2305124,868262906376722,80
basic_1BT,2341689,868262908781768,80
basic_1BT,2237636,868262911081378,80
basic_1BT,2127570,868262913274536,80
basic_1BT,2475020,868262915811965,80
basic_1BT,2304040,868262918176165,80
basic_1BT,2261171,868262920500498,80
basic_1BT,2543142,868262923106673,80
basic_1BT,2533781,868262925700594,80
basic_1BT,2559836,868262928322856,80
basic_1BT,2884919,868262931270505,80
basic_1BT,2627268,868262933957623,80
basic_1BT,2695964,868262936716287,80
basic_1BT,2006392,868262938784960,80
basic_1BT,2383826,868262941228370,80
basic_1BT,2349582,868262943656069,80
basic_1BT,2436895,868262946153239,80
basic_1BT,2174904,868262948392844,80
basic_1BT,2122293,868262950587178,80
basic_1BT,2191834,868262952832357,80
basic_1BT,2273521,868262955162397,80
basic_1BT,2381510,868262957597661,80
basic_1BT,2307579,868262959968823,80
basic_1BT,2385279,868262962441384,80
basic_1BT,2344619,868262964842117,80
basic_1BT,2237115,868262967147736,80
basic_1BT,2275058,868262969482534,80
basic_1BT,2546521,868262972090758,80
basic_1BT,2401497,868262974555367,80
basic_1BT,2295937,868262976911043,80
basic_1BT,2301740,868262979275774,80
basic_1BT,2014173,868262981343813,80
basic_1BT,2210837,868262983611182,80
basic_1BT,2086243,868262985757220,80
basic_1BT,2354473,868262988173897,80
basic_1BT,2503887,868262990754793,80
basic_1BT,2270958,868262993085877,80
basic_1BT,2429498,868262995589933,80
basic_1BT,2374991,868262998024929,80
basic_1BT,2238087,868263000325567,80
basic_1BT,2727200,868263003115108,80
basic_1BT,2211490,868263005397218,80
basic_1BT,2505150,868263007958584,80
basic_1BT,2448783,868263010488195,80
basic_1BT,2130552,868263012676470,80
basic_1BT,2253762,868263014993238,80
basic_1BT,2353201,868263017400687,80
basic_1BT,2045088,868263019508435,80
basic_1BT,2047213,868263021614981,80
basic_1BT,2427884,868263024105816,80
basic_1BT,2293441,868263026462385,80
basic_1BT,2406259,868263028928844,80
basic_1BT,2086604,868263031077913,80
basic_1BT,2168120,868263033305671,80
basic_1BT,1765609,868263035133613,80
basic_1BT,1811578,868263036998546,80
basic_1BT,1808913,868263038870180,80
basic_1BT,1788215,868263040717708,80
basic_1BT,2031838,868263042805448,80
basic_1BT,2148557,868263045007533,80
basic_1BT,1936244,868263047005389,80
basic_1BT,2036065,868263049095844,80
basic_1BT,2214734,868263051385946,80
basic_1BT,2696608,868263054136058,80
basic_1BT,2668223,868263056861128,80
basic_1BT,2159464,868263059083057,80
basic_1BT,2447690,868263061590407,80
basic_1BT,2417795,868263064070171,80
basic_1BT,2426747,868263066559809,80
basic_1BT,2341769,868263068960972,80
basic_1BT,2334005,868263071357021,80
basic_1BT,2367428,868263073783843,80
basic_1BT,2023873,868263075869921,80
basic_1BT,2168340,868263078097112,80
basic_1BT,2220185,868263080379653,80
basic_1BT,2807168,868263083249211,80
basic_1BT,2188377,868263085497226,80
basic_1BT,2110981,868263087670192,80
basic_1BT,2157796,868263089886884,80
basic_1BT,2336346,868263092284848,80
basic_1BT,2339819,868263094687078,80
basic_1BT,2173627,868263096919712,80
basic_1BT,2116639,868263099098336,80
basic_1BT,2173061,868263101331090,80
basic_1BT,2081739,868263103475274,80
basic_1BT,2142364,868263105677347,80
basic_1BT,2064593,868263107803994,80
basic_1BT,2269756,868263110132878,80
basic_1BT,2093620,868263112288649,80
basic_1BT,2157825,868263114508323,80
basic_1BT,2198234,868263116766010,80
basic_1BT,2220576,868263119048797,80
basic_1BT,2421886,868263121529975,80
basic_1BT,2272622,868263123864942,80
basic_1BT,2105613,868263126031358,80
basic_1BT,2072546,868263128166310,80
basic_1BT,2069203,868263130298335,80
basic_1BT,2161729,868263132519201,80
basic_1BT,2239099,868263134820451,80
basic_1BT,2221339,868263137101072,80
basic_1BT,2410383,868263139573615,80
basic_1BT,2354729,868263142011978,80
basic_1BT,2109944,868263144183942,80
basic_1BT,2372145,868263146618020,80
basic_1BT,2044581,868263148722727,80
basic_1BT,2294363,868263151079169,80
basic_1BT,2314279,868263153452401,80
basic_1BT,2033345,868263155547751,80
basic_1BT,2372480,868263157979579,80
basic_1BT,2453278,868263160495658,80
basic_1BT,2509189,868263163067052,80
basic_1BT,2616579,868263165761021,80
basic_1BT,2349847,868263168172908,80
basic_1BT,2209390,868263170444738,80
basic_1BT,2061862,868263172565728,80
basic_1BT,2092303,868263174720571,80
basic_1BT,2330477,868263177110632,80
basic_1BT,2329746,868263179502617,80
basic_1BT,2292314,868263181854645,80
basic_1BT,2007369,868263183924189,80
basic_1BT,2230314,868263186214248,80
basic_1BT,2196450,868263188473479,80
basic_1BT,2057923,868263190593090,80
basic_1BT,1967637,868263192620426,80
basic_1BT,1957729,868263194640376,80
basic_1BT,2094202,868263196794442,80
basic_1BT,2077744,868263198934350,80
basic_1BT,2215414,868263201209243,80
basic_1BT,2087441,868263203358664,80
basic_1BT,2069460,868263205487687,80
basic_1BT,2165864,868263207715650,80
basic_1BT,2090403,868263209865191,80
basic_1BT,2178368,868263212106125,80
basic_1BT,2151691,868263214321594,80
basic_1BT,2261251,868263216642569,80
basic_1BT,2414949,868263219119823,80
basic_1BT,2149657,868263221328427,80
basic_1BT,2317758,868263223707858,80
basic_1BT,2045334,868263225812710,80
basic_1BT,2191163,868263228066058,80
basic_1BT,2215078,868263230344012,80
basic_1BT,2281774,868263232685149,80
basic_1BT,2475034,868263235222058,80
basic_1BT,2698936,868263237980672,80
basic_1BT,2335980,868263240378707,80
basic_1BT,2360091,868263242801329,80
basic_1BT,2433362,868263245294360,80
basic_1BT,2177716,868263247534737,80
basic_1BT,2321832,868263249915656,80
basic_1BT,2362091,868263252340047,80
basic_1BT,2435757,868263254837759,80
basic_1BT,2193728,868263257090841,80
basic_1BT,2147101,868263259299815,80
basic_1BT,2303425,868263261662688,80
basic_1BT,2382819,868263264108274,80
basic_1BT,2270081,868263266441076,80
basic_1BT,2417410,868263268918089,80
basic_1BT,2440228,868263271420327,80
basic_1BT,2302818,868263273782508,80
basic_1BT,2051919,868263275896426,80
basic_1BT,2281924,868263278237728,80
basic_1BT,2075137,868263280375451,80
basic_1BT,2040823,868263282478554,80
basic_1BT,2562888,868263285100295,80
basic_1BT,2644158,868263287806998,80
basic_1BT,2305248,868263290171585,80
basic_1BT,2255668,868263292489132,80
basic_1BT,2313774,868263294864845,80
basic_1BT,2099705,868263297023693,80
basic_1BT,2195378,868263299280914,80
basic_1BT,2130181,868263301470523,80
basic_1BT,2606650,868263304138873,80
basic_1BT,3078885,868263307280087,80
basic_1BT,2727497,868263310066827,80
basic_1BT,2661443,868263312790355,80
basic_1BT,2497591,868263315349645,80
basic_1BT,2097395,868263317506643,80
basic_1BT,2143607,868263319712475,80
basic_1BT,2083372,868263321855176,80
basic_1BT,2171928,868263324089800,80
basic_1BT,2236889,868263326389310,80
basic_1BT,2147721,868263328596434,80
basic_1BT,2320139,868263330978512,80
basic_1BT,2232309,868263333270259,80
basic_1BT,2302457,868263335635111,80
basic_1BT,2399553,868263338094849,80
basic_1BT,2166501,868263340323840,80
basic_1BT,2213936,868263342599651,80
basic_1BT,2527116,868263345186510,80
basic_1BT,2444918,868263347693568,80
basic_1BT,2456912,868263350209528,80
basic_1BT,2363620,868263352634956,80
basic_1BT,2234619,868263354932817,80
basic_1BT,2079318,868263357071628,80
basic_1BT,1831159,868263358965454,80
basic_1BT,2509876,868263361534647,80
basic_1BT,1932896,868263363530425,80
basic_1BT,2337558,868263365928719,80
basic_1BT,2117652,868263368108927,80
basic_1BT,2278922,868263370450369,80
basic_1BT,2373924,868263372883756,80
basic_1BT,2448086,868263375393656,80
basic_1BT,2435302,868263377887880,80
basic_1BT,2362111,868263380315880,80
basic_1BT,2373436,868263382751186,80
basic_1BT,2448893,868263385259713,80
basic_1BT,2250346,868263387572183,80
basic_1BT,2480181,868263390111722,80
basic_1BT,2621770,868263392795989,80
basic_1BT,2212342,868263395070816,80
basic_1BT,2194431,868263397324349,80
basic_1BT,2244657,868263399631723,80
basic_1BT,2195603,868263401886489,80
basic_1BT,2280727,868263404229290,80
basic_1BT,2108570,868263406400075,80
basic_1BT,2318960,868263408778368,80
basic_1BT,2107618,868263410948668,80
basic_1BT,2628266,868263413636212,80
basic_1BT,2421434,868263416119640,80
basic_1BT,2474924,868263418657105,80
basic_1BT,2338987,868263421055590,80
basic_1BT,2207631,868263423325616,80
basic_1BT,2240678,868263425645193,80
basic_1BT,2065020,868263427772833,80
basic_1BT,3167893,868263431000114,80
basic_1BT,2366301,868263433429136,80
basic_1BT,2118293,868263435610761,80
basic_1BT,2077123,868263437747337,80
basic_1BT,2320414,868263440130076,80
basic_1BT,2281453,868263442474340,80
basic_1BT,2343432,868263444877015,80
basic_1BT,2338010,868263447277346,80
basic_1BT,2264995,868263449601659,80
basic_1BT,2172579,868263451836674,80
basic_1BT,2456756,868263454353119,80
basic_1BT,2085827,868263456500815,80
basic_1BT,2357591,868263458920375,80
basic_1BT,2480081,868263461460190,80
basic_1BT,2351395,868263463874182,80
basic_1BT,2257217,868263466190742,80
basic_1BT,2228555,868263468480970,80
basic_1BT,2274908,868263470817852,80
basic_1BT,2478697,868263473356163,80
basic_1BT,2403458,868263475821600,80
basic_1BT,2194415,868263478075358,80
basic_1BT,2345557,868263480483281,80
basic_1BT,2315272,868263482860247,80
basic_1BT,2222240,868263485142026,80
basic_1BT,2275509,868263487479965,80
basic_1BT,2114885,868263489654374,80
basic_1BT,2118579,868263491835408,80
basic_1BT,2194060,868263494088696,80
basic_1BT,2319807,868263496470849,80
basic_1BT,2649765,868263499182488,80
basic_1BT,2490670,868263501732266,80
basic_1BT,2403041,868263504197583,80
basic_1BT,2261918,868263506522276,80
basic_1BT,1980872,868263508585125,80
basic_1BT,2237085,868263510884455,80
basic_1BT,2169993,868263513113892,80
basic_1BT,2184983,868263515361677,80
basic_1BT,2304923,868263517726384,80
basic_1BT,2286895,868263520075635,80
basic_1BT,2430390,868263522568300,80
basic_1BT,2191309,868263524818776,80
basic_1BT,2307369,868263527187933,80
basic_1BT,2126172,868263529373663,80
basic_1BT,2332122,868263531767934,80
basic_1BT,2150453,868263533977389,80
basic_1BT,2116944,868263536156534,80
basic_1BT,2198580,868263538417529,80
basic_1BT,2435161,868263540911904,80
basic_1BT,2264328,868263543238366,80
basic_1BT,2181851,868263545479445,80
basic_1BT,2230695,868263547773137,80
basic_1BT,2467306,868263550299646,80
basic_1BT,2161614,868263552522899,80
basic_1BT,2915685,868263555500467,80
basic_1BT,3082573,868263558642234,80
basic_1BT,2034082,868263560738330,80
basic_1BT,2284761,868263563082279,80
basic_1BT,2021458,868263565163025,80
basic_1BT,2271174,868263567496233,80
basic_1BT,2067745,868263569623186,80
basic_1BT,2664215,868263572350052,80
basic_1BT,2322399,868263574734044,80
basic_1BT,2442959,868263577236201,80
basic_1BT,2183058,868263579480994,80
basic_1BT,2123670,868263581664459,80
basic_1BT,1989869,868263583716713,80
basic_1BT,2003972,868263585779672,80
basic_1BT,2314876,868263588157530,80
basic_1BT,2272558,868263590492352,80
basic_1BT,2450126,868263593001541,80
basic_1BT,2215353,868263595280112,80
basic_1BT,2680277,868263598019616,80
basic_1BT,2365244,868263600446854,80
basic_1BT,2207080,868263602716255,80
basic_1BT,2039064,868263604814566,80
basic_1BT,2428821,868263607305642,80
basic_1BT,2335639,868263609701146,80
basic_1BT,2436068,868263612200126,80
basic_1BT,2339614,868263614602000,80
basic_1BT,2584409,868263617245772,80
basic_1BT,2311954,868263619620466,80
basic_1BT,2239775,868263621919746,80
basic_1BT,2183320,868263624164674,80
basic_1BT,2419799,868263626646689,80
basic_1BT,2189960,868263628896262,80
basic_1BT,2212257,868263631170594,80
basic_1BT,2321963,868263633551845,80
basic_1BT,2283818,868263635897939,80
basic_1BT,2353761,868263638311214,80
basic_1BT,2325240,868263640698608,80
basic_1BT,2450156,868263643211415,80
basic_1BT,2285186,868263645556216,80
basic_1BT,2551216,868263648169421,80
basic_1BT,2213234,868263650445031,80
basic_1BT,1947892,868263652452110,80
basic_1BT,2338777,868263654852716,80
basic_1BT,2489622,868263657401557,80
basic_1BT,2194074,868263659657746,80
basic_1BT,2193318,868263661910547,80
basic_1BT,2445555,868263664417977,80
basic_1BT,2221112,868263666702006,80
basic_1BT,2176093,868263668937998,80
basic_1BT,2098341,868263671098264,80
basic_1BT,2396110,868263673553356,80
basic_1BT,2229337,868263675845174,80
basic_1BT,2239745,868263678144383,80
basic_1BT,3479969,868263681686557,80
basic_1BT,3269008,868263685017995,80
basic_1BT,2551507,868263687649899,80
basic_1BT,2418778,868263690128306,80
basic_1BT,2140841,868263692332464,80
basic_1BT,2326784,868263694721989,80
basic_1BT,2120448,868263696902031,80
basic_1BT,2244091,868263699208577,80
basic_1BT,2287707,868263701555378,80
basic_1BT,2545358,868263704163367,80
basic_1BT,2266798,868263706493047,80
basic_1BT,2183099,868263708735318,80
basic_1BT,2328448,868263711125590,80
basic_1BT,2072932,868263713257480,80
basic_1BT,2065410,868263715385165,80
basic_1BT,2481779,868263717926383,80
basic_1BT,2434940,868263720424140,80
basic_1BT,2530282,868263723016788,80
basic_1BT,2441105,868263725517261,80
basic_1BT,2593569,868263728173091,80
basic_1BT,2238564,868263730473824,80
basic_1BT,2433332,868263732966830,80
basic_1BT,2378774,868263735408095,80
basic_1BT,2318850,868263737786298,80
basic_1BT,2387716,868263740235702,80
basic_1BT,2215309,868263742513657,80
basic_1BT,2537684,868263745110304,80
basic_1BT,2153175,868263747325312,80
basic_1BT,2602330,868263749987142,80
basic_1BT,2188502,868263752237949,80
basic_1BT,2310501,868263754610869,80
basic_1BT,2403918,868263757074521,80
basic_1BT,2143372,868263759280193,80
basic_1BT,2307780,868263761646960,80
basic_1BT,2267225,868263763976771,80
basic_1BT,2390026,868263766454892,80
basic_1BT,2094657,868263768611815,80
basic_1BT,2122729,868263770796703,80
basic_1BT,2123601,868263772980078,80
basic_1BT,2171071,868263775213223,80
basic_1BT,2213008,868263777485520,80
basic_1BT,2547693,868263780096375,80
basic_1BT,2071740,868263782230611,80
basic_1BT,2063255,868263784353239,80
basic_1BT,2268703,868263786684563,80
basic_1BT,2241951,868263788985827,80
basic_1BT,2274652,868263791322629,80
basic_1BT,2259572,868263793641495,80
basic_1BT,2285026,868263795989042,80
basic_1BT,2550239,868263798624675,80
basic_1BT,2193127,868263800880263,80
basic_1BT,2231080,868263803172932,80
basic_1BT,2746290,868263805979182,80
basic_1BT,3098791,868263809140319,80
basic_1BT,2614368,868263811816841,80
basic_1BT,2725332,868263814601341,80
basic_1BT,2634175,868263817297660,80
basic_1BT,2281408,868263819640682,80
basic_1BT,2426677,868263822126385,80
basic_1BT,2343107,868263824531602,80
basic_1BT,2201968,868263826795850,80
basic_1BT,2137358,868263828992561,80
basic_1BT,2143051,868263831197992,80
basic_1BT,2297906,868263833555261,80
basic_1BT,2422462,868263836039968,80
basic_1BT,2399788,868263838504392,80
basic_1BT,2085276,868263840648816,80
basic_1BT,2355842,868263843067052,80
basic_1BT,2511659,868263845638356,80
basic_1BT,2538953,868263848240220,80
basic_1BT,2439997,868263850742407,80
basic_1BT,2461146,868263853262826,80
basic_1BT,2299897,868263855624752,80
basic_1BT,2395870,868263858079915,80
basic_1BT,2095340,868263860237635,80
basic_1BT,2412462,868263862711877,80
basic_1BT,2437796,868263865208992,80
basic_1BT,2199317,868263867470564,80
basic_1BT,2194822,868263869724433,80
basic_1BT,2320133,868263872106816,80
basic_1BT,2436986,868263874606793,80
basic_1BT,2113432,868263876779247,80
basic_1BT,2117206,868263878958447,80
basic_1BT,2308686,868263881350517,80
basic_1BT,2229598,868263883642164,80
basic_1BT,2194110,868263885895678,80
basic_1BT,2250927,868263888209126,80
basic_1BT,2320704,868263890591754,80
basic_1BT,2235075,868263892886483,80
basic_1BT,2570377,868263895519214,80
basic_1BT,2541815,868263898120542,80
basic_1BT,2078921,868263900261639,80
basic_1BT,2087185,868263902410773,80
basic_1BT,2167953,868263904638251,80
basic_1BT,2165398,868263906865447,80
basic_1BT,2283609,868263909208484,80
basic_1BT,2499385,868263911770265,80
basic_1BT,2580896,868263914410353,80
basic_1BT,2315653,868263916788702,80
basic_1BT,2572590,868263919424325,80
basic_1BT,2233781,868263921717515,80
basic_1BT,2293025,868263924073036,80
basic_1BT,2416313,868263926552069,80
basic_1BT,2345618,868263928957221,80
basic_1BT,3347260,868263932366239,80
basic_1BT,3346895,868263935775299,80
basic_1BT,2864040,868263938698571,80
basic_1BT,2211716,868263940972857,80
basic_1BT,2137799,868263943172505,80
basic_1BT,2345778,868263945577446,80
basic_1BT,2105168,868263947744903,80
basic_1BT,2230449,868263950035052,80
basic_1BT,2256325,868263952353952,80
basic_1BT,2187715,868263954621793,80
basic_1BT,2174428,868263956856247,80
basic_1BT,2171362,868263959090555,80
basic_1BT,2351001,868263961500738,80
basic_1BT,2176468,868263963739963,80
basic_1BT,2171026,868263965970141,80
basic_1BT,2104716,868263968137013,80
basic_1BT,2115712,868263970315982,80
basic_1BT,2207782,868263972583853,80
basic_1BT,2176203,868263974822447,80
basic_1BT,2149175,868263977031020,80
basic_1BT,2162477,868263979256839,80
basic_1BT,2180072,868263981496259,80
basic_1BT,2488309,868263984046694,80
basic_1BT,2249493,868263986360372,80
basic_1BT,2524148,868263988943443,80
basic_1BT,2320313,868263991325976,80
basic_1BT,2499586,868263993885601,80
basic_1BT,2227774,868263996175389,80
basic_1BT,2324473,868263998562307,80
basic_1BT,2488665,868264001110887,80
basic_1BT,2168656,868264003341101,80
basic_1BT,2162436,868264005563372,80
basic_1BT,2693879,868264008319345,80
basic_1BT,2631528,868264011012457,80
basic_1BT,2158732,868264013230758,80
basic_1BT,2135047,868264015428306,80
basic_1BT,2130106,868264017617343,80
basic_1BT,2545798,868264020225071,80
basic_1BT,2303920,868264022591793,80
basic_1BT,2461292,868264025112112,80
basic_1BT,2401237,868264027575068,80
basic_1BT,2514726,868264030149153,80
basic_1BT,2437807,868264032649576,80
basic_1BT,2125324,868264034836875,80
basic_1BT,2238969,868264037135012,80
basic_1BT,2418838,868264039629130,80
basic_1BT,2060593,868264041749568,80
basic_1BT,2079633,868264043891185,80
basic_1BT,2363479,868264046314248,80
basic_1BT,2205551,868264048582144,80
basic_1BT,2237425,868264050881635,80
basic_1BT,2385295,868264053326022,80
basic_1BT,2489923,868264055877890,80
basic_1BT,2265205,868264058202248,80
basic_1BT,2169002,868264060433033,80
basic_1BT,2188622,868264062683249,80
basic_1BT,2121450,868264064863722,80
basic_1BT,2413756,868264067340098,80
basic_1BT,2180573,868264069579904,80
basic_1BT,2613792,868264072255917,80
basic_1BT,2268984,868264074587136,80
basic_1BT,2262153,868264076908717,80
basic_1BT,2162837,868264079133573,80
basic_1BT,2259140,868264081452223,80
basic_1BT,2678488,868264084192825,80
basic_1BT,2423959,868264086678544,80
basic_1BT,2452031,868264089189817,80
basic_1BT,2248116,868264091500173,80
basic_1BT,2186873,868264093746113,80
basic_1BT,2771339,868264096579742,80
basic_1BT,2395569,868264099037210,80
basic_1BT,2154512,868264101250524,80
basic_1BT,2206900,868264103519408,80
basic_1BT,2188612,868264105767489,80
basic_1BT,2125856,868264107955394,80
basic_1BT,2290499,868264110335342,80
basic_1BT,2467817,868264112865549,80
basic_1BT,2245590,868264115173399,80
basic_1BT,2596151,868264117829083,80
basic_1BT,2250536,868264120142015,80
basic_1BT,2220662,868264122426164,80
basic_1BT,2318354,868264124804252,80
basic_1BT,2158416,868264127024964,80
basic_1BT,2015363,868264129099670,80
basic_1BT,2133780,868264131295148,80
basic_1BT,2426306,868264133780376,80
basic_1BT,2155881,868264135999248,80
basic_1BT,2373107,868264138462690,80
basic_1BT,2353637,868264140875790,80
basic_1BT,2267130,868264143205340,80
basic_1BT,2202649,868264145466821,80
basic_1BT,2308005,868264147837563,80
basic_1BT,2146639,868264150043560,80
basic_1BT,2301650,868264152407941,80
basic_1BT,2272643,868264154742442,80
basic_1BT,2395474,868264157197089,80
basic_1BT,2257588,868264159516596,80
basic_1BT,2723844,868264162299943,80
basic_1BT,2175086,868264164537594,80
basic_1BT,2160396,868264166760306,80
basic_1BT,2390782,868264169212266,80
basic_1BT,2391349,868264171665674,80
basic_1BT,2201306,868264173926288,80
basic_1BT,2265376,868264176253599,80
basic_1BT,2299971,868264178616215,80
basic_1BT,3421292,868264182096620,80
basic_1BT,3073192,868264185233561,80
basic_1BT,2090884,868264187386410,80
basic_1BT,2140320,868264189586488,80
basic_1BT,2060588,868264191709883,80
basic_1BT,2485448,868264194254764,80
basic_1BT,2668134,868264196985269,80
basic_1BT,2367263,868264199414952,80
basic_1BT,2239225,868264201713134,80
basic_1BT,2203837,868264203978966,80
basic_1BT,2400345,868264206465742,80
basic_1BT,2424281,868264208954522,80
basic_1BT,2522249,868264211539297,80
basic_1BT,2203788,868264213802553,80
basic_1BT,2264223,868264216128750,80
basic_1BT,2125970,868264218333926,80
basic_1BT,2175746,868264220569146,80
basic_1BT,2276251,868264222907692,80
basic_1BT,2093250,868264225060435,80
basic_1BT,2173777,868264227296011,80
basic_1BT,2239876,868264229595351,80
basic_1BT,2137423,868264231794788,80
basic_1BT,2484365,868264234338287,80
basic_1BT,2298513,868264236698328,80
basic_1BT,2141507,868264238901859,80
basic_1BT,2394135,868264241355674,80
basic_1BT,2187911,868264243605443,80
basic_1BT,2027923,868264245692844,80
basic_1BT,2392963,868264248147677,80
basic_1BT,2170404,868264250373981,80
basic_1BT,2657323,868264253113014,80
basic_1BT,2423048,868264255598137,80
basic_1BT,2210037,868264257867257,80
basic_1BT,2476888,868264260406525,80
basic_1BT,2720085,868264263188684,80
basic_1BT,2177822,868264265426015,80
basic_1BT,2167037,868264267654845,80
basic_1BT,2227301,868264269940989,80
basic_1BT,2154132,868264272157305,80
basic_1BT,2328437,868264274548675,80
basic_1BT,2316405,868264276925169,80
basic_1BT,2225759,868264279212987,80
basic_1BT,2170184,868264281441948,80
basic_1BT,2173882,868264283677870,80
basic_1BT,2437697,868264286174755,80
basic_1BT,2327690,868264288564786,80
basic_1BT,2135238,868264290761862,80
basic_1BT,2276005,868264293096620,80
basic_1BT,2230609,868264295390231,80
basic_1BT,2178147,868264297627526,80
basic_1BT,2336768,868264300027059,80
basic_1BT,2205887,868264302300002,80
basic_1BT,2251594,868264304611471,80
basic_1BT,2735906,868264307409296,80
basic_1BT,3348177,868264310816154,80
basic_1BT,2714176,868264313594219,80
basic_1BT,2131976,868264315785262,80
basic_1BT,2116268,868264317960798,80
basic_1BT,2019683,868264320042852,80
basic_1BT,2589255,868264322697128,80
basic_1BT,2383576,868264325140143,80
basic_1BT,2345166,868264327547269,80
basic_1BT,2476638,868264330083596,80
basic_1BT,2329670,868264332475290,80
basic_1BT,2160742,868264334698383,80
basic_1BT,2012928,868264336770523,80
basic_1BT,2073444,868264338905886,80
basic_1BT,2129073,868264341094062,80
basic_1BT,2021077,868264343177243,80
basic_1BT,2058744,868264345295135,80
basic_1BT,2154647,868264347511171,80
basic_1BT,2222135,868264349792424,80
basic_1BT,2218953,868264352073626,80
basic_1BT,2147225,868264354284500,80
basic_1BT,2311944,868264356655526,80
basic_1BT,2075118,868264358792774,80
basic_1BT,2014096,868264360866568,80
basic_1BT,2075398,868264363003309,80
basic_1BT,2289462,868264365352324,80
basic_1BT,1999221,868264367412963,80
basic_1BT,2065680,868264369538123,80
basic_1BT,2052144,868264371652988,80
basic_1BT,2294133,868264374005957,80
basic_1BT,2201336,868264376269474,80
basic_1BT,2093019,868264378424342,80
basic_1BT,2132892,868264380616567,80
basic_1BT,2084921,868264382763131,80
basic_1BT,2404710,868264385227260,80
basic_1BT,2243410,868264387532764,80
basic_1BT,2191579,868264389783361,80
basic_1BT,2503585,868264392349677,80
basic_1BT,2199493,868264394611449,80
basic_1BT,2192035,868264396862652,80
basic_1BT,2291111,868264399215962,80
basic_1BT,2272647,868264401548083,80
basic_1BT,2143021,868264403753424,80
basic_1BT,2718380,868264406531147,80
basic_1BT,2217945,868264408810866,80
basic_1BT,2141713,868264411015791,80
basic_1BT,2146434,868264413221608,80
basic_1BT,2051226,868264415335872,80
basic_1BT,2193443,868264417588588,80
basic_1BT,2309529,868264419960742,80
basic_1BT,2314270,868264422364089,80
basic_1BT,2524184,868264424951500,80
basic_1BT,2440469,868264427454394,80
basic_1BT,3100731,868264430614258,80
basic_1BT,2052505,868264432729940,80
basic_1BT,2049247,868264434838590,80
basic_1BT,2386913,868264437284541,80
basic_1BT,2159074,868264439505694,80
basic_1BT,2372911,868264441937944,80
basic_1BT,2348980,868264444349505,80
basic_1BT,2385074,868264446797040,80
basic_1BT,2391079,868264449247386,80
basic_1BT,2428325,868264451737620,80
basic_1BT,2211019,868264454007928,80
basic_1BT,2148328,868264456218566,80
basic_1BT,2425970,868264458706309,80
basic_1BT,2214683,868264460980620,80
basic_1BT,2540226,868264463583622,80
basic_1BT,2659303,868264466301778,80
basic_1BT,2429097,868264468793626,80
basic_1BT,2243199,868264471098599,80
basic_1BT,2335620,868264473493581,80
basic_1BT,2111336,868264475685180,80
basic_1BT,2331796,868264478076624,80
basic_1BT,2131084,868264480270263,80
basic_1BT,2042181,868264482375099,80
basic_1BT,2096857,868264484531421,80
basic_1BT,2299185,868264486892790,80
basic_1BT,2191474,868264489143487,80
basic_1BT,2340445,868264491546643,80
basic_1BT,2369873,868264493975785,80
basic_1BT,2676950,868264496714989,80
basic_1BT,2134927,868264498911470,80
basic_1BT,2233211,868264501203934,80
basic_1BT,2383691,868264503649980,80
basic_1BT,2424415,868264506133769,80
basic_1BT,2305565,868264508501132,80
basic_1BT,2494254,868264511057560,80
basic_1BT,2519181,868264513636045,80
basic_1BT,2393670,868264516092039,80
basic_1BT,2408584,868264518563295,80
basic_1BT,2253664,868264520877038,80
basic_1BT,2220516,868264523159313,80
basic_1BT,2649049,868264525868001,80
basic_1BT,2430942,868264528361618,80
basic_1BT,2445054,868264530868617,80
basic_1BT,2901538,868264533829457,80
basic_1BT,2408273,868264536299113,80
basic_1BT,2091536,868264538452624,80
basic_1BT,2138726,868264540650568,80
basic_1BT,2109066,868264542821874,80
basic_1BT,2137112,868264545018048,80
basic_1BT,2252837,868264547332739,80
basic_1BT,2194245,868264549586282,80
basic_1BT,2155870,868264551804302,80
basic_1BT,2420311,868264554284188,80
basic_1BT,3197226,868264557543739,80
basic_1BT,2144629,868264559750488,80
basic_1BT,2245400,868264562055140,80
basic_1BT,2640569,868264564758085,80
basic_1BT,2396841,868264567216836,80
basic_1BT,2602751,868264569878850,80
basic_1BT,2318946,868264572259975,80
basic_1BT,2551130,868264574874253,80
basic_1BT,2338261,868264577272217,80
basic_1BT,2195097,868264579529304,80
basic_1BT,2205166,868264581793462,80
basic_1BT,2375542,868264584230723,80
basic_1BT,2220866,868264586513619,80
basic_1BT,2377066,868264588950243,80
basic_1BT,2298418,868264591310881,80
basic_1BT,2286760,868264593657526,80
basic_1BT,2273404,868264595993240,80
basic_1BT,2314054,868264598403669,80
basic_1BT,2474353,868264600937244,80
basic_1BT,2297545,868264603296829,80
basic_1BT,2290554,868264605646526,80
basic_1BT,2268403,868264607976527,80
basic_1BT,2362537,868264610426753,80
basic_1BT,2187850,868264612676597,80
basic_1BT,2596352,868264615335244,80
basic_1BT,2071339,868264617466062,80
basic_1BT,2128131,868264619656433,80
basic_1BT,2090158,868264621828982,80
basic_1BT,2374244,868264624265085,80
basic_1BT,2197258,868264626524753,80
basic_1BT,2178242,868264628762244,80
basic_1BT,2384012,868264631208400,80
basic_1BT,2576875,868264633844444,80
basic_1BT,2226780,868264636133590,80
basic_1BT,2133002,868264638329539,80
basic_1BT,2104541,868264640493814,80
basic_1BT,2354092,868264642910397,80
basic_1BT,2228981,868264645198681,80
basic_1BT,2369392,868264647630549,80
basic_1BT,2283503,868264649973174,80
basic_1BT,2408324,868264652443487,80
basic_1BT,2204449,868264654710622,80
basic_1BT,2288419,868264657058666,80
basic_1BT,2133964,868264659254364,80
basic_1BT,2697572,868264662011475,80
basic_1BT,2152408,868264664226162,80
basic_1BT,2275403,868264666563325,80
basic_1BT,2608320,868264669230922,80
basic_1BT,2224270,868264671516951,80
basic_1BT,2049397,868264673626098,80
basic_1BT,2145040,868264675833493,80
basic_1BT,1996975,868264677890524,80
basic_1BT,2791646,868264680745012,80
basic_1BT,2764534,868264683571374,80
basic_1BT,2191148,868264685821544,80
basic_1BT,1876470,868264687760519,80
basic_1BT,2053427,868264689873230,80
basic_1BT,2156944,868264692092177,80
basic_1BT,1952000,868264694106779,80
basic_1BT,2099529,868264696265761,80
basic_1BT,2368722,868264698696377,80
basic_1BT,1993202,868264700749228,80
basic_1BT,2234463,868264703046126,80
basic_1BT,2065997,868264705171506,80
basic_1BT,1923334,868264707156674,80
basic_1BT,2113798,868264709329871,80
basic_1BT,1944760,868264711337000,80
basic_1BT,2196726,868264713592643,80
basic_1BT,2384017,868264716038790,80
basic_1BT,2175376,868264718280300,80
basic_1BT,2179140,868264720518733,80
basic_1BT,2199146,868264722780109,80
basic_1BT,2406479,868264725246202,80
basic_1BT,2406023,868264727714355,80
basic_1BT,2115681,868264729889345,80
basic_1BT,2149155,868264732101621,80
basic_1BT,2504759,868264734668780,80
basic_1BT,2129920,868264736876863,80
basic_1BT,1965186,868264738904980,80
basic_1BT,2097023,868264741061532,80
basic_1BT,2104516,868264743227938,80
basic_1BT,2423460,868264745711151,80
basic_1BT,2287422,868264748061139,80
basic_1BT,2099474,868264750224898,80
basic_1BT,2167808,868264752451984,80
basic_1BT,2141312,868264755024500,80
basic_1BT,2208759,868264757292707,80
basic_1BT,2164235,868264759518897,80
basic_1BT,2424577,868264762002886,80
basic_1BT,2277885,868264764342951,80
basic_1BT,2403768,868264766808948,80
basic_1BT,2359400,868264769228237,80
basic_1BT,2240442,868264771530304,80
basic_1BT,2054971,868264773644352,80
basic_1BT,2140761,868264775847428,80
basic_1BT,2279533,868264778186199,80
basic_1BT,2147851,868264780396642,80
basic_1BT,2518300,868264782977111,80
basic_1BT,2594803,868264785631233,80
basic_1BT,2217494,868264787910801,80
basic_1BT,2515393,868264790485482,80
basic_1BT,2298177,868264792846090,80
basic_1BT,2196956,868264795105632,80
basic_1BT,2223799,868264797389320,80
basic_1BT,2180925,868264799632469,80
basic_1BT,2244428,868264801936084,80
basic_1BT,2061856,868264804060661,80
basic_1BT,2432300,868264806557326,80
basic_1BT,2094924,868264808711443,80
basic_1BT,1953990,868264810727377,80
basic_1BT,2285899,868264813072388,80
basic_1BT,2198856,868264815333524,80
basic_1BT,2706313,868264818099636,80
basic_1BT,2228554,868264820391002,80
basic_1BT,2472980,868264822927389,80
basic_1BT,2382618,868264825368875,80
basic_1BT,2456135,868264827887590,80
basic_1BT,2303766,868264830250879,80
basic_1BT,2473441,868264832786810,80
basic_1BT,2494815,868264835343684,80
basic_1BT,2341242,868264837744164,80
basic_1BT,2135789,868264839942349,80
basic_1BT,2279188,868264842280363,80
basic_1BT,2352142,868264844694811,80
basic_1BT,2289813,868264847047254,80
basic_1BT,2318801,868264849424696,80
basic_1BT,2368455,868264851855472,80
basic_1BT,2317342,868264854231746,80
basic_1BT,2713434,868264857007836,80
basic_1BT,2357320,868264859427300,80
basic_1BT,2240889,868264861727096,80
basic_1BT,2455118,868264864245000,80
basic_1BT,2304897,868264866611857,80
basic_1BT,2128577,868264868798955,80
basic_1BT,2069470,868264870930689,80
basic_1BT,2520630,868264873510959,80
basic_1BT,2058118,868264875631191,80
basic_1BT,2404099,868264878095219,80
basic_1BT,2395158,868264880552998,80
basic_1BT,2409391,868264883024208,80
basic_1BT,2467736,868264885551448,80
basic_1BT,2209611,868264887823234,80
basic_1BT,2491142,868264890373543,80
basic_1BT,2401202,868264892837441,80
basic_1BT,2234243,868264895134059,80
basic_1BT,2251513,868264897445146,80
basic_1BT,2338592,868264899846694,80
basic_1BT,2464063,868264902369951,80
basic_1BT,2134110,868264904566521,80
basic_1BT,2317882,868264906946584,80
basic_1BT,2241525,868264909247356,80
basic_1BT,2174689,868264911484632,80
basic_1BT,2114745,868264913658685,80
basic_1BT,2527471,868264916248582,80
basic_1BT,2189689,868264918500030,80
basic_1BT,2109964,868264920669647,80
basic_1BT,2264424,868264922996240,80
basic_1BT,2367454,868264925423513,80
basic_1BT,2124653,868264927609669,80
basic_1BT,2909135,868264930578322,80
basic_1BT,2166500,868264932806747,80
basic_1BT,2105499,868264934974014,80
basic_1BT,2184884,868264937218336,80
basic_1BT,2254495,868264939535498,80
basic_1BT,2369178,868264941963893,80
basic_1BT,2173637,868264944200757,80
basic_1BT,2192331,868264946455869,80
basic_1BT,2193428,868264948708600,80
basic_1BT,2151129,868264950922381,80
basic_1BT,2442247,868264953423916,80
basic_1BT,2361254,868264955848031,80
basic_1BT,2310736,868264958218005,80
basic_1BT,2176689,868264960457100,80
basic_1BT,2539143,868264963058794,80
basic_1BT,2224461,868264965342427,80
basic_1BT,2201516,868264967606274,80
basic_1BT,2236960,868264969902501,80
basic_1BT,2127148,868264972091845,80
basic_1BT,2192477,868264974346992,80
basic_1BT,2390222,868264976796326,80
basic_1BT,2832181,868264979690616,80
basic_1BT,2212723,868264981962873,80
basic_1BT,2665087,868264984689293,80
basic_1BT,2332793,868264987108496,80
basic_1BT,2668614,868264989836353,80
basic_1BT,2521036,868264992419695,80
basic_1BT,2173717,868264994655437,80
basic_1BT,2447054,868264997162039,80
basic_1BT,2810294,868265000057306,80
basic_1BT,2269120,868265002389553,80
basic_1BT,2801299,868265005250301,80
basic_1BT,2252044,868265007564610,80
basic_1BT,2288249,868265009911986,80
basic_1BT,2552299,868265012526475,80
basic_1BT,2209651,868265014798286,80
basic_1BT,2771870,868265017629474,80
basic_1BT,2102877,868265019794400,80
basic_1BT,2178012,868265022032102,80
basic_1BT,2164682,868265024259444,80
basic_1BT,2090523,868265026412583,80
basic_1BT,2370040,868265028841354,80
basic_1BT,2475996,868265031379595,80
basic_1BT,2253087,868265033691991,80
basic_1BT,2303941,868265036058141,80
basic_1BT,2144919,868265038266910,80
basic_1BT,2190766,868265040517015,80
basic_1BT,2227548,868265042806682,80
basic_1BT,2215510,868265045081365,80
basic_1BT,2099254,868265047243334,80
basic_1BT,2237245,868265049539928,80
basic_1BT,2314646,868265051916377,80
basic_1BT,2337875,868265054313414,80
basic_1BT,3387559,868265057763147,80
basic_1BT,2617551,868265060443410,80
basic_1BT,2037981,868265062544317,80
basic_1BT,1998669,868265064602105,80
basic_1BT,2100572,868265066764520,80
basic_1BT,2276923,868265069100455,80
basic_1BT,2299094,868265071462321,80
basic_1BT,2370956,868265073892150,80
basic_1BT,2200585,868265076155881,80
basic_1BT,2460470,868265078678712,80
basic_1BT,2215830,868265080953540,80
basic_1BT,2150413,868265083166738,80
basic_1BT,2366396,868265085592467,80
basic_1BT,2116284,868265087771236,80
basic_1BT,2182978,868265090013488,80
basic_1BT,2373929,868265092449681,80
basic_1BT,2431829,868265094943268,80
basic_1BT,2557201,868265097559471,80
basic_1BT,2423068,868265100045256,80
basic_1BT,2413260,868265102523341,80
basic_1BT,2059797,868265104642431,80
basic_1BT,2180754,868265106885600,80
basic_1BT,2391484,868265109336267,80
basic_1BT,2227372,868265111625609,80
basic_1BT,2148247,868265113833355,80
basic_1BT,2285899,868265116181458,80
basic_1BT,2255503,868265118500023,80
basic_1BT,2130792,868265120690199,80
basic_1BT,2530753,868265123283417,80
basic_1BT,2761505,868265126103660,80
basic_1BT,2301315,868265128467901,80
basic_1BT,2108486,868265130639228,80
basic_1BT,2206208,868265132904849,80
basic_1BT,2258128,868265135225238,80
basic_1BT,2098527,868265137383328,80
basic_1BT,2052299,868265139497848,80
basic_1BT,2082625,868265141639521,80
basic_1BT,2195127,868265143896692,80
basic_1BT,2823069,868265146779240,80
basic_1BT,2438699,868265149280064,80
basic_1BT,2407912,868265151749064,80
basic_1BT,2200656,868265154009022,80
basic_1BT,2572997,868265156644836,80
basic_1BT,2213965,868265158921633,80
basic_1BT,2582153,868265161562868,80
basic_1BT,2347803,868265163973187,80
basic_1BT,2435426,868265166497220,80
basic_1BT,2256651,868265168816050,80
basic_1BT,2192180,868265171070214,80
basic_1BT,2677645,868265173807378,80
basic_1BT,2230420,868265176100990,80
basic_1BT,2201396,868265178365474,80
basic_1BT,2597704,868265181022452,80
basic_1BT,3076024,868265184160454,80
basic_1BT,3025326,868265187247804,80
basic_1BT,3208222,868265190515118,80
basic_1BT,3305828,868265193883081,80
basic_1BT,3282174,868265197226843,80
basic_1BT,2224831,868265199513499,80
basic_1BT,2565219,868265202137800,80
basic_1BT,2143506,868265204342931,80
basic_1BT,2268172,868265206673238,80
basic_1BT,2273104,868265209005690,80
basic_1BT,2750796,868265211819076,80
basic_1BT,2529842,868265214408376,80
basic_1BT,2612459,868265217083496,80
basic_1BT,2370761,868265219516868,80
basic_1BT,2398600,868265221974797,80
basic_1BT,2181656,868265224218597,80
basic_1BT,2288810,868265226569161,80
basic_1BT,2125004,868265228753262,80
basic_1BT,2323757,868265231139545,80
basic_1BT,2117582,868265233316455,80
basic_1BT,2157595,868265235537522,80
basic_1BT,2164261,868265237761627,80
basic_1BT,2281027,868265240104793,80
basic_1BT,2702013,868265242870956,80
basic_1BT,2270473,868265245201183,80
basic_1BT,2195322,868265247459045,80
basic_1BT,2299174,868265249817342,80
basic_1BT,2273324,868265252153388,80
basic_1BT,2614072,868265254832972,80
basic_1BT,2229342,868265257121206,80
basic_1BT,2397413,868265259581260,80
basic_1BT,2246026,868265261886459,80
basic_1BT,2134671,868265264083526,80
basic_1BT,2335549,868265266482607,80
basic_1BT,1973927,868265268602684,80
basic_1BT,2140334,868265270805194,80
basic_1BT,2316219,868265273180135,80
basic_1BT,2292218,868265275534367,80
basic_1BT,2238703,868265277832614,80
basic_1BT,2287162,868265280181980,80
basic_1BT,2450542,868265282694392,80
basic_1BT,2311663,868265285065078,80
basic_1BT,2066592,868265287193489,80
basic_1BT,2076686,868265289329393,80
basic_1BT,2208388,868265291599901,80
basic_1BT,2263261,868265293922440,80
basic_1BT,2482240,868265296467101,80
basic_1BT,2302166,868265298831757,80
basic_1BT,2524529,868265301415785,80
basic_1BT,2448513,868265303925976,80
basic_1BT,3030764,868265307015832,80
basic_1BT,3159357,868265310237019,80
basic_1BT,3238667,868265313538276,80
basic_1BT,2485523,868265316086376,80
basic_1BT,2110650,868265318259566,80
basic_1BT,2046265,868265320365290,80
basic_1BT,2108386,868265322537033,80
basic_1BT,2051267,868265324648796,80
basic_1BT,2145065,868265326857138,80
basic_1BT,2028083,868265328944885,80
basic_1BT,2360964,868265331369031,80
basic_1BT,2447855,868265333876686,80
basic_1BT,2736703,868265336676942,80
basic_1BT,2536974,868265339276170,80
basic_1BT,2307449,868265341643022,80
basic_1BT,2224491,868265343930364,80
basic_1BT,2079487,868265346069521,80
basic_1BT,1609443,868265347741845,80
basic_1BT,1839354,868265349640612,80
basic_1BT,2003977,868265351707426,80
basic_1BT,1931323,868265353698923,80
basic_1BT,2286585,868265356065985,80
basic_1BT,2045108,868265358183497,80
basic_1BT,2018476,868265360273800,80
basic_1BT,2001811,868265362389071,80
basic_1BT,1836421,868265364301349,80
basic_1BT,1787167,868265366167214,80
basic_1BT,1680714,868265367911286,80
basic_1BT,1966426,868265369943768,80
basic_1BT,1867331,868265371840962,80
basic_1BT,1375940,868265373242315,80
basic_1BT,1547324,868265374818889,80
basic_1BT,1358734,868265376205728,80
basic_1BT,2424628,868265378658244,80
basic_1BT,2533406,868265381251203,80
basic_1BT,2196355,868265383494463,80
basic_1BT,2024729,868265385564536,80
basic_1BT,2055867,868265387667176,80
basic_1BT,1930777,868265389643192,80
basic_1BT,1859245,868265391549605,80
basic_1BT,1775686,868265393369870,80
basic_1BT,2114198,868265395555212,80
basic_1BT,1914328,868265397522912,80
basic_1BT,2060402,868265399639265,80
basic_1BT,2328416,868265402021154,80
basic_1BT,1886014,868265403962954,80
basic_1BT,1889423,868265405939958,80
basic_1BT,1960691,868265407962273,80
basic_1BT,1960430,868265410013976,80
basic_1BT,1978317,868265412054818,80
basic_1BT,1884729,868265414003958,80
basic_1BT,2014586,868265416076660,80
basic_1BT,1905202,868265418045324,80
basic_1BT,2072977,868265420176707,80
basic_1BT,1967341,868265422206104,80
basic_1BT,1992400,868265424256985,80
basic_1BT,1900642,868265426218353,80
basic_1BT,1892999,868265428169612,80
basic_1BT,2493206,868265430724727,80
basic_1BT,2424311,868265433208111,80
basic_1BT,2414298,868265435696180,80
basic_1BT,2320624,868265438079034,80
basic_1BT,2217758,868265440363093,80
basic_1BT,2022823,868265442421798,80
basic_1BT,1373497,868265443822756,80
basic_1BT,1073580,868265444923584,80
basic_1BT,1598615,868265446550741,80
basic_1BT,1821513,868265448400005,80
basic_1BT,2061219,868265450487782,80
basic_1BT,1415166,868265451930864,80
basic_1BT,1708934,868265453685843,80
basic_1BT,1153891,868265454885363,80
basic_1BT,1357271,868265456286216,80
basic_1BT,2034676,868265458361765,80
basic_1BT,1894014,868265460300644,80
basic_1BT,2071598,868265462418231,80
basic_1BT,1713675,868265464175728,80
basic_1BT,1695565,868265465912104,80
basic_1BT,1842918,868265467822719,80
basic_1BT,1819189,868265469689627,80
basic_1BT,1785729,868265471530176,80
basic_1BT,1895414,868265473484234,80
basic_1BT,1667459,868265475207126,80
basic_1BT,1660399,868265476919835,80
basic_1BT,1919588,868265478894811,80
basic_1BT,1801693,868265480754684,80
basic_1BT,1752972,868265482563471,80
basic_1BT,2143738,868265484765754,80
basic_1BT,2034944,868265486861750,80
basic_1BT,1777249,868265488697094,80
basic_1BT,1885220,868265490644084,80
basic_1BT,2253538,868265492956780,80
basic_1BT,1940964,868265494959333,80
basic_1BT,2035570,868265497053525,80
basic_1BT,2262469,868265499396431,80
basic_1BT,2140851,868265501596334,80
basic_1BT,2185604,868265503844139,80
basic_1BT,2497347,868265506400843,80
basic_1BT,2281068,868265508743218,80
basic_1BT,2189695,868265510994085,80
basic_1BT,2174965,868265513227937,80
basic_1BT,2535308,868265515825717,80
basic_1BT,2399258,868265518284172,80
basic_1BT,2338586,868265520685389,80
basic_1BT,2082299,868265522830420,80
basic_1BT,2253413,868265525142765,80
basic_1BT,2153169,868265527358705,80
basic_1BT,2203386,868265529614829,80
basic_1BT,2182612,868265531859702,80
basic_1BT,2222897,868265534141902,80
basic_1BT,2357967,868265536562053,80
basic_1BT,2344855,868265538969179,80
basic_1BT,2369553,868265541398215,80
basic_1BT,2398280,868265543859693,80
basic_1BT,2506733,868265546425428,80
basic_1BT,2414573,868265548901910,80
basic_1BT,2360928,868265551324948,80
basic_1BT,2208328,868265553592809,80
basic_1BT,2990033,868265556645318,80
basic_1BT,2431853,868265559138590,80
basic_1BT,2530157,868265561727974,80
basic_1BT,2456606,868265564247217,80
basic_1BT,2705341,868265567015223,80
basic_1BT,2428210,868265569502836,80
basic_1BT,2171788,868265571736979,80
basic_1BT,2362883,868265574159250,80
basic_1BT,2483779,868265576705360,80
basic_1BT,2316620,868265579088414,80
basic_1BT,2638298,868265581787625,80
basic_1BT,2441832,868265584291236,80
basic_1BT,2368360,868265586723726,80
basic_1BT,2164310,868265588947835,80
basic_1BT,2085592,868265591095652,80
basic_1BT,1971065,868265593125855,80
basic_1BT,1922593,868265595110617,80
basic_1BT,2449484,868265597619410,80
basic_1BT,1959027,868265599640286,80
basic_1BT,2190652,868265601890195,80
basic_1BT,2146268,868265604098358,80
basic_1BT,2222767,868265606383259,80
basic_1BT,1913186,868265608355848,80
basic_1BT,2497791,868265610915895,80
basic_1BT,2130466,868265613105899,80
basic_1BT,2024740,868265615193125,80
basic_1BT,2165663,868265617418338,80
basic_1BT,2422802,868265619903059,80
basic_1BT,2172804,868265622135368,80
basic_1BT,2051909,868265624249050,80
basic_1BT,2626507,868265626937461,80
basic_1BT,2099920,868265629097055,80
basic_1BT,2571904,868265631732162,80
basic_1BT,2682432,868265634473581,80
basic_1BT,2209235,868265636745227,80
basic_1BT,2470427,868265639277654,80
basic_1BT,2153660,868265641491083,80
basic_1BT,2127504,868265643681154,80
basic_1BT,2294949,868265646035903,80
basic_1BT,2482066,868265648580113,80
basic_1BT,2211621,868265650854775,80
basic_1BT,2241986,868265653156545,80
basic_1BT,2420968,868265655639974,80
basic_1BT,2260068,868265657959586,80
basic_1BT,2040341,868265660061851,80
basic_1BT,2082610,868265662207814,80
basic_1BT,2111818,868265664379667,80
basic_1BT,2117747,868265666560320,80
basic_1BT,2092969,868265668713119,80
basic_1BT,2303565,868265671079911,80
basic_1BT,2344425,868265673483548,80
basic_1BT,2330642,868265675876370,80
basic_1BT,2185620,868265678121379,80
basic_1BT,2621185,868265680804783,80
basic_1BT,2991056,868265683858856,80
basic_1BT,2596702,868265686515267,80
basic_1BT,2143647,868265688720908,80
basic_1BT,2126708,868265690910262,80
basic_1BT,2027236,868265692996711,80
basic_1BT,2191975,868265695251136,80
basic_1BT,2408609,868265697719494,80
basic_1BT,2305199,868265700086236,80
basic_1BT,2386007,868265702558834,80
basic_1BT,2131309,868265704749897,80
basic_1BT,2138013,868265706950918,80
basic_1BT,2210723,868265709221180,80
basic_1BT,2349722,868265711632766,80
basic_1BT,2347342,868265714039326,80
basic_1BT,2259442,868265716361959,80
basic_1BT,2469245,868265718892954,80
basic_1BT,2258470,868265721210060,80
basic_1BT,2317683,868265723590333,80
basic_1BT,2370250,868265726020231,80
basic_1BT,2406815,868265728489788,80
basic_1BT,2270783,868265730822520,80
basic_1BT,2582559,868265733464472,80
basic_1BT,2253193,868265735780436,80
basic_1BT,2358698,868265738198658,80
basic_1BT,2508918,868265740769966,80
basic_1BT,2587125,868265743419616,80
basic_1BT,2345237,868265745824226,80
basic_1BT,2209656,868265748096152,80
basic_1BT,2167703,868265750326993,80
basic_1BT,2538141,868265752924682,80
basic_1BT,2307949,868265755295273,80
basic_1BT,2452983,868265757807172,80
basic_1BT,2109528,868265759978875,80
basic_1BT,2210688,868265762324638,80
basic_1BT,2280090,868265764666732,80
basic_1BT,2217840,868265766947413,80
basic_1BT,2294724,868265769301570,80
basic_1BT,2187269,868265771550819,80
basic_1BT,2475375,868265774085557,80
basic_1BT,2382454,868265776530155,80
basic_1BT,2118293,868265778710548,80
basic_1BT,2570476,868265781340141,80
basic_1BT,2406816,868265783808645,80
basic_1BT,2489558,868265786357852,80
basic_1BT,2348825,868265788769027,80
basic_1BT,2287050,868265791117356,80
basic_1BT,2197277,868265793373961,80
basic_1BT,2413842,868265795850268,80
basic_1BT,2241820,868265798150916,80
basic_1BT,2359630,868265800572299,80
basic_1BT,2179556,868265802814526,80
basic_1BT,3141346,868265806015200,80
basic_1BT,2168495,868265808245966,80
basic_1BT,2305719,868265810613053,80
basic_1BT,2355405,868265813028222,80
basic_1BT,2452000,868265815543365,80
basic_1BT,2101058,868265817703721,80
basic_1BT,2725498,868265820491929,80
basic_1BT,2488440,868265823042444,80
basic_1BT,2396025,868265825497586,80
basic_1BT,2541013,868265828100167,80
basic_1BT,2464890,868265830629127,80
basic_1BT,2410017,868265833098979,80
basic_1BT,2290388,868265835451733,80
basic_1BT,2306817,868265837818093,80
basic_1BT,2339343,868265840219762,80
basic_1BT,2358267,868265842640278,80
basic_1BT,2491126,868265845190296,80
basic_1BT,2311834,868265847564110,80
basic_1BT,2300513,868265849924211,80
basic_1BT,2183771,868265852170503,80
basic_1BT,2424556,868265854657043,80
basic_1BT,2267299,868265856983616,80
basic_1BT,2190466,868265859236377,80
basic_1BT,2475189,868265861771181,80
basic_1BT,2571349,868265864404734,80
basic_1BT,2296157,868265866763893,80
basic_1BT,2262800,868265869085559,80
basic_1BT,2141032,868265871289041,80
basic_1BT,2397288,868265873745617,80
basic_1BT,2237625,868265876045934,80
basic_1BT,2413886,868265878524817,80
basic_1BT,2754239,868265881338063,80
basic_1BT,2296628,868265883697142,80
basic_1BT,2417415,868265886174436,80
basic_1BT,2121952,868265888358798,80
basic_1BT,2324127,868265890745487,80
basic_1BT,2077193,868265892881772,80
basic_1BT,2142921,868265895087729,80
basic_1BT,2260534,868265897407536,80
basic_1BT,2439783,868265899910350,80
basic_1BT,2428936,868265902398208,80
basic_1BT,2469601,868265904929683,80
basic_1BT,2324940,868265907316627,80
basic_1BT,2138976,868265909514757,80
basic_1BT,2071559,868265911648431,80
basic_1BT,2379742,868265914087707,80
basic_1BT,2295987,868265916446645,80
basic_1BT,2225819,868265918727161,80
basic_1BT,2212527,868265920998857,80
basic_1BT,2547382,868265923608694,80
basic_1BT,2393799,868265926062113,80
basic_1BT,2491032,868265928615103,80
basic_1BT,3392435,868265932069979,80
basic_1BT,3190220,868265935322914,80
basic_1BT,2203521,868265937585554,80
basic_1BT,2181420,868265939829043,80
basic_1BT,2166947,868265942055559,80
basic_1BT,2126266,868265944244742,80
basic_1BT,2255347,868265946563371,80
basic_1BT,2138019,868265948760423,80
basic_1BT,2303254,868265951126533,80
basic_1BT,2180583,868265953366800,80
basic_1BT,2238418,868265955668014,80
basic_1BT,1997006,868265957724468,80
basic_1BT,2042125,868265959828769,80
basic_1BT,2312847,868265962200743,80
basic_1BT,2011384,868265964275269,80
basic_1BT,2029666,868265966367141,80
basic_1BT,2320935,868265968747183,80
basic_1BT,2194692,868265971004049,80
basic_1BT,2535821,868265973599639,80
basic_1BT,2395133,868265976057372,80
basic_1BT,2398070,868265978519121,80
basic_1BT,2202790,868265980781499,80
basic_1BT,2235155,868265983078253,80
basic_1BT,2315563,868265985453103,80
basic_1BT,2423970,868265987939399,80
basic_1BT,2091370,868265990090443,80
basic_1BT,2158516,868265992311375,80
basic_1BT,2030369,868265994404519,80
basic_1BT,2107022,868265996570769,80
basic_1BT,2253228,868265998886362,80
basic_1BT,2784169,868266001729614,80
basic_1BT,2384353,868266004175715,80
basic_1BT,2435923,868266006674023,80
basic_1BT,2190842,868266008924033,80
basic_1BT,2212011,868266011198405,80
basic_1BT,2125675,868266013384100,80
basic_1BT,2239520,868266015685249,80
basic_1BT,2387224,868266018131841,80
basic_1BT,2093130,868266020287441,80
basic_1BT,2312692,868266022662828,80
basic_1BT,2237922,868266024960083,80
basic_1BT,2207952,868266027254636,80
basic_1BT,2298809,868266029612938,80
basic_1BT,2310251,868266031984757,80
basic_1BT,2370516,868266034444280,80
basic_1BT,2313353,868266036820724,80
basic_1BT,2314620,868266039197544,80
basic_1BT,2265901,868266041522639,80
basic_1BT,2216026,868266043801115,80
basic_1BT,2224240,868266046084613,80
basic_1BT,2354493,868266048501457,80
basic_1BT,2225131,868266050788964,80
basic_1BT,2356182,868266053204323,80
basic_1BT,3494193,868266056760460,80
basic_1BT,3251602,868266060074924,80
basic_1BT,2982340,868266063120647,80
basic_1BT,3299099,868266066479038,80
basic_1BT,3355179,868266069897535,80
basic_1BT,3133226,868266073094093,80
basic_1BT,2729602,868266075886151,80
basic_1BT,2221178,868266078166982,80
basic_1BT,2235125,868266080485917,80
basic_1BT,2174439,868266082722982,80
basic_1BT,2477785,868266085260457,80
basic_1BT,2371638,868266087694314,80
basic_1BT,2535013,868266090288797,80
basic_1BT,2300563,868266092651098,80
basic_1BT,2403347,868266095116860,80
basic_1BT,2677024,868266097853599,80
basic_1BT,2239751,868266100155630,80
basic_1BT,2273529,868266102491715,80
basic_1BT,2282871,868266104833684,80
basic_1BT,2249669,868266107145107,80
basic_1BT,2270117,868266109474111,80
basic_1BT,2412503,868266111948588,80
basic_1BT,2384960,868266114418380,80
basic_1BT,2262981,868266116743605,80
basic_1BT,2317612,868266119123217,80
basic_1BT,2225959,868266121408563,80
basic_1BT,2506122,868266123976619,80
basic_1BT,2388939,868266126448656,80
basic_1BT,2485338,868266128995888,80
basic_1BT,2275990,868266131334264,80
basic_1BT,2309308,868266133702840,80
basic_1BT,2385967,868266136151237,80
basic_1BT,2376515,868266138589921,80
basic_1BT,2353827,868266141002760,80
basic_1BT,2139477,868266143204613,80
basic_1BT,2472402,868266145736444,80
basic_1BT,2185529,868266147983933,80
basic_1BT,2439912,868266150509505,80
basic_1BT,2430440,868266153002045,80
basic_1BT,2481218,868266155545944,80
basic_1BT,2648814,868266158254571,80
basic_1BT,2644599,868266160961856,80
basic_1BT,2349236,868266163373092,80
basic_1BT,2388768,868266165820787,80
basic_1BT,2356788,868266168239555,80
basic_1BT,2068467,868266170370342,80
basic_1BT,2246111,868266172675912,80
basic_1BT,2332196,868266175069330,80
basic_1BT,2300838,868266177429732,80
basic_1BT,2668530,868266180160472,80
basic_1BT,2680722,868266182903254,80
basic_1BT,2161238,868266185124130,80
basic_1BT,2097675,868266187284336,80
basic_1BT,2100231,868266189443881,80
basic_1BT,2623530,868266192130422,80
basic_1BT,2258991,868266194452319,80
basic_1BT,2210367,868266196721403,80
basic_1BT,2188357,868266198972095,80
basic_1BT,2449143,868266201480487,80
basic_1BT,2093585,868266203635776,80
basic_1BT,2224581,868266205919328,80
basic_1BT,2156983,868266208138677,80
basic_1BT,2167523,868266210369958,80
basic_1BT,2122648,868266212552261,80
basic_1BT,2389681,868266215004567,80
basic_1BT,2330192,868266217394177,80
basic_1BT,2283749,868266219740441,80
basic_1BT,2208894,868266222008603,80
basic_1BT,2420292,868266224492478,80
basic_1BT,2184688,868266226739370,80
basic_1BT,2254485,868266229053484,80
basic_1BT,2495647,868266231610584,80
basic_1BT,2189384,868266233859342,80
basic_1BT,2174488,868266236095880,80
basic_1BT,2239095,868266238397736,80
basic_1BT,2583406,868266241041092,80
basic_1BT,2238728,868266243342195,80
basic_1BT,2696088,868266246097471,80
basic_1BT,2169262,868266248328422,80
basic_1BT,2101523,868266250492632,80
basic_1BT,2516410,868266253068535,80
basic_1BT,2487112,868266255617807,80
basic_1BT,2264955,868266257942025,80
basic_1BT,2247013,868266260251228,80
basic_1BT,2500578,868266262814212,80
basic_1BT,2471616,868266265345155,80
basic_1BT,2496499,868266267904265,80
basic_1BT,2240778,868266270204568,80
basic_1BT,2274051,868266272541059,80
basic_1BT,2251362,868266274854657,80
basic_1BT,2305965,868266277220145,80
basic_1BT,2474874,868266279757500,80
basic_1BT,2406299,868266282223062,80
basic_1BT,2177847,868266284463038,80
basic_1BT,2534933,868266287061259,80
basic_1BT,2553411,868266289673687,80
basic_1BT,2418122,868266292153733,80
basic_1BT,2113296,868266294329676,80
basic_1BT,2190116,868266296597006,80
basic_1BT,2176910,868266298836872,80
basic_1BT,2214477,868266301111088,80
basic_1BT,2380580,868266303553842,80
basic_1BT,3456170,868266307069234,80
basic_1BT,3012255,868266310144054,80
basic_1BT,2387304,868266312590060,80
basic_1BT,2234248,868266314887100,80
basic_1BT,2314505,868266317261540,80
basic_1BT,2208307,868266319531992,80
basic_1BT,2220401,868266321811851,80
basic_1BT,2267460,868266324141587,80
basic_1BT,2180322,868266326384676,80
basic_1BT,2180318,868266328624006,80
basic_1BT,2168139,868266330854600,80
basic_1BT,2357019,868266333271153,80
basic_1BT,2090894,868266335424478,80
basic_1BT,2203010,868266337686546,80
basic_1BT,2181986,868266339930396,80
basic_1BT,2445174,868266342434864,80
basic_1BT,2132045,868266344629961,80
basic_1BT,2207245,868266346899641,80
basic_1BT,2419535,868266349378203,80
basic_1BT,2074917,868266351515055,80
basic_1BT,2115095,868266353689975,80
basic_1BT,2208513,868266355960402,80
basic_1BT,2283914,868266358331133,80
basic_1BT,2078310,868266360471853,80
basic_1BT,2031491,868266362567048,80
basic_1BT,2051122,868266364677813,80
basic_1BT,2006733,868266366746516,80
basic_1BT,2184016,868266368990030,80
basic_1BT,2245209,868266371296958,80
basic_1BT,2463026,868266373819087,80
basic_1BT,2092538,868266375973950,80
basic_1BT,2186441,868266378250878,80
basic_1BT,2027788,868266380341080,80
basic_1BT,2165047,868266382569530,80
basic_1BT,2171141,868266384800015,80
basic_1BT,2232599,868266387094357,80
basic_1BT,2397092,868266389551123,80
basic_1BT,2176599,868266391790003,80
basic_1BT,2194997,868266394044217,80
basic_1BT,2310060,868266396416728,80
basic_1BT,2221925,868266398701839,80
basic_1BT,2090809,868266400852071,80
basic_1BT,2159900,868266403074186,80
basic_1BT,2431247,868266405565098,80
basic_1BT,2083522,868266407711286,80
basic_1BT,2076987,868266409847536,80
basic_1BT,2130887,868266412041505,80
basic_1BT,2287107,868266414393477,80
basic_1BT,2274898,868266416727799,80
basic_1BT,2416141,868266419205624,80
basic_1BT,2251127,868266421516400,80
basic_1BT,2480111,868266424059342,80
basic_1BT,2213962,868266426337623,80
basic_1BT,2166561,868266428563727,80
basic_1BT,2756750,868266431382551,80
basic_1BT,3158591,868266434600570,80
basic_1BT,3272041,868266437947956,80
basic_1BT,2957623,868266440967969,80
basic_1BT,2911951,868266443942100,80
basic_1BT,3265034,868266447291170,80
basic_1BT,2370881,868266449724943,80
basic_1BT,2119556,868266451906638,80
basic_1BT,2030163,868266454019975,80
basic_1BT,2346555,868266456428610,80
basic_1BT,2160501,868266458651281,80
basic_1BT,2339533,868266461049976,80
basic_1BT,2291466,868266463403212,80
basic_1BT,2240263,868266465702627,80
basic_1BT,2540552,868266468305809,80
basic_1BT,2540727,868266470908781,80
basic_1BT,2159735,868266473127428,80
basic_1BT,2292950,868266475482111,80
basic_1BT,2100431,868266477641796,80
basic_1BT,2278858,868266479983339,80
basic_1BT,2235376,868266482307111,80
basic_1BT,2209115,868266484578947,80
basic_1BT,2351020,868266486991801,80
basic_1BT,2489853,868266489540691,80
basic_1BT,2293406,868266491897044,80
basic_1BT,2728038,868266494684545,80
basic_1BT,2503209,868266497249629,80
basic_1BT,2213736,868266499525669,80
basic_1BT,2415510,868266501999992,80
basic_1BT,2293812,868266504355788,80
basic_1BT,2451383,868266506869472,80
basic_1BT,2127324,868266509056009,80
basic_1BT,2214322,868266511332195,80
basic_1BT,2133063,868266513524831,80
basic_1BT,2148553,868266515735629,80
basic_1BT,2315958,868266518110796,80
basic_1BT,2195644,868266520369125,80
basic_1BT,2403332,868266522835383,80
basic_1BT,2118138,868266525012343,80
basic_1BT,2337539,868266527412392,80
basic_1BT,2356453,868266529828259,80
basic_1BT,2340235,868266532230213,80
basic_1BT,2307493,868266534599706,80
basic_1BT,2025327,868266536683884,80
basic_1BT,2199643,868266538945055,80
basic_1BT,2194455,868266541198779,80
basic_1BT,2098722,868266543359716,80
basic_1BT,2349326,868266545767949,80
basic_1BT,2238678,868266548069339,80
basic_1BT,2405051,868266550538264,80
basic_1BT,2377658,868266552975244,80
basic_1BT,2671712,868266555709857,80
basic_1BT,1984601,868266557753186,80
basic_1BT,1956511,868266559789208,80
basic_1BT,2036147,868266561884577,80
basic_1BT,2525005,868266564471481,80
basic_1BT,2451053,868266566984754,80
basic_1BT,2484506,868266569528975,80
basic_1BT,2249799,868266571840533,80
basic_1BT,2199758,868266574099819,80
basic_1BT,2201542,868266576363250,80
basic_1BT,2545278,868266578972672,80
basic_1BT,2235556,868266581267220,80
basic_1BT,2275274,868266583604574,80
basic_1BT,2277278,868266585941186,80
basic_1BT,2168715,868266588172748,80
basic_1BT,2203947,868266590439516,80
basic_1BT,2163082,868266592662618,80
basic_1BT,2188311,868266594913285,80
basic_1BT,2223533,868266597196287,80
basic_1BT,2548179,868266599805939,80
basic_1BT,2372395,868266602237697,80
basic_1BT,2165092,868266604465220,80
basic_1BT,2090318,868266606618093,80
basic_1BT,2059767,868266608737363,80
basic_1BT,2103774,868266610904135,80
basic_1BT,2737080,868266613700502,80
basic_1BT,2479935,868266616242842,80
basic_1BT,2469767,868266618774538,80
basic_1BT,2245820,868266621079411,80
basic_1BT,2172685,868266623313659,80
basic_1BT,2273424,868266625646552,80
basic_1BT,2371227,868266628080325,80
basic_1BT,2360963,868266630504566,80
basic_1BT,2310912,868266632875046,80
basic_1BT,2493116,868266635430186,80
basic_1BT,2256244,868266637745743,80
basic_1BT,2408855,868266640217224,80
basic_1BT,2237927,868266642516905,80
basic_1BT,2198235,868266644774693,80
basic_1BT,2136345,868266646974646,80
basic_1BT,2379932,868266649413932,80
basic_1BT,2145496,868266651621834,80
basic_1BT,2177250,868266653859059,80
basic_1BT,2207315,868266656128418,80
basic_1BT,2212458,868266658403667,80
basic_1BT,2421845,868266660884760,80
basic_1BT,2573117,868266663519501,80
basic_1BT,2119997,868266665699022,80
basic_1BT,2139804,868266667901085,80
basic_1BT,2638614,868266670598532,80
basic_1BT,2480411,868266673141865,80
basic_1BT,2493793,868266675698018,80
basic_1BT,2512952,868266678270388,80
basic_1BT,3444492,868266681777626,80
basic_1BT,2121631,868266683961692,80
basic_1BT,2242718,868266686294355,80
basic_1BT,2094613,868266688450912,80
basic_1BT,2132375,868266690646054,80
basic_1BT,2469050,868266693174211,80
basic_1BT,2317612,868266695553954,80
basic_1BT,2411967,868266698025069,80
basic_1BT,2161419,868266700249659,80
basic_1BT,2362688,868266702674411,80
basic_1BT,2151996,868266704886192,80
basic_1BT,2100541,868266707049575,80
basic_1BT,2305299,868266709414006,80
basic_1BT,2130532,868266711606723,80
basic_1BT,2467215,868266714133311,80
basic_1BT,2067014,868266716262289,80
basic_1BT,2294950,868266718619103,80
basic_1BT,2102020,868266720780436,80
basic_1BT,2029080,868266722871596,80
basic_1BT,2117175,868266725048536,80
basic_1BT,2218482,868266727328942,80
basic_1BT,2411557,868266729800187,80
basic_1BT,2368581,868266732230672,80
basic_1BT,2115105,868266734408008,80
basic_1BT,2563245,868266737030570,80
basic_1BT,2465813,868266739560337,80
basic_1BT,2573438,868266742193554,80
basic_1BT,2514781,868266744770144,80
basic_1BT,2313989,868266747146142,80
basic_1BT,2034297,868266749239989,80
basic_1BT,2254590,868266751556588,80
basic_1BT,2170365,868266753785895,80
basic_1BT,2258660,868266756106946,80
basic_1BT,2337272,868266758507145,80
basic_1BT,2214060,868266760780514,80
basic_1BT,2114575,868266762956497,80
basic_1BT,2412523,868266765428474,80
basic_1BT,2349332,868266767841032,80
basic_1BT,2221699,868266770122525,80
basic_1BT,2163138,868266772349075,80
basic_1BT,2402435,868266774814261,80
basic_1BT,2340636,868266777214281,80
basic_1BT,2282531,868266779558309,80
basic_1BT,2200275,868266781817726,80
basic_1BT,2281133,868266784160928,80
basic_1BT,2198775,868266786422916,80
basic_1BT,2232760,868266788714557,80
basic_1BT,2094057,868266790870849,80
basic_1BT,2162481,868266793092318,80
basic_1BT,2133960,868266795288021,80
basic_1BT,2418748,868266797766092,80
basic_1BT,2201146,868266800029769,80
basic_1BT,2191609,868266802287863,80
basic_1BT,2173036,868266804520633,80
basic_1BT,2973860,868266807556968,80
basic_1BT,2985903,868266810602195,80
basic_1BT,1994139,868266812658494,80
basic_1BT,2093415,868266814814544,80
basic_1BT,2390306,868266817264084,80
basic_1BT,1741851,868266819068747,80
basic_1BT,2168530,868266821338317,80
basic_1BT,2181872,868266823582218,80
basic_1BT,2165899,868266825807476,80
basic_1BT,2189839,868266828059515,80
basic_1BT,2218076,868266830343664,80
basic_1BT,2086845,868266832490148,80
basic_1BT,2333144,868266834885777,80
basic_1BT,2348033,868266837292777,80
basic_1BT,2104146,868266839459824,80
basic_1BT,2261737,868266841780875,80
basic_1BT,2315371,868266844158336,80
basic_1BT,2220782,868266846440711,80
basic_1BT,2121361,868266848621084,80
basic_1BT,2165898,868266850849283,80
basic_1BT,2182823,868266853091419,80
basic_1BT,2360267,868266855513911,80
basic_1BT,2371012,868266857944015,80
basic_1BT,2302612,868266860308296,80
basic_1BT,2450768,868266862822130,80
basic_1BT,2128031,868266865009675,80
basic_1BT,2180879,868266867252674,80
basic_1BT,2224812,868266869536307,80
basic_1BT,2148854,868266871746910,80
basic_1BT,2279935,868266874085862,80
basic_1BT,2263251,868266876410962,80
basic_1BT,2588483,868266879061905,80
basic_1BT,2094969,868266881216373,80
basic_1BT,2131263,868266883409345,80
basic_1BT,2279829,868266885748663,80
basic_1BT,2439336,868266888250358,80
basic_1BT,2065049,868266890377983,80
basic_1BT,2367553,868266892805136,80
basic_1BT,2065570,868266894932575,80
basic_1BT,2248586,868266897240414,80
basic_1BT,2299816,868266899601929,80
basic_1BT,2172489,868266901833391,80
basic_1BT,2415054,868266904310905,80
basic_1BT,2064172,868266906437703,80
basic_1BT,2059241,868266908556297,80
basic_1BT,2213479,868266910831586,80
basic_1BT,2197167,868266913088101,80
basic_1BT,2144660,868266915295246,80
basic_1BT,2441039,868266917795518,80
basic_1BT,2082414,868266919940478,80
basic_1BT,2140350,868266922140041,80
basic_1BT,1962054,868266924164887,80
basic_1BT,1989349,868266926216580,80
basic_1BT,1995813,868266928282521,80
basic_1BT,2627884,868266930972145,80
basic_1BT,2868249,868266933899838,80
basic_1BT,2807503,868266936769791,80
basic_1BT,1982321,868266938814383,80
basic_1BT,1896085,868266940769566,80
basic_1BT,2380244,868266943212485,80
basic_1BT,1917395,868266945189775,80
basic_1BT,1853020,868266947105486,80
basic_1BT,2055963,868266949221198,80
basic_1BT,2005526,868266951288763,80
basic_1BT,2158040,868266953506528,80
basic_1BT,2267896,868266955836464,80
basic_1BT,2077478,868266957973085,80
basic_1BT,2251920,868266960287685,80
basic_1BT,1898301,868266962248066,80
basic_1BT,2119982,868266964427110,80
basic_1BT,2106735,868266966595956,80
basic_1BT,2407446,868266969062575,80
basic_1BT,2169212,868266971293716,80
basic_1BT,2402606,868266973754963,80
basic_1BT,2113758,868266975930264,80
basic_1BT,2121997,868266978111844,80
basic_1BT,2191494,868266980365683,80
basic_1BT,2607463,868266983035691,80
basic_1BT,2099835,868266985194834,80
basic_1BT,2051828,868266987309113,80
basic_1BT,2144183,868266989513176,80
basic_1BT,1994409,868266991570788,80
basic_1BT,2274502,868266993904618,80
basic_1BT,2193653,868266996160892,80
basic_1BT,2163148,868266998386280,80
basic_1BT,2032087,868267000478538,80
basic_1BT,2465462,868267003014032,80
basic_1BT,1947635,868267005020535,80
basic_1BT,1885646,868267006969003,80
basic_1BT,2357345,868267009385500,80
basic_1BT,2286114,868267011733979,80
basic_1BT,2218577,868267014011844,80
basic_1BT,2733385,868267016808317,80
basic_1BT,2337839,868267019208657,80
basic_1BT,2146840,868267021414909,80
basic_1BT,2551753,868267024028847,80
basic_1BT,2158020,868267026252976,80
basic_1BT,1988526,868267028301286,80
basic_1BT,2077854,868267030440854,80
basic_1BT,2137578,868267032637836,80
basic_1BT,2102231,868267034802326,80
basic_1BT,2128362,868267036989850,80
basic_1BT,2211971,868267039264082,80
basic_1BT,2163598,868267041487570,80
basic_1BT,1979975,868267043529575,80
basic_1BT,2139347,868267045728030,80
basic_1BT,2416768,868267048208071,80
basic_1BT,2334021,868267050609198,80
basic_1BT,2254556,868267052923372,80
basic_1BT,2732042,868267055717574,80
basic_1BT,2644940,868267058421772,80
basic_1BT,2587176,868267061071227,80
basic_1BT,2204679,868267063337249,80
basic_1BT,2085146,868267065481482,80
basic_1BT,2060865,868267067604757,80
basic_1BT,2109046,868267069773127,80
basic_1BT,2441460,868267072294929,80
basic_1BT,2089557,868267074446826,80
basic_1BT,2138816,868267076645436,80
basic_1BT,2064874,868267078773537,80
basic_1BT,2333840,868267081166770,80
basic_1BT,2134451,868267083363636,80
basic_1BT,2200995,868267085624116,80
basic_1BT,2167142,868267087853813,80
basic_1BT,2758430,868267090671811,80
basic_1BT,2302517,868267093036593,80
basic_1BT,2278702,868267095378201,80
basic_1BT,2161654,868267097599373,80
basic_1BT,2140996,868267099802910,80
basic_1BT,2287507,868267102149676,80
basic_1BT,2228916,868267104441233,80
basic_1BT,2142930,868267106646869,80
basic_1BT,2391719,868267109097521,80
basic_1BT,2602651,868267111762517,80
basic_1BT,2711530,868267114533445,80
basic_1BT,2346184,868267116941824,80
basic_1BT,2733045,868267119737805,80
basic_1BT,2218307,868267122015555,80
basic_1BT,2345267,868267124423242,80
basic_1BT,2208397,868267126694351,80
basic_1BT,2126352,868267128880236,80
basic_1BT,2099785,868267131042717,80
basic_1BT,2244542,868267133346768,80
basic_1BT,2388056,868267135797310,80
basic_1BT,2455649,868267138312613,80
basic_1BT,2782601,868267141157132,80
basic_1BT,2195332,868267143414709,80
basic_1BT,2062408,868267145536350,80
basic_1BT,2157981,868267147756821,80
basic_1BT,2419796,868267150236050,80
basic_1BT,2330918,868267152629299,80
basic_1BT,2238087,868267154930262,80
basic_1BT,2206287,868267157196204,80
basic_1BT,2196872,868267159456182,80
basic_1BT,2335886,868267161851270,80
basic_1BT,2382624,868267164296229,80
basic_1BT,2202058,868267166561153,80
basic_1BT,2234919,868267168857852,80
basic_1BT,2486791,868267171407169,80
basic_1BT,2205511,868267173671993,80
basic_1BT,2424706,868267176159396,80
basic_1BT,2185651,868267178406915,80
basic_1BT,3290573,868267181778658,80
basic_1BT,3009328,868267184850085,80
basic_1BT,2183099,868267187099028,80
basic_1BT,2214242,868267189372357,80
basic_1BT,2071679,868267191506046,80
basic_1BT,2117171,868267193682569,80
basic_1BT,2429333,868267196173430,80
basic_1BT,2335478,868267198571690,80
basic_1BT,2553336,868267201184424,80
basic_1BT,2243966,868267203490991,80
basic_1BT,2198861,868267205749005,80
basic_1BT,2113252,868267207924366,80
basic_1BT,2271489,868267210255595,80
basic_1BT,2276652,868267212595398,80
basic_1BT,2050876,868267214708159,80
basic_1BT,2381967,868267217149540,80
basic_1BT,2189228,868267219400842,80
basic_1BT,2153911,868267221614667,80
basic_1BT,2142560,868267223818781,80
basic_1BT,2183305,868267226061609,80
basic_1BT,2072522,868267228197433,80
basic_1BT,1996359,868267230256222,80
basic_1BT,2080726,868267232396426,80
basic_1BT,2162852,868267234621734,80
basic_1BT,2183776,868267236864923,80
basic_1BT,2208248,868267239136222,80
basic_1BT,2228946,868267241424521,80
basic_1BT,2128232,868267243614997,80
basic_1BT,2123851,868267245798167,80
basic_1BT,2208358,868267248068630,80
basic_1BT,2054905,868267250186697,80
basic_1BT,2594913,868267252840156,80
basic_1BT,2093982,868267254996523,80
basic_1BT,2383676,868267257439397,80
basic_1BT,2140184,868267259642303,80
basic_1BT,2374890,868267262076667,80
basic_1BT,2502488,868267264641359,80
basic_1BT,2347176,868267267051202,80
basic_1BT,2525993,868267269636272,80
basic_1BT,2458329,868267272156907,80
basic_1BT,2299140,868267274518722,80
basic_1BT,2091236,868267276669822,80
basic_1BT,2106330,868267278838582,80
basic_1BT,2179289,868267281077426,80
basic_1BT,2169828,868267283309254,80
basic_1BT,2456220,868267285824677,80
basic_1BT,2285111,868267288171913,80
basic_1BT,2295662,868267290529859,80
basic_1BT,2338155,868267292927373,80
basic_1BT,2212252,868267295202290,80
basic_1BT,2223197,868267297485121,80
basic_1BT,2226054,868267299773686,80
basic_1BT,2208252,868267302041543,80
basic_1BT,2460199,868267304564403,80
basic_1BT,2945810,868267307572403,80
basic_1BT,2996824,868267310628701,80
basic_1BT,3309007,868267314000042,80
basic_1BT,2066523,868267316128724,80
basic_1BT,2167021,868267318359184,80
basic_1BT,2222255,868267320640912,80
basic_1BT,2172600,868267322876032,80
basic_1BT,2322945,868267325259037,80
basic_1BT,2584363,868267327905741,80
basic_1BT,2302593,868267330267701,80
basic_1BT,2156597,868267332486489,80
basic_1BT,2136044,868267334704639,80
basic_1BT,2225357,868267336988948,80
basic_1BT,2105880,868267339156787,80
basic_1BT,2647841,868267341864258,80
basic_1BT,2719057,868267344645890,80
basic_1BT,2495722,868267347204023,80
basic_1BT,2266859,868267349529945,80
basic_1BT,2276491,868267351868581,80
basic_1BT,2540356,868267354468395,80
basic_1BT,2217269,868267356747553,80
basic_1BT,2098482,868267358908049,80
basic_1BT,2260554,868267361228653,80
basic_1BT,2191103,868267363481550,80
basic_1BT,2289717,868267365829949,80
basic_1BT,2488240,868267368380574,80
basic_1BT,2216407,868267370659076,80
basic_1BT,2140726,868267372858758,80
basic_1BT,2223779,868267375144877,80
basic_1BT,2121214,868267377325390,80
basic_1BT,2608049,868267379996375,80
basic_1BT,2700905,868267382787595,80
basic_1BT,2162897,868267385009755,80
basic_1BT,2186371,868267387257946,80
basic_1BT,2377522,868267389694701,80
basic_1BT,2291832,868267392048737,80
basic_1BT,2253809,868267394366555,80
basic_1BT,2168305,868267396594208,80
basic_1BT,2172795,868267398829418,80
basic_1BT,2408384,868267401296714,80
basic_1BT,2083828,868267403442732,80
basic_1BT,2271676,868267405773951,80
basic_1BT,2148413,868267407984018,80
basic_1BT,2277132,868267410350264,80
basic_1BT,2502297,868267412914535,80
basic_1BT,2322284,868267415298497,80
basic_1BT,2542851,868267417900938,80
basic_1BT,2398495,868267420361573,80
basic_1BT,2109142,868267422532729,80
basic_1BT,2062864,868267424654621,80
basic_1BT,2438950,868267427155766,80
basic_1BT,1999261,868267429214200,80
basic_1BT,2808886,868267432085832,80
basic_1BT,2372746,868267434521580,80
basic_1BT,2188737,868267436769079,80
basic_1BT,2140700,868267438971703,80
basic_1BT,2266263,868267441297183,80
basic_1BT,2320023,868267443680003,80
basic_1BT,2332712,868267446072133,80
basic_1BT,2164275,868267448298643,80
basic_1BT,2232720,868267450593713,80
basic_1BT,2416919,868267453069790,80
basic_1BT,2314766,868267455447252,80
basic_1BT,2286976,868267457793646,80
basic_1BT,2087972,868267459943568,80
basic_1BT,2068067,868267462096702,80
basic_1BT,2189078,868267464347449,80
basic_1BT,2664946,868267467074133,80
basic_1BT,2319316,868267469452763,80
basic_1BT,2380925,868267471895552,80
basic_1BT,2435106,868267474389955,80
basic_1BT,2200689,868267476652795,80
basic_1BT,2379647,868267479094035,80
basic_1BT,2099154,868267481252031,80
basic_1BT,2220305,868267483534135,80
basic_1BT,2515388,868267486109032,80
basic_1BT,2094408,868267488265414,80
basic_1BT,2154648,868267490481700,80
basic_1BT,2161504,868267492702131,80
basic_1BT,2080429,868267494844756,80
basic_1BT,2124944,868267497029002,80
basic_1BT,2094387,868267499185580,80
basic_1BT,2348790,868267501593873,80
basic_1BT,2314465,868267503970849,80
basic_1BT,2274767,868267506332729,80
basic_1BT,2336747,868267508731124,80
basic_1BT,2407467,868267511201869,80
basic_1BT,2237315,868267513498327,80
basic_1BT,2149125,868267515710012,80
basic_1BT,2166225,868267517935410,80
basic_1BT,2156392,868267520153987,80
basic_1BT,2051432,868267522268295,80
basic_1BT,2045303,868267524372485,80
basic_1BT,2151897,868267526587684,80
basic_1BT,2345141,868267528992029,80
basic_1BT,2152478,868267531206776,80
basic_1BT,2255096,868267533520670,80
basic_1BT,2355967,868267535938611,80
basic_1BT,2742848,868267538740576,80
basic_1BT,2469596,868267541272037,80
basic_1BT,2238884,868267543573657,80
basic_1BT,2293295,868267545926621,80
basic_1BT,2194345,868267548206491,80
basic_1BT,2520575,868267550789346,80
basic_1BT,2270002,868267553118520,80
basic_1BT,2658756,868267555840384,80
basic_1BT,2602902,868267558502644,80
basic_1BT,2340060,868267560906146,80
basic_1BT,2194039,868267563162105,80
basic_1BT,2115727,868267565336849,80
basic_1BT,2115777,868267567514922,80
basic_1BT,2205285,868267569779766,80
basic_1BT,2159133,868267572026999,80
basic_1BT,2143422,868267574236996,80
basic_1BT,2214833,868267576511052,80
basic_1BT,2186502,868267578759197,80
basic_1BT,2198510,868267581017626,80
basic_1BT,2372621,868267583453008,80
basic_1BT,2218232,868267585730843,80
basic_1BT,2261522,868267588054439,80
basic_1BT,2340706,868267590457831,80
basic_1BT,2275104,868267592792057,80
basic_1BT,2623344,868267595496651,80
basic_1BT,2338210,868267597894700,80
basic_1BT,2367523,868267600325060,80
basic_1BT,2238108,868267602626249,80
basic_1BT,2044381,868267604730119,80
basic_1BT,2213511,868267607006355,80
basic_1BT,2215605,868267609281443,80
basic_1BT,2241479,868267611585063,80
basic_1BT,2453453,868267614097569,80
basic_1BT,2187179,868267616347323,80
basic_1BT,2524419,868267618934589,80
basic_1BT,2268518,868267621262169,80
basic_1BT,2314740,868267623639947,80
basic_1BT,2171382,868267625870566,80
basic_1BT,2119005,868267628051114,80
basic_1BT,2121125,868267630237686,80
basic_1BT,2204408,868267632501453,80
basic_1BT,2165208,868267634729226,80
basic_1BT,2221679,868267637023615,80
basic_1BT,2087326,868267639173587,80
basic_1BT,2191784,868267641424358,80
basic_1BT,2671947,868267644158741,80
basic_1BT,2303429,868267646524581,80
basic_1BT,2188637,868267648772716,80
basic_1BT,2567328,868267651402280,80
basic_1BT,2228680,868267653690628,80
basic_1BT,2122864,868267655875512,80
basic_1BT,2187715,868267658122916,80
basic_1BT,2153651,868267660338150,80
basic_1BT,2318740,868267662719350,80
basic_1BT,2301926,868267665080468,80
basic_1BT,2312315,868267667455906,80
basic_1BT,2365735,868267669880387,80
basic_1BT,2212443,868267672154528,80
basic_1BT,2153234,868267674370955,80
basic_1BT,2304657,868267676734925,80
basic_1BT,2201723,868267678998792,80
basic_1BT,3362946,868267682421067,80
basic_1BT,2953714,868267685438148,80
basic_1BT,2348565,868267687848822,80
basic_1BT,2354989,868267690263039,80
basic_1BT,2108255,868267692433679,80
basic_1BT,2269726,868267694766622,80
basic_1BT,2597545,868267697423530,80
basic_1BT,2334973,868267699819700,80
basic_1BT,2496509,868267702375482,80
basic_1BT,2543032,868267704980228,80
basic_1BT,2461337,868267707503645,80
basic_1BT,2139558,868267709702836,80
basic_1BT,2368646,868267712133922,80
basic_1BT,2205762,868267714402491,80
basic_1BT,2655013,868267717116637,80
basic_1BT,2401151,868267719580133,80
basic_1BT,2259628,868267721899144,80
basic_1BT,2230510,868267724192144,80
basic_1BT,2394892,868267726650454,80
basic_1BT,2385460,868267729094881,80
basic_1BT,2161078,868267731317508,80
basic_1BT,2229973,868267733606909,80
basic_1BT,2194541,868267735863750,80
basic_1BT,2133698,868267738056542,80
basic_1BT,2403422,868267740523131,80
basic_1BT,2257347,868267742842112,80
basic_1BT,2540331,868267745441645,80
basic_1BT,2362857,868267747866292,80
basic_1BT,2528724,868267750454184,80
basic_1BT,2502478,868267753019252,80
basic_1BT,2375647,868267755457109,80
basic_1BT,2108761,868267757625053,80
basic_1BT,2290685,868267759978334,80
basic_1BT,2286115,868267762350919,80
basic_1BT,2535966,868267764948769,80
basic_1BT,2214146,868267767225867,80
basic_1BT,2508887,868267769794473,80
basic_1BT,2334687,868267772191260,80
basic_1BT,2153560,868267774407752,80
basic_1BT,2100201,868267776567546,80
basic_1BT,2210188,868267778842344,80
basic_1BT,2315423,868267781217350,80
basic_1BT,2309128,868267783590798,80
basic_1BT,2272728,868267785922543,80
basic_1BT,2152894,868267788137401,80
basic_1BT,2197508,868267790396873,80
basic_1BT,2362447,868267792819024,80
basic_1BT,2444136,868267795325075,80
basic_1BT,2333148,868267797717241,80
basic_1BT,2127850,868267799907096,80
basic_1BT,2219689,868267802185486,80
basic_1BT,2193118,868267804440713,80
basic_1BT,2170304,868267806673277,80
basic_1BT,2127711,868267808860441,80
basic_1BT,2191955,868267811114000,80
basic_1BT,2112269,868267813285507,80
basic_1BT,2377892,868267815725479,80
basic_1BT,2335840,868267818120401,80
basic_1BT,2488771,868267820671512,80
basic_1BT,2234874,868267822969168,80
basic_1BT,2310476,868267825338856,80
basic_1BT,2275094,868267827675453,80
basic_1BT,2204565,868267829939265,80
basic_1BT,2642930,868267832643733,80
basic_1BT,2156677,868267834863518,80
basic_1BT,2087958,868267837011194,80
basic_1BT,2050986,868267839125428,80
basic_1BT,2131583,868267841316420,80
basic_1BT,2123300,868267843501975,80
basic_1BT,2205737,868267845767055,80
basic_1BT,2167122,868267847996272,80
basic_1BT,2252620,868267850363319,80
basic_1BT,2301324,868267852724332,80
basic_1BT,2327661,868267855114087,80
basic_1BT,2180273,868267857371349,80
basic_1BT,2213725,868267859647740,80
basic_1BT,2289176,868267861996059,80
basic_1BT,2135659,868267864193667,80
basic_1BT,2175496,868267866431995,80
basic_1BT,2063035,868267868554242,80
basic_1BT,2360386,868267870977601,80
basic_1BT,9910474,868267880947001,80
basic_1BT,3923974,868267884933335,80
basic_1BT,1951425,868267886946739,80
basic_1BT,2046596,868267889052323,80
basic_1BT,2258931,868267891373529,80
basic_1BT,2240413,868267893673224,80
basic_1BT,1995542,868267895731804,80
basic_1BT,2092383,868267897883840,80
basic_1BT,2233557,868267900179516,80
basic_1BT,2289046,868267902530983,80
basic_1BT,2519898,868267905110856,80
basic_1BT,2349707,868267907522873,80
basic_1BT,2209846,868267909792033,80
basic_1BT,2647570,868267912501512,80
basic_1BT,2361825,868267914924951,80
basic_1BT,2386829,868267917371103,80
basic_1BT,2230298,868267919663612,80
basic_1BT,2205240,868267921927910,80
basic_1BT,12599245,868267934613602,80
basic_1BT,16160440,868267950835991,80
basic_1BT,2914267,868267953813951,80
basic_1BT,2881816,868267956758083,80
basic_1BT,2919289,868267959740769,80
basic_1BT,2143571,868267961944055,80
basic_1BT,2264589,868267964271384,80
basic_1BT,2032328,868267966366739,80
basic_1BT,2369273,868267968795636,80
basic_1BT,2278210,868267971150645,80
basic_1BT,2041419,868267973257070,80
basic_1BT,1767948,868267975092490,80
basic_1BT,1778367,868267976932220,80
basic_1BT,2351291,868267979355112,80
basic_1BT,2159018,868267981573909,80
basic_1BT,1674103,868267983310248,80
basic_1BT,1577289,868267984946375,80
basic_1BT,1633962,868267986639521,80
basic_1BT,1940674,868267988613438,80
basic_1BT,1825965,868267990474251,80
basic_1BT,1678363,868267992186165,80
basic_1BT,1744790,868267993966123,80
basic_1BT,1714775,868267995714789,80
basic_1BT,1860457,868267997624708,80
basic_1BT,1792275,868267999469454,80
basic_1BT,1871812,868268001390240,80
basic_1BT,1683812,868268003125353,80
basic_1BT,1914869,868268005109264,80
basic_1BT,1694707,868268006866822,80
basic_1BT,1755478,868268008682606,80
basic_1BT,1741391,868268010486742,80
basic_1BT,1663243,868268012209870,80
basic_1BT,1791126,868268014056565,80
basic_1BT,1619537,868268015735796,80
basic_1BT,1665389,868268017460708,80
basic_1BT,1805740,868268019329089,80
basic_1BT,1784757,868268021173499,80
basic_1BT,1718588,868268022954176,80
basic_1BT,1789768,868268024802606,80
basic_1BT,1953624,868268026819152,80
basic_1BT,1849517,868268028727892,80
basic_1BT,1989689,868268030779555,80
basic_1BT,1734725,868268032572932,80
basic_1BT,1674650,868268034309411,80
basic_1BT,1789583,868268036158337,80
basic_1BT,1977611,868268038217121,80
basic_1BT,2113697,868268040389044,80
basic_1BT,2022390,868268042465896,80
basic_1BT,1839479,868268044364126,80
basic_1BT,2067690,868268046486088,80
basic_1BT,2102827,868268048650563,80
basic_1BT,1994154,868268050705584,80
basic_1BT,2287492,868268053051668,80
basic_1BT,2464043,868268055583138,80
basic_1BT,2173958,868268057807994,80
basic_1BT,2001742,868268059870458,80
basic_1BT,1953119,868268061874274,80
basic_1BT,1963002,868268063898659,80
basic_1BT,1932826,868268065889330,80
basic_1BT,1725804,868268067675654,80
basic_1BT,2107904,868268069859430,80
basic_1BT,1780140,868268071697065,80
basic_1BT,1880855,868268073635800,80
basic_1BT,1745314,868268075442331,80
basic_1BT,1651616,868268077151392,80
basic_1BT,1524546,868268078736669,80
basic_1BT,1524159,868268080310985,80
basic_1BT,1655886,868268082017318,80
basic_1BT,1778021,868268083852567,80
basic_1BT,1797140,868268085707392,80
basic_1BT,1605409,868268087372535,80
basic_1BT,1765256,868268089187517,80
basic_1BT,1688437,868268090936595,80
basic_1BT,1762670,868268092749617,80
basic_1BT,1541329,868268094351092,80
basic_1BT,1910264,868268096311597,80
basic_1BT,1705026,868268098084637,80
basic_1BT,1591402,868268099733938,80
basic_1BT,1689389,868268101473138,80
basic_1BT,1674745,868268103208414,80
basic_1BT,1849482,868268105115620,80
basic_1BT,1578390,868268106754422,80
basic_1BT,1707597,868268108519407,80
basic_1BT,1780181,868268110360484,80
basic_1BT,1962440,868268112384678,80
basic_1BT,1834242,868268114299803,80
basic_1BT,1960090,868268116318901,80
basic_1BT,1702410,868268118083485,80
basic_1BT,2141246,868268120282156,80
basic_1BT,1945219,868268122287596,80
basic_1BT,1691684,868268124036669,80
basic_1BT,1779875,868268125881500,80
basic_1BT,1835410,868268127779586,80
basic_1BT,1655365,868268129487899,80
basic_1BT,1603960,868268131152034,80
basic_1BT,1515549,868268132724712,80
basic_1BT,1818766,868268134604309,80
basic_1BT,1867038,868268136529553,80
basic_1BT,1758374,868268138348529,80
basic_1BT,1795967,868268140201629,80
basic_1BT,1764755,868268142026564,80
basic_1BT,1729488,868268143813897,80
basic_1BT,1865630,868268145736589,80
basic_1BT,2055617,868268147854782,80
basic_1BT,1779564,868268149685635,80
basic_1BT,1582094,868268151328492,80
basic_1BT,1794414,868268153181111,80
basic_1BT,1498630,868268154747359,80
basic_1BT,1887296,868268156693065,80
basic_1BT,1498620,868268158252717,80
basic_1BT,1745650,868268160058818,80
basic_1BT,1833786,868268161948639,80
basic_1BT,2048095,868268164075943,80
basic_1BT,1742878,868268165879593,80
basic_1BT,1719129,868268167656461,80
basic_1BT,1671613,868268169379198,80
basic_1BT,1608762,868268171048536,80
basic_1BT,1435172,868268172542295,80
basic_1BT,1522675,868268174126905,80
basic_1BT,1907352,868268176092918,80
basic_1BT,2498724,868268178653020,80
basic_1BT,2103413,868268180815146,80
basic_1BT,1869740,868268182746734,80
basic_1BT,1798714,868268184625279,80
basic_1BT,1875302,868268186562636,80
basic_1BT,1933242,868268188554745,80
basic_1BT,2247714,868268190864414,80
basic_1BT,1740614,868268192663844,80
basic_1BT,1918874,868268194645043,80
basic_1BT,1973140,868268196676769,80
basic_1BT,1903929,868268198642628,80
basic_1BT,1867464,868268200569395,80
basic_1BT,1941662,868268202565558,80
basic_1BT,1941662,868268204567104,80
basic_1BT,1771661,868268206400975,80
basic_1BT,2352228,868268208812932,80
basic_1BT,2021348,868268210896179,80
basic_1BT,1778121,868268212734525,80
basic_1BT,1891124,868268214688130,80
basic_1BT,1910555,868268216659771,80
basic_1BT,2031872,868268218754404,80
basic_1BT,1773640,868268220587162,80
basic_1BT,2312765,868268222955162,80
basic_1BT,1969126,868268224983540,80
basic_1BT,2007285,868268227053266,80
basic_1BT,1809299,868268228921742,80
basic_1BT,1935087,868268230918297,80
basic_1BT,1716252,868268232686355,80
basic_1BT,1637273,868268234375794,80
basic_1BT,2318149,868268236742851,80
basic_1BT,2111437,868268238916759,80
basic_1BT,1984968,868268240961235,80
basic_1BT,1938514,868268242962054,80
basic_1BT,1867900,868268244889283,80
basic_1BT,1985263,868268246936280,80
basic_1BT,2065941,868268249066125,80
basic_1BT,1928746,868268251084871,80
basic_1BT,2261582,868268253411258,80
basic_1BT,2259728,868268255733827,80
basic_1BT,2077113,868268257869957,80
basic_1BT,2094287,868268260025953,80
basic_1BT,2276260,868268262368158,80
basic_1BT,2108350,868268264537530,80
basic_1BT,2425284,868268267025659,80
basic_1BT,2124107,868268269208929,80
basic_1BT,2445415,868268271716930,80
basic_1BT,2350178,868268274126391,80
basic_1BT,2205401,868268276394016,80
basic_1BT,2098136,868268278554418,80
basic_1BT,2182012,868268280795702,80
basic_1BT,2126978,868268282984289,80
basic_1BT,2105168,868268285149155,80
basic_1BT,2093360,868268287305161,80
basic_1BT,2321015,868268289685019,80
basic_1BT,2107253,868268291860931,80
basic_1BT,2669607,868268294589495,80
basic_1BT,2243158,868268296894789,80
basic_1BT,2354819,868268299312284,80
basic_1BT,2427027,868268301798825,80
basic_1BT,2312190,868268304172723,80
basic_1BT,2551622,868268306786555,80
basic_1BT,2327339,868268309173559,80
basic_1BT,2219650,868268311455904,80
basic_1BT,2186402,868268313701258,80
basic_1BT,2306777,868268316070030,80
basic_1BT,2231928,868268318365536,80
basic_1BT,2234269,868268320659057,80
basic_1BT,2211710,868268322933118,80
basic_1BT,2698229,868268325691456,80
basic_1BT,2128217,868268327881341,80
basic_1BT,2207931,868268330148391,80
basic_1BT,2152197,868268332362497,80
basic_1BT,2501235,868268334926328,80
basic_1BT,2325466,868268337310996,80
basic_1BT,2624767,868268339997567,80
basic_1BT,2371784,868268342459135,80
basic_1BT,2402039,868268344938229,80
basic_1BT,2625579,868268347626068,80
basic_1BT,2153435,868268349838460,80
basic_1BT,2259316,868268352160047,80
basic_1BT,2166576,868268354388963,80
basic_1BT,2099464,868268356547891,80
basic_1BT,2156627,868268358767479,80
basic_1BT,2265591,868268361092313,80
basic_1BT,2234028,868268363387960,80
basic_1BT,2470322,868268365917756,80
basic_1BT,2274517,868268368254417,80
basic_1BT,2028174,868268370344139,80
basic_1BT,2110706,868268372513867,80
basic_1BT,2527100,868268375102615,80
basic_1BT,2745814,868268377907633,80
basic_1BT,2412814,868268380383714,80
basic_1BT,2297636,868268382743916,80
basic_1BT,2270222,868268385073286,80
basic_1BT,2272872,868268387408454,80
basic_1BT,2333604,868268389801507,80
basic_1BT,2029442,868268391893248,80
basic_1BT,2175897,868268394128403,80
basic_1BT,2070341,868268396260619,80
basic_1BT,2295241,868268398618274,80
basic_1BT,2439446,868268401116918,80
basic_1BT,2210823,868268403390523,80
basic_1BT,2162255,868268405612116,80
basic_1BT,2611136,868268408285547,80
basic_1BT,2263556,868268410611615,80
basic_1BT,2333840,868268413005409,80
basic_1BT,2234092,868268415302238,80
basic_1BT,1981299,868268417342970,80
basic_1BT,2117025,868268419522657,80
basic_1BT,2231713,868268421814890,80
basic_1BT,2113833,868268423990843,80
basic_1BT,2123760,868268426209755,80
basic_1BT,2140720,868268428409573,80
basic_1BT,2842795,868268431314804,80
basic_1BT,2507981,868268433882072,80
basic_1BT,2178949,868268436125136,80
basic_1BT,2271039,868268438458670,80
basic_1BT,2428225,868268440946319,80
basic_1BT,2603117,868268443611441,80
basic_1BT,2117737,868268445787899,80
basic_1BT,2511960,868268448361888,80
basic_1BT,2136731,868268450561325,80
basic_1BT,2104130,868268452724974,80
basic_1BT,2219624,868268455006853,80
basic_1BT,2532733,868268457598899,80
basic_1BT,2325190,868268459986064,80
basic_1BT,2390828,868268462463539,80
basic_1BT,2351256,868268464877796,80
basic_1BT,2606961,868268467546927,80
basic_1BT,2402750,868268470008634,80
basic_1BT,2294098,868268472364611,80
basic_1BT,2172420,868268474599145,80
basic_1BT,2136776,868268476795099,80
basic_1BT,2143682,868268479000440,80
basic_1BT,2226084,868268481285391,80
basic_1BT,1898602,868268483246548,80
basic_1BT,2377116,868268485683353,80
basic_1BT,2096708,868268487841986,80
basic_1BT,2360457,868268490261625,80
basic_1BT,2287357,868268492610996,80
basic_1BT,2246752,868268494919999,80
basic_1BT,2095791,868268497075443,80
basic_1BT,2149942,868268499288076,80
basic_1BT,2441125,868268501788714,80
basic_1BT,2139127,868268503990266,80
basic_1BT,2377662,868268506458550,80
basic_1BT,2238302,868268508756151,80
basic_1BT,2285923,868268511104645,80
basic_1BT,2363359,868268513527757,80
basic_1BT,2282165,868268515871325,80
basic_1BT,2413977,868268518344270,80
basic_1BT,2198631,868268520604824,80
basic_1BT,2231000,868268522898676,80
basic_1BT,2460179,868268525418303,80
basic_1BT,2226490,868268527707941,80
basic_1BT,2270593,868268530038052,80
basic_1BT,2537605,868268532637501,80
basic_1BT,2481594,868268535181826,80
basic_1BT,2245214,868268537486137,80
basic_1BT,2277564,868268539825796,80
basic_1BT,2314078,868268542198973,80
basic_1BT,2139993,868268544400971,80
basic_1BT,2041194,868268546505412,80
basic_1BT,2105072,868268548669948,80
basic_1BT,2161865,868268550893676,80
basic_1BT,2544736,868268553497700,80
basic_1BT,2837669,868268556397088,80
basic_1BT,2130557,868268558590365,80
basic_1BT,2125249,868268560775093,80
basic_1BT,2067690,868268562905349,80
basic_1BT,2253308,868268565218290,80
basic_1BT,2346495,868268567626735,80
basic_1BT,2368766,868268570054574,80
basic_1BT,2329470,868268572446859,80
basic_1BT,2083658,868268574592822,80
basic_1BT,2134191,868268576786977,80
basic_1BT,2164250,868268579013577,80
basic_1BT,2146664,868268581219594,80
basic_1BT,2526794,868268583808514,80
basic_1BT,2242313,868268586110590,80
basic_1BT,2301455,868268588474841,80
basic_1BT,2405983,868268590942563,80
basic_1BT,2182938,868268593184238,80
basic_1BT,2391129,868268595638469,80
basic_1BT,2174725,868268597872451,80
basic_1BT,2165167,868268600100244,80
basic_1BT,2261066,868268602425414,80
basic_1BT,1962621,868268604471725,80
basic_1BT,2043419,868268606577744,80
basic_1BT,2197001,868268608833673,80
basic_1BT,1814997,868268610710915,80
basic_1BT,2098772,868268612868700,80
basic_1BT,2373156,868268615326618,80
basic_1BT,2147556,868268617533182,80
basic_1BT,2294584,868268619890061,80
basic_1BT,2465302,868268622415001,80
basic_1BT,2154623,868268624631754,80
basic_1BT,2593966,868268627288315,80
basic_1BT,2700188,868268630047916,80
basic_1BT,2462956,868268632573137,80
basic_1BT,2150389,868268634785159,80
basic_1BT,2097710,868268636942789,80
basic_1BT,2098602,868268639105395,80
basic_1BT,2045188,868268641209971,80
basic_1BT,2131164,868268643403224,80
basic_1BT,1994384,868268645456856,80
basic_1BT,2155750,868268647674160,80
basic_1BT,2023493,868268649757221,80
basic_1BT,2411110,868268652230651,80
basic_1BT,2218817,868268654512095,80
basic_1BT,2070376,868268656642331,80
basic_1BT,2559997,868268659265529,80
basic_1BT,2272668,868268661598141,80
basic_1BT,2180368,868268663841586,80
basic_1BT,2228605,868268666129895,80
basic_1BT,2107343,868268668299859,80
basic_1BT,2217523,868268670572777,80
basic_1BT,2324854,868268672957596,80
basic_1BT,2273560,868268675294007,80
basic_1BT,2096392,868268677449727,80
basic_1BT,2066923,868268679579131,80
basic_1BT,2579893,868268682218472,80
basic_1BT,2678412,868268684959361,80
basic_1BT,1970304,868268686991182,80
basic_1BT,2048125,868268689098444,80
basic_1BT,2131920,868268691293025,80
basic_1BT,2059436,868268693411720,80
basic_1BT,2265300,868268695739561,80
basic_1BT,2397358,868268698196512,80
basic_1BT,2211359,868268700470538,80
basic_1BT,2157951,868268702690503,80
basic_1BT,2114489,868268704865203,80
basic_1BT,2365634,868268707292726,80
basic_1BT,2273459,868268709625824,80
basic_1BT,2472002,868268712159940,80
basic_1BT,2279679,868268714501809,80
basic_1BT,2533921,868268717094803,80
basic_1BT,2366782,868268719523659,80
basic_1BT,2042902,868268721625724,80
basic_1BT,2130482,868268723817334,80
basic_1BT,2130797,868268726007780,80
basic_1BT,2402795,868268728472851,80
basic_1BT,2193894,868268730728965,80
basic_1BT,2612173,868268733400827,80
basic_1BT,2362146,868268735824852,80
basic_1BT,2340861,868268738225523,80
basic_1BT,2263907,868268740551946,80
basic_1BT,2165498,868268742779253,80
basic_1BT,2317437,868268745155957,80
basic_1BT,2158207,868268747376323,80
basic_1BT,2186277,868268749622038,80
basic_1BT,2122077,868268751806405,80
basic_1BT,2143381,868268754008624,80
basic_1BT,2175977,868268756246981,80
basic_1BT,2284646,868268758593456,80
basic_1BT,2180644,868268760832856,80
basic_1BT,2664475,868268763560443,80
basic_1BT,2169818,868268765789228,80
basic_1BT,2117000,868268767968814,80
basic_1BT,2352383,868268770436556,80
basic_1BT,2024209,868268772522525,80
basic_1BT,2389199,868268774973617,80
basic_1BT,2392873,868268777425918,80
basic_1BT,2094503,868268779582982,80
basic_1BT,2232970,868268781875426,80
basic_1BT,2367133,868268784304929,80
basic_1BT,2165643,868268786532346,80
basic_1BT,2276451,868268788868355,80
basic_1BT,2496394,868268791427921,80
basic_1BT,2127289,868268793615431,80
basic_1BT,2148879,868268795827683,80
basic_1BT,2179470,868268798066241,80
basic_1BT,2397634,868268800526410,80
basic_1BT,2270202,868268802858942,80
basic_1BT,2563830,868268805494986,80
basic_1BT,2745619,868268808303206,80
basic_1BT,2809438,868268811174312,80
basic_1BT,2750751,868268813984151,80
basic_1BT,3099433,868268817145638,80
basic_1BT,3007594,868268820215528,80
basic_1BT,3154611,868268823432464,80
basic_1BT,3082112,868268826573825,80
basic_1BT,3234944,868268829870512,80
basic_1BT,2664305,868268832597087,80
basic_1BT,2014762,868268834674104,80
basic_1BT,2111016,868268836844117,80
basic_1BT,2356523,868268839262790,80
basic_1BT,2042617,868268841364851,80
basic_1BT,2387786,868268843814926,80
basic_1BT,2257432,868268846131251,80
basic_1BT,2626366,868268848820058,80
basic_1BT,2355776,868268851237437,80
basic_1BT,2168084,868268853464232,80
basic_1BT,2417225,868268855943717,80
basic_1BT,2215850,868268858246144,80
basic_1BT,2108986,868268860418101,80
basic_1BT,2204569,868268862684770,80
basic_1BT,2196360,868268864959017,80
basic_1BT,1994194,868268867016128,80
basic_1BT,2073504,868268869148850,80
basic_1BT,2059120,868268871270746,80
basic_1BT,2169362,868268873499305,80
basic_1BT,2364351,868268875926147,80
basic_1BT,2428916,868268878414733,80
basic_1BT,2159083,868268880636752,80
basic_1BT,2365584,868268883064817,80
basic_1BT,2410960,868268885535576,80
basic_1BT,2104807,868268887702924,80
basic_1BT,2088533,868268889850595,80
basic_1BT,2174529,868268892087449,80
basic_1BT,2181997,868268894331996,80
basic_1BT,2159293,868268896550974,80
basic_1BT,2238638,868268898851336,80
basic_1BT,2481920,868268901392449,80
basic_1BT,2292038,868268903746676,80
basic_1BT,2302332,868268906107940,80
basic_1BT,2488300,868268908658394,80
basic_1BT,2385170,868268911106230,80
basic_1BT,2698840,868268913864444,80
basic_1BT,2157720,868268916084163,80
basic_1BT,2144664,868268918291433,80
basic_1BT,2449609,868268920799870,80
basic_1BT,2202038,868268923064454,80
basic_1BT,2429829,868268925553871,80
basic_1BT,2357977,868268927973907,80
basic_1BT,2729065,868268930790070,80
basic_1BT,2876483,868268933728794,80
basic_1BT,3233059,868268937023918,80
basic_1BT,3105362,868268940191450,80
basic_1BT,2206764,868268942461240,80
basic_1BT,2094864,868268944615552,80
basic_1BT,2220787,868268946898639,80
basic_1BT,2093576,868268949051538,80
basic_1BT,2302101,868268951417252,80
basic_1BT,2152227,868268953628512,80
basic_1BT,2153600,868268955843831,80
basic_1BT,2464099,868268958368180,80
basic_1BT,2148464,868268960580081,80
basic_1BT,2208027,868268962850819,80
basic_1BT,2153535,868268965064048,80
basic_1BT,2179681,868268967306230,80
basic_1BT,2195728,868268969561317,80
basic_1BT,2362642,868268971986294,80
basic_1BT,2200600,868268974272157,80
basic_1BT,2316179,868268976650095,80
basic_1BT,2153024,868268978865534,80
basic_1BT,2663267,868268981588450,80
basic_1BT,2462976,868268984113907,80
basic_1BT,2360798,868268986560410,80
basic_1BT,2325386,868268988945033,80
basic_1BT,2469550,868268991476423,80
basic_1BT,2318093,868268993853589,80
basic_1BT,2045379,868268995960475,80
basic_1BT,2465537,868268998512719,80
basic_1BT,2050475,868269000626221,80
basic_1BT,2359129,868269003047289,80
basic_1BT,2284866,868269005391122,80
basic_1BT,2295751,868269007749064,80
basic_1BT,2451283,868269010259695,80
basic_1BT,2382969,868269012705436,80
basic_1BT,2374445,868269015141254,80
basic_1BT,2211616,868269017412162,80
basic_1BT,2503064,868269019977808,80
basic_1BT,2418507,868269022485212,80
basic_1BT,2492590,868269025040086,80
basic_1BT,2299871,868269027402002,80
basic_1BT,2377277,868269029838872,80
basic_1BT,2261577,868269032162443,80
basic_1BT,2783913,868269035009754,80
basic_1BT,2587130,868269037656232,80
basic_1BT,2873923,868269040592375,80
basic_1BT,2604049,868269043259135,80
basic_1BT,1968474,868269045288040,80
basic_1BT,2359811,868269047703140,80
basic_1BT,2361018,868269050113317,80
basic_1BT,1776196,868269051941465,80
basic_1BT,1912228,868269053908385,80
basic_1BT,2716506,868269056687708,80
basic_1BT,3394084,868269060133392,80
basic_1BT,3544876,868269063740879,80
basic_1BT,3536090,868269067336708,80
basic_1BT,3711393,868269071110646,80
basic_1BT,3380428,868269074554241,80
basic_1BT,3286158,868269077902779,80
basic_1BT,3249121,868269081215138,80
basic_1BT,3129964,868269084407457,80
basic_1BT,2667812,868269087137871,80
basic_1BT,3254594,868269090452029,80
basic_1BT,3270336,868269093784871,80
basic_1BT,3428870,868269097275490,80
basic_1BT,3432924,868269100770829,80
basic_1BT,3466363,868269104299878,80
basic_1BT,3322567,868269107684896,80
basic_1BT,3521250,868269111265880,80
basic_1BT,3428650,868269114757317,80
basic_1BT,3474732,868269118294243,80
basic_1BT,3313592,868269121669664,80
basic_1BT,2492154,868269124224263,80
basic_1BT,2463551,868269126743034,80
basic_1BT,3128691,868269129931544,80
basic_1BT,2622518,868269132617660,80
basic_1BT,2462896,868269135142981,80
basic_1BT,2229773,868269137432137,80
basic_1BT,2494223,868269139982090,80
basic_1BT,2410058,868269142469147,80
basic_1BT,2066297,868269144588313,80
basic_1BT,2118734,868269146769327,80
basic_1BT,2258345,868269149079221,80
basic_1BT,2142745,868269151292836,80
basic_1BT,2019608,868269153361759,80
basic_1BT,2533099,868269155956812,80
basic_1BT,2486676,868269158536540,80
basic_1BT,2380509,868269160979389,80
basic_1BT,1949395,868269162991069,80
basic_1BT,2252095,868269165295496,80
basic_1BT,2494619,868269167842703,80
basic_1BT,2522926,868269170415169,80
basic_1BT,2057436,868269172524466,80
basic_1BT,2287712,868269174863799,80
basic_1BT,2449860,868269177362693,80
basic_1BT,2839303,868269180254342,80
basic_1BT,2875380,868269183189693,80
basic_1BT,3484445,868269186733250,80
basic_1BT,2374866,868269189163745,80
basic_1BT,3162725,868269192378822,80
basic_1BT,3187784,868269195629167,80
basic_1BT,3345973,868269199034643,80
basic_1BT,2984054,868269202081113,80
basic_1BT,3013388,868269205157076,80
basic_1BT,3276746,868269208496624,80
basic_1BT,2983413,868269211541995,80
basic_1BT,2996764,868269214598714,80
basic_1BT,3135663,868269217796531,80
basic_1BT,2978040,868269220837387,80
basic_1BT,2967621,868269223866522,80
basic_1BT,2957157,868269226883318,80
basic_1BT,2778631,868269229725035,80
basic_1BT,1920101,868269231708239,80
basic_1BT,2193313,868269233953979,80
basic_1BT,2473360,868269236489739,80
basic_1BT,2541253,868269239094340,80
basic_1BT,2835092,868269241994594,80
basic_1BT,2655249,868269244712559,80
basic_1BT,2327119,868269247102664,80
basic_1BT,2283267,868269249438133,80
basic_1BT,2446954,868269251938421,80
basic_1BT,2575683,868269254563575,80
basic_1BT,1738263,868269256353323,80
basic_1BT,2310170,868269258715514,80
basic_1BT,2323977,868269261088415,80
basic_1BT,2758890,868269263909695,80
basic_1BT,2335614,868269266304332,80
basic_1BT,2495537,868269268861712,80
basic_1BT,2089887,868269271013839,80
basic_1BT,2155174,868269273228056,80
basic_1BT,2460525,868269275750675,80
basic_1BT,2184818,868269277994691,80
basic_1BT,2429804,868269280486780,80
basic_1BT,2111838,868269282660924,80
basic_1BT,2290119,868269285011342,80
basic_1BT,1698145,868269286780903,80
basic_1BT,2094959,868269288935250,80
basic_1BT,2335424,868269291327156,80
basic_1BT,2248701,868269293643550,80
basic_1BT,2755195,868269296463254,80
basic_1BT,2615505,868269299135836,80
basic_1BT,2264353,868269301454089,80
basic_1BT,2233649,868269303749420,80
basic_1BT,2763566,868269306566743,80
basic_1BT,3635673,868269310258183,80
basic_1BT,3676748,868269313990617,80
basic_1BT,3268371,868269317315372,80
basic_1BT,1914980,868269319292241,80
basic_1BT,2352212,868269321697452,80
basic_1BT,2191017,868269323941683,80
basic_1BT,2382002,868269326382909,80
basic_1BT,2560037,868269329005942,80
basic_1BT,2283182,868269331351459,80
basic_1BT,2295431,868269333698836,80
basic_1BT,2028444,868269335789109,80
basic_1BT,2154112,868269338002880,80
basic_1BT,2259191,868269340317831,80
basic_1BT,2610359,868269342980692,80
basic_1BT,2477931,868269345508724,80
basic_1BT,2724515,868269348295540,80
basic_1BT,2294218,868269350651496,80
basic_1BT,2470303,868269353173063,80
basic_1BT,2376355,868269355602621,80
basic_1BT,3018741,868269358680785,80
basic_1BT,2419224,868269361162680,80
basic_1BT,2381075,868269363606471,80
basic_1BT,2173521,868269365831783,80
basic_1BT,2365865,868269368250707,80
basic_1BT,2258935,868269370562801,80
basic_1BT,2089781,868269372702208,80
basic_1BT,2066723,868269374821238,80
basic_1BT,2370776,868269377240803,80
basic_1BT,2473225,868269379776297,80
basic_1BT,2383998,868269382212781,80
basic_1BT,2262815,868269384528805,80
basic_1BT,2343929,868269386925236,80
basic_1BT,2497977,868269389472273,80
basic_1BT,2327956,868269391852531,80
basic_1BT,2389004,868269394290298,80
basic_1BT,2025277,868269396401129,80
basic_1BT,1655780,868269398111316,80
basic_1BT,2384939,868269400546858,80
basic_1BT,2314150,868269402912442,80
basic_1BT,2214743,868269405185371,80
basic_1BT,2287993,868269407525124,80
basic_1BT,2522474,868269410096112,80
basic_1BT,1945977,868269412096856,80
basic_1BT,2098668,868269414246993,80
basic_1BT,2548886,868269416844407,80
basic_1BT,2605082,868269419510356,80
basic_1BT,2239074,868269421797833,80
basic_1BT,2326894,868269424175926,80
basic_1BT,2124778,868269426351578,80
basic_1BT,2129028,868269428528933,80
basic_1BT,2898601,868269431496129,80
basic_1BT,2270612,868269433814337,80
basic_1BT,2071910,868269435937115,80
basic_1BT,2088008,868269438073130,80
basic_1BT,2200986,868269440325200,80
basic_1BT,1984747,868269442360594,80
basic_1BT,2276707,868269444685363,80
basic_1BT,2288986,868269447025273,80
basic_1BT,2165438,868269449238683,80
basic_1BT,2063687,868269451353332,80
basic_1BT,2354117,868269453755943,80
basic_1BT,2256143,868269456063441,80
basic_1BT,1561086,868269457676197,80
basic_1BT,2248532,868269459985635,80
basic_1BT,2304792,868269462381094,80
basic_1BT,2178794,868269464622584,80
basic_1BT,2048952,868269466734226,80
basic_1BT,2020771,868269468816937,80
basic_1BT,2011089,868269470896159,80
basic_1BT,2141150,868269473086227,80
basic_1BT,2477853,868269475614798,80
basic_1BT,2465741,868269478129835,80
basic_1BT,2325234,868269480517674,80
basic_1BT,2295063,868269482863980,80
basic_1BT,2478920,868269485385918,80
basic_1BT,2226882,868269487666264,80
basic_1BT,2615295,868269490330904,80
basic_1BT,2142364,868269492524758,80
basic_1BT,2583476,868269495160080,80
basic_1BT,1761132,868269496970501,80
basic_1BT,1827877,868269498850790,80
basic_1BT,2414378,868269501314202,80
basic_1BT,1878525,868269503244056,80
basic_1BT,1857501,868269505152075,80
basic_1BT,2471947,868269507675035,80
basic_1BT,2742672,868269510466411,80
basic_1BT,2377908,868269512906769,80
basic_1BT,2127074,868269515088475,80
basic_1BT,2197853,868269517335613,80
basic_1BT,2886422,868269520273925,80
basic_1BT,2748486,868269523085854,80
basic_1BT,2300082,868269525445645,80
basic_1BT,2226546,868269527726802,80
basic_1BT,2491953,868269530269028,80
basic_1BT,2587982,868269532909161,80
basic_1BT,2308707,868269535269748,80
basic_1BT,2333674,868269537652793,80
basic_1BT,2397338,868269540102478,80
basic_1BT,2214071,868269542368089,80
basic_1BT,2240808,868269544657646,80
basic_1BT,2120829,868269546830265,80
basic_1BT,2157670,868269549036243,80
basic_1BT,2195679,868269551284048,80
basic_1BT,2530001,868269553863710,80
basic_1BT,2298728,868269556213978,80
basic_1BT,2416393,868269558682151,80
basic_1BT,2310532,868269561052221,80
basic_1BT,2339915,868269563454932,80
basic_1BT,2411721,868269565918423,80
basic_1BT,2199948,868269568171906,80
basic_1BT,2243355,868269570477696,80
basic_1BT,2158011,868269572687142,80
basic_1BT,2281237,868269575021438,80
basic_1BT,2574796,868269577655757,80
basic_1BT,2230023,868269579949134,80
basic_1BT,2427037,868269582459785,80
basic_1BT,2223067,868269584738762,80
basic_1BT,2452748,868269587254025,80
basic_1BT,2642008,868269589955567,80
basic_1BT,2193052,868269592211461,80
basic_1BT,2200229,868269594466572,80
basic_1BT,1905853,868269596431828,80
basic_1BT,2227563,868269598714855,80
basic_1BT,2331760,868269601106144,80
basic_1BT,2278847,868269603447391,80
basic_1BT,2425198,868269605931897,80
basic_1BT,2300272,868269608295186,80
basic_1BT,2281678,868269610639440,80
basic_1BT,2790654,868269613482872,80
basic_1BT,2541494,868269616087007,80
basic_1BT,2318329,868269618467852,80
basic_1BT,2687860,868269621208539,80
basic_1BT,2511854,868269623783415,80
basic_1BT,2455213,868269626299174,80
basic_1BT,2220636,868269628582351,80
basic_1BT,2387874,868269631025717,80
basic_1BT,2344661,868269633423971,80
basic_1BT,2205699,868269635685229,80
basic_1BT,2431559,868269638161933,80
basic_1BT,1777002,868269639985377,80
basic_1BT,1834370,868269641893230,80
basic_1BT,1907947,868269643857579,80
basic_1BT,1853005,868269645762633,80
basic_1BT,2319456,868269648137863,80
basic_1BT,1906911,868269650117208,80
basic_1BT,2104070,868269652275122,80
basic_1BT,2055617,868269654393135,80
basic_1BT,2122864,868269656576244,80
basic_1BT,2220566,868269658859130,80
basic_1BT,2069970,868269660998292,80
basic_1BT,2142254,868269663217004,80
basic_1BT,2156964,868269665439219,80
basic_1BT,2335509,868269667849407,80
basic_1BT,1862548,868269669785753,80
basic_1BT,2454466,868269672296794,80
basic_1BT,2707338,868269675058678,80
basic_1BT,2208941,868269677322012,80
basic_1BT,2114409,868269679498761,80
basic_1BT,2324393,868269681876378,80
basic_1BT,2292685,868269684231929,80
basic_1BT,2583967,868269686888701,80
basic_1BT,2178418,868269689126114,80
basic_1BT,2205764,868269691381544,80
basic_1BT,2295105,868269693726696,80
basic_1BT,2242992,868269696021457,80
basic_1BT,2257255,868269698327726,80
basic_1BT,2136936,868269700513005,80
basic_1BT,2669858,868269703248491,80
basic_1BT,2324666,868269705626749,80
basic_1BT,1937111,868269707619208,80
basic_1BT,2018421,868269709696827,80
basic_1BT,2317001,868269712070625,80
basic_1BT,1543976,868269713669534,80
basic_1BT,1747665,868269715493205,80
basic_1BT,2085216,868269717638066,80
basic_1BT,2071909,868269719770809,80
basic_1BT,2181711,868269721997804,80
basic_1BT,2121571,868269724171286,80
basic_1BT,2124241,868269726347173,80
basic_1BT,2189744,868269728585841,80
basic_1BT,2174044,868269730811805,80
basic_1BT,2817616,868269733678396,80
basic_1BT,2440353,868269736170173,80
basic_1BT,2571148,868269738803782,80
basic_1BT,2713700,868269741577406,80
basic_1BT,2882532,868269744523036,80
basic_1BT,2541314,868269747126153,80
basic_1BT,2118845,868269749304125,80
basic_1BT,2118118,868269751485240,80
basic_1BT,2390126,868269753934719,80
basic_1BT,2629087,868269756620203,80
basic_1BT,2047474,868269758755110,80
basic_1BT,2229282,868269761036583,80
basic_1BT,2274907,868269763364364,80
basic_1BT,2329685,868269765743631,80
basic_1BT,2316223,868269768106746,80
basic_1BT,2525946,868269770679324,80
basic_1BT,2387921,868269773116690,80
basic_1BT,2160895,868269775328869,80
basic_1BT,2037405,868269777410260,80
basic_1BT,2124708,868269779590771,80
basic_1BT,1759194,868269781394333,80
basic_1BT,2075193,868269783520754,80
basic_1BT,2346454,868269785915246,80
basic_1BT,2382975,868269788349174,80
basic_1BT,2372113,868269790772407,80
basic_1BT,2310195,868269793131341,80
basic_1BT,2180102,868269795362527,80
basic_1BT,2236343,868269797647208,80
basic_1BT,2193253,868269799891730,80
basic_1BT,2360813,868269802301436,80
basic_1BT,2213550,868269804566145,80
basic_1BT,2698360,868269807315508,80
basic_1BT,2178554,868269809542499,80
basic_1BT,2386277,868269811979715,80
basic_1BT,2322719,868269814371726,80
basic_1BT,2386918,868269816809974,80
basic_1BT,2608714,868269819469808,80
basic_1BT,2323345,868269821841737,80
basic_1BT,1739752,868269823632207,80
basic_1BT,1854444,868269825535394,80
basic_1BT,1707491,868269827294465,80
basic_1BT,2389670,868269829745483,80
basic_1BT,1928817,868269831736671,80
basic_1BT,2102878,868269833905802,80
basic_1BT,2196655,868269836158022,80
basic_1BT,2689538,868269838900479,80
basic_1BT,2035225,868269840985474,80
basic_1BT,2194631,868269843243533,80
basic_1BT,2285683,868269845589253,80
basic_1BT,2101630,868269847747342,80
basic_1BT,2303556,868269850098206,80
basic_1BT,2375959,868269852527050,80
basic_1BT,2299856,868269854873374,80
basic_1BT,2610251,868269857527587,80
basic_1BT,2353362,868269859937240,80
basic_1BT,2336105,868269862325923,80
basic_1BT,2780240,868269865168713,80
basic_1BT,2803855,868269868040766,80
basic_1BT,2259848,868269870365149,80
basic_1BT,2554023,868269872978946,80
basic_1BT,2433476,868269875474974,80
basic_1BT,2348585,868269877882661,80
basic_1BT,2348640,868269880287056,80
basic_1BT,1905006,868269882244594,80
basic_1BT,1706168,868269884024133,80
basic_1BT,2153089,868269886232376,80
basic_1BT,1838557,868269888119696,80
basic_1BT,2017945,868269890188820,80
basic_1BT,1941016,868269892178148,80
basic_1BT,1943947,868269894173264,80
basic_1BT,2368180,868269896590249,80
basic_1BT,2350889,868269898987781,80
basic_1BT,1791056,868269900827566,80
basic_1BT,1809970,868269902688976,80
basic_1BT,2005580,868269904743335,80
basic_1BT,2311679,868269907106313,80
basic_1BT,2287272,868269909442148,80
basic_1BT,2264784,868269911758792,80
basic_1BT,2251529,868269914064327,80
basic_1BT,2166029,868269916281676,80
basic_1BT,1790946,868269918124261,80
basic_1BT,2142489,868269920315499,80
basic_1BT,2350293,868269922716511,80
basic_1BT,2505706,868269925270940,80
basic_1BT,2392035,868269927726018,80
basic_1BT,2578224,868269930356092,80
basic_1BT,2199156,868269932607811,80
basic_1BT,1811289,868269934471175,80
basic_1BT,2399308,868269936919247,80
basic_1BT,2242707,868269939213289,80
basic_1BT,2141943,868269941428548,80
basic_1BT,2396230,868269943898771,80
basic_1BT,2363148,868269946321824,80
basic_1BT,2608940,868269948992759,80
basic_1BT,2406805,868269951462405,80
basic_1BT,2187018,868269953708932,80
basic_1BT,2183886,868269955949004,80
basic_1BT,2169532,868269958168527,80
basic_1BT,2334301,868269960555486,80
basic_1BT,2104892,868269962711818,80
basic_1BT,2358783,868269965119605,80
basic_1BT,2088097,868269967259393,80
basic_1BT,2683514,868269969993991,80
basic_1BT,2245138,868269972301616,80
basic_1BT,2585251,868269974950400,80
basic_1BT,2403207,868269977413776,80
basic_1BT,2151480,868269979628027,80
basic_1BT,2296137,868269981984089,80
basic_1BT,2185104,868269984224307,80
basic_1BT,2569268,868269986846819,80
basic_1BT,2446623,868269989352228,80
basic_1BT,2288139,868269991696102,80
basic_1BT,2222851,868269993968148,80
basic_1BT,2334195,868269996354711,80
basic_1BT,2248571,868269998666595,80
basic_1BT,1920222,868270000638793,80
basic_1BT,2171763,868270002864166,80
basic_1BT,2146679,868270005060195,80
basic_1BT,2313733,868270007426265,80
basic_1BT,2172475,868270009647823,80
basic_1BT,2360483,868270012060086,80
basic_1BT,2390141,868270014502263,80
basic_1BT,2299174,868270016850361,80
basic_1BT,2417320,868270019319256,80
basic_1BT,2187985,868270021566800,80
basic_1BT,2328161,868270023950511,80
basic_1BT,2374084,868270026375168,80
basic_1BT,2096382,868270028534888,80
basic_1BT,2409161,868270030998019,80
basic_1BT,2516591,868270033564997,80
basic_1BT,1708027,868270035325266,80
basic_1BT,1581884,868270036956380,80
basic_1BT,2012948,868270039021494,80
basic_1BT,1597896,868270040678769,80
basic_1BT,2017338,868270042751386,80
basic_1BT,1735938,868270044546812,80
basic_1BT,1663650,868270046278249,80
basic_1BT,1564820,868270047892854,80
basic_1BT,1921635,868270049863879,80
basic_1BT,1583307,868270051510208,80
basic_1BT,2254460,868270053816604,80
basic_1BT,2379331,868270056247686,80
basic_1BT,2156346,868270058466047,80
basic_1BT,1974082,868270060500164,80
basic_1BT,1628663,868270062191167,80
basic_1BT,1651245,868270063902688,80
basic_1BT,1623049,868270065585266,80
basic_1BT,2193459,868270067833472,80
basic_1BT,1661940,868270069555021,80
basic_1BT,1951410,868270071569382,80
basic_1BT,1689084,868270073318320,80
basic_1BT,1695308,868270075076409,80
basic_1BT,1623942,868270076760381,80
basic_1BT,1629890,868270078452406,80
basic_1BT,1816084,868270080327358,80
basic_1BT,1888468,868270082278652,80
basic_1BT,1636601,868270083974877,80
basic_1BT,2202764,868270086266499,80
basic_1BT,1704264,868270088032752,80
basic_1BT,1459038,868270089556636,80
basic_1BT,1531336,868270091147285,80
basic_1BT,1675562,868270092882011,80
basic_1BT,1742693,868270094686824,80
basic_1BT,1752616,868270096498473,80
basic_1BT,1707141,868270098266991,80
basic_1BT,1670445,868270099996970,80
basic_1BT,1688823,868270101796746,80
basic_1BT,1731107,868270103587567,80
basic_1BT,1669428,868270105315972,80
basic_1BT,1783673,868270107161986,80
basic_1BT,1736023,868270108957232,80
basic_1BT,1829246,868270110848466,80
basic_1BT,1536218,868270112443771,80
basic_1BT,1593155,868270114099101,80
basic_1BT,1647471,868270115805565,80
basic_1BT,1597430,868270117461637,80
basic_1BT,1625004,868270119148641,80
basic_1BT,1877161,868270121084815,80
basic_1BT,2110215,868270123257319,80
basic_1BT,1915095,868270125232559,80
basic_1BT,1908524,868270127203219,80
basic_1BT,2385354,868270129648032,80
basic_1BT,2245585,868270131954994,80
basic_1BT,2253743,868270134294457,80
basic_1BT,2367714,868270136724927,80
basic_1BT,2237726,868270139024513,80
basic_1BT,2596502,868270141680198,80
basic_1BT,2662381,868270144404833,80
basic_1BT,2267159,868270146733907,80
basic_1BT,2188366,868270148981581,80
basic_1BT,2100136,868270151144152,80
basic_1BT,2161739,868270153365516,80
basic_1BT,2385981,868270155813617,80
basic_1BT,2195323,868270158068152,80
basic_1BT,2223914,868270160354402,80
basic_1BT,2290509,868270162708203,80
basic_1BT,2126943,868270164894354,80
basic_1BT,2120574,868270167077869,80
basic_1BT,2395399,868270169532851,80
basic_1BT,2503470,868270172099127,80
basic_1BT,2273505,868270174436771,80
basic_1BT,2135914,868270176650352,80
basic_1BT,2665402,868270179378345,80
basic_1BT,2488556,868270181926038,80
basic_1BT,2649375,868270184637793,80
basic_1BT,2074030,868270186774615,80
basic_1BT,2285979,868270189120037,80
basic_1BT,2526844,868270191709672,80
basic_1BT,2220416,868270193989286,80
basic_1BT,2309879,868270196360829,80
basic_1BT,2197051,868270198620802,80
basic_1BT,2210533,868270200890357,80
basic_1BT,2532293,868270203485581,80
basic_1BT,2334702,868270205879852,80
basic_1BT,2207606,868270208149237,80
basic_1BT,2203346,868270210414964,80
basic_1BT,2218467,868270212692483,80
basic_1BT,2099754,868270214855029,80
basic_1BT,2478211,868270217392874,80
basic_1BT,2465823,868270219921212,80
basic_1BT,2265245,868270222245575,80
basic_1BT,2413631,868270224720929,80
basic_1BT,2411762,868270227195728,80
basic_1BT,2534022,868270229788937,80
basic_1BT,2325105,868270232176106,80
basic_1BT,2331641,868270234570748,80
basic_1BT,2228906,868270236860024,80
basic_1BT,2834109,868270239756179,80
basic_1BT,2747584,868270242562895,80
basic_1BT,2315202,868270244940046,80
basic_1BT,2517903,868270247520245,80
basic_1BT,2080079,868270249659923,80
basic_1BT,2091401,868270251813588,80
basic_1BT,2667782,868270254541080,80
basic_1BT,2051908,868270256655438,80
basic_1BT,2564994,868270259282341,80
basic_1BT,2234625,868270261576439,80
basic_1BT,2152057,868270263791503,80
basic_1BT,2183951,868270266035022,80
basic_1BT,2088048,868270268185951,80
basic_1BT,2224742,868270270472411,80
basic_1BT,2150449,868270272682443,80
basic_1BT,2248415,868270274993114,80
basic_1BT,2599283,868270277652331,80
basic_1BT,2272121,868270279986117,80
basic_1BT,2178985,868270282253863,80
basic_1BT,2151415,868270284467102,80
basic_1BT,2613176,868270287142232,80
basic_1BT,2396792,868270289598472,80
basic_1BT,2274677,868270291935440,80
basic_1BT,2157163,868270294151215,80
basic_1BT,2062158,868270296275707,80
basic_1BT,2224701,868270298562277,80
basic_1BT,2162220,868270300783701,80
basic_1BT,2326608,868270303172328,80
basic_1BT,3111616,868270306343027,80
basic_1BT,3328457,868270309733182,80
basic_1BT,2922166,868270312718384,80
basic_1BT,2112790,868270314893089,80
basic_1BT,2314210,868270317266842,80
basic_1BT,2454852,868270319784490,80
basic_1BT,2646233,868270322490181,80
basic_1BT,2250752,868270324803308,80
basic_1BT,2174885,868270327039355,80
basic_1BT,2208387,868270329307332,80
basic_1BT,2302222,868270331672019,80
basic_1BT,2234569,868270333965771,80
basic_1BT,2198956,868270336226826,80
basic_1BT,2207767,868270338496697,80
basic_1BT,2341112,868270340897012,80
basic_1BT,2142900,868270343101611,80
basic_1BT,2208202,868270345369443,80
basic_1BT,2260946,868270347692698,80
basic_1BT,2099028,868270349850694,80
basic_1BT,2212633,868270352125681,80
basic_1BT,2670103,868270354858426,80
basic_1BT,2287202,868270357205146,80
basic_1BT,2241900,868270359509748,80
basic_1BT,2395519,868270361964389,80
basic_1BT,2293872,868270364320882,80
basic_1BT,2618593,868270367001540,80
basic_1BT,2308000,868270369369228,80
basic_1BT,2247960,868270371679769,80
basic_1BT,2296879,868270374036222,80
basic_1BT,2236243,868270376334535,80
basic_1BT,2398676,868270378795040,80
basic_1BT,2216186,868270381070348,80
basic_1BT,2586234,868270383718736,80
basic_1BT,2239290,868270386017434,80
basic_1BT,2282696,868270388361950,80
basic_1BT,2234704,868270390658828,80
basic_1BT,2194005,868270392912291,80
basic_1BT,2302954,868270395277920,80
basic_1BT,2381040,868270397718088,80
basic_1BT,2035205,868270399816214,80
basic_1BT,2235436,868270402111439,80
basic_1BT,2167293,868270404340651,80
basic_1BT,2220742,868270406624023,80
basic_1BT,2181706,868270408865007,80
basic_1BT,2173001,868270411099837,80
basic_1BT,2346249,868270413506201,80
basic_1BT,2303019,868270415871920,80
basic_1BT,2421057,868270418352021,80
basic_1BT,2162917,868270420577438,80
basic_1BT,2420306,868270423059975,80
basic_1BT,2107960,868270425227162,80
basic_1BT,2155740,868270427445693,80
basic_1BT,2624862,868270430130125,80
basic_1BT,3055752,868270433248116,80
basic_1BT,3101868,868270436411723,80
basic_1BT,3027711,868270439502587,80
basic_1BT,2406845,868270441968790,80
basic_1BT,2114674,868270444159823,80
basic_1BT,2241324,868270446463107,80
basic_1BT,2145086,868270448667816,80
basic_1BT,2343999,868270451074295,80
basic_1BT,2174684,868270453308273,80
basic_1BT,2391234,868270455761661,80
basic_1BT,2343262,868270458164156,80
basic_1BT,2163965,868270460389899,80
basic_1BT,2323236,868270462775074,80
basic_1BT,2355215,868270465189572,80
basic_1BT,2105894,868270467380444,80
basic_1BT,2154702,868270469594535,80
basic_1BT,2134501,868270471791953,80
basic_1BT,2064132,868270473915613,80
basic_1BT,2128542,868270476106110,80
basic_1BT,2284049,868270478453216,80
basic_1BT,2308931,868270480821220,80
basic_1BT,2178623,868270483062194,80
basic_1BT,2444628,868270485566226,80
basic_1BT,2371868,868270488022992,80
basic_1BT,2319978,868270490408577,80
basic_1BT,2062709,868270492530639,80
basic_1BT,1991181,868270494585159,80
basic_1BT,2128060,868270496772257,80
basic_1BT,2153766,868270498988373,80
basic_1BT,2167357,868270501214999,80
basic_1BT,2271419,868270503548402,80
basic_1BT,2120783,868270505728349,80
basic_1BT,2407482,868270508198517,80
basic_1BT,2338431,868270510599107,80
basic_1BT,2124147,868270512782497,80
basic_1BT,2249889,868270515095153,80
basic_1BT,2341718,868270517495798,80
basic_1BT,2185149,868270519743002,80
basic_1BT,2554249,868270522356133,80
basic_1BT,2053046,868270524472070,80
basic_1BT,2160110,868270526695012,80
basic_1BT,2264153,868270529018878,80
basic_1BT,2118023,868270531199587,80
basic_1BT,2680809,868270533939523,80
basic_1BT,2067034,868270536069398,80
basic_1BT,2585421,868270538718232,80
basic_1BT,2070552,868270540847852,80
basic_1BT,2348659,868270543258746,80
basic_1BT,2303148,868270545621809,80
basic_1BT,2423514,868270548108365,80
basic_1BT,2170164,868270550341239,80
basic_1BT,2252946,868270552653369,80
basic_1BT,2922687,868270555639062,80
basic_1BT,2446187,868270558144717,80
basic_1BT,2305284,868270560512171,80
basic_1BT,2163438,868270562738515,80
basic_1BT,2390352,868270565188280,80
basic_1BT,1957133,868270567297117,80
basic_1BT,2183059,868270569530668,80
basic_1BT,1899198,868270571571115,80
basic_1BT,2114284,868270573765014,80
basic_1BT,2239355,868270576143002,80
basic_1BT,1903523,868270578308134,80
basic_1BT,1795261,868270580148826,80
basic_1BT,1604021,868270581777479,80
basic_1BT,1927535,868270583733857,80
basic_1BT,2215513,868270585977755,80
basic_1BT,1257240,868270587264325,80
basic_1BT,1872261,868270589162093,80
basic_1BT,1363716,868270590567198,80
basic_1BT,1643551,868270592249914,80
basic_1BT,1854713,868270594141337,80
basic_1BT,2423558,868270596604378,80
basic_1BT,1090939,868270597735946,80
basic_1BT,1660067,868270599435449,80
basic_1BT,2330400,868270601805063,80
basic_1BT,1989892,868270603845970,80
basic_1BT,1592689,868270605487918,80
basic_1BT,1981053,868270607525707,80
basic_1BT,1993545,868270609568459,80
basic_1BT,2072282,868270611692345,80
basic_1BT,2056273,868270613798053,80
basic_1BT,2019523,868270615867681,80
basic_1BT,1725518,868270617635045,80
basic_1BT,1850169,868270619526794,80
basic_1BT,1993465,868270621571189,80
basic_1BT,1853236,868270623469654,80
basic_1BT,1844600,868270625361484,80
basic_1BT,2338971,868270627746554,80
basic_1BT,1859989,868270629658821,80
basic_1BT,1889413,868270631606542,80
basic_1BT,1586177,868270633231899,80
basic_1BT,1326309,868270634609759,80
basic_1BT,1389977,868270636038294,80
basic_1BT,1291560,868270637378407,80
basic_1BT,1339840,868270638756625,80
basic_1BT,999901,868270639802015,80
basic_1BT,1478447,868270641318579,80
basic_1BT,1520381,868270642879214,80
basic_1BT,1331601,868270644261329,80
basic_1BT,1112134,868270645414526,80
basic_1BT,1841585,868270647300522,80
basic_1BT,1991406,868270649329984,80
basic_1BT,1943001,868270651319630,80
basic_1BT,1870031,868270653238611,80
basic_1BT,1509792,868270654800596,80
basic_1BT,1369469,868270656207585,80
basic_1BT,1298356,868270657551940,80
basic_1BT,1366831,868270658956531,80
basic_1BT,1264793,868270660258856,80
basic_1BT,1215877,868270661514333,80
basic_1BT,1825366,868270663392178,80
basic_1BT,1919955,868270665357724,80
basic_1BT,1846424,868270667258290,80
basic_1BT,2284410,868270669606368,80
basic_1BT,1982840,868270671643523,80
basic_1BT,1442953,868270673132755,80
basic_1BT,1275609,868270674462666,80
basic_1BT,1504013,868270676024413,80
basic_1BT,1876831,868270677967618,80
basic_1BT,2511514,868270680538180,80
basic_1BT,2154953,868270682754055,80
basic_1BT,2092699,868270684905139,80
basic_1BT,1867911,868270686834337,80
basic_1BT,1645903,868270688538907,80
basic_1BT,1744363,868270690345028,80
basic_1BT,1783779,868270692179685,80
basic_1BT,1801551,868270694042348,80
basic_1BT,1721344,868270695822013,80
basic_1BT,1895935,868270697769684,80
basic_1BT,1801651,868270699632286,80
basic_1BT,1872706,868270701556282,80
basic_1BT,1538042,868270703155797,80
basic_1BT,1866327,868270705072160,80
basic_1BT,1751574,868270706875354,80
basic_1BT,1657580,868270708580410,80
basic_1BT,1379438,868270710022172,80
basic_1BT,1733286,868270711802653,80
basic_1BT,1681060,868270713530232,80
basic_1BT,1651992,868270715232642,80
basic_1BT,2047758,868270717327846,80
basic_1BT,1733587,868270719122320,80
basic_1BT,1671617,868270720851902,80
basic_1BT,1635499,868270722540906,80
basic_1BT,1647923,868270724237803,80
basic_1BT,1776988,868270726065530,80
basic_1BT,1612506,868270727736687,80
basic_1BT,1675362,868270729462946,80
basic_1BT,1640149,868270731154636,80
basic_1BT,1659435,868270732862147,80
basic_1BT,1599761,868270734523010,80
basic_1BT,1731322,868270736312924,80
basic_1BT,1847267,868270738222340,80
basic_1BT,1491979,868270739773412,80
basic_1BT,1745646,868270741578065,80
basic_1BT,1706003,868270743346719,80
basic_1BT,1642120,868270745047976,80
basic_1BT,1622238,868270746733070,80
basic_1BT,1594398,868270748386706,80
basic_1BT,1557036,868270750006744,80
basic_1BT,1764359,868270751830165,80
basic_1BT,1747369,868270753637490,80
basic_1BT,1855934,868270755555041,80
basic_1BT,1929389,868270757537827,80
basic_1BT,1889334,868270759483235,80
basic_1BT,2115295,868270761652229,80
basic_1BT,2010438,868270763724968,80
basic_1BT,2288825,868270766067431,80
basic_1BT,2080413,868270768222445,80
basic_1BT,2252095,868270770531545,80
basic_1BT,2173275,868270772779237,80
basic_1BT,2738261,868270775579814,80
basic_1BT,2265200,868270777904212,80
basic_1BT,2206930,868270780173381,80
basic_1BT,2004182,868270782239734,80
basic_1BT,1954101,868270784252867,80
basic_1BT,1926792,868270786242250,80
basic_1BT,2094166,868270788395810,80
basic_1BT,2556619,868270791014975,80
basic_1BT,2261642,868270793335604,80
basic_1BT,2444869,868270795843024,80
basic_1BT,2402390,868270798304992,80
basic_1BT,2114379,868270800480884,80
basic_1BT,2148820,868270802693116,80
basic_1BT,2578670,868270805330674,80
basic_1BT,2391529,868270807784658,80
basic_1BT,2318329,868270810162772,80
basic_1BT,2510321,868270812735749,80
basic_1BT,2399277,868270815196940,80
basic_1BT,2760528,868270818017087,80
basic_1BT,2388698,868270820467665,80
basic_1BT,2477495,868270823007490,80
basic_1BT,2203126,868270825270119,80
basic_1BT,2042602,868270827374294,80
basic_1BT,2028699,868270829462607,80
basic_1BT,2335343,868270831859725,80
basic_1BT,2497717,868270834416624,80
basic_1BT,2443014,868270836922500,80
basic_1BT,2262589,868270839247289,80
basic_1BT,2167237,868270841473995,80
basic_1BT,2632571,868270844169482,80
basic_1BT,2697166,868270846930617,80
basic_1BT,2193067,868270849182952,80
basic_1BT,2196225,868270851441251,80
basic_1BT,2249299,868270853749472,80
basic_1BT,2292148,868270856104562,80
basic_1BT,2375386,868270858542715,80
basic_1BT,2633693,868270861235996,80
basic_1BT,2350679,868270863649282,80
basic_1BT,2235731,868270865944387,80
basic_1BT,2440910,868270868447156,80
basic_1BT,2286795,868270870795715,80
basic_1BT,2387790,868270873242953,80
basic_1BT,2357871,868270875663125,80
basic_1BT,2201031,868270877923364,80
basic_1BT,2173231,868270880159536,80
basic_1BT,2252060,868270882474432,80
basic_1BT,2176027,868270884709573,80
basic_1BT,2075569,868270886847015,80
basic_1BT,2350358,868270889256622,80
basic_1BT,2232379,868270891551195,80
basic_1BT,2490014,868270894100502,80
basic_1BT,2422276,868270896589508,80
basic_1BT,2422196,868270899074200,80
basic_1BT,2018401,868270901152044,80
basic_1BT,2195102,868270903427172,80
basic_1BT,2192506,868270905678996,80
basic_1BT,2246141,868270907987868,80
basic_1BT,2209981,868270910287088,80
basic_1BT,2144915,868270912495195,80
basic_1BT,2438248,868270914995773,80
basic_1BT,2350393,868270917406272,80
basic_1BT,2401633,868270919869809,80
basic_1BT,2459387,868270922388329,80
basic_1BT,2229246,868270924679946,80
basic_1BT,2516792,868270927258476,80
basic_1BT,2835233,868270930153247,80
basic_1BT,3302526,868270933518354,80
basic_1BT,3370535,868270936951670,80
basic_1BT,2885670,868270939899811,80
basic_1BT,2215599,868270942174984,80
basic_1BT,2143196,868270944380304,80
basic_1BT,2388889,868270946831523,80
basic_1BT,1986506,868270948877007,80
basic_1BT,2398350,868270951337672,80
basic_1BT,2242336,868270953639342,80
basic_1BT,2225513,868270955926674,80
basic_1BT,2264404,868270958250275,80
basic_1BT,2257909,868270960570293,80
basic_1BT,2104571,868270962737214,80
basic_1BT,2257823,868270965053969,80
basic_1BT,2092804,868270967209324,80
basic_1BT,2220672,868270969489154,80
basic_1BT,2154001,868270971706212,80
basic_1BT,2366561,868270974131409,80
basic_1BT,2299655,868270976493821,80
basic_1BT,2317322,868270978873648,80
basic_1BT,2253443,868270981186620,80
basic_1BT,2492143,868270983741675,80
basic_1BT,2522019,868270986322505,80
basic_1BT,2224666,868270988610298,80
basic_1BT,2065099,868270990738133,80
basic_1BT,2012637,868270992810184,80
basic_1BT,2276718,868270995149196,80
basic_1BT,2232985,868270997441535,80
basic_1BT,2371983,868270999875994,80
basic_1BT,2195087,868271002130123,80
basic_1BT,2675606,868271004868351,80
basic_1BT,2218050,868271007149292,80
basic_1BT,2397388,868271009606008,80
basic_1BT,2179090,868271011847233,80
basic_1BT,2108144,868271014014680,80
basic_1BT,2138665,868271016215946,80
basic_1BT,2278797,868271018557279,80
basic_1BT,2073509,868271020690176,80
basic_1BT,2141812,868271022894149,80
basic_1BT,2347887,868271025300928,80
basic_1BT,2179245,868271027542679,80
basic_1BT,2163082,868271029764960,80
basic_1BT,2513574,868271032340523,80
basic_1BT,2206082,868271034609432,80
basic_1BT,2223974,868271036892779,80
basic_1BT,2419841,868271039374268,80
basic_1BT,2241650,868271041675162,80
basic_1BT,2226942,868271043963892,80
basic_1BT,2228951,868271046278983,80
basic_1BT,2529711,868271048870859,80
basic_1BT,2148173,868271051080986,80
basic_1BT,2146318,868271053286267,80
basic_1BT,3303663,868271056652386,80
basic_1BT,2354227,868271059069911,80
basic_1BT,2300698,868271061430228,80
basic_1BT,2102516,868271063595410,80
basic_1BT,2193553,868271065848612,80
basic_1BT,2186322,868271068097063,80
basic_1BT,2563801,868271070723284,80
basic_1BT,2298934,868271073081702,80
basic_1BT,2181169,868271075325247,80
basic_1BT,2351451,868271077735995,80
basic_1BT,2244552,868271080042216,80
basic_1BT,2212482,868271082319846,80
basic_1BT,2412764,868271084792023,80
basic_1BT,2183119,868271087037628,80
basic_1BT,2426450,868271089523527,80
basic_1BT,2138686,868271091725470,80
basic_1BT,2339593,868271094123885,80
basic_1BT,2408780,868271096595230,80
basic_1BT,2202013,868271098859649,80
basic_1BT,2194626,868271101114194,80
basic_1BT,2149040,868271103325399,80
basic_1BT,2168796,868271105552987,80
basic_1BT,2204820,868271107819625,80
basic_1BT,2247555,868271110126292,80
basic_1BT,2237371,868271112425737,80
basic_1BT,2174443,868271114662000,80
basic_1BT,2107047,868271116827859,80
basic_1BT,2136716,868271119026434,80
basic_1BT,2894370,868271121980093,80
basic_1BT,2261020,868271124303198,80
basic_1BT,2108210,868271126473607,80
basic_1BT,2238583,868271128771368,80
basic_1BT,2183906,868271131017970,80
basic_1BT,2164305,868271133241112,80
basic_1BT,2401959,868271135705517,80
basic_1BT,2535319,868271138299798,80
basic_1BT,2206443,868271140569007,80
basic_1BT,2131650,868271142785389,80
basic_1BT,2191594,868271145036226,80
basic_1BT,2307303,868271147406115,80
basic_1BT,2393594,868271149858811,80
basic_1BT,2259111,868271152179972,80
basic_1BT,2405732,868271154647563,80
basic_1BT,2277368,868271156983669,80
basic_1BT,2215990,868271159262150,80
basic_1BT,2239080,868271161560653,80
basic_1BT,2254170,868271163877073,80
basic_1BT,2274923,868271166234758,80
basic_1BT,2007129,868271168303811,80
basic_1BT,2304872,868271170671240,80
basic_1BT,2144494,868271172875313,80
basic_1BT,2335549,868271175285540,80
basic_1BT,2200479,868271177545268,80
basic_1BT,2732805,868271180341284,80
basic_1BT,2865829,868271183269213,80
basic_1BT,2716451,868271186044507,80
basic_1BT,2313473,868271188419889,80
basic_1BT,2063155,868271190545699,80
basic_1BT,2000308,868271192605290,80
basic_1BT,2583838,868271195251934,80
basic_1BT,2166686,868271197477657,80
basic_1BT,2208408,868271199748039,80
basic_1BT,2223844,868271202031252,80
basic_1BT,2117296,868271204210828,80
basic_1BT,2197512,868271206470440,80
basic_1BT,2192235,868271208721798,80
basic_1BT,2311313,868271211095806,80
basic_1BT,2127700,868271213283070,80
basic_1BT,2124888,868271215470539,80
basic_1BT,2215720,868271217745953,80
basic_1BT,2218673,868271220027737,80
basic_1BT,2344976,868271222439078,80
basic_1BT,2420056,868271224918212,80
basic_1BT,2143020,868271227123352,80
basic_1BT,2106164,868271229288930,80
basic_1BT,2178604,868271231528951,80
basic_1BT,2196104,868271233784174,80
basic_1BT,2553848,868271236400376,80
basic_1BT,2495276,868271238958444,80
basic_1BT,2791085,868271241808661,80
basic_1BT,2389790,868271244260661,80
basic_1BT,2557756,868271246880523,80
basic_1BT,2366451,868271249306017,80
basic_1BT,2088048,868271251456855,80
basic_1BT,2354798,868271253870952,80
basic_1BT,2062939,868271255996683,80
basic_1BT,2322924,868271258409777,80
basic_1BT,2473535,868271260942410,80
basic_1BT,2457649,868271263461912,80
basic_1BT,2825455,868271266346621,80
basic_1BT,2384328,868271268793755,80
basic_1BT,2205697,868271271062227,80
basic_1BT,2175627,868271273297272,80
basic_1BT,2145100,868271275504187,80
basic_1BT,2460566,868271278023970,80
basic_1BT,2305719,868271280391283,80
basic_1BT,2322935,868271282776914,80
basic_1BT,2359846,868271285196253,80
basic_1BT,2065004,868271287323768,80
basic_1BT,2018921,868271289401742,80
basic_1BT,2266103,868271291731056,80
basic_1BT,2258891,868271294049811,80
basic_1BT,2425874,868271296537740,80
basic_1BT,2362122,868271298961750,80
basic_1BT,2567274,868271301588127,80
basic_1BT,2256861,868271303907223,80
basic_1BT,3404438,868271307370723,80
basic_1BT,3323735,868271310757194,80
basic_1BT,2969681,868271313788664,80
basic_1BT,3010642,868271316858413,80
basic_1BT,3034437,868271319954974,80
basic_1BT,2870725,868271322910257,80
basic_1BT,2158657,868271325130964,80
basic_1BT,2220501,868271327413579,80
basic_1BT,2071234,868271329544346,80
basic_1BT,2203972,868271331810594,80
basic_1BT,2265145,868271334135077,80
basic_1BT,2250351,868271336448245,80
basic_1BT,2104485,868271338619997,80
basic_1BT,2201010,868271340880310,80
basic_1BT,2161844,868271343103859,80
basic_1BT,2384298,868271345547109,80
basic_1BT,2184532,868271347793857,80
basic_1BT,2476582,868271350329306,80
basic_1BT,2267561,868271352659417,80
basic_1BT,2164761,868271354886519,80
basic_1BT,2060378,868271357006260,80
basic_1BT,2161253,868271359229803,80
basic_1BT,2258103,868271361546689,80
basic_1BT,2654573,868271364263611,80
basic_1BT,2404299,868271366730727,80
basic_1BT,2356709,868271369146708,80
basic_1BT,2301334,868271371510217,80
basic_1BT,2188756,868271373758162,80
basic_1BT,2421966,868271376242377,80
basic_1BT,2304567,868271378609074,80
basic_1BT,2139027,868271380807399,80
basic_1BT,2386989,868271383256492,80
basic_1BT,2252084,868271385567810,80
basic_1BT,2089026,868271387719215,80
basic_1BT,2297381,868271390075818,80
basic_1BT,2287558,868271392426678,80
basic_1BT,2101699,868271394590166,80
basic_1BT,2200835,868271396850876,80
basic_1BT,2110891,868271399024177,80
basic_1BT,2148363,868271401232114,80
basic_1BT,2122613,868271403417057,80
basic_1BT,2374910,868271405851181,80
basic_1BT,106974793,868271512889296,80
basic_1BT,3446932,868271516399751,80
basic_1BT,3625071,868271520087033,80
basic_1BT,3257841,868271523408127,80
basic_1BT,2227442,868271525695779,80
basic_1BT,2005495,868271527762963,80
basic_1BT,2264724,868271530087215,80
basic_1BT,2222621,868271532372637,80
basic_1BT,2268047,868271534702909,80
basic_1BT,2648779,868271537428437,80
basic_1BT,2466579,868271539956388,80
basic_1BT,2153951,868271542195407,80
basic_1BT,2218301,868271544475312,80
basic_1BT,2329149,868271546866636,80
basic_1BT,2147471,868271549073716,80
basic_1BT,2622332,868271551758142,80
basic_1BT,2193914,868271554011941,80
basic_1BT,3815637,868271557889772,80
basic_1BT,2114714,868271560066411,80
basic_1BT,2143883,868271562273150,80
basic_1BT,2591124,868271564923086,80
basic_1BT,2060834,868271567048130,80
basic_1BT,2232228,868271569339676,80
basic_1BT,2342355,868271571744021,80
basic_1BT,2294217,868271574097256,80
basic_1BT,2210974,868271576371672,80
basic_1BT,2250391,868271578684774,80
basic_1BT,2141607,868271580885936,80
basic_1BT,2454667,868271583403889,80
basic_1BT,2194019,868271585657442,80
basic_1BT,2211761,868271587931237,80
basic_1BT,2188662,868271590179267,80
basic_1BT,2170865,868271592414006,80
basic_1BT,2189925,868271594665725,80
basic_1BT,2140230,868271596865729,80
basic_1BT,2218045,868271599146065,80
basic_1BT,2545959,868271601751422,80
basic_1BT,2285492,868271604099009,80
basic_1BT,2155390,868271606316238,80
basic_1BT,2408479,868271608784466,80
basic_1BT,2490600,868271611337126,80
basic_1BT,2117125,868271613513519,80
basic_1BT,2578375,868271616154755,80
basic_1BT,2242401,868271618460264,80
basic_1BT,2205461,868271620724978,80
basic_1BT,2210237,868271623020043,80
basic_1BT,2436765,868271625516066,80
basic_1BT,2335529,868271627913453,80
basic_1BT,2482652,868271630455383,80
basic_1BT,2174800,868271632692644,80
basic_1BT,2425308,868271635180642,80
basic_1BT,2260685,868271637500680,80
basic_1BT,2256119,868271639818618,80
basic_1BT,2276176,868271642154148,80
basic_1BT,2346936,868271644563003,80
basic_1BT,2010998,868271646636035,80
basic_1BT,2274001,868271648969133,80
basic_1BT,2257828,868271651289266,80
basic_1BT,2248402,868271653597422,80
basic_1BT,2209997,868271655869163,80
basic_1BT,2261707,868271658190368,80
basic_1BT,2297069,868271660549387,80
basic_1BT,2400826,868271663012012,80
basic_1BT,2201923,868271665273203,80
basic_1BT,2503189,868271667838341,80
basic_1BT,2225087,868271670122837,80
basic_1BT,2226084,868271672411381,80
basic_1BT,2283227,868271674757470,80
basic_1BT,2371152,868271677187659,80
basic_1BT,2155280,868271679405805,80
basic_1BT,2720445,868271682185739,80
basic_1BT,2672218,868271684920066,80
basic_1BT,2049413,868271687032230,80
basic_1BT,2454131,868271689545729,80
basic_1BT,2106150,868271691713568,80
basic_1BT,2143722,868271693916373,80
basic_1BT,2220140,868271696198702,80
basic_1BT,2526434,868271698786614,80
basic_1BT,2226169,868271701072288,80
basic_1BT,2413991,868271703548870,80
basic_1BT,2308310,868271705916779,80
basic_1BT,2274161,868271708253260,80
basic_1BT,2418317,868271710733542,80
basic_1BT,2450492,868271713243737,80
basic_1BT,2372009,868271715678623,80
basic_1BT,2254205,868271717992020,80
basic_1BT,2527160,868271720581596,80
basic_1BT,2140926,868271722785197,80
basic_1BT,2155399,868271725000045,80
basic_1BT,2206930,868271727269190,80
basic_1BT,2166110,868271729494417,80
basic_1BT,2164906,868271731721137,80
basic_1BT,2264258,868271734044749,80
basic_1BT,2229642,868271736337263,80
basic_1BT,2413536,868271738813415,80
basic_1BT,2404234,868271741276706,80
basic_1BT,2345853,868271743684839,80
basic_1BT,2419444,868271746163572,80
basic_1BT,2196606,868271748423269,80
basic_1BT,2195608,868271750681348,80
basic_1BT,2132371,868271752873182,80
basic_1BT,2154603,868271755090351,80
basic_1BT,2387018,868271757536728,80
basic_1BT,2142614,868271759741352,80
basic_1BT,2253258,868271762053446,80
basic_1BT,2235170,868271764350486,80
basic_1BT,2572296,868271766985562,80
basic_1BT,2164566,868271769209511,80
basic_1BT,2111322,868271771383263,80
basic_1BT,2120007,868271773562890,80
basic_1BT,2096608,868271775721783,80
basic_1BT,2186567,868271777967552,80
basic_1BT,2192345,868271780222133,80
basic_1BT,2169938,868271782454191,80
basic_1BT,2321667,868271784835416,80
basic_1BT,2211960,868271787110359,80
basic_1BT,2330973,868271789500716,80
basic_1BT,2127464,868271791690240,80
basic_1BT,2083703,868271793833546,80
basic_1BT,2195793,868271796091344,80
basic_1BT,2111688,868271798283775,80
basic_1BT,2063376,868271800406734,80
basic_1BT,2011555,868271802480644,80
basic_1BT,2463417,868271805002938,80
basic_1BT,2730900,868271807798097,80
basic_1BT,2966284,868271810823553,80
basic_1BT,2975394,868271813860631,80
basic_1BT,2589841,868271816512190,80
basic_1BT,2085221,868271818660173,80
basic_1BT,2139187,868271820858778,80
basic_1BT,1948903,868271822869456,80
basic_1BT,2072863,868271825001105,80
basic_1BT,2167016,868271827230672,80
basic_1BT,2198454,868271829488315,80
basic_1BT,2256330,868271831806714,80
basic_1BT,2428615,868271834295159,80
basic_1BT,2064959,868271836422342,80
basic_1BT,2350148,868271838834194,80
basic_1BT,2213305,868271841106917,80
basic_1BT,2405046,868271843574359,80
basic_1BT,2276267,868271845909913,80
basic_1BT,2434679,868271848406342,80
basic_1BT,2170315,868271850639051,80
basic_1BT,2471656,868271853170507,80
basic_1BT,2390126,868271855622737,80
basic_1BT,2238804,868271857920598,80
basic_1BT,2307605,868271860290267,80
basic_1BT,2439521,868271862792173,80
basic_1BT,2208208,868271865059493,80
basic_1BT,2080420,868271867202424,80
basic_1BT,2207365,868271869469083,80
basic_1BT,2434981,868271871966123,80
basic_1BT,2388056,868271874444063,80
basic_1BT,2231837,868271876738035,80
basic_1BT,2489407,868271879290380,80
basic_1BT,2178027,868271881527846,80
basic_1BT,2381231,868271883971055,80
basic_1BT,2594632,868271886656785,80
basic_1BT,2469877,868271889189288,80
basic_1BT,2238572,868271891489785,80
basic_1BT,2206017,868271893755095,80
basic_1BT,2151370,868271895968670,80
basic_1BT,2126783,868271898185628,80
basic_1BT,2209741,868271900458812,80
basic_1BT,2084054,868271902605596,80
basic_1BT,1839293,868271904503952,80
basic_1BT,2228369,868271906794542,80
basic_1BT,2233461,868271909087316,80
basic_1BT,2189830,868271911339275,80
basic_1BT,2237962,868271913636601,80
basic_1BT,2349110,868271916047691,80
basic_1BT,2139582,868271918251819,80
basic_1BT,2205677,868271920516853,80
basic_1BT,2450331,868271923029400,80
basic_1BT,2238553,868271925327061,80
basic_1BT,2151566,868271927540370,80
basic_1BT,2721954,868271930321762,80
basic_1BT,2342090,868271932727164,80
basic_1BT,2427017,868271935216882,80
basic_1BT,2289567,868271937565552,80
basic_1BT,2250951,868271939878293,80
basic_1BT,2272688,868271942210444,80
basic_1BT,2676849,868271944949298,80
basic_1BT,2169011,868271947180749,80
basic_1BT,2187063,868271949427351,80
basic_1BT,2191168,868271951681170,80
basic_1BT,2182142,868271953922584,80
basic_1BT,2687559,868271956672613,80
basic_1BT,2140235,868271958875273,80
basic_1BT,2285758,868271961220004,80
basic_1BT,2343754,868271963626463,80
basic_1BT,2322960,868271966008636,80
basic_1BT,2307068,868271968377843,80
basic_1BT,2466153,868271970906212,80
basic_1BT,2461663,868271973427493,80
basic_1BT,2164139,868271975654119,80
basic_1BT,2500453,868271978213724,80
basic_1BT,2155550,868271980431329,80
basic_1BT,2202293,868271982695647,80
basic_1BT,2327370,868271985082350,80
basic_1BT,2301069,868271987445338,80
basic_1BT,2088329,868271989615231,80
basic_1BT,2199808,868271991876914,80
basic_1BT,2108485,868271994044847,80
basic_1BT,2366275,868271996473944,80
basic_1BT,2236754,868271998773690,80
basic_1BT,2326674,868272001160037,80
basic_1BT,2361419,868272003583235,80
basic_1BT,2420371,868272006062980,80
basic_1BT,2248907,868272008373626,80
basic_1BT,2196110,868272010631885,80
basic_1BT,2442959,868272013133802,80
basic_1BT,2360863,868272015557601,80
basic_1BT,2487477,868272018104392,80
basic_1BT,2180778,868272020347902,80
basic_1BT,2184002,868272022594514,80
basic_1BT,2166792,868272024820438,80
basic_1BT,2236107,868272027118845,80
basic_1BT,2297516,868272029475463,80
basic_1BT,2295360,868272031832643,80
basic_1BT,2392186,868272034284137,80
basic_1BT,2283478,868272036630791,80
basic_1BT,2133118,868272038825728,80
basic_1BT,2268277,868272041153770,80
basic_1BT,2164566,868272043380290,80
basic_1BT,2158131,868272045597554,80
basic_1BT,2094873,868272047754778,80
basic_1BT,2247289,868272050061309,80
basic_1BT,2144906,868272052268349,80
basic_1BT,2671932,868272055002271,80
basic_1BT,2769059,868272057830632,80
basic_1BT,2082796,868272059993118,80
basic_1BT,2093049,868272062177655,80
basic_1BT,2086960,868272064323693,80
basic_1BT,2186687,868272066572641,80
basic_1BT,2166581,868272068798284,80
basic_1BT,2691889,868272071552183,80
basic_1BT,2350835,868272073961970,80
basic_1BT,2124453,868272076148717,80
basic_1BT,2184487,868272078395094,80
basic_1BT,2214382,868272080668929,80
basic_1BT,2261055,868272082992365,80
basic_1BT,2184823,868272085236425,80
basic_1BT,2375072,868272087673015,80
basic_1BT,2099228,868272089831607,80
basic_1BT,2465166,868272092358952,80
basic_1BT,2482226,868272094903583,80
basic_1BT,2112746,868272097075336,80
basic_1BT,2230920,868272099369193,80
basic_1BT,2151691,868272101579585,80
basic_1BT,2067149,868272103708644,80
basic_1BT,2084354,868272105852061,80
basic_1BT,2054545,868272107969597,80
basic_1BT,2244246,868272110301392,80
basic_1BT,2217183,868272112580625,80
basic_1BT,2136976,868272114779100,80
basic_1BT,2176163,868272117014797,80
basic_1BT,2190922,868272119267838,80
basic_1BT,2428781,868272121755692,80
basic_1BT,2218316,868272124036493,80
basic_1BT,2182017,868272126284248,80
basic_1BT,2424427,868272128768138,80
basic_1BT,2257708,868272131087885,80
basic_1BT,2125204,868272133272432,80
basic_1BT,2161158,868272135496797,80
basic_1BT,2364326,868272137920417,80
basic_1BT,2180674,868272140163230,80
basic_1BT,2468072,868272142693247,80
basic_1BT,2086153,868272144838628,80
basic_1BT,2114103,868272147015663,80
basic_1BT,2204725,868272149279565,80
basic_1BT,2243073,868272151584783,80
basic_1BT,2376093,868272154020480,80
basic_1BT,2292920,868272156375044,80
basic_1BT,2233196,868272158670766,80
basic_1BT,2224902,868272160954574,80
basic_1BT,2513994,868272163531310,80
basic_1BT,2191333,868272165781685,80
basic_1BT,2120443,868272167964855,80
basic_1BT,2128211,868272170179973,80
basic_1BT,2069675,868272172311603,80
basic_1BT,2291276,868272174664682,80
basic_1BT,2449560,868272177173600,80
basic_1BT,2904604,868272180140971,80
basic_1BT,3037799,868272183241581,80
basic_1BT,2665236,868272185966547,80
basic_1BT,2106746,868272188136064,80
basic_1BT,2109543,868272190307396,80
basic_1BT,2316971,868272192683545,80
basic_1BT,2217464,868272194963415,80
basic_1BT,2271475,868272197294073,80
basic_1BT,2213800,868272199569907,80
basic_1BT,2511780,868272202141095,80
basic_1BT,2598672,868272204802494,80
basic_1BT,2139236,868272207003875,80
basic_1BT,2329615,868272209392177,80
basic_1BT,2162431,868272211617008,80
basic_1BT,2224269,868272213900110,80
basic_1BT,2125529,868272216087534,80
basic_1BT,2432385,868272218581697,80
basic_1BT,2190321,868272220830976,80
basic_1BT,2173516,868272223066637,80
basic_1BT,2786549,868272225911733,80
basic_1BT,2103694,868272228077647,80
basic_1BT,2446803,868272230587176,80
basic_1BT,2183951,868272232830284,80
basic_1BT,2151165,868272235043003,80
basic_1BT,2251193,868272237352987,80
basic_1BT,2303138,868272239718390,80
basic_1BT,2168686,868272241946164,80
basic_1BT,2324634,868272244332957,80
basic_1BT,2340666,868272246736334,80
basic_1BT,2441084,868272249236502,80
basic_1BT,2431818,868272251729853,80
basic_1BT,2483544,868272254272575,80
basic_1BT,2366651,868272256702023,80
basic_1BT,2234639,868272258999362,80
basic_1BT,2496188,868272261554653,80
basic_1BT,2129154,868272263746558,80
basic_1BT,2207460,868272266013352,80
basic_1BT,2095470,868272268171492,80
basic_1BT,2280481,868272270514529,80
basic_1BT,2361244,868272272934961,80
basic_1BT,2135303,868272275132594,80
basic_1BT,2242232,868272277434370,80
basic_1BT,2324654,868272279820852,80
basic_1BT,2191314,868272282071639,80
basic_1BT,2365399,868272284499418,80
basic_1BT,2198154,868272286759652,80
basic_1BT,2101484,868272288920514,80
basic_1BT,2174946,868272291157814,80
basic_1BT,2236629,868272293453340,80
basic_1BT,2169006,868272295684611,80
basic_1BT,2263116,868272298006418,80
basic_1BT,2463542,868272300532130,80
basic_1BT,2188496,868272302782446,80
basic_1BT,2793154,868272305634758,80
basic_1BT,3228073,868272308924980,80
basic_1BT,3249648,868272312236988,80
basic_1BT,3004442,868272315303951,80
basic_1BT,3041584,868272318405053,80
basic_1BT,2822994,868272321309602,80
basic_1BT,2478838,868272323850945,80
basic_1BT,2128115,868272326038234,80
basic_1BT,2100576,868272328201622,80
basic_1BT,2053617,868272330317640,80
basic_1BT,2141372,868272332518631,80
basic_1BT,2146894,868272334727519,80
basic_1BT,2234829,868272337021391,80
basic_1BT,2193885,868272339277240,80
basic_1BT,2076601,868272341413204,80
basic_1BT,2320755,868272343796164,80
basic_1BT,2618057,868272346473559,80
basic_1BT,2314425,868272348850128,80
basic_1BT,2250320,868272351163000,80
basic_1BT,2489558,868272353711981,80
basic_1BT,2057352,868272355830936,80
basic_1BT,2192496,868272358106184,80
basic_1BT,2218135,868272360386515,80
basic_1BT,2092257,868272362541258,80
basic_1BT,2316395,868272364916830,80
basic_1BT,2318961,868272367297404,80
basic_1BT,2207009,868272369563722,80
basic_1BT,2278547,868272371905866,80
basic_1BT,2285548,868272374250837,80
basic_1BT,2411862,868272376725029,80
basic_1BT,2131193,868272378918532,80
basic_1BT,1997451,868272380975447,80
basic_1BT,2177005,868272383214156,80
basic_1BT,2118985,868272385392514,80
basic_1BT,2207706,868272387663468,80
basic_1BT,2115888,868272389838553,80
basic_1BT,2165709,868272392066131,80
basic_1BT,2118403,868272394248182,80
basic_1BT,2161268,868272396468468,80
basic_1BT,2302017,868272398832403,80
basic_1BT,2475019,868272401366760,80
basic_1BT,2231627,868272403660868,80
basic_1BT,2440704,868272406160428,80
basic_1BT,2200730,868272408423459,80
basic_1BT,2247624,868272410733444,80
basic_1BT,2215454,868272413008457,80
basic_1BT,2228690,868272415300208,80
basic_1BT,2200489,868272417559891,80
basic_1BT,2065756,868272419688042,80
basic_1BT,2090689,868272421838190,80
basic_1BT,2093215,868272423993795,80
basic_1BT,2115326,868272426199186,80
basic_1BT,2117000,868272428375874,80
basic_1BT,2956786,868272431395161,80
basic_1BT,3037338,868272434491472,80
basic_1BT,2878348,868272437431714,80
basic_1BT,2495537,868272439990362,80
basic_1BT,2079392,868272442160161,80
basic_1BT,1941391,868272444160975,80
basic_1BT,1994249,868272446217875,80
basic_1BT,1949315,868272448225796,80
basic_1BT,2072506,868272450360914,80
basic_1BT,2147436,868272452568294,80
basic_1BT,2046340,868272454677261,80
basic_1BT,2149265,868272456885262,80
basic_1BT,2129024,868272459077172,80
basic_1BT,2151871,868272461288332,80
basic_1BT,2021733,868272463372476,80
basic_1BT,2156778,868272465588211,80
basic_1BT,2175246,868272467825786,80
basic_1BT,2691834,868272470576954,80
basic_1BT,2174494,868272472813958,80
basic_1BT,2103147,868272474980098,80
basic_1BT,2164385,868272477203991,80
basic_1BT,2069976,868272479335811,80
basic_1BT,2071229,868272481466363,80
basic_1BT,2124578,868272483653907,80
basic_1BT,2118774,868272485831994,80
basic_1BT,2357144,868272488252216,80
basic_1BT,2382267,868272490710154,80
basic_1BT,2370410,868272493139607,80
basic_1BT,2007906,868272495209979,80
basic_1BT,2090268,868272497359730,80
basic_1BT,2230605,868272499653242,80
basic_1BT,2092593,868272501804817,80
basic_1BT,2192260,868272504059027,80
basic_1BT,2364953,868272506487773,80
basic_1BT,2140495,868272508687215,80
basic_1BT,2165758,868272510915940,80
basic_1BT,2047158,868272513022937,80
basic_1BT,2038538,868272515124371,80
basic_1BT,2127700,868272517311880,80
basic_1BT,2121004,868272519494684,80
basic_1BT,2062763,868272521616600,80
basic_1BT,2039720,868272523718570,80
basic_1BT,2135684,868272525913682,80
basic_1BT,2448041,868272528423848,80
basic_1BT,2183935,868272530669904,80
basic_1BT,2402650,868272533131321,80
basic_1BT,2403137,868272535597193,80
basic_1BT,2107643,868272537764381,80
basic_1BT,2243725,868272540070627,80
basic_1BT,2160170,868272542294606,80
basic_1BT,2166415,868272544520564,80
basic_1BT,2331836,868272546915577,80
basic_1BT,2371814,868272549346523,80
basic_1BT,2492535,868272551901523,80
basic_1BT,2294654,868272554255891,80
basic_1BT,2583907,868272556902345,80
basic_1BT,2284450,868272559248989,80
basic_1BT,2050710,868272561358883,80
basic_1BT,2109167,868272563530530,80
basic_1BT,2217379,868272565807819,80
basic_1BT,2288700,868272568159570,80
basic_1BT,2305479,868272570528237,80
basic_1BT,2112380,868272572700796,80
basic_1BT,2158908,868272574946125,80
basic_1BT,2118804,868272577123806,80
basic_1BT,2163369,868272579349274,80
basic_1BT,2050711,868272581459348,80
basic_1BT,2143041,868272583664473,80
basic_1BT,2123831,868272585847567,80
basic_1BT,2181596,868272588091584,80
basic_1BT,2179851,868272590335028,80
basic_1BT,2170238,868272592564615,80
basic_1BT,2415009,868272595042466,80
basic_1BT,2137102,868272597239151,80
basic_1BT,2169683,868272599471229,80
basic_1BT,2116459,868272601647397,80
basic_1BT,2240262,868272603950035,80
basic_1BT,2089366,868272606125712,80
basic_1BT,1841223,868272608029275,80
basic_1BT,2166661,868272610262069,80
basic_1BT,2275860,868272612597383,80
basic_1BT,2125760,868272614785609,80
basic_1BT,2213215,868272617058086,80
basic_1BT,2361464,868272619481755,80
basic_1BT,2193389,868272621734311,80
basic_1BT,2200710,868272623996966,80
basic_1BT,2082750,868272626173755,80
basic_1BT,2042196,868272628275288,80
basic_1BT,2165082,868272630502946,80
basic_1BT,2198445,868272632761271,80
basic_1BT,2207982,868272635031719,80
basic_1BT,2143262,868272637236438,80
basic_1BT,2123590,868272639422288,80
basic_1BT,2105598,868272641588137,80
basic_1BT,2157149,868272643807410,80
basic_1BT,2312621,868272646179640,80
basic_1BT,1982703,868272648224136,80
basic_1BT,2014496,868272650300291,80
basic_1BT,2077838,868272652437814,80
basic_1BT,2000645,868272654500723,80
basic_1BT,1992530,868272656552156,80
basic_1BT,2146944,868272658762062,80
basic_1BT,2739118,868272661560103,80
basic_1BT,2149281,868272663772159,80
basic_1BT,2216698,868272666048661,80
basic_1BT,2216612,868272668327874,80
basic_1BT,2473711,868272670863970,80
basic_1BT,2125124,868272673048497,80
basic_1BT,2206153,868272675316910,80
basic_1BT,2239415,868272677615618,80
basic_1BT,2677019,868272680354587,80
basic_1BT,2305860,868272682723469,80
basic_1BT,2359796,868272685142668,80
basic_1BT,2177757,868272687382905,80
basic_1BT,2127269,868272689569733,80
basic_1BT,2213801,868272691845477,80
basic_1BT,2245965,868272694150320,80
basic_1BT,2354428,868272696567103,80
basic_1BT,2310095,868272698939207,80
basic_1BT,2583336,868272701581952,80
basic_1BT,2090469,868272703734695,80
basic_1BT,2699161,868272706493224,80
basic_1BT,2137453,868272708693152,80
basic_1BT,2387410,868272711142927,80
basic_1BT,2182082,868272713407100,80
basic_1BT,2162055,868272715631731,80
basic_1BT,2146885,868272717838240,80
basic_1BT,2402966,868272720303250,80
basic_1BT,2161279,868272722526919,80
basic_1BT,2224476,868272724810848,80
basic_1BT,1988550,868272726862491,80
basic_1BT,2115642,868272729038057,80
basic_1BT,2564693,868272731665135,80
basic_1BT,2200093,868272733924818,80
basic_1BT,2155114,868272736142447,80
basic_1BT,2218341,868272738422688,80
basic_1BT,2145121,868272740627121,80
basic_1BT,2118739,868272742808531,80
basic_1BT,2198024,868272745066349,80
basic_1BT,2157525,868272747286374,80
basic_1BT,2364492,868272749710174,80
basic_1BT,2283157,868272752056147,80
basic_1BT,2686361,868272754806392,80
basic_1BT,2127414,868272756992945,80
basic_1BT,2148629,868272759203372,80
basic_1BT,2695693,868272761959004,80
basic_1BT,2134521,868272764156356,80
basic_1BT,2218146,868272766437293,80
basic_1BT,2271094,868272768767569,80
basic_1BT,2145387,868272770974840,80
basic_1BT,2202650,868272773236908,80
basic_1BT,2149110,868272775448177,80
basic_1BT,2228691,868272777736296,80
basic_1BT,2477535,868272780277158,80
basic_1BT,2408489,868272782748233,80
basic_1BT,2472097,868272785279674,80
basic_1BT,2124974,868272787466962,80
basic_1BT,2136400,868272789662731,80
basic_1BT,1966159,868272791690904,80
basic_1BT,2109116,868272793859214,80
basic_1BT,2207145,868272796128243,80
basic_1BT,2226325,868272798417604,80
basic_1BT,2372264,868272800849117,80
basic_1BT,2153776,868272803065513,80
basic_1BT,3098250,868272806223031,80
basic_1BT,2635954,868272808921160,80
basic_1BT,2340345,868272811323409,80
basic_1BT,2177847,868272813560529,80
basic_1BT,2336316,868272815959727,80
basic_1BT,2106872,868272818153220,80
basic_1BT,2249303,868272820466031,80
basic_1BT,2205351,868272822733782,80
basic_1BT,2382333,868272825175158,80
basic_1BT,2186667,868272827423939,80
basic_1BT,2202764,868272829704350,80
basic_1BT,2119115,868272831885830,80
basic_1BT,2502929,868272834448043,80
basic_1BT,2129705,868272836639737,80
basic_1BT,2138255,868272838840246,80
basic_1BT,2140960,868272841039989,80
basic_1BT,2198781,868272843301816,80
basic_1BT,2307679,868272845669069,80
basic_1BT,2726279,868272848458415,80
basic_1BT,2255372,868272850775812,80
basic_1BT,2396506,868272853231681,80
basic_1BT,2189805,868272855484001,80
basic_1BT,2144419,868272857688365,80
basic_1BT,2099680,868272859851638,80
basic_1BT,2117867,868272862028929,80
basic_1BT,2041113,868272864140240,80
basic_1BT,2097410,868272866302140,80
basic_1BT,2151395,868272868514688,80
basic_1BT,2125836,868272870705735,80
basic_1BT,2309919,868272873077122,80
basic_1BT,2217996,868272875359222,80
basic_1BT,2459543,868272877880699,80
basic_1BT,2256098,868272880201534,80
basic_1BT,2168711,868272882434695,80
basic_1BT,2073474,868272884569637,80
basic_1BT,2043304,868272886676844,80
basic_1BT,2155540,868272888893336,80
basic_1BT,2251288,868272891208768,80
basic_1BT,2063185,868272893332774,80
basic_1BT,2206444,868272895603773,80
basic_1BT,2180894,868272897846737,80
basic_1BT,2372866,868272900283877,80
basic_1BT,2125189,868272902472905,80
basic_1BT,2187184,868272904721236,80
basic_1BT,2230991,868272907016797,80
basic_1BT,2466449,868272909544364,80
basic_1BT,2735244,868272912344099,80
basic_1BT,2423749,868272914832539,80
basic_1BT,2346244,868272917240001,80
basic_1BT,2114860,868272919418970,80
basic_1BT,2119977,868272921600310,80
basic_1BT,2124844,868272923789112,80
basic_1BT,2250205,868272926100304,80
basic_1BT,2121140,868272928286064,80
basic_1BT,3025747,868272931376131,80
basic_1BT,2985633,868272934423101,80
basic_1BT,2606891,868272937093781,80
basic_1BT,2311794,868272939469754,80
basic_1BT,2065701,868272941596121,80
basic_1BT,2138876,868272943799212,80
basic_1BT,2460942,868272946321651,80
basic_1BT,2294238,868272948680304,80
basic_1BT,2170635,868272950914833,80
basic_1BT,2298097,868272953274062,80
basic_1BT,2249910,868272955587108,80
basic_1BT,2170475,868272957819106,80
basic_1BT,2049893,868272959933500,80
basic_1BT,2359755,868272962353912,80
basic_1BT,2156592,868272964575065,80
basic_1BT,2192381,868272966832688,80
basic_1BT,2065540,868272968959370,80
basic_1BT,2054700,868272971078214,80
basic_1BT,2144640,868272973284337,80
basic_1BT,2316335,868272975665006,80
basic_1BT,2143467,868272977869735,80
basic_1BT,2185555,868272980120552,80
basic_1BT,2292915,868272982477742,80
basic_1BT,2260464,868272984799033,80
basic_1BT,2220611,868272987083278,80
basic_1BT,2396461,868272989541056,80
basic_1BT,2327074,868272991932551,80
basic_1BT,2177306,868272994171370,80
basic_1BT,2264905,868272996501236,80
basic_1BT,2200499,868272998765503,80
basic_1BT,2419855,868273001246195,80
basic_1BT,2470383,868273003780162,80
basic_1BT,2333003,868273006173996,80
basic_1BT,2360231,868273008599559,80
basic_1BT,2240498,868273010905184,80
basic_1BT,2101945,868273013068121,80
basic_1BT,2088157,868273015220644,80
basic_1BT,2020395,868273017302858,80
basic_1BT,2121326,868273019488137,80
basic_1BT,2100121,868273021649486,80
basic_1BT,1925043,868273023638754,80
basic_1BT,2135077,868273025834813,80
basic_1BT,2279784,868273028179488,80
basic_1BT,2218131,868273030461858,80
basic_1BT,2135688,868273032658795,80
basic_1BT,2115927,868273034839648,80
basic_1BT,2164009,868273037064870,80
basic_1BT,2118313,868273039247518,80
basic_1BT,2039971,868273041348727,80
basic_1BT,2517337,868273043930078,80
basic_1BT,2337264,868273046328569,80
basic_1BT,2479860,868273048871782,80
basic_1BT,2148127,868273051083758,80
basic_1BT,2252345,868273053398007,80
basic_1BT,2586394,868273056047783,80
basic_1BT,2102576,868273058216519,80
basic_1BT,2022325,868273060299970,80
basic_1BT,2075208,868273062439914,80
basic_1BT,1982737,868273064484030,80
basic_1BT,2108285,868273066656443,80
basic_1BT,2156597,868273068874243,80
basic_1BT,2165879,868273071103876,80
basic_1BT,2128021,868273073315842,80
basic_1BT,2413296,868273075792966,80
basic_1BT,2218597,868273078072635,80
basic_1BT,2781272,868273080918452,80
basic_1BT,2129955,868273083112351,80
basic_1BT,2482456,868273085669291,80
basic_1BT,2404595,868273088136416,80
basic_1BT,2141582,868273090340605,80
basic_1BT,2186547,868273092586881,80
basic_1BT,2253357,868273094902930,80
basic_1BT,2379250,868273097341243,80
basic_1BT,2299575,868273099702828,80
basic_1BT,2237351,868273101999050,80
basic_1BT,2051067,868273104111981,80
basic_1BT,2105493,868273106280090,80
basic_1BT,2370746,868273108709994,80
basic_1BT,2501771,868273111275097,80
basic_1BT,2237305,868273113571581,80
basic_1BT,2110996,868273115745618,80
basic_1BT,2463853,868273118268739,80
basic_1BT,2219694,868273120550629,80
basic_1BT,2441425,868273123053592,80
basic_1BT,2305874,868273125418685,80
basic_1BT,2413982,868273127895273,80
basic_1BT,2194952,868273130149432,80
basic_1BT,2087812,868273132299820,80
basic_1BT,2059135,868273134421120,80
basic_1BT,2069610,868273136550554,80
basic_1BT,2138676,868273138751725,80
basic_1BT,2150147,868273140961101,80
basic_1BT,2243941,868273143267346,80
basic_1BT,2216787,868273145543828,80
basic_1BT,2241490,868273147847753,80
basic_1BT,2435667,868273150343065,80
basic_1BT,2319301,868273152724867,80
basic_1BT,2114013,868273154901896,80
basic_1BT,2421199,868273157382182,80
basic_1BT,2075067,868273159519475,80
basic_1BT,2141482,868273161720892,80
basic_1BT,2273169,868273164055789,80
basic_1BT,2462740,868273166582188,80
basic_1BT,2217795,868273168859671,80
basic_1BT,2296158,868273171218244,80
basic_1BT,2266879,868273173544877,80
basic_1BT,1987629,868273175696227,80
basic_1BT,2555246,868273178397984,80
basic_1BT,2686226,868273181188303,80
basic_1BT,2047904,868273183301765,80
basic_1BT,2240157,868273185600570,80
basic_1BT,2164045,868273187797755,80
basic_1BT,2197802,868273190023630,80
basic_1BT,1423517,868273191477164,80
basic_1BT,1763355,868273193299185,80
basic_1BT,2250849,868273195579777,80
basic_1BT,1380993,868273197019811,80
basic_1BT,1396083,868273198456762,80
basic_1BT,1773848,868273200269553,80
basic_1BT,1416986,868273201722717,80
basic_1BT,1348235,868273203119714,80
basic_1BT,1405467,868273204564435,80
basic_1BT,1320324,868273205925575,80
basic_1BT,1577818,868273207543403,80
basic_1BT,1931420,868273209514585,80
basic_1BT,2025487,868273211591035,80
basic_1BT,2014381,868273213654691,80
basic_1BT,2394897,868273216105747,80
basic_1BT,2264961,868273218422524,80
basic_1BT,1761227,868273220237537,80
basic_1BT,2011279,868273222299443,80
basic_1BT,2018095,868273224395860,80
basic_1BT,1879187,868273226347976,80
basic_1BT,1767166,868273228165910,80
basic_1BT,1810741,868273230028372,80
basic_1BT,1534949,868273231611654,80
basic_1BT,1483049,868273233155755,80
basic_1BT,1528330,868273234735183,80
basic_1BT,1469147,868273236252672,80
basic_1BT,1893118,868273238217728,80
basic_1BT,1686994,868273239967854,80
basic_1BT,1899624,868273241958775,80
basic_1BT,1802322,868273243824977,80
basic_1BT,1732840,868273245606827,80
basic_1BT,2183455,868273247848928,80
basic_1BT,1822025,868273249717464,80
basic_1BT,1668044,868273251427823,80
basic_1BT,1841402,868273253310356,80
basic_1BT,1898817,868273255259536,80
basic_1BT,1960205,868273257265843,80
basic_1BT,1966008,868273259283893,80
basic_1BT,2113442,868273261451566,80
basic_1BT,1964805,868273263465531,80
basic_1BT,2042487,868273265554681,80
basic_1BT,2294012,868273267898379,80
basic_1BT,2129034,868273270074321,80
basic_1BT,2100562,868273272226940,80
basic_1BT,2283423,868273274564784,80
basic_1BT,2180197,868273276793405,80
basic_1BT,2071694,868273278914609,80
basic_1BT,2121149,868273281094410,80
basic_1BT,2192025,868273283336447,80
basic_1BT,2194611,868273285594701,80
basic_1BT,2183179,868273287831074,80
basic_1BT,2218191,868273290102393,80
basic_1BT,2131133,868273292297009,80
basic_1BT,2002433,868273294368253,80
basic_1BT,2190220,868273296605593,80
basic_1BT,2215124,868273298884124,80
basic_1BT,2104551,868273301047959,80
basic_1BT,2084089,868273303195144,80
basic_1BT,2689583,868273305944512,80
basic_1BT,2353556,868273308360714,80
basic_1BT,2109979,868273310532842,80
basic_1BT,2130386,868273312723314,80
basic_1BT,2225487,868273315012700,80
basic_1BT,2186356,868273317258941,80
basic_1BT,1857240,868273319205970,80
basic_1BT,2124467,868273321390523,80
basic_1BT,1892868,868273323346768,80
basic_1BT,1887064,868273325306793,80
basic_1BT,1842010,868273327211669,80
basic_1BT,1884704,868273329155992,80
basic_1BT,1827987,868273331046405,80
basic_1BT,1878916,868273332985766,80
basic_1BT,1731422,868273334780781,80
basic_1BT,2495671,868273337336463,80
basic_1BT,1850289,868273339269946,80
basic_1BT,2007165,868273341336799,80
basic_1BT,1996213,868273343396240,80
basic_1BT,1973261,868273345428147,80
basic_1BT,1928441,868273347418136,80
basic_1BT,2030679,868273349508274,80
basic_1BT,1715785,868273351286079,80
basic_1BT,1744403,868273353090170,80
basic_1BT,2427859,868273355584179,80
basic_1BT,1985995,868273357630620,80
basic_1BT,1908394,868273359601059,80
basic_1BT,2035335,868273361696829,80
basic_1BT,2053262,868273363812641,80
basic_1BT,2151325,868273366024547,80
basic_1BT,2368416,868273368454857,80
basic_1BT,2152688,868273370670376,80
basic_1BT,2372530,868273373102135,80
basic_1BT,2262398,868273375428693,80
basic_1BT,2393905,868273377881986,80
basic_1BT,2206087,868273380151220,80
basic_1BT,2165974,868273382380362,80
basic_1BT,1935668,868273384375223,80
basic_1BT,2177411,868273386615350,80
basic_1BT,2246401,868273388921586,80
basic_1BT,2575527,868273391560070,80
basic_1BT,2343543,868273393963312,80
basic_1BT,2181145,868273396206666,80
basic_1BT,2383360,868273398652772,80
basic_1BT,2416232,868273401128473,80
basic_1BT,2362683,868273403554723,80
basic_1BT,2341282,868273405955619,80
basic_1BT,2099008,868273408140918,80
basic_1BT,2161700,868273410366351,80
basic_1BT,2133865,868273412559243,80
basic_1BT,2165634,868273414788199,80
basic_1BT,2091606,868273416939434,80
basic_1BT,2194465,868273419196174,80
basic_1BT,2372079,868273421627842,80
basic_1BT,2121211,868273423811157,80
basic_1BT,2267520,868273426138537,80
basic_1BT,2396591,868273428597739,80
basic_1BT,2672414,868273431332658,80
basic_1BT,2538020,868273433930383,80
basic_1BT,2575017,868273436568001,80
basic_1BT,2838209,868273439469512,80
basic_1BT,2583617,868273442112858,80
basic_1BT,2589531,868273444764514,80
basic_1BT,2563555,868273447390208,80
basic_1BT,2782093,868273450231961,80
basic_1BT,2539625,868273452835233,80
basic_1BT,2877607,868273455775631,80
basic_1BT,2875722,868273458710661,80
basic_1BT,2427974,868273461201637,80
basic_1BT,2070432,868273463334605,80
basic_1BT,2064213,868273465458105,80
basic_1BT,2515433,868273468036339,80
basic_1BT,2009139,868273470110785,80
basic_1BT,2143216,868273472313374,80
basic_1BT,2314190,868273474689463,80
basic_1BT,2180518,868273476929861,80
basic_1BT,2278536,868273479270256,80
basic_1BT,2279479,868273481608997,80
basic_1BT,2173853,868273483845736,80
basic_1BT,2731216,868273486636751,80
basic_1BT,2477991,868273489177112,80
basic_1BT,2292624,868273491532091,80
basic_1BT,2264217,868273493855848,80
basic_1BT,2207326,868273496125649,80
basic_1BT,2480487,868273498668526,80
basic_1BT,2133013,868273500860581,80
basic_1BT,2079077,868273503001998,80
basic_1BT,2105769,868273505167601,80
basic_1BT,2245339,868273507475351,80
basic_1BT,2145071,868273509679724,80
basic_1BT,2090829,868273511832788,80
basic_1BT,2438805,868273514331091,80
basic_1BT,2224576,868273516618223,80
basic_1BT,2185800,868273518866082,80
basic_1BT,2413976,868273521339618,80
basic_1BT,2379712,868273523781109,80
basic_1BT,2201867,868273526042460,80
basic_1BT,2053181,868273528158653,80
basic_1BT,2608760,868273530830335,80
basic_1BT,2349868,868273533239861,80
basic_1BT,2430590,868273535732657,80
basic_1BT,2446703,868273538238452,80
basic_1BT,2335062,868273540635785,80
basic_1BT,2367348,868273543065508,80
basic_1BT,2297371,868273545422302,80
basic_1BT,2138866,868273547623628,80
basic_1BT,2211930,868273549894662,80
basic_1BT,2144640,868273552101742,80
basic_1BT,2154462,868273554320159,80
basic_1BT,2153305,868273556532756,80
basic_1BT,2471761,868273559067083,80
basic_1BT,2289417,868273561415973,80
basic_1BT,2438434,868273563917008,80
basic_1BT,2442198,868273566418423,80
basic_1BT,2598416,868273569079862,80
basic_1BT,2163924,868273571306126,80
basic_1BT,2165808,868273573531804,80
basic_1BT,2081397,868273575693719,80
basic_1BT,2088373,868273577841490,80
basic_1BT,2217128,868273580120177,80
basic_1BT,2137148,868273582320100,80
basic_1BT,2199643,868273584578725,80
basic_1BT,2419275,868273587060079,80
basic_1BT,2173988,868273589294117,80
basic_1BT,2159909,868273591516768,80
basic_1BT,2079368,868273593655413,80
basic_1BT,2119010,868273595836713,80
basic_1BT,2194475,868273598090542,80
basic_1BT,2126021,868273600278868,80
basic_1BT,2447219,868273602789084,80
basic_1BT,2208764,868273605057386,80
basic_1BT,2103660,868273607224002,80
basic_1BT,2517007,868273609800041,80
basic_1BT,2182056,868273612044829,80
basic_1BT,2354929,868273614464348,80
basic_1BT,2417705,868273616941783,80
basic_1BT,2117431,868273619121774,80
basic_1BT,2164731,868273621346074,80
basic_1BT,2191699,868273623600023,80
basic_1BT,2752911,868273626412584,80
basic_1BT,2396280,868273628871245,80
basic_1BT,2144900,868273631078615,80
basic_1BT,2173571,868273633311495,80
basic_1BT,2380424,868273635754584,80
basic_1BT,2285072,868273638099290,80
basic_1BT,2239575,868273640401582,80
basic_1BT,2446537,868273642910249,80
basic_1BT,2133688,868273645103336,80
basic_1BT,2119025,868273647285252,80
basic_1BT,2156948,868273649514770,80
basic_1BT,2182683,868273651760163,80
basic_1BT,2678112,868273654497624,80
basic_1BT,2123044,868273656683159,80
basic_1BT,2097806,868273658843820,80
basic_1BT,2161934,868273661065018,80
basic_1BT,2210984,868273663337821,80
basic_1BT,2256300,868273665653434,80
basic_1BT,2140425,868273667856283,80
basic_1BT,2151621,868273670067438,80
basic_1BT,2090714,868273672220372,80
basic_1BT,2716105,868273675007783,80
basic_1BT,2276030,868273677343232,80
basic_1BT,2550750,868273679956839,80
basic_1BT,2903797,868273682950665,80
basic_1BT,2143807,868273685156307,80
basic_1BT,2546059,868273687764326,80
basic_1BT,2087056,868273689910694,80
basic_1BT,2321962,868273692295203,80
basic_1BT,2114459,868273694473169,80
basic_1BT,2134600,868273696666903,80
basic_1BT,2192942,868273698921694,80
basic_1BT,2157369,868273701138426,80
basic_1BT,2250787,868273703451653,80
basic_1BT,2324975,868273705835766,80
basic_1BT,2431473,868273708329909,80
basic_1BT,2376686,868273710768739,80
basic_1BT,2787933,868273713615774,80
basic_1BT,2076265,868273715754149,80
basic_1BT,2225002,868273718038619,80
basic_1BT,2149075,868273720249308,80
basic_1BT,2266478,868273722579133,80
basic_1BT,2591034,868273725229540,80
basic_1BT,2231457,868273727523267,80
basic_1BT,2127690,868273729710331,80
basic_1BT,2128256,868273731901623,80
basic_1BT,2286254,868273734247081,80
basic_1BT,2136120,868273736445240,80
basic_1BT,2559861,868273739066970,80
basic_1BT,2222204,868273741348714,80
basic_1BT,2581929,868273743992942,80
basic_1BT,2355175,868273746437359,80
basic_1BT,2292183,868273748789291,80
basic_1BT,2153947,868273751006249,80
basic_1BT,2173963,868273753239561,80
basic_1BT,2213896,868273755515636,80
basic_1BT,2190586,868273757765822,80
basic_1BT,2291847,868273760120310,80
basic_1BT,2401778,868273762584504,80
basic_1BT,2284666,868273764928563,80
basic_1BT,2141131,868273767132575,80
basic_1BT,2403627,868273769595886,80
basic_1BT,2216658,868273771874593,80
basic_1BT,2266343,868273774200184,80
basic_1BT,2129634,868273776414706,80
basic_1BT,2171317,868273778648553,80
basic_1BT,2128412,868273780836609,80
basic_1BT,2111598,868273783010386,80
basic_1BT,2377386,868273785447517,80
basic_1BT,2350304,868273787860561,80
basic_1BT,2418933,868273790338643,80
basic_1BT,2378183,868273792779247,80
basic_1BT,2269475,868273795110956,80
basic_1BT,2104942,868273797275537,80
basic_1BT,2131123,868273799469898,80
basic_1BT,2153961,868273801685162,80
basic_1BT,2190015,868273803938143,80
basic_1BT,2909426,868273806907223,80
basic_1BT,2157550,868273809127148,80
basic_1BT,2157318,868273811347203,80
basic_1BT,2153535,868273813560226,80
basic_1BT,2228440,868273815851332,80
basic_1BT,2431963,868273818342618,80
basic_1BT,2223337,868273820628572,80
basic_1BT,2130251,868273822820968,80
basic_1BT,2200129,868273825080345,80
basic_1BT,2182588,868273827325273,80
basic_1BT,2218075,868273829602692,80
basic_1BT,2169958,868273831835256,80
basic_1BT,2201988,868273834114073,80
basic_1BT,2348835,868273836524932,80
basic_1BT,2175756,868273838763726,80
basic_1BT,2199888,868273841022937,80
basic_1BT,2525151,868273843610428,80
basic_1BT,2198440,868273845868361,80
basic_1BT,2149335,868273848079821,80
basic_1BT,2221062,868273850362753,80
basic_1BT,2194064,868273852615780,80
basic_1BT,2133955,868273854812480,80
basic_1BT,2212928,868273857084837,80
basic_1BT,2362152,868273859509704,80
basic_1BT,2583838,868273862153090,80
basic_1BT,2138094,868273864353049,80
basic_1BT,2130060,868273866545585,80
basic_1BT,2202133,868273868806966,80
basic_1BT,2039009,868273870908630,80
basic_1BT,2232059,868273873199706,80
basic_1BT,2690029,868273875952496,80
basic_1BT,2287688,868273878325458,80
basic_1BT,2383211,868273880771394,80
basic_1BT,2254665,868273883088725,80
basic_1BT,2150989,868273885299474,80
basic_1BT,2067976,868273887429098,80
basic_1BT,2070898,868273889559370,80
basic_1BT,2166701,868273891788255,80
basic_1BT,2404765,868273894252449,80
basic_1BT,2331720,868273896645993,80
basic_1BT,2197568,868273898905956,80
basic_1BT,2276251,868273901241535,80
basic_1BT,2208739,868273903512338,80
basic_1BT,2361144,868273905932479,80
basic_1BT,2131950,868273908126960,80
basic_1BT,2016912,868273910206769,80
basic_1BT,2324288,868273912590510,80
basic_1BT,2062583,868273914715037,80
basic_1BT,2165698,868273916940004,80
basic_1BT,2234444,868273919235745,80
basic_1BT,2186537,868273921481034,80
basic_1BT,2215113,868273923758854,80
basic_1BT,2231542,868273926049789,80
basic_1BT,2260068,868273928372649,80
basic_1BT,3000522,868273931435586,80
basic_1BT,3120056,868273934615306,80
basic_1BT,2661508,868273937339054,80
basic_1BT,2065500,868273939466339,80
basic_1BT,2164941,868273941690734,80
basic_1BT,2098702,868273943851931,80
basic_1BT,2119230,868273946030325,80
basic_1BT,2192116,868273948284780,80
basic_1BT,2354714,868273950701754,80
basic_1BT,2188557,868273952950070,80
basic_1BT,2097750,868273955110561,80
basic_1BT,2264423,868273957434207,80
basic_1BT,2282306,868273959778913,80
basic_1BT,2351887,868273962190354,80
basic_1BT,2313738,868273964567003,80
basic_1BT,2196415,868273966826535,80
basic_1BT,2210608,868273969096246,80
basic_1BT,2412339,868273971571040,80
basic_1BT,2448127,868273974078334,80
basic_1BT,2133739,868273976274473,80
basic_1BT,2096462,868273978433056,80
basic_1BT,2048150,868273980540709,80
basic_1BT,2115797,868273982718846,80
basic_1BT,2166325,868273984944569,80
basic_1BT,2356970,868273987363172,80
basic_1BT,2185239,868273989608230,80
basic_1BT,2154582,868273991825048,80
basic_1BT,2415390,868273994300022,80
basic_1BT,2232474,868273996594505,80
basic_1BT,2355550,868273999012261,80
basic_1BT,2148227,868274001219536,80
basic_1BT,2237130,868274003519352,80
basic_1BT,2319973,868274005898207,80
basic_1BT,2187704,868274008148772,80
basic_1BT,2109673,868274010321788,80
basic_1BT,2160171,868274012541267,80
basic_1BT,2686922,868274015290204,80
basic_1BT,2291346,868274017641209,80
basic_1BT,2663393,868274020367748,80
basic_1BT,2215163,868274022645142,80
basic_1BT,2208153,868274024913374,80
basic_1BT,2129635,868274027104923,80
basic_1BT,2185104,868274029349646,80
basic_1BT,2227738,868274031639318,80
basic_1BT,2278982,868274033977227,80
basic_1BT,2146243,868274036185505,80
basic_1BT,2206870,868274038454639,80
basic_1BT,2260254,868274040774913,80
basic_1BT,2237906,868274043075079,80
basic_1BT,2227016,868274045361729,80
basic_1BT,2136671,868274047560610,80
basic_1BT,2243155,868274049863664,80
basic_1BT,2231783,868274052157902,80
basic_1BT,2118599,868274054338675,80
basic_1BT,2798417,868274057196561,80
basic_1BT,3173651,868274060432848,80
basic_1BT,2589075,868274063083761,80
basic_1BT,2106626,868274065249681,80
basic_1BT,1986511,868274067298572,80
basic_1BT,2047799,868274069397660,80
basic_1BT,2164922,868274071624737,80
basic_1BT,2119095,868274073803005,80
basic_1BT,2117531,868274075983602,80
basic_1BT,2165403,868274078236925,80
basic_1BT,2179877,868274080479483,80
basic_1BT,2123921,868274082665859,80
basic_1BT,2002468,868274084727751,80
basic_1BT,2021799,868274086811734,80
basic_1BT,2228109,868274089117449,80
basic_1BT,2055256,868274091234238,80
basic_1BT,2188396,868274093482414,80
basic_1BT,2194185,868274095738839,80
basic_1BT,2413331,868274098211482,80
basic_1BT,2126041,868274100400099,80
basic_1BT,2349391,868274102811525,80
basic_1BT,2383125,868274105254343,80
basic_1BT,2329044,868274107645232,80
basic_1BT,2056880,868274109761270,80
basic_1BT,2040732,868274111864884,80
basic_1BT,2231516,868274114155418,80
basic_1BT,2082249,868274116301385,80
basic_1BT,2622558,868274118986443,80
basic_1BT,2079338,868274121125139,80
basic_1BT,2201311,868274123389387,80
basic_1BT,2286069,868274125734553,80
basic_1BT,2714436,868274128511250,80
basic_1BT,2098252,868274130672047,80
basic_1BT,2176454,868274132907884,80
basic_1BT,2169783,868274135139626,80
basic_1BT,2296167,868274137517474,80
basic_1BT,2237521,868274139817144,80
basic_1BT,2520625,868274142397543,80
basic_1BT,2168946,868274144628734,80
basic_1BT,2206604,868274146898696,80
basic_1BT,2194506,868274149152384,80
basic_1BT,2423915,868274151638880,80
basic_1BT,2112339,868274153810452,80
basic_1BT,2184778,868274156057881,80
basic_1BT,2068061,868274158189180,80
basic_1BT,2128382,868274160377281,80
basic_1BT,2424356,868274162863475,80
basic_1BT,2160246,868274165082913,80
basic_1BT,2226831,868274167371934,80
basic_1BT,2199382,868274169630900,80
basic_1BT,2068016,868274171761336,80
basic_1BT,2409747,868274174230627,80
basic_1BT,2084846,868274176377928,80
basic_1BT,2309673,868274178750739,80
basic_1BT,3149500,868274181959591,80
basic_1BT,2180764,868274184203382,80
basic_1BT,2195914,868274186461891,80
basic_1BT,2171051,868274188692436,80
basic_1BT,2192020,868274190947798,80
basic_1BT,2250957,868274193258224,80
basic_1BT,2376254,868274195697525,80
basic_1BT,2294333,868274198051351,80
basic_1BT,2241600,868274200355898,80
basic_1BT,2355696,868274202774561,80
basic_1BT,2321882,868274205156052,80
basic_1BT,2649264,868274207867456,80
basic_1BT,2224906,868274210151736,80
basic_1BT,2161905,868274212376452,80
basic_1BT,2181380,868274214620808,80
basic_1BT,2121430,868274216801536,80
basic_1BT,2187028,868274219052013,80
basic_1BT,2123516,868274221234896,80
basic_1BT,2083196,868274223379817,80
basic_1BT,2485765,868274225925330,80
basic_1BT,2313026,868274228300666,80
basic_1BT,2407633,868274230770313,80
basic_1BT,2258069,868274233087991,80
basic_1BT,2498724,868274235648373,80
basic_1BT,2166445,868274237874402,80
basic_1BT,2149421,868274240085982,80
basic_1BT,2699406,868274242849047,80
basic_1BT,2115231,868274245023350,80
basic_1BT,2250210,868274247335961,80
basic_1BT,2459402,868274249854712,80
basic_1BT,2244342,868274252161775,80
basic_1BT,2302121,868274254888078,80
basic_1BT,2286645,868274257234387,80
basic_1BT,2210659,868274259507115,80
basic_1BT,2216071,868274261782540,80
basic_1BT,2290174,868274264134988,80
basic_1BT,2233972,868274266432087,80
basic_1BT,2248055,868274268739155,80
basic_1BT,2545634,868274271347043,80
basic_1BT,2168189,868274273574897,80
basic_1BT,2157669,868274275795784,80
basic_1BT,2331039,868274278186862,80
basic_1BT,2178609,868274280427541,80
basic_1BT,2209240,868274282699201,80
basic_1BT,2097094,868274284855652,80
basic_1BT,2277835,868274287196724,80
basic_1BT,2215144,868274289471442,80
basic_1BT,2204218,868274291738316,80
basic_1BT,2423279,868274294221078,80
basic_1BT,2330142,868274296613825,80
basic_1BT,2143231,868274298820113,80
basic_1BT,2446081,868274301325002,80
basic_1BT,2092653,868274303481033,80
basic_1BT,2705375,868274306246709,80
basic_1BT,2566156,868274308875606,80
basic_1BT,2812089,868274311750205,80
basic_1BT,2149300,868274313959450,80
basic_1BT,2119500,868274316142128,80
basic_1BT,2239691,868274318444510,80
basic_1BT,2132511,868274320636740,80
basic_1BT,2146734,868274322845384,80
basic_1BT,2226320,868274325131472,80
basic_1BT,2106687,868274327300664,80
basic_1BT,2353346,868274329713057,80
basic_1BT,2139693,868274331914434,80
basic_1BT,2248552,868274334222063,80
basic_1BT,2231291,868274336514907,80
basic_1BT,2204293,868274338780895,80
basic_1BT,2326723,868274341166580,80
basic_1BT,2473470,868274343701909,80
basic_1BT,2247178,868274346008130,80
basic_1BT,2158176,868274348246729,80
basic_1BT,2394807,868274350703735,80
basic_1BT,2217108,868274352979736,80
basic_1BT,2367243,868274355409329,80
basic_1BT,2169161,868274357637733,80
basic_1BT,2191323,868274359890745,80
basic_1BT,2513534,868274362463893,80
basic_1BT,2151395,868274364677799,80
basic_1BT,2170865,868274366911040,80
basic_1BT,2379135,868274369349634,80
basic_1BT,2071243,868274371482105,80
basic_1BT,2079958,868274373621532,80
basic_1BT,2377593,868274376061850,80
basic_1BT,2190727,868274378315985,80
basic_1BT,2521337,868274380896334,80
basic_1BT,2074742,868274383033270,80
basic_1BT,2359810,868274385452003,80
basic_1BT,2374835,868274387890026,80
basic_1BT,2184572,868274390134047,80
basic_1BT,2131168,868274392328051,80
basic_1BT,2108059,868274394498045,80
basic_1BT,2187515,868274396744892,80
basic_1BT,2153375,868274398960998,80
basic_1BT,2176148,868274401196840,80
basic_1BT,2121891,868274403380931,80
basic_1BT,2767404,868274406207097,80
basic_1BT,2245830,868274408515128,80
basic_1BT,2269300,868274410846683,80
basic_1BT,2198495,868274413103895,80
basic_1BT,2164059,868274415330459,80
basic_1BT,2399653,868274417790047,80
basic_1BT,2095645,868274419947507,80
basic_1BT,2215480,868274422250179,80
basic_1BT,2287022,868274424599606,80
basic_1BT,2210342,868274426872654,80
basic_1BT,2343082,868274429275164,80
basic_1BT,2974467,868274432312002,80
basic_1BT,2823821,868274435198544,80
basic_1BT,2828506,868274438086970,80
basic_1BT,1960721,868274440110122,80
basic_1BT,1974750,868274442148148,80
basic_1BT,2050756,868274444258708,80
basic_1BT,2281703,868274446602631,80
basic_1BT,1937512,868274448599552,80
basic_1BT,2456156,868274451117992,80
basic_1BT,2676508,868274453853763,80
basic_1BT,2180984,868274456097509,80
basic_1BT,2151640,868274458312011,80
basic_1BT,2201933,868274460573171,80
basic_1BT,2209917,868274462845819,80
basic_1BT,2179154,868274465084608,80
basic_1BT,2160897,868274467308366,80
basic_1BT,2072191,868274469439865,80
basic_1BT,2165809,868274471668956,80
basic_1BT,2159670,868274473888746,80
basic_1BT,1993738,868274475944709,80
basic_1BT,2637542,868274478668392,80
basic_1BT,2138335,868274480869036,80
basic_1BT,2268077,868274483199679,80
basic_1BT,2118699,868274485377647,80
basic_1BT,2218652,868274487659045,80
basic_1BT,2370570,868274490089520,80
basic_1BT,2284294,868274492436214,80
basic_1BT,2050821,868274494550363,80
basic_1BT,2148043,868274496757899,80
basic_1BT,2104886,868274498925442,80
basic_1BT,2167683,868274501175446,80
basic_1BT,2398546,868274503636754,80
basic_1BT,2244452,868274505939993,80
basic_1BT,2164912,868274508166964,80
basic_1BT,2182974,868274510412112,80
basic_1BT,2171176,868274512642667,80
basic_1BT,2209937,868274514915199,80
basic_1BT,2252165,868274517226627,80
basic_1BT,2369874,868274519658961,80
basic_1BT,2300217,868274522018666,80
basic_1BT,2276357,868274524356952,80
basic_1BT,2682021,868274527102130,80
basic_1BT,2160135,868274529321820,80
basic_1BT,2201135,868274531585752,80
basic_1BT,2042326,868274533687662,80
basic_1BT,2214963,868274535965251,80
basic_1BT,2131760,868274538182700,80
basic_1BT,2164140,868274540409411,80
basic_1BT,2166280,868274542639168,80
basic_1BT,2163308,868274544861829,80
basic_1BT,2435222,868274547358664,80
basic_1BT,2265621,868274549683483,80
basic_1BT,2170660,868274551916393,80
basic_1BT,2268172,868274554243778,80
basic_1BT,2787211,868274557093590,80
basic_1BT,3008591,868274560164877,80
basic_1BT,2857790,868274563084402,80
basic_1BT,2112154,868274565255819,80
basic_1BT,2020174,868274567338504,80
basic_1BT,1934856,868274569332567,80
basic_1BT,2043850,868274571439294,80
basic_1BT,1939382,868274573438349,80
basic_1BT,2177401,868274575677413,80
basic_1BT,2326648,868274578063185,80
basic_1BT,2287207,868274580412997,80
basic_1BT,2323857,868274582798873,80
basic_1BT,2209931,868274585068278,80
basic_1BT,2241926,868274587372609,80
basic_1BT,2303935,868274589736163,80
basic_1BT,1990801,868274591789335,80
basic_1BT,2020165,868274593868818,80
basic_1BT,2238874,868274596170824,80
basic_1BT,1852504,868274598085408,80
basic_1BT,1722176,868274599867909,80
basic_1BT,1716452,868274601643754,80
basic_1BT,1704179,868274603427618,80
basic_1BT,1702670,868274605189822,80
basic_1BT,1684859,868274606937162,80
basic_1BT,1811669,868274608808239,80
basic_1BT,1978467,868274610848851,80
basic_1BT,2339784,868274613248539,80
basic_1BT,2018140,868274615328599,80
basic_1BT,2168785,868274617557214,80
basic_1BT,2008136,868274619628132,80
basic_1BT,2316369,868274622003494,80
basic_1BT,2066667,868274624132958,80
basic_1BT,2122478,868274626318678,80
basic_1BT,2295235,868274628673131,80
basic_1BT,2018771,868274630753897,80
basic_1BT,1962736,868274632776081,80
basic_1BT,1996711,868274634835412,80
basic_1BT,2200500,868274637095586,80
basic_1BT,2113898,868274639272510,80
basic_1BT,2216381,868274641548410,80
basic_1BT,2540311,868274644150720,80
basic_1BT,2211981,868274646425864,80
basic_1BT,2139798,868274648625245,80
basic_1BT,2118464,868274650806440,80
basic_1BT,2108455,868274652974254,80
basic_1BT,2105177,868274655142403,80
basic_1BT,1794454,868274656996385,80
basic_1BT,2619390,868274659678466,80
basic_1BT,2033766,868274661771802,80
basic_1BT,2660020,868274664495104,80
basic_1BT,2141633,868274666699442,80
basic_1BT,2303189,868274669061733,80
basic_1BT,2016527,868274671141171,80
basic_1BT,2243299,868274673443919,80
basic_1BT,2229552,868274675736512,80
basic_1BT,2209320,868274678005512,80
basic_1BT,2696856,868274680764652,80
basic_1BT,2520971,868274683347818,80
basic_1BT,2317657,868274685724994,80
basic_1BT,2136941,868274687924366,80
basic_1BT,2083893,868274690067532,80
basic_1BT,1952783,868274692082455,80
basic_1BT,2351145,868274694497193,80
basic_1BT,2174159,868274696730158,80
basic_1BT,2186282,868274698979311,80
basic_1BT,2170429,868274701209084,80
basic_1BT,2217489,868274703489264,80
basic_1BT,2409060,868274705958113,80
basic_1BT,2070277,868274708091005,80
basic_1BT,2290745,868274710443985,80
basic_1BT,2080320,868274712583788,80
basic_1BT,2334607,868274714980164,80
basic_1BT,2324995,868274717364652,80
basic_1BT,2103638,868274719530411,80
basic_1BT,2120283,868274721709626,80
basic_1BT,2159585,868274723932247,80
basic_1BT,2046345,868274726038266,80
basic_1BT,2398054,868274728498611,80
basic_1BT,2203166,868274730764523,80
basic_1BT,2359901,868274733183466,80
basic_1BT,2249734,868274735495335,80
basic_1BT,2414168,868274737969191,80
basic_1BT,2095921,868274740127553,80
basic_1BT,2105128,868274742295612,80
basic_1BT,2064563,868274744419634,80
basic_1BT,2014236,868274746497813,80
basic_1BT,2130311,868274748687978,80
basic_1BT,2160752,868274750910159,80
basic_1BT,2296929,868274753266180,80
basic_1BT,2173260,868274755501992,80
basic_1BT,2284204,868274757845199,80
basic_1BT,2145723,868274760053211,80
basic_1BT,2369027,868274762487896,80
basic_1BT,2100441,868274764647510,80
basic_1BT,2310055,868274767019549,80
basic_1BT,2064077,868274769142929,80
basic_1BT,2299861,868274771504975,80
basic_1BT,2192211,868274773756238,80
basic_1BT,2118017,868274775936706,80
basic_1BT,2161534,868274778157904,80
basic_1BT,2299896,868274780520631,80
basic_1BT,2181369,868274782763760,80
basic_1BT,2172339,868274784995667,80
basic_1BT,2216342,868274787274064,80
basic_1BT,2286530,868274789620017,80
basic_1BT,2063666,868274791746208,80
basic_1BT,2317306,868274794123515,80
basic_1BT,2218371,868274796404231,80
basic_1BT,2663066,868274799130440,80
basic_1BT,2218266,868274801407908,80
basic_1BT,2123149,868274803592742,80
basic_1BT,3081336,868274806733631,80
basic_1BT,2866640,868274809662798,80
basic_1BT,2844299,868274812569587,80
basic_1BT,2894134,868274815527621,80
basic_1BT,2923298,868274818510592,80
basic_1BT,2769465,868274821343134,80
basic_1BT,2080972,868274823487232,80
basic_1BT,2064673,868274825611154,80
basic_1BT,2008447,868274827681420,80
basic_1BT,2021267,868274829762221,80
basic_1BT,2142024,868274831967050,80
basic_1BT,2192360,868274834247491,80
basic_1BT,2433016,868274836742686,80
basic_1BT,2271004,868274839076006,80
basic_1BT,2176398,868274841311903,80
basic_1BT,2217198,868274843591096,80
basic_1BT,2455188,868274846106018,80
basic_1BT,2148228,868274848316901,80
basic_1BT,2204764,868274850583560,80
basic_1BT,2072226,868274852715415,80
basic_1BT,2097845,868274854893737,80
basic_1BT,2109844,868274857140284,80
basic_1BT,2169523,868274859372187,80
basic_1BT,2161494,868274861593279,80
basic_1BT,2191959,868274863847870,80
basic_1BT,2458496,868274866366220,80
basic_1BT,2157339,868274868585749,80
basic_1BT,2195738,868274870843571,80
basic_1BT,2216145,868274873118870,80
basic_1BT,2347291,868274875528542,80
basic_1BT,2231557,868274877819798,80
basic_1BT,2344565,868274880227104,80
basic_1BT,2217209,868274882506843,80
basic_1BT,2173512,868274884739953,80
basic_1BT,2256440,868274887058744,80
basic_1BT,2287477,868274889405424,80
basic_1BT,2388688,868274891856703,80
basic_1BT,2452507,868274894368547,80
basic_1BT,2215539,868274896646943,80
basic_1BT,2529562,868274899239260,80
basic_1BT,2191028,868274901489360,80
basic_1BT,2577101,868274904128807,80
basic_1BT,2346560,868274906537792,80
basic_1BT,2314996,868274908912277,80
basic_1BT,2123210,868274911098568,80
basic_1BT,2114985,868274913273633,80
basic_1BT,2217208,868274915553543,80
basic_1BT,2058329,868274917671550,80
basic_1BT,2115226,868274919849422,80
basic_1BT,2103940,868274922013682,80
basic_1BT,2297631,868274924373523,80
basic_1BT,2152949,868274926588451,80
basic_1BT,2191874,868274928839734,80
basic_1BT,3216496,868274932118339,80
basic_1BT,3009498,868274935190454,80
basic_1BT,2764102,868274938013599,80
basic_1BT,2260609,868274940336262,80
basic_1BT,2364416,868274942763335,80
basic_1BT,2068171,868274944890825,80
basic_1BT,2096352,868274947050173,80
basic_1BT,2419720,868274949529166,80
basic_1BT,2251232,868274951842980,80
basic_1BT,2392782,868274954294920,80
basic_1BT,2371342,868274956728953,80
basic_1BT,2198059,868274958989598,80
basic_1BT,2444352,868274961493800,80
basic_1BT,2326433,868274963882412,80
basic_1BT,2441461,868274966383432,80
basic_1BT,2036503,868274968482540,80
basic_1BT,2408469,868274970953429,80
basic_1BT,2239536,868274973252443,80
basic_1BT,2121415,868274975436249,80
basic_1BT,2150203,868274977645945,80
basic_1BT,2446582,868274980155013,80
basic_1BT,2281233,868274982500034,80
basic_1BT,2217329,868274984776756,80
basic_1BT,2201807,868274987042924,80
basic_1BT,2208052,868274989310639,80
basic_1BT,2113813,868274991486727,80
basic_1BT,2464264,868274994009974,80
basic_1BT,2464620,868274996536743,80
basic_1BT,2280957,868274998880005,80
basic_1BT,2295315,868275001234728,80
basic_1BT,2243375,868275003540483,80
basic_1BT,2315077,868275005914462,80
basic_1BT,2326884,868275008303286,80
basic_1BT,2231126,868275010596852,80
basic_1BT,2317422,868275012973977,80
basic_1BT,2423279,868275015459771,80
basic_1BT,2373929,868275017892652,80
basic_1BT,2216532,868275020171274,80
basic_1BT,2557366,868275022791731,80
basic_1BT,2403944,868275025255093,80
basic_1BT,2463868,868275027781065,80
basic_1BT,2327676,868275030167734,80
basic_1BT,2279870,868275032510109,80
basic_1BT,2086900,868275034659629,80
basic_1BT,2036307,868275036756908,80
basic_1BT,2349327,868275039168690,80
basic_1BT,2446809,868275041675358,80
basic_1BT,2202494,868275043941169,80
basic_1BT,2722926,868275046723329,80
basic_1BT,2245659,868275049031289,80
basic_1BT,2428576,868275051522064,80
basic_1BT,2564101,868275054145754,80
basic_1BT,2193498,868275056401207,80
basic_1BT,1991152,868275058454969,80
basic_1BT,2172399,868275060686456,80
basic_1BT,2133083,868275062882976,80
basic_1BT,2144174,868275065086588,80
basic_1BT,2102000,868275067250638,80
basic_1BT,2100121,868275069427357,80
basic_1BT,2140138,868275071630633,80
basic_1BT,2290348,868275073981192,80
basic_1BT,2122072,868275076165373,80
basic_1BT,2151696,868275078379340,80
basic_1BT,2158256,868275080596248,80
basic_1BT,2158135,868275082816488,80
basic_1BT,2376254,868275085251884,80
basic_1BT,2208824,868275087522938,80
basic_1BT,2264695,868275089847201,80
basic_1BT,2512933,868275092422273,80
basic_1BT,2468573,868275094953838,80
basic_1BT,2278256,868275097291056,80
basic_1BT,2165694,868275099518865,80
basic_1BT,2258089,868275101836186,80
basic_1BT,2148354,868275104047401,80
basic_1BT,2120227,868275106231808,80
basic_1BT,2444297,868275108735168,80
basic_1BT,2460510,868275111258143,80
basic_1BT,2502949,868275113820335,80
basic_1BT,2259457,868275116158816,80
basic_1BT,2430000,868275118651376,80
basic_1BT,2069365,868275120780274,80
basic_1BT,2312911,868275123155219,80
basic_1BT,2291993,868275125507021,80
basic_1BT,2244492,868275127814630,80
basic_1BT,2291922,868275130166196,80
basic_1BT,2246897,868275132475244,80
basic_1BT,2280872,868275134818391,80
basic_1BT,2186191,868275137063584,80
basic_1BT,2345001,868275139470480,80
basic_1BT,2137478,868275141667887,80
basic_1BT,2211685,868275143941893,80
basic_1BT,2522726,868275146523881,80
basic_1BT,2384148,868275148970569,80
basic_1BT,2214973,868275151247872,80
basic_1BT,2237215,868275153544686,80
basic_1BT,2128868,868275155735999,80
basic_1BT,2172890,868275157967761,80
basic_1BT,2184813,868275160214619,80
basic_1BT,2404895,868275162681970,80
basic_1BT,2266904,868275165007992,80
basic_1BT,2452642,868275167524232,80
basic_1BT,2294744,868275169878976,80
basic_1BT,2370044,868275172311174,80
basic_1BT,2203577,868275174577197,80
basic_1BT,2409747,868275177046507,80
basic_1BT,2274006,868275179382933,80
basic_1BT,2832145,868275182274262,80
basic_1BT,2533585,868275184869581,80
basic_1BT,2000148,868275186931994,80
basic_1BT,2296157,868275189287314,80
basic_1BT,1910033,868275191259462,80
basic_1BT,2249229,868275193568013,80
basic_1BT,2452737,868275196083161,80
basic_1BT,2193643,868275198339380,80
basic_1BT,2387775,868275200786233,80
basic_1BT,2288595,868275203137323,80
basic_1BT,2433828,868275205630494,80
basic_1BT,2189619,868275207881877,80
basic_1BT,2169808,868275210110763,80
basic_1BT,2265100,868275212438208,80
basic_1BT,2092262,868275214592304,80
basic_1BT,2224780,868275216876589,80
basic_1BT,2218572,868275219157822,80
basic_1BT,2528945,868275221746100,80
basic_1BT,2322348,868275224153787,80
basic_1BT,2536567,868275226753932,80
basic_1BT,2266292,868275229079728,80
basic_1BT,2082616,868275231224122,80
basic_1BT,2230876,868275233514621,80
basic_1BT,2312932,868275235889608,80
basic_1BT,2594041,868275238542821,80
basic_1BT,2264844,868275240869915,80
basic_1BT,2266599,868275243199009,80
basic_1BT,2420051,868275245678278,80
basic_1BT,2148558,868275247889117,80
basic_1BT,2440539,868275250388949,80
basic_1BT,2365093,868275252816683,80
basic_1BT,2540015,868275255419073,80
basic_1BT,2365233,868275257843609,80
basic_1BT,2144785,868275260051065,80
basic_1BT,2097815,868275262212969,80
basic_1BT,2527906,868275264799698,80
basic_1BT,2171307,868275267033024,80
basic_1BT,2372771,868275269464793,80
basic_1BT,2232369,868275271759677,80
basic_1BT,2330978,868275274150394,80
basic_1BT,2344675,868275276557199,80
basic_1BT,2196931,868275278816000,80
basic_1BT,2135709,868275281010947,80
basic_1BT,2408760,868275283481841,80
basic_1BT,2208949,868275285750239,80
basic_1BT,2419364,868275288231251,80
basic_1BT,2211441,868275290505227,80
basic_1BT,2203758,868275292768112,80
basic_1BT,2301234,868275295131095,80
basic_1BT,2440729,868275297631503,80
basic_1BT,2268062,868275299961659,80
basic_1BT,2207169,868275302260518,80
basic_1BT,2620463,868275304943250,80
basic_1BT,2868030,868275307873825,80
basic_1BT,2751779,868275310684596,80
basic_1BT,2067364,868275312814081,80
basic_1BT,2128241,868275315004296,80
basic_1BT,2274050,868275317338161,80
basic_1BT,2279368,868275319681368,80
basic_1BT,2376640,868275322117301,80
basic_1BT,2525196,868275324704356,80
basic_1BT,2250596,868275327017568,80
basic_1BT,2240387,868275329317463,80
basic_1BT,2207405,868275331587365,80
basic_1BT,2189895,868275333836383,80
basic_1BT,2312686,868275336211308,80
basic_1BT,2396853,868275338672054,80
basic_1BT,2094839,868275340826091,80
basic_1BT,2131754,868275343020009,80
basic_1BT,2242011,868275345321419,80
basic_1BT,2419119,868275347802798,80
basic_1BT,2480366,868275350342316,80
basic_1BT,2424075,868275352828396,80
basic_1BT,2501150,868275355392207,80
basic_1BT,2176299,868275357628174,80
basic_1BT,2196917,868275359887270,80
basic_1BT,2309172,868275362255961,80
basic_1BT,2245223,868275364562954,80
basic_1BT,2401412,868275367026376,80
basic_1BT,2383436,868275369469501,80
basic_1BT,2158507,868275371689902,80
basic_1BT,2127850,868275373876849,80
basic_1BT,2426495,868275376365465,80
basic_1BT,2272558,868275378718615,80
basic_1BT,2243199,868275381021513,80
basic_1BT,2450005,868275383533433,80
basic_1BT,2279449,868275385873096,80
basic_1BT,2172590,868275388108096,80
basic_1BT,2241229,868275390411556,80
basic_1BT,2161424,868275392632172,80
basic_1BT,2493708,868275395188836,80
basic_1BT,2192521,868275397440765,80
basic_1BT,2144444,868275399647625,80
basic_1BT,2247859,868275401954437,80
basic_1BT,2437025,868275404454524,80
basic_1BT,2249559,868275406766874,80
basic_1BT,2201427,868275409027369,80
basic_1BT,2152693,868275411242036,80
basic_1BT,2209159,868275413510188,80
basic_1BT,2192496,868275415764909,80
basic_1BT,2289939,868275418114586,80
basic_1BT,2231402,868275420409019,80
basic_1BT,2174599,868275422645828,80
basic_1BT,2136370,868275424841892,80
basic_1BT,2682893,868275427586369,80
basic_1BT,2936033,868275430581519,80
basic_1BT,3075728,868275433719974,80
basic_1BT,2899717,868275436681315,80
basic_1BT,2071855,868275438815294,80
basic_1BT,2177968,868275441052655,80
basic_1BT,2100321,868275443216459,80
basic_1BT,2042942,868275445318419,80
basic_1BT,2303214,868275447684163,80
basic_1BT,2421674,868275450165567,80
basic_1BT,2369037,868275452596668,80
basic_1BT,2267707,868275454926895,80
basic_1BT,2261907,868275457248106,80
basic_1BT,2669031,868275459979922,80
basic_1BT,2224691,868275462297094,80
basic_1BT,2770593,868275465130372,80
basic_1BT,2187189,868275467380077,80
basic_1BT,2406885,868275469846466,80
basic_1BT,2258850,868275472167140,80
basic_1BT,2300046,868275474529577,80
basic_1BT,2369168,868275476957972,80
basic_1BT,2397042,868275479417555,80
basic_1BT,2124899,868275481601786,80
basic_1BT,2084609,868275483749513,80
basic_1BT,2229692,868275486038999,80
basic_1BT,2156331,868275488257882,80
basic_1BT,2268002,868275490587773,80
basic_1BT,2261582,868275492908327,80
basic_1BT,2241786,868275495212297,80
basic_1BT,2173506,868275497445002,80
basic_1BT,2207295,868275499713991,80
basic_1BT,2804702,868275502579159,80
basic_1BT,2160702,868275504802652,80
basic_1BT,2520299,868275507385121,80
basic_1BT,2280075,868275509725185,80
basic_1BT,2295682,868275512083036,80
basic_1BT,2388422,868275514533804,80
basic_1BT,2097535,868275516690973,80
basic_1BT,2083171,868275518836133,80
basic_1BT,2312721,868275521208347,80
basic_1BT,2381060,868275523651637,80
basic_1BT,2221479,868275525932509,80
basic_1BT,2184883,868275528179994,80
basic_1BT,2335318,868275530577878,80
basic_1BT,2169798,868275532807069,80
basic_1BT,2168354,868275535037393,80
basic_1BT,2214657,868275537310953,80
basic_1BT,2197703,868275539570910,80
basic_1BT,2778947,868275542409215,80
basic_1BT,2339324,868275544810317,80
basic_1BT,2184001,868275547056729,80
basic_1BT,2243074,868275549359321,80
basic_1BT,2122864,868275551544204,80
basic_1BT,2268051,868275553871158,80
basic_1BT,3240943,868275557174246,80
basic_1BT,2927433,868275560163567,80
basic_1BT,3183643,868275563409742,80
basic_1BT,3100029,868275566569284,80
basic_1BT,2247459,868275568879008,80
basic_1BT,2155110,868275571096548,80
basic_1BT,2708608,868275573864625,80
basic_1BT,2802607,868275576730339,80
basic_1BT,2075577,868275578897568,80
basic_1BT,2288313,868275581211764,80
basic_1BT,2459326,868275583722567,80
basic_1BT,2493992,868275586244965,80
basic_1BT,2256725,868275588532192,80
basic_1BT,2103334,868275590695004,80
basic_1BT,2352476,868275593106149,80
basic_1BT,2192001,868275595327659,80
basic_1BT,2178838,868275597544239,80
basic_1BT,1552572,868275599126569,80
basic_1BT,1618160,868275600790159,80
basic_1BT,1317232,868275602168571,80
basic_1BT,1706836,868275603903760,80
basic_1BT,2296114,868275606228770,80
basic_1BT,2232779,868275608524015,80
basic_1BT,2287934,868275610888409,80
basic_1BT,2711495,868275613629074,80
basic_1BT,2164220,868275615855910,80
basic_1BT,2228646,868275618143848,80
basic_1BT,2080876,868275620278345,80
basic_1BT,2201121,868275622509455,80
basic_1BT,2050295,868275624619769,80
basic_1BT,2052010,868275626734235,80
basic_1BT,1571203,868275628334560,80
basic_1BT,2337548,868275630734028,80
basic_1BT,1419917,868275632213393,80
basic_1BT,1599244,868275633874486,80
basic_1BT,2157870,868275636092011,80
basic_1BT,2243720,868275638416404,80
basic_1BT,2213885,868275640690259,80
basic_1BT,2278622,868275643030915,80
basic_1BT,2481820,868275645572168,80
basic_1BT,2190406,868275647825125,80
basic_1BT,2232680,868275650116441,80
basic_1BT,2155374,868275652333820,80
basic_1BT,2227462,868275654623633,80
basic_1BT,2084645,868275656767751,80
basic_1BT,2184051,868275659014147,80
basic_1BT,2173922,868275661247062,80
basic_1BT,2228325,868275663536779,80
basic_1BT,2121075,868275665717132,80
basic_1BT,2151129,868275667930958,80
basic_1BT,2215570,868275670205610,80
basic_1BT,2241560,868275672509606,80
basic_1BT,2241487,868275674812867,80
basic_1BT,2470867,868275677336922,80
basic_1BT,2958563,868275680357841,80
basic_1BT,2689370,868275683103677,80
basic_1BT,2848811,868275686025070,80
basic_1BT,2049779,868275688137445,80
basic_1BT,2074331,868275690274286,80
basic_1BT,2062498,868275692396268,80
basic_1BT,2217715,868275694676112,80
basic_1BT,2107544,868275696842783,80
basic_1BT,2142805,868275699048385,80
basic_1BT,2194365,868275701302289,80
basic_1BT,2190992,868275703555741,80
basic_1BT,2243686,868275705858825,80
basic_1BT,2520199,868275708441294,80
basic_1BT,2396686,868275710899709,80
basic_1BT,2376805,868275713335547,80
basic_1BT,2166551,868275715563846,80
basic_1BT,2163092,868275717786713,80
basic_1BT,2254174,868275720103207,80
basic_1BT,2211590,868275722377018,80
basic_1BT,2091626,868275724527692,80
basic_1BT,2194596,868275726785093,80
basic_1BT,2169302,868275729013773,80
basic_1BT,2466184,868275731541580,80
basic_1BT,2248697,868275733849560,80
basic_1BT,2179280,868275736090840,80
basic_1BT,2279444,868275738432463,80
basic_1BT,2167768,868275740659885,80
basic_1BT,2523752,868275743245637,80
basic_1BT,2156498,868275745460981,80
basic_1BT,2353637,868275747876867,80
basic_1BT,2198675,868275750134825,80
basic_1BT,2538186,868275752734524,80
basic_1BT,2119035,868275754916456,80
basic_1BT,2197553,868275757173312,80
basic_1BT,2497070,868275759733074,80
basic_1BT,2202283,868275761994565,80
basic_1BT,2336215,868275764392805,80
basic_1BT,2437798,868275766892426,80
basic_1BT,2156889,868275769109279,80
basic_1BT,2181024,868275771351961,80
basic_1BT,2499275,868275773910590,80
basic_1BT,2263822,868275776236897,80
basic_1BT,2177095,868275778476473,80
basic_1BT,2462635,868275780998422,80
basic_1BT,2408824,868275783470168,80
basic_1BT,2259006,868275785788567,80
basic_1BT,2243460,868275788088333,80
basic_1BT,2255908,868275790397680,80
basic_1BT,2470057,868275792926570,80
basic_1BT,2181881,868275795171032,80
basic_1BT,2237200,868275797467470,80
basic_1BT,2154582,868275799684087,80
basic_1BT,2261422,868275802005122,80
basic_1BT,2803459,868275804870630,80
basic_1BT,3008746,868275807941111,80
basic_1BT,3026819,868275811027203,80
basic_1BT,2236267,868275813357685,80
basic_1BT,2169342,868275815620955,80
basic_1BT,1981304,868275817741684,80
basic_1BT,1947671,868275819823969,80
basic_1BT,2110816,868275822092156,80
basic_1BT,2245946,868275824491644,80
basic_1BT,2002497,868275826523969,80
basic_1BT,1408779,868275827961019,80
basic_1BT,2259326,868275830246085,80
basic_1BT,1635481,868275831937107,80
basic_1BT,1089317,868275833054636,80
basic_1BT,1912225,868275834996357,80
basic_1BT,1979070,868275837004363,80
basic_1BT,2166643,868275839218456,80
basic_1BT,2028046,868275841291961,80
basic_1BT,1999806,868275843338832,80
basic_1BT,2179028,868275845562937,80
basic_1BT,2291967,868275847902158,80
basic_1BT,2333741,868275850281161,80
basic_1BT,2240753,868275852573430,80
basic_1BT,2102380,868275854732097,80
basic_1BT,2010919,868275856791974,80
basic_1BT,2104009,868275858953435,80
basic_1BT,1630794,868275860633512,80
basic_1BT,1735211,868275862426683,80
basic_1BT,1685139,868275864186180,80
basic_1BT,1568202,868275865835627,80
basic_1BT,1933162,868275867820559,80
basic_1BT,1558749,868275869442867,80
basic_1BT,1828127,868275871332332,80
basic_1BT,1710644,868275873105827,80
basic_1BT,2000549,868275875156388,80
basic_1BT,1750759,868275876964109,80
basic_1BT,1480382,868275878489675,80
basic_1BT,1673171,868275880226395,80
basic_1BT,1836242,868275882114527,80
basic_1BT,1777660,868275883986171,80
basic_1BT,1607399,868275885680321,80
basic_1BT,1805725,868275887546262,80
basic_1BT,1715240,868275889319692,80
basic_1BT,1694601,868275891075596,80
basic_1BT,1734735,868275892872591,80
basic_1BT,1758014,868275894695175,80
basic_1BT,1795768,868275896537606,80
basic_1BT,1742608,868275898342995,80
basic_1BT,1756510,868275900155466,80
basic_1BT,1769777,868275901976347,80
basic_1BT,1754270,868275903779276,80
basic_1BT,1725268,868275905570371,80
basic_1BT,1728982,868275907363811,80
basic_1BT,1777168,868275909186007,80
basic_1BT,1773032,868275911008065,80
basic_1BT,1494888,868275912546878,80
basic_1BT,1911298,868275914495916,80
basic_1BT,2150892,868275916682229,80
basic_1BT,1572782,868275918306624,80
basic_1BT,1818839,868275920168516,80
basic_1BT,1889772,868275922103549,80
basic_1BT,1770749,868275923931792,80
basic_1BT,1794673,868275925777717,80
basic_1BT,1394072,868275927226914,80
basic_1BT,1627568,868275928907058,80
basic_1BT,2524319,868275931515794,80
basic_1BT,2249859,868275933823778,80
basic_1BT,2011188,868275935896189,80
basic_1BT,2135989,868275938090765,80
basic_1BT,2073820,868275940224680,80
basic_1BT,2092365,868275942374895,80
basic_1BT,2558147,868275944973470,80
basic_1BT,2263341,868275947279564,80
basic_1BT,2161434,868275949481051,80
basic_1BT,2074300,868275951597824,80
basic_1BT,2328584,868275953965533,80
basic_1BT,2218951,868275956209994,80
basic_1BT,2285008,868275958520581,80
basic_1BT,1566268,868275960110993,80
basic_1BT,1612523,868275961770495,80
basic_1BT,1526534,868275963328415,80
basic_1BT,1859924,868275965212417,80
basic_1BT,2154189,868275967391580,80
basic_1BT,2434087,868275969849520,80
basic_1BT,2310787,868275972185368,80
basic_1BT,2327797,868275974537674,80
basic_1BT,2062355,868275976623565,80
basic_1BT,1967729,868275978615970,80
basic_1BT,1909858,868275980549156,80
basic_1BT,1380204,868275981953899,80
basic_1BT,1529171,868275983506119,80
basic_1BT,2187003,868275985716138,80
basic_1BT,1936099,868275987676580,80
basic_1BT,2451944,868275990151820,80
basic_1BT,2353816,868275992530081,80
basic_1BT,2271793,868275994826198,80
basic_1BT,1192812,868275996041643,80
basic_1BT,1503626,868275997569383,80
basic_1BT,1638575,868275999230976,80
basic_1BT,1229840,868276000483788,80
basic_1BT,1371854,868276001879566,80
basic_1BT,1546424,868276003448845,80
basic_1BT,1855561,868276005343815,80
basic_1BT,1906151,868276007290810,80
basic_1BT,1959758,868276009285863,80
basic_1BT,1867900,868276011191243,80
basic_1BT,2085149,868276013311661,80
basic_1BT,1453830,868276014802921,80
basic_1BT,1252865,868276016091128,80
basic_1BT,2341055,868276018470419,80
basic_1BT,1521217,868276020027004,80
basic_1BT,1388423,868276021467764,80
basic_1BT,1878779,868276023384916,80
basic_1BT,2055387,868276025478549,80
basic_1BT,1990031,868276027509468,80
basic_1BT,1917750,868276029465641,80
basic_1BT,1981611,868276031488191,80
basic_1BT,2125255,868276033652019,80
basic_1BT,1895972,868276035588847,80
basic_1BT,2318547,868276037946293,80
basic_1BT,1967531,868276039955087,80
basic_1BT,1983332,868276041977291,80
basic_1BT,1882711,868276043901259,80
basic_1BT,2039746,868276045979772,80
basic_1BT,2073304,868276048094570,80
basic_1BT,2033355,868276050169295,80
basic_1BT,2031620,868276052239783,80
basic_1BT,2036764,868276054318088,80
basic_1BT,2322073,868276056678918,80
basic_1BT,2519929,868276059240717,80
basic_1BT,2433890,868276061713887,80
basic_1BT,1923384,868276063679070,80
basic_1BT,1852430,868276065570916,80
basic_1BT,2009546,868276067622538,80
basic_1BT,2092142,868276069750182,80
basic_1BT,1955120,868276071778168,80
basic_1BT,2182952,868276074005010,80
basic_1BT,2187424,868276076253457,80
basic_1BT,2088869,868276078403463,80
basic_1BT,2126909,868276080588950,80
basic_1BT,2115814,868276082751811,80
basic_1BT,2229395,868276085026056,80
basic_1BT,2366387,868276087454014,80
basic_1BT,2358769,868276089856937,80
basic_1BT,2143022,868276092046903,80
basic_1BT,2364402,868276094459901,80
basic_1BT,2157838,868276096676519,80
basic_1BT,2047294,868276098780297,80
basic_1BT,2013820,868276100853446,80
basic_1BT,2041075,868276102951376,80
basic_1BT,2106330,868276105136019,80
basic_1BT,2133238,868276107331677,80
basic_1BT,2282490,868276109674153,80
basic_1BT,2248428,868276111996300,80
basic_1BT,2194455,868276114271058,80
basic_1BT,2247585,868276116578166,80
basic_1BT,2472032,868276119111916,80
basic_1BT,2216752,868276121388112,80
basic_1BT,2434038,868276123884135,80
basic_1BT,2406800,868276126350092,80
basic_1BT,2168184,868276128580461,80
basic_1BT,2305098,868276130947875,80
basic_1BT,2184377,868276133191475,80
basic_1BT,2166360,868276135420300,80
basic_1BT,2301409,868276137782701,80
basic_1BT,2388327,868276140232913,80
basic_1BT,2179566,868276142474097,80
basic_1BT,2195007,868276144727881,80
basic_1BT,2156005,868276146945686,80
basic_1BT,2175922,868276149181086,80
basic_1BT,2201732,868276151444979,80
basic_1BT,2280687,868276153785655,80
basic_1BT,2453268,868276156301223,80
basic_1BT,2138379,868276158502234,80
basic_1BT,2108921,868276160670699,80
basic_1BT,2123225,868276162856108,80
basic_1BT,2169854,868276165084613,80
basic_1BT,2121074,868276167268098,80
basic_1BT,2186316,868276169513873,80
basic_1BT,2395429,868276171971316,80
basic_1BT,2263336,868276174326766,80
basic_1BT,2370991,868276176759917,80
basic_1BT,2248632,868276179070403,80
basic_1BT,2338912,868276181469084,80
basic_1BT,2112013,868276183644305,80
basic_1BT,2212557,868276185915409,80
basic_1BT,2175501,868276188153682,80
basic_1BT,2156337,868276190372259,80
basic_1BT,2091556,868276192522697,80
basic_1BT,2294925,868276194879535,80
basic_1BT,2239315,868276197177917,80
basic_1BT,2366611,868276199606684,80
basic_1BT,2106245,868276201772663,80
basic_1BT,2126888,868276203961625,80
basic_1BT,2227953,868276206280150,80
basic_1BT,2370992,868276208713492,80
basic_1BT,2241580,868276211017127,80
basic_1BT,2178292,868276213254783,80
basic_1BT,2267315,868276215584333,80
basic_1BT,2188908,868276217832618,80
basic_1BT,2524770,868276220418987,80
basic_1BT,2320509,868276222802132,80
basic_1BT,2336667,868276225198347,80
basic_1BT,2084629,868276227345813,80
basic_1BT,2158035,868276229562921,80
basic_1BT,2045503,868276231670319,80
basic_1BT,2238799,868276233968496,80
basic_1BT,2125225,868276236155810,80
basic_1BT,2128040,868276238347023,80
basic_1BT,2258254,868276240664986,80
basic_1BT,2224190,868276242951275,80
basic_1BT,2069891,868276245080258,80
basic_1BT,2286926,868276247429264,80
basic_1BT,2168430,868276249656816,80
basic_1BT,2140209,868276251859786,80
basic_1BT,2461658,868276254381028,80
basic_1BT,2119722,868276256565405,80
basic_1BT,2091330,868276258718915,80
basic_1BT,2133173,868276260911240,80
basic_1BT,2226205,868276263199760,80
basic_1BT,2387114,868276265646067,80
basic_1BT,2226831,868276267958953,80
basic_1BT,2243966,868276270288138,80
basic_1BT,2224090,868276272574347,80
basic_1BT,2249905,868276274886291,80
basic_1BT,2441235,868276277386994,80
basic_1BT,2112470,868276279561749,80
basic_1BT,2294188,868276281915050,80
basic_1BT,2309914,868276284286803,80
basic_1BT,2374364,868276286723518,80
basic_1BT,2111798,868276288894859,80
basic_1BT,2388528,868276291345918,80
basic_1BT,2217263,868276293622304,80
basic_1BT,2401232,868276296085856,80
basic_1BT,2106270,868276298254185,80
basic_1BT,2183600,868276300497014,80
basic_1BT,2200124,868276302759508,80
basic_1BT,2640059,868276305458744,80
basic_1BT,2917760,868276308439390,80
basic_1BT,2969972,868276311471146,80
basic_1BT,2769450,868276314299838,80
basic_1BT,2967931,868276317329449,80
basic_1BT,2235125,868276319626744,80
basic_1BT,2191804,868276321878052,80
basic_1BT,2215104,868276324155450,80
basic_1BT,2112690,868276326330947,80
basic_1BT,2079203,868276328469407,80
basic_1BT,2326283,868276330858791,80
basic_1BT,2735866,868276333654131,80
basic_1BT,2179952,868276335896338,80
basic_1BT,2173697,868276338129729,80
basic_1BT,2162776,868276340355066,80
basic_1BT,2146218,868276342564146,80
basic_1BT,2336145,868276344959770,80
basic_1BT,2169863,868276347191812,80
basic_1BT,2104866,868276349355762,80
basic_1BT,2240302,868276351658114,80
basic_1BT,2258023,868276353975285,80
basic_1BT,2230785,868276356268791,80
basic_1BT,2252225,868276358583166,80
basic_1BT,2106741,868276360748980,80
basic_1BT,2260043,868276363090858,80
basic_1BT,2240092,868276365390749,80
basic_1BT,2454110,868276367907185,80
basic_1BT,2541579,868276370507947,80
basic_1BT,2096878,868276372667471,80
basic_1BT,2126622,868276374856408,80
basic_1BT,2673866,868276377589949,80
basic_1BT,2252000,868276379905411,80
basic_1BT,2330162,868276382294886,80
basic_1BT,2167447,868276384524058,80
basic_1BT,2133824,868276386720422,80
basic_1BT,2249192,868276389028693,80
basic_1BT,2259667,868276391350826,80
basic_1BT,2241299,868276393651579,80
basic_1BT,2177806,868276395892387,80
basic_1BT,2265261,868276398216845,80
basic_1BT,2177747,868276400456962,80
basic_1BT,2175275,868276402694498,80
basic_1BT,2313808,868276405067840,80
basic_1BT,2492695,868276407622234,80
basic_1BT,2217334,868276409899287,80
basic_1BT,2206448,868276412168527,80
basic_1BT,2106310,868276414337518,80
basic_1BT,2097289,868276416494330,80
basic_1BT,1970730,868276418527365,80
basic_1BT,2328468,868276420915261,80
basic_1BT,2184071,868276423161587,80
basic_1BT,2074025,868276425294950,80
basic_1BT,2252074,868276427609220,80
basic_1BT,2797535,868276430465913,80
basic_1BT,3023180,868276433551394,80
basic_1BT,2564668,868276436177960,80
basic_1BT,2383782,868276438623887,80
basic_1BT,2330372,868276441013988,80
basic_1BT,1983488,868276443059812,80
basic_1BT,2042321,868276445162323,80
basic_1BT,2157054,868276447381907,80
basic_1BT,2174579,868276449615975,80
basic_1BT,2164877,868276451843748,80
basic_1BT,2218446,868276454121488,80
basic_1BT,2137252,868276456320755,80
basic_1BT,2337633,868276458720438,80
basic_1BT,2089305,868276460869492,80
basic_1BT,2113131,868276463044763,80
basic_1BT,2079764,868276465183840,80
basic_1BT,2177445,868276467423240,80
basic_1BT,2357374,868276469839662,80
basic_1BT,2195012,868276472097505,80
basic_1BT,2175145,868276474335331,80
basic_1BT,2213169,868276476607372,80
basic_1BT,2238523,868276478908607,80
basic_1BT,2107548,868276481075664,80
basic_1BT,2163173,868276483300996,80
basic_1BT,2034017,868276485394191,80
basic_1BT,2469450,868276487925947,80
basic_1BT,2305925,868276490290905,80
basic_1BT,2141031,868276492494592,80
basic_1BT,2205380,868276494761977,80
basic_1BT,2083011,868276496904115,80
basic_1BT,2128381,868276499094221,80
basic_1BT,2412664,868276501566694,80
basic_1BT,2444793,868276504074674,80
basic_1BT,2247089,868276506384238,80
basic_1BT,2173241,868276508616657,80
basic_1BT,2122287,868276510801710,80
basic_1BT,2140875,868276513001804,80
basic_1BT,1971656,868276515036653,80
basic_1BT,2189554,868276517285365,80
basic_1BT,2155294,868276519503961,80
basic_1BT,2212743,868276521775937,80
basic_1BT,2283873,868276524122066,80
basic_1BT,2178959,868276526364312,80
basic_1BT,2074286,868276528498006,80
basic_1BT,2143327,868276530703693,80
basic_1BT,2149501,868276532912507,80
basic_1BT,2211280,868276535186222,80
basic_1BT,2179887,868276537424966,80
basic_1BT,2162365,868276539650439,80
basic_1BT,2068823,868276541778600,80
basic_1BT,2158166,868276543999211,80
basic_1BT,2115537,868276546205995,80
basic_1BT,2104747,868276548370686,80
basic_1BT,2092143,868276550525770,80
basic_1BT,2323913,868276552908770,80
basic_1BT,2623945,868276555595151,80
basic_1BT,2828998,868276558483046,80
basic_1BT,2733517,868276561278020,80
basic_1BT,2916487,868276564257609,80
basic_1BT,2728264,868276567047968,80
basic_1BT,3176682,868276570284059,80
basic_1BT,2628106,868276572974840,80
basic_1BT,3061725,868276576099241,80
basic_1BT,2964428,868276579127538,80
basic_1BT,2748070,868276581934976,80
basic_1BT,2703747,868276584702802,80
basic_1BT,2642664,868276587408689,80
basic_1BT,3025682,868276590493738,80
#end,21,2023,80
