804643366.986285,1.93709
804643369.049935,1.9328450000000001
804643370.974426,1.839713
804643373.347501,2.286098
804643376.1882759,2.755471
804643378.8548,2.5816760000000003
804643381.129291,2.195326
804643383.5895,2.375667
804643386.153936,2.485844
804643388.478228,2.2386530000000002
804643390.854145,2.291982
804643393.183063,2.2358819999999997
804643431.228618,37.954387
804643434.834955,3.522296
804643438.464125,3.550166
804643442.126533,3.5784369999999996
804643446.150177,3.9385059999999994
804643448.974473,2.738857
804643451.4920499,2.433045
804643453.798907,2.227958
804643456.1166091,2.233792
804643458.5639219,2.360782
804643461.200782,2.557725
804643463.844342,2.5596799999999997
804643466.858385,2.934799
804643469.432459,2.489812
804643471.5912011,2.0747959999999996
804643473.661381,1.990911
804643475.9115009,2.166354
804643478.0066539,2.016861
804643480.048323,1.9581400000000002
804643482.303254,2.169857
804643484.5483661,2.165964
804643486.70813,2.074696
804643489.048916,2.259847
804643491.235983,2.103243
804643493.45926,2.143802
804643495.496359,1.951935
804643497.408983,1.819041
804643499.723813,2.2315159999999996
804643502.7618971,2.957201
804643505.50324,2.657322
804643508.281845,2.694033
804643510.7874191,2.421729
804643514.040724,3.159587
804643516.968887,2.829498
804643520.128354,3.061665
804643523.341095,3.127954
804643526.2743751,2.854326
804643529.739248,3.381017
804643532.8589469,3.0355030000000003
804643536.347225,3.4033800000000003
804643539.030237,2.599002
804643541.785463,2.676477
804643544.1295561,2.259902
804643546.685166,2.457573
804643549.097518,2.3211350000000004
804643551.15099,1.9553729999999998
804643553.5577691,2.328431
804643555.740722,2.08906
804643557.971542,2.1641239999999997
804643560.063844,2.006156
804643562.528492,2.3802519999999996
804643564.743164,2.1353370000000003
804643567.4713521,2.6436260000000003
804643569.666368,2.11484
804643571.882944,2.1327260000000003
804643573.9437829,1.981619
804643576.10889,2.080816
804643577.947842,1.754385
804643580.31782,2.306696
804643582.5042759,2.10223
804643584.497407,1.914037
804643586.648175,2.0661910000000003
804643588.942778,2.203526
804643591.178328,2.1368799999999997
804643593.3140709,2.045097
804643595.307578,1.895269
804643597.6718739,2.28482
804643599.841666,2.067945
804643602.0713129,2.135633
804643604.4119029,2.25685
804643606.738279,2.227096
804643609.002787,2.182201
804643611.300337,2.212506
804643613.387397,2.008472
804643615.65838,2.185739
804643617.796078,2.05696
804643620.059217,2.166901
804643622.087741,1.941536
804643624.539665,2.373622
804643627.618453,2.994668
804643630.443507,2.7455629999999998
804643632.810524,2.283477
804643634.8673929,1.972438
804643636.831562,1.884042
804643638.867532,1.95197
804643640.924106,1.977173
804643642.982514,1.95625
804643645.0079501,1.947199
804643647.112154,2.019954
804643648.670077,1.479054
804643650.372611,1.6186289999999999
804643651.985507,1.5063730000000002
804643654.219484,2.118934
804643655.797594,1.4951210000000001
804643657.38277,1.491783
804643659.662077,2.192746
804643661.8005819,2.056754
804643664.097274,2.2127779999999997
804643666.143484,1.958425
804643668.183835,1.9439870000000001
804643670.277344,2.0098949999999998
804643672.339987,1.983649
804643674.5103561,2.086193
804643676.801852,2.212056
804643678.937881,2.051201
804643681.312686,2.29567
804643683.5206971,2.123765
804643685.781396,2.178102
804643688.082433,2.213725
804643690.4076279,2.224379
804643692.6702911,2.175665
804643694.713468,1.958099
804643696.9590269,2.164405
804643699.2150561,2.1716919999999997
804643701.572435,2.277793
804643703.957885,2.301549
804643706.352911,2.288579
804643708.3141431,1.860462
804643710.571539,2.1726739999999998
804643712.809099,2.1575029999999997
804643714.874062,1.9796200000000002
804643716.972544,2.004698
804643718.934347,1.8898350000000002
804643721.3294389,2.304596
804643723.477065,2.0633589999999997
804643725.809371,2.253387
804643728.137005,2.242797
804643730.103975,1.8701349999999999
804643732.216354,2.029816
804643734.369843,2.069428
804643736.330052,1.872009
804643738.5643549,2.139667
804643740.731656,2.0877019999999997
804643742.9626019,2.146744
804643745.1502709,2.1087749999999996
804643747.526388,2.292217
804643749.827567,2.221818
804643752.704696,2.792312
804643755.015546,2.22657
804643757.523531,2.428665
804643759.7455901,2.138425
804643762.009021,2.183845
804643764.4360881,2.3433569999999997
804643767.199367,2.678993
804643769.544507,2.265285
804643772.142276,2.512771
804643774.507929,2.2807560000000002
804643777.228935,2.641501
804643779.51388,2.199998
804643781.73609,2.1426190000000003
804643784.1954509,2.375196
804643786.554891,2.26312
804643789.027378,2.393188
804643791.352091,2.2399310000000003
804643793.737661,2.3065450000000003
804643796.083648,2.262232
804643798.68698,2.521401
804643801.308379,2.5420439999999997
804643803.830973,2.4241089999999996
804643806.347457,2.42204
804643808.589588,2.14333
804643810.923498,2.23937
804643813.089832,2.086474
804643815.297773,2.109247
804643817.51035,2.11949
804643819.6270939,2.03168
804643822.218257,2.5120139999999997
804643824.1336321,1.813748
804643826.2600989,2.0267039999999996
804643828.5407641,2.20102
804643830.794592,2.1694620000000002
804643833.059978,2.1718319999999998
804643835.1735641,2.029079
804643837.687397,2.434303
804643840.114148,2.327003
804643842.332448,2.12387
804643844.569221,2.15775
804643847.143686,2.489702
804643849.736202,2.512851
804643852.4845419,2.64976
804643854.907554,2.324764
804643857.33441,2.333329
804643859.420959,2.001515
804643861.681532,2.1732
804643863.855073,2.0743
804643866.040853,2.093705
804643868.198797,2.073478
804643870.528191,2.23101
804643872.559386,1.9517090000000001
804643875.231924,2.587827
804643877.9489211,2.637748
804643880.480696,2.447224
804643882.865269,2.300191
804643885.704164,2.729009
804643888.246614,2.4580130000000002
804643890.950134,2.6178410000000003
804643893.332566,2.302536
804643896.041358,2.62398
804643898.438781,2.3118790000000002
804643901.213532,2.6960230000000003
804643903.752179,2.454952
804643906.482255,2.650878
804643908.8108419,2.229812
804643911.846571,2.950244
804643914.593702,2.668629
804643917.281065,2.6025
804643920.0744951,2.7089440000000002
804643922.487418,2.327976
804643924.822455,2.2553170000000002
804643927.51088,2.604765
804643929.690636,2.100396
804643932.2226211,2.435992
804643934.756692,2.447539
804643936.873155,2.0371629999999996
804643939.270843,2.313587
804643941.7002751,2.3495410000000003
804643944.4283221,2.6434409999999997
804643947.401425,2.8884499999999997
804643950.02749,2.546319
804643952.494549,2.3397219999999996
804643955.146003,2.5541679999999998
804643957.4606941,2.22247
804643959.6276491,2.0708520000000004
804643961.8379409,2.1159719999999997
804643964.031092,2.097143
804643966.7266539,2.598716
804643968.877918,2.071298
804643971.329832,2.362711
804643973.878767,2.469414
804643976.140694,2.177029
804643978.6293739,2.4034210000000003
804643981.503636,2.795344
804643983.8232629,2.23549
804643986.1933069,2.2904980000000004
804643988.7219541,2.443981
804643991.01141,2.205736
804643993.516142,2.4209169999999998
804643995.755978,2.1545370000000004
804643998.2641879,2.428345
804644001.231714,2.882607
804644004.552997,3.236777
804644007.323859,2.686229
804644009.571437,2.168294
804644012.116328,2.459712
804644014.312407,2.11079
804644016.354025,1.9605199999999998
804644018.55935,2.118533
804644020.4696181,1.831349
804644022.699977,2.145671
804644025.206253,2.426691
804644027.469729,2.177771
804644029.6119721,2.063901
804644031.781498,2.0856820000000003
804644034.022266,2.1614780000000002
804644036.5982139,2.491311
804644038.81072,2.127574
804644041.1547891,2.264032
804644043.91702,2.67764
804644046.558787,2.5625169999999997
804644048.957799,2.314966
804644051.4936229,2.442652
804644054.1934849,2.620532
804644056.674336,2.396605
804644058.7807161,2.022514
804644061.0205009,2.16018
804644063.033373,1.929077
804644065.119635,2.0074039999999997
804644067.044773,1.837102
804644068.861924,1.737807
804644070.448183,1.494219
804644072.119104,1.599324
804644073.68056,1.494986
804644075.115471,1.371068
804644077.250277,2.066421
804644079.227175,1.893058
804644081.321221,2.014706
804644083.599275,2.192711
804644085.5488701,1.870535
804644087.8844681,2.248595
804644089.756257,1.781368
804644092.092633,2.252771
804644094.394387,2.2157940000000003
804644096.701103,2.2273810000000003
804644099.2949531,2.509874
804644101.678072,2.3039300000000003
804644104.05434,2.2897220000000003
804644105.85384,1.714933
804644107.664451,1.731897
804644109.5507829,1.822408
804644111.157364,1.523121
804644112.966151,1.726916
804644114.4813089,1.429278
804644116.607104,2.0464350000000002
804644118.7656549,2.0738179999999997
804644120.995998,2.150112
804644123.450774,2.3705190000000003
804644126.0507231,2.504601
804644128.974591,2.8388799999999996
804644131.6960579,2.6255129999999998
804644134.385521,2.609923
804644136.7158021,2.246502
804644139.035914,2.235145
804644141.735921,2.620396
804644144.17247,2.352307
804644146.604753,2.347972
804644149.1491121,2.464638
804644151.4081271,2.174714
804644154.09973,2.612137
804644156.534484,2.351395
804644159.001569,2.382297
804644161.243489,2.162862
804644163.4369669,2.109186
804644165.54905,2.0321670000000003
804644167.6007121,1.967987
804644169.8472979,2.168008
804644171.764793,1.833028
804644173.9910661,2.137317
804644176.220117,2.145591
804644178.4791671,2.174539
804644180.527763,1.9700020000000003
804644182.571201,1.9596879999999999
804644184.969811,2.319531
804644187.4754951,2.421424
804644190.046131,2.4914210000000003
804644192.799101,2.667917
804644195.062641,2.178488
804644196.90431,1.76284
804644199.259143,2.269915
804644201.502482,2.161368
804644203.763036,2.176323
804644206.198677,2.356938
804644208.457161,2.174197
804644210.69875,2.156757
804644213.286907,2.5084310000000003
804644215.854916,2.482896
804644218.56442,2.630445
804644220.969916,2.3218319999999997
804644223.52466,2.4631459999999996
804644225.884205,2.280626
804644228.424064,2.455392
804644231.070275,2.561545
804644233.539495,2.389188
804644235.9590681,2.3289429999999998
804644238.5186629,2.449449
804644241.199415,2.5966370000000003
804644243.8464439,2.562362
804644246.106331,2.180613
804644248.265975,2.075748
804644250.9042931,2.553957
804644253.751733,2.7680399999999996
804644256.975801,3.13938
804644259.251375,2.189238
804644262.0772749,2.746451
804644264.2984469,2.136665
804644266.91504,2.531835
804644269.324014,2.328942
804644272.429244,3.0203629999999997
804644275.032586,2.5185440000000003
804644277.448712,2.3366149999999997
804644279.975415,2.441911
804644282.50923,2.424715
804644284.743312,2.150156
804644287.076735,2.247819
804644289.41707,2.2611250000000003
804644292.395686,2.89432
804644294.885809,2.405071
804644296.8468399,1.88106
804644299.308648,2.3779920000000003
804644301.498226,2.107111
804644303.949679,2.367212
804644306.719478,2.659573
804644309.070162,2.266161
804644311.546939,2.3926160000000003
804644313.952736,2.326051
804644316.3556421,2.318609
804644318.604122,2.163412
804644320.9832621,2.300266
804644322.9916079,1.923859
804644325.2908269,2.220059
804644327.236647,1.861966
804644329.540863,2.2245749999999997
804644330.9691479,1.343127
804644332.823506,1.791622
804644334.190179,1.300534
804644335.6760089,1.427915
804644338.2876099,2.530342
804644340.515818,2.129553
804644342.6618,2.0606180000000003
804644344.435826,1.6942000000000002
804644346.3913189,1.859289
804644348.486989,2.016375
804644350.696694,2.126546
804644352.7908449,2.015182
804644354.827458,1.95173
804644356.885385,1.9781669999999998
804644358.3635919,1.4055879999999998
804644360.1266569,1.674529
804644361.541797,1.325727
804644363.265335,1.615396
804644365.596493,2.2516279999999997
804644367.872227,2.189092
804644370.038797,2.0872949999999997
804644372.586058,2.461135
804644375.399183,2.728818
804644378.240659,2.7618310000000004
804644380.526487,2.200229
804644382.8773711,2.26574
804644385.2843261,2.3275650000000003
804644387.935564,2.5662049999999996
804644390.632399,2.58734
804644393.53381,2.8168450000000003
804644396.2151289,2.59604
804644398.9003811,2.600765
804644401.3401821,2.36001
804644403.938617,2.513403
804644406.0452269,1.9955820000000002
804644408.441532,2.308946
804644410.4261229,1.899704
804644412.762989,2.257777
804644415.390688,2.543577
804644417.8820189,2.411821
804644420.038646,2.058308
804644422.605217,2.474216
804644424.984352,2.29984
804644427.451732,2.383504
804644429.7036309,2.172514
804644432.4894279,2.701195
804644434.772208,2.198494
804644437.052944,2.187183
804644439.051152,1.899588
804644441.224467,2.093584
804644443.1152201,1.805544
804644445.24114,2.045653
804644447.542243,2.21594
804644449.8211089,2.1992760000000002
804644452.400365,2.495025
804644454.9582961,2.4730239999999997
804644457.4260831,2.388356
804644459.700328,2.176678
804644462.2470679,2.460378
804644464.693279,2.361278
804644466.941058,2.162966
804644469.44566,2.425122
804644471.930736,2.4003750000000004
804644474.112516,2.067244
804644476.0800121,1.883827
804644478.469597,2.304787
804644480.524392,1.975129
804644482.668384,2.059185
804644484.751074,2.003726
804644486.8226521,1.9874430000000003
804644488.875186,1.972799
804644490.781034,1.8212
804644492.5543181,1.694415
804644494.167905,1.539905
804644496.767202,2.518509
804644498.8709811,2.018895
804644501.800603,2.835598
804644504.3114,2.4261
804644506.733695,2.3378029999999996
804644509.347275,2.5340860000000003
804644511.600752,2.16868
804644513.6728419,1.9929359999999998
804644515.9433991,2.1862549999999996
804644518.0218091,1.9635870000000002
804644520.1537881,2.046615
804644521.704639,1.465994
804644523.2951729,1.5121259999999999
804644525.648247,2.2853909999999997
804644527.861621,2.139441
804644529.601227,1.660025
804644531.080937,1.395414
804644532.639897,1.479976
804644534.909737,2.180136
804644536.943407,1.942674
804644539.1457809,2.117691
804644541.19181,1.9672159999999999
804644543.799772,2.522192
804644546.2186351,2.338826
804644548.491498,2.1840610000000003
804644550.505743,1.928671
804644552.709494,2.1245320000000003
804644554.998624,2.199722
804644557.301687,2.2229609999999997
804644559.707473,2.322293
804644561.963456,2.176448
804644564.627895,2.579136
804644567.523287,2.81089
804644570.048136,2.445339
804644572.474592,2.341788
804644574.962059,2.402298
804644577.486046,2.444582
804644579.994877,2.423949
804644582.923381,2.8091209999999998
804644585.638819,2.635907
804644588.399046,2.676336
804644591.0832369,2.5997440000000003
804644593.528371,2.365363
804644595.893829,2.2813619999999997
804644598.189258,2.2163310000000003
804644600.6681349,2.37946
804644602.914446,2.1387
804644605.518013,2.5246079999999997
804644607.8282869,2.225051
804644609.923421,2.015152
804644612.155277,2.147957
804644614.261211,2.022069
804644616.4180629,2.076816
804644618.7889091,2.283868
804644620.6940249,1.826348
804644623.1057711,2.3279799999999997
804644625.6480199,2.4631459999999996
804644627.984396,2.245584
804644630.453074,2.360591
804644632.414335,1.865028
804644634.839728,2.34938
804644636.862738,1.94332
804644638.7857261,1.839704
804644640.407413,1.5431030000000001
804644641.8174961,1.326383
804644643.84414,1.946667
804644646.1980511,2.2587990000000002
804644648.3467591,2.064156
804644650.634731,2.2040520000000003
804644652.926157,2.211334
804644655.131266,2.120393
804644657.790042,2.579462
804644660.3723199,2.498448
804644663.10154,2.643982
804644665.552828,2.371883
804644667.974301,2.336696
804644670.8733369,2.763921
804644673.608471,2.650551
804644676.434075,2.740577
804644678.776675,2.257215
804644681.29545,2.4395599999999997
804644683.64692,2.266968
804644686.000976,2.2747219999999997
804644688.425251,2.3385849999999997
804644690.706097,2.195537
804644692.820866,2.033786
804644695.1233779,2.219183
804644697.4395059,2.235842
804644699.6594199,2.1347359999999997
804644701.639065,1.90027
804644703.7660769,2.0423709999999997
804644705.5686041,1.71995
804644707.3144699,1.661524
804644709.284061,1.8877659999999998
804644711.557685,2.1900090000000003
804644713.727106,2.083457
804644715.989009,2.176934
804644717.98233,1.883465
804644720.2326549,2.169912
804644722.351113,2.034372
804644724.396255,1.9650660000000002
804644726.656903,2.176323
804644728.744534,2.008191
804644730.979934,2.148829
804644733.3096889,2.249759
804644735.918835,2.52482
804644738.066736,2.068331
804644740.331334,2.179936
804644742.499994,2.083571
804644744.7174519,2.137723
804644746.9712601,2.169868
804644749.568433,2.517587
804644752.258055,2.604504
804644754.959175,2.6166980000000004
804644757.687477,2.645831
804644760.2728031,2.499977
804644763.54204,3.18445
804644766.28624,2.665301
804644768.820836,2.4499750000000002
804644771.309998,2.40286
804644773.712948,2.323716
804644776.451685,2.6544160000000003
804644779.4470251,2.910948
804644781.941268,2.4145719999999997
804644784.6293321,2.598891
804644787.088653,2.366034
804644789.415867,2.2481649999999997
804644792.286842,2.785952
804644795.273782,2.9022639999999997
804644798.043041,2.6893469999999997
804644800.814925,2.687447
804644803.460806,2.561349
804644805.974393,2.433527
804644809.00509,2.9459299999999997
804644811.359051,2.270251
804644813.596947,2.15828
804644815.802082,2.1194550000000003
804644817.908547,2.0273909999999997
804644820.6711099,2.677931
804644822.99224,2.236583
804644825.108392,2.0360959999999997
804644827.874598,2.682566
804644829.8074429,1.8525740000000002
804644832.286195,2.3951670000000003
804644834.226132,1.855661
804644836.114334,1.80822
804644838.562945,2.356497
804644840.9815869,2.3392869999999997
804644843.2456989,2.162386
804644845.190042,1.865193
804644847.337923,2.066627
804644849.553512,2.135617
804644851.7889019,2.151138
804644854.03404,2.165648
804644856.1384151,2.019688
804644857.999117,1.776386
804644859.952776,1.87249
804644861.79655,1.745184
804644864.296486,2.415009
804644866.169367,1.788855
804644868.474524,2.225497
804644870.5585021,1.9993099999999997
804644872.990374,2.3430299999999997
804644875.453765,2.379341
804644878.379673,2.846619
804644881.262295,2.798016
804644884.736576,3.375916
804644886.851771,2.03137
804644888.9913081,2.059967
804644890.948154,1.8726610000000001
804644893.641796,2.614452
804644896.125474,2.3989749999999996
804644898.317619,2.106605
804644901.094705,2.698102
804644903.324016,2.144834
804644905.657695,2.2544549999999997
804644907.705103,1.957518
804644910.019617,2.234874
804644912.49269,2.389354
804644914.955735,2.378849
804644917.007934,1.9731589999999999
804644919.363935,2.272261
804644921.911221,2.467575
804644924.26208,2.266522
804644926.2935549,1.945671
804644928.444645,2.071489
804644930.566355,2.036011
804644932.657755,2.011689
804644934.748237,2.004768
804644936.937064,2.1088050000000003
804644939.14953,2.128216
804644941.5224711,2.294132
804644943.792135,2.185264
804644945.889474,2.018229
804644948.446488,2.472993
804644950.8803201,2.349537
804644953.137246,2.177786
804644955.396221,2.174678
804644957.817358,2.342139
804644960.4457641,2.5440189999999996
804644962.707415,2.1771540000000003
804644965.1563671,2.370259
804644967.414254,2.174128
804644969.463581,1.9695009999999997
804644971.971115,2.422861
804644974.6784841,2.5980600000000003
804644976.881539,2.117777
804644979.103879,2.137702
804644981.748697,2.5655140000000003
804644984.453686,2.620191
804644987.270379,2.732487
804644990.035873,2.685889
804644992.482626,2.3614629999999996
804644995.153224,2.585861
804644997.613508,2.376689
804645000.328686,2.6311519999999997
804645003.560827,3.148511
804645006.871139,3.230582
804645010.0661939,3.1106380000000002
804645013.337531,3.186204
804645016.794987,3.3713100000000003
804645019.8231729,2.9436750000000003
804645023.267358,3.36518
804645026.819815,3.4685010000000003
804645030.27079,3.366564
804645033.602964,3.2482230000000003
804645036.4991881,2.8118879999999997
804645039.3464681,2.7627580000000003
804645041.943125,2.516836
804645044.365881,2.337969
804645047.1703761,2.7191419999999997
804645049.6898069,2.4400720000000002
804645052.406528,2.631808
804645055.092888,2.601116
804645057.509204,2.336751
804645059.8963729,2.302611
804645062.089449,2.113066
804645064.333144,2.158932
804645066.6445961,2.226876
804645068.96721,2.243003
804645071.651981,2.599914
804645074.203477,2.472548
804645076.619277,2.331334
804645079.1987641,2.4954259999999997
804645081.640359,2.363007
804645084.256009,2.5306819999999997
804645086.7574639,2.4162559999999997
804645089.104579,2.26749
804645091.804236,2.615401
804645094.1295849,2.2462400000000002
804645096.9944711,2.765765
804645099.541326,2.4619820000000003
804645102.2602069,2.638624
804645104.828753,2.483914
804645107.059582,2.144057
804645109.7414011,2.601768
804645112.479051,2.6537
804645115.064512,2.5008679999999996
804645117.645381,2.5013840000000003
804645120.565215,2.835412
804645123.357852,2.708437
804645126.4546081,3.016975
804645128.884456,2.345176
804645131.047041,2.077854
804645133.271331,2.1449849999999997
804645135.905851,2.5505839999999997
804645138.2915909,2.305598
804645140.910188,2.5342860000000003
804645143.188057,2.193713
804645145.40961,2.142253
804645148.226509,2.732663
804645150.504979,2.1935729999999998
804645153.133591,2.549402
804645155.750253,2.5318609999999997
804645157.964173,2.13458
804645160.1919509,2.143331
804645162.841174,2.565178
804645165.270576,2.349746
804645167.8710359,2.516073
804645170.23936,2.288639
804645172.4585179,2.134535
804645174.919543,2.376413
804645177.399332,2.3998980000000003
804645180.0956409,2.611461
804645182.304249,2.12371
804645184.527059,2.143862
804645186.7377421,2.1254239999999998
804645188.782678,1.96474
804645191.072791,2.2006040000000002
804645193.736127,2.5834099999999998
804645196.053619,2.232093
804645198.576338,2.437315
804645201.269764,2.6132400000000002
804645203.921258,2.566582
804645206.1953139,2.194881
804645208.505353,2.225282
804645210.7937809,2.203857
804645213.072061,2.19879
804645215.5546321,2.398129
804645218.2936649,2.659292
804645220.7698599,2.3912080000000002
804645223.123866,2.269164
804645225.664688,2.461527
804645228.58411,2.835012
804645231.392926,2.724324
804645233.874515,2.4024189999999996
804645236.147042,2.1879
804645238.531824,2.298632
804645241.325564,2.71434
804645244.054073,2.643926
804645246.669307,2.5292589999999997
804645249.279054,2.530487
804645251.9696289,2.607121
804645254.489696,2.413164
804645256.9220899,2.343602
804645259.377934,2.371232
804645261.9774319,2.519838
804645264.665902,2.603457
804645266.724375,1.974693
804645269.3306789,2.526853
804645272.217887,2.801994
804645274.666092,2.3569530000000003
804645277.490905,2.7450170000000003
804645279.691779,2.1174660000000003
804645282.1756829,2.403621
804645284.7511,2.49085
804645286.91762,2.0821289999999997
804645289.39551,2.3986799999999997
804645291.750754,2.271048
804645294.090863,2.260499
804645296.783813,2.608734
804645299.17457,2.305408
804645301.799361,2.545046
804645304.337461,2.453613
804645307.11086,2.687619
804645309.6639141,2.473715
804645312.377358,2.628651
804645314.8756051,2.413981
804645317.203325,2.248495
804645319.407146,2.119981
804645321.725955,2.239786
804645324.258953,2.447509
804645326.558729,2.215218
804645328.879187,2.241535
804645331.636563,2.672753
804645334.182972,2.467084
804645336.635908,2.367779
804645339.1056039,2.379164
804645341.424949,2.2398409999999997
804645343.7954841,2.285693
804645345.842911,1.9678669999999998
804645348.488371,2.562357
804645350.649599,2.077382
804645352.858658,2.1140120000000002
804645354.940345,1.9981780000000002
804645356.637652,1.617987
804645358.4801071,1.758996
804645360.804535,2.245483
804645363.082118,2.1877590000000002
804645365.365725,2.2045329999999996
804645367.200628,1.749925
804645369.373778,2.093961
804645371.260501,1.802016
804645372.9258441,1.585768
804645374.55179,1.5329300000000001
804645377.294241,2.669666
804645379.98437,2.601583
804645382.1827891,2.0913250000000003
804645384.159371,1.8925210000000001
804645386.3284769,2.084529
804645388.73289,2.325209
804645391.1200689,2.3029669999999998
804645393.716484,2.517913
804645396.0818579,2.268277
804645398.2589519,2.078164
804645400.5331819,2.194905
804645402.8671069,2.250149
804645405.057166,2.099203
804645407.413308,2.2580080000000002
804645409.633473,2.1403440000000002
804645411.8649789,2.147731
804645414.00445,2.059671
804645416.0797621,1.9911109999999999
804645418.035812,1.871347
804645420.178125,2.063109
804645421.6606671,1.398261
804645423.3927151,1.6689509999999999
804645425.50562,2.033621
804645427.550943,1.93422
804645429.549387,1.9187130000000001
804645431.557107,1.92384
804645433.499414,1.850037
804645435.434966,1.85139
804645437.308153,1.779113
804645439.215363,1.823035
804645441.247721,1.953238
804645443.19961,1.8526440000000002
804645445.194536,1.91552
804645446.949563,1.668676
804645448.96271,1.9327210000000001
804645451.1496431,2.098411
804645453.26579,2.0364609999999996
804645455.292414,1.942297
804645457.295117,1.922691
804645459.726508,2.34709
804645461.931422,2.125399
804645464.2763369,2.259792
804645466.364465,2.00341
804645468.721448,2.274356
804645470.9067819,2.097138
804645473.1424379,2.156862
804645475.350634,2.12391
804645477.665043,2.234929
804645479.582728,1.833129
804645481.7838291,2.117756
804645483.954753,2.0865039999999997
804645486.248229,2.175861
804645488.19233,1.85938
804645490.651888,2.373542
804645492.915138,2.184202
804645495.1868479,2.187293
804645497.393807,2.1274290000000002
804645499.685222,2.205635
804645502.233846,2.469004
804645504.750456,2.431857
804645507.1409719,2.304216
804645509.323785,2.103247
804645511.923664,2.5155529999999997
804645514.161786,2.1271430000000002
804645516.557459,2.31051
804645519.06165,2.417619
804645521.377642,2.236979
804645523.653381,2.192014
804645525.998196,2.266052
804645528.3801271,2.2976199999999998
804645530.5970249,2.132997
804645533.004947,2.3134520000000003
804645535.265896,2.176974
804645537.338192,1.9923739999999999
804645539.3689699,1.944618
804645541.443225,1.9946539999999997
804645543.290862,1.7631949999999998
804645545.4246811,2.04231
804645547.505882,1.9819849999999999
804645549.288222,1.693634
804645551.406584,2.031952
804645553.338463,1.838331
804645555.386281,1.958516
804645557.213506,1.734273
804645559.456619,2.1465989999999997
804645561.283909,1.748601
804645563.420258,2.038081
804645565.312023,1.812431
804645567.210368,1.8022470000000002
804645569.199836,1.89621
804645571.319461,2.019117
804645573.581514,2.182863
804645575.713669,2.0452220000000003
804645577.723393,1.9307409999999998
804645580.70684,2.899436
804645582.696663,1.927027
804645584.683625,1.924166
804645586.661595,1.909902
804645588.576665,1.845602
804645590.858047,2.2067829999999997
804645592.586737,1.663138
804645594.708107,2.0541639999999997
804645596.611665,1.841583
804645598.7365919,2.0387220000000004
804645600.808437,1.993672
804645603.1942871,2.30199
804645605.424169,2.1496399999999998
804645607.533997,2.025035
804645609.585408,1.9736960000000001
804645611.692735,2.021637
804645613.9632571,2.192896
804645616.1733531,2.1256090000000003
804645618.082739,1.8170009999999999
804645620.036233,1.880755
804645622.0222931,1.9025450000000002
804645624.1146699,2.017041
804645626.992831,2.803342
804645628.604359,1.546923
804645630.461653,1.8307950000000002
804645631.725019,1.230178
804645634.026825,2.2719139999999998
804645635.276242,1.2154
804645636.8787111,1.567375
804645638.7101921,1.794615
804645640.208184,1.462454
804645642.004306,1.72513
804645644.089311,2.04119
804645646.1227,1.985807
804645648.298927,2.1312480000000003
804645650.362932,1.981421
804645652.7774069,2.3564179999999997
804645655.197621,2.351595
804645657.440165,2.1831609999999997
804645659.7240341,2.2215529999999997
804645661.888286,2.106335
804645664.029435,2.079337
804645665.514364,1.421591
804645667.023159,1.4392610000000001
804645669.550073,2.454814
804645671.516199,1.8930399999999998
804645672.847418,1.2621710000000002
804645674.8991231,1.9889310000000002
804645677.235343,2.279131
804645679.726219,2.4170160000000003
804645682.036134,2.2405440000000003
804645684.048741,1.93016
804645686.3095449,2.172854
804645688.583164,2.196429
804645691.1422731,2.476556
804645693.465527,2.245263
804645695.842106,2.294352
804645698.30272,2.382818
804645700.612183,2.218601
804645703.167864,2.4732399999999997
804645705.637009,2.391012
804645708.0852901,2.3653530000000003
804645710.6317841,2.462609
804645712.951756,2.242135
804645714.882902,1.8470710000000001
804645717.1516,2.184907
804645719.322119,2.0865430000000003
804645721.695691,2.294804
804645723.837028,2.0577769999999997
804645726.388463,2.4717409999999997
804645728.874738,2.401983
804645731.2855209,2.326146
804645733.5505401,2.1851629999999997
804645735.692793,2.058453
804645737.935265,2.1631720000000003
804645740.178257,2.145064
804645742.1915951,1.928721
804645744.336429,2.0641269999999996
804645746.335956,1.914804
804645748.3145629,1.8983649999999999
804645750.982666,2.58329
804645753.588954,2.526463
804645755.839074,2.165573
804645758.1510819,2.231646
804645760.625062,2.3836299999999997
804645763.5146159,2.805227
804645766.2924991,2.698584
804645768.886489,2.509398
804645771.387087,2.4158399999999998
804645773.9487611,2.4732790000000002
804645776.351486,2.317506
804645778.684955,2.248436
804645780.811256,2.0467910000000002
804645783.06759,2.170609
804645785.301637,2.154802
804645787.661647,2.2755829999999997
804645789.957323,2.214892
804645792.368251,2.326257
804645794.609976,2.140298
804645796.895648,2.136309
804645799.248923,2.269655
804645801.8206121,2.486009
804645804.620381,2.714896
804645806.869944,2.165457
804645809.201593,2.251969
804645811.7010629,2.415163
804645813.956078,2.175957
804645816.174003,2.133087
804645818.505446,2.247363
804645821.207543,2.622842
804645823.994247,2.702182
804645826.5970529,2.466082
804645829.1650031,2.488855
804645831.681006,2.4311860000000003
804645833.831579,2.071558
804645836.218822,2.303057
804645838.3368039,2.033214
804645840.793554,2.3773359999999997
804645843.1484679,2.2704869999999997
804645845.650448,2.4200850000000003
804645848.13787,2.403887
804645850.514248,2.2898620000000003
804645852.953518,2.359734
804645855.718517,2.6807369999999997
804645858.0098621,2.2121760000000004
804645860.2746309,2.181108
804645862.508843,2.150828
804645864.6362259,2.047929
804645867.037172,2.316218
804645869.475078,2.358743
804645871.7175959,2.158817
804645874.008039,2.211615
804645877.252488,3.160805
804645880.414601,3.0777959999999998
804645883.45497,2.955487
804645886.485287,2.9507510000000003
804645889.597554,3.027941
804645892.608681,2.927051
804645894.948975,2.255973
804645897.35627,2.327349
804645899.573819,2.132851
804645901.7827771,2.129147
804645904.144321,2.2775529999999997
804645906.193607,1.9649200000000002
804645908.415045,2.142258
804645910.736636,2.237851
804645913.269639,2.4537690000000003
804645915.545378,2.192316
804645917.9810051,2.3562819999999998
804645920.5828781,2.517657
804645923.151128,2.48438
804645925.517723,2.28707
804645927.7402431,2.13854
804645929.968442,2.149209
804645932.52308,2.468913
804645934.75183,2.144664
804645936.99772,2.1662489999999996
804645939.2222041,2.1404240000000003
804645941.5057371,2.2001880000000003
804645943.7326419,2.14303
804645945.689634,1.877376
804645947.86116,2.087014
804645950.1456741,2.205164
804645952.2563541,2.026333
804645954.207232,1.866647
804645956.1856691,1.899122
804645958.591711,2.321651
804645960.691686,2.0204590000000002
804645962.8467089,2.06995
804645964.9761521,2.0492909999999998
804645967.220829,2.16011
804645969.6027501,2.302436
804645972.426545,2.7400049999999996
804645975.003511,2.491807
804645977.3477299,2.261211
804645980.137385,2.7052539999999996
804645982.441896,2.219659
804645984.908545,2.3874239999999998
804645987.157246,2.163593
804645989.2271199,1.9906199999999998
804645991.331164,2.019347
804645993.41635,2.006136
804645995.370585,1.869899
804645997.934129,2.483698
804646000.3562491,2.334736
804646002.688731,2.24801
804646004.703698,1.9350610000000001
804646006.750759,1.962564
804646008.7824349,1.952156
804646010.8623381,1.9960030000000002
804646012.922876,1.981414
804646014.972633,1.966224
804646017.0555631,2.003951
804646019.092757,1.953744
804646021.160066,1.9880390000000001
804646023.318627,2.074566
804646025.386532,1.9887759999999999
804646027.544362,2.0736830000000004
804646029.823804,2.2006539999999997
804646031.792699,1.8849889999999998
804646033.742103,1.870244
804646035.6735101,1.8325719999999999
804646037.610545,1.8574799999999998
804646039.5413761,1.8470909999999998
804646041.7328041,2.111647
804646044.090278,2.272917
804646046.374753,2.195212
804646048.5902619,2.136195
804646051.139232,2.464614
804646052.973523,1.74139
804646055.46932,2.412362
804646057.525262,1.976818
804646059.780723,2.171697
804646062.317495,2.457633
804646064.552439,2.151153
804646066.6787101,2.0414130000000004
804646069.399545,2.64107
804646071.761536,2.277809
804646074.083262,2.242156
804646076.777325,2.609967
804646079.395722,2.534797
804646082.125102,2.64983
804646084.613907,2.403427
804646087.2733951,2.575136
804646089.998054,2.645129
804646092.473072,2.3907260000000004
804646095.280414,2.722895
804646097.989251,2.629684
804646100.901353,2.828141
804646103.57586,2.589835
804646106.349313,2.694509
804646109.150821,2.7163
804646111.715763,2.480576
804646114.294112,2.49921
804646116.7756209,2.397237
804646119.700005,2.839883
804646121.8795501,2.100125
804646124.350479,2.386958
804646127.425368,2.989897
804646130.3326629,2.8279590000000003
804646133.835679,3.4194120000000003
804646136.104392,2.157032
804646138.953552,2.763109
804646141.51451,2.481273
804646144.109337,2.51013
804646147.152608,2.957963
804646149.89749,2.665687
804646152.882891,2.900358
804646155.37783,2.410428
804646158.1785569,2.721231
804646160.649861,2.387268
804646163.128227,2.394556
804646165.59447,2.386898
804646167.8664551,2.1875240000000002
804646170.4934369,2.547041
804646173.611202,3.032847
804646176.137795,2.441184
804646178.803978,2.582062
804646181.537874,2.650607
804646184.1218699,2.499074
804646186.909472,2.702503
804646189.67407,2.681494
804646192.321379,2.563078
804646194.979934,2.574063
804646197.721838,2.662841
804646200.3366721,2.529921
804646202.909588,2.488735
804646205.415427,2.426019
804646208.253781,2.753221
804646210.711785,2.371712
804646213.096317,2.304756
804646215.804649,2.6236900000000003
804646218.225385,2.3410509999999998
804646220.683314,2.373346
804646223.385185,2.617429
804646225.800003,2.3357989999999997
804646228.515455,2.630415
804646231.120381,2.520861
804646233.535195,2.335955
804646236.4865019,2.8668449999999996
804646238.821869,2.2505149999999996
804646241.388796,2.4868859999999997
804646243.4854879,2.011729
804646245.41674,1.852158
804646247.742947,2.2396
804646249.176936,1.354794
804646252.339615,3.0965200000000004
804646253.705159,1.299085
804646255.574918,1.783964
804646257.8217651,2.16685
804646259.939988,2.033881
804646262.282898,2.2295610000000003
804646264.55987,2.192385
804646266.80618,2.15815
804646269.020697,2.1344250000000002
804646271.232036,2.125299
804646273.453874,2.1419669999999997
804646275.438751,1.901172
804646277.7181491,2.2007049999999997
804646280.125504,2.323075
804646282.3185459,2.106991
804646284.4655399,2.0535010000000002
804646286.614759,2.050951
804646288.760385,2.047648
804646290.914817,2.07029
804646292.953489,1.958175
804646295.145027,2.105703
804646297.5771501,2.353049
804646299.8725549,2.210348
804646302.1809549,2.228884
804646304.4152031,2.149851
804646306.614879,2.1152509999999998
804646308.823472,2.129959
804646311.108277,2.200288
804646313.353154,2.165692
804646315.613678,2.1759169999999997
804646317.903936,2.2098259999999996
804646320.539613,2.5517169999999996
804646322.618013,1.9916420000000001
804646325.054777,2.344263
804646327.109015,1.9705830000000002
804646329.1195459,1.931047
804646331.565456,2.362145
804646333.853404,2.208607
804646335.930721,1.993046
804646338.23645,2.195988
804646340.705429,2.3848939999999996
804646343.168545,2.378784
804646345.89358,2.645364
804646348.466145,2.4875119999999997
804646351.218113,2.667401
804646353.870258,2.572575
804646356.893688,2.939569
804646359.53575,2.558532
804646361.992375,2.377751
804646364.529588,2.453829
804646366.489943,1.876188
804646368.900902,2.33181
804646371.268118,2.2831919999999997
804646373.4689231,2.121359
804646376.783466,3.231019
804646379.497305,2.629338
804646382.3369919,2.7606979999999997
804646384.63992,2.218295
804646387.002356,2.27829
804646389.502317,2.420331
804646391.9860209,2.399042
804646394.355663,2.259045
804646396.844909,2.405211
804646399.1075131,2.178433
804646401.743175,2.5565029999999997
804646404.387126,2.559585
804646407.189135,2.717978
804646410.045251,2.776846
804646412.630124,2.5010190000000003
804646415.309549,2.594271
804646418.078186,2.689613
804646420.659501,2.49755
804646423.408111,2.663742
804646426.1589661,2.668443
804646428.964158,2.7414929999999997
804646431.9641429,2.915218
804646434.863796,2.788007
804646437.776559,2.828071
804646440.438041,2.5765800000000003
804646442.978491,2.4551659999999997
804646445.687995,2.629493
804646448.223689,2.451047
804646450.941036,2.632901
804646453.390079,2.3694319999999998
804646455.974481,2.49949
804646458.980582,2.891784
804646461.379994,2.3147599999999997
804646463.855939,2.391664
804646466.075236,2.1401380000000003
804646468.707621,2.547752
804646471.226125,2.4332450000000003
804646473.821844,2.5155770000000004
804646476.3602949,2.452867
804646478.837508,2.3931120000000004
804646481.470368,2.551415
804646483.716338,2.1616589999999998
804646485.943584,2.147496
804646488.389795,2.3612130000000002
804646490.6977639,2.223092
804646492.992533,2.215048
804646495.33819,2.2603940000000002
804646497.92564,2.506983
804646500.803135,2.792086
804646503.322111,2.4278329999999997
804646505.7415241,2.339136
804646508.1066611,2.280675
804646510.357813,2.1658329999999997
804646513.1330451,2.695466
804646515.567102,2.348709
804646518.017989,2.3712519999999997
804646520.450814,2.3487690000000003
804646523.2692671,2.7333000000000003
804646525.7627981,2.414112
804646528.123335,2.276004
804646530.394673,2.186191
804646533.118691,2.644062
804646535.521696,2.318288
804646537.7849661,2.183469
804646540.050512,2.1799660000000003
804646541.996518,1.860743
804646544.935497,2.832255
804646547.351823,2.331358
804646549.968326,2.537198
804646552.4788461,2.425774
804646554.960469,2.397072
804646557.370852,2.330321
804646559.94243,2.4872560000000004
804646562.63535,2.581571
804646565.719356,2.9993749999999997
804646568.113662,2.309578
804646570.68769,2.48877
804646573.3473129,2.580152
804646576.100945,2.668628
804646578.628435,2.442136
804646581.2911301,2.58326
804646583.710523,2.3335589999999997
804646585.958032,2.1680979999999996
804646588.135122,2.092753
804646590.5051401,2.285541
804646592.952388,2.367112
804646595.44184,2.405285
804646598.0625521,2.540355
804646600.685991,2.5387410000000004
804646603.086605,2.315873
804646605.426544,2.255988
804646607.458857,1.947921
804646609.93142,2.391038
804646611.991045,1.9727379999999999
804646614.176108,2.07032
804646616.8139551,2.5578049999999997
804646619.3108289,2.411395
804646621.421113,2.024624
804646623.894662,2.388155
804646626.982221,3.007804
804646629.4347819,2.365723
804646632.07939,2.5599
804646634.110585,1.945355
804646636.2946459,2.1040439999999996
804646638.6958821,2.313607
804646641.148017,2.372018
804646643.66405,2.429882
804646646.100132,2.3510649999999997
804646648.284564,2.097023
804646650.677556,2.308355
804646652.748623,1.991066
804646654.6919279,1.858412
804646656.858403,2.090478
804646658.906291,1.9609969999999999
804646661.045087,2.058188
804646662.9565021,1.826719
804646664.7918459,1.755628
804646667.031797,2.150738
804646669.04978,1.926536
804646671.054558,1.9160819999999998
804646673.138912,2.003615
804646675.1488371,1.9123729999999999
804646677.231271,2.002383
804646679.368227,2.037549
804646681.5846031,2.136665
804646683.878895,2.209299
804646686.122208,2.164269
804646687.978431,1.769129
804646689.985008,1.894185
804646692.252041,2.1730650000000002
804646694.486564,2.146287
804646696.635057,2.068942
804646698.908787,2.184527
804646701.331764,2.342835
804646703.372556,1.9563549999999998
804646705.836653,2.382578
804646707.788097,1.864702
804646709.937723,2.0700950000000002
804646711.972971,1.950577
804646714.271278,2.1856839999999997
804646716.589195,2.2337809999999996
804646718.962521,2.2874969999999997
804646721.077927,2.035454
804646723.298839,2.135863
804646725.543741,2.165096
804646727.547823,1.918507
804646729.515935,1.888628
804646731.520688,1.917956
804646733.656757,2.056578
804646735.7899489,2.049116
804646737.782428,1.912819
804646740.0446161,2.176142
804646742.0694959,1.9385590000000001
804646744.224138,2.074471
804646746.401448,2.092733
804646748.354761,1.874154
804646750.974727,2.536982
804646753.194345,2.139742
804646755.539841,2.257447
804646757.529604,1.910709
804646759.4439019,1.8176970000000001
804646761.741537,2.20552
804646764.275097,2.448707
804646766.584905,2.224986
804646768.8000679,2.135241
804646771.1243451,2.239003
804646773.289126,2.077242
804646775.110842,1.737611
804646777.3589569,2.1515750000000002
804646779.4409701,1.9979720000000003
804646781.4342409,1.913154
804646783.328181,1.809864
804646785.47286,2.06133
804646787.62003,2.061857
804646789.7313609,2.0314159999999997
804646792.377453,2.5617550000000002
804646794.567467,2.105572
804646797.122005,2.4748769999999998
804646799.6751449,2.467179
804646802.1851391,2.429507
804646804.864248,2.594416
804646807.161221,2.210778
804646809.453915,2.212683
804646811.709823,2.171807
804646813.953046,2.1637280000000003
804646816.6704841,2.6327350000000003
804646818.849578,2.0931740000000003
804646821.478283,2.548143
804646823.9065881,2.343001
804646826.1208941,2.134655
804646828.678975,2.4740360000000003
804646831.022818,2.260559
804646833.271625,2.169026
804646835.575384,2.2188160000000003
804646837.7302461,2.0746860000000003
804646839.6145539,1.798282
804646842.089857,2.393103
804646844.374482,2.186511
804646846.681689,2.223152
804646848.972513,2.198023
804646850.912681,1.854614
804646853.177164,2.1849529999999997
804646855.336613,2.075433
804646857.422043,2.0058409999999998
804646859.6676569,2.160716
804646861.6205289,1.870962
804646863.611666,1.8979890000000001
804646865.894757,2.204017
804646867.995478,2.015578
804646870.390716,2.2779089999999997
804646872.446824,1.973776
804646874.5272031,1.9949949999999999
804646877.190359,2.5839909999999997
804646879.500037,2.198439
804646881.825907,2.242046
804646884.58201,2.668373
804646887.035458,2.368926
804646889.84321,2.724498
804646892.928274,3.00009
804646895.270353,2.253633
804646897.6909491,2.34055
804646900.498431,2.36413
804646902.9604089,2.37729
804646905.913154,2.873165
804646908.363014,2.365002
804646910.4436029,1.99512
804646912.824367,2.301183
804646914.896056,1.987187
804646916.979702,2.0038310000000004
804646919.1809729,2.115331
804646921.404045,2.143606
804646923.370779,1.8818570000000001
804646925.6490691,2.1987389999999998
804646927.608722,1.87492
804646929.538556,1.8355089999999998
804646931.7508019,2.127439
804646934.376255,2.5440039999999997
804646936.608995,2.148152
804646938.976081,2.268828
804646941.345353,2.289491
804646943.4370229,1.993753
804646945.859308,2.341933
804646948.313533,2.368379
804646950.928692,2.530212
804646953.105882,2.0979
804646955.37483,2.184357
804646957.641975,2.187669
804646959.814103,2.087736
804646962.122222,2.228459
804646964.703848,2.49757
804646967.080477,2.291941
804646969.5803881,2.4205059999999996
804646972.041353,2.373195
804646974.564543,2.4376860000000002
804646977.017384,2.3734569999999997
804646979.512856,2.410809
804646981.964143,2.371056
804646984.13597,2.0867839999999998
804646986.489741,2.268833
804646987.955534,1.3855060000000001
804646989.5131661,1.47086
804646991.2872471,1.712883
804646993.499593,2.14731
804646995.851454,2.285091
804646998.095886,2.181475
804647000.7532591,2.5852399999999998
804647003.147629,2.3277699999999997
804647005.399252,2.188707
804647007.752456,2.28695
804647009.6248361,1.809007
804647011.076496,1.371764
804647012.861156,1.6743439999999998
804647015.2233119,2.277463
804647017.179126,1.876078
804647019.227972,1.9643590000000002
804647021.459187,2.15125
804647023.237278,1.693658
804647025.112288,1.803625
804647027.409608,2.212838
804647029.638974,2.1471799999999996
804647031.8306819,2.107808
804647034.030835,2.120272
804647036.241106,2.125334
804647038.429743,2.103864
804647040.613207,2.104025
804647042.666844,1.96889
804647044.712999,1.9667590000000001
804647046.894423,2.096822
804647049.20372,2.2285690000000002
804647051.7661259,2.476667
804647054.224977,2.37294
804647056.594845,2.285507
804647059.0259709,2.346664
804647062.023139,2.908768
804647064.70717,2.592357
804647067.059392,2.26737
804647069.574312,2.420737
804647072.2870741,2.628435
804647074.630416,2.258674
804647077.007266,2.296954
804647079.666242,2.574284
804647082.09395,2.3475509999999997
804647084.581597,2.402669
804647087.060399,2.393819
804647089.4877009,2.348143
804647091.6577691,2.084809
804647094.2046239,2.4666580000000002
804647096.603214,2.313181
804647098.648041,1.9600989999999998
804647101.151024,2.423148
804647103.7576389,2.5221929999999997
804647106.3730431,2.53579
804647109.1321831,2.6735550000000003
804647111.7679,2.550684
804647114.2576519,2.410839
804647116.905648,2.562196
804647119.348366,2.35795
804647121.616447,2.188872
804647124.060709,2.3599010000000002
804647126.9370409,2.792097
804647129.56258,2.542094
804647132.226172,2.578043
804647134.9162049,2.604375
804647137.634164,2.637737
804647140.646148,2.927442
804647143.1233361,2.3931069999999997
804647145.855538,2.652146
804647148.664263,2.723592
804647151.35158,2.6026399999999996
804647154.283712,2.851905
804647156.9614731,2.593163
804647159.838382,2.791861
804647162.357001,2.4389440000000002
804647165.148391,2.7018760000000004
804647167.713143,2.480155
804647170.2215941,2.4288
804647172.7546921,2.448481
804647175.288602,2.4487319999999997
804647177.75299,2.383841
804647180.245559,2.408067
804647183.1784029,2.847546
804647185.70672,2.448918
804647188.371536,2.580008
804647190.977448,2.521912
804647193.6777309,2.6203760000000003
804647196.542236,2.780269
804647199.196166,2.5692530000000002
804647201.735785,2.4588710000000003
804647205.0324459,3.2121139999999997
804647207.6439921,2.526959
804647210.350669,2.627067
804647213.130116,2.694504
804647215.905193,2.690084
804647218.915322,2.930143
804647221.652741,2.652747
804647224.26356,2.5246779999999998
804647227.084097,2.7353590000000003
804647229.584058,2.420602
804647232.115513,2.445605
804647234.453282,2.252816
804647236.9412551,2.408468
804647239.399914,2.3739529999999998
804647241.964516,2.484845
804647244.747817,2.6968349999999996
804647247.538651,2.706717
804647250.805903,3.183403
804647254.178662,3.28759
804647257.588011,3.324527
804647260.181635,2.509167
804647262.5983521,2.331328
804647265.418524,2.740476
804647268.127326,2.624305
804647271.021786,2.8095619999999997
804647273.876673,2.759756
804647276.701927,2.740827
804647279.254706,2.4685979999999996
804647282.203993,2.868855
804647285.007521,2.7177379999999998
804647287.6997811,2.607587
804647290.2832559,2.5036300000000002
804647292.7884289,2.420551
804647295.622082,2.749337
804647298.0363741,2.334901
804647300.365146,2.243083
804647303.030147,2.579927
804647304.951867,1.841929
804647307.256919,2.220521
804647309.9138111,2.577115
804647312.159079,2.16022
804647314.611334,2.366299
804647316.869572,2.178803
804647319.339077,2.384762
804647321.60165,2.183254
804647323.894589,2.208202
804647326.62621,2.6521359999999996
804647329.156086,2.445294
804647331.449772,2.208617
804647333.9462601,2.416652
804647336.3235711,2.293009
804647338.843112,2.43492
804647340.883448,1.9599280000000001
804647343.642006,2.6728530000000004
804647346.32122,2.60025
804647349.028324,2.621193
804647351.2823169,2.169211
804647353.5443339,2.181951
804647355.812856,2.18393
804647358.460156,2.567228
804647361.194823,2.649784
804647364.165405,2.884331
804647366.90967,2.658575
804647369.432639,2.442447
804647372.156341,2.6393459999999997
804647375.156438,2.915048
804647378.408069,3.171926
804647381.767557,3.275431
804647385.0930051,3.241402
804647388.410825,3.232723
804647391.706584,3.2103
804647394.3713939,2.584959
804647396.7274201,2.267485
804647399.379545,2.567223
804647402.0095041,2.5493669999999997
804647404.7087951,2.614272
804647407.292696,2.498744
804647409.717813,2.345972
804647412.492619,2.690399
804647415.016637,2.438689
804647417.4422799,2.345402
804647419.929988,2.402148
804647422.471385,2.431341
804647424.841649,2.2857480000000003
804647427.325909,2.398891
804647429.69943,2.293987
804647432.097173,2.312841
804647434.2751449,2.091921
804647436.520102,2.1649260000000004
804647438.8221021,2.217929
804647441.1056089,2.20069
804647443.378176,2.187184
804647445.585652,2.127148
804647447.916198,2.24603
804647450.213838,2.217704
804647452.292909,1.9936379999999998
804647454.482312,2.1048310000000003
804647456.708967,2.145992
804647458.922421,2.129078
804647461.0489221,2.0475519999999996
804647463.192824,2.05931
804647465.106119,1.83341
804647467.4667209,2.276166
804647469.4058471,1.85968
804647471.8927519,2.401362
804647473.845399,1.8731609999999999
804647475.917734,1.986902
804647478.271299,2.272386
804647480.410751,2.0545289999999996
804647482.762357,2.2592659999999998
804647485.511127,2.663376
804647487.935793,2.339413
804647490.660799,2.615199
804647493.7502121,3.0047759999999997
804647495.939835,2.101413
804647498.755036,2.708767
804647501.942152,3.102173
804647504.3368319,2.31053
804647506.990482,2.568982
804647509.547181,2.4764320000000004
804647512.189388,2.557254
804647514.856047,2.5816559999999997
804647517.478924,2.543152
804647519.839832,2.275153
804647522.514108,2.595158
804647524.6319001,2.0328389999999996
804647526.480529,1.7686979999999999
804647528.788453,2.2135290000000003
804647530.990616,2.1172500000000003
804647533.4663761,2.395428
804647535.965756,2.410899
804647538.299289,2.221142
804647540.454578,2.070436
804647542.639039,2.099984
804647545.409104,2.6898579999999996
804647548.09799,2.6043089999999998
804647550.321923,2.1379889999999997
804647552.685462,2.283617
804647554.97373,2.203692
804647557.312191,2.2584589999999998
804647559.3183119,1.921905
804647562.01686,2.6187620000000003
804647564.363093,2.2608849999999996
804647566.56688,2.1191690000000003
804647568.5952779,1.948838
804647570.8658301,2.18376
804647573.248302,2.3012580000000002
804647575.859012,2.525531
804647578.0712731,2.132345
804647580.266604,2.110309
804647582.388976,2.023367
804647584.647355,2.177971
804647586.622313,1.8799730000000001
804647589.102844,2.400976
804647591.5339301,2.346074
804647593.803826,2.1907010000000002
804647596.136056,2.2481400000000002
804647598.8247969,2.6033720000000002
804647601.8248371,2.920255
804647604.320213,2.4099820000000003
804647607.083463,2.67734
804647609.7766739,2.6131800000000003
804647612.409389,2.5470699999999997
804647614.912608,2.418562
804647617.618188,2.6254429999999997
804647620.366697,2.663497
804647623.211191,2.757831
804647626.086581,2.796241
804647629.175313,3.003964
804647632.1387479,2.877405
804647634.584057,2.359053
804647637.051667,2.387294
804647640.083718,2.943805
804647642.757479,2.5880159999999997
804647645.8041431,2.966968
804647648.473724,2.584177
804647651.029911,2.4722310000000003
804647653.601985,2.464203
804647656.34798,2.661413
804647658.862695,2.4290459999999996
804647661.4541839,2.512079
804647663.793747,2.2546049999999997
804647666.421941,2.549026
804647668.801357,2.294267
804647671.332305,2.446005
804647674.019276,2.606785
804647676.506263,2.402154
804647678.998716,2.40906
804647681.5171751,2.437591
804647684.23771,2.6347850000000004
804647686.724651,2.401292
804647689.720287,2.914958
804647692.1472629,2.342524
804647694.6372961,2.403622
804647696.869127,2.1528329999999998
804647699.050647,2.096652
804647701.108889,1.9784519999999999
804647703.929682,2.7359210000000003
804647706.244548,2.201952
804647708.5117171,2.183084
804647710.717574,2.119014
804647712.681527,1.884859
804647715.0592779,2.2920570000000002
804647717.2395201,2.100361
804647719.376044,2.0393939999999997
804647721.938576,2.468222
804647724.041924,2.0184349999999998
804647726.2835929,2.14499
804647728.632808,2.2699759999999998
804647730.635763,1.9172900000000002
804647733.006353,2.291617
804647734.3447989,1.2660429999999998
804647736.383526,1.943801
804647738.2450911,1.776942
804647740.209495,1.8735920000000001
804647742.514677,2.219819
804647745.028581,2.429512
804647748.0774399,2.96365
804647750.9879581,2.824087
804647753.635723,2.567909
804647756.452367,2.717663
804647759.1577209,2.605682
804647761.750739,2.5132969999999997
804647763.964769,2.1294429999999998
804647766.671136,2.5945009999999997
804647768.967748,2.211494
804647771.391411,2.3389610000000003
804647773.356046,1.884533
804647775.64038,2.200027
804647777.916064,2.194661
804647779.620077,1.604757
804647781.8825101,2.182708
804647783.953142,1.98655
804647785.946293,1.858603
804647788.084,2.0525349999999998
804647789.783031,1.613818
804647791.462477,1.6019249999999998
804647793.556974,2.014866
804647795.5837079,1.934444
804647797.264191,1.598176
804647798.913286,1.559998
804647800.6111801,1.609072
804647802.804181,2.107322
804647805.163039,2.280074
804647807.49342,2.245183
804647809.735485,2.1599190000000004
804647812.211897,2.390752
804647814.5059329,2.208688
804647816.613927,2.026604
804647818.779739,2.078956
804647821.0359931,2.176338
804647823.288895,2.166315
804647825.509145,2.140765
804647827.771387,2.178026
804647829.962845,2.1118970000000004
804647832.156422,2.107021
804647834.410326,2.169101
804647836.705871,2.21588
804647838.909787,2.119004
804647841.117854,2.127579
804647843.552588,2.3498859999999997
804647845.802858,2.1704939999999997
804647847.889201,2.001782
804647850.13037,2.1613629999999997
804647852.368351,2.1531480000000003
804647854.9668311,2.513096
804647857.33292,2.2866850000000003
804647859.809106,2.3907960000000004
804647862.110359,2.2166669999999997
804647864.873178,2.67789
804647867.6220391,2.663678
804647870.058838,2.357199
804647872.521948,2.3742530000000004
804647874.5922589,1.9852720000000001
804647877.10093,2.4293109999999998
804647879.533865,2.3474009999999996
804647881.9692309,2.3562309999999997
804647884.208646,2.1548230000000004
804647886.037319,1.7444520000000001
804647888.53942,2.4222750000000004
804647890.495023,1.871062
804647892.7628139,2.189057
804647894.578872,1.728926
804647896.466367,1.805615
804647898.3130771,1.762073
804647900.9990461,2.604991
804647903.4394491,2.355966
804647905.911656,2.3918749999999998
804647908.2483971,2.251352
804647910.457787,2.125274
804647913.15834,2.620913
804647915.329751,2.0870900000000003
804647917.375975,1.966995
804647919.492453,2.0310699999999997
804647921.4013081,1.828437
804647923.530004,2.044536
804647925.591359,1.9816690000000001
804647927.865129,2.18819
804647929.9217631,1.9768780000000001
804647932.1266071,2.1198710000000003
804647934.367119,2.142113
804647936.647017,2.20067
804647938.581998,1.851126
804647941.148855,2.487457
804647943.359062,2.125805
804647945.645526,2.2066429999999997
804647948.030414,2.285857
804647950.416695,2.288157
804647952.6414499,2.145316
804647954.909927,2.183068
804647957.4196011,2.423809
804647959.815225,2.310174
804647962.077407,2.182006
804647964.788705,2.625759
804647967.307576,2.434243
804647970.209553,2.821911
804647972.616948,2.322799
804647974.8197421,2.118533
804647977.036013,2.136389
804647979.2103909,2.0887029999999998
804647981.834452,2.5448760000000004
804647984.150545,2.230739
804647986.541742,2.306681
804647989.237389,2.616317
804647991.638044,2.316083
804647993.834779,2.117019
804647996.519505,2.600149
804647998.8471199,2.2418899999999997
804648001.3895,2.462679
804648003.785423,2.310445
804648006.371906,2.506923
804648008.9454089,2.48828
804648011.511389,2.466368
804648014.198897,2.59844
804648016.85661,2.573146
804648019.446921,2.505198
804648021.836415,2.3097280000000002
804648024.278116,2.356833
804648027.032168,2.670183
804648029.659852,2.5477770000000004
804648032.422435,2.678342
804648034.653144,2.146713
804648036.851498,2.1187229999999997
804648039.360846,2.4251020000000003
804648042.00634,2.566266
804648044.827454,2.736638
804648047.2920029,2.380188
804648050.0455561,2.674057
804648052.807066,2.677259
804648055.527054,2.635341
804648058.419945,2.81297
804648060.870661,2.3653519999999997
804648063.49401,2.5383459999999998
804648066.128384,2.5547690000000003
804648068.572214,2.359875
804648071.093089,2.436423
804648073.480858,2.307749
804648075.8691001,2.3036440000000002
804648077.8815861,1.9329749999999999
804648080.468835,2.50349
804648082.8719809,2.318383
804648085.364986,2.413339
804648087.796077,2.346685
804648090.029212,2.152958
804648092.3135209,2.199963
804648094.4195601,2.021106
804648096.6693281,2.170048
804648099.0562661,2.300532
804648101.547627,2.411816
804648103.75201,2.118538
804648106.039752,2.195317
804648107.98631,1.863163
804648110.093516,1.990044
804648112.315575,2.142489
804648114.366992,1.9664079999999997
804648116.289869,1.8435380000000001
804648118.394735,2.01639
804648120.390352,1.9157659999999999
804648199.096745,78.620969
804648203.390908,4.208655
804648207.5817219,4.111659
804648211.026994,3.3609109999999998
804648213.632896,2.526062
804648215.818941,2.10201
804648218.39085,2.492593
804648221.124726,2.64963
804648223.885274,2.6764580000000002
804648226.628622,2.663943
804648229.1624371,2.4485959999999998
804648231.7002059,2.453728
804648233.719478,1.9398119999999999
804648236.2422321,2.438483
804648238.8050289,2.47798
804648241.293023,2.405707
804648243.731682,2.344976
804648246.023057,2.2118149999999996
804648248.154976,2.04659
804648251.377931,3.138743
804648253.883339,2.425839
804648256.2892809,2.320784
804648258.672706,2.29987
804648261.498476,2.7460940000000003
804648264.0836251,2.500337
804648266.853395,2.684611
804648269.567139,2.6339240000000004
804648272.28152,2.629327
804648274.908085,2.541889
804648277.396971,2.409014
804648279.725798,2.244246
804648282.002885,2.197282
804648284.4277259,2.340099
804648286.542039,2.0297520000000002
804648288.817934,2.196364
804648291.495203,2.590477
804648294.345785,2.7660150000000003
804648296.912978,2.4830680000000003
804648299.363389,2.362546
804648302.02443,2.5812
804648304.570258,2.4618320000000002
804648306.828737,2.1739070000000003
804648309.1167849,2.2081980000000003
804648311.348477,2.1467690000000004
804648314.310669,2.8774949999999997
804648317.049095,2.653709
804648319.985011,2.8505119999999997
804648322.801329,2.709158
804648325.673552,2.7864880000000003
804648327.9734571,2.215258
804648331.106693,3.025436
804648333.606209,2.413966
804648335.84419,2.1528530000000003
804648337.956107,2.031174
804648340.544614,2.5023570000000004
804648342.567675,1.93723
804648344.882886,2.219713
804648346.860531,1.848655
804648349.114524,2.174839
804648351.538518,2.339276
804648353.4816779,1.8615599999999999
804648355.8518319,2.2790419999999996
804648358.345098,2.4139410000000003
804648360.6024591,2.172163
804648362.6760969,1.976773
804648364.823001,2.067288
804648367.0622749,2.154898
804648369.175972,2.03354
804648371.4838351,2.221473
804648374.0045999,2.440769
804648377.2853299,3.196333
804648380.0761629,2.7047730000000003
804648382.712567,2.5506040000000003
804648384.630874,1.838511
804648387.2474209,2.531539
804648389.547903,2.2204550000000003
804648391.79932,2.167106
804648393.940721,2.061871
804648396.2453021,2.218982
804648398.2188629,1.888377
804648400.201826,1.903878
804648402.417114,2.118588
804648404.384475,1.875697
804648406.586673,2.111923
804648408.954736,2.273404
804648411.112867,2.072606
804648413.024468,1.819822
804648415.128878,2.0203949999999997
804648417.2824119,2.07398
804648419.384828,2.018134
804648421.544592,2.0798829999999997
804648423.5188141,1.890206
804648426.009398,2.410758
804648428.40863,2.31056
804648430.2828239,1.789366
804648431.825315,1.4630509999999999
804648433.772995,1.867914
804648435.9450129,2.086839
804648438.099725,2.04859
804648439.987195,1.802697
804648442.2433391,2.147386
804648444.23445,1.9120030000000001
804648446.0317401,1.7123979999999999
804648447.9856651,1.868511
804648450.2256199,2.135227
804648452.347907,2.034171
804648454.5472231,2.1145840000000002
804648456.8221949,2.1928859999999997
804648458.86007,1.956625
804648461.1009531,2.161357
804648463.558982,2.3745
804648465.505164,1.840681
804648467.558304,1.969406
804648469.808253,2.171226
804648471.814099,1.922131
804648473.958843,2.065339
804648476.133612,2.0887140000000004
804648478.270136,2.053076
804648480.3366431,1.9882099999999998
804648482.542881,2.123259
804648484.516011,1.8943059999999998
804648486.587564,2.001615
804648488.9844099,2.318353
804648491.245435,2.176939
804648493.230933,1.902014
804648495.2717249,1.9582699999999997
804648497.46879,2.11954
804648499.124611,1.574095
804648501.327615,2.121971
804648503.501066,2.0908580000000003
804648505.5266781,1.945961
804648507.506644,1.896657
804648509.515105,1.930691
804648511.790148,2.191498
804648513.608642,1.7294770000000002
804648515.429998,1.751668
804648517.398126,1.890547
804648519.3330461,1.852378
804648521.498117,2.0875160000000004
804648523.439237,1.849331
804648525.565503,2.0490109999999997
804648527.800358,2.1597589999999998
804648529.6351249,1.751247
804648531.766488,2.04856
804648533.794725,1.950723
804648535.815596,1.936524
804648537.954155,2.0611599999999997
804648539.809676,1.7643929999999999
804648541.925292,2.037815
804648544.187289,2.1804419999999998
804648546.1558629,1.8781830000000002
804648548.4522201,2.2121570000000004
804648557.2924939,8.756048
804648558.5315241,1.176861
804648560.366542,1.768859
804648562.648927,2.21181
804648564.816735,2.0885700000000003
804648566.2173359,1.3623669999999999
804648567.915219,1.618022
804648569.4640009,1.50573
804648570.802814,1.3016510000000001
804648573.097046,2.2586910000000002
804648575.063444,1.927336
804648576.969287,1.8312789999999999
804648578.956318,1.897875
804648581.357945,2.3237259999999997
804648583.768959,2.3279609999999997
804648586.319645,2.472354
804648588.609114,2.2388500000000002
804648591.1357379,2.468735
804648593.808798,2.587278
804648596.619737,2.7360040000000003
804648599.31568,2.6210069999999996
804648602.095658,2.70142
804648604.665853,2.48642
804648607.072561,2.323591
804648609.1465911,1.9954859999999999
804648611.564085,2.3311640000000002
804648613.821968,2.178377
804648616.1461899,2.240808
804648618.8995961,2.669009
804648621.649704,2.669266
804648624.030513,2.2652449999999997
804648626.800218,2.683213
804648629.241668,2.361339
804648631.774325,2.448085
804648634.613791,2.759746
804648637.820673,3.121644
804648640.637347,2.732026
804648643.421615,2.699956
804648646.032249,2.5265180000000003
804648648.302745,2.1862359999999996
804648650.843091,2.454135
804648653.803049,2.880653
804648656.430567,2.542951
804648658.700237,2.185504
804648660.685549,1.905562
804648662.960241,2.176187
804648665.229896,2.1899189999999997
804648667.473515,2.1514339999999996
804648669.692652,2.139396
804648671.974555,2.196549
804648674.3878341,2.306064
804648676.770989,2.316514
804648678.625693,1.770708
804648681.303584,2.59387
804648683.333199,1.943184
804648685.563252,2.142533
804648687.813396,2.165718
804648689.351558,1.4582600000000001
804648691.083917,1.648323
804648693.3373439,2.173626
804648695.5128889,2.090978
804648697.685804,2.093369
804648699.837383,2.067103
804648701.723089,1.806075
804648703.875451,2.068101
804648706.151992,2.208844
804648708.168859,1.93268
804648710.454852,2.186566
804648712.5653859,2.025702
804648715.145118,2.494563
804648717.488033,2.263991
804648720.0522541,2.4793179999999997
804648722.4453311,2.307057
804648725.327016,2.802235
804648727.994994,2.58311
804648730.692745,2.583355
804648733.2372949,2.46527
804648735.387211,2.064492
804648737.6475841,2.1761570000000003
804648740.290227,2.5584729999999998
804648743.115191,2.740727
804648745.608367,2.41342
804648747.56394,1.871362
804648750.249874,2.594887
804648752.957459,2.622597
804648755.8234869,2.781261
804648758.0789391,2.1761570000000003
804648760.3060839,2.14307
804648762.767776,2.3779019999999997
804648765.253189,2.406554
804648767.773236,2.434493
804648770.0873799,2.2349200000000002
804648772.295211,2.1231039999999997
804648774.7784281,2.3990959999999997
804648776.776175,1.918136
804648779.213515,2.35324
804648781.500541,2.207204
804648784.206196,2.620838
804648786.755542,2.464012
804648789.502723,2.667647
804648791.965819,2.3786490000000002
804648794.5123839,2.4324939999999997
804648797.2090629,2.611887
804648799.663097,2.369071
804648802.352023,2.609932
804648804.7967,2.358145
804648807.297945,2.417369
804648809.470298,2.093259
804648812.193374,2.639596
804648814.518112,2.224409
804648816.8202369,2.222936
804648819.0369331,2.13218
804648821.664842,2.548429
804648824.213653,2.463697
804648826.548905,2.2497540000000003
804648829.321105,2.692539
804648832.13187,2.725461
804648834.808292,2.6083830000000003
804648837.587463,2.699411
804648840.305147,2.633016
804648843.2231311,2.834099
804648845.927618,2.624717
804648848.4445189,2.431978
804648850.8343639,2.305453
804648853.108363,2.194124
804648855.275314,2.0821530000000004
804648857.250754,1.895528
804648859.646067,2.31021
804648861.639243,1.9088390000000002
804648863.90783,2.1837050000000002
804648866.05722,2.0703
804648868.268754,2.125845
804648870.520994,2.1659990000000002
804648872.6902599,2.089671
804648875.206017,2.431612
804648877.953119,2.6678930000000003
804648880.703594,2.665968
804648883.329794,2.537573
804648885.856392,2.444847
804648888.084991,2.143692
804648890.248825,2.0782190000000003
804648892.4691701,2.141136
804648894.377624,1.823526
804648896.600891,2.1564010000000002
804648898.5357959,1.851131
804648900.687662,2.071418
804648902.7326031,1.9604750000000002
804648904.972389,2.160536
804648907.291358,2.234037
804648909.634048,2.263194
804648911.664797,1.946427
804648913.6906589,1.9467880000000002
804648916.11984,2.344328
804648918.560729,2.355946
804648920.835326,2.195593
804648922.9796491,2.055962
804648925.469621,2.410448
804648927.859125,2.304896
804648930.353969,2.41549
804648932.6340231,2.1962990000000002
804648934.991322,2.271925
804648937.010378,1.939616
804648939.368314,2.274155
804648941.3713031,1.9241300000000001
804648943.387623,1.932736
804648945.38747,1.920672
804648947.318316,1.846324
804648949.337397,1.9398119999999999
804648951.7140111,2.293335
804648953.719481,1.9263800000000002
804648955.811422,2.008241
804648957.816691,1.9261700000000002
804648959.883989,1.9827820000000003
804648962.1963739,2.23317
804648964.199008,1.918803
804648966.175209,1.891765
804648968.146153,1.89157
804648970.131331,1.900124
804648972.100706,1.890197
804648973.707297,1.521412
804648975.450636,1.649341
804648977.052526,1.522771
804648979.052704,1.916563
804648981.044847,1.912955
804648983.0057681,1.8769150000000001
804648985.009865,1.9245860000000001
804648987.083905,1.990801
804648989.100054,1.93699
804648990.618605,1.4342789999999999
804648992.226614,1.52883
804648993.8496729,1.541996
804648995.74414,1.814786
804648997.892417,2.069233
804649000.274794,2.298346
804649002.325995,1.967626
804649004.744477,2.339393
804649006.5623549,1.733892
804649008.927066,2.285733
804649010.997803,1.9874570000000003
804649012.978124,1.9005999999999998
804649015.12397,2.060779
804649017.14461,1.937617
804649019.203935,1.9743220000000001
804649021.305338,2.020039
804649023.2604611,1.870645
804649025.536185,2.196479
804649027.55457,1.9338929999999999
804649029.448415,1.8148710000000001
804649031.443145,1.9230079999999998
804649032.775357,1.253825
804649034.639487,1.789366
804649036.607374,1.9052660000000001
804649038.814764,2.131132
804649041.438223,2.560232
804649043.337711,1.833113
804649045.5000811,2.0993880000000003
804649047.2432691,1.661498
804649049.203725,1.8905370000000001
804649051.4189479,2.1308770000000004
804649053.477311,1.9788929999999998
804649055.877109,2.315682
804649058.111752,2.155755
804649060.6245029,2.4281379999999997
804649063.155055,2.4459049999999998
804649065.638172,2.403451
804649068.630314,2.9081319999999997
804649071.1711861,2.4569460000000003
804649074.1318041,2.8807669999999996
804649076.700054,2.483883
804649079.592139,2.806936
804649082.1890309,2.517432
804649084.792563,2.5181679999999997
804649087.2842599,2.40509
804649089.620454,2.256349
804649091.8582901,2.153876
804649094.820734,2.882102
804649097.5522289,2.646869
804649100.459213,2.81947
804649103.1210359,2.575607
804649105.4977101,2.296918
804649108.196279,2.613746
804649110.7437099,2.462694
804649113.15073,2.327244
804649116.120795,2.885553
804649118.875224,2.668949
804649121.242732,2.287767
804649123.6281811,2.3003519999999997
804649126.728952,3.021551
804649129.900957,3.087815
804649132.285404,2.300336
804649134.871932,2.501489
804649137.669882,2.7185400000000004
804649140.710222,2.9561689999999996
804649143.890121,3.094821
804649146.6830491,2.713744
804649149.747134,2.979352
804649152.818355,2.987155
804649155.591503,2.68825
804649158.722052,3.051355
804649161.33426,2.527996
804649163.8579559,2.4389440000000002
804649166.320971,2.3839859999999997
804649168.942841,2.536972
804649171.342799,2.3148
804649173.648924,2.22657
804649176.049674,2.316365
804649178.908581,2.773212
804649181.4005741,2.412262
804649184.073753,2.587745
804649186.935702,2.777358
804649189.471101,2.4558039999999997
804649192.107801,2.525711
804649194.861157,2.668108
804649197.367533,2.427041
804649199.853852,2.402258
804649202.575339,2.6428279999999997
804649205.147017,2.486926
804649207.851926,2.620121
804649210.5738641,2.642643
804649213.0095199,2.350778
804649215.511972,2.4173430000000002
804649218.1759651,2.584097
804649220.6867759,2.42664
804649223.17101,2.398741
804649225.208289,1.9577380000000002
804649227.710481,2.418121
804649230.197006,2.406879
804649232.3985621,2.116794
804649235.118946,2.6360379999999997
804649237.689963,2.4911410000000003
804649240.436233,2.6624499999999998
804649243.023828,2.50412
804649245.60601,2.499971
804649248.090606,2.400319
804649251.1265,2.9499489999999997
804649254.3555429,3.1434599999999997
804649257.417503,2.977915
804649260.420385,2.918556
804649262.809042,2.304942
804649265.0016329,2.11284
804649267.349771,2.2644179999999996
804649269.681746,2.2523589999999998
804649272.5671691,2.800777
804649275.576301,2.567488
804649278.2250179,2.5687510000000002
804649281.01532,2.7057510000000002
804649283.8540101,2.754022
804649286.4083229,2.474843
804649289.110471,2.61754
804649291.919822,2.725145
804649294.759574,2.759892
804649297.0064809,2.162927
804649299.653725,2.562862
804649302.487178,2.754098
804649305.132292,2.534812
804649307.687356,2.470251
804649310.026608,2.2598219999999998
804649312.763978,2.653088
804649315.1946981,2.346795
804649317.88405,2.609817
804649320.5308831,2.562427
804649323.009399,2.394415
804649325.601224,2.5126049999999998
804649328.4199469,2.735083
804649331.082702,2.577953
804649333.8966241,2.734883
804649336.4174091,2.4359569999999997
804649339.014165,2.5121800000000003
804649341.562544,2.468428
804649343.9473671,2.299489
804649346.2004881,2.14104
804649348.698811,2.412623
804649350.9092981,2.126001
804649353.333298,2.343557
804649355.657449,2.2402759999999997
804649357.987565,2.250705
804649360.3338779,2.261435
804649362.03964,1.61939
804649364.153111,2.0344170000000004
804649366.357935,2.12106
804649368.464471,2.025802
804649370.994672,2.43735
804649373.329474,2.255567
804649376.0567139,2.642678
804649378.8357351,2.694429
804649380.9589579,2.043413
804649383.3551531,2.29793
804649385.9792379,2.544464
804649388.256746,2.193407
804649390.4394139,2.098116
804649392.622713,2.1035630000000003
804649395.148123,2.441124
804649397.617433,2.390025
804649400.2728059,2.2307040000000002
804649402.836696,2.476857
804649405.735801,2.81978
804649408.634836,2.814994
804649411.4331521,2.714119
804649414.472359,2.959907
804649417.053399,2.496553
804649419.5556151,2.417595
804649422.0670531,2.438815
804649424.586119,2.434529
804649427.247421,2.5761730000000003
804649429.749221,2.4227570000000003
804649432.528332,2.6943140000000003
804649434.983785,2.3713520000000003
804649437.375459,2.312745
804649440.0837649,2.623298
804649442.5942711,2.424701
804649445.064293,2.389224
804649447.533322,2.384377
804649450.183367,2.570726
804649452.478867,2.211193
804649455.4286311,2.86456
804649457.97087,2.463
804649460.8198689,2.76373
804649463.592475,2.687648
804649466.410586,2.738933
804649468.942392,2.446462
804649471.473295,2.44547
804649473.911648,2.358546
804649476.620736,2.6250370000000003
804649479.234617,2.5296849999999997
804649481.697632,2.383495
804649484.1542419,2.371527
804649486.925701,2.680296
804649489.836368,2.831618
804649492.38368,2.462198
804649494.91747,2.4478899999999997
804649497.45805,2.46085
804649500.4053581,2.862705
804649503.338408,2.848834
804649506.908296,3.4899620000000002
804649508.924225,1.930841
804649511.159394,2.150216
804649513.354575,2.115787
804649515.90974,2.470597
804649518.137813,2.148522
804649520.634897,2.412748
804649523.2153909,2.495551
804649525.925717,2.630917
804649528.333143,2.322749
804649531.104952,2.686966
804649533.757599,2.573071
804649536.325558,2.484159
804649538.684686,2.273514
804649541.2586701,2.494754
804649543.981109,2.636885
804649546.495153,2.401587
804649548.9935709,2.413735
804649551.864451,2.786458
804649554.46251,2.51893
804649556.868793,2.3221320000000003
804649559.374913,2.4211929999999997
804649561.902719,2.448281
804649564.1765289,2.167412
804649566.868873,2.6072159999999998
804649569.354114,2.4057720000000002
804649571.6233779,2.185339
804649574.090368,2.38768
804649576.331652,2.157565
804649578.724153,2.304811
804649581.147045,2.3432459999999997
804649583.506283,2.2752369999999997
804649585.7264371,2.1407000000000003
804649587.9468681,2.136996
804649590.24772,2.181274
804649592.902492,2.570671
804649594.96322,1.9763929999999998
804649597.042116,1.9986949999999999
804649599.185853,2.058533
804649601.332215,2.066783
804649603.551839,2.1358979999999996
804649605.7114221,2.080064
804649607.7601731,1.9642890000000002
804649609.860638,2.018605
804649611.8969699,1.948442
804649614.145887,2.1560759999999997
804649616.623396,2.392466
804649618.931921,2.2238890000000002
804649621.1778209,2.1662690000000002
804649623.273405,2.010731
804649625.8843651,2.531534
804649628.697345,2.726173
804649631.455567,2.67341
804649634.3396579,2.805021
804649636.641192,2.210202
804649638.081902,1.35906
804649640.056259,1.9117920000000002
804649642.092826,1.9687340000000002
804649644.225788,2.070055
804649646.358183,2.066482
804649648.1944691,1.773419
804649649.931744,1.674173
804649651.895997,1.88727
804649653.9299179,1.9538099999999998
804649656.187259,2.172364
804649658.4034,2.131309
804649660.2500751,1.76699
804649662.677422,2.340956
804649664.954459,2.1973819999999997
804649667.167287,2.128621
804649669.345153,2.0980450000000004
804649671.6427231,2.213264
804649673.536407,1.814174
804649675.83341,2.210993
804649678.3909861,2.47781
804649680.649335,2.173666
804649682.93205,2.198744
804649685.3650349,2.352478
804649687.9458799,2.496197
804649689.891314,1.830527
804649692.6288639,2.667607
804649695.233539,2.51877
804649697.562972,2.2499439999999997
804649699.8531799,2.2055909999999996
804649702.170772,2.237771
804649704.962072,2.706347
804649707.4153891,2.368054
804649709.9534191,2.458444
804649712.4764041,2.437646
804649715.294781,2.733199
804649717.749737,2.3753200000000003
804649720.207585,2.3721829999999997
804649722.413457,2.1207930000000004
804649724.1178861,1.623996
804649725.746197,1.54382
804649727.494378,1.6688560000000001
804649729.499056,1.925027
804649731.543451,1.9599729999999997
804649733.8391061,2.216441
804649735.562093,1.638089
804649737.170619,1.528524
804649738.657285,1.392518
804649740.881559,2.143972
804649742.942248,1.9760369999999998
804649745.1671339,2.144037
804649747.262448,2.010186
804649750.1717321,2.829298
804649753.071825,2.815466
804649755.295933,2.139567
804649757.526577,2.151034
804649759.792273,2.180282
804649762.4538461,2.581677
804649765.173704,2.635231
804649767.6617271,2.4012870000000004
804649769.9180961,2.1767179999999997
804649772.506157,2.502142
804649775.14861,2.557545
804649776.853069,1.6248580000000001
804649778.337736,1.3997840000000001
804649780.234663,1.8173270000000001
804649782.242654,1.922833
804649783.923137,1.5985820000000002
804649785.992165,1.9576580000000001
804649787.984574,1.907882
804649789.990069,1.881461
804649791.706741,1.643271
804649793.8646101,2.060162
804649796.046085,2.096752
804649797.901956,1.769911
804649799.330953,1.3675
804649800.587198,1.17655
804649802.282957,1.601669
804649804.3222151,1.950828
804649806.22019,1.812556
804649808.0495,1.749424
804649810.273839,2.137271
804649812.195363,1.841664
804649814.5057031,2.225863
804649817.003343,2.4170480000000003
804649819.4128741,2.3186489999999997
804649821.981254,2.488559
804649824.2614491,2.195407
804649826.840088,2.493402
804649829.7799441,2.860195
804649832.824944,2.960388
804649835.372917,2.4602679999999997
804649837.984403,2.531509
804649840.829212,2.759189
804649843.1545761,2.2410740000000002
804649845.316535,2.0825240000000003
804649848.132462,2.731319
804649850.373185,2.153204
804649852.936969,2.48447
804649855.720631,2.69895
804649858.308302,2.507478
804649860.730823,2.337478
804649863.313857,2.498963
804649865.8299661,2.436413
804649868.127295,2.212111
804649870.852932,2.640088
804649873.542996,2.6101229999999997
804649877.038926,3.410677
804649880.134745,3.011763
804649882.685223,2.465947
804649885.324103,2.5594390000000002
804649887.5568321,2.148413
804649889.863538,2.227201
804649892.3291589,2.381269
804649894.40627,1.993327
804649896.8610309,2.374028
804649899.075162,2.128386
804649901.9340949,2.7788359999999996
804649904.433945,2.4149380000000003
804649906.726779,2.207665
804649909.485417,2.6784719999999997
804649911.7616171,2.190671
804649914.128824,2.286514
804649916.793609,2.579586
804649919.0610089,2.182321
804649921.5843841,2.442152
804649923.956402,2.287131
804649926.652055,2.5878870000000003
804649928.820554,2.083422
804649931.108872,2.202193
804649933.398569,2.209429
804649935.7321581,2.247914
804649938.206694,2.3948419999999997
804649940.444981,2.154241
804649942.471314,1.9424080000000001
804649944.8280419,2.273514
804649947.19789,2.258579
804649950.054031,2.776776
804649952.594572,2.455252
804649955.06333,2.3843110000000003
804649957.526496,2.383019
804649960.2867681,2.675014
804649963.015692,2.643791
804649965.615205,2.519587
804649968.134105,2.4339370000000002
804649970.440981,2.220916
804649972.656109,2.1353470000000003
804649974.9830331,2.240939
804649977.406937,2.344325
804649979.952314,2.460499
804649982.3843169,2.324863
804649984.689469,2.2186150000000002
804649986.743001,1.968418
804649989.0571591,2.240065
804649990.688472,1.5470620000000002
804649992.605752,1.837959
804649994.399488,1.708979
804649995.8682979,1.38938
804649998.2828261,2.3347160000000002
804650001.041184,2.67324
804650003.148767,2.023071
804650005.202784,1.9742819999999999
804650007.421841,2.133443
804650009.600665,2.098757
804650011.818083,2.133518
804650013.759488,1.861334
804650016.121308,2.276982
804650018.4901481,2.282535
804650020.742864,2.1721280000000003
804650023.175368,2.34702
804650025.809802,2.5549090000000003
804650028.311542,2.4165929999999998
804650030.914117,2.517101
804650033.243772,2.249583
804650035.820747,2.4782010000000003
804650037.957583,2.0570559999999998
804650040.4772561,2.4348899999999998
804650042.679353,2.11754
804650045.096992,2.337513
804650047.7823199,2.599357
804650050.089182,2.227231
804650052.350662,2.176132
804650054.8734109,2.437466
804650057.242392,2.285312
804650059.826159,2.498508
804650062.447242,2.541223
804650065.1844361,2.653274
804650067.934505,2.665266
804650070.613793,2.572334
804650073.089533,2.39024
804650075.857553,2.682957
804650078.536962,2.59615
804650081.075863,2.453278
804650083.854007,2.679109
804650086.314457,2.380238
804650088.950961,2.551447
804650091.6482121,2.6120069999999997
804650094.2238891,2.496112
804650096.437749,2.128466
804650098.592646,2.070446
804650101.134766,2.462384
804650103.600953,2.381686
804650106.23858,2.557711
804650108.7046881,2.38116
804650111.3220971,2.532948
804650113.722161,2.320453
804650116.47498,2.6672559999999996
804650119.161531,2.602039
804650121.5197769,2.27832
804650124.231025,2.6260440000000003
804650127.442808,3.126946
804650130.833313,3.310795
804650133.431699,2.514074
804650135.660634,2.143491
804650137.953989,2.2125719999999998
804650140.039319,2.001325
804650142.804082,2.6784909999999997
804650145.215848,2.332221
804650147.979458,2.677646
804650150.3896899,2.299374
804650152.4895401,2.0155030000000003
804650154.836835,2.2609190000000003
804650156.8468,1.930991
804650158.942946,2.0108919999999997
804650161.183864,2.161448
804650163.156673,1.887416
804650165.475808,2.2389889999999997
804650167.302943,1.742277
804650169.307741,1.9227969999999999
804650171.599522,2.204222
804650173.635428,1.9558639999999998
804650175.870612,2.1473389999999997
804650177.916265,1.965817
804650180.45854,2.457201
804650182.448584,1.9053220000000002
804650184.774089,2.245219
804650186.572607,1.713665
804650188.212942,1.56117
804650189.991889,1.694275
804650192.211933,2.1404140000000003
804650193.631914,1.3526099999999999
804650195.376516,1.679766
804650197.663467,2.206819
804650199.862883,2.1141929999999998
804650201.972059,2.0293910000000004
804650204.079221,2.022725
804650206.249951,2.0837220000000003
804650208.585474,2.256619
804650210.758494,2.0887539999999998
804650212.925088,2.0865039999999997
804650215.197209,2.187132
804650217.518439,2.241148
804650219.663138,2.060002
804650222.441618,2.6986689999999998
804650224.789535,2.263105
804650226.9672561,2.093239
804650229.409352,2.36219
804650231.937955,2.443048
804650234.180802,2.129648
804650236.6439121,2.377897
804650239.138827,2.410212
804650241.827567,2.608583
804650244.2721491,2.359479
804650246.788248,2.431041
804650249.3340269,2.4662479999999998
804650252.2608069,2.8411109999999997
804650254.843896,2.498413
804650257.337056,2.41326
804650259.5927441,2.170785
804650261.9651331,2.2926029999999997
804650264.599066,2.549055
804650266.851871,2.1681980000000003
804650269.390743,2.45888
804650272.126043,2.6499409999999997
804650275.142055,2.9296320000000002
804650277.619028,2.3970710000000004
804650280.162926,2.459351
804650282.77349,2.504417
804650285.514632,2.6608899999999998
804650288.222502,2.622331
804650290.7162089,2.408999
804650293.4786259,2.6822399999999997
804650296.033661,2.438017
804650298.7516849,2.630766
804650301.494762,2.663051
804650304.03017,2.450475
804650306.518876,2.403256
804650308.97506,2.376097
804650311.462908,2.4030050000000003
804650313.9679209,2.4247409999999996
804650316.5184749,2.465526
804650319.382709,2.776129
804650322.113853,2.6512480000000003
804650324.628744,2.429737
804650327.16943,2.4549659999999998
804650329.703169,2.453077
804650332.3874749,2.59988
804650335.152108,2.6785569999999996
804650337.764215,2.533118
804650340.4737589,2.62393
804650342.873101,2.314845
804650345.295312,2.343121
804650347.893481,2.5137490000000002
804650350.300356,2.327384
804650352.821431,2.436278
804650355.2141169,2.308054
804650357.565402,2.271614
804650359.9090691,2.258684
804650362.444067,2.4550370000000004
804650364.9015191,2.372715
804650366.919458,1.9335719999999998
804650369.305519,2.304235
804650371.508489,2.111913
804650373.466292,1.8735080000000002
804650376.815836,3.274635
804650379.7882271,2.887819
804650382.3831401,2.515447
804650384.323903,1.856292
804650386.206417,1.797485
804650388.685409,2.3989559999999996
804650391.1160591,2.339678
804650393.669405,2.473631
804650396.059345,2.2998049999999997
804650398.931899,2.7859719999999997
804650401.68759,2.674433
804650404.3054609,2.533193
804650406.91863,2.527721
804650409.677078,2.6793989999999996
804650412.306546,2.5440189999999996
804650414.988019,2.5954189999999997
804650417.7994859,2.73127
804650420.299718,2.41517
804650422.826436,2.441395
804650425.1177421,2.21174
804650427.692517,2.489341
804650429.76818,1.995597
804650432.187735,2.334296
804650434.5047749,2.23112
804650436.489681,1.904785
804650438.867719,2.292082
804650441.469532,2.521401
804650443.644817,2.0902070000000004
804650445.721698,1.9832130000000001
804650447.9534141,2.146743
804650450.4219279,2.353325
804650452.625865,2.118769
804650454.831891,2.1207629999999997
804650457.134804,2.222986
804650459.451513,2.2324379999999997
804650461.721022,2.189965
804650463.9754369,2.16872
804650466.202372,2.1173450000000003
804650468.395919,2.108405
804650470.338032,1.857485
804650472.67811,2.260589
804650474.68333,1.919695
804650476.391102,1.6275
804650478.1612331,1.6852939999999998
804650480.217587,1.976673
804650482.639877,2.337323
804650484.8424851,2.1266369999999997
804650486.9316299,2.004703
804650489.177294,2.1661889999999997
804650491.526935,2.264753
804650493.730335,2.118744
804650496.041868,2.226695
804650498.20919,2.081382
804650500.9585019,2.669581
804650503.300946,2.2582079999999998
804650505.6824161,2.30201
804650508.137668,2.37081
804650510.644009,2.4214330000000004
804650513.746738,3.02363
804650516.2867581,2.455948
804650519.203409,2.826466
804650521.40699,2.123776
804650523.326636,1.835204
804650525.674001,2.268412
804650527.881827,2.122823
804650529.970566,1.9923190000000002
804650531.924335,1.869483
804650533.930446,1.89633
804650535.889362,1.873939
804650537.814054,1.845808
804650539.714288,1.8161589999999999
804650541.582559,1.7885799999999998
804650543.5864251,1.932159
804650545.418676,1.753062
804650547.7698361,2.2786769999999996
804650549.6970041,1.8479379999999999
804650551.9948089,2.205024
804650554.089576,1.97771
804650556.08166,1.912348
804650558.028428,1.86165
804650559.920353,1.812224
804650561.961647,1.9615930000000001
804650564.047193,2.0012
804650566.459019,2.326873
804650568.364616,1.825571
804650570.283895,1.832998
804650572.296962,1.934093
804650574.017102,1.6477169999999999
804650575.498577,1.402436
804650577.2702919,1.7098470000000001
804650579.524115,2.184466
804650581.455016,1.8491460000000002
804650583.466546,1.9273630000000002
804650585.476481,1.930245
804650587.677892,2.117049
804650589.60964,1.851852
804650591.820663,2.125965
804650594.104641,2.2037910000000003
804650595.986673,1.796318
804650597.974572,1.8780780000000001
804650599.913973,1.85955
804650601.49097,1.4969000000000001
804650603.10361,1.518336
804650605.341161,2.157805
804650607.681826,2.255221
804650609.968109,2.2049090000000002
804650612.2868831,2.230293
804650614.286514,1.9028459999999998
804650616.396547,2.030217
804650618.987059,2.505594
804650621.1556439,2.0865839999999998
804650623.53736,2.297219
804650626.711707,3.094511
804650628.969308,2.1724740000000002
804650631.363548,2.309799
804650633.867223,2.423533
804650636.130588,2.178382
804650638.704231,2.4891560000000004
804650641.4060669,2.6208519999999997
804650643.992986,2.499826
804650646.780341,2.66708
804650649.082988,2.223061
804650651.527089,2.360251
804650654.394711,2.787972
804650656.99037,2.511082
804650659.5275279,2.4517290000000003
804650661.8677319,2.260664
804650664.420536,2.46738
804650667.127114,2.6212280000000003
804650669.5265399,2.319621
804650672.3011459,2.6891160000000003
804650675.037623,2.65185
804650677.8381691,2.720224
804650680.152863,2.228775
804650682.536458,2.270718
804650684.8323439,2.216717
804650687.4013071,2.484546
804650690.054946,2.573733
804650692.5769279,2.43722
804650695.285961,2.618452
804650698.3060579,2.940471
804650700.9293809,2.538125
804650703.184978,2.171386
804650705.537812,2.2730430000000004
804650708.195431,2.572851
804650710.464855,2.18424
804650712.956021,2.410643
804650715.742444,2.701575
804650718.155502,2.333634
804650720.390426,2.14976
804650722.549438,2.068552
804650724.909393,2.279849
804650726.863995,1.87012
804650728.2874991,1.342266
804650730.41366,2.0398349999999996
804650732.335861,1.832337
804650734.478947,2.088006
804650735.944088,1.4023009999999998
804650737.7234571,1.695645
804650739.9047999,2.130659
804650742.006476,2.0387449999999996
804650744.147467,2.0774869999999996
804650746.2243351,2.006586
804650748.263808,1.9568649999999999
804650750.9688079,2.6341530000000004
804650753.154914,2.10618
804650755.736119,2.495355
804650758.411744,2.579551
804650761.127898,2.63078
804650763.9347041,2.7169659999999998
804650766.2457451,2.2026239999999997
804650768.541992,2.210968
804650771.2501819,2.6225620000000003
804650773.783351,2.453835
804650776.078746,2.210072
804650778.3784109,2.2138240000000002
804650780.791099,2.329584
804650783.3823631,2.506707
804650785.821412,2.358868
804650788.177087,2.2700709999999997
804650790.704276,2.4420610000000003
804650792.7041429,1.919459
804650795.3975539,2.6084340000000004
804650798.043867,2.5670379999999997
804650800.64337,2.51439
804650803.0341771,2.305553
804650806.078841,2.9647430000000004
804650808.760059,2.5962210000000003
804650811.256166,2.41146
804650814.081104,2.739023
804650816.639671,2.474161
804650819.243109,2.5170660000000002
804650821.480935,2.157654
804650823.8899039,2.325269
804650825.8667619,1.8967770000000002
804650827.864459,1.91312
804650830.0941701,2.149921
804650832.233442,2.053081
804650834.370247,2.0521239999999996
804650836.3773559,1.927463
804650838.6934129,2.231867
804650840.858615,2.073538
804650843.100736,2.1572940000000003
804650845.411076,2.219292
804650847.5110209,2.0143750000000002
804650849.837468,2.231481
804650852.071404,2.137132
804650854.0714259,1.914578
804650856.644177,2.49307
804650858.923068,2.1936579999999997
804650861.170671,2.167923
804650863.421227,2.1659140000000003
804650865.808646,2.307148
804650868.414895,2.5217769999999997
804650871.027959,2.5276650000000003
804650873.548032,2.4402619999999997
804650876.577491,2.94407
804650879.571433,2.90936
804650881.782446,2.1315180000000002
804650884.544683,2.677489
804650886.897968,2.268016
804650889.290985,2.313697
804650891.731006,2.354888
804650893.983922,2.172944
804650896.2173771,2.149064
804650898.287056,1.984937
804650900.2905669,1.9239249999999999
804650902.2380071,1.857801
804650903.9958049,1.678774
804650905.953844,1.844616
804650908.136897,2.1044560000000003
804650910.621006,2.399016
804650912.911615,2.209946
804650915.723828,2.726523
804650917.82059,2.0169110000000003
804650920.217271,2.296988
804650922.767585,2.465471
804650924.9687101,2.119912
804650927.379634,2.3168339999999996
804650929.930529,2.4706580000000002
804650932.650712,2.6349709999999997
804650935.2495741,2.51443
804650937.956477,2.627257
804650940.527603,2.486445
804650943.370834,2.758308
804650945.8836349,2.432389
804650948.276437,2.308526
804650950.522181,2.160972
804650952.955762,2.3536949999999996
804650955.1879799,2.147485
804650957.381312,2.1135260000000002
804650959.633652,2.167186
804650961.94981,2.236573
804650964.353417,2.317677
804650966.634508,2.195969
804650968.85569,2.1413309999999997
804650971.0983219,2.156947
804650973.331622,2.153846
804650976.083841,2.667607
804650978.479529,2.310441
804650980.863436,2.30405
804650983.16729,2.218841
804650985.478837,2.2322729999999997
804650987.825707,2.262368
804650989.726954,1.821316
804650991.927107,2.115125
804650994.049449,2.0154180000000004
804650996.33069,2.195612
804650998.532181,2.116639
804651001.834265,3.2221580000000003
804651005.144138,3.210982
804651007.931859,2.7018709999999997
804651011.078225,3.034371
804651014.141157,2.97825
804651017.459068,3.233409
804651020.664381,3.1205260000000004
804651023.619617,2.8670649999999998
804651026.379604,2.6800859999999997
804651029.123379,2.657659
804651031.325767,2.117616
804651033.727489,2.322247
804651036.171204,2.358165
804651038.620818,2.364536
804651041.388698,2.68836
804651044.0534929,2.579
804651046.585583,2.445324
804651049.190594,2.525109
804651051.691803,2.417088
804651054.135549,2.3634340000000003
804651056.851403,2.630781
804651059.626259,2.688981
804651062.0511299,2.345496
804651064.451509,2.315597
804651066.707803,2.170744
804651069.5248669,2.737695
804651071.776911,2.167742
804651074.133493,2.276395
804651076.305105,2.0866890000000002
804651078.847836,2.457958
804651081.3081349,2.380052
804651083.5700719,2.176628
804651085.7989069,2.14971
804651088.534231,2.64982
804651091.025066,2.4060420000000002
804651093.666155,2.560928
804651096.517219,2.76586
804651099.151332,2.5493859999999997
804651101.8666949,2.635076
804651104.373747,2.422401
804651107.048611,2.58508
804651109.468982,2.340706
804651111.94819,2.393629
804651114.212798,2.155063
804651116.850971,2.553586
804651119.0472,2.110509
804651121.7088721,2.5815859999999997
804651124.086243,2.290508
804651127.505715,3.333682
804651130.834602,3.249316
804651133.608331,2.6883
804651135.999253,2.3061100000000003
804651138.829934,2.715859
804651141.514219,2.604469
804651143.9185569,2.319516
804651146.6001459,2.601854
804651148.857853,2.172343
804651151.35806,2.415735
804651153.863614,2.425127
804651156.346521,2.3981139999999996
804651158.933048,2.49937
804651161.5481269,2.5358799999999997
804651164.278996,2.645505
804651166.7406889,2.376539
804651169.322907,2.502096
804651171.981427,2.573587
804651174.820493,2.7281779999999998
804651177.8678479,2.962944
804651180.467526,2.5149299999999997
804651183.145763,2.593253
804651185.700972,2.474947
804651188.427335,2.642217
804651190.910733,2.398399
804651193.303419,2.312775
804651195.963243,2.575161
804651198.2220781,2.145391
804651200.45834,2.151104
804651202.73452,2.1912920000000002
804651204.9709771,2.156927
804651207.18189,2.112819
804651209.455158,2.194064
804651211.57069,2.029481
804651213.6735209,2.02272
804651215.607655,1.850303
804651217.603151,1.915611
804651219.8114979,2.108685
804651222.168131,2.276255
804651224.139781,1.88538
804651226.329179,2.1041250000000002
804651228.587277,2.178623
804651230.705044,2.02712
804651232.732881,1.947695
804651234.781611,1.963106
804651236.767931,1.9068150000000001
804651238.863451,2.011218
804651240.813326,1.870105
804651242.9255639,2.0399900000000004
804651245.133064,2.128085
804651247.0093881,1.791712
804651249.137694,2.0440039999999997
804651252.0734249,2.8504530000000003
804651254.6494131,2.491652
804651257.378528,2.649298
804651259.764243,2.2870049999999997
804651261.9815509,2.136981
804651263.796477,1.7298229999999999
804651266.0742,2.198534
804651268.398412,2.2368930000000002
804651270.380112,1.897167
804651272.4182979,1.957583
804651274.507453,2.005419
804651276.700168,2.12562
804651278.860824,2.0748110000000004
804651281.02765,2.099183
804651283.163167,2.049076
804651285.338086,2.095219
804651287.4611249,2.038797
804651289.534984,1.982231
804651291.436572,1.816961
804651293.784594,2.255828
804651295.721569,1.8521729999999998
804651297.8307511,2.02914
804651300.044821,2.128927
804651302.097696,1.956395
804651304.383909,2.194645
804651306.358332,1.886864
804651308.4005771,1.949935
804651310.47623,1.9789679999999998
804651312.2371501,1.680719
804651314.677809,2.354723
804651316.616408,1.8587930000000001
804651318.745059,2.042195
804651320.892464,2.055476
804651323.235039,2.257838
804651325.1720741,1.842816
804651332.129559,6.8625989999999994
804651333.852464,1.6616009999999999
804651335.000445,1.1165120000000002
804651336.7593261,1.6875900000000001
804651338.5740199,1.731659
804651340.648065,2.029646
804651342.70306,2.014939
804651344.635115,1.8526289999999999
804651346.618678,1.9073289999999998
804651348.5081611,1.81819
804651350.647358,2.063048
804651352.635546,1.9171019999999999
804651354.878595,2.164671
804651357.0734581,2.1200680000000003
804651358.9811441,1.831572
804651361.296896,2.235826
804651363.469259,2.08737
804651365.513649,1.976728
804651367.488142,1.888713
804651369.677675,2.104229
804651371.83571,2.072059
804651373.720654,1.806467
804651376.337237,2.5339009999999997
804651378.447762,2.03354
804651380.647754,2.118243
804651382.8433421,2.1120129999999997
804651385.249158,2.326422
804651387.432923,2.101403
804651389.68217,2.169051
804651391.771129,2.005575
804651393.492823,1.6436879999999998
804651395.690295,2.114779
804651397.981766,2.213178
804651400.173335,2.1080389999999998
804651402.164471,1.913493
804651404.325325,2.074982
804651406.5483681,2.148889
804651408.7183441,2.091704
804651410.560249,1.7675919999999998
804651412.3770779,1.746937
804651414.452373,2.0132589999999997
804651416.684113,2.172125
804651418.9140129,2.149463
804651420.401196,1.429138
804651422.202494,1.746692
804651423.749756,1.487995
804651425.234589,1.4288429999999999
804651427.370299,2.075066
804651429.788105,2.356936
804651432.148569,2.285691
804651434.303166,2.0811010000000003
804651436.234118,1.8621320000000001
804651438.392141,2.093413
804651440.538595,2.068712
804651442.8001361,2.178488
804651445.101218,2.223668
804651447.2338439,2.050525
804651449.264392,1.954075
804651451.316265,1.9679620000000002
804651453.496246,2.102826
804651455.619545,2.0399200000000004
804651457.87648,2.179645
804651460.1385969,2.17985
804651461.6051971,1.394908
804651462.842774,1.160698
804651464.6243081,1.704409
804651466.738791,2.0323469999999997
804651468.7482799,1.932575
804651470.903158,2.072871
804651473.067853,2.08535
804651475.202654,2.0517220000000003
804651477.735657,2.438402
804651479.989886,2.1710000000000003
804651482.173751,2.070281
804651484.475206,2.223633
804651486.6651701,2.107232
804651488.893744,2.150121
804651490.998419,2.020229
804651493.299828,2.223076
804651495.4582089,2.073994
804651497.8746201,2.3183629999999997
804651500.642355,2.681494
804651503.0891429,2.363333
804651505.2691289,2.101053
804651507.579318,2.226645
804651510.101807,2.4423969999999997
804651512.336836,2.1493900000000004
804651514.804637,2.381856
804651517.034464,2.1501609999999998
804651519.323639,2.204934
804651521.5767959,2.1730650000000002
804651524.247118,2.5853099999999998
804651526.712284,2.380147
804651529.193772,2.4022840000000003
804651531.602531,2.323064
804651534.222005,2.540095
804651536.793884,2.486059
804651539.581179,2.702172
804651542.1296929,2.468067
804651545.0766051,2.861428
804651547.5063881,2.3444339999999997
804651550.202912,2.615214
804651552.576083,2.2885039999999996
804651554.604426,1.943932
804651556.9786841,2.2950340000000002
804651559.008696,1.94556
804651561.3410109,2.251663
804651563.320505,1.895103
804651565.5800021,2.179841
804651567.5941861,1.928601
804651569.587984,1.912197
804651571.6187481,1.942764
804651573.84611,2.145546
804651575.986468,2.056258
804651577.969586,1.872239
804651580.138186,2.080835
804651582.246374,2.0233019999999997
804651584.060213,1.733957
804651586.2514551,2.0921659999999997
804651588.416536,2.0832960000000003
804651590.62097,2.120252
804651592.665887,1.965362
804651594.869197,2.118588
804651596.758235,1.807213
804651598.784438,1.939872
804651601.1136069,2.249267
804651603.2699829,2.066126
804651605.336159,1.986205
804651607.513283,2.091079
804651609.79456,2.199737
804651612.185889,2.306892
804651614.444322,2.172083
804651616.727153,2.2035359999999997
804651618.76815,1.956014
804651620.86615,2.017247
804651623.196025,2.2454929999999997
804651625.999277,2.722925
804651628.037007,1.9528919999999999
804651629.6373839,1.513855
804651631.188135,1.47089
804651633.3395901,2.0695840000000003
804651635.464057,2.039379
804651637.6768739,2.132966
804651640.100312,2.339041
804651642.388605,2.20292
804651644.532998,2.064091
804651646.82075,2.189112
804651648.956683,2.0537419999999997
804651651.360195,2.317746
804651654.067153,2.626927
804651656.4801769,2.327269
804651658.9913541,2.425698
804651661.721917,2.650927
804651664.2345229,2.4277930000000003
804651666.7206069,2.395428
804651669.457986,2.658436
804651672.124255,2.580829
804651674.9591401,2.749036
804651677.6635879,2.624611
804651680.199412,2.451358
804651683.036042,2.751416
804651685.785374,2.669836
804651688.4514669,2.581451
804651691.521901,2.9851
804651694.209209,2.6078479999999997
804651696.606807,2.312279
804651698.9351231,2.2439449999999996
804651700.927232,1.912413
804651702.981725,1.967917
804651705.233103,2.1685440000000002
804651707.150182,1.832001
804651709.368181,2.135958
804651711.15016,1.693794
804651713.635006,2.367313
804651715.7341,2.0126570000000004
804651717.709675,1.89592
804651719.788214,1.9928910000000002
804651722.5216041,2.6479250000000003
804651724.942105,2.335623
804651727.30854,2.2767310000000003
804651729.5691241,2.181179
804651731.752813,2.098782
804651734.191041,2.358928
804651736.132036,1.856638
804651738.4894351,2.270406
804651740.765064,2.192806
804651742.7595531,1.9082979999999998
804651745.5107441,2.6707240000000003
804651747.7523379,2.156537
804651750.431346,2.598842
804651753.331118,2.8158369999999997
804651756.3004229,2.8838909999999998
804651758.864142,2.479252
804651761.353709,2.410036
804651763.032303,1.594032
804651765.015816,1.9042690000000002
804651766.743168,1.643051
804651768.4406861,1.621505
804651770.946401,2.420702
804651773.121791,2.095289
804651775.035903,1.828808
804651777.547471,2.4325699999999997
804651779.830828,2.198223
804651782.0205619,2.109737
804651784.184079,2.078981
804651786.1734259,1.904695
804651788.2932119,2.029155
804651790.5119289,2.133759
804651792.644821,2.040231
804651794.741422,2.011574
804651796.95444,2.1334679999999997
804651799.013825,1.970649
804651801.159186,2.06602
804651803.4791479,2.2352700000000003
804651805.488652,1.929122
804651807.043171,1.485665
804651808.5726379,1.4493
804651810.546323,1.888893
804651812.568251,1.9428990000000002
804651814.598173,1.945356
804651816.6,1.9219199999999999
804651818.5433,1.859334
804651820.480821,1.85775
804651822.387781,1.8211810000000002
804651824.305091,1.8371730000000002
804651826.213539,1.82294
804651828.128263,1.8324770000000001
804651830.0782729,1.857189
804651832.0577819,1.8993280000000001
804651833.980525,1.8361210000000001
804651836.123696,2.060924
804651838.255454,2.04637
804651840.476887,2.142248
804651842.423575,1.8621510000000001
804651844.416841,1.910082
804651846.237014,1.735842
804651848.160909,1.834015
804651850.114157,1.8687610000000001
804651852.197884,2.003956
804651853.648371,1.3665129999999999
804651855.410274,1.6821869999999999
804651857.500592,2.0103560000000003
804651859.704694,2.120688
804651861.742824,1.970804
804651863.888681,2.0594900000000003
804651865.867398,1.898451
804651868.046768,2.08287
804651870.179489,2.047974
804651872.410799,2.149625
804651875.144083,2.649179
804651877.479983,2.255988
804651880.042771,2.474653
804651882.464845,2.336355
804651884.788897,2.242952
804651886.847956,1.973711
804651889.004838,2.076535
804651891.147868,2.058448
804651893.12421,1.8882409999999998
804651895.190201,1.9811130000000001
804651897.558661,2.288855
804651900.225356,2.246767
804651902.553056,2.243153
804651904.7500211,2.117069
804651906.85377,2.018946
804651908.950722,2.0168719999999998
804651911.070994,2.0350889999999997
804651912.941094,1.790128
804651915.598261,2.5721089999999998
804651917.7825121,2.104465
804651920.044404,2.173606
804651921.893059,1.761687
804651923.769523,1.78699
804651925.927843,2.077838
804651928.237817,2.220651
804651930.1884791,1.8666710000000002
804651932.562923,2.27842
804651934.400777,1.752476
804651936.585534,2.10004
804651938.963581,2.292714
804651941.257157,2.213535
804651943.5439321,2.201261
804651945.753853,2.116378
804651947.960191,2.121054
804651950.267483,2.196359
804651952.615079,2.2625129999999998
804651954.8663061,2.166028
804651957.137269,2.190886
804651959.338304,2.1162020000000004
804651961.5801791,2.1621449999999998
804651963.65695,1.991944
804651965.939671,2.1997269999999998
804651968.259357,2.234743
804651970.189536,1.843206
804651972.419484,2.14968
804651974.7438409,2.239996
804651976.992522,2.16892
804651979.0985551,2.020876
804651981.4256741,2.247123
804651983.633095,2.122397
804651985.884051,2.171696
804651988.092578,2.124362
804651990.1813821,2.002557
804651991.981253,1.7201950000000001
804651994.171513,2.0846340000000003
804651996.1823349,1.9255229999999999
804651998.357876,2.0915500000000002
804652000.621181,2.180693
804652002.9228001,2.212608
804652005.192215,2.189383
804652007.485971,2.206944
804652009.571462,2.0057400000000003
804652011.7104421,2.054935
804652013.4897001,1.699447
804652015.599773,2.026534
804652017.8237871,2.1440069999999998
804652019.932797,2.024654
804652022.090713,2.049112
804652024.187124,2.015394
804652026.443839,2.1731
804652028.494108,1.9705130000000002
804652031.055181,2.477484
804652033.429044,2.292568
804652035.4175241,1.904379
804652037.5153431,2.040085
804652039.29404,1.7123220000000001
804652041.410989,2.03324
804652043.68706,2.1905959999999998
804652045.9147869,2.147806
804652048.212407,2.212552
804652050.518331,2.2200990000000003
804652052.72961,2.131297
804652054.897468,2.0827850000000003
804652057.055688,2.078294
804652059.32863,2.189062
804652061.21175,1.803093
804652063.370287,2.073248
804652065.652045,2.2024779999999997
804652067.773224,2.0353440000000003
804652070.025303,2.1726739999999998
804652072.32612,2.215443
804652074.26724,1.857329
804652076.507276,2.157368
804652078.579742,1.98826
804652080.699343,2.0565890000000002
804652082.604278,1.8395329999999999
804652084.536001,1.8687459999999998
804652086.743115,2.138795
804652088.484801,1.6496760000000001
804652090.60388,2.034728
804652092.903379,2.218275
804652095.077125,2.088343
804652097.03511,1.867849
804652099.105636,1.985629
804652101.2821239,2.0971029999999997
804652103.232125,1.824308
804652105.472837,2.161267
804652107.913921,2.356872
804652110.0471131,2.05318
804652111.900534,1.769255
804652114.122202,2.1418169999999996
804652116.437378,2.231366
804652118.5181279,1.995677
804652120.395785,1.797852
804652122.538424,2.057912
804652125.197065,2.578649
804652127.383521,2.101778
804652129.585288,2.123008
804652131.855489,2.182216
804652133.7454741,1.808526
804652136.0447531,2.213089
804652138.004496,1.8740890000000001
804652140.3500429,2.2629740000000003
804652142.391216,1.9565960000000002
804652144.497636,2.019879
804652146.860117,2.277543
804652148.887262,1.948061
804652151.2639259,2.292619
804652153.165394,1.8217619999999999
804652155.37979,2.116118
804652157.327916,1.880418
804652159.5099009,2.0979050000000004
804652161.613525,2.024734
804652163.912629,2.2138299999999997
804652165.936316,1.944583
804652168.1599641,2.136735
804652170.35112,2.106164
804652172.597055,2.161924
804652174.634108,1.9511129999999999
804652176.9002501,2.1829829999999997
804652179.0901691,2.104194
804652181.25075,2.08079
804652183.409512,2.0746610000000003
804652185.4837669,1.9937470000000002
804652187.640068,2.071904
804652189.914143,2.194845
804652192.0976269,2.0979050000000004
804652194.276064,2.093209
804652196.5783601,2.220209
804652198.918324,2.255286
804652201.0585821,2.060313
804652203.403663,2.2587699999999997
804652205.6053051,2.120292
804652207.6537399,1.96498
804652209.845528,2.098095
804652211.814453,1.8837210000000002
804652213.8317101,1.9233930000000001
804652215.924999,2.008612
804652217.968236,1.93491
804652220.113948,2.0591199999999996
804652222.4139581,2.22693
804652224.603266,2.109091
804652226.85535,2.166856
804652228.773372,1.836537
804652230.905762,2.046716
804652233.1862321,2.200599
804652235.117694,1.8348419999999999
804652237.24822,2.041213
804652239.567345,2.234448
804652241.494988,1.8479130000000001
804652243.367082,1.784169
804652245.503823,2.0569
804652247.832114,2.244205
804652250.3463941,2.434735
804652252.574182,2.142895
804652254.973543,2.31454
804652257.292819,2.237876
804652259.3592399,1.981995
804652261.313872,1.8609779999999998
804652263.293606,1.895594
804652265.184228,1.810711
804652267.0984809,1.830277
804652269.2368151,2.058929
804652271.368764,2.04609
804652273.146854,1.710648
804652274.853774,1.622388
804652276.603203,1.661725
804652278.528576,1.839553
804652280.430529,1.823055
804652282.438655,1.923924
804652284.2373129,1.718336
804652286.169212,1.832963
804652288.148375,1.8994019999999998
804652290.1252481,1.891223
804652292.3820881,2.171371
804652294.5553689,2.088498
804652296.361274,1.714021
804652298.6398951,2.194119
804652300.629372,1.909938
804652302.535766,1.819842
804652304.838583,2.219954
804652307.078423,2.154888
804652309.26308,2.105418
804652311.406165,2.056815
804652313.571427,2.085607
804652315.813268,2.1570780000000003
804652317.7440081,1.85065
804652319.8648169,2.037654
804652321.887236,1.9598380000000002
804652323.727225,1.7732290000000002
804652325.099866,1.309625
804652327.400394,2.215595
804652329.439281,1.9594479999999999
804652331.512529,1.988495
804652333.45022,1.858377
804652335.617361,2.079427
804652337.734616,2.037394
804652339.607317,1.787482
804652342.001091,2.303038
804652344.0920539,2.005851
804652346.2365481,2.056072
804652348.4857551,2.169902
804652350.7567279,2.1854449999999996
804652352.685289,1.848811
804652354.7888571,2.019672
804652356.964784,2.088052
804652359.212663,2.163227
804652361.550331,2.2573559999999997
804652363.809085,2.171662
804652365.933321,2.042326
804652367.9738929,1.9563800000000002
804652370.0117481,1.9125889999999999
804652371.973737,1.875161
804652374.318121,2.239544
804652376.661367,2.258463
804652378.105324,1.360147
804652379.255001,1.08648
804652381.200165,1.886588
804652382.6498561,1.3650039999999999
804652384.445793,1.732734
804652385.862707,1.350039
804652387.722212,1.801925
804652389.614493,1.829636
804652391.1244191,1.4434859999999998
804652392.9036571,1.7165920000000001
804652394.882089,1.911832
804652396.988148,2.042691
804652399.1009979,2.045563
804652401.299837,2.135161
804652403.356291,1.989583
804652405.391866,1.972066
804652407.5187429,2.060283
804652409.971815,2.388036
804652411.758114,1.7194090000000002
804652413.213543,1.3916359999999999
804652414.915993,1.64028
804652416.7168161,1.7290809999999999
804652418.731312,1.947786
804652420.5778711,1.782891
804652421.956717,1.3126419999999999
804652423.244756,1.224597
804652425.243269,1.9394760000000002
804652426.716039,1.4064189999999999
804652428.114149,1.335309
804652429.794983,1.618684
804652431.585091,1.726936
804652433.9109321,2.262232
804652435.878057,1.900405
804652437.854695,1.913281
804652439.712752,1.791307
804652441.214273,1.422943
804652442.464213,1.1832
804652444.177438,1.654808
804652446.439891,2.1780720000000002
804652448.4579849,1.938318
804652450.5981629,2.055536
804652452.9014909,2.222811
804652455.200103,2.2130880000000004
804652457.425926,2.145345
804652459.4867051,1.9753850000000002
804652461.7687191,2.202413
804652463.8834629,2.028899
804652465.658546,1.695036
804652467.801771,2.0585080000000002
804652469.490408,1.6093629999999999
804652470.803972,1.230059
804652472.796506,1.913601
804652474.853907,1.9738860000000003
804652477.109414,2.176418
804652479.207966,2.013814
804652481.310833,2.023707
804652483.3701379,1.974884
804652485.2266799,1.7766069999999998
804652487.178726,1.867824
804652489.2977501,2.0396989999999997
804652491.210884,1.8281669999999999
804652493.1555469,1.8654089999999999
804652495.126331,1.885575
804652497.184739,1.978973
804652499.3363291,2.067088
804652501.738623,2.3230239999999998
804652503.526466,1.703572
804652505.652201,2.046144
804652507.615798,1.8785889999999998
804652509.641846,1.946111
804652511.6769941,1.9508329999999998
804652513.684559,1.928209
804652515.627062,1.858417
804652517.41082,1.7042279999999999
804652519.043988,1.549162
804652520.4784681,1.355096
804652522.921718,2.358076
804652525.062508,2.0591250000000003
804652527.338974,2.1918390000000003
804652529.386065,1.966794
804652531.668104,2.19697
804652533.85018,2.102541
804652535.95689,2.021592
804652537.9065349,1.8440640000000001
804652539.959144,1.9686389999999998
804652542.213403,2.143451
804652544.406379,2.108048
804652546.802639,2.3106709999999997
804652548.887695,2.005445
804652551.130853,2.15816
804652553.3376609,2.126832
804652555.5156881,2.0934299999999997
804652557.744668,2.1488739999999997
804652560.1400851,2.310028
804652562.329493,2.103568
804652564.602972,2.193091
804652566.9598651,2.2677
804652569.194203,2.1550380000000002
804652571.3959,2.1175360000000003
804652573.612266,2.1205529999999997
804652575.8148991,2.11705
804652578.085742,2.191367
804652580.337836,2.167853
804652582.520553,2.0962009999999998
804652584.679044,2.078354
804652586.928817,2.163131
804652589.151242,2.142804
804652591.3455011,2.109722
804652593.662692,2.237927
804652595.879334,2.132255
804652598.079041,2.119876
804652600.278993,2.102641
804652602.45946,2.095715
804652604.651089,2.111712
804652606.868041,2.131378
804652608.7622061,1.814646
804652610.917094,2.069765
804652612.9488701,1.948768
804652614.774622,1.737731
804652616.664297,1.807123
804652618.412186,1.6608070000000001
804652620.404631,1.909782
804652622.423787,1.931448
804652624.8393121,2.3329470000000003
804652626.398557,1.497476
804652628.767057,2.288745
804652630.905266,2.053001
804652632.919251,1.932926
804652634.884021,1.880093
804652636.846065,1.869082
804652638.7512211,1.81859
804652641.026759,2.195472
804652643.044031,1.929898
804652645.347134,2.2231009999999998
804652647.9278929,2.4958609999999997
804652650.15111,2.108329
804652652.592801,2.357144
804652654.762147,2.084113
804652657.132015,2.29095
804652659.391141,2.174574
804652661.804034,2.332771
804652664.062618,2.1734660000000003
804652666.24738,2.099393
804652668.538896,2.2118149999999996
804652670.487653,1.8642610000000002
804652672.71329,2.144604
804652674.8195851,2.021558
804652676.923169,2.023988
804652678.797869,1.789266
804652681.091775,2.214136
804652683.133264,1.956701
804652685.3492639,2.136345
804652687.4376061,2.003951
804652689.395786,1.8782079999999999
804652691.640958,2.158937
804652693.769139,2.048284
804652696.089307,2.232418
804652698.216766,2.04208
804652700.60636,2.3015090000000002
804652702.8725519,2.1806680000000003
804652704.842819,1.890292
804652706.877106,1.949399
804652709.0065191,2.049748
804652711.261214,2.169566
804652713.527767,2.186917
804652715.729725,2.117391
804652717.929978,2.1208080000000002
804652720.073208,2.056744
804652721.99805,1.8361049999999999
804652723.9502959,1.87273
804652725.903559,1.847702
804652727.8534391,1.8654789999999999
804652729.777529,1.844701
804652731.8714349,2.008542
804652733.850824,1.8995279999999999
804652735.8241991,1.888858
804652737.819921,1.9157659999999999
804652739.8292,1.925143
804652741.799062,1.888763
804652743.781999,1.8971470000000001
804652745.840943,1.9791679999999998
804652747.941684,2.016095
804652750.28898,2.215483
804652752.439487,2.0661159999999996
804652754.206231,1.680959
804652756.235441,1.946437
804652757.8262,1.5074400000000001
804652759.554054,1.636536
804652761.375851,1.742527
804652763.015013,1.555211
804652765.443868,2.361414
804652767.731856,2.199451
804652769.921259,2.109762
804652772.054255,2.048986
804652774.3861101,2.244917
804652776.487002,2.021552
804652778.754176,2.1822719999999998
804652780.707549,1.8736270000000002
804652783.118153,2.324213
804652785.0765029,1.8787090000000002
804652787.013147,1.852468
804652789.137273,2.0290489999999997
804652791.206712,1.9846260000000002
804652793.1811789,1.894997
804652795.618444,2.352011
804652797.844798,2.146719
804652800.13225,2.188241
804652802.318741,2.106706
804652804.488273,2.079572
804652806.6081439,2.0352289999999997
804652808.667429,1.968954
804652810.885664,2.133944
804652812.9140869,1.948748
804652815.067712,2.0725309999999997
804652817.326421,2.178367
804652819.615055,2.2036510000000002
804652821.9438679,2.248682
804652824.164785,2.135754
804652826.4263049,2.175776
804652828.439413,1.93066
804652830.702387,2.1781460000000004
804652832.967772,2.185459
804652835.291718,2.238798
804652837.522297,2.150482
804652839.845481,2.2384470000000003
804652842.151852,2.2245250000000003
804652844.523505,2.287156
804652847.1245459,2.516474
804652849.276667,2.072044
804652851.583509,2.2205660000000003
804652853.589058,1.925292
804652855.6988211,2.024544
804652857.875118,2.096537
804652860.065478,2.105232
804652862.3068169,2.156075
804652864.531572,2.1455509999999998
804652866.809216,2.1892080000000003
804652868.728616,1.8396540000000001
804652870.754132,1.921966
804652872.638505,1.8042710000000002
804652874.346682,1.612309
804652876.448757,2.010711
804652878.544567,2.011584
804652880.8364941,2.211805
804652883.070966,2.149796
804652885.124313,1.9714509999999998
804652887.535232,2.327034
804652889.576064,1.960695
804652892.141893,2.478581
804652894.363416,2.1369599999999997
804652896.6312821,2.1877839999999997
804652898.5874671,1.8715279999999999
804652900.96368,2.2972140000000003
804652903.077406,2.0294760000000003
804652905.2130541,2.055716
804652907.396679,2.099394
804652909.638013,2.161143
804652911.178721,1.45623
804652912.907406,1.665714
804652914.403128,1.4293680000000002
804652916.161087,1.6998280000000001
804652918.364141,2.117105
804652920.293083,1.8490449999999998
804652922.618593,2.236307
804652924.513881,1.8041610000000001
804652926.810935,2.213133
804652928.896366,2.00103
804652931.3718251,2.382412
804652934.0115019,2.5584219999999998
804652936.227952,2.132235
804652938.511204,2.19882
804652940.847158,2.2569999999999997
804652943.1831069,2.251798
804652945.46912,2.201245
804652947.750833,2.196414
804652949.825028,1.994374
804652952.1495761,2.228915
804652954.2040501,1.9693850000000002
804652956.2147471,1.915941
804652958.2337179,1.920251
804652960.619458,2.301153
804652962.9207261,2.216696
804652965.3169149,2.313081
804652967.715515,2.3142039999999997
804652969.82639,2.0319309999999997
804652971.924812,2.0085469999999996
804652974.04555,2.000659
804652976.232909,2.100842
804652978.473636,2.155729
804652980.4273651,1.8720430000000001
804652982.599949,2.089019
804652984.504148,1.818905
804652986.4064571,1.809343
804652988.4450591,1.946834
804652990.814376,2.272501
804652992.8201461,1.926406
804652995.074356,2.169813
804652997.09484,1.940394
804652999.268462,2.0889189999999997
804653001.765721,2.416853
804653003.718418,1.867539
804653005.829108,2.031731
804653008.096738,2.1826570000000003
804653009.972295,1.77584
804653011.860005,1.7228569999999999
804653014.0907199,2.140038
804653016.2822081,2.106991
804653018.414353,2.047162
804653020.65293,2.1575539999999997
804653023.061373,2.323384
804653025.302857,2.1624309999999998
804653027.352129,1.9643389999999998
804653029.508725,2.0766560000000003
804653031.783462,2.190505
804653033.643779,1.7809169999999999
804653035.821395,2.091625
804653038.073494,2.172949
804653040.4298611,2.2716540000000003
804653042.367327,1.852438
804653044.664566,2.217724
804653046.653848,1.904735
804653048.706076,1.9724830000000002
804653050.8240781,2.03349
804653053.289724,2.384702
804653055.555956,2.181419
804653057.685665,2.050014
804653059.797719,2.027797
804653061.934765,2.05713
804653064.303966,2.2841430000000003
804653066.384611,1.99694
804653068.608359,2.144418
804653070.538172,1.8451959999999998
804653072.934467,2.315993
804653074.845366,1.825892
804653076.934511,2.008722
804653079.004336,1.9852530000000002
804653081.279704,2.196449
804653083.632312,2.267776
804653085.8005011,2.088333
804653088.134189,2.248776
804653090.46234,2.19451
804653092.753315,2.211484
804653094.9839239,2.145521
804653097.220191,2.156406
804653099.0775809,1.772829
804653100.728465,1.571043
804653102.5069621,1.708228
804653104.5229809,1.936348
804653106.5131451,1.905392
804653108.581245,1.9890519999999998
804653110.666235,2.0015699999999996
804653112.730101,1.985097
804653114.5615051,1.747363
804653116.621727,1.9802259999999998
804653117.985232,1.27996
804653119.920252,1.86825
804653121.8855441,1.885075
804653124.1803781,2.210562
804653126.666868,2.401873
804653128.980269,2.2298869999999997
804653131.1779159,2.113527
804653133.581538,2.323725
804653135.619814,1.953579
804653137.939671,2.240061
804653139.944479,1.920196
804653142.308794,2.254515
804653144.6123891,2.218391
804653146.97297,2.2759650000000002
804653149.5592569,2.5064409999999997
804653152.263925,2.620617
804653154.490149,2.141341
804653156.8901969,2.320979
804653159.516242,2.541493
804653161.851078,2.25077
804653163.9185721,1.982666
804653166.1689069,2.170384
804653168.187999,1.934315
804653170.344215,2.0718289999999997
804653172.514794,2.091505
804653174.426691,1.8251700000000002
804653176.596658,2.089841
804653178.62664,1.945961
804653180.621966,1.915916
804653182.5047101,1.798152
804653184.573327,1.9880890000000002
804653186.6469,1.9846019999999998
804653188.760853,2.034121
804653190.852388,2.006898
804653192.834273,1.9028960000000001
804653194.744295,1.8251389999999998
804653196.725263,1.901287
804653198.637275,1.826829
804653200.734468,2.018004
804653202.7324101,1.9135300000000002
804653204.729144,1.917921
804653206.7591821,1.945295
804653208.761023,1.922457
804653210.833073,1.9880089999999997
804653213.156929,2.23319
804653215.392715,2.1523610000000004
804653217.7862331,2.313191
804653219.770423,1.888191
804653221.668072,1.815653
804653223.531656,1.772743
804653225.5624291,1.93681
804653227.895116,2.246165
804653230.037786,2.041028
804653232.303351,2.180413
804653234.648457,2.259747
804653236.575559,1.847276
804653238.829066,2.167542
804653240.818082,1.909832
804653243.002293,2.097609
804653245.41455,2.3332829999999998
804653247.735394,2.235265
804653250.377968,2.5635850000000002
804653252.734249,2.271229
804653254.659071,1.8400599999999998
804653256.771725,2.0502540000000002
804653258.850546,1.9943330000000001
804653261.1373049,2.194956
804653263.34451,2.121279
804653265.658182,2.220129
804653268.054767,2.3123039999999997
804653270.112514,1.970083
804653272.323799,2.131699
804653275.080943,2.664685
804653277.2471421,2.086438
804653279.297441,1.9651560000000001
804653281.3608611,1.9838040000000001
804653283.251473,1.806165
804653285.391827,2.057566
804653287.587429,2.110158
804653289.8428811,2.175916
804653292.239667,2.31249
804653294.4496931,2.1252139999999997
804653296.357461,1.827451
804653298.5941391,2.1514450000000003
804653300.9596059,2.2858829999999997
804653303.100376,2.056374
804653305.300288,2.119716
804653307.462613,2.077287
804653309.748817,2.205531
804653311.980749,2.1471649999999998
804653314.419688,2.327855
804653316.693979,2.189664
804653318.873539,2.094938
804653320.940863,1.987563
804653323.178854,2.1397619999999997
804653325.396648,2.137848
804653327.799493,2.3183930000000004
804653330.046991,2.167938
804653332.2943339,2.16233
804653334.285816,1.906319
804653336.479614,2.114413
804653338.3772681,1.813563
804653340.4517391,1.9878589999999998
804653342.6614139,2.1255990000000002
804653344.726091,1.984511
804653346.843431,2.032348
804653349.276948,2.352187
804653351.812015,2.4506110000000003
804653354.119904,2.22067
804653356.539273,2.334536
804653358.832733,2.209145
804653361.133376,2.220701
804653363.4347941,2.2172929999999997
804653365.759532,2.242637
804653368.033432,2.189112
804653370.3796899,2.259446
804653372.814109,2.354543
804653375.5082519,2.606269
804653377.630098,2.042506
804653379.597644,1.880018
804653381.742764,2.0656950000000003
804653383.6872619,1.8592039999999999
804653385.6710811,1.904064
804653387.7538711,1.999094
804653389.709314,1.875487
804653391.661485,1.867113
804653393.738621,1.997085
804653395.463212,1.6252389999999999
804653397.2083701,1.6565880000000002
804653398.791477,1.497893
804653400.7695581,1.8979139999999999
804653402.804281,1.9471040000000002
804653404.825056,1.941114
804653406.9410781,2.031906
804653408.698395,1.677787
804653410.365066,1.582209
804653412.255242,1.793932
804653413.617348,1.277615
804653415.7271011,2.02957
804653417.909042,2.093229
804653420.067844,2.047393
804653422.098547,1.945535
804653424.1783199,2.000207
804653426.408187,2.1447789999999998
804653428.46886,1.973636
804653430.724372,2.170729
804653433.1258891,2.3200220000000003
804653435.46463,2.253368
804653437.833922,2.289341
804653440.133211,2.211574
804653442.4391,2.219713
804653444.732525,2.213625
804653446.6369389,1.8195869999999998
804653448.253654,1.5492780000000002
804653449.8916631,1.55268
804653452.164656,2.192315
804653454.146701,1.897478
804653456.1470389,1.920232
804653458.159415,1.9280490000000001
804653460.143921,1.904129
804653462.1235901,1.8949880000000001
804653464.153311,1.950367
804653466.248876,2.011278
804653468.273214,1.945205
804653470.207719,1.849973
804653472.175801,1.886974
804653474.242824,1.982256
804653476.3764269,2.052855
804653478.333615,1.8664109999999998
804653480.424845,2.012757
804653482.3715069,1.861855
804653484.310788,1.859545
804653486.322432,1.9261949999999999
804653488.194661,1.79301
804653489.784298,1.504634
804653491.892161,2.0280419999999997
804653493.970966,1.998558
804653496.1614771,2.105703
804653498.5245041,2.277925
804653501.3637761,2.75935
804653503.670437,2.221753
804653505.91801,2.167522
804653508.130592,2.1273329999999997
804653510.432191,2.216501
804653512.422155,1.910398
804653514.711991,2.205285
804653516.949266,2.1564560000000004
804653519.191753,2.158376
804653521.460807,2.1897040000000003
804653523.712219,2.165988
804653526.070214,2.2786210000000002
804653528.373097,2.217238
804653530.584095,2.126426
804653532.805993,2.129549
804653534.9130851,2.019578
804653537.011215,2.010561
804653539.068004,1.97137
804653541.365775,2.216702
804653543.3926201,1.942037
804653545.684436,2.2129469999999998
804653547.970263,2.196565
804653550.232275,2.1531789999999997
804653552.629808,2.31271
804653554.856618,2.141757
804653556.930091,1.994068
804653559.1370599,2.122131
804653561.5121449,2.2949640000000002
804653563.7829679,2.186061
804653565.977147,2.114308
804653568.097204,2.035514
804653570.33502,2.14956
804653572.29798,1.883154
804653574.5144061,2.129493
804653576.704811,2.110795
804653578.511323,1.719023
804653580.721619,2.119936
804653582.890173,2.078861
804653585.0820019,2.0979050000000004
804653587.1218419,1.9554440000000002
804653589.336414,2.1348360000000004
804653591.40057,1.9804470000000003
804653593.468906,1.9886510000000002
804653595.6014271,2.0476729999999996
804653597.613823,1.932495
804653599.7415869,2.043267
804653601.7225801,1.901502
804653603.683952,1.877507
804653605.688519,1.924667
804653607.748577,1.97551
804653609.6388179,1.810937
804653611.587661,1.863253
804653613.5746729,1.903883
804653615.5758721,1.927904
804653617.534257,1.8793309999999999
804653619.5329909,1.914989
804653621.52529,1.912598
804653623.663739,2.053161
804653626.478243,2.7353199999999998
804653629.090586,2.527551
804653631.235025,2.0587090000000003
804653633.462541,2.148322
804653635.671229,2.1235389999999996
804653637.950241,2.1989750000000003
804653639.937889,1.90046
804653642.073085,2.025276
804653644.1593981,1.987749
804653646.2523669,2.00787
804653648.4334509,2.101413
804653650.8094131,2.291366
804653652.9413021,2.0526
804653655.193246,2.164871
804653656.641147,1.3683910000000001
804653657.874043,1.1661810000000001
804653659.366573,1.432877
804653661.7223691,2.275709
804653664.2551609,2.447524
804653666.346145,2.0064729999999997
804653668.790788,2.348625
804653670.832898,1.956902
804653673.2591519,2.33614
804653675.363432,2.019528
804653677.47318,2.029696
804653679.726246,2.168494
804653681.943438,2.1359339999999998
804653684.093294,2.065293
804653686.325291,2.144583
804653687.80409,1.399649
804653689.549654,1.682874
804653691.4900379,1.864827
804653693.3721449,1.800297
804653695.447839,1.990665
804653697.815797,2.286459
804653699.742288,1.841858
804653701.6848509,1.8606530000000001
804653703.9616729,2.190841
804653706.259413,2.180317
804653708.4950581,2.150653
804653710.496614,1.914438
804653712.669529,2.09321
804653714.704352,1.9507780000000001
804653716.9570069,2.173215
804653718.966722,1.926065
804653720.8976929,1.847015
804653722.985028,2.002463
804653724.962753,1.897769
804653726.945996,1.898301
804653729.185065,2.159002
804653731.139426,1.87013
804653733.224556,2.00555
804653735.201735,1.893484
804653737.162822,1.882007
804653739.116556,1.869273
804653741.042235,1.845643
804653743.013159,1.886202
804653744.99149,1.89818
804653746.998218,1.92198
804653748.662774,1.585086
804653751.160128,2.401753
804653753.422772,2.183048
804653755.6612201,2.153846
804653757.32543,1.584234
804653759.06241,1.652899
804653760.575052,1.4448189999999999
804653762.362388,1.705727
804653764.505559,2.0634300000000003
804653766.8265129,2.23549
804653768.6773419,1.758104
804653770.7037209,1.94137
804653772.894016,2.110224
804653774.909665,1.9204370000000002
804653777.196926,2.2060920000000004
804653779.582726,2.299264
804653781.056989,1.394873
804653782.840652,1.698735
804653784.612072,1.692085
804653786.305249,1.6023859999999999
804653788.1014471,1.7173340000000001
804653790.018891,1.832848
804653791.415844,1.317227
804653792.9135259,1.417862
804653795.061412,2.0573409999999996
804653797.247668,2.106635
804653799.466103,2.132776
804653801.556727,2.010061
804653803.601573,1.9603099999999998
804653805.572999,1.8923320000000001
804653807.9025129,2.2449079999999997
804653810.0691429,2.0867080000000002
804653812.390418,2.236353
804653814.370809,1.8951630000000002
804653816.464464,2.014125
804653818.472535,1.923108
804653820.3630121,1.807954
804653822.378234,1.930295
804653824.427962,1.9704879999999998
804653826.45173,1.93881
804653828.431169,1.8992580000000001
804653830.577522,2.0755529999999998
804653832.6294249,1.9663240000000002
804653834.750263,2.033621
804653836.876449,2.05951
804653838.978974,2.036322
804653841.232947,2.1905959999999998
804653843.0953591,1.777774
804653845.376916,2.201977
804653846.8777311,1.416358
804653848.6418841,1.701212
804653850.553325,1.8444150000000001
804653852.718953,2.088564
804653854.7924811,2.00124
804653856.397969,1.542497
804653858.1897659,1.730213
804653859.721493,1.4685
804653861.708204,1.928325
804653863.186235,1.411321
804653864.914164,1.664997
804653866.924074,1.943446
804653868.580842,1.5935350000000001
804653870.017517,1.362137
804653871.94908,1.847848
804653874.0909121,2.028152
804653876.695853,2.517878
804653879.0933651,2.3133120000000003
804653881.224016,2.0484549999999997
804653883.42241,2.106971
804653885.479089,1.9775690000000001
804653887.4949831,1.93275
804653889.7329141,2.158165
804653891.6294609,1.811674
804653893.765043,2.056895
804653895.979494,2.130265
804653898.050507,1.9637930000000001
804653900.3134459,2.179119
804653902.4658021,2.0671690000000003
804653904.5820451,2.036657
804653906.6355059,1.9669499999999998
804653908.73061,2.015723
804653910.897501,2.081316
804653912.909747,1.931824
804653915.0864251,2.091169
804653917.226237,2.060027
804653919.46257,2.149746
804653921.722722,2.16885
804653923.760983,1.953845
804653925.876815,2.035474
804653927.941718,1.9801609999999998
804653930.296982,2.246395
804653932.302717,1.920522
804653934.4960049,2.107097
804653936.7049791,2.129524
804653938.840676,2.050169
804653941.011586,2.091024
804653943.0592439,1.9627400000000002
804653945.254095,2.114168
804653947.421406,2.08282
804653949.6154851,2.112453
804653952.2779241,2.5772310000000003
804653954.4886421,2.1249979999999997
804653956.773522,2.204654
804653959.0159589,2.1562270000000003
804653961.140046,2.04394
804653963.398319,2.163523
804653965.514927,2.024334
804653967.778332,2.178683
804653969.896885,2.038727
804653972.146523,2.162826
804653974.481089,2.249959
804653976.628099,2.066913
804653978.831083,2.1174649999999997
804653981.064133,2.153028
804653983.3178259,2.1690709999999997
804653985.537595,2.139993
804653987.834613,2.212116
804653990.040675,2.124206
804653992.351696,2.225667
804653994.432035,1.9954920000000003
804653996.513537,2.0023419999999996
804653998.779688,2.1810739999999997
804654001.699337,2.839512
804654003.776939,1.99257
804654006.01907,2.162175
804654008.554099,2.4499999999999997
804654010.763122,2.125434
804654012.9638671,2.1216049999999997
804654015.2154939,2.1556650000000004
804654017.8539381,2.548815
804654020.207518,2.268993
804654022.2315611,1.940022
804654024.065045,1.75453
804654025.777277,1.642384
804654028.131278,2.276786
804654029.7457631,1.530469
804654031.3986119,1.569415
804654033.658494,2.180893
804654035.584789,1.8421850000000002
804654037.55413,1.8902210000000002
804654039.484409,1.8468849999999999
804654041.3390579,1.774843
804654042.788773,1.357251
804654044.1951779,1.326032
804654046.4131069,2.132736
804654048.6911919,2.197958
804654050.6860421,1.910409
804654053.096916,2.3300199999999998
804654055.513683,2.330131
804654057.881848,2.2882480000000003
804654060.556911,2.590683
804654062.984243,2.342133
804654065.21821,2.1548269999999996
804654067.562278,2.2595110000000003
804654069.9314849,2.289606
804654072.50585,2.489738
804654075.692254,3.059829
804654077.815954,2.0327029999999997
804654079.971002,2.071122
804654082.1919479,2.1134560000000002
804654084.429403,2.152848
804654086.5917779,2.079151
804654088.7268951,2.056003
804654091.198795,2.3852740000000003
804654093.5266759,2.248847
804654095.7788451,2.1513299999999997
804654098.0920869,2.233596
804654100.324725,2.146644
804654102.619704,2.211023
804654105.1534489,2.4543749999999998
804654107.724275,2.483257
804654110.118449,2.3144989999999996
804654112.7593889,2.549512
804654115.011498,2.1670309999999997
804654117.55041,2.459382
804654120.321824,2.686941
804654123.1310749,2.724704
804654125.780539,2.570365
804654128.9576019,3.092481
804654131.680111,2.6380879999999998
804654134.348865,2.589474
804654136.711922,2.278556
804654138.85589,2.0593299999999997
804654140.991653,2.056483
804654143.308162,2.2318960000000003
804654145.764466,2.37686
804654148.064161,2.215293
804654150.940027,2.791701
804654153.3572559,2.3376230000000002
804654155.771312,2.3299000000000003
804654158.520504,2.670198
804654161.631799,3.0265880000000003
804654164.397088,2.6796849999999997
804654166.8242589,2.3426889999999996
804654169.488408,2.584984
804654172.0393671,2.466619
804654174.680978,2.556543
804654177.459332,2.698759
804654180.17904,2.635827
804654182.486804,2.223367
804654184.670784,2.10465
804654187.106631,2.351095
804654189.5634869,2.377988
804654191.874032,2.223271
804654194.026364,2.072761
804654195.9137781,1.8031139999999999
804654197.8510691,1.857926
804654199.916258,1.979278
804654202.0367401,2.0406619999999998
804654204.0699749,1.949374
804654206.035893,1.881456
804654208.104259,1.9893329999999998
804654210.195534,1.996359
804654212.181152,1.897538
804654214.282269,2.027135
804654216.1064919,1.747244
804654217.602841,1.415491
804654219.441908,1.76955
804654221.0488241,1.5411400000000002
804654222.706963,1.6309099999999999
804654224.052821,1.312592
804654225.334078,1.2481300000000002
804654227.011303,1.6385370000000001
804654229.306774,2.2165150000000002
804654230.5807309,1.233352
804654232.255136,1.601635
804654234.467558,2.1823699999999997
804654235.915531,1.395926
804654237.8374361,1.876406
804654239.851369,1.9552789999999998
804654241.840129,1.94275
804654243.9929619,2.110935
804654245.920702,1.847189
804654248.638316,2.661648
804654251.4446651,2.7462649999999997
804654254.0167019,2.513946
804654256.323657,2.252048
804654258.781739,2.405732
804654261.1902649,2.3503909999999997
804654263.741666,2.469991
804654266.277164,2.463209
804654268.8059521,2.45205
804654271.384827,2.501284
804654274.1171399,2.6534240000000002
804654276.558309,2.356532
804654279.2195901,2.575952
804654281.979025,2.680592
804654284.580393,2.514675
804654287.005093,2.340114
804654289.5499791,2.463321
804654291.64787,1.9867819999999998
804654294.094086,2.378242
804654296.273057,2.131192
804654298.262143,1.938799
804654300.4218401,2.111664
804654302.1658499,1.6929020000000001
804654304.2721679,2.057611
804654306.0139099,1.678647
804654307.894786,1.80655
804654310.203475,2.246611
804654312.498484,2.23189
804654314.667449,2.089112
804654317.064548,2.33718
804654319.441477,2.301
804654321.9309529,2.418022
804654324.320411,2.313136
804654326.909185,2.512921
804654329.219189,2.238963
804654331.606983,2.296742
804654334.1564561,2.478776
804654336.623944,2.384162
804654338.656358,1.9548619999999999
804654340.55968,1.8433220000000001
804654343.301446,2.667549
804654345.91091,2.539305
804654348.299211,2.3051880000000002
804654350.8515489,2.458861
804654353.143411,2.213594
804654355.5314269,2.305113
804654357.594922,1.9855129999999999
804654359.579027,1.901131
804654361.520101,1.882764
804654364.166188,2.561224
804654366.43903,2.185083
804654369.2184011,2.700839
804654372.200941,2.8979470000000003
804654375.608471,3.323985
804654378.462191,2.7743450000000003
804654381.081039,2.534376
804654383.3535349,2.188145
804654385.791326,2.358266
804654387.9214959,2.046445
804654389.545573,1.565741
804654392.124859,2.517843
804654393.632695,1.4397380000000002
804654395.053829,1.3587479999999998
804654396.89046,1.77772
804654399.415265,2.439531
804654401.694112,2.1994219999999998
804654403.9703671,2.1905409999999996
804654406.368696,2.286273
804654408.62734,2.174608
804654410.672041,1.9601940000000002
804654413.005685,2.2534769999999997
804654415.3098199,2.219608
804654417.6302979,2.239635
804654419.873356,2.157393
804654421.9610419,2.0030989999999997
804654424.2939839,2.2397850000000004
804654426.666008,2.287366
804654428.929313,2.184106
804654431.190182,2.1764829999999997
804654433.474311,2.2051839999999996
804654435.8065109,2.2476480000000003
804654437.909729,2.023898
804654440.2381,2.24419
804654442.4192239,2.09793
804654444.5756,2.075262
804654446.09791,1.437858
804654447.9317249,1.754836
804654449.540802,1.500604
804654451.3882129,1.763326
804654452.961597,1.49248
804654454.83986,1.785984
804654457.202021,2.2826750000000002
804654459.52953,2.2424910000000002
804654461.6107061,2.001661
804654463.8401821,2.143566
804654466.209229,2.289216
804654468.615046,2.320904
804654470.838268,2.138544
804654473.1430739,2.2247410000000003
804654475.203096,1.9759159999999998
804654477.252032,1.9580890000000002
804654479.219849,1.871473
804654481.56108,2.262193
804654483.589082,1.9440270000000002
804654485.770612,2.094236
804654488.085227,2.229842
804654490.339496,2.169361
804654492.488956,2.051933
804654494.5200851,1.9363839999999999
804654496.6115,1.9982530000000003
804654498.79098,2.094426
804654500.740209,1.8700940000000001
804654502.6348001,1.828362
804654504.304458,1.60645
804654506.1286861,1.76291
804654508.353346,2.1473210000000003
804654510.838237,2.399703
804654513.109811,2.191974
804654515.166345,1.972838
804654517.657501,2.411841
804654519.8895429,2.147841
804654522.3130709,2.343371
804654524.9427689,2.5447349999999997
804654527.37398,2.346575
804654530.083741,2.630561
804654532.5222839,2.3540509999999997
804654535.245229,2.6389349999999996
804654537.621657,2.296798
804654540.160594,2.45462
804654542.867968,2.622967
804654545.317396,2.368901
804654547.960065,2.5576700000000003
804654550.3932351,2.317957
804654552.610303,2.13231
804654555.3147451,2.6194249999999997
804654557.948453,2.5541880000000003
804654560.639504,2.60688
804654563.354376,2.6138310000000002
804654565.938653,2.504581
804654568.275815,2.2537920000000002
804654570.6880469,2.327735
804654573.483681,2.716059
804654575.830872,2.2625480000000002
804654578.538907,2.628761
804654581.2577181,2.635091
804654583.574572,2.232474
804654585.95279,2.298722
804654588.325505,2.287277
804654590.782702,2.372414
804654593.577259,2.714626
804654596.125753,2.4642079999999997
804654598.630576,2.410002
804654601.1877049,2.4780800000000003
804654603.35222,2.080153
804654605.936969,2.505339
804654608.607898,2.585886
804654611.079197,2.3866120000000004
804654613.753374,2.594201
804654616.173409,2.335959
804654618.460068,2.201752
804654621.15136,2.612133
804654623.776463,2.54023
804654626.934055,3.07722
804654629.833356,2.8148790000000004
804654632.3929659,2.475489
804654635.55134,3.073962
804654638.453187,2.8225580000000003
804654641.179721,2.6414210000000002
804654644.160121,2.906668
804654647.223384,2.974005
804654649.905499,2.6026399999999996
804654652.7221371,2.7324620000000004
804654655.9636151,3.152716
804654658.958489,2.881796
804654661.785036,2.743283
804654664.6626611,2.7937600000000002
804654667.758555,3.012434
804654670.5992891,2.761049
804654673.527141,2.843466
804654676.313058,2.7017909999999996
804654679.6441649,3.2470149999999998
804654682.747331,3.023876
804654685.865572,3.032747
804654688.719948,2.769473
804654691.511197,2.706843
804654694.72913,3.1381769999999998
804654697.7399861,2.925056
804654700.860642,3.0355980000000002
804654703.698681,2.753231
804654707.017328,3.235233
804654710.302708,3.199395
804654712.837661,2.4472880000000004
804654715.491024,2.558317
804654718.2556261,2.685088
804654720.915069,2.574665
804654723.7575029,2.7581580000000003
804654726.413477,2.575426
804654728.659246,2.161709
804654731.49728,2.753136
804654733.71364,2.1364639999999997
804654736.6192061,2.82147
804654739.035131,2.331949
804654741.6939219,2.579426
804654744.541307,2.7628530000000002
804654746.953008,2.3277200000000002
804654750.139708,3.1075410000000003
804654753.034724,2.81077
804654755.323468,2.2038420000000003
804654757.9161999,2.509468
804654760.2689589,2.268277
804654762.594549,2.241129
804654765.053049,2.379251
804654768.037333,2.900007
804654770.450442,2.3268579999999996
804654773.065822,2.53613
804654775.780753,2.631021
804654778.3524511,2.4924489999999997
804654781.016454,2.579151
804654783.612293,2.5109619999999997
804654786.243169,2.550815
804654788.7184731,2.391233
804654791.6457599,2.843101
804654794.607175,2.8818759999999997
804654796.910318,2.218801
804654799.2993311,2.304571
804654801.6964569,2.3172710000000003
804654804.1001539,2.3183689999999997
804654806.419465,2.249434
804654809.1298419,2.6313069999999996
804654811.371837,2.142684
804654813.635989,2.184451
804654815.832303,2.1116870000000003
804654817.858265,1.9463219999999999
804654819.978632,2.036091
804654822.5109041,2.4298029999999997
804654824.702381,2.0805350000000002
804654827.333082,2.5455069999999997
804654829.9745721,2.562853
804654832.7172589,2.6576630000000003
804654835.4312891,2.629393
804654837.693511,2.165072
804654840.2667279,2.489091
804654842.633554,2.2821130000000003
804654845.4145089,2.700428
804654847.801322,2.30187
804654850.39636,2.5160389999999997
804654852.9307171,2.4496040000000003
804654855.65732,2.641942
804654858.183728,2.446952
804654861.095738,2.8271529999999996
804654863.79351,2.613605
804654866.6089259,2.735981
804654869.43046,2.736141
804654872.152809,2.637532
804654875.530625,3.292732
804654878.3053861,2.69506
804654880.855564,2.465656
804654883.42214,2.481774
804654885.850514,2.3482730000000003
804654888.48758,2.5527990000000003
804654890.7556609,2.1841809999999997
804654893.200143,2.365082
804654895.506453,2.2212669999999997
804654898.078763,2.492434
804654900.0897,1.9268569999999998
804654902.565385,2.3901
804654905.62308,2.978215
804654908.095762,2.382418
804654910.467399,2.285687
804654912.7460849,2.2001579999999996
804654914.932632,2.1022250000000002
804654917.211198,2.199261
804654919.628938,2.333544
804654921.953315,2.244867
804654924.219226,2.18189
804654926.667311,2.362365
804654928.926486,2.179475
804654931.47926,2.468142
804654933.709358,2.1453499999999996
804654935.996037,2.201947
804654938.070694,1.95611
804654939.534863,1.3845290000000001
804654941.424488,1.810451
804654943.0121701,1.504402
804654944.663706,1.5629890000000002
804654946.905506,2.1567320000000003
804654949.201226,2.21601
804654951.626042,2.341021
804654953.794576,2.074465
804654956.4609101,2.568125
804654958.767004,2.2075649999999998
804654961.009526,2.163993
804654963.426981,2.333624
804654965.745625,2.23951
804654968.216312,2.386241
804654970.478199,2.178217
804654972.5176879,1.959878
804654974.571976,1.9700020000000003
804654976.6306651,1.9789679999999998
804654978.759807,2.046315
804654980.987004,2.147496
804654982.961933,1.8905580000000002
804654984.956457,1.914945
804654986.922149,1.8806289999999999
804654988.906976,1.905838
804654991.123662,2.1324899999999998
804654993.264116,2.055962
804654995.3661699,2.017874
804654997.6230199,2.172869
804655000.041416,2.334441
804655002.601799,2.474632
804655004.1827149,1.502604
804655005.776125,1.51148
804655007.689486,1.8246440000000002
804655010.2900059,2.521341
804655012.605387,2.23125
804655014.876665,2.18583
804655017.280438,2.324322
804655019.8692601,2.503855
804655022.440969,2.492308
804655025.477114,2.599793
804655027.991178,2.429978
804655030.946028,2.842097
804655033.4562881,2.4307339999999997
804655036.052443,2.5116579999999997
804655038.533194,2.396731
804655040.851112,2.238061
804655043.270355,2.3238209999999997
804655045.6754249,2.325976
804655047.783228,2.023723
804655049.786358,1.909481
804655052.128035,2.258248
804655054.4165541,2.1918580000000003
804655056.354672,1.858823
804655058.532412,2.092352
804655060.896021,2.284434
804655063.1222849,2.1416769999999996
804655065.3786939,2.177009
804655068.223804,2.7603929999999997
804655070.518662,2.210798
804655072.826601,2.228765
804655075.528553,2.618071
804655078.208177,2.584147
804655080.993453,2.7003779999999997
804655083.648154,2.570319
804655085.846137,2.1183069999999997
804655088.6104189,2.680161
804655091.362547,2.6664190000000003
804655094.025489,2.583616
804655096.306705,2.1969749999999997
804655098.7309799,2.339833
804655101.419831,2.6049599999999997
804655104.035952,2.532382
804655106.780493,2.658375
804655109.477002,2.6172489999999997
804655111.868746,2.307588
804655114.407191,2.459307
804655117.2827669,2.790828
804655119.680475,2.31257
804655122.395126,2.6358129999999997
804655125.039148,2.55987
804655128.136806,3.013497
804655131.507088,3.285685
804655133.635604,2.0489919999999997
804655136.077852,2.35764
804655138.354242,2.1910559999999997
804655140.772874,2.338851
804655142.923326,2.066647
804655145.361057,2.358035
804655147.93048,2.485066
804655150.49466,2.450411
804655153.190939,2.6109649999999998
804655155.477589,2.20099
804655157.9097971,2.352888
804655159.9403,1.945666
804655161.6001849,1.571239
804655163.399986,1.7256280000000002
804655165.3878239,1.908334
804655167.4910519,2.017984
804655169.886144,2.315351
804655172.123137,2.150417
804655174.113221,1.906208
804655175.993354,1.800928
804655178.491211,2.382253
804655180.705727,2.135598
804655182.674522,1.8847340000000001
804655184.603964,1.849116
804655186.756145,2.068146
804655188.702477,1.866396
804655190.467693,1.681239
804655192.565773,2.012536
804655194.83881,2.183079
804655196.694747,1.777353
804655199.0289719,2.250049
804655200.883215,1.774602
804655203.1677091,2.1993970000000003
804655205.399817,2.152316
804655207.672479,2.188716
804655209.934386,2.18187
804655212.212811,2.194329
804655214.5336299,2.234909
804655216.742197,2.129158
804655219.0027659,2.1753810000000002
804655221.146523,2.0604820000000004
804655223.247435,2.015854
804655225.710515,2.380448
804655227.811282,2.0166899999999996
804655229.668672,1.7743520000000002
804655231.8443431,2.091004
804655234.535579,2.6120370000000004
804655236.446193,1.826007
804655238.6352099,2.104165
804655240.890452,2.176212
804655243.125877,2.1500809999999997
804655245.436201,2.230554
804655248.271077,2.748786
804655250.763596,2.408493
804655253.635839,2.790618
804655255.726061,2.006136
804655257.929677,2.1245220000000002
804655259.913807,1.899292
804655262.4669269,2.4717409999999997
804655264.393052,1.864537
804655266.361832,1.884202
804655268.708225,2.267003
804655270.566312,1.7738800000000001
804655272.8253111,2.175581
804655275.178844,2.262977
804655277.602345,2.359123
804655279.768979,2.0795570000000003
804655282.233833,2.3855069999999996
804655284.3837019,2.080546
804655286.399305,1.947024
804655288.479136,2.0155730000000003
804655290.698905,2.150426
804655292.921851,2.142915
804655294.983958,1.9775800000000001
804655297.073074,2.008709
804655299.1174581,1.9744850000000003
804655301.327699,2.144736
804655303.6571411,2.2431460000000003
804655305.8491421,2.126593
804655308.417202,2.4838780000000003
804655311.055595,2.5537020000000004
804655313.5391281,2.387258
804655315.986141,2.3619850000000002
804655318.685582,2.5853550000000003
804655321.5291779,2.764879
804655324.1345301,2.5207390000000003
804655326.634386,2.415625
804655329.038874,2.3248290000000003
804655331.0236909,1.900761
804655333.346144,2.243053
804655335.5763611,2.145536
804655338.305146,2.649991
804655341.141716,2.752119
804655343.548576,2.32139
804655345.8310399,2.202363
804655348.178897,2.26332
804655350.678497,2.414863
804655353.244647,2.4834829999999997
804655356.1547979,2.82591
804655359.120098,2.880597
804655361.277406,2.077773
804655364.130575,2.768627
804655366.477806,2.2612959999999998
804655368.748984,2.1912979999999997
804655371.07471,2.24174
804655373.871321,2.716876
804655377.0005031,3.044514
804655380.3364,3.250864
804655383.1457969,2.7247090000000003
804655385.9010919,2.675565
804655388.67687,2.691522
804655391.327794,2.566657
804655393.831469,2.423975
804655396.730334,2.814533
804655399.046427,2.230905
804655401.963213,2.8377120000000002
804655404.812102,2.764397
804655407.226839,2.330651
804655410.0098089,2.703375
804655412.515173,2.419343
804655415.092334,2.492208
804655417.739011,2.5670129999999998
804655420.0416629,2.2182109999999997
804655422.4945999,2.367718
804655424.917056,2.343602
804655428.052877,3.050513
804655430.630023,2.491748
804655433.066457,2.357094
804655435.355357,2.205185
804655437.874096,2.43929
804655439.929618,1.971175
804655442.233602,2.192786
804655444.396052,2.078184
804655446.4358569,1.9554479999999999
804655448.747054,2.231436
804655450.790406,1.958871
804655453.294297,2.4226859999999997
804655455.63835,2.260078
804655458.5207721,2.802662
804655460.9881619,2.371327
804655463.150041,2.0661159999999996
804655465.482612,2.252941
804655468.146235,2.577853
804655470.5886719,2.356888
804655473.157002,2.4842940000000002
804655475.7306191,2.489382
804655478.369514,2.559169
804655480.5955219,2.141973
804655482.957718,2.2784910000000003
804655485.364407,2.327555
804655487.402633,1.953418
804655489.564667,2.082519
804655491.50487,1.856798
804655493.7841221,2.1988149999999997
804655495.957072,2.088062
804655498.56348,2.495501
804655501.873959,3.225911
804655504.18257,2.223653
804655506.38148,2.113847
804655509.3308569,2.87084
804655512.26325,2.847279
804655514.929684,2.5824390000000004
804655517.826761,2.81712
804655520.7912331,2.879661
804655523.216064,2.3396329999999996
804655525.822749,2.5279059999999998
804655528.603273,2.696138
804655531.003191,2.315246
804655533.726518,2.644192
804655536.407826,2.5969819999999997
804655539.039544,2.5467
804655541.788575,2.669656
804655544.727708,2.8547580000000004
804655547.295022,2.4824360000000003
804655549.675856,2.301324
804655552.408884,2.647464
804655554.699332,2.205791
804655557.150169,2.371176
804655559.5206541,2.2866940000000002
804655561.597319,1.9969739999999998
804655563.137746,1.456286
804655564.7878879,1.587075
804655566.140839,1.286391
804655568.065366,1.864667
804655570.180059,1.9873680000000002
804655572.454646,2.194835
804655574.561717,2.022714
804655576.669585,2.0286280000000003
804655578.8380439,2.083963
804655580.768138,1.851
804655583.090596,2.227938
804655585.13217,1.961838
804655587.598613,2.3812759999999997
804655589.838604,2.1609220000000002
804655592.443094,2.504366
804655594.386554,1.859294
804655596.09649,1.631218
804655597.6935941,1.508072
804655599.8132701,2.040095
804655602.280775,2.3882600000000003
804655604.685023,2.3199370000000004
804655607.368693,2.599544
804655609.7677239,2.319677
804655611.96914,2.117259
804655614.55437,2.4772879999999997
804655616.968401,2.3294539999999997
804655619.2597511,2.2067229999999998
804655622.0501131,2.7106169999999996
804655624.334086,2.1990600000000002
804655627.3454881,2.926975
804655630.308122,2.883324
804655633.275957,2.882978
804655635.746285,2.385997
804655638.245674,2.419063
804655640.727839,2.397668
804655643.2298399,2.417233
804655645.408463,2.098898
804655647.999215,2.506396
804655650.450779,2.3324309999999997
804655653.238886,2.7086129999999997
804655655.972491,2.649554
804655658.759135,2.681338
804655661.010527,2.166074
804655663.6731169,2.5775609999999998
804655666.5407741,2.788933
804655669.066565,2.44128
804655671.462093,2.3115520000000003
804655673.865414,2.32354
804655676.214725,2.264699
804655678.601447,2.302196
804655680.521358,1.840786
804655682.770094,2.169271
804655685.256198,2.406494
804655687.542166,2.201105
804655689.677929,2.0561979999999997
804655691.767836,2.005389
804655694.002684,2.156031
804655696.201775,2.114699
804655698.4162109,2.130265
804655700.718011,2.222099
804655702.992672,2.190665
804655705.268882,2.196945
804655707.725106,2.371832
804655710.2363031,2.432324
804655712.845213,2.522198
804655715.14746,2.2139759999999997
804655717.880113,2.653359
804655720.426221,2.460915
804655723.119417,2.60873
804655725.921286,2.722695
804655728.54678,2.541002
804655731.215238,2.5847729999999998
804655733.692617,2.397678
804655735.896538,2.1191050000000002
804655738.148597,2.172739
804655740.574481,2.341452
804655742.843073,2.184688
804655745.470793,2.5484
804655747.973665,2.418852
804655751.849796,3.769206
804655754.673982,2.7395639999999997
804655757.8754259,3.116175
804655760.5477941,2.587896
804655762.679432,2.0479130000000003
804655765.171059,2.412523
804655768.060792,2.801474
804655770.619004,2.4740320000000002
804655773.0101421,2.3123549999999997
804655774.544029,1.449119
804655776.419245,1.8113730000000001
804655778.036752,1.550951
804655779.582476,1.486306
804655782.3870059,2.72692
804655784.261891,1.807949
804655786.24983,1.921329
804655788.436397,2.1052269999999997
804655790.6885711,2.1656739999999997
804655792.866217,2.098361
804655795.571892,2.610669
804655797.5608231,1.9093310000000001
804655799.860849,2.206803
804655802.105119,2.165152
804655804.06594,1.876689
804655806.4662341,2.314915
804655808.671634,2.126191
804655811.2763649,2.5200679999999998
804655814.033215,2.6616180000000003
804655816.2675271,2.1354070000000003
804655818.26599,1.913947
804655820.340355,1.9954259999999997
804655822.681978,2.257116
804655824.803939,2.0429269999999997
804655827.0324581,2.144819
804655829.0612221,1.949214
804655830.994177,1.849646
804655833.570641,2.496904
804655835.609143,1.95421
804655837.9621271,2.272202
804655840.128276,2.081342
804655842.3632051,2.14955
804655844.494413,2.052609
804655846.80794,2.225893
804655848.798675,1.911235
804655851.415649,2.5296860000000003
804655853.673731,2.178658
804655855.976443,2.217658
804655858.258281,2.173906
804655860.439325,2.095955
804655862.470896,1.946919
804655864.479829,1.929338
804655866.6290979,2.0608779999999998
804655868.670471,1.948833
804655870.962188,2.1924200000000003
804655873.294999,2.253888
804655876.194195,2.8139570000000003
804655878.967583,2.688916
804655881.608547,2.561565
804655883.74394,2.0496429999999997
804655886.017183,2.193457
804655889.2647351,3.163641
804655891.957244,2.607401
804655895.118685,3.054748
804655898.049785,2.8464929999999997
804655901.064029,2.930173
804655903.820348,2.6710700000000003
804655906.220827,2.321535
804655908.5685589,2.263621
804655910.741468,2.087821
804655912.914573,2.0866830000000003
804655915.342356,2.3428199999999997
804655918.1089029,2.687367
804655920.196885,1.991186
804655922.753363,2.470974
804655925.312307,2.479263
804655928.0614929,2.664629
804655930.04206,1.895278
804655932.317999,2.196229
804655934.373575,1.970824
804655937.0237211,2.570329
804655939.5885581,2.476236
804655941.877914,2.210016
804655943.961455,1.999782
804655946.043188,1.972348
804655948.1327391,2.005134
804655950.2442601,2.025326
804655952.528193,2.200765
804655954.780277,2.167507
804655956.838465,1.9777150000000001
804655959.172449,2.249774
804655961.296831,2.043142
804655963.754553,2.374138
804655965.9838791,2.1497859999999998
804655968.6145,2.5463489999999998
804655970.8427991,2.144098
804655973.129077,2.2072
804655975.82084,2.607536
804655978.201283,2.300772
804655980.235259,1.9354310000000001
804655982.597825,2.276666
804655985.020491,2.342925
804655987.122104,2.011504
804655989.3359951,2.13439
804655991.559598,2.139608
804655993.680647,2.0395090000000002
804655995.830352,2.0649330000000004
804655998.084671,2.1750089999999997
804656000.710721,2.541247
804656003.445138,2.6483209999999997
804656006.2257171,2.700749
804656008.871518,2.560873
804656010.7524719,1.796413
804656013.0343261,2.188566
804656015.346049,2.226766
804656017.770805,2.345521
804656020.249637,2.395517
804656022.860627,2.527119
804656025.073003,2.132806
804656027.21264,2.054549
804656029.442407,2.150257
804656031.798508,2.2719
804656034.407198,2.529496
804656037.279491,2.7884889999999998
804656039.925663,2.562311
804656042.666024,2.634078
804656045.029442,2.279493
804656047.7692809,2.655528
804656050.332655,2.4840240000000002
804656052.784123,2.3669260000000003
804656055.006498,2.137407
804656057.746052,2.64133
804656060.2678031,2.437792
804656062.893192,2.541643
804656065.4430001,2.470768
804656068.028475,2.473038
804656070.4649329,2.3501469999999998
804656072.99975,2.4553320000000003
804656075.69471,2.61087
804656078.551998,2.7778080000000003
804656081.310772,2.675219
804656084.12931,2.734312
804656086.5379441,2.32336
804656089.38764,2.76993
804656091.956732,2.48437
804656094.876681,2.814213
804656097.178776,2.2181290000000002
804656099.598901,2.336234
804656102.1580501,2.480054
804656104.874014,2.6312409999999997
804656107.43405,2.475143
804656110.202025,2.68882
804656113.0104489,2.723783
804656115.515232,2.421113
804656117.6630939,2.0686020000000003
804656120.131586,2.384518
804656122.849214,2.63263
804656125.8836551,2.955958
804656128.3839071,2.4162060000000003
804656130.807901,2.338781
804656133.072028,2.1856139999999997
804656135.5334641,2.3768040000000004
804656137.8561721,2.2438890000000002
804656140.213281,2.271995
804656142.189708,1.891263
804656144.506478,2.237996
804656146.79437,2.215363
804656149.063378,2.189985
804656151.0637771,1.916558
804656153.1705871,2.027842
804656155.076651,1.821917
804656156.9036651,1.74781
804656159.003319,2.015402
804656161.128713,2.057967
804656163.236525,2.0245089999999997
804656165.71209,2.39654
804656168.097574,2.3127
804656170.270855,2.0882069999999997
804656172.434402,2.084234
804656174.7011211,2.183039
804656176.4921061,1.7058229999999999
804656178.475279,1.899843
804656180.442885,1.88534
804656182.384401,1.865889
804656184.502689,2.039199
804656186.547384,1.9568269999999999
804656188.671916,2.045538
804656190.908254,2.134114
804656193.1341519,2.1470190000000002
804656195.3032581,2.0846139999999997
804656197.584916,2.202333
804656199.893421,2.224364
804656202.132545,2.16015
804656204.427122,2.1941539999999997
804656206.4078239,1.895915
804656208.43287,1.946177
804656210.719689,2.2019919999999997
804656212.634423,1.835744
804656214.628196,1.899709
804656216.83726,2.129133
804656218.963355,2.041724
804656221.365263,2.3195910000000004
804656223.348997,1.899698
804656225.7807189,2.348398
804656228.229761,2.364471
804656230.407562,2.09362
804656232.600859,2.1139129999999997
804656234.829965,2.143316
804656237.108621,2.199733
804656239.317204,2.1194349999999997
804656241.402444,2.005605
804656244.088749,2.601538
804656246.5942229,2.419568
804656248.839787,2.1662589999999997
804656251.623914,2.700473
804656254.1101891,2.4067540000000003
804656256.554951,2.360325
804656259.086201,2.446222
804656261.376424,2.211099
804656263.790801,2.330261
804656266.334553,2.463621
804656268.815215,2.39622
804656271.124176,2.2242889999999997
804656273.791993,2.5877909999999997
804656276.419105,2.542821
804656279.584676,3.0809990000000003
804656282.011116,2.347256
804656284.520344,2.423849
804656286.889245,2.2850800000000002
804656289.2502421,2.281633
804656292.1949891,2.859763
804656294.619179,2.338631
804656296.971045,2.272652
804656299.496641,2.420591
804656301.998416,2.422516
804656304.505278,2.422025
804656307.197883,2.607692
804656309.754676,2.4772629999999998
804656312.736259,2.8710150000000003
804656315.466141,2.6457360000000003
804656317.866425,2.322012
804656320.087382,2.1362740000000002
804656322.7325909,2.560662
804656325.224533,2.412392
804656327.963706,2.6544160000000003
804656330.495381,2.420285
804656333.173692,2.589359
804656335.942925,2.684381
804656338.796219,2.7448360000000003
804656341.146577,2.26542
804656343.9183769,2.686807
804656346.395314,2.3976420000000003
804656348.850606,2.3706199999999997
804656351.3568419,2.421172
804656354.373732,2.937179
804656357.008206,2.5490999999999997
804656359.316275,2.224123
804656361.5576841,2.1627709999999998
804656364.283476,2.64088
804656366.77808,2.411184
804656369.192507,2.334646
804656371.854666,2.577597
804656374.231791,2.287055
804656377.602855,3.286377
804656381.0595391,3.3720529999999997
804656383.595238,2.451428
804656386.485203,2.8106950000000004
804656388.6612539,2.0911049999999998
804656390.886847,2.141237
804656393.1350521,2.16874
804656395.6219529,2.402408
804656397.974947,2.273183
804656400.54458,2.485798
804656402.9265411,2.298227
804656405.525338,2.518945
804656407.8923191,2.2817279999999998
804656410.5831441,2.6110399999999996
804656412.881461,2.213614
804656415.163741,2.197768
804656417.549496,2.307118
804656419.895649,2.262168
804656421.911373,1.936213
804656424.16898,2.173235
804656426.507234,2.253552
804656428.7866011,2.199071
804656431.125778,2.2542780000000002
804656433.857033,2.65194
804656435.922883,1.9780710000000001
804656438.39333,2.3633830000000002
804656440.672848,2.195071
804656443.027005,2.269745
804656445.41052,2.28912
804656447.7234559,2.2294810000000003
804656450.01864,2.2156789999999997
804656452.074116,1.9716159999999998
804656454.5287161,2.370239
804656456.534321,1.926421
804656458.7175,2.097654
804656460.95916,2.1595389999999997
804656463.170715,2.127073
804656465.2094669,1.959858
804656467.4362719,2.142348
804656469.4574031,1.941881
804656471.716413,2.174012
804656473.6718609,1.876048
804656476.084724,2.3256599999999996
804656478.090004,1.919444
804656480.2052491,2.031335
804656482.362242,2.072431
804656484.385308,1.9439170000000001
804656486.668088,2.197431
804656489.289517,2.542209
804656491.624008,2.249353
804656493.916626,2.2130129999999997
804656496.238653,2.2376750000000003
804656498.698746,2.37524
804656501.969652,3.191938
804656504.9111271,2.857288
804656507.6344731,2.6384529999999997
804656510.547802,2.8342240000000003
804656513.774981,3.142507
804656515.912769,2.053236
804656518.109033,2.117004
804656520.388876,2.1962829999999998
804656522.9483011,2.474989
804656525.535957,2.508366
804656528.2400529,2.6198609999999998
804656530.501344,2.177225
804656532.8396031,2.258774
804656534.865731,1.9415859999999998
804656537.277065,2.330903
804656539.498809,2.137412
804656541.744187,2.165898
804656544.137249,2.30865
804656546.865562,2.6433899999999997
804656549.165432,2.204022
804656551.869469,2.618478
804656554.173218,2.224119
804656556.499525,2.241249
804656559.039639,2.4556370000000003
804656561.481781,2.362927
804656563.69336,2.1258649999999997
804656566.189613,2.416557
804656568.633158,2.358944
804656571.000686,2.283296
804656573.561694,2.482024
804656576.0870991,2.4416260000000003
804656578.307785,2.135241
804656580.575139,2.187429
804656583.0139431,2.355359
804656585.7954999,2.701475
804656588.8168249,2.936898
804656591.072883,2.167974
804656593.52772,2.375752
804656595.586929,1.975089
804656597.779319,2.113246
804656600.240896,2.376493
804656602.476517,2.1511389999999997
804656604.8761289,2.320548
804656607.139143,2.178226
804656609.428735,2.210152
804656611.6159431,2.10231
804656613.631912,1.9368049999999999
804656615.724129,2.008231
804656617.816446,2.012877
804656619.892886,1.9933059999999998
804656621.9744619,2.002352
804656624.378345,2.319887
804656627.044593,2.5801119999999997
804656629.101593,1.977505
804656631.188978,2.003254
804656633.1063981,1.8374439999999999
804656634.7668899,1.577108
804656637.090791,2.244617
804656638.677315,1.520205
804656640.279561,1.543434
804656642.513232,2.1479670000000004
804656644.646569,2.054229
804656646.717707,1.9862199999999999
804656649.182285,2.3852040000000003
804656651.3596351,2.093234
804656653.3694949,1.9307860000000001
804656655.3169,1.8622269999999999
804656657.289894,1.8939549999999998
804656659.266336,1.90461
804656661.2370349,1.8916600000000001
804656663.241182,1.931948
804656665.402544,2.078024
804656667.340948,1.848885
804656669.594124,2.174313
804656671.782354,2.113482
804656673.848215,1.9867560000000002
804656675.873822,1.9409
804656677.8382059,1.885064
804656680.080437,2.1543259999999997
804656682.2358509,2.070697
804656684.238664,1.923258
804656686.503327,2.179245
804656689.218935,2.6361879999999998
804656691.621409,2.318268
804656693.774523,2.074236
804656695.6918529,1.833003
804656697.930531,2.157784
804656699.8835529,1.853787
804656701.9949089,2.032147
804656704.1692569,2.090232
804656706.1770921,1.923028
804656708.413635,2.156792
804656710.516938,2.019102
804656712.5968859,1.998769
804656715.022022,2.340751
804656717.142084,2.028318
804656719.30874,2.075118
804656721.3802329,1.991928
804656723.412891,1.946147
804656725.7023921,2.217072
804656727.850073,2.062968
804656730.054435,2.122617
804656732.372463,2.232729
804656734.599123,2.14291
804656736.6832961,2.0044120000000003
804656739.101522,2.3333579999999996
804656741.070838,1.890497
804656743.185872,2.030919
804656745.747788,2.4825559999999998
804656748.3026061,2.470357
804656750.693819,2.293771
804656753.4006469,2.626831
804656756.06882,2.583872
804656758.307904,2.153816
804656760.8016809,2.414843
804656763.513415,2.6270320000000003
804656765.996677,2.403516
804656768.779446,2.697932
804656771.37282,2.5088559999999998
804656774.003195,2.55118
804656776.730174,2.642338
804656779.209042,2.39423
804656781.568947,2.264548
804656784.3402799,2.687472
804656786.731513,2.306881
804656789.040279,2.2296159999999996
804656791.2589049,2.133929
804656793.698645,2.360016
804656796.3875209,2.604179
804656798.707914,2.23576
804656801.0564029,2.269159
804656803.206149,2.064222
804656805.579295,2.293616
804656808.380427,2.717101
804656811.1457809,2.680346
804656813.677852,2.452701
804656816.390383,2.628199
804656818.723871,2.2486960000000003
804656821.404924,2.602124
804656823.600922,2.111367
804656826.3316361,2.650467
804656828.922038,2.506125
804656831.6451089,2.639471
804656834.1481069,2.424275
804656836.987628,2.75503
804656839.3677249,2.295515
804656841.9024321,2.455182
804656844.4167219,2.429823
804656847.06967,2.567945
804656849.71746,2.567584
804656852.3676211,2.5656440000000003
804656855.072605,2.6118309999999996
804656857.7642069,2.611917
804656860.105518,2.256028
804656862.776889,2.5996230000000002
804656865.277115,2.420556
804656867.7504289,2.388701
804656870.382202,2.552238
804656872.9393909,2.4723520000000003
804656875.7954019,2.7711490000000003
804656878.051846,2.176644
804656880.549347,2.412984
804656883.528729,2.892986
804656885.8918561,2.2839679999999998
804656888.242911,2.266934
804656890.85587,2.528358
804656893.378164,2.442297
804656895.834934,2.361078
804656897.978515,2.064492
804656900.2831069,2.219759
804656902.833725,2.465526
804656905.537215,2.620547
804656908.426523,2.80471
804656910.9526999,2.441566
804656913.209144,2.176628
804656915.4825281,2.1896590000000002
804656918.198392,2.635847
804656920.36213,2.0781240000000003
804656922.5024741,2.055686
804656924.7706101,2.1883459999999997
804656927.420225,2.5651990000000002
804656929.588665,2.088979
804656931.9999241,2.326552
804656934.384276,2.269765
804656936.856232,2.391473
804656939.3318111,2.390616
804656941.498767,2.08706
804656943.769098,2.186797
804656946.142539,2.294157
804656948.417547,2.1903449999999998
804656950.803002,2.301119
804656953.221539,2.339147
804656955.764876,2.45871
804656958.227184,2.383008
804656960.776365,2.459412
804656963.011414,2.1509329999999998
804656965.3442761,2.2532720000000004
804656967.959525,2.530137
804656970.5306369,2.465486
804656973.106359,2.49059
804656975.720828,2.52902
804656978.277957,2.478466
804656980.966517,2.604299
804656983.080128,2.0285390000000003
804656984.941102,1.780661
804656986.810454,1.785378
804656988.53503,1.6446290000000001
804656990.215208,1.596448
804656992.504684,2.205716
804656994.7541771,2.1647250000000002
804656997.156029,2.322031
804656999.870866,2.630284
804657002.325376,2.375045
804657004.8569411,2.433261
804657007.894223,2.9528610000000004
804657010.978845,3.004806
804657014.0453651,2.9820290000000003
804657016.821916,2.691863
804657019.6709551,2.765058
804657022.126663,2.375762
804657024.587738,2.376088
804657027.472085,2.7998250000000002
804657030.097183,2.546244
804657032.59736,2.415514
804657035.4150751,2.7170620000000003
804657038.23236,2.7385119999999996
804657040.6128631,2.295816
804657043.136499,2.438914
804657045.8488649,2.6326750000000003
804657048.4159169,2.4826710000000003
804657050.849288,2.348213
804657053.065704,2.136129
804657055.4637431,2.313151
804657057.829176,2.285777
804657060.033293,2.090328
804657062.5275359,2.4100319999999997
804657064.344336,1.739054
804657066.494879,2.066942
804657068.64492,2.070405
804657070.762451,2.0325629999999997
804657073.1757201,2.3336289999999997
804657075.468093,2.2082669999999998
804657077.78773,2.239801
804657080.043597,2.171948
804657082.16834,2.026168
804657084.485019,2.237429
804657086.4801489,1.910895
804657088.7286149,2.16886
804657091.100728,2.287305
804657093.345846,2.166135
804657095.5559031,2.12578
804657097.881593,2.244431
804657100.039407,2.060428
804657102.293195,2.175991
804657104.627616,2.255462
804657106.851053,2.1289569999999998
804657109.090392,2.159894
804657111.224371,2.044721
804657113.5451701,2.234733
804657115.643937,2.012582
804657117.836327,2.1082039999999997
804657119.945423,2.020645
804657122.1403891,2.0835559999999997
804657124.207758,1.979649
804657127.117233,2.828225
804657129.8808271,2.689864
804657132.55038,2.5855449999999998
804657134.6330171,2.023642
804657137.2213539,2.517996
804657139.8300309,2.550179
804657142.914757,3.029805
804657144.7285,1.742713
804657146.9773921,2.182282
804657149.455171,2.4141459999999997
804657152.124316,2.603107
804657154.53124,2.339267
804657157.1010239,2.506622
804657159.067509,1.900029
804657160.931294,1.804246
804657163.784898,2.774561
804657166.413153,2.557214
804657169.181283,2.681453
804657171.6805329,2.414993
804657174.406966,2.6459610000000002
804657177.188433,2.6968349999999996
804657179.952755,2.678662
804657182.4376111,2.3692420000000003
804657185.007921,2.4854920000000003
804657187.980076,2.887673
804657190.846641,2.75917
804657193.610401,2.68004
804657196.202898,2.504992
804657198.263301,1.978137
804657200.593021,2.248536
804657202.998031,2.320574
804657205.120658,2.0415680000000003
804657207.402581,2.197241
804657209.65901,2.1771350000000003
804657211.760594,2.016781
804657214.1289481,2.2869349999999997
804657216.132564,1.917425
804657218.0850999,1.868261
804657220.3673741,2.2034759999999998
804657222.341792,1.888889
804657224.1786541,1.7606849999999998
804657226.176837,1.930952
804657228.1495401,1.915916
804657230.137154,1.908614
804657232.112212,1.920066
804657234.155751,1.975179
804657236.214053,1.9957920000000002
804657238.107255,1.827391
804657386.604045,148.41891199999998
804657390.632491,3.9434730000000005
804657394.108931,3.391953
804657397.924756,3.731464
804657400.55493,2.545407
804657403.278752,2.639291
804657406.4012381,3.0428949999999997
804657409.4746139,2.987641
804657412.4172109,2.858095
804657415.457425,2.955663
804657418.324427,2.806886
804657420.938999,2.530132
804657423.2810429,2.256634
804657425.854926,2.494202
804657428.5968751,2.657774
804657430.938037,2.2333700000000003
804657433.547623,2.5305269999999997
804657435.970665,2.3389309999999996
804657438.1005191,2.019819
804657440.433722,2.234257
804657442.628688,2.110604
804657445.024647,2.316278
804657447.539433,2.429132
804657450.336581,2.717593
804657452.864121,2.4431629999999998
804657455.214469,2.264808
804657458.20184,2.9076649999999997
804657460.843215,2.550198
804657463.6243659,2.695918
804657466.2227169,2.519111
804657468.574327,2.266307
804657470.863292,2.204468
804657473.16019,2.21784
804657475.365495,2.121409
804657477.370539,1.925097
804657479.541373,2.087566
804657482.062544,2.44179
804657484.68689,2.539608
804657487.071387,2.3000659999999997
804657489.3784441,2.2279430000000002
804657491.876621,2.412923
804657494.982889,3.021571
804657497.7933091,2.7251760000000003
804657500.847811,2.969264
804657504.32392,3.385488
804657507.642778,3.23406
804657510.932578,3.210395
804657513.173661,2.1558240000000004
804657515.6816111,2.423544
804657518.251345,2.491506
804657520.66713,2.331859
804657522.947019,2.195216
804657524.94679,1.920547
804657527.048143,2.016615
804657529.306722,2.179254
804657531.830122,2.438804
804657533.927161,2.017458
804657535.904215,1.887996
804657538.0366,2.0504490000000004
804657540.327284,2.206754
804657542.323041,1.9117769999999998
804657544.417407,2.015559
804657546.452806,1.951194
804657548.815207,2.278922
804657551.228937,2.323104
804657553.656204,2.344093
804657555.9466419,2.206839
804657558.558931,2.50335
804657561.247867,2.60467
804657563.976616,2.644713
804657566.608349,2.524879
804657568.933738,2.241234
804657571.787964,2.768927
804657574.5152551,2.648076
804657577.0330169,2.43291
804657579.473931,2.357384
804657581.9997569,2.4464859999999997
804657584.478028,2.393754
804657587.2031829,2.637687
804657589.796221,2.513778
804657592.0721151,2.191903
804657594.278528,2.120559
804657596.579496,2.2205150000000002
804657599.1445941,2.480371
804657601.3765709,2.152797
804657603.293294,1.831936
804657605.8585969,2.481188
804657607.967077,2.024148
804657610.280238,2.225537
804657612.285131,1.938093
804657614.296875,1.944477
804657615.7987931,1.438444
804657617.5402279,1.678394
804657618.995797,1.389125
804657621.222527,2.169307
804657623.4576371,2.150287
804657626.4485459,2.912291
804657629.155038,2.615104
804657631.7689841,2.5286229999999996
804657634.309029,2.450837
804657636.88414,2.4905090000000003
804657639.489532,2.52067
804657642.356899,2.788403
804657644.641012,2.199532
804657646.6034371,1.877627
804657648.545915,1.862953
804657650.563833,1.9266260000000002
804657652.799098,2.156155
804657655.236017,2.351204
804657657.388003,2.072636
804657659.290282,1.818149
804657661.578636,2.205846
804657663.5357879,1.873076
804657665.618643,2.003094
804657667.633956,1.931733
804657669.8246471,2.1018090000000003
804657672.113632,2.204278
804657674.7301091,2.513001
804657677.1287891,2.3116529999999997
804657679.296066,2.079983
804657681.517388,2.141972
804657683.9319099,2.329915
804657685.835237,1.798128
804657688.1040909,2.1818910000000002
804657690.1189519,1.930129
804657692.147094,1.948833
804657694.1294949,1.8901409999999998
804657696.2032889,1.99482
804657698.190461,1.902715
804657700.445046,2.175701
804657702.8233639,2.292694
804657704.957298,2.0548699999999998
804657706.9809201,1.9397920000000002
804657708.878088,1.817908
804657711.053338,2.090488
804657713.1368691,2.005128
804657715.0796379,1.858648
804657717.3700709,2.2108980000000003
804657720.243737,2.783902
804657722.36666,2.038351
804657724.5881281,2.1423229999999998
804657726.887832,2.214672
804657729.115209,2.148723
804657731.651109,2.452537
804657734.403413,2.672247
804657737.002119,2.5139329999999998
804657739.466226,2.379451
804657742.193416,2.648622
804657744.9507821,2.668047
804657747.843603,2.8083940000000003
804657750.667163,2.744266
804657753.245803,2.4938680000000004
804657755.9637159,2.6330210000000003
804657758.411646,2.339527
804657760.901764,2.406207
804657763.612376,2.6258190000000003
804657765.83457,2.14322
804657768.739338,2.819671
804657771.430575,2.6066890000000003
804657774.128617,2.618597
804657776.6980101,2.48428
804657779.163461,2.38143
804657781.5322009,2.285793
804657783.934716,2.317371
804657786.2120631,2.165493
804657788.433325,2.137006
804657790.491634,1.973992
804657792.5018699,1.931443
804657794.809869,2.223392
804657797.0361071,2.1468089999999997
804657799.292461,2.171812
804657801.365989,1.9941490000000002
804657803.454202,2.0043819999999997
804657805.563583,2.029927
804657807.642794,1.9946899999999999
804657809.844381,2.120363
804657812.3494201,2.420432
804657814.663062,2.229852
804657816.785318,2.043123
804657819.012985,2.1433210000000003
804657821.2789719,2.186556
804657823.345358,1.98199
804657825.482705,2.043994
804657827.78046,2.204874
804657830.0325891,2.172635
804657831.9871709,1.870195
804657833.379057,1.300483
804657835.197301,1.7316420000000001
804657837.225829,1.94759
804657839.155452,1.844144
804657841.34689,2.109627
804657843.358323,1.9262599999999999
804657845.307622,1.868045
804657847.514285,2.122432
804657849.681216,2.088117
804657851.900454,2.134465
804657854.0952339,2.115064
804657856.356299,2.17491
804657858.945197,2.5036899999999997
804657861.413214,2.388882
804657863.5953499,2.098461
804657866.125316,2.449935
804657868.786878,2.57684
804657871.0342461,2.161965
804657873.583843,2.470468
804657876.2832791,2.61557
804657878.58812,2.2205760000000003
804657880.636029,1.969215
804657882.607835,1.88778
804657884.644122,1.956816
804657886.725513,1.997641
804657888.7645661,1.960084
804657890.766939,1.918954
804657892.760897,1.914703
804657894.650011,1.8052380000000001
804657896.278412,1.5486309999999999
804657898.002807,1.6399190000000001
804657900.1373479,2.055221
804657902.737101,2.508546
804657904.997088,2.16487
804657906.907411,1.8251840000000001
804657909.1815771,2.195367
804657911.61345,2.3475520000000003
804657913.879877,2.186646
804657916.2776699,2.313958
804657919.005031,2.642518
804657921.3360629,2.252109
804657924.165893,2.7465200000000003
804657927.268227,3.0175319999999997
804657930.029873,2.68171
804657932.587222,2.471831
804657935.120752,2.448867
804657937.793119,2.5928679999999997
804657940.620548,2.7434730000000003
804657942.9372871,2.20534
804657945.673067,2.656486
804657948.302314,2.545382
804657951.037733,2.650722
804657953.8450251,2.7280719999999996
804657956.580931,2.651143
804657959.128503,2.463196
804657961.842353,2.63438
804657964.717387,2.78964
804657967.475409,2.673956
804657969.8949181,2.3404900000000004
804657972.439994,2.460719
804657974.941203,2.4161360000000003
804657977.0517371,2.03149
804657979.875818,2.736853
804657982.1072431,2.150848
804657984.436121,2.241594
804657986.7025989,2.18162
804657989.0374061,2.25483
804657991.792812,2.670934
804657994.12422,2.2522290000000003
804657996.414508,2.2052500000000004
804657998.905238,2.400399
804658001.682685,2.6984280000000003
804658004.0954629,2.328001
804658006.557215,2.3772200000000003
804658008.887631,2.250776
804658011.156796,2.184567
804658013.6004511,2.3607620000000002
804658015.659325,1.973164
804658018.040549,2.29998
804658019.972332,1.846941
804658022.374801,2.2931700000000004
804658025.407012,2.612193
804658027.607906,2.1148249999999997
804658029.79106,2.1041499999999997
804658032.047449,2.1709609999999997
804658034.285135,2.152091
804658036.5194119,2.154071
804658039.008929,2.40497
804658041.263463,2.17083
804658043.641621,2.2802890000000002
804658045.948733,2.227852
804658048.247571,2.214617
804658050.540114,2.208477
804658052.792583,2.173005
804658055.000219,2.1219419999999998
804658057.797994,2.718997
804658060.147089,2.264307
804658062.610029,2.378764
804658065.1313499,2.442116
804658067.613449,2.397888
804658070.2834009,2.590021
804658073.039629,2.6724880000000004
804658075.6180019,2.493481
804658078.281224,2.5843480000000003
804658080.788076,2.423048
804658083.472276,2.599458
804658086.060227,2.507955
804658088.888558,2.74451
804658091.428447,2.4551260000000004
804658093.880692,2.361133
804658096.3674569,2.40287
804658098.532218,2.079062
804658100.9858221,2.373567
804658103.067865,1.9946949999999999
804658105.243927,2.096802
804658107.527619,2.19911
804658109.770171,2.163427
804658111.9445031,2.0780339999999997
804658113.994737,1.9405990000000002
804658116.24184,2.157454
804658118.334242,2.008667
804658120.299904,1.87246
804658122.676553,2.292087
804658125.600677,2.8448890000000002
804658128.126333,2.441094
804658130.670843,2.458294
804658133.351499,2.6012969999999997
804658135.9010061,2.4583790000000003
804658138.346776,2.3664300000000003
804658140.981721,2.551276
804658143.546554,2.480015
804658146.0182041,2.3923400000000004
804658148.6460581,2.534095
804658151.304874,2.574048
804658154.03693,2.652546
804658156.748584,2.626926
804658159.47412,2.625514
804658162.162857,2.608464
804658165.211024,2.949699
804658167.7338741,2.4381619999999997
804658170.2887831,2.4758150000000003
804658172.8665351,2.4934610000000004
804658175.6769041,2.725657
804658178.492219,2.736386
804658181.3419499,2.76566
804658183.974099,2.5480490000000002
804658186.743778,2.6603600000000003
804658189.3141531,2.485874
804658191.955443,2.557024
804658194.747063,2.684776
804658197.504053,2.6720110000000004
804658200.1168569,2.528001
804658202.811853,2.6092009999999997
804658205.4226171,2.531615
804658207.950889,2.443349
804658210.776543,2.72068
804658213.504004,2.64307
804658216.123664,2.5354579999999998
804658218.98671,2.7788359999999996
804658221.775359,2.7098449999999996
804658224.426517,2.567012
804658227.104136,2.592676
804658229.464558,2.280701
804658232.18826,2.639
804658234.634676,2.361915
804658237.55242,2.837873
804658240.581273,2.943609
804658243.334483,2.667987
804658245.969299,2.5554750000000004
804658248.626472,2.5731819999999996
804658252.27852,3.566289
804658255.3812599,3.018158
804658258.764743,3.303782
804658261.224656,2.375521
804658263.872496,2.563799
804658266.870503,2.919238
804658269.2411029,2.282891
804658271.556629,2.230979
804658273.950588,2.314444
804658276.583289,2.548113
804658279.312984,2.645089
804658282.0266579,2.634891
804658284.382178,2.269725
804658287.070543,2.604775
804658289.642702,2.492464
804658291.956249,2.2286699999999997
804658294.754264,2.686269
804658297.061542,2.22257
804658299.530556,2.402198
804658301.759326,2.165813
804658303.889772,2.063456
804658306.090135,2.1373719999999996
804658308.10206,1.945044
804658310.398176,2.229241
804658312.448049,1.9866359999999998
804658314.2857879,1.770392
804658316.149543,1.800608
804658318.358226,2.141451
804658320.196912,1.759146
804658322.458734,2.177676
804658324.396562,1.858212
804658326.762641,2.2807399999999998
804658328.838479,1.992685
804658330.963527,2.040111
804658333.288195,2.245133
804658335.428143,2.055596
804658337.804246,2.296638
804658339.8813471,1.9920630000000001
804658341.7745401,1.812771
804658344.133774,2.275173
804658346.130634,1.912263
804658348.317155,2.107277
804658350.750311,2.348578
804658352.8360469,2.003325
804658354.908328,1.988124
804658357.027071,2.0371479999999997
804658359.4603269,2.346213
804658361.381695,1.8402749999999999
804658363.386243,1.9198600000000001
804658365.465089,1.997767
804658367.489433,1.940509
804658369.525183,1.954852
804658371.6508629,2.04215
804658373.655731,1.923228
804658376.190563,2.4493129999999996
804658378.379856,2.105553
804658380.69872,2.237284
804658382.6769861,1.893389
804658385.072294,2.3148999999999997
804658386.965157,1.8085309999999999
804658388.949813,1.904895
804658390.988385,1.954846
804658392.7679939,1.699818
804658394.2767919,1.4242759999999999
804658396.436661,2.080344
804658398.310233,1.789607
804658400.890857,2.501289
804658403.19182,2.216461
804658405.368598,2.079688
804658407.399076,1.9451850000000002
804658409.484237,2.006116
804658411.3491501,1.779228
804658413.312015,1.8829
804658415.3161271,1.915991
804658417.491502,2.095724
804658419.360253,1.784816
804658421.614447,2.175311
804658423.891554,2.1931410000000002
804658426.187024,2.2150279999999998
804658428.308744,2.038131
804658430.526494,2.130722
804658432.635019,2.025812
804658435.144868,2.424119
804658437.680557,2.456465
804658440.129093,2.352022
804658442.7800059,2.557896
804658445.5764569,2.708863
804658448.340724,2.679704
804658451.251657,2.825775
804658454.0979041,2.766822
804658457.071218,2.8881699999999997
804658459.797701,2.641456
804658462.4297999,2.5524229999999997
804658465.145358,2.631301
804658467.668157,2.437897
804658470.689398,2.94161
804658473.222226,2.448787
804658475.951165,2.644277
804658478.451231,2.388662
804658481.007203,2.470803
804658483.806005,2.713899
804658486.809092,2.923573
804658489.674364,2.782128
804658492.2775451,2.519141
804658494.775602,2.4129590000000003
804658497.2963619,2.436343
804658500.627458,3.247627
804658503.724906,3.013562
804658506.684332,2.8795349999999997
804658509.077479,2.308986
804658511.7893181,2.6268569999999998
804658514.254498,2.3855299999999997
804658517.0196669,2.680632
804658519.7462361,2.643687
804658522.317774,2.4924679999999997
804658525.499427,2.7333190000000003
804658528.294796,2.7104310000000003
804658531.003684,2.62413
804658533.8251879,2.742627
804658536.640103,2.7305390000000003
804658539.4176611,2.692249
804658541.7109001,2.2138050000000002
804658544.0883061,2.292668
804658546.847717,2.674217
804658549.110095,2.178673
804658551.4575061,2.2631040000000002
804658553.860441,2.324077
804658556.365358,2.420942
804658559.0797889,2.628851
804658561.476269,2.316228
804658563.840003,2.279919
804658566.4924641,2.573677
804658569.2841339,2.7068119999999998
804658571.813579,2.445194
804658574.216023,2.3228989999999996
804658576.567654,2.266362
804658578.7329609,2.081266
804658581.215331,2.402459
804658583.62015,2.321085
804658585.849717,2.150307
804658587.878005,1.944032
804658590.110398,2.13867
804658592.282531,2.0860819999999998
804658594.443824,2.076665
804658596.706477,2.182512
804658598.944047,2.1533640000000003
804658601.025123,2.0014299999999996
804658603.238482,2.1291830000000003
804658605.444444,2.1267970000000003
804658607.526261,1.997071
804658609.787832,2.167817
804658611.900702,2.028528
804658614.054136,2.073648
804658616.25928,2.106189
804658618.389727,2.043594
804658620.39431,1.925208
804658622.635082,2.156245
804658625.388368,2.670398
804658627.805025,2.330536
804658629.868374,1.984245
804658631.852384,1.8990310000000001
804658633.887022,1.9532479999999999
804658635.863318,1.892622
804658638.457935,2.5100249999999997
804658640.824656,2.294418
804658643.1044201,2.1956469999999997
804658645.4132761,2.2287589999999997
804658647.3573321,1.859961
804658649.618628,1.8596400000000002
804658652.169096,2.465376
804658654.460878,2.206969
804658657.282989,2.719547
804658659.754253,2.386702
804658661.753734,1.9198950000000001
804658663.995479,2.1427899999999998
804658666.3817459,2.2658560000000003
804658668.81422,2.3538460000000003
804658671.124785,2.22641
804658673.409585,2.2049790000000002
804658675.5257919,2.031756
804658677.898998,2.2919910000000003
804658680.2082499,2.225096
804658682.1312879,1.837007
804658684.4997431,2.289532
804658686.516118,1.932715
804658688.765371,2.167141
804658690.785244,1.934785
804658693.002657,2.138249
804658695.332036,2.244972
804658698.077724,2.666579
804658700.468611,2.265155
804658702.809187,2.256465
804658704.839499,1.937206
804658706.957351,2.0328880000000003
804658709.316188,2.279452
804658711.4629171,2.061119
804658713.896403,2.354252
804658716.197661,2.204368
804658718.455413,2.1733249999999997
804658720.876045,2.340735
804658723.501854,2.540972
804658726.18241,2.600836
804658728.733416,2.465787
804658731.05007,2.232779
804658733.734992,2.605216
804658736.516699,2.692559
804658739.034442,2.433036
804658742.0593411,2.944878
804658744.393521,2.249924
804658747.120069,2.642022
804658749.7591391,2.559325
804658752.885719,3.042164
804658755.628831,2.65818
804658758.391935,2.683368
804658761.0079671,2.531149
804658763.563768,2.471239
804658766.260853,2.617354
804658769.012766,2.667627
804658772.046991,2.950234
804658774.88308,2.7462799999999996
804658777.5689989,2.60045
804658780.236164,2.582569
804658782.758222,2.436974
804658785.021472,2.183875
804658787.507079,2.401537
804658790.2784779,2.692244
804658793.025856,2.6627
804658795.853114,2.742706
804658798.400129,2.467666
804658801.1025469,2.6183009999999998
804658803.885296,2.698424
804658806.543766,2.578885
804658809.184435,2.556713
804658811.6438969,2.375095
804658814.104747,2.3809690000000003
804658816.808507,2.619645
804658819.027229,2.133523
804658821.31442,2.20751
804658823.6121551,2.212632
804658826.137601,2.446056
804658828.503845,2.2819789999999998
804658830.622714,2.0341460000000002
804658832.5943199,1.880519
804658834.85998,2.178202
804658837.2843,2.345381
804658839.314232,1.945716
804658841.698433,2.304777
804658843.9777861,2.194195
804658845.960729,1.8696940000000002
804658848.564757,2.5202430000000002
804658850.94949,2.297229
804658853.1832961,2.150442
804658855.66531,2.397507
804658857.9448481,2.200123
804658859.996431,1.967371
804658862.37103,2.260949
804658864.67734,2.2274019999999997
804658866.757007,1.995742
804658869.344187,2.507258
804658871.8266269,2.382046
804658874.2405931,2.334666
804658876.815644,2.4873220000000003
804658879.150355,2.247313
804658881.1844369,1.9521549999999999
804658883.4156469,2.147416
804658885.504897,2.009529
804658888.069173,2.48006
804658890.70929,2.554528
804658893.059793,2.2709219999999997
804658895.699414,2.554488
804658897.936553,2.157885
804658900.8120589,2.79148
804658902.6619121,1.7657720000000001
804658904.4927449,1.734268
804658906.2679981,1.692045
804658908.693576,2.346183
804658910.823255,2.045759
804658912.940881,2.038466
804658915.127798,2.10243
804658917.278551,2.071734
804658919.31594,1.9530280000000002
804658921.9488521,2.5536119999999998
804658924.667171,2.6335669999999998
804658927.447084,2.694885
804658929.660944,2.1339089999999996
804658932.302936,2.558031
804658934.4619981,2.0752420000000003
804658936.96235,2.4212230000000003
804658939.571385,2.525055
804658942.379148,2.727647
804658945.294857,2.831208
804658947.5793519,2.199712
804658949.953104,2.294272
804658952.290847,2.253523
804658954.9012,2.525115
804658957.726744,2.744205
804658960.503991,2.692544
804658963.045318,2.45674
804658965.26616,2.1417770000000003
804658967.570777,2.219509
804658969.654814,2.00327
804658971.751416,2.0125059999999997
804658974.110659,2.2772080000000003
804658976.4207779,2.225342
804658978.723119,2.211013
804658981.189141,2.382573
804658983.44351,2.170299
804658985.6913351,2.1598289999999998
804658988.0403501,2.264634
804658990.6467689,2.5204139999999997
804658992.8884231,2.161814
804658995.634878,2.6614519999999997
804658997.584147,1.869262
804659000.33638,2.668003
804659002.939988,2.519397
804659005.191802,2.1581159999999997
804659007.744942,2.4684120000000003
804659010.269395,2.440387
804659012.6614549,2.307423
804659015.2173761,2.471745
804659017.6594571,2.362431
804659020.27167,2.5287629999999996
804659022.921344,2.565243
804659025.6341411,2.633426
804659028.511706,2.792938
804659030.824973,2.227662
804659033.586013,2.68179
804659036.186939,2.516309
804659038.492638,2.221152
804659041.0035139,2.431221
804659043.852568,2.7646770000000003
804659046.201372,2.268813
804659048.3986729,2.113607
804659050.934648,2.45037
804659053.3737769,2.356923
804659055.4738369,2.01624
804659057.7327831,2.178779
804659059.7454289,1.924928
804659061.866989,2.041915
804659064.194313,2.2423159999999998
804659066.549432,2.2712790000000003
804659069.001236,2.372239
804659071.31124,2.225206
804659073.569468,2.178091
804659075.773951,2.119751
804659078.035202,2.1807939999999997
804659080.482771,2.362813
804659082.733447,2.161518
804659085.042228,2.229246
804659087.349074,2.222294
804659089.6106,2.1815089999999997
804659091.911192,2.216301
804659094.022578,2.032598
804659095.8885479,1.781548
804659098.26847,2.295696
804659100.255211,1.903603
804659102.439302,2.099784
804659104.633546,2.1143680000000002
804659106.573969,1.849792
804659108.8999599,2.2572349999999997
804659110.915117,1.929288
804659112.8348271,1.83851
804659114.780643,1.858763
804659116.978901,2.109181
804659118.973405,1.9087749999999999
804659121.0131,1.9581389999999999
804659123.2434139,2.142379
804659125.658116,2.335323
804659127.8665539,2.124261
804659129.775509,1.82749
804659131.884549,2.014987
804659134.1417551,2.177765
804659136.462779,2.236633
804659138.414374,1.8665610000000001
804659140.6101011,2.115817
804659142.468233,1.756666
804659144.514158,1.95384
804659146.536877,1.9384789999999998
804659148.2015129,1.577799
804659150.560747,2.274055
804659152.4366901,1.794719
804659154.8042929,2.280716
804659156.7665069,1.8830749999999998
804659159.6582351,2.804655
804659161.7444929,2.006487
804659163.827203,1.997271
804659166.300687,2.392896
804659168.55024,2.155439
804659170.774825,2.1397120000000003
804659172.845597,1.991231
804659174.901078,1.9712850000000002
804659177.6162951,2.635773
804659179.920305,2.215769
804659182.26711,2.265831
804659184.4367269,2.085205
804659186.872604,2.3500270000000003
804659189.1395121,2.1705840000000003
804659191.4783981,2.254494
804659193.649238,2.091715
804659195.928099,2.193562
804659198.2381079,2.2018269999999998
804659200.555198,2.232643
804659203.197881,2.558337
804659205.809898,2.532332
804659208.361631,2.467566
804659210.602999,2.1531290000000003
804659212.85599,2.173005
804659215.1197311,2.1789840000000003
804659216.6029149,1.403944
804659218.340431,1.6702489999999999
804659220.5373819,2.1178220000000003
804659222.242813,1.6221020000000002
804659223.848948,1.5129480000000002
804659225.312836,1.379187
804659227.482989,2.085521
804659229.808404,2.2457789999999997
804659232.201321,2.308009
804659234.37848,2.092623
804659236.6660969,2.2086829999999997
804659238.878193,2.127605
804659241.600588,2.64329
804659243.871099,2.177521
804659246.299273,2.342083
804659248.637027,2.241865
804659251.804883,3.082918
804659253.984142,2.099889
804659256.58158,2.513151
804659259.0278809,2.361288
804659261.3309591,2.224234
804659263.821659,2.406333
804659266.3164179,2.415309
804659269.268502,2.861588
804659271.680974,2.328241
804659274.022275,2.261937
804659276.299458,2.191854
804659278.761566,2.3763590000000003
804659281.599515,2.758699
804659284.246142,2.561329
804659287.0980229,2.766171
804659289.4631649,2.285466
804659291.796308,2.2435039999999997
804659294.130347,2.254099
804659296.490508,2.2756640000000004
804659298.844664,2.2684469999999997
804659301.800943,2.873435
804659304.2950001,2.409595
804659306.795192,2.415991
804659309.732417,2.856917
804659312.152051,2.333974
804659315.117185,2.881093
804659317.801255,2.604635
804659320.444574,2.5580920000000003
804659322.771197,2.2423360000000003
804659325.270587,2.4197889999999997
804659328.132496,2.7782839999999998
804659330.820039,2.600059
804659333.1972289,2.297374
804659335.894044,2.612318
804659338.2789819,2.305433
804659340.747976,2.384522
804659342.963084,2.131243
804659344.9300641,1.887565
804659346.8980969,1.883501
804659349.1589409,2.180784
804659351.5234319,2.277618
804659353.7038889,2.098306
804659355.960569,2.1717020000000002
804659358.0087531,1.939857
804659360.25391,2.1611719999999996
804659362.537473,2.190445
804659364.667322,2.0503790000000004
804659366.7050971,1.9535339999999999
804659368.8090861,2.024739
804659371.062713,2.169286
804659374.00338,2.861453
804659376.626454,2.538186
804659379.0635281,2.339282
804659381.739113,2.596195
804659383.825326,1.9842649999999997
804659386.310553,2.406253
804659388.448091,2.053141
804659390.437713,1.9056520000000001
804659392.492638,1.9754540000000003
804659394.3369579,1.758976
804659396.715656,2.299896
804659398.2373841,1.437222
804659400.67469,2.3583060000000002
804659402.782498,2.0231160000000004
804659404.868525,2.006733
804659406.8243439,1.871593
804659408.855183,1.9510129999999999
804659410.745745,1.8061559999999999
804659412.728442,1.903357
804659414.687153,1.873808
804659416.698907,1.9316870000000002
804659418.7718841,1.9887009999999998
804659420.765511,1.914277
804659422.743471,1.894206
804659424.759476,1.936534
804659426.7176751,1.874129
804659428.676842,1.880228
804659430.71791,1.95643
804659432.7175009,1.893018
804659434.595143,1.793115
804659436.537656,1.862758
804659438.5271391,1.9009960000000001
804659440.487233,1.880453
804659442.672155,2.100556
804659444.662274,1.910904
804659446.6181929,1.871934
804659448.638793,1.940719
804659450.6674881,1.944543
804659452.678791,1.932179
804659454.699125,1.935847
804659456.687325,1.9091749999999998
804659458.768481,1.997391
804659460.794232,1.945455
804659463.199267,2.319982
804659465.272866,1.9943589999999998
804659467.262228,1.905447
804659469.241051,1.8986560000000001
804659471.3761431,2.050365
804659473.349578,1.893213
804659475.318643,1.885505
804659477.353285,1.9554440000000002
804659479.261644,1.823957
804659481.5242519,2.1837190000000004
804659483.645732,2.036983
804659485.586646,1.861269
804659487.791741,2.1206229999999997
804659490.138641,2.267856
804659492.1394551,1.9144780000000001
804659494.14069,1.9135199999999999
804659496.175859,1.952677
804659498.267895,2.000508
804659501.066767,2.712751
804659503.3337499,2.1762729999999997
804659505.53259,2.119856
804659507.5987159,1.980992
804659509.71329,2.0345720000000003
804659511.72744,1.927639
804659513.9078671,2.0891249999999997
804659516.1285579,2.1363440000000002
804659518.383915,2.171095
804659520.266217,1.800427
804659522.258401,1.90499
804659524.681157,2.343572
804659527.078971,2.309738
804659529.493939,2.335323
804659531.5020851,1.924176
804659533.431197,1.850254
804659535.531398,2.015583
804659537.640744,2.0295500000000004
804659539.9158671,2.189724
804659542.503492,2.5077540000000003
804659544.55759,1.9632360000000002
804659546.81896,2.1768680000000002
804659548.95326,2.054905
804659551.099994,2.062272
804659553.3389671,2.159053
804659555.526842,2.1025509999999996
804659557.410673,1.804611
804659559.29273,1.7851620000000001
804659561.5894979,2.214908
804659564.130695,2.456951
804659566.396556,2.1799910000000002
804659568.699439,2.222931
804659570.84064,2.057331
804659573.063912,2.141752
804659575.398327,2.2497789999999998
804659577.712471,2.235285
804659579.81013,2.0136030000000003
804659582.091808,2.200027
804659584.273583,2.094281
804659586.31022,1.9521149999999998
804659588.481606,2.092031
804659590.650877,2.084508
804659593.2139599,2.4830020000000004
804659595.811349,2.511724
804659598.286031,2.395352
804659600.50406,2.116854
804659603.003595,2.413665
804659605.678153,2.594842
804659608.183802,2.420842
804659611.0933831,2.824287
804659613.989031,2.8166290000000003
804659616.64943,2.575953
804659619.2668201,2.5325119999999997
804659622.102478,2.756007
804659625.4026719,3.2162290000000002
804659628.308538,2.82166
804659631.331707,2.939019
804659634.176065,2.764187
804659636.469631,2.20981
804659638.636702,2.08282
804659641.252604,2.523722
804659643.589355,2.250039
804659645.8523941,2.183534
804659647.907284,1.9707489999999999
804659650.4622879,2.475945
804659653.401827,2.846889
804659655.672615,2.1860299999999997
804659657.688644,1.936594
804659659.961602,2.188105
804659662.460571,2.38983
804659664.707889,2.158125
804659666.858948,2.066933
804659668.914293,1.976351
804659671.149338,2.138925
804659673.305333,2.07671
804659675.6424539,2.252259
804659677.679788,1.9575069999999999
804659679.9056859,2.139738
804659682.162697,2.17735
804659684.139961,1.892632
804659685.905322,1.6981190000000002
804659688.123657,2.1395020000000002
804659690.2151021,2.006482
804659692.214898,1.917706
804659694.7212541,2.421398
804659696.888839,2.088682
804659699.1798459,2.251338
804659701.4030781,2.155424
804659703.9405249,2.449524
804659705.362194,1.3839869999999999
804659707.134104,1.732784
804659708.483019,1.311611
804659710.083714,1.561328
804659711.498616,1.3769850000000001
804659712.573229,0.9896130000000001
804659714.340297,1.727901
804659716.451244,2.073343
804659718.5484359,2.031528
804659720.7264429,2.081856
804659722.665529,1.8748790000000002
804659724.9039439,2.179556
804659727.459495,2.468794
804659729.648893,2.129051
804659731.911371,2.177863
804659734.271056,2.299652
804659736.717931,2.3830790000000004
804659739.404056,2.610099
804659742.135438,2.659242
804659744.799682,2.588061
804659747.872,2.9816909999999996
804659750.5751489,2.623915
804659753.789088,3.129401
804659756.525214,2.651659
804659759.556403,2.946031
804659762.285643,2.6493189999999998
804659765.15765,2.78744
804659767.688107,2.444877
804659770.514142,2.745978
804659773.361883,2.7641660000000003
804659775.9984219,2.5525779999999996
804659778.5747521,2.4627
804659781.277079,2.621805
804659783.6671541,2.305117
804659786.6087589,2.8614629999999996
804659789.114719,2.4216889999999998
804659791.901122,2.702036
804659794.291473,2.3104649999999998
804659796.8036419,2.427206
804659799.45241,2.563349
804659802.401411,2.869327
804659805.17519,2.689608
804659807.8614899,2.601322
804659810.4077541,2.466498
804659812.974701,2.482129
804659815.665005,2.605617
804659818.231051,2.48624
804659820.9979041,2.682346
804659823.8092799,2.726689
804659826.366184,2.476842
804659828.948506,2.4976960000000004
804659831.983804,2.9508360000000002
804659834.78217,2.692063
804659837.60803,2.7416139999999998
804659840.139259,2.446432
804659842.631252,2.406028
804659845.161754,2.450687
804659847.529893,2.283763
804659849.828145,2.218461
804659852.264432,2.328191
804659854.883661,2.5348520000000003
804659857.5803,2.616958
804659860.163976,2.4988829999999997
804659862.894835,2.646111
804659865.8309059,2.857078
804659868.330477,2.413856
804659871.03116,2.6159310000000002
804659873.6150271,2.504612
804659876.785038,3.0856999999999997
804659879.279767,2.409455
804659881.720876,2.361679
804659884.042231,2.236974
804659886.4296,2.301554
804659889.06858,2.559339
804659891.7206899,2.566957
804659894.2220299,2.419694
804659896.617769,2.3109070000000003
804659899.559448,2.874748
804659901.79553,2.172935
804659903.91267,2.049973
804659906.186339,2.210437
804659908.407275,2.154101
804659910.44308,1.9692049999999999
804659912.2378091,1.731471
804659914.716526,2.3945809999999996
804659916.710876,1.914634
804659918.953989,2.157965
804659920.877367,1.844379
804659923.067752,2.105893
804659925.326326,2.179334
804659927.493116,2.0788260000000003
804659929.820761,2.248129
804659932.121278,2.2154380000000002
804659934.2783561,2.07213
804659936.447753,2.090698
804659938.7106171,2.177846
804659940.905888,2.110084
804659943.152474,2.1614329999999997
804659945.5287421,2.296548
804659947.900941,2.287556
804659950.733692,2.75299
804659953.161199,2.343046
804659955.502055,2.256434
804659958.345596,2.7642309999999997
804659961.220019,2.7902579999999997
804659963.770453,2.466308
804659966.455109,2.605271
804659968.8615371,2.3220110000000003
804659971.729004,2.7774520000000003
804659974.128391,2.3197769999999998
804659976.319945,2.107247
804659978.569643,2.164354
804659980.853766,2.2043179999999998
804659983.109283,2.171035
804659985.376728,2.18838
804659987.403818,1.942758
804659989.582741,2.0998449999999997
804659991.811095,2.144448
804659994.16241,2.2716250000000002
804659996.047701,1.800237
804659998.04432,1.91094
804660000.669853,2.5462879999999997
804660003.0477101,2.293881
804660005.600594,2.474
804660008.298185,2.6135249999999997
804660010.854683,2.4721360000000003
804660013.7019031,2.753467
804660016.320601,2.535028
804660018.818928,2.4005490000000003
804660021.2365669,2.325465
804660023.468554,2.133708
804660025.963048,2.4267350000000003
804660028.767623,2.7198779999999996
804660031.533533,2.683058
804660034.167928,2.5515809999999997
804660036.7234039,2.471861
804660039.474124,2.66469
804660042.075481,2.522594
804660044.157594,1.9986140000000001
804660046.59094,2.358251
804660048.970866,2.303283
804660051.409354,2.35887
804660052.8705109,1.421565
804660055.56375,2.642032
804660058.0976181,2.48517
804660060.568379,2.418607
804660062.620682,2.000658
804660064.446111,1.7768599999999999
804660067.101619,2.586883
804660069.666368,2.4998139999999998
804660072.267473,2.529963
804660075.0451411,2.708695
804660077.515635,2.4050260000000003
804660088.117329,10.525504999999999
804660090.517943,2.3316130000000004
804660096.0639809,5.512831
804660097.5703211,1.475727
804660100.121554,2.521423
804660102.45118,2.2913479999999997
804660104.7052361,2.217926
804660107.068782,2.327497
804660109.1421701,2.006878
804660110.781703,1.608335
804660113.222514,2.416928
804660115.3209239,2.067484
804660117.7578349,2.409643
804660119.744665,1.956422
804660122.266121,2.478155
804660125.010963,2.705972
804660127.1664929,2.1063039999999997
804660129.059047,1.855145
804660131.288785,2.184602
804660133.524143,2.19864
804660136.272296,2.709993
804660139.1273069,2.817907
804660141.107525,1.939745
804660143.2568741,2.097461
804660146.088228,2.7641620000000002
804660148.4346019,2.2802629999999997
804660150.6779829,2.17058
804660153.089771,2.352814
804660155.448732,2.309898
804660158.133259,2.623681
804660160.835051,2.640912
804660163.525937,2.609722
804660166.171252,2.568756
804660169.19856,2.94685
804660171.534077,2.2923470000000004
804660173.693368,2.120175
804660175.69385,1.959044
804660177.286858,1.5005680000000001
804660179.808237,2.487662
804660182.568863,2.7290330000000003
804660184.996641,2.386984
804660187.789359,2.753118
804660190.372697,2.520759
804660192.817543,2.383625
804660195.21082,2.330615
804660197.7311519,2.462446
804660200.1475711,2.362453
804660202.054768,1.840666
804660204.301708,2.177787
804660207.395147,3.012015
804660210.12799,2.664272
804660211.8965169,1.6964549999999998
804660214.029033,2.05697
804660217.205704,3.095463
804660219.837101,2.550218
804660222.6553589,2.742225
804660225.506092,2.769644
804660227.785785,2.198419
804660230.4458641,2.582027
804660232.398461,1.871227
804660234.6176579,2.147921
804660237.423697,2.728774
804660239.67351,2.168344
804660241.930376,2.179976
804660244.662092,2.6492489999999997
804660247.098224,2.352668
804660250.4542991,3.278689
804660253.385324,2.848092
804660256.339407,2.871396
804660259.6063341,3.183533
804660262.563715,2.878953
804660265.176073,2.528056
804660267.816401,2.5577159999999997
804660270.603401,2.708727
804660273.1895629,2.502818
804660276.0846939,2.810178
804660279.245794,3.0761220000000002
804660281.972268,2.647585
804660284.4573289,2.400665
804660287.118712,2.557105
804660289.668108,2.470086
804660292.295566,2.5432319999999997
804660295.035125,2.652747
804660297.462406,2.347581
804660300.323193,2.77637
804660302.981287,2.570475
804660305.570837,2.51024
804660307.211091,1.5547950000000001
804660308.570216,1.295427
804660310.662959,2.03166
804660313.0954131,2.3530439999999997
804660315.944522,2.7649179999999998
804660318.574661,2.516093
804660321.521863,2.862075
804660324.261533,2.654942
804660327.177202,2.8313140000000003
804660330.008586,2.751582
804660332.922135,2.828516
804660335.527616,2.5210250000000003
804660338.177933,2.570816
804660341.2480661,2.985457
804660343.998906,2.652316
804660346.69117,2.5766
804660349.357048,2.582153
804660352.2541881,2.812133
804660355.047503,2.709098
804660357.919441,2.791671
804660360.795418,2.792192
804660364.0502911,3.169796
804660367.046192,2.9108929999999997
804660369.842649,2.6994559999999996
804660372.835111,2.908818
804660376.569086,3.648751
804660380.409513,3.755955
804660383.636888,3.1419059999999996
804660387.55014,3.833436
804660390.186068,2.551531
804660393.4004531,3.1293219999999997
804660396.26835,2.7827300000000004
804660398.916622,2.5637749999999997
804660401.9698961,2.973954
804660404.759877,2.7059900000000003
804660407.638997,2.793309
804660410.369124,2.646958
804660413.1294111,2.676276
804660416.1324079,2.9175389999999997
804660419.017892,2.800345
804660421.76756,2.670989
804660424.898435,3.046274
804660427.705592,2.722384
804660430.503512,2.718846
804660433.726541,3.138238
804660436.334178,2.523516
804660439.346823,2.927989
804660442.310209,2.8841710000000003
804660444.951429,2.5562419999999997
804660448.283698,3.247276
804660451.08258,2.7132620000000003
804660453.735111,2.572711
804660456.058025,2.23744
804660458.843707,2.701245
804660461.642624,2.7198830000000003
804660464.0750719,2.347476
804660467.077919,2.916461
804660469.671955,2.51463
804660472.454895,2.698589
804660475.675364,3.134909
804660478.74015,2.9851259999999997
804660481.66257,2.837938
804660484.731616,2.98485
804660487.731662,2.915584
804660490.687685,2.8767329999999998
804660493.9888309,3.215898
804660496.694757,2.6205209999999997
804660499.950047,3.171043
804660503.645713,3.587905
804660506.691891,2.947568
804660509.9055791,3.12878
804660512.771843,2.7814710000000002
804660515.718709,2.862601
804660518.679518,2.8811090000000004
804660521.3229331,2.558909
804660524.212782,2.805523
804660527.173933,2.8752750000000002
804660529.797732,2.544731
804660532.89526,3.012865
804660535.826851,2.8468579999999997
804660538.516078,2.609902
804660541.185152,2.583927
804660543.836265,2.566656
804660546.459168,2.542536
804660548.902919,2.359304
804660551.599357,2.612263
804660553.875387,2.196815
804660556.4214959,2.460996
804660558.917923,2.41179
804660561.960879,2.958068
804660564.833071,2.78734
804660567.433306,2.506912
804660570.030038,2.5169010000000003
804660572.840232,2.7253860000000003
804660575.694718,2.7701409999999997
804660578.352221,2.577832
804660581.60712,3.169806
804660584.315145,2.622842
804660587.044155,2.644548
804660590.122352,2.998096
804660592.791106,2.585074
804660595.458112,2.5818920000000003
804660598.024463,2.486655
804660600.750129,2.641516
804660603.178148,2.3436619999999997
804660605.9699581,2.7121950000000004
804660608.409278,2.355385
804660610.6871231,2.193764
804660613.750616,2.9832970000000003
804660616.395384,2.560918
804660618.608227,2.128266
804660621.184736,2.496999
804660624.1271919,2.856491
804660627.3587121,3.146732
804660630.476933,3.039197
804660633.707245,3.145996
804660636.241155,2.44994
804660638.731263,2.405431
804660641.3056979,2.4952799999999997
804660644.127719,2.7376240000000003
804660646.655745,2.443339
804660649.551167,2.815871
804660652.39123,2.755075
804660655.149182,2.67345
804660657.915423,2.686896
804660660.756168,2.7558570000000002
804660663.622988,2.767099
804660666.150859,2.4479599999999997
804660668.79451,2.558548
804660672.0323639,3.15255
804660674.787184,2.669326
804660677.953833,3.0873839999999997
804660680.789075,2.749652
804660683.614674,2.740591
804660686.1773759,2.483077
804660688.6268799,2.365363
804660691.5956819,2.879986
804660694.650124,2.974516
804660697.301543,2.5670770000000003
804660700.172473,2.770741
804660702.862242,2.596682
804660705.760455,2.818924
804660708.2695681,2.424696
804660710.8564609,2.502371
804660713.486284,2.549547
804660715.883551,2.312796
804660718.5952849,2.632124
804660721.479381,2.800661
804660724.056256,2.491727
804660726.6194249,2.478386
804660729.66848,2.969595
804660732.728765,2.9673999999999996
804660735.7576879,2.943443
804660738.480598,2.642919
804660740.929991,2.3649869999999997
804660743.7786189,2.764347
804660746.379736,2.520805
804660748.8119249,2.347115
804660752.3123959,3.415653
804660755.1494219,2.7532609999999997
804660757.529233,2.300572
804660760.233565,2.618873
804660763.0205439,2.702813
804660765.890843,2.7909940000000004
804660768.353217,2.378022
804660771.13117,2.69314
804660773.3988049,2.188647
804660776.042341,2.558753
804660778.577804,2.444292
804660781.38471,2.727811
804660783.864449,2.3945350000000003
804660786.463907,2.519902
804660789.054679,2.506016
804660791.607669,2.468423
804660794.147017,2.459362
804660796.256815,2.0251900000000003
804660798.867113,2.526042
804660801.656337,2.709775
804660804.5935869,2.852918
804660806.740841,2.0622420000000004
804660808.987828,2.167106
804660811.6347669,2.561601
804660814.5893971,2.8752240000000002
804660817.410977,2.736451
804660819.935585,2.43974
804660822.801704,2.730482
804660825.641361,2.7551799999999997
804660828.5469071,2.82171
804660831.559782,2.9287039999999998
804660834.184424,2.545267
804660836.7953379,2.526718
804660839.565654,2.685639
804660842.375346,2.7299580000000003
804660845.016562,2.556112
804660847.928342,2.828566
804660850.596279,2.5554900000000003
804660853.276409,2.595328
804660856.161427,2.800455
804660859.03999,2.793575
804660861.712387,2.593478
804660864.523463,2.725185
804660867.1123011,2.5038959999999997
804660869.89226,2.699837
804660872.251573,2.275688
804660875.66037,3.32441
804660878.756469,3.016529
804660882.10458,3.263219
804660885.059105,2.8697269999999997
804660888.373457,3.22996
804660891.882118,3.424324
804660895.247885,3.285841
804660897.990215,2.6590759999999998
804660900.531021,2.457267
804660903.352992,2.73808
804660905.771664,2.339162
804660908.188957,2.333058
804660911.3585179,3.0853349999999997
804660914.130789,2.693131
804660917.148064,2.932864
804660919.896855,2.664223
804660922.9914811,3.015041
804660925.748816,2.6730389999999997
804660928.481734,2.648882
804660931.2955661,2.7295700000000003
804660934.255147,2.880588
804660936.951912,2.612333
804660939.687176,2.650678
804660942.350969,2.584964
804660945.143656,2.691242
804660948.049272,2.821935
804660950.765005,2.630636
804660953.532144,2.687157
804660956.672551,3.056311
804660959.3561801,2.596752
804660961.9065391,2.471009
804660964.561165,2.570085
804660967.514362,2.865041
804660970.166662,2.5724150000000003
804660972.879444,2.628069
804660975.530908,2.566697
804660978.731475,3.121839
804660981.592617,2.7764550000000003
804660984.517573,2.840945
804660987.30134,2.698985
804660989.969834,2.589299
804660992.829918,2.775413
804660996.0820659,3.1681470000000003
804660998.6820749,2.514695
804661002.007318,3.246464
804661004.6496,2.557169
804661007.440459,2.707334
804661010.615097,3.095188
804661013.589227,2.8895779999999998
804661016.42705,2.7535469999999997
804661019.370674,2.859132
804661022.691351,3.240941
804661025.586442,2.807342
804661028.1253381,2.454385
804661030.987047,2.776791
804661033.492415,2.4259939999999998
804661036.1796631,2.6032719999999996
804661038.669716,2.406354
804661041.460916,2.686601
804661044.646248,3.101482
804661047.307745,2.577366
804661050.515324,3.127412
804661053.153742,2.554387
804661055.820341,2.5827839999999997
804661058.594375,2.6940380000000004
804661061.537463,2.858761
804661064.3989811,2.7770960000000002
804661067.450196,2.966673
804661070.3723409,2.842905
804661072.9768201,2.520899
804661075.312539,2.250204
804661078.070065,2.677835
804661080.632737,2.478461
804661083.444549,2.726448
804661086.2822609,2.7586389999999996
804661089.1584481,2.790899
804661091.865391,2.618376
804661094.925928,2.981347
804661097.942456,2.9319469999999996
804661101.076229,3.048779
804661103.564814,2.403532
804661106.094694,2.4501649999999997
804661108.767087,2.5875049999999997
804661111.21455,2.363423
804661113.7092689,2.4159110000000004
804661116.279359,2.485252
804661118.675358,2.3117620000000003
804661121.518744,2.764131
804661124.1330711,2.530473
804661127.611516,3.393828
804661131.267865,3.576031
804661134.8568871,3.5052920000000003
804661137.717282,2.7755520000000002
804661140.7365371,2.934949
804661143.424907,2.603677
804661146.2473041,2.744099
804661149.029418,2.6974270000000002
804661152.359757,3.245813
804661155.259419,2.814464
804661158.014519,2.676081
804661160.7093489,2.609877
804661163.6486379,2.853811
804661166.53125,2.802887
804661169.7803661,3.164037
804661172.44936,2.583651
804661175.460136,2.926379
804661178.2342551,2.6944690000000002
804661180.922275,2.603588
804661183.124933,2.118487
804661185.789227,2.585024
804661188.334739,2.460865
804661191.3186281,2.8988
804661193.506653,2.108279
804661196.149446,2.5589530000000003
804661198.555153,2.320969
804661200.834209,2.2002889999999997
804661203.891092,2.972386
804661206.0579281,2.087195
804661208.923981,2.780765
804661211.534851,2.5259620000000003
804661214.735143,3.1203
804661217.528512,2.708878
804661220.1869719,2.573762
804661223.368941,3.097252
804661226.070006,2.621184
804661228.917927,2.764001
804661231.88866,2.886592
804661234.93601,2.950745
804661237.598184,2.5780070000000004
804661240.283016,2.600355
804661243.129097,2.76131
804661245.675728,2.467155
804661248.897896,3.133331
804661251.925135,2.941975
804661254.819975,2.786007
804661257.3097271,2.405612
804661259.6091009,2.213655
804661262.860196,3.172162
804661265.61052,2.666389
804661268.440846,2.7461640000000003
804661271.5601441,3.035168
804661274.3277689,2.6884159999999997
804661277.1977019,2.7850610000000002
804661280.234753,2.95247
804661282.914593,2.594842
804661285.6009729,2.6064439999999998
804661288.2605461,2.575111
804661291.095266,2.7500839999999998
804661293.7390771,2.56398
804661296.989321,3.165406
804661299.6752399,2.601423
804661302.378976,2.624611
804661304.993679,2.530176
804661307.619834,2.542284
804661310.506631,2.807582
804661313.3351021,2.743082
804661316.0943861,2.674362
804661318.901423,2.721358
804661321.290256,2.3099040000000004
804661323.930398,2.55514
804661326.52291,2.476481
804661328.80791,2.20066
804661331.1175979,2.225511
804661333.578047,2.367122
804661336.301318,2.638734
804661338.453104,2.067444
804661341.261032,2.7277009999999997
804661343.2605981,1.914753
804661345.341543,1.998844
804661347.6691229,2.2432440000000002
804661349.803092,2.054518
804661352.0418199,2.154311
804661354.104212,1.9780409999999997
804661356.3684441,2.1845369999999997
804661358.9190379,2.463501
804661361.213431,2.2150630000000002
804661363.539672,2.235129
804661365.7923119,2.1730899999999997
804661368.4548529,2.577222
804661370.989138,2.45006
804661373.6298519,2.561594
804661377.203563,3.4889539999999997
804661380.205634,2.918136
804661382.816579,2.526969
804661385.4067849,2.510215
804661387.507341,2.015743
804661389.926709,2.3400830000000004
804661392.513041,2.5007829999999998
804661395.1469799,2.549497
804661398.072322,2.845716
804661400.434923,2.277809
804661403.192229,2.6730539999999996
804661405.323296,2.0516319999999997
804661407.72603,2.318569
804661410.153257,2.3475509999999997
804661412.2657859,2.0280519999999997
804661414.574492,2.222335
804661416.652084,1.9984540000000002
804661419.282223,2.5454969999999997
804661421.802186,2.440111
804661424.206821,2.319842
804661426.607515,2.31481
804661429.075101,2.386978
804661431.78243,2.6223560000000004
804661434.601555,2.738918
804661437.1294609,2.4431700000000003
804661439.8235741,2.610313
804661442.807272,2.903957
804661445.364957,2.472452
804661448.366762,2.916506
804661451.028424,2.575968
804661453.668932,2.560227
804661456.262632,2.5089330000000003
804661458.742567,2.3952869999999997
804661461.495001,2.672428
804661464.260324,2.680361
804661467.298449,2.9536729999999998
804661469.497374,2.1194550000000003
804661471.9250771,2.343978
804661474.829315,2.7922569999999998
804661477.222883,2.308886
804661479.241082,1.9338680000000001
804661481.725332,2.4116649999999997
804661484.128001,2.3176609999999997
804661486.184515,1.9724780000000002
804661488.511874,2.2482
804661490.639143,2.043268
804661492.833041,2.1146849999999997
804661494.863715,1.946172
804661496.966451,2.000944
804661498.898093,1.847116
804661501.621921,2.643796
804661503.903548,2.193568
804661506.1583741,2.1750049999999996
804661508.3015139,2.058483
804661510.591757,2.206698
804661512.922184,2.250686
804661515.130516,2.1243220000000003
804661517.425259,2.2149219999999996
804661519.7149299,2.205611
804661521.871687,2.077121
804661524.0666881,2.110118
804661526.575059,2.436849
804661529.2042761,2.549451
804661531.466133,2.176904
804661533.648966,2.1033229999999996
804661536.0487529,2.314735
804661538.317977,2.1834900000000004
804661540.715991,2.318268
804661543.091312,2.290639
804661545.777707,2.607065
804661548.1567119,2.2945740000000003
804661550.473,2.228474
804661552.931795,2.378574
804661555.067212,2.050259
804661557.9921081,2.84527
804661560.276798,2.200619
804661562.916294,2.554232
804661565.391673,2.3957330000000003
804661567.631077,2.154697
804661569.848716,2.1381740000000002
804661571.977869,2.044466
804661574.110004,2.024053
804661576.4733421,2.278485
804661578.662269,2.1040289999999997
804661580.8872191,2.143261
804661582.8423021,1.8714929999999999
804661585.400679,2.4710389999999998
804661587.356959,1.8611630000000001
804661589.5841349,2.14729
804661591.814744,2.141778
804661594.075178,2.181324
804661596.067958,1.908474
804661598.2491109,2.094683
804661600.389094,2.060462
804661602.667956,2.19431
804661604.54899,1.801365
804661606.6120341,1.9797489999999998
804661608.7226441,2.0313499999999998
804661610.5204799,1.713425
804661612.603972,2.004362
804661614.5383509,1.850263
804661616.600974,1.9835030000000002
804661618.660013,1.97516
804661620.5934701,1.854433
804661622.600438,1.923443
804661625.116913,2.436764
804661627.538772,2.337808
804661629.864442,2.246061
804661632.132564,2.18373
804661634.088954,1.872004
804661636.135204,1.9680269999999997
804661638.869255,2.649719
804661640.852969,1.903848
804661642.922463,1.9858440000000002
804661645.277361,2.275453
804661647.872744,2.510361
804661650.466374,2.514049
804661653.175132,2.624467
804661655.6034759,2.343421
804661658.433982,2.7501040000000003
804661661.163908,2.6449580000000004
804661663.961668,2.712712
804661666.5705969,2.500793
804661669.170897,2.515282
804661672.0584351,2.803804
804661674.712812,2.569193
804661677.3789799,2.586818
804661679.995653,2.531394
804661682.521419,2.414021
804661684.8418471,2.238608
804661686.7669791,1.84037
804661688.906992,2.060628
804661690.998302,2.006768
804661693.176479,2.098492
804661695.328235,2.068011
804661697.397623,1.9897539999999998
804661699.7671959,2.284735
804661702.2602149,2.4139209999999998
804661704.6584951,2.313517
804661706.946888,2.203495
804661709.1574299,2.127504
804661711.381579,2.142117
804661713.358287,1.897298
804661715.301897,1.854669
804661717.686716,2.304782
804661720.054845,2.282295
804661722.231789,2.09171
804661724.388396,2.077287
804661726.470564,1.997651
804661728.5528669,1.990004
804661730.400966,1.7412949999999998
804661732.5508311,2.0656749999999997
804661734.6728829,2.037545
804661736.715293,1.9627759999999999
804661738.9171159,2.104631
804661740.988539,1.992168
804661743.1075981,2.034402
804661745.544467,2.355174
804661747.863577,2.2346890000000004
804661750.592381,2.649429
804661753.1959889,2.519346
804661755.73498,2.454721
804661758.112301,2.298287
804661760.205781,2.007956
804661762.5154389,2.22451
804661764.881544,2.285291
804661767.418005,2.4511920000000003
804661769.6600649,2.162766
804661771.942765,2.198239
804661773.680712,1.6289779999999998
804661776.193794,2.426159
804661778.465855,2.187539
804661780.677715,2.132491
804661782.96866,2.206368
804661785.03236,1.98426
804661787.164359,2.0467150000000003
804661789.364156,2.120206
804661791.6121709,2.1641939999999997
804661793.7945269,2.102355
804661795.971486,2.0922620000000003
804661798.172822,2.09559
804661800.292928,2.035199
804661802.419816,2.041158
804661804.6870359,2.188116
804661806.843271,2.0722
804661808.910871,1.9875079999999998
804661810.85385,1.854749
804661812.855135,1.919033
804661815.03036,2.0899870000000003
804661817.5827631,2.4334059999999997
804661819.594487,1.927373
804661821.855406,2.1717210000000002
804661824.105611,2.166204
804661825.9731951,1.782425
804661828.2223569,2.1676320000000002
804661830.502567,2.195387
804661832.351161,1.7693699999999999
804661834.04716,1.611718
804661836.207285,2.078013
804661838.472875,2.1805320000000004
804661840.816041,2.263645
804661842.8305119,1.9305649999999999
804661845.1508701,2.2259979999999997
804661847.014575,1.779213
804661849.14042,2.02694
804661851.3665129,2.139547
804661853.8159469,2.369627
804661855.943611,2.043763
804661858.03902,1.986851
804661860.120446,1.9969749999999997
804661862.4109601,2.20337
804661864.306223,1.814986
804661866.3765429,1.985669
804661868.487193,2.031405
804661870.566039,1.99477
804661872.881811,2.236959
804661875.4020101,2.424505
804661878.033367,2.5335599999999996
804661880.63333,2.516134
804661882.876283,2.15605
804661885.197207,2.241749
804661887.4377389,2.147801
804661889.9782,2.4615370000000003
804661892.414468,2.351406
804661894.795261,2.289662
804661897.1706719,2.295991
804661899.9764299,2.721312
804661902.7079461,2.622497
804661904.960577,2.1679630000000003
804661907.1905241,2.146057
804661909.490525,2.22039
804661911.679116,2.104485
804661913.950379,2.191754
804661916.247172,2.212667
804661918.9041439,2.5725499999999997
804661920.9337951,1.950457
804661923.2277709,2.2101159999999997
804661925.280596,1.9733849999999997
804661928.05843,2.692911
804661930.661927,2.51664
804661933.1250219,2.383479
804661935.283278,2.0730470000000003
804661937.608517,2.240767
804661939.9095291,2.216947
804661942.217273,2.228323
804661944.613242,2.311547
804661946.909278,2.209249
804661949.195331,2.206613
804661951.478107,2.198214
804661953.74038,2.1829280000000004
804661955.914036,2.089756
804661958.097114,2.099694
804661960.288938,2.1068049999999996
804661962.580073,2.190836
804661964.7966291,2.137798
804661967.039947,2.159027
804661969.32584,2.206823
804661971.548956,2.138569
804661973.771296,2.142279
804661976.073728,2.217614
804661978.110731,1.9521300000000001
804661980.531021,2.339016
804661982.738832,2.123425
804661985.008803,2.190481
804661987.2218959,2.1229080000000002
804661989.3375269,2.036637
804661991.557336,2.132876
804661993.693735,2.056614
804661995.717709,1.9392610000000001
804661998.3996739,2.6010619999999998
804662000.915171,2.43093
804662003.067648,2.068276
804662004.547268,1.400406
804662006.3378121,1.723498
804662008.1417121,1.724892
804662009.997007,1.770302
804662011.953693,1.873147
804662013.9957091,1.932285
804662016.04688,1.9658980000000001
804662017.9900551,1.8557510000000002
804662019.3992211,1.330087
804662021.223644,1.7488219999999999
804662022.9412631,1.619772
804662024.9291021,1.895719
804662027.093632,2.080419
804662029.3402181,2.166865
804662031.328192,1.902059
804662033.810723,2.402289
804662035.900995,2.005009
804662038.191082,2.20967
804662040.36109,2.095505
804662042.5353179,2.0894899999999996
804662044.5996649,1.9856129999999999
804662046.654063,1.971225
804662048.5688721,1.835349
804662050.703582,2.0464849999999997
804662052.91454,2.131293
804662055.32971,2.3305819999999997
804662057.583252,2.162245
804662059.8852819,2.217553
804662061.950215,1.985453
804662064.239275,2.196243
804662066.4914939,2.164144
804662068.5822431,2.011143
804662070.6248391,1.958881
804662072.6426319,1.936469
804662074.5930741,1.863239
804662076.405183,1.732799
804662078.0314649,1.542783
804662080.2321651,2.122067
804662082.5683999,2.25238
804662084.463848,1.8157480000000001
804662086.4857061,1.9297330000000001
804662088.829739,2.264989
804662091.102606,2.188135
804662093.234099,2.051657
804662095.413013,2.0921619999999996
804662097.324589,1.829961
804662099.597697,2.1888419999999997
804662101.484105,1.807038
804662103.6231999,2.0524240000000002
804662105.840443,2.137517
804662108.132375,2.206738
804662110.533511,2.316133
804662112.765974,2.152667
804662115.0753521,2.22435
804662117.33157,2.176889
804662119.67184,2.2557329999999998
804662122.2400141,2.488489
804662124.914612,2.589223
804662127.2034271,2.205425
804662129.552581,2.26968
804662131.86255,2.224695
804662134.096502,2.15394
804662136.211041,2.030053
804662138.143366,1.848399
804662140.3904381,2.16461
804662142.43376,1.9592770000000002
804662144.492965,1.967666
804662146.397294,1.820354
804662147.921523,1.444288
804662150.1968911,2.196249
804662152.503537,2.221718
804662154.500438,1.9111
804662156.446745,1.8669369999999998
804662158.604319,2.073864
804662160.635403,1.949203
804662162.712013,1.991742
804662164.674222,1.873988
804662166.858132,2.099202
804662168.998636,2.0606679999999997
804662170.80848,1.720682
804662173.229262,2.342149
804662175.412867,2.098773
804662177.5486449,2.0558170000000002
804662179.537441,1.881567
804662181.696934,2.080274
804662183.833073,2.05052
804662186.056085,2.141276
804662188.148096,2.008447
804662190.1565169,1.92406
804662192.43385,2.197196
804662194.556577,2.038547
804662196.7609401,2.124753
804662199.410455,2.564772
804662201.765735,2.27615
804662204.102591,2.244526
804662206.340517,2.151945
804662208.496868,2.077101
804662210.960374,2.378784
804662213.677736,2.637787
804662216.135098,2.372509
804662218.2094779,1.990134
804662220.544425,2.275739
804662222.5529871,1.941486
804662224.734136,2.117937
804662226.933683,2.132711
804662228.9083661,1.911491
804662231.1359229,2.160781
804662233.125124,1.9260849999999998
804662235.4131819,2.221433
804662237.612313,2.135567
804662239.590333,1.9110150000000001
804662241.5425891,1.889029
804662243.5123509,1.903653
804662245.425837,1.849647
804662247.3273641,1.834521
804662250.071664,2.681078
804662252.396402,2.2575109999999996
804662254.69506,2.231416
804662257.045989,2.287781
804662259.068493,1.9552380000000003
804662261.081235,1.949595
804662263.027918,1.879086
804662265.058486,1.967411
804662267.027486,1.901658
804662269.0366989,1.945841
804662271.134594,2.03161
804662272.802638,1.6047170000000002
804662274.866539,2.000634
804662276.9241151,1.9949149999999998
804662278.422178,1.4311580000000002
804662280.200333,1.714823
804662282.383522,2.1164690000000004
804662283.944242,1.497542
804662285.663049,1.63627
804662287.239209,1.514161
804662289.422693,2.1197350000000004
804662291.80915,2.302196
804662294.28096,2.391594
804662296.622668,2.256233
804662298.876836,2.169577
804662301.221601,2.2650080000000004
804662303.55321,2.247132
804662305.774076,2.141712
804662308.071672,2.213269
804662310.6152141,2.45879
804662313.0709519,2.3759319999999997
804662315.7253181,2.569779
804662318.010444,2.204994
804662320.3162229,2.220757
804662322.765431,2.36418
804662325.203954,2.358447
804662327.716505,2.4288909999999997
804662330.149359,2.353205
804662332.803865,2.568184
804662335.229618,2.34061
804662337.722729,2.41362
804662340.4643329,2.655975
804662342.8761239,2.327775
804662345.2783769,2.322342
804662347.7949021,2.426189
804662350.284178,2.4100469999999996
804662352.662035,2.2931649999999997
804662355.1201191,2.373417
804662357.896088,2.696549
804662360.55773,2.577201
804662362.861986,2.219618
804662365.984025,3.0418469999999997
804662368.3673301,2.299494
804662370.796942,2.3449999999999998
804662373.158486,2.282109
804662376.17512,2.9318259999999996
804662378.822896,2.5634799999999998
804662381.054592,2.152588
804662383.226044,2.08724
804662385.463794,2.1582
804662388.134698,2.5863169999999998
804662390.524868,2.304857
804662392.918692,2.3141789999999998
804662395.390783,2.383245
804662397.827191,2.352398
804662400.610758,2.699405
804662402.959186,2.263691
804662405.3013251,2.2627889999999997
804662407.943898,2.558654
804662410.316909,2.2634399999999997
804662412.4128741,2.011604
804662414.875007,2.361027
804662417.003824,2.048696
804662419.2905841,2.190305
804662421.241181,1.871282
804662423.170459,1.845492
804662425.47718,2.2231009999999998
804662427.768425,2.199782
804662429.6077319,1.7592210000000001
804662431.66802,1.975961
804662433.78778,2.040431
804662436.157017,2.285602
804662438.215064,1.972768
804662440.597231,2.29116
804662442.8098379,2.113397
804662445.5164909,2.627017
804662448.1296461,2.528017
804662450.366709,2.153003
804662452.880132,2.433551
804662455.1107659,2.145606
804662457.707657,2.517642
804662459.9413891,2.14933
804662462.45627,2.406198
804662465.021047,2.480867
804662467.366769,2.2616519999999998
804662469.620442,2.1748439999999998
804662471.8258669,2.121118
804662474.6462339,2.740716
804662476.9025179,2.1703740000000002
804662479.2248449,2.237831
804662481.452497,2.148582
804662483.862378,2.324834
804662486.298276,2.356307
804662488.674554,2.292754
804662490.968972,2.20965
804662493.10463,2.056163
804662495.290354,2.1007059999999997
804662497.323493,1.9539140000000002
804662499.915403,2.498969
804662502.6923641,2.69702
804662505.469335,2.691883
804662507.583062,2.030177
804662509.6929849,2.030247
804662511.8340061,2.057426
804662514.060721,2.131974
804662516.089725,1.9448480000000001
804662518.677295,2.500893
804662520.912003,2.153104
804662523.188985,2.193051
804662525.412893,2.1444680000000003
804662527.7923139,2.2940460000000003
804662530.587052,2.714541
804662533.370609,2.698168
804662536.188164,2.732077
804662538.716847,2.443629
804662541.16167,2.3647910000000003
804662543.662207,2.416125
804662546.139385,2.397653
804662548.927913,2.7039210000000002
804662551.560964,2.5489800000000002
804662554.01781,2.37723
804662556.707303,2.604695
804662559.433391,2.641476
804662562.316108,2.802911
804662564.883671,2.483027
804662567.856263,2.888852
804662570.489589,2.553962
804662573.257675,2.684105
804662575.911619,2.5705099999999996
804662578.543207,2.551953
804662581.121421,2.493591
804662583.567306,2.3624050000000003
804662585.866304,2.2192819999999998
804662588.482,2.531123
804662590.757658,2.191052
804662592.912987,2.076069
804662595.480029,2.482962
804662597.645321,2.086007
804662599.931916,2.2017870000000004
804662602.073783,2.034938
804662604.2418859,2.0841879999999997
804662606.3243,1.998163
804662608.615675,2.2120960000000003
804662611.1044351,2.4043889999999997
804662613.382039,2.1981930000000003
804662615.565519,2.0983009999999997
804662617.6355491,1.9907409999999999
804662619.805997,2.085286
804662621.913074,2.021171
804662624.221053,2.211645
804662627.0505611,2.7453920000000003
804662630.102332,2.972175
804662632.737498,2.5503790000000004
804662635.283767,2.458044
804662637.659619,2.296367
804662640.09063,2.3464940000000003
804662642.4834559,2.3072779999999997
804662645.035118,2.4723319999999998
804662647.822082,2.7020809999999997
804662650.4909819,2.58951
804662653.214885,2.639235
804662655.5727,2.273168
804662657.915921,2.263245
804662660.725829,2.7096440000000004
804662662.996706,2.1868119999999998
804662665.667781,2.59206
804662668.1138159,2.361379
804662670.3860431,2.1835600000000004
804662672.677183,2.211765
804662675.326622,2.565173
804662677.6215509,2.215148
804662679.724898,2.019136
804662681.8967249,2.0919100000000004
804662684.2595719,2.26774
804662686.158839,1.814745
804662688.718013,2.476922
804662691.086252,2.283753
804662693.321497,2.141672
804662695.650476,2.2413950000000002
804662697.994644,2.2652390000000002
804662700.622387,2.542961
804662702.68695,1.980567
804662704.8916731,2.125464
804662707.519367,2.543502
804662710.0438501,2.444473
804662712.7078091,2.580048
804662714.940011,2.143406
804662717.6542209,2.632379
804662720.082385,2.343557
804662722.533121,2.362421
804662724.890475,2.277453
804662727.2451531,2.270251
804662730.0044479,2.679659
804662732.283154,2.194771
804662734.730849,2.363052
804662737.0147871,2.204012
804662739.6034989,2.5044720000000003
804662741.963279,2.28005
804662744.604735,2.5573200000000003
804662747.0706271,2.373968
804662750.006187,2.856146
804662752.990642,2.9001080000000004
804662755.6490971,2.57462
804662758.0041901,2.275474
804662760.260579,2.171251
804662762.426783,2.0780529999999997
804662765.054432,2.547693
804662767.719768,2.579868
804662770.3320509,2.5324459999999998
804662772.8074601,2.390832
804662775.4012539,2.5075190000000003
804662777.727777,2.2470820000000002
804662780.490139,2.677725
804662782.998855,2.4240389999999996
804662785.73854,2.6597690000000003
804662788.106714,2.284169
804662790.40901,2.230534
804662792.799737,2.311362
804662795.264205,2.379781
804662797.563068,2.219407
804662799.812175,2.16444
804662802.09695,2.2050490000000003
804662804.328431,2.147139
804662806.45365,2.040742
804662808.570469,2.037529
804662810.732523,2.078269
804662813.0467219,2.235425
804662815.599491,2.455708
804662818.084497,2.4056569999999997
804662820.5879409,2.4190370000000003
804662823.2759,2.6028610000000003
804662826.096959,2.741654
804662828.612917,2.4317670000000002
804662831.275151,2.577101
804662833.823871,2.4694360000000004
804662836.4166391,2.508711
804662838.470145,1.968438
804662841.023275,2.47379
804662843.186251,2.077642
804662845.598814,2.3307369999999996
804662847.907534,2.224981
804662849.861344,1.874044
804662852.446067,2.5003360000000003
804662854.642647,2.11048
804662856.866295,2.144293
804662859.153286,2.20301
804662861.393051,2.16048
804662864.064471,2.586998
804662866.1919601,2.042716
804662868.3300331,2.057987
804662870.492203,2.0732329999999997
804662872.712868,2.141281
804662875.570914,2.772321
804662878.243016,2.587911
804662880.6165321,2.284795
804662883.167497,2.46515
804662885.620464,2.373105
804662887.981912,2.2769019999999998
804662890.118247,2.028854
804662892.3976691,2.195036
804662894.702411,2.221012
804662896.813707,2.031235
804662898.8239881,1.92611
804662901.110242,2.206698
804662903.614989,2.4160000000000004
804662906.021417,2.310204
804662908.705532,2.4275019999999996
804662910.741878,1.9521460000000002
804662912.7699859,1.947008
804662915.0413599,2.184322
804662917.1781911,2.057571
804662919.2159159,1.953373
804662921.571185,2.276024
804662924.175073,2.5189549999999996
804662926.3044311,2.0456179999999997
804662928.716718,2.332386
804662931.118525,2.317741
804662933.4150829,2.217564
804662936.173436,2.673165
804662938.896341,2.638032
804662941.433734,2.45838
804662944.2308421,2.71174
804662946.2599621,1.944178
804662948.556706,2.217584
804662950.8597181,2.218215
804662953.025957,2.088122
804662955.171378,2.059761
804662957.303813,2.053241
804662959.7891849,2.4007400000000003
804662961.987333,2.118046
804662963.960708,1.8857609999999998
804662965.7597319,1.68767
804662967.789138,1.945005
804662969.695703,1.823737
804662971.73455,1.954651
804662973.527184,1.7131189999999998
804662975.423304,1.812511
804662977.192729,1.699973
804662979.08701,1.810355
804662981.280362,2.114308
804662983.466803,2.0991579999999996
804662985.636776,2.090588
804662987.611784,1.890322
804662989.9670941,2.275789
804662992.061266,2.010221
804662994.207257,2.059746
804662996.194074,1.904104
804662998.436179,2.158285
804663001.31418,2.7991230000000002
804663003.637891,2.23763
804663005.737771,2.017152
804663008.186512,2.363579
804663010.4116089,2.140158
804663012.630942,2.139662
804663015.005947,2.289957
804663017.549946,2.46521
804663020.171349,2.537825
804663022.8125039,2.5463590000000003
804663025.5671079,2.676637
804663027.868777,2.2177490000000004
804663030.174146,2.225232
804663032.472939,2.215198
804663034.858769,2.2999
804663036.9907631,2.053171
804663039.172153,2.096863
804663041.373353,2.122351
804663043.8694099,2.411365
804663046.3013879,2.3524269999999996
804663048.422477,2.023487
804663050.798054,2.302372
804663053.367381,2.4890060000000003
804663055.84469,2.3932979999999997
804663058.1537559,2.228814
804663061.159314,2.920957
804663064.22383,2.9806049999999997
804663065.669531,1.387847
804663068.040577,2.2936699999999997
804663070.650174,2.523927
804663072.92662,2.208743
804663074.4098109,1.433864
804663076.360781,1.904514
804663077.819017,1.409033
804663080.206395,2.341159
804663088.073781,7.824058999999999
804663089.6449901,1.525687
804663096.072159,6.3915939999999996
804663098.051929,1.933531
804663099.266535,1.185214
804663101.211476,1.9169479999999999
804663102.755703,1.5143579999999999
804663103.97568,1.1915280000000001
804663105.311572,1.2955830000000002
804663106.707757,1.36654
804663108.8344231,2.099102
804663111.026908,2.162916
804663113.147358,2.0926080000000002
804663115.24184,2.063879
804663117.036214,1.763998
804663119.1315421,2.062751
804663121.104811,1.9421499999999998
804663123.4897201,2.3541149999999997
804663126.375039,2.85679
804663128.177608,1.772014
804663129.9988301,1.795881
804663132.4768159,2.444781
804663134.8106971,2.268247
804663137.173488,2.311778
804663139.397241,2.153569
804663142.0878971,2.600162
804663144.8663349,2.723074
804663147.815364,2.865609
804663150.592378,2.706262
804663153.060786,2.3834
804663155.461933,2.315648
804663158.011038,2.469926
804663160.273541,2.177867
804663162.417889,2.0596859999999997
804663164.737215,2.2399809999999998
804663167.104066,2.280265
804663169.220865,2.037945
804663171.531911,2.226013
804663173.608426,1.9972349999999999
804663176.09659,2.4048149999999997
804663178.205075,2.023126
804663180.2570881,1.9730699999999999
804663182.62219,2.290764
804663184.8513701,2.149997
804663187.4072621,2.4716199999999997
804663189.9482781,2.461471
804663192.1132339,2.080464
804663193.713796,1.527056
804663195.4958011,1.701092
804663197.586439,2.010847
804663198.959576,1.2898129999999999
804663201.0156889,1.9773540000000003
804663203.492225,2.391955
804663205.685252,2.113381
804663208.194971,2.425042
804663210.5970991,2.31053
804663212.933755,2.243339
804663215.2219371,2.203545
804663217.3284019,2.025952
804663219.758937,2.3448800000000003
804663221.7869589,1.948362
804663224.1788939,2.3079289999999997
804663226.534278,2.270361
804663228.828596,2.214887
804663231.258554,2.3456829999999997
804663233.668666,2.330261
804663236.136989,2.371217
804663238.243233,2.021281
804663240.581187,2.250701
804663242.565853,1.900095
804663244.67986,2.056163
804663246.570949,1.824573
804663248.590827,1.956952
804663251.354883,2.67347
804663253.715344,2.297695
804663256.0435859,2.261767
804663258.4789071,2.367262
804663260.959623,2.417875
804663263.574992,2.5482679999999998
804663266.074021,2.435962
804663268.883438,2.7435229999999997
804663271.2326529,2.2827759999999997
804663273.208369,1.9123729999999999
804663275.830881,2.561575
804663278.184155,2.290714
804663281.076134,2.825845
804663283.185255,2.042221
804663285.320366,2.07207
804663287.4529921,2.066321
804663289.5152091,1.9990199999999998
804663291.7621759,2.1656269999999997
804663293.8426551,2.001055
804663296.1300371,2.19463
804663298.369752,2.153173
804663300.5391531,2.086614
804663302.992531,2.3689810000000002
804663305.2017651,2.129734
804663307.438679,2.1529230000000004
804663309.7435,2.225271
804663312.081259,2.2541290000000003
804663314.347596,2.18176
804663316.961754,2.535134
804663319.191566,2.1457859999999997
804663321.765795,2.494879
804663324.129513,2.279528
804663326.3575759,2.1435820000000003
804663328.226423,1.789216
804663330.111201,1.7995299999999999
804663332.293859,2.103824
804663334.262487,1.884979
804663336.585371,2.239605
804663338.5394471,1.8705010000000002
804663340.58724,1.9688599999999998
804663342.3749131,1.703647
804663344.430178,1.976162
804663346.5416701,2.019607
804663348.581394,1.960234
804663350.60476,1.937792
804663352.743841,2.047373
804663354.820176,1.9832930000000002
804663356.83167,1.931608
804663359.10552,2.187499
804663361.317049,2.1320050000000004
804663363.339629,1.9363990000000002
804663365.391617,1.9714200000000002
804663367.6997659,2.2239780000000002
804663369.884769,2.105773
804663372.480533,2.492975
804663374.8586,2.293816
804663377.310083,2.3733259999999996
804663379.815607,2.420812
804663382.597631,2.688145
804663385.154845,2.471876
804663387.6286,2.3891329999999997
804663390.253908,2.5435179999999997
804663392.894642,2.556282
804663395.672716,2.6890709999999998
804663398.451105,2.6992499999999997
804663401.198928,2.6631519999999997
804663404.062722,2.7795929999999998
804663406.981052,2.834194
804663409.58462,2.522664
804663412.4485929,2.780018
804663414.796956,2.249653
804663417.279016,2.402835
804663419.916036,2.5526590000000002
804663421.9474161,1.951921
804663424.1676459,2.1357939999999997
804663426.32943,2.077943
804663428.493664,2.084524
804663430.393523,1.81477
804663432.627991,2.154647
804663435.1216121,2.408203
804663437.300786,2.099423
804663439.753141,2.367568
804663442.013625,2.180999
804663444.5270779,2.41749
804663446.719082,2.107092
804663448.683306,1.881852
804663450.92248,2.154712
804663453.314509,2.307243
804663455.457955,2.057762
804663457.3250281,1.786189
804663459.467541,2.056594
804663461.378245,1.829209
804663463.6266509,2.163593
804663466.12986,2.4241800000000002
804663468.3607149,2.145972
804663470.849645,2.40531
804663473.5171161,2.588206
804663475.746076,2.1293979999999997
804663477.898257,2.0725409999999997
804663480.075938,2.092437
804663482.465036,2.3037389999999998
804663484.692883,2.147856
804663486.874493,2.0969029999999997
804663489.287377,2.33226
804663491.2526381,1.869192
804663493.5264369,2.193843
804663495.619421,1.9989040000000002
804663497.844452,2.122417
804663500.500982,2.5722750000000003
804663503.166218,2.5805279999999997
804663505.536999,2.291225
804663508.372847,2.751192
804663511.0309219,2.574881
804663513.782509,2.672718
804663516.554217,2.68667
804663518.822198,2.182607
804663521.13563,2.2336959999999997
804663523.3026861,2.082404
804663525.560628,2.178637
804663528.487723,2.888235
804663530.6263291,2.09871
804663532.7315941,2.026551
804663535.318249,2.547041
804663537.478544,2.12156
804663539.738251,2.1640829999999998
804663542.302083,2.473499
804663544.7063861,2.328118
804663546.917234,2.134345
804663549.169046,2.179803
804663551.638371,2.384031
804663553.899656,2.182111
804663556.114343,2.129669
804663558.345678,2.146518
804663560.644957,2.219814
804663563.277652,2.548333
804663565.687694,2.330191
804663568.110967,2.336827
804663570.509126,2.305473
804663572.64132,2.0526
804663575.015965,2.288774
804663577.738995,2.641371
804663580.0345061,2.197347
804663582.168435,2.048279
804663584.446865,2.1989549999999998
804663586.72313,2.191172
804663588.9334869,2.130506
804663591.1021509,2.084008
804663593.0192399,1.8316949999999999
804663595.367388,2.260248
804663597.278087,1.831104
804663599.554327,2.190712
804663601.847903,2.21385
804663604.332368,2.399597
804663606.770345,2.353244
804663608.980085,2.126982
804663611.211791,2.148107
804663613.326721,2.034838
804663615.769439,2.342089
804663618.128452,2.278626
804663620.450238,2.237415
804663622.794657,2.259887
804663625.4659221,2.5912230000000003
804663628.2854869,2.735124
804663631.010437,2.641225
804663633.941161,2.85135
804663636.347099,2.3216159999999997
804663638.881956,2.449935
804663641.586885,2.6257289999999998
804663644.2089001,2.537719
804663646.972731,2.679324
804663649.4894359,2.437541
804663651.844766,2.270391
804663653.807686,1.88357
804663656.4431779,2.542811
804663658.8974371,2.369984
804663661.132066,2.154697
804663663.3373511,2.121089
804663665.6803261,2.2638659999999997
804663668.2509769,2.485397
804663670.682558,2.346168
804663673.484583,2.722294
804663676.193982,2.6246519999999998
804663678.614198,2.321385
804663680.9189091,2.224925
804663683.0936481,2.076625
804663685.405375,2.218747
804663687.701121,2.211659
804663690.005998,2.2243649999999997
804663692.235525,2.145791
804663694.510432,2.190154
804663696.765242,2.17528
804663698.991401,2.1408349999999996
804663701.204348,2.133443
804663703.396412,2.10634
804663705.625763,2.1485630000000002
804663707.499411,1.7898370000000001
804663709.743371,2.162852
804663711.8018049,1.973801
804663714.188086,2.298116
804663716.1392441,1.867278
804663718.470207,2.246887
804663720.737291,2.1873180000000003
804663722.94225,2.105708
804663725.670948,2.649585
804663728.146117,2.388952
804663730.327652,2.096657
804663732.926915,2.519442
804663735.124096,2.098987
804663737.275044,2.0714930000000003
804663739.682064,2.308686
804663741.886507,2.125128
804663744.191223,2.2199440000000004
804663746.278112,2.001666
804663748.440758,2.071658
804663751.294698,2.768546
804663753.9731699,2.598982
804663755.8776801,1.8199130000000001
804663757.8440989,1.886863
804663759.71506,1.786831
804663761.832912,2.032819
804663764.0937309,2.176232
804663766.2110959,2.032342
804663767.736964,1.443782
804663769.381122,1.564658
804663771.012977,1.547363
804663772.9129261,1.8203589999999998
804663774.899001,1.9025050000000001
804663777.009395,2.031816
804663778.944706,1.851296
804663781.065334,2.041117
804663783.081674,1.93279
804663785.157823,1.99692
804663787.0451931,1.803118
804663788.947698,1.822914
804663790.806957,1.774952
804663792.6762199,1.7874670000000001
804663794.310686,1.547048
804663796.143328,1.74993
804663797.9804009,1.752656
804663800.225949,2.165653
804663802.240154,1.929398
804663804.19227,1.872926
804663806.1565081,1.8805390000000002
804663808.3977021,2.161653
804663810.781648,2.298788
804663812.7190349,1.8580160000000001
804663814.627263,1.822603
804663816.4652979,1.757898
804663818.4248149,1.875988
804663819.941632,1.4537650000000002
804663822.196287,2.143355
804663824.3009679,2.018931
804663826.356765,1.971606
804663828.7254499,2.289205
804663830.866606,2.055983
804663833.17638,2.229772
804663835.52342,2.262934
804663837.957347,2.355134
804663840.396386,2.354402
804663842.809034,2.296267
804663845.168036,2.2801489999999998
804663847.5660851,2.312059
804663850.13843,2.492925
804663852.526672,2.303048
804663854.814394,2.203967
804663856.9231141,2.028168
804663858.776584,1.7665490000000001
804663861.001826,2.143752
804663863.0087991,1.922381
804663865.254874,2.164806
804663867.230363,1.889926
804663869.467207,2.1546019999999997
804663871.690895,2.128231
804663873.996368,2.225883
804663876.630372,2.550048
804663878.868919,2.154451
804663881.2109619,2.261872
804663883.319136,2.024103
804663885.686509,2.288529
804663887.9033101,2.13197
804663890.4451491,2.4626639999999997
804663892.9443231,2.414913
804663895.4634141,2.432961
804663897.813702,2.270517
804663900.539168,2.640152
804663903.194726,2.571107
804663905.532324,2.2578720000000003
804663907.3787991,1.761436
804663909.852784,2.395137
804663912.505576,2.567994
804663914.668097,2.0788909999999996
804663917.144208,2.396375
804663920.107072,2.877755
804663922.589262,2.394906
804663925.110362,2.441264
804663927.534727,2.3398580000000004
804663929.8064721,2.19258
804663932.279565,2.388832
804663934.6783,2.312485
804663937.068711,2.3101350000000003
804663939.453384,2.300211
804663942.244187,2.711007
804663944.895717,2.567148
804663947.283015,2.302336
804663949.971861,2.6092950000000004
804663952.611157,2.5544029999999998
804663955.082026,2.3856450000000002
804663957.7195929,2.5574909999999997
804663960.5410621,2.736958
804663963.225808,2.5999640000000004
804663966.195398,2.890485
804663969.183375,2.9034310000000003
804663971.758972,2.4631760000000003
804663974.466091,2.6270320000000003
804663977.075727,2.526493
804663979.742146,2.582152
804663982.4582261,2.636976
804663985.112331,2.5691479999999998
804663987.8230029,2.625398
804663990.436383,2.5339899999999997
804663992.970884,2.449694
804663995.646068,2.590948
804663998.339355,2.614017
804664002.267215,3.843109
804664004.509787,2.158305
804664006.979729,2.38545
804664009.0464971,1.9873030000000003
804664011.506505,2.374489
804664013.694649,2.109312
804664015.6697941,1.891414
804664017.577611,1.8285930000000001
804664019.856492,2.192209
804664022.121536,2.1853380000000002
804664024.578487,2.372434
804664026.9508821,2.287903
804664029.3859719,2.356196
804664031.893485,2.423619
804664034.211593,2.235355
804664036.55958,2.2638469999999997
804664039.339222,2.694845
804664042.319151,2.900518
804664044.57564,2.172548
804664046.826491,2.165162
804664049.038993,2.133708
804664051.755043,2.631673
804664054.0118381,2.177034
804664056.367849,2.2712689999999998
804664058.8399899,2.374644
804664061.137429,2.214416
804664063.247954,2.024033
804664065.505706,2.1782369999999998
804664068.1275101,2.537389
804664070.551169,2.339153
804664072.763636,2.133303
804664074.910094,2.06183
804664077.168994,2.1798450000000003
804664079.828086,2.574871
804664082.3584671,2.450246
804664084.927088,2.4841699999999998
804664087.6717191,2.657653
804664089.9800539,2.2224749999999998
804664092.5303221,2.447023
804664094.818671,2.203762
804664096.9376249,2.039704
804664099.294222,2.257868
804664101.319092,1.931096
804664103.0712019,1.656056
804664105.324078,2.174283
804664106.7349781,1.323367
804664108.424893,1.626983
804664109.904523,1.396737
804664111.242438,1.2596479999999999
804664113.440111,2.117751
804664115.679826,2.15569
804664117.805521,2.046184
804664120.142031,2.246566
804664122.52275,2.29542
804664125.164932,2.55324
804664127.722342,2.472753
804664130.154705,2.353028
804664132.4793229,2.2402059999999997
804664134.516001,1.940689
804664136.5299051,1.934861
804664138.5865539,1.969261
804664140.611765,1.9460709999999999
804664142.679359,1.983688
804664145.102877,2.3435270000000004
804664147.1151431,1.927909
804664149.78521,2.590321
804664151.842956,1.9737349999999998
804664153.77264,1.850399
804664155.802918,1.946207
804664157.7422581,1.860392
804664159.536426,1.7057719999999998
804664161.121171,1.505821
804664162.767429,1.557321
804664164.362082,1.519232
804664166.485521,2.0281029999999998
804664168.306141,1.741535
804664170.337716,1.9476499999999999
804664172.159628,1.742502
804664174.258661,2.014837
804664176.779917,2.441631
804664178.877066,2.0105370000000002
804664180.8144671,1.857911
804664183.120917,2.221883
804664185.346554,2.147115
804664187.435027,2.0043930000000003
804664189.919272,2.3911029999999998
804664192.2674941,2.263335
804664194.416458,2.064321
804664196.412877,1.917791
804664198.733676,2.236568
804664201.405117,2.591745
804664203.5374919,2.047808
804664205.863738,2.247022
804664208.116614,2.166519
804664210.725895,2.523681
804664212.932979,2.1278349999999997
804664215.160465,2.143326
804664217.394497,2.154312
804664219.240396,1.761552
804664221.4168539,2.0977449999999997
804664223.182695,1.68136
804664225.354432,2.0775170000000003
804664227.2295879,1.790224
804664229.317811,1.99504
804664231.1884559,1.7874869999999998
804664233.1783799,1.910564
804664234.9955169,1.733437
804664236.723646,1.648679
804664238.5691979,1.760815
804664240.5526961,1.90431
804664242.5891031,1.9517090000000001
804664244.388804,1.7205110000000001
804664246.502159,2.0276009999999998
804664248.475875,1.894561
804664251.206909,2.6311120000000003
804664253.592414,2.305649
804664255.833378,2.156943
804664258.158657,2.2462
804664260.516256,2.2739700000000003
804664262.821654,2.2214180000000003
804664265.1089951,2.208453
804664267.5795431,2.386577
804664269.919757,2.26109
804664272.7498571,2.745843
804664274.473596,1.6391769999999999
804664276.480319,1.927253
804664278.9632751,2.4109890000000003
804664281.1475611,2.104556
804664283.486963,2.253693
804664285.643024,2.0767200000000003
804664287.798613,2.070832
804664289.891561,1.998965
804664292.304319,2.3149949999999997
804664294.344169,1.9550180000000001
804664296.227871,1.7899479999999999
804664298.287908,1.9748130000000002
804664300.1314,1.764343
804664301.736086,1.515845
804664303.747846,1.932199
804664305.822752,1.9912210000000001
804664308.185338,2.2770870000000003
804664310.638255,2.353164
804664312.754462,2.036547
804664315.015271,2.176463
804664317.056023,1.961428
804664319.078909,1.919038
804664320.678915,1.51804
804664322.320502,1.574461
804664324.228344,1.8350179999999998
804664325.777221,1.482723
804664327.302933,1.462475
804664328.426389,1.0604550000000001
804664329.816245,1.336487
804664331.084083,1.203737
804664332.346958,1.199919
804664333.685856,1.271179
804664335.082362,1.333615
804664336.273711,1.127535
804664337.6876739,1.346837
804664339.212425,1.4609480000000001
804664340.42774,1.1519679999999999
804664341.717568,1.22374
804664343.046076,1.262224
804664344.325009,1.215129
804664345.711683,1.3201289999999999
804664347.251519,1.475445
804664348.542194,1.227273
804664349.824705,1.2048860000000001
804664351.422941,1.534222
804664352.9614539,1.475095
804664354.439335,1.410419
804664355.6500441,1.147152
804664356.878896,1.179913
804664357.998347,1.071129
804664359.0763481,1.033452
804664359.824119,0.704175
804664361.0276409,1.159535
804664362.532535,1.458165
804664363.9015031,1.294063
804664365.191762,1.243385
804664366.794504,1.554209
