804643378.806317,2.597828
804643381.1293061,2.1750540000000003
804643383.573889,2.35751
804643386.157058,2.502322
804643388.471563,2.229962
804643390.8427789,2.297474
804643393.162861,2.2404669999999998
804643431.232015,38.000785
804643434.812312,3.507296
804643438.4622259,3.569817
804643442.112635,3.5646050000000002
804643446.125519,3.927064
804643448.9575881,2.759746
804643451.481931,2.438323
804643453.794466,2.2331
804643456.088333,2.2231870000000002
804643458.556029,2.382542
804643461.19364,2.55099
804643463.8381629,2.5614790000000003
804643466.844172,2.925878
804643469.442227,2.5133970000000003
804643471.579879,2.053251
804643473.652596,2.008286
804643475.890953,2.153975
804643477.9857761,2.015017
804643480.078519,2.004317
804643482.268583,2.104956
804643484.5431939,2.1972810000000003
804643486.669104,2.0584729999999998
804643488.145181,1.413536
804643489.3819561,1.1709669999999999
804643491.231102,1.789988
804643493.429576,2.134936
804643495.480868,1.9788280000000003
804643497.380311,1.821797
804643499.710437,2.258424
804643502.786564,2.9974540000000003
804643505.54176,2.6713549999999997
804643508.290344,2.664966
804643510.7775309,2.402088
804643514.026461,3.183593
804643516.943643,2.848919
804643520.109992,3.091043
804643523.3680979,3.189361
804643526.255005,2.80661
804643529.728984,3.389186
804643532.857368,3.042168
804643536.340765,3.397516
804643539.01837,2.591535
804643541.794313,2.696504
804643544.126719,2.247604
804643546.6712141,2.460088
804643549.106935,2.367217
804643551.181842,1.9898479999999998
804643553.5691609,2.322644
804643555.7292761,2.075779
804643557.97506,2.177715
804643560.064996,2.00531
804643562.517326,2.3674429999999997
804643564.728966,2.132371
804643567.4501771,2.635837
804643568.932063,1.4184130000000001
804643570.76702,1.768904
804643572.30003,1.4706190000000001
804643573.9861059,1.622408
804643576.147815,2.097524
804643578.013915,1.800142
804643580.343861,2.249057
804643582.5230451,2.095314
804643584.484637,1.8820519999999998
804643586.624134,2.0545440000000004
804643588.933386,2.238267
804643591.1768451,2.158576
804643593.305617,2.061641
804643595.288664,1.9130550000000002
804643597.641162,2.2692699999999997
804643599.815189,2.089586
804643602.04866,2.153935
804643604.387661,2.257646
804643606.7021,2.219833
804643609.008846,2.2472730000000003
804643611.28217,2.2060169999999997
804643613.362769,1.9981830000000003
804643615.6379219,2.1905259999999998
804643617.765927,2.0491509999999997
804643619.996025,2.170263
804643622.05517,1.956676
804643624.544636,2.430098
804643627.622743,3.012394
804643630.435218,2.7500530000000003
804643632.8172901,2.3162830000000003
804643634.870846,1.987112
804643636.849744,1.916302
804643638.8735659,1.958285
804643640.928807,1.9922389999999999
804643642.974786,1.9795049999999998
804643645.016946,1.9793290000000001
804643647.1046771,2.021938
804643648.565077,1.397354
804643650.257383,1.609804
804643651.67759,1.340982
804643653.3815781,1.624212
804643655.257451,1.7918669999999999
804643657.151401,1.8143799999999999
804643659.645253,2.406578
804643661.7769821,2.0488910000000002
804643664.064618,2.20333
804643666.114792,1.9858940000000003
804643668.1695509,1.9952059999999998
804643670.256521,2.0207260000000002
804643672.335431,2.015373
804643674.469952,2.049708
804643676.785785,2.236463
804643678.9394549,2.068441
804643681.3079649,2.288068
804643683.514828,2.120924
804643685.778474,2.196259
804643688.107868,2.257482
804643690.3840879,2.2009999999999996
804643692.6316459,2.187513
804643694.6560401,1.951539
804643696.9526831,2.2321329999999997
804643699.229585,2.191147
804643701.5637699,2.2546250000000003
804643703.930185,2.2814620000000003
804643705.418731,1.425214
804643706.805741,1.3221640000000001
804643708.305573,1.4468040000000002
804643710.5744959,2.189894
804643712.8164259,2.113546
804643714.8713009,1.968769
804643716.960521,2.008457
804643718.935129,1.901222
804643721.315086,2.2659059999999998
804643723.449857,2.066301
804643725.7946659,2.219483
804643728.12618,2.2573659999999998
804643730.085462,1.874104
804643732.238064,2.069128
804643734.350408,2.03973
804643736.319297,1.893735
804643738.528366,2.1382630000000002
804643740.7164409,2.108329
804643742.941618,2.140064
804643745.193511,2.173066
804643747.5119001,2.234623
804643749.8112841,2.219974
804643752.6971179,2.801619
804643755.019641,2.251944
804643757.486801,2.4041829999999997
804643759.6982349,2.144654
804643761.9628481,2.201281
804643764.400344,2.371317
804643767.1599851,2.683548
804643769.503497,2.2821640000000003
804643772.1273761,2.552704
804643774.483472,2.289642
804643777.217569,2.653398
804643779.493673,2.1902649999999997
804643781.7302661,2.15781
804643784.200503,2.384341
804643786.551312,2.265912
804643789.0187379,2.387359
804643791.348197,2.244742
804643793.7249911,2.297299
804643796.0588859,2.2532810000000003
804643798.690704,2.542565
804643801.313892,2.543101
804643803.830772,2.431587
804643806.336141,2.424766
804643808.57312,2.152978
804643810.918962,2.271965
804643813.070592,2.072486
804643815.275481,2.135071
804643817.482515,2.132405
804643819.603243,2.0371539999999997
804643822.195509,2.5186800000000003
804643824.1120219,1.82964
804643826.2545049,2.019322
804643828.531633,2.1961139999999997
804643830.773764,2.157824
804643833.053202,2.199968
804643835.174095,2.035986
804643837.681594,2.427707
804643840.1248579,2.35784
804643842.3304939,2.112008
804643844.568059,2.1579099999999998
804643847.140273,2.487732
804643849.725437,2.5066070000000003
804643852.472699,2.661137
804643854.889171,2.3323620000000003
804643857.322593,2.367277
804643859.4017841,1.9945700000000002
804643861.6602681,2.1846919999999996
804643863.849611,2.086338
804643866.009069,2.090903
804643868.194638,2.105723
804643870.504426,2.237911
804643872.534448,1.966494
804643875.2255701,2.604931
804643877.914827,2.5909980000000004
804643880.451172,2.4556180000000003
804643882.83362,2.298231
804643885.69406,2.785882
804643888.2433909,2.465045
804643890.935575,2.606469
804643893.331017,2.315487
804643895.991878,2.587199
804643898.413668,2.307128
804643901.1823851,2.688751
804643903.751196,2.4834829999999997
804643906.4446629,2.625975
804643908.79684,2.288995
804643911.841474,2.9599219999999997
804643914.594329,2.673435
804643917.278063,2.5973580000000003
804643920.0576911,2.694068
804643922.4752951,2.331999
804643924.807902,2.252881
804643927.4933951,2.61119
804643929.671682,2.1099080000000003
804643932.222686,2.466574
804643934.756536,2.447289
804643936.864184,2.028027
804643939.2693189,2.320157
804643941.6922109,2.342735
804643944.411794,2.634535
804643947.391326,2.895532
804643950.0380939,2.564406
804643952.5072991,2.383074
804643955.1468711,2.553306
804643957.458704,2.232123
804643959.611146,2.0671180000000002
804643961.820064,2.1297989999999998
804643963.981156,2.082399
804643966.697747,2.613295
804643968.830277,2.0600810000000003
804643971.2857089,2.393544
804643973.830826,2.486199
804643976.106329,2.206562
804643978.583687,2.405176
804643981.4459469,2.798501
804643983.764376,2.250987
804643985.395283,1.56757
804643987.5435151,2.080044
804643989.5391921,1.9153149999999999
804643991.1611941,1.53762
804643993.511271,2.270321
804643995.751833,2.1566110000000003
804643998.264399,2.4325050000000004
804644001.236801,2.8867469999999997
804644004.544618,3.222248
804644007.302078,2.672668
804644009.560567,2.189123
804644012.110214,2.474692
804644014.30542,2.109898
804644016.3569621,1.97757
804644018.532042,2.100311
804644020.461109,1.8664109999999998
804644022.689012,2.143231
804644025.190186,2.4212130000000003
804644027.4495519,2.184542
804644029.58973,2.063294
804644031.788419,2.114358
804644034.0210079,2.152612
804644036.595964,2.4900830000000003
804644038.80829,2.126596
804644041.154859,2.2671840000000003
804644043.914675,2.67344
804644046.554267,2.560387
804644048.959102,2.3192809999999997
804644051.4926109,2.440437
804644054.1561179,2.5832699999999997
804644056.656484,2.411596
804644058.751788,2.00992
804644061.034458,2.2124520000000003
804644063.047105,1.945946
804644065.13648,2.026248
804644067.018091,1.815562
804644068.835623,1.751784
804644070.424523,1.51141
804644072.104215,1.612716
804644073.6541029,1.476693
804644075.11708,1.393319
804644077.216679,2.032548
804644079.174462,1.873387
804644081.2980319,2.041112
804644083.577865,2.194585
804644085.553365,1.8954989999999998
804644087.862447,2.220806
804644089.733088,1.807038
804644092.083977,2.2823800000000003
804644094.3717439,2.201351
804644096.691496,2.240918
804644099.274721,2.516961
804644101.655925,2.30176
804644103.9789841,2.238798
804644105.469279,1.403133
804644107.0843151,1.547814
804644108.812885,1.649405
804644110.7528371,1.842475
804644112.54092,1.707767
804644114.496489,1.871343
804644116.595392,2.017618
804644118.75714,2.076706
804644120.984933,2.148272
804644123.433394,2.379456
804644126.034681,2.521541
804644128.943203,2.829308
804644131.675781,2.668143
804644134.3636049,2.6091
804644136.693736,2.262939
804644139.023295,2.243995
804644141.725813,2.622556
804644144.162712,2.350793
804644146.5893719,2.3411109999999997
804644149.14398,2.475569
804644151.394035,2.178808
804644154.071569,2.6150290000000003
804644156.5107889,2.3729459999999998
804644157.990249,1.412555
804644159.275357,1.222311
804644161.224365,1.886693
804644163.422709,2.114784
804644165.5422239,2.048279
804644167.580881,1.960345
804644169.84621,2.1856240000000002
804644171.753932,1.8223829999999999
804644173.993211,2.1621650000000003
804644176.230676,2.152482
804644178.450616,2.091074
804644180.475677,1.9632220000000002
804644182.54081,2.002923
804644184.940052,2.319811
804644187.4098719,2.405105
804644190.001742,2.534932
804644192.754171,2.6822909999999998
804644194.143847,1.326478
804644195.371571,1.171062
804644196.884148,1.4459819999999999
804644199.2415019,2.272166
804644201.493801,2.1725239999999997
804644203.7516841,2.172925
804644206.175814,2.345095
804644208.449904,2.189202
804644210.689574,2.158376
804644213.276127,2.507193
804644215.847895,2.485232
804644218.55591,2.6285499999999997
804644220.9635409,2.3228590000000002
804644223.513986,2.45856
804644225.888861,2.29534
804644228.412331,2.4373810000000002
804644231.0598811,2.561915
804644233.530103,2.390441
804644235.9648719,2.343617
804644238.5159919,2.437465
804644241.1944791,2.592752
804644243.83156,2.5514259999999997
804644246.114861,2.215885
804644248.24433,2.04432
804644250.897107,2.586062
804644253.755347,2.777963
804644256.976853,3.135982
804644259.2418079,2.179691
804644262.066475,2.7445809999999997
804644264.30375,2.151044
804644266.896988,2.506276
804644269.3233219,2.3464739999999997
804644272.4365511,3.027509
804644275.031428,2.508982
804644277.446537,2.335338
804644279.969983,2.437842
804644282.502539,2.4218439999999997
804644284.7481381,2.1609659999999997
804644287.086523,2.253041
804644289.423796,2.25677
804644292.40379,2.89247
804644294.896023,2.407225
804644296.858232,1.8820569999999999
804644299.3177941,2.3733259999999996
804644301.508836,2.111427
804644303.958966,2.365368
804644306.723092,2.654646
804644309.041229,2.2334859999999996
804644311.547014,2.4202
804644313.9539839,2.326016
804644316.355526,2.315642
804644318.577931,2.136875
804644320.954159,2.296778
804644322.952537,1.9129539999999998
804644325.2584561,2.226505
804644327.270095,1.942734
804644329.527111,2.177104
804644330.942075,1.329095
804644332.7961171,1.787061
804644334.248535,1.3823990000000002
804644335.6613799,1.344506
804644338.267423,2.52942
804644340.486069,2.135202
804644342.652238,2.0667020000000003
804644344.44834,1.675621
804644346.400931,1.868441
804644348.469247,1.988621
804644350.682035,2.1408899999999997
804644352.791391,2.030137
804644354.800014,1.938093
804644356.950747,2.071583
804644359.050516,2.015213
804644361.2352331,2.119244
804644363.1612631,1.841247
804644365.576146,2.335378
804644367.8454,2.184176
804644370.015643,2.090202
804644372.592764,2.4923480000000002
804644375.380765,2.715703
804644378.2384139,2.777467
804644380.526056,2.201276
804644382.867949,2.255792
804644385.27982,2.331624
804644387.923992,2.559013
804644390.626084,2.593364
804644393.5358549,2.825088
804644396.2135999,2.59194
804644398.894207,2.5957139999999996
804644401.335516,2.361694
804644403.917192,2.515362
804644406.016385,2.035895
804644407.57525,1.470479
804644408.867188,1.212403
804644410.413714,1.461422
804644412.7605339,2.266763
804644415.3869289,2.5408209999999998
804644417.871765,2.405056
804644420.025064,2.056194
804644422.591946,2.493847
804644424.9795159,2.309869
804644427.4390069,2.373878
804644429.689423,2.17096
804644432.482798,2.706738
804644434.751971,2.183725
804644437.0284619,2.206212
804644439.0397899,1.926029
804644441.200702,2.077507
804644443.093384,1.807574
804644445.224792,2.051808
804644447.526902,2.216987
804644449.809527,2.2024980000000003
804644452.398876,2.503299
804644454.9668759,2.481885
804644457.428799,2.3831189999999998
804644459.668885,2.155509
804644462.244492,2.502176
804644464.681171,2.35158
804644466.923532,2.157213
804644469.429823,2.426264
804644471.91536,2.399603
804644474.09038,2.094933
804644476.04251,1.884503
804644478.453444,2.327816
804644480.5054181,1.988521
804644482.650257,2.0790859999999998
804644484.733197,2.019658
804644486.802771,2.003054
804644488.85737,1.991432
804644490.765152,1.840982
804644492.222831,1.3939
804644494.1410381,1.834241
804644496.755921,2.534667
804644498.8432109,2.0010700000000003
804644501.75212,2.828932
804644504.2991661,2.462299
804644506.721877,2.33832
804644509.334466,2.533384
804644511.600336,2.182106
804644513.644907,1.963878
804644515.931772,2.202613
804644518.010407,1.9651959999999997
804644520.142331,2.043463
804644522.168524,1.934275
804644524.4450359,2.19659
804644526.616672,2.086208
804644528.8142339,2.116994
804644530.7219009,1.822784
804644532.623123,1.834371
804644534.8919009,2.1828580000000004
804644536.9441589,1.986987
804644539.117404,2.087872
804644541.165508,1.968493
804644543.776994,2.527344
804644546.206597,2.3488350000000002
804644548.478287,2.138465
804644550.488267,1.924711
804644552.706818,2.1378679999999997
804644554.988786,2.196791
804644557.294685,2.2259469999999997
804644559.697174,2.31684
804644561.953784,2.176558
804644564.612119,2.5718490000000003
804644567.5054101,2.807988
804644570.041897,2.433496
804644572.473189,2.3447649999999998
804644574.9530879,2.394696
804644577.4929119,2.460038
804644579.9972831,2.4187570000000003
804644582.932457,2.816378
804644585.6494939,2.61134
804644588.353485,2.618727
804644591.091812,2.652808
804644593.540359,2.368039
804644595.893909,2.267846
804644598.1757569,2.2006539999999997
804644600.666321,2.4051099999999996
804644602.910958,2.13429
804644605.51479,2.5237670000000003
804644607.833404,2.233455
804644609.9009581,1.9877789999999997
804644612.151348,2.1623050000000004
804644614.245093,2.013097
804644616.400307,2.088548
804644618.752519,2.266799
804644620.311229,1.481169
804644622.034627,1.6369360000000002
804644623.7247419,1.61053
804644625.6406331,1.84234
804644627.9649451,2.23516
804644630.4370509,2.362787
804644632.3944991,1.872991
804644634.806325,2.325856
804644636.833601,1.9501410000000001
804644638.350202,1.449009
804644640.053564,1.623425
804644641.805137,1.666421
804644643.805184,1.920922
804644646.194478,2.309082
804644648.382156,2.10203
804644650.61683,2.149956
804644652.919998,2.220255
804644655.111621,2.1202970000000003
804644657.78915,2.597448
804644660.3659711,2.4911960000000004
804644663.084035,2.633472
804644665.545691,2.386352
804644667.96934,2.33834
804644670.882058,2.777167
804644673.619707,2.6528720000000003
804644676.445808,2.740631
804644678.7734569,2.242427
804644681.277603,2.436809
804644683.630402,2.282585
804644686.00043,2.290282
804644688.4161351,2.328667
804644690.685093,2.180147
804644692.783234,2.033345
804644695.09846,2.230509
804644697.415235,2.2367429999999997
804644699.64437,2.143285
804644701.668273,1.943981
804644703.730179,1.9748779999999997
804644705.564129,1.7564499999999998
804644707.2881731,1.64062
804644709.219926,1.866451
804644711.526627,2.224841
804644713.707621,2.097364
804644715.9684811,2.1338239999999997
804644717.983969,1.905076
804644720.216061,2.146869
804644722.3558991,2.055271
804644724.3980091,1.961658
804644726.650373,2.1663189999999997
804644728.713557,1.991502
804644730.9618969,2.1628659999999997
804644733.2844709,2.24806
804644735.9077641,2.495582
804644738.048499,2.060929
804644740.30802,2.173401
804644742.4833051,2.090663
804644744.691326,2.088724
804644746.94748,2.169937
804644749.543249,2.515527
804644752.2373221,2.609591
804644754.9468609,2.6207969999999996
804644757.681278,2.6543859999999997
804644760.262644,2.495416
804644763.541298,3.191356
804644766.286009,2.665452
804644768.814857,2.458395
804644771.292632,2.3920310000000002
804644773.6964599,2.324302
804644776.446358,2.663732
804644779.4378079,2.906212
804644781.943127,2.4256130000000002
804644784.6300579,2.596802
804644787.077377,2.35358
804644789.415095,2.2570699999999997
804644792.286676,2.785526
804644795.260657,2.88786
804644798.034822,2.694905
804644800.8047811,2.684892
804644803.466303,2.575367
804644805.981259,2.418667
804644809.017259,2.95028
804644811.3662679,2.264784
804644813.6023151,2.155865
804644815.791116,2.1024809999999996
804644817.913649,2.044711
804644820.675144,2.675837
804644823.000103,2.239374
804644825.052076,1.9715000000000003
804644827.8796799,2.74003
804644829.785277,1.8244179999999999
804644832.2930261,2.421654
804644834.215723,1.849907
804644836.106225,1.822469
804644838.567666,2.3753759999999997
804644840.960718,2.32542
804644843.214041,2.167648
804644845.228256,1.9354120000000001
804644847.3396571,2.025636
804644849.551653,2.144278
804644851.807801,2.171802
804644854.000096,2.112534
804644856.109141,2.030323
804644857.974349,1.781573
804644859.7310151,1.691067
804644861.74068,1.9085400000000001
804644864.252975,2.42851
804644866.133789,1.805153
804644868.4763639,2.258429
804644870.546539,1.9854479999999999
804644872.9700471,2.34941
804644875.441797,2.3871640000000003
804644878.3748571,2.8530629999999997
804644881.254863,2.7944020000000003
804644884.684855,3.345596
804644886.856537,2.08735
804644888.9973071,2.0603219999999998
804644890.937575,1.854543
804644893.632825,2.615325
804644896.1197909,2.401406
804644898.356208,2.151083
804644901.097256,2.660961
804644903.321304,2.139522
804644905.656953,2.256264
804644907.701775,1.954261
804644909.980857,2.199551
804644912.476969,2.4108490000000002
804644914.963148,2.401071
804644917.017987,1.975019
804644919.367413,2.263766
804644921.918794,2.4716500000000003
804644924.255379,2.250897
804644926.2979809,1.9569969999999999
804644928.448534,2.06965
804644930.575642,2.0412030000000003
804644932.6619639,2.006197
804644934.752617,2.006548
804644936.9311501,2.0982459999999996
804644939.126843,2.110259
804644941.49852,2.2921069999999997
804644943.767854,2.183915
804644945.891569,2.043613
804644948.436229,2.458835
804644950.86935,2.3459779999999997
804644953.121209,2.1721179999999998
804644955.378249,2.170925
804644957.815304,2.3569780000000002
804644960.44204,2.541117
804644962.697973,2.169907
804644965.135624,2.3748
804644967.385713,2.1836450000000003
804644969.455272,2.006387
804644971.9579041,2.417895
804644974.6757829,2.61088
804644976.864114,2.1031869999999997
804644979.091645,2.145661
804644981.7412701,2.577501
804644984.440189,2.614754
804644987.259484,2.735324
804644990.0253241,2.686039
804644992.468498,2.3576349999999997
804644995.143717,2.600866
804644997.597952,2.37064
804645000.31328,2.630325
804645003.5516549,3.154084
804645006.8682129,3.236967
804645010.059143,3.104915
804645013.334409,3.189983
804645016.789193,3.369736
804645019.813832,2.939139
804645023.305817,3.427145
804645026.81781,3.426669
804645030.265648,3.362389
804645033.6042819,3.2527139999999997
804645036.495198,2.805343
804645039.341396,2.760894
804645041.9420321,2.520454
804645044.3581029,2.3311629999999997
804645047.161821,2.718054
804645049.689281,2.447032
804645052.412788,2.6224960000000004
804645055.0895909,2.591424
804645057.49229,2.322583
804645059.888229,2.31245
804645062.090051,2.1238300000000003
804645064.3223081,2.161348
804645066.631977,2.2235929999999997
804645068.965967,2.25471
804645071.6342701,2.582633
804645074.173292,2.459256
804645076.604483,2.3488189999999998
804645079.18003,2.489967
804645081.639577,2.379606
804645084.2546259,2.527625
804645086.7401781,2.400169
804645089.091498,2.2735390000000004
804645091.779328,2.60232
804645094.114736,2.2561389999999997
804645096.989043,2.788789
804645099.532836,2.458375
804645102.254253,2.641505
804645104.817211,2.477639
804645107.05038,2.1467639999999997
804645109.7301,2.599372
804645112.473113,2.65831
804645115.055686,2.496573
804645117.64294,2.506787
804645120.557336,2.828181
804645123.347864,2.7059599999999997
804645126.448133,3.019822
804645128.8822911,2.363709
804645131.030067,2.075412
804645133.242208,2.132606
804645135.8889861,2.583747
804645138.280545,2.3105700000000002
804645140.892076,2.5247189999999997
804645143.1724709,2.194835
804645145.393813,2.143606
804645148.212566,2.738863
804645150.512542,2.214587
804645153.13554,2.542671
804645155.75974,2.539644
804645157.975274,2.134896
804645160.20226,2.1414709999999997
804645162.849804,2.562391
804645165.27894,2.349205
804645167.8770851,2.512941
804645170.2447029,2.287912
804645172.4718089,2.140524
804645174.9224449,2.366024
804645177.3945711,2.39242
804645180.0810571,2.599463
804645182.294761,2.138254
804645184.531294,2.16241
804645186.746357,2.1301050000000004
804645188.79216,1.9652659999999997
804645191.077161,2.194505
804645193.744567,2.586347
804645196.0567659,2.2269859999999997
804645198.5877839,2.445249
804645201.273313,2.605051
804645203.930194,2.571101
804645206.198576,2.154984
804645208.515091,2.232098
804645210.796874,2.196565
804645213.074883,2.197998
804645215.561177,2.401402
804645218.296842,2.6549669999999996
804645220.778175,2.3964049999999997
804645223.1194559,2.256303
804645225.676064,2.476837
804645228.5934019,2.832776
804645231.399236,2.718585
804645233.885165,2.406845
804645236.12509,2.154697
804645238.5373371,2.322016
804645241.3345251,2.716986
804645244.047923,2.62853
804645246.673762,2.5392829999999997
804645249.291448,2.537278
804645251.980739,2.603588
804645254.493986,2.4084380000000003
804645256.932459,2.351219
804645259.38692,2.370345
804645261.987355,2.519477
804645264.676161,2.6003789999999998
804645266.732574,1.971135
804645269.3209261,2.5071730000000003
804645272.2224121,2.816513
804645274.6538991,2.3390210000000002
804645277.478706,2.745298
804645279.682773,2.119811
804645282.1712221,2.407451
804645284.7372869,2.479263
804645286.909641,2.0879230000000004
804645289.384243,2.3945160000000003
804645291.740996,2.270903
804645294.085079,2.2643519999999997
804645296.778275,2.606268
804645299.162722,2.298597
804645301.795618,2.537138
804645304.337897,2.4575970000000003
804645307.10049,2.676287
804645309.6505679,2.469651
804645312.373063,2.636955
804645314.85862,2.410372
804645317.198077,2.260068
804645319.3973329,2.118899
804645321.71936,2.252264
804645324.240034,2.434519
804645326.5483401,2.222927
804645328.871605,2.243144
804645331.620375,2.6634860000000002
804645334.179799,2.4788520000000003
804645336.648237,2.3830790000000004
804645339.1139381,2.376379
804645341.4323369,2.238387
804645343.8033171,2.28454
804645345.8160939,1.904299
804645348.462631,2.56177
804645350.6211029,2.087706
804645352.82495,2.133849
804645354.917086,2.009579
804645356.613992,1.616794
804645358.5778,1.878369
804645360.7750261,2.117019
804645363.059505,2.1989599999999996
804645365.3580221,2.219287
804645367.171625,1.72833
804645369.362396,2.118789
804645371.2198219,1.785863
804645372.589346,1.308462
804645374.4529151,1.7728430000000002
804645377.2918351,2.7584380000000004
804645379.981849,2.60473
804645382.1619099,2.084052
804645384.210335,1.9640679999999997
804645386.320443,2.034492
804645388.72628,2.3382989999999997
804645391.082421,2.270998
804645393.706401,2.545422
804645396.0643921,2.284049
804645398.293267,2.156516
804645400.5114319,2.153991
804645402.8675281,2.270828
804645405.037636,2.102897
804645407.3878441,2.284369
804645409.614077,2.162916
804645411.8434579,2.163552
804645413.982143,2.075277
804645416.068767,2.0211259999999998
804645417.994952,1.8356489999999999
804645420.163456,2.088893
804645422.194731,1.9045500000000002
804645423.523324,1.2667950000000001
804645425.483895,1.879381
804645427.5247921,1.955479
804645429.523792,1.918653
804645431.503722,1.8952680000000002
804645433.450194,1.887349
804645435.368817,1.847757
804645437.251315,1.817021
804645439.159689,1.849667
804645441.193489,1.9709900000000002
804645443.129818,1.8750209999999998
804645445.1291031,1.940594
804645446.8894429,1.693093
804645448.9102781,1.9569420000000002
804645451.0987539,2.117731
804645453.2214121,2.059496
804645455.2419959,1.952286
804645457.253841,1.947154
804645459.6810269,2.359595
804645461.8946921,2.151094
804645463.340428,1.379282
804645464.6701889,1.261482
804645466.346598,1.614324
804645468.714943,2.2908440000000003
804645470.884765,2.099264
804645473.117971,2.159734
804645475.327475,2.125048
804645477.645718,2.237846
804645479.5248439,1.811177
804645481.7514881,2.1478309999999996
804645483.928888,2.101744
804645486.22712,2.1815350000000002
804645488.158291,1.8463340000000001
804645490.6286939,2.3859559999999997
804645492.897297,2.1893279999999997
804645495.174354,2.143336
804645497.3894811,2.134997
804645499.662183,2.186862
804645502.21594,2.473575
804645504.726826,2.425648
804645507.1295561,2.317436
804645509.321465,2.124733
804645511.908274,2.516149
804645514.162979,2.17518
804645516.552457,2.305098
804645519.058297,2.424931
804645521.3898259,2.240351
804645523.6511309,2.1759660000000003
804645526.005724,2.2748120000000003
804645528.378098,2.299344
804645530.594183,2.130537
804645533.0011829,2.326963
804645535.240412,2.154597
804645537.325427,2.0057199999999997
804645539.3575541,1.961427
804645541.428651,1.9928
804645543.273271,1.776451
804645545.406288,2.0534310000000002
804645547.482272,1.9917480000000003
804645549.268972,1.712913
804645551.40247,2.062608
804645553.345404,1.8758489999999999
804645555.370415,1.905883
804645557.2153001,1.775715
804645559.458639,2.170624
804645561.293095,1.76736
804645563.416149,2.048625
804645565.31914,1.836381
804645567.206464,1.803259
804645569.200698,1.927458
804645571.304632,2.0284880000000003
804645573.0101681,1.6382700000000001
804645574.716923,1.643432
804645576.687977,1.903929
804645579.135672,2.37085
804645580.816571,1.6181679999999998
804645582.724032,1.8088710000000001
804645584.661433,1.859024
804645586.6682309,1.9223510000000001
804645588.572755,1.8396190000000001
804645590.831229,2.1744630000000003
804645592.558902,1.649246
804645594.6895391,2.047623
804645596.601802,1.846485
804645598.721146,2.034733
804645600.803239,1.958876
804645603.194833,2.321184
804645605.42454,2.1581550000000003
804645607.5154129,2.019548
804645609.548362,1.96686
804645611.71429,2.100241
804645613.932981,2.152061
804645616.1768011,2.166524
804645618.089966,1.840411
804645620.0525709,1.889475
804645622.054909,1.932279
804645624.155365,2.034908
804645627.092308,2.865908
804645629.662833,2.503465
804645631.7408069,1.9943790000000001
804645634.090423,2.270903
804645636.6343061,2.451048
804645638.786964,2.07014
804645640.815433,1.945285
804645643.050306,2.1598390000000003
804645645.140022,2.027867
804645647.115161,1.910038
804645648.738917,1.560629
804645650.343047,1.540918
804645652.804203,2.377671
804645655.230086,2.341377
804645657.461131,2.153089
804645659.7638791,2.23315
804645661.932478,2.0893550000000003
804645664.107944,2.089204
804645666.333346,2.141191
804645668.339993,1.928054
804645670.60213,2.1749349999999996
804645672.761423,2.076881
804645674.89905,2.054725
804645677.266728,2.286559
804645679.7306501,2.3926410000000002
804645682.021525,2.2122610000000003
804645684.0562531,1.950081
804645686.2902,2.1499610000000002
804645688.567477,2.197216
804645691.131372,2.481368
804645693.4478109,2.2471520000000003
804645695.832128,2.3006469999999997
804645698.28952,2.379034
804645700.594196,2.215318
804645703.1465399,2.468458
804645705.618055,2.3921150000000004
804645708.0626819,2.3570729999999998
804645710.618037,2.465531
804645712.9551891,2.257682
804645714.888089,1.848544
804645717.135848,2.167312
804645719.3056461,2.09776
804645721.679458,2.2940270000000003
804645723.8400451,2.075634
804645726.395259,2.475414
804645728.8611009,2.3805430000000003
804645731.271348,2.325925
804645733.5434531,2.202083
804645735.685025,2.056714
804645737.929055,2.147961
804645740.169071,2.159147
804645742.174806,1.936223
804645744.324677,2.0818220000000003
804645746.309123,1.913475
804645748.2775271,1.888833
804645750.9617671,2.5991120000000003
804645753.570627,2.5293099999999997
804645755.8093591,2.1530839999999998
804645758.1509271,2.2613860000000003
804645760.631989,2.396019
804645763.522484,2.805116
804645766.295646,2.6928099999999997
804645768.90202,2.5215170000000002
804645771.397767,2.411019
804645773.961671,2.477639
804645776.350604,2.303779
804645778.651848,2.227131
804645780.78926,2.057306
804645783.042943,2.167176
804645785.2748951,2.152462
804645787.635381,2.2751170000000003
804645789.946086,2.23101
804645792.37849,2.347346
804645794.619759,2.155895
804645796.9099209,2.160556
804645799.2493839,2.254279
804645801.8203759,2.484737
804645804.6144271,2.709012
804645806.869743,2.1812139999999998
804645809.1901311,2.2395549999999997
804645811.707628,2.437961
804645813.9539839,2.166074
804645816.180047,2.13897
804645818.51352,2.2479090000000004
804645821.216349,2.621765
804645823.990343,2.689608
804645826.604931,2.4733490000000002
804645829.1702449,2.484581
804645831.690488,2.4359770000000003
804645833.839342,2.068857
804645836.222706,2.297069
804645838.343504,2.035735
804645840.7946069,2.370344
804645843.1539451,2.274271
804645845.654853,2.416983
804645848.0835739,2.342991
804645850.505072,2.333754
804645852.965145,2.386386
804645855.7278689,2.677405
804645858.0182719,2.210266
804645860.28708,2.184236
804645862.515694,2.143726
804645864.641373,2.045984
804645867.04723,2.320388
804645869.488394,2.360707
804645871.7202121,2.146543
804645874.018147,2.2173179999999997
804645877.264867,3.160995
804645880.4275911,3.0771349999999997
804645883.4008341,2.888641
804645886.432304,2.952245
804645889.530177,3.012019
804645892.620423,3.0051219999999996
804645894.932256,2.226679
804645897.34316,2.331348
804645899.5472269,2.1184730000000003
804645901.066334,1.4386349999999999
804645903.010305,1.858693
804645904.8280281,1.7376710000000002
804645907.388926,2.49298
804645908.7713039,1.3032
804645910.7457521,1.8901160000000001
804645913.251035,2.381816
804645915.524359,2.18815
804645917.962111,2.315261
804645920.563738,2.515828
804645923.140779,2.4920530000000003
804645925.498278,2.2767809999999997
804645927.7173151,2.1324400000000003
804645929.9614351,2.11945
804645932.5030789,2.455493
804645934.731583,2.144057
804645936.975423,2.1633120000000003
804645939.212397,2.105142
804645941.489108,2.197151
804645943.709343,2.0915600000000003
804645945.209746,1.420873
804645946.941398,1.646754
804645948.261086,1.2394509999999999
804645950.133797,1.78436
804645952.259677,2.046009
804645954.184649,1.8560619999999999
804645956.1892071,1.9241110000000001
804645958.554194,2.296046
804645960.686308,2.052469
804645962.848523,2.0769260000000003
804645964.962044,2.033003
804645967.211667,2.1637589999999998
804645969.6034969,2.294568
804645972.419163,2.7298109999999998
804645974.994901,2.489738
804645977.3381679,2.26079
804645980.129477,2.705885
804645982.435291,2.219599
804645984.8793571,2.381154
804645987.143499,2.1975369999999996
804645989.214877,1.9918280000000002
804645991.306191,2.0050440000000003
804645993.389522,2.0194520000000002
804645995.350619,1.895238
804645997.928446,2.4978309999999997
804646000.3506911,2.33396
804646002.6465471,2.228133
804646004.6753919,1.9664040000000003
804646006.708686,1.967551
804646008.742712,1.971926
804646010.820846,2.01196
804646012.892324,2.008321
804646014.9321339,1.974638
804646017.0243809,2.0291639999999997
804646019.063123,1.972263
804646021.127144,2.00122
804646023.323784,2.130125
804646025.34663,1.9593319999999999
804646027.500695,2.0877660000000002
804646029.78305,2.219127
804646031.7529911,1.903893
804646033.7033731,1.8878810000000001
804646035.6323841,1.8630980000000001
804646037.577178,1.858572
804646039.503062,1.864246
804646041.719488,2.149785
804646044.072361,2.267701
804646046.366885,2.205276
804646048.5841529,2.095589
804646051.13622,2.481578
804646053.00205,1.78647
804646055.442111,2.3512839999999997
804646057.502263,1.980352
804646059.768861,2.179334
804646062.303934,2.453663
804646064.549683,2.160095
804646066.6685971,2.032914
804646069.3846761,2.635702
804646071.750204,2.2806509999999998
804646074.0741761,2.244541
804646076.7703539,2.6108339999999997
804646079.389046,2.533489
804646082.12421,2.655132
804646084.609778,2.399362
804646087.263276,2.566952
804646089.994361,2.651329
804646092.4651741,2.3848279999999997
804646095.272205,2.721963
804646097.99089,2.638854
804646100.901769,2.824658
804646103.567952,2.580844
804646106.351979,2.703304
804646109.1456189,2.7088170000000003
804646111.713628,2.483062
804646114.2801651,2.486009
804646116.769682,2.404004
804646119.6907439,2.835457
804646121.872614,2.1017840000000003
804646124.343202,2.385399
804646127.419495,2.99132
804646130.327135,2.827774
804646133.839904,3.427105
804646136.097957,2.1725030000000003
804646138.949182,2.764252
804646141.5034001,2.473696
804646144.1114471,2.522383
804646147.1500521,2.952836
804646149.897064,2.666098
804646152.877478,2.89445
804646155.3758309,2.413023
804646158.173991,2.7182690000000003
804646160.641582,2.3806629999999998
804646163.1190751,2.391915
804646165.584221,2.384933
804646167.8558861,2.184236
804646170.4916581,2.555811
804646173.610726,3.033233
804646176.123857,2.427236
804646178.792436,2.58326
804646181.526472,2.652822
804646184.1206671,2.508661
804646186.9076569,2.700263
804646189.662944,2.672338
804646192.3148941,2.5659799999999997
804646194.96741,2.566586
804646197.719042,2.671545
804646200.32747,2.522003
804646202.900406,2.4870970000000003
804646205.408391,2.427257
804646208.245382,2.751898
804646210.702157,2.371382
804646213.090098,2.307744
804646215.794786,2.6046799999999997
804646218.2204291,2.34514
804646220.674724,2.368806
804646223.3742191,2.6143579999999997
804646225.7991309,2.344609
804646228.5124681,2.627834
804646231.1111,2.512521
804646233.5320721,2.353977
804646236.482467,2.865252
804646238.80687,2.244822
804646241.361573,2.491672
804646243.456671,2.0290690000000002
804646245.394103,1.8738730000000001
804646247.7187849,2.2397810000000002
804646250.93318,3.134799
804646253.4939979,2.4937370000000003
804646254.911062,1.349116
804646256.701912,1.727307
804646258.187848,1.419149
804646259.9197509,1.6720540000000002
804646262.2658731,2.2656210000000003
804646264.536942,2.185434
804646266.789807,2.119911
804646268.999753,2.1452799999999996
804646271.2163041,2.1374459999999997
804646273.402013,2.105022
804646275.264139,1.773158
804646276.884582,1.5378209999999999
804646278.110412,1.142079
804646280.114795,1.924085
804646282.3016969,2.119064
804646284.444215,2.074706
804646286.593755,2.068281
804646288.7376621,2.065595
804646290.912271,2.089996
804646292.926741,1.935281
804646295.1395489,2.135758
804646297.564536,2.35994
804646299.867318,2.216747
804646302.167644,2.2203850000000003
804646304.395391,2.14298
804646306.593339,2.111852
804646308.8078411,2.092467
804646311.0870681,2.193357
804646313.3317441,2.127209
804646315.591862,2.184361
804646317.90985,2.2416300000000002
804646320.519717,2.524669
804646322.6015041,1.952341
804646325.046127,2.3657690000000002
804646327.111631,1.993151
804646329.120268,1.928761
804646331.568388,2.362271
804646333.8544409,2.20566
804646335.932941,1.993086
804646338.237066,2.19437
804646340.701896,2.380037
804646343.1741279,2.3866870000000002
804646345.8980049,2.6436699999999997
804646348.477316,2.4950240000000004
804646351.227269,2.664464
804646353.883399,2.576424
804646356.9059759,2.937816
804646359.546009,2.555004
804646362.004062,2.3780170000000003
804646364.463063,2.373603
804646366.5019209,1.9505569999999999
804646368.8868741,2.304325
804646371.2527131,2.2897960000000004
804646373.455873,2.1325049999999997
804646376.777653,3.237985
804646379.49492,2.636449
804646382.329881,2.7546939999999998
804646384.6277311,2.212818
804646386.99154,2.282705
804646389.499375,2.435095
804646391.997162,2.412508
804646394.361402,2.2455190000000003
804646396.852562,2.411019
804646399.099414,2.1615330000000004
804646401.73057,2.550955
804646404.3789771,2.5622610000000003
804646407.179428,2.715197
804646410.041983,2.782854
804646412.6286811,2.5007129999999997
804646415.30569,2.5923059999999998
804646418.0698961,2.68388
804646420.6729369,2.5181940000000003
804646423.399511,2.640809
804646426.178447,2.69912
804646428.943856,2.679955
804646431.954386,2.920901
804646434.855592,2.792719
804646437.7733259,2.833002
804646440.438071,2.5791899999999996
804646442.9754441,2.451623
804646445.682682,2.627243
804646448.213686,2.445294
804646450.9290581,2.630215
804646453.3834281,2.374303
804646455.96309,2.478481
804646458.950612,2.8722779999999997
804646461.374757,2.339487
804646463.8247011,2.383204
804646466.060617,2.172699
804646468.700549,2.554919
804646471.215475,2.428985
804646473.818882,2.523445
804646476.357418,2.4537080000000002
804646478.838154,2.395623
804646481.483053,2.564161
804646483.710635,2.142579
804646485.934814,2.143476
804646488.382969,2.363098
804646490.694136,2.226434
804646492.9859669,2.209901
804646495.336882,2.263045
804646497.923555,2.5068930000000003
804646500.804629,2.795755
804646503.320151,2.4247959999999997
804646505.738412,2.338695
804646508.1077441,2.283647
804646510.370703,2.177981
804646513.1310699,2.680447
804646515.57679,2.360421
804646518.00777,2.350808
804646520.447561,2.3540520000000003
804646523.3047249,2.771534
804646525.749452,2.3642950000000003
804646528.1251041,2.290588
804646530.380816,2.170234
804646533.103887,2.654586
804646535.512189,2.3273289999999998
804646537.7917819,2.199336
804646540.066559,2.1897539999999998
804646541.9722869,1.821116
804646544.9410751,2.894505
804646547.336031,2.310144
804646549.963685,2.547542
804646552.492468,2.443219
804646554.964163,2.386547
804646557.377517,2.333739
804646559.948569,2.486023
804646562.627903,2.56837
804646565.7063509,3.007784
804646568.1009619,2.3243029999999996
804646570.687685,2.501695
804646573.344812,2.5766050000000003
804646576.097081,2.664484
804646578.627483,2.444647
804646581.2874111,2.579305
804646583.690607,2.3173410000000003
804646585.9365621,2.16663
804646588.1092011,2.087692
804646590.493679,2.3007869999999997
804646592.942415,2.369112
804646595.433245,2.4056509999999998
804646598.0470109,2.5333930000000002
804646600.674349,2.550945
804646603.0755451,2.315391
804646605.425637,2.2664120000000003
804646607.4456359,1.948733
804646609.918053,2.4075070000000003
804646611.97792,1.974182
804646614.16196,2.07889
804646616.811805,2.564671
804646619.299893,2.400735
804646621.415635,2.035499
804646623.8740541,2.372384
804646626.962916,3.0092719999999997
804646629.4155871,2.382217
804646632.060671,2.5767849999999997
804646634.096427,1.950041
804646636.290616,2.114068
804646638.692995,2.315963
804646641.147495,2.373662
804646643.6530039,2.433527
804646646.0759261,2.336224
804646648.289074,2.127865
804646650.6533741,2.286419
804646652.729343,1.989522
804646654.659948,1.844736
804646656.852459,2.1081440000000002
804646658.931004,1.9924899999999999
804646661.037459,2.026955
804646662.9401339,1.818303
804646664.7740439,1.7545499999999998
804646667.0239431,2.1795809999999998
804646669.02799,1.924426
804646671.047452,1.947374
804646673.134647,2.0074490000000003
804646675.10962,1.890171
804646677.20962,2.017944
804646679.33073,2.050645
804646681.562085,2.152362
804646683.846254,2.21364
804646686.111579,2.1799459999999997
804646687.907445,1.706769
804646690.000424,2.012922
804646692.252147,2.176588
804646694.4855571,2.124632
804646696.611387,2.058573
804646698.890008,2.193062
804646701.304756,2.3387510000000002
804646703.352589,1.981619
804646705.812953,2.380458
804646707.75078,1.85283
804646709.926501,2.092437
804646711.957395,1.9590670000000001
804646714.255506,2.18792
804646716.582084,2.242447
804646718.962812,2.2956399999999997
804646721.074815,2.032282
804646723.280762,2.1215349999999997
804646725.526692,2.1808029999999996
804646727.529575,1.93465
804646729.505716,1.91132
804646731.555464,1.970955
804646733.655193,2.0343269999999998
804646735.7609609,2.021733
804646737.769258,1.928551
804646740.056148,2.202123
804646742.072182,1.932125
804646744.212546,2.0603380000000002
804646746.4419371,2.157835
804646748.391427,1.870265
804646750.968327,2.491636
804646753.099349,2.063068
804646755.5237939,2.339893
804646757.506626,1.902063
804646759.441782,1.850118
804646761.721706,2.201501
804646764.2516221,2.452611
804646766.558865,2.231827
804646768.7761619,2.1364650000000003
804646771.107857,2.253317
804646773.257046,2.069133
804646775.050407,1.708553
804646777.34322,2.212833
804646779.400195,1.9870819999999998
804646781.4012691,1.92203
804646783.3065511,1.8339750000000001
804646785.4551641,2.083647
804646787.610909,2.0561529999999997
804646789.728349,2.037469
804646792.36114,2.5479830000000003
804646794.552212,2.1056730000000003
804646797.119364,2.490368
804646799.67513,2.470973
804646802.1897401,2.434784
804646804.863872,2.58754
804646807.15399,2.204519
804646809.455384,2.221107
804646811.716749,2.176177
804646813.955146,2.158471
804646816.672042,2.631788
804646818.84645,2.088398
804646821.4668269,2.539378
804646823.912336,2.360491
804646826.159378,2.167451
804646828.712623,2.4687490000000003
804646831.034701,2.238844
804646833.275694,2.1615279999999997
804646835.5553421,2.195076
804646837.693761,2.058739
804646839.588057,1.810536
804646842.0788571,2.411104
804646844.360164,2.202754
804646846.6713101,2.225211
804646848.9538951,2.201902
804646850.670442,1.6319
804646852.11024,1.3770220000000002
804646854.1242851,1.948061
804646856.240773,2.0528750000000002
804646858.463684,2.156747
804646860.448946,1.9218250000000001
804646861.9504781,1.4349210000000001
804646863.63513,1.625019
804646865.8894039,2.194054
804646867.9954381,2.039594
804646870.38592,2.277569
804646872.455063,1.997576
804646874.528671,1.988385
804646877.154054,2.5580070000000004
804646879.499736,2.261606
804646881.8074391,2.236357
804646884.5702881,2.684867
804646887.026677,2.371668
804646889.846513,2.74031
804646892.924996,2.994007
804646895.2515191,2.2556070000000004
804646897.6704869,2.338651
804646900.487867,2.330441
804646902.952265,2.373837
804646905.901768,2.870043
804646908.359651,2.3735269999999997
804646910.445593,2.012782
804646912.8112861,2.304566
804646914.8746309,1.9974709999999998
804646916.952113,1.9980319999999998
804646919.183043,2.129889
804646921.399168,2.149244
804646923.346012,1.879426
804646925.631729,2.219122
804646927.582476,1.8843729999999999
804646929.5290581,1.883045
804646931.725904,2.1188890000000002
804646934.366508,2.569263
804646936.617234,2.164931
804646938.9716611,2.268632
804646941.342857,2.290373
804646943.433881,2.005144
804646945.8520371,2.338691
804646948.29089,2.3522119999999997
804646950.90415,2.528232
804646953.097337,2.113186
804646955.358257,2.175551
804646957.6253511,2.186857
804646959.787922,2.077247
804646962.0978501,2.229606
804646964.686668,2.503143
804646967.060395,2.2866039999999996
804646969.563113,2.42232
804646971.992083,2.3397330000000003
804646974.557752,2.44978
804646977.010072,2.373226
804646979.510049,2.414512
804646981.95198,2.362255
804646984.099561,2.061751
804646986.47623,2.291225
804646989.152972,2.596882
804646990.6603819,1.44093
804646992.445925,1.722526
804646994.823721,2.3116730000000003
804646996.869355,1.982135
804646999.082739,2.1461230000000002
804647001.9273981,2.7813019999999997
804647004.335565,2.335132
804647006.376753,1.9748690000000002
804647008.90731,2.46724
804647010.9349461,1.946483
804647012.854225,1.839809
804647015.2004781,2.259917
804647016.762441,1.4826979999999998
804647018.450752,1.603358
804647020.364859,1.8345069999999999
804647022.615099,2.165222
804647024.958539,1.8913630000000001
804647027.372155,2.333607
804647029.620475,2.168759
804647031.802521,2.105136
804647034.009209,2.127459
804647036.235894,2.129888
804647038.402725,2.0817330000000003
804647040.581893,2.10291
804647042.6641879,1.965931
804647044.69656,1.952301
804647046.867194,2.099509
804647049.194509,2.248151
804647051.744681,2.472785
804647054.210107,2.3803520000000002
804647056.580822,2.285562
804647059.001829,2.341618
804647062.015151,2.927707
804647064.694966,2.5850600000000004
804647067.042131,2.2624429999999998
804647069.5811831,2.461797
804647072.2749109,2.608594
804647074.629704,2.270026
804647076.992551,2.282716
804647079.655041,2.5925610000000003
804647082.097313,2.374835
804647084.5836071,2.401667
804647087.05212,2.383615
804647089.53021,2.399141
804647091.662886,2.04858
804647094.210031,2.46731
804647096.58636,2.2912850000000002
804647098.6239289,1.951765
804647101.128757,2.424977
804647103.73882,2.525926
804647106.360544,2.541493
804647109.1426821,2.697015
804647111.7563779,2.529976
804647114.263957,2.4279330000000003
804647116.896742,2.54694
804647119.336398,2.354226
804647121.603677,2.187418
804647124.04413,2.3552999999999997
804647126.927273,2.8036689999999997
804647129.556165,2.548699
804647132.225841,2.584102
804647134.91169,2.596987
804647137.620733,2.629458
804647140.637904,2.932469
804647143.112952,2.389699
804647145.846872,2.6550670000000003
804647148.668913,2.7373290000000003
804647151.343321,2.589049
804647154.281793,2.858827
804647156.955464,2.5711720000000002
804647159.831876,2.790132
804647162.348526,2.437405
804647165.1450729,2.703144
804647167.701591,2.471019
804647170.2123469,2.4320779999999997
804647172.748989,2.4585090000000003
804647175.273983,2.452315
804647177.742676,2.399984
804647180.2301979,2.403582
804647183.150759,2.836309
804647185.6768409,2.4597870000000004
804647188.365016,2.6259099999999997
804647190.9690089,2.5181679999999997
804647193.6796,2.631302
804647196.55697,2.7935149999999997
804647199.186383,2.544591
804647201.734412,2.4680180000000003
804647205.028677,3.208742
804647207.6335629,2.519371
804647210.34875,2.6355060000000003
804647213.120564,2.686836
804647215.903393,2.696885
804647218.913507,2.929837
804647221.646115,2.648542
804647224.25733,2.5256060000000002
804647227.07029,2.727476
804647229.5757641,2.42456
804647232.100438,2.440032
804647234.449458,2.264137
804647236.933958,2.404845
804647239.38938,2.369662
804647241.9607769,2.491952
804647244.730186,2.6847820000000002
804647247.51919,2.705816
804647250.787135,3.188985
804647254.1551319,3.2835199999999998
804647257.5733271,3.333212
804647260.170689,2.51215
804647262.584154,2.328456
804647265.407408,2.743042
804647268.1166509,2.625007
804647271.012494,2.8109900000000003
804647273.8834491,2.790884
804647276.6886361,2.719598
804647279.235847,2.4623090000000003
804647282.195013,2.8892879999999996
804647284.9985349,2.718621
804647287.688149,2.604705
804647290.270071,2.5013639999999997
804647292.782165,2.428249
804647295.6210649,2.753351
804647298.0368401,2.336505
804647300.358997,2.236764
804647303.012902,2.578088
804647304.950433,1.857736
804647307.246605,2.210814
804647309.903572,2.5777170000000003
804647312.15935,2.1699279999999996
804647314.5984089,2.3523870000000002
804647316.854171,2.17497
804647319.3271589,2.3873789999999997
804647321.593491,2.186471
804647323.883017,2.203716
804647326.622196,2.659407
804647329.15327,2.445053
804647331.441167,2.203291
804647333.93337,2.418852
804647336.321165,2.303002
804647338.848084,2.4420610000000003
804647340.873951,1.946151
804647343.634118,2.675074
804647346.3135821,2.610725
804647349.015289,2.617305
804647351.247752,2.147345
804647353.520855,2.21608
804647355.799119,2.194179
804647358.452693,2.5735620000000003
804647361.190568,2.652847
804647364.1562539,2.880768
804647366.900463,2.659758
804647369.414377,2.4338770000000003
804647372.1517609,2.6520699999999997
804647375.1502479,2.9124120000000002
804647378.399535,3.16907
804647381.753188,3.27895
804647385.072126,3.2346269999999997
804647388.404751,3.2559970000000003
804647391.690607,3.202577
804647394.3718699,2.6019989999999997
804647396.720945,2.264312
804647399.363077,2.571688
804647402.011574,2.568957
804647404.70025,2.602956
804647407.281726,2.492158
804647409.710496,2.3492349999999997
804647412.491126,2.695306
804647415.00708,2.430485
804647417.433189,2.34686
804647419.9277021,2.408849
804647422.4709741,2.418001
804647424.819152,2.263911
804647427.319243,2.425824
804647429.694028,2.295379
804647432.064051,2.298086
804647433.550693,1.402084
804647435.375422,1.74584
804647436.917693,1.463442
804647438.800547,1.814119
804647441.092258,2.226429
804647443.373982,2.1971220000000002
804647445.593886,2.1397120000000003
804647447.897329,2.218426
804647450.198943,2.2304540000000004
804647452.2685671,1.999361
804647454.45994,2.1062440000000002
804647456.683432,2.143466
804647458.920712,2.1220969999999997
804647461.019749,2.018775
804647463.1897321,2.0826339999999997
804647465.102867,1.846214
804647467.47244,2.305714
804647469.29141,1.752445
804647470.948679,1.563751
804647472.1927711,1.181131
804647473.831346,1.5756839999999999
804647475.894079,1.985915
804647478.249894,2.27614
804647480.3789071,2.0448570000000004
804647482.7309179,2.290658
804647485.496593,2.710071
804647487.926707,2.3461290000000004
804647490.674726,2.6394
804647493.749315,2.990693
804647495.9430679,2.1039589999999997
804647498.753737,2.70345
804647501.931211,3.0937479999999997
804647504.316455,2.3010230000000003
804647506.967819,2.566692
804647509.530101,2.482516
804647512.178853,2.5628629999999997
804647514.8467499,2.583295
804647517.476223,2.548639
804647519.8303139,2.268346
804647522.498632,2.5881060000000002
804647524.610079,2.0259929999999997
804647526.454183,1.768468
804647528.779096,2.257787
804647530.984045,2.119275
804647533.4612191,2.397337
804647535.9520041,2.401347
804647538.2965331,2.2330240000000003
804647540.457129,2.0744000000000002
804647542.629607,2.086855
804647545.4142411,2.704958
804647548.088187,2.556829
804647550.304433,2.129619
804647552.669454,2.287055
804647554.960279,2.212717
804647557.313273,2.273309
804647559.2992879,1.900445
804647562.000307,2.63285
804647564.358157,2.271604
804647566.540774,2.0979039999999998
804647568.56629,1.949079
804647570.8358201,2.185679
804647573.2401531,2.321405
804647575.849299,2.52279
804647578.054248,2.1242769999999997
804647580.254326,2.120166
804647582.372493,2.039188
804647584.592818,2.143621
804647586.602878,1.946888
804647589.091368,2.408007
804647591.514846,2.338716
804647593.795667,2.2010850000000004
804647596.125156,2.243754
804647598.803167,2.592687
804647601.8276589,2.944185
804647604.317587,2.405446
804647607.065185,2.6631110000000002
804647609.758346,2.612965
804647612.401922,2.555941
804647614.9069799,2.420055
804647617.616579,2.62856
804647620.360002,2.6583
804647623.199438,2.755141
804647626.082466,2.803297
804647629.161701,2.994628
804647632.132188,2.8849430000000003
804647634.577101,2.360246
804647637.042601,2.385299
804647640.0769521,2.9490380000000003
804647642.7427901,2.579632
804647645.804038,2.981633
804647648.402513,2.511904
804647651.019431,2.5320859999999996
804647653.576476,2.473134
804647656.347082,2.684386
804647658.864639,2.432725
804647661.453202,2.492629
804647663.781734,2.243353
804647666.4132359,2.550428
804647668.793363,2.295399
804647671.320061,2.4416059999999997
804647674.007253,2.606524
804647676.496816,2.4049549999999997
804647678.982258,2.4157200000000003
804647681.509928,2.446336
804647684.228749,2.6337270000000004
804647686.7105631,2.396611
804647689.717991,2.931572
804647692.145844,2.34248
804647694.6090599,2.378408
804647696.8373281,2.165091
804647699.0177901,2.114363
804647701.092682,2.0118150000000004
804647703.900915,2.7230760000000003
804647706.230731,2.251568
804647708.503398,2.187619
804647710.694851,2.063841
804647712.66583,1.890908
804647715.0513251,2.308987
804647717.221217,2.090112
804647719.3631951,2.058839
804647721.92733,2.497255
804647723.969285,1.9673260000000001
804647726.243485,2.186997
804647727.63696,1.3293650000000001
804647729.004389,1.30325
804647730.75922,1.68563
804647733.007455,2.168589
804647735.144802,2.046174
804647736.643507,1.433322
804647738.247827,1.5295370000000001
804647740.206172,1.878038
804647742.513289,2.2226310000000002
804647745.021915,2.4224810000000003
804647748.0750741,2.968422
804647750.998923,2.837522
804647753.6210691,2.54223
804647756.4641991,2.759726
804647759.159049,2.609646
804647761.730236,2.491752
804647763.958685,2.147505
804647766.659894,2.593815
804647768.958441,2.212903
804647771.369009,2.324884
804647773.323124,1.874314
804647775.6102,2.2113039999999997
804647777.891482,2.201461
804647779.716437,1.740007
804647781.84591,2.051171
804647783.9264799,2.0134480000000003
804647785.933683,1.900054
804647788.064274,2.0466059999999997
804647789.6579599,1.5248
804647791.451687,1.714277
804647793.534847,2.003811
804647795.5712091,1.946618
804647797.232011,1.581553
804647798.935423,1.627705
804647800.53585,1.520731
804647802.796889,2.192164
804647805.140702,2.269404
804647807.473754,2.2036960000000003
804647809.705816,2.152888
804647812.192386,2.4019530000000002
804647814.4797369,2.203381
804647816.5947919,2.0392230000000002
804647818.7607701,2.080545
804647821.0195,2.178693
804647823.272291,2.1794000000000002
804647825.481505,2.1291230000000003
804647827.7570289,2.146754
804647829.928299,2.0910889999999998
804647832.134572,2.0789060000000004
804647834.396854,2.176147
804647836.6959369,2.2196379999999998
804647838.904064,2.127519
804647841.108592,2.125434
804647843.549796,2.3565370000000003
804647845.785933,2.156737
804647847.878612,2.013328
804647850.1222309,2.162851
804647852.3605831,2.1539699999999997
804647854.941222,2.49527
804647857.328661,2.307699
804647859.79343,2.3784829999999997
804647862.1024461,2.226299
804647864.8684009,2.680006
804647867.615544,2.661573
804647870.052097,2.3563159999999996
804647872.50769,2.3705089999999998
804647874.600428,2.007469
804647877.0873979,2.42446
804647879.5259869,2.353721
804647881.96,2.350012
804647884.199795,2.155259
804647885.9004201,1.6263370000000001
804647887.4442201,1.435918
804647888.910694,1.3873959999999999
804647890.607896,1.613337
804647892.728639,2.0561730000000003
804647894.540954,1.732254
804647896.442627,1.835819
804647898.260344,1.73971
804647900.981596,2.647845
804647903.410692,2.354067
804647905.874925,2.401598
804647908.240058,2.298282
804647910.457205,2.131323
804647913.140503,2.6037679999999996
804647915.317031,2.0935189999999997
804647917.36746,1.971115
804647919.476867,2.02483
804647921.393455,1.8379189999999999
804647923.533102,2.027135
804647925.581341,1.9678170000000001
804647927.849062,2.183374
804647929.9087781,1.979744
804647932.1074669,2.117757
804647934.345959,2.1540850000000002
804647936.612547,2.188069
804647938.562398,1.864898
804647941.138211,2.495716
804647943.341651,2.1176060000000003
804647945.62803,2.206102
804647948.032323,2.3202380000000002
804647950.413783,2.295099
804647952.6391101,2.1453650000000004
804647954.9154,2.1910670000000003
804647957.428427,2.426581
804647959.823785,2.310209
804647962.088072,2.184311
804647964.742598,2.569688
804647967.265568,2.4340680000000003
804647970.1463151,2.798933
804647972.6190181,2.38577
804647974.810155,2.105683
804647977.041846,2.152558
804647979.217648,2.089886
804647981.845778,2.548364
804647984.164597,2.232654
804647986.548689,2.299068
804647989.247473,2.61557
804647991.634295,2.3011880000000002
804647993.835806,2.120758
804647996.5098679,2.589565
804647998.826442,2.2314309999999997
804648001.3831049,2.478746
804648003.769837,2.300572
804648006.375139,2.5348279999999996
804648008.8999931,2.439366
804648011.508352,2.524237
804648014.206534,2.612704
804648016.862654,2.572379
804648019.4524491,2.504718
804648021.845531,2.313482
804648024.275334,2.344669
804648027.0291309,2.6685290000000004
804648029.648861,2.540159
804648032.4351901,2.700855
804648034.63843,2.118828
804648036.857672,2.150287
804648039.372157,2.429347
804648042.012725,2.560793
804648044.83622,2.738296
804648047.25205,2.331259
804648050.035748,2.701395
804648052.811726,2.6948100000000004
804648055.537042,2.639767
804648058.430815,2.814845
804648060.877181,2.360862
804648063.50272,2.5415680000000003
804648066.142156,2.560572
804648068.585119,2.35784
804648071.036136,2.3666300000000002
804648073.490962,2.372454
804648075.8719519,2.296538
804648077.859339,1.907547
804648080.4716771,2.5305969999999998
804648082.866899,2.3099230000000004
804648085.3519961,2.4053109999999998
804648087.785663,2.348875
804648090.021709,2.155865
804648092.3091409,2.202794
804648094.4105691,2.031385
804648096.6694131,2.178277
804648099.040915,2.2846889999999997
804648101.52088,2.4002440000000003
804648103.741089,2.135849
804648106.019304,2.214191
804648107.968534,1.863169
804648110.075915,1.999145
804648112.298636,2.137782
804648114.347597,1.963672
804648116.273431,1.8467609999999999
804648118.368189,2.026263
804648120.3848691,1.953579
804648199.082376,78.60006
804648203.339018,4.170982
804648207.518154,4.098774000000001
804648211.022769,3.4191960000000003
804648213.625469,2.522017
804648215.800639,2.0894049999999997
804648218.37356,2.493561
804648221.1078371,2.6481410000000003
804648223.87891,2.686055
804648226.622909,2.6644989999999997
804648229.1530149,2.4444269999999997
804648231.705118,2.480967
804648233.7258731,1.940684
804648236.252731,2.440919
804648238.795923,2.457903
804648241.2833849,2.422126
804648243.7091141,2.333148
804648246.010387,2.2210419999999997
804648248.129893,2.034212
804648249.546717,1.353672
804648251.777872,2.15167
804648253.870159,2.0255360000000002
804648256.274452,2.319406
804648258.6560471,2.296682
804648261.472345,2.736211
804648264.071692,2.514144
804648266.843903,2.685934
804648269.559041,2.63448
804648272.277094,2.633482
804648274.898618,2.535765
804648277.397412,2.419448
804648279.7181,2.2345479999999998
804648281.996621,2.19875
804648284.4303321,2.347782
804648286.534923,2.0190960000000002
804648288.817623,2.203601
804648291.492291,2.586016
804648294.321353,2.744986
804648296.8997021,2.493382
804648299.3441341,2.357815
804648302.01167,2.593434
804648304.574077,2.494684
804648306.838896,2.1803719999999998
804648309.070061,2.15115
804648311.356626,2.197702
804648314.317695,2.881359
804648317.040826,2.638353
804648319.976747,2.850387
804648322.790043,2.705384
804648325.664441,2.788638
804648327.962,2.163247
804648331.098384,3.026407
804648333.592827,2.408649
804648335.8213611,2.16202
804648337.894694,1.9931860000000001
804648340.5217509,2.544209
804648342.538437,1.949274
804648344.859321,2.257767
804648346.84323,1.917996
804648349.083928,2.160907
804648351.5112439,2.353936
804648353.463992,1.888798
804648355.8377899,2.2839739999999997
804648358.325818,2.4150780000000003
804648360.561413,2.150678
804648362.670484,2.026533
804648364.8246701,2.073999
804648367.052748,2.126837
804648369.1504021,2.034708
804648371.4679691,2.2322179999999996
804648373.981587,2.433411
804648377.266887,3.157457
804648380.070154,2.7172720000000004
804648382.696304,2.547953
804648384.619683,1.860131
804648387.2267579,2.521647
804648389.508471,2.201967
804648390.888374,1.313213
804648392.079011,1.127621
804648393.928267,1.782495
804648396.245944,2.2546150000000003
804648398.248392,1.9169289999999999
804648400.194163,1.8766500000000002
804648402.3793061,2.1001499999999997
804648404.362183,1.905842
804648406.571402,2.130821
804648408.951153,2.300576
804648411.0901589,2.054293
804648413.065463,1.89628
804648415.123229,1.982256
804648417.25339,2.057963
804648419.3582361,2.038437
804648421.52867,2.106625
804648423.471639,1.877021
804648424.913612,1.379272
804648427.2555,2.27614
804648429.515988,2.181915
804648431.520305,1.918316
804648433.690047,2.08947
804648435.93302,2.139106
804648438.0489819,2.054298
804648439.446952,1.3304580000000001
804648441.214314,1.69607
804648443.03178,1.788409
804648444.752724,1.6577339999999998
804648446.602128,1.81569
804648447.9937321,1.3226449999999998
804648449.277576,1.236928
804648451.241773,1.925499
804648452.509205,1.23007
804648454.471141,1.916406
804648455.6334449,1.1269559999999998
804648457.8722999,2.207482
804648459.829425,1.9184409999999998
804648462.4029471,2.539561
804648464.487602,2.0254309999999998
804648466.520592,1.975593
804648468.770892,2.204042
804648470.736883,1.918548
804648472.851129,2.059609
804648474.90197,2.003123
804648476.982909,2.025194
804648479.2609,2.21768
804648481.454606,2.1486579999999997
804648483.514205,2.002163
804648485.584706,2.0161990000000003
804648487.7262549,2.083927
804648490.021026,2.241032
804648492.2446721,2.129009
804648494.281747,1.9826879999999998
804648496.276588,1.93116
804648498.610575,2.2661729999999998
804648501.2893881,2.612872
804648503.490205,2.133255
804648511.525766,7.981222
804648513.368363,1.78912
804648514.868696,1.4465400000000002
804648516.549766,1.630922
804648518.344217,1.731608
804648520.270023,1.861832
804648521.903652,1.590473
804648523.347328,1.377723
804648525.590782,2.183976
804648527.759741,2.080882
804648529.606912,1.780251
804648531.7101669,2.038938
804648533.750913,1.9935679999999998
804648535.763217,1.9541680000000001
804648537.854213,2.038487
804648539.767521,1.855167
804648541.893834,2.067151
804648544.165581,2.197038
804648546.140417,1.900075
804648548.424886,2.194704
804648550.5382481,2.0344209999999996
804648552.5269281,1.922126
804648554.455433,1.8593410000000001
804648556.362051,1.847183
804648558.355109,1.9302970000000002
804648560.413597,1.9812589999999999
804648562.623668,2.139011
804648564.882377,2.197222
804648566.630027,1.659158
804648568.191839,1.5005190000000002
804648570.360233,2.097333
804648571.942502,1.505275
804648574.03722,1.990726
804648575.786713,1.667036
804648577.3969369,1.531416
804648578.961851,1.493212
804648581.353395,2.313326
804648583.7441369,2.307137
804648586.345248,2.524357
804648588.623257,2.1948760000000003
804648591.115331,2.4080120000000003
804648593.8058411,2.606118
804648596.616776,2.726077
804648599.291048,2.603212
804648602.0815899,2.71188
804648604.650742,2.485537
804648607.051658,2.317822
804648609.1419849,2.020901
804648611.525671,2.301229
804648612.947903,1.359275
804648614.383811,1.3696139999999999
804648616.1455281,1.699021
804648618.8869959,2.6566110000000003
804648621.64335,2.675701
804648624.034763,2.306039
804648626.807735,2.6850020000000003
804648629.241773,2.3538259999999998
804648631.764552,2.436524
804648634.605993,2.76128
804648637.815572,3.12459
804648640.635192,2.736321
804648643.417701,2.696534
804648646.034574,2.537363
804648648.342162,2.222931
804648650.830086,2.416933
804648653.8144,2.887474
804648656.442014,2.543107
804648658.6810471,2.154105
804648660.687389,1.9274330000000002
804648662.948709,2.1900399999999998
804648665.201064,2.188256
804648667.4238089,2.158831
804648669.633424,2.152988
804648671.9439241,2.247373
804648674.389774,2.322703
804648676.746672,2.277914
804648678.702361,1.8707909999999999
804648681.277613,2.499906
804648683.337981,1.9752189999999998
804648685.569933,2.153349
804648687.796582,2.154942
804648689.31366,1.4376129999999998
804648691.039423,1.6418979999999999
804648693.30809,2.190516
804648695.4770659,2.0847740000000003
804648697.6549569,2.0987470000000004
804648699.808907,2.069614
804648701.740856,1.8530300000000002
804648703.9138501,2.0868789999999997
804648706.1336701,2.1542570000000003
804648708.156109,1.938299
804648710.448061,2.221753
804648712.5729891,2.0370779999999997
804648715.1475179,2.489723
804648717.490509,2.263175
804648720.044676,2.468798
804648722.4432759,2.3131660000000003
804648725.32689,2.8003709999999997
804648728.032105,2.616784
804648730.701911,2.58332
804648733.2341831,2.451814
804648735.355803,2.035134
804648737.629617,2.1941439999999997
804648740.2849851,2.570862
804648743.105864,2.740191
804648745.59675,2.410207
804648747.542701,1.8703450000000001
804648750.2394949,2.629222
804648752.935192,2.6097669999999997
804648755.803004,2.781747
804648758.068108,2.185033
804648760.302396,2.148287
804648762.748116,2.373161
804648765.237808,2.410167
804648767.756873,2.430163
804648770.0699799,2.233336
804648772.2898841,2.133403
804648774.7667209,2.399031
804648776.7473781,1.910132
804648779.203607,2.3713670000000002
804648781.491068,2.207064
804648784.198342,2.621755
804648786.746074,2.4618819999999997
804648789.497822,2.6713750000000003
804648791.959995,2.375907
804648794.5160019,2.442307
804648797.22098,2.6199209999999997
804648799.667953,2.359143
804648802.35096,2.603637
804648804.784652,2.345352
804648807.2626319,2.393444
804648809.465647,2.123645
804648812.1809549,2.629783
804648814.498636,2.233055
804648816.7983861,2.2191720000000004
804648819.0162851,2.132531
804648821.648905,2.552649
804648824.202517,2.468378
804648826.5385059,2.2494720000000004
804648829.325997,2.707289
804648832.051478,2.6412649999999998
804648834.8051089,2.6690300000000002
804648837.583384,2.698574
804648840.2962611,2.6263110000000003
804648843.211835,2.843671
804648845.924025,2.6321589999999997
804648848.438986,2.4297429999999998
804648850.814633,2.3003709999999997
804648853.076369,2.198795
804648855.250531,2.107603
804648857.231439,1.9009070000000001
804648859.6230329,2.327766
804648861.625992,1.934881
804648863.8760511,2.180352
804648866.042536,2.08715
804648868.249685,2.1219059999999996
804648870.510128,2.175631
804648872.678146,2.088969
804648875.175857,2.412969
804648877.9318651,2.6770639999999997
804648880.674561,2.66477
804648883.297489,2.538912
804648885.841568,2.479564
804648888.074331,2.147711
804648890.249361,2.0889189999999997
804648892.455022,2.1089160000000002
804648894.301652,1.759788
804648896.585225,2.2153590000000003
804648898.549639,1.87897
804648900.654289,2.021117
804648902.725091,1.9864000000000002
804648904.961273,2.156436
804648907.270926,2.18172
804648909.611501,2.260433
804648911.647632,1.950812
804648913.662132,1.8992779999999998
804648916.121659,2.374348
804648918.5407571,2.333228
804648920.821529,2.20513
804648922.96505,2.0558170000000002
804648925.4767879,2.429106
804648927.843143,2.280956
804648930.339135,2.416452
804648932.622126,2.198404
804648934.969326,2.261821
804648937.0240749,1.985358
804648939.3802719,2.294292
804648941.403764,1.9600989999999998
804648943.420199,1.9505270000000001
804648945.4114561,1.92829
804648947.3513681,1.8739640000000002
804648949.366049,1.95178
804648951.748356,2.316379
804648953.7504181,1.938849
804648955.840073,2.024003
804648957.849086,1.946096
804648959.9101601,1.995466
804648962.227717,2.2543200000000003
804648964.2314581,1.938023
804648966.202984,1.906173
804648968.177842,1.911772
804648970.162213,1.918452
804648972.106049,1.88124
804648973.73877,1.566948
804648975.555325,1.753543
804648977.99034,2.350598
804648980.128924,2.0527599999999997
804648982.099964,1.886357
804648984.0482,1.868832
804648986.071452,1.939045
804648988.1936139,2.042065
804648990.137705,1.8596750000000002
804648991.8436071,1.6262869999999998
804648993.788316,1.871367
804648995.7781041,1.903863
804648997.8812461,2.0206299999999997
804649000.2567871,2.303308
804649002.29159,1.964309
804649003.898286,1.540152
804649005.869827,1.89196
804649007.728245,1.768714
804649009.724573,1.916418
804649011.8303111,2.020435
804649013.940415,2.0291900000000003
804649016.125683,2.101729
804649018.172353,1.961768
804649020.141624,1.888151
804649022.2869091,2.058317
804649024.4143131,2.048435
804649026.54522,2.056609
804649028.5380651,1.9102080000000001
804649030.4828041,1.856363
804649032.679689,2.113962
804649034.652673,1.901572
804649036.6415141,1.908739
804649038.8226981,2.095169
804649041.4417361,2.5388759999999997
804649043.340898,1.815196
804649045.508405,2.087771
804649047.2701069,1.676604
804649049.203243,1.848074
804649051.3978139,2.10655
804649053.471778,1.994465
804649055.856902,2.299013
804649058.103278,2.1774950000000004
804649060.608967,2.393082
804649063.13782,2.442712
804649065.622731,2.404825
804649068.6124431,2.903731
804649071.161563,2.464207
804649074.1238561,2.881249
804649076.700425,2.490779
804649079.5850929,2.798532
804649082.181819,2.516474
804649084.792553,2.525966
804649087.281363,2.4035710000000003
804649089.6091031,2.260709
804649091.863161,2.168945
804649094.8154509,2.8836399999999998
804649097.532894,2.63251
804649100.469211,2.851069
804649103.11617,2.557495
804649105.4856169,2.289962
804649108.1885611,2.617399
804649110.730514,2.456124
804649113.146074,2.319461
804649116.114801,2.883825
804649118.866388,2.666795
804649121.226449,2.280164
804649123.610761,2.298993
804649126.7245309,3.033769
804649129.898006,3.088552
804649132.278413,2.2954350000000003
804649134.8632569,2.499836
804649137.663903,2.72081
804649140.700013,2.9508609999999997
804649143.883616,3.097106
804649146.674695,2.711163
804649149.742468,2.9818179999999996
804649152.813404,2.985161
804649155.5811939,2.682492
804649158.7150661,3.053771
804649161.331884,2.531459
804649163.852358,2.436503
804649166.309158,2.37675
804649168.941182,2.546444
804649171.333688,2.3070619999999997
804649173.643832,2.230283
804649176.039616,2.309478
804649178.9026021,2.775994
804649181.393206,2.4100070000000002
804649184.061825,2.583174
804649186.928606,2.781562
804649189.473081,2.464133
804649192.0986891,2.540165
804649194.8586711,2.6741159999999997
804649197.359339,2.420481
804649199.854037,2.409225
804649202.567125,2.6333670000000002
804649205.1406621,2.487406
804649207.852978,2.620317
804649210.567018,2.6341189999999997
804649213.005275,2.353781
804649215.508338,2.431452
804649218.1586391,2.57032
804649220.6871771,2.444547
804649223.1696869,2.396235
804649225.214133,1.9650560000000001
804649227.701896,2.402018
804649230.197547,2.41598
804649232.390518,2.108093
804649235.109339,2.632494
804649237.6835929,2.4937869999999998
804649240.427447,2.658431
804649243.014962,2.502021
804649245.602643,2.504953
804649248.084106,2.396215
804649251.125081,2.954594
804649254.353589,3.147829
804649257.4112141,2.983121
804649260.427051,2.932332
804649262.791782,2.2793769999999998
804649264.98744,2.115711
804649267.3358331,2.262564
804649269.674198,2.258645
804649272.559111,2.799654
804649275.574848,2.5729960000000003
804649278.231032,2.576515
804649281.0109,2.695075
804649283.850181,2.753311
804649286.409346,2.479123
804649289.121201,2.626687
804649291.919832,2.713564
804649294.761243,2.7601620000000002
804649296.9991491,2.151925
804649299.662125,2.578509
804649302.495226,2.7526949999999997
804649305.126769,2.546213
804649307.690358,2.478651
804649310.038125,2.267104
804649312.775956,2.653123
804649315.191711,2.331544
804649317.894634,2.6236990000000002
804649320.535864,2.556267
804649322.981163,2.360496
804649325.578912,2.516369
804649328.429449,2.776429
804649331.092339,2.578975
804649333.901059,2.728614
804649336.426615,2.440949
804649339.025171,2.512921
804649341.565346,2.46071
804649343.935179,2.284329
804649346.200749,2.156265
804649348.684091,2.397538
804649350.882195,2.11291
804649353.322713,2.360531
804649355.63612,2.228514
804649357.9887229,2.227392
804649360.3059479,2.232123
804649362.307719,1.9168290000000001
804649364.166011,1.794674
804649366.334095,2.0870699999999998
804649368.438305,2.034021
804649370.958413,2.447173
804649373.321119,2.275082
804649376.046941,2.6397209999999998
804649378.819447,2.6854430000000002
804649380.947336,2.047387
804649383.3384689,2.306866
804649385.9567,2.5382249999999997
804649388.233452,2.187824
804649390.419382,2.101985
804649392.605989,2.1073020000000002
804649395.145542,2.46108
804649397.618796,2.393132
804649400.281456,2.236994
804649402.8453209,2.479017
804649405.745744,2.820627
804649408.566848,2.736236
804649411.443887,2.794406
804649414.484517,2.961235
804649417.0348611,2.46521
804649419.5812451,2.47595
804649422.051442,2.391228
804649424.589602,2.453077
804649427.242339,2.579641
804649429.754915,2.431857
804649432.550434,2.71008
804649434.96874,2.333784
804649437.373484,2.326291
804649440.0809879,2.636249
804649442.575788,2.408719
804649445.0554471,2.400309
804649447.516372,2.3762179999999997
804649450.170522,2.574139
804649452.4841039,2.227958
804649455.4087391,2.839531
804649457.961453,2.473534
804649460.816746,2.770286
804649463.58209,2.680141
804649466.404106,2.741904
804649468.9416951,2.451042
804649471.464445,2.437933
804649473.901855,2.373968
804649476.605345,2.617019
804649479.226233,2.53626
804649481.674599,2.3689660000000003
804649484.149912,2.3964
804649486.9186441,2.678321
804649489.834278,2.835106
804649492.383459,2.463612
804649494.9103479,2.441319
804649497.452623,2.461983
804649500.385752,2.847325
804649503.305366,2.8348370000000003
804649506.889347,3.5246969999999997
804649508.913615,1.9575230000000001
804649511.141202,2.142428
804649513.3446671,2.123565
804649515.894154,2.463987
804649518.122267,2.147946
804649520.628497,2.420391
804649523.245832,2.54673
804649525.9191769,2.593975
804649528.331379,2.32726
804649531.0923331,2.676001
804649533.746648,2.580479
804649536.334634,2.515021
804649538.6906949,2.270256
804649541.268487,2.4973650000000003
804649543.9911569,2.637877
804649546.505357,2.3947510000000003
804649549.002823,2.4177299999999997
804649551.87473,2.7875259999999997
804649554.476733,2.522153
804649556.8797129,2.319045
804649559.378492,2.413004
804649561.912502,2.4537080000000002
804649564.161759,2.164129
804649566.859967,2.6118959999999998
804649569.344788,2.4048089999999998
804649571.603307,2.172834
804649574.057231,2.3737570000000003
804649576.30477,2.162801
804649578.707339,2.326908
804649581.138304,2.351671
804649583.5075209,2.282976
804649585.709894,2.087595
804649587.923864,2.1301900000000002
804649590.223413,2.141476
804649592.883633,2.580033
804649594.96328,1.953845
804649597.035786,1.991803
804649599.167164,2.062513
804649601.313823,2.025116
804649603.546581,2.148418
804649605.712029,2.0850299999999997
804649607.7459489,1.948993
804649609.862803,2.038366
804649611.872297,1.924301
804649614.128486,2.1820120000000003
804649616.60568,2.393323
804649618.011513,1.330969
804649619.227886,1.153135
804649621.200459,1.897327
804649623.246167,1.9794539999999998
804649625.866979,2.5577210000000004
804649628.69519,2.742882
804649631.435666,2.6558089999999996
804649634.328146,2.774947
804649636.666531,2.247454
804649638.06393,1.308307
804649640.042447,1.91134
804649642.085549,1.957443
804649644.22245,2.05727
804649646.350736,2.043248
804649648.19301,1.761622
804649649.934726,1.656497
804649651.8986391,1.8805390000000002
804649653.930003,1.9516850000000001
804649656.183851,2.167356
804649658.406197,2.136606
804649660.236153,1.74993
804649662.6753321,2.368741
804649664.9528761,2.197728
804649667.152507,2.114364
804649669.338512,2.106199
804649671.636558,2.2277270000000002
804649673.538547,1.8242779999999998
804649675.8245851,2.1988
804649678.400203,2.495161
804649680.651204,2.166064
804649682.9320201,2.195141
804649685.370523,2.3578
804649687.857759,2.401672
804649689.931443,1.9943690000000003
804649692.629896,2.613841
804649695.223836,2.508821
804649697.5431011,2.23957
804649699.836231,2.2072900000000004
804649702.1558219,2.238863
804649704.948515,2.707345
804649707.397062,2.362932
804649709.952397,2.474928
804649712.467693,2.429142
804649715.282703,2.729791
804649717.741182,2.379075
804649720.1995261,2.371457
804649722.394393,2.129068
804649724.077221,1.6197270000000001
804649725.709141,1.564543
804649727.453122,1.680618
804649729.459213,1.942709
804649731.498531,1.973219
804649733.812645,2.250765
804649735.525528,1.6464839999999998
804649737.062151,1.47316
804649738.6520729,1.526659
804649740.8804171,2.148142
804649742.927694,1.9615879999999999
804649745.158258,2.150903
804649747.247964,2.020915
804649750.150973,2.8231089999999996
804649753.057466,2.822091
804649755.297858,2.15577
804649757.51704,2.1388599999999998
804649759.781919,2.1792439999999997
804649762.4483081,2.586889
804649765.1739099,2.639787
804649767.657783,2.397492
804649769.9029061,2.165432
804649772.4892329,2.502617
804649775.1210009,2.5452410000000003
804649776.9849911,1.783753
804649778.8870801,1.815192
804649780.296036,1.348024
804649782.2292421,1.851998
804649783.901622,1.5930440000000001
804649785.981149,1.9998759999999998
804649787.956193,1.88762
804649790.016821,1.956766
804649791.752497,1.6514259999999998
804649793.850983,2.018636
804649796.042531,2.106074
804649797.984568,1.854729
804649800.261881,2.198649
804649802.20465,1.857791
804649804.307055,2.019046
804649806.2067491,1.8150060000000001
804649808.035367,1.749775
804649810.262818,2.140685
804649812.196817,1.8544880000000001
804649814.491359,2.2081470000000003
804649816.987922,2.419604
804649819.405056,2.3240510000000003
804649821.975892,2.490755
804649824.255319,2.167192
804649826.830446,2.489607
804649829.779869,2.868961
804649832.809654,2.944205
804649835.379673,2.485527
804649837.97683,2.5168809999999997
804649840.841295,2.7800979999999997
804649843.147475,2.2210620000000003
804649845.324424,2.080499
804649848.128002,2.715067
804649850.382952,2.171021
804649852.941876,2.4786610000000002
804649855.7254881,2.698775
804649858.320936,2.515983
804649860.744144,2.3385200000000004
804649863.324101,2.494533
804649865.840676,2.4373099999999996
804649868.1313189,2.205295
804649870.8611909,2.643862
804649873.55305,2.612288
804649876.994247,3.356947
804649880.0656639,2.986298
804649882.697728,2.54669
804649885.33563,2.558312
804649887.565211,2.144618
804649889.875536,2.229822
804649892.289917,2.329253
804649894.3968431,2.0192270000000003
804649896.861006,2.383289
804649899.0634401,2.116368
804649901.918393,2.7751870000000003
804649904.4304869,2.4264550000000003
804649906.714736,2.198519
804649909.4765719,2.682045
804649911.751554,2.190024
804649914.113734,2.282399
804649916.788658,2.589565
804649919.060964,2.187333
804649921.5673649,2.425643
804649923.9373131,2.303799
804649926.6450479,2.598061
804649928.822248,2.092021
804649931.1100351,2.202258
804649933.398679,2.208833
804649935.7122109,2.228584
804649938.202755,2.410738
804649940.441904,2.154441
804649942.47823,1.9636829999999998
804649944.854193,2.2967880000000003
804649947.179838,2.2491770000000004
804649950.0486729,2.788729
804649952.5921761,2.458284
804649955.055317,2.376544
804649957.533387,2.3976230000000003
804649960.2881609,2.668619
804649963.0097829,2.636408
804649965.612313,2.521887
804649967.216398,1.5372949999999999
804649968.427037,1.1471660000000001
804649970.422243,1.929573
804649972.63525,2.133759
804649974.959453,2.240011
804649977.382205,2.342791
804649979.918896,2.452395
804649982.379465,2.4029
804649984.6879561,2.223011
804649986.741808,1.9684279999999998
804649989.022543,2.2148570000000003
804649990.68087,1.592568
804649992.599181,1.85554
804649994.439487,1.774707
804649995.855449,1.35276
804649998.274923,2.3405299999999998
804650001.014176,2.653855
804650003.146857,2.048315
804650005.186221,1.9599840000000002
804650007.401464,2.129087
804650009.5835301,2.102044
804650011.799484,2.1297040000000003
804650013.657726,1.7859690000000001
804650016.1060021,2.3587170000000004
804650018.4816991,2.289732
804650020.7435501,2.181966
804650023.211236,2.3822010000000002
804650025.813611,2.522669
804650028.312299,2.4129490000000002
804650030.924211,2.526573
804650033.252001,2.246681
804650035.825654,2.488159
804650037.948397,2.042712
804650040.462161,2.4281200000000003
804650042.649714,2.102375
804650045.097053,2.3673420000000003
804650047.775008,2.592742
804650050.082767,2.227577
804650052.338248,2.170644
804650054.863122,2.440042
804650057.238719,2.2912150000000002
804650059.8182501,2.494107
804650062.453732,2.554453
804650065.1968149,2.6579889999999997
804650067.944202,2.663136
804650070.623045,2.570791
804650073.099912,2.3922499999999998
804650075.8640931,2.6794689999999997
804650078.5485339,2.60486
804650081.0791861,2.444773
804650083.864617,2.700357
804650086.316421,2.356433
804650088.9524599,2.550885
804650091.655298,2.617845
804650094.23498,2.496743
804650096.446339,2.1264510000000003
804650098.595578,2.0637149999999997
804650101.1264759,2.4512430000000003
804650103.605729,2.393919
804650106.188724,2.503109
804650108.71414,2.428931
804650111.330051,2.530498
804650113.732795,2.322933
804650116.486221,2.66472
804650119.166011,2.5944610000000004
804650121.52774,2.281212
804650124.235575,2.6216500000000003
804650127.4367241,3.116266
804650130.8362751,3.319224
804650133.4319389,2.51023
804650135.663931,2.146533
804650137.965511,2.221473
804650140.045048,1.9940779999999998
804650142.812076,2.681088
804650145.227179,2.334606
804650147.974928,2.661939
804650150.3659,2.280089
804650152.461575,2.0122500000000003
804650154.80872,2.2785650000000004
804650156.813493,1.925799
804650158.9132321,2.0132980000000003
804650161.165697,2.167863
804650162.733788,1.5022080000000002
804650164.2823241,1.4864220000000001
804650166.028325,1.686191
804650168.102951,1.9951309999999998
804650169.5152941,1.3465
804650171.5858101,1.998202
804650173.5927881,1.9463519999999999
804650175.824209,2.1695510000000002
804650177.225026,1.343799
804650179.02406,1.730785
804650181.019717,1.935958
804650182.420885,1.327832
804650184.732858,2.210077
804650186.12515,1.33799
804650187.836184,1.648784
804650189.597806,1.69225
804650191.21414,1.5489309999999998
804650193.370861,2.093054
804650195.3132621,1.872654
804650196.7667329,1.3975199999999999
804650197.969364,1.13383
804650199.8372799,1.7897690000000002
804650201.942384,2.0398080000000003
804650204.059275,2.045021
804650206.23695,2.0922470000000004
804650208.565928,2.249403
804650210.7396001,2.033399
804650212.9151001,2.095384
804650215.160533,2.16009
804650217.4901431,2.2498829999999996
804650219.644484,2.025982
804650222.420939,2.696199
804650224.7804589,2.2738799999999997
804650226.960515,2.094211
804650229.403368,2.363313
804650231.930683,2.442522
804650234.168238,2.124712
804650236.634611,2.384948
804650239.126638,2.407822
804650241.836112,2.6306200000000004
804650244.279707,2.357925
804650246.7994289,2.434133
804650249.337901,2.4586550000000003
804650252.237522,2.815165
804650254.827999,2.504973
804650257.3401691,2.4327099999999997
804650259.586644,2.1599850000000003
804650261.9546629,2.2861380000000002
804650264.55819,2.515578
804650266.860215,2.217273
804650269.397689,2.457548
804650272.131921,2.6495300000000004
804650275.151587,2.932794
804650277.6144669,2.382412
804650280.152387,2.45213
804650282.757613,2.519552
804650285.514437,2.6767380000000003
804650288.220382,2.619465
804650290.71232,2.40523
804650293.450024,2.65812
804650295.985499,2.448407
804650298.733933,2.6391050000000003
804650301.477121,2.654726
804650303.9869449,2.425137
804650306.511348,2.418202
804650308.966149,2.3695280000000003
804650311.451707,2.400725
804650313.963009,2.432023
804650316.51874,2.468121
804650319.3733569,2.754423
804650322.1019,2.649349
804650324.6229451,2.434499
804650327.158484,2.449122
804650329.695376,2.4535329999999997
804650332.387555,2.607131
804650335.134762,2.661903
804650337.750157,2.5350170000000003
804650340.4664371,2.629041
804650342.8529589,2.311864
804650345.276117,2.346925
804650347.8835881,2.521832
804650350.2890791,2.32559
804650352.7964729,2.4224099999999997
804650355.189124,2.310324
804650357.5452499,2.276771
804650359.911159,2.23982
804650362.4238291,2.431968
804650364.9048821,2.350724
804650366.929902,1.943621
804650369.29086,2.283442
804650371.483841,2.116098
804650373.391308,1.824924
804650376.776314,3.303176
804650379.755291,2.913429
804650382.351135,2.532978
804650384.300073,1.8835309999999998
804650386.191021,1.824894
804650388.678187,2.407642
804650391.107224,2.334922
804650393.661146,2.4741210000000002
804650396.04846,2.2983119999999997
804650398.931849,2.7968070000000003
804650401.684653,2.670699
804650404.309756,2.539408
804650406.911263,2.515657
804650409.676682,2.685819
804650412.308982,2.54643
804650414.977615,2.582694
804650417.7925401,2.7348179999999997
804650420.290376,2.412809
804650422.816694,2.440783
804650425.114369,2.217919
804650427.687966,2.504146
804650429.7216569,1.9535799999999999
804650432.163162,2.378453
804650434.481435,2.251598
804650436.457978,1.9011419999999999
804650438.840205,2.296532
804650441.450392,2.5324869999999997
804650443.622024,2.0440889999999996
804650445.705866,2.01615
804650447.924246,2.14698
804650450.392995,2.356893
804650452.6325899,2.165067
804650454.813223,2.094973
804650457.124354,2.2321530000000003
804650459.444943,2.234463
804650461.7113899,2.186225
804650463.990782,2.150808
804650466.2038851,2.1030469999999997
804650468.3943311,2.109828
804650470.381428,1.901172
804650472.688941,2.2308139999999996
804650474.6943359,1.938739
804650476.399176,1.6423189999999999
804650478.1920949,1.7267249999999998
804650480.30927,2.054002
804650482.665426,2.26792
804650484.8179181,2.0717079999999997
804650486.9085311,2.004918
804650489.158089,2.169326
804650491.519738,2.2774129999999997
804650493.7151849,2.125895
804650496.043095,2.252766
804650498.241189,2.112043
804650500.923866,2.6196599999999997
804650503.2519621,2.262027
804650505.640463,2.325094
804650508.096437,2.390135
804650510.5873021,2.435345
804650513.7158619,3.076884
804650516.2521471,2.469971
804650519.1682119,2.849645
804650521.35541,2.124712
804650523.273056,1.861425
804650524.4879351,1.1631790000000002
804650526.776664,2.21791
804650528.8670009,2.026654
804650530.939692,2.005024
804650532.942721,1.939641
804650534.900154,1.8906420000000002
804650536.814627,1.850394
804650538.737579,1.856347
804650540.675672,1.875192
804650542.582011,1.8397089999999998
804650544.6543261,2.009524
804650546.503713,1.786491
804650548.43727,1.870456
804650550.648805,2.149414
804650552.963269,2.229692
804650555.051436,2.022164
804650556.993082,1.878785
804650558.918776,1.8635950000000001
804650560.8899361,1.889761
804650562.85841,1.905808
804650564.9745721,2.05706
804650567.382479,2.345958
804650569.264551,1.818394
804650571.2566,1.927638
804650573.428562,2.108755
804650575.2953941,1.804216
804650577.278181,1.917806
804650579.508103,2.1670510000000003
804650581.440613,1.852969
804650583.490687,1.9677769999999999
804650585.461666,1.911676
804650587.654753,2.127188
804650589.625106,1.907572
804650591.8192899,2.104635
804650594.087456,2.200644
804650595.9129419,1.741996
804650597.9023991,1.9090699999999998
804650599.9124839,1.9264709999999998
804650601.425868,1.454266
804650603.1079811,1.620494
804650605.3249229,2.143231
804650607.659584,2.249197
804650609.160454,1.437983
804650610.184859,0.958723
804650612.270099,2.011253
804650614.295866,1.9417309999999999
804650616.39139,2.0156739999999997
804650618.946074,2.4801699999999998
804650621.130696,2.061916
804650623.497883,2.281273
804650626.693589,3.1166319999999996
804650628.9548899,2.176533
804650631.350072,2.31066
804650633.869869,2.4464259999999998
804650636.137434,2.1822809999999997
804650638.6998401,2.4738350000000002
804650641.344548,2.564762
804650643.9668701,2.536777
804650646.7133299,2.634193
804650649.0869269,2.286414
804650651.5188589,2.346634
804650654.38795,2.788839
804650656.9828769,2.511603
804650659.521614,2.4540550000000003
804650661.8698469,2.269099
804650664.413836,2.459251
804650667.1251839,2.62628
804650669.5265,2.321887
804650672.2917789,2.678602
804650675.0283561,2.651052
804650677.837312,2.728553
804650680.1478571,2.2247450000000004
804650682.5270721,2.293972
804650684.823834,2.217393
804650687.392912,2.4839939999999996
804650690.0531521,2.5799529999999997
804650692.555804,2.430754
804650695.272018,2.633051
804650698.3037679,2.951497
804650700.926069,2.536331
804650703.16835,2.172814
804650705.5088501,2.277543
804650708.170939,2.594863
804650710.446046,2.208869
804650712.946373,2.4203050000000004
804650715.7302049,2.698257
804650718.1708881,2.360296
804650720.401853,2.1452250000000004
804650722.557467,2.064547
804650724.894454,2.25674
804650726.3491861,1.368371
804650728.251976,1.823381
804650730.383951,2.06333
804650732.377609,1.9232179999999999
804650734.439319,1.991653
804650735.965202,1.458572
804650737.7808651,1.689313
804650739.8916401,2.0263579999999997
804650742.032485,2.060744
804650744.167521,2.0506349999999998
804650746.212177,1.9605
804650748.2797511,1.983799
804650750.952184,2.587486
804650753.147647,2.115832
804650755.724587,2.491371
804650758.38843,2.5839119999999998
804650761.125407,2.651965
804650763.928234,2.713969
804650766.237586,2.2008599999999996
804650768.537386,2.2133640000000003
804650771.234917,2.612999
804650773.78049,2.473385
804650776.0693351,2.2027449999999997
804650778.368909,2.2080110000000004
804650780.781752,2.331514
804650783.3715019,2.504436
804650785.814085,2.362767
804650788.1680709,2.264227
804650790.696378,2.442212
804650792.690526,1.914633
804650795.386629,2.610654
804650798.033051,2.566231
804650800.634158,2.515974
804650803.026233,2.307076
804650806.066392,2.959506
804650808.744588,2.5934030000000003
804650811.248338,2.419248
804650814.073045,2.736071
804650816.6398721,2.4974250000000002
804650819.236724,2.511729
804650821.471348,2.155339
804650823.878873,2.332782
804650825.852885,1.894731
804650827.85448,1.931322
804650830.090918,2.1571379999999998
804650832.212548,2.037033
804650834.366794,2.076209
804650836.383014,1.93462
804650838.6820171,2.21413
804650840.848396,2.102065
804650843.096105,2.1773510000000003
804650845.4150649,2.204895
804650847.495209,1.994975
804650849.81706,2.2423260000000003
804650852.108476,2.205641
804650854.067903,1.886492
804650856.612914,2.46545
804650858.912789,2.217568
804650861.169088,2.175786
804650863.421072,2.166761
804650865.82085,2.319667
804650868.413451,2.507574
804650871.024316,2.524899
804650873.544268,2.440077
804650876.52335,2.892876
804650879.515368,2.9031360000000004
804650881.7744379,2.179089
804650884.533146,2.6809580000000004
804650886.906723,2.287887
804650889.2887851,2.301835
804650891.728004,2.3552299999999997
804650893.969879,2.162781
804650896.187523,2.132621
804650898.25209,1.9980580000000001
804650900.102233,1.790098
804650901.749033,1.57176
804650903.651162,1.837815
804650905.3667619,1.652518
804650906.953637,1.5202600000000002
804650908.160257,1.142525
804650910.614511,2.383581
804650912.9111091,2.216456
804650915.7283989,2.732057
804650917.823647,2.015072
804650920.2179021,2.308015
804650922.764923,2.461141
804650924.9627919,2.118183
804650927.3748729,2.3412810000000004
804650929.9225199,2.4673249999999998
804650932.632149,2.623855
804650935.241194,2.522989
804650937.950407,2.629307
804650940.520707,2.484185
804650943.353999,2.748625
804650945.867101,2.433897
804650948.2670051,2.315306
804650950.51549,2.164695
804650952.937961,2.341758
804650955.163282,2.15569
804650957.3676901,2.124382
804650959.6234981,2.170334
804650961.943746,2.240246
804650964.334768,2.3054989999999997
804650966.637325,2.216837
804650968.855314,2.137867
804650971.095781,2.154647
804650973.3262249,2.150257
804650976.0612229,2.649745
804650978.481033,2.334486
804650980.873178,2.3121650000000002
804650983.177659,2.2172020000000003
804650985.479584,2.222184
804650987.811569,2.24636
804650989.727866,1.8366310000000001
804650991.919559,2.1060689999999997
804650994.0485821,2.049578
804650996.334424,2.200925
804650998.539178,2.120472
804651001.842114,3.224172
804651005.155224,3.227942
804651007.940048,2.699361
804651011.085738,3.0335330000000003
804651014.063937,2.8927810000000003
804651017.380324,3.206201
804651020.674079,3.2083709999999996
804651023.608416,2.848814
804651026.378497,2.690936
804651029.1104939,2.646433
804651031.312631,2.116192
804651033.719445,2.324116
804651036.17819,2.3734319999999998
804651038.612844,2.348789
804651041.3836211,2.6904899999999996
804651044.0428779,2.574449
804651046.580772,2.45205
804651049.18019,2.519527
804651051.6818349,2.415725
804651054.13185,2.369417
804651056.851077,2.633076
804651059.614832,2.679239
804651062.044956,2.349917
804651064.4453499,2.315376
804651066.6950979,2.1642050000000004
804651069.487936,2.712837
804651071.749357,2.176427
804651074.12132,2.291686
804651076.3003191,2.091876
804651078.8529481,2.467616
804651081.307619,2.374404
804651083.578737,2.184276
804651085.800771,2.142142
804651088.540966,2.655589
804651091.014892,2.388286
804651093.6753421,2.58096
804651096.518853,2.758769
804651099.157657,2.553651
804651101.834981,2.5973379999999997
804651104.3317341,2.4123870000000003
804651107.011214,2.594166
804651109.458398,2.366471
804651111.922846,2.378043
804651114.1958491,2.1668350000000003
804651116.838632,2.557374
804651119.035087,2.1107449999999996
804651121.7175831,2.60276
804651124.065039,2.267445
804651127.495887,3.345205
804651130.827711,3.2634090000000002
804651133.59945,2.683895
804651135.988818,2.303374
804651138.822822,2.720244
804651141.493681,2.590747
804651143.8990669,2.3204279999999997
804651146.599745,2.620868
804651148.847018,2.162761
804651151.3398169,2.406158
804651153.857304,2.437762
804651156.34639,2.401808
804651158.938035,2.504566
804651161.541392,2.530678
804651164.27211,2.645626
804651166.72857,2.371708
804651169.315705,2.51439
804651171.969224,2.568726
804651174.8271329,2.747913
804651177.8214849,2.910302
804651180.459087,2.553886
804651183.1371369,2.605953
804651185.699424,2.482942
804651188.435835,2.649113
804651190.917684,2.397392
804651193.314475,2.316684
804651195.971227,2.57246
804651198.231414,2.1503170000000003
804651200.4601539,2.1436960000000003
804651202.727223,2.182196
804651204.964492,2.1578399999999998
804651207.169531,2.135453
804651209.448994,2.2144869999999997
804651211.546744,2.022841
804651213.6537,2.042506
804651215.589297,1.864045
804651217.588683,1.933788
804651219.787222,2.1126690000000004
804651221.1861589,1.3282070000000001
804651222.635479,1.365364
804651224.200814,1.486276
804651226.317718,2.0316710000000002
804651228.569461,2.171691
804651230.69687,2.0509959999999996
804651232.724156,1.955944
804651234.7650781,1.968694
804651236.7793981,1.946798
804651238.843003,1.992349
804651240.836515,1.927302
804651242.876615,1.9688689999999998
804651245.139975,2.184441
804651246.9910051,1.766438
804651249.107053,2.031546
804651252.05196,2.873366
804651254.629387,2.509087
804651257.3577299,2.662394
804651259.7432591,2.317507
804651261.962512,2.13005
804651263.762763,1.73039
804651266.067876,2.238477
804651268.399976,2.253352
804651270.39442,1.929062
804651272.471597,2.0146309999999996
804651274.5596141,2.022565
804651276.69661,2.073919
804651278.8870051,2.09992
804651281.018318,2.063986
804651283.143631,2.04014
804651285.309991,2.1005059999999998
804651287.449152,2.053873
804651289.5282581,2.001361
804651291.436998,1.839102
804651293.784484,2.268613
804651295.710589,1.856518
804651297.8205019,2.0077599999999998
804651299.9943379,2.089089
804651302.083368,1.9861840000000002
804651304.372854,2.221523
804651306.32321,1.871328
804651308.310848,1.928039
804651310.4713739,2.071719
804651312.29287,1.753262
804651314.671414,2.293881
804651316.600145,1.861846
804651318.7495999,2.079241
804651320.885523,2.02928
804651323.1987289,2.229536
804651327.2319461,3.9542420000000003
804651328.7980571,1.500664
804651330.952824,2.083266
804651332.863243,1.838877
804651334.917963,1.9704430000000002
804651336.653815,1.6570529999999999
804651338.579905,1.835669
804651340.71891,2.0528239999999998
804651342.719619,1.905988
804651344.638517,1.8394080000000002
804651346.631487,1.9087850000000002
804651348.477841,1.7677610000000001
804651350.646687,2.105843
804651352.69458,1.9686389999999998
804651354.8771529,2.114229
804651357.062025,2.1048120000000003
804651359.0069389,1.860793
804651361.298465,2.206408
804651363.4978809,2.114248
804651365.508121,1.93029
804651367.505192,1.914027
804651369.70771,2.120016
804651371.849056,2.069508
804651373.733539,1.805404
804651376.361479,2.544069
804651378.469066,2.0209859999999997
804651380.639881,2.09182
804651382.831113,2.124587
804651385.261708,2.364811
804651387.448083,2.103147
804651389.670528,2.14085
804651391.681947,1.928295
804651393.513973,1.763587
804651395.671922,2.025682
804651397.975391,2.237811
804651400.17584,2.124763
804651402.2113451,1.951349
804651404.383904,2.100125
804651406.531579,2.074526
804651408.717274,2.1081440000000002
804651410.566519,1.77994
804651412.4561139,1.818514
804651414.4913231,1.959617
804651416.7130711,2.143652
804651418.990154,2.205876
804651421.1332589,2.064788
804651423.310479,2.105572
804651425.280281,1.9033870000000002
804651427.405745,2.0516319999999997
804651429.79149,2.317426
804651432.1587169,2.2955699999999997
804651434.3177991,2.0773829999999998
804651436.28731,1.901618
804651438.390989,2.035766
804651440.576954,2.108254
804651442.7962971,2.139291
804651445.083643,2.2099509999999998
804651447.2302611,2.065053
804651449.266472,1.9634969999999998
804651451.330423,1.945455
804651453.499488,2.098551
804651455.605367,2.0370779999999997
804651457.873082,2.2024079999999997
804651460.179974,2.235395
804651462.49107,2.2466019999999998
804651464.614665,2.046235
804651466.738922,2.058468
804651468.7331849,1.9331960000000001
804651470.892067,2.093359
804651473.054597,2.084183
804651475.187634,2.0436080000000003
804651477.721298,2.466223
804651479.9706961,2.165572
804651482.172333,2.030107
804651484.443477,2.1952819999999997
804651486.6597121,2.146583
804651488.877516,2.139312
804651490.9866971,2.022093
804651493.273963,2.223838
804651495.4395751,2.094026
804651497.860472,2.323591
804651500.630968,2.6853480000000003
804651503.068515,2.352739
804651505.258073,2.110445
804651507.576797,2.233691
804651510.093898,2.4375310000000003
804651512.325745,2.146869
804651514.805604,2.406744
804651517.029252,2.144107
804651519.317726,2.203015
804651521.576971,2.178632
804651524.260064,2.597453
804651526.7079641,2.3628270000000002
804651529.193772,2.406624
804651531.59551,2.315622
804651534.2136409,2.538987
804651536.790922,2.490669
804651539.573341,2.695998
804651542.126696,2.473524
804651545.059295,2.848563
804651547.478929,2.332421
804651550.191215,2.6329510000000003
804651552.5571289,2.28047
804651554.612514,1.970388
804651556.9497819,2.276195
804651558.9794331,1.963452
804651561.3254,2.2659260000000003
804651563.359506,1.953659
804651565.546463,2.125514
804651567.5590551,1.9466329999999998
804651569.556721,1.932209
804651571.5658599,1.942914
804651573.786752,2.167773
804651575.95697,2.102741
804651577.957112,1.89194
804651580.1224439,2.080499
804651582.2312291,2.024109
804651584.0548251,1.7525259999999998
804651586.256527,2.129343
804651588.407555,2.084012
804651590.596924,2.126793
804651592.112308,1.452828
804651593.951239,1.772206
804651595.673685,1.6588180000000001
804651597.3997041,1.6618799999999998
804651598.786187,1.3231460000000002
804651601.130481,2.264578
804651603.2725691,2.07219
804651605.326671,1.9907509999999997
804651607.486155,2.074325
804651609.778272,2.207284
804651612.1811581,2.3179030000000003
804651614.427874,2.1612519999999997
804651616.725509,2.217984
804651618.770009,1.9591270000000003
804651620.897904,2.059786
804651623.208083,2.2441660000000003
804651626.003166,2.731595
804651628.041793,1.9728990000000002
804651629.598002,1.489774
804651631.157674,1.500218
804651633.317107,2.079572
804651635.440366,2.056835
804651637.656682,2.1362289999999997
804651640.076572,2.335779
804651642.374011,2.217003
804651644.516906,2.064372
804651646.7951701,2.197752
804651648.9606379,2.097915
804651651.343621,2.297449
804651654.0754169,2.6522799999999997
804651656.476017,2.314756
804651658.982639,2.421674
804651661.723436,2.661212
804651664.227105,2.41757
804651666.7049551,2.391629
804651669.457605,2.672429
804651672.120957,2.575838
804651674.9574419,2.7514420000000004
804651677.653439,2.616117
804651680.1921151,2.453378
804651683.0254171,2.747869
804651685.767457,2.662449
804651688.449492,2.6058320000000004
804651691.503428,2.9675499999999997
804651694.203295,2.619946
804651696.595997,2.307754
804651698.910997,2.23092
804651700.9009199,1.920412
804651703.002283,2.0287539999999997
804651705.203048,2.096817
804651707.122347,1.844239
804651709.3526499,2.1507229999999997
804651711.1931751,1.76959
804651713.614504,2.350924
804651715.7035481,2.022525
804651717.67354,1.9064640000000002
804651719.749635,2.007714
804651722.486858,2.670769
804651724.899406,2.3428649999999998
804651727.268106,2.2971139999999997
804651729.5557431,2.2239579999999997
804651730.991761,1.369739
804651732.805961,1.759842
804651734.7830601,1.9099970000000002
804651736.128778,1.284501
804651738.474275,2.260057
804651740.752374,2.199642
804651742.754651,1.919014
804651745.503833,2.6697309999999996
804651747.747467,2.158821
804651750.4342179,2.6060329999999996
804651753.331414,2.8119270000000003
804651756.287643,2.870835
804651758.862403,2.489242
804651761.349249,2.4067339999999997
804651762.989979,1.573725
804651764.970997,1.918146
804651766.704378,1.667528
804651768.424693,1.660963
804651770.938327,2.42844
804651773.1623961,2.1441630000000003
804651775.0796701,1.833043
804651777.534907,2.375075
804651779.873166,2.253743
804651782.010268,2.06786
804651784.180571,2.086087
804651786.1588969,1.8937249999999999
804651788.288486,2.049758
804651790.506997,2.147837
804651792.658422,2.071754
804651794.732141,1.9885599999999999
804651796.931306,2.1195049999999998
804651799.0004541,1.984807
804651801.151212,2.070912
804651803.46094,2.224565
804651804.9061761,1.376635
804651806.688962,1.716963
804651808.547113,1.794283
804651810.520087,1.906159
804651812.543925,1.960364
804651814.5705489,1.96028
804651816.573869,1.940269
804651818.515705,1.8754819999999999
804651820.4540889,1.875267
804651822.3601819,1.8394780000000002
804651824.266275,1.843112
804651826.184888,1.855966
804651828.118009,1.8669680000000002
804651830.044309,1.8566179999999999
804651832.0229111,1.891976
804651833.9364619,1.844179
804651836.0669689,2.0769320000000002
804651838.223204,2.075007
804651840.467565,2.165067
804651842.405522,1.8531000000000002
804651844.3860639,1.9143020000000002
804651846.175656,1.705527
804651847.522277,1.279134
804651849.283979,1.682452
804651851.2613931,1.901182
804651853.396209,2.055225
804651855.39578,1.915265
804651857.4908891,2.0143999999999997
804651859.746722,2.132681
804651861.730561,1.9161709999999998
804651863.874558,2.071157
804651865.849015,1.8948070000000001
804651867.998886,2.064357
804651870.157287,2.05963
804651872.409165,2.180507
804651875.123751,2.6292619999999998
804651877.4648031,2.2617570000000002
804651880.0301061,2.4742919999999997
804651882.44084,2.324162
804651884.7673069,2.246656
804651886.8371761,1.9855239999999998
804651888.997712,2.079222
804651891.127877,2.068126
804651893.109401,1.912719
804651895.187655,1.996569
804651897.95101,2.683464
804651900.20155,2.158006
804651902.53126,2.245298
804651904.7329609,2.133393
804651906.845069,2.0262930000000003
804651908.944162,2.0198080000000003
804651911.0799551,2.0499530000000004
804651912.9281629,1.774457
804651915.571263,2.571753
804651917.769933,2.1027709999999997
804651920.0323759,2.137041
804651921.892658,1.772327
804651923.740831,1.776011
804651925.9253429,2.118839
804651928.200731,2.188495
804651930.170547,1.902656
804651932.562883,2.312625
804651934.400076,1.7668840000000001
804651936.575,2.103042
804651938.947659,2.2945729999999998
804651941.244453,2.216837
804651943.507653,2.145502
804651945.739334,2.1535
804651947.9395521,2.115235
804651950.248819,2.2072149999999997
804651952.576459,2.241966
804651954.837664,2.1765830000000004
804651957.117352,2.200053
804651959.310735,2.1073820000000003
804651961.580801,2.191408
804651963.634313,1.967842
804651965.931261,2.221322
804651968.2329,2.2174080000000003
804651970.167119,1.848784
804651972.398976,2.147164
804651974.7239289,2.23957
804651976.978193,2.175
804651979.063915,2.0178629999999997
804651981.4091359,2.240291
804651983.625041,2.14722
804651985.8748549,2.125118
804651988.074947,2.1173849999999996
804651990.137254,1.9778450000000003
804651991.967691,1.755428
804651994.1436479,2.071453
804651996.147083,1.919254
804651998.341382,2.130621
804652000.5907149,2.1835790000000004
804652002.919062,2.25004
804652005.18795,2.189182
804652007.464305,2.204944
804652009.550999,2.007263
804652011.694305,2.062958
804652013.5122119,1.750059
804652015.565664,1.9707689999999998
804652017.7835081,2.157925
804652019.916409,2.0663370000000003
804652022.101813,2.1057889999999997
804652024.149747,1.982326
804652026.4119099,2.1962930000000003
804652028.46066,1.9858889999999998
804652031.036839,2.51023
804652033.40798,2.2908939999999998
804652035.4358871,1.942137
804652037.496269,1.9998669999999998
804652039.272104,1.710072
804652041.404369,2.040086
804652043.671077,2.193072
804652045.893417,2.101604
804652048.206087,2.229521
804652050.5013059,2.162666
804652052.72544,2.144568
804652054.882914,2.074079
804652057.0518941,2.1015029999999997
804652059.333847,2.197532
804652061.202433,1.7879129999999999
804652063.362093,2.0827799999999996
804652065.644923,2.217915
804652067.7593421,2.0465549999999997
804652069.9975079,2.172739
804652072.299689,2.173024
804652074.241009,1.8754819999999999
804652076.479175,2.156632
804652078.572891,2.010783
804652080.6766,2.043568
804652082.578358,1.834863
804652084.512105,1.869758
804652086.7140529,2.135206
804652088.4546701,1.674223
804652090.572276,2.044991
804652092.87393,2.234623
804652095.1191779,2.180142
804652097.027938,1.8316409999999999
804652099.093789,1.9895379999999998
804652101.266784,2.09335
804652103.2126039,1.860783
804652105.47182,2.193427
804652107.906354,2.3500769999999997
804652110.0336521,2.0470010000000003
804652111.851875,1.7473239999999999
804652114.095835,2.1640639999999998
804652116.428191,2.247484
804652118.4900279,1.977294
804652120.324088,1.766709
804652122.530366,2.117756
804652125.189573,2.5792509999999997
804652127.380118,2.113025
804652129.579594,2.11949
804652131.83443,2.1861450000000002
804652133.7354859,1.812365
804652136.034189,2.183935
804652137.9782699,1.862387
804652140.34434,2.288253
804652142.385618,1.97125
804652144.4742019,2.0161100000000003
804652146.8308841,2.273749
804652148.876397,1.965591
804652151.2511309,2.290223
804652152.756953,1.435803
804652154.418687,1.596042
804652156.365044,1.883716
804652158.2876201,1.856658
804652159.621481,1.279479
804652161.577536,1.8843379999999998
804652163.049113,1.4006260000000001
804652164.3154169,1.201724
804652165.9399991,1.553793
804652168.125609,2.1186830000000003
804652170.32725,2.137787
804652172.585333,2.189538
804652174.62615,1.954591
804652176.876028,2.171977
804652179.053754,2.102816
804652181.2270651,2.113807
804652183.390999,2.079011
804652185.486128,2.015854
804652187.624036,2.053581
804652189.892432,2.201296
804652192.0824671,2.1039190000000003
804652194.275012,2.122807
804652196.549704,2.210231
804652198.899345,2.266683
804652201.038666,2.0601920000000002
804652203.390187,2.267239
804652205.602584,2.139727
804652207.64544,1.9583500000000003
804652209.852439,2.129088
804652211.8092359,1.87243
804652213.8197219,1.945605
804652215.922398,2.0187500000000003
804652217.960629,1.9716410000000002
804652220.127078,2.0816369999999997
804652222.4170799,2.208533
804652224.60063,2.0586379999999997
804652226.8524541,2.1667359999999998
804652228.739819,1.820309
804652230.8841571,2.065354
804652233.16611,2.203225
804652235.073125,1.822283
804652237.202649,2.0679399999999997
804652238.625813,1.358854
804652240.27592,1.592603
804652242.235477,1.87897
804652244.4340019,2.118623
804652245.924227,1.403072
804652247.809787,1.826433
804652250.328943,2.453724
804652252.565917,2.165247
804652254.942085,2.2906139999999997
804652257.2726771,2.2511419999999998
804652259.340396,1.983604
804652261.27692,1.8712920000000002
804652263.322724,1.9618579999999999
804652265.197459,1.808722
804652267.11764,1.847683
804652269.226561,2.043087
804652271.387512,2.090102
804652273.317587,1.849507
804652274.82414,1.409527
804652276.57191,1.680879
804652278.502986,1.847762
804652280.381174,1.798493
804652282.432376,1.9653159999999998
804652284.219331,1.706794
804652286.164781,1.8610689999999999
804652288.148951,1.903006
804652290.1268071,1.891785
804652292.372952,2.161007
804652294.54068,2.0340559999999996
804652296.29512,1.67654
804652298.620289,2.237034
804652300.608188,1.9189479999999999
804652302.5074149,1.825185
804652304.818977,2.2444460000000004
804652307.056447,2.1528680000000002
804652309.24786,2.127473
804652311.3908349,2.0706510000000002
804652313.546695,2.076265
804652315.844551,2.226209
804652317.820947,1.8971630000000002
804652319.859965,1.9541749999999998
804652321.869965,1.9304599999999998
804652323.822261,1.8681699999999999
804652325.450047,1.545193
804652327.378934,1.843052
804652329.420457,1.96663
804652331.483506,1.9886399999999997
804652333.4250621,1.862156
804652335.584239,2.074816
804652337.720634,2.041238
804652339.538176,1.732113
804652341.9834291,2.378288
804652344.073336,2.0043219999999997
804652346.224054,2.070997
804652348.462917,2.161468
804652350.728853,2.197367
804652352.670084,1.861284
804652354.766189,2.0245789999999997
804652356.937435,2.0916099999999997
804652359.191303,2.1692310000000004
804652361.5530319,2.282435
804652363.779456,2.151675
804652365.915405,2.016034
804652367.9731711,1.973445
804652369.996563,1.914809
804652371.963268,1.896792
804652374.303382,2.2323180000000002
804652376.631107,2.248586
804652378.916468,2.2003790000000003
804652380.340704,1.361365
804652381.529693,1.1227690000000001
804652383.335036,1.745339
804652385.432245,2.038727
804652386.900473,1.399634
804652388.304302,1.3405470000000002
804652389.79798,1.4301400000000002
804652391.577138,1.686367
804652393.6416711,2.00345
804652395.875176,2.16661
804652398.048808,2.110013
804652400.074189,1.959237
804652402.237581,2.096873
804652404.2921699,1.9913420000000002
804652406.490739,2.1323499999999997
804652408.9605399,2.4068739999999997
804652411.14458,2.118082
804652412.9061021,1.69855
804652414.502996,1.5256480000000001
804652416.0792409,1.513785
804652417.817033,1.6709260000000001
804652419.4433,1.5628090000000001
804652420.9186901,1.412635
804652422.906032,1.924887
804652424.3218089,1.352329
804652425.5479391,1.1595799999999998
804652427.692116,2.0850750000000002
804652429.18179,1.426356
804652430.973883,1.725308
804652432.7903919,1.753147
804652434.922357,2.061681
804652436.668758,1.6666560000000001
804652438.298939,1.545314
804652439.899061,1.5205259999999998
804652442.125765,2.1400419999999998
804652444.180941,1.970253
804652446.429617,2.164254
804652448.487654,1.9872420000000002
804652450.581514,2.008978
804652452.87951,2.232002
804652455.184798,2.176162
804652457.4156721,2.16419
804652459.514174,2.0127970000000004
804652461.7292969,2.15146
804652463.844773,2.0496630000000002
804652465.382894,1.4752450000000001
804652466.757991,1.309228
804652468.782876,1.953323
804652470.807275,1.9394959999999999
804652472.823063,1.936138
804652474.826979,1.940258
804652476.153994,1.262605
804652478.24332,2.014005
804652480.28765,1.964169
804652482.2604239,1.8876760000000001
804652484.301391,1.9610410000000003
804652486.278469,1.8915600000000001
804652488.254856,1.8975039999999999
804652490.307476,1.967692
804652492.245949,1.858964
804652494.1699489,1.838802
804652496.133526,1.8843029999999998
804652498.3645259,2.1462719999999997
804652500.684618,2.240202
804652502.8178661,2.047828
804652504.684388,1.787312
804652506.717281,1.947319
804652508.654652,1.85782
804652510.755098,2.016515
804652512.753376,1.918512
804652514.709916,1.8726960000000001
804652516.692047,1.9020540000000001
804652518.5977291,1.820529
804652520.480117,1.803273
804652522.95503,2.388913
804652525.0525899,2.030007
804652527.324244,2.18614
804652529.369451,1.968975
804652531.6385801,2.183113
804652533.8274469,2.110023
804652535.942752,2.0239770000000004
804652537.8747859,1.8234110000000001
804652539.954814,1.996108
804652542.208496,2.145396
804652544.40015,2.1022749999999997
804652546.78797,2.2649440000000003
804652548.8736969,2.015769
804652551.102406,2.1430249999999997
804652553.3168781,2.090863
804652555.494744,2.092061
804652557.736729,2.1239649999999997
804652560.121367,2.2987469999999997
804652562.307577,2.065194
804652564.584043,2.197026
804652566.952052,2.238573
804652569.178491,2.146729
804652571.3808451,2.117
804652573.591387,2.130761
804652575.7903321,2.113822
804652578.06762,2.156065
804652580.309871,2.158025
804652582.4920269,2.096797
804652584.651029,2.0793220000000003
804652586.922207,2.185829
804652589.121122,2.118462
804652591.321656,2.115846
804652593.650408,2.2488669999999997
804652595.85389,2.0762549999999997
804652598.05939,2.125129
804652600.266279,2.1217200000000003
804652602.450926,2.098987
804652604.647555,2.116819
804652606.844245,2.109718
804652608.761429,1.850454
804652610.8736479,2.047368
804652612.902693,1.966053
804652614.732594,1.763882
804652616.605515,1.809709
804652618.3543371,1.692987
804652620.3435531,1.938378
804652622.3755001,1.979429
804652624.548003,2.084374
804652626.4308469,1.797691
804652628.760412,2.258454
804652630.912769,2.044847
804652632.870442,1.878344
804652634.872675,1.916903
804652636.836773,1.8983299999999999
804652638.7541021,1.832392
804652641.0320461,2.2063930000000003
804652643.030495,1.9225869999999998
804652645.327904,2.212351
804652647.920671,2.5072940000000004
804652650.153255,2.116453
804652652.582016,2.34273
804652654.753527,2.0861780000000003
804652657.103729,2.281387
804652659.36088,2.189318
804652661.7910589,2.3653429999999998
804652664.043388,2.167903
804652666.226015,2.096467
804652668.52139,2.224971
804652670.461557,1.871393
804652672.696191,2.151114
804652674.812644,2.042502
804652676.9002559,1.974262
804652678.7849591,1.79966
804652681.075487,2.210803
804652683.102061,1.941365
804652684.555545,1.374115
804652686.249996,1.616754
804652688.115439,1.791311
804652689.550912,1.366005
804652691.642101,1.997586
804652693.755543,2.033676
804652695.21252,1.385146
804652696.544778,1.266665
804652698.204302,1.576034
804652700.597865,2.315181
804652702.8503649,2.178849
804652704.8841549,1.968914
804652706.85506,1.9041430000000001
804652708.9909431,2.07227
804652711.230387,2.155383
804652713.512562,2.222966
804652715.714494,2.135523
804652717.9046941,2.109983
804652720.049603,2.0590289999999998
804652721.952664,1.834206
804652723.5521691,1.539295
804652724.965735,1.353622
804652726.945951,1.895508
804652728.890885,1.8634140000000001
804652730.818258,1.843142
804652732.659861,1.7619580000000001
804652734.838839,2.09373
804652736.7913309,1.872245
804652738.865466,1.9901739999999999
804652740.8317541,1.887235
804652742.8228511,1.906559
804652744.898353,1.9791679999999998
804652746.881546,1.898455
804652748.894794,1.933737
804652751.419953,2.437631
804652753.312605,1.808621
804652755.3327091,1.9353459999999998
804652757.3134661,1.901799
804652759.15518,1.751253
804652760.9848759,1.749358
804652763.0603989,1.991517
804652765.426944,2.290718
804652767.756418,2.249147
804652769.913947,2.078179
804652772.02855,2.044275
804652774.372939,2.271729
804652776.462064,2.011383
804652778.729027,2.1989750000000003
804652780.691502,1.899308
804652783.1125749,2.3352630000000003
804652785.0497049,1.874405
804652786.994584,1.8792010000000001
804652789.168375,2.110515
804652791.2110169,1.954376
804652793.192405,1.901332
804652795.605699,2.3276999999999997
804652797.8359231,2.1611920000000002
804652800.1108149,2.192902
804652802.301857,2.10694
804652804.4804751,2.109326
804652806.6126189,2.061771
804652808.704876,2.021747
804652810.882256,2.106023
804652812.913546,1.951865
804652815.043375,2.055576
804652817.314283,2.191563
804652819.585516,2.184065
804652821.9208391,2.255983
804652824.146868,2.140174
804652826.405256,2.1835790000000004
804652828.4217271,1.942383
804652830.6743921,2.181835
804652832.9617931,2.20782
804652835.2723631,2.22472
804652837.498045,2.158842
804652839.812189,2.243218
804652842.1474819,2.210754
804652844.502,2.2870049999999997
804652847.111441,2.524784
804652849.2755951,2.0967569999999998
804652851.553333,2.1934329999999997
804652853.576118,1.9566660000000002
804652855.674935,2.012842
804652857.862218,2.107558
804652860.060863,2.115887
804652862.3043721,2.156617
804652864.5043341,2.1329510000000003
804652866.792548,2.203206
804652868.714754,1.84239
804652870.725942,1.918708
804652872.257102,1.461332
804652873.881369,1.54392
804652876.445635,2.4842340000000003
804652878.543344,2.012892
804652880.824626,2.201572
804652883.036702,2.128737
804652885.058439,1.9540400000000002
804652886.3873941,1.263096
804652888.204661,1.7376710000000002
804652889.5976139,1.311299
804652892.122934,2.4561040000000003
804652894.337165,2.128967
804652896.6101581,2.193518
804652898.6081,1.9129189999999998
804652900.949847,2.261456
804652903.045798,2.027666
804652905.200124,2.083266
804652907.3857739,2.109237
804652909.62793,2.16219
804652912.028269,2.2741599999999997
804652913.997183,1.901538
804652916.144809,2.077502
804652918.34411,2.114659
804652920.2660199,1.8463889999999998
804652922.594502,2.2374
804652924.495443,1.8235860000000002
804652926.774801,2.194465
804652928.870506,2.016005
804652931.335486,2.392285
804652933.983151,2.581591
804652936.212932,2.143456
804652938.4942889,2.1961839999999997
804652940.8175989,2.2491770000000004
804652943.161311,2.259496
804652945.438915,2.192109
804652947.735231,2.211144
804652949.808414,1.994324
804652952.131514,2.247569
804652954.197154,1.97993
804652956.201731,1.9242110000000001
804652958.210313,1.9166070000000002
804652960.603611,2.210637
804652962.903952,2.216977
804652965.3240119,2.335723
804652967.692542,2.2394789999999998
804652969.819605,2.047112
804652971.925974,2.02052
804652974.025584,1.9873730000000003
804652976.2456931,2.135278
804652978.478668,2.149079
804652980.4471259,1.887815
804652982.603422,2.0806039999999997
804652984.4926311,1.819942
804652986.379444,1.815016
804652988.4459909,1.988916
804652990.791984,2.260719
804652992.791269,1.931909
804652995.0476741,2.172855
804652997.107254,1.978838
804652999.2416639,2.0488809999999997
804653001.729332,2.420987
804653003.6894809,1.879476
804653005.8237649,2.0507250000000004
804653008.077443,2.167787
804653009.946054,1.7910700000000002
804653011.8428199,1.815568
804653014.0745219,2.152362
804653016.271608,2.126382
804653018.377347,1.9748679999999998
804653020.646275,2.195046
804653023.0936481,2.373938
804653025.301745,2.128005
804653027.345689,1.959031
804653029.5098081,2.084959
804653031.762303,2.120678
804653033.618946,1.777495
804653035.808926,2.105588
804653038.070422,2.186501
804653040.438506,2.282996
804653042.3417469,1.829014
804653044.645722,2.239143
804653046.595337,1.8656490000000001
804653048.6954621,2.020019
804653050.814892,2.034212
804653053.280653,2.385865
804653055.536551,2.17524
804653057.685009,2.0691580000000003
804653059.789254,2.018846
804653061.339869,1.471286
804653063.2021409,1.796017
804653065.2095749,1.9433799999999999
804653067.475792,2.199581
804653069.3239,1.78472
804653070.8893701,1.503652
804653072.9104309,1.961147
804653074.83861,1.8618759999999999
804653076.9365909,2.018139
804653078.997299,1.975275
804653081.274753,2.212928
804653083.6200789,2.217263
804653085.790783,2.105031
804653088.134215,2.214572
804653090.443096,2.178803
804653092.739132,2.2157090000000004
804653094.948346,2.141095
804653097.1904371,2.1631519999999997
804653099.046113,1.772192
804653100.6363859,1.5137900000000002
804653102.470021,1.7631700000000001
804653104.493181,1.9433600000000002
804653106.477236,1.901062
804653108.53821,1.9828620000000001
804653110.609749,2.0041019999999996
804653112.6828611,2.006843
804653114.514876,1.764839
804653116.586856,2.005756
804653117.9401519,1.301325
804653119.881397,1.891394
804653121.8359541,1.9044999999999999
804653124.15135,2.2458299999999998
804653126.643669,2.42649
804653128.9680461,2.244561
804653131.1648511,2.1116669999999997
804653133.55029,2.3135120000000002
804653135.603526,1.958881
804653137.9123219,2.241143
804653139.922753,1.941782
804653142.304469,2.268453
804653144.61073,2.1770840000000002
804653146.9569131,2.2614549999999998
804653149.594389,2.557971
804653152.240084,2.5746599999999997
804653154.462965,2.1386399999999997
804653156.877357,2.335112
804653159.500746,2.538802
804653161.842192,2.257186
804653163.910829,1.983729
804653166.1643319,2.1737919999999997
804653168.129799,1.880007
804653170.255669,2.0627739999999997
804653172.4989771,2.157744
804653174.372384,1.788479
804653176.567936,2.135151
804653178.595372,1.960981
804653180.593861,1.936063
804653182.454298,1.793611
804653184.545732,2.027335
804653186.6167101,2.0052
804653188.7343409,2.055271
804653190.8220071,2.0218179999999997
804653192.7676071,1.882884
804653194.71621,1.8817860000000002
804653196.6993821,1.91984
804653198.600329,1.835083
804653200.695066,2.031916
804653202.6991321,1.938463
804653204.696393,1.93459
804653206.729317,1.96683
804653208.72949,1.937201
804653210.815803,2.018635
804653213.1320809,2.236567
804653215.3688041,2.15167
804653217.76337,2.270221
804653219.743641,1.913595
804653221.644812,1.8383049999999999
804653223.4987041,1.787903
804653225.4766649,1.913926
804653227.915433,2.3556649999999997
804653230.0277821,2.0393339999999998
804653232.2939941,2.1800919999999997
804653234.641982,2.217674
804653236.557392,1.83599
804653238.80948,2.1814
804653240.810755,1.921755
804653242.9944451,2.098531
804653245.40825,2.3447649999999998
804653247.755766,2.261516
804653250.365293,2.529305
804653252.724136,2.2880629999999997
804653254.656094,1.857947
804653256.762309,2.022479
804653258.842988,1.995502
804653261.131427,2.208547
804653263.3482031,2.130837
804653265.634933,2.1628160000000003
804653268.00014,2.2803
804653270.086213,1.9700619999999998
804653272.3183061,2.152618
804653275.0595939,2.60683
804653277.226715,2.087942
804653279.27773,1.9669050000000001
804653281.3247169,1.968724
804653283.18367,1.774837
804653285.376456,2.11298
804653287.570911,2.083491
804653289.8173059,2.123455
804653292.230721,2.3273989999999998
804653294.439319,2.123319
804653296.355541,1.834743
804653298.5679381,2.14101
804653300.938998,2.2885039999999996
804653303.075709,2.051707
804653305.282011,2.123625
804653307.432503,2.0846340000000003
804653309.728755,2.232127
804653311.953761,2.1398379999999997
804653314.3997519,2.3326670000000003
804653316.680488,2.195593
804653318.867074,2.105908
804653320.929637,1.9831929999999998
804653323.182858,2.185318
804653325.387597,2.125634
804653327.770355,2.2977499999999997
804653330.0138141,2.1635780000000002
804653332.273305,2.175836
804653333.805738,1.465317
804653335.517333,1.6326159999999998
804653337.169526,1.571941
804653338.722311,1.467933
804653340.463461,1.6616039999999999
804653342.6646861,2.112414
804653344.706581,1.9746080000000001
804653346.8407301,2.066061
804653349.273279,2.3525329999999998
804653350.677038,1.337599
804653351.954026,1.213816
804653354.095031,2.0322370000000003
804653356.517702,2.3405650000000002
804653358.8322871,2.187154
804653361.134378,2.222976
804653363.412167,2.193914
804653365.741044,2.248907
804653367.992442,2.181149
804653370.3582001,2.253488
804653372.7865291,2.361083
804653375.487233,2.607637
804653377.621959,2.055116
804653379.575187,1.868997
804653381.7196561,2.0752919999999997
804653383.667817,1.873437
804653385.647256,1.876885
804653387.741302,2.01004
804653389.696123,1.871388
804653391.660918,1.8808399999999998
804653393.749321,2.0079
804653395.4508231,1.617296
804653397.2216611,1.691529
804653398.761512,1.450101
804653400.704081,1.863319
804653402.796007,2.021507
804653404.846406,1.971721
804653406.9407719,2.010978
804653408.7086941,1.6877199999999999
804653410.410777,1.61726
804653412.324468,1.834195
804653413.745051,1.336732
804653415.705175,1.8805479999999999
804653417.889411,2.119671
804653420.0432471,2.078084
804653422.076245,1.9509379999999998
804653424.157351,2.0122999999999998
804653426.383379,2.1414720000000003
804653428.463889,2.014706
804653430.718037,2.182487
804653433.103402,2.320719
804653435.433959,2.246105
804653437.824921,2.312299
804653440.116307,2.2239880000000003
804653442.420457,2.2183849999999996
804653444.7045649,2.160872
804653446.14755,1.37616
804653447.847929,1.637553
804653449.856772,1.945705
804653452.1259949,2.190275
804653454.123447,1.930391
804653456.1270831,1.9404540000000001
804653458.130893,1.9373159999999998
804653460.105927,1.911716
804653462.105413,1.932189
804653464.113258,1.944503
804653466.227676,2.047718
804653468.234208,1.942578
804653470.177854,1.877201
804653472.141647,1.899919
804653474.2202721,2.012201
804653476.34752,2.06332
804653478.312832,1.895203
804653480.396063,2.019918
804653482.350118,1.887419
804653484.287829,1.8742839999999998
804653486.292943,1.93908
804653488.160617,1.804497
804653489.74677,1.519408
804653491.8609381,2.0512859999999997
804653493.9767599,2.035294
804653496.1632761,2.106405
804653498.533525,2.2854870000000003
804653501.337685,2.72493
804653503.647318,2.224865
804653505.909821,2.183403
804653508.1250441,2.0969119999999997
804653510.407619,2.196479
804653512.3990109,1.8649820000000001
804653514.685224,2.1993910000000003
804653516.937834,2.173336
804653519.176503,2.167112
804653521.450939,2.19461
804653523.706857,2.17079
804653526.060362,2.273644
804653528.358813,2.2304239999999997
804653530.58624,2.14314
804653532.805357,2.150688
804653534.903437,2.0237979999999998
804653537.0170541,2.049302
804653539.041743,1.9389800000000001
804653541.342721,2.221528
804653543.390329,1.9670109999999998
804653545.676347,2.2060809999999997
804653547.9741321,2.212492
804653550.2136971,2.13051
804653552.626716,2.32788
804653554.842385,2.131047
804653556.938475,1.973841
804653559.126235,2.102696
804653561.540677,2.343331
804653563.76239,2.1508339999999997
804653565.957883,2.114739
804653568.093064,2.05048
804653570.336433,2.1578790000000003
804653572.289721,1.8741789999999998
804653574.4987999,2.141507
804653576.69587,2.0753880000000002
804653578.505334,1.724696
804653580.6896701,2.1092709999999997
804653582.8536379,2.0789910000000003
804653585.065945,2.094367
804653587.116575,1.982743
804653589.351559,2.1551690000000003
804653591.4330909,1.9972560000000001
804653593.4879409,1.989337
804653595.5715619,1.990395
804653597.605483,1.964911
804653599.728146,2.043503
804653601.695842,1.900726
804653603.660693,1.889945
804653605.669986,1.9414099999999999
804653607.703822,1.9607510000000001
804653609.6217179,1.851542
804653611.548991,1.856147
804653613.585277,1.969125
804653615.5469999,1.889139
804653617.521828,1.9071209999999998
804653619.510023,1.918091
804653621.51238,1.9299490000000001
804653623.620363,2.034007
804653626.4329131,2.7464109999999997
804653627.933141,1.4295989999999998
804653629.9875201,1.9893469999999998
804653631.425077,1.3536119999999998
804653633.4629871,1.952868
804653635.6603739,2.11115
804653637.943856,2.2134989999999997
804653639.919947,1.897869
804653642.056878,2.0570850000000003
804653644.1401429,1.998494
804653646.246338,2.017974
804653648.419634,2.093424
804653650.799255,2.304551
804653652.912666,2.050615
804653655.183127,2.186241
804653657.478507,2.216361
804653659.33721,1.791922
804653661.710737,2.290884
804653664.245484,2.412934
804653666.343329,2.013313
804653668.784604,2.361299
804653670.8551,1.9861140000000002
804653673.260415,2.337292
804653675.33878,2.005515
804653677.4516189,2.034026
804653679.694061,2.160987
804653681.921151,2.148573
804653684.09349,2.04205
804653686.3067379,2.1431750000000003
804653688.32184,1.936053
804653689.7099631,1.323597
804653691.456695,1.6519970000000002
804653693.3757789,1.839869
804653695.4229109,1.961983
804653697.7884891,2.285662
804653699.712213,1.857259
804653701.6770029,1.884603
804653703.945555,2.1819550000000003
804653706.239181,2.1494999999999997
804653708.4709721,2.166214
804653709.936826,1.3992040000000001
804653711.672884,1.673056
804653713.72224,1.972067
804653715.807255,2.018144
804653717.910021,2.038757
804653719.933899,1.956371
804653721.971914,1.9739760000000002
804653723.915169,1.870931
804653726.0172291,2.039785
804653728.064761,1.9808320000000001
804653730.204278,2.072751
804653732.2456169,1.9776799999999999
804653734.181134,1.869243
804653736.196667,1.952311
804653738.1376009,1.873673
804653740.117772,1.9177359999999999
804653742.105455,1.922116
804653744.111807,1.94304
804653746.109138,1.931327
804653748.206406,2.0335449999999997
804653750.511949,2.238366
804653752.44706,1.855851
804653754.607782,2.076831
804653756.7456499,2.058313
804653758.5040491,1.674264
804653760.428791,1.845101
804653762.331301,1.8185090000000002
804653764.4865589,2.075202
804653766.819431,2.247834
804653768.6783199,1.779037
804653770.691497,1.925714
804653772.495804,1.738097
804653774.899296,2.023287
804653777.178844,2.211264
804653779.566854,2.301804
804653781.6135601,1.967883
804653783.370591,1.6938039999999999
804653785.471067,2.040978
804653787.339031,1.801625
804653789.010644,1.605623
804653791.0330529,1.9376659999999999
804653792.888322,1.791722
804653795.0198311,2.043763
804653797.24002,2.1515039999999996
804653799.455624,2.08758
804653801.567883,2.0156940000000003
804653803.612654,1.925384
804653805.57337,1.8816060000000001
804653807.901035,2.242772
804653810.044641,2.064582
804653812.361686,2.2436949999999998
804653814.334595,1.8966619999999998
804653816.452557,2.047578
804653818.445758,1.920913
804653820.368104,1.855385
804653822.36976,1.9302
804653824.441118,1.995752
804653826.431653,1.913597
804653828.4627379,1.9664840000000001
804653830.580439,2.0473269999999997
804653832.619271,1.965245
804653834.775692,2.0782040000000004
804653836.875095,2.020515
804653838.97089,2.011038
804653841.212259,2.161879
804653843.1000249,1.801876
804653845.356364,2.183058
804653847.5457209,2.105608
804653849.698068,2.088944
804653851.434893,1.6708960000000002
804653852.710268,1.206179
804653854.776258,1.9871469999999998
804653856.431267,1.575052
804653858.2380689,1.7192830000000001
804653859.769906,1.4528029999999998
804653861.733292,1.884939
804653863.727245,1.908965
804653865.9202911,2.127113
804653867.8866849,1.882739
804653869.7802949,1.813653
804653871.948218,2.031851
804653874.059444,1.9973949999999998
804653876.6759609,2.5325870000000004
804653879.084033,2.339392
804653881.2051821,2.058012
804653883.440071,2.112193
804653885.461809,1.9505569999999999
804653887.4862779,1.940734
804653889.724735,2.158948
804653891.6793671,1.884158
804653893.778299,2.019066
804653895.986997,2.1243659999999998
804653898.0710089,1.9738210000000003
804653900.327313,2.176508
804653902.460415,2.065604
804653904.548221,2.016641
804653906.6113801,1.9954170000000002
804653908.722025,2.046014
804653910.872853,2.064573
804653912.90257,1.950768
804653915.06712,2.083316
804653917.204913,2.073798
804653919.403838,2.123369
804653921.6982449,2.215093
804653923.7649829,1.9783769999999998
804653925.855846,2.011203
804653927.911006,1.932229
804653930.284794,2.295449
804653932.2837679,1.932865
804653934.473302,2.104881
804653936.704633,2.151605
804653938.835384,1.964745
804653940.987696,2.08928
804653943.041909,1.9879989999999998
804653945.2363939,2.1145690000000004
804653947.392624,2.077518
804653949.6054621,2.133663
804653952.257141,2.569518
804653954.493934,2.152482
804653956.767604,2.148678
804653959.00109,2.148087
804653961.138156,2.065344
804653963.389353,2.166053
804653965.504799,2.0498030000000003
804653967.825618,2.249814
804653969.8839251,1.979424
804653972.137918,2.169311
804653974.460832,2.244606
804653976.616837,2.092442
804653978.804922,2.102827
804653981.047203,2.162957
804653983.308965,2.1764229999999998
804653985.523422,2.1487429999999996
804653987.817288,2.209123
804653990.046439,2.14944
804653992.315652,2.18381
804653994.446278,2.045864
804653996.491686,1.962194
804653998.761195,2.184331
804654001.675611,2.835062
804654003.7498009,1.989202
804654005.989747,2.164024
804654008.538021,2.4626650000000003
804654010.730807,2.103874
804654012.957732,2.159188
804654015.1880051,2.128912
804654017.835274,2.577552
804654020.192764,2.27216
804654022.268602,1.968093
804654024.06281,1.729031
804654025.767419,1.6407800000000001
804654028.113998,2.267429
804654029.7009029,1.501762
804654031.352805,1.5763610000000001
804654033.615283,2.187629
804654035.542035,1.850464
804654037.510774,1.8917549999999999
804654039.4475031,1.858092
804654041.3100649,1.7883689999999999
804654042.785776,1.405036
804654044.224471,1.3578810000000001
804654046.412701,2.103894
804654048.665732,2.1729689999999997
804654050.1624379,1.42973
804654051.2479911,1.022777
804654053.1020931,1.799796
804654055.5041109,2.3141789999999998
804654057.875598,2.2912850000000002
804654060.545339,2.5848440000000004
804654062.982233,2.355445
804654065.2207409,2.15818
804654067.564428,2.2577320000000003
804654069.939363,2.2951249999999996
804654072.511959,2.4851069999999997
804654075.6978769,3.0999529999999997
804654077.748021,1.969742
804654079.9826341,2.14955
804654082.1978871,2.1066499999999997
804654084.396652,2.112559
804654086.5610969,2.084493
804654088.710877,2.070832
804654091.1764779,2.39429
804654093.5210279,2.264663
804654095.7502991,2.1443980000000002
804654098.0735891,2.2434339999999997
804654100.3183,2.159764
804654102.608934,2.204413
804654105.144262,2.4557580000000003
804654107.711164,2.473976
804654110.114941,2.323836
804654112.751686,2.5606370000000003
804654114.998814,2.160316
804654117.55464,2.47567
804654120.322204,2.681569
804654123.11409,2.7065930000000002
804654125.758242,2.56383
804654128.936292,3.0923550000000004
804654131.660295,2.6383330000000003
804654134.332046,2.59187
804654135.766746,1.368466
804654137.097435,1.266986
804654138.8470091,1.686562
804654140.998309,2.0708520000000004
804654143.292686,2.206257
804654145.776098,2.403326
804654148.104024,2.241735
804654150.923318,2.733746
804654153.36127,2.357709
804654155.773081,2.325625
804654158.519561,2.662871
804654161.637778,3.0330130000000004
804654164.398401,2.6759510000000004
804654166.778287,2.291787
804654169.49395,2.636595
804654172.047546,2.468573
804654174.6924249,2.559084
804654177.446693,2.67379
804654180.136927,2.619755
804654182.4695331,2.247929
804654184.661407,2.12821
804654187.1000559,2.352869
804654189.568163,2.400335
804654191.852096,2.211144
804654194.00768,2.0872960000000003
804654195.9688721,1.889574
804654197.8095881,1.756545
804654199.879558,1.9922030000000002
804654202.001569,2.058408
804654204.039439,1.972142
804654206.015169,1.908063
804654208.0736481,1.981895
804654210.220562,2.0702160000000003
804654212.213437,1.9189829999999999
804654214.274382,1.9940639999999998
804654216.09699,1.7728030000000001
804654218.45964,2.297122
804654220.5172119,2.0085770000000003
804654222.76136,2.1773360000000004
804654225.021266,2.183712
804654226.7433771,1.672385
804654228.244876,1.44404
804654230.540121,2.228364
804654232.322962,1.722972
804654234.53607,2.14508
804654236.037251,1.4367860000000001
804654237.871617,1.732635
804654239.902305,1.967366
804654241.908877,1.9424080000000001
804654243.943485,1.949444
804654245.999678,1.956826
804654248.6530111,2.567479
804654251.467259,2.729952
804654254.02724,2.480451
804654256.392277,2.294092
804654258.801848,2.3375929999999996
804654261.19708,2.321736
804654263.744822,2.454339
804654266.268373,2.403065
804654268.778681,2.4412499999999997
804654270.320228,1.4857099999999999
804654272.200369,1.810431
804654274.107307,1.84798
804654276.520686,2.3498669999999997
804654279.20652,2.623148
804654281.96382,2.6781159999999997
804654284.582883,2.5365309999999996
804654286.998673,2.340069
804654289.5587801,2.49273
804654291.70798,2.0778939999999997
804654294.155218,2.370149
804654304.147043,9.886019
804654305.957464,1.7251720000000001
804654307.8231031,1.811683
804654310.1540971,2.264761
804654312.417601,2.2304920000000004
804654314.615856,2.1641880000000002
804654316.920936,2.268112
804654319.068063,2.1125789999999998
804654320.6490259,1.551562
804654323.076156,2.395248
804654325.705002,2.5903419999999997
804654327.971889,2.21212
804654330.36704,2.3258889999999997
804654332.759241,2.337942
804654334.3052421,1.4915219999999998
804654336.576425,2.225915
804654338.600893,1.9783140000000001
804654340.5170319,1.8745770000000002
804654342.099039,1.537402
804654344.493995,2.3541090000000002
804654346.096494,1.555938
804654348.279271,2.11933
804654350.323896,2.0162869999999997
804654352.194409,1.841297
804654354.493683,2.2554659999999997
804654356.913686,2.383665
804654359.139271,2.14204
804654361.484205,2.307423
804654364.170205,2.621016
804654366.3988731,2.162398
804654369.188376,2.730187
804654372.2290261,2.9758839999999998
804654375.605734,3.282334
804654378.445954,2.77987
804654381.049206,2.538414
804654383.295979,2.182207
804654384.7925681,1.437643
804654386.256659,1.405314
804654388.075059,1.760805
804654389.5583379,1.38767
804654392.13749,2.501017
804654394.741846,2.527072
804654396.92476,2.110767
804654399.397418,2.388142
804654401.683246,2.205205
804654403.947744,2.19014
804654406.35555,2.294257
804654408.620625,2.139823
804654410.655818,1.9486729999999999
804654413.0137689,2.277633
804654415.2962531,2.1973320000000003
804654417.658173,2.288123
804654419.897632,2.154898
804654421.9612119,1.977871
804654424.267708,2.22055
804654426.650732,2.298338
804654428.9024559,2.1267069999999997
804654431.1586341,2.171115
804654433.445338,2.1591280000000004
804654435.7991691,2.268748
804654437.901595,2.021868
804654440.243407,2.2713740000000002
804654442.4016681,2.084904
804654444.632177,2.147936
804654446.0615599,1.361375
804654447.908085,1.7828970000000002
804654449.490906,1.519212
804654451.3128979,1.759978
804654452.946241,1.5809870000000001
804654454.816892,1.786164
804654457.189607,2.304616
804654459.518595,2.199236
804654461.600963,2.002654
804654463.821098,2.130827
804654466.213744,2.3125400000000003
804654468.602196,2.286801
804654470.8185719,2.131177
804654473.132605,2.230784
804654475.178038,1.9591819999999998
804654477.215782,1.9631359999999998
804654479.188596,1.891785
804654481.537024,2.276601
804654483.565803,1.9603200000000003
804654485.7526549,2.102622
804654488.068373,2.23082
804654490.324561,2.1770050000000003
804654492.454105,2.049787
804654494.494095,1.9588610000000002
804654496.5891479,2.022745
804654498.768072,2.0922319999999996
804654501.5262539,2.6336380000000004
804654503.812547,2.2190320000000003
804654506.111977,2.23523
804654508.3349279,2.144274
804654510.816026,2.390411
804654513.094436,2.198148
804654515.14911,1.979303
804654517.642902,2.413119
804654519.8797201,2.151234
804654522.290398,2.330642
804654524.934149,2.55764
804654527.363626,2.343974
804654530.076419,2.633217
804654532.5054541,2.3437129999999997
804654535.228685,2.637086
804654537.611223,2.3022400000000003
804654540.1534569,2.470167
804654542.8563911,2.6172940000000002
804654545.3177769,2.380247
804654547.9505221,2.545608
804654550.389296,2.3237010000000002
804654552.599142,2.1246720000000003
804654555.297781,2.6129949999999997
804654557.941257,2.562217
804654560.645488,2.619409
804654563.341145,2.609912
804654565.902344,2.481483
804654568.2397361,2.247834
804654570.694196,2.368941
804654573.493524,2.719137
804654575.839657,2.2598570000000002
804654578.550639,2.631137
804654581.26931,2.6331610000000003
804654583.584059,2.229396
804654585.95497,2.291105
804654588.327705,2.287267
804654590.781564,2.367673
804654593.5681931,2.7062969999999997
804654596.128043,2.4741709999999997
804654598.630921,2.409532
804654601.160978,2.449458
804654603.335351,2.089605
804654605.930554,2.514956
804654608.608148,2.591915
804654611.069574,2.374434
804654613.762044,2.61124
804654616.163946,2.3168699999999998
804654618.437195,2.189113
804654621.128652,2.626792
804654623.774057,2.578334
804654626.907874,3.0532139999999997
804654629.853623,2.859915
804654632.387588,2.462113
804654635.532135,3.0626160000000002
804654638.421869,2.825379
804654641.145316,2.6562159999999997
804654644.156432,2.9256170000000004
804654647.214563,2.967936
804654649.875629,2.59599
804654651.745919,1.802637
804654654.263426,2.4538390000000003
804654657.278522,2.948451
804654660.263327,2.917509
804654663.097512,2.742515
804654665.954629,2.7884379999999998
804654669.02364,3.0014790000000002
804654671.9518479,2.8615329999999997
804654674.319587,2.279137
804654676.310412,1.923037
804654679.6228501,3.226788
804654682.740976,3.038476
804654685.829408,3.0215300000000003
804654688.6929001,2.795975
804654691.498022,2.7379499999999997
804654694.72915,3.1508909999999997
804654697.716085,2.897612
804654700.848634,3.049155
804654703.6826739,2.7486810000000004
804654707.02441,3.261539
804654710.302372,3.19287
804654712.8479201,2.456801
804654715.4815071,2.555921
804654718.253326,2.691597
804654720.902249,2.563038
804654723.747424,2.7638010000000004
804654726.394949,2.5498719999999997
804654728.635997,2.157409
804654731.4878379,2.723722
804654733.705892,2.1375119999999996
804654736.611498,2.819941
804654739.027714,2.3310929999999996
804654741.686129,2.5782629999999997
804654744.5471001,2.7755520000000002
804654746.943561,2.310937
804654750.128322,3.104449
804654753.034218,2.819229
804654755.310418,2.188576
804654757.911885,2.520279
804654760.261506,2.264082
804654762.582852,2.236067
804654765.0448,2.381931
804654767.9985981,2.868168
804654770.4425579,2.32549
804654773.108606,2.585625
804654775.7644,2.570149
804654778.346778,2.50182
804654781.008405,2.575798
804654783.602,2.507534
804654786.233276,2.551025
804654788.727725,2.4191830000000003
804654791.6506209,2.836715
804654794.560331,2.8299190000000003
804654796.920502,2.270612
804654799.308206,2.302396
804654801.6959859,2.3074630000000003
804654804.086943,2.303228
804654806.410785,2.235225
804654809.112807,2.6222659999999998
804654811.35588,2.162435
804654813.641061,2.208668
804654815.8339621,2.106565
804654817.863302,1.948226
804654819.976728,2.0277619999999996
804654822.515284,2.4329349999999996
804654824.7045059,2.103487
804654827.345721,2.5557309999999998
804654829.9370099,2.5105549999999996
804654832.663007,2.6398569999999997
804654835.403289,2.652587
804654837.675369,2.204287
804654840.266051,2.505129
804654842.6216661,2.2701409999999997
804654845.412084,2.7101949999999997
804654847.7860861,2.288654
804654850.389529,2.522239
804654852.9146839,2.4399819999999997
804654855.6473371,2.6469280000000004
804654858.1798741,2.451618
804654861.082718,2.817069
804654863.785426,2.6168340000000003
804654866.607638,2.7417890000000003
804654869.423304,2.728679
804654872.1470311,2.6379620000000004
804654875.525162,3.2922569999999998
804654878.296175,2.69065
804654880.841777,2.4639219999999997
804654883.4103429,2.483467
804654885.833881,2.343647
804654888.470816,2.550804
804654890.735469,2.178773
804654893.189829,2.374424
804654895.489263,2.2135700000000003
804654898.0972359,2.544194
804654900.111797,1.897294
804654902.5511969,2.362075
804654905.618253,2.9865540000000004
804654908.09922,2.389098
804654910.43996,2.25443
804654912.739585,2.214195
804654914.939563,2.1155660000000003
804654917.215448,2.195056
804654919.604606,2.303087
804654921.951756,2.266592
804654924.2155571,2.179494
804654926.665878,2.364696
804654928.929899,2.184086
804654931.470811,2.456815
804654933.713663,2.155073
804654935.9853281,2.186366
804654938.078341,1.981409
804654940.267645,2.103499
804654942.554469,2.2019320000000002
804654944.645453,2.0104509999999998
804654946.8742881,2.144178
804654949.1631169,2.229606
804654951.5745319,2.339938
804654953.763714,2.1248270000000002
804654956.426359,2.589359
804654958.721714,2.2267900000000003
804654960.2568079,1.4787590000000002
804654962.219769,1.905738
804654964.4607879,2.161884
804654966.7267289,2.18817
804654969.3429409,2.5341299999999998
804654971.4196509,1.9891869999999998
804654973.45688,1.941726
804654975.537259,1.990164
804654977.6820179,2.065048
804654979.704848,1.937937
804654981.892392,2.105954
804654983.9113231,1.934224
804654985.89817,1.904394
804654987.861937,1.8757920000000001
804654989.944607,2.002568
804654992.172484,2.134805
804654994.30503,2.0467760000000004
804654996.504436,2.11929
804654998.7800491,2.191022
804655001.4340091,2.573788
804655003.684395,2.158111
804655005.600852,1.836552
804655007.675192,1.987258
804655010.276153,2.519838
804655012.591003,2.229496
804655014.866417,2.1902150000000002
804655017.27735,2.330541
804655019.8503261,2.487702
804655022.426866,2.4962679999999997
804655025.461563,2.596381
804655027.97708,2.429958
804655030.942951,2.859824
804655033.4545641,2.4266449999999997
804655036.0344961,2.494509
804655038.528243,2.416236
804655040.849327,2.2407630000000003
804655043.2624559,2.32745
804655045.665171,2.336962
804655047.77949,2.043834
804655049.784779,1.925568
804655052.118859,2.260995
804655054.3942621,2.199722
804655056.2766501,1.817467
804655058.5316709,2.170459
804655060.894648,2.280921
804655063.104794,2.124131
804655065.373867,2.188827
804655068.229277,2.7692490000000003
804655070.5120571,2.196594
804655072.824246,2.246
804655075.518289,2.60893
804655078.193623,2.603949
804655080.981986,2.703446
804655083.655396,2.587509
804655085.855464,2.119981
804655088.606845,2.665753
804655091.3582121,2.665728
804655094.038579,2.600014
804655096.315205,2.191813
804655098.733346,2.3323609999999997
804655101.424868,2.608459
804655104.038689,2.527891
804655106.7423741,2.617073
804655109.43763,2.6117459999999997
804655111.877606,2.3539559999999997
804655114.420512,2.462539
804655117.292755,2.785957
804655119.6889,2.3113970000000004
804655122.407265,2.6379070000000002
804655125.052739,2.559836
804655129.207007,4.0682979999999995
804655131.498363,2.22484
804655133.641253,2.076445
804655136.084612,2.355942
804655138.318173,2.147294
804655140.769812,2.368204
804655142.905349,2.050815
804655145.32792,2.344413
804655147.930069,2.517757
804655150.491398,2.448817
804655153.190758,2.613772
804655155.464172,2.186622
804655157.889726,2.344755
804655159.921993,1.9467480000000001
804655161.581061,1.5997999999999999
804655163.3715401,1.728119
804655165.384577,1.932219
804655167.476468,2.006908
804655169.884169,2.328256
804655172.1056571,2.135643
804655174.1346409,1.948753
804655176.035046,1.8394430000000002
804655178.465721,2.362401
804655180.689189,2.160166
804655182.653027,1.896806
804655184.578856,1.862592
804655186.737733,2.092682
804655188.681814,1.880253
804655190.480878,1.731843
804655192.544338,1.9787670000000002
804655194.831834,2.202448
804655196.679176,1.78444
804655199.020362,2.2553959999999997
804655200.941801,1.841217
804655203.158393,2.1318740000000003
804655205.38174,2.154191
804655207.6542159,2.188321
804655209.92543,2.188441
804655212.1886849,2.1788279999999998
804655214.5241021,2.203024
804655216.734434,2.146624
804655218.9903929,2.1681090000000003
804655221.139322,2.0694239999999997
804655223.2240961,2.010506
804655225.689306,2.384156
804655227.789281,2.013764
804655229.6591389,1.789723
804655231.8398421,2.096196
804655234.522193,2.618713
804655236.420047,1.831856
804655238.619459,2.130817
804655240.881912,2.1828279999999998
804655243.102217,2.1347549999999997
804655245.4187859,2.2359910000000003
804655248.2500731,2.7457890000000003
804655250.7537429,2.4194630000000004
804655253.612239,2.777472
804655255.729885,2.0320910000000003
804655257.898599,2.103748
804655259.797361,1.8313190000000001
804655262.1765909,2.2991140000000003
804655264.383676,2.121731
804655266.354349,1.885305
804655268.68471,2.210121
804655270.544611,1.793266
804655272.4410919,1.833805
804655275.146897,2.274025
804655277.583761,2.371467
804655279.751729,2.083632
804655282.215918,2.3836109999999997
804655284.407571,2.106074
804655286.4358691,1.901362
804655288.487957,1.9716109999999998
804655290.685258,2.120508
804655292.92123,2.1613119999999997
804655294.959806,1.970618
804655297.077116,2.032969
804655299.119577,1.9642940000000002
804655301.3089,2.1092910000000002
804655303.6446841,2.251238
804655305.8307799,2.114559
804655308.4190711,2.50196
804655311.0502031,2.545347
804655313.531981,2.401437
804655315.9737719,2.355519
804655318.672632,2.588312
804655321.5174509,2.757902
804655324.122592,2.522107
804655326.625209,2.416697
804655329.0313419,2.325675
804655331.00627,1.897709
804655333.337298,2.2482800000000003
804655335.5597531,2.1360289999999997
804655338.2819519,2.641481
804655341.136098,2.769018
804655343.538116,2.31692
804655345.802514,2.184872
804655348.17357,2.286224
804655350.670899,2.41127
804655353.235847,2.4804150000000003
804655356.1506741,2.828486
804655359.1001819,2.863798
804655361.275682,2.104906
804655364.132028,2.7713780000000003
804655366.469386,2.251523
804655368.732025,2.182337
804655371.05785,2.240282
804655373.861849,2.724078
804655376.993431,3.045135
804655380.332696,3.253787
804655383.1357831,2.717226
804655385.898371,2.681709
804655388.664396,2.680397
804655391.3185221,2.57463
804655393.814865,2.415429
804655396.721418,2.820748
804655399.036243,2.228494
804655401.959008,2.842384
804655404.8045391,2.75936
804655407.22089,2.332101
804655410.009223,2.708401
804655412.512923,2.4162559999999997
804655415.089241,2.4899929999999997
804655417.734085,2.563865
804655420.041794,2.22221
804655422.5058811,2.377607
804655424.917547,2.306015
804655428.062996,3.0592129999999997
804655430.5918399,2.442758
804655433.02026,2.347812
804655435.320866,2.2156939999999996
804655437.840704,2.456695
804655439.906434,1.9983779999999998
804655442.2183319,2.228514
804655444.398859,2.09405
804655446.5222831,2.023056
804655448.712989,2.1223370000000004
804655450.759519,1.969105
804655453.275267,2.436238
804655455.63013,2.269284
804655458.495553,2.785165
804655461.002441,2.421875
804655463.146789,2.05937
804655465.4789741,2.2522539999999998
804655468.156173,2.591113
804655470.586672,2.345396
804655473.170819,2.503113
804655475.739465,2.4839990000000003
804655478.3821379,2.562306
804655480.62229,2.1551080000000002
804655482.985212,2.277819
804655485.375708,2.3100389999999997
804655487.3900789,1.930279
804655489.548289,2.07826
804655491.501733,1.876755
804655493.776389,2.194845
804655495.935792,2.0734630000000003
804655498.550325,2.5018000000000002
804655501.874094,3.2385859999999997
804655504.186759,2.226084
804655506.378363,2.1060190000000003
804655509.3285819,2.869326
804655512.26519,2.850908
804655514.928938,2.577738
804655517.823117,2.813252
804655520.798004,2.889327
804655523.185168,2.302682
804655525.811904,2.543196
804655528.6094079,2.724654
804655530.9972731,2.30182
804655533.721596,2.644517
804655536.415524,2.608439
804655539.033354,2.532025
804655541.7853221,2.6717210000000002
804655544.7106639,2.8394269999999997
804655547.265764,2.469736
804655549.662279,2.315291
804655552.401081,2.652321
804655554.629189,2.151825
804655556.1008611,1.4084290000000002
804655558.3793659,2.192561
804655560.315209,1.857395
804655561.9238341,1.5237779999999999
804655563.741792,1.7376010000000002
804655565.845636,2.023081
804655568.035892,2.105598
804655570.1539091,2.031385
804655572.435055,2.213935
804655574.537039,2.018024
804655576.662098,2.0452920000000003
804655578.826988,2.080479
804655580.756195,1.8568390000000001
804655583.084938,2.253562
804655585.146844,1.9816590000000003
804655587.581408,2.3594649999999997
804655589.8241711,2.159453
804655592.414602,2.498653
804655594.330178,1.831164
804655595.8344,1.437041
804655597.682418,1.785914
804655599.797729,2.030162
804655602.256218,2.3775910000000002
804655604.660877,2.320017
804655607.347574,2.6012779999999998
804655609.741137,2.313477
804655611.9331859,2.1192640000000003
804655614.541831,2.543868
804655616.966617,2.339177
804655619.251291,2.1989549999999998
804655622.0379249,2.707023
804655624.3422251,2.219217
804655627.3145059,2.886526
804655630.295262,2.901215
804655633.267933,2.8975720000000003
804655635.7528399,2.399602
804655638.2117549,2.378073
804655640.719224,2.4201449999999998
804655643.218328,2.413274
804655645.3969059,2.09805
804655648.073157,2.590301
804655650.45334,2.294328
804655653.246439,2.713042
804655655.962203,2.630816
804655658.74409,2.672993
804655661.010838,2.185203
804655663.668807,2.5719179999999997
804655666.53887,2.7894
804655669.030246,2.4057020000000002
804655671.4457899,2.328106
804655673.822875,2.3123839999999998
804655676.211703,2.3005370000000003
804655678.5777171,2.2796130000000003
804655680.545684,1.8861970000000001
804655682.7325209,2.1017789999999996
804655684.125375,1.329155
804655685.5131711,1.2990899999999999
804655687.524269,1.9482220000000001
804655689.673524,2.07391
804655691.742186,1.9821700000000002
804655693.996335,2.174649
804655696.185372,2.106896
804655698.405867,2.134896
804655700.707526,2.2219689999999996
804655702.97235,2.178227
804655705.2538519,2.201641
804655707.7064431,2.3675829999999998
804655710.2005551,2.4134
804655712.815274,2.532462
804655715.142107,2.2418
804655717.871328,2.649094
804655720.4259161,2.469605
804655723.101967,2.6046400000000003
804655725.9100101,2.7271449999999997
804655728.544339,2.548098
804655731.201085,2.570962
804655733.701176,2.424009
804655735.880401,2.094316
804655738.143891,2.183865
804655740.560358,2.348087
804655742.814617,2.1818459999999997
804655745.430368,2.5489010000000003
804655747.9237541,2.433581
804655751.801829,3.822726
804655754.638284,2.775883
804655757.8268679,3.124917
804655760.507104,2.612092
804655762.6168209,2.041623
804655765.130384,2.4434750000000003
804655767.960253,2.758829
804655769.4389709,1.391996
804655771.005359,1.499376
804655773.05439,1.9698620000000002
804655775.333121,2.193708
804655777.593289,2.17982
804655779.405624,1.726134
804655781.170203,1.6806379999999999
804655782.99864,1.755668
804655784.68006,1.6016050000000002
804655786.2383441,1.474112
804655788.418099,2.105141
804655790.6729901,2.168996
804655792.8502799,2.097519
804655795.5590019,2.63256
804655797.532051,1.907772
804655799.836537,2.218134
804655802.099216,2.183284
804655804.054348,1.8688909999999999
804655806.4785529,2.3375879999999998
804655808.677132,2.118342
804655811.286353,2.5228249999999997
804655814.043839,2.67738
804655816.26038,2.1303759999999996
804655818.2668619,1.922752
804655820.372505,2.026138
804655822.663555,2.206557
804655824.777883,2.047106
804655827.007084,2.150362
804655829.008474,1.93056
804655830.54634,1.476207
804655832.233503,1.637076
804655833.9996951,1.683049
804655835.592574,1.514296
804655837.934097,2.2617819999999997
804655839.4930121,1.491428
804655841.393848,1.838095
804655843.082119,1.622698
804655844.4776291,1.332417
804655846.799405,2.2457599999999998
804655848.7762331,1.912538
804655851.389142,2.527039
804655853.671215,2.202509
804655855.955695,2.19902
804655858.2252389,2.162405
804655860.4129679,2.1200669999999997
804655862.4762479,1.977861
804655864.480425,1.924205
804655866.6166489,2.046275
804655868.6510459,1.967301
804655870.943043,2.221663
804655873.2768121,2.270191
804655876.187103,2.836134
804655878.947346,2.6922040000000003
804655881.6040571,2.576615
804655883.848423,2.158266
804655885.997056,2.0690679999999997
804655889.261076,3.178431
804655891.947647,2.6005350000000003
804655895.1236321,3.066826
804655898.085073,2.876879
804655901.056592,2.885028
804655903.8102291,2.6682680000000003
804655906.181576,2.290543
804655908.560966,2.2943019999999996
804655910.719377,2.072651
804655912.9126791,2.109502
804655915.3296521,2.309808
804655918.119773,2.70999
804655920.195983,1.9902090000000001
804655922.740157,2.4579590000000002
804655925.318772,2.498453
804655928.0552591,2.651273
804655930.062788,1.922241
804655932.330483,2.1952320000000003
804655934.3745631,1.9587160000000001
804655937.009588,2.5547590000000002
804655939.571298,2.477097
804655941.868477,2.217588
804655943.938998,1.9849160000000001
804655946.037074,1.986761
804655948.134533,2.010858
804655950.215458,2.012225
804655951.574448,1.295356
804655952.8254,1.187395
804655954.75992,1.8707559999999999
804655956.815987,1.9920939999999998
804655959.145456,2.2425919999999997
804655961.288361,2.063008
804655963.742591,2.3677390000000003
804655965.976582,2.153845
804655968.606075,2.54449
804655970.8209879,2.129759
804655973.125294,2.224274
804655975.790048,2.596241
804655978.156178,2.297425
804655980.076765,1.8541429999999999
804655982.5793071,2.429041
804655985.008237,2.3494710000000003
804655987.114316,2.013839
804655989.314946,2.137322
804655991.546462,2.163112
804655993.685548,2.0587489999999997
804655995.815257,2.056694
804655998.06494,2.183961
804656000.702847,2.552598
804656003.433691,2.6612210000000003
804656006.217989,2.7041560000000002
804656008.87667,2.573657
804656010.732391,1.770282
804656013.0232,2.211881
804656015.326023,2.223698
804656017.7534599,2.3474860000000004
804656020.240626,2.4021239999999997
804656022.8525829,2.535042
804656025.064824,2.14095
804656027.1970941,2.0469910000000002
804656029.451207,2.174448
804656031.803229,2.26765
804656034.401755,2.518205
804656037.2726699,2.7993940000000004
804656039.9299481,2.5722940000000003
804656042.678337,2.6424019999999997
804656045.035215,2.2718
804656047.726933,2.6068200000000004
804656050.343345,2.5339400000000003
804656052.793961,2.364781
804656055.010497,2.131042
804656057.7535341,2.663326
804656060.243732,2.404474
804656062.8539159,2.525165
804656065.450392,2.5164649999999997
804656068.040713,2.5049680000000003
804656070.4273659,2.300266
804656073.013111,2.503184
804656075.7037311,2.6053420000000003
804656078.562919,2.779722
804656081.319056,2.6708589999999997
804656084.1317459,2.727205
804656086.547105,2.329469
804656089.390356,2.762467
804656091.919119,2.44365
804656094.836186,2.8350269999999997
804656097.147724,2.226389
804656099.5783631,2.3446550000000004
804656102.165272,2.506872
804656104.883997,2.633677
804656107.443382,2.475003
804656110.197134,2.673114
804656113.022803,2.739133
804656115.505855,2.397789
804656117.6530199,2.082379
804656120.114822,2.377446
804656122.841897,2.653569
804656125.881996,2.9609189999999996
804656128.3834151,2.416166
804656130.812426,2.344399
804656133.070975,2.178252
804656135.528247,2.3717479999999997
804656137.8478681,2.2389580000000002
804656140.219992,2.295049
804656142.164214,1.858317
804656144.4856191,2.241449
804656146.778653,2.2108879999999997
804656149.025049,2.164324
804656151.036263,1.92812
804656153.1811421,2.0654190000000003
804656155.122217,1.835845
804656156.890574,1.688893
804656159.023902,2.049773
804656161.154207,2.038456
804656163.249651,2.011578
804656165.744961,2.415941
804656168.075182,2.2459089999999997
804656170.254131,2.0942410000000002
804656172.4098151,2.075984
804656174.673501,2.1963500000000002
804656176.523805,1.7860289999999999
804656178.456455,1.850409
804656180.335741,1.799816
804656182.288493,1.881811
804656184.476663,2.108965
804656186.525383,1.975931
804656188.667336,2.077532
804656190.8887631,2.136419
804656193.123261,2.154427
804656195.273519,2.062829
804656197.565225,2.2121760000000004
804656199.86088,2.210121
804656202.1236291,2.183474
804656204.42181,2.2137390000000003
804656206.3945991,1.897668
804656208.4163059,1.950432
804656210.6959691,2.2247399999999997
804656212.597833,1.8505539999999998
804656214.568953,1.906906
804656216.8170531,2.187062
804656218.9271361,2.043173
804656221.377151,2.383003
804656223.333832,1.890723
804656225.753851,2.340179
804656228.2075,2.36632
804656230.375713,2.083126
804656232.573822,2.118698
804656234.8013691,2.145416
804656237.07602,2.214496
804656238.563905,1.4163279999999998
804656240.051529,1.421791
804656241.4069899,1.2705380000000002
804656244.0721561,2.583961
804656246.579123,2.4215880000000003
804656248.8549271,2.1956520000000004
804656251.61124,2.671004
804656254.115706,2.428219
804656256.552876,2.3509189999999998
804656259.018458,2.380628
804656261.388537,2.2887799999999996
804656263.7879089,2.314053
804656266.342527,2.474085
804656268.810719,2.383701
804656271.125158,2.2260079999999998
804656273.801319,2.593032
804656276.418338,2.531149
804656279.579308,3.0757559999999997
804656282.008906,2.3492360000000003
804656284.482105,2.3875290000000002
804656286.879197,2.309412
804656289.2495561,2.2898169999999998
804656292.194227,2.8567359999999997
804656294.611606,2.3313129999999997
804656296.967056,2.2755840000000003
804656299.4786739,2.425728
804656301.989064,2.429938
804656304.496293,2.422511
804656307.188937,2.615816
804656309.744322,2.480851
804656312.726561,2.896585
804656315.449793,2.637056
804656317.852302,2.3223879999999997
804656320.08014,2.141642
804656322.722558,2.556578
804656325.224002,2.420892
804656327.952971,2.642227
804656330.489633,2.425463
804656333.174068,2.597278
804656335.9352579,2.675755
804656338.788496,2.743493
804656341.135536,2.261261
804656343.9127539,2.691448
804656346.39136,2.398635
804656348.853719,2.376329
804656351.362039,2.4222050000000004
804656354.3838199,2.941915
804656357.020093,2.551927
804656359.326659,2.221392
804656361.566069,2.159594
804656364.294798,2.642934
804656366.7844801,2.404418
804656369.1635491,2.298617
804656371.822917,2.573713
804656374.228628,2.326191
804656377.614893,3.301101
804656381.057394,3.357017
804656383.579156,2.4493929999999997
804656386.485964,2.827193
804656388.673573,2.101924
804656390.8651971,2.105749
804656393.12541,2.156396
804656395.626158,2.42888
804656398.018558,2.312149
804656400.539047,2.435146
804656402.920387,2.295545
804656405.525663,2.524829
804656407.893081,2.2811820000000003
804656410.582222,2.608319
804656412.843347,2.175732
804656415.139765,2.2107229999999998
804656417.510275,2.2900669999999996
804656419.86803,2.269629
804656421.885863,1.950016
804656424.158295,2.1876640000000003
804656426.502809,2.258404
804656428.7787681,2.195483
804656431.1118959,2.248099
804656433.8479819,2.665321
804656435.911426,1.9786780000000002
804656438.384169,2.3981839999999996
804656440.674236,2.204964
804656443.010046,2.25004
804656445.3840281,2.294403
804656447.717011,2.247303
804656449.9778349,2.180316
804656451.4519169,1.390037
804656453.2960811,1.76477
804656454.995473,1.614875
804656456.516615,1.453118
804656458.690046,2.088743
804656460.936316,2.16658
804656463.166249,2.1443679999999996
804656465.201969,1.955554
804656467.4329439,2.161273
804656469.434695,1.922205
804656471.686984,2.1679880000000002
804656473.647314,1.8946360000000002
804656476.077051,2.3448700000000002
804656478.06285,1.899318
804656480.196864,2.053467
804656482.3548039,2.0860879999999997
804656484.374798,1.939837
804656486.673065,2.222776
804656489.2827309,2.528708
804656491.630854,2.264187
804656493.925111,2.21381
804656496.244301,2.233756
804656498.694265,2.362877
804656501.913492,3.136233
804656504.919652,2.9219139999999997
804656507.638818,2.634203
804656510.554848,2.8352310000000003
804656513.784478,3.14375
804656515.923413,2.054569
804656518.121893,2.0885830000000003
804656520.398378,2.191342
804656522.992168,2.5087870000000003
804656525.5371051,2.465471
804656528.244634,2.621404
804656530.51275,2.182457
804656532.829284,2.2359459999999998
804656534.867019,1.9513230000000001
804656537.253621,2.307924
804656539.487046,2.1478159999999997
804656541.741135,2.173571
804656544.10539,2.278956
804656546.8582,2.6670550000000004
804656549.157789,2.218832
804656551.8637761,2.6200059999999996
804656554.166457,2.2218530000000003
804656556.495836,2.242762
804656559.045097,2.463065
804656561.481435,2.355936
804656563.685447,2.115872
804656566.197998,2.4319430000000004
804656568.643342,2.3599099999999997
804656571.0103631,2.281953
804656573.5729901,2.4819389999999997
804656576.093519,2.4346039999999998
804656578.315338,2.136455
804656580.566409,2.171211
804656583.0085859,2.356131
804656585.795856,2.707199
804656588.775338,2.893191
804656591.065637,2.19876
804656593.509457,2.362726
804656595.5786049,1.9846310000000003
804656597.767567,2.108339
804656600.2265481,2.3718630000000003
804656602.457833,2.146142
804656604.8614651,2.3236950000000003
804656607.119477,2.178077
804656609.3983439,2.200018
804656611.602181,2.1192450000000003
804656613.603411,1.921354
804656615.687248,1.9986079999999997
804656617.783424,2.032768
804656619.866058,1.9984640000000002
804656621.9801611,2.034652
804656624.366352,2.31715
804656627.012874,2.5467400000000002
804656629.0735121,1.981745
804656631.1776869,2.017042
804656633.128464,1.8707859999999998
804656634.8297011,1.616459
804656637.121292,2.212557
804656638.7375901,1.532083
804656640.274274,1.456326
804656642.5143191,2.163764
804656644.6129309,2.029099
804656646.69565,2.001185
804656649.1623391,2.383084
804656651.337539,2.1018790000000003
804656653.360008,1.95613
804656655.347131,1.901939
804656657.345649,1.918974
804656659.243022,1.8122150000000001
804656661.2678471,1.9549569999999998
804656663.213171,1.874665
804656665.414738,2.122698
804656667.35245,1.847733
804656669.623803,2.190209
804656671.78283,2.0748670000000002
804656673.835651,1.9720119999999999
804656675.874148,1.953644
804656677.849788,1.9085040000000002
804656680.0635331,2.1281350000000003
804656682.223472,2.0743150000000004
804656684.213039,1.9063439999999998
804656686.484087,2.1866820000000002
804656689.202953,2.638223
804656691.599694,2.3117680000000003
804656693.754336,2.074416
804656695.685634,1.852053
804656697.921906,2.170343
804656699.8640829,1.873191
804656701.987723,2.0437939999999997
804656704.163885,2.091279
804656706.155587,1.905632
804656708.403081,2.163042
804656710.486346,2.0127270000000004
804656712.5879999,2.0215870000000002
804656715.008461,2.350172
804656717.124809,2.049057
804656719.282884,2.08273
804656721.356007,2.00996
804656723.417311,1.975896
804656725.685062,2.202142
804656727.838451,2.086488
804656730.041926,2.1224719999999997
804656732.353183,2.230358
804656734.606866,2.1690709999999997
804656736.686819,2.013097
804656739.090692,2.3195870000000003
804656741.065781,1.8972730000000002
804656743.174827,2.023842
804656745.7407709,2.495461
804656748.226048,2.400559
804656750.683635,2.372369
804656753.398532,2.63476
804656756.0630511,2.579641
804656758.301113,2.1521510000000004
804656760.7932111,2.4083479999999997
804656763.500485,2.621714
804656765.9895749,2.40899
804656768.776845,2.7007239999999997
804656771.3611981,2.4994449999999997
804656774.0050989,2.56404
804656776.722837,2.6323950000000003
804656779.191431,2.38331
804656781.569739,2.299143
804656784.32735,2.672703
804656786.722637,2.31042
804656789.029889,2.227928
804656791.248571,2.1482620000000003
804656793.695027,2.365974
804656796.392809,2.613004
804656798.73619,2.258133
804656801.067027,2.250967
804656803.2156609,2.06326
804656805.586898,2.290744
804656808.390866,2.719643
804656811.154797,2.6790030000000002
804656813.689033,2.45436
804656816.3836371,2.609336
804656818.707714,2.2532059999999996
804656821.414647,2.634454
804656823.610023,2.111166
804656826.342286,2.653579
804656828.929901,2.503104
804656831.6360381,2.6215140000000003
804656834.138189,2.4194839999999997
804656836.988265,2.764802
804656839.3575921,2.284574
804656841.897145,2.4601279999999996
804656844.4158651,2.433221
804656847.0593411,2.558313
804656849.705608,2.56602
804656852.361041,2.57069
804656855.060291,2.607546
804656857.7592549,2.601047
804656860.093019,2.2487470000000003
804656862.76456,2.5841369999999997
804656865.273051,2.425442
804656867.7396691,2.38157
804656870.373597,2.5546140000000004
804656872.928621,2.470137
804656875.787835,2.773809
804656878.049135,2.180662
804656880.5413879,2.407701
804656883.526554,2.898489
804656885.881212,2.274757
804656888.250288,2.284349
804656890.847356,2.511869
804656893.368672,2.4420520000000003
804656895.827662,2.355009
804656898.018844,2.123239
804656900.281032,2.1781270000000004
804656902.832047,2.464002
804656905.5327301,2.6207969999999996
804656908.4230399,2.805297
804656910.948826,2.438478
804656913.177771,2.146934
804656915.4759929,2.212206
804656918.198136,2.641992
804656920.355605,2.07014
804656922.4886969,2.0618659999999998
804656924.756442,2.195327
804656927.407741,2.577102
804656929.583658,2.096642
804656931.997619,2.326076
804656934.380783,2.2672790000000003
804656936.855786,2.395262
804656939.295962,2.3552540000000004
804656941.497288,2.1184670000000003
804656943.732818,2.150242
804656946.1145539,2.312564
804656948.401324,2.202754
804656950.792948,2.306912
804656953.205431,2.331745
804656955.748738,2.45902
804656958.213101,2.384066
804656960.7729421,2.466859
804656963.003535,2.145009
804656965.333661,2.2356149999999997
804656967.946961,2.526833
804656970.515436,2.457036
804656973.1048961,2.50414
804656975.71313,2.523356
804656978.261173,2.468152
804656980.953607,2.607431
804656983.040601,2.016635
804656984.8815379,1.776417
804656986.763831,1.814665
804656988.508167,1.67903
804656990.21402,1.641733
804656992.4963449,2.206112
804656994.7460079,2.165082
804656997.1266761,2.316394
804656999.860862,2.667181
804657002.256425,2.3154920000000003
804657004.850982,2.502026
804657007.875639,2.939485
804657010.974249,3.031324
804657014.039582,2.9805449999999998
804657016.8127099,2.687959
804657019.662575,2.764968
804657022.1188899,2.376769
804657024.578021,2.373827
804657027.462603,2.807838
804657030.0978249,2.55529
804657032.601965,2.4184520000000003
804657035.403784,2.716741
804657038.216438,2.7320819999999997
804657040.600454,2.298277
804657043.127884,2.442788
804657045.850754,2.642543
804657048.410179,2.475394
804657050.8372251,2.342956
804657053.051912,2.143786
804657055.452331,2.320288
804657057.81799,2.287556
804657060.082919,2.195944
804657062.4837891,2.3338539999999997
804657064.320987,1.7735100000000001
804657066.481117,2.074871
804657068.613402,2.0523529999999996
804657070.748929,2.0519269999999996
804657073.163517,2.333012
804657075.468649,2.219558
804657077.765768,2.217218
804657080.0390719,2.1885160000000003
804657082.1614181,2.0372689999999998
804657084.4994069,2.258359
804657086.4699309,1.8857410000000001
804657088.7220399,2.170825
804657091.094278,2.2868950000000003
804657093.344172,2.1799910000000002
804657095.5526451,2.136009
804657097.870798,2.25034
804657099.997079,2.024779
804657102.289181,2.185885
804657104.623822,2.257606
804657106.840744,2.144874
804657109.0924219,2.1795500000000003
804657111.22383,2.0579970000000003
804657113.539878,2.235996
804657115.6393219,2.027952
804657117.829311,2.11931
804657119.925883,2.024729
804657122.140585,2.1468339999999997
804657124.202235,1.989789
804657127.128885,2.8561150000000004
804657129.888054,2.684767
804657132.56833,2.5958690000000004
804657134.651721,2.014301
804657137.2656031,2.538466
804657139.8495151,2.4945739999999996
804657142.9787359,3.0449349999999997
804657145.72048,2.656851
804657148.200114,2.409195
804657150.82044,2.536676
804657153.325117,2.425678
804657155.905485,2.4959919999999998
804657158.510953,2.525942
804657160.883933,2.2895369999999997
804657163.808779,2.8009269999999997
804657166.40975,2.5280910000000003
804657169.192439,2.714285
804657171.662375,2.396455
804657174.3899211,2.661703
804657177.159616,2.68633
804657179.942842,2.699171
804657182.421599,2.3833040000000003
804657185.027972,2.5382909999999996
804657187.98176,2.8693310000000003
804657190.832929,2.7405559999999998
804657193.6149969,2.713683
804657196.249386,2.5636639999999997
804657198.242041,1.911928
804657200.580572,2.272116
804657202.9768009,2.324497
804657205.094176,2.054709
804657207.3867799,2.2131730000000003
804657209.659351,2.193548
804657211.726103,1.9945689999999998
804657214.106311,2.301253
804657216.106142,1.916016
804657218.1284009,1.953439
804657220.3523741,2.159087
804657222.3681431,1.950136
804657224.2109151,1.779303
804657226.220228,1.943079
804657228.175972,1.892697
804657231.794412,3.551725
804657233.14835,1.291703
804657235.08335,1.849687
804657237.254696,2.090874
804657316.8070381,79.468407
804657386.596262,69.703444
804657390.6149349,3.9332890000000003
804657394.092618,3.3920030000000003
804657397.965646,3.7883560000000003
804657400.553692,2.501945
804657403.280506,2.6417569999999997
804657406.4106901,3.0498719999999997
804657409.477631,2.9815319999999996
804657412.429083,2.866605
804657415.4387571,2.92434
804657418.3219559,2.802812
804657420.920617,2.513282
804657423.265086,2.278165
804657425.8305091,2.4860379999999997
804657428.580783,2.665502
804657430.9220589,2.256399
804657433.539905,2.537769
804657435.9759669,2.364486
804657438.074709,1.9895669999999999
804657440.381159,2.230674
804657442.6110469,2.140434
804657445.013055,2.323665
804657447.5108111,2.40924
804657450.335548,2.74005
804657452.856739,2.436393
804657455.213727,2.271398
804657458.200336,2.906648
804657460.8458359,2.550924
804657463.613466,2.683088
804657466.211395,2.517502
804657468.57115,2.274796
804657470.8458309,2.1892679999999998
804657473.155725,2.245499
804657475.3412989,2.11944
804657477.352672,1.9477749999999998
804657479.523316,2.103528
804657482.064564,2.461592
804657484.683848,2.5337850000000004
804657487.08333,2.314774
804657489.372731,2.209339
804657491.870702,2.4122969999999997
804657494.978975,2.999199
804657497.792732,2.727767
804657500.842343,2.962844
804657504.324311,3.394584
804657507.6303641,3.234872
804657510.925672,3.225891
804657513.149866,2.152597
804657514.579786,1.362548
804657516.764267,2.103383
804657519.40676,2.5571650000000004
804657521.757469,2.270156
804657523.944912,2.1033419999999996
804657526.061651,2.00341
804657528.127727,1.9808120000000002
804657530.452369,2.240422
804657532.5523889,2.0196929999999997
804657534.033438,1.396226
804657535.949265,1.836857
804657538.008549,1.970949
804657540.292252,2.217849
804657542.255754,1.900435
804657544.399771,2.0807
804657546.431517,1.9648700000000001
804657548.7937219,2.28279
804657551.219571,2.341091
804657553.646527,2.3426549999999997
804657555.943781,2.212802
804657558.567115,2.5141
804657561.207318,2.556047
804657563.985381,2.6902850000000003
804657566.55102,2.458134
804657568.94314,2.3035590000000004
804657571.795682,2.766616
804657574.452493,2.576399
804657576.973333,2.4369140000000002
804657579.419459,2.3571489999999997
804657582.012522,2.509879
804657584.4854,2.387279
804657587.202742,2.63267
804657589.8042599,2.5180279999999997
804657592.064437,2.175265
804657594.263122,2.111858
804657596.56584,2.223052
804657599.128131,2.477258
804657601.366212,2.157954
804657603.265429,1.813317
804657605.850514,2.5025120000000003
804657608.0268409,2.0660309999999997
804657610.256763,2.149019
804657612.265571,1.945449
804657614.278132,1.9451399999999999
804657616.379931,2.038091
804657618.658782,2.194871
804657621.1925429,2.4548159999999997
804657623.4394389,2.160641
804657626.4317119,2.913173
804657629.153795,2.633266
804657631.747133,2.519732
804657634.305991,2.491782
804657636.8669449,2.489352
804657639.4774641,2.5247490000000004
804657642.345703,2.7895760000000003
804657644.62295,2.195382
804657646.593649,1.88551
804657648.5282841,1.869508
804657650.504881,1.892501
804657652.7991129,2.2281530000000003
804657655.2104031,2.324813
804657657.365902,2.079799
804657658.8926821,1.4607610000000002
804657660.6276159,1.671402
804657662.2288251,1.534889
804657663.628883,1.336639
804657665.5698091,1.870373
804657667.602227,1.947175
804657669.806409,2.13009
804657672.101559,2.20946
804657674.706168,2.475915
804657677.1237271,2.350238
804657679.276249,2.0797630000000003
804657681.508908,2.164195
804657683.900682,2.263621
804657685.442533,1.454337
804657687.011827,1.4838500000000001
804657689.087029,1.996022
804657691.111032,1.938533
804657693.134724,1.943456
804657695.1060439,1.886151
804657697.179863,1.9936319999999998
804657699.137341,1.8716780000000002
804657701.388232,2.171346
804657703.79012,2.3169399999999998
804657705.946431,2.077107
804657707.724391,1.693233
804657710.052778,2.249097
804657711.9989539,1.8552499999999998
804657713.620275,1.509274
804657715.087872,1.398541
804657717.378155,2.210843
804657720.226076,2.743067
804657722.3485631,2.0336350000000003
804657724.580956,2.1530780000000003
804657726.885357,2.219343
804657729.095984,2.1312729999999998
804657731.630982,2.4502360000000003
804657734.403694,2.6933059999999998
804657736.997979,2.50839
804657739.454534,2.370174
804657742.1900591,2.654912
804657744.9411789,2.660876
804657747.839959,2.8133250000000003
804657750.655656,2.736261
804657753.2391571,2.513347
804657755.954971,2.63064
804657758.381606,2.3193900000000003
804657760.894713,2.43084
804657763.604648,2.625218
804657765.827699,2.1432
804657768.731655,2.8185029999999998
804657771.423012,2.605818
804657774.123786,2.621063
804657776.694853,2.485397
804657779.151107,2.370831
804657781.519657,2.2890200000000003
804657783.9101131,2.314931
804657786.185567,2.2002129999999998
804657788.403285,2.144128
804657790.460511,1.9617440000000002
804657792.481698,1.9550420000000002
804657794.786334,2.219663
804657797.030695,2.164414
804657799.282964,2.181068
804657801.351972,1.989668
804657803.4336541,2.0102610000000003
804657805.566991,2.060061
804657807.616177,1.9649649999999999
804657809.822069,2.126051
804657812.328476,2.421699
804657814.6470951,2.2320320000000002
804657816.764415,2.038662
804657819.006265,2.1574839999999997
804657821.2773279,2.204097
804657823.3424059,1.9806709999999998
804657825.472566,2.050039
804657827.769665,2.21388
804657830.025723,2.19001
804657832.075015,1.9646
804657834.122733,1.962851
804657836.147929,1.946839
804657838.042074,1.821045
804657840.105108,1.9854629999999998
804657842.183813,2.0066620000000004
804657843.8865429,1.623274
804657846.486632,2.529595
804657848.075301,1.504177
804657849.663876,1.5040170000000002
804657851.88795,2.144895
804657854.0763149,2.121996
804657856.343825,2.200759
804657858.917087,2.487733
804657861.401261,2.4038969999999997
804657863.566758,2.079939
804657866.117793,2.4718999999999998
804657868.782889,2.5794110000000003
804657871.011574,2.142544
804657872.559984,1.485349
804657875.1117959,2.471509
804657877.521347,2.3299649999999996
804657879.639614,2.032898
804657881.6886001,1.9699119999999999
804657883.705351,1.931432
804657885.735483,1.9505919999999999
804657887.833207,2.012821
804657889.8164351,1.903057
804657891.7669879,1.8655
804657893.8961899,2.048936
804657895.971102,1.9899779999999998
804657897.969535,1.895373
804657900.124563,2.066877
804657902.720798,2.51064
804657904.977468,2.171366
804657906.883451,1.821521
804657909.15518,2.191297
804657911.6018031,2.3619549999999996
804657913.8618,2.179911
804657916.257328,2.3109960000000003
804657918.977336,2.655774
804657921.307783,2.251032
804657924.154461,2.782158
804657927.258745,3.018539
804657930.0236579,2.685669
804657932.5829171,2.472472
804657935.126505,2.4572510000000003
804657937.786669,2.579897
804657940.610194,2.7389379999999997
804657942.921495,2.225336
804657945.668762,2.667671
804657948.294506,2.5413520000000003
804657951.018343,2.63883
804657953.839893,2.72513
804657956.573659,2.648036
804657959.119081,2.460359
804657961.842744,2.640218
804657964.71012,2.7806789999999997
804657967.4634161,2.667882
804657969.886523,2.343261
804657972.4077541,2.454339
804657974.9130421,2.439155
804657977.0353891,2.0589139999999997
804657979.84441,2.723808
804657982.087994,2.158476
804657984.427997,2.2508559999999997
804657986.6775509,2.164345
804657989.008639,2.250782
804657991.77264,2.682591
804657994.080388,2.2272809999999996
804657996.367749,2.214567
804657998.8908241,2.452615
804658001.6620971,2.692129
804658004.0614389,2.332045
804658006.544305,2.415795
804658008.885121,2.26138
804658011.137626,2.186442
804658013.582028,2.3810089999999997
804658015.630718,1.982275
804658018.0392209,2.3287120000000003
804658019.958194,1.852308
804658022.34829,2.283382
804658025.392262,2.624281
804658027.599241,2.12134
804658029.787868,2.1236699999999997
804658032.027969,2.1282010000000002
804658034.274595,2.1615990000000003
804658036.495682,2.148653
804658038.962942,2.3841460000000003
804658041.248073,2.204143
804658043.649604,2.317657
804658045.94977,2.2195880000000003
804658048.254071,2.219112
804658050.527414,2.1879690000000003
804658052.7950441,2.196314
804658055.0010561,2.1208590000000003
804658057.803708,2.722715
804658060.157288,2.267635
804658062.617105,2.373677
804658065.140496,2.44376
804658067.622605,2.396661
804658070.294973,2.5926970000000003
804658073.0495621,2.670147
804658075.628557,2.494037
804658078.292335,2.583987
804658080.795368,2.418221
804658083.477268,2.597287
804658086.070381,2.512916
804658088.841609,2.6855529999999996
804658091.416459,2.486564
804658093.851795,2.369327
804658096.3660741,2.428835
804658098.516201,2.057677
804658100.962202,2.366325
804658103.061054,2.011393
804658105.2223461,2.081006
804658107.5110251,2.203115
804658109.752675,2.161473
804658111.9312229,2.093444
804658113.978474,1.948181
804658116.222254,2.173165
804658118.307795,2.019066
804658120.279817,1.908955
804658122.663523,2.317236
804658125.566989,2.824242
804658128.114285,2.462539
804658130.600825,2.403256
804658133.2727059,2.591589
804658135.878919,2.535454
804658138.330202,2.386021
804658140.939528,2.538551
804658143.5304409,2.5187809999999997
804658146.017743,2.40737
804658148.634722,2.536997
804658151.283093,2.561079
804658154.012944,2.651935
804658156.726403,2.627468
804658159.4670639,2.655147
804658162.187699,2.654542
804658165.234805,2.963606
804658167.744844,2.4259939999999998
804658170.27703,2.4526909999999997
804658172.854988,2.492989
804658175.64732,2.706793
804658178.476467,2.7505699999999997
804658181.36784,2.816643
804658183.996682,2.545518
804658186.715467,2.603983
804658189.291044,2.496482
804658191.933597,2.553771
804658194.716598,2.72317
804658197.486943,2.7037910000000003
804658200.1064731,2.553165
804658202.81095,2.5968229999999997
804658205.412799,2.521703
804658207.947621,2.4490179999999997
804658210.7618589,2.7042770000000003
804658213.488749,2.6412549999999997
804658216.12209,2.548499
804658218.975935,2.769494
804658221.765265,2.71014
804658224.4191699,2.5684660000000004
804658227.094474,2.589449
804658229.450735,2.276536
804658232.182026,2.646533
804658234.623626,2.356562
804658237.551603,2.847937
804658240.5699819,2.9341369999999998
804658243.325858,2.669972
804658245.9630641,2.558112
804658248.614514,2.56583
804658252.285917,3.5848120000000003
804658255.392962,3.022087
804658258.774877,3.302324
804658261.232023,2.37292
804658263.8835521,2.566331
804658266.881172,2.917524
804658269.248565,2.281838
804658271.5677099,2.232779
804658273.9635689,2.3163839999999998
804658276.584135,2.535354
804658279.304194,2.6344440000000002
804658282.0248289,2.640794
804658284.373317,2.26293
804658287.0679411,2.626481
804658289.6534971,2.505358
804658291.9561291,2.217433
804658294.741815,2.676422
804658297.069996,2.242973
804658299.49598,2.3586869999999998
804658301.726574,2.165578
804658303.856284,2.062317
804658306.059113,2.139918
804658308.081091,1.9550729999999998
804658310.362062,2.212061
804658312.417879,1.989463
804658314.2706779,1.785498
804658316.131576,1.797315
804658318.359895,2.161358
804658320.2886059,1.8467
804658322.488829,2.115957
804658324.439106,1.883511
804658326.734746,2.227246
804658328.82595,2.0097750000000003
804658330.959759,2.0498629999999998
804658333.284943,2.24589
804658335.387193,2.018034
804658337.769349,2.3090260000000002
804658339.847298,2.0120950000000004
804658341.739434,1.82932
804658344.08907,2.281377
804658346.088937,1.945109
804658348.2846099,2.144584
804658350.716713,2.365799
804658352.788898,2.005921
804658354.876318,2.018465
804658356.990205,2.052911
804658359.419176,2.3661239999999997
804658361.3501519,1.86842
804658363.354018,1.9378570000000002
804658365.43347,2.012751
804658367.457784,1.953504
804658369.491805,1.969321
804658371.615365,2.0541829999999996
804658373.626032,1.9474749999999998
804658376.156955,2.462018
804658378.344779,2.124001
804658380.716902,2.3059589999999996
804658382.690383,1.907506
804658385.088767,2.334431
804658386.9969361,1.8431929999999999
804658388.983537,1.9236749999999998
804658391.01209,1.9630810000000003
804658392.7612729,1.686051
804658394.269169,1.441075
804658396.422343,2.072871
804658398.276365,1.779388
804658400.883901,2.541904
804658403.199989,2.250836
804658405.373976,2.11087
804658407.391554,1.950853
804658409.478699,2.024444
804658411.352633,1.80809
804658413.410725,1.995637
804658415.303838,1.808796
804658417.4577479,2.0721200000000004
804658419.28562,1.744262
804658421.598846,2.233446
804658423.029387,1.3644720000000001
804658424.208738,1.1166150000000001
804658426.173327,1.900956
804658428.2963051,2.058814
804658430.506577,2.124172
804658432.642892,2.045915
804658435.1526461,2.422385
804658437.63471,2.402635
804658440.0720761,2.348974
804658442.7162831,2.558272
804658445.571486,2.771458
804658448.347946,2.691643
804658451.249256,2.8162130000000003
804658454.092431,2.7630939999999997
804658457.057701,2.880022
804658459.783062,2.640734
804658462.415657,2.553029
804658465.1360971,2.635001
804658467.657578,2.435882
804658470.688841,2.951408
804658473.2158309,2.441229
804658475.941618,2.63897
804658478.444355,2.390802
804658481.003785,2.4737449999999996
804658483.7978159,2.708878
804658486.800522,2.922691
804658489.675261,2.790107
804658492.2752601,2.514054
804658494.759675,2.399202
804658497.267415,2.428079
804658500.610258,3.256367
804658503.712366,3.027189
804658506.688817,2.896163
804658509.0712639,2.2979659999999997
804658511.779175,2.6217900000000003
804658514.2506189,2.3910780000000003
804658516.99973,2.663347
804658519.738463,2.653769
804658522.308868,2.491501
804658525.493874,2.73585
804658528.292486,2.713213
804658530.9961411,2.618196
804658533.816373,2.74003
804658536.633553,2.737524
804658539.410374,2.6909859999999997
804658541.7182679,2.202509
804658544.096676,2.293977
804658546.844274,2.66263
804658549.1114631,2.1875839999999998
804658551.4464949,2.249427
804658553.778044,2.2526450000000002
804658556.367503,2.506046
804658559.079674,2.626806
804658561.437809,2.276882
804658563.8472251,2.3211049999999998
804658566.498032,2.571112
804658569.2920179,2.7092940000000003
804658571.8227359,2.446016
804658574.222408,2.319481
804658576.5720639,2.264458
804658578.7360181,2.0790159999999998
804658581.208751,2.393172
804658583.607411,2.329564
804658585.822569,2.1484170000000002
804658587.854205,1.9609860000000001
804658590.108564,2.1294730000000004
804658592.276462,2.079502
804658594.449938,2.053907
804658596.683388,2.154086
804658598.9334719,2.1694269999999998
804658601.033753,2.020875
804658603.235234,2.116654
804658605.4461329,2.1308070000000003
804658607.501889,1.971786
804658609.76343,2.181941
804658611.8953991,2.046941
804658614.007743,2.033264
804658616.238292,2.151745
804658618.365164,2.057586
804658620.318493,1.890061
804658622.588729,2.204624
804658625.3573511,2.702277
804658627.7641,2.339482
804658629.834726,2.009088
804658631.820334,1.914467
804658633.837847,1.951504
804658635.8228791,1.9233779999999998
804658638.493132,2.606064
804658640.805567,2.2278919999999998
804658643.078294,2.199446
804658645.376896,2.218887
804658647.0030171,1.559075
804658647.830665,0.764635
804658649.612108,1.708293
804658652.164456,2.467205
804658654.456487,2.206964
804658657.27282,2.736401
804658659.743338,2.384602
804658661.738278,1.914353
804658663.9825389,2.159057
804658666.351114,2.265325
804658668.799971,2.3636540000000004
804658671.10787,2.2225610000000002
804658673.409404,2.222023
804658675.504648,2.004672
804658677.8815069,2.279839
804658680.177198,2.21192
804658682.1444991,1.883752
804658684.4918051,2.2875170000000002
804658686.503845,1.946226
804658688.7379969,2.154271
804658690.7654779,1.93924
804658692.986735,2.14087
804658695.32968,2.257797
804658698.076125,2.679154
804658700.460698,2.313091
804658702.813437,2.270563
804658704.841253,1.955784
804658706.945834,2.031059
804658709.298497,2.286464
804658711.4445391,2.066136
804658713.869285,2.344469
804658716.1658621,2.224816
804658718.4460521,2.21788
804658720.880295,2.354347
804658723.4853,2.520038
804658726.181914,2.629998
804658728.720531,2.452661
804658731.042397,2.236683
804658733.729333,2.607196
804658736.50442,2.690315
804658739.023401,2.433782
804658742.057572,2.954275
804658744.388143,2.2457089999999997
804658747.090681,2.63658
804658749.7442399,2.590327
804658752.8658531,3.035788
804658755.618703,2.66715
804658758.392326,2.692404
804658761.004619,2.5269440000000003
804658763.5602989,2.470046
804658766.253671,2.613586
804658769.0150219,2.67537
804658772.064733,2.965881
804658774.873703,2.7377399999999996
804658777.563411,2.609601
804658780.2248379,2.5763130000000003
804658782.748349,2.437555
804658785.012075,2.183384
804658787.498259,2.400474
804658790.270905,2.692881
804658793.024427,2.668539
804658795.845225,2.736332
804658798.389505,2.464619
804658801.106045,2.6308350000000003
804658803.885331,2.694179
804658806.543997,2.578393
804658809.176757,2.547873
804658811.64306,2.386988
804658814.094849,2.371612
804658816.817834,2.637451
804658819.0339249,2.130321
804658821.31234,2.1967060000000003
804658823.598659,2.200649
804658826.0965,2.418601
804658828.4846561,2.303884
804658830.494931,1.9261899999999998
804658832.544629,1.9627450000000002
804658834.8314489,2.201982
804658837.2547209,2.343532
804658839.291243,1.945195
804658841.6896031,2.3187889999999998
804658843.954723,2.1805280000000002
804658845.943133,1.87475
804658848.5597249,2.527946
804658850.931703,2.3007779999999998
804658853.1716989,2.1566620000000003
804658855.653698,2.3967150000000004
804658857.950812,2.217218
804658859.98964,1.952271
804658862.367051,2.2662720000000003
804658864.6713511,2.224275
804658866.74962,1.9930059999999998
804658869.33722,2.507489
804658871.8086051,2.386236
804658874.219729,2.331479
804658876.7860401,2.489908
804658879.122841,2.251744
804658881.179616,1.9766979999999998
804658883.394037,2.146153
804658885.489681,2.032112
804658888.060252,2.485808
804658890.704604,2.558487
804658893.0319229,2.2475490000000002
804658895.679583,2.562807
804658897.963256,2.203546
804658900.791351,2.737499
804658902.837641,1.9619540000000002
804658904.818488,1.898842
804658907.367393,2.486349
804658909.701558,2.271033
804658911.731014,1.9640030000000002
804658913.859054,2.0644169999999997
804658915.647488,1.721624
804658917.271209,1.564027
804658919.303812,1.931117
804658921.942106,2.573668
804658924.6728591,2.644403
804658927.4369501,2.678577
804658929.658097,2.140985
804658932.316918,2.572891
804658934.434368,2.0322920000000004
804658936.94725,2.445319
804658939.56096,2.527816
804658942.363597,2.722229
804658945.287535,2.837728
804658947.564387,2.1911869999999998
804658949.926507,2.279953
804658952.288417,2.281753
804658954.898399,2.524959
804658957.703671,2.736256
804658960.483423,2.695592
804658963.026911,2.473324
804658965.235113,2.144403
804658966.640741,1.338768
804658967.8695221,1.165018
804658969.6550599,1.7243650000000001
804658971.724839,1.98452
804658974.103773,2.299149
804658976.412514,2.223296
804658978.709919,2.2062929999999996
804658981.18,2.389744
804658983.431061,2.16433
804658985.668281,2.171441
804658987.996989,2.257377
804658990.616844,2.50421
804658992.86559,2.170965
804658995.6314349,2.6877139999999997
804658997.57675,1.865038
804659000.3094931,2.655459
804659002.934345,2.5399900000000004
804659005.190955,2.176147
804659007.746786,2.470332
804659010.2443271,2.411826
804659012.655957,2.326191
804659015.2194461,2.47819
804659017.671405,2.372699
804659020.277634,2.5209
804659022.95606,2.592131
804659025.637043,2.6014570000000004
804659028.520326,2.795545
804659030.827078,2.2218950000000004
804659033.5967929,2.6905449999999997
804659036.189054,2.5075689999999997
804659038.484228,2.209319
804659040.9792881,2.413475
804659043.817266,2.753822
804659046.169748,2.2732490000000003
804659048.373249,2.1189590000000003
804659050.924966,2.4671250000000002
804659053.344439,2.3531139999999997
804659054.7873341,1.37412
804659056.59167,1.7247919999999999
804659057.9217631,1.260074
804659059.7358769,1.723755
804659061.853338,2.0509310000000003
804659064.16503,2.2267699999999997
804659066.528769,2.2784099999999996
804659068.981771,2.373561
804659071.294656,2.23564
804659073.552163,2.17728
804659075.7573171,2.121454
804659078.018533,2.142329
804659080.4706681,2.367839
804659082.720857,2.158717
804659085.031202,2.230007
804659087.33238,2.178347
804659089.58722,2.174909
804659091.885387,2.169251
804659094.022202,2.056909
804659095.869037,1.775454
804659098.245376,2.29129
804659100.244832,1.915049
804659102.4224321,2.091786
804659104.619889,2.126396
804659106.558583,1.8642159999999999
804659108.856609,2.236483
804659110.8721969,1.948843
804659112.786896,1.8522930000000002
804659114.724908,1.881667
804659116.925918,2.150007
804659118.9160969,1.937166
804659120.965153,1.985083
804659123.20082,2.1692270000000002
804659125.6094381,2.3449
804659127.815765,2.137292
804659129.744692,1.869999
804659131.8470919,2.032744
804659134.0908821,2.181128
804659135.503456,1.359847
804659136.7808,1.214478
804659138.5027491,1.6578899999999999
804659140.5683639,2.005976
804659142.427889,1.792905
804659144.495424,2.003942
804659146.516345,1.9350450000000001
804659148.137108,1.552685
804659150.5431609,2.342149
804659152.4060531,1.7999960000000002
804659154.7763829,2.303513
804659156.7290441,1.88976
804659158.32701,1.532077
804659160.637234,2.2464709999999997
804659162.096337,1.392448
804659163.814132,1.65563
804659166.282851,2.3937239999999997
804659168.536278,2.1639239999999997
804659170.745131,2.141687
804659172.818373,2.010506
804659174.872556,1.987969
804659177.613899,2.6613219999999997
804659179.8990949,2.214772
804659182.247584,2.268092
804659184.42939,2.098707
804659186.868219,2.351245
804659189.119576,2.171551
804659191.459229,2.2674000000000003
804659193.6422169,2.103834
804659195.92434,2.19669
804659198.2470989,2.214842
804659200.565612,2.2333309999999997
804659203.2050279,2.554693
804659205.789596,2.503534
804659208.340196,2.465807
804659210.602629,2.184151
804659212.8583411,2.174829
804659215.093495,2.1512990000000003
804659216.598179,1.42597
804659218.3124859,1.6293090000000001
804659220.505974,2.1141929999999998
804659222.207065,1.622232
804659223.812984,1.52681
804659225.3219479,1.429784
804659227.482363,2.072806
804659229.797945,2.2353199999999998
804659232.199371,2.3142739999999997
804659234.3696849,2.085962
804659236.653568,2.203927
804659238.8575699,2.119125
804659241.587813,2.64942
804659243.868614,2.200133
804659246.2835621,2.329544
804659248.630582,2.262398
804659251.7617669,3.046017
804659253.962046,2.1215100000000002
804659256.577902,2.5310129999999997
804659259.015292,2.351119
804659261.321757,2.200645
804659263.810784,2.403793
804659266.309396,2.418607
804659269.25933,2.863507
804659271.67266,2.3283370000000003
804659273.945502,2.1928910000000004
804659276.292557,2.262283
804659278.748446,2.370841
804659281.594533,2.765771
804659284.244318,2.5593600000000003
804659287.0870969,2.757546
804659289.452646,2.285026
804659291.7871109,2.23941
804659294.1208401,2.253593
804659296.500982,2.295439
804659298.832441,2.245899
804659301.802446,2.8859850000000002
804659304.2877431,2.399267
804659306.802063,2.4290819999999997
804659309.7439339,2.862566
804659312.1689249,2.34068
804659315.1030769,2.8462769999999997
804659317.799681,2.6155649999999997
804659320.452708,2.5683759999999998
804659322.7748151,2.2377450000000003
804659325.271945,2.417394
804659328.132812,2.776772
804659330.821142,2.600881
804659333.19979,2.299614
804659335.897321,2.612929
804659338.246441,2.268903
804659340.713591,2.382798
804659342.9321461,2.135958
804659344.901021,1.8955339999999998
804659346.875013,1.896661
804659349.1381431,2.1829229999999997
804659351.489403,2.2670339999999998
804659353.677768,2.123134
804659355.974962,2.231135
804659358.007154,1.945114
804659360.240635,2.144113
804659362.5636079,2.238543
804659364.710227,2.0667519999999997
804659366.756577,1.962525
804659368.808404,1.972217
804659371.05061,2.156291
804659373.988852,2.8581600000000003
804659376.6119701,2.5386010000000003
804659379.0651721,2.350573
804659381.727105,2.578253
804659383.8243179,2.0093739999999998
804659386.2816111,2.37704
804659388.460469,2.0950539999999997
804659390.462747,1.917365
804659392.470121,1.927989
804659394.342951,1.797882
804659396.7169391,2.3014889999999997
804659398.2623581,1.4793740000000002
804659400.6573789,2.333548
804659402.763669,2.0399089999999998
804659404.8440081,2.017372
804659406.804543,1.894651
804659408.836539,1.9688549999999998
804659410.725493,1.823336
804659412.710295,1.922031
804659414.6678779,1.8917549999999999
804659416.681201,1.950161
804659418.751156,2.003911
804659420.74576,1.931402
804659422.724227,1.911636
804659424.741794,1.9548159999999999
804659426.6926571,1.8844079999999999
804659428.660985,1.906053
804659430.695202,1.9684590000000002
804659432.697565,1.93889
804659434.573162,1.809348
804659436.517344,1.88113
804659438.507107,1.92636
804659440.419771,1.8498320000000001
804659442.654163,2.166093
804659444.6468229,1.9297330000000001
804659446.596518,1.883406
804659448.616812,1.957253
804659450.648368,1.968118
804659452.6644429,1.953118
804659454.680432,1.94974
804659456.6705209,1.92637
804659458.762707,2.025576
804659460.772522,1.946413
804659463.179186,2.343071
804659465.254002,2.011619
804659467.2390491,1.919079
804659469.218774,1.916969
804659471.356557,2.071674
804659473.332187,1.912729
804659475.293279,1.895383
804659477.335659,1.978948
804659479.242344,1.840776
804659481.507679,2.202172
804659483.626743,2.05291
804659485.572383,1.882042
804659487.781672,2.130871
804659490.115617,2.267846
804659492.1167369,1.934645
804659494.113807,1.929473
804659496.147041,1.9706329999999999
804659498.2375339,2.0238880000000004
804659501.045808,2.745402
804659503.3181939,2.182742
804659505.5176649,2.084915
804659507.5826939,1.979674
804659509.6981151,2.035425
804659511.719918,1.94965
804659513.8972579,2.097093
804659516.128934,2.1573629999999997
804659518.3754699,2.16039
804659520.262564,1.806667
804659522.277461,1.921063
804659524.665391,2.3207039999999997
804659527.060202,2.3170349999999997
804659529.4790541,2.339528
804659531.486023,1.9215339999999999
804659533.454797,1.894305
804659535.500821,1.966649
804659537.6238151,2.047282
804659539.896301,2.186576
804659542.465087,2.4892659999999998
804659543.927267,1.3726669999999999
804659545.733959,1.7434239999999999
804659547.765058,1.944383
804659549.38493,1.5562040000000001
804659551.093614,1.645382
804659553.337033,2.179846
804659555.507226,2.102942
804659557.369888,1.79913
804659559.2619591,1.836341
804659561.547185,2.2166609999999998
804659564.124546,2.5240470000000004
804659566.382985,2.172453
804659568.677182,2.223242
804659570.819476,2.0759239999999997
804659573.0480599,2.149345
804659575.3766321,2.243439
804659577.6796039,2.2228310000000002
804659579.791191,2.044991
804659582.083483,2.2120159999999998
804659584.265755,2.100501
804659586.305284,1.966915
804659588.489409,2.081086
804659590.6512079,2.0755529999999998
804659593.21383,2.482585
804659595.810001,2.509499
804659598.2779471,2.388376
804659600.503599,2.138054
804659603.008036,2.418767
804659605.6820971,2.594276
804659608.1934999,2.425718
804659611.099221,2.821055
804659613.994388,2.815076
804659616.648543,2.568987
804659619.2224159,2.487788
804659622.064664,2.762096
804659625.415111,3.2627070000000002
804659628.253269,2.7534009999999998
804659631.3226709,2.981157
804659634.16948,2.780885
804659636.4552519,2.2108179999999997
804659638.6148759,2.0854060000000003
804659641.238,2.555992
804659643.5498129,2.237069
804659644.87158,1.2585549999999999
804659646.191058,1.263171
804659647.9486599,1.6964599999999999
804659650.474266,2.416311
804659653.4138349,2.846954
804659655.652724,2.15393
804659657.685376,1.9576480000000003
804659659.939976,2.168475
804659662.44712,2.3992169999999997
804659664.690408,2.1553739999999997
804659666.8530589,2.07669
804659668.8845689,1.9513239999999998
804659671.140522,2.1832879999999997
804659673.2951239,2.0887029999999998
804659675.645522,2.278826
804659677.675077,1.950407
804659679.8727599,2.125003
804659682.154212,2.202374
804659684.153483,1.931818
804659685.911516,1.671482
804659688.119317,2.128562
804659690.185263,1.97972
804659692.202735,1.9374660000000001
804659694.7050669,2.416431
804659696.9625429,2.177686
804659699.22469,2.169031
804659701.402506,2.099012
804659703.9344571,2.446812
804659706.254354,2.206347
804659708.2416971,1.903357
804659710.148948,1.8216059999999998
804659712.17058,1.925805
804659714.346216,2.090813
804659716.5203179,2.094742
804659718.520034,1.90052
804659720.741773,2.142418
804659722.683995,1.876073
804659724.8781041,2.1145579999999997
804659727.438456,2.475415
804659729.6409149,2.1230789999999997
804659731.927574,2.201165
804659734.291899,2.255713
804659736.7176831,2.34041
804659739.400815,2.5977029999999997
804659742.108339,2.626346
804659744.790746,2.59398
804659747.8694091,2.985466
804659750.564415,2.6140820000000002
804659753.794541,3.144096
804659756.521736,2.64128
804659759.546049,2.939255
804659762.278586,2.653328
804659765.1433771,2.778796
804659767.679076,2.4506509999999997
804659770.5108349,2.751642
804659773.3578041,2.7613350000000003
804659775.979588,2.550568
804659778.560228,2.474202
804659781.261583,2.6166739999999997
804659783.65893,2.320754
804659786.606073,2.86684
804659789.111827,2.421012
804659791.8907379,2.693933
804659794.291613,2.320593
804659796.799903,2.422491
804659799.44384,2.557836
804659802.388822,2.864369
804659805.176549,2.701531
804659807.85072,2.588783
804659810.4046769,2.473644
804659812.9717289,2.482135
804659815.647444,2.603968
804659818.229517,2.502022
804659820.989018,2.674769
804659823.8001391,2.726233
804659826.3639431,2.4844239999999997
804659828.935662,2.48649
804659831.974517,2.950596
804659834.7767819,2.681805
804659837.600417,2.737479
804659840.1293811,2.4430039999999997
804659842.6231229,2.406158
804659845.1483079,2.445285
804659847.5300641,2.300622
804659849.8228819,2.2114190000000002
804659852.2560079,2.34708
804659854.870781,2.5291189999999997
804659857.57792,2.626255
804659860.157406,2.493581
804659862.883508,2.638925
804659865.817345,2.8539250000000003
804659868.3364911,2.434183
804659871.028379,2.606384
804659873.606051,2.497605
804659876.7840459,3.092927
804659879.271543,2.401341
804659881.717979,2.366565
804659884.0320481,2.229261
804659886.419823,2.299986
804659889.057269,2.557284
804659891.692294,2.550334
804659894.221339,2.4492789999999998
804659896.585188,2.278867
804659899.5376331,2.885358
804659901.773268,2.171827
804659903.890177,2.049617
804659906.170978,2.2172929999999997
804659908.386296,2.1486880000000004
804659910.4223521,1.9693509999999999
804659912.210315,1.7123570000000001
804659914.690451,2.3968309999999997
804659916.629651,1.859861
804659918.0433129,1.338842
804659919.6050191,1.480538
804659920.982121,1.306607
804659923.066184,1.998298
804659925.319365,2.173596
804659927.469411,2.027466
804659929.812412,2.26341
804659932.0841559,2.187137
804659934.2369701,2.085195
804659936.436887,2.136355
804659938.697145,2.175531
804659940.8976591,2.1112610000000003
804659943.155722,2.172203
804659945.534135,2.2983119999999997
804659947.8984649,2.2787010000000003
804659950.72871,2.7500139999999997
804659953.1556109,2.340184
804659955.4988121,2.2556070000000004
804659958.352346,2.773393
804659961.227497,2.790017
804659963.779524,2.46726
804659966.4652829,2.6056120000000003
804659968.873295,2.323134
804659971.73806,2.780389
804659974.139853,2.322373
804659976.31802,2.093254
804659978.552774,2.150432
804659980.859369,2.227011
804659983.0924441,2.148247
804659985.3679119,2.195808
804659987.404359,1.879456
804659989.58234,2.097469
804659991.772781,2.1185829999999997
804659993.351778,1.500429
804659994.912046,1.476664
804659996.324505,1.341184
804659998.134986,1.737681
804660000.642149,2.428154
804660003.014923,2.305553
804660005.563989,2.469836
804660008.27233,2.623794
804660010.825009,2.468924
804660013.666165,2.761545
804660016.30506,2.5629530000000003
804660018.795644,2.405998
804660021.214902,2.3518559999999997
804660023.350605,2.077086
804660025.914354,2.502602
804660027.505184,1.527386
804660030.002441,2.4344520000000003
804660031.462439,1.428761
804660034.0837511,2.583643
804660036.6160281,2.492377
804660038.1466479,1.4910189999999999
804660040.6527591,2.4675000000000002
804660042.6133981,1.921026
804660044.534,1.840222
804660046.612497,2.046593
804660048.911764,2.242649
804660051.4275509,2.455651
804660054.121995,2.6376939999999998
804660055.8262099,1.6140079999999999
804660058.0902901,2.208871
804660060.606469,2.45769
804660062.652112,1.9871899999999998
804660064.369304,1.662127
804660067.0890131,2.648763
804660069.676421,2.537183
804660072.258546,2.528083
804660075.049242,2.751039
804660077.508842,2.355717
804660092.084553,14.498624
804660094.047304,1.920725
804660096.166943,2.0847700000000002
804660098.508924,2.3135999999999997
804660100.1199559,1.585093
804660102.39615,2.24966
804660104.718726,2.2978780000000003
804660107.006136,2.260918
804660109.100434,2.069212
804660110.743596,1.616829
804660113.245069,2.471455
804660115.3408611,2.067747
804660117.77695,2.409657
804660120.474501,2.6682189999999997
804660122.296185,1.792119
804660125.024462,2.699145
804660127.1805639,2.128272
804660129.0677019,1.8554730000000001
804660131.307036,2.2047
804660133.545512,2.1963719999999998
804660136.288149,2.714795
804660139.1296611,2.8101290000000003
804660141.12238,1.958859
804660143.259643,2.096349
804660146.0790651,2.777676
804660148.434355,2.313718
804660150.702525,2.198756
804660152.7103001,1.961688
804660155.4797751,2.7098030000000004
804660158.1441721,2.600898
804660160.820554,2.621464
804660163.513164,2.615086
804660166.1444349,2.5613799999999998
804660169.253474,3.048575
804660171.7057359,2.3907860000000003
804660174.201229,2.431697
804660176.053499,1.806343
804660178.686843,2.5947169999999997
804660181.070508,2.3468999999999998
804660182.5590359,1.460683
804660184.9865249,2.400654
804660187.73409,2.713197
804660190.3230929,2.558285
804660192.800962,2.452633
804660195.1858871,2.359691
804660197.415006,2.205281
804660199.475245,2.035587
804660201.895184,2.396023
804660203.742787,1.822401
804660206.0570409,2.2591680000000003
804660208.830879,2.7396819999999997
804660211.4458151,2.533119
804660214.014153,2.537675
804660217.17206,3.075209
804660219.8036089,2.5779829999999997
804660222.594121,2.73292
804660225.4710411,2.827118
804660227.149855,1.604582
804660229.147251,1.9363650000000001
804660230.9289949,1.72939
804660233.099779,2.12204
804660234.613508,1.4489290000000001
804660237.400578,2.720695
804660239.65636,2.182286
804660241.919952,2.19444
804660244.649904,2.6467880000000004
804660247.095719,2.376975
804660250.449232,3.275301
804660253.373175,2.8404089999999997
804660256.383349,2.926278
804660259.5967821,3.133942
804660262.557706,2.8818099999999998
804660265.1770899,2.535037
804660267.8069841,2.546049
804660270.6046339,2.7186150000000002
804660273.0986559,2.410457
804660276.071683,2.902313
804660279.2447721,3.087399
804660281.967817,2.643705
804660284.455715,2.4017779999999997
804660287.100639,2.555902
804660289.647385,2.4780349999999998
804660292.275449,2.542194
804660295.0211821,2.660445
804660297.445903,2.357439
804660300.307651,2.776771
804660302.961315,2.581416
804660305.538186,2.496674
804660307.211076,1.606842
804660308.592433,1.318656
804660310.646771,1.9914070000000001
804660313.0781579,2.350648
804660315.941465,2.775172
804660318.56979,2.513783
804660321.523327,2.8518749999999997
804660324.26691,2.657629
804660327.167109,2.814985
804660330.011127,2.764112
804660332.9031149,2.806876
804660335.531937,2.544064
804660338.1808189,2.5654190000000003
804660341.142926,2.8775749999999998
804660344.030851,2.7831259999999998
804660346.6998861,2.583621
804660349.356531,2.572736
804660352.2521939,2.8104139999999997
804660355.04382,2.719463
804660357.931514,2.807312
804660360.787419,2.769674
804660364.0433,3.17133
804660367.0386349,2.909971
804660369.838529,2.719798
804660372.82372,2.900388
804660376.5739521,3.665254
804660380.410415,3.750828
804660383.615728,3.130239
804660387.5609909,3.865682
804660390.172978,2.527119
804660393.3869361,3.137576
804660396.264637,2.792793
804660398.909259,2.5593339999999998
804660401.961431,2.972266
804660404.760865,2.712701
804660407.635098,2.80189
804660410.354735,2.638639
804660413.127231,2.699961
804660416.114156,2.9014610000000003
804660419.013402,2.816112
804660421.77636,2.6826659999999998
804660424.895233,3.0329580000000003
804660427.696285,2.715969
804660430.4995769,2.723321
804660433.712729,3.127692
804660436.328655,2.5299810000000003
804660439.340955,2.926891
804660442.313657,2.892385
804660444.950126,2.55132
804660448.275599,3.239754
804660451.070682,2.707013
804660453.744333,2.590542
804660456.0601699,2.230338
804660458.834936,2.6990149999999997
804660461.635031,2.7221390000000003
804660464.068512,2.3488599999999997
804660467.072356,2.917739
804660469.671338,2.519531
804660472.448671,2.6925149999999998
804660475.65867,3.124645
804660478.731836,2.992738
804660481.654471,2.8378330000000003
804660484.7301519,2.990088
804660487.722516,2.906107
804660490.68129,2.878191
804660493.998464,3.2314689999999997
804660496.708349,2.620812
804660499.9595541,3.1665080000000003
804660503.571009,3.501874
804660506.702255,3.046433
804660509.848771,3.061845
804660512.779255,2.842889
804660515.727384,2.8633830000000002
804660518.67822,2.870614
804660521.3220559,2.559415
804660524.206848,2.799298
804660527.164551,2.871632
804660529.791979,2.547507
804660532.8995401,3.019416
804660535.814146,2.8286119999999997
804660538.5072169,2.613265
804660541.1735351,2.595514
804660543.825961,2.578715
804660546.413843,2.5084920000000004
804660548.858796,2.380398
804660550.432516,1.509585
804660552.16755,1.671723
804660553.868351,1.6220670000000001
804660556.4059939,2.4543749999999998
804660558.9246039,2.4346989999999997
804660561.9572,2.947052
804660564.818397,2.7754030000000003
804660567.422546,2.530462
804660570.038011,2.540206
804660572.846722,2.723437
804660575.692729,2.761375
804660578.3510131,2.578404
804660581.6015171,3.165811
804660584.255777,2.565984
804660587.0381011,2.693822
804660590.0848249,2.966482
804660592.76913,2.599884
804660595.424423,2.5887029999999998
804660597.9945531,2.5076140000000002
804660600.711554,2.649765
804660603.134241,2.356853
804660605.9409059,2.725796
804660608.368624,2.361363
804660610.659383,2.224414
804660613.736333,2.996863
804660616.4110861,2.5893800000000002
804660618.578763,2.1043350000000003
804660620.15996,1.51806
804660621.584662,1.358769
804660624.115535,2.470984
804660627.329489,3.14582
804660630.4604349,3.066947
804660633.682924,3.144473
804660636.222717,2.4751339999999997
804660638.720739,2.4135099999999996
804660641.293464,2.492569
804660644.114929,2.736106
804660646.6392419,2.446481
804660649.551057,2.8314429999999997
804660652.396828,2.7591040000000002
804660655.139053,2.656991
804660657.9142649,2.6949500000000004
804660660.7415991,2.7420299999999997
804660663.6045749,2.778094
804660666.1505129,2.466193
804660668.793247,2.556062
804660672.064479,3.184946
804660674.797713,2.659603
804660677.9435941,3.066461
804660680.7800391,2.751837
804660683.606695,2.745157
804660686.18536,2.4991190000000003
804660688.631801,2.360887
804660691.533442,2.815912
804660694.6630801,3.045316
804660697.304685,2.556873
804660700.131107,2.7478580000000004
804660702.8635501,2.660115
804660705.732826,2.800421
804660708.2472911,2.44816
804660710.8262409,2.5128160000000004
804660713.4598529,2.570405
804660715.863635,2.337117
804660718.577875,2.634865
804660721.467518,2.804992
804660724.045972,2.50379
804660726.592302,2.4681830000000002
804660729.6573291,2.986749
804660732.708378,2.962583
804660735.740072,2.9573709999999997
804660738.466485,2.646878
804660740.909474,2.362105
804660743.7487351,2.7766409999999997
804660746.3461831,2.5341959999999997
804660748.7820561,2.369016
804660752.283774,3.434597
804660755.118264,2.767449
804660757.526236,2.34513
804660760.217096,2.605702
804660762.996192,2.693602
804660765.867288,2.7909240000000004
804660768.338914,2.386637
804660771.09253,2.687107
804660773.392676,2.2368330000000003
804660775.992885,2.514881
804660778.569971,2.448035
804660781.3702359,2.722319
804660783.852877,2.351436
804660786.4447969,2.517247
804660789.0390879,2.5090820000000003
804660791.583423,2.4594069999999997
804660794.122034,2.458886
804660796.2544489,2.064668
804660798.8567489,2.513046
804660801.626673,2.702838
804660804.586966,2.8758820000000003
804660806.730597,2.070647
804660808.997922,2.187338
804660811.6413829,2.532452
804660814.597741,2.876012
804660817.415332,2.7324319999999997
804660819.946115,2.445885
804660822.7538481,2.696228
804660825.579502,2.735419
804660828.491042,2.824637
804660831.546592,2.967505
804660834.169173,2.55524
804660836.796751,2.553911
804660839.5597401,2.678051
804660842.3696231,2.729796
804660845.009916,2.554208
804660847.9191849,2.824808
804660850.591062,2.591845
804660853.279121,2.602645
804660856.151253,2.786649
804660859.034111,2.796712
804660861.706143,2.59211
804660864.502158,2.715117
804660867.091939,2.501505
804660869.879475,2.708527
804660872.255788,2.291676
804660875.6514801,3.2885969999999998
804660878.747343,3.022097
804660882.09381,3.261389
804660885.054374,2.875105
804660888.370996,3.231344
804660891.873082,3.430644
804660895.2259941,3.272901
804660897.957469,2.6464570000000003
804660900.508333,2.4651650000000003
804660903.312347,2.738827
804660905.7350739,2.359023
804660908.169276,2.367824
804660911.358649,3.104184
804660914.115448,2.675681
804660917.1354051,2.9441100000000002
804660919.884692,2.6641730000000003
804660922.983928,3.018864
804660925.736988,2.667511
804660928.467611,2.64527
804660931.287367,2.7350280000000002
804660934.248467,2.8804719999999997
804660936.949205,2.615631
804660939.6824551,2.6471289999999996
804660942.3504831,2.588187
804660945.138103,2.70112
804660948.039895,2.8164930000000004
804660950.763111,2.636779
804660953.52833,2.685242
804660956.667078,3.0626320000000002
804660959.350021,2.598797
804660961.9043341,2.473901
804660964.556144,2.565333
804660967.4978629,2.865252
804660970.158188,2.581476
804660972.8742019,2.629959
804660975.5198721,2.56
804660978.726759,3.126896
804660981.589405,2.775553
804660984.512506,2.838238
804660987.289137,2.690019
804660989.9635439,2.5940849999999998
804660992.815555,2.766642
804660996.075927,3.18468
804660998.674041,2.5123290000000003
804661002.0118979,3.258347
804661004.6552781,2.558091
804661007.427534,2.686411
804661010.604111,3.0966359999999997
804661013.5790731,2.8902
804661016.4408519,2.783271
804661019.363948,2.837912
804661022.685277,3.242615
804661025.5956429,2.825509
804661028.127398,2.44591
804661030.996799,2.784749
804661033.506659,2.4297429999999998
804661036.191926,2.6007510000000003
804661038.6800599,2.403572
804661041.474367,2.7139249999999997
804661044.654121,3.0943799999999997
804661047.3180189,2.57885
804661050.527091,3.129226
804661053.092008,2.479163
804661055.829252,2.649203
804661058.606974,2.6982730000000004
804661061.549651,2.857579
804661064.412928,2.776886
804661067.4619141,2.964203
804661070.386098,2.844208
804661072.969839,2.498608
804661075.30233,2.261421
804661078.049848,2.6714450000000003
804661080.6345911,2.5161990000000003
804661083.439978,2.719888
804661086.284121,2.7646580000000003
804661089.147187,2.777507
804661091.857829,2.624922
804661094.919738,2.981792
804661097.929201,2.923532
804661101.0683709,3.0545080000000002
804661103.575153,2.42196
804661106.091201,2.43533
804661108.759479,2.582658
804661111.2050531,2.361203
804661113.7128481,2.428314
804661116.276052,2.477735
804661118.677734,2.31705
804661121.520633,2.761655
804661124.1241751,2.517402
804661127.6014379,3.392109
804661131.262287,3.580588
804661134.851113,3.503453
804661137.7308041,2.794642
804661140.738853,2.9220639999999998
804661143.4222159,2.598761
804661146.254045,2.752138
804661149.023579,2.6849819999999998
804661152.35438,3.245923
804661155.251265,2.80877
804661158.009237,2.67797
804661160.709935,2.608469
804661163.6415269,2.845606
804661166.5291511,2.807212
804661169.784716,3.169625
804661172.442454,2.571953
804661175.4498969,2.9224390000000002
804661178.225284,2.69479
804661180.9143159,2.603443
804661182.930841,1.9404780000000001
804661184.812859,1.805724
804661186.993351,2.106179
804661189.711084,2.637467
804661192.127897,2.331279
804661194.749817,2.536756
804661197.254484,2.4253120000000004
804661199.096629,1.7619230000000001
804661200.843356,1.6771500000000001
804661203.8796561,2.951853
804661206.054885,2.095304
804661208.913241,2.7735939999999997
804661211.5285361,2.5399
804661214.727831,3.1189519999999997
804661217.5253251,2.712416
804661220.178969,2.568746
804661223.358417,3.093237
804661226.0759691,2.637918
804661228.914068,2.752905
804661231.879458,2.8798019999999998
804661234.932828,2.974155
804661237.595022,2.57699
804661240.2771621,2.597874
804661243.139943,2.777758
804661245.686397,2.466424
804661248.907709,3.135241
804661251.921792,2.929215
804661254.7688061,2.738486
804661257.316744,2.463256
804661259.622112,2.218992
804661262.872284,3.169866
804661265.622754,2.665937
804661268.451275,2.743764
804661271.5748379,3.039367
804661274.3177999,2.662911
804661277.195196,2.791465
804661280.231506,2.951603
804661282.909596,2.592948
804661285.58672,2.597067
804661288.256958,2.597879
804661291.086426,2.74452
804661293.7351481,2.5693479999999997
804661296.986875,3.1670040000000004
804661299.664686,2.5918959999999998
804661302.3740389,2.629999
804661304.979316,2.519802
804661307.61178,2.547236
804661310.5059689,2.8140330000000002
804661313.3337029,2.75905
804661316.099589,2.680707
804661318.903618,2.718005
804661321.2866219,2.304131
804661323.913208,2.540992
804661326.5060151,2.5130310000000002
804661328.784406,2.203681
804661331.089267,2.2273810000000003
804661333.5360401,2.385128
804661336.264292,2.6584600000000003
804661338.4070511,2.079868
804661341.2270329,2.761685
804661343.025485,1.7321630000000001
804661344.5480399,1.4652619999999998
804661346.359123,1.727087
804661348.5985479,2.159869
804661350.8861339,2.207289
804661352.494519,1.528654
804661354.115894,1.532063
804661356.3544171,2.158285
804661358.899879,2.460028
804661361.191434,2.210166
804661363.533989,2.257486
804661365.7855719,2.1719920000000004
804661368.4468141,2.573502
804661370.980178,2.458414
804661373.6178291,2.557941
804661377.188017,3.485236
804661380.1853321,2.9273160000000003
804661382.809352,2.556142
804661385.3951479,2.505449
804661387.492486,2.011053
804661389.919673,2.3468999999999998
804661392.501745,2.496308
804661395.138716,2.5527290000000002
804661398.0328801,2.815336
804661400.419267,2.301068
804661403.1684229,2.682426
804661405.308902,2.0776079999999997
804661407.7080029,2.3329470000000003
804661410.128093,2.356903
804661412.254715,2.060212
804661414.556284,2.214401
804661416.643158,2.007755
804661419.271724,2.520439
804661421.803709,2.451669
804661424.2045951,2.31502
804661426.597106,2.307462
804661429.0665461,2.388195
804661431.774862,2.623344
804661434.5975399,2.742191
804661437.112396,2.429252
804661439.81516,2.618357
804661442.802485,2.907385
804661445.358101,2.4705730000000004
804661448.359866,2.916662
804661451.018165,2.57247
804661453.663054,2.565293
804661456.2551451,2.506286
804661458.7375649,2.397036
804661461.4915379,2.6737710000000003
804661464.2582,2.681238
804661467.2886959,2.944576
804661469.471825,2.115481
804661471.90474,2.372018
804661474.842941,2.855364
804661477.2272531,2.3008170000000003
804661479.2696741,1.9577589999999998
804661481.701792,2.361123
804661484.103705,2.334951
804661486.164253,1.9943080000000002
804661488.494102,2.2666470000000003
804661490.619041,2.05881
804661492.808113,2.12567
804661494.8421891,1.967596
804661496.94671,2.036653
804661498.8868669,1.873874
804661501.604756,2.6374660000000003
804661503.877844,2.189002
804661506.133405,2.1924200000000003
804661508.284394,2.08515
804661510.582616,2.212272
804661512.906222,2.211916
804661515.108284,2.116293
804661517.40869,2.2224150000000003
804661519.699219,2.2084420000000002
804661521.200299,1.420853
804661522.902081,1.617411
804661525.419067,2.437555
804661526.98132,1.478021
804661529.186244,2.1256999999999997
804661531.44558,2.174243
804661533.6511309,2.125479
804661536.04531,2.309292
804661538.310856,2.1797549999999997
804661540.715154,2.3237959999999998
804661543.0819501,2.2817380000000003
804661545.769468,2.620813
804661548.141196,2.287607
804661550.491513,2.2778289999999997
804661552.93161,2.37695
804661555.0570691,2.058939
804661557.980085,2.838314
804661560.2684791,2.202859
804661562.9241871,2.570004
804661565.3864111,2.382352
804661567.621385,2.161042
804661569.846626,2.1603410000000003
804661571.9727681,2.0399900000000004
804661574.102436,2.0334250000000003
804661576.47058,2.297379
804661578.655007,2.113887
804661580.884854,2.1509329999999998
804661582.846131,1.876379
804661585.391237,2.460018
804661587.348153,1.8886230000000002
804661589.570538,2.1442330000000003
804661591.800672,2.107513
804661594.0308241,2.151024
804661596.056306,1.9414250000000002
804661598.241574,2.106916
804661600.3686119,2.046736
804661602.653818,2.213434
804661604.526278,1.804682
804661606.577574,1.966804
804661608.704436,2.05502
804661610.5270959,1.7514640000000001
804661612.6192831,2.012607
804661614.581862,1.8780979999999998
804661616.617623,1.95619
804661618.631587,1.9300739999999998
804661620.610214,1.903027
804661622.6059561,1.925132
804661625.115414,2.41348
804661627.5154979,2.3313230000000003
804661629.8453281,2.2563739999999997
804661632.1156,2.196941
804661634.035465,1.835709
804661635.75564,1.651375
804661637.426947,1.5884289999999999
804661639.684243,2.1721079999999997
804661641.1075021,1.343664
804661642.9210789,1.738639
804661645.275667,2.271574
804661647.9133091,2.534697
804661650.456912,2.4633010000000004
804661653.1695141,2.626953
804661655.593468,2.337403
804661658.417198,2.7441649999999997
804661661.155829,2.6528620000000003
804661663.951188,2.709278
804661666.563411,2.480476
804661669.162502,2.513799
804661672.061848,2.814318
804661674.673736,2.526754
804661677.3690469,2.615901
804661679.969106,2.514916
804661682.4941801,2.4176100000000003
804661684.822667,2.2436040000000004
804661686.7398959,1.786856
804661688.896919,2.077176
804661690.983788,2.001615
804661693.1633329,2.112234
804661695.322256,2.090217
804661697.3963801,1.9927709999999998
804661699.765752,2.2845299999999997
804661702.251706,2.406273
804661704.65196,2.3151360000000003
804661706.93691,2.2064820000000003
804661709.132342,2.1111
804661711.351925,2.1341799999999997
804661713.332913,1.902435
804661715.287389,1.827455
804661717.678266,2.311001
804661720.0322579,2.223894
804661722.217361,2.098712
804661724.3900089,2.0618809999999996
804661726.478267,2.003395
804661728.556736,1.9984080000000002
804661730.386612,1.745034
804661732.5429131,2.0886289999999996
804661734.6566449,2.043408
804661736.686867,1.9509480000000001
804661738.909232,2.134124
804661740.979007,1.998092
804661743.066703,2.01404
804661745.50703,2.363704
804661747.839526,2.2477690000000004
804661750.567142,2.646999
804661753.198775,2.5463389999999997
804661755.717024,2.433536
804661758.09898,2.3025670000000003
804661760.215619,2.0288
804661762.488386,2.188326
804661764.876256,2.308481
804661767.393006,2.430991
804661769.655254,2.182306
804661771.926979,2.1860500000000003
804661773.6771289,1.59982
804661776.169552,2.362721
804661778.4434221,2.188757
804661780.670824,2.14701
804661782.947074,2.191278
804661785.027804,1.961587
804661787.146918,2.044395
804661789.341579,2.115115
804661791.610797,2.183961
804661793.757441,2.067304
804661795.960049,2.120052
804661798.157351,2.0908480000000003
804661800.286183,2.058012
804661802.4350871,2.063981
804661804.652901,2.1377789999999997
804661806.8195959,2.081216
804661808.891901,2.0093530000000004
804661810.841386,1.883777
804661812.844535,1.939501
804661815.012538,2.093701
804661817.573185,2.481508
804661819.5681909,1.9238899999999999
804661821.831045,2.1941539999999997
804661824.086276,2.170855
804661825.991076,1.819783
804661828.2022351,2.1391359999999997
804661830.4697499,2.181224
804661832.030414,1.497121
804661833.946566,1.8491549999999999
804661836.189443,2.162571
804661838.449526,2.1742380000000003
804661839.814775,1.302978
804661841.064018,1.186443
804661842.8216159,1.692786
804661845.132121,2.230764
804661846.9196839,1.70277
804661849.117732,2.127199
804661851.3390391,2.134671
804661853.787526,2.368495
804661855.911787,2.038873
804661858.006244,2.031119
804661860.0975981,2.02461
804661862.410078,2.226569
804661864.3202809,1.8289339999999998
804661866.372278,1.9720419999999999
804661868.4816949,2.036618
804661870.560511,1.9861499999999999
804661872.867192,2.241084
804661875.385296,2.4489170000000002
804661878.007967,2.554754
804661880.601246,2.520734
804661882.849581,2.1758569999999997
804661885.184959,2.272416
804661887.4242679,2.14716
804661889.971308,2.46705
804661892.397183,2.3409009999999997
804661894.770709,2.299564
804661897.157146,2.30631
804661899.973884,2.7318059999999997
804661902.709901,2.626952
804661904.972184,2.1758070000000003
804661907.197721,2.139627
804661909.502823,2.225421
804661911.651877,2.064512
804661913.960463,2.2262190000000004
804661916.2322019,2.187569
804661918.877146,2.567649
804661920.9357489,1.9794489999999998
804661923.1823751,2.170313
804661925.255628,2.0099750000000003
804661927.995899,2.655449
804661930.637786,2.52104
804661933.094937,2.389945
804661935.254651,2.093083
804661937.5951151,2.2562089999999997
804661939.884892,2.165642
804661942.207345,2.2421960000000003
804661944.607594,2.315391
804661946.8860741,2.207455
804661949.175696,2.209575
804661951.449871,2.142719
804661953.719366,2.189483
804661955.897874,2.0499479999999997
804661958.083117,2.1042650000000003
804661960.261299,2.061986
804661962.557575,2.209044
804661964.7949001,2.11321
804661967.023745,2.143541
804661969.301764,2.198088
804661971.5421801,2.155579
804661973.763674,2.1016239999999997
804661976.0778021,2.229397
804661978.106371,1.940639
804661980.527433,2.3533239999999997
804661982.7307631,2.118699
804661984.986852,2.176578
804661987.1817169,2.110353
804661989.318733,2.051015
804661991.530884,2.1273630000000003
804661993.6871951,2.076711
804661995.718586,1.946653
804661998.402009,2.603216
804662000.899204,2.412347
804662003.05792,2.087917
804662004.512312,1.3893600000000002
804662006.3111,1.727592
804662008.120989,1.737641
804662009.964983,1.759191
804662011.934028,1.8900709999999998
804662013.661114,1.617332
804662015.230258,1.497532
804662017.17008,1.8725
804662019.084287,1.829595
804662021.104426,1.940644
804662022.87968,1.71146
804662024.8858459,1.937246
804662026.361332,1.412183
804662028.1440281,1.702836
804662029.667567,1.4485450000000002
804662031.304894,1.5709199999999999
804662033.796778,2.431982
804662035.8923401,2.019081
804662038.132009,2.16019
804662040.365581,2.175508
804662042.514725,2.059911
804662044.5558541,1.9610830000000001
804662046.6112161,1.977352
804662048.5282301,1.854088
804662050.686046,2.081693
804662052.893862,2.12785
804662055.3050519,2.332185
804662057.561587,2.176749
804662059.867285,2.221543
804662061.9443771,1.95632
804662064.220401,2.206303
804662066.459189,2.163217
804662068.5613439,2.035975
804662070.591256,1.9597989999999998
804662072.597332,1.944172
804662074.539639,1.875893
804662076.306473,1.703441
804662077.965597,1.595586
804662080.199549,2.1742939999999997
804662082.5334029,2.268627
804662084.430395,1.833705
804662086.478364,1.977144
804662088.7912489,2.21614
804662090.2373611,1.3776579999999998
804662091.7711431,1.4707590000000001
804662093.222517,1.386689
804662095.3949361,2.0977840000000003
804662097.340461,1.883621
804662099.5686489,2.166059
804662101.4515289,1.8197079999999999
804662103.5996859,2.08276
804662105.835512,2.15605
804662108.111391,2.144393
804662110.513569,2.318068
804662112.743441,2.1500820000000003
804662115.0504789,2.220631
804662117.310266,2.135919
804662119.652885,2.258003
804662122.226979,2.4562389999999996
804662124.8907061,2.5779129999999997
804662127.1765391,2.154557
804662129.529899,2.273659
804662131.837467,2.1762919999999997
804662133.227073,1.3256970000000001
804662135.068035,1.774707
804662136.442931,1.311559
804662138.197451,1.6802620000000001
804662140.368527,2.107787
804662142.4013151,1.9659030000000002
804662144.462805,1.998343
804662146.112837,1.584394
804662147.8290881,1.6640940000000002
804662150.182829,2.2854419999999998
804662152.492066,2.241699
804662154.490344,1.930876
804662155.9908379,1.4364549999999998
804662157.689278,1.6073929999999998
804662159.112321,1.360127
804662160.637272,1.4633230000000002
804662162.685702,1.9634919999999998
804662164.6634419,1.8929420000000001
804662166.8478229,2.112118
804662168.9659799,2.038392
804662170.7861481,1.738959
804662173.210463,2.352708
804662175.393888,2.115266
804662177.515759,2.056348
804662179.5163621,1.916653
804662181.6722821,2.0899159999999997
804662183.802021,2.04465
804662186.032725,2.151459
804662188.1394,2.021637
804662190.154242,1.929498
804662192.410009,2.1890270000000003
804662194.540269,2.045282
804662196.7703971,2.163633
804662199.411026,2.5551850000000003
804662201.7750311,2.2828459999999997
804662204.107267,2.242521
804662206.350235,2.155885
804662208.499223,2.0689279999999997
804662210.965225,2.380989
804662213.676528,2.631217
804662216.1209351,2.359188
804662218.2355291,2.029786
804662220.516971,2.2205
804662222.5365239,1.953775
804662224.719177,2.1199410000000003
804662226.916558,2.131052
804662228.8784659,1.8991170000000002
804662231.1203309,2.176052
804662233.110485,1.927408
804662235.398713,2.222435
804662237.599082,2.1373719999999996
804662239.574351,1.9093660000000001
804662241.5274041,1.889751
804662243.497271,1.9033069999999999
804662245.412977,1.853095
804662247.307127,1.828152
804662250.085186,2.7097599999999997
804662252.383863,2.230569
804662254.679949,2.2298270000000002
804662257.025265,2.28262
804662259.0525911,1.9612420000000002
804662261.068831,1.953208
804662263.0111741,1.875137
804662265.043476,1.969466
804662267.010857,1.902004
804662269.0216839,1.948071
804662271.118607,2.030378
804662272.812471,1.630853
804662274.841746,1.965281
804662276.894416,1.9899380000000002
804662278.402372,1.441306
804662280.216436,1.759858
804662282.365966,2.093781
804662283.9587959,1.5303280000000001
804662285.671288,1.627069
804662287.232022,1.496364
804662289.424156,2.1272629999999997
804662291.788005,2.2752179999999997
804662294.27025,2.398605
804662296.598752,2.226529
804662298.854164,2.154011
804662301.216564,2.2820039999999997
804662303.5353891,2.2488859999999997
804662305.758209,2.156121
804662308.0513691,2.220957
804662310.60703,2.469626
804662313.0679351,2.3807329999999998
804662315.696676,2.5424100000000003
804662317.993685,2.221453
804662320.299976,2.220676
804662322.7382079,2.3535
804662325.175668,2.361273
804662327.7069169,2.445785
804662330.149304,2.362486
804662332.798803,2.563228
804662335.221329,2.3486990000000003
804662337.7224431,2.420877
804662340.4461911,2.6369409999999998
804662342.865554,2.33414
804662345.263392,2.3173410000000003
804662347.784989,2.4322839999999997
804662350.270245,2.405296
804662352.664235,2.308816
804662355.112411,2.3625719999999997
804662357.892595,2.700037
804662360.545893,2.568851
804662362.85534,2.224008
804662365.969316,3.03411
804662368.372597,2.318328
804662370.798255,2.3394269999999997
804662373.1667,2.288208
804662376.18172,2.930463
804662378.772027,2.50535
804662381.0634581,2.213554
804662383.2355211,2.08739
804662385.47264,2.1565920000000003
804662388.1170721,2.559123
804662390.462092,2.260519
804662392.927794,2.386056
804662395.379046,2.365378
804662397.86315,2.408944
804662400.605957,2.6571070000000003
804662402.952911,2.260854
804662405.2939781,2.2613109999999996
804662407.947391,2.569524
804662410.323675,2.264618
804662412.410539,2.001991
804662414.848019,2.36639
804662416.9850811,2.074074
804662419.2580891,2.2071389999999997
804662421.207538,1.885972
804662423.140178,1.86593
804662425.4348459,2.2247399999999997
804662426.725361,1.2358969999999998
804662428.073921,1.298103
804662429.686741,1.546351
804662431.652283,1.888096
804662433.7699239,2.034708
804662436.15392,2.297876
804662438.198942,1.959648
804662440.600849,2.32767
804662442.811277,2.125855
804662445.508322,2.617976
804662448.081934,2.484595
804662450.366043,2.1981879999999996
804662452.884126,2.436293
804662455.095545,2.126111
804662457.683852,2.5084959999999996
804662459.9268501,2.155975
804662462.411466,2.37668
804662464.96434,2.4877029999999998
804662467.3069149,2.272877
804662468.6838211,1.319056
804662470.499539,1.7475990000000001
804662471.814541,1.24968
804662474.626032,2.731324
804662476.882025,2.17121
804662479.205124,2.236518
804662481.434781,2.105973
804662483.844717,2.3358290000000004
804662486.27626,2.351611
804662488.6528339,2.291205
804662490.949622,2.167427
804662493.103101,2.073904
804662495.2952249,2.106966
804662497.3091501,1.9337280000000001
804662499.888651,2.489471
804662502.649735,2.681909
804662505.4330859,2.690114
804662507.551764,2.038782
804662509.668648,2.037179
804662511.814911,2.0175129999999997
804662514.040133,2.15817
804662516.071257,1.9635870000000002
804662518.6600901,2.502452
804662520.9088509,2.168654
804662523.1845901,2.190515
804662525.40718,2.142804
804662527.784706,2.2886439999999997
804662530.584772,2.701987
804662533.362074,2.6916230000000003
804662536.172688,2.725562
804662538.713109,2.465757
804662541.162642,2.36891
804662543.6515931,2.403988
804662546.130028,2.39837
804662548.91356,2.698057
804662551.548535,2.549868
804662554.024596,2.395969
804662556.707433,2.597473
804662559.4290761,2.636524
804662562.31477,2.8058929999999997
804662564.823992,2.424486
804662567.853501,2.940813
804662570.4537159,2.519371
804662573.219265,2.678537
804662575.909118,2.605718
804662578.5416789,2.553381
804662581.082681,2.4549060000000003
804662583.56022,2.391373
804662585.865592,2.225397
804662588.478466,2.5271999999999997
804662590.7629609,2.1996070000000003
804662592.922624,2.0795470000000003
804662595.487396,2.480085
804662597.638209,2.070857
804662599.897265,2.172905
804662602.053887,2.07676
804662604.218712,2.0803190000000003
804662606.2966759,1.992279
804662608.589099,2.2127269999999997
804662611.077407,2.403517
804662613.363245,2.206047
804662615.548173,2.10026
804662617.6152459,1.9868970000000001
804662619.7880961,2.0880769999999997
804662621.9009349,2.034192
804662624.2061131,2.220615
804662627.0427829,2.7519020000000003
804662630.097315,2.973874
804662632.71284,2.530633
804662635.274997,2.4755049999999996
804662637.64916,2.2937909999999997
804662640.076998,2.342439
804662642.4683559,2.3048970000000004
804662645.009849,2.462494
804662647.8471661,2.7535469999999997
804662650.467247,2.539819
804662653.2124391,2.659608
804662655.563624,2.265189
804662657.9092,2.2651440000000003
804662660.721599,2.7273549999999998
804662662.983024,2.17548
804662665.675769,2.613476
804662668.112223,2.35144
804662670.381317,2.1870629999999998
804662672.663762,2.202299
804662675.332846,2.583085
804662677.596693,2.184672
804662679.723605,2.0423199999999997
804662681.8909571,2.0872550000000003
804662684.2468569,2.2700210000000003
804662686.146596,1.829535
804662688.686154,2.474932
804662691.0420439,2.281773
804662693.293833,2.189959
804662695.603817,2.237896
804662696.980793,1.3138189999999998
804662698.280274,1.232234
804662700.600296,2.2496539999999996
804662702.668241,1.997461
804662704.880462,2.1328110000000002
804662707.499977,2.533224
804662710.0322629,2.4524310000000002
804662712.687837,2.5753619999999997
804662714.92863,2.157564
804662717.639141,2.627262
804662720.0952849,2.3706899999999997
804662722.522507,2.3563270000000003
804662724.890265,2.287787
804662727.243148,2.266337
804662730.005014,2.682967
804662732.273697,2.1839060000000003
804662734.725065,2.3647460000000002
804662737.015193,2.209946
804662739.6059151,2.5047569999999997
804662741.960127,2.273068
804662744.6086199,2.562292
804662747.07848,2.380608
804662750.013986,2.855464
804662752.928953,2.829118
804662755.6587839,2.644873
804662758.008786,2.269955
804662760.261371,2.1671910000000003
804662762.418509,2.0657900000000002
804662765.037452,2.539328
804662767.725056,2.618042
804662770.3148459,2.509072
804662772.849257,2.433155
804662775.404452,2.289902
804662777.7391831,2.251427
804662780.493702,2.669756
804662782.9884311,2.409591
804662785.736881,2.66881
804662788.073121,2.250921
804662790.3944811,2.231612
804662792.777279,2.3026269999999998
804662795.237839,2.375406
804662797.5442439,2.225737
804662799.78644,2.116423
804662802.075124,2.208261
804662804.3089299,2.11056
804662806.422512,2.029076
804662808.546558,2.04392
804662810.7141349,2.081958
804662812.9974971,2.203897
804662815.575851,2.505935
804662818.054502,2.398981
804662820.5747,2.458766
804662823.268392,2.608123
804662826.08908,2.740281
804662828.6122501,2.437346
804662831.2657341,2.567209
804662833.815717,2.469981
804662836.412339,2.510972
804662838.4727111,1.988385
804662840.99562,2.4614860000000003
804662843.165393,2.103102
804662845.5777249,2.331754
804662847.8798599,2.2161899999999997
804662850.0188711,2.060498
804662852.415261,2.333162
804662854.618531,2.136646
804662856.839488,2.140715
804662859.1289841,2.161698
804662861.3663939,2.1565260000000004
804662864.0392619,2.588041
804662866.193573,2.068101
804662868.3073449,2.034307
804662870.4641321,2.078009
804662872.686126,2.148683
804662875.541525,2.726224
804662878.212044,2.590963
804662880.590442,2.2938009999999998
804662883.149686,2.473494
804662885.600788,2.368675
804662887.9544979,2.268432
804662890.134434,2.070676
804662892.363449,2.161603
804662894.6845341,2.254149
804662896.803464,2.0389280000000003
804662898.8084121,1.920136
804662901.1019931,2.215955
804662903.603242,2.411565
804662906.005044,2.322823
804662908.699583,2.567995
804662910.675058,1.9042130000000002
804662912.766272,2.022926
804662915.0282,2.14078
804662917.161497,2.0680099999999997
804662919.208809,1.9624339999999998
804662921.565612,2.276897
804662924.167896,2.5165740000000003
804662926.291345,2.053512
804662928.712974,2.3410409999999997
804662931.1105621,2.3109659999999996
804662933.40757,2.217398
804662936.165999,2.6724330000000003
804662938.879387,2.628881
804662941.4298301,2.4716650000000002
804662944.235448,2.719332
804662946.293591,1.972373
804662948.553358,2.1859599999999997
804662950.857052,2.228604
804662953.008321,2.084433
804662955.151717,2.068726
804662957.283225,2.0636650000000003
804662959.790112,2.436835
804662961.972864,2.11302
804662963.934622,1.889886
804662965.735386,1.702054
804662967.7514501,1.9490340000000002
804662969.667557,1.8433819999999999
804662977.7938609,8.061393
804662979.258058,1.426494
804662981.2929159,1.9446080000000001
804662983.469344,2.098095
804662985.5942359,2.010511
804662987.549131,1.9130239999999998
804662988.891449,1.304124
804662990.908165,1.9777330000000002
804662992.1188921,1.173575
804662994.171879,2.0000069999999996
804662996.188523,1.9646350000000001
804662998.324378,2.0765290000000003
804663000.153443,1.776254
804663002.27554,2.070858
804663004.063315,1.722511
804663005.7167089,1.57761
804663008.173826,2.3986929999999997
804663010.371387,2.136102
804663012.594317,2.16639
804663014.990429,2.329463
804663017.527765,2.466046
804663020.166999,2.573347
804663022.836199,2.5884929999999997
804663025.562603,2.635767
804663027.876731,2.226344
804663030.1787671,2.22209
804663032.474994,2.212206
804663034.856338,2.307142
804663036.991986,2.066311
804663039.165041,2.071754
804663041.3941561,2.162105
804663043.850521,2.385675
804663046.2917451,2.3730700000000002
804663048.250912,1.879105
804663050.777766,2.4362690000000002
804663053.348943,2.504051
804663055.8208591,2.3993819999999997
804663058.133158,2.24613
804663061.138947,2.93575
804663063.255656,2.0478929999999997
804663065.647204,2.313567
804663067.97724,2.2456989999999997
804663076.078494,7.9970609999999995
804663077.777654,1.6549399999999999
804663080.199697,2.370306
804663082.5591841,2.304296
804663084.163098,1.518472
804663086.106963,1.870867
804663088.164724,2.0214450000000004
804663089.655519,1.4459950000000001
804663091.999521,2.313585
804663093.5122,1.459039
804663095.592498,2.043673
804663098.090998,2.462527
804663100.085178,1.955249
804663101.450399,1.3017400000000001
804663104.074332,2.570702
804663106.369857,2.216024
804663108.875528,2.451866
804663111.064836,2.143404
804663113.224496,2.1155269999999997
804663115.287267,1.9963009999999999
804663117.0541129,1.719868
804663119.165708,2.05902
804663121.154338,1.933146
804663123.5179939,2.300841
804663126.400676,2.8321959999999997
804663128.254006,1.800607
804663130.063102,1.749847
804663132.470502,2.3440230000000004
804663134.816731,2.248572
804663137.160849,2.279072
804663139.385088,2.1312729999999998
804663142.131487,2.6643790000000003
804663144.873176,2.6575029999999997
804663147.861419,2.90309
804663150.603399,2.6626950000000003
804663153.065773,2.391404
804663155.4587901,2.3077639999999997
804663157.9980979,2.458805
804663160.310487,2.184622
804663162.3985441,2.020174
804663164.721192,2.2423819999999997
804663167.085528,2.278155
804663169.215206,2.054539
804663171.5160589,2.214672
804663173.514041,1.918548
804663176.072148,2.4683029999999997
804663178.188401,2.0404910000000003
804663180.28398,2.0162449999999996
804663182.602068,2.233731
804663184.824578,2.1422730000000003
804663187.421585,2.51258
804663189.93189,2.445444
804663192.133431,2.114424
804663194.123816,1.906665
804663196.7454311,2.54251
804663198.91155,2.095825
804663201.030348,2.0387220000000004
804663203.499427,2.3836500000000003
804663205.6773779,2.09772
804663208.1847069,2.4221049999999997
804663210.578941,2.30213
804663212.942971,2.288363
804663215.223175,2.1927499999999998
804663217.328197,2.025276
804663219.7396721,2.326248
804663221.7635549,1.944207
804663224.165152,2.315712
804663226.526781,2.290548
804663228.821975,2.215473
804663231.248716,2.349421
804663233.655967,2.326121
804663236.137244,2.3985399999999997
804663238.241614,2.018294
804663240.5701909,2.223362
804663242.562234,1.90707
804663244.6553581,2.032157
804663246.542447,1.8209350000000002
804663248.568685,1.963086
804663251.3307719,2.695887
804663253.678128,2.283808
804663255.967033,2.232524
804663258.4361169,2.394676
804663260.907501,2.404995
804663263.487679,2.5155469999999998
804663266.0201111,2.4686980000000003
804663268.846747,2.7586389999999996
804663271.178427,2.266653
804663273.249359,2.006241
804663275.8104279,2.489933
804663278.203094,2.312149
804663281.061515,2.773152
804663283.194211,2.0482590000000003
804663285.317625,2.0444299999999997
804663287.443776,2.0405610000000003
804663289.521709,1.9983079999999998
804663291.745687,2.139021
804663293.823917,1.999275
804663296.125968,2.210964
804663298.356451,2.145356
804663300.526464,2.10469
804663302.969537,2.371588
804663305.1806561,2.131317
804663307.415069,2.14949
804663309.723128,2.191793
804663312.058345,2.2490919999999996
804663314.3247781,2.1811640000000003
804663316.944719,2.5399950000000002
804663319.1693541,2.1388800000000003
804663321.751406,2.503795
804663324.117671,2.279192
804663326.3396599,2.135588
804663328.2389519,1.7850570000000001
804663330.0834471,1.780932
804663332.25137,2.1040799999999997
804663334.2283081,1.9101730000000001
804663336.542547,2.250841
804663338.442356,1.8330289999999998
804663340.553401,2.057782
804663342.361436,1.741775
804663344.396114,1.970688
804663346.5132489,2.030483
804663348.556331,1.970463
804663350.573493,1.937797
804663352.708078,2.071047
804663354.7859161,2.012536
804663356.799384,1.952151
804663359.085583,2.214151
804663361.315902,2.167076
804663363.320078,1.918006
804663365.3740461,1.98431
804663367.6956869,2.237315
804663369.8929429,2.115917
804663372.4725289,2.4937169999999997
804663374.892504,2.350167
804663377.300351,2.3383789999999998
804663379.815953,2.4429730000000003
804663382.592654,2.7010850000000004
804663385.15045,2.4801860000000002
804663387.597804,2.3735969999999997
804663390.231862,2.5547880000000003
804663392.869413,2.56368
804663395.6544629,2.696308
804663398.43588,2.702182
804663401.173409,2.6528620000000003
804663404.0390171,2.779873
804663406.972853,2.84729
804663409.578686,2.525966
804663412.434315,2.769504
804663414.786517,2.282033
804663417.271919,2.411235
804663419.909796,2.566561
804663421.9407611,1.951845
804663424.1515039,2.139708
804663426.334622,2.09816
804663428.4995129,2.0843429999999996
804663430.393348,1.807744
804663432.6244229,2.1500719999999998
804663435.133309,2.4233729999999998
804663437.302124,2.088102
804663439.746656,2.358818
804663442.0062829,2.192205
804663444.5041599,2.4258029999999997
804663446.683615,2.110715
804663448.486272,1.745464
804663450.94639,2.374038
804663453.2950741,2.281377
804663455.438319,2.072917
804663457.3063539,1.802036
804663459.437431,2.063375
804663461.360444,1.850383
804663463.6010209,2.155795
804663466.115792,2.4350449999999997
804663468.361095,2.160236
804663470.843385,2.381836
804663473.5077341,2.5836959999999998
804663475.739882,2.146844
804663477.873189,2.050093
804663480.0699539,2.118012
804663482.44561,2.2900519999999998
804663484.688257,2.16663
804663486.870269,2.09794
804663489.295902,2.345131
804663491.261955,1.880488
804663493.521656,2.179701
804663495.5955501,1.987768
804663497.8184711,2.143687
804663500.5035429,2.603457
804663503.146582,2.5582320000000003
804663505.515388,2.2893060000000003
804663508.363862,2.7627189999999997
804663511.0157909,2.5668219999999997
804663513.7793909,2.68393
804663516.558502,2.6935420000000003
804663518.828959,2.1849119999999997
804663521.132272,2.222776
804663523.2943211,2.090538
804663525.637352,2.2631140000000003
804663528.555071,2.825049
804663530.615329,1.967672
804663532.811597,2.116073
804663535.310351,2.406659
804663537.486798,2.097434
804663539.745763,2.17278
804663542.3001671,2.469721
804663544.691159,2.30578
804663546.8865211,2.110785
804663549.171201,2.205365
804663551.627124,2.3709909999999996
804663553.908131,2.201376
804663556.097518,2.1035530000000002
804663558.323627,2.139672
804663560.621167,2.178412
804663563.253436,2.545898
804663565.664214,2.285942
804663568.087693,2.3394530000000002
804663570.4971579,2.319099
804663572.62616,2.062037
804663574.997336,2.291055
804663577.704971,2.6291119999999997
804663579.999048,2.22879
804663582.16197,2.058433
804663584.4462789,2.2056459999999998
804663586.7021159,2.170885
804663588.9301239,2.146934
804663591.0809469,2.080985
804663593.0543319,1.90266
804663595.353215,2.221097
804663597.171654,1.750441
804663599.5380241,2.278316
804663601.843909,2.226434
804663604.321297,2.347311
804663606.742359,2.338615
804663608.976612,2.106745
804663611.2004449,2.1378880000000002
804663613.316557,2.037169
804663615.7592609,2.3567929999999997
804663618.131665,2.3059790000000002
804663620.436386,2.219869
804663622.774084,2.252996
804663625.451659,2.597758
804663628.2657659,2.72915
804663630.995227,2.650567
804663633.926587,2.851445
804663636.351925,2.338962
804663638.867818,2.430149
804663641.59126,2.644012
804663644.192923,2.5166950000000003
804663646.965113,2.696405
804663649.4761,2.431617
804663651.8276559,2.276586
804663653.798169,1.8910330000000002
804663656.438868,2.5580070000000004
804663658.888121,2.382873
804663661.128913,2.1603909999999997
804663663.335421,2.1201060000000003
804663665.680907,2.264668
804663668.261707,2.4957209999999996
804663670.682799,2.33643
804663673.490562,2.7272149999999997
804663676.189527,2.614147
804663678.614047,2.354998
804663680.920748,2.225628
804663683.089789,2.096186
804663685.394595,2.2371790000000003
804663687.683961,2.221377
804663689.975853,2.227326
804663692.213749,2.150287
804663694.487829,2.190646
804663696.7521421,2.1440919999999997
804663698.9880229,2.149876
804663701.188276,2.120156
804663703.361626,2.088528
804663705.6042279,2.1197310000000003
804663707.4684939,1.7633860000000001
804663709.730346,2.1745639999999997
804663711.794312,1.980552
804663714.16591,2.290518
804663716.108969,1.8707660000000002
804663718.451599,2.256885
804663720.71322,2.182277
804663722.931199,2.145119
804663725.670618,2.659613
804663728.119971,2.362987
804663730.332513,2.1267579999999997
804663732.93366,2.520329
804663735.1341289,2.115361
804663737.259423,2.046294
804663739.66557,2.322052
804663741.86661,2.121721
804663744.17695,2.2246449999999998
804663746.228452,1.966224
804663748.4403571,2.1431
804663751.293906,2.767223
804663753.94522,2.5715030000000003
804663755.410763,1.380465
804663757.1659551,1.67506
804663759.073446,1.8220230000000002
804663760.925714,1.772904
804663762.9169309,1.9026150000000002
804663764.89649,1.874444
804663766.364182,1.38286
804663768.174237,1.716993
804663769.871559,1.613321
804663771.702297,1.750957
804663773.887541,2.10628
804663776.0503069,2.07873
804663777.996098,1.85961
804663779.984658,1.908243
804663782.1065791,2.017217
804663784.117787,1.92608
804663786.142867,1.940293
804663787.991336,1.769024
804663789.854214,1.750085
804663791.712571,1.779037
804663793.560318,1.767481
804663795.458048,1.813193
804663797.24577,1.7077069999999999
804663799.0612019,1.730815
804663801.300501,2.156161
804663803.199192,1.814776
804663805.121924,1.843177
804663807.3527889,2.1465490000000003
804663809.727849,2.295565
804663811.757756,1.946763
804663813.643202,1.8061150000000001
804663815.758136,2.038847
804663817.747834,1.909686
804663819.947922,2.114353
804663822.192533,2.134726
804663824.310029,1.9883700000000002
804663826.36351,1.9683690000000003
804663828.7202331,2.276461
804663830.843923,2.036488
804663833.167489,2.242742
804663835.512264,2.259917
804663837.957527,2.365693
804663840.3853401,2.342996
804663842.800138,2.330937
804663845.1560841,2.289391
804663847.536792,2.3084350000000002
804663850.105749,2.511844
804663852.4904721,2.316484
804663854.7879721,2.230949
804663856.9006109,2.032022
804663858.749737,1.7639019999999999
804663860.999736,2.1709199999999997
804663862.98125,1.9110850000000001
804663865.246484,2.1851230000000004
804663867.215654,1.898351
804663869.45805,2.171231
804663871.675153,2.1458559999999998
804663874.0165751,2.2698359999999997
804663876.6558009,2.555415
804663878.899986,2.1598189999999997
804663881.23348,2.254083
804663883.357676,2.039569
804663885.7152749,2.277458
804663887.943744,2.145235
804663890.430329,2.3770990000000003
804663892.922377,2.406543
804663895.4601719,2.4529970000000003
804663897.8614781,2.321265
804663900.533625,2.586563
804663903.185279,2.56603
804663905.530866,2.265876
804663907.373942,1.7583950000000002
804663909.848379,2.4068090000000004
804663912.474489,2.537343
804663914.666223,2.107723
804663917.15157,2.4049549999999997
804663920.097224,2.8600399999999997
804663922.595837,2.429812
804663925.104729,2.429392
804663927.514154,2.3075930000000002
804663929.786274,2.1924650000000003
804663932.278934,2.406865
804663934.6687729,2.302355
804663937.069969,2.321545
804663939.444233,2.288564
804663942.229708,2.7056150000000003
804663944.88431,2.568546
804663947.2766349,2.3075080000000003
804663949.954912,2.598691
804663952.606095,2.565594
804663955.0733099,2.375441
804663957.705425,2.552073
804663960.539408,2.748966
804663963.214332,2.5890779999999998
804663966.19433,2.900068
804663969.180654,2.900844
804663971.754307,2.48881
804663974.4549301,2.619554
804663977.0819371,2.541839
804663979.735926,2.569243
804663982.455184,2.640083
804663985.11178,2.571207
804663987.818968,2.621795
804663990.4278331,2.527816
804663992.978176,2.465241
804663995.652248,2.5889379999999997
804663998.351307,2.619119
804664002.280231,3.844321
804664004.519961,2.154567
804664006.988755,2.3836500000000003
804664009.056214,1.987793
804664011.481832,2.340304
804664013.661482,2.10007
804664015.641122,1.901973
804664017.5501571,1.838721
804664019.847681,2.212151
804664022.112109,2.185219
804664024.5933269,2.4059820000000003
804664026.9470431,2.267921
804664029.387686,2.360947
804664031.89115,2.4195729999999998
804664034.2100539,2.2398610000000003
804664036.560362,2.265545
804664039.3454369,2.699992
804664042.2723969,2.846599
804664044.57557,2.220089
804664046.832791,2.170845
804664049.029666,2.116288
804664051.7371061,2.623118
804664054.016088,2.19872
804664056.354668,2.253933
804664058.846831,2.421734
804664061.137895,2.2114439999999997
804664063.254604,2.0307340000000003
804664065.5079609,2.173616
804664068.133289,2.541067
804664070.554407,2.332246
804664072.768653,2.134214
804664074.913387,2.060097
804664077.175334,2.1819610000000003
804664079.8376329,2.5777270000000003
804664082.369378,2.4521249999999997
804664084.9382991,2.484551
804664087.611469,2.5845130000000003
804664089.97849,2.283908
804664092.533565,2.470507
804664094.823698,2.2050199999999998
804664096.934047,2.030603
804664099.272176,2.2670239999999997
804664101.29652,1.961472
804664103.10247,1.7382680000000001
804664105.3408569,2.158762
804664107.2377881,1.813272
804664109.373221,2.054869
804664111.231633,1.770648
804664113.431034,2.118483
804664115.6546069,2.134756
804664117.778839,2.044691
804664120.116762,2.262994
804664122.499566,2.307322
804664125.1588881,2.5919049999999997
804664127.7338331,2.4901989999999996
804664130.148917,2.3353829999999998
804664132.474988,2.256104
804664134.517645,1.9723829999999998
804664136.520438,1.9230779999999998
804664138.5955349,1.989087
804664140.622274,1.9466780000000001
804664142.6806021,1.9731789999999998
804664145.1072869,2.3471859999999998
804664147.1003779,1.908193
804664149.774319,2.602184
804664151.8479329,1.993086
804664153.786768,1.859731
804664155.8073981,1.936083
804664157.735122,1.8440889999999999
804664159.55529,1.73506
804664161.256897,1.6217110000000001
804664162.8821961,1.541845
804664164.406014,1.397199
804664166.47642,1.98646
804664168.297756,1.740983
804664170.3391091,1.9572930000000002
804664172.144423,1.716787
804664174.238725,2.025687
804664176.768381,2.4504710000000003
804664178.870651,2.0150770000000002
804664180.803972,1.863359
804664183.1258991,2.237921
804664185.356588,2.15154
804664187.445873,2.0050290000000004
804664189.926113,2.400635
804664192.247117,2.23554
804664194.404029,2.081732
804664196.39702,1.924867
804664198.7235379,2.2574769999999997
804664201.3925481,2.5893550000000003
804664203.524286,2.047393
804664205.862856,2.258699
804664208.106646,2.15819
804664210.7182021,2.5264469999999997
804664212.916661,2.122913
804664215.141471,2.148679
804664217.3794321,2.164761
804664219.1991,1.742533
804664221.3857709,2.112283
804664223.150275,1.698265
804664224.482397,1.2724579999999999
804664225.6957769,1.1575209999999998
804664227.2160721,1.460822
804664229.278073,2.003189
804664231.14508,1.801419
804664233.136803,1.928962
804664234.956416,1.753924
804664236.720333,1.701523
804664238.541965,1.75452
804664239.9163951,1.3114139999999999
804664241.653274,1.6651420000000001
804664242.8146629,1.093807
804664244.4827471,1.573594
804664246.472746,1.905497
804664248.4322029,1.880273
804664251.234609,2.7359459999999998
804664253.617152,2.303283
804664255.8534089,2.152126
804664258.1707951,2.237785
804664260.537972,2.282224
804664262.857658,2.236206
804664265.1327211,2.195587
804664267.59107,2.3747949999999998
804664269.9357841,2.26523
804664272.756036,2.736086
804664274.4628961,1.63199
804664276.5175561,1.972779
804664278.966202,2.363914
804664281.142189,2.096276
804664283.475321,2.24797
804664285.640934,2.0857509999999997
804664287.799846,2.073919
804664289.898763,2.019201
804664292.3484819,2.3636429999999997
804664294.356548,1.924392
804664296.243317,1.8041859999999998
804664298.252485,1.921555
804664299.912149,1.58046
804664301.702864,1.711861
804664303.724817,1.940593
804664305.801046,1.993833
804664308.175485,2.289351
804664310.625816,2.3648559999999996
804664312.7313131,2.0252310000000002
804664314.985993,2.1702039999999996
804664317.042798,1.97767
804664319.06219,1.934264
804664320.676409,1.535175
804664322.305467,1.555817
804664324.278236,1.8982249999999998
804664325.788432,1.443361
804664327.31452,1.463042
804664328.479603,1.1016249999999999
804664329.842026,1.2792439999999998
804664331.032172,1.1088770000000001
804664332.2892851,1.208352
804664333.671181,1.335233
804664335.092145,1.35712
804664336.24184,1.086748
804664337.721616,1.431644
804664339.266937,1.488368
804664340.475341,1.145186
804664341.6862351,1.14437
804664343.046307,1.296367
804664344.239455,1.136883
804664345.720103,1.427759
804664347.302217,1.5188409999999999
804664348.5950919,1.229473
804664349.8715639,1.2108450000000002
804664351.464087,1.5296669999999999
804664352.991399,1.464445
804664354.469746,1.412113
804664355.707297,1.144906
804664356.9547169,1.17007
804664358.19266,1.1481379999999999
804664359.672521,1.4157620000000002
804664361.035284,1.299922
804664362.4953591,1.393425
804664363.926226,1.367258
804664365.2215071,1.232389
804664366.786155,1.511825
804664368.2316561,1.399403
804664369.714789,1.416594
804664371.238963,1.461178
804664372.507792,1.20453
804664373.665728,1.092233
804664375.33919,1.6105150000000001
804664377.023402,1.6208
804664378.6536779,1.5531169999999999
