basic_appreq,4826743,721243814096134,80
basic_appreq,3851579,721243818060736,80
basic_appreq,3687165,721243821814506,80
basic_appreq,3672541,721243825546526,80
basic_appreq,4093190,721243829697074,80
basic_appreq,4114671,721243833870221,80
basic_appreq,4238795,721243838163513,80
basic_appreq,3888765,721243842106393,80
basic_appreq,4686321,721243846847487,80
basic_appreq,3805957,721243850710366,80
basic_appreq,4477125,721243855241697,80
basic_appreq,4790153,721243860086076,80
basic_appreq,4932651,721243865074241,80
basic_appreq,4280847,721243869425207,80
basic_appreq,4505200,721243873988000,80
basic_appreq,4890743,721243878935821,80
basic_appreq,4812245,721243883817428,80
basic_appreq,5194259,721243889073991,80
basic_appreq,5153454,721243894299584,80
basic_appreq,4905472,721243899276687,80
basic_appreq,4873653,721243904220503,80
basic_appreq,4419305,721243908698319,80
basic_appreq,4373834,721243913128094,80
basic_appreq,4298333,721243917483880,80
basic_appreq,4952923,721243922493344,80
basic_appreq,4655279,721243927203752,80
basic_appreq,3393021,721243930652396,80
basic_appreq,4419877,721243935127416,80
basic_appreq,3727545,721243938909763,80
basic_appreq,3736159,721243942700163,80
basic_appreq,4357361,721243947111735,80
basic_appreq,4157034,721243951323081,80
basic_appreq,4283202,721243955662720,80
basic_appreq,4088240,721243959809425,80
basic_appreq,4000750,721243963864823,80
basic_appreq,4432346,721243968352968,80
basic_appreq,4467992,721243972876059,80
basic_appreq,4903267,721243977834053,80
basic_appreq,4861760,721243982750275,80
basic_appreq,4513619,721243987318111,80
basic_appreq,4562649,721243991935597,80
basic_appreq,4509801,721243996500090,80
basic_appreq,4455384,721244001010416,80
basic_appreq,4903658,721244005969213,80
basic_appreq,4700399,721244010724479,80
basic_appreq,4013666,721244014792797,80
basic_appreq,4493989,721244019340922,80
basic_appreq,4550671,721244023946561,80
basic_appreq,4326689,721244028346485,80
basic_appreq,4677792,721244033079305,80
basic_appreq,4443355,721244037577148,80
basic_appreq,4221229,721244041853449,80
basic_appreq,4178254,721244046085924,80
basic_appreq,4654844,721244050818594,80
basic_appreq,4535505,721244055408411,80
basic_appreq,4524455,721244059987808,80
basic_appreq,4247305,721244064311145,80
basic_appreq,4207746,721244068573529,80
basic_appreq,4262109,721244072889939,80
basic_appreq,5238783,721244078183084,80
basic_appreq,3936691,721244082176116,80
basic_appreq,5176908,721244087407582,80
basic_appreq,4982005,721244092444124,80
basic_appreq,4910248,721244097408768,80
basic_appreq,4005151,721244101467910,80
basic_appreq,3940951,721244105467948,80
basic_appreq,4147081,721244109670217,80
basic_appreq,3913633,721244113638372,80
basic_appreq,4086219,721244117779184,80
basic_appreq,5153048,721244122986573,80
basic_appreq,4136211,721244127177160,80
basic_appreq,4459003,721244131691256,80
basic_appreq,4326448,721244136071224,80
basic_appreq,4619341,721244140744691,80
basic_appreq,4471937,721244145270378,80
basic_appreq,4400561,721244149725882,80
basic_appreq,4421721,721244154219380,80
basic_appreq,4211982,721244158501516,80
basic_appreq,4843397,721244163402587,80
basic_appreq,4690025,721244168148547,80
basic_appreq,5225863,721244173431322,80
basic_appreq,4827184,721244178313815,80
basic_appreq,4589261,721244182957849,80
basic_appreq,4615512,721244187629647,80
basic_appreq,4291486,721244191976598,80
basic_appreq,4131144,721244196186109,80
basic_appreq,4142375,721244200383427,80
basic_appreq,4351943,721244204790058,80
basic_appreq,3747931,721244208592000,80
basic_appreq,4714472,721244213364407,80
basic_appreq,4712993,721244218131587,80
basic_appreq,5227436,721244223413840,80
basic_appreq,4878515,721244228346706,80
basic_appreq,3728783,721244232130627,80
basic_appreq,4108971,721244236293815,80
basic_appreq,5048179,721244241396611,80
basic_appreq,4269586,721244245737393,80
basic_appreq,4655921,721244250464239,80
basic_appreq,4538733,721244255075271,80
basic_appreq,4972152,721244260123043,80
basic_appreq,5467491,721244265661835,80
basic_appreq,5149245,721244270884014,80
basic_appreq,5417960,721244276373360,80
basic_appreq,4642801,721244281112916,80
basic_appreq,4566527,721244285751727,80
basic_appreq,4159364,721244289982998,80
basic_appreq,4737601,721244294812268,80
basic_appreq,5144459,721244300027266,80
basic_appreq,4370640,721244304457766,80
basic_appreq,4705040,721244309218281,80
basic_appreq,4496966,721244313770656,80
basic_appreq,3888113,721244317714303,80
basic_appreq,4049519,721244321818549,80
basic_appreq,4052977,721244325926529,80
basic_appreq,4605975,721244330590443,80
basic_appreq,4456085,721244335103261,80
basic_appreq,4165649,721244339323723,80
basic_appreq,4983999,721244344362058,80
basic_appreq,4401303,721244348817959,80
basic_appreq,4464490,721244353336640,80
basic_appreq,4087332,721244357478268,80
basic_appreq,4290730,721244361822739,80
basic_appreq,4269200,721244366145825,80
basic_appreq,4615481,721244370815307,80
basic_appreq,3842477,721244374712195,80
basic_appreq,3977161,721244378744975,80
basic_appreq,4115728,721244382916704,80
basic_appreq,4007536,721244386978305,80
basic_appreq,3954462,721244390987240,80
basic_appreq,4107725,721244395158597,80
basic_appreq,5417999,721244400632281,80
basic_appreq,5049147,721244405778519,80
basic_appreq,4143618,721244409992667,80
basic_appreq,4247189,721244414303093,80
basic_appreq,4185902,721244418544618,80
basic_appreq,4482276,721244423082705,80
basic_appreq,5522073,721244428660187,80
basic_appreq,4418733,721244433132785,80
basic_appreq,3892198,721244437079736,80
basic_appreq,4417100,721244441551558,80
basic_appreq,4775915,721244446392273,80
basic_appreq,4429153,721244450875913,80
basic_appreq,4296830,721244455228427,80
basic_appreq,4032860,721244459315584,80
basic_appreq,4658833,721244464028588,80
basic_appreq,5331810,721244469417214,80
basic_appreq,3935223,721244473407575,80
basic_appreq,4600683,721244478063170,80
basic_appreq,4602537,721244482720449,80
basic_appreq,4869017,721244487644083,80
basic_appreq,4362477,721244492061028,80
basic_appreq,4247770,721244496379112,80
basic_appreq,4572802,721244501010535,80
basic_appreq,4506754,721244505589883,80
basic_appreq,4543353,721244510204963,80
basic_appreq,4538382,721244514822184,80
basic_appreq,4342226,721244519236257,80
basic_appreq,4744943,721244524052982,80
basic_appreq,4915585,721244529041061,80
basic_appreq,5166555,721244534279944,80
basic_appreq,5001189,721244539352896,80
basic_appreq,4549443,721244543974086,80
basic_appreq,5537749,721244549610394,80
basic_appreq,4398065,721244554080583,80
basic_appreq,4796357,721244558949178,80
basic_appreq,5158211,721244564179306,80
basic_appreq,5167041,721244569418650,80
basic_appreq,5157955,721244574648462,80
basic_appreq,5162520,721244579883056,80
basic_appreq,5001505,721244584956528,80
basic_appreq,4468826,721244589497316,80
basic_appreq,5248867,721244594818501,80
basic_appreq,5310524,721244600200637,80
basic_appreq,4877958,721244605150613,80
basic_appreq,5139516,721244610362413,80
basic_appreq,4831274,721244615266341,80
basic_appreq,4503391,721244619841709,80
basic_appreq,5119605,721244625033001,80
basic_appreq,4964444,721244630069573,80
basic_appreq,5010221,721244635151777,80
basic_appreq,4889249,721244640113254,80
basic_appreq,4829374,721244645014360,80
basic_appreq,5353846,721244650440640,80
basic_appreq,4916822,721244655429506,80
basic_appreq,4671156,721244660172650,80
basic_appreq,5174874,721244665419862,80
basic_appreq,5156536,721244670648126,80
basic_appreq,4587557,721244675307419,80
basic_appreq,4830127,721244680209513,80
basic_appreq,4895864,721244685177761,80
basic_appreq,5407696,721244690657710,80
basic_appreq,4925549,721244695655382,80
basic_appreq,4978291,721244700706097,80
basic_appreq,4890392,721244705668476,80
basic_appreq,5086548,721244710827924,80
basic_appreq,5055501,721244715955644,80
basic_appreq,5075919,721244721129330,80
basic_appreq,5022849,721244726224353,80
basic_appreq,5268803,721244731565098,80
basic_appreq,5209856,721244736847548,80
basic_appreq,5175987,721244742095427,80
basic_appreq,5024570,721244747192079,80
basic_appreq,5159232,721244752423604,80
basic_appreq,5208989,721244757704841,80
basic_appreq,4941315,721244762718521,80
basic_appreq,5113325,721244767921850,80
basic_appreq,5031175,721244773025358,80
basic_appreq,4716105,721244777813327,80
basic_appreq,4686422,721244782571590,80
basic_appreq,4749178,721244787414231,80
basic_appreq,4456041,721244791940931,80
basic_appreq,4938327,721244796938041,80
basic_appreq,5301980,721244802296528,80
basic_appreq,4492209,721244806843896,80
basic_appreq,4666650,721244811566096,80
basic_appreq,40177770,721244851815146,80
basic_appreq,11043252,721244862930892,80
basic_appreq,6248644,721244869251670,80
basic_appreq,6541912,721244875866521,80
basic_appreq,6948539,721244882887604,80
basic_appreq,6881522,721244889841285,80
basic_appreq,6763634,721244896676766,80
basic_appreq,7221148,721244903970393,80
basic_appreq,6167214,721244910233932,80
basic_appreq,6359587,721244916665842,80
basic_appreq,6331097,721244923068846,80
basic_appreq,7341919,721244930482778,80
basic_appreq,5675776,721244936231158,80
basic_appreq,7577272,721244943880734,80
basic_appreq,6014499,721244949967662,80
basic_appreq,7322750,721244957362595,80
basic_appreq,6795216,721244964230346,80
basic_appreq,6381052,721244970683206,80
basic_appreq,6706505,721244977461979,80
basic_appreq,6330950,721244983865103,80
basic_appreq,6328060,721244990265385,80
basic_appreq,6834863,721244997172642,80
basic_appreq,7250528,721245004495799,80
basic_appreq,6658789,721245011227222,80
basic_appreq,5654330,721245016954097,80
basic_appreq,5378538,721245022402102,80
basic_appreq,4195529,721245026656347,80
basic_appreq,3741287,721245030452967,80
basic_appreq,4416598,721245034925671,80
basic_appreq,4687099,721245039667196,80
basic_appreq,3809229,721245043535834,80
basic_appreq,4661188,721245048252988,80
basic_appreq,6741391,721245055049101,80
basic_appreq,6154024,721245061258544,80
basic_appreq,7242699,721245068556351,80
basic_appreq,4948828,721245073577101,80
basic_appreq,4650077,721245078299978,80
basic_appreq,4080526,721245082438429,80
basic_appreq,4221680,721245086714936,80
basic_appreq,4303946,721245091073850,80
basic_appreq,4332849,721245095461431,80
basic_appreq,3844712,721245099361507,80
basic_appreq,4401839,721245103846199,80
basic_appreq,4371740,721245108272811,80
basic_appreq,4293827,721245112622018,80
basic_appreq,4610680,721245117287635,80
basic_appreq,4851281,721245122193483,80
basic_appreq,4830127,721245127078122,80
basic_appreq,4695633,721245131827680,80
basic_appreq,3984583,721245135868238,80
basic_appreq,4002750,721245139926468,80
basic_appreq,4669141,721245144650887,80
basic_appreq,5272317,721245149978222,80
basic_appreq,4247796,721245154298196,80
basic_appreq,4630405,721245159002383,80
basic_appreq,4908083,721245163967805,80
basic_appreq,4557096,721245168602942,80
basic_appreq,4029777,721245172688214,80
basic_appreq,4755929,721245177499321,80
basic_appreq,3953360,721245181508622,80
basic_appreq,4824252,721245186387035,80
basic_appreq,4830678,721245191273162,80
basic_appreq,4074487,721245195401720,80
basic_appreq,4387590,721245199845161,80
basic_appreq,4586720,721245204486387,80
basic_appreq,4056816,721245208600166,80
basic_appreq,4150318,721245212805562,80
basic_appreq,4310827,721245217171293,80
basic_appreq,4022230,721245221248837,80
basic_appreq,4152544,721245225455972,80
basic_appreq,4026876,721245229537180,80
basic_appreq,4545273,721245234137411,80
basic_appreq,4702178,721245238917310,80
basic_appreq,4400837,721245243390461,80
basic_appreq,4191444,721245247641293,80
basic_appreq,5053150,721245252769669,80
basic_appreq,5235501,721245258077277,80
basic_appreq,5116208,721245263265036,80
basic_appreq,4941450,721245268278299,80
basic_appreq,4442569,721245272792700,80
basic_appreq,4327922,721245277192720,80
basic_appreq,5271273,721245282536061,80
basic_appreq,4719820,721245287327598,80
basic_appreq,4333576,721245291732685,80
basic_appreq,4985137,721245296789388,80
basic_appreq,5253082,721245302114342,80
basic_appreq,5332260,721245307518449,80
basic_appreq,5403471,721245312993939,80
basic_appreq,5738241,721245318807225,80
basic_appreq,5261430,721245324140462,80
basic_appreq,4323167,721245328542943,80
basic_appreq,5259301,721245333873740,80
basic_appreq,4981258,721245338927121,80
basic_appreq,4213200,721245343231458,80
basic_appreq,4990069,721245348293725,80
basic_appreq,4777604,721245353143146,80
basic_appreq,5104235,721245358319639,80
basic_appreq,4749378,721245363140645,80
basic_appreq,4926720,721245368139694,80
basic_appreq,4692406,721245372903767,80
basic_appreq,5005861,721245377981690,80
basic_appreq,4581523,721245382634859,80
basic_appreq,4601109,721245387314320,80
basic_appreq,4823927,721245392210174,80
basic_appreq,4735636,721245397017562,80
basic_appreq,5098667,721245402188477,80
basic_appreq,5022485,721245407283065,80
basic_appreq,5064602,721245412419228,80
basic_appreq,5150919,721245417641834,80
basic_appreq,4862090,721245422575386,80
basic_appreq,5541342,721245428188555,80
basic_appreq,5287502,721245433546917,80
basic_appreq,5319751,721245438939412,80
basic_appreq,4970248,721245443981502,80
basic_appreq,5119715,721245449196756,80
basic_appreq,5152421,721245454421185,80
basic_appreq,5316173,721245459809656,80
basic_appreq,4885159,721245464766713,80
basic_appreq,4742508,721245469593852,80
basic_appreq,4961854,721245474627849,80
basic_appreq,4869939,721245479569926,80
basic_appreq,5192571,721245484834734,80
basic_appreq,5123980,721245490031013,80
basic_appreq,5327645,721245495431116,80
basic_appreq,5366390,721245500870010,80
basic_appreq,4843317,721245505785014,80
basic_appreq,4806822,721245510663283,80
basic_appreq,4581713,721245515324646,80
basic_appreq,4255944,721245519652217,80
basic_appreq,4974808,721245524699329,80
basic_appreq,4940965,721245529712697,80
basic_appreq,4820052,721245534604381,80
basic_appreq,4770819,721245539447087,80
basic_appreq,5261702,721245544780786,80
basic_appreq,4976156,721245549829055,80
basic_appreq,5007018,721245554908131,80
basic_appreq,4930711,721245559910955,80
basic_appreq,5076264,721245565058635,80
basic_appreq,4594037,721245569724720,80
basic_appreq,5100987,721245574897514,80
basic_appreq,4782249,721245579751832,80
basic_appreq,4229619,721245584053197,80
basic_appreq,4913406,721245589039923,80
basic_appreq,5154607,721245594267129,80
basic_appreq,5007308,721245599350495,80
basic_appreq,4999460,721245604422981,80
basic_appreq,5085105,721245609579602,80
basic_appreq,4527536,721245614184810,80
basic_appreq,4671437,721245618931863,80
basic_appreq,4585462,721245623575174,80
basic_appreq,4934360,721245628606474,80
basic_appreq,5046661,721245633724917,80
basic_appreq,5231912,721245639028781,80
basic_appreq,5188231,721245644289891,80
basic_appreq,5122918,721245649484741,80
basic_appreq,4989427,721245654545830,80
basic_appreq,5049522,721245659667335,80
basic_appreq,4328343,721245664067916,80
basic_appreq,5498809,721245669640306,80
basic_appreq,5244241,721245674956730,80
basic_appreq,4898395,721245679926716,80
basic_appreq,5333223,721245685329777,80
basic_appreq,4895513,721245690297363,80
basic_appreq,5002006,721245695370921,80
basic_appreq,5119746,721245700562620,80
basic_appreq,5138174,721245705772325,80
basic_appreq,4702289,721245710546401,80
basic_appreq,5002092,721245715620355,80
basic_appreq,5034306,721245720726363,80
basic_appreq,5081853,721245725880259,80
basic_appreq,5100631,721245731053434,80
basic_appreq,5370745,721245736496061,80
basic_appreq,5279223,721245741847171,80
basic_appreq,4936729,721245746855612,80
basic_appreq,5023131,721245751950661,80
basic_appreq,4753493,721245756799606,80
basic_appreq,5090648,721245761962632,80
basic_appreq,4914393,721245766948877,80
basic_appreq,5057642,721245772078085,80
basic_appreq,5305352,721245777456382,80
basic_appreq,4575749,721245782104249,80
basic_appreq,4900190,721245787074623,80
basic_appreq,4648177,721245791779848,80
basic_appreq,4069560,721245795904417,80
basic_appreq,4997095,721245800972272,80
basic_appreq,4912734,721245805967256,80
basic_appreq,4595911,721245810621854,80
basic_appreq,4814304,721245815491799,80
basic_appreq,4336942,721245819883484,80
basic_appreq,4325682,721245824263442,80
basic_appreq,4145227,721245828463742,80
basic_appreq,4438669,721245832956798,80
basic_appreq,4486802,721245837497696,80
basic_appreq,4515639,721245842067607,80
basic_appreq,4547944,721245846669852,80
basic_appreq,5021999,721245851764525,80
basic_appreq,4112224,721245855931071,80
basic_appreq,4116731,721245860102268,80
basic_appreq,4387465,721245864548531,80
basic_appreq,4065095,721245868667767,80
basic_appreq,4373964,721245873096373,80
basic_appreq,4281760,721245877432515,80
basic_appreq,4610590,721245882097025,80
basic_appreq,4172926,721245886324087,80
basic_appreq,4594318,721245890979367,80
basic_appreq,3983967,721245895017770,80
basic_appreq,4758174,721245899831142,80
basic_appreq,5054113,721245904939952,80
basic_appreq,4396783,721245909391738,80
basic_appreq,4678829,721245914124748,80
basic_appreq,4095681,721245918274751,80
basic_appreq,4419525,721245922749806,80
basic_appreq,4648067,721245927452345,80
basic_appreq,3981932,721245931488578,80
basic_appreq,4816835,721245936359344,80
basic_appreq,4451704,721245940866077,80
basic_appreq,3690468,721245944610666,80
basic_appreq,4578125,721245949242440,80
basic_appreq,4815507,721245954112359,80
basic_appreq,4534328,721245958700442,80
basic_appreq,3951331,721245962705778,80
basic_appreq,4552540,721245967312158,80
basic_appreq,4939080,721245972305369,80
basic_appreq,4528915,721245976888636,80
basic_appreq,3618059,721245980561958,80
basic_appreq,4399664,721245985015228,80
basic_appreq,4926657,721245989995569,80
basic_appreq,4531902,721245994581892,80
basic_appreq,4324504,721245998983762,80
basic_appreq,4503527,721246003542130,80
basic_appreq,4477851,721246008074789,80
basic_appreq,4331630,721246012461327,80
basic_appreq,4128428,721246016643866,80
basic_appreq,4827190,721246021524951,80
basic_appreq,4419811,721246025998853,80
basic_appreq,4856332,721246030910028,80
basic_appreq,4679235,721246035643836,80
basic_appreq,4079618,721246039777856,80
basic_appreq,4715881,721246044549010,80
basic_appreq,4674824,721246049278773,80
basic_appreq,4258991,721246053591774,80
basic_appreq,4013490,721246057659631,80
basic_appreq,4139634,721246061854614,80
basic_appreq,4136481,721246066046319,80
basic_appreq,4787918,721246070888102,80
basic_appreq,4933081,721246075875821,80
basic_appreq,4552565,721246080482276,80
basic_appreq,4079142,721246084615550,80
basic_appreq,4341764,721246089011215,80
basic_appreq,5205300,721246094270976,80
basic_appreq,3979491,721246098304859,80
basic_appreq,4423626,721246102783562,80
basic_appreq,4365544,721246107203162,80
basic_appreq,5034367,721246112291615,80
basic_appreq,4729898,721246117075278,80
basic_appreq,4417055,721246121546574,80
basic_appreq,4411832,721246126013189,80
basic_appreq,4661840,721246130729300,80
basic_appreq,3928357,721246134711653,80
basic_appreq,4828452,721246139595373,80
basic_appreq,4608872,721246144258055,80
basic_appreq,4228621,721246148541423,80
basic_appreq,4749118,721246153363095,80
basic_appreq,4863022,721246158297113,80
basic_appreq,4808351,721246163163309,80
basic_appreq,4575855,721246167794522,80
basic_appreq,4234053,721246172084059,80
basic_appreq,4196912,721246176336245,80
basic_appreq,3944489,721246180334836,80
basic_appreq,4296503,721246184685736,80
basic_appreq,5000328,721246189740470,80
basic_appreq,4615782,721246194411070,80
basic_appreq,3949049,721246198414186,80
basic_appreq,4781408,721246203250421,80
basic_appreq,4375192,721246207680091,80
basic_appreq,4581311,721246212316135,80
basic_appreq,4660356,721246217031223,80
basic_appreq,4932120,721246222020110,80
basic_appreq,4929763,721246227003994,80
basic_appreq,4982687,721246232040731,80
basic_appreq,4071906,721246236168107,80
basic_appreq,4451865,721246240674829,80
basic_appreq,4620303,721246245365652,80
basic_appreq,4965687,721246250389845,80
basic_appreq,5316569,721246255778607,80
basic_appreq,5241745,721246261092996,80
basic_appreq,4819527,721246265984405,80
basic_appreq,5288384,721246271345182,80
basic_appreq,4990746,721246276408296,80
basic_appreq,5311432,721246281791690,80
basic_appreq,4861635,721246286725213,80
basic_appreq,4539499,721246291336198,80
basic_appreq,4885942,721246296293606,80
basic_appreq,5209816,721246301575249,80
basic_appreq,4917394,721246306564365,80
basic_appreq,5138053,721246311774471,80
basic_appreq,5023802,721246316870657,80
basic_appreq,4997671,721246321959120,80
basic_appreq,4759482,721246326822770,80
basic_appreq,5101303,721246331996937,80
basic_appreq,4961687,721246337054202,80
basic_appreq,4952161,721246342079067,80
basic_appreq,4895588,721246347046794,80
basic_appreq,4880980,721246351999385,80
basic_appreq,4880569,721246356976284,80
basic_appreq,4947580,721246361996016,80
basic_appreq,4906680,721246366998138,80
basic_appreq,4340321,721246371410256,80
basic_appreq,5101082,721246376582990,80
basic_appreq,4826503,721246381481360,80
basic_appreq,5078670,721246386632129,80
basic_appreq,5017317,721246391721889,80
basic_appreq,4866005,721246396660348,80
basic_appreq,5056885,721246401804686,80
basic_appreq,5037809,721246406915105,80
basic_appreq,4570096,721246411557138,80
basic_appreq,4692546,721246416321477,80
basic_appreq,4964448,721246421357752,80
basic_appreq,5892249,721246427321880,80
basic_appreq,5038472,721246432432349,80
basic_appreq,5014350,721246437519032,80
basic_appreq,5197122,721246442788086,80
basic_appreq,4728950,721246447588387,80
basic_appreq,5161633,721246452821657,80
basic_appreq,4851637,721246457745467,80
basic_appreq,4347317,721246462164311,80
basic_appreq,4832732,721246467068429,80
basic_appreq,4835304,721246471975450,80
basic_appreq,4690852,721246476761904,80
basic_appreq,4791798,721246481625108,80
basic_appreq,5014586,721246486711662,80
basic_appreq,5197100,721246491980559,80
basic_appreq,5405170,721246497483552,80
basic_appreq,5202593,721246502758193,80
basic_appreq,4918567,721246507748608,80
basic_appreq,4952627,721246512773047,80
basic_appreq,4994188,721246517839508,80
basic_appreq,4680037,721246522591172,80
basic_appreq,4485013,721246527148248,80
basic_appreq,4498399,721246531719371,80
basic_appreq,5326983,721246537118968,80
basic_appreq,5127423,721246542318329,80
basic_appreq,4875121,721246547265042,80
basic_appreq,4970860,721246552307458,80
basic_appreq,5313598,721246557692642,80
basic_appreq,4822578,721246562587619,80
basic_appreq,5187354,721246567847451,80
basic_appreq,5177605,721246573097374,80
basic_appreq,5078590,721246578248468,80
basic_appreq,4858503,721246583179219,80
basic_appreq,4852222,721246588103810,80
basic_appreq,5206478,721246593383218,80
basic_appreq,5069619,721246598525270,80
basic_appreq,4818009,721246603416063,80
basic_appreq,4932665,721246608421007,80
basic_appreq,5330412,721246613823586,80
basic_appreq,4890858,721246618786967,80
basic_appreq,5027657,721246623887679,80
basic_appreq,5056849,721246629016435,80
basic_appreq,5050520,721246634139734,80
basic_appreq,4715495,721246638927758,80
basic_appreq,4998192,721246643998985,80
basic_appreq,4913556,721246649016523,80
basic_appreq,4532067,721246653621019,80
basic_appreq,4835027,721246658528175,80
basic_appreq,4719845,721246663326883,80
basic_appreq,4469156,721246667868187,80
basic_appreq,4833984,721246672774661,80
basic_appreq,5973123,721246678820333,80
basic_appreq,5324688,721246684217629,80
basic_appreq,5390376,721246689680730,80
basic_appreq,5009840,721246694763329,80
basic_appreq,5196218,721246700032367,80
basic_appreq,5202809,721246705309058,80
basic_appreq,4869958,721246710251762,80
basic_appreq,4956435,721246715281072,80
basic_appreq,5825690,721246721179606,80
basic_appreq,5529464,721246726781660,80
basic_appreq,4868987,721246731724102,80
basic_appreq,5311227,721246737107597,80
basic_appreq,4851671,721246742032619,80
basic_appreq,5011028,721246747115364,80
basic_appreq,4934274,721246752121942,80
basic_appreq,5147229,721246757342001,80
basic_appreq,5033846,721246762471434,80
basic_appreq,5112774,721246767656822,80
basic_appreq,5270497,721246772999542,80
basic_appreq,4976613,721246778048909,80
basic_appreq,5223592,721246783344459,80
basic_appreq,5311958,721246788726521,80
basic_appreq,4233738,721246793030176,80
basic_appreq,4214152,721246797302313,80
basic_appreq,5583616,721246802946139,80
basic_appreq,4509669,721246807526188,80
basic_appreq,4845272,721246812428267,80
basic_appreq,4685641,721246817171281,80
basic_appreq,4368096,721246821612051,80
basic_appreq,4391534,721246826066457,80
basic_appreq,4329391,721246830451938,80
basic_appreq,4682016,721246835188752,80
basic_appreq,4483470,721246839761675,80
basic_appreq,4597881,721246844418052,80
basic_appreq,4775785,721246849250027,80
basic_appreq,4447827,721246853753944,80
basic_appreq,4014783,721246857823069,80
basic_appreq,4848820,721246862725989,80
basic_appreq,5299841,721246868081780,80
basic_appreq,4580586,721246872716742,80
basic_appreq,4513293,721246877284783,80
basic_appreq,4644910,721246881984506,80
basic_appreq,4220762,721246886259549,80
basic_appreq,4572486,721246890886207,80
basic_appreq,4561261,721246895512003,80
basic_appreq,4143603,721246899709711,80
basic_appreq,4029337,721246903792878,80
basic_appreq,4641964,721246908489524,80
basic_appreq,4717083,721246913261801,80
basic_appreq,4678803,721246917995643,80
basic_appreq,4885365,721246922935360,80
basic_appreq,4381486,721246927371583,80
basic_appreq,4637834,721246932069532,80
basic_appreq,4484231,721246936611352,80
basic_appreq,4533000,721246941199009,80
basic_appreq,4260039,721246945513680,80
basic_appreq,4531467,721246950099954,80
basic_appreq,4889389,721246955043795,80
basic_appreq,3621428,721246958719413,80
basic_appreq,4478899,721246963252403,80
basic_appreq,5155905,721246968464268,80
basic_appreq,4655970,721246973175126,80
basic_appreq,4385767,721246977615626,80
basic_appreq,4403006,721246982073225,80
basic_appreq,4303079,721246986429703,80
basic_appreq,4004625,721246990489220,80
basic_appreq,4271446,721246994815228,80
basic_appreq,3925696,721246998795325,80
basic_appreq,4758630,721247003608823,80
basic_appreq,3736967,721247007400897,80
basic_appreq,4101314,721247011556718,80
basic_appreq,5130876,721247016741696,80
basic_appreq,4571996,721247021367767,80
basic_appreq,4928129,721247026350344,80
basic_appreq,4558955,721247030963560,80
basic_appreq,3475938,721247034493374,80
basic_appreq,3935062,721247038482787,80
basic_appreq,4651741,721247043194453,80
basic_appreq,5683654,721247048932318,80
basic_appreq,3982648,721247052969663,80
basic_appreq,3862845,721247056886979,80
basic_appreq,4084751,721247061026182,80
basic_appreq,4180894,721247065262861,80
basic_appreq,4214599,721247069531881,80
basic_appreq,4285348,721247073872188,80
basic_appreq,4682647,721247078608731,80
basic_appreq,4583818,721247083246559,80
basic_appreq,4895770,721247088196761,80
basic_appreq,4722470,721247092973021,80
basic_appreq,4763542,721247097791465,80
basic_appreq,4429549,721247102275366,80
basic_appreq,4428045,721247106758304,80
basic_appreq,4519694,721247111332193,80
basic_appreq,5005215,721247116391864,80
basic_appreq,4640690,721247121109869,80
basic_appreq,4507906,721247125674428,80
basic_appreq,4082816,721247129812111,80
basic_appreq,4895087,721247134761801,80
basic_appreq,4442559,721247139258446,80
basic_appreq,4511244,721247143824127,80
basic_appreq,4463712,721247148342357,80
basic_appreq,5088569,721247153503379,80
basic_appreq,4517283,721247158093055,80
basic_appreq,4185916,721247162350393,80
basic_appreq,4093922,721247166502220,80
basic_appreq,4916096,721247171474698,80
basic_appreq,5886360,721247177417114,80
basic_appreq,4719028,721247182190799,80
basic_appreq,4067917,721247186313644,80
basic_appreq,4770978,721247191139314,80
basic_appreq,4425720,721247195619767,80
basic_appreq,4213471,721247199888145,80
basic_appreq,4186607,721247204129846,80
basic_appreq,4277450,721247208462604,80
basic_appreq,4257203,721247212774825,80
basic_appreq,4481143,721247217312576,80
basic_appreq,4818223,721247222185887,80
basic_appreq,4568873,721247226809167,80
basic_appreq,4024049,721247230887864,80
basic_appreq,4443276,721247235386403,80
basic_appreq,5024434,721247240474786,80
basic_appreq,5057957,721247245604464,80
basic_appreq,4888808,721247250552912,80
basic_appreq,4816415,721247255441249,80
basic_appreq,5421618,721247260935401,80
basic_appreq,5161358,721247266168726,80
basic_appreq,5081080,721247271321949,80
basic_appreq,5469140,721247276863282,80
basic_appreq,5095885,721247282030925,80
basic_appreq,4780285,721247286883087,80
basic_appreq,5289100,721247292244385,80
basic_appreq,5237234,721247297553893,80
basic_appreq,5086218,721247302711792,80
basic_appreq,4849938,721247307633672,80
basic_appreq,4422066,721247312145327,80
basic_appreq,4784270,721247317001479,80
basic_appreq,4848755,721247321922091,80
basic_appreq,5162440,721247327156724,80
basic_appreq,4660552,721247331890957,80
basic_appreq,5152547,721247337115723,80
basic_appreq,4952587,721247342140472,80
basic_appreq,4955498,721247347168123,80
basic_appreq,5080329,721247352320159,80
basic_appreq,4722971,721247357115113,80
basic_appreq,5068708,721247362256129,80
basic_appreq,4999902,721247367328520,80
basic_appreq,5044459,721247372445223,80
basic_appreq,5165237,721247377682362,80
basic_appreq,5052614,721247382807395,80
basic_appreq,4967136,721247387846062,80
basic_appreq,5106565,721247393024239,80
basic_appreq,5265074,721247398361109,80
basic_appreq,4564042,721247402997720,80
basic_appreq,4199297,721247407268505,80
basic_appreq,4527697,721247411866315,80
basic_appreq,4452271,721247416390409,80
basic_appreq,5156411,721247421618783,80
basic_appreq,5390691,721247427082323,80
basic_appreq,5496107,721247432650779,80
basic_appreq,5081872,721247437805637,80
basic_appreq,5213373,721247443091724,80
basic_appreq,5164009,721247448328377,80
basic_appreq,4847532,721247453247897,80
basic_appreq,5512194,721247458832800,80
basic_appreq,5037414,721247463942669,80
basic_appreq,5462474,721247469511209,80
basic_appreq,4906319,721247474489776,80
basic_appreq,5044867,721247479607187,80
basic_appreq,5102379,721247484781439,80
basic_appreq,4556349,721247489410236,80
basic_appreq,5100055,721247494582229,80
basic_appreq,4697908,721247499352721,80
basic_appreq,4627931,721247504077262,80
basic_appreq,5033730,721247509183140,80
basic_appreq,4424291,721247513678933,80
basic_appreq,5038807,721247518789853,80
basic_appreq,4634797,721247523496337,80
basic_appreq,5494232,721247529062316,80
basic_appreq,4929513,721247534063892,80
basic_appreq,5106875,721247539242911,80
basic_appreq,5574379,721247544889102,80
basic_appreq,5454284,721247550416642,80
basic_appreq,5134460,721247555623070,80
basic_appreq,4870110,721247560565042,80
basic_appreq,4917495,721247565554509,80
basic_appreq,5082579,721247570710008,80
basic_appreq,5490329,721247576272525,80
basic_appreq,5179976,721247581524383,80
basic_appreq,5067871,721247586664406,80
basic_appreq,5342253,721247592078186,80
basic_appreq,5377696,721247597528902,80
basic_appreq,5051533,721247602652683,80
basic_appreq,4858532,721247607583293,80
basic_appreq,5008542,721247612665221,80
basic_appreq,4643241,721247617380479,80
basic_appreq,4534923,721247621987676,80
basic_appreq,4656883,721247626716457,80
basic_appreq,4762299,721247631550302,80
basic_appreq,5026398,721247636648442,80
basic_appreq,5588728,721247642309258,80
basic_appreq,5338871,721247647721054,80
basic_appreq,4870039,721247652662584,80
basic_appreq,5041088,721247657775845,80
basic_appreq,5636409,721247663484748,80
basic_appreq,4849616,721247668407329,80
basic_appreq,5488890,721247673968212,80
basic_appreq,5023451,721247679064423,80
basic_appreq,4974693,721247684111129,80
basic_appreq,5125294,721247689308761,80
basic_appreq,5011253,721247694392312,80
basic_appreq,4996494,721247699460748,80
basic_appreq,4911911,721247704444958,80
basic_appreq,4932114,721247709455099,80
basic_appreq,4948092,721247714482575,80
basic_appreq,4772056,721247719327095,80
basic_appreq,4890282,721247724289925,80
basic_appreq,5075387,721247729437576,80
basic_appreq,5029636,721247734539269,80
basic_appreq,4559256,721247739171415,80
basic_appreq,4981595,721247744225057,80
basic_appreq,4882062,721247749179838,80
basic_appreq,4542126,721247753794528,80
basic_appreq,4783172,721247758650925,80
basic_appreq,4897213,721247763620782,80
basic_appreq,4836125,721247768529071,80
basic_appreq,4622287,721247773223280,80
basic_appreq,4703321,721247777999326,80
basic_appreq,4972629,721247783044799,80
basic_appreq,4560604,721247787676668,80
basic_appreq,5029927,721247792777009,80
basic_appreq,5123610,721247797971313,80
basic_appreq,5482906,721247803525335,80
basic_appreq,4883225,721247808479039,80
basic_appreq,4613457,721247813150145,80
basic_appreq,4570972,721247817782340,80
basic_appreq,4801475,721247822650175,80
basic_appreq,3469984,721247826174380,80
basic_appreq,4155811,721247830409005,80
basic_appreq,4152273,721247834616677,80
basic_appreq,4181726,721247838869930,80
basic_appreq,4257669,721247843186165,80
basic_appreq,4547895,721247847791568,80
basic_appreq,4557592,721247852405642,80
basic_appreq,4302868,721247856763453,80
basic_appreq,4702670,721247861520023,80
basic_appreq,4150278,721247865724463,80
basic_appreq,4243084,721247870022285,80
basic_appreq,4852188,721247874929020,80
basic_appreq,5235455,721247880217574,80
basic_appreq,4892035,721247885162211,80
basic_appreq,4539896,721247889778124,80
basic_appreq,4424311,721247894257839,80
basic_appreq,4709214,721247899021391,80
basic_appreq,5223823,721247904300788,80
basic_appreq,4678999,721247909034409,80
basic_appreq,4403949,721247913504322,80
basic_appreq,4205833,721247917765675,80
basic_appreq,4014437,721247921834689,80
basic_appreq,4881701,721247926770751,80
basic_appreq,4856337,721247931681095,80
basic_appreq,4313113,721247936048444,80
basic_appreq,4885575,721247940990591,80
basic_appreq,4446653,721247945491180,80
basic_appreq,4336517,721247949881587,80
basic_appreq,5068762,721247955004119,80
basic_appreq,3976063,721247959034163,80
basic_appreq,3872867,721247962961543,80
basic_appreq,4055116,721247967070885,80
basic_appreq,4856418,721247971986782,80
basic_appreq,4139809,721247976202362,80
basic_appreq,4639050,721247980895830,80
basic_appreq,4296985,721247985246741,80
basic_appreq,4135986,721247989436802,80
basic_appreq,4297546,721247993788454,80
basic_appreq,4467918,721247998310328,80
basic_appreq,4193836,721248002558043,80
basic_appreq,4113262,721248006725752,80
basic_appreq,4826327,721248011605965,80
basic_appreq,4333039,721248015993456,80
basic_appreq,3694922,721248019760647,80
basic_appreq,4174691,721248023987649,80
basic_appreq,4258686,721248028323264,80
basic_appreq,4255278,721248032632673,80
basic_appreq,4228290,721248036915690,80
basic_appreq,4339560,721248041309506,80
basic_appreq,4788901,721248046152888,80
basic_appreq,5127168,721248051333726,80
basic_appreq,4886618,721248056274099,80
basic_appreq,4403127,721248060733382,80
basic_appreq,4736754,721248065525299,80
basic_appreq,4260716,721248069839229,80
basic_appreq,4515379,721248074408203,80
basic_appreq,4973269,721248079435082,80
basic_appreq,4640210,721248084129051,80
basic_appreq,4120169,721248088303456,80
basic_appreq,4970026,721248093327649,80
basic_appreq,5015097,721248098397428,80
basic_appreq,4881956,721248103333732,80
basic_appreq,4141954,721248107529621,80
basic_appreq,4276929,721248111865653,80
basic_appreq,4127449,721248116047073,80
basic_appreq,4297933,721248120400480,80
basic_appreq,4498003,721248124952504,80
basic_appreq,3789508,721248128795532,80
basic_appreq,4422066,721248133271989,80
basic_appreq,4711791,721248138038453,80
basic_appreq,4491402,721248142585520,80
basic_appreq,4608501,721248147248266,80
basic_appreq,5508997,721248152811284,80
basic_appreq,5136625,721248158020619,80
basic_appreq,4821717,721248162914483,80
basic_appreq,4334232,721248167319650,80
basic_appreq,4441020,721248171818640,80
basic_appreq,4942158,721248176815635,80
basic_appreq,4483284,721248181353968,80
basic_appreq,4639653,721248186048388,80
basic_appreq,4807814,721248190910037,80
basic_appreq,4114475,721248195079872,80
basic_appreq,4535671,721248199671051,80
basic_appreq,4484908,721248204209804,80
basic_appreq,4414594,721248208678459,80
basic_appreq,4166586,721248212899237,80
basic_appreq,4046662,721248217000816,80
basic_appreq,4144806,721248221199703,80
basic_appreq,3947401,721248225201376,80
basic_appreq,4168706,721248229425035,80
basic_appreq,4350058,721248233829460,80
basic_appreq,5053943,721248238937709,80
basic_appreq,5256273,721248244273412,80
basic_appreq,4560814,721248248905348,80
basic_appreq,4519308,721248253497209,80
basic_appreq,4496078,721248258065510,80
basic_appreq,5077824,721248263216043,80
basic_appreq,4770002,721248268058358,80
basic_appreq,4053215,721248272182899,80
basic_appreq,5149640,721248277361669,80
basic_appreq,4206807,721248281603302,80
basic_appreq,4428774,721248286065493,80
basic_appreq,4469854,721248290562642,80
basic_appreq,4001898,721248294600620,80
basic_appreq,4848034,721248299475839,80
basic_appreq,4743169,721248304276607,80
basic_appreq,4316543,721248308664663,80
basic_appreq,4141600,721248312832912,80
basic_appreq,4649089,721248317509063,80
basic_appreq,4052308,721248321614966,80
basic_appreq,4293405,721248325934849,80
basic_appreq,4174646,721248330154321,80
basic_appreq,3914484,721248334124164,80
basic_appreq,4484367,721248338662712,80
basic_appreq,4082044,721248342799132,80
basic_appreq,4098864,721248346952598,80
basic_appreq,3882616,721248350891164,80
basic_appreq,4119477,721248355066576,80
basic_appreq,4605277,721248359726380,80
basic_appreq,4097426,721248363878067,80
basic_appreq,4770688,721248368721375,80
basic_appreq,4150068,721248372942255,80
basic_appreq,3754019,721248376745428,80
basic_appreq,4481322,721248381286959,80
basic_appreq,5134911,721248386482799,80
basic_appreq,4467589,721248391021208,80
basic_appreq,3728878,721248394796638,80
basic_appreq,4188933,721248399040223,80
basic_appreq,3871006,721248402965851,80
basic_appreq,3724614,721248406735576,80
basic_appreq,4263410,721248411053649,80
basic_appreq,4632290,721248415731308,80
basic_appreq,4789133,721248420565458,80
basic_appreq,4838024,721248425448236,80
basic_appreq,4363580,721248429865586,80
basic_appreq,4304313,721248434224026,80
basic_appreq,4415429,721248438684147,80
basic_appreq,4229657,721248442958837,80
basic_appreq,4186041,721248447200248,80
basic_appreq,4338164,721248451583433,80
basic_appreq,4176622,721248455818737,80
basic_appreq,4539574,721248460403829,80
basic_appreq,4452129,721248464901333,80
basic_appreq,4081233,721248469037989,80
basic_appreq,4141208,721248473251410,80
basic_appreq,4765276,721248478076379,80
basic_appreq,5147510,721248483287808,80
basic_appreq,5215098,721248488576317,80
basic_appreq,4956766,721248493606128,80
basic_appreq,4206590,721248497883813,80
basic_appreq,4515624,721248502457483,80
basic_appreq,3824805,721248506346162,80
basic_appreq,4758269,721248511159619,80
basic_appreq,4248076,721248515463170,80
basic_appreq,4856523,721248520374601,80
basic_appreq,4341032,721248524770200,80
basic_appreq,4179282,721248529003707,80
basic_appreq,4457208,721248533515888,80
basic_appreq,3959314,721248537529623,80
basic_appreq,3963920,721248541559366,80
basic_appreq,4058700,721248545672594,80
basic_appreq,4794277,721248550521178,80
basic_appreq,4250747,721248554826141,80
basic_appreq,5010321,721248559890533,80
basic_appreq,4274737,721248564220039,80
basic_appreq,4461779,721248568737151,80
basic_appreq,5039910,721248573831969,80
basic_appreq,4749067,721248578653520,80
basic_appreq,4409182,721248583133542,80
basic_appreq,5169797,721248588361003,80
basic_appreq,4786088,721248593242769,80
basic_appreq,4926491,721248598239885,80
basic_appreq,4661574,721248602959108,80
basic_appreq,4446151,721248607460469,80
basic_appreq,4297666,721248611812828,80
basic_appreq,4206239,721248616074406,80
basic_appreq,4170821,721248620300720,80
basic_appreq,3692142,721248624046497,80
basic_appreq,4204099,721248628306356,80
basic_appreq,4460857,721248632821434,80
basic_appreq,4920521,721248637796848,80
basic_appreq,4462230,721248642313515,80
basic_appreq,4525377,721248646893609,80
basic_appreq,5027025,721248651975326,80
basic_appreq,4181105,721248656234569,80
basic_appreq,5074641,721248661363851,80
basic_appreq,4102742,721248665520730,80
basic_appreq,4303886,721248669878497,80
basic_appreq,4762995,721248674696079,80
basic_appreq,5222329,721248679991002,80
basic_appreq,5200144,721248685284814,80
basic_appreq,4031667,721248689378450,80
basic_appreq,4481099,721248693933621,80
basic_appreq,4635163,721248698641333,80
basic_appreq,4991522,721248703691270,80
basic_appreq,4983023,721248708729436,80
basic_appreq,4877763,721248713662417,80
basic_appreq,4240153,721248717957578,80
basic_appreq,4048842,721248722062476,80
basic_appreq,4415366,721248726532955,80
basic_appreq,3896151,721248730485177,80
basic_appreq,4251594,721248734791549,80
basic_appreq,4383041,721248739231291,80
basic_appreq,4161450,721248743447939,80
basic_appreq,4266233,721248747769005,80
basic_appreq,4024481,721248751866280,80
basic_appreq,4464857,721248756420820,80
basic_appreq,4125650,721248760602696,80
basic_appreq,4800257,721248765457911,80
basic_appreq,4252442,721248769764945,80
basic_appreq,4858572,721248774678505,80
basic_appreq,4439091,721248779172028,80
basic_appreq,4836185,721248784081214,80
basic_appreq,4919454,721248789073478,80
basic_appreq,4065335,721248793209783,80
basic_appreq,4942779,721248798225357,80
basic_appreq,4268910,721248802564750,80
basic_appreq,4131861,721248806754009,80
basic_appreq,4776146,721248811586166,80
basic_appreq,4213501,721248815854544,80
basic_appreq,4419826,721248820328651,80
basic_appreq,4346150,721248824728907,80
basic_appreq,4101013,721248828884528,80
basic_appreq,4087291,721248833036765,80
basic_appreq,4098803,721248837190437,80
basic_appreq,4746166,721248841990779,80
basic_appreq,4359325,721248846404456,80
basic_appreq,4025893,721248850484656,80
basic_appreq,4339675,721248854878697,80
basic_appreq,3882665,721248858815468,80
basic_appreq,4232845,721248863102495,80
basic_appreq,4509666,721248867667484,80
basic_appreq,4837654,721248872559329,80
basic_appreq,4549788,721248877162777,80
basic_appreq,4197068,721248881414061,80
basic_appreq,4563044,721248886031978,80
basic_appreq,4545669,721248890648407,80
basic_appreq,4206785,721248894913648,80
basic_appreq,4872465,721248899859775,80
basic_appreq,4847180,721248904780657,80
basic_appreq,5196946,721248910050578,80
basic_appreq,4068724,721248914191374,80
basic_appreq,4559320,721248918828852,80
basic_appreq,5442026,721248924343978,80
basic_appreq,5014656,721248929431168,80
basic_appreq,5170619,721248934675804,80
basic_appreq,5324513,721248940073107,80
basic_appreq,5024207,721248945171217,80
basic_appreq,4699482,721248949965866,80
basic_appreq,5063896,721248955103338,80
basic_appreq,5175510,721248960351833,80
basic_appreq,4897523,721248965322442,80
basic_appreq,5120823,721248970516491,80
basic_appreq,4995385,721248975585047,80
basic_appreq,5088734,721248980745026,80
basic_appreq,5057220,721248985874981,80
basic_appreq,4898179,721248990845409,80
basic_appreq,5510516,721248996428037,80
basic_appreq,5307157,721249001808194,80
basic_appreq,5991310,721249007873156,80
basic_appreq,6176411,721249014122892,80
basic_appreq,6674727,721249020870694,80
basic_appreq,5821159,721249026765153,80
basic_appreq,6713567,721249033551394,80
basic_appreq,6576819,721249040201599,80
basic_appreq,6583338,721249046858548,80
basic_appreq,7787262,721249054718645,80
basic_appreq,7103395,721249061894964,80
basic_appreq,6315449,721249068282706,80
basic_appreq,5778891,721249074134216,80
basic_appreq,5016561,721249079223236,80
basic_appreq,5020985,721249084316344,80
basic_appreq,4957488,721249089345890,80
basic_appreq,5225617,721249094643585,80
basic_appreq,4821340,721249099537505,80
basic_appreq,4775003,721249104384085,80
basic_appreq,5025160,721249109481228,80
basic_appreq,5039694,721249114592724,80
basic_appreq,5013258,721249119678280,80
basic_appreq,5191868,721249124941510,80
basic_appreq,4834572,721249129847568,80
basic_appreq,4941150,721249134860766,80
basic_appreq,5151109,721249140083451,80
basic_appreq,5115696,721249145271726,80
basic_appreq,5079166,721249150423266,80
basic_appreq,4612915,721249155107984,80
basic_appreq,4938008,721249160118515,80
basic_appreq,4926246,721249165117054,80
basic_appreq,5374268,721249170564427,80
basic_appreq,5657238,721249176293958,80
basic_appreq,5197171,721249181563036,80
basic_appreq,5469300,721249187104108,80
basic_appreq,5138790,721249192315116,80
basic_appreq,4965471,721249197352705,80
basic_appreq,5240407,721249202665000,80
basic_appreq,4961767,721249207698790,80
basic_appreq,5182297,721249212953234,80
basic_appreq,5358377,721249218383403,80
basic_appreq,4935531,721249223390491,80
basic_appreq,5105844,721249228568377,80
basic_appreq,5092999,721249233733960,80
basic_appreq,4996408,721249238802291,80
basic_appreq,4771390,721249243645538,80
basic_appreq,5471951,721249249189532,80
basic_appreq,4762428,721249254023953,80
basic_appreq,5001656,721249259097290,80
basic_appreq,4430225,721249263599839,80
basic_appreq,5099203,721249268771430,80
basic_appreq,5351380,721249274212815,80
basic_appreq,5102460,721249279387684,80
basic_appreq,4695529,721249284154498,80
basic_appreq,5010395,721249289235723,80
basic_appreq,4963983,721249294273083,80
basic_appreq,5367273,721249299711215,80
basic_appreq,5013172,721249304796605,80
basic_appreq,5143622,721249310013402,80
basic_appreq,5081653,721249315167458,80
basic_appreq,5052929,721249320292450,80
basic_appreq,5171291,721249325535368,80
basic_appreq,5249638,721249330856537,80
basic_appreq,5147661,721249336076266,80
basic_appreq,4923890,721249341072550,80
basic_appreq,4842400,721249345986807,80
basic_appreq,4922476,721249350981221,80
basic_appreq,4717249,721249355770888,80
basic_appreq,5073503,721249360916258,80
basic_appreq,5068311,721249366081209,80
basic_appreq,5175460,721249371328778,80
basic_appreq,4559911,721249375960847,80
basic_appreq,4842856,721249380899281,80
basic_appreq,4606250,721249385577354,80
basic_appreq,5094767,721249390744234,80
basic_appreq,4551172,721249395367709,80
basic_appreq,4763782,721249400203539,80
basic_appreq,5070600,721249405346163,80
basic_appreq,4851611,721249410271326,80
basic_appreq,4822147,721249415165826,80
basic_appreq,4847737,721249420085942,80
basic_appreq,4992435,721249425150640,80
basic_appreq,5671525,721249430894965,80
basic_appreq,4975556,721249435943074,80
basic_appreq,4700519,721249440751385,80
basic_appreq,4964970,721249445789104,80
basic_appreq,5169031,721249451040005,80
basic_appreq,4407942,721249455517976,80
basic_appreq,4767100,721249460342450,80
basic_appreq,4959694,721249465356690,80
basic_appreq,5289851,721249470716760,80
basic_appreq,4886924,721249475662325,80
basic_appreq,3736200,721249479453167,80
basic_appreq,3996480,721249483504018,80
basic_appreq,4333430,721249487893128,80
basic_appreq,4810626,721249492758988,80
basic_appreq,4233141,721249497047152,80
basic_appreq,4064779,721249501166153,80
basic_appreq,4684849,721249505905057,80
basic_appreq,4132202,721249510108313,80
basic_appreq,3858674,721249514025389,80
basic_appreq,4533466,721249518614359,80
basic_appreq,4169258,721249522839541,80
basic_appreq,3666176,721249526560736,80
basic_appreq,4583657,721249531200043,80
basic_appreq,4935417,721249536192012,80
basic_appreq,3786786,721249540033240,80
basic_appreq,4631785,721249544722934,80
basic_appreq,5206417,721249549983919,80
basic_appreq,4887184,721249554927078,80
basic_appreq,5018184,721249559999795,80
basic_appreq,4128022,721249564204034,80
basic_appreq,4831695,721249569090020,80
basic_appreq,4527798,721249573672470,80
basic_appreq,4254320,721249577980666,80
basic_appreq,4694721,721249582729362,80
basic_appreq,4638029,721249587421423,80
basic_appreq,5209671,721249592685670,80
basic_appreq,4082300,721249596822076,80
basic_appreq,3926813,721249600803682,80
basic_appreq,4163965,721249605021823,80
basic_appreq,5258704,721249610334517,80
basic_appreq,4835960,721249615225095,80
basic_appreq,4433633,721249619713962,80
basic_appreq,4459297,721249624229921,80
basic_appreq,4215560,721249628499638,80
basic_appreq,3975116,721249632538452,80
basic_appreq,4151717,721249636756623,80
basic_appreq,4057663,721249640868006,80
basic_appreq,3924243,721249644847071,80
basic_appreq,5097694,721249649999212,80
basic_appreq,4491422,721249654556664,80
basic_appreq,4561069,721249659174245,80
basic_appreq,4240303,721249663468744,80
basic_appreq,4864006,721249668397460,80
basic_appreq,4199313,721249672651195,80
basic_appreq,4759306,721249677465223,80
basic_appreq,4174841,721249681694035,80
basic_appreq,4901617,721249686650415,80
basic_appreq,4215094,721249690919350,80
basic_appreq,4458195,721249695431471,80
basic_appreq,4328208,721249699813960,80
basic_appreq,4279489,721249704147790,80
basic_appreq,5081201,721249709284666,80
basic_appreq,4505164,721249713844273,80
basic_appreq,4249785,721249718148178,80
basic_appreq,4720652,721249722923688,80
basic_appreq,4775204,721249727779454,80
basic_appreq,4571319,721249732405961,80
basic_appreq,4612269,721249737073845,80
basic_appreq,4651250,721249741779521,80
basic_appreq,4571669,721249746405156,80
basic_appreq,4189164,721249750648081,80
basic_appreq,5075318,721249755794298,80
basic_appreq,4313372,721249760162088,80
basic_appreq,74437280,721249834653724,80
basic_appreq,8300255,721249843027250,80
basic_appreq,6161626,721249849261034,80
basic_appreq,6636075,721249855969664,80
basic_appreq,6293123,721249862356936,80
basic_appreq,6724532,721249869152513,80
basic_appreq,6729098,721249875951620,80
basic_appreq,6789338,721249882836681,80
basic_appreq,6614045,721249889521425,80
basic_appreq,6347560,721249895939123,80
basic_appreq,4196005,721249900229628,80
basic_appreq,4666526,721249904954575,80
basic_appreq,4353511,721249909363750,80
basic_appreq,5174403,721249914610247,80
basic_appreq,4480016,721249919154888,80
basic_appreq,5308234,721249924534870,80
basic_appreq,8075357,721249932682040,80
basic_appreq,5035870,721249937790038,80
basic_appreq,6109721,721249943972739,80
basic_appreq,6615528,721249950687462,80
basic_appreq,6923907,721249957683978,80
basic_appreq,6695475,721249964452127,80
basic_appreq,5767510,721249970291619,80
basic_appreq,5544078,721249975907214,80
basic_appreq,5720851,721249981700358,80
basic_appreq,5481523,721249987254565,80
basic_appreq,5090161,721249992416584,80
basic_appreq,5397393,721249997886099,80
basic_appreq,4861755,721250002820563,80
basic_appreq,4988967,721250007881808,80
basic_appreq,4986791,721250012940557,80
basic_appreq,5326612,721250018340083,80
basic_appreq,4322840,721250022734546,80
basic_appreq,5720255,721250028526121,80
basic_appreq,5496518,721250034103201,80
basic_appreq,5333879,721250039509369,80
basic_appreq,5518248,721250045099494,80
basic_appreq,5539458,721250050710584,80
basic_appreq,6303002,721250057085503,80
basic_appreq,7470108,721250064627824,80
basic_appreq,5913980,721250070614182,80
basic_appreq,5176663,721250075863309,80
basic_appreq,5316279,721250081251370,80
basic_appreq,5043322,721250086366384,80
basic_appreq,5364606,721250091803208,80
basic_appreq,4841869,721250096720428,80
basic_appreq,5150993,721250101943579,80
basic_appreq,4807835,721250106823386,80
basic_appreq,4882047,721250111777492,80
basic_appreq,4927192,721250116776586,80
basic_appreq,5113833,721250121962000,80
basic_appreq,5011714,721250127045551,80
basic_appreq,5052619,721250132169451,80
basic_appreq,4974357,721250137216222,80
basic_appreq,4900099,721250142188058,80
basic_appreq,4613031,721250146873247,80
basic_appreq,4453490,721250151397612,80
basic_appreq,5451573,721250156929998,80
basic_appreq,5164701,721250162166220,80
basic_appreq,5154983,721250167393481,80
basic_appreq,5131669,721250172597177,80
basic_appreq,5520635,721250178189784,80
basic_appreq,5283717,721250183545759,80
basic_appreq,4343052,721250187960388,80
basic_appreq,4062745,721250192119708,80
basic_appreq,4265427,721250196457433,80
basic_appreq,4732629,721250201261899,80
basic_appreq,5431287,721250206765760,80
basic_appreq,5281837,721250212119450,80
basic_appreq,5281162,721250217472644,80
basic_appreq,5116668,721250222684430,80
basic_appreq,4495120,721250227251749,80
basic_appreq,4835804,721250232159396,80
basic_appreq,4916813,721250237147841,80
basic_appreq,4852363,721250242072206,80
basic_appreq,5484991,721250247637079,80
basic_appreq,4878629,721250252587781,80
basic_appreq,5223096,721250257883215,80
basic_appreq,4829660,721250262784964,80
basic_appreq,5216516,721250268074023,80
basic_appreq,4868707,721250273014672,80
basic_appreq,4508293,721250277594551,80
basic_appreq,4472464,721250282138536,80
basic_appreq,4518480,721250286728438,80
basic_appreq,5013082,721250291812907,80
basic_appreq,5275358,721250297160387,80
basic_appreq,5661112,721250302893867,80
basic_appreq,5169196,721250308135071,80
basic_appreq,5192584,721250313400195,80
basic_appreq,4951880,721250318424022,80
basic_appreq,5057621,721250323553505,80
basic_appreq,4908910,721250328534563,80
basic_appreq,5062152,721250333669449,80
basic_appreq,4947475,721250338688691,80
basic_appreq,4999917,721250343760696,80
basic_appreq,5004117,721250348837441,80
basic_appreq,5344609,721250354263966,80
basic_appreq,5259586,721250359596026,80
basic_appreq,5364520,721250365032369,80
basic_appreq,5416167,721250370521019,80
basic_appreq,5245718,721250375840294,80
basic_appreq,4975279,721250380906009,80
basic_appreq,4990945,721250385969518,80
basic_appreq,4874565,721250390916702,80
basic_appreq,4828132,721250395816757,80
basic_appreq,4900059,721250400793490,80
basic_appreq,4897077,721250405762945,80
basic_appreq,5055261,721250410893737,80
basic_appreq,4812214,721250415777984,80
basic_appreq,5194049,721250421055246,80
basic_appreq,5283433,721250426411017,80
basic_appreq,4920531,721250431403285,80
basic_appreq,4981889,721250436456757,80
basic_appreq,4782891,721250441312257,80
basic_appreq,5044750,721250446429367,80
basic_appreq,5034087,721250451536453,80
basic_appreq,5126446,721250456735138,80
basic_appreq,4842861,721250461650407,80
basic_appreq,5197492,721250466920914,80
basic_appreq,5114999,721250472105906,80
basic_appreq,5260022,721250477438418,80
basic_appreq,5020490,721250482531677,80
basic_appreq,4973305,721250487576563,80
basic_appreq,4834492,721250492480717,80
basic_appreq,4953103,721250497505687,80
basic_appreq,5029555,721250502607455,80
basic_appreq,4694040,721250507374084,80
basic_appreq,5174454,721250512624605,80
basic_appreq,5212080,721250517909134,80
basic_appreq,5076826,721250523058058,80
basic_appreq,5210080,721250528340096,80
basic_appreq,5049086,721250533462428,80
basic_appreq,5377932,721250538912864,80
basic_appreq,5446907,721250544432881,80
basic_appreq,5957015,721250550461754,80
basic_appreq,5199516,721250555733683,80
basic_appreq,5230904,721250561036541,80
basic_appreq,5148042,721250566257041,80
basic_appreq,5071548,721250571400462,80
basic_appreq,5057617,721250576530281,80
basic_appreq,4758901,721250581360748,80
basic_appreq,5026322,721250586459500,80
basic_appreq,5348569,721250591880517,80
basic_appreq,4974227,721250596927072,80
basic_appreq,4955288,721250601954313,80
basic_appreq,4985569,721250607012445,80
basic_appreq,5025265,721250612110119,80
basic_appreq,4964710,721250617147648,80
basic_appreq,4526204,721250621769264,80
basic_appreq,5290854,721250627132492,80
basic_appreq,5818849,721250633024376,80
basic_appreq,6566228,721250639663764,80
basic_appreq,6974234,721250646710752,80
basic_appreq,5817040,721250652600421,80
basic_appreq,5643300,721250658315713,80
basic_appreq,5460008,721250663848315,80
basic_appreq,4475100,721250668396069,80
basic_appreq,5736812,721250674204859,80
basic_appreq,4814370,721250679091407,80
basic_appreq,5249839,721250684413514,80
basic_appreq,5012616,721250689498233,80
basic_appreq,4832492,721250694403118,80
basic_appreq,5017357,721250699492302,80
basic_appreq,4930095,721250704494189,80
basic_appreq,5804361,721250710370607,80
basic_appreq,5158796,721250715600929,80
basic_appreq,5192992,721250720866465,80
basic_appreq,5127023,721250726065781,80
basic_appreq,5141180,721250731278879,80
basic_appreq,4812806,721250736163567,80
basic_appreq,4908529,721250741144886,80
basic_appreq,4920336,721250746137911,80
basic_appreq,5316329,721250751526879,80
basic_appreq,5516413,721250757114899,80
basic_appreq,5144067,721250762330855,80
basic_appreq,4901693,721250767304470,80
basic_appreq,4728349,721250772105082,80
basic_appreq,5086243,721250777264305,80
basic_appreq,4937767,721250782273684,80
basic_appreq,4904860,721250787250988,80
basic_appreq,5037740,721250792360766,80
basic_appreq,5164300,721250797597188,80
basic_appreq,5257181,721250802926286,80
basic_appreq,5050630,721250808049976,80
basic_appreq,5240878,721250813373110,80
basic_appreq,4813749,721250818259267,80
basic_appreq,4373554,721250822704828,80
basic_appreq,4290059,721250827066689,80
basic_appreq,5027341,721250832166714,80
basic_appreq,4933112,721250837171853,80
basic_appreq,4855810,721250842100283,80
basic_appreq,4932806,721250847105036,80
basic_appreq,4994825,721250852171728,80
basic_appreq,5059470,721250857302920,80
basic_appreq,5122613,721250862497871,80
basic_appreq,5113100,721250867682718,80
basic_appreq,5388402,721250873143473,80
basic_appreq,5199351,721250878415053,80
basic_appreq,5202447,721250883688977,80
basic_appreq,5087150,721250888848776,80
basic_appreq,5501634,721250894422634,80
basic_appreq,4993848,721250899488830,80
basic_appreq,5622968,721250905184131,80
basic_appreq,5366746,721250910641543,80
basic_appreq,5024329,721250915737473,80
basic_appreq,4726640,721250920535796,80
basic_appreq,5542133,721250926150273,80
basic_appreq,5216216,721250931439127,80
basic_appreq,4974367,721250936485497,80
basic_appreq,4845131,721250941402826,80
basic_appreq,5127610,721250946602173,80
basic_appreq,4996133,721250951670329,80
basic_appreq,5399547,721250957141913,80
basic_appreq,5210116,721250962424844,80
basic_appreq,5060738,721250967557344,80
basic_appreq,5120463,721250972750992,80
basic_appreq,5125840,721250977948950,80
basic_appreq,4773775,721250982794818,80
basic_appreq,4714377,721250987580987,80
basic_appreq,4707660,721250992361081,80
basic_appreq,4865725,721250997315342,80
basic_appreq,5067614,721251002455360,80
basic_appreq,5131108,721251007659868,80
basic_appreq,4669408,721251012401243,80
basic_appreq,4951684,721251017424664,80
basic_appreq,5359830,721251022857158,80
basic_appreq,5042391,721251027995868,80
basic_appreq,5069173,721251033161385,80
basic_appreq,5037971,721251038271859,80
basic_appreq,4844390,721251043188923,80
basic_appreq,5128035,721251048389642,80
basic_appreq,5333373,721251053795229,80
basic_appreq,5469570,721251059337232,80
basic_appreq,5242732,721251064652383,80
basic_appreq,4832914,721251069558141,80
basic_appreq,4775750,721251074406715,80
basic_appreq,5057752,721251079536940,80
basic_appreq,5125023,721251084734622,80
basic_appreq,4683164,721251089490345,80
basic_appreq,4994159,721251094556326,80
basic_appreq,5174659,721251099802842,80
basic_appreq,5085309,721251104960165,80
basic_appreq,4988550,721251110020958,80
basic_appreq,5407505,721251115500542,80
basic_appreq,4469387,721251120041530,80
basic_appreq,5198288,721251125313335,80
basic_appreq,5098426,721251130483653,80
basic_appreq,4720060,721251135275966,80
basic_appreq,5116548,721251140464468,80
basic_appreq,5234788,721251145772085,80
basic_appreq,4871348,721251150715420,80
basic_appreq,5093109,721251155880346,80
basic_appreq,5130531,721251161082709,80
basic_appreq,4566292,721251165718979,80
basic_appreq,5293054,721251171083841,80
basic_appreq,5408834,721251176564787,80
basic_appreq,5470633,721251182107588,80
basic_appreq,4999846,721251187179427,80
basic_appreq,4358789,721251191610435,80
basic_appreq,5186736,721251196868963,80
basic_appreq,5349040,721251202290447,80
basic_appreq,4853541,721251207216085,80
basic_appreq,5587330,721251212876214,80
basic_appreq,5536692,721251218484838,80
basic_appreq,5305758,721251223862805,80
basic_appreq,4699327,721251228633693,80
basic_appreq,5498382,721251234204379,80
basic_appreq,4770367,721251239046533,80
basic_appreq,4745590,721251243864191,80
basic_appreq,4640666,721251248575210,80
basic_appreq,4722966,721251253369808,80
basic_appreq,4859099,721251258300915,80
basic_appreq,5322036,721251263694703,80
basic_appreq,4657960,721251268426812,80
basic_appreq,5164862,721251273663435,80
basic_appreq,4825600,721251278561284,80
basic_appreq,5453678,721251284086328,80
basic_appreq,4688186,721251288847068,80
basic_appreq,4772608,721251293692420,80
basic_appreq,5135497,721251298899429,80
basic_appreq,4318640,721251303289460,80
basic_appreq,4663979,721251308025096,80
basic_appreq,4887094,721251312986484,80
basic_appreq,5149736,721251318208247,80
basic_appreq,4893709,721251323173808,80
basic_appreq,5101273,721251328347029,80
basic_appreq,4647998,721251333067114,80
basic_appreq,4538202,721251337676842,80
basic_appreq,4571870,721251342322850,80
basic_appreq,5013548,721251347408191,80
basic_appreq,4545382,721251352025406,80
basic_appreq,4674795,721251356773381,80
basic_appreq,5167903,721251362012790,80
basic_appreq,5027521,721251367112369,80
basic_appreq,4907798,721251372092019,80
basic_appreq,5644322,721251377808453,80
basic_appreq,5541513,721251383421783,80
basic_appreq,5296031,721251388790700,80
basic_appreq,4893623,721251393756091,80
basic_appreq,5266428,721251399094115,80
basic_appreq,4682893,721251403849166,80
basic_appreq,5036316,721251408957270,80
basic_appreq,5058172,721251414087800,80
basic_appreq,5036943,721251419196440,80
basic_appreq,5126411,721251424418555,80
basic_appreq,5150392,721251429660069,80
basic_appreq,5096125,721251434827601,80
basic_appreq,5045919,721251439945577,80
basic_appreq,5258704,721251445298836,80
basic_appreq,5037750,721251450408369,80
basic_appreq,5106375,721251455586335,80
basic_appreq,5670102,721251461328264,80
basic_appreq,4871308,721251466270993,80
basic_appreq,5257040,721251471599995,80
basic_appreq,5020049,721251476689732,80
basic_appreq,4936394,721251481698589,80
basic_appreq,4759647,721251486529788,80
basic_appreq,5243078,721251491844803,80
basic_appreq,4359099,721251496275549,80
basic_appreq,5137252,721251501499698,80
basic_appreq,4994555,721251506566020,80
basic_appreq,4729321,721251511367414,80
basic_appreq,4941295,721251516380151,80
basic_appreq,5365884,721251521817872,80
basic_appreq,5067930,721251526957774,80
basic_appreq,4925434,721251531955125,80
basic_appreq,4695222,721251536743740,80
basic_appreq,5138915,721251541954322,80
basic_appreq,4675557,721251546701771,80
basic_appreq,4933035,721251551706488,80
basic_appreq,5464098,721251557242418,80
basic_appreq,5163803,721251562478931,80
basic_appreq,5125414,721251567676177,80
basic_appreq,5082013,721251572829942,80
basic_appreq,4650814,721251577552192,80
basic_appreq,5105201,721251582729291,80
basic_appreq,5049968,721251587851308,80
basic_appreq,5150201,721251593073080,80
basic_appreq,4694837,721251597839764,80
basic_appreq,4900941,721251602813029,80
basic_appreq,5171010,721251608056302,80
basic_appreq,4834426,721251612963288,80
basic_appreq,5015213,721251618050167,80
basic_appreq,5313432,721251623435591,80
basic_appreq,5086233,721251628594187,80
basic_appreq,4462916,721251633129502,80
basic_appreq,4833208,721251638034864,80
basic_appreq,4392774,721251642499720,80
basic_appreq,4326975,721251646898286,80
basic_appreq,4909627,721251651880732,80
basic_appreq,5194130,721251657145952,80
basic_appreq,5343972,721251662562107,80
basic_appreq,4542743,721251667176707,80
basic_appreq,4894070,721251672142529,80
basic_appreq,4810802,721251677025073,80
basic_appreq,4635562,721251681732313,80
basic_appreq,4819422,721251686623637,80
basic_appreq,5277903,721251691973262,80
basic_appreq,5034693,721251697104184,80
basic_appreq,4828728,721251702005477,80
basic_appreq,5031991,721251707108934,80
basic_appreq,4651160,721251711831901,80
basic_appreq,5019472,721251716923120,80
basic_appreq,4488821,721251721484009,80
basic_appreq,4809133,721251726365641,80
basic_appreq,4851327,721251731288955,80
basic_appreq,4497777,721251735857812,80
basic_appreq,5006878,721251740936783,80
basic_appreq,5003735,721251746013343,80
basic_appreq,4934404,721251751020231,80
basic_appreq,5053978,721251756146497,80
basic_appreq,5085581,721251761304748,80
basic_appreq,4919339,721251766296029,80
basic_appreq,4511825,721251770880053,80
basic_appreq,4735089,721251775686944,80
basic_appreq,4894006,721251780652802,80
basic_appreq,4772322,721251785496751,80
basic_appreq,4036649,721251789592602,80
basic_appreq,4578220,721251794227183,80
basic_appreq,4914939,721251799197511,80
basic_appreq,4773379,721251804025823,80
basic_appreq,5135773,721251809235173,80
basic_appreq,4637317,721251813967221,80
basic_appreq,4720501,721251818758070,80
basic_appreq,4036474,721251822864306,80
basic_appreq,5123801,721251828046904,80
basic_appreq,4259547,721251832379225,80
basic_appreq,4420212,721251836870102,80
basic_appreq,4205727,721251841135028,80
basic_appreq,4471727,721251845676983,80
basic_appreq,4337099,721251850072086,80
basic_appreq,4744081,721251854872484,80
basic_appreq,4487082,721251859414599,80
basic_appreq,4422131,721251863892626,80
basic_appreq,4304523,721251868252863,80
basic_appreq,4358507,721251872666214,80
basic_appreq,4371323,721251877091437,80
basic_appreq,4382896,721251881528574,80
basic_appreq,4231397,721251885814428,80
basic_appreq,3770178,721251889640025,80
basic_appreq,3815575,721251893511214,80
basic_appreq,3863510,721251897440358,80
basic_appreq,4979654,721251902474118,80
basic_appreq,4744813,721251907274049,80
basic_appreq,3904051,721251911237247,80
basic_appreq,4727471,721251916019527,80
basic_appreq,4269261,721251920345389,80
basic_appreq,4760579,721251925160415,80
basic_appreq,4383030,721251929616906,80
basic_appreq,4747173,721251934419719,80
basic_appreq,4435031,721251938908727,80
basic_appreq,4121882,721251943085466,80
basic_appreq,4370992,721251947516589,80
basic_appreq,4130011,721251951701328,80
basic_appreq,4898409,721251956653608,80
basic_appreq,4491548,721251961199067,80
basic_appreq,4049594,721251965302722,80
basic_appreq,5059270,721251970422532,80
basic_appreq,4008679,721251974486605,80
basic_appreq,5055396,721251979596673,80
basic_appreq,4461884,721251984113305,80
basic_appreq,4172023,721251988340848,80
basic_appreq,3874046,721251992269235,80
basic_appreq,4674975,721251996999373,80
basic_appreq,4471135,721252001525647,80
basic_appreq,4503431,721252006084863,80
basic_appreq,4554154,721252010693835,80
basic_appreq,4466589,721252015215132,80
basic_appreq,4311855,721252019581438,80
basic_appreq,3957600,721252023594637,80
basic_appreq,4331395,721252027981606,80
basic_appreq,4583928,721252032643080,80
basic_appreq,4399770,721252037097467,80
basic_appreq,3613367,721252040764555,80
basic_appreq,4310392,721252045129764,80
basic_appreq,4822499,721252050006600,80
basic_appreq,4304793,721252054365809,80
basic_appreq,5122818,721252059543434,80
basic_appreq,4801936,721252064400354,80
basic_appreq,3931739,721252068386078,80
basic_appreq,4736313,721252073177780,80
basic_appreq,4307189,721252077539998,80
basic_appreq,4228650,721252081823737,80
basic_appreq,4666876,721252086544849,80
basic_appreq,4221515,721252090820655,80
basic_appreq,4721768,721252095596960,80
basic_appreq,4094153,721252099745625,80
basic_appreq,4548736,721252104348794,80
basic_appreq,4331069,721252108733804,80
basic_appreq,4216833,721252113006316,80
basic_appreq,4346932,721252117413518,80
basic_appreq,4081227,721252121549794,80
basic_appreq,4414147,721252126020177,80
basic_appreq,4560063,721252130634051,80
basic_appreq,4825440,721252135514438,80
basic_appreq,4167765,721252139736900,80
basic_appreq,4940303,721252144732337,80
basic_appreq,4415671,721252149202519,80
basic_appreq,4378249,721252153652862,80
basic_appreq,4423475,721252158148264,80
basic_appreq,4898881,721252163140964,80
basic_appreq,4486903,721252167684628,80
basic_appreq,4046497,721252171786649,80
basic_appreq,5043864,721252176885446,80
basic_appreq,5001811,721252181950344,80
basic_appreq,5272527,721252187278631,80
basic_appreq,4502513,721252191835249,80
basic_appreq,4295271,721252196184752,80
basic_appreq,5159764,721252201409532,80
basic_appreq,4499932,721252205969244,80
basic_appreq,4521373,721252210544682,80
basic_appreq,4929367,721252215536631,80
basic_appreq,5201516,721252220792623,80
basic_appreq,5080399,721252225927545,80
basic_appreq,4903291,721252230885233,80
basic_appreq,4745384,721252235686136,80
basic_appreq,4710969,721252240451707,80
basic_appreq,4618664,721252245142655,80
basic_appreq,5775462,721252250998148,80
basic_appreq,5538771,721252256609003,80
basic_appreq,5244475,721252261926152,80
basic_appreq,6108744,721252268107290,80
basic_appreq,5927381,721252274107561,80
basic_appreq,4820463,721252278999025,80
basic_appreq,4865569,721252283935960,80
basic_appreq,4717384,721252288755196,80
basic_appreq,3917451,721252292754307,80
basic_appreq,4298905,721252297125109,80
basic_appreq,6057034,721252303254361,80
basic_appreq,5583800,721252308911247,80
basic_appreq,5424230,721252314410977,80
basic_appreq,5436332,721252319920114,80
basic_appreq,5623789,721252325620152,80
basic_appreq,6040770,721252331733991,80
basic_appreq,5756454,721252337563555,80
basic_appreq,6051611,721252343690762,80
basic_appreq,6817995,721252350582493,80
basic_appreq,6891541,721252357547145,80
basic_appreq,6893560,721252364514006,80
basic_appreq,6920579,721252371507710,80
basic_appreq,6675658,721252378256238,80
basic_appreq,7078968,721252385407915,80
basic_appreq,7895027,721252393375125,80
basic_appreq,6936802,721252400384196,80
basic_appreq,6498695,721252406955140,80
basic_appreq,7112225,721252414139638,80
basic_appreq,7177161,721252421389448,80
basic_appreq,7642535,721252429104652,80
basic_appreq,6964005,721252436141207,80
basic_appreq,6769521,721252442982781,80
basic_appreq,6921787,721252449995018,80
basic_appreq,6473302,721252456540644,80
basic_appreq,6559664,721252463173257,80
basic_appreq,5214921,721252468460588,80
basic_appreq,5060463,721252473593795,80
basic_appreq,4788304,721252478454978,80
basic_appreq,5661748,721252484190277,80
basic_appreq,5125384,721252489388120,80
basic_appreq,5185428,721252494646128,80
basic_appreq,5194720,721252499913377,80
basic_appreq,4782766,721252504769238,80
basic_appreq,4948075,721252509789747,80
basic_appreq,4954025,721252514815860,80
basic_appreq,4984050,721252519872625,80
basic_appreq,5169250,721252525113617,80
basic_appreq,5012486,721252530198828,80
basic_appreq,4928906,721252535200057,80
basic_appreq,4995822,721252540268393,80
basic_appreq,5638659,721252545979085,80
basic_appreq,5891963,721252551942801,80
basic_appreq,6414762,721252558457610,80
basic_appreq,6549178,721252565078676,80
basic_appreq,6960146,721252572111231,80
basic_appreq,6448615,721252578632394,80
basic_appreq,6535407,721252585239669,80
basic_appreq,6738260,721252592050422,80
basic_appreq,6741822,721252598865119,80
basic_appreq,5496433,721252604433810,80
basic_appreq,5376443,721252609905685,80
basic_appreq,5317642,721252615295550,80
basic_appreq,5286880,721252620654483,80
basic_appreq,4964419,721252625691275,80
basic_appreq,4998634,721252630762293,80
basic_appreq,4897464,721252635733142,80
basic_appreq,4691103,721252640495886,80
basic_appreq,4889174,721252645456977,80
basic_appreq,5101503,721252650630383,80
basic_appreq,5020826,721252655723752,80
basic_appreq,4777845,721252660573850,80
basic_appreq,4864205,721252665510243,80
basic_appreq,5179525,721252670761907,80
basic_appreq,5535835,721252676369729,80
basic_appreq,6437859,721252682880458,80
basic_appreq,6416310,721252689368981,80
basic_appreq,6118520,721252695559615,80
basic_appreq,5371237,721252701002794,80
basic_appreq,5427206,721252706501512,80
basic_appreq,5049742,721252711623122,80
basic_appreq,5230870,721252716925939,80
basic_appreq,4768793,721252721766941,80
basic_appreq,5475238,721252727312052,80
basic_appreq,4889801,721252732274010,80
basic_appreq,4990629,721252737336773,80
basic_appreq,4958285,721252742367346,80
basic_appreq,4753469,721252747192356,80
basic_appreq,4854753,721252752118215,80
basic_appreq,5168028,721252757357820,80
basic_appreq,5176432,721252762605303,80
basic_appreq,5141246,721252767819428,80
basic_appreq,4955553,721252772847065,80
basic_appreq,4786539,721252777705858,80
basic_appreq,4959698,721252782737899,80
basic_appreq,5059886,721252787870355,80
basic_appreq,5412005,721252793355195,80
basic_appreq,5725692,721252799153380,80
basic_appreq,4888668,721252804114798,80
basic_appreq,5284870,721252809471179,80
basic_appreq,4953023,721252814496936,80
basic_appreq,4902234,721252819471092,80
basic_appreq,5017803,721252824560879,80
basic_appreq,4720361,721252829353142,80
basic_appreq,4863148,721252834288593,80
basic_appreq,4801179,721252839161995,80
basic_appreq,5289987,721252844523920,80
basic_appreq,5356391,721252849952330,80
basic_appreq,4936634,721252854960911,80
basic_appreq,4999671,721252860033092,80
basic_appreq,4713274,721252864819330,80
basic_appreq,5025722,721252869916950,80
basic_appreq,5227687,721252875216625,80
basic_appreq,5338625,721252880627317,80
basic_appreq,5065159,721252885764489,80
basic_appreq,5046540,721252890882731,80
basic_appreq,5133227,721252896088662,80
basic_appreq,4961718,721252901123465,80
basic_appreq,5019502,721252906215577,80
basic_appreq,4976071,721252911264026,80
basic_appreq,5025797,721252916362924,80
basic_appreq,4944157,721252921379694,80
basic_appreq,5807122,721252927259044,80
basic_appreq,4941480,721252932272351,80
basic_appreq,4951680,721252937296665,80
basic_appreq,5041002,721252942409350,80
basic_appreq,5287035,721252947767856,80
basic_appreq,5627759,721252953467712,80
basic_appreq,5136720,721252958676215,80
basic_appreq,5016465,721252963764743,80
basic_appreq,5422065,721252969259151,80
basic_appreq,4870610,721252974201298,80
basic_appreq,4655165,721252978928224,80
basic_appreq,4849382,721252983849688,80
basic_appreq,4974286,721252988894389,80
basic_appreq,4877617,721252993843933,80
basic_appreq,4779623,721252998713937,80
basic_appreq,4964870,721253003750996,80
basic_appreq,4954141,721253008777269,80
basic_appreq,5099093,721253013971999,80
basic_appreq,5159393,721253019203535,80
basic_appreq,5203060,721253024478853,80
basic_appreq,5359118,721253029910996,80
basic_appreq,5255231,721253035238330,80
basic_appreq,5163879,721253040473465,80
basic_appreq,5445784,721253045990951,80
basic_appreq,5498433,721253051562604,80
basic_appreq,5614152,721253057249420,80
basic_appreq,4960736,721253062282399,80
basic_appreq,5203665,721253067557691,80
basic_appreq,5333644,721253072963368,80
basic_appreq,5056168,721253078091464,80
basic_appreq,4963943,721253083127494,80
basic_appreq,4987448,721253088187761,80
basic_appreq,5446076,721253093705990,80
basic_appreq,4993517,721253098771153,80
basic_appreq,5334025,721253104183200,80
basic_appreq,5236047,721253109491976,80
basic_appreq,5081471,721253114645610,80
basic_appreq,5400074,721253120118062,80
basic_appreq,5033164,721253125223028,80
basic_appreq,5103779,721253130398659,80
basic_appreq,5741619,721253136213098,80
basic_appreq,5334676,721253141620232,80
basic_appreq,6598279,721253148291591,80
basic_appreq,6535862,721253154899576,80
basic_appreq,7233217,721253162205573,80
basic_appreq,6921149,721253169198981,80
basic_appreq,6906301,721253176178743,80
basic_appreq,5596325,721253181847542,80
basic_appreq,5206423,721253187126453,80
basic_appreq,5145271,721253192344082,80
basic_appreq,4888191,721253197305293,80
basic_appreq,4809784,721253202186799,80
basic_appreq,4880053,721253207139456,80
basic_appreq,4954515,721253212166425,80
basic_appreq,5629819,721253217868552,80
basic_appreq,5261741,721253223202356,80
basic_appreq,5318509,721253228592216,80
basic_appreq,4991638,721253233655997,80
basic_appreq,4769876,721253238497654,80
basic_appreq,5032237,721253243601799,80
basic_appreq,4707126,721253248381448,80
basic_appreq,5410994,721253253864875,80
basic_appreq,5008843,721253258945344,80
basic_appreq,4920036,721253263937468,80
basic_appreq,5509252,721253269542188,80
basic_appreq,5193207,721253274807443,80
basic_appreq,5221998,721253280101544,80
basic_appreq,4996324,721253285169895,80
basic_appreq,5014060,721253290255877,80
basic_appreq,4939465,721253295267767,80
basic_appreq,5546675,721253300886529,80
basic_appreq,4883330,721253305841466,80
basic_appreq,5350117,721253311263771,80
basic_appreq,4881827,721253316217421,80
basic_appreq,4647080,721253320944486,80
basic_appreq,5377702,721253326394471,80
basic_appreq,4982722,721253331449667,80
basic_appreq,5254765,721253336776329,80
basic_appreq,5030418,721253341878404,80
basic_appreq,4946021,721253346900056,80
basic_appreq,5082464,721253352054337,80
basic_appreq,5396626,721253357523602,80
basic_appreq,4925949,721253362520937,80
basic_appreq,4813187,721253367405841,80
basic_appreq,5417870,721253372895970,80
basic_appreq,4737014,721253377705868,80
basic_appreq,4984140,721253382761570,80
basic_appreq,4688141,721253387521874,80
basic_appreq,4982971,721253392576814,80
basic_appreq,5124066,721253397772612,80
basic_appreq,5421197,721253403265646,80
basic_appreq,5152102,721253408489149,80
basic_appreq,5112258,721253413673685,80
basic_appreq,5055315,721253418800999,80
basic_appreq,5649971,721253424523102,80
basic_appreq,5286188,721253429904577,80
basic_appreq,5058613,721253435035529,80
basic_appreq,4936414,721253440044271,80
basic_appreq,5451036,721253445569009,80
basic_appreq,5032137,721253450673079,80
basic_appreq,5239865,721253455985568,80
basic_appreq,5470854,721253461552535,80
basic_appreq,5240402,721253466865436,80
basic_appreq,5055976,721253471993952,80
basic_appreq,5197868,721253477289883,80
basic_appreq,5408873,721253482773906,80
basic_appreq,5229366,721253488075581,80
basic_appreq,5720495,721253493867251,80
basic_appreq,5591664,721253499531454,80
basic_appreq,5268382,721253504871989,80
basic_appreq,4847873,721253509791810,80
basic_appreq,5389273,721253515253536,80
basic_appreq,5196545,721253520522645,80
basic_appreq,5076019,721253525670581,80
basic_appreq,4822232,721253530565754,80
basic_appreq,5069869,721253535708183,80
basic_appreq,4908324,721253540705930,80
basic_appreq,5058116,721253545835834,80
basic_appreq,5397859,721253551305379,80
basic_appreq,4545984,721253555923321,80
basic_appreq,5594462,721253561591218,80
basic_appreq,4830617,721253566493994,80
basic_appreq,5489963,721253572056234,80
basic_appreq,4972007,721253577101081,80
basic_appreq,5262874,721253582436208,80
basic_appreq,4947650,721253587456226,80
basic_appreq,4953885,721253592482485,80
basic_appreq,4691278,721253597246041,80
basic_appreq,4847351,721253602165420,80
basic_appreq,5413641,721253607651168,80
basic_appreq,4920963,721253612644370,80
basic_appreq,4684712,721253617401385,80
basic_appreq,5284480,721253622759025,80
basic_appreq,4910518,721253627741591,80
basic_appreq,4394918,721253632208392,80
basic_appreq,4524395,721253636805350,80
basic_appreq,5204748,721253642082828,80
basic_appreq,4804698,721253646959678,80
basic_appreq,4843437,721253651875149,80
basic_appreq,4742827,721253656689568,80
basic_appreq,4868366,721253661630332,80
basic_appreq,5116403,721253666818928,80
basic_appreq,5007875,721253671898991,80
basic_appreq,5473119,721253677444383,80
basic_appreq,4922696,721253682438656,80
basic_appreq,5029100,721253687539122,80
basic_appreq,4748271,721253692359000,80
basic_appreq,5147315,721253697578052,80
basic_appreq,5161833,721253702811557,80
basic_appreq,5227422,721253708111107,80
basic_appreq,5299829,721253713483069,80
basic_appreq,4693193,721253718248350,80
basic_appreq,4988910,721253723309334,80
basic_appreq,4792775,721253728173970,80
basic_appreq,4824830,721253733071845,80
basic_appreq,4995552,721253738139419,80
basic_appreq,5167898,721253743379655,80
basic_appreq,5304952,721253748755923,80
basic_appreq,5214832,721253754043249,80
basic_appreq,5071098,721253759186675,80
basic_appreq,5125324,721253764384352,80
basic_appreq,4799134,721253769256160,80
basic_appreq,4729919,721253774057946,80
basic_appreq,4909942,721253779039740,80
basic_appreq,4943501,721253784055489,80
basic_appreq,5654917,721253789783210,80
basic_appreq,5771368,721253795626786,80
basic_appreq,5959161,721253801657508,80
basic_appreq,7100067,721253808830059,80
basic_appreq,6747034,721253815649792,80
basic_appreq,7126598,721253822848880,80
basic_appreq,6543019,721253829464288,80
basic_appreq,6586807,721253836123753,80
basic_appreq,6513542,721253842733313,80
basic_appreq,6475431,721253849281273,80
basic_appreq,6490107,721253855843949,80
basic_appreq,6234802,721253862150865,80
basic_appreq,6242319,721253868465537,80
basic_appreq,6923055,721253875460484,80
basic_appreq,5985912,721253881518324,80
basic_appreq,5949042,721253887539704,80
basic_appreq,5461275,721253893072697,80
basic_appreq,5707259,721253898852364,80
basic_appreq,6534976,721253905459108,80
basic_appreq,6846220,721253912377295,80
basic_appreq,6760195,721253919210165,80
basic_appreq,7098854,721253926381172,80
basic_appreq,6537467,721253932990170,80
basic_appreq,6808993,721253939871613,80
basic_appreq,6771321,721253946715082,80
basic_appreq,6793794,721253953581234,80
basic_appreq,6664351,721253960318200,80
basic_appreq,6512499,721253966903198,80
basic_appreq,6510689,721253973486460,80
basic_appreq,6896223,721253980455021,80
basic_appreq,6634473,721253987161907,80
basic_appreq,6120160,721253993355022,80
basic_appreq,7252221,721254000679140,80
basic_appreq,6294141,721254007045544,80
basic_appreq,6791668,721254013909556,80
basic_appreq,6536290,721254020518394,80
basic_appreq,6718298,721254027309165,80
basic_appreq,6161642,721254033543235,80
basic_appreq,6623006,721254040238424,80
basic_appreq,6702952,721254047013916,80
basic_appreq,7650146,721254054736005,80
basic_appreq,6319324,721254061127683,80
basic_appreq,6068048,721254067268275,80
basic_appreq,6302745,721254073643008,80
basic_appreq,6726282,721254080441663,80
basic_appreq,5652641,721254086166813,80
basic_appreq,6143189,721254092381779,80
basic_appreq,4986911,721254097440989,80
basic_appreq,5400610,721254102913195,80
basic_appreq,4983774,721254107968406,80
basic_appreq,5121520,721254113189171,80
basic_appreq,5258233,721254118519262,80
basic_appreq,4434947,721254123025950,80
basic_appreq,4988650,721254128104304,80
basic_appreq,5068075,721254133289628,80
basic_appreq,4967737,721254138329322,80
basic_appreq,5251854,721254143652882,80
basic_appreq,5368275,721254149093595,80
basic_appreq,5074650,721254154240369,80
basic_appreq,5041299,721254159353780,80
basic_appreq,5194916,721254164620277,80
basic_appreq,4830874,721254169522722,80
basic_appreq,5568556,721254175162880,80
basic_appreq,5844297,721254181078838,80
basic_appreq,5533610,721254186684611,80
basic_appreq,5787431,721254192544771,80
basic_appreq,5743984,721254198361038,80
basic_appreq,5708868,721254204142269,80
basic_appreq,5923466,721254210138686,80
basic_appreq,6006024,721254216217340,80
basic_appreq,7003106,721254223292648,80
basic_appreq,7377623,721254230742625,80
basic_appreq,6352571,721254237168271,80
basic_appreq,6229595,721254243470069,80
basic_appreq,5759190,721254249301998,80
basic_appreq,7119501,721254256494074,80
basic_appreq,6417262,721254262983684,80
basic_appreq,5123084,721254268179112,80
basic_appreq,5392270,721254273641274,80
basic_appreq,4934651,721254278648418,80
basic_appreq,4792578,721254283514021,80
basic_appreq,5412247,721254288998993,80
basic_appreq,4862898,721254293934620,80
basic_appreq,6026437,721254300033515,80
basic_appreq,5862892,721254305971075,80
basic_appreq,5067890,721254311111333,80
basic_appreq,4745745,721254315952280,80
basic_appreq,4591912,721254320643844,80
basic_appreq,4920101,721254325636870,80
basic_appreq,5001957,721254330711510,80
basic_appreq,4680283,721254335464342,80
basic_appreq,4559761,721254340096406,80
basic_appreq,5866164,721254346034884,80
basic_appreq,4852003,721254350958563,80
basic_appreq,5215047,721254356246074,80
basic_appreq,4535175,721254360853612,80
basic_appreq,4554550,721254365479994,80
basic_appreq,4966408,721254370518466,80
basic_appreq,4764354,721254375355288,80
basic_appreq,4933051,721254380360622,80
basic_appreq,5026273,721254385458747,80
basic_appreq,4914428,721254390445479,80
basic_appreq,5016084,721254395533996,80
basic_appreq,5095239,721254400701904,80
basic_appreq,4785252,721254405559765,80
basic_appreq,4400185,721254410032414,80
basic_appreq,3996495,721254414101047,80
basic_appreq,5264057,721254419436506,80
basic_appreq,5080654,721254424589207,80
basic_appreq,5300828,721254429961787,80
basic_appreq,5326983,721254435361028,80
basic_appreq,5024815,721254440459845,80
basic_appreq,5404208,721254445935821,80
basic_appreq,5110203,721254451118342,80
basic_appreq,5190931,721254456380760,80
basic_appreq,4916503,721254461369822,80
basic_appreq,5397131,721254466839132,80
basic_appreq,5292067,721254472203888,80
basic_appreq,5140434,721254477416690,80
basic_appreq,5045182,721254482534952,80
basic_appreq,4863063,721254487470429,80
basic_appreq,5042670,721254492585218,80
basic_appreq,4871638,721254497529169,80
basic_appreq,4672485,721254502273837,80
basic_appreq,4637031,721254506982651,80
basic_appreq,4971982,721254512027372,80
basic_appreq,5532883,721254517634357,80
basic_appreq,5739859,721254523446495,80
basic_appreq,6368148,721254529887467,80
basic_appreq,6262972,721254536222703,80
basic_appreq,6790531,721254543085217,80
basic_appreq,6781134,721254549938423,80
basic_appreq,6900993,721254556912230,80
basic_appreq,6719856,721254563704050,80
basic_appreq,6666217,721254570443281,80
basic_appreq,6733383,721254577249223,80
basic_appreq,6464813,721254583786444,80
basic_appreq,6754954,721254590613776,80
basic_appreq,6041571,721254596728016,80
basic_appreq,6803061,721254603603300,80
basic_appreq,6048257,721254609724117,80
basic_appreq,6466647,721254616262856,80
basic_appreq,6610733,721254622946343,80
basic_appreq,6563552,721254629582038,80
basic_appreq,6388124,721254636042657,80
basic_appreq,6602873,721254642718460,80
basic_appreq,7329677,721254650120625,80
basic_appreq,6119127,721254656312306,80
basic_appreq,6185347,721254662569811,80
basic_appreq,6142261,721254668784442,80
basic_appreq,6857602,721254675714552,80
basic_appreq,6501869,721254682288780,80
basic_appreq,6090672,721254688451925,80
basic_appreq,5283773,721254693808116,80
basic_appreq,4867904,721254698748364,80
basic_appreq,4672580,721254703493733,80
basic_appreq,4910989,721254708499894,80
basic_appreq,5138595,721254713710516,80
basic_appreq,5452345,721254719235335,80
basic_appreq,5011282,721254724319107,80
basic_appreq,4873638,721254729265113,80
basic_appreq,5051126,721254734388718,80
basic_appreq,4865062,721254739325983,80
basic_appreq,4895965,721254744293710,80
basic_appreq,4928385,721254749325201,80
basic_appreq,5329789,721254754727264,80
basic_appreq,5615415,721254760415403,80
basic_appreq,5019928,721254765507619,80
basic_appreq,5108124,721254770687625,80
basic_appreq,5007479,721254775766667,80
basic_appreq,4627509,721254780466675,80
basic_appreq,4564643,721254785104453,80
basic_appreq,4965245,721254790142058,80
basic_appreq,4926556,721254795140481,80
basic_appreq,5219784,721254800432152,80
basic_appreq,5534501,721254806039222,80
basic_appreq,5388437,721254811499556,80
basic_appreq,5148032,721254816719776,80
basic_appreq,4779614,721254821571036,80
basic_appreq,5026133,721254826669036,80
basic_appreq,5088087,721254831828950,80
basic_appreq,5141296,721254837042279,80
basic_appreq,4867053,721254841981725,80
basic_appreq,4929046,721254846983000,80
basic_appreq,5048800,721254852104114,80
basic_appreq,5054254,721254857230490,80
basic_appreq,5030142,721254862333070,80
basic_appreq,5146543,721254867552178,80
basic_appreq,4852097,721254872476879,80
basic_appreq,5077642,721254877626880,80
basic_appreq,5292528,721254882992073,80
basic_appreq,5172338,721254888236187,80
basic_appreq,4721850,721254893030105,80
basic_appreq,5043413,721254898145375,80
basic_appreq,4968433,721254903185871,80
basic_appreq,4988150,721254908247176,80
basic_appreq,4819050,721254913138289,80
basic_appreq,5133613,721254918343659,80
basic_appreq,5475154,721254923890705,80
basic_appreq,5360897,721254929323389,80
basic_appreq,5545166,721254934940914,80
basic_appreq,5642312,721254940655791,80
basic_appreq,5214902,721254945943322,80
basic_appreq,5258424,721254951274044,80
basic_appreq,5472001,721254956818132,80
basic_appreq,5766431,721254962656156,80
basic_appreq,5340835,721254968069119,80
basic_appreq,5258283,721254973400968,80
basic_appreq,4814089,721254978287882,80
basic_appreq,4845361,721254983205146,80
basic_appreq,4661048,721254987938051,80
basic_appreq,4807914,721254992840672,80
basic_appreq,4837975,721254997750839,80
basic_appreq,4587226,721255002409782,80
basic_appreq,5186767,721255007668211,80
basic_appreq,5225090,721255012965615,80
basic_appreq,4999181,721255018036933,80
basic_appreq,5256870,721255023367033,80
basic_appreq,4890026,721255028330009,80
basic_appreq,5098221,721255033501891,80
basic_appreq,5061490,721255038635439,80
basic_appreq,4699337,721255043406698,80
basic_appreq,5435571,721255048915109,80
basic_appreq,5036125,721255054024546,80
basic_appreq,5236107,721255059332395,80
basic_appreq,4703707,721255064108314,80
basic_appreq,5254620,721255069436125,80
basic_appreq,5127613,721255074636433,80
basic_appreq,5165417,721255079873973,80
basic_appreq,5360297,721255085307284,80
basic_appreq,5303698,721255090683546,80
basic_appreq,4751443,721255095506712,80
basic_appreq,5365583,721255100944147,80
basic_appreq,4953704,721255105970044,80
basic_appreq,5231621,721255111273448,80
basic_appreq,4775690,721255116120980,80
basic_appreq,5124045,721255121320651,80
basic_appreq,5210853,721255126603512,80
basic_appreq,5140519,721255131816820,80
basic_appreq,5088218,721255136977872,80
basic_appreq,5004759,721255142054959,80
basic_appreq,4791782,721255146919019,80
basic_appreq,5303468,721255152318306,80
basic_appreq,5055231,721255157445749,80
basic_appreq,5089665,721255162607788,80
basic_appreq,4972147,721255167651196,80
basic_appreq,5151700,721255172875916,80
basic_appreq,5362231,721255178309904,80
basic_appreq,5258208,721255183639970,80
basic_appreq,5190365,721255188901976,80
basic_appreq,4738398,721255193712296,80
basic_appreq,5269930,721255199054600,80
basic_appreq,4942172,721255204068559,80
basic_appreq,5001706,721255209142815,80
basic_appreq,5548113,721255214763085,80
basic_appreq,5428715,721255220263949,80
basic_appreq,4935486,721255225271343,80
basic_appreq,5033550,721255230376910,80
basic_appreq,5283437,721255235750427,80
basic_appreq,5093916,721255240916085,80
basic_appreq,5052775,721255246040917,80
basic_appreq,4860287,721255250972886,80
basic_appreq,5229381,721255256274976,80
basic_appreq,4588408,721255260935728,80
basic_appreq,4738398,721255265746514,80
basic_appreq,4856493,721255270674639,80
basic_appreq,5044665,721255275791412,80
basic_appreq,4664225,721255280526026,80
basic_appreq,4480042,721255285078692,80
basic_appreq,4214277,721255289362842,80
basic_appreq,4170811,721255293592696,80
basic_appreq,5389419,721255299052313,80
basic_appreq,5062236,721255304186331,80
basic_appreq,5770877,721255310031371,80
basic_appreq,5384407,721255315487956,80
basic_appreq,5157785,721255320717803,80
basic_appreq,5006036,721255325796197,80
basic_appreq,5013689,721255330882054,80
basic_appreq,5546961,721255336500852,80
basic_appreq,5753491,721255342327273,80
basic_appreq,5579963,721255347980085,80
basic_appreq,5896905,721255353975174,80
basic_appreq,5857142,721255359905426,80
basic_appreq,5584935,721255365562694,80
basic_appreq,6096890,721255371732138,80
basic_appreq,6083360,721255377887526,80
basic_appreq,6456187,721255384416101,80
basic_appreq,5946952,721255390435226,80
basic_appreq,5676422,721255396188813,80
basic_appreq,5183975,721255401446780,80
basic_appreq,5024179,721255406544460,80
basic_appreq,5144468,721255411764113,80
basic_appreq,5170244,721255417008394,80
basic_appreq,4972894,721255422055335,80
basic_appreq,6858744,721255428988162,80
basic_appreq,6404678,721255435466992,80
basic_appreq,7318836,721255442857766,80
basic_appreq,6849283,721255449781487,80
basic_appreq,5628159,721255455481438,80
basic_appreq,4666476,721255460219846,80
basic_appreq,4420217,721255464698109,80
basic_appreq,4230250,721255468984759,80
basic_appreq,3721039,721255472762771,80
basic_appreq,4209176,721255477028824,80
basic_appreq,4602993,721255481705503,80
basic_appreq,4616679,721255486394511,80
basic_appreq,4038563,721255490504290,80
basic_appreq,4936363,721255495500483,80
basic_appreq,4444063,721255500025784,80
basic_appreq,4338261,721255504425023,80
basic_appreq,4873738,721255509372918,80
basic_appreq,4491949,721255513922140,80
basic_appreq,5011509,721255518989409,80
basic_appreq,4592528,721255523640152,80
basic_appreq,4342632,721255528039566,80
basic_appreq,4280381,721255532377066,80
basic_appreq,4515354,721255536947773,80
basic_appreq,4788259,721255541792994,80
basic_appreq,3934125,721255545794582,80
basic_appreq,5371341,721255551221547,80
basic_appreq,5085611,721255556386859,80
basic_appreq,3616947,721255560059782,80
basic_appreq,3569857,721255563687032,80
basic_appreq,4132411,721255567873194,80
basic_appreq,4253794,721255572182568,80
basic_appreq,4439883,721255576678702,80
basic_appreq,4344766,721255581079247,80
basic_appreq,4105580,721255585241128,80
basic_appreq,4320520,721255589616827,80
basic_appreq,4718827,721255594391068,80
basic_appreq,5081461,721255599528935,80
basic_appreq,4990641,721255604580242,80
basic_appreq,4124969,721255608760585,80
basic_appreq,4345133,721255613161427,80
basic_appreq,4170466,721255617387507,80
basic_appreq,4644754,721255622088087,80
basic_appreq,4397128,721255626541601,80
basic_appreq,5172379,721255631769689,80
basic_appreq,3912940,721255635738760,80
basic_appreq,3727950,721255639522485,80
basic_appreq,4452428,721255644030868,80
basic_appreq,5309578,721255649397348,80
basic_appreq,4927508,721255654380505,80
basic_appreq,4758580,721255659194460,80
basic_appreq,4181756,721255663430602,80
basic_appreq,4250166,721255667737010,80
basic_appreq,5090678,721255672883683,80
basic_appreq,4499295,721255677438282,80
basic_appreq,5138339,721255682633204,80
basic_appreq,4383221,721255687071718,80
basic_appreq,4791761,721255691919626,80
basic_appreq,4371934,721255696347546,80
basic_appreq,4568141,721255700972515,80
basic_appreq,4642604,721255705670803,80
basic_appreq,4544552,721255710270443,80
basic_appreq,4185100,721255714511493,80
basic_appreq,4541594,721255719108116,80
basic_appreq,4914553,721255724078804,80
basic_appreq,5110740,721255729245705,80
basic_appreq,5214692,721255734516843,80
basic_appreq,4754210,721255739327083,80
basic_appreq,4178314,721255743596214,80
basic_appreq,4503956,721255748154772,80
basic_appreq,4842270,721255753050898,80
basic_appreq,4227287,721255757331635,80
basic_appreq,3932771,721255761319615,80
basic_appreq,4267918,721255765641388,80
basic_appreq,4364829,721255770069684,80
basic_appreq,3979851,721255774103952,80
basic_appreq,4828077,721255778986390,80
basic_appreq,5197642,721255784237311,80
basic_appreq,4832320,721255789123468,80
basic_appreq,4266544,721255793445261,80
basic_appreq,4664386,721255798163291,80
basic_appreq,5001169,721255803218747,80
basic_appreq,4578079,721255807868509,80
basic_appreq,4436139,721255812374721,80
basic_appreq,4642028,721255817086256,80
basic_appreq,4250301,721255821392522,80
basic_appreq,4384795,721255825831970,80
basic_appreq,4118564,721255830005943,80
basic_appreq,3858974,721255833918989,80
basic_appreq,4152619,721255838126686,80
basic_appreq,4833454,721255843014426,80
basic_appreq,4460461,721255847529213,80
basic_appreq,4598502,721255852181832,80
basic_appreq,4889365,721255857125247,80
basic_appreq,4833474,721255862012707,80
basic_appreq,5131945,721255867199248,80
basic_appreq,4147847,721255871401417,80
basic_appreq,4319994,721255875775436,80
basic_appreq,4733406,721255880563049,80
basic_appreq,4804521,721255885421291,80
basic_appreq,4736488,721255890212802,80
basic_appreq,5236027,721255895503697,80
basic_appreq,5386837,721255900961313,80
basic_appreq,6207935,721255907241346,80
basic_appreq,6627511,721255913941005,80
basic_appreq,7281504,721255921319049,80
basic_appreq,6731544,721255928122946,80
basic_appreq,6843745,721255935039275,80
basic_appreq,6580481,721255941692611,80
basic_appreq,6489520,721255948254641,80
basic_appreq,6699568,721255955026578,80
basic_appreq,6820531,721255961919613,80
basic_appreq,6353619,721255968345875,80
basic_appreq,6630173,721255975048732,80
basic_appreq,7179802,721255982301605,80
basic_appreq,6943251,721255989317606,80
basic_appreq,7461979,721255996851943,80
basic_appreq,6908195,721256003832246,80
basic_appreq,6883983,721256010788909,80
basic_appreq,6099397,721256016960779,80
basic_appreq,4853550,721256021884568,80
basic_appreq,4549588,721256026503629,80
basic_appreq,3840632,721256030401509,80
basic_appreq,3732160,721256034188321,80
basic_appreq,4190337,721256038433421,80
basic_appreq,4088665,721256042576422,80
basic_appreq,4115637,721256046748516,80
basic_appreq,5706897,721256052511580,80
basic_appreq,6006911,721256058572983,80
basic_appreq,5822532,721256064450719,80
basic_appreq,6226272,721256070731242,80
basic_appreq,5862726,721256076647547,80
basic_appreq,5584784,721256082302339,80
basic_appreq,5873200,721256088246464,80
basic_appreq,7253078,721256095571756,80
basic_appreq,8108780,721256103752448,80
basic_appreq,6770775,721256110595682,80
basic_appreq,5749221,721256116416680,80
basic_appreq,4790544,721256121278866,80
basic_appreq,4288811,721256125630638,80
basic_appreq,4984611,721256130670639,80
basic_appreq,4421980,721256135147668,80
basic_appreq,4552841,721256139754795,80
basic_appreq,3777256,721256143586206,80
basic_appreq,4344486,721256147986392,80
basic_appreq,5648416,721256153716072,80
basic_appreq,4635433,721256158423849,80
basic_appreq,4414959,721256162908771,80
basic_appreq,4669107,721256167635361,80
basic_appreq,4200235,721256171891356,80
basic_appreq,5862976,721256177810473,80
basic_appreq,6734681,721256184600267,80
basic_appreq,6127617,721256190781875,80
basic_appreq,6530385,721256197365950,80
basic_appreq,6259425,721256203679250,80
basic_appreq,6251686,721256209985403,80
basic_appreq,6734626,721256216773830,80
basic_appreq,5070024,721256221898256,80
basic_appreq,4790138,721256226742616,80
basic_appreq,4462796,721256231260384,80
basic_appreq,5269549,721256236583930,80
basic_appreq,4518086,721256241156607,80
basic_appreq,6450158,721256247678747,80
basic_appreq,6252709,721256254002472,80
basic_appreq,6172793,721256260247773,80
basic_appreq,5509810,721256265829139,80
basic_appreq,4774802,721256270675859,80
basic_appreq,6184064,721256276933013,80
basic_appreq,6656022,721256283661849,80
basic_appreq,6897074,721256290632215,80
basic_appreq,6652916,721256297376272,80
basic_appreq,8420250,721256305870249,80
basic_appreq,6366293,721256312310124,80
basic_appreq,6774143,721256319157247,80
basic_appreq,6736054,721256325966586,80
basic_appreq,6420955,721256332460467,80
basic_appreq,6352661,721256338886158,80
basic_appreq,7026866,721256345986245,80
basic_appreq,6707778,721256352767018,80
basic_appreq,7598473,721256360438625,80
basic_appreq,7369644,721256367881169,80
basic_appreq,6602473,721256374556933,80
basic_appreq,6727925,721256381357071,80
basic_appreq,6915566,721256388368692,80
basic_appreq,6177895,721256394618729,80
basic_appreq,6849402,721256401540536,80
basic_appreq,6767503,721256408380662,80
basic_appreq,6314577,721256414767739,80
basic_appreq,7063095,721256421903178,80
basic_appreq,9024352,721256431000254,80
basic_appreq,6924043,721256437997226,80
basic_appreq,6688117,721256444758188,80
basic_appreq,6969358,721256451799914,80
basic_appreq,6161065,721256458033718,80
basic_appreq,7232426,721256465338597,80
basic_appreq,6522346,721256471933417,80
basic_appreq,6154480,721256478186542,80
basic_appreq,6157707,721256484416913,80
basic_appreq,6026382,721256490516185,80
basic_appreq,5677033,721256496266017,80
basic_appreq,5354994,721256501693650,80
basic_appreq,5476491,721256507242154,80
basic_appreq,5121751,721256512435561,80
basic_appreq,5360391,721256517869078,80
basic_appreq,5020134,721256522961289,80
basic_appreq,5141973,721256528175490,80
basic_appreq,5360651,721256533608329,80
basic_appreq,5099769,721256538779996,80
basic_appreq,4943060,721256543795574,80
basic_appreq,5128918,721256548996349,80
basic_appreq,4648077,721256553716298,80
basic_appreq,5027657,721256558815827,80
basic_appreq,5243568,721256564131559,80
basic_appreq,5537344,721256569740960,80
basic_appreq,5591475,721256575403710,80
basic_appreq,5388727,721256580864339,80
basic_appreq,5185925,721256586122477,80
basic_appreq,5641396,721256591836076,80
basic_appreq,6094424,721256598002724,80
basic_appreq,5522805,721256603597451,80
basic_appreq,6143318,721256609812571,80
basic_appreq,5681971,721256615566895,80
basic_appreq,5883845,721256621523364,80
basic_appreq,6141805,721256627736826,80
basic_appreq,5528914,721256633337301,80
basic_appreq,5180772,721256638590583,80
basic_appreq,4858092,721256643520306,80
basic_appreq,5053587,721256648645745,80
basic_appreq,4858407,721256653575824,80
basic_appreq,5178713,721256658826399,80
basic_appreq,4977429,721256663875416,80
basic_appreq,4852853,721256668800598,80
basic_appreq,5676292,721256674548847,80
basic_appreq,6238687,721256680859496,80
basic_appreq,5890044,721256686820946,80
basic_appreq,6607836,721256693500990,80
basic_appreq,7279078,721256700852216,80
basic_appreq,6637911,721256707562115,80
basic_appreq,6597977,721256714231453,80
basic_appreq,5139713,721256719442978,80
basic_appreq,6667930,721256726182485,80
basic_appreq,5819330,721256732073978,80
basic_appreq,6180575,721256738326826,80
basic_appreq,5465015,721256743863839,80
basic_appreq,5512049,721256749448461,80
basic_appreq,4483921,721256754004274,80
basic_appreq,4918528,721256758995020,80
basic_appreq,5114964,721256764183270,80
basic_appreq,4954962,721256769208911,80
basic_appreq,5116138,721256774396646,80
basic_appreq,4729772,721256779198716,80
basic_appreq,5023943,721256784295093,80
basic_appreq,5226900,721256789593971,80
basic_appreq,4983043,721256794650088,80
basic_appreq,5876664,721256800599335,80
basic_appreq,5637942,721256806310318,80
basic_appreq,5367532,721256811749838,80
basic_appreq,5297148,721256817119080,80
basic_appreq,4670550,721256821862584,80
basic_appreq,5068647,721256827003033,80
basic_appreq,4715118,721256831790074,80
basic_appreq,5077753,721256836961355,80
basic_appreq,5358747,721256842391578,80
basic_appreq,4945230,721256847409146,80
basic_appreq,5022213,721256852503032,80
basic_appreq,5181745,721256857756534,80
basic_appreq,5306500,721256863134901,80
basic_appreq,5125625,721256868332338,80
basic_appreq,5529775,721256873934266,80
basic_appreq,4955478,721256878961407,80
basic_appreq,5129353,721256884163068,80
basic_appreq,5049742,721256889285144,80
basic_appreq,5315673,721256894690891,80
basic_appreq,4982305,721256899745078,80
basic_appreq,4814866,721256904631446,80
basic_appreq,5282205,721256909985538,80
basic_appreq,4855575,721256914912915,80
basic_appreq,4955679,721256919940521,80
basic_appreq,6072879,721256926109731,80
basic_appreq,5449734,721256931631497,80
basic_appreq,4883421,721256936586500,80
basic_appreq,4534618,721256941193015,80
basic_appreq,4648965,721256945913797,80
basic_appreq,4612284,721256950597939,80
basic_appreq,5377781,721256956047667,80
basic_appreq,5239775,721256961359450,80
basic_appreq,5346619,721256966778127,80
basic_appreq,5083656,721256971934167,80
basic_appreq,5033075,721256977064222,80
basic_appreq,4845903,721256981982108,80
basic_appreq,4823054,721256986877065,80
basic_appreq,4731582,721256991680599,80
basic_appreq,5133624,721256996886882,80
basic_appreq,4946492,721257001904725,80
basic_appreq,5227873,721257007205317,80
basic_appreq,4691283,721257011968753,80
basic_appreq,4776777,721257016843262,80
basic_appreq,5375962,721257022304443,80
basic_appreq,5153784,721257027529820,80
basic_appreq,4989733,721257032591540,80
basic_appreq,4399679,721257037062942,80
basic_appreq,4904113,721257042039048,80
basic_appreq,4748286,721257046858960,80
basic_appreq,5422185,721257052352397,80
basic_appreq,5143199,721257057567840,80
basic_appreq,4824930,721257062464361,80
basic_appreq,5279488,721257067815500,80
basic_appreq,4936103,721257072823511,80
basic_appreq,5471059,721257078366317,80
basic_appreq,5251923,721257083690373,80
basic_appreq,5326914,721257089088983,80
basic_appreq,5175947,721257094337047,80
basic_appreq,5306605,721257099715626,80
basic_appreq,4972593,721257104760252,80
basic_appreq,5012079,721257109844629,80
basic_appreq,4551182,721257114467794,80
basic_appreq,5714681,721257120254303,80
basic_appreq,5386872,721257125713849,80
basic_appreq,5480531,721257131267034,80
basic_appreq,5307838,721257136646905,80
basic_appreq,6224187,721257142943562,80
basic_appreq,5504868,721257148520627,80
basic_appreq,5222896,721257153815771,80
basic_appreq,4871959,721257158759427,80
basic_appreq,5054242,721257163885722,80
basic_appreq,4874680,721257168831924,80
basic_appreq,5596105,721257174499757,80
basic_appreq,5148943,721257179720221,80
basic_appreq,5158421,721257184950840,80
basic_appreq,5183460,721257190206593,80
basic_appreq,5215604,721257195494655,80
basic_appreq,4969717,721257200535673,80
basic_appreq,5029125,721257205637637,80
basic_appreq,4948437,721257210657866,80
basic_appreq,4985373,721257215715372,80
basic_appreq,5463757,721257221250966,80
basic_appreq,4713169,721257226035721,80
basic_appreq,4315183,721257230422481,80
basic_appreq,5338079,721257235832191,80
basic_appreq,5232279,721257241161009,80
basic_appreq,5483151,721257246716243,80
basic_appreq,5351059,721257252139897,80
basic_appreq,5612333,721257257824227,80
basic_appreq,5544094,721257263440679,80
basic_appreq,4883075,721257268395892,80
basic_appreq,4639242,721257273107798,80
basic_appreq,4403864,721257277583484,80
basic_appreq,4530975,721257282185935,80
basic_appreq,4915550,721257287173157,80
basic_appreq,4485529,721257291730834,80
basic_appreq,4315383,721257296117849,80
basic_appreq,5225447,721257301415795,80
basic_appreq,5085771,721257306575478,80
basic_appreq,4742002,721257311390234,80
basic_appreq,5116127,721257316578509,80
basic_appreq,5057170,721257321707792,80
basic_appreq,5295525,721257327075566,80
basic_appreq,5175815,721257332323725,80
basic_appreq,4911656,721257337307133,80
basic_appreq,5433221,721257342813104,80
basic_appreq,5233345,721257348118015,80
basic_appreq,5248681,721257353438458,80
basic_appreq,4988315,721257358498555,80
basic_appreq,5076976,721257363648140,80
basic_appreq,4963162,721257368682773,80
basic_appreq,4695202,721257373449497,80
basic_appreq,4851050,721257378372704,80
basic_appreq,4996554,721257383441838,80
basic_appreq,4961056,721257388474685,80
basic_appreq,4885150,721257393431723,80
basic_appreq,5374489,721257398877963,80
basic_appreq,5026348,721257403975472,80
basic_appreq,4931012,721257409010476,80
basic_appreq,5236904,721257414319086,80
basic_appreq,5077973,721257419468711,80
basic_appreq,5543172,721257425101462,80
basic_appreq,5168414,721257430342104,80
basic_appreq,4843994,721257435257208,80
basic_appreq,4651470,721257439980084,80
basic_appreq,4330784,721257444409072,80
basic_appreq,4730755,721257449211329,80
basic_appreq,4694099,721257453977050,80
basic_appreq,4448081,721257458484034,80
basic_appreq,4790770,721257463330694,80
basic_appreq,4655905,721257468041888,80
basic_appreq,3929044,721257472042272,80
basic_appreq,4709956,721257476812279,80
basic_appreq,4245380,721257481113734,80
basic_appreq,4939170,721257486129032,80
basic_appreq,5164931,721257491353066,80
basic_appreq,4763019,721257496171755,80
basic_appreq,4268729,721257500495643,80
basic_appreq,3923295,721257504472923,80
basic_appreq,4537680,721257509065387,80
basic_appreq,4146900,721257513266844,80
basic_appreq,3896638,721257517218164,80
basic_appreq,4269255,721257521548923,80
basic_appreq,4693789,721257526298441,80
basic_appreq,5026118,721257531378470,80
basic_appreq,4950723,721257536383303,80
basic_appreq,4863253,721257541300427,80
basic_appreq,4444940,721257545799763,80
basic_appreq,4998077,721257550851289,80
basic_appreq,4917725,721257555823241,80
basic_appreq,4143833,721257560021121,80
basic_appreq,4069956,721257564147703,80
basic_appreq,4348545,721257568550470,80
basic_appreq,4139659,721257572744465,80
basic_appreq,4185536,721257576984262,80
basic_appreq,4723282,721257581772370,80
basic_appreq,4114671,721257585942465,80
basic_appreq,4895518,721257590891653,80
basic_appreq,4857280,721257595802618,80
basic_appreq,4546717,721257600403566,80
basic_appreq,4012282,721257604469874,80
basic_appreq,4149536,721257608673075,80
basic_appreq,4660371,721257613392955,80
basic_appreq,4964785,721257618435631,80
basic_appreq,4910038,721257623399429,80
basic_appreq,4359791,721257627812645,80
basic_appreq,4325246,721257632192122,80
basic_appreq,4510487,721257636756028,80
basic_appreq,4644845,721257641454769,80
basic_appreq,4582028,721257646090688,80
basic_appreq,4043078,721257650188103,80
basic_appreq,4135334,721257654377653,80
basic_appreq,4245811,721257658677510,80
basic_appreq,4739063,721257663470149,80
basic_appreq,4570442,721257668094476,80
basic_appreq,3692458,721257671840914,80
basic_appreq,4998884,721257676891879,80
basic_appreq,4427865,721257681373419,80
basic_appreq,4238950,721257685665899,80
basic_appreq,4435066,721257690154330,80
basic_appreq,4493066,721257694701131,80
basic_appreq,4493267,721257699248755,80
basic_appreq,4485904,721257703787928,80
basic_appreq,4444639,721257708286543,80
basic_appreq,4418573,721257712758711,80
basic_appreq,4027558,721257716840024,80
basic_appreq,4270994,721257721171579,80
basic_appreq,4176765,721257725401834,80
basic_appreq,4707365,721257730162719,80
basic_appreq,3924598,721257734141213,80
basic_appreq,4492626,721257738687804,80
basic_appreq,4705411,721257743447541,80
basic_appreq,5285166,721257748788011,80
basic_appreq,4754796,721257753597409,80
basic_appreq,5108881,721257758767863,80
basic_appreq,5086383,721257763908237,80
basic_appreq,4533426,721257768495673,80
basic_appreq,4052160,721257772602665,80
basic_appreq,4064434,721257776721891,80
basic_appreq,4404807,721257781181335,80
basic_appreq,4934990,721257786170025,80
basic_appreq,4794594,721257791019316,80
basic_appreq,3803561,721257794879865,80
basic_appreq,5578168,721257800512354,80
basic_appreq,3881733,721257804448199,80
basic_appreq,3821739,721257808324204,80
basic_appreq,4463478,721257812843567,80
basic_appreq,4613045,721257817511335,80
basic_appreq,4831885,721257822415564,80
basic_appreq,4978662,721257827471255,80
basic_appreq,4689429,721257832220343,80
basic_appreq,3827026,721257836104802,80
basic_appreq,4463463,721257840624511,80
basic_appreq,4387711,721257845067330,80
basic_appreq,4223609,721257849345211,80
basic_appreq,4951398,721257854351548,80
basic_appreq,4849842,721257859255606,80
basic_appreq,4987849,721257864297967,80
basic_appreq,4380158,721257868732327,80
basic_appreq,3855446,721257872641754,80
basic_appreq,4432005,721257877128671,80
basic_appreq,3956713,721257881140006,80
basic_appreq,4365499,721257885560343,80
basic_appreq,4311955,721257889944331,80
basic_appreq,4209988,721257894208199,80
basic_appreq,4656542,721257898920215,80
basic_appreq,4762976,721257903737557,80
basic_appreq,4358990,721257908151625,80
basic_appreq,4547633,721257912771436,80
basic_appreq,4374841,721257917217508,80
basic_appreq,5053797,721257922343062,80
basic_appreq,5380638,721257927795001,80
basic_appreq,4972528,721257932839542,80
basic_appreq,4412799,721257937323773,80
basic_appreq,4747479,721257942143069,80
basic_appreq,4782296,721257946997312,80
basic_appreq,4906515,721257951975398,80
basic_appreq,4950882,721257957022269,80
basic_appreq,4827851,721257961920023,80
basic_appreq,4862942,721257966862575,80
basic_appreq,4981424,721257971915150,80
basic_appreq,4529060,721257976565358,80
basic_appreq,5488630,721257982125163,80
basic_appreq,5045759,721257987242518,80
basic_appreq,5101172,721257992415383,80
basic_appreq,4481469,721257996968478,80
basic_appreq,5311603,721258002352585,80
basic_appreq,4458571,721258006882503,80
basic_appreq,5265073,721258012217328,80
basic_appreq,5105392,721258017394674,80
basic_appreq,5492718,721258022959215,80
basic_appreq,5168078,721258028199301,80
basic_appreq,5108059,721258033378996,80
basic_appreq,4937832,721258038387994,80
basic_appreq,5138178,721258043597589,80
basic_appreq,5321054,721258048989634,80
basic_appreq,4279724,721258053340844,80
basic_appreq,4568522,721258057980989,80
basic_appreq,4951143,721258063003994,80
basic_appreq,4286520,721258067362161,80
basic_appreq,5065094,721258072498992,80
basic_appreq,4789161,721258077359820,80
basic_appreq,4591846,721258082023644,80
basic_appreq,5134445,721258087229751,80
basic_appreq,5253553,721258092555411,80
basic_appreq,5016756,721258097643683,80
basic_appreq,5196996,721258102912020,80
basic_appreq,4969591,721258107952832,80
basic_appreq,5137742,721258113187540,80
basic_appreq,5220721,721258118480334,80
basic_appreq,5171575,721258123723011,80
basic_appreq,5174138,721258128968955,80
basic_appreq,4708704,721258133749386,80
basic_appreq,5150652,721258138971620,80
basic_appreq,5195066,721258144238228,80
basic_appreq,5755346,721258150065316,80
basic_appreq,5243659,721258155380647,80
basic_appreq,4919575,721258160371653,80
basic_appreq,4872545,721258165315719,80
basic_appreq,5041218,721258170428644,80
basic_appreq,5098596,721258175599048,80
basic_appreq,5111882,721258180783274,80
basic_appreq,4834863,721258185689833,80
basic_appreq,4594628,721258190368196,80
basic_appreq,4473255,721258194912752,80
basic_appreq,5238813,721258200222867,80
basic_appreq,4998242,721258205292490,80
basic_appreq,5093054,721258210457908,80
basic_appreq,4950432,721258215480563,80
basic_appreq,5357263,721258220910405,80
basic_appreq,5205190,721258226187537,80
basic_appreq,4942172,721258231201652,80
basic_appreq,5100131,721258236374055,80
basic_appreq,5323792,721258241769859,80
basic_appreq,4872344,721258246714567,80
basic_appreq,4696621,721258251484192,80
basic_appreq,4565461,721258256125419,80
basic_appreq,5195712,721258261393394,80
basic_appreq,5202268,721258266667420,80
basic_appreq,4957512,721258271696569,80
basic_appreq,5282134,721258277051142,80
basic_appreq,5090939,721258282214108,80
basic_appreq,4627279,721258286913480,80
basic_appreq,4938283,721258291910800,80
basic_appreq,3982107,721258295964399,80
basic_appreq,5099438,721258301155961,80
basic_appreq,4276443,721258305503820,80
basic_appreq,4506252,721258310082100,80
basic_appreq,4899984,721258315052087,80
basic_appreq,4257564,721258319381217,80
basic_appreq,4783212,721258324241855,80
basic_appreq,5037984,721258329357240,80
basic_appreq,4775710,721258334205604,80
basic_appreq,5181339,721258339459096,80
basic_appreq,5334345,721258344864767,80
basic_appreq,5044060,721258349980559,80
basic_appreq,4552530,721258354604841,80
basic_appreq,4963351,721258359646089,80
basic_appreq,4950667,721258364668598,80
basic_appreq,5230649,721258369995065,80
basic_appreq,4665398,721258374731774,80
basic_appreq,5068812,721258379872303,80
basic_appreq,4883600,721258384827996,80
basic_appreq,4771475,721258389671028,80
basic_appreq,4838186,721258394581903,80
basic_appreq,4454175,721258399106918,80
basic_appreq,5020134,721258404217027,80
basic_appreq,5140278,721258409428647,80
basic_appreq,5050630,721258414551083,80
basic_appreq,4963507,721258419586222,80
basic_appreq,5463766,721258425121234,80
basic_appreq,5071894,721258430264761,80
basic_appreq,4895850,721258435232608,80
basic_appreq,4893248,721258440197613,80
basic_appreq,4892863,721258445162223,80
basic_appreq,4727191,721258449961166,80
basic_appreq,5374168,721258455407643,80
basic_appreq,5046535,721258460526567,80
basic_appreq,5328156,721258465927166,80
basic_appreq,5008908,721258471007946,80
basic_appreq,4809238,721258475888500,80
basic_appreq,4973725,721258480936182,80
basic_appreq,4965718,721258485973607,80
basic_appreq,4533210,721258490578118,80
basic_appreq,5217127,721258495866611,80
basic_appreq,4933222,721258500871480,80
basic_appreq,5433360,721258506376658,80
basic_appreq,4960926,721258511409020,80
basic_appreq,5096246,721258516577134,80
basic_appreq,4888131,721258521537157,80
basic_appreq,5009198,721258526618423,80
basic_appreq,4945220,721258531636021,80
basic_appreq,4848274,721258536555942,80
basic_appreq,4776932,721258541404631,80
basic_appreq,4987784,721258546464227,80
basic_appreq,5004772,721258551540662,80
basic_appreq,4768864,721258556381012,80
basic_appreq,4853165,721258561306501,80
basic_appreq,4976101,721258566355501,80
basic_appreq,4803599,721258571231439,80
basic_appreq,4727257,721258576031306,80
basic_appreq,5019873,721258581124604,80
basic_appreq,4835539,721258586032813,80
basic_appreq,5438162,721258591543469,80
basic_appreq,4883475,721258596506334,80
basic_appreq,5578479,721258602156630,80
basic_appreq,5182612,721258607411054,80
basic_appreq,5031160,721258612513760,80
basic_appreq,5183374,721258617768841,80
basic_appreq,5481323,721258623323098,80
basic_appreq,5189964,721258628585972,80
basic_appreq,6199429,721258634857580,80
basic_appreq,6114943,721258641045237,80
basic_appreq,6516072,721258647633552,80
basic_appreq,6653617,721258654359768,80
basic_appreq,6947427,721258661379919,80
basic_appreq,6647482,721258668099976,80
basic_appreq,6621989,721258674794744,80
basic_appreq,6289805,721258681157012,80
basic_appreq,6110508,721258687339337,80
basic_appreq,6716589,721258694128019,80
basic_appreq,6333642,721258700533929,80
basic_appreq,6354025,721258706960327,80
basic_appreq,6568454,721258713601460,80
basic_appreq,6411619,721258720085839,80
basic_appreq,6607083,721258726766137,80
basic_appreq,6896338,721258733734994,80
basic_appreq,6704476,721258740512430,80
basic_appreq,6293835,721258746878833,80
basic_appreq,6195330,721258753146356,80
basic_appreq,6010965,721258759229861,80
basic_appreq,6586515,721258765889181,80
basic_appreq,6656374,721258772617998,80
basic_appreq,6886254,721258779577472,80
basic_appreq,6594133,721258786244380,80
basic_appreq,6261454,721258792578233,80
basic_appreq,5519020,721258798169246,80
basic_appreq,6233189,721258804497656,80
basic_appreq,5559175,721258810128477,80
basic_appreq,5324157,721258815525483,80
basic_appreq,5373196,721258820971348,80
basic_appreq,5662323,721258826707053,80
basic_appreq,6442510,721258833222328,80
basic_appreq,6117538,721258839412811,80
basic_appreq,6800735,721258846286451,80
basic_appreq,6681413,721258853040392,80
basic_appreq,6122099,721258859234865,80
basic_appreq,5750790,721258865058384,80
basic_appreq,5673570,721258870804122,80
basic_appreq,5048851,721258875925557,80
basic_appreq,4876003,721258880874104,80
basic_appreq,5143456,721258886094720,80
basic_appreq,5482540,721258891649654,80
basic_appreq,5471726,721258897193432,80
basic_appreq,6208621,721258903474191,80
basic_appreq,6588576,721258910134895,80
basic_appreq,6995788,721258917202630,80
basic_appreq,6662458,721258923937051,80
basic_appreq,5590086,721258929626463,80
basic_appreq,6146862,721258935845603,80
basic_appreq,6641975,721258942559516,80
basic_appreq,6385723,721258949017011,80
basic_appreq,5893307,721258954982426,80
basic_appreq,6602097,721258961656095,80
basic_appreq,6646245,721258968374458,80
basic_appreq,6310353,721258974757275,80
basic_appreq,5696969,721258980526497,80
basic_appreq,6439489,721258987038450,80
basic_appreq,6725174,721258993854470,80
basic_appreq,6454042,721259000380520,80
basic_appreq,5920475,721259006373018,80
basic_appreq,6408917,721259012854640,80
basic_appreq,6482283,721259019409046,80
basic_appreq,7176234,721259026657598,80
basic_appreq,6697956,721259033427080,80
basic_appreq,6355383,721259039854370,80
basic_appreq,6225611,721259046152294,80
basic_appreq,7746587,721259053970869,80
basic_appreq,6541801,721259060584914,80
basic_appreq,6033964,721259066692018,80
basic_appreq,5825254,721259072589981,80
basic_appreq,6087810,721259078749944,80
basic_appreq,6082808,721259084904764,80
basic_appreq,6141214,721259091118091,80
basic_appreq,6625522,721259098177333,80
basic_appreq,6009603,721259104258272,80
basic_appreq,6171791,721259110503092,80
basic_appreq,5922655,721259116497158,80
basic_appreq,5481343,721259122050694,80
basic_appreq,5192089,721259127315352,80
basic_appreq,5477890,721259132865164,80
basic_appreq,5151129,721259138088526,80
basic_appreq,5416056,721259143575873,80
basic_appreq,5143787,721259148791758,80
basic_appreq,5132936,721259153996586,80
basic_appreq,5021006,721259159090732,80
basic_appreq,5484756,721259164647220,80
basic_appreq,5184180,721259169903493,80
basic_appreq,5772962,721259175748067,80
basic_appreq,6399345,721259182219810,80
basic_appreq,6362319,721259188654198,80
basic_appreq,6933354,721259195659829,80
basic_appreq,6869665,721259202601632,80
basic_appreq,6483898,721259209157637,80
basic_appreq,7302980,721259216533155,80
basic_appreq,6457982,721259223067720,80
basic_appreq,5554884,721259228694025,80
basic_appreq,5405531,721259234171223,80
basic_appreq,4781393,721259239024383,80
basic_appreq,4554941,721259243651287,80
basic_appreq,5316283,721259249039938,80
basic_appreq,5233321,721259254346083,80
basic_appreq,5032267,721259259449911,80
basic_appreq,5209705,721259264731860,80
basic_appreq,5195788,721259269999951,80
basic_appreq,5269584,721259275365704,80
basic_appreq,4820659,721259280257910,80
basic_appreq,5060413,721259285389825,80
basic_appreq,4774897,721259290237111,80
basic_appreq,5063896,721259295372954,80
basic_appreq,6023525,721259301468291,80
basic_appreq,6343700,721259307883643,80
basic_appreq,5942807,721259313898248,80
basic_appreq,5836029,721259319806409,80
basic_appreq,6465695,721259326344693,80
basic_appreq,6276137,721259332692502,80
basic_appreq,5722034,721259338486298,80
basic_appreq,6436662,721259344995063,80
basic_appreq,6814141,721259351881226,80
basic_appreq,6995833,721259358949374,80
basic_appreq,6662744,721259365684155,80
basic_appreq,6854836,721259372611078,80
basic_appreq,6982864,721259379666251,80
basic_appreq,6332389,721259386070742,80
basic_appreq,6893531,721259393035945,80
basic_appreq,6743511,721259399851564,80
basic_appreq,6456994,721259406380551,80
basic_appreq,5784664,721259412236646,80
basic_appreq,5596416,721259417905095,80
basic_appreq,4859009,721259422835775,80
basic_appreq,7246994,721259430154165,80
basic_appreq,7327326,721259437553378,80
basic_appreq,7373203,721259444998985,80
basic_appreq,6351814,721259451423067,80
basic_appreq,6576563,721259458071382,80
basic_appreq,6440470,721259464584296,80
basic_appreq,6155753,721259470812032,80
basic_appreq,6590109,721259477473938,80
basic_appreq,6639365,721259484185967,80
basic_appreq,6633510,721259490891710,80
basic_appreq,6217061,721259497180628,80
basic_appreq,6363115,721259503615776,80
basic_appreq,7351527,721259511039272,80
basic_appreq,6855317,721259517966841,80
basic_appreq,6898668,721259524937742,80
basic_appreq,6799356,721259531809252,80
basic_appreq,6719846,721259538601537,80
basic_appreq,5846849,721259544520568,80
basic_appreq,6932647,721259551524927,80
basic_appreq,6914535,721259558511144,80
basic_appreq,4798744,721259563381820,80
basic_appreq,5025466,721259568479278,80
basic_appreq,4822048,721259573372727,80
basic_appreq,5209495,721259578654064,80
basic_appreq,4642449,721259583367819,80
basic_appreq,4501026,721259587940622,80
basic_appreq,4847125,721259592885660,80
basic_appreq,5157304,721259598114916,80
basic_appreq,5292173,721259603478926,80
basic_appreq,5904502,721259609455752,80
basic_appreq,5096226,721259614645240,80
basic_appreq,5100595,721259619817959,80
basic_appreq,5891528,721259625781514,80
basic_appreq,5901431,721259631755269,80
basic_appreq,6676084,721259638503611,80
basic_appreq,5416382,721259643991269,80
basic_appreq,5243944,721259649329232,80
basic_appreq,4885300,721259654286279,80
basic_appreq,4961924,721259659320316,80
basic_appreq,4903226,721259664295103,80
basic_appreq,5323295,721259669690356,80
basic_appreq,5555805,721259675317934,80
basic_appreq,5788012,721259681177738,80
basic_appreq,5857248,721259687107440,80
basic_appreq,5559981,721259692739919,80
basic_appreq,5466568,721259698278239,80
basic_appreq,5387604,721259703737786,80
basic_appreq,5606003,721259709416368,80
basic_appreq,5345170,721259714833827,80
basic_appreq,5669561,721259720574934,80
basic_appreq,5742662,721259726389418,80
basic_appreq,5457838,721259731919338,80
basic_appreq,4990485,721259736981680,80
basic_appreq,5300241,721259742376667,80
basic_appreq,5520855,721259747969218,80
basic_appreq,5313482,721259753378884,80
basic_appreq,5147294,721259758597781,80
basic_appreq,6007192,721259764677532,80
basic_appreq,6555233,721259771304948,80
basic_appreq,5851765,721259777228650,80
basic_appreq,6070204,721259783371719,80
basic_appreq,5919187,721259789361024,80
basic_appreq,5038532,721259794479562,80
basic_appreq,5207680,721259799746510,80
basic_appreq,5743904,721259805546691,80
basic_appreq,6365616,721259811982991,80
basic_appreq,5756734,721259817834266,80
basic_appreq,5579607,721259823484547,80
basic_appreq,5295068,721259828859281,80
basic_appreq,5014481,721259833934112,80
basic_appreq,5149990,721259839140600,80
basic_appreq,5799328,721259845011494,80
basic_appreq,6403274,721259851475135,80
basic_appreq,5162234,721259856707532,80
basic_appreq,5075352,721259861840885,80
basic_appreq,4687625,721259866585206,80
basic_appreq,4957078,721259871600188,80
basic_appreq,4838707,721259876494078,80
basic_appreq,4144735,721259880694032,80
basic_appreq,4235197,721259884984737,80
basic_appreq,4380083,721259889419278,80
basic_appreq,4705661,721259894179717,80
basic_appreq,4848474,721259899082262,80
basic_appreq,4073465,721259903210384,80
basic_appreq,3786932,721259907052223,80
basic_appreq,4100688,721259911207118,80
basic_appreq,3825848,721259915087623,80
basic_appreq,4728009,721259919869768,80
basic_appreq,5658289,721259925582434,80
basic_appreq,5116078,721259930761458,80
basic_appreq,4590478,721259935412061,80
basic_appreq,4596051,721259940062268,80
basic_appreq,5257362,721259945374653,80
basic_appreq,5168640,721259950597754,80
basic_appreq,6104002,721259956756303,80
basic_appreq,5054264,721259961863956,80
basic_appreq,5075277,721259966993224,80
basic_appreq,5583490,721259972631272,80
basic_appreq,5352964,721259978039098,80
basic_appreq,5577176,721259983686151,80
basic_appreq,5171476,721259988927771,80
basic_appreq,5332516,721259994319805,80
basic_appreq,6025048,721260000415107,80
basic_appreq,6937148,721260007411608,80
basic_appreq,6233974,721260013717496,80
basic_appreq,5111141,721260018900649,80
basic_appreq,4680197,721260023650152,80
basic_appreq,4379077,721260028086587,80
basic_appreq,4910609,721260033061741,80
basic_appreq,4472047,721260037589869,80
basic_appreq,4689329,721260042334031,80
basic_appreq,4468585,721260046856967,80
basic_appreq,6130043,721260053042714,80
basic_appreq,6526993,721260059624424,80
basic_appreq,6654564,721260066352004,80
basic_appreq,7115368,721260073539093,80
basic_appreq,6118982,721260079730032,80
basic_appreq,6170728,721260085971320,80
basic_appreq,5725953,721260091754816,80
basic_appreq,6390093,721260098200980,80
basic_appreq,5420391,721260103677712,80
basic_appreq,4983534,721260108715417,80
basic_appreq,4485804,721260113255523,80
basic_appreq,4713536,721260118023585,80
basic_appreq,5721872,721260123801808,80
basic_appreq,5282295,721260129138665,80
basic_appreq,5948971,721260135142389,80
basic_appreq,4533025,721260139729710,80
basic_appreq,6509020,721260146292475,80
basic_appreq,7354760,721260153702028,80
basic_appreq,7278091,721260161052542,80
basic_appreq,6124184,721260167271828,80
basic_appreq,5643299,721260172987376,80
basic_appreq,12545115,721260185649062,80
basic_appreq,5038152,721260190758860,80
basic_appreq,4286592,721260195074654,80
basic_appreq,4778831,721260199924085,80
basic_appreq,4494686,721260204488833,80
basic_appreq,4913035,721260209461767,80
basic_appreq,4457443,721260213988717,80
basic_appreq,5244507,721260219290598,80
basic_appreq,4762644,721260224109363,80
basic_appreq,5100506,721260229278187,80
basic_appreq,4818800,721260234152522,80
basic_appreq,4305505,721260238512829,80
basic_appreq,4825115,721260243410357,80
basic_appreq,4661810,721260248142245,80
basic_appreq,4238068,721260252440824,80
basic_appreq,4790804,721260257307590,80
basic_appreq,5545202,721260262925030,80
basic_appreq,4706653,721260267704187,80
basic_appreq,5440548,721260273217495,80
basic_appreq,5085321,721260278375820,80
basic_appreq,4845462,721260283314043,80
basic_appreq,4978638,721260288365109,80
basic_appreq,4879647,721260293318036,80
basic_appreq,5264488,721260298654421,80
basic_appreq,4888257,721260303615458,80
basic_appreq,5469650,721260309157482,80
basic_appreq,5152757,721260314382457,80
basic_appreq,5004262,721260319459143,80
basic_appreq,5084623,721260324616781,80
basic_appreq,4931227,721260329620723,80
basic_appreq,5136003,721260334829946,80
basic_appreq,5210828,721260340113679,80
basic_appreq,5815983,721260346002626,80
basic_appreq,5223822,721260351299399,80
basic_appreq,4923890,721260356295547,80
basic_appreq,4966389,721260361335156,80
basic_appreq,5098186,721260366506306,80
basic_appreq,5071519,721260371650734,80
basic_appreq,5162882,721260376886295,80
basic_appreq,5319906,721260382278785,80
basic_appreq,151385824,721260533737308,80
basic_appreq,6769927,721260540580155,80
basic_appreq,5506317,721260546159211,80
basic_appreq,5745858,721260551977237,80
basic_appreq,5478381,721260557553035,80
basic_appreq,6307412,721260563933697,80
basic_appreq,5997013,721260570029630,80
basic_appreq,6823960,721260576926524,80
basic_appreq,6110252,721260583109710,80
basic_appreq,6503843,721260589686449,80
basic_appreq,7054741,721260596813964,80
basic_appreq,7085899,721260603972607,80
basic_appreq,6495328,721260610571436,80
basic_appreq,6080734,721260616725350,80
basic_appreq,5949422,721260622748113,80
basic_appreq,5368475,721260628189212,80
basic_appreq,6753320,721260635015973,80
basic_appreq,6655811,721260641743898,80
basic_appreq,6712851,721260648529287,80
basic_appreq,7104141,721260655705716,80
basic_appreq,6281400,721260662059611,80
basic_appreq,6307596,721260668440373,80
basic_appreq,7141683,721260675654609,80
basic_appreq,8540686,721260684267624,80
basic_appreq,6895565,721260691235438,80
basic_appreq,6438181,721260697746528,80
basic_appreq,7189335,721260705008482,80
basic_appreq,7162401,721260712243297,80
basic_appreq,6855728,721260719172271,80
basic_appreq,6252674,721260725497664,80
basic_appreq,6124094,721260731694377,80
basic_appreq,6461234,721260738228240,80
basic_appreq,6840969,721260745141637,80
basic_appreq,7148549,721260752363111,80
basic_appreq,6723199,721260759158814,80
basic_appreq,6704811,721260765935934,80
basic_appreq,6971518,721260773002829,80
basic_appreq,6598764,721260779673721,80
basic_appreq,6262872,721260786009037,80
basic_appreq,6412596,721260792493810,80
basic_appreq,7333676,721260799900151,80
basic_appreq,7076387,721260807049191,80
basic_appreq,6530335,721260813652311,80
basic_appreq,6646160,721260820370603,80
basic_appreq,6668838,721260827111895,80
basic_appreq,6682088,721260833866682,80
basic_appreq,5463766,721260839401143,80
basic_appreq,5399884,721260844872954,80
basic_appreq,5612168,721260850557911,80
basic_appreq,5297830,721260855928310,80
basic_appreq,5868278,721260861868821,80
basic_appreq,6786446,721260868727587,80
basic_appreq,6675412,721260875475252,80
basic_appreq,6765889,721260882313355,80
basic_appreq,6159146,721260888545159,80
basic_appreq,5582364,721260894200337,80
basic_appreq,6180747,721260900453978,80
basic_appreq,5589885,721260906116126,80
basic_appreq,6159562,721260912348753,80
basic_appreq,6256437,721260918678421,80
basic_appreq,6109486,721260924860731,80
basic_appreq,5415840,721260930349225,80
basic_appreq,6164554,721260936604219,80
basic_appreq,5358141,721260942034984,80
basic_appreq,5238056,721260947346145,80
basic_appreq,5291265,721260952709468,80
basic_appreq,5452480,721260958234662,80
basic_appreq,5095861,721260963403137,80
basic_appreq,5797699,721260969273876,80
basic_appreq,5290909,721260974638171,80
basic_appreq,5176924,721260979892455,80
basic_appreq,5370279,721260985335303,80
basic_appreq,4862306,721260990270579,80
basic_appreq,4954160,721260995297178,80
basic_appreq,5092838,721261000461954,80
basic_appreq,5060292,721261005596529,80
basic_appreq,5074586,721261010743082,80
basic_appreq,5185834,721261016023066,80
basic_appreq,5086794,721261021184308,80
basic_appreq,5038522,721261026295334,80
basic_appreq,5049702,721261031418512,80
basic_appreq,4967361,721261036457751,80
basic_appreq,4712693,721261041242752,80
basic_appreq,4499406,721261045814120,80
basic_appreq,5439235,721261051325133,80
basic_appreq,4676925,721261056073484,80
basic_appreq,4811377,721261060957375,80
basic_appreq,5095525,721261066124947,80
basic_appreq,4974558,721261071171974,80
basic_appreq,5087866,721261076331737,80
basic_appreq,5368696,721261081772696,80
basic_appreq,5005084,721261086849747,80
basic_appreq,5128295,721261092050086,80
basic_appreq,5125228,721261097248043,80
basic_appreq,4955678,721261102275659,80
basic_appreq,5192916,721261107540759,80
basic_appreq,5290022,721261112903205,80
basic_appreq,5284203,721261118259721,80
basic_appreq,5007290,721261123339810,80
basic_appreq,5046294,721261128458297,80
basic_appreq,5310395,721261133840695,80
basic_appreq,4901012,721261138814822,80
basic_appreq,4674619,721261143561112,80
basic_appreq,5119967,721261148753382,80
basic_appreq,4298018,721261153123397,80
basic_appreq,5014175,721261158210141,80
basic_appreq,5093374,721261163375338,80
basic_appreq,5229055,721261168678471,80
basic_appreq,5614607,721261174365732,80
basic_appreq,5479584,721261179917028,80
basic_appreq,5150296,721261185139823,80
basic_appreq,4929282,721261190142136,80
basic_appreq,5727376,721261195942607,80
basic_appreq,5765238,721261201804761,80
basic_appreq,5840489,721261207739645,80
basic_appreq,5608989,721261213421028,80
basic_appreq,5611877,721261219104982,80
basic_appreq,4974002,721261224150155,80
basic_appreq,5026227,721261229248550,80
basic_appreq,5193403,721261234521904,80
basic_appreq,4995852,721261239589287,80
basic_appreq,5341042,721261245002667,80
basic_appreq,5273373,721261250360803,80
basic_appreq,5154511,721261255587893,80
basic_appreq,5296036,721261260956017,80
basic_appreq,5150277,721261266179229,80
basic_appreq,5210547,721261271461673,80
basic_appreq,4748642,721261276281912,80
basic_appreq,5226675,721261281580494,80
basic_appreq,5158255,721261286811398,80
basic_appreq,4947886,721261291831532,80
basic_appreq,5224368,721261297127929,80
basic_appreq,5591570,721261302791957,80
basic_appreq,4582019,721261307445894,80
basic_appreq,4789962,721261312308044,80
basic_appreq,4791472,721261317171829,80
basic_appreq,5023171,721261322267704,80
basic_appreq,4854378,721261327194901,80
basic_appreq,4541290,721261331808188,80
basic_appreq,5225026,721261337105843,80
basic_appreq,5689797,721261342868691,80
basic_appreq,5215684,721261348156167,80
basic_appreq,5317346,721261353546328,80
basic_appreq,6342733,721261359961685,80
basic_appreq,6797397,721261366858103,80
basic_appreq,6951274,721261373882087,80
basic_appreq,7107129,721261381061819,80
basic_appreq,6344021,721261387479918,80
basic_appreq,6523880,721261394076081,80
basic_appreq,6954347,721261401103002,80
basic_appreq,6303287,721261407478968,80
basic_appreq,6662838,721261414214666,80
basic_appreq,6140237,721261420427828,80
basic_appreq,7742407,721261428242112,80
basic_appreq,7632968,721261435947173,80
basic_appreq,6841263,721261442886449,80
basic_appreq,7017636,721261449976809,80
basic_appreq,6653562,721261456702694,80
basic_appreq,6693350,721261463468643,80
basic_appreq,7330990,721261470872146,80
basic_appreq,6895961,721261477840697,80
basic_appreq,6587618,721261484501009,80
basic_appreq,7048773,721261491622155,80
basic_appreq,7280692,721261498975005,80
basic_appreq,7109354,721261506156667,80
basic_appreq,6762515,721261513009312,80
basic_appreq,6986643,721261520068729,80
basic_appreq,6765849,721261526907653,80
basic_appreq,6625196,721261533605508,80
basic_appreq,6741807,721261540419403,80
basic_appreq,6956157,721261547447904,80
basic_appreq,8883234,721261556403551,80
basic_appreq,7308932,721261563785168,80
basic_appreq,6856990,721261570714372,80
basic_appreq,6943773,721261577730673,80
basic_appreq,6569732,721261584373199,80
basic_appreq,7157922,721261591603745,80
basic_appreq,5667370,721261597341409,80
basic_appreq,4509305,721261601924556,80
basic_appreq,5148232,721261607145276,80
basic_appreq,4968162,721261612184219,80
basic_appreq,4846836,721261617112023,80
basic_appreq,4492004,721261621676551,80
basic_appreq,4669733,721261626406298,80
basic_appreq,4071059,721261630533403,80
basic_appreq,4994318,721261635583441,80
basic_appreq,5151650,721261640805690,80
basic_appreq,5654517,721261646532901,80
basic_appreq,5344594,721261651950164,80
basic_appreq,5037390,721261657085872,80
basic_appreq,5264162,721261662422031,80
basic_appreq,4960675,721261667454709,80
basic_appreq,5163969,721261672715569,80
basic_appreq,6076052,721261678863884,80
basic_appreq,5612002,721261684547553,80
basic_appreq,6321674,721261690941405,80
basic_appreq,6388154,721261697401557,80
basic_appreq,6999222,721261704473047,80
basic_appreq,6909198,721261711454748,80
basic_appreq,6872276,721261718399408,80
basic_appreq,6662163,721261725133613,80
basic_appreq,6452433,721261731658611,80
basic_appreq,6430763,721261738162213,80
basic_appreq,5961471,721261744196779,80
basic_appreq,5835843,721261750104770,80
basic_appreq,5961516,721261756138629,80
basic_appreq,5394174,721261761605372,80
basic_appreq,5083476,721261766762019,80
basic_appreq,5429628,721261772263850,80
basic_appreq,5799343,721261778135270,80
basic_appreq,5308420,721261783516260,80
basic_appreq,4862741,721261788451676,80
basic_appreq,5214832,721261793738791,80
basic_appreq,5819315,721261799630069,80
basic_appreq,5911765,721261805614367,80
basic_appreq,5759305,721261811444708,80
basic_appreq,6259289,721261817762954,80
basic_appreq,5711845,721261823530779,80
basic_appreq,5044053,721261828629094,80
basic_appreq,6358931,721261835059807,80
basic_appreq,6849307,721261841981900,80
basic_appreq,6100489,721261848154682,80
basic_appreq,5663252,721261853890337,80
basic_appreq,5997052,721261859959914,80
basic_appreq,6180381,721261866236589,80
basic_appreq,6304264,721261872613767,80
basic_appreq,6546738,721261879232488,80
basic_appreq,6433711,721261885739098,80
basic_appreq,6430627,721261892243197,80
basic_appreq,7227609,721261899543691,80
basic_appreq,6177217,721261905793392,80
basic_appreq,7399058,721261913265605,80
basic_appreq,6549153,721261919888240,80
basic_appreq,7572798,721261927534278,80
basic_appreq,8253933,721261935861181,80
basic_appreq,7050576,721261942984923,80
basic_appreq,6889105,721261949946808,80
basic_appreq,6858048,721261956878261,80
basic_appreq,6893791,721261963844692,80
basic_appreq,6352431,721261970269863,80
basic_appreq,6049570,721261976391355,80
basic_appreq,5566391,721261982029939,80
basic_appreq,5038516,721261987140614,80
basic_appreq,4893243,721261992105900,80
basic_appreq,5249232,721261997427461,80
basic_appreq,5088648,721262002588171,80
basic_appreq,4835189,721262007495588,80
basic_appreq,4602347,721262012169616,80
basic_appreq,4349943,721262016591832,80
basic_appreq,4844009,721262021508405,80
basic_appreq,4985930,721262026566738,80
basic_appreq,4828637,721262031467488,80
basic_appreq,5101518,721262036641526,80
basic_appreq,6175027,721262042888922,80
basic_appreq,4977981,721262047938684,80
basic_appreq,6252623,721262054291582,80
basic_appreq,5613901,721262059977981,80
basic_appreq,5465571,721262065538774,80
basic_appreq,4924196,721262070534862,80
basic_appreq,5189183,721262075796538,80
basic_appreq,5040582,721262080909453,80
basic_appreq,5042090,721262086023746,80
basic_appreq,5406198,721262091502292,80
basic_appreq,5584638,721262097161269,80
basic_appreq,4837358,721262102070574,80
basic_appreq,5197217,721262107340144,80
basic_appreq,6115794,721262113528632,80
basic_appreq,5458650,721262119077773,80
basic_appreq,6270165,721262125419805,80
basic_appreq,6369360,721262131862070,80
basic_appreq,6689110,721262138647219,80
basic_appreq,6434847,721262145155046,80
basic_appreq,6977241,721262152204670,80
basic_appreq,6787068,721262159063926,80
basic_appreq,6441328,721262165577798,80
basic_appreq,6857311,721262172507337,80
basic_appreq,6968129,721262179547991,80
basic_appreq,5900955,721262185521314,80
basic_appreq,7127681,721262192722065,80
basic_appreq,6810421,721262199605096,80
basic_appreq,6575851,721262206253626,80
basic_appreq,6900573,721262213226778,80
basic_appreq,6372848,721262219672185,80
basic_appreq,6590811,721262226335770,80
basic_appreq,7169257,721262233577808,80
basic_appreq,6515756,721262240166132,80
basic_appreq,6655908,721262246895151,80
basic_appreq,5294041,721262252261640,80
basic_appreq,5095063,721262257429203,80
basic_appreq,5151479,721262262652680,80
basic_appreq,4853355,721262267578764,80
basic_appreq,5150598,721262272801200,80
basic_appreq,5170955,721262278044638,80
basic_appreq,5365638,721262283482845,80
basic_appreq,5213314,721262288766668,80
basic_appreq,4888486,721262293727133,80
basic_appreq,6068871,721262299868061,80
basic_appreq,6576011,721262306516095,80
basic_appreq,7222487,721262313810966,80
basic_appreq,7189856,721262321073380,80
basic_appreq,7383703,721262328529461,80
basic_appreq,7306541,721262335908577,80
basic_appreq,5689678,721262341671070,80
basic_appreq,5927897,721262347672192,80
basic_appreq,6037889,721262353782564,80
basic_appreq,6804719,721262360660239,80
basic_appreq,6121392,721262366853914,80
basic_appreq,7206364,721262374132632,80
basic_appreq,6283620,721262380489598,80
basic_appreq,6783154,721262387345011,80
basic_appreq,5477162,721262392894767,80
basic_appreq,6027294,721262398994766,80
basic_appreq,5207745,721262404274294,80
basic_appreq,5216987,721262409564215,80
basic_appreq,5079302,721262414716286,80
basic_appreq,5072084,721262419861015,80
basic_appreq,5960338,721262425894032,80
basic_appreq,5935399,721262431902076,80
basic_appreq,4803931,721262436778921,80
basic_appreq,5174448,721262442031973,80
basic_appreq,4998974,721262447103756,80
basic_appreq,5197943,721262452373296,80
basic_appreq,5152818,721262457598402,80
basic_appreq,5255160,721262462925751,80
basic_appreq,4955268,721262467953362,80
basic_appreq,4833760,721262472886729,80
basic_appreq,5064537,721262478023509,80
basic_appreq,5015503,721262483111100,80
basic_appreq,4763611,721262487946754,80
basic_appreq,4921490,721262492970296,80
basic_appreq,4731722,721262497773675,80
basic_appreq,5073769,721262502923511,80
basic_appreq,5158807,721262508155613,80
basic_appreq,4810591,721262513038989,80
basic_appreq,5195437,721262518307385,80
basic_appreq,6063929,721262524444330,80
basic_appreq,5560351,721262530076713,80
basic_appreq,5398054,721262535547301,80
basic_appreq,5520709,721262541140946,80
basic_appreq,5274410,721262546487735,80
basic_appreq,5745869,721262552305496,80
basic_appreq,5220270,721262557597733,80
basic_appreq,5121485,721262562791251,80
basic_appreq,4747143,721262567611579,80
basic_appreq,5109611,721262572790923,80
basic_appreq,4899468,721262577768563,80
basic_appreq,5062503,721262582903585,80
basic_appreq,4997330,721262587974045,80
basic_appreq,4806602,721262592907613,80
basic_appreq,4821732,721262597807662,80
basic_appreq,5467054,721262603346804,80
basic_appreq,5233917,721262608652518,80
basic_appreq,5229711,721262613954854,80
basic_appreq,4906384,721262618933636,80
basic_appreq,4982812,721262623988185,80
basic_appreq,5115320,721262629199589,80
basic_appreq,5285703,721262634557800,80
basic_appreq,5067379,721262639697443,80
basic_appreq,5170564,721262644941016,80
basic_appreq,4992094,721262650005533,80
basic_appreq,4889239,721262654966995,80
basic_appreq,5127488,721262660167745,80
basic_appreq,5104239,721262665344749,80
basic_appreq,4990564,721262670407922,80
basic_appreq,5368230,721262675848365,80
basic_appreq,4748256,721262680669877,80
basic_appreq,5072545,721262685814600,80
basic_appreq,5254755,721262691142260,80
basic_appreq,4993000,721262696207649,80
basic_appreq,5348338,721262701646393,80
basic_appreq,5530858,721262707249749,80
basic_appreq,5092748,721262712415497,80
basic_appreq,5396756,721262717884236,80
basic_appreq,4955999,721262722912298,80
basic_appreq,5062763,721262728046948,80
basic_appreq,5609982,721262733729594,80
basic_appreq,4677982,721262738480566,80
basic_appreq,4536458,721262743088846,80
basic_appreq,4884233,721262748051306,80
basic_appreq,4299345,721262752423020,80
basic_appreq,4954056,721262757449679,80
basic_appreq,5347336,721262762869042,80
basic_appreq,4717179,721262767658609,80
basic_appreq,5179310,721262772910387,80
basic_appreq,5216185,721262778198645,80
basic_appreq,5141161,721262783412129,80
basic_appreq,4751534,721262788235901,80
basic_appreq,4766658,721262793074371,80
basic_appreq,5738597,721262798885276,80
basic_appreq,5397949,721262804354637,80
basic_appreq,5099232,721262809537484,80
basic_appreq,5337473,721262814947295,80
basic_appreq,4819285,721262819839074,80
basic_appreq,5231411,721262825140599,80
basic_appreq,5486445,721262830698690,80
basic_appreq,4892657,721262835663495,80
basic_appreq,5856401,721262841591803,80
basic_appreq,5034713,721262846698719,80
basic_appreq,4561912,721262851331967,80
basic_appreq,5088594,721262856492904,80
basic_appreq,4869618,721262861434369,80
basic_appreq,5144167,721262866650990,80
basic_appreq,5214652,721262871938292,80
basic_appreq,5667771,721262877701705,80
basic_appreq,4898977,721262882672610,80
basic_appreq,5426551,721262888171238,80
basic_appreq,6000747,721262894244789,80
basic_appreq,6996957,721262901313984,80
basic_appreq,5654060,721262907040237,80
basic_appreq,6084086,721262913196080,80
basic_appreq,5857729,721262919126643,80
basic_appreq,6577159,721262925776312,80
basic_appreq,6884956,721262932733090,80
basic_appreq,6896628,721262939702236,80
basic_appreq,6604096,721262946379078,80
basic_appreq,6398183,721262952849443,80
basic_appreq,6564288,721262959486622,80
basic_appreq,6259355,721262965818620,80
basic_appreq,5816869,721262971707351,80
basic_appreq,5133087,721262976912657,80
basic_appreq,5185704,721262982170869,80
basic_appreq,5227486,721262987470715,80
basic_appreq,5160029,721262992703107,80
basic_appreq,4905477,721262997680662,80
basic_appreq,5065369,721263002817809,80
basic_appreq,5373291,721263008262751,80
basic_appreq,5514871,721263013872302,80
basic_appreq,4965807,721263018910172,80
basic_appreq,5496318,721263024478392,80
basic_appreq,5233631,721263029783369,80
basic_appreq,5049096,721263034904683,80
basic_appreq,5117571,721263040094893,80
basic_appreq,5461982,721263045629305,80
basic_appreq,5710285,721263051411427,80
basic_appreq,6208506,721263057691906,80
basic_appreq,6175925,721263063940600,80
basic_appreq,5356116,721263069398162,80
basic_appreq,5311246,721263074782003,80
basic_appreq,5535689,721263080389595,80
basic_appreq,4928992,721263085390724,80
basic_appreq,5124010,721263090586081,80
basic_appreq,5152342,721263095809874,80
basic_appreq,5527690,721263101409762,80
basic_appreq,5122021,721263106603806,80
basic_appreq,5400525,721263112076208,80
basic_appreq,5907970,721263118057078,80
basic_appreq,5820332,721263123949383,80
basic_appreq,5955105,721263130004015,80
basic_appreq,5366456,721263135442799,80
basic_appreq,5120643,721263140635500,80
basic_appreq,4950100,721263145657057,80
basic_appreq,5553200,721263151281698,80
basic_appreq,5258364,721263156611769,80
basic_appreq,4934710,721263161618541,80
basic_appreq,5274361,721263166964389,80
basic_appreq,4894175,721263171930747,80
basic_appreq,6833090,721263178864136,80
basic_appreq,5877285,721263184813819,80
basic_appreq,5998722,721263190886824,80
basic_appreq,6454434,721263197413561,80
basic_appreq,6096700,721263203582384,80
basic_appreq,7330533,721263210985501,80
basic_appreq,6242014,721263217300280,80
basic_appreq,4584449,721263221956882,80
basic_appreq,5196259,721263227224041,80
basic_appreq,5230533,721263232527705,80
basic_appreq,5098311,721263237697697,80
basic_appreq,5256404,721263243026284,80
basic_appreq,4956115,721263248054287,80
basic_appreq,4922661,721263253049707,80
basic_appreq,4967657,721263258088700,80
basic_appreq,5259350,721263263419652,80
basic_appreq,4815191,721263268324398,80
basic_appreq,5228083,721263273624313,80
basic_appreq,5123479,721263278819499,80
basic_appreq,5025391,721263283916557,80
basic_appreq,4732905,721263288721064,80
basic_appreq,5132274,721263293926068,80
basic_appreq,5504527,721263299502653,80
basic_appreq,6262532,721263305837372,80
basic_appreq,5443640,721263311352288,80
basic_appreq,5813587,721263317237897,80
basic_appreq,5896494,721263323206569,80
basic_appreq,5649965,721263328928667,80
basic_appreq,5820427,721263334821513,80
basic_appreq,5659468,721263340552522,80
basic_appreq,5864820,721263346489225,80
basic_appreq,6302916,721263352864098,80
basic_appreq,6265378,721263359201790,80
basic_appreq,5461661,721263364735794,80
basic_appreq,6456474,721263371264331,80
basic_appreq,6065508,721263377402298,80
basic_appreq,7146389,721263384620920,80
basic_appreq,5320107,721263390012964,80
basic_appreq,5726900,721263395811155,80
basic_appreq,5346999,721263401230603,80
basic_appreq,5316013,721263406618478,80
basic_appreq,5475885,721263412166647,80
basic_appreq,5217458,721263417456082,80
basic_appreq,5046626,721263422574510,80
basic_appreq,6639835,721263429287540,80
basic_appreq,5963501,721263435322893,80
basic_appreq,5882286,721263441277372,80
basic_appreq,6277506,721263447627332,80
basic_appreq,6256588,721263453978942,80
basic_appreq,6332193,721263460383013,80
basic_appreq,6161501,721263466616932,80
basic_appreq,7209006,721263473898677,80
basic_appreq,6798374,721263480769685,80
basic_appreq,6721104,721263487562878,80
basic_appreq,6658232,721263494293163,80
basic_appreq,6753420,721263501118666,80
basic_appreq,7122699,721263508313357,80
basic_appreq,6996987,721263515382547,80
basic_appreq,7086635,721263522541225,80
basic_appreq,6915893,721263529528976,80
basic_appreq,6910760,721263536512020,80
basic_appreq,6785735,721263543370368,80
basic_appreq,7775971,721263551218687,80
basic_appreq,7438825,721263558730056,80
basic_appreq,7125566,721263565927690,80
basic_appreq,6975863,721263572976262,80
basic_appreq,5350028,721263578398292,80
basic_appreq,4929652,721263583399346,80
basic_appreq,4473742,721263587944303,80
basic_appreq,5249403,721263593289148,80
basic_appreq,5550774,721263598911800,80
basic_appreq,5097499,721263604080855,80
basic_appreq,5159142,721263609312878,80
basic_appreq,4608701,721263613992809,80
basic_appreq,5440578,721263619505430,80
basic_appreq,5495841,721263625074452,80
basic_appreq,5952574,721263631099480,80
basic_appreq,6524627,721263637696671,80
basic_appreq,6193942,721263643963091,80
basic_appreq,6383444,721263650443460,80
basic_appreq,6719696,721263657235539,80
basic_appreq,6792526,721263664100749,80
basic_appreq,6515179,721263670688428,80
basic_appreq,6531227,721263677292033,80
basic_appreq,5547608,721263682912270,80
basic_appreq,4867629,721263687851570,80
basic_appreq,4854939,721263692779088,80
basic_appreq,5432449,721263698283099,80
basic_appreq,5024418,721263703379746,80
basic_appreq,4886432,721263708337740,80
basic_appreq,5225507,721263713634783,80
basic_appreq,5546264,721263719254257,80
basic_appreq,4899779,721263724225903,80
basic_appreq,4406501,721263728703800,80
basic_appreq,5054589,721263733830020,80
basic_appreq,4794123,721263738695599,80
basic_appreq,5072971,721263743840794,80
basic_appreq,5243163,721263749156120,80
basic_appreq,5509292,721263754737601,80
basic_appreq,5510430,721263760319974,80
basic_appreq,5006146,721263765398088,80
basic_appreq,4780726,721263770251639,80
basic_appreq,5115742,721263775440029,80
basic_appreq,4566317,721263780078459,80
basic_appreq,4720155,721263784872100,80
basic_appreq,4826643,721263789769734,80
basic_appreq,4587136,721263794413848,80
basic_appreq,5340123,721263799808393,80
basic_appreq,4514783,721263804377256,80
basic_appreq,3999077,721263808430920,80
basic_appreq,4050736,721263812536142,80
basic_appreq,4369865,721263816960239,80
basic_appreq,4400637,721263821415868,80
basic_appreq,4241772,721263825727949,80
basic_appreq,4948928,721263830735202,80
basic_appreq,4126945,721263834919570,80
basic_appreq,4657820,721263839633024,80
basic_appreq,4782651,721263844470734,80
basic_appreq,3848045,721263848400439,80
basic_appreq,3623892,721263852079058,80
basic_appreq,4254461,721263856389034,80
basic_appreq,4578511,721263861022031,80
basic_appreq,4542016,721263865618288,80
basic_appreq,4231417,721263869903816,80
basic_appreq,4438344,721263874395790,80
basic_appreq,4218457,721263878668288,80
basic_appreq,4627514,721263883373980,80
basic_appreq,4131520,721263887560067,80
basic_appreq,3872261,721263891486038,80
basic_appreq,4602726,721263896143732,80
basic_appreq,4652002,721263900849735,80
basic_appreq,4604216,721263905508287,80
basic_appreq,4275369,721263909837567,80
basic_appreq,4066989,721263913968641,80
basic_appreq,5031290,721263919053952,80
basic_appreq,5247438,721263924355400,80
basic_appreq,4337875,721263928748339,80
basic_appreq,4613808,721263933416207,80
basic_appreq,4077634,721263937548233,80
basic_appreq,4936850,721263942540602,80
basic_appreq,4213246,721263946807262,80
basic_appreq,4926831,721263951788645,80
basic_appreq,4888738,721263956731940,80
basic_appreq,4495818,721263961281644,80
basic_appreq,4435367,721263965771673,80
basic_appreq,4814059,721263970639788,80
basic_appreq,4263979,721263974958223,80
basic_appreq,5147746,721263980160350,80
basic_appreq,4541053,721263984755575,80
basic_appreq,4202540,721263989012045,80
basic_appreq,4649190,721263993714599,80
basic_appreq,4671768,721263998440523,80
basic_appreq,4915320,721264003410215,80
basic_appreq,4882283,721264008346959,80
basic_appreq,5111702,721264013512361,80
basic_appreq,4969190,721264018535507,80
basic_appreq,4641407,721264023231481,80
basic_appreq,4740568,721264028025744,80
basic_appreq,3999523,721264032081473,80
basic_appreq,4783848,721264036920013,80
basic_appreq,4663724,721264041637943,80
basic_appreq,4607763,721264046299582,80
basic_appreq,4764543,721264051117360,80
basic_appreq,4613923,721264055784712,80
basic_appreq,4491263,721264060330166,80
basic_appreq,4515468,721264064899229,80
basic_appreq,4212022,721264069164962,80
basic_appreq,4408961,721264073628083,80
basic_appreq,4790073,721264078472137,80
basic_appreq,4092720,721264082618797,80
basic_appreq,4472017,721264087146238,80
basic_appreq,5065008,721264092265674,80
basic_appreq,4165805,721264096486045,80
basic_appreq,5278856,721264101819619,80
basic_appreq,4298132,721264106171597,80
basic_appreq,4124122,721264110350006,80
basic_appreq,3771712,721264114175758,80
basic_appreq,4218477,721264118447675,80
basic_appreq,4754822,721264123257359,80
basic_appreq,4928080,721264128239710,80
basic_appreq,4753372,721264133047359,80
basic_appreq,4587277,721264137689698,80
basic_appreq,4450793,721264142195163,80
basic_appreq,5114533,721264147363838,80
basic_appreq,4540733,721264151958797,80
basic_appreq,4833609,721264156887327,80
basic_appreq,5160556,721264162117420,80
basic_appreq,4957393,721264167131906,80
basic_appreq,4889711,721264172077005,80
basic_appreq,4975354,721264177110198,80
basic_appreq,3780372,721264180945043,80
basic_appreq,4161940,721264185160834,80
basic_appreq,4183210,721264189398179,80
basic_appreq,4680048,721264194132999,80
basic_appreq,4158578,721264198346159,80
basic_appreq,4533194,721264202933455,80
basic_appreq,4129881,721264207117552,80
basic_appreq,4202425,721264211374023,80
basic_appreq,4506031,721264215934676,80
basic_appreq,4582836,721264220571849,80
basic_appreq,4497166,721264225125156,80
basic_appreq,4509469,721264229689243,80
basic_appreq,5119325,721264234862653,80
basic_appreq,3666708,721264238584193,80
basic_appreq,5362585,721264244031226,80
basic_appreq,4549068,721264248652822,80
basic_appreq,4619005,721264253344105,80
basic_appreq,4937120,721264258353830,80
basic_appreq,5270060,721264263696584,80
basic_appreq,4663864,721264268432712,80
basic_appreq,5572384,721264274077370,80
basic_appreq,4723649,721264278873151,80
basic_appreq,4423383,721264283374457,80
basic_appreq,4540954,721264287987548,80
basic_appreq,4826228,721264292910801,80
basic_appreq,5827369,721264298810127,80
basic_appreq,5518083,721264304401386,80
basic_appreq,5423377,721264309897873,80
basic_appreq,5129774,721264315101354,80
basic_appreq,5231882,721264320406527,80
basic_appreq,5781737,721264326261369,80
basic_appreq,6122109,721264332475082,80
basic_appreq,7347618,721264339904936,80
basic_appreq,7060160,721264347038406,80
basic_appreq,6828629,721264353939449,80
basic_appreq,6966125,721264360978529,80
basic_appreq,6993297,721264368044846,80
basic_appreq,7353096,721264375472065,80
basic_appreq,7059652,721264382605168,80
basic_appreq,7372366,721264390051075,80
basic_appreq,7196416,721264397320882,80
basic_appreq,7715614,721264405110319,80
basic_appreq,7152294,721264412336053,80
basic_appreq,7058975,721264419468009,80
basic_appreq,7397655,721264426938799,80
basic_appreq,7324028,721264434335416,80
basic_appreq,6998386,721264441406230,80
basic_appreq,7002384,721264448481559,80
basic_appreq,7033371,721264455587744,80
basic_appreq,7237758,721264462898752,80
basic_appreq,7669242,721264470640704,80
basic_appreq,5997760,721264476711488,80
basic_appreq,5372104,721264482155745,80
basic_appreq,5147389,721264487375328,80
basic_appreq,4713154,721264492160765,80
basic_appreq,4896386,721264497129580,80
basic_appreq,5266964,721264502468681,80
basic_appreq,5003129,721264507544173,80
basic_appreq,5464018,721264513080845,80
basic_appreq,5828656,721264518982386,80
basic_appreq,6946299,721264526001554,80
basic_appreq,6469208,721264532543452,80
basic_appreq,5819901,721264538435916,80
basic_appreq,5581356,721264544089425,80
basic_appreq,5262834,721264549425203,80
basic_appreq,7256366,721264556762347,80
basic_appreq,7566387,721264564401769,80
basic_appreq,5944161,721264570419180,80
basic_appreq,5318227,721264575819258,80
basic_appreq,5177526,721264581069528,80
basic_appreq,4993467,721264586135364,80
basic_appreq,5386351,721264591594865,80
basic_appreq,5146869,721264596814839,80
basic_appreq,5141636,721264602028885,80
basic_appreq,4992229,721264607093817,80
basic_appreq,4859334,721264612025967,80
basic_appreq,5061345,721264617161058,80
basic_appreq,5072445,721264622306102,80
basic_appreq,5247428,721264627626095,80
basic_appreq,5031580,721264632730099,80
basic_appreq,4749398,721264637553048,80
basic_appreq,6634599,721264644261393,80
basic_appreq,6278047,721264650612240,80
basic_appreq,6261224,721264656946509,80
basic_appreq,5506502,721264662526020,80
basic_appreq,5347902,721264667946611,80
basic_appreq,5706848,721264673749442,80
basic_appreq,5357384,721264679179996,80
basic_appreq,5525596,721264684778698,80
basic_appreq,4766649,721264689618336,80
basic_appreq,4600046,721264694291201,80
basic_appreq,4544045,721264698908272,80
basic_appreq,4365404,721264703370320,80
basic_appreq,4735747,721264708178917,80
basic_appreq,5038186,721264713289802,80
basic_appreq,4911185,721264718273461,80
basic_appreq,5102761,721264723448149,80
basic_appreq,5181996,721264728702549,80
basic_appreq,4864140,721264733639253,80
basic_appreq,4919465,721264738630961,80
basic_appreq,5151971,721264743855546,80
basic_appreq,5091354,721264749019424,80
basic_appreq,5515803,721264754607505,80
basic_appreq,5239840,721264759920415,80
basic_appreq,5171732,721264765164992,80
basic_appreq,5114884,721264770352109,80
basic_appreq,5123565,721264775547977,80
basic_appreq,5157038,721264780777805,80
basic_appreq,4712151,721264785562219,80
basic_appreq,4649585,721264790283758,80
basic_appreq,4973200,721264795329692,80
basic_appreq,5193066,721264800595353,80
basic_appreq,4775022,721264805442699,80
basic_appreq,4474092,721264809997710,80
#end,21,758,80
