basic_1BT,3775753,2779579163202,240
basic_1BT,2528136,2779581743598,240
basic_1BT,3260147,2779585058312,240
basic_1BT,3727587,2779588829577,240
basic_1BT,3072242,2779591948536,240
basic_1BT,3825624,2779595855196,240
basic_1BT,3018456,2779598902853,240
basic_1BT,3262662,2779602194764,240
basic_1BT,3115687,2779605340013,240
basic_1BT,3170895,2779608544138,240
basic_1BT,4031064,2779612617592,240
basic_1BT,2940992,2779615591868,240
basic_1BT,3943041,2779619597526,240
basic_1BT,3348322,2779622977597,240
basic_1BT,3618081,2779626630605,240
basic_1BT,2865121,2779629548696,240
basic_1BT,3516650,2779633106425,240
basic_1BT,3110094,2779636249993,240
basic_1BT,3208296,2779639489740,240
basic_1BT,3633164,2779643158187,240
basic_1BT,3627755,2779646817939,240
basic_1BT,1983738,2779648826567,240
basic_1BT,3977100,2779652842730,240
basic_1BT,3601023,2779656480970,240
basic_1BT,1911571,2779658425406,240
basic_1BT,4543745,2779663006607,240
basic_1BT,3212012,2779666271854,240
basic_1BT,3883283,2779670232159,240
basic_1BT,3664891,2779673929177,240
basic_1BT,2646925,2779676606945,240
basic_1BT,3699895,2779680340044,240
basic_1BT,3729051,2779684109382,240
basic_1BT,3180659,2779687321665,240
basic_1BT,3766100,2779691119891,240
basic_1BT,3479533,2779694652959,240
basic_1BT,3727494,2779698423023,240
basic_1BT,4042863,2779702502467,240
basic_1BT,3084098,2779705617767,240
basic_1BT,3288600,2779708937717,240
basic_1BT,3623537,2779712592280,240
basic_1BT,3227887,2779715854439,240
basic_1BT,3790415,2779719682439,240
basic_1BT,3492766,2779723206684,240
basic_1BT,2991244,2779726227293,240
basic_1BT,3365332,2779729649222,240
basic_1BT,3585243,2779733277725,240
basic_1BT,4150280,2779737466920,240
basic_1BT,3067651,2779740564790,240
basic_1BT,3581165,2779744180076,240
basic_1BT,3540590,2779747758129,240
basic_1BT,2275366,2779750064890,240
basic_1BT,3834248,2779753935514,240
basic_1BT,3912238,2779757883080,240
basic_1BT,2177650,2779760089776,240
basic_1BT,4224109,2779764341799,240
basic_1BT,3427486,2779767796130,240
basic_1BT,3671753,2779771506374,240
basic_1BT,3186017,2779774725473,240
basic_1BT,3865725,2779778622319,240
basic_1BT,3378615,2779782034106,240
basic_1BT,2205695,2779784277582,240
basic_1BT,2162311,2779786478995,240
basic_1BT,2944079,2779789451059,240
basic_1BT,2247899,2779791733522,240
basic_1BT,1980517,2779793757671,240
basic_1BT,3142591,2779796930936,240
basic_1BT,3476417,2779800459380,240
basic_1BT,3507297,2779804030551,240
basic_1BT,2538527,2779806603639,240
basic_1BT,2086713,2779808720413,240
basic_1BT,3654595,2779812405307,240
basic_1BT,2993996,2779815429963,240
basic_1BT,3132788,2779818591434,240
basic_1BT,2071433,2779820693621,240
basic_1BT,1751118,2779822470141,240
basic_1BT,2956957,2779825451822,240
basic_1BT,3388554,2779828866294,240
basic_1BT,3544252,2779832438240,240
basic_1BT,3118597,2779835586126,240
basic_1BT,3303269,2779838915629,240
basic_1BT,3431900,2779842374680,240
basic_1BT,2606830,2779845011423,240
basic_1BT,2920268,2779847961234,240
basic_1BT,3926148,2779851918941,240
basic_1BT,3292976,2779855247233,240
basic_1BT,3853902,2779859145486,240
basic_1BT,3190227,2779862367946,240
basic_1BT,3695200,2779866103884,240
basic_1BT,3506641,2779869642610,240
basic_1BT,2167636,2779871864180,240
basic_1BT,2015233,2779873908621,240
basic_1BT,3441323,2779877401447,240
basic_1BT,3559773,2779880989578,240
basic_1BT,3797928,2779884814864,240
basic_1BT,3418215,2779888266884,240
basic_1BT,3629315,2779891952137,240
basic_1BT,3236734,2779895218356,240
basic_1BT,3323745,2779898570714,240
basic_1BT,3593612,2779902238857,240
basic_1BT,3040356,2779905333420,240
basic_1BT,4250208,2779909624988,240
basic_1BT,2077711,2779911734174,240
basic_1BT,2790493,2779914553477,240
basic_1BT,2212611,2779916804783,240
basic_1BT,2857775,2779919690775,240
basic_1BT,3777900,2779923498319,240
basic_1BT,3006737,2779926533894,240
basic_1BT,3289699,2779929857575,240
basic_1BT,4263412,2779934160492,240
basic_1BT,3134669,2779937342806,240
basic_1BT,3415690,2779940800417,240
basic_1BT,3890456,2779944731018,240
basic_1BT,3433896,2779948194966,240
basic_1BT,3318932,2779951564021,240
basic_1BT,3606778,2779955248772,240
basic_1BT,3169197,2779958447777,240
basic_1BT,3218081,2779961696010,240
basic_1BT,3346203,2779965070858,240
basic_1BT,3191012,2779968312360,240
basic_1BT,3479651,2779971824647,240
basic_1BT,3528130,2779975397852,240
basic_1BT,2614924,2779978045705,240
basic_1BT,4554800,2779982634783,240
basic_1BT,3478947,2779986144017,240
basic_1BT,3453827,2779989628608,240
basic_1BT,3763691,2779993441191,240
basic_1BT,3731383,2779997209624,240
basic_1BT,3303946,2780000548314,240
basic_1BT,3032349,2780003623674,240
basic_1BT,3385235,2780007071248,240
basic_1BT,4059179,2780011195468,240
basic_1BT,3378857,2780014600404,240
basic_1BT,3514761,2780018165345,240
basic_1BT,3220021,2780021415068,240
basic_1BT,3521398,2780024964844,240
basic_1BT,2957346,2780027975529,240
basic_1BT,2552756,2780030586753,240
basic_1BT,2436803,2780033051670,240
basic_1BT,2548212,2780035625772,240
basic_1BT,2884090,2780038537095,240
basic_1BT,3161186,2780041724013,240
basic_1BT,3515519,2780045275778,240
basic_1BT,3454882,2780048757805,240
basic_1BT,3155312,2780051963208,240
basic_1BT,3742849,2780055766742,240
basic_1BT,2670398,2780058477438,240
basic_1BT,3170000,2780061679484,240
basic_1BT,1874826,2780063611541,240
basic_1BT,3364069,2780067018116,240
basic_1BT,3422146,2780070467338,240
basic_1BT,3068595,2780073578800,240
basic_1BT,3765630,2780077371053,240
basic_1BT,1909043,2780079331158,240
basic_1BT,1960541,2780081319464,240
basic_1BT,3043208,2780084390457,240
basic_1BT,3424519,2780087868269,240
basic_1BT,3667209,2780091563945,240
basic_1BT,3561916,2780095166219,240
basic_1BT,3845920,2780099055947,240
basic_1BT,3536450,2780102625877,240
basic_1BT,3341637,2780106000060,240
basic_1BT,24021881,2780130060826,240
basic_1BT,3657713,2780133753830,240
basic_1BT,2998956,2780136787584,240
basic_1BT,3576173,2780140398725,240
basic_1BT,3949113,2780144388573,240
basic_1BT,3069428,2780147495334,240
basic_1BT,3276730,2780150805052,240
basic_1BT,3989901,2780154826473,240
basic_1BT,3121443,2780157977307,240
basic_1BT,4104974,2780162114754,240
basic_1BT,3115457,2780165260940,240
basic_1BT,3128480,2780168418937,240
basic_1BT,3541326,2780171991776,240
basic_1BT,3078166,2780175150151,240
basic_1BT,3629575,2780178843006,240
basic_1BT,3493320,2780182381318,240
basic_1BT,3150896,2780185594027,240
basic_1BT,3184940,2780188807003,240
basic_1BT,3795021,2780192653367,240
basic_1BT,3283918,2780195966298,240
basic_1BT,3438513,2780199432856,240
basic_1BT,3243975,2780202732201,240
basic_1BT,3925345,2780206689671,240
basic_1BT,3721257,2780210442632,240
basic_1BT,3473643,2780213945946,240
basic_1BT,3510354,2780217488693,240
basic_1BT,3446945,2780220970028,240
basic_1BT,3932728,2780224942747,240
basic_1BT,2123482,2780227096722,240
basic_1BT,2555428,2780229686242,240
basic_1BT,2978399,2780232740418,240
basic_1BT,3611459,2780236384907,240
basic_1BT,3006515,2780239417724,240
basic_1BT,3393362,2780242838596,240
basic_1BT,2944906,2780245810548,240
basic_1BT,3689516,2780249546513,240
basic_1BT,2978818,2780252561589,240
basic_1BT,2543770,2780255130787,240
basic_1BT,4037772,2780259205881,240
basic_1BT,2274227,2780261517492,240
basic_1BT,2094587,2780263640532,240
basic_1BT,2639596,2780266315698,240
basic_1BT,2883158,2780269237361,240
basic_1BT,3085994,2780272350688,240
basic_1BT,3223049,2780275607059,240
basic_1BT,3976378,2780279615869,240
basic_1BT,3623880,2780283274727,240
basic_1BT,3306847,2780286644237,240
basic_1BT,4270742,2780290972638,240
basic_1BT,3569934,2780294575904,240
basic_1BT,3961334,2780298570137,240
basic_1BT,3265036,2780301866005,240
basic_1BT,3621165,2780305544735,240
basic_1BT,3793715,2780309386928,240
basic_1BT,3405591,2780312839301,240
basic_1BT,3775057,2780316648189,240
basic_1BT,3281533,2780319981925,240
basic_1BT,4162190,2780324218365,240
basic_1BT,2726508,2780327008668,240
basic_1BT,2861731,2780329899834,240
basic_1BT,4135852,2780334070958,240
basic_1BT,2568364,2780336670381,240
basic_1BT,4322096,2780341032182,240
basic_1BT,3684157,2780344745512,240
basic_1BT,3665533,2780348444409,240
basic_1BT,2963100,2780351438637,240
basic_1BT,3555441,2780355027612,240
basic_1BT,3551400,2780358621832,240
basic_1BT,4004414,2780362667234,240
basic_1BT,2455818,2780365153379,240
basic_1BT,2857791,2780368047024,240
basic_1BT,3558754,2780371644904,240
basic_1BT,3498286,2780375175316,240
basic_1BT,3365003,2780378570600,240
basic_1BT,3324651,2780381943732,240
basic_1BT,3110723,2780385081399,240
basic_1BT,3146030,2780388258033,240
basic_1BT,3056714,2780391367713,240
basic_1BT,3394432,2780394791024,240
basic_1BT,3029795,2780397852569,240
basic_1BT,3338993,2780401232711,240
basic_1BT,3910481,2780405183348,240
basic_1BT,3153404,2780408367216,240
basic_1BT,2577922,2780410994774,240
basic_1BT,2789612,2780413816968,240
basic_1BT,2729214,2780416571944,240
basic_1BT,3855934,2780420460864,240
basic_1BT,3187954,2780423677760,240
basic_1BT,3320677,2780427068388,240
basic_1BT,3344080,2780430452482,240
basic_1BT,3537356,2780434058187,240
basic_1BT,3540139,2780437649363,240
basic_1BT,3516241,2780441228348,240
basic_1BT,3082695,2780444338761,240
basic_1BT,3018842,2780447391035,240
basic_1BT,3476026,2780450904499,240
basic_1BT,3000876,2780453960955,240
basic_1BT,3809001,2780457799779,240
basic_1BT,3087245,2780460916784,240
basic_1BT,3177013,2780464123746,240
basic_1BT,3362016,2780467521890,240
basic_1BT,3696739,2780471251634,240
basic_1BT,3408175,2780474692674,240
basic_1BT,3629364,2780478360664,240
basic_1BT,3628426,2780482023967,240
basic_1BT,4343424,2780486412805,240
basic_1BT,3655395,2780490123112,240
basic_1BT,3268671,2780493449830,240
basic_1BT,4325058,2780497819069,240
basic_1BT,3548197,2780501397708,240
basic_1BT,3542493,2780504990639,240
basic_1BT,3284146,2780508306703,240
basic_1BT,3494914,2780511833849,240
basic_1BT,3290586,2780515154616,240
basic_1BT,3423522,2780518609383,240
basic_1BT,3444447,2780522083912,240
basic_1BT,3809719,2780525926346,240
basic_1BT,3265476,2780529221817,240
basic_1BT,3809406,2780533062607,240
basic_1BT,3025330,2780536124270,240
basic_1BT,4101810,2780540268084,240
basic_1BT,3069049,2780543366168,240
basic_1BT,2590317,2780545985143,240
basic_1BT,3287454,2780549310347,240
basic_1BT,4008053,2780553403714,240
basic_1BT,3597096,2780557052915,240
basic_1BT,3435141,2780560516843,240
basic_1BT,3541350,2780564090399,240
basic_1BT,3976109,2780568113812,240
basic_1BT,2887509,2780571036348,240
basic_1BT,2795518,2780573858680,240
basic_1BT,3782594,2780577691392,240
basic_1BT,2841624,2780580564584,240
basic_1BT,3048597,2780583667059,240
basic_1BT,3174343,2780586879382,240
basic_1BT,3376519,2780590284317,240
basic_1BT,3136833,2780593449422,240
basic_1BT,3281726,2780596782617,240
basic_1BT,3333162,2780600147885,240
basic_1BT,3279424,2780603483768,240
basic_1BT,3762828,2780607278775,240
basic_1BT,3318755,2780610650979,240
basic_1BT,3910165,2780614600895,240
basic_1BT,2028784,2780616661335,240
basic_1BT,2005372,2780618701777,240
basic_1BT,3629704,2780622361290,240
basic_1BT,3680011,2780626072501,240
basic_1BT,3088522,2780629192190,240
basic_1BT,3542174,2780632763519,240
basic_1BT,3387722,2780636207863,240
basic_1BT,2408651,2780638644682,240
basic_1BT,3912467,2780642582675,240
basic_1BT,2898107,2780645508827,240
basic_1BT,3229495,2780648778723,240
basic_1BT,3692680,2780652511080,240
basic_1BT,3699177,2780656275336,240
basic_1BT,3609206,2780659911794,240
basic_1BT,3825795,2780663769315,240
basic_1BT,3440747,2780667276961,240
basic_1BT,2519391,2780669836360,240
basic_1BT,2042208,2780671914097,240
basic_1BT,3438743,2780675384044,240
basic_1BT,3800101,2780679217349,240
basic_1BT,3122155,2780682363617,240
basic_1BT,2559569,2780684959753,240
basic_1BT,3712197,2780688696087,240
basic_1BT,3776717,2780692510999,240
basic_1BT,3156317,2780695744654,240
basic_1BT,2112241,2780697891484,240
basic_1BT,2057499,2780699978688,240
basic_1BT,3145664,2780703406637,240
basic_1BT,3518017,2780706954119,240
basic_1BT,3435625,2780710420473,240
basic_1BT,3237426,2780713688203,240
basic_1BT,3487168,2780717204872,240
basic_1BT,2544744,2780719806920,240
basic_1BT,3450447,2780723285793,240
basic_1BT,4269246,2780727597570,240
basic_1BT,3059379,2780730683757,240
basic_1BT,3657335,2780734389888,240
basic_1BT,4055937,2780738485817,240
basic_1BT,3868275,2780742427703,240
basic_1BT,3246611,2780745735595,240
basic_1BT,3613099,2780749389476,240
basic_1BT,3949546,2780753378591,240
basic_1BT,2912669,2780756319712,240
basic_1BT,3430005,2780759784008,240
basic_1BT,3135758,2780762971738,240
basic_1BT,3047543,2780766071014,240
basic_1BT,3765729,2780769867395,240
basic_1BT,3524942,2780773419773,240
basic_1BT,2782635,2780776229780,240
basic_1BT,2524212,2780778784638,240
basic_1BT,3839039,2780782663096,240
basic_1BT,3099129,2780785811290,240
basic_1BT,2993610,2780788835110,240
basic_1BT,3613334,2780792488109,240
basic_1BT,3518878,2780796038413,240
basic_1BT,3538119,2780799622613,240
basic_1BT,3133688,2780802799630,240
basic_1BT,9020626,2780811882370,240
basic_1BT,3102109,2780815019302,240
basic_1BT,3918932,2780818977874,240
basic_1BT,2651323,2780821663418,240
basic_1BT,3134848,2780824855213,240
basic_1BT,3615627,2780828498642,240
basic_1BT,3038337,2780831579844,240
basic_1BT,2867426,2780834481407,240
basic_1BT,4091825,2780838612152,240
basic_1BT,3187044,2780841840583,240
basic_1BT,3683839,2780845565343,240
basic_1BT,3365973,2780848963182,240
basic_1BT,3476256,2780852470368,240
basic_1BT,3681270,2780856193495,240
basic_1BT,3042277,2780859269504,240
basic_1BT,3412513,2780862717516,240
basic_1BT,3468401,2780866224395,240
basic_1BT,4229014,2780870493509,240
basic_1BT,3615579,2780874137633,240
basic_1BT,3562957,2780877733016,240
basic_1BT,1918559,2780879709818,240
basic_1BT,2296082,2780882052418,240
basic_1BT,3042276,2780885125540,240
basic_1BT,3689067,2780888842220,240
basic_1BT,3198460,2780892068072,240
basic_1BT,3343434,2780895440820,240
basic_1BT,3323599,2780898830894,240
basic_1BT,3758258,2780902618072,240
basic_1BT,3745168,2780906393764,240
basic_1BT,3608905,2780910034037,240
basic_1BT,2260689,2780912343943,240
basic_1BT,2264912,2780914646033,240
basic_1BT,2873074,2780917546356,240
basic_1BT,3182189,2780920757562,240
basic_1BT,3525924,2780924313095,240
basic_1BT,3558816,2780927904211,240
basic_1BT,3532751,2780931474585,240
basic_1BT,3121102,2780934638049,240
basic_1BT,3293937,2780937957821,240
basic_1BT,3661261,2780941645546,240
basic_1BT,2829564,2780944513387,240
basic_1BT,3217719,2780947761474,240
basic_1BT,3864626,2780951660975,240
basic_1BT,3396838,2780955113741,240
basic_1BT,3707617,2780958877779,240
basic_1BT,2833273,2780961741863,240
basic_1BT,3180743,2780964977792,240
basic_1BT,2156746,2780967164684,240
basic_1BT,1761724,2780968956252,240
basic_1BT,3080303,2780972090202,240
basic_1BT,2440140,2780974561994,240
basic_1BT,3106358,2780977701856,240
basic_1BT,1862825,2780979610504,240
basic_1BT,3650407,2780983286471,240
basic_1BT,3396085,2780986731296,240
basic_1BT,3365976,2780990128120,240
basic_1BT,2188974,2780992397771,240
basic_1BT,2199112,2780994635155,240
basic_1BT,3205714,2780997864897,240
basic_1BT,3257850,2781001147824,240
basic_1BT,2382718,2781003570886,240
basic_1BT,2440311,2781006037740,240
basic_1BT,2736548,2781008808824,240
basic_1BT,2526880,2781011363200,240
basic_1BT,2539075,2781013933454,240
basic_1BT,2821268,2781016780975,240
basic_1BT,3058173,2781019872276,240
basic_1BT,3522239,2781023420063,240
basic_1BT,2419226,2781025887825,240
basic_1BT,1844066,2781027766348,240
basic_1BT,3181955,2781030973931,240
basic_1BT,3091482,2781034093361,240
basic_1BT,3373219,2781037525908,240
basic_1BT,3457821,2781041013448,240
basic_1BT,3662048,2781044709852,240
basic_1BT,3126834,2781047892026,240
basic_1BT,3947911,2781051905817,240
basic_1BT,3417939,2781055357143,240
basic_1BT,3240312,2781058628764,240
basic_1BT,4089235,2781062749549,240
basic_1BT,3626056,2781066404713,240
basic_1BT,3116530,2781069550303,240
basic_1BT,4257049,2781073842781,240
basic_1BT,3467655,2781077342434,240
basic_1BT,3036183,2781080409530,240
basic_1BT,2979689,2781083417587,240
basic_1BT,2892101,2781086345770,240
basic_1BT,3309654,2781089687286,240
basic_1BT,4085384,2781093812412,240
basic_1BT,2263861,2781096105299,240
basic_1BT,4355925,2781100518099,240
basic_1BT,3597526,2781104144045,240
basic_1BT,3334757,2781107508576,240
basic_1BT,3391927,2781110931309,240
basic_1BT,4208474,2781115189133,240
basic_1BT,3237039,2781118497466,240
basic_1BT,3207324,2781121736354,240
basic_1BT,3676314,2781125449100,240
basic_1BT,3485294,2781128968657,240
basic_1BT,3626426,2781132626853,240
basic_1BT,2489053,2781135178991,240
basic_1BT,4014168,2781139229152,240
basic_1BT,3282509,2781142544400,240
basic_1BT,3934924,2781146520947,240
basic_1BT,3479796,2781150029631,240
basic_1BT,3313211,2781153371704,240
basic_1BT,3336859,2781156740844,240
basic_1BT,3744979,2781160546810,240
basic_1BT,3749766,2781164349718,240
basic_1BT,3262868,2781167643734,240
basic_1BT,2312999,2781169987962,240
basic_1BT,2044668,2781172080067,240
basic_1BT,3098172,2781175232887,240
basic_1BT,2025869,2781177305095,240
basic_1BT,2586341,2781179919077,240
basic_1BT,2498974,2781182456014,240
basic_1BT,3559236,2781186040995,240
basic_1BT,3992944,2781190061819,240
basic_1BT,3293065,2781193383646,240
basic_1BT,3811169,2781197226423,240
basic_1BT,3091319,2781200344424,240
basic_1BT,3816689,2781204209834,240
basic_1BT,2189992,2781206430434,240
basic_1BT,2112164,2781208583236,240
basic_1BT,2768601,2781211381605,240
basic_1BT,3465930,2781214874521,240
basic_1BT,3314552,2781218224632,240
basic_1BT,2268572,2781220531032,240
basic_1BT,2530460,2781223101308,240
basic_1BT,2222648,2781225357594,240
basic_1BT,2963474,2781228347805,240
basic_1BT,3411695,2781231786822,240
basic_1BT,3290197,2781235100662,240
basic_1BT,3178366,2781238303038,240
basic_1BT,3635078,2781241971237,240
basic_1BT,3325083,2781245329562,240
basic_1BT,4309408,2781249676527,240
basic_1BT,3051938,2781252759032,240
basic_1BT,3236968,2781256027007,240
basic_1BT,4090425,2781260158877,240
basic_1BT,3092889,2781263283064,240
basic_1BT,4025927,2781267347610,240
basic_1BT,4151382,2781271558230,240
basic_1BT,3050698,2781274642192,240
basic_1BT,3460545,2781278162155,240
basic_1BT,3647910,2781281854285,240
basic_1BT,3160794,2781285044282,240
basic_1BT,4387899,2781289470675,240
basic_1BT,3290382,2781292792161,240
basic_1BT,3282463,2781296106737,240
basic_1BT,3688352,2781299827114,240
basic_1BT,3507733,2781303363982,240
basic_1BT,2371534,2781305785381,240
basic_1BT,4187734,2781310013622,240
basic_1BT,3589275,2781313679156,240
basic_1BT,3322577,2781317031789,240
basic_1BT,3066842,2781320128795,240
basic_1BT,3110774,2781323292110,240
basic_1BT,3750254,2781327096699,240
basic_1BT,3677737,2781330802267,240
basic_1BT,3421391,2781334253876,240
basic_1BT,3179373,2781337465040,240
basic_1BT,3718993,2781341224386,240
basic_1BT,3596839,2781344855295,240
basic_1BT,3563911,2781348450153,240
basic_1BT,3128806,2781351610345,240
basic_1BT,3668555,2781355307324,240
basic_1BT,3116711,2781358456303,240
basic_1BT,3662486,2781362149153,240
basic_1BT,3076975,2781365255900,240
basic_1BT,4151679,2781369440605,240
basic_1BT,3199300,2781372668570,240
basic_1BT,4004104,2781376708091,240
basic_1BT,2902804,2781379638761,240
basic_1BT,3243903,2781382916776,240
basic_1BT,3784611,2781386731820,240
basic_1BT,3394562,2781390156733,240
basic_1BT,3798509,2781393987620,240
basic_1BT,3189708,2781397203912,240
basic_1BT,3466480,2781400697321,240
basic_1BT,2501252,2781403259716,240
basic_1BT,4311870,2781407608489,240
basic_1BT,3599343,2781411242794,240
basic_1BT,3498989,2781414778799,240
basic_1BT,3722316,2781418537064,240
basic_1BT,3436727,2781422004569,240
basic_1BT,3440402,2781425475742,240
basic_1BT,3479899,2781428993305,240
basic_1BT,3496026,2781432520756,240
basic_1BT,3644968,2781436206221,240
basic_1BT,4051254,2781440311858,240
basic_1BT,3430045,2781443771927,240
basic_1BT,3360038,2781447166506,240
basic_1BT,4018946,2781451229271,240
basic_1BT,3370114,2781454630051,240
basic_1BT,3865382,2781458525754,240
basic_1BT,3168870,2781461744505,240
basic_1BT,3693045,2781465500004,240
basic_1BT,3438819,2781468969401,240
basic_1BT,3508505,2781472513237,240
basic_1BT,3782510,2781476332910,240
basic_1BT,3278508,2781479641872,240
basic_1BT,3290932,2781482964203,240
basic_1BT,3263949,2781486292037,240
basic_1BT,3930913,2781490265277,240
basic_1BT,3351631,2781493652510,240
basic_1BT,3604296,2781497326457,240
basic_1BT,2894650,2781500251230,240
basic_1BT,3906482,2781504224363,240
basic_1BT,3192716,2781507454955,240
basic_1BT,3448399,2781510955623,240
basic_1BT,3343744,2781514331898,240
basic_1BT,2948064,2781517308987,240
basic_1BT,2779935,2781520117935,240
basic_1BT,2155187,2781522302575,240
basic_1BT,1756461,2781524096480,240
basic_1BT,3294212,2781527415819,240
basic_1BT,3377986,2781530839135,240
basic_1BT,3245656,2781534133395,240
basic_1BT,2043251,2781536216320,240
basic_1BT,2951471,2781539205193,240
basic_1BT,2876742,2781542114250,240
basic_1BT,3670947,2781545813889,240
basic_1BT,3243013,2781549085286,240
basic_1BT,4106370,2781553231290,240
basic_1BT,3425776,2781556687506,240
basic_1BT,3239406,2781559958828,240
basic_1BT,3850800,2781563840851,240
basic_1BT,3131291,2781567017146,240
basic_1BT,2119813,2781569172213,240
basic_1BT,2564309,2781571775420,240
basic_1BT,2660794,2781574462117,240
basic_1BT,3620722,2781578128947,240
basic_1BT,3237588,2781581394707,240
basic_1BT,1888633,2781583353363,240
basic_1BT,2547338,2781585935965,240
basic_1BT,3168600,2781589131660,240
basic_1BT,2964823,2781592124073,240
basic_1BT,3487914,2781595653962,240
basic_1BT,4021092,2781599703267,240
basic_1BT,3290593,2781603018738,240
basic_1BT,2326627,2781605378659,240
basic_1BT,1823121,2781607241049,240
basic_1BT,3435485,2781610703536,240
basic_1BT,3531663,2781614264819,240
basic_1BT,3201178,2781617494401,240
basic_1BT,3787035,2781621323274,240
basic_1BT,3486214,2781624850757,240
basic_1BT,3860647,2781628752926,240
basic_1BT,3652402,2781632461382,240
basic_1BT,3374254,2781635866546,240
basic_1BT,3470789,2781639406008,240
basic_1BT,3172156,2781642611459,240
basic_1BT,3137922,2781645796576,240
basic_1BT,3413655,2781649239401,240
basic_1BT,3937321,2781653240940,240
basic_1BT,3368392,2781656637496,240
basic_1BT,3329837,2781660016589,240
basic_1BT,3455898,2781663509731,240
basic_1BT,3139899,2781666679190,240
basic_1BT,3160803,2781669908204,240
basic_1BT,2639987,2781672579021,240
basic_1BT,3348818,2781675961235,240
basic_1BT,3749190,2781679746278,240
basic_1BT,3023175,2781682798420,240
basic_1BT,2890167,2781685716975,240
basic_1BT,2918765,2781688664933,240
basic_1BT,3129885,2781691829595,240
basic_1BT,3974457,2781695832018,240
basic_1BT,2948493,2781698808667,240
basic_1BT,3475633,2781702310541,240
basic_1BT,3227537,2781705568427,240
basic_1BT,3200652,2781708798824,240
basic_1BT,3107990,2781711945354,240
basic_1BT,3000066,2781714975106,240
basic_1BT,3725616,2781718768107,240
basic_1BT,3237912,2781722036683,240
basic_1BT,3529498,2781725596421,240
basic_1BT,3421858,2781729049905,240
basic_1BT,3174454,2781732277878,240
basic_1BT,3254127,2781735561549,240
basic_1BT,3169066,2781738759192,240
basic_1BT,3103610,2781741893346,240
basic_1BT,3129247,2781745063890,240
basic_1BT,3558325,2781748655110,240
basic_1BT,3116107,2781751805494,240
basic_1BT,3948885,2781755786099,240
basic_1BT,3226685,2781759038675,240
basic_1BT,3254494,2781762318711,240
basic_1BT,3472791,2781765819147,240
basic_1BT,3635094,2781769499948,240
basic_1BT,3473255,2781773013934,240
basic_1BT,3479321,2781776552375,240
basic_1BT,3185693,2781779772601,240
basic_1BT,3529752,2781783335057,240
basic_1BT,3384046,2781786747697,240
basic_1BT,3484128,2781790293342,240
basic_1BT,3846334,2781794181324,240
basic_1BT,2668501,2781796881223,240
basic_1BT,3448063,2781800360241,240
basic_1BT,3455313,2781803874209,240
basic_1BT,3193711,2781807102029,240
basic_1BT,3543479,2781810715553,240
basic_1BT,3178356,2781813944133,240
basic_1BT,3578710,2781817556513,240
basic_1BT,2979994,2781820571383,240
basic_1BT,3158836,2781823764427,240
basic_1BT,2574809,2781826392363,240
basic_1BT,3812278,2781830232026,240
basic_1BT,3718339,2781833991747,240
basic_1BT,2828102,2781836847854,240
basic_1BT,3366889,2781840279574,240
basic_1BT,3177859,2781843515258,240
basic_1BT,2398431,2781845942755,240
basic_1BT,2311100,2781848293582,240
basic_1BT,3058688,2781851379101,240
basic_1BT,3095668,2781854510535,240
basic_1BT,3959405,2781858503548,240
basic_1BT,3736041,2781862278520,240
basic_1BT,3221701,2781865531040,240
basic_1BT,3124822,2781868690112,240
basic_1BT,3238885,2781871959222,240
basic_1BT,3822680,2781875883971,240
basic_1BT,3340202,2781879254849,240
basic_1BT,3192072,2781882494426,240
basic_1BT,3185188,2781885712812,240
basic_1BT,3330439,2781889076882,240
basic_1BT,3102008,2781892208507,240
basic_1BT,3153513,2781895388199,240
basic_1BT,2974144,2781898387002,240
basic_1BT,3043672,2781901456149,240
basic_1BT,3216955,2781904710411,240
basic_1BT,3696179,2781908443424,240
basic_1BT,3379066,2781911861119,240
basic_1BT,3162423,2781915061654,240
basic_1BT,3273946,2781918367953,240
basic_1BT,3705980,2781922107648,240
basic_1BT,2879062,2781925016727,240
basic_1BT,3306798,2781928364664,240
basic_1BT,3374515,2781931770040,240
basic_1BT,3629195,2781935427262,240
basic_1BT,3849367,2781939319881,240
basic_1BT,3063688,2781942410331,240
basic_1BT,2572856,2781945012705,240
basic_1BT,1687829,2781946731935,240
basic_1BT,2170949,2781948933105,240
basic_1BT,4829233,2781953815191,240
basic_1BT,3267581,2781957114176,240
basic_1BT,3001562,2781960143739,240
basic_1BT,2927882,2781963102149,240
basic_1BT,3130650,2781966282037,240
basic_1BT,3610146,2781969922552,240
basic_1BT,3711650,2781973674319,240
basic_1BT,3851465,2781977574384,240
basic_1BT,3544426,2781981148805,240
basic_1BT,2508223,2781983718754,240
basic_1BT,3368005,2781987124155,240
basic_1BT,3039368,2781990190041,240
basic_1BT,2181547,2781992397968,240
basic_1BT,2946245,2781995370570,240
basic_1BT,3254002,2781998649196,240
basic_1BT,3065325,2782001744178,240
basic_1BT,3729276,2782005533568,240
basic_1BT,3759647,2782009322811,240
basic_1BT,3033528,2782012387170,240
basic_1BT,3889017,2782016313782,240
basic_1BT,3193894,2782019537408,240
basic_1BT,3560360,2782023134438,240
basic_1BT,3661183,2782026828667,240
basic_1BT,3510021,2782030369282,240
basic_1BT,3250730,2782033650915,240
basic_1BT,3493454,2782037185543,240
basic_1BT,4041131,2782041267997,240
basic_1BT,3334549,2782044633338,240
basic_1BT,3485857,2782048157704,240
basic_1BT,3951836,2782052165555,240
basic_1BT,2883904,2782055081826,240
basic_1BT,2562100,2782057674298,240
basic_1BT,3250980,2782060965011,240
basic_1BT,3750462,2782064758152,240
basic_1BT,3141100,2782067925179,240
basic_1BT,3512051,2782071461311,240
basic_1BT,3083325,2782074572473,240
basic_1BT,3644418,2782078247607,240
basic_1BT,3380133,2782081657460,240
basic_1BT,4072909,2782085771952,240
basic_1BT,3401148,2782089206992,240
basic_1BT,3722081,2782092966039,240
basic_1BT,2300516,2782095298901,240
basic_1BT,2208360,2782097538266,240
basic_1BT,2838276,2782100407470,240
basic_1BT,3533034,2782103971082,240
basic_1BT,3072226,2782107072302,240
basic_1BT,3026763,2782110149951,240
basic_1BT,3026739,2782113223817,240
basic_1BT,3718145,2782116969200,240
basic_1BT,2730391,2782119726887,240
basic_1BT,2813542,2782122588341,240
basic_1BT,3125769,2782125741250,240
basic_1BT,3246120,2782129042788,240
basic_1BT,3104397,2782132208543,240
basic_1BT,3344416,2782135587874,240
basic_1BT,3369078,2782139000374,240
basic_1BT,2279151,2782141316689,240
basic_1BT,2031708,2782143388264,240
basic_1BT,3198999,2782146612232,240
basic_1BT,2948980,2782149587451,240
basic_1BT,3545160,2782153160170,240
basic_1BT,2637650,2782155823242,240
basic_1BT,2317472,2782158164488,240
basic_1BT,1924700,2782160128614,240
basic_1BT,3222167,2782163380776,240
basic_1BT,3545488,2782166955863,240
basic_1BT,4088272,2782171105591,240
basic_1BT,3194136,2782174327454,240
basic_1BT,4024375,2782178390038,240
basic_1BT,3426720,2782181847776,240
basic_1BT,3268496,2782185148138,240
basic_1BT,3696868,2782188882754,240
basic_1BT,3358721,2782192272622,240
basic_1BT,3911071,2782196225063,240
basic_1BT,3037586,2782199316532,240
basic_1BT,3121111,2782202465972,240
basic_1BT,3595037,2782206101306,240
basic_1BT,3233536,2782209365385,240
basic_1BT,3103173,2782212498740,240
basic_1BT,3971103,2782216510953,240
basic_1BT,2096651,2782218635691,240
basic_1BT,4436414,2782223109746,240
basic_1BT,3063430,2782226202455,240
basic_1BT,3318969,2782229550958,240
basic_1BT,3575336,2782233157963,240
basic_1BT,3422355,2782236611122,240
basic_1BT,3892968,2782240560722,240
basic_1BT,3522010,2782244112820,240
basic_1BT,3422533,2782247569367,240
basic_1BT,3559834,2782251191458,240
basic_1BT,3233785,2782254481508,240
basic_1BT,3605095,2782258120662,240
basic_1BT,3433832,2782261592065,240
basic_1BT,2935028,2782264585873,240
basic_1BT,3546591,2782268189488,240
basic_1BT,2930520,2782271157860,240
basic_1BT,2863182,2782274057456,240
basic_1BT,2658017,2782276755583,240
basic_1BT,2598055,2782279385316,240
basic_1BT,2848585,2782282261573,240
basic_1BT,2957097,2782285270649,240
basic_1BT,3214007,2782288513716,240
basic_1BT,3283759,2782291825206,240
basic_1BT,3818854,2782295671639,240
basic_1BT,2626435,2782298354995,240
basic_1BT,3639714,2782302026167,240
basic_1BT,3534988,2782305592748,240
basic_1BT,3370700,2782308991819,240
basic_1BT,3147793,2782312167876,240
basic_1BT,3546013,2782315743235,240
basic_1BT,3425720,2782319221216,240
basic_1BT,3704907,2782322980988,240
basic_1BT,4183164,2782327196912,240
basic_1BT,3455296,2782330686444,240
basic_1BT,3558053,2782334281067,240
basic_1BT,3177597,2782337491838,240
basic_1BT,3689700,2782341216874,240
basic_1BT,2429456,2782343677260,240
basic_1BT,2697853,2782346412899,240
basic_1BT,2961877,2782349407707,240
basic_1BT,2589323,2782352034322,240
basic_1BT,2452795,2782354523100,240
basic_1BT,3229496,2782357777121,240
basic_1BT,3149877,2782360952562,240
basic_1BT,3173139,2782364176227,240
basic_1BT,3193844,2782367403208,240
basic_1BT,3725213,2782371155676,240
basic_1BT,3048079,2782374232739,240
basic_1BT,2441637,2782376723847,240
basic_1BT,2787410,2782379538703,240
basic_1BT,2858823,2782382432978,240
basic_1BT,2122914,2782384593013,240
basic_1BT,2836269,2782387458592,240
basic_1BT,3438818,2782390924521,240
basic_1BT,3471878,2782394429290,240
basic_1BT,2689374,2782397153212,240
basic_1BT,2413974,2782399592085,240
basic_1BT,1804665,2782401421218,240
basic_1BT,3044842,2782404495187,240
basic_1BT,3354972,2782407883863,240
basic_1BT,3452421,2782411372762,240
basic_1BT,2602565,2782414010189,240
basic_1BT,2736215,2782416777547,240
basic_1BT,3064117,2782419869847,240
basic_1BT,2928018,2782422830832,240
basic_1BT,2089615,2782424950318,240
basic_1BT,2836098,2782427812571,240
basic_1BT,3513725,2782431351158,240
basic_1BT,3182355,2782434580526,240
basic_1BT,3231393,2782437841154,240
basic_1BT,3088962,2782440957765,240
basic_1BT,3455832,2782444462671,240
basic_1BT,2463529,2782446964698,240
basic_1BT,2998482,2782449988957,240
basic_1BT,3222622,2782453242038,240
basic_1BT,2359109,2782455628043,240
basic_1BT,2576960,2782458229750,240
basic_1BT,1980856,2782460236938,240
basic_1BT,2097770,2782462361327,240
basic_1BT,2572637,2782464959381,240
basic_1BT,3218945,2782468203516,240
basic_1BT,3369546,2782471645399,240
basic_1BT,3569128,2782475273250,240
basic_1BT,3757667,2782479062789,240
basic_1BT,2614692,2782481731475,240
basic_1BT,2861347,2782484622248,240
basic_1BT,2329126,2782486980214,240
basic_1BT,2605504,2782489612796,240
basic_1BT,3099015,2782492759654,240
basic_1BT,2492792,2782495301772,240
basic_1BT,3234138,2782498564879,240
basic_1BT,3027449,2782501631966,240
basic_1BT,3472593,2782505136018,240
basic_1BT,2820093,2782507987013,240
basic_1BT,1802044,2782509841884,240
basic_1BT,2948627,2782512818618,240
basic_1BT,2908927,2782515756226,240
basic_1BT,3448302,2782519236893,240
basic_1BT,2821280,2782522091015,240
basic_1BT,3978460,2782526105571,240
basic_1BT,3669637,2782529808531,240
basic_1BT,3514505,2782533372653,240
basic_1BT,3558414,2782536966110,240
basic_1BT,2403981,2782539401401,240
basic_1BT,4469490,2782543901992,240
basic_1BT,3833731,2782547788684,240
basic_1BT,3596031,2782551414790,240
basic_1BT,3464540,2782554909353,240
basic_1BT,3556124,2782558495154,240
basic_1BT,3002561,2782561526899,240
basic_1BT,3060909,2782564617858,240
basic_1BT,2118653,2782566766995,240
basic_1BT,3810611,2782570612959,240
basic_1BT,3423765,2782574085243,240
basic_1BT,2442614,2782576561348,240
basic_1BT,3450753,2782580038130,240
basic_1BT,3202733,2782583272501,240
basic_1BT,1943343,2782585268408,240
basic_1BT,3051397,2782588349549,240
basic_1BT,3495208,2782591878088,240
basic_1BT,3408775,2782595321387,240
basic_1BT,3549624,2782598899297,240
basic_1BT,3450069,2782602387012,240
basic_1BT,3585280,2782606027731,240
basic_1BT,2801430,2782608861779,240
basic_1BT,2500155,2782611392258,240
basic_1BT,1811967,2782613241643,240
basic_1BT,3077239,2782616345915,240
basic_1BT,3526294,2782619899276,240
basic_1BT,3345693,2782623269634,240
basic_1BT,3135818,2782626434086,240
basic_1BT,3419122,2782629881882,240
basic_1BT,2933097,2782632866307,240
basic_1BT,3851236,2782636761616,240
basic_1BT,3375256,2782640170976,240
basic_1BT,3925783,2782644129432,240
basic_1BT,3245444,2782647409814,240
basic_1BT,3930919,2782651390363,240
basic_1BT,2187403,2782653610479,240
basic_1BT,4106942,2782657754600,240
basic_1BT,3912094,2782661711933,240
basic_1BT,3559419,2782665317558,240
basic_1BT,3386888,2782668737138,240
basic_1BT,3602480,2782672370477,240
basic_1BT,3123677,2782675525430,240
basic_1BT,3450699,2782679036303,240
basic_1BT,2807789,2782681877511,240
basic_1BT,3904917,2782685836543,240
basic_1BT,3325447,2782689189879,240
basic_1BT,3837507,2782693056740,240
basic_1BT,3677815,2782696764684,240
basic_1BT,2016140,2782698812811,240
basic_1BT,4382428,2782703232469,240
basic_1BT,3229625,2782706497525,240
basic_1BT,3001223,2782709537048,240
basic_1BT,3399122,2782713015522,240
basic_1BT,3165681,2782716230243,240
basic_1BT,3803970,2782720061268,240
basic_1BT,3339133,2782723433386,240
basic_1BT,3717256,2782727181845,240
basic_1BT,3304373,2782730516153,240
basic_1BT,3560305,2782734106759,240
basic_1BT,3115086,2782737251378,240
basic_1BT,2799055,2782740080463,240
basic_1BT,4021074,2782744142139,240
basic_1BT,3663431,2782747838068,240
basic_1BT,3755386,2782751622169,240
basic_1BT,3371884,2782755047922,240
basic_1BT,3250942,2782758330225,240
basic_1BT,2441284,2782760804712,240
basic_1BT,4448487,2782765290114,240
basic_1BT,3515668,2782768837988,240
basic_1BT,4331075,2782773209397,240
basic_1BT,3239711,2782776479310,240
basic_1BT,2989772,2782779500992,240
basic_1BT,3613180,2782783170086,240
basic_1BT,3999313,2782787227307,240
basic_1BT,3408927,2782790664276,240
basic_1BT,3332873,2782794051506,240
basic_1BT,3499732,2782797582919,240
basic_1BT,3505257,2782801119477,240
basic_1BT,3508147,2782804685485,240
basic_1BT,3527627,2782808270177,240
basic_1BT,2602699,2782810903462,240
basic_1BT,3375136,2782814316459,240
basic_1BT,3422436,2782817777959,240
basic_1BT,4161914,2782821982371,240
basic_1BT,3559027,2782825568677,240
basic_1BT,2940787,2782828539619,240
basic_1BT,3564711,2782832139934,240
basic_1BT,2746665,2782834918018,240
basic_1BT,3295821,2782838246521,240
basic_1BT,3815061,2782842094814,240
basic_1BT,3358644,2782845481529,240
basic_1BT,3099687,2782848609385,240
basic_1BT,3318757,2782851955903,240
basic_1BT,2975927,2782854999646,240
basic_1BT,2752961,2782857782660,240
basic_1BT,2584198,2782860397938,240
basic_1BT,2502420,2782862937836,240
basic_1BT,3324104,2782866289530,240
basic_1BT,3427779,2782869746148,240
basic_1BT,3432312,2782873207184,240
basic_1BT,3317074,2782876560765,240
basic_1BT,2406286,2782878999412,240
basic_1BT,2047966,2782881077761,240
basic_1BT,3088571,2782884194327,240
basic_1BT,3466234,2782887689643,240
basic_1BT,3499430,2782891216340,240
basic_1BT,3409059,2782894655564,240
basic_1BT,3565141,2782898250608,240
basic_1BT,3008054,2782901290905,240
basic_1BT,2863886,2782904185866,240
basic_1BT,3924518,2782908178837,240
basic_1BT,3600091,2782911830994,240
basic_1BT,3061817,2782914921066,240
basic_1BT,3147091,2782918100051,240
basic_1BT,4054720,2782922213461,240
basic_1BT,3429173,2782925673142,240
basic_1BT,3379362,2782929085138,240
basic_1BT,3243375,2782932357779,240
basic_1BT,3331940,2782935724508,240
basic_1BT,2988327,2782938749541,240
basic_1BT,3126435,2782941910604,240
basic_1BT,3895803,2782945848573,240
basic_1BT,3417847,2782949293768,240
basic_1BT,3486644,2782952808950,240
basic_1BT,3050076,2782955885675,240
basic_1BT,3389770,2782959337706,240
basic_1BT,3705527,2782963080042,240
basic_1BT,3400284,2782966509891,240
basic_1BT,3022444,2782969559632,240
basic_1BT,2375172,2782971963485,240
basic_1BT,2213394,2782974203719,240
basic_1BT,2925891,2782977160609,240
basic_1BT,2255272,2782979442932,240
basic_1BT,3465369,2782982949957,240
basic_1BT,3760664,2782986757767,240
basic_1BT,2532694,2782989330580,240
basic_1BT,3109104,2782992472345,240
basic_1BT,1860710,2782994364666,240
basic_1BT,3385411,2782997778570,240
basic_1BT,2914271,2783000719703,240
basic_1BT,3746229,2783004512757,240
basic_1BT,3368281,2783007908522,240
basic_1BT,4188289,2783012136932,240
basic_1BT,2060404,2783014228916,240
basic_1BT,3378356,2783017635249,240
basic_1BT,2345167,2783020020161,240
basic_1BT,2649998,2783022706220,240
basic_1BT,2903888,2783025635091,240
basic_1BT,3366692,2783029042742,240
basic_1BT,3733155,2783032810930,240
basic_1BT,3662152,2783036529684,240
basic_1BT,3143241,2783039702750,240
basic_1BT,3696703,2783043437462,240
basic_1BT,3134537,2783046601817,240
basic_1BT,3676330,2783050328361,240
basic_1BT,3698919,2783054058254,240
basic_1BT,2905430,2783057021512,240
basic_1BT,2997358,2783060049598,240
basic_1BT,3184930,2783063267480,240
basic_1BT,3148812,2783066445049,240
basic_1BT,3534117,2783070027077,240
basic_1BT,3958853,2783074021985,240
basic_1BT,3088875,2783077139988,240
basic_1BT,3314144,2783080483187,240
basic_1BT,3261853,2783083776427,240
basic_1BT,3689753,2783087531016,240
basic_1BT,3376134,2783090940616,240
basic_1BT,3796917,2783094794238,240
basic_1BT,3325945,2783098151092,240
basic_1BT,3275951,2783101459174,240
basic_1BT,4288194,2783105787913,240
basic_1BT,3542022,2783109361428,240
basic_1BT,3362884,2783112755877,240
basic_1BT,3353737,2783116141552,240
basic_1BT,3719745,2783119894950,240
basic_1BT,4097451,2783124025801,240
basic_1BT,2159504,2783126216202,240
basic_1BT,4012545,2783130259720,240
basic_1BT,3901540,2783134201330,240
basic_1BT,3320923,2783137552306,240
basic_1BT,2847927,2783140427529,240
basic_1BT,3005215,2783143462496,240
basic_1BT,4242404,2783147741814,240
basic_1BT,3526190,2783151299149,240
basic_1BT,3224694,2783154554576,240
basic_1BT,3431215,2783158023048,240
basic_1BT,4206234,2783162272863,240
basic_1BT,3395049,2783165700671,240
basic_1BT,3593176,2783169348837,240
basic_1BT,3523704,2783172903543,240
basic_1BT,3421464,2783176358373,240
basic_1BT,3535221,2783179948964,240
basic_1BT,3747276,2783183724841,240
basic_1BT,3457838,2783187214971,240
basic_1BT,3394664,2783190643663,240
basic_1BT,3984755,2783194667447,240
basic_1BT,3443498,2783198169632,240
basic_1BT,3450328,2783201650475,240
basic_1BT,3550663,2783205234496,240
basic_1BT,4038762,2783209314011,240
basic_1BT,3118534,2783212464220,240
basic_1BT,3702708,2783216203630,240
basic_1BT,2965905,2783219200718,240
basic_1BT,3193775,2783222424630,240
basic_1BT,2932231,2783225396287,240
basic_1BT,3569839,2783228998453,240
basic_1BT,3338606,2783232364593,240
basic_1BT,3581140,2783236035440,240
basic_1BT,3420643,2783239491870,240
basic_1BT,3775838,2783243295540,240
basic_1BT,3276861,2783246604759,240
basic_1BT,3721776,2783250367089,240
basic_1BT,3472636,2783253871957,240
basic_1BT,3643767,2783257554943,240
basic_1BT,3997744,2783261593748,240
basic_1BT,3389753,2783265016867,240
basic_1BT,3801716,2783268859406,240
basic_1BT,3025312,2783271917181,240
basic_1BT,3240958,2783275191409,240
basic_1BT,3567086,2783278793552,240
basic_1BT,3602552,2783282428224,240
basic_1BT,3241050,2783285698793,240
basic_1BT,3047309,2783288776533,240
basic_1BT,2893956,2783291727684,240
basic_1BT,4229610,2783295993792,240
basic_1BT,3225000,2783299266368,240
basic_1BT,3640069,2783302932259,240
basic_1BT,3027367,2783305986910,240
basic_1BT,3501813,2783309545106,240
basic_1BT,3126561,2783312727022,240
basic_1BT,3864382,2783316626668,240
basic_1BT,3145951,2783319802247,240
basic_1BT,4213470,2783324088606,240
basic_1BT,3383029,2783327502990,240
basic_1BT,3344933,2783330876940,240
basic_1BT,3218027,2783334151789,240
basic_1BT,2868026,2783337051563,240
basic_1BT,2603630,2783339687081,240
basic_1BT,2730426,2783342444113,240
basic_1BT,3621885,2783346096042,240
basic_1BT,3632642,2783349762786,240
basic_1BT,3117972,2783352911649,240
basic_1BT,3362984,2783356304198,240
basic_1BT,3309394,2783359648407,240
basic_1BT,3090367,2783362769057,240
basic_1BT,2997395,2783365812010,240
basic_1BT,3361918,2783369211700,240
basic_1BT,3253701,2783372508819,240
basic_1BT,2703089,2783375242745,240
basic_1BT,3623979,2783378919934,240
basic_1BT,3487282,2783382462831,240
basic_1BT,3562297,2783386073536,240
basic_1BT,3369620,2783389475095,240
basic_1BT,3678014,2783393190985,240
basic_1BT,4248448,2783397480660,240
basic_1BT,3580664,2783401093613,240
basic_1BT,2935674,2783404060957,240
basic_1BT,3812748,2783407927660,240
basic_1BT,3349939,2783411304948,240
basic_1BT,3594075,2783414926710,240
basic_1BT,3060491,2783418014076,240
basic_1BT,3143351,2783421185757,240
basic_1BT,3488662,2783424738804,240
basic_1BT,3051776,2783427823505,240
basic_1BT,4166887,2783432058418,240
basic_1BT,3335563,2783435424591,240
basic_1BT,3302808,2783438755681,240
basic_1BT,3131054,2783441916521,240
basic_1BT,3262300,2783445205617,240
basic_1BT,2956409,2783448189643,240
basic_1BT,2548907,2783450770942,240
basic_1BT,3695883,2783454502227,240
basic_1BT,3225596,2783457782736,240
basic_1BT,3559170,2783461380559,240
basic_1BT,3705504,2783465121887,240
basic_1BT,3599032,2783468761820,240
basic_1BT,3469179,2783472284346,240
basic_1BT,2192881,2783474541295,240
basic_1BT,2126515,2783476705795,240
basic_1BT,3303835,2783480036999,240
basic_1BT,2983537,2783483047966,240
basic_1BT,4160597,2783487268100,240
basic_1BT,3558311,2783490857972,240
basic_1BT,3368360,2783494256640,240
basic_1BT,3203468,2783497489908,240
basic_1BT,2108901,2783499626633,240
basic_1BT,2312052,2783501976847,240
basic_1BT,2453363,2783504460198,240
basic_1BT,2914575,2783507401756,240
basic_1BT,2828070,2783510261144,240
basic_1BT,3395305,2783513680937,240
basic_1BT,3106705,2783516813729,240
basic_1BT,2526779,2783519365353,240
basic_1BT,2660281,2783522049383,240
basic_1BT,2842481,2783524932262,240
basic_1BT,3986613,2783528958411,240
basic_1BT,3421153,2783532416627,240
basic_1BT,1925682,2783534381835,240
basic_1BT,3033468,2783537439371,240
basic_1BT,3946413,2783541459703,240
basic_1BT,3463894,2783544954937,240
basic_1BT,3692878,2783548677875,240
basic_1BT,3114575,2783551821736,240
basic_1BT,3082196,2783554932499,240
basic_1BT,3799607,2783558760368,240
basic_1BT,3263497,2783562074146,240
basic_1BT,1932218,2783564036956,240
basic_1BT,2354594,2783566432783,240
basic_1BT,3321366,2783569783579,240
basic_1BT,3224642,2783573040101,240
basic_1BT,3078998,2783576143694,240
basic_1BT,3196996,2783579365925,240
basic_1BT,3204064,2783582614601,240
basic_1BT,2967400,2783585608135,240
basic_1BT,3280392,2783588916700,240
basic_1BT,3352114,2783592301556,240
basic_1BT,2688394,2783595023409,240
basic_1BT,3461421,2783598532650,240
basic_1BT,3550623,2783602110025,240
basic_1BT,2102335,2783604257259,240
basic_1BT,1890495,2783606179913,240
basic_1BT,3046469,2783609253777,240
basic_1BT,3202617,2783612485585,240
basic_1BT,3220539,2783615762635,240
basic_1BT,3465358,2783619287537,240
basic_1BT,3061761,2783622390086,240
basic_1BT,3364620,2783625784613,240
basic_1BT,4044660,2783629867568,240
basic_1BT,2024242,2783631920253,240
basic_1BT,2164812,2783634122339,240
basic_1BT,2925472,2783637075454,240
basic_1BT,3391664,2783640493862,240
basic_1BT,3122471,2783643645067,240
basic_1BT,3316099,2783646987981,240
basic_1BT,3886734,2783650904541,240
basic_1BT,3420666,2783654354168,240
basic_1BT,3601827,2783657984747,240
basic_1BT,3660613,2783661675512,240
basic_1BT,3347474,2783665054122,240
basic_1BT,3470808,2783668556570,240
basic_1BT,3082892,2783671669231,240
basic_1BT,3118578,2783674815143,240
basic_1BT,3882380,2783678736905,240
basic_1BT,3429203,2783682196505,240
basic_1BT,4088667,2783686333392,240
basic_1BT,2971617,2783689334786,240
basic_1BT,3249355,2783692614943,240
basic_1BT,2650800,2783695302612,240
basic_1BT,4516279,2783699856565,240
basic_1BT,2905420,2783702791953,240
basic_1BT,3273897,2783706095461,240
basic_1BT,3133296,2783709281598,240
basic_1BT,4097633,2783713416491,240
basic_1BT,4041531,2783717491733,240
basic_1BT,3300405,2783720845731,240
basic_1BT,3275366,2783724152680,240
basic_1BT,3631374,2783727849504,240
basic_1BT,3407988,2783731291856,240
basic_1BT,4185387,2783735520654,240
basic_1BT,3093992,2783738645659,240
basic_1BT,3445325,2783742153077,240
basic_1BT,2313361,2783744528301,240
basic_1BT,4655714,2783749223775,240
basic_1BT,2314884,2783751574166,240
basic_1BT,4507962,2783756121552,240
basic_1BT,3614718,2783759792067,240
basic_1BT,3276486,2783763094872,240
basic_1BT,2557416,2783765704645,240
basic_1BT,3950174,2783769689901,240
basic_1BT,4326852,2783774056384,240
basic_1BT,3457379,2783777567156,240
basic_1BT,3565058,2783781161952,240
basic_1BT,3120769,2783784312884,240
basic_1BT,3270566,2783787612471,240
basic_1BT,3225478,2783790865931,240
basic_1BT,3704113,2783794603057,240
basic_1BT,3998851,2783798642830,240
basic_1BT,2911360,2783801585780,240
basic_1BT,3256589,2783804875083,240
basic_1BT,3366929,2783808285022,240
basic_1BT,3599757,2783811913391,240
basic_1BT,2458242,2783814404371,240
basic_1BT,3717485,2783818161677,240
basic_1BT,3167871,2783821366266,240
basic_1BT,3319024,2783824723612,240
basic_1BT,3616790,2783828374776,240
basic_1BT,2882053,2783831287373,240
basic_1BT,3460275,2783834782897,240
basic_1BT,2884729,2783837722109,240
basic_1BT,2129995,2783839882579,240
basic_1BT,3230590,2783843160562,240
basic_1BT,2966654,2783846153919,240
basic_1BT,3567896,2783849749499,240
basic_1BT,3687878,2783853466062,240
basic_1BT,3015010,2783856511246,240
basic_1BT,3525641,2783860069744,240
basic_1BT,3647441,2783863747259,240
basic_1BT,3645696,2783867429621,240
basic_1BT,3142882,2783870604341,240
basic_1BT,2877382,2783873518783,240
basic_1BT,3938822,2783877516337,240
basic_1BT,3352965,2783880897924,240
basic_1BT,3355565,2783884283170,240
basic_1BT,3313932,2783887627116,240
basic_1BT,3180633,2783890832989,240
basic_1BT,3320405,2783894192468,240
basic_1BT,3851902,2783898071597,240
basic_1BT,2975055,2783901084710,240
basic_1BT,3443994,2783904600539,240
basic_1BT,3042573,2783907668581,240
basic_1BT,4901462,2783912595406,240
basic_1BT,3127450,2783915745901,240
basic_1BT,4554532,2783920330923,240
basic_1BT,2965112,2783923319156,240
basic_1BT,2638242,2783925980496,240
basic_1BT,3013401,2783929017441,240
basic_1BT,2258061,2783931313115,240
basic_1BT,3076897,2783934436400,240
basic_1BT,1849827,2783936310672,240
basic_1BT,2345436,2783938681360,240
basic_1BT,3114013,2783941824906,240
basic_1BT,3134688,2783944989938,240
basic_1BT,2236007,2783947258560,240
basic_1BT,1848489,2783949139712,240
basic_1BT,2965750,2783952131130,240
basic_1BT,2742008,2783954898056,240
basic_1BT,3008126,2783957942233,240
basic_1BT,2568567,2783960535884,240
basic_1BT,3278395,2783963849288,240
basic_1BT,1774165,2783965682114,240
basic_1BT,2944991,2783968659791,240
basic_1BT,1801252,2783970491127,240
basic_1BT,3321292,2783973842141,240
basic_1BT,2326975,2783976219475,240
basic_1BT,2761618,2783979015151,240
basic_1BT,1694844,2783980733015,240
basic_1BT,3170927,2783983926895,240
basic_1BT,4691751,2783988651842,240
basic_1BT,3230739,2783991911927,240
basic_1BT,1863982,2783993810689,240
basic_1BT,3594760,2783997430581,240
basic_1BT,3353849,2784000809592,240
basic_1BT,3028304,2784003863936,240
basic_1BT,1879959,2784005810480,240
basic_1BT,3782002,2784009619291,240
basic_1BT,3805772,2784013457927,240
basic_1BT,3374015,2784016855674,240
basic_1BT,3423846,2784020303201,240
basic_1BT,2582550,2784022910740,240
basic_1BT,3173085,2784026106738,240
basic_1BT,3040086,2784029171886,240
basic_1BT,3019755,2784032216744,240
basic_1BT,2595791,2784034838874,240
basic_1BT,3265265,2784038130066,240
basic_1BT,3222481,2784041379614,240
basic_1BT,3333308,2784044740262,240
basic_1BT,2864969,2784047639951,240
basic_1BT,3149998,2784050812064,240
basic_1BT,3525093,2784054361044,240
basic_1BT,3707277,2784058092851,240
basic_1BT,3054203,2784061176211,240
basic_1BT,3072679,2784064280960,240
basic_1BT,3061629,2784067370797,240
basic_1BT,3341892,2784070737752,240
basic_1BT,3477585,2784074241805,240
basic_1BT,3391098,2784077660206,240
basic_1BT,3451374,2784081143271,240
basic_1BT,3488847,2784084660023,240
basic_1BT,3072659,2784087761221,240
basic_1BT,3015311,2784090801996,240
basic_1BT,3720649,2784094548742,240
basic_1BT,2772412,2784097347440,240
basic_1BT,3257760,2784100651715,240
basic_1BT,2955818,2784103634308,240
basic_1BT,3275919,2784106935403,240
basic_1BT,3135031,2784110129307,240
basic_1BT,3095817,2784113250860,240
basic_1BT,2787135,2784116064149,240
basic_1BT,3174201,2784119264578,240
basic_1BT,3332507,2784122624165,240
basic_1BT,3396148,2784126047821,240
basic_1BT,3629709,2784129709217,240
basic_1BT,3403657,2784133143953,240
basic_1BT,3295053,2784136469918,240
basic_1BT,3057526,2784139582407,240
basic_1BT,3571475,2784143186887,240
basic_1BT,3123588,2784146333861,240
basic_1BT,4426382,2784150798919,240
basic_1BT,3138783,2784153966345,240
basic_1BT,3185765,2784157180091,240
basic_1BT,3475718,2784160686409,240
basic_1BT,2967125,2784163681427,240
basic_1BT,2930790,2784166637625,240
basic_1BT,3771359,2784170432621,240
basic_1BT,3291006,2784173748021,240
basic_1BT,3717469,2784177494957,240
basic_1BT,3142857,2784180667947,240
basic_1BT,2935713,2784183633843,240
basic_1BT,3395262,2784187055058,240
basic_1BT,3432655,2784190513973,240
basic_1BT,3000037,2784193539655,240
basic_1BT,3238463,2784196807717,240
basic_1BT,3426704,2784200261124,240
basic_1BT,2828802,2784203117018,240
basic_1BT,3272421,2784206414556,240
basic_1BT,3239802,2784209688250,240
basic_1BT,3418970,2784213136935,240
basic_1BT,3561867,2784216726687,240
basic_1BT,3590043,2784220346666,240
basic_1BT,3546450,2784223923768,240
basic_1BT,3268569,2784227220622,240
basic_1BT,3610789,2784230862462,240
basic_1BT,3275819,2784234167674,240
basic_1BT,3647423,2784237866604,240
basic_1BT,3066626,2784240961962,240
basic_1BT,3424525,2784244417008,240
basic_1BT,2965218,2784247424166,240
basic_1BT,3964318,2784251427107,240
basic_1BT,3316412,2784254776599,240
basic_1BT,3153601,2784257959352,240
basic_1BT,3279463,2784261288905,240
basic_1BT,2770186,2784264101990,240
basic_1BT,4060732,2784268200789,240
basic_1BT,3249182,2784271478872,240
basic_1BT,2716608,2784274221008,240
basic_1BT,3239562,2784277522828,240
basic_1BT,4036647,2784281621275,240
basic_1BT,3549045,2784285200240,240
basic_1BT,3305221,2784288534566,240
basic_1BT,3279160,2784291842531,240
basic_1BT,3202684,2784295072594,240
basic_1BT,3807104,2784298913090,240
basic_1BT,3451287,2784302393487,240
basic_1BT,3225440,2784305651390,240
basic_1BT,2267334,2784307951083,240
basic_1BT,1925765,2784309912107,240
basic_1BT,3045607,2784312983516,240
basic_1BT,3703968,2784316720200,240
basic_1BT,3202701,2784319950173,240
basic_1BT,4060443,2784324038455,240
basic_1BT,3344174,2784327439043,240
basic_1BT,3674465,2784331168084,240
basic_1BT,3110093,2784334310622,240
basic_1BT,3819579,2784338168142,240
basic_1BT,3405193,2784341606185,240
basic_1BT,3218018,2784344852659,240
basic_1BT,2431407,2784347313030,240
basic_1BT,3762785,2784351105866,240
basic_1BT,3578103,2784354724575,240
basic_1BT,3087897,2784357840090,240
basic_1BT,4229094,2784362138967,240
basic_1BT,3454861,2784365620396,240
basic_1BT,3529350,2784369210017,240
basic_1BT,3058839,2784372299937,240
basic_1BT,2358321,2784374716277,240
basic_1BT,4450729,2784379204669,240
basic_1BT,2313846,2784381569858,240
basic_1BT,4041808,2784385639862,240
basic_1BT,2225700,2784387935222,240
basic_1BT,1979240,2784389947337,240
basic_1BT,3452366,2784393427080,240
basic_1BT,3510028,2784396965543,240
basic_1BT,3571250,2784400565055,240
basic_1BT,3887613,2784404480427,240
basic_1BT,2966404,2784407481745,240
basic_1BT,3350329,2784410863639,240
basic_1BT,2236425,2784413132774,240
basic_1BT,1858387,2784415026639,240
basic_1BT,3052402,2784418102087,240
basic_1BT,3397008,2784421534222,240
basic_1BT,2761614,2784424322341,240
basic_1BT,3431655,2784427779563,240
basic_1BT,1800754,2784429617548,240
basic_1BT,3119900,2784432765268,240
basic_1BT,2093982,2784434893830,240
basic_1BT,1877503,2784436800242,240
basic_1BT,3103311,2784439932629,240
basic_1BT,3829491,2784443789187,240
basic_1BT,3407473,2784447232634,240
basic_1BT,2374223,2784449635699,240
basic_1BT,3196622,2784452860514,240
basic_1BT,3060170,2784455950630,240
basic_1BT,2036242,2784458020633,240
basic_1BT,3035762,2784461084015,240
basic_1BT,3053945,2784464166693,240
basic_1BT,2884928,2784467080441,240
basic_1BT,3502695,2784470629906,240
basic_1BT,2387767,2784473044832,240
basic_1BT,2456617,2784475531164,240
basic_1BT,2530123,2784478103039,240
basic_1BT,3377351,2784481507238,240
basic_1BT,3377059,2784484911514,240
basic_1BT,2467495,2784487406887,240
basic_1BT,3800711,2784491233556,240
basic_1BT,3312777,2784494589483,240
basic_1BT,2638814,2784497260690,240
basic_1BT,3474414,2784500765165,240
basic_1BT,2717224,2784503521918,240
basic_1BT,3080262,2784506628290,240
basic_1BT,2394610,2784509061561,240
basic_1BT,2608079,2784511695644,240
basic_1BT,3805351,2784515535054,240
basic_1BT,3048300,2784518611584,240
basic_1BT,2580346,2784521220382,240
basic_1BT,2146923,2784523404024,240
basic_1BT,2640967,2784526077450,240
basic_1BT,2396058,2784528500017,240
basic_1BT,2641330,2784531169282,240
basic_1BT,2558636,2784533758723,240
basic_1BT,2588389,2784536390832,240
basic_1BT,3041600,2784539456716,240
basic_1BT,2991839,2784542477139,240
basic_1BT,2500365,2784545004816,240
basic_1BT,2992513,2784548023724,240
basic_1BT,2544814,2784550596232,240
basic_1BT,2744439,2784553365988,240
basic_1BT,3400437,2784556794004,240
basic_1BT,3092653,2784559914377,240
basic_1BT,2694190,2784562671990,240
basic_1BT,3578185,2784566277860,240
basic_1BT,3672391,2784569988837,240
basic_1BT,3052793,2784573079798,240
basic_1BT,3565461,2784576688647,240
basic_1BT,3566971,2784580313931,240
basic_1BT,3569957,2784583925351,240
basic_1BT,3390020,2784587344142,240
basic_1BT,3143461,2784590516801,240
basic_1BT,3210115,2784593758661,240
basic_1BT,3049569,2784596843879,240
basic_1BT,3267686,2784600143304,240
basic_1BT,3364346,2784603546303,240
basic_1BT,3532527,2784607119701,240
basic_1BT,3387510,2784610534034,240
basic_1BT,3921753,2784614497408,240
basic_1BT,3486061,2784618010637,240
basic_1BT,2234726,2784620277559,240
basic_1BT,2267374,2784622584421,240
basic_1BT,3092212,2784625705164,240
basic_1BT,3250239,2784628986873,240
basic_1BT,3831204,2784632900137,240
basic_1BT,3348940,2784636320917,240
basic_1BT,4029448,2784640390421,240
basic_1BT,3140403,2784643574560,240
basic_1BT,3827330,2784647469731,240
basic_1BT,3043242,2784650545745,240
basic_1BT,3668925,2784654279849,240
basic_1BT,3394187,2784657732919,240
basic_1BT,3285895,2784661084773,240
basic_1BT,3176737,2784664292204,240
basic_1BT,3472843,2784667796591,240
basic_1BT,4080826,2784671915339,240
basic_1BT,3275768,2784675222682,240
basic_1BT,3374094,2784678626798,240
basic_1BT,3842394,2784682516370,240
basic_1BT,3402644,2784685949825,240
basic_1BT,3195207,2784689176346,240
basic_1BT,3568175,2784692803719,240
basic_1BT,3808684,2784696650964,240
basic_1BT,3439118,2784700145541,240
basic_1BT,3264937,2784703443096,240
basic_1BT,4112566,2784707593201,240
basic_1BT,3815337,2784711440220,240
basic_1BT,2201247,2784713697841,240
basic_1BT,3725980,2784717460923,240
basic_1BT,3182591,2784720675524,240
basic_1BT,4073891,2784724800727,240
basic_1BT,2970975,2784727818384,240
basic_1BT,3651431,2784731514155,240
basic_1BT,2345569,2784733907995,240
basic_1BT,1768420,2784735707634,240
basic_1BT,3339714,2784739075226,240
basic_1BT,3466471,2784742578374,240
basic_1BT,3866441,2784746500111,240
basic_1BT,3465317,2784749995243,240
basic_1BT,2735719,2784752785330,240
basic_1BT,3640207,2784756468541,240
basic_1BT,2639950,2784759138232,240
basic_1BT,3436605,2784762607779,240
basic_1BT,3315317,2784765951948,240
basic_1BT,2087034,2784768067036,240
basic_1BT,3169124,2784771268367,240
basic_1BT,3087673,2784774384334,240
basic_1BT,3268217,2784777680081,240
basic_1BT,3547535,2784781295523,240
basic_1BT,3713938,2784785041949,240
basic_1BT,3311203,2784788388868,240
basic_1BT,3852659,2784792276864,240
basic_1BT,3473400,2784795782806,240
basic_1BT,3289848,2784799104303,240
basic_1BT,3510950,2784802645305,240
basic_1BT,4088826,2784806769371,240
basic_1BT,3627587,2784810429981,240
basic_1BT,3305810,2784813770508,240
basic_1BT,3585817,2784817392224,240
basic_1BT,3424367,2784820856521,240
basic_1BT,3942345,2784824840876,240
basic_1BT,3908744,2784828787739,240
basic_1BT,3422954,2784832266135,240
basic_1BT,3440088,2784835738412,240
basic_1BT,3764935,2784839541818,240
basic_1BT,3642157,2784843217143,240
basic_1BT,3538522,2784846788160,240
basic_1BT,3523361,2784850379313,240
basic_1BT,3120861,2784853531280,240
basic_1BT,2657082,2784856226589,240
basic_1BT,4146398,2784860413325,240
basic_1BT,4084166,2784864538420,240
basic_1BT,3383593,2784867951310,240
basic_1BT,3497015,2784871476732,240
basic_1BT,3385775,2784874893432,240
basic_1BT,3366265,2784878300439,240
basic_1BT,3563270,2784881894919,240
basic_1BT,3559029,2784885486672,240
basic_1BT,3325513,2784888844952,240
basic_1BT,3897957,2784892784943,240
basic_1BT,3488761,2784896329214,240
basic_1BT,3624033,2784899981596,240
basic_1BT,3437306,2784903483335,240
basic_1BT,3232341,2784906744699,240
basic_1BT,3515248,2784910295007,240
basic_1BT,2842335,2784913193930,240
basic_1BT,2547375,2784915775900,240
basic_1BT,4042278,2784919877465,240
basic_1BT,2392082,2784922296588,240
basic_1BT,2522678,2784924856498,240
basic_1BT,2255206,2784927139515,240
basic_1BT,3334432,2784930499827,240
basic_1BT,3626339,2784934153911,240
basic_1BT,3354101,2784937534602,240
basic_1BT,3949765,2784941514655,240
basic_1BT,2303691,2784943874233,240
basic_1BT,4860581,2784948772518,240
basic_1BT,3679911,2784952518362,240
basic_1BT,3338654,2784955911975,240
basic_1BT,3606390,2784959581973,240
basic_1BT,3300251,2784962912954,240
basic_1BT,2551607,2784965500045,240
basic_1BT,4310712,2784969860970,240
basic_1BT,3966725,2784973860760,240
basic_1BT,3587213,2784977504662,240
basic_1BT,3236050,2784980774830,240
basic_1BT,4106799,2784984949606,240
basic_1BT,2946147,2784987954323,240
basic_1BT,3716467,2784991736059,240
basic_1BT,3431569,2784995199007,240
basic_1BT,3279233,2784998508985,240
basic_1BT,3727429,2785002271602,240
basic_1BT,3488304,2785005791689,240
basic_1BT,3793377,2785009619879,240
basic_1BT,3340546,2785013017436,240
basic_1BT,3593032,2785016644193,240
basic_1BT,3942158,2785020626951,240
basic_1BT,3454847,2785024110400,240
basic_1BT,4022398,2785028166224,240
basic_1BT,3635182,2785031860890,240
basic_1BT,3488750,2785035407712,240
basic_1BT,3522684,2785038985753,240
basic_1BT,3608443,2785042624033,240
basic_1BT,3821005,2785046474895,240
basic_1BT,3663105,2785050169300,240
basic_1BT,3174190,2785053375412,240
basic_1BT,3198513,2785056605827,240
basic_1BT,3112729,2785059747053,240
basic_1BT,3341399,2785063115933,240
basic_1BT,1895117,2785065039243,240
basic_1BT,2143397,2785067229388,240
basic_1BT,3315186,2785070577920,240
basic_1BT,3341032,2785073947593,240
basic_1BT,3193639,2785077169915,240
basic_1BT,3293116,2785080492645,240
basic_1BT,3345779,2785083868231,240
basic_1BT,3147137,2785087042942,240
basic_1BT,3545821,2785090632609,240
basic_1BT,3627492,2785094287277,240
basic_1BT,2942774,2785097257488,240
basic_1BT,3557557,2785100843388,240
basic_1BT,3228982,2785104101831,240
basic_1BT,2406234,2785106545264,240
basic_1BT,2272048,2785108854979,240
basic_1BT,2915971,2785111797243,240
basic_1BT,1933293,2785113756000,240
basic_1BT,1968161,2785115769464,240
basic_1BT,3088013,2785118882711,240
basic_1BT,3317386,2785122227641,240
basic_1BT,3839464,2785126093746,240
basic_1BT,3139819,2785129261211,240
basic_1BT,3675471,2785132965719,240
basic_1BT,3331569,2785136326792,240
basic_1BT,3485089,2785139867582,240
basic_1BT,3328656,2785143226572,240
basic_1BT,2352541,2785145611056,240
basic_1BT,3524973,2785149174124,240
basic_1BT,2827391,2785152037825,240
basic_1BT,2722221,2785154791430,240
basic_1BT,3096650,2785157913961,240
basic_1BT,3092928,2785161034970,240
basic_1BT,3355717,2785164421025,240
basic_1BT,2864218,2785167315457,240
basic_1BT,3262891,2785170606323,240
basic_1BT,3596123,2785174231898,240
basic_1BT,3466911,2785177726272,240
basic_1BT,2135103,2785179898428,240
basic_1BT,1758470,2785181693880,240
basic_1BT,3615168,2785185340218,240
basic_1BT,3204356,2785188575843,240
basic_1BT,3057721,2785191664552,240
basic_1BT,2524175,2785194218502,240
basic_1BT,3317608,2785197577700,240
basic_1BT,2345265,2785199957995,240
basic_1BT,2162539,2785202141213,240
basic_1BT,3014320,2785205177727,240
basic_1BT,2519473,2785207727216,240
basic_1BT,4478225,2785212231164,240
basic_1BT,3055721,2785215339015,240
basic_1BT,2517345,2785217880534,240
basic_1BT,1682578,2785219597924,240
basic_1BT,3299208,2785222941643,240
basic_1BT,1741427,2785224746366,240
basic_1BT,1936562,2785226707435,240
basic_1BT,1995716,2785228728256,240
basic_1BT,2451863,2785231214182,240
basic_1BT,2164000,2785233408447,240
basic_1BT,2831508,2785236264387,240
basic_1BT,2755899,2785239045038,240
basic_1BT,2474253,2785241543119,240
basic_1BT,3398776,2785244969269,240
basic_1BT,3324760,2785248322237,240
basic_1BT,3688227,2785252039406,240
basic_1BT,3303544,2785255372303,240
basic_1BT,3605289,2785259004742,240
basic_1BT,3787502,2785262857265,240
basic_1BT,3223506,2785266108319,240
basic_1BT,2866482,2785269039849,240
basic_1BT,3552877,2785272633467,240
basic_1BT,2290608,2785274954973,240
basic_1BT,1918905,2785276912742,240
basic_1BT,3086632,2785280028348,240
basic_1BT,1803552,2785281879451,240
basic_1BT,2351931,2785284268827,240
basic_1BT,3118381,2785287418245,240
basic_1BT,3888401,2785291363624,240
basic_1BT,3440833,2785294834278,240
basic_1BT,3820202,2785298680961,240
basic_1BT,3265421,2785301976677,240
basic_1BT,2654220,2785304670592,240
basic_1BT,2682880,2785307383188,240
basic_1BT,2267446,2785309680787,240
basic_1BT,3156503,2785312862172,240
basic_1BT,2697688,2785315584754,240
basic_1BT,2874896,2785318483504,240
basic_1BT,3415155,2785321940778,240
basic_1BT,3382439,2785325370696,240
basic_1BT,3308401,2785328746367,240
basic_1BT,3373285,2785332156605,240
basic_1BT,2506064,2785334698511,240
basic_1BT,4066691,2785338795062,240
basic_1BT,3976895,2785342824830,240
basic_1BT,3933339,2785346805795,240
basic_1BT,2930086,2785349769651,240
basic_1BT,4149691,2785353959247,240
basic_1BT,3510738,2785357501720,240
basic_1BT,3355234,2785360888128,240
basic_1BT,4093216,2785365022233,240
basic_1BT,3226826,2785368279954,240
basic_1BT,3961306,2785372275807,240
basic_1BT,3201080,2785375507745,240
basic_1BT,3520829,2785379061018,240
basic_1BT,4040308,2785383136449,240
basic_1BT,3471157,2785386645838,240
basic_1BT,3582771,2785390293448,240
basic_1BT,3048669,2785393376473,240
basic_1BT,2698320,2785396105901,240
basic_1BT,2741538,2785398882671,240
basic_1BT,2312325,2785401233402,240
basic_1BT,3144653,2785404404424,240
basic_1BT,2949092,2785407382090,240
basic_1BT,3573671,2785410980339,240
basic_1BT,3269761,2785414279159,240
basic_1BT,3241116,2785417548569,240
basic_1BT,3344197,2785420923078,240
basic_1BT,3108008,2785424062028,240
basic_1BT,3240904,2785427334060,240
basic_1BT,3518713,2785430882143,240
basic_1BT,3329665,2785434242338,240
basic_1BT,2915532,2785437188671,240
basic_1BT,3551419,2785440777987,240
basic_1BT,3981391,2785444800353,240
basic_1BT,3352222,2785448182211,240
basic_1BT,3132287,2785451345287,240
basic_1BT,3721685,2785455097949,240
basic_1BT,2957314,2785458086398,240
basic_1BT,3867389,2785462022905,240
basic_1BT,3520550,2785465580546,240
basic_1BT,3553793,2785469172615,240
basic_1BT,2735084,2785471965726,240
basic_1BT,2856881,2785475650031,240
basic_1BT,3601968,2785479281563,240
basic_1BT,3327300,2785482643273,240
basic_1BT,3340971,2785486013683,240
basic_1BT,3429448,2785489472951,240
basic_1BT,3305209,2785492807868,240
basic_1BT,3533326,2785496371610,240
basic_1BT,3311917,2785499712961,240
basic_1BT,3099034,2785502839942,240
basic_1BT,3577671,2785506457361,240
basic_1BT,3055635,2785509544442,240
basic_1BT,3904087,2785513508646,240
basic_1BT,3593932,2785517138417,240
basic_1BT,3146265,2785520316388,240
basic_1BT,3689788,2785524043538,240
basic_1BT,3626248,2785527702739,240
basic_1BT,3512574,2785531247779,240
basic_1BT,4396222,2785535687487,240
basic_1BT,3374646,2785539099039,240
basic_1BT,3364864,2785542495554,240
basic_1BT,3315130,2785545841217,240
basic_1BT,3065587,2785548937083,240
basic_1BT,3963991,2785552963475,240
basic_1BT,3200904,2785556198430,240
basic_1BT,3602554,2785559834907,240
basic_1BT,3258092,2785563121935,240
basic_1BT,2521557,2785565688424,240
basic_1BT,3092421,2785568817023,240
basic_1BT,2566103,2785571431830,240
basic_1BT,2185334,2785573663367,240
basic_1BT,2863597,2785576570517,240
basic_1BT,2178617,2785578785043,240
basic_1BT,3248820,2785582057646,240
basic_1BT,1896672,2785583988282,240
basic_1BT,3164750,2785587197193,240
basic_1BT,3774821,2785591042131,240
basic_1BT,3503256,2785594573960,240
basic_1BT,3912823,2785598527095,240
basic_1BT,3691134,2785602276235,240
basic_1BT,3776882,2785606108505,240
basic_1BT,3476953,2785609641622,240
basic_1BT,3233417,2785612909305,240
basic_1BT,3573753,2785616515518,240
basic_1BT,3532066,2785620078435,240
basic_1BT,4338284,2785624458742,240
basic_1BT,3308573,2785627798539,240
basic_1BT,3028255,2785630857391,240
basic_1BT,3872544,2785634797556,240
basic_1BT,3380287,2785638208751,240
basic_1BT,3538626,2785641777506,240
basic_1BT,3502752,2785645310114,240
basic_1BT,3582002,2785648919937,240
basic_1BT,3627632,2785652605256,240
basic_1BT,3748145,2785656384299,240
basic_1BT,3252538,2785659667358,240
basic_1BT,3656340,2785663378286,240
basic_1BT,3668115,2785667077912,240
basic_1BT,3335448,2785670444473,240
basic_1BT,3270931,2785673748372,240
basic_1BT,3579170,2785677375037,240
basic_1BT,3307493,2785680712699,240
basic_1BT,3516468,2785684266901,240
basic_1BT,3060603,2785687358627,240
basic_1BT,4037654,2785691434171,240
basic_1BT,3609257,2785695072893,240
basic_1BT,3279577,2785698382642,240
basic_1BT,3754069,2785702200330,240
basic_1BT,3347654,2785705604149,240
basic_1BT,3363868,2785708999259,240
basic_1BT,4293541,2785713334896,240
basic_1BT,3889212,2785717255437,240
basic_1BT,3337618,2785720625030,240
basic_1BT,3654565,2785724312690,240
basic_1BT,3021700,2785727366410,240
basic_1BT,3197816,2785730591186,240
basic_1BT,3579693,2785734244385,240
basic_1BT,3026106,2785737300448,240
basic_1BT,3349205,2785740681620,240
basic_1BT,3159787,2785743891522,240
basic_1BT,3266349,2785747186647,240
basic_1BT,3288263,2785750506623,240
basic_1BT,2969201,2785753516919,240
basic_1BT,3221129,2785756778001,240
basic_1BT,4154400,2785761014334,240
basic_1BT,3477241,2785764520931,240
basic_1BT,3505204,2785768056967,240
basic_1BT,3571985,2785771659566,240
basic_1BT,3464390,2785775151646,240
basic_1BT,3733933,2785778914583,240
basic_1BT,3221815,2785782190254,240
basic_1BT,3292151,2785785532897,240
basic_1BT,3792977,2785789365364,240
basic_1BT,3232078,2785792629557,240
basic_1BT,3324146,2785795982253,240
basic_1BT,2851634,2785798878984,240
basic_1BT,3374191,2785802286385,240
basic_1BT,4039178,2785806370638,240
basic_1BT,3332858,2785809732753,240
basic_1BT,3689949,2785813456252,240
basic_1BT,51508184,2785865006977,240
basic_1BT,3478047,2785868520079,240
basic_1BT,3432952,2785871998474,240
basic_1BT,4313895,2785876377911,240
basic_1BT,3297140,2785879716518,240
basic_1BT,3187201,2785882929562,240
basic_1BT,2445197,2785885408285,240
basic_1BT,1943786,2785887382787,240
basic_1BT,3298900,2785890709638,240
basic_1BT,3309345,2785894048686,240
basic_1BT,3250871,2785897328945,240
basic_1BT,3654589,2785901011891,240
basic_1BT,3070758,2785904111729,240
basic_1BT,3019347,2785907184017,240
basic_1BT,3966330,2785911188581,240
basic_1BT,3444014,2785914662770,240
basic_1BT,3697338,2785918415495,240
basic_1BT,3743584,2785922194536,240
basic_1BT,3723933,2785925951513,240
basic_1BT,3490509,2785929477912,240
basic_1BT,3581799,2785933093045,240
basic_1BT,3341992,2785936467331,240
basic_1BT,3789286,2785940322312,240
basic_1BT,2574563,2785942928577,240
basic_1BT,3634734,2785946598183,240
basic_1BT,3421203,2785950051090,240
basic_1BT,4136264,2785954224957,240
basic_1BT,3344033,2785957621315,240
basic_1BT,3450427,2785961108498,240
basic_1BT,3830083,2785964980946,240
basic_1BT,3813867,2785968830914,240
basic_1BT,3258049,2785972122361,240
basic_1BT,3736511,2785975895727,240
basic_1BT,3788408,2785979717406,240
basic_1BT,3795133,2785983569721,240
basic_1BT,4188633,2785987799457,240
basic_1BT,3370720,2785991202446,240
basic_1BT,3534061,2785994789333,240
basic_1BT,3415481,2785998253070,240
basic_1BT,3162772,2786001447330,240
basic_1BT,3557362,2786005046006,240
basic_1BT,3522313,2786008609419,240
basic_1BT,3640688,2786012282584,240
basic_1BT,3644538,2786015956974,240
basic_1BT,3659452,2786019643840,240
basic_1BT,2958819,2786022632096,240
basic_1BT,2992292,2786025655246,240
basic_1BT,3844682,2786029532426,240
basic_1BT,3482798,2786033051853,240
basic_1BT,2838561,2786035948233,240
basic_1BT,3561847,2786039561753,240
basic_1BT,3218122,2786042810230,240
basic_1BT,3834667,2786046672285,240
basic_1BT,3550150,2786050250873,240
basic_1BT,3470184,2786053748921,240
basic_1BT,2117435,2786055921944,240
basic_1BT,2239034,2786058190818,240
basic_1BT,3126107,2786061347124,240
basic_1BT,3343132,2786064740934,240
basic_1BT,2327296,2786067114536,240
basic_1BT,1898490,2786069042412,240
basic_1BT,3282346,2786072376527,240
basic_1BT,3304511,2786075710144,240
basic_1BT,3133382,2786078870482,240
basic_1BT,3519457,2786082443089,240
basic_1BT,3715888,2786086229561,240
basic_1BT,3778202,2786090067733,240
basic_1BT,3257743,2786093352073,240
basic_1BT,4114952,2786097515933,240
basic_1BT,3252473,2786100802434,240
basic_1BT,3709849,2786104544177,240
basic_1BT,3408161,2786108028054,240
basic_1BT,3762157,2786111824016,240
basic_1BT,3829787,2786115684530,240
basic_1BT,3232990,2786118949600,240
basic_1BT,3896261,2786122880017,240
basic_1BT,3806832,2786126719637,240
basic_1BT,3443047,2786130196684,240
basic_1BT,4120249,2786134353256,240
basic_1BT,3185127,2786137569330,240
basic_1BT,3657213,2786141262655,240
basic_1BT,2956326,2786144250880,240
basic_1BT,3561274,2786147847211,240
basic_1BT,3429425,2786151305544,240
basic_1BT,3592806,2786154938548,240
basic_1BT,2559551,2786157529668,240
basic_1BT,2951117,2786160523438,240
basic_1BT,3396056,2786163960899,240
basic_1BT,4372627,2786168361649,240
basic_1BT,3133270,2786171522361,240
basic_1BT,2962454,2786174512620,240
basic_1BT,3369199,2786177911907,240
basic_1BT,3557370,2786181502860,240
basic_1BT,3880426,2786185424022,240
basic_1BT,3430132,2786188888164,240
basic_1BT,4245097,2786193175636,240
basic_1BT,3374685,2786196580404,240
basic_1BT,3131869,2786199741692,240
basic_1BT,3694912,2786203464885,240
basic_1BT,3589435,2786207083809,240
basic_1BT,2958878,2786210072306,240
basic_1BT,2900754,2786213002667,240
basic_1BT,3124844,2786216183630,240
basic_1BT,3909549,2786220134002,240
basic_1BT,3391456,2786223554848,240
basic_1BT,3285156,2786226864962,240
basic_1BT,3362195,2786230281464,240
basic_1BT,3214075,2786233527536,240
basic_1BT,3792014,2786237354968,240
basic_1BT,3057373,2786240445755,240
basic_1BT,4094726,2786244579809,240
basic_1BT,2278315,2786246890994,240
basic_1BT,4223135,2786251151339,240
basic_1BT,3628395,2786254832615,240
basic_1BT,2997397,2786257860227,240
basic_1BT,3736050,2786261669673,240
basic_1BT,3745189,2786265478266,240
basic_1BT,3518730,2786269053771,240
basic_1BT,3335092,2786272418540,240
basic_1BT,3376676,2786275850462,240
basic_1BT,3497893,2786279403675,240
basic_1BT,3421696,2786282880763,240
basic_1BT,3668722,2786286583067,240
basic_1BT,3398902,2786290015278,240
basic_1BT,3463307,2786293569392,240
basic_1BT,3964629,2786297571831,240
basic_1BT,3662698,2786301265724,240
basic_1BT,2981698,2786304277106,240
basic_1BT,3984308,2786308302395,240
basic_1BT,3243673,2786311576919,240
basic_1BT,4210334,2786315824989,240
basic_1BT,3038994,2786318896309,240
basic_1BT,3707603,2786322695484,240
basic_1BT,2975743,2786325700669,240
basic_1BT,3008298,2786328744090,240
basic_1BT,3428816,2786332202078,240
basic_1BT,3516428,2786335754543,240
basic_1BT,3475256,2786339259682,240
basic_1BT,3848121,2786343160324,240
basic_1BT,3480136,2786346672161,240
basic_1BT,3666424,2786350374636,240
basic_1BT,3886321,2786354298207,240
basic_1BT,3212942,2786357542993,240
basic_1BT,3051612,2786360629994,240
basic_1BT,4150581,2786364853108,240
basic_1BT,3315295,2786368198209,240
basic_1BT,3568537,2786371799237,240
basic_1BT,3993482,2786375828495,240
basic_1BT,3473718,2786379350860,240
basic_1BT,3615530,2786383012269,240
basic_1BT,3815247,2786386913725,240
basic_1BT,3019629,2786389961981,240
basic_1BT,3340811,2786393332679,240
basic_1BT,3906277,2786397279553,240
basic_1BT,3040866,2786400351828,240
basic_1BT,3882043,2786404274139,240
basic_1BT,3583811,2786407889570,240
basic_1BT,3447720,2786411364823,240
basic_1BT,3167394,2786414584942,240
basic_1BT,3521172,2786418148866,240
basic_1BT,4487682,2786422670933,240
basic_1BT,3694626,2786426395906,240
basic_1BT,3672314,2786430098918,240
basic_1BT,3227305,2786433373757,240
basic_1BT,3691613,2786437160990,240
basic_1BT,3536564,2786440727694,240
basic_1BT,3423807,2786444180747,240
basic_1BT,3647581,2786447858636,240
basic_1BT,3193165,2786451080809,240
basic_1BT,3576895,2786454686819,240
basic_1BT,3198746,2786457914213,240
basic_1BT,2357385,2786460325276,240
basic_1BT,4413019,2786464778215,240
basic_1BT,3534236,2786468351139,240
basic_1BT,3712863,2786472105927,240
basic_1BT,3869181,2786476027961,240
basic_1BT,3517666,2786479582281,240
basic_1BT,3200187,2786482812239,240
basic_1BT,3454154,2786486296884,240
basic_1BT,4352979,2786490690254,240
basic_1BT,3233250,2786493953987,240
basic_1BT,3352346,2786497358203,240
basic_1BT,3222798,2786500652689,240
basic_1BT,3990976,2786504678070,240
basic_1BT,3429173,2786508137747,240
basic_1BT,3527745,2786511697358,240
basic_1BT,3620280,2786515345836,240
basic_1BT,2018963,2786517396903,240
basic_1BT,2455777,2786519886073,240
basic_1BT,2319535,2786522270092,240
basic_1BT,3173299,2786525474841,240
basic_1BT,2978434,2786528485830,240
basic_1BT,3288171,2786531798625,240
basic_1BT,3258715,2786535080023,240
basic_1BT,2348235,2786537451619,240
basic_1BT,1826507,2786539306698,240
basic_1BT,3284684,2786542617370,240
basic_1BT,3424702,2786546075201,240
basic_1BT,2026996,2786548153221,240
basic_1BT,2133538,2786550314712,240
basic_1BT,3267417,2786553606268,240
basic_1BT,3626615,2786557280870,240
basic_1BT,3472381,2786560780101,240
basic_1BT,2353776,2786563183359,240
basic_1BT,2077775,2786565298427,240
basic_1BT,2895412,2786568248374,240
basic_1BT,3501561,2786571776088,240
basic_1BT,3293194,2786575095540,240
basic_1BT,3622951,2786578744286,240
basic_1BT,2988710,2786581763615,240
basic_1BT,2214237,2786584043020,240
basic_1BT,2014135,2786586091301,240
basic_1BT,3244636,2786589365658,240
basic_1BT,3379228,2786592771574,240
basic_1BT,3062511,2786595861813,240
basic_1BT,3917728,2786599818393,240
basic_1BT,3222728,2786603076189,240
basic_1BT,3390047,2786606499923,240
basic_1BT,3518558,2786610050545,240
basic_1BT,3327473,2786613412520,240
basic_1BT,4057304,2786617531395,240
basic_1BT,3124155,2786620688359,240
basic_1BT,3887664,2786624616543,240
basic_1BT,3319435,2786627966242,240
basic_1BT,3121515,2786631116558,240
basic_1BT,3558533,2786634703949,240
basic_1BT,3292084,2786638025596,240
basic_1BT,3882436,2786641954645,240
basic_1BT,3647867,2786645634227,240
basic_1BT,3079405,2786648744475,240
basic_1BT,4001545,2786652786943,240
basic_1BT,3138318,2786655958213,240
basic_1BT,4145388,2786660136463,240
basic_1BT,3522003,2786663689553,240
basic_1BT,3580298,2786667299154,240
basic_1BT,3056008,2786670386630,240
basic_1BT,4065657,2786674495917,240
basic_1BT,2992690,2786677518262,240
basic_1BT,3405035,2786680953721,240
basic_1BT,4264914,2786685261383,240
basic_1BT,3687803,2786688980825,240
basic_1BT,3339824,2786692351547,240
basic_1BT,3638393,2786696048043,240
basic_1BT,3424595,2786699530254,240
basic_1BT,3993898,2786703560856,240
basic_1BT,3803772,2786707394009,240
basic_1BT,3224069,2786710650923,240
basic_1BT,3405921,2786714099309,240
basic_1BT,3825819,2786717963524,240
basic_1BT,3258105,2786721250331,240
basic_1BT,3287701,2786724565824,240
basic_1BT,2981367,2786727577381,240
basic_1BT,3403548,2786731010542,240
basic_1BT,3648069,2786734708209,240
basic_1BT,3364734,2786738102750,240
basic_1BT,3167240,2786741300981,240
basic_1BT,3552113,2786744898777,240
basic_1BT,4084440,2786749018190,240
basic_1BT,3631969,2786752681854,240
basic_1BT,3351670,2786756064482,240
basic_1BT,2974367,2786759069252,240
basic_1BT,3155654,2786762253297,240
basic_1BT,3608274,2786765891942,240
basic_1BT,4200455,2786770131641,240
basic_1BT,3346659,2786773510631,240
basic_1BT,3742417,2786777284732,240
basic_1BT,2110208,2786779426370,240
basic_1BT,2510927,2786781968987,240
basic_1BT,2822896,2786784825394,240
basic_1BT,3430804,2786788286201,240
basic_1BT,3520351,2786791837243,240
basic_1BT,2913095,2786794777831,240
basic_1BT,3604913,2786798433559,240
basic_1BT,3779351,2786802242987,240
basic_1BT,3672554,2786805944279,240
basic_1BT,3784236,2786809757073,240
basic_1BT,3520728,2786813331835,240
basic_1BT,3695875,2786817111912,240
basic_1BT,3120516,2786820263951,240
basic_1BT,3964712,2786824293060,240
basic_1BT,2928893,2786827252765,240
basic_1BT,3826689,2786831108120,240
basic_1BT,3391413,2786834528748,240
basic_1BT,3195555,2786837754764,240
basic_1BT,3360987,2786841151491,240
basic_1BT,3989257,2786845176316,240
basic_1BT,3162444,2786848370309,240
basic_1BT,3554035,2786851960492,240
basic_1BT,3670986,2786855713951,240
basic_1BT,3299512,2786859043061,240
basic_1BT,3661105,2786862734105,240
basic_1BT,3229578,2786865993486,240
basic_1BT,2897434,2786868920966,240
basic_1BT,3421772,2786872375679,240
basic_1BT,4075440,2786876495420,240
basic_1BT,3088532,2786879639082,240
basic_1BT,3674408,2786883369977,240
basic_1BT,2272856,2786885673185,240
basic_1BT,2888402,2786888602021,240
basic_1BT,2219638,2786890855070,240
basic_1BT,3637441,2786894545522,240
basic_1BT,3160507,2786897762060,240
basic_1BT,3657314,2786901448044,240
basic_1BT,3416216,2786904893363,240
basic_1BT,3466560,2786908410849,240
basic_1BT,3715342,2786912153847,240
basic_1BT,3052400,2786915235236,240
basic_1BT,3827267,2786919102507,240
basic_1BT,4181583,2786923319027,240
basic_1BT,3669080,2786927025906,240
basic_1BT,3051234,2786930108619,240
basic_1BT,2603098,2786932742196,240
basic_1BT,3118440,2786935900517,240
basic_1BT,2671169,2786938602863,240
basic_1BT,4318942,2786942959891,240
basic_1BT,3511645,2786946497580,240
basic_1BT,2210917,2786948734003,240
basic_1BT,2098525,2786950872136,240
basic_1BT,3026915,2786953922666,240
basic_1BT,3445152,2786957398467,240
basic_1BT,2192288,2786959651517,240
basic_1BT,2116563,2786961795873,240
basic_1BT,3311989,2786965137526,240
basic_1BT,2951963,2786968115459,240
basic_1BT,3699081,2786971847943,240
basic_1BT,3157516,2786975029813,240
basic_1BT,3718285,2786978777120,240
basic_1BT,3245861,2786982078404,240
basic_1BT,3363977,2786985482407,240
basic_1BT,2444849,2786987971049,240
basic_1BT,2058759,2786990057051,240
basic_1BT,3101115,2786993184804,240
basic_1BT,3754622,2786996966035,240
basic_1BT,3161335,2787000156641,240
basic_1BT,3845135,2787004039841,240
basic_1BT,3525113,2787007595700,240
basic_1BT,3428793,2787011081245,240
basic_1BT,3616219,2787014731099,240
basic_1BT,4052043,2787018820255,240
basic_1BT,3217117,2787022066618,240
basic_1BT,3443210,2787025542155,240
basic_1BT,3838947,2787029423135,240
basic_1BT,3881727,2787033335952,240
basic_1BT,3420950,2787036787609,240
basic_1BT,3239382,2787040057119,240
basic_1BT,3025195,2787043113293,240
basic_1BT,3723947,2787046900979,240
basic_1BT,3666612,2787050597838,240
basic_1BT,3435450,2787054064361,240
basic_1BT,3381349,2787057476139,240
basic_1BT,2788159,2787060294290,240
basic_1BT,3617113,2787063951922,240
basic_1BT,3436696,2787067432814,240
basic_1BT,3530202,2787070993271,240
basic_1BT,3309834,2787074334526,240
basic_1BT,3482338,2787077851556,240
basic_1BT,2905995,2787080789272,240
basic_1BT,3309699,2787084132672,240
basic_1BT,3362643,2787087527588,240
basic_1BT,3275261,2787090829078,240
basic_1BT,3434151,2787094291155,240
basic_1BT,3953504,2787098284437,240
basic_1BT,2932101,2787101268565,240
basic_1BT,4033414,2787105344341,240
basic_1BT,3863993,2787109269175,240
basic_1BT,3812737,2787113117589,240
basic_1BT,3688178,2787116841334,240
basic_1BT,3697177,2787120575066,240
basic_1BT,3233909,2787123845539,240
basic_1BT,3141326,2787127012747,240
basic_1BT,2694448,2787129735221,240
basic_1BT,2728629,2787132503521,240
basic_1BT,2567644,2787135107849,240
basic_1BT,2929712,2787138061801,240
basic_1BT,3519122,2787141610031,240
basic_1BT,3285648,2787144923740,240
basic_1BT,3617317,2787148603513,240
basic_1BT,3430738,2787152088788,240
basic_1BT,3553299,2787155674150,240
basic_1BT,3234979,2787158943369,240
basic_1BT,3752284,2787162730150,240
basic_1BT,3752104,2787166553462,240
basic_1BT,3628768,2787170219101,240
basic_1BT,3416387,2787173691623,240
basic_1BT,3729917,2787177459809,240
basic_1BT,3888952,2787181389713,240
basic_1BT,3667085,2787185092186,240
basic_1BT,3043491,2787188169488,240
basic_1BT,4214551,2787192424037,240
basic_1BT,3214984,2787195667692,240
basic_1BT,3259271,2787198954224,240
basic_1BT,3627775,2787202632360,240
basic_1BT,3160811,2787205826149,240
basic_1BT,3427811,2787209287018,240
basic_1BT,3980717,2787213308028,240
basic_1BT,3296263,2787216633937,240
basic_1BT,2855919,2787219520831,240
basic_1BT,3856626,2787223408409,240
basic_1BT,3873691,2787227316824,240
basic_1BT,3779362,2787231134309,240
basic_1BT,2217526,2787233383154,240
basic_1BT,4209891,2787237633328,240
basic_1BT,3439247,2787241112893,240
basic_1BT,3866671,2787245019457,240
basic_1BT,3485076,2787248532920,240
basic_1BT,2453346,2787251036316,240
basic_1BT,4291038,2787255356993,240
basic_1BT,3566677,2787258962898,240
basic_1BT,3548678,2787262553485,240
basic_1BT,3929337,2787266522541,240
basic_1BT,3342431,2787269899497,240
basic_1BT,4078065,2787274020137,240
basic_1BT,2823321,2787276875465,240
basic_1BT,3414305,2787280331592,240
basic_1BT,3462886,2787283824973,240
basic_1BT,3373965,2787287228079,240
basic_1BT,3113436,2787290370599,240
basic_1BT,3362688,2787293780224,240
basic_1BT,3818034,2787297629402,240
basic_1BT,3431548,2787301091476,240
basic_1BT,4203376,2787305334868,240
basic_1BT,3306957,2787308675732,240
basic_1BT,3055506,2787311764100,240
basic_1BT,3468485,2787315285139,240
basic_1BT,4326294,2787319656619,240
basic_1BT,3499368,2787323208346,240
basic_1BT,2981790,2787326218056,240
basic_1BT,3648993,2787329899363,240
basic_1BT,3407414,2787333342098,240
basic_1BT,3462119,2787336844403,240
basic_1BT,3794290,2787340678478,240
basic_1BT,3289139,2787344024219,240
basic_1BT,4157420,2787348223243,240
basic_1BT,3354502,2787351607348,240
basic_1BT,3598902,2787355259153,240
basic_1BT,3610950,2787358900336,240
basic_1BT,3266721,2787362198551,240
basic_1BT,3730179,2787365959760,240
basic_1BT,3605790,2787369596831,240
basic_1BT,3461475,2787373089515,240
basic_1BT,3653334,2787376785833,240
basic_1BT,3134761,2787379974868,240
basic_1BT,4268070,2787384304098,240
basic_1BT,3024384,2787387358602,240
basic_1BT,3222223,2787390613565,240
basic_1BT,3895998,2787394544160,240
basic_1BT,2924262,2787397517036,240
basic_1BT,3210759,2787400760073,240
basic_1BT,2427044,2787403218234,240
basic_1BT,4231976,2787407485879,240
basic_1BT,3241560,2787410768447,240
basic_1BT,2793157,2787413589840,240
basic_1BT,4193615,2787417831374,240
basic_1BT,3374033,2787421247458,240
basic_1BT,2650207,2787423951413,240
basic_1BT,3243889,2787427222211,240
basic_1BT,2475952,2787429745432,240
basic_1BT,3118384,2787432891376,240
basic_1BT,3180642,2787436100680,240
basic_1BT,3123462,2787439251479,240
basic_1BT,3658965,2787442942221,240
basic_1BT,1929493,2787444940683,240
basic_1BT,1851021,2787446831676,240
basic_1BT,3484066,2787450347373,240
basic_1BT,3419890,2787453797125,240
basic_1BT,2912322,2787456738708,240
basic_1BT,3404113,2787460180260,240
basic_1BT,3652186,2787463884657,240
basic_1BT,3623114,2787467580675,240
basic_1BT,3695065,2787471310571,240
basic_1BT,3158666,2787474499152,240
basic_1BT,3374488,2787477902994,240
basic_1BT,3675558,2787481607331,240
basic_1BT,3459088,2787485095422,240
basic_1BT,3234079,2787488361001,240
basic_1BT,3304812,2787491698608,240
basic_1BT,3869816,2787495625324,240
basic_1BT,3768567,2787499430896,240
basic_1BT,3500453,2787503009066,240
basic_1BT,3270948,2787506318576,240
basic_1BT,3246433,2787509609641,240
basic_1BT,3638597,2787513288828,240
basic_1BT,3221332,2787516540377,240
basic_1BT,4007174,2787520590386,240
basic_1BT,2047464,2787522669769,240
basic_1BT,4316501,2787527018526,240
basic_1BT,3526643,2787530578755,240
basic_1BT,3938859,2787534558537,240
basic_1BT,3009735,2787537597724,240
basic_1BT,3358298,2787540986457,240
basic_1BT,3850087,2787544878002,240
basic_1BT,3729529,2787548637106,240
basic_1BT,3438116,2787552108968,240
basic_1BT,3834755,2787555973810,240
basic_1BT,3518646,2787559777905,240
basic_1BT,3169387,2787562976919,240
basic_1BT,3317048,2787566349424,240
basic_1BT,3935691,2787570329276,240
basic_1BT,3768092,2787574152445,240
basic_1BT,3453667,2787577666504,240
basic_1BT,4178218,2787581884973,240
basic_1BT,3337874,2787585256335,240
basic_1BT,3323410,2787588634687,240
basic_1BT,4258440,2787592935836,240
basic_1BT,3257285,2787596246592,240
basic_1BT,2799225,2787599090859,240
basic_1BT,3835785,2787602964731,240
basic_1BT,3512729,2787606510677,240
basic_1BT,3342015,2787609882312,240
basic_1BT,4196048,2787614123448,240
basic_1BT,3520018,2787617676116,240
basic_1BT,3155156,2787620879781,240
basic_1BT,4260578,2787625174284,240
basic_1BT,3250914,2787628454736,240
basic_1BT,3174901,2787631662047,240
basic_1BT,3429689,2787635131126,240
basic_1BT,2520456,2787637707410,240
basic_1BT,4578004,2787642325644,240
basic_1BT,3483130,2787645880260,240
basic_1BT,3862682,2787649777101,240
basic_1BT,2999224,2787652805721,240
basic_1BT,2316235,2787655162391,240
basic_1BT,1958304,2787657147637,240
basic_1BT,3381482,2787660554749,240
basic_1BT,2833964,2787663416911,240
basic_1BT,3484466,2787666974901,240
basic_1BT,2507142,2787669533148,240
basic_1BT,3323942,2787672885765,240
basic_1BT,1878604,2787674796106,240
basic_1BT,3665365,2787678510102,240
basic_1BT,3308981,2787681847900,240
basic_1BT,3365584,2787685242349,240
basic_1BT,3521091,2787688792227,240
basic_1BT,3296062,2787692124800,240
basic_1BT,2036460,2787694192212,240
basic_1BT,1938064,2787696159012,240
basic_1BT,2800257,2787698988563,240
basic_1BT,3409724,2787702425766,240
basic_1BT,3414811,2787705870074,240
basic_1BT,2761559,2787708660947,240
basic_1BT,3215391,2787711912465,240
basic_1BT,3793805,2787715734059,240
basic_1BT,2462705,2787718237359,240
basic_1BT,2070663,2787720347421,240
basic_1BT,2838512,2787723214617,240
basic_1BT,3513593,2787726756000,240
basic_1BT,3280895,2787730066531,240
basic_1BT,2458686,2787732567683,240
basic_1BT,4067510,2787736684591,240
basic_1BT,3515903,2787740268956,240
basic_1BT,3709077,2787744019054,240
basic_1BT,2644090,2787746716143,240
basic_1BT,3027928,2787749779096,240
basic_1BT,2240821,2787752048406,240
basic_1BT,2885179,2787754994278,240
basic_1BT,3558969,2787758599591,240
basic_1BT,3602687,2787762231103,240
basic_1BT,3384387,2787765646320,240
basic_1BT,3579723,2787769290006,240
basic_1BT,3500430,2787772822564,240
basic_1BT,3726643,2787776590278,240
basic_1BT,3888442,2787780515214,240
basic_1BT,3206924,2787783752006,240
basic_1BT,3207161,2787786992420,240
basic_1BT,3687029,2787790719010,240
basic_1BT,3343905,2787794094818,240
basic_1BT,3399929,2787797550133,240
basic_1BT,3799945,2787801385816,240
basic_1BT,3122043,2787804538302,240
basic_1BT,3538699,2787808112293,240
basic_1BT,3328617,2787811474650,240
basic_1BT,3738071,2787815249999,240
basic_1BT,3620899,2787818926303,240
basic_1BT,3599826,2787822555826,240
basic_1BT,3427246,2787826014185,240
basic_1BT,3259077,2787829326998,240
basic_1BT,2157813,2787831517943,240
basic_1BT,3647543,2787835196911,240
basic_1BT,3579383,2787838808072,240
basic_1BT,3228883,2787842090017,240
basic_1BT,3871366,2787846009024,240
basic_1BT,2750825,2787848786502,240
basic_1BT,3106312,2787851924136,240
basic_1BT,3730985,2787855691680,240
basic_1BT,4223240,2787859953413,240
basic_1BT,3185159,2787863169852,240
basic_1BT,3487356,2787866689405,240
basic_1BT,3646960,2787870368768,240
basic_1BT,3612706,2787874011150,240
basic_1BT,3544170,2787877586396,240
basic_1BT,3418932,2787881059225,240
basic_1BT,3449390,2787884539799,240
basic_1BT,2083203,2787886655629,240
basic_1BT,3303174,2787889990576,240
basic_1BT,3501879,2787893532984,240
basic_1BT,3530997,2787897089054,240
basic_1BT,3163440,2787900276576,240
basic_1BT,3530676,2787903840832,240
basic_1BT,3500920,2787907385071,240
basic_1BT,3619378,2787911042907,240
basic_1BT,3816350,2787914896006,240
basic_1BT,3498866,2787918427292,240
basic_1BT,4253670,2787922730020,240
basic_1BT,3204652,2787925973560,240
basic_1BT,4231831,2787930277146,240
basic_1BT,3394631,2787933706946,240
basic_1BT,3576008,2787937314119,240
basic_1BT,3640839,2787940988404,240
basic_1BT,3102889,2787944121614,240
basic_1BT,3827005,2787947990038,240
basic_1BT,3230240,2787951268400,240
basic_1BT,3991183,2787955317246,240
basic_1BT,3345870,2787958693662,240
basic_1BT,3304120,2787962046226,240
basic_1BT,3480351,2787965558959,240
basic_1BT,3287805,2787968880957,240
basic_1BT,3724668,2787972640415,240
basic_1BT,3664904,2787976342010,240
basic_1BT,3694412,2787980068990,240
basic_1BT,3836669,2787983979794,240
basic_1BT,3450234,2787987481499,240
basic_1BT,3341898,2787990855064,240
basic_1BT,3409294,2787994299516,240
basic_1BT,3328097,2787997658938,240
basic_1BT,3997683,2788001719944,240
basic_1BT,3630765,2788005409165,240
basic_1BT,3382009,2788008821883,240
basic_1BT,3473514,2788012330985,240
basic_1BT,3946153,2788016317385,240
basic_1BT,3502316,2788019851926,240
basic_1BT,3514552,2788023407762,240
basic_1BT,3605864,2788027065333,240
basic_1BT,3676019,2788030773680,240
basic_1BT,3285762,2788034089525,240
basic_1BT,3690280,2788037821289,240
basic_1BT,3623380,2788041475464,240
basic_1BT,3378943,2788044885976,240
basic_1BT,3345481,2788048265891,240
basic_1BT,4315175,2788052623738,240
basic_1BT,3340423,2788055999120,240
basic_1BT,3165956,2788059236931,240
basic_1BT,4061235,2788063335812,240
basic_1BT,3035859,2788066402615,240
basic_1BT,3262196,2788069697601,240
basic_1BT,4161255,2788073898913,240
basic_1BT,2977728,2788076906589,240
basic_1BT,3538985,2788080479993,240
basic_1BT,3603896,2788084121858,240
basic_1BT,4111665,2788088273987,240
basic_1BT,3361566,2788091667447,240
basic_1BT,3499197,2788095195727,240
basic_1BT,3507013,2788098758224,240
basic_1BT,3455132,2788102242504,240
basic_1BT,3264699,2788105537620,240
basic_1BT,3441129,2788109009301,240
basic_1BT,2935013,2788111972519,240
basic_1BT,3150929,2788115150277,240
basic_1BT,2905546,2788118111715,240
basic_1BT,3569089,2788121714747,240
basic_1BT,3497762,2788125277504,240
basic_1BT,3797583,2788129125703,240
basic_1BT,2019561,2788131174904,240
basic_1BT,1815969,2788133021693,240
basic_1BT,3196076,2788136271862,240
basic_1BT,3216621,2788139523496,240
basic_1BT,3736924,2788143290657,240
basic_1BT,3679851,2788147011090,240
basic_1BT,3479845,2788150522476,240
basic_1BT,2281211,2788152833394,240
basic_1BT,3381308,2788156255049,240
basic_1BT,2213578,2788158499161,240
basic_1BT,2956734,2788161481348,240
basic_1BT,3248046,2788164774713,240
basic_1BT,3385776,2788168190060,240
basic_1BT,3799691,2788172029431,240
basic_1BT,4169058,2788176240814,240
basic_1BT,3469607,2788179743101,240
basic_1BT,3468373,2788183241111,240
basic_1BT,3309204,2788186582156,240
basic_1BT,4392109,2788191015414,240
basic_1BT,3246597,2788194293686,240
basic_1BT,3603879,2788197928387,240
basic_1BT,3352375,2788201311438,240
basic_1BT,3764595,2788205135363,240
basic_1BT,3633507,2788208797675,240
basic_1BT,2936919,2788211764977,240
basic_1BT,3872689,2788215675413,240
basic_1BT,3020912,2788218728219,240
basic_1BT,3565475,2788222346678,240
basic_1BT,3236692,2788225613489,240
basic_1BT,3436383,2788229089373,240
basic_1BT,4129310,2788233249754,240
basic_1BT,3193208,2788236477140,240
basic_1BT,3538756,2788240047977,240
basic_1BT,3760035,2788243841040,240
basic_1BT,2690214,2788246582685,240
basic_1BT,4103627,2788250720345,240
basic_1BT,3385756,2788254137938,240
basic_1BT,4088214,2788258262829,240
basic_1BT,3349530,2788261667502,240
basic_1BT,3687939,2788265384657,240
basic_1BT,3431157,2788268849208,240
basic_1BT,3552909,2788272432395,240
basic_1BT,3230108,2788275693717,240
basic_1BT,3410903,2788279137271,240
basic_1BT,3389954,2788282562043,240
basic_1BT,3655078,2788286252695,240
basic_1BT,4046182,2788290339845,240
basic_1BT,3567695,2788293937318,240
basic_1BT,2962903,2788296955583,240
basic_1BT,3145173,2788300146876,240
basic_1BT,3241321,2788303426764,240
basic_1BT,3788165,2788307251033,240
basic_1BT,3113725,2788310396810,240
basic_1BT,3285013,2788313731354,240
basic_1BT,3522515,2788317288543,240
basic_1BT,3859483,2788321183930,240
basic_1BT,2096945,2788323311210,240
basic_1BT,4103598,2788327445011,240
basic_1BT,3334117,2788330835490,240
basic_1BT,3089205,2788333964402,240
basic_1BT,3231415,2788337250364,240
basic_1BT,3690660,2788341003726,240
basic_1BT,3592194,2788344623625,240
basic_1BT,3710107,2788348360226,240
basic_1BT,3437741,2788351852703,240
basic_1BT,3242309,2788355150480,240
basic_1BT,4457309,2788359670640,240
basic_1BT,3731156,2788363433338,240
basic_1BT,3828102,2788367292735,240
basic_1BT,3343226,2788370690796,240
basic_1BT,3210549,2788373932815,240
basic_1BT,3803384,2788377841877,240
basic_1BT,3675814,2788381549066,240
basic_1BT,3583582,2788385165498,240
basic_1BT,3436460,2788388633251,240
basic_1BT,3357596,2788392023709,240
basic_1BT,4231100,2788396297950,240
basic_1BT,3406457,2788399759559,240
basic_1BT,3739382,2788403552213,240
basic_1BT,3638938,2788407247306,240
basic_1BT,3162469,2788410442801,240
basic_1BT,3283978,2788413759531,240
basic_1BT,4192125,2788417992490,240
basic_1BT,3432502,2788421456180,240
basic_1BT,2150383,2788423636863,240
basic_1BT,2652549,2788426338827,240
basic_1BT,3189586,2788429562584,240
basic_1BT,2810677,2788432401972,240
basic_1BT,3101805,2788435532648,240
basic_1BT,3611349,2788439168980,240
basic_1BT,2533200,2788441731382,240
basic_1BT,3504189,2788445265485,240
basic_1BT,2768840,2788448061300,240
basic_1BT,3077128,2788451168251,240
basic_1BT,2996261,2788454192711,240
basic_1BT,2836247,2788457069543,240
basic_1BT,4032075,2788461138170,240
basic_1BT,2246782,2788463422713,240
basic_1BT,1895810,2788465351556,240
basic_1BT,2730267,2788468109972,240
basic_1BT,4095157,2788472242275,240
basic_1BT,3278379,2788475549884,240
basic_1BT,3560552,2788479161146,240
basic_1BT,3416189,2788482637820,240
basic_1BT,3944418,2788486619193,240
basic_1BT,3253430,2788489906415,240
basic_1BT,3384269,2788493330396,240
basic_1BT,4076545,2788497439535,240
basic_1BT,3330057,2788500799703,240
basic_1BT,2792024,2788503621775,240
basic_1BT,3418479,2788507083331,240
basic_1BT,3322364,2788510436693,240
basic_1BT,3811725,2788514282784,240
basic_1BT,3503329,2788517816418,240
basic_1BT,3449450,2788521323404,240
basic_1BT,4070658,2788525438507,240
basic_1BT,3364687,2788528833946,240
basic_1BT,3087998,2788531954076,240
basic_1BT,3588374,2788535578489,240
basic_1BT,3352700,2788538960878,240
basic_1BT,3049677,2788542045141,240
basic_1BT,3277129,2788545351999,240
basic_1BT,3128722,2788548508501,240
basic_1BT,3202732,2788551751352,240
basic_1BT,3271330,2788555058159,240
basic_1BT,3208071,2788558303704,240
basic_1BT,2392794,2788560787173,240
basic_1BT,2015090,2788562841564,240
basic_1BT,3248039,2788566114866,240
basic_1BT,3606928,2788569767835,240
basic_1BT,3129163,2788572926048,240
basic_1BT,3996077,2788576948546,240
basic_1BT,3247495,2788580226157,240
basic_1BT,4342611,2788584610845,240
basic_1BT,3253856,2788587898148,240
basic_1BT,3036958,2788590968074,240
basic_1BT,4005662,2788595013850,240
basic_1BT,3210824,2788598252399,240
basic_1BT,3251501,2788601531803,240
basic_1BT,3552087,2788605133693,240
basic_1BT,3667892,2788608857012,240
basic_1BT,3416849,2788612327958,240
basic_1BT,3417837,2788615778893,240
basic_1BT,3214398,2788619021547,240
basic_1BT,3042526,2788622118562,240
basic_1BT,3793999,2788625946090,240
basic_1BT,3414894,2788629391363,240
basic_1BT,3682923,2788633111542,240
basic_1BT,3391566,2788636559630,240
basic_1BT,3982447,2788640606829,240
basic_1BT,3259575,2788643898197,240
basic_1BT,3450029,2788647403156,240
basic_1BT,3471023,2788650905405,240
basic_1BT,3744707,2788654683555,240
basic_1BT,3130248,2788657860483,240
basic_1BT,3625142,2788661515880,240
basic_1BT,3084038,2788664631469,240
basic_1BT,3679249,2788668343137,240
basic_1BT,3552968,2788671936048,240
basic_1BT,3505872,2788675479284,240
basic_1BT,3640919,2788679154126,240
basic_1BT,3188012,2788682394140,240
basic_1BT,3042229,2788685473861,240
basic_1BT,3529065,2788689057492,240
basic_1BT,3633300,2788692756588,240
basic_1BT,3234074,2788696046410,240
basic_1BT,3984271,2788700090006,240
basic_1BT,3746830,2788703862574,240
basic_1BT,3353232,2788707245138,240
basic_1BT,3283715,2788710562535,240
basic_1BT,3717871,2788714321269,240
basic_1BT,3215599,2788717572282,240
basic_1BT,3693497,2788721303704,240
basic_1BT,3371176,2788724719753,240
basic_1BT,3589923,2788728359316,240
basic_1BT,3680440,2788732068417,240
basic_1BT,3975041,2788736102627,240
basic_1BT,3135200,2788739269024,240
basic_1BT,3174021,2788742472597,240
basic_1BT,4109374,2788746614783,240
basic_1BT,3907046,2788750550776,240
basic_1BT,3146439,2788753727774,240
basic_1BT,3549252,2788757307983,240
basic_1BT,3667773,2788761017567,240
basic_1BT,4235293,2788765294028,240
basic_1BT,3165696,2788768504469,240
basic_1BT,2173379,2788770733387,240
basic_1BT,2272209,2788773041144,240
basic_1BT,2665284,2788775740549,240
basic_1BT,3634142,2788779400429,240
basic_1BT,3248797,2788782677710,240
basic_1BT,3165269,2788785871267,240
basic_1BT,2221683,2788788126140,240
basic_1BT,2297942,2788790452111,240
basic_1BT,3402875,2788793880535,240
basic_1BT,3377758,2788797284453,240
basic_1BT,3535669,2788800847023,240
basic_1BT,3652655,2788804536736,240
basic_1BT,3415710,2788807978950,240
basic_1BT,3607573,2788811648357,240
basic_1BT,4184373,2788815887476,240
basic_1BT,3503884,2788819444582,240
basic_1BT,3764276,2788823239832,240
basic_1BT,3214208,2788826482566,240
basic_1BT,3398473,2788829916373,240
basic_1BT,4047882,2788834036987,240
basic_1BT,3448985,2788837517346,240
basic_1BT,3467504,2788841015316,240
basic_1BT,3406852,2788844457427,240
basic_1BT,4475436,2788848976518,240
basic_1BT,3361178,2788852371454,240
basic_1BT,3212329,2788855614540,240
basic_1BT,3772380,2788859449680,240
basic_1BT,3564808,2788863045661,240
basic_1BT,3164966,2788866241064,240
basic_1BT,3617538,2788869891137,240
basic_1BT,3731791,2788873658520,240
basic_1BT,3635697,2788877344152,240
basic_1BT,3530658,2788880908609,240
basic_1BT,3472615,2788884418718,240
basic_1BT,3421131,2788887878649,240
basic_1BT,3024568,2788890943479,240
basic_1BT,4029950,2788895009910,240
basic_1BT,3269587,2788898309361,240
basic_1BT,3594390,2788901932320,240
basic_1BT,3431135,2788905390435,240
basic_1BT,3045893,2788908463900,240
basic_1BT,3378947,2788911875623,240
basic_1BT,3713983,2788915637637,240
basic_1BT,2779978,2788918449630,240
basic_1BT,3211901,2788921694076,240
basic_1BT,3651507,2788925387770,240
basic_1BT,2806695,2788928257833,240
basic_1BT,3507358,2788931801797,240
basic_1BT,2606191,2788934445561,240
basic_1BT,3828733,2788938311989,240
basic_1BT,3312652,2788941652139,240
basic_1BT,3152774,2788944858873,240
basic_1BT,2169676,2788947060985,240
basic_1BT,2047779,2788949147764,240
basic_1BT,2917640,2788952092183,240
basic_1BT,3278798,2788955397733,240
basic_1BT,2158705,2788957584198,240
basic_1BT,1863948,2788959526666,240
basic_1BT,3081357,2788962635459,240
basic_1BT,4202309,2788966876736,240
basic_1BT,3100474,2788970004083,240
basic_1BT,3503288,2788973557701,240
basic_1BT,3348725,2788976939012,240
basic_1BT,3779032,2788980761213,240
basic_1BT,3338230,2788984131239,240
basic_1BT,3854382,2788988028878,240
basic_1BT,3616313,2788991678266,240
basic_1BT,3215983,2788994924916,240
basic_1BT,3066431,2788998023329,240
basic_1BT,4112882,2789002216361,240
basic_1BT,3374333,2789005620586,240
basic_1BT,3668832,2789009319170,240
basic_1BT,3511271,2789012886647,240
basic_1BT,3743161,2789016685260,240
basic_1BT,3159220,2789019875034,240
basic_1BT,2328870,2789022232178,240
basic_1BT,1929959,2789024204167,240
basic_1BT,3227586,2789027463485,240
basic_1BT,3468649,2789030960872,240
basic_1BT,3472531,2789034463141,240
basic_1BT,3437182,2789037931172,240
basic_1BT,3647273,2789041609022,240
basic_1BT,3432969,2789045071938,240
basic_1BT,3309050,2789048411068,240
basic_1BT,3582732,2789052025337,240
basic_1BT,3313358,2789055369990,240
basic_1BT,3404336,2789058831546,240
basic_1BT,3949438,2789062827450,240
basic_1BT,1918718,2789064799861,240
basic_1BT,2095874,2789066925868,240
basic_1BT,3586827,2789070541507,240
basic_1BT,3199056,2789073771560,240
basic_1BT,2274842,2789076076382,240
basic_1BT,2448831,2789078571376,240
basic_1BT,2743986,2789081348277,240
basic_1BT,3052319,2789084427427,240
basic_1BT,3120985,2789087575109,240
basic_1BT,2921421,2789090523130,240
basic_1BT,3625994,2789094202942,240
basic_1BT,3638629,2789097884714,240
basic_1BT,2225297,2789100142830,240
basic_1BT,2035626,2789102219145,240
basic_1BT,3421446,2789105668044,240
basic_1BT,2967594,2789108664484,240
basic_1BT,3092529,2789111786506,240
basic_1BT,3076339,2789114889053,240
basic_1BT,3388081,2789118315799,240
basic_1BT,4217527,2789122575917,240
basic_1BT,3559314,2789126166034,240
basic_1BT,3565981,2789129763100,240
basic_1BT,3061789,2789132857891,240
basic_1BT,2753186,2789135641362,240
basic_1BT,3891691,2789139587357,240
basic_1BT,3229763,2789142896057,240
basic_1BT,3898279,2789146828851,240
basic_1BT,3015441,2789149875210,240
basic_1BT,3390458,2789153328467,240
basic_1BT,3379479,2789156750581,240
basic_1BT,3524907,2789160309147,240
basic_1BT,3101405,2789163440722,240
basic_1BT,3099644,2789166568566,240
basic_1BT,3210269,2789169805159,240
basic_1BT,3414771,2789173245428,240
basic_1BT,2138521,2789175431566,240
basic_1BT,1885958,2789177347672,240
basic_1BT,3497098,2789180876528,240
basic_1BT,3322690,2789184229331,240
basic_1BT,3193164,2789187452863,240
basic_1BT,2937484,2789190418199,240
basic_1BT,3241479,2789193687390,240
basic_1BT,3344880,2789197071898,240
basic_1BT,3007597,2789200130657,240
basic_1BT,3631982,2789203791458,240
basic_1BT,3216471,2789207046180,240
basic_1BT,2738549,2789209824230,240
basic_1BT,2686846,2789212547648,240
basic_1BT,2644418,2789215219111,240
basic_1BT,3902168,2789219147383,240
basic_1BT,3322690,2789222499471,240
basic_1BT,3575790,2789226105036,240
basic_1BT,3069705,2789229206051,240
basic_1BT,3634832,2789232871908,240
basic_1BT,3570835,2789236502393,240
basic_1BT,3600215,2789240158161,240
basic_1BT,3513013,2789243703981,240
basic_1BT,3208385,2789246966705,240
basic_1BT,4021435,2789251027463,240
basic_1BT,3199131,2789254256464,240
basic_1BT,3467969,2789257755072,240
basic_1BT,3500488,2789261290924,240
basic_1BT,4015932,2789265348932,240
basic_1BT,3296445,2789268676267,240
basic_1BT,4169471,2789272896703,240
basic_1BT,3333080,2789276260933,240
basic_1BT,3930783,2789280225276,240
basic_1BT,2898790,2789283156890,240
basic_1BT,3768080,2789286979362,240
basic_1BT,3312737,2789290321253,240
basic_1BT,3251826,2789293608225,240
basic_1BT,3259338,2789296897158,240
basic_1BT,2705233,2789299642493,240
basic_1BT,4686403,2789304379543,240
basic_1BT,2576824,2789306983758,240
basic_1BT,3232727,2789310237662,240
basic_1BT,3506209,2789313768258,240
basic_1BT,3581442,2789317372854,240
basic_1BT,3131114,2789320549067,240
basic_1BT,3014096,2789323590376,240
basic_1BT,3432497,2789327049431,240
basic_1BT,3565196,2789330646536,240
basic_1BT,2787996,2789333470351,240
basic_1BT,3456451,2789336954408,240
basic_1BT,2984077,2789339966687,240
basic_1BT,2992019,2789343012168,240
basic_1BT,3971235,2789347010058,240
basic_1BT,3279486,2789350317393,240
basic_1BT,4152449,2789354498381,240
basic_1BT,3598208,2789358126235,240
basic_1BT,2913728,2789361066396,240
basic_1BT,3185872,2789364283729,240
basic_1BT,4420702,2789368731159,240
basic_1BT,2808684,2789371566600,240
basic_1BT,3700760,2789375302245,240
basic_1BT,3108138,2789378437900,240
basic_1BT,3962661,2789382429289,240
basic_1BT,3606224,2789386062896,240
basic_1BT,2553872,2789388641442,240
basic_1BT,2670883,2789391345178,240
basic_1BT,3211806,2789394577032,240
basic_1BT,2935940,2789397534924,240
basic_1BT,2171679,2789399730196,240
basic_1BT,3063207,2789402838923,240
basic_1BT,3125722,2789405991265,240
basic_1BT,4255812,2789410308472,240
basic_1BT,4120045,2789414457235,240
basic_1BT,2711500,2789417198366,240
basic_1BT,2557295,2789419787079,240
basic_1BT,2571882,2789422383740,240
basic_1BT,3886858,2789426301969,240
basic_1BT,2727560,2789429085986,240
basic_1BT,4371672,2789433495309,240
basic_1BT,2975227,2789436506126,240
basic_1BT,3400476,2789439944721,240
basic_1BT,3167722,2789443149491,240
basic_1BT,2476476,2789445677382,240
basic_1BT,1652779,2789447366895,240
basic_1BT,3124669,2789450518225,240
basic_1BT,3035696,2789453588871,240
basic_1BT,1786338,2789455404903,240
basic_1BT,1891379,2789457325192,240
basic_1BT,3238059,2789460590033,240
basic_1BT,3566761,2789464200676,240
basic_1BT,2260132,2789466502075,240
basic_1BT,1734816,2789468263432,240
basic_1BT,3101626,2789471392066,240
basic_1BT,3313442,2789474730118,240
basic_1BT,1848143,2789476607841,240
basic_1BT,1982891,2789478621684,240
basic_1BT,3617331,2789482265902,240
basic_1BT,3282713,2789485599321,240
basic_1BT,1647608,2789487338680,240
basic_1BT,2184249,2789489552017,240
basic_1BT,3399908,2789492979394,240
basic_1BT,2475575,2789495525036,240
basic_1BT,3736335,2789499291264,240
basic_1BT,4100903,2789503456162,240
basic_1BT,3695896,2789507179639,240
basic_1BT,3464456,2789510715517,240
basic_1BT,3660242,2789514440004,240
basic_1BT,3858850,2789518358228,240
basic_1BT,3299635,2789521690036,240
basic_1BT,2779336,2789524534573,240
basic_1BT,3180757,2789527740477,240
basic_1BT,5256647,2789533022087,240
basic_1BT,3213222,2789536261449,240
basic_1BT,2144695,2789538431037,240
basic_1BT,1701277,2789540168679,240
basic_1BT,3063364,2789543255969,240
basic_1BT,3309749,2789546589346,240
basic_1BT,2423749,2789549062506,240
basic_1BT,2867167,2789551969148,240
basic_1BT,1858168,2789553882533,240
basic_1BT,2554759,2789556468094,240
basic_1BT,4343498,2789560846441,240
basic_1BT,2385129,2789563259296,240
basic_1BT,2915390,2789566197153,240
basic_1BT,1974868,2789568208547,240
basic_1BT,2761264,2789570996734,240
basic_1BT,3230675,2789574254002,240
basic_1BT,2347627,2789576630058,240
basic_1BT,1832342,2789578491197,240
basic_1BT,2965627,2789581502184,240
basic_1BT,3544969,2789585073890,240
basic_1BT,3239139,2789588339937,240
basic_1BT,2053249,2789590459585,240
basic_1BT,1769981,2789592258886,240
basic_1BT,3458730,2789595750207,240
basic_1BT,1979933,2789597757465,240
basic_1BT,1813210,2789599596778,240
basic_1BT,3227876,2789602846403,240
basic_1BT,3442139,2789606313558,240
basic_1BT,3795087,2789610148214,240
basic_1BT,3684085,2789613865118,240
basic_1BT,2893553,2789616790723,240
basic_1BT,3849006,2789620670870,240
basic_1BT,3346191,2789624045968,240
basic_1BT,2173447,2789626250118,240
basic_1BT,2229012,2789628513301,240
basic_1BT,2712288,2789631252955,240
basic_1BT,3171678,2789634450530,240
basic_1BT,3418458,2789637897117,240
basic_1BT,3542208,2789641508685,240
basic_1BT,3461002,2789645006137,240
basic_1BT,3558030,2789648626386,240
basic_1BT,2544132,2789651201386,240
basic_1BT,1854083,2789653081338,240
basic_1BT,3537680,2789656646616,240
basic_1BT,3353633,2789660026840,240
basic_1BT,3418016,2789663492696,240
basic_1BT,3432029,2789666966049,240
basic_1BT,4035047,2789671054996,240
basic_1BT,3378540,2789674464522,240
basic_1BT,3718360,2789678214507,240
basic_1BT,3141600,2789681386900,240
basic_1BT,3032029,2789684473610,240
basic_1BT,3160685,2789687685571,240
basic_1BT,3743229,2789691459253,240
basic_1BT,3078548,2789694566851,240
basic_1BT,3115040,2789697713168,240
basic_1BT,3226386,2789700975106,240
basic_1BT,2924264,2789703926972,240
basic_1BT,3260210,2789707214080,240
basic_1BT,3443772,2789710686541,240
basic_1BT,3877702,2789714602982,240
basic_1BT,3491715,2789718128103,240
basic_1BT,4405271,2789722585240,240
basic_1BT,3537882,2789726154340,240
basic_1BT,3440388,2789729645939,240
basic_1BT,3785722,2789733464221,240
basic_1BT,3143405,2789736660234,240
basic_1BT,4320551,2789741018834,240
basic_1BT,3211564,2789744261421,240
basic_1BT,3359161,2789747651839,240
basic_1BT,3011552,2789750693307,240
basic_1BT,3523351,2789754251588,240
basic_1BT,4040591,2789758337606,240
basic_1BT,3728068,2789762095677,240
basic_1BT,3304348,2789765432393,240
basic_1BT,3150995,2789768615491,240
basic_1BT,4024101,2789772686042,240
basic_1BT,3379475,2789776095192,240
basic_1BT,3303409,2789779429259,240
basic_1BT,3917146,2789783385813,240
basic_1BT,3191760,2789786605485,240
basic_1BT,2892642,2789789527803,240
basic_1BT,3453686,2789793009268,240
basic_1BT,3095199,2789796132849,240
basic_1BT,3717031,2789799888597,240
basic_1BT,3582686,2789803497767,240
basic_1BT,3674743,2789807202475,240
basic_1BT,3297026,2789810529189,240
basic_1BT,3359085,2789813920247,240
basic_1BT,3948266,2789817904490,240
basic_1BT,3412829,2789821346738,240
basic_1BT,3322770,2789824704782,240
basic_1BT,4184482,2789828965378,240
basic_1BT,3159320,2789832152714,240
basic_1BT,3082362,2789835264754,240
basic_1BT,4283211,2789839583601,240
basic_1BT,3421067,2789843034290,240
basic_1BT,2738174,2789845802106,240
basic_1BT,3125706,2789848957083,240
basic_1BT,3152864,2789852139308,240
basic_1BT,3446958,2789855618321,240
basic_1BT,3732136,2789859380961,240
basic_1BT,3410777,2789862824843,240
basic_1BT,3271680,2789866129179,240
basic_1BT,3703667,2789869863278,240
basic_1BT,3173727,2789873066267,240
basic_1BT,3745216,2789876842165,240
basic_1BT,3295501,2789880210487,240
basic_1BT,4102060,2789884352872,240
basic_1BT,2613103,2789887023115,240
basic_1BT,3708125,2789890766986,240
basic_1BT,3472519,2789894271979,240
basic_1BT,3218515,2789897544959,240
basic_1BT,3673281,2789901267240,240
basic_1BT,3362937,2789904661295,240
basic_1BT,3688495,2789908381108,240
basic_1BT,3733601,2789912144453,240
basic_1BT,3474940,2789915650452,240
basic_1BT,3705728,2789919394482,240
basic_1BT,3815691,2789923254000,240
basic_1BT,4373381,2789927666849,240
basic_1BT,2825018,2789930524834,240
basic_1BT,2961837,2789933516529,240
basic_1BT,3179068,2789936746604,240
basic_1BT,3368785,2789940154461,240
basic_1BT,4076379,2789944274365,240
basic_1BT,3145021,2789947445413,240
basic_1BT,3875968,2789951358796,240
basic_1BT,3323611,2789954715994,240
basic_1BT,3051502,2789957798268,240
basic_1BT,3827457,2789961661813,240
basic_1BT,3051794,2789964744856,240
basic_1BT,3902949,2789968702869,240
basic_1BT,3429825,2789972160906,240
basic_1BT,3154718,2789975344525,240
basic_1BT,3167245,2789978538885,240
basic_1BT,3659056,2789982247762,240
basic_1BT,2367515,2789984647572,240
basic_1BT,4539906,2789989239833,240
basic_1BT,3330275,2789992601965,240
basic_1BT,3933979,2789996569862,240
basic_1BT,3200144,2789999801006,240
basic_1BT,4023939,2790003855959,240
basic_1BT,1957770,2790005842955,240
basic_1BT,2119815,2790007998728,240
basic_1BT,3362150,2790011427391,240
basic_1BT,3325497,2790014804262,240
basic_1BT,3915336,2790018746762,240
basic_1BT,3134096,2790021908092,240
basic_1BT,3429783,2790025367653,240
basic_1BT,4141531,2790029542024,240
basic_1BT,2956953,2790032528260,240
basic_1BT,4289180,2790036848204,240
basic_1BT,3647798,2790040526939,240
basic_1BT,3043359,2790043601793,240
basic_1BT,3812162,2790047446980,240
basic_1BT,3050290,2790050528262,240
basic_1BT,3613638,2790054206310,240
basic_1BT,3357231,2790057607224,240
basic_1BT,3607421,2790061252412,240
basic_1BT,3349342,2790064657645,240
basic_1BT,3413769,2790068110573,240
basic_1BT,3930558,2790072106935,240
basic_1BT,2836940,2790074973703,240
basic_1BT,2797714,2790077800031,240
basic_1BT,3366283,2790081205148,240
basic_1BT,2900999,2790084133110,240
basic_1BT,3712043,2790087923200,240
basic_1BT,3447086,2790091395391,240
basic_1BT,2919633,2790094343129,240
basic_1BT,3220772,2790097594526,240
basic_1BT,3717976,2790101345715,240
basic_1BT,2570834,2790103948825,240
basic_1BT,4257608,2790108244179,240
basic_1BT,2811628,2790111087887,240
basic_1BT,3433764,2790114554758,240
basic_1BT,3705954,2790118295560,240
basic_1BT,2776832,2790121099261,240
basic_1BT,3725929,2790124862793,240
basic_1BT,3239604,2790128159389,240
basic_1BT,3905503,2790132104364,240
basic_1BT,3355567,2790135517641,240
basic_1BT,3569983,2790139117971,240
basic_1BT,4126580,2790143309209,240
basic_1BT,3293904,2790146639528,240
basic_1BT,3477289,2790150150804,240
basic_1BT,3668075,2790153878042,240
basic_1BT,3225221,2790157139621,240
basic_1BT,3183728,2790160348812,240
basic_1BT,3627572,2790164039003,240
basic_1BT,3149523,2790167214418,240
basic_1BT,3246817,2790170489107,240
basic_1BT,3066270,2790173585354,240
basic_1BT,3187127,2790176801341,240
basic_1BT,2953533,2790179782591,240
basic_1BT,3378440,2790183212007,240
basic_1BT,3688533,2790186935971,240
basic_1BT,3675059,2790190650298,240
basic_1BT,3552810,2790194245427,240
basic_1BT,3289034,2790197575595,240
basic_1BT,3924392,2790201540590,240
basic_1BT,3327453,2790204897290,240
basic_1BT,2296343,2790207237416,240
basic_1BT,2154146,2790209429702,240
basic_1BT,3437981,2790212896755,240
basic_1BT,3458466,2790216384334,240
basic_1BT,3170446,2790219584036,240
basic_1BT,3550469,2790223159522,240
basic_1BT,3633985,2790226819822,240
basic_1BT,2141106,2790228987362,240
basic_1BT,4066054,2790233093929,240
basic_1BT,3552405,2790236681553,240
basic_1BT,3609675,2790240338331,240
basic_1BT,3910799,2790244285838,240
basic_1BT,3186824,2790247506392,240
basic_1BT,3365033,2790250905342,240
basic_1BT,3787259,2790254755515,240
basic_1BT,3503597,2790258287968,240
basic_1BT,3832783,2790262188029,240
basic_1BT,3622456,2790265868899,240
basic_1BT,3584154,2790269484327,240
basic_1BT,4261920,2790273797741,240
basic_1BT,3772235,2790277613577,240
basic_1BT,3733531,2790281381529,240
basic_1BT,3323898,2790284741568,240
basic_1BT,3992824,2790288768310,240
basic_1BT,3612341,2790292412859,240
basic_1BT,4159831,2790296624614,240
basic_1BT,3262455,2790299920537,240
basic_1BT,3553157,2790303506365,240
basic_1BT,3198972,2790306739188,240
basic_1BT,4107244,2790310910408,240
basic_1BT,3475754,2790314416149,240
basic_1BT,2606760,2790317051572,240
basic_1BT,3793681,2790320875040,240
basic_1BT,2449049,2790323354511,240
basic_1BT,3070626,2790326460776,240
basic_1BT,2968351,2790329463191,240
basic_1BT,3090751,2790332584178,240
basic_1BT,2663097,2790335287383,240
basic_1BT,2391423,2790337714100,240
basic_1BT,3514491,2790341256971,240
basic_1BT,3447730,2790344736618,240
basic_1BT,3228094,2790347992411,240
basic_1BT,3684439,2790351725019,240
basic_1BT,3346113,2790355100928,240
basic_1BT,3305174,2790358436812,240
basic_1BT,3116735,2790361584417,240
basic_1BT,3224473,2790364837254,240
basic_1BT,3397269,2790368269869,240
basic_1BT,4142876,2790372452544,240
basic_1BT,3363775,2790375847796,240
basic_1BT,3811583,2790379697754,240
basic_1BT,3484473,2790383240510,240
basic_1BT,4088570,2790387369749,240
basic_1BT,2714016,2790390115458,240
basic_1BT,4199314,2790394354291,240
basic_1BT,3415820,2790397801117,240
basic_1BT,3492240,2790401348044,240
basic_1BT,3679987,2790405060728,240
basic_1BT,3417316,2790408522897,240
basic_1BT,3299191,2790411855360,240
basic_1BT,3904366,2790415792602,240
basic_1BT,3396635,2790419220975,240
basic_1BT,4001187,2790423270539,240
basic_1BT,3177183,2790426505217,240
basic_1BT,3514616,2790430048297,240
basic_1BT,3646691,2790433728798,240
basic_1BT,3610103,2790437392090,240
basic_1BT,3042142,2790440487908,240
basic_1BT,3759321,2790444283798,240
basic_1BT,3599165,2790447941984,240
basic_1BT,3132348,2790451105362,240
basic_1BT,3908113,2790455054237,240
basic_1BT,3241007,2790458324124,240
basic_1BT,3606860,2790461960107,240
basic_1BT,3427739,2790465416952,240
basic_1BT,3591427,2790469037702,240
basic_1BT,3618694,2790472686907,240
basic_1BT,2761708,2790475478036,240
basic_1BT,3106996,2790478613346,240
basic_1BT,2825199,2790481469252,240
basic_1BT,3175855,2790484671365,240
basic_1BT,2156446,2790486853946,240
basic_1BT,1848475,2790488739940,240
basic_1BT,3333424,2790492099618,240
basic_1BT,3202084,2790495332115,240
basic_1BT,2681016,2790498079326,240
basic_1BT,4414975,2790502529079,240
basic_1BT,2352725,2790504918646,240
basic_1BT,1895743,2790506851339,240
basic_1BT,3222813,2790510099171,240
basic_1BT,3430483,2790513557819,240
basic_1BT,2506285,2790516104109,240
basic_1BT,3283563,2790519417615,240
basic_1BT,3313756,2790522769207,240
basic_1BT,3308663,2790526108113,240
basic_1BT,2805532,2790528952609,240
basic_1BT,2444759,2790531426927,240
basic_1BT,3287285,2790534740450,240
basic_1BT,3298502,2790538065645,240
basic_1BT,2635162,2790540743522,240
basic_1BT,2898371,2790543676956,240
basic_1BT,2374822,2790546087192,240
basic_1BT,3561606,2790549679878,240
basic_1BT,3019244,2790552730345,240
basic_1BT,3080284,2790555880262,240
basic_1BT,3630973,2790559537252,240
basic_1BT,2672376,2790562238346,240
basic_1BT,3910821,2790566184195,240
basic_1BT,3624984,2790569843669,240
basic_1BT,3653393,2790573528381,240
basic_1BT,2597180,2790576155041,240
basic_1BT,2466729,2790578686418,240
#end,11,3314,240
