basic_appreq,1410764,2294485114963,288
basic_appreq,1724046,2294486928103,288
basic_appreq,1396023,2294488365285,288
basic_appreq,1424748,2294489832729,288
basic_appreq,1533639,2294491409726,288
basic_appreq,1838161,2294493294917,288
basic_appreq,1385586,2294494720778,288
basic_appreq,1383168,2294496142282,288
basic_appreq,1463924,2294497646843,288
basic_appreq,978105,2294498669876,288
basic_appreq,1567362,2294500280320,288
basic_appreq,1490437,2294501816391,288
basic_appreq,1820074,2294503680802,288
basic_appreq,1736569,2294505460442,288
basic_appreq,1457735,2294506959506,288
basic_appreq,1229456,2294508227679,288
basic_appreq,1285204,2294509559352,288
basic_appreq,1463752,2294511071806,288
basic_appreq,1069298,2294512183948,288
basic_appreq,1572001,2294513803113,288
basic_appreq,1288098,2294515134790,288
basic_appreq,1385496,2294516565409,288
basic_appreq,1787338,2294518427772,288
basic_appreq,1427655,2294519894963,288
basic_appreq,1614524,2294521545528,288
basic_appreq,1536119,2294523120158,288
basic_appreq,1630051,2294524788600,288
basic_appreq,1734295,2294526562751,288
basic_appreq,1839588,2294528445616,288
basic_appreq,1320008,2294529807406,288
basic_appreq,1789093,2294531639318,288
basic_appreq,1506563,2294533184587,288
basic_appreq,1653665,2294534889460,288
basic_appreq,1597747,2294536528971,288
basic_appreq,1381493,2294537951002,288
basic_appreq,1759708,2294539754406,288
basic_appreq,1454276,2294541248118,288
basic_appreq,1784605,2294543083852,288
basic_appreq,1416909,2294544539516,288
basic_appreq,1346128,2294545925831,288
basic_appreq,1496087,2294547464835,288
basic_appreq,1359921,2294548867671,288
basic_appreq,1918872,2294550835592,288
basic_appreq,1568479,2294552442971,288
basic_appreq,1491028,2294553980954,288
basic_appreq,1625550,2294555649949,288
basic_appreq,1303668,2294556996962,288
basic_appreq,1553022,2294558621269,288
basic_appreq,1660645,2294560325026,288
basic_appreq,1558721,2294561930334,288
basic_appreq,1573173,2294563545840,288
basic_appreq,1471916,2294565060976,288
basic_appreq,1761532,2294566867732,288
basic_appreq,1377507,2294568284333,288
basic_appreq,1380996,2294569712496,288
basic_appreq,1038828,2294570794770,288
basic_appreq,1359270,2294572197148,288
basic_appreq,1626097,2294573872792,288
basic_appreq,1644028,2294575559944,288
basic_appreq,1595959,2294577199275,288
basic_appreq,1803901,2294579049676,288
basic_appreq,1486340,2294580574623,288
basic_appreq,1398131,2294582016268,288
basic_appreq,1090636,2294583148059,288
basic_appreq,1315763,2294584499832,288
basic_appreq,1518773,2294586059402,288
basic_appreq,1353802,2294587453588,288
basic_appreq,1363350,2294588857291,288
basic_appreq,1363790,2294590265151,288
basic_appreq,1522546,2294591828165,288
basic_appreq,1060488,2294592931646,288
basic_appreq,1444214,2294594410125,288
basic_appreq,1425660,2294595869858,288
basic_appreq,1532640,2294597445190,288
basic_appreq,1621688,2294599113450,288
basic_appreq,1439782,2294600591888,288
basic_appreq,1483952,2294602111907,288
basic_appreq,1373682,2294603524074,288
basic_appreq,1345663,2294604908238,288
basic_appreq,1398421,2294606352981,288
basic_appreq,1600142,2294607999201,288
basic_appreq,1388568,2294609464948,288
basic_appreq,1201588,2294610710483,288
basic_appreq,1290454,2294612044405,288
basic_appreq,1604198,2294613700790,288
basic_appreq,1501874,2294615245564,288
basic_appreq,1521488,2294616804985,288
basic_appreq,1530801,2294618379231,288
basic_appreq,1555000,2294619973686,288
basic_appreq,1577672,2294621614473,288
basic_appreq,1554719,2294623210295,288
basic_appreq,1535869,2294624789373,288
basic_appreq,1590272,2294626424216,288
basic_appreq,1590659,2294628058010,288
basic_appreq,1454630,2294629556489,288
basic_appreq,1647313,2294631246572,288
basic_appreq,1534407,2294632823736,288
basic_appreq,1522083,2294634390581,288
basic_appreq,1318160,2294635752056,288
basic_appreq,1103922,2294636899233,288
basic_appreq,1442922,2294638387371,288
basic_appreq,1482297,2294639912445,288
basic_appreq,1801306,2294641757118,288
basic_appreq,1536157,2294643334853,288
basic_appreq,1412809,2294644798334,288
basic_appreq,1301221,2294646137375,288
basic_appreq,1708913,2294647902168,288
basic_appreq,1551148,2294649489382,288
basic_appreq,1316370,2294650844869,288
basic_appreq,1564652,2294652450721,288
basic_appreq,1239392,2294653735714,288
basic_appreq,1851082,2294655627729,288
basic_appreq,1536184,2294657203018,288
basic_appreq,1352179,2294658597162,288
basic_appreq,1311273,2294659947614,288
basic_appreq,1609387,2294661595832,288
basic_appreq,1612776,2294663253761,288
basic_appreq,1331051,2294664627893,288
basic_appreq,1507976,2294666182512,288
basic_appreq,1457036,2294667686515,288
basic_appreq,1562444,2294669292388,288
basic_appreq,1627267,2294670965223,288
basic_appreq,1400560,2294672409014,288
basic_appreq,1907315,2294674365644,288
basic_appreq,1346328,2294675750032,288
basic_appreq,1479725,2294677273551,288
basic_appreq,1730822,2294679055704,288
basic_appreq,1330570,2294680429482,288
basic_appreq,1590268,2294682092737,288
basic_appreq,1751639,2294683896729,288
basic_appreq,1355704,2294685292293,288
basic_appreq,1338771,2294686672346,288
basic_appreq,1660365,2294688376517,288
basic_appreq,1675451,2294690098825,288
basic_appreq,1594445,2294691731252,288
basic_appreq,1502273,2294693277430,288
basic_appreq,1448677,2294694773473,288
basic_appreq,1737458,2294696555252,288
basic_appreq,1660357,2294698256525,288
basic_appreq,1509957,2294699805664,288
basic_appreq,1575131,2294701418908,288
basic_appreq,1361558,2294702822134,288
basic_appreq,1388404,2294704253645,288
basic_appreq,1440736,2294705743497,288
basic_appreq,1836443,2294707625999,288
basic_appreq,1415131,2294709079728,288
basic_appreq,1306699,2294710428425,288
basic_appreq,1356499,2294711822846,288
basic_appreq,1123981,2294712989714,288
basic_appreq,1406541,2294714438103,288
basic_appreq,1651797,2294716132911,288
basic_appreq,1303151,2294717474812,288
basic_appreq,1522978,2294719040354,288
basic_appreq,1482718,2294720566186,288
basic_appreq,1772633,2294722390537,288
basic_appreq,1351123,2294723780187,288
basic_appreq,1454838,2294725278777,288
basic_appreq,1494096,2294726822537,288
basic_appreq,1367098,2294728256881,288
basic_appreq,1393576,2294729694394,288
basic_appreq,1234678,2294730972972,288
basic_appreq,1267024,2294732283661,288
basic_appreq,1330416,2294733658391,288
basic_appreq,1507509,2294735208730,288
basic_appreq,1630219,2294736874905,288
basic_appreq,1476483,2294738391886,288
basic_appreq,1604918,2294740034845,288
basic_appreq,1534657,2294741612941,288
basic_appreq,1593674,2294743244683,288
basic_appreq,1508188,2294744791050,288
basic_appreq,1610626,2294746440797,288
basic_appreq,1485673,2294747965078,288
basic_appreq,1507927,2294749544839,288
basic_appreq,1542011,2294751124652,288
basic_appreq,1317994,2294752481145,288
basic_appreq,1347244,2294753869208,288
basic_appreq,1432414,2294755340605,288
basic_appreq,1512831,2294756892525,288
basic_appreq,1236513,2294758174768,288
basic_appreq,1142512,2294759355507,288
basic_appreq,1530798,2294760929633,288
basic_appreq,1541037,2294762516954,288
basic_appreq,1662624,2294764220152,288
basic_appreq,1544566,2294765810457,288
basic_appreq,1460750,2294767307125,288
basic_appreq,943070,2294768286403,288
basic_appreq,982119,2294769308437,288
basic_appreq,1327939,2294770673977,288
basic_appreq,1437342,2294772151963,288
basic_appreq,1360576,2294773557521,288
basic_appreq,1413732,2294775015640,288
basic_appreq,1408749,2294776470401,288
basic_appreq,1185781,2294777729979,288
basic_appreq,1296702,2294779069763,288
basic_appreq,1320259,2294780433370,288
basic_appreq,1447593,2294781927759,288
basic_appreq,1565374,2294783536769,288
basic_appreq,1719174,2294785300413,288
basic_appreq,1487344,2294786829288,288
basic_appreq,1501445,2294788366963,288
basic_appreq,1555548,2294789960926,288
basic_appreq,1593428,2294791590032,288
basic_appreq,1415956,2294793041935,288
basic_appreq,1845990,2294794936322,288
basic_appreq,1451001,2294796425897,288
basic_appreq,1687616,2294798159906,288
basic_appreq,1253829,2294799452264,288
basic_appreq,1754519,2294801249753,288
basic_appreq,1310709,2294802601519,288
basic_appreq,1563971,2294804209984,288
basic_appreq,1435007,2294805690618,288
basic_appreq,1833373,2294807589886,288
basic_appreq,1610852,2294809240644,288
basic_appreq,1575486,2294810858258,288
basic_appreq,1564883,2294812461057,288
basic_appreq,1381658,2294813883650,288
basic_appreq,1431024,2294815353314,288
basic_appreq,1646518,2294817042675,288
basic_appreq,1580849,2294818672281,288
basic_appreq,1637529,2294820353310,288
basic_appreq,1520623,2294821918046,288
basic_appreq,1332014,2294823288249,288
basic_appreq,1744825,2294825076780,288
basic_appreq,1348581,2294826466804,288
basic_appreq,1488572,2294827994485,288
basic_appreq,1529661,2294829600043,288
basic_appreq,913576,2294830556199,288
basic_appreq,1207576,2294831806993,288
basic_appreq,1289942,2294833135385,288
basic_appreq,1542179,2294834718709,288
basic_appreq,1489638,2294836246858,288
basic_appreq,1557459,2294837842622,288
basic_appreq,1981023,2294839861303,288
basic_appreq,1558511,2294841457981,288
basic_appreq,1576268,2294843076160,288
basic_appreq,1580655,2294844695010,288
basic_appreq,1576308,2294846311937,288
basic_appreq,1511989,2294847861968,288
basic_appreq,1398135,2294849303326,288
basic_appreq,1910707,2294851270342,288
basic_appreq,1698407,2294853007512,288
basic_appreq,1733060,2294854788054,288
basic_appreq,1326674,2294856153131,288
basic_appreq,1639965,2294857838232,288
basic_appreq,1374844,2294859251693,288
basic_appreq,1785517,2294861079997,288
basic_appreq,1394808,2294862515204,288
basic_appreq,1522912,2294864076338,288
basic_appreq,1242989,2294865361348,288
basic_appreq,1553507,2294866959065,288
basic_appreq,1628477,2294868630179,288
basic_appreq,1572221,2294870247396,288
basic_appreq,1540895,2294871831462,288
basic_appreq,1156867,2294873031784,288
basic_appreq,1223448,2294874300275,288
basic_appreq,1457925,2294875803275,288
basic_appreq,1384123,2294877230593,288
basic_appreq,1426058,2294878720833,288
basic_appreq,1497810,2294880261656,288
basic_appreq,1172073,2294881477801,288
basic_appreq,1244105,2294882758165,288
basic_appreq,1432568,2294884229094,288
basic_appreq,1586549,2294885867406,288
basic_appreq,1523090,2294887433839,288
basic_appreq,1616265,2294889090421,288
basic_appreq,1483782,2294890620317,288
basic_appreq,1796393,2294892461392,288
basic_appreq,1427036,2294893929192,288
basic_appreq,1782510,2294895753304,288
basic_appreq,1361981,2294897152634,288
basic_appreq,1326821,2294898526968,288
basic_appreq,1781018,2294900387775,288
basic_appreq,1401137,2294901827969,288
basic_appreq,1449671,2294903319007,288
basic_appreq,1521238,2294904878634,288
basic_appreq,1334577,2294906254455,288
basic_appreq,1113235,2294907410706,288
basic_appreq,1187294,2294908641128,288
basic_appreq,1082083,2294909768822,288
basic_appreq,1254847,2294911067171,288
basic_appreq,1493693,2294912603943,288
basic_appreq,1386211,2294914033249,288
basic_appreq,1460782,2294915534746,288
basic_appreq,1390752,2294916968671,288
basic_appreq,1024021,2294918036371,288
basic_appreq,1637016,2294919724445,288
basic_appreq,1482003,2294921242072,288
basic_appreq,1621665,2294922902367,288
basic_appreq,1525288,2294924466404,288
basic_appreq,1272058,2294925776061,288
basic_appreq,1395881,2294927210737,288
basic_appreq,1593138,2294928842522,288
basic_appreq,1251640,2294930138365,288
basic_appreq,1909486,2294932091220,288
basic_appreq,1398752,2294933529542,288
basic_appreq,1254306,2294934822724,288
basic_appreq,1290460,2294936153406,288
basic_appreq,1361758,2294937556047,288
basic_appreq,1340778,2294938939929,288
basic_appreq,1348534,2294940331484,288
basic_appreq,1530955,2294941907591,288
basic_appreq,1558922,2294943516308,288
basic_appreq,1611917,2294945171022,288
basic_appreq,1437098,2294946655394,288
basic_appreq,1760777,2294948488433,288
basic_appreq,1552571,2294950082674,288
basic_appreq,1494068,2294951615631,288
basic_appreq,1313008,2294952973407,288
basic_appreq,1867072,2294954888500,288
basic_appreq,1456168,2294956383014,288
basic_appreq,1684854,2294958105819,288
basic_appreq,1583211,2294959727507,288
basic_appreq,1350451,2294961116188,288
basic_appreq,1676076,2294962840952,288
basic_appreq,1396894,2294964276339,288
basic_appreq,1692576,2294966018665,288
basic_appreq,1605389,2294967679677,288
basic_appreq,1422563,2294969139765,288
basic_appreq,1736930,2294970925619,288
basic_appreq,1416349,2294972381088,288
basic_appreq,1091078,2294973519828,288
basic_appreq,1390385,2294974953785,288
basic_appreq,1840604,2294976862306,288
basic_appreq,1567882,2294978469939,288
basic_appreq,1225496,2294979731667,288
basic_appreq,1083486,2294980853236,288
basic_appreq,1756934,2294982656212,288
basic_appreq,1542166,2294984234462,288
basic_appreq,1508855,2294985779871,288
basic_appreq,1564088,2294987387157,288
basic_appreq,1450146,2294988880772,288
basic_appreq,1339107,2294990265937,288
basic_appreq,1451473,2294991763445,288
basic_appreq,1674392,2294993484466,288
basic_appreq,1547773,2294995077257,288
basic_appreq,1036269,2294996157209,288
basic_appreq,1403557,2294997605644,288
basic_appreq,1527260,2294999176105,288
basic_appreq,1357141,2295000576096,288
basic_appreq,1186920,2295001808800,288
basic_appreq,1444202,2295003291365,288
basic_appreq,1791131,2295005120621,288
basic_appreq,1191995,2295006352646,288
basic_appreq,1431544,2295007822570,288
basic_appreq,1405564,2295009266367,288
basic_appreq,1708625,2295011020393,288
basic_appreq,1397767,2295012452526,288
basic_appreq,1598699,2295014092092,288
basic_appreq,1658422,2295015793175,288
basic_appreq,1373728,2295017201340,288
basic_appreq,1854267,2295019111471,288
basic_appreq,1444807,2295020594547,288
basic_appreq,1343845,2295021977749,288
basic_appreq,1378864,2295023394421,288
basic_appreq,1644215,2295025081951,288
basic_appreq,1571737,2295026704745,288
basic_appreq,1768432,2295028518035,288
basic_appreq,1338599,2295029897327,288
basic_appreq,1353312,2295031289295,288
basic_appreq,1573775,2295032906098,288
basic_appreq,1451663,2295034409724,288
basic_appreq,1801102,2295036254922,288
basic_appreq,1308972,2295037605267,288
basic_appreq,1321596,2295038971002,288
basic_appreq,1763550,2295040780548,288
basic_appreq,1317292,2295042139507,288
basic_appreq,1471728,2295043649374,288
basic_appreq,1659810,2295045352642,288
basic_appreq,1533528,2295046932983,288
basic_appreq,1451102,2295048428084,288
basic_appreq,1592584,2295050067983,288
basic_appreq,1049604,2295051155619,288
basic_appreq,1520627,2295052717355,288
basic_appreq,1554083,2295054313759,288
basic_appreq,1397268,2295055749183,288
basic_appreq,1440930,2295057229201,288
basic_appreq,1474011,2295058749660,288
basic_appreq,1548277,2295060341744,288
basic_appreq,1727484,2295062114235,288
basic_appreq,1290059,2295063442617,288
basic_appreq,1677405,2295065163545,288
basic_appreq,1449986,2295066653962,288
basic_appreq,1379209,2295068071683,288
basic_appreq,1502540,2295069624458,288
basic_appreq,1695933,2295071363559,288
basic_appreq,1432434,2295072834542,288
basic_appreq,1036884,2295073916010,288
basic_appreq,1361191,2295075320189,288
basic_appreq,1507906,2295076872024,288
basic_appreq,1475029,2295078390032,288
basic_appreq,1100838,2295079533890,288
basic_appreq,1474054,2295081046083,288
basic_appreq,1538292,2295082624931,288
basic_appreq,1579936,2295084243788,288
basic_appreq,1512668,2295085797337,288
basic_appreq,1481575,2295087317032,288
basic_appreq,1576237,2295088932111,288
basic_appreq,1511347,2295090487685,288
basic_appreq,1635144,2295092161692,288
basic_appreq,1364369,2295093568053,288
basic_appreq,1451512,2295095064223,288
basic_appreq,1770063,2295096877915,288
basic_appreq,1323480,2295098242061,288
basic_appreq,1485940,2295099766015,288
basic_appreq,1629099,2295101438766,288
basic_appreq,1523888,2295103006149,288
basic_appreq,1706594,2295104756387,288
basic_appreq,1407804,2295106210794,288
basic_appreq,1511776,2295107766852,288
basic_appreq,959888,2295108767242,288
basic_appreq,1365172,2295110176723,288
basic_appreq,1373210,2295111593188,288
basic_appreq,928556,2295112564988,288
basic_appreq,1436921,2295114045671,288
basic_appreq,1791920,2295115883338,288
basic_appreq,1309068,2295117228814,288
basic_appreq,1209816,2295118476868,288
basic_appreq,1363039,2295119878749,288
basic_appreq,1395358,2295121310145,288
basic_appreq,1436237,2295122790610,288
basic_appreq,1537367,2295124365232,288
basic_appreq,1082800,2295125508847,288
basic_appreq,1136163,2295126682226,288
basic_appreq,1608268,2295128326081,288
basic_appreq,1444882,2295129816347,288
basic_appreq,954548,2295130809709,288
basic_appreq,1748942,2295132598862,288
basic_appreq,1517576,2295134158965,288
basic_appreq,1480926,2295135682781,288
basic_appreq,1540364,2295137263855,288
basic_appreq,1067834,2295138379953,288
basic_appreq,1195027,2295139617937,288
basic_appreq,1431123,2295141092592,288
basic_appreq,1392927,2295142534863,288
basic_appreq,1492305,2295144069841,288
basic_appreq,1678552,2295145789077,288
basic_appreq,1496591,2295147331276,288
basic_appreq,1485544,2295148859531,288
basic_appreq,1496955,2295150409228,288
basic_appreq,1639420,2295152091964,288
basic_appreq,1668194,2295153807077,288
basic_appreq,1498493,2295155349363,288
basic_appreq,1621844,2295157015070,288
basic_appreq,1454464,2295158516721,288
basic_appreq,1516880,2295160076502,288
basic_appreq,1072413,2295161197653,288
basic_appreq,1279858,2295162521067,288
basic_appreq,1276253,2295163840370,288
basic_appreq,1522140,2295165401467,288
basic_appreq,1685999,2295167126792,288
basic_appreq,1348304,2295168510689,288
basic_appreq,1269085,2295169820756,288
basic_appreq,1445385,2295171305542,288
basic_appreq,1509261,2295172852536,288
basic_appreq,1511133,2295174404315,288
basic_appreq,1291716,2295175732911,288
basic_appreq,982849,2295176749408,288
basic_appreq,1371480,2295178164831,288
basic_appreq,1320766,2295179525758,288
basic_appreq,1092009,2295180658000,288
basic_appreq,1579994,2295182277030,288
basic_appreq,1638462,2295183954028,288
basic_appreq,1405733,2295185397945,288
basic_appreq,1632704,2295187073511,288
basic_appreq,1520279,2295188632182,288
basic_appreq,1552728,2295190226554,288
basic_appreq,1255697,2295191520255,288
basic_appreq,1314378,2295192878306,288
basic_appreq,1792033,2295194716360,288
basic_appreq,1360861,2295196115726,288
basic_appreq,1572512,2295197736375,288
basic_appreq,1581607,2295199360795,288
basic_appreq,1580010,2295200985664,288
basic_appreq,1674556,2295202705101,288
basic_appreq,1501645,2295204249960,288
basic_appreq,1389660,2295205687663,288
basic_appreq,1544023,2295207276568,288
basic_appreq,1548040,2295208869700,288
basic_appreq,1432163,2295210347991,288
basic_appreq,1889618,2295212281666,288
basic_appreq,1306723,2295213628486,288
basic_appreq,1566471,2295215238716,288
basic_appreq,5041175,2295220323063,288
basic_appreq,1439496,2295221808698,288
basic_appreq,1467010,2295223318679,288
basic_appreq,1067080,2295224428545,288
basic_appreq,1356576,2295225826589,288
basic_appreq,1364730,2295227229892,288
basic_appreq,1684767,2295228953289,288
basic_appreq,1656491,2295230651178,288
basic_appreq,1600232,2295232290258,288
basic_appreq,1536408,2295233868630,288
basic_appreq,1567493,2295235475084,288
basic_appreq,1462854,2295236976391,288
basic_appreq,1767617,2295238796214,288
basic_appreq,1463712,2295240298436,288
basic_appreq,1687911,2295242032777,288
basic_appreq,1339004,2295243410377,288
basic_appreq,1785945,2295245241883,288
basic_appreq,1273602,2295246556758,288
basic_appreq,1762548,2295248362491,288
basic_appreq,1476487,2295249881898,288
basic_appreq,1395230,2295251315070,288
basic_appreq,1372879,2295252730539,288
basic_appreq,1689957,2295254491216,288
basic_appreq,1573942,2295256103277,288
basic_appreq,1454246,2295257598505,288
basic_appreq,1664036,2295259305432,288
basic_appreq,1541410,2295260890161,288
basic_appreq,1535456,2295262471574,288
basic_appreq,1565435,2295264080545,288
basic_appreq,1535232,2295265667699,288
basic_appreq,1598619,2295267310243,288
basic_appreq,1579866,2295268953664,288
basic_appreq,1524482,2295270526166,288
basic_appreq,1609271,2295272178768,288
basic_appreq,1728890,2295273957686,288
basic_appreq,1610082,2295275610509,288
basic_appreq,1647840,2295277302687,288
basic_appreq,1576749,2295278924264,288
basic_appreq,1500040,2295280461819,288
basic_appreq,1569642,2295282076857,288
basic_appreq,1556915,2295283677340,288
basic_appreq,1407737,2295285128385,288
basic_appreq,1159660,2295286334825,288
basic_appreq,1421517,2295287794682,288
basic_appreq,1634231,2295289489326,288
basic_appreq,1671535,2295291207614,288
basic_appreq,1046069,2295292296664,288
basic_appreq,1353868,2295293697771,288
basic_appreq,1469677,2295295211154,288
basic_appreq,1401399,2295296655746,288
basic_appreq,1498490,2295298200689,288
basic_appreq,1637369,2295299881980,288
basic_appreq,1603305,2295301518537,288
basic_appreq,1529802,2295303089710,288
basic_appreq,1728054,2295304861807,288
basic_appreq,1367911,2295306269307,288
basic_appreq,1370840,2295307678477,288
basic_appreq,1561611,2295309278960,288
basic_appreq,1615275,2295310932803,288
basic_appreq,1513081,2295312490820,288
basic_appreq,1817715,2295314357824,288
basic_appreq,1472904,2295315868493,288
basic_appreq,1705951,2295317617649,288
basic_appreq,1841092,2295319505136,288
basic_appreq,1736311,2295321279526,288
basic_appreq,1267227,2295322586790,288
basic_appreq,1628805,2295324258726,288
basic_appreq,1325662,2295325625999,288
basic_appreq,1243784,2295326913124,288
basic_appreq,1116296,2295328072547,288
basic_appreq,1331877,2295329451354,288
basic_appreq,1463502,2295330958274,288
basic_appreq,1558398,2295332559656,288
basic_appreq,1335325,2295333942182,288
basic_appreq,1453525,2295335438761,288
basic_appreq,1289952,2295336771660,288
basic_appreq,1175432,2295337988239,288
basic_appreq,1653190,2295339679338,288
basic_appreq,1493591,2295341214940,288
basic_appreq,1405508,2295342662998,288
basic_appreq,1543849,2295344246256,288
basic_appreq,1436884,2295345726519,288
basic_appreq,1374263,2295347139244,288
basic_appreq,1702644,2295348880094,288
basic_appreq,1535014,2295350457093,288
basic_appreq,1575078,2295352071814,288
basic_appreq,1545815,2295353656184,288
basic_appreq,1561649,2295355255855,288
basic_appreq,1502372,2295356797045,288
basic_appreq,1382086,2295358221001,288
basic_appreq,1554786,2295359814441,288
basic_appreq,1633045,2295361491976,288
basic_appreq,1673579,2295363208222,288
basic_appreq,1362795,2295364608858,288
basic_appreq,1731830,2295366387472,288
basic_appreq,1322204,2295367748138,288
basic_appreq,1566628,2295369357383,288
basic_appreq,1705764,2295371107879,288
basic_appreq,1391467,2295372537723,288
basic_appreq,1131586,2295373709251,288
basic_appreq,1436477,2295375188869,288
basic_appreq,1803033,2295377036069,288
basic_appreq,1523437,2295378600702,288
basic_appreq,1494631,2295380133341,288
basic_appreq,1516319,2295381690185,288
basic_appreq,1470576,2295383203337,288
basic_appreq,1787970,2295385034692,288
basic_appreq,1332773,2295386407771,288
basic_appreq,1799889,2295388252054,288
basic_appreq,1572959,2295389867153,288
basic_appreq,1567807,2295391477807,288
basic_appreq,1793971,2295393314985,288
basic_appreq,1345232,2295394704194,288
basic_appreq,1639852,2295396386970,288
basic_appreq,1338369,2295397765516,288
basic_appreq,1731246,2295399540000,288
basic_appreq,1325492,2295400903723,288
basic_appreq,1343886,2295402292752,288
basic_appreq,1781641,2295404144128,288
basic_appreq,1666840,2295405854484,288
basic_appreq,1351344,2295407244481,288
basic_appreq,1835164,2295409124407,288
basic_appreq,1324359,2295410489013,288
basic_appreq,1857334,2295412389314,288
basic_appreq,1331208,2295413760854,288
basic_appreq,1347304,2295415146357,288
basic_appreq,951207,2295416140507,288
basic_appreq,1417086,2295417605185,288
basic_appreq,1519447,2295419167853,288
basic_appreq,1332228,2295420546035,288
basic_appreq,1235264,2295421821854,288
basic_appreq,1530470,2295423390958,288
basic_appreq,1585323,2295425015432,288
basic_appreq,1535646,2295426595105,288
basic_appreq,1331603,2295427965118,288
basic_appreq,1574868,2295429600916,288
basic_appreq,1306893,2295430948714,288
basic_appreq,1698199,2295432689975,288
basic_appreq,1266014,2295434000513,288
basic_appreq,1519824,2295435565043,288
basic_appreq,1720777,2295437330612,288
basic_appreq,1510489,2295438887322,288
basic_appreq,1551993,2295440477807,288
basic_appreq,1448195,2295441967259,288
basic_appreq,1497771,2295443503427,288
basic_appreq,1331295,2295444872991,288
basic_appreq,1293066,2295446206709,288
basic_appreq,1326287,2295447572107,288
basic_appreq,1553201,2295449168039,288
basic_appreq,1601940,2295450834258,288
basic_appreq,1386031,2295452262992,288
basic_appreq,1384718,2295453719093,288
basic_appreq,1726354,2295455492227,288
basic_appreq,1502095,2295457033015,288
basic_appreq,1183509,2295458257881,288
basic_appreq,1077302,2295459378323,288
basic_appreq,1547920,2295460969363,288
basic_appreq,1274815,2295462293885,288
basic_appreq,1376889,2295463714290,288
basic_appreq,1211773,2295464969027,288
basic_appreq,1351644,2295466367431,288
basic_appreq,1463147,2295467875705,288
basic_appreq,1330525,2295469251574,288
basic_appreq,1460119,2295470756136,288
basic_appreq,1411797,2295472208461,288
basic_appreq,1256653,2295473512650,288
basic_appreq,1154954,2295474703878,288
basic_appreq,1478597,2295476221522,288
basic_appreq,1555207,2295477816264,288
basic_appreq,1530980,2295479384441,288
basic_appreq,1563485,2295480984310,288
basic_appreq,1575445,2295482600150,288
basic_appreq,1536412,2295484175421,288
basic_appreq,1407690,2295485625331,288
basic_appreq,1300437,2295486964158,288
basic_appreq,1419625,2295488422384,288
basic_appreq,1439390,2295489901851,288
basic_appreq,1443908,2295491389203,288
basic_appreq,1572772,2295493004723,288
basic_appreq,1605165,2295494656633,288
basic_appreq,1356778,2295496058470,288
basic_appreq,1846013,2295497951878,288
basic_appreq,1254760,2295499244707,288
basic_appreq,1454841,2295500737844,288
basic_appreq,1675398,2295502463319,288
basic_appreq,1360443,2295503862883,288
basic_appreq,1382206,2295505288126,288
basic_appreq,1946691,2295507282414,288
basic_appreq,1698611,2295509018936,288
basic_appreq,1369004,2295510429590,288
basic_appreq,1750216,2295512223254,288
basic_appreq,1298503,2295513565626,288
basic_appreq,1640820,2295515249497,288
basic_appreq,1450605,2295516738414,288
basic_appreq,1738724,2295518522564,288
basic_appreq,1355543,2295519916592,288
basic_appreq,1872655,2295521833096,288
basic_appreq,1410838,2295523286015,288
basic_appreq,1509370,2295524834335,288
basic_appreq,1503662,2295526384092,288
basic_appreq,1740418,2295528169218,288
basic_appreq,1486821,2295529704073,288
basic_appreq,1758074,2295531504997,288
basic_appreq,1417016,2295532960506,288
basic_appreq,1646471,2295534653687,288
basic_appreq,1923471,2295536620222,288
basic_appreq,1513049,2295538173875,288
basic_appreq,1378967,2295539591679,288
basic_appreq,1708795,2295541343261,288
basic_appreq,1473726,2295542857249,288
basic_appreq,1549808,2295544452619,288
basic_appreq,1675070,2295546175234,288
basic_appreq,1622830,2295547841139,288
basic_appreq,1563864,2295549449354,288
basic_appreq,1634860,2295551129760,288
basic_appreq,1592517,2295552764984,288
basic_appreq,1573976,2295554384386,288
basic_appreq,1639838,2295556066643,288
basic_appreq,1632855,2295557742986,288
basic_appreq,1579576,2295559365449,288
basic_appreq,1516874,2295560925939,288
basic_appreq,1680059,2295562654338,288
basic_appreq,1512377,2295564210193,288
basic_appreq,1790779,2295566049089,288
basic_appreq,1584635,2295567672862,288
basic_appreq,1459101,2295569170543,288
basic_appreq,1549983,2295570793805,288
basic_appreq,946421,2295571783902,288
basic_appreq,1235528,2295573062493,288
basic_appreq,1430920,2295574534115,288
basic_appreq,1572178,2295576142240,288
basic_appreq,1288482,2295577469469,288
basic_appreq,1967086,2295579480809,288
basic_appreq,1520446,2295581039297,288
basic_appreq,1399840,2295582479422,288
basic_appreq,1652618,2295584171075,288
basic_appreq,1523947,2295585741446,288
basic_appreq,1513958,2295587298444,288
basic_appreq,1532796,2295588874625,288
basic_appreq,1002858,2295589927437,288
basic_appreq,1391030,2295591361778,288
basic_appreq,1432754,2295592840466,288
basic_appreq,1432333,2295594315570,288
basic_appreq,1559861,2295595919034,288
basic_appreq,1328205,2295597290616,288
basic_appreq,1469864,2295598809709,288
basic_appreq,1654991,2295600508336,288
basic_appreq,1548304,2295602101968,288
basic_appreq,1644725,2295603787013,288
basic_appreq,1449873,2295605273510,288
basic_appreq,1272734,2295606591473,288
basic_appreq,1610495,2295608243225,288
basic_appreq,1420998,2295609704995,288
basic_appreq,1524538,2295611270065,288
basic_appreq,1628004,2295612953774,288
basic_appreq,1472778,2295614475524,288
basic_appreq,1431982,2295615976109,288
basic_appreq,1696462,2295617761816,288
basic_appreq,1168208,2295618970806,288
basic_appreq,1736589,2295620750415,288
basic_appreq,1190468,2295621981118,288
basic_appreq,1592975,2295623617217,288
basic_appreq,1428012,2295625083953,288
basic_appreq,1498339,2295626623392,288
basic_appreq,1601392,2295628268102,288
basic_appreq,1305100,2295629617434,288
basic_appreq,1857642,2295631518327,288
basic_appreq,1327964,2295632885603,288
basic_appreq,1093707,2295634030374,288
basic_appreq,1236246,2295635309858,288
basic_appreq,1486584,2295636839536,288
basic_appreq,1458001,2295638341050,288
basic_appreq,1379261,2295639763840,288
basic_appreq,1599621,2295641407925,288
basic_appreq,1809362,2295643262416,288
basic_appreq,1682678,2295644983868,288
basic_appreq,1380450,2295646404012,288
basic_appreq,1377227,2295647817994,288
basic_appreq,1408391,2295649270684,288
basic_appreq,1368713,2295650686767,288
basic_appreq,1887381,2295652618761,288
basic_appreq,1340634,2295653997943,288
basic_appreq,1706887,2295655748689,288
basic_appreq,1336522,2295657123918,288
basic_appreq,1578517,2295658752451,288
basic_appreq,1307040,2295660097263,288
basic_appreq,1059431,2295661202395,288
basic_appreq,1299349,2295662544757,288
basic_appreq,1128378,2295663717413,288
basic_appreq,1427157,2295665183127,288
basic_appreq,1612542,2295666837063,288
basic_appreq,1568405,2295668444044,288
basic_appreq,1639524,2295670124016,288
basic_appreq,1699863,2295671862209,288
basic_appreq,1654260,2295673554878,288
basic_appreq,1493224,2295675088804,288
basic_appreq,1497173,2295676623805,288
basic_appreq,1664868,2295678329319,288
basic_appreq,1403069,2295679770594,288
basic_appreq,1549506,2295681362937,288
basic_appreq,1958038,2295683368519,288
basic_appreq,1399527,2295684806543,288
basic_appreq,1661294,2295686517249,288
basic_appreq,1668852,2295688224735,288
basic_appreq,1451211,2295689730458,288
basic_appreq,1860752,2295691634301,288
basic_appreq,1570461,2295693244147,288
basic_appreq,1423238,2295694708949,288
basic_appreq,1472711,2295696220253,288
basic_appreq,1401111,2295697667028,288
basic_appreq,1378212,2295699088983,288
basic_appreq,1534784,2295700666791,288
basic_appreq,1492812,2295702208007,288
basic_appreq,1538099,2295703789090,288
basic_appreq,1381142,2295705213170,288
basic_appreq,1692382,2295706949772,288
basic_appreq,1614303,2295708607152,288
basic_appreq,1528733,2295710180887,288
basic_appreq,1496562,2295711721720,288
basic_appreq,1370196,2295713136293,288
basic_appreq,1568292,2295714756755,288
basic_appreq,1489204,2295716289584,288
basic_appreq,1637813,2295717974849,288
basic_appreq,1388988,2295719407623,288
basic_appreq,1716550,2295721169824,288
basic_appreq,1481853,2295722693755,288
basic_appreq,1432547,2295724163990,288
basic_appreq,1412882,2295725618888,288
basic_appreq,1497122,2295727158787,288
basic_appreq,1412442,2295728614273,288
basic_appreq,1834228,2295730498309,288
basic_appreq,1509780,2295732046605,288
basic_appreq,1322758,2295733418462,288
basic_appreq,1760243,2295735224519,288
basic_appreq,1535419,2295736797873,288
basic_appreq,1705046,2295738543357,288
basic_appreq,1589012,2295740171119,288
basic_appreq,1355053,2295741568672,288
basic_appreq,1406267,2295743013889,288
basic_appreq,1094142,2295744151206,288
basic_appreq,1374260,2295745566190,288
basic_appreq,1494032,2295747105836,288
basic_appreq,1362610,2295748511669,288
basic_appreq,998625,2295749581048,288
basic_appreq,1653026,2295751276918,288
basic_appreq,1567861,2295752883174,288
basic_appreq,1408348,2295754327842,288
basic_appreq,1453514,2295755817005,288
basic_appreq,1594638,2295757454366,288
basic_appreq,1594442,2295759094660,288
basic_appreq,1350922,2295760484581,288
basic_appreq,1716896,2295762243540,288
basic_appreq,1253323,2295763535836,288
basic_appreq,1341675,2295764916897,288
basic_appreq,1935179,2295766923833,288
basic_appreq,1589947,2295768552060,288
basic_appreq,1436036,2295770026461,288
basic_appreq,1464895,2295771530114,288
basic_appreq,1641522,2295773215332,288
basic_appreq,1516674,2295774791743,288
basic_appreq,1374155,2295776204479,288
basic_appreq,1657855,2295777905802,288
basic_appreq,1387097,2295779332359,288
basic_appreq,1605107,2295780981632,288
basic_appreq,1345904,2295782375519,288
basic_appreq,1312741,2295783756646,288
basic_appreq,1376273,2295785177421,288
basic_appreq,1653635,2295786902047,288
basic_appreq,1517663,2295788455558,288
basic_appreq,1465051,2295789972037,288
basic_appreq,1607209,2295791621853,288
basic_appreq,1561911,2295793228121,288
basic_appreq,1511927,2295794782985,288
basic_appreq,1535144,2295796358912,288
basic_appreq,1512313,2295797918006,288
basic_appreq,1212672,2295799173915,288
basic_appreq,1037749,2295800255407,288
basic_appreq,1466907,2295801767864,288
basic_appreq,1423706,2295803235392,288
basic_appreq,1459786,2295804738600,288
basic_appreq,1517950,2295806302511,288
basic_appreq,1633044,2295807979917,288
basic_appreq,1813155,2295809857184,288
basic_appreq,1390966,2295811286985,288
basic_appreq,1679476,2295813007168,288
basic_appreq,1573069,2295814623860,288
basic_appreq,1538300,2295816205447,288
basic_appreq,1538303,2295817789123,288
basic_appreq,1589590,2295819421878,288
basic_appreq,1514672,2295820980102,288
basic_appreq,1391304,2295822417267,288
basic_appreq,1180598,2295823643000,288
basic_appreq,1308246,2295824995404,288
basic_appreq,1364202,2295826402950,288
basic_appreq,1485937,2295827932622,288
basic_appreq,1614527,2295829590360,288
basic_appreq,1497247,2295831134521,288
basic_appreq,1661251,2295832866321,288
basic_appreq,1449674,2295834358519,288
basic_appreq,1404414,2295835798430,288
basic_appreq,1455696,2295837292887,288
basic_appreq,1292553,2295838633132,288
basic_appreq,1127539,2295839805875,288
basic_appreq,1305355,2295841152074,288
basic_appreq,1361605,2295842559802,288
basic_appreq,1193352,2295843797464,288
basic_appreq,1349459,2295845185737,288
basic_appreq,1512424,2295846739568,288
basic_appreq,1607614,2295848387132,288
basic_appreq,1551397,2295849977122,288
basic_appreq,1556800,2295851571882,288
basic_appreq,1590013,2295853198364,288
basic_appreq,1618306,2295854856733,288
basic_appreq,1674459,2295856567146,288
basic_appreq,1415724,2295858028195,288
basic_appreq,1359157,2295859428812,288
basic_appreq,1922318,2295861421430,288
basic_appreq,1394157,2295862855978,288
basic_appreq,1760620,2295864661042,288
basic_appreq,1325351,2295866027393,288
basic_appreq,1678471,2295867750643,288
basic_appreq,1358093,2295869148733,288
basic_appreq,1650531,2295870846819,288
basic_appreq,1371456,2295872256420,288
basic_appreq,1797967,2295874102297,288
basic_appreq,1296031,2295875436729,288
basic_appreq,1797246,2295877276832,288
basic_appreq,1555979,2295878875223,288
basic_appreq,1315194,2295880228379,288
basic_appreq,1512673,2295881787334,288
basic_appreq,1872501,2295883703274,288
basic_appreq,1513102,2295885253966,288
basic_appreq,1508811,2295886807937,288
basic_appreq,1813362,2295888664639,288
basic_appreq,1499699,2295890211489,288
basic_appreq,1523707,2295891778301,288
basic_appreq,1481442,2295893302089,288
basic_appreq,1324810,2295894669819,288
basic_appreq,1034802,2295895773575,288
basic_appreq,1491660,2295897308392,288
basic_appreq,1036843,2295898390124,288
basic_appreq,1524429,2295899953414,288
basic_appreq,1372469,2295901366062,288
basic_appreq,1362544,2295902775013,288
basic_appreq,1383763,2295904201719,288
basic_appreq,1062033,2295905309066,288
basic_appreq,1477635,2295906820788,288
basic_appreq,1502436,2295908358102,288
basic_appreq,1523370,2295909916777,288
basic_appreq,1334961,2295911294936,288
basic_appreq,1365576,2295912703730,288
basic_appreq,1227799,2295913974335,288
basic_appreq,1134236,2295915143098,288
basic_appreq,1497809,2295916673099,288
basic_appreq,1434310,2295918148186,288
basic_appreq,1596894,2295919785091,288
basic_appreq,1409073,2295921237318,288
basic_appreq,978594,2295922261105,288
basic_appreq,1450076,2295923743111,288
basic_appreq,1450088,2295925227613,288
basic_appreq,1382336,2295926652999,288
basic_appreq,1156837,2295927853298,288
basic_appreq,1374914,2295929266495,288
basic_appreq,1288272,2295930595913,288
basic_appreq,1565709,2295932221002,288
basic_appreq,1011092,2295933280544,288
basic_appreq,1500318,2295934824083,288
basic_appreq,1164863,2295936032123,288
basic_appreq,1403856,2295937477959,288
basic_appreq,1486071,2295939000444,288
basic_appreq,1424201,2295940460307,288
basic_appreq,1383950,2295941883166,288
basic_appreq,1503896,2295943427779,288
basic_appreq,1079285,2295944547654,288
basic_appreq,1286072,2295945872857,288
basic_appreq,1653722,2295947569475,288
basic_appreq,1550619,2295949163018,288
basic_appreq,1682561,2295950890058,288
basic_appreq,1294183,2295952223211,288
basic_appreq,1639431,2295953913253,288
basic_appreq,1447587,2295955399286,288
basic_appreq,1694012,2295957137740,288
basic_appreq,1337694,2295958516674,288
basic_appreq,1428908,2295959988760,288
basic_appreq,1404082,2295961461932,288
basic_appreq,1104528,2295962614943,288
basic_appreq,1182565,2295963840473,288
basic_appreq,1454233,2295965338231,288
basic_appreq,1015234,2295966401094,288
basic_appreq,1541383,2295967980630,288
basic_appreq,1510241,2295969560881,288
basic_appreq,1495677,2295971099206,288
basic_appreq,1327673,2295972465406,288
basic_appreq,1386342,2295973896440,288
basic_appreq,1373052,2295975312413,288
basic_appreq,1173424,2295976529239,288
basic_appreq,6087830,2295982654866,288
basic_appreq,1432564,2295984125108,288
basic_appreq,1536354,2295985700908,288
basic_appreq,1624769,2295987364046,288
basic_appreq,1588414,2295988990729,288
basic_appreq,1546028,2295990576934,288
basic_appreq,1277920,2295991895515,288
basic_appreq,925966,2295992857221,288
basic_appreq,911293,2295993811651,288
basic_appreq,1364038,2295995214022,288
basic_appreq,1366657,2295996618916,288
basic_appreq,1471398,2295998130420,288
basic_appreq,1499282,2295999667614,288
basic_appreq,1576214,2296001281950,288
basic_appreq,1432006,2296002753418,288
basic_appreq,1575914,2296004367688,288
basic_appreq,1474485,2296005882123,288
basic_appreq,1540040,2296007460917,288
basic_appreq,1438753,2296008938101,288
basic_appreq,1594658,2296010575814,288
basic_appreq,1842322,2296012456541,288
basic_appreq,1512912,2296014010037,288
basic_appreq,1527650,2296015576890,288
basic_appreq,1393650,2296017008624,288
basic_appreq,2010427,2296019064031,288
basic_appreq,1365258,2296020467514,288
basic_appreq,1586696,2296022099306,288
basic_appreq,1690615,2296023832861,288
basic_appreq,964722,2296024840711,288
basic_appreq,1447002,2296026332418,288
basic_appreq,1022392,2296027397807,288
basic_appreq,1467097,2296028903140,288
basic_appreq,1595113,2296030540349,288
basic_appreq,1408252,2296031988370,288
basic_appreq,1572472,2296033622855,288
basic_appreq,1568299,2296035232610,288
basic_appreq,1694952,2296036966001,288
basic_appreq,1456304,2296038462326,288
basic_appreq,1327510,2296039828289,288
basic_appreq,1522698,2296041394669,288
basic_appreq,1692638,2296043135007,288
basic_appreq,1351906,2296044525646,288
basic_appreq,1877680,2296046447924,288
basic_appreq,1340896,2296047827813,288
basic_appreq,1607336,2296049478712,288
basic_appreq,1572682,2296051097539,288
basic_appreq,1839705,2296052983333,288
basic_appreq,1460391,2296054513205,288
basic_appreq,1432370,2296055984044,288
basic_appreq,1453862,2296057499565,288
basic_appreq,1575566,2296059121510,288
basic_appreq,1681639,2296060846705,288
basic_appreq,1396834,2296062284154,288
basic_appreq,1657758,2296063985377,288
basic_appreq,1507512,2296065556733,288
basic_appreq,1502296,2296067099002,288
basic_appreq,1518648,2296068656985,288
basic_appreq,1805662,2296070514470,288
basic_appreq,1306284,2296071858884,288
basic_appreq,1653585,2296073555272,288
basic_appreq,1693445,2296075295626,288
basic_appreq,1733271,2296077066773,288
basic_appreq,1740652,2296078855079,288
basic_appreq,1331021,2296080224654,288
basic_appreq,1337778,2296081601026,288
basic_appreq,1318338,2296082957391,288
basic_appreq,1145516,2296084141404,288
basic_appreq,1419435,2296085601669,288
basic_appreq,1589650,2296087234429,288
basic_appreq,1434355,2296088712075,288
basic_appreq,1610995,2296090394774,288
basic_appreq,1409746,2296091848422,288
basic_appreq,1764837,2296093681701,288
basic_appreq,1528048,2296095265083,288
basic_appreq,1296014,2296096599753,288
basic_appreq,1200593,2296097846007,288
basic_appreq,1201756,2296099090465,288
basic_appreq,1511414,2296100644914,288
basic_appreq,1414597,2296102104623,288
basic_appreq,1320511,2296103468533,288
basic_appreq,1348559,2296104853352,288
basic_appreq,1308017,2296106199324,288
basic_appreq,1230339,2296107466314,288
basic_appreq,1734553,2296109243524,288
basic_appreq,1349988,2296110634835,288
basic_appreq,1719375,2296112399148,288
basic_appreq,1409695,2296113847092,288
basic_appreq,1751475,2296115641550,288
basic_appreq,1287644,2296116967055,288
basic_appreq,1611323,2296118619056,288
basic_appreq,1502115,2296120164660,288
basic_appreq,1380678,2296121590918,288
basic_appreq,1514967,2296123149075,288
basic_appreq,1432500,2296124625853,288
basic_appreq,1144231,2296125816189,288
basic_appreq,1373879,2296127226560,288
basic_appreq,1595732,2296128863685,288
basic_appreq,1660638,2296130569985,288
basic_appreq,1574640,2296132187093,288
basic_appreq,1595037,2296133827451,288
basic_appreq,1544995,2296135416005,288
basic_appreq,1613354,2296137072159,288
basic_appreq,1654494,2296138777051,288
basic_appreq,1410363,2296140225824,288
basic_appreq,952561,2296141225033,288
basic_appreq,1436724,2296142704681,288
basic_appreq,1072854,2296143820897,288
basic_appreq,1531355,2296145390963,288
basic_appreq,1593660,2296147027426,288
basic_appreq,1541510,2296148606611,288
basic_appreq,1595310,2296150244304,288
basic_appreq,1485342,2296151770855,288
basic_appreq,1695412,2296153504647,288
basic_appreq,1477550,2296155024595,288
basic_appreq,1644917,2296156707618,288
basic_appreq,1227815,2296157978815,288
basic_appreq,1487156,2296159504149,288
basic_appreq,1703382,2296161250506,288
basic_appreq,1378362,2296162670064,288
basic_appreq,1266305,2296163980239,288
basic_appreq,1150836,2296165200973,288
basic_appreq,1376217,2296166623453,288
basic_appreq,1472961,2296168139709,288
basic_appreq,1465850,2296169651110,288
basic_appreq,1498463,2296171192981,288
basic_appreq,1496659,2296172735207,288
basic_appreq,1857207,2296174637243,288
basic_appreq,1458950,2296176133350,288
basic_appreq,1558947,2296177736940,288
basic_appreq,1482958,2296179258232,288
basic_appreq,1627418,2296180921764,288
basic_appreq,1599471,2296182586205,288
basic_appreq,1512106,2296184135033,288
basic_appreq,1476507,2296185669911,288
basic_appreq,1527163,2296187240027,288
basic_appreq,1408469,2296188691540,288
basic_appreq,1725906,2296190462205,288
basic_appreq,1225977,2296191727587,288
basic_appreq,1551942,2296193323282,288
basic_appreq,2064462,2296195435609,288
basic_appreq,1414931,2296196889748,288
basic_appreq,1877676,2296198813041,288
basic_appreq,1281218,2296200132576,288
basic_appreq,1762528,2296201941740,288
basic_appreq,1352631,2296203332806,288
basic_appreq,1775439,2296205151524,288
basic_appreq,1333000,2296206527120,288
basic_appreq,1864138,2296208433937,288
basic_appreq,1207256,2296209679455,288
basic_appreq,1713262,2296211436272,288
basic_appreq,1300048,2296212776683,288
basic_appreq,1023950,2296213848806,288
basic_appreq,1344842,2296215237206,288
basic_appreq,1931935,2296217212586,288
basic_appreq,1557029,2296218807810,288
basic_appreq,1546426,2296220392447,288
basic_appreq,1576836,2296222010670,288
basic_appreq,1384774,2296223434212,288
basic_appreq,1407680,2296224885177,288
basic_appreq,1750249,2296226686415,288
basic_appreq,1499311,2296228223602,288
basic_appreq,1485225,2296229749548,288
basic_appreq,1430736,2296231219669,288
basic_appreq,1597132,2296232859818,288
basic_appreq,1586910,2296234496586,288
basic_appreq,1862380,2296236401675,288
basic_appreq,1443737,2296237883645,288
basic_appreq,1541734,2296239470251,288
basic_appreq,1755094,2296241270327,288
basic_appreq,1452850,2296242762979,288
basic_appreq,1389610,2296244191433,288
basic_appreq,1537538,2296245771810,288
basic_appreq,1543765,2296247358574,288
basic_appreq,1491292,2296248893926,288
basic_appreq,1520841,2296250460216,288
basic_appreq,1538783,2296252041664,288
basic_appreq,1393246,2296253479607,288
basic_appreq,1730491,2296255254652,288
basic_appreq,1621340,2296256930795,288
basic_appreq,1527483,2296258501924,288
basic_appreq,1528396,2296260068828,288
basic_appreq,1408118,2296261523044,288
basic_appreq,1710923,2296263276491,288
basic_appreq,1604089,2296264919871,288
basic_appreq,1574183,2296266537348,288
basic_appreq,1340972,2296267917151,288
basic_appreq,1671154,2296269625976,288
basic_appreq,1308837,2296270976338,288
basic_appreq,1923675,2296272943220,288
basic_appreq,1397820,2296274382210,288
basic_appreq,1399560,2296275824367,288
basic_appreq,1829827,2296277699908,288
basic_appreq,1563580,2296279304755,288
basic_appreq,1376027,2296280719198,288
basic_appreq,1378867,2296282143355,288
basic_appreq,1908559,2296284094392,288
basic_appreq,1531176,2296285665785,288
basic_appreq,1382409,2296287091545,288
basic_appreq,1560854,2296288696476,288
basic_appreq,1364182,2296290107952,288
basic_appreq,1777247,2296291931281,288
basic_appreq,1607948,2296293577735,288
basic_appreq,1547752,2296295165423,288
basic_appreq,1556015,2296296759855,288
basic_appreq,1389908,2296298191731,288
basic_appreq,1706162,2296299940415,288
basic_appreq,1543920,2296301522691,288
basic_appreq,1312140,2296302876969,288
basic_appreq,1737458,2296304657040,288
basic_appreq,1331192,2296306028442,288
basic_appreq,1655075,2296307726531,288
basic_appreq,1296956,2296309062197,288
basic_appreq,1694156,2296310810468,288
basic_appreq,1423095,2296312272078,288
basic_appreq,1742483,2296314061374,288
basic_appreq,1433674,2296315533056,288
basic_appreq,1456641,2296317027783,288
basic_appreq,1569444,2296318645314,288
basic_appreq,1555227,2296320244213,288
basic_appreq,1721810,2296322011961,288
basic_appreq,1414112,2296323465054,288
basic_appreq,5116187,2296328623951,288
basic_appreq,1544211,2296330209936,288
basic_appreq,1792571,2296332045236,288
basic_appreq,1323042,2296333411459,288
basic_appreq,1537230,2296334987500,288
basic_appreq,1478822,2296336510379,288
basic_appreq,1614410,2296338172411,288
basic_appreq,1551227,2296339767036,288
basic_appreq,1561799,2296341371600,288
basic_appreq,1538851,2296342957139,288
basic_appreq,1422203,2296344422018,288
basic_appreq,1445556,2296345904509,288
basic_appreq,1257664,2296347205221,288
basic_appreq,1357964,2296348606157,288
basic_appreq,1540411,2296350186713,288
basic_appreq,1624916,2296351855177,288
basic_appreq,1647110,2296353545116,288
basic_appreq,1561147,2296355151794,288
basic_appreq,1517332,2296356711680,288
basic_appreq,1832367,2296358592500,288
basic_appreq,1275667,2296359906367,288
basic_appreq,1429784,2296361379388,288
basic_appreq,1852375,2296363275476,288
basic_appreq,1592458,2296364908919,288
basic_appreq,1529214,2296366478063,288
basic_appreq,1475563,2296367992097,288
basic_appreq,1461661,2296369522009,288
basic_appreq,1582704,2296371142861,288
basic_appreq,1773738,2296372959176,288
basic_appreq,1343756,2296374343275,288
basic_appreq,1350385,2296375737644,288
basic_appreq,1382520,2296377188011,288
basic_appreq,1016197,2296378250045,288
basic_appreq,1660180,2296379953253,288
basic_appreq,1495449,2296381487112,288
basic_appreq,1505043,2296383033080,288
basic_appreq,1454918,2296384527098,288
basic_appreq,1509186,2296386076825,288
basic_appreq,1504598,2296387619292,288
basic_appreq,1371392,2296389030624,288
basic_appreq,1349355,2296390421119,288
basic_appreq,1813087,2296392276673,288
basic_appreq,1365616,2296393683300,288
basic_appreq,1527850,2296395253908,288
basic_appreq,1522805,2296396820843,288
basic_appreq,1714328,2296398581146,288
basic_appreq,1327159,2296399946293,288
basic_appreq,1062455,2296401044028,288
basic_appreq,1432881,2296402520403,288
basic_appreq,1891420,2296404454720,288
basic_appreq,1405552,2296405900616,288
basic_appreq,1332043,2296407271224,288
basic_appreq,1448812,2296408760436,288
basic_appreq,1379755,2296410182613,288
basic_appreq,1837297,2296412064282,288
basic_appreq,1286523,2296413391478,288
basic_appreq,1482629,2296414923747,288
basic_appreq,1366389,2296416330825,288
basic_appreq,1076204,2296417449112,288
basic_appreq,1245874,2296418730902,288
basic_appreq,1475517,2296420245176,288
basic_appreq,1549614,2296421839469,288
basic_appreq,1250998,2296423148586,288
basic_appreq,1048316,2296424237483,288
basic_appreq,1474859,2296425755863,288
basic_appreq,1585260,2296427385303,288
basic_appreq,1858326,2296429286955,288
basic_appreq,1537899,2296430867489,288
basic_appreq,1421267,2296432326383,288
basic_appreq,1649348,2296434021247,288
basic_appreq,1409508,2296435468945,288
basic_appreq,1784668,2296437296914,288
basic_appreq,1412619,2296438750579,288
basic_appreq,1906022,2296440700300,288
basic_appreq,1211612,2296441954032,288
basic_appreq,1386022,2296443378298,288
basic_appreq,1508517,2296444929793,288
basic_appreq,1573856,2296446550932,288
basic_appreq,1692569,2296448288908,288
basic_appreq,1338590,2296449669600,288
basic_appreq,1660996,2296451373356,288
basic_appreq,1570391,2296452981871,288
basic_appreq,1643470,2296454671601,288
basic_appreq,1447206,2296456157607,288
basic_appreq,1688980,2296457891101,288
basic_appreq,1449568,2296459379216,288
basic_appreq,1698250,2296461120439,288
basic_appreq,1404606,2296462565663,288
basic_appreq,1733645,2296464343672,288
basic_appreq,1342974,2296465727582,288
basic_appreq,1726906,2296467497291,288
basic_appreq,1553161,2296469088906,288
basic_appreq,1428156,2296470557386,288
basic_appreq,1350846,2296471950909,288
basic_appreq,1843293,2296473887899,288
basic_appreq,1556125,2296475484386,288
basic_appreq,1528011,2296477050369,288
basic_appreq,1507562,2296478598498,288
basic_appreq,1317009,2296479955977,288
basic_appreq,1732846,2296481731758,288
basic_appreq,1573838,2296483347575,288
basic_appreq,1456080,2296484842439,288
basic_appreq,1702081,2296486594652,288
basic_appreq,1348390,2296487981512,288
basic_appreq,1666613,2296489717917,288
basic_appreq,1484998,2296491248137,288
basic_appreq,1481802,2296492768082,288
basic_appreq,1308140,2296494117575,288
basic_appreq,1516941,2296495677563,288
basic_appreq,1839214,2296497559313,288
basic_appreq,1541814,2296499142127,288
basic_appreq,1518819,2296500699675,288
basic_appreq,1736255,2296502481107,288
basic_appreq,1325417,2296503844446,288
basic_appreq,1043376,2296504930900,288
basic_appreq,1274735,2296506251914,288
basic_appreq,1544203,2296507840565,288
basic_appreq,1541030,2296509424886,288
basic_appreq,1632286,2296511129453,288
basic_appreq,1426325,2296512593743,288
basic_appreq,1411112,2296514049644,288
basic_appreq,1706118,2296515798420,288
basic_appreq,1352584,2296517187765,288
basic_appreq,1679051,2296518912861,288
basic_appreq,1367797,2296520317248,288
basic_appreq,1483557,2296521847254,288
basic_appreq,1723310,2296523613986,288
basic_appreq,1518589,2296525170908,288
basic_appreq,1354053,2296526565058,288
basic_appreq,1051913,2296527659911,288
basic_appreq,1246537,2296528949549,288
basic_appreq,1652368,2296530645012,288
basic_appreq,1487052,2296532170153,288
basic_appreq,1305015,2296533519208,288
basic_appreq,1590743,2296535154331,288
basic_appreq,1563360,2296536760900,288
basic_appreq,1380635,2296538187452,288
basic_appreq,1910903,2296540144210,288
basic_appreq,1354158,2296541541819,288
basic_appreq,1674281,2296543258857,288
basic_appreq,1489682,2296544787493,288
basic_appreq,1687220,2296546521933,288
basic_appreq,1436212,2296547997023,288
basic_appreq,1739964,2296549809626,288
basic_appreq,1693675,2296551541998,288
basic_appreq,1525976,2296553107734,288
basic_appreq,1428740,2296554582162,288
basic_appreq,1305413,2296555930956,288
basic_appreq,1741938,2296557770514,288
basic_appreq,1485432,2296559299554,288
basic_appreq,1592090,2296560930808,288
basic_appreq,1478979,2296562449977,288
basic_appreq,1819603,2296564307328,288
basic_appreq,1354157,2296565702124,288
basic_appreq,1182432,2296566923267,288
basic_appreq,1577190,2296568543461,288
basic_appreq,1503992,2296570087534,288
basic_appreq,1331038,2296571457270,288
basic_appreq,1672046,2296573172416,288
basic_appreq,1322461,2296574539742,288
basic_appreq,1321582,2296575904141,288
basic_appreq,1322882,2296577269743,288
basic_appreq,1122767,2296578436384,288
basic_appreq,1298002,2296579772314,288
basic_appreq,1403724,2296581210892,288
basic_appreq,1558715,2296582818185,288
basic_appreq,1666912,2296584530782,288
basic_appreq,1296194,2296585883660,288
basic_appreq,1638434,2296587564718,288
basic_appreq,1395173,2296588998979,288
basic_appreq,1707318,2296590761739,288
basic_appreq,1370031,2296592168306,288
basic_appreq,1383238,2296593591804,288
basic_appreq,1615322,2296595251069,288
basic_appreq,1495556,2296596792242,288
basic_appreq,1409804,2296598249492,288
basic_appreq,1550950,2296599845391,288
basic_appreq,1435193,2296601323568,288
basic_appreq,1417581,2296602789586,288
basic_appreq,1554438,2296604387069,288
basic_appreq,1550314,2296605982827,288
basic_appreq,1601678,2296607628967,288
basic_appreq,1619542,2296609291563,288
basic_appreq,1680116,2296611031550,288
basic_appreq,1621998,2296612695764,288
basic_appreq,1562498,2296614304801,288
basic_appreq,1468734,2296615811808,288
basic_appreq,1531446,2296617386289,288
basic_appreq,1051415,2296618485292,288
basic_appreq,1395341,2296619923489,288
basic_appreq,1179875,2296621145945,288
basic_appreq,1135197,2296622326002,288
basic_appreq,1447910,2296623817404,288
basic_appreq,1473974,2296625334121,288
basic_appreq,1242223,2296626621181,288
basic_appreq,1443462,2296628105336,288
basic_appreq,1222001,2296629372507,288
basic_appreq,1470957,2296630880285,288
basic_appreq,1387612,2296632311003,288
basic_appreq,1422167,2296633773330,288
basic_appreq,1209932,2296635021792,288
basic_appreq,1241128,2296636294662,288
basic_appreq,1647489,2296637977962,288
basic_appreq,1521382,2296639537780,288
basic_appreq,2005597,2296641578007,288
basic_appreq,1590959,2296643209983,288
basic_appreq,1518021,2296644763719,288
basic_appreq,1333524,2296646138146,288
basic_appreq,1667595,2296647848652,288
basic_appreq,1360275,2296649247257,288
basic_appreq,1748454,2296651042665,288
basic_appreq,1366507,2296652447494,288
basic_appreq,1697237,2296654193212,288
basic_appreq,1366891,2296655598656,288
basic_appreq,1948909,2296657593473,288
basic_appreq,1364880,2296659002196,288
basic_appreq,1638251,2296660684547,288
basic_appreq,1521174,2296662255602,288
basic_appreq,1527146,2296663826179,288
basic_appreq,1589927,2296665458891,288
basic_appreq,1860341,2296667366840,288
basic_appreq,1553476,2296668963718,288
basic_appreq,1503830,2296670516680,288
basic_appreq,1527443,2296672087207,288
basic_appreq,1576592,2296673707280,288
basic_appreq,1620248,2296675372029,288
basic_appreq,1614035,2296677029266,288
basic_appreq,1643150,2296678725046,288
basic_appreq,1392654,2296680155688,288
basic_appreq,900926,2296681104896,288
basic_appreq,1361769,2296682509256,288
basic_appreq,1202895,2296683754440,288
basic_appreq,1613802,2296685407580,288
basic_appreq,1631996,2296687079843,288
basic_appreq,1515023,2296688633173,288
basic_appreq,1401642,2296690075556,288
basic_appreq,1661109,2296691774418,288
basic_appreq,1538021,2296693350759,288
basic_appreq,1447673,2296694838346,288
basic_appreq,1465189,2296696341473,288
basic_appreq,1496255,2296697876174,288
basic_appreq,1525185,2296699439885,288
basic_appreq,1260791,2296700739056,288
basic_appreq,1720349,2296702505941,288
basic_appreq,1328472,2296703872986,288
basic_appreq,1721983,2296705640246,288
basic_appreq,1529518,2296707211672,288
basic_appreq,1474088,2296708724216,288
basic_appreq,1826413,2296710596449,288
basic_appreq,1325622,2296711960825,288
basic_appreq,1806173,2296713835354,288
basic_appreq,1630783,2296715507143,288
basic_appreq,1392554,2296716937381,288
basic_appreq,911153,2296717895444,288
basic_appreq,934212,2296718872246,288
basic_appreq,1448034,2296720359071,288
basic_appreq,1470636,2296721871097,288
basic_appreq,1526120,2296723441450,288
basic_appreq,1361805,2296724846631,288
basic_appreq,1833392,2296726729687,288
basic_appreq,1333486,2296728114602,288
basic_appreq,1774990,2296729935825,288
basic_appreq,1398226,2296731370711,288
basic_appreq,1720878,2296733134784,288
basic_appreq,1507017,2296734689753,288
basic_appreq,1839688,2296736572616,288
basic_appreq,1330651,2296737943533,288
basic_appreq,1740558,2296739726738,288
basic_appreq,1417527,2296741182040,288
basic_appreq,1662843,2296742892603,288
basic_appreq,1361846,2296744293423,288
basic_appreq,1681321,2296746022741,288
basic_appreq,1877660,2296747954351,288
basic_appreq,1627873,2296749621061,288
basic_appreq,1348126,2296751009899,288
basic_appreq,1381277,2296752429842,288
basic_appreq,1471431,2296753953145,288
basic_appreq,1829420,2296755825719,288
basic_appreq,1410533,2296757274559,288
basic_appreq,1693264,2296759018870,288
basic_appreq,1521765,2296760579129,288
basic_appreq,914614,2296761541586,288
basic_appreq,1379355,2296762964233,288
basic_appreq,1481135,2296764488448,288
basic_appreq,1291433,2296765822838,288
basic_appreq,1114131,2296766980159,288
basic_appreq,1377761,2296768396397,288
basic_appreq,1508574,2296769952242,288
basic_appreq,1613873,2296771609752,288
basic_appreq,1093290,2296772745803,288
basic_appreq,1393092,2296774186473,288
basic_appreq,1804227,2296776041245,288
basic_appreq,1441688,2296777523580,288
basic_appreq,1527593,2296779087386,288
basic_appreq,1329261,2296780455299,288
basic_appreq,1310358,2296781811087,288
basic_appreq,1686765,2296783539926,288
basic_appreq,1671292,2296785247052,288
basic_appreq,1269873,2296786557290,288
basic_appreq,1733093,2296788333799,288
basic_appreq,1297167,2296789672101,288
basic_appreq,1744057,2296791459172,288
basic_appreq,1355377,2296792862856,288
basic_appreq,1028199,2296793940010,288
basic_appreq,1285392,2296795268576,288
basic_appreq,1526578,2296796839354,288
basic_appreq,996720,2296797887224,288
basic_appreq,1331322,2296799268116,288
basic_appreq,1647794,2296800963720,288
basic_appreq,1381183,2296802389778,288
basic_appreq,1513981,2296803946906,288
basic_appreq,1254774,2296805245569,288
basic_appreq,1326278,2296806617693,288
basic_appreq,1019229,2296807668858,288
basic_appreq,1544731,2296809244765,288
basic_appreq,1392811,2296810679114,288
basic_appreq,1753096,2296812469806,288
basic_appreq,1540938,2296814047514,288
basic_appreq,1320001,2296815414014,288
basic_appreq,1740659,2296817199956,288
basic_appreq,1560974,2296818803897,288
basic_appreq,1264715,2296820109577,288
basic_appreq,1731333,2296821895506,288
basic_appreq,1396903,2296823332156,288
basic_appreq,1760603,2296825137658,288
basic_appreq,1424157,2296826605427,288
basic_appreq,1682752,2296828334368,288
basic_appreq,1518645,2296829897751,288
basic_appreq,1358087,2296831295540,288
basic_appreq,1781317,2296833122204,288
basic_appreq,1287984,2296834456360,288
basic_appreq,1643169,2296836144060,288
basic_appreq,1489922,2296837679473,288
basic_appreq,1403390,2296839127219,288
basic_appreq,1429493,2296840603255,288
basic_appreq,1808356,2296842462089,288
basic_appreq,1565315,2296844068556,288
basic_appreq,1386205,2296845497435,288
basic_appreq,1383362,2296846919931,288
basic_appreq,1539049,2296848498908,288
basic_appreq,1134503,2296849678891,288
basic_appreq,1099254,2296850817835,288
basic_appreq,1563681,2296852429028,288
basic_appreq,1631167,2296854109438,288
basic_appreq,1480922,2296855628113,288
basic_appreq,1474505,2296857146925,288
basic_appreq,1599661,2296858799026,288
basic_appreq,1503284,2296860347624,288
basic_appreq,1464214,2296861859131,288
basic_appreq,1487707,2296863392666,288
basic_appreq,1632673,2296865069774,288
basic_appreq,1552674,2296866675497,288
basic_appreq,1728804,2296868448938,288
basic_appreq,1347211,2296869839390,288
basic_appreq,1684219,2296871564187,288
basic_appreq,1617030,2296873228929,288
basic_appreq,1526387,2296874804461,288
basic_appreq,1752404,2296876602004,288
basic_appreq,1354224,2296877998494,288
basic_appreq,1565324,2296879607551,288
basic_appreq,1551621,2296881203473,288
basic_appreq,1594795,2296882844751,288
basic_appreq,1493510,2296884394616,288
basic_appreq,1602123,2296886044692,288
basic_appreq,985378,2296887074919,288
basic_appreq,1366613,2296888485527,288
basic_appreq,1456566,2296889991541,288
basic_appreq,1271886,2296891308146,288
basic_appreq,1243459,2296892588524,288
basic_appreq,1533982,2296894172537,288
basic_appreq,1441869,2296895653982,288
basic_appreq,1454991,2296897151713,288
basic_appreq,1514237,2296898707926,288
basic_appreq,1352838,2296900101124,288
basic_appreq,1415883,2296901561395,288
basic_appreq,1930363,2296903537844,288
basic_appreq,1531694,2296905109320,288
basic_appreq,1488268,2296906658276,288
basic_appreq,1550008,2296908248046,288
basic_appreq,1642788,2296909931076,288
basic_appreq,891509,2296910865665,288
basic_appreq,1161551,2296912070124,288
basic_appreq,1295847,2296913407113,288
basic_appreq,1512383,2296914957642,288
basic_appreq,1634371,2296916630900,288
basic_appreq,1596573,2296918270238,288
basic_appreq,1556965,2296919864783,288
basic_appreq,1494974,2296921398602,288
basic_appreq,1358685,2296922799769,288
basic_appreq,1660024,2296924502981,288
basic_appreq,1555682,2296926105936,288
basic_appreq,1031187,2296927179890,288
basic_appreq,1381434,2296928604307,288
basic_appreq,1330998,2296929983479,288
basic_appreq,1517052,2296931543366,288
basic_appreq,1558271,2296933144481,288
basic_appreq,1366655,2296934557283,288
basic_appreq,1626038,2296936227449,288
basic_appreq,1266322,2296937550112,288
basic_appreq,1012228,2296938600764,288
basic_appreq,898389,2296939536005,288
basic_appreq,1446679,2296941025517,288
basic_appreq,976932,2296942042632,288
basic_appreq,1550101,2296943641334,288
basic_appreq,1539983,2296945219510,288
basic_appreq,1602984,2296946863814,288
basic_appreq,1581957,2296948482300,288
basic_appreq,1569006,2296950090983,288
basic_appreq,1594106,2296951720668,288
basic_appreq,1531448,2296953289082,288
basic_appreq,1658833,2296954988033,288
basic_appreq,1300554,2296956324941,288
basic_appreq,1744271,2296958116215,288
basic_appreq,1288852,2296959443635,288
basic_appreq,1774554,2296961260782,288
basic_appreq,1491389,2296962794847,288
basic_appreq,1402654,2296964235160,288
basic_appreq,1530814,2296965813576,288
basic_appreq,1614788,2296967471940,288
basic_appreq,1686789,2296969201745,288
basic_appreq,1431876,2296970673461,288
basic_appreq,2220419,2296972936963,288
basic_appreq,1356246,2296974334806,288
basic_appreq,1652640,2296976031646,288
basic_appreq,1454607,2296977530901,288
basic_appreq,1476506,2296979051066,288
basic_appreq,1554325,2296980649992,288
basic_appreq,1465139,2296982162449,288
basic_appreq,1623558,2296983829656,288
basic_appreq,1734654,2296985609149,288
basic_appreq,1454653,2296987106503,288
basic_appreq,1564977,2296988714501,288
basic_appreq,1506218,2296990270032,288
basic_appreq,1286367,2296991600124,288
basic_appreq,1337443,2296992980245,288
basic_appreq,1057790,2296994110658,288
basic_appreq,1335662,2296995489558,288
basic_appreq,1422971,2296996957501,288
basic_appreq,1539842,2296998539774,288
basic_appreq,1538606,2297000113425,288
basic_appreq,1015415,2297001166193,288
basic_appreq,1421898,2297002623120,288
basic_appreq,1544826,2297004203246,288
basic_appreq,1405476,2297005647956,288
basic_appreq,1473331,2297007162729,288
basic_appreq,1617454,2297008823181,288
basic_appreq,1612365,2297010481139,288
basic_appreq,1483397,2297012000125,288
basic_appreq,1319451,2297013415056,288
basic_appreq,1585400,2297015036366,288
basic_appreq,1687123,2297016766456,288
basic_appreq,1624231,2297018437286,288
basic_appreq,1595792,2297020076162,288
basic_appreq,1573417,2297021692627,288
basic_appreq,1514285,2297023249648,288
basic_appreq,1924858,2297025217299,288
basic_appreq,1351275,2297026609558,288
basic_appreq,1827886,2297028480936,288
basic_appreq,1272507,2297029797125,288
basic_appreq,1807949,2297031647863,288
basic_appreq,1371537,2297033057856,288
basic_appreq,1598422,2297034701827,288
basic_appreq,1359891,2297036101498,288
basic_appreq,1683227,2297037830712,288
basic_appreq,1421190,2297039289854,288
basic_appreq,1672500,2297041004911,288
basic_appreq,1343571,2297042390391,288
basic_appreq,1704471,2297044137739,288
basic_appreq,1331878,2297045509458,288
basic_appreq,1520042,2297047073624,288
basic_appreq,1902945,2297049019429,288
basic_appreq,1862947,2297050928451,288
basic_appreq,1403192,2297052370033,288
basic_appreq,1458436,2297053871280,288
basic_appreq,1017313,2297054931323,288
basic_appreq,1275584,2297056253660,288
basic_appreq,1431368,2297057729993,288
basic_appreq,1407764,2297059181703,288
basic_appreq,1126614,2297060351631,288
basic_appreq,1464291,2297061856560,288
basic_appreq,1302943,2297063197656,288
basic_appreq,1593804,2297064830026,288
basic_appreq,1585526,2297066457920,288
basic_appreq,1595759,2297068105380,288
basic_appreq,1359581,2297069501236,288
basic_appreq,1316136,2297070853732,288
basic_appreq,1696423,2297072590412,288
basic_appreq,1317573,2297073953622,288
basic_appreq,1642014,2297075640023,288
basic_appreq,1391077,2297077069011,288
basic_appreq,1797131,2297078913641,288
basic_appreq,1443677,2297080395627,288
basic_appreq,1483724,2297081925506,288
basic_appreq,1706576,2297083674705,288
basic_appreq,1500147,2297085212824,288
basic_appreq,1420147,2297086675849,288
basic_appreq,1729124,2297088447973,288
basic_appreq,1364222,2297089850956,288
basic_appreq,959480,2297090853483,288
basic_appreq,1397218,2297092293759,288
basic_appreq,1272630,2297093613225,288
basic_appreq,1134529,2297094791237,288
basic_appreq,1570988,2297096400581,288
basic_appreq,1650257,2297098090835,288
basic_appreq,1473376,2297099602587,288
basic_appreq,1566795,2297101207327,288
basic_appreq,1567994,2297102816311,288
basic_appreq,1587208,2297104442017,288
basic_appreq,1473804,2297105956603,288
basic_appreq,1705045,2297107700002,288
basic_appreq,1358267,2297109097618,288
basic_appreq,1822453,2297110968805,288
basic_appreq,1422209,2297112429424,288
basic_appreq,1463899,2297113940838,288
basic_appreq,1026678,2297115010685,288
basic_appreq,1330710,2297116383881,288
basic_appreq,1471153,2297117901430,288
basic_appreq,1296716,2297119243201,288
basic_appreq,1379150,2297120666583,288
basic_appreq,1137484,2297121850629,288
basic_appreq,1623876,2297123513112,288
basic_appreq,1494340,2297125045831,288
basic_appreq,1452920,2297126549216,288
basic_appreq,1453061,2297128046499,288
basic_appreq,1026719,2297129121703,288
basic_appreq,1509587,2297130669198,288
basic_appreq,1313943,2297132020545,288
basic_appreq,1650535,2297133711621,288
basic_appreq,1489382,2297135256001,288
basic_appreq,1540839,2297136840065,288
basic_appreq,1491865,2297138390487,288
basic_appreq,1502647,2297139936989,288
basic_appreq,1559409,2297141541245,288
basic_appreq,1736115,2297143321362,288
basic_appreq,1370640,2297144730165,288
basic_appreq,1687106,2297146466691,288
basic_appreq,1371332,2297147874441,288
basic_appreq,1530702,2297149445847,288
basic_appreq,1624067,2297151118548,288
basic_appreq,1412507,2297152567241,288
basic_appreq,1685765,2297154299485,288
basic_appreq,1325665,2297155663046,288
basic_appreq,1414660,2297157116306,288
basic_appreq,1442284,2297158600458,288
basic_appreq,1265493,2297159909078,288
basic_appreq,1557847,2297161512712,288
basic_appreq,1796698,2297163357269,288
basic_appreq,1301386,2297164697159,288
basic_appreq,1693875,2297166438716,288
basic_appreq,1293052,2297167770159,288
basic_appreq,1746569,2297169562533,288
basic_appreq,1776024,2297171384100,288
basic_appreq,1664361,2297173087612,288
basic_appreq,1754111,2297174888436,288
basic_appreq,1319032,2297176247857,288
basic_appreq,918742,2297177210961,288
basic_appreq,1186114,2297178440431,288
basic_appreq,1148423,2297179631995,288
basic_appreq,1417407,2297181087892,288
basic_appreq,1659141,2297182795959,288
basic_appreq,1682237,2297184521046,288
basic_appreq,1567493,2297186129038,288
basic_appreq,1330764,2297187498295,288
basic_appreq,1641960,2297189188258,288
basic_appreq,1396697,2297190625556,288
basic_appreq,1772746,2297192441483,288
basic_appreq,1401268,2297193884345,288
basic_appreq,1676526,2297195603582,288
basic_appreq,1427355,2297197069974,288
basic_appreq,1659345,2297198777760,288
basic_appreq,1496592,2297200313467,288
basic_appreq,1432731,2297201787487,288
basic_appreq,1724195,2297203554997,288
basic_appreq,1710967,2297205304160,288
basic_appreq,1804380,2297207153825,288
basic_appreq,1378540,2297208570494,288
basic_appreq,1683323,2297210298446,288
basic_appreq,1451533,2297211788211,288
basic_appreq,1347247,2297213173828,288
basic_appreq,1777284,2297214996180,288
basic_appreq,1478027,2297216517091,288
basic_appreq,885612,2297217449251,288
basic_appreq,1364118,2297218856648,288
basic_appreq,1051296,2297219950797,288
basic_appreq,1601302,2297221591093,288
basic_appreq,1351076,2297222984669,288
basic_appreq,1522070,2297224541088,288
basic_appreq,1415439,2297225993129,288
basic_appreq,1401258,2297227447054,288
basic_appreq,1131222,2297228618203,288
basic_appreq,1492903,2297230149793,288
basic_appreq,1564135,2297231750900,288
basic_appreq,1550185,2297233335609,288
basic_appreq,1580731,2297234954159,288
basic_appreq,1481332,2297236470531,288
basic_appreq,1405692,2297237914863,288
basic_appreq,1629380,2297239584213,288
basic_appreq,1375419,2297240996150,288
basic_appreq,1680667,2297242720843,288
basic_appreq,1426646,2297244187343,288
basic_appreq,1555528,2297245788127,288
basic_appreq,1476754,2297247305639,288
basic_appreq,1576041,2297248921981,288
basic_appreq,1509011,2297250476004,288
basic_appreq,1548514,2297252064525,288
basic_appreq,1489695,2297253601598,288
basic_appreq,1073569,2297254711014,288
basic_appreq,1711999,2297256461841,288
basic_appreq,1453474,2297257955302,288
basic_appreq,1666887,2297259662339,288
basic_appreq,1342676,2297261039780,288
basic_appreq,1507043,2297262584705,288
basic_appreq,1368953,2297263993632,288
basic_appreq,1696937,2297265754980,288
basic_appreq,1497133,2297267287917,288
basic_appreq,1626673,2297268956304,288
basic_appreq,1563346,2297270561505,288
basic_appreq,1586659,2297272187804,288
basic_appreq,1553295,2297273784317,288
basic_appreq,1596126,2297275419788,288
basic_appreq,1454186,2297276926581,288
basic_appreq,1527353,2297278495535,288
basic_appreq,1414147,2297279949012,288
basic_appreq,1843638,2297281832640,288
basic_appreq,1518960,2297283387316,288
basic_appreq,1586619,2297285009064,288
basic_appreq,1498767,2297286546778,288
basic_appreq,1645669,2297288232233,288
basic_appreq,1553890,2297289827788,288
basic_appreq,1621350,2297291489148,288
basic_appreq,1356777,2297292885521,288
basic_appreq,1614971,2297294542033,288
basic_appreq,1505397,2297296087125,288
basic_appreq,1402888,2297297535080,288
basic_appreq,1003296,2297298579802,288
basic_appreq,1263541,2297299883103,288
basic_appreq,1293000,2297301215885,288
basic_appreq,1429626,2297302689909,288
basic_appreq,1452291,2297304181934,288
basic_appreq,1329281,2297305554923,288
basic_appreq,1254817,2297306849651,288
basic_appreq,1546429,2297308432027,288
basic_appreq,1446952,2297309918707,288
basic_appreq,1665316,2297311619550,288
basic_appreq,1504979,2297313159948,288
basic_appreq,1496217,2297314693987,288
basic_appreq,1591678,2297316322050,288
basic_appreq,1231934,2297317591917,288
basic_appreq,1327359,2297318960513,288
basic_appreq,1743944,2297320744970,288
basic_appreq,1524332,2297322310088,288
basic_appreq,1484432,2297323830554,288
basic_appreq,1535990,2297325410137,288
basic_appreq,1738981,2297327196673,288
basic_appreq,1616863,2297328855443,288
basic_appreq,1487877,2297330387963,288
basic_appreq,1840263,2297332268991,288
basic_appreq,1660061,2297333971209,288
basic_appreq,1656378,2297335668757,288
basic_appreq,1329866,2297337035408,288
basic_appreq,1746523,2297338825937,288
basic_appreq,1311674,2297340173940,288
basic_appreq,1677075,2297341893461,288
basic_appreq,1359481,2297343296042,288
basic_appreq,1759501,2297345096940,288
basic_appreq,1388192,2297346527669,288
basic_appreq,1842785,2297348412346,288
basic_appreq,1261216,2297349718026,288
basic_appreq,1708052,2297351468021,288
basic_appreq,1331693,2297352836573,288
basic_appreq,1760487,2297354643769,288
basic_appreq,1293497,2297355974891,288
basic_appreq,1890808,2297357927489,288
basic_appreq,1412215,2297359382219,288
basic_appreq,1306556,2297360725043,288
basic_appreq,1547908,2297362319020,288
basic_appreq,1573083,2297363932859,288
basic_appreq,1862032,2297365837043,288
basic_appreq,1559994,2297367437215,288
basic_appreq,1379642,2297368853316,288
basic_appreq,1734865,2297370634472,288
basic_appreq,1583606,2297372255789,288
basic_appreq,1435390,2297373728209,288
basic_appreq,1714171,2297375484846,288
basic_appreq,1341934,2297376864235,288
basic_appreq,1698189,2297378611259,288
basic_appreq,1396089,2297380046349,288
basic_appreq,1306832,2297381396346,288
basic_appreq,1661343,2297383102498,288
basic_appreq,1408443,2297384548480,288
basic_appreq,1563604,2297386152412,288
basic_appreq,1289728,2297387481719,288
basic_appreq,1332475,2297388851478,288
basic_appreq,1705407,2297390618634,288
basic_appreq,1295573,2297391952171,288
basic_appreq,1526384,2297393516861,288
basic_appreq,1529271,2297395091929,288
basic_appreq,1722354,2297396857518,288
basic_appreq,1584678,2297398488709,288
basic_appreq,962193,2297399494043,288
basic_appreq,1290206,2297400828232,288
basic_appreq,1357972,2297402229416,288
basic_appreq,1201898,2297403470204,288
basic_appreq,1560215,2297405063225,288
basic_appreq,1528511,2297406630981,288
basic_appreq,1376362,2297408042161,288
basic_appreq,1517333,2297409599804,288
basic_appreq,1512621,2297411148097,288
basic_appreq,950695,2297412134609,288
basic_appreq,946626,2297413125932,288
basic_appreq,1416618,2297414581201,288
basic_appreq,1458744,2297416078561,288
basic_appreq,1513088,2297417643766,288
basic_appreq,1631645,2297419346897,288
basic_appreq,1579756,2297420962791,288
basic_appreq,1480192,2297422490003,288
basic_appreq,1673580,2297424206771,288
basic_appreq,1283720,2297425542233,288
basic_appreq,1620912,2297427208098,288
basic_appreq,1537883,2297428798364,288
basic_appreq,1313530,2297430155123,288
basic_appreq,1535518,2297431734237,288
basic_appreq,923177,2297432697764,288
basic_appreq,1296989,2297434052854,288
basic_appreq,1220304,2297435316813,288
basic_appreq,1562180,2297436917524,288
basic_appreq,1606016,2297438567797,288
basic_appreq,1572532,2297440179764,288
basic_appreq,1287213,2297441510284,288
basic_appreq,1936315,2297443489256,288
basic_appreq,1482879,2297445010602,288
basic_appreq,1989286,2297447050213,288
basic_appreq,1306060,2297448395656,288
basic_appreq,1704384,2297450148170,288
basic_appreq,1330360,2297451516722,288
basic_appreq,1921028,2297453482616,288
basic_appreq,1424608,2297454949983,288
basic_appreq,1983299,2297456978157,288
basic_appreq,1395133,2297458416839,288
basic_appreq,1761339,2297460222010,288
basic_appreq,1467975,2297461729030,288
basic_appreq,1487510,2297463260744,288
basic_appreq,1525094,2297464830673,288
basic_appreq,1056601,2297465933764,288
basic_appreq,1316069,2297467293070,288
basic_appreq,1034428,2297468370923,288
basic_appreq,1438351,2297469849712,288
basic_appreq,1481793,2297471369860,288
basic_appreq,1677335,2297473085733,288
basic_appreq,1660555,2297474788814,288
basic_appreq,1367563,2297476196320,288
basic_appreq,1488539,2297477728993,288
basic_appreq,1476560,2297479248884,288
basic_appreq,4901337,2297484193476,288
basic_appreq,1795775,2297486031507,288
basic_appreq,1388600,2297487455944,288
basic_appreq,1610234,2297489109275,288
basic_appreq,1591290,2297490748689,288
basic_appreq,1502248,2297492294276,288
basic_appreq,1738359,2297494079482,288
basic_appreq,2279491,2297496402422,288
basic_appreq,1300788,2297497746933,288
basic_appreq,1711615,2297499501996,288
basic_appreq,1512827,2297501053270,288
basic_appreq,1694851,2297502796429,288
basic_appreq,1373952,2297504208506,288
basic_appreq,1751421,2297506007148,288
basic_appreq,1437693,2297507483507,288
basic_appreq,1667542,2297509194271,288
basic_appreq,1330630,2297510570906,288
basic_appreq,1481625,2297512095315,288
basic_appreq,1843320,2297513982388,288
basic_appreq,1490554,2297515511582,288
basic_appreq,1389533,2297516940109,288
basic_appreq,1490949,2297518481569,288
basic_appreq,1225146,2297519749519,288
basic_appreq,2810419,2297522606276,288
basic_appreq,1020761,2297523663722,288
basic_appreq,910107,2297524615139,288
basic_appreq,1373030,2297526031514,288
basic_appreq,1518895,2297527591349,288
basic_appreq,1450376,2297529083040,288
basic_appreq,910491,2297530027164,288
basic_appreq,1259823,2297531328064,288
basic_appreq,945208,2297532314728,288
basic_appreq,904612,2297533248179,288
basic_appreq,1044315,2297534335120,288
basic_appreq,1147952,2297535509370,288
basic_appreq,1569762,2297537120535,288
basic_appreq,1527981,2297538679198,288
basic_appreq,890650,2297539600648,288
basic_appreq,1161209,2297540790841,288
basic_appreq,959354,2297541788642,288
basic_appreq,1170950,2297542992740,288
basic_appreq,1617300,2297544651598,288
basic_appreq,973845,2297545668382,288
basic_appreq,1273044,2297546982009,288
basic_appreq,1648275,2297548669837,288
basic_appreq,1327277,2297550048302,288
basic_appreq,1075500,2297551158841,288
basic_appreq,1372542,2297552566601,288
basic_appreq,1554574,2297554163332,288
basic_appreq,1571708,2297555770377,288
basic_appreq,1494271,2297557301702,288
basic_appreq,1388995,2297558733032,288
basic_appreq,1731945,2297560503579,288
basic_appreq,1484088,2297562030547,288
basic_appreq,1486447,2297563556487,288
basic_appreq,1471838,2297565069014,288
basic_appreq,1485849,2297566599197,288
basic_appreq,1514055,2297568154214,288
basic_appreq,1506487,2297569704318,288
basic_appreq,2089940,2297571837880,288
basic_appreq,959546,2297572837490,288
basic_appreq,1368161,2297574248855,288
basic_appreq,1453631,2297575743145,288
basic_appreq,1333324,2297577116723,288
basic_appreq,1167349,2297578326869,288
basic_appreq,1389837,2297579752943,288
basic_appreq,1048185,2297580843436,288
basic_appreq,1279550,2297582165887,288
basic_appreq,1080673,2297583286834,288
basic_appreq,1374129,2297584706602,288
basic_appreq,1408781,2297586156356,288
basic_appreq,874316,2297587068765,288
basic_appreq,1038920,2297588148231,288
basic_appreq,1216761,2297589401963,288
basic_appreq,1428064,2297590870949,288
basic_appreq,1496039,2297592406374,288
basic_appreq,1654792,2297594106344,288
basic_appreq,1602976,2297595750118,288
basic_appreq,1014870,2297596805828,288
basic_appreq,1244235,2297598095379,288
basic_appreq,1594525,2297599731344,288
basic_appreq,1596691,2297601369141,288
basic_appreq,1472470,2297602885835,288
basic_appreq,1707401,2297604634162,288
basic_appreq,1489020,2297606169822,288
basic_appreq,1572780,2297607784282,288
basic_appreq,1537149,2297609363303,288
basic_appreq,1514910,2297610920204,288
basic_appreq,1458105,2297612419833,288
basic_appreq,1635368,2297614099431,288
basic_appreq,1514249,2297615657040,288
basic_appreq,1497694,2297617196924,288
basic_appreq,1459884,2297618702531,288
basic_appreq,1515411,2297620262472,288
basic_appreq,1534122,2297621851197,288
basic_appreq,1071685,2297622966644,288
basic_appreq,1358983,2297624361149,288
basic_appreq,1500909,2297625948724,288
basic_appreq,1627749,2297627619587,288
basic_appreq,1549454,2297629213765,288
basic_appreq,1561102,2297630823500,288
basic_appreq,1587445,2297632454691,288
basic_appreq,1305998,2297633810092,288
basic_appreq,1570344,2297635426470,288
basic_appreq,1518855,2297636988724,288
basic_appreq,1518902,2297638559602,288
basic_appreq,1547916,2297640153308,288
basic_appreq,1520920,2297641722937,288
basic_appreq,936203,2297642702973,288
basic_appreq,1398033,2297644144970,288
basic_appreq,1297304,2297645490393,288
basic_appreq,1090016,2297646623823,288
basic_appreq,1417818,2297648079716,288
basic_appreq,1657879,2297649788227,288
basic_appreq,1328027,2297651155577,288
basic_appreq,1750138,2297652948743,288
basic_appreq,1331637,2297654322901,288
basic_appreq,4136846,2297658502511,288
basic_appreq,865650,2297659409660,288
basic_appreq,1001539,2297660452382,288
basic_appreq,1501584,2297661994073,288
basic_appreq,1616692,2297663647417,288
basic_appreq,1537187,2297665221476,288
basic_appreq,1515251,2297666776968,288
basic_appreq,1598441,2297668402784,288
basic_appreq,1581787,2297670028662,288
basic_appreq,1398425,2297671475778,288
basic_appreq,1558742,2297673076813,288
basic_appreq,1742322,2297674854811,288
basic_appreq,1494055,2297676391861,288
basic_appreq,1540884,2297677977812,288
basic_appreq,1689992,2297679705011,288
basic_appreq,1436647,2297681179233,288
basic_appreq,1418015,2297682637231,288
basic_appreq,1604109,2297684278439,288
basic_appreq,1581277,2297685901611,288
basic_appreq,1618150,2297687558203,288
basic_appreq,1528496,2297689124105,288
basic_appreq,1497837,2297690661740,288
basic_appreq,1734080,2297692440774,288
basic_appreq,1462215,2297693942670,288
basic_appreq,1720826,2297695710818,288
basic_appreq,1616170,2297697366053,288
basic_appreq,1501795,2297698909121,288
basic_appreq,1398183,2297700345958,288
basic_appreq,1603594,2297701995644,288
basic_appreq,1431873,2297703466363,288
basic_appreq,1799546,2297705300993,288
basic_appreq,1418211,2297706755292,288
basic_appreq,1522525,2297708321067,288
basic_appreq,1620518,2297710039302,288
basic_appreq,1546559,2297711624662,288
basic_appreq,1959401,2297713621941,288
basic_appreq,1075426,2297714738497,288
basic_appreq,1588848,2297716364756,288
basic_appreq,1533371,2297717941184,288
basic_appreq,1391267,2297719370931,288
basic_appreq,1678388,2297721087101,288
basic_appreq,1378676,2297722507491,288
basic_appreq,1570092,2297724117003,288
basic_appreq,1121010,2297725276029,288
basic_appreq,1192763,2297726506925,288
basic_appreq,1682705,2297728227689,288
basic_appreq,1621243,2297729885855,288
basic_appreq,1350620,2297731271671,288
basic_appreq,1672965,2297732979535,288
basic_appreq,1541922,2297734558365,288
basic_appreq,1254757,2297735848457,288
basic_appreq,1220595,2297737104070,288
basic_appreq,1637269,2297738778699,288
basic_appreq,1533965,2297740348287,288
basic_appreq,1523634,2297741908580,288
basic_appreq,1452185,2297743395649,288
basic_appreq,1628127,2297745058883,288
basic_appreq,1361335,2297746457675,288
basic_appreq,1632835,2297748130457,288
basic_appreq,1719157,2297749892229,288
basic_appreq,1574330,2297751502636,288
basic_appreq,1559065,2297753096898,288
basic_appreq,1262146,2297754396748,288
basic_appreq,1738487,2297756174702,288
basic_appreq,1495283,2297757708237,288
basic_appreq,1431745,2297759175482,288
basic_appreq,1584030,2297760794797,288
basic_appreq,1509577,2297762343862,288
basic_appreq,1574554,2297763953437,288
basic_appreq,1359998,2297765348954,288
basic_appreq,1009357,2297766398913,288
basic_appreq,1602709,2297768037204,288
basic_appreq,1499932,2297769575250,288
basic_appreq,1509800,2297771120797,288
basic_appreq,1400803,2297772557337,288
basic_appreq,1384086,2297773979131,288
basic_appreq,1620903,2297775640237,288
basic_appreq,1488164,2297777169081,288
basic_appreq,1694998,2297778907945,288
basic_appreq,1550716,2297780494902,288
basic_appreq,1232106,2297781764434,288
basic_appreq,1306325,2297783106597,288
basic_appreq,1678823,2297784825088,288
basic_appreq,1342149,2297786208038,288
basic_appreq,1734564,2297787982843,288
basic_appreq,1330123,2297789373903,288
basic_appreq,1884791,2297791294343,288
basic_appreq,1393262,2297792723532,288
basic_appreq,1511301,2297794278438,288
basic_appreq,1669541,2297795990371,288
basic_appreq,1425918,2297797479287,288
basic_appreq,1574370,2297799094931,288
basic_appreq,1361111,2297800496951,288
basic_appreq,1330961,2297801875828,288
basic_appreq,1512503,2297803430840,288
basic_appreq,1603207,2297805075283,288
basic_appreq,1009999,2297806129205,288
basic_appreq,1348461,2297807518808,288
basic_appreq,1579011,2297809139182,288
basic_appreq,1262522,2297810445645,288
basic_appreq,1089932,2297811576740,288
basic_appreq,1279915,2297812895201,288
basic_appreq,1029449,2297813960022,288
basic_appreq,1337464,2297815331528,288
basic_appreq,970458,2297816335274,288
basic_appreq,1486294,2297817854659,288
basic_appreq,1015856,2297818904173,288
basic_appreq,1218316,2297820159722,288
basic_appreq,1192582,2297821392986,288
basic_appreq,1339404,2297822769034,288
basic_appreq,1522414,2297824328959,288
basic_appreq,1489342,2297825860031,288
basic_appreq,1178861,2297827074387,288
basic_appreq,1504962,2297828614257,288
basic_appreq,1758770,2297830418105,288
basic_appreq,1607604,2297832067757,288
basic_appreq,1220581,2297833342777,288
basic_appreq,1407786,2297834793360,288
basic_appreq,1654640,2297836490397,288
basic_appreq,1710363,2297838247458,288
basic_appreq,1273512,2297839558278,288
basic_appreq,1725916,2297841326135,288
basic_appreq,1484520,2297842850671,288
basic_appreq,1333949,2297844221743,288
basic_appreq,2173806,2297846439629,288
basic_appreq,1391151,2297847868430,288
basic_appreq,1779299,2297849689601,288
basic_appreq,1467157,2297851204951,288
basic_appreq,1766669,2297853014673,288
basic_appreq,1367396,2297854423583,288
basic_appreq,1384497,2297855845107,288
basic_appreq,1500661,2297857388278,288
basic_appreq,1560667,2297858990682,288
basic_appreq,1866112,2297860898412,288
basic_appreq,1329682,2297862267512,288
basic_appreq,1812044,2297864121114,288
basic_appreq,1371175,2297865531497,288
basic_appreq,1362738,2297866931485,288
basic_appreq,1584762,2297868574197,288
basic_appreq,1494474,2297870115497,288
basic_appreq,1876240,2297872034473,288
basic_appreq,1667492,2297873748127,288
basic_appreq,1780535,2297875565755,288
basic_appreq,1563938,2297877166812,288
basic_appreq,1224013,2297878432797,288
basic_appreq,1504992,2297879975884,288
basic_appreq,1422834,2297881461199,288
basic_appreq,1388758,2297882893018,288
basic_appreq,1448665,2297884383341,288
basic_appreq,1147093,2297885576065,288
basic_appreq,1730955,2297887343375,288
basic_appreq,1581948,2297888970847,288
basic_appreq,999925,2297890013889,288
basic_appreq,1271414,2297891327044,288
basic_appreq,1450514,2297892818743,288
basic_appreq,1360637,2297894226708,288
basic_appreq,1443328,2297895709369,288
basic_appreq,1484632,2297897235695,288
basic_appreq,1821277,2297899098837,288
basic_appreq,1324760,2297900461211,288
basic_appreq,1732663,2297902249037,288
basic_appreq,1483634,2297903770339,288
basic_appreq,1446254,2297905254230,288
basic_appreq,1474445,2297906777122,288
basic_appreq,1502032,2297908345300,288
basic_appreq,1633001,2297910024326,288
basic_appreq,1578150,2297911645733,288
basic_appreq,1505487,2297913193897,288
basic_appreq,1596309,2297914835158,288
basic_appreq,1472594,2297916350790,288
basic_appreq,1483416,2297917884264,288
basic_appreq,1526986,2297919454734,288
basic_appreq,1685662,2297921183461,288
basic_appreq,1431203,2297922654949,288
basic_appreq,1515711,2297924213741,288
basic_appreq,1583505,2297925840952,288
basic_appreq,1513663,2297927398274,288
basic_appreq,1093029,2297928534919,288
basic_appreq,1243326,2297929824597,288
basic_appreq,1280757,2297931150416,288
basic_appreq,1062743,2297932256113,288
basic_appreq,1299108,2297933596033,288
basic_appreq,1722709,2297935366624,288
basic_appreq,1328609,2297936734070,288
basic_appreq,1463079,2297938246520,288
basic_appreq,1366608,2297939654678,288
basic_appreq,1758622,2297941455616,288
basic_appreq,1510445,2297943006736,288
basic_appreq,1524111,2297944569210,288
basic_appreq,1454207,2297946065160,288
basic_appreq,1532708,2297947641482,288
basic_appreq,1497491,2297949182244,288
basic_appreq,1486551,2297950717255,288
basic_appreq,1578096,2297952338549,288
basic_appreq,1441936,2297953823506,288
basic_appreq,1529808,2297955396586,288
basic_appreq,1519868,2297956960059,288
basic_appreq,1959210,2297958968723,288
basic_appreq,1723995,2297960736334,288
basic_appreq,1689388,2297962469808,288
basic_appreq,1765168,2297964273860,288
basic_appreq,1760286,2297966082286,288
basic_appreq,1358327,2297967479030,288
basic_appreq,1858657,2297969380203,288
basic_appreq,1337534,2297970758469,288
basic_appreq,1770277,2297972572241,288
basic_appreq,1530728,2297974145919,288
basic_appreq,1487681,2297975671748,288
basic_appreq,1368085,2297977078633,288
basic_appreq,1520523,2297978652232,288
basic_appreq,1400527,2297980095875,288
basic_appreq,1642204,2297981786773,288
basic_appreq,1437826,2297983263066,288
basic_appreq,1717783,2297985024014,288
basic_appreq,1318371,2297986383334,288
basic_appreq,1790606,2297988216921,288
basic_appreq,1344875,2297989600235,288
basic_appreq,1606140,2297991251384,288
basic_appreq,1755622,2297993049979,288
basic_appreq,1458206,2297994549802,288
basic_appreq,1716012,2297996308728,288
basic_appreq,1321796,2297997671998,288
basic_appreq,1698550,2297999413238,288
basic_appreq,1492218,2298000943394,288
basic_appreq,1681801,2298002673066,288
basic_appreq,1417973,2298004129836,288
basic_appreq,1714642,2298005891876,288
basic_appreq,1490247,2298007422824,288
basic_appreq,944830,2298008410338,288
basic_appreq,1329589,2298009785791,288
basic_appreq,987474,2298010815978,288
basic_appreq,1540911,2298012394799,288
basic_appreq,1399681,2298013834703,288
basic_appreq,1549329,2298015422479,288
basic_appreq,1851647,2298017312272,288
basic_appreq,1621600,2298018976222,288
basic_appreq,1519253,2298020534102,288
basic_appreq,1898210,2298022470036,288
basic_appreq,1364459,2298023874051,288
basic_appreq,1620160,2298025536754,288
basic_appreq,1648629,2298027232711,288
basic_appreq,1354902,2298028626865,288
basic_appreq,1828200,2298030502012,288
basic_appreq,1486999,2298032044315,288
basic_appreq,1437178,2298033529636,288
basic_appreq,1522368,2298035095047,288
basic_appreq,1413397,2298036552896,288
basic_appreq,1488596,2298038087269,288
basic_appreq,1612816,2298039738624,288
basic_appreq,1334902,2298041119751,288
basic_appreq,1543558,2298042735377,288
basic_appreq,1605368,2298044383793,288
basic_appreq,1529542,2298045961119,288
basic_appreq,1864869,2298047869052,288
basic_appreq,1484994,2298049397241,288
basic_appreq,1971193,2298051413613,288
basic_appreq,1692295,2298053149510,288
basic_appreq,1150171,2298054340479,288
basic_appreq,1447260,2298055825644,288
basic_appreq,1544223,2298057413042,288
basic_appreq,1554402,2298059011413,288
basic_appreq,1554061,2298060609441,288
basic_appreq,1531446,2298062186694,288
basic_appreq,1548564,2298063778265,288
basic_appreq,1534554,2298065356301,288
basic_appreq,1562004,2298066970340,288
basic_appreq,1543592,2298068558273,288
basic_appreq,1340165,2298069958448,288
basic_appreq,1562210,2298071568979,288
basic_appreq,1609820,2298073222249,288
basic_appreq,1483384,2298074755002,288
basic_appreq,1787498,2298076585842,288
basic_appreq,1286915,2298077912854,288
basic_appreq,1690180,2298079646172,288
basic_appreq,1335416,2298081020147,288
basic_appreq,1786808,2298082860059,288
basic_appreq,1364960,2298084265674,288
basic_appreq,1555254,2298085874477,288
basic_appreq,1563166,2298087481389,288
basic_appreq,1541353,2298089066752,288
basic_appreq,1445622,2298090560531,288
basic_appreq,1493524,2298092097757,288
basic_appreq,1547565,2298093690138,288
basic_appreq,917218,2298094650958,288
basic_appreq,1259555,2298095953781,288
basic_appreq,1171345,2298097168104,288
basic_appreq,1380548,2298098589531,288
basic_appreq,1584503,2298100223938,288
basic_appreq,1487210,2298101755097,288
basic_appreq,1307584,2298103098719,288
basic_appreq,1000539,2298104143606,288
basic_appreq,1373936,2298105563472,288
basic_appreq,1334459,2298106936191,288
basic_appreq,1143138,2298108117959,288
basic_appreq,1379031,2298109539823,288
basic_appreq,1682933,2298111260954,288
basic_appreq,1604272,2298112903606,288
basic_appreq,1546211,2298114490229,288
basic_appreq,1436089,2298115964480,288
basic_appreq,1839090,2298117874900,288
basic_appreq,1488219,2298119402052,288
basic_appreq,1345650,2298120785848,288
basic_appreq,1511227,2298122343109,288
basic_appreq,1742078,2298124128139,288
basic_appreq,1406244,2298125577413,288
basic_appreq,1747492,2298127368303,288
basic_appreq,1364737,2298128771786,288
basic_appreq,1597286,2298130418197,288
basic_appreq,1427000,2298131883286,288
basic_appreq,1717758,2298133644173,288
basic_appreq,1632306,2298135319554,288
basic_appreq,1666707,2298137024641,288
basic_appreq,1560954,2298138633213,288
basic_appreq,1717085,2298140393646,288
basic_appreq,1617768,2298142049814,288
basic_appreq,1380432,2298143468303,288
basic_appreq,1804403,2298145315844,288
basic_appreq,1338292,2298146694146,288
basic_appreq,1503201,2298148240499,288
basic_appreq,1649104,2298149937087,288
basic_appreq,1300070,2298151275156,288
basic_appreq,1832648,2298153151874,288
basic_appreq,1315584,2298154507528,288
basic_appreq,1725151,2298156275970,288
basic_appreq,1313302,2298157630298,288
basic_appreq,1770611,2298159445230,288
basic_appreq,1380879,2298160864548,288
basic_appreq,1658718,2298162568705,288
basic_appreq,1687971,2298164295577,288
basic_appreq,1791882,2298166135436,288
basic_appreq,1649435,2298167824165,288
basic_appreq,999727,2298168867665,288
basic_appreq,1340100,2298170254669,288
basic_appreq,1297617,2298171596393,288
basic_appreq,1130246,2298172769847,288
basic_appreq,1506826,2298174317241,288
basic_appreq,1510481,2298175867479,288
basic_appreq,1568803,2298177475364,288
basic_appreq,1453605,2298178977395,288
basic_appreq,1567623,2298180588213,288
basic_appreq,1577965,2298182212190,288
basic_appreq,1477556,2298183732960,288
basic_appreq,1483620,2298185259962,288
basic_appreq,1701584,2298187010985,288
basic_appreq,1758886,2298188813113,288
basic_appreq,1569074,2298190424402,288
basic_appreq,1401285,2298191863365,288
basic_appreq,1455476,2298193361921,288
basic_appreq,1690601,2298195117031,288
basic_appreq,1326861,2298196482984,288
basic_appreq,1680603,2298198210050,288
basic_appreq,1338524,2298199587096,288
basic_appreq,1689893,2298201320243,288
basic_appreq,1371674,2298202734121,288
basic_appreq,2277440,2298205054308,288
basic_appreq,1318050,2298206410798,288
basic_appreq,1901360,2298208355477,288
basic_appreq,1456502,2298209852389,288
basic_appreq,1406351,2298211296714,288
basic_appreq,1770554,2298213110828,288
basic_appreq,1372298,2298214528643,288
basic_appreq,1707061,2298216278456,288
basic_appreq,1532422,2298217852612,288
basic_appreq,1318985,2298219209991,288
basic_appreq,1333504,2298220586412,288
basic_appreq,1665032,2298222324582,288
basic_appreq,1570570,2298223932977,288
basic_appreq,1517527,2298225489434,288
basic_appreq,1566453,2298227097007,288
basic_appreq,1290387,2298228426822,288
basic_appreq,1477072,2298229947272,288
basic_appreq,1496331,2298231488525,288
basic_appreq,1739937,2298233272512,288
basic_appreq,1278066,2298234593246,288
basic_appreq,1793791,2298236430578,288
basic_appreq,1275986,2298237744595,288
basic_appreq,944343,2298238732079,288
basic_appreq,897834,2298239673001,288
basic_appreq,1522725,2298241234657,288
basic_appreq,1474134,2298242749923,288
basic_appreq,1819857,2298244607308,288
basic_appreq,1412174,2298246057535,288
basic_appreq,1370320,2298247467113,288
basic_appreq,1605655,2298249111274,288
basic_appreq,1589543,2298250748312,288
basic_appreq,1571309,2298252363197,288
basic_appreq,1620642,2298254034064,288
basic_appreq,958538,2298255035428,288
basic_appreq,1351679,2298256430300,288
basic_appreq,1475819,2298257951114,288
basic_appreq,1075149,2298259069599,288
basic_appreq,1355033,2298260462453,288
basic_appreq,1352137,2298261856597,288
basic_appreq,1369017,2298263264318,288
basic_appreq,1440734,2298264743517,288
basic_appreq,1211397,2298266000773,288
basic_appreq,1228129,2298267265288,288
basic_appreq,1328826,2298268631952,288
basic_appreq,1453401,2298270131660,288
basic_appreq,1607076,2298271779431,288
basic_appreq,1564186,2298273384142,288
basic_appreq,1595719,2298275027843,288
basic_appreq,1607824,2298276678762,288
basic_appreq,1483156,2298278215427,288
basic_appreq,1578684,2298279838000,288
basic_appreq,1588180,2298281468897,288
basic_appreq,929173,2298282445004,288
basic_appreq,1384374,2298283872465,288
basic_appreq,1125698,2298285041708,288
basic_appreq,1227695,2298286311719,288
basic_appreq,1280018,2298287630421,288
basic_appreq,1513352,2298289181484,288
basic_appreq,1440519,2298290664497,288
basic_appreq,1772947,2298292476290,288
basic_appreq,2049981,2298294569468,288
basic_appreq,1643788,2298296251217,288
basic_appreq,1338275,2298297632454,288
basic_appreq,1623108,2298299301944,288
basic_appreq,1705518,2298301050588,288
basic_appreq,1749911,2298302847914,288
basic_appreq,1479113,2298304371304,288
basic_appreq,1400279,2298305821470,288
basic_appreq,1614536,2298307505706,288
basic_appreq,1496756,2298309046154,288
basic_appreq,1458900,2298310554764,288
basic_appreq,1504313,2298312105280,288
basic_appreq,1884854,2298314036533,288
basic_appreq,1721766,2298315802516,288
basic_appreq,1368642,2298317209605,288
basic_appreq,1794004,2298319058549,288
basic_appreq,1331509,2298320428788,288
basic_appreq,2309407,2298322788641,288
basic_appreq,1397098,2298324224028,288
basic_appreq,1491215,2298325760697,288
basic_appreq,1542613,2298327347143,288
basic_appreq,1643253,2298329033964,288
basic_appreq,1595390,2298330677612,288
basic_appreq,1581236,2298332302226,288
basic_appreq,1490855,2298333842571,288
basic_appreq,1714709,2298335599719,288
basic_appreq,1540362,2298337183956,288
basic_appreq,1771440,2298339002276,288
basic_appreq,1993627,2298341038964,288
basic_appreq,1571888,2298342657838,288
basic_appreq,1750332,2298344451565,288
basic_appreq,1370143,2298345860398,288
basic_appreq,1817699,2298347721063,288
basic_appreq,1353159,2298349112691,288
basic_appreq,1672217,2298350831414,288
basic_appreq,1360282,2298352230219,288
basic_appreq,1498266,2298353782472,288
basic_appreq,1735714,2298355561851,288
basic_appreq,1345527,2298356945754,288
basic_appreq,1672100,2298358684421,288
basic_appreq,1515657,2298360248490,288
basic_appreq,1341183,2298361633775,288
basic_appreq,1504493,2298363182199,288
basic_appreq,1716861,2298364942242,288
basic_appreq,1353824,2298366337228,288
basic_appreq,1841061,2298368221768,288
basic_appreq,1364098,2298369626110,288
basic_appreq,1627605,2298371297124,288
basic_appreq,1686771,2298373026699,288
basic_appreq,1374125,2298374441757,288
basic_appreq,1695389,2298376181674,288
basic_appreq,1481839,2298377710707,288
basic_appreq,1571653,2298379325525,288
basic_appreq,1707355,2298381076041,288
basic_appreq,1496278,2298382617882,288
basic_appreq,1423715,2298384084678,288
basic_appreq,1482989,2298385615253,288
basic_appreq,1783676,2298387444957,288
basic_appreq,1683444,2298389171537,288
basic_appreq,1531827,2298390751424,288
basic_appreq,1712998,2298392507463,288
basic_appreq,1867488,2298394417060,288
basic_appreq,1749573,2298396209391,288
basic_appreq,1327790,2298397578040,288
basic_appreq,1609281,2298399230478,288
basic_appreq,1718709,2298400992438,288
basic_appreq,1281609,2298402316450,288
basic_appreq,1804967,2298404163981,288
basic_appreq,1396042,2298405599003,288
basic_appreq,1586289,2298407230351,288
basic_appreq,973256,2298408247600,288
basic_appreq,1405576,2298409700327,288
basic_appreq,1328145,2298411073026,288
basic_appreq,1168806,2298412284451,288
basic_appreq,1544625,2298413869333,288
basic_appreq,1518008,2298415426294,288
basic_appreq,1646956,2298417111308,288
basic_appreq,1538610,2298418690827,288
basic_appreq,1632524,2298420361700,288
basic_appreq,1502289,2298421904414,288
basic_appreq,1521268,2298423463493,288
basic_appreq,1508026,2298425010299,288
basic_appreq,1721787,2298426781408,288
basic_appreq,1342837,2298428162444,288
basic_appreq,1640837,2298429849286,288
basic_appreq,1774634,2298431667208,288
basic_appreq,1425663,2298433132578,288
basic_appreq,1672467,2298434853372,288
basic_appreq,1616725,2298436508955,288
basic_appreq,1335566,2298437886867,288
basic_appreq,1658783,2298439589737,288
basic_appreq,1315016,2298440942919,288
basic_appreq,1753680,2298442741484,288
basic_appreq,1592002,2298444372441,288
basic_appreq,1766766,2298446184676,288
basic_appreq,1803834,2298448032307,288
basic_appreq,1434589,2298449515242,288
basic_appreq,1494093,2298451048088,288
basic_appreq,1427448,2298452514344,288
basic_appreq,1650150,2298454211246,288
basic_appreq,1284806,2298455534188,288
basic_appreq,1789303,2298457366542,288
basic_appreq,1340431,2298458751287,288
basic_appreq,1605773,2298460400277,288
basic_appreq,1711090,2298462160503,288
basic_appreq,1301687,2298463500687,288
basic_appreq,1446600,2298464985908,288
basic_appreq,1596677,2298466634941,288
basic_appreq,1653047,2298468332590,288
basic_appreq,1523380,2298469905900,288
basic_appreq,1438397,2298471387161,288
basic_appreq,1740748,2298473171773,288
basic_appreq,1593115,2298474811478,288
basic_appreq,1507976,2298476364686,288
basic_appreq,1555665,2298477964230,288
basic_appreq,1531172,2298479537962,288
basic_appreq,1433847,2298481015651,288
basic_appreq,1733204,2298482798536,288
basic_appreq,1266582,2298484103461,288
basic_appreq,934092,2298485085004,288
basic_appreq,1337594,2298486466074,288
basic_appreq,1193666,2298487703195,288
basic_appreq,1577832,2298489318584,288
basic_appreq,1560958,2298490923317,288
basic_appreq,1692315,2298492654175,288
basic_appreq,1525826,2298494221007,288
basic_appreq,1464458,2298495723473,288
basic_appreq,1616525,2298497378334,288
basic_appreq,1505948,2298498925909,288
basic_appreq,1632257,2298500596338,288
basic_appreq,1498005,2298502135676,288
basic_appreq,1588767,2298503762530,288
basic_appreq,1288211,2298505088984,288
basic_appreq,958447,2298506095354,288
basic_appreq,1425918,2298507564657,288
basic_appreq,1551083,2298509160749,288
basic_appreq,1493892,2298510703048,288
basic_appreq,1534694,2298512280823,288
basic_appreq,1171118,2298513497127,288
basic_appreq,1436086,2298514971902,288
basic_appreq,1364161,2298516380061,288
basic_appreq,1447487,2298517874099,288
basic_appreq,1612687,2298519527898,288
basic_appreq,1463743,2298521034404,288
basic_appreq,976353,2298522077262,288
basic_appreq,1277366,2298523415421,288
basic_appreq,1364657,2298524834572,288
basic_appreq,1441033,2298526314531,288
basic_appreq,1313650,2298527671257,288
basic_appreq,1143489,2298528855439,288
basic_appreq,1386675,2298530281866,288
basic_appreq,1462659,2298531798854,288
basic_appreq,1437971,2298533279802,288
basic_appreq,986641,2298534303937,288
basic_appreq,1586590,2298535920928,288
basic_appreq,1591268,2298537555507,288
basic_appreq,1386241,2298538976769,288
basic_appreq,1456105,2298540471320,288
basic_appreq,1675898,2298542181805,288
basic_appreq,1457698,2298543683543,288
basic_appreq,1764456,2298545491634,288
basic_appreq,1256000,2298546789071,288
basic_appreq,1594381,2298548427850,288
basic_appreq,1347849,2298549816445,288
basic_appreq,1663061,2298551522349,288
basic_appreq,1383482,2298552944882,288
basic_appreq,1402254,2298554394830,288
basic_appreq,1808292,2298556247383,288
basic_appreq,1324562,2298557613412,288
basic_appreq,1667753,2298559324085,288
basic_appreq,1581331,2298560943668,288
basic_appreq,1337267,2298562321723,288
basic_appreq,1719525,2298564084656,288
basic_appreq,1415860,2298565542207,288
basic_appreq,1594710,2298567181563,288
basic_appreq,1665186,2298568890629,288
basic_appreq,1577675,2298570520597,288
basic_appreq,1513065,2298572077037,288
basic_appreq,1567590,2298573697351,288
basic_appreq,1509440,2298575251542,288
basic_appreq,1501303,2298576796397,288
basic_appreq,1353182,2298578200238,288
basic_appreq,1645078,2298579891257,288
basic_appreq,1357779,2298581291556,288
basic_appreq,1317027,2298582653435,288
basic_appreq,1251369,2298583976394,288
basic_appreq,1545580,2298585814502,288
basic_appreq,1448943,2298587304665,288
basic_appreq,1560764,2298588903761,288
basic_appreq,1553256,2298590497411,288
basic_appreq,1634836,2298592170386,288
basic_appreq,1644490,2298593856005,288
basic_appreq,1523704,2298595417661,288
basic_appreq,1399741,2298596855931,288
basic_appreq,1737668,2298598644162,288
basic_appreq,1571299,2298600254636,288
basic_appreq,1262983,2298601559176,288
basic_appreq,1502269,2298603104780,288
basic_appreq,1687143,2298604834790,288
basic_appreq,1321967,2298606199429,288
basic_appreq,1649515,2298607893712,288
basic_appreq,1556547,2298609488873,288
basic_appreq,1433917,2298610967030,288
basic_appreq,1730782,2298612741132,288
basic_appreq,1316577,2298614100643,288
basic_appreq,991919,2298615138292,288
basic_appreq,1587912,2298616769613,288
basic_appreq,1274735,2298618086140,288
basic_appreq,1254102,2298619383570,288
basic_appreq,1109082,2298620526570,288
basic_appreq,1445410,2298622022818,288
basic_appreq,1544846,2298623602723,288
basic_appreq,1588942,2298625226730,288
basic_appreq,1477894,2298626740250,288
basic_appreq,1806503,2298628581567,288
basic_appreq,1351704,2298629970612,288
basic_appreq,1518649,2298631528444,288
basic_appreq,1686849,2298633259880,288
basic_appreq,1320308,2298634623735,288
basic_appreq,912192,2298635579686,288
basic_appreq,1290380,2298636913277,288
basic_appreq,1184968,2298638142937,288
basic_appreq,1520500,2298639702401,288
basic_appreq,1497784,2298641238635,288
basic_appreq,1463174,2298642742996,288
basic_appreq,1661838,2298644442672,288
basic_appreq,1396871,2298645877000,288
basic_appreq,1468474,2298647383449,288
basic_appreq,5111366,2298652532769,288
basic_appreq,1560152,2298654137787,288
basic_appreq,1721145,2298655897314,288
basic_appreq,1795371,2298657731339,288
basic_appreq,1538283,2298659310777,288
basic_appreq,1580582,2298660934470,288
basic_appreq,1470669,2298662456353,288
basic_appreq,1703192,2298664203951,288
basic_appreq,1319540,2298665566994,288
basic_appreq,1739078,2298667372924,288
basic_appreq,1348946,2298668760502,288
basic_appreq,1608599,2298670414772,288
basic_appreq,1902610,2298672361292,288
basic_appreq,1530330,2298673931979,288
basic_appreq,1317331,2298675287978,288
basic_appreq,988423,2298676321630,288
basic_appreq,1337126,2298677705239,288
basic_appreq,1097948,2298678848018,288
basic_appreq,1334743,2298680221366,288
basic_appreq,1411901,2298681674837,288
basic_appreq,1461100,2298683181600,288
basic_appreq,1537243,2298684762288,288
basic_appreq,1473395,2298686301266,288
basic_appreq,1412596,2298687757308,288
basic_appreq,1509216,2298689305306,288
basic_appreq,1074102,2298690420067,288
basic_appreq,1192861,2298691647038,288
basic_appreq,1238875,2298692921871,288
basic_appreq,1448756,2298694412631,288
basic_appreq,1485776,2298695937635,288
basic_appreq,1035374,2298697013510,288
basic_appreq,1375283,2298698428771,288
basic_appreq,1415879,2298699890379,288
basic_appreq,1457470,2298701416244,288
basic_appreq,1862604,2298703326778,288
basic_appreq,1555558,2298704920155,288
basic_appreq,1525443,2298706486247,288
basic_appreq,1463870,2298707989046,288
basic_appreq,1498753,2298709562150,288
basic_appreq,1518945,2298711119793,288
basic_appreq,1518007,2298712675571,288
basic_appreq,1490360,2298714210088,288
basic_appreq,1543224,2298715791542,288
basic_appreq,1639911,2298717469866,288
basic_appreq,1395474,2298718907563,288
basic_appreq,1442729,2298720393606,288
basic_appreq,1875037,2298722314991,288
basic_appreq,1623669,2298723977478,288
basic_appreq,1578186,2298725623280,288
basic_appreq,1526935,2298727192922,288
basic_appreq,1275077,2298728506140,288
basic_appreq,1679845,2298730232204,288
basic_appreq,1308563,2298731579418,288
basic_appreq,1362822,2298732988074,288
basic_appreq,1839641,2298734875290,288
basic_appreq,1407844,2298736321968,288
basic_appreq,1343415,2298737707237,288
basic_appreq,1978771,2298739730249,288
basic_appreq,1557642,2298741326465,288
basic_appreq,1739208,2298743114331,288
basic_appreq,1392664,2298744545240,288
basic_appreq,1617113,2298746207873,288
basic_appreq,1615516,2298747866237,288
basic_appreq,1564082,2298749475431,288
basic_appreq,1613665,2298751137041,288
basic_appreq,1357346,2298752537204,288
basic_appreq,1551585,2298754138522,288
basic_appreq,1609850,2298755792050,288
basic_appreq,1543292,2298757379421,288
basic_appreq,1515470,2298758940797,288
basic_appreq,1491516,2298760475224,288
basic_appreq,1656726,2298762177024,288
basic_appreq,882078,2298763102556,288
basic_appreq,1205057,2298764351305,288
basic_appreq,1282721,2298765678681,288
basic_appreq,1524151,2298767241567,288
basic_appreq,1596610,2298768876630,288
basic_appreq,1578587,2298770495083,288
basic_appreq,1551271,2298772085235,288
basic_appreq,1589413,2298773713949,288
basic_appreq,1437572,2298775190232,288
basic_appreq,1532893,2298776762002,288
basic_appreq,1310857,2298778120968,288
basic_appreq,1551554,2298779716576,288
basic_appreq,1963785,2298781723779,288
basic_appreq,1495490,2298783270422,288
basic_appreq,1873740,2298785189936,288
basic_appreq,1215382,2298786446809,288
basic_appreq,1795017,2298788284843,288
basic_appreq,1308564,2298789633697,288
basic_appreq,1701046,2298791377173,288
basic_appreq,1516640,2298792931899,288
basic_appreq,1341724,2298794323229,288
basic_appreq,1726128,2298796092443,288
basic_appreq,1482965,2298797615122,288
basic_appreq,1584488,2298799243986,288
basic_appreq,1711775,2298800998643,288
basic_appreq,1363423,2298802405270,288
basic_appreq,1446788,2298803890307,288
basic_appreq,1330393,2298805264437,288
basic_appreq,1176665,2298806511077,288
basic_appreq,1195320,2298807749923,288
basic_appreq,1684683,2298809477584,288
basic_appreq,1438806,2298810956499,288
basic_appreq,1641926,2298812636778,288
basic_appreq,1558298,2298814235918,288
basic_appreq,1342429,2298815616934,288
basic_appreq,1664949,2298817324713,288
basic_appreq,1416482,2298818786791,288
basic_appreq,938632,2298819768538,288
basic_appreq,1053952,2298820865998,288
basic_appreq,1413942,2298822320932,288
basic_appreq,1393135,2298823752551,288
basic_appreq,1537481,2298825328411,288
basic_appreq,1463165,2298826835411,288
basic_appreq,1370544,2298828246637,288
basic_appreq,1636125,2298829928430,288
basic_appreq,1917439,2298831884439,288
basic_appreq,1559082,2298833482379,288
basic_appreq,1568827,2298835092622,288
basic_appreq,1500996,2298836631988,288
basic_appreq,1502783,2298838175035,288
basic_appreq,1502719,2298839718013,288
basic_appreq,1852285,2298841608674,288
basic_appreq,1264838,2298842915363,288
basic_appreq,1018262,2298843977775,288
basic_appreq,1317252,2298845454573,288
basic_appreq,1326424,2298846856492,288
basic_appreq,1272951,2298848174382,288
basic_appreq,952022,2298849198348,288
basic_appreq,1474642,2298850715954,288
basic_appreq,1264647,2298852022936,288
basic_appreq,1118084,2298853182104,288
basic_appreq,1522889,2298854743883,288
basic_appreq,1561567,2298856343109,288
basic_appreq,1473037,2298857854203,288
basic_appreq,1578554,2298859480959,288
basic_appreq,1603902,2298861119107,288
basic_appreq,1528977,2298862688108,288
basic_appreq,1645458,2298864372577,288
basic_appreq,1331323,2298865744804,288
basic_appreq,1464414,2298867252988,288
basic_appreq,1644329,2298868940786,288
basic_appreq,1487640,2298870477073,288
basic_appreq,1054196,2298871574958,288
basic_appreq,1441996,2298873055551,288
basic_appreq,1602769,2298874698172,288
basic_appreq,1491081,2298876227484,288
basic_appreq,1365130,2298877637058,288
basic_appreq,1538801,2298879218499,288
basic_appreq,1014298,2298880276557,288
basic_appreq,1438385,2298881758811,288
basic_appreq,1640660,2298883437900,288
basic_appreq,2065560,2298885541588,288
basic_appreq,1430501,2298887011423,288
basic_appreq,1643317,2298888690938,288
basic_appreq,1471448,2298890201077,288
basic_appreq,1622451,2298891859763,288
basic_appreq,1450186,2298893347668,288
basic_appreq,1443992,2298894841884,288
basic_appreq,1729705,2298896616775,288
basic_appreq,1523043,2298898181896,288
basic_appreq,1513432,2298899733471,288
basic_appreq,1552110,2298901323355,288
basic_appreq,1552969,2298902920479,288
basic_appreq,1764630,2298904728057,288
basic_appreq,1596076,2298906363100,288
basic_appreq,1302670,2298907704149,288
basic_appreq,1586600,2298909334043,288
basic_appreq,1792821,2298911176040,288
basic_appreq,1416698,2298912631249,288
basic_appreq,1298690,2298913976147,288
basic_appreq,1551220,2298915571735,288
basic_appreq,1726892,2298917342961,288
basic_appreq,1755999,2298919147297,288
basic_appreq,1321976,2298920507138,288
basic_appreq,1801569,2298922357435,288
basic_appreq,1333728,2298923729616,288
basic_appreq,1539833,2298925313051,288
basic_appreq,1593726,2298926954046,288
basic_appreq,1462759,2298928455536,288
basic_appreq,1755671,2298930260156,288
basic_appreq,1403293,2298931702016,288
basic_appreq,1553716,2298933299017,288
basic_appreq,1721530,2298935067255,288
basic_appreq,1277930,2298936383347,288
basic_appreq,1391274,2298937825163,288
basic_appreq,1682170,2298939550840,288
basic_appreq,1507208,2298941096212,288
basic_appreq,1344314,2298942483002,288
basic_appreq,1738666,2298944265284,288
basic_appreq,1644359,2298945951308,288
basic_appreq,1778022,2298947772357,288
basic_appreq,1394244,2298949204844,288
basic_appreq,1494377,2298950742238,288
basic_appreq,1604914,2298952390035,288
basic_appreq,1535265,2298953971416,288
basic_appreq,1676262,2298955691561,288
basic_appreq,1416826,2298957146496,288
basic_appreq,1293902,2298958486529,288
basic_appreq,1841316,2298960370825,288
basic_appreq,1486187,2298961898292,288
basic_appreq,1399701,2298963336622,288
basic_appreq,1546957,2298964926570,288
basic_appreq,1515852,2298966490505,288
basic_appreq,1182803,2298967716643,288
basic_appreq,1345433,2298969100736,288
basic_appreq,1327235,2298970469629,288
basic_appreq,1550551,2298972062697,288
basic_appreq,1816296,2298973930590,288
basic_appreq,1316339,2298975285714,288
basic_appreq,1344494,2298976667558,288
basic_appreq,1528747,2298978246662,288
basic_appreq,1679389,2298979967019,288
basic_appreq,1718215,2298981756261,288
basic_appreq,1497006,2298983296650,288
basic_appreq,1435354,2298984769842,288
basic_appreq,2108478,2298986925560,288
basic_appreq,1412111,2298988376465,288
basic_appreq,1255539,2298989674877,288
basic_appreq,1241211,2298990959300,288
basic_appreq,1070431,2298992072966,288
basic_appreq,1154531,2298993272931,288
basic_appreq,1599180,2298994912782,288
basic_appreq,1488700,2298996439520,288
basic_appreq,1825907,2298998309301,288
basic_appreq,1377143,2298999725372,288
basic_appreq,1514936,2299001284097,288
basic_appreq,1551605,2299002885172,288
basic_appreq,1553025,2299004481424,288
basic_appreq,1773976,2299006305832,288
basic_appreq,1571348,2299007915620,288
basic_appreq,1343138,2299009311776,288
basic_appreq,1602361,2299010959617,288
basic_appreq,1526394,2299012524955,288
basic_appreq,1547474,2299014115959,288
basic_appreq,1537177,2299015691929,288
basic_appreq,1537538,2299017267739,288
basic_appreq,1304821,2299018614195,288
basic_appreq,1397311,2299020050501,288
basic_appreq,1416234,2299021506408,288
basic_appreq,925792,2299022476383,288
basic_appreq,1414871,2299023934462,288
basic_appreq,1108671,2299025085825,288
basic_appreq,1266102,2299026393544,288
basic_appreq,1800409,2299028232728,288
basic_appreq,1454667,2299029735134,288
basic_appreq,1752397,2299031530745,288
basic_appreq,1002508,2299032575975,288
basic_appreq,1355434,2299033977013,288
basic_appreq,1286503,2299035306615,288
basic_appreq,1413765,2299036757212,288
basic_appreq,1099171,2299037906795,288
basic_appreq,1512586,2299039453905,288
basic_appreq,1410330,2299040899595,288
basic_appreq,975827,2299041918882,288
basic_appreq,1331048,2299043285945,288
basic_appreq,1499583,2299044823468,288
basic_appreq,1175911,2299046045700,288
basic_appreq,1596071,2299047680245,288
basic_appreq,1547309,2299049261552,288
basic_appreq,1408850,2299050712958,288
basic_appreq,1488503,2299052236094,288
basic_appreq,968789,2299053244228,288
basic_appreq,1217506,2299054505324,288
basic_appreq,1021797,2299055570747,288
basic_appreq,1077328,2299056691106,288
basic_appreq,1250865,2299057982494,288
basic_appreq,1088110,2299059109569,288
basic_appreq,1589781,2299060738120,288
basic_appreq,1447791,2299062227411,288
basic_appreq,1433421,2299063699647,288
basic_appreq,1344979,2299065083249,288
basic_appreq,1140078,2299066269835,288
basic_appreq,1224412,2299067535991,288
basic_appreq,1449949,2299069021786,288
basic_appreq,1578722,2299070638531,288
basic_appreq,1537374,2299072218992,288
basic_appreq,1459493,2299073726126,288
basic_appreq,963122,2299074732643,288
basic_appreq,1448091,2299076223674,288
basic_appreq,1424452,2299077691417,288
basic_appreq,1324377,2299079059725,288
basic_appreq,1313697,2299080415425,288
basic_appreq,1281389,2299081734376,288
basic_appreq,1577688,2299083350790,288
basic_appreq,7395935,2299090784905,288
basic_appreq,1535004,2299092360742,288
basic_appreq,1470132,2299093869222,288
basic_appreq,1415585,2299095322934,288
basic_appreq,1380310,2299096741872,288
basic_appreq,1673433,2299098461209,288
basic_appreq,1479690,2299099979513,288
basic_appreq,1735834,2299101787026,288
basic_appreq,1529725,2299103359147,288
basic_appreq,1840200,2299105242595,288
basic_appreq,1128123,2299106415648,288
basic_appreq,1078607,2299107534985,288
basic_appreq,1421169,2299108996593,288
basic_appreq,1394266,2299110433221,288
basic_appreq,1391787,2299111868034,288
basic_appreq,1475625,2299113385918,288
basic_appreq,1477001,2299114925507,288
basic_appreq,1399386,2299116367604,288
basic_appreq,1343217,2299117758597,288
basic_appreq,1458410,2299119260127,288
basic_appreq,1630586,2299120933757,288
basic_appreq,1441055,2299122419950,288
basic_appreq,1558668,2299124022535,288
basic_appreq,1512035,2299125583379,288
basic_appreq,967212,2299126594253,288
basic_appreq,1401047,2299128038829,288
basic_appreq,1552670,2299129637812,288
basic_appreq,1570991,2299131253321,288
basic_appreq,1798298,2299133120015,288
basic_appreq,1376993,2299134540178,288
basic_appreq,1700081,2299136283924,288
basic_appreq,1551481,2299137878223,288
basic_appreq,1432036,2299139348628,288
basic_appreq,1609000,2299141001832,288
basic_appreq,1680914,2299142730190,288
basic_appreq,1376277,2299144144911,288
basic_appreq,1308755,2299145494247,288
basic_appreq,1142044,2299146674762,288
basic_appreq,1257761,2299147983245,288
basic_appreq,1480530,2299149530386,288
basic_appreq,1445866,2299151022236,288
basic_appreq,1013150,2299152079536,288
basic_appreq,1313466,2299153441052,288
basic_appreq,1425857,2299154910277,288
basic_appreq,1229788,2299156194898,288
basic_appreq,1483659,2299157717648,288
basic_appreq,1601253,2299159355105,288
basic_appreq,1375387,2299160767288,288
basic_appreq,1606962,2299162423456,288
basic_appreq,1506924,2299163973918,288
basic_appreq,1814143,2299165854970,288
basic_appreq,1409675,2299167320426,288
basic_appreq,1551214,2299168909522,288
basic_appreq,1597001,2299170547168,288
basic_appreq,1228503,2299171814141,288
basic_appreq,1530861,2299173388234,288
basic_appreq,1682869,2299175121036,288
basic_appreq,1435183,2299176594125,288
basic_appreq,1607256,2299178246380,288
basic_appreq,1852439,2299180143430,288
basic_appreq,1417641,2299181602484,288
basic_appreq,1431184,2299183072077,288
basic_appreq,1559454,2299184675153,288
basic_appreq,1503034,2299186225254,288
basic_appreq,1623996,2299187894480,288
basic_appreq,1761405,2299189698783,288
basic_appreq,1571392,2299191310657,288
basic_appreq,1306094,2299192657924,288
basic_appreq,1850374,2299194554316,288
basic_appreq,1547288,2299196141069,288
basic_appreq,1437943,2299197617198,288
basic_appreq,1572241,2299199233901,288
basic_appreq,1458406,2299200735244,288
basic_appreq,1166544,2299201948841,288
basic_appreq,1152210,2299203144326,288
basic_appreq,1495669,2299204682919,288
basic_appreq,1500217,2299206228579,288
basic_appreq,1435140,2299207708103,288
basic_appreq,1201508,2299208976991,288
basic_appreq,1262960,2299210285017,288
basic_appreq,1461874,2299211785494,288
basic_appreq,1553038,2299213378460,288
basic_appreq,1296641,2299214720581,288
basic_appreq,1821516,2299216603592,288
basic_appreq,1280774,2299217927593,288
basic_appreq,1297547,2299219261521,288
basic_appreq,1527373,2299220832493,288
basic_appreq,1505217,2299222388959,288
basic_appreq,1527196,2299223959908,288
basic_appreq,1724222,2299225753732,288
basic_appreq,1316256,2299227111237,288
basic_appreq,1503388,2299228653449,288
basic_appreq,1597626,2299230296000,288
basic_appreq,1742593,2299232081745,288
basic_appreq,1349663,2299233475344,288
basic_appreq,1432489,2299234946251,288
basic_appreq,1366053,2299236351000,288
basic_appreq,1253243,2299237649066,288
basic_appreq,1203941,2299238896422,288
basic_appreq,1209735,2299240149244,288
basic_appreq,1018379,2299241212889,288
basic_appreq,1336682,2299242587660,288
basic_appreq,1301647,2299243922334,288
basic_appreq,1168177,2299245128976,288
basic_appreq,1258726,2299246421075,288
basic_appreq,1475974,2299247932222,288
basic_appreq,1439876,2299249410566,288
basic_appreq,1574671,2299251034008,288
basic_appreq,1565208,2299252643232,288
basic_appreq,1466525,2299254157087,288
basic_appreq,992921,2299255186859,288
basic_appreq,1331345,2299256553454,288
basic_appreq,1177838,2299257774039,288
basic_appreq,1519675,2299259331029,288
basic_appreq,1459005,2299260825800,288
basic_appreq,1625792,2299262505211,288
basic_appreq,1677122,2299264220562,288
basic_appreq,1503799,2299265765437,288
basic_appreq,1509587,2299267313733,288
basic_appreq,1538092,2299268890379,288
basic_appreq,1381440,2299270312939,288
basic_appreq,1706453,2299272062806,288
basic_appreq,1499379,2299273601506,288
basic_appreq,1289461,2299274930995,288
basic_appreq,1847062,2299276823079,288
basic_appreq,1571472,2299278436787,288
basic_appreq,1402087,2299279878072,288
basic_appreq,1505987,2299281427859,288
basic_appreq,1555698,2299283033622,288
basic_appreq,1659860,2299284737107,288
basic_appreq,1481755,2299286267274,288
basic_appreq,1616562,2299287926796,288
basic_appreq,1358661,2299289330126,288
basic_appreq,1258385,2299290637751,288
basic_appreq,1506833,2299292190977,288
basic_appreq,1697892,2299293934709,288
basic_appreq,1456879,2299295429647,288
basic_appreq,1698185,2299297173333,288
basic_appreq,1542429,2299298759344,288
basic_appreq,1341263,2299300138685,288
basic_appreq,1588386,2299301770053,288
basic_appreq,1810103,2299303623347,288
basic_appreq,1382115,2299305043868,288
basic_appreq,1753490,2299306845263,288
basic_appreq,1289762,2299308173749,288
basic_appreq,1777414,2299309998798,288
basic_appreq,1361910,2299311399048,288
basic_appreq,1587796,2299313029640,288
basic_appreq,1702270,2299314778321,288
basic_appreq,1535503,2299316352290,288
basic_appreq,1703663,2299318108636,288
basic_appreq,1392413,2299319539530,288
basic_appreq,1726798,2299321311979,288
basic_appreq,1538212,2299322895300,288
basic_appreq,1340188,2299324273669,288
basic_appreq,1716734,2299326039208,288
basic_appreq,1470659,2299327563330,288
basic_appreq,1464979,2299329066691,288
basic_appreq,1505026,2299330616475,288
basic_appreq,1327142,2299331988369,288
basic_appreq,1532863,2299333592087,288
basic_appreq,1556179,2299335196051,288
basic_appreq,1465860,2299336704372,288
basic_appreq,1663800,2299338417226,288
basic_appreq,1617942,2299340080378,288
basic_appreq,1306874,2299341434472,288
basic_appreq,1771099,2299343251558,288
basic_appreq,1518349,2299344808366,288
basic_appreq,1563697,2299346415057,288
basic_appreq,1712561,2299348166007,288
basic_appreq,1508818,2299349720275,288
basic_appreq,1813963,2299351577335,288
basic_appreq,1321425,2299352937140,288
basic_appreq,979759,2299353962395,288
basic_appreq,1285134,2299355290851,288
basic_appreq,1250761,2299356584268,288
basic_appreq,1542078,2299358164455,288
basic_appreq,1599778,2299359804160,288
basic_appreq,1706004,2299361548822,288
basic_appreq,1724496,2299363314080,288
basic_appreq,1798829,2299365151523,288
basic_appreq,1612996,2299366804495,288
basic_appreq,1580050,2299368423567,288
basic_appreq,1503435,2299369964766,288
basic_appreq,1585006,2299371587303,288
basic_appreq,1552190,2299373177177,288
basic_appreq,1328666,2299374545746,288
basic_appreq,1494213,2299376078542,288
basic_appreq,1634776,2299377756382,288
basic_appreq,1565669,2299379366916,288
basic_appreq,2042445,2299381452960,288
basic_appreq,1655897,2299383149372,288
basic_appreq,1373598,2299384562007,288
basic_appreq,918521,2299385528327,288
basic_appreq,1474565,2299387046858,288
basic_appreq,1065640,2299388155649,288
basic_appreq,1408268,2299389604857,288
basic_appreq,1503322,2299391146608,288
basic_appreq,1619569,2299392804202,288
basic_appreq,1545330,2299394390651,288
basic_appreq,1490959,2299395920193,288
basic_appreq,1572773,2299397531552,288
basic_appreq,1528990,2299399102691,288
basic_appreq,1563520,2299400705617,288
basic_appreq,1852155,2299402599767,288
basic_appreq,1668630,2299404306727,288
basic_appreq,1735312,2299406086958,288
basic_appreq,1774205,2299407905004,288
basic_appreq,1585393,2299409528653,288
basic_appreq,1337998,2299410908065,288
basic_appreq,1900388,2299412852256,288
basic_appreq,1403845,2299414297192,288
basic_appreq,1696902,2299416037122,288
basic_appreq,1484136,2299417561732,288
basic_appreq,1086146,2299418691664,288
basic_appreq,1194120,2299419929884,288
basic_appreq,1363443,2299421336495,288
basic_appreq,1124596,2299422507724,288
basic_appreq,1351036,2299423903241,288
basic_appreq,1723373,2299425670237,288
basic_appreq,1616144,2299427327626,288
basic_appreq,1442702,2299428806656,288
basic_appreq,1597657,2299430448965,288
basic_appreq,1716263,2299432208472,288
basic_appreq,1284725,2299433536307,288
basic_appreq,1834699,2299435412565,288
basic_appreq,1514740,2299436963778,288
basic_appreq,1775681,2299438783369,288
basic_appreq,1588103,2299440410287,288
basic_appreq,1301868,2299441752749,288
basic_appreq,1763250,2299443559333,288
basic_appreq,1392464,2299444990357,288
basic_appreq,1865691,2299446903666,288
basic_appreq,1248890,2299448192739,288
basic_appreq,1650418,2299449889261,288
basic_appreq,1366406,2299451295024,288
basic_appreq,1868445,2299453206692,288
basic_appreq,1400021,2299454646995,288
basic_appreq,1953487,2299456643699,288
basic_appreq,1448432,2299458139329,288
basic_appreq,1625005,2299459809100,288
basic_appreq,1621447,2299461466771,288
basic_appreq,1463913,2299462976324,288
basic_appreq,1485896,2299464505929,288
basic_appreq,1768599,2299466322127,288
basic_appreq,1587598,2299467948606,288
basic_appreq,1532820,2299469525332,288
basic_appreq,1590135,2299471163784,288
basic_appreq,1770167,2299472977081,288
basic_appreq,1370888,2299474391438,288
basic_appreq,1399521,2299475829748,288
basic_appreq,1549068,2299477422763,288
basic_appreq,1622764,2299479089266,288
basic_appreq,1680319,2299480813451,288
basic_appreq,1732145,2299482592941,288
basic_appreq,1360266,2299483992127,288
basic_appreq,1667729,2299485729925,288
basic_appreq,1585727,2299487353618,288
basic_appreq,1320329,2299488712484,288
basic_appreq,1746467,2299490503564,288
basic_appreq,1404415,2299491946459,288
basic_appreq,1788802,2299493817373,288
basic_appreq,1516784,2299495376005,288
basic_appreq,1576642,2299496995965,288
basic_appreq,1640119,2299498694822,288
basic_appreq,1551238,2299500289140,288
basic_appreq,1607497,2299501942823,288
basic_appreq,1504431,2299503492155,288
basic_appreq,1472879,2299505019154,288
basic_appreq,1703477,2299506777023,288
basic_appreq,1358950,2299508171915,288
basic_appreq,1764582,2299509977525,288
basic_appreq,1659294,2299511674674,288
basic_appreq,1335981,2299513047323,288
basic_appreq,1796363,2299514895753,288
basic_appreq,1342780,2299516276368,288
basic_appreq,1727808,2299518051770,288
basic_appreq,1933014,2299520028319,288
basic_appreq,1147895,2299521223259,288
basic_appreq,1690403,2299522985743,288
basic_appreq,1609469,2299524638148,288
basic_appreq,1716846,2299526403089,288
basic_appreq,1623639,2299528066715,288
basic_appreq,1400686,2299529512327,288
basic_appreq,1857969,2299531408068,288
basic_appreq,1493175,2299532935274,288
basic_appreq,1471905,2299534444313,288
basic_appreq,1343494,2299535820639,288
basic_appreq,1389574,2299537253149,288
basic_appreq,1816121,2299539140065,288
basic_appreq,1601324,2299540779669,288
basic_appreq,1486458,2299542307142,288
basic_appreq,1399280,2299543744668,288
basic_appreq,1804399,2299545591854,288
basic_appreq,1796604,2299547436722,288
basic_appreq,1367116,2299548843286,288
basic_appreq,1815109,2299550707667,288
basic_appreq,1431581,2299552177484,288
basic_appreq,1712030,2299553934529,288
basic_appreq,1312975,2299555286949,288
basic_appreq,1764950,2299557094533,288
basic_appreq,1147858,2299558283685,288
basic_appreq,1651516,2299559978609,288
basic_appreq,1532803,2299561570244,288
basic_appreq,1272253,2299562880182,288
basic_appreq,1460334,2299564383446,288
basic_appreq,1187561,2299565612946,288
basic_appreq,1729464,2299567385923,288
basic_appreq,1381413,2299568808502,288
basic_appreq,1694944,2299570551847,288
basic_appreq,1384140,2299571975058,288
basic_appreq,1739840,2299573780474,288
basic_appreq,1476604,2299575295316,288
basic_appreq,1380010,2299576714691,288
basic_appreq,1477946,2299578241129,288
basic_appreq,1453471,2299579739552,288
basic_appreq,1512597,2299581295076,288
basic_appreq,1493308,2299582840489,288
basic_appreq,1482364,2299584366362,288
basic_appreq,1614343,2299586027719,288
basic_appreq,1538775,2299587610402,288
basic_appreq,1592971,2299589246735,288
basic_appreq,1523881,2299590820079,288
basic_appreq,1711318,2299592575347,288
basic_appreq,1327273,2299593951634,288
basic_appreq,1687974,2299595706457,288
basic_appreq,52889177,2299648633998,288
basic_appreq,1712046,2299650405274,288
basic_appreq,1665473,2299652111589,288
basic_appreq,1351762,2299653507978,288
basic_appreq,1614598,2299655166238,288
basic_appreq,953021,2299656162063,288
basic_appreq,1331904,2299657540946,288
basic_appreq,1198437,2299658782746,288
basic_appreq,1570257,2299660391980,288
basic_appreq,1486936,2299661920388,288
basic_appreq,1492559,2299663451855,288
basic_appreq,1552467,2299665040667,288
basic_appreq,1458962,2299666567932,288
basic_appreq,1725856,2299668338042,288
basic_appreq,1440563,2299669819715,288
basic_appreq,952075,2299670819231,288
basic_appreq,1398848,2299672260884,288
basic_appreq,1441479,2299673748687,288
basic_appreq,1241231,2299675033217,288
basic_appreq,1395537,2299676467371,288
basic_appreq,1606311,2299678118954,288
basic_appreq,1511829,2299679670038,288
basic_appreq,1557315,2299681265599,288
basic_appreq,1499756,2299682806953,288
basic_appreq,1580501,2299684425837,288
basic_appreq,1564633,2299686030573,288
basic_appreq,1462971,2299687536809,288
basic_appreq,1410052,2299688989798,288
basic_appreq,1585871,2299690621092,288
basic_appreq,1533979,2299692198697,288
basic_appreq,1614534,2299693856475,288
basic_appreq,1561008,2299695460182,288
basic_appreq,1695607,2299697198920,288
basic_appreq,1456528,2299698700531,288
basic_appreq,1726561,2299700470664,288
basic_appreq,1416307,2299701925254,288
basic_appreq,1686785,2299703657549,288
basic_appreq,1570240,2299705266216,288
basic_appreq,1341687,2299706648581,288
basic_appreq,2282987,2299708974879,288
basic_appreq,1558150,2299710594514,288
basic_appreq,1441422,2299712074048,288
basic_appreq,1774684,2299713896324,288
basic_appreq,1494527,2299715429428,288
basic_appreq,1464524,2299716931847,288
basic_appreq,1042839,2299718022290,288
basic_appreq,1364072,2299719429723,288
basic_appreq,1478568,2299720951686,288
basic_appreq,1462633,2299722463141,288
basic_appreq,1463518,2299723969700,288
basic_appreq,1536279,2299725575963,288
basic_appreq,1375762,2299726997484,288
basic_appreq,1487306,2299728527654,288
basic_appreq,1462679,2299730038313,288
basic_appreq,1508715,2299731589995,288
basic_appreq,1000925,2299732634892,288
basic_appreq,1559584,2299734230382,288
basic_appreq,1758854,2299736027903,288
basic_appreq,1771785,2299737840241,288
basic_appreq,1479422,2299739357298,288
basic_appreq,1561869,2299740968905,288
basic_appreq,1816194,2299742824134,288
basic_appreq,1489254,2299744352008,288
basic_appreq,1572809,2299745966021,288
basic_appreq,1541938,2299747547003,288
basic_appreq,1613923,2299749203809,288
basic_appreq,2069250,2299751321119,288
basic_appreq,1613651,2299752977256,288
basic_appreq,1567362,2299754590677,288
basic_appreq,1556507,2299756191548,288
basic_appreq,1850661,2299758085454,288
basic_appreq,1354656,2299759478698,288
basic_appreq,2039210,2299761561732,288
basic_appreq,1247198,2299762849689,288
basic_appreq,918758,2299763811579,288
basic_appreq,1157909,2299765012779,288
basic_appreq,1209241,2299766266668,288
basic_appreq,1483644,2299767788675,288
basic_appreq,1635627,2299769462174,288
basic_appreq,1629425,2299771136830,288
basic_appreq,1617097,2299772792543,288
basic_appreq,1611887,2299774442489,288
basic_appreq,1636567,2299776117161,288
basic_appreq,1498213,2299777657386,288
basic_appreq,1618099,2299779318625,288
basic_appreq,870622,2299780232101,288
basic_appreq,982098,2299781259150,288
basic_appreq,1483140,2299782781287,288
basic_appreq,1335015,2299784154387,288
basic_appreq,1743459,2299785943523,288
basic_appreq,1352755,2299787334590,288
basic_appreq,1831338,2299789208878,288
basic_appreq,1316566,2299790570531,288
basic_appreq,1622746,2299792239519,288
basic_appreq,1670245,2299793954720,288
basic_appreq,1479951,2299795477853,288
basic_appreq,931886,2299796452392,288
basic_appreq,1223257,2299797720972,288
basic_appreq,1119571,2299798883343,288
basic_appreq,1422487,2299800355456,288
basic_appreq,1581902,2299801982015,288
basic_appreq,1718532,2299803744493,288
basic_appreq,1385822,2299805180548,288
basic_appreq,1548390,2299806775062,288
basic_appreq,6005499,2299812821908,288
basic_appreq,1311721,2299814175180,288
basic_appreq,1752243,2299815970236,288
basic_appreq,1556008,2299817587253,288
basic_appreq,1635174,2299819264679,288
basic_appreq,1357028,2299820660306,288
basic_appreq,1838601,2299822544706,288
basic_appreq,1403824,2299823986391,288
basic_appreq,2141966,2299826198078,288
basic_appreq,1546806,2299827783101,288
basic_appreq,1323376,2299829144588,288
basic_appreq,934632,2299830127238,288
basic_appreq,1590856,2299831760824,288
basic_appreq,1182118,2299832986892,288
basic_appreq,2123380,2299835150841,288
basic_appreq,2097294,2299837285913,288
basic_appreq,2152150,2299839484152,288
basic_appreq,1722818,2299841245995,288
basic_appreq,2120905,2299843407812,288
basic_appreq,1609860,2299845055806,288
basic_appreq,1602915,2299846699260,288
basic_appreq,1662138,2299848399698,288
basic_appreq,1976308,2299850414867,288
basic_appreq,1388324,2299851842478,288
basic_appreq,2173455,2299854059302,288
basic_appreq,1608863,2299855713488,288
basic_appreq,1606159,2299857364269,288
basic_appreq,1839531,2299859256955,288
basic_appreq,1285040,2299860580215,288
basic_appreq,1302456,2299861930944,288
basic_appreq,1769702,2299863743911,288
basic_appreq,2132907,2299865916230,288
basic_appreq,2152725,2299868113333,288
basic_appreq,1429537,2299869584052,288
basic_appreq,1675344,2299871302774,288
basic_appreq,1787847,2299873133945,288
basic_appreq,1594215,2299874774238,288
basic_appreq,1567353,2299876386692,288
basic_appreq,1884138,2299878318457,288
basic_appreq,1782006,2299880143833,288
basic_appreq,1523436,2299881717729,288
basic_appreq,1425343,2299883201877,288
basic_appreq,1520817,2299884766106,288
basic_appreq,1539148,2299886368270,288
basic_appreq,1911464,2299888322365,288
basic_appreq,2019263,2299890379745,288
basic_appreq,1365043,2299891783720,288
basic_appreq,1298673,2299893125815,288
basic_appreq,1816516,2299894996605,288
basic_appreq,1911468,2299896951108,288
basic_appreq,1398327,2299898390043,288
basic_appreq,1733288,2299900167939,288
basic_appreq,1845473,2299902052542,288
basic_appreq,2174103,2299904270104,288
basic_appreq,2142730,2299906463864,288
basic_appreq,1936823,2299908443725,288
basic_appreq,1942907,2299910436383,288
basic_appreq,1873871,2299912353070,288
basic_appreq,2094815,2299914491604,288
basic_appreq,1924744,2299916454707,288
basic_appreq,1033084,2299917542043,288
basic_appreq,1286504,2299918872029,288
basic_appreq,1543689,2299920460125,288
basic_appreq,1408299,2299921916523,288
basic_appreq,1107661,2299923068499,288
basic_appreq,1509636,2299924616234,288
basic_appreq,1300307,2299925965630,288
basic_appreq,1814063,2299927819446,288
basic_appreq,1535205,2299929394190,288
basic_appreq,1439781,2299930879972,288
basic_appreq,1526277,2299932444295,288
basic_appreq,1579259,2299934061966,288
basic_appreq,1376489,2299935476516,288
basic_appreq,1638672,2299937159171,288
basic_appreq,1904735,2299939104782,288
basic_appreq,1735309,2299940884071,288
basic_appreq,1954155,2299942879108,288
basic_appreq,1758790,2299944680550,288
basic_appreq,1281381,2299946000070,288
basic_appreq,1436637,2299947475641,288
basic_appreq,1733084,2299949251655,288
basic_appreq,2260800,2299951566114,288
basic_appreq,1896659,2299953501711,288
basic_appreq,2240708,2299955794261,288
basic_appreq,1395424,2299957227720,288
basic_appreq,1319226,2299958595781,288
basic_appreq,2032421,2299960673308,288
basic_appreq,1833516,2299962544994,288
basic_appreq,1863485,2299964446812,288
basic_appreq,1626252,2299966125747,288
basic_appreq,1973823,2299968143299,288
basic_appreq,1941999,2299970129555,288
basic_appreq,1520847,2299971693253,288
basic_appreq,972832,2299972709252,288
basic_appreq,1349362,2299974107616,288
basic_appreq,1104177,2299975255849,288
basic_appreq,1491774,2299976785551,288
basic_appreq,1497544,2299978326727,288
basic_appreq,1244565,2299979610218,288
basic_appreq,1617795,2299981265680,288
basic_appreq,1247048,2299982555449,288
basic_appreq,1298061,2299983891750,288
basic_appreq,1074370,2299985004851,288
basic_appreq,1464726,2299986508052,288
basic_appreq,1504552,2299988051063,288
basic_appreq,1707957,2299989800563,288
basic_appreq,1531078,2299991369547,288
basic_appreq,1670614,2299993083995,288
basic_appreq,1273459,2299994397177,288
basic_appreq,1758027,2299996198182,288
basic_appreq,1429861,2299997675366,288
basic_appreq,1572201,2299999290575,288
basic_appreq,1551204,2300000885355,288
basic_appreq,1458420,2300002392719,288
basic_appreq,1588187,2300004023953,288
basic_appreq,1504979,2300005579751,288
basic_appreq,1833275,2300007455924,288
basic_appreq,1559033,2300009058319,288
basic_appreq,1531901,2300010636915,288
basic_appreq,1606639,2300012287155,288
basic_appreq,1685034,2300014032165,288
basic_appreq,1333962,2300015404696,288
basic_appreq,963400,2300016411444,288
basic_appreq,1579375,2300018036937,288
basic_appreq,1381576,2300019461208,288
basic_appreq,1138162,2300020642584,288
basic_appreq,1547769,2300022230550,288
basic_appreq,1434007,2300023702930,288
basic_appreq,1690818,2300025432051,288
basic_appreq,1594933,2300027072627,288
basic_appreq,1193158,2300028305315,288
basic_appreq,1310782,2300029656054,288
basic_appreq,1504164,2300031199034,288
basic_appreq,1395303,2300032632885,288
basic_appreq,1691035,2300034371896,288
basic_appreq,1335332,2300035745050,288
basic_appreq,1572853,2300037361635,288
basic_appreq,1534470,2300038939173,288
basic_appreq,1689859,2300040672316,288
basic_appreq,1487082,2300042199873,288
basic_appreq,1311875,2300043550572,288
basic_appreq,1797533,2300045391209,288
basic_appreq,1420849,2300046855900,288
basic_appreq,1657076,2300048555700,288
basic_appreq,1325344,2300049923464,288
basic_appreq,1729415,2300051700855,288
basic_appreq,1590716,2300053347740,288
basic_appreq,1559918,2300054955992,288
basic_appreq,1297557,2300056292456,288
basic_appreq,1779994,2300058122280,288
basic_appreq,1365007,2300059526124,288
basic_appreq,1825056,2300061396200,288
basic_appreq,1575348,2300063016427,288
basic_appreq,1347484,2300064406618,288
basic_appreq,1282999,2300065761297,288
basic_appreq,1027822,2300066832279,288
basic_appreq,1512507,2300068387985,288
basic_appreq,1367466,2300069801255,288
basic_appreq,1350301,2300071194413,288
basic_appreq,1074478,2300072305116,288
basic_appreq,1382127,2300073726345,288
basic_appreq,1516326,2300075286415,288
basic_appreq,1540539,2300076859201,288
basic_appreq,1436426,2300078330449,288
basic_appreq,1523120,2300079887181,288
basic_appreq,1463194,2300081388835,288
basic_appreq,1397346,2300082825879,288
basic_appreq,1435547,2300084294404,288
basic_appreq,1409801,2300085744403,288
basic_appreq,1008478,2300086791037,288
basic_appreq,1434141,2300088263524,288
basic_appreq,1802625,2300090114015,288
basic_appreq,1413440,2300091570212,288
basic_appreq,1565966,2300093178775,288
basic_appreq,1519771,2300094748273,288
basic_appreq,974092,2300095768139,288
basic_appreq,1335529,2300097147046,288
basic_appreq,1014252,2300098207103,288
basic_appreq,1511173,2300099756044,288
basic_appreq,1592858,2300101387318,288
basic_appreq,1622817,2300103050854,288
basic_appreq,1359597,2300104448560,288
basic_appreq,1289147,2300105779428,288
basic_appreq,1254037,2300107071714,288
basic_appreq,1483280,2300108591100,288
basic_appreq,1422598,2300110062149,288
basic_appreq,1080102,2300111182518,288
basic_appreq,1351372,2300112570294,288
basic_appreq,1519595,2300114143929,288
basic_appreq,1695907,2300115881762,288
basic_appreq,1459883,2300117382539,288
basic_appreq,1499145,2300118932012,288
basic_appreq,1540014,2300120514956,288
basic_appreq,1553594,2300122117881,288
basic_appreq,1779582,2300123940893,288
basic_appreq,1288097,2300125266822,288
basic_appreq,1439594,2300126751702,288
basic_appreq,1579148,2300128374503,288
basic_appreq,1713610,2300130142253,288
basic_appreq,1686848,2300131867428,288
basic_appreq,1498193,2300133409008,288
basic_appreq,1779636,2300135236440,288
basic_appreq,1498543,2300136773811,288
basic_appreq,1733930,2300138556431,288
basic_appreq,1397017,2300139992894,288
basic_appreq,1714138,2300141774642,288
basic_appreq,1482026,2300143295660,288
basic_appreq,1267795,2300144601771,288
basic_appreq,1791429,2300146443697,288
basic_appreq,1416251,2300147897870,288
basic_appreq,1432850,2300149374240,288
basic_appreq,1633312,2300151058693,288
basic_appreq,1552547,2300152649332,288
basic_appreq,1498516,2300154188376,288
basic_appreq,1415555,2300155642753,288
basic_appreq,1777307,2300157464641,288
basic_appreq,1530203,2300159042148,288
basic_appreq,1589386,2300160671678,288
basic_appreq,1651336,2300162373092,288
basic_appreq,1753380,2300164169248,288
basic_appreq,1613568,2300165825626,288
basic_appreq,1797547,2300167669487,288
basic_appreq,1784178,2300169496519,288
basic_appreq,1558930,2300171098218,288
basic_appreq,1652542,2300172789581,288
basic_appreq,1578170,2300174412327,288
basic_appreq,1871575,2300176329352,288
basic_appreq,1627936,2300177995528,288
basic_appreq,1355551,2300179389003,288
basic_appreq,1955187,2300181389668,288
basic_appreq,1659660,2300183091623,288
basic_appreq,1794869,2300184933466,288
basic_appreq,1680373,2300186661317,288
basic_appreq,1833333,2300188537750,288
basic_appreq,1249872,2300189825838,288
basic_appreq,1926314,2300191795337,288
basic_appreq,1638889,2300193473287,288
basic_appreq,1419135,2300194933745,288
basic_appreq,1787538,2300196765534,288
basic_appreq,1195688,2300198007657,288
basic_appreq,1443631,2300199490122,288
basic_appreq,1721057,2300201254237,288
basic_appreq,1520483,2300202820126,288
basic_appreq,1049972,2300203913239,288
basic_appreq,1284432,2300205240986,288
basic_appreq,1361565,2300206649128,288
basic_appreq,1074511,2300207766560,288
basic_appreq,1325234,2300209130614,288
basic_appreq,1453464,2300210640311,288
basic_appreq,1875375,2300212559912,288
basic_appreq,1514167,2300214112463,288
basic_appreq,1397669,2300215573241,288
basic_appreq,1490166,2300217107471,288
basic_appreq,1353636,2300218506122,288
basic_appreq,1241502,2300219790758,288
basic_appreq,1350653,2300221183824,288
basic_appreq,1573260,2300222833208,288
basic_appreq,1478876,2300224355365,288
basic_appreq,993129,2300225399449,288
basic_appreq,1252044,2300226694503,288
basic_appreq,1191138,2300227926105,288
basic_appreq,1237326,2300229199464,288
basic_appreq,1381285,2300230634865,288
basic_appreq,1530247,2300232208058,288
basic_appreq,1430507,2300233684154,288
basic_appreq,1107721,2300234830368,288
basic_appreq,1265788,2300236130606,288
basic_appreq,1012559,2300237184317,288
basic_appreq,1283417,2300238506868,288
basic_appreq,1074289,2300239616749,288
basic_appreq,1421794,2300241070496,288
basic_appreq,1453962,2300242562048,288
basic_appreq,2074613,2300244671012,288
basic_appreq,1541290,2300246250367,288
basic_appreq,1809348,2300248098071,288
basic_appreq,1579756,2300249719809,288
basic_appreq,1623259,2300251381219,288
basic_appreq,1839518,2300253259765,288
basic_appreq,1409899,2300254713784,288
basic_appreq,1578156,2300256335491,288
basic_appreq,1512032,2300257893147,288
basic_appreq,1425998,2300259362379,288
basic_appreq,953048,2300260359239,288
basic_appreq,1372983,2300261770074,288
basic_appreq,1438374,2300263243964,288
basic_appreq,1498222,2300264778009,288
basic_appreq,1108945,2300265923656,288
basic_appreq,1172951,2300267131522,288
basic_appreq,1346626,2300268515136,288
basic_appreq,1214776,2300269768907,288
basic_appreq,1025830,2300270837871,288
basic_appreq,1444643,2300272327119,288
basic_appreq,1341884,2300273715378,288
basic_appreq,1719535,2300275478381,288
basic_appreq,1727403,2300277242160,288
basic_appreq,1513886,2300278801951,288
basic_appreq,1547061,2300280392437,288
basic_appreq,1593409,2300282031265,288
basic_appreq,1457991,2300283532699,288
basic_appreq,1479617,2300285051347,288
basic_appreq,1737423,2300286838408,288
basic_appreq,1318130,2300288195459,288
basic_appreq,1769542,2300290014451,288
basic_appreq,1274719,2300291327211,288
basic_appreq,1784749,2300293155245,288
basic_appreq,1503565,2300294699449,288
basic_appreq,1361218,2300296098912,288
basic_appreq,1416415,2300297558805,288
basic_appreq,1606294,2300299208273,288
basic_appreq,1318334,2300300565538,288
basic_appreq,1595682,2300302207893,288
basic_appreq,1082478,2300303328759,288
basic_appreq,1221176,2300304588733,288
basic_appreq,1587595,2300306223552,288
basic_appreq,1614396,2300307881567,288
basic_appreq,1815416,2300309740422,288
basic_appreq,1497752,2300311280111,288
basic_appreq,1281097,2300312600481,288
basic_appreq,1238238,2300313879690,288
basic_appreq,1179214,2300315097264,288
basic_appreq,1367767,2300316503090,288
basic_appreq,1596601,2300318146358,288
basic_appreq,1506839,2300319689550,288
basic_appreq,1171877,2300320902471,288
basic_appreq,1052195,2300321992730,288
basic_appreq,1506527,2300323556103,288
basic_appreq,1512574,2300325112066,288
basic_appreq,1548456,2300326703446,288
basic_appreq,1491954,2300328238327,288
basic_appreq,1349125,2300329632151,288
basic_appreq,1101680,2300330778622,288
basic_appreq,1384678,2300332206014,288
basic_appreq,1514966,2300333767249,288
basic_appreq,1544595,2300335354663,288
basic_appreq,1313679,2300336712994,288
basic_appreq,1454076,2300338215366,288
basic_appreq,1739499,2300339997458,288
basic_appreq,1609975,2300341674304,288
basic_appreq,1593820,2300343306124,288
basic_appreq,1474006,2300344817981,288
basic_appreq,1238769,2300346097942,288
basic_appreq,1355253,2300347489864,288
basic_appreq,1828658,2300349362202,288
basic_appreq,1278998,2300350683370,288
basic_appreq,1635265,2300352359207,288
basic_appreq,1271290,2300353672880,288
basic_appreq,1318247,2300355033964,288
basic_appreq,1296420,2300356398270,288
basic_appreq,1206373,2300357649649,288
basic_appreq,1476069,2300359193706,288
basic_appreq,1623588,2300360855955,288
basic_appreq,1694229,2300362589796,288
basic_appreq,1692697,2300364319339,288
basic_appreq,1502768,2300365862536,288
basic_appreq,1458970,2300367357430,288
basic_appreq,1527746,2300368921309,288
basic_appreq,1859801,2300370836360,288
basic_appreq,1314829,2300372205005,288
basic_appreq,1530086,2300373781660,288
basic_appreq,979401,2300374804751,288
basic_appreq,1330337,2300376178579,288
basic_appreq,1501467,2300377725396,288
basic_appreq,1497127,2300379265963,288
basic_appreq,1559310,2300380868682,288
basic_appreq,1281893,2300382198077,288
basic_appreq,1139979,2300383381240,288
basic_appreq,1370887,2300384791480,288
basic_appreq,1435464,2300386267957,288
basic_appreq,1504063,2300387816755,288
basic_appreq,1617647,2300389477776,288
basic_appreq,1516892,2300391039113,288
basic_appreq,1496729,2300392579213,288
basic_appreq,1805151,2300394432288,288
basic_appreq,1395238,2300395863681,288
basic_appreq,1595826,2300397502403,288
basic_appreq,1860047,2300399410373,288
basic_appreq,1624478,2300401073180,288
basic_appreq,1369691,2300402484432,288
basic_appreq,1853090,2300404380684,288
basic_appreq,1478846,2300405901253,288
basic_appreq,1727670,2300407673118,288
basic_appreq,1444182,2300409155529,288
basic_appreq,1806999,2300411009103,288
basic_appreq,1299335,2300412346872,288
basic_appreq,1632023,2300414028223,288
basic_appreq,1793707,2300415864818,288
basic_appreq,1495716,2300417398827,288
basic_appreq,1766434,2300419210884,288
basic_appreq,1451517,2300420701274,288
basic_appreq,2173067,2300422925292,288
basic_appreq,997682,2300423963455,288
basic_appreq,1690507,2300425723190,288
basic_appreq,1471983,2300427235280,288
basic_appreq,1403240,2300428676106,288
basic_appreq,1722591,2300430446436,288
basic_appreq,1374192,2300431857711,288
basic_appreq,1504268,2300433403015,288
basic_appreq,1523564,2300434971785,288
basic_appreq,1421681,2300436437910,288
basic_appreq,1737985,2300438221500,288
basic_appreq,1307495,2300439565646,288
basic_appreq,1561097,2300441169561,288
basic_appreq,1469820,2300442687941,288
basic_appreq,1548987,2300444292016,288
basic_appreq,1553379,2300445891898,288
basic_appreq,1542363,2300447477186,288
basic_appreq,1640063,2300449158008,288
basic_appreq,1830008,2300451036109,288
basic_appreq,1305643,2300452378902,288
basic_appreq,1740080,2300454166992,288
basic_appreq,1440266,2300455645837,288
basic_appreq,1291509,2300456980872,288
basic_appreq,1399941,2300458454067,288
basic_appreq,1019061,2300459541931,288
basic_appreq,1433914,2300461018872,288
basic_appreq,1747983,2300462814143,288
basic_appreq,1547855,2300464400201,288
basic_appreq,1528636,2300465970394,288
basic_appreq,1551027,2300467559590,288
basic_appreq,1536338,2300469134468,288
basic_appreq,1558187,2300470742493,288
basic_appreq,1350275,2300472130923,288
basic_appreq,1739339,2300473921893,288
basic_appreq,1323336,2300475283348,288
basic_appreq,2197015,2300477523281,288
basic_appreq,1498500,2300479064637,288
basic_appreq,1398087,2300480501244,288
basic_appreq,1598498,2300482148110,288
basic_appreq,1614988,2300483806703,288
basic_appreq,1284459,2300485133782,288
basic_appreq,1504805,2300486702685,288
basic_appreq,1517914,2300488264538,288
basic_appreq,1307090,2300489620059,288
basic_appreq,1597496,2300491262326,288
basic_appreq,1590940,2300492896240,288
basic_appreq,1637733,2300494580866,288
basic_appreq,1793814,2300496417337,288
basic_appreq,1417564,2300497880538,288
basic_appreq,1719648,2300499644790,288
basic_appreq,1326617,2300501010038,288
basic_appreq,1793216,2300502848771,288
basic_appreq,1280719,2300504166991,288
basic_appreq,1778354,2300505989230,288
basic_appreq,1358254,2300507385556,288
basic_appreq,1007570,2300508436775,288
basic_appreq,1200289,2300509677935,288
basic_appreq,1035206,2300510755812,288
basic_appreq,1614681,2300512415154,288
basic_appreq,1430482,2300513886635,288
basic_appreq,1740621,2300515676409,288
basic_appreq,1446297,2300517161517,288
basic_appreq,1692288,2300518903168,288
basic_appreq,1445705,2300520383757,288
basic_appreq,1519817,2300521961418,288
basic_appreq,1001875,2300523007441,288
basic_appreq,1410544,2300524461296,288
basic_appreq,1734213,2300526241400,288
basic_appreq,1406350,2300527685809,288
basic_appreq,1540682,2300529264663,288
basic_appreq,1441332,2300530746042,288
basic_appreq,1523136,2300532315269,288
basic_appreq,1457076,2300533818316,288
basic_appreq,1419345,2300535298392,288
basic_appreq,2031395,2300537374943,288
basic_appreq,1641692,2300539066610,288
basic_appreq,1696956,2300540806978,288
basic_appreq,1570289,2300542425674,288
basic_appreq,1608124,2300544078300,288
basic_appreq,2051924,2300546175347,288
basic_appreq,1335335,2300547549004,288
basic_appreq,1687330,2300549279364,288
basic_appreq,1489458,2300550811295,288
basic_appreq,1381777,2300552231021,288
basic_appreq,1364897,2300553640456,288
basic_appreq,1833055,2300555518770,288
basic_appreq,1886865,2300557443945,288
basic_appreq,1575670,2300559070658,288
basic_appreq,1279493,2300560390362,288
basic_appreq,1276867,2300561708780,288
basic_appreq,2161690,2300563913066,288
basic_appreq,1752099,2300565708224,288
basic_appreq,1779218,2300567527936,288
basic_appreq,1996918,2300569563268,288
basic_appreq,2453386,2300572066413,288
basic_appreq,2084921,2300574190974,288
basic_appreq,1699502,2300575929758,288
basic_appreq,1649307,2300577617331,288
basic_appreq,1682571,2300579343455,288
basic_appreq,1805983,2300581192188,288
basic_appreq,1470736,2300582703907,288
basic_appreq,1687821,2300584434547,288
basic_appreq,1214660,2300585695750,288
basic_appreq,1358154,2300587094365,288
basic_appreq,1807223,2300588945451,288
basic_appreq,1522876,2300590525825,288
basic_appreq,1719608,2300592287985,288
basic_appreq,1669818,2300593996998,288
basic_appreq,1711314,2300595753612,288
basic_appreq,1370416,2300597164403,288
basic_appreq,1559320,2300598773540,288
basic_appreq,1657220,2300600473804,288
basic_appreq,1481836,2300602008628,288
basic_appreq,1469219,2300603521403,288
basic_appreq,1546702,2300605122972,288
basic_appreq,1634320,2300606813853,288
basic_appreq,1179506,2300608029461,288
basic_appreq,1272542,2300609340490,288
basic_appreq,1669800,2300611053582,288
basic_appreq,1512076,2300612608641,288
basic_appreq,1586129,2300614250484,288
basic_appreq,1915742,2300616211238,288
basic_appreq,1325214,2300617578310,288
basic_appreq,1486036,2300619102138,288
basic_appreq,1699105,2300620843879,288
basic_appreq,1502688,2300622394956,288
basic_appreq,1653828,2300624091358,288
basic_appreq,1515468,2300625651911,288
basic_appreq,1653706,2300627348984,288
basic_appreq,1284742,2300628671926,288
basic_appreq,1670890,2300630392380,288
basic_appreq,1367771,2300631798780,288
basic_appreq,1530678,2300633374346,288
basic_appreq,1714585,2300635138812,288
basic_appreq,1380749,2300636557566,288
basic_appreq,2009819,2300638615302,288
basic_appreq,1505620,2300640158967,288
basic_appreq,1647187,2300641851636,288
basic_appreq,1346512,2300643244083,288
basic_appreq,1779744,2300645070405,288
basic_appreq,1503107,2300646614302,288
basic_appreq,1535426,2300648192594,288
basic_appreq,1527915,2300649763562,288
basic_appreq,1560570,2300651367581,288
basic_appreq,1888873,2300653298860,288
basic_appreq,1539893,2300654891077,288
basic_appreq,1842946,2300656779600,288
basic_appreq,2140578,2300658983178,288
basic_appreq,1595752,2300660617031,288
basic_appreq,1866947,2300662523735,288
basic_appreq,2304997,2300664871916,288
basic_appreq,1340711,2300666252604,288
basic_appreq,1972092,2300668267502,288
basic_appreq,1982480,2300670288933,288
basic_appreq,2178072,2300672510054,288
basic_appreq,2334119,2300674892825,288
basic_appreq,1728362,2300676659279,288
basic_appreq,1747368,2300678461784,288
basic_appreq,1577654,2300680080428,288
basic_appreq,2012062,2300682135834,288
basic_appreq,2202916,2300684376942,288
basic_appreq,1417511,2300685835075,288
basic_appreq,2043067,2300687921202,288
basic_appreq,2189544,2300690149319,288
basic_appreq,2028371,2300692223922,288
basic_appreq,2402956,2300694678289,288
basic_appreq,1837242,2300696555071,288
basic_appreq,1411567,2300698012100,288
basic_appreq,2404711,2300700460617,288
basic_appreq,1979770,2300702488764,288
basic_appreq,2348829,2300704883080,288
basic_appreq,1584515,2300706508322,288
basic_appreq,2308852,2300708859755,288
basic_appreq,1912768,2300710817595,288
basic_appreq,2343553,2300713203888,288
basic_appreq,1933277,2300715184785,288
basic_appreq,2288654,2300717518637,288
basic_appreq,1725816,2300719286933,288
basic_appreq,2329893,2300721679544,288
basic_appreq,1581792,2300723307136,288
basic_appreq,1351070,2300724696519,288
basic_appreq,1750473,2300726493507,288
basic_appreq,1384611,2300727917483,288
basic_appreq,1007142,2300728967602,288
basic_appreq,1146071,2300730156694,288
basic_appreq,1299693,2300731499247,288
basic_appreq,1149934,2300732687510,288
basic_appreq,1383906,2300734112569,288
basic_appreq,1298980,2300735454249,288
basic_appreq,1417067,2300736914339,288
basic_appreq,1402184,2300738365224,288
basic_appreq,1376164,2300739786243,288
basic_appreq,1578105,2300741407623,288
basic_appreq,1638516,2300743112432,288
basic_appreq,1590022,2300744741591,288
basic_appreq,1574330,2300746359884,288
basic_appreq,1646766,2300748045304,288
basic_appreq,1560022,2300749644656,288
basic_appreq,1476957,2300751160228,288
basic_appreq,1633673,2300752836714,288
basic_appreq,1514124,2300754397341,288
basic_appreq,1439528,2300755875508,288
basic_appreq,1740074,2300757659996,288
basic_appreq,1331386,2300759032959,288
basic_appreq,1603056,2300760674648,288
basic_appreq,1427631,2300762147292,288
basic_appreq,1572435,2300763767162,288
basic_appreq,1679387,2300765492280,288
basic_appreq,1022964,2300766560926,288
basic_appreq,1371736,2300767977679,288
basic_appreq,1332151,2300769374606,288
basic_appreq,1201401,2300770620713,288
basic_appreq,1630899,2300772288504,288
basic_appreq,1510499,2300773837794,288
basic_appreq,1523503,2300775410303,288
basic_appreq,1637157,2300777085614,288
basic_appreq,1352402,2300778476238,288
basic_appreq,972040,2300779488767,288
basic_appreq,1262308,2300780791804,288
basic_appreq,1145500,2300781977511,288
basic_appreq,1376923,2300783393278,288
basic_appreq,1635387,2300785071405,288
basic_appreq,1636738,2300786753957,288
basic_appreq,1333220,2300788125303,288
basic_appreq,2261618,2300790437329,288
basic_appreq,1289645,2300791766991,288
basic_appreq,1549215,2300793360734,288
basic_appreq,1678452,2300795084258,288
basic_appreq,1692592,2300796819918,288
basic_appreq,1530006,2300798390576,288
basic_appreq,1348176,2300799777108,288
basic_appreq,1192850,2300801007887,288
basic_appreq,1264384,2300802312054,288
basic_appreq,1460632,2300803815736,288
basic_appreq,2059215,2300805918871,288
basic_appreq,2214634,2300808178732,288
basic_appreq,1925309,2300810148407,288
basic_appreq,1483818,2300811674835,288
basic_appreq,2005355,2300813722669,288
basic_appreq,1303451,2300815076292,288
basic_appreq,1751245,2300816874209,288
basic_appreq,1879946,2300818800420,288
basic_appreq,1745172,2300820588099,288
basic_appreq,1914867,2300822542845,288
basic_appreq,2280898,2300824867189,288
basic_appreq,1560099,2300826471738,288
basic_appreq,1413893,2300827924317,288
basic_appreq,1780732,2300829747976,288
basic_appreq,1618950,2300831406082,288
basic_appreq,1436105,2300832881359,288
basic_appreq,1573879,2300834502863,288
basic_appreq,1668935,2300836216045,288
basic_appreq,1231040,2300837488181,288
basic_appreq,1556055,2300839089392,288
basic_appreq,1249759,2300840382198,288
basic_appreq,2278733,2300842713849,288
basic_appreq,2088964,2300844841133,288
basic_appreq,2143596,2300847039254,288
basic_appreq,1907688,2300848987438,288
basic_appreq,2346704,2300851383407,288
basic_appreq,1427820,2300852849776,288
basic_appreq,1688102,2300854590505,288
basic_appreq,1398324,2300856027713,288
basic_appreq,1803070,2300857875771,288
basic_appreq,1544772,2300859458962,288
basic_appreq,1375509,2300860872771,288
basic_appreq,1387775,2300862310300,288
basic_appreq,1779726,2300864135165,288
basic_appreq,1567857,2300865741348,288
basic_appreq,1892291,2300867671816,288
basic_appreq,2104976,2300869820825,288
basic_appreq,1254230,2300871119866,288
basic_appreq,1602612,2300872760623,288
basic_appreq,1229419,2300874042672,288
basic_appreq,1545363,2300875633987,288
basic_appreq,2285640,2300877962607,288
basic_appreq,1395491,2300879396521,288
basic_appreq,1592764,2300881032152,288
basic_appreq,1531152,2300882608891,288
basic_appreq,2148780,2300884801432,288
basic_appreq,2152908,2300887005311,288
basic_appreq,1714646,2300888840301,288
basic_appreq,1786078,2300890665007,288
basic_appreq,1806959,2300892529886,288
basic_appreq,2151249,2300894730011,288
basic_appreq,1925977,2300896695170,288
basic_appreq,2098099,2300898841686,288
basic_appreq,1736765,2300900616644,288
basic_appreq,1724877,2300902386166,288
basic_appreq,1687229,2300904112671,288
basic_appreq,2296873,2300906456932,288
basic_appreq,1906442,2300908402082,288
basic_appreq,2317531,2300910772854,288
basic_appreq,1975333,2300912786453,288
basic_appreq,1710208,2300914544075,288
basic_appreq,1475424,2300916057508,288
basic_appreq,1553957,2300917662893,288
basic_appreq,1458464,2300919163471,288
basic_appreq,1562381,2300920769966,288
basic_appreq,1884901,2300922703360,288
basic_appreq,2096807,2300924843368,288
basic_appreq,1429029,2300926315129,288
basic_appreq,1850317,2300928208364,288
basic_appreq,2066179,2300930330404,288
basic_appreq,1555207,2300931929247,288
basic_appreq,1770338,2300933742384,288
basic_appreq,1603350,2300935387906,288
basic_appreq,1513593,2300936939617,288
basic_appreq,1954453,2300938939319,288
basic_appreq,1917804,2300940896491,288
basic_appreq,1715678,2300942660069,288
basic_appreq,1372071,2300944070566,288
basic_appreq,1651125,2300945765895,288
basic_appreq,1370798,2300947175516,288
basic_appreq,1773724,2300948992303,288
basic_appreq,1484877,2300950518476,288
basic_appreq,1743008,2300952304494,288
basic_appreq,1327373,2300953677755,288
basic_appreq,2217173,2300955938207,288
basic_appreq,2079074,2300958056495,288
basic_appreq,1719461,2300959824008,288
basic_appreq,1953222,2300961816089,288
basic_appreq,2044142,2300963909290,288
basic_appreq,2037600,2300965990745,288
basic_appreq,1543264,2300967572908,288
basic_appreq,1638268,2300969248833,288
basic_appreq,1491874,2300970781305,288
basic_appreq,1670198,2300972495309,288
basic_appreq,1955325,2300974493397,288
basic_appreq,2288138,2300976825683,288
basic_appreq,1924694,2300978801353,288
basic_appreq,2315579,2300981159551,288
basic_appreq,1860759,2300983068677,288
basic_appreq,2111298,2300985223260,288
basic_appreq,1769623,2300987041282,288
basic_appreq,1679762,2300988759339,288
basic_appreq,2231425,2300991037201,288
basic_appreq,1914562,2300992989702,288
basic_appreq,2172596,2300995209599,288
basic_appreq,1789119,2300997041364,288
basic_appreq,2080808,2300999162432,288
basic_appreq,1958435,2301001159688,288
basic_appreq,2378852,2301003586964,288
basic_appreq,1849061,2301005475129,288
basic_appreq,2179984,2301007702307,288
basic_appreq,1612927,2301009359147,288
basic_appreq,1713549,2301011115714,288
basic_appreq,1452098,2301012605977,288
basic_appreq,1715395,2301014370547,288
basic_appreq,1534601,2301015945171,288
basic_appreq,2296796,2301018284851,288
basic_appreq,1584601,2301019913235,288
basic_appreq,1507094,2301021458822,288
basic_appreq,1420079,2301022919814,288
basic_appreq,2235581,2301025198511,288
basic_appreq,1365732,2301026604761,288
basic_appreq,2362445,2301029010120,288
basic_appreq,1859997,2301030923229,288
basic_appreq,2331106,2301033298107,288
basic_appreq,1638461,2301034977177,288
basic_appreq,1680747,2301036700844,288
basic_appreq,1573498,2301038312885,288
basic_appreq,5062613,2301043414345,288
basic_appreq,2307549,2301045770496,288
basic_appreq,1956050,2301047769632,288
basic_appreq,1470545,2301049284773,288
basic_appreq,1740853,2301051068391,288
basic_appreq,1389111,2301052495542,288
basic_appreq,1552186,2301054095768,288
basic_appreq,1906851,2301056047637,288
basic_appreq,1274163,2301057364314,288
basic_appreq,1443373,2301058845592,288
basic_appreq,1251570,2301060140089,288
basic_appreq,1702032,2301061898567,288
basic_appreq,1460832,2301063398019,288
basic_appreq,1643487,2301065080948,288
basic_appreq,1720884,2301066850313,288
basic_appreq,1498339,2301068387466,288
basic_appreq,1986537,2301070412469,288
basic_appreq,1815372,2301072270775,288
basic_appreq,1931848,2301074245083,288
basic_appreq,1901674,2301076190152,288
basic_appreq,1538607,2301077774406,288
basic_appreq,1793797,2301079610843,288
basic_appreq,1488536,2301081138273,288
basic_appreq,1267869,2301082459447,288
basic_appreq,1801682,2301084305297,288
basic_appreq,1442968,2301085788824,288
basic_appreq,1521980,2301087368503,288
basic_appreq,1403349,2301088810596,288
basic_appreq,1720173,2301090582497,288
basic_appreq,1243907,2301091865883,288
basic_appreq,1379656,2301093281764,288
basic_appreq,1435015,2301094755931,288
basic_appreq,1055067,2301095853859,288
basic_appreq,1348170,2301097244628,288
basic_appreq,1325402,2301098615002,288
basic_appreq,1058593,2301099716866,288
basic_appreq,1580401,2301101336118,288
basic_appreq,1482041,2301102860834,288
basic_appreq,1887624,2301104787225,288
basic_appreq,1752407,2301106584618,288
basic_appreq,1282631,2301107907179,288
basic_appreq,1116203,2301109066118,288
basic_appreq,1280272,2301110392879,288
basic_appreq,1178924,2301111615044,288
basic_appreq,1410895,2301113068896,288
basic_appreq,1403630,2301114520375,288
basic_appreq,1496448,2301116061572,288
basic_appreq,1129471,2301117237909,288
basic_appreq,1602541,2301118879522,288
basic_appreq,1501482,2301120442937,288
basic_appreq,1562683,2301122045754,288
basic_appreq,1381113,2301123467133,288
basic_appreq,1544601,2301125053907,288
basic_appreq,1472584,2301126569360,288
basic_appreq,1694911,2301128305148,288
basic_appreq,1550915,2301129896549,288
basic_appreq,1573935,2301131509255,288
basic_appreq,1640744,2301133188308,288
basic_appreq,1628521,2301134858677,288
basic_appreq,1581975,2301136478560,288
basic_appreq,1496234,2301138015349,288
basic_appreq,1403560,2301139458064,288
basic_appreq,1451416,2301140949086,288
basic_appreq,1399838,2301142398517,288
basic_appreq,1587979,2301144030393,288
basic_appreq,1721272,2301145797592,288
basic_appreq,1590456,2301147426610,288
basic_appreq,1871779,2301149336656,288
basic_appreq,1920897,2301151303374,288
basic_appreq,1354384,2301152696041,288
basic_appreq,1965536,2301154709613,288
basic_appreq,1706129,2301156454789,288
basic_appreq,1722605,2301158220358,288
basic_appreq,2308565,2301160572111,288
basic_appreq,2071815,2301162690727,288
basic_appreq,1730808,2301164460105,288
basic_appreq,1960316,2301166471933,288
basic_appreq,1982711,2301168493000,288
basic_appreq,2063289,2301170609958,288
basic_appreq,1304150,2301171953062,288
basic_appreq,1779667,2301173775355,288
basic_appreq,1468727,2301175288673,288
basic_appreq,1585053,2301176911901,288
basic_appreq,1351384,2301178304302,288
basic_appreq,1770925,2301180117803,288
basic_appreq,1330296,2301181486990,288
basic_appreq,1568793,2301183099579,288
basic_appreq,1767837,2301184910635,288
basic_appreq,1278644,2301186231612,288
basic_appreq,1261450,2301187530422,288
basic_appreq,1491717,2301189064739,288
basic_appreq,1750378,2301190866752,288
basic_appreq,1753593,2301192665010,288
basic_appreq,1224554,2301193927800,288
basic_appreq,1368034,2301195333759,288
basic_appreq,1574116,2301196950953,288
basic_appreq,1839297,2301198835479,288
basic_appreq,1754168,2301200632728,288
basic_appreq,1668651,2301202340130,288
basic_appreq,2368523,2301204751874,288
basic_appreq,1690869,2301206485409,288
basic_appreq,2407127,2301208935148,288
basic_appreq,1331216,2301210314861,288
basic_appreq,1462446,2301211820739,288
basic_appreq,1608505,2301213472760,288
basic_appreq,1569605,2301215084918,288
basic_appreq,1565188,2301216694600,288
basic_appreq,1520476,2301218267533,288
basic_appreq,995397,2301219305750,288
basic_appreq,1311651,2301220660222,288
basic_appreq,1383275,2301222091863,288
basic_appreq,1153559,2301223290595,288
basic_appreq,1563524,2301224893159,288
basic_appreq,1549199,2301226484781,288
basic_appreq,1428257,2301227951567,288
basic_appreq,1022232,2301229017174,288
basic_appreq,1315250,2301230380437,288
basic_appreq,1348030,2301231772843,288
basic_appreq,1130527,2301232946451,288
basic_appreq,1484326,2301234475291,288
basic_appreq,1547067,2301236060858,288
basic_appreq,1437198,2301237537007,288
basic_appreq,1375740,2301238955984,288
basic_appreq,1635410,2301240634600,288
basic_appreq,1532856,2301242212137,288
basic_appreq,1362442,2301243617515,288
basic_appreq,1164046,2301244820137,288
basic_appreq,1555976,2301246416176,288
basic_appreq,1685806,2301248144571,288
basic_appreq,1564582,2301249756325,288
basic_appreq,1742667,2301251539830,288
basic_appreq,1335947,2301252927963,288
basic_appreq,1755264,2301254730013,288
basic_appreq,1317787,2301256085274,288
basic_appreq,1452113,2301257581067,288
basic_appreq,962176,2301258584888,288
basic_appreq,1334614,2301259962970,288
basic_appreq,1385790,2301261418114,288
basic_appreq,1188152,2301262652649,288
basic_appreq,1535941,2301264226909,288
basic_appreq,1450454,2301265721048,288
basic_appreq,1336575,2301267096975,288
basic_appreq,1653348,2301268788464,288
basic_appreq,1514916,2301270345135,288
basic_appreq,1515226,2301271899390,288
basic_appreq,1477643,2301273415682,288
basic_appreq,1550559,2301275006148,288
basic_appreq,1598866,2301276642915,288
basic_appreq,1642096,2301278326112,288
basic_appreq,1512283,2301279876287,288
basic_appreq,1427731,2301281342197,288
basic_appreq,1741865,2301283128974,288
basic_appreq,1383759,2301284551233,288
basic_appreq,1708778,2301286307131,288
basic_appreq,1492113,2301287838217,288
basic_appreq,969869,2301288851984,288
basic_appreq,1383929,2301290289039,288
basic_appreq,1460448,2301291793500,288
basic_appreq,1522057,2301293362013,288
basic_appreq,1230620,2301294641730,288
basic_appreq,1176729,2301295854710,288
basic_appreq,1713065,2301297602903,288
basic_appreq,1214823,2301298860377,288
basic_appreq,1572820,2301300477500,288
basic_appreq,1558451,2301302076252,288
basic_appreq,1626288,2301303741552,288
basic_appreq,1388140,2301305168158,288
basic_appreq,1470151,2301306678954,288
basic_appreq,1440059,2301308157412,288
basic_appreq,1595173,2301309794106,288
basic_appreq,1330337,2301311163410,288
basic_appreq,2337137,2301313546522,288
basic_appreq,1634528,2301315223995,288
basic_appreq,1747535,2301317014447,288
basic_appreq,1917760,2301318978121,288
basic_appreq,2053531,2301321078343,288
basic_appreq,1310676,2301322427882,288
basic_appreq,1768913,2301324242022,288
basic_appreq,1921406,2301326205660,288
basic_appreq,1613905,2301327863833,288
basic_appreq,1794114,2301329701215,288
basic_appreq,1693822,2301331441105,288
basic_appreq,1668448,2301333147992,288
basic_appreq,990265,2301334191993,288
basic_appreq,1311211,2301335549034,288
basic_appreq,1419309,2301337012205,288
basic_appreq,1441786,2301338494295,288
basic_appreq,1488869,2301340024480,288
basic_appreq,1714520,2301341786305,288
basic_appreq,1162436,2301342994308,288
basic_appreq,1560875,2301344593411,288
basic_appreq,1388005,2301346023051,288
basic_appreq,1807037,2301347866475,288
basic_appreq,1673914,2301349577469,288
basic_appreq,1629824,2301351247791,288
basic_appreq,1150933,2301352437468,288
basic_appreq,1286958,2301353766989,288
basic_appreq,1358802,2301355164211,288
basic_appreq,1468363,2301356671391,288
basic_appreq,1439095,2301358156158,288
basic_appreq,1204319,2301359403838,288
basic_appreq,1401982,2301360844219,288
basic_appreq,1138646,2301362027378,288
basic_appreq,1069654,2301363135818,288
basic_appreq,1305235,2301364479707,288
basic_appreq,1198541,2301365723124,288
basic_appreq,1491333,2301367252464,288
basic_appreq,1552259,2301368842957,288
basic_appreq,1534263,2301370417250,288
basic_appreq,1317117,2301371772410,288
basic_appreq,1563991,2301373380411,288
basic_appreq,1465617,2301374892460,288
basic_appreq,1451563,2301376387889,288
basic_appreq,1022756,2301377455232,288
basic_appreq,1364729,2301378856721,288
basic_appreq,1672533,2301380572373,288
basic_appreq,1367710,2301381982819,288
basic_appreq,2093187,2301384120813,288
basic_appreq,1375953,2301385537875,288
basic_appreq,1566794,2301387143507,288
basic_appreq,1667020,2301388853592,288
basic_appreq,1538747,2301390440322,288
basic_appreq,1594228,2301392077296,288
basic_appreq,1690781,2301393812559,288
basic_appreq,1274892,2301395125851,288
basic_appreq,1716650,2301396886802,288
basic_appreq,1274334,2301398206526,288
basic_appreq,1462549,2301399709073,288
basic_appreq,1352627,2301401105184,288
basic_appreq,1553258,2301402727952,288
basic_appreq,1694858,2301404466047,288
basic_appreq,1568145,2301406083318,288
basic_appreq,1439373,2301407561438,288
basic_appreq,1633375,2301409237464,288
basic_appreq,1382736,2301410660568,288
basic_appreq,1705597,2301412409075,288
basic_appreq,1425540,2301413894521,288
basic_appreq,1577771,2301415517140,288
basic_appreq,937010,2301416497110,288
basic_appreq,1175004,2301417717691,288
basic_appreq,1307779,2301419063555,288
basic_appreq,1327119,2301420429377,288
basic_appreq,1731897,2301422208947,288
basic_appreq,1394305,2301423640986,288
basic_appreq,923391,2301424603500,288
basic_appreq,1445863,2301426094201,288
basic_appreq,1015284,2301427152119,288
basic_appreq,1538202,2301428724628,288
basic_appreq,1312545,2301430076272,288
basic_appreq,1596094,2301431707866,288
basic_appreq,1351450,2301433094469,288
basic_appreq,1548133,2301434692373,288
basic_appreq,945542,2301435681378,288
basic_appreq,1369930,2301437095136,288
basic_appreq,1208967,2301438347945,288
basic_appreq,1108016,2301439494330,288
basic_appreq,1605502,2301441142843,288
basic_appreq,1451335,2301442636070,288
basic_appreq,1504301,2301444185322,288
basic_appreq,1625675,2301445859751,288
basic_appreq,1528851,2301447429914,288
basic_appreq,1553557,2301449023921,288
basic_appreq,1795272,2301450876319,288
basic_appreq,1316194,2301452229960,288
basic_appreq,1564623,2301453838646,288
basic_appreq,1757523,2301455639814,288
basic_appreq,1357372,2301457035295,288
basic_appreq,1779679,2301458861189,288
basic_appreq,1470552,2301460370085,288
basic_appreq,1797252,2301462220947,288
basic_appreq,1373696,2301463635363,288
basic_appreq,2072725,2301465752278,288
basic_appreq,1361538,2301467154746,288
basic_appreq,1750547,2301468948402,288
basic_appreq,1503589,2301470495566,288
basic_appreq,1334303,2301471868472,288
basic_appreq,1340167,2301473253627,288
basic_appreq,1377317,2301474677794,288
basic_appreq,1826803,2301476551494,288
basic_appreq,1436296,2301478031810,288
basic_appreq,1396353,2301479466135,288
basic_appreq,1445245,2301480949568,288
basic_appreq,1417187,2301482419876,288
basic_appreq,1806768,2301484271674,288
basic_appreq,1347802,2301485658223,288
basic_appreq,1490284,2301487194433,288
basic_appreq,1662526,2301488900318,288
basic_appreq,1152707,2301490098379,288
basic_appreq,1569157,2301491703756,288
basic_appreq,1520707,2301493268055,288
basic_appreq,1531389,2301494847758,288
basic_appreq,1686173,2301496577925,288
basic_appreq,1583762,2301498209827,288
basic_appreq,1425236,2301499680467,288
basic_appreq,953118,2301500669765,288
basic_appreq,1322564,2301502038157,288
basic_appreq,1418867,2301503500449,288
basic_appreq,929033,2301504472439,288
basic_appreq,1674041,2301506191235,288
basic_appreq,1862015,2301508096819,288
basic_appreq,1316379,2301509455304,288
basic_appreq,1473215,2301510966962,288
basic_appreq,1531295,2301512542345,288
basic_appreq,1491854,2301514080844,288
basic_appreq,1696793,2301515822789,288
basic_appreq,1363166,2301517226166,288
basic_appreq,1557429,2301518830829,288
basic_appreq,1514771,2301520390280,288
basic_appreq,1540419,2301521980825,288
basic_appreq,1490999,2301523514739,288
basic_appreq,931658,2301524488363,288
basic_appreq,1416406,2301525948990,288
basic_appreq,1104597,2301527094301,288
basic_appreq,1341288,2301528471870,288
basic_appreq,1649909,2301530171402,288
basic_appreq,1824157,2301532039436,288
basic_appreq,1333768,2301533418319,288
basic_appreq,1582316,2301535046753,288
basic_appreq,1472904,2301536587402,288
basic_appreq,1490928,2301538128454,288
basic_appreq,1472340,2301539644486,288
basic_appreq,1590836,2301541278454,288
basic_appreq,1579619,2301542903068,288
basic_appreq,1517926,2301544464571,288
basic_appreq,1503014,2301546014321,288
basic_appreq,1682285,2301547739258,288
basic_appreq,1418820,2301549196479,288
basic_appreq,1282798,2301550525124,288
basic_appreq,1224774,2301551793057,288
basic_appreq,1386776,2301553223408,288
basic_appreq,1584300,2301554853637,288
basic_appreq,1485649,2301556382496,288
basic_appreq,1178089,2301557605968,288
basic_appreq,1417868,2301559062694,288
basic_appreq,1457196,2301560557985,288
basic_appreq,1709844,2301562312628,288
basic_appreq,1443941,2301563794611,288
basic_appreq,1342102,2301565174731,288
basic_appreq,1466161,2301566680683,288
basic_appreq,1573872,2301568293405,288
basic_appreq,1444452,2301569783615,288
basic_appreq,1385015,2301571227486,288
basic_appreq,1235692,2301572506322,288
basic_appreq,1508910,2301574053906,288
basic_appreq,1547895,2301575651878,288
basic_appreq,1342598,2301577030967,288
basic_appreq,1371445,2301578440445,288
basic_appreq,1384562,2301579861061,288
basic_appreq,1379365,2301581279132,288
basic_appreq,1456084,2301582788916,288
basic_appreq,1638038,2301584468374,288
basic_appreq,904714,2301585420242,288
basic_appreq,1207800,2301586671778,288
basic_appreq,1233419,2301587947920,288
basic_appreq,1531145,2301589517515,288
basic_appreq,1635308,2301591195709,288
basic_appreq,1534674,2301592768873,288
basic_appreq,1552106,2301594366669,288
basic_appreq,1464023,2301595869537,288
basic_appreq,1734744,2301597642704,288
basic_appreq,1770099,2301599461241,288
basic_appreq,1373725,2301600873388,288
basic_appreq,1744428,2301602665983,288
basic_appreq,1409582,2301604115584,288
basic_appreq,1782900,2301605944670,288
basic_appreq,1370457,2301607353466,288
basic_appreq,1699883,2301609096063,288
basic_appreq,1418590,2301610556300,288
basic_appreq,1562017,2301612162039,288
basic_appreq,1546770,2301613752060,288
basic_appreq,1510332,2301615305897,288
basic_appreq,1725489,2301617074798,288
basic_appreq,1021583,2301618144504,288
basic_appreq,1302382,2301619492149,288
basic_appreq,1563380,2301621099813,288
basic_appreq,1527002,2301622676214,288
basic_appreq,1497644,2301624217658,288
basic_appreq,1326888,2301625589919,288
basic_appreq,1170306,2301626803496,288
basic_appreq,1579715,2301628421653,288
basic_appreq,1325594,2301629790633,288
basic_appreq,1653176,2301631487626,288
basic_appreq,1875241,2301633405780,288
basic_appreq,1383968,2301634831476,288
basic_appreq,1358545,2301636227058,288
basic_appreq,1477182,2301637747234,288
basic_appreq,1511751,2301639304907,288
basic_appreq,878704,2301640226939,288
basic_appreq,1023505,2301641295820,288
basic_appreq,1734300,2301643068998,288
basic_appreq,1628080,2301644735898,288
basic_appreq,1503331,2301646291883,288
basic_appreq,1907171,2301648237480,288
basic_appreq,1462251,2301649746298,288
basic_appreq,1435929,2301651220710,288
basic_appreq,1874910,2301653138664,288
basic_appreq,1378656,2301654559239,288
basic_appreq,1736779,2301656339426,288
basic_appreq,1354418,2301657732234,288
basic_appreq,1726698,2301659503266,288
basic_appreq,1560299,2301661102803,288
basic_appreq,1412257,2301662554563,288
basic_appreq,1583315,2301664181206,288
basic_appreq,1781063,2301666008792,288
basic_appreq,1325986,2301667372512,288
basic_appreq,1690667,2301669108192,288
basic_appreq,1424548,2301670574160,288
basic_appreq,1760610,2301672378042,288
basic_appreq,1430406,2301673850739,288
basic_appreq,1797964,2301675691449,288
basic_appreq,1457083,2301677186628,288
basic_appreq,1770360,2301679014882,288
basic_appreq,1424464,2301680477675,288
basic_appreq,1331533,2301681850829,288
basic_appreq,1491353,2301683388479,288
basic_appreq,1832922,2301685264670,288
basic_appreq,1445334,2301686750903,288
basic_appreq,1742807,2301688537810,288
basic_appreq,1311344,2301689892415,288
basic_appreq,1929148,2301691864269,288
basic_appreq,1366574,2301693269457,288
basic_appreq,1691556,2301695017717,288
basic_appreq,1614613,2301696670781,288
basic_appreq,1295115,2301698007172,288
basic_appreq,1698433,2301699749054,288
basic_appreq,1385597,2301701174082,288
basic_appreq,1390211,2301702609851,288
basic_appreq,1497624,2301704151244,288
basic_appreq,929891,2301705119759,288
basic_appreq,1358532,2301706521709,288
basic_appreq,1080091,2301707644554,288
basic_appreq,1617066,2301709301066,288
basic_appreq,1480036,2301710821091,288
basic_appreq,1702774,2301712561770,288
basic_appreq,1568589,2301714172838,288
basic_appreq,1558662,2301715769762,288
basic_appreq,1509625,2301717319142,288
basic_appreq,1556495,2301718914029,288
basic_appreq,1553372,2301720506796,288
basic_appreq,1499500,2301722048530,288
basic_appreq,1632544,2301723719337,288
basic_appreq,1538075,2301725295685,288
basic_appreq,1516637,2301726858804,288
basic_appreq,1411299,2301728309218,288
basic_appreq,1644846,2301729996043,288
basic_appreq,1380340,2301731414428,288
basic_appreq,1715558,2301733191549,288
basic_appreq,1450718,2301734686580,288
basic_appreq,1504661,2301736232507,288
basic_appreq,1396483,2301737670364,288
basic_appreq,1385998,2301739094481,288
basic_appreq,1553332,2301740690195,288
basic_appreq,1501347,2301742238589,288
basic_appreq,1530380,2301743813347,288
basic_appreq,1263595,2301745119745,288
basic_appreq,1560719,2301746738453,288
basic_appreq,1641673,2301748422758,288
basic_appreq,1606691,2301750071031,288
basic_appreq,1361823,2301751472953,288
basic_appreq,1518738,2301753035528,288
basic_appreq,1684185,2301754769364,288
basic_appreq,1413287,2301756220846,288
basic_appreq,1719969,2301757991287,288
basic_appreq,1402123,2301759433157,288
basic_appreq,1710619,2301761186750,288
basic_appreq,1386262,2301762624282,288
basic_appreq,2262558,2301764930769,288
basic_appreq,1665059,2301766641616,288
basic_appreq,1348837,2301768030484,288
basic_appreq,1824138,2301769899736,288
basic_appreq,1640920,2301771579130,288
basic_appreq,1512139,2301773130896,288
basic_appreq,1375570,2301774548276,288
basic_appreq,1794672,2301776386497,288
basic_appreq,1344632,2301777769123,288
basic_appreq,1731543,2301779544215,288
basic_appreq,1377286,2301780960607,288
basic_appreq,1332612,2301782335745,288
basic_appreq,1677616,2301784056763,288
basic_appreq,1791905,2301785897203,288
basic_appreq,1332805,2301787268274,288
basic_appreq,1513981,2301788820878,288
basic_appreq,1602067,2301790469441,288
basic_appreq,1359764,2301791873776,288
basic_appreq,1272477,2301793189591,288
basic_appreq,1216695,2301794447188,288
basic_appreq,1400793,2301795886050,288
basic_appreq,1489845,2301797414165,288
basic_appreq,1597532,2301799058197,288
basic_appreq,1557984,2301800658997,288
basic_appreq,924846,2301801634218,288
basic_appreq,1338557,2301803017212,288
basic_appreq,1317171,2301804378203,288
basic_appreq,1047065,2301805464847,288
basic_appreq,1812078,2301807320571,288
basic_appreq,1720895,2301809079775,288
basic_appreq,1616998,2301810736950,288
basic_appreq,1626111,2301812398705,288
basic_appreq,1485460,2301813922217,288
basic_appreq,1500327,2301815458971,288
basic_appreq,1573073,2301817068330,288
basic_appreq,1510201,2301818618723,288
basic_appreq,1481313,2301820136257,288
basic_appreq,1494560,2301821668956,288
basic_appreq,1299124,2301823010834,288
basic_appreq,1183281,2301824237767,288
basic_appreq,1277997,2301825559343,288
basic_appreq,1759628,2301827361056,288
basic_appreq,1703308,2301829101470,288
basic_appreq,1235246,2301830377585,288
basic_appreq,1827719,2301832247573,288
basic_appreq,1277796,2301833566098,288
basic_appreq,918130,2301834525945,288
basic_appreq,1133337,2301835701524,288
basic_appreq,1232620,2301836976650,288
basic_appreq,1500592,2301838518272,288
basic_appreq,1643891,2301840200429,288
basic_appreq,1561809,2301841801400,288
basic_appreq,1492656,2301843331643,288
basic_appreq,1841807,2301845210846,288
basic_appreq,1479297,2301846734543,288
basic_appreq,1598828,2301848371335,288
basic_appreq,1502988,2301849917556,288
basic_appreq,1396171,2301851351350,288
basic_appreq,1767196,2301853162289,288
basic_appreq,1387679,2301854591490,288
basic_appreq,1704956,2301856339731,288
basic_appreq,1374404,2301857762487,288
basic_appreq,1841585,2301859650883,288
basic_appreq,1839351,2301861530357,288
basic_appreq,2254003,2301863829747,288
basic_appreq,1917550,2301865789164,288
basic_appreq,1711488,2301867544907,288
basic_appreq,1348583,2301868933567,288
basic_appreq,1709079,2301870696637,288
basic_appreq,1365378,2301872100334,288
basic_appreq,2041038,2301874184417,288
basic_appreq,1537590,2301875762322,288
basic_appreq,2127681,2301877933785,288
basic_appreq,1721238,2301879703782,288
basic_appreq,1905113,2301881648143,288
basic_appreq,1775860,2301883468768,288
basic_appreq,1533515,2301885041905,288
basic_appreq,2217783,2301887313170,288
basic_appreq,1354852,2301888707050,288
basic_appreq,1916687,2301890670979,288
basic_appreq,1883664,2301892593029,288
basic_appreq,1781608,2301894418720,288
basic_appreq,1542285,2301896028669,288
basic_appreq,2220061,2301898303750,288
basic_appreq,1579221,2301899923135,288
basic_appreq,1186907,2301901166491,288
basic_appreq,1517281,2301902730062,288
basic_appreq,1538435,2301904306741,288
basic_appreq,1820247,2301906169000,288
basic_appreq,1665835,2301907878093,288
basic_appreq,1561512,2301909475729,288
basic_appreq,1537832,2301911058816,288
basic_appreq,1608148,2301912710928,288
basic_appreq,1534500,2301914293086,288
basic_appreq,1067922,2301915402799,288
basic_appreq,1368894,2301916814325,288
basic_appreq,1396207,2301918252961,288
basic_appreq,1047647,2301919339348,288
basic_appreq,1222496,2301920597059,288
basic_appreq,975430,2301921614921,288
basic_appreq,1331035,2301922987574,288
basic_appreq,1258945,2301924288445,288
basic_appreq,1353556,2301925679563,288
basic_appreq,1532591,2301927261618,288
basic_appreq,1558177,2301928857072,288
basic_appreq,1591845,2301930489980,288
basic_appreq,1609481,2301932137420,288
basic_appreq,1412659,2301933588596,288
basic_appreq,1600019,2301935231768,288
basic_appreq,1584697,2301936860603,288
basic_appreq,1438382,2301938343616,288
basic_appreq,1513613,2301939899424,288
basic_appreq,1042316,2301940985453,288
basic_appreq,1392393,2301942420549,288
basic_appreq,1370102,2301943829847,288
basic_appreq,1264044,2301945133255,288
basic_appreq,1362920,2301946535966,288
basic_appreq,1628472,2301948201227,288
basic_appreq,1749951,2301949992461,288
basic_appreq,1291914,2301951322259,288
basic_appreq,1533501,2301952897802,288
basic_appreq,1690233,2301954637755,288
basic_appreq,1390532,2301956066106,288
basic_appreq,1888737,2301958004095,288
basic_appreq,1413501,2301959455882,288
basic_appreq,1587144,2301961086742,288
basic_appreq,1568646,2301962702474,288
basic_appreq,1527506,2301964274178,288
basic_appreq,1638234,2301965959423,288
basic_appreq,1617196,2301967620185,288
basic_appreq,1538189,2301969201542,288
basic_appreq,1394396,2301970647999,288
basic_appreq,1591184,2301972284232,288
basic_appreq,1382236,2301973709558,288
basic_appreq,1758415,2301975537632,288
basic_appreq,1742767,2301977319663,288
basic_appreq,1536101,2301978896296,288
basic_appreq,1352165,2301980286831,288
basic_appreq,1765148,2301982108953,288
basic_appreq,1388762,2301983536715,288
basic_appreq,1701574,2301985282486,288
basic_appreq,1684129,2301987009790,288
basic_appreq,1398695,2301988447499,288
basic_appreq,910000,2301989403618,288
basic_appreq,1402785,2301990849490,288
basic_appreq,1087219,2301991979742,288
basic_appreq,1575429,2301993624085,288
basic_appreq,1342720,2301995006959,288
basic_appreq,1846287,2301996896711,288
basic_appreq,1549941,2301998487541,288
basic_appreq,1602521,2302000128408,288
basic_appreq,1273590,2302001454337,288
basic_appreq,1612906,2302003105372,288
basic_appreq,1608537,2302004752595,288
basic_appreq,1665300,2302006460762,288
basic_appreq,1590355,2302008090149,288
basic_appreq,1422024,2302009554229,288
basic_appreq,1717082,2302011316984,288
basic_appreq,1376194,2302012731451,288
basic_appreq,1566371,2302014344400,288
basic_appreq,1605943,2302015993628,288
basic_appreq,1565846,2302017634398,288
basic_appreq,1447825,2302019126002,288
basic_appreq,1089384,2302020259275,288
basic_appreq,1368630,2302021673126,288
basic_appreq,1261637,2302022977835,288
basic_appreq,1250694,2302024271479,288
basic_appreq,1559758,2302025871758,288
basic_appreq,1516614,2302027426519,288
basic_appreq,1717425,2302029178794,288
basic_appreq,1856249,2302031081965,288
basic_appreq,1747262,2302032872074,288
basic_appreq,1240773,2302034154762,288
basic_appreq,1372939,2302035566057,288
basic_appreq,974764,2302036583718,288
basic_appreq,1398294,2302038028651,288
basic_appreq,1552410,2302039625767,288
basic_appreq,1365581,2302041034489,288
basic_appreq,1108477,2302042188730,288
basic_appreq,1573635,2302043801131,288
basic_appreq,1599876,2302045438083,288
basic_appreq,1546873,2302047025732,288
basic_appreq,1586528,2302048650325,288
basic_appreq,1651324,2302050337906,288
basic_appreq,1486895,2302051861892,288
basic_appreq,1441669,2302053342001,288
basic_appreq,1599090,2302054991816,288
basic_appreq,1478799,2302056514010,288
basic_appreq,1580792,2302058145030,288
basic_appreq,1564312,2302059753749,288
basic_appreq,1455666,2302061270103,288
basic_appreq,1600731,2302062921973,288
basic_appreq,1641439,2302064606703,288
basic_appreq,906890,2302065559480,288
basic_appreq,1325398,2302066927281,288
basic_appreq,1211028,2302068181603,288
basic_appreq,1518181,2302069740693,288
basic_appreq,1471438,2302071249494,288
basic_appreq,1640376,2302072926783,288
basic_appreq,1345589,2302074318625,288
basic_appreq,1598329,2302075960047,288
basic_appreq,1371135,2302077396029,288
basic_appreq,1616826,2302079055257,288
basic_appreq,1607226,2302080705364,288
basic_appreq,1609347,2302082360502,288
basic_appreq,1536514,2302083939042,288
basic_appreq,1224267,2302085205918,288
basic_appreq,1543058,2302086793576,288
basic_appreq,1571457,2302088402029,288
basic_appreq,1474913,2302089913419,288
basic_appreq,1616064,2302091564899,288
basic_appreq,1308373,2302092908047,288
basic_appreq,1448837,2302094398140,288
basic_appreq,1798603,2302096235880,288
basic_appreq,1400670,2302097675026,288
basic_appreq,1646909,2302099362460,288
basic_appreq,1681081,2302101083892,288
basic_appreq,1287683,2302102412695,288
basic_appreq,1691600,2302104144071,288
basic_appreq,1465443,2302105645243,288
basic_appreq,1551852,2302107236879,288
basic_appreq,1808379,2302109085468,288
basic_appreq,1607841,2302110732457,288
basic_appreq,1431444,2302112199558,288
basic_appreq,1687437,2302113923787,288
basic_appreq,1438471,2302115397954,288
basic_appreq,1754014,2302117192476,288
basic_appreq,1572389,2302118822247,288
basic_appreq,1440058,2302120298480,288
basic_appreq,924322,2302121267729,288
basic_appreq,1359661,2302122668142,288
basic_appreq,2039135,2302124748148,288
basic_appreq,1238741,2302126032664,288
basic_appreq,1102623,2302127175778,288
basic_appreq,1645521,2302128857414,288
basic_appreq,1544661,2302130441577,288
basic_appreq,1427602,2302131905868,288
basic_appreq,1532733,2302133475035,288
basic_appreq,1258857,2302134781243,288
basic_appreq,1563524,2302136383263,288
basic_appreq,1539422,2302137980091,288
basic_appreq,1622720,2302139639516,288
basic_appreq,1568362,2302141244905,288
basic_appreq,1352363,2302142637843,288
basic_appreq,1711244,2302144393163,288
basic_appreq,1360496,2302145796212,288
basic_appreq,1707475,2302147546053,288
basic_appreq,1715251,2302149300919,288
basic_appreq,1747335,2302151089965,288
basic_appreq,1403366,2302152530665,288
basic_appreq,1846221,2302154419148,288
basic_appreq,1368325,2302155825535,288
basic_appreq,969752,2302156838070,288
basic_appreq,1304511,2302158188665,288
basic_appreq,1099362,2302159332594,288
basic_appreq,1620331,2302160991409,288
basic_appreq,1570290,2302162604800,288
basic_appreq,1612913,2302164255654,288
basic_appreq,1553155,2302165850691,288
basic_appreq,1600539,2302167495625,288
basic_appreq,1549196,2302169087901,288
basic_appreq,1558518,2302170695087,288
basic_appreq,1534069,2302172274062,288
basic_appreq,1526281,2302173845611,288
basic_appreq,1501981,2302175392198,288
basic_appreq,1581915,2302177019171,288
basic_appreq,1792504,2302178860924,288
basic_appreq,1322150,2302180221357,288
basic_appreq,1605328,2302181870855,288
basic_appreq,1718746,2302183633454,288
basic_appreq,1412475,2302185084312,288
basic_appreq,1666827,2302186799158,288
basic_appreq,1333965,2302188172615,288
basic_appreq,1692038,2302189911496,288
basic_appreq,1394291,2302191343789,288
basic_appreq,2142654,2302193529832,288
basic_appreq,1344451,2302194914870,288
basic_appreq,1786058,2302196743943,288
basic_appreq,1347097,2302198133516,288
basic_appreq,1871698,2302200048930,288
basic_appreq,1593793,2302201684211,288
basic_appreq,1337049,2302203060218,288
basic_appreq,1801379,2302204904975,288
basic_appreq,1320182,2302206271689,288
basic_appreq,1376809,2302207686546,288
basic_appreq,1522685,2302209272578,288
basic_appreq,905754,2302210222468,288
basic_appreq,1271410,2302211535553,288
basic_appreq,1194886,2302212772042,288
basic_appreq,1503783,2302214315615,288
basic_appreq,1523825,2302215876856,288
basic_appreq,1539386,2302217453585,288
basic_appreq,1544742,2302219038949,288
basic_appreq,1570734,2302220647107,288
basic_appreq,1879471,2302222571002,288
basic_appreq,1537049,2302224163385,288
basic_appreq,1641723,2302225846729,288
basic_appreq,1588948,2302227474287,288
basic_appreq,1463959,2302228975985,288
basic_appreq,1628738,2302230650477,288
basic_appreq,1375486,2302232064653,288
basic_appreq,1971918,2302234083253,288
basic_appreq,1638321,2302235760138,288
basic_appreq,1357536,2302237155795,288
basic_appreq,993866,2302238199709,288
basic_appreq,1395625,2302239638966,288
basic_appreq,1470108,2302241153201,288
basic_appreq,1358729,2302242557416,288
basic_appreq,1154925,2302243755312,288
basic_appreq,1252957,2302245052104,288
basic_appreq,1603243,2302246724792,288
basic_appreq,4956207,2302251719872,288
basic_appreq,1315210,2302253075844,288
basic_appreq,1545880,2302254659684,288
basic_appreq,1195958,2302255893486,288
basic_appreq,1131776,2302257063586,288
basic_appreq,1682263,2302258793374,288
basic_appreq,1668745,2302260500977,288
basic_appreq,1469965,2302262012487,288
basic_appreq,1807545,2302263863274,288
basic_appreq,1490563,2302265390745,288
basic_appreq,1609957,2302267048049,288
basic_appreq,1984477,2302269073885,288
basic_appreq,1496627,2302270617249,288
basic_appreq,1510145,2302272168209,288
basic_appreq,2016794,2302274227916,288
basic_appreq,1704691,2302275977269,288
basic_appreq,2003828,2302278056630,288
basic_appreq,1268731,2302279372077,288
basic_appreq,1640577,2302281057181,288
basic_appreq,1669239,2302282774343,288
basic_appreq,1382483,2302284193337,288
basic_appreq,1512504,2302285751294,288
basic_appreq,1810901,2302287604552,288
basic_appreq,1605770,2302289247126,288
basic_appreq,1466356,2302290753105,288
basic_appreq,1855639,2302292651107,288
basic_appreq,1523511,2302294214444,288
basic_appreq,1400346,2302295657660,288
basic_appreq,1886020,2302297586353,288
basic_appreq,1357996,2302298985021,288
basic_appreq,2067295,2302301094782,288
basic_appreq,1527530,2302302671929,288
basic_appreq,1480255,2302304195456,288
basic_appreq,1036102,2302305272343,288
basic_appreq,1298446,2302306615548,288
basic_appreq,1089801,2302307741707,288
basic_appreq,1259295,2302309039531,288
basic_appreq,1753449,2302310842598,288
basic_appreq,1305937,2302312188920,288
basic_appreq,1849060,2302314083464,288
basic_appreq,1406684,2302315528515,288
basic_appreq,1847384,2302317419329,288
basic_appreq,1269626,2302318729334,288
basic_appreq,1734046,2302320506427,288
basic_appreq,1726782,2302322280199,288
basic_appreq,1257420,2302323579083,288
basic_appreq,950696,2302324576655,288
basic_appreq,1348794,2302325978213,288
basic_appreq,1346081,2302327369066,288
basic_appreq,1060126,2302328472454,288
basic_appreq,1953363,2302330475384,288
basic_appreq,1651627,2302332165132,288
basic_appreq,1566668,2302333775606,288
basic_appreq,1552150,2302335366831,288
basic_appreq,1660508,2302337065534,288
basic_appreq,1601158,2302338706956,288
basic_appreq,1579870,2302340324868,288
basic_appreq,1538904,2302341905884,288
basic_appreq,1348280,2302343292423,288
basic_appreq,1518488,2302344854216,288
basic_appreq,1584878,2302346487328,288
basic_appreq,1588414,2302348119707,288
basic_appreq,1484252,2302349649810,288
basic_appreq,1496238,2302351189363,288
basic_appreq,1585771,2302352819494,288
basic_appreq,1573514,2302354438813,288
basic_appreq,1850811,2302356332221,288
basic_appreq,1532375,2302357907640,288
basic_appreq,1543985,2302359507635,288
basic_appreq,1619710,2302361170482,288
basic_appreq,1749743,2302362967009,288
basic_appreq,1384090,2302364388563,288
basic_appreq,1367449,2302365797707,288
basic_appreq,1503047,2302367345516,288
basic_appreq,1561669,2302368950636,288
basic_appreq,1946881,2302370947264,288
basic_appreq,1466255,2302372452317,288
basic_appreq,1536561,2302374034322,288
basic_appreq,1844854,2302375924194,288
basic_appreq,1485432,2302377448367,288
basic_appreq,1513252,2302379012341,288
basic_appreq,1572850,2302380628215,288
basic_appreq,1694339,2302382368646,288
basic_appreq,1871662,2302384282193,288
basic_appreq,1514231,2302385844921,288
basic_appreq,1593012,2302387480769,288
basic_appreq,1678572,2302389200986,288
basic_appreq,1651453,2302390897895,288
basic_appreq,1579361,2302392521471,288
basic_appreq,1887414,2302394458895,288
basic_appreq,1743790,2302396264334,288
basic_appreq,1783565,2302398092928,288
basic_appreq,1457829,2302399588641,288
basic_appreq,1755210,2302401386521,288
basic_appreq,1403243,2302402832421,288
basic_appreq,1736292,2302404612799,288
basic_appreq,1310876,2302405970545,288
basic_appreq,1421387,2302407437937,288
basic_appreq,1150010,2302408630854,288
basic_appreq,5780920,2302414452938,288
basic_appreq,1723110,2302416228908,288
basic_appreq,1955267,2302418228212,288
basic_appreq,1819804,2302420086672,288
basic_appreq,1986192,2302422126625,288
basic_appreq,1650570,2302423815902,288
basic_appreq,1648125,2302425509768,288
basic_appreq,1729929,2302427284866,288
basic_appreq,1264815,2302428588425,288
basic_appreq,1588391,2302430221828,288
basic_appreq,1991228,2302432256390,288
basic_appreq,1588677,2302433885716,288
basic_appreq,1585653,2302435514637,288
basic_appreq,1679947,2302437237984,288
basic_appreq,1788989,2302439071778,288
basic_appreq,1604923,2302440714737,288
basic_appreq,1019235,2302441781058,288
basic_appreq,1258513,2302443082816,288
basic_appreq,1516373,2302444644201,288
basic_appreq,1397245,2302446085476,288
basic_appreq,1365411,2302447493811,288
basic_appreq,1171589,2302448708889,288
basic_appreq,1608045,2302450359086,288
basic_appreq,1647804,2302452046108,288
basic_appreq,1327878,2302453419532,288
basic_appreq,1529819,2302454995075,288
basic_appreq,1557940,2302456595928,288
basic_appreq,1559769,2302458211558,288
basic_appreq,1517480,2302459773056,288
basic_appreq,1492823,2302461306748,288
basic_appreq,1709649,2302463065226,288
basic_appreq,1583752,2302464685321,288
basic_appreq,1181135,2302465920258,288
basic_appreq,1084316,2302467045160,288
basic_appreq,1452829,2302468541681,288
basic_appreq,1400720,2302469986381,288
basic_appreq,1586530,2302471616503,288
basic_appreq,1111581,2302472770887,288
basic_appreq,1411329,2302474222273,288
basic_appreq,1533568,2302475795043,288
basic_appreq,1578002,2302477415995,288
basic_appreq,1698998,2302479183195,288
basic_appreq,1387331,2302480608965,288
basic_appreq,1709497,2302482365806,288
basic_appreq,1356727,2302483757255,288
basic_appreq,1095084,2302484891702,288
basic_appreq,1136608,2302486068643,288
basic_appreq,1797737,2302487914722,288
basic_appreq,1463024,2302489415839,288
basic_appreq,1291249,2302490747586,288
basic_appreq,1609354,2302492400231,288
basic_appreq,1299738,2302493740111,288
basic_appreq,1764346,2302495547327,288
basic_appreq,1313556,2302496899085,288
basic_appreq,1306274,2302498252354,288
basic_appreq,1317399,2302499613104,288
basic_appreq,1455102,2302501107073,288
basic_appreq,1577407,2302502724614,288
basic_appreq,1359099,2302504123717,288
basic_appreq,1845586,2302506022922,288
basic_appreq,1475628,2302507541460,288
basic_appreq,937764,2302508515923,288
basic_appreq,976165,2302509536989,288
basic_appreq,1268646,2302510839521,288
basic_appreq,845271,2302511719893,288
basic_appreq,1023175,2302512783244,288
basic_appreq,1579991,2302514404349,288
basic_appreq,1531976,2302515972908,288
basic_appreq,1394257,2302517428260,288
basic_appreq,1812545,2302519280420,288
basic_appreq,1871639,2302521191514,288
basic_appreq,1587729,2302522821004,288
basic_appreq,1527988,2302524388450,288
basic_appreq,1635243,2302526067567,288
basic_appreq,1742861,2302527848937,288
basic_appreq,1434041,2302529327218,288
basic_appreq,1407380,2302530780382,288
basic_appreq,1911501,2302532736689,288
basic_appreq,1475109,2302534255534,288
basic_appreq,1526356,2302535820104,288
basic_appreq,1319824,2302537178391,288
basic_appreq,1722635,2302538946398,288
basic_appreq,1397756,2302540382571,288
basic_appreq,1702590,2302542135419,288
basic_appreq,1439043,2302543613840,288
basic_appreq,1754782,2302545412362,288
basic_appreq,1476527,2302546932685,288
basic_appreq,1370574,2302548341348,288
basic_appreq,1473734,2302549864129,288
basic_appreq,1718950,2302551627085,288
basic_appreq,1520851,2302553186004,288
basic_appreq,1793129,2302555027263,288
basic_appreq,1344126,2302556409882,288
basic_appreq,1951462,2302558407191,288
basic_appreq,1328385,2302559773575,288
basic_appreq,1603745,2302561420374,288
basic_appreq,1739132,2302563234690,288
basic_appreq,1833383,2302565106957,288
basic_appreq,1564178,2302566714196,288
basic_appreq,1777383,2302568535407,288
basic_appreq,1510054,2302570084660,288
basic_appreq,1333257,2302571456883,288
basic_appreq,1702757,2302573202431,288
basic_appreq,1371450,2302574617195,288
basic_appreq,1844816,2302576505400,288
basic_appreq,1441673,2302577986348,288
basic_appreq,1711866,2302579741204,288
basic_appreq,1366444,2302581145887,288
basic_appreq,1924322,2302583118747,288
basic_appreq,1438893,2302584596537,288
basic_appreq,1365171,2302586001988,288
basic_appreq,1497113,2302587542199,288
basic_appreq,986472,2302588571802,288
basic_appreq,1318364,2302589936113,288
basic_appreq,1462954,2302591442836,288
basic_appreq,1563320,2302593050273,288
basic_appreq,1429687,2302594533459,288
basic_appreq,1530821,2302596108401,288
basic_appreq,1202406,2302597353412,288
basic_appreq,1264049,2302598651673,288
basic_appreq,1373404,2302600063517,288
basic_appreq,1505095,2302601614875,288
basic_appreq,1583201,2302603233228,288
basic_appreq,1522906,2302604794078,288
basic_appreq,1508976,2302606339989,288
basic_appreq,1648650,2302608031986,288
basic_appreq,1592160,2302609672463,288
basic_appreq,1616324,2302611332931,288
basic_appreq,1833623,2302613209398,288
basic_appreq,1433774,2302614683904,288
basic_appreq,1605666,2302616332590,288
basic_appreq,1823785,2302618202086,288
basic_appreq,1430990,2302619671960,288
basic_appreq,1662024,2302621376792,288
basic_appreq,1441372,2302622867282,288
basic_appreq,1693755,2302624605916,288
basic_appreq,1624865,2302626268960,288
basic_appreq,1487406,2302627794959,288
basic_appreq,1395721,2302629233805,288
basic_appreq,1782940,2302631067345,288
basic_appreq,1392621,2302632498879,288
basic_appreq,1701133,2302634251296,288
basic_appreq,1348123,2302635638447,288
basic_appreq,1020881,2302636702530,288
basic_appreq,1309674,2302638059284,288
basic_appreq,1464962,2302639568730,288
basic_appreq,1357998,2302640970101,288
basic_appreq,1171432,2302642188387,288
basic_appreq,1450591,2302643677023,288
basic_appreq,1343646,2302645058209,288
basic_appreq,1668821,2302646778272,288
basic_appreq,1459125,2302648276307,288
basic_appreq,1539740,2302649856200,288
basic_appreq,1528529,2302651423286,288
basic_appreq,1610618,2302653072657,288
basic_appreq,1877172,2302654990798,288
basic_appreq,1580164,2302656609147,288
basic_appreq,1502593,2302658149879,288
basic_appreq,1669795,2302659857511,288
basic_appreq,1516041,2302661411696,288
basic_appreq,1495188,2302662949998,288
basic_appreq,1421220,2302664410329,288
basic_appreq,1700612,2302666159078,288
basic_appreq,1453535,2302667651205,288
basic_appreq,1504605,2302669194804,288
basic_appreq,1393215,2302670638893,288
basic_appreq,1805082,2302672511754,288
basic_appreq,1436156,2302673989597,288
basic_appreq,1737484,2302675769812,288
basic_appreq,1422325,2302677230857,288
basic_appreq,1674028,2302678950555,288
basic_appreq,1422072,2302680411227,288
basic_appreq,1556701,2302682013728,288
basic_appreq,1439330,2302683497754,288
basic_appreq,1553122,2302685094524,288
basic_appreq,1599761,2302686742472,288
basic_appreq,1428481,2302688213832,288
basic_appreq,1682121,2302689943358,288
basic_appreq,1600179,2302691591606,288
basic_appreq,1530778,2302693165806,288
basic_appreq,1564960,2302694781990,288
basic_appreq,1534015,2302696360494,288
basic_appreq,1855005,2302698265770,288
basic_appreq,1605629,2302699918546,288
basic_appreq,1145505,2302701108273,288
basic_appreq,1338694,2302702492871,288
basic_appreq,1323072,2302703859471,288
basic_appreq,1207363,2302705110182,288
basic_appreq,1279253,2302706429342,288
basic_appreq,1798389,2302708263867,288
basic_appreq,1528702,2302709841542,288
basic_appreq,1505099,2302711384666,288
basic_appreq,1597938,2302713020986,288
basic_appreq,1485920,2302714547540,288
basic_appreq,1340454,2302715930023,288
basic_appreq,1394999,2302717364699,288
basic_appreq,1469778,2302718887153,288
basic_appreq,1463912,2302720394795,288
basic_appreq,1591756,2302722034139,288
basic_appreq,1691139,2302723763175,288
basic_appreq,1260542,2302725059387,288
basic_appreq,883827,2302725992818,288
basic_appreq,875954,2302726906375,288
basic_appreq,1487021,2302728436669,288
basic_appreq,1501500,2302729989604,288
basic_appreq,1577313,2302731612347,288
basic_appreq,1504341,2302733160503,288
basic_appreq,1793136,2302735005120,288
basic_appreq,1514348,2302736558663,288
basic_appreq,1378456,2302737975839,288
basic_appreq,1718979,2302739738465,288
basic_appreq,1390976,2302741168215,288
basic_appreq,1713001,2302742936373,288
basic_appreq,1435979,2302744410166,288
basic_appreq,1611353,2302746068907,288
basic_appreq,1869965,2302747977034,288
basic_appreq,1725298,2302749776037,288
basic_appreq,1653748,2302751473174,288
basic_appreq,1357321,2302752868888,288
basic_appreq,1747341,2302754674491,288
basic_appreq,1670489,2302756383242,288
basic_appreq,1372248,2302757800392,288
basic_appreq,1802441,2302759646395,288
basic_appreq,1278451,2302760963577,288
basic_appreq,996479,2302762007347,288
basic_appreq,1356252,2302763407453,288
basic_appreq,1584171,2302765035161,288
basic_appreq,1475591,2302766553365,288
basic_appreq,1397900,2302767995778,288
basic_appreq,1155156,2302769220012,288
basic_appreq,1499236,2302770755265,288
basic_appreq,1636856,2302772428407,288
basic_appreq,1624622,2302774095611,288
basic_appreq,1559959,2302775695388,288
basic_appreq,1400837,2302777132942,288
basic_appreq,1466466,2302778640025,288
basic_appreq,1408492,2302780087548,288
basic_appreq,1343772,2302781481546,288
basic_appreq,1580950,2302783106518,288
basic_appreq,1548263,2302784698524,288
basic_appreq,1511541,2302786263862,288
basic_appreq,1477712,2302787786600,288
basic_appreq,1586242,2302789416528,288
basic_appreq,1505460,2302790965677,288
basic_appreq,1515667,2302792525816,288
basic_appreq,1520928,2302794095968,288
basic_appreq,1445977,2302795582427,288
basic_appreq,1576284,2302797203251,288
basic_appreq,1813261,2302799063900,288
basic_appreq,1365481,2302800468015,288
basic_appreq,1777702,2302802293258,288
basic_appreq,1386753,2302803718795,288
basic_appreq,1683734,2302805446426,288
basic_appreq,1373384,2302806862516,288
basic_appreq,1514672,2302808420450,288
basic_appreq,1674242,2302810143288,288
basic_appreq,1329491,2302811511887,288
basic_appreq,1717512,2302813273764,288
basic_appreq,1313255,2302814627745,288
basic_appreq,1811079,2302816482760,288
basic_appreq,1372753,2302817898075,288
basic_appreq,1597613,2302819534104,288
basic_appreq,1491192,2302821068598,288
basic_appreq,1496726,2302822613559,288
basic_appreq,1447086,2302824103556,288
basic_appreq,1776208,2302825927335,288
basic_appreq,1532389,2302827498200,288
basic_appreq,1348981,2302828885240,288
basic_appreq,1757094,2302830689042,288
basic_appreq,1388390,2302832115671,288
basic_appreq,1669493,2302833833187,288
basic_appreq,1357973,2302835229580,288
basic_appreq,2117914,2302837391775,288
basic_appreq,1308878,2302838745347,288
basic_appreq,1386438,2302840174569,288
basic_appreq,1733745,2302841955345,288
basic_appreq,1550018,2302843543729,288
basic_appreq,1523701,2302845105669,288
basic_appreq,1618631,2302846766447,288
basic_appreq,1781540,2302848592640,288
basic_appreq,1372812,2302850004280,288
basic_appreq,1529548,2302851572665,288
basic_appreq,1494804,2302853111940,288
basic_appreq,1520449,2302854682443,288
basic_appreq,1742713,2302856468619,288
basic_appreq,1571877,2302858088973,288
basic_appreq,1294496,2302859422233,288
basic_appreq,1016645,2302860482978,288
basic_appreq,1394321,2302861924330,288
basic_appreq,1727988,2302863695482,288
basic_appreq,1251719,2302864985261,288
basic_appreq,1810568,2302866847493,288
basic_appreq,1477055,2302868363479,288
basic_appreq,1679454,2302870095369,288
basic_appreq,1539028,2302871673124,288
basic_appreq,1450775,2302873162157,288
basic_appreq,1520114,2302874728292,288
basic_appreq,1644874,2302876414421,288
basic_appreq,1271089,2302877740610,288
basic_appreq,1639250,2302879423019,288
basic_appreq,1493898,2302880959614,288
basic_appreq,1353172,2302882360718,288
basic_appreq,1764055,2302884169766,288
basic_appreq,1487132,2302885700142,288
basic_appreq,909759,2302886653100,288
basic_appreq,1396995,2302888092881,288
basic_appreq,1126781,2302889282899,288
basic_appreq,1378055,2302890699537,288
basic_appreq,1643451,2302892381457,288
basic_appreq,1446216,2302893869722,288
basic_appreq,1614140,2302895523130,288
basic_appreq,1715007,2302897276596,288
basic_appreq,1627244,2302898944886,288
basic_appreq,1640399,2302900623101,288
basic_appreq,1494780,2302902163638,288
basic_appreq,1521619,2302903724630,288
basic_appreq,1395962,2302905158750,288
basic_appreq,1786189,2302906993634,288
basic_appreq,1383769,2302908415588,288
basic_appreq,1851073,2302910311846,288
basic_appreq,1585543,2302911935375,288
basic_appreq,1344842,2302913319108,288
basic_appreq,1623793,2302914987411,288
basic_appreq,1644867,2302916704881,288
basic_appreq,1502914,2302918253726,288
basic_appreq,1479981,2302919776598,288
basic_appreq,1458634,2302921278612,288
basic_appreq,1442688,2302922771188,288
basic_appreq,1411219,2302924226202,288
basic_appreq,1380985,2302925658004,288
basic_appreq,1501613,2302927202963,288
basic_appreq,1172465,2302928411415,288
basic_appreq,1233201,2302929685018,288
basic_appreq,1372678,2302931098876,288
basic_appreq,1592270,2302932735717,288
basic_appreq,1511491,2302934295057,288
basic_appreq,1592484,2302935931370,288
basic_appreq,1872270,2302937846597,288
basic_appreq,1473553,2302939358476,288
basic_appreq,1767938,2302941169507,288
basic_appreq,1417013,2302942627763,288
basic_appreq,1133323,2302943804653,288
basic_appreq,1335536,2302945185287,288
basic_appreq,1476266,2302946706906,288
basic_appreq,1551401,2302948301351,288
basic_appreq,1461173,2302949812485,288
basic_appreq,1420485,2302951276966,288
basic_appreq,1801272,2302953121375,288
basic_appreq,1266921,2302954429642,288
basic_appreq,1585290,2302956053565,288
basic_appreq,1463655,2302957563893,288
basic_appreq,1533328,2302959140565,288
basic_appreq,1659001,2302960843182,288
basic_appreq,1579881,2302962475689,288
basic_appreq,1617628,2302964133966,288
basic_appreq,1629941,2302965814950,288
basic_appreq,1716323,2302967575613,288
basic_appreq,1564554,2302969178796,288
basic_appreq,1406503,2302970624639,288
basic_appreq,1569374,2302972237091,288
basic_appreq,1650481,2302973931003,288
basic_appreq,1450170,2302975419879,288
basic_appreq,1740070,2302977202710,288
basic_appreq,1386914,2302978641867,288
basic_appreq,1756400,2302980442323,288
basic_appreq,1346135,2302981827389,288
basic_appreq,1461260,2302983328682,288
basic_appreq,1578329,2302984950447,288
basic_appreq,998307,2302986002440,288
basic_appreq,1245455,2302987291560,288
basic_appreq,1364258,2302988698910,288
basic_appreq,1372536,2302990116046,288
basic_appreq,1512621,2302991672031,288
basic_appreq,1517956,2302993234239,288
basic_appreq,1382479,2302994663728,288
basic_appreq,1445187,2302996154215,288
basic_appreq,1753902,2302997958482,288
basic_appreq,1855971,2302999850783,288
basic_appreq,1277353,2303001164927,288
basic_appreq,1706163,2303002917013,288
basic_appreq,1379951,2303004335532,288
basic_appreq,1815451,2303006195053,288
basic_appreq,1342459,2303007575571,288
basic_appreq,1777515,2303009396574,288
basic_appreq,1335589,2303010774388,288
basic_appreq,1752845,2303012576124,288
basic_appreq,1620895,2303014241341,288
basic_appreq,1462857,2303015742393,288
basic_appreq,1801004,2303017586659,288
basic_appreq,1724339,2303019360234,288
basic_appreq,1376298,2303020774878,288
basic_appreq,1306813,2303022127304,288
basic_appreq,1967430,2303024137959,288
basic_appreq,1514104,2303025690560,288
basic_appreq,1462572,2303027191552,288
basic_appreq,1574283,2303028811873,288
basic_appreq,1624809,2303030484815,288
basic_appreq,1598655,2303032128051,288
basic_appreq,1534663,2303033706010,288
basic_appreq,1572135,2303035321145,288
basic_appreq,1641412,2303037005989,288
basic_appreq,1482460,2303038545016,288
basic_appreq,1564867,2303040152984,288
basic_appreq,1513690,2303041712101,288
basic_appreq,1839919,2303043595441,288
basic_appreq,1382055,2303045015575,288
basic_appreq,1846305,2303046908311,288
basic_appreq,1403076,2303048349873,288
basic_appreq,1730707,2303050129693,288
basic_appreq,1599914,2303051768739,288
basic_appreq,1025696,2303052839568,288
basic_appreq,1381049,2303054281809,288
basic_appreq,1474422,2303055800471,288
basic_appreq,1141834,2303056986017,288
basic_appreq,1438752,2303058465110,288
basic_appreq,1593470,2303060096802,288
basic_appreq,1600810,2303061740834,288
basic_appreq,1555768,2303063334276,288
basic_appreq,1543702,2303064918818,288
basic_appreq,1714869,2303066676558,288
basic_appreq,2013899,2303068728806,288
basic_appreq,1361074,2303070131337,288
basic_appreq,1988919,2303072163210,288
basic_appreq,1802123,2303074006393,288
basic_appreq,2042107,2303076091391,288
basic_appreq,1783331,2303077920985,288
basic_appreq,1335061,2303079294679,288
basic_appreq,1741418,2303081079271,288
basic_appreq,1312817,2303082434644,288
basic_appreq,2251099,2303084728554,288
basic_appreq,1980017,2303086746877,288
basic_appreq,1693825,2303088484134,288
basic_appreq,2112301,2303090643705,288
basic_appreq,1897120,2303092583478,288
basic_appreq,2316110,2303094956546,288
basic_appreq,1976866,2303096971899,288
basic_appreq,2265939,2303099284581,288
basic_appreq,1990390,2303101314391,288
basic_appreq,2107860,2303103470529,288
basic_appreq,1643133,2303105151964,288
basic_appreq,1522789,2303106719855,288
basic_appreq,2057922,2303108821650,288
basic_appreq,2167223,2303111030257,288
basic_appreq,1455466,2303112524075,288
basic_appreq,2239361,2303114811399,288
basic_appreq,1931814,2303116781706,288
basic_appreq,1604482,2303118436063,288
basic_appreq,1801064,2303120282303,288
basic_appreq,2108999,2303122430497,288
basic_appreq,1380999,2303123849883,288
basic_appreq,2117593,2303126010276,288
basic_appreq,2077874,2303128137034,288
basic_appreq,2265294,2303130456820,288
basic_appreq,1382990,2303131878631,288
basic_appreq,2109089,2303134025903,288
basic_appreq,2167992,2303136238924,288
basic_appreq,2054337,2303138341120,288
basic_appreq,1377998,2303139759232,288
basic_appreq,1497190,2303141299633,288
basic_appreq,1696144,2303143048111,288
basic_appreq,1450875,2303144538006,288
basic_appreq,1648492,2303146236232,288
basic_appreq,1588170,2303147867129,288
basic_appreq,1286501,2303149198311,288
basic_appreq,1833955,2303151082262,288
basic_appreq,2126588,2303153252346,288
basic_appreq,1982988,2303155294654,288
basic_appreq,1575747,2303156913285,288
basic_appreq,1832461,2303158796244,288
basic_appreq,1563197,2303160402922,288
basic_appreq,1722485,2303162174391,288
basic_appreq,2033968,2303164252463,288
basic_appreq,2221504,2303166528449,288
basic_appreq,1969562,2303168535963,288
basic_appreq,2323468,2303170904814,288
basic_appreq,1926110,2303172869477,288
basic_appreq,1664471,2303174583545,288
basic_appreq,1438591,2303176060861,288
basic_appreq,1614270,2303177719467,288
basic_appreq,1400279,2303179163498,288
basic_appreq,1144607,2303180351465,288
basic_appreq,1645037,2303182036896,288
basic_appreq,1401485,2303183476039,288
basic_appreq,1711375,2303185230147,288
basic_appreq,1423157,2303186696181,288
basic_appreq,1766514,2303188505747,288
basic_appreq,1665400,2303190209757,288
basic_appreq,1268327,2303191521582,288
basic_appreq,1057958,2303192648814,288
basic_appreq,1334834,2303194028817,288
basic_appreq,1534346,2303195607938,288
basic_appreq,1622844,2303197273856,288
basic_appreq,1836063,2303199156565,288
basic_appreq,1483133,2303200678211,288
basic_appreq,1507376,2303202230482,288
basic_appreq,1481851,2303203749490,288
basic_appreq,1840416,2303205626933,288
basic_appreq,1695412,2303207363211,288
basic_appreq,1409066,2303208810744,288
basic_appreq,1467196,2303210319255,288
basic_appreq,1510140,2303211872491,288
basic_appreq,917659,2303212830841,288
basic_appreq,1231003,2303214108921,288
basic_appreq,1373013,2303215524982,288
basic_appreq,1048542,2303216616033,288
basic_appreq,1595558,2303218252770,288
basic_appreq,1554050,2303219844536,288
basic_appreq,1581247,2303221463948,288
basic_appreq,1469824,2303222975409,288
basic_appreq,1511388,2303224525015,288
basic_appreq,1533080,2303226099927,288
basic_appreq,1711368,2303227849624,288
basic_appreq,1645338,2303229533685,288
basic_appreq,1400536,2303230974375,288
basic_appreq,1701905,2303232716591,288
basic_appreq,1530898,2303234295382,288
basic_appreq,1603156,2303235957450,288
basic_appreq,1597406,2303237628711,288
basic_appreq,1519417,2303239191319,288
basic_appreq,1599194,2303240834188,288
basic_appreq,1506399,2303242391296,288
basic_appreq,1101089,2303243536054,288
basic_appreq,1189028,2303244767762,288
basic_appreq,1156156,2303245974583,288
basic_appreq,1541106,2303247554273,288
basic_appreq,1483273,2303249075708,288
basic_appreq,1505180,2303250621619,288
basic_appreq,1605796,2303252267305,288
basic_appreq,1499415,2303253805658,288
basic_appreq,1536401,2303255380362,288
basic_appreq,1315868,2303256734155,288
basic_appreq,1783883,2303258568607,288
basic_appreq,1241371,2303259848385,288
basic_appreq,1047333,2303260940806,288
basic_appreq,1243256,2303262227503,288
basic_appreq,1359537,2303263631274,288
basic_appreq,1675147,2303265350160,288
basic_appreq,1790001,2303267191315,288
basic_appreq,1487630,2303268717840,288
basic_appreq,1771981,2303270542391,288
basic_appreq,1615412,2303272195575,288
basic_appreq,1328164,2303273564378,288
basic_appreq,1618908,2303275226707,288
basic_appreq,1558218,2303276857597,288
basic_appreq,1085257,2303277990172,288
basic_appreq,1375933,2303279409243,288
basic_appreq,1407789,2303280860736,288
basic_appreq,1067255,2303281976487,288
basic_appreq,1497494,2303283512217,288
basic_appreq,1597377,2303285148696,288
basic_appreq,1488711,2303286676487,288
basic_appreq,1712698,2303288430565,288
basic_appreq,1487570,2303289961554,288
basic_appreq,1332619,2303291332321,288
basic_appreq,912777,2303292288105,288
basic_appreq,1266259,2303293602277,288
basic_appreq,1205883,2303294852102,288
basic_appreq,1519597,2303296410493,288
basic_appreq,1756571,2303298218511,288
basic_appreq,1396532,2303299654195,288
basic_appreq,1793790,2303301486580,288
basic_appreq,1467512,2303302996380,288
basic_appreq,1471273,2303304511361,288
basic_appreq,2288564,2303306857298,288
basic_appreq,1480272,2303308376100,288
basic_appreq,1817235,2303310229699,288
basic_appreq,1301232,2303311569916,288
basic_appreq,1709878,2303313322337,288
basic_appreq,1444019,2303314807858,288
basic_appreq,1566050,2303316418032,288
basic_appreq,1578225,2303318042054,288
basic_appreq,939133,2303319025088,288
basic_appreq,1378202,2303320447801,288
basic_appreq,1443614,2303321932204,288
basic_appreq,1208357,2303323176241,288
basic_appreq,1052672,2303324265144,288
basic_appreq,885999,2303325187524,288
basic_appreq,945677,2303326168168,288
basic_appreq,1461607,2303327664353,288
basic_appreq,1319270,2303329021711,288
basic_appreq,1624882,2303330688792,288
basic_appreq,1463926,2303332191806,288
basic_appreq,1775025,2303334005869,288
basic_appreq,1831629,2303335877561,288
basic_appreq,1319055,2303337232323,288
basic_appreq,2041727,2303339328368,288
basic_appreq,1319701,2303340686154,288
basic_appreq,1389780,2303342118571,288
basic_appreq,1514849,2303343676748,288
basic_appreq,2387927,2303346107819,288
basic_appreq,1535024,2303347685858,288
basic_appreq,1485810,2303349211376,288
basic_appreq,1608977,2303350872757,288
basic_appreq,1333684,2303352245326,288
basic_appreq,1266422,2303353568946,288
basic_appreq,1760447,2303355376466,288
basic_appreq,1580487,2303356995467,288
basic_appreq,1475644,2303358511206,288
basic_appreq,1494076,2303360044225,288
basic_appreq,1710386,2303361799038,288
basic_appreq,1527269,2303363364871,288
basic_appreq,1428050,2303364831788,288
basic_appreq,1732222,2303366612179,288
basic_appreq,1330189,2303367981720,288
basic_appreq,1532876,2303369588783,288
basic_appreq,1433065,2303371069115,288
basic_appreq,1549396,2303372662702,288
basic_appreq,1510516,2303374221784,288
basic_appreq,1661567,2303375926660,288
basic_appreq,1826662,2303377796400,288
basic_appreq,2158040,2303380024573,288
basic_appreq,864644,2303380944228,288
basic_appreq,1076115,2303382063291,288
basic_appreq,1502873,2303383604323,288
basic_appreq,1550482,2303385192734,288
basic_appreq,1612846,2303386846502,288
basic_appreq,1525409,2303388410350,288
basic_appreq,1551986,2303390005229,288
basic_appreq,1902393,2303391946774,288
basic_appreq,1638978,2303393624480,288
basic_appreq,1513967,2303395178688,288
basic_appreq,1622921,2303396857400,288
basic_appreq,1394742,2303398292576,288
basic_appreq,1583743,2303399919340,288
basic_appreq,1455101,2303401417843,288
basic_appreq,1580759,2303403045542,288
basic_appreq,1584869,2303404674236,288
basic_appreq,1437316,2303406157566,288
basic_appreq,1335162,2303407535895,288
basic_appreq,1655343,2303409234252,288
basic_appreq,1478437,2303410760285,288
basic_appreq,1745627,2303412548946,288
basic_appreq,1483316,2303414095309,288
basic_appreq,1694226,2303415832515,288
basic_appreq,1701848,2303417572275,288
basic_appreq,1351261,2303418966429,288
basic_appreq,1774904,2303420785310,288
basic_appreq,1363494,2303422191320,288
basic_appreq,1942343,2303424176496,288
basic_appreq,1311749,2303425531763,288
basic_appreq,1700057,2303427274841,288
basic_appreq,1369224,2303428681679,288
basic_appreq,1522197,2303430249009,288
basic_appreq,1756871,2303432052392,288
basic_appreq,1729157,2303433832102,288
basic_appreq,1706884,2303435576507,288
basic_appreq,1417006,2303437032056,288
basic_appreq,1709067,2303438789398,288
basic_appreq,1318986,2303440146563,288
basic_appreq,1707025,2303441900012,288
basic_appreq,1411483,2303443351425,288
basic_appreq,1705861,2303445101272,288
basic_appreq,1783993,2303446927117,288
basic_appreq,1674228,2303448645449,288
basic_appreq,1399725,2303450083054,288
basic_appreq,1633446,2303451760220,288
basic_appreq,945627,2303452749815,288
basic_appreq,1230542,2303454027682,288
basic_appreq,1223231,2303455294244,288
basic_appreq,4910367,2303460248359,288
basic_appreq,1127617,2303461416340,288
basic_appreq,993766,2303462452886,288
basic_appreq,1369615,2303463865662,288
basic_appreq,1391785,2303465300902,288
basic_appreq,1303993,2303466653289,288
basic_appreq,1592580,2303468284045,288
basic_appreq,1547672,2303469872886,288
basic_appreq,1555785,2303471467165,288
basic_appreq,1686621,2303473192416,288
basic_appreq,1460097,2303474693642,288
basic_appreq,1577919,2303476310428,288
basic_appreq,1549437,2303477902748,288
basic_appreq,1402862,2303479344778,288
basic_appreq,1670385,2303481057954,288
basic_appreq,1500290,2303482599240,288
basic_appreq,1752577,2303484396311,288
basic_appreq,1298763,2303485733230,288
basic_appreq,1883196,2303487659648,288
basic_appreq,1419192,2303489117068,288
basic_appreq,2139767,2303491307571,288
basic_appreq,1452532,2303492798465,288
basic_appreq,1986714,2303494832911,288
basic_appreq,1456810,2303496328922,288
basic_appreq,1702613,2303498075093,288
basic_appreq,1374638,2303499488438,288
basic_appreq,1705560,2303501238008,288
basic_appreq,1471682,2303502752637,288
basic_appreq,1879825,2303504675572,288
basic_appreq,1328909,2303506046848,288
basic_appreq,1758354,2303507847582,288
basic_appreq,1302914,2303509188721,288
basic_appreq,1911535,2303511147217,288
basic_appreq,1384775,2303512570702,288
basic_appreq,1537722,2303514151862,288
basic_appreq,1591077,2303515788165,288
basic_appreq,1558989,2303517391387,288
basic_appreq,1566207,2303519003853,288
basic_appreq,1621872,2303520669129,288
basic_appreq,1552293,2303522268854,288
basic_appreq,1042942,2303523354693,288
basic_appreq,1438823,2303524836606,288
basic_appreq,1382519,2303526262102,288
basic_appreq,1138208,2303527443679,288
basic_appreq,1623613,2303529104314,288
basic_appreq,1483617,2303530627013,288
basic_appreq,1416071,2303532081516,288
basic_appreq,1683551,2303533822292,288
basic_appreq,1662867,2303535523472,288
basic_appreq,1343853,2303536905486,288
basic_appreq,1669346,2303538619891,288
basic_appreq,1392083,2303540050042,288
basic_appreq,1423438,2303541510804,288
basic_appreq,1168462,2303542721987,288
basic_appreq,1573542,2303544333653,288
basic_appreq,1552280,2303545929004,288
basic_appreq,1439126,2303547411184,288
basic_appreq,1752774,2303549207811,288
basic_appreq,1247994,2303550499986,288
basic_appreq,1521138,2303552061060,288
basic_appreq,1369876,2303553478567,288
basic_appreq,1523303,2303555044871,288
basic_appreq,1452939,2303556541546,288
basic_appreq,1428087,2303558019233,288
basic_appreq,1135148,2303559193709,288
basic_appreq,1429248,2303560657287,288
basic_appreq,1600657,2303562296257,288
basic_appreq,1319330,2303563688079,288
basic_appreq,1636063,2303565367042,288
basic_appreq,1565207,2303566982244,288
basic_appreq,1460872,2303568485782,288
basic_appreq,1419810,2303569955406,288
basic_appreq,1801719,2303571802933,288
basic_appreq,1485415,2303573327235,288
basic_appreq,1719481,2303575087862,288
basic_appreq,1460178,2303576586398,288
basic_appreq,1796290,2303578425545,288
basic_appreq,1440375,2303579904835,288
basic_appreq,1717777,2303581667778,288
basic_appreq,1539853,2303583256589,288
basic_appreq,1553624,2303584852832,288
basic_appreq,1611025,2303586511305,288
basic_appreq,950548,2303587505349,288
basic_appreq,1361989,2303588911001,288
basic_appreq,1371817,2303590326924,288
basic_appreq,1082487,2303591452252,288
basic_appreq,1638304,2303593129290,288
basic_appreq,1603848,2303594773231,288
basic_appreq,1619255,2303596430736,288
basic_appreq,1378647,2303597857415,288
basic_appreq,2288608,2303600191685,288
basic_appreq,1439069,2303601680956,288
basic_appreq,1569588,2303603292974,288
basic_appreq,1777945,2303605114749,288
basic_appreq,1417722,2303606577716,288
basic_appreq,1844289,2303608469437,288
basic_appreq,1511091,2303610021452,288
basic_appreq,1256067,2303611315879,288
basic_appreq,1792709,2303613153161,288
basic_appreq,1418533,2303614614187,288
basic_appreq,1735727,2303616393884,288
basic_appreq,1401876,2303617836381,288
basic_appreq,1824825,2303619704321,288
basic_appreq,1696304,2303621439329,288
basic_appreq,1398972,2303622881450,288
basic_appreq,1784211,2303624709109,288
basic_appreq,1370018,2303626122148,288
basic_appreq,1530837,2303627698717,288
basic_appreq,1268847,2303629010238,288
basic_appreq,948453,2303630000743,288
basic_appreq,1405970,2303631450965,288
basic_appreq,1865978,2303633360600,288
basic_appreq,1372492,2303634774127,288
basic_appreq,1535797,2303636353666,288
basic_appreq,1397830,2303637800451,288
basic_appreq,1750686,2303639594786,288
basic_appreq,1600580,2303641238861,288
basic_appreq,1589243,2303642877347,288
basic_appreq,1473309,2303644394408,288
basic_appreq,1578428,2303646024085,288
basic_appreq,1553927,2303647631634,288
basic_appreq,1563806,2303649234306,288
basic_appreq,1785929,2303651066576,288
basic_appreq,950913,2303652060773,288
basic_appreq,1282305,2303653390741,288
basic_appreq,1301307,2303654731170,288
basic_appreq,1517225,2303656288234,288
basic_appreq,1644496,2303657975504,288
basic_appreq,1653278,2303659668424,288
basic_appreq,1489528,2303661195951,288
basic_appreq,1557893,2303662797646,288
basic_appreq,1621186,2303664456898,288
basic_appreq,1559571,2303666055610,288
basic_appreq,1523183,2303667616999,288
basic_appreq,1324098,2303668979159,288
basic_appreq,1703983,2303670733374,288
basic_appreq,1357077,2303672128942,288
basic_appreq,1813348,2303673996159,288
basic_appreq,1474217,2303675508834,288
basic_appreq,1728031,2303677280267,288
basic_appreq,1550205,2303678873686,288
basic_appreq,1327357,2303680239708,288
basic_appreq,1085437,2303681368334,288
basic_appreq,1339910,2303682751953,288
basic_appreq,1476029,2303684271737,288
basic_appreq,955190,2303685273854,288
basic_appreq,1630298,2303686942669,288
basic_appreq,1531590,2303688512598,288
basic_appreq,1570764,2303690124799,288
basic_appreq,1557990,2303691722366,288
basic_appreq,1531526,2303693291823,288
basic_appreq,1524904,2303694859741,288
basic_appreq,1594555,2303696492903,288
basic_appreq,1433900,2303697964819,288
basic_appreq,1492805,2303699501711,288
basic_appreq,1537528,2303701082269,288
basic_appreq,1301934,2303702429524,288
basic_appreq,1609739,2303704082430,288
basic_appreq,1535596,2303705678512,288
basic_appreq,1468684,2303707191243,288
basic_appreq,1525451,2303708761269,288
basic_appreq,1630098,2303710442304,288
basic_appreq,1784635,2303712272422,288
basic_appreq,1334861,2303713656639,288
basic_appreq,1712674,2303715412638,288
basic_appreq,1333956,2303716785440,288
basic_appreq,1305643,2303718138175,288
basic_appreq,1696261,2303719879167,288
basic_appreq,1323790,2303721241270,288
basic_appreq,1542389,2303722828120,288
basic_appreq,1565896,2303724437967,288
basic_appreq,1742977,2303726224844,288
basic_appreq,1935224,2303728211741,288
basic_appreq,1885116,2303730145064,288
basic_appreq,1528685,2303731717068,288
basic_appreq,1263462,2303733020814,288
basic_appreq,1656351,2303734750803,288
basic_appreq,1579850,2303736373540,288
basic_appreq,1545800,2303737964928,288
basic_appreq,2174891,2303740186917,288
basic_appreq,2297202,2303742544795,288
basic_appreq,1414634,2303743997744,288
basic_appreq,2352093,2303746448935,288
basic_appreq,1571316,2303748058930,288
basic_appreq,1421240,2303749523368,288
basic_appreq,1560479,2303751129455,288
basic_appreq,1666406,2303752839807,288
basic_appreq,1849040,2303754744432,288
basic_appreq,1523667,2303756311437,288
basic_appreq,1598502,2303757953711,288
basic_appreq,1563070,2303759560098,288
basic_appreq,1713008,2303761316485,288
basic_appreq,1487212,2303762850782,288
basic_appreq,1265550,2303764162326,288
basic_appreq,1742079,2303765950028,288
basic_appreq,1427792,2303767416126,288
basic_appreq,1480011,2303768940840,288
basic_appreq,1540050,2303770531613,288
basic_appreq,1653969,2303772228652,288
basic_appreq,1586873,2303773861978,288
basic_appreq,1510152,2303775415771,288
basic_appreq,1541837,2303776998358,288
basic_appreq,1535828,2303778580985,288
basic_appreq,1435973,2303780057692,288
basic_appreq,1509493,2303781620715,288
basic_appreq,1669998,2303783334184,288
basic_appreq,1546904,2303784919393,288
basic_appreq,1442258,2303786407494,288
basic_appreq,1623469,2303788077135,288
basic_appreq,1415877,2303789553802,288
basic_appreq,1625015,2303791221571,288
basic_appreq,1595494,2303792860183,288
basic_appreq,1502306,2303794407567,288
basic_appreq,1435307,2303795887195,288
basic_appreq,1142879,2303797073457,288
basic_appreq,1281832,2303798398547,288
basic_appreq,1191187,2303799632918,288
basic_appreq,1606106,2303801277241,288
basic_appreq,1512043,2303802830890,288
basic_appreq,1309867,2303804179090,288
basic_appreq,1101386,2303805324637,288
basic_appreq,1442352,2303806803977,288
basic_appreq,1337571,2303808179648,288
basic_appreq,1276740,2303809495725,288
basic_appreq,1187608,2303810721796,288
basic_appreq,1550179,2303812310500,288
basic_appreq,1490742,2303813845539,288
basic_appreq,1533428,2303815422224,288
basic_appreq,1540705,2303817006091,288
basic_appreq,1746837,2303818803212,288
basic_appreq,1269653,2303820113450,288
basic_appreq,1457173,2303821614546,288
basic_appreq,1676994,2303823334438,288
basic_appreq,1387307,2303824761388,288
basic_appreq,1509900,2303826314818,288
basic_appreq,1890764,2303828248687,288
basic_appreq,1332392,2303829627066,288
basic_appreq,1591648,2303831262156,288
basic_appreq,1613986,2303832920526,288
basic_appreq,1461203,2303834427032,288
basic_appreq,1490163,2303835961047,288
basic_appreq,1563166,2303837641828,288
basic_appreq,1161221,2303838849217,288
basic_appreq,1250760,2303840143544,288
basic_appreq,1232326,2303841423278,288
basic_appreq,1212699,2303842679575,288
basic_appreq,1409568,2303844134599,288
basic_appreq,1458133,2303845638125,288
basic_appreq,1016675,2303846697506,288
basic_appreq,1725686,2303848468500,288
basic_appreq,1468451,2303849975800,288
basic_appreq,1347802,2303851361891,288
basic_appreq,1620932,2303853022122,288
basic_appreq,1563540,2303854625018,288
basic_appreq,1532509,2303856196194,288
basic_appreq,1634826,2303857874756,288
basic_appreq,1334107,2303859245619,288
basic_appreq,1421139,2303860705038,288
basic_appreq,1541447,2303862295627,288
basic_appreq,1750422,2303864090667,288
basic_appreq,1351671,2303865500479,288
basic_appreq,1752053,2303867296588,288
basic_appreq,1527500,2303868862572,288
basic_appreq,1494270,2303870397914,288
basic_appreq,1368445,2303871804678,288
basic_appreq,1459542,2303873307418,288
basic_appreq,1741411,2303875097121,288
basic_appreq,1469262,2303876605027,288
basic_appreq,1524662,2303878177419,288
basic_appreq,1542286,2303879763017,288
basic_appreq,1592297,2303881398324,288
basic_appreq,1518572,2303882964968,288
basic_appreq,1436708,2303884445518,288
basic_appreq,1548517,2303886044985,288
basic_appreq,1023350,2303887111464,288
basic_appreq,1302509,2303888458688,288
basic_appreq,1324308,2303889830468,288
basic_appreq,1074037,2303890963027,288
basic_appreq,1622864,2303892624316,288
basic_appreq,1526952,2303894191629,288
basic_appreq,1327536,2303895557245,288
basic_appreq,1690774,2303897290973,288
basic_appreq,1405525,2303898736668,288
basic_appreq,1745984,2303900527352,288
basic_appreq,1392614,2303901960266,288
basic_appreq,1913119,2303903922777,288
basic_appreq,1272780,2303905234583,288
basic_appreq,1425540,2303906704971,288
basic_appreq,1791551,2303908539149,288
basic_appreq,1409655,2303909990382,288
basic_appreq,1420471,2303911449533,288
basic_appreq,1582219,2303913076346,288
basic_appreq,1515557,2303914639523,288
basic_appreq,1770621,2303916454718,288
basic_appreq,1560824,2303918057697,288
basic_appreq,1315772,2303919412723,288
basic_appreq,1580859,2303921038297,288
basic_appreq,1468016,2303922559418,288
basic_appreq,1597750,2303924201736,288
basic_appreq,1579258,2303925832709,288
basic_appreq,1504742,2303927382817,288
basic_appreq,911921,2303928337823,288
basic_appreq,1334901,2303929722895,288
basic_appreq,958558,2303930724534,288
basic_appreq,1701310,2303932470508,288
basic_appreq,1614330,2303934126439,288
basic_appreq,1529087,2303935694647,288
basic_appreq,1638561,2303937373150,288
basic_appreq,1598115,2303939014130,288
basic_appreq,1518084,2303940571456,288
basic_appreq,1494550,2303942106168,288
basic_appreq,1531441,2303943675865,288
basic_appreq,1332583,2303945045186,288
basic_appreq,1549518,2303946646786,288
basic_appreq,1624338,2303948311411,288
basic_appreq,1417804,2303949765414,288
basic_appreq,1486985,2303951295400,288
basic_appreq,1550421,2303952890553,288
basic_appreq,1592209,2303954534625,288
basic_appreq,1611804,2303956190669,288
basic_appreq,1579532,2303957815601,288
basic_appreq,1522210,2303959382005,288
basic_appreq,1547742,2303960972574,288
basic_appreq,1292455,2303962317262,288
basic_appreq,1544174,2303963905215,288
basic_appreq,1799568,2303965747656,288
basic_appreq,1556286,2303967345961,288
basic_appreq,1401441,2303968786196,288
basic_appreq,1468393,2303970303930,288
basic_appreq,1747080,2303972094405,288
basic_appreq,1306305,2303973441820,288
basic_appreq,1534052,2303975019885,288
basic_appreq,1486505,2303976550182,288
basic_appreq,903200,2303977498608,288
basic_appreq,1217637,2303978759317,288
basic_appreq,1323787,2303980127525,288
basic_appreq,1534771,2303981705370,288
basic_appreq,1540803,2303983284408,288
basic_appreq,1587582,2303984910399,288
basic_appreq,1440031,2303986390588,288
basic_appreq,1398511,2303987827298,288
basic_appreq,1361455,2303989227119,288
basic_appreq,1309544,2303990576662,288
basic_appreq,1547612,2303992165197,288
basic_appreq,1347674,2303993564370,288
basic_appreq,1504725,2303995112940,288
basic_appreq,1729411,2303996885042,288
basic_appreq,1319544,2303998254706,288
basic_appreq,2012483,2304000312065,288
basic_appreq,1325702,2304001679096,288
basic_appreq,1737320,2304003459946,288
basic_appreq,1367309,2304004865340,288
basic_appreq,1595073,2304006514060,288
basic_appreq,1665226,2304008226180,288
basic_appreq,1460565,2304009735659,288
basic_appreq,1683300,2304011463644,288
basic_appreq,1491333,2304012999060,288
basic_appreq,1526716,2304014584132,288
basic_appreq,1601813,2304016229216,288
basic_appreq,1704845,2304017977119,288
basic_appreq,1710379,2304019732627,288
basic_appreq,1278923,2304021050182,288
basic_appreq,1365481,2304022461308,288
basic_appreq,1433679,2304023938179,288
basic_appreq,1286044,2304025266881,288
basic_appreq,1817087,2304027131229,288
basic_appreq,1589727,2304028759522,288
basic_appreq,1503903,2304030305259,288
basic_appreq,1522238,2304031866263,288
basic_appreq,1999698,2304033904084,288
basic_appreq,1294390,2304035247849,288
basic_appreq,1757883,2304037049239,288
basic_appreq,1357248,2304038448458,288
basic_appreq,1813826,2304040305562,288
basic_appreq,1388925,2304041736889,288
basic_appreq,1412134,2304043192916,288
basic_appreq,1231644,2304044469937,288
basic_appreq,1217774,2304045734589,288
basic_appreq,1428783,2304047207875,288
basic_appreq,1584219,2304048832629,288
basic_appreq,1037900,2304049915433,288
basic_appreq,1524713,2304051478159,288
basic_appreq,1601597,2304053133020,288
basic_appreq,1482413,2304054657858,288
basic_appreq,1525233,2304056219486,288
basic_appreq,1614587,2304057875216,288
basic_appreq,1599294,2304059512685,288
basic_appreq,1571025,2304061121856,288
basic_appreq,1524366,2304062686301,288
basic_appreq,1356835,2304064081903,288
basic_appreq,1694718,2304065820513,288
basic_appreq,1359767,2304067219141,288
basic_appreq,1738103,2304069012170,288
basic_appreq,1387833,2304070442471,288
basic_appreq,1773528,2304072259151,288
basic_appreq,1321031,2304073624207,288
basic_appreq,1529809,2304075197769,288
basic_appreq,1710328,2304076952532,288
basic_appreq,1422035,2304078416752,288
basic_appreq,1754168,2304080214836,288
basic_appreq,1318769,2304081572325,288
basic_appreq,1620662,2304083237170,288
basic_appreq,1746112,2304085026777,288
basic_appreq,1474870,2304086552553,288
basic_appreq,1488983,2304088079866,288
basic_appreq,1767233,2304089897307,288
basic_appreq,1405718,2304091341542,288
basic_appreq,1836167,2304093220979,288
basic_appreq,1708417,2304094976534,288
basic_appreq,1893609,2304096908950,288
basic_appreq,1751491,2304098707525,288
basic_appreq,1844983,2304100590825,288
basic_appreq,2082983,2304102717433,288
basic_appreq,1400987,2304104156726,288
basic_appreq,1602448,2304105807501,288
basic_appreq,2068913,2304107920439,288
basic_appreq,1673850,2304109632569,288
basic_appreq,1727788,2304111401693,288
basic_appreq,1899507,2304113339552,288
basic_appreq,2220291,2304115608488,288
basic_appreq,1870346,2304117517728,288
basic_appreq,1992821,2304119565422,288
basic_appreq,1331903,2304120936831,288
basic_appreq,1798633,2304122785020,288
basic_appreq,1411917,2304124235577,288
basic_appreq,1743940,2304126022611,288
basic_appreq,1609285,2304127670091,288
basic_appreq,2294581,2304130008104,288
basic_appreq,1582335,2304131632789,288
basic_appreq,1440352,2304133111441,288
basic_appreq,1763327,2304134918132,288
basic_appreq,1723841,2304136685466,288
basic_appreq,1623710,2304138359767,288
basic_appreq,1398087,2304139796795,288
basic_appreq,1610587,2304141450888,288
basic_appreq,1789399,2304143291445,288
basic_appreq,1380615,2304144710436,288
basic_appreq,1598929,2304146363509,288
basic_appreq,1752363,2304148159254,288
basic_appreq,1398816,2304149600292,288
basic_appreq,1535884,2304151180643,288
basic_appreq,1111512,2304152335071,288
basic_appreq,1362871,2304153738357,288
basic_appreq,1176103,2304154959813,288
basic_appreq,1258957,2304156262136,288
basic_appreq,1449204,2304157759532,288
basic_appreq,1366921,2304159170681,288
basic_appreq,1426349,2304160641237,288
basic_appreq,1277525,2304161963601,288
basic_appreq,1416051,2304163423334,288
basic_appreq,1520747,2304164988177,288
basic_appreq,1750373,2304166785567,288
basic_appreq,1554878,2304168376060,288
basic_appreq,1443459,2304169859968,288
basic_appreq,1853317,2304171749926,288
basic_appreq,1495540,2304173289375,288
basic_appreq,2100141,2304175435146,288
basic_appreq,1469619,2304176943333,288
basic_appreq,1753971,2304178745109,288
basic_appreq,1494788,2304180278289,288
basic_appreq,2036301,2304182357807,288
basic_appreq,1431701,2304183829249,288
basic_appreq,1544741,2304185418802,288
basic_appreq,1579592,2304187043844,288
basic_appreq,1772035,2304188859915,288
basic_appreq,1312413,2304190214581,288
basic_appreq,1794927,2304192052491,288
basic_appreq,1449796,2304193545444,288
basic_appreq,1576238,2304195161779,288
basic_appreq,1718720,2304196924638,288
basic_appreq,1484055,2304198453782,288
basic_appreq,1374176,2304199866828,288
basic_appreq,1442598,2304201352577,288
basic_appreq,1834589,2304203232295,288
basic_appreq,1604282,2304204875195,288
basic_appreq,1446858,2304206362631,288
basic_appreq,1799688,2304208206064,288
basic_appreq,1241334,2304209492725,288
basic_appreq,1767029,2304211305234,288
basic_appreq,1376061,2304212720229,288
basic_appreq,1778838,2304214545813,288
basic_appreq,1453798,2304216038165,288
basic_appreq,1905958,2304217988554,288
basic_appreq,1474204,2304219501204,288
basic_appreq,1327897,2304220868113,288
basic_appreq,1781831,2304222696875,288
basic_appreq,1392467,2304224127915,288
basic_appreq,1754720,2304225962403,288
basic_appreq,1540131,2304227540499,288
basic_appreq,1401579,2304228980093,288
basic_appreq,1764506,2304230792030,288
basic_appreq,1380079,2304232210944,288
basic_appreq,1734845,2304233991586,288
basic_appreq,1268256,2304235298022,288
basic_appreq,1618791,2304236962372,288
basic_appreq,1732188,2304238744194,288
basic_appreq,1417453,2304240199516,288
basic_appreq,1706125,2304241955511,288
basic_appreq,1424558,2304243418048,288
basic_appreq,2233501,2304245695066,288
basic_appreq,1615276,2304247357038,288
basic_appreq,1680045,2304249075269,288
basic_appreq,1783052,2304250900977,288
basic_appreq,1398509,2304252337841,288
basic_appreq,1554392,2304253940422,288
basic_appreq,1720379,2304255704267,288
basic_appreq,1653671,2304257396208,288
basic_appreq,1714071,2304259157376,288
basic_appreq,1482091,2304260679155,288
basic_appreq,1722328,2304262444363,288
basic_appreq,1196059,2304263678477,288
basic_appreq,1788331,2304265509869,288
basic_appreq,1438939,2304266994338,288
basic_appreq,1894196,2304268933350,288
basic_appreq,1266148,2304270240934,288
basic_appreq,1742149,2304272026325,288
basic_appreq,1618289,2304273685600,288
basic_appreq,1848871,2304275572639,288
basic_appreq,1944331,2304277555784,288
basic_appreq,1609448,2304279220222,288
basic_appreq,1807817,2304281070970,288
basic_appreq,1445645,2304282564451,288
basic_appreq,1662848,2304284265260,288
basic_appreq,1658813,2304285959807,288
basic_appreq,1472617,2304287471084,288
basic_appreq,1772452,2304289288328,288
basic_appreq,1383678,2304290713641,288
basic_appreq,1808446,2304292565970,288
basic_appreq,1381233,2304293987136,288
basic_appreq,1769615,2304295799876,288
basic_appreq,1341894,2304297180457,288
basic_appreq,1639617,2304298868866,288
basic_appreq,1442808,2304300350769,288
basic_appreq,1703024,2304302100252,288
basic_appreq,1785069,2304303928289,288
basic_appreq,1531630,2304305499019,288
basic_appreq,1378510,2304306919547,288
basic_appreq,1848446,2304308811217,288
basic_appreq,1356583,2304310210644,288
basic_appreq,1821578,2304312075573,288
basic_appreq,1310242,2304313430643,288
basic_appreq,1478418,2304314947551,288
basic_appreq,1702303,2304316692560,288
basic_appreq,1385766,2304318118935,288
basic_appreq,1830452,2304319996184,288
basic_appreq,1433439,2304321494972,288
basic_appreq,1466779,2304323000555,288
basic_appreq,1510990,2304324556978,288
basic_appreq,1658700,2304326262763,288
basic_appreq,1268667,2304327569188,288
basic_appreq,1843838,2304329456384,288
basic_appreq,1321866,2304330824746,288
basic_appreq,1826726,2304332695095,288
basic_appreq,1311494,2304334049998,288
basic_appreq,2005341,2304336098521,288
basic_appreq,1293595,2304337436345,288
basic_appreq,1664151,2304339143356,288
basic_appreq,2113203,2304341299235,288
basic_appreq,1589870,2304342932688,288
basic_appreq,1401679,2304344373481,288
basic_appreq,1566217,2304345991968,288
basic_appreq,1642201,2304347679201,288
basic_appreq,1520901,2304349238531,288
basic_appreq,2033239,2304351314150,288
basic_appreq,1391702,2304352743863,288
basic_appreq,1812375,2304354604856,288
basic_appreq,1420554,2304356064151,288
basic_appreq,1780662,2304357905600,288
basic_appreq,1461083,2304359405156,288
basic_appreq,1521562,2304360964980,288
basic_appreq,1600463,2304362610098,288
basic_appreq,1763902,2304364417171,288
basic_appreq,1413912,2304365870368,288
basic_appreq,1665233,2304367580452,288
basic_appreq,1601813,2304369220982,288
basic_appreq,1676420,2304370944238,288
basic_appreq,1451279,2304372434201,288
basic_appreq,1730144,2304374207388,288
basic_appreq,1422856,2304375670119,288
basic_appreq,1857427,2304377570129,288
basic_appreq,1430275,2304379041022,288
basic_appreq,1752254,2304380835998,288
basic_appreq,1731206,2304382607462,288
basic_appreq,1815139,2304384465183,288
basic_appreq,1557699,2304386063047,288
basic_appreq,1403316,2304387504715,288
basic_appreq,1874078,2304389423745,288
basic_appreq,1327590,2304390791736,288
basic_appreq,1862854,2304392696943,288
basic_appreq,1431494,2304394168895,288
basic_appreq,1322134,2304395529722,288
basic_appreq,1163285,2304396737967,288
basic_appreq,1143061,2304397941650,288
basic_appreq,1576144,2304399560885,288
basic_appreq,1733555,2304401336786,288
basic_appreq,1263568,2304402643044,288
basic_appreq,1075814,2304403764309,288
basic_appreq,1301460,2304405111319,288
basic_appreq,1658580,2304406816471,288
basic_appreq,1514602,2304408376006,288
basic_appreq,1339999,2304409763110,288
basic_appreq,1472810,2304411277036,288
basic_appreq,1794382,2304413139536,288
basic_appreq,1318385,2304414501082,288
basic_appreq,1705707,2304416243381,288
basic_appreq,1375045,2304417658934,288
basic_appreq,1509590,2304419212433,288
basic_appreq,1510783,2304420766254,288
basic_appreq,1715217,2304422526285,288
basic_appreq,1486731,2304424052088,288
basic_appreq,1738530,2304425834521,288
basic_appreq,1624137,2304427497034,288
basic_appreq,1572295,2304429108016,288
basic_appreq,1341764,2304430492035,288
basic_appreq,1556400,2304432091436,288
basic_appreq,1821287,2304433964190,288
basic_appreq,1440309,2304435442622,288
basic_appreq,1981615,2304437470602,288
basic_appreq,1629209,2304439140884,288
basic_appreq,1619863,2304440798642,288
basic_appreq,1973972,2304442819097,288
basic_appreq,1356944,2304444214788,288
basic_appreq,1716723,2304445978225,288
basic_appreq,1401422,2304447417742,288
basic_appreq,1561739,2304449022552,288
basic_appreq,1739806,2304450809526,288
basic_appreq,1353011,2304452200359,288
basic_appreq,1364627,2304453606358,288
basic_appreq,1456381,2304455105744,288
basic_appreq,1325495,2304456474486,288
basic_appreq,1331492,2304457879968,288
basic_appreq,1838596,2304459763111,288
basic_appreq,1582526,2304461384151,288
basic_appreq,1575342,2304463002908,288
basic_appreq,1420351,2304464461354,288
basic_appreq,960266,2304465466628,288
basic_appreq,1323113,2304466832745,288
basic_appreq,1441937,2304468317016,288
basic_appreq,1404770,2304469767410,288
basic_appreq,1461452,2304471274727,288
basic_appreq,1847064,2304473163627,288
basic_appreq,1559727,2304474764451,288
basic_appreq,1497853,2304476300507,288
basic_appreq,1303242,2304477643084,288
basic_appreq,1607372,2304479286870,288
basic_appreq,1516475,2304480844981,288
basic_appreq,1892430,2304482787631,288
basic_appreq,1390896,2304484217160,288
basic_appreq,1004713,2304485267400,288
basic_appreq,1246343,2304486557419,288
basic_appreq,1204005,2304487804577,288
basic_appreq,1370807,2304489213107,288
basic_appreq,1838632,2304491097994,288
basic_appreq,1570226,2304492707105,288
basic_appreq,1636360,2304494384978,288
basic_appreq,1569585,2304495992915,288
basic_appreq,1715518,2304497777644,288
basic_appreq,1432300,2304499248574,288
basic_appreq,1587282,2304500874131,288
basic_appreq,1619245,2304502536784,288
basic_appreq,1519080,2304504094728,288
basic_appreq,1375930,2304505513946,288
basic_appreq,1561415,2304507119658,288
basic_appreq,1601587,2304508766767,288
basic_appreq,1915869,2304510731230,288
basic_appreq,1462734,2304512232233,288
basic_appreq,1741948,2304514025362,288
basic_appreq,1395754,2304515459402,288
basic_appreq,1716784,2304517219863,288
basic_appreq,1424036,2304518684474,288
basic_appreq,1501952,2304520229609,288
basic_appreq,1558210,2304521831325,288
basic_appreq,1577567,2304523452351,288
basic_appreq,1542011,2304525037644,288
basic_appreq,1467846,2304526557535,288
basic_appreq,1579438,2304528180629,288
basic_appreq,958698,2304529190538,288
basic_appreq,1305945,2304530539897,288
basic_appreq,1169942,2304531754086,288
basic_appreq,1135085,2304532932145,288
basic_appreq,1452880,2304534430016,288
basic_appreq,1613320,2304536079287,288
basic_appreq,1393415,2304537510796,288
basic_appreq,1312315,2304538863649,288
basic_appreq,816860,2304539715031,288
basic_appreq,1204082,2304540953091,288
basic_appreq,1215703,2304542205824,288
basic_appreq,1420975,2304543661553,288
basic_appreq,1559678,2304545256834,288
basic_appreq,1246158,2304546539698,288
basic_appreq,1134301,2304547708154,288
basic_appreq,1375205,2304549119353,288
basic_appreq,1494724,2304550654718,288
basic_appreq,912205,2304551602694,288
basic_appreq,959924,2304552605274,288
basic_appreq,1191346,2304553832501,288
basic_appreq,1963517,2304555840847,288
basic_appreq,1550888,2304557426521,288
basic_appreq,1510442,2304558995522,288
basic_appreq,1535636,2304560569284,288
basic_appreq,1518043,2304562130218,288
basic_appreq,1379235,2304563548273,288
basic_appreq,1806508,2304565399442,288
basic_appreq,1648185,2304567090250,288
basic_appreq,1430767,2304568560140,288
basic_appreq,1806464,2304570419470,288
basic_appreq,1325064,2304571782475,288
basic_appreq,1298580,2304573123882,288
basic_appreq,1835294,2304575005568,288
basic_appreq,1414871,2304576458765,288
basic_appreq,1727618,2304578235133,288
basic_appreq,1379295,2304579652427,288
basic_appreq,1828043,2304581523263,288
basic_appreq,1235964,2304582800221,288
basic_appreq,1737153,2304584580279,288
basic_appreq,1542539,2304586165287,288
basic_appreq,1772663,2304587981157,288
basic_appreq,1629647,2304589673960,288
basic_appreq,1559467,2304591280178,288
basic_appreq,1607928,2304592926468,288
basic_appreq,1393052,2304594388940,288
basic_appreq,1553235,2304595985170,288
basic_appreq,1576835,2304597635109,288
basic_appreq,1647122,2304599327946,288
basic_appreq,1594676,2304600965589,288
basic_appreq,1523801,2304602536604,288
basic_appreq,2023452,2304604603167,288
basic_appreq,1364602,2304606008088,288
basic_appreq,1766739,2304607817479,288
basic_appreq,1541835,2304609397769,288
basic_appreq,1719199,2304611172254,288
basic_appreq,1322017,2304612535777,288
basic_appreq,2020255,2304614600416,288
basic_appreq,1588384,2304616226908,288
basic_appreq,1604893,2304617880423,288
basic_appreq,1862406,2304619787247,288
basic_appreq,1542971,2304621369018,288
basic_appreq,1354325,2304622768381,288
basic_appreq,969160,2304623781250,288
basic_appreq,1334577,2304625161538,288
basic_appreq,1370711,2304626577554,288
basic_appreq,1156129,2304627776841,288
basic_appreq,1549012,2304629364580,288
basic_appreq,1625838,2304631031200,288
basic_appreq,1605622,2304632675184,288
basic_appreq,1568849,2304634285264,288
basic_appreq,1653886,2304635978130,288
basic_appreq,1566598,2304637612275,288
basic_appreq,1627608,2304639284047,288
basic_appreq,1685796,2304641007975,288
basic_appreq,1585353,2304642639854,288
basic_appreq,1599931,2304644279535,288
basic_appreq,1515086,2304645835109,288
basic_appreq,1532115,2304647406966,288
basic_appreq,1404172,2304648848802,288
basic_appreq,1718194,2304650615316,288
basic_appreq,1383090,2304652038905,288
basic_appreq,1960240,2304654048588,288
basic_appreq,2037169,2304656124296,288
basic_appreq,1336863,2304657503645,288
basic_appreq,923332,2304658470516,288
basic_appreq,1259762,2304659773764,288
basic_appreq,1290738,2304661107836,288
basic_appreq,1562364,2304662710013,288
basic_appreq,2176944,2304664925199,288
basic_appreq,2167754,2304667140877,288
basic_appreq,5216603,2304672395467,288
basic_appreq,1693688,2304674129397,288
basic_appreq,1560653,2304675728025,288
basic_appreq,1583067,2304677348851,288
basic_appreq,1560108,2304678951055,288
basic_appreq,1346181,2304680335549,288
basic_appreq,1736562,2304682121052,288
basic_appreq,1358598,2304683518200,288
basic_appreq,1873650,2304685435977,288
basic_appreq,1415917,2304686896355,288
basic_appreq,1650421,2304688589649,288
basic_appreq,1197171,2304689835041,288
basic_appreq,1730982,2304691609905,288
basic_appreq,1697822,2304693346357,288
basic_appreq,2089208,2304695490067,288
basic_appreq,1324061,2304696852882,288
basic_appreq,1796811,2304698704579,288
basic_appreq,1402461,2304700145282,288
basic_appreq,1542112,2304701730234,288
basic_appreq,1684636,2304703459219,288
basic_appreq,1299087,2304704798700,288
basic_appreq,1599932,2304706441432,288
basic_appreq,1490236,2304707976036,288
basic_appreq,1537357,2304709587081,288
basic_appreq,1449545,2304711082066,288
basic_appreq,1692102,2304712818270,288
basic_appreq,1486581,2304714357532,288
basic_appreq,1541153,2304715942224,288
basic_appreq,1126326,2304717111273,288
basic_appreq,1295332,2304718452560,288
basic_appreq,1686157,2304720182268,288
basic_appreq,1532418,2304721763080,288
basic_appreq,1424948,2304723230999,288
basic_appreq,1312236,2304724586921,288
basic_appreq,1557910,2304726191321,288
basic_appreq,1827268,2304728061192,288
basic_appreq,1492635,2304729596684,288
basic_appreq,1547439,2304731200111,288
basic_appreq,1398776,2304732637109,288
basic_appreq,1749573,2304734435356,288
basic_appreq,1440664,2304735914315,288
basic_appreq,1805822,2304737763493,288
basic_appreq,1589349,2304739397798,288
basic_appreq,1472119,2304740909403,288
basic_appreq,1774387,2304742736735,288
basic_appreq,1387705,2304744164517,288
basic_appreq,1726982,2304745939856,288
basic_appreq,1370781,2304747348806,288
basic_appreq,1757716,2304749150235,288
basic_appreq,1463408,2304750656076,288
basic_appreq,1817307,2304752516216,288
basic_appreq,1302846,2304753859905,288
basic_appreq,1805599,2304755709013,288
basic_appreq,1437924,2304757184571,288
basic_appreq,1765452,2304759011184,288
basic_appreq,1540892,2304760591107,288
basic_appreq,1409073,2304762042042,288
basic_appreq,1669714,2304763756547,288
basic_appreq,1416532,2304765209296,288
basic_appreq,1649623,2304766905618,288
basic_appreq,1624511,2304768568121,288
basic_appreq,1368676,2304769986908,288
basic_appreq,1595121,2304771628868,288
basic_appreq,1058379,2304772730060,288
basic_appreq,1193723,2304773971910,288
basic_appreq,1209929,2304775225267,288
basic_appreq,1678877,2304776942542,288
basic_appreq,1524813,2304778509257,288
basic_appreq,1341246,2304779889039,288
basic_appreq,1511625,2304781443472,288
basic_appreq,1381430,2304782871481,288
basic_appreq,1297280,2304784211925,288
basic_appreq,1053334,2304785305823,288
basic_appreq,1912219,2304787271336,288
basic_appreq,1566700,2304788872714,288
basic_appreq,1242438,2304790154238,288
basic_appreq,1614153,2304791802922,288
basic_appreq,1491834,2304793338077,288
basic_appreq,1550900,2304794936461,288
basic_appreq,1618263,2304796597972,288
basic_appreq,1646184,2304798291443,288
basic_appreq,1493752,2304799827885,288
basic_appreq,1454015,2304801319431,288
basic_appreq,1196290,2304802570329,288
basic_appreq,1035835,2304803651312,288
basic_appreq,1526244,2304805221830,288
basic_appreq,1373714,2304806645459,288
basic_appreq,1612890,2304808298807,288
basic_appreq,1418945,2304809767006,288
basic_appreq,1335012,2304811146384,288
basic_appreq,1130294,2304812310998,288
basic_appreq,1483734,2304813836627,288
basic_appreq,1316830,2304815190098,288
basic_appreq,1549724,2304816782636,288
basic_appreq,1530925,2304818360133,288
basic_appreq,1780240,2304820187424,288
basic_appreq,1721623,2304821947580,288
basic_appreq,1522397,2304823513359,288
basic_appreq,1751555,2304825309508,288
basic_appreq,1536368,2304826888984,288
basic_appreq,1368813,2304828297487,288
basic_appreq,1109202,2304829454380,288
basic_appreq,1273629,2304830770817,288
basic_appreq,968090,2304831781985,288
basic_appreq,1510081,2304833330121,288
basic_appreq,1580902,2304834956387,288
basic_appreq,1540906,2304836535241,288
basic_appreq,1546890,2304838120193,288
basic_appreq,1513542,2304839672022,288
basic_appreq,1550201,2304841260292,288
basic_appreq,1644336,2304842945574,288
basic_appreq,1541327,2304844525399,288
basic_appreq,1212549,2304845781961,288
basic_appreq,1735359,2304847559920,288
basic_appreq,1498443,2304849098136,288
basic_appreq,1735790,2304850883943,288
basic_appreq,1554889,2304852479004,288
basic_appreq,1737742,2304854260648,288
basic_appreq,1847280,2304856150738,288
basic_appreq,1530915,2304857724587,288
basic_appreq,1448625,2304859215963,288
basic_appreq,1736007,2304860996237,288
basic_appreq,1312590,2304862348840,288
basic_appreq,1065837,2304863457333,288
basic_appreq,1421574,2304864917036,288
basic_appreq,1564586,2304866528345,288
basic_appreq,1815516,2304868388212,288
basic_appreq,1625316,2304870052048,288
basic_appreq,1468102,2304871558761,288
basic_appreq,1670075,2304873271820,288
basic_appreq,1453213,2304874770226,288
basic_appreq,1577010,2304876389762,288
basic_appreq,1265513,2304877700000,288
basic_appreq,1574096,2304879319893,288
basic_appreq,1614764,2304880977732,288
basic_appreq,1502069,2304882526610,288
basic_appreq,977099,2304883547041,288
basic_appreq,1349420,2304884939882,288
basic_appreq,1420578,2304886418830,288
basic_appreq,1599534,2304888062639,288
basic_appreq,1340194,2304889444964,288
basic_appreq,1453674,2304890937954,288
basic_appreq,1435708,2304892427829,288
basic_appreq,1384706,2304893861327,288
basic_appreq,962064,2304894861861,288
basic_appreq,1475127,2304896380229,288
basic_appreq,1065944,2304897494797,288
basic_appreq,1319470,2304898858266,288
basic_appreq,1345727,2304900242989,288
basic_appreq,1098223,2304901386136,288
basic_appreq,1525322,2304902945814,288
basic_appreq,1734974,2304904720006,288
basic_appreq,1540497,2304906302392,288
basic_appreq,1570551,2304907910233,288
basic_appreq,1409299,2304909356166,288
basic_appreq,1501530,2304910901840,288
basic_appreq,1645338,2304912585558,288
basic_appreq,1776245,2304914409525,288
basic_appreq,1631098,2304916078787,288
basic_appreq,1447480,2304917568780,288
basic_appreq,1191935,2304918804554,288
basic_appreq,1372411,2304920215506,288
basic_appreq,1380468,2304921640695,288
basic_appreq,1508310,2304923191882,288
basic_appreq,1652212,2304924886790,288
basic_appreq,1508163,2304926444737,288
basic_appreq,1680463,2304928168966,288
basic_appreq,1525258,2304929752602,288
basic_appreq,1544625,2304931340869,288
basic_appreq,1583134,2304932967585,288
basic_appreq,1612079,2304934626583,288
basic_appreq,1467151,2304936134188,288
basic_appreq,1505758,2304937695489,288
basic_appreq,1532499,2304939272316,288
basic_appreq,1745480,2304941060640,288
basic_appreq,1455102,2304942556493,288
basic_appreq,1373822,2304943968945,288
basic_appreq,1557980,2304945596392,288
basic_appreq,1576956,2304947221458,288
basic_appreq,1590007,2304948854640,288
basic_appreq,1529428,2304950436027,288
basic_appreq,1889495,2304952368042,288
basic_appreq,1577171,2304953991721,288
basic_appreq,1484597,2304955522101,288
basic_appreq,1007111,2304956571608,288
basic_appreq,1324413,2304957942242,288
basic_appreq,1052472,2304959037685,288
basic_appreq,1429212,2304960504608,288
basic_appreq,1493454,2304962042797,288
basic_appreq,1606337,2304963686769,288
basic_appreq,1836443,2304965562404,288
basic_appreq,1808305,2304967413950,288
basic_appreq,1553350,2304969005819,288
basic_appreq,1572920,2304970617265,288
basic_appreq,1335853,2304971991325,288
basic_appreq,1695776,2304973762878,288
basic_appreq,1417498,2304975220889,288
basic_appreq,1572686,2304976839366,288
basic_appreq,1432296,2304978318242,288
basic_appreq,1551624,2304979917552,288
basic_appreq,1434104,2304981395011,288
basic_appreq,1618994,2304983087991,288
basic_appreq,1558806,2304984690135,288
basic_appreq,1481452,2304986217612,288
basic_appreq,1370710,2304987631336,288
basic_appreq,1003995,2304988703585,288
basic_appreq,1361980,2304990112399,288
basic_appreq,1182376,2304991337380,288
basic_appreq,1337123,2304992712184,288
basic_appreq,1523955,2304994276707,288
basic_appreq,1585955,2304995900132,288
basic_appreq,1248943,2304997187776,288
basic_appreq,1002390,2304998234740,288
basic_appreq,1389813,2304999662853,288
basic_appreq,1248483,2305000954723,288
basic_appreq,1541481,2305002536308,288
basic_appreq,1646558,2305004219801,288
basic_appreq,1551473,2305005821464,288
basic_appreq,1401991,2305007262199,288
basic_appreq,1394850,2305008693952,288
basic_appreq,1777694,2305010521127,288
basic_appreq,1426326,2305011985527,288
basic_appreq,1550672,2305013601334,288
basic_appreq,1590696,2305015237219,288
basic_appreq,1804276,2305017084161,288
basic_appreq,1745967,2305018878490,288
basic_appreq,1768212,2305020689595,288
basic_appreq,2144040,2305022884436,288
basic_appreq,1916570,2305024846282,288
basic_appreq,1665928,2305026563484,288
basic_appreq,1615677,2305028223828,288
basic_appreq,1600640,2305029873380,288
basic_appreq,1857986,2305031775773,288
basic_appreq,1550382,2305033363686,288
basic_appreq,1518799,2305034929465,288
basic_appreq,1496789,2305036469786,288
basic_appreq,1507986,2305038025227,288
basic_appreq,2081062,2305040148945,288
basic_appreq,2115882,2305042317805,288
basic_appreq,1564369,2305043925921,288
basic_appreq,1594318,2305045563456,288
basic_appreq,1686176,2305047295197,288
basic_appreq,1308003,2305048641312,288
basic_appreq,1670318,2305050361394,288
basic_appreq,1896550,2305052297398,288
basic_appreq,2079842,2305054423809,288
basic_appreq,2344896,2305056811452,288
basic_appreq,2058063,2305058932855,288
basic_appreq,2128703,2305061099684,288
basic_appreq,1956985,2305063100809,288
basic_appreq,2278773,2305065422612,288
basic_appreq,1923224,2305067391289,288
basic_appreq,2087891,2305069522218,288
basic_appreq,2166247,2305071738851,288
basic_appreq,1970081,2305073747838,288
basic_appreq,2376991,2305076179856,288
basic_appreq,1941063,2305078159933,288
basic_appreq,2142026,2305080346553,288
basic_appreq,1474672,2305081879061,288
basic_appreq,2057748,2305083980499,288
basic_appreq,2113854,2305086161319,288
basic_appreq,1839809,2305088046690,288
basic_appreq,1977752,2305090066113,288
basic_appreq,1973472,2305092077744,288
basic_appreq,1739199,2305093863147,288
basic_appreq,1827935,2305095729847,288
basic_appreq,1732084,2305097500591,288
basic_appreq,2351794,2305099903090,288
basic_appreq,1578860,2305101521824,288
basic_appreq,1389746,2305102950181,288
basic_appreq,2404136,2305105399326,288
basic_appreq,1875561,2305107320321,288
basic_appreq,2316026,2305109681369,288
basic_appreq,1905381,2305111634445,288
basic_appreq,2340506,2305114017654,288
basic_appreq,1856349,2305115918259,288
basic_appreq,1917223,2305117878359,288
basic_appreq,1791518,2305119708694,288
basic_appreq,1236653,2305120986045,288
basic_appreq,1945219,2305122982259,288
basic_appreq,1211800,2305124232499,288
basic_appreq,1557209,2305125828283,288
basic_appreq,1568041,2305127439399,288
basic_appreq,1578884,2305129063189,288
basic_appreq,1482408,2305130596275,288
basic_appreq,1441342,2305132081573,288
basic_appreq,1821918,2305133950080,288
basic_appreq,1871939,2305135866376,288
basic_appreq,1873989,2305137781261,288
basic_appreq,1517680,2305139342089,288
basic_appreq,1622296,2305141005329,288
basic_appreq,1521873,2305142574898,288
basic_appreq,983475,2305143601867,288
basic_appreq,1365060,2305145010196,288
basic_appreq,1225189,2305146284326,288
basic_appreq,1135799,2305147458261,288
basic_appreq,1490059,2305148987525,288
basic_appreq,2051240,2305151080462,288
basic_appreq,1527630,2305152648911,288
basic_appreq,1518504,2305154205785,288
basic_appreq,1834716,2305156078743,288
basic_appreq,1764583,2305157884934,288
basic_appreq,1571443,2305159494482,288
basic_appreq,1440940,2305160973806,288
basic_appreq,2212673,2305163238595,288
basic_appreq,1394987,2305164672572,288
basic_appreq,1544133,2305166266119,288
basic_appreq,1559303,2305167894910,288
basic_appreq,1435724,2305169373893,288
basic_appreq,1922725,2305171344157,288
basic_appreq,1874054,2305173262007,288
basic_appreq,1495523,2305174808924,288
basic_appreq,1652499,2305176504584,288
basic_appreq,1536515,2305178089436,288
basic_appreq,1716230,2305179849123,288
basic_appreq,1336083,2305181223704,288
basic_appreq,1251610,2305182526343,288
basic_appreq,1905838,2305184477377,288
basic_appreq,1584491,2305186105146,288
basic_appreq,1474071,2305187618632,288
basic_appreq,1358858,2305189017461,288
basic_appreq,1068066,2305190140954,288
basic_appreq,1412716,2305191596918,288
basic_appreq,1141029,2305192782728,288
basic_appreq,1318992,2305194144741,288
basic_appreq,1228935,2305195418708,288
basic_appreq,1151073,2305196612582,288
basic_appreq,1607065,2305198259610,288
basic_appreq,1424217,2305199721977,288
basic_appreq,1608954,2305201367181,288
basic_appreq,1581283,2305202988481,288
basic_appreq,1286875,2305204331806,288
basic_appreq,1587806,2305205966486,288
basic_appreq,1431336,2305207441327,288
basic_appreq,1502970,2305208987422,288
basic_appreq,1283724,2305210319619,288
basic_appreq,1857571,2305212246174,288
basic_appreq,1660922,2305213948995,288
basic_appreq,1323357,2305215310507,288
basic_appreq,1835123,2305217192421,288
basic_appreq,1411179,2305218644906,288
basic_appreq,1748768,2305220436801,288
basic_appreq,1341764,2305221821375,288
basic_appreq,960468,2305222826268,288
basic_appreq,1258881,2305224128483,288
basic_appreq,1198247,2305225376063,288
basic_appreq,1590769,2305227006001,288
basic_appreq,1587992,2305228632657,288
basic_appreq,1593840,2305230271847,288
basic_appreq,1502586,2305231812679,288
basic_appreq,1348517,2305233200244,288
basic_appreq,1581885,2305234829824,288
basic_appreq,1417239,2305236309879,288
basic_appreq,1584224,2305237937558,288
basic_appreq,1505583,2305239485795,288
basic_appreq,1471193,2305240999836,288
basic_appreq,1318461,2305242363356,288
basic_appreq,1327592,2305243735457,288
basic_appreq,1916725,2305245716340,288
basic_appreq,1587214,2305247341572,288
basic_appreq,1313384,2305248691454,288
basic_appreq,1489860,2305250219347,288
basic_appreq,1711768,2305251975923,288
basic_appreq,994257,2305253040011,288
basic_appreq,1349316,2305254433356,288
basic_appreq,1372405,2305255849974,288
basic_appreq,1249297,2305257142379,288
basic_appreq,1528619,2305258715292,288
basic_appreq,1521168,2305260275160,288
basic_appreq,1454607,2305261773002,288
basic_appreq,1492870,2305263304267,288
basic_appreq,1596497,2305264943438,288
basic_appreq,1574306,2305266562419,288
basic_appreq,1631518,2305268237208,288
basic_appreq,1741410,2305270022438,288
basic_appreq,1486207,2305271552053,288
basic_appreq,1580294,2305273175895,288
basic_appreq,1579232,2305274802959,288
basic_appreq,1730113,2305276577350,288
basic_appreq,1493341,2305278119723,288
basic_appreq,2042328,2305280205311,288
basic_appreq,1730171,2305281990367,288
basic_appreq,1360161,2305283388999,288
basic_appreq,1978543,2305285410163,288
basic_appreq,1359617,2305286814799,288
basic_appreq,2048914,2305288907853,288
basic_appreq,1546616,2305290497333,288
basic_appreq,1770120,2305292311208,288
basic_appreq,1263778,2305293619478,288
basic_appreq,1785938,2305295448503,288
basic_appreq,1504992,2305296992817,288
basic_appreq,989821,2305298035027,288
basic_appreq,1397690,2305299475647,288
basic_appreq,1450002,2305300969074,288
basic_appreq,1424982,2305302442888,288
basic_appreq,1501537,2305303988244,288
basic_appreq,1558103,2305305616826,288
basic_appreq,1422566,2305307086606,288
basic_appreq,1087764,2305308218683,288
basic_appreq,1486303,2305309743039,288
basic_appreq,1392931,2305311172158,288
basic_appreq,2096239,2305313311818,288
basic_appreq,1308618,2305314660004,288
basic_appreq,1742681,2305316445382,288
basic_appreq,1597810,2305318079759,288
basic_appreq,1488513,2305319607353,288
basic_appreq,1815827,2305321466341,288
basic_appreq,1434492,2305322946206,288
basic_appreq,1377601,2305324364214,288
basic_appreq,1640333,2305326058053,288
basic_appreq,1278401,2305327375585,288
basic_appreq,1743615,2305329162228,288
basic_appreq,1546619,2305330749529,288
basic_appreq,1874753,2305332667149,288
basic_appreq,1924303,2305334629317,288
basic_appreq,1939703,2305336613441,288
basic_appreq,2042496,2305338699307,288
basic_appreq,2032962,2305340772473,288
basic_appreq,2041789,2305342869262,288
basic_appreq,2295152,2305345208217,288
basic_appreq,1917891,2305347170345,288
basic_appreq,1347805,2305348556670,288
basic_appreq,1799711,2305350401644,288
basic_appreq,2309895,2305352754924,288
basic_appreq,1672775,2305354473185,288
basic_appreq,2033076,2305356549101,288
basic_appreq,1949136,2305358543369,288
basic_appreq,1812836,2305360399364,288
basic_appreq,1491603,2305361937871,288
basic_appreq,1546640,2305363528429,288
basic_appreq,1892356,2305365464370,288
basic_appreq,2156892,2305367673535,288
basic_appreq,1587074,2305369304538,288
basic_appreq,1444486,2305370792570,288
basic_appreq,1511304,2305372347325,288
basic_appreq,1463298,2305373863615,288
basic_appreq,1472244,2305375379176,288
basic_appreq,1544408,2305376968064,288
basic_appreq,2080557,2305379095498,288
basic_appreq,2350203,2305381488537,288
basic_appreq,1366670,2305382895519,288
basic_appreq,1961819,2305384900801,288
basic_appreq,1450680,2305386389491,288
basic_appreq,1636815,2305388065573,288
basic_appreq,2229888,2305390350889,288
basic_appreq,2064291,2305392457342,288
basic_appreq,2116123,2305394629474,288
basic_appreq,2001075,2305396669098,288
basic_appreq,2021525,2305398751500,288
basic_appreq,1380511,2305400170090,288
basic_appreq,1742152,2305401963108,288
basic_appreq,1711923,2305403713481,288
basic_appreq,1548218,2305405306987,288
basic_appreq,2002578,2305407362323,288
basic_appreq,1698213,2305409098902,288
basic_appreq,1820876,2305410968542,288
basic_appreq,1710095,2305412726947,288
basic_appreq,1542630,2305414326308,288
basic_appreq,1476878,2305415841564,288
basic_appreq,1394866,2305417274817,288
basic_appreq,1515875,2305418837936,288
basic_appreq,1642661,2305420525131,288
basic_appreq,933748,2305421505195,288
basic_appreq,1404542,2305422953249,288
basic_appreq,993850,2305423990286,288
basic_appreq,1242614,2305425301233,288
basic_appreq,1315651,2305426654889,288
basic_appreq,1648068,2305428349222,288
basic_appreq,1470577,2305429866744,288
basic_appreq,1822454,2305431729949,288
basic_appreq,1538349,2305433313852,288
basic_appreq,1636115,2305434995559,288
basic_appreq,1446717,2305436483356,288
basic_appreq,1703489,2305438236033,288
basic_appreq,1513169,2305439787484,288
basic_appreq,1750001,2305441575949,288
basic_appreq,1591909,2305443210120,288
basic_appreq,1351277,2305444600014,288
basic_appreq,1608744,2305446252834,288
basic_appreq,1962064,2305448259004,288
basic_appreq,1350583,2305449650556,288
basic_appreq,1468547,2305451162321,288
basic_appreq,1791244,2305452997100,288
basic_appreq,1495984,2305454537782,288
basic_appreq,1359107,2305455935277,288
basic_appreq,1848532,2305457826430,288
basic_appreq,1535489,2305459404783,288
basic_appreq,1312864,2305460756428,288
basic_appreq,1719340,2305462524960,288
basic_appreq,1267294,2305463831553,288
basic_appreq,1409197,2305465284763,288
basic_appreq,1703261,2305467031774,288
basic_appreq,1362104,2305468433275,288
basic_appreq,1379402,2305469859708,288
basic_appreq,1068170,2305470997539,288
basic_appreq,1347852,2305472388553,288
basic_appreq,1269021,2305473705172,288
basic_appreq,1220225,2305474968854,288
basic_appreq,1233592,2305476246206,288
basic_appreq,886387,2305477173645,288
basic_appreq,879427,2305478090205,288
basic_appreq,861173,2305478988029,288
basic_appreq,931265,2305479962358,288
basic_appreq,978518,2305481000200,288
basic_appreq,858291,2305481903117,288
basic_appreq,815859,2305482761763,288
basic_appreq,730837,2305483535376,288
basic_appreq,725694,2305484303811,288
basic_appreq,698340,2305485046701,288
#end,11,1357,288
