869175460.929894,1.571194
869175462.5562509,1.497196
869175464.186898,1.564583
869175465.8303549,1.574672
869175467.3830199,1.49021
869175468.983236,1.5342369999999999
869175470.566613,1.517724
869175472.1646249,1.5353999999999999
869175473.764695,1.534257
869175475.342835,1.5124170000000001
869175476.898407,1.48427
869175478.616984,1.65344
869175480.161001,1.481878
869175481.4994061,1.288668
869175483.087529,1.525578
869175484.615096,1.4514770000000001
869175486.190942,1.510636
869175487.780698,1.540351
869175489.309307,1.48157
869175490.91713,1.542131
869175492.4255581,1.4462629999999999
869175493.944098,1.452186
869175495.527039,1.520455
869175497.100621,1.510898
869175498.654211,1.4948610000000002
869175500.217722,1.507377
869175501.730569,1.446936
869175503.340223,1.558415
869175504.855947,1.4529429999999999
869175506.4807609,1.5583179999999999
869175508.107368,1.555796
869175509.508982,1.3253169999999999
869175511.0156751,1.444127
869175512.5432271,1.461558
869175514.114877,1.5056559999999999
869175515.735757,1.5581880000000001
869175517.367772,1.5615139999999998
869175518.933958,1.500879
869175520.555313,1.558837
869175522.112575,1.5031999999999999
869175523.556642,1.34742
869175525.18138,1.561932
869175526.67346,1.426091
869175528.5982469,1.862532
869175530.4097351,1.745384
869175532.2418331,1.760868
869175534.088206,1.792314
869175535.967798,1.8168
869175537.674817,1.617531
869175539.218928,1.478167
869175540.780298,1.498835
869175542.412604,1.5666630000000001
869175543.8658129,1.390408
869175545.396953,1.468961
869175546.9539839,1.492
869175548.439777,1.423644
869175550.0320361,1.538697
869175551.646941,1.5524799999999999
869175553.216469,1.518457
869175554.82892,1.558902
869175556.24372,1.363577
869175557.849464,1.540186
869175559.347728,1.432932
869175560.948711,1.538297
869175562.57991,1.554282
869175564.233455,1.576072
869175565.736795,1.424381
869175567.295114,1.495161
869175568.917998,1.549215
869175570.458715,1.474759
869175572.066144,1.545253
869175573.587646,1.455078
869175575.25749,1.595932
869175576.781819,1.4683840000000001
869175578.36922,1.521698
869175579.940966,1.497876
869175581.561098,1.534453
869175583.193579,1.5668380000000002
869175584.720254,1.457428
869175586.2649109,1.478928
869175587.89448,1.566839
869175589.540784,1.583828
869175591.013636,1.407848
869175592.555524,1.494791
869175594.196139,1.574812
869175595.790361,1.531692
869175597.423534,1.570833
869175598.981378,1.481231
869175600.642193,1.604376
869175602.6079711,1.900375
869175604.282676,1.611518
869175605.979652,1.631339
869175607.599965,1.557933
869175609.260582,1.597499
869175610.84273,1.516215
869175612.3667289,1.4613930000000002
869175613.9644201,1.5321779999999998
869175615.4714891,1.4446890000000001
869175616.965378,1.4467830000000002
869175618.4214829,1.406294
869175619.9766511,1.493158
869175621.375756,1.331293
869175622.907138,1.451846
869175624.447029,1.4773150000000002
869175625.947678,1.424244
869175627.542472,1.52098
869175629.095854,1.491007
869175630.688036,1.526499
869175632.204006,1.453349
869175633.759052,1.4891780000000001
869175635.150798,1.329289
869175636.70635,1.504638
869175638.30839,1.536052
869175639.866719,1.496049
869175641.436259,1.479891
869175643.0312129,1.529511
869175644.619411,1.516911
869175646.213583,1.5284090000000001
869175647.8027489,1.5265700000000002
869175649.41809,1.561336
869175650.7925819,1.308721
869175652.739328,1.8950779999999998
869175654.624737,1.819629
869175656.405362,1.7290560000000001
869175658.033296,1.568874
869175659.407105,1.31767
869175660.9638801,1.4935479999999999
869175662.539233,1.4980639999999998
869175664.143924,1.542095
869175665.680432,1.454381
869175667.3055811,1.5629190000000002
869175668.787935,1.419816
869175670.2113171,1.369518
869175671.73684,1.4631850000000002
869175673.240145,1.451915
869175674.606562,1.300546
869175676.097943,1.4405659999999998
869175677.5660731,1.413807
869175678.987663,1.359589
869175680.404422,1.364766
869175681.879302,1.401991
869175683.260208,1.31883
869175684.668697,1.357082
869175685.983241,1.249254
869175687.425361,1.390678
869175688.743785,1.2451789999999998
869175690.201866,1.403959
869175691.564181,1.299676
869175693.016711,1.4011040000000001
869175694.502892,1.4198959999999998
869175695.8053399,1.23085
869175697.2359949,1.379546
869175698.639804,1.338467
869175700.124155,1.42181
869175701.446071,1.256186
869175702.853765,1.356351
869175704.2101899,1.305042
869175705.7133,1.4376120000000001
869175707.2575029,1.481935
869175708.580171,1.271327
869175710.073059,1.4269910000000001
869175711.41867,1.293872
869175712.892788,1.4116549999999999
869175714.1748381,1.2280900000000001
869175715.6471139,1.3859670000000002
869175717.028904,1.330519
869175718.36909,1.274542
869175719.773617,1.342248
869175721.226608,1.401122
869175722.6460991,1.3541969999999999
869175723.913269,1.2156829999999998
869175725.382247,1.406422
869175726.6789141,1.242903
869175728.134564,1.3828880000000001
869175729.601429,1.4011920000000002
869175730.885344,1.2140980000000001
869175732.3490269,1.401027
869175733.6150299,1.189224
869175735.0518,1.3893119999999999
869175736.518915,1.40446
869175737.781126,1.2125650000000001
869175738.9632839,1.135149
869175740.233567,1.2229160000000001
869175741.686289,1.380146
869175743.015419,1.266379
869175744.47154,1.386153
869175745.803852,1.2567789999999999
869175747.279059,1.413046
869175748.610433,1.2800369999999999
869175749.896527,1.220672
869175751.3371639,1.3784139999999998
869175752.611915,1.223635
869175753.850376,1.164191
869175755.261434,1.359732
869175756.742443,1.4187239999999999
869175758.206136,1.392337
869175759.69155,1.423054
869175761.023963,1.285212
869175762.4610499,1.3715920000000001
869175763.780226,1.2720369999999999
869175765.259686,1.410277
869175766.605233,1.280731
869175767.993431,1.340819
869175769.500561,1.4101789999999998
869175771.002589,1.4397870000000002
869175772.475463,1.416386
869175773.890658,1.355861
869175775.3899239,1.4369260000000001
869175776.8917309,1.4392610000000001
869175778.6805559,1.7228059999999998
869175780.404325,1.661148
869175781.899928,1.436449
869175783.4285029,1.466054
869175784.955183,1.4637140000000002
869175786.383732,1.362954
869175787.633359,1.2020030000000002
869175789.12184,1.42591
869175790.6410811,1.453519
869175791.9656891,1.2774480000000001
869175793.506459,1.4748
869175795.066056,1.4942600000000001
869175796.603292,1.474862
869175798.093135,1.4360300000000001
869175799.608759,1.452688
869175801.131682,1.460316
869175802.659923,1.4742659999999999
869175803.971748,1.2487279999999998
869175805.4616821,1.3767580000000001
869175806.991234,1.446839
869175808.542216,1.488186
869175809.986459,1.377917
869175811.561318,1.523507
869175812.9499589,1.3372270000000002
869175814.489133,1.473206
869175815.8427501,1.2909410000000001
869175817.237238,1.3245559999999998
869175818.735005,1.443777
869175820.3105791,1.508222
869175821.907056,1.531005
869175823.517581,1.547919
869175825.158592,1.5784200000000002
869175826.734025,1.50961
869175828.36784,1.56935
869175829.956745,1.5228220000000001
869175831.5207039,1.500925
869175833.014709,1.442677
869175834.578821,1.5099779999999998
869175836.132225,1.502054
869175837.680234,1.482056
869175839.302191,1.547468
869175840.953972,1.588935
869175842.5357901,1.516125
869175844.149829,1.551799
869175845.8160989,1.600387
869175847.305427,1.426529
869175848.931024,1.5695270000000001
869175850.564215,1.57405
869175852.500349,1.8714719999999998
869175854.195395,1.643729
869175855.7394,1.4808729999999999
869175857.383955,1.5818640000000002
869175858.985189,1.535877
869175860.535424,1.487488
869175862.151547,1.55031
869175863.789345,1.575321
869175865.318506,1.4818850000000001
869175866.8281951,1.444124
869175868.109448,1.234183
869175869.410105,1.251481
869175870.91817,1.460916
869175872.2199711,1.229627
869175873.702764,1.432736
869175875.1030799,1.337599
869175876.565871,1.3996989999999998
869175877.9541689,1.322557
869175879.45791,1.447201
869175880.850041,1.3296359999999998
869175882.436265,1.5196090000000002
869175884.0383711,1.53937
869175885.587892,1.481665
869175886.952366,1.316662
869175888.334529,1.308093
869175889.742357,1.3417940000000002
869175891.245411,1.440665
869175892.716272,1.423295
869175894.2977201,1.5152130000000001
869175895.840945,1.480807
869175897.307503,1.419028
869175898.82654,1.4540309999999999
869175900.303394,1.386619
869175901.859277,1.489794
869175903.712813,1.7812620000000001
869175905.219868,1.4552910000000001
869175906.761592,1.4756909999999999
869175908.357087,1.5330540000000001
869175909.877673,1.450135
869175911.386914,1.4471779999999999
869175912.868713,1.430218
869175914.4029449,1.461631
869175915.997619,1.532384
869175917.60857,1.515103
869175919.097011,1.425684
869175920.5516781,1.391746
869175922.100996,1.4754010000000002
869175923.706439,1.542662
869175925.33227,1.562794
869175926.8900421,1.4923899999999999
869175928.36914,1.416319
869175929.936117,1.51326
869175931.525821,1.538259
869175933.019152,1.4310779999999999
869175934.581136,1.5025259999999998
869175935.998877,1.355281
869175937.594473,1.504579
869175939.267253,1.598144
869175940.859886,1.530288
869175942.4442611,1.5186439999999999
869175943.9943459,1.4934049999999999
869175945.561197,1.4816600000000002
869175946.967872,1.354943
869175948.36403,1.344397
869175949.89942,1.469336
869175951.521853,1.559707
869175953.179523,1.5950039999999999
869175954.7391651,1.493718
869175956.3431311,1.552802
869175957.94646,1.549175
869175959.531142,1.533222
869175961.146379,1.563556
869175962.573524,1.3580160000000001
869175963.939699,1.315133
869175965.450142,1.45914
869175967.084451,1.580009
869175968.699983,1.540968
869175970.316592,1.550616
869175971.911496,1.532444
869175973.523274,1.5380859999999998
869175975.0339069,1.444809
869175976.4272349,1.330679
869175977.7261399,1.239807
869175979.347346,1.544562
869175980.7501869,1.340514
869175982.040541,1.227436
869175983.532483,1.4444499999999998
869175985.135645,1.555936
869175986.668373,1.482878
869175988.205201,1.466046
869175989.6217691,1.351227
869175991.1292189,1.455935
869175992.521758,1.341049
869175994.130845,1.5433540000000001
869175995.530776,1.3488930000000001
869175996.9696,1.3687829999999999
869175998.518566,1.470881
869176000.08783,1.506628
869176001.606161,1.452397
869176003.123314,1.44539
869176004.757033,1.5707220000000002
869176006.268803,1.445711
869176007.875685,1.5353750000000002
869176009.404054,1.465692
869176010.927338,1.457585
869176012.514762,1.5359289999999999
869176014.175504,1.586241
869176015.785594,1.538778
869176017.451302,1.603113
869176019.0744821,1.557245
869176020.672868,1.535565
869176022.3090229,1.559002
869176023.960884,1.589366
869176025.57897,1.514739
869176027.175689,1.537866
869176028.8971831,1.664895
869176031.398159,2.428254
869176033.915456,2.455393
869176036.140951,2.1714719999999996
869176038.357222,2.150548
869176040.533234,2.113396
869176042.6525791,2.053451
869176044.86925,2.1651890000000003
869176047.181695,2.2456490000000002
869176049.645977,2.40163
869176051.670858,1.9711249999999998
869176054.0677781,2.3264650000000002
869176056.253785,2.1321980000000003
869176058.621844,2.302402
869176060.843112,2.1590730000000002
869176063.172937,2.264207
869176065.3813341,2.14553
869176067.256005,1.808535
869176069.450659,2.1432040000000003
869176071.649809,2.133337
869176073.9717759,2.259145
869176076.362118,2.3247139999999997
869176078.653999,2.225747
869176080.8716481,2.154873
869176083.205819,2.267757
869176085.44254,2.189776
869176087.6727589,2.18069
869176089.817323,2.097535
869176091.863166,1.996477
869176093.9258311,2.011394
869176096.068099,2.076695
869176102.803292,6.681025
869176105.1495299,2.276942
869176107.522403,2.306679
869176109.774927,2.195961
869176111.964424,2.1303199999999998
869176114.1037201,2.041802
869176116.166985,1.9974020000000001
869176118.122674,1.889233
869176120.25346,2.062554
869176122.0951301,1.7757459999999998
869176124.274383,2.131996
869176126.561622,2.221321
869176128.754572,2.145957
869176130.9180181,2.1138630000000003
869176133.243595,2.252033
869176135.445199,2.151888
869176137.730189,2.218029
869176139.966694,2.186937
869176142.188326,2.15484
869176144.323773,2.070423
869176146.5198121,2.141975
869176148.68327,2.101233
869176150.767077,2.029977
869176153.447815,2.629548
869176155.881296,2.379381
869176158.4230881,2.478955
869176160.603569,2.1264589999999997
869176162.455579,1.7983980000000002
869176164.719626,2.201471
869176166.993255,2.207796
869176169.252491,2.1962140000000003
869176171.478518,2.1522490000000003
869176173.788984,2.258843
869176175.874024,2.019803
869176178.163721,2.227181
869176180.442963,2.212617
869176182.6511799,2.142489
869176184.816808,2.102626
869176187.028754,2.139606
869176189.25117,2.1460709999999996
869176191.4160889,2.11096
869176193.622046,2.143381
869176195.92223,2.226906
869176198.2578759,2.284276
869176200.410429,2.087335
869176202.7542,2.293764
869176205.049405,2.232178
869176207.313748,2.198609
869176209.55791,2.1695759999999997
869176211.7717999,2.164625
869176214.121755,2.298175
869176216.3062121,2.118829
869176218.342924,1.9710600000000003
869176220.53124,2.121994
869176222.7873579,2.1827219999999996
869176225.020363,2.181558
869176227.640194,2.5540760000000002
869176229.746027,2.058218
869176232.157768,2.345436
869176234.359846,2.13646
869176236.74929,2.326744
869176239.125503,2.309828
869176241.165787,1.973189
869176243.1260079,1.914031
869176245.3373541,2.1486729999999996
869176247.424101,2.040657
869176249.609751,2.1232439999999997
869176251.7214141,2.037956
869176254.036832,2.264431
869176256.245892,2.155212
869176258.592823,2.280566
869176260.752387,2.097253
869176262.9713831,2.142016
869176265.151595,2.084395
869176267.521663,2.303729
869176269.627447,2.042687
869176271.780426,2.077407
869176273.78185,1.9386670000000001
869176275.9452181,2.113382
869176278.784947,2.7538739999999997
869176281.163695,2.329179
869176283.384377,2.156063
869176285.4093059,1.9737320000000003
869176287.681426,2.2058709999999997
869176289.887929,2.1437370000000002
869176292.220259,2.266638
869176294.4744691,2.199151
869176296.682626,2.145591
869176298.952261,2.204158
869176301.178154,2.158584
869176303.345122,2.1006739999999997
869176305.465342,2.069229
869176307.6568251,2.118816
869176309.877531,2.147875
869176312.064075,2.11362
869176314.16745,2.053204
869176316.4559749,2.219135
869176318.614284,2.108456
869176320.797583,2.135367
869176323.090626,2.227189
869176325.443852,2.297023
869176327.825709,2.3161940000000003
869176330.083967,2.195367
869176332.308241,2.158741
869176334.401465,2.0279540000000003
869176336.5837569,2.1382290000000004
869176338.779494,2.1271229999999997
869176341.020425,2.197326
869176343.0529909,1.986743
869176345.21306,2.116047
869176347.4779041,2.188872
869176349.746136,2.2052
869176351.918905,2.098478
869176354.6621879,2.691615
869176357.0185,2.290574
869176359.334042,2.2496080000000003
869176361.6493629,2.2528259999999998
869176363.863408,2.148598
869176366.0593519,2.148254
869176368.361125,2.2371969999999997
869176370.462592,2.0520349999999996
869176372.718383,2.208455
869176375.037106,2.252471
869176377.333815,2.249544
869176379.661175,2.2619670000000003
869176381.937485,2.2125220000000003
869176384.2275169,2.224084
869176386.402632,2.108841
869176388.467986,2.002453
869176390.898972,2.365614
869176393.15573,2.1944120000000003
869176395.220367,2.015005
869176397.4492329,2.1818139999999997
869176399.7652501,2.266584
869176401.9278129,2.115446
869176404.211249,2.216882
869176406.683079,2.3821290000000004
869176409.2224979,2.492517
869176411.717298,2.442928
869176413.9574741,2.172591
869176416.2847029,2.261797
869176418.440638,2.090002
869176420.841604,2.338108
869176423.168452,2.268035
869176425.526774,2.286427
869176427.823607,2.231663
869176429.9521029,2.080724
869176432.1489741,2.131338
869176434.342802,2.128255
869176436.4625931,2.05706
869176438.772707,2.2401240000000002
869176441.11458,2.2791069999999998
869176443.275237,2.095094
869176445.596782,2.258619
869176447.915832,2.253813
869176450.024578,2.0464860000000002
869176452.127234,2.036184
869176454.4200879,2.24242
869176456.488307,2.003542
869176458.741495,2.2035090000000004
869176461.2264409,2.4194389999999997
869176463.446877,2.154828
869176465.489223,1.9869559999999997
869176467.710476,2.148028
869176469.932318,2.17049
869176472.281334,2.28331
869176474.648886,2.299284
869176477.00201,2.290719
869176479.5739939,2.4980599999999997
869176481.9060199,2.2692989999999997
869176484.093944,2.1214950000000004
869176486.359876,2.199792
869176488.534182,2.1117419999999996
869176490.7824229,2.2022180000000002
869176492.974989,2.148372
869176495.3257179,2.2850919999999997
869176497.442622,2.054494
869176499.67282,2.163889
869176501.960292,2.224705
869176504.2113739,2.185148
869176506.623605,2.346689
869176508.958251,2.260335
869176511.181559,2.157163
869176513.453566,2.2155650000000002
869176515.773091,2.269988
869176517.940312,2.1195749999999998
869176520.173825,2.184049
869176522.332133,2.108568
869176524.5775169,2.177438
869176526.7435449,2.1002899999999998
869176529.358091,2.551707
869176531.591426,2.1836699999999998
869176533.715039,2.072114
869176536.090788,2.302393
869176538.20999,2.065378
869176540.196255,1.934577
869176542.32185,2.071788
869176544.3254299,1.940689
869176546.579728,2.164816
869176548.7302519,2.1033079999999997
869176550.6965309,1.892672
869176552.902407,2.143534
869176554.898622,1.946597
869176556.684146,1.737974
869176558.721418,1.987661
869176560.807873,2.0390099999999998
869176562.7640051,1.906427
869176564.853904,2.042585
869176566.8781149,1.974547
869176568.833263,1.892603
869176571.1115429,2.2129469999999998
869176573.385447,2.211224
869176575.299233,1.848258
869176577.694681,2.3329969999999998
869176579.854406,2.0889010000000003
869176582.1627251,2.2611369999999997
869176584.346877,2.13468
869176586.661824,2.265482
869176588.9916409,2.2822839999999998
869176591.1668069,2.1088560000000003
869176593.404377,2.174804
869176595.607396,2.1374589999999998
869176597.841945,2.182925
869176600.094974,2.182348
869176601.931097,1.782318
869176604.44479,2.4619709999999997
869176606.573983,2.063666
869176608.544351,1.898329
869176610.673188,2.062798
869176612.843858,2.101557
869176614.819839,1.9097160000000002
869176616.982394,2.0934500000000003
869176619.21144,2.163227
869176621.223941,1.9497799999999998
869176623.2140449,1.9185079999999999
869176625.2338469,1.957799
869176627.107757,1.8242530000000001
869176629.233256,2.062317
869176631.229338,1.930733
869176633.3275751,2.05112
869176635.261377,1.87019
869176637.3571371,2.048374
869176639.336011,1.907796
869176641.46165,2.0630290000000002
869176643.550371,2.023751
869176645.365725,1.768269
869176647.4539211,2.039141
869176649.169037,1.667756
869176651.114007,1.8869799999999999
869176653.4762241,2.315258
869176655.656643,2.13545
869176657.552936,1.833485
869176659.539189,1.932135
869176661.581174,1.9906
869176663.4991549,1.852198
869176665.52408,1.954192
869176667.5588629,1.969686
869176669.6189901,2.003976
869176671.688109,1.989649
869176673.70511,1.9543160000000002
869176675.770476,1.995058
869176677.94819,2.11355
869176680.079742,2.0822800000000004
869176682.151088,2.017745
869176684.173772,1.971609
869176686.3137809,2.086428
869176688.384645,2.019785
869176690.342106,1.903468
869176692.082154,1.689081
869176694.111153,1.975511
869176696.0822129,1.92305
869176697.854367,1.722299
869176699.690853,1.773855
869176701.696329,1.94304
869176703.8016909,2.055551
869176705.93777,2.067055
869176708.03978,2.0366500000000003
869176710.0560781,1.9664259999999998
869176712.029324,1.925844
869176714.1401241,2.042872
869176716.2376801,2.01777
869176717.9183899,1.631221
869176719.9667071,2.0008909999999998
869176721.844579,1.791176
869176723.906671,1.9967650000000001
869176725.9063791,1.9523030000000001
869176727.961949,2.0056800000000004
869176730.130087,2.0809800000000003
869176732.2054449,2.010186
869176734.364458,2.092901
869176736.520497,2.084875
869176738.4529871,1.866792
869176740.562615,2.047519
869176742.585192,1.9632310000000002
869176744.80152,2.144448
869176746.722679,1.855621
869176748.832276,2.046896
869176751.032264,2.1341189999999997
869176753.242316,2.1472800000000003
869176755.429001,2.127698
869176757.491615,1.9988139999999999
869176759.6772289,2.1199869999999996
869176761.74097,2.001235
869176763.701682,1.9152660000000001
869176765.756259,2.010662
869176767.770148,1.9481760000000001
869176769.817897,1.981226
869176771.865513,1.9820060000000002
869176774.047365,2.125556
869176776.047162,1.934564
869176778.6334139,2.531884
869176780.803525,2.1032699999999998
869176782.720229,1.862782
869176784.6866139,1.919072
869176786.765034,2.012555
869176788.5965929,1.784066
869176790.6382769,1.947838
869176792.605524,1.914495
869176794.653564,1.9768479999999997
869176796.487941,1.7850050000000002
869176798.30339,1.78206
869176800.036335,1.700963
869176801.790995,1.719454
869176803.768803,1.914029
869176805.4079449,1.593548
869176807.352519,1.8841430000000001
869176809.0539169,1.669163
869176811.0493109,1.9410079999999998
869176812.6978899,1.602428
869176814.619871,1.8757220000000001
869176816.5285219,1.857062
869176818.442238,1.859718
869176820.4337331,1.940035
869176822.5486201,2.060159
869176824.6694989,2.069243
869176826.43705,1.708458
869176828.538983,2.050156
869176830.6050811,2.006786
869176832.28475,1.6314170000000001
869176834.171411,1.82677
869176836.058266,1.834017
869176837.680393,1.572127
869176839.372873,1.651435
869176841.200649,1.788281
869176842.866775,1.623718
869176844.665752,1.7519479999999998
869176846.399545,1.684839
869176848.109972,1.667318
869176849.992704,1.833284
869176851.602801,1.567097
869176853.86578,2.215403
869176855.503077,1.58246
869176857.3753519,1.820108
869176858.944917,1.515348
869176860.834622,1.838065
869176862.50448,1.6152110000000002
869176864.165969,1.609538
869176866.145338,1.914084
869176867.725613,1.533135
869176869.685572,1.898115
869176871.480567,1.7298330000000002
869176873.297061,1.761672
869176875.038922,1.6772099999999999
869176876.652243,1.558344
869176878.285803,1.58468
869176880.268364,1.936082
869176882.097537,1.763786
869176883.5629599,1.422833
869176885.210158,1.604544
869176887.188718,1.933803
869176888.759463,1.528125
869176890.698411,1.8937050000000002
869176892.704482,1.943899
869176894.2954229,1.5384140000000002
869176896.2656881,1.920194
869176898.232229,1.9031790000000002
869176900.2667899,1.973102
869176901.993147,1.678072
869176903.973217,1.933667
869176906.272956,2.215661
869176908.6029869,2.281609
869176910.730529,2.078931
869176912.658434,1.881317
869176914.6262039,1.914967
869176916.402931,1.726302
869176918.26559,1.791345
869176920.085574,1.7685870000000001
869176921.873579,1.71515
869176923.630835,1.706642
869176925.5530161,1.8573629999999999
869176927.626603,2.0093989999999997
869176929.733525,2.064228
869176931.942238,2.144113
869176933.929836,1.901959
869176936.160671,2.1705650000000003
869176938.4365051,2.2227449999999997
869176940.668848,2.167008
869176942.75431,2.02025
869176944.978981,2.1615559999999996
869176947.121045,2.0887480000000003
869176949.372811,2.204709
869176951.607685,2.169534
869176953.681449,2.0268479999999998
869176955.913075,2.166156
869176958.114481,2.154384
869176960.376033,2.195615
869176962.33336,1.902011
869176964.542998,2.147282
869176966.8521609,2.255214
869176969.006693,2.103259
869176970.9791019,1.920957
869176973.070101,2.028724
869176975.104563,1.9682480000000002
869176977.603873,2.436529
869176979.883245,2.2125920000000003
869176981.927701,2.000736
869176984.2386819,2.264574
869176986.208917,1.90473
869176988.212453,1.959796
869176990.2285501,1.9698229999999999
869176992.3219091,2.030568
869176994.392616,2.005465
869176996.428722,1.970033
869176998.5203121,2.025461
869177000.347306,1.783186
869177002.3602539,1.9669349999999999
869177004.4004749,1.9764869999999999
869177006.386157,1.920143
869177008.3871,1.949468
869177010.5607821,2.119391
869177012.595497,1.981956
869177014.7476779,2.086353
869177016.726809,1.9114769999999999
869177018.787174,2.013997
869177020.735185,1.8854849999999999
869177022.838303,2.036572
869177024.571489,1.66644
869177026.578662,1.961046
869177028.9857891,2.344626
869177030.54369,1.508344
869177032.0879359,1.481958
869177033.37809,1.24033
869177034.830048,1.389524
869177036.389607,1.512008
869177037.938815,1.48374
869177039.411554,1.410057
869177040.963552,1.500462
869177042.545951,1.5290499999999998
869177044.0446429,1.428599
869177045.538429,1.4269969999999998
869177046.970119,1.380493
869177048.328728,1.295968
869177049.8700019,1.467154
869177051.1998069,1.267417
869177052.4906191,1.238231
869177053.949852,1.393315
869177055.219562,1.19875
869177056.698999,1.428475
869177058.030268,1.277545
869177059.525385,1.432822
869177060.91475,1.32674
869177062.452947,1.4610429999999999
869177064.076913,1.561275
869177065.59565,1.452558
869177066.98065,1.3225660000000001
869177068.485499,1.453232
869177070.01486,1.4634120000000002
869177071.53985,1.4625549999999998
869177072.886516,1.274904
869177074.446113,1.4849729999999999
869177075.822023,1.313312
869177077.288387,1.4151770000000001
869177078.7117159,1.3699579999999998
869177080.111601,1.337381
869177081.585918,1.42022
869177082.879493,1.2223449999999998
869177084.381889,1.450872
869177086.063922,1.628155
869177087.61607,1.500709
869177089.139311,1.460341
869177090.6819271,1.488434
869177092.084733,1.352008
869177093.390227,1.250843
869177094.839931,1.3937000000000002
869177096.320423,1.417846
869177097.900242,1.514346
869177099.253676,1.279366
869177100.616552,1.306217
869177102.5550649,1.873016
869177103.9738189,1.355306
869177105.513343,1.450735
869177107.10924,1.546199
869177108.734505,1.556136
869177110.376969,1.565193
869177111.946725,1.506928
869177113.444517,1.411181
869177115.035116,1.525247
869177116.911934,1.802838
869177118.466171,1.493828
869177120.132381,1.60967
869177121.805008,1.6136290000000002
869177123.344695,1.483662
869177124.979371,1.5725019999999998
869177126.551875,1.5068270000000001
869177128.171129,1.563036
869177129.879296,1.6427900000000002
869177131.424409,1.471652
869177133.018471,1.53137
869177134.685964,1.5848900000000001
869177136.332458,1.58429
869177138.025179,1.594955
869177139.577794,1.50154
869177141.06389,1.417242
869177142.466361,1.336789
869177143.901603,1.3840510000000001
869177145.489485,1.525116
869177147.15808,1.602636
869177148.7600371,1.5394569999999999
869177150.389199,1.5751000000000002
869177151.86709,1.421709
869177153.515063,1.573001
869177155.34112,1.7506950000000001
869177157.2021661,1.798418
869177159.082948,1.821661
869177160.658206,1.500709
869177162.12885,1.404726
869177163.632388,1.44086
869177165.187297,1.498674
869177166.630658,1.37779
869177168.108264,1.420904
869177169.5550619,1.37175
869177171.095469,1.47755
869177172.6977651,1.538342
869177174.219363,1.456246
869177175.747347,1.4654710000000002
869177177.1935841,1.394695
869177178.7602221,1.491938
869177180.34623,1.523227
869177181.777775,1.3567799999999999
869177183.278874,1.44982
869177184.678582,1.337184
869177186.1456801,1.4130010000000002
869177187.673251,1.464866
869177189.1731441,1.4449400000000001
869177190.762885,1.521038
869177192.153196,1.327907
869177193.5057169,1.298641
869177194.854348,1.297259
869177196.348613,1.431694
869177198.008368,1.594163
869177199.571667,1.5116489999999998
869177201.159865,1.525808
869177202.766682,1.5408979999999999
869177204.43654,1.6075130000000002
869177206.0623109,1.560098
869177207.642465,1.509036
869177209.262147,1.556605
869177210.572698,1.245078
869177211.852019,1.227797
869177213.355232,1.451985
869177214.855105,1.434215
869177216.200885,1.2829359999999999
869177217.659452,1.404773
869177219.0927,1.382225
869177220.505287,1.361209
869177221.851892,1.2806600000000001
869177223.085129,1.181858
869177224.5938251,1.4464009999999998
869177225.9176149,1.269857
869177227.675347,1.7059600000000001
869177229.0410421,1.302864
869177230.5546521,1.447852
869177232.033561,1.416569
869177233.3851581,1.259882
869177234.771852,1.342341
869177236.199947,1.364733
869177237.672846,1.407263
869177239.080931,1.363747
869177240.439705,1.29607
869177241.808432,1.322666
869177243.095553,1.2246169999999998
869177244.4668471,1.327685
869177245.9045279,1.3718730000000001
869177247.3121719,1.3559889999999999
869177248.8252,1.4500959999999998
869177250.164475,1.265655
869177251.474324,1.25856
869177252.915119,1.377923
869177254.25385,1.272829
869177255.533717,1.228123
869177256.9951481,1.3984850000000002
869177258.296545,1.247596
869177259.7579739,1.3992220000000002
869177261.197204,1.38816
869177262.545158,1.281964
869177263.975243,1.378655
869177265.500254,1.433525
869177266.864951,1.298565
869177268.314311,1.3983400000000001
869177269.838671,1.446739
869177271.237817,1.336704
869177272.664656,1.375557
869177274.050092,1.308497
869177275.625431,1.503706
869177277.547712,1.8595899999999999
869177279.423605,1.810311
869177281.14144,1.654999
869177282.927634,1.7200250000000001
869177284.653828,1.6523690000000002
869177286.054595,1.341979
869177287.597523,1.480407
869177288.9932929,1.321142
869177290.535524,1.476378
869177292.124584,1.526499
869177293.5811709,1.390688
869177295.087243,1.4320220000000001
869177296.511135,1.36151
869177298.083355,1.517933
869177299.7329609,1.5869849999999999
869177301.30679,1.511299
869177302.825742,1.444294
869177304.379936,1.491488
869177305.875261,1.3753490000000002
869177307.459994,1.5331629999999998
869177309.004601,1.4815399999999999
869177310.573724,1.5030860000000001
869177312.185521,1.560625
869177313.705436,1.466269
869177315.264792,1.485721
869177316.640771,1.313252
869177318.223878,1.529117
869177319.8289449,1.5533089999999998
869177321.410653,1.5185559999999998
869177322.896716,1.420557
869177324.36833,1.415181
869177325.899686,1.428737
869177327.482015,1.519759
869177329.0752599,1.5161110000000002
869177330.504679,1.36361
869177331.954469,1.386914
869177333.4824979,1.462426
869177335.0041231,1.45715
869177336.362268,1.310759
869177337.960881,1.532439
869177339.503513,1.472627
869177341.02188,1.455793
869177342.653914,1.581929
869177344.335138,1.618719
869177345.98724,1.586273
869177347.57602,1.525838
869177349.2112321,1.5726419999999999
869177350.798539,1.521508
869177352.664769,1.803605
869177354.202625,1.4718719999999998
869177355.726067,1.4610269999999999
869177357.386724,1.5912439999999999
869177359.0509601,1.598326
869177360.684384,1.5861409999999998
869177362.266097,1.512641
869177363.879418,1.5505659999999999
869177365.384397,1.442529
869177366.8232881,1.366841
869177368.471455,1.600592
869177370.0365881,1.4996129999999999
869177371.429243,1.3457219999999999
869177372.814288,1.311131
869177374.287935,1.395911
869177375.881781,1.5312810000000001
869177377.4646009,1.5088199999999998
869177379.043213,1.512845
869177380.617723,1.5181769999999999
869177382.118729,1.435208
869177383.691912,1.5107339999999998
869177385.040655,1.2977480000000001
869177386.514735,1.420117
869177387.957472,1.380232
869177389.325744,1.2957640000000001
869177390.8214281,1.441398
869177392.306947,1.4225780000000001
869177393.919823,1.546742
869177395.380409,1.38894
869177396.877782,1.4348480000000001
869177398.2192991,1.2877399999999999
869177399.702052,1.419776
869177401.2539959,1.4804869999999999
869177403.220986,1.9134499999999999
869177404.786978,1.514789
869177406.408037,1.5555569999999999
869177407.93586,1.454016
869177409.435071,1.436746
869177411.0370309,1.52486
869177412.727016,1.6157190000000001
869177414.33254,1.527089
869177415.992816,1.598127
869177417.6401321,1.549693
869177419.078877,1.362652
869177420.521597,1.368821
869177422.1206889,1.5196960000000002
869177423.740155,1.5477509999999999
869177425.382069,1.579037
869177426.998954,1.551238
869177428.646992,1.585597
869177430.059801,1.339357
869177431.629341,1.49787
869177433.057441,1.365977
869177434.628772,1.517417
869177436.1565571,1.4715710000000002
869177437.637641,1.4053010000000001
869177439.197343,1.497262
869177440.714239,1.454385
869177442.181387,1.4077709999999999
869177443.789025,1.544752
869177445.4164189,1.5649089999999999
869177446.910665,1.4289280000000002
869177448.2597849,1.2980369999999999
869177449.7948251,1.4607629999999998
869177451.389628,1.531977
869177452.867259,1.405647
869177454.3489131,1.415912
869177455.8798541,1.479759
869177457.442021,1.499551
869177459.029594,1.52183
869177460.635207,1.554454
869177461.918786,1.229519
869177463.536844,1.547899
869177465.202487,1.602486
869177466.7721169,1.503531
869177468.345305,1.5105570000000001
869177469.95771,1.5470169999999999
869177471.539312,1.518937
869177473.05424,1.4521169999999999
869177474.627434,1.507809
869177476.215772,1.5315070000000002
869177477.7600831,1.466483
869177479.4099641,1.586995
869177480.939461,1.4497259999999998
869177482.521058,1.5164410000000001
869177484.153048,1.56974
869177485.722889,1.5042829999999998
869177487.2632359,1.470008
869177488.713016,1.387661
869177490.31206,1.549605
869177491.929846,1.57095
869177493.474214,1.496717
869177494.985017,1.427389
869177496.5784471,1.530499
869177498.176949,1.5329490000000001
869177499.799167,1.547547
869177501.346544,1.4730120000000002
869177502.8676511,1.462029
869177504.410381,1.479843
869177505.888641,1.4186299999999998
869177507.4485329,1.496785
869177509.112845,1.602147
869177510.703964,1.536961
869177512.284138,1.517358
869177513.835881,1.485739
869177515.4162661,1.5174940000000001
869177516.974224,1.4951750000000001
869177518.607968,1.579836
869177520.20842,1.514487
869177521.721049,1.446489
869177523.272782,1.495482
869177524.869709,1.540399
869177526.4740851,1.545021
869177528.64952,2.11305
869177530.538053,1.822429
869177532.328653,1.717054
869177534.185241,1.797711
869177536.041187,1.7991380000000001
869177537.855347,1.745775
869177539.651818,1.733722
869177541.417556,1.7090779999999999
869177543.102033,1.606935
869177544.619692,1.443838
869177546.146052,1.4607610000000002
869177547.737087,1.528278
869177549.3531799,1.5536370000000002
869177550.839746,1.4215
869177552.188035,1.28193
869177553.776279,1.522205
869177555.3423439,1.503812
869177556.8686899,1.478901
869177558.547354,1.612585
869177560.1643391,1.554324
869177561.772644,1.542923
869177563.3549529,1.519774
869177564.954573,1.536959
869177566.643426,1.623079
869177568.316471,1.610254
869177569.906048,1.512119
869177571.53272,1.570246
869177573.16441,1.557266
869177574.759203,1.5287300000000001
869177576.341678,1.519784
869177577.930914,1.523312
869177579.505875,1.512378
869177581.171184,1.613995
869177582.580355,1.343669
869177584.171074,1.519426
869177585.8745309,1.637994
869177587.33016,1.3935250000000001
869177588.869925,1.468573
869177590.554679,1.618829
869177592.1481689,1.522272
869177593.760383,1.546531
869177595.387131,1.5641019999999999
869177596.895809,1.435069
869177598.291522,1.330129
869177599.77972,1.432083
869177601.383479,1.541464
869177602.813013,1.354147
869177604.418476,1.5426170000000001
869177605.95789,1.473621
869177607.503925,1.4762659999999999
869177609.06273,1.496124
869177610.653319,1.518094
869177612.226988,1.5113139999999998
869177613.764679,1.471958
869177615.282533,1.454973
869177616.84034,1.495011
869177618.4191971,1.501481
869177620.1092271,1.60402
869177621.7069,1.519071
869177623.408049,1.644738
869177624.973927,1.493664
869177626.535767,1.502302
869177628.152186,1.553814
869177629.551097,1.33318
869177630.972649,1.370545
869177632.301773,1.27797
869177633.823286,1.446763
869177635.199718,1.313929
869177636.673718,1.4228139999999998
869177638.212636,1.4730800000000002
869177639.622056,1.346431
869177640.932248,1.258934
869177642.257235,1.270705
869177643.7441521,1.41578
869177645.285314,1.478901
869177646.845052,1.5058129999999998
869177648.310474,1.394844
869177649.796174,1.40961
869177651.286952,1.4397550000000001
869177653.372718,2.033046
869177655.1677569,1.729291
869177656.829617,1.599184
869177658.3318449,1.42547
869177659.83684,1.442679
869177661.5069131,1.604205
869177662.943316,1.361426
869177664.430346,1.430897
869177665.820097,1.3244140000000002
869177667.34837,1.466344
869177668.9269911,1.516075
869177670.460958,1.4681790000000001
869177671.990003,1.454636
869177673.439472,1.3581960000000002
869177674.857576,1.366906
869177676.420495,1.5002030000000002
869177677.867129,1.372442
869177679.19118,1.252146
869177680.7027171,1.460089
869177682.085561,1.328797
869177683.621843,1.473797
869177685.0319871,1.338855
869177686.6240239,1.526545
869177688.072422,1.37668
869177689.578213,1.43599
869177691.166782,1.5257479999999999
869177692.533475,1.295323
869177694.138317,1.550926
869177695.497307,1.296993
869177696.97214,1.423262
869177698.443181,1.405141
869177700.065618,1.559631
869177701.548642,1.416884
869177703.142643,1.54224
869177704.6392181,1.434407
869177706.186175,1.4930539999999999
869177707.736651,1.482356
869177709.223874,1.4245219999999998
869177710.818401,1.528876
869177712.342535,1.4728919999999999
869177713.872583,1.4760199999999999
869177715.48599,1.524781
869177716.9328641,1.384412
869177718.484846,1.497836
869177719.9232019,1.386601
869177721.525077,1.539184
869177723.1581,1.5671490000000001
869177724.784542,1.563777
869177726.266242,1.4045800000000002
869177727.711002,1.3820080000000001
869177729.339118,1.565069
869177730.870954,1.466459
869177732.428591,1.4951809999999999
869177733.809292,1.3149520000000001
869177735.3161559,1.4442579999999998
869177736.7890849,1.410143
869177738.3657969,1.510462
869177739.9028461,1.466673
869177741.584331,1.6260409999999998
869177743.223618,1.562758
869177744.74285,1.456326
869177746.133815,1.316668
869177747.706727,1.5010379999999999
869177749.224406,1.4552079999999998
869177750.793502,1.5032999999999999
869177752.191707,1.347063
869177753.763275,1.517333
869177755.2517871,1.426147
869177756.7484709,1.445215
869177758.3597829,1.545795
869177759.961388,1.530122
869177761.589749,1.540086
869177763.196681,1.5408430000000002
869177764.814769,1.5555919999999999
869177766.32478,1.444128
869177767.924445,1.536949
869177769.600217,1.613372
869177771.103691,1.4380389999999998
869177772.602847,1.442945
869177774.189618,1.527471
869177775.794846,1.542823
869177777.997836,2.128997
869177779.888276,1.824544
869177781.359699,1.414715
869177782.892152,1.4671109999999998
869177784.4808921,1.526194
869177786.135836,1.57755
869177787.763341,1.564603
869177789.334103,1.507911
869177790.9005909,1.500478
869177792.443092,1.471533
869177793.959256,1.450995
869177795.492743,1.482365
869177796.934073,1.3789449999999999
869177798.445459,1.4576470000000001
869177800.077317,1.564379
869177801.632849,1.5007849999999998
869177803.255956,1.566391
869177804.834721,1.522029
869177806.261098,1.360068
869177807.788406,1.464863
869177809.298571,1.453703
869177810.848279,1.471654
869177812.423647,1.479738
869177814.045464,1.555778
869177815.388728,1.272016
869177816.8379921,1.397658
869177818.404835,1.501274
869177819.810895,1.354765
869177821.432455,1.577296
869177823.070679,1.572852
869177824.776854,1.6436179999999998
869177826.157631,1.327277
869177827.528199,1.319225
869177829.059289,1.459746
869177830.555518,1.430015
869177832.1335009,1.515534
869177833.6919329,1.504648
869177835.0600721,1.316397
869177836.476585,1.336392
869177837.990751,1.448863
869177839.4394449,1.391925
869177840.9646521,1.452145
869177842.6343861,1.603712
869177844.1673391,1.476491
869177845.806591,1.561604
869177847.2775741,1.408836
869177848.817507,1.4887139999999999
869177850.442937,1.559666
869177852.47139,1.9658570000000002
869177854.098669,1.5690000000000002
869177855.698519,1.537269
869177857.364203,1.603424
869177858.96028,1.530499
869177860.4355199,1.412855
869177861.991588,1.4900790000000002
869177863.5364959,1.482602
869177865.0953649,1.4962339999999998
869177866.666809,1.5053
869177868.283629,1.554109
869177869.910688,1.561161
869177871.4959899,1.516365
869177872.930189,1.3709069999999999
869177874.397295,1.395242
869177875.830472,1.3861329999999998
869177877.339461,1.461772
869177878.718738,1.307035
869177880.249135,1.461651
869177881.6062089,1.298076
869177883.181478,1.51913
869177884.585219,1.347383
869177886.201707,1.55064
869177887.701455,1.437201
869177889.304893,1.5291739999999998
869177890.9312301,1.561075
869177892.5443261,1.550495
869177893.980195,1.36999
869177895.492065,1.4494
869177896.952847,1.398096
869177898.5003351,1.472582
869177899.9540031,1.390842
869177901.4949379,1.464563
869177903.6837441,2.123078
869177905.602558,1.8564079999999998
869177907.228729,1.549857
869177908.9048779,1.590954
869177910.454621,1.4834990000000001
869177911.965562,1.448248
869177913.5637001,1.525466
869177915.1042471,1.46587
869177916.605452,1.438421
869177917.973419,1.314087
869177919.558841,1.522891
869177921.198243,1.576802
869177922.799842,1.526866
869177924.3683699,1.497629
869177925.832145,1.3979949999999999
869177927.162886,1.279402
869177928.688578,1.463044
869177930.263015,1.519955
869177931.824737,1.498907
869177933.381918,1.505834
869177934.747112,1.290724
869177936.235724,1.417378
869177937.7363441,1.446506
869177939.252404,1.4648
869177940.749112,1.44582
869177942.220718,1.405914
869177943.770709,1.498474
869177945.307116,1.4672479999999999
869177946.879928,1.50758
869177948.36184,1.419395
869177949.8467411,1.425667
869177951.401949,1.492363
869177952.9026589,1.4445759999999999
869177954.39168,1.4297520000000001
869177955.7984099,1.3442770000000002
869177957.184914,1.3352
869177958.5427611,1.292452
869177959.881668,1.287282
869177961.350714,1.406064
869177962.918921,1.502577
869177964.432761,1.462723
869177965.779751,1.272613
869177967.283744,1.452821
869177968.799534,1.444564
869177970.5173141,1.6514959999999999
869177972.110353,1.530604
869177973.5928351,1.416564
869177975.149225,1.48455
869177976.74706,1.5349190000000001
869177978.34246,1.529566
869177979.9655141,1.560674
869177981.551001,1.4969359999999998
869177983.0302961,1.4140419999999998
869177984.6139829,1.518902
869177986.130595,1.450308
869177987.71534,1.522135
869177989.411279,1.633178
869177990.965473,1.488456
869177992.311437,1.283539
869177993.806859,1.430321
869177995.362306,1.4923549999999999
869177996.8533031,1.428366
869177998.239791,1.32069
869177999.7736031,1.471617
869178001.302413,1.465703
869178002.842671,1.474946
869178004.273571,1.366822
869178005.5461849,1.22299
869178007.0665951,1.473046
869178008.524637,1.3950360000000002
869178010.077631,1.5028839999999999
869178011.668912,1.507897
869178012.998275,1.266339
869178014.474776,1.4266299999999998
869178015.84694,1.315636
869178017.359272,1.438058
869178019.042045,1.616785
869178020.605436,1.5008700000000001
869178022.191238,1.508284
869178023.724198,1.470394
869178025.340777,1.553893
869178026.965936,1.5475809999999999
869178028.757854,1.719476
869178030.594445,1.782632
869178032.410705,1.745589
869178034.008453,1.543891
869178035.5277481,1.4680170000000001
869178036.99126,1.400391
869178038.457392,1.3918769999999998
869178039.9043181,1.390356
869178041.431605,1.453965
869178042.969611,1.460774
869178044.4698809,1.437414
869178046.0845901,1.555362
869178047.664734,1.517654
869178049.228104,1.500699
869178050.737383,1.443391
869178052.128574,1.339678
869178053.691792,1.487133
869178055.0908611,1.3475270000000001
869178056.679325,1.517004
869178058.329201,1.584078
869178059.96485,1.572807
869178061.5710499,1.517664
869178063.1744939,1.5375
869178064.776219,1.530009
869178066.351858,1.5097859999999999
869178067.910186,1.495527
869178069.490885,1.517906
869178071.067378,1.52216
869178072.588608,1.458883
869178074.214055,1.571806
869178075.72368,1.452882
869178077.313988,1.517841
869178078.8597081,1.4669830000000001
869178080.465336,1.543359
869178082.009261,1.4781620000000002
869178083.620032,1.5476940000000001
869178085.179967,1.496832
869178086.769335,1.530667
869178088.298501,1.466465
869178089.881732,1.5088670000000002
869178091.292477,1.347933
869178092.865946,1.502619
869178094.516069,1.58423
869178095.9004531,1.310759
869178097.515268,1.543062
869178099.102178,1.521512
869178100.678638,1.490059
869178102.66765,1.923569
869178104.341764,1.6113119999999999
869178105.9803989,1.573198
869178107.466575,1.4238199999999999
869178109.013126,1.4834640000000001
869178110.626708,1.547654
869178112.238927,1.542929
869178113.87231,1.5555700000000001
869178115.690183,1.7555470000000002
869178117.300493,1.563256
869178118.824575,1.474754
869178120.332183,1.460474
869178122.022744,1.624999
869178123.589888,1.504293
869178125.02067,1.366045
869178126.5299641,1.443336
869178128.143757,1.550942
869178129.7436271,1.5339209999999999
869178131.361434,1.555201
869178132.96144,1.537119
869178134.600757,1.573188
869178136.237478,1.5630629999999999
869178137.8027079,1.4993509999999999
869178139.436152,1.579263
869178140.849483,1.3414970000000002
869178142.841827,1.916024
869178144.274247,1.361224
869178145.823259,1.483264
869178147.167528,1.269334
869178148.6086,1.384393
869178150.037489,1.363164
869178151.487283,1.3929669999999998
869178153.640226,2.0797559999999997
869178155.510558,1.804908
869178157.335937,1.774296
869178159.210085,1.808107
869178160.936967,1.675097
869178162.704192,1.7012909999999999
869178164.199815,1.432997
869178165.779518,1.5138099999999999
869178167.254467,1.412323
869178168.729913,1.4129500000000002
869178170.317946,1.52209
869178171.868487,1.487614
869178173.392069,1.4606059999999998
869178175.033481,1.575599
869178176.6829419,1.586815
869178178.20473,1.456035
869178179.758343,1.491067
869178181.304086,1.483397
869178182.922688,1.569353
869178184.3992599,1.429473
869178185.967757,1.502839
869178187.509299,1.4792589999999999
869178189.017826,1.46152
869178190.561911,1.4809269999999999
869178192.130833,1.511455
869178193.716766,1.520275
869178195.286667,1.5072539999999999
869178196.898224,1.5484559999999998
869178198.452468,1.477118
869178200.088994,1.562573
869178201.706671,1.528579
869178203.309473,1.540227
869178206.9926599,3.6208669999999996
869178209.916668,2.849341
869178211.5014479,1.510805
869178213.146358,1.5716059999999998
869178214.744866,1.532182
869178216.380073,1.573013
869178218.040178,1.5943070000000001
869178219.656662,1.552856
869178221.251867,1.532559
869178222.835615,1.518511
869178224.481027,1.58287
869178226.04133,1.494515
869178227.681624,1.577624
869178229.217996,1.473511
869178230.8084899,1.525061
869178232.3566451,1.485309
869178233.964379,1.541675
869178235.484599,1.457479
869178237.0284489,1.481144
869178238.536255,1.442203
869178240.1437731,1.544691
869178241.519102,1.309344
869178243.005309,1.438845
869178244.450696,1.397991
869178246.042799,1.526515
869178247.693222,1.587602
869178249.276343,1.52048
869178250.852092,1.509966
869178252.440603,1.525808
869178253.962731,1.462798
869178255.503378,1.484323
869178257.148233,1.582019
869178258.700803,1.486637
869178260.276382,1.512572
869178261.8069661,1.4534019999999999
869178263.240415,1.370902
869178264.7500991,1.453363
869178266.354615,1.5389629999999999
869178267.9617281,1.5446220000000002
869178269.630759,1.578415
869178271.17313,1.467851
869178272.785991,1.550345
869178274.4562451,1.60401
869178276.135275,1.616263
869178278.100807,1.89993
869178279.61164,1.439167
869178281.140644,1.466465
869178282.617756,1.423438
869178284.140135,1.471041
869178285.611755,1.40644
869178286.936371,1.272938
869178288.40927,1.4103640000000002
869178289.8110011,1.336414
869178291.287628,1.425108
869178292.8313581,1.480637
869178294.1504041,1.253063
869178295.48222,1.280662
869178296.9819549,1.437778
869178298.248691,1.212922
869178299.766436,1.4664380000000001
869178301.3698039,1.51612
869178302.767467,1.3322029999999998
869178304.22019,1.40154
869178305.637256,1.363197
869178307.230601,1.530907
869178308.821962,1.540571
869178310.401299,1.50477
869178312.0437789,1.5666630000000001
869178313.514619,1.39218
869178315.0563561,1.479072
869178316.422636,1.3099679999999998
869178318.02629,1.536798
869178319.630229,1.541294
869178321.271797,1.56758
869178322.75691,1.4195609999999999
869178324.2908449,1.459905
869178325.715935,1.3661780000000001
869178327.2900859,1.511926
869178328.865519,1.5057060000000002
869178330.475067,1.5439
869178332.094563,1.55656
869178333.670357,1.509959
869178335.270463,1.524385
869178336.799584,1.4664000000000001
869178338.4114571,1.5463149999999999
869178340.08548,1.5996370000000002
869178341.6331689,1.472197
869178343.244922,1.548626
869178344.850099,1.5424060000000002
869178346.523682,1.60794
869178348.1975039,1.611427
869178349.713416,1.450193
869178351.358665,1.589102
869178352.703892,1.290751
869178354.282428,1.5128979999999999
869178355.839779,1.494886
869178357.470501,1.5682719999999999
869178359.061812,1.525322
869178360.420336,1.295712
869178361.970149,1.484296
869178363.502547,1.4694260000000001
869178364.909759,1.3446580000000001
869178366.300197,1.340796
869178367.81539,1.446258
869178369.4571879,1.579272
869178371.096851,1.55686
869178372.708524,1.548586
869178374.0975649,1.317213
869178375.551713,1.3978490000000001
869178377.0858411,1.477604
869178378.5336831,1.388036
869178380.072867,1.476879
869178381.591944,1.452728
869178383.217885,1.551815
869178384.915312,1.6346209999999999
869178386.486581,1.494951
869178388.065197,1.515569
869178389.5754241,1.443967
869178391.137341,1.498905
869178392.517835,1.308311
869178394.135242,1.5517589999999999
869178395.530374,1.329282
869178397.115171,1.514994
869178398.588303,1.4078039999999998
869178399.932145,1.292326
869178401.477473,1.482251
869178403.6691769,2.1257889999999997
869178405.540401,1.808489
869178407.3515719,1.757458
869178409.292148,1.877545
869178411.0512719,1.699814
869178412.592896,1.479019
869178414.232925,1.574191
869178415.696317,1.4002050000000001
869178417.331009,1.572125
869178418.872623,1.475481
869178420.417074,1.48188
869178421.929727,1.4470349999999998
869178423.5602641,1.5678910000000001
869178425.1319641,1.508734
869178426.7209541,1.523217
869178428.315597,1.5323330000000002
869178429.937338,1.5472400000000002
869178431.5778381,1.577649
869178433.156814,1.51628
869178434.697041,1.474192
869178436.2706369,1.522241
869178437.822058,1.497186
869178439.376477,1.5026169999999999
869178440.939963,1.50089
869178442.541126,1.535596
869178444.150439,1.546241
869178445.661992,1.445762
869178447.244263,1.526028
869178448.820423,1.503847
869178450.198782,1.3008430000000002
869178451.739585,1.466236
869178453.3365741,1.534108
869178454.8921659,1.490045
869178456.438573,1.483577
869178457.8159139,1.3180189999999998
869178459.3512939,1.471722
869178461.062797,1.649162
869178462.618217,1.505422
869178464.120772,1.4401259999999998
869178465.514526,1.34397
869178466.992929,1.4162370000000002
869178468.317688,1.277301
869178469.825438,1.442163
869178471.371112,1.489414
869178472.845029,1.417445
869178474.387942,1.47724
869178475.9187571,1.4565839999999999
869178477.668022,1.686838
869178479.074607,1.347713
869178480.569992,1.447886
869178481.9925251,1.3551380000000002
869178483.5838109,1.52838
869178485.149477,1.495085
869178486.702566,1.487453
869178488.270646,1.520728
869178489.87055,1.550293
869178491.4439831,1.525872
869178493.0237409,1.507167
869178494.565116,1.475592
869178496.231772,1.579869
869178497.8320429,1.534107
869178499.4316779,1.525495
869178500.979853,1.485664
869178502.40465,1.358433
869178503.999344,1.520386
869178505.596643,1.503741
869178507.2147961,1.555777
869178508.59272,1.323346
869178510.172649,1.514723
869178511.688173,1.444205
869178513.382523,1.631454
869178514.943954,1.495618
869178516.7845501,1.77819
869178518.268339,1.411991
869178519.882403,1.551072
869178521.559809,1.615277
869178523.149967,1.515913
869178524.7577009,1.544397
869178526.29044,1.466609
869178528.467253,2.1050449999999996
869178530.041539,1.499586
869178531.596063,1.4924199999999999
869178533.126773,1.468294
869178534.610192,1.417708
869178536.0570511,1.390249
869178537.600686,1.477279
869178539.1507651,1.4754749999999999
869178540.6681429,1.454612
869178542.2548779,1.520726
869178543.858392,1.527285
869178545.434402,1.5133889999999999
869178546.940634,1.4400579999999998
869178548.5307059,1.5273960000000002
869178549.925701,1.312118
869178551.241282,1.264494
869178552.706429,1.413857
869178554.081389,1.3012849999999998
869178555.406512,1.27348
869178556.948653,1.470174
869178558.530897,1.516581
869178560.0603291,1.466397
869178561.562181,1.4474749999999998
869178563.053378,1.428612
869178564.632927,1.516732
869178566.122315,1.4238199999999999
869178567.5464981,1.361378
869178569.015531,1.4172740000000001
869178570.573288,1.491788
869178572.1025889,1.466885
869178573.550421,1.378233
869178575.032026,1.418714
869178576.470409,1.375956
869178578.002405,1.478174
869178579.443478,1.389974
869178581.022024,1.527189
869178582.604178,1.515654
869178584.174309,1.5079710000000002
869178585.880141,1.6399839999999999
869178587.297294,1.35455
869178588.8926809,1.543659
869178590.5215139,1.562453
869178592.1958369,1.588884
869178593.7651969,1.503014
869178595.302742,1.474798
869178596.952147,1.58675
869178598.458971,1.44058
869178600.1671929,1.645561
869178601.821466,1.587997
869178603.833426,1.948879
869178605.475439,1.578997
869178607.089242,1.547995
869178608.764307,1.612595
869178610.262927,1.433438
869178611.893679,1.567931
869178613.57231,1.616232
869178615.1321551,1.506081
869178616.632138,1.437422
869178618.176474,1.4784329999999999
869178619.654468,1.415235
869178621.1088871,1.40299
869178622.4447211,1.270665
869178623.843475,1.347406
869178625.3196771,1.413707
869178626.814207,1.428887
869178628.1742439,1.297472
869178629.536787,1.291946
869178631.009742,1.4107239999999999
869178632.313402,1.2525279999999999
869178633.7970071,1.410091
869178635.163757,1.3044669999999998
869178636.5711161,1.359685
869178637.897635,1.260651
869178639.165552,1.198864
869178640.564765,1.329377
869178641.890547,1.253406
869178643.1082419,1.17081
869178644.5435809,1.388174
869178645.8987429,1.28888
869178647.112576,1.166288
869178648.528093,1.3685310000000002
869178649.87701,1.282872
869178651.3254429,1.37663
869178653.373667,1.9857690000000001
869178654.784117,1.34511
869178656.024798,1.189541
869178657.516393,1.435064
869178658.9714761,1.383663
869178660.454019,1.420075
869178661.759568,1.2519090000000002
869178663.2251661,1.3953360000000001
869178664.684141,1.396617
869178666.079693,1.34184
869178667.389585,1.247069
869178668.827637,1.386753
869178670.294962,1.401355
869178671.6735439,1.327271
869178673.126776,1.402064
869178674.5558851,1.375545
869178676.032183,1.413542
869178677.569065,1.469293
869178678.9350721,1.314532
869178680.4017581,1.404266
869178681.741577,1.285684
869178683.186381,1.382551
869178684.487306,1.230683
869178685.940422,1.387631
869178687.355685,1.363977
869178688.70307,1.284868
869178690.109377,1.3524850000000002
869178691.421396,1.249444
869178692.669744,1.196992
869178694.158321,1.42344
869178695.4123651,1.2029370000000001
869178696.905928,1.4306510000000001
869178698.304774,1.324478
869178699.701858,1.3458299999999999
869178701.026119,1.2529430000000001
869178702.3243049,1.244278
869178703.654086,1.2676020000000001
869178705.1214631,1.4039949999999999
869178706.382304,1.186339
869178707.795926,1.366118
869178709.221059,1.3534140000000001
869178710.651222,1.364463
869178711.990182,1.2917399999999999
869178713.45037,1.370905
869178714.6816,1.181865
869178716.158649,1.415654
869178717.478121,1.253754
869178718.950013,1.408797
869178720.385476,1.38399
869178721.867872,1.4171019999999999
869178723.2794989,1.3605379999999998
869178724.590599,1.248684
869178725.9906659,1.345323
869178727.634275,1.59212
869178729.1657109,1.4687750000000002
869178730.602682,1.3707019999999999
869178732.055014,1.38958
869178733.49202,1.3708069999999999
869178734.947454,1.392508
869178736.44744,1.437592
869178737.843613,1.3466699999999998
869178739.247396,1.341365
869178740.542043,1.2473269999999999
869178741.904068,1.312284
869178743.296741,1.329759
869178744.5540481,1.20581
869178746.048969,1.4288269999999998
869178747.537926,1.417607
869178748.9886451,1.388373
869178750.449666,1.4075540000000002
869178751.88153,1.3632410000000001
869178753.259749,1.316039
869178754.509941,1.1966819999999998
869178755.933558,1.360636
869178757.3696159,1.384514
869178758.802058,1.3786479999999999
869178760.108182,1.253187
869178761.5862811,1.4122139999999999
869178762.964031,1.3266669999999998
869178764.408525,1.382002
869178765.730107,1.2674509999999999
869178767.223685,1.431393
869178768.737967,1.451966
869178770.221611,1.4177009999999999
869178771.665839,1.356896
869178773.05779,1.344271
869178774.326646,1.203473
869178775.6909009,1.316961
869178777.474448,1.721043
869178779.124796,1.600636
869178780.730207,1.5543390000000001
869178782.217875,1.43358
869178783.634341,1.353753
869178784.8972319,1.211503
869178786.3641291,1.413056
869178787.779359,1.363999
869178789.085582,1.231548
869178790.502676,1.358186
869178791.835755,1.270258
869178793.281068,1.3687610000000001
869178794.705162,1.365109
869178796.13871,1.376913
869178797.4768001,1.2632649999999999
869178798.973749,1.4344329999999998
869178800.40976,1.37918
869178801.878921,1.403699
869178803.32689,1.3861819999999998
869178804.670021,1.295701
869178806.053076,1.333631
869178807.3190521,1.2034770000000001
869178808.5358319,1.1694229999999999
869178809.914953,1.304486
869178811.2514449,1.273831
869178812.694726,1.3953740000000001
869178814.119388,1.358759
869178815.671204,1.4887940000000002
869178817.090031,1.367033
869178818.521437,1.366153
869178819.933331,1.3605749999999999
869178821.367541,1.3390419999999998
869178822.705682,1.272392
869178824.142312,1.369028
869178825.660537,1.453324
869178827.099974,1.376771
869178828.401405,1.23511
869178829.843783,1.388352
869178831.275034,1.369213
869178832.584896,1.258575
869178834.050533,1.411481
869178835.411391,1.285254
869178836.666892,1.2042540000000002
869178838.10317,1.382287
869178839.623756,1.4579849999999999
869178840.986975,1.300408
869178842.323364,1.271049
869178843.662089,1.287313
869178845.1279229,1.414177
869178846.639392,1.4456479999999998
869178848.219387,1.528391
869178849.830451,1.5456050000000001
869178851.321204,1.439161
869178852.788816,1.41577
869178854.413179,1.558218
869178856.081207,1.605268
869178857.64991,1.5002380000000002
869178859.246624,1.533486
869178860.859469,1.5266050000000002
869178862.464732,1.5384520000000002
869178864.077257,1.549573
869178865.460788,1.3177729999999999
869178866.958521,1.4353390000000001
869178868.5345811,1.528416
869178870.131504,1.5310700000000002
869178871.7037561,1.509339
869178873.2783171,1.511881
869178874.815634,1.470929
869178876.373365,1.510568
869178877.9238839,1.491266
869178879.48546,1.487429
869178881.259686,1.6354430000000002
869178882.872913,1.547053
869178884.342074,1.406155
869178885.929753,1.521589
869178887.410238,1.423986
869178888.956925,1.48373
869178890.551423,1.528704
869178892.1223359,1.5193400000000001
869178893.603508,1.414957
869178895.159914,1.504871
869178896.509508,1.280311
869178898.078668,1.515294
869178899.568309,1.438115
869178901.252656,1.62133
869178903.518863,2.199797
869178905.3948109,1.812996
869178907.2380531,1.765849
869178909.1199601,1.819321
869178910.948122,1.7624389999999999
869178912.464684,1.4442030000000001
869178914.0468479,1.5164659999999999
869178915.559575,1.44936
869178917.163725,1.52934
869178918.773083,1.53331
869178920.259866,1.4239330000000001
869178921.899458,1.580529
869178923.5116119,1.5496590000000001
869178925.1398779,1.565741
869178926.7590129,1.553377
869178928.337749,1.515594
869178929.915413,1.511254
869178931.567785,1.5890399999999998
869178933.194448,1.564097
869178934.8138291,1.5450119999999998
869178936.454655,1.567638
869178938.114841,1.5946529999999999
869178939.66475,1.486988
869178941.213135,1.476229
869178942.77425,1.4951770000000002
869178944.308302,1.471446
869178945.953588,1.567933
869178947.5136961,1.497507
869178949.180207,1.603253
869178950.636459,1.37951
869178952.2240089,1.531225
869178953.862399,1.57203
869178955.5059409,1.580751
869178957.089288,1.5201399999999998
869178958.703938,1.5488520000000001
869178960.15289,1.3864960000000002
869178961.711596,1.4864730000000002
869178963.255286,1.4921369999999998
869178964.877904,1.5593409999999999
869178966.404184,1.46021
869178967.9489809,1.482001
869178969.414592,1.37974
869178970.945786,1.4769430000000001
869178972.4907509,1.4927009999999998
869178974.0767859,1.520015
869178975.5922331,1.46373
869178976.9407431,1.29674
869178978.875092,1.868215
869178980.418802,1.481194
869178982.0477799,1.562979
869178983.691713,1.5809559999999998
869178985.282362,1.527617
869178986.888116,1.539584
869178988.444419,1.493487
869178989.8487151,1.3383710000000002
869178991.375029,1.4632880000000001
869178992.985724,1.5483149999999999
869178994.542354,1.49025
869178996.167543,1.5625330000000002
869178997.874864,1.641102
869178999.481951,1.544532
869179001.135672,1.590433
869179002.68523,1.4835289999999999
869179004.300591,1.55254
869179005.934095,1.567129
869179007.6208681,1.62357
869179009.217881,1.534187
869179010.777949,1.49414
869179012.396819,1.556796
869179013.988981,1.526344
869179015.589553,1.537871
869179017.0463849,1.393951
869179018.651809,1.5389080000000002
869179020.205046,1.4904549999999999
869179021.798075,1.527337
869179023.4542911,1.59325
869179025.0495809,1.532759
869179026.738974,1.623525
869179028.6623629,1.8602020000000001
869179030.324754,1.596202
869179032.032521,1.64485
869179033.669874,1.568968
869179035.1246561,1.391881
869179036.6548439,1.467432
869179038.2557421,1.534909
869179039.86299,1.5442310000000001
869179041.382989,1.4574340000000001
869179042.9651129,1.516181
869179044.551782,1.524048
869179046.198622,1.5806660000000001
869179047.8384,1.577102
869179049.472566,1.5711080000000002
869179051.0879871,1.5494180000000002
869179052.5791351,1.4280460000000001
869179054.1689969,1.524023
869179055.767484,1.5356400000000001
869179057.437397,1.6071220000000002
869179059.0359291,1.532834
869179060.65773,1.536036
869179062.284849,1.542552
869179063.815569,1.467773
869179065.443414,1.565129
869179066.935338,1.426251
869179068.5639851,1.566011
869179070.21695,1.586936
869179071.8417231,1.562032
869179073.42291,1.5050949999999998
869179075.071614,1.582851
869179076.684715,1.55034
869179078.310521,1.559611
869179079.8855051,1.512626
869179081.338045,1.404979
869179082.7464399,1.3375730000000001
869179084.2832919,1.474195
869179085.911975,1.579237
869179087.514598,1.5550410000000001
869179089.171606,1.594017
869179090.7267469,1.495852
869179092.314575,1.525703
869179093.8645439,1.470483
869179095.342152,1.414965
869179096.876493,1.477921
869179098.431208,1.495317
869179099.984314,1.480116
869179101.59314,1.519383
869179103.20578,1.546997
869179104.828328,1.5598070000000002
869179106.449638,1.5554869999999998
869179108.128372,1.616243
869179109.8394121,1.644735
869179111.512584,1.610915
869179113.13025,1.570357
869179114.756552,1.5518509999999999
869179116.363844,1.544882
869179118.0400671,1.610264
869179119.629348,1.526565
869179121.295738,1.6031929999999999
869179122.890327,1.528965
869179124.562034,1.608801
869179126.276201,1.6476520000000001
869179127.795463,1.4568599999999998
869179129.440809,1.5894329999999999
869179131.0664899,1.5597910000000001
869179132.75891,1.6300100000000002
869179134.3748031,1.549588
869179136.04827,1.601544
869179137.687096,1.567326
869179139.325105,1.574967
869179140.967504,1.570915
869179142.6329831,1.599345
869179144.2656549,1.562188
869179145.890468,1.5587039999999999
869179147.545807,1.592698
869179149.169673,1.5613249999999999
869179150.692459,1.4568370000000002
869179152.761006,2.005901
869179154.651874,1.824885
869179156.503116,1.774769
869179158.106092,1.5436619999999999
869179159.699591,1.536634
869179161.298391,1.542746
869179162.98853,1.60053
869179164.378969,1.334066
869179165.798414,1.353827
869179167.439927,1.578676
869179169.007437,1.4931079999999999
869179170.5909641,1.517734
869179172.252056,1.598341
869179173.8428481,1.52464
869179175.4865079,1.592365
869179177.100572,1.538776
869179178.6419361,1.468724
869179180.261061,1.556519
869179181.898028,1.5709929999999999
869179183.334197,1.372768
869179184.8300079,1.439384
869179186.3833671,1.4927219999999999
869179187.788985,1.3429119999999999
869179189.357142,1.4933290000000001
869179190.847211,1.424547
869179192.37989,1.470153
869179193.963337,1.5246350000000002
869179195.357593,1.320851
869179196.70019,1.2689419999999998
869179198.210376,1.444283
869179199.600275,1.327502
869179201.030288,1.377655
869179202.417611,1.321757
869179203.781814,1.313336
869179205.308851,1.475939
869179206.584536,1.221999
869179207.8325,1.196749
869179209.290326,1.4066230000000002
869179210.556687,1.2007949999999998
869179211.940538,1.3325209999999998
869179213.3749859,1.348409
869179214.799635,1.3708069999999999
869179216.110806,1.241985
869179217.376711,1.211794
869179218.79371,1.354333
869179220.112989,1.24745
869179221.383801,1.21655
869179222.8055371,1.3587989999999999
869179224.1521881,1.284241
869179225.616242,1.398266
869179227.449446,1.770221
869179228.9246709,1.4070109999999998
869179230.457124,1.4667510000000001
869179231.936098,1.416093
869179233.421146,1.422598
869179234.8296261,1.3381070000000002
869179236.126741,1.2349780000000001
869179237.347523,1.177642
869179238.80822,1.3803590000000001
869179240.23682,1.3663690000000002
869179241.530778,1.251206
869179242.866672,1.295017
869179244.233508,1.325443
869179245.662583,1.363134
869179247.07087,1.352072
869179248.541329,1.3965589999999999
869179249.923969,1.3164559999999998
869179251.369905,1.3895979999999999
869179252.779202,1.32253
869179254.1629541,1.306374
869179255.581547,1.355012
869179257.1475381,1.509279
869179258.4833039,1.269852
869179259.975513,1.424458
869179261.482157,1.410269
869179263.007537,1.458922
869179264.502286,1.4475449999999999
869179265.974015,1.4220059999999999
869179267.5443511,1.52315
869179268.961899,1.360524
869179270.544278,1.516471
869179272.144469,1.5261719999999999
869179273.5963249,1.386379
869179275.110972,1.451716
869179276.726644,1.55237
869179278.659968,1.867313
869179280.4735789,1.762431
869179282.330693,1.802711
869179284.057484,1.656052
869179285.892282,1.78045
869179287.797037,1.841914
869179289.337589,1.469505
869179290.959391,1.555917
869179292.336236,1.3141500000000002
869179293.91615,1.51387
869179295.287468,1.308757
869179296.842384,1.4920650000000002
869179298.2449651,1.336843
869179299.783829,1.475847
869179301.266386,1.4195410000000002
869179302.819978,1.4870720000000002
869179304.257771,1.3747010000000002
869179305.793708,1.4859529999999999
869179307.352097,1.495894
869179308.948374,1.533782
869179310.243863,1.225227
869179311.5792949,1.2880070000000001
869179312.900761,1.250931
869179314.327975,1.373188
869179315.8391441,1.4378769999999998
869179317.335353,1.433388
869179318.84141,1.439167
869179320.355844,1.451802
869179321.924788,1.51501
869179323.254215,1.27764
869179324.846157,1.519245
869179326.4428749,1.530715
869179327.8533881,1.347675
869179329.421977,1.517033
869179330.9922531,1.515938
869179332.349233,1.294205
869179333.8562721,1.4533260000000001
869179335.312463,1.3831360000000001
869179336.968519,1.59347
869179338.550122,1.507055
869179340.193438,1.580495
869179341.822873,1.563456
869179343.458607,1.572703
869179345.0059351,1.484507
869179346.455897,1.3844370000000001
869179347.927754,1.401509
869179349.509757,1.530465
869179351.11932,1.5442850000000001
869179352.664192,1.4819410000000002
869179354.324117,1.594047
869179355.949608,1.5628790000000001
869179357.4539859,1.416591
869179358.919413,1.415654
869179360.450302,1.4680730000000002
869179362.0118589,1.4955770000000002
869179363.474048,1.3996760000000001
869179364.992981,1.471687
869179366.53804,1.478885
869179367.982386,1.396775
869179369.582357,1.4994699999999999
869179371.0309199,1.383185
869179372.612302,1.518952
869179374.196862,1.518496
869179375.790488,1.530464
869179377.2222,1.369087
869179378.701411,1.420291
869179380.234836,1.462774
869179381.698276,1.397405
869179383.1330351,1.383351
869179384.457364,1.2731789999999998
869179385.9342519,1.422946
869179387.538293,1.540959
869179389.038456,1.4378380000000002
869179390.556927,1.464047
869179392.151003,1.531701
869179393.5937179,1.3750769999999999
869179395.249715,1.593704
869179396.839516,1.538638
869179398.428014,1.523172
869179400.098279,1.619129
869179401.7277681,1.563029
869179403.42701,1.625128
869179405.336949,1.8475169999999999
869179407.19927,1.802826
869179408.7959601,1.540022
869179410.336038,1.480148
869179411.903742,1.50508
869179413.541622,1.5658180000000002
869179415.0877969,1.480612
869179416.578689,1.4279950000000001
869179418.1268389,1.4822069999999998
869179419.6103489,1.420944
869179421.1798381,1.515804
869179422.763606,1.5182550000000001
869179424.230612,1.404511
869179425.771495,1.4610079999999999
869179427.1404569,1.3056
869179428.433666,1.2175930000000001
869179429.678177,1.189982
869179431.114767,1.373885
869179432.359047,1.181765
869179433.5757021,1.162305
869179435.0415549,1.41451
869179436.303058,1.209597
869179437.852932,1.482968
869179439.49254,1.576662
869179440.7782589,1.222935
869179442.170155,1.342028
869179443.570745,1.3344209999999999
869179444.847772,1.2297099999999999
869179446.0999049,1.202032
869179447.313481,1.165743
869179448.7781191,1.4018629999999999
869179449.975147,1.143038
869179451.232642,1.205661
869179452.569435,1.273876
869179454.011351,1.375915
869179455.392644,1.3303180000000001
869179456.7180649,1.262575
869179457.897895,1.104501
869179459.116327,1.166561
869179460.381015,1.217021
869179461.8020929,1.370895
869179463.0856241,1.220925
869179464.504277,1.371361
869179465.644802,1.090154
869179466.787472,1.0953060000000001
869179467.949598,1.113744
869179469.40013,1.3626090000000002
869179470.6755309,1.223463
869179472.163901,1.425246
869179473.487318,1.269325
869179474.847072,1.296764
869179476.11476,1.216504
869179477.51474,1.3456329999999999
869179478.917467,1.3507669999999998
869179480.214873,1.234605
869179481.685553,1.405117
869179483.076592,1.327998
869179484.336087,1.197102
869179485.467389,1.084739
869179486.6381301,1.10822
869179487.7446661,1.062524
869179488.892254,1.103394
869179490.092764,1.134503
869179491.238188,1.10127
869179492.3413869,1.059073
869179493.439491,1.052153
869179501.665612,8.181687
869179503.022808,1.288642
869179504.417301,1.347467
869179505.679333,1.212112
869179507.016236,1.2738420000000001
869179508.313171,1.231738
869179509.6614649,1.282646
869179511.0243989,1.300869
869179512.4359759,1.349648
869179513.823743,1.32267
869179515.377872,1.491758
869179516.875334,1.435352
869179518.246601,1.30568
869179519.584281,1.275104
869179520.932656,1.2859900000000002
869179522.278299,1.280221
869179523.459867,1.109193
869179524.6532689,1.1500679999999999
869179525.789976,1.091659
869179527.8005929,1.9676670000000003
869179529.5165809,1.6622640000000002
869179531.154742,1.5927149999999999
869179532.834892,1.6199750000000002
869179534.222877,1.329505
869179535.740825,1.4555010000000002
869179537.2566259,1.459995
869179538.7773631,1.4554150000000001
869179540.232123,1.392558
869179541.437775,1.14671
869179542.781471,1.287795
869179544.236359,1.391871
869179545.6758269,1.385414
869179546.987956,1.260762
869179548.38536,1.334715
869179549.953664,1.514683
869179551.437319,1.432544
869179552.635906,1.147059
869179553.9083159,1.218359
869179555.480171,1.508723
869179556.837416,1.29474
869179558.325198,1.4217959999999998
869179559.7212889,1.3440539999999999
869179561.023564,1.250922
869179562.533348,1.442996
869179564.111451,1.524874
869179565.723237,1.55818
869179567.243948,1.45787
869179568.8189399,1.511986
869179570.3775951,1.484038
869179571.9291381,1.488421
869179573.433025,1.4408960000000002
869179574.9588089,1.471839
869179576.442382,1.431798
869179578.1618611,1.626602
869179579.6899639,1.46034
869179581.298955,1.546321
869179582.761412,1.396441
869179584.306159,1.4931510000000001
869179585.737626,1.377542
869179587.112924,1.311949
869179588.6798971,1.500945
869179590.2582431,1.524207
869179591.7283261,1.418424
869179593.325664,1.5345859999999998
869179594.904853,1.524458
869179596.441691,1.463838
869179598.0874829,1.578611
869179599.634956,1.48407
869179601.239864,1.540472
869179602.662181,1.3560130000000001
869179604.232132,1.506748
869179605.691725,1.3931040000000001
869179607.294753,1.5404870000000002
869179608.8685969,1.511404
869179610.447559,1.513048
869179612.067551,1.5555320000000001
869179613.639161,1.504459
869179614.9539529,1.244381
869179616.392325,1.391075
869179617.865728,1.423124
869179619.310742,1.380252
869179620.7768949,1.4189479999999999
869179622.208615,1.381188
869179623.63454,1.362994
869179625.2233651,1.5257269999999998
869179626.809328,1.4881250000000001
869179628.382752,1.499917
869179629.81588,1.3669699999999998
869179631.317592,1.445233
869179632.8916739,1.516419
869179634.408372,1.4560179999999998
869179635.949867,1.477907
869179637.436126,1.397774
869179638.826716,1.33646
869179640.268057,1.389459
869179641.66094,1.3264340000000001
869179643.232224,1.5000689999999999
869179644.828076,1.531993
869179646.439753,1.5459239999999999
869179647.95873,1.4559849999999999
869179649.5456129,1.4976010000000002
869179651.126055,1.526791
869179652.9462891,1.757146
869179654.769351,1.754181
869179656.560495,1.739373
869179658.3535249,1.718826
869179660.130547,1.7251949999999998
869179661.962588,1.766368
869179663.4704291,1.443331
869179665.051145,1.517724
869179666.63153,1.5140609999999999
869179667.990345,1.296103
869179669.506385,1.425684
869179671.050284,1.481249
869179672.440599,1.328052
869179674.005341,1.51068
869179675.471836,1.397932
869179676.901199,1.357607
869179678.5085721,1.541354
869179680.1250701,1.5521289999999999
869179681.704854,1.513469
869179683.271231,1.503155
869179684.918812,1.5755540000000001
869179686.555584,1.5617590000000001
869179688.062303,1.4434319999999998
869179689.680962,1.552174
869179691.2206221,1.467712
869179692.806394,1.5230409999999999
869179694.382645,1.510313
869179695.9565351,1.511217
869179697.5606059,1.526086
869179699.159513,1.539148
869179700.818736,1.602355
869179702.216526,1.337858
869179703.815223,1.535039
869179705.392366,1.514136
869179706.7210699,1.2629659999999998
869179708.031857,1.239887
869179709.4435129,1.339391
869179710.7398881,1.244602
869179712.050893,1.247947
869179713.5152149,1.408625
869179714.980919,1.4024210000000001
869179716.4903909,1.4469699999999999
869179717.802629,1.258146
869179719.280776,1.415481
869179720.75353,1.410108
869179722.218476,1.375458
869179723.669632,1.388146
869179724.9673921,1.250281
869179726.3709879,1.331383
869179727.603726,1.1852150000000001
869179729.104416,1.437463
869179730.532586,1.3619809999999999
869179731.799984,1.205359
869179733.016585,1.178552
869179734.39533,1.304658
869179735.65803,1.218898
869179736.870558,1.168604
869179738.072438,1.155524
869179739.549005,1.4142759999999999
869179740.8741839,1.281655
869179742.2654669,1.344662
869179743.6987289,1.3703910000000001
869179745.19066,1.428935
869179746.6111751,1.3662139999999998
869179748.103049,1.411611
869179749.359124,1.202173
869179750.597969,1.18713
869179752.036164,1.3753579999999999
869179753.422927,1.3315510000000002
869179754.732847,1.246759
869179756.135628,1.3554789999999999
869179757.418209,1.217138
869179758.633274,1.167713
869179759.89429,1.19849
869179761.355523,1.392082
869179762.651441,1.2304309999999998
869179764.077575,1.3637359999999998
869179765.3687079,1.241264
869179766.780661,1.3491110000000002
869179768.169239,1.341253
869179769.4952769,1.260104
869179770.772822,1.2149050000000001
869179772.273836,1.453792
869179773.790313,1.444243
869179775.12219,1.269242
869179776.512216,1.342601
869179778.492978,1.9086319999999999
869179780.3230101,1.7673940000000001
869179782.134332,1.757055
869179783.916051,1.718968
869179785.7192249,1.740478
869179787.224169,1.43896
869179788.807556,1.52037
869179790.2970489,1.4239000000000002
869179791.819224,1.459232
869179793.422357,1.540578
869179794.946576,1.458481
869179796.496606,1.487503
869179798.1058781,1.543479
869179799.802303,1.633429
869179801.466532,1.6016050000000002
869179803.008921,1.488046
869179804.553421,1.4931320000000001
869179806.156223,1.536233
869179807.7002449,1.4811640000000001
869179809.249717,1.497848
869179810.7155039,1.411418
869179812.2246081,1.4192639999999999
869179813.787339,1.49617
869179815.302646,1.4640650000000002
869179816.6733501,1.3077539999999999
869179818.270908,1.543565
869179819.8671451,1.528683
869179821.478958,1.5490709999999999
869179823.023349,1.4787979999999998
869179824.6720309,1.58615
869179826.220975,1.4897790000000002
869179827.710614,1.426811
869179829.276419,1.509371
869179830.770458,1.428707
869179832.318133,1.473038
869179833.66551,1.2873649999999999
869179835.240289,1.518632
869179836.592264,1.2954659999999998
869179838.161603,1.5034210000000001
869179839.8041841,1.5798640000000002
869179841.4250981,1.5581589999999998
869179842.953025,1.4532150000000001
869179844.536417,1.507956
869179846.140638,1.5380820000000002
869179847.686338,1.4830780000000001
869179849.259887,1.501668
869179850.827438,1.502097
869179852.6198349,1.74106
869179854.165599,1.4792290000000001
869179855.780655,1.551633
869179857.3394749,1.4958040000000001
869179858.860512,1.4551589999999999
869179860.4694481,1.5462550000000002
869179862.009224,1.46761
869179863.5500259,1.477325
869179865.092646,1.47975
869179866.403901,1.259591
869179867.928847,1.462074
869179869.416211,1.417332
869179871.016307,1.533647
869179872.634728,1.544517
869179874.133997,1.4398440000000001
869179875.7397809,1.5347169999999999
869179877.298655,1.496464
869179878.880629,1.516316
869179880.290197,1.346888
869179881.703332,1.353705
869179883.313381,1.547188
869179884.947962,1.571559
869179886.550028,1.536027
869179888.186478,1.566498
869179889.8406849,1.588098
869179891.39548,1.491688
869179892.9530109,1.49512
869179894.506339,1.498923
869179896.135047,1.565631
869179897.683268,1.4825890000000002
869179899.229943,1.489733
869179900.801237,1.4956990000000001
869179902.886332,2.005189
869179904.616431,1.656386
869179906.370306,1.688164
869179908.105755,1.679346
869179909.796263,1.6317110000000001
869179911.4864991,1.61316
869179912.8795971,1.336748
869179914.153217,1.207507
869179915.60788,1.391686
869179916.935516,1.265106
869179918.4125099,1.4022080000000001
869179919.8451761,1.369957
869179921.116868,1.219973
869179922.400346,1.188127
869179923.860356,1.408792
869179925.220614,1.294211
869179926.714127,1.427796
869179928.148055,1.382747
869179929.68119,1.466941
869179931.1882789,1.434526
869179932.674906,1.423365
869179934.160545,1.419621
869179935.670998,1.4478469999999999
869179937.01194,1.286405
869179938.575126,1.4977230000000001
869179940.168926,1.545982
869179941.570875,1.336201
869179943.052774,1.418701
869179944.376374,1.272397
869179945.873685,1.443394
869179947.4051111,1.468434
869179948.798888,1.341977
869179950.244472,1.391394
869179951.581628,1.274526
869179953.011971,1.378941
869179954.574244,1.4963389999999999
869179955.9220899,1.285287
869179957.406654,1.433204
869179959.001479,1.521613
869179960.432646,1.379518
869179961.965139,1.4578200000000001
869179963.528228,1.500164
869179964.921448,1.3416730000000001
869179966.420914,1.433798
869179968.024273,1.540202
869179969.582196,1.501481
869179971.132386,1.487606
869179972.610377,1.4264709999999998
869179974.19645,1.519949
869179975.863192,1.6034860000000002
869179977.637578,1.722563
869179979.3047249,1.601068
869179980.93489,1.5674949999999999
869179982.523064,1.52208
869179984.1110721,1.525598
869179985.756814,1.5796189999999999
869179987.3556769,1.535505
869179988.968121,1.549558
869179990.493994,1.459829
869179992.092533,1.5358990000000001
869179993.413041,1.270324
869179994.901798,1.441217
869179996.462547,1.4975120000000002
869179998.044977,1.5169569999999999
869179999.590241,1.482493
869180001.251148,1.5977400000000002
869180002.869381,1.540499
869180004.4850781,1.529992
869180006.099517,1.548866
869180007.537466,1.375257
869180008.946341,1.346154
869180010.552903,1.5408380000000002
869180012.142123,1.5152379999999999
869180013.566931,1.359105
869180015.088614,1.458778
869180016.457196,1.316897
869180018.046311,1.522656
869180019.662359,1.5530920000000001
869180021.27754,1.55236
869180022.9449381,1.6015350000000002
869180024.562925,1.555161
869180026.154707,1.517684
869180028.259924,2.0428669999999998
869180030.834458,2.50833
869180033.400102,2.503013
869180035.797706,2.331509
869180038.100588,2.239826
869180040.42083,2.254043
869180042.6655381,2.178202
869180044.994585,2.255023
869180047.065456,2.010851
869180049.352675,2.239881
869180051.667388,2.2652449999999997
869180054.000524,2.285599
869180056.186311,2.136034
869180058.508042,2.2494680000000002
869180060.839912,2.269104
869180063.053978,2.143974
869180065.3595669,2.241499
869180067.240447,1.8151650000000001
869180069.415435,2.1234729999999997
869180071.666539,2.1974020000000003
869180073.9142,2.19627
869180076.200234,2.2360919999999997
869180078.522847,2.256694
869180080.7112131,2.125795
869180082.9170951,2.1395429999999998
869180085.256352,2.270899
869180087.13476,1.8046060000000002
869180089.328865,2.142252
869180091.4402571,2.057972
869180093.622833,2.1307650000000002
869180095.8671241,2.178994
869180098.037528,2.102085
869180100.296604,2.1930460000000003
869180102.5559,2.187672
869180104.852136,2.24843
869180107.0422109,2.123731
869180109.4425,2.337819
869180111.826531,2.318634
869180114.23342,2.343817
869180116.5583991,2.2591400000000004
869180118.83483,2.210578
869180121.112153,2.2142160000000004
869180123.377568,2.199446
869180125.472261,2.031896
869180127.673957,2.135808
869180129.954412,2.198079
869180132.213854,2.201101
869180134.6050321,2.32535
869180137.064188,2.373156
869180139.3568571,2.226344
869180141.646278,2.226795
869180144.036764,2.324423
869180146.339009,2.234783
869180148.60061,2.1986839999999996
869180150.9787229,2.312119
869180153.492537,2.451018
869180156.10513,2.546515
869180158.480331,2.309453
869180160.7764931,2.233782
869180163.016579,2.174147
869180165.196826,2.117254
869180167.585197,2.3223330000000004
869180169.968006,2.319787
869180172.3549291,2.321216
869180174.679236,2.258063
869180177.025765,2.283728
869180179.3738971,2.28253
869180181.78447,2.347626
869180184.179177,2.328908
869180186.570946,2.325054
869180188.691875,2.058177
869180190.9706811,2.2131030000000003
869180193.360541,2.326778
869180195.722361,2.2957009999999998
869180198.029372,2.243865
869180200.241528,2.146257
869180202.6477771,2.340491
869180205.003202,2.292824
869180207.416401,2.3473349999999997
869180209.6549131,2.175185
869180212.04145,2.320744
869180214.2907419,2.180968
869180216.347736,1.991216
869180218.700335,2.30607
869180220.95187,2.1889779999999996
869180223.167256,2.169238
869180225.369316,2.157965
869180227.630229,2.214458
869180229.868822,2.1755210000000003
869180232.266039,2.331263
869180234.636799,2.304206
869180236.891103,2.191388
869180239.055127,2.098126
869180241.294286,2.1759269999999997
869180243.581738,2.221362
869180245.814777,2.170594
869180248.167936,2.287511
869180249.9980251,1.753066
869180252.271041,2.228991
869180254.5340149,2.197061
869180256.843079,2.238632
869180259.1442649,2.246971
869180261.447168,2.2400559999999996
869180263.767978,2.255214
869180265.906622,2.091128
869180268.316458,2.343913
869180270.485178,2.1023959999999997
869180272.516202,1.962919
869180274.600315,2.0341069999999997
869180276.8996739,2.236713
869180279.372688,2.3826210000000003
869180281.8520449,2.427729
869180284.3268399,2.420653
869180286.734181,2.352935
869180288.933606,2.147462
869180291.17847,2.174271
869180293.4475211,2.217684
869180295.594106,2.0929719999999996
869180297.849742,2.204433
869180300.159447,2.259815
869180302.270786,2.0618939999999997
869180304.400512,2.0670390000000003
869180306.733563,2.2834909999999997
869180308.961416,2.180358
869180311.104316,2.077039
869180313.3918079,2.2357679999999998
869180315.550113,2.1040870000000003
869180317.46821,1.85516
869180319.80949,2.2660929999999997
869180321.976592,2.115284
869180324.20651,2.164144
869180326.5482659,2.2758969999999996
869180328.8605521,2.260944
869180331.105459,2.178613
869180333.408257,2.240049
869180335.755116,2.29273
869180337.909037,2.090372
869180340.219537,2.244612
869180342.3382651,2.05296
869180344.489986,2.089069
869180346.8312219,2.275213
869180349.203335,2.3090710000000003
869180351.625686,2.356362
869180354.0032879,2.306537
869180356.3517159,2.282425
869180358.6398189,2.2218989999999996
869180360.962824,2.255687
869180363.1462021,2.1174399999999998
869180365.431836,2.22285
869180367.5282711,2.050194
869180369.88999,2.2985369999999996
869180372.103009,2.14143
869180374.140498,1.9718520000000002
869180376.386648,2.194923
869180378.7916521,2.339306
869180381.0178701,2.174642
869180383.222399,2.150363
869180385.536198,2.262259
869180387.85841,2.256369
869180390.0879459,2.149529
869180392.3244301,2.182666
869180394.649173,2.270191
869180396.97349,2.2612650000000003
869180399.089753,2.044797
869180401.3608611,2.207916
869180404.337593,2.911044
869180406.8857609,2.498213
869180409.360468,2.407204
869180411.6617169,2.235225
869180413.9424399,2.207312
869180416.1306591,2.1291819999999997
869180418.339106,2.1491890000000002
869180420.520016,2.103449
869180422.890864,2.321148
869180425.233089,2.295017
869180427.427465,2.14472
869180429.524504,2.049919
869180431.8313811,2.257117
869180434.076791,2.1977390000000003
869180435.981193,1.838847
869180438.294871,2.240984
869180440.502536,2.153767
869180442.77924,2.2227390000000002
869180445.0541619,2.212181
869180447.3448911,2.236639
869180449.691861,2.2841139999999998
869180451.744109,1.986466
869180454.08638,2.293664
869180456.197249,2.060981
869180458.59373,2.330252
869180461.160379,2.504664
869180463.473513,2.25066
869180465.8491321,2.308567
869180468.151487,2.248056
869180470.1244501,1.919049
869180472.2787861,2.1028219999999997
869180474.616444,2.271599
869180476.951787,2.2727619999999997
869180479.5575811,2.169702
869180481.802708,2.197496
869180484.161357,2.2926689999999996
869180486.399181,2.186876
869180488.5434539,2.081431
869180490.774248,2.1647010000000004
869180493.140738,2.3035289999999997
869180495.445877,2.238984
869180497.694873,2.197665
869180499.863833,2.103458
869180501.9844509,2.057681
869180504.18257,2.132336
869180506.672031,2.423777
869180508.8722531,2.15274
869180511.1038411,2.182019
869180513.151899,2.000399
869180515.3676349,2.166064
869180517.446225,2.015352
869180519.698275,2.178719
869180521.991542,2.242043
869180524.249958,2.2041220000000004
869180526.455348,2.139211
869180529.392392,2.874072
869180531.93609,2.4742140000000004
869180534.489652,2.49082
869180536.7804741,2.236977
869180538.7548131,1.9200860000000002
869180541.087039,2.2765910000000003
869180543.4461701,2.293126
869180545.484879,1.9818510000000003
869180547.689397,2.126584
869180549.965868,2.219659
869180552.28128,2.249759
869180554.404719,2.057436
869180556.753112,2.27881
869180558.96599,2.146534
869180561.3140271,2.2849250000000003
869180563.663433,2.260233
869180566.026556,2.292318
869180568.244981,2.152176
869180570.5511241,2.2408200000000003
869180572.888655,2.2862709999999997
869180575.221036,2.2581089999999997
869180577.579337,2.2955509999999997
869180579.8724769,2.227206
869180582.1789479,2.254899
869180584.471966,2.238839
869180586.7439721,2.217142
869180588.9876161,2.192276
869180591.2869819,2.233751
869180593.486127,2.1479009999999996
869180595.6627151,2.122258
869180598.017086,2.2916410000000003
869180600.2195301,2.14817
869180602.5753441,2.289883
869180604.8567829,2.22949
869180607.074788,2.1516360000000003
869180609.2669649,2.12744
869180611.561089,2.2477310000000004
869180613.738695,2.114308
869180615.939915,2.13248
869180618.312657,2.289185
869180620.437253,2.0701069999999997
869180622.66978,2.1665590000000003
869180624.93463,2.213048
869180627.2151049,2.205046
869180629.525254,2.247168
869180631.8195,2.219633
869180633.889728,2.0189090000000003
869180636.063805,2.1201969999999997
869180638.274462,2.144393
869180640.354911,2.010027
869180642.355605,1.9346299999999998
869180644.4766849,2.0490880000000002
869180646.625668,2.094656
869180648.783453,2.081591
869180650.894944,2.0453580000000002
869180653.424896,2.46726
869180655.281914,1.802857
869180657.2602911,1.9129170000000002
869180659.3353679,2.009256
869180661.300028,1.917362
869180663.419258,2.053172
869180665.652012,2.1701189999999997
869180667.765588,2.046585
869180669.989792,2.161333
869180672.220552,2.165077
869180674.570053,2.283452
869180676.819275,2.186534
869180679.040632,2.1717519999999997
869180681.3331361,2.230153
869180683.480799,2.082005
869180685.798723,2.270243
869180687.929811,2.081561
869180690.351128,2.358883
869180692.220537,1.8154510000000001
869180694.591081,2.298244
869180696.85945,2.216948
869180698.939723,2.014721
869180701.304109,2.277688
869180703.5554329,2.179128
869180705.817267,2.210333
869180707.922946,2.055706
869180710.2230619,2.237225
869180712.2344749,1.940369
869180714.550399,2.250408
869180716.6995729,2.10181
869180718.619594,1.8540519999999998
869180720.889444,2.207128
869180722.9663701,2.027094
869180725.194133,2.165186
869180727.631418,2.371097
869180729.763478,2.0690079999999997
869180731.8199459,1.9895580000000002
869180734.025998,2.143226
869180735.8934059,1.798904
869180737.9801999,2.032022
869180739.968475,1.931813
869180742.048824,2.006512
869180744.079468,1.975209
869180746.13539,1.989804
869180748.281657,2.0829400000000002
869180750.305355,1.95787
869180752.239057,1.8707559999999999
869180754.3385551,2.053616
869180756.175666,1.793288
869180758.272682,2.0509880000000003
869180760.328894,1.990235
869180762.436016,2.041842
869180764.4004699,1.920908
869180766.416259,1.9661069999999998
869180768.544776,2.0659549999999998
869180770.581975,1.966281
869180772.712857,2.0676390000000002
869180774.73868,1.955273
869180776.713438,1.927677
869180779.046118,2.2830630000000003
869180781.373472,2.279915
869180783.637129,2.189171
869180785.97097,2.270928
869180788.282079,2.2564859999999998
869180790.216817,1.868987
869180792.064443,1.796331
869180794.1553911,2.036923
869180796.218468,2.000513
869180798.078737,1.810545
869180800.097752,1.949679
869180801.981418,1.834006
869180803.9221281,1.893237
869180806.0159869,2.031799
869180807.984422,1.918903
869180810.0209551,1.949063
869180811.897115,1.8050989999999998
869180813.998393,2.053972
869180815.867473,1.819556
869180817.962191,2.021367
869180819.949679,1.916422
869180821.892342,1.855234
869180823.7211571,1.758631
869180825.928887,2.160576
869180828.149833,2.154045
869180830.253945,2.037246
869180832.330207,2.010836
869180834.5942279,2.198414
869180836.701676,2.060511
869180838.850035,2.098861
869180840.953211,2.0552159999999997
869180843.204258,2.184547
869180845.460326,2.1885670000000004
869180847.674482,2.1485879999999997
869180849.465898,1.728675
869180851.572386,2.0413580000000002
869180853.951804,2.33203
869180856.088996,2.070767
869180858.2881811,2.133311
869180860.407696,2.0752829999999998
869180862.63407,2.158221
869180864.8735191,2.1769179999999997
869180867.052519,2.1326140000000002
869180869.354134,2.238863
869180871.659932,2.239559
869180873.8949821,2.1725339999999997
869180876.2737371,2.3129410000000004
869180878.4534119,2.120238
869180880.738322,2.210355
869180883.006414,2.18758
869180885.153437,2.084148
869180887.371212,2.1678349999999997
869180889.565562,2.1138670000000004
869180891.912356,2.280701
869180893.931759,1.956967
869180896.318859,2.314526
869180898.669811,2.2970479999999998
869180901.038581,2.297622
869180903.460927,2.367355
869180905.540144,1.997581
869180907.724085,2.1183069999999997
869180909.8845509,2.1090459999999998
869180912.208252,2.269522
869180914.2453641,1.982985
869180916.58401,2.275453
869180918.807232,2.157309
869180921.223641,2.353418
869180923.529413,2.256287
869180925.809803,2.23259
869180928.036688,2.155756
869180930.200297,2.095844
869180932.488785,2.236855
869180934.8274499,2.2727720000000002
869180937.217916,2.327575
869180939.569843,2.285763
869180941.878068,2.2457789999999997
869180944.1483841,2.199982
869180946.093459,1.87626
869180948.427579,2.270698
869180950.8166571,2.322668
869180953.049258,2.1704749999999997
869180955.151821,2.053035
869180957.479654,2.271395
869180959.67242,2.138896
869180961.957126,2.233174
869180964.126204,2.114805
869180966.434258,2.2422079999999998
869180968.5687131,2.086875
869180970.81797,2.159005
869180973.125274,2.259735
869180975.251611,2.076905
869180977.5722599,2.273276
869180979.942377,2.316319
869180982.3717841,2.343412
869180984.731454,2.293481
869180987.114307,2.316479
869180989.049644,1.868679
869180991.409138,2.293254
869180993.6668351,2.194696
869180995.9131559,2.180217
869180998.194798,2.237885
869181000.417619,2.176696
869181002.70296,2.219347
869181004.918078,2.15189
869181007.303844,2.30824
869181009.640041,2.261546
869181012.02915,2.3299610000000004
869181014.323226,2.242361
869181016.4553341,2.085451
869181018.740535,2.23546
869181020.950621,2.147009
869181023.094743,2.078083
869181025.139359,1.9764510000000002
869181027.752545,2.546655
869181030.2443689,2.429262
869181032.104833,1.806647
869181033.979534,1.820031
869181035.8220351,1.779539
869181037.4352859,1.545158
869181039.075936,1.5748069999999998
869181040.578886,1.4291880000000001
869181042.188995,1.544111
869181043.822904,1.559624
869181045.4575009,1.5717299999999998
869181046.940103,1.416794
869181048.587249,1.572932
869181050.259408,1.5962859999999999
869181051.875014,1.539166
869181053.420134,1.4827219999999999
869181054.9674801,1.487892
869181056.5952799,1.564743
869181058.152066,1.490871
869181059.711863,1.48549
869181061.371863,1.596913
869181062.964126,1.512934
869181064.5572311,1.529959
869181066.1568379,1.540501
869181067.760926,1.552573
869181069.425416,1.601775
869181070.930591,1.439006
869181072.488353,1.4951560000000002
869181074.063691,1.509809
869181075.624349,1.5093979999999998
869181077.2111449,1.535196
869181078.8261861,1.549213
869181080.471302,1.58243
869181082.138544,1.601158
869181083.778512,1.577538
869181085.29972,1.458401
869181086.874963,1.5094699999999999
869181088.5209011,1.559988
869181090.164302,1.577002
869181091.7802,1.553177
869181093.402392,1.55918
869181094.972126,1.504129
869181096.52252,1.503064
869181098.172735,1.6004120000000002
869181099.712902,1.476302
869181101.255264,1.479932
869181102.749928,1.444833
869181104.384269,1.571565
869181105.925167,1.4755809999999998
869181107.469859,1.481229
869181109.101484,1.568779
869181110.542544,1.375067
869181112.111758,1.506328
869181113.5806279,1.3858620000000001
869181115.097861,1.454602
869181116.361149,1.198521
869181117.881217,1.4736930000000001
869181119.4635409,1.519308
869181121.1419489,1.615356
869181122.7227961,1.514572
869181124.290727,1.50485
869181125.789017,1.432242
869181127.342013,1.496272
869181128.933579,1.534966
869181130.4399899,1.447424
869181132.040527,1.537475
869181133.684811,1.576626
869181135.262099,1.514557
869181136.861787,1.536578
869181138.434441,1.513155
869181140.0681751,1.564308
869181141.691645,1.5569250000000001
869181143.192915,1.43833
869181144.773757,1.52945
869181146.366976,1.5271670000000002
869181147.9207001,1.502393
869181149.572617,1.58889
869181151.1622031,1.523908
869181153.457638,2.232945
869181155.355821,1.823013
869181157.233016,1.821157
869181159.0834881,1.7907419999999998
869181160.6780161,1.519619
869181162.2617279,1.5176129999999999
869181163.73247,1.408158
869181165.290581,1.501601
869181166.748406,1.382833
869181168.267012,1.4559
869181169.7433751,1.4104
869181171.319822,1.520144
869181172.8044679,1.427848
869181174.4505199,1.580274
869181176.16186,1.64898
869181177.768199,1.540483
869181179.301882,1.4800740000000001
869181180.807889,1.4546080000000001
869181182.372342,1.494093
869181183.905215,1.4705810000000001
869181185.516663,1.5600559999999999
869181187.115376,1.524482
869181188.6529909,1.4668420000000002
869181190.211485,1.492726
869181191.671195,1.385083
869181193.053498,1.319412
869181194.5136579,1.3825580000000002
869181196.12357,1.535026
869181197.52024,1.336538
869181199.037262,1.4605709999999998
869181200.617487,1.517675
869181202.2307681,1.558935
869181203.827947,1.534418
869181205.3642291,1.4650830000000001
869181206.779541,1.349486
869181208.2973541,1.4662819999999999
869181209.689691,1.321878
869181211.184551,1.43233
869181212.630373,1.374603
869181214.1836951,1.4791299999999998
869181215.868965,1.622358
869181217.452567,1.520896
869181219.097748,1.579207
869181220.6485441,1.478774
869181222.196305,1.4816580000000001
869181223.7261701,1.4785490000000001
869181225.083641,1.3058919999999998
869181226.495801,1.346732
869181227.819407,1.267264
869181229.346077,1.464064
869181230.922147,1.510157
869181232.406193,1.420898
869181233.949376,1.47726
869181235.557605,1.545493
869181237.199303,1.579057
869181238.824167,1.5589300000000001
869181240.3829911,1.491257
869181241.8905361,1.44137
869181243.469173,1.5350050000000002
869181245.048556,1.516767
869181246.674111,1.559326
869181248.205106,1.468689
869181249.7999741,1.5263989999999998
869181251.3956051,1.5327439999999999
869181252.953698,1.495447
869181254.555082,1.5353750000000002
869181256.195968,1.578271
869181257.7896531,1.528233
869181259.3862209,1.5333759999999999
869181260.881328,1.438399
869181262.2505101,1.309392
869181263.924969,1.611602
869181265.60446,1.616785
869181267.201354,1.530885
869181268.652488,1.379494
869181270.274966,1.5565399999999998
869181271.924983,1.587356
869181273.498857,1.511129
869181275.107539,1.55437
869181276.823675,1.6532499999999999
869181278.451927,1.5521289999999999
869181280.327899,1.813669
869181282.214628,1.8277919999999999
869181283.682701,1.393732
869181285.20908,1.438996
869181286.772345,1.4977770000000001
869181288.334067,1.4988899999999998
869181289.980324,1.579881
869181291.588716,1.551537
869181293.220565,1.539437
869181294.87151,1.573451
869181296.493917,1.5598070000000002
869181298.1830361,1.62316
869181299.856137,1.599188
869181301.4180789,1.4856509999999998
869181303.032794,1.548059
869181304.6189929,1.523463
869181306.0668031,1.388308
869181307.571056,1.441417
869181309.107617,1.473936
869181310.595714,1.42862
869181312.226827,1.568132
869181313.932391,1.640137
869181315.563628,1.574849
869181317.1962179,1.580835
869181318.646074,1.377746
869181320.2145071,1.496823
869181321.7400789,1.459965
869181323.377276,1.574095
869181324.939078,1.49878
869181326.577538,1.572146
869181328.2266979,1.586043
869181329.741704,1.4407599999999998
869181331.187417,1.393998
869181332.623767,1.373519
869181334.101939,1.413157
869181335.679753,1.525972
869181337.229522,1.4808359999999998
869181338.866073,1.570065
869181340.44772,1.518611
869181341.9331189,1.418749
869181343.5780389,1.582009
869181345.21434,1.573925
869181346.6807339,1.400216
869181348.272526,1.529016
869181349.77511,1.436245
869181351.336282,1.4987080000000002
869181352.7082189,1.324283
869181354.179931,1.405934
869181355.805321,1.5613759999999999
869181357.477675,1.609032
869181359.048989,1.505406
869181360.5392641,1.427063
869181362.115835,1.5105069999999998
869181363.713135,1.53521
869181365.333352,1.566006
869181366.937778,1.5389030000000001
869181368.487381,1.4864060000000001
869181370.154328,1.601089
869181371.8352671,1.6177920000000001
869181373.3331599,1.434415
869181374.865717,1.4664949999999999
869181376.226904,1.309831
869181377.726024,1.4450349999999998
869181379.2076089,1.410414
869181380.8652489,1.594919
869181382.556723,1.6251289999999998
869181384.24316,1.5996700000000001
869181385.770371,1.456131
869181387.35068,1.517498
869181388.946025,1.532393
869181390.532634,1.520746
869181392.144021,1.5399129999999999
869181393.7296441,1.519895
869181395.24488,1.45232
869181396.7687869,1.4722380000000002
869181398.119368,1.296222
869181399.5554279,1.379649
869181401.031471,1.4197330000000001
869181402.898239,1.801013
869181404.7256981,1.7706709999999999
869181406.56204,1.7769750000000002
869181408.4025409,1.777511
869181409.9736439,1.51176
869181411.410144,1.3738380000000001
869181412.9062171,1.422454
869181414.385299,1.413092
869181415.915505,1.473261
869181417.503302,1.5246549999999999
869181419.0686071,1.4994470000000002
869181420.515661,1.384238
869181421.8584111,1.265774
869181423.417553,1.502834
869181425.0223551,1.5420209999999999
869181426.641761,1.5528009999999999
869181428.2557191,1.550836
869181429.8559301,1.522459
869181431.392738,1.473716
869181432.9201851,1.464691
869181434.4863211,1.50077
869181436.0875411,1.5494860000000001
869181437.7325959,1.578535
869181439.134871,1.339203
869181440.513632,1.327235
869181442.2059231,1.625735
869181443.825003,1.543117
869181445.441622,1.554053
869181446.959176,1.451225
869181448.604612,1.582545
869181450.061939,1.3914170000000001
869181451.557989,1.444631
869181453.0479281,1.427268
869181454.599055,1.4768979999999998
869181456.220651,1.5589849999999998
869181457.8742169,1.587708
869181459.402455,1.476674
869181460.9986819,1.533406
869181462.555462,1.490852
869181464.402498,1.7726
869181465.93451,1.472696
869181467.491571,1.494691
869181468.859733,1.3051320000000002
869181470.2235531,1.304334
869181471.707889,1.403785
869181473.202294,1.438026
869181474.621228,1.3419459999999999
869181475.897194,1.228529
869181477.516369,1.571921
869181478.9404399,1.3739
869181480.335183,1.307584
869181481.757204,1.356228
869181483.328267,1.508422
869181484.813621,1.422342
869181486.420127,1.540703
869181487.8863361,1.402942
869181489.47521,1.526228
869181490.951177,1.409722
869181492.503973,1.490205
869181494.035244,1.4655429999999998
869181495.595577,1.497743
869181497.127394,1.4690459999999999
869181498.7575849,1.564468
869181500.3218621,1.500855
869181501.902288,1.514456
869181503.363475,1.3986020000000001
869181504.970307,1.543815
869181506.577675,1.541389
869181508.068666,1.428361
869181509.610126,1.474864
869181511.087009,1.404296
869181512.705789,1.555628
869181514.2519491,1.480422
869181515.796,1.472418
869181517.37456,1.515794
869181518.992287,1.5515430000000001
869181520.443897,1.379883
869181522.018312,1.5085439999999999
869181523.428056,1.3579320000000001
869181524.9680109,1.476939
869181526.3771639,1.334983
869181528.573643,2.1452899999999997
869181530.410895,1.761297
869181532.037979,1.5751300000000001
869181533.635134,1.528656
869181534.998199,1.306557
869181536.536059,1.481606
869181538.176776,1.564751
869181539.7549541,1.521655
869181541.343102,1.516216
869181542.848116,1.439056
869181544.43902,1.517463
869181546.084121,1.578671
869181547.726611,1.579453
869181549.204497,1.415441
869181550.8541939,1.583852
869181552.463218,1.546967
869181554.023438,1.506111
869181555.613901,1.527441
869181557.247726,1.562705
869181558.824187,1.510768
869181560.2311261,1.3436819999999998
869181561.697648,1.4078389999999998
869181563.267137,1.506854
869181564.833609,1.50389
869181566.421487,1.528314
869181567.977756,1.493614
869181569.6362629,1.563776
869181571.250066,1.548336
869181572.8434559,1.530273
869181574.393476,1.4770180000000002
869181575.969501,1.513309
869181577.564199,1.482613
869181579.204999,1.575012
869181580.68252,1.415126
869181582.3222779,1.565159
869181583.873044,1.477302
869181585.524856,1.588814
869181587.097768,1.506834
869181588.6574451,1.496524
869181590.179895,1.456426
869181591.7227391,1.48014
869181593.1491289,1.3698160000000001
869181594.734689,1.520401
869181596.209691,1.418395
869181597.637402,1.3615350000000002
869181599.083627,1.394265
869181600.6306549,1.4753509999999999
869181602.5997651,1.903528
869181604.301999,1.638912
869181605.881006,1.5133379999999998
869181607.468467,1.524851
869181609.0499389,1.5182200000000001
869181610.674238,1.54382
869181612.1710969,1.448759
869181613.735855,1.498449
869181615.201368,1.4182979999999998
869181616.670169,1.399307
869181618.033187,1.2898930000000002
869181619.483685,1.381048
869181621.061002,1.514606
869181622.667904,1.5297100000000001
869181624.130259,1.399489
869181625.588364,1.382976
869181627.122542,1.459367
869181628.498128,1.312711
869181630.071118,1.513536
869181631.6717399,1.5376610000000002
869181633.307629,1.56094
869181634.837757,1.4506759999999999
869181636.3807149,1.480256
869181637.8975021,1.441695
869181639.309685,1.3494629999999999
869181640.79532,1.434027
869181642.306128,1.431494
869181643.948802,1.5796880000000002
869181645.447292,1.402091
869181647.075117,1.5373620000000001
869181648.632303,1.493668
869181650.1133219,1.41505
869181651.711383,1.526471
869181653.465652,1.6833639999999999
869181655.240265,1.7208510000000001
869181656.679471,1.3680940000000001
869181658.200483,1.455073
869181659.738685,1.4754559999999999
869181661.21595,1.414785
869181662.683001,1.401698
869181664.153104,1.413576
869181665.620125,1.400757
869181667.098928,1.41522
869181668.59236,1.430836
869181670.018096,1.356492
869181671.432013,1.3667259999999999
869181672.8182629,1.3241189999999998
869181674.29079,1.4052120000000001
869181675.692664,1.3388950000000002
869181677.16593,1.41103
869181678.4057341,1.167085
869181679.612454,1.159643
869181681.0204201,1.360749
869181682.4696649,1.381738
869181683.9302901,1.398052
869181685.351059,1.369434
869181686.674059,1.257965
869181688.135979,1.410833
869181689.598699,1.397338
869181690.8832201,1.2212429999999999
869181692.313426,1.367474
869181693.640686,1.273021
869181695.092646,1.389774
869181696.356205,1.212524
869181697.777425,1.347629
869181699.0984701,1.269774
869181700.480729,1.3190719999999998
869181701.942367,1.395845
869181703.407108,1.401929
869181704.738809,1.268454
869181706.226423,1.421741
869181707.4814351,1.2042059999999999
869181708.887605,1.358833
869181710.260767,1.3072590000000002
869181711.596763,1.273461
869181713.117594,1.451602
869181714.556596,1.373097
869181715.9225769,1.3187579999999999
869181717.333782,1.364311
869181718.653977,1.254837
869181719.889057,1.18812
869181721.178379,1.2379870000000002
869181722.507013,1.262625
869181723.80697,1.2324
869181725.323171,1.454068
869181726.617382,1.240618
869181728.078496,1.4094000000000002
869181729.52108,1.37659
869181731.02209,1.4384190000000001
869181732.4930251,1.408344
869181733.768906,1.203049
869181735.277459,1.445942
869181736.5077311,1.186597
869181737.902517,1.348724
869181739.1639429,1.199198
869181740.3923941,1.184237
869181741.814942,1.3524749999999999
869181743.1331409,1.2552329999999998
869181744.570628,1.3746209999999999
869181746.0706451,1.433985
869181747.4671971,1.345101
869181748.748196,1.229315
869181750.201097,1.387521
869181751.619838,1.36694
869181752.971141,1.289192
869181754.239954,1.2143270000000002
869181755.740924,1.437858
869181757.2563419,1.452818
869181758.6584,1.336429
869181760.152608,1.424064
869181761.529262,1.323029
869181762.995157,1.4034119999999999
869181764.452634,1.406139
869181765.7468641,1.228357
869181766.961094,1.163002
869181768.412821,1.400043
869181769.831219,1.342592
869181771.24624,1.352123
869181772.6062909,1.30912
869181774.0027671,1.342511
869181775.474409,1.4091660000000001
869181777.3498479,1.813406
869181779.02011,1.6160919999999999
869181780.7037259,1.612302
869181782.356402,1.5987779999999998
869181783.7423011,1.334374
869181785.2191801,1.4143400000000002
869181786.642043,1.36942
869181788.083801,1.379337
869181789.513856,1.3641320000000001
869181790.949794,1.3630630000000001
869181792.214704,1.201983
869181793.6373271,1.356233
869181795.087759,1.387315
869181796.5563569,1.406175
869181797.8265619,1.210828
869181799.2744421,1.374256
869181800.621375,1.29029
869181802.062395,1.375543
869181803.542271,1.416719
869181804.977488,1.372561
869181806.202357,1.178741
869181807.6068649,1.360479
869181808.970024,1.283278
869181810.2392039,1.202543
869181811.6489279,1.36593
869181812.974607,1.263263
869181814.193426,1.172694
869181815.6460941,1.401365
869181816.921299,1.224011
869181818.380141,1.404859
869181819.746642,1.303893
869181821.0063109,1.2081279999999999
869181822.497726,1.425283
869181823.9378229,1.3883
869181825.351144,1.326018
869181826.652058,1.227133
869181828.149069,1.4455069999999999
869181829.6251911,1.404715
869181831.13412,1.446459
869181832.504967,1.308201
869181833.938836,1.367811
869181835.206207,1.215755
869181836.771957,1.502709
869181838.351134,1.505335
869181839.8910099,1.476899
869181841.476547,1.523102
869181842.8283651,1.28623
869181844.294033,1.397872
869181845.848553,1.488175
869181847.190122,1.2785870000000001
869181848.73311,1.480014
869181850.296284,1.4902929999999999
869181851.7947819,1.4355749999999998
869181853.560229,1.718276
869181855.0803189,1.4546979999999998
869181856.531178,1.387896
869181858.086569,1.489197
869181859.76822,1.6190499999999999
869181861.412824,1.581938
869181863.008891,1.529751
869181864.653716,1.582048
869181866.260798,1.5411089999999998
869181867.866853,1.543525
869181869.4540739,1.524981
869181871.03743,1.5178340000000001
869181872.522278,1.4222320000000002
869181874.160137,1.5718660000000002
869181875.766017,1.543153
869181877.408442,1.5799340000000002
869181878.887239,1.4247800000000002
869181880.436106,1.48589
869181882.074609,1.572819
869181883.718985,1.5926989999999999
869181885.341824,1.5597779999999999
869181887.011455,1.6038370000000002
869181888.437676,1.3746889999999998
869181889.89021,1.3967809999999998
869181891.475085,1.5221040000000001
869181893.081486,1.543635
869181894.7067599,1.559551
869181896.33639,1.5668380000000002
869181897.9906701,1.588183
869181899.566792,1.519951
869181901.056406,1.417351
869181903.156852,2.034467
869181904.958532,1.738879
869181906.746305,1.721538
869181908.452392,1.643592
869181909.98888,1.4702039999999998
869181911.44675,1.3946530000000001
869181912.935492,1.42577
869181914.2167699,1.215671
869181915.505411,1.22604
869181916.828747,1.260159
869181918.3146371,1.420277
869181919.805439,1.434007
869181921.265388,1.397078
869181922.697409,1.366187
869181924.2032449,1.449862
869181925.7349049,1.472206
869181927.135816,1.338244
869181928.40591,1.222615
869181929.774725,1.296656
869181931.023996,1.2018039999999999
869181932.311873,1.225541
869181933.768733,1.40709
869181935.0565399,1.2188050000000001
869181936.549858,1.445977
869181938.030231,1.4141299999999999
869181939.405989,1.3283520000000002
869181940.788396,1.331376
869181942.062465,1.220207
869181943.549011,1.423901
869181944.90564,1.269982
869181946.209135,1.226209
869181947.7248961,1.453311
869181949.1306579,1.3539940000000001
869181950.59136,1.394818
869181951.8913519,1.235645
869181953.450658,1.496911
869181954.924745,1.408374
869181956.293633,1.306802
869181957.7948979,1.424244
869181959.1094171,1.2520470000000001
869181960.3643241,1.2079790000000001
869181961.743573,1.329496
869181963.289568,1.483455
869181964.693958,1.341764
869181965.975728,1.2089850000000002
869181967.44364,1.405765
869181968.732172,1.236904
869181970.005541,1.219384
869181971.506406,1.4381190000000001
869181972.981476,1.4122780000000001
869181974.328873,1.281795
869181975.765358,1.374206
869181977.448431,1.6092870000000001
869181978.7907779,1.292628
869181980.272799,1.41932
869181981.7728721,1.43442
869181983.256551,1.420994
869181984.7434839,1.424156
869181986.268229,1.458822
869181987.7478801,1.417481
869181989.245422,1.434952
869181990.673497,1.3618860000000002
869181992.090672,1.3548099999999998
869181993.6140391,1.4577550000000001
869181995.073368,1.396557
869181996.395807,1.2596829999999999
869181997.914969,1.453374
869181999.394605,1.416693
869182000.7425779,1.285558
869182002.052934,1.243595
869182003.395836,1.2800349999999998
869182004.87479,1.4158169999999999
869182006.219953,1.279474
869182007.691885,1.4091360000000002
869182009.152747,1.3978
869182010.4968721,1.278141
869182011.908921,1.3496000000000001
869182013.1846349,1.231646
869182014.489603,1.2394260000000001
869182015.923146,1.36312
869182017.287977,1.297655
869182018.681795,1.3475430000000002
869182020.045014,1.2955029999999998
869182021.363485,1.271662
869182022.8352021,1.40873
869182024.2730451,1.374932
869182025.588789,1.262043
869182026.83033,1.189888
869182028.485253,1.583019
869182030.74266,2.203601
869182033.086768,2.2925340000000003
869182035.291807,2.11492
869182037.282301,1.927746
869182038.971563,1.635769
869182040.973493,1.950065
869182043.02718,1.9880840000000002
869182045.124819,2.035314
869182047.093217,1.902675
869182048.912087,1.759988
869182050.863893,1.905863
869182052.901848,1.9753589999999999
869182054.66593,1.7181430000000002
869182056.460229,1.750518
869182058.525583,2.0155529999999997
869182060.483137,1.895155
869182062.4577031,1.9153040000000001
869182064.1451269,1.631045
869182066.037179,1.842578
869182067.9525679,1.86769
869182069.851769,1.80924
869182071.738612,1.837018
869182073.8562629,2.0701180000000003
869182075.943974,2.037476
869182077.99914,1.998738
869182080.046038,1.996951
869182082.111269,2.005097
869182083.813596,1.654714
869182085.880801,2.019954
869182087.983537,2.052937
869182090.014151,1.951899
869182091.90209,1.828878
869182093.9690391,2.019597
869182095.6092,1.589474
869182097.31542,1.642735
869182099.309463,1.943438
869182100.928606,1.571455
869182102.846069,1.8676490000000001
869182104.9621271,2.0527599999999997
869182107.125464,2.097284
869182109.155642,1.9673160000000003
869182111.111721,1.8902459999999999
869182112.916896,1.742918
869182114.61774,1.65764
869182116.404125,1.73082
869182118.208139,1.747848
869182119.814441,1.558648
869182121.7610741,1.883501
869182123.67346,1.8375620000000001
869182125.7177819,1.9965460000000002
869182127.864802,2.081247
869182129.7381841,1.8107
869182131.381245,1.594397
869182133.022181,1.594621
869182134.597604,1.5308089999999999
869182136.648991,1.9980259999999999
869182138.300771,1.602952
869182139.911849,1.564441
869182141.771208,1.8040910000000001
869182143.611523,1.7754590000000001
869182145.236026,1.5624669999999998
869182147.136235,1.834903
869182148.728485,1.5306790000000001
869182150.2777561,1.5064469999999999
869182152.544382,2.214435
869182154.806438,2.1953620000000003
869182157.039284,2.186594
869182159.2613649,2.17346
869182161.581943,2.2736639999999997
869182163.6422291,1.994951
869182165.697406,1.999424
869182167.662667,1.90012
869182169.523305,1.799089
869182171.590343,2.008853
869182173.7409259,2.088238
869182175.855379,2.049328
869182177.965555,2.063263
869182179.917894,1.8847429999999998
869182182.128226,2.154371
869182184.295729,2.1018209999999997
869182186.4772379,2.131688
869182188.536768,1.9972660000000002
869182190.849563,2.2467810000000004
869182193.011724,2.099918
869182195.164466,2.1034780000000004
869182197.512493,2.3007790000000004
869182199.5141779,1.921333
869182201.73894,2.176552
869182203.7320559,1.922256
869182205.966659,2.186946
869182208.159485,2.1270529999999996
869182210.411324,2.1859290000000002
869182212.795916,2.3218259999999997
869182215.2190039,2.356809
869182217.555254,2.271309
869182219.8264071,2.1967000000000003
869182221.946895,2.0500819999999997
869182223.978024,1.977257
869182226.311688,2.238674
869182228.975381,2.597444
869182231.271397,2.230398
869182233.34269,2.008807
869182235.367304,1.978815
869182237.199588,1.788431
869182239.131961,1.885904
869182240.940666,1.765228
869182242.8437691,1.85663
869182244.922703,2.0110900000000003
869182246.944087,1.966842
869182249.108311,2.1000799999999997
869182251.2447411,2.06976
869182253.270404,1.9628150000000002
869182255.287063,1.9628100000000002
869182257.45014,2.089726
869182259.4464741,1.920113
869182261.603933,2.094592
869182263.616163,1.9466139999999998
869182265.802357,2.134956
869182268.08363,2.22559
869182270.427473,2.277348
869182272.683923,2.193358
869182274.874428,2.124542
869182276.936264,1.992716
869182279.321834,2.3132029999999997
869182281.6887311,2.319802
869182284.195884,2.4572550000000004
869182286.695108,2.4319430000000004
869182288.9132429,2.131188
869182291.2052001,2.217902
869182293.3883849,2.1190290000000003
869182295.320543,1.877965
869182297.697254,2.314056
869182299.943723,2.192133
869182302.2976741,2.2660869999999997
869182304.44097,2.077683
869182306.69997,2.1932169999999998
869182308.969161,2.206112
869182311.051297,2.032373
869182313.367613,2.241665
869182315.479277,2.061711
869182317.282716,1.7563
869182319.608944,2.276499
869182321.8636789,2.203383
869182323.916249,1.9870759999999998
869182326.122527,2.1551259999999997
869182328.309155,2.132634
869182330.646109,2.282712
869182332.8936579,2.1849130000000003
869182335.12818,2.1683879999999998
869182337.2300341,2.0548279999999997
869182339.378334,2.0986
869182341.698003,2.272128
869182343.963618,2.211874
869182346.288809,2.2542730000000004
869182348.556119,2.212843
869182350.674812,2.052915
869182352.8076631,2.07006
869182355.2340131,2.360777
869182357.608262,2.311644
869182359.552218,1.894158
869182361.5704631,1.955197
869182363.745081,2.10882
869182366.017362,2.206426
869182368.3076661,2.224335
869182370.568104,2.194299
869182372.837203,2.20545
869182375.037898,2.134106
869182377.361494,2.2760670000000003
869182379.565266,2.154363
869182381.780157,2.158306
869182383.816929,1.970744
869182386.156231,2.283597
869182388.473727,2.251833
869182390.8253839,2.272276
869182392.989438,2.1075500000000003
869182395.145687,2.090428
869182397.364409,2.171784
869182399.557742,2.143591
869182401.675228,2.0699989999999997
869182404.169762,2.4249549999999997
869182406.646149,2.410488
869182409.110982,2.413331
869182411.3894229,2.212913
869182413.7941489,2.341866
869182416.0266759,2.1784209999999997
869182418.3225219,2.227573
869182420.566107,2.180447
869182422.8848939,2.25165
869182425.230477,2.293716
869182427.5584431,2.2617420000000004
869182429.820225,2.1720189999999997
869182432.201524,2.27842
869182434.511671,2.25645
869182436.7668201,2.2039590000000002
869182438.9719491,2.139476
869182441.2605231,2.225437
869182443.532394,2.206233
869182445.880243,2.2860530000000003
869182448.063593,2.134274
869182450.343634,2.22989
869182452.455328,2.047828
869182454.70518,2.200343
869182456.9450799,2.191214
869182459.1458551,2.146988
869182461.539278,2.330286
869182463.8939921,2.2889559999999998
869182466.0765951,2.120098
869182468.369317,2.2393389999999997
869182470.725764,2.302308
869182473.121693,2.333713
869182475.326868,2.155024
869182477.559778,2.170413
869182479.869937,2.2440200000000003
869182482.1649461,2.232614
869182484.395539,2.151688
869182486.526627,2.0846620000000002
869182488.580354,1.990725
869182490.773242,2.1274789999999997
869182493.113222,2.295942
869182495.357031,2.190004
869182497.567161,2.158456
869182499.8897041,2.248399
869182502.2196549,2.260299
869182504.55053,2.277086
869182506.840358,2.235033
869182509.120703,2.2289
869182511.453565,2.266803
869182513.616021,2.099759
869182515.677496,1.9882060000000001
869182517.974885,2.234388
869182520.334841,2.2945230000000003
869182522.710533,2.320959
869182524.844542,2.0635369999999997
869182527.450244,2.5515849999999998
869182529.950427,2.42967
869182532.2059029,2.201555
869182534.43784,2.159123
869182536.7262931,2.237647
869182538.926121,2.1454769999999996
869182541.027124,2.038212
869182543.3809121,2.2800730000000002
869182545.580073,2.148422
869182547.803991,2.170065
869182550.1337179,2.278108
869182552.334183,2.135011
869182554.550417,2.150754
869182556.832988,2.231484
869182558.9370819,2.030168
869182561.354165,2.354718
869182563.555958,2.13632
869182565.817624,2.19112
869182567.985787,2.10244
869182570.238373,2.140248
869182572.479283,2.1700999999999997
869182574.752774,2.2242
869182576.876886,2.0769170000000003
869182578.786743,1.8431170000000001
869182581.097012,2.246631
869182583.415105,2.252001
869182585.552432,2.085604
869182587.411782,1.793718
869182589.723799,2.2660229999999997
869182591.953367,2.175646
869182594.308142,2.282627
869182596.529864,2.1680509999999997
869182598.8874451,2.282672
869182600.88763,1.949099
869182603.214418,2.2768509999999997
869182605.435556,2.1583200000000002
869182607.802397,2.3017100000000004
869182610.2721729,2.406764
869182612.643124,2.305428
869182614.9966941,2.287682
869182617.300072,2.2407630000000003
869182619.380893,2.0157529999999997
869182621.397082,1.9721819999999999
869182623.613924,2.1705840000000003
869182626.0097259,2.33338
869182628.268983,2.2006
869182630.422223,2.0939180000000004
869182632.7064869,2.2278279999999997
869182634.991377,2.20825
869182637.170927,2.105786
869182639.437932,2.196525
869182641.700685,2.215621
869182643.9830489,2.2326759999999997
869182646.3317441,2.280421
869182648.620774,2.21381
869182650.5968449,1.926845
869182652.825284,2.160066
869182654.966896,2.0752129999999998
869182656.9622979,1.921526
869182659.048059,2.0317149999999997
869182661.213927,2.114669
869182663.444792,2.1650620000000003
869182665.615988,2.100355
869182667.913439,2.2319750000000003
869182670.100705,2.139855
869182672.259527,2.088085
869182674.59051,2.264654
869182676.7757269,2.113652
869182679.010785,2.185118
869182681.106954,2.0486
869182683.233334,2.055033
869182685.54605,2.250228
869182687.6600829,2.048104
869182689.846599,2.1150539999999998
869182692.2114769,2.2959780000000003
869182694.356355,2.090645
869182696.543959,2.124287
869182698.82894,2.219474
869182701.129808,2.2254359999999997
869182703.408293,2.2125719999999998
869182705.5832729,2.106529
869182707.871943,2.2036640000000003
869182710.118303,2.198705
869182711.946244,1.7529659999999998
869182714.075147,2.081699
869182716.287827,2.159084
869182718.6177809,2.2762
869182720.939576,2.270256
869182723.271385,2.2664769999999996
869182725.5924,2.258288
869182727.653609,1.9954819999999998
869182730.0265801,2.3102050000000003
869182732.320852,2.22885
869182734.743528,2.356928
869182737.061937,2.255597
869182739.2491671,2.121373
869182741.555214,2.262008
869182743.6511849,2.030423
869182745.788106,2.0747109999999997
869182747.478427,1.644135
869182749.430928,1.883099
869182751.563955,2.0678099999999997
869182753.557603,1.930957
869182755.6685231,2.057622
869182757.8781029,2.1466990000000004
869182759.7285249,1.7856580000000002
869182761.73578,1.960158
869182763.813073,2.0278840000000002
869182765.955577,2.068753
869182768.0850451,2.0634550000000003
869182769.97452,1.8238219999999998
869182771.812627,1.7823579999999999
869182773.904506,2.0440850000000004
869182775.598831,1.619993
869182778.056895,2.4038419999999996
869182780.3203499,2.207479
869182782.686019,2.316219
869182785.017838,2.268758
869182787.3908241,2.29934
869182789.886435,2.419676
869182791.7864541,1.834933
869182793.827583,1.9737
869182795.7178171,1.824939
869182797.392208,1.624251
869182799.444156,2.0025440000000003
869182801.5047189,1.997702
869182803.79648,2.226199
869182805.9823049,2.123635
869182808.193439,2.1452459999999998
869182810.408998,2.149916
869182812.509985,2.038336
869182814.545837,1.970224
869182816.669545,2.076428
869182818.897519,2.178419
869182820.794586,1.82524
869182822.968625,2.100856
869182825.2405391,2.220114
869182827.365792,2.071379
869182829.508642,2.079959
869182831.4247601,1.850642
869182833.559134,2.086552
869182835.757051,2.120587
869182837.937253,2.114671
869182840.08436,2.08165
869182842.3237729,2.172537
869182844.501418,2.113915
869182846.7446821,2.1776389999999997
869182849.029797,2.23793
869182851.2051929,2.09965
869182853.9332911,2.65679
869182856.275204,2.276666
869182858.668071,2.327054
869182861.0160129,2.2848859999999998
869182863.293105,2.211579
869182865.672952,2.335915
869182867.749374,2.010812
869182869.9262961,2.133234
869182872.1249629,2.1531219999999998
869182874.1097721,1.930515
869182876.4262611,2.253793
869182878.741056,2.248465
869182881.043727,2.24051
869182883.133021,2.035209
869182885.478326,2.2985
869182887.7098249,2.182073
869182889.8264691,2.053778
869182892.20995,2.31803
869182894.3407019,2.081429
869182896.473372,2.0811010000000003
869182898.6879029,2.148809
869182900.962294,2.2035240000000003
869182903.367429,2.339462
869182905.5871899,2.1685659999999998
869182907.484924,1.844086
869182909.2788529,1.742478
869182911.300236,1.967866
869182913.454924,2.102813
869182915.3374491,1.8172469999999998
869182917.08443,1.6957
869182919.132489,1.9892320000000001
869182921.207275,2.012641
869182923.245525,1.972506
869182925.191568,1.901939
869182927.258185,2.000784
869182929.336685,2.016034
869182930.9836551,1.564335
869182932.932126,1.8884310000000002
869182934.942583,1.9607679999999998
869182936.733118,1.718886
869182938.8906621,2.107238
869182941.0517639,2.098481
869182943.223586,2.1058980000000003
869182945.5082359,2.222009
869182947.669524,2.095434
869182949.989481,2.257341
869182952.095327,2.040295
869182954.343459,2.197831
869182956.3054761,1.893597
869182958.474836,2.115414
869182960.9109371,2.384615
869182963.286839,2.30223
869182965.676498,2.3179220000000003
869182967.836583,2.085998
869182970.24247,2.34259
869182972.4499409,2.141792
869182974.6042969,2.088478
869182976.828691,2.137833
869182979.649564,2.7550790000000003
869182981.665444,1.971638
869182983.762497,2.0312949999999996
869182985.908449,2.0830599999999997
869182987.8607,1.885907
869182989.937305,2.01333
869182992.173327,2.182065
869182994.4144211,2.1750290000000003
869182996.544326,2.067369
869182998.8449789,2.246735
869183000.864365,1.968283
869183003.0417451,2.1229310000000003
869183005.300675,2.184147
869183007.6076411,2.236675
869183009.960209,2.289877
869183012.261668,2.221817
869183014.5383451,2.222915
869183016.7206509,2.110889
869183018.9366211,2.150136
869183021.316823,2.31709
869183023.394055,2.011123
869183025.526691,2.0696489999999996
869183028.34737,2.754664
869183030.9278181,2.509708
869183033.493451,2.495743
869183035.993719,2.4459210000000002
869183038.5540609,2.4614149999999997
869183040.923584,2.306943
869183043.079905,2.090497
869183045.279612,2.136935
869183047.546995,2.201959
869183049.818781,2.22045
869183052.0908769,2.217855
869183054.386783,2.2298869999999997
869183056.7636969,2.30447
869183058.932367,2.114336
869183061.098231,2.1144089999999998
869183063.4169501,2.245234
869183065.753947,2.274055
869183067.907766,2.088281
869183070.00244,2.043389
869183072.405075,2.328627
869183074.779107,2.319468
869183076.963886,2.122281
869183079.1659011,2.148414
869183081.32211,2.104489
869183083.374783,1.9987440000000003
869183085.6240951,2.178086
869183087.614438,1.925111
869183089.805884,2.1400230000000002
869183092.101682,2.2421849999999997
869183094.414608,2.2589200000000003
869183096.7337251,2.267744
869183098.699223,1.895273
869183100.67666,1.93034
869183102.7100401,1.966855
869183105.1030821,2.3299950000000003
869183107.346331,2.177571
869183109.726799,2.306631
869183111.963662,2.171115
869183114.13329,2.082787
869183116.2992641,2.119704
869183118.522104,2.133457
869183120.679518,2.085292
869183122.857835,2.103291
869183125.095801,2.175411
869183127.247136,2.085632
869183129.537776,2.219608
869183131.854223,2.2672399999999997
869183134.143354,2.241951
869183136.420089,2.226877
869183138.598762,2.12895
869183140.8130159,2.166897
869183143.175674,2.3081709999999998
869183145.427225,2.200167
869183147.818557,2.337203
869183150.0956789,2.214436
869183152.84006,2.678541
869183155.376111,2.4705109999999997
869183157.9591941,2.531828
869183160.419535,2.405758
869183162.992224,2.518806
869183165.519396,2.464191
869183167.561819,1.98313
869183169.83386,2.197263
869183172.029896,2.1218410000000003
869183173.850834,1.759668
869183175.947411,2.048751
869183178.1762761,2.141848
869183180.404525,2.161985
869183182.746718,2.27628
869183184.88185,2.066132
869183187.115731,2.149224
869183189.5003309,2.322363
869183191.7306701,2.180722
869183193.9549071,2.176705
869183196.136938,2.132587
869183198.263785,2.0614600000000003
869183200.507079,2.1716309999999996
869183202.590337,2.007409
869183204.847847,2.2056519999999997
869183206.952417,2.030941
869183209.1277469,2.1125089999999997
869183211.2241141,2.030499
869183213.5574881,2.2651250000000003
869183215.840608,2.233577
869183218.021226,2.132958
869183220.13124,2.038871
869183222.353409,2.167929
869183224.4927801,2.07667
869183226.513713,1.946745
869183228.788398,2.22348
869183230.8999,2.045668
869183232.91415,1.95153
869183234.84183,1.867372
869183236.727143,1.8411879999999998
869183238.702438,1.9088079999999998
869183240.7477521,1.983087
869183242.611247,1.817394
869183244.629981,1.9714960000000001
869183246.6450759,1.9657580000000001
869183248.736563,2.0443480000000003
869183250.8367629,2.034253
869183252.873326,1.9892109999999998
869183254.9898291,2.027606
869183257.169664,2.1090050000000002
869183259.228168,1.989489
869183261.306581,2.016036
869183263.3214171,1.9608590000000001
869183265.3918799,2.019266
869183267.4620911,1.9985620000000002
869183269.539487,2.008791
869183271.592177,2.002975
869183273.691,2.036292
869183275.7043661,1.947179
869183278.162251,2.410146
869183280.295012,2.064998
869183282.03537,1.6905480000000002
869183284.1551471,2.07232
869183286.2959939,2.075665
869183288.366733,2.019241
869183290.4806501,2.04844
869183292.495371,1.9517090000000001
869183294.640541,2.070485
869183296.550224,1.858288
869183298.66397,2.048234
869183300.6091299,1.88289
869183302.5617961,1.881341
869183304.5969989,1.966452
869183306.6382539,1.991459
869183308.73365,2.032938
869183310.5243629,1.740557
869183312.403735,1.816863
869183314.541732,2.08832
869183316.4535639,1.864684
869183318.466627,1.963041
869183320.49714,1.9678930000000001
869183322.564879,2.001871
869183324.670043,2.0429939999999998
869183326.765034,2.045028
869183328.830231,2.002767
869183331.016519,2.137025
869183333.0612259,1.9755960000000001
869183335.23551,2.1245439999999998
869183336.985232,1.702629
869183339.000766,1.965849
869183341.22483,2.161443
869183343.341007,2.050991
869183345.4614509,2.0577400000000003
869183347.708439,2.193015
869183349.9041,2.144478
869183352.5202119,2.550388
869183354.798552,2.212205
869183356.971486,2.1254999999999997
869183359.146611,2.104004
869183361.5430969,2.333228
869183363.902498,2.288478
869183366.027799,2.0777159999999997
869183368.3335011,2.232927
869183370.709249,2.321514
869183372.922529,2.1615800000000003
869183375.1267071,2.138741
869183377.4165181,2.238158
869183379.658057,2.1761369999999998
869183381.7398651,2.0191470000000002
869183384.125297,2.3146809999999998
869183386.4684939,2.276938
869183388.7640511,2.248303
869183390.8202139,1.9908970000000001
869183393.0451399,2.1775539999999998
869183395.255201,2.1440970000000004
869183397.4935831,2.175746
869183399.734661,2.175205
869183402.518602,2.720837
869183405.038077,2.4655050000000003
869183407.497262,2.404261
869183409.5864221,2.025677
869183411.864697,2.212387
869183413.9809531,2.053611
869183416.235835,2.2005969999999997
869183418.6024699,2.2929790000000003
869183420.875283,2.2214639999999997
869183423.051582,2.110561
869183425.1813619,2.078388
869183427.4717541,2.236105
869183429.870654,2.3281140000000002
869183432.246974,2.2886130000000002
869183434.646209,2.344643
869183436.8979119,2.1894430000000003
869183439.218699,2.25471
869183441.637579,2.367586
869183443.899756,2.196414
869183446.142931,2.1727399999999997
869183448.382701,2.185671
869183450.672617,2.2240580000000003
869183452.972646,2.227803
869183455.196506,2.169613
869183457.558692,2.2997
869183459.744673,2.136241
869183461.589272,1.797169
869183463.870654,2.21041
869183466.198243,2.260077
869183468.3769879,2.129218
869183470.436769,1.9942940000000002
869183472.650599,2.151289
869183474.9025271,2.1862
869183477.497453,2.532183
869183479.817101,2.265286
869183482.166918,2.2873110000000003
869183484.3751,2.142754
869183486.773695,2.3328580000000003
869183488.9384099,2.101931
869183491.192973,2.208429
869183493.3856909,2.1485380000000003
869183495.672426,2.217958
869183497.970261,2.231624
869183500.1585369,2.1423240000000003
869183502.461495,2.237053
869183504.713448,2.189463
869183506.8693731,2.090042
869183509.2444949,2.3011310000000003
869183511.447356,2.143363
869183513.69613,2.191996
869183516.060129,2.287787
869183518.422951,2.298619
869183520.534193,2.063808
869183522.880501,2.280325
869183525.051491,2.108184
869183527.840014,2.72269
869183530.407672,2.4804530000000002
869183532.883844,2.422002
869183535.3867921,2.4290789999999998
869183537.967191,2.51749
869183540.494621,2.473493
869183543.03028,2.469916
869183545.5818319,2.488966
869183547.91322,2.252793
869183550.465684,2.489908
869183552.487723,1.956612
869183554.7181599,2.1512350000000002
869183556.99377,2.2244159999999997
869183559.049465,1.9896699999999998
869183561.313959,2.2131
869183563.616611,2.236789
869183565.990734,2.311697
869183568.240012,2.175354
869183570.5566621,2.239085
869183572.839703,2.2195679999999998
869183575.001447,2.0957850000000002
869183577.349764,2.285702
869183579.652657,2.2375849999999997
869183581.9802591,2.2804420000000003
869183584.318,2.2870049999999997
869183586.52752,2.143381
869183588.7100121,2.119942
869183590.968979,2.18597
869183593.25918,2.239071
869183595.527932,2.194103
869183597.940986,2.350553
869183600.2258971,2.211491
869183602.488952,2.194185
869183604.733889,2.1929290000000004
869183606.861764,2.068657
869183609.2280589,2.313262
869183611.555784,2.2618159999999996
869183613.826682,2.208252
869183616.107603,2.215153
869183618.2647611,2.09736
869183620.423744,2.0952729999999997
869183622.798087,2.305526
869183624.9490509,2.082048
869183627.137899,2.123059
869183629.313782,2.124848
869183631.629662,2.262156
869183633.7364249,2.0441700000000003
869183636.067706,2.2773950000000003
869183638.301648,2.167672
869183640.411771,2.047818
869183642.3466021,1.863001
869183644.543628,2.128479
869183646.720168,2.1025929999999997
869183649.040674,2.273304
869183651.317009,2.202211
869183654.2398951,2.871639
869183656.737279,2.443991
869183659.2755309,2.484044
869183661.535969,2.1981330000000003
869183663.82972,2.228018
869183666.2528421,2.36049
869183668.380107,2.068415
869183670.7860941,2.340222
869183672.941457,2.0778350000000003
869183674.984896,1.9837470000000001
869183677.201332,2.153991
869183679.545791,2.268406
869183681.843521,2.241026
869183684.30522,2.396011
869183686.600849,2.246271
869183688.816417,2.1530400000000003
869183690.948238,2.06923
869183693.258103,2.2615920000000003
869183695.445945,2.134346
869183697.58229,2.084866
869183699.9146761,2.266844
869183702.183013,2.205856
869183704.360078,2.1232320000000002
869183706.503523,2.089557
869183708.74182,2.17536
869183710.722171,1.914323
869183712.883995,2.0905110000000002
869183714.993836,2.044383
869183717.252518,2.211566
869183719.493263,2.191419
869183721.7023491,2.161771
869183723.838506,2.061697
869183726.022343,2.132245
869183728.65768,2.5699590000000003
869183731.022938,2.299289
869183733.0712069,1.9855189999999998
869183735.239656,2.102385
869183737.2858709,1.978067
869183739.4689591,2.116919
869183741.589081,2.057386
869183743.9431261,2.283853
869183746.2277831,2.237228
869183748.368256,2.075077
869183750.6284839,2.2104999999999997
869183752.826978,2.135237
869183755.171092,2.2778490000000002
869183757.5132561,2.279253
869183759.861559,2.2828039999999996
869183762.042441,2.129808
869183764.27008,2.173775
869183766.677019,2.3411310000000003
869183768.896863,2.1570579999999997
869183770.985553,2.015068
869183773.254038,2.216937
869183775.3909701,2.063098
869183778.378709,2.925201
869183780.893643,2.460979
869183783.16834,2.208883
869183785.452819,2.221824
869183787.782622,2.2564059999999997
869183790.0327461,2.198007
869183792.185772,2.102967
869183794.415726,2.163847
869183796.607283,2.1442940000000004
869183798.604122,1.947239
869183800.946667,2.279986
869183803.142049,2.146039
869183805.241423,2.037258
869183807.4298611,2.123195
869183809.586059,2.104112
869183811.850297,2.198545
869183813.9317551,1.9951750000000001
869183816.238264,2.252651
869183818.186054,1.8821890000000001
869183820.2494941,2.016055
869183822.356235,2.029777
869183824.636259,2.2170929999999998
869183826.729193,2.026984
869183829.079399,2.287821
869183831.117275,1.98403
869183833.3651019,2.1752569999999998
869183835.63923,2.220572
869183837.6040289,1.9021750000000002
869183839.7151309,2.0573789999999996
869183842.0099989,2.232193
869183844.1769,2.096952
869183846.4199411,2.177269
869183848.606349,2.134719
869183850.858829,2.1863609999999998
869183853.048212,2.126742
869183855.424831,2.310726
869183857.836341,2.348945
869183860.0522159,2.1501620000000004
869183862.285266,2.17037
869183864.535776,2.188421
869183866.657276,2.0755130000000004
869183868.925806,2.224962
869183871.1924239,2.220738
869183873.484828,2.2488159999999997
869183875.758654,2.227851
869183878.0257529,2.195252
869183880.420861,2.329354
869183882.560357,2.0733829999999998
869183884.8229511,2.199716
869183887.0738571,2.185018
869183889.398505,2.2618120000000004
869183891.655975,2.191924
869183893.8940281,2.190947
869183896.254184,2.294648
869183898.460045,2.133599
869183900.801873,2.279518
869183903.513207,2.645645
869183906.128857,2.552884
869183908.6650931,2.4626330000000003
869183911.186103,2.4553119999999997
869183913.5401521,2.302754
869183915.644269,2.0448340000000003
869183918.00087,2.294361
869183920.2245151,2.164572
869183922.506914,2.223049
869183924.868995,2.289139
869183927.017648,2.089308
869183929.231487,2.151134
869183931.573957,2.277313
869183933.8456961,2.209319
869183936.1690559,2.2576419999999997
869183938.509176,2.2747330000000003
869183940.875476,2.30387
869183943.115187,2.161152
869183945.459121,2.293184
869183947.6790481,2.151613
869183950.085461,2.343577
869183953.628823,3.478275
869183955.935318,2.2178940000000003
869183958.179248,2.155431
869183960.358057,2.113257
869183962.604701,2.192898
869183964.848925,2.193053
869183967.092037,2.183909
869183969.387968,2.232889
869183971.733556,2.28002
869183973.9833101,2.193552
869183976.21358,2.1711959999999997
869183978.8932611,2.620616
869183981.269449,2.313702
869183983.569214,2.233791
869183986.038048,2.406298
869183988.364681,2.2610550000000003
869183990.694777,2.255928
869183992.958346,2.200962
869183995.260884,2.256435
869183997.2010771,1.896262
869183999.550613,2.283823
869184001.859483,2.246577
869184004.169466,2.256194
869184006.2989479,2.07565
869184008.398666,2.047926
869184010.603675,2.1276580000000003
869184012.842368,2.1760070000000002
869184015.13859,2.230273
869184017.5757099,2.374649
869184019.938166,2.297009
869184022.301033,2.300151
869184024.3386819,1.9717810000000002
869184026.396489,1.992289
869184029.131791,2.673397
869184030.758877,1.5728630000000001
869184032.328527,1.493274
869184034.0512079,1.656812
869184035.523497,1.409657
869184037.1263549,1.5405550000000001
869184038.53088,1.350204
869184040.230307,1.6368820000000002
869184041.699022,1.402762
869184043.289821,1.5286950000000001
869184044.8273059,1.465522
869184046.439269,1.546566
869184048.113738,1.611848
869184049.564918,1.384854
869184051.083769,1.446884
869184052.6338091,1.487379
869184054.200933,1.501301
869184055.759327,1.495522
869184057.270221,1.448366
869184058.8498781,1.526022
869184060.4037061,1.490977
869184062.046421,1.577188
869184063.694869,1.5864
869184065.318113,1.57184
869184066.6864309,1.3140610000000001
869184068.293884,1.545093
869184069.96084,1.600842
869184071.6309,1.607812
869184073.2370491,1.554749
869184074.758206,1.455033
869184076.454732,1.610976
869184078.088045,1.555896
869184079.716782,1.5659210000000001
869184081.360179,1.57036
869184082.850519,1.414534
869184084.460919,1.5537560000000001
869184086.02477,1.497607
869184087.630585,1.543144
869184089.093089,1.399993
869184090.664103,1.517089
869184092.154875,1.427599
869184093.772662,1.547639
869184095.344372,1.49873
869184096.9144479,1.507566
869184098.46576,1.4851930000000002
869184100.05059,1.513894
869184101.571452,1.454311
869184103.337559,1.703702
869184104.874513,1.474287
869184106.498098,1.558514
869184108.160404,1.599905
869184109.7830509,1.557047
869184111.394771,1.564328
869184112.939537,1.497529
869184114.58769,1.582089
869184116.127746,1.470856
869184117.700879,1.507185
869184119.141028,1.377748
869184120.652043,1.463602
869184122.089905,1.378809
869184123.574316,1.428312
869184125.0238891,1.3868909999999999
869184126.518899,1.4354630000000002
869184127.8390169,1.263539
869184129.316923,1.41514
869184130.64041,1.258055
869184132.1160611,1.413011
869184133.4667729,1.285026
869184134.66815,1.153993
869184136.060124,1.344608
869184137.34675,1.217646
869184138.5933181,1.19951
869184140.038659,1.3751989999999998
869184141.458099,1.351744
869184142.929926,1.420769
869184144.365935,1.360293
869184145.725479,1.294611
869184147.000095,1.2238419999999999
869184148.403672,1.352105
869184149.954463,1.460952
869184151.283638,1.257834
869184153.4363209,2.0904130000000003
869184155.078424,1.57019
869184156.693271,1.568018
869184158.326783,1.583652
869184159.990998,1.601404
869184161.69943,1.60192
869184163.257324,1.5110270000000001
869184164.673918,1.368698
869184166.069235,1.329167
869184167.331055,1.214522
869184168.575914,1.1820570000000001
869184170.040549,1.3987319999999999
869184171.469877,1.3432730000000002
869184172.911965,1.379648
869184174.328769,1.349207
869184175.721517,1.330358
869184177.246589,1.462861
869184178.800336,1.48817
869184180.267698,1.4051319999999998
869184181.744567,1.4114939999999998
869184182.931902,1.143764
869184184.296234,1.320284
869184185.687954,1.326049
869184187.012078,1.279708
869184188.289808,1.2228269999999999
869184189.732678,1.377653
869184190.986788,1.210196
869184192.2098761,1.164083
869184193.620576,1.3645930000000002
869184194.942142,1.24597
869184196.378724,1.384878
869184197.881158,1.436759
869184199.152467,1.2197969999999998
869184200.520704,1.306246
869184207.031769,6.456582
869184214.367751,7.270104
869184215.8467499,1.413437
869184217.659857,1.7507620000000002
869184219.378574,1.652994
869184221.043907,1.6026610000000001
869184222.709991,1.600492
869184224.3511931,1.57827
869184225.9737511,1.55671
869184227.495264,1.459047
869184228.997953,1.448263
869184230.53349,1.4861250000000001
869184232.044718,1.463771
869184233.5977889,1.485549
869184234.996709,1.336496
869184236.4091649,1.365359
869184237.899953,1.4254339999999999
869184239.340035,1.3929630000000002
869184240.685062,1.297814
869184242.2084689,1.4636250000000002
869184243.764979,1.482863
869184245.417707,1.589611
869184246.838922,1.355743
869184248.293559,1.398699
869184249.881065,1.528101
869184251.445253,1.493206
869184252.9012481,1.387669
869184254.421057,1.445338
869184255.9117041,1.428137
869184257.4184511,1.455532
869184258.903865,1.4195449999999998
869184260.4871219,1.520917
869184261.913523,1.351288
869184263.512597,1.536643
869184265.141796,1.566633
869184266.614761,1.407047
869184268.104604,1.427222
869184269.6279069,1.468776
869184271.156917,1.45757
869184272.761202,1.54187
869184274.204098,1.354285
869184275.745065,1.489973
869184277.5338111,1.7261819999999999
869184279.304063,1.716327
869184281.107221,1.734283
869184282.512819,1.351825
869184284.154632,1.579037
869184285.846096,1.625991
869184287.314185,1.405152
869184288.8527731,1.4644879999999998
869184290.420889,1.50881
869184292.0877451,1.603469
869184293.620319,1.46689
869184295.168388,1.485559
869184296.778932,1.5542049999999998
869184298.421739,1.5892709999999999
869184300.0262151,1.533453
869184301.6673319,1.562276
869184303.237432,1.4977639999999999
869184304.782219,1.4816799999999999
869184306.3644431,1.515834
869184307.970724,1.543047
869184309.486753,1.4219519999999999
869184311.056063,1.5102360000000001
869184312.4405669,1.3276029999999999
869184314.030805,1.5240040000000001
869184315.6783609,1.584394
869184317.259807,1.505087
869184318.751468,1.4321679999999999
869184320.303822,1.480883
869184321.864156,1.494294
869184323.456268,1.529767
869184324.9985191,1.470669
869184326.475277,1.410491
869184327.94102,1.414584
869184329.5638789,1.534879
869184331.139078,1.501368
869184332.511268,1.308738
869184334.057162,1.46253
869184335.792964,1.664291
869184337.3653051,1.504763
869184338.9651251,1.52471
869184340.552712,1.525202
869184342.14731,1.528793
869184343.528482,1.3298780000000001
869184345.096874,1.493968
869184346.7298111,1.56738
869184348.214573,1.421846
869184349.7219701,1.441818
869184351.224913,1.4469299999999998
869184352.553862,1.272819
869184354.054311,1.434661
869184355.470529,1.3686180000000001
869184357.034776,1.501506
869184358.3519781,1.2446359999999999
869184359.811677,1.397505
869184361.27289,1.4137259999999998
869184362.834471,1.4959490000000002
869184364.40822,1.510958
869184365.827144,1.3533309999999998
869184367.181634,1.291362
869184368.6675891,1.4233
869184370.147269,1.413912
869184371.680138,1.446974
869184373.195933,1.4444329999999999
869184374.843559,1.581818
869184376.4687641,1.5625630000000001
869184378.0213679,1.4874230000000002
869184379.382434,1.309998
869184380.917568,1.4617580000000001
869184382.504759,1.521287
869184384.2009181,1.6336140000000001
869184385.8392379,1.572446
869184387.4682211,1.566292
869184389.0066279,1.475566
869184390.6575229,1.573559
869184392.2045951,1.472052
869184393.897739,1.615939
869184395.429624,1.475289
869184397.064745,1.5790069999999998
869184398.755085,1.631074
869184400.369501,1.557728
869184401.771703,1.342319
869184403.591591,1.7448590000000002
869184405.4733421,1.8252380000000001
869184407.253779,1.7030299999999998
869184408.714389,1.4039549999999998
869184410.2996501,1.5199289999999999
869184411.8278791,1.465757
869184413.449605,1.558645
869184414.984661,1.46936
869184416.3650291,1.324159
869184417.762469,1.3317629999999998
869184419.358084,1.539264
869184420.8521271,1.438006
869184422.4877,1.570035
869184424.04862,1.4981440000000001
869184425.636192,1.516052
869184427.2232081,1.523993
869184428.6947911,1.4090509999999998
869184430.3400949,1.591171
869184431.931501,1.519783
869184433.475205,1.489107
869184435.083229,1.542241
869184436.689765,1.543308
869184438.270977,1.515206
869184439.932597,1.605678
869184441.617672,1.587997
869184443.219791,1.54297
869184444.8600221,1.5774439999999998
869184446.462006,1.5427259999999998
869184447.937025,1.423756
869184449.50904,1.476565
869184451.088403,1.5137099999999999
869184452.685452,1.534413
869184454.298388,1.547358
869184455.865061,1.493847
869184457.414008,1.486
869184458.957677,1.477936
869184460.5634071,1.5428620000000002
869184462.115415,1.485875
869184463.727389,1.5491979999999999
869184465.3015909,1.511742
869184466.664284,1.30922
869184468.1483979,1.432861
869184469.757695,1.519919
869184471.408084,1.578117
869184473.0193399,1.548621
869184474.666025,1.580641
869184476.3089099,1.579879
869184477.93665,1.561626
869184479.523931,1.524349
869184481.1579261,1.570908
869184482.75061,1.5238630000000002
869184484.339094,1.5256219999999998
869184485.773463,1.3687420000000001
869184487.316787,1.480362
869184488.8954281,1.5156900000000002
869184490.51334,1.5512169999999998
869184492.118168,1.541835
869184493.755465,1.571018
869184495.403843,1.585522
869184496.893767,1.426712
869184498.564553,1.604962
869184500.2189051,1.592012
869184501.897048,1.61266
869184503.439409,1.47922
869184505.037811,1.5355349999999999
869184506.60249,1.498885
869184508.232489,1.5674949999999999
869184509.8557149,1.563734
869184511.455269,1.5365929999999999
869184513.086081,1.5546200000000001
869184514.756366,1.6044010000000002
869184516.437706,1.6186740000000002
869184518.022576,1.518821
869184519.616147,1.53104
869184521.238134,1.5596169999999998
869184522.922085,1.617948
869184524.4877211,1.503231
869184526.129097,1.568903
869184528.176721,1.997985
869184530.066025,1.823727
869184531.875625,1.747125
869184533.6542909,1.7226839999999999
869184535.4979,1.7672269999999999
869184537.1838889,1.6295739999999999
869184538.70882,1.465278
869184540.213754,1.432906
869184541.758892,1.485412
869184543.341683,1.519844
869184544.878605,1.47432
869184546.4302579,1.4924549999999999
869184547.8706089,1.38381
869184549.352677,1.419241
869184550.910452,1.49893
869184552.49004,1.522626
869184554.1667039,1.610861
869184555.8591751,1.618355
869184557.501354,1.579423
869184559.008108,1.440809
869184560.498199,1.427738
869184562.0696471,1.517092
869184563.495447,1.350555
869184565.0669659,1.5086629999999999
869184566.5652649,1.4218620000000002
869184567.9911151,1.352889
869184569.70675,1.599439
869184571.2566019,1.498646
869184572.846272,1.538354
869184574.4062331,1.5054770000000002
869184575.842345,1.373389
869184577.423751,1.530319
869184578.968845,1.490839
869184580.555782,1.5353400000000001
869184582.18041,1.55881
869184583.8009341,1.557958
869184585.472145,1.608861
869184587.127129,1.588985
869184588.704311,1.514577
869184590.35509,1.5852920000000001
869184591.962543,1.544742
869184593.584199,1.526966
869184595.179604,1.529091
869184596.748322,1.504328
869184598.235143,1.421231
869184599.74955,1.4630940000000001
869184601.3305069,1.505767
869184602.770424,1.3735430000000002
869184604.3864119,1.553051
869184606.028378,1.575826
869184607.579703,1.503863
869184608.900329,1.257998
869184610.346426,1.396399
869184611.6675019,1.2739120000000002
869184613.208054,1.471088
869184614.760489,1.486401
869184616.332479,1.508412
869184617.936093,1.526101
869184619.501093,1.502184
869184621.150288,1.586309
869184622.774109,1.546662
869184624.404014,1.567455
869184626.039868,1.556656
869184627.675231,1.572266
869184629.2762389,1.5386980000000001
869184630.902997,1.56097
869184632.458554,1.4926780000000002
869184633.869246,1.356727
869184635.385481,1.4650670000000001
869184636.718589,1.282224
869184638.0454029,1.2530130000000002
869184639.577975,1.470375
869184640.982743,1.3533309999999998
869184642.4966979,1.4481419999999998
869184643.8995179,1.340472
869184645.343276,1.392779
869184646.7486991,1.351761
869184648.176574,1.365214
869184649.654463,1.412396
869184651.061001,1.3550490000000002
869184653.200072,2.07618
869184654.8973141,1.6313790000000001
869184656.599909,1.640018
869184658.019657,1.3537460000000001
869184659.4657971,1.394909
869184660.770771,1.242437
869184662.172135,1.3471449999999998
869184663.45902,1.2355099999999999
869184664.956192,1.434142
869184666.2216079,1.185018
869184667.4663509,1.1820220000000001
869184668.6495711,1.120225
869184670.055906,1.347085
869184671.374783,1.256206
869184672.8145009,1.383375
869184674.2541369,1.38062
869184675.613596,1.297196
869184677.088978,1.4276289999999998
869184678.606065,1.451565
869184680.122376,1.4539819999999999
869184681.535136,1.362544
869184682.756595,1.174208
869184684.162534,1.3437670000000002
869184685.513766,1.301605
869184686.7645551,1.1902110000000001
869184687.90596,1.0939649999999999
869184689.0565231,1.103427
869184690.165107,1.059136
869184691.28732,1.074999
869184692.447225,1.112566
869184693.86809,1.354307
869184695.015811,1.100766
869184696.202175,1.138738
869184697.4268711,1.175387
869184698.667369,1.1926619999999999
869184700.101307,1.37124
869184701.279428,1.128587
869184702.430213,1.10362
869184703.638449,1.1599519999999999
869184705.071757,1.370083
869184706.435673,1.313624
869184707.748966,1.250192
869184709.1108389,1.2993
869184710.316128,1.154752
869184711.622796,1.243771
869184712.952217,1.266994
869184714.415619,1.409534
869184715.672255,1.180729
869184717.115721,1.391954
869184718.420815,1.2391590000000001
869184719.859611,1.3865830000000001
869184721.299859,1.377207
869184722.661247,1.295247
869184723.858513,1.145421
869184725.284297,1.374161
869184726.671716,1.32112
869184728.489742,1.766474
869184729.917737,1.361294
869184731.328552,1.347718
869184732.7362139,1.344079
869184734.101442,1.2996100000000002
869184735.271082,1.12509
869184736.686838,1.353005
869184737.97375,1.2152930000000002
869184739.261444,1.224702
869184740.665116,1.34097
869184741.810606,1.099593
869184742.947772,1.09315
869184744.20532,1.195062
869184745.633427,1.362491
869184746.860147,1.179517
869184748.250343,1.302912
869184749.555349,1.254937
869184750.8869741,1.283932
869184752.267365,1.31758
869184753.639188,1.322563
869184754.918281,1.2169290000000001
869184756.096601,1.116613
869184757.2623711,1.116487
869184758.599338,1.289698
869184759.966055,1.304735
869184761.2773609,1.246586
869184762.5780771,1.251971
869184763.9770399,1.3523070000000001
869184765.3586099,1.313031
869184766.6471721,1.2355770000000001
869184768.112789,1.399691
869184769.327864,1.162575
869184770.7801081,1.390233
869184772.285717,1.4549619999999999
869184773.6302689,1.278925
869184775.062109,1.3811660000000001
869184776.409115,1.296292
869184778.3694481,1.907122
869184780.1676711,1.7369379999999999
869184781.852925,1.631465
869184783.541688,1.6379759999999999
869184785.265361,1.673229
869184786.617293,1.2982639999999999
869184787.902133,1.223174
869184789.375916,1.422606
869184790.858724,1.417671
869184792.214892,1.293958
869184793.455,1.174941
869184794.7072561,1.189575
869184796.2319161,1.462591
869184797.7838,1.486582
869184799.353209,1.5074649999999998
869184800.849567,1.434663
869184802.303444,1.408757
869184803.8038081,1.435643
869184805.2954401,1.429879
869184806.8200611,1.479776
869184808.135228,1.236525
869184809.519378,1.3390749999999998
869184810.995213,1.4328800000000002
869184812.4810829,1.411998
869184814.0115069,1.4657719999999999
869184815.465322,1.397611
869184816.807863,1.280607
869184818.36322,1.489809
869184819.8637689,1.438324
869184821.3430271,1.41717
869184822.8439729,1.441201
869184824.351263,1.445089
869184825.9442271,1.519337
869184827.529278,1.523137
869184828.891295,1.2998720000000001
869184830.420876,1.4641739999999999
869184831.788239,1.305135
869184833.341308,1.5019339999999999
869184834.9162691,1.520779
869184836.368012,1.388808
869184837.671339,1.249572
869184839.195574,1.431961
869184840.741804,1.483144
869184842.126298,1.313182
869184843.691682,1.501947
869184845.253279,1.478483
869184846.80242,1.4826590000000002
869184848.333998,1.479507
869184849.965276,1.558284
869184851.496126,1.4563810000000001
869184852.944438,1.385872
869184854.508174,1.4977580000000001
869184856.120563,1.549838
869184857.6734799,1.487249
869184858.965294,1.229073
869184860.371573,1.357556
869184861.753968,1.316834
869184862.99647,1.195261
869184864.477211,1.4183679999999999
869184865.700473,1.1735859999999998
869184866.894032,1.1467420000000002
869184868.166493,1.2253120000000002
869184869.6401341,1.408274
869184870.911194,1.207452
869184872.411743,1.4380330000000001
869184873.879481,1.39672
869184875.338107,1.394958
869184876.7743621,1.373263
869184878.20819,1.356455
869184879.461665,1.202052
869184880.914504,1.390577
869184882.307301,1.3390419999999998
869184883.721332,1.352072
869184884.931821,1.163354
869184886.3206,1.338675
869184887.731906,1.348931
869184889.0298439,1.235272
869184890.2829679,1.175848
869184891.6525811,1.321452
869184892.988693,1.2736399999999999
869184894.2425411,1.180548
869184895.645584,1.35593
869184897.11278,1.404315
869184898.427784,1.249721
869184899.814035,1.339181
869184901.193026,1.3246799999999999
869184903.316812,2.057246
869184905.075868,1.696711
869184906.5118159,1.3703269999999999
869184907.6865989,1.123877
869184908.8981279,1.160117
869184910.352249,1.400305
869184911.7715139,1.357273
869184913.269888,1.447106
869184914.653073,1.317766
869184915.913404,1.20885
869184917.348216,1.37267
869184918.6484599,1.246839
869184920.063451,1.363743
869184921.471349,1.354125
869184922.922394,1.399926
869184924.3146759,1.330172
869184925.60075,1.2177
869184926.99368,1.3017750000000001
869184928.434865,1.389398
869184929.758322,1.257644
869184931.245144,1.414666
869184932.75085,1.4427780000000001
869184934.0099261,1.205696
869184935.271154,1.209644
869184936.750628,1.4167489999999998
869184938.033776,1.229804
869184939.251728,1.167079
869184940.547541,1.226179
869184941.944301,1.342979
869184943.305691,1.3105390000000001
869184944.7012811,1.3443829999999999
869184946.0804881,1.3253270000000001
869184947.4239471,1.2920749999999999
869184948.8510951,1.3558279999999998
869184950.167009,1.2411699999999999
869184951.6618,1.432169
869184953.0018749,1.277425
869184954.498039,1.420382
869184955.871114,1.310368
869184957.406451,1.483455
869184959.004192,1.532239
869184960.3912079,1.324469
869184961.711193,1.266224
869184963.253857,1.491789
869184964.85339,1.548622
869184966.331989,1.423713
869184967.896377,1.5017470000000002
869184969.537584,1.578727
869184971.081793,1.4788839999999999
869184972.615913,1.483045
869184974.109972,1.440349
869184975.563921,1.402866
869184977.472816,1.846149
869184979.14081,1.602837
869184980.786462,1.5833570000000001
869184982.402936,1.550922
869184984.083059,1.617216
869184985.627826,1.4788329999999998
869184987.047827,1.357396
869184988.645412,1.534854
869184990.23137,1.52024
869184991.8395101,1.5457299999999998
869184993.424024,1.5217379999999998
869184995.044152,1.553929
869184996.440193,1.33347
869184997.990843,1.4849430000000001
869184999.498389,1.444664
869185001.034737,1.474118
869185002.647542,1.547233
869185004.289871,1.5796729999999999
869185005.903097,1.547338
869185007.552307,1.5866490000000002
869185009.2128589,1.597545
869185010.808068,1.5125119999999999
869185012.25171,1.381131
869185013.8871931,1.569379
869185015.428112,1.4717580000000001
869185017.032413,1.54193
869185018.6084471,1.510442
869185020.097209,1.401975
869185021.636463,1.4738229999999999
869185023.237451,1.538316
869185024.8148761,1.514554
869185026.399429,1.534829
869185028.237855,1.775198
869185030.133173,1.819993
869185031.9835861,1.775887
869185033.4324651,1.368363
869185035.030697,1.5209620000000001
869185036.5948851,1.5015759999999998
869185038.2057501,1.545062
869185039.725489,1.457223
869185041.3310369,1.5427819999999999
869185042.930943,1.534027
869185044.348799,1.355316
869185045.997223,1.5831169999999999
869185047.695397,1.6229580000000001
869185049.367349,1.597563
869185051.0226201,1.59596
869185052.639364,1.560392
869185054.2061781,1.500902
869185055.617884,1.3605729999999998
869185057.180618,1.491672
869185058.696919,1.450327
869185060.277054,1.5089789999999998
869185061.797264,1.454321
869185063.239346,1.379061
869185064.830035,1.528278
869185066.409408,1.5021399999999998
869185067.956967,1.4849780000000001
869185069.564715,1.5167760000000001
869185071.156221,1.5144
869185072.752911,1.534079
869185074.39651,1.583893
869185075.998196,1.545205
869185077.637784,1.546702
869185079.277061,1.576095
869185080.893825,1.554209
869185082.342134,1.382827
869185083.875273,1.4818559999999998
869185085.429582,1.4826380000000001
869185087.042563,1.546276
869185088.6687851,1.563601
869185090.271838,1.537275
869185091.883133,1.548376
869185093.487525,1.547992
869185095.043042,1.476053
869185096.516147,1.410334
869185097.952369,1.3588
869185099.3483831,1.339968
869185100.943798,1.532549
869185102.498117,1.488561
869185104.156779,1.5958210000000002
869185105.754219,1.5319120000000002
869185107.360404,1.5431679999999999
869185108.895418,1.471948
869185110.388289,1.427464
869185111.8894199,1.43829
869185113.3979421,1.446067
869185114.7494191,1.279647
869185116.2843031,1.465887
869185117.738662,1.389358
869185119.3039149,1.499918
869185120.6401219,1.27378
869185122.104892,1.4148749999999999
869185123.569533,1.402147
869185125.141874,1.5249860000000002
869185126.7475669,1.540131
869185128.3711079,1.56101
869185129.982846,1.545795
869185131.494185,1.448553
869185133.0198779,1.463017
869185134.436221,1.341756
869185135.7913359,1.283486
869185137.391287,1.528876
869185139.047959,1.590949
869185140.621608,1.510497
869185142.232069,1.544501
869185143.8141581,1.5194189999999999
869185145.411993,1.534899
869185147.016043,1.529694
869185148.594674,1.51592
869185150.022105,1.361795
869185151.583795,1.510339
869185153.4665899,1.816409
869185155.276724,1.75654
869185156.858878,1.519398
869185158.444405,1.519833
869185159.9595779,1.452682
869185161.482188,1.428831
869185163.038561,1.491203
869185164.5743829,1.484326
869185165.937687,1.30919
869185167.352513,1.3584829999999999
869185168.9241819,1.509189
869185170.443665,1.4536550000000001
869185172.085593,1.5792169999999999
869185173.525657,1.365086
869185175.000827,1.412586
869185176.533291,1.475883
869185178.181874,1.583166
869185179.858443,1.614123
869185181.452289,1.5314459999999999
869185183.030664,1.5133029999999998
869185184.688705,1.595711
869185186.365144,1.61029
869185187.7366979,1.309424
869185189.249485,1.427259
869185190.831098,1.5160200000000001
869185192.344823,1.450939
869185193.8863571,1.464374
869185195.5321491,1.582941
869185197.151981,1.557186
869185198.75773,1.539921
869185200.275289,1.455388
869185201.881589,1.552377
869185203.4617889,1.517714
869185205.054031,1.5294709999999998
869185206.6848041,1.564809
869185208.267083,1.519699
869185209.787068,1.4544709999999998
869185211.289566,1.430679
869185212.860203,1.508187
869185214.469937,1.532281
869185216.101876,1.538494
869185217.600121,1.438829
869185219.184901,1.522195
869185220.817175,1.569748
869185222.437024,1.5607069999999998
869185224.0940369,1.594478
869185225.658786,1.4900829999999998
869185227.409869,1.688414
869185228.919709,1.462353
869185230.515655,1.5296260000000002
869185232.15433,1.572762
869185233.6391381,1.41913
869185235.227677,1.525558
869185236.8377761,1.547619
869185238.369728,1.466209
869185239.9790261,1.547082
869185241.5959761,1.5261879999999999
869185243.202657,1.540938
869185244.809533,1.543945
869185246.4103711,1.5357509999999999
869185248.057206,1.5840990000000001
869185249.600209,1.484141
869185251.138514,1.4755930000000002
869185252.4884189,1.298275
869185254.052231,1.4976919999999998
869185255.586859,1.4834180000000001
869185257.115965,1.45532
869185258.6830189,1.5013699999999999
869185260.1900929,1.4447240000000001
869185261.736399,1.480655
869185263.325736,1.538013
869185264.854424,1.477709
869185266.2759241,1.3482480000000001
869185267.786191,1.439304
869185269.344567,1.495372
869185270.680065,1.2816480000000001
869185272.161679,1.429848
869185273.623754,1.396491
869185275.161464,1.474904
869185276.70752,1.4832079999999999
869185278.417747,1.644164
869185280.213423,1.733096
869185282.092287,1.804927
869185283.929576,1.785565
869185285.8239499,1.823163
869185287.3212371,1.437784
869185288.653018,1.275414
869185290.112553,1.4002839999999999
869185291.483288,1.308053
869185293.0250399,1.483882
869185294.5063939,1.4072259999999999
869185295.83718,1.256504
869185297.3826619,1.493805
869185298.861977,1.413702
869185300.395823,1.4627290000000002
869185302.084926,1.623284
869185303.596937,1.449009
869185305.226822,1.567294
869185306.693395,1.401157
869185308.294581,1.547493
869185309.9425709,1.5888440000000001
869185311.3491579,1.3501859999999999
869185312.9385389,1.52688
869185314.554101,1.526018
869185316.038182,1.421195
869185317.619074,1.513512
869185319.24938,1.573501
869185320.829599,1.5179239999999998
869185322.486853,1.5912350000000002
869185324.102239,1.5457699999999999
869185325.637805,1.469707
869185327.212254,1.5119289999999999
869185328.817754,1.5578809999999998
869185330.424696,1.5412139999999999
869185331.8756299,1.388564
869185333.199312,1.276393
869185334.593634,1.344847
869185336.208258,1.552104
869185337.8221619,1.548296
869185339.436681,1.551914
869185340.8982049,1.398793
869185342.425872,1.4502689999999998
869185344.0304279,1.52997
869185345.424957,1.326379
869185346.950843,1.469457
869185348.3366699,1.312171
869185349.8949281,1.4841
869185351.491365,1.533977
869185353.0131991,1.4503739999999998
869185354.580403,1.501551
869185356.19568,1.552205
869185357.84288,1.5815919999999999
869185359.4631629,1.557206
869185361.1510279,1.625415
869185362.7824019,1.565836
869185364.353115,1.5081820000000001
869185365.842506,1.4065480000000001
869185367.281569,1.390852
869185368.961385,1.617191
869185370.603599,1.576611
869185372.204317,1.537852
869185373.646776,1.376379
869185375.178191,1.474819
869185376.7502171,1.50962
869185378.364977,1.549108
869185379.931896,1.504098
869185381.538933,1.5113489999999998
869185382.9484601,1.34415
869185384.471931,1.460671
869185385.902363,1.3715229999999998
869185387.385517,1.420388
869185388.8764191,1.42795
869185390.232752,1.2907000000000002
869185391.7283441,1.443812
869185393.308864,1.517984
869185394.887946,1.504259
869185396.413087,1.462445
869185398.0498041,1.571164
869185399.647374,1.535214
869185401.178483,1.479922
869185403.367801,2.135488
869185405.097015,1.677967
869185406.82629,1.675429
869185408.480346,1.6024889999999998
869185410.278684,1.73278
869185411.9059429,1.5399859999999999
869185413.418295,1.44949
869185414.716593,1.232154
869185416.265515,1.4862650000000002
869185417.8736639,1.542316
869185419.277663,1.341264
869185420.740174,1.411154
869185422.251789,1.4365599999999998
869185423.852647,1.538392
869185425.457448,1.533606
869185426.9431651,1.4204890000000001
869185428.423765,1.429138
869185430.00636,1.516381
869185431.4889289,1.4198259999999998
869185432.864172,1.3243800000000001
869185434.428671,1.5105579999999998
869185435.971691,1.4912320000000001
869185437.385478,1.325091
869185438.996745,1.536673
869185440.586015,1.5264790000000001
869185441.955655,1.304208
869185443.488098,1.4702000000000002
869185445.04109,1.501344
869185446.477199,1.361951
869185447.835386,1.306347
869185449.363339,1.464936
869185450.980404,1.5511469999999998
869185452.568236,1.5253619999999999
869185454.164354,1.53045
869185455.5504609,1.334973
869185457.240169,1.6274440000000001
869185458.8385019,1.543882
869185460.2303131,1.324029
869185461.9136529,1.621777
869185463.458169,1.470963
869185465.076958,1.556529
869185466.527205,1.384727
869185467.862647,1.284171
869185469.347999,1.433859
869185470.872143,1.458827
869185472.269411,1.334066
869185473.73084,1.385455
869185475.197981,1.415691
869185476.790775,1.5224550000000001
869185478.468612,1.611623
869185479.837589,1.306001
869185481.264076,1.364046
869185482.876295,1.5466010000000001
869185484.329659,1.3906980000000002
869185485.923776,1.528269
869185487.3731201,1.381483
869185488.734978,1.318062
869185490.109956,1.329055
869185491.641826,1.487724
869185493.234339,1.529516
869185494.6888651,1.389061
869185496.0491631,1.316226
869185497.5937899,1.4779820000000001
869185499.188068,1.5202010000000001
869185500.765032,1.514676
869185502.360282,1.536265
869185503.729122,1.3126730000000002
869185505.2117039,1.395318
869185506.701488,1.4125260000000002
869185508.2422,1.477957
869185509.819984,1.5031910000000002
869185511.3436819,1.461581
869185512.747983,1.3529289999999998
869185514.296328,1.473587
869185515.913223,1.5540829999999999
869185517.6398929,1.6642700000000001
869185519.216384,1.498477
869185520.724046,1.444897
869185522.3671811,1.584221
869185523.969988,1.545897
869185525.631031,1.563494
869185527.7493379,2.052379
869185529.651915,1.840292
869185531.527579,1.816843
869185533.351212,1.767075
869185535.206413,1.789604
869185536.789278,1.526511
869185538.4048749,1.549944
869185539.9597809,1.4921540000000002
869185541.4337931,1.384479
869185542.940767,1.414105
869185544.3317319,1.334987
869185545.7624071,1.3767420000000001
869185547.275631,1.450257
869185548.8473159,1.5090189999999999
869185550.4495721,1.5276070000000002
869185551.959149,1.447154
869185553.442675,1.411543
869185554.8737129,1.376887
869185556.4096191,1.4646139999999999
869185558.016546,1.5408629999999999
869185559.6243501,1.5455189999999999
869185561.174645,1.478692
869185562.799438,1.5582580000000001
869185564.268795,1.397521
869185565.906303,1.5717999999999999
869185567.426669,1.448516
869185569.004438,1.5152379999999999
869185570.486123,1.415586
869185571.8708869,1.3140370000000001
869185573.490538,1.5477290000000001
869185575.081117,1.5253269999999999
869185576.634045,1.49004
869185578.069407,1.381144
869185579.524593,1.403113
869185581.1712329,1.5838919999999999
869185582.72454,1.4998749999999998
869185584.319885,1.5326039999999999
869185585.918291,1.53308
869185587.5147691,1.533701
869185589.105513,1.527837
869185590.734797,1.5628650000000002
869185592.29719,1.499632
869185593.8885549,1.525627
869185595.429533,1.478998
869185596.993004,1.5005890000000002
869185598.592734,1.533631
869185600.170969,1.515464
869185601.703312,1.472843
869185603.450224,1.6848779999999999
869185605.0725169,1.556541
869185606.7213839,1.5679139999999998
869185608.327592,1.558809
869185609.924481,1.532147
869185611.55636,1.558427
869185612.9586611,1.3396199999999998
869185614.341721,1.3111629999999999
869185615.684278,1.295046
869185617.2726461,1.525402
869185618.925913,1.575974
869185620.543126,1.560479
869185622.209181,1.59975
869185623.70318,1.4200409999999999
869185625.140063,1.374431
869185626.449901,1.250821
869185627.7673,1.243699
869185629.252682,1.428756
869185630.679504,1.361089
869185632.102984,1.360679
869185633.61077,1.441963
869185635.035448,1.353393
869185636.486978,1.380143
869185637.931671,1.378878
869185639.325101,1.341839
869185640.8078841,1.420155
869185642.2079489,1.3505150000000001
869185643.530628,1.259763
869185645.01144,1.418217
869185646.241625,1.1801190000000001
869185647.649234,1.360191
869185649.117363,1.404601
869185650.4516721,1.261571
869185652.259965,1.760843
869185653.978257,1.6528289999999999
869185655.521424,1.496013
869185656.749895,1.173773
869185658.058895,1.250219
869185659.403546,1.2883090000000001
869185660.803018,1.3428470000000001
869185662.2082751,1.328453
869185663.649351,1.3783
869185665.084655,1.372832
869185666.464528,1.320892
869185667.7804,1.258761
869185669.177999,1.332654
869185670.5768571,1.33314
869185671.846956,1.197727
869185673.2784481,1.384258
869185674.704338,1.360583
869185676.1451981,1.3718949999999999
869185677.46006,1.249675
869185678.802475,1.279272
869185680.101457,1.251822
869185681.519868,1.3687070000000001
869185682.951356,1.368883
869185684.327872,1.325169
869185685.813854,1.420288
869185687.229112,1.364027
869185688.669731,1.378471
869185690.216586,1.4929970000000001
869185691.537642,1.269969
869185693.052818,1.463991
869185694.627014,1.485199
869185696.1297951,1.440145
869185697.679196,1.495475
869185699.227566,1.48602
869185700.6980519,1.408227
869185702.1949711,1.443316
869185703.771261,1.513549
869185705.274789,1.44166
869185706.773813,1.4449269999999999
869185708.614646,1.778341
869185710.143318,1.474339
869185711.6945411,1.488592
869185713.258788,1.49796
869185714.8860171,1.5489
869185716.279748,1.3311499999999998
869185717.752898,1.407608
869185719.338814,1.5230759999999999
869185720.758426,1.3681050000000001
869185722.224315,1.39188
869185723.758152,1.471356
869185725.313684,1.493288
869185726.746038,1.357946
869185728.4038589,1.606624
869185729.915814,1.4460169999999999
869185731.254882,1.2758859999999999
869185732.760032,1.4424839999999999
869185734.233959,1.4074820000000001
869185735.5958699,1.299727
869185736.988193,1.344943
869185738.297266,1.242874
869185739.709555,1.349963
869185741.2176801,1.445434
869185742.535846,1.269023
869185743.930302,1.346916
869185745.267467,1.274758
869185746.664429,1.3473680000000001
869185748.063184,1.336506
869185749.436048,1.3173110000000001
869185750.737353,1.238539
869185752.194561,1.394888
869185753.502497,1.23443
869185754.9228159,1.358071
869185756.3708559,1.396801
869185757.842029,1.405257
869185759.1629599,1.269568
869185760.397222,1.1868589999999999
869185761.693224,1.217734
869185763.144742,1.389293
869185764.566981,1.375111
869185765.978246,1.3422720000000001
869185767.246861,1.221429
869185768.708352,1.3986770000000002
869185769.996263,1.237981
869185771.47243,1.4137520000000001
869185772.756215,1.2213289999999999
869185774.221256,1.399123
869185775.546607,1.262813
869185777.591037,1.993061
869185779.335906,1.67916
869185781.071645,1.6662759999999999
869185782.755233,1.629377
869185784.460379,1.633483
869185786.059031,1.544438
869185787.528393,1.3836320000000002
869185788.964943,1.3738599999999999
869185790.405146,1.3806129999999999
869185791.847435,1.379632
869185793.160171,1.238764
869185794.5567731,1.337659
869185795.83172,1.2124679999999999
869185797.2647439,1.376903
869185798.62885,1.298078
869185800.083528,1.378754
869185801.3525431,1.2188990000000002
869185802.7704381,1.35548
869185804.2139499,1.396176
869185805.692208,1.412657
869185806.9638081,1.224411
869185808.440331,1.41401
869185809.746663,1.256857
869185810.969617,1.153679
869185812.355338,1.3387930000000001
869185813.7918481,1.370441
869185815.25103,1.390744
869185816.5849811,1.271185
869185818.073362,1.413822
869185819.32416,1.177446
869185820.755329,1.379745
869185822.169139,1.360138
869185823.5382451,1.301748
869185824.817591,1.228098
869185826.244992,1.361655
869185827.6027161,1.306141
869185828.93789,1.264255
869185830.401739,1.398096
869185831.92241,1.45812
869185833.431342,1.446488
869185834.743641,1.258378
869185836.158699,1.363389
869185837.4318069,1.1992260000000001
869185838.6768179,1.1937
869185839.900663,1.1764519999999998
869185841.357836,1.3945100000000001
869185842.592752,1.1855310000000001
869185843.913478,1.2735260000000002
869185845.229218,1.2684499999999999
869185846.615463,1.336447
869185847.974741,1.296934
869185849.432608,1.394375
869185850.804964,1.306633
869185852.4003359,1.523784
869185853.80502,1.3509749999999998
869185855.292664,1.4249079999999998
869185856.798756,1.443511
869185858.14081,1.27553
869185859.553715,1.350319
869185861.027196,1.419485
869185862.495706,1.4025610000000002
869185863.867825,1.309695
869185865.141657,1.22706
869185866.5627661,1.355705
869185867.803906,1.1936570000000002
869185869.254218,1.387986
869185870.614125,1.3104410000000002
869185872.035972,1.3592739999999999
869185873.304119,1.200585
869185874.7070659,1.319585
869185876.084172,1.314649
869185877.52596,1.3916849999999998
869185878.837769,1.248903
869185880.317294,1.406456
869185881.945235,1.5620779999999999
869185883.5086659,1.493999
869185885.130969,1.559937
869185886.5841019,1.387155
869185887.863351,1.227977
869185889.231567,1.3168170000000001
869185890.7862971,1.479925
869185892.428029,1.578886
869185893.9111551,1.417724
869185895.4614329,1.4989789999999998
869185896.921133,1.408156
869185898.324565,1.344023
869185899.9601979,1.573339
869185901.572919,1.517137
869185903.246455,1.607598
869185905.160377,1.851486
869185906.82369,1.585973
869185908.361426,1.465328
869185909.873927,1.447037
869185911.387427,1.45689
869185912.774886,1.324806
869185914.353141,1.519298
869185916.0286751,1.618237
869185917.63538,1.54582
869185919.1829439,1.491509
869185920.817706,1.559604
869185922.408074,1.5246350000000002
869185923.9812579,1.510773
869185925.5840751,1.514721
869185927.2558869,1.6058540000000001
869185928.852645,1.534092
869185930.382142,1.463988
869185931.946504,1.5015910000000001
869185933.485072,1.4463
869185935.122996,1.572482
869185936.785688,1.5997400000000002
869185938.460001,1.608941
869185940.116183,1.5930600000000001
869185941.73422,1.552344
869185943.3110471,1.502437
869185944.9516801,1.5680729999999998
869185946.524395,1.518831
869185948.037915,1.450726
869185949.661371,1.5682230000000001
869185951.276271,1.563858
869185952.8648131,1.5369380000000001
869185954.526062,1.589437
869185956.151818,1.557392
869185957.519455,1.30233
869185958.868062,1.292294
869185960.41334,1.4826970000000002
869185961.924885,1.446077
869185963.516772,1.517916
869185965.138162,1.544546
869185966.7653761,1.550612
869185968.280856,1.452597
869185969.8966819,1.5273610000000002
869185971.462835,1.5143559999999998
869185973.0374831,1.512
869185974.658756,1.567227
869185976.337094,1.615061
869185977.9500749,1.546802
869185979.489685,1.477099
869185980.9896729,1.4374120000000001
869185982.606187,1.55034
869185984.1035889,1.434766
869185985.700548,1.5308940000000002
869185987.3082111,1.543314
869185988.929011,1.5582790000000002
869185990.538954,1.544276
869185992.1227969,1.5211020000000002
869185993.639714,1.4509729999999998
869185995.1501911,1.447575
869185996.8202599,1.6071469999999999
869185998.425729,1.539536
869185999.964307,1.475871
869186001.566648,1.515964
869186003.1348989,1.502138
869186004.6133821,1.415486
869186006.061193,1.381983
869186007.7411441,1.617706
869186009.2331941,1.428998
869186010.780457,1.482202
869186012.245403,1.402345
869186013.649142,1.338066
869186015.033871,1.322606
869186016.6534669,1.572529
869186018.2848209,1.5595240000000001
869186019.824181,1.4768240000000001
869186021.417847,1.531326
869186023.007664,1.5241129999999998
869186024.614485,1.537193
869186026.1682631,1.479481
869186028.367198,2.136365
869186030.247617,1.814733
869186032.063818,1.7596930000000002
869186033.771783,1.6483780000000001
869186035.272026,1.443988
869186036.803257,1.467903
869186038.340962,1.460537
869186039.900458,1.5031079999999999
869186041.444073,1.481209
869186042.900399,1.379393
869186044.431034,1.453899
869186046.0371549,1.540357
869186047.575275,1.481805
869186049.187699,1.549568
869186050.745291,1.4803469999999999
869186052.337098,1.5294919999999999
869186053.887754,1.4711940000000001
869186055.405939,1.466936
869186056.991356,1.522745
869186058.5071651,1.4500870000000001
869186060.155474,1.585572
869186061.648696,1.418579
869186063.271446,1.566624
869186064.872121,1.544312
869186066.270638,1.338599
869186067.873655,1.540652
869186069.56786,1.607603
869186071.2137281,1.5799239999999999
869186072.788648,1.512324
869186074.3553029,1.516676
869186075.897023,1.472375
869186077.5469251,1.586975
869186079.0873,1.475085
869186080.43285,1.2977150000000002
869186082.056716,1.557717
869186083.643837,1.514701
869186085.252824,1.54618
869186086.71467,1.396401
869186088.2272791,1.457099
869186090.187641,1.881248
869186091.633091,1.389087
869186093.229472,1.540007
869186094.7692829,1.473792
869186096.387997,1.556535
869186098.048824,1.5889039999999999
869186099.6160381,1.504879
869186101.0478369,1.369298
869186102.409789,1.290228
869186104.0955191,1.638258
869186105.5836841,1.421961
869186107.204208,1.558369
869186108.786963,1.5206060000000001
869186110.3363609,1.4834500000000002
869186111.8288461,1.4298279999999999
869186113.400767,1.5156749999999999
869186114.908505,1.4422160000000002
869186116.440664,1.475536
869186118.027294,1.528055
869186119.529177,1.454067
869186121.105959,1.5139909999999999
869186122.759068,1.58709
869186124.294679,1.4726089999999998
869186125.8571919,1.4899589999999998
869186127.175699,1.247069
869186128.674667,1.451422
869186130.175251,1.4410040000000002
869186131.7056099,1.4675829999999999
869186133.30952,1.541796
869186134.919619,1.544351
869186136.503507,1.520936
869186138.006798,1.425509
869186139.438045,1.368702
869186140.767416,1.266835
869186142.08589,1.2474610000000002
869186143.473918,1.337038
869186144.840425,1.304362
869186146.2549641,1.339609
869186147.612824,1.286495
869186149.072414,1.408555
869186150.55663,1.418643
869186152.555059,1.927027
869186154.266699,1.6374950000000001
869186155.9921471,1.662241
869186157.7003601,1.611003
869186159.388,1.624728
869186161.060018,1.596734
869186162.466298,1.340408
869186163.7450321,1.227843
869186164.913425,1.09754
869186166.34392,1.365014
869186167.511871,1.116664
869186168.7563239,1.181591
869186170.131622,1.308958
869186171.5292101,1.325747
869186172.877605,1.2969920000000001
869186174.322381,1.390951
869186175.747768,1.374187
869186177.242634,1.423156
869186178.6882609,1.379819
869186180.201536,1.450922
869186181.618563,1.3635469999999998
869186183.025625,1.355988
869186184.488397,1.400053
869186185.836781,1.294643
869186187.330911,1.4199620000000002
869186188.748474,1.355261
869186189.990058,1.187867
869186191.214127,1.155843
869186192.69435,1.428977
869186194.176681,1.417087
869186195.6127851,1.384537
869186196.9889339,1.3141100000000001
869186198.5109739,1.456641
869186199.977609,1.415384
869186201.4590379,1.3932440000000001
869186202.89608,1.371826
869186204.265388,1.318095
869186205.6118929,1.271674
869186207.104736,1.430503
869186208.6022869,1.445814
869186210.097709,1.441581
869186211.59273,1.443352
869186213.1001171,1.445139
869186214.653302,1.4993269999999999
869186216.044717,1.340778
869186217.3560389,1.256899
869186218.852684,1.4459989999999998
869186220.159214,1.255419
869186221.7234191,1.509917
869186223.227527,1.417897
869186224.8085811,1.518416
869186226.3541881,1.491822
869186227.797664,1.392136
869186229.390467,1.5299669999999999
869186230.872132,1.4158160000000002
869186232.367419,1.432656
869186233.950466,1.517158
869186235.585814,1.572492
869186237.023973,1.375995
869186238.559678,1.4632020000000001
869186240.167743,1.545319
869186241.7598599,1.526294
869186243.222417,1.400446
869186244.7335341,1.463837
869186246.322665,1.523417
869186247.923728,1.538643
869186249.550761,1.563981
869186251.152626,1.524904
869186252.780066,1.56508
869186254.284189,1.43788
869186255.928262,1.587955
869186257.544445,1.495767
869186259.110207,1.488562
869186260.720282,1.553692
869186262.306764,1.532378
869186263.931126,1.562127
869186265.351526,1.357822
869186266.912774,1.507571
869186268.2444199,1.26911
869186269.81591,1.5055349999999998
869186271.4519889,1.573669
869186272.9895041,1.475295
869186274.488847,1.433579
869186276.03445,1.4943160000000002
869186278.279081,2.18854
869186280.147592,1.801308
869186281.938608,1.720928
869186283.739622,1.738479
869186285.5856199,1.782886
869186287.4018539,1.75025
869186289.216429,1.7518239999999998
869186290.765281,1.483209
869186292.286022,1.458352
869186293.831586,1.486452
869186295.3231219,1.415308
869186296.7807779,1.401516
869186298.113584,1.26682
869186299.613459,1.443687
869186301.11217,1.4359060000000001
869186302.744409,1.572487
869186304.2631661,1.4564370000000002
869186305.833207,1.503587
869186307.2925249,1.38767
869186308.866034,1.5114589999999999
869186310.302861,1.371658
869186311.7800089,1.42548
869186313.366313,1.5238230000000001
869186314.875199,1.4432749999999999
869186316.430618,1.504278
869186317.988244,1.4917660000000001
869186319.565929,1.526103
869186321.063842,1.435262
869186322.6288381,1.4986949999999999
869186324.188819,1.508497
869186325.613731,1.354343
869186327.2104089,1.534308
869186328.806706,1.5241639999999999
869186330.376823,1.5039470000000001
869186331.929896,1.4908759999999999
869186333.347695,1.366673
869186334.845349,1.432099
869186336.3842641,1.487848
869186337.772158,1.3341850000000002
869186339.169456,1.335229
869186340.641845,1.403166
869186342.2563541,1.5486659999999999
869186343.678085,1.352668
869186345.1704,1.429313
869186346.640849,1.405022
869186348.231152,1.5272720000000002
869186349.801699,1.50493
869186351.3877419,1.523232
869186352.91768,1.459176
869186354.432868,1.4261059999999999
869186355.809498,1.314034
869186357.228989,1.357205
869186358.6481481,1.353196
869186360.0587751,1.348204
869186361.4003971,1.291518
869186362.797821,1.3350140000000001
869186364.145199,1.300351
869186365.506784,1.2946
869186366.874659,1.298072
869186368.238348,1.295118
869186369.5528849,1.264858
869186370.99496,1.3798219999999999
869186372.495211,1.452688
869186374.059018,1.497959
869186375.635033,1.5134750000000001
869186377.119109,1.414629
869186378.70683,1.521763
869186380.3234301,1.554044
869186381.937504,1.548015
869186383.373567,1.3847180000000001
869186384.959149,1.522686
869186386.522851,1.509706
869186388.078007,1.480482
869186389.609944,1.465838
869186391.05787,1.375885
869186392.510628,1.3812609999999999
869186394.0378001,1.4618179999999998
869186395.6056701,1.5164060000000001
869186397.156286,1.476705
869186398.754252,1.5143209999999998
869186400.210753,1.393955
869186401.707388,1.431087
869186403.339644,1.569801
869186405.236817,1.835162
869186407.0151321,1.7239
869186408.600995,1.514243
869186410.039356,1.3728239999999998
869186411.468377,1.377799
869186412.997488,1.458051
869186414.577106,1.513785
869186415.9640781,1.313318
869186417.560215,1.5161669999999998
869186418.978574,1.359193
869186420.557436,1.505884
869186422.046862,1.413203
869186423.612725,1.509527
869186425.08998,1.415005
869186426.664832,1.508583
869186428.192605,1.456479
869186429.772053,1.514392
869186431.116919,1.293343
869186432.550599,1.37127
869186434.0956349,1.490799
869186435.594977,1.437061
869186437.1502379,1.4837500000000001
869186438.701986,1.48604
869186440.3323619,1.5675999999999999
869186441.755972,1.3576860000000002
869186443.362343,1.54371
869186444.8333119,1.408334
869186446.261614,1.374296
869186447.811859,1.464676
869186449.474991,1.600476
869186451.0791171,1.538186
869186452.6560789,1.5062090000000001
869186454.335389,1.613347
869186455.912385,1.514504
869186457.569179,1.6053899999999999
869186459.187973,1.5442609999999999
869186460.93451,1.683981
869186462.579817,1.567194
869186464.221069,1.578526
869186465.858166,1.571273
869186467.3688531,1.448112
869186468.893052,1.450515
869186470.476048,1.5032489999999998
869186471.9431239,1.404214
869186473.535617,1.537936
869186475.207335,1.60632
869186476.737679,1.467347
869186478.583717,1.78022
869186480.190689,1.54397
869186481.80612,1.5495780000000001
869186483.388831,1.5201850000000001
869186485.0201039,1.568823
869186486.602008,1.515103
869186488.172375,1.507902
869186489.817716,1.579704
869186491.317984,1.438099
869186492.880613,1.515188
869186494.296244,1.338171
869186495.695858,1.330849
869186497.1816169,1.438372
869186498.5803449,1.3489909999999998
869186500.037112,1.400236
869186501.621461,1.507841
869186503.1933061,1.509224
869186504.620675,1.371132
869186506.193162,1.495346
869186507.772845,1.5171130000000002
869186509.1772001,1.342155
869186510.744652,1.501827
869186512.106661,1.31056
869186513.6406981,1.467767
869186515.247289,1.5345090000000001
869186516.7768561,1.458222
869186518.313459,1.47085
869186519.79576,1.419901
869186521.3275371,1.480021
869186522.6763151,1.283437
869186524.1664829,1.438749
869186525.607073,1.36593
869186527.6852821,2.0093289999999997
869186529.507995,1.758164
869186531.323328,1.7599639999999999
869186533.2121379,1.8239040000000002
869186534.973588,1.700619
869186536.7562541,1.7045649999999999
869186538.2088009,1.391785
869186539.750276,1.476663
869186541.135981,1.321167
869186542.6441591,1.447649
869186543.959171,1.250129
869186545.47472,1.435759
869186546.825626,1.249915
869186548.39067,1.5071450000000002
869186549.984852,1.5329320000000002
869186551.5691861,1.5198939999999999
869186552.970464,1.325753
869186554.536556,1.510408
869186556.133198,1.531887
869186557.733881,1.532444
869186559.35051,1.5517779999999999
869186560.949363,1.52554
869186562.589081,1.571669
869186564.204508,1.5509320000000002
869186565.798083,1.526183
869186567.380558,1.5182200000000001
869186569.018051,1.572817
869186570.7251459,1.639116
869186572.243758,1.465725
869186573.596244,1.28237
869186575.1211829,1.471879
869186576.616269,1.426847
869186578.17968,1.497437
869186579.7577189,1.515674
869186581.217589,1.397303
869186582.73629,1.441426
869186584.23543,1.43671
869186585.873475,1.572287
869186587.458802,1.522797
869186589.042775,1.521142
869186590.644996,1.528332
869186591.984975,1.278022
869186593.548291,1.489841
869186595.084673,1.470283
869186596.650186,1.5030899999999998
869186598.291175,1.586995
869186599.80951,1.455701
869186601.295149,1.433996
869186602.816557,1.45591
869186604.429353,1.55022
869186606.019626,1.523889
869186607.543128,1.460902
869186608.994162,1.388629
869186610.470851,1.411101
869186611.999475,1.465949
869186613.3284199,1.26318
869186614.849351,1.4582600000000001
869186616.350724,1.439199
869186617.6306039,1.234108
869186618.879201,1.204645
869186620.1555009,1.232516
869186621.6875141,1.466625
869186622.9490919,1.217779
869186624.4120901,1.401102
869186625.823871,1.357857
869186627.3255471,1.4389800000000001
869186628.8854251,1.49692
869186630.2167549,1.26531
869186631.586464,1.318146
869186632.855973,1.197837
869186634.1279321,1.2183039999999998
869186635.5447509,1.3417119999999998
869186636.983336,1.367582
869186638.39168,1.333683
869186639.7394811,1.26047
869186641.145727,1.355203
869186642.416978,1.21738
869186643.73426,1.2548920000000001
869186645.127242,1.330779
869186646.410713,1.230243
869186647.717466,1.244208
869186649.019654,1.240024
869186650.202134,1.128563
869186651.408706,1.159248
869186653.277561,1.804964
869186654.523484,1.196409
869186656.0770609,1.491458
869186657.5250859,1.382274
869186658.772768,1.2006569999999999
869186660.2112379,1.375748
869186661.7252619,1.448908
869186663.106219,1.333666
869186682.319214,19.150463
869186683.949094,1.5577130000000001
869186685.509652,1.471301
869186687.069625,1.494354
869186688.690414,1.5582930000000002
869186690.385751,1.629915
869186692.040048,1.591666
869186693.586519,1.479104
869186695.1238431,1.474804
869186696.704975,1.5182749999999998
869186698.187828,1.417095
869186699.705416,1.454983
869186701.311469,1.543789
869186702.793236,1.427164
869186704.173734,1.317995
869186705.530821,1.303199
869186706.834602,1.241305
869186708.203951,1.317141
869186709.731271,1.461494
869186711.066929,1.284739
869186712.44068,1.322832
869186713.8862981,1.392174
869186715.1767989,1.239338
869186716.680257,1.451935
869186718.042655,1.284481
869186719.453834,1.33992
869186720.830981,1.325731
869186722.127652,1.242695
869186723.620789,1.430546
869186725.1620079,1.4784279999999999
869186726.483908,1.244654
869186727.835649,1.300593
869186729.316828,1.418388
869186730.719303,1.336216
869186732.186089,1.40429
869186733.746853,1.494851
869186735.0745239,1.265256
869186736.617091,1.480432
869186738.191447,1.5086030000000001
869186739.642316,1.388318
869186741.062428,1.357742
869186742.418965,1.291234
869186743.815117,1.3520489999999998
869186745.313241,1.435522
869186746.7806569,1.396645
869186748.163357,1.296527
869186749.5666411,1.349815
869186750.9014649,1.2834560000000002
869186752.341612,1.388743
869186753.816096,1.409348
869186755.1395819,1.272242
869186756.5786,1.3757759999999999
869186758.015994,1.3836320000000002
869186759.478926,1.381115
869186760.985285,1.434757
869186762.424926,1.3856899999999999
869186763.887116,1.3862709999999998
869186765.345952,1.396846
869186766.766215,1.366479
869186768.117877,1.289042
869186769.5826169,1.392933
869186770.907086,1.261863
869186772.296968,1.3167929999999999
869186773.639491,1.276497
869186774.991969,1.301539
869186776.297935,1.254588
869186778.302525,1.93882
869186779.959271,1.605991
869186781.6292679,1.597869
869186783.261324,1.578146
869186784.916779,1.592924
869186786.353815,1.371007
869186787.806722,1.390158
869186789.108459,1.24478
869186790.562663,1.3877819999999998
869186791.790284,1.170576
869186793.237103,1.384504
869186794.674089,1.371823
869186796.077742,1.347583
869186797.556606,1.412946
869186798.780627,1.176639
869186800.088216,1.2603600000000001
869186801.506118,1.3517080000000001
869186802.9979581,1.429505
869186804.329366,1.283875
869186805.836962,1.441803
869186807.2649369,1.36521
869186808.56507,1.252828
869186810.0449071,1.4142340000000002
869186811.451406,1.355224
869186812.756474,1.231514
869186814.219347,1.397529
869186815.638029,1.3677190000000001
869186817.053674,1.3533760000000001
869186818.295001,1.1872
869186819.628616,1.270934
869186821.078693,1.3829630000000002
869186822.4875591,1.3430980000000001
869186823.9701461,1.4198760000000001
869186825.491608,1.428245
869186826.801384,1.24447
869186828.144796,1.296326
869186829.460039,1.265787
869186830.850367,1.327873
869186832.253659,1.341093
869186833.691121,1.371693
869186835.068995,1.330742
869186836.374269,1.216259
869186837.853163,1.405548
869186839.390196,1.474583
869186840.78528,1.324025
869186842.3021469,1.450763
869186843.656436,1.291738
869186844.94019,1.215913
869186846.394668,1.388826
869186847.7639929,1.3183120000000002
869186849.008634,1.1976669999999998
869186850.267643,1.1941810000000002
869186851.633271,1.318311
869186853.421049,1.724996
869186854.760297,1.273496
869186856.218577,1.395469
869186857.696123,1.411567
869186859.024057,1.265857
869186860.257008,1.189219
869186861.6883839,1.385502
869186862.983981,1.23363
869186864.435521,1.4078579999999998
869186865.898939,1.396867
869186867.343429,1.382168
869186868.550267,1.1624700000000001
869186869.804382,1.1839229999999998
869186871.254514,1.398545
869186872.7459021,1.4155909999999998
869186874.208674,1.396832
869186875.470532,1.210259
869186876.8959761,1.373689
869186878.171746,1.209702
869186879.535201,1.300769
869186880.782836,1.192342
869186882.199069,1.351081
869186883.620581,1.359525
869186884.859964,1.194712
869186886.140834,1.206882
869186887.571885,1.379457
869186889.024397,1.390346
869186890.3831911,1.3048140000000001
869186891.896098,1.4498410000000002
869186893.3568211,1.398665
869186894.608856,1.202473
869186896.077319,1.405962
869186897.395625,1.267954
869186898.669847,1.211491
869186900.051141,1.313966
869186901.3887321,1.287174
869186903.300195,1.848889
869186904.9202499,1.572597
869186906.61856,1.6326120000000002
869186908.119051,1.437924
869186909.417635,1.244505
869186910.746888,1.278151
869186912.164812,1.355572
869186913.51966,1.300929
869186914.890407,1.3079479999999999
869186916.2069831,1.2649160000000002
869186917.532559,1.2600090000000002
869186918.816865,1.1969109999999998
869186920.223324,1.3589660000000001
869186921.604866,1.331624
869186923.0819011,1.380717
869186924.558739,1.414153
869186925.844679,1.220876
869186927.106979,1.2148599999999998
869186928.392853,1.238725
869186929.67148,1.210944
869186930.942718,1.208966
869186932.1344421,1.144672
869186933.345107,1.1613179999999999
869186934.746296,1.349853
869186936.151902,1.343389
869186937.597626,1.391446
869186938.8398659,1.180037
869186940.082693,1.191397
869186941.557697,1.408369
869186942.96455,1.335393
869186944.454142,1.43797
869186945.92878,1.4087699999999999
869186947.345078,1.346179
869186948.6927811,1.2851780000000002
869186950.101251,1.343007
869186951.546976,1.3986109999999998
869186952.901637,1.3072279999999998
869186954.304749,1.337606
869186955.5780369,1.226119
869186956.937139,1.307568
869186958.2961221,1.293014
869186959.672168,1.324659
869186960.973878,1.239207
869186962.216482,1.1887130000000001
869186963.675379,1.384511
869186965.136041,1.397899
869186966.416632,1.2273239999999999
869186967.870693,1.391314
869186969.230309,1.296408
869186970.523525,1.2276889999999998
869186971.929444,1.329244
869186973.3309729,1.3324479999999999
869186974.708544,1.328684
869186976.138845,1.382985
869186977.406793,1.2181570000000002
869186978.7428141,1.2735610000000002
869186980.216827,1.411402
869186981.6437589,1.361305
869186983.156712,1.450558
869186984.609375,1.38937
869186986.0341971,1.3592350000000002
869186987.36044,1.263291
869186988.805425,1.382504
869186990.2671391,1.395896
869186991.6360409,1.306267
869186992.9488829,1.250141
869186994.3987141,1.384804
869186995.7403129,1.2785069999999998
869186996.968966,1.163875
869186998.385929,1.3708259999999999
869186999.764015,1.315612
869187000.979979,1.172644
869187002.1922419,1.166559
869187003.425691,1.168819
869187004.84538,1.37601
869187006.285655,1.374345
869187007.653759,1.316743
869187009.060416,1.31923
869187010.428585,1.3139210000000001
869187011.834324,1.343218
869187013.2593781,1.362266
869187014.645861,1.332245
869187016.131886,1.422923
869187017.420676,1.218674
869187018.692633,1.220706
869187020.159915,1.405263
869187021.653052,1.4276200000000001
869187023.073429,1.3571600000000001
869187024.44322,1.3073990000000002
869187025.732049,1.2351560000000001
869187027.600721,1.817021
869187029.378536,1.715454
869187031.328611,1.8960299999999999
869187033.336913,1.94533
869187035.246175,1.843632
869187037.1048189,1.807324
869187039.015782,1.857431
869187040.979664,1.900991
869187043.034266,1.981454
869187045.096857,2.011246
869187047.1037949,1.9412909999999999
869187049.160988,1.9949339999999998
869187051.27625,2.061397
869187053.3114209,1.9726359999999998
869187055.150731,1.7934590000000001
869187057.164271,1.969897
869187058.893417,1.663975
869187060.811609,1.862352
869187062.601213,1.723748
869187064.179265,1.534463
869187065.8752799,1.627142
869187067.5048419,1.593074
869187069.651012,2.1097
869187071.749717,2.0432319999999997
869187073.911981,2.110473
869187076.158661,2.1926900000000002
869187078.2401121,2.027318
869187080.238936,1.9280879999999998
869187082.551937,2.23967
869187084.862527,2.2478540000000002
869187086.932503,2.004518
869187089.267763,2.263339
869187091.243927,1.9217629999999999
869187093.5560809,2.2493320000000003
869187095.8373071,2.215904
869187097.956968,2.039018
869187100.197024,2.1691879999999997
869187102.407857,2.144895
869187104.483034,2.012486
869187106.642231,2.09373
869187108.5304381,1.844478
869187110.7819159,2.205289
869187112.704949,1.879037
869187114.899705,2.128587
869187117.045086,2.0828
869187119.3741939,2.2630100000000004
869187121.635444,2.198349
869187123.874789,2.165823
869187126.03366,2.107761
869187128.356109,2.249647
869187130.671307,2.261149
869187132.944503,2.2216150000000003
869187135.174181,2.16401
869187137.3534989,2.127473
869187139.730564,2.311312
869187142.062985,2.270055
869187144.2244979,2.108253
869187146.4110149,2.132551
869187148.610075,2.1294069999999996
869187150.971053,2.3068429999999998
869187153.4151269,2.3815310000000003
869187155.4584321,1.9892360000000002
869187157.542791,2.0132510000000003
869187159.6574601,2.048905
869187161.829031,2.1081939999999997
869187164.174002,2.279458
869187166.43853,2.1990960000000004
869187168.5956781,2.0942209999999997
869187170.7207681,2.059154
869187172.83362,2.0653020000000004
869187175.063383,2.164139
869187177.302472,2.1916689999999996
869187179.5837129,2.215408
869187181.575166,1.929097
869187183.562218,1.937326
869187185.649899,2.0253810000000003
869187187.983819,2.2686870000000003
869187190.1665059,2.0964970000000003
869187192.057833,1.826063
869187194.299269,2.191618
869187196.495133,2.133719
869187198.651784,2.085889
869187200.800564,2.085722
869187203.014918,2.164548
869187205.2925969,2.226144
869187207.4724079,2.126217
869187209.7425189,2.207259
869187212.0323709,2.215988
869187214.218053,2.129888
869187216.4397941,2.170676
869187218.650021,2.160595
869187220.9313331,2.234126
869187223.101816,2.120855
869187225.383665,2.2343070000000003
869187227.4443929,2.011017
869187229.7414069,2.2336460000000002
869187232.104535,2.2976099999999997
869187234.4251391,2.2552459999999996
869187236.767167,2.279503
869187239.1130899,2.279699
869187241.417352,2.2422750000000002
869187243.584291,2.1205410000000002
869187245.709018,2.061926
869187248.028232,2.250794
869187250.170853,2.094377
869187252.498488,2.264856
869187254.870847,2.313032
869187257.21468,2.281688
869187259.5267221,2.2463230000000003
869187261.5885,2.005026
869187263.715998,2.061846
869187265.6721619,1.88816
869187267.719205,1.9806110000000001
869187269.655123,1.873203
869187271.682297,1.961226
869187273.771483,2.041569
869187275.679335,1.841553
869187278.22384,2.481629
869187280.578315,2.295862
869187282.79871,2.170837
869187285.1192471,2.273608
869187287.361342,2.176558
869187289.195523,1.772036
869187291.06223,1.7901989999999999
869187293.118135,1.993553
869187294.786131,1.614301
869187296.8794249,2.019047
869187299.102797,2.156902
869187301.026162,1.860855
869187303.1071899,2.027146
869187305.174265,2.015455
869187307.314815,2.074555
869187309.40036,2.023362
869187311.176079,1.722062
869187312.695063,1.4718529999999999
869187314.168303,1.429183
869187315.8700709,1.649005
869187317.64548,1.7226260000000002
869187319.347603,1.64715
869187321.287328,1.8875389999999999
869187323.0542151,1.7247350000000001
869187324.987131,1.880784
869187326.592489,1.55054
869187328.5743589,1.929681
869187330.390024,1.76596
869187331.968954,1.5315610000000002
869187333.778962,1.738416
869187335.641028,1.796378
869187337.578609,1.882865
869187339.3084381,1.663018
869187341.210871,1.846071
869187343.172936,1.912394
869187345.001664,1.781155
869187346.565376,1.498301
869187348.44144,1.831474
869187349.965323,1.458027
869187351.767526,1.758131
869187353.899484,1.685776
869187355.876357,1.910649
869187357.935367,1.995887
869187359.774734,1.773374
869187361.802511,1.9648349999999999
869187363.8606681,1.991733
869187365.959516,2.035901
869187367.8991879,1.873808
869187369.95102,1.988821
869187371.70648,1.688532
869187373.66355,1.918675
869187375.320345,1.591746
869187376.908756,1.549267
869187378.39823,1.4301599999999999
869187380.06865,1.617577
869187381.749183,1.625535
869187383.3750969,1.574556
869187385.015929,1.5853709999999999
869187386.812889,1.742824
869187388.62654,1.762187
869187390.0868471,1.411818
869187391.787417,1.645321
869187393.521369,1.681194
869187395.171507,1.595465
869187396.6896219,1.4671109999999998
869187398.323882,1.580325
869187399.843596,1.4652610000000001
869187401.569029,1.6714769999999999
869187403.51559,1.892068
869187405.501972,1.950551
869187407.6108019,2.054053
869187409.603392,1.9309869999999998
869187411.321608,1.653265
869187413.2577051,1.873319
869187415.0815381,1.7780230000000001
869187417.045767,1.9025139999999998
869187418.7736,1.64895
869187420.623783,1.782338
869187422.698743,2.010134
869187424.4465201,1.697387
869187426.418206,1.906624
869187428.3911201,1.921409
869187430.1767479,1.713963
869187432.320299,2.081417
869187434.45915,2.073467
869187436.421661,1.900072
869187438.515043,2.0443919999999998
869187440.336972,1.775207
869187442.34401,1.9559489999999997
869187444.3129771,1.9069429999999998
869187446.106786,1.7437729999999998
869187448.1682659,1.991436
869187450.305513,2.071559
869187452.324515,1.9559299999999997
869187454.355749,1.981428
869187456.717078,2.298122
869187459.0306209,2.24653
869187461.1224409,2.043337
869187463.5097951,2.3373589999999997
869187465.7606709,2.187709
869187467.942241,2.1154110000000004
869187470.270773,2.240227
869187472.312526,1.9758520000000002
869187474.573898,2.2074260000000003
869187476.763863,2.103747
869187479.4626219,2.25808
869187481.619493,2.093516
869187483.712783,2.0435499999999998
869187485.918727,2.1342470000000002
869187488.144443,2.1758900000000003
869187490.187114,1.976499
869187492.262428,2.0277920000000003
869187494.536247,2.219969
869187496.6017439,2.013047
869187498.9352859,2.2792310000000002
869187501.268923,2.2820810000000002
869187503.61297,2.276926
869187505.736972,2.073132
869187508.056348,2.2695689999999997
869187510.2022151,2.0552859999999997
869187512.413859,2.149299
869187514.245559,1.7822339999999999
869187516.082968,1.790094
869187518.126086,1.992743
869187520.1182259,1.929521
869187522.130265,1.962354
869187524.140515,1.947697
869187526.237146,2.046197
869187528.9120209,2.627501
869187531.2469629,2.2681519999999997
869187533.550141,2.240537
869187535.8461269,2.230348
869187537.867712,1.958795
869187539.5386131,1.621422
869187541.72876,2.138928
869187543.792774,1.991217
869187546.0190251,2.174811
869187548.07612,1.991437
869187550.367977,2.2256530000000003
869187552.634645,2.204038
869187554.814265,2.1136459999999997
869187557.140462,2.257575
869187559.236442,2.0298209999999997
869187561.5302681,2.2252389999999997
869187563.913453,2.317447
869187566.05736,2.080955
869187568.439076,2.289395
869187570.685198,2.19257
869187572.983634,2.246909
869187575.22669,2.175824
869187577.582531,2.303223
869187579.782004,2.145444
869187581.991403,2.1569990000000003
869187584.3949541,2.330832
869187586.767555,2.3188229999999996
869187589.059426,2.240597
869187591.209442,2.0843030000000002
869187593.461802,2.1856459999999998
869187595.8109679,2.2821249999999997
869187597.9229571,2.050145
869187600.23549,2.262826
869187602.428287,2.126372
869187604.7999531,2.323957
869187607.175405,2.3092479999999997
869187609.5229161,2.285331
869187611.794054,2.2052199999999997
869187614.038887,2.182607
869187616.115603,2.030945
869187618.366775,2.175104
869187620.4002789,1.9709839999999998
869187622.603314,2.1568669999999996
869187624.832896,2.1557239999999998
869187627.2202001,2.32139
869187629.4876801,2.210864
869187631.777557,2.230713
869187634.070631,2.218669
869187636.2189239,2.08275
869187638.508461,2.218365
869187640.5424659,1.986747
869187642.328729,1.7152020000000001
869187644.195597,1.81952
869187646.1920661,1.930953
869187648.170614,1.908163
869187650.31627,2.080422
869187653.013114,2.645828
869187655.322497,2.235771
869187657.6114669,2.225538
869187659.95328,2.269463
869187661.9380181,1.93826
869187663.944178,1.955599
869187665.987046,1.957271
869187667.850932,1.814818
869187669.907918,2.0086739999999996
869187671.944007,1.982428
869187674.0044429,2.009452
869187676.108608,2.038312
869187678.0526791,1.890021
869187680.139915,2.036266
869187681.867643,1.661699
869187683.625572,1.702685
869187685.4618219,1.7836880000000002
869187687.511174,1.9939630000000002
869187689.6500851,2.075689
869187691.686617,1.965981
869187693.493659,1.738171
869187695.48401,1.9411070000000001
869187697.185428,1.659116
869187699.029239,1.794458
869187700.954064,1.86222
869187702.8520031,1.848545
869187704.858111,1.959082
869187707.030486,2.123017
869187709.412156,2.333935
869187711.706138,2.2290639999999997
869187714.003803,2.246389
869187716.176357,2.106916
869187718.4478811,2.206001
869187720.6836269,2.165619
869187723.034455,2.27931
869187725.199594,2.117968
869187727.344351,2.0952420000000003
869187729.578605,2.186767
869187731.923154,2.278766
869187734.080437,2.094863
869187736.41986,2.2740310000000004
869187738.640165,2.154171
869187740.8475051,2.1446630000000004
869187742.773715,1.8603619999999998
869187744.97926,2.14314
869187747.196378,2.1514450000000003
869187749.308802,2.049984
869187751.055187,1.680941
869187753.0849551,1.986032
869187755.136481,1.982372
869187757.08328,1.902907
869187759.1469411,1.993712
869187761.211127,2.001461
869187763.257292,1.9807029999999999
869187765.2870281,1.9625480000000002
869187767.386562,2.0339709999999998
869187769.226369,1.776349
869187771.21424,1.938761
869187773.3112899,2.026692
869187775.33692,1.9757609999999999
869187778.012151,2.590023
869187780.236563,2.175104
869187782.545079,2.258745
869187784.629958,2.022279
869187786.530114,1.834481
869187788.3909869,1.813944
869187790.298698,1.858042
869187792.0945151,1.732985
869187794.017653,1.850347
869187796.197294,2.117085
869187798.349234,2.086419
869187800.5350951,2.134655
869187802.6834259,2.094804
869187804.7291751,2.00218
869187806.7515819,1.9570210000000001
869187808.8835341,2.075043
869187810.843944,1.894606
869187812.868713,1.979278
869187814.9753139,2.046786
869187816.665466,1.64574
869187818.829784,2.117775
869187820.974598,2.081557
869187823.227138,2.17454
869187825.4344031,2.156047
869187827.5409319,2.041073
869187829.7587479,2.166461
869187831.9825909,2.1579949999999997
869187833.983515,1.903806
869187836.146762,2.097789
869187838.33152,2.1351780000000002
869187840.518768,2.124257
869187842.7284881,2.1437869999999997
869187844.919515,2.128055
869187847.148339,2.162766
869187849.2260259,2.0153480000000004
869187851.288656,2.01335
869187853.711232,2.3753670000000002
869187855.996598,2.2197889999999996
869187858.407452,2.317813
869187860.543145,2.072882
869187862.7623581,2.152892
869187864.968169,2.1427
869187867.336363,2.302181
869187869.71208,2.313467
869187872.085001,2.307449
869187874.420187,2.262212
869187876.561053,2.096231
869187878.519273,1.8921599999999998
869187880.906867,2.323912
869187883.222687,2.270039
869187885.39368,2.126926
869187887.660268,2.197328
869187889.968733,2.245499
869187892.188722,2.1539889999999997
869187894.422549,2.17998
869187896.52388,2.038872
869187898.66147,2.083884
869187900.850696,2.138287
869187903.343242,2.438891
869187905.885967,2.4800299999999997
869187908.3798441,2.423498
869187910.9649789,2.510959
869187913.27597,2.2484610000000003
869187915.5120821,2.145922
869187917.6084579,2.033455
869187919.948405,2.2745830000000002
869187922.275207,2.2754950000000003
869187924.352087,2.022992
869187926.721017,2.318861
869187928.9962,2.212517
869187931.260237,2.1934709999999997
869187933.57233,2.2493980000000002
869187935.784732,2.1628760000000002
869187938.1574969,2.310124
869187940.45205,2.2291860000000003
869187942.8096141,2.281914
869187945.053816,2.192862
869187947.45627,2.348404
869187949.8189161,2.299795
869187952.0858259,2.20137
869187954.312467,2.172367
869187956.680277,2.3164700000000003
869187959.023886,2.289303
869187961.323415,2.236322
869187963.618719,2.229376
869187965.8922039,2.210006
869187968.2608819,2.2976989999999997
869187970.425154,2.1102220000000003
869187972.601642,2.1247480000000003
869187974.742968,2.075403
869187977.3383269,2.5320970000000003
869187979.684795,2.280279
869187982.051195,2.303553
869187984.3734131,2.255988
869187986.595046,2.1555799999999996
869187988.856377,2.19875
869187990.8745611,1.952371
869187993.011667,2.074495
869187994.850641,1.77294
869187996.860855,1.958366
869187999.005637,2.070462
869188000.964175,1.9068340000000001
869188003.158322,2.128297
869188005.353972,2.144999
869188007.466391,2.0631939999999998
869188009.391966,1.878334
869188011.537596,2.095789
869188013.656605,2.056524
869188015.643581,1.920988
869188017.756411,2.050485
869188019.544408,1.723106
869188021.352576,1.760921
869188023.483812,2.081473
869188025.372155,1.8409710000000001
869188028.064686,2.643198
869188029.776071,1.661064
869188031.2117269,1.388491
869188032.613059,1.3393439999999999
869188034.0310919,1.367969
869188035.4660339,1.3719540000000001
869188036.751773,1.222907
869188038.147122,1.326649
869188039.551502,1.356905
869188040.9511709,1.325577
869188042.2745271,1.257633
869188043.751447,1.376609
869188045.12869,1.3148739999999999
869188046.578299,1.39055
869188048.047355,1.406595
869188049.535874,1.3951630000000002
869188050.9767151,1.384435
869188052.328942,1.2896100000000001
869188053.6836759,1.305292
869188055.081424,1.350286
869188056.395174,1.251447
869188057.665752,1.220996
869188059.019814,1.307016
869188060.305251,1.232084
869188061.50944,1.154776
869188063.049072,1.492135
869188064.672136,1.560368
869188066.2386191,1.5005739999999999
869188067.804886,1.5035109999999998
869188069.3284991,1.4610969999999999
869188070.895021,1.50107
869188072.354154,1.396703
869188073.882025,1.462424
869188075.448981,1.5107009999999998
869188077.101424,1.590228
869188078.6035349,1.436164
869188080.140545,1.480788
869188081.6143421,1.408083
869188083.1405799,1.463522
869188084.721831,1.518437
869188086.003416,1.222043
869188087.5489249,1.4830780000000001
869188089.1395789,1.5213130000000001
869188090.6337379,1.428236
869188092.1592,1.4555289999999999
869188093.703687,1.479265
869188095.172963,1.406901
869188096.452829,1.2100570000000002
869188097.9381471,1.4314259999999999
869188099.407373,1.406823
869188100.825606,1.367285
869188102.367882,1.476418
869188103.823591,1.39342
869188105.393296,1.515333
869188106.936742,1.478034
869188108.4827551,1.502235
869188109.921871,1.392698
869188111.485362,1.50085
869188113.066649,1.51806
869188114.4623189,1.329881
869188115.888721,1.382512
869188117.312967,1.37997
869188118.8804921,1.502163
869188120.486612,1.543193
869188122.186405,1.634096
869188123.83332,1.583864
869188125.4711239,1.563159
869188126.8955749,1.350471
869188128.493777,1.5353999999999999
869188130.032565,1.473164
869188131.413192,1.329231
869188132.9878991,1.523183
869188134.590062,1.5475759999999998
869188136.227385,1.567164
869188137.870536,1.568484
869188139.468582,1.535836
869188141.058479,1.518336
869188142.6987029,1.5741749999999999
869188144.165599,1.404315
869188145.774937,1.543619
869188147.314386,1.465146
869188148.8761829,1.4989910000000002
869188150.4629071,1.52053
869188152.31739,1.791391
869188154.076502,1.6929130000000001
869188155.775619,1.625236
869188157.158549,1.314452
869188158.637581,1.4133550000000001
869188159.9246639,1.235599
869188161.3868899,1.399268
869188162.6365451,1.195673
869188164.0750741,1.367261
869188165.481217,1.340096
869188166.861708,1.328862
869188168.359285,1.434425
869188169.873271,1.447919
869188171.158563,1.233701
869188172.6442109,1.423319
869188174.038366,1.3397000000000001
869188175.432003,1.342502
869188176.832831,1.349733
869188178.30097,1.39373
869188179.633422,1.26974
869188181.0270671,1.341979
869188182.3406659,1.247577
869188183.647509,1.255316
869188185.066247,1.356203
869188186.511438,1.370631
869188187.931368,1.357375
869188189.292118,1.316329
869188190.808395,1.450904
869188192.3182839,1.458362
869188193.866815,1.482467
869188195.426693,1.496845
869188196.975384,1.4777740000000001
869188198.496787,1.455549
869188199.9786271,1.409587
869188201.4537,1.3869360000000002
869188202.943636,1.4361899999999999
869188204.288723,1.282587
869188205.7991849,1.4445890000000001
869188207.1591359,1.297025
869188208.717871,1.488143
869188210.2484139,1.464934
869188211.604929,1.3047060000000001
869188213.166575,1.49887
869188214.756537,1.515522
869188216.147831,1.328791
869188217.602988,1.4011710000000002
869188218.88612,1.217227
869188220.189158,1.2514049999999999
869188221.673021,1.4182489999999999
869188223.1283519,1.4037069999999998
869188224.576408,1.385035
869188225.876876,1.234188
869188227.368535,1.416445
869188228.724687,1.270834
869188230.1730549,1.3824690000000002
869188231.5653731,1.3296759999999999
869188233.0040979,1.375854
869188234.3489491,1.278788
869188235.7898539,1.377718
869188237.263052,1.410755
869188238.58942,1.2803490000000002
869188240.060284,1.427116
869188241.368138,1.231066
869188242.74953,1.337551
869188244.1592281,1.365831
869188245.516127,1.291106
869188246.87918,1.3009140000000001
869188248.204787,1.281754
869188249.4477351,1.196763
869188250.883695,1.379292
869188252.204226,1.2643739999999999
869188253.6957849,1.4257600000000001
869188254.938939,1.186903
869188256.42551,1.4117389999999999
869188257.885372,1.3935110000000002
869188259.383878,1.441659
869188260.775825,1.317763
869188262.234707,1.392934
869188263.472423,1.172581
869188264.9015319,1.381642
869188266.1836929,1.215703
869188267.381111,1.149754
869188268.612538,1.183882
869188270.071169,1.392578
869188271.370986,1.236956
869188272.8168341,1.383462
869188274.145421,1.274769
869188275.601451,1.393441
869188277.3774531,1.724565
869188279.061263,1.617601
869188280.425675,1.301606
869188281.8614379,1.363186
869188283.3924761,1.468174
869188284.84049,1.396434
869188286.3361629,1.430062
869188287.858436,1.470909
869188289.3635269,1.4539380000000002
869188290.904746,1.4749999999999999
869188292.361421,1.393992
869188293.988382,1.5729190000000002
869188295.373888,1.334011
869188296.937664,1.501271
869188298.398932,1.394974
869188299.9971081,1.526157
869188301.662761,1.5671730000000001
869188303.2371471,1.497157
869188304.8164951,1.51673
869188306.273132,1.4026310000000002
869188307.635078,1.299206
869188309.162014,1.472148
869188310.721064,1.492996
869188312.2406039,1.4569649999999998
869188313.54087,1.2408709999999998
869188315.106964,1.503276
869188316.4990879,1.335845
869188317.957198,1.360795
869188319.4310241,1.410952
869188320.79874,1.3200180000000001
869188322.548084,1.683474
869188324.1126419,1.494871
869188325.697868,1.518621
869188327.280829,1.519784
869188328.830984,1.487499
869188330.431629,1.5345039999999999
869188332.059216,1.571183
869188333.7182239,1.592614
869188335.1142939,1.333546
869188336.6651169,1.494565
869188338.235775,1.511051
869188339.842865,1.549232
869188341.362915,1.457304
869188342.8208901,1.381411
869188344.4065621,1.533703
869188345.867754,1.395424
869188347.46778,1.537145
869188349.38533,1.854749
869188350.934407,1.482447
869188352.42785,1.430536
869188353.9874411,1.493397
869188355.608812,1.558473
869188357.299793,1.62843
869188358.679261,1.32943
869188360.181574,1.439502
869188361.773685,1.542319
869188363.3411319,1.5200509999999998
869188364.885463,1.4819390000000001
869188366.5267601,1.591075
869188368.160043,1.570271
869188369.809979,1.584113
869188371.407334,1.5337669999999999
869188372.85732,1.387275
869188374.511146,1.588103
869188376.244718,1.6705699999999999
869188377.860505,1.549874
869188379.347255,1.423957
869188380.8124831,1.417728
869188382.209903,1.347661
869188383.8058189,1.533656
869188385.2936591,1.425123
869188386.870195,1.526578
869188388.250674,1.3195270000000001
869188389.606537,1.296611
869188391.191663,1.522536
869188392.809651,1.555353
869188394.468174,1.599009
869188396.095772,1.571487
869188397.690505,1.535287
869188399.3081721,1.543656
869188400.9235979,1.552765
869188403.192526,2.202953
869188404.994045,1.7505039999999998
869188406.79728,1.7493619999999999
869188408.542099,1.693315
869188410.346918,1.738668
869188411.788087,1.389027
869188413.273786,1.423054
869188414.821546,1.481986
869188416.3620731,1.4779369999999998
869188417.808786,1.356468
869188419.3288809,1.457329
869188420.732935,1.3413380000000001
869188422.3132601,1.514316
869188423.9020439,1.5259029999999998
869188425.580289,1.603348
869188427.178088,1.547663
869188428.816539,1.568145
869188430.3249091,1.4425480000000002
869188431.865518,1.4930169999999998
869188433.392343,1.4794260000000001
869188434.986871,1.521605
869188436.459029,1.409848
869188438.0278269,1.491368
869188439.559965,1.4690560000000001
869188441.102556,1.479583
869188442.6537889,1.491641
869188444.229172,1.503787
869188445.784283,1.477238
869188447.413643,1.573262
869188448.9861491,1.498496
869188450.622309,1.569755
869188452.171451,1.477734
869188453.7930269,1.556073
869188455.318945,1.463242
869188456.865882,1.475476
869188458.506557,1.574907
869188460.077896,1.508588
869188461.434194,1.28648
869188463.019691,1.5141060000000002
869188464.615041,1.532072
869188466.221667,1.540211
869188467.598659,1.3143259999999999
869188469.112331,1.462292
869188470.658944,1.492396
869188472.202037,1.475148
869188473.8359821,1.56063
869188475.387886,1.488677
869188477.364579,1.913421
869188479.062934,1.6321109999999999
869188480.7277449,1.601564
869188482.44552,1.651726
869188484.133796,1.624087
869188485.737801,1.538182
869188487.276444,1.475892
869188488.928712,1.589542
869188490.578338,1.583603
869188492.163033,1.521729
869188493.820788,1.592012
869188495.503807,1.6201519999999998
869188497.2025521,1.635914
869188498.89158,1.622253
869188500.48243,1.528134
869188502.14685,1.598783
869188503.824161,1.6148099999999999
869188505.374621,1.4878300000000002
869188506.955241,1.514516
869188508.524756,1.506608
869188510.297925,1.707211
869188511.941969,1.581327
869188513.408739,1.381011
869188514.935203,1.461202
869188516.498523,1.476623
869188518.1439049,1.579664
869188519.748321,1.5414599999999998
869188521.38184,1.570873
869188522.948733,1.501236
869188524.450946,1.4394419999999999
869188526.1162591,1.599208
869188528.349223,2.1698630000000003
869188530.260985,1.845794
869188532.166056,1.842425
869188533.6548029,1.423168
869188535.275075,1.558138
869188536.81013,1.471893
869188538.36675,1.4909109999999999
869188539.858168,1.428938
869188541.2031289,1.2820399999999998
869188542.6619561,1.3932090000000001
869188544.156677,1.432515
869188545.6411229,1.4184029999999999
869188547.066291,1.355427
869188548.5020801,1.373383
869188549.7896891,1.2379660000000001
869188551.264397,1.427569
869188552.682605,1.3494329999999999
869188554.198655,1.4499009999999999
869188555.539457,1.271334
869188556.771911,1.185238
869188558.214546,1.376755
869188559.503454,1.217916
869188560.900003,1.344849
869188562.339185,1.372922
869188563.7564731,1.3548259999999999
869188565.161031,1.353196
869188566.509913,1.28318
869188567.9905989,1.414588
869188569.448274,1.366218
869188570.839854,1.3289140000000002
869188572.314308,1.410751
869188573.76034,1.380339
869188575.244541,1.4210589999999999
869188576.678038,1.370736
869188578.111488,1.36773
869188579.37126,1.2121879999999998
869188580.7563,1.312719
869188582.22745,1.398841
869188583.5911951,1.301278
869188585.074375,1.431517
869188586.420752,1.280361
869188587.872535,1.400464
869188589.351975,1.408091
869188590.760214,1.342371
869188592.242977,1.42043
869188593.545069,1.247765
869188594.9255891,1.311555
869188596.3461521,1.358017
869188597.592494,1.173685
869188599.029966,1.386205
869188600.325217,1.223994
869188601.61255,1.233596
869188603.299112,1.623551
869188604.82488,1.4624009999999998
869188606.142403,1.251951
869188607.6010989,1.365102
869188609.007775,1.362987
869188610.4176719,1.3637700000000001
869188611.796052,1.315899
869188613.290153,1.432109
869188614.688656,1.352052
869188616.083856,1.351318
869188617.383187,1.23367
869188618.733095,1.305666
869188620.077461,1.281713
869188621.501411,1.3648200000000001
869188622.902851,1.338257
869188624.180625,1.221121
869188625.6665801,1.4201570000000001
869188626.97858,1.248933
869188628.4608619,1.419025
869188629.826006,1.299782
869188631.300781,1.412618
869188632.5249109,1.176877
869188633.933164,1.358401
869188635.418813,1.422863
869188636.777242,1.295917
869188638.0746781,1.24782
869188639.532582,1.395353
869188641.097868,1.517949
869188642.6199319,1.456115
869188644.106864,1.424546
869188645.4334929,1.272856
869188646.9076849,1.411079
869188648.238715,1.279663
869188649.8139379,1.508929
869188651.364674,1.478757
869188653.217691,1.790543
869188655.078087,1.806181
869188656.923172,1.7942150000000001
869188658.819607,1.830734
869188660.396194,1.524851
869188661.751959,1.282013
869188663.264433,1.460799
869188664.697915,1.3709609999999999
869188666.316947,1.5595450000000002
869188667.835076,1.462127
869188669.226273,1.3284200000000002
869188670.8434631,1.5575350000000001
869188672.406651,1.506947
869188673.996633,1.523984
869188675.648049,1.5887449999999999
869188677.286053,1.566582
869188678.8470579,1.4910240000000001
869188680.402079,1.503337
869188681.962076,1.4942090000000001
869188683.5565591,1.531415
869188685.1522341,1.5238280000000002
869188686.656747,1.4383519999999999
869188688.1168411,1.408638
869188689.702725,1.526614
869188691.2368369,1.4776399999999998
869188692.862247,1.551624
869188694.4968289,1.568622
869188696.179472,1.620198
869188697.540145,1.294376
869188699.014689,1.418069
869188700.349575,1.2610620000000001
869188701.814428,1.392998
869188703.290438,1.413217
869188704.6241649,1.282433
869188706.115753,1.425372
869188707.6011721,1.433882
869188708.956404,1.292612
869188710.3037369,1.293336
869188711.675184,1.319845
869188713.20676,1.46861
869188714.7133379,1.4408050000000001
869188716.0829121,1.306778
869188717.541849,1.3811209999999998
869188719.035033,1.430532
869188720.297797,1.21179
869188721.6188531,1.2674679999999998
869188723.062976,1.381773
869188724.386782,1.272479
869188725.8966191,1.455967
869188727.353567,1.40929
869188728.7778081,1.361225
869188730.265432,1.422141
869188731.612404,1.284576
869188733.131771,1.438745
869188734.4789431,1.281599
869188735.978059,1.436731
869188737.5220089,1.452257
869188738.999249,1.4118780000000002
869188740.524802,1.4629109999999999
869188742.02289,1.43219
869188743.521183,1.4357980000000001
869188744.859089,1.275495
869188746.367762,1.442859
869188747.7573321,1.32706
869188749.2468231,1.427448
869188750.4629071,1.170436
869188751.850729,1.343915
869188753.400904,1.4876939999999998
869188754.814895,1.3482450000000001
869188756.087398,1.228704
869188757.326239,1.193001
869188758.791049,1.402733
869188760.156734,1.3219530000000002
869188761.623034,1.4006319999999999
869188763.054878,1.3600960000000002
869188764.4769579,1.359649
869188765.944407,1.412818
869188767.327555,1.319974
869188768.724211,1.345397
869188769.997033,1.2187249999999998
869188771.443375,1.384084
869188772.895271,1.400073
869188774.353688,1.392393
869188775.82556,1.400482
869188777.853188,1.9651310000000002
869188779.564015,1.657247
869188781.15726,1.5306689999999998
869188782.647119,1.4243949999999999
869188784.0949761,1.396354
869188785.702188,1.54166
869188787.198056,1.432836
869188788.731592,1.4594040000000001
869188790.2015,1.403438
869188791.737447,1.4408960000000002
869188793.27863,1.4789539999999999
869188794.782948,1.438892
869188796.1959779,1.356332
869188797.60169,1.339723
869188798.988496,1.335443
869188800.533614,1.4823970000000002
869188801.9367839,1.3372659999999998
869188803.4117559,1.423453
869188804.948915,1.4746489999999999
869188806.357305,1.342506
869188807.830805,1.42198
869188809.307449,1.400274
869188810.831347,1.4583860000000002
869188812.316371,1.43319
869188813.8678731,1.476623
869188815.25789,1.3266790000000002
869188816.8757371,1.5548359999999999
869188818.399039,1.446456
869188820.082113,1.620133
869188821.7301099,1.581603
869188823.281984,1.489258
869188824.862294,1.517268
869188826.49673,1.5686229999999999
869188828.194157,1.6348420000000001
869188829.836356,1.575955
869188831.350823,1.4519419999999998
869188832.736346,1.338377
869188834.253386,1.46689
869188835.900637,1.57603
869188837.287065,1.315779
869188838.873685,1.520906
869188840.439245,1.496022
869188842.0395421,1.5344829999999998
869188843.616737,1.514065
869188845.1751981,1.50186
869188846.767847,1.52677
869188848.426775,1.584641
869188850.159705,1.655754
869188851.7437791,1.512381
869188853.873021,1.660379
869188855.543697,1.604376
869188857.171452,1.5648490000000002
869188858.8107791,1.5736940000000001
869188860.420252,1.546211
869188862.050483,1.564318
869188863.7202959,1.606792
869188865.396614,1.613532
869188867.078901,1.616384
869188868.693962,1.552099
869188870.3356401,1.575459
869188871.817264,1.4189070000000001
869188873.331511,1.466886
869188874.951754,1.5543740000000001
869188876.579388,1.564793
869188878.253758,1.608134
869188879.868798,1.551879
869188881.306932,1.3753630000000001
869188882.777169,1.404601
869188884.287367,1.453619
869188885.8945091,1.541033
869188887.304378,1.3470870000000001
869188888.798882,1.423214
869188890.345006,1.472132
869188891.673706,1.277458
869188893.080659,1.343458
869188894.557256,1.422783
869188896.0358571,1.416221
869188897.355492,1.264524
869188898.89867,1.480438
869188900.2372841,1.2758699999999998
869188901.672745,1.3812659999999999
869188903.370077,1.6211769999999999
869188905.1040939,1.670815
869188906.846004,1.646057
869188908.490582,1.5933620000000002
869188909.8968539,1.352085
869188911.34562,1.3861940000000001
869188912.602756,1.201251
869188914.0272319,1.358298
869188915.277959,1.178743
869188916.4963471,1.16208
869188917.953058,1.379596
869188919.271732,1.2560010000000001
869188920.779319,1.451233
869188922.212788,1.3673389999999999
869188923.6432389,1.374139
869188925.142129,1.445859
869188926.535002,1.342781
869188928.062945,1.465046
869188929.58108,1.4520570000000002
869188931.060665,1.409022
869188932.508477,1.385086
869188933.846628,1.2723579999999999
869188935.210387,1.288036
869188936.460739,1.2028379999999999
869188937.9409821,1.414088
869188939.3165139,1.323953
869188940.62231,1.2428789999999998
869188942.1351471,1.446809
869188943.605978,1.408023
869188945.1124209,1.443411
869188946.620261,1.441747
869188947.921261,1.229706
869188949.352403,1.362251
869188950.602248,1.1783290000000002
869188952.044692,1.394799
869188953.3431959,1.230713
869188954.7163279,1.3257480000000001
869188956.112713,1.333753
869188957.381373,1.219223
869188958.780522,1.351048
869188960.1485051,1.305549
869188961.432983,1.2303870000000001
869188962.852939,1.357596
869188964.3249539,1.396315
869188965.798869,1.420069
869188967.2805849,1.419019
869188968.790605,1.4473120000000002
869188970.087736,1.242906
869188971.6041169,1.4539410000000001
869188973.026588,1.350147
869188974.309386,1.228893
869188975.7098321,1.331345
869188977.302825,1.530148
869188978.698647,1.322031
869188979.9592221,1.197649
869188981.4016759,1.355937
869188982.645472,1.178289
869188984.066949,1.358846
869188985.431113,1.317784
869188986.6541159,1.15095
869188987.876429,1.178234
869188989.305109,1.384642
869188990.678071,1.3072439999999999
869188992.148037,1.407524
869188993.582036,1.380149
869188994.997659,1.364355
869188996.451478,1.3912250000000002
869188997.862721,1.357353
869188999.27715,1.352044
869189000.803674,1.4640339999999998
869189002.116686,1.238351
869189003.564648,1.396467
869189004.9810431,1.353769
869189006.383592,1.348881
869189007.746671,1.300671
869189009.040619,1.242814
869189010.4944739,1.388519
869189011.732357,1.186728
869189013.210566,1.4158
869189014.49466,1.230192
869189015.9208151,1.374875
869189017.276081,1.2931119999999998
869189018.678045,1.348171
869189020.1388739,1.3986560000000001
869189021.477489,1.284493
869189022.9330881,1.392919
869189024.3541671,1.358152
869189025.828676,1.400084
869189027.932675,2.0412429999999997
869189029.7182571,1.723132
869189031.4262439,1.642158
869189033.105244,1.615968
869189034.3469551,1.175883
869189035.800656,1.382959
869189037.149216,1.2860989999999999
869189038.576643,1.373065
869189039.99402,1.36609
869189041.44135,1.356083
869189042.824666,1.311911
869189044.288861,1.401677
869189045.728245,1.3852179999999998
869189047.06547,1.284927
869189048.478787,1.361829
869189050.0105741,1.465794
869189051.384499,1.311349
869189052.866338,1.430001
869189054.301275,1.3689730000000002
869189055.6082541,1.235056
869189057.043851,1.384283
869189058.419348,1.309831
869189059.928994,1.4585080000000001
869189061.509028,1.5171780000000001
869189063.0219619,1.44722
869189064.546066,1.461158
869189066.1490581,1.536828
869189067.599611,1.3592490000000002
869189069.175598,1.495468
869189070.737793,1.508386
869189072.372224,1.571579
869189074.031387,1.584284
869189075.6096369,1.515689
869189077.118331,1.446197
869189078.6099011,1.4261759999999999
869189080.152776,1.486386
869189081.818555,1.586973
869189083.3883201,1.506909
869189084.990105,1.539194
869189086.357256,1.289494
869189087.77072,1.356805
869189089.36578,1.532383
869189090.920003,1.5002170000000001
869189092.386292,1.403318
869189093.916766,1.456181
869189095.494169,1.514497
869189097.10694,1.5504609999999999
869189098.495834,1.314359
869189100.0836661,1.5248110000000001
869189101.671152,1.5092020000000002
869189103.726263,1.991792
869189105.2658471,1.476838
869189106.724749,1.393189
869189108.386293,1.598632
869189109.938358,1.485955
869189111.522717,1.5215230000000002
869189113.11077,1.524956
869189114.6933451,1.516737
869189116.3618599,1.6058590000000001
869189117.9848189,1.55687
869189119.572336,1.5246199999999999
869189121.253426,1.617978
869189122.8913599,1.560489
869189124.449863,1.49363
869189126.028394,1.512216
869189127.5045409,1.4133900000000001
869189128.921305,1.367395
869189130.516071,1.5293240000000001
869189132.098794,1.525774
869189133.726644,1.5617770000000002
869189135.3466871,1.557221
869189136.841307,1.4315980000000001
869189138.344071,1.427761
869189139.926019,1.519459
869189141.563032,1.5856240000000001
869189143.1293991,1.500459
869189144.7430661,1.5507959999999998
869189146.3330541,1.5241
869189147.8682189,1.464112
869189149.508438,1.577077
869189151.104324,1.530168
869189153.359866,2.192641
869189155.14636,1.7072999999999998
869189157.00311,1.805034
869189158.6758701,1.607322
869189160.236955,1.498399
869189161.798175,1.494871
869189163.357406,1.496435
869189164.9390589,1.518997
869189166.534083,1.5291409999999999
869189168.424926,1.804317
869189170.046477,1.5558569999999998
869189171.712636,1.6038999999999999
869189173.3414841,1.566062
869189174.946671,1.539354
869189176.571124,1.561767
869189178.236402,1.599194
869189179.9209349,1.62141
869189181.509128,1.5254459999999999
869189183.016518,1.441747
869189184.561896,1.47159
869189186.043646,1.416002
869189187.637182,1.5311910000000002
869189189.289173,1.597628
869189190.854961,1.50633
869189192.487207,1.5757709999999998
869189194.077639,1.531349
869189195.6092349,1.458114
869189197.1357739,1.463608
869189198.738429,1.5363950000000002
869189200.302288,1.512146
869189201.916883,1.54841
869189203.4904621,1.510687
869189205.026142,1.472899
869189206.571255,1.479119
869189208.1314291,1.4975019999999999
869189209.739272,1.5423660000000001
869189211.0791371,1.2672670000000001
869189212.586984,1.445548
869189214.2393061,1.597899
869189215.826357,1.5244499999999999
869189217.449366,1.5528
869189219.0499779,1.534799
869189220.5541201,1.441752
869189222.035149,1.4151669999999998
869189223.587033,1.5004330000000001
869189225.194391,1.544597
869189227.1835979,1.923067
869189228.903156,1.652508
869189230.398553,1.428661
869189231.959468,1.497963
869189233.606608,1.557086
869189235.182407,1.510151
869189236.825724,1.580521
869189238.437337,1.5454290000000002
869189240.063734,1.564193
869189241.6562519,1.526334
869189243.08984,1.3710470000000001
869189244.6584679,1.5060360000000002
869189246.316599,1.5923129999999999
869189247.92723,1.547147
869189249.502162,1.512001
869189251.097607,1.51197
869189252.731486,1.5710279999999999
869189254.4268241,1.6291339999999999
869189255.977936,1.486777
869189257.598334,1.528875
869189259.085888,1.42117
869189260.659407,1.510923
869189262.3233961,1.597886
869189263.980129,1.593686
869189265.6827791,1.613793
869189267.299082,1.5279429999999998
869189269.0032159,1.641162
869189270.623834,1.553938
869189272.247906,1.56117
869189273.893853,1.580269
869189275.5884991,1.6322050000000001
869189277.645549,1.9942039999999999
869189279.55443,1.843082
869189281.437469,1.820288
869189283.325696,1.822073
869189285.25369,1.8653579999999998
869189287.027836,1.707546
869189288.313695,1.223238
869189289.7909701,1.4000499999999998
869189291.2904971,1.436851
869189292.665895,1.301925
869189294.234106,1.502067
869189295.63578,1.3386719999999999
869189297.174638,1.476296
869189298.750403,1.521695
869189300.221429,1.419508
869189301.74245,1.455339
869189303.336813,1.522435
869189304.780424,1.380956
869189306.420362,1.5741399999999999
869189308.05122,1.557798
869189309.6203489,1.50261
869189311.204302,1.521754
869189312.863992,1.596568
869189314.485833,1.556263
869189316.168722,1.6197920000000001
869189317.758263,1.523738
869189319.330534,1.509645
869189320.917038,1.523678
869189322.384065,1.389664
869189323.957183,1.498732
869189325.548638,1.505716
869189327.1730211,1.5585740000000001
869189328.7303671,1.483395
869189330.2953011,1.499161
869189331.824146,1.466601
869189333.4801071,1.601283
869189335.09166,1.546035
869189336.5419871,1.387596
869189338.114323,1.497173
869189339.690393,1.5137589999999999
869189341.162661,1.409693
869189342.682646,1.446093
869189344.243114,1.497968
869189345.808595,1.499142
869189347.427028,1.566699
869189349.0644,1.574802
869189350.7131901,1.5832920000000001
869189352.342153,1.5660260000000001
869189353.7768041,1.38019
869189355.232844,1.393735
869189356.804689,1.5090189999999999
869189358.4777199,1.6071469999999999
869189360.134257,1.593391
869189361.815512,1.615297
869189363.355087,1.47703
869189364.8693631,1.451826
869189366.3201059,1.384449
869189367.872751,1.46478
869189369.488829,1.5534819999999998
869189371.0587,1.5039420000000001
869189372.737795,1.616278
869189374.387742,1.583834
869189376.058813,1.6085260000000001
869189377.729163,1.60426
869189379.348368,1.5563639999999999
869189381.0175639,1.605779
869189382.6218901,1.5385380000000002
869189384.245331,1.560329
869189385.923594,1.612053
869189387.516392,1.5304680000000002
869189389.171381,1.591907
869189390.7842909,1.546882
869189392.325731,1.478397
869189393.912852,1.521012
869189395.470449,1.494771
869189397.024192,1.491168
869189398.624673,1.5342369999999999
869189400.242706,1.554886
869189402.2612059,1.9528320000000001
869189404.095522,1.77149
869189405.9739339,1.8039690000000002
869189407.8003141,1.7699770000000001
869189409.320444,1.445936
869189410.867636,1.47043
869189412.3293949,1.399223
869189413.7325369,1.336978
869189415.238709,1.433724
869189416.775117,1.479377
869189418.370372,1.529713
869189419.997751,1.564794
869189421.681988,1.58918
869189423.282319,1.529367
869189424.910982,1.566161
869189426.349792,1.3729770000000001
869189427.914927,1.493339
869189429.440755,1.463538
869189431.078954,1.572592
869189432.425141,1.259224
869189433.9540889,1.421463
869189435.4213309,1.395794
869189437.03763,1.553523
869189438.676656,1.572963
869189440.2899879,1.5506
869189441.769636,1.4142919999999999
869189443.380489,1.5589600000000001
869189444.9368789,1.494198
869189446.597078,1.60589
869189448.249777,1.580871
869189449.9201009,1.596995
869189451.442351,1.459975
869189452.967789,1.462914
869189454.4530821,1.425515
869189456.1130221,1.597445
869189457.813381,1.634055
869189459.422428,1.546821
869189460.890862,1.405996
869189462.527681,1.577085
869189464.167948,1.5838
869189465.726127,1.492382
869189467.160185,1.362919
869189468.60071,1.37674
869189470.115829,1.4407949999999998
869189471.574805,1.4070960000000001
869189473.199519,1.551652
869189474.792443,1.520649
869189476.3389491,1.4836999999999998
869189477.803068,1.3979249999999999
869189479.4020361,1.535836
869189480.835955,1.371113
869189482.374853,1.472283
869189484.070001,1.632311
869189485.6674349,1.5308789999999999
869189487.247088,1.516711
869189488.774395,1.458367
869189490.383923,1.5434240000000001
869189491.984645,1.537726
869189493.5395759,1.464445
869189495.144257,1.539098
869189496.682429,1.475305
869189498.0687921,1.307285
869189499.5367949,1.398267
869189500.9482371,1.3370389999999999
869189502.503919,1.489538
869189504.170129,1.59213
869189505.819505,1.573629
869189507.375688,1.4834850000000002
869189509.068475,1.629529
869189510.569204,1.43432
869189512.164581,1.538573
869189513.606101,1.387294
869189515.229436,1.560609
869189516.778909,1.486757
869189518.4655269,1.620459
869189520.142286,1.614219
869189521.7567301,1.5485
869189523.3408589,1.512483
869189524.878309,1.474619
869189526.501323,1.55697
869189528.160652,1.596929
869189530.026238,1.806672
869189531.865848,1.783214
869189533.740198,1.817774
869189535.483523,1.684416
869189536.992447,1.446248
869189538.5385771,1.480136
869189539.885239,1.272555
869189541.414279,1.4728199999999998
869189542.968668,1.477323
869189544.397931,1.366807
869189545.9532111,1.4961060000000002
869189547.3552,1.350846
869189548.905109,1.498469
869189550.468796,1.509308
869189552.1530039,1.632512
869189553.835441,1.611705
869189555.400977,1.513913
869189556.962147,1.498559
869189558.5592511,1.530699
869189560.207204,1.573909
869189561.8273259,1.55457
869189563.454611,1.564265
869189565.015213,1.483851
869189566.583741,1.509058
869189568.068138,1.4212339999999999
869189569.569965,1.4261110000000001
869189571.10524,1.46109
869189572.744618,1.5767209999999998
869189574.279757,1.468875
869189575.886343,1.54426
869189577.450756,1.5129139999999999
869189579.043514,1.527096
869189580.624024,1.517879
869189582.22657,1.5369400000000002
869189583.75081,1.472603
869189585.310439,1.503078
869189586.851415,1.481667
869189588.45744,1.542908
869189590.1027809,1.5790870000000001
869189591.767729,1.602617
869189593.185896,1.355064
869189594.789798,1.544656
869189596.357731,1.5114729999999998
869189597.885574,1.461493
869189599.454256,1.505646
869189600.936929,1.411038
869189602.4807839,1.477696
869189604.154105,1.610169
869189605.7847719,1.564563
869189607.424761,1.5774730000000001
869189609.07342,1.586259
869189610.57396,1.450274
869189611.990212,1.3548760000000002
869189613.481961,1.4008720000000001
869189614.9930489,1.447961
869189616.581773,1.525782
869189618.106454,1.452733
869189619.719645,1.550786
869189621.3730899,1.590719
869189622.9839569,1.536041
869189624.323476,1.283313
869189625.653528,1.253293
869189626.995623,1.26772
869189628.472446,1.42041
869189629.9395,1.401238
869189631.2395,1.243745
869189632.7232159,1.4209559999999999
869189634.017043,1.2442309999999999
869189635.4555969,1.390743
869189636.885577,1.360999
869189638.273599,1.316255
869189639.679387,1.343536
869189640.950652,1.224321
869189642.4475981,1.430827
869189643.91247,1.402391
869189645.311056,1.3510149999999999
869189646.784772,1.40859
869189648.227812,1.380462
869189649.711312,1.429854
869189651.1463009,1.3726479999999999
869189653.225014,2.027203
869189654.919109,1.6284470000000002
869189656.602123,1.6199560000000002
869189658.294854,1.6267880000000001
869189659.530451,1.173061
869189661.025212,1.407808
869189662.436237,1.344621
869189663.720788,1.2097390000000001
869189665.15062,1.367629
869189666.492061,1.282092
869189667.939362,1.384845
869189669.3468119,1.322494
869189670.742589,1.345996
869189672.219362,1.4137060000000001
869189673.550181,1.265696
869189674.95188,1.354233
869189676.365852,1.344108
869189677.8553259,1.4235879999999999
869189679.282199,1.379495
869189680.74297,1.398111
869189682.119943,1.32718
869189683.392555,1.221001
869189684.856832,1.40147
869189686.106759,1.195913
869189687.3641181,1.205499
869189688.828979,1.389814
869189690.350968,1.456096
869189691.833149,1.4195760000000002
869189693.322156,1.426198
869189694.591835,1.215936
869189696.042966,1.404012
869189697.481276,1.37112
869189698.7063891,1.1778089999999999
869189700.115841,1.362557
869189701.528405,1.363354
869189703.001335,1.4100130000000002
869189704.326655,1.262259
869189705.7130591,1.320923
869189707.027557,1.2669370000000002
869189708.400298,1.321677
869189709.776977,1.3227410000000002
869189711.096621,1.2565460000000002
869189712.5184511,1.3702530000000002
869189713.9709901,1.3870600000000002
869189715.390343,1.368226
869189716.8187389,1.376795
869189718.255409,1.370722
869189719.532888,1.2061089999999999
869189720.924885,1.340398
869189722.272017,1.280753
869189723.683088,1.335741
869189725.138371,1.383191
869189726.635126,1.4311070000000001
869189728.421461,1.723654
869189729.9531779,1.465919
869189731.444215,1.428301
869189732.779158,1.272057
869189734.236046,1.3844720000000001
869189735.724468,1.426215
869189736.976056,1.204256
869189738.4219581,1.379838
869189739.681387,1.212443
869189740.901446,1.178655
869189742.3893839,1.422658
869189743.694691,1.2575850000000002
869189745.0454609,1.287889
869189746.3819519,1.270946
869189747.821941,1.369001
869189749.167614,1.278424
869189750.6671021,1.433828
869189752.1201991,1.401584
869189753.585135,1.398968
869189755.098645,1.450809
869189756.653245,1.483394
869189758.206381,1.486892
869189759.782767,1.513815
869189761.248881,1.3969550000000002
869189762.8326681,1.51833
869189764.4367541,1.541304
869189766.060745,1.5577919999999998
869189767.53587,1.411928
869189769.0851029,1.4862009999999999
869189770.617986,1.467124
869189772.2271409,1.557691
869189773.794495,1.5134
869189775.175219,1.329442
869189776.7352409,1.47931
869189778.5724189,1.7706829999999998
869189780.357,1.713478
869189782.229841,1.817701
869189784.097997,1.811857
869189785.894093,1.736561
869189787.686705,1.730178
869189789.339241,1.596341
869189790.841774,1.443244
869189792.403586,1.499106
869189793.91496,1.445301
869189795.4110789,1.433352
869189796.7885809,1.303219
869189798.103979,1.238488
869189799.746147,1.56834
869189801.348203,1.538573
869189802.822597,1.409278
869189804.351101,1.48136
869189805.97497,1.557782
869189807.49598,1.473732
869189808.848369,1.304685
869189810.391215,1.49261
869189811.992183,1.5374349999999999
869189813.512684,1.424973
869189815.0618559,1.486506
869189816.648275,1.5241390000000001
869189818.3297449,1.615236
869189819.9803541,1.587992
869189821.660767,1.554344
869189823.165005,1.4386349999999999
869189824.774771,1.547042
869189826.361462,1.536818
869189827.917872,1.509243
869189829.5274509,1.562168
869189831.06514,1.4882739999999999
869189832.547872,1.4114939999999998
869189834.104096,1.483681
869189835.714448,1.5473649999999999
869189837.157544,1.3932090000000001
869189838.710182,1.492514
869189840.2706001,1.484935
869189841.764324,1.4277039999999999
869189843.346017,1.508107
869189844.761879,1.353493
869189846.247448,1.405737
869189847.65465,1.3447559999999998
869189849.167487,1.441227
869189850.585163,1.3639649999999999
869189852.313172,1.665347
869189853.8314921,1.4639220000000002
869189855.389556,1.495483
869189856.975333,1.523127
869189858.512939,1.471216
869189860.101482,1.519416
869189861.7113459,1.54392
869189863.258635,1.48489
869189864.580562,1.274383
869189866.1564319,1.510096
869189867.721717,1.495835
869189869.3881769,1.603805
869189870.87232,1.4189669999999999
869189872.357952,1.4294589999999998
869189873.952861,1.529028
869189875.497844,1.488424
869189877.011858,1.4578550000000001
869189878.5741509,1.496369
869189880.1641539,1.5269560000000002
869189881.750247,1.519714
869189883.3510801,1.538322
869189884.9234309,1.4982710000000001
869189886.543193,1.553699
869189888.073742,1.467828
869189889.579716,1.431306
869189891.168753,1.533211
869189892.8007029,1.5689879999999998
869189894.413038,1.545444
869189896.1112579,1.6357240000000002
869189897.687471,1.510099
869189899.239321,1.50443
869189900.742551,1.455943
869189902.452994,1.6605619999999999
869189904.262076,1.7338069999999999
869189906.073299,1.760848
869189907.9073199,1.7637900000000002
869189909.4086169,1.427671
869189910.752555,1.2848689999999998
869189912.253824,1.4384160000000001
869189913.621791,1.30879
869189915.153267,1.4686899999999998
869189916.696967,1.4811290000000001
869189918.2888349,1.5264129999999998
869189919.68507,1.3448550000000001
869189921.181509,1.444826
869189922.5388831,1.291122
869189923.796222,1.205911
869189925.35403,1.5035669999999999
869189926.7284659,1.308266
869189928.194462,1.403874
869189929.7133311,1.4647709999999998
869189931.208799,1.446931
869189932.57332,1.308103
869189934.008797,1.369173
869189935.4113079,1.346009
869189936.841529,1.3673170000000001
869189938.279337,1.378032
869189939.753234,1.411497
869189941.148182,1.3077349999999999
869189942.403796,1.18333
869189943.6358299,1.1847699999999999
869189944.834594,1.1449179999999999
869189946.2479221,1.362935
869189947.53695,1.226727
869189949.0315939,1.446998
869189950.402572,1.305585
869189951.7294149,1.243042
869189952.941795,1.164477
869189954.425689,1.4340799999999998
869189955.737549,1.264165
869189957.284317,1.4837150000000001
869189958.537137,1.2026700000000001
869189959.7026811,1.1180299999999999
869189960.88467,1.134316
869189962.290055,1.338643
869189963.6780341,1.3318990000000002
869189965.1729939,1.4322650000000001
869189966.569396,1.336895
869189968.074907,1.441927
869189969.615183,1.474403
869189970.9296241,1.251344
869189972.375639,1.382844
869189973.654008,1.2317529999999999
869189975.0462041,1.3293249999999999
869189976.281406,1.1906480000000002
869189977.70021,1.372158
869189979.021907,1.258861
869189980.310122,1.224427
869189981.6041601,1.228471
869189983.105271,1.43837
869189984.5942631,1.426016
869189986.1218851,1.4608869999999998
869189987.425034,1.2398019999999998
869189988.7607139,1.272954
869189990.197014,1.3703910000000001
869189991.6701499,1.410314
869189993.180256,1.44713
869189994.4820321,1.2362689999999998
869189995.9263929,1.396857
869189997.2272481,1.253314
869189998.626176,1.3487259999999999
869189999.9671509,1.278451
869190001.373955,1.343162
869190002.6633719,1.223645
869190003.9504681,1.239855
869190005.401163,1.402746
869190006.651293,1.18512
869190007.8417599,1.142867
869190009.2528731,1.348508
869190010.4756479,1.1695119999999999
869190011.9035311,1.365519
869190013.084413,1.129883
869190014.4777471,1.3395970000000001
869190015.785884,1.246316
869190017.1338899,1.296704
869190018.4685451,1.28182
869190019.786709,1.271729
869190020.963739,1.1305530000000001
869190022.087831,1.074777
869190023.210716,1.0763610000000001
869190024.390254,1.115521
869190025.7667,1.311663
869190027.534631,1.72095
869190029.2200689,1.6242649999999998
869190030.601903,1.32908
869190031.914207,1.250501
869190033.2524691,1.286494
869190034.371369,1.066269
869190035.669058,1.2474090000000002
869190036.790953,1.0715810000000001
869190038.1929351,1.349275
869190039.4775,1.233799
869190040.785481,1.257453
869190042.215289,1.365156
869190043.502597,1.236556
869190044.778203,1.213952
869190046.2787621,1.435267
869190047.6618531,1.320605
869190048.889627,1.165751
869190050.272255,1.329239
869190051.499499,1.1802430000000002
869190052.9451791,1.383504
869190054.2119551,1.217189
869190055.6424639,1.3688559999999999
869190056.9058189,1.216408
869190058.363369,1.4024720000000002
869190059.729368,1.318818
869190061.031305,1.2338589999999998
869190062.4397889,1.358309
869190063.810811,1.308447
869190065.311215,1.42554
869190066.6370361,1.26039
869190068.0792259,1.391281
869190069.478213,1.333154
869190070.815011,1.269733
869190072.320398,1.443049
869190073.838255,1.464006
869190075.171389,1.270593
869190076.552765,1.317941
869190078.032737,1.4261650000000001
869190079.48278,1.388069
869190080.831035,1.2970080000000002
869190082.1214241,1.236002
869190083.547649,1.372949
869190085.015206,1.415915
869190086.424793,1.343518
869190087.945534,1.4571479999999999
869190089.438538,1.406679
869190090.834527,1.3419180000000002
869190092.2867299,1.389154
869190093.6373991,1.296347
869190095.0636541,1.373288
869190096.45656,1.3292149999999998
869190097.852943,1.341841
869190099.293715,1.389297
869190100.6292189,1.273029
869190102.321179,1.626202
869190103.701097,1.316801
869190105.192044,1.428266
869190106.6280271,1.369378
869190108.136901,1.422978
869190109.4626629,1.260014
869190110.7623701,1.237271
869190112.141806,1.2946819999999999
869190113.517592,1.33008
869190114.940178,1.3786580000000002
869190116.3768231,1.3742299999999998
869190117.754761,1.331378
869190119.034792,1.217338
869190120.367682,1.289056
869190121.6346699,1.2211329999999998
869190123.04732,1.3685450000000001
869190124.343614,1.2346329999999999
869190125.800631,1.397218
869190127.1063169,1.24944
869190128.569414,1.388827
869190129.8685191,1.2222870000000001
869190131.143859,1.2187560000000002
869190132.571824,1.353488
869190134.0898399,1.452196
869190135.38956,1.243485
869190136.833231,1.369307
869190138.254806,1.3538370000000002
869190139.600288,1.2830380000000001
869190141.019444,1.371885
869190142.453107,1.367775
869190143.869606,1.353462
869190145.34252,1.409461
869190146.627888,1.236261
869190148.065881,1.375983
869190149.367548,1.25797
869190150.78272,1.344886
869190152.789937,1.9555969999999998
869190154.559932,1.703939
869190156.2883921,1.6764160000000001
869190157.7181981,1.375764
869190159.141502,1.37156
869190160.599381,1.395329
869190162.106025,1.431179
869190163.640568,1.472003
869190165.206374,1.492036
869190166.7816969,1.50993
869190168.3309081,1.486524
869190169.882252,1.491749
869190171.249728,1.311097
869190172.756986,1.450752
869190174.280368,1.4463519999999999
869190175.7407061,1.397232
869190177.210627,1.413407
869190178.5447329,1.268008
869190179.970247,1.357902
869190181.3464121,1.285783
869190182.779974,1.380005
869190184.216816,1.361005
869190185.527929,1.257368
869190186.967165,1.38787
869190188.355883,1.317528
869190189.6567761,1.246731
869190191.0534,1.3453810000000002
869190192.4453009,1.34029
869190193.899998,1.3888539999999998
869190195.340427,1.369101
869190196.831807,1.4289319999999999
869190198.230863,1.345032
869190199.690019,1.397111
869190200.949278,1.1891230000000002
869190202.3505449,1.335842
869190203.601226,1.198675
869190205.013792,1.36122
869190206.369123,1.289786
869190207.6233519,1.20299
869190209.016703,1.341804
869190210.428235,1.3453060000000001
869190211.661877,1.1820579999999998
869190213.1799589,1.45608
869190214.4746569,1.245335
869190215.9346861,1.397617
869190217.3139081,1.332119
869190218.679558,1.3156400000000001
869190220.134647,1.392177
869190221.5697241,1.369984
869190223.00245,1.385609
869190224.469951,1.4160570000000001
869190225.794191,1.2582190000000002
869190227.3156669,1.4701650000000002
869190228.597141,1.2186379999999999
869190230.110621,1.447586
869190231.597744,1.424341
869190233.070654,1.4100130000000002
869190234.413001,1.276507
869190235.60782,1.15101
869190236.796013,1.144341
869190238.108689,1.266395
869190239.617949,1.446493
869190241.05737,1.3717
869190242.605445,1.482357
869190244.103553,1.435698
869190245.499655,1.350036
869190247.038904,1.4765679999999999
869190248.438154,1.3366280000000001
869190249.791934,1.299678
869190251.3299061,1.4755669999999999
869190252.841055,1.448518
869190254.4470891,1.531653
869190255.96113,1.4510530000000001
869190257.519243,1.470559
869190259.093658,1.499163
869190260.717294,1.560564
869190262.269701,1.482983
869190263.740279,1.419348
869190265.091215,1.279383
869190266.523083,1.377286
869190268.088971,1.503217
869190269.54496,1.3863759999999998
869190270.930622,1.323061
869190272.450005,1.456993
869190274.007166,1.490786
869190275.540526,1.470514
869190277.6174619,2.014325
869190279.499074,1.815082
869190281.3522481,1.795934
869190283.245748,1.826703
869190284.740007,1.431298
869190286.350181,1.542612
869190287.9140791,1.5013299999999998
869190289.365122,1.39924
869190290.918023,1.486908
869190292.368516,1.387962
869190293.918046,1.460381
869190295.297857,1.323455
869190296.8845509,1.5240390000000001
869190298.564332,1.613361
869190300.220905,1.580743
869190301.909577,1.6223679999999998
869190303.529394,1.5453979999999998
869190305.1033889,1.510688
869190306.660395,1.490671
869190308.182649,1.4514459999999998
869190309.570855,1.322238
869190311.0193089,1.396544
869190312.442839,1.360799
869190313.878136,1.360009
869190315.413088,1.472734
869190316.982039,1.5171270000000001
869190318.551393,1.5028789999999999
869190320.1727941,1.558909
869190321.625907,1.379289
869190323.219939,1.5216310000000002
869190324.644807,1.361625
869190326.236308,1.537249
869190327.802495,1.503458
869190329.4088451,1.549364
869190330.967254,1.49222
869190332.57637,1.546015
869190334.1572319,1.514522
869190335.838021,1.606042
869190337.4435639,1.532049
869190338.9365151,1.4271880000000001
869190340.386208,1.398718
869190341.775536,1.334857
869190343.2580969,1.419681
869190344.605586,1.295649
869190346.172464,1.491536
869190347.749838,1.5143719999999998
869190349.358178,1.545269
869190351.067869,1.643625
869190352.52206,1.397888
869190353.974332,1.386373
869190355.520452,1.48348
869190356.982602,1.399184
869190358.552372,1.5035910000000001
869190359.942664,1.327551
869190361.4370841,1.408827
869190362.714167,1.230874
869190364.226644,1.4448189999999999
869190365.66385,1.371249
869190367.021464,1.313665
869190368.541642,1.475609
869190369.936469,1.3283019999999999
869190371.48889,1.5082069999999999
869190373.054119,1.502182
869190374.504512,1.385107
869190376.0692949,1.5207490000000001
869190377.554937,1.419172
869190379.067973,1.456759
869190380.666922,1.535961
869190382.2695581,1.524354
869190383.925679,1.593124
869190385.5726341,1.5842589999999999
869190387.0869601,1.448362
869190388.703121,1.5293800000000002
869190390.262822,1.5056340000000001
869190391.878683,1.563727
869190393.49743,1.5562040000000001
869190394.88565,1.334487
869190396.4546909,1.506308
869190398.021562,1.512251
869190399.716804,1.632291
869190401.3641601,1.583898
869190403.163638,1.7332109999999998
869190404.712601,1.497018
869190406.114387,1.347118
869190407.562384,1.38533
869190408.9999601,1.385915
869190410.4413669,1.375162
869190411.9978911,1.484515
869190413.667684,1.5767870000000002
869190415.3681539,1.636992
869190416.96813,1.536749
869190418.5820681,1.547554
869190420.26868,1.62354
869190421.80195,1.466961
869190423.411428,1.5465209999999998
869190425.104359,1.629898
869190426.634333,1.4754200000000002
869190428.205271,1.497511
869190429.800104,1.528694
869190431.450738,1.5874769999999998
869190433.116166,1.602296
869190434.718793,1.536483
869190436.269704,1.488516
869190437.794886,1.459399
869190439.328762,1.471236
869190440.8621479,1.461727
869190442.451293,1.52238
869190443.884234,1.369639
869190445.365033,1.408793
869190446.834001,1.399078
869190448.404378,1.519154
869190449.850381,1.391211
869190451.320099,1.41789
869190452.612223,1.2403220000000001
869190454.1293709,1.450712
869190455.721768,1.529772
869190457.236857,1.443333
869190458.784796,1.482121
869190460.452845,1.605308
869190462.010633,1.482524
869190463.500938,1.4359590000000002
869190465.1499879,1.585952
869190466.627547,1.411364
869190468.1299809,1.450624
869190469.708181,1.499522
869190471.088976,1.318102
869190472.587461,1.446625
869190474.06793,1.414874
869190475.577654,1.452865
869190477.3551431,1.703375
869190478.83773,1.415737
869190480.416736,1.5161149999999999
869190481.965212,1.482262
869190483.596356,1.5685230000000001
869190485.2201719,1.5378209999999999
869190486.8648161,1.578971
869190488.4915689,1.5637610000000002
869190490.133813,1.5758040000000002
869190491.6779239,1.4811889999999999
869190493.128607,1.406408
869190494.575491,1.3812410000000002
869190495.890196,1.270799
869190497.366249,1.431414
869190498.807295,1.375443
869190500.330479,1.449006
869190501.9623411,1.572279
869190503.489236,1.464234
869190505.082757,1.519978
869190506.672375,1.523593
869190508.3017529,1.5725069999999999
869190509.931277,1.5633949999999999
869190511.397456,1.402751
869190512.7754949,1.306592
869190514.200202,1.350064
869190515.815139,1.563322
869190517.468404,1.590479
869190518.9341561,1.411825
869190520.4486071,1.442598
869190522.085434,1.570947
869190523.675616,1.5268
869190525.238761,1.500138
869190527.189464,1.884556
869190528.9623369,1.72139
869190530.781612,1.7537209999999999
869190532.563372,1.730281
869190534.3911129,1.7528489999999999
869190536.201606,1.7589299999999999
869190537.978156,1.717352
869190539.3744831,1.321698
869190540.869156,1.438205
869190542.2876259,1.358679
869190543.8182939,1.474102
869190545.193061,1.311659
869190546.707121,1.4482570000000001
869190548.2354621,1.4656280000000002
869190549.709828,1.4199810000000002
869190551.086072,1.313214
869190552.619529,1.4818520000000002
869190554.2232411,1.5381209999999998
869190555.709261,1.434444
869190557.316585,1.56268
869190558.8129799,1.4242510000000002
869190560.423124,1.5473080000000001
869190561.902739,1.413461
869190563.437183,1.4606759999999999
869190564.936865,1.436636
869190566.343894,1.340909
869190567.854175,1.453441
869190569.467134,1.5559669999999999
869190570.995874,1.45385
869190572.584002,1.525458
869190573.993659,1.334627
869190575.540746,1.4759790000000002
869190577.1713481,1.56772
869190578.737871,1.5005039999999998
869190580.244636,1.443765
869190581.877394,1.5787010000000001
869190583.415709,1.466085
869190584.969341,1.49033
869190586.558882,1.523407
869190588.1426201,1.506987
869190589.741067,1.5322980000000002
869190591.222757,1.418483
869190592.753503,1.46713
869190594.267161,1.459733
869190595.858542,1.519041
869190597.434885,1.51393
869190599.021818,1.532894
869190600.611063,1.526139
869190602.326578,1.6403450000000002
869190603.757349,1.3675840000000001
869190605.318269,1.497633
869190607.0216401,1.6370619999999998
869190608.591406,1.506518
869190610.189933,1.5320019999999999
869190611.506979,1.243095
869190613.022157,1.467654
869190614.6352811,1.5630469999999999
869190616.120028,1.437484
869190617.642823,1.473133
869190619.1904761,1.484471
869190620.793028,1.5276129999999999
869190622.38322,1.524274
869190623.977858,1.513494
869190625.643667,1.576626
869190627.261415,1.552127
869190628.838583,1.520384
869190630.360782,1.463059
869190631.956816,1.523531
869190633.612032,1.573949
869190635.2273331,1.549533
869190636.878478,1.588093
869190638.426628,1.47081
869190640.0653391,1.5761550000000002
869190641.6667329,1.5354299999999999
869190643.159093,1.4446590000000001
869190644.673785,1.451625
869190646.0729179,1.3262250000000002
869190647.563609,1.428386
869190649.056808,1.430527
869190650.441691,1.3353110000000001
869190652.256191,1.75195
869190653.987036,1.664596
869190655.660728,1.610911
869190657.359859,1.636245
869190659.041074,1.615356
869190660.724545,1.620608
869190662.1611049,1.370661
869190663.434152,1.201227
869190664.8630661,1.3718190000000001
869190666.299431,1.36965
869190667.652266,1.2900660000000002
869190669.1109229,1.40248
869190670.532833,1.355606
869190671.815691,1.208259
869190673.266544,1.387882
869190674.745535,1.413151
869190676.210313,1.408204
869190677.626842,1.345577
869190679.048925,1.335548
869190680.495051,1.398798
869190681.932247,1.371308
869190683.3287541,1.3342269999999998
869190684.790695,1.3851250000000002
869190686.011822,1.170325
869190687.4323801,1.373168
869190688.873711,1.3787859999999998
869190690.1634179,1.235777
869190691.585711,1.370517
869190693.1582719,1.50956
869190694.5907481,1.355647
869190696.070539,1.417144
869190697.390739,1.254455
869190698.782308,1.33993
869190700.164703,1.319583
869190701.501303,1.263582
869190702.714129,1.165615
869190704.119705,1.336489
869190705.542474,1.373382
869190706.924953,1.3196320000000001
869190708.3904719,1.395945
869190709.7197859,1.279232
869190711.142966,1.360453
869190712.526544,1.3209899999999999
869190713.71206,1.135622
869190714.925666,1.162331
869190716.3674409,1.390346
869190717.68718,1.254022
869190719.1181251,1.3794
869190720.564792,1.383986
869190721.83833,1.219644
869190723.2965959,1.4066459999999998
869190724.659219,1.3000180000000001
869190726.082979,1.369124
869190727.419551,1.274107
869190728.933732,1.450662
869190730.414786,1.4152
869190731.841117,1.363851
869190733.325964,1.4191239999999998
869190734.6562519,1.264284
869190736.124025,1.404715
869190737.515043,1.3252599999999999
869190738.992669,1.414243
869190740.3346529,1.28003
869190741.544957,1.163613
869190742.901777,1.2890679999999999
869190744.198958,1.2528730000000001
869190745.706623,1.4419579999999999
869190747.062184,1.292665
869190748.543157,1.418142
869190749.96748,1.378335
869190751.345208,1.3095050000000001
869190752.5374861,1.14824
869190753.977467,1.385952
869190755.287798,1.2383229999999998
869190756.720258,1.369732
869190757.9751639,1.2010129999999999
869190759.356261,1.329875
869190760.639086,1.227499
869190762.059723,1.366434
869190763.3073441,1.195929
869190764.725379,1.367033
869190766.090601,1.275539
869190767.3694661,1.227432
869190768.8410491,1.409235
869190770.264487,1.369273
869190771.719149,1.3915609999999998
869190773.247608,1.4561579999999998
869190774.717116,1.40433
869190775.994941,1.226253
869190778.1572651,2.0698090000000002
869190779.881345,1.661078
869190781.54299,1.61031
869190783.188025,1.5915180000000002
869190784.8271769,1.587645
869190786.536352,1.6431760000000002
869190787.923624,1.3247339999999999
869190789.180769,1.1854980000000002
869190790.4196,1.164195
869190791.802689,1.331569
869190793.1030619,1.235973
869190794.528697,1.359535
869190795.7873061,1.187252
869190797.25084,1.411986
869190798.6918911,1.369409
869190800.089533,1.334953
869190801.502871,1.3588879999999999
869190803.005586,1.439446
869190804.417245,1.3589369999999998
869190805.887433,1.416278
869190807.366771,1.427829
869190808.876005,1.4462730000000001
869190810.447615,1.4974960000000002
869190811.9297459,1.41929
869190813.52271,1.530048
869190814.853242,1.264888
869190816.182167,1.277723
869190817.7439791,1.495748
869190819.123016,1.315744
869190820.619195,1.4247260000000002
869190822.021498,1.3364449999999999
869190823.5347841,1.4621460000000002
869190825.177689,1.5804799999999999
869190826.684808,1.4409850000000002
869190828.221396,1.473461
869190829.732139,1.4447990000000002
869190831.195079,1.400693
869190832.614992,1.3688490000000002
869190834.098935,1.418175
869190835.668056,1.51751
869190837.2138001,1.483293
869190838.664772,1.3967859999999999
869190840.22613,1.5098710000000002
869190841.4777141,1.17607
869190842.7338539,1.2048269999999999
869190844.225257,1.428892
869190845.729932,1.438749
869190847.204785,1.423338
869190848.668185,1.400776
869190849.986201,1.263554
869190851.482571,1.434242
869190853.223399,1.689507
869190854.696645,1.407513
869190856.153066,1.393991
869190857.598562,1.355847
869190859.056517,1.3950989999999999
869190860.535035,1.416108
869190861.8854691,1.284576
869190863.409302,1.4616609999999999
869190864.8183429,1.365029
869190866.299627,1.4155179999999998
869190867.526597,1.183265
869190868.801293,1.230842
869190870.2761719,1.408916
869190871.6179459,1.273716
869190872.968752,1.3072139999999999
869190874.1349901,1.1204290000000001
869190875.432659,1.246442
869190876.857918,1.362528
869190878.331846,1.4083240000000001
869190879.788898,1.405759
869190881.2528,1.401038
869190882.6481811,1.341395
869190883.955145,1.244183
869190885.3687861,1.3420960000000002
869190886.79414,1.359882
869190888.159945,1.296099
869190889.421197,1.194617
869190890.867555,1.3834069999999998
869190892.337959,1.408003
869190893.652197,1.248723
869190895.075273,1.3756840000000001
869190896.559704,1.422188
869190897.848556,1.239023
869190899.317767,1.407142
869190900.792836,1.4033520000000002
869190902.829483,1.970453
869190904.533589,1.641427
869190906.207608,1.619856
869190907.3576659,1.098081
869190908.5696601,1.160955
869190909.9970939,1.373133
869190911.398136,1.338437
869190912.672656,1.197336
869190914.126194,1.394028
869190915.581553,1.392648
869190917.0085169,1.352979
869190918.451165,1.3838279999999998
869190919.947283,1.433187
869190921.301717,1.2665680000000001
869190922.526628,1.175344
869190923.792166,1.217714
869190925.258661,1.404015
869190926.6439869,1.3194560000000002
869190928.084441,1.3709
869190929.618873,1.468436
869190931.028907,1.3625429999999998
869190932.440619,1.349442
869190933.884951,1.37851
869190935.295757,1.3596759999999999
869190936.6914669,1.332613
869190937.9582281,1.191602
869190939.355962,1.346383
869190940.664827,1.246631
869190941.935413,1.216636
869190943.411803,1.414138
869190944.83086,1.348255
869190946.146852,1.2503950000000001
869190947.5395069,1.340897
869190948.980021,1.3778679999999999
869190950.4772509,1.412321
869190951.8881791,1.358964
869190953.362101,1.41093
869190954.697723,1.261061
869190955.974524,1.225223
869190957.474692,1.4086809999999998
869190958.932006,1.391816
869190960.310891,1.31616
869190961.805369,1.427796
869190963.204815,1.3477579999999998
869190964.58246,1.3233819999999998
869190966.055798,1.419044
869190967.496929,1.3786370000000001
869190968.789549,1.244876
869190970.100021,1.2450269999999999
869190971.528371,1.380289
869190972.973246,1.383005
869190974.406839,1.383993
869190975.762343,1.2843229999999999
869190977.289852,1.479873
869190978.6436939,1.2872569999999999
869190980.1621851,1.455429
869190981.500477,1.2719420000000001
869190982.9821019,1.418849
869190984.393418,1.3487609999999999
869190985.9079349,1.448659
869190987.2605339,1.2898180000000001
869190988.812408,1.4892029999999998
869190990.205562,1.32676
869190991.710722,1.442444
869190993.191059,1.417671
869190994.721808,1.464655
869190996.202276,1.417876
869190997.577583,1.309239
869190999.1188221,1.4784469999999998
869191000.652247,1.4707800000000002
869191002.239413,1.521293
869191003.8985571,1.595997
869191005.459892,1.498374
869191007.0279729,1.502624
869191008.59629,1.505601
869191010.199198,1.536604
869191011.859645,1.5978100000000002
869191013.500134,1.5774929999999998
869191015.091604,1.525638
869191016.647748,1.5046650000000001
869191018.2284639,1.514762
869191019.7609171,1.469652
869191021.4105539,1.586636
869191023.0009921,1.5365909999999998
869191024.504518,1.4407999999999999
869191026.063899,1.493419
869191028.05065,1.935492
869191030.375183,2.2569600000000003
869191032.499625,2.061531
869191034.8044419,2.2275289999999996
869191037.13133,2.2529579999999996
869191039.513407,2.3229159999999998
869191041.851996,2.265212
869191044.037952,2.1127920000000002
869191046.219051,2.1128649999999998
869191048.303411,2.0102330000000004
869191050.648741,2.291005
869191052.80887,2.097116
869191055.062834,2.199779
869191057.343655,2.210137
869191059.657681,2.23652
869191061.9676081,2.258767
869191064.314121,2.292672
869191066.471239,2.083784
869191068.43229,1.910104
869191070.485331,1.9989270000000001
869191072.6200769,2.07192
869191074.7981831,2.112454
869191076.786628,1.917544
869191078.7655771,1.912468
869191080.712989,1.8840389999999998
869191082.681722,1.914857
869191084.567362,1.8383340000000001
869191086.499869,1.88294
869191088.589568,2.0422309999999997
869191090.53283,1.877472
869191092.550989,1.9707119999999998
869191094.53943,1.938791
869191096.5480231,1.9618349999999998
869191098.494141,1.896051
869191100.531924,1.97539
869191102.568047,1.986256
869191104.700221,2.059129
869191106.581347,1.815402
869191108.815043,2.17078
869191111.069322,2.188456
869191113.355055,2.2230459999999996
869191115.537315,2.116259
869191117.610308,2.0287819999999996
869191119.795086,2.118669
869191121.7604619,1.898137
869191123.864157,2.057771
869191125.946018,2.037605
869191128.17256,2.155544
869191130.126486,1.900277
869191132.1610681,1.983495
869191134.276446,2.061725
869191136.292871,1.9643719999999998
869191138.268727,1.8960139999999999
869191140.464491,2.133393
869191142.405892,1.891733
869191144.3366139,1.883739
869191146.323663,1.9376179999999998
869191148.23981,1.8532410000000001
869191150.330333,2.0245100000000003
869191152.866385,2.47319
869191155.13002,2.213941
869191157.4583061,2.27643
869191159.865295,2.320799
869191161.6448439,1.716788
869191163.353717,1.638877
869191165.354267,1.949218
869191167.322565,1.903243
869191169.2787321,1.89974
869191171.382032,2.0537379999999996
869191173.456177,1.9899050000000003
869191175.627689,2.105664
869191177.762024,2.071313
869191179.7733771,1.961159
869191181.814712,1.978094
869191183.571563,1.7070239999999999
869191185.711779,2.0932310000000003
869191187.6595399,1.897783
869191189.421753,1.714559
869191191.564556,2.0931830000000002
869191193.681861,2.070454
869191195.586821,1.855269
869191197.616851,1.982558
869191199.719527,2.037259
869191201.665216,1.883326
869191203.632041,1.917343
869191205.745108,2.065568
869191207.756078,1.93436
869191209.764006,1.960331
869191211.587861,1.752291
869191213.582582,1.94706
869191215.56367,1.931367
869191217.637772,2.011943
869191219.7165561,2.029083
869191221.8747561,2.095454
869191223.831453,1.891411
869191225.945074,2.062229
869191228.463158,2.4524909999999998
869191230.859072,2.329785
869191233.195712,2.2736240000000003
869191235.448508,2.186161
869191237.801121,2.290017
869191240.104094,2.237305
869191242.369504,2.1992510000000003
869191244.7229741,2.2907460000000004
869191246.803694,2.034485
869191248.9532809,2.086964
869191251.293177,2.29344
869191253.485762,2.148613
869191255.699868,2.168443
869191257.7472409,1.996077
869191259.772272,1.950352
869191261.833014,1.997888
869191263.80607,1.918849
869191265.84849,1.979013
869191267.963149,2.042812
869191270.129369,2.077738
869191272.158273,1.958552
869191273.983679,1.759542
869191275.910771,1.879456
869191278.672186,2.71393
869191280.8503139,2.112547
869191282.7422241,1.84184
869191284.921741,2.117177
869191286.8911791,1.919577
869191288.963868,2.010387
869191291.0254929,2.007363
869191292.866373,1.789145
869191294.865037,1.929951
869191296.744323,1.8169499999999998
869191298.69625,1.879423
869191300.656557,1.916128
869191302.561741,1.839694
869191304.53146,1.910779
869191306.504469,1.926987
869191308.40161,1.853023
869191310.5127231,2.0572009999999996
869191312.366871,1.7915610000000002
869191314.3855959,1.964477
869191316.393002,1.945065
869191318.514213,2.067354
869191320.4755551,1.910445
869191322.6492729,2.1237790000000003
869191324.704594,2.007877
869191326.8861691,2.1158520000000003
869191329.270641,2.321676
869191331.2453691,1.903807
869191333.423852,2.115336
869191335.7928121,2.297885
869191338.041084,2.2008520000000003
869191340.240055,2.149247
869191342.391318,2.1012399999999998
869191344.4715519,2.017806
869191346.746091,2.224576
869191348.963647,2.169856
869191351.165048,2.135593
869191353.73411,2.49818
869191356.090246,2.2895060000000003
869191358.252015,2.095069
869191360.4197329,2.1039589999999997
869191362.771524,2.285096
869191365.141227,2.306075
869191367.1798731,1.9697790000000002
869191369.496152,2.272382
869191371.692691,2.150701
869191373.6347489,1.9028
869191376.1264759,2.426114
869191378.4402239,2.247734
869191380.628575,2.125209
869191382.832868,2.1387400000000003
869191385.066794,2.170925
869191387.5071421,2.374238
869191389.541639,1.9715209999999999
869191391.7827381,2.1753810000000002
869191394.015333,2.185145
869191396.144899,2.0797689999999998
869191398.426182,2.227583
869191400.853549,2.347105
869191403.8019,2.882558
869191406.39596,2.523724
869191408.798083,2.335954
869191410.9926009,2.129068
869191413.1914451,2.1477929999999996
869191415.382827,2.137673
869191417.625002,2.1903780000000004
869191420.0320419,2.330757
869191422.446042,2.33738
869191424.6971049,2.199506
869191426.8488419,2.08632
869191429.196827,2.296445
869191431.379264,2.116538
869191433.627049,2.185092
869191435.74069,2.059342
869191438.117961,2.314149
869191440.291106,2.107488
869191442.382857,2.0004049999999998
869191444.7905359,2.345068
869191446.960409,2.116075
869191449.28352,2.271642
869191451.476722,2.127554
869191453.534845,1.9952720000000002
869191455.7732869,2.184923
869191458.07753,2.236115
869191460.273928,2.147263
869191462.3337001,2.010021
869191464.479795,2.0987660000000004
869191466.600706,2.055268
869191468.986469,2.338215
869191471.367519,2.31481
869191473.564024,2.134013
869191475.8603101,2.242677
869191478.4614071,2.5385020000000003
869191480.778187,2.2508820000000003
869191483.05891,2.208463
869191485.183314,2.076787
869191487.568097,2.31888
869191489.8224859,2.2071899999999998
869191491.871197,1.9692059999999998
869191494.236132,2.3021119999999997
869191496.3980099,2.1082330000000002
869191498.717749,2.264968
869191500.9750999,2.1947300000000003
869191503.3301289,2.281581
869191505.550558,2.158143
869191507.802438,2.197476
869191510.110648,2.245269
869191512.32105,2.144619
869191514.711391,2.3165310000000003
869191517.058085,2.275119
869191519.400167,2.276512
869191521.55229,2.100498
869191523.788913,2.170905
869191526.055596,2.20343
869191528.978071,2.856441
869191531.491805,2.442227
869191534.045099,2.4905880000000002
869191536.533262,2.4387749999999997
869191539.019693,2.436699
869191541.607469,2.525155
869191543.7966369,2.123826
869191545.745916,1.886317
869191548.0916929,2.280069
869191550.199659,2.041911
869191552.2456731,1.9984650000000002
869191554.4760649,2.180304
869191556.679144,2.140524
869191559.0503539,2.3048610000000003
869191561.3277371,2.2303800000000003
869191563.739469,2.35767
869191565.930812,2.139999
869191568.269969,2.273213
869191570.591996,2.256429
869191572.9339341,2.2714250000000002
869191575.191681,2.203577
869191577.4093449,2.154241
869191579.620794,2.145535
869191581.99147,2.307649
869191584.392091,2.3123169999999997
869191586.63176,2.185858
869191588.935173,2.2407880000000002
869191591.244956,2.255753
869191593.530213,2.233712
869191595.918605,2.314981
869191598.18856,2.19857
869191600.379522,2.124811
869191602.618902,2.1852519999999998
869191604.936965,2.255668
869191607.260976,2.258509
869191609.423298,2.118502
869191611.4252421,1.955912
869191613.757834,2.26972
869191616.110523,2.286619
869191618.205741,2.0296860000000003
869191620.4327669,2.183267
869191622.7150589,2.235757
869191625.030342,2.263934
869191627.375191,2.271109
869191629.808589,2.381547
869191632.077091,2.202398
869191634.4333969,2.28933
869191636.842455,2.3457730000000003
869191639.1609981,2.2645370000000002
869191641.435517,2.222859
869191643.402663,1.90132
869191645.497406,2.048523
869191647.613184,2.043733
869191649.787097,2.120983
869191652.491401,2.648545
869191654.846846,2.2872209999999997
869191657.177713,2.266287
869191659.394927,2.149044
869191661.610729,2.1329040000000004
869191663.5691849,1.90429
869191665.536623,1.915457
869191667.4162561,1.8044980000000002
869191669.400555,1.932496
869191671.27293,1.806471
869191673.247842,1.912608
869191675.1167101,1.8225
869191677.2887781,2.1093420000000003
869191679.13308,1.781859
869191681.229779,2.052876
869191683.256319,1.980406
869191685.284465,1.965777
869191687.2960701,1.9619939999999998
869191689.263211,1.90461
869191691.257635,1.923235
869191693.252721,1.932249
869191695.183853,1.865183
869191697.204832,1.973809
869191699.122475,1.867983
869191700.834896,1.664996
869191702.769777,1.868525
869191704.6894001,1.857215
869191706.735486,1.996478
869191708.823913,2.025807
869191710.857489,1.962008
869191712.721119,1.816831
869191714.796706,2.025442
869191716.906188,2.061868
869191718.919331,1.922593
869191720.980986,1.998999
869191723.0515931,1.999247
869191724.889433,1.765974
869191727.234473,2.273576
869191729.350691,2.053527
869191731.3238901,1.907752
869191733.192927,1.8065259999999999
869191735.40359,2.145185
869191737.403404,1.937361
869191739.5240049,2.074326
869191741.740265,2.1534940000000002
869191743.9648299,2.158591
869191746.156263,2.1061579999999998
869191748.327228,2.105377
869191750.494059,2.100842
869191752.672291,2.115421
869191755.1195041,2.381368
869191757.3475779,2.1764979999999996
869191759.698256,2.284735
869191762.099482,2.337929
869191764.292985,2.12791
869191766.1196079,1.753244
869191768.355871,2.179721
869191770.63345,2.212002
869191772.694182,2.008951
869191774.905119,2.1454809999999997
869191777.47976,2.527139
869191779.9680101,2.4225760000000003
869191782.496076,2.4369639999999997
869191784.750963,2.184048
869191786.83706,2.025553
869191789.145019,2.251078
869191791.4114679,2.20742
869191793.573864,2.1056030000000003
869191795.715758,2.0827839999999997
869191798.078386,2.315688
869191800.163476,2.019222
869191802.292583,2.063144
869191804.7168679,2.35776
869191806.731204,1.943767
869191808.806472,2.0280910000000003
869191811.137229,2.264788
869191813.4537569,2.253768
869191815.725021,2.205486
869191817.996776,2.201071
869191820.297654,2.2352600000000002
869191822.603197,2.2396
869191824.786702,2.120893
869191826.9453679,2.0925570000000002
869191829.1973009,2.200238
869191831.582137,2.314449
869191833.9676399,2.334094
869191836.2973341,2.2638010000000004
869191838.725639,2.3623670000000003
869191840.965134,2.187638
869191843.133533,2.102521
869191845.606726,2.4109059999999998
869191847.91646,2.2559649999999998
869191850.131394,2.163506
869191852.307645,2.122112
869191854.626886,2.252955
869191856.845226,2.131122
869191859.1424401,2.231456
869191861.417427,2.2123559999999998
869191863.644042,2.1606910000000004
869191865.947321,2.2410479999999997
869191868.2138131,2.200414
869191870.49089,2.211464
869191872.785032,2.2318469999999997
869191875.000707,2.149599
869191877.318033,2.265791
869191879.5527459,2.168935
869191881.8744891,2.274776
869191883.961497,2.034071
869191886.223456,2.162132
869191888.4651539,2.191488
869191890.714462,2.183983
869191892.8500739,2.0884150000000004
869191895.055613,2.1398849999999996
869191897.2103729,2.107195
869191899.247294,1.971238
869191901.452015,2.153387
869191903.938194,2.432033
869191906.4955189,2.494518
869191909.026589,2.447705
869191911.2946529,2.213999
869191913.168951,1.802762
869191915.427146,2.204105
869191917.482479,1.9925089999999999
869191919.739297,2.20244
869191921.99341,2.182426
869191924.302065,2.25894
869191926.5732349,2.221691
869191928.761496,2.140444
869191931.051618,2.224169
869191933.4071201,2.2927500000000003
869191935.7898959,2.3293519999999996
869191937.999732,2.15802
869191940.313887,2.240802
869191942.661838,2.2937399999999997
869191945.0129441,2.280726
869191946.913403,1.846025
869191949.1157559,2.139287
869191951.5361019,2.353976
869191953.816422,2.210093
869191956.166744,2.2846450000000003
869191958.4474599,2.214702
869191960.883821,2.37399
869191963.247031,2.309073
869191965.611649,2.313234
869191967.8094801,2.143431
869191970.077817,2.205105
869191972.313313,2.169026
869191974.589703,2.209239
869191977.246404,2.592998
869191979.5427749,2.229902
869191981.587132,1.997332
869191983.6306299,1.9937140000000002
869191985.7362139,2.050381
869191987.994993,2.2087909999999997
869191990.123464,2.024413
869191992.469504,2.283078
869191994.763137,2.2395639999999997
869191997.041748,2.226413
869191999.3020719,2.170193
869192001.6271499,2.262608
869192003.990619,2.296803
869192006.2022239,2.119651
869192008.528511,2.2630649999999997
869192010.624708,2.030161
869192012.871876,2.195833
869192015.1203549,2.194311
869192017.3432759,2.1489719999999997
869192019.328724,1.931297
869192021.513351,2.121801
869192023.8517259,2.264266
869192026.189094,2.26855
869192028.986591,2.726454
869192031.502957,2.466527
869192033.8554051,2.289396
869192036.192422,2.271103
869192038.539011,2.2803400000000003
869192040.880089,2.265596
869192043.1842431,2.244807
869192045.618021,2.360697
869192047.7802861,2.103317
869192049.959735,2.1322099999999997
869192052.1573219,2.1267080000000003
869192054.41526,2.191895
869192056.852784,2.37363
869192059.0731089,2.170152
869192061.2475181,2.122505
869192063.589808,2.2768070000000002
869192065.8278041,2.166999
869192068.227181,2.3334639999999998
869192070.446188,2.153258
869192072.830395,2.321641
869192075.018785,2.134237
869192077.3861481,2.304617
869192079.613319,2.161082
869192081.972933,2.296623
869192084.255443,2.216226
869192086.6914711,2.369557
869192088.971942,2.2101949999999997
869192091.216392,2.18955
869192093.43954,2.147938
869192095.354092,1.860566
869192097.423999,2.006983
869192099.527404,2.049521
869192101.6049579,2.008236
869192103.9657301,2.307029
869192106.1048911,2.05293
869192107.962285,1.791829
869192109.8182911,1.795268
869192111.8677089,2.00313
869192113.876346,1.945911
869192115.817181,1.8803139999999998
869192117.673895,1.794141
869192119.671105,1.946925
869192121.710744,1.9771239999999999
869192123.527193,1.750791
869192125.423102,1.822717
869192127.363607,1.890643
869192129.448722,2.022675
869192131.616194,2.101614
869192133.565769,1.8873550000000001
869192135.6950821,2.061859
869192137.65244,1.909602
869192139.739229,2.020856
869192141.769331,1.9675259999999999
869192143.790131,1.9553779999999998
869192145.820996,1.9687519999999998
869192147.8231679,1.952561
869192149.901539,2.0160780000000003
869192152.359275,2.411675
869192154.666412,2.240592
869192156.891859,2.162921
869192159.180432,2.205044
869192160.900952,1.676854
869192162.6660849,1.718976
869192164.683442,1.952856
869192166.750035,2.012402
869192168.7470369,1.9341490000000001
869192170.695939,1.8955650000000002
869192172.748517,2.0012879999999997
869192174.9021571,2.087676
869192176.795962,1.831114
869192178.469579,1.606145
869192180.259214,1.74937
869192182.108927,1.8003719999999999
869192184.156095,2.0001580000000003
869192186.1850181,1.9539269999999997
869192187.92486,1.692742
869192189.737782,1.756682
869192191.718269,1.926903
869192193.7200509,1.932239
869192195.656028,1.882104
869192197.70064,1.9822799999999998
869192199.601801,1.846712
869192201.6892769,2.0208470000000003
869192203.633168,1.878488
869192205.290745,1.613754
869192207.221453,1.884992
869192209.109159,1.824706
869192211.145834,1.990627
869192212.990402,1.797441
869192214.9392381,1.8835270000000002
869192216.768344,1.781824
869192218.584593,1.750166
869192220.284968,1.637953
869192222.1492419,1.8151709999999999
869192224.207635,2.010895
869192226.301983,2.0446090000000003
869192228.467265,2.102751
869192230.613834,2.08046
869192232.453386,1.777125
869192234.61752,2.121016
869192236.486007,1.8271629999999999
869192238.4465519,1.917252
869192240.3433859,1.834131
869192242.5223919,2.1358140000000003
869192244.29893,1.7354779999999999
869192246.247218,1.894572
869192248.1397979,1.84088
869192250.246563,2.04157
869192252.210061,1.911975
869192254.248224,1.9724970000000002
869192255.920421,1.628385
869192258.023432,2.04416
869192259.938256,1.868765
869192261.643611,1.661187
869192263.508277,1.79801
869192265.485714,1.933765
869192267.473843,1.917651
869192269.466009,1.93604
869192271.529172,2.013706
869192273.324512,1.747927
869192275.371441,1.975499
869192277.913896,2.476838
869192280.173491,2.195968
869192282.492625,2.268293
869192284.796502,2.241879
869192287.059344,2.213285
869192289.401352,2.2791069999999998
869192291.76053,2.2935600000000003
869192293.9917511,2.1681690000000002
869192296.081111,2.0236989999999997
869192297.9671531,1.826249
869192300.120161,2.090673
869192302.161715,1.9824119999999998
869192304.269174,2.051036
869192306.471671,2.143138
869192308.605239,2.0707820000000003
869192310.799211,2.128125
869192312.809835,1.9689690000000002
869192314.874358,1.999266
869192316.828817,1.9136190000000002
869192318.818932,1.946715
869192320.8817251,2.011185
869192323.064149,2.116277
869192325.254968,2.139369
869192327.513919,2.1933529999999997
869192329.739231,2.163001
869192331.830705,2.02662
869192333.906138,2.010949
869192336.135674,2.163808
869192338.171104,1.969775
869192340.252357,2.0252600000000003
869192342.43823,2.136201
869192344.564471,2.078929
869192346.5657719,1.9355380000000002
869192348.602665,1.962652
869192350.7201649,2.051488
869192353.426357,2.649884
869192355.812773,2.320679
869192358.217799,2.3427360000000004
869192360.591847,2.308521
869192362.7744689,2.116182
869192365.141541,2.304075
869192367.107938,1.900613
869192369.1692779,2.0177490000000002
869192371.423995,2.208686
869192373.534897,2.066773
869192375.760788,2.179734
869192377.705038,1.8815030000000001
869192379.872242,2.1190919999999998
869192382.170378,2.234834
869192384.5309149,2.294151
869192386.6259431,2.0297520000000002
869192388.974215,2.2770300000000003
869192391.180323,2.151755
869192393.30471,2.018359
869192395.3751999,2.004845
869192397.6960801,2.269368
869192399.78501,2.0345060000000004
869192402.569017,2.7127179999999997
869192405.0859721,2.4434259999999997
869192407.530054,2.389073
869192409.453269,1.851243
869192411.727728,2.220609
869192413.924859,2.125988
869192416.110068,2.111759
869192418.530324,2.3421380000000003
869192420.887202,2.2862590000000003
869192423.094571,2.141838
869192425.422532,2.279932
869192427.631456,2.137405
869192429.939466,2.240971
869192432.248195,2.258657
869192434.432041,2.118224
869192436.809743,2.32599
869192439.034241,2.1583769999999998
869192441.1158589,2.029939
869192443.4702669,2.288324
869192445.813664,2.272227
869192447.88229,2.014513
869192450.15492,2.201574
869192452.298383,2.0895050000000004
869192454.5585899,2.1942630000000003
869192456.906845,2.296861
869192459.2647971,2.292073
869192461.523529,2.206986
869192463.8433449,2.254015
869192466.0988879,2.20771
869192468.216455,2.052527
869192470.3280209,2.061869
869192472.5032411,2.1126690000000004
869192474.605341,2.028173
869192476.658427,1.9902740000000003
869192479.2121179,2.134535
869192481.4566491,2.18189
869192483.5969399,2.0746520000000004
869192485.808663,2.167864
869192487.8187209,1.9409690000000002
869192489.927521,2.065072
869192491.692409,1.718665
869192493.850163,2.090827
869192495.910623,1.9875980000000002
869192497.8977029,1.943066
869192499.953239,1.9899190000000002
869192502.076453,2.036371
869192504.0180011,1.876141
869192506.076717,2.010809
869192507.8317299,1.707395
869192509.8352951,1.9413550000000002
869192511.801664,1.892708
869192513.949004,2.098912
869192515.828485,1.8144719999999999
869192517.8012661,1.925408
869192519.822371,1.9715700000000003
869192521.6742411,1.78932
869192523.64661,1.922276
869192525.697024,1.9825620000000002
869192528.059255,2.272848
869192529.920213,1.794388
869192531.950767,1.9612549999999997
869192533.9177771,1.877788
869192535.905475,1.915685
869192537.881605,1.9133049999999998
869192539.851413,1.920339
869192541.7937651,1.879901
869192543.873832,2.030549
869192546.053671,2.132775
869192548.163784,2.060162
869192550.334509,2.105007
869192552.1705221,1.7736239999999999
869192553.970219,1.749825
869192555.957837,1.9405679999999998
869192557.9878,1.9621539999999997
869192560.156219,2.10249
869192562.085551,1.863164
869192563.932634,1.799851
869192565.8833201,1.903514
869192567.950192,2.001169
869192569.741027,1.70489
869192571.6530759,1.853506
869192573.6794931,1.978948
869192575.464039,1.7185970000000002
869192577.106077,1.566855
869192578.703377,1.5386469999999999
869192580.39563,1.639704
869192582.177852,1.740564
869192583.850542,1.632994
869192585.825932,1.923098
869192587.6583489,1.77709
869192589.659423,1.9535759999999998
869192591.6102101,1.884994
869192593.637092,1.9637539999999998
869192595.340342,1.653188
869192597.166474,1.769867
869192599.136253,1.904242
869192600.730942,1.5471110000000001
869192602.774261,1.9934589999999999
869192604.89294,2.0557459999999996
869192606.909115,1.949265
869192609.015194,2.0430230000000003
869192611.133917,2.05267
869192613.288324,2.0910949999999997
869192615.297277,1.942779
869192617.2185961,1.858548
869192619.339795,2.0552159999999997
869192621.046728,1.64009
869192622.598693,1.5087080000000002
869192624.236743,1.575849
869192625.879804,1.599192
869192627.840418,1.882587
869192629.271176,1.3953229999999999
869192630.813602,1.4855289999999999
869192632.3394,1.473506
869192633.996764,1.602136
869192635.655732,1.607362
869192637.361995,1.655044
869192639.075525,1.6591939999999998
869192640.903041,1.7651050000000001
869192642.6718509,1.710276
869192644.235054,1.526382
869192645.953791,1.641562
869192647.5947821,1.589892
869192649.2139579,1.568061
869192650.827289,1.55905
869192653.036554,2.1582760000000003
869192654.723507,1.633198
869192656.359712,1.585141
869192658.071954,1.658873
869192659.827517,1.704409
869192661.608732,1.720147
869192663.040729,1.3834579999999999
869192664.442087,1.355291
869192666.1317561,1.644763
869192667.868124,1.6821869999999999
869192669.822505,1.901677
869192671.7574661,1.889738
869192673.690717,1.871521
869192675.5701289,1.833813
869192677.624151,1.992692
869192679.739808,2.0670469999999996
869192681.835066,2.0336339999999997
869192683.755399,1.871248
869192685.7601371,1.942143
869192687.705279,1.8792520000000001
869192689.694257,1.94239
869192691.500039,1.757125
869192693.342381,1.7956619999999999
869192695.239761,1.8485140000000002
869192697.377959,2.0754829999999997
869192699.438838,1.995421
869192701.596668,2.095208
869192703.89933,2.237195
869192706.208517,2.247142
869192708.33145,2.058223
869192710.785006,2.388367
869192713.103221,2.266816
869192715.347502,2.177776
869192717.476795,2.0656899999999996
869192719.686431,2.144363
869192721.525057,1.791428
869192723.8661679,2.275929
869192725.974232,2.060058
869192728.4992061,2.45872
869192730.889612,2.323941
869192733.1982329,2.245374
869192735.580896,2.31672
869192737.8894169,2.245263
869192740.164509,2.2089179999999997
869192742.4567,2.229626
869192744.5974879,2.096332
869192746.6119959,1.9679670000000002
869192748.743299,2.086904
869192750.915578,2.125886
869192753.2919221,2.313307
869192755.6168561,2.258565
869192757.766785,2.08703
869192759.924937,2.103794
869192762.195203,2.206332
869192764.460279,2.191319
869192766.779836,2.265227
869192768.864508,2.03301
869192771.224303,2.293631
869192773.655153,2.331891
869192776.036794,2.3156909999999997
869192778.966092,2.861291
869192781.4162381,2.401385
869192783.848354,2.381846
869192786.388616,2.4780349999999998
869192788.497122,2.057793
869192790.748145,2.201126
869192792.789723,1.9783449999999998
869192794.899259,2.049909
869192797.171231,2.215451
869192799.337275,2.100005
869192801.622157,2.2173309999999997
869192804.0411841,2.359913
869192806.305526,2.196329
869192808.431573,2.057055
869192810.7116749,2.230062
869192812.951923,2.173669
869192815.214816,2.213188
869192817.3172259,2.0398519999999998
869192819.4566541,2.083808
869192821.791971,2.271915
869192823.952331,2.0859929999999998
869192826.124851,2.1017319999999997
869192828.35259,2.16218
869192830.696431,2.289381
869192832.906738,2.14719
869192835.0729221,2.116394
869192837.1864581,2.050389
869192839.443971,2.1917820000000003
869192841.66803,2.177139
869192843.7398881,2.022559
869192846.004293,2.2127090000000003
869192848.173544,2.113906
869192850.366146,2.138584
869192852.685127,2.267376
869192854.957308,2.206596
869192857.091893,2.0871079999999997
869192859.461608,2.304733
869192861.684051,2.1736139999999997
869192863.760025,2.026159
869192866.0477071,2.20197
869192868.1483591,2.0347180000000002
869192870.445329,2.230733
869192872.6304499,2.136441
869192874.80769,2.109968
869192877.048232,2.177676
869192879.208093,2.0860420000000004
869192881.37201,2.112263
869192883.770918,2.333416
869192885.906339,2.087866
869192888.231538,2.25293
869192890.196659,1.9151509999999998
869192892.548731,2.289647
869192894.739046,2.124557
869192897.055379,2.2537030000000002
869192899.367815,2.2331600000000003
869192901.52928,2.1085499999999997
869192903.971479,2.388192
869192906.3302569,2.2680510000000003
869192908.550487,2.153861
869192910.887759,2.269795
869192913.249408,2.275539
869192915.455349,2.1319529999999998
869192917.608528,2.082679
869192919.9383789,2.264138
869192921.8428991,1.8152030000000001
869192924.083671,2.191039
869192926.426752,2.276727
869192928.620676,2.130847
869192930.9224061,2.235956
869192933.298364,2.3133709999999996
869192935.428077,2.075387
869192937.5714821,2.06808
869192939.881453,2.2559329999999997
869192942.1543651,2.221677
869192944.376251,2.168156
869192946.7659819,2.335733
869192948.96823,2.139873
869192951.211395,2.177165
869192953.441704,2.178905
869192955.586466,2.090358
869192957.773559,2.124342
869192960.1722571,2.325483
869192962.352157,2.125116
869192964.607156,2.203126
869192966.8068479,2.133829
869192968.93292,2.06356
869192971.2683389,2.285364
869192973.478639,2.1627500000000004
869192975.798596,2.253341
869192978.453042,2.591786
869192980.608592,2.0896410000000003
869192982.9462199,2.271248
869192985.2293309,2.220465
869192987.609623,2.313793
869192989.875695,2.202619
869192992.188235,2.246391
869192994.4437021,2.188802
869192996.872387,2.36627
869192999.238659,2.300553
869193001.509537,2.227105
869193003.659318,2.1041760000000003
869193005.90728,2.2017870000000004
869193008.2228401,2.250075
869193010.453939,2.1771260000000003
869193012.729596,2.2242189999999997
869193015.0469619,2.251808
869193017.2303159,2.120548
869193019.622151,2.326
869193021.88948,2.215836
869193024.208064,2.252646
869193026.546419,2.272206
869193028.945561,2.327928
869193030.804234,1.8047460000000002
869193032.689949,1.823049
869193034.274539,1.5298550000000002
869193035.93706,1.599544
869193037.522046,1.522651
869193039.043298,1.455551
869193040.647539,1.5521800000000001
869193042.252862,1.5355779999999999
869193043.8496749,1.534363
869193045.432805,1.520371
869193047.018569,1.526824
869193048.658317,1.554142
869193050.17212,1.454561
869193051.717466,1.4889720000000002
869193053.2395,1.4593029999999998
869193054.7776381,1.47272
869193056.238829,1.405149
869193057.783591,1.478617
869193059.2723061,1.4263
869193060.737744,1.41403
869193062.208539,1.394336
869193063.556298,1.285198
869193065.053108,1.423335
869193066.36352,1.244248
869193067.844333,1.418442
869193069.3297759,1.4224420000000002
869193070.769163,1.36462
869193072.118234,1.28609
869193073.5878919,1.3952490000000002
869193075.059579,1.409182
869193076.521031,1.398902
869193077.986188,1.411107
869193079.395316,1.3469689999999999
869193080.8562111,1.409416
869193082.1146209,1.192802
869193083.4183569,1.240809
869193084.745547,1.264249
869193086.154065,1.3428170000000001
869193087.52155,1.316025
869193088.9679,1.3948159999999998
869193090.418046,1.361082
869193091.841012,1.3596000000000001
869193093.24333,1.351083
869193094.722962,1.4137760000000001
869193096.136441,1.362465
869193097.4593971,1.2693109999999999
869193098.928876,1.406822
869193100.390518,1.4098870000000001
869193102.142046,1.68571
869193103.552696,1.359402
869193104.803673,1.2037090000000001
869193106.166619,1.3133210000000002
869193107.560212,1.34636
869193108.9547241,1.327032
869193110.433819,1.413178
869193111.8655521,1.384019
869193113.2641001,1.335618
869193114.610138,1.296422
869193116.229028,1.555817
869193117.787813,1.4924199999999999
869193119.344668,1.485703
869193120.949893,1.542408
869193122.25757,1.2537029999999998
869193123.82073,1.5118930000000002
869193125.385424,1.513192
869193126.839249,1.378603
869193128.381079,1.478668
869193129.825618,1.3784750000000001
869193131.348797,1.4607070000000002
869193132.872408,1.467667
869193134.298719,1.350523
869193135.864289,1.502899
869193137.363415,1.425442
869193138.945679,1.493533
869193140.454447,1.446137
869193142.1567739,1.6361489999999999
869193143.6816679,1.472704
869193145.2901931,1.54586
869193146.61615,1.26055
869193147.888107,1.200427
869193149.365417,1.4257300000000002
869193150.683691,1.24583
869193152.7222279,1.967337
869193154.423252,1.635701
869193156.0696981,1.595308
869193157.475335,1.339495
869193158.708267,1.18154
869193160.159762,1.388659
869193161.6469549,1.421076
869193163.047722,1.3442269999999998
869193164.4479179,1.33759
869193165.88352,1.37679
869193167.351403,1.404981
869193168.741583,1.327653
869193170.1921649,1.391292
869193171.6571339,1.408406
869193172.936382,1.216941
869193174.061482,1.079173
869193175.223893,1.118462
869193176.4034101,1.136113
869193177.651336,1.202116
869193178.8689469,1.173453
869193180.1589651,1.2276150000000001
869193181.4110459,1.2057490000000002
869193182.789331,1.309914
869193184.263143,1.4115119999999999
869193185.690776,1.361992
869193186.9189719,1.176844
869193188.216974,1.2436630000000002
869193189.640454,1.36967
869193190.941835,1.238296
869193192.347427,1.354426
869193193.736852,1.323552
869193195.2166979,1.4108969999999998
869193196.695738,1.416721
869193198.124655,1.374856
869193199.5073639,1.320502
869193200.9090401,1.350881
869193202.197964,1.234542
869193203.653743,1.39339
869193205.122709,1.417652
869193206.56589,1.377363
869193207.8632259,1.2345789999999999
869193209.344791,1.4177790000000001
869193210.826738,1.4167120000000002
869193212.2657479,1.387923
869193213.549417,1.22928
869193214.831898,1.213283
869193216.288552,1.393996
869193217.6972901,1.354961
869193219.033692,1.285214
869193220.489492,1.4040730000000001
869193221.8118249,1.256346
869193223.203605,1.340341
869193224.6034861,1.348124
869193226.030488,1.352401
869193227.2907389,1.1902139999999999
869193228.608623,1.255173
869193230.061756,1.38726
869193231.372233,1.247685
869193232.820509,1.386036
869193234.194264,1.3273840000000001
869193235.65394,1.3969989999999999
869193236.9606961,1.263358
869193238.3279439,1.3206120000000001
869193239.57569,1.203813
869193241.054909,1.4167139999999998
869193242.329512,1.208193
869193243.7913209,1.399429
869193245.288393,1.4346590000000001
869193246.7292919,1.3817739999999998
869193248.198539,1.393264
869193249.657902,1.3824900000000002
869193251.076735,1.356084
869193252.484561,1.330658
869193253.8619211,1.3180889999999998
869193255.273588,1.349076
869193256.607062,1.2596720000000001
869193258.127365,1.454492
869193259.535793,1.36064
869193260.9202449,1.321673
869193262.2896,1.319739
869193263.758104,1.406054
869193265.3072159,1.486421
869193266.57449,1.202018
869193267.805999,1.1842540000000001
869193269.3155199,1.446648
869193270.804205,1.422419
869193272.146667,1.2903470000000001
869193273.659921,1.4474049999999998
869193275.0003201,1.276267
869193276.382943,1.331886
869193278.000061,1.5632599999999999
869193279.654137,1.603041
869193281.32702,1.62171
869193283.0229629,1.621552
869193284.695227,1.6101990000000002
869193286.3663701,1.601141
869193287.749609,1.331933
869193289.16718,1.345874
869193290.41039,1.1771209999999999
869193291.7986571,1.3162989999999999
869193293.286901,1.4258520000000001
869193294.495415,1.154661
869193295.864956,1.317755
869193297.260105,1.332338
869193298.56134,1.2291649999999998
869193299.869882,1.2371649999999998
869193301.354298,1.422036
869193302.8513479,1.431411
869193304.1759291,1.2732139999999998
869193305.547466,1.3059949999999998
869193306.9787099,1.380166
869193308.404314,1.3630490000000002
869193309.8584371,1.388319
869193311.327,1.421165
869193312.670704,1.281143
869193314.140877,1.4043700000000001
869193315.638301,1.4100860000000002
869193317.186008,1.500487
869193318.780416,1.5287600000000001
869193320.322025,1.479222
869193321.8812879,1.5052329999999998
869193323.399451,1.4671
869193324.906325,1.444559
869193326.404403,1.423985
869193327.7013279,1.234076
869193329.1912531,1.4385780000000001
869193330.6259681,1.369694
869193332.06268,1.3746470000000002
869193333.529875,1.4124590000000001
869193334.9050901,1.3129140000000001
869193336.39888,1.441837
869193337.999027,1.534424
869193339.4633509,1.412571
869193340.958182,1.423363
869193342.520811,1.4964
869193343.960055,1.37667
869193345.3075451,1.275499
869193346.880928,1.5077859999999998
869193348.4850531,1.541118
869193350.114157,1.555185
869193352.0923481,1.915858
869193353.7210109,1.574334
869193355.410555,1.6267829999999999
869193357.094035,1.621055
869193358.68924,1.5296319999999999
869193360.278771,1.526515
869193361.73429,1.3892049999999998
869193363.3430411,1.545609
869193364.990141,1.5838130000000001
869193366.612795,1.5562589999999998
869193368.2703301,1.5949639999999998
869193369.866912,1.530188
869193371.5253841,1.595645
869193373.006628,1.418493
869193374.563669,1.491217
869193376.198635,1.572667
869193377.699591,1.435528
869193379.27942,1.5171329999999998
869193380.904624,1.562303
869193382.522767,1.552124
869193384.051391,1.465868
869193385.647312,1.528624
869193387.237796,1.5277120000000002
869193388.819799,1.519503
869193390.481168,1.59541
869193392.131576,1.587917
869193393.623806,1.426898
869193395.262236,1.575799
869193396.912749,1.587612
869193398.572258,1.5931140000000001
869193400.196696,1.561977
869193402.179207,1.916723
869193404.08269,1.841278
869193405.987154,1.838476
869193407.873667,1.8239720000000001
869193409.62943,1.693052
869193410.9712911,1.276028
869193412.431324,1.4031609999999999
869193414.088954,1.567876
869193415.7289081,1.577132
869193417.151963,1.360876
869193418.627097,1.416194
869193420.241636,1.5518839999999998
869193421.8864961,1.5792519999999999
869193423.510328,1.561426
869193425.141526,1.568507
869193426.64196,1.4119499999999998
869193428.255026,1.5497690000000002
869193429.895706,1.574591
869193431.4368099,1.469632
869193433.031448,1.531918
869193434.583321,1.485479
869193436.281987,1.635123
869193437.937492,1.589501
869193439.567502,1.558773
869193441.167623,1.53735
869193442.824651,1.5908490000000002
869193444.446367,1.546212
869193446.0910931,1.579388
869193447.547704,1.3944269999999999
869193448.934652,1.324502
869193450.4859221,1.4918150000000001
869193452.0476731,1.5058820000000002
869193453.534639,1.408217
869193455.097213,1.5061639999999998
869193456.575771,1.415757
869193458.139285,1.49793
869193459.612708,1.4221590000000002
869193460.937978,1.2738109999999998
869193462.409576,1.41732
869193463.974149,1.501947
869193465.3209679,1.257367
869193466.58169,1.206924
869193467.94351,1.299396
869193469.4056259,1.409954
869193470.741462,1.2707160000000002
869193472.1710659,1.378147
869193473.672647,1.4358929999999999
869193475.106115,1.360799
869193476.543617,1.3662889999999999
869193478.3554959,1.74587
869193479.800236,1.382149
869193481.2571181,1.3945120000000002
869193482.672142,1.3495709999999999
869193484.13531,1.415295
869193485.457401,1.256664
869193486.887548,1.3822960000000002
869193488.329937,1.379938
869193489.7705771,1.368204
869193491.082937,1.248084
869193492.506473,1.376106
869193493.865327,1.2925600000000002
869193495.274768,1.3375380000000001
869193496.753628,1.416598
869193498.024281,1.216445
869193499.325761,1.230052
869193500.582873,1.2055259999999999
869193501.8651019,1.212018
869193503.293576,1.377092
869193504.7222899,1.366476
869193505.963894,1.191695
869193507.396199,1.343037
869193508.7318441,1.2654910000000001
869193510.2400509,1.443153
869193511.60604,1.3186980000000001
869193512.977339,1.3237590000000001
869193514.368749,1.341728
869193515.7669201,1.3501290000000001
869193517.2708709,1.441241
869193518.700752,1.3759869999999998
869193520.0761031,1.3132009999999998
869193521.5613279,1.43129
869193522.884234,1.259703
869193524.280975,1.345674
869193525.690088,1.3551229999999999
869193527.476151,1.734466
869193529.20868,1.669528
869193530.929461,1.654958
869193532.644856,1.652433
869193534.302125,1.591171
869193535.97479,1.609533
869193537.2210469,1.156518
869193538.4160701,1.125235
869193539.807564,1.335042
869193541.340376,1.4704169999999999
869193542.716959,1.3168929999999999
869193543.988546,1.212317
869193545.3363171,1.2504840000000002
869193546.750933,1.355026
869193548.153426,1.340202
869193549.641623,1.434267
869193551.10876,1.403893
869193552.4359579,1.2560850000000001
869193553.759843,1.269376
869193555.248845,1.417848
869193556.5943409,1.282954
869193558.0157111,1.367027
869193559.315479,1.2487489999999999
869193560.760828,1.374017
869193562.079586,1.269213
869193563.55016,1.422941
869193564.872646,1.259903
869193566.33237,1.410307
869193567.678007,1.2980699999999998
869193569.249346,1.5086030000000001
869193570.763124,1.447891
869193572.2722449,1.461443
869193573.79272,1.454873
869193575.342228,1.476044
869193576.894728,1.489689
869193578.571646,1.610652
869193580.14442,1.51662
869193581.713213,1.49422
869193583.2862511,1.498682
869193584.8932481,1.544381
869193586.221066,1.262303
869193587.644765,1.376234
869193589.188144,1.480532
869193590.587303,1.333158
869193592.094116,1.459117
869193593.490052,1.300791
869193595.067833,1.530158
869193596.459435,1.343954
869193598.0830361,1.5338319999999999
869193599.670197,1.52458
869193601.2468979,1.51406
869193602.8467491,1.5308190000000002
869193604.455389,1.545905
869193605.9495231,1.4277389999999999
869193607.500104,1.487443
869193609.0451709,1.482111
869193610.637384,1.5264199999999999
869193612.094267,1.394206
869193613.6569351,1.496264
869193615.101258,1.3807349999999998
869193616.585008,1.413279
869193618.140736,1.4896239999999998
869193619.705009,1.4946460000000001
869193621.3826101,1.614835
869193623.024308,1.5694400000000002
869193624.486738,1.386301
869193626.0637829,1.510965
869193627.424649,1.3091409999999999
869193628.965582,1.4689219999999998
869193630.47021,1.438434
869193632.064217,1.522232
869193633.4355,1.305191
869193634.9007269,1.408555
869193636.403842,1.42899
869193637.976544,1.5066229999999998
869193639.3591889,1.3197079999999999
869193640.864104,1.442404
869193642.2483059,1.324497
869193643.814984,1.50336
869193645.348415,1.470264
869193646.923327,1.509139
869193648.391621,1.4051820000000002
869193649.7876121,1.324128
869193651.353413,1.5179989999999999
869193652.9822761,1.5529160000000002
869193654.3862549,1.338041
869193655.967747,1.518445
869193657.579996,1.522214
869193659.239606,1.593655
869193660.7580359,1.455484
869193662.356824,1.532849
869193664.026472,1.6069019999999998
869193665.625897,1.530152
869193667.163276,1.4676330000000002
869193668.704089,1.477856
869193670.199251,1.423577
869193671.576867,1.3147440000000001
869193672.927674,1.303086
869193674.542043,1.548355
869193675.8360839,1.2310999999999999
869193677.373211,1.489414
869193678.797252,1.3584420000000001
869193680.3078539,1.454063
869193681.930112,1.556108
869193683.5174531,1.52431
869193685.160845,1.56817
869193686.757202,1.51776
869193688.289846,1.47627
869193689.8305099,1.474973
869193691.080721,1.198835
869193692.584556,1.452436
869193694.065539,1.3901160000000001
869193695.570063,1.4419680000000001
869193696.888389,1.256064
869193698.339347,1.396865
869193699.660949,1.270036
869193701.1083989,1.3755359999999999
869193702.542622,1.368207
869193703.978081,1.384012
869193705.444913,1.3785189999999998
869193706.7244561,1.225515
869193708.16906,1.381629
869193709.608898,1.38612
869193710.8760309,1.194939
869193712.155312,1.228054
869193713.554616,1.333879
869193714.787683,1.181692
869193716.186579,1.3476359999999998
869193717.6312331,1.379113
869193718.873646,1.190972
869193720.358468,1.4221030000000001
869193721.6382599,1.225534
869193723.051384,1.361761
869193724.52523,1.410677
869193725.935517,1.356186
869193727.217003,1.229984
869193728.6717061,1.392145
869193729.967598,1.246173
869193731.475944,1.445562
869193732.740245,1.216787
869193734.2058941,1.3998540000000002
869193735.623082,1.370159
869193736.970316,1.284416
869193738.3584759,1.338471
869193739.769893,1.364591
869193741.194952,1.377611
869193742.527094,1.266254
869193743.951245,1.355254
869193745.303525,1.256823
869193746.719731,1.361916
869193748.1670719,1.3847969999999998
869193749.5848061,1.364129
869193750.803283,1.1670289999999999
869193752.2589049,1.403789
869193753.797212,1.463533
869193755.326046,1.465853
869193756.604543,1.206534
869193757.98762,1.328846
869193759.564832,1.526051
869193761.211463,1.566388
869193762.747007,1.481405
869193764.2763679,1.478002
869193765.891418,1.549342
869193767.3199351,1.366341
869193768.6355231,1.2641639999999998
869193770.183458,1.48164
869193771.854679,1.608681
869193773.51066,1.5934300000000001
869193775.140429,1.564516
869193776.448266,1.256477
869193778.19272,1.69066
869193779.773583,1.529355
869193781.335215,1.4988549999999998
869193782.905667,1.478382
869193784.464246,1.4953919999999998
869193786.0339609,1.503466
869193787.577385,1.471612
869193789.141853,1.501681
869193790.7806051,1.572688
869193792.164536,1.32647
869193793.713727,1.482983
869193795.305711,1.5350789999999999
869193796.877335,1.514549
869193798.483976,1.530853
869193800.135687,1.575014
869193801.6418641,1.440399
869193803.237169,1.532233
869193804.801316,1.492387
869193806.428655,1.56107
869193808.097948,1.60607
869193809.6510241,1.4872679999999998
869193811.142266,1.43995
869193812.753032,1.548275
869193814.381158,1.5624630000000002
869193816.0317769,1.579371
869193817.62696,1.526901
869193819.182158,1.503995
869193820.450158,1.1992159999999998
869193822.048055,1.54416
869193823.699692,1.6001830000000001
869193825.280085,1.508769
869193826.860718,1.5212590000000001
869193828.241362,1.317558
869193829.796518,1.4774429999999998
869193831.344748,1.485188
869193832.9475249,1.528283
869193834.558291,1.544466
869193836.212894,1.5801509999999999
869193837.751489,1.463473
869193839.325706,1.5227579999999998
869193840.813643,1.4363080000000001
869193842.328663,1.460825
869193843.9316679,1.551755
869193845.485481,1.4908569999999999
869193846.831789,1.2720539999999998
869193848.273232,1.390172
869193849.833917,1.494718
869193851.442386,1.5388249999999999
869193853.483494,1.983487
869193855.134845,1.585708
869193856.799281,1.601544
869193858.320924,1.4552180000000001
869193859.918072,1.534458
869193861.566491,1.585622
869193863.145658,1.513244
869193864.5782859,1.369639
869193866.1666889,1.538516
869193867.721754,1.507471
869193869.304716,1.528467
869193870.681088,1.326993
869193872.1679521,1.439432
869193873.658427,1.424487
869193875.255222,1.53418
869193876.644852,1.3331300000000001
869193878.167056,1.45605
869193879.819379,1.566206
869193881.2976209,1.415521
869193882.771564,1.408339
869193884.347657,1.525071
869193885.878382,1.476701
869193887.375523,1.434179
869193888.9653051,1.527121
869193890.47685,1.4456309999999999
869193891.979323,1.430596
869193893.580933,1.506573
869193895.176561,1.5301939999999998
869193896.7957029,1.56245
869193898.310984,1.448866
869193899.907792,1.5405289999999998
869193901.4578539,1.493174
869193903.2829989,1.759472
869193905.187079,1.831013
869193906.707453,1.466407
869193908.260389,1.484758
869193909.8163071,1.489719
869193911.435984,1.5569659999999999
869193913.063504,1.5644840000000002
869193914.580546,1.443754
869193916.132996,1.4892130000000001
869193917.624542,1.426582
869193919.187653,1.506877
869193920.649948,1.4061620000000001
869193922.248977,1.5322980000000002
869193923.947252,1.635359
869193925.449693,1.414849
869193927.045892,1.537398
869193928.623062,1.5206950000000001
869193930.161036,1.478395
869193931.779374,1.5556420000000002
869193933.333258,1.491562
869193934.68277,1.294907
869193936.127825,1.382312
869193937.6205649,1.423875
869193939.169417,1.4768979999999998
869193940.577603,1.345729
869193942.138696,1.507121
869193943.7500529,1.542835
869193945.4202421,1.607187
869193946.917508,1.431849
869193948.3749391,1.3945480000000001
869193949.7128309,1.284287
869193951.246078,1.481867
869193952.8643111,1.555302
869193954.395459,1.4649999999999999
869193955.908329,1.460661
869193957.531328,1.560599
869193959.099109,1.513726
869193960.669205,1.507556
869193962.263362,1.5283790000000002
869193963.7733879,1.437208
869193965.3733541,1.537124
869193966.806386,1.356401
869193968.314021,1.44523
869193969.950597,1.570292
869193971.561458,1.548119
869193973.1545371,1.530745
869193974.7683929,1.5477640000000001
869193976.40449,1.579604
869193978.291995,1.786834
869193979.912649,1.5578969999999999
869193981.582567,1.6070870000000002
869193983.2701269,1.6218020000000002
869193984.978024,1.644429
869193986.650574,1.606801
869193988.293489,1.5797230000000002
869193989.952291,1.593109
869193991.488374,1.473493
869193993.090407,1.55478
869193994.5476121,1.407373
869193996.2036531,1.593285
869193997.790904,1.520811
869193999.264164,1.410624
869194000.6362411,1.3158180000000002
869194002.102028,1.406102
869194003.688081,1.522957
869194005.174884,1.424066
869194006.6245279,1.390414
869194008.228714,1.54143
869194009.8575311,1.562894
869194011.4860129,1.565455
869194013.113999,1.565024
869194014.469262,1.28136
869194015.8070251,1.285913
869194017.36601,1.496379
869194018.8547341,1.422387
869194020.314275,1.4074689999999999
869194021.815611,1.434816
869194023.278829,1.400381
869194024.628366,1.295141
869194026.1784761,1.484606
869194027.9742069,1.73314
869194029.863207,1.785807
869194031.463935,1.547187
869194032.78992,1.274755
869194034.268225,1.412808
869194035.789924,1.465452
869194037.1752219,1.3286490000000002
869194038.710256,1.4582300000000001
869194040.2685189,1.495878
869194041.887274,1.552966
869194043.476935,1.516036
869194045.087145,1.547344
869194046.762015,1.6086710000000002
869194048.380458,1.555396
869194050.037016,1.60275
869194051.649004,1.549217
869194053.274203,1.5624930000000001
869194054.804311,1.4638330000000002
869194056.2720339,1.4048820000000002
869194057.890663,1.5528359999999999
869194059.5057939,1.552555
869194061.099375,1.530745
869194062.5660549,1.391342
869194064.2141579,1.585412
869194065.844729,1.564718
869194067.473387,1.5658670000000001
869194069.0620229,1.526044
869194070.544217,1.4283810000000001
869194072.1535001,1.5464159999999998
869194073.784616,1.565685
869194075.3871039,1.531483
869194077.017962,1.567655
869194078.554304,1.470489
869194080.131677,1.5143909999999998
869194081.756681,1.55918
869194083.408973,1.578377
869194084.817754,1.332289
869194086.296384,1.4125889999999999
869194087.809595,1.45666
869194089.3411111,1.458876
869194090.884496,1.477616
869194092.3450869,1.398574
869194093.8896279,1.490256
869194095.4879949,1.526263
869194097.171525,1.620884
869194098.776733,1.526131
869194100.322106,1.472437
869194102.245711,1.869509
869194103.726123,1.417209
869194105.303586,1.5142149999999999
869194106.920952,1.550951
869194108.4561961,1.472318
869194110.124912,1.602787
869194111.786747,1.599409
869194113.467065,1.617762
869194115.063497,1.53089
869194116.754705,1.610285
869194118.410681,1.589752
869194120.0592899,1.586184
869194121.520533,1.394963
869194123.0696701,1.486502
869194124.640573,1.508437
869194126.197423,1.4904950000000001
869194127.8569571,1.5968639999999998
869194129.539204,1.619842
869194131.237504,1.6324219999999998
869194132.88914,1.5888149999999999
869194134.521486,1.565987
869194136.025969,1.441727
869194137.526423,1.432074
869194139.166807,1.5774730000000001
869194140.786048,1.556845
869194142.398051,1.545674
869194144.0659499,1.6046719999999999
869194145.7035179,1.571334
869194147.260308,1.488416
869194148.847504,1.524856
869194150.476668,1.5630799999999998
869194152.453373,1.914467
869194154.281277,1.778394
869194155.933509,1.589681
869194157.466915,1.470895
869194158.996717,1.464415
869194160.4492099,1.379023
869194161.969921,1.443567
869194163.56729,1.534418
869194165.189412,1.547861
869194166.849377,1.593646
869194168.448496,1.52232
869194170.107489,1.581508
869194171.655003,1.484963
869194173.193493,1.476456
869194174.774667,1.527188
869194176.355312,1.493683
869194177.867343,1.446448
869194179.4544231,1.5247600000000001
869194180.9447739,1.4277739999999999
869194182.505899,1.4864220000000001
869194184.150343,1.5818029999999998
869194185.673174,1.457303
869194187.250432,1.505787
869194188.841887,1.528258
869194190.466972,1.558744
869194192.057134,1.527639
869194193.7003161,1.5891119999999999
869194195.158776,1.4071850000000001
869194196.6774981,1.46278
869194198.069509,1.326406
869194199.5072831,1.3813810000000002
869194201.0980271,1.528323
869194202.6775551,1.513283
869194204.302563,1.551391
869194205.827775,1.4594829999999999
869194207.455465,1.565019
869194209.049206,1.530939
869194210.524251,1.4092259999999999
869194212.1574941,1.581855
869194213.748503,1.525492
869194215.312051,1.501124
869194216.659481,1.2954450000000002
869194218.2292069,1.5038070000000001
869194219.847565,1.556023
869194221.328694,1.4092390000000001
869194222.8364,1.433728
869194224.426152,1.527025
869194225.9067789,1.414985
869194227.317214,1.347488
869194228.728957,1.349192
869194230.2556261,1.477063
869194231.75839,1.4404240000000001
869194233.359854,1.547443
869194234.942705,1.5107140000000001
869194236.4940071,1.488341
869194238.137815,1.5775190000000001
869194239.579703,1.3721919999999999
869194241.198262,1.5558180000000001
869194242.747609,1.477208
869194244.376016,1.5658860000000001
869194245.9410701,1.49899
869194247.513526,1.4987970000000002
869194249.032669,1.445371
869194250.670893,1.572101
869194252.309517,1.57591
869194253.771682,1.4028829999999999
869194255.278648,1.455506
869194256.614081,1.273014
869194258.1152999,1.44747
869194259.628255,1.4614630000000002
869194261.193495,1.5137289999999999
869194262.769696,1.510017
869194264.213993,1.381837
869194265.666976,1.399511
869194267.013202,1.294635
869194268.516583,1.440724
869194269.921759,1.339212
869194271.399472,1.406446
869194272.8304639,1.379913
869194274.33665,1.4518300000000002
869194275.779575,1.370641
869194277.879958,2.037956
869194279.5256981,1.591953
869194281.2668691,1.678931
869194282.579734,1.259124
869194283.984075,1.352668
869194285.462194,1.39073
869194286.8562169,1.339662
869194288.151552,1.232761
869194289.586634,1.381429
869194290.957993,1.319724
869194292.27879,1.258235
869194293.689168,1.34131
869194295.1766111,1.424517
869194296.698077,1.459099
869194298.066551,1.314309
869194299.346725,1.208963
869194300.793019,1.395182
869194302.196087,1.327888
869194303.690702,1.431909
869194304.954861,1.192782
869194306.324685,1.3038640000000001
869194307.564556,1.188339
869194309.023598,1.407513
869194310.451775,1.373664
869194311.819091,1.305077
869194313.1317029,1.261594
869194314.579632,1.394087
869194315.949661,1.30759
869194317.388748,1.3628900000000002
869194318.826521,1.3840510000000001
869194320.305668,1.416905
869194321.645114,1.285966
869194323.1374091,1.4295790000000002
869194324.459721,1.250648
869194325.745647,1.23172
869194327.2160311,1.39869
869194328.567711,1.28943
869194329.919597,1.297455
869194331.432994,1.450704
869194332.7793001,1.294775
869194334.346395,1.492447
869194335.7873,1.3780890000000001
869194337.4158269,1.565119
869194338.9084051,1.4264709999999998
869194340.488171,1.5282229999999999
869194342.038822,1.484688
869194343.647062,1.536059
869194345.268924,1.55912
869194346.8304241,1.4958829999999999
869194348.273996,1.372044
869194349.885899,1.546235
869194351.292534,1.336624
869194352.615815,1.271877
869194354.152063,1.4699069999999999
869194355.770561,1.5555569999999999
869194357.436706,1.6035789999999999
869194358.847892,1.345769
869194360.267548,1.357241
869194361.8413781,1.485007
869194363.435199,1.531161
869194364.974741,1.47722
869194366.476125,1.455072
869194367.909944,1.36415
869194369.434704,1.4573909999999999
869194370.986212,1.4861309999999999
869194372.394533,1.345606
869194373.767207,1.313731
869194375.371668,1.531024
869194376.969689,1.53542
869194378.5685271,1.5331
869194380.17337,1.542
869194381.805501,1.556386
869194383.4115291,1.5493569999999999
869194384.851638,1.377622
869194386.393899,1.476133
869194387.964691,1.507771
869194389.4513229,1.390895
869194391.0793439,1.562328
869194392.693192,1.551097
869194394.219547,1.460445
869194395.860487,1.5892600000000001
869194397.412045,1.48921
869194398.963787,1.497579
869194400.3339989,1.3187579999999999
869194402.4929711,2.09366
869194404.350772,1.7951
869194406.2530321,1.8359800000000002
869194408.126472,1.80022
869194409.926054,1.739694
869194411.74687,1.7581339999999999
869194413.599793,1.7902230000000001
869194415.149222,1.4908219999999999
869194416.578114,1.366573
869194418.17628,1.538384
869194419.765816,1.5273459999999999
869194421.297107,1.456855
869194422.853727,1.490942
869194424.3902099,1.474068
869194425.9628271,1.5062229999999999
869194427.478115,1.452818
869194429.123229,1.582481
869194430.6581041,1.480859
869194432.1835561,1.45889
869194433.768432,1.518907
869194435.383734,1.55266
869194437.0020369,1.555653
869194438.693254,1.625132
869194440.149019,1.404299
869194441.534766,1.320051
869194443.118023,1.531706
869194444.7485399,1.567871
869194446.43616,1.621516
869194448.0977739,1.589592
869194449.7249169,1.560804
869194451.324502,1.536688
869194452.943542,1.556479
869194454.577181,1.567555
869194456.211612,1.571179
869194457.761326,1.48399
869194459.31154,1.487238
869194460.830517,1.456271
869194462.4380399,1.5171029999999999
869194463.9956621,1.4806570000000001
869194465.636768,1.548736
869194467.249339,1.549789
869194468.875831,1.5454839999999999
869194470.332687,1.391137
869194471.8252081,1.441156
869194473.268539,1.378951
869194474.740652,1.3984850000000002
869194476.241718,1.449453
869194477.816024,1.507586
869194479.293792,1.415319
869194480.791417,1.45009
869194482.461919,1.60571
869194484.08259,1.5731600000000001
869194485.689282,1.534223
869194487.211346,1.459574
869194488.821652,1.547629
869194490.4313691,1.5593110000000001
869194491.8888739,1.410328
869194493.330745,1.385332
869194494.936762,1.540127
869194496.456273,1.463195
869194497.943807,1.408351
869194499.3534211,1.346744
869194500.952954,1.543274
869194502.546499,1.533961
869194504.119011,1.506334
869194505.532898,1.348089
869194507.128438,1.532724
869194508.778275,1.5874769999999998
869194510.391361,1.5474729999999999
869194511.952767,1.509806
869194513.503199,1.4628889999999999
869194515.0403509,1.48313
869194516.668753,1.5652750000000002
869194518.3480641,1.613061
869194519.975022,1.564192
869194521.568838,1.5012949999999998
869194523.173555,1.539074
869194524.7768681,1.540507
869194526.4412049,1.5984459999999998
869194528.2432851,1.750339
869194530.137846,1.8171629999999999
869194531.692968,1.4927059999999999
869194533.112368,1.344723
869194534.4782699,1.299922
869194535.885146,1.3503040000000002
869194537.465384,1.524064
869194539.0939159,1.562739
869194540.673911,1.517062
869194542.3064619,1.566438
869194543.899246,1.530198
869194545.433323,1.4625540000000001
869194547.002797,1.503451
869194548.6243681,1.5589169999999999
869194550.2032601,1.5244080000000002
869194551.771687,1.495765
869194553.361313,1.526429
869194554.965248,1.537515
869194556.339589,1.311348
869194557.956097,1.56255
869194559.6065099,1.579084
869194561.2613881,1.592067
869194562.8551569,1.527778
869194564.297233,1.390535
869194565.894727,1.525091
869194567.43979,1.482768
869194569.00743,1.5051050000000001
869194570.58548,1.51153
869194572.236319,1.588349
869194573.879761,1.5775279999999998
869194575.3883231,1.434977
869194576.946071,1.483818
869194578.4901259,1.478939
869194579.943043,1.3902269999999999
869194581.478406,1.483919
869194583.075737,1.542864
869194584.628234,1.501096
869194586.1872491,1.4934779999999999
869194587.7507801,1.500679
869194589.276283,1.462831
869194590.779453,1.428475
869194592.255905,1.413927
869194593.709674,1.387874
869194595.0073321,1.246399
869194596.478129,1.408259
869194597.9398961,1.407492
869194599.3585991,1.356358
869194600.873584,1.4525160000000001
869194602.210651,1.282978
869194603.685996,1.4124439999999998
869194605.022252,1.27348
869194606.490145,1.402711
869194607.956144,1.403137
869194609.432161,1.3882029999999999
869194610.750511,1.252322
869194612.2246491,1.411832
869194613.709832,1.4192
869194615.136403,1.36385
869194616.612768,1.4133850000000001
869194617.980932,1.32242
869194619.39693,1.3537620000000001
869194620.868956,1.409792
869194622.172332,1.25727
869194623.479676,1.244382
869194624.6954089,1.150559
869194625.910677,1.169111
869194627.368471,1.3947829999999999
869194628.767008,1.335464
869194630.149136,1.306956
869194631.5894549,1.377873
869194632.95723,1.316436
869194634.278757,1.255483
869194635.736792,1.3876249999999999
869194637.221638,1.422201
869194638.660294,1.3853550000000001
869194639.998629,1.258234
869194641.3496519,1.272526
869194642.761256,1.349021
869194644.159177,1.3505520000000002
869194645.468008,1.259443
869194646.706876,1.191537
869194648.1668279,1.397383
869194649.545361,1.3287200000000001
869194651.0389329,1.407557
869194652.961956,1.860948
869194654.684613,1.656563
869194655.938412,1.179363
869194657.4216659,1.4317570000000002
869194658.8930069,1.417773
869194660.3221639,1.366271
869194661.683299,1.307375
869194663.227986,1.481957
869194664.569621,1.2902580000000001
869194666.091125,1.455716
869194667.455631,1.3128739999999999
869194668.766413,1.2403099999999998
869194670.228956,1.396981
869194671.65634,1.375984
869194673.232998,1.525066
869194674.701939,1.398019
869194676.252103,1.487554
869194677.8321021,1.514366
869194679.414768,1.52037
869194681.012869,1.5354800000000002
869194682.5691681,1.490662
869194683.983917,1.343645
869194685.585371,1.527606
869194687.1718249,1.5208059999999999
869194688.798583,1.563591
869194690.385203,1.521143
869194691.86348,1.415516
869194693.462909,1.536798
869194694.82225,1.284786
869194696.342839,1.44937
869194697.7212851,1.324249
869194699.0388609,1.246671
869194700.566882,1.4766650000000001
869194701.970997,1.3382830000000001
869194703.43414,1.412328
869194704.985059,1.499705
869194706.591139,1.540152
869194708.154349,1.5005030000000001
869194709.697888,1.477275
869194711.2442989,1.483404
869194712.5942299,1.279123
869194714.097708,1.4490569999999998
869194715.670355,1.50976
869194717.031319,1.290063
869194718.5794389,1.473203
869194720.2193719,1.577393
869194721.816116,1.531346
869194723.307171,1.42855
869194724.752733,1.393797
869194726.192827,1.386126
869194727.596651,1.332211
869194729.2232031,1.563966
869194730.865638,1.576621
869194732.483635,1.555246
869194734.136174,1.586894
869194735.745255,1.562067
869194737.276401,1.4839630000000001
869194738.874046,1.532008
869194740.5022969,1.565335
869194742.141479,1.573053
869194743.786369,1.581979
869194745.343304,1.47081
869194746.946818,1.5266979999999999
869194748.499049,1.476502
869194752.6798761,4.121437
869194754.307318,1.567946
869194755.850291,1.480568
869194757.45602,1.543338
869194758.958202,1.435673
869194760.472453,1.450798
869194762.0042499,1.4660039999999999
869194763.486371,1.4195499999999999
869194764.985256,1.4357529999999998
869194766.443542,1.3916060000000001
869194767.842289,1.3358459999999999
869194769.342563,1.4529370000000001
869194770.707955,1.2995999999999999
869194772.222569,1.4672990000000001
869194773.828854,1.538486
869194775.437455,1.546221
869194777.6013191,2.101253
869194779.140352,1.473065
869194780.7216539,1.518586
869194782.3115511,1.5237779999999999
869194783.7509631,1.365615
869194785.452811,1.6387159999999998
869194787.035822,1.516977
869194788.5509951,1.45233
869194790.134462,1.523891
869194791.82135,1.613165
869194793.44653,1.551552
869194795.0543381,1.5419500000000002
869194796.728782,1.601569
869194798.31257,1.506879
869194799.9644669,1.588965
869194801.471323,1.415267
869194803.0351571,1.5097859999999999
869194804.553748,1.45587
869194806.162318,1.542899
869194807.711722,1.497874
869194809.260408,1.474866
869194810.862999,1.536547
869194812.479744,1.5430920000000001
869194814.0376921,1.491427
869194815.527753,1.427276
869194817.1455281,1.544495
869194818.6739119,1.461969
869194820.1672851,1.4306569999999998
869194821.781398,1.5404900000000001
869194823.3896329,1.544908
869194824.8510231,1.398737
869194826.4875621,1.582315
869194828.132898,1.58267
869194829.7735779,1.574516
869194831.378535,1.542246
869194832.8121231,1.370671
869194834.492227,1.614203
869194836.127608,1.5776519999999998
869194837.729429,1.5353599999999998
869194839.104727,1.3118100000000001
869194840.528256,1.36701
869194842.116424,1.510247
869194843.57471,1.383416
869194845.203603,1.551188
869194846.678106,1.4090909999999999
869194848.2686319,1.5279740000000002
869194849.895127,1.572847
869194851.4891391,1.542697
869194853.290508,1.730739
869194854.8707781,1.51406
869194856.260214,1.3422020000000001
869194857.588461,1.278304
869194859.0486779,1.39769
869194860.359409,1.2631350000000001
869194861.859221,1.433543
869194863.2060751,1.2775239999999999
869194864.807466,1.553987
869194866.4572769,1.583517
869194868.1203549,1.600282
869194869.731406,1.530778
869194871.263574,1.469482
869194872.874049,1.536452
869194874.467154,1.527432
869194876.2937319,1.763847
869194877.87334,1.5138
869194879.484151,1.5477889999999999
869194880.993747,1.446667
869194882.627086,1.5744859999999998
869194884.0668471,1.383109
869194885.693635,1.560133
869194887.311116,1.5545
869194888.923556,1.549834
869194890.579612,1.5903779999999998
869194892.1654999,1.5233569999999999
869194893.817867,1.586506
869194895.309401,1.4399689999999998
869194896.899223,1.526629
869194898.422945,1.457521
869194899.99774,1.5231789999999998
869194902.031764,1.9550859999999999
869194903.85072,1.756049
869194905.7508271,1.837171
869194907.523537,1.713612
869194909.318085,1.731675
869194911.180261,1.802379
869194913.020802,1.777519
869194914.916852,1.829866
869194916.2799209,1.288885
869194917.818635,1.472269
869194919.259364,1.384141
869194920.634552,1.3121070000000001
869194922.1968089,1.5027840000000001
869194923.5607901,1.289006
869194925.122602,1.499131
869194926.6731019,1.484692
869194928.289376,1.553737
869194929.901212,1.54642
869194931.502547,1.549647
869194933.028475,1.463036
869194934.666214,1.56372
869194936.262992,1.534027
869194937.851852,1.52257
869194939.197919,1.283416
869194940.6894339,1.440274
869194942.109571,1.3540780000000001
869194943.57769,1.394107
869194944.967111,1.302322
869194946.458132,1.4153289999999998
869194947.744629,1.224072
869194949.209049,1.407576
869194950.700536,1.43235
869194952.054373,1.283096
869194953.509501,1.388699
869194954.9232509,1.366575
869194956.2518071,1.280583
869194957.727227,1.410114
869194958.9747419,1.200102
869194960.36949,1.318792
869194961.719278,1.283469
869194963.22342,1.441702
869194964.668871,1.382735
869194965.943178,1.202701
869194967.367926,1.352936
869194968.742335,1.311784
869194970.042153,1.245083
869194971.3397399,1.246078
869194972.803934,1.396591
869194974.350034,1.480137
869194975.690581,1.278202
869194977.166538,1.405898
869194978.7253319,1.4924350000000002
869194980.1239941,1.336342
869194981.5986929,1.408351
869194982.8891829,1.245904
869194984.434747,1.478532
869194985.9350641,1.4342249999999999
869194987.464632,1.485304
869194989.0275021,1.500419
869194990.627587,1.534207
869194992.2107539,1.4922659999999999
869194993.808815,1.518778
869194995.2213839,1.349791
869194996.7223439,1.4442929999999998
869194998.290125,1.502193
869194999.779786,1.427304
869195001.2615141,1.43028
869195002.673332,1.3462280000000002
869195003.945182,1.220387
869195005.4251239,1.38009
869195006.7795581,1.288767
869195008.215136,1.3633110000000002
869195009.651088,1.369977
869195011.095623,1.392945
869195012.4355639,1.277037
869195013.846027,1.356442
869195015.1924069,1.2834789999999998
869195016.6167231,1.3615680000000001
869195018.011592,1.3405699999999998
869195019.335763,1.26196
869195020.7399,1.3521150000000002
869195022.118379,1.3122179999999999
869195023.514622,1.344556
869195024.9336799,1.37168
869195026.348544,1.3491760000000002
869195027.869185,1.4513989999999999
869195029.912679,1.996134
869195032.197554,2.219752
869195034.115696,1.868207
869195035.89327,1.688538
869195037.9418,1.9857989999999999
869195039.980437,1.9798900000000001
869195041.770732,1.701948
869195043.8347471,2.010342
869195045.948648,2.043301
869195048.086261,2.083566
869195050.153764,2.008662
869195052.26179,2.0562110000000002
869195054.3639189,2.036136
869195056.58664,2.159914
869195058.851694,2.199376
869195060.920045,2.006453
869195063.0926139,2.122946
869195065.4206699,2.2652200000000002
869195067.5706481,2.0844549999999997
869195069.880455,2.261965
869195071.985186,2.038627
869195074.157159,2.083511
869195076.329502,2.106681
869195078.5017049,2.106465
869195080.743114,2.178152
869195082.9227041,2.1134359999999996
869195085.365728,2.380293
869195087.60173,2.182064
869195089.955856,2.291451
869195092.207335,2.1752249999999997
869195094.442143,2.18094
869195096.742828,2.229952
869195098.923187,2.126096
869195101.128893,2.143044
869195103.272199,2.0893669999999998
869195105.4003401,2.06542
869195107.4891069,2.023236
869195109.344313,1.811173
869195111.445816,2.036178
869195113.452494,1.9622730000000002
869195115.600927,2.079117
869195117.678724,2.0155429999999996
869195119.639087,1.91454
869195121.760466,2.069848
869195123.764128,1.9497920000000002
869195125.923248,2.107611
869195128.07734,2.088282
869195129.826823,1.695602
869195131.82069,1.9465629999999998
869195133.9706659,2.087526
869195135.956164,1.9149010000000002
869195137.931479,1.888366
869195139.71111,1.729915
869195141.723829,1.96568
869195143.7609379,1.987811
869195145.717836,1.885487
869195147.724814,1.957148
869195149.762839,1.990487
869195152.439652,2.6109240000000002
869195154.90599,2.3951160000000002
869195157.427887,2.459839
869195159.72893,2.246553
869195161.9706371,2.179266
869195163.936286,1.912052
869195166.049468,2.061607
869195168.0760369,1.953069
869195170.0665131,1.90132
869195172.207049,2.08894
869195174.282834,2.022021
869195176.40379,2.070171
869195178.38047,1.9306889999999999
869195180.3261269,1.901469
869195182.3054861,1.9134499999999999
869195184.26771,1.899618
869195186.35849,2.025492
869195188.386653,1.98424
869195190.4619629,2.025223
869195192.421,1.887122
869195194.238256,1.751298
869195196.157252,1.856679
869195197.97244,1.765458
869195199.964935,1.9455239999999998
869195201.791088,1.760203
869195203.7819641,1.941007
869195205.887172,2.04289
869195207.680001,1.7433509999999999
869195209.6461121,1.919356
869195211.5763041,1.880156
869195213.642281,1.984241
869195215.5252279,1.833385
869195217.526571,1.953752
869195219.5065191,1.929763
869195221.559064,1.9849440000000003
869195223.181397,1.572426
869195224.748959,1.511462
869195226.495123,1.703796
869195228.58565,2.037705
869195230.444915,1.803164
869195232.323635,1.826077
869195234.2837039,1.90446
869195236.2079841,1.8610440000000001
869195237.9885249,1.72195
869195239.7420729,1.6999929999999999
869195241.479289,1.684728
869195243.044491,1.510024
869195244.620567,1.534609
869195246.488297,1.8242939999999999
869195248.315697,1.7641930000000001
869195250.170879,1.789151
869195251.829073,1.610944
869195253.768224,1.883708
869195255.6025959,1.7843360000000001
869195257.392293,1.742132
869195258.884415,1.442199
869195260.730155,1.797625
869195262.623544,1.82734
869195264.4766309,1.773307
869195266.343786,1.82112
869195268.164666,1.777612
869195270.062788,1.852033
869195271.89184,1.7852949999999999
869195273.7454259,1.7905440000000001
869195275.746841,1.936469
869195278.445944,2.64804
869195280.66553,2.166398
869195282.526994,1.8078949999999998
869195284.410575,1.8218670000000001
869195286.4212689,1.9460790000000001
869195288.217796,1.732955
869195290.2772709,1.993998
869195291.818961,1.494712
869195293.378052,1.5121959999999999
869195295.379502,1.943093
869195297.39274,1.966589
869195299.2368901,1.770499
869195301.209913,1.926679
869195303.060005,1.801177
869195304.97305,1.86638
869195306.951547,1.929727
869195309.056159,2.057893
869195311.038748,1.917619
869195313.105598,2.020188
869195314.9313691,1.760124
869195316.5113101,1.533276
869195318.420132,1.8594
869195320.147831,1.680522
869195321.924222,1.726183
869195324.061081,2.0741549999999997
869195326.26291,2.150679
869195328.399335,2.068276
869195330.526719,2.061415
869195332.6539221,2.064768
869195334.708871,1.9887949999999999
869195336.731787,1.975559
869195338.743136,1.94524
869195340.852518,2.046929
869195342.9178021,2.0154270000000003
869195344.8403859,1.860194
869195346.871984,1.981802
869195349.000018,2.063148
869195351.216146,2.1669810000000003
869195353.590684,2.326969
869195355.8995849,2.243233
869195358.225812,2.2634209999999997
869195360.391425,2.0995190000000004
869195362.7176111,2.258934
869195365.0181329,2.23737
869195367.269534,2.185659
869195369.519104,2.204918
869195371.8003759,2.214307
869195373.794018,1.9300789999999999
869195388.363833,14.500234
869195404.334667,15.922766000000001
869195406.6063931,2.20523
869195409.061039,2.391839
869195411.6822469,2.555004
869195414.287353,2.5405710000000004
869195416.8626491,2.509313
869195419.088352,2.159123
869195421.357902,2.206774
869195423.2410101,1.8173009999999998
869195425.124603,1.831472
869195426.988071,1.797342
869195428.930077,1.889452
869195431.0280659,2.043711
869195432.924179,1.848389
869195434.834342,1.844661
869195436.85831,1.976269
869195438.902881,1.994137
869195441.005317,2.039805
869195443.016339,1.92052
869195445.219023,2.139326
869195447.4247789,2.139311
869195449.647114,2.1594689999999996
869195451.950167,2.237606
869195454.273422,2.2324580000000003
869195456.384407,2.0454380000000003
869195458.7195649,2.269199
869195461.0080091,2.225628
869195463.174053,2.090041
869195465.313505,2.073242
869195467.538615,2.170509
869195469.948682,2.322519
869195472.2779261,2.2550019999999997
869195474.459631,2.116207
869195477.071037,2.5434229999999998
869195479.337875,2.200033
869195481.6900519,2.288774
869195483.641577,1.8858810000000001
869195485.39641,1.710984
869195487.1654121,1.7228700000000001
869195489.182449,1.949679
869195491.322141,2.0733729999999997
869195493.113084,1.7285110000000001
869195495.004488,1.841507
869195497.108706,2.0564839999999998
869195499.082025,1.901219
869195500.885124,1.740508
869195502.680038,1.728369
869195504.469951,1.727613
869195506.291319,1.75577
869195508.0773259,1.738334
869195510.083743,1.938424
869195511.8952011,1.748947
869195513.9957681,2.028349
869195516.091257,2.0299720000000003
869195517.820068,1.682528
869195519.882575,1.99921
869195521.849615,1.8998030000000001
869195523.962124,2.047177
869195526.146476,2.097505
869195528.6843109,2.47227
869195531.011269,2.2804879999999996
869195533.459782,2.385801
869195535.8009729,2.286773
869195538.050535,2.197633
869195540.2202821,2.1033929999999996
869195542.4087579,2.116393
869195544.549369,2.073705
869195546.701764,2.098185
869195548.863593,2.110538
869195550.9900421,2.055932
869195553.0572569,2.01621
869195555.135718,2.028502
869195557.274348,2.075774
869195559.4046631,2.064848
869195561.560864,2.093901
869195563.6455209,2.0192259999999997
869195565.796486,2.1036900000000003
869195567.965924,2.12046
869195570.118383,2.087055
869195572.217604,2.049413
869195574.2451121,1.9620240000000002
869195576.594215,2.284089
869195578.778405,2.118254
869195580.863837,2.03742
869195583.185188,2.249347
869195585.496454,2.2485410000000003
869195587.567737,2.0056499999999997
869195589.5670121,1.936253
869195591.5130891,1.8803940000000001
869195593.707634,2.123377
869195596.0657821,2.28452
869195598.2051319,2.084546
869195600.400588,2.143579
869195602.649886,2.1950860000000003
869195604.924858,2.2121760000000004
869195607.223276,2.232453
869195609.383912,2.097219
869195611.3705801,1.921756
869195613.592366,2.180493
869195615.940094,2.282448
869195618.031533,2.0499810000000003
869195620.33847,2.241399
869195622.556385,2.151966
869195624.884356,2.265005
869195627.09599,2.131926
869195629.008288,1.8450090000000001
869195631.3475649,2.272737
869195633.463708,2.053191
869195635.828915,2.2995
869195638.109937,2.21819
869195640.379351,2.195471
869195642.686151,2.228517
869195644.9818931,2.2439769999999997
869195647.165468,2.117776
869195649.47253,2.243935
869195652.204075,2.665306
869195654.519677,2.249884
869195656.805961,2.2237530000000003
869195659.075516,2.203565
869195661.447574,2.308315
869195663.782677,2.268071
869195666.108437,2.2692379999999996
869195668.321576,2.147871
869195670.615006,2.2267799999999998
869195672.5897069,1.9122169999999998
869195674.8530741,2.213303
869195676.958204,2.042273
869195679.212716,2.204573
869195681.466048,2.1850720000000003
869195683.65958,2.143526
869195685.825138,2.102386
869195687.9921889,2.0975960000000002
869195690.3296549,2.2372210000000003
869195692.541818,2.1606870000000002
869195694.831158,2.2185550000000003
869195697.0504609,2.156141
869195699.34969,2.23297
869195701.702995,2.290815
869195704.044477,2.267566
869195706.115012,2.019969
869195707.984051,1.821474
869195709.9916861,1.9208770000000002
869195711.813898,1.756339
869195713.670301,1.752782
869195715.601704,1.881194
869195717.6309041,1.960829
869195719.699034,2.002834
869195721.7908621,2.044285
869195723.675499,1.834922
869195725.739385,2.001572
869195727.781315,1.992087
869195729.913023,2.068647
869195732.027021,2.048434
869195734.194121,2.098887
869195736.236477,1.979835
869195738.239055,1.936424
869195740.194725,1.914696
869195742.333299,2.095058
869195744.427315,2.031611
869195746.6658471,2.172353
869195748.84088,2.1120639999999997
869195751.0814891,2.186472
869195753.36576,2.2328959999999998
869195755.519804,2.099869
869195757.864416,2.293144
869195760.028072,2.109555
869195762.3745179,2.278242
869195764.628803,2.202633
869195766.878078,2.1947799999999997
869195769.1303719,2.189533
869195771.259483,2.0629139999999997
869195773.60124,2.2904489999999997
869195775.835906,2.180317
869195778.826046,2.927674
869195781.307036,2.4272539999999996
869195783.8390191,2.466363
869195786.356133,2.465588
869195788.669159,2.24092
869195790.9988639,2.2557699999999996
869195793.283894,2.228468
869195795.4569889,2.09606
869195797.789912,2.2700110000000002
869195800.144019,2.288156
869195802.2848799,2.08192
869195804.585624,2.253447
869195806.878464,2.2425689999999996
869195808.9545741,2.0132079999999997
869195810.960797,1.940837
869195813.203647,2.195488
869195815.549649,2.291997
869195817.887173,2.285226
869195820.128904,2.1878919999999997
869195822.291893,2.097023
869195824.5582141,2.2145200000000003
869195826.901203,2.2885470000000003
869195829.244124,2.279884
869195831.48314,2.173459
869195833.80744,2.273269
869195836.1204331,2.259189
869195838.356973,2.182582
869195840.718918,2.2908749999999998
869195843.0561999,2.282723
869195845.331163,2.223602
869195847.575031,2.173944
869195849.737806,2.1156669999999997
869195852.1711351,2.3833219999999997
869195854.319979,2.060463
869195856.702822,2.32767
869195859.116417,2.3474160000000004
869195861.485303,2.305929
869195863.631611,2.0808850000000003
869195865.9558929,2.268196
869195868.285798,2.264397
869195870.74086,2.388883
869195873.16072,2.357469
869195875.523587,2.2967690000000003
869195877.798855,2.212166
869195880.164197,2.299208
869195882.44569,2.215664
869195884.713461,2.204699
869195887.084176,2.304731
869195889.441375,2.294408
869195891.6649281,2.157369
869195893.973408,2.2455740000000004
869195896.1965001,2.157378
869195898.4502671,2.187974
869195900.622505,2.109797
869195903.069819,2.381145
869195905.589843,2.446203
869195908.1392801,2.495278
869195910.390952,2.197636
869195912.54064,2.087157
869195914.801657,2.2068499999999998
869195916.9846109,2.1198710000000003
869195919.0601281,2.0015739999999997
869195921.182255,2.0596609999999997
869195923.487738,2.2518070000000003
869195925.854699,2.3041400000000003
869195928.1560991,2.236027
869195930.559826,2.326799
869195932.870371,2.241547
869195935.022388,2.101958
869195937.142198,2.072183
869195939.2877691,2.079757
869195941.5945139,2.243722
869195943.770753,2.126582
869195945.99843,2.180206
869195948.3081671,2.235353
869195950.574945,2.212247
869195952.870592,2.244437
869195955.215627,2.279187
869195957.629155,2.350935
869195960.034512,2.351087
869195962.358851,2.268585
869195964.526999,2.105728
869195966.828644,2.235555
869195969.156349,2.264963
869195971.348428,2.098701
869195973.623129,2.212179
869195975.863101,2.185854
869195978.4379771,2.52311
869195980.850229,2.346509
869195983.181507,2.2653849999999998
869195985.346077,2.101674
869195987.54842,2.1365999999999996
869195989.7426449,2.130651
869195992.0949501,2.2868049999999998
869195994.3063589,2.161886
869195996.4514649,2.074366
869195998.638564,2.13282
869196000.993343,2.2914709999999996
869196003.301167,2.241945
869196005.490581,2.1265870000000002
869196007.797947,2.253194
869196010.053053,2.1918990000000003
869196012.395824,2.276897
869196014.602507,2.14078
869196016.869275,2.195643
869196019.204317,2.268647
869196021.602076,2.3350269999999997
869196023.7810531,2.113127
869196025.9680771,2.139298
869196028.9209701,2.887157
869196030.776954,1.805323
869196032.588981,1.7418310000000001
869196034.400833,1.761999
869196036.130401,1.666638
869196037.652785,1.472319
869196039.249258,1.532954
869196040.890118,1.5782450000000001
869196042.473084,1.5169219999999999
869196044.130474,1.594684
869196045.712538,1.516216
869196047.130735,1.355256
869196048.705392,1.51172
869196050.236073,1.46444
869196051.8074601,1.520112
869196053.38865,1.5296859999999999
869196054.9526141,1.509736
869196056.5030301,1.487926
869196057.903567,1.346347
869196059.4713451,1.516187
869196061.0731751,1.538783
869196062.7340981,1.584665
869196064.3283,1.5315260000000002
869196065.8962209,1.488004
869196067.4870399,1.527963
869196069.1277809,1.5864049999999998
869196070.7093,1.522518
869196072.330507,1.5645710000000002
869196073.910933,1.521044
869196075.346521,1.3787
869196076.840528,1.431379
869196078.436607,1.536386
869196080.090678,1.58271
869196081.681969,1.5252510000000001
869196083.2876481,1.542678
869196084.8461801,1.486247
869196086.222517,1.32199
869196087.784002,1.489785
869196089.322805,1.476367
869196090.829504,1.44072
869196092.424132,1.523731
869196094.047342,1.543508
869196095.597742,1.48792
869196097.106962,1.446277
869196098.512382,1.331019
869196099.8560029,1.291852
869196101.341121,1.4338529999999998
869196103.160702,1.753959
869196104.7933689,1.5422859999999998
869196106.416494,1.557126
869196107.969305,1.489935
869196109.593697,1.5364280000000001
869196111.1808931,1.5214880000000002
869196112.781921,1.537561
869196114.44391,1.595888
869196116.069877,1.5785420000000001
869196117.680914,1.544586
869196119.3220999,1.5784099999999999
869196120.987598,1.6026420000000001
869196122.525384,1.4654340000000001
869196124.164015,1.575464
869196125.701517,1.471805
869196127.25183,1.4935230000000002
869196128.847422,1.533032
869196130.3665969,1.45981
869196131.8621551,1.432645
869196133.519068,1.594203
869196135.090693,1.4939470000000001
869196136.632969,1.4657209999999998
869196138.278345,1.5791570000000001
869196139.876311,1.53513
869196141.536657,1.586278
869196143.098765,1.483517
869196144.684698,1.5121229999999999
869196146.1210829,1.370582
869196147.677693,1.4940579999999999
869196149.3001051,1.571254
869196150.845914,1.4793239999999999
869196152.9979299,2.08047
869196154.579764,1.5029819999999998
869196156.168594,1.526044
869196157.777425,1.542838
869196159.330461,1.47903
869196160.9289429,1.535355
869196162.4972,1.501641
869196164.152749,1.592518
869196165.806576,1.587927
869196167.4065211,1.537174
869196168.955002,1.4742819999999999
869196170.359227,1.320244
869196171.889756,1.4586729999999999
869196173.567537,1.6151609999999998
869196175.030479,1.397108
869196176.59199,1.489698
869196178.202315,1.544085
869196179.794878,1.5296319999999999
869196181.282758,1.4160620000000002
869196182.84927,1.4916449999999999
869196184.369851,1.4573889999999998
869196185.953615,1.517927
869196187.506153,1.501101
869196189.161764,1.601715
869196190.647778,1.42074
869196192.1803629,1.4812919999999998
869196194.160818,1.912497
869196195.7054551,1.493317
869196197.289224,1.531906
869196198.962591,1.6076389999999998
869196200.3768251,1.3512190000000002
869196201.91917,1.487918
869196203.498909,1.507957
869196205.107229,1.5221239999999998
869196206.548395,1.3748449999999999
869196208.153482,1.5531519999999999
869196209.717734,1.498104
869196211.267092,1.475204
869196212.886303,1.556504
869196214.41723,1.465181
869196215.987975,1.514409
869196217.374699,1.299906
869196218.90076,1.4608519999999998
869196220.238848,1.2815999999999999
869196221.695762,1.3909799999999999
869196223.1165149,1.369453
869196224.416175,1.2482140000000002
869196225.898211,1.416072
869196227.170679,1.201309
869196228.6546941,1.420703
869196230.109993,1.3894549999999999
869196231.554391,1.381787
869196233.053504,1.4369459999999998
869196234.444571,1.3449950000000002
869196235.7131951,1.205822
869196236.9259089,1.16836
869196238.186504,1.191546
869196239.392317,1.161996
869196240.753988,1.317947
869196242.247922,1.427845
869196243.6805431,1.361124
869196245.18086,1.437565
869196246.4378281,1.20252
869196247.927948,1.427484
869196249.3837191,1.393027
869196250.658563,1.2212589999999999
869196252.0850321,1.374989
869196253.39968,1.248909
869196254.595836,1.148664
869196256.0329211,1.389817
869196257.506647,1.404725
869196258.803923,1.234595
869196260.104892,1.2276909999999999
869196261.576609,1.4051470000000001
869196262.852175,1.212865
869196264.12551,1.2069349999999999
869196265.501753,1.310928
869196266.775881,1.226549
869196268.2320269,1.39344
869196269.6717091,1.373699
869196271.050384,1.316168
869196272.3178749,1.220666
869196273.5373,1.169729
869196274.8577,1.2574280000000002
869196276.241603,1.336021
869196278.048836,1.741434
869196279.7084349,1.5965230000000001
869196281.376367,1.5980619999999999
869196282.968438,1.542621
869196284.133106,1.117353
869196285.314484,1.1314140000000001
869196286.7728341,1.395675
869196287.9493641,1.1287980000000002
869196289.427055,1.388072
869196290.8764501,1.3719240000000001
869196292.351685,1.389095
869196293.6992279,1.288213
869196295.090052,1.328339
869196296.483461,1.330332
869196297.8836869,1.334397
869196299.271438,1.3243989999999999
869196300.691159,1.343167
869196302.1759111,1.4195550000000001
869196303.526224,1.287714
869196304.945906,1.372001
869196306.4392639,1.4269420000000002
869196307.881086,1.379332
869196309.432323,1.48489
869196310.90174,1.403167
869196312.410207,1.4387079999999999
869196314.044507,1.568161
869196315.561901,1.454561
869196317.1660321,1.541418
869196318.70073,1.4807430000000001
869196320.295508,1.523543
869196321.866486,1.504919
869196323.458198,1.528524
869196325.094612,1.5736269999999999
869196326.640558,1.486379
869196328.2613521,1.546872
869196329.87941,1.551593
869196331.481049,1.538688
869196333.108306,1.564666
869196334.715335,1.547127
869196336.2544459,1.4668560000000002
869196337.677081,1.344878
869196339.137453,1.408702
869196340.6995001,1.490156
869196342.200435,1.433197
869196343.808544,1.5367410000000001
869196345.209272,1.338655
869196346.5976491,1.334153
869196348.076722,1.4033419999999999
869196349.630496,1.484073
869196351.2071141,1.513924
869196352.813127,1.554501
869196354.427777,1.5485200000000001
869196356.059767,1.569078
869196357.694077,1.56767
869196359.3306379,1.57369
869196360.739639,1.345899
869196362.183516,1.378016
869196363.683028,1.452278
869196365.2674121,1.537074
869196366.813708,1.4771649999999998
869196368.201848,1.325805
869196369.578754,1.326957
869196371.18044,1.554078
869196372.642214,1.3985670000000001
869196374.0591689,1.339343
869196375.571721,1.438637
869196377.1840459,1.5496830000000001
869196378.791333,1.541094
869196380.426821,1.579336
869196382.044217,1.551583
869196383.661894,1.554871
869196385.265939,1.5410389999999998
869196386.904991,1.5730080000000002
869196388.4185,1.426322
869196390.04168,1.557261
869196391.645193,1.540321
869196393.306797,1.599008
869196394.950851,1.578431
869196396.578511,1.564468
869196398.0436031,1.398715
869196399.469864,1.374276
869196401.12331,1.590839
869196403.139253,1.9614770000000001
869196404.981493,1.779864
869196406.786344,1.750921
869196408.567543,1.729858
869196410.352414,1.7105650000000001
869196412.1800439,1.770918
869196413.637789,1.380868
869196414.9869659,1.286471
869196416.316096,1.256751
869196417.768894,1.386693
869196419.147438,1.30651
869196420.593075,1.371447
869196422.087589,1.428502
869196423.618083,1.478985
869196425.23373,1.54613
869196426.8575771,1.5578619999999999
869196428.4279829,1.507555
869196430.044933,1.550786
869196431.629102,1.521583
869196433.26869,1.576581
869196434.873026,1.529604
869196436.466061,1.530259
869196438.058584,1.525783
869196439.69974,1.578014
869196441.3586781,1.596017
869196443.0220059,1.597199
869196444.629454,1.5450080000000002
869196446.245312,1.549478
869196447.838872,1.530574
869196449.46549,1.564047
869196451.026455,1.495336
869196452.674542,1.5734139999999999
869196454.279119,1.526916
869196455.804656,1.462581
869196457.471683,1.604271
869196459.1153799,1.577884
869196460.752357,1.573925
