20260308-230933-1789 28861 * main            (server.cc:217):    Starting server.
20260308-230933-1794 28861 * main            (server.cc:335):    Creating a default paritioner!
20260308-230937-0235 28861 * main            (server.cc:513):    Done loading server.
20260308-230955-2169 28861 * SendRequest     (client.cc:201):    Sending client request with id 1 (shardtag=4294967297 predlist_size=0)
20260308-230955-2174 28861 * SendMessageToReplica (transportcommon.h:94): sending message to replica, len of replicaaddr is 3
20260308-230955-2174 28861 * SendMessageToReplica (transportcommon.h:97): key is 0, value is 441015728
20260308-230955-2174 28861 * SendMessageToReplica (transportcommon.h:97): key is 1, value is 441015728
20260308-230955-2175 28861 * SendMessageToReplica (transportcommon.h:97): key is 2, value is 441015728
20260308-230955-2176 28861 * SendMessageToReplica (transportcommon.h:94): sending message to replica, len of replicaaddr is 3
20260308-230955-2177 28861 * SendMessageToReplica (transportcommon.h:97): key is 0, value is 441015728
20260308-230955-2177 28861 * SendMessageToReplica (transportcommon.h:97): key is 1, value is 441015728
20260308-230955-2177 28861 * SendMessageToReplica (transportcommon.h:97): key is 2, value is 441015728
20260308-230955-2180 28861 * SendMessageToReplica (transportcommon.h:94): sending message to replica, len of replicaaddr is 3
20260308-230955-2181 28861 * SendMessageToReplica (transportcommon.h:97): key is 0, value is 441015760
20260308-230955-2181 28861 * SendMessageToReplica (transportcommon.h:97): key is 1, value is 441015760
20260308-230955-2181 28861 * SendMessageToReplica (transportcommon.h:97): key is 2, value is 441015760
20260308-230955-2187 28861 * InvokeHelper    (client.cc:139):    Sending CoordRequest: p=4294967297 s=1 to group=2 replica=2
20260308-230955-2188 28861 * SendMessageToReplica (transportcommon.h:94): sending message to replica, len of replicaaddr is 3
20260308-230955-2188 28861 * SendMessageToReplica (transportcommon.h:97): key is 0, value is 441015952
20260308-230955-2188 28861 * SendMessageToReplica (transportcommon.h:97): key is 1, value is 441015952
20260308-230955-2189 28861 * SendMessageToReplica (transportcommon.h:97): key is 2, value is 441015952
20260308-230955-2189 28861 * SendRequest     (client.cc:201):    Sending client request with id 2 (shardtag=1 predlist_size=1)
20260308-230955-2189 28861 * SendMessageToReplica (transportcommon.h:94): sending message to replica, len of replicaaddr is 3
20260308-230955-2190 28861 * SendMessageToReplica (transportcommon.h:97): key is 0, value is 441015744
20260308-230955-2190 28861 * SendMessageToReplica (transportcommon.h:97): key is 1, value is 441015744
20260308-230955-2190 28861 * SendMessageToReplica (transportcommon.h:97): key is 2, value is 441015744
20260308-230955-2191 28861 * SendMessageToReplica (transportcommon.h:94): sending message to replica, len of replicaaddr is 3
20260308-230955-2191 28861 * SendMessageToReplica (transportcommon.h:97): key is 0, value is 441015744
20260308-230955-2191 28861 * SendMessageToReplica (transportcommon.h:97): key is 1, value is 441015744
20260308-230955-2192 28861 * SendMessageToReplica (transportcommon.h:97): key is 2, value is 441015744
20260308-230955-2193 28861 * SendMessageToReplica (transportcommon.h:94): sending message to replica, len of replicaaddr is 3
20260308-230955-2194 28861 * SendMessageToReplica (transportcommon.h:97): key is 0, value is 441015760
20260308-230955-2194 28861 * SendMessageToReplica (transportcommon.h:97): key is 1, value is 441015760
20260308-230955-2194 28861 * SendMessageToReplica (transportcommon.h:97): key is 2, value is 441015760
20260308-230956-0241 28861 * InvokeHelper    (client.cc:139):    Sending CoordRequest: p=1 s=21474836481 to group=2 replica=2
20260308-230956-0242 28861 * SendMessageToReplica (transportcommon.h:94): sending message to replica, len of replicaaddr is 3
20260308-230956-0242 28861 * SendMessageToReplica (transportcommon.h:97): key is 0, value is 441015936
20260308-230956-0242 28861 * SendMessageToReplica (transportcommon.h:97): key is 1, value is 441015936
20260308-230956-0243 28861 * SendMessageToReplica (transportcommon.h:97): key is 2, value is 441015936
20260308-230956-0243 28861 * SendRequest     (client.cc:201):    Sending client request with id 3 (shardtag=21474836481 predlist_size=1)
20260308-230956-0244 28861 * SendMessageToReplica (transportcommon.h:94): sending message to replica, len of replicaaddr is 3
20260308-230956-0244 28861 * SendMessageToReplica (transportcommon.h:97): key is 0, value is 441015728
20260308-230956-0244 28861 * SendMessageToReplica (transportcommon.h:97): key is 1, value is 441015728
20260308-230956-0244 28861 * SendMessageToReplica (transportcommon.h:97): key is 2, value is 441015728
20260308-230956-0245 28861 * SendMessageToReplica (transportcommon.h:94): sending message to replica, len of replicaaddr is 3
20260308-230956-0245 28861 * SendMessageToReplica (transportcommon.h:97): key is 0, value is 441015728
20260308-230956-0245 28861 * SendMessageToReplica (transportcommon.h:97): key is 1, value is 441015728
20260308-230956-0246 28861 * SendMessageToReplica (transportcommon.h:97): key is 2, value is 441015728
20260308-230956-0248 28861 * SendMessageToReplica (transportcommon.h:94): sending message to replica, len of replicaaddr is 3
20260308-230956-0248 28861 * SendMessageToReplica (transportcommon.h:97): key is 0, value is 441015760
20260308-230956-0248 28861 * SendMessageToReplica (transportcommon.h:97): key is 1, value is 441015760
20260308-230956-0249 28861 * SendMessageToReplica (transportcommon.h:97): key is 2, value is 441015760
20260308-230956-0250 28861 * InvokeHelper    (client.cc:139):    Sending CoordRequest: p=21474836481 s=25769803777 to group=2 replica=2
20260308-230956-0250 28861 * SendMessageToReplica (transportcommon.h:94): sending message to replica, len of replicaaddr is 3
20260308-230956-0250 28861 * SendMessageToReplica (transportcommon.h:97): key is 0, value is 441015936
20260308-230956-0251 28861 * SendMessageToReplica (transportcommon.h:97): key is 1, value is 441015936
20260308-230956-0251 28861 * SendMessageToReplica (transportcommon.h:97): key is 2, value is 441015936
20260308-230956-0251 28861 * SendRequest     (client.cc:201):    Sending client request with id 4 (shardtag=25769803777 predlist_size=1)
20260308-230956-0252 28861 * SendMessageToReplica (transportcommon.h:94): sending message to replica, len of replicaaddr is 3
20260308-230956-0252 28861 * SendMessageToReplica (transportcommon.h:97): key is 0, value is 441015728
20260308-230956-0252 28861 * SendMessageToReplica (transportcommon.h:97): key is 1, value is 441015728
20260308-230956-0253 28861 * SendMessageToReplica (transportcommon.h:97): key is 2, value is 441015728
20260308-230956-0253 28861 * SendMessageToReplica (transportcommon.h:94): sending message to replica, len of replicaaddr is 3
20260308-230956-0253 28861 * SendMessageToReplica (transportcommon.h:97): key is 0, value is 441015728
20260308-230956-0254 28861 * SendMessageToReplica (transportcommon.h:97): key is 1, value is 441015728
20260308-230956-0254 28861 * SendMessageToReplica (transportcommon.h:97): key is 2, value is 441015728
20260308-230956-0256 28861 * SendMessageToReplica (transportcommon.h:94): sending message to replica, len of replicaaddr is 3
20260308-230956-0256 28861 * SendMessageToReplica (transportcommon.h:97): key is 0, value is 441015760
20260308-230956-0256 28861 * SendMessageToReplica (transportcommon.h:97): key is 1, value is 441015760
20260308-230956-0257 28861 * SendMessageToReplica (transportcommon.h:97): key is 2, value is 441015760
20260308-230956-4282 28861 * InvokeHelper    (client.cc:139):    Sending CoordRequest: p=25769803777 s=2 to group=2 replica=2
20260308-230956-4283 28861 * SendMessageToReplica (transportcommon.h:94): sending message to replica, len of replicaaddr is 3
20260308-230956-4283 28861 * SendMessageToReplica (transportcommon.h:97): key is 0, value is 441015952
20260308-230956-4284 28861 * SendMessageToReplica (transportcommon.h:97): key is 1, value is 441015952
20260308-230956-4284 28861 * SendMessageToReplica (transportcommon.h:97): key is 2, value is 441015952
20260308-230956-4285 28861 * SendRequest     (client.cc:201):    Sending client request with id 5 (shardtag=2 predlist_size=1)
20260308-230956-4285 28861 * SendMessageToReplica (transportcommon.h:94): sending message to replica, len of replicaaddr is 3
20260308-230956-4285 28861 * SendMessageToReplica (transportcommon.h:97): key is 0, value is 441015744
20260308-230956-4286 28861 * SendMessageToReplica (transportcommon.h:97): key is 1, value is 441015744
20260308-230956-4286 28861 * SendMessageToReplica (transportcommon.h:97): key is 2, value is 441015744
20260308-230956-4286 28861 * SendMessageToReplica (transportcommon.h:94): sending message to replica, len of replicaaddr is 3
20260308-230956-4286 28861 * SendMessageToReplica (transportcommon.h:97): key is 0, value is 441015744
20260308-230956-4287 28861 * SendMessageToReplica (transportcommon.h:97): key is 1, value is 441015744
20260308-230956-4287 28861 * SendMessageToReplica (transportcommon.h:97): key is 2, value is 441015744
20260308-230956-4288 28861 * InvokeHelper    (client.cc:139):    Sending CoordRequest: p=2 s=25769803778 to group=2 replica=2
20260308-230956-4288 28861 * SendMessageToReplica (transportcommon.h:94): sending message to replica, len of replicaaddr is 3
20260308-230956-4289 28861 * SendMessageToReplica (transportcommon.h:97): key is 0, value is 441015936
20260308-230956-4289 28861 * SendMessageToReplica (transportcommon.h:97): key is 1, value is 441015936
20260308-230956-4289 28861 * SendMessageToReplica (transportcommon.h:97): key is 2, value is 441015936
20260308-230956-4290 28861 * SendRequest     (client.cc:201):    Sending client request with id 6 (shardtag=25769803778 predlist_size=1)
20260308-230956-4290 28861 * SendMessageToReplica (transportcommon.h:94): sending message to replica, len of replicaaddr is 3
20260308-230956-4290 28861 * SendMessageToReplica (transportcommon.h:97): key is 0, value is 441015728
20260308-230956-4291 28861 * SendMessageToReplica (transportcommon.h:97): key is 1, value is 441015728
20260308-230956-4291 28861 * SendMessageToReplica (transportcommon.h:97): key is 2, value is 441015728
20260308-230956-4291 28861 * SendMessageToReplica (transportcommon.h:94): sending message to replica, len of replicaaddr is 3
20260308-230956-4291 28861 * SendMessageToReplica (transportcommon.h:97): key is 0, value is 441015728
20260308-230956-4292 28861 * SendMessageToReplica (transportcommon.h:97): key is 1, value is 441015728
20260308-230956-4292 28861 * SendMessageToReplica (transportcommon.h:97): key is 2, value is 441015728
20260308-230956-4294 28861 * SendMessageToReplica (transportcommon.h:94): sending message to replica, len of replicaaddr is 3
20260308-230956-4294 28861 * SendMessageToReplica (transportcommon.h:97): key is 0, value is 441015760
20260308-230956-4295 28861 * SendMessageToReplica (transportcommon.h:97): key is 1, value is 441015760
20260308-230956-4295 28861 * SendMessageToReplica (transportcommon.h:97): key is 2, value is 441015760
20260308-230956-4296 28861 * SendMessageToReplica (transportcommon.h:94): sending message to replica, len of replicaaddr is 3
20260308-230956-4296 28861 * SendMessageToReplica (transportcommon.h:97): key is 0, value is 441015760
20260308-230956-4296 28861 * SendMessageToReplica (transportcommon.h:97): key is 1, value is 441015760
20260308-230956-4297 28861 * SendMessageToReplica (transportcommon.h:97): key is 2, value is 441015760
20260308-230956-4321 28861 * InvokeHelper    (client.cc:139):    Sending CoordRequest: p=25769803778 s=8589934593 to group=2 replica=2
20260308-230956-4322 28861 * SendMessageToReplica (transportcommon.h:94): sending message to replica, len of replicaaddr is 3
20260308-230956-4322 28861 * SendMessageToReplica (transportcommon.h:97): key is 0, value is 441015936
20260308-230956-4323 28861 * SendMessageToReplica (transportcommon.h:97): key is 1, value is 441015936
20260308-230956-4323 28861 * SendMessageToReplica (transportcommon.h:97): key is 2, value is 441015936
20260308-230956-4324 28861 * SendRequest     (client.cc:201):    Sending client request with id 7 (shardtag=8589934593 predlist_size=1)
20260308-230956-4324 28861 * SendMessageToReplica (transportcommon.h:94): sending message to replica, len of replicaaddr is 3
20260308-230956-4324 28861 * SendMessageToReplica (transportcommon.h:97): key is 0, value is 441015728
20260308-230956-4325 28861 * SendMessageToReplica (transportcommon.h:97): key is 1, value is 441015728
20260308-230956-4325 28861 * SendMessageToReplica (transportcommon.h:97): key is 2, value is 441015728
20260308-230956-4325 28861 * SendMessageToReplica (transportcommon.h:94): sending message to replica, len of replicaaddr is 3
20260308-230956-4326 28861 * SendMessageToReplica (transportcommon.h:97): key is 0, value is 441015728
20260308-230956-4326 28861 * SendMessageToReplica (transportcommon.h:97): key is 1, value is 441015728
20260308-230956-4326 28861 * SendMessageToReplica (transportcommon.h:97): key is 2, value is 441015728
20260308-230956-4328 28861 * SendMessageToReplica (transportcommon.h:94): sending message to replica, len of replicaaddr is 3
20260308-230956-4328 28861 * SendMessageToReplica (transportcommon.h:97): key is 0, value is 441015760
20260308-230956-4329 28861 * SendMessageToReplica (transportcommon.h:97): key is 1, value is 441015760
20260308-230956-4329 28861 * SendMessageToReplica (transportcommon.h:97): key is 2, value is 441015760
20260308-230956-8288 28861 * InvokeHelper    (client.cc:139):    Sending CoordRequest: p=8589934593 s=30064771073 to group=2 replica=2
20260308-230956-8289 28861 * SendMessageToReplica (transportcommon.h:94): sending message to replica, len of replicaaddr is 3
20260308-230956-8289 28861 * SendMessageToReplica (transportcommon.h:97): key is 0, value is 441015936
20260308-230956-8290 28861 * SendMessageToReplica (transportcommon.h:97): key is 1, value is 441015936
20260308-230956-8290 28861 * SendMessageToReplica (transportcommon.h:97): key is 2, value is 441015936
20260308-230956-8291 28861 * SendRequest     (client.cc:201):    Sending client request with id 8 (shardtag=30064771073 predlist_size=1)
20260308-230956-8291 28861 * SendMessageToReplica (transportcommon.h:94): sending message to replica, len of replicaaddr is 3
20260308-230956-8291 28861 * SendMessageToReplica (transportcommon.h:97): key is 0, value is 441015728
20260308-230956-8291 28861 * SendMessageToReplica (transportcommon.h:97): key is 1, value is 441015728
20260308-230956-8292 28861 * SendMessageToReplica (transportcommon.h:97): key is 2, value is 441015728
20260308-230956-8292 28861 * SendMessageToReplica (transportcommon.h:94): sending message to replica, len of replicaaddr is 3
20260308-230956-8292 28861 * SendMessageToReplica (transportcommon.h:97): key is 0, value is 441015728
20260308-230956-8293 28861 * SendMessageToReplica (transportcommon.h:97): key is 1, value is 441015728
20260308-230956-8293 28861 * SendMessageToReplica (transportcommon.h:97): key is 2, value is 441015728
20260308-230956-8295 28861 * SendMessageToReplica (transportcommon.h:94): sending message to replica, len of replicaaddr is 3
20260308-230956-8295 28861 * SendMessageToReplica (transportcommon.h:97): key is 0, value is 441015760
20260308-230956-8296 28861 * SendMessageToReplica (transportcommon.h:97): key is 1, value is 441015760
20260308-230956-8296 28861 * SendMessageToReplica (transportcommon.h:97): key is 2, value is 441015760
20260308-230956-8323 28861 * InvokeHelper    (client.cc:139):    Sending CoordRequest: p=30064771073 s=4294967298 to group=2 replica=2
20260308-230956-8323 28861 * SendMessageToReplica (transportcommon.h:94): sending message to replica, len of replicaaddr is 3
20260308-230956-8324 28861 * SendMessageToReplica (transportcommon.h:97): key is 0, value is 441015936
20260308-230956-8324 28861 * SendMessageToReplica (transportcommon.h:97): key is 1, value is 441015936
20260308-230956-8324 28861 * SendMessageToReplica (transportcommon.h:97): key is 2, value is 441015936
20260308-230956-8325 28861 * SendRequest     (client.cc:201):    Sending client request with id 9 (shardtag=4294967298 predlist_size=1)
20260308-230956-8325 28861 * SendMessageToReplica (transportcommon.h:94): sending message to replica, len of replicaaddr is 3
20260308-230956-8326 28861 * SendMessageToReplica (transportcommon.h:97): key is 0, value is 441015728
20260308-230956-8326 28861 * SendMessageToReplica (transportcommon.h:97): key is 1, value is 441015728
20260308-230956-8326 28861 * SendMessageToReplica (transportcommon.h:97): key is 2, value is 441015728
20260308-230956-8327 28861 * SendMessageToReplica (transportcommon.h:94): sending message to replica, len of replicaaddr is 3
20260308-230956-8327 28861 * SendMessageToReplica (transportcommon.h:97): key is 0, value is 441015728
20260308-230956-8327 28861 * SendMessageToReplica (transportcommon.h:97): key is 1, value is 441015728
20260308-230956-8328 28861 * SendMessageToReplica (transportcommon.h:97): key is 2, value is 441015728
20260308-230956-8329 28861 * InvokeHelper    (client.cc:139):    Sending CoordRequest: p=4294967298 s=21474836482 to group=2 replica=2
20260308-230956-8329 28861 * SendMessageToReplica (transportcommon.h:94): sending message to replica, len of replicaaddr is 3
20260308-230956-8330 28861 * SendMessageToReplica (transportcommon.h:97): key is 0, value is 441015936
20260308-230956-8330 28861 * SendMessageToReplica (transportcommon.h:97): key is 1, value is 441015936
20260308-230956-8330 28861 * SendMessageToReplica (transportcommon.h:97): key is 2, value is 441015936
20260308-230956-8331 28861 * SendRequest     (client.cc:201):    Sending client request with id 10 (shardtag=21474836482 predlist_size=1)
20260308-230956-8331 28861 * SendMessageToReplica (transportcommon.h:94): sending message to replica, len of replicaaddr is 3
20260308-230956-8331 28861 * SendMessageToReplica (transportcommon.h:97): key is 0, value is 441015728
20260308-230956-8332 28861 * SendMessageToReplica (transportcommon.h:97): key is 1, value is 441015728
20260308-230956-8332 28861 * SendMessageToReplica (transportcommon.h:97): key is 2, value is 441015728
20260308-230956-8332 28861 * SendMessageToReplica (transportcommon.h:94): sending message to replica, len of replicaaddr is 3
20260308-230956-8332 28861 * SendMessageToReplica (transportcommon.h:97): key is 0, value is 441015728
20260308-230956-8333 28861 * SendMessageToReplica (transportcommon.h:97): key is 1, value is 441015728
20260308-230956-8333 28861 * SendMessageToReplica (transportcommon.h:97): key is 2, value is 441015728
20260308-230956-8335 28861 * SendMessageToReplica (transportcommon.h:94): sending message to replica, len of replicaaddr is 3
20260308-230956-8335 28861 * SendMessageToReplica (transportcommon.h:97): key is 0, value is 441015760
20260308-230956-8335 28861 * SendMessageToReplica (transportcommon.h:97): key is 1, value is 441015760
20260308-230956-8336 28861 * SendMessageToReplica (transportcommon.h:97): key is 2, value is 441015760
20260308-230956-8337 28861 * SendMessageToReplica (transportcommon.h:94): sending message to replica, len of replicaaddr is 3
20260308-230956-8337 28861 * SendMessageToReplica (transportcommon.h:97): key is 0, value is 441015760
20260308-230956-8337 28861 * SendMessageToReplica (transportcommon.h:97): key is 1, value is 441015760
20260308-230956-8338 28861 * SendMessageToReplica (transportcommon.h:97): key is 2, value is 441015760
20260308-230957-2362 28861 * InvokeHelper    (client.cc:139):    Sending CoordRequest: p=21474836482 s=3 to group=2 replica=2
20260308-230957-2363 28861 * SendMessageToReplica (transportcommon.h:94): sending message to replica, len of replicaaddr is 3
20260308-230957-2363 28861 * SendMessageToReplica (transportcommon.h:97): key is 0, value is 441015952
20260308-230957-2363 28861 * SendMessageToReplica (transportcommon.h:97): key is 1, value is 441015952
20260308-230957-2364 28861 * SendMessageToReplica (transportcommon.h:97): key is 2, value is 441015952
20260308-230957-2364 28861 * SendRequest     (client.cc:201):    Sending client request with id 11 (shardtag=3 predlist_size=1)
20260308-230957-2365 28861 * SendMessageToReplica (transportcommon.h:94): sending message to replica, len of replicaaddr is 3
20260308-230957-2365 28861 * SendMessageToReplica (transportcommon.h:97): key is 0, value is 441015744
20260308-230957-2365 28861 * SendMessageToReplica (transportcommon.h:97): key is 1, value is 441015744
20260308-230957-2366 28861 * SendMessageToReplica (transportcommon.h:97): key is 2, value is 441015744
20260308-230957-2366 28861 * SendMessageToReplica (transportcommon.h:94): sending message to replica, len of replicaaddr is 3
20260308-230957-2366 28861 * SendMessageToReplica (transportcommon.h:97): key is 0, value is 441015744
20260308-230957-2367 28861 * SendMessageToReplica (transportcommon.h:97): key is 1, value is 441015744
20260308-230957-2367 28861 * SendMessageToReplica (transportcommon.h:97): key is 2, value is 441015744
20260308-230957-2369 28861 * SendMessageToReplica (transportcommon.h:94): sending message to replica, len of replicaaddr is 3
20260308-230957-2369 28861 * SendMessageToReplica (transportcommon.h:97): key is 0, value is 441015760
20260308-230957-2369 28861 * SendMessageToReplica (transportcommon.h:97): key is 1, value is 441015760
20260308-230957-2370 28861 * SendMessageToReplica (transportcommon.h:97): key is 2, value is 441015760
20260308-230957-2393 28861 * InvokeHelper    (client.cc:139):    Sending CoordRequest: p=3 s=17179869185 to group=2 replica=2
20260308-230957-2394 28861 * SendMessageToReplica (transportcommon.h:94): sending message to replica, len of replicaaddr is 3
20260308-230957-2394 28861 * SendMessageToReplica (transportcommon.h:97): key is 0, value is 441015936
20260308-230957-2394 28861 * SendMessageToReplica (transportcommon.h:97): key is 1, value is 441015936
20260308-230957-2395 28861 * SendMessageToReplica (transportcommon.h:97): key is 2, value is 441015936
20260308-230957-2395 28861 * SendRequest     (client.cc:201):    Sending client request with id 12 (shardtag=17179869185 predlist_size=1)
20260308-230957-2396 28861 * SendMessageToReplica (transportcommon.h:94): sending message to replica, len of replicaaddr is 3
20260308-230957-2396 28861 * SendMessageToReplica (transportcommon.h:97): key is 0, value is 441015728
20260308-230957-2396 28861 * SendMessageToReplica (transportcommon.h:97): key is 1, value is 441015728
20260308-230957-2396 28861 * SendMessageToReplica (transportcommon.h:97): key is 2, value is 441015728
20260308-230957-2397 28861 * SendMessageToReplica (transportcommon.h:94): sending message to replica, len of replicaaddr is 3
20260308-230957-2397 28861 * SendMessageToReplica (transportcommon.h:97): key is 0, value is 441015728
20260308-230957-2397 28861 * SendMessageToReplica (transportcommon.h:97): key is 1, value is 441015728
20260308-230957-2398 28861 * SendMessageToReplica (transportcommon.h:97): key is 2, value is 441015728
20260308-230957-2399 28861 * SendMessageToReplica (transportcommon.h:94): sending message to replica, len of replicaaddr is 3
20260308-230957-2400 28861 * SendMessageToReplica (transportcommon.h:97): key is 0, value is 441015760
20260308-230957-2400 28861 * SendMessageToReplica (transportcommon.h:97): key is 1, value is 441015760
20260308-230957-2401 28861 * SendMessageToReplica (transportcommon.h:97): key is 2, value is 441015760
20260308-230957-2409 28861 * InvokeHelper    (client.cc:139):    Sending CoordRequest: p=17179869185 s=8589934594 to group=2 replica=2
20260308-230957-2410 28861 * SendMessageToReplica (transportcommon.h:94): sending message to replica, len of replicaaddr is 3
20260308-230957-2410 28861 * SendMessageToReplica (transportcommon.h:97): key is 0, value is 441015936
20260308-230957-2411 28861 * SendMessageToReplica (transportcommon.h:97): key is 1, value is 441015936
20260308-230957-2411 28861 * SendMessageToReplica (transportcommon.h:97): key is 2, value is 441015936
20260308-230957-2411 28861 * SendRequest     (client.cc:201):    Sending client request with id 13 (shardtag=8589934594 predlist_size=1)
20260308-230957-2412 28861 * SendMessageToReplica (transportcommon.h:94): sending message to replica, len of replicaaddr is 3
20260308-230957-2412 28861 * SendMessageToReplica (transportcommon.h:97): key is 0, value is 441015728
20260308-230957-2413 28861 * SendMessageToReplica (transportcommon.h:97): key is 1, value is 441015728
20260308-230957-2413 28861 * SendMessageToReplica (transportcommon.h:97): key is 2, value is 441015728
20260308-230957-2413 28861 * SendMessageToReplica (transportcommon.h:94): sending message to replica, len of replicaaddr is 3
20260308-230957-2413 28861 * SendMessageToReplica (transportcommon.h:97): key is 0, value is 441015728
20260308-230957-2414 28861 * SendMessageToReplica (transportcommon.h:97): key is 1, value is 441015728
20260308-230957-2414 28861 * SendMessageToReplica (transportcommon.h:97): key is 2, value is 441015728
20260308-230957-2416 28861 * SendMessageToReplica (transportcommon.h:94): sending message to replica, len of replicaaddr is 3
20260308-230957-2416 28861 * SendMessageToReplica (transportcommon.h:97): key is 0, value is 441015760
20260308-230957-2417 28861 * SendMessageToReplica (transportcommon.h:97): key is 1, value is 441015760
20260308-230957-2417 28861 * SendMessageToReplica (transportcommon.h:97): key is 2, value is 441015760
20260308-230957-6372 28861 * InvokeHelper    (client.cc:139):    Sending CoordRequest: p=8589934594 s=30064771074 to group=2 replica=2
20260308-230957-6373 28861 * SendMessageToReplica (transportcommon.h:94): sending message to replica, len of replicaaddr is 3
20260308-230957-6373 28861 * SendMessageToReplica (transportcommon.h:97): key is 0, value is 441015936
20260308-230957-6373 28861 * SendMessageToReplica (transportcommon.h:97): key is 1, value is 441015936
20260308-230957-6374 28861 * SendMessageToReplica (transportcommon.h:97): key is 2, value is 441015936
20260308-230957-6374 28861 * SendRequest     (client.cc:201):    Sending client request with id 14 (shardtag=30064771074 predlist_size=1)
20260308-230957-6375 28861 * SendMessageToReplica (transportcommon.h:94): sending message to replica, len of replicaaddr is 3
20260308-230957-6375 28861 * SendMessageToReplica (transportcommon.h:97): key is 0, value is 441015728
20260308-230957-6375 28861 * SendMessageToReplica (transportcommon.h:97): key is 1, value is 441015728
20260308-230957-6376 28861 * SendMessageToReplica (transportcommon.h:97): key is 2, value is 441015728
20260308-230957-6376 28861 * SendMessageToReplica (transportcommon.h:94): sending message to replica, len of replicaaddr is 3
20260308-230957-6376 28861 * SendMessageToReplica (transportcommon.h:97): key is 0, value is 441015728
20260308-230957-6377 28861 * SendMessageToReplica (transportcommon.h:97): key is 1, value is 441015728
20260308-230957-6377 28861 * SendMessageToReplica (transportcommon.h:97): key is 2, value is 441015728
20260308-230957-6379 28861 * SendMessageToReplica (transportcommon.h:94): sending message to replica, len of replicaaddr is 3
20260308-230957-6379 28861 * SendMessageToReplica (transportcommon.h:97): key is 0, value is 441015760
20260308-230957-6379 28861 * SendMessageToReplica (transportcommon.h:97): key is 1, value is 441015760
20260308-230957-6380 28861 * SendMessageToReplica (transportcommon.h:97): key is 2, value is 441015760
20260308-230957-6412 28861 * InvokeHelper    (client.cc:139):    Sending CoordRequest: p=30064771074 s=4 to group=2 replica=2
20260308-230957-6412 28861 * SendMessageToReplica (transportcommon.h:94): sending message to replica, len of replicaaddr is 3
20260308-230957-6412 28861 * SendMessageToReplica (transportcommon.h:97): key is 0, value is 441015952
20260308-230957-6413 28861 * SendMessageToReplica (transportcommon.h:97): key is 1, value is 441015952
20260308-230957-6413 28861 * SendMessageToReplica (transportcommon.h:97): key is 2, value is 441015952
20260308-230957-6414 28861 * SendRequest     (client.cc:201):    Sending client request with id 15 (shardtag=4 predlist_size=1)
20260308-230957-6414 28861 * SendMessageToReplica (transportcommon.h:94): sending message to replica, len of replicaaddr is 3
20260308-230957-6414 28861 * SendMessageToReplica (transportcommon.h:97): key is 0, value is 441015744
20260308-230957-6415 28861 * SendMessageToReplica (transportcommon.h:97): key is 1, value is 441015744
20260308-230957-6415 28861 * SendMessageToReplica (transportcommon.h:97): key is 2, value is 441015744
20260308-230957-6415 28861 * SendMessageToReplica (transportcommon.h:94): sending message to replica, len of replicaaddr is 3
20260308-230957-6416 28861 * SendMessageToReplica (transportcommon.h:97): key is 0, value is 441015744
20260308-230957-6416 28861 * SendMessageToReplica (transportcommon.h:97): key is 1, value is 441015744
20260308-230957-6416 28861 * SendMessageToReplica (transportcommon.h:97): key is 2, value is 441015744
20260308-230957-6418 28861 * SendMessageToReplica (transportcommon.h:94): sending message to replica, len of replicaaddr is 3
20260308-230957-6419 28861 * SendMessageToReplica (transportcommon.h:97): key is 0, value is 441015760
20260308-230957-6419 28861 * SendMessageToReplica (transportcommon.h:97): key is 1, value is 441015760
20260308-230957-6419 28861 * SendMessageToReplica (transportcommon.h:97): key is 2, value is 441015760
20260308-230957-6420 28861 * InvokeHelper    (client.cc:139):    Sending CoordRequest: p=4 s=21474836483 to group=2 replica=2
20260308-230957-6421 28861 * SendMessageToReplica (transportcommon.h:94): sending message to replica, len of replicaaddr is 3
20260308-230957-6421 28861 * SendMessageToReplica (transportcommon.h:97): key is 0, value is 441015936
20260308-230957-6421 28861 * SendMessageToReplica (transportcommon.h:97): key is 1, value is 441015936
20260308-230957-6421 28861 * SendMessageToReplica (transportcommon.h:97): key is 2, value is 441015936
20260308-230957-6422 28861 * SendRequest     (client.cc:201):    Sending client request with id 16 (shardtag=21474836483 predlist_size=1)
20260308-230957-6422 28861 * SendMessageToReplica (transportcommon.h:94): sending message to replica, len of replicaaddr is 3
20260308-230957-6423 28861 * SendMessageToReplica (transportcommon.h:97): key is 0, value is 441015728
20260308-230957-6423 28861 * SendMessageToReplica (transportcommon.h:97): key is 1, value is 441015728
20260308-230957-6423 28861 * SendMessageToReplica (transportcommon.h:97): key is 2, value is 441015728
20260308-230957-6423 28861 * SendMessageToReplica (transportcommon.h:94): sending message to replica, len of replicaaddr is 3
20260308-230957-6424 28861 * SendMessageToReplica (transportcommon.h:97): key is 0, value is 441015728
20260308-230957-6424 28861 * SendMessageToReplica (transportcommon.h:97): key is 1, value is 441015728
20260308-230957-6424 28861 * SendMessageToReplica (transportcommon.h:97): key is 2, value is 441015728
20260308-230957-6426 28861 * SendMessageToReplica (transportcommon.h:94): sending message to replica, len of replicaaddr is 3
20260308-230957-6426 28861 * SendMessageToReplica (transportcommon.h:97): key is 0, value is 441015760
20260308-230957-6427 28861 * SendMessageToReplica (transportcommon.h:97): key is 1, value is 441015760
20260308-230957-6427 28861 * SendMessageToReplica (transportcommon.h:97): key is 2, value is 441015760
20260308-230957-6428 28861 * InvokeHelper    (client.cc:139):    Sending CoordRequest: p=21474836483 s=25769803779 to group=2 replica=2
20260308-230957-6428 28861 * SendMessageToReplica (transportcommon.h:94): sending message to replica, len of replicaaddr is 3
20260308-230957-6429 28861 * SendMessageToReplica (transportcommon.h:97): key is 0, value is 441015936
20260308-230957-6429 28861 * SendMessageToReplica (transportcommon.h:97): key is 1, value is 441015936
20260308-230957-6429 28861 * SendMessageToReplica (transportcommon.h:97): key is 2, value is 441015936
20260308-230957-6430 28861 * SendRequest     (client.cc:201):    Sending client request with id 17 (shardtag=25769803779 predlist_size=1)
20260308-230957-6430 28861 * SendMessageToReplica (transportcommon.h:94): sending message to replica, len of replicaaddr is 3
20260308-230957-6431 28861 * SendMessageToReplica (transportcommon.h:97): key is 0, value is 441015728
20260308-230957-6431 28861 * SendMessageToReplica (transportcommon.h:97): key is 1, value is 441015728
20260308-230957-6431 28861 * SendMessageToReplica (transportcommon.h:97): key is 2, value is 441015728
20260308-230957-6432 28861 * SendMessageToReplica (transportcommon.h:94): sending message to replica, len of replicaaddr is 3
20260308-230957-6432 28861 * SendMessageToReplica (transportcommon.h:97): key is 0, value is 441015728
20260308-230957-6432 28861 * SendMessageToReplica (transportcommon.h:97): key is 1, value is 441015728
20260308-230957-6432 28861 * SendMessageToReplica (transportcommon.h:97): key is 2, value is 441015728
20260308-230957-6434 28861 * SendMessageToReplica (transportcommon.h:94): sending message to replica, len of replicaaddr is 3
20260308-230957-6435 28861 * SendMessageToReplica (transportcommon.h:97): key is 0, value is 441015760
20260308-230957-6435 28861 * SendMessageToReplica (transportcommon.h:97): key is 1, value is 441015760
20260308-230957-6435 28861 * SendMessageToReplica (transportcommon.h:97): key is 2, value is 441015760
20260308-230958-0402 28861 * InvokeHelper    (client.cc:139):    Sending CoordRequest: p=25769803779 s=30064771075 to group=2 replica=2
20260308-230958-0403 28861 * SendMessageToReplica (transportcommon.h:94): sending message to replica, len of replicaaddr is 3
20260308-230958-0403 28861 * SendMessageToReplica (transportcommon.h:97): key is 0, value is 441015936
20260308-230958-0403 28861 * SendMessageToReplica (transportcommon.h:97): key is 1, value is 441015936
20260308-230958-0403 28861 * SendMessageToReplica (transportcommon.h:97): key is 2, value is 441015936
20260308-230958-0404 28861 * SendRequest     (client.cc:201):    Sending client request with id 18 (shardtag=30064771075 predlist_size=1)
20260308-230958-0405 28861 * SendMessageToReplica (transportcommon.h:94): sending message to replica, len of replicaaddr is 3
20260308-230958-0405 28861 * SendMessageToReplica (transportcommon.h:97): key is 0, value is 441015728
20260308-230958-0405 28861 * SendMessageToReplica (transportcommon.h:97): key is 1, value is 441015728
20260308-230958-0405 28861 * SendMessageToReplica (transportcommon.h:97): key is 2, value is 441015728
20260308-230958-0406 28861 * SendMessageToReplica (transportcommon.h:94): sending message to replica, len of replicaaddr is 3
20260308-230958-0406 28861 * SendMessageToReplica (transportcommon.h:97): key is 0, value is 441015728
20260308-230958-0406 28861 * SendMessageToReplica (transportcommon.h:97): key is 1, value is 441015728
20260308-230958-0407 28861 * SendMessageToReplica (transportcommon.h:97): key is 2, value is 441015728
20260308-230958-0408 28861 * SendMessageToReplica (transportcommon.h:94): sending message to replica, len of replicaaddr is 3
20260308-230958-0409 28861 * SendMessageToReplica (transportcommon.h:97): key is 0, value is 441015760
20260308-230958-0409 28861 * SendMessageToReplica (transportcommon.h:97): key is 1, value is 441015760
20260308-230958-0409 28861 * SendMessageToReplica (transportcommon.h:97): key is 2, value is 441015760
20260308-230958-4446 28861 * InvokeHelper    (client.cc:139):    Sending CoordRequest: p=30064771075 s=30064771076 to group=2 replica=2
20260308-230958-4447 28861 * SendMessageToReplica (transportcommon.h:94): sending message to replica, len of replicaaddr is 3
20260308-230958-4447 28861 * SendMessageToReplica (transportcommon.h:97): key is 0, value is 441015936
20260308-230958-4447 28861 * SendMessageToReplica (transportcommon.h:97): key is 1, value is 441015936
20260308-230958-4447 28861 * SendMessageToReplica (transportcommon.h:97): key is 2, value is 441015936
20260308-230958-4448 28861 * SendRequest     (client.cc:201):    Sending client request with id 19 (shardtag=30064771076 predlist_size=1)
20260308-230958-4448 28861 * SendMessageToReplica (transportcommon.h:94): sending message to replica, len of replicaaddr is 3
20260308-230958-4449 28861 * SendMessageToReplica (transportcommon.h:97): key is 0, value is 441015728
20260308-230958-4449 28861 * SendMessageToReplica (transportcommon.h:97): key is 1, value is 441015728
20260308-230958-4449 28861 * SendMessageToReplica (transportcommon.h:97): key is 2, value is 441015728
20260308-230958-4450 28861 * SendMessageToReplica (transportcommon.h:94): sending message to replica, len of replicaaddr is 3
20260308-230958-4450 28861 * SendMessageToReplica (transportcommon.h:97): key is 0, value is 441015728
20260308-230958-4450 28861 * SendMessageToReplica (transportcommon.h:97): key is 1, value is 441015728
20260308-230958-4451 28861 * SendMessageToReplica (transportcommon.h:97): key is 2, value is 441015728
20260308-230958-4452 28861 * SendMessageToReplica (transportcommon.h:94): sending message to replica, len of replicaaddr is 3
20260308-230958-4453 28861 * SendMessageToReplica (transportcommon.h:97): key is 0, value is 441015760
20260308-230958-4453 28861 * SendMessageToReplica (transportcommon.h:97): key is 1, value is 441015760
20260308-230958-4453 28861 * SendMessageToReplica (transportcommon.h:97): key is 2, value is 441015760
20260308-230958-4533 28861 * InvokeHelper    (client.cc:139):    Sending CoordRequest: p=30064771076 s=25769803780 to group=2 replica=2
20260308-230958-4534 28861 * SendMessageToReplica (transportcommon.h:94): sending message to replica, len of replicaaddr is 3
20260308-230958-4534 28861 * SendMessageToReplica (transportcommon.h:97): key is 0, value is 441015936
20260308-230958-4535 28861 * SendMessageToReplica (transportcommon.h:97): key is 1, value is 441015936
20260308-230958-4535 28861 * SendMessageToReplica (transportcommon.h:97): key is 2, value is 441015936
20260308-230958-4536 28861 * SendRequest     (client.cc:201):    Sending client request with id 20 (shardtag=25769803780 predlist_size=1)
20260308-230958-4536 28861 * SendMessageToReplica (transportcommon.h:94): sending message to replica, len of replicaaddr is 3
20260308-230958-4536 28861 * SendMessageToReplica (transportcommon.h:97): key is 0, value is 441015728
20260308-230958-4537 28861 * SendMessageToReplica (transportcommon.h:97): key is 1, value is 441015728
20260308-230958-4537 28861 * SendMessageToReplica (transportcommon.h:97): key is 2, value is 441015728
20260308-230958-4537 28861 * SendMessageToReplica (transportcommon.h:94): sending message to replica, len of replicaaddr is 3
20260308-230958-4538 28861 * SendMessageToReplica (transportcommon.h:97): key is 0, value is 441015728
20260308-230958-4538 28861 * SendMessageToReplica (transportcommon.h:97): key is 1, value is 441015728
20260308-230958-4538 28861 * SendMessageToReplica (transportcommon.h:97): key is 2, value is 441015728
20260308-230958-4540 28861 * SendMessageToReplica (transportcommon.h:94): sending message to replica, len of replicaaddr is 3
20260308-230958-4540 28861 * SendMessageToReplica (transportcommon.h:97): key is 0, value is 441015760
20260308-230958-4541 28861 * SendMessageToReplica (transportcommon.h:97): key is 1, value is 441015760
20260308-230958-4541 28861 * SendMessageToReplica (transportcommon.h:97): key is 2, value is 441015760
20260308-230959-2592 28861 * InvokeHelper    (client.cc:139):    Sending CoordRequest: p=25769803780 s=21474836484 to group=2 replica=2
20260308-230959-2592 28861 * SendMessageToReplica (transportcommon.h:94): sending message to replica, len of replicaaddr is 3
20260308-230959-2592 28861 * SendMessageToReplica (transportcommon.h:97): key is 0, value is 441015936
20260308-230959-2593 28861 * SendMessageToReplica (transportcommon.h:97): key is 1, value is 441015936
20260308-230959-2593 28861 * SendMessageToReplica (transportcommon.h:97): key is 2, value is 441015936
20260308-230959-2594 28861 * SendRequest     (client.cc:201):    Sending client request with id 21 (shardtag=21474836484 predlist_size=1)
20260308-230959-2594 28861 * SendMessageToReplica (transportcommon.h:94): sending message to replica, len of replicaaddr is 3
20260308-230959-2594 28861 * SendMessageToReplica (transportcommon.h:97): key is 0, value is 441015728
20260308-230959-2595 28861 * SendMessageToReplica (transportcommon.h:97): key is 1, value is 441015728
20260308-230959-2595 28861 * SendMessageToReplica (transportcommon.h:97): key is 2, value is 441015728
20260308-230959-2595 28861 * SendMessageToReplica (transportcommon.h:94): sending message to replica, len of replicaaddr is 3
20260308-230959-2596 28861 * SendMessageToReplica (transportcommon.h:97): key is 0, value is 441015728
20260308-230959-2596 28861 * SendMessageToReplica (transportcommon.h:97): key is 1, value is 441015728
20260308-230959-2596 28861 * SendMessageToReplica (transportcommon.h:97): key is 2, value is 441015728
20260308-230959-2598 28861 * SendMessageToReplica (transportcommon.h:94): sending message to replica, len of replicaaddr is 3
20260308-230959-2599 28861 * SendMessageToReplica (transportcommon.h:97): key is 0, value is 441015760
20260308-230959-2599 28861 * SendMessageToReplica (transportcommon.h:97): key is 1, value is 441015760
20260308-230959-2599 28861 * SendMessageToReplica (transportcommon.h:97): key is 2, value is 441015760
20260308-230959-2614 28861 * InvokeHelper    (client.cc:139):    Sending CoordRequest: p=21474836484 s=25769803781 to group=2 replica=2
20260308-230959-2615 28861 * SendMessageToReplica (transportcommon.h:94): sending message to replica, len of replicaaddr is 3
20260308-230959-2615 28861 * SendMessageToReplica (transportcommon.h:97): key is 0, value is 441015936
20260308-230959-2616 28861 * SendMessageToReplica (transportcommon.h:97): key is 1, value is 441015936
20260308-230959-2616 28861 * SendMessageToReplica (transportcommon.h:97): key is 2, value is 441015936
20260308-230959-2617 28861 * SendRequest     (client.cc:201):    Sending client request with id 22 (shardtag=25769803781 predlist_size=1)
20260308-230959-2617 28861 * SendMessageToReplica (transportcommon.h:94): sending message to replica, len of replicaaddr is 3
20260308-230959-2617 28861 * SendMessageToReplica (transportcommon.h:97): key is 0, value is 441015728
20260308-230959-2618 28861 * SendMessageToReplica (transportcommon.h:97): key is 1, value is 441015728
20260308-230959-2618 28861 * SendMessageToReplica (transportcommon.h:97): key is 2, value is 441015728
20260308-230959-2618 28861 * SendMessageToReplica (transportcommon.h:94): sending message to replica, len of replicaaddr is 3
20260308-230959-2619 28861 * SendMessageToReplica (transportcommon.h:97): key is 0, value is 441015728
20260308-230959-2619 28861 * SendMessageToReplica (transportcommon.h:97): key is 1, value is 441015728
20260308-230959-2619 28861 * SendMessageToReplica (transportcommon.h:97): key is 2, value is 441015728
20260308-230959-2621 28861 * SendMessageToReplica (transportcommon.h:94): sending message to replica, len of replicaaddr is 3
20260308-230959-2621 28861 * SendMessageToReplica (transportcommon.h:97): key is 0, value is 441015760
20260308-230959-2622 28861 * SendMessageToReplica (transportcommon.h:97): key is 1, value is 441015760
20260308-230959-2622 28861 * SendMessageToReplica (transportcommon.h:97): key is 2, value is 441015760
20260308-230959-6559 28861 * InvokeHelper    (client.cc:139):    Sending CoordRequest: p=25769803781 s=30064771077 to group=2 replica=2
20260308-230959-6560 28861 * SendMessageToReplica (transportcommon.h:94): sending message to replica, len of replicaaddr is 3
20260308-230959-6561 28861 * SendMessageToReplica (transportcommon.h:97): key is 0, value is 441015936
20260308-230959-6561 28861 * SendMessageToReplica (transportcommon.h:97): key is 1, value is 441015936
20260308-230959-6561 28861 * SendMessageToReplica (transportcommon.h:97): key is 2, value is 441015936
20260308-230959-6562 28861 * SendRequest     (client.cc:201):    Sending client request with id 23 (shardtag=30064771077 predlist_size=1)
20260308-230959-6562 28861 * SendMessageToReplica (transportcommon.h:94): sending message to replica, len of replicaaddr is 3
20260308-230959-6563 28861 * SendMessageToReplica (transportcommon.h:97): key is 0, value is 441015728
20260308-230959-6563 28861 * SendMessageToReplica (transportcommon.h:97): key is 1, value is 441015728
20260308-230959-6563 28861 * SendMessageToReplica (transportcommon.h:97): key is 2, value is 441015728
20260308-230959-6564 28861 * SendMessageToReplica (transportcommon.h:94): sending message to replica, len of replicaaddr is 3
20260308-230959-6564 28861 * SendMessageToReplica (transportcommon.h:97): key is 0, value is 441015728
20260308-230959-6564 28861 * SendMessageToReplica (transportcommon.h:97): key is 1, value is 441015728
20260308-230959-6565 28861 * SendMessageToReplica (transportcommon.h:97): key is 2, value is 441015728
20260308-230959-6567 28861 * SendMessageToReplica (transportcommon.h:94): sending message to replica, len of replicaaddr is 3
20260308-230959-6567 28861 * SendMessageToReplica (transportcommon.h:97): key is 0, value is 441015760
20260308-230959-6567 28861 * SendMessageToReplica (transportcommon.h:97): key is 1, value is 441015760
20260308-230959-6568 28861 * SendMessageToReplica (transportcommon.h:97): key is 2, value is 441015760
20260308-230959-6636 28861 * InvokeHelper    (client.cc:139):    Sending CoordRequest: p=30064771077 s=21474836485 to group=2 replica=2
20260308-230959-6637 28861 * SendMessageToReplica (transportcommon.h:94): sending message to replica, len of replicaaddr is 3
20260308-230959-6637 28861 * SendMessageToReplica (transportcommon.h:97): key is 0, value is 441015936
20260308-230959-6637 28861 * SendMessageToReplica (transportcommon.h:97): key is 1, value is 441015936
20260308-230959-6638 28861 * SendMessageToReplica (transportcommon.h:97): key is 2, value is 441015936
20260308-230959-6638 28861 * SendRequest     (client.cc:201):    Sending client request with id 24 (shardtag=21474836485 predlist_size=1)
20260308-230959-6639 28861 * SendMessageToReplica (transportcommon.h:94): sending message to replica, len of replicaaddr is 3
20260308-230959-6639 28861 * SendMessageToReplica (transportcommon.h:97): key is 0, value is 441015728
20260308-230959-6639 28861 * SendMessageToReplica (transportcommon.h:97): key is 1, value is 441015728
20260308-230959-6639 28861 * SendMessageToReplica (transportcommon.h:97): key is 2, value is 441015728
20260308-230959-6640 28861 * SendMessageToReplica (transportcommon.h:94): sending message to replica, len of replicaaddr is 3
20260308-230959-6640 28861 * SendMessageToReplica (transportcommon.h:97): key is 0, value is 441015728
20260308-230959-6641 28861 * SendMessageToReplica (transportcommon.h:97): key is 1, value is 441015728
20260308-230959-6641 28861 * SendMessageToReplica (transportcommon.h:97): key is 2, value is 441015728
20260308-230959-6643 28861 * SendMessageToReplica (transportcommon.h:94): sending message to replica, len of replicaaddr is 3
20260308-230959-6643 28861 * SendMessageToReplica (transportcommon.h:97): key is 0, value is 441015760
20260308-230959-6643 28861 * SendMessageToReplica (transportcommon.h:97): key is 1, value is 441015760
20260308-230959-6644 28861 * SendMessageToReplica (transportcommon.h:97): key is 2, value is 441015760
20260308-230959-6651 28861 * InvokeHelper    (client.cc:139):    Sending CoordRequest: p=21474836485 s=5 to group=2 replica=2
20260308-230959-6652 28861 * SendMessageToReplica (transportcommon.h:94): sending message to replica, len of replicaaddr is 3
20260308-230959-6652 28861 * SendMessageToReplica (transportcommon.h:97): key is 0, value is 441015952
20260308-230959-6652 28861 * SendMessageToReplica (transportcommon.h:97): key is 1, value is 441015952
20260308-230959-6653 28861 * SendMessageToReplica (transportcommon.h:97): key is 2, value is 441015952
20260308-230959-6653 28861 * SendRequest     (client.cc:201):    Sending client request with id 25 (shardtag=5 predlist_size=1)
20260308-230959-6654 28861 * SendMessageToReplica (transportcommon.h:94): sending message to replica, len of replicaaddr is 3
20260308-230959-6654 28861 * SendMessageToReplica (transportcommon.h:97): key is 0, value is 441015744
20260308-230959-6654 28861 * SendMessageToReplica (transportcommon.h:97): key is 1, value is 441015744
20260308-230959-6654 28861 * SendMessageToReplica (transportcommon.h:97): key is 2, value is 441015744
20260308-230959-6655 28861 * SendMessageToReplica (transportcommon.h:94): sending message to replica, len of replicaaddr is 3
20260308-230959-6655 28861 * SendMessageToReplica (transportcommon.h:97): key is 0, value is 441015744
20260308-230959-6655 28861 * SendMessageToReplica (transportcommon.h:97): key is 1, value is 441015744
20260308-230959-6656 28861 * SendMessageToReplica (transportcommon.h:97): key is 2, value is 441015744
20260308-230959-6658 28861 * SendMessageToReplica (transportcommon.h:94): sending message to replica, len of replicaaddr is 3
20260308-230959-6658 28861 * SendMessageToReplica (transportcommon.h:97): key is 0, value is 441015760
20260308-230959-6658 28861 * SendMessageToReplica (transportcommon.h:97): key is 1, value is 441015760
20260308-230959-6659 28861 * SendMessageToReplica (transportcommon.h:97): key is 2, value is 441015760
20260308-231000-0682 28861 * InvokeHelper    (client.cc:139):    Sending CoordRequest: p=5 s=6 to group=2 replica=2
20260308-231000-0683 28861 * SendMessageToReplica (transportcommon.h:94): sending message to replica, len of replicaaddr is 3
20260308-231000-0683 28861 * SendMessageToReplica (transportcommon.h:97): key is 0, value is 441015952
20260308-231000-0683 28861 * SendMessageToReplica (transportcommon.h:97): key is 1, value is 441015952
20260308-231000-0684 28861 * SendMessageToReplica (transportcommon.h:97): key is 2, value is 441015952
20260308-231000-0684 28861 * SendRequest     (client.cc:201):    Sending client request with id 26 (shardtag=6 predlist_size=1)
20260308-231000-0685 28861 * SendMessageToReplica (transportcommon.h:94): sending message to replica, len of replicaaddr is 3
20260308-231000-0685 28861 * SendMessageToReplica (transportcommon.h:97): key is 0, value is 441015744
20260308-231000-0685 28861 * SendMessageToReplica (transportcommon.h:97): key is 1, value is 441015744
20260308-231000-0686 28861 * SendMessageToReplica (transportcommon.h:97): key is 2, value is 441015744
20260308-231000-0686 28861 * SendMessageToReplica (transportcommon.h:94): sending message to replica, len of replicaaddr is 3
20260308-231000-0686 28861 * SendMessageToReplica (transportcommon.h:97): key is 0, value is 441015744
20260308-231000-0687 28861 * SendMessageToReplica (transportcommon.h:97): key is 1, value is 441015744
20260308-231000-0687 28861 * SendMessageToReplica (transportcommon.h:97): key is 2, value is 441015744
20260308-231000-0689 28861 * SendMessageToReplica (transportcommon.h:94): sending message to replica, len of replicaaddr is 3
20260308-231000-0689 28861 * SendMessageToReplica (transportcommon.h:97): key is 0, value is 441015760
20260308-231000-0689 28861 * SendMessageToReplica (transportcommon.h:97): key is 1, value is 441015760
20260308-231000-0690 28861 * SendMessageToReplica (transportcommon.h:97): key is 2, value is 441015760
20260308-231000-4708 28861 * InvokeHelper    (client.cc:139):    Sending CoordRequest: p=6 s=21474836486 to group=2 replica=2
20260308-231000-4709 28861 * SendMessageToReplica (transportcommon.h:94): sending message to replica, len of replicaaddr is 3
20260308-231000-4709 28861 * SendMessageToReplica (transportcommon.h:97): key is 0, value is 441015936
20260308-231000-4710 28861 * SendMessageToReplica (transportcommon.h:97): key is 1, value is 441015936
20260308-231000-4710 28861 * SendMessageToReplica (transportcommon.h:97): key is 2, value is 441015936
20260308-231000-4710 28861 * SendRequest     (client.cc:201):    Sending client request with id 27 (shardtag=21474836486 predlist_size=1)
20260308-231000-4711 28861 * SendMessageToReplica (transportcommon.h:94): sending message to replica, len of replicaaddr is 3
20260308-231000-4711 28861 * SendMessageToReplica (transportcommon.h:97): key is 0, value is 441015728
20260308-231000-4711 28861 * SendMessageToReplica (transportcommon.h:97): key is 1, value is 441015728
20260308-231000-4712 28861 * SendMessageToReplica (transportcommon.h:97): key is 2, value is 441015728
20260308-231000-4712 28861 * SendMessageToReplica (transportcommon.h:94): sending message to replica, len of replicaaddr is 3
20260308-231000-4712 28861 * SendMessageToReplica (transportcommon.h:97): key is 0, value is 441015728
20260308-231000-4713 28861 * SendMessageToReplica (transportcommon.h:97): key is 1, value is 441015728
20260308-231000-4713 28861 * SendMessageToReplica (transportcommon.h:97): key is 2, value is 441015728
20260308-231000-4715 28861 * SendMessageToReplica (transportcommon.h:94): sending message to replica, len of replicaaddr is 3
20260308-231000-4715 28861 * SendMessageToReplica (transportcommon.h:97): key is 0, value is 441015760
20260308-231000-4716 28861 * SendMessageToReplica (transportcommon.h:97): key is 1, value is 441015760
20260308-231000-4716 28861 * SendMessageToReplica (transportcommon.h:97): key is 2, value is 441015760
20260308-231000-4720 28861 * InvokeHelper    (client.cc:139):    Sending CoordRequest: p=21474836486 s=7 to group=2 replica=2
20260308-231000-4720 28861 * SendMessageToReplica (transportcommon.h:94): sending message to replica, len of replicaaddr is 3
20260308-231000-4721 28861 * SendMessageToReplica (transportcommon.h:97): key is 0, value is 441015952
20260308-231000-4721 28861 * SendMessageToReplica (transportcommon.h:97): key is 1, value is 441015952
20260308-231000-4721 28861 * SendMessageToReplica (transportcommon.h:97): key is 2, value is 441015952
20260308-231000-4722 28861 * SendRequest     (client.cc:201):    Sending client request with id 28 (shardtag=7 predlist_size=1)
20260308-231000-4722 28861 * SendMessageToReplica (transportcommon.h:94): sending message to replica, len of replicaaddr is 3
20260308-231000-4722 28861 * SendMessageToReplica (transportcommon.h:97): key is 0, value is 441015744
20260308-231000-4723 28861 * SendMessageToReplica (transportcommon.h:97): key is 1, value is 441015744
20260308-231000-4723 28861 * SendMessageToReplica (transportcommon.h:97): key is 2, value is 441015744
20260308-231000-4723 28861 * SendMessageToReplica (transportcommon.h:94): sending message to replica, len of replicaaddr is 3
20260308-231000-4724 28861 * SendMessageToReplica (transportcommon.h:97): key is 0, value is 441015744
20260308-231000-4724 28861 * SendMessageToReplica (transportcommon.h:97): key is 1, value is 441015744
20260308-231000-4724 28861 * SendMessageToReplica (transportcommon.h:97): key is 2, value is 441015744
20260308-231000-4726 28861 * SendMessageToReplica (transportcommon.h:94): sending message to replica, len of replicaaddr is 3
20260308-231000-4726 28861 * SendMessageToReplica (transportcommon.h:97): key is 0, value is 441015760
20260308-231000-4727 28861 * SendMessageToReplica (transportcommon.h:97): key is 1, value is 441015760
20260308-231000-4727 28861 * SendMessageToReplica (transportcommon.h:97): key is 2, value is 441015760
20260308-231000-4729 28861 * InvokeHelper    (client.cc:139):    Sending CoordRequest: p=7 s=4294967299 to group=2 replica=2
20260308-231000-4730 28861 * SendMessageToReplica (transportcommon.h:94): sending message to replica, len of replicaaddr is 3
20260308-231000-4730 28861 * SendMessageToReplica (transportcommon.h:97): key is 0, value is 441015936
20260308-231000-4730 28861 * SendMessageToReplica (transportcommon.h:97): key is 1, value is 441015936
20260308-231000-4731 28861 * SendMessageToReplica (transportcommon.h:97): key is 2, value is 441015936
20260308-231000-4731 28861 * SendRequest     (client.cc:201):    Sending client request with id 29 (shardtag=4294967299 predlist_size=1)
20260308-231000-4731 28861 * SendMessageToReplica (transportcommon.h:94): sending message to replica, len of replicaaddr is 3
20260308-231000-4732 28861 * SendMessageToReplica (transportcommon.h:97): key is 0, value is 441015728
20260308-231000-4732 28861 * SendMessageToReplica (transportcommon.h:97): key is 1, value is 441015728
20260308-231000-4732 28861 * SendMessageToReplica (transportcommon.h:97): key is 2, value is 441015728
20260308-231000-4733 28861 * SendMessageToReplica (transportcommon.h:94): sending message to replica, len of replicaaddr is 3
20260308-231000-4733 28861 * SendMessageToReplica (transportcommon.h:97): key is 0, value is 441015728
20260308-231000-4733 28861 * SendMessageToReplica (transportcommon.h:97): key is 1, value is 441015728
20260308-231000-4733 28861 * SendMessageToReplica (transportcommon.h:97): key is 2, value is 441015728
20260308-231000-4735 28861 * SendMessageToReplica (transportcommon.h:94): sending message to replica, len of replicaaddr is 3
20260308-231000-4736 28861 * SendMessageToReplica (transportcommon.h:97): key is 0, value is 441015760
20260308-231000-4736 28861 * SendMessageToReplica (transportcommon.h:97): key is 1, value is 441015760
20260308-231000-4736 28861 * SendMessageToReplica (transportcommon.h:97): key is 2, value is 441015760
20260308-231000-8787 28861 * InvokeHelper    (client.cc:139):    Sending CoordRequest: p=4294967299 s=8589934595 to group=2 replica=2
20260308-231000-8788 28861 * SendMessageToReplica (transportcommon.h:94): sending message to replica, len of replicaaddr is 3
20260308-231000-8788 28861 * SendMessageToReplica (transportcommon.h:97): key is 0, value is 441015936
20260308-231000-8789 28861 * SendMessageToReplica (transportcommon.h:97): key is 1, value is 441015936
20260308-231000-8789 28861 * SendMessageToReplica (transportcommon.h:97): key is 2, value is 441015936
20260308-231000-8789 28861 * SendRequest     (client.cc:201):    Sending client request with id 30 (shardtag=8589934595 predlist_size=1)
20260308-231000-8790 28861 * SendMessageToReplica (transportcommon.h:94): sending message to replica, len of replicaaddr is 3
20260308-231000-8790 28861 * SendMessageToReplica (transportcommon.h:97): key is 0, value is 441015728
20260308-231000-8790 28861 * SendMessageToReplica (transportcommon.h:97): key is 1, value is 441015728
20260308-231000-8791 28861 * SendMessageToReplica (transportcommon.h:97): key is 2, value is 441015728
20260308-231000-8791 28861 * SendMessageToReplica (transportcommon.h:94): sending message to replica, len of replicaaddr is 3
20260308-231000-8791 28861 * SendMessageToReplica (transportcommon.h:97): key is 0, value is 441015728
20260308-231000-8792 28861 * SendMessageToReplica (transportcommon.h:97): key is 1, value is 441015728
20260308-231000-8792 28861 * SendMessageToReplica (transportcommon.h:97): key is 2, value is 441015728
20260308-231000-8794 28861 * SendMessageToReplica (transportcommon.h:94): sending message to replica, len of replicaaddr is 3
20260308-231000-8794 28861 * SendMessageToReplica (transportcommon.h:97): key is 0, value is 441015760
20260308-231000-8794 28861 * SendMessageToReplica (transportcommon.h:97): key is 1, value is 441015760
20260308-231000-8795 28861 * SendMessageToReplica (transportcommon.h:97): key is 2, value is 441015760
20260308-231001-2829 28861 * InvokeHelper    (client.cc:139):    Sending CoordRequest: p=8589934595 s=8589934596 to group=2 replica=2
20260308-231001-2830 28861 * SendMessageToReplica (transportcommon.h:94): sending message to replica, len of replicaaddr is 3
20260308-231001-2830 28861 * SendMessageToReplica (transportcommon.h:97): key is 0, value is 441015936
20260308-231001-2830 28861 * SendMessageToReplica (transportcommon.h:97): key is 1, value is 441015936
20260308-231001-2831 28861 * SendMessageToReplica (transportcommon.h:97): key is 2, value is 441015936
20260308-231001-2831 28861 * SendRequest     (client.cc:201):    Sending client request with id 31 (shardtag=8589934596 predlist_size=1)
20260308-231001-2832 28861 * SendMessageToReplica (transportcommon.h:94): sending message to replica, len of replicaaddr is 3
20260308-231001-2832 28861 * SendMessageToReplica (transportcommon.h:97): key is 0, value is 441015728
20260308-231001-2832 28861 * SendMessageToReplica (transportcommon.h:97): key is 1, value is 441015728
20260308-231001-2832 28861 * SendMessageToReplica (transportcommon.h:97): key is 2, value is 441015728
20260308-231001-2833 28861 * SendMessageToReplica (transportcommon.h:94): sending message to replica, len of replicaaddr is 3
20260308-231001-2833 28861 * SendMessageToReplica (transportcommon.h:97): key is 0, value is 441015728
20260308-231001-2833 28861 * SendMessageToReplica (transportcommon.h:97): key is 1, value is 441015728
20260308-231001-2834 28861 * SendMessageToReplica (transportcommon.h:97): key is 2, value is 441015728
20260308-231001-2836 28861 * SendMessageToReplica (transportcommon.h:94): sending message to replica, len of replicaaddr is 3
20260308-231001-2836 28861 * SendMessageToReplica (transportcommon.h:97): key is 0, value is 441015760
20260308-231001-2836 28861 * SendMessageToReplica (transportcommon.h:97): key is 1, value is 441015760
20260308-231001-2837 28861 * SendMessageToReplica (transportcommon.h:97): key is 2, value is 441015760
20260308-231001-6867 28861 * InvokeHelper    (client.cc:139):    Sending CoordRequest: p=8589934596 s=25769803782 to group=2 replica=2
20260308-231001-6868 28861 * SendMessageToReplica (transportcommon.h:94): sending message to replica, len of replicaaddr is 3
20260308-231001-6868 28861 * SendMessageToReplica (transportcommon.h:97): key is 0, value is 441015936
20260308-231001-6869 28861 * SendMessageToReplica (transportcommon.h:97): key is 1, value is 441015936
20260308-231001-6869 28861 * SendMessageToReplica (transportcommon.h:97): key is 2, value is 441015936
20260308-231001-6870 28861 * SendRequest     (client.cc:201):    Sending client request with id 32 (shardtag=25769803782 predlist_size=1)
20260308-231001-6870 28861 * SendMessageToReplica (transportcommon.h:94): sending message to replica, len of replicaaddr is 3
20260308-231001-6870 28861 * SendMessageToReplica (transportcommon.h:97): key is 0, value is 441015728
20260308-231001-6871 28861 * SendMessageToReplica (transportcommon.h:97): key is 1, value is 441015728
20260308-231001-6871 28861 * SendMessageToReplica (transportcommon.h:97): key is 2, value is 441015728
20260308-231001-6871 28861 * SendMessageToReplica (transportcommon.h:94): sending message to replica, len of replicaaddr is 3
20260308-231001-6872 28861 * SendMessageToReplica (transportcommon.h:97): key is 0, value is 441015728
20260308-231001-6872 28861 * SendMessageToReplica (transportcommon.h:97): key is 1, value is 441015728
20260308-231001-6872 28861 * SendMessageToReplica (transportcommon.h:97): key is 2, value is 441015728
20260308-231001-6874 28861 * SendMessageToReplica (transportcommon.h:94): sending message to replica, len of replicaaddr is 3
20260308-231001-6874 28861 * SendMessageToReplica (transportcommon.h:97): key is 0, value is 441015760
20260308-231001-6875 28861 * SendMessageToReplica (transportcommon.h:97): key is 1, value is 441015760
20260308-231001-6875 28861 * SendMessageToReplica (transportcommon.h:97): key is 2, value is 441015760
20260308-231002-0858 28861 * InvokeHelper    (client.cc:139):    Sending CoordRequest: p=25769803782 s=21474836487 to group=2 replica=2
20260308-231002-0858 28861 * SendMessageToReplica (transportcommon.h:94): sending message to replica, len of replicaaddr is 3
20260308-231002-0859 28861 * SendMessageToReplica (transportcommon.h:97): key is 0, value is 441015936
20260308-231002-0859 28861 * SendMessageToReplica (transportcommon.h:97): key is 1, value is 441015936
20260308-231002-0859 28861 * SendMessageToReplica (transportcommon.h:97): key is 2, value is 441015936
20260308-231002-0860 28861 * SendRequest     (client.cc:201):    Sending client request with id 33 (shardtag=21474836487 predlist_size=1)
20260308-231002-0860 28861 * SendMessageToReplica (transportcommon.h:94): sending message to replica, len of replicaaddr is 3
20260308-231002-0861 28861 * SendMessageToReplica (transportcommon.h:97): key is 0, value is 441015728
20260308-231002-0861 28861 * SendMessageToReplica (transportcommon.h:97): key is 1, value is 441015728
20260308-231002-0861 28861 * SendMessageToReplica (transportcommon.h:97): key is 2, value is 441015728
20260308-231002-0862 28861 * SendMessageToReplica (transportcommon.h:94): sending message to replica, len of replicaaddr is 3
20260308-231002-0862 28861 * SendMessageToReplica (transportcommon.h:97): key is 0, value is 441015728
20260308-231002-0862 28861 * SendMessageToReplica (transportcommon.h:97): key is 1, value is 441015728
20260308-231002-0862 28861 * SendMessageToReplica (transportcommon.h:97): key is 2, value is 441015728
20260308-231002-0865 28861 * SendMessageToReplica (transportcommon.h:94): sending message to replica, len of replicaaddr is 3
20260308-231002-0865 28861 * SendMessageToReplica (transportcommon.h:97): key is 0, value is 441015760
20260308-231002-0865 28861 * SendMessageToReplica (transportcommon.h:97): key is 1, value is 441015760
20260308-231002-0866 28861 * SendMessageToReplica (transportcommon.h:97): key is 2, value is 441015760
20260308-231002-0919 28861 * InvokeHelper    (client.cc:139):    Sending CoordRequest: p=21474836487 s=17179869186 to group=2 replica=2
20260308-231002-0920 28861 * SendMessageToReplica (transportcommon.h:94): sending message to replica, len of replicaaddr is 3
20260308-231002-0920 28861 * SendMessageToReplica (transportcommon.h:97): key is 0, value is 441015936
20260308-231002-0921 28861 * SendMessageToReplica (transportcommon.h:97): key is 1, value is 441015936
20260308-231002-0921 28861 * SendMessageToReplica (transportcommon.h:97): key is 2, value is 441015936
20260308-231002-0922 28861 * SendRequest     (client.cc:201):    Sending client request with id 34 (shardtag=17179869186 predlist_size=1)
20260308-231002-0922 28861 * SendMessageToReplica (transportcommon.h:94): sending message to replica, len of replicaaddr is 3
20260308-231002-0922 28861 * SendMessageToReplica (transportcommon.h:97): key is 0, value is 441015728
20260308-231002-0923 28861 * SendMessageToReplica (transportcommon.h:97): key is 1, value is 441015728
20260308-231002-0923 28861 * SendMessageToReplica (transportcommon.h:97): key is 2, value is 441015728
20260308-231002-0923 28861 * SendMessageToReplica (transportcommon.h:94): sending message to replica, len of replicaaddr is 3
20260308-231002-0924 28861 * SendMessageToReplica (transportcommon.h:97): key is 0, value is 441015728
20260308-231002-0924 28861 * SendMessageToReplica (transportcommon.h:97): key is 1, value is 441015728
20260308-231002-0924 28861 * SendMessageToReplica (transportcommon.h:97): key is 2, value is 441015728
20260308-231002-0925 28861 * InvokeHelper    (client.cc:139):    Sending CoordRequest: p=17179869186 s=12884901889 to group=2 replica=2
20260308-231002-0926 28861 * SendMessageToReplica (transportcommon.h:94): sending message to replica, len of replicaaddr is 3
20260308-231002-0926 28861 * SendMessageToReplica (transportcommon.h:97): key is 0, value is 441015936
20260308-231002-0926 28861 * SendMessageToReplica (transportcommon.h:97): key is 1, value is 441015936
20260308-231002-0926 28861 * SendMessageToReplica (transportcommon.h:97): key is 2, value is 441015936
20260308-231002-0927 28861 * SendRequest     (client.cc:201):    Sending client request with id 35 (shardtag=12884901889 predlist_size=1)
20260308-231002-0927 28861 * SendMessageToReplica (transportcommon.h:94): sending message to replica, len of replicaaddr is 3
20260308-231002-0927 28861 * SendMessageToReplica (transportcommon.h:97): key is 0, value is 441015728
20260308-231002-0928 28861 * SendMessageToReplica (transportcommon.h:97): key is 1, value is 441015728
20260308-231002-0928 28861 * SendMessageToReplica (transportcommon.h:97): key is 2, value is 441015728
20260308-231002-0928 28861 * SendMessageToReplica (transportcommon.h:94): sending message to replica, len of replicaaddr is 3
20260308-231002-0929 28861 * SendMessageToReplica (transportcommon.h:97): key is 0, value is 441015728
20260308-231002-0929 28861 * SendMessageToReplica (transportcommon.h:97): key is 1, value is 441015728
20260308-231002-0929 28861 * SendMessageToReplica (transportcommon.h:97): key is 2, value is 441015728
20260308-231002-0931 28861 * SendMessageToReplica (transportcommon.h:94): sending message to replica, len of replicaaddr is 3
20260308-231002-0931 28861 * SendMessageToReplica (transportcommon.h:97): key is 0, value is 441015760
20260308-231002-0932 28861 * SendMessageToReplica (transportcommon.h:97): key is 1, value is 441015760
20260308-231002-0932 28861 * SendMessageToReplica (transportcommon.h:97): key is 2, value is 441015760
20260308-231002-0933 28861 * SendMessageToReplica (transportcommon.h:94): sending message to replica, len of replicaaddr is 3
20260308-231002-0933 28861 * SendMessageToReplica (transportcommon.h:97): key is 0, value is 441015760
20260308-231002-0934 28861 * SendMessageToReplica (transportcommon.h:97): key is 1, value is 441015760
20260308-231002-0934 28861 * SendMessageToReplica (transportcommon.h:97): key is 2, value is 441015760
20260308-231002-4910 28861 * InvokeHelper    (client.cc:139):    Sending CoordRequest: p=12884901889 s=8 to group=2 replica=2
20260308-231002-4911 28861 * SendMessageToReplica (transportcommon.h:94): sending message to replica, len of replicaaddr is 3
20260308-231002-4911 28861 * SendMessageToReplica (transportcommon.h:97): key is 0, value is 441015952
20260308-231002-4911 28861 * SendMessageToReplica (transportcommon.h:97): key is 1, value is 441015952
20260308-231002-4912 28861 * SendMessageToReplica (transportcommon.h:97): key is 2, value is 441015952
20260308-231002-4912 28861 * SendRequest     (client.cc:201):    Sending client request with id 36 (shardtag=8 predlist_size=1)
20260308-231002-4913 28861 * SendMessageToReplica (transportcommon.h:94): sending message to replica, len of replicaaddr is 3
20260308-231002-4913 28861 * SendMessageToReplica (transportcommon.h:97): key is 0, value is 441015744
20260308-231002-4913 28861 * SendMessageToReplica (transportcommon.h:97): key is 1, value is 441015744
20260308-231002-4914 28861 * SendMessageToReplica (transportcommon.h:97): key is 2, value is 441015744
20260308-231002-4914 28861 * SendMessageToReplica (transportcommon.h:94): sending message to replica, len of replicaaddr is 3
20260308-231002-4914 28861 * SendMessageToReplica (transportcommon.h:97): key is 0, value is 441015744
20260308-231002-4914 28861 * SendMessageToReplica (transportcommon.h:97): key is 1, value is 441015744
20260308-231002-4915 28861 * SendMessageToReplica (transportcommon.h:97): key is 2, value is 441015744
20260308-231002-4917 28861 * SendMessageToReplica (transportcommon.h:94): sending message to replica, len of replicaaddr is 3
20260308-231002-4917 28861 * SendMessageToReplica (transportcommon.h:97): key is 0, value is 441015760
20260308-231002-4917 28861 * SendMessageToReplica (transportcommon.h:97): key is 1, value is 441015760
20260308-231002-4918 28861 * SendMessageToReplica (transportcommon.h:97): key is 2, value is 441015760
20260308-231002-4957 28861 * InvokeHelper    (client.cc:139):    Sending CoordRequest: p=8 s=8589934597 to group=2 replica=2
20260308-231002-4958 28861 * SendMessageToReplica (transportcommon.h:94): sending message to replica, len of replicaaddr is 3
20260308-231002-4958 28861 * SendMessageToReplica (transportcommon.h:97): key is 0, value is 441015936
20260308-231002-4958 28861 * SendMessageToReplica (transportcommon.h:97): key is 1, value is 441015936
20260308-231002-4959 28861 * SendMessageToReplica (transportcommon.h:97): key is 2, value is 441015936
20260308-231002-4959 28861 * SendRequest     (client.cc:201):    Sending client request with id 37 (shardtag=8589934597 predlist_size=1)
20260308-231002-4960 28861 * SendMessageToReplica (transportcommon.h:94): sending message to replica, len of replicaaddr is 3
20260308-231002-4960 28861 * SendMessageToReplica (transportcommon.h:97): key is 0, value is 441015728
20260308-231002-4960 28861 * SendMessageToReplica (transportcommon.h:97): key is 1, value is 441015728
20260308-231002-4961 28861 * SendMessageToReplica (transportcommon.h:97): key is 2, value is 441015728
20260308-231002-4961 28861 * SendMessageToReplica (transportcommon.h:94): sending message to replica, len of replicaaddr is 3
20260308-231002-4962 28861 * SendMessageToReplica (transportcommon.h:97): key is 0, value is 441015728
20260308-231002-4962 28861 * SendMessageToReplica (transportcommon.h:97): key is 1, value is 441015728
20260308-231002-4962 28861 * SendMessageToReplica (transportcommon.h:97): key is 2, value is 441015728
20260308-231002-4964 28861 * SendMessageToReplica (transportcommon.h:94): sending message to replica, len of replicaaddr is 3
20260308-231002-4964 28861 * SendMessageToReplica (transportcommon.h:97): key is 0, value is 441015760
20260308-231002-4965 28861 * SendMessageToReplica (transportcommon.h:97): key is 1, value is 441015760
20260308-231002-4965 28861 * SendMessageToReplica (transportcommon.h:97): key is 2, value is 441015760
20260308-231002-8869 28861 * InvokeHelper    (client.cc:139):    Sending CoordRequest: p=8589934597 s=30064771078 to group=2 replica=2
20260308-231002-8870 28861 * SendMessageToReplica (transportcommon.h:94): sending message to replica, len of replicaaddr is 3
20260308-231002-8870 28861 * SendMessageToReplica (transportcommon.h:97): key is 0, value is 441015936
20260308-231002-8871 28861 * SendMessageToReplica (transportcommon.h:97): key is 1, value is 441015936
20260308-231002-8871 28861 * SendMessageToReplica (transportcommon.h:97): key is 2, value is 441015936
20260308-231002-8872 28861 * SendRequest     (client.cc:201):    Sending client request with id 38 (shardtag=30064771078 predlist_size=1)
20260308-231002-8872 28861 * SendMessageToReplica (transportcommon.h:94): sending message to replica, len of replicaaddr is 3
20260308-231002-8872 28861 * SendMessageToReplica (transportcommon.h:97): key is 0, value is 441015728
20260308-231002-8873 28861 * SendMessageToReplica (transportcommon.h:97): key is 1, value is 441015728
20260308-231002-8873 28861 * SendMessageToReplica (transportcommon.h:97): key is 2, value is 441015728
20260308-231002-8873 28861 * SendMessageToReplica (transportcommon.h:94): sending message to replica, len of replicaaddr is 3
20260308-231002-8874 28861 * SendMessageToReplica (transportcommon.h:97): key is 0, value is 441015728
20260308-231002-8874 28861 * SendMessageToReplica (transportcommon.h:97): key is 1, value is 441015728
20260308-231002-8874 28861 * SendMessageToReplica (transportcommon.h:97): key is 2, value is 441015728
20260308-231002-8876 28861 * SendMessageToReplica (transportcommon.h:94): sending message to replica, len of replicaaddr is 3
20260308-231002-8876 28861 * SendMessageToReplica (transportcommon.h:97): key is 0, value is 441015760
20260308-231002-8877 28861 * SendMessageToReplica (transportcommon.h:97): key is 1, value is 441015760
20260308-231002-8877 28861 * SendMessageToReplica (transportcommon.h:97): key is 2, value is 441015760
20260308-231002-8958 28861 * InvokeHelper    (client.cc:139):    Sending CoordRequest: p=30064771078 s=9 to group=2 replica=2
20260308-231002-8958 28861 * SendMessageToReplica (transportcommon.h:94): sending message to replica, len of replicaaddr is 3
20260308-231002-8959 28861 * SendMessageToReplica (transportcommon.h:97): key is 0, value is 441015952
20260308-231002-8959 28861 * SendMessageToReplica (transportcommon.h:97): key is 1, value is 441015952
20260308-231002-8959 28861 * SendMessageToReplica (transportcommon.h:97): key is 2, value is 441015952
20260308-231002-8960 28861 * SendRequest     (client.cc:201):    Sending client request with id 39 (shardtag=9 predlist_size=1)
20260308-231002-8960 28861 * SendMessageToReplica (transportcommon.h:94): sending message to replica, len of replicaaddr is 3
20260308-231002-8961 28861 * SendMessageToReplica (transportcommon.h:97): key is 0, value is 441015744
20260308-231002-8961 28861 * SendMessageToReplica (transportcommon.h:97): key is 1, value is 441015744
20260308-231002-8961 28861 * SendMessageToReplica (transportcommon.h:97): key is 2, value is 441015744
20260308-231002-8962 28861 * SendMessageToReplica (transportcommon.h:94): sending message to replica, len of replicaaddr is 3
20260308-231002-8962 28861 * SendMessageToReplica (transportcommon.h:97): key is 0, value is 441015744
20260308-231002-8962 28861 * SendMessageToReplica (transportcommon.h:97): key is 1, value is 441015744
20260308-231002-8963 28861 * SendMessageToReplica (transportcommon.h:97): key is 2, value is 441015744
20260308-231002-8964 28861 * SendMessageToReplica (transportcommon.h:94): sending message to replica, len of replicaaddr is 3
20260308-231002-8965 28861 * SendMessageToReplica (transportcommon.h:97): key is 0, value is 441015760
20260308-231002-8965 28861 * SendMessageToReplica (transportcommon.h:97): key is 1, value is 441015760
20260308-231002-8966 28861 * SendMessageToReplica (transportcommon.h:97): key is 2, value is 441015760
20260308-231002-9016 28861 * InvokeHelper    (client.cc:139):    Sending CoordRequest: p=9 s=17179869187 to group=2 replica=2
20260308-231002-9017 28861 * SendMessageToReplica (transportcommon.h:94): sending message to replica, len of replicaaddr is 3
20260308-231002-9017 28861 * SendMessageToReplica (transportcommon.h:97): key is 0, value is 441015936
20260308-231002-9017 28861 * SendMessageToReplica (transportcommon.h:97): key is 1, value is 441015936
20260308-231002-9018 28861 * SendMessageToReplica (transportcommon.h:97): key is 2, value is 441015936
20260308-231002-9018 28861 * SendRequest     (client.cc:201):    Sending client request with id 40 (shardtag=17179869187 predlist_size=1)
20260308-231002-9019 28861 * SendMessageToReplica (transportcommon.h:94): sending message to replica, len of replicaaddr is 3
20260308-231002-9019 28861 * SendMessageToReplica (transportcommon.h:97): key is 0, value is 441015728
20260308-231002-9019 28861 * SendMessageToReplica (transportcommon.h:97): key is 1, value is 441015728
20260308-231002-9020 28861 * SendMessageToReplica (transportcommon.h:97): key is 2, value is 441015728
20260308-231002-9020 28861 * SendMessageToReplica (transportcommon.h:94): sending message to replica, len of replicaaddr is 3
20260308-231002-9020 28861 * SendMessageToReplica (transportcommon.h:97): key is 0, value is 441015728
20260308-231002-9021 28861 * SendMessageToReplica (transportcommon.h:97): key is 1, value is 441015728
20260308-231002-9021 28861 * SendMessageToReplica (transportcommon.h:97): key is 2, value is 441015728
20260308-231002-9023 28861 * SendMessageToReplica (transportcommon.h:94): sending message to replica, len of replicaaddr is 3
20260308-231002-9023 28861 * SendMessageToReplica (transportcommon.h:97): key is 0, value is 441015760
20260308-231002-9023 28861 * SendMessageToReplica (transportcommon.h:97): key is 1, value is 441015760
20260308-231002-9024 28861 * SendMessageToReplica (transportcommon.h:97): key is 2, value is 441015760
20260308-231003-2911 28861 * InvokeHelper    (client.cc:139):    Sending CoordRequest: p=17179869187 s=30064771079 to group=2 replica=2
20260308-231003-2912 28861 * SendMessageToReplica (transportcommon.h:94): sending message to replica, len of replicaaddr is 3
20260308-231003-2912 28861 * SendMessageToReplica (transportcommon.h:97): key is 0, value is 441015936
20260308-231003-2912 28861 * SendMessageToReplica (transportcommon.h:97): key is 1, value is 441015936
20260308-231003-2913 28861 * SendMessageToReplica (transportcommon.h:97): key is 2, value is 441015936
20260308-231003-2913 28861 * SendRequest     (client.cc:201):    Sending client request with id 41 (shardtag=30064771079 predlist_size=1)
20260308-231003-2914 28861 * SendMessageToReplica (transportcommon.h:94): sending message to replica, len of replicaaddr is 3
20260308-231003-2914 28861 * SendMessageToReplica (transportcommon.h:97): key is 0, value is 441015728
20260308-231003-2914 28861 * SendMessageToReplica (transportcommon.h:97): key is 1, value is 441015728
20260308-231003-2914 28861 * SendMessageToReplica (transportcommon.h:97): key is 2, value is 441015728
20260308-231003-2915 28861 * SendMessageToReplica (transportcommon.h:94): sending message to replica, len of replicaaddr is 3
20260308-231003-2915 28861 * SendMessageToReplica (transportcommon.h:97): key is 0, value is 441015728
20260308-231003-2915 28861 * SendMessageToReplica (transportcommon.h:97): key is 1, value is 441015728
20260308-231003-2916 28861 * SendMessageToReplica (transportcommon.h:97): key is 2, value is 441015728
20260308-231003-2917 28861 * SendMessageToReplica (transportcommon.h:94): sending message to replica, len of replicaaddr is 3
20260308-231003-2918 28861 * SendMessageToReplica (transportcommon.h:97): key is 0, value is 441015760
20260308-231003-2918 28861 * SendMessageToReplica (transportcommon.h:97): key is 1, value is 441015760
20260308-231003-2918 28861 * SendMessageToReplica (transportcommon.h:97): key is 2, value is 441015760
20260308-231003-2989 28861 * InvokeHelper    (client.cc:139):    Sending CoordRequest: p=30064771079 s=10 to group=2 replica=2
20260308-231003-2989 28861 * SendMessageToReplica (transportcommon.h:94): sending message to replica, len of replicaaddr is 3
20260308-231003-2990 28861 * SendMessageToReplica (transportcommon.h:97): key is 0, value is 441015952
20260308-231003-2990 28861 * SendMessageToReplica (transportcommon.h:97): key is 1, value is 441015952
20260308-231003-2990 28861 * SendMessageToReplica (transportcommon.h:97): key is 2, value is 441015952
20260308-231003-2991 28861 * SendRequest     (client.cc:201):    Sending client request with id 42 (shardtag=10 predlist_size=1)
20260308-231003-2991 28861 * SendMessageToReplica (transportcommon.h:94): sending message to replica, len of replicaaddr is 3
20260308-231003-2991 28861 * SendMessageToReplica (transportcommon.h:97): key is 0, value is 441015744
20260308-231003-2992 28861 * SendMessageToReplica (transportcommon.h:97): key is 1, value is 441015744
20260308-231003-2992 28861 * SendMessageToReplica (transportcommon.h:97): key is 2, value is 441015744
20260308-231003-2992 28861 * SendMessageToReplica (transportcommon.h:94): sending message to replica, len of replicaaddr is 3
20260308-231003-2993 28861 * SendMessageToReplica (transportcommon.h:97): key is 0, value is 441015744
20260308-231003-2993 28861 * SendMessageToReplica (transportcommon.h:97): key is 1, value is 441015744
20260308-231003-2993 28861 * SendMessageToReplica (transportcommon.h:97): key is 2, value is 441015744
20260308-231003-2994 28861 * InvokeHelper    (client.cc:139):    Sending CoordRequest: p=10 s=21474836488 to group=2 replica=2
20260308-231003-2995 28861 * SendMessageToReplica (transportcommon.h:94): sending message to replica, len of replicaaddr is 3
20260308-231003-2995 28861 * SendMessageToReplica (transportcommon.h:97): key is 0, value is 441015936
20260308-231003-2995 28861 * SendMessageToReplica (transportcommon.h:97): key is 1, value is 441015936
20260308-231003-2995 28861 * SendMessageToReplica (transportcommon.h:97): key is 2, value is 441015936
20260308-231003-2996 28861 * SendRequest     (client.cc:201):    Sending client request with id 43 (shardtag=21474836488 predlist_size=1)
20260308-231003-2996 28861 * SendMessageToReplica (transportcommon.h:94): sending message to replica, len of replicaaddr is 3
20260308-231003-2996 28861 * SendMessageToReplica (transportcommon.h:97): key is 0, value is 441015728
20260308-231003-2997 28861 * SendMessageToReplica (transportcommon.h:97): key is 1, value is 441015728
20260308-231003-2997 28861 * SendMessageToReplica (transportcommon.h:97): key is 2, value is 441015728
20260308-231003-2997 28861 * SendMessageToReplica (transportcommon.h:94): sending message to replica, len of replicaaddr is 3
20260308-231003-2998 28861 * SendMessageToReplica (transportcommon.h:97): key is 0, value is 441015728
20260308-231003-2998 28861 * SendMessageToReplica (transportcommon.h:97): key is 1, value is 441015728
20260308-231003-2998 28861 * SendMessageToReplica (transportcommon.h:97): key is 2, value is 441015728
20260308-231003-3000 28861 * SendMessageToReplica (transportcommon.h:94): sending message to replica, len of replicaaddr is 3
20260308-231003-3001 28861 * SendMessageToReplica (transportcommon.h:97): key is 0, value is 441015760
20260308-231003-3001 28861 * SendMessageToReplica (transportcommon.h:97): key is 1, value is 441015760
20260308-231003-3001 28861 * SendMessageToReplica (transportcommon.h:97): key is 2, value is 441015760
20260308-231003-3002 28861 * SendMessageToReplica (transportcommon.h:94): sending message to replica, len of replicaaddr is 3
20260308-231003-3003 28861 * SendMessageToReplica (transportcommon.h:97): key is 0, value is 441015760
20260308-231003-3003 28861 * SendMessageToReplica (transportcommon.h:97): key is 1, value is 441015760
20260308-231003-3003 28861 * SendMessageToReplica (transportcommon.h:97): key is 2, value is 441015760
20260308-231003-3050 28861 * InvokeHelper    (client.cc:139):    Sending CoordRequest: p=21474836488 s=12884901890 to group=2 replica=2
20260308-231003-3050 28861 * SendMessageToReplica (transportcommon.h:94): sending message to replica, len of replicaaddr is 3
20260308-231003-3051 28861 * SendMessageToReplica (transportcommon.h:97): key is 0, value is 441015936
20260308-231003-3051 28861 * SendMessageToReplica (transportcommon.h:97): key is 1, value is 441015936
20260308-231003-3051 28861 * SendMessageToReplica (transportcommon.h:97): key is 2, value is 441015936
20260308-231003-3052 28861 * SendRequest     (client.cc:201):    Sending client request with id 44 (shardtag=12884901890 predlist_size=1)
20260308-231003-3052 28861 * SendMessageToReplica (transportcommon.h:94): sending message to replica, len of replicaaddr is 3
20260308-231003-3053 28861 * SendMessageToReplica (transportcommon.h:97): key is 0, value is 441015728
20260308-231003-3053 28861 * SendMessageToReplica (transportcommon.h:97): key is 1, value is 441015728
20260308-231003-3053 28861 * SendMessageToReplica (transportcommon.h:97): key is 2, value is 441015728
20260308-231003-3054 28861 * SendMessageToReplica (transportcommon.h:94): sending message to replica, len of replicaaddr is 3
20260308-231003-3054 28861 * SendMessageToReplica (transportcommon.h:97): key is 0, value is 441015728
20260308-231003-3054 28861 * SendMessageToReplica (transportcommon.h:97): key is 1, value is 441015728
20260308-231003-3054 28861 * SendMessageToReplica (transportcommon.h:97): key is 2, value is 441015728
20260308-231003-3055 28861 * InvokeHelper    (client.cc:139):    Sending CoordRequest: p=12884901890 s=17179869188 to group=2 replica=2
20260308-231003-3056 28861 * SendMessageToReplica (transportcommon.h:94): sending message to replica, len of replicaaddr is 3
20260308-231003-3056 28861 * SendMessageToReplica (transportcommon.h:97): key is 0, value is 441015936
20260308-231003-3056 28861 * SendMessageToReplica (transportcommon.h:97): key is 1, value is 441015936
20260308-231003-3056 28861 * SendMessageToReplica (transportcommon.h:97): key is 2, value is 441015936
20260308-231003-3057 28861 * SendRequest     (client.cc:201):    Sending client request with id 45 (shardtag=17179869188 predlist_size=1)
20260308-231003-3057 28861 * SendMessageToReplica (transportcommon.h:94): sending message to replica, len of replicaaddr is 3
20260308-231003-3058 28861 * SendMessageToReplica (transportcommon.h:97): key is 0, value is 441015728
20260308-231003-3058 28861 * SendMessageToReplica (transportcommon.h:97): key is 1, value is 441015728
20260308-231003-3058 28861 * SendMessageToReplica (transportcommon.h:97): key is 2, value is 441015728
20260308-231003-3058 28861 * SendMessageToReplica (transportcommon.h:94): sending message to replica, len of replicaaddr is 3
20260308-231003-3059 28861 * SendMessageToReplica (transportcommon.h:97): key is 0, value is 441015728
20260308-231003-3059 28861 * SendMessageToReplica (transportcommon.h:97): key is 1, value is 441015728
20260308-231003-3059 28861 * SendMessageToReplica (transportcommon.h:97): key is 2, value is 441015728
20260308-231003-3061 28861 * SendMessageToReplica (transportcommon.h:94): sending message to replica, len of replicaaddr is 3
20260308-231003-3062 28861 * SendMessageToReplica (transportcommon.h:97): key is 0, value is 441015760
20260308-231003-3062 28861 * SendMessageToReplica (transportcommon.h:97): key is 1, value is 441015760
20260308-231003-3062 28861 * SendMessageToReplica (transportcommon.h:97): key is 2, value is 441015760
20260308-231003-3063 28861 * SendMessageToReplica (transportcommon.h:94): sending message to replica, len of replicaaddr is 3
20260308-231003-3063 28861 * SendMessageToReplica (transportcommon.h:97): key is 0, value is 441015760
20260308-231003-3064 28861 * SendMessageToReplica (transportcommon.h:97): key is 1, value is 441015760
20260308-231003-3064 28861 * SendMessageToReplica (transportcommon.h:97): key is 2, value is 441015760
20260308-231003-7062 28861 * InvokeHelper    (client.cc:139):    Sending CoordRequest: p=17179869188 s=8589934598 to group=2 replica=2
20260308-231003-7063 28861 * SendMessageToReplica (transportcommon.h:94): sending message to replica, len of replicaaddr is 3
20260308-231003-7063 28861 * SendMessageToReplica (transportcommon.h:97): key is 0, value is 441015936
20260308-231003-7064 28861 * SendMessageToReplica (transportcommon.h:97): key is 1, value is 441015936
20260308-231003-7064 28861 * SendMessageToReplica (transportcommon.h:97): key is 2, value is 441015936
20260308-231003-7064 28861 * SendRequest     (client.cc:201):    Sending client request with id 46 (shardtag=8589934598 predlist_size=1)
20260308-231003-7065 28861 * SendMessageToReplica (transportcommon.h:94): sending message to replica, len of replicaaddr is 3
20260308-231003-7065 28861 * SendMessageToReplica (transportcommon.h:97): key is 0, value is 441015728
20260308-231003-7065 28861 * SendMessageToReplica (transportcommon.h:97): key is 1, value is 441015728
20260308-231003-7066 28861 * SendMessageToReplica (transportcommon.h:97): key is 2, value is 441015728
20260308-231003-7066 28861 * SendMessageToReplica (transportcommon.h:94): sending message to replica, len of replicaaddr is 3
20260308-231003-7066 28861 * SendMessageToReplica (transportcommon.h:97): key is 0, value is 441015728
20260308-231003-7067 28861 * SendMessageToReplica (transportcommon.h:97): key is 1, value is 441015728
20260308-231003-7067 28861 * SendMessageToReplica (transportcommon.h:97): key is 2, value is 441015728
20260308-231003-7069 28861 * SendMessageToReplica (transportcommon.h:94): sending message to replica, len of replicaaddr is 3
20260308-231003-7069 28861 * SendMessageToReplica (transportcommon.h:97): key is 0, value is 441015760
20260308-231003-7069 28861 * SendMessageToReplica (transportcommon.h:97): key is 1, value is 441015760
20260308-231003-7070 28861 * SendMessageToReplica (transportcommon.h:97): key is 2, value is 441015760
20260308-231004-0997 28861 * InvokeHelper    (client.cc:139):    Sending CoordRequest: p=8589934598 s=30064771080 to group=2 replica=2
20260308-231004-0998 28861 * SendMessageToReplica (transportcommon.h:94): sending message to replica, len of replicaaddr is 3
20260308-231004-0998 28861 * SendMessageToReplica (transportcommon.h:97): key is 0, value is 441015936
20260308-231004-0999 28861 * SendMessageToReplica (transportcommon.h:97): key is 1, value is 441015936
20260308-231004-0999 28861 * SendMessageToReplica (transportcommon.h:97): key is 2, value is 441015936
20260308-231004-0999 28861 * SendRequest     (client.cc:201):    Sending client request with id 47 (shardtag=30064771080 predlist_size=1)
20260308-231004-1000 28861 * SendMessageToReplica (transportcommon.h:94): sending message to replica, len of replicaaddr is 3
20260308-231004-1000 28861 * SendMessageToReplica (transportcommon.h:97): key is 0, value is 441015728
20260308-231004-1001 28861 * SendMessageToReplica (transportcommon.h:97): key is 1, value is 441015728
20260308-231004-1001 28861 * SendMessageToReplica (transportcommon.h:97): key is 2, value is 441015728
20260308-231004-1001 28861 * SendMessageToReplica (transportcommon.h:94): sending message to replica, len of replicaaddr is 3
20260308-231004-1002 28861 * SendMessageToReplica (transportcommon.h:97): key is 0, value is 441015728
20260308-231004-1002 28861 * SendMessageToReplica (transportcommon.h:97): key is 1, value is 441015728
20260308-231004-1002 28861 * SendMessageToReplica (transportcommon.h:97): key is 2, value is 441015728
20260308-231004-1004 28861 * SendMessageToReplica (transportcommon.h:94): sending message to replica, len of replicaaddr is 3
20260308-231004-1004 28861 * SendMessageToReplica (transportcommon.h:97): key is 0, value is 441015760
20260308-231004-1005 28861 * SendMessageToReplica (transportcommon.h:97): key is 1, value is 441015760
20260308-231004-1005 28861 * SendMessageToReplica (transportcommon.h:97): key is 2, value is 441015760
20260308-231004-1093 28861 * InvokeHelper    (client.cc:139):    Sending CoordRequest: p=30064771080 s=21474836489 to group=2 replica=2
20260308-231004-1094 28861 * SendMessageToReplica (transportcommon.h:94): sending message to replica, len of replicaaddr is 3
20260308-231004-1094 28861 * SendMessageToReplica (transportcommon.h:97): key is 0, value is 441015936
20260308-231004-1095 28861 * SendMessageToReplica (transportcommon.h:97): key is 1, value is 441015936
20260308-231004-1095 28861 * SendMessageToReplica (transportcommon.h:97): key is 2, value is 441015936
20260308-231004-1095 28861 * SendRequest     (client.cc:201):    Sending client request with id 48 (shardtag=21474836489 predlist_size=1)
20260308-231004-1096 28861 * SendMessageToReplica (transportcommon.h:94): sending message to replica, len of replicaaddr is 3
20260308-231004-1096 28861 * SendMessageToReplica (transportcommon.h:97): key is 0, value is 441015728
20260308-231004-1096 28861 * SendMessageToReplica (transportcommon.h:97): key is 1, value is 441015728
20260308-231004-1097 28861 * SendMessageToReplica (transportcommon.h:97): key is 2, value is 441015728
20260308-231004-1097 28861 * SendMessageToReplica (transportcommon.h:94): sending message to replica, len of replicaaddr is 3
20260308-231004-1097 28861 * SendMessageToReplica (transportcommon.h:97): key is 0, value is 441015728
20260308-231004-1098 28861 * SendMessageToReplica (transportcommon.h:97): key is 1, value is 441015728
20260308-231004-1098 28861 * SendMessageToReplica (transportcommon.h:97): key is 2, value is 441015728
20260308-231004-1100 28861 * SendMessageToReplica (transportcommon.h:94): sending message to replica, len of replicaaddr is 3
20260308-231004-1100 28861 * SendMessageToReplica (transportcommon.h:97): key is 0, value is 441015760
20260308-231004-1100 28861 * SendMessageToReplica (transportcommon.h:97): key is 1, value is 441015760
20260308-231004-1101 28861 * SendMessageToReplica (transportcommon.h:97): key is 2, value is 441015760
20260308-231004-1107 28861 * InvokeHelper    (client.cc:139):    Sending CoordRequest: p=21474836489 s=8589934599 to group=2 replica=2
20260308-231004-1108 28861 * SendMessageToReplica (transportcommon.h:94): sending message to replica, len of replicaaddr is 3
20260308-231004-1108 28861 * SendMessageToReplica (transportcommon.h:97): key is 0, value is 441015936
20260308-231004-1109 28861 * SendMessageToReplica (transportcommon.h:97): key is 1, value is 441015936
20260308-231004-1109 28861 * SendMessageToReplica (transportcommon.h:97): key is 2, value is 441015936
20260308-231004-1110 28861 * SendRequest     (client.cc:201):    Sending client request with id 49 (shardtag=8589934599 predlist_size=1)
20260308-231004-1110 28861 * SendMessageToReplica (transportcommon.h:94): sending message to replica, len of replicaaddr is 3
20260308-231004-1110 28861 * SendMessageToReplica (transportcommon.h:97): key is 0, value is 441015728
20260308-231004-1110 28861 * SendMessageToReplica (transportcommon.h:97): key is 1, value is 441015728
20260308-231004-1111 28861 * SendMessageToReplica (transportcommon.h:97): key is 2, value is 441015728
20260308-231004-1111 28861 * SendMessageToReplica (transportcommon.h:94): sending message to replica, len of replicaaddr is 3
20260308-231004-1111 28861 * SendMessageToReplica (transportcommon.h:97): key is 0, value is 441015728
20260308-231004-1112 28861 * SendMessageToReplica (transportcommon.h:97): key is 1, value is 441015728
20260308-231004-1112 28861 * SendMessageToReplica (transportcommon.h:97): key is 2, value is 441015728
20260308-231004-1114 28861 * SendMessageToReplica (transportcommon.h:94): sending message to replica, len of replicaaddr is 3
20260308-231004-1114 28861 * SendMessageToReplica (transportcommon.h:97): key is 0, value is 441015760
20260308-231004-1114 28861 * SendMessageToReplica (transportcommon.h:97): key is 1, value is 441015760
20260308-231004-1115 28861 * SendMessageToReplica (transportcommon.h:97): key is 2, value is 441015760
20260308-231004-5135 28861 * InvokeHelper    (client.cc:139):    Sending CoordRequest: p=8589934599 s=4294967300 to group=2 replica=2
20260308-231004-5135 28861 * SendMessageToReplica (transportcommon.h:94): sending message to replica, len of replicaaddr is 3
20260308-231004-5136 28861 * SendMessageToReplica (transportcommon.h:97): key is 0, value is 441015936
20260308-231004-5136 28861 * SendMessageToReplica (transportcommon.h:97): key is 1, value is 441015936
20260308-231004-5136 28861 * SendMessageToReplica (transportcommon.h:97): key is 2, value is 441015936
20260308-231004-5137 28861 * SendRequest     (client.cc:201):    Sending client request with id 50 (shardtag=4294967300 predlist_size=1)
20260308-231004-5138 28861 * SendMessageToReplica (transportcommon.h:94): sending message to replica, len of replicaaddr is 3
20260308-231004-5138 28861 * SendMessageToReplica (transportcommon.h:97): key is 0, value is 441015728
20260308-231004-5138 28861 * SendMessageToReplica (transportcommon.h:97): key is 1, value is 441015728
20260308-231004-5138 28861 * SendMessageToReplica (transportcommon.h:97): key is 2, value is 441015728
20260308-231004-5139 28861 * SendMessageToReplica (transportcommon.h:94): sending message to replica, len of replicaaddr is 3
20260308-231004-5139 28861 * SendMessageToReplica (transportcommon.h:97): key is 0, value is 441015728
20260308-231004-5139 28861 * SendMessageToReplica (transportcommon.h:97): key is 1, value is 441015728
20260308-231004-5140 28861 * SendMessageToReplica (transportcommon.h:97): key is 2, value is 441015728
20260308-231004-5141 28861 * SendMessageToReplica (transportcommon.h:94): sending message to replica, len of replicaaddr is 3
20260308-231004-5142 28861 * SendMessageToReplica (transportcommon.h:97): key is 0, value is 441015760
20260308-231004-5142 28861 * SendMessageToReplica (transportcommon.h:97): key is 1, value is 441015760
20260308-231004-5142 28861 * SendMessageToReplica (transportcommon.h:97): key is 2, value is 441015760
20260308-231004-5151 28861 * InvokeHelper    (client.cc:139):    Sending CoordRequest: p=4294967300 s=8589934600 to group=2 replica=2
20260308-231004-5152 28861 * SendMessageToReplica (transportcommon.h:94): sending message to replica, len of replicaaddr is 3
20260308-231004-5152 28861 * SendMessageToReplica (transportcommon.h:97): key is 0, value is 441015936
20260308-231004-5152 28861 * SendMessageToReplica (transportcommon.h:97): key is 1, value is 441015936
20260308-231004-5152 28861 * SendMessageToReplica (transportcommon.h:97): key is 2, value is 441015936
20260308-231004-5153 28861 * SendRequest     (client.cc:201):    Sending client request with id 51 (shardtag=8589934600 predlist_size=1)
20260308-231004-5153 28861 * SendMessageToReplica (transportcommon.h:94): sending message to replica, len of replicaaddr is 3
20260308-231004-5154 28861 * SendMessageToReplica (transportcommon.h:97): key is 0, value is 441015728
20260308-231004-5154 28861 * SendMessageToReplica (transportcommon.h:97): key is 1, value is 441015728
20260308-231004-5154 28861 * SendMessageToReplica (transportcommon.h:97): key is 2, value is 441015728
20260308-231004-5155 28861 * SendMessageToReplica (transportcommon.h:94): sending message to replica, len of replicaaddr is 3
20260308-231004-5155 28861 * SendMessageToReplica (transportcommon.h:97): key is 0, value is 441015728
20260308-231004-5155 28861 * SendMessageToReplica (transportcommon.h:97): key is 1, value is 441015728
20260308-231004-5156 28861 * SendMessageToReplica (transportcommon.h:97): key is 2, value is 441015728
20260308-231004-5157 28861 * SendMessageToReplica (transportcommon.h:94): sending message to replica, len of replicaaddr is 3
20260308-231004-5158 28861 * SendMessageToReplica (transportcommon.h:97): key is 0, value is 441015760
20260308-231004-5158 28861 * SendMessageToReplica (transportcommon.h:97): key is 1, value is 441015760
20260308-231004-5158 28861 * SendMessageToReplica (transportcommon.h:97): key is 2, value is 441015760
20260308-231004-5186 28861 * InvokeHelper    (client.cc:139):    Sending CoordRequest: p=8589934600 s=12884901891 to group=2 replica=2
20260308-231004-5187 28861 * SendMessageToReplica (transportcommon.h:94): sending message to replica, len of replicaaddr is 3
20260308-231004-5187 28861 * SendMessageToReplica (transportcommon.h:97): key is 0, value is 441015936
20260308-231004-5188 28861 * SendMessageToReplica (transportcommon.h:97): key is 1, value is 441015936
20260308-231004-5188 28861 * SendMessageToReplica (transportcommon.h:97): key is 2, value is 441015936
20260308-231004-5189 28861 * SendRequest     (client.cc:201):    Sending client request with id 52 (shardtag=12884901891 predlist_size=1)
20260308-231004-5189 28861 * SendMessageToReplica (transportcommon.h:94): sending message to replica, len of replicaaddr is 3
20260308-231004-5189 28861 * SendMessageToReplica (transportcommon.h:97): key is 0, value is 441015728
20260308-231004-5190 28861 * SendMessageToReplica (transportcommon.h:97): key is 1, value is 441015728
20260308-231004-5190 28861 * SendMessageToReplica (transportcommon.h:97): key is 2, value is 441015728
20260308-231004-5190 28861 * SendMessageToReplica (transportcommon.h:94): sending message to replica, len of replicaaddr is 3
20260308-231004-5191 28861 * SendMessageToReplica (transportcommon.h:97): key is 0, value is 441015728
20260308-231004-5191 28861 * SendMessageToReplica (transportcommon.h:97): key is 1, value is 441015728
20260308-231004-5191 28861 * SendMessageToReplica (transportcommon.h:97): key is 2, value is 441015728
20260308-231004-5193 28861 * SendMessageToReplica (transportcommon.h:94): sending message to replica, len of replicaaddr is 3
20260308-231004-5193 28861 * SendMessageToReplica (transportcommon.h:97): key is 0, value is 441015760
20260308-231004-5194 28861 * SendMessageToReplica (transportcommon.h:97): key is 1, value is 441015760
20260308-231004-5194 28861 * SendMessageToReplica (transportcommon.h:97): key is 2, value is 441015760
20260308-231004-9176 28861 * InvokeHelper    (client.cc:139):    Sending CoordRequest: p=12884901891 s=4294967301 to group=2 replica=2
20260308-231004-9177 28861 * SendMessageToReplica (transportcommon.h:94): sending message to replica, len of replicaaddr is 3
20260308-231004-9177 28861 * SendMessageToReplica (transportcommon.h:97): key is 0, value is 441015936
20260308-231004-9177 28861 * SendMessageToReplica (transportcommon.h:97): key is 1, value is 441015936
20260308-231004-9178 28861 * SendMessageToReplica (transportcommon.h:97): key is 2, value is 441015936
20260308-231004-9178 28861 * SendRequest     (client.cc:201):    Sending client request with id 53 (shardtag=4294967301 predlist_size=1)
20260308-231004-9179 28861 * SendMessageToReplica (transportcommon.h:94): sending message to replica, len of replicaaddr is 3
20260308-231004-9179 28861 * SendMessageToReplica (transportcommon.h:97): key is 0, value is 441015728
20260308-231004-9179 28861 * SendMessageToReplica (transportcommon.h:97): key is 1, value is 441015728
20260308-231004-9179 28861 * SendMessageToReplica (transportcommon.h:97): key is 2, value is 441015728
20260308-231004-9180 28861 * SendMessageToReplica (transportcommon.h:94): sending message to replica, len of replicaaddr is 3
20260308-231004-9180 28861 * SendMessageToReplica (transportcommon.h:97): key is 0, value is 441015728
20260308-231004-9180 28861 * SendMessageToReplica (transportcommon.h:97): key is 1, value is 441015728
20260308-231004-9181 28861 * SendMessageToReplica (transportcommon.h:97): key is 2, value is 441015728
20260308-231004-9182 28861 * InvokeHelper    (client.cc:139):    Sending CoordRequest: p=4294967301 s=11 to group=2 replica=2
20260308-231004-9183 28861 * SendMessageToReplica (transportcommon.h:94): sending message to replica, len of replicaaddr is 3
20260308-231004-9183 28861 * SendMessageToReplica (transportcommon.h:97): key is 0, value is 441015952
20260308-231004-9183 28861 * SendMessageToReplica (transportcommon.h:97): key is 1, value is 441015952
20260308-231004-9183 28861 * SendMessageToReplica (transportcommon.h:97): key is 2, value is 441015952
20260308-231004-9184 28861 * SendRequest     (client.cc:201):    Sending client request with id 54 (shardtag=11 predlist_size=1)
20260308-231004-9184 28861 * SendMessageToReplica (transportcommon.h:94): sending message to replica, len of replicaaddr is 3
20260308-231004-9185 28861 * SendMessageToReplica (transportcommon.h:97): key is 0, value is 441015744
20260308-231004-9185 28861 * SendMessageToReplica (transportcommon.h:97): key is 1, value is 441015744
20260308-231004-9185 28861 * SendMessageToReplica (transportcommon.h:97): key is 2, value is 441015744
20260308-231004-9186 28861 * SendMessageToReplica (transportcommon.h:94): sending message to replica, len of replicaaddr is 3
20260308-231004-9186 28861 * SendMessageToReplica (transportcommon.h:97): key is 0, value is 441015744
20260308-231004-9186 28861 * SendMessageToReplica (transportcommon.h:97): key is 1, value is 441015744
20260308-231004-9187 28861 * SendMessageToReplica (transportcommon.h:97): key is 2, value is 441015744
20260308-231004-9188 28861 * SendMessageToReplica (transportcommon.h:94): sending message to replica, len of replicaaddr is 3
20260308-231004-9189 28861 * SendMessageToReplica (transportcommon.h:97): key is 0, value is 441015760
20260308-231004-9189 28861 * SendMessageToReplica (transportcommon.h:97): key is 1, value is 441015760
20260308-231004-9189 28861 * SendMessageToReplica (transportcommon.h:97): key is 2, value is 441015760
20260308-231004-9190 28861 * SendMessageToReplica (transportcommon.h:94): sending message to replica, len of replicaaddr is 3
20260308-231004-9191 28861 * SendMessageToReplica (transportcommon.h:97): key is 0, value is 441015760
20260308-231004-9191 28861 * SendMessageToReplica (transportcommon.h:97): key is 1, value is 441015760
20260308-231004-9191 28861 * SendMessageToReplica (transportcommon.h:97): key is 2, value is 441015760
20260308-231004-9224 28861 * InvokeHelper    (client.cc:139):    Sending CoordRequest: p=11 s=12884901892 to group=2 replica=2
20260308-231004-9225 28861 * SendMessageToReplica (transportcommon.h:94): sending message to replica, len of replicaaddr is 3
20260308-231004-9225 28861 * SendMessageToReplica (transportcommon.h:97): key is 0, value is 441015936
20260308-231004-9225 28861 * SendMessageToReplica (transportcommon.h:97): key is 1, value is 441015936
20260308-231004-9225 28861 * SendMessageToReplica (transportcommon.h:97): key is 2, value is 441015936
20260308-231004-9226 28861 * SendRequest     (client.cc:201):    Sending client request with id 55 (shardtag=12884901892 predlist_size=1)
20260308-231004-9226 28861 * SendMessageToReplica (transportcommon.h:94): sending message to replica, len of replicaaddr is 3
20260308-231004-9227 28861 * SendMessageToReplica (transportcommon.h:97): key is 0, value is 441015728
20260308-231004-9227 28861 * SendMessageToReplica (transportcommon.h:97): key is 1, value is 441015728
20260308-231004-9227 28861 * SendMessageToReplica (transportcommon.h:97): key is 2, value is 441015728
20260308-231004-9228 28861 * SendMessageToReplica (transportcommon.h:94): sending message to replica, len of replicaaddr is 3
20260308-231004-9228 28861 * SendMessageToReplica (transportcommon.h:97): key is 0, value is 441015728
20260308-231004-9228 28861 * SendMessageToReplica (transportcommon.h:97): key is 1, value is 441015728
20260308-231004-9229 28861 * SendMessageToReplica (transportcommon.h:97): key is 2, value is 441015728
20260308-231004-9230 28861 * SendMessageToReplica (transportcommon.h:94): sending message to replica, len of replicaaddr is 3
20260308-231004-9231 28861 * SendMessageToReplica (transportcommon.h:97): key is 0, value is 441015760
20260308-231004-9231 28861 * SendMessageToReplica (transportcommon.h:97): key is 1, value is 441015760
20260308-231004-9231 28861 * SendMessageToReplica (transportcommon.h:97): key is 2, value is 441015760
20260308-231005-3114 28861 * InvokeHelper    (client.cc:139):    Sending CoordRequest: p=12884901892 s=30064771081 to group=2 replica=2
20260308-231005-3115 28861 * SendMessageToReplica (transportcommon.h:94): sending message to replica, len of replicaaddr is 3
20260308-231005-3115 28861 * SendMessageToReplica (transportcommon.h:97): key is 0, value is 441015936
20260308-231005-3116 28861 * SendMessageToReplica (transportcommon.h:97): key is 1, value is 441015936
20260308-231005-3116 28861 * SendMessageToReplica (transportcommon.h:97): key is 2, value is 441015936
20260308-231005-3117 28861 * SendRequest     (client.cc:201):    Sending client request with id 56 (shardtag=30064771081 predlist_size=1)
20260308-231005-3117 28861 * SendMessageToReplica (transportcommon.h:94): sending message to replica, len of replicaaddr is 3
20260308-231005-3117 28861 * SendMessageToReplica (transportcommon.h:97): key is 0, value is 441015728
20260308-231005-3118 28861 * SendMessageToReplica (transportcommon.h:97): key is 1, value is 441015728
20260308-231005-3118 28861 * SendMessageToReplica (transportcommon.h:97): key is 2, value is 441015728
20260308-231005-3118 28861 * SendMessageToReplica (transportcommon.h:94): sending message to replica, len of replicaaddr is 3
20260308-231005-3119 28861 * SendMessageToReplica (transportcommon.h:97): key is 0, value is 441015728
20260308-231005-3119 28861 * SendMessageToReplica (transportcommon.h:97): key is 1, value is 441015728
20260308-231005-3119 28861 * SendMessageToReplica (transportcommon.h:97): key is 2, value is 441015728
20260308-231005-3121 28861 * SendMessageToReplica (transportcommon.h:94): sending message to replica, len of replicaaddr is 3
20260308-231005-3122 28861 * SendMessageToReplica (transportcommon.h:97): key is 0, value is 441015760
20260308-231005-3122 28861 * SendMessageToReplica (transportcommon.h:97): key is 1, value is 441015760
20260308-231005-3122 28861 * SendMessageToReplica (transportcommon.h:97): key is 2, value is 441015760
20260308-231005-3216 28861 * InvokeHelper    (client.cc:139):    Sending CoordRequest: p=30064771081 s=21474836490 to group=2 replica=2
20260308-231005-3216 28861 * SendMessageToReplica (transportcommon.h:94): sending message to replica, len of replicaaddr is 3
20260308-231005-3217 28861 * SendMessageToReplica (transportcommon.h:97): key is 0, value is 441015936
20260308-231005-3217 28861 * SendMessageToReplica (transportcommon.h:97): key is 1, value is 441015936
20260308-231005-3217 28861 * SendMessageToReplica (transportcommon.h:97): key is 2, value is 441015936
20260308-231005-3218 28861 * SendRequest     (client.cc:201):    Sending client request with id 57 (shardtag=21474836490 predlist_size=1)
20260308-231005-3218 28861 * SendMessageToReplica (transportcommon.h:94): sending message to replica, len of replicaaddr is 3
20260308-231005-3218 28861 * SendMessageToReplica (transportcommon.h:97): key is 0, value is 441015728
20260308-231005-3219 28861 * SendMessageToReplica (transportcommon.h:97): key is 1, value is 441015728
20260308-231005-3219 28861 * SendMessageToReplica (transportcommon.h:97): key is 2, value is 441015728
20260308-231005-3219 28861 * SendMessageToReplica (transportcommon.h:94): sending message to replica, len of replicaaddr is 3
20260308-231005-3220 28861 * SendMessageToReplica (transportcommon.h:97): key is 0, value is 441015728
20260308-231005-3220 28861 * SendMessageToReplica (transportcommon.h:97): key is 1, value is 441015728
20260308-231005-3220 28861 * SendMessageToReplica (transportcommon.h:97): key is 2, value is 441015728
20260308-231005-3222 28861 * SendMessageToReplica (transportcommon.h:94): sending message to replica, len of replicaaddr is 3
20260308-231005-3222 28861 * SendMessageToReplica (transportcommon.h:97): key is 0, value is 441015760
20260308-231005-3223 28861 * SendMessageToReplica (transportcommon.h:97): key is 1, value is 441015760
20260308-231005-3223 28861 * SendMessageToReplica (transportcommon.h:97): key is 2, value is 441015760
20260308-231005-3234 28861 * InvokeHelper    (client.cc:139):    Sending CoordRequest: p=21474836490 s=4294967302 to group=2 replica=2
20260308-231005-3235 28861 * SendMessageToReplica (transportcommon.h:94): sending message to replica, len of replicaaddr is 3
20260308-231005-3235 28861 * SendMessageToReplica (transportcommon.h:97): key is 0, value is 441015936
20260308-231005-3235 28861 * SendMessageToReplica (transportcommon.h:97): key is 1, value is 441015936
20260308-231005-3235 28861 * SendMessageToReplica (transportcommon.h:97): key is 2, value is 441015936
20260308-231005-3236 28861 * SendRequest     (client.cc:201):    Sending client request with id 58 (shardtag=4294967302 predlist_size=1)
20260308-231005-3237 28861 * SendMessageToReplica (transportcommon.h:94): sending message to replica, len of replicaaddr is 3
20260308-231005-3237 28861 * SendMessageToReplica (transportcommon.h:97): key is 0, value is 441015728
20260308-231005-3237 28861 * SendMessageToReplica (transportcommon.h:97): key is 1, value is 441015728
20260308-231005-3237 28861 * SendMessageToReplica (transportcommon.h:97): key is 2, value is 441015728
20260308-231005-3238 28861 * SendMessageToReplica (transportcommon.h:94): sending message to replica, len of replicaaddr is 3
20260308-231005-3238 28861 * SendMessageToReplica (transportcommon.h:97): key is 0, value is 441015728
20260308-231005-3238 28861 * SendMessageToReplica (transportcommon.h:97): key is 1, value is 441015728
20260308-231005-3239 28861 * SendMessageToReplica (transportcommon.h:97): key is 2, value is 441015728
20260308-231005-3241 28861 * SendMessageToReplica (transportcommon.h:94): sending message to replica, len of replicaaddr is 3
20260308-231005-3241 28861 * SendMessageToReplica (transportcommon.h:97): key is 0, value is 441015760
20260308-231005-3242 28861 * SendMessageToReplica (transportcommon.h:97): key is 1, value is 441015760
20260308-231005-3242 28861 * SendMessageToReplica (transportcommon.h:97): key is 2, value is 441015760
20260308-231005-3243 28861 * InvokeHelper    (client.cc:139):    Sending CoordRequest: p=4294967302 s=12 to group=2 replica=2
20260308-231005-3243 28861 * SendMessageToReplica (transportcommon.h:94): sending message to replica, len of replicaaddr is 3
20260308-231005-3244 28861 * SendMessageToReplica (transportcommon.h:97): key is 0, value is 441015952
20260308-231005-3244 28861 * SendMessageToReplica (transportcommon.h:97): key is 1, value is 441015952
20260308-231005-3244 28861 * SendMessageToReplica (transportcommon.h:97): key is 2, value is 441015952
20260308-231005-3245 28861 * SendRequest     (client.cc:201):    Sending client request with id 59 (shardtag=12 predlist_size=1)
20260308-231005-3245 28861 * SendMessageToReplica (transportcommon.h:94): sending message to replica, len of replicaaddr is 3
20260308-231005-3245 28861 * SendMessageToReplica (transportcommon.h:97): key is 0, value is 441015744
20260308-231005-3246 28861 * SendMessageToReplica (transportcommon.h:97): key is 1, value is 441015744
20260308-231005-3246 28861 * SendMessageToReplica (transportcommon.h:97): key is 2, value is 441015744
20260308-231005-3246 28861 * SendMessageToReplica (transportcommon.h:94): sending message to replica, len of replicaaddr is 3
20260308-231005-3247 28861 * SendMessageToReplica (transportcommon.h:97): key is 0, value is 441015744
20260308-231005-3247 28861 * SendMessageToReplica (transportcommon.h:97): key is 1, value is 441015744
20260308-231005-3247 28861 * SendMessageToReplica (transportcommon.h:97): key is 2, value is 441015744
20260308-231005-3249 28861 * SendMessageToReplica (transportcommon.h:94): sending message to replica, len of replicaaddr is 3
20260308-231005-3249 28861 * SendMessageToReplica (transportcommon.h:97): key is 0, value is 441015760
20260308-231005-3250 28861 * SendMessageToReplica (transportcommon.h:97): key is 1, value is 441015760
20260308-231005-3250 28861 * SendMessageToReplica (transportcommon.h:97): key is 2, value is 441015760
20260308-231005-7278 28861 * InvokeHelper    (client.cc:139):    Sending CoordRequest: p=12 s=13 to group=2 replica=2
20260308-231005-7279 28861 * SendMessageToReplica (transportcommon.h:94): sending message to replica, len of replicaaddr is 3
20260308-231005-7279 28861 * SendMessageToReplica (transportcommon.h:97): key is 0, value is 441015952
20260308-231005-7279 28861 * SendMessageToReplica (transportcommon.h:97): key is 1, value is 441015952
20260308-231005-7280 28861 * SendMessageToReplica (transportcommon.h:97): key is 2, value is 441015952
20260308-231005-7281 28861 * SendRequest     (client.cc:201):    Sending client request with id 60 (shardtag=13 predlist_size=1)
20260308-231005-7281 28861 * SendMessageToReplica (transportcommon.h:94): sending message to replica, len of replicaaddr is 3
20260308-231005-7282 28861 * SendMessageToReplica (transportcommon.h:97): key is 0, value is 441015744
20260308-231005-7282 28861 * SendMessageToReplica (transportcommon.h:97): key is 1, value is 441015744
20260308-231005-7282 28861 * SendMessageToReplica (transportcommon.h:97): key is 2, value is 441015744
20260308-231005-7283 28861 * SendMessageToReplica (transportcommon.h:94): sending message to replica, len of replicaaddr is 3
20260308-231005-7283 28861 * SendMessageToReplica (transportcommon.h:97): key is 0, value is 441015744
20260308-231005-7283 28861 * SendMessageToReplica (transportcommon.h:97): key is 1, value is 441015744
20260308-231005-7283 28861 * SendMessageToReplica (transportcommon.h:97): key is 2, value is 441015744
20260308-231005-7285 28861 * SendMessageToReplica (transportcommon.h:94): sending message to replica, len of replicaaddr is 3
20260308-231005-7286 28861 * SendMessageToReplica (transportcommon.h:97): key is 0, value is 441015760
20260308-231005-7286 28861 * SendMessageToReplica (transportcommon.h:97): key is 1, value is 441015760
20260308-231005-7286 28861 * SendMessageToReplica (transportcommon.h:97): key is 2, value is 441015760
20260308-231006-1288 28861 * InvokeHelper    (client.cc:139):    Sending CoordRequest: p=13 s=8589934601 to group=2 replica=2
20260308-231006-1289 28861 * SendMessageToReplica (transportcommon.h:94): sending message to replica, len of replicaaddr is 3
20260308-231006-1289 28861 * SendMessageToReplica (transportcommon.h:97): key is 0, value is 441015936
20260308-231006-1289 28861 * SendMessageToReplica (transportcommon.h:97): key is 1, value is 441015936
20260308-231006-1290 28861 * SendMessageToReplica (transportcommon.h:97): key is 2, value is 441015936
20260308-231006-1290 28861 * SendRequest     (client.cc:201):    Sending client request with id 61 (shardtag=8589934601 predlist_size=1)
20260308-231006-1291 28861 * SendMessageToReplica (transportcommon.h:94): sending message to replica, len of replicaaddr is 3
20260308-231006-1291 28861 * SendMessageToReplica (transportcommon.h:97): key is 0, value is 441015728
20260308-231006-1291 28861 * SendMessageToReplica (transportcommon.h:97): key is 1, value is 441015728
20260308-231006-1292 28861 * SendMessageToReplica (transportcommon.h:97): key is 2, value is 441015728
20260308-231006-1292 28861 * SendMessageToReplica (transportcommon.h:94): sending message to replica, len of replicaaddr is 3
20260308-231006-1292 28861 * SendMessageToReplica (transportcommon.h:97): key is 0, value is 441015728
20260308-231006-1292 28861 * SendMessageToReplica (transportcommon.h:97): key is 1, value is 441015728
20260308-231006-1293 28861 * SendMessageToReplica (transportcommon.h:97): key is 2, value is 441015728
20260308-231006-1294 28861 * SendMessageToReplica (transportcommon.h:94): sending message to replica, len of replicaaddr is 3
20260308-231006-1295 28861 * SendMessageToReplica (transportcommon.h:97): key is 0, value is 441015760
20260308-231006-1295 28861 * SendMessageToReplica (transportcommon.h:97): key is 1, value is 441015760
20260308-231006-1295 28861 * SendMessageToReplica (transportcommon.h:97): key is 2, value is 441015760
20260308-231006-1351 28861 * InvokeHelper    (client.cc:139):    Sending CoordRequest: p=8589934601 s=12884901893 to group=2 replica=2
20260308-231006-1352 28861 * SendMessageToReplica (transportcommon.h:94): sending message to replica, len of replicaaddr is 3
20260308-231006-1352 28861 * SendMessageToReplica (transportcommon.h:97): key is 0, value is 441015936
20260308-231006-1352 28861 * SendMessageToReplica (transportcommon.h:97): key is 1, value is 441015936
20260308-231006-1353 28861 * SendMessageToReplica (transportcommon.h:97): key is 2, value is 441015936
20260308-231006-1353 28861 * SendRequest     (client.cc:201):    Sending client request with id 62 (shardtag=12884901893 predlist_size=1)
20260308-231006-1354 28861 * SendMessageToReplica (transportcommon.h:94): sending message to replica, len of replicaaddr is 3
20260308-231006-1354 28861 * SendMessageToReplica (transportcommon.h:97): key is 0, value is 441015728
20260308-231006-1354 28861 * SendMessageToReplica (transportcommon.h:97): key is 1, value is 441015728
20260308-231006-1355 28861 * SendMessageToReplica (transportcommon.h:97): key is 2, value is 441015728
20260308-231006-1355 28861 * SendMessageToReplica (transportcommon.h:94): sending message to replica, len of replicaaddr is 3
20260308-231006-1355 28861 * SendMessageToReplica (transportcommon.h:97): key is 0, value is 441015728
20260308-231006-1356 28861 * SendMessageToReplica (transportcommon.h:97): key is 1, value is 441015728
20260308-231006-1356 28861 * SendMessageToReplica (transportcommon.h:97): key is 2, value is 441015728
20260308-231006-1358 28861 * SendMessageToReplica (transportcommon.h:94): sending message to replica, len of replicaaddr is 3
20260308-231006-1358 28861 * SendMessageToReplica (transportcommon.h:97): key is 0, value is 441015760
20260308-231006-1358 28861 * SendMessageToReplica (transportcommon.h:97): key is 1, value is 441015760
20260308-231006-1359 28861 * SendMessageToReplica (transportcommon.h:97): key is 2, value is 441015760
20260308-231006-1361 28861 * InvokeHelper    (client.cc:139):    Sending CoordRequest: p=12884901893 s=17179869189 to group=2 replica=2
20260308-231006-1362 28861 * SendMessageToReplica (transportcommon.h:94): sending message to replica, len of replicaaddr is 3
20260308-231006-1362 28861 * SendMessageToReplica (transportcommon.h:97): key is 0, value is 441015936
20260308-231006-1362 28861 * SendMessageToReplica (transportcommon.h:97): key is 1, value is 441015936
20260308-231006-1362 28861 * SendMessageToReplica (transportcommon.h:97): key is 2, value is 441015936
20260308-231006-1363 28861 * SendRequest     (client.cc:201):    Sending client request with id 63 (shardtag=17179869189 predlist_size=1)
20260308-231006-1363 28861 * SendMessageToReplica (transportcommon.h:94): sending message to replica, len of replicaaddr is 3
20260308-231006-1364 28861 * SendMessageToReplica (transportcommon.h:97): key is 0, value is 441015728
20260308-231006-1364 28861 * SendMessageToReplica (transportcommon.h:97): key is 1, value is 441015728
20260308-231006-1364 28861 * SendMessageToReplica (transportcommon.h:97): key is 2, value is 441015728
20260308-231006-1365 28861 * SendMessageToReplica (transportcommon.h:94): sending message to replica, len of replicaaddr is 3
20260308-231006-1365 28861 * SendMessageToReplica (transportcommon.h:97): key is 0, value is 441015728
20260308-231006-1365 28861 * SendMessageToReplica (transportcommon.h:97): key is 1, value is 441015728
20260308-231006-1365 28861 * SendMessageToReplica (transportcommon.h:97): key is 2, value is 441015728
20260308-231006-1367 28861 * SendMessageToReplica (transportcommon.h:94): sending message to replica, len of replicaaddr is 3
20260308-231006-1367 28861 * SendMessageToReplica (transportcommon.h:97): key is 0, value is 441015760
20260308-231006-1368 28861 * SendMessageToReplica (transportcommon.h:97): key is 1, value is 441015760
20260308-231006-1368 28861 * SendMessageToReplica (transportcommon.h:97): key is 2, value is 441015760
20260308-231006-5228 28861 * InvokeHelper    (client.cc:139):    Sending CoordRequest: p=17179869189 s=30064771082 to group=2 replica=2
20260308-231006-5228 28861 * SendMessageToReplica (transportcommon.h:94): sending message to replica, len of replicaaddr is 3
20260308-231006-5229 28861 * SendMessageToReplica (transportcommon.h:97): key is 0, value is 441015936
20260308-231006-5229 28861 * SendMessageToReplica (transportcommon.h:97): key is 1, value is 441015936
20260308-231006-5229 28861 * SendMessageToReplica (transportcommon.h:97): key is 2, value is 441015936
20260308-231006-5230 28861 * SendRequest     (client.cc:201):    Sending client request with id 64 (shardtag=30064771082 predlist_size=1)
20260308-231006-5230 28861 * SendMessageToReplica (transportcommon.h:94): sending message to replica, len of replicaaddr is 3
20260308-231006-5231 28861 * SendMessageToReplica (transportcommon.h:97): key is 0, value is 441015728
20260308-231006-5231 28861 * SendMessageToReplica (transportcommon.h:97): key is 1, value is 441015728
20260308-231006-5231 28861 * SendMessageToReplica (transportcommon.h:97): key is 2, value is 441015728
20260308-231006-5232 28861 * SendMessageToReplica (transportcommon.h:94): sending message to replica, len of replicaaddr is 3
20260308-231006-5232 28861 * SendMessageToReplica (transportcommon.h:97): key is 0, value is 441015728
20260308-231006-5232 28861 * SendMessageToReplica (transportcommon.h:97): key is 1, value is 441015728
20260308-231006-5232 28861 * SendMessageToReplica (transportcommon.h:97): key is 2, value is 441015728
20260308-231006-5234 28861 * SendMessageToReplica (transportcommon.h:94): sending message to replica, len of replicaaddr is 3
20260308-231006-5235 28861 * SendMessageToReplica (transportcommon.h:97): key is 0, value is 441015760
20260308-231006-5235 28861 * SendMessageToReplica (transportcommon.h:97): key is 1, value is 441015760
20260308-231006-5235 28861 * SendMessageToReplica (transportcommon.h:97): key is 2, value is 441015760
20260308-231006-5319 28861 * InvokeHelper    (client.cc:139):    Sending CoordRequest: p=30064771082 s=8589934602 to group=2 replica=2
20260308-231006-5319 28861 * SendMessageToReplica (transportcommon.h:94): sending message to replica, len of replicaaddr is 3
20260308-231006-5320 28861 * SendMessageToReplica (transportcommon.h:97): key is 0, value is 441015936
20260308-231006-5320 28861 * SendMessageToReplica (transportcommon.h:97): key is 1, value is 441015936
20260308-231006-5320 28861 * SendMessageToReplica (transportcommon.h:97): key is 2, value is 441015936
20260308-231006-5321 28861 * SendRequest     (client.cc:201):    Sending client request with id 65 (shardtag=8589934602 predlist_size=1)
20260308-231006-5322 28861 * SendMessageToReplica (transportcommon.h:94): sending message to replica, len of replicaaddr is 3
20260308-231006-5322 28861 * SendMessageToReplica (transportcommon.h:97): key is 0, value is 441015728
20260308-231006-5322 28861 * SendMessageToReplica (transportcommon.h:97): key is 1, value is 441015728
20260308-231006-5322 28861 * SendMessageToReplica (transportcommon.h:97): key is 2, value is 441015728
20260308-231006-5323 28861 * SendMessageToReplica (transportcommon.h:94): sending message to replica, len of replicaaddr is 3
20260308-231006-5323 28861 * SendMessageToReplica (transportcommon.h:97): key is 0, value is 441015728
20260308-231006-5323 28861 * SendMessageToReplica (transportcommon.h:97): key is 1, value is 441015728
20260308-231006-5324 28861 * SendMessageToReplica (transportcommon.h:97): key is 2, value is 441015728
20260308-231006-5326 28861 * SendMessageToReplica (transportcommon.h:94): sending message to replica, len of replicaaddr is 3
20260308-231006-5327 28861 * SendMessageToReplica (transportcommon.h:97): key is 0, value is 441015760
20260308-231006-5327 28861 * SendMessageToReplica (transportcommon.h:97): key is 1, value is 441015760
20260308-231006-5327 28861 * SendMessageToReplica (transportcommon.h:97): key is 2, value is 441015760
20260308-231006-5366 28861 * InvokeHelper    (client.cc:139):    Sending CoordRequest: p=8589934602 s=14 to group=2 replica=2
20260308-231006-5367 28861 * SendMessageToReplica (transportcommon.h:94): sending message to replica, len of replicaaddr is 3
20260308-231006-5367 28861 * SendMessageToReplica (transportcommon.h:97): key is 0, value is 441015952
20260308-231006-5367 28861 * SendMessageToReplica (transportcommon.h:97): key is 1, value is 441015952
20260308-231006-5367 28861 * SendMessageToReplica (transportcommon.h:97): key is 2, value is 441015952
20260308-231006-5368 28861 * SendRequest     (client.cc:201):    Sending client request with id 66 (shardtag=14 predlist_size=1)
20260308-231006-5368 28861 * SendMessageToReplica (transportcommon.h:94): sending message to replica, len of replicaaddr is 3
20260308-231006-5369 28861 * SendMessageToReplica (transportcommon.h:97): key is 0, value is 441015744
20260308-231006-5369 28861 * SendMessageToReplica (transportcommon.h:97): key is 1, value is 441015744
20260308-231006-5369 28861 * SendMessageToReplica (transportcommon.h:97): key is 2, value is 441015744
20260308-231006-5370 28861 * SendMessageToReplica (transportcommon.h:94): sending message to replica, len of replicaaddr is 3
20260308-231006-5370 28861 * SendMessageToReplica (transportcommon.h:97): key is 0, value is 441015744
20260308-231006-5370 28861 * SendMessageToReplica (transportcommon.h:97): key is 1, value is 441015744
20260308-231006-5371 28861 * SendMessageToReplica (transportcommon.h:97): key is 2, value is 441015744
20260308-231006-5373 28861 * SendMessageToReplica (transportcommon.h:94): sending message to replica, len of replicaaddr is 3
20260308-231006-5373 28861 * SendMessageToReplica (transportcommon.h:97): key is 0, value is 441015760
20260308-231006-5373 28861 * SendMessageToReplica (transportcommon.h:97): key is 1, value is 441015760
20260308-231006-5374 28861 * SendMessageToReplica (transportcommon.h:97): key is 2, value is 441015760
20260308-231006-5386 28861 * InvokeHelper    (client.cc:139):    Sending CoordRequest: p=14 s=4294967303 to group=2 replica=2
20260308-231006-5386 28861 * SendMessageToReplica (transportcommon.h:94): sending message to replica, len of replicaaddr is 3
20260308-231006-5387 28861 * SendMessageToReplica (transportcommon.h:97): key is 0, value is 441015936
20260308-231006-5387 28861 * SendMessageToReplica (transportcommon.h:97): key is 1, value is 441015936
20260308-231006-5387 28861 * SendMessageToReplica (transportcommon.h:97): key is 2, value is 441015936
20260308-231006-5388 28861 * SendRequest     (client.cc:201):    Sending client request with id 67 (shardtag=4294967303 predlist_size=1)
20260308-231006-5388 28861 * SendMessageToReplica (transportcommon.h:94): sending message to replica, len of replicaaddr is 3
20260308-231006-5388 28861 * SendMessageToReplica (transportcommon.h:97): key is 0, value is 441015728
20260308-231006-5389 28861 * SendMessageToReplica (transportcommon.h:97): key is 1, value is 441015728
20260308-231006-5389 28861 * SendMessageToReplica (transportcommon.h:97): key is 2, value is 441015728
20260308-231006-5389 28861 * SendMessageToReplica (transportcommon.h:94): sending message to replica, len of replicaaddr is 3
20260308-231006-5390 28861 * SendMessageToReplica (transportcommon.h:97): key is 0, value is 441015728
20260308-231006-5390 28861 * SendMessageToReplica (transportcommon.h:97): key is 1, value is 441015728
20260308-231006-5390 28861 * SendMessageToReplica (transportcommon.h:97): key is 2, value is 441015728
20260308-231006-5391 28861 * InvokeHelper    (client.cc:139):    Sending CoordRequest: p=4294967303 s=17179869190 to group=2 replica=2
20260308-231006-5392 28861 * SendMessageToReplica (transportcommon.h:94): sending message to replica, len of replicaaddr is 3
20260308-231006-5392 28861 * SendMessageToReplica (transportcommon.h:97): key is 0, value is 441015936
20260308-231006-5392 28861 * SendMessageToReplica (transportcommon.h:97): key is 1, value is 441015936
20260308-231006-5392 28861 * SendMessageToReplica (transportcommon.h:97): key is 2, value is 441015936
20260308-231006-5393 28861 * SendRequest     (client.cc:201):    Sending client request with id 68 (shardtag=17179869190 predlist_size=1)
20260308-231006-5393 28861 * SendMessageToReplica (transportcommon.h:94): sending message to replica, len of replicaaddr is 3
20260308-231006-5394 28861 * SendMessageToReplica (transportcommon.h:97): key is 0, value is 441015728
20260308-231006-5394 28861 * SendMessageToReplica (transportcommon.h:97): key is 1, value is 441015728
20260308-231006-5394 28861 * SendMessageToReplica (transportcommon.h:97): key is 2, value is 441015728
20260308-231006-5394 28861 * SendMessageToReplica (transportcommon.h:94): sending message to replica, len of replicaaddr is 3
20260308-231006-5395 28861 * SendMessageToReplica (transportcommon.h:97): key is 0, value is 441015728
20260308-231006-5395 28861 * SendMessageToReplica (transportcommon.h:97): key is 1, value is 441015728
20260308-231006-5395 28861 * SendMessageToReplica (transportcommon.h:97): key is 2, value is 441015728
20260308-231006-5397 28861 * SendMessageToReplica (transportcommon.h:94): sending message to replica, len of replicaaddr is 3
20260308-231006-5398 28861 * SendMessageToReplica (transportcommon.h:97): key is 0, value is 441015760
20260308-231006-5398 28861 * SendMessageToReplica (transportcommon.h:97): key is 1, value is 441015760
20260308-231006-5398 28861 * SendMessageToReplica (transportcommon.h:97): key is 2, value is 441015760
20260308-231006-5399 28861 * SendMessageToReplica (transportcommon.h:94): sending message to replica, len of replicaaddr is 3
20260308-231006-5399 28861 * SendMessageToReplica (transportcommon.h:97): key is 0, value is 441015760
20260308-231006-5400 28861 * SendMessageToReplica (transportcommon.h:97): key is 1, value is 441015760
20260308-231006-5400 28861 * SendMessageToReplica (transportcommon.h:97): key is 2, value is 441015760
20260308-231006-9360 28861 * InvokeHelper    (client.cc:139):    Sending CoordRequest: p=17179869190 s=8589934603 to group=2 replica=2
20260308-231006-9360 28861 * SendMessageToReplica (transportcommon.h:94): sending message to replica, len of replicaaddr is 3
20260308-231006-9361 28861 * SendMessageToReplica (transportcommon.h:97): key is 0, value is 441015936
20260308-231006-9361 28861 * SendMessageToReplica (transportcommon.h:97): key is 1, value is 441015936
20260308-231006-9361 28861 * SendMessageToReplica (transportcommon.h:97): key is 2, value is 441015936
20260308-231006-9362 28861 * SendRequest     (client.cc:201):    Sending client request with id 69 (shardtag=8589934603 predlist_size=1)
20260308-231006-9362 28861 * SendMessageToReplica (transportcommon.h:94): sending message to replica, len of replicaaddr is 3
20260308-231006-9363 28861 * SendMessageToReplica (transportcommon.h:97): key is 0, value is 441015728
20260308-231006-9363 28861 * SendMessageToReplica (transportcommon.h:97): key is 1, value is 441015728
20260308-231006-9363 28861 * SendMessageToReplica (transportcommon.h:97): key is 2, value is 441015728
20260308-231006-9364 28861 * SendMessageToReplica (transportcommon.h:94): sending message to replica, len of replicaaddr is 3
20260308-231006-9364 28861 * SendMessageToReplica (transportcommon.h:97): key is 0, value is 441015728
20260308-231006-9364 28861 * SendMessageToReplica (transportcommon.h:97): key is 1, value is 441015728
20260308-231006-9364 28861 * SendMessageToReplica (transportcommon.h:97): key is 2, value is 441015728
20260308-231006-9366 28861 * SendMessageToReplica (transportcommon.h:94): sending message to replica, len of replicaaddr is 3
20260308-231006-9367 28861 * SendMessageToReplica (transportcommon.h:97): key is 0, value is 441015760
20260308-231006-9367 28861 * SendMessageToReplica (transportcommon.h:97): key is 1, value is 441015760
20260308-231006-9367 28861 * SendMessageToReplica (transportcommon.h:97): key is 2, value is 441015760
20260308-231006-9392 28861 * InvokeHelper    (client.cc:139):    Sending CoordRequest: p=8589934603 s=21474836491 to group=2 replica=2
20260308-231006-9393 28861 * SendMessageToReplica (transportcommon.h:94): sending message to replica, len of replicaaddr is 3
20260308-231006-9393 28861 * SendMessageToReplica (transportcommon.h:97): key is 0, value is 441015936
20260308-231006-9393 28861 * SendMessageToReplica (transportcommon.h:97): key is 1, value is 441015936
20260308-231006-9394 28861 * SendMessageToReplica (transportcommon.h:97): key is 2, value is 441015936
20260308-231006-9394 28861 * SendRequest     (client.cc:201):    Sending client request with id 70 (shardtag=21474836491 predlist_size=1)
20260308-231006-9395 28861 * SendMessageToReplica (transportcommon.h:94): sending message to replica, len of replicaaddr is 3
20260308-231006-9395 28861 * SendMessageToReplica (transportcommon.h:97): key is 0, value is 441015728
20260308-231006-9395 28861 * SendMessageToReplica (transportcommon.h:97): key is 1, value is 441015728
20260308-231006-9395 28861 * SendMessageToReplica (transportcommon.h:97): key is 2, value is 441015728
20260308-231006-9396 28861 * SendMessageToReplica (transportcommon.h:94): sending message to replica, len of replicaaddr is 3
20260308-231006-9396 28861 * SendMessageToReplica (transportcommon.h:97): key is 0, value is 441015728
20260308-231006-9397 28861 * SendMessageToReplica (transportcommon.h:97): key is 1, value is 441015728
20260308-231006-9397 28861 * SendMessageToReplica (transportcommon.h:97): key is 2, value is 441015728
20260308-231006-9398 28861 * InvokeHelper    (client.cc:139):    Sending CoordRequest: p=21474836491 s=15 to group=2 replica=2
20260308-231006-9399 28861 * SendMessageToReplica (transportcommon.h:94): sending message to replica, len of replicaaddr is 3
20260308-231006-9399 28861 * SendMessageToReplica (transportcommon.h:97): key is 0, value is 441015952
20260308-231006-9399 28861 * SendMessageToReplica (transportcommon.h:97): key is 1, value is 441015952
20260308-231006-9399 28861 * SendMessageToReplica (transportcommon.h:97): key is 2, value is 441015952
20260308-231006-9400 28861 * SendRequest     (client.cc:201):    Sending client request with id 71 (shardtag=15 predlist_size=1)
20260308-231006-9400 28861 * SendMessageToReplica (transportcommon.h:94): sending message to replica, len of replicaaddr is 3
20260308-231006-9401 28861 * SendMessageToReplica (transportcommon.h:97): key is 0, value is 441015744
20260308-231006-9401 28861 * SendMessageToReplica (transportcommon.h:97): key is 1, value is 441015744
20260308-231006-9401 28861 * SendMessageToReplica (transportcommon.h:97): key is 2, value is 441015744
20260308-231006-9402 28861 * SendMessageToReplica (transportcommon.h:94): sending message to replica, len of replicaaddr is 3
20260308-231006-9402 28861 * SendMessageToReplica (transportcommon.h:97): key is 0, value is 441015744
20260308-231006-9402 28861 * SendMessageToReplica (transportcommon.h:97): key is 1, value is 441015744
20260308-231006-9403 28861 * SendMessageToReplica (transportcommon.h:97): key is 2, value is 441015744
20260308-231006-9404 28861 * SendMessageToReplica (transportcommon.h:94): sending message to replica, len of replicaaddr is 3
20260308-231006-9405 28861 * SendMessageToReplica (transportcommon.h:97): key is 0, value is 441015760
20260308-231006-9405 28861 * SendMessageToReplica (transportcommon.h:97): key is 1, value is 441015760
20260308-231006-9405 28861 * SendMessageToReplica (transportcommon.h:97): key is 2, value is 441015760
20260308-231006-9406 28861 * SendMessageToReplica (transportcommon.h:94): sending message to replica, len of replicaaddr is 3
20260308-231006-9407 28861 * SendMessageToReplica (transportcommon.h:97): key is 0, value is 441015760
20260308-231006-9407 28861 * SendMessageToReplica (transportcommon.h:97): key is 1, value is 441015760
20260308-231006-9407 28861 * SendMessageToReplica (transportcommon.h:97): key is 2, value is 441015760
20260308-231007-3399 28861 * InvokeHelper    (client.cc:139):    Sending CoordRequest: p=15 s=8589934604 to group=2 replica=2
20260308-231007-3400 28861 * SendMessageToReplica (transportcommon.h:94): sending message to replica, len of replicaaddr is 3
20260308-231007-3400 28861 * SendMessageToReplica (transportcommon.h:97): key is 0, value is 441015936
20260308-231007-3400 28861 * SendMessageToReplica (transportcommon.h:97): key is 1, value is 441015936
20260308-231007-3401 28861 * SendMessageToReplica (transportcommon.h:97): key is 2, value is 441015936
20260308-231007-3402 28861 * SendRequest     (client.cc:201):    Sending client request with id 72 (shardtag=8589934604 predlist_size=1)
20260308-231007-3402 28861 * SendMessageToReplica (transportcommon.h:94): sending message to replica, len of replicaaddr is 3
20260308-231007-3402 28861 * SendMessageToReplica (transportcommon.h:97): key is 0, value is 441015728
20260308-231007-3403 28861 * SendMessageToReplica (transportcommon.h:97): key is 1, value is 441015728
20260308-231007-3403 28861 * SendMessageToReplica (transportcommon.h:97): key is 2, value is 441015728
20260308-231007-3403 28861 * SendMessageToReplica (transportcommon.h:94): sending message to replica, len of replicaaddr is 3
20260308-231007-3404 28861 * SendMessageToReplica (transportcommon.h:97): key is 0, value is 441015728
20260308-231007-3404 28861 * SendMessageToReplica (transportcommon.h:97): key is 1, value is 441015728
20260308-231007-3404 28861 * SendMessageToReplica (transportcommon.h:97): key is 2, value is 441015728
20260308-231007-3406 28861 * SendMessageToReplica (transportcommon.h:94): sending message to replica, len of replicaaddr is 3
20260308-231007-3407 28861 * SendMessageToReplica (transportcommon.h:97): key is 0, value is 441015760
20260308-231007-3407 28861 * SendMessageToReplica (transportcommon.h:97): key is 1, value is 441015760
20260308-231007-3407 28861 * SendMessageToReplica (transportcommon.h:97): key is 2, value is 441015760
20260308-231007-3482 28861 * InvokeHelper    (client.cc:139):    Sending CoordRequest: p=8589934604 s=4294967304 to group=2 replica=2
20260308-231007-3483 28861 * SendMessageToReplica (transportcommon.h:94): sending message to replica, len of replicaaddr is 3
20260308-231007-3483 28861 * SendMessageToReplica (transportcommon.h:97): key is 0, value is 441015936
20260308-231007-3484 28861 * SendMessageToReplica (transportcommon.h:97): key is 1, value is 441015936
20260308-231007-3484 28861 * SendMessageToReplica (transportcommon.h:97): key is 2, value is 441015936
20260308-231007-3484 28861 * SendRequest     (client.cc:201):    Sending client request with id 73 (shardtag=4294967304 predlist_size=1)
20260308-231007-3485 28861 * SendMessageToReplica (transportcommon.h:94): sending message to replica, len of replicaaddr is 3
20260308-231007-3485 28861 * SendMessageToReplica (transportcommon.h:97): key is 0, value is 441015728
20260308-231007-3485 28861 * SendMessageToReplica (transportcommon.h:97): key is 1, value is 441015728
20260308-231007-3486 28861 * SendMessageToReplica (transportcommon.h:97): key is 2, value is 441015728
20260308-231007-3486 28861 * SendMessageToReplica (transportcommon.h:94): sending message to replica, len of replicaaddr is 3
20260308-231007-3486 28861 * SendMessageToReplica (transportcommon.h:97): key is 0, value is 441015728
20260308-231007-3487 28861 * SendMessageToReplica (transportcommon.h:97): key is 1, value is 441015728
20260308-231007-3487 28861 * SendMessageToReplica (transportcommon.h:97): key is 2, value is 441015728
20260308-231007-3489 28861 * SendMessageToReplica (transportcommon.h:94): sending message to replica, len of replicaaddr is 3
20260308-231007-3489 28861 * SendMessageToReplica (transportcommon.h:97): key is 0, value is 441015760
20260308-231007-3489 28861 * SendMessageToReplica (transportcommon.h:97): key is 1, value is 441015760
20260308-231007-3490 28861 * SendMessageToReplica (transportcommon.h:97): key is 2, value is 441015760
20260308-231007-7439 28861 * InvokeHelper    (client.cc:139):    Sending CoordRequest: p=4294967304 s=8589934605 to group=2 replica=2
20260308-231007-7440 28861 * SendMessageToReplica (transportcommon.h:94): sending message to replica, len of replicaaddr is 3
20260308-231007-7441 28861 * SendMessageToReplica (transportcommon.h:97): key is 0, value is 441015936
20260308-231007-7441 28861 * SendMessageToReplica (transportcommon.h:97): key is 1, value is 441015936
20260308-231007-7441 28861 * SendMessageToReplica (transportcommon.h:97): key is 2, value is 441015936
20260308-231007-7442 28861 * SendRequest     (client.cc:201):    Sending client request with id 74 (shardtag=8589934605 predlist_size=1)
20260308-231007-7442 28861 * SendMessageToReplica (transportcommon.h:94): sending message to replica, len of replicaaddr is 3
20260308-231007-7443 28861 * SendMessageToReplica (transportcommon.h:97): key is 0, value is 441015728
20260308-231007-7443 28861 * SendMessageToReplica (transportcommon.h:97): key is 1, value is 441015728
20260308-231007-7443 28861 * SendMessageToReplica (transportcommon.h:97): key is 2, value is 441015728
20260308-231007-7444 28861 * SendMessageToReplica (transportcommon.h:94): sending message to replica, len of replicaaddr is 3
20260308-231007-7444 28861 * SendMessageToReplica (transportcommon.h:97): key is 0, value is 441015728
20260308-231007-7444 28861 * SendMessageToReplica (transportcommon.h:97): key is 1, value is 441015728
20260308-231007-7445 28861 * SendMessageToReplica (transportcommon.h:97): key is 2, value is 441015728
20260308-231007-7446 28861 * SendMessageToReplica (transportcommon.h:94): sending message to replica, len of replicaaddr is 3
20260308-231007-7447 28861 * SendMessageToReplica (transportcommon.h:97): key is 0, value is 441015760
20260308-231007-7447 28861 * SendMessageToReplica (transportcommon.h:97): key is 1, value is 441015760
20260308-231007-7447 28861 * SendMessageToReplica (transportcommon.h:97): key is 2, value is 441015760
20260308-231007-7481 28861 * InvokeHelper    (client.cc:139):    Sending CoordRequest: p=8589934605 s=21474836492 to group=2 replica=2
20260308-231007-7482 28861 * SendMessageToReplica (transportcommon.h:94): sending message to replica, len of replicaaddr is 3
20260308-231007-7482 28861 * SendMessageToReplica (transportcommon.h:97): key is 0, value is 441015936
20260308-231007-7482 28861 * SendMessageToReplica (transportcommon.h:97): key is 1, value is 441015936
20260308-231007-7483 28861 * SendMessageToReplica (transportcommon.h:97): key is 2, value is 441015936
20260308-231007-7483 28861 * SendRequest     (client.cc:201):    Sending client request with id 75 (shardtag=21474836492 predlist_size=1)
20260308-231007-7484 28861 * SendMessageToReplica (transportcommon.h:94): sending message to replica, len of replicaaddr is 3
20260308-231007-7484 28861 * SendMessageToReplica (transportcommon.h:97): key is 0, value is 441015728
20260308-231007-7484 28861 * SendMessageToReplica (transportcommon.h:97): key is 1, value is 441015728
20260308-231007-7485 28861 * SendMessageToReplica (transportcommon.h:97): key is 2, value is 441015728
20260308-231007-7485 28861 * SendMessageToReplica (transportcommon.h:94): sending message to replica, len of replicaaddr is 3
20260308-231007-7485 28861 * SendMessageToReplica (transportcommon.h:97): key is 0, value is 441015728
20260308-231007-7486 28861 * SendMessageToReplica (transportcommon.h:97): key is 1, value is 441015728
20260308-231007-7486 28861 * SendMessageToReplica (transportcommon.h:97): key is 2, value is 441015728
20260308-231007-7487 28861 * InvokeHelper    (client.cc:139):    Sending CoordRequest: p=21474836492 s=16 to group=2 replica=2
20260308-231007-7488 28861 * SendMessageToReplica (transportcommon.h:94): sending message to replica, len of replicaaddr is 3
20260308-231007-7488 28861 * SendMessageToReplica (transportcommon.h:97): key is 0, value is 441015952
20260308-231007-7488 28861 * SendMessageToReplica (transportcommon.h:97): key is 1, value is 441015952
20260308-231007-7488 28861 * SendMessageToReplica (transportcommon.h:97): key is 2, value is 441015952
20260308-231007-7489 28861 * SendRequest     (client.cc:201):    Sending client request with id 76 (shardtag=16 predlist_size=1)
20260308-231007-7489 28861 * SendMessageToReplica (transportcommon.h:94): sending message to replica, len of replicaaddr is 3
20260308-231007-7490 28861 * SendMessageToReplica (transportcommon.h:97): key is 0, value is 441015744
20260308-231007-7490 28861 * SendMessageToReplica (transportcommon.h:97): key is 1, value is 441015744
20260308-231007-7490 28861 * SendMessageToReplica (transportcommon.h:97): key is 2, value is 441015744
20260308-231007-7490 28861 * SendMessageToReplica (transportcommon.h:94): sending message to replica, len of replicaaddr is 3
20260308-231007-7491 28861 * SendMessageToReplica (transportcommon.h:97): key is 0, value is 441015744
20260308-231007-7491 28861 * SendMessageToReplica (transportcommon.h:97): key is 1, value is 441015744
20260308-231007-7491 28861 * SendMessageToReplica (transportcommon.h:97): key is 2, value is 441015744
20260308-231007-7493 28861 * SendMessageToReplica (transportcommon.h:94): sending message to replica, len of replicaaddr is 3
20260308-231007-7493 28861 * SendMessageToReplica (transportcommon.h:97): key is 0, value is 441015760
20260308-231007-7494 28861 * SendMessageToReplica (transportcommon.h:97): key is 1, value is 441015760
20260308-231007-7494 28861 * SendMessageToReplica (transportcommon.h:97): key is 2, value is 441015760
20260308-231007-7495 28861 * SendMessageToReplica (transportcommon.h:94): sending message to replica, len of replicaaddr is 3
20260308-231007-7495 28861 * SendMessageToReplica (transportcommon.h:97): key is 0, value is 441015760
20260308-231007-7496 28861 * SendMessageToReplica (transportcommon.h:97): key is 1, value is 441015760
20260308-231007-7496 28861 * SendMessageToReplica (transportcommon.h:97): key is 2, value is 441015760
20260308-231007-7520 28861 * InvokeHelper    (client.cc:139):    Sending CoordRequest: p=16 s=17179869191 to group=2 replica=2
20260308-231007-7521 28861 * SendMessageToReplica (transportcommon.h:94): sending message to replica, len of replicaaddr is 3
20260308-231007-7521 28861 * SendMessageToReplica (transportcommon.h:97): key is 0, value is 441015936
20260308-231007-7521 28861 * SendMessageToReplica (transportcommon.h:97): key is 1, value is 441015936
20260308-231007-7522 28861 * SendMessageToReplica (transportcommon.h:97): key is 2, value is 441015936
20260308-231007-7522 28861 * SendRequest     (client.cc:201):    Sending client request with id 77 (shardtag=17179869191 predlist_size=1)
20260308-231007-7523 28861 * SendMessageToReplica (transportcommon.h:94): sending message to replica, len of replicaaddr is 3
20260308-231007-7523 28861 * SendMessageToReplica (transportcommon.h:97): key is 0, value is 441015728
20260308-231007-7523 28861 * SendMessageToReplica (transportcommon.h:97): key is 1, value is 441015728
20260308-231007-7524 28861 * SendMessageToReplica (transportcommon.h:97): key is 2, value is 441015728
20260308-231007-7524 28861 * SendMessageToReplica (transportcommon.h:94): sending message to replica, len of replicaaddr is 3
20260308-231007-7524 28861 * SendMessageToReplica (transportcommon.h:97): key is 0, value is 441015728
20260308-231007-7524 28861 * SendMessageToReplica (transportcommon.h:97): key is 1, value is 441015728
20260308-231007-7525 28861 * SendMessageToReplica (transportcommon.h:97): key is 2, value is 441015728
20260308-231007-7527 28861 * SendMessageToReplica (transportcommon.h:94): sending message to replica, len of replicaaddr is 3
20260308-231007-7527 28861 * SendMessageToReplica (transportcommon.h:97): key is 0, value is 441015760
20260308-231007-7527 28861 * SendMessageToReplica (transportcommon.h:97): key is 1, value is 441015760
20260308-231007-7528 28861 * SendMessageToReplica (transportcommon.h:97): key is 2, value is 441015760
20260308-231008-1482 28861 * InvokeHelper    (client.cc:139):    Sending CoordRequest: p=17179869191 s=25769803783 to group=2 replica=2
20260308-231008-1483 28861 * SendMessageToReplica (transportcommon.h:94): sending message to replica, len of replicaaddr is 3
20260308-231008-1483 28861 * SendMessageToReplica (transportcommon.h:97): key is 0, value is 441015936
20260308-231008-1483 28861 * SendMessageToReplica (transportcommon.h:97): key is 1, value is 441015936
20260308-231008-1484 28861 * SendMessageToReplica (transportcommon.h:97): key is 2, value is 441015936
20260308-231008-1484 28861 * SendRequest     (client.cc:201):    Sending client request with id 78 (shardtag=25769803783 predlist_size=1)
20260308-231008-1485 28861 * SendMessageToReplica (transportcommon.h:94): sending message to replica, len of replicaaddr is 3
20260308-231008-1485 28861 * SendMessageToReplica (transportcommon.h:97): key is 0, value is 441015728
20260308-231008-1485 28861 * SendMessageToReplica (transportcommon.h:97): key is 1, value is 441015728
20260308-231008-1485 28861 * SendMessageToReplica (transportcommon.h:97): key is 2, value is 441015728
20260308-231008-1486 28861 * SendMessageToReplica (transportcommon.h:94): sending message to replica, len of replicaaddr is 3
20260308-231008-1486 28861 * SendMessageToReplica (transportcommon.h:97): key is 0, value is 441015728
20260308-231008-1486 28861 * SendMessageToReplica (transportcommon.h:97): key is 1, value is 441015728
20260308-231008-1487 28861 * SendMessageToReplica (transportcommon.h:97): key is 2, value is 441015728
20260308-231008-1488 28861 * InvokeHelper    (client.cc:139):    Sending CoordRequest: p=25769803783 s=8589934606 to group=2 replica=2
20260308-231008-1488 28861 * SendMessageToReplica (transportcommon.h:94): sending message to replica, len of replicaaddr is 3
20260308-231008-1489 28861 * SendMessageToReplica (transportcommon.h:97): key is 0, value is 441015936
20260308-231008-1489 28861 * SendMessageToReplica (transportcommon.h:97): key is 1, value is 441015936
20260308-231008-1489 28861 * SendMessageToReplica (transportcommon.h:97): key is 2, value is 441015936
20260308-231008-1490 28861 * SendRequest     (client.cc:201):    Sending client request with id 79 (shardtag=8589934606 predlist_size=1)
20260308-231008-1490 28861 * SendMessageToReplica (transportcommon.h:94): sending message to replica, len of replicaaddr is 3
20260308-231008-1490 28861 * SendMessageToReplica (transportcommon.h:97): key is 0, value is 441015728
20260308-231008-1491 28861 * SendMessageToReplica (transportcommon.h:97): key is 1, value is 441015728
20260308-231008-1491 28861 * SendMessageToReplica (transportcommon.h:97): key is 2, value is 441015728
20260308-231008-1491 28861 * SendMessageToReplica (transportcommon.h:94): sending message to replica, len of replicaaddr is 3
20260308-231008-1492 28861 * SendMessageToReplica (transportcommon.h:97): key is 0, value is 441015728
20260308-231008-1492 28861 * SendMessageToReplica (transportcommon.h:97): key is 1, value is 441015728
20260308-231008-1492 28861 * SendMessageToReplica (transportcommon.h:97): key is 2, value is 441015728
20260308-231008-1494 28861 * SendMessageToReplica (transportcommon.h:94): sending message to replica, len of replicaaddr is 3
20260308-231008-1494 28861 * SendMessageToReplica (transportcommon.h:97): key is 0, value is 441015760
20260308-231008-1495 28861 * SendMessageToReplica (transportcommon.h:97): key is 1, value is 441015760
20260308-231008-1495 28861 * SendMessageToReplica (transportcommon.h:97): key is 2, value is 441015760
20260308-231008-1496 28861 * SendMessageToReplica (transportcommon.h:94): sending message to replica, len of replicaaddr is 3
20260308-231008-1496 28861 * SendMessageToReplica (transportcommon.h:97): key is 0, value is 441015760
20260308-231008-1496 28861 * SendMessageToReplica (transportcommon.h:97): key is 1, value is 441015760
20260308-231008-1497 28861 * SendMessageToReplica (transportcommon.h:97): key is 2, value is 441015760
20260308-231008-1531 28861 * InvokeHelper    (client.cc:139):    Sending CoordRequest: p=8589934606 s=21474836493 to group=2 replica=2
20260308-231008-1532 28861 * SendMessageToReplica (transportcommon.h:94): sending message to replica, len of replicaaddr is 3
20260308-231008-1532 28861 * SendMessageToReplica (transportcommon.h:97): key is 0, value is 441015936
20260308-231008-1533 28861 * SendMessageToReplica (transportcommon.h:97): key is 1, value is 441015936
20260308-231008-1533 28861 * SendMessageToReplica (transportcommon.h:97): key is 2, value is 441015936
20260308-231008-1533 28861 * SendRequest     (client.cc:201):    Sending client request with id 80 (shardtag=21474836493 predlist_size=1)
20260308-231008-1534 28861 * SendMessageToReplica (transportcommon.h:94): sending message to replica, len of replicaaddr is 3
20260308-231008-1534 28861 * SendMessageToReplica (transportcommon.h:97): key is 0, value is 441015728
20260308-231008-1534 28861 * SendMessageToReplica (transportcommon.h:97): key is 1, value is 441015728
20260308-231008-1535 28861 * SendMessageToReplica (transportcommon.h:97): key is 2, value is 441015728
20260308-231008-1535 28861 * SendMessageToReplica (transportcommon.h:94): sending message to replica, len of replicaaddr is 3
20260308-231008-1535 28861 * SendMessageToReplica (transportcommon.h:97): key is 0, value is 441015728
20260308-231008-1536 28861 * SendMessageToReplica (transportcommon.h:97): key is 1, value is 441015728
20260308-231008-1536 28861 * SendMessageToReplica (transportcommon.h:97): key is 2, value is 441015728
20260308-231008-1538 28861 * SendMessageToReplica (transportcommon.h:94): sending message to replica, len of replicaaddr is 3
20260308-231008-1538 28861 * SendMessageToReplica (transportcommon.h:97): key is 0, value is 441015760
20260308-231008-1539 28861 * SendMessageToReplica (transportcommon.h:97): key is 1, value is 441015760
20260308-231008-1539 28861 * SendMessageToReplica (transportcommon.h:97): key is 2, value is 441015760
20260308-231008-1572 28861 * InvokeHelper    (client.cc:139):    Sending CoordRequest: p=21474836493 s=4294967305 to group=2 replica=2
20260308-231008-1573 28861 * SendMessageToReplica (transportcommon.h:94): sending message to replica, len of replicaaddr is 3
20260308-231008-1573 28861 * SendMessageToReplica (transportcommon.h:97): key is 0, value is 441015936
20260308-231008-1573 28861 * SendMessageToReplica (transportcommon.h:97): key is 1, value is 441015936
20260308-231008-1574 28861 * SendMessageToReplica (transportcommon.h:97): key is 2, value is 441015936
20260308-231008-1574 28861 * SendRequest     (client.cc:201):    Sending client request with id 81 (shardtag=4294967305 predlist_size=1)
20260308-231008-1575 28861 * SendMessageToReplica (transportcommon.h:94): sending message to replica, len of replicaaddr is 3
20260308-231008-1575 28861 * SendMessageToReplica (transportcommon.h:97): key is 0, value is 441015728
20260308-231008-1575 28861 * SendMessageToReplica (transportcommon.h:97): key is 1, value is 441015728
20260308-231008-1575 28861 * SendMessageToReplica (transportcommon.h:97): key is 2, value is 441015728
20260308-231008-1576 28861 * SendMessageToReplica (transportcommon.h:94): sending message to replica, len of replicaaddr is 3
20260308-231008-1576 28861 * SendMessageToReplica (transportcommon.h:97): key is 0, value is 441015728
20260308-231008-1576 28861 * SendMessageToReplica (transportcommon.h:97): key is 1, value is 441015728
20260308-231008-1577 28861 * SendMessageToReplica (transportcommon.h:97): key is 2, value is 441015728
20260308-231008-1577 28861 * InvokeHelper    (client.cc:139):    Sending CoordRequest: p=4294967305 s=12884901894 to group=2 replica=2
20260308-231008-1578 28861 * SendMessageToReplica (transportcommon.h:94): sending message to replica, len of replicaaddr is 3
20260308-231008-1578 28861 * SendMessageToReplica (transportcommon.h:97): key is 0, value is 441015936
20260308-231008-1578 28861 * SendMessageToReplica (transportcommon.h:97): key is 1, value is 441015936
20260308-231008-1579 28861 * SendMessageToReplica (transportcommon.h:97): key is 2, value is 441015936
20260308-231008-1579 28861 * SendRequest     (client.cc:201):    Sending client request with id 82 (shardtag=12884901894 predlist_size=1)
20260308-231008-1580 28861 * SendMessageToReplica (transportcommon.h:94): sending message to replica, len of replicaaddr is 3
20260308-231008-1580 28861 * SendMessageToReplica (transportcommon.h:97): key is 0, value is 441015728
20260308-231008-1580 28861 * SendMessageToReplica (transportcommon.h:97): key is 1, value is 441015728
20260308-231008-1580 28861 * SendMessageToReplica (transportcommon.h:97): key is 2, value is 441015728
20260308-231008-1581 28861 * SendMessageToReplica (transportcommon.h:94): sending message to replica, len of replicaaddr is 3
20260308-231008-1581 28861 * SendMessageToReplica (transportcommon.h:97): key is 0, value is 441015728
20260308-231008-1581 28861 * SendMessageToReplica (transportcommon.h:97): key is 1, value is 441015728
20260308-231008-1582 28861 * SendMessageToReplica (transportcommon.h:97): key is 2, value is 441015728
20260308-231008-1583 28861 * SendMessageToReplica (transportcommon.h:94): sending message to replica, len of replicaaddr is 3
20260308-231008-1584 28861 * SendMessageToReplica (transportcommon.h:97): key is 0, value is 441015760
20260308-231008-1584 28861 * SendMessageToReplica (transportcommon.h:97): key is 1, value is 441015760
20260308-231008-1584 28861 * SendMessageToReplica (transportcommon.h:97): key is 2, value is 441015760
20260308-231008-1585 28861 * SendMessageToReplica (transportcommon.h:94): sending message to replica, len of replicaaddr is 3
20260308-231008-1586 28861 * SendMessageToReplica (transportcommon.h:97): key is 0, value is 441015760
20260308-231008-1586 28861 * SendMessageToReplica (transportcommon.h:97): key is 1, value is 441015760
20260308-231008-1586 28861 * SendMessageToReplica (transportcommon.h:97): key is 2, value is 441015760
20260308-231008-5544 28861 * InvokeHelper    (client.cc:139):    Sending CoordRequest: p=12884901894 s=8589934607 to group=2 replica=2
20260308-231008-5544 28861 * SendMessageToReplica (transportcommon.h:94): sending message to replica, len of replicaaddr is 3
20260308-231008-5545 28861 * SendMessageToReplica (transportcommon.h:97): key is 0, value is 441015936
20260308-231008-5545 28861 * SendMessageToReplica (transportcommon.h:97): key is 1, value is 441015936
20260308-231008-5545 28861 * SendMessageToReplica (transportcommon.h:97): key is 2, value is 441015936
20260308-231008-5546 28861 * SendRequest     (client.cc:201):    Sending client request with id 83 (shardtag=8589934607 predlist_size=1)
20260308-231008-5546 28861 * SendMessageToReplica (transportcommon.h:94): sending message to replica, len of replicaaddr is 3
20260308-231008-5546 28861 * SendMessageToReplica (transportcommon.h:97): key is 0, value is 441015728
20260308-231008-5547 28861 * SendMessageToReplica (transportcommon.h:97): key is 1, value is 441015728
20260308-231008-5547 28861 * SendMessageToReplica (transportcommon.h:97): key is 2, value is 441015728
20260308-231008-5547 28861 * SendMessageToReplica (transportcommon.h:94): sending message to replica, len of replicaaddr is 3
20260308-231008-5548 28861 * SendMessageToReplica (transportcommon.h:97): key is 0, value is 441015728
20260308-231008-5548 28861 * SendMessageToReplica (transportcommon.h:97): key is 1, value is 441015728
20260308-231008-5548 28861 * SendMessageToReplica (transportcommon.h:97): key is 2, value is 441015728
20260308-231008-5550 28861 * SendMessageToReplica (transportcommon.h:94): sending message to replica, len of replicaaddr is 3
20260308-231008-5550 28861 * SendMessageToReplica (transportcommon.h:97): key is 0, value is 441015760
20260308-231008-5551 28861 * SendMessageToReplica (transportcommon.h:97): key is 1, value is 441015760
20260308-231008-5551 28861 * SendMessageToReplica (transportcommon.h:97): key is 2, value is 441015760
20260308-231008-5621 28861 * InvokeHelper    (client.cc:139):    Sending CoordRequest: p=8589934607 s=12884901895 to group=2 replica=2
20260308-231008-5621 28861 * SendMessageToReplica (transportcommon.h:94): sending message to replica, len of replicaaddr is 3
20260308-231008-5622 28861 * SendMessageToReplica (transportcommon.h:97): key is 0, value is 441015936
20260308-231008-5622 28861 * SendMessageToReplica (transportcommon.h:97): key is 1, value is 441015936
20260308-231008-5622 28861 * SendMessageToReplica (transportcommon.h:97): key is 2, value is 441015936
20260308-231008-5623 28861 * SendRequest     (client.cc:201):    Sending client request with id 84 (shardtag=12884901895 predlist_size=1)
20260308-231008-5623 28861 * SendMessageToReplica (transportcommon.h:94): sending message to replica, len of replicaaddr is 3
20260308-231008-5623 28861 * SendMessageToReplica (transportcommon.h:97): key is 0, value is 441015728
20260308-231008-5624 28861 * SendMessageToReplica (transportcommon.h:97): key is 1, value is 441015728
20260308-231008-5624 28861 * SendMessageToReplica (transportcommon.h:97): key is 2, value is 441015728
20260308-231008-5624 28861 * SendMessageToReplica (transportcommon.h:94): sending message to replica, len of replicaaddr is 3
20260308-231008-5625 28861 * SendMessageToReplica (transportcommon.h:97): key is 0, value is 441015728
20260308-231008-5625 28861 * SendMessageToReplica (transportcommon.h:97): key is 1, value is 441015728
20260308-231008-5625 28861 * SendMessageToReplica (transportcommon.h:97): key is 2, value is 441015728
20260308-231008-5627 28861 * SendMessageToReplica (transportcommon.h:94): sending message to replica, len of replicaaddr is 3
20260308-231008-5627 28861 * SendMessageToReplica (transportcommon.h:97): key is 0, value is 441015760
20260308-231008-5628 28861 * SendMessageToReplica (transportcommon.h:97): key is 1, value is 441015760
20260308-231008-5628 28861 * SendMessageToReplica (transportcommon.h:97): key is 2, value is 441015760
20260308-231008-9575 28861 * InvokeHelper    (client.cc:139):    Sending CoordRequest: p=12884901895 s=8589934608 to group=2 replica=2
20260308-231008-9576 28861 * SendMessageToReplica (transportcommon.h:94): sending message to replica, len of replicaaddr is 3
20260308-231008-9576 28861 * SendMessageToReplica (transportcommon.h:97): key is 0, value is 441015936
20260308-231008-9577 28861 * SendMessageToReplica (transportcommon.h:97): key is 1, value is 441015936
20260308-231008-9577 28861 * SendMessageToReplica (transportcommon.h:97): key is 2, value is 441015936
20260308-231008-9577 28861 * SendRequest     (client.cc:201):    Sending client request with id 85 (shardtag=8589934608 predlist_size=1)
20260308-231008-9578 28861 * SendMessageToReplica (transportcommon.h:94): sending message to replica, len of replicaaddr is 3
20260308-231008-9578 28861 * SendMessageToReplica (transportcommon.h:97): key is 0, value is 441015728
20260308-231008-9578 28861 * SendMessageToReplica (transportcommon.h:97): key is 1, value is 441015728
20260308-231008-9579 28861 * SendMessageToReplica (transportcommon.h:97): key is 2, value is 441015728
20260308-231008-9579 28861 * SendMessageToReplica (transportcommon.h:94): sending message to replica, len of replicaaddr is 3
20260308-231008-9579 28861 * SendMessageToReplica (transportcommon.h:97): key is 0, value is 441015728
20260308-231008-9580 28861 * SendMessageToReplica (transportcommon.h:97): key is 1, value is 441015728
20260308-231008-9580 28861 * SendMessageToReplica (transportcommon.h:97): key is 2, value is 441015728
20260308-231008-9582 28861 * SendMessageToReplica (transportcommon.h:94): sending message to replica, len of replicaaddr is 3
20260308-231008-9582 28861 * SendMessageToReplica (transportcommon.h:97): key is 0, value is 441015760
20260308-231008-9582 28861 * SendMessageToReplica (transportcommon.h:97): key is 1, value is 441015760
20260308-231008-9583 28861 * SendMessageToReplica (transportcommon.h:97): key is 2, value is 441015760
20260308-231008-9608 28861 * InvokeHelper    (client.cc:139):    Sending CoordRequest: p=8589934608 s=21474836494 to group=2 replica=2
20260308-231008-9608 28861 * SendMessageToReplica (transportcommon.h:94): sending message to replica, len of replicaaddr is 3
20260308-231008-9609 28861 * SendMessageToReplica (transportcommon.h:97): key is 0, value is 441015936
20260308-231008-9609 28861 * SendMessageToReplica (transportcommon.h:97): key is 1, value is 441015936
20260308-231008-9609 28861 * SendMessageToReplica (transportcommon.h:97): key is 2, value is 441015936
20260308-231008-9610 28861 * SendRequest     (client.cc:201):    Sending client request with id 86 (shardtag=21474836494 predlist_size=1)
20260308-231008-9610 28861 * SendMessageToReplica (transportcommon.h:94): sending message to replica, len of replicaaddr is 3
20260308-231008-9611 28861 * SendMessageToReplica (transportcommon.h:97): key is 0, value is 441015728
20260308-231008-9611 28861 * SendMessageToReplica (transportcommon.h:97): key is 1, value is 441015728
20260308-231008-9611 28861 * SendMessageToReplica (transportcommon.h:97): key is 2, value is 441015728
20260308-231008-9612 28861 * SendMessageToReplica (transportcommon.h:94): sending message to replica, len of replicaaddr is 3
20260308-231008-9612 28861 * SendMessageToReplica (transportcommon.h:97): key is 0, value is 441015728
20260308-231008-9612 28861 * SendMessageToReplica (transportcommon.h:97): key is 1, value is 441015728
20260308-231008-9612 28861 * SendMessageToReplica (transportcommon.h:97): key is 2, value is 441015728
20260308-231008-9614 28861 * SendMessageToReplica (transportcommon.h:94): sending message to replica, len of replicaaddr is 3
20260308-231008-9615 28861 * SendMessageToReplica (transportcommon.h:97): key is 0, value is 441015760
20260308-231008-9615 28861 * SendMessageToReplica (transportcommon.h:97): key is 1, value is 441015760
20260308-231008-9615 28861 * SendMessageToReplica (transportcommon.h:97): key is 2, value is 441015760
20260308-231008-9661 28861 * InvokeHelper    (client.cc:139):    Sending CoordRequest: p=21474836494 s=12884901896 to group=2 replica=2
20260308-231008-9662 28861 * SendMessageToReplica (transportcommon.h:94): sending message to replica, len of replicaaddr is 3
20260308-231008-9662 28861 * SendMessageToReplica (transportcommon.h:97): key is 0, value is 441015936
20260308-231008-9663 28861 * SendMessageToReplica (transportcommon.h:97): key is 1, value is 441015936
20260308-231008-9663 28861 * SendMessageToReplica (transportcommon.h:97): key is 2, value is 441015936
20260308-231008-9664 28861 * SendRequest     (client.cc:201):    Sending client request with id 87 (shardtag=12884901896 predlist_size=1)
20260308-231008-9664 28861 * SendMessageToReplica (transportcommon.h:94): sending message to replica, len of replicaaddr is 3
20260308-231008-9664 28861 * SendMessageToReplica (transportcommon.h:97): key is 0, value is 441015728
20260308-231008-9665 28861 * SendMessageToReplica (transportcommon.h:97): key is 1, value is 441015728
20260308-231008-9665 28861 * SendMessageToReplica (transportcommon.h:97): key is 2, value is 441015728
20260308-231008-9665 28861 * SendMessageToReplica (transportcommon.h:94): sending message to replica, len of replicaaddr is 3
20260308-231008-9666 28861 * SendMessageToReplica (transportcommon.h:97): key is 0, value is 441015728
20260308-231008-9666 28861 * SendMessageToReplica (transportcommon.h:97): key is 1, value is 441015728
20260308-231008-9666 28861 * SendMessageToReplica (transportcommon.h:97): key is 2, value is 441015728
20260308-231008-9668 28861 * SendMessageToReplica (transportcommon.h:94): sending message to replica, len of replicaaddr is 3
20260308-231008-9668 28861 * SendMessageToReplica (transportcommon.h:97): key is 0, value is 441015760
20260308-231008-9669 28861 * SendMessageToReplica (transportcommon.h:97): key is 1, value is 441015760
20260308-231008-9669 28861 * SendMessageToReplica (transportcommon.h:97): key is 2, value is 441015760
20260308-231009-3512 28861 * InvokeHelper    (client.cc:139):    Sending CoordRequest: p=12884901896 s=30064771083 to group=2 replica=2
20260308-231009-3512 28861 * SendMessageToReplica (transportcommon.h:94): sending message to replica, len of replicaaddr is 3
20260308-231009-3513 28861 * SendMessageToReplica (transportcommon.h:97): key is 0, value is 441015936
20260308-231009-3513 28861 * SendMessageToReplica (transportcommon.h:97): key is 1, value is 441015936
20260308-231009-3513 28861 * SendMessageToReplica (transportcommon.h:97): key is 2, value is 441015936
20260308-231009-3514 28861 * SendRequest     (client.cc:201):    Sending client request with id 88 (shardtag=30064771083 predlist_size=1)
20260308-231009-3514 28861 * SendMessageToReplica (transportcommon.h:94): sending message to replica, len of replicaaddr is 3
20260308-231009-3515 28861 * SendMessageToReplica (transportcommon.h:97): key is 0, value is 441015728
20260308-231009-3515 28861 * SendMessageToReplica (transportcommon.h:97): key is 1, value is 441015728
20260308-231009-3515 28861 * SendMessageToReplica (transportcommon.h:97): key is 2, value is 441015728
20260308-231009-3515 28861 * SendMessageToReplica (transportcommon.h:94): sending message to replica, len of replicaaddr is 3
20260308-231009-3516 28861 * SendMessageToReplica (transportcommon.h:97): key is 0, value is 441015728
20260308-231009-3516 28861 * SendMessageToReplica (transportcommon.h:97): key is 1, value is 441015728
20260308-231009-3516 28861 * SendMessageToReplica (transportcommon.h:97): key is 2, value is 441015728
20260308-231009-3518 28861 * SendMessageToReplica (transportcommon.h:94): sending message to replica, len of replicaaddr is 3
20260308-231009-3518 28861 * SendMessageToReplica (transportcommon.h:97): key is 0, value is 441015760
20260308-231009-3519 28861 * SendMessageToReplica (transportcommon.h:97): key is 1, value is 441015760
20260308-231009-3519 28861 * SendMessageToReplica (transportcommon.h:97): key is 2, value is 441015760
20260308-231009-3670 28861 * InvokeHelper    (client.cc:139):    Sending CoordRequest: p=30064771083 s=17 to group=2 replica=2
20260308-231009-3670 28861 * SendMessageToReplica (transportcommon.h:94): sending message to replica, len of replicaaddr is 3
20260308-231009-3671 28861 * SendMessageToReplica (transportcommon.h:97): key is 0, value is 441015952
20260308-231009-3671 28861 * SendMessageToReplica (transportcommon.h:97): key is 1, value is 441015952
20260308-231009-3671 28861 * SendMessageToReplica (transportcommon.h:97): key is 2, value is 441015952
20260308-231009-3672 28861 * SendRequest     (client.cc:201):    Sending client request with id 89 (shardtag=17 predlist_size=1)
20260308-231009-3672 28861 * SendMessageToReplica (transportcommon.h:94): sending message to replica, len of replicaaddr is 3
20260308-231009-3673 28861 * SendMessageToReplica (transportcommon.h:97): key is 0, value is 441015744
20260308-231009-3673 28861 * SendMessageToReplica (transportcommon.h:97): key is 1, value is 441015744
20260308-231009-3673 28861 * SendMessageToReplica (transportcommon.h:97): key is 2, value is 441015744
20260308-231009-3674 28861 * SendMessageToReplica (transportcommon.h:94): sending message to replica, len of replicaaddr is 3
20260308-231009-3674 28861 * SendMessageToReplica (transportcommon.h:97): key is 0, value is 441015744
20260308-231009-3674 28861 * SendMessageToReplica (transportcommon.h:97): key is 1, value is 441015744
20260308-231009-3674 28861 * SendMessageToReplica (transportcommon.h:97): key is 2, value is 441015744
20260308-231009-3676 28861 * SendMessageToReplica (transportcommon.h:94): sending message to replica, len of replicaaddr is 3
20260308-231009-3677 28861 * SendMessageToReplica (transportcommon.h:97): key is 0, value is 441015760
20260308-231009-3677 28861 * SendMessageToReplica (transportcommon.h:97): key is 1, value is 441015760
20260308-231009-3677 28861 * SendMessageToReplica (transportcommon.h:97): key is 2, value is 441015760
20260308-231009-7660 28861 * InvokeHelper    (client.cc:139):    Sending CoordRequest: p=17 s=25769803784 to group=2 replica=2
20260308-231009-7661 28861 * SendMessageToReplica (transportcommon.h:94): sending message to replica, len of replicaaddr is 3
20260308-231009-7661 28861 * SendMessageToReplica (transportcommon.h:97): key is 0, value is 441015936
20260308-231009-7662 28861 * SendMessageToReplica (transportcommon.h:97): key is 1, value is 441015936
20260308-231009-7662 28861 * SendMessageToReplica (transportcommon.h:97): key is 2, value is 441015936
20260308-231009-7663 28861 * SendRequest     (client.cc:201):    Sending client request with id 90 (shardtag=25769803784 predlist_size=1)
20260308-231009-7663 28861 * SendMessageToReplica (transportcommon.h:94): sending message to replica, len of replicaaddr is 3
20260308-231009-7663 28861 * SendMessageToReplica (transportcommon.h:97): key is 0, value is 441015728
20260308-231009-7664 28861 * SendMessageToReplica (transportcommon.h:97): key is 1, value is 441015728
20260308-231009-7664 28861 * SendMessageToReplica (transportcommon.h:97): key is 2, value is 441015728
20260308-231009-7664 28861 * SendMessageToReplica (transportcommon.h:94): sending message to replica, len of replicaaddr is 3
20260308-231009-7664 28861 * SendMessageToReplica (transportcommon.h:97): key is 0, value is 441015728
20260308-231009-7665 28861 * SendMessageToReplica (transportcommon.h:97): key is 1, value is 441015728
20260308-231009-7665 28861 * SendMessageToReplica (transportcommon.h:97): key is 2, value is 441015728
20260308-231009-7667 28861 * SendMessageToReplica (transportcommon.h:94): sending message to replica, len of replicaaddr is 3
20260308-231009-7667 28861 * SendMessageToReplica (transportcommon.h:97): key is 0, value is 441015760
20260308-231009-7667 28861 * SendMessageToReplica (transportcommon.h:97): key is 1, value is 441015760
20260308-231009-7668 28861 * SendMessageToReplica (transportcommon.h:97): key is 2, value is 441015760
20260308-231009-7704 28861 * InvokeHelper    (client.cc:139):    Sending CoordRequest: p=25769803784 s=17179869192 to group=2 replica=2
20260308-231009-7704 28861 * SendMessageToReplica (transportcommon.h:94): sending message to replica, len of replicaaddr is 3
20260308-231009-7705 28861 * SendMessageToReplica (transportcommon.h:97): key is 0, value is 441015936
20260308-231009-7705 28861 * SendMessageToReplica (transportcommon.h:97): key is 1, value is 441015936
20260308-231009-7705 28861 * SendMessageToReplica (transportcommon.h:97): key is 2, value is 441015936
20260308-231009-7706 28861 * SendRequest     (client.cc:201):    Sending client request with id 91 (shardtag=17179869192 predlist_size=1)
20260308-231009-7706 28861 * SendMessageToReplica (transportcommon.h:94): sending message to replica, len of replicaaddr is 3
20260308-231009-7707 28861 * SendMessageToReplica (transportcommon.h:97): key is 0, value is 441015728
20260308-231009-7707 28861 * SendMessageToReplica (transportcommon.h:97): key is 1, value is 441015728
20260308-231009-7707 28861 * SendMessageToReplica (transportcommon.h:97): key is 2, value is 441015728
20260308-231009-7708 28861 * SendMessageToReplica (transportcommon.h:94): sending message to replica, len of replicaaddr is 3
20260308-231009-7708 28861 * SendMessageToReplica (transportcommon.h:97): key is 0, value is 441015728
20260308-231009-7708 28861 * SendMessageToReplica (transportcommon.h:97): key is 1, value is 441015728
20260308-231009-7708 28861 * SendMessageToReplica (transportcommon.h:97): key is 2, value is 441015728
20260308-231009-7710 28861 * SendMessageToReplica (transportcommon.h:94): sending message to replica, len of replicaaddr is 3
20260308-231009-7711 28861 * SendMessageToReplica (transportcommon.h:97): key is 0, value is 441015760
20260308-231009-7711 28861 * SendMessageToReplica (transportcommon.h:97): key is 1, value is 441015760
20260308-231009-7711 28861 * SendMessageToReplica (transportcommon.h:97): key is 2, value is 441015760
20260308-231010-1696 28861 * InvokeHelper    (client.cc:139):    Sending CoordRequest: p=17179869192 s=25769803785 to group=2 replica=2
20260308-231010-1697 28861 * SendMessageToReplica (transportcommon.h:94): sending message to replica, len of replicaaddr is 3
20260308-231010-1697 28861 * SendMessageToReplica (transportcommon.h:97): key is 0, value is 441015936
20260308-231010-1697 28861 * SendMessageToReplica (transportcommon.h:97): key is 1, value is 441015936
20260308-231010-1697 28861 * SendMessageToReplica (transportcommon.h:97): key is 2, value is 441015936
20260308-231010-1698 28861 * SendRequest     (client.cc:201):    Sending client request with id 92 (shardtag=25769803785 predlist_size=1)
20260308-231010-1698 28861 * SendMessageToReplica (transportcommon.h:94): sending message to replica, len of replicaaddr is 3
20260308-231010-1699 28861 * SendMessageToReplica (transportcommon.h:97): key is 0, value is 441015728
20260308-231010-1699 28861 * SendMessageToReplica (transportcommon.h:97): key is 1, value is 441015728
20260308-231010-1699 28861 * SendMessageToReplica (transportcommon.h:97): key is 2, value is 441015728
20260308-231010-1700 28861 * SendMessageToReplica (transportcommon.h:94): sending message to replica, len of replicaaddr is 3
20260308-231010-1700 28861 * SendMessageToReplica (transportcommon.h:97): key is 0, value is 441015728
20260308-231010-1700 28861 * SendMessageToReplica (transportcommon.h:97): key is 1, value is 441015728
20260308-231010-1701 28861 * SendMessageToReplica (transportcommon.h:97): key is 2, value is 441015728
20260308-231010-1701 28861 * InvokeHelper    (client.cc:139):    Sending CoordRequest: p=25769803785 s=8589934609 to group=2 replica=2
20260308-231010-1702 28861 * SendMessageToReplica (transportcommon.h:94): sending message to replica, len of replicaaddr is 3
20260308-231010-1702 28861 * SendMessageToReplica (transportcommon.h:97): key is 0, value is 441015936
20260308-231010-1702 28861 * SendMessageToReplica (transportcommon.h:97): key is 1, value is 441015936
20260308-231010-1703 28861 * SendMessageToReplica (transportcommon.h:97): key is 2, value is 441015936
20260308-231010-1703 28861 * SendRequest     (client.cc:201):    Sending client request with id 93 (shardtag=8589934609 predlist_size=1)
20260308-231010-1704 28861 * SendMessageToReplica (transportcommon.h:94): sending message to replica, len of replicaaddr is 3
20260308-231010-1704 28861 * SendMessageToReplica (transportcommon.h:97): key is 0, value is 441015728
20260308-231010-1704 28861 * SendMessageToReplica (transportcommon.h:97): key is 1, value is 441015728
20260308-231010-1704 28861 * SendMessageToReplica (transportcommon.h:97): key is 2, value is 441015728
20260308-231010-1705 28861 * SendMessageToReplica (transportcommon.h:94): sending message to replica, len of replicaaddr is 3
20260308-231010-1705 28861 * SendMessageToReplica (transportcommon.h:97): key is 0, value is 441015728
20260308-231010-1705 28861 * SendMessageToReplica (transportcommon.h:97): key is 1, value is 441015728
20260308-231010-1706 28861 * SendMessageToReplica (transportcommon.h:97): key is 2, value is 441015728
20260308-231010-1707 28861 * SendMessageToReplica (transportcommon.h:94): sending message to replica, len of replicaaddr is 3
20260308-231010-1708 28861 * SendMessageToReplica (transportcommon.h:97): key is 0, value is 441015760
20260308-231010-1708 28861 * SendMessageToReplica (transportcommon.h:97): key is 1, value is 441015760
20260308-231010-1708 28861 * SendMessageToReplica (transportcommon.h:97): key is 2, value is 441015760
20260308-231010-1709 28861 * SendMessageToReplica (transportcommon.h:94): sending message to replica, len of replicaaddr is 3
20260308-231010-1710 28861 * SendMessageToReplica (transportcommon.h:97): key is 0, value is 441015760
20260308-231010-1710 28861 * SendMessageToReplica (transportcommon.h:97): key is 1, value is 441015760
20260308-231010-1710 28861 * SendMessageToReplica (transportcommon.h:97): key is 2, value is 441015760
20260308-231010-1764 28861 * InvokeHelper    (client.cc:139):    Sending CoordRequest: p=8589934609 s=4294967306 to group=2 replica=2
20260308-231010-1764 28861 * SendMessageToReplica (transportcommon.h:94): sending message to replica, len of replicaaddr is 3
20260308-231010-1765 28861 * SendMessageToReplica (transportcommon.h:97): key is 0, value is 441015936
20260308-231010-1765 28861 * SendMessageToReplica (transportcommon.h:97): key is 1, value is 441015936
20260308-231010-1765 28861 * SendMessageToReplica (transportcommon.h:97): key is 2, value is 441015936
20260308-231010-1766 28861 * SendRequest     (client.cc:201):    Sending client request with id 94 (shardtag=4294967306 predlist_size=1)
20260308-231010-1766 28861 * SendMessageToReplica (transportcommon.h:94): sending message to replica, len of replicaaddr is 3
20260308-231010-1766 28861 * SendMessageToReplica (transportcommon.h:97): key is 0, value is 441015728
20260308-231010-1767 28861 * SendMessageToReplica (transportcommon.h:97): key is 1, value is 441015728
20260308-231010-1767 28861 * SendMessageToReplica (transportcommon.h:97): key is 2, value is 441015728
20260308-231010-1767 28861 * SendMessageToReplica (transportcommon.h:94): sending message to replica, len of replicaaddr is 3
20260308-231010-1768 28861 * SendMessageToReplica (transportcommon.h:97): key is 0, value is 441015728
20260308-231010-1768 28861 * SendMessageToReplica (transportcommon.h:97): key is 1, value is 441015728
20260308-231010-1768 28861 * SendMessageToReplica (transportcommon.h:97): key is 2, value is 441015728
20260308-231010-1770 28861 * SendMessageToReplica (transportcommon.h:94): sending message to replica, len of replicaaddr is 3
20260308-231010-1770 28861 * SendMessageToReplica (transportcommon.h:97): key is 0, value is 441015760
20260308-231010-1771 28861 * SendMessageToReplica (transportcommon.h:97): key is 1, value is 441015760
20260308-231010-1771 28861 * SendMessageToReplica (transportcommon.h:97): key is 2, value is 441015760
20260308-231010-1777 28861 * InvokeHelper    (client.cc:139):    Sending CoordRequest: p=4294967306 s=12884901897 to group=2 replica=2
20260308-231010-1777 28861 * SendMessageToReplica (transportcommon.h:94): sending message to replica, len of replicaaddr is 3
20260308-231010-1777 28861 * SendMessageToReplica (transportcommon.h:97): key is 0, value is 441015936
20260308-231010-1778 28861 * SendMessageToReplica (transportcommon.h:97): key is 1, value is 441015936
20260308-231010-1778 28861 * SendMessageToReplica (transportcommon.h:97): key is 2, value is 441015936
20260308-231010-1779 28861 * SendRequest     (client.cc:201):    Sending client request with id 95 (shardtag=12884901897 predlist_size=1)
20260308-231010-1779 28861 * SendMessageToReplica (transportcommon.h:94): sending message to replica, len of replicaaddr is 3
20260308-231010-1779 28861 * SendMessageToReplica (transportcommon.h:97): key is 0, value is 441015728
20260308-231010-1780 28861 * SendMessageToReplica (transportcommon.h:97): key is 1, value is 441015728
20260308-231010-1780 28861 * SendMessageToReplica (transportcommon.h:97): key is 2, value is 441015728
20260308-231010-1780 28861 * SendMessageToReplica (transportcommon.h:94): sending message to replica, len of replicaaddr is 3
20260308-231010-1781 28861 * SendMessageToReplica (transportcommon.h:97): key is 0, value is 441015728
20260308-231010-1781 28861 * SendMessageToReplica (transportcommon.h:97): key is 1, value is 441015728
20260308-231010-1781 28861 * SendMessageToReplica (transportcommon.h:97): key is 2, value is 441015728
20260308-231010-1783 28861 * SendMessageToReplica (transportcommon.h:94): sending message to replica, len of replicaaddr is 3
20260308-231010-1783 28861 * SendMessageToReplica (transportcommon.h:97): key is 0, value is 441015760
20260308-231010-1784 28861 * SendMessageToReplica (transportcommon.h:97): key is 1, value is 441015760
20260308-231010-1784 28861 * SendMessageToReplica (transportcommon.h:97): key is 2, value is 441015760
20260308-231010-5757 28861 * InvokeHelper    (client.cc:139):    Sending CoordRequest: p=12884901897 s=8589934610 to group=2 replica=2
20260308-231010-5758 28861 * SendMessageToReplica (transportcommon.h:94): sending message to replica, len of replicaaddr is 3
20260308-231010-5758 28861 * SendMessageToReplica (transportcommon.h:97): key is 0, value is 441015936
20260308-231010-5759 28861 * SendMessageToReplica (transportcommon.h:97): key is 1, value is 441015936
20260308-231010-5759 28861 * SendMessageToReplica (transportcommon.h:97): key is 2, value is 441015936
20260308-231010-5759 28861 * SendRequest     (client.cc:201):    Sending client request with id 96 (shardtag=8589934610 predlist_size=1)
20260308-231010-5760 28861 * SendMessageToReplica (transportcommon.h:94): sending message to replica, len of replicaaddr is 3
20260308-231010-5760 28861 * SendMessageToReplica (transportcommon.h:97): key is 0, value is 441015728
20260308-231010-5761 28861 * SendMessageToReplica (transportcommon.h:97): key is 1, value is 441015728
20260308-231010-5761 28861 * SendMessageToReplica (transportcommon.h:97): key is 2, value is 441015728
20260308-231010-5761 28861 * SendMessageToReplica (transportcommon.h:94): sending message to replica, len of replicaaddr is 3
20260308-231010-5762 28861 * SendMessageToReplica (transportcommon.h:97): key is 0, value is 441015728
20260308-231010-5762 28861 * SendMessageToReplica (transportcommon.h:97): key is 1, value is 441015728
20260308-231010-5762 28861 * SendMessageToReplica (transportcommon.h:97): key is 2, value is 441015728
20260308-231010-5764 28861 * SendMessageToReplica (transportcommon.h:94): sending message to replica, len of replicaaddr is 3
20260308-231010-5764 28861 * SendMessageToReplica (transportcommon.h:97): key is 0, value is 441015760
20260308-231010-5765 28861 * SendMessageToReplica (transportcommon.h:97): key is 1, value is 441015760
20260308-231010-5765 28861 * SendMessageToReplica (transportcommon.h:97): key is 2, value is 441015760
20260308-231010-9675 28861 * InvokeHelper    (client.cc:139):    Sending CoordRequest: p=8589934610 s=30064771084 to group=2 replica=2
20260308-231010-9676 28861 * SendMessageToReplica (transportcommon.h:94): sending message to replica, len of replicaaddr is 3
20260308-231010-9676 28861 * SendMessageToReplica (transportcommon.h:97): key is 0, value is 441015936
20260308-231010-9676 28861 * SendMessageToReplica (transportcommon.h:97): key is 1, value is 441015936
20260308-231010-9676 28861 * SendMessageToReplica (transportcommon.h:97): key is 2, value is 441015936
20260308-231010-9677 28861 * SendRequest     (client.cc:201):    Sending client request with id 97 (shardtag=30064771084 predlist_size=1)
20260308-231010-9677 28861 * SendMessageToReplica (transportcommon.h:94): sending message to replica, len of replicaaddr is 3
20260308-231010-9678 28861 * SendMessageToReplica (transportcommon.h:97): key is 0, value is 441015728
20260308-231010-9678 28861 * SendMessageToReplica (transportcommon.h:97): key is 1, value is 441015728
20260308-231010-9678 28861 * SendMessageToReplica (transportcommon.h:97): key is 2, value is 441015728
20260308-231010-9679 28861 * SendMessageToReplica (transportcommon.h:94): sending message to replica, len of replicaaddr is 3
20260308-231010-9679 28861 * SendMessageToReplica (transportcommon.h:97): key is 0, value is 441015728
20260308-231010-9679 28861 * SendMessageToReplica (transportcommon.h:97): key is 1, value is 441015728
20260308-231010-9680 28861 * SendMessageToReplica (transportcommon.h:97): key is 2, value is 441015728
20260308-231010-9682 28861 * SendMessageToReplica (transportcommon.h:94): sending message to replica, len of replicaaddr is 3
20260308-231010-9682 28861 * SendMessageToReplica (transportcommon.h:97): key is 0, value is 441015760
20260308-231010-9682 28861 * SendMessageToReplica (transportcommon.h:97): key is 1, value is 441015760
20260308-231010-9683 28861 * SendMessageToReplica (transportcommon.h:97): key is 2, value is 441015760
20260308-231010-9792 28861 * InvokeHelper    (client.cc:139):    Sending CoordRequest: p=30064771084 s=21474836495 to group=2 replica=2
20260308-231010-9793 28861 * SendMessageToReplica (transportcommon.h:94): sending message to replica, len of replicaaddr is 3
20260308-231010-9793 28861 * SendMessageToReplica (transportcommon.h:97): key is 0, value is 441015936
20260308-231010-9793 28861 * SendMessageToReplica (transportcommon.h:97): key is 1, value is 441015936
20260308-231010-9794 28861 * SendMessageToReplica (transportcommon.h:97): key is 2, value is 441015936
20260308-231010-9794 28861 * SendRequest     (client.cc:201):    Sending client request with id 98 (shardtag=21474836495 predlist_size=1)
20260308-231010-9795 28861 * SendMessageToReplica (transportcommon.h:94): sending message to replica, len of replicaaddr is 3
20260308-231010-9795 28861 * SendMessageToReplica (transportcommon.h:97): key is 0, value is 441015728
20260308-231010-9795 28861 * SendMessageToReplica (transportcommon.h:97): key is 1, value is 441015728
20260308-231010-9796 28861 * SendMessageToReplica (transportcommon.h:97): key is 2, value is 441015728
20260308-231010-9796 28861 * SendMessageToReplica (transportcommon.h:94): sending message to replica, len of replicaaddr is 3
20260308-231010-9796 28861 * SendMessageToReplica (transportcommon.h:97): key is 0, value is 441015728
20260308-231010-9797 28861 * SendMessageToReplica (transportcommon.h:97): key is 1, value is 441015728
20260308-231010-9797 28861 * SendMessageToReplica (transportcommon.h:97): key is 2, value is 441015728
20260308-231010-9799 28861 * SendMessageToReplica (transportcommon.h:94): sending message to replica, len of replicaaddr is 3
20260308-231010-9799 28861 * SendMessageToReplica (transportcommon.h:97): key is 0, value is 441015760
20260308-231010-9799 28861 * SendMessageToReplica (transportcommon.h:97): key is 1, value is 441015760
20260308-231010-9800 28861 * SendMessageToReplica (transportcommon.h:97): key is 2, value is 441015760
20260308-231010-9803 28861 * InvokeHelper    (client.cc:139):    Sending CoordRequest: p=21474836495 s=17179869193 to group=2 replica=2
20260308-231010-9804 28861 * SendMessageToReplica (transportcommon.h:94): sending message to replica, len of replicaaddr is 3
20260308-231010-9804 28861 * SendMessageToReplica (transportcommon.h:97): key is 0, value is 441015936
20260308-231010-9805 28861 * SendMessageToReplica (transportcommon.h:97): key is 1, value is 441015936
20260308-231010-9805 28861 * SendMessageToReplica (transportcommon.h:97): key is 2, value is 441015936
20260308-231010-9805 28861 * SendRequest     (client.cc:201):    Sending client request with id 99 (shardtag=17179869193 predlist_size=1)
20260308-231010-9806 28861 * SendMessageToReplica (transportcommon.h:94): sending message to replica, len of replicaaddr is 3
20260308-231010-9806 28861 * SendMessageToReplica (transportcommon.h:97): key is 0, value is 441015728
20260308-231010-9806 28861 * SendMessageToReplica (transportcommon.h:97): key is 1, value is 441015728
20260308-231010-9807 28861 * SendMessageToReplica (transportcommon.h:97): key is 2, value is 441015728
20260308-231010-9807 28861 * SendMessageToReplica (transportcommon.h:94): sending message to replica, len of replicaaddr is 3
20260308-231010-9807 28861 * SendMessageToReplica (transportcommon.h:97): key is 0, value is 441015728
20260308-231010-9808 28861 * SendMessageToReplica (transportcommon.h:97): key is 1, value is 441015728
20260308-231010-9808 28861 * SendMessageToReplica (transportcommon.h:97): key is 2, value is 441015728
20260308-231010-9810 28861 * SendMessageToReplica (transportcommon.h:94): sending message to replica, len of replicaaddr is 3
20260308-231010-9810 28861 * SendMessageToReplica (transportcommon.h:97): key is 0, value is 441015760
20260308-231010-9810 28861 * SendMessageToReplica (transportcommon.h:97): key is 1, value is 441015760
20260308-231010-9811 28861 * SendMessageToReplica (transportcommon.h:97): key is 2, value is 441015760
20260308-231010-9839 28861 * InvokeHelper    (client.cc:139):    Sending CoordRequest: p=17179869193 s=4294967307 to group=2 replica=2
20260308-231010-9840 28861 * SendMessageToReplica (transportcommon.h:94): sending message to replica, len of replicaaddr is 3
20260308-231010-9840 28861 * SendMessageToReplica (transportcommon.h:97): key is 0, value is 441015936
20260308-231010-9840 28861 * SendMessageToReplica (transportcommon.h:97): key is 1, value is 441015936
20260308-231010-9841 28861 * SendMessageToReplica (transportcommon.h:97): key is 2, value is 441015936
20260308-231010-9841 28861 * SendRequest     (client.cc:201):    Sending client request with id 100 (shardtag=4294967307 predlist_size=1)
20260308-231010-9842 28861 * SendMessageToReplica (transportcommon.h:94): sending message to replica, len of replicaaddr is 3
20260308-231010-9842 28861 * SendMessageToReplica (transportcommon.h:97): key is 0, value is 441015728
20260308-231010-9843 28861 * SendMessageToReplica (transportcommon.h:97): key is 1, value is 441015728
20260308-231010-9843 28861 * SendMessageToReplica (transportcommon.h:97): key is 2, value is 441015728
20260308-231010-9843 28861 * SendMessageToReplica (transportcommon.h:94): sending message to replica, len of replicaaddr is 3
20260308-231010-9844 28861 * SendMessageToReplica (transportcommon.h:97): key is 0, value is 441015728
20260308-231010-9844 28861 * SendMessageToReplica (transportcommon.h:97): key is 1, value is 441015728
20260308-231010-9844 28861 * SendMessageToReplica (transportcommon.h:97): key is 2, value is 441015728
20260308-231010-9846 28861 * SendMessageToReplica (transportcommon.h:94): sending message to replica, len of replicaaddr is 3
20260308-231010-9846 28861 * SendMessageToReplica (transportcommon.h:97): key is 0, value is 441015760
20260308-231010-9847 28861 * SendMessageToReplica (transportcommon.h:97): key is 1, value is 441015760
20260308-231010-9847 28861 * SendMessageToReplica (transportcommon.h:97): key is 2, value is 441015760
20260308-231010-9852 28861 * InvokeHelper    (client.cc:139):    Sending CoordRequest: p=4294967307 s=12884901898 to group=2 replica=2
20260308-231010-9853 28861 * SendMessageToReplica (transportcommon.h:94): sending message to replica, len of replicaaddr is 3
20260308-231010-9854 28861 * SendMessageToReplica (transportcommon.h:97): key is 0, value is 441015936
20260308-231010-9854 28861 * SendMessageToReplica (transportcommon.h:97): key is 1, value is 441015936
20260308-231010-9854 28861 * SendMessageToReplica (transportcommon.h:97): key is 2, value is 441015936
20260308-231010-9855 28861 * SendRequest     (client.cc:201):    Sending client request with id 101 (shardtag=12884901898 predlist_size=1)
20260308-231010-9855 28861 * SendMessageToReplica (transportcommon.h:94): sending message to replica, len of replicaaddr is 3
20260308-231010-9855 28861 * SendMessageToReplica (transportcommon.h:97): key is 0, value is 441015728
20260308-231010-9856 28861 * SendMessageToReplica (transportcommon.h:97): key is 1, value is 441015728
20260308-231010-9856 28861 * SendMessageToReplica (transportcommon.h:97): key is 2, value is 441015728
20260308-231010-9856 28861 * SendMessageToReplica (transportcommon.h:94): sending message to replica, len of replicaaddr is 3
20260308-231010-9857 28861 * SendMessageToReplica (transportcommon.h:97): key is 0, value is 441015728
20260308-231010-9857 28861 * SendMessageToReplica (transportcommon.h:97): key is 1, value is 441015728
20260308-231010-9857 28861 * SendMessageToReplica (transportcommon.h:97): key is 2, value is 441015728
20260308-231010-9859 28861 * SendMessageToReplica (transportcommon.h:94): sending message to replica, len of replicaaddr is 3
20260308-231010-9859 28861 * SendMessageToReplica (transportcommon.h:97): key is 0, value is 441015760
20260308-231010-9860 28861 * SendMessageToReplica (transportcommon.h:97): key is 1, value is 441015760
20260308-231010-9860 28861 * SendMessageToReplica (transportcommon.h:97): key is 2, value is 441015760
20260308-231011-3724 28861 * InvokeHelper    (client.cc:139):    Sending CoordRequest: p=12884901898 s=30064771085 to group=2 replica=2
20260308-231011-3725 28861 * SendMessageToReplica (transportcommon.h:94): sending message to replica, len of replicaaddr is 3
20260308-231011-3725 28861 * SendMessageToReplica (transportcommon.h:97): key is 0, value is 441015936
20260308-231011-3726 28861 * SendMessageToReplica (transportcommon.h:97): key is 1, value is 441015936
20260308-231011-3726 28861 * SendMessageToReplica (transportcommon.h:97): key is 2, value is 441015936
20260308-231011-3726 28861 * SendRequest     (client.cc:201):    Sending client request with id 102 (shardtag=30064771085 predlist_size=1)
20260308-231011-3727 28861 * SendMessageToReplica (transportcommon.h:94): sending message to replica, len of replicaaddr is 3
20260308-231011-3727 28861 * SendMessageToReplica (transportcommon.h:97): key is 0, value is 441015728
20260308-231011-3727 28861 * SendMessageToReplica (transportcommon.h:97): key is 1, value is 441015728
20260308-231011-3728 28861 * SendMessageToReplica (transportcommon.h:97): key is 2, value is 441015728
20260308-231011-3728 28861 * SendMessageToReplica (transportcommon.h:94): sending message to replica, len of replicaaddr is 3
20260308-231011-3728 28861 * SendMessageToReplica (transportcommon.h:97): key is 0, value is 441015728
20260308-231011-3729 28861 * SendMessageToReplica (transportcommon.h:97): key is 1, value is 441015728
20260308-231011-3729 28861 * SendMessageToReplica (transportcommon.h:97): key is 2, value is 441015728
20260308-231011-3731 28861 * SendMessageToReplica (transportcommon.h:94): sending message to replica, len of replicaaddr is 3
20260308-231011-3731 28861 * SendMessageToReplica (transportcommon.h:97): key is 0, value is 441015760
20260308-231011-3731 28861 * SendMessageToReplica (transportcommon.h:97): key is 1, value is 441015760
20260308-231011-3732 28861 * SendMessageToReplica (transportcommon.h:97): key is 2, value is 441015760
20260308-231011-3824 28861 * InvokeHelper    (client.cc:139):    Sending CoordRequest: p=30064771085 s=8589934611 to group=2 replica=2
20260308-231011-3825 28861 * SendMessageToReplica (transportcommon.h:94): sending message to replica, len of replicaaddr is 3
20260308-231011-3825 28861 * SendMessageToReplica (transportcommon.h:97): key is 0, value is 441015936
20260308-231011-3826 28861 * SendMessageToReplica (transportcommon.h:97): key is 1, value is 441015936
20260308-231011-3826 28861 * SendMessageToReplica (transportcommon.h:97): key is 2, value is 441015936
20260308-231011-3827 28861 * SendRequest     (client.cc:201):    Sending client request with id 103 (shardtag=8589934611 predlist_size=1)
20260308-231011-3827 28861 * SendMessageToReplica (transportcommon.h:94): sending message to replica, len of replicaaddr is 3
20260308-231011-3827 28861 * SendMessageToReplica (transportcommon.h:97): key is 0, value is 441015728
20260308-231011-3828 28861 * SendMessageToReplica (transportcommon.h:97): key is 1, value is 441015728
20260308-231011-3828 28861 * SendMessageToReplica (transportcommon.h:97): key is 2, value is 441015728
20260308-231011-3828 28861 * SendMessageToReplica (transportcommon.h:94): sending message to replica, len of replicaaddr is 3
20260308-231011-3829 28861 * SendMessageToReplica (transportcommon.h:97): key is 0, value is 441015728
20260308-231011-3829 28861 * SendMessageToReplica (transportcommon.h:97): key is 1, value is 441015728
20260308-231011-3829 28861 * SendMessageToReplica (transportcommon.h:97): key is 2, value is 441015728
20260308-231011-3831 28861 * SendMessageToReplica (transportcommon.h:94): sending message to replica, len of replicaaddr is 3
20260308-231011-3831 28861 * SendMessageToReplica (transportcommon.h:97): key is 0, value is 441015760
20260308-231011-3832 28861 * SendMessageToReplica (transportcommon.h:97): key is 1, value is 441015760
20260308-231011-3832 28861 * SendMessageToReplica (transportcommon.h:97): key is 2, value is 441015760
20260308-231011-3833 28861 * InvokeHelper    (client.cc:139):    Sending CoordRequest: p=8589934611 s=21474836496 to group=2 replica=2
20260308-231011-3833 28861 * SendMessageToReplica (transportcommon.h:94): sending message to replica, len of replicaaddr is 3
20260308-231011-3834 28861 * SendMessageToReplica (transportcommon.h:97): key is 0, value is 441015936
20260308-231011-3834 28861 * SendMessageToReplica (transportcommon.h:97): key is 1, value is 441015936
20260308-231011-3834 28861 * SendMessageToReplica (transportcommon.h:97): key is 2, value is 441015936
20260308-231011-3835 28861 * SendRequest     (client.cc:201):    Sending client request with id 104 (shardtag=21474836496 predlist_size=1)
20260308-231011-3835 28861 * SendMessageToReplica (transportcommon.h:94): sending message to replica, len of replicaaddr is 3
20260308-231011-3835 28861 * SendMessageToReplica (transportcommon.h:97): key is 0, value is 441015728
20260308-231011-3836 28861 * SendMessageToReplica (transportcommon.h:97): key is 1, value is 441015728
20260308-231011-3836 28861 * SendMessageToReplica (transportcommon.h:97): key is 2, value is 441015728
20260308-231011-3836 28861 * SendMessageToReplica (transportcommon.h:94): sending message to replica, len of replicaaddr is 3
20260308-231011-3837 28861 * SendMessageToReplica (transportcommon.h:97): key is 0, value is 441015728
20260308-231011-3837 28861 * SendMessageToReplica (transportcommon.h:97): key is 1, value is 441015728
20260308-231011-3837 28861 * SendMessageToReplica (transportcommon.h:97): key is 2, value is 441015728
20260308-231011-3839 28861 * SendMessageToReplica (transportcommon.h:94): sending message to replica, len of replicaaddr is 3
20260308-231011-3839 28861 * SendMessageToReplica (transportcommon.h:97): key is 0, value is 441015760
20260308-231011-3839 28861 * SendMessageToReplica (transportcommon.h:97): key is 1, value is 441015760
20260308-231011-3840 28861 * SendMessageToReplica (transportcommon.h:97): key is 2, value is 441015760
20260308-231011-3847 28861 * InvokeHelper    (client.cc:139):    Sending CoordRequest: p=21474836496 s=17179869194 to group=2 replica=2
20260308-231011-3847 28861 * SendMessageToReplica (transportcommon.h:94): sending message to replica, len of replicaaddr is 3
20260308-231011-3848 28861 * SendMessageToReplica (transportcommon.h:97): key is 0, value is 441015936
20260308-231011-3848 28861 * SendMessageToReplica (transportcommon.h:97): key is 1, value is 441015936
20260308-231011-3848 28861 * SendMessageToReplica (transportcommon.h:97): key is 2, value is 441015936
20260308-231011-3849 28861 * SendRequest     (client.cc:201):    Sending client request with id 105 (shardtag=17179869194 predlist_size=1)
20260308-231011-3849 28861 * SendMessageToReplica (transportcommon.h:94): sending message to replica, len of replicaaddr is 3
20260308-231011-3850 28861 * SendMessageToReplica (transportcommon.h:97): key is 0, value is 441015728
20260308-231011-3850 28861 * SendMessageToReplica (transportcommon.h:97): key is 1, value is 441015728
20260308-231011-3850 28861 * SendMessageToReplica (transportcommon.h:97): key is 2, value is 441015728
20260308-231011-3851 28861 * SendMessageToReplica (transportcommon.h:94): sending message to replica, len of replicaaddr is 3
20260308-231011-3851 28861 * SendMessageToReplica (transportcommon.h:97): key is 0, value is 441015728
20260308-231011-3851 28861 * SendMessageToReplica (transportcommon.h:97): key is 1, value is 441015728
20260308-231011-3851 28861 * SendMessageToReplica (transportcommon.h:97): key is 2, value is 441015728
20260308-231011-3853 28861 * SendMessageToReplica (transportcommon.h:94): sending message to replica, len of replicaaddr is 3
20260308-231011-3854 28861 * SendMessageToReplica (transportcommon.h:97): key is 0, value is 441015760
20260308-231011-3854 28861 * SendMessageToReplica (transportcommon.h:97): key is 1, value is 441015760
20260308-231011-3854 28861 * SendMessageToReplica (transportcommon.h:97): key is 2, value is 441015760
20260308-231011-3871 28861 * InvokeHelper    (client.cc:139):    Sending CoordRequest: p=17179869194 s=4294967308 to group=2 replica=2
20260308-231011-3872 28861 * SendMessageToReplica (transportcommon.h:94): sending message to replica, len of replicaaddr is 3
20260308-231011-3872 28861 * SendMessageToReplica (transportcommon.h:97): key is 0, value is 441015936
20260308-231011-3873 28861 * SendMessageToReplica (transportcommon.h:97): key is 1, value is 441015936
20260308-231011-3873 28861 * SendMessageToReplica (transportcommon.h:97): key is 2, value is 441015936
20260308-231011-3874 28861 * SendRequest     (client.cc:201):    Sending client request with id 106 (shardtag=4294967308 predlist_size=1)
20260308-231011-3874 28861 * SendMessageToReplica (transportcommon.h:94): sending message to replica, len of replicaaddr is 3
20260308-231011-3874 28861 * SendMessageToReplica (transportcommon.h:97): key is 0, value is 441015728
20260308-231011-3874 28861 * SendMessageToReplica (transportcommon.h:97): key is 1, value is 441015728
20260308-231011-3875 28861 * SendMessageToReplica (transportcommon.h:97): key is 2, value is 441015728
20260308-231011-3875 28861 * SendMessageToReplica (transportcommon.h:94): sending message to replica, len of replicaaddr is 3
20260308-231011-3875 28861 * SendMessageToReplica (transportcommon.h:97): key is 0, value is 441015728
20260308-231011-3876 28861 * SendMessageToReplica (transportcommon.h:97): key is 1, value is 441015728
20260308-231011-3876 28861 * SendMessageToReplica (transportcommon.h:97): key is 2, value is 441015728
20260308-231011-3878 28861 * SendMessageToReplica (transportcommon.h:94): sending message to replica, len of replicaaddr is 3
20260308-231011-3878 28861 * SendMessageToReplica (transportcommon.h:97): key is 0, value is 441015760
20260308-231011-3878 28861 * SendMessageToReplica (transportcommon.h:97): key is 1, value is 441015760
20260308-231011-3879 28861 * SendMessageToReplica (transportcommon.h:97): key is 2, value is 441015760
20260308-231011-7766 28861 * InvokeHelper    (client.cc:139):    Sending CoordRequest: p=4294967308 s=30064771086 to group=2 replica=2
20260308-231011-7767 28861 * SendMessageToReplica (transportcommon.h:94): sending message to replica, len of replicaaddr is 3
20260308-231011-7767 28861 * SendMessageToReplica (transportcommon.h:97): key is 0, value is 441015936
20260308-231011-7767 28861 * SendMessageToReplica (transportcommon.h:97): key is 1, value is 441015936
20260308-231011-7768 28861 * SendMessageToReplica (transportcommon.h:97): key is 2, value is 441015936
20260308-231011-7768 28861 * SendRequest     (client.cc:201):    Sending client request with id 107 (shardtag=30064771086 predlist_size=1)
20260308-231011-7769 28861 * SendMessageToReplica (transportcommon.h:94): sending message to replica, len of replicaaddr is 3
20260308-231011-7769 28861 * SendMessageToReplica (transportcommon.h:97): key is 0, value is 441015728
20260308-231011-7769 28861 * SendMessageToReplica (transportcommon.h:97): key is 1, value is 441015728
20260308-231011-7769 28861 * SendMessageToReplica (transportcommon.h:97): key is 2, value is 441015728
20260308-231011-7770 28861 * SendMessageToReplica (transportcommon.h:94): sending message to replica, len of replicaaddr is 3
20260308-231011-7770 28861 * SendMessageToReplica (transportcommon.h:97): key is 0, value is 441015728
20260308-231011-7770 28861 * SendMessageToReplica (transportcommon.h:97): key is 1, value is 441015728
20260308-231011-7771 28861 * SendMessageToReplica (transportcommon.h:97): key is 2, value is 441015728
20260308-231011-7772 28861 * SendMessageToReplica (transportcommon.h:94): sending message to replica, len of replicaaddr is 3
20260308-231011-7773 28861 * SendMessageToReplica (transportcommon.h:97): key is 0, value is 441015760
20260308-231011-7773 28861 * SendMessageToReplica (transportcommon.h:97): key is 1, value is 441015760
20260308-231011-7773 28861 * SendMessageToReplica (transportcommon.h:97): key is 2, value is 441015760
20260308-231011-7875 28861 * InvokeHelper    (client.cc:139):    Sending CoordRequest: p=30064771086 s=21474836497 to group=2 replica=2
20260308-231011-7876 28861 * SendMessageToReplica (transportcommon.h:94): sending message to replica, len of replicaaddr is 3
20260308-231011-7876 28861 * SendMessageToReplica (transportcommon.h:97): key is 0, value is 441015936
20260308-231011-7876 28861 * SendMessageToReplica (transportcommon.h:97): key is 1, value is 441015936
20260308-231011-7877 28861 * SendMessageToReplica (transportcommon.h:97): key is 2, value is 441015936
20260308-231011-7877 28861 * SendRequest     (client.cc:201):    Sending client request with id 108 (shardtag=21474836497 predlist_size=1)
20260308-231011-7878 28861 * SendMessageToReplica (transportcommon.h:94): sending message to replica, len of replicaaddr is 3
20260308-231011-7878 28861 * SendMessageToReplica (transportcommon.h:97): key is 0, value is 441015728
20260308-231011-7878 28861 * SendMessageToReplica (transportcommon.h:97): key is 1, value is 441015728
20260308-231011-7878 28861 * SendMessageToReplica (transportcommon.h:97): key is 2, value is 441015728
20260308-231011-7879 28861 * SendMessageToReplica (transportcommon.h:94): sending message to replica, len of replicaaddr is 3
20260308-231011-7879 28861 * SendMessageToReplica (transportcommon.h:97): key is 0, value is 441015728
20260308-231011-7879 28861 * SendMessageToReplica (transportcommon.h:97): key is 1, value is 441015728
20260308-231011-7880 28861 * SendMessageToReplica (transportcommon.h:97): key is 2, value is 441015728
20260308-231011-7882 28861 * SendMessageToReplica (transportcommon.h:94): sending message to replica, len of replicaaddr is 3
20260308-231011-7882 28861 * SendMessageToReplica (transportcommon.h:97): key is 0, value is 441015760
20260308-231011-7882 28861 * SendMessageToReplica (transportcommon.h:97): key is 1, value is 441015760
20260308-231011-7883 28861 * SendMessageToReplica (transportcommon.h:97): key is 2, value is 441015760
20260308-231011-7886 28861 * InvokeHelper    (client.cc:139):    Sending CoordRequest: p=21474836497 s=17179869195 to group=2 replica=2
20260308-231011-7886 28861 * SendMessageToReplica (transportcommon.h:94): sending message to replica, len of replicaaddr is 3
20260308-231011-7887 28861 * SendMessageToReplica (transportcommon.h:97): key is 0, value is 441015936
20260308-231011-7887 28861 * SendMessageToReplica (transportcommon.h:97): key is 1, value is 441015936
20260308-231011-7887 28861 * SendMessageToReplica (transportcommon.h:97): key is 2, value is 441015936
20260308-231011-7888 28861 * SendRequest     (client.cc:201):    Sending client request with id 109 (shardtag=17179869195 predlist_size=1)
20260308-231011-7888 28861 * SendMessageToReplica (transportcommon.h:94): sending message to replica, len of replicaaddr is 3
20260308-231011-7889 28861 * SendMessageToReplica (transportcommon.h:97): key is 0, value is 441015728
20260308-231011-7889 28861 * SendMessageToReplica (transportcommon.h:97): key is 1, value is 441015728
20260308-231011-7889 28861 * SendMessageToReplica (transportcommon.h:97): key is 2, value is 441015728
20260308-231011-7890 28861 * SendMessageToReplica (transportcommon.h:94): sending message to replica, len of replicaaddr is 3
20260308-231011-7890 28861 * SendMessageToReplica (transportcommon.h:97): key is 0, value is 441015728
20260308-231011-7890 28861 * SendMessageToReplica (transportcommon.h:97): key is 1, value is 441015728
20260308-231011-7890 28861 * SendMessageToReplica (transportcommon.h:97): key is 2, value is 441015728
20260308-231011-7892 28861 * InvokeHelper    (client.cc:139):    Sending CoordRequest: p=17179869195 s=18 to group=2 replica=2
20260308-231011-7892 28861 * SendMessageToReplica (transportcommon.h:94): sending message to replica, len of replicaaddr is 3
20260308-231011-7893 28861 * SendMessageToReplica (transportcommon.h:97): key is 0, value is 441015952
20260308-231011-7893 28861 * SendMessageToReplica (transportcommon.h:97): key is 1, value is 441015952
20260308-231011-7893 28861 * SendMessageToReplica (transportcommon.h:97): key is 2, value is 441015952
20260308-231011-7894 28861 * SendRequest     (client.cc:201):    Sending client request with id 110 (shardtag=18 predlist_size=1)
20260308-231011-7894 28861 * SendMessageToReplica (transportcommon.h:94): sending message to replica, len of replicaaddr is 3
20260308-231011-7894 28861 * SendMessageToReplica (transportcommon.h:97): key is 0, value is 441015744
20260308-231011-7895 28861 * SendMessageToReplica (transportcommon.h:97): key is 1, value is 441015744
20260308-231011-7895 28861 * SendMessageToReplica (transportcommon.h:97): key is 2, value is 441015744
20260308-231011-7895 28861 * SendMessageToReplica (transportcommon.h:94): sending message to replica, len of replicaaddr is 3
20260308-231011-7896 28861 * SendMessageToReplica (transportcommon.h:97): key is 0, value is 441015744
20260308-231011-7896 28861 * SendMessageToReplica (transportcommon.h:97): key is 1, value is 441015744
20260308-231011-7896 28861 * SendMessageToReplica (transportcommon.h:97): key is 2, value is 441015744
20260308-231011-7898 28861 * SendMessageToReplica (transportcommon.h:94): sending message to replica, len of replicaaddr is 3
20260308-231011-7898 28861 * SendMessageToReplica (transportcommon.h:97): key is 0, value is 441015760
20260308-231011-7898 28861 * SendMessageToReplica (transportcommon.h:97): key is 1, value is 441015760
20260308-231011-7899 28861 * SendMessageToReplica (transportcommon.h:97): key is 2, value is 441015760
20260308-231011-7900 28861 * SendMessageToReplica (transportcommon.h:94): sending message to replica, len of replicaaddr is 3
20260308-231011-7900 28861 * SendMessageToReplica (transportcommon.h:97): key is 0, value is 441015760
20260308-231011-7900 28861 * SendMessageToReplica (transportcommon.h:97): key is 1, value is 441015760
20260308-231011-7901 28861 * SendMessageToReplica (transportcommon.h:97): key is 2, value is 441015760
20260308-231012-1806 28861 * InvokeHelper    (client.cc:139):    Sending CoordRequest: p=18 s=30064771087 to group=2 replica=2
20260308-231012-1807 28861 * SendMessageToReplica (transportcommon.h:94): sending message to replica, len of replicaaddr is 3
20260308-231012-1807 28861 * SendMessageToReplica (transportcommon.h:97): key is 0, value is 441015936
20260308-231012-1807 28861 * SendMessageToReplica (transportcommon.h:97): key is 1, value is 441015936
20260308-231012-1807 28861 * SendMessageToReplica (transportcommon.h:97): key is 2, value is 441015936
20260308-231012-1808 28861 * SendRequest     (client.cc:201):    Sending client request with id 111 (shardtag=30064771087 predlist_size=1)
20260308-231012-1809 28861 * SendMessageToReplica (transportcommon.h:94): sending message to replica, len of replicaaddr is 3
20260308-231012-1809 28861 * SendMessageToReplica (transportcommon.h:97): key is 0, value is 441015728
20260308-231012-1809 28861 * SendMessageToReplica (transportcommon.h:97): key is 1, value is 441015728
20260308-231012-1809 28861 * SendMessageToReplica (transportcommon.h:97): key is 2, value is 441015728
20260308-231012-1810 28861 * SendMessageToReplica (transportcommon.h:94): sending message to replica, len of replicaaddr is 3
20260308-231012-1810 28861 * SendMessageToReplica (transportcommon.h:97): key is 0, value is 441015728
20260308-231012-1810 28861 * SendMessageToReplica (transportcommon.h:97): key is 1, value is 441015728
20260308-231012-1811 28861 * SendMessageToReplica (transportcommon.h:97): key is 2, value is 441015728
20260308-231012-1813 28861 * SendMessageToReplica (transportcommon.h:94): sending message to replica, len of replicaaddr is 3
20260308-231012-1813 28861 * SendMessageToReplica (transportcommon.h:97): key is 0, value is 441015760
20260308-231012-1813 28861 * SendMessageToReplica (transportcommon.h:97): key is 1, value is 441015760
20260308-231012-1813 28861 * SendMessageToReplica (transportcommon.h:97): key is 2, value is 441015760
20260308-231012-1918 28861 * InvokeHelper    (client.cc:139):    Sending CoordRequest: p=30064771087 s=8589934612 to group=2 replica=2
20260308-231012-1918 28861 * SendMessageToReplica (transportcommon.h:94): sending message to replica, len of replicaaddr is 3
20260308-231012-1919 28861 * SendMessageToReplica (transportcommon.h:97): key is 0, value is 441015936
20260308-231012-1919 28861 * SendMessageToReplica (transportcommon.h:97): key is 1, value is 441015936
20260308-231012-1919 28861 * SendMessageToReplica (transportcommon.h:97): key is 2, value is 441015936
20260308-231012-1920 28861 * SendRequest     (client.cc:201):    Sending client request with id 112 (shardtag=8589934612 predlist_size=1)
20260308-231012-1920 28861 * SendMessageToReplica (transportcommon.h:94): sending message to replica, len of replicaaddr is 3
20260308-231012-1921 28861 * SendMessageToReplica (transportcommon.h:97): key is 0, value is 441015728
20260308-231012-1921 28861 * SendMessageToReplica (transportcommon.h:97): key is 1, value is 441015728
20260308-231012-1921 28861 * SendMessageToReplica (transportcommon.h:97): key is 2, value is 441015728
20260308-231012-1922 28861 * SendMessageToReplica (transportcommon.h:94): sending message to replica, len of replicaaddr is 3
20260308-231012-1922 28861 * SendMessageToReplica (transportcommon.h:97): key is 0, value is 441015728
20260308-231012-1922 28861 * SendMessageToReplica (transportcommon.h:97): key is 1, value is 441015728
20260308-231012-1923 28861 * SendMessageToReplica (transportcommon.h:97): key is 2, value is 441015728
20260308-231012-1924 28861 * InvokeHelper    (client.cc:139):    Sending CoordRequest: p=8589934612 s=25769803786 to group=2 replica=2
20260308-231012-1925 28861 * SendMessageToReplica (transportcommon.h:94): sending message to replica, len of replicaaddr is 3
20260308-231012-1925 28861 * SendMessageToReplica (transportcommon.h:97): key is 0, value is 441015936
20260308-231012-1925 28861 * SendMessageToReplica (transportcommon.h:97): key is 1, value is 441015936
20260308-231012-1925 28861 * SendMessageToReplica (transportcommon.h:97): key is 2, value is 441015936
20260308-231012-1926 28861 * SendRequest     (client.cc:201):    Sending client request with id 113 (shardtag=25769803786 predlist_size=1)
20260308-231012-1926 28861 * SendMessageToReplica (transportcommon.h:94): sending message to replica, len of replicaaddr is 3
20260308-231012-1927 28861 * SendMessageToReplica (transportcommon.h:97): key is 0, value is 441015728
20260308-231012-1927 28861 * SendMessageToReplica (transportcommon.h:97): key is 1, value is 441015728
20260308-231012-1927 28861 * SendMessageToReplica (transportcommon.h:97): key is 2, value is 441015728
20260308-231012-1928 28861 * SendMessageToReplica (transportcommon.h:94): sending message to replica, len of replicaaddr is 3
20260308-231012-1928 28861 * SendMessageToReplica (transportcommon.h:97): key is 0, value is 441015728
20260308-231012-1928 28861 * SendMessageToReplica (transportcommon.h:97): key is 1, value is 441015728
20260308-231012-1928 28861 * SendMessageToReplica (transportcommon.h:97): key is 2, value is 441015728
20260308-231012-1930 28861 * SendMessageToReplica (transportcommon.h:94): sending message to replica, len of replicaaddr is 3
20260308-231012-1931 28861 * SendMessageToReplica (transportcommon.h:97): key is 0, value is 441015760
20260308-231012-1931 28861 * SendMessageToReplica (transportcommon.h:97): key is 1, value is 441015760
20260308-231012-1931 28861 * SendMessageToReplica (transportcommon.h:97): key is 2, value is 441015760
20260308-231012-1932 28861 * SendMessageToReplica (transportcommon.h:94): sending message to replica, len of replicaaddr is 3
20260308-231012-1932 28861 * SendMessageToReplica (transportcommon.h:97): key is 0, value is 441015760
20260308-231012-1933 28861 * SendMessageToReplica (transportcommon.h:97): key is 1, value is 441015760
20260308-231012-1933 28861 * SendMessageToReplica (transportcommon.h:97): key is 2, value is 441015760
20260308-231012-5846 28861 * InvokeHelper    (client.cc:139):    Sending CoordRequest: p=25769803786 s=30064771088 to group=2 replica=2
20260308-231012-5847 28861 * SendMessageToReplica (transportcommon.h:94): sending message to replica, len of replicaaddr is 3
20260308-231012-5847 28861 * SendMessageToReplica (transportcommon.h:97): key is 0, value is 441015936
20260308-231012-5848 28861 * SendMessageToReplica (transportcommon.h:97): key is 1, value is 441015936
20260308-231012-5848 28861 * SendMessageToReplica (transportcommon.h:97): key is 2, value is 441015936
20260308-231012-5848 28861 * SendRequest     (client.cc:201):    Sending client request with id 114 (shardtag=30064771088 predlist_size=1)
20260308-231012-5849 28861 * SendMessageToReplica (transportcommon.h:94): sending message to replica, len of replicaaddr is 3
20260308-231012-5849 28861 * SendMessageToReplica (transportcommon.h:97): key is 0, value is 441015728
20260308-231012-5849 28861 * SendMessageToReplica (transportcommon.h:97): key is 1, value is 441015728
20260308-231012-5850 28861 * SendMessageToReplica (transportcommon.h:97): key is 2, value is 441015728
20260308-231012-5850 28861 * SendMessageToReplica (transportcommon.h:94): sending message to replica, len of replicaaddr is 3
20260308-231012-5850 28861 * SendMessageToReplica (transportcommon.h:97): key is 0, value is 441015728
20260308-231012-5851 28861 * SendMessageToReplica (transportcommon.h:97): key is 1, value is 441015728
20260308-231012-5851 28861 * SendMessageToReplica (transportcommon.h:97): key is 2, value is 441015728
20260308-231012-5853 28861 * SendMessageToReplica (transportcommon.h:94): sending message to replica, len of replicaaddr is 3
20260308-231012-5853 28861 * SendMessageToReplica (transportcommon.h:97): key is 0, value is 441015760
20260308-231012-5853 28861 * SendMessageToReplica (transportcommon.h:97): key is 1, value is 441015760
20260308-231012-5854 28861 * SendMessageToReplica (transportcommon.h:97): key is 2, value is 441015760
20260308-231012-6009 28861 * InvokeHelper    (client.cc:139):    Sending CoordRequest: p=30064771088 s=19 to group=2 replica=2
20260308-231012-6010 28861 * SendMessageToReplica (transportcommon.h:94): sending message to replica, len of replicaaddr is 3
20260308-231012-6010 28861 * SendMessageToReplica (transportcommon.h:97): key is 0, value is 441015952
20260308-231012-6010 28861 * SendMessageToReplica (transportcommon.h:97): key is 1, value is 441015952
20260308-231012-6011 28861 * SendMessageToReplica (transportcommon.h:97): key is 2, value is 441015952
20260308-231012-6011 28861 * SendRequest     (client.cc:201):    Sending client request with id 115 (shardtag=19 predlist_size=1)
20260308-231012-6012 28861 * SendMessageToReplica (transportcommon.h:94): sending message to replica, len of replicaaddr is 3
20260308-231012-6012 28861 * SendMessageToReplica (transportcommon.h:97): key is 0, value is 441015744
20260308-231012-6012 28861 * SendMessageToReplica (transportcommon.h:97): key is 1, value is 441015744
20260308-231012-6013 28861 * SendMessageToReplica (transportcommon.h:97): key is 2, value is 441015744
20260308-231012-6013 28861 * SendMessageToReplica (transportcommon.h:94): sending message to replica, len of replicaaddr is 3
20260308-231012-6013 28861 * SendMessageToReplica (transportcommon.h:97): key is 0, value is 441015744
20260308-231012-6014 28861 * SendMessageToReplica (transportcommon.h:97): key is 1, value is 441015744
20260308-231012-6014 28861 * SendMessageToReplica (transportcommon.h:97): key is 2, value is 441015744
20260308-231012-6015 28861 * InvokeHelper    (client.cc:139):    Sending CoordRequest: p=19 s=17179869196 to group=2 replica=2
20260308-231012-6016 28861 * SendMessageToReplica (transportcommon.h:94): sending message to replica, len of replicaaddr is 3
20260308-231012-6016 28861 * SendMessageToReplica (transportcommon.h:97): key is 0, value is 441015936
20260308-231012-6016 28861 * SendMessageToReplica (transportcommon.h:97): key is 1, value is 441015936
20260308-231012-6016 28861 * SendMessageToReplica (transportcommon.h:97): key is 2, value is 441015936
20260308-231012-6017 28861 * SendRequest     (client.cc:201):    Sending client request with id 116 (shardtag=17179869196 predlist_size=1)
20260308-231012-6017 28861 * SendMessageToReplica (transportcommon.h:94): sending message to replica, len of replicaaddr is 3
20260308-231012-6018 28861 * SendMessageToReplica (transportcommon.h:97): key is 0, value is 441015728
20260308-231012-6018 28861 * SendMessageToReplica (transportcommon.h:97): key is 1, value is 441015728
20260308-231012-6018 28861 * SendMessageToReplica (transportcommon.h:97): key is 2, value is 441015728
20260308-231012-6019 28861 * SendMessageToReplica (transportcommon.h:94): sending message to replica, len of replicaaddr is 3
20260308-231012-6019 28861 * SendMessageToReplica (transportcommon.h:97): key is 0, value is 441015728
20260308-231012-6019 28861 * SendMessageToReplica (transportcommon.h:97): key is 1, value is 441015728
20260308-231012-6019 28861 * SendMessageToReplica (transportcommon.h:97): key is 2, value is 441015728
20260308-231012-6021 28861 * SendMessageToReplica (transportcommon.h:94): sending message to replica, len of replicaaddr is 3
20260308-231012-6021 28861 * SendMessageToReplica (transportcommon.h:97): key is 0, value is 441015760
20260308-231012-6022 28861 * SendMessageToReplica (transportcommon.h:97): key is 1, value is 441015760
20260308-231012-6022 28861 * SendMessageToReplica (transportcommon.h:97): key is 2, value is 441015760
20260308-231012-6023 28861 * SendMessageToReplica (transportcommon.h:94): sending message to replica, len of replicaaddr is 3
20260308-231012-6023 28861 * SendMessageToReplica (transportcommon.h:97): key is 0, value is 441015760
20260308-231012-6024 28861 * SendMessageToReplica (transportcommon.h:97): key is 1, value is 441015760
20260308-231012-6024 28861 * SendMessageToReplica (transportcommon.h:97): key is 2, value is 441015760
20260308-231012-9988 28861 * InvokeHelper    (client.cc:139):    Sending CoordRequest: p=17179869196 s=21474836498 to group=2 replica=2
20260308-231012-9989 28861 * SendMessageToReplica (transportcommon.h:94): sending message to replica, len of replicaaddr is 3
20260308-231012-9989 28861 * SendMessageToReplica (transportcommon.h:97): key is 0, value is 441015936
20260308-231012-9989 28861 * SendMessageToReplica (transportcommon.h:97): key is 1, value is 441015936
20260308-231012-9989 28861 * SendMessageToReplica (transportcommon.h:97): key is 2, value is 441015936
20260308-231012-9990 28861 * SendRequest     (client.cc:201):    Sending client request with id 117 (shardtag=21474836498 predlist_size=1)
20260308-231012-9990 28861 * SendMessageToReplica (transportcommon.h:94): sending message to replica, len of replicaaddr is 3
20260308-231012-9991 28861 * SendMessageToReplica (transportcommon.h:97): key is 0, value is 441015728
20260308-231012-9991 28861 * SendMessageToReplica (transportcommon.h:97): key is 1, value is 441015728
20260308-231012-9991 28861 * SendMessageToReplica (transportcommon.h:97): key is 2, value is 441015728
20260308-231012-9992 28861 * SendMessageToReplica (transportcommon.h:94): sending message to replica, len of replicaaddr is 3
20260308-231012-9992 28861 * SendMessageToReplica (transportcommon.h:97): key is 0, value is 441015728
20260308-231012-9992 28861 * SendMessageToReplica (transportcommon.h:97): key is 1, value is 441015728
20260308-231012-9993 28861 * SendMessageToReplica (transportcommon.h:97): key is 2, value is 441015728
20260308-231012-9994 28861 * SendMessageToReplica (transportcommon.h:94): sending message to replica, len of replicaaddr is 3
20260308-231012-9995 28861 * SendMessageToReplica (transportcommon.h:97): key is 0, value is 441015760
20260308-231012-9995 28861 * SendMessageToReplica (transportcommon.h:97): key is 1, value is 441015760
20260308-231012-9995 28861 * SendMessageToReplica (transportcommon.h:97): key is 2, value is 441015760
20260308-231013-0068 28861 * InvokeHelper    (client.cc:139):    Sending CoordRequest: p=21474836498 s=20 to group=2 replica=2
20260308-231013-0068 28861 * SendMessageToReplica (transportcommon.h:94): sending message to replica, len of replicaaddr is 3
20260308-231013-0069 28861 * SendMessageToReplica (transportcommon.h:97): key is 0, value is 441015952
20260308-231013-0069 28861 * SendMessageToReplica (transportcommon.h:97): key is 1, value is 441015952
20260308-231013-0069 28861 * SendMessageToReplica (transportcommon.h:97): key is 2, value is 441015952
20260308-231013-0070 28861 * SendRequest     (client.cc:201):    Sending client request with id 118 (shardtag=20 predlist_size=1)
20260308-231013-0070 28861 * SendMessageToReplica (transportcommon.h:94): sending message to replica, len of replicaaddr is 3
20260308-231013-0070 28861 * SendMessageToReplica (transportcommon.h:97): key is 0, value is 441015744
20260308-231013-0071 28861 * SendMessageToReplica (transportcommon.h:97): key is 1, value is 441015744
20260308-231013-0071 28861 * SendMessageToReplica (transportcommon.h:97): key is 2, value is 441015744
20260308-231013-0071 28861 * SendMessageToReplica (transportcommon.h:94): sending message to replica, len of replicaaddr is 3
20260308-231013-0072 28861 * SendMessageToReplica (transportcommon.h:97): key is 0, value is 441015744
20260308-231013-0072 28861 * SendMessageToReplica (transportcommon.h:97): key is 1, value is 441015744
20260308-231013-0072 28861 * SendMessageToReplica (transportcommon.h:97): key is 2, value is 441015744
20260308-231013-0074 28861 * SendMessageToReplica (transportcommon.h:94): sending message to replica, len of replicaaddr is 3
20260308-231013-0074 28861 * SendMessageToReplica (transportcommon.h:97): key is 0, value is 441015760
20260308-231013-0075 28861 * SendMessageToReplica (transportcommon.h:97): key is 1, value is 441015760
20260308-231013-0075 28861 * SendMessageToReplica (transportcommon.h:97): key is 2, value is 441015760
20260308-231013-3928 28861 * InvokeHelper    (client.cc:139):    Sending CoordRequest: p=20 s=30064771089 to group=2 replica=2
20260308-231013-3928 28861 * SendMessageToReplica (transportcommon.h:94): sending message to replica, len of replicaaddr is 3
20260308-231013-3929 28861 * SendMessageToReplica (transportcommon.h:97): key is 0, value is 441015936
20260308-231013-3929 28861 * SendMessageToReplica (transportcommon.h:97): key is 1, value is 441015936
20260308-231013-3929 28861 * SendMessageToReplica (transportcommon.h:97): key is 2, value is 441015936
20260308-231013-3930 28861 * SendRequest     (client.cc:201):    Sending client request with id 119 (shardtag=30064771089 predlist_size=1)
20260308-231013-3930 28861 * SendMessageToReplica (transportcommon.h:94): sending message to replica, len of replicaaddr is 3
20260308-231013-3931 28861 * SendMessageToReplica (transportcommon.h:97): key is 0, value is 441015728
20260308-231013-3931 28861 * SendMessageToReplica (transportcommon.h:97): key is 1, value is 441015728
20260308-231013-3931 28861 * SendMessageToReplica (transportcommon.h:97): key is 2, value is 441015728
20260308-231013-3932 28861 * SendMessageToReplica (transportcommon.h:94): sending message to replica, len of replicaaddr is 3
20260308-231013-3932 28861 * SendMessageToReplica (transportcommon.h:97): key is 0, value is 441015728
20260308-231013-3932 28861 * SendMessageToReplica (transportcommon.h:97): key is 1, value is 441015728
20260308-231013-3933 28861 * SendMessageToReplica (transportcommon.h:97): key is 2, value is 441015728
20260308-231013-3934 28861 * SendMessageToReplica (transportcommon.h:94): sending message to replica, len of replicaaddr is 3
20260308-231013-3935 28861 * SendMessageToReplica (transportcommon.h:97): key is 0, value is 441015760
20260308-231013-3935 28861 * SendMessageToReplica (transportcommon.h:97): key is 1, value is 441015760
20260308-231013-3935 28861 * SendMessageToReplica (transportcommon.h:97): key is 2, value is 441015760
20260308-231013-4075 28861 * InvokeHelper    (client.cc:139):    Sending CoordRequest: p=30064771089 s=25769803787 to group=2 replica=2
20260308-231013-4076 28861 * SendMessageToReplica (transportcommon.h:94): sending message to replica, len of replicaaddr is 3
20260308-231013-4076 28861 * SendMessageToReplica (transportcommon.h:97): key is 0, value is 441015936
20260308-231013-4077 28861 * SendMessageToReplica (transportcommon.h:97): key is 1, value is 441015936
20260308-231013-4077 28861 * SendMessageToReplica (transportcommon.h:97): key is 2, value is 441015936
20260308-231013-4078 28861 * SendRequest     (client.cc:201):    Sending client request with id 120 (shardtag=25769803787 predlist_size=1)
20260308-231013-4078 28861 * SendMessageToReplica (transportcommon.h:94): sending message to replica, len of replicaaddr is 3
20260308-231013-4078 28861 * SendMessageToReplica (transportcommon.h:97): key is 0, value is 441015728
20260308-231013-4079 28861 * SendMessageToReplica (transportcommon.h:97): key is 1, value is 441015728
20260308-231013-4079 28861 * SendMessageToReplica (transportcommon.h:97): key is 2, value is 441015728
20260308-231013-4079 28861 * SendMessageToReplica (transportcommon.h:94): sending message to replica, len of replicaaddr is 3
20260308-231013-4079 28861 * SendMessageToReplica (transportcommon.h:97): key is 0, value is 441015728
20260308-231013-4080 28861 * SendMessageToReplica (transportcommon.h:97): key is 1, value is 441015728
20260308-231013-4080 28861 * SendMessageToReplica (transportcommon.h:97): key is 2, value is 441015728
20260308-231013-4082 28861 * SendMessageToReplica (transportcommon.h:94): sending message to replica, len of replicaaddr is 3
20260308-231013-4083 28861 * SendMessageToReplica (transportcommon.h:97): key is 0, value is 441015760
20260308-231013-4083 28861 * SendMessageToReplica (transportcommon.h:97): key is 1, value is 441015760
20260308-231013-4083 28861 * SendMessageToReplica (transportcommon.h:97): key is 2, value is 441015760
20260308-231013-4100 28861 * InvokeHelper    (client.cc:139):    Sending CoordRequest: p=25769803787 s=12884901899 to group=2 replica=2
20260308-231013-4101 28861 * SendMessageToReplica (transportcommon.h:94): sending message to replica, len of replicaaddr is 3
20260308-231013-4101 28861 * SendMessageToReplica (transportcommon.h:97): key is 0, value is 441015936
20260308-231013-4101 28861 * SendMessageToReplica (transportcommon.h:97): key is 1, value is 441015936
20260308-231013-4102 28861 * SendMessageToReplica (transportcommon.h:97): key is 2, value is 441015936
20260308-231013-4102 28861 * SendRequest     (client.cc:201):    Sending client request with id 121 (shardtag=12884901899 predlist_size=1)
20260308-231013-4103 28861 * SendMessageToReplica (transportcommon.h:94): sending message to replica, len of replicaaddr is 3
20260308-231013-4103 28861 * SendMessageToReplica (transportcommon.h:97): key is 0, value is 441015728
20260308-231013-4103 28861 * SendMessageToReplica (transportcommon.h:97): key is 1, value is 441015728
20260308-231013-4104 28861 * SendMessageToReplica (transportcommon.h:97): key is 2, value is 441015728
20260308-231013-4104 28861 * SendMessageToReplica (transportcommon.h:94): sending message to replica, len of replicaaddr is 3
20260308-231013-4104 28861 * SendMessageToReplica (transportcommon.h:97): key is 0, value is 441015728
20260308-231013-4105 28861 * SendMessageToReplica (transportcommon.h:97): key is 1, value is 441015728
20260308-231013-4105 28861 * SendMessageToReplica (transportcommon.h:97): key is 2, value is 441015728
20260308-231013-4107 28861 * SendMessageToReplica (transportcommon.h:94): sending message to replica, len of replicaaddr is 3
20260308-231013-4107 28861 * SendMessageToReplica (transportcommon.h:97): key is 0, value is 441015760
20260308-231013-4107 28861 * SendMessageToReplica (transportcommon.h:97): key is 1, value is 441015760
20260308-231013-4108 28861 * SendMessageToReplica (transportcommon.h:97): key is 2, value is 441015760
20260308-231013-8131 28861 * InvokeHelper    (client.cc:139):    Sending CoordRequest: p=12884901899 s=21 to group=2 replica=2
20260308-231013-8131 28861 * SendMessageToReplica (transportcommon.h:94): sending message to replica, len of replicaaddr is 3
20260308-231013-8131 28861 * SendMessageToReplica (transportcommon.h:97): key is 0, value is 441015952
20260308-231013-8132 28861 * SendMessageToReplica (transportcommon.h:97): key is 1, value is 441015952
20260308-231013-8132 28861 * SendMessageToReplica (transportcommon.h:97): key is 2, value is 441015952
20260308-231013-8133 28861 * SendRequest     (client.cc:201):    Sending client request with id 122 (shardtag=21 predlist_size=1)
20260308-231013-8133 28861 * SendMessageToReplica (transportcommon.h:94): sending message to replica, len of replicaaddr is 3
20260308-231013-8133 28861 * SendMessageToReplica (transportcommon.h:97): key is 0, value is 441015744
20260308-231013-8134 28861 * SendMessageToReplica (transportcommon.h:97): key is 1, value is 441015744
20260308-231013-8134 28861 * SendMessageToReplica (transportcommon.h:97): key is 2, value is 441015744
20260308-231013-8134 28861 * SendMessageToReplica (transportcommon.h:94): sending message to replica, len of replicaaddr is 3
20260308-231013-8135 28861 * SendMessageToReplica (transportcommon.h:97): key is 0, value is 441015744
20260308-231013-8135 28861 * SendMessageToReplica (transportcommon.h:97): key is 1, value is 441015744
20260308-231013-8135 28861 * SendMessageToReplica (transportcommon.h:97): key is 2, value is 441015744
20260308-231013-8137 28861 * SendMessageToReplica (transportcommon.h:94): sending message to replica, len of replicaaddr is 3
20260308-231013-8137 28861 * SendMessageToReplica (transportcommon.h:97): key is 0, value is 441015760
20260308-231013-8138 28861 * SendMessageToReplica (transportcommon.h:97): key is 1, value is 441015760
20260308-231013-8138 28861 * SendMessageToReplica (transportcommon.h:97): key is 2, value is 441015760
20260308-231014-2014 28861 * InvokeHelper    (client.cc:139):    Sending CoordRequest: p=21 s=30064771090 to group=2 replica=2
20260308-231014-2015 28861 * SendMessageToReplica (transportcommon.h:94): sending message to replica, len of replicaaddr is 3
20260308-231014-2015 28861 * SendMessageToReplica (transportcommon.h:97): key is 0, value is 441015936
20260308-231014-2016 28861 * SendMessageToReplica (transportcommon.h:97): key is 1, value is 441015936
20260308-231014-2016 28861 * SendMessageToReplica (transportcommon.h:97): key is 2, value is 441015936
20260308-231014-2016 28861 * SendRequest     (client.cc:201):    Sending client request with id 123 (shardtag=30064771090 predlist_size=1)
20260308-231014-2017 28861 * SendMessageToReplica (transportcommon.h:94): sending message to replica, len of replicaaddr is 3
20260308-231014-2017 28861 * SendMessageToReplica (transportcommon.h:97): key is 0, value is 441015728
20260308-231014-2017 28861 * SendMessageToReplica (transportcommon.h:97): key is 1, value is 441015728
20260308-231014-2018 28861 * SendMessageToReplica (transportcommon.h:97): key is 2, value is 441015728
20260308-231014-2018 28861 * SendMessageToReplica (transportcommon.h:94): sending message to replica, len of replicaaddr is 3
20260308-231014-2019 28861 * SendMessageToReplica (transportcommon.h:97): key is 0, value is 441015728
20260308-231014-2019 28861 * SendMessageToReplica (transportcommon.h:97): key is 1, value is 441015728
20260308-231014-2019 28861 * SendMessageToReplica (transportcommon.h:97): key is 2, value is 441015728
20260308-231014-2021 28861 * SendMessageToReplica (transportcommon.h:94): sending message to replica, len of replicaaddr is 3
20260308-231014-2021 28861 * SendMessageToReplica (transportcommon.h:97): key is 0, value is 441015760
20260308-231014-2022 28861 * SendMessageToReplica (transportcommon.h:97): key is 1, value is 441015760
20260308-231014-2022 28861 * SendMessageToReplica (transportcommon.h:97): key is 2, value is 441015760
20260308-231014-2148 28861 * InvokeHelper    (client.cc:139):    Sending CoordRequest: p=30064771090 s=8589934613 to group=2 replica=2
20260308-231014-2148 28861 * SendMessageToReplica (transportcommon.h:94): sending message to replica, len of replicaaddr is 3
20260308-231014-2149 28861 * SendMessageToReplica (transportcommon.h:97): key is 0, value is 441015936
20260308-231014-2149 28861 * SendMessageToReplica (transportcommon.h:97): key is 1, value is 441015936
20260308-231014-2149 28861 * SendMessageToReplica (transportcommon.h:97): key is 2, value is 441015936
20260308-231014-2150 28861 * SendRequest     (client.cc:201):    Sending client request with id 124 (shardtag=8589934613 predlist_size=1)
20260308-231014-2150 28861 * SendMessageToReplica (transportcommon.h:94): sending message to replica, len of replicaaddr is 3
20260308-231014-2150 28861 * SendMessageToReplica (transportcommon.h:97): key is 0, value is 441015728
20260308-231014-2151 28861 * SendMessageToReplica (transportcommon.h:97): key is 1, value is 441015728
20260308-231014-2151 28861 * SendMessageToReplica (transportcommon.h:97): key is 2, value is 441015728
20260308-231014-2152 28861 * SendMessageToReplica (transportcommon.h:94): sending message to replica, len of replicaaddr is 3
20260308-231014-2152 28861 * SendMessageToReplica (transportcommon.h:97): key is 0, value is 441015728
20260308-231014-2152 28861 * SendMessageToReplica (transportcommon.h:97): key is 1, value is 441015728
20260308-231014-2153 28861 * SendMessageToReplica (transportcommon.h:97): key is 2, value is 441015728
20260308-231014-2154 28861 * SendMessageToReplica (transportcommon.h:94): sending message to replica, len of replicaaddr is 3
20260308-231014-2155 28861 * SendMessageToReplica (transportcommon.h:97): key is 0, value is 441015760
20260308-231014-2155 28861 * SendMessageToReplica (transportcommon.h:97): key is 1, value is 441015760
20260308-231014-2155 28861 * SendMessageToReplica (transportcommon.h:97): key is 2, value is 441015760
20260308-231014-2198 28861 * InvokeHelper    (client.cc:139):    Sending CoordRequest: p=8589934613 s=17179869197 to group=2 replica=2
20260308-231014-2198 28861 * SendMessageToReplica (transportcommon.h:94): sending message to replica, len of replicaaddr is 3
20260308-231014-2199 28861 * SendMessageToReplica (transportcommon.h:97): key is 0, value is 441015936
20260308-231014-2199 28861 * SendMessageToReplica (transportcommon.h:97): key is 1, value is 441015936
20260308-231014-2199 28861 * SendMessageToReplica (transportcommon.h:97): key is 2, value is 441015936
20260308-231014-2200 28861 * SendRequest     (client.cc:201):    Sending client request with id 125 (shardtag=17179869197 predlist_size=1)
20260308-231014-2201 28861 * SendMessageToReplica (transportcommon.h:94): sending message to replica, len of replicaaddr is 3
20260308-231014-2201 28861 * SendMessageToReplica (transportcommon.h:97): key is 0, value is 441015728
20260308-231014-2201 28861 * SendMessageToReplica (transportcommon.h:97): key is 1, value is 441015728
20260308-231014-2201 28861 * SendMessageToReplica (transportcommon.h:97): key is 2, value is 441015728
20260308-231014-2202 28861 * SendMessageToReplica (transportcommon.h:94): sending message to replica, len of replicaaddr is 3
20260308-231014-2202 28861 * SendMessageToReplica (transportcommon.h:97): key is 0, value is 441015728
20260308-231014-2203 28861 * SendMessageToReplica (transportcommon.h:97): key is 1, value is 441015728
20260308-231014-2203 28861 * SendMessageToReplica (transportcommon.h:97): key is 2, value is 441015728
20260308-231014-2205 28861 * SendMessageToReplica (transportcommon.h:94): sending message to replica, len of replicaaddr is 3
20260308-231014-2205 28861 * SendMessageToReplica (transportcommon.h:97): key is 0, value is 441015760
20260308-231014-2205 28861 * SendMessageToReplica (transportcommon.h:97): key is 1, value is 441015760
20260308-231014-2206 28861 * SendMessageToReplica (transportcommon.h:97): key is 2, value is 441015760
20260308-231014-6217 28861 * InvokeHelper    (client.cc:139):    Sending CoordRequest: p=17179869197 s=22 to group=2 replica=2
20260308-231014-6217 28861 * SendMessageToReplica (transportcommon.h:94): sending message to replica, len of replicaaddr is 3
20260308-231014-6218 28861 * SendMessageToReplica (transportcommon.h:97): key is 0, value is 441015952
20260308-231014-6218 28861 * SendMessageToReplica (transportcommon.h:97): key is 1, value is 441015952
20260308-231014-6218 28861 * SendMessageToReplica (transportcommon.h:97): key is 2, value is 441015952
20260308-231014-6219 28861 * SendRequest     (client.cc:201):    Sending client request with id 126 (shardtag=22 predlist_size=1)
20260308-231014-6219 28861 * SendMessageToReplica (transportcommon.h:94): sending message to replica, len of replicaaddr is 3
20260308-231014-6219 28861 * SendMessageToReplica (transportcommon.h:97): key is 0, value is 441015744
20260308-231014-6220 28861 * SendMessageToReplica (transportcommon.h:97): key is 1, value is 441015744
20260308-231014-6220 28861 * SendMessageToReplica (transportcommon.h:97): key is 2, value is 441015744
20260308-231014-6220 28861 * SendMessageToReplica (transportcommon.h:94): sending message to replica, len of replicaaddr is 3
20260308-231014-6221 28861 * SendMessageToReplica (transportcommon.h:97): key is 0, value is 441015744
20260308-231014-6221 28861 * SendMessageToReplica (transportcommon.h:97): key is 1, value is 441015744
20260308-231014-6221 28861 * SendMessageToReplica (transportcommon.h:97): key is 2, value is 441015744
20260308-231014-6223 28861 * SendMessageToReplica (transportcommon.h:94): sending message to replica, len of replicaaddr is 3
20260308-231014-6223 28861 * SendMessageToReplica (transportcommon.h:97): key is 0, value is 441015760
20260308-231014-6224 28861 * SendMessageToReplica (transportcommon.h:97): key is 1, value is 441015760
20260308-231014-6224 28861 * SendMessageToReplica (transportcommon.h:97): key is 2, value is 441015760
20260308-231014-6240 28861 * InvokeHelper    (client.cc:139):    Sending CoordRequest: p=22 s=17179869198 to group=2 replica=2
20260308-231014-6241 28861 * SendMessageToReplica (transportcommon.h:94): sending message to replica, len of replicaaddr is 3
20260308-231014-6242 28861 * SendMessageToReplica (transportcommon.h:97): key is 0, value is 441015936
20260308-231014-6242 28861 * SendMessageToReplica (transportcommon.h:97): key is 1, value is 441015936
20260308-231014-6242 28861 * SendMessageToReplica (transportcommon.h:97): key is 2, value is 441015936
20260308-231014-6243 28861 * SendRequest     (client.cc:201):    Sending client request with id 127 (shardtag=17179869198 predlist_size=1)
20260308-231014-6243 28861 * SendMessageToReplica (transportcommon.h:94): sending message to replica, len of replicaaddr is 3
20260308-231014-6244 28861 * SendMessageToReplica (transportcommon.h:97): key is 0, value is 441015728
20260308-231014-6244 28861 * SendMessageToReplica (transportcommon.h:97): key is 1, value is 441015728
20260308-231014-6244 28861 * SendMessageToReplica (transportcommon.h:97): key is 2, value is 441015728
20260308-231014-6244 28861 * SendMessageToReplica (transportcommon.h:94): sending message to replica, len of replicaaddr is 3
20260308-231014-6245 28861 * SendMessageToReplica (transportcommon.h:97): key is 0, value is 441015728
20260308-231014-6245 28861 * SendMessageToReplica (transportcommon.h:97): key is 1, value is 441015728
20260308-231014-6246 28861 * SendMessageToReplica (transportcommon.h:97): key is 2, value is 441015728
20260308-231014-6247 28861 * SendMessageToReplica (transportcommon.h:94): sending message to replica, len of replicaaddr is 3
20260308-231014-6248 28861 * SendMessageToReplica (transportcommon.h:97): key is 0, value is 441015760
20260308-231014-6248 28861 * SendMessageToReplica (transportcommon.h:97): key is 1, value is 441015760
20260308-231014-6248 28861 * SendMessageToReplica (transportcommon.h:97): key is 2, value is 441015760
20260308-231015-0189 28861 * InvokeHelper    (client.cc:139):    Sending CoordRequest: p=17179869198 s=21474836499 to group=2 replica=2
20260308-231015-0189 28861 * SendMessageToReplica (transportcommon.h:94): sending message to replica, len of replicaaddr is 3
20260308-231015-0190 28861 * SendMessageToReplica (transportcommon.h:97): key is 0, value is 441015936
20260308-231015-0190 28861 * SendMessageToReplica (transportcommon.h:97): key is 1, value is 441015936
20260308-231015-0190 28861 * SendMessageToReplica (transportcommon.h:97): key is 2, value is 441015936
20260308-231015-0191 28861 * SendRequest     (client.cc:201):    Sending client request with id 128 (shardtag=21474836499 predlist_size=1)
20260308-231015-0191 28861 * SendMessageToReplica (transportcommon.h:94): sending message to replica, len of replicaaddr is 3
20260308-231015-0191 28861 * SendMessageToReplica (transportcommon.h:97): key is 0, value is 441015728
20260308-231015-0192 28861 * SendMessageToReplica (transportcommon.h:97): key is 1, value is 441015728
20260308-231015-0192 28861 * SendMessageToReplica (transportcommon.h:97): key is 2, value is 441015728
20260308-231015-0192 28861 * SendMessageToReplica (transportcommon.h:94): sending message to replica, len of replicaaddr is 3
20260308-231015-0193 28861 * SendMessageToReplica (transportcommon.h:97): key is 0, value is 441015728
20260308-231015-0193 28861 * SendMessageToReplica (transportcommon.h:97): key is 1, value is 441015728
20260308-231015-0193 28861 * SendMessageToReplica (transportcommon.h:97): key is 2, value is 441015728
20260308-231015-0195 28861 * SendMessageToReplica (transportcommon.h:94): sending message to replica, len of replicaaddr is 3
20260308-231015-0195 28861 * SendMessageToReplica (transportcommon.h:97): key is 0, value is 441015760
20260308-231015-0196 28861 * SendMessageToReplica (transportcommon.h:97): key is 1, value is 441015760
20260308-231015-0196 28861 * SendMessageToReplica (transportcommon.h:97): key is 2, value is 441015760
20260308-231015-0264 28861 * InvokeHelper    (client.cc:139):    Sending CoordRequest: p=21474836499 s=12884901900 to group=2 replica=2
20260308-231015-0265 28861 * SendMessageToReplica (transportcommon.h:94): sending message to replica, len of replicaaddr is 3
20260308-231015-0265 28861 * SendMessageToReplica (transportcommon.h:97): key is 0, value is 441015936
20260308-231015-0266 28861 * SendMessageToReplica (transportcommon.h:97): key is 1, value is 441015936
20260308-231015-0266 28861 * SendMessageToReplica (transportcommon.h:97): key is 2, value is 441015936
20260308-231015-0267 28861 * SendRequest     (client.cc:201):    Sending client request with id 129 (shardtag=12884901900 predlist_size=1)
20260308-231015-0267 28861 * SendMessageToReplica (transportcommon.h:94): sending message to replica, len of replicaaddr is 3
20260308-231015-0267 28861 * SendMessageToReplica (transportcommon.h:97): key is 0, value is 441015728
20260308-231015-0267 28861 * SendMessageToReplica (transportcommon.h:97): key is 1, value is 441015728
20260308-231015-0268 28861 * SendMessageToReplica (transportcommon.h:97): key is 2, value is 441015728
20260308-231015-0268 28861 * SendMessageToReplica (transportcommon.h:94): sending message to replica, len of replicaaddr is 3
20260308-231015-0269 28861 * SendMessageToReplica (transportcommon.h:97): key is 0, value is 441015728
20260308-231015-0269 28861 * SendMessageToReplica (transportcommon.h:97): key is 1, value is 441015728
20260308-231015-0269 28861 * SendMessageToReplica (transportcommon.h:97): key is 2, value is 441015728
20260308-231015-0270 28861 * InvokeHelper    (client.cc:139):    Sending CoordRequest: p=12884901900 s=4294967309 to group=2 replica=2
20260308-231015-0271 28861 * SendMessageToReplica (transportcommon.h:94): sending message to replica, len of replicaaddr is 3
20260308-231015-0271 28861 * SendMessageToReplica (transportcommon.h:97): key is 0, value is 441015936
20260308-231015-0271 28861 * SendMessageToReplica (transportcommon.h:97): key is 1, value is 441015936
20260308-231015-0271 28861 * SendMessageToReplica (transportcommon.h:97): key is 2, value is 441015936
20260308-231015-0272 28861 * SendRequest     (client.cc:201):    Sending client request with id 130 (shardtag=4294967309 predlist_size=1)
20260308-231015-0272 28861 * SendMessageToReplica (transportcommon.h:94): sending message to replica, len of replicaaddr is 3
20260308-231015-0272 28861 * SendMessageToReplica (transportcommon.h:97): key is 0, value is 441015728
20260308-231015-0273 28861 * SendMessageToReplica (transportcommon.h:97): key is 1, value is 441015728
20260308-231015-0273 28861 * SendMessageToReplica (transportcommon.h:97): key is 2, value is 441015728
20260308-231015-0273 28861 * SendMessageToReplica (transportcommon.h:94): sending message to replica, len of replicaaddr is 3
20260308-231015-0274 28861 * SendMessageToReplica (transportcommon.h:97): key is 0, value is 441015728
20260308-231015-0274 28861 * SendMessageToReplica (transportcommon.h:97): key is 1, value is 441015728
20260308-231015-0274 28861 * SendMessageToReplica (transportcommon.h:97): key is 2, value is 441015728
20260308-231015-0277 28861 * SendMessageToReplica (transportcommon.h:94): sending message to replica, len of replicaaddr is 3
20260308-231015-0278 28861 * SendMessageToReplica (transportcommon.h:97): key is 0, value is 441015760
20260308-231015-0278 28861 * SendMessageToReplica (transportcommon.h:97): key is 1, value is 441015760
20260308-231015-0278 28861 * SendMessageToReplica (transportcommon.h:97): key is 2, value is 441015760
20260308-231015-0279 28861 * SendMessageToReplica (transportcommon.h:94): sending message to replica, len of replicaaddr is 3
20260308-231015-0279 28861 * SendMessageToReplica (transportcommon.h:97): key is 0, value is 441015760
20260308-231015-0280 28861 * SendMessageToReplica (transportcommon.h:97): key is 1, value is 441015760
20260308-231015-0280 28861 * SendMessageToReplica (transportcommon.h:97): key is 2, value is 441015760
20260308-231015-0281 28861 * InvokeHelper    (client.cc:139):    Sending CoordRequest: p=4294967309 s=17179869199 to group=2 replica=2
20260308-231015-0282 28861 * SendMessageToReplica (transportcommon.h:94): sending message to replica, len of replicaaddr is 3
20260308-231015-0282 28861 * SendMessageToReplica (transportcommon.h:97): key is 0, value is 441015936
20260308-231015-0282 28861 * SendMessageToReplica (transportcommon.h:97): key is 1, value is 441015936
20260308-231015-0282 28861 * SendMessageToReplica (transportcommon.h:97): key is 2, value is 441015936
20260308-231015-0283 28861 * SendRequest     (client.cc:201):    Sending client request with id 131 (shardtag=17179869199 predlist_size=1)
20260308-231015-0283 28861 * SendMessageToReplica (transportcommon.h:94): sending message to replica, len of replicaaddr is 3
20260308-231015-0284 28861 * SendMessageToReplica (transportcommon.h:97): key is 0, value is 441015728
20260308-231015-0284 28861 * SendMessageToReplica (transportcommon.h:97): key is 1, value is 441015728
20260308-231015-0284 28861 * SendMessageToReplica (transportcommon.h:97): key is 2, value is 441015728
20260308-231015-0284 28861 * SendMessageToReplica (transportcommon.h:94): sending message to replica, len of replicaaddr is 3
20260308-231015-0285 28861 * SendMessageToReplica (transportcommon.h:97): key is 0, value is 441015728
20260308-231015-0285 28861 * SendMessageToReplica (transportcommon.h:97): key is 1, value is 441015728
20260308-231015-0285 28861 * SendMessageToReplica (transportcommon.h:97): key is 2, value is 441015728
20260308-231015-0287 28861 * SendMessageToReplica (transportcommon.h:94): sending message to replica, len of replicaaddr is 3
20260308-231015-0288 28861 * SendMessageToReplica (transportcommon.h:97): key is 0, value is 441015760
20260308-231015-0288 28861 * SendMessageToReplica (transportcommon.h:97): key is 1, value is 441015760
20260308-231015-0288 28861 * SendMessageToReplica (transportcommon.h:97): key is 2, value is 441015760
20260308-231015-4232 28861 * InvokeHelper    (client.cc:139):    Sending CoordRequest: p=17179869199 s=21474836500 to group=2 replica=2
20260308-231015-4232 28861 * SendMessageToReplica (transportcommon.h:94): sending message to replica, len of replicaaddr is 3
20260308-231015-4233 28861 * SendMessageToReplica (transportcommon.h:97): key is 0, value is 441015936
20260308-231015-4233 28861 * SendMessageToReplica (transportcommon.h:97): key is 1, value is 441015936
20260308-231015-4233 28861 * SendMessageToReplica (transportcommon.h:97): key is 2, value is 441015936
20260308-231015-4234 28861 * SendRequest     (client.cc:201):    Sending client request with id 132 (shardtag=21474836500 predlist_size=1)
20260308-231015-4234 28861 * SendMessageToReplica (transportcommon.h:94): sending message to replica, len of replicaaddr is 3
20260308-231015-4235 28861 * SendMessageToReplica (transportcommon.h:97): key is 0, value is 441015728
20260308-231015-4235 28861 * SendMessageToReplica (transportcommon.h:97): key is 1, value is 441015728
20260308-231015-4235 28861 * SendMessageToReplica (transportcommon.h:97): key is 2, value is 441015728
20260308-231015-4236 28861 * SendMessageToReplica (transportcommon.h:94): sending message to replica, len of replicaaddr is 3
20260308-231015-4236 28861 * SendMessageToReplica (transportcommon.h:97): key is 0, value is 441015728
20260308-231015-4236 28861 * SendMessageToReplica (transportcommon.h:97): key is 1, value is 441015728
20260308-231015-4236 28861 * SendMessageToReplica (transportcommon.h:97): key is 2, value is 441015728
20260308-231015-4238 28861 * SendMessageToReplica (transportcommon.h:94): sending message to replica, len of replicaaddr is 3
20260308-231015-4239 28861 * SendMessageToReplica (transportcommon.h:97): key is 0, value is 441015760
20260308-231015-4239 28861 * SendMessageToReplica (transportcommon.h:97): key is 1, value is 441015760
20260308-231015-4239 28861 * SendMessageToReplica (transportcommon.h:97): key is 2, value is 441015760
20260308-231015-4283 28861 * InvokeHelper    (client.cc:139):    Sending CoordRequest: p=21474836500 s=23 to group=2 replica=2
20260308-231015-4283 28861 * SendMessageToReplica (transportcommon.h:94): sending message to replica, len of replicaaddr is 3
20260308-231015-4284 28861 * SendMessageToReplica (transportcommon.h:97): key is 0, value is 441015952
20260308-231015-4284 28861 * SendMessageToReplica (transportcommon.h:97): key is 1, value is 441015952
20260308-231015-4284 28861 * SendMessageToReplica (transportcommon.h:97): key is 2, value is 441015952
20260308-231015-4285 28861 * SendRequest     (client.cc:201):    Sending client request with id 133 (shardtag=23 predlist_size=1)
20260308-231015-4285 28861 * SendMessageToReplica (transportcommon.h:94): sending message to replica, len of replicaaddr is 3
20260308-231015-4286 28861 * SendMessageToReplica (transportcommon.h:97): key is 0, value is 441015744
20260308-231015-4286 28861 * SendMessageToReplica (transportcommon.h:97): key is 1, value is 441015744
20260308-231015-4286 28861 * SendMessageToReplica (transportcommon.h:97): key is 2, value is 441015744
20260308-231015-4287 28861 * SendMessageToReplica (transportcommon.h:94): sending message to replica, len of replicaaddr is 3
20260308-231015-4287 28861 * SendMessageToReplica (transportcommon.h:97): key is 0, value is 441015744
20260308-231015-4287 28861 * SendMessageToReplica (transportcommon.h:97): key is 1, value is 441015744
20260308-231015-4288 28861 * SendMessageToReplica (transportcommon.h:97): key is 2, value is 441015744
20260308-231015-4289 28861 * SendMessageToReplica (transportcommon.h:94): sending message to replica, len of replicaaddr is 3
20260308-231015-4290 28861 * SendMessageToReplica (transportcommon.h:97): key is 0, value is 441015760
20260308-231015-4290 28861 * SendMessageToReplica (transportcommon.h:97): key is 1, value is 441015760
20260308-231015-4290 28861 * SendMessageToReplica (transportcommon.h:97): key is 2, value is 441015760
20260308-231015-4332 28861 * InvokeHelper    (client.cc:139):    Sending CoordRequest: p=23 s=4294967310 to group=2 replica=2
20260308-231015-4333 28861 * SendMessageToReplica (transportcommon.h:94): sending message to replica, len of replicaaddr is 3
20260308-231015-4333 28861 * SendMessageToReplica (transportcommon.h:97): key is 0, value is 441015936
20260308-231015-4333 28861 * SendMessageToReplica (transportcommon.h:97): key is 1, value is 441015936
20260308-231015-4333 28861 * SendMessageToReplica (transportcommon.h:97): key is 2, value is 441015936
20260308-231015-4334 28861 * SendRequest     (client.cc:201):    Sending client request with id 134 (shardtag=4294967310 predlist_size=1)
20260308-231015-4334 28861 * SendMessageToReplica (transportcommon.h:94): sending message to replica, len of replicaaddr is 3
20260308-231015-4335 28861 * SendMessageToReplica (transportcommon.h:97): key is 0, value is 441015728
20260308-231015-4335 28861 * SendMessageToReplica (transportcommon.h:97): key is 1, value is 441015728
20260308-231015-4335 28861 * SendMessageToReplica (transportcommon.h:97): key is 2, value is 441015728
20260308-231015-4336 28861 * SendMessageToReplica (transportcommon.h:94): sending message to replica, len of replicaaddr is 3
20260308-231015-4336 28861 * SendMessageToReplica (transportcommon.h:97): key is 0, value is 441015728
20260308-231015-4336 28861 * SendMessageToReplica (transportcommon.h:97): key is 1, value is 441015728
20260308-231015-4337 28861 * SendMessageToReplica (transportcommon.h:97): key is 2, value is 441015728
20260308-231015-4338 28861 * SendMessageToReplica (transportcommon.h:94): sending message to replica, len of replicaaddr is 3
20260308-231015-4339 28861 * SendMessageToReplica (transportcommon.h:97): key is 0, value is 441015760
20260308-231015-4339 28861 * SendMessageToReplica (transportcommon.h:97): key is 1, value is 441015760
20260308-231015-4339 28861 * SendMessageToReplica (transportcommon.h:97): key is 2, value is 441015760
20260308-231015-8279 28861 * InvokeHelper    (client.cc:139):    Sending CoordRequest: p=4294967310 s=21474836501 to group=2 replica=2
20260308-231015-8280 28861 * SendMessageToReplica (transportcommon.h:94): sending message to replica, len of replicaaddr is 3
20260308-231015-8280 28861 * SendMessageToReplica (transportcommon.h:97): key is 0, value is 441015936
20260308-231015-8281 28861 * SendMessageToReplica (transportcommon.h:97): key is 1, value is 441015936
20260308-231015-8281 28861 * SendMessageToReplica (transportcommon.h:97): key is 2, value is 441015936
20260308-231015-8282 28861 * SendRequest     (client.cc:201):    Sending client request with id 135 (shardtag=21474836501 predlist_size=1)
20260308-231015-8282 28861 * SendMessageToReplica (transportcommon.h:94): sending message to replica, len of replicaaddr is 3
20260308-231015-8282 28861 * SendMessageToReplica (transportcommon.h:97): key is 0, value is 441015728
20260308-231015-8282 28861 * SendMessageToReplica (transportcommon.h:97): key is 1, value is 441015728
20260308-231015-8283 28861 * SendMessageToReplica (transportcommon.h:97): key is 2, value is 441015728
20260308-231015-8283 28861 * SendMessageToReplica (transportcommon.h:94): sending message to replica, len of replicaaddr is 3
20260308-231015-8283 28861 * SendMessageToReplica (transportcommon.h:97): key is 0, value is 441015728
20260308-231015-8284 28861 * SendMessageToReplica (transportcommon.h:97): key is 1, value is 441015728
20260308-231015-8284 28861 * SendMessageToReplica (transportcommon.h:97): key is 2, value is 441015728
20260308-231015-8286 28861 * SendMessageToReplica (transportcommon.h:94): sending message to replica, len of replicaaddr is 3
20260308-231015-8286 28861 * SendMessageToReplica (transportcommon.h:97): key is 0, value is 441015760
20260308-231015-8287 28861 * SendMessageToReplica (transportcommon.h:97): key is 1, value is 441015760
20260308-231015-8287 28861 * SendMessageToReplica (transportcommon.h:97): key is 2, value is 441015760
20260308-231015-8348 28861 * InvokeHelper    (client.cc:139):    Sending CoordRequest: p=21474836501 s=12884901901 to group=2 replica=2
20260308-231015-8349 28861 * SendMessageToReplica (transportcommon.h:94): sending message to replica, len of replicaaddr is 3
20260308-231015-8349 28861 * SendMessageToReplica (transportcommon.h:97): key is 0, value is 441015936
20260308-231015-8349 28861 * SendMessageToReplica (transportcommon.h:97): key is 1, value is 441015936
20260308-231015-8349 28861 * SendMessageToReplica (transportcommon.h:97): key is 2, value is 441015936
20260308-231015-8350 28861 * SendRequest     (client.cc:201):    Sending client request with id 136 (shardtag=12884901901 predlist_size=1)
20260308-231015-8351 28861 * SendMessageToReplica (transportcommon.h:94): sending message to replica, len of replicaaddr is 3
20260308-231015-8351 28861 * SendMessageToReplica (transportcommon.h:97): key is 0, value is 441015728
20260308-231015-8351 28861 * SendMessageToReplica (transportcommon.h:97): key is 1, value is 441015728
20260308-231015-8351 28861 * SendMessageToReplica (transportcommon.h:97): key is 2, value is 441015728
20260308-231015-8352 28861 * SendMessageToReplica (transportcommon.h:94): sending message to replica, len of replicaaddr is 3
20260308-231015-8352 28861 * SendMessageToReplica (transportcommon.h:97): key is 0, value is 441015728
20260308-231015-8352 28861 * SendMessageToReplica (transportcommon.h:97): key is 1, value is 441015728
20260308-231015-8353 28861 * SendMessageToReplica (transportcommon.h:97): key is 2, value is 441015728
20260308-231015-8354 28861 * SendMessageToReplica (transportcommon.h:94): sending message to replica, len of replicaaddr is 3
20260308-231015-8355 28861 * SendMessageToReplica (transportcommon.h:97): key is 0, value is 441015760
20260308-231015-8355 28861 * SendMessageToReplica (transportcommon.h:97): key is 1, value is 441015760
20260308-231015-8355 28861 * SendMessageToReplica (transportcommon.h:97): key is 2, value is 441015760
20260308-231016-2223 28861 * InvokeHelper    (client.cc:139):    Sending CoordRequest: p=12884901901 s=30064771091 to group=2 replica=2
20260308-231016-2223 28861 * SendMessageToReplica (transportcommon.h:94): sending message to replica, len of replicaaddr is 3
20260308-231016-2224 28861 * SendMessageToReplica (transportcommon.h:97): key is 0, value is 441015936
20260308-231016-2224 28861 * SendMessageToReplica (transportcommon.h:97): key is 1, value is 441015936
20260308-231016-2224 28861 * SendMessageToReplica (transportcommon.h:97): key is 2, value is 441015936
20260308-231016-2225 28861 * SendRequest     (client.cc:201):    Sending client request with id 137 (shardtag=30064771091 predlist_size=1)
20260308-231016-2225 28861 * SendMessageToReplica (transportcommon.h:94): sending message to replica, len of replicaaddr is 3
20260308-231016-2225 28861 * SendMessageToReplica (transportcommon.h:97): key is 0, value is 441015728
20260308-231016-2226 28861 * SendMessageToReplica (transportcommon.h:97): key is 1, value is 441015728
20260308-231016-2226 28861 * SendMessageToReplica (transportcommon.h:97): key is 2, value is 441015728
20260308-231016-2226 28861 * SendMessageToReplica (transportcommon.h:94): sending message to replica, len of replicaaddr is 3
20260308-231016-2227 28861 * SendMessageToReplica (transportcommon.h:97): key is 0, value is 441015728
20260308-231016-2227 28861 * SendMessageToReplica (transportcommon.h:97): key is 1, value is 441015728
20260308-231016-2227 28861 * SendMessageToReplica (transportcommon.h:97): key is 2, value is 441015728
20260308-231016-2229 28861 * SendMessageToReplica (transportcommon.h:94): sending message to replica, len of replicaaddr is 3
20260308-231016-2230 28861 * SendMessageToReplica (transportcommon.h:97): key is 0, value is 441015760
20260308-231016-2230 28861 * SendMessageToReplica (transportcommon.h:97): key is 1, value is 441015760
20260308-231016-2230 28861 * SendMessageToReplica (transportcommon.h:97): key is 2, value is 441015760
20260308-231016-2313 28861 * InvokeHelper    (client.cc:139):    Sending CoordRequest: p=30064771091 s=21474836502 to group=2 replica=2
20260308-231016-2314 28861 * SendMessageToReplica (transportcommon.h:94): sending message to replica, len of replicaaddr is 3
20260308-231016-2314 28861 * SendMessageToReplica (transportcommon.h:97): key is 0, value is 441015936
20260308-231016-2314 28861 * SendMessageToReplica (transportcommon.h:97): key is 1, value is 441015936
20260308-231016-2314 28861 * SendMessageToReplica (transportcommon.h:97): key is 2, value is 441015936
20260308-231016-2315 28861 * SendRequest     (client.cc:201):    Sending client request with id 138 (shardtag=21474836502 predlist_size=1)
20260308-231016-2315 28861 * SendMessageToReplica (transportcommon.h:94): sending message to replica, len of replicaaddr is 3
20260308-231016-2316 28861 * SendMessageToReplica (transportcommon.h:97): key is 0, value is 441015728
20260308-231016-2316 28861 * SendMessageToReplica (transportcommon.h:97): key is 1, value is 441015728
20260308-231016-2316 28861 * SendMessageToReplica (transportcommon.h:97): key is 2, value is 441015728
20260308-231016-2317 28861 * SendMessageToReplica (transportcommon.h:94): sending message to replica, len of replicaaddr is 3
20260308-231016-2317 28861 * SendMessageToReplica (transportcommon.h:97): key is 0, value is 441015728
20260308-231016-2317 28861 * SendMessageToReplica (transportcommon.h:97): key is 1, value is 441015728
20260308-231016-2317 28861 * SendMessageToReplica (transportcommon.h:97): key is 2, value is 441015728
20260308-231016-2319 28861 * SendMessageToReplica (transportcommon.h:94): sending message to replica, len of replicaaddr is 3
20260308-231016-2320 28861 * SendMessageToReplica (transportcommon.h:97): key is 0, value is 441015760
20260308-231016-2320 28861 * SendMessageToReplica (transportcommon.h:97): key is 1, value is 441015760
20260308-231016-2320 28861 * SendMessageToReplica (transportcommon.h:97): key is 2, value is 441015760
20260308-231016-2361 28861 * InvokeHelper    (client.cc:139):    Sending CoordRequest: p=21474836502 s=24 to group=2 replica=2
20260308-231016-2362 28861 * SendMessageToReplica (transportcommon.h:94): sending message to replica, len of replicaaddr is 3
20260308-231016-2362 28861 * SendMessageToReplica (transportcommon.h:97): key is 0, value is 441015952
20260308-231016-2363 28861 * SendMessageToReplica (transportcommon.h:97): key is 1, value is 441015952
20260308-231016-2363 28861 * SendMessageToReplica (transportcommon.h:97): key is 2, value is 441015952
20260308-231016-2364 28861 * SendRequest     (client.cc:201):    Sending client request with id 139 (shardtag=24 predlist_size=1)
20260308-231016-2364 28861 * SendMessageToReplica (transportcommon.h:94): sending message to replica, len of replicaaddr is 3
20260308-231016-2364 28861 * SendMessageToReplica (transportcommon.h:97): key is 0, value is 441015744
20260308-231016-2364 28861 * SendMessageToReplica (transportcommon.h:97): key is 1, value is 441015744
20260308-231016-2365 28861 * SendMessageToReplica (transportcommon.h:97): key is 2, value is 441015744
20260308-231016-2365 28861 * SendMessageToReplica (transportcommon.h:94): sending message to replica, len of replicaaddr is 3
20260308-231016-2365 28861 * SendMessageToReplica (transportcommon.h:97): key is 0, value is 441015744
20260308-231016-2366 28861 * SendMessageToReplica (transportcommon.h:97): key is 1, value is 441015744
20260308-231016-2366 28861 * SendMessageToReplica (transportcommon.h:97): key is 2, value is 441015744
20260308-231016-2368 28861 * SendMessageToReplica (transportcommon.h:94): sending message to replica, len of replicaaddr is 3
20260308-231016-2368 28861 * SendMessageToReplica (transportcommon.h:97): key is 0, value is 441015760
20260308-231016-2369 28861 * SendMessageToReplica (transportcommon.h:97): key is 1, value is 441015760
20260308-231016-2369 28861 * SendMessageToReplica (transportcommon.h:97): key is 2, value is 441015760
20260308-231016-6410 28861 * InvokeHelper    (client.cc:139):    Sending CoordRequest: p=24 s=8589934614 to group=2 replica=2
20260308-231016-6411 28861 * SendMessageToReplica (transportcommon.h:94): sending message to replica, len of replicaaddr is 3
20260308-231016-6411 28861 * SendMessageToReplica (transportcommon.h:97): key is 0, value is 441015936
20260308-231016-6412 28861 * SendMessageToReplica (transportcommon.h:97): key is 1, value is 441015936
20260308-231016-6412 28861 * SendMessageToReplica (transportcommon.h:97): key is 2, value is 441015936
20260308-231016-6412 28861 * SendRequest     (client.cc:201):    Sending client request with id 140 (shardtag=8589934614 predlist_size=1)
20260308-231016-6413 28861 * SendMessageToReplica (transportcommon.h:94): sending message to replica, len of replicaaddr is 3
20260308-231016-6413 28861 * SendMessageToReplica (transportcommon.h:97): key is 0, value is 441015728
20260308-231016-6413 28861 * SendMessageToReplica (transportcommon.h:97): key is 1, value is 441015728
20260308-231016-6414 28861 * SendMessageToReplica (transportcommon.h:97): key is 2, value is 441015728
20260308-231016-6414 28861 * SendMessageToReplica (transportcommon.h:94): sending message to replica, len of replicaaddr is 3
20260308-231016-6414 28861 * SendMessageToReplica (transportcommon.h:97): key is 0, value is 441015728
20260308-231016-6415 28861 * SendMessageToReplica (transportcommon.h:97): key is 1, value is 441015728
20260308-231016-6415 28861 * SendMessageToReplica (transportcommon.h:97): key is 2, value is 441015728
20260308-231016-6417 28861 * SendMessageToReplica (transportcommon.h:94): sending message to replica, len of replicaaddr is 3
20260308-231016-6417 28861 * SendMessageToReplica (transportcommon.h:97): key is 0, value is 441015760
20260308-231016-6417 28861 * SendMessageToReplica (transportcommon.h:97): key is 1, value is 441015760
20260308-231016-6418 28861 * SendMessageToReplica (transportcommon.h:97): key is 2, value is 441015760
20260308-231016-6446 28861 * InvokeHelper    (client.cc:139):    Sending CoordRequest: p=8589934614 s=12884901902 to group=2 replica=2
20260308-231016-6447 28861 * SendMessageToReplica (transportcommon.h:94): sending message to replica, len of replicaaddr is 3
20260308-231016-6447 28861 * SendMessageToReplica (transportcommon.h:97): key is 0, value is 441015936
20260308-231016-6448 28861 * SendMessageToReplica (transportcommon.h:97): key is 1, value is 441015936
20260308-231016-6448 28861 * SendMessageToReplica (transportcommon.h:97): key is 2, value is 441015936
20260308-231016-6449 28861 * SendRequest     (client.cc:201):    Sending client request with id 141 (shardtag=12884901902 predlist_size=1)
20260308-231016-6449 28861 * SendMessageToReplica (transportcommon.h:94): sending message to replica, len of replicaaddr is 3
20260308-231016-6449 28861 * SendMessageToReplica (transportcommon.h:97): key is 0, value is 441015728
20260308-231016-6450 28861 * SendMessageToReplica (transportcommon.h:97): key is 1, value is 441015728
20260308-231016-6450 28861 * SendMessageToReplica (transportcommon.h:97): key is 2, value is 441015728
20260308-231016-6450 28861 * SendMessageToReplica (transportcommon.h:94): sending message to replica, len of replicaaddr is 3
20260308-231016-6450 28861 * SendMessageToReplica (transportcommon.h:97): key is 0, value is 441015728
20260308-231016-6451 28861 * SendMessageToReplica (transportcommon.h:97): key is 1, value is 441015728
20260308-231016-6451 28861 * SendMessageToReplica (transportcommon.h:97): key is 2, value is 441015728
20260308-231016-6453 28861 * SendMessageToReplica (transportcommon.h:94): sending message to replica, len of replicaaddr is 3
20260308-231016-6453 28861 * SendMessageToReplica (transportcommon.h:97): key is 0, value is 441015760
20260308-231016-6454 28861 * SendMessageToReplica (transportcommon.h:97): key is 1, value is 441015760
20260308-231016-6454 28861 * SendMessageToReplica (transportcommon.h:97): key is 2, value is 441015760
20260308-231017-0448 28861 * InvokeHelper    (client.cc:139):    Sending CoordRequest: p=12884901902 s=25 to group=2 replica=2
20260308-231017-0449 28861 * SendMessageToReplica (transportcommon.h:94): sending message to replica, len of replicaaddr is 3
20260308-231017-0449 28861 * SendMessageToReplica (transportcommon.h:97): key is 0, value is 441015952
20260308-231017-0449 28861 * SendMessageToReplica (transportcommon.h:97): key is 1, value is 441015952
20260308-231017-0450 28861 * SendMessageToReplica (transportcommon.h:97): key is 2, value is 441015952
20260308-231017-0450 28861 * SendRequest     (client.cc:201):    Sending client request with id 142 (shardtag=25 predlist_size=1)
20260308-231017-0451 28861 * SendMessageToReplica (transportcommon.h:94): sending message to replica, len of replicaaddr is 3
20260308-231017-0451 28861 * SendMessageToReplica (transportcommon.h:97): key is 0, value is 441015744
20260308-231017-0451 28861 * SendMessageToReplica (transportcommon.h:97): key is 1, value is 441015744
20260308-231017-0451 28861 * SendMessageToReplica (transportcommon.h:97): key is 2, value is 441015744
20260308-231017-0452 28861 * SendMessageToReplica (transportcommon.h:94): sending message to replica, len of replicaaddr is 3
20260308-231017-0452 28861 * SendMessageToReplica (transportcommon.h:97): key is 0, value is 441015744
20260308-231017-0452 28861 * SendMessageToReplica (transportcommon.h:97): key is 1, value is 441015744
20260308-231017-0453 28861 * SendMessageToReplica (transportcommon.h:97): key is 2, value is 441015744
20260308-231017-0454 28861 * SendMessageToReplica (transportcommon.h:94): sending message to replica, len of replicaaddr is 3
20260308-231017-0455 28861 * SendMessageToReplica (transportcommon.h:97): key is 0, value is 441015760
20260308-231017-0455 28861 * SendMessageToReplica (transportcommon.h:97): key is 1, value is 441015760
20260308-231017-0455 28861 * SendMessageToReplica (transportcommon.h:97): key is 2, value is 441015760
20260308-231017-0456 28861 * InvokeHelper    (client.cc:139):    Sending CoordRequest: p=25 s=8589934615 to group=2 replica=2
20260308-231017-0457 28861 * SendMessageToReplica (transportcommon.h:94): sending message to replica, len of replicaaddr is 3
20260308-231017-0457 28861 * SendMessageToReplica (transportcommon.h:97): key is 0, value is 441015936
20260308-231017-0457 28861 * SendMessageToReplica (transportcommon.h:97): key is 1, value is 441015936
20260308-231017-0458 28861 * SendMessageToReplica (transportcommon.h:97): key is 2, value is 441015936
20260308-231017-0458 28861 * SendRequest     (client.cc:201):    Sending client request with id 143 (shardtag=8589934615 predlist_size=1)
20260308-231017-0459 28861 * SendMessageToReplica (transportcommon.h:94): sending message to replica, len of replicaaddr is 3
20260308-231017-0459 28861 * SendMessageToReplica (transportcommon.h:97): key is 0, value is 441015728
20260308-231017-0459 28861 * SendMessageToReplica (transportcommon.h:97): key is 1, value is 441015728
20260308-231017-0459 28861 * SendMessageToReplica (transportcommon.h:97): key is 2, value is 441015728
20260308-231017-0460 28861 * SendMessageToReplica (transportcommon.h:94): sending message to replica, len of replicaaddr is 3
20260308-231017-0460 28861 * SendMessageToReplica (transportcommon.h:97): key is 0, value is 441015728
20260308-231017-0460 28861 * SendMessageToReplica (transportcommon.h:97): key is 1, value is 441015728
20260308-231017-0461 28861 * SendMessageToReplica (transportcommon.h:97): key is 2, value is 441015728
20260308-231017-0462 28861 * SendMessageToReplica (transportcommon.h:94): sending message to replica, len of replicaaddr is 3
20260308-231017-0463 28861 * SendMessageToReplica (transportcommon.h:97): key is 0, value is 441015760
20260308-231017-0463 28861 * SendMessageToReplica (transportcommon.h:97): key is 1, value is 441015760
20260308-231017-0464 28861 * SendMessageToReplica (transportcommon.h:97): key is 2, value is 441015760
20260308-231017-0470 28861 * InvokeHelper    (client.cc:139):    Sending CoordRequest: p=8589934615 s=17179869200 to group=2 replica=2
20260308-231017-0471 28861 * SendMessageToReplica (transportcommon.h:94): sending message to replica, len of replicaaddr is 3
20260308-231017-0471 28861 * SendMessageToReplica (transportcommon.h:97): key is 0, value is 441015936
20260308-231017-0472 28861 * SendMessageToReplica (transportcommon.h:97): key is 1, value is 441015936
20260308-231017-0472 28861 * SendMessageToReplica (transportcommon.h:97): key is 2, value is 441015936
20260308-231017-0473 28861 * SendRequest     (client.cc:201):    Sending client request with id 144 (shardtag=17179869200 predlist_size=1)
20260308-231017-0473 28861 * SendMessageToReplica (transportcommon.h:94): sending message to replica, len of replicaaddr is 3
20260308-231017-0473 28861 * SendMessageToReplica (transportcommon.h:97): key is 0, value is 441015728
20260308-231017-0473 28861 * SendMessageToReplica (transportcommon.h:97): key is 1, value is 441015728
20260308-231017-0474 28861 * SendMessageToReplica (transportcommon.h:97): key is 2, value is 441015728
20260308-231017-0474 28861 * SendMessageToReplica (transportcommon.h:94): sending message to replica, len of replicaaddr is 3
20260308-231017-0474 28861 * SendMessageToReplica (transportcommon.h:97): key is 0, value is 441015728
20260308-231017-0475 28861 * SendMessageToReplica (transportcommon.h:97): key is 1, value is 441015728
20260308-231017-0475 28861 * SendMessageToReplica (transportcommon.h:97): key is 2, value is 441015728
20260308-231017-0477 28861 * SendMessageToReplica (transportcommon.h:94): sending message to replica, len of replicaaddr is 3
20260308-231017-0477 28861 * SendMessageToReplica (transportcommon.h:97): key is 0, value is 441015760
20260308-231017-0477 28861 * SendMessageToReplica (transportcommon.h:97): key is 1, value is 441015760
20260308-231017-0478 28861 * SendMessageToReplica (transportcommon.h:97): key is 2, value is 441015760
20260308-231017-0484 28861 * InvokeHelper    (client.cc:139):    Sending CoordRequest: p=17179869200 s=12884901903 to group=2 replica=2
20260308-231017-0484 28861 * SendMessageToReplica (transportcommon.h:94): sending message to replica, len of replicaaddr is 3
20260308-231017-0485 28861 * SendMessageToReplica (transportcommon.h:97): key is 0, value is 441015936
20260308-231017-0485 28861 * SendMessageToReplica (transportcommon.h:97): key is 1, value is 441015936
20260308-231017-0485 28861 * SendMessageToReplica (transportcommon.h:97): key is 2, value is 441015936
20260308-231017-0486 28861 * SendRequest     (client.cc:201):    Sending client request with id 145 (shardtag=12884901903 predlist_size=1)
20260308-231017-0486 28861 * SendMessageToReplica (transportcommon.h:94): sending message to replica, len of replicaaddr is 3
20260308-231017-0486 28861 * SendMessageToReplica (transportcommon.h:97): key is 0, value is 441015728
20260308-231017-0487 28861 * SendMessageToReplica (transportcommon.h:97): key is 1, value is 441015728
20260308-231017-0487 28861 * SendMessageToReplica (transportcommon.h:97): key is 2, value is 441015728
20260308-231017-0487 28861 * SendMessageToReplica (transportcommon.h:94): sending message to replica, len of replicaaddr is 3
20260308-231017-0488 28861 * SendMessageToReplica (transportcommon.h:97): key is 0, value is 441015728
20260308-231017-0488 28861 * SendMessageToReplica (transportcommon.h:97): key is 1, value is 441015728
20260308-231017-0488 28861 * SendMessageToReplica (transportcommon.h:97): key is 2, value is 441015728
20260308-231017-0490 28861 * SendMessageToReplica (transportcommon.h:94): sending message to replica, len of replicaaddr is 3
20260308-231017-0490 28861 * SendMessageToReplica (transportcommon.h:97): key is 0, value is 441015760
20260308-231017-0491 28861 * SendMessageToReplica (transportcommon.h:97): key is 1, value is 441015760
20260308-231017-0491 28861 * SendMessageToReplica (transportcommon.h:97): key is 2, value is 441015760
20260308-231017-4335 28861 * InvokeHelper    (client.cc:139):    Sending CoordRequest: p=12884901903 s=30064771092 to group=2 replica=2
20260308-231017-4336 28861 * SendMessageToReplica (transportcommon.h:94): sending message to replica, len of replicaaddr is 3
20260308-231017-4336 28861 * SendMessageToReplica (transportcommon.h:97): key is 0, value is 441015936
20260308-231017-4337 28861 * SendMessageToReplica (transportcommon.h:97): key is 1, value is 441015936
20260308-231017-4337 28861 * SendMessageToReplica (transportcommon.h:97): key is 2, value is 441015936
20260308-231017-4338 28861 * SendRequest     (client.cc:201):    Sending client request with id 146 (shardtag=30064771092 predlist_size=1)
20260308-231017-4338 28861 * SendMessageToReplica (transportcommon.h:94): sending message to replica, len of replicaaddr is 3
20260308-231017-4338 28861 * SendMessageToReplica (transportcommon.h:97): key is 0, value is 441015728
20260308-231017-4338 28861 * SendMessageToReplica (transportcommon.h:97): key is 1, value is 441015728
20260308-231017-4339 28861 * SendMessageToReplica (transportcommon.h:97): key is 2, value is 441015728
20260308-231017-4339 28861 * SendMessageToReplica (transportcommon.h:94): sending message to replica, len of replicaaddr is 3
20260308-231017-4339 28861 * SendMessageToReplica (transportcommon.h:97): key is 0, value is 441015728
20260308-231017-4340 28861 * SendMessageToReplica (transportcommon.h:97): key is 1, value is 441015728
20260308-231017-4340 28861 * SendMessageToReplica (transportcommon.h:97): key is 2, value is 441015728
20260308-231017-4342 28861 * SendMessageToReplica (transportcommon.h:94): sending message to replica, len of replicaaddr is 3
20260308-231017-4342 28861 * SendMessageToReplica (transportcommon.h:97): key is 0, value is 441015760
20260308-231017-4343 28861 * SendMessageToReplica (transportcommon.h:97): key is 1, value is 441015760
20260308-231017-4343 28861 * SendMessageToReplica (transportcommon.h:97): key is 2, value is 441015760
20260308-231017-4439 28861 * InvokeHelper    (client.cc:139):    Sending CoordRequest: p=30064771092 s=21474836503 to group=2 replica=2
20260308-231017-4439 28861 * SendMessageToReplica (transportcommon.h:94): sending message to replica, len of replicaaddr is 3
20260308-231017-4440 28861 * SendMessageToReplica (transportcommon.h:97): key is 0, value is 441015936
20260308-231017-4440 28861 * SendMessageToReplica (transportcommon.h:97): key is 1, value is 441015936
20260308-231017-4440 28861 * SendMessageToReplica (transportcommon.h:97): key is 2, value is 441015936
20260308-231017-4441 28861 * SendRequest     (client.cc:201):    Sending client request with id 147 (shardtag=21474836503 predlist_size=1)
20260308-231017-4441 28861 * SendMessageToReplica (transportcommon.h:94): sending message to replica, len of replicaaddr is 3
20260308-231017-4442 28861 * SendMessageToReplica (transportcommon.h:97): key is 0, value is 441015728
20260308-231017-4442 28861 * SendMessageToReplica (transportcommon.h:97): key is 1, value is 441015728
20260308-231017-4442 28861 * SendMessageToReplica (transportcommon.h:97): key is 2, value is 441015728
20260308-231017-4443 28861 * SendMessageToReplica (transportcommon.h:94): sending message to replica, len of replicaaddr is 3
20260308-231017-4443 28861 * SendMessageToReplica (transportcommon.h:97): key is 0, value is 441015728
20260308-231017-4443 28861 * SendMessageToReplica (transportcommon.h:97): key is 1, value is 441015728
20260308-231017-4443 28861 * SendMessageToReplica (transportcommon.h:97): key is 2, value is 441015728
20260308-231017-4445 28861 * SendMessageToReplica (transportcommon.h:94): sending message to replica, len of replicaaddr is 3
20260308-231017-4446 28861 * SendMessageToReplica (transportcommon.h:97): key is 0, value is 441015760
20260308-231017-4446 28861 * SendMessageToReplica (transportcommon.h:97): key is 1, value is 441015760
20260308-231017-4446 28861 * SendMessageToReplica (transportcommon.h:97): key is 2, value is 441015760
20260308-231017-8541 28861 * InvokeHelper    (client.cc:139):    Sending CoordRequest: p=21474836503 s=26 to group=2 replica=2
20260308-231017-8541 28861 * SendMessageToReplica (transportcommon.h:94): sending message to replica, len of replicaaddr is 3
20260308-231017-8542 28861 * SendMessageToReplica (transportcommon.h:97): key is 0, value is 441015952
20260308-231017-8542 28861 * SendMessageToReplica (transportcommon.h:97): key is 1, value is 441015952
20260308-231017-8542 28861 * SendMessageToReplica (transportcommon.h:97): key is 2, value is 441015952
20260308-231017-8543 28861 * SendRequest     (client.cc:201):    Sending client request with id 148 (shardtag=26 predlist_size=1)
20260308-231017-8543 28861 * SendMessageToReplica (transportcommon.h:94): sending message to replica, len of replicaaddr is 3
20260308-231017-8543 28861 * SendMessageToReplica (transportcommon.h:97): key is 0, value is 441015744
20260308-231017-8544 28861 * SendMessageToReplica (transportcommon.h:97): key is 1, value is 441015744
20260308-231017-8544 28861 * SendMessageToReplica (transportcommon.h:97): key is 2, value is 441015744
20260308-231017-8544 28861 * SendMessageToReplica (transportcommon.h:94): sending message to replica, len of replicaaddr is 3
20260308-231017-8545 28861 * SendMessageToReplica (transportcommon.h:97): key is 0, value is 441015744
20260308-231017-8545 28861 * SendMessageToReplica (transportcommon.h:97): key is 1, value is 441015744
20260308-231017-8545 28861 * SendMessageToReplica (transportcommon.h:97): key is 2, value is 441015744
20260308-231017-8547 28861 * SendMessageToReplica (transportcommon.h:94): sending message to replica, len of replicaaddr is 3
20260308-231017-8547 28861 * SendMessageToReplica (transportcommon.h:97): key is 0, value is 441015760
20260308-231017-8547 28861 * SendMessageToReplica (transportcommon.h:97): key is 1, value is 441015760
20260308-231017-8548 28861 * SendMessageToReplica (transportcommon.h:97): key is 2, value is 441015760
20260308-231017-8577 28861 * InvokeHelper    (client.cc:139):    Sending CoordRequest: p=26 s=12884901904 to group=2 replica=2
20260308-231017-8577 28861 * SendMessageToReplica (transportcommon.h:94): sending message to replica, len of replicaaddr is 3
20260308-231017-8578 28861 * SendMessageToReplica (transportcommon.h:97): key is 0, value is 441015936
20260308-231017-8578 28861 * SendMessageToReplica (transportcommon.h:97): key is 1, value is 441015936
20260308-231017-8578 28861 * SendMessageToReplica (transportcommon.h:97): key is 2, value is 441015936
20260308-231017-8579 28861 * SendRequest     (client.cc:201):    Sending client request with id 149 (shardtag=12884901904 predlist_size=1)
20260308-231017-8579 28861 * SendMessageToReplica (transportcommon.h:94): sending message to replica, len of replicaaddr is 3
20260308-231017-8579 28861 * SendMessageToReplica (transportcommon.h:97): key is 0, value is 441015728
20260308-231017-8580 28861 * SendMessageToReplica (transportcommon.h:97): key is 1, value is 441015728
20260308-231017-8580 28861 * SendMessageToReplica (transportcommon.h:97): key is 2, value is 441015728
20260308-231017-8580 28861 * SendMessageToReplica (transportcommon.h:94): sending message to replica, len of replicaaddr is 3
20260308-231017-8581 28861 * SendMessageToReplica (transportcommon.h:97): key is 0, value is 441015728
20260308-231017-8581 28861 * SendMessageToReplica (transportcommon.h:97): key is 1, value is 441015728
20260308-231017-8581 28861 * SendMessageToReplica (transportcommon.h:97): key is 2, value is 441015728
20260308-231017-8583 28861 * SendMessageToReplica (transportcommon.h:94): sending message to replica, len of replicaaddr is 3
20260308-231017-8583 28861 * SendMessageToReplica (transportcommon.h:97): key is 0, value is 441015760
20260308-231017-8583 28861 * SendMessageToReplica (transportcommon.h:97): key is 1, value is 441015760
20260308-231017-8584 28861 * SendMessageToReplica (transportcommon.h:97): key is 2, value is 441015760
20260308-231018-2583 28861 * InvokeHelper    (client.cc:139):    Sending CoordRequest: p=12884901904 s=25769803788 to group=2 replica=2
20260308-231018-2583 28861 * SendMessageToReplica (transportcommon.h:94): sending message to replica, len of replicaaddr is 3
20260308-231018-2584 28861 * SendMessageToReplica (transportcommon.h:97): key is 0, value is 441015936
20260308-231018-2584 28861 * SendMessageToReplica (transportcommon.h:97): key is 1, value is 441015936
20260308-231018-2584 28861 * SendMessageToReplica (transportcommon.h:97): key is 2, value is 441015936
20260308-231018-2585 28861 * SendRequest     (client.cc:201):    Sending client request with id 150 (shardtag=25769803788 predlist_size=1)
20260308-231018-2585 28861 * SendMessageToReplica (transportcommon.h:94): sending message to replica, len of replicaaddr is 3
20260308-231018-2586 28861 * SendMessageToReplica (transportcommon.h:97): key is 0, value is 441015728
20260308-231018-2586 28861 * SendMessageToReplica (transportcommon.h:97): key is 1, value is 441015728
20260308-231018-2586 28861 * SendMessageToReplica (transportcommon.h:97): key is 2, value is 441015728
20260308-231018-2586 28861 * SendMessageToReplica (transportcommon.h:94): sending message to replica, len of replicaaddr is 3
20260308-231018-2587 28861 * SendMessageToReplica (transportcommon.h:97): key is 0, value is 441015728
20260308-231018-2587 28861 * SendMessageToReplica (transportcommon.h:97): key is 1, value is 441015728
20260308-231018-2587 28861 * SendMessageToReplica (transportcommon.h:97): key is 2, value is 441015728
20260308-231018-2589 28861 * SendMessageToReplica (transportcommon.h:94): sending message to replica, len of replicaaddr is 3
20260308-231018-2589 28861 * SendMessageToReplica (transportcommon.h:97): key is 0, value is 441015760
20260308-231018-2590 28861 * SendMessageToReplica (transportcommon.h:97): key is 1, value is 441015760
20260308-231018-2590 28861 * SendMessageToReplica (transportcommon.h:97): key is 2, value is 441015760
20260308-231018-2609 28861 * InvokeHelper    (client.cc:139):    Sending CoordRequest: p=25769803788 s=12884901905 to group=2 replica=2
20260308-231018-2609 28861 * SendMessageToReplica (transportcommon.h:94): sending message to replica, len of replicaaddr is 3
20260308-231018-2610 28861 * SendMessageToReplica (transportcommon.h:97): key is 0, value is 441015936
20260308-231018-2610 28861 * SendMessageToReplica (transportcommon.h:97): key is 1, value is 441015936
20260308-231018-2610 28861 * SendMessageToReplica (transportcommon.h:97): key is 2, value is 441015936
20260308-231018-2611 28861 * SendRequest     (client.cc:201):    Sending client request with id 151 (shardtag=12884901905 predlist_size=1)
20260308-231018-2611 28861 * SendMessageToReplica (transportcommon.h:94): sending message to replica, len of replicaaddr is 3
20260308-231018-2611 28861 * SendMessageToReplica (transportcommon.h:97): key is 0, value is 441015728
20260308-231018-2612 28861 * SendMessageToReplica (transportcommon.h:97): key is 1, value is 441015728
20260308-231018-2612 28861 * SendMessageToReplica (transportcommon.h:97): key is 2, value is 441015728
20260308-231018-2612 28861 * SendMessageToReplica (transportcommon.h:94): sending message to replica, len of replicaaddr is 3
20260308-231018-2613 28861 * SendMessageToReplica (transportcommon.h:97): key is 0, value is 441015728
20260308-231018-2613 28861 * SendMessageToReplica (transportcommon.h:97): key is 1, value is 441015728
20260308-231018-2613 28861 * SendMessageToReplica (transportcommon.h:97): key is 2, value is 441015728
20260308-231018-2614 28861 * InvokeHelper    (client.cc:139):    Sending CoordRequest: p=12884901905 s=17179869201 to group=2 replica=2
20260308-231018-2615 28861 * SendMessageToReplica (transportcommon.h:94): sending message to replica, len of replicaaddr is 3
20260308-231018-2615 28861 * SendMessageToReplica (transportcommon.h:97): key is 0, value is 441015936
20260308-231018-2615 28861 * SendMessageToReplica (transportcommon.h:97): key is 1, value is 441015936
20260308-231018-2615 28861 * SendMessageToReplica (transportcommon.h:97): key is 2, value is 441015936
20260308-231018-2616 28861 * SendRequest     (client.cc:201):    Sending client request with id 152 (shardtag=17179869201 predlist_size=1)
20260308-231018-2616 28861 * SendMessageToReplica (transportcommon.h:94): sending message to replica, len of replicaaddr is 3
20260308-231018-2617 28861 * SendMessageToReplica (transportcommon.h:97): key is 0, value is 441015728
20260308-231018-2617 28861 * SendMessageToReplica (transportcommon.h:97): key is 1, value is 441015728
20260308-231018-2617 28861 * SendMessageToReplica (transportcommon.h:97): key is 2, value is 441015728
20260308-231018-2618 28861 * SendMessageToReplica (transportcommon.h:94): sending message to replica, len of replicaaddr is 3
20260308-231018-2618 28861 * SendMessageToReplica (transportcommon.h:97): key is 0, value is 441015728
20260308-231018-2618 28861 * SendMessageToReplica (transportcommon.h:97): key is 1, value is 441015728
20260308-231018-2618 28861 * SendMessageToReplica (transportcommon.h:97): key is 2, value is 441015728
20260308-231018-2620 28861 * SendMessageToReplica (transportcommon.h:94): sending message to replica, len of replicaaddr is 3
20260308-231018-2620 28861 * SendMessageToReplica (transportcommon.h:97): key is 0, value is 441015760
20260308-231018-2621 28861 * SendMessageToReplica (transportcommon.h:97): key is 1, value is 441015760
20260308-231018-2621 28861 * SendMessageToReplica (transportcommon.h:97): key is 2, value is 441015760
20260308-231018-2622 28861 * SendMessageToReplica (transportcommon.h:94): sending message to replica, len of replicaaddr is 3
20260308-231018-2622 28861 * SendMessageToReplica (transportcommon.h:97): key is 0, value is 441015760
20260308-231018-2622 28861 * SendMessageToReplica (transportcommon.h:97): key is 1, value is 441015760
20260308-231018-2623 28861 * SendMessageToReplica (transportcommon.h:97): key is 2, value is 441015760
20260308-231018-6540 28861 * InvokeHelper    (client.cc:139):    Sending CoordRequest: p=17179869201 s=21474836504 to group=2 replica=2
20260308-231018-6540 28861 * SendMessageToReplica (transportcommon.h:94): sending message to replica, len of replicaaddr is 3
20260308-231018-6540 28861 * SendMessageToReplica (transportcommon.h:97): key is 0, value is 441015936
20260308-231018-6541 28861 * SendMessageToReplica (transportcommon.h:97): key is 1, value is 441015936
20260308-231018-6541 28861 * SendMessageToReplica (transportcommon.h:97): key is 2, value is 441015936
20260308-231018-6542 28861 * SendRequest     (client.cc:201):    Sending client request with id 153 (shardtag=21474836504 predlist_size=1)
20260308-231018-6542 28861 * SendMessageToReplica (transportcommon.h:94): sending message to replica, len of replicaaddr is 3
20260308-231018-6542 28861 * SendMessageToReplica (transportcommon.h:97): key is 0, value is 441015728
20260308-231018-6543 28861 * SendMessageToReplica (transportcommon.h:97): key is 1, value is 441015728
20260308-231018-6543 28861 * SendMessageToReplica (transportcommon.h:97): key is 2, value is 441015728
20260308-231018-6543 28861 * SendMessageToReplica (transportcommon.h:94): sending message to replica, len of replicaaddr is 3
20260308-231018-6544 28861 * SendMessageToReplica (transportcommon.h:97): key is 0, value is 441015728
20260308-231018-6544 28861 * SendMessageToReplica (transportcommon.h:97): key is 1, value is 441015728
20260308-231018-6544 28861 * SendMessageToReplica (transportcommon.h:97): key is 2, value is 441015728
20260308-231018-6546 28861 * SendMessageToReplica (transportcommon.h:94): sending message to replica, len of replicaaddr is 3
20260308-231018-6546 28861 * SendMessageToReplica (transportcommon.h:97): key is 0, value is 441015760
20260308-231018-6547 28861 * SendMessageToReplica (transportcommon.h:97): key is 1, value is 441015760
20260308-231018-6547 28861 * SendMessageToReplica (transportcommon.h:97): key is 2, value is 441015760
20260308-231019-0567 28861 * InvokeHelper    (client.cc:139):    Sending CoordRequest: p=21474836504 s=21474836505 to group=2 replica=2
20260308-231019-0568 28861 * SendMessageToReplica (transportcommon.h:94): sending message to replica, len of replicaaddr is 3
20260308-231019-0568 28861 * SendMessageToReplica (transportcommon.h:97): key is 0, value is 441015936
20260308-231019-0569 28861 * SendMessageToReplica (transportcommon.h:97): key is 1, value is 441015936
20260308-231019-0569 28861 * SendMessageToReplica (transportcommon.h:97): key is 2, value is 441015936
20260308-231019-0570 28861 * SendRequest     (client.cc:201):    Sending client request with id 154 (shardtag=21474836505 predlist_size=1)
20260308-231019-0570 28861 * SendMessageToReplica (transportcommon.h:94): sending message to replica, len of replicaaddr is 3
20260308-231019-0570 28861 * SendMessageToReplica (transportcommon.h:97): key is 0, value is 441015728
20260308-231019-0571 28861 * SendMessageToReplica (transportcommon.h:97): key is 1, value is 441015728
20260308-231019-0571 28861 * SendMessageToReplica (transportcommon.h:97): key is 2, value is 441015728
20260308-231019-0571 28861 * SendMessageToReplica (transportcommon.h:94): sending message to replica, len of replicaaddr is 3
20260308-231019-0572 28861 * SendMessageToReplica (transportcommon.h:97): key is 0, value is 441015728
20260308-231019-0572 28861 * SendMessageToReplica (transportcommon.h:97): key is 1, value is 441015728
20260308-231019-0572 28861 * SendMessageToReplica (transportcommon.h:97): key is 2, value is 441015728
20260308-231019-0574 28861 * SendMessageToReplica (transportcommon.h:94): sending message to replica, len of replicaaddr is 3
20260308-231019-0574 28861 * SendMessageToReplica (transportcommon.h:97): key is 0, value is 441015760
20260308-231019-0575 28861 * SendMessageToReplica (transportcommon.h:97): key is 1, value is 441015760
20260308-231019-0575 28861 * SendMessageToReplica (transportcommon.h:97): key is 2, value is 441015760
20260308-231019-0694 28861 * InvokeHelper    (client.cc:139):    Sending CoordRequest: p=21474836505 s=4294967311 to group=2 replica=2
20260308-231019-0694 28861 * SendMessageToReplica (transportcommon.h:94): sending message to replica, len of replicaaddr is 3
20260308-231019-0695 28861 * SendMessageToReplica (transportcommon.h:97): key is 0, value is 441015936
20260308-231019-0695 28861 * SendMessageToReplica (transportcommon.h:97): key is 1, value is 441015936
20260308-231019-0695 28861 * SendMessageToReplica (transportcommon.h:97): key is 2, value is 441015936
20260308-231019-0696 28861 * SendRequest     (client.cc:201):    Sending client request with id 155 (shardtag=4294967311 predlist_size=1)
20260308-231019-0696 28861 * SendMessageToReplica (transportcommon.h:94): sending message to replica, len of replicaaddr is 3
20260308-231019-0697 28861 * SendMessageToReplica (transportcommon.h:97): key is 0, value is 441015728
20260308-231019-0697 28861 * SendMessageToReplica (transportcommon.h:97): key is 1, value is 441015728
20260308-231019-0697 28861 * SendMessageToReplica (transportcommon.h:97): key is 2, value is 441015728
20260308-231019-0698 28861 * SendMessageToReplica (transportcommon.h:94): sending message to replica, len of replicaaddr is 3
20260308-231019-0698 28861 * SendMessageToReplica (transportcommon.h:97): key is 0, value is 441015728
20260308-231019-0698 28861 * SendMessageToReplica (transportcommon.h:97): key is 1, value is 441015728
20260308-231019-0698 28861 * SendMessageToReplica (transportcommon.h:97): key is 2, value is 441015728
20260308-231019-0700 28861 * SendMessageToReplica (transportcommon.h:94): sending message to replica, len of replicaaddr is 3
20260308-231019-0701 28861 * SendMessageToReplica (transportcommon.h:97): key is 0, value is 441015760
20260308-231019-0701 28861 * SendMessageToReplica (transportcommon.h:97): key is 1, value is 441015760
20260308-231019-0701 28861 * SendMessageToReplica (transportcommon.h:97): key is 2, value is 441015760
20260308-231019-0703 28861 * InvokeHelper    (client.cc:139):    Sending CoordRequest: p=4294967311 s=12884901906 to group=2 replica=2
20260308-231019-0703 28861 * SendMessageToReplica (transportcommon.h:94): sending message to replica, len of replicaaddr is 3
20260308-231019-0704 28861 * SendMessageToReplica (transportcommon.h:97): key is 0, value is 441015936
20260308-231019-0704 28861 * SendMessageToReplica (transportcommon.h:97): key is 1, value is 441015936
20260308-231019-0704 28861 * SendMessageToReplica (transportcommon.h:97): key is 2, value is 441015936
20260308-231019-0705 28861 * SendRequest     (client.cc:201):    Sending client request with id 156 (shardtag=12884901906 predlist_size=1)
20260308-231019-0705 28861 * SendMessageToReplica (transportcommon.h:94): sending message to replica, len of replicaaddr is 3
20260308-231019-0705 28861 * SendMessageToReplica (transportcommon.h:97): key is 0, value is 441015728
20260308-231019-0706 28861 * SendMessageToReplica (transportcommon.h:97): key is 1, value is 441015728
20260308-231019-0706 28861 * SendMessageToReplica (transportcommon.h:97): key is 2, value is 441015728
20260308-231019-0706 28861 * SendMessageToReplica (transportcommon.h:94): sending message to replica, len of replicaaddr is 3
20260308-231019-0707 28861 * SendMessageToReplica (transportcommon.h:97): key is 0, value is 441015728
20260308-231019-0707 28861 * SendMessageToReplica (transportcommon.h:97): key is 1, value is 441015728
20260308-231019-0707 28861 * SendMessageToReplica (transportcommon.h:97): key is 2, value is 441015728
20260308-231019-0709 28861 * SendMessageToReplica (transportcommon.h:94): sending message to replica, len of replicaaddr is 3
20260308-231019-0709 28861 * SendMessageToReplica (transportcommon.h:97): key is 0, value is 441015760
20260308-231019-0709 28861 * SendMessageToReplica (transportcommon.h:97): key is 1, value is 441015760
20260308-231019-0710 28861 * SendMessageToReplica (transportcommon.h:97): key is 2, value is 441015760
20260308-231019-4601 28861 * InvokeHelper    (client.cc:139):    Sending CoordRequest: p=12884901906 s=21474836506 to group=2 replica=2
20260308-231019-4602 28861 * SendMessageToReplica (transportcommon.h:94): sending message to replica, len of replicaaddr is 3
20260308-231019-4602 28861 * SendMessageToReplica (transportcommon.h:97): key is 0, value is 441015936
20260308-231019-4602 28861 * SendMessageToReplica (transportcommon.h:97): key is 1, value is 441015936
20260308-231019-4603 28861 * SendMessageToReplica (transportcommon.h:97): key is 2, value is 441015936
20260308-231019-4603 28861 * SendRequest     (client.cc:201):    Sending client request with id 157 (shardtag=21474836506 predlist_size=1)
20260308-231019-4604 28861 * SendMessageToReplica (transportcommon.h:94): sending message to replica, len of replicaaddr is 3
20260308-231019-4604 28861 * SendMessageToReplica (transportcommon.h:97): key is 0, value is 441015728
20260308-231019-4604 28861 * SendMessageToReplica (transportcommon.h:97): key is 1, value is 441015728
20260308-231019-4604 28861 * SendMessageToReplica (transportcommon.h:97): key is 2, value is 441015728
20260308-231019-4605 28861 * SendMessageToReplica (transportcommon.h:94): sending message to replica, len of replicaaddr is 3
20260308-231019-4605 28861 * SendMessageToReplica (transportcommon.h:97): key is 0, value is 441015728
20260308-231019-4605 28861 * SendMessageToReplica (transportcommon.h:97): key is 1, value is 441015728
20260308-231019-4606 28861 * SendMessageToReplica (transportcommon.h:97): key is 2, value is 441015728
20260308-231019-4607 28861 * SendMessageToReplica (transportcommon.h:94): sending message to replica, len of replicaaddr is 3
20260308-231019-4608 28861 * SendMessageToReplica (transportcommon.h:97): key is 0, value is 441015760
20260308-231019-4608 28861 * SendMessageToReplica (transportcommon.h:97): key is 1, value is 441015760
20260308-231019-4608 28861 * SendMessageToReplica (transportcommon.h:97): key is 2, value is 441015760
20260308-231019-4704 28861 * InvokeHelper    (client.cc:139):    Sending CoordRequest: p=21474836506 s=25769803789 to group=2 replica=2
20260308-231019-4704 28861 * SendMessageToReplica (transportcommon.h:94): sending message to replica, len of replicaaddr is 3
20260308-231019-4705 28861 * SendMessageToReplica (transportcommon.h:97): key is 0, value is 441015936
20260308-231019-4705 28861 * SendMessageToReplica (transportcommon.h:97): key is 1, value is 441015936
20260308-231019-4705 28861 * SendMessageToReplica (transportcommon.h:97): key is 2, value is 441015936
20260308-231019-4706 28861 * SendRequest     (client.cc:201):    Sending client request with id 158 (shardtag=25769803789 predlist_size=1)
20260308-231019-4706 28861 * SendMessageToReplica (transportcommon.h:94): sending message to replica, len of replicaaddr is 3
20260308-231019-4707 28861 * SendMessageToReplica (transportcommon.h:97): key is 0, value is 441015728
20260308-231019-4707 28861 * SendMessageToReplica (transportcommon.h:97): key is 1, value is 441015728
20260308-231019-4707 28861 * SendMessageToReplica (transportcommon.h:97): key is 2, value is 441015728
20260308-231019-4708 28861 * SendMessageToReplica (transportcommon.h:94): sending message to replica, len of replicaaddr is 3
20260308-231019-4708 28861 * SendMessageToReplica (transportcommon.h:97): key is 0, value is 441015728
20260308-231019-4708 28861 * SendMessageToReplica (transportcommon.h:97): key is 1, value is 441015728
20260308-231019-4709 28861 * SendMessageToReplica (transportcommon.h:97): key is 2, value is 441015728
20260308-231019-4709 28861 * InvokeHelper    (client.cc:139):    Sending CoordRequest: p=25769803789 s=27 to group=2 replica=2
20260308-231019-4710 28861 * SendMessageToReplica (transportcommon.h:94): sending message to replica, len of replicaaddr is 3
20260308-231019-4710 28861 * SendMessageToReplica (transportcommon.h:97): key is 0, value is 441015952
20260308-231019-4710 28861 * SendMessageToReplica (transportcommon.h:97): key is 1, value is 441015952
20260308-231019-4711 28861 * SendMessageToReplica (transportcommon.h:97): key is 2, value is 441015952
20260308-231019-4711 28861 * SendRequest     (client.cc:201):    Sending client request with id 159 (shardtag=27 predlist_size=1)
20260308-231019-4711 28861 * SendMessageToReplica (transportcommon.h:94): sending message to replica, len of replicaaddr is 3
20260308-231019-4712 28861 * SendMessageToReplica (transportcommon.h:97): key is 0, value is 441015744
20260308-231019-4712 28861 * SendMessageToReplica (transportcommon.h:97): key is 1, value is 441015744
20260308-231019-4712 28861 * SendMessageToReplica (transportcommon.h:97): key is 2, value is 441015744
20260308-231019-4713 28861 * SendMessageToReplica (transportcommon.h:94): sending message to replica, len of replicaaddr is 3
20260308-231019-4713 28861 * SendMessageToReplica (transportcommon.h:97): key is 0, value is 441015744
20260308-231019-4713 28861 * SendMessageToReplica (transportcommon.h:97): key is 1, value is 441015744
20260308-231019-4713 28861 * SendMessageToReplica (transportcommon.h:97): key is 2, value is 441015744
20260308-231019-4715 28861 * SendMessageToReplica (transportcommon.h:94): sending message to replica, len of replicaaddr is 3
20260308-231019-4716 28861 * SendMessageToReplica (transportcommon.h:97): key is 0, value is 441015760
20260308-231019-4716 28861 * SendMessageToReplica (transportcommon.h:97): key is 1, value is 441015760
20260308-231019-4716 28861 * SendMessageToReplica (transportcommon.h:97): key is 2, value is 441015760
20260308-231019-4717 28861 * SendMessageToReplica (transportcommon.h:94): sending message to replica, len of replicaaddr is 3
20260308-231019-4717 28861 * SendMessageToReplica (transportcommon.h:97): key is 0, value is 441015760
20260308-231019-4718 28861 * SendMessageToReplica (transportcommon.h:97): key is 1, value is 441015760
20260308-231019-4718 28861 * SendMessageToReplica (transportcommon.h:97): key is 2, value is 441015760
20260308-231019-8578 28861 * InvokeHelper    (client.cc:139):    Sending CoordRequest: p=27 s=30064771093 to group=2 replica=2
20260308-231019-8579 28861 * SendMessageToReplica (transportcommon.h:94): sending message to replica, len of replicaaddr is 3
20260308-231019-8579 28861 * SendMessageToReplica (transportcommon.h:97): key is 0, value is 441015936
20260308-231019-8579 28861 * SendMessageToReplica (transportcommon.h:97): key is 1, value is 441015936
20260308-231019-8580 28861 * SendMessageToReplica (transportcommon.h:97): key is 2, value is 441015936
20260308-231019-8580 28861 * SendRequest     (client.cc:201):    Sending client request with id 160 (shardtag=30064771093 predlist_size=1)
20260308-231019-8581 28861 * SendMessageToReplica (transportcommon.h:94): sending message to replica, len of replicaaddr is 3
20260308-231019-8581 28861 * SendMessageToReplica (transportcommon.h:97): key is 0, value is 441015728
20260308-231019-8581 28861 * SendMessageToReplica (transportcommon.h:97): key is 1, value is 441015728
20260308-231019-8582 28861 * SendMessageToReplica (transportcommon.h:97): key is 2, value is 441015728
20260308-231019-8582 28861 * SendMessageToReplica (transportcommon.h:94): sending message to replica, len of replicaaddr is 3
20260308-231019-8582 28861 * SendMessageToReplica (transportcommon.h:97): key is 0, value is 441015728
20260308-231019-8582 28861 * SendMessageToReplica (transportcommon.h:97): key is 1, value is 441015728
20260308-231019-8583 28861 * SendMessageToReplica (transportcommon.h:97): key is 2, value is 441015728
20260308-231019-8585 28861 * SendMessageToReplica (transportcommon.h:94): sending message to replica, len of replicaaddr is 3
20260308-231019-8585 28861 * SendMessageToReplica (transportcommon.h:97): key is 0, value is 441015760
20260308-231019-8585 28861 * SendMessageToReplica (transportcommon.h:97): key is 1, value is 441015760
20260308-231019-8586 28861 * SendMessageToReplica (transportcommon.h:97): key is 2, value is 441015760
20260308-231019-8643 28861 * InvokeHelper    (client.cc:139):    Sending CoordRequest: p=30064771093 s=21474836507 to group=2 replica=2
20260308-231019-8644 28861 * SendMessageToReplica (transportcommon.h:94): sending message to replica, len of replicaaddr is 3
20260308-231019-8644 28861 * SendMessageToReplica (transportcommon.h:97): key is 0, value is 441015936
20260308-231019-8645 28861 * SendMessageToReplica (transportcommon.h:97): key is 1, value is 441015936
20260308-231019-8645 28861 * SendMessageToReplica (transportcommon.h:97): key is 2, value is 441015936
20260308-231019-8645 28861 * SendRequest     (client.cc:201):    Sending client request with id 161 (shardtag=21474836507 predlist_size=1)
20260308-231019-8646 28861 * SendMessageToReplica (transportcommon.h:94): sending message to replica, len of replicaaddr is 3
20260308-231019-8646 28861 * SendMessageToReplica (transportcommon.h:97): key is 0, value is 441015728
20260308-231019-8646 28861 * SendMessageToReplica (transportcommon.h:97): key is 1, value is 441015728
20260308-231019-8647 28861 * SendMessageToReplica (transportcommon.h:97): key is 2, value is 441015728
20260308-231019-8647 28861 * SendMessageToReplica (transportcommon.h:94): sending message to replica, len of replicaaddr is 3
20260308-231019-8647 28861 * SendMessageToReplica (transportcommon.h:97): key is 0, value is 441015728
20260308-231019-8648 28861 * SendMessageToReplica (transportcommon.h:97): key is 1, value is 441015728
20260308-231019-8648 28861 * SendMessageToReplica (transportcommon.h:97): key is 2, value is 441015728
20260308-231019-8650 28861 * SendMessageToReplica (transportcommon.h:94): sending message to replica, len of replicaaddr is 3
20260308-231019-8650 28861 * SendMessageToReplica (transportcommon.h:97): key is 0, value is 441015760
20260308-231019-8650 28861 * SendMessageToReplica (transportcommon.h:97): key is 1, value is 441015760
20260308-231019-8651 28861 * SendMessageToReplica (transportcommon.h:97): key is 2, value is 441015760
20260308-231019-8764 28861 * InvokeHelper    (client.cc:139):    Sending CoordRequest: p=21474836507 s=25769803790 to group=2 replica=2
20260308-231019-8765 28861 * SendMessageToReplica (transportcommon.h:94): sending message to replica, len of replicaaddr is 3
20260308-231019-8765 28861 * SendMessageToReplica (transportcommon.h:97): key is 0, value is 441015936
20260308-231019-8766 28861 * SendMessageToReplica (transportcommon.h:97): key is 1, value is 441015936
20260308-231019-8766 28861 * SendMessageToReplica (transportcommon.h:97): key is 2, value is 441015936
20260308-231019-8767 28861 * SendRequest     (client.cc:201):    Sending client request with id 162 (shardtag=25769803790 predlist_size=1)
20260308-231019-8767 28861 * SendMessageToReplica (transportcommon.h:94): sending message to replica, len of replicaaddr is 3
20260308-231019-8767 28861 * SendMessageToReplica (transportcommon.h:97): key is 0, value is 441015728
20260308-231019-8768 28861 * SendMessageToReplica (transportcommon.h:97): key is 1, value is 441015728
20260308-231019-8768 28861 * SendMessageToReplica (transportcommon.h:97): key is 2, value is 441015728
20260308-231019-8768 28861 * SendMessageToReplica (transportcommon.h:94): sending message to replica, len of replicaaddr is 3
20260308-231019-8769 28861 * SendMessageToReplica (transportcommon.h:97): key is 0, value is 441015728
20260308-231019-8769 28861 * SendMessageToReplica (transportcommon.h:97): key is 1, value is 441015728
20260308-231019-8769 28861 * SendMessageToReplica (transportcommon.h:97): key is 2, value is 441015728
20260308-231019-8771 28861 * SendMessageToReplica (transportcommon.h:94): sending message to replica, len of replicaaddr is 3
20260308-231019-8771 28861 * SendMessageToReplica (transportcommon.h:97): key is 0, value is 441015760
20260308-231019-8772 28861 * SendMessageToReplica (transportcommon.h:97): key is 1, value is 441015760
20260308-231019-8772 28861 * SendMessageToReplica (transportcommon.h:97): key is 2, value is 441015760
20260308-231019-8808 28861 * InvokeHelper    (client.cc:139):    Sending CoordRequest: p=25769803790 s=17179869202 to group=2 replica=2
20260308-231019-8808 28861 * SendMessageToReplica (transportcommon.h:94): sending message to replica, len of replicaaddr is 3
20260308-231019-8809 28861 * SendMessageToReplica (transportcommon.h:97): key is 0, value is 441015936
20260308-231019-8809 28861 * SendMessageToReplica (transportcommon.h:97): key is 1, value is 441015936
20260308-231019-8809 28861 * SendMessageToReplica (transportcommon.h:97): key is 2, value is 441015936
20260308-231019-8810 28861 * SendRequest     (client.cc:201):    Sending client request with id 163 (shardtag=17179869202 predlist_size=1)
20260308-231019-8810 28861 * SendMessageToReplica (transportcommon.h:94): sending message to replica, len of replicaaddr is 3
20260308-231019-8811 28861 * SendMessageToReplica (transportcommon.h:97): key is 0, value is 441015728
20260308-231019-8811 28861 * SendMessageToReplica (transportcommon.h:97): key is 1, value is 441015728
20260308-231019-8811 28861 * SendMessageToReplica (transportcommon.h:97): key is 2, value is 441015728
20260308-231019-8811 28861 * SendMessageToReplica (transportcommon.h:94): sending message to replica, len of replicaaddr is 3
20260308-231019-8812 28861 * SendMessageToReplica (transportcommon.h:97): key is 0, value is 441015728
20260308-231019-8812 28861 * SendMessageToReplica (transportcommon.h:97): key is 1, value is 441015728
20260308-231019-8812 28861 * SendMessageToReplica (transportcommon.h:97): key is 2, value is 441015728
20260308-231019-8814 28861 * SendMessageToReplica (transportcommon.h:94): sending message to replica, len of replicaaddr is 3
20260308-231019-8815 28861 * SendMessageToReplica (transportcommon.h:97): key is 0, value is 441015760
20260308-231019-8815 28861 * SendMessageToReplica (transportcommon.h:97): key is 1, value is 441015760
20260308-231019-8815 28861 * SendMessageToReplica (transportcommon.h:97): key is 2, value is 441015760
20260308-231020-2613 28861 * InvokeHelper    (client.cc:139):    Sending CoordRequest: p=17179869202 s=30064771094 to group=2 replica=2
20260308-231020-2614 28861 * SendMessageToReplica (transportcommon.h:94): sending message to replica, len of replicaaddr is 3
20260308-231020-2614 28861 * SendMessageToReplica (transportcommon.h:97): key is 0, value is 441015936
20260308-231020-2615 28861 * SendMessageToReplica (transportcommon.h:97): key is 1, value is 441015936
20260308-231020-2615 28861 * SendMessageToReplica (transportcommon.h:97): key is 2, value is 441015936
20260308-231020-2616 28861 * SendRequest     (client.cc:201):    Sending client request with id 164 (shardtag=30064771094 predlist_size=1)
20260308-231020-2616 28861 * SendMessageToReplica (transportcommon.h:94): sending message to replica, len of replicaaddr is 3
20260308-231020-2616 28861 * SendMessageToReplica (transportcommon.h:97): key is 0, value is 441015728
20260308-231020-2617 28861 * SendMessageToReplica (transportcommon.h:97): key is 1, value is 441015728
20260308-231020-2617 28861 * SendMessageToReplica (transportcommon.h:97): key is 2, value is 441015728
20260308-231020-2617 28861 * SendMessageToReplica (transportcommon.h:94): sending message to replica, len of replicaaddr is 3
20260308-231020-2618 28861 * SendMessageToReplica (transportcommon.h:97): key is 0, value is 441015728
20260308-231020-2618 28861 * SendMessageToReplica (transportcommon.h:97): key is 1, value is 441015728
20260308-231020-2618 28861 * SendMessageToReplica (transportcommon.h:97): key is 2, value is 441015728
20260308-231020-2620 28861 * SendMessageToReplica (transportcommon.h:94): sending message to replica, len of replicaaddr is 3
20260308-231020-2620 28861 * SendMessageToReplica (transportcommon.h:97): key is 0, value is 441015760
20260308-231020-2621 28861 * SendMessageToReplica (transportcommon.h:97): key is 1, value is 441015760
20260308-231020-2621 28861 * SendMessageToReplica (transportcommon.h:97): key is 2, value is 441015760
20260308-231020-2791 28861 * InvokeHelper    (client.cc:139):    Sending CoordRequest: p=30064771094 s=4294967312 to group=2 replica=2
20260308-231020-2791 28861 * SendMessageToReplica (transportcommon.h:94): sending message to replica, len of replicaaddr is 3
20260308-231020-2792 28861 * SendMessageToReplica (transportcommon.h:97): key is 0, value is 441015936
20260308-231020-2792 28861 * SendMessageToReplica (transportcommon.h:97): key is 1, value is 441015936
20260308-231020-2792 28861 * SendMessageToReplica (transportcommon.h:97): key is 2, value is 441015936
20260308-231020-2793 28861 * SendRequest     (client.cc:201):    Sending client request with id 165 (shardtag=4294967312 predlist_size=1)
20260308-231020-2793 28861 * SendMessageToReplica (transportcommon.h:94): sending message to replica, len of replicaaddr is 3
20260308-231020-2794 28861 * SendMessageToReplica (transportcommon.h:97): key is 0, value is 441015728
20260308-231020-2794 28861 * SendMessageToReplica (transportcommon.h:97): key is 1, value is 441015728
20260308-231020-2794 28861 * SendMessageToReplica (transportcommon.h:97): key is 2, value is 441015728
20260308-231020-2795 28861 * SendMessageToReplica (transportcommon.h:94): sending message to replica, len of replicaaddr is 3
20260308-231020-2795 28861 * SendMessageToReplica (transportcommon.h:97): key is 0, value is 441015728
20260308-231020-2795 28861 * SendMessageToReplica (transportcommon.h:97): key is 1, value is 441015728
20260308-231020-2795 28861 * SendMessageToReplica (transportcommon.h:97): key is 2, value is 441015728
20260308-231020-2797 28861 * InvokeHelper    (client.cc:139):    Sending CoordRequest: p=4294967312 s=28 to group=2 replica=2
20260308-231020-2797 28861 * SendMessageToReplica (transportcommon.h:94): sending message to replica, len of replicaaddr is 3
20260308-231020-2797 28861 * SendMessageToReplica (transportcommon.h:97): key is 0, value is 441015952
20260308-231020-2798 28861 * SendMessageToReplica (transportcommon.h:97): key is 1, value is 441015952
20260308-231020-2798 28861 * SendMessageToReplica (transportcommon.h:97): key is 2, value is 441015952
20260308-231020-2798 28861 * SendRequest     (client.cc:201):    Sending client request with id 166 (shardtag=28 predlist_size=1)
20260308-231020-2799 28861 * SendMessageToReplica (transportcommon.h:94): sending message to replica, len of replicaaddr is 3
20260308-231020-2799 28861 * SendMessageToReplica (transportcommon.h:97): key is 0, value is 441015744
20260308-231020-2799 28861 * SendMessageToReplica (transportcommon.h:97): key is 1, value is 441015744
20260308-231020-2800 28861 * SendMessageToReplica (transportcommon.h:97): key is 2, value is 441015744
20260308-231020-2800 28861 * SendMessageToReplica (transportcommon.h:94): sending message to replica, len of replicaaddr is 3
20260308-231020-2801 28861 * SendMessageToReplica (transportcommon.h:97): key is 0, value is 441015744
20260308-231020-2801 28861 * SendMessageToReplica (transportcommon.h:97): key is 1, value is 441015744
20260308-231020-2801 28861 * SendMessageToReplica (transportcommon.h:97): key is 2, value is 441015744
20260308-231020-2803 28861 * SendMessageToReplica (transportcommon.h:94): sending message to replica, len of replicaaddr is 3
20260308-231020-2803 28861 * SendMessageToReplica (transportcommon.h:97): key is 0, value is 441015760
20260308-231020-2804 28861 * SendMessageToReplica (transportcommon.h:97): key is 1, value is 441015760
20260308-231020-2804 28861 * SendMessageToReplica (transportcommon.h:97): key is 2, value is 441015760
20260308-231020-2805 28861 * SendMessageToReplica (transportcommon.h:94): sending message to replica, len of replicaaddr is 3
20260308-231020-2805 28861 * SendMessageToReplica (transportcommon.h:97): key is 0, value is 441015760
20260308-231020-2806 28861 * SendMessageToReplica (transportcommon.h:97): key is 1, value is 441015760
20260308-231020-2806 28861 * SendMessageToReplica (transportcommon.h:97): key is 2, value is 441015760
20260308-231020-2807 28861 * InvokeHelper    (client.cc:139):    Sending CoordRequest: p=28 s=25769803791 to group=2 replica=2
20260308-231020-2808 28861 * SendMessageToReplica (transportcommon.h:94): sending message to replica, len of replicaaddr is 3
20260308-231020-2808 28861 * SendMessageToReplica (transportcommon.h:97): key is 0, value is 441015936
20260308-231020-2808 28861 * SendMessageToReplica (transportcommon.h:97): key is 1, value is 441015936
20260308-231020-2808 28861 * SendMessageToReplica (transportcommon.h:97): key is 2, value is 441015936
20260308-231020-2809 28861 * SendRequest     (client.cc:201):    Sending client request with id 167 (shardtag=25769803791 predlist_size=1)
20260308-231020-2809 28861 * SendMessageToReplica (transportcommon.h:94): sending message to replica, len of replicaaddr is 3
20260308-231020-2810 28861 * SendMessageToReplica (transportcommon.h:97): key is 0, value is 441015728
20260308-231020-2810 28861 * SendMessageToReplica (transportcommon.h:97): key is 1, value is 441015728
20260308-231020-2810 28861 * SendMessageToReplica (transportcommon.h:97): key is 2, value is 441015728
20260308-231020-2810 28861 * SendMessageToReplica (transportcommon.h:94): sending message to replica, len of replicaaddr is 3
20260308-231020-2811 28861 * SendMessageToReplica (transportcommon.h:97): key is 0, value is 441015728
20260308-231020-2811 28861 * SendMessageToReplica (transportcommon.h:97): key is 1, value is 441015728
20260308-231020-2811 28861 * SendMessageToReplica (transportcommon.h:97): key is 2, value is 441015728
20260308-231020-2812 28861 * InvokeHelper    (client.cc:139):    Sending CoordRequest: p=25769803791 s=12884901907 to group=2 replica=2
20260308-231020-2813 28861 * SendMessageToReplica (transportcommon.h:94): sending message to replica, len of replicaaddr is 3
20260308-231020-2813 28861 * SendMessageToReplica (transportcommon.h:97): key is 0, value is 441015936
20260308-231020-2813 28861 * SendMessageToReplica (transportcommon.h:97): key is 1, value is 441015936
20260308-231020-2814 28861 * SendMessageToReplica (transportcommon.h:97): key is 2, value is 441015936
20260308-231020-2814 28861 * SendRequest     (client.cc:201):    Sending client request with id 168 (shardtag=12884901907 predlist_size=1)
20260308-231020-2815 28861 * SendMessageToReplica (transportcommon.h:94): sending message to replica, len of replicaaddr is 3
20260308-231020-2815 28861 * SendMessageToReplica (transportcommon.h:97): key is 0, value is 441015728
20260308-231020-2815 28861 * SendMessageToReplica (transportcommon.h:97): key is 1, value is 441015728
20260308-231020-2815 28861 * SendMessageToReplica (transportcommon.h:97): key is 2, value is 441015728
20260308-231020-2816 28861 * SendMessageToReplica (transportcommon.h:94): sending message to replica, len of replicaaddr is 3
20260308-231020-2816 28861 * SendMessageToReplica (transportcommon.h:97): key is 0, value is 441015728
20260308-231020-2816 28861 * SendMessageToReplica (transportcommon.h:97): key is 1, value is 441015728
20260308-231020-2817 28861 * SendMessageToReplica (transportcommon.h:97): key is 2, value is 441015728
20260308-231020-2818 28861 * SendMessageToReplica (transportcommon.h:94): sending message to replica, len of replicaaddr is 3
20260308-231020-2819 28861 * SendMessageToReplica (transportcommon.h:97): key is 0, value is 441015760
20260308-231020-2819 28861 * SendMessageToReplica (transportcommon.h:97): key is 1, value is 441015760
20260308-231020-2819 28861 * SendMessageToReplica (transportcommon.h:97): key is 2, value is 441015760
20260308-231020-2820 28861 * SendMessageToReplica (transportcommon.h:94): sending message to replica, len of replicaaddr is 3
20260308-231020-2821 28861 * SendMessageToReplica (transportcommon.h:97): key is 0, value is 441015760
20260308-231020-2821 28861 * SendMessageToReplica (transportcommon.h:97): key is 1, value is 441015760
20260308-231020-2821 28861 * SendMessageToReplica (transportcommon.h:97): key is 2, value is 441015760
20260308-231020-2833 28861 * InvokeHelper    (client.cc:139):    Sending CoordRequest: p=12884901907 s=8589934616 to group=2 replica=2
20260308-231020-2833 28861 * SendMessageToReplica (transportcommon.h:94): sending message to replica, len of replicaaddr is 3
20260308-231020-2834 28861 * SendMessageToReplica (transportcommon.h:97): key is 0, value is 441015936
20260308-231020-2834 28861 * SendMessageToReplica (transportcommon.h:97): key is 1, value is 441015936
20260308-231020-2834 28861 * SendMessageToReplica (transportcommon.h:97): key is 2, value is 441015936
20260308-231020-2835 28861 * SendRequest     (client.cc:201):    Sending client request with id 169 (shardtag=8589934616 predlist_size=1)
20260308-231020-2835 28861 * SendMessageToReplica (transportcommon.h:94): sending message to replica, len of replicaaddr is 3
20260308-231020-2836 28861 * SendMessageToReplica (transportcommon.h:97): key is 0, value is 441015728
20260308-231020-2836 28861 * SendMessageToReplica (transportcommon.h:97): key is 1, value is 441015728
20260308-231020-2836 28861 * SendMessageToReplica (transportcommon.h:97): key is 2, value is 441015728
20260308-231020-2837 28861 * SendMessageToReplica (transportcommon.h:94): sending message to replica, len of replicaaddr is 3
20260308-231020-2837 28861 * SendMessageToReplica (transportcommon.h:97): key is 0, value is 441015728
20260308-231020-2837 28861 * SendMessageToReplica (transportcommon.h:97): key is 1, value is 441015728
20260308-231020-2837 28861 * SendMessageToReplica (transportcommon.h:97): key is 2, value is 441015728
20260308-231020-2839 28861 * SendMessageToReplica (transportcommon.h:94): sending message to replica, len of replicaaddr is 3
20260308-231020-2840 28861 * SendMessageToReplica (transportcommon.h:97): key is 0, value is 441015760
20260308-231020-2840 28861 * SendMessageToReplica (transportcommon.h:97): key is 1, value is 441015760
20260308-231020-2840 28861 * SendMessageToReplica (transportcommon.h:97): key is 2, value is 441015760
20260308-231020-6859 28861 * InvokeHelper    (client.cc:139):    Sending CoordRequest: p=8589934616 s=4294967313 to group=2 replica=2
20260308-231020-6860 28861 * SendMessageToReplica (transportcommon.h:94): sending message to replica, len of replicaaddr is 3
20260308-231020-6860 28861 * SendMessageToReplica (transportcommon.h:97): key is 0, value is 441015936
20260308-231020-6860 28861 * SendMessageToReplica (transportcommon.h:97): key is 1, value is 441015936
20260308-231020-6861 28861 * SendMessageToReplica (transportcommon.h:97): key is 2, value is 441015936
20260308-231020-6861 28861 * SendRequest     (client.cc:201):    Sending client request with id 170 (shardtag=4294967313 predlist_size=1)
20260308-231020-6862 28861 * SendMessageToReplica (transportcommon.h:94): sending message to replica, len of replicaaddr is 3
20260308-231020-6862 28861 * SendMessageToReplica (transportcommon.h:97): key is 0, value is 441015728
20260308-231020-6862 28861 * SendMessageToReplica (transportcommon.h:97): key is 1, value is 441015728
20260308-231020-6863 28861 * SendMessageToReplica (transportcommon.h:97): key is 2, value is 441015728
20260308-231020-6863 28861 * SendMessageToReplica (transportcommon.h:94): sending message to replica, len of replicaaddr is 3
20260308-231020-6863 28861 * SendMessageToReplica (transportcommon.h:97): key is 0, value is 441015728
20260308-231020-6864 28861 * SendMessageToReplica (transportcommon.h:97): key is 1, value is 441015728
20260308-231020-6864 28861 * SendMessageToReplica (transportcommon.h:97): key is 2, value is 441015728
20260308-231020-6866 28861 * SendMessageToReplica (transportcommon.h:94): sending message to replica, len of replicaaddr is 3
20260308-231020-6866 28861 * SendMessageToReplica (transportcommon.h:97): key is 0, value is 441015760
20260308-231020-6866 28861 * SendMessageToReplica (transportcommon.h:97): key is 1, value is 441015760
20260308-231020-6867 28861 * SendMessageToReplica (transportcommon.h:97): key is 2, value is 441015760
20260308-231020-6889 28861 * InvokeHelper    (client.cc:139):    Sending CoordRequest: p=4294967313 s=8589934617 to group=2 replica=2
20260308-231020-6890 28861 * SendMessageToReplica (transportcommon.h:94): sending message to replica, len of replicaaddr is 3
20260308-231020-6890 28861 * SendMessageToReplica (transportcommon.h:97): key is 0, value is 441015936
20260308-231020-6890 28861 * SendMessageToReplica (transportcommon.h:97): key is 1, value is 441015936
20260308-231020-6891 28861 * SendMessageToReplica (transportcommon.h:97): key is 2, value is 441015936
20260308-231020-6891 28861 * SendRequest     (client.cc:201):    Sending client request with id 171 (shardtag=8589934617 predlist_size=1)
20260308-231020-6892 28861 * SendMessageToReplica (transportcommon.h:94): sending message to replica, len of replicaaddr is 3
20260308-231020-6892 28861 * SendMessageToReplica (transportcommon.h:97): key is 0, value is 441015728
20260308-231020-6892 28861 * SendMessageToReplica (transportcommon.h:97): key is 1, value is 441015728
20260308-231020-6893 28861 * SendMessageToReplica (transportcommon.h:97): key is 2, value is 441015728
20260308-231020-6893 28861 * SendMessageToReplica (transportcommon.h:94): sending message to replica, len of replicaaddr is 3
20260308-231020-6893 28861 * SendMessageToReplica (transportcommon.h:97): key is 0, value is 441015728
20260308-231020-6894 28861 * SendMessageToReplica (transportcommon.h:97): key is 1, value is 441015728
20260308-231020-6894 28861 * SendMessageToReplica (transportcommon.h:97): key is 2, value is 441015728
20260308-231020-6896 28861 * SendMessageToReplica (transportcommon.h:94): sending message to replica, len of replicaaddr is 3
20260308-231020-6896 28861 * SendMessageToReplica (transportcommon.h:97): key is 0, value is 441015760
20260308-231020-6896 28861 * SendMessageToReplica (transportcommon.h:97): key is 1, value is 441015760
20260308-231020-6897 28861 * SendMessageToReplica (transportcommon.h:97): key is 2, value is 441015760
20260308-231021-0906 28861 * InvokeHelper    (client.cc:139):    Sending CoordRequest: p=8589934617 s=29 to group=2 replica=2
20260308-231021-0907 28861 * SendMessageToReplica (transportcommon.h:94): sending message to replica, len of replicaaddr is 3
20260308-231021-0907 28861 * SendMessageToReplica (transportcommon.h:97): key is 0, value is 441015952
20260308-231021-0907 28861 * SendMessageToReplica (transportcommon.h:97): key is 1, value is 441015952
20260308-231021-0907 28861 * SendMessageToReplica (transportcommon.h:97): key is 2, value is 441015952
20260308-231021-0908 28861 * SendRequest     (client.cc:201):    Sending client request with id 172 (shardtag=29 predlist_size=1)
20260308-231021-0909 28861 * SendMessageToReplica (transportcommon.h:94): sending message to replica, len of replicaaddr is 3
20260308-231021-0909 28861 * SendMessageToReplica (transportcommon.h:97): key is 0, value is 441015744
20260308-231021-0909 28861 * SendMessageToReplica (transportcommon.h:97): key is 1, value is 441015744
20260308-231021-0909 28861 * SendMessageToReplica (transportcommon.h:97): key is 2, value is 441015744
20260308-231021-0910 28861 * SendMessageToReplica (transportcommon.h:94): sending message to replica, len of replicaaddr is 3
20260308-231021-0911 28861 * SendMessageToReplica (transportcommon.h:97): key is 0, value is 441015744
20260308-231021-0911 28861 * SendMessageToReplica (transportcommon.h:97): key is 1, value is 441015744
20260308-231021-0911 28861 * SendMessageToReplica (transportcommon.h:97): key is 2, value is 441015744
20260308-231021-0913 28861 * SendMessageToReplica (transportcommon.h:94): sending message to replica, len of replicaaddr is 3
20260308-231021-0913 28861 * SendMessageToReplica (transportcommon.h:97): key is 0, value is 441015760
20260308-231021-0914 28861 * SendMessageToReplica (transportcommon.h:97): key is 1, value is 441015760
20260308-231021-0914 28861 * SendMessageToReplica (transportcommon.h:97): key is 2, value is 441015760
20260308-231021-0932 28861 * InvokeHelper    (client.cc:139):    Sending CoordRequest: p=29 s=25769803792 to group=2 replica=2
20260308-231021-0932 28861 * SendMessageToReplica (transportcommon.h:94): sending message to replica, len of replicaaddr is 3
20260308-231021-0932 28861 * SendMessageToReplica (transportcommon.h:97): key is 0, value is 441015936
20260308-231021-0933 28861 * SendMessageToReplica (transportcommon.h:97): key is 1, value is 441015936
20260308-231021-0933 28861 * SendMessageToReplica (transportcommon.h:97): key is 2, value is 441015936
20260308-231021-0934 28861 * SendRequest     (client.cc:201):    Sending client request with id 173 (shardtag=25769803792 predlist_size=1)
20260308-231021-0934 28861 * SendMessageToReplica (transportcommon.h:94): sending message to replica, len of replicaaddr is 3
20260308-231021-0934 28861 * SendMessageToReplica (transportcommon.h:97): key is 0, value is 441015728
20260308-231021-0935 28861 * SendMessageToReplica (transportcommon.h:97): key is 1, value is 441015728
20260308-231021-0935 28861 * SendMessageToReplica (transportcommon.h:97): key is 2, value is 441015728
20260308-231021-0935 28861 * SendMessageToReplica (transportcommon.h:94): sending message to replica, len of replicaaddr is 3
20260308-231021-0936 28861 * SendMessageToReplica (transportcommon.h:97): key is 0, value is 441015728
20260308-231021-0936 28861 * SendMessageToReplica (transportcommon.h:97): key is 1, value is 441015728
20260308-231021-0936 28861 * SendMessageToReplica (transportcommon.h:97): key is 2, value is 441015728
20260308-231021-0938 28861 * SendMessageToReplica (transportcommon.h:94): sending message to replica, len of replicaaddr is 3
20260308-231021-0938 28861 * SendMessageToReplica (transportcommon.h:97): key is 0, value is 441015760
20260308-231021-0939 28861 * SendMessageToReplica (transportcommon.h:97): key is 1, value is 441015760
20260308-231021-0939 28861 * SendMessageToReplica (transportcommon.h:97): key is 2, value is 441015760
20260308-231021-4740 28861 * InvokeHelper    (client.cc:139):    Sending CoordRequest: p=25769803792 s=30064771095 to group=2 replica=2
20260308-231021-4741 28861 * SendMessageToReplica (transportcommon.h:94): sending message to replica, len of replicaaddr is 3
20260308-231021-4741 28861 * SendMessageToReplica (transportcommon.h:97): key is 0, value is 441015936
20260308-231021-4741 28861 * SendMessageToReplica (transportcommon.h:97): key is 1, value is 441015936
20260308-231021-4742 28861 * SendMessageToReplica (transportcommon.h:97): key is 2, value is 441015936
20260308-231021-4742 28861 * SendRequest     (client.cc:201):    Sending client request with id 174 (shardtag=30064771095 predlist_size=1)
20260308-231021-4743 28861 * SendMessageToReplica (transportcommon.h:94): sending message to replica, len of replicaaddr is 3
20260308-231021-4743 28861 * SendMessageToReplica (transportcommon.h:97): key is 0, value is 441015728
20260308-231021-4743 28861 * SendMessageToReplica (transportcommon.h:97): key is 1, value is 441015728
20260308-231021-4744 28861 * SendMessageToReplica (transportcommon.h:97): key is 2, value is 441015728
20260308-231021-4744 28861 * SendMessageToReplica (transportcommon.h:94): sending message to replica, len of replicaaddr is 3
20260308-231021-4744 28861 * SendMessageToReplica (transportcommon.h:97): key is 0, value is 441015728
20260308-231021-4745 28861 * SendMessageToReplica (transportcommon.h:97): key is 1, value is 441015728
20260308-231021-4745 28861 * SendMessageToReplica (transportcommon.h:97): key is 2, value is 441015728
20260308-231021-4747 28861 * SendMessageToReplica (transportcommon.h:94): sending message to replica, len of replicaaddr is 3
20260308-231021-4747 28861 * SendMessageToReplica (transportcommon.h:97): key is 0, value is 441015760
20260308-231021-4747 28861 * SendMessageToReplica (transportcommon.h:97): key is 1, value is 441015760
20260308-231021-4748 28861 * SendMessageToReplica (transportcommon.h:97): key is 2, value is 441015760
20260308-231021-4808 28861 * InvokeHelper    (client.cc:139):    Sending CoordRequest: p=30064771095 s=21474836508 to group=2 replica=2
20260308-231021-4809 28861 * SendMessageToReplica (transportcommon.h:94): sending message to replica, len of replicaaddr is 3
20260308-231021-4809 28861 * SendMessageToReplica (transportcommon.h:97): key is 0, value is 441015936
20260308-231021-4809 28861 * SendMessageToReplica (transportcommon.h:97): key is 1, value is 441015936
20260308-231021-4810 28861 * SendMessageToReplica (transportcommon.h:97): key is 2, value is 441015936
20260308-231021-4810 28861 * SendRequest     (client.cc:201):    Sending client request with id 175 (shardtag=21474836508 predlist_size=1)
20260308-231021-4811 28861 * SendMessageToReplica (transportcommon.h:94): sending message to replica, len of replicaaddr is 3
20260308-231021-4811 28861 * SendMessageToReplica (transportcommon.h:97): key is 0, value is 441015728
20260308-231021-4811 28861 * SendMessageToReplica (transportcommon.h:97): key is 1, value is 441015728
20260308-231021-4812 28861 * SendMessageToReplica (transportcommon.h:97): key is 2, value is 441015728
20260308-231021-4812 28861 * SendMessageToReplica (transportcommon.h:94): sending message to replica, len of replicaaddr is 3
20260308-231021-4812 28861 * SendMessageToReplica (transportcommon.h:97): key is 0, value is 441015728
20260308-231021-4813 28861 * SendMessageToReplica (transportcommon.h:97): key is 1, value is 441015728
20260308-231021-4813 28861 * SendMessageToReplica (transportcommon.h:97): key is 2, value is 441015728
20260308-231021-4815 28861 * SendMessageToReplica (transportcommon.h:94): sending message to replica, len of replicaaddr is 3
20260308-231021-4815 28861 * SendMessageToReplica (transportcommon.h:97): key is 0, value is 441015760
20260308-231021-4815 28861 * SendMessageToReplica (transportcommon.h:97): key is 1, value is 441015760
20260308-231021-4816 28861 * SendMessageToReplica (transportcommon.h:97): key is 2, value is 441015760
20260308-231021-4937 28861 * InvokeHelper    (client.cc:139):    Sending CoordRequest: p=21474836508 s=4294967314 to group=2 replica=2
20260308-231021-4938 28861 * SendMessageToReplica (transportcommon.h:94): sending message to replica, len of replicaaddr is 3
20260308-231021-4938 28861 * SendMessageToReplica (transportcommon.h:97): key is 0, value is 441015936
20260308-231021-4939 28861 * SendMessageToReplica (transportcommon.h:97): key is 1, value is 441015936
20260308-231021-4939 28861 * SendMessageToReplica (transportcommon.h:97): key is 2, value is 441015936
20260308-231021-4939 28861 * SendRequest     (client.cc:201):    Sending client request with id 176 (shardtag=4294967314 predlist_size=1)
20260308-231021-4940 28861 * SendMessageToReplica (transportcommon.h:94): sending message to replica, len of replicaaddr is 3
20260308-231021-4940 28861 * SendMessageToReplica (transportcommon.h:97): key is 0, value is 441015728
20260308-231021-4940 28861 * SendMessageToReplica (transportcommon.h:97): key is 1, value is 441015728
20260308-231021-4941 28861 * SendMessageToReplica (transportcommon.h:97): key is 2, value is 441015728
20260308-231021-4941 28861 * SendMessageToReplica (transportcommon.h:94): sending message to replica, len of replicaaddr is 3
20260308-231021-4942 28861 * SendMessageToReplica (transportcommon.h:97): key is 0, value is 441015728
20260308-231021-4942 28861 * SendMessageToReplica (transportcommon.h:97): key is 1, value is 441015728
20260308-231021-4942 28861 * SendMessageToReplica (transportcommon.h:97): key is 2, value is 441015728
20260308-231021-4944 28861 * SendMessageToReplica (transportcommon.h:94): sending message to replica, len of replicaaddr is 3
20260308-231021-4944 28861 * SendMessageToReplica (transportcommon.h:97): key is 0, value is 441015760
20260308-231021-4945 28861 * SendMessageToReplica (transportcommon.h:97): key is 1, value is 441015760
20260308-231021-4945 28861 * SendMessageToReplica (transportcommon.h:97): key is 2, value is 441015760
20260308-231021-8838 28861 * InvokeHelper    (client.cc:139):    Sending CoordRequest: p=4294967314 s=21474836509 to group=2 replica=2
20260308-231021-8839 28861 * SendMessageToReplica (transportcommon.h:94): sending message to replica, len of replicaaddr is 3
20260308-231021-8839 28861 * SendMessageToReplica (transportcommon.h:97): key is 0, value is 441015936
20260308-231021-8840 28861 * SendMessageToReplica (transportcommon.h:97): key is 1, value is 441015936
20260308-231021-8840 28861 * SendMessageToReplica (transportcommon.h:97): key is 2, value is 441015936
20260308-231021-8841 28861 * SendRequest     (client.cc:201):    Sending client request with id 177 (shardtag=21474836509 predlist_size=1)
20260308-231021-8841 28861 * SendMessageToReplica (transportcommon.h:94): sending message to replica, len of replicaaddr is 3
20260308-231021-8842 28861 * SendMessageToReplica (transportcommon.h:97): key is 0, value is 441015728
20260308-231021-8842 28861 * SendMessageToReplica (transportcommon.h:97): key is 1, value is 441015728
20260308-231021-8842 28861 * SendMessageToReplica (transportcommon.h:97): key is 2, value is 441015728
20260308-231021-8842 28861 * SendMessageToReplica (transportcommon.h:94): sending message to replica, len of replicaaddr is 3
20260308-231021-8843 28861 * SendMessageToReplica (transportcommon.h:97): key is 0, value is 441015728
20260308-231021-8843 28861 * SendMessageToReplica (transportcommon.h:97): key is 1, value is 441015728
20260308-231021-8843 28861 * SendMessageToReplica (transportcommon.h:97): key is 2, value is 441015728
20260308-231021-8845 28861 * SendMessageToReplica (transportcommon.h:94): sending message to replica, len of replicaaddr is 3
20260308-231021-8846 28861 * SendMessageToReplica (transportcommon.h:97): key is 0, value is 441015760
20260308-231021-8846 28861 * SendMessageToReplica (transportcommon.h:97): key is 1, value is 441015760
20260308-231021-8846 28861 * SendMessageToReplica (transportcommon.h:97): key is 2, value is 441015760
20260308-231021-8982 28861 * InvokeHelper    (client.cc:139):    Sending CoordRequest: p=21474836509 s=30 to group=2 replica=2
20260308-231021-8982 28861 * SendMessageToReplica (transportcommon.h:94): sending message to replica, len of replicaaddr is 3
20260308-231021-8983 28861 * SendMessageToReplica (transportcommon.h:97): key is 0, value is 441015952
20260308-231021-8983 28861 * SendMessageToReplica (transportcommon.h:97): key is 1, value is 441015952
20260308-231021-8983 28861 * SendMessageToReplica (transportcommon.h:97): key is 2, value is 441015952
20260308-231021-8984 28861 * SendRequest     (client.cc:201):    Sending client request with id 178 (shardtag=30 predlist_size=1)
20260308-231021-8984 28861 * SendMessageToReplica (transportcommon.h:94): sending message to replica, len of replicaaddr is 3
20260308-231021-8984 28861 * SendMessageToReplica (transportcommon.h:97): key is 0, value is 441015744
20260308-231021-8985 28861 * SendMessageToReplica (transportcommon.h:97): key is 1, value is 441015744
20260308-231021-8985 28861 * SendMessageToReplica (transportcommon.h:97): key is 2, value is 441015744
20260308-231021-8985 28861 * SendMessageToReplica (transportcommon.h:94): sending message to replica, len of replicaaddr is 3
20260308-231021-8986 28861 * SendMessageToReplica (transportcommon.h:97): key is 0, value is 441015744
20260308-231021-8986 28861 * SendMessageToReplica (transportcommon.h:97): key is 1, value is 441015744
20260308-231021-8986 28861 * SendMessageToReplica (transportcommon.h:97): key is 2, value is 441015744
20260308-231021-8988 28861 * SendMessageToReplica (transportcommon.h:94): sending message to replica, len of replicaaddr is 3
20260308-231021-8989 28861 * SendMessageToReplica (transportcommon.h:97): key is 0, value is 441015760
20260308-231021-8989 28861 * SendMessageToReplica (transportcommon.h:97): key is 1, value is 441015760
20260308-231021-8989 28861 * SendMessageToReplica (transportcommon.h:97): key is 2, value is 441015760
20260308-231021-8992 28861 * InvokeHelper    (client.cc:139):    Sending CoordRequest: p=30 s=8589934618 to group=2 replica=2
20260308-231021-8993 28861 * SendMessageToReplica (transportcommon.h:94): sending message to replica, len of replicaaddr is 3
20260308-231021-8993 28861 * SendMessageToReplica (transportcommon.h:97): key is 0, value is 441015936
20260308-231021-8993 28861 * SendMessageToReplica (transportcommon.h:97): key is 1, value is 441015936
20260308-231021-8994 28861 * SendMessageToReplica (transportcommon.h:97): key is 2, value is 441015936
20260308-231021-8994 28861 * SendRequest     (client.cc:201):    Sending client request with id 179 (shardtag=8589934618 predlist_size=1)
20260308-231021-8994 28861 * SendMessageToReplica (transportcommon.h:94): sending message to replica, len of replicaaddr is 3
20260308-231021-8995 28861 * SendMessageToReplica (transportcommon.h:97): key is 0, value is 441015728
20260308-231021-8995 28861 * SendMessageToReplica (transportcommon.h:97): key is 1, value is 441015728
20260308-231021-8995 28861 * SendMessageToReplica (transportcommon.h:97): key is 2, value is 441015728
20260308-231021-8996 28861 * SendMessageToReplica (transportcommon.h:94): sending message to replica, len of replicaaddr is 3
20260308-231021-8996 28861 * SendMessageToReplica (transportcommon.h:97): key is 0, value is 441015728
20260308-231021-8996 28861 * SendMessageToReplica (transportcommon.h:97): key is 1, value is 441015728
20260308-231021-8997 28861 * SendMessageToReplica (transportcommon.h:97): key is 2, value is 441015728
20260308-231021-8998 28861 * SendMessageToReplica (transportcommon.h:94): sending message to replica, len of replicaaddr is 3
20260308-231021-8999 28861 * SendMessageToReplica (transportcommon.h:97): key is 0, value is 441015760
20260308-231021-8999 28861 * SendMessageToReplica (transportcommon.h:97): key is 1, value is 441015760
20260308-231021-8999 28861 * SendMessageToReplica (transportcommon.h:97): key is 2, value is 441015760
20260308-231022-3037 28861 * InvokeHelper    (client.cc:139):    Sending CoordRequest: p=8589934618 s=8589934619 to group=2 replica=2
20260308-231022-3038 28861 * SendMessageToReplica (transportcommon.h:94): sending message to replica, len of replicaaddr is 3
20260308-231022-3038 28861 * SendMessageToReplica (transportcommon.h:97): key is 0, value is 441015936
20260308-231022-3039 28861 * SendMessageToReplica (transportcommon.h:97): key is 1, value is 441015936
20260308-231022-3039 28861 * SendMessageToReplica (transportcommon.h:97): key is 2, value is 441015936
20260308-231022-3040 28861 * SendRequest     (client.cc:201):    Sending client request with id 180 (shardtag=8589934619 predlist_size=1)
20260308-231022-3040 28861 * SendMessageToReplica (transportcommon.h:94): sending message to replica, len of replicaaddr is 3
20260308-231022-3040 28861 * SendMessageToReplica (transportcommon.h:97): key is 0, value is 441015728
20260308-231022-3041 28861 * SendMessageToReplica (transportcommon.h:97): key is 1, value is 441015728
20260308-231022-3041 28861 * SendMessageToReplica (transportcommon.h:97): key is 2, value is 441015728
20260308-231022-3041 28861 * SendMessageToReplica (transportcommon.h:94): sending message to replica, len of replicaaddr is 3
20260308-231022-3042 28861 * SendMessageToReplica (transportcommon.h:97): key is 0, value is 441015728
20260308-231022-3042 28861 * SendMessageToReplica (transportcommon.h:97): key is 1, value is 441015728
20260308-231022-3042 28861 * SendMessageToReplica (transportcommon.h:97): key is 2, value is 441015728
20260308-231022-3044 28861 * SendMessageToReplica (transportcommon.h:94): sending message to replica, len of replicaaddr is 3
20260308-231022-3045 28861 * SendMessageToReplica (transportcommon.h:97): key is 0, value is 441015760
20260308-231022-3045 28861 * SendMessageToReplica (transportcommon.h:97): key is 1, value is 441015760
20260308-231022-3045 28861 * SendMessageToReplica (transportcommon.h:97): key is 2, value is 441015760
20260308-231022-3055 28861 * InvokeHelper    (client.cc:139):    Sending CoordRequest: p=8589934619 s=25769803793 to group=2 replica=2
20260308-231022-3055 28861 * SendMessageToReplica (transportcommon.h:94): sending message to replica, len of replicaaddr is 3
20260308-231022-3056 28861 * SendMessageToReplica (transportcommon.h:97): key is 0, value is 441015936
20260308-231022-3056 28861 * SendMessageToReplica (transportcommon.h:97): key is 1, value is 441015936
20260308-231022-3056 28861 * SendMessageToReplica (transportcommon.h:97): key is 2, value is 441015936
20260308-231022-3057 28861 * SendRequest     (client.cc:201):    Sending client request with id 181 (shardtag=25769803793 predlist_size=1)
20260308-231022-3057 28861 * SendMessageToReplica (transportcommon.h:94): sending message to replica, len of replicaaddr is 3
20260308-231022-3058 28861 * SendMessageToReplica (transportcommon.h:97): key is 0, value is 441015728
20260308-231022-3058 28861 * SendMessageToReplica (transportcommon.h:97): key is 1, value is 441015728
20260308-231022-3058 28861 * SendMessageToReplica (transportcommon.h:97): key is 2, value is 441015728
20260308-231022-3059 28861 * SendMessageToReplica (transportcommon.h:94): sending message to replica, len of replicaaddr is 3
20260308-231022-3059 28861 * SendMessageToReplica (transportcommon.h:97): key is 0, value is 441015728
20260308-231022-3059 28861 * SendMessageToReplica (transportcommon.h:97): key is 1, value is 441015728
20260308-231022-3059 28861 * SendMessageToReplica (transportcommon.h:97): key is 2, value is 441015728
20260308-231022-3061 28861 * SendMessageToReplica (transportcommon.h:94): sending message to replica, len of replicaaddr is 3
20260308-231022-3062 28861 * SendMessageToReplica (transportcommon.h:97): key is 0, value is 441015760
20260308-231022-3062 28861 * SendMessageToReplica (transportcommon.h:97): key is 1, value is 441015760
20260308-231022-3062 28861 * SendMessageToReplica (transportcommon.h:97): key is 2, value is 441015760
20260308-231026-2820 28861 ! TCPIncomingEventCallback (tcptransport.cc:928): [TCP INCOMING 4] EOF, lifetime=31066.28 ms
20260308-231026-2877 28861 ! TCPIncomingEventCallback (tcptransport.cc:928): [TCP INCOMING 1] EOF, lifetime=31073.09 ms
20260308-231026-3012 28861 ! TCPIncomingEventCallback (tcptransport.cc:928): [TCP INCOMING 6] EOF, lifetime=31084.45 ms
20260308-231026-3019 28861 ! TCPIncomingEventCallback (tcptransport.cc:928): [TCP INCOMING 11] EOF, lifetime=31083.29 ms
20260308-231026-3027 28861 ! TCPIncomingEventCallback (tcptransport.cc:928): [TCP INCOMING 12] EOF, lifetime=31083.00 ms
20260308-231026-3050 28861 ! TCPIncomingEventCallback (tcptransport.cc:928): [TCP INCOMING 2] EOF, lifetime=31090.27 ms
20260308-231026-3056 28861 ! TCPIncomingEventCallback (tcptransport.cc:928): [TCP INCOMING 5] EOF, lifetime=31089.79 ms
20260308-231026-3062 28861 ! TCPIncomingEventCallback (tcptransport.cc:928): [TCP INCOMING 3] EOF, lifetime=31090.54 ms
20260308-231032-4540 28861 * Cleanup         (server.cc:589):    Gracefully exiting after signal 15.
20260308-231032-4541 28861 * Stop            (tcptransport.cc:581): [TCP SUMMARY] outgoingCreated=3 outgoingClosed=0 incomingCreated=10 incomingClosed=8 outgoingPeak=10 incomingPeak=8
Inserted events:
  0x55d6967095a0 [fd  9] Read Persist Internal
  0x55d696717300 [fd  10] Read Persist
  0x55d69671a7d0 [fd  11] Read Persist
  0x55d6b30e6af0 [fd  18] Read Persist
  0x55d6b30e6fa0 [fd  19] Read Persist
  0x55d6b31048e0 [fd  20] Read Persist
  0x55d6b3104bb0 [fd  21] Read Persist
  0x55d6b31063f0 [fd  24] Read Persist
Active events:
20260308-231032-4542 28861 * Cleanup         (server.cc:593):    Exporting stats to /mnt/extra/experiments/2026-04-08-23-09-30/out/server-0-2-0-stats-0.json.
