805327548.7525821,2.449023
805327551.091514,2.219063
805327553.3990921,2.2301360000000003
805327555.942853,2.444093
805327558.39068,2.349318
805327561.117794,2.64132
805327563.159515,1.973649
805327565.7357631,2.484605
805327567.918785,2.110615
805327570.437672,2.44562
805327573.310084,2.7888859999999998
805327575.38293,2.015845
805327578.41928,2.965878
805327580.9443221,2.467453
805327583.999862,2.9702420000000003
805327586.983359,2.89465
805327589.4205741,2.377015
805327592.2967911,2.790337
805327594.813782,2.454075
805327597.662035,2.776165
805327600.7731589,3.024793
805327603.336783,2.500091
805327606.946293,3.53049
805327610.077023,3.0466
805327613.647432,3.4958799999999997
805327616.346241,2.636389
805327618.505755,2.0949229999999996
805327621.700224,3.116582
805327624.114134,2.350839
805327627.380625,3.181398
805327630.406691,2.9656499999999997
805327632.8948001,2.425107
805327635.736156,2.755651
805327638.730319,2.913885
805327641.484341,2.69083
805327644.469708,2.92242
805327646.882285,2.3502829999999997
805327649.493576,2.531018
805327652.696975,3.116442
805327655.603773,2.821209
805327658.784029,3.1017330000000003
805327661.3198291,2.4726879999999998
805327664.0873729,2.705244
805327666.6551319,2.504983
805327669.766417,3.0505139999999997
805327672.184418,2.354854
805327675.467367,3.198608
805327678.091883,2.56377
805327680.54728,2.393428
805327683.3317441,2.722335
805327685.94526,2.536757
805327688.6116531,2.600921
805327690.986714,2.308831
805327693.081131,2.025156
805327695.315419,2.149265
805327697.987581,2.592822
805327700.756012,2.6915020000000003
805327703.008835,2.189228
805327705.4708921,2.4079230000000003
805327707.418856,1.891925
805327710.103204,2.586793
805327712.570157,2.40705
805327714.984469,2.3428709999999997
805327717.0867541,2.04194
805327719.525593,2.376835
805327721.429852,1.837393
805327723.869688,2.366535
805327726.248733,2.315416
805327728.26631,1.9512880000000001
805327730.991742,2.676073
805327733.126292,2.065428
805327735.239347,2.0324929999999997
805327737.734176,2.426145
805327740.411332,2.602077
805327742.518031,2.049754
805327745.048097,2.4747689999999998
805327747.115302,2.0097840000000002
805327749.2109361,2.042198
805327751.8585759,2.574008
805327754.2603389,2.341608
805327756.48755,2.140073
805327759.49786,2.925974
805327761.677826,2.11934
805327763.991278,2.261604
805327766.4987351,2.4349749999999997
805327768.608289,2.058443
805327771.29958,2.6348360000000004
805327773.73243,2.381564
805327776.2127299,2.406078
805327778.412824,2.119911
805327780.734229,2.250451
805327782.7393681,1.9320789999999999
805327785.07217,2.264172
805327787.552881,2.40707
805327790.116045,2.495428
805327792.107819,1.935327
805327794.252164,2.0852549999999996
805327796.5896809,2.2771
805327798.787246,2.1391639999999996
805327801.423352,2.574089
805327803.479671,1.9823229999999998
805327805.690284,2.144375
805327807.6056061,1.859688
805327809.2227709,1.564146
805327811.527021,2.24136
805327813.767235,2.171757
805327815.899011,2.0813989999999998
805327818.3322229,2.383604
805327820.4714481,2.075545
805327822.705008,2.168091
805327824.6553911,1.9009960000000001
805327826.7099099,1.98232
805327829.004804,2.2166870000000003
805327831.3948239,2.307493
805327833.757696,2.29729
805327835.6279011,1.800032
805327837.777699,2.1099460000000003
805327839.823272,1.9996760000000002
805327841.892059,2.021481
805327843.920128,1.979477
805327846.324765,2.3591710000000004
805327848.083967,1.703069
805327850.045392,1.914407
805327852.5941759,2.5017300000000002
805327855.021749,2.3641080000000003
805327857.969396,2.8903570000000003
805327860.475033,2.44325
805327863.353148,2.8070299999999997
805327866.156836,2.744162
805327868.732727,2.484759
805327871.104231,2.306136
805327873.553221,2.393249
805327875.842847,2.230981
805327878.472065,2.551041
805327881.014194,2.459086
805327884.0388421,2.9400250000000003
805327886.595025,2.470085
805327888.196767,1.531674
805327890.445405,2.174342
805327892.1075621,1.577
805327894.250646,2.072298
805327896.7290009,2.399538
805327899.0957869,2.281969
805327901.8067,2.631798
805327904.579886,2.6870179999999997
805327907.1702989,2.522222
805327909.706796,2.457923
805327912.317896,2.545197
805327914.909721,2.528633
805327917.199167,2.228339
805327919.352391,2.089947
805327921.376183,1.962961
805327923.7170631,2.27925
805327926.049649,2.277181
805327928.57033,2.463817
805327930.941347,2.314457
805327933.26446,2.268884
805327935.1528901,1.831405
805327937.3185561,2.1113579999999996
805327939.5827179,2.196911
805327941.634616,1.988535
805327944.112516,2.400129
805327946.740696,2.552227
805327949.40497,2.593007
805327952.086704,2.6119120000000002
805327954.316446,2.1667050000000003
805327956.744735,2.368314
805327959.534741,2.704964
805327998.20909,38.594427
805328001.1858419,2.892491
805328005.058615,3.7882
805328008.672997,3.542163
805328012.305871,3.561368
805328015.140411,2.771614
805328017.754654,2.530889
805328020.4960021,2.678412
805328023.254169,2.693627
805328026.186968,2.859819
805328029.482738,3.2335749999999996
805328031.837746,2.292163
805328034.27,2.354342
805328037.346774,2.991892
805328039.525643,2.115335
805328042.755118,3.1618079999999997
805328044.923076,2.1051070000000003
805328047.348669,2.339823
805328050.059125,2.6318689999999996
805328052.875343,2.7305129999999997
805328055.385829,2.448477
805328057.870264,2.425087
805328060.622272,2.689096
805328062.791879,2.107407
805328065.802665,2.9325039999999998
805328068.0361251,2.171537
805328071.275609,3.1542499999999998
805328073.887125,2.551506
805328076.504374,2.5544779999999996
805328078.710687,2.143637
805328081.458971,2.66929
805328084.2809069,2.736943
805328086.746729,2.3832139999999997
805328088.9496031,2.12628
805328091.6840111,2.662089
805328094.585732,2.82374
805328097.0671699,2.4177750000000002
805328099.5526481,2.423677
805328102.206524,2.600335
805328105.171243,2.9083799999999997
805328108.5307239,3.302428
805328112.7250719,4.113779
805328116.655563,3.8645620000000003
805328119.09168,2.374022
805328122.069368,2.899621
805328124.5034469,2.370515
805328127.655286,3.067648
805328130.623252,2.907927
805328133.0191361,2.3337649999999996
805328135.5685469,2.48041
805328138.574983,2.926966
805328140.735904,2.0982510000000003
805328143.547202,2.743838
805328145.540652,1.9280059999999999
805328148.191283,2.575548
805328150.736958,2.486421
805328152.700434,1.908513
805328155.3245001,2.538943
805328157.6120011,2.208313
805328159.9456999,2.245173
805328163.175856,3.12245
805328165.647379,2.409371
805328168.542557,2.8385979999999997
805328170.857812,2.258254
805328173.80619,2.894572
805328176.288986,2.4263660000000002
805328178.767447,2.4060729999999997
805328182.045616,3.1994599999999997
805328184.592937,2.483954
805328187.062081,2.406082
805328189.5152941,2.3930420000000003
805328192.244324,2.645791
805328194.923296,2.600144
805328197.915734,2.9143009999999996
805328200.556957,2.577995
805328202.86344,2.237755
805328205.0929971,2.1661940000000004
805328207.851453,2.673581
805328210.386478,2.4642280000000003
805328212.893191,2.415489
805328214.949343,1.999668
805328216.507085,1.496979
805328218.491511,1.90047
805328220.3033091,1.732654
805328222.045055,1.643993
805328224.410393,2.3055290000000004
805328226.673818,2.1940890000000004
805328229.02799,2.2938110000000003
805328232.405911,3.315575
805328235.87324,3.38521
805328238.3280511,2.404958
805328240.8585011,2.4668379999999996
805328242.8849161,1.974458
805328245.412196,2.475604
805328247.578295,2.103107
805328250.474639,2.8179619999999996
805328252.553084,2.0159700000000003
805328255.405476,2.766668
805328258.8107129,3.335831
805328261.314345,2.448231
805328263.5821639,2.210438
805328265.9813981,2.342502
805328268.140289,2.098675
805328271.237,3.019996
805328272.8437,1.5156589999999999
805328274.697744,1.778068
805328276.445583,1.668877
805328277.917217,1.396547
805328280.107936,2.125671
805328282.305263,2.11115
805328284.494842,2.124299
805328285.997671,1.443573
805328287.941552,1.864256
805328289.7940359,1.7391889999999999
805328291.809542,1.928905
805328294.078628,2.21909
805328296.467529,2.337682
805328298.769284,2.250616
805328301.2208661,2.402224
805328303.568735,2.291529
805328306.104193,2.480786
805328308.78949,2.628553
805328310.882913,2.036851
805328313.49204,2.552079
805328315.951179,2.398482
805328318.4475061,2.413334
805328321.033334,2.519286
805328323.454916,2.362122
805328325.807991,2.289501
805328327.918054,2.0439659999999997
805328330.376739,2.387358
805328332.911259,2.449817
805328335.333521,2.3382419999999997
805328338.002406,2.590388
805328339.613461,1.541321
805328341.696552,2.0113079999999997
805328343.974712,2.193578
805328346.2600789,2.1750860000000003
805328348.202726,1.8593609999999998
805328350.180459,1.911988
805328352.797901,2.554581
805328355.628258,2.776447
805328358.308254,2.618909
805328361.3529979,2.959967
805328363.843828,2.403887
805328366.050902,2.1277700000000004
805328368.473173,2.3375589999999997
805328371.490263,2.943544
805328374.224019,2.6747680000000003
805328376.955427,2.6695209999999996
805328379.805195,2.792778
805328382.125437,2.26088
805328384.765505,2.555014
805328387.544431,2.7061260000000003
805328390.045394,2.427017
805328392.6623781,2.5329279999999996
805328395.109832,2.384693
805328397.977825,2.8084949999999997
805328400.047194,2.0062919999999997
805328402.807861,2.67546
805328405.982509,3.110803
805328408.9200289,2.8847460000000003
805328411.397889,2.426623
805328414.0914209,2.633261
805328416.929791,2.752831
805328419.4223801,2.429923
805328422.707258,3.206205
805328424.8765249,2.106545
805328428.313758,3.353443
805328430.923856,2.54641
805328433.460729,2.459823
805328436.229962,2.684195
805328438.3766199,2.08282
805328441.6694269,3.225229
805328444.106723,2.374965
805328446.7807649,2.5871150000000003
805328450.029384,3.16948
805328452.8975229,2.8049009999999996
805328455.915655,2.9550050000000003
805328458.133544,2.156887
805328461.2057381,2.987211
805328464.1343479,2.866009
805328466.6749129,2.477594
805328469.5480989,2.796201
805328472.038683,2.427548
805328475.0928451,2.967084
805328477.603551,2.4505109999999997
805328480.117014,2.450547
805328482.562268,2.3743179999999997
805328485.452097,2.820302
805328487.913358,2.380072
805328490.23113,2.2580679999999997
805328492.922759,2.629228
805328495.0906451,2.11008
805328497.5969319,2.415564
805328500.2804661,2.59546
805328502.726688,2.387353
805328505.2079389,2.4263969999999997
805328507.217814,1.9467729999999999
805328509.789557,2.492464
805328511.795328,1.942945
805328514.03809,2.170264
805328516.7006199,2.576644
805328519.465511,2.6812590000000003
805328521.695366,2.18207
805328524.053862,2.310698
805328526.0304439,1.918535
805328527.84718,1.768151
805328529.678785,1.7724520000000001
805328531.508256,1.766875
805328533.514407,1.945786
805328535.804379,2.223232
805328538.2815621,2.413976
805328540.727061,2.378298
805328542.9377689,2.1430249999999997
805328545.074935,2.07437
805328547.2560849,2.113862
805328549.4322569,2.11272
805328551.4902891,1.991502
805328553.574532,2.020213
805328555.659527,2.016876
805328557.77028,2.048027
805328559.95094,2.133827
805328562.1161721,2.082864
805328564.277343,2.094786
805328566.466847,2.144881
805328568.4988661,1.9777390000000001
805328570.672115,2.1312979999999997
805328572.7792859,2.055046
805328574.8806189,2.046635
805328577.170362,2.238002
805328579.2745711,2.0622309999999997
805328581.549799,2.204674
805328583.663305,2.0584930000000004
805328585.788338,2.0725000000000002
805328587.843298,2.0004530000000003
805328590.03868,2.143281
805328592.083271,1.9896890000000003
805328594.291072,2.152622
805328596.520102,2.176974
805328598.850051,2.275638
805328601.298018,2.404486
805328603.56864,2.215304
805328606.58817,2.968012
805328609.352363,2.718879
805328612.1876351,2.779929
805328614.770253,2.5042570000000004
805328616.9142009,2.098202
805328619.02913,2.0586279999999997
805328621.16351,2.0678699999999997
805328623.5113679,2.29326
805328625.717575,2.153594
805328627.920635,2.1469039999999997
805328629.994589,2.021813
805328632.5169971,2.4675000000000002
805328634.649849,2.077994
805328636.879586,2.1779059999999997
805328639.008282,2.074275
805328641.166738,2.1061650000000003
805328643.268522,2.047062
805328645.605242,2.284299
805328647.695676,2.0453200000000002
805328649.80788,2.05236
805328651.9318949,2.0698700000000003
805328654.1249621,2.140749
805328656.0833321,1.903281
805328658.033122,1.87501
805328660.140286,2.040404
805328662.3633181,2.16015
805328664.659154,2.235223
805328666.987493,2.2512169999999996
805328669.491365,2.424642
805328671.7809161,2.212949
805328673.901261,2.049581
805328676.682457,2.717127
805328678.896035,2.13789
805328681.363377,2.395825
805328684.3428439,2.885521
805328686.446995,2.028196
805328689.014699,2.498914
805328691.551401,2.464273
805328693.9850329,2.354923
805328696.301737,2.2441050000000002
805328699.0014191,2.627008
805328701.366276,2.285969
805328703.915695,2.464606
805328706.397946,2.410799
805328708.933265,2.450005
805328711.7230979,2.704647
805328714.3630329,2.5790460000000004
805328717.2625799,2.822767
805328719.992948,2.6450139999999998
805328722.693581,2.5817520000000003
805328725.267329,2.5092719999999997
805328728.0598869,2.7081660000000003
805328731.373723,3.228593
805328734.407668,2.966172
805328737.1572549,2.665031
805328739.710982,2.468778
805328742.472788,2.693202
805328744.953625,2.395994
805328747.633214,2.593849
805328750.5403831,2.840068
805328753.4232061,2.7987770000000003
805328756.132219,2.625654
805328758.970268,2.751207
805328761.491759,2.443164
805328763.995824,2.4194440000000004
805328766.750872,2.639354
805328769.234313,2.41864
805328772.1759809,2.8583279999999998
805328774.358565,2.1149419999999997
805328776.4878731,2.05814
805328779.24144,2.667371
805328781.682965,2.362783
805328784.147369,2.378583
805328786.670604,2.4382420000000002
805328789.3743589,2.62481
805328791.975135,2.4981
805328794.634348,2.540041
805328797.1366,2.417725
805328800.1827071,2.959128
805328802.866992,2.598791
805328805.636571,2.690489
805328808.187672,2.467632
805328810.7917299,2.520148
805328813.630495,2.759386
805328816.130657,2.4153
805328819.543213,3.327473
805328821.9167551,2.3131760000000003
805328825.46814,3.466858
805328827.907154,2.376433
805328830.4111199,2.415565
805328832.8464409,2.3517159999999997
805328835.944023,3.0080039999999997
805328838.274179,2.2482100000000003
805328840.0618219,1.72437
805328842.723344,2.575422
805328844.993931,2.191072
805328847.605534,2.525741
805328850.125539,2.454876
805328852.847685,2.650271
805328856.2564671,3.3382590000000003
805328859.396739,3.06203
805328862.324481,2.847345
805328864.782244,2.368846
805328867.086299,2.218916
805328869.6952189,2.52969
805328872.073482,2.2921880000000003
805328874.779964,2.619745
805328877.255292,2.39633
805328880.1010389,2.7462519999999997
805328882.843375,2.656927
805328885.652701,2.730694
805328888.597243,2.860055
805328891.511283,2.828245
805328894.008298,2.418111
805328896.6939521,2.601117
805328899.702584,2.921665
805328902.816874,3.042899
805328905.543268,2.66898
805328908.0451881,2.444622
805328910.570949,2.468404
805328913.3580841,2.726558
805328916.1050559,2.68404
805328918.489884,2.321876
805328920.879468,2.32968
805328923.549711,2.608043
805328925.957788,2.348349
805328929.1123589,3.091594
805328931.971631,2.796847
805328934.732631,2.676322
805328937.446836,2.651825
805328940.1705481,2.661697
805328942.522926,2.289386
805328944.9968511,2.414532
805328947.451141,2.392165
805328949.99937,2.48885
805328952.835514,2.773889
805328955.5891811,2.690259
805328958.373559,2.724343
805328960.908432,2.472633
805328963.504572,2.533624
805328966.297671,2.7333000000000003
805328969.284747,2.924124
805328971.676265,2.329494
805328974.151273,2.4150579999999997
805328977.017457,2.804175
805328979.936093,2.856265
805328983.046587,3.0504640000000003
805328986.561863,3.453728
805328989.751961,3.127617
805328993.066839,3.252543
805328995.488257,2.3585770000000004
805328997.972332,2.423639
805329000.525682,2.490128
805329003.201879,2.615084
805329005.90376,2.642578
805329007.766838,1.799054
805329010.7016621,2.855099
805329013.042263,2.255152
805329015.871781,2.744886
805329018.7545841,2.803322
805329021.221968,2.382287
805329023.9218191,2.623585
805329026.371042,2.394884
805329028.902288,2.475601
805329031.634454,2.675835
805329034.541119,2.836014
805329037.409162,2.8047910000000003
805329040.153021,2.68187
805329042.2726359,2.055596
805329044.8219069,2.472181
805329047.537601,2.630836
805329050.027403,2.410293
805329053.165972,3.054904
805329055.580143,2.351531
805329058.336665,2.697037
805329060.6856611,2.292261
805329063.410669,2.639957
805329066.1852471,2.702099
805329068.666172,2.39552
805329070.339786,1.603536
805329072.471981,2.060504
805329075.129931,2.573428
805329077.294125,2.08474
805329079.307348,1.9288910000000001
805329081.079479,1.6933479999999999
805329083.581659,2.440253
805329085.686544,2.057746
805329087.371247,1.634503
805329089.4302759,2.013939
805329091.64138,2.149972
805329093.797096,2.1097550000000003
805329095.577811,1.733864
805329097.572232,1.941216
805329099.299326,1.6559439999999999
805329101.877802,2.523704
805329103.9385,2.0042910000000003
805329106.453481,2.460686
805329108.423872,1.913049
805329111.215387,2.705038
805329114.093647,2.799286
805329117.030497,2.879689
805329119.074335,1.987723
805329121.7125181,2.583897
805329124.191256,2.415839
805329126.772431,2.5153369999999997
805329129.504904,2.653429
805329132.248898,2.682672
805329134.60945,2.303576
805329137.0129629,2.3435970000000004
805329139.332789,2.256102
805329142.141525,2.751091
805329144.9116399,2.712941
805329147.5459211,2.550493
805329150.0430579,2.4288220000000003
805329152.8518829,2.724399
805329155.393417,2.478787
805329158.013613,2.560377
805329160.572867,2.497104
805329162.7318089,2.097284
805329165.634448,2.8346310000000003
805329167.834757,2.1377829999999998
805329170.953674,3.0390360000000003
805329173.6857611,2.6698049999999998
805329175.8031521,2.060956
805329178.871215,2.988836
805329181.2452309,2.3167940000000002
805329183.652794,2.3509949999999997
805329186.607149,2.8751860000000002
805329188.965155,2.2938720000000004
805329191.9494131,2.899752
805329194.4494901,2.413875
805329196.6982809,2.185995
805329199.469735,2.702047
805329202.353189,2.803738
805329205.4256179,2.988374
805329208.2692851,2.781713
805329210.747325,2.415509
805329214.058395,3.23378
805329217.0800359,2.95865
805329219.493511,2.350579
805329222.4640629,2.891132
805329225.412153,2.8636690000000002
805329227.77079,2.2965619999999998
805329231.2554891,3.406091
805329234.819402,3.479542
805329237.497618,2.615951
805329239.999805,2.438999
805329242.448151,2.363914
805329244.892548,2.3846230000000004
805329248.1415141,3.163938
805329250.490112,2.285276
805329253.3479019,2.780685
805329255.8868741,2.4529170000000002
805329258.4645361,2.4977
805329260.9224291,2.372139
805329263.4302341,2.420827
805329266.171956,2.6621420000000002
805329268.77595,2.5521849999999997
805329271.246199,2.405047
805329273.7799929,2.465657
805329276.519031,2.654376
805329279.548476,2.959317
805329281.838178,2.229377
805329284.241469,2.341317
805329286.209762,1.905768
805329288.451652,2.182236
805329291.171986,2.635602
805329294.278399,3.02786
805329296.308577,1.967431
805329298.733275,2.339205
805329301.468174,2.66344
805329304.202212,2.677727
805329306.687371,2.4276530000000003
805329309.1315601,2.390644
805329311.8062071,2.61771
805329314.752703,2.8916660000000003
805329317.217569,2.407501
805329319.7500811,2.470262
805329321.845119,2.035334
805329324.4250621,2.494488
805329326.7892871,2.291561
805329328.985201,2.115872
805329331.655994,2.577705
805329334.07233,2.3318420000000004
805329336.803437,2.659761
805329339.4373139,2.5582360000000004
805329342.517356,2.994716
805329344.9839239,2.403447
805329347.427204,2.3695779999999997
805329350.205277,2.6821010000000003
805329353.125662,2.836444
805329356.563227,3.375184
805329359.634444,3.009112
805329361.908509,2.2149270000000003
805329364.609859,2.616608
805329367.0259,2.353871
805329369.876342,2.771474
805329372.09401,2.1545069999999997
805329375.215119,3.035374
805329377.696702,2.4214480000000003
805329379.943864,2.1846360000000002
805329382.009925,1.9813679999999998
805329384.3895911,2.293922
805329387.2056589,2.742421
805329389.626912,2.361685
805329392.139963,2.449719
805329394.872788,2.6439179999999998
805329397.08126,2.1589080000000003
805329399.570214,2.3888
805329401.908547,2.272392
805329403.946923,1.9695440000000002
805329407.096125,2.7215059999999998
805329409.475159,2.323355
805329411.870732,2.321891
805329414.463835,2.5333040000000002
805329417.301909,2.775949
805329419.7618091,2.396988
805329422.5913211,2.774577
805329425.430977,2.7830120000000003
805329428.108868,2.620408
805329431.065045,2.8713010000000003
805329433.992649,2.8728949999999998
805329437.165241,3.109676
805329439.38319,2.1542559999999997
805329442.496384,3.034475
805329445.1579621,2.5987419999999997
805329447.985641,2.758082
805329450.666414,2.5924020000000003
805329453.289908,2.539313
805329456.290039,2.91614
805329459.094644,2.740361
805329461.582462,2.4276380000000004
805329464.6049451,2.936363
805329466.733632,2.065995
805329469.621662,2.809568
805329472.105739,2.422593
805329474.486094,2.322211
805329477.2149559,2.671994
805329480.430269,3.155911
805329483.264735,2.774848
805329485.755705,2.411806
805329488.244475,2.412763
805329490.8765299,2.546605
805329493.6828749,2.726559
805329496.469614,2.70151
805329499.293659,2.738477
805329501.973068,2.6125480000000003
805329504.767851,2.7240480000000002
805329507.742447,2.888732
805329510.156909,2.334436
805329512.9409909,2.698822
805329515.450315,2.433109
805329518.177261,2.638317
805329521.1201781,2.849601
805329523.6956401,2.4789719999999997
805329526.770851,2.9954500000000004
805329529.596972,2.7407220000000003
805329532.711269,3.029008
805329535.745153,2.949478
805329538.229949,2.405351
805329540.848666,2.531243
805329543.352572,2.418171
805329545.943951,2.511414
805329548.667887,2.638679
805329551.1327829,2.389192
805329553.5477611,2.336497
805329556.196158,2.571608
805329559.208683,2.91328
805329561.6219729,2.3347070000000003
805329564.336313,2.6290660000000003
805329566.834515,2.413795
805329569.402855,2.488404
805329572.6681089,3.1805660000000002
805329575.398376,2.667586
805329578.123993,2.665121
805329580.675169,2.4879189999999998
805329583.105583,2.368365
805329585.749223,2.584964
805329588.631089,2.81933
805329591.072915,2.3794049999999998
805329593.919764,2.7859719999999997
805329596.688326,2.706042
805329599.335725,2.585179
805329601.799392,2.40469
805329604.905675,3.043447
805329608.424599,3.455862
805329611.730036,3.243007
805329614.394921,2.580864
805329616.8397291,2.382713
805329619.111408,2.191046
805329621.42706,2.25463
805329623.990635,2.50129
805329626.94335,2.861663
805329629.926005,2.92286
805329632.950889,2.9616059999999997
805329635.916159,2.9025589999999997
805329638.7245289,2.7485109999999997
805329641.227647,2.440232
805329643.955193,2.665105
805329646.511521,2.4705529999999998
805329649.115359,2.541303
805329651.7774631,2.6003380000000003
805329654.321639,2.489228
805329656.9685401,2.5690880000000003
805329659.523517,2.497756
805329661.812313,2.2339819999999997
805329664.559365,2.6626760000000003
805329667.236023,2.591775
805329670.043159,2.727416
805329672.670728,2.543352
805329675.112649,2.356492
805329678.2207861,3.029058
805329680.9037341,2.6206530000000003
805329683.4516059,2.485537
805329686.044769,2.532341
805329688.8671271,2.760032
805329691.39807,2.468829
805329693.9476459,2.4897180000000003
805329696.5363849,2.5260320000000003
805329698.996212,2.397663
805329701.031812,1.9757059999999997
805329703.174608,2.07405
805329705.978506,2.7328740000000002
805329708.408752,2.3532789999999997
805329710.853369,2.3878969999999997
805329712.8875389,1.979975
805329715.237165,2.255867
805329718.0886849,2.7716030000000003
805329720.49572,2.321561
805329723.115295,2.5342160000000002
805329725.624263,2.429638
805329728.30454,2.604416
805329731.64036,3.279505
805329733.798149,2.104023
805329736.3089391,2.4484329999999996
805329738.690162,2.324107
805329740.737759,1.9690100000000001
805329743.212933,2.389735
805329745.954211,2.661453
805329748.122375,2.082048
805329750.584468,2.376273
805329753.249058,2.5857889999999997
805329755.926247,2.62465
805329759.145162,3.1074010000000003
805329761.9334489,2.725045
805329764.165,2.167296
805329766.8498471,2.600045
805329769.954865,3.0258089999999997
805329771.919132,1.9067839999999998
805329774.510766,2.518174
805329776.785788,2.208277
805329778.7736031,1.919721
805329780.769594,1.925062
805329783.055933,2.214181
805329785.512268,2.401703
805329787.761115,2.164254
805329790.052496,2.212539
805329792.593433,2.481266
805329794.163323,1.509624
805329796.3736839,2.130761
805329798.568425,2.1098879999999998
805329800.879842,2.2323429999999997
805329803.06709,2.1031180000000003
805329805.279409,2.133092
805329807.582219,2.2398919999999998
805329809.814702,2.172211
805329811.803985,1.905843
805329813.2489741,1.385873
805329815.509683,2.204077
805329817.6548009,2.076992
805329819.221108,1.507414
805329821.037716,1.751232
805329823.317344,2.2134590000000003
805329825.7038461,2.305817
805329827.8575951,2.070085
805329830.0375329,2.114594
805329831.643478,1.540842
805329833.505137,1.800645
805329835.863758,2.3105249999999997
805329838.1637369,2.239165
805329840.493341,2.2777000000000003
805329842.892564,2.348159
805329845.525486,2.583364
805329848.321507,2.7336560000000003
805329850.7457169,2.360818
805329853.1792481,2.37277
805329856.317731,3.076208
805329859.343276,2.962549
805329862.6385701,3.234477
805329864.623126,1.9036330000000001
805329866.624972,1.938684
805329868.8500531,2.149691
805329871.098393,2.1821610000000002
805329873.2723451,2.110775
805329875.6697999,2.331096
805329878.032485,2.3183879999999997
805329880.330506,2.251799
805329882.525336,2.128722
805329884.761303,2.1729190000000003
805329886.803393,1.9751949999999998
805329888.817112,1.950542
805329891.426144,2.533519
805329893.694103,2.2179320000000002
805329896.201571,2.437979
805329898.137119,1.886662
805329900.33407,2.1326
805329903.0070089,2.588247
805329905.310201,2.223863
805329908.145488,2.7480640000000003
805329910.5993171,2.3687259999999997
805329913.012146,2.332541
805329915.651477,2.5532150000000002
805329918.097693,2.366475
805329920.818598,2.635827
805329923.950291,3.045312
805329926.517383,2.461713
805329929.708604,3.115727
805329932.5659881,2.794953
805329935.2037389,2.5747
805329938.225445,2.9619720000000003
805329941.202834,2.9146520000000002
805329943.718281,2.453789
805329946.529281,2.752088
805329949.070539,2.4787120000000002
805329951.912812,2.780224
805329954.777543,2.8042499999999997
805329957.317898,2.47821
805329960.394096,3.013196
805329963.1419951,2.685457
805329966.34368,3.1417509999999997
805329969.353052,2.946271
805329972.172973,2.7576810000000003
805329975.22055,2.984044
805329977.507386,2.227557
805329980.6869091,3.0949419999999996
805329983.5208321,2.7714329999999996
805329985.663507,2.082364
805329988.4151541,2.6673560000000003
805329990.686794,2.208097
805329993.063704,2.298086
805329995.489858,2.341222
805329998.336171,2.768111
805330000.872929,2.474545
805330003.0258911,2.0965010000000004
805330006.171836,3.056412
805330008.643887,2.4095560000000003
805330011.1273351,2.39823
805330014.275506,3.069528
805330017.286181,2.94818
805330019.979908,2.629177
805330022.755101,2.683399
805330025.295712,2.478075
805330028.190472,2.8098929999999998
805330030.6224799,2.3683189999999996
805330033.518704,2.818653
805330036.8300251,3.227952
805330039.085145,2.192631
805330042.169928,3.005939
805330044.63539,2.401146
805330047.8634211,3.155573
805330050.399862,2.4765569999999997
805330052.682578,2.2200140000000004
805330055.3365229,2.569778
805330058.175995,2.7752380000000003
805330060.589029,2.3507939999999996
805330063.684752,3.0249230000000003
805330066.102421,2.356712
805330068.7231791,2.535303
805330071.503834,2.708016
805330074.3641889,2.781406
805330076.942713,2.5147500000000003
805330079.502193,2.497571
805330081.780523,2.217849
805330084.670554,2.805495
805330087.11498,2.3835599999999997
805330089.611127,2.4171790000000004
805330092.1332251,2.453428
805330094.5832001,2.3738409999999996
805330097.237586,2.5947620000000002
805330099.67225,2.371677
805330102.38851,2.655849
805330105.6460351,3.194218
805330109.3321279,3.6235429999999997
805330113.056575,3.661575
805330116.378145,3.257715
805330119.903935,3.456605
805330123.642656,3.669299
805330127.0256029,3.299268
805330129.616286,2.5271299999999997
805330132.715793,3.0234799999999997
805330135.619374,2.841396
805330138.0302271,2.35124
805330140.709887,2.595188
805330143.6506649,2.870635
805330146.1182411,2.407225
805330148.627865,2.447318
805330150.67855,1.9841
805330152.866314,2.124051
805330155.340651,2.3855399999999998
805330158.0547711,2.653093
805330160.576135,2.458409
805330162.98894,2.3367050000000003
805330165.58703,2.518221
805330168.102532,2.438029
805330171.003101,2.821978
805330174.160874,3.0785180000000003
805330176.989375,2.76613
805330179.499174,2.4478239999999998
805330182.1786231,2.61992
805330184.6782789,2.435902
805330187.176201,2.434901
805330190.182401,2.9457799999999996
805330193.0244739,2.7796079999999996
805330195.266018,2.177946
805330198.6754969,3.299438
805330200.7598909,2.021317
805330203.321114,2.477449
805330205.8542731,2.4636419999999997
805330208.438571,2.500538
805330211.375284,2.852682
805330214.217096,2.781938
805330216.6929511,2.4133750000000003
805330219.572732,2.8172800000000002
805330222.329126,2.695998
805330225.178711,2.7867439999999997
805330228.479837,3.216599
805330232.1715679,3.6290150000000003
805330234.917608,2.683679
805330237.686485,2.691091
805330240.323831,2.552208
805330242.755729,2.346784
805330245.560164,2.7251100000000004
805330248.5186031,2.872905
805330251.3009421,2.6965790000000003
805330254.2925119,2.91163
805330256.741335,2.361925
805330259.68969,2.8620740000000002
805330262.4013699,2.631959
805330265.097237,2.5999399999999997
805330267.854836,2.672619
805330270.609417,2.7006159999999997
805330273.43233,2.75922
805330276.1892151,2.694269
805330278.441966,2.190065
805330280.7701169,2.268974
805330283.489434,2.655789
805330285.94201,2.3930420000000003
805330288.4028,2.3981689999999998
805330291.482421,3.017677
805330294.178699,2.636304
805330296.974414,2.734127
805330299.699981,2.663402
805330301.948847,2.189102
805330304.467236,2.4330659999999997
805330307.204249,2.651649
805330309.672792,2.3884119999999998
805330312.476311,2.718375
805330315.198665,2.637777
805330317.7510179,2.472908
805330320.696033,2.859897
805330323.414444,2.642788
805330326.160984,2.675638
805330329.095178,2.8591979999999997
805330331.617937,2.437681
805330334.3184611,2.620211
805330336.995756,2.5914200000000003
805330339.4823,2.400204
805330341.958937,2.398098
805330345.30802,3.264591
805330347.768425,2.397764
805330350.7361,2.907976
805330353.233836,2.434659
805330356.4728179,3.176667
805330359.2796991,2.745964
805330362.316991,2.977994
805330364.7434059,2.363784
805330367.280774,2.474852
805330369.984545,2.644102
805330372.9774799,2.930429
805330375.662136,2.622351
805330378.5947839,2.872699
805330381.0952021,2.0733029999999997
805330383.6293781,2.471965
805330386.608088,2.918388
805330389.396594,2.733124
805330391.436588,1.982877
805330393.811668,2.3187450000000003
805330396.1145301,2.243615
805330398.700705,2.502312
805330400.640343,1.889853
805330403.1095979,2.397604
805330405.691708,2.501521
805330407.942593,2.1982030000000004
805330410.5699631,2.545206
805330412.598198,1.976538
805330415.386365,2.703356
805330418.0572151,2.591424
805330420.730755,2.583104
805330423.415516,2.5988119999999997
805330426.16798,2.647124
805330428.7945559,2.5399849999999997
805330431.466569,2.586789
805330434.626471,3.0813289999999998
805330437.278857,2.5903660000000004
805330439.788311,2.4471789999999998
805330442.6309999,2.7829450000000002
805330445.474837,2.781446
805330448.074315,2.537228
805330450.410014,2.271946
805330453.127141,2.657468
805330455.804986,2.615019
805330458.363915,2.49932
805330460.8974589,2.470217
805330464.035572,3.076109
805330466.5890169,2.4890749999999997
805330468.7611799,2.111291
805330471.5411489,2.7071389999999997
805330473.822401,2.220821
805330476.534701,2.639411
805330479.891693,3.2720879999999997
805330483.170848,3.2111169999999998
805330486.5325611,3.278133
805330489.1705141,2.57652
805330491.982957,2.749507
805330494.689245,2.620994
805330497.7140731,2.963486
805330500.483963,2.707494
805330503.096411,2.549842
805330506.1665341,2.990959
805330508.358163,2.129058
805330511.244113,2.801749
805330514.388309,3.065032
805330517.354486,2.903306
805330520.324236,2.9068129999999996
805330522.769145,2.381456
805330525.7680681,2.921107
805330529.270213,3.417568
805330531.992872,2.659828
805330534.2045519,2.123023
805330536.852142,2.570786
805330539.3139399,2.390361
805330542.480448,3.087429
805330545.0274789,2.483598
805330547.770581,2.680196
805330550.214677,2.383455
805330553.3651681,3.0761130000000003
805330555.8401661,2.411962
805330558.367,2.447448
805330561.47651,3.025093
805330564.346043,2.806741
805330567.098356,2.689101
805330569.54345,2.3850640000000003
805330572.551534,2.923858
805330574.8097271,2.195061
805330577.709329,2.821049
805330579.884339,2.111427
805330583.476523,3.513275
805330586.0734501,2.53368
805330588.3863959,2.250179
805330591.137993,2.666869
805330594.167342,2.950456
805330597.593631,3.342454
805330600.4721531,2.8162019999999997
805330602.66084,2.1258000000000004
805330605.730883,2.990338
805330608.571708,2.76774
805330611.045468,2.41173
805330613.770008,2.663502
805330616.579871,2.735905
805330618.171833,1.521458
805330620.318005,2.066972
805330622.582307,2.180548
805330624.819156,2.156877
805330626.519255,1.615181
805330629.18618,2.593198
805330631.743531,2.49541
805330634.286048,2.496107
805330636.487791,2.15166
805330638.269698,1.7319799999999999
805330639.974591,1.61411
805330641.6341031,1.589231
805330643.1731809,1.479507
805330645.3738049,2.150343
805330647.569334,2.1336079999999997
805330649.5649409,1.940675
805330651.643312,2.020962
805330653.82588,2.1221959999999997
805330656.024928,2.1361779999999997
805330658.289494,2.173995
805330660.8393129,2.489127
805330662.968609,2.073338
805330664.991488,1.973997
805330667.065352,2.0178269999999996
805330669.297651,2.163388
805330672.043926,2.659944
805330673.714919,1.6180050000000001
805330675.945599,2.162337
805330678.230191,2.2037400000000003
805330680.859223,2.570868
805330683.0724881,2.166425
805330684.918122,1.802108
805330687.1028,2.13461
805330689.383596,2.2305129999999997
805330691.2367071,1.792238
805330693.4848369,2.193423
805330695.915617,2.373592
805330698.3219601,2.347311
805330700.674495,2.280929
805330703.129319,2.399371
805330705.4202521,2.236077
805330707.732367,2.2466909999999998
805330709.846897,2.052225
805330712.15268,2.2419729999999998
805330714.6575329,2.4323539999999997
805330717.032663,2.315306
805330719.203318,2.109502
805330721.50398,2.2415149999999997
805330723.618765,2.052239
805330726.092926,2.415505
805330728.394516,2.240322
805330730.666332,2.21332
805330733.324209,2.601731
805330735.743693,2.360623
805330737.973561,2.174299
805330740.057367,2.024769
805330742.180128,2.053804
805330744.4910929,2.255179
805330746.638189,2.088768
805330748.961218,2.2670630000000003
805330750.725456,1.710461
805330753.03619,2.260337
805330755.2207,2.13077
805330757.369213,2.0866890000000002
805330759.825879,2.390938
805330761.540752,1.656358
805330763.9163251,2.330457
805330766.340217,2.377639
805330768.673523,2.268939
805330770.669814,1.952245
805330772.751296,2.003639
805330775.114845,2.307932
805330777.563601,2.3923289999999997
805330779.57051,1.935855
805330781.276026,1.627337
805330783.842887,2.500478
805330786.1697409,2.255676
805330788.743185,2.4913629999999998
805330790.9969419,2.179299
805330793.253907,2.175761
805330795.5270799,2.2111880000000004
805330797.464982,1.809467
805330799.136631,1.593602
805330800.897134,1.690264
805330802.841029,1.8702390000000002
805330804.860311,1.948525
805330807.2600299,2.325425
805330809.477439,2.138394
805330811.6101949,2.049548
805330813.416963,1.727738
805330815.1489321,1.657728
805330817.0187999,1.8023150000000001
805330819.240121,2.151526
805330821.299608,1.979732
805330823.6127089,2.244608
805330826.1649489,2.489163
805330828.395038,2.178913
805330830.8434451,2.396642
805330833.1927071,2.291688
805330835.853359,2.583821
805330838.30085,2.376632
805330840.737925,2.3533069999999996
805330843.093691,2.287979
805330845.644202,2.471346
805330848.1483971,2.425752
805330850.691738,2.463885
805330853.860329,3.089702
805330857.089845,3.152757
805330860.119646,2.97307
805330862.8378099,2.654025
805330865.5514691,2.6535539999999997
805330868.542704,2.928915
805330871.524793,2.9186360000000002
805330873.836962,2.25283
805330876.692852,2.771383
805330879.359091,2.603793
805330881.898183,2.471756
805330885.03763,3.05501
805330887.356884,2.261038
805330889.8610649,2.421674
805330891.9256669,2.002751
805330894.3915291,2.3413660000000003
805330896.880154,2.4048149999999997
805330899.613346,2.641519
805330901.953357,2.277543
805330904.6599491,2.623578
805330907.234773,2.490609
805330909.660203,2.3532029999999997
805330912.792992,3.0488389999999996
805330915.459401,2.603297
805330918.02027,2.501259
805330921.499862,3.394384
805330923.861787,2.299344
805330926.738024,2.79781
805330929.4075999,2.607682
805330931.583326,2.112189
805330934.411527,2.749267
805330937.201463,2.7065919999999997
805330939.533784,2.2683120000000003
805330942.580218,2.980651
805330944.6939601,2.049808
805330947.633062,2.85555
805330950.0167149,2.329186
805330953.002818,2.900915
805330956.160767,3.0736090000000003
805330958.329613,2.1124020000000003
805330961.2152151,2.8164919999999998
805330964.573225,3.286368
805330967.080247,2.444381
805330969.904954,2.756449
805330972.8923501,2.9017560000000002
805330975.518381,2.563564
805330977.9465901,2.369147
805330981.631204,3.6222440000000002
805330985.223278,3.5290719999999998
805330988.129346,2.843025
805330990.835848,2.6209219999999998
805330993.474096,2.561715
805330995.886152,2.3279249999999996
805330998.742704,2.777703
805331001.855457,3.027931
805331004.59017,2.6719109999999997
805331007.593122,2.9398750000000002
805331010.4213829,2.7681060000000004
805331013.153339,2.6691000000000003
805331016.259632,3.021615
805331018.732235,2.40882
805331021.6226059,2.813472
805331023.8030579,2.117711
805331027.178633,3.2967370000000003
805331030.0679821,2.825605
805331032.2809939,2.150071
805331035.0316141,2.6782860000000004
805331037.997545,2.8869920000000002
805331041.3001751,3.217572
805331043.966299,2.604054
805331046.894216,2.844578
805331049.337535,2.3801270000000003
805331052.500411,3.089675
805331054.693437,2.130706
805331057.87495,3.102634
805331060.331255,2.392827
805331063.17009,2.7686859999999998
805331066.2830241,3.03414
805331069.323178,2.977679
805331071.50159,2.116494
805331074.849045,3.269047
805331077.3015159,2.389966
805331080.404572,3.0181129999999996
805331082.929706,2.4622640000000002
805331085.8941491,2.884582
805331088.40078,2.4437249999999997
805331091.033331,2.558683
805331094.344551,3.2321709999999997
805331097.323839,2.916742
805331099.74676,2.359089
805331102.4483011,2.622035
805331105.447018,2.928744
805331109.257687,3.7366360000000003
805331112.418371,3.077145
805331115.306126,2.8249429999999998
805331117.818627,2.452291
805331120.3427241,2.4610909999999997
805331122.497697,2.092006
805331125.014171,2.438538
805331128.167103,3.068305
805331130.527665,2.2961370000000003
805331133.851802,3.254181
805331136.363892,2.453873
805331139.237957,2.8093060000000003
805331142.2298061,2.901075
805331145.167263,2.8742059999999996
805331147.7203931,2.4909760000000003
805331149.863614,2.074044
805331152.800472,2.874292
805331154.908466,2.045163
805331157.556123,2.5677260000000004
805331160.12943,2.497183
805331162.9008961,2.713097
805331165.246814,2.276068
805331167.968572,2.644717
805331170.6363989,2.557656
805331173.36159,2.638424
805331176.1844331,2.737173
805331178.723244,2.453127
805331182.129651,3.32639
805331184.8893831,2.674644
805331187.63253,2.6572470000000004
805331190.72673,3.020203
805331193.407668,2.617265
805331196.303576,2.833783
805331199.117508,2.751256
805331202.0033879,2.8258799999999997
805331204.976375,2.910537
805331207.8509641,2.812284
805331210.616905,2.7057510000000002
805331213.218914,2.5396490000000003
805331215.7219371,2.4403070000000002
805331217.886212,2.103824
805331220.756645,2.808845
805331223.899348,3.07946
805331226.367821,2.408343
805331229.333633,2.879966
805331233.133135,3.7150149999999997
805331236.598925,3.396278
805331240.491344,3.819003
805331243.8645431,3.310313
805331246.599907,2.67563
805331249.0077839,2.345291
805331251.899553,2.822463
805331254.6322911,2.653438
805331257.481585,2.7655250000000002
805331260.308573,2.742216
805331263.5615231,3.1680639999999998
805331266.412449,2.797446
805331269.1057091,2.636704
805331271.925086,2.762661
805331274.6982001,2.718649
805331277.293303,2.532502
805331279.9334409,2.5544029999999998
805331282.73337,2.691396
805331285.663979,2.845185
805331288.3789569,2.652402
805331290.848081,2.406619
805331293.6460509,2.7377700000000003
805331296.073167,2.364009
805331298.691795,2.532657
805331301.978073,3.2076000000000002
805331304.910526,2.868785
805331307.625222,2.6525619999999996
805331310.209254,2.5242329999999997
805331312.7181151,2.446848
805331315.889781,3.0876900000000003
805331318.5519999,2.602449
805331321.8387431,3.201855
805331324.1128291,2.211109
805331326.9668391,2.783616
805331329.6060289,2.580293
805331332.23419,2.565459
805331335.196893,2.8765829999999997
805331338.358099,3.082302
805331341.204662,2.783792
805331343.611336,2.344399
805331346.4102939,2.720269
805331348.736281,2.262975
805331351.629683,2.809522
805331354.4009,2.710646
805331357.826973,3.341104
805331361.795685,3.883733
805331364.405116,2.5476919999999996
805331366.614485,2.146649
805331369.468361,2.774125
805331372.058317,2.527535
805331375.455542,3.3126179999999996
805331378.2774581,2.761626
805331380.8332291,2.493165
805331384.0609651,3.1438859999999997
805331386.240159,2.115751
805331389.098428,2.780795
805331391.63879,2.482944
805331394.5925651,2.875162
805331397.060921,2.4117480000000002
805331398.949443,1.8308980000000001
805331401.689404,2.6615330000000004
805331405.00563,3.24704
805331407.354901,2.286369
805331410.539646,3.1052150000000003
805331412.98696,2.38352
805331416.092261,3.021807
805331418.593174,2.437957
805331421.303099,2.6501620000000004
805331423.9644921,2.577111
805331426.764702,2.691878
805331429.531038,2.693191
805331432.36835,2.7534859999999997
805331435.23701,2.7844889999999998
805331438.162066,2.846203
805331441.188864,2.943474
805331443.681919,2.430124
805331446.282108,2.524909
805331448.8245339,2.47971
805331451.292405,2.405481
805331454.104037,2.7511509999999997
805331456.615891,2.4482459999999997
805331459.345336,2.6664190000000003
805331461.802964,2.39642
805331464.1120011,2.245829
805331466.670944,2.4728879999999998
805331469.796146,3.057724
805331472.331931,2.473309
805331474.803917,2.4078720000000002
805331478.133911,3.252704
805331481.44648,3.248635
805331485.081639,3.561879
805331488.803581,3.638457
805331491.789389,2.9235379999999997
805331494.0394931,2.189724
805331496.8396441,2.717263
805331499.302869,2.401296
805331501.667676,2.304877
805331504.4249461,2.685944
805331507.400465,2.906523
805331510.795095,3.316012
805331513.33568,2.4781400000000002
805331515.97468,2.576765
805331518.5008421,2.442818
805331521.557149,2.97197
805331524.087396,2.466448
805331526.7484319,2.5753310000000003
805331529.959494,3.132334
805331532.6092039,2.587801
805331535.3706241,2.688716
805331537.9082581,2.477283
805331541.030669,3.0380390000000004
805331543.226933,2.133392
805331546.108979,2.803664
805331548.5180581,2.3455160000000004
805331551.821701,3.219758
805331554.577298,2.695757
805331556.75366,2.11299
805331559.756984,2.91804
805331562.166063,2.348574
805331565.082534,2.8323549999999997
805331567.55427,2.408408
805331570.684704,3.050138
805331573.0067611,2.256976
805331575.8009329,2.7204450000000002
805331578.66207,2.7818579999999997
805331581.41708,2.692079
805331584.2398281,2.76117
805331586.6341879,2.331072
805331589.105026,2.393273
805331591.701132,2.514716
805331594.574325,2.794397
805331597.045426,2.4143290000000004
805331600.313449,3.186007
805331602.55284,2.181349
805331605.446874,2.815811
805331609.188246,3.657507
805331611.528255,2.276726
805331613.874323,2.286044
805331615.962942,2.0265690000000003
805331618.4643561,2.4072
805331621.297558,2.74866
805331623.906683,2.547006
805331626.463612,2.496679
805331629.197413,2.6704689999999998
805331631.632278,2.349355
805331634.672659,2.961107
805331637.1726279,2.442303
805331639.262442,2.033411
805331642.3573129,3.024013
805331644.961871,2.547653
805331647.5975231,2.573442
805331650.380954,2.724033
805331652.5041931,2.0591199999999996
805331654.807426,2.219543
805331657.8566159,2.969714
805331660.322538,2.380604
805331663.38742,2.978145
805331665.7901139,2.342574
805331668.169114,2.3163839999999998
805331670.861258,2.605286
805331673.503936,2.561851
805331676.351076,2.761305
805331679.155205,2.719237
805331681.688213,2.453523
805331684.7076299,2.933541
805331687.405657,2.613255
805331690.007395,2.522288
805331693.499938,3.406107
805331696.1082209,2.544926
805331699.262301,3.091494
805331701.80213,2.479494
805331704.528584,2.664369
805331707.467768,2.877049
805331710.027814,2.499841
805331712.604354,2.514154
805331715.263962,2.597593
805331717.486225,2.1527730000000003
805331720.177757,2.634852
805331722.96218,2.7273739999999997
805331725.3611859,2.344358
805331727.389732,1.97152
805331730.542182,3.073181
805331733.716764,3.112543
805331737.169439,3.39064
805331740.423301,3.192529
805331742.578474,2.092893
805331744.8826851,2.2376
805331747.2249091,2.27156
805331749.8188391,2.514516
805331752.8464739,2.940928
805331755.667618,2.736687
805331758.432832,2.685865
805331761.083464,2.58739
805331763.4939071,2.348613
805331765.986472,2.405669
805331769.049107,2.985756
805331771.760568,2.6548700000000003
805331774.473573,2.6580850000000003
805331776.665186,2.1295390000000003
805331779.112535,2.361499
805331781.922909,2.7310440000000002
805331784.8600329,2.8501619999999996
805331787.616968,2.654235
805331790.327204,2.631347
805331792.919034,2.506512
805331795.656453,2.65227
805331798.5124911,2.768576
805331800.788425,2.2177059999999997
805331803.491788,2.6468030000000002
805331805.947011,2.4013530000000003
805331807.854111,1.848728
805331810.2074599,2.294708
805331812.883672,2.6103989999999997
805331815.02774,2.077943
805331817.282179,2.1914629999999997
805331819.51167,2.163838
805331821.736817,2.162125
805331823.944998,2.142596
805331826.545435,2.548989
805331828.868518,2.268919
805331831.179753,2.24407
805331833.374846,2.137515
805331835.551187,2.079383
805331837.976996,2.368972
805331840.298004,2.261033
805331842.635475,2.2751550000000003
805331844.988461,2.273634
805331847.10715,2.070176
805331849.104052,1.951247
805331851.28679,2.085889
805331853.503047,2.158722
805331857.042284,3.470501
805331859.337988,2.239635
805331861.820648,2.404299
805331864.626086,2.721141
805331867.5705819,2.870234
805331870.782451,3.133406
805331873.494647,2.6499610000000002
805331875.810094,2.253262
805331878.148584,2.278786
805331880.7279999,2.5172369999999997
805331883.154159,2.3531250000000004
805331886.014021,2.780496
805331888.8950969,2.805197
805331891.5776371,2.598155
805331894.314896,2.666732
805331897.228537,2.857
805331899.8541559,2.562577
805331902.562006,2.648221
805331905.271335,2.647675
805331907.567882,2.23325
805331909.8976771,2.251292
805331912.5921069,2.614874
805331915.075589,2.396856
805331917.599281,2.443855
805331920.097728,2.412523
805331922.701864,2.517899
805331925.820282,3.04722
805331928.76473,2.887198
805331931.6547871,2.833181
805331934.243232,2.5335140000000003
805331936.636731,2.331715
805331939.308106,2.608083
805331941.6109381,2.2437400000000003
805331944.126049,2.451478
805331946.71245,2.501147
805331949.3854021,2.617596
805331951.575021,2.1334549999999997
805331954.601672,2.95577
805331956.738263,2.079013
805331959.761347,2.947923
805331962.860598,3.020428
805331965.367115,2.4431439999999998
805331967.8734361,2.420391
805331970.323326,2.370114
805331972.650319,2.2382370000000003
805331975.13743,2.3848030000000002
805331977.819019,2.6020589999999997
805331981.0565331,3.174898
805331983.5060769,2.3868880000000003
805331986.329301,2.768553
805331988.663438,2.27724
805331991.4128441,2.691823
805331994.066571,2.598979
805331996.45357,2.329793
805331999.395346,2.857189
805332001.955056,2.4989339999999998
805332004.4499,2.410503
805332007.604621,3.083565
805332010.03334,2.3687259999999997
805332012.664839,2.5741129999999997
805332015.279843,2.530266
805332018.321606,2.958024
805332021.000324,2.622058
805332023.687325,2.629962
805332025.83259,2.084944
805332028.916607,2.997806
805332031.3279309,2.348293
805332034.1728209,2.765539
805332037.752597,3.496096
805332040.2693521,2.4546799999999998
805332042.675956,2.342524
805332045.683975,2.93129
805332048.064964,2.3184329999999997
805332051.2184271,3.0687610000000003
805332054.164698,2.886296
805332056.3342849,2.107267
805332059.2181801,2.8103339999999997
805332061.623306,2.346324
805332064.730822,3.023741
805332067.3218449,2.528312
805332070.53001,3.101873
805332072.764513,2.17103
805332076.2499291,3.4001729999999997
805332078.471617,2.158025
805332081.5517839,3.0028170000000003
805332083.7649729,2.150517
805332086.297625,2.45393
805332089.496149,3.11544
805332092.49889,2.9395540000000002
805332094.7196909,2.157003
805332098.0741119,3.275522
805332100.451163,2.3141089999999997
805332103.292534,2.756865
805332106.626647,3.272765
805332109.682262,2.9725770000000002
805332111.843379,2.09763
805332115.166758,3.244475
805332117.954499,2.724584
805332120.226615,2.210597
805332122.798955,2.487968
805332126.028129,3.150867
805332129.334177,3.243989
805332131.896538,2.49924
805332134.474727,2.4993760000000003
805332137.412117,2.852432
805332140.1187451,2.6217189999999997
805332142.955325,2.764186
805332145.8705931,2.836114
805332148.897,2.943444
805332151.4891211,2.528578
805332154.622612,3.054497
805332157.06924,2.3845530000000004
805332159.4669319,2.334771
805332162.18001,2.653469
805332164.466985,2.225026
805332166.984091,2.451253
805332169.491776,2.444477
805332171.879946,2.321631
805332174.2630811,2.3176870000000003
805332176.6463059,2.2959069999999997
805332178.916847,2.1861960000000003
805332181.543429,2.547438
805332183.905365,2.3056959999999997
805332186.561687,2.602757
805332189.26789,2.6494079999999998
805332191.8957709,2.57173
805332194.071856,2.1178619999999997
805332196.625312,2.48031
805332199.953191,3.240356
805332202.499495,2.443945
805332205.323842,2.760803
805332207.323402,1.935637
805332209.985266,2.5798769999999998
805332212.3772911,2.305067
805332214.8174211,2.352017
805332217.716026,2.824557
805332220.19532,2.4213709999999997
805332222.9084891,2.654769
805332225.21562,2.2512119999999998
805332227.424223,2.138219
805332230.042009,2.552589
805332232.201788,2.090162
805332234.432673,2.162645
805332236.449018,1.950822
805332238.509125,1.990044
805332241.300279,2.674985
805332244.0288291,2.667881
805332246.163141,2.0676069999999998
805332247.722079,1.499345
805332249.694223,1.912112
805332251.674798,1.917389
805332254.079033,2.344161
805332255.503487,1.36461
805332258.06882,2.485973
805332260.7338351,2.580664
805332263.0475531,2.24998
805332265.770899,2.644859
805332268.349934,2.5164940000000002
805332270.513128,2.10305
805332272.223223,1.6621240000000002
805332274.205079,1.9334820000000001
805332276.869743,2.58743
805332278.869616,1.937409
805332281.231528,2.3001039999999997
805332283.284481,1.996018
805332286.1200681,2.7557110000000002
805332288.6371449,2.460858
805332290.68883,1.994788
805332292.897234,2.149273
805332295.691689,2.732139
805332298.0142211,2.2657559999999997
805332300.387942,2.313889
805332303.0787671,2.606219
805332306.043401,2.885554
805332308.455762,2.343608
805332310.9585861,2.41763
805332313.901328,2.8642749999999997
805332316.66365,2.67759
805332319.5153799,2.766928
805332322.193692,2.610789
805332325.2382009,2.960483
805332327.989042,2.678077
805332330.796864,2.696228
805332333.7895681,2.915559
805332336.5695009,2.6953620000000003
805332339.1068801,2.451263
805332342.451979,3.2662709999999997
805332344.920672,2.405743
805332347.9508231,2.945514
805332351.0893769,3.0523730000000002
805332353.570935,2.419148
805332357.1704359,3.514914
805332359.734637,2.500583
805332362.1805681,2.380163
805332364.9340141,2.669361
805332367.218574,2.222921
805332370.277286,2.9899620000000002
805332373.077115,2.737374
805332375.392482,2.252746
805332377.911002,2.439345
805332380.840202,2.8572379999999997
805332383.927897,3.002261
805332386.680009,2.691768
805332388.805985,2.0683540000000002
805332391.41578,2.549867
805332393.914017,2.441184
805332396.4098179,2.436287
805332399.127009,2.640537
805332401.702445,2.495812
805332404.054798,2.2763430000000002
805332406.777261,2.638254
805332409.324865,2.48737
805332412.1161389,2.706548
805332414.798245,2.6109739999999997
805332417.767714,2.889829
805332421.102469,3.250624
805332423.8344109,2.669622
805332426.5578469,2.6437399999999998
805332429.516852,2.871912
805332432.2084551,2.607276
805332434.9309239,2.635662
805332437.481388,2.4703619999999997
805332440.551512,2.9849249999999996
805332443.309103,2.685032
805332446.0166171,2.628019
805332448.72339,2.6216540000000004
805332451.546163,2.737058
805332454.229717,2.603813
805332457.3572999,3.041969
805332460.020075,2.5799469999999998
805332462.4916099,2.406719
805332464.881465,2.330662
805332467.403478,2.460059
805332469.869495,2.4062129999999997
805332472.445155,2.513841
805332474.7038469,2.202549
805332477.379421,2.622475
805332480.587006,3.150424
805332484.049142,3.4051609999999997
805332487.712979,3.600294
805332490.5889759,2.816393
805332493.329141,2.678486
805332496.1020279,2.709745
805332498.162927,1.9975359999999998
805332500.902116,2.6618589999999998
805332503.960141,2.975839
805332506.302455,2.253151
805332509.1744521,2.80884
805332511.6378591,2.40062
805332514.057057,2.3594839999999997
805332516.793576,2.674794
805332519.143993,2.298376
805332521.7242551,2.530374
805332524.995995,3.1877530000000003
805332527.110912,2.0625869999999997
805332529.398214,2.2224969999999997
805332532.3511549,2.869512
805332534.383708,1.9685890000000001
805332537.267007,2.806044
805332539.7970841,2.467271
805332542.6377779,2.7617309999999997
805332545.016326,2.314644
805332547.156149,2.077166
805332549.7292451,2.494689
805332553.206016,3.3931310000000003
805332555.353722,2.0855460000000003
805332558.172337,2.740532
805332560.27187,2.042288
805332562.6808289,2.352187
805332564.981876,2.2371890000000003
805332567.022646,1.956823
805332568.5055529,1.421283
805332570.58776,2.029895
805332572.085717,1.4186489999999998
805332574.1788819,2.0264599999999997
805332576.890033,2.6311910000000003
805332578.876947,1.935627
805332580.791004,1.8496789999999999
805332583.45539,2.511549
805332586.053828,2.540652
805332588.3027409,2.192093
805332590.520756,2.161531
805332592.491434,1.916156
805332594.8639431,2.287823
805332597.684892,2.742066
805332600.367515,2.610012
805332602.8783,2.449873
805332606.5517789,3.582533
805332610.1326121,3.5118329999999998
805332613.427093,3.23162
805332616.14449,2.654381
805332618.9424161,2.713198
805332621.7953889,2.774746
805332624.6842711,2.825915
805332626.896282,2.1489439999999997
805332629.603986,2.628791
805332632.580728,2.892315
805332635.58578,2.9424960000000002
805332638.1698271,2.523957
805332640.612335,2.379596
805332643.8049201,3.107731
805332646.225492,2.365693
805332649.0846859,2.783654
805332651.8478719,2.6968550000000002
805332654.679471,2.760463
805332657.820299,3.056667
805332660.474064,2.591776
805332662.993029,2.457146
805332665.482731,2.430269
805332667.589247,2.043474
805332670.5969499,2.929166
805332673.095052,2.4351
805332675.983318,2.804211
805332678.399017,2.32986
805332681.426357,2.9416149999999996
805332683.857227,2.368821
805332686.729225,2.80628
805332689.194992,2.404103
805332691.412415,2.161633
805332694.159488,2.6766039999999998
805332696.349371,2.113137
805332698.809155,2.394616
805332701.483338,2.6189630000000004
805332704.030245,2.489302
805332706.3911979,2.2966979999999997
805332708.9132199,2.444582
805332711.92991,2.94385
805332714.689646,2.699345
805332717.63745,2.884602
805332720.294823,2.594627
805332723.092778,2.724123
805332725.915972,2.7445809999999997
805332728.4749761,2.496353
805332733.137633,4.600036
805332738.205805,4.994565000000001
805332743.218226,4.93895
805332746.4612269,3.171474
805332748.641885,2.117926
805332751.50396,2.776927
805332754.52125,2.938562
805332757.58098,2.996472
805332760.1432071,2.499085
805332763.1497769,2.9213669999999996
805332766.282457,3.053105
805332768.61154,2.266308
805332771.718034,3.0063310000000003
805332774.336085,2.5570340000000003
805332777.457463,3.036355
805332780.11472,2.594161
805332783.195269,2.996227
805332786.18226,2.9266650000000003
805332788.504472,2.259576
805332791.3323461,2.757646
805332794.107248,2.7144299999999997
805332796.6692879,2.477148
805332800.0310171,3.287426
805332802.751977,2.656996
805332805.074525,2.2617420000000004
805332808.032703,2.87316
805332810.6850051,2.5877660000000002
805332812.886316,2.142198
805332815.573292,2.612442
805332818.5851251,2.932122
805332821.2201611,2.561474
805332824.128518,2.8195360000000003
805332826.6016669,2.388852
805332828.165163,1.494876
805332830.4231,2.182872
805332832.3612931,1.858618
805332834.239181,1.797641
805332836.9190869,2.620361
805332839.2411109,2.2599780000000003
805332841.6423811,2.340275
805332844.152454,2.458854
805332846.461921,2.256516
805332848.604211,2.081325
805332850.799227,2.116072
805332853.045272,2.1828030000000003
805332856.657102,3.5264670000000002
805332860.475679,3.735318
805332863.716094,3.177699
805332867.63518,3.8534379999999997
805332871.4997491,3.779365
805332874.884555,3.321914
805332877.956217,2.9988979999999996
805332880.442577,2.423173
805332882.5695399,2.064607
805332885.8676139,3.218744
805332888.7742331,2.822187
805332891.6400001,2.7928129999999998
805332894.7915219,3.072908
805332897.505707,2.65746
805332900.09519,2.511971
805332902.572645,2.418109
805332905.115459,2.486373
805332907.4408189,2.2157999999999998
805332910.0074409,2.486405
805332912.492121,2.4006700000000003
805332915.136724,2.559424
805332917.755456,2.539568
805332919.4668809,1.62189
805332921.592396,2.045999
805332923.792685,2.115055
805332926.34615,2.4743220000000004
805332928.747941,2.31758
805332930.954771,2.137864
805332932.6041019,1.570478
805332934.539511,1.864712
805332936.8387749,2.2444159999999997
805332939.558889,2.66335
805332942.14315,2.529778
805332944.1215,1.921892
805332946.4799141,2.297581
805332948.732724,2.1821010000000003
805332950.9472871,2.1436979999999997
805332953.714406,2.712468
805332955.9736739,2.201847
805332958.571163,2.5198120000000004
805332961.173242,2.544669
805332963.8418721,2.6119250000000003
805332966.516623,2.6216019999999998
805332969.266341,2.685944
805332971.601489,2.272191
805332974.3476931,2.667185
805332977.428833,2.99753
805332980.309371,2.818584
805332982.819165,2.445805
805332985.942577,3.046483
805332988.24977,2.24397
805332991.11437,2.790464
805332994.525654,3.33226
805332997.245101,2.656756
805332999.484596,2.176964
805333002.805413,3.242199
805333005.259938,2.392436
805333007.806619,2.472438
805333010.413539,2.528217
805333013.361945,2.864002
805333016.111203,2.692269
805333018.225382,2.0565729999999998
805333020.84357,2.564602
805333023.173921,2.263748
805333025.5502399,2.3192030000000003
805333027.836709,2.2180199999999997
805333030.74254,2.823905
805333033.096732,2.290012
805333035.6554911,2.488921
805333037.978961,2.264583
805333040.048009,2.006196
805333042.987646,2.8516280000000003
805333045.458555,2.416306
805333047.441866,1.927311
805333050.277665,2.7577320000000003
805333053.116679,2.7817380000000003
805333055.460041,2.286324
805333057.92664,2.4023790000000003
805333060.0782,2.083752
805333062.291428,2.145215
805333064.589604,2.2340720000000003
805333066.760595,2.086448
805333068.882326,2.042476
805333071.2650859,2.2992630000000003
805333073.27359,1.953719
805333075.7283059,2.396029
805333078.163121,2.3560659999999998
805333079.6582689,1.437371
805333081.7312039,2.01742
805333083.988776,2.1747
805333086.100894,1.994611
805333087.5674311,1.3954440000000001
805333089.907618,2.268433
805333092.5307649,2.53893
805333094.890628,2.2951799999999998
805333097.167162,2.2053670000000003
805333099.527418,2.275558
805333101.996608,2.3904009999999998
805333104.965538,2.883913
805333107.603063,2.567739
805333109.205971,1.5384579999999999
805333110.816421,1.542134
805333112.949598,2.083489
805333115.228407,2.221908
805333118.153957,2.871012
805333120.71367,2.503333
805333122.791652,2.020785
805333125.156194,2.309943
805333127.953555,2.740364
805333130.47459,2.44292
805333133.591458,3.055154
805333136.54062,2.885439
805333139.45031,2.8474500000000003
805333142.42207,2.911094
805333145.1614239,2.677601
805333147.9934131,2.7692680000000003
805333150.9811851,2.9001080000000004
805333153.6029251,2.561314
805333155.8502281,2.185158
805333158.705842,2.7768710000000003
805333161.939898,3.150516
805333164.5709591,2.568285
805333167.252283,2.617806
805333169.5729669,2.2604740000000003
805333172.733256,3.076208
805333175.089527,2.29355
805333178.053012,2.885234
805333180.528477,2.412092
805333183.7594,3.147278
805333186.1367409,2.315963
805333189.267857,3.047928
805333192.270363,2.940387
805333194.490082,2.156336
805333197.070015,2.5028680000000003
805333200.225036,3.0708100000000003
805333202.4184331,2.1300049999999997
805333205.188789,2.693562
805333207.89262,2.6190789999999997
805333210.7580271,2.786668
805333213.406103,2.584783
805333216.049865,2.580895
805333218.9792761,2.866505
805333221.534095,2.495085
805333224.451859,2.833543
805333226.5971789,2.082119
805333229.957745,3.2820229999999997
805333233.295948,3.254384
805333236.545575,3.178987
805333239.798729,3.183057
805333243.437418,3.56006
805333246.5290769,3.02321
805333249.286302,2.69516
805333251.166946,1.818053
805333254.169813,2.9439650000000004
805333256.532353,2.2948619999999997
805333258.877536,2.2911289999999997
805333261.2450681,2.315713
805333263.523499,2.2015070000000003
805333265.799042,2.196484
805333268.1176699,2.2251369999999997
805333270.018162,1.8320319999999999
805333271.566783,1.470222
805333273.549029,1.903257
805333275.397087,1.764518
805333277.867589,2.405396
805333280.057059,2.1383710000000002
805333282.271267,2.147814
805333284.14231,1.821535
805333286.727672,2.516754
805333288.651385,1.873771
805333291.258458,2.523396
805333293.091428,1.782629
805333295.4964069,2.3204919999999998
805333297.800456,2.25412
805333300.4226351,2.553371
805333302.563717,2.085055
805333304.364598,1.747389
805333306.28724,1.84505
805333308.650905,2.285139
805333376.232262,67.523698
805333380.304739,3.987144
805333384.047915,3.6729279999999997
805333387.869208,3.741457
805333390.741721,2.804565
805333393.162037,2.358397
805333396.0355331,2.811101
805333398.3684851,2.268056
805333401.348644,2.902498
805333403.723629,2.312805
805333407.278206,3.475909
805333409.820577,2.478437
805333412.372484,2.468177
805333415.592606,3.136032
805333418.116468,2.464338
805333420.28591,2.1063549999999998
805333423.805877,3.4361460000000004
805333426.510198,2.6443280000000002
805333429.682189,3.088216
805333432.049371,2.30417
805333434.870616,2.7349840000000003
805333437.64642,2.714942
805333440.181197,2.470613
805333442.43103,2.185945
805333445.121034,2.613385
805333448.280226,3.075562
805333450.5586059,2.215148
805333453.312217,2.676122
805333456.754753,3.357628
805333458.933046,2.1145140000000002
805333462.248942,3.236732
805333464.517675,2.2046040000000002
805333467.0654019,2.4622390000000003
805333470.318573,3.1751739999999997
805333472.847681,2.466418
805333475.646468,2.736141
805333478.091812,2.385404
805333482.032463,3.856144
805333485.648343,3.540209
805333488.26447,2.5531960000000002
805333490.42285,2.095414
805333493.0156881,2.515888
805333496.0713329,2.971474
805333498.58233,2.447353
805333501.501958,2.842588
805333504.375776,2.81075
805333507.1983479,2.749091
805333510.150732,2.882942
805333512.90242,2.689628
805333515.583819,2.618277
805333518.132954,2.489416
805333520.9570401,2.738482
805333523.169607,2.149185
805333526.329771,3.0813099999999998
805333528.791067,2.398705
805333531.5720019,2.69489
805333534.477443,2.841381
805333537.592617,3.052698
805333539.8287491,2.173772
805333542.80287,2.9047899999999998
805333545.659417,2.7932099999999997
805333547.96914,2.2463460000000004
805333550.508412,2.4304650000000003
805333553.467552,2.875495
805333556.034043,2.503223
805333558.705732,2.607901
805333561.17592,2.415581
805333563.7739689,2.541666
805333566.218794,2.387788
805333568.549864,2.267306
805333571.261953,2.646288
805333573.78899,2.469931
805333576.049898,2.196518
805333578.287006,2.169162
805333580.270813,1.923331
805333582.269434,1.9319330000000001
805333584.872826,2.523942
805333586.8993239,1.9627849999999998
805333589.283586,2.324382
805333591.165058,1.81862
805333593.134519,1.9021190000000001
805333595.718114,2.4994449999999997
805333598.448746,2.651926
805333600.7998669,2.299163
805333603.007584,2.155047
805333606.103986,3.046887
805333609.4150461,3.245367
805333611.883831,2.399886
805333614.715836,2.7723410000000004
805333617.539727,2.738537
805333620.5226619,2.920736
805333623.332471,2.73567
805333626.188203,2.7954619999999997
805333629.337874,3.075946
805333631.9813141,2.581305
805333634.903008,2.82572
805333638.265272,3.276089
805333641.412565,3.085399
805333644.340277,2.8629670000000003
805333646.911184,2.5077049999999996
805333649.935842,2.9578569999999997
805333652.559456,2.546355
805333655.4187241,2.788919
805333658.316246,2.830857
805333661.410381,3.0189589999999997
805333664.712314,3.233965
805333667.519812,2.7452330000000003
805333670.4486871,2.870048
805333673.412172,2.902789
805333676.3359749,2.8635930000000003
805333679.388494,2.99069
805333682.405373,2.958323
805333685.76228,3.295223
805333688.848802,3.024428
805333691.738822,2.82771
805333694.879625,3.0824429999999996
805333697.916873,2.953462
805333700.498695,2.477905
805333703.562453,2.9780290000000003
805333706.594118,2.944251
805333709.3439821,2.662161
805333712.475001,3.0689979999999997
805333714.3060241,1.783305
805333716.887548,2.5282299999999998
805333718.698438,1.758487
805333721.628055,2.8787890000000003
805333724.673295,2.979938
805333727.443431,2.7251950000000003
805333730.833449,3.320681
805333734.485398,3.569142
805333738.031902,3.465688
805333740.6872649,2.552882
805333743.3997711,2.617897
805333745.985487,2.4950900000000003
805333748.831293,2.76135
805333751.557356,2.6410240000000003
805333754.1894549,2.555927
805333757.482709,3.208978
805333760.281425,2.70799
805333762.923492,2.556628
805333765.464494,2.45885
805333768.043785,2.494138
805333770.614516,2.479748
805333773.923275,3.230522
805333776.817094,2.83028
805333779.440378,2.556869
805333782.457769,2.957141
805333784.820957,2.2777589999999996
805333787.166894,2.283066
805333790.034185,2.788628
805333792.524409,2.4265250000000003
805333795.523678,2.9149979999999998
805333798.025068,2.441891
805333801.177217,3.067948
805333803.5121839,2.272647
805333806.814073,3.22318
805333809.2994211,2.422671
805333812.217069,2.8323300000000002
805333815.101962,2.800456
805333818.3194679,3.138639
805333821.116091,2.735645
805333824.055105,2.8767139999999998
805333826.1616801,2.0419650000000003
805333828.7100179,2.4887
805333831.499949,2.725803
805333833.877426,2.309767
805333835.933774,1.987079
805333838.3163339,2.285233
805333840.795194,2.409569
805333843.3979671,2.517169
805333845.926112,2.456615
805333848.834885,2.823865
805333851.7338151,2.836435
805333855.202307,3.4087129999999997
805333858.748244,3.483231
805333862.448826,3.6381170000000003
805333865.975016,3.463083
805333869.070083,3.032641
805333871.6754249,2.520013
805333874.579377,2.825604
805333877.047824,2.4049750000000003
805333879.8628839,2.751977
805333883.1058561,3.164108
805333885.298692,2.129675
805333888.127589,2.7347360000000003
805333890.519707,2.334528
805333892.715039,2.1287849999999997
805333895.623303,2.8148829999999996
805333898.382356,2.705135
805333900.8841181,2.4452570000000002
805333903.283956,2.336345
805333906.275562,2.912557
805333908.3333889,1.9940579999999999
805333911.3336099,2.9158299999999997
805333913.57726,2.182617
805333916.710641,3.047977
805333919.163778,2.391268
805333921.278387,2.05513
805333923.408141,2.0538420000000004
805333925.84517,2.357084
805333928.3282881,2.395378
805333930.89767,2.4854030000000003
805333933.64821,2.670684
805333936.192885,2.459899
805333938.9119121,2.633893
805333941.732782,2.750338
805333944.931607,3.142161
805333947.828155,2.839443
805333950.764774,2.882348
805333953.166991,2.345564
805333955.6906871,2.442898
805333958.2931371,2.523231
805333960.7286279,2.3714220000000004
805333963.3383499,2.547586
805333965.6816549,2.282339
805333968.3989741,2.665571
805333970.81107,2.3589919999999998
805333973.16422,2.303147
805333975.454668,2.223367
805333977.867071,2.333253
805333981.374918,3.423046
805333984.603341,3.144497
805333988.360294,3.685748
805333991.325579,2.903034
805333994.5616391,3.16326
805333998.398167,3.753009
805334002.092114,3.631742
805334005.5599439,3.405725
805334007.7841741,2.16205
805334010.902499,3.039497
805334013.254426,2.289085
805334016.655931,3.316474
805334019.006385,2.2940500000000004
805334022.077466,2.999695
805334025.2696891,3.108467
805334027.893564,2.5676750000000004
805334030.023594,2.070135
805334032.927405,2.8202269999999996
805334035.072054,2.081116
805334038.140659,2.989009
805334040.852574,2.654662
805334042.930528,2.020862
805334046.007943,2.998842
805334048.685974,2.6156
805334051.170505,2.4212629999999997
805334054.157636,2.9080019999999998
805334056.593357,2.373622
805334059.836373,3.164939
805334062.589454,2.6934020000000003
805334065.0878811,2.4346039999999998
805334068.2709241,3.099157
805334070.691455,2.3573589999999998
805334073.8058469,3.036666
805334076.110468,2.242016
805334079.308395,3.124851
805334082.213615,2.845256
805334084.6743001,2.397668
805334087.821643,3.061795
805334090.848261,2.9480999999999997
805334093.4270099,2.515086
805334096.256354,2.767134
805334098.780326,2.461025
805334101.349904,2.491827
805334104.789197,3.355433
805334108.745806,3.87528
805334112.67305,3.857542
805334115.234359,2.498282
805334118.008835,2.71402
805334120.126406,2.0546140000000004
805334123.347746,3.1369890000000002
805334126.111943,2.7029929999999998
805334129.310246,3.123894
805334132.101114,2.718891
805334134.903269,2.716536
805334137.544168,2.582011
805334140.139315,2.53821
805334142.473517,2.276505
805334145.437114,2.886685
805334147.2913849,1.796766
805334150.226159,2.856286
805334152.96207,2.6730140000000002
805334155.246273,2.2221290000000002
805334158.299292,2.974476
805334160.300913,1.9380529999999998
805334163.092839,2.707785
805334165.522953,2.370043
805334168.483432,2.876579
805334170.968794,2.405127
805334173.631159,2.59108
805334176.361727,2.6640829999999998
805334178.946418,2.499869
805334181.783581,2.777736
805334184.6166329,2.7491410000000003
805334186.987564,2.30848
805334189.203835,2.156416
805334191.669175,2.40316
805334193.657938,1.9285999999999999
805334196.062814,2.348613
805334198.39541,2.274584
805334200.714678,2.264681
805334202.880409,2.109436
805334205.6629571,2.710428
805334208.561245,2.820131
805334211.257011,2.638398
805334214.106148,2.77
805334216.709879,2.54622
805334218.956585,2.190039
805334221.908639,2.871617
805334224.404576,2.4099809999999997
805334227.1142911,2.6227970000000003
805334230.14176,2.947433
805334233.03643,2.8096520000000003
805334235.393183,2.27162
805334237.839189,2.36622
805334240.930422,3.006996
805334243.692308,2.699942
805334246.745849,2.99311
805334249.578905,2.770821
805334252.782455,3.1413349999999998
805334255.658892,2.8133250000000003
805334258.304989,2.5857710000000003
805334261.099827,2.7313300000000003
805334263.76379,2.6013770000000003
805334265.916911,2.09831
805334268.4640601,2.4706379999999997
805334271.032766,2.478479
805334273.816588,2.7038510000000002
805334276.6625451,2.76132
805334279.303569,2.5777970000000003
805334281.852469,2.489677
805334284.279,2.3638850000000002
805334286.802516,2.460214
805334288.977821,2.1147489999999998
805334291.468341,2.406128
805334294.332595,2.785907
805334297.3261,2.931568
805334299.3993781,2.016152
805334302.245368,2.767112
805334304.816267,2.513064
805334307.512561,2.610544
805334310.497366,2.905891
805334313.4546319,2.895051
805334316.599349,3.082688
805334319.186689,2.525106
805334322.3737551,3.108287
805334324.83681,2.400324
805334327.6680031,2.759686
805334329.886459,2.156692
805334332.881613,2.910167
805334335.410331,2.455517
805334338.187097,2.697472
805334340.811649,2.539358
805334343.303807,2.408047
805334346.435378,3.053264
805334348.969013,2.4713249999999998
805334351.719934,2.687669
805334354.643903,2.863944
805334358.1730599,3.467228
805334360.9384689,2.702181
805334363.7915429,2.790874
805334366.0741179,2.22228
805334369.341576,3.180571
805334371.651329,2.245955
805334374.392122,2.658626
805334377.54349,3.0667210000000003
805334379.950024,2.343211
805334382.819129,2.761866
805334385.26292,2.3808369999999996
805334387.4257,2.0944689999999997
805334389.152148,1.655715
805334391.1919961,1.964323
805334393.958316,2.643024
805334396.322776,2.3082570000000002
805334398.74471,2.359144
805334401.1272761,2.3216040000000002
805334403.149123,1.970472
805334405.211235,2.001398
805334407.13762,1.862841
805334409.127784,1.909622
805334411.49791,2.2989759999999997
805334413.609487,2.054897
805334416.0884191,2.413051
805334418.5215169,2.366218
805334420.606383,2.016449
805334423.1420281,2.451536
805334425.498731,2.285574
805334428.106854,2.5311
805334430.516158,2.322949
805334433.15287,2.557915
805334435.870614,2.660491
805334438.659189,2.733986
805334441.245712,2.523586
805334443.5070779,2.18362
805334446.219233,2.633102
805334448.531568,2.225888
805334450.762918,2.1471989999999996
805334453.059496,2.216286
805334455.8323181,2.686205
805334458.648841,2.736587
805334461.198591,2.465306
805334463.6783179,2.402968
805334467.0239719,3.2561299999999997
805334469.644915,2.5631679999999997
805334472.558731,2.8570670000000002
805334475.7107661,3.089204
805334478.556828,2.786459
805334482.286823,3.666858
805334485.297443,2.947743
805334488.644853,3.2852300000000003
805334491.759571,3.0525029999999997
805334494.4549321,2.634966
805334497.3980601,2.87983
805334500.1095691,2.649048
805334502.7735419,2.6016630000000003
805334505.808834,2.9751869999999996
805334508.3750451,2.502979
805334511.4961331,3.0342860000000003
805334513.911847,2.3550289999999996
805334517.1325021,3.136454
805334519.6583941,2.462729
805334522.193076,2.455764
805334525.0097749,2.732739
805334527.813368,2.7422549999999997
805334530.2956779,2.421829
805334533.198297,2.8177559999999997
805334536.340479,3.058377
805334538.706062,2.301343
805334541.825866,3.043386
805334544.258641,2.370911
805334547.024737,2.681162
805334550.0595291,2.9555670000000003
805334552.5166451,2.394576
805334554.632848,2.053682
805334557.7247269,3.013046
805334560.448229,2.661467
805334562.783316,2.27158
805334565.54862,2.686501
805334568.076813,2.4590419999999997
805334570.924679,2.762428
805334573.548268,2.563795
805334575.8918151,2.280014
805334578.874505,2.904042
805334581.518998,2.581461
805334583.8440521,2.2618970000000003
805334586.787631,2.864866
805334589.858592,3.008495
805334592.075855,2.154452
805334594.9528091,2.792236
805334597.805206,2.792683
805334600.275288,2.407436
805334603.027677,2.679564
805334606.821255,3.714514
805334609.856879,2.951588
805334612.76253,2.84292
805334615.155096,2.328933
805334618.1803,2.945934
805334620.465601,2.2227959999999998
805334623.534793,2.984982
805334626.3996949,2.804115
805334629.571059,3.0587370000000003
805334632.567767,2.915724
805334635.393968,2.763159
805334638.036235,2.582183
805334640.207662,2.108801
805334643.111017,2.818929
805334645.557569,2.38568
805334648.588652,2.947454
805334650.877141,2.2253770000000004
805334653.975345,3.0191100000000004
805334656.157842,2.11914
805334659.259614,3.017135
805334661.668052,2.3482070000000004
805334664.80422,3.051526
805334667.080069,2.213078
805334669.591402,2.4323080000000004
805334672.606949,2.931075
805334675.174598,2.504647
805334677.707796,2.4738300000000004
805334680.890127,3.098035
805334683.414921,2.462223
805334686.522727,3.0291129999999997
805334689.23805,2.651975
805334691.71173,2.410017
805334694.438861,2.6480010000000003
805334697.417056,2.894124
805334699.6958921,2.2154879999999997
805334702.751457,2.9766760000000003
805334705.1429,2.3112369999999998
805334708.07558,2.849129
805334710.545496,2.406043
805334712.8526831,2.247313
805334715.426697,2.48891
805334718.5309991,3.035373
805334721.081289,2.493879
805334723.425242,2.2868329999999997
805334726.326939,2.823144
805334728.54594,2.162675
805334732.217214,3.587735
805334735.4784881,3.197425
805334739.321848,3.769809
805334741.569496,2.185003
805334744.775622,3.121078
805334747.146141,2.3079289999999997
805334749.825174,2.5998639999999997
805334753.004743,3.094651
805334755.9794351,2.912642
805334758.899921,2.834947
805334761.270967,2.307458
805334763.924781,2.570199
805334766.557107,2.5727789999999997
805334769.454709,2.844191
805334772.098044,2.579486
805334774.9272959,2.761101
805334777.720289,2.714222
805334779.8410629,2.066897
805334782.2848231,2.376459
805334784.339447,1.9900790000000002
805334786.718612,2.312946
805334789.24274,2.4603289999999998
805334791.514354,2.204799
805334793.7645739,2.170739
805334796.038524,2.1904
805334798.805793,2.680738
805334801.599508,2.7142899999999996
805334804.091746,2.429176
805334806.7167751,2.562495
805334809.2601521,2.4884769999999996
805334811.7540851,2.437739
805334814.634125,2.825345
805334817.070838,2.375025
805334819.6156441,2.482425
805334822.048018,2.371251
805334823.929384,1.80393
805334826.5260099,2.448446
805334828.744105,2.133067
805334831.560843,2.732964
805334833.762943,2.147011
805334835.627418,1.807852
805334837.9464179,2.2397
805334840.2617041,2.229641
805334842.536476,2.211568
805334845.160808,2.5459850000000004
805334847.999554,2.7835609999999997
805334850.435768,2.327398
805334853.1370931,2.6467769999999997
805334856.477077,3.2835870000000003
805334859.1253439,2.5853400000000004
805334862.5745151,3.382852
805334865.8949759,3.235715
805334869.02923,3.050669
805334871.684377,2.586071
805334874.076608,2.33193
805334877.110031,2.9634359999999997
805334879.5606121,2.387239
805334882.129219,2.4993250000000002
805334885.19888,3.000506
805334887.7221429,2.471507
805334889.3219119,1.532926
805334891.495029,2.104588
805334893.0103309,1.450832
805334895.2710351,2.1939830000000002
805334898.028676,2.678011
805334900.52975,2.439445
805334902.8467051,2.2543189999999997
805334905.542026,2.634865
805334907.826106,2.2205839999999997
805334909.794037,1.8965029999999998
805334912.670698,2.7199250000000004
805334915.461301,2.7299130000000003
805334918.210587,2.6948839999999996
805334920.515558,2.248663
805334922.617362,2.034116
805334924.779747,2.082945
805334927.216601,2.3524230000000004
805334929.494165,2.198354
805334931.85182,2.272732
805334934.613935,2.68343
805334936.751654,2.088675
805334939.881908,3.0398270000000003
805334942.1537391,2.2254169999999998
805334943.714272,1.497288
805334945.894699,2.100696
805334948.0782679,2.1007819999999997
805334950.577974,2.435973
805334953.108071,2.469807
805334955.74971,2.566372
805334957.798604,1.993966
805334960.198981,2.3272190000000004
805334962.4778119,2.212721
805334964.688007,2.153266
805334966.905053,2.157572
805334969.14565,2.1832230000000004
805334971.3670521,2.16039
805334973.519954,2.080507
805334975.663141,2.0833079999999997
805334977.901428,2.174824
805334980.755887,2.7883370000000003
805334983.7896551,2.9785269999999997
805334986.876677,3.034994
805334988.979063,2.0358609999999997
805334991.204464,2.1707929999999998
805334993.3849441,2.117296
805334995.8322611,2.392562
805334997.623216,1.738884
805334999.9404861,2.250776
805335002.134525,2.1096470000000003
805335004.054536,1.8536620000000001
805335006.4771581,2.359894
805335008.739466,2.216937
805335010.750914,1.9574979999999997
805335012.8623201,2.032398
805335014.8469009,1.921475
805335016.8310131,1.911454
805335019.271419,2.385921
805335021.537476,2.2024190000000003
805335023.837382,2.214726
805335025.401448,1.5038099999999999
805335026.731858,1.2380589999999998
805335028.6031749,1.8039239999999999
805335031.023755,2.3426340000000003
805335033.499976,2.397332
805335036.344056,2.7495979999999998
805335038.0164659,1.596754
805335040.136935,2.048166
805335042.343879,2.122793
805335044.411202,1.9867869999999999
805335046.201333,1.7151239999999999
805335048.78699,2.531876
805335050.868994,2.02522
805335053.500349,2.576162
805335056.314906,2.757285
805335058.692635,2.320664
805335061.003416,2.255966
805335063.97443,2.91378
805335066.6123329,2.5569360000000003
805335069.322645,2.647805
805335071.8584499,2.472709
805335073.988359,2.069268
805335076.331598,2.258454
805335078.6599671,2.251738
805335081.111085,2.372098
805335083.633052,2.428441
805335086.064333,2.351872
805335088.445483,2.2958499999999997
805335090.856993,2.33196
805335093.3366671,2.400114
805335096.1304929,2.709304
805335099.016297,2.798978
805335101.616593,2.5202050000000003
805335104.771752,3.0785769999999997
805335107.579261,2.7298
805335110.1042409,2.445464
805335112.981171,2.7915409999999996
805335115.607185,2.5361200000000004
805335118.838374,3.1525160000000003
805335121.437466,2.536261
805335124.3981899,2.897893
805335127.207441,2.7470060000000003
805335129.9720939,2.7049190000000003
805335132.539242,2.505309
805335135.509718,2.91261
805335138.3522611,2.788801
805335141.3474201,2.938018
805335144.204561,2.800024
805335146.778655,2.517338
805335149.292157,2.4590359999999998
805335151.959513,2.603558
805335154.881451,2.8398220000000003
805335157.797311,2.8533690000000003
805335160.389522,2.528899
805335163.1945441,2.742416
805335165.7918819,2.538005
805335168.793155,2.938938
805335171.69852,2.84309
805335174.787257,3.02799
805335177.610978,2.759596
805335180.155086,2.480921
805335182.553862,2.335133
805335185.444413,2.8135410000000003
805335188.2677981,2.7599970000000003
805335191.282592,2.929411
805335193.810348,2.466763
805335197.356716,3.4615650000000002
805335199.658741,2.237731
805335203.0432069,3.3051809999999997
805335205.433453,2.325745
805335208.6708311,3.1515229999999996
805335211.406065,2.653062
805335213.9903281,2.523707
805335216.956871,2.882482
805335220.4507511,3.4101549999999996
805335222.677807,2.1632819999999997
805335225.492406,2.734522
805335227.904322,2.3494010000000003
805335231.779696,3.796645
805335234.7351631,2.891674
805335236.8788849,2.081918
805335239.520676,2.556051
805335242.633891,3.034442
805335245.343049,2.646989
805335247.6269621,2.221804
805335250.126512,2.4360020000000002
805335252.52635,2.333257
805335254.7788299,2.1672420000000003
805335257.464539,2.606635
805335259.521078,1.9720520000000001
805335261.728648,2.137487
805335264.4826059,2.668283
805335267.152608,2.584217
805335269.5941141,2.36206
805335272.10288,2.423928
805335274.828547,2.640608
805335277.291948,2.387289
805335279.8600171,2.483518
805335283.1221341,3.1831479999999996
805335285.719196,2.533795
805335288.3466641,2.564581
805335290.9357079,2.524102
805335294.261517,3.249366
805335296.984738,2.660651
805335299.726387,2.668383
805335302.823128,3.0179579999999997
805335305.132902,2.245268
805335308.172018,2.95489
805335310.395641,2.16027
805335313.0046359,2.53164
805335315.759285,2.6702380000000003
805335318.3396939,2.5006880000000002
805335321.2332209,2.809547
805335323.707027,2.4107439999999998
805335326.27233,2.504577
805335328.761862,2.426971
805335331.213216,2.3879859999999997
805335333.6669099,2.393646
805335336.346614,2.604468
805335338.802134,2.397713
805335341.236079,2.3794380000000004
805335343.6579729,2.345488
805335346.727045,2.988439
805335349.4883751,2.6746640000000004
805335352.312656,2.738477
805335355.090299,2.691772
805335358.599991,3.429961
805335362.117196,3.432287
805335365.31176,3.10912
805335367.8843501,2.510119
805335370.278991,2.333759
805335372.711179,2.369783
805335375.159165,2.384788
805335377.921868,2.702373
805335380.819315,2.834094
805335383.300259,2.418236
805335386.0858251,2.732182
805335388.366596,2.223306
805335390.97683,2.534573
805335393.873377,2.82482
805335396.84007,2.882437
805335399.5441611,2.641079
805335401.970661,2.366951
805335404.417228,2.384853
805335406.704274,2.2240390000000003
805335409.203514,2.419404
805335411.558507,2.26953
805335414.2285991,2.5901409999999996
805335416.663319,2.349187
805335419.3748419,2.634823
805335422.144116,2.68476
805335425.020339,2.799124
805335427.75615,2.6492310000000003
805335430.665513,2.837878
805335433.497587,2.747934
805335436.3184559,2.710035
805335439.0211439,2.616512
805335441.832641,2.7321619999999998
805335444.559405,2.6416120000000003
805335446.9805131,2.334225
805335449.3869311,2.326817
805335452.129508,2.65809
805335455.064426,2.84761
805335457.525382,2.401312
805335460.3092949,2.722159
805335462.937339,2.564336
805335465.957536,2.960042
805335469.049306,3.029264
805335471.776626,2.6650300000000002
805335474.341855,2.5051029999999996
805335477.528149,3.1238289999999997
805335480.501037,2.884763
805335482.98668,2.422511
805335485.8147,2.7676749999999997
805335488.259112,2.38158
805335490.756006,2.432544
805335493.2529701,2.4366090000000002
805335495.808887,2.49273
805335498.344992,2.475359
805335500.900252,2.492794
805335503.502337,2.545072
805335506.187218,2.276973
805335508.631384,2.381656
805335511.218374,2.525358
805335513.86561,2.5977
805335516.230073,2.3007779999999998
805335518.863749,2.566811
805335521.2251071,2.309502
805335522.8104811,1.5168709999999999
805335524.610738,1.7205860000000002
805335526.519582,1.825044
805335529.222782,2.6435109999999997
805335531.66565,2.3805330000000002
805335533.764397,2.038626
805335535.7547779,1.927789
805335537.478502,1.6112190000000002
805335539.438575,1.896147
805335541.406657,1.889065
805335543.368389,1.8991909999999999
805335545.793662,2.378059
805335548.209568,2.352829
805335550.537403,2.264838
805335552.938108,2.3407050000000003
805335555.438025,2.437406
805335558.019832,2.5224140000000004
805335560.869741,2.7876429999999996
805335562.950911,2.023764
805335565.756708,2.748712
805335568.1182619,2.301382
805335570.388347,2.209613
805335572.73631,2.267144
805335575.088652,2.26737
805335577.496922,2.3294259999999998
805335579.824616,2.262434
805335582.509764,2.61486
805335584.122211,1.5412679999999999
805335586.169379,1.9715399999999998
805335588.192603,1.9479460000000002
805335590.383232,2.1145840000000002
805335592.757695,2.302476
805335594.9102969,2.0682
805335597.386706,2.404665
805335599.7984049,2.336017
805335601.709175,1.8313139999999999
805335603.697749,1.918529
805335606.1626309,2.385646
805335609.020321,2.8054799999999998
805335611.8712001,2.799451
805335614.1560999,2.234511
805335616.4502239,2.232966
805335619.006256,2.460502
805335621.673723,2.612587
805335624.115669,2.3854420000000003
805335626.463636,2.289832
805335629.449698,2.920127
805335631.703096,2.1906909999999997
805335634.40847,2.625178
805335637.491414,2.999234
805335640.103797,2.54894
805335642.434404,2.267635
805335644.987679,2.486916
805335647.5061591,2.445494
805335650.153543,2.5678490000000003
805335653.0997679,2.8692159999999998
805335655.560153,2.39623
805335657.9846879,2.361834
805335659.953122,1.896566
805335662.336306,2.276095
805335664.535802,2.1136369999999998
805335666.547437,1.92607
805335669.067294,2.441079
805335671.436497,2.307847
805335673.8134509,2.330816
805335676.441883,2.5427359999999997
805335678.7608681,2.258549
805335681.3417009,2.5235510000000003
805335683.9169431,2.487713
805335686.673381,2.6761760000000003
805335689.4323051,2.6702280000000003
805335692.338572,2.820011
805335695.312372,2.899993
805335697.877174,2.484805
805335700.777001,2.813782
805335703.861579,2.99939
805335706.591867,2.644452
805335709.9105641,3.232902
805335712.857015,2.8829730000000002
805335715.6574659,2.73772
805335718.4720759,2.7541979999999997
805335721.40924,2.874489
805335723.968684,2.478175
805335726.729693,2.676472
805335730.132947,3.3404979999999997
805335733.465377,3.269368
805335736.829811,3.301412
805335740.2840999,3.3921289999999997
805335743.59931,3.252383
805335747.130632,3.471413
805335750.9138069,3.72084
805335754.7669389,3.7910079999999997
805335758.570395,3.741341
805335761.872975,3.241352
805335764.947013,3.011162
805335768.513443,3.497329
805335772.1191239,3.520116
805335775.25649,3.052172
805335777.79259,2.456831
805335780.618074,2.740135
805335782.729455,2.028247
805335785.148228,2.339007
805335787.581699,2.3481840000000003
805335790.498451,2.83677
805335793.094035,2.510295
805335795.774381,2.592978
805335798.502669,2.648237
805335801.044202,2.4561349999999997
805335803.9145709,2.784714
805335807.259179,3.265503
805335810.1248361,2.802305
805335812.733786,2.546615
805335815.5258479,2.729265
805335818.079108,2.49305
805335821.300053,3.158891
805335824.14622,2.783857
805335826.908849,2.699432
805335829.56144,2.592642
805335832.3289139,2.704357
805335834.882481,2.490144
805335837.780759,2.838274
805335840.44376,2.6006660000000004
805335842.781674,2.274155
805335845.4347321,2.5944119999999997
805335847.895307,2.398736
805335850.270367,2.3145040000000003
805335852.4834299,2.105408
805335855.502936,2.956704
805335859.2122071,3.649187
805335862.6925571,3.417844
805335864.948214,2.193297
805335867.3108059,2.277328
805335869.837009,2.446282
805335872.6429011,2.718986
805335875.652765,2.9350259999999997
805335877.81079,2.103181
805335880.375046,2.507099
805335882.749395,2.307559
805335884.9259981,2.113
805335887.1042651,2.109963
805335889.104533,1.93681
805335891.8190889,2.629458
805335894.36401,2.4611
805335897.128507,2.678968
805335898.5695361,1.3678780000000001
805335900.2510289,1.616523
805335902.1774241,1.874597
805335905.0115501,2.754728
805335907.912993,2.8379350000000003
805335910.122752,2.155429
805335912.816422,2.634239
805335915.598189,2.683074
805335918.8018111,3.132781
805335921.350474,2.492071
805335923.771055,2.3572580000000003
805335926.566229,2.716275
805335929.412702,2.783742
805335931.528108,2.052464
805335934.28395,2.68855
805335937.025674,2.6566870000000002
805335939.923893,2.827369
805335943.0286319,3.0389660000000003
805335945.600987,2.509634
805335947.941502,2.27816
805335949.90963,1.885105
805335952.6322451,2.637366
805335955.263602,2.54441
805335957.65397,2.310746
805335959.958859,2.228527
805335962.348078,2.284299
805335964.640388,2.2157639999999996
805335967.066044,2.361906
805335969.450861,2.305702
805335971.36343,1.85116
805335973.019326,1.537148
805335974.9711989,1.855717
805335977.3588109,2.316546
805335980.163012,2.728533
805335983.030871,2.791977
805335986.0165831,2.9146710000000002
805335989.103689,3.011812
805335991.5298691,2.3636239999999997
805335993.927652,2.320078
805335995.8283031,1.837775
805335998.17838,2.289997
805336000.376723,2.136224
805336002.8932469,2.465225
805336005.041682,2.098702
805336007.675334,2.5701140000000002
805336009.963649,2.227555
805336012.271498,2.250524
805336015.303092,2.974645
805336017.891533,2.534051
805336020.539896,2.590307
805336022.753369,2.156479
805336025.5594579,2.7268589999999997
805336028.35614,2.7125209999999997
805336030.732489,2.312345
805336033.474809,2.674012
805336036.553568,2.994057
805336039.0282799,2.400806
805336041.9374139,2.8303960000000004
805336044.466779,2.445896
805336047.527616,2.9882329999999997
805336050.345523,2.757857
805336052.931841,2.524293
805336055.573031,2.578885
805336058.229752,2.597864
805336060.953524,2.6611059999999997
805336063.402692,2.387254
805336065.564138,2.1013379999999997
805336068.130075,2.490355
805336070.964495,2.75001
805336073.45823,2.4394970000000002
805336075.53167,2.016155
805336078.1341851,2.5346420000000003
805336080.314346,2.113792
805336082.546429,2.160711
805336084.708297,2.099032
805336086.865386,2.090322
805336088.973875,2.045739
805336091.086379,2.045863
805336093.217527,2.0761489999999996
805336095.33813,2.065435
805336097.3966731,2.006447
805336099.49116,2.027592
805336101.568738,2.022003
805336103.711547,2.087441
805336105.8473761,2.082589
805336108.582911,2.679169
805336110.9654131,2.29778
805336113.104103,2.059601
805336115.24342,2.055406
805336117.404009,2.081159
805336119.9047639,2.432188
805336122.160092,2.20645
805336124.062626,1.8389579999999999
805336126.329083,2.1819159999999997
805336129.0106831,2.60867
805336131.492607,2.397798
805336133.500537,1.927954
805336135.643241,2.054108
805336138.15491,2.432826
805336140.769358,2.5426509999999998
805336143.253368,2.399781
805336144.807724,1.490129
805336146.610646,1.7354200000000002
805336148.483336,1.808196
805336150.91864,2.3831960000000003
805336153.048488,2.065931
805336154.6478391,1.530099
805336156.675847,1.940047
805336158.779072,2.020103
805336161.372358,2.522079
805336163.553432,2.097539
805336165.325069,1.700516
805336167.10505,1.718722
805336169.379343,2.220748
805336171.774917,2.344559
805336174.218451,2.3941019999999997
805336176.660012,2.390002
805336178.922164,2.210459
805336181.0005721,2.028874
805336183.2217251,2.1582559999999997
805336185.576543,2.296087
805336187.947188,2.3074630000000003
805336190.379121,2.3484439999999998
805336192.728326,2.2865670000000002
805336194.799348,2.0136619999999996
805336197.085444,2.213721
805336199.6240989,2.462458
805336202.083299,2.3881259999999997
805336204.816398,2.636397
805336207.631007,2.728654
805336210.131194,2.4213590000000003
805336212.577691,2.3613890000000004
805336215.283672,2.620261
805336217.802608,2.439987
805336220.346596,2.458675
805336223.092109,2.631949
805336225.6001691,2.4286149999999997
805336228.177525,2.491888
805336231.612354,3.3320089999999998
805336234.734348,3.043096
805336237.824614,3.005508
805336240.888704,2.979317
805336243.986938,3.013854
805336247.248763,3.146146
805336249.8624549,2.536221
805336252.602906,2.655008
805336255.207972,2.5197119999999997
805336258.12985,2.84315
805336261.003366,2.788358
805336263.84959,2.761461
805336266.685227,2.763198
805336269.4107729,2.6416310000000003
805336271.905094,2.409599
805336274.616184,2.639228
805336277.424448,2.723738
805336280.255656,2.7458690000000003
805336282.9964731,2.655513
805336285.4511319,2.374263
805336288.643568,3.115576
805336291.388725,2.6598529999999996
805336294.236035,2.7673289999999997
805336297.283105,2.961836
805336300.223141,2.8546769999999997
805336303.356141,3.0692060000000003
805336306.018966,2.602595
805336308.814827,2.7337860000000003
805336311.239206,2.349174
805336314.0090239,2.705312
805336316.522613,2.453733
805336319.370055,2.7910019999999998
805336322.0463271,2.6222160000000003
805336325.018708,2.908964
805336327.4620531,2.3800380000000003
805336330.409131,2.886892
805336333.089446,2.617641
805336335.7771,2.625268
805336338.56231,2.724684
805336341.3529279,2.7283530000000003
805336344.397883,2.982534
805336347.3020461,2.841893
805336350.088269,2.7267189999999997
805336352.578583,2.427658
805336355.438647,2.797554
805336358.383419,2.8864360000000002
805336361.200549,2.755923
805336363.679742,2.417008
805336366.5122119,2.773007
805336369.02354,2.448717
805336371.637356,2.5500380000000002
805336374.30284,2.605842
805336376.909008,2.549529
805336379.305306,2.340159
805336381.87946,2.507819
805336384.5251061,2.584298
805336387.21957,2.631398
805336389.9556,2.675339
805336392.778028,2.759506
805336395.604474,2.764988
805336398.148969,2.485011
805336400.632708,2.4214089999999997
805336403.383633,2.68839
805336406.512228,3.068921
805336409.235008,2.6597679999999997
805336411.998769,2.7016
805336414.46447,2.375837
805336416.980494,2.455673
805336419.529119,2.4881040000000003
805336422.45861,2.870028
805336425.113803,2.592923
805336428.152358,2.976165
805336430.217186,2.00108
805336432.725738,2.430495
805336435.201202,2.3887370000000003
805336438.412334,3.1432040000000003
805336441.171975,2.697376
805336443.7581221,2.523537
805336445.8655541,2.046526
805336448.2775359,2.327439
805336451.0409701,2.688866
805336453.5228139,2.402674
805336456.147213,2.5388189999999997
805336458.982207,2.758407
805336461.857807,2.796146
805336464.776479,2.833167
805336467.258839,2.398244
805336469.690015,2.350704
805336472.1848849,2.4095459999999997
805336474.959756,2.689121
805336477.7843181,2.745453
805336480.5853499,2.737916
805336483.666354,3.017852
805336486.5187371,2.789541
805336488.776292,2.197251
805336490.905153,2.069134
805336493.092423,2.130029
805336495.3001361,2.137036
805336497.767405,2.410541
805336499.209469,1.3816760000000001
805336501.42486,2.132698
805336503.914252,2.4336230000000003
805336505.819193,1.845517
805336507.929013,2.0476880000000004
805336510.082872,2.0941129999999997
805336512.471769,2.3264280000000004
805336514.431208,1.9116549999999999
805336516.898602,2.4080109999999997
805336518.776946,1.830571
805336521.276227,2.447984
805336522.942766,1.6188310000000001
805336525.463924,2.4616260000000003
805336527.195076,1.675002
805336529.605962,2.353376
805336531.505143,1.8427090000000002
805336533.492825,1.9217170000000001
805336535.8736731,2.318972
805336538.098838,2.1630130000000003
805336540.6587391,2.484505
805336542.726871,1.997788
805336544.867826,2.086537
805336547.204884,2.280325
805336549.338552,2.0793090000000003
805336551.360665,1.9642940000000002
805336553.453127,2.03804
805336555.71652,2.2038740000000003
805336557.650146,1.876549
805336559.402664,1.693375
805336561.380301,1.923089
805336563.70593,2.276792
805336565.829131,2.077327
805336567.224001,1.344992
805336569.084518,1.809714
805336570.4389739,1.302473
805336572.6787679,2.193342
805336574.378656,1.645577
805336576.457522,2.009743
805336578.3799319,1.882854
805336580.379131,1.9516769999999999
805336582.653627,2.2256020000000003
805336584.717954,2.00842
805336586.75063,1.974548
805336588.9311651,2.1252150000000003
805336590.38491,1.402955
805336592.145313,1.713446
805336594.677076,2.477529
805336596.602568,1.878274
805336599.026382,2.3595729999999997
805336601.403301,2.306651
805336604.19687,2.726837
805336606.487861,2.2123109999999997
805336608.888749,2.340258
805336610.947718,1.994024
805336613.2043821,2.188538
805336615.714978,2.43581
805336618.205689,2.432219
805336620.6357731,2.359113
805336622.9232739,2.204438
805336632.130288,9.137672
805336633.99086,1.781127
805336636.262469,2.212171
805336638.686293,2.355314
805336640.652181,1.903736
805336642.946632,2.266267
805336644.901446,1.928024
805336647.1736001,2.211404
805336649.479364,2.273616
805336651.026744,1.516984
805336652.937427,1.855467
805336655.380015,2.3910060000000004
805336657.628917,2.166184
805336659.7458459,2.012893
805336661.890413,2.076193
805336663.4552009,1.492083
805336665.3389369,1.825477
805336667.464164,2.062169
805336669.495183,1.9540920000000002
805336671.850216,2.236097
805336674.13465,2.218
805336676.201614,2.007147
805336678.420767,2.14493
805336680.691208,2.191593
805336682.9135181,2.1361090000000003
805336685.1912869,2.1990960000000004
805336687.467091,2.189694
805336689.885888,2.339131
805336692.562,2.591244
805336695.777984,3.144335
805336697.8361961,1.9962270000000002
805336699.901906,2.003646
805336702.3815299,2.41605
805336704.776602,2.328376
805336707.3241141,2.481003
805336709.751732,2.362331
805336711.9406389,2.113096
805336714.4102789,2.37913
805336716.608678,2.1317340000000002
805336718.893604,2.21828
805336721.166283,2.209223
805336723.711432,2.485512
805336726.0116479,2.202531
805336728.314787,2.24147
805336731.258907,2.887218
805336733.8720139,2.5593600000000003
805336736.222615,2.304688
805336738.771255,2.476106
805336741.124279,2.268183
805336744.141365,2.932637
805336746.289958,2.088441
805336748.8653189,2.519476
805336751.872943,2.913072
805336754.583198,2.649885
805336757.453802,2.809015
805336760.177745,2.661903
805336762.944428,2.703716
805336765.4307619,2.409346
805336768.057448,2.541167
805336771.454151,3.311999
805336774.368533,2.859639
805336776.538593,2.112562
805336779.357254,2.759002
805336781.84592,2.4316630000000004
805336783.873366,1.9600149999999998
805336786.392587,2.439536
805336788.853307,2.3881959999999998
805336791.596981,2.667782
805336794.050915,2.378247
805336796.421611,2.285628
805336798.708256,2.227672
805336800.9922299,2.230714
805336802.929794,1.8783459999999998
805336805.3919669,2.3983250000000003
805336807.57462,2.112184
805336809.995067,2.341678
805336812.827282,2.758955
805336814.681058,1.791476
805336817.523331,2.7635899999999998
805336819.655736,2.0691680000000003
805336822.0915589,2.356217
805336824.8140099,2.6263039999999997
805336827.6538329,2.764199
805336829.7449721,2.036889
805336832.2327,2.431209
805336834.853267,2.548715
805336836.761268,1.853359
805336839.2859061,2.439265
805336841.5442181,2.195409
805336844.1706021,2.566628
805336846.557861,2.329825
805336849.403126,2.784296
805336851.58489,2.122932
805336854.383842,2.720159
805336857.659147,3.199849
805336860.7227529,2.987316
805336863.2658141,2.465385
805336865.701029,2.363244
805336868.6276591,2.8409199999999997
805336871.1217369,2.43269
805336873.755143,2.574219
805336876.3272481,2.508722
805336879.216069,2.831089
805336881.786319,2.509604
805336884.333396,2.461608
805336886.877544,2.45883
805336889.561344,2.604855
805336892.1405549,2.5104010000000003
805336894.663199,2.437611
805336897.598539,2.871416
805336900.351469,2.689528
805336902.933336,2.5181880000000003
805336905.4806119,2.468904
805336908.586339,3.020729
805336911.1664519,2.517166
805336914.465609,3.2207339999999998
805336917.262667,2.733194
805336919.605688,2.279798
805336922.1385059,2.465877
805336925.1711481,2.947814
805336928.1564339,2.923638
805336930.5943,2.3739630000000003
805336933.0462149,2.37508
805336936.242282,3.112638
805336938.425691,2.1193739999999996
805336941.471904,2.969414
805336943.829509,2.294658
805336946.523618,2.615472
805336949.587697,2.989148
805336952.131771,2.4870859999999997
805336954.475604,2.286406
805336957.2337409,2.693918
805336959.700375,2.4003200000000002
805336962.0722129,2.30839
805336964.413379,2.275137
805336966.641232,2.161523
805336969.050627,2.330802
805336971.24448,2.119396
805336973.441838,2.131316
805336975.933941,2.403395
805336978.392235,2.348584
805336981.3913181,2.9138599999999997
805336983.966339,2.474979
805336987.034052,2.951994
805336989.449431,2.328738
805336992.346673,2.8126840000000004
805336995.1195041,2.698098
805336997.8970519,2.698603
805337000.78645,2.80409
805337003.395961,2.523015
805337006.710049,2.8752050000000002
805337009.253927,2.4328000000000003
805337011.773583,2.4354899999999997
805337014.5800021,2.734957
805337017.723804,3.07654
805337020.508253,2.722204
805337023.316437,2.744456
805337025.664339,2.287918
805337028.1012139,2.3742989999999997
805337030.814957,2.651077
805337033.632739,2.757761
805337036.2298111,2.533665
805337039.322061,3.029093
805337042.053993,2.6719370000000002
805337044.676114,2.559399
805337047.719355,2.98054
805337050.4836761,2.704437
805337053.250625,2.704377
805337055.973971,2.660605
805337058.686788,2.625624
805337061.657426,2.909715
805337064.51531,2.795509
805337066.693391,2.11499
805337069.1581049,2.384738
805337071.747039,2.504367
805337074.446625,2.619399
805337077.021786,2.489442
805337079.547132,2.438694
805337082.890148,3.2710920000000003
805337085.796556,2.849247
805337088.588858,2.7349520000000003
805337091.444295,2.798716
805337094.4850869,2.986434
805337097.524408,2.982804
805337100.171958,2.583686
805337102.7958469,2.5458030000000003
805337106.409773,3.5411010000000003
805337110.008062,3.51925
805337113.429323,3.336599
805337116.1104511,2.618287
805337118.848161,2.675125
805337121.033555,2.125826
805337123.5970789,2.496839
805337125.912806,2.25257
805337128.281161,2.2899119999999997
805337131.264112,2.898444
805337134.340119,2.997209
805337136.317576,1.913892
805337138.913988,2.527736
805337141.102987,2.138886
805337143.1059661,1.917955
805337145.5638621,2.389478
805337148.505574,2.863886
805337150.809489,2.246382
805337152.872734,1.992971
805337156.2228179,3.2652240000000003
805337158.452581,2.154792
805337161.594221,3.0641700000000003
805337164.156864,2.499931
805337167.356675,3.114942
805337169.780405,2.363938
805337171.421833,1.5736949999999998
805337173.606943,2.113547
805337175.339067,1.635308
805337177.3119609,1.905605
805337179.969387,2.6010590000000002
805337181.7715349,1.7237699999999998
805337184.059079,2.231987
805337186.230672,2.111112
805337188.6948719,2.4072109999999998
805337191.052676,2.297407
805337193.185011,2.0748569999999997
805337195.743338,2.488775
805337198.393175,2.57078
805337200.598703,2.1460339999999998
805337203.043896,2.386488
805337205.5165759,2.420569
805337207.903414,2.308456
805337210.283401,2.3005310000000003
805337212.6261511,2.258057
805337215.378445,2.666179
805337217.55164,2.111622
805337220.521568,2.885264
805337223.104991,2.526194
805337226.0481,2.871041
805337228.6569151,2.5433470000000002
805337231.676767,2.945226
805337233.877586,2.1461259999999998
805337236.389179,2.4397320000000002
805337239.362492,2.902518
805337241.796635,2.37278
805337244.1161599,2.257599
805337246.837419,2.638739
805337248.523058,1.614765
805337250.660736,2.052745
805337253.3117609,2.571365
805337255.35001,1.962906
805337257.4429289,1.997431
805337260.17512,2.6695960000000003
805337262.733482,2.494282
805337265.537472,2.743634
805337267.914332,2.3139689999999997
805337270.524835,2.549471
805337272.8735039,2.286063
805337275.36283,2.4264400000000004
805337277.7210159,2.298427
805337280.299536,2.5160389999999997
805337282.781184,2.4179649999999997
805337285.765433,2.9235979999999997
805337288.422891,2.594898
805337291.039834,2.554954
805337293.8315899,2.730663
805337296.557999,2.663813
805337299.145664,2.524187
805337302.068841,2.844439
805337304.135659,2.002393
805337307.623114,3.401861
805337310.214479,2.5302520000000004
805337313.391587,3.0923360000000004
805337316.2742189,2.819846
805337318.454576,2.117009
805337321.0468119,2.514164
805337324.0401111,2.908296
805337326.379965,2.275003
805337329.5111021,3.0542030000000002
805337331.664736,2.089586
805337334.969516,3.236676
805337337.3805809,2.347181
805337340.129783,2.663417
805337342.910768,2.695942
805337346.094396,3.0998419999999998
805337348.944277,2.781342
805337351.6537861,2.646623
805337354.964611,3.2501729999999998
805337358.5691739,3.541852
805337360.913558,2.28071
805337363.442902,2.45647
805337366.012857,2.500738
805337369.355064,3.256352
805337371.551338,2.1338440000000003
805337374.446224,2.826797
805337377.243538,2.712752
805337379.5014449,2.1808880000000004
805337381.494521,1.932249
805337383.053526,1.495673
805337385.092705,1.9704380000000001
805337387.307573,2.142359
805337389.61683,2.229912
805337391.811615,2.1104439999999998
805337394.039122,2.1473999999999998
805337396.182221,2.059435
805337398.655877,2.4150880000000003
805337400.8640239,2.152552
805337403.050059,2.101146
805337405.1625451,2.056955
805337407.426154,2.204867
805337409.621828,2.130168
805337411.853689,2.155814
805337414.120542,2.1874580000000003
805337416.246217,2.041278
805337418.427962,2.09771
805337420.586935,2.0741140000000002
805337422.72998,2.052924
805337424.8353169,2.026629
805337426.9293311,2.009528
805337429.0076121,2.0154769999999997
805337431.131528,2.051111
805337433.2559,2.045007
805337435.3659,2.015561
805337437.568156,2.131022
805337439.671488,2.0271410000000003
805337441.795058,2.035793
805337443.9591581,2.088363
805337446.199636,2.142695
805337448.199064,1.947887
805337450.7870741,2.533379
805337452.7949661,1.955015
805337455.303018,2.4419839999999997
805337457.20821,1.8547909999999999
805337459.65439,2.395418
805337461.908932,2.201947
805337464.195196,2.227932
805337466.158712,1.8948
805337468.5038899,2.280641
805337470.899462,2.337385
805337473.270906,2.3189740000000003
805337475.494599,2.1690590000000003
805337477.740579,2.169492
805337480.3889769,2.5721849999999997
805337483.155627,2.690661
805337485.955739,2.729091
805337488.709355,2.680847
805337491.661842,2.860569
805337494.2141559,2.4813
805337496.176597,1.8964290000000001
805337497.868357,1.532529
805337500.2524929,2.304491
805337502.878994,2.542501
805337505.115492,2.15767
805337506.764019,1.564465
805337509.0775061,2.256872
805337511.2525849,2.11436
805337513.456459,2.155556
805337516.232842,2.684878
805337517.776406,1.4851050000000001
805337519.618944,1.7824
805337521.89343,2.195275
805337524.2168721,2.267219
805337526.4132241,2.140286
805337528.665657,2.197725
805337530.8568009,2.13486
805337532.961588,2.05062
805337534.8100181,1.7919990000000001
805337537.21047,2.329879
805337539.056069,1.793684
805337541.510595,2.3714180000000002
805337543.531146,1.969784
805337545.4303759,1.8498029999999999
805337547.583769,2.083739
805337550.117777,2.468941
805337552.127852,1.958254
805337554.618335,2.4065610000000004
805337556.465822,1.7929059999999999
805337558.90585,2.347964
805337560.624802,1.665063
805337563.0621439,2.3415440000000003
805337564.820966,1.70476
805337566.8633809,1.956199
805337569.478641,2.531293
805337571.334615,1.798775
805337573.960037,2.532655
805337576.151724,2.134967
805337577.6806899,1.472294
805337579.09269,1.341612
805337581.65538,2.483396
805337583.843332,2.1401
805337585.9713321,2.082026
805337587.845256,1.828622
805337589.992561,2.0805200000000004
805337592.366178,2.30828
805337594.626827,2.197952
805337596.94316,2.2446469999999996
805337599.713243,2.685496
805337601.973398,2.206786
805337604.278294,2.24838
805337607.356216,3.0016890000000003
805337610.526743,3.099691
805337613.068197,2.485087
805337615.260783,2.136046
805337618.10448,2.771682
805337620.570407,2.388894
805337623.50059,2.841507
805337625.9904181,2.409786
805337629.406708,3.329603
805337632.4687829,2.9998899999999997
805337635.308208,2.776498
805337638.025439,2.663305
805337640.980712,2.897779
805337643.759042,2.721798
805337645.904319,2.090239
805337648.352454,2.362873
805337651.5540041,3.116897
805337654.510553,2.8961289999999997
805337656.63303,2.060308
805337659.7880319,3.073868
805337662.5502181,2.682626
805337665.312045,2.6860500000000003
805337666.994915,1.606697
805337669.158236,2.091472
805337671.743992,2.5007829999999998
805337674.26678,2.443394
805337676.583583,2.241102
805337679.016903,2.357528
805337681.946023,2.85709
805337683.8606911,1.818202
805337685.6406001,1.711142
805337688.021356,2.313748
805337690.438553,2.35753
805337692.6419029,2.1487149999999997
805337695.1418799,2.4433219999999998
805337697.4176999,2.221645
805337699.7383951,2.2634980000000002
805337702.269232,2.476522
805337704.861914,2.535633
805337706.903283,1.9841920000000002
805337709.081561,2.124052
805337711.514659,2.372878
805337713.776827,2.205192
805337716.093936,2.237177
805337718.057309,1.901203
805337720.419232,2.2810420000000002
805337723.007362,2.5104620000000004
805337725.5270109,2.4322570000000003
805337727.96569,2.3751789999999997
805337730.60002,2.560563
805337732.860247,2.191419
805337734.504917,1.5756329999999998
805337736.5864099,2.016231
805337739.156203,2.485662
805337741.001881,1.7661930000000001
805337742.880395,1.8096290000000002
805337745.144006,2.2046840000000003
805337747.631624,2.425373
805337750.230119,2.533389
805337752.576343,2.282559
805337754.772832,2.13444
805337757.0918771,2.2594410000000003
805337759.86518,2.7106869999999996
805337762.396915,2.472372
805337764.9314971,2.471951
805337767.726174,2.732257
805337769.882911,2.096286
805337772.140829,2.1957430000000002
805337774.4348321,2.20345
805337776.728098,2.2352790000000002
805337779.379256,2.572543
805337782.050807,2.609987
805337784.05782,1.949619
805337786.479683,2.360292
805337788.7804731,2.243617
805337791.102933,2.262156
805337793.537853,2.378027
805337796.043211,2.428232
805337798.426511,2.294232
805337800.862586,2.357212
805337803.412943,2.477203
805337806.182564,2.69767
805337808.3349141,2.076505
805337810.010959,1.610965
805337812.096529,2.014329
805337814.577589,2.404177
805337816.821584,2.164746
805337819.117932,2.212662
805337821.314727,2.117261
805337823.4596771,2.0592449999999998
805337825.650949,2.112283
805337827.818245,2.083341
805337830.139416,2.2412539999999996
805337832.345237,2.122026
805337833.9070101,1.475326
805337835.866639,1.903483
805337838.157376,2.244743
805337840.544775,2.3396440000000003
805337842.863587,2.261294
805337845.3963411,2.478996
805337847.799998,2.346295
805337849.9715201,2.115672
805337852.238945,2.207563
805337855.072563,2.770998
805337857.980675,2.844599
805337860.474655,2.42779
805337862.877597,2.349298
805337865.202541,2.264578
805337867.3604109,2.094793
805337870.500859,3.0609230000000003
805337872.744327,2.17971
805337875.471433,2.653746
805337877.15831,1.614956
805337879.123792,1.87564
805337881.2746661,2.0761849999999997
805337883.470263,2.129368
805337886.170501,2.640193
805337888.8026359,2.5709750000000002
805337891.163064,2.307979
805337893.3929131,2.168746
805337895.728306,2.278981
805337898.300022,2.483487
805337900.452657,2.091192
805337903.4460269,2.923523
805337906.4097171,2.884697
805337908.431371,1.963955
805337911.180116,2.6640879999999996
805337913.5844799,2.344639
805337916.445161,2.775899
805337918.859894,2.351521
805337921.4077569,2.467806
805337924.51641,3.024016
805337927.01806,2.439019
805337930.1865029,3.089584
805337932.3161819,2.066838
805337934.000199,1.613808
805337936.177714,2.09788
805337938.580559,2.3188649999999997
805337940.454428,1.794739
805337942.527856,1.996519
805337944.620774,2.032921
805337947.197133,2.524374
805337949.404413,2.1570270000000002
805337951.39819,1.940974
805337953.677319,2.217891
805337956.231981,2.502319
805337958.773008,2.4770030000000003
805337961.402115,2.5515619999999997
805337963.505478,2.040131
805337965.958565,2.372515
805337968.5923979,2.549056
805337970.93604,2.258514
805337973.184123,2.1679389999999996
805337975.931171,2.670687
805337979.029684,2.995349
805337982.31015,3.204367
805337985.963432,3.581149
805337989.146694,3.119884
805337991.784857,2.575317
805337994.504199,2.659102
805337997.1831219,2.616929
805337999.666885,2.421017
805338002.298228,2.570541
805338005.074568,2.7128479999999997
805338007.81567,2.67789
805338010.524744,2.6497159999999997
805338013.3829589,2.794908
805338015.5839341,2.1386450000000004
805338018.362209,2.698819
805338020.076806,1.645595
805338022.211737,2.05875
805338024.429592,2.1384849999999997
805338026.0015701,1.487215
805338027.986492,1.917004
805338030.4585919,2.394134
805338032.900139,2.385336
805338035.344555,2.392687
805338037.372828,1.9671910000000001
805338040.116554,2.6893070000000003
805338042.461574,2.2787710000000003
805338045.210145,2.668256
805338047.561605,2.275627
805338050.096668,2.47208
805338052.318998,2.164921
805338055.3146579,2.911981
805338057.995216,2.619235
805338060.129019,2.070616
805338062.922123,2.709048
805338065.145221,2.161748
805338067.904774,2.681103
805338070.570426,2.610784
805338072.996491,2.3689039999999997
805338076.3346089,3.2441739999999997
805338078.541919,2.144784
805338081.4980631,2.879967
805338083.544026,1.982677
805338086.56899,2.9455839999999998
805338089.0540359,2.42196
805338091.825425,2.687323
805338094.678744,2.774856
805338097.214178,2.472457
805338100.180344,2.903275
805338102.431276,2.18798
805338106.166624,3.6576120000000003
805338108.716692,2.487307
805338111.878474,3.07682
805338114.114636,2.17501
805338117.115188,2.916035
805338120.02581,2.822597
805338122.4813681,2.389974
805338125.417755,2.859819
805338127.664843,2.184707
805338130.481752,2.73762
805338133.328165,2.773298
805338135.927314,2.536742
805338138.14434,2.167022
805338140.9914451,2.761403
805338143.241845,2.198155
805338146.266854,2.946085
805338148.715561,2.385377
805338151.188931,2.405627
805338153.760911,2.50638
805338155.826874,1.9975230000000002
805338157.465879,1.582368
805338159.536257,2.001232
805338162.0534481,2.4378260000000003
805338163.680782,1.543243
805338165.618625,1.864301
805338168.3348391,2.654312
805338170.637457,2.250216
805338172.851164,2.163871
805338174.882638,1.967585
805338177.214329,2.278748
805338179.532609,2.2541349999999998
805338181.9879149,2.393405
805338184.328014,2.267887
805338186.916788,2.5197629999999998
805338189.254662,2.262429
805338191.259883,1.936545
805338192.881568,1.564635
805338194.640888,1.6826180000000002
805338197.343662,2.646159
805338199.459694,2.049898
805338201.788362,2.265215
805338203.986017,2.130903
805338206.100994,2.0354769999999998
805338208.128691,1.9468079999999999
805338210.261854,1.998011
805338212.355549,2.045635
805338214.5051839,2.093705
805338216.898311,2.3325009999999997
805338219.0313901,2.074872
805338221.138763,2.0555600000000003
805338223.213983,2.021029
805338225.307284,2.030688
805338227.540527,2.1823110000000003
805338230.642978,3.048341
805338233.500293,2.803125
805338236.2883769,2.727411
805338238.833523,2.464153
805338241.006212,2.109487
805338243.185347,2.112387
805338245.459809,2.217642
805338247.653405,2.133941
805338249.9225891,2.205938
805338252.135111,2.1530389999999997
805338254.096984,1.902362
805338256.213086,2.0559879999999997
805338258.678949,2.381235
805338260.7495351,1.9917120000000001
805338262.8971411,2.09399
805338265.128239,2.152256
805338267.534878,2.343867
805338269.2904531,1.708703
805338271.5621179,2.182673
805338274.088686,2.4480399999999998
805338276.376179,2.195224
805338278.9469881,2.504715
805338281.683916,2.651451
805338284.221861,2.4534079999999996
805338286.913308,2.607431
805338289.6286,2.636364
805338292.128406,2.414308
805338294.730696,2.511949
805338297.214284,2.404925
805338299.600485,2.30147
805338302.226009,2.5465790000000004
805338305.051312,2.740557
805338307.651066,2.515448
805338310.2566279,2.526468
805338312.89654,2.556528
805338315.574712,2.5925369999999996
805338318.3797079,2.7258780000000002
805338321.425931,2.961411
805338324.26378,2.7666969999999997
805338326.854562,2.5063210000000002
805338329.461808,2.528407
805338332.7170789,3.1715150000000003
805338335.619943,2.818397
805338338.128965,2.430214
805338340.7485659,2.534512
805338343.239716,2.406267
805338345.915627,2.596526
805338348.5711199,2.570796
805338351.175445,2.520494
805338354.62193,3.3787130000000003
805338358.160179,3.453707
805338360.6676731,2.444492
805338363.602361,2.850623
805338366.032685,2.369753
805338369.10532,2.988198
805338371.44572,2.277052
805338374.334421,2.819836
805338376.851226,2.4543500000000003
805338379.355343,2.428064
805338381.719773,2.2963229999999997
805338384.893754,3.089721
805338387.521565,2.570429
805338390.2369269,2.661189
805338392.466953,2.172826
805338395.398219,2.845466
805338398.790633,3.31338
805338401.566973,2.7144410000000003
805338403.991714,2.362371
805338406.531719,2.448252
805338408.626637,2.035134
805338411.451555,2.7406319999999997
805338413.975592,2.464789
805338416.842888,2.783456
805338419.360767,2.454777
805338422.53131,3.092
805338424.962816,2.367567
805338428.33168,3.2844469999999997
805338430.506204,2.1109150000000003
805338433.229194,2.645375
805338436.1594831,2.847241
805338438.7272321,2.505328
805338441.817357,3.0175359999999998
805338443.970556,2.089671
805338446.883584,2.807146
805338449.7999951,2.83211
805338452.568466,2.707229
805338455.286616,2.655915
805338457.6230711,2.2764249999999997
805338460.53222,2.825545
805338462.750185,2.154617
805338465.62788,2.780133
805338468.403809,2.712999
805338470.539397,2.0783519999999998
805338473.0434049,2.41384
805338475.6056709,2.495223
805338477.58665,1.909272
805338481.400427,3.749571
805338484.5946859,3.128114
805338487.7888881,3.10953
805338489.9195751,2.070707
805338492.441177,2.45824
805338495.233103,2.729832
805338497.6579189,2.364395
805338500.802265,3.06013
805338504.049442,3.1849209999999997
805338507.260905,3.125282
805338510.081016,2.760457
805338512.823884,2.680477
805338515.748042,2.839015
805338518.18204,2.374228
805338521.30223,3.050132
805338523.392352,2.027346
805338525.951792,2.4954709999999998
805338528.317791,2.299118
805338530.533661,2.1487089999999998
805338532.809259,2.1995869999999997
805338535.132845,2.2344690000000003
805338537.547147,2.3355289999999997
805338540.0394139,2.407019
805338542.41198,2.303032
805338545.109567,2.620101
805338546.736249,1.562717
805338548.807978,1.993477
805338551.545538,2.653238
805338553.567205,1.9156360000000001
805338555.291726,1.641292
805338557.538934,2.187138
805338559.899691,2.298372
805338561.971407,1.998871
805338564.423372,2.400298
805338566.806975,2.33199
805338569.4181349,2.560134
805338571.686914,2.215498
805338574.609288,2.8602369999999997
805338576.9553651,2.2821730000000002
805338579.87088,2.831213
805338582.703089,2.771759
805338585.1613079,2.395488
805338588.0295019,2.784028
805338590.04516,1.9515850000000001
805338591.6977091,1.584725
805338593.792897,2.015538
805338596.431937,2.555621
805338598.673118,2.157036
805338600.8604599,2.1228140000000004
805338602.327093,1.382894
805338605.144709,2.741696
805338607.6387689,2.425539
805338609.7952241,2.0917850000000002
805338612.092728,2.243086
805338614.561992,2.414552
805338616.938048,2.321301
805338619.215483,2.210772
805338621.434647,2.165362
805338623.431406,1.940317
805338625.720429,2.2346079999999997
805338627.89146,2.114411
805338629.7121661,1.76386
805338632.53539,2.755506
805338634.8905749,2.292359
805338637.025782,2.07435
805338639.60827,2.5058390000000004
805338641.808165,2.132835
805338644.126804,2.2491529999999997
805338645.97508,1.795705
805338648.724559,2.686684
805338651.141675,2.364113
805338653.7225751,2.516627
805338656.4705341,2.662419
805338658.943458,2.389238
805338661.351866,2.345115
805338663.968238,2.55091
805338666.368172,2.307296
805338668.427551,2.002972
805338670.696114,2.191395
805338673.335099,2.567928
805338676.132392,2.740321
805338679.018775,2.829506
805338681.446767,2.373605
805338683.919954,2.396313
805338687.025746,3.034634
805338689.883722,2.800981
805338692.346011,2.400615
805338694.570646,2.161213
805338696.805254,2.172042
805338698.9853109,2.113572
805338701.625065,2.5609859999999998
805338703.680604,1.997571
805338705.840484,2.086001
805338707.9403671,2.03345
805338710.130618,2.085699
805338712.244155,2.0469910000000002
805338714.434256,2.122738
805338716.609064,2.1174589999999998
805338718.840279,2.171144
805338721.066571,2.162998
805338723.179067,2.052511
805338725.192976,1.950624
805338727.372146,2.1195519999999997
805338730.060516,2.631235
805338732.774506,2.648288
805338734.9091359,2.074734
805338737.0807151,2.108416
805338739.270236,2.1340339999999998
805338741.4551741,2.1214
805338743.484045,1.9630020000000001
805338745.562994,2.0266949999999997
805338747.605645,1.9914680000000002
805338749.7553309,2.086212
805338751.831807,2.010915
805338753.86443,1.984801
805338756.106865,2.168995
805338758.403664,2.229873
805338760.537919,2.071113
805338762.5689499,1.9637449999999999
805338764.725892,2.112825
805338767.272214,2.5004150000000003
805338769.4186981,2.090915
805338771.5509319,2.0557790000000002
805338773.9851401,2.369726
805338776.414485,2.364802
805338778.812306,2.337688
805338781.09227,2.200304
805338783.7318109,2.5544740000000004
805338786.292108,2.481082
805338789.107639,2.73148
805338791.853723,2.675129
805338794.603426,2.669701
805338797.169747,2.4803450000000002
805338799.9104589,2.656516
805338802.404325,2.414427
805338804.872513,2.3838909999999998
805338807.360366,2.4026
805338810.234589,2.795274
805338813.001447,2.681343
805338815.482103,2.410628
805338818.221687,2.660681
805338820.800502,2.506813
805338823.403984,2.51454
805338826.093266,2.610364
805338828.5365599,2.358502
805338831.419404,2.7970439999999996
805338833.501041,2.002317
805338835.973182,2.386908
805338838.453327,2.368109
805338841.1351911,2.5971140000000004
805338843.523184,2.3112459999999997
805338845.961557,2.36651
805338848.350456,2.318908
805338850.7501501,2.331211
805338853.2172719,2.381089
805338856.315841,3.021742
805338858.698949,2.3197970000000003
805338861.4498849,2.69081
805338864.074748,2.562097
805338866.767848,2.628941
805338869.2532301,2.4252420000000003
805338871.9106131,2.595564
805338874.674489,2.7046829999999997
805338877.147553,2.410568
805338879.459657,2.250606
805338882.301569,2.782419
805338884.932595,2.568796
805338887.026757,2.030673
805338888.719475,1.627598
805338890.737482,1.949298
805338893.098956,2.281502
805338895.59111,2.408479
805338897.812592,2.143336
805338900.0493051,2.1527629999999998
805338902.127394,1.993426
805338904.254672,2.048861
805338906.525475,2.1878990000000003
805338908.834141,2.230348
805338911.0622389,2.1478270000000004
805338913.275728,2.137292
805338915.4952509,2.136209
805338917.5580461,1.9877179999999999
805338919.767014,2.152081
805338921.8659561,2.01592
805338924.060892,2.122913
805338926.163598,2.026592
805338928.36766,2.136525
805338930.553445,2.1144290000000003
805338932.71779,2.096892
805338934.844672,2.072885
805338937.0009129,2.089254
805338939.149681,2.077082
805338941.236551,2.019548
805338943.357244,2.049582
805338945.4555149,2.008516
805338947.525062,1.998373
805338949.690236,2.1205540000000003
805338952.09937,2.3547730000000002
805338954.228092,2.062894
805338956.648443,2.368613
805338958.7537861,2.056486
805338960.467957,1.662265
805338962.756646,2.233375
805338964.8076121,1.999641
805338966.8478581,1.985343
805338968.364043,1.463882
805338970.244859,1.830992
805338972.441337,2.1433060000000004
805338974.8496981,2.351797
805338977.149421,2.244699
805338979.906166,2.700358
805338983.135162,3.174966
805338986.1795989,2.987997
805338989.074343,2.838498
805338991.758202,2.626945
805338994.1627569,2.345221
805338996.689029,2.464734
805338999.2327319,2.481263
805339001.986414,2.692879
805339004.3753619,2.332662
805339007.194641,2.7569640000000004
805339010.5462699,3.292957
805339013.368001,2.758819
805339015.891973,2.461827
805339018.483819,2.5319819999999997
805339021.2042791,2.657965
805339023.9513049,2.6841399999999997
805339026.513852,2.481764
805339029.261481,2.68559
805339031.900456,2.581365
805339034.0870659,2.131839
805339036.588426,2.434213
805339038.938103,2.2827260000000003
805339041.225013,2.230062
805339043.5574939,2.246546
805339046.2578461,2.630931
805339048.7295669,2.388261
805339051.0761961,2.264746
805339053.832957,2.678029
805339056.557079,2.6541360000000003
805339059.334847,2.696148
805339062.1289481,2.715708
805339064.7888709,2.5861959999999997
805339067.418515,2.544871
805339070.5385,3.041177
805339073.580528,2.977819
805339076.4900529,2.824983
805339078.92829,2.375306
805339081.8284379,2.821349
805339084.430563,2.539684
805339087.244179,2.740907
805339089.456766,2.152471
805339091.873043,2.3415380000000003
805339094.80084,2.849349
805339097.3245621,2.461006
805339100.1947,2.8068709999999997
805339102.642455,2.384978
805339106.174855,3.455526
805339109.382223,3.122556
805339112.769901,3.3042480000000003
805339115.4874749,2.654792
805339118.197019,2.649555
805339120.635738,2.375867
805339123.6702579,2.961541
805339126.6948069,2.946166
805339129.690382,2.932268
805339132.135315,2.382562
805339134.796882,2.5707310000000003
805339137.929762,3.053665
805339140.578661,2.585366
805339143.163289,2.5210250000000003
805339145.848912,2.626135
805339149.1447569,3.2093629999999997
805339151.733254,2.5252999999999997
805339154.761115,2.9484
805339157.87012,3.0392330000000003
805339160.400151,2.467475
805339163.349769,2.8650110000000004
805339165.8470091,2.436814
805339168.782679,2.850933
805339171.2331259,2.386763
805339174.603493,3.291489
805339177.156318,2.489853
805339179.891332,2.671506
805339182.797844,2.8274179999999998
805339185.544625,2.683403
805339188.027723,2.420271
805339190.696497,2.582398
805339193.906095,3.131076
805339196.451623,2.483128
805339198.856472,2.342625
805339201.815693,2.8802369999999997
805339204.464972,2.587125
805339207.136788,2.609266
805339209.975929,2.743233
805339213.344784,3.2885929999999997
805339215.8523121,2.4448030000000003
805339218.7915419,2.858607
805339221.8239031,2.948416
805339224.5389249,2.6530630000000004
805339227.345334,2.7443150000000003
805339230.485727,3.080593
805339233.389163,2.840584
805339236.702142,3.240209
805339239.938674,3.15203
805339243.152773,3.1046839999999998
805339245.788851,2.573563
805339248.467744,2.616507
805339251.168387,2.637532
805339253.867638,2.6385039999999997
805339256.874043,2.922651
805339260.168444,3.210786
805339263.176995,2.9189939999999996
805339266.685636,3.438389
805339269.486084,2.743119
805339272.273015,2.73004
805339274.3385451,2.002042
805339277.044786,2.629207
805339279.463989,2.3477419999999998
805339282.390459,2.847741
805339285.391039,2.9378490000000004
805339288.1734099,2.725045
805339290.434892,2.2037150000000003
805339293.093951,2.589586
805339295.8537819,2.684435
805339299.451812,3.523318
805339301.928103,2.413219
805339304.612619,2.6215
805339306.9000751,2.223717
805339309.664652,2.686019
805339312.50452,2.7775980000000002
805339314.7305089,2.163593
805339317.894476,3.084808
805339320.3995041,2.442066
805339323.5236939,3.039467
805339326.151583,2.566521
805339328.734849,2.498799
805339331.286039,2.46523
805339334.108607,2.743118
805339337.2740171,3.08138
805339339.7607081,2.399553
805339342.45461,2.633883
805339345.315778,2.799314
805339348.507345,3.128486
805339351.0273321,2.458038
805339353.464046,2.376639
805339356.656389,3.107917
805339358.900866,2.159448
805339361.946679,2.9789209999999997
805339364.4033991,2.393198
805339366.797298,2.331945
805339370.198568,3.321489
805339372.5895051,2.328347
805339375.738322,3.0772299999999997
805339378.2386651,2.439927
805339381.506765,3.183884
805339384.119599,2.5289930000000003
805339387.335251,3.145068
805339390.069132,2.672939
805339392.7272171,2.5956040000000002
805339395.621892,2.83221
805339398.514733,2.8324510000000003
805339401.0861009,2.508076
805339403.666123,2.517868
805339406.141703,2.415711
805339408.612326,2.408549
805339411.08367,2.409214
805339413.5857409,2.441455
805339417.456844,3.809362
805339419.357961,1.858024
805339420.906353,1.507255
805339423.0701151,2.12031
805339424.9611139,1.8384580000000001
805339427.289711,2.284346
805339429.410553,2.078981
805339431.53415,2.069218
805339433.929932,2.341732
805339436.1983,2.200085
805339438.476662,2.185934
805339441.013074,2.4714609999999997
805339443.681916,2.591912
805339445.515349,1.77786
805339447.6197749,2.033962
805339449.784398,2.09765
805339452.2104981,2.357777
805339454.4091591,2.125282
805339456.3092129,1.846068
805339458.455328,2.086003
805339460.5506871,2.037708
805339462.6069739,1.995934
805339464.3844349,1.72032
805339466.605685,2.168409
805339468.943274,2.284163
805339470.948528,1.9543469999999998
805339472.7572399,1.744762
805339474.341023,1.5289780000000002
805339476.625627,2.237581
805339478.499851,1.818956
805339481.261097,2.709467
805339483.367869,2.06525
805339485.298668,1.891039
805339488.0894259,2.749152
805339490.563887,2.405461
805339493.307516,2.676187
805339495.9413439,2.561475
805339498.649831,2.6060879999999997
805339501.2253081,2.502653
805339503.963915,2.666249
805339507.018227,2.9395350000000002
805339510.1567249,3.066284
805339513.043492,2.814258
805339515.664906,2.5551250000000003
805339518.347067,2.619585
805339521.0186119,2.605637
805339523.944265,2.838164
805339526.485487,2.44105
805339529.121606,2.5649480000000002
805339531.344702,2.139597
805339533.993259,2.534667
805339536.567072,2.50808
805339539.357746,2.723688
805339542.29064,2.854291
805339545.085909,2.724008
805339547.6655409,2.507394
805339550.340224,2.603532
805339553.183925,2.7658449999999997
805339556.1635779,2.908532
805339558.899933,2.6732370000000003
805339561.476335,2.522207
805339564.147855,2.614748
805339566.895573,2.6889930000000004
805339569.5887489,2.637233
805339572.2132859,2.562833
805339575.154179,2.877971
805339577.8883461,2.675556
805339580.692395,2.7422050000000002
805339583.0524399,2.297178
805339585.882425,2.770331
805339589.100518,3.155833
805339592.4045769,3.2421450000000003
805339594.7167909,2.2506000000000004
805339597.65389,2.858766
805339600.489032,2.7506150000000003
805339603.268765,2.71169
805339606.477201,3.129592
805339608.950028,2.410126
805339611.3980731,2.385199
805339613.9646499,2.4875119999999997
805339616.801977,2.7535670000000003
805339619.138177,2.2512719999999997
805339621.52307,2.304487
805339624.048932,2.4408440000000002
805339626.570804,2.435842
805339628.9860979,2.3362190000000003
805339631.34896,2.277242
805339633.853652,2.425258
805339636.235359,2.294323
805339638.6941991,2.373175
805339641.148049,2.374313
805339643.840963,2.6226629999999997
805339646.619268,2.697562
805339649.1228169,2.44173
805339651.955854,2.770777
805339655.277428,3.233258
805339658.311879,2.971479
805339661.157922,2.784946
805339664.101315,2.8817299999999997
805339666.737724,2.573718
805339669.3623149,2.5645059999999997
805339671.764138,2.338045
805339675.088188,3.245031
805339677.704395,2.553441
805339680.440587,2.673776
805339682.551753,2.049082
805339684.937763,2.325119
805339687.7284911,2.724328
805339690.188194,2.396566
805339692.565054,2.3104
805339694.737613,2.105617
805339697.2268391,2.425913
805339699.442979,2.149285
805339702.100576,2.5812869999999997
805339704.366024,2.20989
805339706.355365,1.931979
805339708.994641,2.5603100000000003
805339710.936472,1.885028
805339713.5808649,2.556665
805339715.9325091,2.295441
805339717.541932,1.5550970000000002
805339720.213946,2.595562
805339722.610928,2.313679
805339725.6536851,2.971804
805339728.545065,2.834512
805339731.680486,3.077992
805339734.527841,2.741996
805339737.277388,2.663266
805339740.086143,2.724013
805339742.801371,2.625925
805339745.678526,2.797665
805339748.608363,2.868264
805339751.378683,2.708968
805339754.3345411,2.8954020000000003
805339757.377336,2.979629
805339760.269671,2.8300500000000004
805339763.086735,2.753977
805339765.2859211,2.138985
805339768.156275,2.785622
805339771.1019441,2.86037
805339773.9889209,2.808104
805339777.2426829,3.169075
805339780.060133,2.755145
805339782.7139829,2.59171
805339785.528116,2.754318
805339788.032944,2.442117
805339790.624238,2.527796
805339793.032742,2.348354
805339796.285997,3.1688889999999996
805339798.754329,2.404604
805339801.490234,2.657984
805339804.145532,2.5703750000000003
805339806.901921,2.6723480000000004
805339809.9603829,2.979163
805339812.779693,2.757064
805339815.216381,2.374339
805339818.345091,3.059363
805339820.7641851,2.35535
805339824.187821,3.338533
805339826.586051,2.334872
805339829.747563,3.0848329999999997
805339831.933648,2.122231
805339834.652379,2.618477
805339837.318767,2.5930229999999996
805339840.779611,3.376462
805339843.310124,2.468148
805339845.85105,2.481588
805339848.71739,2.803984
805339850.996096,2.2167120000000002
805339854.476145,3.393595
805339856.930087,2.3971940000000003
805339859.908794,2.900389
805339862.545634,2.582573
805339864.621733,2.018307
805339867.5143291,2.8080890000000003
805339869.9017041,2.3277810000000003
805339873.107899,3.116096
805339875.259724,2.088228
805339878.153111,2.8147279999999997
805339880.4236779,2.207556
805339883.22627,2.7171819999999998
805339886.197004,2.891892
805339889.103732,2.849359
805339892.059779,2.898778
805339894.6199399,2.50265
805339897.904809,3.201048
805339900.386463,2.4175
805339903.6675769,3.196979
805339906.1412671,2.413014
805339909.074914,2.849265
805339911.3475709,2.2101059999999997
805339914.7157431,3.289615
805339916.997176,2.218636
805339919.647798,2.565619
805339922.519751,2.793175
805339925.079015,2.4962679999999997
805339927.355751,2.213384
805339930.385611,2.949638
805339933.155286,2.706473
805339935.5403891,2.322543
805339938.5979791,2.978485
805339940.9210991,2.2599769999999997
805339943.6746111,2.6672409999999998
805339946.876917,3.123593
805339949.7418929,2.801784
805339952.284073,2.479243
805339955.314419,2.945699
805339957.628467,2.253507
805339960.588655,2.8746840000000002
805339963.278654,2.627207
805339965.462163,2.1233239999999998
805339968.203131,2.6565410000000003
805339971.133544,2.846598
805339973.5771741,2.382708
805339976.096681,2.434314
805339979.328622,3.145444
805339982.989972,3.5823769999999997
805339986.694374,3.633997
805339990.073442,3.294772
805339993.621543,3.4645420000000002
805339996.22689,2.543222
805339998.64038,2.3495209999999997
805340001.070524,2.370108
805340003.9592,2.807432
805340006.841221,2.7914
805340009.6314679,2.727275
805340012.403851,2.6914949999999997
805340014.733634,2.272386
805340017.101904,2.277303
805340019.729624,2.541598
805340022.0200449,2.219255
805340024.7422839,2.6370500000000003
805340027.473544,2.645741
805340029.994093,2.441099
805340032.699924,2.620457
805340035.221363,2.436316
805340037.868287,2.571527
805340040.636312,2.691167
805340043.541879,2.828314
805340046.265221,2.643936
805340049.082045,2.729396
805340051.991099,2.82374
805340054.613731,2.509188
805340057.601984,2.907775
805340060.4756709,2.789235
805340063.289357,2.728934
805340066.4134259,3.044339
805340069.339961,2.840965
805340072.322195,2.920315
805340074.883034,2.4973159999999996
805340077.733556,2.790077
805340080.397168,2.602023
805340083.203649,2.74401
805340085.766963,2.50341
805340088.5355941,2.705655
805340091.076716,2.4778550000000004
805340093.840707,2.703696
805340097.037346,3.132359
805340099.5823269,2.482922
805340102.308765,2.666935
805340105.161989,2.789746
805340108.527225,3.30255
805340111.3348479,2.744786
805340113.973356,2.578293
805340116.7535601,2.717854
805340119.594431,2.778831
805340122.383715,2.728152
805340125.1071919,2.660229
805340127.857587,2.688175
805340130.541386,2.623799
805340133.1499549,2.545708
805340135.6598591,2.447955
805340138.393334,2.673069
805340140.97317,2.5075760000000002
805340143.581184,2.550605
805340146.182532,2.545886
805340148.950574,2.711277
805340151.7250379,2.698588
805340153.890786,2.111632
805340156.910086,2.932974
805340159.571704,2.599373
805340162.116109,2.483724
805340164.557909,2.378699
805340167.267934,2.635958
805340170.11331,2.739293
805340173.1944851,2.995801
805340175.605975,2.348257
805340178.301251,2.615791
805340180.8717071,2.483673
805340183.381105,2.423914
805340185.881683,2.4197849999999996
805340188.805452,2.8375369999999998
805340191.283198,2.421218
805340193.7000921,2.36286
805340196.140112,2.38318
805340198.534022,2.3372979999999997
805340200.730654,2.1412739999999997
805340203.0397561,2.24162
805340205.705097,2.601854
805340207.910132,2.138329
805340210.184633,2.193808
805340212.799791,2.5275630000000002
805340214.337287,1.473881
805340215.930892,1.533432
805340218.029159,2.052121
805340220.076586,1.998853
805340222.33875,2.193468
805340223.839715,1.441615
805340225.657021,1.7581579999999999
805340227.453975,1.733694
805340230.0343599,2.532808
805340233.373755,3.283946
805340236.093873,2.660555
805340238.6066849,2.455859
805340241.167728,2.5070460000000003
805340243.238114,2.014568
805340245.584723,2.266522
805340248.279182,2.609146
805340251.456516,3.099723
805340254.336568,2.819917
805340257.2306061,2.832154
805340259.674407,2.380739
805340262.2092141,2.455623
805340265.352092,3.05779
805340268.372034,2.933586
805340270.810136,2.3514959999999996
805340273.8859739,2.9772980000000002
805340276.494383,2.522048
805340279.272967,2.703961
805340281.9391911,2.586783
805340284.426111,2.400074
805340286.925276,2.414698
805340289.663918,2.659106
805340292.5578461,2.8078980000000002
805340295.282195,2.635672
805340298.245261,2.883678
805340301.506088,3.184617
805340304.222413,2.659913
805340306.590126,2.309726
805340309.149564,2.505083
805340311.698476,2.491811
805340314.5181769,2.7593449999999997
805340317.036321,2.455508
805340319.575127,2.475895
805340322.32292,2.687402
805340325.1429371,2.756855
805340327.716545,2.5113179999999997
805340330.390316,2.6122929999999998
805340333.327435,2.874929
805340336.295401,2.9050000000000002
805340338.972806,2.6139520000000003
805340342.1706921,3.13704
805340345.0689859,2.835683
805340347.5521181,2.4205609999999997
805340350.0179089,2.398635
805340352.936695,2.8336379999999997
805340356.483916,3.4832359999999998
805340359.67026,3.102805
805340362.241367,2.51034
805340365.417056,3.101517
805340368.865081,3.3633119999999996
805340371.526237,2.5984350000000003
805340374.006703,2.419474
805340377.147521,3.055775
805340379.635891,2.424531
805340382.159612,2.444311
805340385.019506,2.776275
805340387.572617,2.483223
805340390.4235749,2.772333
805340393.5155449,3.034881
805340396.063845,2.491516
805340399.202998,3.081146
805340401.3652279,2.107809
805340403.8854519,2.4351059999999998
805340406.751851,2.787731
805340409.1972849,2.382728
805340412.520814,3.238391
805340415.183915,2.599588
805340417.485449,2.2413089999999998
805340420.481275,2.911414
805340422.9487959,2.403581
805340425.783677,2.755621
805340428.8132011,2.944722
805340431.28215,2.406208
805340434.356178,2.995841
805340437.1161749,2.697021
805340439.6625539,2.472242
805340442.506081,2.764472
805340445.308657,2.7183200000000003
805340448.1140591,2.720761
805340451.346045,3.16299
805340454.052662,2.6264499999999997
805340456.527209,2.3889940000000003
805340459.049412,2.4373099999999996
805340462.019042,2.889889
805340464.2126471,2.0936209999999997
805340466.912831,2.641852
805340469.280237,2.3124819999999997
805340471.972853,2.635985
805340474.4152601,2.366258
805340476.950035,2.477465
805340479.930845,2.9242790000000003
805340482.362683,2.371041
805340484.819845,2.393849
805340487.724433,2.841541
805340490.099814,2.279733
805340492.217625,2.053847
805340495.065387,2.760017
805340497.73123,2.5853859999999997
805340500.079883,2.26333
805340502.881559,2.714927
805340505.5923289,2.6332880000000003
805340508.540003,2.861759
805340511.31082,2.686621
805340513.7276521,2.337889
805340516.701773,2.8911729999999998
805340519.3455241,2.579752
805340521.576038,2.154632
805340523.928065,2.2675
805340526.198877,2.1599739999999996
805340528.565824,2.282219
805340531.405951,2.75447
805340533.933421,2.477116
805340536.321978,2.335594
805340538.397792,2.013388
805340540.931752,2.484136
805340543.6864221,2.68735
805340546.2225931,2.476552
805340548.7604569,2.4747369999999997
805340551.725752,2.901912
805340554.306952,2.520875
805340557.121812,2.752033
805340559.885873,2.701856
805340562.4609951,2.5154579999999997
805340565.017513,2.493386
805340567.708074,2.6278159999999997
805340570.095998,2.332003
805340573.003829,2.822387
805340575.68857,2.594154
805340578.468374,2.687675
805340581.2314479,2.6654959999999996
805340584.122134,2.804274
805340586.940717,2.729636
805340589.582608,2.562376
805340592.1834489,2.513833
805340595.0060569,2.7365079999999997
805340597.7437421,2.660615
805340600.8797491,3.050352
805340603.640663,2.697942
805340606.912827,3.212179
805340610.2393581,3.263585
805340613.601001,3.298722
805340616.607882,2.94394
805340619.296644,2.6253230000000003
805340622.093717,2.736733
805340625.0131401,2.856512
805340627.637255,2.56175
805340630.114713,2.416957
805340633.052274,2.874819
805340635.839649,2.7247600000000003
805340638.629298,2.7292829999999997
805340641.168238,2.481935
805340644.168296,2.94418
805340646.547907,2.3230389999999996
805340648.602762,2.000019
805340651.022255,2.360701
805340653.646668,2.566855
805340656.105243,2.368422
805340658.787298,2.595684
805340661.088306,2.2213369999999997
805340663.356047,2.182763
805340666.1150221,2.677771
805340668.688071,2.488445
805340671.181002,2.435794
805340674.0687519,2.833151
805340677.001497,2.875235
805340679.556741,2.4978029999999998
805340682.5839001,2.967475
805340684.828386,2.1810140000000002
805340688.058713,3.145288
805340690.91781,2.773498
805340693.597751,2.6196
805340695.900944,2.23977
805340698.971965,2.9913600000000002
805340701.588337,2.531665
805340704.104697,2.43061
805340707.212669,3.021925
805340710.383925,3.116533
805340712.552953,2.111315
805340714.518472,1.9021439999999998
805340716.860031,2.2817879999999997
805340719.597282,2.661091
805340722.157994,2.480952
805340725.052544,2.810229
805340727.1029589,1.9863559999999998
805340729.644517,2.481163
805340732.434262,2.705126
805340734.7819381,2.29076
805340736.7293451,1.876261
805340738.248426,1.448651
805340740.2227291,1.894637
805340742.05994,1.752794
805340744.345034,2.231518
805340746.6082081,2.199701
805340749.2837421,2.6255089999999996
805340751.268654,1.932189
805340753.955937,2.628209
805340756.2158489,2.192069
805340758.469241,2.168084
805340760.8389599,2.2897920000000003
805340763.322287,2.398319
805340766.190475,2.7885280000000003
805340768.33794,2.084609
805340769.9075611,1.506372
805340771.724539,1.744385
805340773.5246091,1.7399419999999999
805340776.326174,2.753507
805340778.176627,1.791544
805340780.673383,2.451556
805340782.984856,2.260468
805340785.256146,2.2227200000000003
805340787.5526229,2.23657
805340789.981737,2.372093
805340792.325962,2.284336
805340794.790436,2.394266
805340797.136139,2.2447909999999998
805340799.843843,2.62994
805340802.37213,2.457108
805340805.299507,2.8307990000000003
805340807.859143,2.475151
805340810.8342451,2.900877
805340813.250366,2.331474
805340816.543414,3.209343
805340818.940897,2.33409
805340822.0569719,3.0368410000000003
805340824.570204,2.449935
805340826.7505059,2.1174660000000003
805340829.437193,2.607697
805340831.97822,2.46706
805340834.748332,2.3000220000000002
805340837.26075,2.455317
805340839.460029,2.1410560000000003
805340842.5522779,3.021295
805340844.251674,1.623959
805340846.368858,2.033264
805340848.419729,1.9709189999999999
805340850.3166859,1.812471
805340852.63741,2.261276
805340855.453016,2.7523589999999998
805340858.485258,2.972598
805340861.698648,3.1618229999999996
805340863.696877,1.945094
805340866.69789,2.938126
805340868.688846,1.938863
805340871.502537,2.750251
805340873.9365929,2.382696
805340876.486282,2.497758
805340878.979271,2.40791
805340881.7360729,2.6672559999999996
805340884.493809,2.670162
805340887.34803,2.7793069999999997
805340890.303145,2.895136
805340892.9670739,2.601848
805340895.7861531,2.7559270000000002
805340898.503846,2.657939
805340901.510953,2.9443
805340904.127582,2.5548849999999996
805340906.1599691,1.9687189999999999
805340908.6791251,2.441124
805340911.035407,2.274587
805340914.1140009,2.998102
805340916.126356,1.949759
805340918.79867,2.5790409999999997
805340920.915914,2.061385
805340923.375395,2.374103
805340926.165257,2.7087130000000004
805340929.093405,2.852593
805340932.238749,3.0878110000000003
805340934.4072729,2.105226
805340937.207945,2.7403560000000002
805340939.607322,2.335644
805340942.230816,2.542961
805340944.764526,2.447314
805340947.185193,2.3342609999999997
805340949.945561,2.680993
805340952.626744,2.5962099999999997
805340955.2813749,2.5694670000000004
805340956.914668,1.5621630000000002
805340958.994651,2.003759
805340961.385438,2.3105
805340964.073543,2.604174
805340966.039443,1.88106
805340967.854291,1.742932
805340970.2369449,2.328541
805340972.629401,2.3361359999999998
805340975.182581,2.4962489999999997
805340978.055956,2.790942
805340981.2623581,3.149197
805340984.3623691,3.043319
805340987.264288,2.845191
805340989.772915,2.453771
805340992.529984,2.7005079999999997
805340995.1375159,2.5449159999999997
805340997.643506,2.44557
805341000.050932,2.3446700000000003
805341002.6946859,2.5802389999999997
805341004.822899,2.0733449999999998
805341007.026495,2.140645
805341009.461841,2.375622
805341011.844328,2.318869
805341014.168791,2.2568900000000003
805341016.932962,2.702252
805341019.325113,2.328798
805341021.681705,2.296472
805341024.20681,2.4626639999999997
805341026.524712,2.233636
805341029.527093,2.923452
805341032.524107,2.934148
805341034.837975,2.250911
805341037.797381,2.8797050000000004
805341040.259414,2.398756
805341043.260852,2.91621
805341045.4950601,2.1735819999999997
805341048.399864,2.8341999999999996
805341050.570438,2.108109
805341053.09009,2.431346
805341055.6157409,2.4454849999999997
805341058.783152,3.0990520000000004
805341061.564529,2.7180400000000002
805341063.651318,2.024268
805341066.565814,2.835412
805341068.9740759,2.344935
805341072.074105,3.015231
805341074.298796,2.160837
805341077.2941949,2.918165
805341080.129277,2.77173
805341083.2136991,3.000281
805341085.865654,2.591389
805341088.5749581,2.636174
805341091.5434049,2.883339
805341094.303412,2.699877
805341096.678031,2.311824
805341099.9620979,3.200051
805341102.606957,2.562427
805341105.170151,2.499641
805341108.493765,3.2495060000000002
805341111.316984,2.751226
805341114.117394,2.721171
805341116.862903,2.68206
805341119.612284,2.68633
805341122.03906,2.365113
805341124.972722,2.848408
805341127.5730519,2.537521
805341130.718751,3.087843
805341133.164742,2.382422
805341136.2607559,3.012004
805341138.7629881,2.4381120000000003
805341141.462368,2.6222149999999997
805341144.541859,2.99547
805341146.6281971,2.0227399999999998
805341149.754512,3.046655
805341152.081174,2.2642930000000003
805341154.662826,2.494113
805341157.7560979,3.014183
805341160.316285,2.497255
805341163.2839,2.903285
805341165.46781,2.1231430000000002
805341168.7574251,3.205299
805341170.924662,2.103292
805341174.0290749,3.0254190000000003
805341176.488803,2.3959699999999997
805341179.660944,3.0873630000000003
805341181.925262,2.203706
805341184.864501,2.855705
805341187.307921,2.3803129999999997
805341190.0795751,2.692244
805341193.047581,2.898134
805341196.328566,3.218369
805341198.814685,2.423529
805341201.377653,2.485097
805341204.565596,3.102223
805341206.9765251,2.34747
805341210.051019,2.99537
805341212.9610951,2.846693
805341215.473415,2.438834
805341218.497798,2.957431
805341221.0432451,2.482922
805341223.807436,2.7008140000000003
805341226.4638319,2.5956439999999996
805341229.790097,3.2417230000000004
805341233.4185561,3.5532939999999997
805341236.47345,2.971784
805341238.6317099,2.094276
805341241.494606,2.7832209999999997
805341243.706261,2.149135
805341246.822778,3.0373069999999998
805341249.624933,2.738356
805341252.7893269,3.08083
805341255.750141,2.896585
805341258.9544721,3.1241849999999998
805341261.212957,2.195077
805341264.0282071,2.731064
805341266.922178,2.806823
805341269.664937,2.687831
805341272.5804961,2.858478
805341274.904477,2.265813
805341277.292227,2.330745
805341279.591126,2.231216
805341281.939875,2.285632
805341284.1896881,2.1827029999999996
805341286.6758721,2.401201
805341289.166406,2.410393
805341291.505779,2.254384
805341293.799814,2.207392
805341296.169193,2.301294
805341298.662459,2.411871
805341301.201261,2.46858
805341303.9359479,2.649369
805341306.7813541,2.7362509999999998
805341309.758952,2.8923099999999997
805341312.6252869,2.8038600000000002
805341315.0936539,2.405552
805341317.869708,2.6962029999999997
805341320.804432,2.850142
805341323.159791,2.29107
805341326.364283,3.102474
805341329.251491,2.8232690000000003
805341331.703019,2.388356
805341334.496159,2.709971
805341337.447937,2.86659
805341340.055579,2.543983
805341342.317721,2.198414
805341345.195552,2.8000299999999996
805341348.184888,2.9054800000000003
805341350.6687319,2.419934
805341353.794425,3.048453
805341357.071095,3.214064
805341360.1805559,3.045932
805341363.2392119,2.9888950000000003
805341366.3424029,3.034786
805341369.009098,2.6042199999999998
805341371.242784,2.169546
805341373.789449,2.478571
805341376.591279,2.7168520000000003
805341379.801353,3.126039
805341382.554524,2.692931
805341385.636261,3.019376
805341387.9954939,2.296467
805341391.335701,3.223073
805341393.0671409,1.660543
805341395.213449,2.06989
805341397.884991,2.599636
805341400.18194,2.213029
805341402.405125,2.1389460000000002
805341403.9398019,1.46283
805341406.005506,1.9614950000000002
805341408.596089,2.507099
805341410.928865,2.2566610000000003
805341413.144444,2.135703
805341415.980215,2.766882
805341418.453385,2.384584
805341420.065179,1.548336
805341422.088599,1.939365
805341424.104012,1.955663
805341425.917655,1.765651
805341428.168853,2.193784
805341430.520084,2.283357
805341433.033814,2.434351
805341435.383233,2.2853130000000004
805341437.718002,2.255121
805341440.186979,2.392122
805341442.915637,2.6523440000000003
805341445.6170679,2.647533
805341448.096068,2.42238
805341450.771572,2.617228
805341453.240266,2.4136499999999996
805341456.3390889,3.020814
805341458.697039,2.300351
805341461.7882531,3.012175
805341464.566296,2.715107
805341466.8748369,2.247388
805341469.25107,2.296382
805341473.0220611,3.68555
805341474.71108,1.638625
805341477.071953,2.3120950000000002
805341479.956305,2.832383
805341482.184678,2.158534
805341484.5707381,2.323463
805341486.886901,2.264106
805341489.3550019,2.4141229999999996
805341491.721009,2.308891
805341494.221592,2.446877
805341497.063522,2.784476
805341499.8664631,2.7464619999999997
805341502.631512,2.7052690000000004
805341505.1729851,2.479493
805341507.97311,2.7374389999999997
805341510.56911,2.5099839999999998
805341513.3846511,2.7522089999999997
805341515.89849,2.451765
805341519.088879,3.130058
805341521.686622,2.535393
805341524.486943,2.737835
805341527.0131551,2.462559
805341529.7671081,2.6937979999999997
805341532.3939949,2.564036
805341534.795286,2.339467
805341536.960593,2.104706
805341539.464268,2.431753
805341542.402455,2.858997
805341545.255077,2.766798
805341547.842718,2.502472
805341550.3658379,2.462729
805341552.636019,2.206974
805341555.008559,2.309924
805341557.384637,2.296122
805341559.821055,2.349777
805341562.3553361,2.454058
805341564.752613,2.3207039999999997
805341567.758353,2.9114869999999997
805341570.649812,2.8368680000000004
805341573.1550579,2.448477
805341575.496631,2.279844
805341578.077245,2.521051
805341580.3536409,2.214803
805341582.4864371,1.9815589999999998
805341584.968591,2.422286
805341587.661322,2.635878
805341590.4094009,2.6932110000000002
805341592.387131,1.920668
805341594.708542,2.234443
805341597.10833,2.319907
805341599.830524,2.635778
805341602.382225,2.472432
805341605.920444,3.45287
805341609.498606,3.516688
805341612.496221,2.935341
805341615.684008,3.123793
805341618.837952,3.093217
805341621.989672,3.087144
805341625.415589,3.3628709999999997
805341628.032784,2.55471
805341630.858974,2.760994
805341633.5940881,2.6719370000000002
805341635.805778,2.1447789999999998
805341638.100997,2.231632
805341640.3498989,2.181355
805341643.009891,2.5871929999999996
805341645.059525,1.994441
805341647.636315,2.4906949999999997
805341650.6542109,2.938761
805341653.02957,2.318086
805341655.378492,2.291295
805341657.456612,2.0064710000000003
805341659.492458,1.965231
805341661.085262,1.524019
805341663.179363,2.009585
805341665.386633,2.1271329999999997
805341667.6157631,2.1453100000000003
805341669.408357,1.712437
805341671.35062,1.865108
805341673.711982,2.302216
805341675.998547,2.2386530000000002
805341678.395509,2.327974
805341680.958365,2.516463
805341683.1427081,2.124444
805341685.498769,2.292097
805341687.930554,2.335458
805341690.6306211,2.599509
805341693.32074,2.6144100000000003
805341695.658968,2.274757
805341698.586374,2.866829
805341701.0338349,2.378215
805341703.659743,2.5494570000000003
805341706.457202,2.718084
805341709.1670519,2.62407
805341711.673909,2.421324
805341714.164619,2.4102770000000002
805341717.112247,2.862906
805341719.733597,2.534337
805341722.283985,2.470612
805341725.156554,2.7855060000000003
805341727.8906,2.6484579999999998
805341731.132294,3.161958
805341733.846348,2.6292519999999997
805341736.648223,2.716541
805341739.456421,2.7232160000000003
805341742.018412,2.481975
805341745.000021,2.8928309999999997
805341747.5456129,2.482771
805341750.290695,2.684536
805341752.829376,2.4741009999999997
805341755.3246421,2.431342
805341758.554332,3.170984
805341761.419013,2.800682
805341764.0490309,2.5668159999999998
805341766.790775,2.678772
805341769.669218,2.818162
805341772.4810001,2.749032
805341775.037994,2.494062
805341777.511068,2.413365
805341780.1908779,2.617149
805341782.539196,2.2836819999999998
805341784.790614,2.192691
805341786.860153,1.9786130000000002
805341789.5105851,2.588312
805341791.807036,2.2220590000000002
805341793.945644,2.0775099999999997
805341796.278558,2.251084
805341798.85872,2.517139
805341801.1075281,2.1869929999999997
805341803.806262,2.646581
805341806.166919,2.29957
805341808.6905559,2.461106
805341811.3094691,2.556889
805341813.835491,2.465872
805341816.410481,2.51244
805341819.136114,2.662646
805341821.557627,2.3613530000000003
805341824.351102,2.731095
805341826.3856591,1.971506
805341828.745684,2.293591
805341831.385507,2.573061
805341833.895396,2.43486
805341836.362551,2.400469
805341838.594468,2.147341
805341840.8096061,2.150939
805341842.932128,2.056268
805341845.038533,2.0427869999999997
805341847.1474689,2.042235
805341849.233082,2.022109
805341851.323061,2.0344130000000002
805341854.066325,2.6906719999999997
805341856.350339,2.21733
805341858.5587801,2.153899
805341860.771036,2.148868
805341862.887044,2.060628
805341864.910111,1.959564
805341867.067386,2.088094
805341869.388932,2.223021
805341871.748718,2.2911960000000002
805341873.81725,2.004427
805341876.261956,2.35324
805341878.897309,2.564678
805341881.7082139,2.732157
805341884.2833711,2.4895669999999996
805341887.0150621,2.6447990000000003
805341889.938314,2.844203
805341892.49198,2.469229
805341895.1628699,2.5955340000000002
805341898.2175779,2.975474
805341900.997185,2.695467
805341903.837854,2.755211
805341906.392217,2.4746669999999997
805341909.297407,2.819064
805341912.0254091,2.63225
805341914.710351,2.595588
805341917.531235,2.7413429999999996
805341920.1143501,2.495045
805341923.256125,3.056932
805341925.947016,2.6308260000000003
805341928.930082,2.9108229999999997
805341931.1147491,2.121004
805341934.587196,3.393297
805341936.7541059,2.104304
805341939.5822461,2.743017
805341942.709939,3.048158
805341945.7559011,2.9825239999999997
805341948.108274,2.290133
805341951.188116,3.0031879999999997
805341954.076957,2.828436
805341956.5487579,2.4080730000000004
805341959.406497,2.774259
805341961.938663,2.471375
805341965.0300219,3.006155
805341967.196847,2.104776
805341970.247591,2.972191
805341972.4937259,2.183755
805341975.968136,3.389998
805341978.327751,2.274417
805341981.614766,3.2170110000000003
805341984.9780121,3.277927
805341988.4694409,3.407474
805341990.8637971,2.33177
805341993.015332,2.0915399999999997
805341996.27853,3.177894
805341998.608315,2.2663420000000003
805342001.5467521,2.861022
805342004.396538,2.7871509999999997
805342007.0037719,2.521881
805342008.701634,1.6263910000000001
805342010.990089,2.212542
805342013.423934,2.361528
805342015.848243,2.340341
805342018.419281,2.499345
805342020.054139,1.549985
805342022.165455,2.039288
805342024.2031,1.984044
805342026.559791,2.298881
805342029.229508,2.615198
805342031.57962,2.2933440000000003
805342034.044399,2.410617
805342036.526058,2.4250909999999997
805342039.181121,2.597653
805342042.180686,2.94606
805342045.067042,2.830487
805342047.805433,2.682749
805342050.3475521,2.4870539999999997
805342052.832057,2.421699
805342054.9462351,2.0514219999999996
805342057.678493,2.65384
805342059.69166,1.949985
805342062.476789,2.706161
805342065.1825399,2.647951
805342068.0379449,2.771254
805342069.750168,1.635544
805342071.92067,2.09918
805342074.1094979,2.076112
805342076.2712921,2.077623
805342078.459071,2.103252
805342080.605569,2.062277
805342082.2296951,1.540472
805342084.286614,1.9825939999999997
805342086.636296,2.305816
805342088.980016,2.301783
805342091.259958,2.223053
805342093.567711,2.2652140000000003
805342096.344332,2.733193
805342098.980636,2.572636
805342101.771505,2.731666
805342104.821968,2.987847
805342107.6500081,2.765754
805342110.46416,2.754283
805342112.907254,2.379295
805342115.540726,2.548469
805342118.6297541,3.010194
805342121.034564,2.342921
805342123.2525439,2.154913
805342126.284564,2.953387
805342128.882674,2.535298
805342132.4848759,3.5183720000000003
805342134.953715,2.407401
805342138.096006,3.063593
805342140.9828889,2.8241210000000003
805342143.5745031,2.529479
805342146.459908,2.806325
805342149.587716,3.044254
805342151.7742519,2.123906
805342154.9407101,3.087539
805342157.7550781,2.7515970000000003
805342159.954911,2.137172
805342163.1519951,3.090546
805342166.072691,2.8573130000000004
805342168.9649659,2.807207
805342171.1031951,2.075743
805342174.027615,2.845752
805342176.216171,2.1257509999999997
805342178.76255,2.4618230000000003
805342181.625715,2.772928
805342184.549197,2.865803
805342186.696852,2.090843
805342189.133624,2.383187
805342191.841711,2.62356
805342194.474767,2.573793
805342196.709866,2.172122
805342199.6887931,2.8943250000000003
805342202.661304,2.893577
805342204.605942,1.881756
805342206.758424,2.083271
805342209.010298,2.1886509999999997
805342211.267063,2.187965
805342213.6832991,2.3531590000000002
805342216.187982,2.4378529999999996
805342218.441139,2.1956749999999996
805342221.067218,2.565851
805342223.569671,2.433885
805342224.973684,1.343058
805342226.452623,1.3963160000000001
805342228.574073,2.048756
805342231.890751,3.2537920000000002
805342234.680883,2.7303219999999997
805342237.481281,2.738212
805342239.827721,2.290838
805342242.094952,2.212536
805342244.502995,2.35172
805342247.168814,2.603466
805342249.967315,2.741989
805342252.760287,2.733181
805342255.1452199,2.319205
805342257.307039,2.098381
805342260.044995,2.6526330000000002
805342262.439385,2.325565
805342265.177976,2.659533
805342267.508879,2.2737030000000003
805342270.08393,2.496252
805342272.512119,2.344378
805342274.984667,2.387575
805342277.4232451,2.359284
805342280.150776,2.6474200000000003
805342282.6617631,2.4255280000000004
805342285.606415,2.874975
805342288.031095,2.362531
805342290.9606321,2.8427499999999997
805342293.5913279,2.57035
805342296.1162419,2.462038
805342299.042135,2.84091
805342301.658282,2.555882
805342303.943889,2.222927
805342306.991866,2.9503950000000003
805342309.446813,2.391664
805342312.757051,3.225852
805342314.965979,2.145416
805342317.7456421,2.700924
805342320.9589491,3.129372
805342324.157246,3.1359869999999996
805342326.246732,2.025712
805342329.5619019,3.2376739999999997
805342332.065516,2.440718
805342334.911062,2.756859
805342338.010649,3.0206030000000004
805342340.937024,2.864666
805342343.762899,2.7635799999999997
805342346.578295,2.755271
805342349.527753,2.8878250000000003
805342351.832599,2.241715
805342354.972261,3.0465739999999997
805342358.253702,3.209142
805342360.680888,2.35329
805342363.163489,2.406649
805342365.578001,2.345337
805342368.064146,2.410934
805342370.195463,2.064086
805342372.302008,2.042656
805342373.867037,1.4904
805342375.6648049,1.734618
805342377.721845,1.9946030000000001
805342379.216354,1.440096
805342381.206337,1.929332
805342383.579488,2.310014
805342385.791239,2.151533
805342387.583756,1.743946
805342390.295822,2.666021
805342392.7362449,2.394064
805342395.152167,2.354386
805342397.334268,2.135475
805342399.5115299,2.113
805342402.11938,2.546488
805342404.1269591,1.9440950000000001
805342406.531925,2.34434
805342408.9232211,2.331854
805342411.098418,2.11986
805342413.070123,1.917808
805342415.292019,2.1668149999999997
805342417.592261,2.247399
805342419.719538,2.06223
805342421.896706,2.121702
805342423.945582,1.991142
805342426.050846,2.052844
805342428.17937,2.0902249999999998
805342430.322553,2.08912
805342432.5401901,2.177815
805342434.693264,2.097058
805342436.827954,2.082499
805342439.172648,2.289259
805342441.342787,2.112726
805342443.4130161,2.010353
805342445.9885631,2.522239
805342447.50176,1.444682
805342449.436391,1.869904
805342451.36502,1.8527159999999998
805342453.530542,2.09412
805342455.516361,1.903873
805342457.511737,1.919084
805342459.5189769,1.923333
805342461.383016,1.808725
805342463.229866,1.804017
805342465.001522,1.718785
805342466.8627269,1.81926
805342469.444844,2.5374540000000003
805342471.5790279,2.0750249999999997
805342473.650286,1.9916819999999997
805342475.734482,2.0107329999999997
805342477.6187351,1.8238690000000002
805342480.320015,2.586942
805342482.823865,2.4389390000000004
805342484.801813,1.925005
805342487.3532721,2.49504
805342489.5469321,2.1393139999999997
805342491.812994,2.197247
805342493.952325,2.078134
805342496.2363629,2.208844
805342498.6842791,2.373462
805342500.981788,2.2261580000000003
805342503.886557,2.828802
805342506.1766499,2.2219349999999998
805342508.399122,2.125341
805342510.166205,1.698459
805342511.720041,1.493356
805342513.585374,1.804471
805342515.241302,1.601084
805342517.49852,2.20474
805342519.596582,2.047796
805342521.883146,2.239201
805342523.718677,1.7853
805342526.4921579,2.693309
805342529.729538,3.1687469999999998
805342532.076514,2.283493
805342534.496534,2.3576349999999997
805342536.7389699,2.182683
805342539.036274,2.230203
805342541.351816,2.25241
805342543.769922,2.332511
805342546.692592,2.8428839999999997
805342549.07725,2.321505
805342551.636329,2.476652
805342553.634818,1.937757
805342556.358806,2.640417
805342559.213629,2.798231
805342561.9350209,2.651498
805342563.590477,1.580103
805342565.777256,2.093872
805342568.265159,2.405236
805342570.9894329,2.641577
805342572.529039,1.4614280000000002
805342574.6027169,1.9943790000000001
805342577.230811,2.528147
805342579.8126531,2.49776
805342582.208138,2.332227
805342585.078831,2.8183219999999998
805342587.757797,2.625582
805342590.2254859,2.4087319999999997
805342592.887474,2.60036
805342595.419946,2.470438
805342598.01364,2.5349679999999997
805342600.755725,2.6805190000000003
805342603.387854,2.576419
805342606.617134,3.174773
805342609.778696,3.1047290000000003
805342612.495045,2.65929
805342615.184262,2.604043
805342618.126423,2.863678
805342620.606117,2.417464
805342623.0437181,2.37524
805342626.2035509,3.081295
805342628.91511,2.648988
805342631.678149,2.678537
805342634.769277,3.012024
805342637.632158,2.799624
805342640.104219,2.4100319999999997
805342643.248857,3.059204
805342645.98342,2.674704
805342648.202537,2.156561
805342651.25959,2.972547
805342653.5443,2.225828
805342656.807143,3.179389
805342659.0323089,2.162986
805342661.914926,2.804134
805342664.121991,2.144704
805342667.108068,2.8978430000000004
805342670.105002,2.917624
805342672.534319,2.344971
805342675.4257959,2.807899
805342678.3811079,2.8769590000000003
805342681.159282,2.716541
805342683.8283069,2.607943
805342686.227875,2.339859
805342689.217191,2.927177
805342691.7169261,2.436944
805342694.119175,2.342334
805342696.974594,2.7929589999999997
805342699.0713869,2.03569
805342701.904082,2.754394
805342704.472202,2.483007
805342706.96397,2.420952
805342709.994932,2.9527360000000002
805342711.956772,1.904799
805342714.6461589,2.6134370000000002
805342717.050687,2.3476109999999997
805342719.565884,2.4198470000000003
805342722.318563,2.6869569999999996
805342725.252816,2.8502359999999998
805342727.645843,2.330963
805342730.076352,2.369824
805342733.564074,3.4034899999999997
805342736.8813579,3.2333689999999997
805342740.055835,3.08951
805342743.088131,2.9472069999999997
805342745.9257829,2.758382
805342748.4355971,2.448205
805342750.914776,2.4171940000000003
805342754.091909,3.1172090000000003
805342756.394556,2.241194
805342759.148077,2.666889
805342762.091501,2.864901
805342764.614946,2.4533530000000003
805342767.022392,2.3227439999999997
805342769.949143,2.848168
805342772.2260189,2.214442
805342775.200019,2.889047
805342778.076823,2.798111
805342781.09036,2.951107
805342783.912852,2.759626
805342786.1395969,2.166079
805342789.391219,3.1665579999999998
805342791.860714,2.40702
805342795.441417,3.501573
805342797.919943,2.4145220000000003
805342800.507158,2.523722
805342803.40682,2.8135220000000003
805342805.963608,2.496583
805342808.168352,2.142399
805342811.167716,2.9146419999999997
805342813.7398449,2.511643
805342816.726269,2.899427
805342819.4630519,2.674623
805342822.005632,2.48245
805342824.1007609,2.032478
805342826.477024,2.305312
805342829.072578,2.516916
805342831.183273,2.044451
805342833.955183,2.6532940000000003
805342836.204623,2.1860370000000002
805342838.363873,2.094029
805342840.513815,2.070842
805342842.970019,2.3824319999999997
805342845.395918,2.329578
805342847.43062,1.9591489999999998
805342849.596102,2.086354
805342852.0586619,2.394033
805342855.057896,2.929264
805342858.561182,3.433778
805342862.1070609,3.473703
805342864.772953,2.596383
805342867.6670469,2.810018
805342869.926849,2.1995270000000002
805342872.451252,2.462153
805342874.931001,2.417335
805342877.944978,2.954336
805342880.632222,2.630836
805342883.633039,2.9374689999999997
805342886.626955,2.934142
805342889.3554189,2.666199
805342892.5423349,3.124225
805342895.071965,2.466843
805342898.178915,3.028272
805342900.725364,2.484144
805342903.133973,2.345662
805342905.933627,2.721322
805342908.141212,2.145169
805342910.655923,2.429156
805342913.889989,3.1547609999999997
805342916.4351549,2.488743
805342919.1764439,2.684473
805342921.2259461,1.978161
805342923.638067,2.340966
805342926.494514,2.777353
805342929.250947,2.671511
805342932.479471,3.145031
805342934.103673,1.5484769999999999
805342936.190538,2.015499
805342937.8604729,1.594656
805342939.842897,1.925913
805342942.240815,2.327714
805342944.582375,2.257703
805342946.675611,2.0171669999999997
805342949.018105,2.263178
805342951.045908,1.9723090000000003
805342953.396693,2.28664
805342955.8897821,2.406476
805342958.600522,2.656497
805342960.9284071,2.271277
805342963.265305,2.279933
805342965.614627,2.295153
805342967.7231331,2.03343
805342970.258484,2.463978
805342973.1587731,2.803621
805342975.883838,2.661282
805342978.61365,2.670659
805342982.2511541,3.575239
805342985.5597631,3.245998
805342988.703519,3.081757
805342992.256016,3.479627
805342995.755621,3.415759
805342999.2081599,3.374608
805343003.005807,3.714744
805343005.816667,2.7478730000000002
805343008.459897,2.580128
805343010.979429,2.456765
805343014.348253,3.289144
805343016.763613,2.3536249999999996
805343019.446134,2.6069600000000004
805343022.730294,3.205596
805343025.354106,2.566605
805343028.468287,3.052292
805343030.516281,1.9855639999999999
805343033.780818,3.1856240000000002
805343036.193952,2.350679
805343039.609711,3.3316779999999997
805343042.302756,2.6330400000000003
805343045.61087,3.223893
805343048.033586,2.327073
805343051.091557,2.972106
805343053.710565,2.559084
805343056.3260499,2.553105
805343058.848605,2.450486
805343062.041695,3.114182
805343064.765112,2.6614009999999997
805343067.223045,2.394986
805343069.993165,2.703254
805343073.169581,3.089198
805343076.172865,2.941961
805343078.3918821,2.155469
805343081.202997,2.733374
805343083.954785,2.667366
805343087.327834,3.265333
805343090.2002779,2.808976
805343093.022299,2.759661
805343095.592248,2.5072330000000003
805343097.860715,2.20759
805343100.424871,2.479243
805343103.415946,2.9061120000000003
805343106.4455249,2.969695
805343108.919807,2.411185
805343111.99198,2.987441
805343114.607887,2.523526
805343117.858777,3.163406
805343120.777839,2.856852
805343123.066388,2.226264
805343125.7823471,2.636504
805343129.173874,3.3195799999999998
805343131.303353,2.066272
805343133.828212,2.446066
805343136.674765,2.762252
805343139.336162,2.590101
805343142.576713,3.161256
805343145.396108,2.717829
805343148.177439,2.696969
805343150.680303,2.440027
805343153.267242,2.527846
805343156.037236,2.70776
805343158.685278,2.572269
805343161.2660711,2.526507
805343163.3456221,2.023191
805343165.5275699,2.121954
805343167.892786,2.297505
805343170.1109339,2.160228
805343172.317937,2.147609
805343174.380357,1.9945879999999998
805343177.069982,2.63262
805343179.2617811,2.131952
805343181.5288199,2.209745
805343183.653071,2.063826
805343185.9499049,2.239729
805343188.197122,2.187225
805343190.486377,2.211837
805343192.840128,2.273965
805343195.242342,2.317041
805343197.502669,2.181476
805343199.0586691,1.4929299999999999
805343201.230661,2.108825
805343203.095122,1.781438
805343205.5481391,2.373652
805343208.17025,2.536782
805343210.6723211,2.417198
805343213.077371,2.3388910000000003
805343215.6103389,2.448728
805343217.968796,2.2789949999999997
805343219.5666159,1.5216310000000002
805343221.622178,1.9837779999999998
805343224.1372149,2.430369
805343226.7554021,2.533731
805343228.9689701,2.14128
805343231.499755,2.456071
805343234.047582,2.494539
805343236.76096,2.657801
805343239.248753,2.431478
805343241.792079,2.4884939999999998
805343244.8849051,3.0361059999999997
805343247.4843099,2.543671
805343250.015808,2.477357
805343252.994159,2.894971
805343255.3776131,2.3209250000000003
805343258.3214179,2.865292
805343261.302038,2.917398
805343263.8605211,2.4945280000000003
805343266.7303541,2.791255
805343269.551954,2.7384020000000002
805343272.726767,3.112392
805343275.3874071,2.5976839999999997
805343277.832837,2.385103
805343279.541194,1.632173
805343281.7464141,2.126466
805343284.107436,2.277543
805343286.285349,2.084978
805343287.816116,1.459144
805343289.680218,1.794895
805343292.298986,2.534577
805343294.741961,2.386611
805343296.676582,1.884444
805343298.771237,2.0436400000000003
805343301.361318,2.527464
805343303.655985,2.2406729999999997
805343305.9195,2.211634
805343307.94554,1.96643
805343310.368412,2.3260590000000003
805343311.976662,1.530043
805343313.972052,1.900652
805343316.136783,2.076069
805343318.2231029,2.002548
805343320.504303,2.209674
805343322.790637,2.2224720000000002
805343325.0070499,2.1366549999999997
805343326.9263821,1.8554059999999999
805343328.755685,1.769921
805343331.109877,2.307164
805343333.5049039,2.3387510000000002
805343336.177855,2.617708
805343338.73596,2.5017139999999998
805343341.2738061,2.4829090000000003
805343343.842996,2.512041
805343345.924796,2.0263709999999997
805343349.158751,3.149775
805343351.605208,2.383269
805343354.76501,3.090902
805343358.303309,3.453401
805343360.7623999,2.367302
805343363.5910771,2.744992
805343366.3734211,2.703696
805343369.209394,2.774931
805343372.182077,2.9095459999999997
805343374.804683,2.5597950000000003
805343377.648014,2.7833110000000003
805343380.2707111,2.5363059999999997
805343383.406469,3.0659229999999997
805343386.0167091,2.5549549999999996
805343387.668473,1.576149
805343390.103221,2.363506
805343392.4165881,2.223537
805343395.099974,2.599178
805343397.55354,2.382192
805343399.527867,1.890472
805343401.234731,1.628427
805343403.347221,2.03324
805343405.6467049,2.23956
805343407.7656541,2.056674
805343410.086748,2.2637270000000003
805343412.4600769,2.312454
805343415.032859,2.525274
805343417.374905,2.285382
805343419.809298,2.367548
805343422.581141,2.692667
805343425.052713,2.395125
805343427.405968,2.2565060000000003
805343430.2957721,2.818856
805343432.958707,2.605994
805343434.9615949,1.94561
805343437.5248339,2.499971
805343439.972118,2.380844
805343442.46165,2.400058
805343445.2460281,2.705945
805343447.494933,2.16452
805343449.183206,1.623915
805343451.345469,2.093102
805343453.321542,1.91113
805343455.43985,2.0345779999999998
805343457.064525,1.545262
805343459.181403,2.0510900000000003
805343461.689664,2.430079
805343464.0736951,2.3314999999999997
805343466.82509,2.699326
805343469.176013,2.301463
805343471.499411,2.271417
805343473.905417,2.3566149999999997
805343475.7629141,1.8051869999999999
805343478.4014051,2.588768
805343481.642912,3.191157
805343484.534313,2.831461
805343487.267346,2.648653
805343490.320856,2.974611
805343492.408032,2.024359
805343494.757492,2.2645370000000002
805343497.687552,2.8511
805343500.2304931,2.4855519999999998
805343502.851296,2.563946
805343505.158481,2.238711
805343507.735718,2.491477
805343510.5253731,2.7106169999999996
805343513.529909,2.932544
805343516.125859,2.510947
805343518.568848,2.357399
805343521.153586,2.505985
805343523.976169,2.742877
805343527.180761,3.097117
805343529.607682,2.364075
805343532.902935,3.2119039999999996
805343535.6276151,2.6625
805343538.185436,2.478662
805343541.377168,3.1069999999999998
805343543.598405,2.158842
805343546.7080209,3.030306
805343549.1273689,2.356823
805343552.503461,3.290272
805343555.14654,2.5812500000000003
805343557.696558,2.489712
805343560.35798,2.574846
805343562.900405,2.4573709999999997
805343565.605298,2.626376
805343568.631611,2.941951
805343571.374377,2.681238
805343574.0481781,2.6135059999999997
805343576.770893,2.659388
805343579.364417,2.5076140000000002
805343582.3079411,2.876858
805343585.092165,2.700123
805343587.70773,2.53185
805343591.0179731,3.231555
805343593.922542,2.841567
805343596.691214,2.706146
805343599.3051001,2.55115
805343602.030441,2.665141
805343604.997575,2.904844
805343607.128537,2.066747
805343610.198385,2.99119
805343612.796254,2.534611
805343615.632168,2.733214
805343618.448291,2.755877
805343620.9599091,2.44786
805343623.7867459,2.74235
805343626.798825,2.933672
805343629.304675,2.442898
805343631.798697,2.4315309999999997
805343634.160051,2.300116
805343636.69576,2.4501150000000003
805343639.093288,2.334341
805343641.152213,1.997882
805343643.6334821,2.409858
805343646.1310669,2.4321770000000003
805343647.653601,1.453296
805343649.517473,1.7992819999999998
805343651.492372,1.906391
805343653.7660099,2.2127280000000003
805343656.097074,2.276485
805343658.457589,2.291868
805343661.4929869,2.9561230000000003
805343664.057294,2.507503
805343666.711775,2.597753
805343669.133077,2.36658
805343671.458657,2.263401
805343674.3729221,2.854752
805343676.564821,2.128898
805343679.240306,2.606129
805343681.605328,2.285987
805343684.338498,2.648888
805343686.60063,2.1776999999999997
805343688.965677,2.285717
805343691.285088,2.233867
805343693.919117,2.555406
805343696.340548,2.358293
805343699.1068699,2.714942
805343701.4705579,2.3138799999999997
805343703.930229,2.409226
805343706.351483,2.371386
805343709.144765,2.7237400000000003
805343711.6495169,2.42007
805343714.40977,2.6798949999999997
805343717.1688551,2.67314
805343719.844355,2.5909180000000003
805343722.578596,2.654789
805343724.92188,2.266509
805343727.212817,2.2144030000000003
805343729.993733,2.709641
805343733.229016,3.1499900000000003
805343736.392151,3.078454
805343739.337871,2.881298
805343742.033929,2.617206
805343744.662936,2.572259
805343747.294468,2.568871
805343749.8460989,2.491496
805343752.484338,2.576269
805343755.4360809,2.8887869999999998
805343758.360922,2.8656580000000003
805343761.085822,2.661772
805343763.803339,2.65428
805343766.621913,2.759201
805343769.594981,2.91157
805343772.132018,2.474883
805343774.5498431,2.355124
805343777.319346,2.7093730000000003
805343779.746809,2.364376
805343782.371765,2.566013
805343785.062005,2.634133
805343787.747071,2.627332
805343790.2041949,2.402172
805343792.473499,2.212288
805343794.3848499,1.835958
805343797.19161,2.661698
805343799.8659921,2.608479
805343802.575066,2.649921
805343805.116539,2.479494
805343808.093246,2.914932
805343810.430698,2.279706
805343812.041934,1.533211
805343813.958096,1.8367229999999999
805343816.2805051,2.191194
805343818.685154,2.3210689999999996
805343821.1080151,2.3319859999999997
805343823.585624,2.402113
805343825.9868981,2.321895
805343828.043074,1.999809
805343830.316109,2.1938050000000002
805343832.329433,1.964683
805343834.188387,1.798662
805343835.805635,1.521184
805343837.920149,2.053556
805343839.713419,1.724362
805343841.518556,1.756327
805343844.114607,2.5440340000000004
805343846.906153,2.73374
805343849.31918,2.362911
805343851.529102,2.1580969999999997
805343854.5703729,2.962373
805343858.263948,3.610402
805343860.774205,2.459006
805343862.821692,1.995497
805343865.038719,2.139853
805343867.495605,2.390021
805343869.724676,2.1661889999999997
805343871.943823,2.152728
805343874.074439,2.039013
805343876.168981,2.0272300000000003
805343878.234606,1.997862
805343943.590119,64.894359
805344010.399505,66.73747300000001
805344015.265942,4.782492
805344019.7671579,4.415757
805344023.6425279,3.803818
805344026.5699941,2.864705
805344029.3838019,2.7517129999999996
805344032.391716,2.94576
805344035.052025,2.5976380000000003
805344037.402494,2.290985
805344040.340104,2.8534200000000003
805344043.260249,2.846568
805344046.108867,2.779733
805344048.903475,2.710171
805344052.244394,3.2571890000000003
805344055.163766,2.835633
805344058.56035,3.317875
805344061.354672,2.731019
805344064.102014,2.685152
805344066.653827,2.4884389999999996
805344069.251741,2.5375189999999996
805344072.0371721,2.7233460000000003
805344074.493537,2.3914090000000003
805344077.7415,3.170854
805344080.209096,2.4038720000000002
805344083.25139,2.957913
805344085.908476,2.5963459999999996
805344088.794101,2.80185
805344091.715022,2.850492
805344094.5608889,2.786027
805344097.558038,2.933541
805344099.88898,2.268297
805344102.66941,2.7008140000000003
805344107.069597,4.314948
805344111.4711449,4.316460999999999
805344114.341293,2.7967220000000004
805344117.103315,2.698995
805344119.458103,2.292077
805344121.7865,2.268317
805344124.320641,2.44823
805344127.394238,2.987963
805344130.430683,2.9761100000000003
805344133.427726,2.934192
805344136.272922,2.781202
805344139.002673,2.655844
805344142.138019,3.056207
805344144.661811,2.461708
805344147.5821251,2.8582400000000003
805344149.9482,2.305508
805344152.580204,2.556267
805344155.105138,2.43958
805344158.242355,3.058423
805344160.6569661,2.3573779999999998
805344163.724456,3.011279
805344166.110339,2.330571
805344168.958616,2.752068
805344171.157917,2.1415879999999996
805344174.662858,3.426092
805344176.912527,2.187219
805344179.642143,2.645755
805344182.786034,3.0647119999999997
805344185.369946,2.5212559999999997
805344187.538996,2.1052720000000003
805344190.014055,2.40697
805344192.892498,2.794448
805344195.787753,2.833169
805344198.29091,2.448674
805344200.786809,2.4386669999999997
805344203.188838,2.345284
805344206.0004549,2.72904
805344209.004014,2.919462
805344212.1783,3.1018980000000003
805344214.134746,1.893053
805344216.516146,2.304016
805344218.141937,1.5402809999999998
805344220.5022631,2.281843
805344222.3234531,1.728034
805344224.39846,2.000839
805344227.0550491,2.595244
805344229.919984,2.808589
805344232.416486,2.445887
805344234.663919,2.188681
805344236.6555201,1.935616
805344239.072068,2.369177
805344241.658048,2.521344
805344243.82859,2.110534
805344245.882416,1.9943830000000002
805344248.104578,2.157528
805344250.190255,2.010514
805344251.79318,1.53166
805344253.889792,2.009919
805344256.099642,2.139898
805344258.269971,2.08504
805344260.480132,2.1127789999999997
805344262.616387,2.051627
805344264.701372,2.0057349999999996
805344266.73619,1.951038
805344268.51829,1.703512
805344270.14514,1.5539550000000002
805344272.342033,2.126181
805344274.495383,2.1050809999999998
805344276.686853,2.149024
805344278.639402,1.9054829999999998
805344280.507249,1.823421
805344282.9881281,2.4248410000000002
805344285.4576811,2.415972
805344287.6234,2.1095639999999998
805344289.9211421,2.2441649999999997
805344291.80359,1.826512
805344294.3825101,2.500339
805344296.4822321,2.042445
805344298.9939461,2.43589
805344301.11605,2.072455
805344302.952211,1.746925
805344304.828781,1.828341
805344306.550434,1.669617
805344309.341565,2.712384
805344311.183131,1.770533
805344313.649871,2.40923
805344315.5503199,1.843485
805344317.812704,2.199928
805344319.6992409,1.801866
805344321.264737,1.4792379999999998
805344323.229822,1.889267
805344325.85895,2.54947
805344327.987772,2.053558
805344330.524318,2.441806
805344332.1432941,1.5351110000000001
805344334.047762,1.845804
805344336.766994,2.668642
805344339.059153,2.2388429999999997
805344341.331844,2.211327
805344343.9717079,2.572424
805344346.4062339,2.3574300000000004
805344348.722489,2.258629
805344351.1338019,2.353972
805344353.5029861,2.309289
805344356.6488891,3.0838319999999997
805344359.263273,2.536988
805344361.923312,2.600355
805344364.612849,2.6256180000000002
805344367.017644,2.34266
805344369.527087,2.448817
805344372.197214,2.607421
805344374.755446,2.493878
805344377.569855,2.742371
805344380.976202,3.321469
805344383.945791,2.907164
805344386.3783209,2.344875
805344388.835743,2.3727050000000003
805344391.3653079,2.4632009999999998
805344393.609599,2.180672
805344396.447652,2.75956
805344398.9141359,2.381496
805344401.6492131,2.6563939999999997
805344404.6112771,2.885457
805344407.0735849,2.39893
805344409.479066,2.3461179999999997
805344412.212556,2.670598
805344414.275625,1.999501
805344417.361066,3.015975
805344419.515607,2.096666
805344422.6858989,3.091313
805344425.6081179,2.832891
805344428.751799,3.058517
805344431.5532421,2.716906
805344434.607223,2.9742509999999998
805344437.845023,3.152691
805344440.8004451,2.870384
805344443.602494,2.717798
805344446.646988,2.965034
805344449.132601,2.399462
805344452.0363281,2.818383
805344454.9784981,2.856497
805344457.547415,2.489301
805344460.067147,2.433698
805344462.5046179,2.352472
805344465.300568,2.716531
805344468.1511941,2.764337
805344470.621877,2.393952
805344473.469255,2.7781450000000003
805344476.174659,2.6483470000000002
805344479.3735579,3.14222
805344481.875489,2.4416659999999997
805344484.570309,2.6327960000000004
805344487.178853,2.5452169999999996
805344490.050775,2.811657
805344492.525127,2.411391
805344495.483771,2.894851
805344498.258762,2.716285
805344501.496632,3.174432
805344504.2398599,2.681334
805344507.0256469,2.723126
805344509.416895,2.312269
805344511.9767511,2.496954
805344514.6338811,2.573235
805344517.0017159,2.3102259999999997
805344519.517964,2.4490990000000004
805344522.052959,2.478509
805344524.441111,2.3114559999999997
805344526.869905,2.369547
805344529.156016,2.2281530000000003
805344531.331861,2.116166
805344533.6132311,2.2240010000000003
805344535.8284689,2.154786
805344537.4379779,1.5475249999999998
805344539.649363,2.127991
805344541.162039,1.434243
805344543.3552821,2.1246020000000003
805344545.836195,2.402388
805344547.929088,2.039882
805344550.330654,2.349547
805344552.5308379,2.126185
805344554.15272,1.567283
805344555.921815,1.716778
805344558.0963969,2.122913
805344560.312306,2.150637
805344562.5186781,2.139859
805344564.678259,2.107692
805344566.862424,2.129631
805344568.93537,2.009683
805344571.056916,2.0669939999999998
805344573.167856,2.0513660000000002
805344575.361585,2.1363950000000003
805344577.534915,2.119656
805344579.741308,2.150843
805344581.9927579,2.199562
805344584.4185389,2.3796440000000003
805344586.60721,2.1339599999999996
805344588.694661,2.034789
805344590.771457,2.021777
805344592.9170929,2.0928280000000004
805344595.035731,2.063444
805344597.225665,2.137628
805344599.718801,2.4385790000000003
805344601.932235,2.160842
805344604.7458661,2.737895
805344606.862274,2.056283
805344609.007224,2.085691
805344611.259354,2.194445
805344613.434669,2.108306
805344616.074486,2.584458
805344618.544402,2.414251
805344620.700448,2.083018
805344622.826042,2.0659710000000002
805344625.055959,2.174017
805344627.2169961,2.103748
805344628.9440479,1.660426
805344631.127527,2.113031
805344633.262995,2.071629
805344635.520862,2.191217
805344637.6300629,2.044571
805344640.0963781,2.395155
805344642.745836,2.594201
805344645.447473,2.623189
805344647.7418411,2.230586
805344650.170013,2.368173
805344652.955795,2.700859
805344655.98992,2.95008
805344659.004986,2.905946
805344661.720905,2.636805
805344664.245639,2.43473
805344666.85749,2.532718
805344669.614029,2.676698
805344672.402207,2.715729
805344675.0027419,2.525941
805344677.573122,2.492178
805344680.088679,2.4363129999999997
805344682.3296529,2.155659
805344685.1028279,2.704281
805344687.1609061,1.990196
805344689.709602,2.489846
805344692.2431,2.467676
805344694.542508,2.243807
805344697.0507821,2.444169
805344699.536209,2.395335
805344702.295519,2.689477
805344705.1011469,2.718379
805344707.442008,2.255352
805344710.240104,2.7296159999999996
805344713.036691,2.711964
805344716.129547,3.018733
805344719.076068,2.86037
805344721.8894739,2.733825
805344724.739125,2.765199
805344727.5680821,2.74665
805344731.230155,3.582482
805344734.410535,3.108247
805344737.180545,2.697826
805344739.919001,2.654075
805344742.327525,2.329459
805344745.137874,2.7392290000000004
805344747.898257,2.675971
805344750.7240009,2.692945
805344753.829487,3.0187690000000003
805344756.790497,2.8764239999999996
805344759.381756,2.5063910000000003
805344762.154613,2.693998
805344764.898031,2.670007
805344767.4465151,2.463491
805344769.979824,2.45425
805344772.6412671,2.57639
805344775.218167,2.491947
805344778.000721,2.7033840000000002
805344780.515707,2.43082
805344783.279608,2.6794789999999997
805344785.993453,2.63453
805344789.002514,2.924354
805344791.852751,2.775312
805344794.51701,2.585019
805344797.463375,2.860095
805344800.1078831,2.559861
805344802.935978,2.743203
805344806.3005879,3.297919
805344808.744754,2.381215
805344811.892689,3.0636579999999998
805344814.683177,2.7309840000000003
805344816.738524,1.991914
805344820.021713,3.1985170000000003
805344822.228121,2.140936
805344825.0393931,2.733841
805344827.679786,2.5768850000000003
805344830.059236,2.3134560000000004
805344832.408166,2.265149
805344835.149453,2.668479
805344837.5593151,2.330884
805344840.175116,2.5394829999999997
805344842.367561,2.12392
805344844.6256391,2.194515
805344846.830825,2.138029
805344848.8632269,1.9693610000000001
805344851.129298,2.206171
805344853.29435,2.1073020000000002
805344856.103912,2.742651
805344858.43357,2.2630660000000002
805344860.6772959,2.186539
805344862.8550119,2.11093
805344865.1117519,2.193543
805344867.580941,2.403131
805344869.866822,2.229787
805344872.1159071,2.20151
805344874.249424,2.087784
805344876.499088,2.197422
805344878.709792,2.156171
805344880.92968,2.173604
805344883.203805,2.219302
805344885.492023,2.2361619999999998
805344887.7186381,2.172033
805344889.84941,2.0788249999999997
805344892.09548,2.191242
805344894.1743749,2.023852
805344896.2575611,2.0203
805344898.292735,1.960911
805344900.256929,1.890949
805344902.898891,2.55078
805344904.968847,2.0220580000000004
805344907.273817,2.241279
805344909.675796,2.319331
805344912.264732,2.5030870000000003
805344914.552973,2.224324
805344917.0896189,2.4581939999999998
805344919.627118,2.451955
805344922.391179,2.6849019999999997
805344925.328198,2.852167
805344927.507828,2.095219
805344930.214526,2.638382
805344933.049207,2.769129
805344934.598695,1.48374
805344936.667126,1.989342
805344938.967993,2.2167120000000002
805344941.27055,2.223131
805344943.6579,2.303655
805344945.631912,1.894798
805344947.473199,1.773177
805344949.7728579,2.249815
805344952.164828,2.340096
805344954.4075869,2.156092
805344956.445626,1.973342
805344958.805215,2.290584
805344961.168904,2.296186
805344963.6101741,2.356703
805344966.147041,2.456725
805344969.1500889,2.917704
805344971.668598,2.43281
805344974.342504,2.5939959999999997
805344976.825787,2.395252
805344979.770649,2.8590820000000003
805344983.026305,3.1765470000000002
805344986.440244,3.3291470000000003
805344989.250498,2.7270749999999997
805344992.4249539,3.090345
805344994.993751,2.5054589999999997
805344997.524099,2.4707689999999998
805345000.3815219,2.776575
805345002.932071,2.4892920000000003
805345005.379751,2.388823
805345007.795356,2.3537660000000002
805345010.410525,2.555652
805345012.447181,1.9711519999999998
805345014.719889,2.212067
805345017.372877,2.600024
805345020.1258531,2.689457
805345022.523877,2.3450200000000003
805345025.046259,2.4726090000000003
805345027.847347,2.738868
805345030.287138,2.3793949999999997
805345032.9765451,2.62636
805345035.360913,2.321315
805345038.1400651,2.6990450000000004
805345040.666813,2.4400709999999997
805345043.645509,2.893332
805345046.1924441,2.4674050000000003
805345048.708322,2.430901
805345051.420097,2.626912
805345054.190849,2.691443
805345057.3110191,3.03428
805345060.1501299,2.752524
805345062.98649,2.750164
805345066.212502,3.1467880000000004
805345069.048511,2.75065
805345071.8925129,2.758392
805345074.831511,2.859007
805345078.0350009,3.118246
805345080.7469801,2.62611
805345083.5041211,2.671917
805345086.096778,2.486866
805345088.711857,2.529435
805345091.617839,2.820548
805345094.4730229,2.794312
805345097.687958,3.152315
805345100.151906,2.401176
805345103.1151199,2.8996109999999997
805345106.716657,3.542058
805345109.4128001,2.632079
805345112.3266749,2.850633
805345115.144216,2.7542180000000003
805345117.934327,2.729706
805345120.521246,2.5241170000000004
805345123.491743,2.9083170000000003
805345126.250051,2.699767
805345129.1870799,2.873632
805345132.0487831,2.798997
805345134.859764,2.746821
805345137.659654,2.7397799999999997
805345140.457965,2.735214
805345143.029733,2.508391
805345145.8127979,2.723521
805345148.37093,2.495536
805345151.198389,2.764888
805345154.322053,3.063935
805345157.0450989,2.659348
805345159.583369,2.475514
805345162.1455851,2.5029280000000003
805345165.042946,2.8349209999999996
805345168.108405,3.002527
805345170.704765,2.532617
805345173.2260809,2.461656
805345175.960078,2.646167
805345178.746801,2.680447
805345181.89624,3.064601
805345184.676118,2.717017
805345187.135034,2.3961400000000004
805345189.642878,2.449073
805345192.637727,2.932754
805345194.856539,2.1570069999999997
805345197.9748039,3.039387
805345200.4811649,2.44369
805345203.365552,2.810123
805345206.2121359,2.767239
805345209.2988629,3.014689
805345211.894758,2.532658
805345214.7772789,2.8225070000000003
805345217.765222,2.9251720000000003
805345220.191853,2.3636540000000004
805345223.066787,2.801403
805345226.274972,3.129342
805345229.653349,3.3151
805345233.167822,3.452113
805345236.5435431,3.31311
805345240.147159,3.529824
805345243.749453,3.516905
805345246.76966,2.941264
805345249.972668,3.118757
805345252.87458,2.838619
805345255.7451849,2.8084849999999997
805345258.545601,2.740216
805345261.079386,2.471289
805345264.3597441,3.1950849999999997
805345266.6490849,2.226399
805345269.111624,2.394004
805345271.58584,2.399583
805345273.1277289,1.473327
805345275.570023,2.3712109999999997
805345277.3177091,1.650994
805345279.409155,2.0299110000000002
805345281.702635,2.237971
805345284.259022,2.49591
805345286.577874,2.256278
805345289.162817,2.529145
805345291.3788489,2.150561
805345293.592845,2.150808
805345295.611495,1.951989
805345297.541513,1.864979
805345299.909683,2.310917
805345301.932483,1.969311
805345303.4282991,1.436954
805345305.43323,1.950223
805345307.400381,1.8838920000000001
805345309.01725,1.537515
805345311.004087,1.911357
805345313.2914579,2.217414
805345315.681104,2.3209020000000002
805345318.120052,2.376659
805345320.0421909,1.867353
805345322.30103,2.2037340000000003
805345324.469764,2.118605
805345326.656857,2.138242
805345328.10104,1.393586
805345330.025494,1.862693
805345332.154401,2.0702599999999998
805345333.689826,1.478643
805345335.825745,2.0913720000000002
805345337.864785,1.983908
805345340.2557681,2.339099
805345342.329946,2.021972
805345344.456373,2.077593
805345346.66749,2.153291
805345348.098317,1.3800119999999998
805345349.916867,1.76107
805345351.7792649,1.799199
805345353.811481,1.9890469999999998
805345356.3400531,2.4839350000000002
805345358.73722,2.342735
805345361.4602511,2.66456
805345364.27276,2.748189
805345366.820788,2.4840449999999996
805345369.5588139,2.676417
805345372.483128,2.843009
805345374.862989,2.296112
805345377.840758,2.9114850000000003
805345380.637571,2.719195
805345383.969339,3.2493309999999997
805345386.297891,2.248691
805345388.9502419,2.5696730000000003
805345391.85008,2.829439
805345394.681924,2.765159
805345397.7666421,3.00171
805345400.652637,2.802756
805345403.554664,2.819846
805345406.508512,2.876222
805345409.321512,2.742907
805345412.763678,3.360661
805345415.5562799,2.732497
805345418.3908399,2.7767299999999997
805345421.0752211,2.62418
805345423.987002,2.836901
805345425.874492,1.7859180000000001
805345428.607741,2.6517939999999998
805345431.3803921,2.6904749999999997
805345433.9559491,2.4976960000000004
805345436.397249,2.359083
805345438.4458389,1.967123
805345440.216153,1.7009480000000001
805345442.65385,2.381935
805345444.888726,2.181724
805345447.658812,2.7142239999999997
805345450.476304,2.764128
805345453.123426,2.591322
805345455.750399,2.56585
805345458.637311,2.828802
805345461.084619,2.38573
805345463.634867,2.488815
805345466.378927,2.684937
805345468.873421,2.431411
805345471.497055,2.538861
805345474.466129,2.8905160000000003
805345477.3267549,2.776475
805345480.103401,2.7140649999999997
805345483.360915,3.1961619999999997
805345486.168653,2.747167
805345488.403687,2.172088
805345490.9977881,2.508998
805345494.116054,3.039006
805345496.8306949,2.6518990000000002
805345499.689838,2.796341
805345502.353771,2.604134
805345505.5689731,3.152441
805345507.74068,2.109377
805345510.187186,2.386778
805345512.816947,2.543981
805345515.2388799,2.346838
805345517.927495,2.608553
805345520.543226,2.539493
805345523.243232,2.6081030000000003
805345525.7084731,2.385991
805345528.585528,2.791656
805345531.6316401,2.95873
805345534.175128,2.463566
805345536.9822941,2.7226239999999997
805345540.184,3.1161209999999997
805345543.015533,2.743979
805345545.501166,2.4058119999999996
805345547.962768,2.376744
805345550.427788,2.352708
805345553.235971,2.724199
805345555.688011,2.364928
805345558.185903,2.417579
805345561.060271,2.7894
805345563.540927,2.394365
805345566.1366011,2.516188
805345569.061868,2.841757
805345571.6228659,2.49729
805345574.340921,2.658566
805345577.259697,2.856516
805345579.914293,2.5922359999999998
805345582.4747809,2.5005990000000002
805345585.7051339,3.1682390000000002
805345588.581668,2.8195249999999996
805345591.5137169,2.874892
805345594.092527,2.524436
805345596.696205,2.547765
805345599.660964,2.903381
805345602.504115,2.781933
805345606.014714,3.4483040000000003
805345609.251421,3.1729689999999997
805345612.62028,3.306139
805345615.120427,2.4378569999999997
805345617.5071551,2.325891
805345620.0328009,2.4632859999999996
805345622.879449,2.782549
805345625.482811,2.543463
805345628.788072,3.242811
805345631.822127,2.970923
805345634.404781,2.521321
805345637.2667611,2.798868
805345639.530241,2.2005079999999997
805345642.298226,2.6887399999999997
805345645.391093,3.007869
805345648.168145,2.713203
805345650.785424,2.553591
805345653.97458,3.116106
805345656.661175,2.6243109999999996
805345659.4206711,2.688371
805345662.485253,2.995441
805345665.463833,2.915594
805345668.23689,2.709248
805345671.0497451,2.7289499999999998
805345673.51289,2.40273
805345676.7927481,3.195281
805345679.083311,2.2284990000000002
805345682.013339,2.850412
805345684.822245,2.746441
805345687.0930021,2.208542
805345689.990569,2.814764
805345692.164827,2.110555
805345694.668156,2.431075
805345697.107426,2.359468
805345700.030262,2.82123
805345702.985538,2.869371
805345705.818345,2.773009
805345708.53224,2.656149
805345710.882545,2.292618
805345713.2025031,2.265804
805345715.4664761,2.207129
805345718.227666,2.681434
805345720.974151,2.658575
805345723.718456,2.659502
805345726.5837929,2.785732
805345729.722817,3.0516710000000002
805345732.205814,2.397779
805345734.746825,2.455292
805345737.4930251,2.666148
805345740.2114049,2.631217
805345742.755343,2.457237
805345745.2454671,2.4102720000000004
805345747.760764,2.43051
805345750.728294,2.888301
805345753.892667,3.1017979999999996
805345756.694239,2.7390309999999998
805345759.504192,2.753045
805345762.220126,2.660946
805345764.3811779,2.103434
805345767.241654,2.797021
805345770.102056,2.805579
805345772.731128,2.5652079999999997
805345775.003885,2.209324
805345777.684502,2.60051
805345780.904715,3.136012
805345783.288481,2.320839
805345786.090355,2.7414330000000002
805345788.322087,2.169497
805345790.8950729,2.4892909999999997
805345794.209686,3.2357839999999998
805345796.95103,2.660696
805345798.886647,1.872956
805345802.037108,3.071498
805345804.193058,2.0935200000000003
805345807.198356,2.920415
805345809.6309199,2.371587
805345812.704237,2.9887099999999998
805345815.1231639,2.356207
805345817.68704,2.484551
805345820.456784,2.698775
805345822.1766039,1.6488589999999999
805345824.296435,2.040241
805345826.064883,1.6846079999999999
805345828.551906,2.406516
805345830.917583,2.308985
805345833.581726,2.61021
805345835.444068,1.805045
805345837.791579,2.293176
805345840.086701,2.2341409999999997
805345842.1721289,2.0123580000000003
805345844.4962571,2.252909
805345846.686761,2.115225
805345849.176852,2.427356
805345851.228943,1.9937779999999998
805345854.466076,3.168756
805345858.062566,3.51986
805345860.6656569,2.5090809999999997
805345863.69656,2.9607040000000002
805345866.215144,2.4583489999999997
805345868.668857,2.390371
805345871.660622,2.928509
805345873.9344809,2.219829
805345877.284277,3.271192
805345879.351728,2.009921
805345882.2741281,2.843687
805345885.190388,2.8427439999999997
805345888.425642,3.151013
805345890.6036531,2.1143590000000003
805345893.4178411,2.735861
805345896.144415,2.6546260000000004
805345898.477969,2.2695990000000004
805345901.254689,2.699381
805345904.352628,3.0135069999999997
805345907.209345,2.792302
805345909.751479,2.440468
805345913.271266,3.440407
805345915.427336,2.093213
805345918.58128,3.086252
805345920.624077,1.979495
805345923.508042,2.800465
805345925.823333,2.254946
805345928.837507,2.930353
805345931.07827,2.178272
805345934.1384209,2.98011
805345936.65692,2.454831
805345939.8320581,3.091263
805345942.252785,2.36003
805345945.190431,2.853665
805345948.187785,2.9349939999999997
805345950.5625199,2.311688
805345953.2540419,2.6139259999999997
805345956.454595,3.116352
805345958.921754,2.40496
805345961.505571,2.503855
805345965.0980359,3.508284
805345967.321388,2.160867
805345970.466958,3.066661
805345973.154822,2.626271
805345975.706453,2.488088
805345978.946157,3.160119
805345982.433593,3.4033700000000002
805345985.644334,3.1371849999999997
805345989.0109429,3.2950720000000002
805345992.185099,3.08984
805345995.965031,3.698888
805345998.678053,2.601518
805346001.482855,2.719036
805346004.03838,2.470472
805346006.536342,2.41148
805346009.104802,2.488739
805346011.918594,2.727315
805346014.4057549,2.407349
805346017.5929041,3.1187110000000002
805346020.182546,2.5377210000000003
805346022.248653,2.0031480000000004
805346024.903964,2.600234
805346027.689994,2.722857
805346030.414107,2.663432
805346033.374756,2.898279
805346035.929459,2.4920519999999997
805346038.327834,2.337688
805346040.855274,2.464659
805346043.728179,2.810234
805346046.599405,2.8104340000000003
805346049.149157,2.487407
805346051.447669,2.234794
805346054.457758,2.930253
805346056.919996,2.3776219999999997
805346059.402808,2.3965560000000004
805346062.6436391,3.138037
805346065.358766,2.65198
805346067.723292,2.3017749999999997
805346070.16197,2.378177
805346072.8889511,2.664726
805346075.991374,3.039567
805346078.294618,2.214722
805346081.095981,2.724134
805346083.900451,2.7195880000000003
805346086.479356,2.510987
805346090.019429,3.4562019999999998
805346092.554603,2.472237
805346095.302175,2.684039
805346097.987202,2.624471
805346100.791508,2.7405820000000003
805346104.4786481,3.6246400000000003
805346107.608075,3.066747
805346111.160156,3.483912
805346115.041424,3.7959389999999997
805346117.9956479,2.891402
805346120.256538,2.197111
805346122.866204,2.53628
805346125.613276,2.667571
805346129.1815751,3.4837919999999998
805346131.676038,2.431632
805346134.3815631,2.644603
805346137.04499,2.60046
805346139.851796,2.708093
805346143.0805991,3.143875
805346146.162204,2.996286
805346149.03961,2.801893
805346151.8228561,2.721252
805346154.364204,2.481197
805346157.2277571,2.800843
805346159.555086,2.264318
805346162.3582029,2.7433129999999997
805346164.440677,2.018856
805346167.203009,2.675911
805346170.190851,2.909325
805346172.9399849,2.692489
805346175.685606,2.688313
805346178.405069,2.664146
805346180.9919701,2.502764
805346183.709354,2.639964
805346186.473105,2.683961
805346189.012123,2.453919
805346191.6399161,2.540245
805346194.807081,3.0884110000000002
805346197.286334,2.394886
805346199.921004,2.5489509999999997
805346202.5235289,2.522373
805346205.244239,2.636199
805346207.296564,1.981123
805346210.207502,2.842178
805346212.676556,2.405697
805346215.0164139,2.277252
805346217.7528011,2.675846
805346219.976551,2.1615100000000003
805346222.7084119,2.653262
805346225.413607,2.647949
805346228.263921,2.7941789999999997
805346231.093706,2.772492
805346234.043564,2.890625
805346236.590791,2.4854629999999998
805346239.086622,2.432699
805346241.51193,2.3651079999999998
805346243.9739081,2.398205
805346246.296581,2.240036
805346248.835889,2.476116
805346251.090704,2.191588
805346254.122163,2.953282
805346256.0774759,1.891765
805346258.35094,2.202488
805346261.056911,2.6267259999999997
805346263.05969,1.940173
805346265.752805,2.6141010000000002
805346267.7725489,1.9669459999999999
805346270.152019,2.2990380000000004
805346272.382259,2.145705
805346273.987094,1.535977
805346275.988866,1.922906
805346278.0149491,1.9125139999999998
805346280.037688,1.943085
805346282.206107,2.082324
805346284.459293,2.1739620000000004
805346286.142737,1.607555
805346288.051783,1.8480599999999998
805346290.342054,2.233991
805346292.6284299,2.240698
805346294.881249,2.204536
805346297.1713419,2.2448569999999997
805346299.491986,2.271791
805346301.8437749,2.305018
805346304.048583,2.154903
805346306.4049959,2.2936110000000003
805346308.822225,2.3569080000000002
805346311.149328,2.263555
805346313.599989,2.390892
805346315.9024531,2.239254
805346318.3006619,2.3427949999999997
805346320.645913,2.268163
805346322.741098,2.03826
805346325.1110439,2.3151859999999997
805346327.5151939,2.347085
805346329.628423,2.058068
805346331.938526,2.252902
805346333.941867,1.949139
805346335.754147,1.737
805346337.878041,2.012957
805346340.461881,2.521569
805346342.407609,1.887939
805346345.065916,2.5795079999999997
805346347.007424,1.889094
805346349.838789,2.7524659999999996
805346351.743705,1.842089
805346354.317027,2.523843
805346359.18486,4.8080680000000005
805346362.8698269,3.6181680000000003
805346365.0828689,2.1529409999999998
805346367.305746,2.1560170000000003
805346369.509704,2.1473820000000003
805346371.663864,2.094176
805346373.822986,2.1020779999999997
805346375.7922289,1.9025050000000001
805346377.9785261,2.129148
805346380.045936,2.0009379999999997
805346382.039879,1.9062389999999998
805346384.4711851,2.365162
805346386.724602,2.175856
805346388.936442,2.132756
805346391.3417339,2.322504
805346393.642396,2.221719
805346395.98036,2.266404
805346397.635318,1.571469
805346399.537051,1.8181740000000002
805346401.630659,2.014493
805346403.879193,2.1730069999999997
805346406.09861,2.1405600000000002
805346407.8198899,1.645772
805346409.755072,1.87588
805346411.71159,1.899645
805346414.132331,2.358857
805346415.9639441,1.768531
805346417.713181,1.678256
805346419.561102,1.7969220000000001
805346422.07137,2.445537
805346423.910892,1.787701
805346426.259562,2.2706969999999997
805346428.456141,2.145071
805346430.129882,1.622799
805346432.189854,1.9947409999999999
805346434.6043091,2.333077
805346436.379497,1.725613
805346438.742816,2.29433
805346440.646131,1.853784
805346442.6859299,1.9710869999999998
805346445.158224,2.393488
805346446.918401,1.703861
805346449.393632,2.400518
805346451.628352,2.178705
805346453.413545,1.730646
805346455.506879,2.018361
805346457.8604771,2.274963
805346459.613767,1.702058
805346462.039773,2.346007
805346464.070622,1.979032
805346466.104745,1.982322
805346468.265823,2.112133
805346470.4271439,2.10968
805346472.3091891,1.832399
805346474.423802,2.031285
805346476.5335181,2.038154
805346479.053107,2.443435
805346481.5153209,2.374481
805346484.056723,2.4657669999999996
805346486.7612059,2.610804
805346489.43431,2.593624
805346491.324893,1.827992
805346493.8559259,2.451543
805346495.922207,2.003695
805346497.67989,1.697177
805346500.1504999,2.38697
805346501.993902,1.791028
805346504.0920609,2.035517
805346505.961655,1.806206
805346507.634775,1.612339
805346509.797612,2.091415
805346511.889503,2.0158799999999997
805346513.461664,1.495983
805346515.38548,1.850695
805346517.5988649,2.153815
805346519.654995,1.992798
805346521.939324,2.2051250000000002
805346524.105689,2.0783970000000003
805346526.166643,1.9758010000000001
805346528.158335,1.9109450000000001
805346530.299336,2.056674
805346532.284654,1.905763
805346534.3301669,1.9609610000000002
805346536.301657,1.892196
805346538.460479,2.05737
805346540.4888469,1.945088
805346542.479316,1.906813
805346544.595183,2.056055
805346546.682179,2.023198
805346548.775107,2.0080660000000004
805346550.7901039,1.9308319999999999
805346552.810938,1.960916
805346554.9332271,2.061098
805346556.988662,1.97586
805346559.043372,1.9905190000000001
805346561.281514,2.1584960000000004
805346563.2225151,1.8576199999999998
805346565.334256,2.051068
805346567.439939,2.028858
805346569.504045,1.994023
805346571.582039,2.003631
805346573.831542,2.182131
805346576.032978,2.129018
805346578.042307,1.935973
805346580.1116551,2.001816
805346582.095503,1.912476
805346584.532444,2.385834
805346586.570625,1.966213
805346588.658497,2.030704
805346590.739934,2.009128
805346592.8199619,2.0050440000000003
805346594.868698,1.9742420000000003
805346597.014124,2.0656049999999997
805346599.0422109,1.9503700000000002
805346601.059258,1.9567260000000002
805346603.114814,1.9795949999999998
805346605.957072,2.7742600000000004
805346608.51435,2.4837100000000003
805346611.038127,2.4478429999999998
805346613.54443,2.434181
805346616.11694,2.488811
805346618.578101,2.376278
805346621.078909,2.421052
805346623.5598359,2.3965829999999997
805346626.056259,2.424813
805346628.803571,2.662851
805346631.296882,2.408893
805346633.81067,2.4484760000000003
805346636.5884429,2.693556
805346639.072648,2.399778
805346641.586502,2.434589
805346644.340103,2.670342
805346646.869288,2.4537880000000003
805346649.3694451,2.4202310000000002
805346652.074929,2.621795
805346654.55739,2.3983950000000003
805346657.102827,2.465776
805346659.588069,2.40087
805346662.365597,2.6980530000000003
805346665.138567,2.6890009999999998
805346667.640614,2.4325390000000002
805346670.198019,2.451579
805346672.7390261,2.45234
805346675.542264,2.71864
805346678.080584,2.458986
805346680.876425,2.71209
805346683.650589,2.690204
805346686.419762,2.689768
805346689.185207,2.68134
805346691.958244,2.697774
805346694.683169,2.621284
805346697.357211,2.5988510000000002
805346699.606381,2.173365
805346701.722434,2.044752
805346703.997458,2.199732
805346706.252481,2.1523559999999997
805346708.40248,2.078294
805346710.42311,1.936519
805346712.536361,2.0416760000000003
805346714.595095,1.9746630000000003
805346716.6009951,1.926016
805346718.8344179,2.157269
805346721.022733,2.116565
805346723.164398,2.066626
805346725.270077,2.045354
805346727.310469,1.95649
805346730.3978139,3.027215
805346733.517265,3.0550640000000002
805346736.388161,2.80821
805346739.437726,2.9865239999999997
805346742.351095,2.850593
805346744.634121,2.22011
805346747.0931621,2.39636
805346749.490314,2.3367459999999998
805346752.212994,2.605928
805346755.16178,2.885544
805346757.658627,2.436713
805346760.232092,2.521921
805346762.8804461,2.596418
805346764.9204891,1.9886069999999998
805346767.090957,2.11732
805346769.424507,2.284226
805346771.644847,2.154166
805346773.822934,2.111562
805346776.023543,2.115206
805346778.194328,2.1015029999999997
805346780.331218,2.0738190000000003
805346782.484437,2.086704
805346784.648887,2.100727
805346786.7632099,2.039855
805346788.913277,2.086804
805346791.091324,2.111391
805346793.534354,2.379079
805346795.760086,2.175331
805346797.875615,2.0673850000000003
805346799.911272,1.985548
805346801.995309,2.03633
805346804.096035,2.055812
805346806.104978,1.952409
805346808.180211,2.0311130000000004
805346810.214347,1.979847
805346812.2710919,2.013857
805346814.334766,2.0187999999999997
805346816.3954899,2.017796
805346818.562083,2.111787
805346820.624197,2.01018
805346822.661705,1.9748970000000001
805346824.719405,2.005678
805346826.7558299,1.9836699999999998
805346828.7772729,1.9691370000000001
805346830.8315301,1.9989959999999998
805346832.8898829,1.9942889999999998
805346835.375466,2.418232
805346837.5354589,2.107615
805346839.571927,1.9798310000000001
805346841.5272061,1.892203
805346843.528238,1.950149
805346845.827198,2.249236
805346847.942523,2.0364150000000003
805346849.9299201,1.8663219999999998
805346851.916009,1.930876
805346854.082871,2.115009
805346856.5688801,2.4311049999999996
805346859.402337,2.7673929999999998
805346861.800718,2.346221
805346863.7036251,1.83703
805346865.326311,1.570765
805346867.3428911,1.961563
805346869.59416,2.199113
805346872.249107,2.5835
805346874.534364,2.2330200000000002
805346877.040797,2.456155
805346879.259754,2.167181
805346881.5249239,2.236195
805346883.955985,2.392601
805346886.193868,2.207895
805346888.407827,2.182384
805346890.691656,2.251427
805346892.98199,2.2192230000000004
805346895.300493,2.233536
805346897.4783399,2.095463
805346898.9917641,1.483835
805346900.583298,1.55368
805346902.177723,1.555089
805346904.6541489,2.408739
805346906.038025,1.343722
805346908.204551,2.0976749999999997
805346910.3444049,2.055831
805346912.431381,2.02222
805346914.6436139,2.1438260000000002
805346916.428077,1.7054310000000001
805346917.963829,1.4673589999999999
805346920.1659449,2.145616
805346922.529101,2.2940080000000003
805346924.992032,2.407025
805346927.205292,2.1613309999999997
805346929.205368,1.944967
805346931.7134299,2.4496819999999997
805346933.828463,2.048069
805346936.1529039,2.267565
805346938.623701,2.414654
805346941.025144,2.346403
805346943.4151729,2.333782
805346945.68718,2.217868
805346947.9912,2.2467070000000002
805346950.422421,2.341332
805346953.131208,2.64982
805346955.8547161,2.661388
805346958.307667,2.392551
805346960.722177,2.352053
805346963.282075,2.503414
805346965.621358,2.2840909999999996
805346967.99561,2.3177440000000002
805346970.3321829,2.251659
805346972.605917,2.218742
805346975.151129,2.4884769999999996
805346977.632851,2.42686
805346980.489268,2.794392
805346983.040564,2.488559
805346985.921968,2.8202269999999996
805346988.5642259,2.5791310000000003
805346991.160952,2.533905
805346993.768404,2.547948
805346996.620144,2.789034
805346999.194824,2.493831
805347002.0365391,2.7820280000000004
805347004.735791,2.642245
805347007.454282,2.656747
805347010.070659,2.556323
805347012.893803,2.760157
805347015.6854429,2.729566
805347018.439376,2.693918
805347021.2993749,2.797359
805347023.790431,2.427828
805347026.589131,2.711634
805347029.281631,2.615689
805347032.2475591,2.889486
805347034.888603,2.563897
805347037.781945,2.813501
805347040.8288311,2.962679
805347043.4987719,2.606198
805347046.2012551,2.642348
805347049.128451,2.8638130000000004
805347051.8601769,2.669019
805347054.785013,2.8647709999999997
805347057.150311,2.303314
805347059.464745,2.251417
805347061.928908,2.403662
805347064.415282,2.423804
805347066.49704,2.019402
805347068.890975,2.3144799999999996
805347071.6944001,2.717544
805347073.912804,2.1642050000000004
805347076.267015,2.278307
805347078.6519929,2.309883
805347080.747123,2.0396530000000004
805347082.564433,1.760213
805347085.036207,2.384986
805347087.0975771,1.98644
805347089.669666,2.504067
805347091.972931,2.245045
805347094.288916,2.241576
805347096.625473,2.279732
805347098.496443,1.814315
805347100.864916,2.2973350000000003
805347103.351617,2.414082
805347105.569327,2.141905
805347108.2974191,2.656678
805347111.141451,2.7714469999999998
805347113.231467,2.010903
805347115.288051,1.972574
805347117.331189,1.964329
805347119.400282,1.979359
805347121.400008,1.921304
805347123.396737,1.9211129999999998
805347125.3972961,1.93215
805347127.397799,1.9279989999999998
805347129.086271,1.62122
805347131.206658,2.042636
805347133.654428,2.364086
805347135.9414899,2.242656
805347138.230538,2.245796
805347140.474489,2.200371
805347142.7211471,2.202098
805347145.297675,2.5327689999999996
805347147.607053,2.2525370000000002
805347150.201991,2.539545
805347152.5322651,2.2741559999999996
805347154.819299,2.230145
805347156.787569,1.9138130000000002
805347159.095268,2.222836
805347161.431448,2.2562089999999997
805347163.7393501,2.221353
805347166.059889,2.2484200000000003
805347168.673187,2.53688
805347171.141927,2.411407
805347173.5687579,2.372745
805347176.3037261,2.677835
805347178.773978,2.4123780000000004
805347180.770735,1.9425709999999998
805347183.075445,2.219165
805347185.369747,2.22326
805347187.7669361,2.3216859999999997
805347190.2180331,2.391835
805347192.484927,2.2047849999999998
805347194.66154,2.1140619999999997
805347196.8588159,2.11735
805347199.10432,2.1621930000000003
805347201.873701,2.704281
805347204.212266,2.287037
805347206.483739,2.2182180000000002
805347208.802058,2.2408010000000003
805347211.1029699,2.244238
805347213.399938,2.2176829999999996
805347215.6412871,2.156902
805347218.395515,2.673655
805347220.659366,2.1784030000000003
805347223.447279,2.702172
805347225.6663029,2.159216
805347227.946564,2.216634
805347230.983415,2.986222
805347233.689055,2.6530460000000002
805347235.8670709,2.125706
805347238.079375,2.1620139999999997
805347239.8343359,1.686136
805347242.273376,2.360086
805347244.863247,2.506442
805347247.1457009,2.218947
805347249.4305509,2.223933
805347251.6388279,2.1458760000000003
805347253.76325,2.063465
805347256.424243,2.576089
805347258.361644,1.883243
805347260.49151,2.078385
805347262.5369251,1.9934900000000002
805347264.702309,2.113411
805347266.668205,1.8971369999999999
805347268.250822,1.499239
805347270.187279,1.8673190000000002
805347271.897069,1.631237
805347273.656734,1.685778
805347275.9371921,2.2295230000000004
805347278.401151,2.4152739999999997
805347280.560612,2.103619
805347282.713894,2.0957800000000004
805347285.0173739,2.2488930000000003
805347287.2601321,2.186098
805347289.60921,2.295601
805347291.554378,1.888526
805347293.864111,2.244703
805347296.147637,2.1977149999999996
805347299.0793569,2.855948
805347301.427749,2.293874
805347303.734054,2.2494949999999996
805347305.7363759,1.941411
805347308.547422,2.7266790000000003
805347310.7368,2.127003
805347313.304188,2.498182
805347315.24158,1.87452
805347318.2270269,2.905641
805347320.470676,2.180999
805347322.203882,1.676113
805347324.769353,2.478643
805347326.7058719,1.8792380000000002
805347329.2407451,2.463667
805347331.081223,1.783433
805347333.305713,2.1456980000000003
805347335.362534,1.9892320000000001
805347337.327633,1.899392
805347339.904794,2.492217
805347342.0604299,2.1060800000000004
805347343.913211,1.789165
805347346.174279,2.207167
805347348.310281,2.0758579999999998
805347350.493559,2.098769
805347352.4450799,1.887562
805347355.746587,3.215783
805347358.544394,2.742321
805347361.16518,2.563798
805347363.815476,2.580731
805347366.553331,2.654684
805347368.427344,1.811739
805347370.676492,2.1642050000000004
805347373.3773509,2.621349
805347375.636391,2.173641
805347377.882499,2.166493
805347380.0284281,2.069486
805347382.6373731,2.523561
805347384.9383011,2.221142
805347387.253722,2.229366
805347389.819381,2.486405
805347392.1224251,2.2187069999999998
805347394.6982349,2.5059549999999997
805347397.0455409,2.267573
805347399.3610569,2.264898
805347401.969089,2.5580410000000002
805347404.1133051,2.090846
805347406.560158,2.3841919999999996
805347408.776273,2.155244
805347411.041272,2.202227
805347413.281829,2.180497
805347415.678849,2.334387
805347417.924736,2.180698
805347420.185279,2.18002
805347422.4445549,2.187586
805347424.778785,2.268126
805347426.961403,2.098426
805347429.553403,2.5316549999999998
805347431.575111,1.907206
805347433.924748,2.289552
805347436.392769,2.405305
805347438.566411,2.111135
805347440.825436,2.209052
805347442.697039,1.8191060000000001
805347445.0170211,2.240618
805347447.309755,2.1965779999999997
805347449.630759,2.242101
805347452.1817639,2.466468
805347454.491352,2.224165
805347457.139454,2.568685
805347459.43188,2.216056
805347461.7810521,2.277613
805347464.4408749,2.583798
805347466.591314,2.093178
805347468.9031451,2.234448
805347471.209211,2.234214
805347473.505274,2.2409980000000003
805347475.791876,2.229503
805347478.015955,2.153683
805347481.225173,3.136981
805347483.6987921,2.416189
805347485.925212,2.171366
805347488.0522851,2.0641320000000003
805347490.3478899,2.232263
805347492.526879,2.118839
805347494.923299,2.3333180000000002
805347497.109314,2.126813
805347499.131391,1.9692690000000002
805347501.38465,2.203018
805347503.764416,2.3272929999999996
805347506.1447941,2.29995
805347508.502358,2.2707230000000003
805347511.0311071,2.44355
805347513.686541,2.575448
805347516.038973,2.289736
805347518.336718,2.234683
805347520.562476,2.1660350000000004
805347522.580475,1.961595
805347524.473932,1.8385090000000002
805347526.715331,2.164692
805347528.9788221,2.192979
805347531.509539,2.4546720000000004
805347533.8349329,2.270575
805347536.1005731,2.208716
805347538.576648,2.397541
805347540.8952161,2.238161
805347543.237247,2.250601
805347545.582691,2.273733
805347547.881802,2.2065330000000003
805347549.924316,1.970824
805347552.340703,2.34065
805347554.7321011,2.312274
805347557.1262319,2.3145290000000003
805347559.1235471,1.939191
805347561.2592621,2.080759
805347563.6234851,2.307371
805347565.839004,2.161052
805347568.227506,2.331998
805347570.4431211,2.157933
805347572.7977779,2.300848
805347575.571354,2.716308
805347577.881738,2.2555560000000003
805347580.287666,2.349232
805347582.483734,2.138301
805347584.731022,2.193516
805347586.7093929,1.9216389999999999
805347588.719482,1.955534
805347590.792895,2.0046880000000002
805347593.237026,2.3701790000000003
805347595.339968,2.022916
805347597.450392,2.03348
805347599.601717,2.0726020000000003
805347601.536522,1.85731
805347604.120834,2.518554
805347606.7930399,2.605468
805347609.489024,2.643355
805347611.9264381,2.372135
805347614.116141,2.1371200000000004
805347616.2548549,2.083465
805347618.353045,2.0438140000000002
805347620.527949,2.111758
805347623.118251,2.512715
805347624.838747,1.6597
805347626.634012,1.732068
805347628.692681,1.998273
805347630.5270319,1.770513
805347632.938678,2.348319
805347634.9593079,1.953719
805347637.014619,1.991853
805347639.151444,2.069499
805347641.290716,2.075989
805347643.343466,1.985854
805347645.459107,2.036011
805347647.657627,2.116358
805347649.984033,2.247049
805347652.275905,2.228239
805347654.967532,2.606817
805347657.0129911,1.9981450000000003
805347659.345031,2.2475680000000002
805347661.571295,2.146799
805347664.037497,2.380708
805347666.311452,2.185323
805347668.696751,2.3050919999999997
805347671.32442,2.5435879999999997
805347673.698774,2.2949289999999998
805347676.0490769,2.263906
805347678.496325,2.361107
805347681.0362719,2.4606329999999996
805347683.5584179,2.46563
805347685.7892159,2.175939
805347688.180208,2.33436
805347690.247445,2.009551
805347692.501642,2.200412
805347694.785272,2.227134
805347697.060029,2.203106
805347699.595382,2.479527
805347701.892617,2.242014
805347703.990594,2.0410559999999998
805347706.182957,2.1106369999999997
805347708.623338,2.386034
805347711.105582,2.425459
805347713.280809,2.121462
805347715.652648,2.319405
805347717.942451,2.229764
805347720.3582491,2.364301
805347722.566046,2.155306
805347724.7763541,2.143618
805347727.045143,2.1839910000000002
805347729.599481,2.474823
805347732.1334009,2.449162
805347734.708537,2.502176
805347737.479334,2.690818
805347739.673608,2.1185370000000003
805347742.502292,2.748243
805347744.5787851,2.018738
805347746.920081,2.284528
805347749.254969,2.280898
805347751.577111,2.2602130000000002
805347754.129905,2.492423
805347756.665379,2.474066
805347758.964573,2.236503
805347761.246291,2.222174
805347763.523048,2.214367
805347765.418301,1.8350339999999998
805347767.645492,2.14095
805347770.466103,2.74147
805347772.3128029,1.794238
805347774.190355,1.826164
805347775.672153,1.4046569999999998
805347777.726014,1.9748220000000003
805347779.889457,2.094515
805347782.347733,2.393329
805347784.383959,1.9857759999999998
805347786.273779,1.837912
805347788.2340779,1.89428
805347790.5318351,2.195971
805347792.311633,1.726209
805347793.7310901,1.3624889999999998
805347795.39037,1.5899510000000001
805347797.444836,1.9954870000000002
805347799.644468,2.124937
805347802.090427,2.382291
805347803.996377,1.848978
805347806.274147,2.180412
805347808.129531,1.803528
805347810.392495,2.179656
805347812.772479,2.300837
805347814.777166,1.951813
805347816.912889,2.080816
805347818.745946,1.776245
805347821.031163,2.214259
805347823.6480271,2.532081
805347825.773622,2.0701140000000002
805347827.391502,1.559884
805347829.0609599,1.602336
805347830.812619,1.6562720000000002
805347832.373466,1.4731539999999999
805347833.96852,1.5300509999999998
805347835.661907,1.6299949999999999
805347837.66114,1.932357
805347839.704797,1.972115
805347841.754903,1.978584
805347843.732478,1.892985
805347845.538909,1.7513159999999999
805347846.995215,1.381448
805347848.205914,1.155197
805347850.1918141,1.928186
805347852.503326,2.232549
805347854.79608,2.240136
805347856.604391,1.757408
805347858.661296,2.005585
805347860.635144,1.922922
805347862.45505,1.768322
805347864.267276,1.753814
805347865.680471,1.3460340000000002
805347867.219681,1.470205
805347868.899382,1.625675
805347870.5590299,1.589701
805347872.19591,1.567241
805347873.670171,1.417056
805347875.206894,1.483028
805347876.851905,1.600594
805347878.744049,1.845463
805347880.631283,1.824138
805347882.2267829,1.517408
805347883.798468,1.508764
805347885.152907,1.2901939999999998
805347886.391261,1.181355
805347887.8173859,1.3630490000000002
805347889.164546,1.292966
805347890.363235,1.1621789999999999
805347891.955712,1.553876
805347893.7043589,1.671222
805347894.872349,1.1144
805347896.158334,1.216979
805347897.369644,1.159089
805347898.6757389,1.25545
805347900.036818,1.3272760000000001
805347901.6096569,1.528585
805347903.259308,1.599729
805347904.928921,1.619776
805347906.110487,1.127656
805347907.6347929,1.473561
805347909.301954,1.614735
805347911.014168,1.646399
805347912.361904,1.294418
805347913.823153,1.394869
805347915.4988309,1.6188339999999999
805347916.9889001,1.4364569999999999
805347918.194155,1.149805
805347919.599582,1.3425710000000002
805347921.0176331,1.3554030000000001
805347922.78994,1.725758
805347924.198182,1.366663
805347925.5375539,1.294676
805347927.2292299,1.6291039999999999
805347928.3887869,1.117753
805347929.770516,1.3350140000000001
805347931.309394,1.4759669999999998
805347932.8041841,1.452985
805347934.021183,1.166199
805347935.51895,1.434948
805347936.87597,1.304698
805347938.6661179,1.724532
805347940.045416,1.3307289999999998
805347941.394447,1.297259
805347942.737935,1.293809
805347943.98561,1.198647
805347945.3774661,1.328065
805347946.6808361,1.256351
805347948.3189601,1.574631
805347950.123538,1.7537939999999999
805347951.70169,1.530144
805347952.8734659,1.1240539999999999
805347954.163726,1.24
805347955.319427,1.107905
805347956.8219459,1.443522
805347958.519185,1.645971
805347960.173048,1.603927
805347961.709692,1.485075
805347963.309595,1.551506
805347964.7140371,1.352266
805347966.013363,1.23248
805347967.371676,1.295215
805347969.098627,1.663829
805347970.422797,1.2632889999999999
805347971.572546,1.1054389999999998
805347973.363543,1.7427199999999998
805347974.748699,1.316604
805347976.053752,1.2591359999999998
805347977.387944,1.267507
805347979.416438,1.9653269999999998
805347980.6268489,1.161769
805347981.7470399,1.0558709999999998
805347983.018134,1.2077419999999999
805347984.243609,1.154053
805347985.89332,1.5957860000000001
805347987.173453,1.230368
805347988.430873,1.208398
805347989.7234479,1.241205
805347991.110657,1.329177
805347992.447802,1.287779
805347993.652522,1.1434469999999999
805347995.203784,1.488122
805347996.512977,1.246271
805347997.783721,1.232869
805347998.783369,0.94878
805347999.7414889,0.9247
805348000.7386271,0.963803
805348002.230441,1.443191
805348003.67295,1.3920270000000001
805348005.46587,1.7302190000000002
805348007.111507,1.598826
805348008.302333,1.1455980000000001
805348009.5071189,1.157314
805348010.813184,1.224037
805348012.042508,1.185106
805348013.5879921,1.497779
805348014.886396,1.2498909999999999
805348016.3004279,1.351096
805348017.746831,1.383855
805348019.391079,1.581267
805348020.7160939,1.2836429999999999
805348022.296094,1.532966
805348023.61187,1.263196
805348025.1672449,1.5134589999999999
805348026.566298,1.3429570000000002
805348027.9531469,1.33569
805348029.4170151,1.3889449999999999
805348030.959557,1.49245
805348032.408391,1.385381
805348033.8727111,1.3983459999999999
805348035.310845,1.397608
805348036.608111,1.2497470000000002
805348038.031008,1.347253
805348039.3697541,1.2906879999999998
805348040.735114,1.3174000000000001
805348042.222842,1.437965
805348043.60744,1.343392
805348044.954981,1.299582
805348046.162338,1.1406610000000001
805348047.415414,1.190517
805348048.4042599,0.940691
805348049.497789,1.0427279999999999
805348050.684302,1.123702
805348051.971684,1.24261
805348053.0985839,1.067854
805348054.230094,1.088109
805348055.3641,1.074058
805348056.50215,1.100803
805348057.614274,1.07286
805348058.949363,1.283448
805348060.123873,1.123811
805348061.1615291,0.983861
805348062.1419721,0.929659
805348063.015231,0.8232740000000001
805348063.925765,0.876789
805348064.880584,0.904511
805348065.8062739,0.8730129999999999
805348066.815088,0.950446
805348068.286175,1.4205050000000001
805348069.2352589,0.913091
805348070.165996,0.878143
805348071.1857741,0.969048
805348072.03664,0.8170620000000001
805348072.877645,0.805081
805348073.914319,1.002864
805348074.765486,0.801376
805348075.621273,0.8053049999999999
805348076.5532,0.881417
805348077.385662,0.796939
805348078.310727,0.87416
805348079.1657081,0.821371
805348080.060245,0.852625
805348080.972327,0.868072
805348081.8816459,0.867045
805348082.826201,0.881537
805348083.907353,1.0418479999999999
805348084.874094,0.929983
805348085.947649,1.035258
805348086.853754,0.873216
805348087.990566,1.103309
805348088.956099,0.87695
805348089.8476701,0.8501420000000001
805348090.8380511,0.9204330000000001
805348091.825045,0.924335
805348092.7669381,0.902248
805348093.9620659,1.154279
805348094.968469,0.970109
805348095.9627991,0.934968
805348096.965636,0.9247329999999999
805348098.03236,1.031007
805348099.096582,1.024943
805348100.1112549,0.942815
805348101.074994,0.898087
805348101.968062,0.830688
805348102.920235,0.910656
805348105.030396,2.068578
805348105.9175509,0.846062
805348106.81249,0.856048
805348107.7030829,0.851626
805348108.6178659,0.875418
805348109.44777,0.78876
805348110.31098,0.815659
805348111.2616589,0.899154
805348112.661992,1.349936
805348113.651073,0.953244
805348114.666071,0.975835
805348115.676278,0.951857
805348116.555393,0.82643
805348117.410857,0.819435
805348118.2449499,0.794867
805348119.085511,0.8014100000000001
805348119.9451759,0.822968
805348121.104172,1.122015
805348121.941467,0.78157
805348122.810626,0.81829
805348123.6667069,0.8054600000000001
805348124.47219,0.773223
805348125.367342,0.8416600000000001
805348126.3321561,0.9239040000000001
805348127.2929081,0.8974150000000001
805348128.513527,1.158257
805348129.560683,1.005692
805348130.7715681,1.1478320000000002
805348131.971156,1.136441
805348132.992148,0.9335640000000001
805348134.0898399,1.032329
805348135.5314821,1.378881
805348136.446984,0.861687
805348137.3220061,0.814251
805348138.215983,0.8406429999999999
805348139.233958,0.966887
805348140.238206,0.953816
805348141.085231,0.793461
805348142.216668,1.093564
805348142.98971,0.744914
805348143.972308,0.9545060000000001
805348144.773546,0.7595609999999999
805348145.848539,1.045825
805348146.980716,1.103801
805348147.863896,0.8331010000000001
805348148.755693,0.863942
805348149.778606,0.9937730000000001
805348150.756153,0.926969
805348151.6494471,0.857344
805348152.5240129,0.8388230000000001
805348153.396758,0.835268
805348154.304993,0.872672
805348155.287249,0.946159
805348156.1685929,0.830516
805348157.071223,0.8645229999999999
805348157.98405,0.862555
805348158.810077,0.7899050000000001
805348159.841117,0.980533
805348160.759232,0.8675999999999999
805348161.660825,0.864163
805348162.545099,0.834578
805348163.413726,0.818844
805348164.23655,0.791009
805348165.111958,0.841953
805348166.021027,0.877127
805348166.855631,0.784993
805348167.7368809,0.83109
805348168.570975,0.8018670000000001
805348169.486096,0.8617969999999999
805348170.467762,0.930993
805348171.372393,0.854239
805348172.303278,0.8810009999999999
805348173.192476,0.855765
805348174.067183,0.8244549999999999
805348175.064691,0.9469599999999999
805348175.948333,0.83297
805348176.8205839,0.822368
805348177.695381,0.840838
805348178.5686749,0.8226960000000001
805348179.472036,0.853703
805348180.27558,0.771541
805348181.208522,0.879598
805348182.1672649,0.908465
805348183.0875051,0.86991
805348184.227158,1.107594
805348185.137055,0.8761049999999999
805348186.223212,1.054165
805348187.2512579,0.9957569999999999
805348188.158781,0.856645
805348188.994344,0.7823370000000001
805348189.9371051,0.9110210000000001
805348190.851539,0.882314
805348191.937405,1.0468330000000001
805348192.798828,0.824652
805348193.6918471,0.854402
805348194.546425,0.8172280000000001
805348195.490282,0.876927
805348196.7019,1.159285
805348197.629173,0.8910629999999999
805348198.571558,0.891917
805348199.5654371,0.943052
805348201.009518,1.394046
805348202.216574,1.165985
805348203.0768961,0.818595
805348203.96641,0.847354
805348205.02515,0.967072
805348206.0179449,0.926867
805348206.970255,0.910295
805348207.8619651,0.849665
805348208.789034,0.8643379999999999
805348210.107086,1.2766730000000002
805348211.172785,1.028578
805348212.3038859,1.0789499999999999
805348213.1444889,0.806501
805348213.9718901,0.787767
805348214.8274751,0.821754
805348216.10539,1.226546
805348217.186713,1.0273770000000002
805348218.18377,0.964526
805348219.066064,0.831619
805348219.887154,0.789456
805348220.7530719,0.834067
805348221.6046779,0.799198
805348222.488594,0.851897
805348223.411154,0.8722289999999999
805348224.353263,0.90884
805348225.302499,0.914155
805348226.270344,0.925991
805348227.0424881,0.730885
805348228.371893,1.293383
805348229.72893,1.3030730000000001
805348230.969085,1.20631
805348231.926886,0.916244
805348232.8902,0.9278259999999999
805348233.793979,0.866825
805348234.7071409,0.862177
805348235.710988,0.953651
805348236.8937169,0.997328
805348238.012712,1.065626
805348239.012493,0.9372649999999999
805348239.93055,0.8638520000000001
805348240.962541,0.9966440000000001
805348241.929002,0.911653
805348242.9093299,0.917679
805348244.05028,1.099044
805348245.025419,0.9363940000000001
805348246.039559,0.97573
805348247.023931,0.9461400000000001
805348247.8729919,0.8011659999999999
805348248.934379,1.023576
805348249.8664939,0.8921960000000001
805348250.823047,0.908809
805348251.717943,0.860483
805348252.721853,0.970523
805348253.868222,1.092835
805348254.857336,0.918864
805348255.7990639,0.892283
805348256.749582,0.901529
805348257.708109,0.906311
805348258.893376,1.135564
805348259.834543,0.9105479999999999
805348260.874492,1.009263
805348261.795958,0.870181
805348262.6838851,0.838623
805348263.730011,1.015843
805348264.781562,1.02118
805348265.713242,0.8991910000000001
805348266.754065,1.0097509999999998
805348267.689295,0.903406
805348268.7271019,1.001619
805348269.691051,0.908663
805348270.5439701,0.821427
805348271.4872489,0.912149
805348272.501591,0.9825979999999999
805348273.431108,0.871716
805348274.351912,0.883057
805348275.283168,0.893258
805348276.341151,1.019833
805348277.355437,0.974309
805348278.327292,0.93346
805348279.3039659,0.938596
805348280.1541419,0.812188
805348281.049455,0.8545980000000001
805348282.529271,1.429779
805348283.496354,0.9176190000000001
805348284.388191,0.859031
805348285.377909,0.954744
805348286.266685,0.838681
805348287.2144,0.914032
805348288.127622,0.8635160000000001
805348289.0033599,0.8233360000000001
805348289.93694,0.899986
805348290.862705,0.87622
805348291.794783,0.8826080000000001
805348292.791044,0.9629449999999999
805348293.702872,0.877131
805348294.615378,0.879362
805348295.514771,0.8662719999999999
805348296.406805,0.858538
805348297.281688,0.840174
805348298.290547,0.9589270000000001
805348299.219758,0.879496
805348300.116273,0.863161
805348301.358631,1.190447
805348302.360515,0.968499
805348303.383591,0.984777
805348304.432547,1.010126
805348305.522571,1.0494350000000001
805348306.524329,0.962229
805348307.50436,0.91874
805348308.3461059,0.807855
805348309.237663,0.8384809999999999
805348310.040959,0.769536
805348310.9650681,0.8906400000000001
805348311.843796,0.844891
805348312.792374,0.898577
805348313.555135,0.727423
805348314.415955,0.827101
805348315.448154,0.9990540000000001
805348316.596417,1.114814
805348317.606828,0.958414
805348318.5144681,0.874486
805348319.512909,0.964536
805348320.4381081,0.875248
805348321.246329,0.755459
805348322.360246,1.078103
805348323.361928,0.96645
805348324.265372,0.86855
805348325.2533591,0.950583
805348326.16001,0.871211
805348327.119377,0.9086759999999999
805348328.04491,0.890209
805348329.168435,1.066019
805348330.1912229,0.98756
805348331.1613389,0.934536
805348332.2005559,1.00385
805348333.121547,0.8838820000000001
805348334.066046,0.908916
805348335.0097079,0.90798
805348336.030577,0.970639
805348336.9985809,0.930442
805348337.859424,0.8257540000000001
805348338.76161,0.833737
805348339.626454,0.829542
805348340.791847,1.1076350000000001
805348341.741168,0.89737
805348342.649106,0.872865
805348343.467648,0.782859
805348344.4100881,0.8930980000000001
805348345.336988,0.8923180000000001
805348346.230502,0.860687
805348347.0940119,0.8305899999999999
805348348.1613461,1.017919
805348349.0120009,0.8167199999999999
805348349.843377,0.799239
805348350.67627,0.8007449999999999
805348351.732958,1.024573
805348352.83936,1.074097
805348354.446312,1.554365
805348355.738843,1.242919
805348356.719106,0.947761
805348357.9996259,1.240923
805348358.9965221,0.949891
805348360.0319331,0.9828230000000001
805348360.983744,0.897649
805348361.966936,0.9449970000000001
805348362.9489969,0.945029
805348363.824616,0.838593
805348364.7591959,0.8974989999999999
805348365.758067,0.94684
805348366.791268,0.9837649999999999
805348367.8127509,0.9715779999999999
805348368.864856,1.003161
805348369.801785,0.902735
805348370.777479,0.9428979999999999
805348371.72454,0.9143690000000001
805348372.9721739,1.187818
805348374.058991,1.0519049999999999
805348375.1299801,1.021247
805348376.1226311,0.942806
805348377.176881,1.001723
805348378.613235,1.386584
805348379.7216359,1.058249
805348381.07402,1.302664
805348382.248124,1.1206390000000002
805348383.3469429,1.035727
805348384.312326,0.9024719999999999
805348385.715388,1.347308
805348386.68241,0.914995
805348387.698676,0.964862
805348388.735696,0.9861970000000001
805348389.7514161,0.9622609999999999
805348390.697258,0.894934
805348391.648177,0.900798
805348392.596476,0.897926
805348393.639402,0.9900200000000001
805348394.809211,1.139388
805348395.719746,0.8806849999999999
805348396.7862769,1.0360230000000001
805348397.72909,0.911428
805348398.792238,1.032893
805348399.755451,0.913256
805348400.686198,0.8810340000000001
805348401.6324359,0.914292
805348402.502838,0.820435
805348403.471548,0.918874
805348404.3551459,0.833561
805348405.259793,0.851412
805348406.17359,0.863255
805348407.080958,0.856324
805348407.985487,0.8543160000000001
805348408.857651,0.823254
805348409.7364471,0.826398
805348410.604388,0.834047
805348411.580225,0.9252349999999999
805348412.37744,0.747302
805348413.284321,0.871772
805348414.167831,0.849749
805348415.0913349,0.873989
805348415.972939,0.8478319999999999
805348417.302752,1.26038
805348418.386295,1.048059
805348419.3052579,0.885107
805348420.351585,0.995533
805348421.340833,0.936525
805348422.329555,0.938949
805348423.356181,0.994949
805348424.439583,1.019306
805348425.644073,1.157125
805348426.546906,0.85245
805348427.367198,0.7805000000000001
805348428.2344251,0.8336370000000001
805348429.097911,0.808936
805348429.985372,0.8481380000000001
805348430.813375,0.776052
805348431.753046,0.907388
805348432.583818,0.798604
805348433.583335,0.946184
805348434.4967921,0.8732489999999999
805348435.456602,0.896417
805348436.397473,0.878003
805348437.269836,0.835302
805348438.4612,1.156319
805348439.4865819,0.991256
805348440.557059,1.023182
805348441.584155,0.9643889999999999
805348442.4601461,0.817771
805348443.3991771,0.899853
805348444.424213,0.972159
805348445.482212,1.0039580000000001
805348446.4032271,0.862769
805348447.493994,1.0547950000000001
805348448.56453,1.0380770000000001
805348449.474799,0.8569260000000001
805348450.313973,0.789068
805348451.483055,1.1196570000000001
805348452.472053,0.9320809999999999
805348453.876168,1.35161
805348454.788697,0.8733979999999999
805348455.7283349,0.9060999999999999
805348456.743835,0.9649650000000001
805348457.624258,0.847271
805348458.486807,0.831331
805348459.3488159,0.828623
805348460.313117,0.914103
805348461.323603,0.9579960000000001
805348462.662667,1.305312
805348463.568236,0.856233
805348464.502346,0.883758
805348465.4748701,0.919997
805348466.373468,0.848707
805348467.2598369,0.826479
805348468.157181,0.847363
805348469.090114,0.8809290000000001
805348469.971742,0.849956
805348470.9132739,0.892654
805348471.885573,0.9225979999999999
805348472.789904,0.8550139999999999
805348473.6835871,0.8608990000000001
805348474.622336,0.907358
805348475.728592,1.074795
805348476.706624,0.946742
805348477.68424,0.925528
805348478.990492,1.2744799999999998
805348479.890687,0.86865
805348480.910863,0.985
805348481.934297,0.959319
805348482.9376451,0.953287
805348484.099337,1.120439
805348484.9266,0.783704
805348485.8927859,0.928779
805348486.8805189,0.951184
805348487.8706119,0.9541820000000001
805348489.021224,1.114803
805348490.0328649,0.974121
805348490.93066,0.8480099999999999
805348491.874298,0.893536
805348492.884696,0.9598249999999999
805348494.144551,1.181491
805348494.976075,0.796594
805348495.9605069,0.921084
805348496.868587,0.820565
805348497.7691641,0.856998
805348498.69295,0.8704770000000001
805348499.610272,0.8660640000000001
805348500.533972,0.890293
805348501.462133,0.8751479999999999
805348502.420309,0.908335
805348503.8596611,1.407492
805348505.048063,1.138025
805348506.072078,0.970369
805348506.9904009,0.86756
805348507.977078,0.93618
805348508.950806,0.9039290000000001
805348509.894488,0.8914759999999999
805348510.882359,0.937593
805348511.811748,0.8793030000000001
805348512.7744999,0.912479
805348513.618335,0.790976
805348514.638655,0.970796
805348515.592075,0.924528
805348516.670431,1.028495
805348517.7424049,1.019344
805348518.597894,0.826905
805348519.695019,1.068195
805348520.493563,0.7697449999999999
805348521.319637,0.795811
805348522.191582,0.843043
805348523.033177,0.812329
805348523.962757,0.9004669999999999
805348524.916815,0.876153
805348525.883008,0.9285479999999999
805348526.86937,0.9360040000000001
805348527.827309,0.908404
805348528.712052,0.848736
805348529.842908,1.093018
805348530.787718,0.894142
805348531.716802,0.879046
805348532.56204,0.794415
805348533.350035,0.734149
805348534.25619,0.870162
805348535.105478,0.799727
805348535.885785,0.7501720000000001
805348536.78142,0.84592
805348537.842937,1.02986
805348539.014658,1.14141
805348539.809446,0.75458
805348540.851648,0.996678
805348541.732424,0.8443660000000001
805348542.470438,0.703175
805348543.177837,0.672589
805348543.969408,0.7591950000000001
805348544.872381,0.827031
805348545.638527,0.734087
805348546.5060899,0.8365999999999999
805348547.3334811,0.7774960000000001
805348548.13702,0.7539349999999999
