2184584110.539478,2.414564
2184584113.240438,2.66692
2184584117.662569,3.495173
2184584121.73573,4.030892000000001
2184584124.870953,3.097017
2184584127.431554,2.520651
2184584130.2556663,2.7869879999999996
2184584134.921809,2.8969769999999997
2184584138.799115,3.178534
2184584142.000422,3.151639
2184584145.364725,2.841027
2184584150.2687635,3.797185
2184584153.184752,2.868517
2184584156.21275,2.430662
2184584162.78716,3.354341
2184584167.7769113,4.222038
2184584170.782233,2.482504
2184584173.7819204,2.970315
2184584180.0648813,3.055844
2184584185.6891236,3.0743620000000003
2184584189.0506077,2.7905640000000003
2184584192.490358,3.404566
2184584196.231435,1.322001
2184584200.100003,2.8861120000000002
2184584202.518648,2.38856
2184584205.851554,3.28415
2184584210.094029,3.20192
2184584212.871612,2.015491
2184584216.748514,3.193871
2184584219.82092,3.031385
2184584222.055552,2.159861
2184584226.6206717,2.850327
2184584230.4058976,2.273835
2184584233.871875,3.3979589999999997
2184584237.209426,3.2871710000000003
2184584240.728119,3.012067
2184584246.212439,3.339607
2184584249.734552,2.802482
2184584255.162026,4.073368
2184584259.664909,4.436315
2184584262.8704457,3.149391
2184584265.1800733,2.263722
2184584268.861942,2.9763189999999997
2184584271.974968,3.070666
2184584278.103211,3.489694
2184584282.294529,2.96786
2184584285.781117,3.4325829999999997
2184584289.0884,3.2749620000000004
2184584292.199173,3.074041
2184584294.024767,1.794628
2184584299.942589,2.172789
2184584302.665695,1.9627669999999997
2184584305.929497,2.239946
2184584308.228875,2.231938
2184584311.779442,3.198009
2184584314.553706,2.747335
2184584317.98243,3.381565
2184584321.841326,3.820617
2184584324.811138,2.9329120000000004
2184584327.465508,2.615729
2184584330.107054,2.604903
2184584334.233101,2.7141740000000003
2184584337.85995,3.582173
2184584340.8375072,2.928174
2184584344.270949,2.755202
2184584346.827983,2.520946
2184584349.796152,2.933834
2184584353.319635,2.1152900000000003
2184584357.315347,3.2636800000000004
2184584360.4632072,3.108581
2184584362.381243,1.8812950000000002
2184584366.136511,2.744961
2184584373.4382863,4.570221
2184584383.096916,2.870565
2184584385.1030197,1.9566789999999998
2184584389.551444,3.460594
2184584393.367944,3.2243459999999997
2184584396.3600473,2.93699
2184584402.177208,3.191575
2184584407.274591,3.545313
2184584412.7797437,3.411523
2184584415.804425,2.495451
2184584420.29651,3.4972950000000003
2184584421.630284,1.3042850000000001
2184584425.0372577,3.3715669999999998
2184584429.880614,3.109804
2184584433.2333,3.291705
2184584437.356045,3.1982939999999997
2184584444.639558,2.861612
2184584448.098607,3.429441
2184584452.337061,3.438205
2184584455.270412,2.902469
2184584458.4063997,2.479885
2184584461.083957,2.624867
2184584467.485926,3.955153
2184584472.29076,3.338555
2184584475.033244,2.707963
2184584478.0762863,1.201102
2184584482.269093,3.286281
2184584486.6253457,3.050065
2184584489.100893,1.520672
2184584492.726764,3.029815
2184584497.5525613,3.9265840000000005
2184584500.35136,2.763016
2184584502.911272,2.120644
2184584505.2111583,2.2670160000000004
2184584508.18812,2.940594
2184584515.3313227,3.3671349999999998
2184584519.782058,2.594949
2184584523.4554453,2.806858
2184584526.0112762,2.528904
2184584529.264189,3.224406
2184584532.453074,3.106961
2184584534.7713137,2.285123
2184584537.728942,2.916966
2184584540.7615037,2.2382639999999996
2184584545.1225524,3.576852
2184584548.474466,2.086994
2184584553.457553,3.587481
2184584556.462383,2.951777
2184584560.5487723,2.0794490000000003
2184584564.1411066,2.72331
2184584568.6588078,4.476408999999999
2184584570.077722,1.38441
2184584574.192137,3.0075700000000003
2184584577.0485706,2.820272
2184584580.402696,3.006036
2184584585.600966,3.77603
2184584588.740718,2.0381739999999997
2184584592.511674,3.110913
2184584596.801404,2.837736
2184584600.456252,2.241815
2184584603.307337,2.819724
2184584607.190942,2.1909989999999997
2184584610.9928713,3.238795
2184584614.6628942,3.634201
2184584618.5527673,3.8535700000000004
2184584623.120387,3.813563
2184584627.720212,4.5444960000000005
2184584632.584352,3.364873
2184584636.23775,2.980332
2184584638.957125,2.162089
2184584642.759843,2.350632
2184584648.092925,4.718758
2184584651.584715,3.456648
2184584653.81293,2.183272
2184584656.402115,2.544719
2184584661.413069,3.108257
2184584666.358619,3.166223
2184584669.858839,2.868019
2184584675.245644,3.529852
2184584679.980247,3.205124
2184584682.096755,2.065118
2184584684.224431,2.090138
2184584687.339277,3.0765029999999998
2184584692.4058347,2.984255
2184584697.3829827,3.1954309999999997
2184584700.327573,1.649061
2184584703.508133,3.1212079999999998
2184584709.281248,3.954271
2184584712.389575,3.073906
2184584716.181262,3.746988
2184584720.120943,2.698903
2184584724.774998,2.739722
2184584728.4769998,3.651982
2184584731.704038,1.2812329999999998
2184584734.858338,3.1093800000000003
2184584737.9610667,2.6031079999999998
2184584743.462026,4.980768
2184584747.105883,3.614081
2184584751.219927,4.072371
2184584756.0772247,4.800859999999999
2184584759.476821,2.696174
2184584763.423017,3.197027
2184584767.669057,3.407931
2184584771.909179,2.9509
2184584775.306209,3.366949
2184584778.247406,2.90887
2184584785.416543,4.68328
2184584788.9178443,2.947282
2184584791.441461,2.4837219999999998
2184584796.285183,4.107292
2184584799.423874,3.10174
2184584801.906358,2.44917
2184584805.1730833,3.229831
2184584809.133714,2.5176
2184584811.7129693,2.535786
2184584814.3951774,2.611948
2184584816.850688,2.42108
2184584820.650162,3.763791
2184584824.746068,3.668234
2184584829.670652,3.360311
2184584832.9415393,3.201045
2184584837.15851,2.689685
2184584841.720499,4.075686999999999
2184584845.111081,3.331843
2184584848.316458,2.521137
2184584851.318588,2.600926
2184584855.057422,3.699814
2184584857.943308,2.846205
2184584861.610942,2.882595
2184584866.35694,3.321942
2184584872.049503,5.653694
2184584875.987838,3.8820959999999998
2184584880.274725,4.224585
2184584883.624207,3.30473
2184584887.510587,3.169337
2184584893.817439,4.166913
2184584898.6774383,4.0225740000000005
2184584902.394248,3.345748
2184584906.334682,2.607169
2184584909.224692,2.835407
2184584912.807587,3.541003
2184584915.17941,2.3176949999999996
2184584918.19137,2.9726209999999997
2184584921.772807,3.525601
2184584928.221885,3.298447
2184584932.025549,3.758086
2184584934.79083,2.7179130000000002
2184584938.9417043,2.339995
2184584942.362282,3.386123
2184584946.612729,1.9699790000000001
2184584949.198975,2.553508
2184584953.973947,2.6350029999999998
2184584957.5949783,3.584617
2184584959.9471827,2.315687
2184584963.078212,3.099764
2184584967.743648,3.47508
2184584971.638772,2.584069
2184584974.890486,2.697588
2184584976.755708,1.2987980000000001
2184584978.960752,2.1495960000000003
2184584981.343625,2.348408
2184584983.11907,1.740166
2184585005.2287707,21.638538
2184585011.670175,4.953397
2184585016.313821,4.58011
2184585021.7159452,4.570913
2184585024.905926,3.1429750000000003
2184585029.765356,3.80757
2184585032.999334,2.629613
2184585061.9255257,18.230887000000003
2184585068.431258,6.441065999999999
2184585074.8910794,4.397349
2184585077.9790583,3.02022
2184585108.885171,29.864986
2184585115.587249,6.653466
2184585121.2125587,4.736594
2184585129.246378,6.26647
2184585135.768613,3.081256
2184585139.87733,4.072914000000001
2184585143.183349,1.898526
2184585148.124021,3.190877
2184585150.805931,2.64204
2184585154.039217,2.185797
2184585157.417893,2.694782
2184585160.319229,2.859862
2184585162.993762,2.631018
2184585165.665596,2.612232
2184585167.812358,1.664317
2184585171.017725,2.603224
2184585175.702249,2.826631
2184585178.338896,2.053361
2184585180.855293,2.485277
2184585183.722177,2.142346
2184585188.4270277,2.00436
2184585192.0360403,2.617279
2184585195.739132,3.1035809999999997
2184585198.552689,2.34934
2184585201.0496197,2.459284
2184585204.116801,2.2850129999999997
2184585207.6139493,2.2656870000000002
2184585211.358436,2.72216
2184585213.828928,2.435547
2184585217.184629,3.3207649999999997
2184585232.71235,2.936047
2184585248.726574,15.960761
2184585252.035215,3.245389
2184585258.9662986,5.192817
2184585262.637221,3.614824
2184585267.272173,3.7933250000000003
2184585270.918725,3.607641
2184585274.121409,2.553808
2184585277.059035,2.880803
2184585280.51078,3.4096640000000003
2184585284.253813,3.687559
2184585288.80412,3.908773
2184585291.680351,2.836074
2184585294.496919,2.01651
2184585297.612842,3.072253
2184585302.13201,3.6831519999999998
2184585306.497494,2.434942
2184585310.374718,2.654361
2184585316.1613507,2.947299
2184585361.2873497,33.617198
2184585365.923881,3.08935
2184585371.771855,5.785519
2184585377.2319927,4.439990000000001
2184585381.3285346,4.050998999999999
2184585388.750806,4.439302
2184585393.040362,2.1067400000000003
2184585397.436402,3.1555239999999998
2184585402.203834,4.035262
2184585409.073593,2.5518799999999997
2184585412.6353397,2.3627930000000004
2184585415.578396,2.906846
2184585417.5801773,1.973698
2184585420.063214,2.451491
2184585422.98385,1.8261429999999998
2184585426.332247,3.3196649999999996
2184585429.779835,3.410129
2184585435.643507,3.648222
2184585438.7193623,3.0377609999999997
2184585469.4939933,30.728690999999998
2184585475.190411,4.574888
2184585480.9009967,4.803281
2184585483.9578037,2.998931
2184585486.658426,2.6313809999999997
2184585490.5922832,3.883944
2184585493.698348,3.0688500000000003
2184585499.807928,6.0532140000000005
2184585505.127891,4.187451
2184585509.551457,3.82837
2184585512.216223,2.618944
2184585515.296109,2.252201
2184585518.262782,2.266894
2184585521.3096223,2.994861
2184585525.244413,3.447743
2184585529.659964,4.350153
2184585535.859167,5.35062
2184585538.2705812,2.356878
2184585541.837686,3.495153
2184585546.266848,2.459415
2184585549.5977,3.285503
2184585554.3448877,4.692166
2184585557.210886,2.215453
2184585561.700977,3.761333
2184585565.311076,2.86475
2184585568.958291,3.0493400000000004
2184585574.361249,4.018297
2184585578.405438,3.261917
2184585581.387157,2.945399
2184585583.498483,2.076334
2184585585.802448,2.269889
2184585590.425151,4.581488
2184585593.264195,2.774114
2184585596.989718,3.681696
2184585602.359785,3.587697
2184585606.639607,3.5987430000000002
2184585610.812094,3.572305
2184585614.117011,3.273436
2184585616.951099,2.781104
2184585621.9065547,2.74826
2184585626.1607747,4.200539
2184585630.8730197,3.743257
2184585635.5386233,3.49052
2184585639.071003,2.9211609999999997
2184585642.3213587,3.217907
2184585645.250449,2.876264
2184585648.26039,2.960539
2184585651.834902,3.516163
2184585654.2214603,2.347286
2184585658.761168,3.855069
2184585661.162128,2.35668
2184585666.202771,3.145158
2184585669.571287,2.3972569999999997
2184585672.753258,3.149515
2184585676.3306723,2.825139
2184585679.212166,2.1782880000000002
2184585682.513394,3.238902
2184585686.608277,2.088495
2184585690.5850897,3.2125
2184585696.4790673,3.276882
2184585699.385032,2.850555
2184585705.995777,3.422513
2184585710.269917,2.701627
2184585713.3947167,3.095412
2184585717.409041,3.4494640000000003
2184585721.5079923,2.814625
2184585724.7469177,2.549128
2184585728.215993,2.168895
2184585731.55726,3.300074
2184585736.359616,3.451599
2184585740.066806,3.6728799999999997
2184585742.46675,2.3470050000000002
2184585746.391747,3.86825
2184585750.0955586,3.648759
2184585753.469693,3.31897
2184585757.611705,4.087872
2184585760.1681128,2.502657
2184585766.220003,3.494194
2184585771.952472,3.28573
2184585776.7093678,3.916441
2184585780.507816,3.7594909999999997
2184585782.810657,2.266237
2184585787.665343,3.696882
2184585794.135071,3.301942
2184585799.653236,1.9735479999999999
2184585802.842884,3.164659
2184585806.600634,2.42073
2184585809.039041,2.41415
2184585812.290428,3.215068
2184585815.573811,3.230509
2184585819.285947,2.8808089999999997
2184585823.488461,3.378595
2184585826.445219,2.9226579999999998
2184585830.275538,3.788526
2184585834.819223,3.7527369999999998
2184585837.366002,1.928475
2184585841.278711,2.775404
2184585844.880461,3.16936
2184585848.4237957,2.576788
2184585853.469975,3.332274
2184585858.230815,3.668584
2184585860.965306,2.672137
2184585864.064727,3.06565
2184585867.1651783,3.065725
2184585871.2158327,3.9979020000000003
2184585874.110539,2.8419090000000002
2184585879.5942397,5.427989999999999
2184585882.631453,2.995749
2184585886.627812,2.9819970000000002
2184585890.580112,2.586679
2184585893.911562,2.4858029999999998
2184585897.652981,2.348947
2184585902.1489873,3.470736
2184585905.090264,2.907148
2184585908.072289,2.9483780000000004
2184585912.056664,2.730723
2184585919.37693,2.5149220000000003
2184585922.965269,2.369187
2184585926.488851,3.4955469999999997
2184585930.290114,2.305319
2184585933.01201,2.696309
2184585937.588592,2.5676050000000004
2184585941.398596,2.8280309999999997
2184585944.471123,3.0393070000000004
2184585948.276735,3.768264
2184585950.437937,1.628675
2184585954.0547214,3.1193470000000003
2184585957.3887253,2.766952
2184585961.701565,3.5346140000000004
2184585965.314723,3.568864
2184585968.842,2.9915480000000003
2184585972.4388022,2.8385149999999997
2184585976.269803,3.0307749999999998
2184585978.259718,1.9358209999999998
2184585981.293889,2.99141
2184585983.673566,2.346822
2184585987.243014,2.857442
2184585990.201477,2.9275569999999997
2184585993.485114,2.804274
2184585999.7564898,3.033746
2184586003.533278,2.856112
2184586006.462675,2.877942
2184586010.080942,3.56325
2184586013.601387,3.45744
2184586019.8598046,4.629154
2184586023.595655,3.1287429999999996
2184586026.0440173,2.3868
2184586030.888606,2.994863
2184586032.882944,1.956555
2184586034.269753,1.350347
2184586038.110764,3.159897
2184586040.676056,2.526418
2184586046.567176,2.671662
2184586049.775102,3.144138
2184586053.103707,2.8116529999999997
2184586055.2870083,1.754627
2184586058.70878,3.363576
2184586062.5420094,3.803126
2184586067.115672,2.827816
2184586069.270072,2.116986
2184586072.709442,2.8043199999999997
2184586076.398069,2.939818
2184586079.9538827,3.10619
2184586084.545682,3.8365679999999998
2184586089.051539,2.991555
2184586091.8912067,2.800891
2184586096.440012,3.674932
2184586100.4026804,3.206415
2184586102.516844,2.077341
2184586107.247746,4.300678
2184586116.157486,7.496842
2184586119.7920556,3.592462
2184586123.4228578,3.578018
2184586126.8991103,3.420853
2184586131.8272676,3.249923
2184586134.892231,2.3005180000000003
2184586138.037163,2.681216
2184586140.689849,2.181977
2184586144.712915,3.16632
2184586147.816308,3.068993
2184586151.055601,3.205104
2184586154.862229,2.143584
2184586158.735444,3.124931
2184586162.068035,3.2833799999999997
2184586164.7732353,1.9673199999999997
2184586167.247324,2.437703
2184586170.3907123,2.6711
2184586172.775843,2.350479
2184586177.408206,2.970574
2184586182.3682823,2.75928
2184586184.639014,2.224008
2184586188.771983,3.6994290000000003
2184586190.7950683,1.992194
2184586193.578704,2.738975
2184586196.42952,2.801574
2184586200.665713,3.2913780000000004
2184586203.6638556,2.95378
2184586207.492399,3.773851
2184586210.026596,2.485233
2184586213.810492,3.114492
2184586216.906711,3.027311
2184586219.6285067,1.966378
2184586222.885614,3.209324
2184586226.447299,3.500238
2184586229.331268,2.846701
2184586232.375718,2.995251
2184586238.200839,4.016996
2184586241.434784,2.633572
2184586247.757117,4.847663000000001
2184586250.0302095,2.218927
2184586254.321912,4.229733
2184586257.274313,2.891424
2184586264.242132,5.654295
2184586267.2928557,3.012658
2184586271.675927,3.6843079999999997
2184586275.5930758,3.351359
2184586277.7944126,2.1594700000000002
2184586281.090192,3.250658
2184586284.499844,3.371147
2184586289.140423,2.7207809999999997
2184586292.3864384,3.20973
2184586296.3235803,3.32947
2184586301.8445697,2.21997
2184586306.155314,2.581537
2184586308.952968,2.7699949999999998
2184586312.681278,3.253736
2184586316.027136,3.290817
2184586318.4246283,2.3689359999999997
2184586321.2386823,2.7622020000000003
2184586324.236586,2.957434
2184586327.7515497,3.473589
2184586331.471917,2.993907
2184586334.797541,2.5603420000000003
2184586338.147934,3.3103719999999996
2184586341.2763247,3.088689
2184586345.2211757,2.780129
2184586348.957935,3.6961009999999996
2184586352.265216,2.59402
2184586357.608162,4.857054000000001
2184586360.7732987,2.44546
2184586364.585281,3.77327
2184586367.506918,2.874999
2184586371.354801,3.794744
2184586376.946966,2.852869
2184586380.1133723,3.128301
2184586384.211624,2.703729
2184586387.731948,2.644533
2184586391.18033,2.263157
2184586393.46113,2.249814
2184586396.58598,3.071647
2184586399.6807003,2.439741
2184586403.2917314,3.09853
2184586406.610567,3.266631
2184586409.4161887,2.2226120000000003
2184586412.396073,2.938471
2184586414.619572,2.1830399999999996
2184586417.3375707,2.675579
2184586420.612855,3.221107
2184586424.798078,3.327445
2184586428.5574656,3.714938
2184586431.496099,2.897237
2184586434.8112297,2.695238
2184586437.549039,2.680254
2184586440.5385733,2.922704
2184586443.795158,3.216817
2184586447.216627,3.361906
2184586450.299341,3.035561
2184586454.507452,2.162588
2184586457.004685,2.456004
2184586459.992343,2.505717
2184586463.4530487,3.41129
2184586466.937261,3.00884
2184586470.374195,2.862696
2184586474.588438,3.621219
2184586476.6376348,1.437279
2184586480.027523,2.730363
2184586483.272948,2.5531740000000003
2184586484.6561317,1.349669
2184586488.086391,2.825875
2184586492.605262,3.283526
2184586496.8202763,4.176321000000001
2184586504.250237,3.9532359999999995
2184586508.749002,3.6978660000000003
2184586510.314014,1.533317
2184586513.287844,2.904038
2184586516.375877,3.049785
2184586520.044404,3.1612910000000003
2184586522.879927,2.796923
2184586526.139542,1.933981
2184586530.858536,3.0630840000000004
2184586535.0421767,2.889863
2184586537.843363,2.759696
2184586541.5157943,3.121748
2184586544.809308,3.262278
2184586548.2694216,3.40478
2184586551.646524,3.321039
2184586555.4426804,2.909126
2184586559.326107,3.1651689999999997
2184586563.0832458,3.7129440000000002
2184586567.752153,3.766235
2184586572.040922,1.744626
2184586577.259039,3.460987
2184586580.99462,2.806503
2184586583.9724183,2.303002
2184586587.843202,3.27291
2184586592.268904,2.824328
2184586596.669766,3.649869
2184586600.91493,2.762483
2184586604.6963077,2.902259
2184586609.546514,3.11843
2184586613.848365,3.731918
2184586618.406611,4.02072
2184586623.1662693,4.704299000000001
2184586627.7329373,3.2741100000000003
2184586632.062317,3.033716
2184586635.850931,3.7198740000000003
2184586641.3281317,2.620786
2184586644.405481,2.474535
2184586647.123531,2.6854180000000003
2184586651.026945,3.872099
2184586653.828708,2.747771
2184586658.349201,2.7535279999999998
2184586663.09054,3.6174459999999997
2184586666.915058,3.788251
2184586671.516296,2.727548
2184586675.5826178,3.557566
2184586678.988219,2.666411
2184586681.20414,1.66469
2184586686.7372117,2.956503
2184586689.137126,2.3633930000000003
2184586693.65933,3.0542030000000002
2184586696.0676384,2.362736
2184586699.242177,3.137445
2184586702.696742,2.765851
2184586707.286647,3.530014
2184586713.1204348,2.896961
2184586716.6120157,2.85099
2184586719.810152,2.612711
2184586722.161729,2.3231800000000002
2184586726.465621,3.5538819999999998
2184586731.2996497,4.323115
2184586735.4936557,3.220632
2184586739.672635,2.216316
2184586743.430097,3.7189200000000002
2184586747.702754,4.220963
2184586751.157579,2.656345
2184586753.368534,2.1790809999999996
2184586756.4634786,3.0519000000000003
2184586760.78114,2.960117
2184586763.998734,3.17162
2184586767.751278,3.686642
2184586770.9346128,3.117341
2184586774.55271,3.063956
2184586779.059764,3.4800619999999998
2184586782.807889,2.718501
2184586786.104034,3.259246
2184586788.573325,2.431927
2184586791.952694,3.3251790000000003
2184586795.4617352,3.4720649999999997
2184586799.018487,2.8676399999999997
2184586801.4563394,2.395973
2184586804.329051,2.832702
2184586808.448162,3.3383839999999996
2184586812.589971,4.090682
2184586816.135691,3.495125
2184586820.207913,3.601811
2184586826.30973,3.165172
2184586829.2865477,2.284392
2184586831.9946647,2.656242
2184586834.665657,2.621895
2184586838.496784,3.2237080000000002
2184586840.62432,2.094631
2184586847.2207327,2.497452
2184586854.3445683,3.071857
2184586856.650694,2.2560800000000003
2184586859.3224587,2.203461
2184586862.251441,2.284342
2184586864.586676,2.310004
2184586869.307673,4.207207
2184586877.1474233,2.862482
2184586881.334541,2.7834719999999997
2184586886.109808,3.374705
2184586894.172161,3.3002439999999997
2184586898.040717,2.967596
2184586900.969021,2.894186
2184586906.894863,4.026298000000001
2184586911.268563,2.582515
2184586915.8374343,2.219829
2184586918.830843,2.9618729999999998
2184586920.966737,1.491922
2184586924.288645,2.745763
2184586926.592301,2.268653
2184586930.427075,2.579473
2184586933.6201286,2.095338
2184586937.418118,2.6500120000000003
2184586941.713342,3.31612
2184586944.977123,3.227554
2184586947.698496,2.307595
2184586951.20516,2.97587
2184586954.740993,2.873513
2184586957.763263,2.983603
2184586960.769873,2.9682020000000002
2184586964.705563,3.319713
2184586966.85437,2.111582
2184586969.9896,3.096028
2184586972.292269,2.262527
2184586974.896035,2.5652779999999997
2184586977.8635206,2.926087
2184586980.596518,2.6897729999999997
2184586984.097389,2.955644
2184586987.099726,2.957055
2184586990.233639,3.090967
2184586994.722115,3.75278
2184586999.397511,4.607994
2184587003.305439,3.825185
2184587006.472841,2.226154
2184587010.683595,3.338631
2184587013.82047,3.08078
2184587018.8596344,3.412572
2184587021.854674,2.940129
2184587026.6452737,3.62824
2184587029.939583,3.240755
2184587033.396712,3.40422
2184587038.2129602,1.741472
2184587040.987046,2.73972
2184587044.426851,3.402656
2184587047.416748,2.955237
2184587050.9786453,3.5277789999999998
2184587054.5565333,3.523663
2184587056.853209,2.25749
2184587058.931977,2.039049
2184587064.1180787,4.1370890000000005
2184587067.726485,3.5655650000000003
2184587072.424077,3.303404
2184587075.678636,3.21253
2184587078.741585,3.023198
2184587082.925046,4.141454
2184587088.2233644,3.827315
2184587095.647282,3.5296160000000003
2184587099.61669,3.936744
2184587102.629231,2.964421
2184587105.2093277,2.5332459999999997
2184587108.673518,2.834155
2184587111.85338,3.101606
2184587114.724989,2.8321940000000003
2184587120.732536,4.943979000000001
2184587125.83195,3.581537
2184587129.47915,2.5220350000000002
2184587133.598792,4.087129999999999
2184587136.501722,2.231198
2184587139.665495,2.7588999999999997
2184587142.870654,3.148383
2184587147.503202,3.328257
2184587151.735721,3.4969799999999998
2184587156.2278447,3.191558
2184587160.416072,2.1128739999999997
2184587166.004267,2.914302
2184587169.1903753,3.158894
2184587172.105573,2.888111
2184587174.331031,1.839736
2184587177.942815,2.860716
2184587181.801119,3.424687
2184587185.467159,2.537738
2184587190.2722616,4.1704
2184587192.4682956,2.158404
2184587195.410112,2.859239
2184587198.6048517,2.0429269999999997
2184587201.683498,3.012918
2184587207.734385,3.118849
2184587210.780877,2.995123
2184587213.898726,3.085142
2184587218.648591,2.311094
2184587221.905111,3.204624
2184587224.932937,2.397011
2184587227.9460797,2.974317
2184587230.812192,2.8262259999999997
2184587234.4080777,2.47015
2184587237.70744,3.260114
2184587240.596286,2.838285
2184587243.902481,3.264366
2184587249.5392528,5.574606999999999
2184587253.8970804,4.294174000000001
2184587255.95443,1.9956269999999998
2184587259.487426,2.93499
2184587265.33667,3.7706139999999997
2184587268.2708364,2.8811319999999996
2184587272.852767,3.480157
2184587275.890727,2.982746
2184587279.4850187,2.853146
2184587282.012188,2.0204289999999996
2184587286.261955,3.532998
2184587290.4216933,2.988307
2184587293.0407214,2.0261519999999997
2184587296.921276,3.21572
2184587302.3356557,2.807633
2184587305.173998,2.802561
2184587308.942346,3.733596
2184587311.377082,2.399623
2184587315.601937,4.183699
2184587318.762112,3.105771
2184587322.1073318,2.915234
2184587325.5067787,2.753938
2184587329.937931,3.668471
2184587332.755369,2.780988
2184587336.5182586,3.701
2184587339.985344,3.401004
2184587342.4119487,2.3715379999999997
2184587347.710959,2.2310939999999997
2184587350.7271233,2.395937
2184587354.313292,3.110429
2184587357.4978437,2.506437
2184587361.6780663,3.176318
2184587367.796135,3.892683
2184587371.2006683,3.351064
2184587374.682561,3.42605
2184587377.840006,3.1157820000000003
2184587380.110794,2.231188
2184587385.155837,3.615999
2184587393.192958,4.222925
2184587397.954225,3.924031
2184587400.531839,2.524671
2184587404.661942,3.423283
2184587408.6728992,3.952227
2184587412.710453,3.087436
2184587417.192501,4.436032
2184587421.37026,3.356319
2184587425.701435,3.3860959999999998
2184587428.5590153,2.815901
2184587432.993256,4.36959
2184587436.52379,2.7893369999999997
2184587439.308152,2.746635
2184587441.24406,1.8857329999999999
2184587444.343937,3.0548469999999996
2184587447.057779,2.669588
2184587450.075366,2.9752720000000004
2184587454.008853,3.239093
2184587458.4518776,3.873996
2184587461.230378,2.7400889999999998
2184587465.2825727,3.305774
2184587468.7635994,1.959967
2184587473.032299,3.206803
2184587477.109536,2.8272890000000004
2184587480.983598,3.161159
2184587484.162177,2.667463
2184587488.3635683,4.158692
2184587491.987775,2.9810380000000003
2184587498.883543,4.499146
2184587501.736146,2.819524
2184587504.806343,2.084342
2184587509.0549116,3.1629240000000003
2184587510.646535,1.555051
2184587515.480371,3.1531219999999998
2184587518.4673553,2.942197
2184587522.640745,3.144492
2184587525.719344,3.0340279999999997
2184587528.993948,3.237044
2184587531.720426,2.6832689999999997
2184587534.817894,3.0562929999999997
2184587537.1908393,2.31445
2184587540.664754,2.7158059999999997
2184587543.555684,2.3487069999999997
2184587549.391168,1.954242
2184587552.260746,2.805363
2184587555.222339,2.089617
2184587557.91516,2.637382
2184587560.718443,2.7728319999999997
2184587562.803665,2.033481
2184587565.167569,2.335614
2184587568.935525,3.726769
2184587573.47073,2.494904
2184587576.125289,2.612888
2184587578.726675,2.538078
2184587582.638248,2.5494519999999996
2184587585.687619,2.427236
2184587590.5203714,3.793811
2184587594.81997,2.987554
2184587597.758122,2.902336
2184587602.5549297,2.500738
2184587605.200471,2.611282
2184587609.7014456,3.459303
2184587612.976455,2.493856
2184587617.597385,4.049915
2184587621.523829,3.889257
2184587625.0543633,3.476476
2184587628.740042,2.998062
2184587630.973023,2.165276
2184587635.4071198,2.99092
2184587638.790355,3.321821
2184587642.9822946,3.401173
2184587645.297355,2.273476
2184587648.6816707,2.849664
2184587652.967925,3.5943210000000003
2184587656.1961308,3.189771
2184587659.104174,2.870846
2184587661.692073,2.550482
2184587663.546385,1.8149
2184587667.416244,3.8288390000000003
2184587671.719667,3.484243
2184587675.1558843,3.386661
2184587679.422523,3.33407
2184587682.610365,3.1445570000000003
2184587684.803356,2.1575919999999997
2184587687.896473,2.508105
2184587691.605505,2.021611
2184587694.633706,2.99362
2184587697.6541,2.9650459999999996
2184587701.142667,2.824336
2184587704.784163,3.086446
2184587707.0252028,2.188082
2184587709.970865,2.9090040000000004
2184587713.684432,3.674923
2184587716.846429,3.120926
2184587720.197075,2.5996840000000003
2184587723.926005,3.68742
2184587727.590356,2.094238
2184587730.320252,2.294744
2184587732.675681,2.3144810000000002
2184587734.981463,2.266092
2184587743.6252294,4.114835
2184587747.702697,3.43566
2184587752.548953,4.098619
2184587755.390109,2.7990340000000002
2184587759.809196,3.130696
2184587765.177954,2.775322
2184587769.108769,2.474683
2184587772.263989,3.096078
2184587775.5297,3.236122
2184587778.8143053,2.775483
2184587782.503778,3.103141
2184587786.45533,3.29077
2184587790.325596,3.258403
2184587793.6165433,3.2559109999999998
2184587796.475998,2.82482
2184587799.435711,2.923116
2184587803.532857,3.7517750000000003
2184587807.479958,3.893072
2184587810.837398,3.309088
2184587813.46137,2.581476
2184587816.623034,3.116383
2184587820.364771,2.916814
2184587822.719904,2.305601
2184587826.343773,3.046681
2184587829.313787,2.40605
2184587831.203485,1.856668
2184587835.2937202,3.193562
2184587837.775819,2.429697
2184587840.918222,3.097419
2184587844.52643,3.563394
2184587847.065194,2.4988639999999998
2184587850.597847,2.7271140000000003
2184587853.579703,2.279064
2184587863.419276,7.856298
2184587872.614322,9.142899
2184587876.759091,4.083011
2184587882.823059,5.998024
2184587886.666837,3.782605
2184587890.4570856,3.7323880000000003
2184587900.7204747,9.395763
2184587911.019363,10.232302
2184587915.938297,3.824092
2184587919.21151,3.218967
2184587923.128649,3.010832
2184587926.46001,3.245726
2184587929.601316,2.6153
2184587931.7806783,2.146217
2184587934.606674,2.793546
2184587937.558343,2.917153
2184587940.722177,3.1111
2184587943.612807,2.84055
2184587948.395823,2.5768980000000004
2184587952.368023,3.919057
2184587955.652114,3.245147
2184587957.693079,2.005159
2184587960.402535,2.653795
2184587964.115401,3.670848
2184587966.817143,2.659579
2184587972.7007003,3.204038
2184587976.8796086,3.323798
2184587980.955598,3.173527
2184587984.885403,3.05108
2184587988.7579627,3.094726
2184587992.162502,2.95286
2184587998.601237,4.555331
2184588002.924588,4.267390000000001
2184588007.631032,3.57209
2184588011.745152,4.05918
2184588014.825069,2.700465
2184588019.667379,3.060806
2184588022.699057,2.496527
2184588026.302421,3.5596680000000003
2184588029.164137,2.8260989999999997
2184588032.074984,2.853134
2184588036.975898,3.460613
2184588040.904849,3.883181
2184588044.356186,3.395768
2184588048.585204,3.491199
2184588052.261747,2.523403
2184588056.348537,3.430706
2184588059.473096,3.085581
2184588064.051076,3.664553
2184588067.4658546,2.871019
2184588070.88072,3.3683739999999998
2184588073.039671,2.1190890000000002
2184588075.877174,2.796074
2184588079.406498,3.47749
2184588082.4682403,3.020619
2184588085.0129213,2.491572
2184588089.955873,2.126507
2184588094.689207,4.691013
2184588097.338637,2.5971610000000003
2184588100.0485682,2.6770359999999997
2184588103.600934,1.850905
2184588106.6603503,3.01729
2184588110.294857,3.580537
2184588114.066796,2.402498
2184588117.4781637,2.82674
2184588122.746051,4.275263
2184588126.306479,3.504379
2184588130.822217,3.634347
2184588133.801977,2.941325
2184588136.198472,2.344233
2184588139.297064,3.042043
2184588143.953396,3.146968
2184588150.565604,2.9481189999999997
2184588154.133772,2.965183
2184588156.22008,2.0592010000000003
2184588158.946516,2.4270799999999997
2184588161.095278,1.251535
2184588165.090798,3.9604109999999997
2184588168.444193,3.298733
2184588173.033827,2.134048
2184588176.0694222,2.9957339999999997
2184588179.1185856,3.0122780000000002
2184588181.68833,2.518981
2184588184.692919,2.9487419999999998
2184588188.269909,2.864093
2184588192.2602367,3.935318
2184588195.915623,3.062628
2184588201.124595,3.2343200000000003
2184588205.974656,2.893977
2184588209.532998,2.369054
2184588211.923943,2.337796
2184588214.429913,2.476168
2184588219.988445,3.392152
2184588225.254784,3.12514
2184588229.8959584,3.407143
2184588232.870739,2.9234959999999997
2184588235.999029,3.0973110000000004
2184588238.979606,2.900134
2184588242.601823,3.565288
2184588246.019558,3.371972
2184588249.7459083,3.669607
2184588252.449262,2.6510040000000004
2184588256.851665,3.079333
2184588261.3278418,2.7341650000000004
2184588265.196626,3.8302509999999996
2184588268.776184,2.506736
2184588273.882534,2.731477
2184588279.2463417,4.708851
2184588282.632373,2.795796
2184588286.698853,2.88044
2184588290.154492,3.0996
2184588296.763475,4.866497
2184588301.954842,3.4561990000000002
2184588304.1509094,2.1530389999999997
2184588307.748401,3.0179780000000003
2184588311.4534,3.670074
2184588314.6056423,3.113827
2184588318.348111,3.6907680000000003
2184588322.652751,3.3714779999999998
2184588326.338212,3.639294
2184588331.960028,3.978527
2184588336.5976367,3.719789
2184588341.1096573,3.076095
2184588344.1825027,2.640586
2184588348.1784363,2.9333929999999997
2184588350.6369233,2.419695
2184588354.403248,3.0971979999999997
2184588358.354677,3.896677
2184588360.888734,2.106429
2184588364.432687,3.478357
2184588371.4738016,4.288211
2184588376.604856,3.9880389999999997
2184588378.9604363,1.575765
2184588383.211874,3.340162
2184588386.773439,3.527143
2184588390.406597,3.578998
2184588392.898234,1.863293
2184588398.731078,2.027225
2184588401.366432,2.5834439999999996
2184588404.814851,2.69255
2184588409.04061,2.597181
2184588411.865767,2.793044
2184588414.177301,2.278617
2184588417.57214,3.327497
2184588420.9649043,3.3603919999999996
2184588423.410294,2.392511
2184588425.92363,2.4352679999999998
2184588429.926787,3.341616
2184588433.8253717,2.834138
2184588438.6987257,4.0831230000000005
2184588441.9855533,2.695071
2184588447.326537,3.118383
2184588450.140621,2.7782649999999998
2184588452.8749433,2.701396
2184588456.236693,1.882495
2184588460.164332,2.928054
2184588463.486444,2.678536
2184588465.879778,2.343736
2184588469.58717,2.518131
2184588474.5454082,3.368937
2184588478.177055,3.061398
2184588481.152958,2.9370249999999998
2184588483.645259,1.958637
2184588487.187634,3.509634
2184588491.377055,2.712826
2184588496.022647,3.75527
2184588499.558292,3.476868
2184588503.1555343,3.544306
2184588507.6474,4.45501
2184588510.385498,2.7033449999999997
2184588516.382603,3.189239
2184588519.006871,2.581164
2184588523.5737033,3.871226
2184588531.508294,3.034083
2184588536.715154,2.7868559999999998
2184588540.02808,3.282895
2184588543.769074,3.684454
2184588547.198203,2.560626
2184588550.334876,3.10901
2184588553.145275,2.7554060000000002
2184588557.310164,3.397036
2184588561.18052,3.828181
2184588565.355692,3.671571
2184588569.217657,3.34417
2184588571.911946,2.651955
2184588577.657516,3.709796
2184588581.5029097,3.050706
2184588585.014463,2.3738449999999998
2184588590.53222,2.6291700000000002
2184588593.459029,2.8943250000000003
2184588596.822736,3.327464
2184588599.4478164,2.592485
2184588603.6154323,3.776754
2184588607.033358,3.384331
2184588610.97197,3.875592
2184588613.122094,2.110081
2184588616.9863834,3.0265370000000003
2184588623.953566,3.203493
2184588627.490471,2.635077
2184588630.8776193,3.351074
2184588635.116735,3.0341259999999997
2184588638.9838367,2.458613
2184588641.167441,1.315561
2184588644.451978,3.252482
2184588648.088005,3.58472
2184588651.2312784,3.104361
2184588654.028671,2.762469
2184588657.076293,3.0009490000000003
2184588660.816484,2.9792199999999998
2184588664.420752,3.5590550000000003
2184588667.696988,3.2313099999999997
2184588670.689841,2.9500569999999997
2184588673.527143,2.7984519999999997
2184588678.574026,3.06361
2184588684.818278,3.3836019999999998
2184588689.524299,2.839705
2184588692.98971,3.428288
2184588696.36275,2.09214
2184588699.589488,2.805197
2184588703.611236,3.1096150000000002
2184588706.3031516,2.636276
2184588708.917001,2.5828320000000002
2184588712.711669,2.9770849999999998
2184588714.940256,2.19244
2184588718.2722077,3.272764
2184588721.327541,3.0188200000000003
2184588725.362517,2.6626499999999997
2184588729.7232823,2.61436
2184588737.8800573,1.953966
2184588743.302269,3.933204
2184588747.4790883,3.355285
2184588751.6074634,3.673632
2184588756.5371118,4.134618
2184588760.711452,4.120543
2184588765.568215,2.897104
2184588767.759144,2.1475750000000002
2184588771.133525,3.331921
2184588777.435418,4.090786
2184588778.732656,1.254538
2184588782.420248,3.653521
2184588785.70167,3.245653
2184588787.075383,1.339624
2184588790.396174,2.821363
2184588794.100706,2.253612
2184588796.7448597,2.603944
2184588800.196989,2.795816
2184588803.113513,2.8751599999999997
2184588806.1717887,3.020295
2184588810.4587917,3.443767
2184588816.502607,3.461347
2184588818.849948,2.3100680000000002
2184588823.6939583,2.504347
2184588826.911849,3.1841679999999997
2184588829.4416933,2.469864
2184588832.933897,3.0408039999999996
2184588835.9693184,2.999796
2184588838.921365,2.8634250000000003
2184588842.806325,3.16306
2184588846.023076,3.1743140000000003
2184588850.0816083,3.368607
2184588854.058777,3.5260700000000003
2184588856.330514,2.231178
2184588859.397399,3.024773
2184588863.1420646,2.992097
2184588868.416922,4.692244
2184588876.6197076,3.566029
2184588879.708633,2.677339
2184588883.4836807,3.747843
2184588887.356357,3.818068
2184588891.8002734,4.38947
2184588894.457987,2.6117559999999997
2184588899.945338,3.8486100000000003
2184588907.1372867,3.50223
2184588910.3504863,3.162374
2184588913.326024,2.665905
2184588916.035451,2.682434
2184588919.2646246,2.934243
2184588922.6585197,3.358125
2184588926.261625,3.548182
2184588929.5185347,3.217852
2184588932.831463,3.2739499999999997
2184588935.33341,2.462311
2184588937.70626,2.337063
2184588942.63113,3.519767
2184588948.360649,2.31175
2184588951.7082086,2.558535
2184588956.09569,3.273263
2184588958.888172,2.762919
2184588964.425377,3.1698310000000003
2184588967.246749,2.785691
2184588971.849156,2.1220060000000003
2184588977.170785,3.149815
2184588980.029655,2.113494
2184588985.0183687,4.3795090000000005
2184588988.2059584,3.131914
2184588990.829467,2.536496
2184588996.041605,4.218463000000001
2184588999.3662577,3.26316
2184589004.178604,4.759548
2184589007.607179,3.372094
2184589011.913227,3.292385
2184589016.310784,3.715202
2184589019.6408176,3.280279
2184589023.773952,4.095378999999999
2184589026.826632,2.458032
2184589030.277434,3.397152
2184589036.095806,4.762379
2184589042.9830832,3.708025
2184589045.416027,2.406799
2184589049.366253,2.873314
2184589053.072454,3.6769429999999996
2184589056.434425,3.30708
2184589060.421989,2.8835140000000004
2184589064.8411202,3.020142
2184589068.339843,3.462954
2184589072.999786,3.4512840000000002
2184589077.0479712,2.732225
2184589081.070038,3.442642
2184589088.474037,2.7959840000000002
2184589090.49515,1.658676
2184589096.386107,3.779307
2184589099.416862,2.97691
2184589103.299401,3.030125
2184589107.362063,3.395165
2184589110.8836603,2.4320209999999998
2184589113.975921,3.04855
2184589117.6617246,3.640886
2184589123.945212,4.523237
2184589128.2457848,3.424125
2184589132.964377,3.064633
2184589136.427113,3.40881
2184589140.108407,3.6505199999999998
2184589145.6971917,2.429993
2184589148.4932637,2.736733
2184589152.261686,3.248907
2184589155.748951,3.432224
2184589159.233585,2.067706
2184589162.426857,3.157208
2184589165.905471,3.092069
2184589171.347851,3.3027059999999997
2184589177.715819,3.2987200000000003
2184589180.897203,2.7009450000000004
2184589184.169494,3.238159
2184589187.2841563,3.081514
2184589190.306469,2.9821869999999997
2184589193.171289,2.830564
2184589197.419777,3.4318410000000004
2184589200.732023,3.273676
2184589204.2965417,3.042088
2184589206.740241,2.369464
2184589209.83521,3.054358
2184589212.976041,3.100363
2184589217.788312,3.37242
2184589222.035584,3.4633239999999996
2184589225.649574,3.558547
2184589229.573115,3.8787499999999997
2184589233.161136,3.0085569999999997
2184589236.9519057,3.1298760000000003
2184589240.963097,3.97488
2184589245.4447412,3.532255
2184589249.333654,3.285342
2184589252.981643,2.8061409999999998
2184589256.2207108,3.202718
2184589259.355747,3.0991489999999997
2184589264.305522,4.914852
2184589269.843523,3.628437
2184589274.748628,4.026554
2184589277.6434937,2.849977
2184589282.46619,3.0
2184589285.546322,3.04292
2184589288.959941,3.376268
2184589294.870506,3.8017
2184589297.638935,2.730474
2184589300.8465676,3.167996
2184589304.889583,3.5081499999999997
2184589307.4256673,2.4989410000000003
2184589311.772758,3.0502390000000004
2184589315.961067,2.2735730000000003
2184589319.4667163,2.070538
2184589324.3767967,3.2354749999999997
2184589328.11021,3.69984
2184589331.299834,2.0885589999999996
2184589333.915813,2.032942
2184589336.267694,2.297288
2184589338.75149,2.446054
2184589341.889581,2.441287
2184589344.903012,2.973447
2184589349.180314,4.234945000000001
2184589352.19727,2.966441
2184589355.255737,3.007931
2184589358.807856,2.423315
2184589362.088555,3.231897
2184589364.9312673,2.8001940000000003
2184589368.975543,3.995416
2184589373.840766,4.297174
2184589378.259896,3.624622
2184589382.501008,3.077267
2184589385.18622,2.6484389999999998
2184589388.1171403,2.896106
2184589391.201971,3.047598
2184589395.7371616,2.3262069999999997
2184589399.273894,2.927175
2184589407.371787,3.755441
2184589410.078299,2.679563
2184589413.404074,3.297689
2184589416.709139,2.390181
2184589420.411547,3.627484
2184589423.7845044,2.729644
2184589426.145634,2.327154
2184589430.103057,3.189806
2184589434.7972374,3.4489389999999998
2184589440.5691357,3.7567239999999997
2184589443.8415203,3.239094
2184589446.980263,3.106705
2184589450.041262,2.396169
2184589453.51657,3.421374
2184589457.890254,2.160832
2184589460.5526667,2.6229690000000003
2184589463.507946,2.178081
2184589466.159135,2.6192339999999996
2184589470.257632,1.951851
2184589472.217562,1.929714
2184589476.1652603,2.990038
2184589480.126392,3.38937
2184589483.162935,2.982113
2184589488.183359,2.955288
2184589490.7308526,2.4953089999999998
2184589495.51892,4.748851999999999
2184589501.202012,3.589467
2184589503.762478,2.5200370000000003
2184589507.1419754,2.685059
2184589510.690113,3.500039
2184589513.891151,3.166918
2184589517.115024,3.190137
2184589520.853382,3.704777
2184589525.36191,2.942354
2184589530.9292808,3.0036080000000003
2184589533.656442,2.061431
2184589537.329152,2.8430959999999996
2184589539.604437,2.243501
2184589542.8634744,2.0705910000000003
2184589547.456364,3.051966
2184589549.327728,1.8220210000000001
2184589552.045153,2.68095
2184589555.3999066,3.3193110000000003
2184589558.9338846,3.4997969999999996
2184589562.726998,3.42231
2184589566.296114,3.53175
2184589568.665232,2.328015
2184589571.3228087,2.616487
2184589573.652154,2.291756
2184589577.2062044,2.166184
2184589582.5346212,2.727372
2184589585.703712,3.128759
2184589590.1524577,2.7535950000000002
2184589592.714181,2.527072
2184589595.995022,3.246426
2184589599.377134,3.3353800000000002
2184589602.872037,3.441666
2184589605.791252,2.877961
2184589608.608986,2.776401
2184589611.884793,3.2339949999999997
2184589614.77409,2.846306
2184589618.3682942,3.5507440000000003
2184589622.143811,3.720608
2184589624.366824,2.183513
2184589629.443651,2.548283
2184589633.450212,3.4498480000000002
2184589637.492442,2.703184
2184589640.8482747,3.322248
2184589644.1458178,2.686268
2184589650.051996,4.039828
2184589655.209502,2.468421
2184589657.4664497,2.224073
2184589660.61047,2.414362
2184589663.282573,2.61734
2184589667.946001,3.562458
2184589670.9854074,3.007039
2184589674.781138,3.194079
2184589676.754318,1.918752
2184589679.819609,3.015715
2184589683.825657,3.9687050000000004
2184589687.127018,3.23635
2184589691.5061364,4.334273
2184589695.728484,4.1771400000000005
2184589699.403204,3.621905
2184589702.1812873,2.734513
2184589706.153463,3.919233
2184589708.9642553,2.726162
2184589712.8758187,3.861419
2184589715.8147197,2.88982
2184589719.221,3.354485
2184589722.627492,2.902151
2184589725.231196,2.5524549999999997
2184589727.762069,2.436695
2184589731.613133,3.3273610000000002
2184589734.755675,3.102909
2184589739.768106,3.539136
2184589742.872492,3.069843
2184589747.203819,4.008701
2184589750.779271,3.510106
2184589752.881233,2.049236
2184589756.1646857,3.241027
2184589759.822608,3.618839
2184589762.175403,2.282638
2184589764.5712447,2.353531
2184589768.188447,2.760337
2184589771.0649433,2.8307979999999997
2184589773.634902,1.588492
2184589780.6151404,5.89711
2184589784.424959,3.7711419999999998
2184589790.459766,3.728668
2184589795.1804547,2.759754
2184589798.0573473,2.426465
2184589801.909828,2.172124
2184589806.3684,2.472967
2184589809.840508,3.435557
2184589813.04249,2.752124
2184589818.96507,4.0741950000000005
2184589822.957187,3.3226240000000002
2184589827.0112586,1.608953
2184589829.959554,2.91098
2184589835.01967,2.779645
2184589838.54516,3.0640799999999997
2184589842.984725,3.345893
2184589846.375646,3.3583879999999997
2184589850.292667,3.2559630000000004
2184589853.848548,1.216244
2184589856.802172,2.907317
2184589860.191133,2.906648
2184589862.926755,2.2883489999999997
2184589864.180378,1.221209
2184589868.8120503,3.155868
2184589872.3532643,2.852052
2184589877.078659,3.405058
2184589881.432159,4.323180000000001
2184589884.7217927,3.2587200000000003
2184589888.062374,2.710016
2184589891.3123126,3.219087
2184589893.2465363,1.9053200000000001
2184589898.986393,4.176738
2184589901.992416,2.95436
2184589905.598675,3.041066
2184589908.318543,2.676219
2184589912.786511,2.864112
2184589916.664916,3.194033
2184589920.79441,3.437106
2184589925.693677,3.815919
2184589928.8951793,2.625054
2184589934.509869,3.096511
2184589937.678636,2.6090649999999997
2184589941.162979,3.440383
2184589943.9019117,2.678515
2184589947.334737,2.680927
2184589949.88718,1.918566
2184589952.333868,2.4097060000000003
2184589956.092628,2.191278
2184589962.783677,3.279785
2184589965.6023088,2.7504750000000002
2184589969.167159,2.976795
2184589974.060361,1.556948
2184589976.78105,2.691151
2184589979.7614517,2.9439879999999996
2184589982.360553,2.565978
2184589984.915041,2.520305
2184589988.126561,3.174918
2184589990.8358355,2.643972
2184589994.1022577,3.209665
2184589999.421053,5.2641290000000005
2184590003.833016,2.925966
2184590007.378514,3.492483
2184590011.1763377,3.081798
2184590013.463409,2.2521780000000002
2184590016.0400143,2.541798
2184590020.085503,4.007111
2184590025.2381263,3.888334
2184590028.386255,3.0929759999999997
2184590031.2404547,2.814172
2184590034.681521,2.8245470000000004
2184590038.759674,3.233879
2184590042.1224313,3.320502
2184590048.05074,3.4764019999999998
2184590050.59179,2.507744
2184590053.527021,2.851626
2184590056.34616,2.785522
2184590059.1420193,2.7451939999999997
2184590062.924367,2.965123
2184590066.466252,3.503533
2184590070.058479,3.0954200000000003
2184590074.024934,3.138739
2184590078.8399453,3.0643010000000004
2184590081.917678,3.0227600000000003
2184590085.800285,3.057067
2184590089.274571,2.458683
2184590094.094576,3.3783440000000002
2184590097.1440196,3.009599
2184590099.2849703,2.1035749999999998
2184590101.222774,1.906806
2184590105.583662,3.168494
2184590108.789148,3.150834
2184590112.157939,2.879337
2184590114.725377,2.530518
2184590117.373173,2.613481
2184590120.560662,2.2166989999999998
2184590123.819347,3.2102559999999998
2184590126.622861,2.765829
2184590130.0872054,3.4091199999999997
2184590132.9601903,2.8214360000000003
2184590137.213553,4.195843
2184590140.250992,2.9849210000000004
2184590143.0598,2.2263029999999997
2184590146.46977,3.367158
2184590149.085965,2.5609230000000003
2184590153.653718,3.337774
2184590157.514243,3.7995479999999997
2184590162.439987,3.4453489999999998
2184590165.5166297,3.040345
2184590170.0017934,3.0112490000000003
2184590173.598623,2.689328
2184590179.307343,3.538711
2184590180.8950753,1.557909
2184590184.30166,3.351566
2184590188.2682524,3.155893
2184590192.5355167,3.544514
2184590195.9313183,2.720966
2184590199.337181,3.365596
2184590203.181105,3.8095429999999997
2184590207.066224,2.781523
2184590210.338967,3.2202699999999997
2184590214.763956,1.955842
2184590220.4040523,3.450364
2184590224.790798,3.668574
2184590227.4001913,2.231122
2184590230.247632,2.815439
2184590232.6762953,2.399307
2184590236.06375,2.4994180000000004
2184590239.143547,3.033029
2184590243.937435,4.04812
2184590250.462803,4.627961
2184590257.255298,4.12542
2184590260.948678,1.6542729999999999
2184590263.837521,2.859226
2184590266.5022893,2.634648
2184590269.2143297,2.6583959999999998
2184590273.119335,2.976857
2184590275.8191566,2.662532
2184590282.7990627,3.234709
2184590285.935705,3.1017959999999998
2184590290.721098,4.750965
2184590293.24335,2.4601200000000003
2184590296.171084,2.886681
2184590302.242253,3.195407
2184590305.099206,2.803654
2184590307.52708,2.373914
2184590310.637124,3.0752639999999998
2184590312.780276,2.107555
2184590315.705458,2.366045
2184590319.891326,4.143216
2184590322.207348,2.2731850000000002
2184590326.368692,3.1534660000000003
2184590329.688927,3.26334
2184590332.7182097,2.991966
2184590335.784436,3.0269950000000003
2184590339.857402,4.02031
2184590342.849748,2.939218
2184590347.1188917,3.5743929999999997
2184590351.313016,2.097285
2184590354.3934903,3.04369
2184590356.869433,2.438627
2184590359.874525,2.9655419999999997
2184590362.263227,2.337412
2184590364.9075527,2.607313
2184590366.996066,2.051711
2184590370.67284,3.639953
2184590375.914456,4.148593
2184590380.2485523,3.5408969999999997
2184590384.692843,3.8041289999999996
2184590388.336046,3.60099
2184590392.5005116,4.106033
2184590397.535352,4.989024
2184590402.088127,4.503379
2184590406.46957,2.691252
2184590411.025264,3.3157080000000003
2184590415.891655,3.4414939999999996
2184590421.295164,5.366447
2184590425.747734,4.420009
2184590428.147018,2.368192
2184590430.4409947,2.26227
2184590434.076507,2.420461
2184590437.140479,3.012056
2184590440.820556,3.0278620000000003
2184590444.776382,3.92153
2184590448.749368,2.776685
2184590451.108411,2.323066
2184590454.078908,2.4029160000000003
2184590457.889659,2.77736
2184590462.5872803,2.896598
2184590466.4030237,3.7774039999999998
2184590468.6066933,2.1625929999999998
2184590471.364594,2.7164070000000002
2184590474.6373973,3.230618
2184590479.008952,3.616343
2184590482.373753,3.3231900000000003
2184590485.355709,2.9461869999999997
2184590487.496455,2.1059579999999998
2184590493.191386,4.081013
2184590497.914395,3.416948
2184590500.640053,2.686779
2184590503.797907,3.11933
2184590507.1706676,3.336023
2184590511.081319,2.462007
2184590514.390228,2.2237289999999996
2184590516.813914,2.386094
2184590518.8512716,1.992423
2184590522.924297,2.941857
2184590525.726764,2.767991
2184590528.976593,2.60134
2184590534.051104,3.183526
2184590537.64279,2.981742
2184590542.356338,4.200902999999999
2184590544.858389,2.468099
2184590549.32457,2.670631
2184590552.6538353,3.2950340000000002
2184590556.422334,3.0089219999999997
2184590559.514344,3.0478699999999996
2184590562.30164,2.751332
2184590564.9069257,2.540747
2184590568.773112,3.810791
2184590572.506912,3.678659
2184590575.584155,3.028325
2184590578.930345,3.2992820000000003
2184590582.624463,3.6448460000000003
2184590586.5622,3.15184
2184590590.286918,3.669745
2184590593.0819287,2.756751
2184590595.8347487,1.846924
2184590600.344937,2.366876
2184590603.430499,3.0430930000000003
2184590606.032114,2.5619140000000002
2184590609.4589777,2.3207359999999997
2184590612.757129,3.263436
2184590615.9683332,3.155888
2184590619.950108,2.994613
2184590624.598702,3.167868
2184590627.998916,3.3452059999999997
2184590632.297264,2.85234
2184590636.1976037,2.870908
2184590638.9773216,2.727452
2184590642.4759808,3.026105
2184590645.763027,2.5544919999999998
2184590649.2513957,3.4268110000000003
2184590651.732039,2.428537
2184590654.645938,2.87818
2184590659.226082,3.154302
2184590663.291606,3.390831
2184590666.6357627,3.3019070000000004
2184590669.570723,2.892668
2184590672.367806,2.749745
2184590675.3817916,2.970256
2184590678.036477,2.604933
2184590681.931348,3.080746
2184590684.619113,2.644819
2184590688.102527,3.3956440000000003
2184590691.5305357,3.3675580000000003
2184590694.354725,2.773029
2184590697.602197,3.211199
2184590700.899522,3.2426619999999997
2184590705.439136,3.246119
2184590709.668833,3.3770330000000004
2184590712.52773,2.8141619999999996
2184590715.826189,2.51994
2184590717.9447303,2.073207
2184590721.792392,3.811544
2184590725.035624,3.2065650000000003
2184590730.056155,4.348127
2184590732.972241,2.8699310000000002
2184590735.786131,2.772995
2184590738.613626,2.7759
2184590743.3117104,4.243662
2184590747.310974,3.909951
2184590751.9691443,3.8665499999999997
2184590756.508593,2.718749
2184590759.567514,3.017067
2184590762.760275,2.235554
2184590766.036158,3.241755
2184590769.752291,3.010423
2184590771.965983,2.176462
2184590776.41977,3.164783
2184590779.512088,3.05505
2184590783.901056,2.932792
2184590789.255781,3.069566
2184590792.112534,2.820624
2184590795.379092,2.634
2184590800.310981,4.279143
2184590804.990428,3.732868
2184590810.539619,2.904068
2184590812.860291,2.267492
2184590815.426243,2.522315
2184590818.7996583,2.299462
2184590821.006498,2.176367
2184590822.915558,1.863708
2184590826.3819113,2.85033
2184590828.4815497,2.06761
2184590830.6022787,2.06573
2184590834.121785,2.6219110000000003
2184590838.784221,2.689125
2184590841.5689163,2.7478569999999998
2184590843.971029,2.369262
2184590847.307362,2.786442
2184590849.886724,2.547011
2184590852.380979,2.4557889999999998
2184590856.61405,2.587622
2184590860.427738,2.508978
2184590863.748366,3.279239
2184590866.897781,3.109756
2184590871.054072,4.121095
2184590880.284678,3.761895
2184590883.715817,3.400673
2184590886.669292,1.7840989999999999
2184590890.131218,3.427946
2184590893.238705,3.05263
2184590896.665826,3.35981
2184590902.431286,2.85183
2184590905.382974,1.589832
2184590908.177156,1.882368
2184590911.811191,2.814094
2184590913.974206,2.1372940000000002
2184590917.8339,3.8040119999999997
2184590921.7660747,2.259836
2184590928.110426,2.538542
2184590931.585528,2.882117
2184590933.814525,2.202223
2184590936.99956,2.316802
2184590939.885211,2.856948
2184590943.486296,3.5433830000000004
2184590947.270034,2.817494
2184590951.078124,2.82318
2184590955.0667453,3.419928
2184590957.530001,2.426513
2184590960.617581,3.032144
2184590964.1137953,2.51156
2184590968.5290966,3.392572
2184590971.392922,2.828824
2184590975.712236,2.583784
2184590979.071075,3.301222
2184590981.676897,2.566925
2184590988.597474,4.034338
2184590994.4757853,4.3810530000000005
2184591000.602744,2.96714
2184591005.540228,4.015468
2184591009.1539283,2.4121059999999996
2184591013.354605,3.5974039999999996
2184591016.638215,3.244873
2184591020.8087907,3.6077510000000004
2184591023.376572,2.5233679999999996
2184591027.186152,3.293162
2184591030.9598093,3.031145
2184591035.338,3.26859
2184591040.0406203,3.301594
2184591044.809564,3.6513869999999997
2184591048.617626,3.3868650000000002
2184591052.31154,3.020098
2184591056.974934,4.249548
2184591059.64832,1.979953
2184591064.626266,3.136462
2184591067.789755,3.115118
2184591070.6798263,2.832968
2184591074.819592,3.42601
2184591078.882794,2.762185
2184591082.3524494,3.10423
2184591085.6887984,3.298019
2184591088.732556,3.004886
2184591092.2291913,3.4576860000000003
2184591095.08629,2.806677
2184591098.915771,3.100766
2184591102.783056,3.3203650000000002
2184591106.755818,3.505472
2184591111.263925,3.406284
2184591114.2123613,2.893405
2184591118.709049,4.454805
2184591123.534265,2.949314
2184591127.108971,3.478637
2184591131.1422896,2.693032
2184591135.3506827,4.173303
2184591138.553022,3.1330519999999997
2184591142.709134,3.436902
2184591147.057294,3.258501
2184591150.399105,3.2910399999999997
2184591153.8475823,3.406838
2184591156.824898,2.921281
2184591160.261821,2.615292
2184591163.32077,2.358947
2184591166.982735,3.60866
2184591170.378147,3.335621
2184591174.467152,4.0232
2184591177.561893,3.042739
2184591181.474299,2.796386
2184591185.286573,3.0025619999999997
2184591190.195642,3.5030159999999997
2184591193.6510663,2.856681
2184591195.900172,2.170358
2184591199.9220967,3.352515
2184591203.0138097,3.0567979999999997
2184591206.690487,3.640294
2184591208.983851,2.2532039999999998
2184591211.7604117,2.726942
2184591217.403295,3.568509
2184591222.117316,4.680458
2184591225.7009077,3.527044
2184591229.461751,3.71099
2184591232.4348702,2.922332
2184591235.7979083,2.54542
2184591240.218875,3.0226290000000002
2184591247.7732267,3.7986180000000003
2184591250.3824,2.556182
2184591253.331789,2.9173340000000003
2184591255.750614,2.3884689999999997
2184591260.064668,3.4718999999999998
2184591264.363626,3.790496
2184591268.125805,3.058894
2184591270.957647,2.77083
2184591273.8867307,2.893138
2184591277.332159,3.3907770000000004
2184591280.78552,3.411985
2184591284.291524,3.464607
2184591287.4669514,3.133698
2184591291.2843738,3.765307
2184591294.026325,2.69482
2184591299.082517,3.584598
2184591301.963588,2.844429
2184591304.902635,2.161352
2184591308.721918,3.1198200000000003
2184591312.1971784,2.657091
2184591315.8536434,3.614304
2184591319.560707,2.2358909999999996
2184591323.384645,3.205942
2184591326.5020366,2.533642
2184591329.217165,2.676465
2184591331.3904104,2.1401179999999997
2184591337.017532,3.057137
2184591340.6231833,3.551087
2184591344.05738,3.397986
2184591348.1602893,3.416642
2184591351.7882514,2.315198
2184591355.0589533,2.143156
2184591358.232239,3.1220559999999997
2184591361.945231,3.656635
2184591366.021853,4.040775
2184591369.6344028,2.51016
2184591374.172431,2.936738
2184591378.47477,3.17532
2184591381.7564893,3.237255
2184591385.743115,3.2432250000000002
2184591388.378936,2.601384
2184591391.240051,2.82531
2184591394.078502,2.7796510000000003
2184591399.277392,3.1068659999999997
2184591402.212425,2.3170740000000003
2184591408.090924,2.671399
2184591411.645079,3.51057
2184591414.360033,2.6772340000000003
2184591417.589467,2.6198829999999997
2184591420.8832107,2.694934
2184591423.857172,2.94019
2184591426.723402,2.833764
2184591431.3471828,2.2524770000000003
2184591435.1929703,2.888499
2184591440.213507,3.441443
2184591444.972871,3.601046
2184591450.275658,3.689878
2184591453.973496,3.073029
2184591456.4297748,1.882637
2184591459.53848,3.076157
2184591462.7659817,3.194616
2184591466.072764,3.2513249999999996
2184591471.631176,3.248709
2184591476.3305054,3.965804
2184591479.304521,2.907455
2184591482.831816,3.494306
2184591485.551219,2.685082
2184591489.000422,2.3776919999999997
2184591494.3177648,3.554534
2184591497.583131,3.210237
2184591501.681547,3.238944
2184591504.0786343,2.344321
2184591507.6443686,3.534372
2184591510.073345,2.399442
2184591513.833655,3.7049309999999998
2184591517.4497676,3.571486
2184591523.049592,3.9939980000000004
2184591525.169387,2.080149
2184591528.1338964,2.923005
2184591531.157268,2.9763129999999998
2184591533.916728,2.709495
2184591537.345973,2.839886
2184591540.6071057,2.7060589999999998
2184591543.311479,2.6657260000000003
2184591548.492353,3.299267
2184591550.860938,2.312604
2184591555.395258,3.50083
2184591558.5095572,3.0781609999999997
2184591562.512237,3.458618
2184591566.36251,3.7955509999999997
2184591568.6654367,2.262954
2184591571.029375,2.3236760000000003
2184591574.600746,3.53177
2184591578.084615,3.442333
2184591580.77144,2.6471329999999997
2184591583.151722,2.3306139999999997
2184591586.46059,3.269004
2184591588.5716987,2.071679
2184591590.7827716,2.1638870000000003
2184591594.139315,2.436963
2184591596.736656,2.545757
2184591599.870278,2.536557
2184591602.73098,2.8291929999999996
2184591607.0834093,3.643712
2184591611.020822,3.353077
2184591614.919581,3.128924
2184591620.8347406,4.502087
2184591623.7194867,2.155339
2184591630.126113,3.297624
2184591634.81867,2.9476530000000003
2184591637.882728,3.031425
2184591643.7683153,3.427648
2184591646.793725,2.9943180000000003
2184591651.177856,3.849714
2184591655.3254952,3.140643
2184591660.094919,3.748847
2184591663.150535,3.013128
2184591667.833428,2.147395
2184591671.3645954,2.8851660000000003
2184591674.113241,2.150477
2184591676.52827,2.0108610000000002
2184591679.6475344,2.410207
2184591682.1609497,1.977164
2184591686.526808,2.389141
2184591689.480782,2.912624
2184591693.5876822,3.633528
2184591698.879891,3.993598
2184591701.774151,2.860725
2184591704.952361,3.123794
2184591708.127479,3.1300529999999998
2184591710.8430123,2.6723760000000003
2184591712.99595,2.1099
2184591716.70321,3.6526810000000003
2184591719.5386796,2.7998670000000003
2184591721.787731,2.215307
2184591727.0629377,3.359315
2184591729.646709,2.549618
2184591732.502811,2.32103
2184591735.8472633,2.826516
2184591738.051539,2.163675
2184591740.537201,2.42764
2184591744.286194,3.703712
2184591748.1507754,3.1497669999999998
2184591750.380422,2.194942
2184591753.4825106,3.046747
2184591756.470861,2.952598
2184591761.231384,3.4625429999999997
2184591764.810493,3.5351660000000003
2184591768.037117,3.186149
2184591770.453189,2.363432
2184591772.587937,2.094108
2184591776.31643,3.1085570000000002
2184591780.318895,3.957464
2184591783.765009,2.78756
2184591787.598202,2.481509
2184591790.65095,2.353525
2184591794.528923,3.840809
2184591798.285844,3.702264
2184591801.269026,2.940145
2184591804.76633,2.451749
2184591806.807342,2.0026639999999998
2184591809.7601542,2.913884
2184591812.741061,2.268684
2184591815.995894,2.697203
2184591818.3907123,2.336238
2184591822.3732257,2.917658
2184591826.192379,3.175868
2184591829.3686657,3.14225
2184591832.8712873,2.865069
2184591837.5622873,3.96275
2184591840.792084,3.191271
2184591843.239799,2.4101470000000003
2184591846.758865,3.482565
2184591851.126845,3.052627
2184591853.765996,2.597489
2184591857.627223,3.01477
2184591861.470778,3.22268
2184591865.401762,3.896221
2184591868.949131,3.48539
2184591872.4460907,2.244055
2184591876.709024,4.214074
2184591880.9700294,2.931131
2184591884.120833,3.111321
2184591887.2223363,3.0454459999999997
2184591889.576422,2.3152630000000003
2184591892.750164,3.135499
2184591895.541873,2.746613
2184591899.460988,3.87915
2184591904.7741723,3.1827330000000003
2184591908.264498,3.429447
2184591911.098678,2.794305
2184591914.651441,3.512509
2184591919.2165213,4.011888
2184591922.4586773,2.588013
2184591924.992036,2.492662
2184591929.620164,3.220492
2184591932.4510174,2.339255
2184591937.746313,2.817299
2184591940.743581,2.9659050000000002
2184591942.463194,1.6899009999999999
2184591944.079125,1.588106
2184591947.0059342,2.895824
2184591949.1345344,2.100886
2184591951.832625,2.653429
2184591954.331925,2.4481300000000004
2184591957.786729,3.400021
2184591960.7972617,2.972794
2184591964.5103,2.774124
2184591967.5739117,3.0021430000000002
2184591970.71214,2.4823470000000003
2184591974.6103783,3.0082619999999998
2184591978.6147943,3.9683
2184591981.168536,2.5191689999999998
2184591985.240173,2.234167
2184591988.9789524,3.6917619999999998
2184591991.959932,2.151867
2184591995.668472,3.112602
2184592001.783043,3.689363
2184592006.114294,3.341202
2184592009.348941,2.641436
2184592012.147222,2.3380330000000002
2184592015.699445,3.068102
2184592019.0611258,2.790743
2184592022.36781,3.2543509999999998
2184592024.8029714,2.40073
2184592028.47715,3.027585
2184592031.173189,2.6598070000000003
2184592034.927586,2.972561
2184592038.0254517,2.3025789999999997
2184592042.096929,4.016646
2184592045.239054,3.107858
2184592047.717636,2.426532
2184592051.225296,3.474811
2184592055.563802,3.4402
2184592058.9704413,3.049039
2184592062.869102,3.190198
2184592066.857139,3.9461670000000004
2184592069.9909163,3.0919849999999998
2184592074.791886,4.760077
2184592079.811866,2.7343390000000003
2184592084.209578,2.442228
2184592089.648933,2.949715
2184592093.764923,3.584271
2184592095.948597,2.151732
2184592098.1504626,2.1726900000000002
2184592101.090813,2.249212
2184592105.494449,3.747992
2184592109.8186812,3.056286
2184592112.873361,3.013606
2184592116.081512,2.4761100000000003
2184592119.416595,3.2957870000000002
2184592124.453346,4.147723
2184592127.560917,3.071741
2184592131.545668,3.950422
2184592136.574564,4.310736
2184592141.569884,3.5658410000000003
2184592144.553167,2.9383909999999998
2184592151.1991,3.07124
2184592152.512844,1.287192
2184592155.354142,2.812024
2184592158.5274634,2.7695559999999997
2184592160.570633,2.0148010000000003
2184592163.738607,2.556549
2184592167.0289283,3.258046
2184592172.180674,3.1837910000000003
2184592174.324463,2.0949419999999996
2184592177.499493,3.128044
2184592180.800704,2.751274
2184592183.6645823,2.811974
2184592186.593571,2.8891080000000002
2184592189.532538,2.871287
2184592191.883553,2.308961
2184592194.285612,2.3619000000000003
2184592197.135835,2.7979860000000003
2184592200.743197,3.552944
2184592204.729171,3.9366139999999996
2184592209.660746,2.899412
2184592214.78817,2.2956510000000003
2184592218.267334,3.440017
2184592221.569425,2.654493
2184592224.0998583,1.933169
2184592227.07518,2.9452599999999998
2184592230.468675,2.345326
2184592234.154161,3.10604
2184592239.1302633,3.7811939999999997
2184592242.543775,3.378282
2184592246.697947,3.47308
2184592249.168832,2.431441
2184592251.407716,2.19981
2184592255.002913,3.555365
2184592258.549517,3.494385
2184592263.0841594,3.9121039999999994
2184592266.253135,3.115859
2184592271.509964,3.313012
2184592277.992703,4.304753
2184592280.6207824,2.574401
2184592285.169128,2.5840210000000003
2184592287.568374,2.3296430000000004
2184592291.534009,2.9466050000000004
2184592294.420279,2.8481370000000004
2184592297.824212,3.369786
2184592301.339263,3.010922
2184592304.794392,2.05537
2184592307.6486063,2.813126
2184592310.423772,2.736862
2184592314.2805,3.813301
2184592316.510745,2.183887
2184592320.814806,3.6135680000000003
2184592324.179037,3.325413
2184592327.772552,2.829862
2184592332.349864,2.521336
2184592337.305982,2.7497659999999997
2184592340.466206,3.131571
2184592344.0578623,2.982415
2184592346.7118373,2.62604
2184592349.425762,2.6788939999999997
2184592351.5527387,2.07514
2184592355.459388,2.726922
2184592360.586714,2.6000870000000003
2184592363.880985,2.406699
2184592368.294758,4.376586
2184592372.3327837,3.973124
2184592376.038194,3.64967
2184592384.037642,3.583667
2184592386.613342,2.513777
2184592388.473094,1.834107
2184592391.355167,2.850611
2184592393.552172,2.170636
2184592396.126507,2.522765
2184592399.096007,2.93983
2184592402.269482,2.44573
2184592406.578966,2.987289
2184592408.961949,2.346331
2184592412.14753,2.741094
2184592415.9026413,2.972327
2184592419.970108,2.212962
2184592423.4577127,2.7079560000000003
2184592427.7754493,2.904827
2184592430.8810134,3.0680769999999997
2184592434.594544,3.6753649999999998
2184592440.9626627,2.6079250000000003
2184592444.97456,2.820993
2184592447.9287047,2.923571
2184592452.7512307,3.348864
2184592455.37976,2.5987419999999997
2184592459.002335,3.58921
2184592462.299286,2.236696
2184592465.79587,2.85522
2184592469.8423476,4.007847
2184592476.616203,3.470653
2184592479.964652,2.574157
2184592482.6311293,1.349595
2184592486.8469872,2.3425920000000002
2184592489.540913,2.660225
2184592496.144059,5.011006
2184592500.751068,4.5518030000000005
2184592503.515655,2.729422
2184592507.325029,3.774718
2184592510.469203,3.107926
2184592513.9306297,3.41633
2184592518.961254,3.543694
2184592523.447786,2.673231
2184592528.060888,3.2418630000000004
2184592531.5981207,2.757155
2184592534.151959,2.506622
2184592536.8405833,2.634722
2184592539.6921263,2.816229
2184592542.857783,3.1159920000000003
2184592546.167162,3.2547800000000002
2184592549.3107777,3.107863
2184592551.322207,1.9763480000000002
2184592557.411361,3.824014
2184592561.158755,3.112346
2184592566.16071,2.7462250000000004
2184592570.826091,3.124905
2184592573.865735,2.311956
2184592576.836326,1.857993
2184592579.099934,2.230716
2184592583.190361,3.418398
2184592586.067321,2.235005
2184592588.0644617,1.962256
2184592590.8361187,2.736064
2184592593.571867,2.701493
2184592596.517384,2.283213
2184592599.827747,2.674856
2184592603.604573,3.297253
2184592608.502775,4.236859
2184592610.565702,2.0178420000000004
2184592612.7656,2.160435
2184592616.7909007,2.786086
2184592621.124199,4.286363
2184592625.8765492,3.563618
2184592629.593913,3.053794
2184592631.102603,1.471774
2184592635.092583,2.590522
2184592637.795394,2.6419870000000003
2184592641.9636292,3.004014
2184592645.156776,2.5229470000000003
2184592648.578682,3.3857019999999998
2184592651.264412,2.649584
2184592654.452411,3.152705
2184592659.047832,3.2105580000000002
2184592661.642066,2.533544
2184592664.295422,2.6131689999999996
2184592668.269855,3.4296729999999997
2184592671.8603497,3.166748
2184592674.739618,2.8261089999999998
2184592678.1850376,2.754688
2184592680.951018,2.071087
2184592685.756688,2.990206
2184592688.909686,3.114305
2184592691.231118,2.28619
2184592695.4258847,2.850443
2184592698.794966,3.336118
2184592702.630743,3.780453
2184592705.522256,2.13846
2184592709.844609,3.228317
2184592713.1850057,3.2987770000000003
2184592717.012752,3.791458
2184592720.485858,3.405691
2184592723.339354,2.810422
2184592729.187123,3.0147559999999998
2184592732.702579,3.469231
2184592735.908139,3.149993
2184592739.1750293,3.2241869999999997
2184592741.977548,2.747593
2184592745.006109,2.997611
2184592749.630692,3.796383
2184592754.6742053,3.1372489999999997
2184592759.232835,2.225507
2184592763.1468673,3.87637
2184592766.437523,1.607278
2184592769.877964,3.406522
2184592771.8698916,1.957334
2184592774.493143,2.141474
2184592777.229478,2.698565
2184592781.213698,2.462519
2184592783.523662,2.255667
2184592788.523464,4.023874
2184592791.291505,2.7308800000000004
2184592795.273996,3.303306
2184592797.709227,2.3687449999999997
2184592799.700019,1.950994
2184592802.0297008,2.281643
2184592804.769165,2.697143
2184592811.252242,3.6004359999999997
2184592816.2669687,3.477675
2184592819.241914,2.5748860000000002
2184592823.8014474,3.173603
2184592827.4829082,3.628948
2184592830.7261367,2.425118
2184592836.759689,3.793968
2184592839.6721973,2.2311829999999997
2184592842.9316964,2.643432
2184592846.746119,2.583944
2184592851.1650453,2.54665
2184592853.414808,2.218997
2184592857.3297567,3.011074
2184592860.5781612,2.4596620000000002
2184592864.039343,3.424909
2184592868.805406,4.709739
2184592873.995574,5.148877
2184592877.000124,2.32089
2184592881.648052,4.063071
2184592886.199973,3.008452
2184592888.9235682,2.684108
2184592891.453389,2.490198
2184592895.6024,2.656291
2184592900.5063086,3.603646
2184592904.2662168,3.68766
2184592905.6056833,1.299531
2184592908.988737,2.699241
2184592913.028894,3.328882
2184592918.367304,2.656955
2184592922.621709,3.74589
2184592924.806153,2.1517820000000003
2184592928.149516,3.309381
2184592932.578455,3.6911549999999997
2184592938.393421,3.190376
2184592942.014968,3.579472
2184592946.1608677,2.687115
2184592949.353344,3.129779
2184592952.3200526,2.9254429999999996
2184592955.063787,2.6741159999999997
2184592959.4533577,3.03659
2184592961.019563,1.527204
2184592963.567824,1.42841
2184592967.3182697,3.7217040000000003
2184592969.88837,2.5390349999999997
2184592972.21944,2.300002
2184592975.11063,2.1910570000000003
2184592978.361153,3.207746
2184592981.124323,2.144288
2184592985.3633547,3.457814
2184592987.999065,2.59025
2184592990.31796,2.255898
2184592994.8940954,2.57693
2184592998.036403,3.09152
2184593000.233893,2.145616
2184593003.658913,2.92635
2184593007.657213,2.4190430000000003
2184593009.3206463,1.630535
2184593014.3879557,3.169667
2184593017.4429884,3.0002169999999997
2184593022.242331,3.395006
2184593024.918486,2.005208
2184593027.762276,2.813346
2184593030.8692093,3.054953
2184593034.004993,3.103669
2184593036.8002534,2.755915
2184593040.136219,3.2938910000000003
2184593041.955409,1.766711
2184593044.202877,2.208916
2184593048.530956,4.277858
2184593051.9407506,3.359793
2184593055.897918,2.486517
2184593058.541384,2.587586
2184593062.51704,3.26003
2184593066.712818,3.383314
2184593071.587042,3.678452
2184593073.904478,2.2761220000000004
2184593080.075237,2.419569
2184593084.717459,1.625691
2184593087.706548,2.957878
2184593093.8623824,3.093438
2184593100.0596952,2.8342169999999998
2184593102.991302,2.889898
2184593105.548758,2.504549
2184593110.683675,3.118828
2184593114.274644,2.877814
2184593117.208371,2.881686
2184593121.5441704,3.448665
2184593125.6236987,4.022647
2184593127.9495687,2.284329
2184593131.889463,3.013012
2184593135.007884,3.074796
2184593138.808561,3.018653
2184593142.1309204,2.777128
2184593144.248772,2.0748640000000003
2184593146.95429,2.661194
2184593151.895817,3.17964
2184593154.5904174,2.6619669999999998
2184593157.602643,2.9776759999999998
2184593162.886607,3.3366149999999997
2184593165.294669,2.360331
2184593171.515696,3.333402
2184593174.252273,2.689093
2184593178.277743,3.3504289999999997
2184593181.757788,3.446936
2184593185.394013,3.603693
2184593188.418413,2.9746609999999998
2184593191.626305,3.163176
2184593193.858909,2.191134
2184593197.282613,2.9431269999999996
2184593200.0882177,2.759679
2184593202.820439,2.691653
2184593206.3078732,3.415815
2184593211.692494,2.984648
2184593216.115879,3.091353
2184593220.5567813,3.757439
2184593223.643475,2.680262
2184593226.9342527,2.259592
2184593232.038216,2.878644
2184593235.17302,2.391561
2184593238.818789,2.016764
2184593241.9122543,3.053735
2184593246.45742,4.5118279999999995
2184593250.356402,3.834928
2184593254.803827,2.15524
2184593257.27665,2.422355
2184593259.459913,2.130927
2184593263.28131,3.085217
2184593266.115507,2.7769549999999996
2184593269.08916,1.8477890000000001
2184593272.517367,2.9921599999999997
2184593276.262606,3.088178
2184593279.845221,2.495175
2184593283.888876,3.1065289999999997
2184593287.142896,3.201092
2184593289.601543,2.416854
2184593291.932178,2.2956980000000002
2184593294.721996,2.747597
2184593299.101903,2.1998360000000003
2184593302.2987723,3.158505
2184593305.9090033,2.493538
2184593308.956999,3.007771
2184593312.323466,3.304545
2184593315.308189,2.933236
2184593320.895239,3.3898639999999998
2184593325.6689353,2.1577789999999997
2184593328.877771,2.723491
2184593332.8205824,2.893141
2184593336.8635297,2.9442130000000004
2184593340.8235216,3.922763
2184593344.8101773,2.6771529999999997
2184593346.972621,2.110191
2184593351.546838,3.392201
2184593355.172491,2.3431379999999997
2184593358.106194,2.8854599999999997
2184593362.142366,3.233399
2184593365.4321513,2.624126
2184593370.398382,3.195078
2184593374.7880154,2.79102
2184593377.070385,2.2512169999999996
2184593380.202086,3.100193
2184593384.0327168,3.257399
2184593387.534602,2.6945200000000002
2184593392.177229,2.7297279999999997
2184593395.5105476,2.751581
2184593399.269267,3.707113
2184593402.456527,3.1505650000000003
2184593406.423978,3.9123279999999996
2184593410.007822,2.212791
2184593412.348236,2.296508
2184593415.384456,2.99083
2184593417.9435678,2.518044
2184593420.556213,2.569528
2184593425.343626,3.873347
2184593428.42529,3.0269519999999996
2184593432.067632,3.605111
2184593435.812101,2.948022
2184593441.458744,3.790861
2184593447.277707,2.855876
2184593450.840691,2.29987
2184593453.9861503,3.11728
2184593456.927396,2.910188
2184593459.344936,1.871572
2184593463.029325,3.650264
2184593466.176705,2.614261
2184593468.9772677,2.761458
2184593472.1028967,3.084874
2184593475.3605814,2.5218409999999998
2184593477.5685587,2.169089
2184593481.478625,3.101017
2184593485.0211077,2.7546910000000002
2184593488.916051,2.583421
2184593494.6644382,3.577227
2184593499.369288,3.6462529999999997
2184593502.5836587,3.158365
2184593505.559088,2.452631
2184593510.576527,4.963944
2184593513.6498704,3.018785
2184593519.2718973,5.556213
2184593523.646182,3.4055090000000003
2184593527.7467937,4.043699
2184593533.858653,3.376247
2184593537.523752,3.138677
2184593539.407382,1.849326
2184593546.140109,3.294854
2184593550.9078226,2.9732830000000003
2184593554.703673,3.0274859999999997
2184593557.517651,2.7614699999999996
2184593561.6033373,2.694082
2184593565.352656,3.71013
2184593568.489865,2.366953
2184593571.2073545,2.6832230000000004
2184593574.383589,2.6945110000000003
2184593578.236904,3.79529
2184593582.0473332,3.152303
2184593585.2088237,2.40955
2184593588.6043267,2.753443
2184593593.922781,2.86829
2184593599.075961,3.093395
2184593602.037573,2.906058
2184593606.924395,3.263388
2184593608.824624,1.867149
2184593613.768225,3.3120990000000003
2184593617.036976,3.234644
2184593621.0356393,3.286711
2184593624.8448257,3.7530580000000002
2184593627.5740323,2.692225
2184593632.7010283,2.449125
2184593635.574007,2.835321
2184593641.373969,4.621061
2184593645.151538,2.996079
2184593648.6659007,3.100758
2184593652.251337,2.200358
2184593656.0712,2.614727
2184593660.955155,3.692786
2184593665.541293,2.9219
2184593669.670557,3.45609
2184593673.2564793,2.971443
2184593676.161339,2.0423
2184593679.574433,2.497243
2184593682.3044863,2.695218
2184593685.617888,3.259012
2184593689.116658,2.773844
2184593692.660465,2.895728
2184593698.027288,2.6318159999999997
2184593702.070463,2.8344989999999997
2184593704.127084,2.022011
2184593707.218655,3.038036
2184593710.208964,2.936639
2184593714.072879,3.287532
2184593716.717137,2.264097
2184593723.527763,3.556438
2184593726.939003,2.757774
2184593730.162878,2.598141
2184593735.618002,2.335248
2184593739.2616777,3.080133
2184593742.421425,3.130305
2184593746.7909408,4.338368
2184593750.8221006,3.226906
2184593754.0009956,2.638285
2184593757.6518354,2.87412
2184593761.364538,2.9927610000000002
2184593764.605652,3.20516
2184593767.7961464,3.154366
2184593770.134172,2.301853
2184593772.103333,1.925221
2184593775.591462,3.4464360000000003
2184593778.337881,2.7072939999999996
2184593781.8889294,2.756388
2184593784.052021,2.113393
2184593787.245613,3.153696
2184593790.3105187,3.025591
2184593792.7172084,2.363131
2184593796.837146,3.551084
2184593799.762209,2.879454
2184593802.650763,2.838985
2184593806.9348993,3.728606
2184593810.136744,3.1570650000000002
2184593814.793906,2.874149
2184593820.1118426,4.057783
2184593823.1043262,2.951614
2184593825.344605,2.2058210000000003
2184593827.9056053,1.951028
2184593832.526393,2.413392
2184593835.297937,2.731945
2184593838.942508,2.893897
2184593841.624977,2.646499
2184593844.914306,3.252562
2184593847.883873,2.933297
2184593849.899559,1.982944
2184593853.894236,2.335448
2184593856.881241,2.466424
2184593859.799489,2.876647
2184593863.077316,3.244079
2184593869.485589,3.668522
2184593873.3020988,3.760986
2184593876.232744,2.895897
2184593879.80446,3.51635
2184593882.880908,2.476086
2184593887.053153,2.5663359999999997
2184593891.078723,3.306292
2184593895.210071,2.7833110000000003
2184593896.543205,1.283569
2184593900.5453253,2.887873
2184593904.426024,2.794713
2184593907.1836963,2.192091
2184593909.499093,2.285862
2184593912.627283,3.097725
2184593915.771258,2.6298939999999997
2184593919.8599367,3.260782
2184593922.824198,2.4362709999999996
2184593926.669288,3.807785
2184593929.3589,2.652024
2184593934.3399906,3.237912
2184593937.6810083,3.302185
2184593940.41407,2.692866
2184593946.716689,3.1524579999999998
2184593950.584498,3.2145099999999998
2184593953.124325,2.496736
2184593956.86615,3.177525
2184593960.577203,3.678027
2184593962.338895,1.7243950000000001
2184593967.253969,4.186123
2184593971.448798,3.008261
2184593974.3893642,2.902634
2184593978.152694,3.721926
2184593982.300947,2.990161
2184593986.253886,3.8843699999999997
2184593989.134572,2.091951
2184593991.687829,2.506875
2184593996.498972,4.7782659999999995
2184594000.1699424,3.618083
2184594003.636169,2.581248
2184594007.924385,2.821333
2184594010.754406,2.776867
2184594014.2524776,3.4484939999999997
2184594017.411871,2.6454109999999997
2184594021.116733,3.280603
2184594023.075291,1.927953
2184594026.958505,3.514187
2184594030.973432,3.3510419999999996
2184594033.589463,2.570624
2184594037.230076,3.58541
2184594040.503387,3.231899
2184594044.673084,3.226131
2184594047.8642907,3.145256
2184594051.059999,2.612867
2184594054.029921,2.932565
2184594056.5613403,2.494493
2184594059.5027127,2.8964
2184594064.890522,3.8805240000000003
2184594068.868652,2.694287
2184594071.4362206,2.534748
2184594075.324956,3.034815
2184594080.221584,4.118041
2184594083.155937,2.892296
2184594086.653423,2.184965
2184594091.245015,1.9901440000000001
2184594094.0377784,2.7535239999999996
2184594096.7945533,2.704227
2184594100.070817,3.2214679999999998
2184594103.0731497,2.964007
2184594107.392228,2.9221160000000004
2184594110.003531,2.5540950000000002
2184594112.598474,2.558462
2184594116.808794,3.3081769999999997
2184594121.073456,4.225981
2184594126.361468,5.242025
2184594129.9649777,2.902673
2184594137.599204,3.630945
2184594141.190596,2.925211
2184594144.4428477,3.196437
2184594147.230277,2.7562659999999997
2184594150.516779,2.85325
2184594153.35454,2.298858
2184594155.961591,2.547918
2184594158.997892,2.255236
2184594163.266825,3.323009
2184594166.5516562,3.247859
2184594172.2454777,2.431219
2184594176.335697,3.58342
2184594179.6297083,2.1715530000000003
2184594181.571468,1.914307
2184594184.106236,2.019158
2184594186.250543,2.091775
2184594192.488499,3.4141459999999997
2184594196.374475,3.26639
2184594198.536496,2.108781
2184594203.428337,2.771847
2184594206.046036,2.5862749999999997
2184594209.132113,3.026118
2184594212.1885,3.022256
2184594216.040728,3.276233
2184594220.959054,3.518891
2184594223.99002,2.992411
2184594227.122134,2.456245
2184594232.103429,3.047662
2184594236.032425,3.558292
2184594239.623756,2.256943
2184594245.34756,4.642177
2184594249.411005,3.269554
2184594252.909454,3.442779
2184594256.907857,3.940949
2184594262.719572,5.130061
2184594266.844881,4.070923
2184594271.459571,4.56248
2184594274.359326,2.861716
2184594278.1432176,3.0907869999999997
2184594284.1668,1.6020100000000002
2184594288.7771626,3.211953
2184594291.402081,2.599683
2184594295.3042274,3.52385
2184594297.54497,2.215086
2184594300.083679,2.504426
2184594303.039178,2.9153629999999997
2184594307.091567,3.312551
2184594310.331229,2.770403
2184594312.51131,2.126767
2184594318.972893,2.606079
2184594321.2255387,2.2130129999999997
2184594324.548483,3.292624
2184594328.856082,2.760388
2184594332.6375,3.2022180000000002
2184594334.694309,2.0048399999999997
2184594338.086227,2.217345
2184594342.153992,2.256588
2184594346.856617,3.135914
2184594349.3335524,2.445391
2184594353.0677547,2.9194009999999997
2184594358.033439,3.0300380000000002
2184594360.766528,2.696842
2184594363.9823337,3.1771439999999997
2184594368.48448,2.844876
2184594375.967769,6.427268
2184594379.2317963,3.189548
2184594383.163208,2.6697859999999998
2184594387.029357,2.575403
2184594390.674264,3.596279
2184594393.3934073,2.664555
2184594397.6341333,3.648623
2184594401.5705957,2.873605
2184594405.7360363,4.096252
2184594407.9749937,2.185038
2184594411.539739,2.343165
2184594415.239522,3.660371
2184594419.005873,2.329298
2184594422.349874,3.288028
2184594425.4935327,3.108038
2184594427.1258016,1.592376
2184594430.274166,3.096104
2184594433.761078,3.450406
2184594439.01702,3.6999329999999997
2184594444.051132,3.632103
2184594447.698036,3.5944369999999997
2184594451.17202,1.9762460000000002
2184594454.690595,3.485697
2184594457.6499543,2.300097
2184594460.901753,2.609448
2184594465.507316,3.9843960000000003
2184594468.379222,2.833523
2184594472.7820034,3.75895
2184594476.054584,3.234117
2184594478.903711,2.8104810000000002
2184594482.667801,3.727245
2184594485.402389,2.679444
2184594489.754099,4.29055
2184594494.268863,4.4696240000000005
2184594498.3770533,4.051753
2184594502.981389,3.7456899999999997
2184594507.035183,3.173025
2184594510.3458467,3.2716410000000002
2184594515.6343613,2.413875
2184594519.020019,3.3538460000000003
2184594522.319076,3.262661
2184594525.757214,2.843744
2184594528.534072,2.736802
2184594530.680255,2.0978049999999997
2184594534.000255,2.539154
2184594537.553548,3.511845
2184594540.5273957,2.390565
2184594543.875249,3.309279
2184594549.3176937,3.378754
2184594553.351048,2.408199
2184594556.7329984,3.3272969999999997
2184594558.910695,2.130581
2184594561.5224566,2.584094
2184594564.096466,2.535672
2184594567.1422553,3.015257
2184594569.953882,2.7820940000000003
2184594573.3716197,2.74015
2184594576.214057,2.339692
2184594579.774031,2.878892
2184594583.669144,3.1484680000000003
2184594587.728136,2.873863
2184594589.547052,1.28008
2184594592.5684443,2.392
2184594595.648201,3.04342
2184594598.539399,2.854543
2184594600.752327,2.175167
2184594603.617281,2.826836
2184594606.4644923,2.8121869999999998
2184594609.959966,2.548223
2184594613.563424,3.560549
2184594619.118208,3.964373
2184594624.493057,3.228622
2184594631.861116,3.034505
2184594635.508121,3.1404240000000003
2184594638.821335,2.867686
2184594643.449667,2.9229149999999997
2184594646.755473,3.276859
2184594649.358697,2.062516
2184594652.965611,2.3432370000000002
2184594656.148872,3.12819
2184594658.7409,2.555376
2184594661.2395988,2.4624249999999996
2184594664.339371,3.063517
2184594667.651252,3.268039
2184594671.884107,3.456359
2184594673.91148,1.55506
2184594677.355809,3.4047729999999996
2184594679.880421,1.6933060000000002
2184594682.783081,2.84098
2184594686.36348,3.546295
2184594690.692452,2.970225
2184594693.9510384,2.766362
2184594700.152038,3.1587479999999997
2184594703.661276,2.6626760000000003
2184594707.026321,3.334048
2184594709.641419,2.5828420000000003
2184594712.344771,2.671639
2184594716.120081,2.875995
2184594718.118609,1.958793
2184594720.608918,2.451787
2184594724.924847,2.901046
2184594731.784882,3.07222
2184594735.0956507,3.267312
2184594739.636764,3.7700250000000004
2184594743.08995,3.398418
2184594749.3594723,4.571347
2184594752.831102,3.136974
2184594755.1353393,2.261716
2184594757.8325143,2.6619859999999997
2184594761.217451,3.339575
2184594764.275506,3.012706
2184594768.059268,3.7382370000000003
2184594772.133672,3.229365
2184594774.644507,1.950525
2184594779.926207,3.46066
2184594782.885843,2.93008
2184594786.018653,3.0875310000000002
2184594789.2004333,3.147122
2184594791.662985,2.431927
2184594794.0169053,2.324491
2184594799.123873,3.051599
2184594802.435381,2.246367
2184594805.4534073,2.978197
2184594808.2555847,2.769061
2184594810.250935,1.961812
2184594813.633145,2.6227210000000003
2184594816.757349,3.07407
2184594819.522879,2.731666
2184594823.077095,3.521636
2184594827.967008,4.0516190000000005
2184594831.419424,2.627276
2184594834.645489,2.551591
2184594839.385197,3.460956
2184594842.448632,3.028078
2184594845.7017107,3.216466
2184594849.034918,3.295223
2184594852.53488,3.4541429999999997
2184594855.6726117,3.0985129999999996
2184594861.079209,2.567921
2184594864.313106,3.18918
2184594869.3981867,3.847258
2184594873.06817,2.1660429999999997
2184594875.7785454,2.650614
2184594878.570141,2.763539
2184594881.966659,3.3672440000000003
2184594884.712007,2.706244
2184594888.6400366,2.697432
2184594893.759931,3.1659129999999998
2184594896.278013,2.4857910000000003
2184594900.25029,2.70225
2184594903.3037,3.016718
2184594906.030612,2.689548
2184594910.373968,3.780087
2184594913.1196866,2.7065040000000002
2184594917.211435,3.464915
2184594920.789588,2.9225570000000003
2184594924.1475363,3.317815
2184594928.16887,3.382072
2184594931.0004,2.785593
2184594937.080726,2.778442
2184594940.189938,3.081041
2184594943.475878,2.8559840000000003
2184594947.5371933,4.034863
2184594949.2370787,1.672822
2184594953.9494953,2.716287
2184594958.209433,2.755031
2184594960.980381,2.164532
2184594964.479486,3.016806
2184594967.497542,2.987971
2184594971.684472,3.243269
2184594975.513326,3.7650069999999998
2184594980.115452,3.289081
2184594984.474312,3.0506320000000002
2184594987.549929,3.040263
2184594991.219222,3.0815259999999998
2184594995.591739,4.338074
2184595000.983167,3.9687430000000004
2184595003.466384,2.441553
2184595006.907081,3.390682
2184595010.397024,2.7319850000000003
2184595013.321978,2.8841520000000003
2184595016.23656,2.8749689999999997
2184595021.222514,4.173398
2184595025.945481,2.381014
2184595031.840355,2.810092
2184595034.934481,2.3665629999999998
2184595038.065771,2.1256790000000003
2184595041.318926,3.218347
2184595043.963158,2.5948529999999996
2184595045.9873977,1.324004
2184595049.794899,2.009383
2184595053.395729,2.316624
2184595056.1087036,2.676632
2184595059.562203,3.416962
2184595063.3102818,2.925725
2184595065.610605,2.255719
2184595069.204275,3.558006
2184595072.6541,3.397023
2184595076.861677,3.5704909999999996
2184595078.913683,2.0087099999999998
2184595082.429922,3.473816
2184595085.872417,3.397875
2184595089.2840347,3.361995
2184595092.0719533,2.7472070000000004
2184595095.26528,3.153859
2184595098.8206472,2.952872
2184595104.944706,3.3199829999999997
2184595112.794419,2.882473
2184595115.713632,2.878877
2184595118.007538,2.260588
2184595121.812296,3.771873
2184595126.631757,3.275312
2184595129.861474,3.176217
2184595131.762484,1.848733
2184595135.8428893,2.746651
2184595138.317654,2.438446
2184595141.733112,3.3809449999999996
2184595145.672929,3.326715
2184595149.4549646,3.130927
2184595152.628569,3.132927
2184595155.055152,2.3858289999999998
2184595156.970466,1.877398
2184595159.6069636,2.595254
2184595162.4831834,2.836909
2184595166.2306547,2.407184
2184595168.603723,2.335734
2184595171.235423,2.5934600000000003
2184595174.6111617,3.3346069999999997
2184595177.726783,3.073684
2184595181.6388054,3.870562
2184595186.114714,2.3919710000000003
2184595191.499947,3.692205
2184595194.3695297,2.81485
2184595197.747572,3.3221819999999997
2184595201.2927194,3.485573
2184595205.74906,2.857008
2184595209.848128,3.5907880000000003
2184595214.42414,2.391433
2184595217.667466,3.205096
2184595222.561518,3.505009
2184595225.8728623,2.7467170000000003
2184595229.7245417,3.315618
2184595232.899511,3.1183729999999996
2184595236.162997,2.533154
2184595239.408336,3.209212
2184595243.215228,3.772213
2184595245.752832,2.483422
2184595248.691721,2.883886
2184595253.354007,3.701978
2184595257.218301,2.652296
2184595261.8761683,3.159278
2184595268.9685397,3.732639
2184595273.721023,3.148511
2184595279.2460403,2.948442
2184595281.89656,2.070195
2184595285.271219,2.9318730000000004
2184595286.6809096,1.3769310000000001
2184595292.7588882,3.1451740000000004
2184595295.4263144,2.167926
2184595297.448957,1.9891159999999999
2184595300.299246,1.5893039999999998
2184595303.612493,2.5761439999999998
2184595307.749033,3.5323450000000003
2184595311.586453,3.318792
2184595315.5440702,3.9139589999999997
2184595318.78624,3.2031009999999998
2184595322.176377,3.347975
2184595324.888805,2.6756219999999997
2184595327.255328,2.316439
2184595332.425752,3.737661
2184595335.251384,2.779626
2184595338.178902,2.894598
2184595340.5950966,2.380348
2184595344.158299,3.527508
2184595348.529384,2.965766
2184595351.275071,2.701059
2184595353.896757,2.579235
2184595356.438517,2.498994
2184595361.334838,3.1208859999999996
2184595364.492556,3.123116
2184595369.341714,3.104406
2184595372.708937,3.302321
2184595376.9311047,2.0463389999999997
2184595380.6955104,3.26816
2184595383.443941,2.720958
2184595386.403876,2.0818619999999997
2184595388.573701,2.144412
2184595392.2573056,3.164165
2184595393.8113017,1.517465
2184595397.207678,3.345777
2184595400.086068,2.8235970000000004
2184595403.342919,3.2178459999999998
2184595406.8453183,3.458765
2184595409.8257747,2.9255980000000004
2184595414.798814,2.747934
2184595417.583918,2.74618
2184595420.4704876,2.849671
2184595424.696414,3.51266
2184595428.780039,3.231818
2184595434.094079,3.928855
2184595437.4914317,2.854508
2184595441.187919,2.977496
2184595444.0947013,2.858482
2184595446.914087,2.750877
2184595451.4738297,3.986733
2184595454.203267,2.6896720000000003
2184595457.461843,2.640409
2184595461.169099,2.891411
2184595464.438784,3.2240379999999997
2184595468.4406543,3.051466
2184595472.8101363,2.607066
2184595476.425091,3.096218
2184595478.346384,1.89008
2184595482.38451,2.938945
2184595485.7316504,3.307886
2184595489.403922,3.6340500000000002
2184595493.7403083,3.023104
2184595497.933726,4.138796
2184595502.624468,4.635824
2184595506.697014,3.088047
2184595509.237251,2.498278
2184595512.343083,3.0647930000000003
2184595515.491446,2.3489430000000002
2184595518.1513124,2.0281610000000003
2184595521.291418,3.092993
2184595525.292046,3.289233
2184595528.182043,2.2472540000000003
2184595531.243841,3.0262290000000003
2184595533.850911,2.572814
2184595537.404665,3.5186
2184595542.199604,3.217911
2184595545.6019187,3.3584690000000004
2184595549.212037,3.562932
2184595554.0428667,3.049453
2184595556.68513,2.609496
2184595561.077117,3.2406710000000003
2184595565.5918627,3.411731
2184595570.1411223,3.747225
2184595574.078369,2.145247
2184595578.33942,2.5440940000000003
2184595582.8675556,3.914481
2184595586.275909,2.468287
2184595589.417621,2.572252
2184595592.4929748,3.035421
2184595595.653564,3.1198900000000003
2184595598.577162,2.87626
2184595602.888021,2.928646
2184595606.510018,3.5755600000000003
2184595609.1195593,2.548612
2184595611.923365,2.754539
2184595614.033496,2.069439
2184595619.614922,4.222408000000001
2184595624.476262,3.8381779999999996
2184595627.779846,2.890316
2184595630.3736863,2.562557
2184595633.8587494,3.033811
2184595636.962971,3.06696
2184595641.830334,4.235044
2184595646.153372,3.455489
2184595649.622206,1.983486
2184595652.919436,3.259041
2184595655.434435,2.446323
2184595660.092709,3.888602
2184595664.925701,2.862272
2184595666.37328,1.4125349999999999
2184595668.829126,2.419271
2184595672.339658,3.474145
2184595676.5952616,3.453992
2184595679.888584,3.256965
2184595683.670638,2.983122
2184595685.8876886,2.1746280000000002
2184595689.941288,4.011480000000001
2184595694.562242,3.498635
2184595697.582366,2.9500889999999997
2184595700.993625,2.726992
2184595704.416348,3.380887
2184595706.4991097,2.041992
2184595711.3344913,3.438024
2184595716.479185,4.252795
2184595719.715592,3.194485
2184595723.843756,3.416556
2184595727.347208,2.6102
2184595729.767051,2.382922
2184595734.530787,4.064369
2184595740.4093223,3.022413
2184595744.3458757,3.903053
2184595749.16392,3.807408
2184595753.521622,4.302034
2184595758.185563,3.205988
2184595760.7364607,2.506586
2184595764.140227,2.3871589999999996
2184595767.295614,3.1171089999999997
2184595770.99778,3.662937
2184595774.221228,3.171687
2184595777.426817,3.160946
2184595780.836534,2.41248
2184595784.3444014,2.786013
2184595786.4237146,2.0136469999999997
2184595789.5515823,2.053115
2184595792.83758,3.251017
2184595795.7128983,2.840881
2184595799.149621,3.404021
2184595806.537887,3.600912
2184595807.9756007,1.397828
2184595811.3415008,2.359482
2184595814.620691,2.197682
2184595817.719162,2.6961139999999997
2184595820.6816373,2.911088
2184595823.360615,2.650034
2184595826.345657,2.075705
2184595829.6692433,3.2866000000000004
2184595832.854827,3.093324
2184595839.278238,3.096241
2184595842.7455893,3.4138189999999997
2184595846.348483,3.568724
2184595848.920179,2.538005
2184595854.614375,2.996066
2184595858.1842537,2.659809
2184595860.823217,2.600013
2184595863.4252267,2.563606
2184595866.326388,2.8711990000000003
2184595870.3524227,3.3221000000000003
2184595923.0394287,52.618165000000005
2184595930.1275682,7.016558
2184595935.249876,5.054524000000001
2184595939.043762,2.986316
2184595942.1112866,3.020508
2184595945.469342,3.286728
2184595951.314919,3.5701270000000003
2184595955.838744,3.656191
2184595959.526722,3.635523
2184595963.3498497,3.774061
2184595967.507607,2.9938450000000003
2184595970.851222,3.2996250000000003
2184595974.225824,3.305679
2184595978.522039,3.525863
2184595981.0390577,2.478453
2184595983.0124497,1.93696
2184596035.733003,52.667564999999996
2184596041.7402086,5.945180000000001
2184596048.132803,3.9236549999999997
2184596051.7906823,2.827889
2184596056.62223,4.005619
2184596060.264836,3.595967
2184596063.671165,3.367287
2184596067.687184,2.654597
2184596071.794548,2.3155419999999998
2184596075.7713857,3.249585
2184596078.5827103,2.052483
2184596081.1466727,2.522597
2184596084.807762,3.042451
2184596089.3099427,3.028144
2184596092.310154,2.957385
2184596095.492898,3.1476719999999996
2184596098.436543,2.894347
2184596100.907587,2.4360190000000004
2184596104.098178,3.12311
2184596110.815568,4.101461
2184596115.916702,3.659002
2184596123.000577,6.65092
2184596127.782482,4.715947
2184596130.3778753,2.5416839999999996
2184596133.681855,3.25955
2184596137.075875,3.3276600000000003
2184596141.335982,4.201015
2184596145.7323756,4.344922
2184596147.874745,2.08623
2184596150.697263,2.776231
2184596217.62056,29.92387
2184596224.950277,7.26458
2184596231.223838,5.066457
2184596234.079197,2.799359
2184596237.9894557,3.008612
2184596243.801982,4.025707
2184596250.987458,4.2805990000000005
2184596255.593699,2.916099
2184596263.809282,6.854756
2184596291.711408,4.744299000000001
2184596296.267662,3.751355
2184596299.949021,3.6195709999999996
2184596321.221298,21.177274999999998
2184596330.208769,7.1915759999999995
2184596334.3062696,2.936023
2184596338.981506,3.350272
2184596342.676799,3.649777
2184596346.4827623,3.76616
2184596349.470562,2.9339980000000003
2184596352.991431,3.481807
2184596355.593319,2.548554
2184596360.275798,4.038023
2184596364.257218,1.9739699999999998
2184596375.497487,6.000344999999999
2184596380.3381143,3.908254
2184596383.808462,2.068887
2184596389.624747,4.037243999999999
2184596393.005436,3.325234
2184596397.2713127,3.042724
2184596400.1048536,2.778183
2184596403.143839,2.9972309999999998
2184596405.882198,2.6817159999999998
2184596408.703781,2.7681519999999997
2184596413.080909,3.115803
2184596415.813898,2.6870499999999997
2184596419.535925,3.656752
2184596422.496199,2.917497
2184596426.347402,2.213489
2184596429.792767,3.410915
2184596432.556902,2.730759
2184596434.886412,2.28578
2184596437.594584,2.6556140000000004
2184596440.232347,2.592466
2184596442.8251486,2.5496220000000003
2184596446.0498447,3.172061
2184596450.814346,3.5538119999999997
2184596453.95335,2.306306
2184596458.4102893,2.5260819999999997
2184596462.418119,3.9718260000000005
2184596465.8500457,2.6533059999999997
2184596468.891439,3.0054320000000003
2184596473.243286,2.911355
2184596479.799947,3.606097
2184596484.2719336,3.3636489999999997
2184596486.598616,2.275426
2184596489.052718,2.42106
2184596494.134189,4.618662
2184596497.8496966,3.6599340000000002
2184596502.591774,3.337593
2184596506.395636,3.750467
2184596513.586989,3.862498
2184596519.723334,2.955761
2184596523.493567,2.830891
2184596527.031713,3.485774
2184596588.3151383,39.610969000000004
2184596594.925018,6.545705
2184596603.4747033,4.988566
2184596607.0021,3.487898
2184596609.759797,2.72011
2184596614.053744,3.596434
2184596621.3985143,3.188615
2184596630.061865,5.828627
2184596633.075979,2.973127
2184596638.1619368,1.9717179999999999
2184596642.351644,3.703161
2184596646.02298,3.6314770000000003
2184596648.932388,2.871789
2184596651.403436,2.43357
2184596655.1138086,3.669177
2184596658.4274464,3.249427
2184596660.966511,2.49291
2184596666.0414033,3.053111
2184596669.6941757,2.7352819999999998
2184596671.9751444,2.2361389999999997
2184596674.421442,2.385661
2184596677.8974257,2.947076
2184596681.514987,3.56454
2184596684.0799923,1.8763020000000001
2184596687.802084,3.1426499999999997
2184596690.512123,2.645937
2184596693.561031,3.011093
2184596696.294955,2.696543
2184596699.7101617,3.3714090000000003
2184596703.4937477,3.2118260000000003
2184596707.983768,3.023574
2184596709.912524,1.869912
2184596712.782351,2.834807
2184596716.336484,3.5180480000000003
2184596719.014857,2.6334470000000003
2184596721.784556,2.729325
2184596725.020706,3.185632
2184596728.966514,3.116599
2184596733.231162,3.16674
2184596736.920377,3.650524
2184596740.663617,2.578978
2184596745.035295,4.327447
2184596748.932958,3.835274
2184596751.6010127,2.626959
2184596756.458848,3.662544
2184596760.113094,3.046824
2184596764.063632,3.101899
2184596768.094898,3.988752
2184596770.763878,2.590573
2184596772.2396693,1.43033
2184596778.2745233,3.8647650000000002
2184596782.0319247,3.201101
2184596785.144452,3.079255
2184596787.458633,2.267236
2184596792.04858,2.9164339999999997
2184596794.349597,2.2638599999999998
2184596799.138306,2.0083480000000002
2184596803.611399,3.066029
2184596807.17349,3.052668
2184596810.3781457,3.172063
2184596814.6005816,3.847899
2184596869.6511264,54.505992000000006
2184596874.6365952,4.907502999999999
2184596880.058476,5.364477
2184596885.386197,3.6418909999999998
2184596890.55139,3.390602
2184596894.4960914,3.866994
2184596896.825904,2.300306
2184596898.6879907,1.832343
2184596903.3246503,2.589601
2184596905.3399043,1.986403
2184596908.766484,3.390255
2184596963.0211906,54.213668999999996
2184596971.2073503,6.860619
2184596979.147489,6.089622
2184596982.9234333,3.7086770000000002
2184596987.226285,3.496525
2184596991.708291,3.721289
2184596998.7918267,7.036963
2184597005.424973,5.232492
2184597011.517959,6.050624
2184597016.192691,2.738736
2184597022.210603,5.950038999999999
2184597025.6655493,2.110689
2184597028.729847,3.021035
2184597033.042708,4.248671
2184597039.016502,5.923437
2184597042.257847,3.195637
2184597046.7637863,3.703715
2184597054.8091836,6.955498
2184597058.19517,3.339363
2184597062.386438,4.135287
2184597068.5103,6.070322
2184597071.382835,2.809137
2184597074.963034,3.523141
2184597081.178384,5.495141
2184597083.777821,1.4780870000000002
2184597087.491549,3.108757
2184597091.193725,2.982992
2184597094.9597855,2.6059099999999997
2184597099.029082,3.1844439999999996
2184597161.458918,58.015714
2184597169.3710227,7.845784999999999
2184597174.810785,5.37416
2184597179.266821,3.481895
2184597183.6730103,3.411604
2184597187.984733,3.361233
2184597193.121903,3.17964
2184597196.035226,2.881626
2184597198.601296,2.511638
2184597202.715419,3.770264
2184597206.253691,3.469989
2184597209.160589,2.143141
2184597213.626835,2.046066
2184597217.651294,3.017896
2184597222.2432733,2.460802
2184597226.438826,3.567953
2184597230.319202,3.382816
2184597233.485682,3.127534
2184597237.8580213,4.316637
2184597241.272164,2.850297
2184597248.435733,4.460982
2184597251.958067,3.4672829999999997
2184597254.84262,2.842913
2184597257.8276653,2.555486
2184597261.296231,3.436406
2184597266.340017,4.420741
2184597270.1328273,2.9873830000000003
2184597271.9616637,1.7885550000000001
2184597274.519516,1.958681
2184597277.613775,3.051746
2184597282.785122,3.769114
2184597286.653919,3.256271
2184597291.2496047,3.876404
2184597294.370057,3.04834
2184597298.192818,3.283931
2184597304.04967,3.4401990000000002
2184597308.7598333,2.881497
2184597311.4594693,2.647085
2184597314.603662,3.092032
2184597316.514225,1.8783619999999999
2184597319.615461,3.06866
2184597323.069382,2.689698
2184597326.684516,3.568401
2184597331.465034,2.562637
2184597333.526228,2.029748
2184597339.1117578,2.043109
2184597341.990211,2.845714
2184597345.0438633,3.0045710000000003
2184597349.1740956,2.880624
2184597353.280474,3.080128
2184597356.079693,2.763686
2184597357.440931,1.328681
2184597361.197475,3.7171130000000003
2184597364.36486,3.125774
2184597369.355591,4.23485
2184597374.019044,3.787587
2184597377.805011,3.746131
2184597382.132297,3.118945
2184597385.502388,3.333291
2184597389.135776,3.597374
2184597393.8671813,2.903256
2184597398.812601,3.3437430000000004
2184597402.999494,3.534531
2184597407.095519,2.167246
2184597410.652529,3.513796
2184597414.3412247,3.071265
2184597417.0979,2.712856
2184597421.9775443,2.03699
2184597424.192109,1.654099
2184597429.621366,2.407381
2184597433.2752147,3.606495
2184597436.525818,3.220135
2184597440.849862,2.838119
2184597443.656952,2.322007
2184597446.9408674,3.254876
2184597450.292411,2.03973
2184597451.6201167,1.293787
2184597454.6793637,2.0205610000000003
2184597457.017234,1.6758680000000001
2184597460.277599,3.216596
2184597463.034821,2.718786
2184597465.774268,2.702719
2184597468.944119,3.1224790000000002
2184597473.048605,2.129096
2184597477.019228,2.5426860000000002
2184597478.8682218,1.8106369999999998
2184597484.588935,2.676941
2184597489.61799,3.159243
2184597495.7122483,3.982168
2184597499.975324,3.3407910000000003
2184597504.602064,2.900059
2184597509.114808,3.1128359999999997
2184597513.252396,3.5136220000000002
2184597517.308253,2.115618
2184597522.5100794,2.455864
2184597524.697751,2.145069
2184597527.177868,2.443451
2184597531.041039,3.273368
2184597534.292509,3.160631
2184597537.837975,3.024825
2184597542.734432,2.736123
2184597545.42189,2.645645
2184597550.035521,2.8048499999999996
2184597552.532056,2.453535
2184597556.1440887,1.291936
2184597558.88848,2.714321
2184597562.478153,3.560483
2184597566.121987,3.6129000000000002
2184597568.672574,2.512702
2184597573.841073,3.163553
2184597576.083017,2.188589
2184597579.9759936,3.198457
2184597583.363101,3.335523
2184597586.1524467,2.746251
2184597589.927076,3.044451
2184597593.31381,3.3409009999999997
2184597598.1559052,3.423358
2184597602.299394,3.4976220000000002
2184597606.304827,2.369858
2184597610.385091,2.672135
2184597612.929125,2.506108
2184597619.465093,2.855588
2184597623.6201563,2.907809
2184597626.368385,2.703569
2184597629.203176,2.126128
2184597634.11273,4.072830000000001
2184597637.12489,2.9764340000000002
2184597641.2891707,2.93405
2184597646.083057,2.54324
2184597649.469416,3.344535
2184597652.1942873,2.687497
2184597656.950987,4.039132
2184597661.416723,2.733508
2184597665.809291,3.9018159999999997
2184597669.55414,2.3801400000000004
2184597673.23466,3.630922
2184597675.658539,2.386335
2184597678.922498,3.226901
2184597682.041218,3.07327
2184597685.43915,3.352405
2184597689.7676287,4.278656
2184597692.912673,3.100421
2184597695.123559,2.171306
2184597698.528829,2.61765
2184597702.740711,3.56168
2184597707.028353,2.984613
2184597709.7120786,2.6362870000000003
2184597715.129573,2.280901
2184597719.700026,2.70833
2184597721.954531,2.222412
2184597726.137239,3.1868600000000002
2184597729.1457977,2.974514
2184597732.320847,3.139011
2184597735.235756,2.878431
2184597739.334103,3.069448
2184597743.089594,3.7084330000000003
2184597747.64951,4.518479
2184597751.792097,4.088011
2184597755.165922,2.483234
2184597758.941449,2.042811
2184597762.6839986,3.281001
2184597765.898082,2.0702670000000003
2184597769.483324,3.093433
2184597773.6061926,4.072184
2184597778.069471,3.395846
2184597783.5082884,2.450378
2184597786.832112,3.292747
2184597789.622751,2.730308
2184597792.8172593,3.160281
2184597797.0101132,3.115692
2184597799.6678267,2.6128940000000003
2184597802.810423,3.102094
2184597806.5863357,3.03858
2184597809.675232,2.278055
2184597813.416923,3.699829
2184597817.758604,2.924002
2184597823.037357,3.798956
2184597826.7021117,3.622779
2184597831.242639,2.850346
2184597833.32483,2.0509429999999997
2184597836.342503,2.983501
2184597840.5974174,3.382257
2184597843.630322,2.9890060000000003
2184597845.036198,1.370574
2184597848.484671,3.409074
2184597852.2076063,2.896589
2184597854.200976,1.948801
2184597856.4314923,2.18977
2184597859.8886952,2.963766
2184597866.30524,3.042116
2184597872.632484,4.536263
2184597876.657702,3.282794
2184597878.586913,1.87697
2184597880.832653,2.2182259999999996
2184597885.569491,3.199038
2184597888.2777963,2.670479
2184597892.994925,3.91221
2184597895.962839,2.9313540000000002
2184597903.079104,3.6387609999999997
2184597906.168885,3.035302
2184597909.920464,2.510416
2184597913.7764874,2.888688
2184597916.870136,3.0644359999999997
2184597919.823073,2.9184319999999997
2184597922.065453,2.209478
2184597924.6153293,2.515052
2184597927.5289907,2.8765829999999997
2184597930.8519254,3.270356
2184597935.712348,3.060138
2184597938.14606,2.391384
2184597942.73099,4.116515000000001
2184597946.3706408,3.58442
2184597950.603773,4.194857
2184597953.2151713,1.9779
2184597957.012477,3.7522010000000003
2184597961.633959,3.2060489999999997
2184597964.863183,3.179267
2184597970.56154,2.213146
2184597973.772109,3.1731599999999998
2184597976.563883,2.113674
2184597980.146964,3.1037280000000003
2184597982.702902,2.523318
2184597984.839972,2.106306
2184597987.399884,2.52066
2184597990.6949577,3.2558230000000004
2184597995.4971,4.747534
2184598001.5591927,3.041588
2184598006.884004,4.8012369999999995
2184598010.830542,3.252827
2184598014.3003893,3.4400009999999996
2184598017.963925,2.923731
2184598021.171867,2.5706409999999997
2184598024.813068,2.924226
2184598028.083665,3.2188
2184598031.627862,2.280893
2184598036.6631656,3.9073579999999994
2184598040.100259,3.4024799999999997
2184598043.65937,3.522191
2184598049.055811,2.5631540000000004
2184598052.898631,3.8012070000000002
2184598055.172061,1.4132
2184598059.954577,2.215416
2184598065.1974807,2.86179
2184598067.427346,2.146305
2184598072.539402,3.06793
2184598076.933588,2.63859
2184598081.497089,2.695241
2184598084.671587,3.119388
2184598087.517771,1.906125
2184598090.793966,3.245516
2184598094.111798,3.2843999999999998
2184598097.2563767,3.085226
2184598099.8769073,2.5658
2184598103.141165,3.2247450000000004
2184598106.7841883,2.9268609999999997
2184598109.97985,2.490507
2184598112.956904,2.35047
2184598118.037249,3.302243
2184598123.101987,5.028043
2184598125.262321,2.105442
2184598131.8481402,4.02049
2184598137.522093,3.867061
2184598141.190081,2.835611
2184598144.62379,2.862656
2184598147.932291,2.828541
2184598150.469458,2.48339
2184598155.832921,2.9749529999999997
2184598158.6024327,2.7345479999999998
2184598162.837947,2.689108
2184598166.246734,3.376313
2184598169.435893,3.154814
2184598172.810622,2.274637
2184598176.244595,3.378915
2184598182.400003,3.187189
2184598184.389171,1.951203
2184598187.4192276,2.988643
2184598192.0536833,3.3390500000000003
2184598201.7043977,3.102757
2184598203.721776,1.991311
2184598206.729604,2.242761
2184598209.183657,2.101053
2184598211.8117514,2.601524
2184598215.311426,3.4483740000000003
2184598219.967985,3.0982190000000003
2184598222.729618,2.712731
2184598225.8064203,3.041569
2184598227.697893,1.857111
2184598231.710103,3.287312
2184598234.994524,2.338138
2184598239.354988,2.722921
2184598243.549749,4.162032000000001
2184598247.425291,2.133221
2184598249.6209183,2.145932
2184598253.636712,3.059002
2184598256.7858763,3.1165580000000004
2184598258.7276807,1.889218
2184598260.586383,1.824873
2184598263.575715,2.95723
2184598266.648589,2.553356
2184598272.117055,2.142426
2184598275.6314893,2.9377
2184598279.871658,3.2220030000000004
2184598284.047649,3.452036
2184598286.988846,2.90811
2184598290.6972823,3.648981
2184598293.322438,2.589453
2184598296.342593,2.974989
2184598298.83523,2.4487710000000003
2184598304.097134,2.5509310000000003
2184598306.5476503,2.41995
2184598312.235984,3.864271
2184598316.50883,4.220614
2184598319.010444,2.462008
2184598323.601915,3.7757609999999997
2184598329.41151,3.790448
2184598332.5530353,3.078154
2184598335.735744,3.137262
2184598341.25062,4.757127
2184598344.651738,3.364503
2184598347.89008,3.178755
2184598351.533122,3.599862
2184598355.3721447,3.326537
2184598358.254114,2.8319199999999998
2184598361.724053,2.678518
2184598365.326191,3.09411
2184598370.1021776,4.734685
2184598373.440641,2.39507
2184598377.040102,3.5649129999999998
2184598382.748611,2.47168
2184598385.12322,1.761598
2184598390.678642,2.738303
2184598394.132476,3.421534
2184598399.407194,3.76486
2184598401.912465,2.449493
2184598405.975,3.695546
2184598409.750525,3.7381979999999997
2184598414.2929277,3.307566
2184598417.820293,3.4807560000000004
2184598421.343193,3.4766839999999997
2184598424.768189,3.367131
2184598428.235263,3.421008
2184598430.848262,2.574329
2184598434.3839016,3.4945000000000004
2184598438.528755,3.1169510000000002
2184598442.098329,3.53034
2184598445.6295843,2.309863
2184598447.8459296,2.1757769999999996
2184598451.4017467,2.783394
2184598453.4814243,1.438615
2184598458.7154307,2.748372
2184598461.410302,2.643037
2184598464.953622,3.512664
2184598468.489846,3.482151
2184598471.9813237,2.871031
2184598474.41196,2.372561
2184598479.041481,3.276228
2184598481.8666472,2.782737
2184598484.993288,2.763378
2184598487.314614,2.27269
2184598490.5319,3.1776750000000002
2184598493.2947707,2.096832
2184598496.633111,3.286128
2184598500.395542,3.702729
2184598504.031847,3.170722
2184598511.202735,4.527527
2184598514.408687,3.158533
2184598518.757364,3.697445
2184598523.082709,3.191068
2184598526.175399,2.2699719999999997
2184598529.593958,3.3795859999999998
2184598531.64248,2.011775
2184598536.816598,2.36551
2184598540.025086,3.161358
2184598543.098088,3.034904
2184598547.270291,3.53152
2184598549.500442,2.192265
2184598554.994744,2.47452
2184598557.867888,2.837816
2184598561.2211947,3.2892949999999996
2184598565.206371,3.454183
2184598568.1562114,2.894205
2184598571.443282,2.608111
2184598574.663281,2.720335
2184598579.4543524,3.479054
2184598583.376851,3.4741310000000003
2184598586.283043,2.8713509999999998
2184598589.438501,2.516899
2184598592.674194,3.189737
2184598596.403007,2.213543
2184598599.447311,2.592498
2184598605.428606,3.2778970000000003
2184598609.916055,3.32959
2184598613.757447,3.178092
2184598616.28583,2.463597
2184598619.024242,2.706438
2184598625.582243,2.9954140000000002
2184598628.189787,2.560631
2184598631.557836,3.329283
2184598635.203871,2.94534
2184598638.583782,2.741071
2184598643.2876706,2.656835
2184598647.417604,3.3128070000000003
2184598650.850479,2.816509
2184598654.529514,3.6322229999999998
2184598656.953371,2.3892480000000003
2184598660.09259,3.0972220000000004
2184598667.9455,3.501882
2184598671.5852094,2.9532059999999998
2184598674.389432,2.775759
2184598678.0093613,3.58955
2184598681.256292,2.091288
2184598684.445545,3.149924
2184598686.181807,1.698623
2184598689.42838,3.2107020000000004
2184598693.6193132,4.151788
2184598697.280995,2.1804580000000002
2184598702.025027,3.422745
2184598705.0740013,3.006126
2184598709.1171308,3.545926
2184598712.238504,3.084829
2184598714.709521,2.429187
2184598717.2698,2.5164459999999997
2184598720.895589,3.5839130000000003
2184598725.601691,2.792808
2184598729.0082273,3.3640950000000003
2184598732.6250186,2.625223
2184598735.2653656,2.6057010000000003
2184598738.14829,2.8505409999999998
2184598743.1368093,4.276287999999999
2184598746.2590213,1.608313
2184598749.380426,3.07213
2184598752.9702687,3.067866
2184598758.662949,3.733979
2184598761.508449,2.7963810000000002
2184598764.488145,2.917483
2184598768.114292,3.587499
2184598771.111195,2.310936
2184598774.105213,2.953774
2184598777.889122,3.291211
2184598782.125155,4.1815560000000005
2184598786.9825697,3.338866
2184598791.14087,2.747336
2184598794.548722,3.360438
2184598797.296817,2.708629
2184598799.922468,2.0075629999999998
2184598802.449318,2.493754
2184598806.915986,2.8934260000000003
2184598810.171573,3.219426
2184598813.2805324,2.360451
2184598818.585006,3.2258389999999997
2184598824.0676107,3.3691709999999997
2184598827.065019,2.948221
2184598832.051045,3.141067
2184598833.913742,1.813005
2184598836.751284,2.300497
2184598839.716295,2.9290000000000003
2184598842.3155403,2.130722
2184598845.017164,2.667242
2184598847.8632717,2.1448690000000004
2184598851.082613,3.179548
2184598858.5003,3.785072
2184598860.841376,2.309545
2184598865.59891,3.590382
2184598874.92054,3.10664
2184598880.700666,5.7238999999999995
2184598885.32328,3.9102729999999997
2184598887.9759817,2.598977
2184598892.870509,4.815848
2184598897.809069,3.9603019999999995
2184598902.6347694,4.770652999999999
2184598906.7612987,2.9025890000000003
2184598911.53384,4.118486
2184598913.93252,2.3119780000000003
2184598917.401215,2.963562
2184598922.463778,3.439375
2184598925.917157,3.411501
2184598928.433123,2.45351
2184598931.108792,2.633431
2184598934.405161,1.989898
2184598936.494381,2.056353
2184598942.16684,3.582006
2184598947.505041,3.6845120000000002
2184598950.746117,3.208615
2184598954.588346,3.228654
2184598957.079074,2.4580539999999997
2184598966.2033057,3.111368
2184598969.998931,3.75389
2184598973.148073,3.107489
2184598975.549518,2.3214870000000003
2184598979.917717,2.9996430000000003
2184598995.0360627,11.714673
2184599001.470328,3.7802000000000002
2184599005.544623,4.021376999999999
2184599008.058612,1.845121
2184599012.651191,4.535806
2184599015.981277,2.054593
2184599018.843678,2.775205
2184599021.235567,2.3586739999999997
2184599025.617099,2.959868
2184599030.74508,5.0728029999999995
2184599041.530515,10.719121999999999
2184599045.1272993,3.544443
2184599048.131024,2.9414599999999997
2184599051.710326,3.5109579999999996
2184599055.1136203,3.3525349999999996
2184599058.1873007,3.030811
2184599061.92422,3.680151
2184599066.667817,4.219307000000001
2184599070.128636,3.418001
2184599075.759669,4.057629
2184599078.78402,2.971271
2184599081.570792,2.7483199999999997
2184599084.040648,2.414806
2184599087.1611958,2.584346
2184599089.5560484,2.3598999999999997
2184599092.8484178,3.234291
2184599096.06598,3.178948
2184599101.2094326,3.174207
2184599103.7922983,2.547053
2184599107.13767,2.6657669999999998
2184599110.473935,3.300565
2184599114.583584,3.353821
2184599119.734736,4.153203
2184599123.250249,3.4663060000000003
2184599129.1395526,2.299
2184599131.815845,2.642045
2184599142.274251,9.208141
2184599143.7210913,1.402701
2184599146.865862,2.7197340000000003
2184599151.092713,4.174659
2184599152.70401,1.563839
2184599155.232904,2.486018
2184599160.079179,3.451731
2184599163.3487487,3.2250360000000002
2184599165.240489,1.852502
2184599168.34046,3.0631730000000004
2184599171.285943,2.0748770000000003
2184599174.475761,3.130271
2184599178.094165,2.845748
2184599181.5243087,2.76051
2184599185.169785,3.5687219999999997
2184599187.770359,2.561289
2184599193.594667,3.474114
2184599197.000639,3.36639
2184599199.1529207,2.114197
2184599202.103427,2.91363
2184599205.645028,3.500063
2184599207.73268,2.050963
2184599211.306786,2.860202
2184599214.971681,2.7960160000000003
2184599218.220205,2.68066
2184599221.043231,2.15844
2184599224.484245,3.389601
2184599228.807011,4.277479
2184599231.580022,2.684234
2184599234.221879,2.590542
2184599237.750103,2.952032
2184599240.588759,2.367671
2184599253.61921,12.988648
2184599258.3944273,4.71045
2184599262.396845,3.9434259999999997
2184599265.796559,3.344084
2184599271.2465267,4.6853169999999995
2184599274.371226,3.0786350000000002
2184599277.8796234,3.462503
2184599281.243127,3.309177
2184599284.184729,2.886325
2184599295.9727,11.743263
2184599301.188989,3.162379
2184599304.38123,3.133412
2184599309.288475,3.969691
2184599313.559012,3.331099
2184599318.5460844,3.138213
2184599321.2541857,2.6616750000000002
2184599323.986035,2.7001370000000002
2184599327.647193,2.441876
2184599330.346867,2.6681529999999998
2184599332.967322,2.589159
2184599336.7757897,2.144929
2184599339.594867,2.230879
2184599343.656893,3.37413
2184599345.963557,1.622334
2184599350.769272,4.772565999999999
2184599353.718122,2.888991
2184599356.270724,2.519896
2184599359.1401696,2.836452
2184599361.3465323,2.155006
2184599366.080084,2.2876630000000002
2184599370.2775607,4.152284
2184599373.911861,2.8634429999999997
2184599377.756175,3.811844
2184599380.429901,2.6414910000000003
2184599384.202025,3.098355
2184599388.83217,3.7676160000000003
2184599391.207783,2.334206
2184599395.310816,2.842058
2184599398.186398,2.84061
2184599402.807574,2.391257
2184599405.87396,3.0320630000000004
2184599409.6961317,2.502289
2184599411.803351,2.0718550000000002
2184599416.9069414,3.557563
2184599419.919604,2.9257400000000002
2184599423.866515,2.842181
2184599427.7892203,2.2605519999999997
2184599431.641411,3.8146809999999998
2184599434.387731,2.678547
2184599438.533002,2.626632
2184599441.9489226,3.0178190000000003
2184599445.182093,2.5168880000000002
2184599448.695577,2.916545
2184599452.568116,2.659364
2184599456.5960107,2.299722
2184599462.270494,2.849634
2184599466.686027,2.432003
2184599470.375884,3.660323
2184599472.555399,2.127073
2184599475.5311747,2.938424
2184599482.9798646,3.9867519999999996
2184599487.756114,3.286453
2184599492.0744143,4.285869
2184599495.735697,3.626895
2184599500.676443,3.445955
2184599503.620992,2.899587
2184599507.198133,2.606438
2184599510.5283756,3.288793
2184599514.954352,2.5560180000000003
2184599518.331022,2.831119
2184599521.348845,2.425858
2184599525.671073,4.28972
2184599528.68195,2.976592
2184599531.930787,3.202148
2184599536.041294,3.435119
2184599540.5391808,2.857704
2184599543.145013,2.562468
2184599547.068178,3.084376
2184599550.88773,3.112541
2184599553.6674848,2.74497
2184599557.169158,3.4668870000000003
2184599560.421192,3.203826
2184599564.209439,2.80017
2184599568.4440856,3.2263610000000003
2184599574.124176,3.149432
2184599581.8885117,3.513648
2184599585.9163136,2.9159759999999997
2184599588.1286197,2.181344
2184599590.908844,2.7242640000000002
2184599595.1336713,2.9532629999999997
2184599598.158816,2.965551
2184599601.225057,3.0170090000000003
2184599603.426718,2.1689550000000004
2184599606.4694343,3.005749
2184599610.0685916,3.534538
2184599619.997928,3.938279
2184599625.3074903,4.068785999999999
2184599628.80144,3.4595979999999997
2184599632.545055,2.062048
2184599636.231576,2.989477
2184599640.347286,3.406746
2184599645.373887,3.464516
2184599649.100173,3.682693
2184599654.655775,4.169423
2184599658.425278,3.724177
2184599660.358168,1.873325
2184599665.06509,3.330479
2184599667.070311,1.968057
2184599671.538804,3.844583
2184599674.930925,3.342866
2184599680.110312,3.086431
2184599683.694252,3.0708279999999997
2184599686.684493,2.943114
2184599689.4737363,2.753303
2184599691.8490014,2.340442
2184599695.58332,3.205095
2184599698.9813557,3.357957
2184599701.6600432,2.636726
2184599706.557882,4.140502
2184599711.667635,3.9095989999999996
2184599715.9680214,4.250799000000001
2184599720.638197,3.288272
2184599724.891345,3.492592
2184599728.165973,3.225045
2184599731.171915,2.958303
2184599733.9214597,2.7000800000000003
2184599737.36587,2.9484120000000003
2184599743.3525143,4.394233
2184599748.7229404,4.538096
2184599753.78833,4.057037
2184599759.432981,4.013228
2184599762.593376,3.107847
2184599764.545606,1.90927
2184599771.53765,2.9584949999999997
2184599775.500631,3.24503
2184599778.945256,3.405001
2184599783.968781,3.2281929999999996
2184599788.0235457,3.253954
2184599790.173817,2.114533
2184599794.369157,3.741019
2184599797.9313436,2.866634
2184599800.484354,2.5150609999999998
2184599804.90398,4.38121
2184599808.236755,2.845432
2184599810.610559,2.3237900000000002
2184599812.478573,1.830692
2184599815.9659038,2.244653
2184599819.4018693,3.3609069999999996
2184599822.77802,3.336621
2184599827.5613947,2.917259
2184599830.748356,3.14921
2184599834.325567,2.89921
2184599836.913384,2.549916
2184599840.6794963,3.320842
2184599843.9009957,3.166547
2184599847.855711,2.828004
2184599852.430789,3.43128
2184599855.0707808,2.5913809999999997
2184599857.5547667,2.4504029999999997
2184599861.181525,3.587222
2184599865.900761,4.029316
2184599869.8055773,2.5915
2184599879.17886,3.391009
2184599884.25458,3.629936
2184599886.737557,2.456614
2184599891.023223,3.4378439999999997
2184599896.263318,3.630248
2184599900.4358797,1.5063730000000002
2184599905.53943,4.329818
2184599909.9727407,4.3912450000000005
2184599915.026482,5.014883
2184599920.8645,4.2690719999999995
2184599926.462474,4.340376
2184599930.36417,3.846329
2184599934.118824,3.713269
2184599937.2359047,3.063837
2184599942.4046187,4.469876999999999
2184599945.4713807,2.349579
2184599950.3230734,4.074638
2184599955.226941,2.366698
2184599959.092681,3.1469739999999997
2184599962.5160723,2.7127470000000002
2184599966.203914,2.9998440000000004
2184599967.6812596,1.444474
2184599974.26285,2.731867
2184599977.124866,2.824513
2184599981.613183,3.19693
2184599985.0209613,2.203808
2184599988.240244,2.787142
2184599994.347139,4.121456
2184599998.255804,3.854012
2184600004.431011,4.864364
2184600006.148674,1.682212
2184600009.1514673,2.9525010000000003
2184600012.8651524,3.65816
2184600016.653452,3.732549
2184600020.569936,2.930397
2184600026.409633,2.813279
2184600029.3877983,2.920091
2184600031.996774,2.577121
2184600036.1380453,2.8742249999999996
2184600038.715592,2.5056760000000002
2184600042.019357,3.266765
2184600045.450227,3.359529
2184600048.1893873,2.702127
2184600052.573679,3.693905
2184600056.026419,3.414621
2184600059.6298823,3.5640680000000002
2184600061.100513,1.42349
2184600063.3696604,2.2271880000000004
2184600066.445981,3.033642
2184600070.362809,3.1614970000000002
2184600073.044495,2.6220839999999996
2184600075.402259,2.322611
2184600078.641191,3.15528
2184600081.99814,2.6382290000000004
2184600087.202556,3.792679
2184600090.577899,3.333325
2184600096.45807,3.414214
2184600098.0442667,1.54905
2184600103.818354,4.103159000000001
2184600107.145295,2.773239
