2343816305.746131,4.344429000000001
2343816306.386559,0.558675
2343816307.332273,0.903688
2343816312.9788756,5.6026419999999995
2343816319.02731,5.998757
2343816322.823805,3.76181
2343816330.137531,7.272342
2343816332.248618,2.074301
2343816332.831717,0.539648
2343816340.589405,7.716181
2343816345.888203,5.266998
2343816352.601748,6.675977
2343816353.77712,1.127294
2343816357.095582,3.259327
2343816364.554511,7.397967
2343816365.247509,0.658717
2343816370.4856863,5.193505999999999
2343816372.032878,1.514943
2343816373.08003,1.0096250000000002
2343816378.346072,5.232029
2343816379.140094,0.7655799999999999
2343816380.239368,1.0657990000000002
2343816387.38076,7.1016639999999995
2343816394.602128,7.171326
2343816395.56822,0.9321050000000001
2343816397.285252,1.676069
2343816405.330434,7.991994000000001
2343816405.77537,0.40434200000000003
2343816411.460279,5.643955
2343816412.5450544,1.046546
2343816419.1753197,6.590729
2343816423.6613593,4.422248
2343816430.1764464,6.466521999999999
2343816431.236005,1.014975
2343816432.2634172,0.976616
2343816437.42277,5.100091
2343816441.11762,3.648279
2343816447.654243,6.486636
2343816449.5865993,1.889361
2343816456.756955,7.0897820000000005
2343816457.651968,0.861142
2343816464.809368,7.105121
2343816466.014607,1.1470989999999999
2343816466.795127,0.7248829999999999
2343816471.77319,4.9382
2343816472.858235,1.038556
2343816474.218319,1.291005
2343816475.6473007,1.222073
2343816477.242507,1.55442
2343816485.3420777,8.050403
2343816486.797826,1.374836
2343816487.671249,0.8049609999999999
2343816488.468707,0.7646470000000001
2343816496.098686,7.581057
2343816504.213326,8.070316
2343816507.86022,3.612273
2343816509.200675,1.304031
2343816514.038148,4.774760000000001
2343816515.503091,1.4269930000000002
2343816522.5756063,7.01611
2343816523.60906,0.995597
2343816529.171454,5.521834
2343816530.229272,0.9975240000000001
2343816537.506222,7.223469
2343816540.555784,2.976752
2343816543.178536,1.825894
2343816549.598293,6.3448519999999995
2343816556.091011,6.454687
2343816556.836565,0.7060989999999999
2343816558.1561437,1.2859569999999998
2343816559.40333,1.216292
2343816567.465513,8.024727
2343816575.9175367,8.403706
2343816582.908804,6.949683
2343816584.358529,1.4177440000000001
2343816590.927713,6.531727
2343816600.10314,9.138489
2343816601.269057,1.127895
2343816608.369458,6.991778
2343816609.734477,1.318527
2343816610.468059,0.680872
2343816611.60493,1.09767
2343816619.5044837,7.86447
2343816625.43406,5.898836999999999
2343816635.272921,9.794491
2343816639.483795,4.135601
2343816640.970007,1.435884
2343816647.472166,6.456539
2343816648.647027,1.113056
2343816649.843732,1.1275
2343816650.939029,1.045793
2343816660.636932,9.641751000000001
2343816667.6980247,7.029251
2343816672.7970734,5.065456999999999
2343816680.834755,7.992567000000001
2343816682.129245,1.256205
2343816686.118607,3.941056
2343816690.1148,3.944136
2343816696.0405807,5.811496999999999
2343816701.089566,5.010825
2343816707.6694064,6.539213999999999
2343816714.1255097,6.410341
2343816720.451148,6.275161
2343816721.887726,1.371463
2343816729.226397,7.182007
2343816730.4128137,1.126281
2343816735.732241,5.271222
2343816736.987486,1.210189
2343816737.74362,0.6918789999999999
2343816739.487615,1.681749
2343816749.798234,10.22682
2343816750.432628,0.6035889999999999
2343816754.825084,4.352159
2343816756.198091,1.3406259999999999
2343816761.196493,4.953418999999999
2343816761.97528,0.738678
2343816763.053182,1.018924
2343816763.8144193,0.71771
2343816764.7930474,0.930679
2343816771.255928,6.410817
2343816778.515072,7.203609
2343816785.1642666,6.615055
2343816786.263381,1.0640020000000001
2343816788.091328,1.790798
2343816795.3757358,7.161086
2343816800.530218,5.118001
2343816801.8061953,1.2436719999999999
2343816802.718501,0.880542
2343816807.4760933,4.727673
2343816808.6302733,1.09193
2343816812.923591,4.257118
2343816819.269298,6.312085000000001
2343816820.8053846,1.423257
2343816825.3949933,4.544242000000001
2343816832.206628,6.760672
2343816838.379859,6.124158
2343816845.6808214,7.264801
2343816851.424905,5.553338
2343816852.3471518,0.837123
2343816859.175008,6.770058
2343816860.370038,1.1428180000000001
2343816862.6102033,2.199147
2343816868.424676,5.780222
2343816869.394548,0.920438
2343816873.9218426,4.487177
2343816874.944178,0.9848750000000001
2343816881.277051,6.279483
2343816882.33757,1.0245650000000002
2343816885.749654,3.374864
2343816886.871563,1.0691940000000002
2343816894.6618967,7.749507
2343816899.3784127,4.680257
2343816903.991165,4.56898
2343816905.125378,1.0756050000000001
2343816912.537611,7.353326
2343816914.020367,1.395903
2343816915.160132,1.043347
2343816916.4934654,1.2882550000000001
2343816918.562571,1.994207
2343816919.736887,1.1277979999999999
2343816920.869647,1.0764150000000001
2343816922.572979,1.640045
2343816924.673454,1.99283
2343816925.564878,0.842286
2343816925.893428,0.27566199999999996
2343816926.925232,0.997569
2343816928.249897,1.294876
2343816929.92868,1.647365
2343816937.024828,7.056534
2343816939.825661,2.775302
2343816941.019266,1.158832
2343816941.909926,0.858212
2343816943.297279,1.014612
2343816948.766562,5.432114
2343816949.9123597,1.1120889999999999
2343816951.801064,1.836693
2343816957.2421384,5.402508
2343816957.900127,0.587697
2343816964.0638347,6.12662
2343816971.250006,7.1353670000000005
2343816977.506964,6.20197
2343816985.065368,7.469119
2343816990.796684,5.683922
2343816992.423252,1.587589
2343816992.949103,0.476415
2343816996.1444497,3.148136
2343817005.472341,8.886125
2343817012.919228,7.286432
2343817014.091232,1.131438
2343817014.9345727,0.7997310000000001
2343817022.252859,7.276495
2343817029.011667,6.720731
2343817035.857182,6.813959
2343817040.970554,5.0605720000000005
2343817049.178454,8.159605
2343817058.0647926,8.830302999999999
2343817060.1058292,1.31634
2343817066.365273,6.201181
2343817073.5365644,7.133396
2343817080.75079,7.128713
2343817091.062548,10.252146999999999
2343817093.889323,2.762372
2343817103.744325,9.718205000000001
2343817109.0902953,5.319753
2343817113.521192,4.392225
2343817119.329017,5.74932
2343817120.463018,1.0951559999999998
2343817121.6296887,1.115238
2343817127.9949718,6.316218
2343817128.9277377,0.850036
2343817135.603833,6.636174
2343817136.700268,1.062486
2343817141.92232,5.179269000000001
2343817148.2195272,6.265676
2343817155.322454,7.070612000000001
2343817160.246349,4.893273
2343817164.2040567,3.914224
2343817165.4514027,1.193287
2343817166.754941,1.242368
2343817173.819902,7.0061539999999995
2343817174.966359,1.1084070000000001
2343817181.760434,6.764222999999999
2343817182.7029557,0.915228
2343817189.132287,6.195596
2343817196.179979,7.0183670000000005
2343817197.381104,1.163705
2343817200.873775,3.452211
2343817201.524808,0.557152
2343817207.0260777,5.458965
2343817208.409802,1.326532
2343817214.227457,5.769623
2343817215.4540977,1.193188
2343817217.3652587,1.872261
2343817222.924752,5.518929
2343817231.391113,8.434438
2343817237.214622,5.782328
2343817242.350488,5.104911
2343817243.4456234,1.053275
2343817244.8796787,1.3848070000000001
2343817245.87544,0.952352
2343817251.036312,5.127381000000001
2343817251.784402,0.70455
2343817252.961597,1.123366
2343817255.067904,2.062067
2343817256.4629984,1.2838509999999999
2343817264.052773,7.545482
2343817268.8896956,4.799055
2343817276.401636,7.480429
2343817279.4531918,3.013395
2343817280.481799,0.970468
2343817287.954794,7.427995
2343817289.065287,1.02967
2343817290.762071,1.588351
2343817293.417534,2.494488
2343817300.3605347,6.86119
2343817306.637587,6.250446
2343817307.865268,1.125224
2343817308.865106,0.954669
2343817310.343244,1.447128
2343817312.332864,1.957972
2343817322.649698,10.269171
2343817330.8824153,8.185948
2343817337.581798,6.664113
2343817343.066083,5.451918
2343817350.7080774,7.609418
2343817352.4022512,1.660101
2343817359.51569,7.043875
2343817366.2757554,6.698647
2343817373.023467,6.709214
2343817377.822136,4.760515
2343817383.06071,5.202623
2343817384.081502,0.984879
2343817390.179506,6.054641999999999
2343817391.708642,1.4837310000000001
2343817392.648167,0.892725
2343817399.028853,6.343846
2343817399.968621,0.908234
2343817404.95551,4.937183
2343817406.1426687,1.140873
2343817407.5381813,1.3513819999999999
2343817408.5391107,0.948503
2343817409.769448,1.1522
2343817416.7487903,6.940707
2343817422.172128,5.38014
2343817423.052349,0.828193
2343817423.710024,0.6233150000000001
2343817429.853962,6.102316
2343817430.390434,0.491012
2343817436.8817577,6.427823
2343817440.904037,3.9596980000000004
2343817446.4157157,5.476241
2343817454.312741,7.839855999999999
2343817459.969421,5.6018040000000004
2343817461.312621,1.288227
2343817462.195148,0.843937
2343817470.609061,8.367443
2343817476.5311522,5.876807
2343817477.688625,1.1155169999999999
2343817483.9894676,6.243831
2343817485.230274,1.1864519999999998
2343817485.578307,0.306067
2343817486.2787204,0.649362
2343817490.746129,4.425249
2343817497.161506,6.374658
2343817502.507746,5.266608
2343817503.158626,0.615669
2343817507.016597,3.801579
2343817508.239607,1.191316
2343817515.553572,7.273555999999999
2343817516.41965,0.8312620000000001
2343817517.095124,0.631714
2343817520.9444327,3.804583
2343817522.699329,1.7119900000000001
2343817523.816688,1.080873
2343817524.874794,1.024646
2343817530.846364,5.925865
2343817536.071699,5.195145
2343817541.2575493,5.134317
2343817545.982053,4.643731
2343817547.2476773,1.2077419999999999
2343817553.5026526,6.214614
2343817554.469608,0.93054
2343817560.790382,6.2899899999999995
2343817564.828372,3.9867369999999998
2343817565.698575,0.838441
2343817567.020184,1.27231
2343817568.401047,1.338233
2343817569.417421,0.9780690000000001
2343817577.716914,8.263916
2343817582.3182797,4.556676
2343817587.628704,5.269961
2343817588.886756,1.20701
2343817597.735858,8.804017
2343817607.4003243,9.621667
2343817612.486416,5.050609000000001
2343817617.918791,5.388172
2343817624.129137,6.1706900000000005
2343817631.709767,7.520543
2343817638.189064,6.440584
2343817644.865364,6.589401
2343817651.060768,6.151508
2343817658.239299,7.117843000000001
2343817659.540648,1.260275
2343817663.850783,4.26527
2343817664.9039474,0.9929089999999999
2343817671.3067627,6.307092
2343817672.584797,1.241447
2343817673.890694,1.273967
2343817675.1047044,1.179212
2343817677.2913246,2.15805
2343817678.405979,1.08847
2343817682.910493,4.465707
2343817683.679006,0.7427980000000001
2343817692.551692,8.828153
2343817693.755708,1.1731260000000001
2343817695.317339,1.5241250000000002
2343817701.721298,6.354872
2343817706.52723,4.7576789999999995
2343817707.746719,1.184016
2343817708.540441,0.7541270000000001
2343817709.4578624,0.8769929999999999
2343817711.0528708,1.549957
2343817711.793765,0.7013619999999999
2343817713.31511,1.477593
2343817714.590725,1.220652
2343817715.186945,0.556347
2343817716.601193,1.3700800000000002
2343817721.869843,5.214331
2343817728.441886,6.53657
2343817729.842838,1.365688
2343817730.3313313,0.4529
2343817736.095602,5.706811
2343817740.6426,4.508221
2343817744.3878703,3.7115460000000002
2343817745.021562,0.597738
2343817751.729877,6.665777
2343817753.369954,1.584429
2343817761.132103,7.720807
2343817768.251962,7.086641
2343817774.6464663,6.356781
2343817781.4018393,6.717689
2343817782.261547,0.80926
2343817789.846653,7.526699000000001
2343817790.857228,0.914902
2343817792.202984,1.247833
2343817793.626806,1.3580249999999998
2343817798.6500597,4.9857249999999995
2343817799.9947586,1.3180209999999999
2343817800.385233,0.351012
2343817808.377937,7.962960999999999
2343817809.763551,1.34525
2343817815.237414,5.431895
2343817822.0643706,6.749898
2343817823.148331,1.020003
2343817830.186889,6.949411
2343817831.068731,0.828761
2343817832.575731,1.432534
2343817832.939025,0.327405
2343817834.0800767,1.1048769999999999
2343817834.53977,0.421627
2343817835.526154,0.91369
2343817836.920145,1.347119
2343817840.6583343,3.6819479999999998
2343817845.893316,5.203238
2343817847.0436487,1.118469
2343817850.72159,3.6415509999999998
2343817855.874158,5.119794000000001
2343817857.1667933,1.2459630000000002
2343817858.5860267,1.368737
2343817862.299143,3.676555
2343817863.7334003,1.385398
2343817869.613696,5.804205
2343817928.140993,58.494095
2343817929.227968,1.0400120000000002
2343817929.803431,0.540543
2343817935.233554,5.366621
2343817940.39395,5.1162220000000005
2343817946.181039,5.736364
2343817952.389113,6.144075
2343817953.482394,1.032796
2343817961.840556,8.301701
2343817967.593411,5.700797
2343817969.218494,1.594868
2343817972.520769,3.255376
2343817973.046604,0.495502
2343817998.713726,25.621795
2343817999.656652,0.848609
2343818005.1144276,5.408422000000001
2343818069.6336136,64.468574
2343818080.6359544,10.913615
2343818086.1472373,5.461698
2343818086.674225,0.475384
2343818087.921541,1.195371
2343818142.227749,54.263608999999995
2343818210.678615,68.36221300000001
2343818212.108988,1.384212
2343818225.9403763,13.760863
2343818227.5523686,1.562236
2343818228.665257,1.0457319999999999
2343818233.505576,4.7878039999999995
2343818234.43643,0.884597
2343818240.341818,5.868265999999999
2343818268.391944,28.021032
2343818308.718305,40.294157999999996
2343818317.334575,8.533027
2343818320.102483,2.7248569999999996
2343818328.2486863,8.083236000000001
2343818330.32445,2.015916
2343818331.7185683,1.340222
2343818345.9673553,14.187235
2343818348.0532317,2.051856
2343818354.3095884,6.203886
2343818368.481022,14.134976
2343818378.1193943,9.594879
2343818380.588153,2.407484
2343818387.0867057,6.434354
2343818395.203277,8.031892000000001
2343818406.4108877,11.180229
2343818419.331212,12.871388
2343818427.073053,7.666836
2343818438.0764866,10.944728000000001
2343818444.664943,6.517150999999999
2343818447.4929633,2.780595
2343818449.851444,2.288194
2343818451.589936,1.664663
2343818454.488514,2.8265949999999997
2343818456.2272177,1.648854
2343818461.081821,4.792586
2343818461.573585,0.46362200000000003
2343818473.4471197,11.840065000000001
2343818474.9163,1.437404
2343818476.1311526,1.16747
2343818476.889246,0.713631
2343818485.387453,8.453797000000002
2343818495.986795,10.559562
2343818505.520104,9.44984
2343818520.1727266,14.590093999999999
2343818522.943729,2.709983
2343818530.808262,7.773333
2343818531.4760137,0.581893
2343818550.004241,18.467748999999998
2343818552.601323,2.535289
2343818554.669182,1.9852060000000002
2343818564.932584,10.183328
2343818575.996898,11.024054999999999
2343818586.331357,10.263468
2343818591.513293,5.134111
2343818595.923183,4.364510999999999
2343818597.044929,1.060111
2343818612.306083,15.216249
2343818616.2092657,3.869911
2343818619.719721,3.471592
2343818636.739024,16.97202
2343818641.505417,4.714521
2343818646.8363557,5.2153659999999995
2343818651.262999,4.369326
2343818654.620751,3.282676
2343818655.320166,0.665295
2343818658.476571,3.1016860000000004
2343818661.690844,3.182306
2343818664.090493,2.360724
2343818683.205267,19.080059
2343818700.498528,17.244256999999998
2343818704.429287,3.882281
2343818705.2438607,0.71722
2343818706.693335,1.384439
2343818709.027567,2.277524
2343818719.730326,10.644654
2343818720.855128,1.066703
2343818721.806824,0.890662
2343818722.981163,1.115866
2343818723.8472247,0.806859
2343818728.9887037,5.083891
2343818730.9558263,1.894901
2343818732.633694,1.6192419999999998
2343818733.854712,1.175293
2343818740.854658,6.964324
2343818747.476369,6.574096
2343818753.458342,5.952922
2343818760.677825,7.163379999999999
2343818762.196377,1.457023
2343818772.513296,10.268365
2343818773.845604,1.273309
2343818775.499604,1.5940539999999999
2343818777.049245,1.485751
2343818783.659606,6.559506
2343818785.767769,2.0750550000000003
2343818787.205963,1.3954639999999998
2343818788.038689,0.766316
2343818789.752222,1.6495900000000001
2343818790.640322,0.804114
2343818791.653668,0.953086
2343818793.590146,1.85986
2343818803.7350087,10.067545
2343818804.8456087,1.084628
2343818806.8061733,1.921093
2343818810.819786,3.9558759999999995
2343818813.452876,2.578331
2343818814.0726,0.575193
2343818815.98128,1.8689049999999998
2343818817.7198358,1.6829880000000002
2343818827.861668,10.096722000000002
2343818828.356764,0.462535
2343818835.716909,7.299963
2343818837.492741,1.718158
2343818838.412126,0.864328
2343818839.667636,1.208426
2343818848.019858,8.307791
2343818857.582396,9.531664000000001
2343818859.343413,1.706296
2343818866.01055,6.607392
2343818867.549189,1.483299
2343818869.3344884,1.725986
2343818877.299698,7.9134340000000005
2343818878.883193,1.548118
2343818880.590506,1.661194
2343818893.896542,13.250955
2343818903.5773892,9.620906999999999
2343818912.28892,8.669125
2343818915.455259,3.086147
2343818916.852604,1.305612
2343818918.441751,1.542378
2343818919.411899,0.930022
2343818920.045012,0.5954149999999999
2343818921.095448,0.9916079999999999
2343818922.199666,1.06412
2343818923.364964,1.126874
2343818931.516492,8.11241
2343818941.221691,9.65827
2343818950.207375,8.950388
2343818957.486341,7.215433
2343818958.595533,1.0607550000000001
2343818965.835928,7.193678
2343818973.448039,7.578268
2343818980.847286,7.354378
2343818982.07917,1.161397
2343818983.484814,1.3397050000000001
2343818984.7637916,1.238659
2343818986.0928493,1.278921
2343818987.516249,1.368113
2343818990.720157,3.1500310000000002
2343818992.4793534,1.722146
2343819001.3330193,8.809989
2343819002.5468616,1.15988
2343819011.482245,8.892502
2343819013.231099,1.710837
2343819015.207846,1.919945
2343819016.237388,0.982644
2343819017.273169,0.972833
2343819018.5150332,1.172612
2343819019.768286,1.2079280000000001
2343819020.2790637,0.469273
2343819021.358389,1.033709
2343819027.839526,6.424473
2343819029.3386717,1.461596
2343819038.2119536,8.829121
2343819039.1945863,0.900756
2343819046.3718452,7.1299079999999995
2343819047.806777,1.374768
2343819053.174034,5.3324
2343819054.4819493,1.277634
2343819059.588323,5.062126999999999
2343819060.339984,0.6981109999999999
2343819065.179563,4.794142000000001
2343819066.7748933,1.5566060000000002
2343819067.760334,0.9312619999999999
2343819073.231562,5.429333
2343819074.087242,0.810279
2343819079.746536,5.572813
2343819080.873428,1.072972
2343819081.997975,1.068199
2343819083.123824,1.086486
2343819084.285494,1.1125049999999999
2343819085.4742036,1.1540219999999999
2343819089.7991,4.274808
2343819090.954476,1.1260459999999999
2343819092.222293,1.228598
2343819092.839912,0.537049
2343819093.482485,0.5944210000000001
2343819101.862443,8.332099000000001
2343819109.810306,7.900561000000001
2343819111.817063,1.922809
2343819113.472015,1.6168280000000002
2343819124.0404,10.528796
2343819125.227632,1.147702
2343819132.043312,6.76645
2343819137.2303853,5.137311
2343819146.022516,8.743758000000001
2343819154.5628457,8.509813
2343819165.40561,10.812075
2343819172.80574,7.340331
2343819174.150341,1.2539090000000002
2343819175.743747,1.545652
2343819179.965953,4.153141
2343819181.0491996,1.0499839999999998
2343819182.31924,1.222231
2343819183.191929,0.838922
2343819189.309246,6.0813619999999995
2343819196.876112,7.521934
2343819201.322228,4.4141129999999995
2343819207.2261877,5.8601469999999996
2343819213.460032,6.197127
2343819218.968051,5.458193
2343819223.9880223,4.975804
2343819228.5856433,4.521281999999999
2343819230.361516,1.7322469999999999
2343819236.986581,6.5698739999999995
2343819238.706993,1.666128
2343819240.319917,1.554821
2343819241.489799,1.11692
2343819243.408177,1.879024
2343819248.6206827,5.158393
2343819253.903918,5.247977
2343819255.613101,1.677178
2343819260.607717,4.943563
2343819264.818074,4.153945
2343819266.0875163,1.207065
2343819267.339787,1.201574
2343819269.034072,1.61037
2343819270.6289587,1.544513
2343819273.853838,3.1649249999999998
2343819274.9480104,1.062125
2343819281.251162,6.271699000000001
2343819282.333047,1.0536020000000001
2343819288.7715607,6.4006870000000005
2343819296.060447,7.183114
2343819306.060716,9.941567000000001
2343819306.6118,0.5092519999999999
2343819308.5697417,1.921505
2343819310.407344,1.792477
2343819312.278157,1.767022
2343819319.7253213,7.350134000000001
2343819326.541505,6.759853
2343819334.673799,8.078431
2343819344.0749407,9.368622
2343819345.131125,0.971547
2343819350.9774504,5.786837
2343819357.4810524,6.476907
2343819359.1598597,1.649708
2343819368.317167,9.113932
2343819375.099262,6.743754
2343819376.510243,1.355235
2343819385.441085,8.874283
2343819391.392508,5.910419
2343819392.8725457,1.445043
2343819393.932698,0.9334589999999999
2343819395.17075,1.195544
2343819396.841286,1.6147880000000001
2343819402.86885,5.986078
2343819410.891262,7.988228
2343819417.420283,6.435583
2343819423.926415,6.432257
2343819431.903569,7.946537999999999
2343819437.260102,5.323563
2343819440.339181,3.013783
2343819444.731974,4.332940000000001
2343819453.143766,8.371126
2343819458.432137,5.249738000000001
2343819459.772367,1.304511
2343819460.825933,1.003847
2343819461.652169,0.7823249999999999
2343819469.917377,8.222574
2343819470.87802,0.904268
2343819471.832853,0.905902
2343819472.4587936,0.5909650000000001
2343819480.800478,8.297763999999999
2343819482.272209,1.432137
2343819483.105434,0.790621
2343819484.347485,1.1998119999999999
2343819485.430776,1.040153
2343819492.4409137,6.9612870000000004
2343819498.862286,6.387272
2343819506.470696,7.544642
2343819510.005016,3.500571
2343819510.578291,0.533844
2343819517.686706,7.039802000000001
2343819518.8242726,1.080873
2343819525.78186,6.871798999999999
2343819535.265525,9.436207
2343819541.391016,6.074015999999999
2343819542.923407,1.4664730000000001
2343819544.207756,1.23979
2343819545.0177684,0.777983
2343819553.13313,8.084163
2343819554.2520027,1.086095
2343819560.755473,6.465414
2343819564.816522,4.0275229999999995
2343819568.5880284,3.723532
2343819570.44242,1.8035160000000001
2343819581.929366,11.432428999999999
2343819583.001233,1.006677
2343819584.48204,1.438003
2343819588.2979927,3.7805999999999997
2343819596.027415,7.674508
2343819596.836555,0.756383
2343819597.507755,0.617864
2343819603.214791,5.6577340000000005
2343819605.094412,1.823653
2343819608.7964907,3.652279
2343819611.621988,2.792294
2343819612.992011,1.324176
2343819623.439622,10.407475
2343819625.172968,1.674418
2343819626.791355,1.548524
2343819636.167178,9.321134
2343819642.899796,6.683326
2343819643.924672,0.941117
2343819647.7894254,3.817583
2343819648.671681,0.784689
2343819654.562762,5.830393
2343819655.0933414,0.495893
2343819656.71178,1.581698
2343819662.3464007,5.6006160000000005
2343819666.3465447,3.943996
2343819671.737834,5.358327
2343819682.993209,11.203014000000001
2343819687.827862,4.786829
2343819688.469719,0.5827509999999999
2343819689.1975527,0.665515
2343819689.951553,0.708017
2343819696.222523,6.206772
2343819697.4350977,1.1674689999999999
2343819703.1518703,5.610653
2343819704.252382,1.0596130000000001
2343819705.673612,1.386836
2343819714.3499556,8.64331
2343819715.451768,1.063454
2343819719.9925,4.484213
2343819721.521235,1.457992
2343819722.887773,1.3129870000000001
2343819724.067873,1.129903
2343819725.6083198,1.4889949999999998
2343819726.183827,0.538846
2343819729.114411,2.8942170000000003
2343819732.204204,3.052931
2343819738.535171,6.286222
2343819743.29211,4.726482
2343819749.014298,5.676986
2343819755.044789,5.980569
2343819761.267782,6.189124
2343819768.310513,7.00092
2343819769.57512,1.214696
2343819776.4272184,6.788255
2343819778.063911,1.53718
2343819778.766095,0.658304
2343819783.188077,4.371968000000001
2343819784.803389,1.570201
2343819786.4198027,1.5591030000000001
2343819787.888844,1.428955
2343819788.978854,1.028481
2343819796.142162,7.073002
2343819797.744141,1.5469410000000001
2343819802.2816443,4.484669
2343819803.708058,1.390701
2343819804.521619,0.770243
2343819805.605547,1.033469
2343819811.279131,5.629762
2343819812.0138083,0.688517
2343819822.91638,10.864275
2343819831.422056,8.466961
2343819832.765427,1.303463
2343819834.6751437,1.8631330000000002
2343819844.7122087,9.984570999999999
2343819851.9373636,7.172488
2343819857.791181,5.8037469999999995
2343819863.791595,5.9522710000000005
2343819864.611974,0.7812
2343819865.329065,0.6663730000000001
2343819865.827116,0.452472
2343819872.08503,6.207643
2343819881.843566,9.72251
2343819890.08192,8.178735
2343819891.670726,1.527003
2343819892.510016,0.789269
2343819893.33224,0.743551
2343819894.32098,0.947101
2343819902.61579,8.260463
2343819903.777154,1.132828
2343819908.910774,5.084168
2343819910.228147,1.280256
2343819912.74851,2.47038
2343819918.183812,5.348397
2343819920.710753,2.494889
2343819922.1908503,1.445589
2343819931.366439,9.138136999999999
2343819932.751113,1.3346930000000001
2343819933.680899,0.8823359999999999
2343819940.501072,6.76959
2343819942.133811,1.572096
2343819943.306707,1.123062
2343819944.504877,1.1131909999999998
2343819945.835487,1.288349
2343819952.601552,6.712184000000001
2343819953.189334,0.5540579999999999
2343819960.687027,7.456616
2343819962.035456,1.298899
2343819963.645987,1.570284
2343819964.897809,1.211749
2343819974.8322287,9.887267999999999
2343819980.7969656,5.421197
2343819990.8561783,10.020266
2343819996.7598414,5.824709
2343820005.0208917,8.226646
2343820015.25704,10.187021
2343820021.359611,6.047282
2343820022.63238,1.214528
2343820027.861183,5.168499
2343820035.419241,7.511842000000001
2343820036.0588336,0.608971
2343820044.0695987,7.960122
2343820050.667802,6.562333
2343820059.2635407,8.541348000000001
2343820067.165874,7.849221999999999
2343820074.6905,7.476535
2343820080.37807,5.636808
2343820088.823068,8.404036999999999
2343820090.692093,1.828222
2343820093.2291927,2.473532
2343820094.712061,1.4469109999999998
2343820096.048118,1.292309
2343820101.2545314,5.146803
2343820102.5724893,1.2770430000000002
2343820104.08482,1.451679
2343820105.3947663,1.246699
2343820106.0896783,0.651402
2343820115.608621,9.475588
2343820116.391635,0.737955
2343820122.337727,5.913238000000001
2343820132.2710743,9.865729
2343820139.334701,7.023641
2343820140.673175,1.299591
2343820141.945639,1.2265920000000001
2343820143.323369,1.333116
2343820144.311419,0.9369810000000001
2343820145.4311304,1.079018
2343820153.571188,8.096319
2343820161.761979,8.137784
2343820165.77921,3.982588
2343820167.344708,1.4824389999999998
2343820174.80997,7.40139
2343820181.4790664,6.635367
2343820187.286513,5.774334
2343820188.722894,1.38422
2343820189.356869,0.591125
2343820190.741145,1.344685
2343820198.495921,7.704657
2343820199.6257257,1.07699
2343820200.793501,1.090494
2343820208.050578,7.196102000000001
2343820214.458104,6.368715
2343820222.230422,7.717729
2343820230.2555017,7.9743390000000005
2343820231.749536,1.442472
2343820233.340251,1.5377329999999998
2343820238.91861,5.534069
2343820246.138207,7.18681
2343820249.987121,3.816457
2343820261.3074813,11.285786000000002
2343820268.0908737,6.725516
2343820269.7268224,1.5708280000000001
2343820271.2247076,1.44862
2343820277.0748677,5.811821
2343820278.049652,0.940173
2343820281.5161858,3.430847
2343820282.9118958,1.3473700000000002
2343820284.071044,1.1162839999999998
2343820285.397525,1.233589
2343820292.824265,7.382179
2343820294.1878977,1.3284779999999998
2343820295.847036,1.6199050000000002
2343820296.883885,1.0022410000000002
2343820301.481331,4.5503160000000005
2343820302.878505,1.3422180000000001
2343820303.807423,0.888511
2343820309.3465347,5.485411
2343820316.2809367,6.907112
2343820317.164624,0.827676
2343820317.853203,0.656438
2343820324.647684,6.751783
2343820325.824756,1.139406
2343820335.961075,10.093391
2343820337.083875,1.05017
2343820346.413373,9.281668
2343820353.4071207,6.958965
2343820354.443987,1.000903
2343820363.333249,8.847966000000001
2343820369.136105,5.736492999999999
2343820378.250583,9.067317000000001
2343820379.233576,0.950399
2343820387.110129,7.835843000000001
2343820388.4195743,1.254801
2343820395.800387,7.328558
2343820396.489265,0.654648
2343820399.8429875,3.3151080000000004
2343820408.388038,8.512633000000001
2343820409.261694,0.824722
2343820414.616427,5.306589
2343820417.89497,3.223424
2343820419.4781423,1.544274
2343820427.1544557,7.636461
2343820434.251058,7.056164
2343820441.30917,7.009906
2343820443.010706,1.642005
2343820444.1081457,1.052839
2343820444.733378,0.585306
2343820445.719834,0.946289
2343820446.532004,0.760887
2343820447.810139,1.1992159999999998
2343820451.586326,3.7342690000000003
2343820457.5627966,5.938436
2343820458.909589,1.2774100000000002
2343820459.664741,0.688274
2343820462.893121,3.1847339999999997
2343820464.222577,1.291658
2343820470.415284,6.147632
2343820471.9294953,1.480931
2343820478.888197,6.906817
2343820479.941968,1.024451
2343820481.375252,1.400173
2343820481.749567,0.335835
2343820488.413413,6.622364
2343820496.7322044,8.285099
2343820503.44419,6.677994
2343820504.790685,1.26853
2343820513.0495157,8.215462
2343820520.339428,7.177961
2343820524.088929,3.709883
2343820527.9768467,3.8494789999999997
2343820529.720588,1.689392
2343820534.942588,5.167645
2343820536.0605087,1.079838
2343820544.585985,8.449655
2343820551.999829,7.3764
2343820553.659391,1.6102219999999998
2343820555.72408,1.965377
2343820564.595253,8.821341
2343820569.416636,4.773183
2343820571.235269,1.759006
2343820580.227217,8.950821
2343820581.540431,1.268904
2343820585.494578,3.894435
2343820586.164092,0.627432
2343820595.5414276,9.333621
2343820602.6711903,7.090576
2343820610.550995,7.819939999999999
2343820611.395847,0.7535919999999999
2343820612.6525526,1.20143
2343820613.893758,1.19181
2343820614.912009,0.9728669999999999
2343820618.4222984,3.452432
2343820624.816803,6.364898
2343820632.177729,7.331397
2343820636.139797,3.932217
2343820637.268034,1.088536
2343820644.906328,7.597119999999999
2343820649.3101783,4.358521
2343820650.6571603,1.295502
2343820652.146724,1.426339
2343820653.380639,1.173973
2343820654.68915,1.2648270000000001
2343820659.9178247,5.184816
2343820661.457567,1.5073910000000001
2343820662.150053,0.6586609999999999
2343820663.934431,1.749056
2343820666.083193,2.0329520000000003
2343820669.533761,3.381955
2343820673.4232006,3.8597900000000003
2343820673.97616,0.503425
2343820677.6017847,3.5900950000000003
2343820679.259427,1.629028
2343820686.8071117,7.516115
2343820697.2461834,10.398238000000001
2343820698.772109,1.466781
2343820702.964392,4.127185
2343820710.2011924,7.198237
2343820717.4414682,7.201178
2343820726.243562,8.748442
2343820727.442983,1.155267
2343820736.149875,8.640590999999999
2343820737.157974,0.9732729999999999
2343820741.153317,3.959156
2343820742.299208,1.1103129999999999
2343820748.3137293,5.976816
2343820754.7158127,6.367890999999999
2343820755.1157722,0.365452
2343820756.098084,0.9213300000000001
2343820757.4136124,1.277948
2343820758.202498,0.7517630000000001
2343820763.546708,5.282872
2343820765.7905893,2.2028909999999997
2343820773.338213,7.5016370000000006
2343820779.392084,6.022023
2343820784.663826,5.176896999999999
2343820788.605377,3.887948
2343820789.1947956,0.53211
2343820789.8256507,0.571642
2343820792.366064,2.454231
2343820792.8622937,0.45694
2343820799.605711,6.7083189999999995
2343820804.1670246,4.531861
2343820810.4556117,6.23629
2343820814.690961,4.1752020000000005
2343820820.434015,5.707827
2343820827.393371,6.9232119999999995
2343820828.400835,0.960445
2343820829.8570046,1.397106
2343820830.9520597,1.0382779999999998
2343820837.072934,6.078578
2343820845.060355,7.9408650000000005
2343820851.114342,6.017798
2343820852.136983,0.979913
2343820858.762432,6.578594
2343820866.4879107,7.684571
2343820870.104013,3.569062
2343820877.337119,7.189844
2343820879.0369124,1.6607010000000002
2343820880.43999,1.34507
2343820882.556341,2.047473
2343820884.01689,1.418431
2343820889.799377,5.723775000000001
2343820895.804496,5.968652
2343820897.262973,1.418899
2343820898.018333,0.716727
2343820903.68616,5.608995
2343820904.547576,0.825338
2343820911.755578,7.162789999999999
2343820912.746416,0.952114
2343820917.427395,4.63647
2343820923.0569158,5.559575
2343820930.384154,7.288062
2343820931.6078377,1.176444
2343820942.4813023,10.836088
2343820946.249266,3.726701
2343820952.7933116,6.505009
2343820957.3043633,4.457351
2343820960.094191,2.717355
2343820961.108173,0.97629
2343820962.421568,1.237607
2343820970.713158,8.248725
2343820971.336543,0.5894579999999999
2343820972.39844,1.0214779999999999
2343820978.21311,5.758351
2343820982.86731,4.61145
2343820989.448644,6.542207
2343820994.548645,5.064220000000001
2343820995.7103057,1.1217620000000001
2343820997.127757,1.367793
2343821004.05654,6.850626
2343821013.5604267,9.458895
2343821015.232298,1.623245
2343821016.269752,0.9916059999999999
2343821017.275715,0.9368650000000001
2343821018.3213453,0.9985370000000001
2343821023.09364,4.725957999999999
2343821025.0486183,1.845464
2343821026.3173423,1.150194
2343821031.603879,5.215435
2343821032.203322,0.572227
2343821039.3219,7.083814
2343821045.207234,5.813396999999999
2343821051.127481,5.82324
2343821058.59439,7.392677
2343821059.580641,0.9290579999999999
2343821060.545159,0.894873
2343821061.750147,1.157811
2343821062.468849,0.6790299999999999
2343821069.452675,6.941216
2343821071.099864,1.5957029999999999
2343821079.558902,8.384970000000001
2343821080.4669323,0.868349
2343821081.4273486,0.904667
2343821082.769663,1.296568
2343821083.27323,0.445372
2343821088.026526,4.69862
2343821094.4076676,6.347074
2343821095.9661684,1.5089059999999999
2343821102.630876,6.610314
2343821108.906541,6.219936
2343821115.455174,6.496734
2343821120.7253237,5.218885
2343821122.097006,1.322297
2343821125.5100613,3.359239
2343821132.836661,7.274115
2343821133.645221,0.739868
2343821138.613271,4.91684
2343821139.089081,0.439581
2343821139.664046,0.534053
2343821140.0868998,0.384681
2343821147.423164,7.297534
2343821154.1845694,6.721997
2343821157.952541,3.7291469999999998
2343821166.929986,8.938469
2343821168.135982,1.135114
2343821168.842432,0.654038
2343821174.766013,5.871043
2343821178.712583,3.903631
2343821179.488131,0.725956
2343821185.882846,6.345806
2343821186.480884,0.555556
2343821187.501326,0.9521179999999999
2343821188.130035,0.589959
2343821189.182289,1.003927
2343821195.146175,5.912698
2343821200.3390484,5.145025
2343821201.219217,0.845651
2343821202.195161,0.9405439999999999
2343821207.647785,5.403479999999999
2343821213.30793,5.622013
2343821215.139786,1.771429
2343821220.301187,5.111655
2343821221.5373173,1.1694330000000002
2343821222.742172,1.1454220000000002
2343821231.852284,9.052113
2343821232.781579,0.898492
2343821233.816617,1.001446
2343821234.626833,0.777079
2343821239.279868,4.620508
2343821248.313612,8.994828
2343821249.36821,0.996666
2343821255.313556,5.872962
2343821257.433686,2.07458
2343821258.064238,0.573617
2343821261.936328,3.821082
2343821263.617138,1.621389
2343821264.575832,0.881813
2343821265.751003,1.134068
2343821270.7800627,4.954753
2343821271.93007,1.104063
2343821273.369314,1.396214
2343821274.051667,0.626961
2343821290.133537,16.041032
2343821291.055732,0.8726619999999999
2343821292.4308853,1.33063
2343821297.7881546,5.270272
2343821314.0775666,16.250085000000002
2343821316.073234,1.947218
2343821319.8763204,3.74689
2343821324.111839,4.196891
2343821331.458835,7.311315
2343821333.525402,1.990996
2343821341.566566,7.984312
2343821343.2335153,1.59917
2343821351.0685453,7.77402
2343821352.873501,1.758037
2343821355.6796436,2.7614110000000003
2343821361.1355367,5.410413
2343821362.709855,1.528556
2343821363.7199063,0.968081
2343821365.246649,1.4845329999999999
2343821368.9371657,3.6325939999999997
2343821378.323664,9.333821
2343821385.039527,6.673672000000001
2343821392.956096,7.860868
2343821397.616569,4.556185
2343821398.470105,0.8194269999999999
2343821403.692442,5.182993000000001
2343821405.973892,2.196295
2343821407.839559,1.817806
2343821412.468977,4.582444
2343821421.3604183,8.832701
2343821423.392483,1.9975800000000001
2343821434.6354,11.184338
2343821436.812911,2.113686
2343821438.353253,1.46441
2343821441.230225,2.815722
2343821449.332171,7.971389
2343821458.883465,9.522258
2343821467.144384,8.231579
2343821471.002765,3.791004
2343821473.401682,2.336324
2343821474.194263,0.741811
2343821474.869763,0.634285
2343821484.44178,9.527895
2343821485.066198,0.587782
2343821486.068828,0.9585239999999999
2343821486.883048,0.747127
2343821496.327181,9.391238
2343821499.5566473,3.180592
2343821500.166993,0.561256
2343821500.8373766,0.598576
2343821506.588903,5.702817
2343821514.989301,8.369524
2343821517.486961,2.447395
2343821519.4874916,1.946887
2343821521.394526,1.859751
2343821529.631995,8.187076
2343821531.138938,1.46555
2343821541.981001,10.72816
2343821543.648735,1.6103370000000001
2343821549.301564,5.611283
2343821550.883225,1.542018
2343821552.566381,1.6407990000000001
2343821558.555936,5.943716
2343821566.1541114,7.542349000000001
2343821572.973657,6.781057
2343821574.565095,1.555147
2343821576.185891,1.576631
2343821577.011171,0.761368
2343821586.231679,9.179866
2343821594.288268,8.010655999999999
2343821595.072197,0.741455
2343821597.254703,2.1293789999999997
2343821604.9360104,7.622272000000001
2343821605.7189,0.729926
2343821607.08381,1.326622
2343821607.786776,0.654155
2343821615.729984,7.906009
2343821622.986998,7.223209000000001
2343821630.324607,7.280527
2343821631.426024,1.061591
2343821646.4594493,14.971492
2343821646.929584,0.42486
2343821648.3057413,1.324331
2343821653.2129946,4.849239
2343821655.019877,1.7216200000000002
2343821657.144679,2.063888
2343821659.049335,1.825045
2343821660.726067,1.626553
2343821662.322117,1.554098
2343821670.2526073,7.843974
2343821675.240702,4.950305999999999
2343821680.606822,5.315339
2343821681.765217,1.117787
2343821690.310901,8.458859
2343821698.543612,8.190085999999999
2343821699.059658,0.46262099999999995
2343821700.537634,1.427565
2343821701.628357,1.02301
2343821703.201412,1.514357
2343821704.923552,1.6741709999999999
2343821707.341955,1.990133
2343821708.300013,0.9058430000000001
2343821717.255906,8.907228
2343821725.4688444,8.171384
2343821733.5886106,8.080181000000001
2343821735.316724,1.68301
2343821738.417345,3.013029
2343821739.894419,1.4088749999999999
2343821742.040216,2.078604
2343821744.7040954,2.4898540000000002
2343821756.243008,11.383208
2343821758.0412536,1.760824
2343821759.2311172,1.149652
2343821759.9320526,0.653493
2343821760.472858,0.49359299999999995
2343821767.484282,6.958423
2343821768.953004,1.407384
2343821779.373974,10.364172
2343821780.7574883,1.329811
2343821786.5395656,5.685114
2343821787.32619,0.741929
2343821788.1613474,0.661652
2343821795.051434,6.822377
2343821797.298871,2.165955
2343821804.1032877,6.746007
2343821804.8075767,0.6673910000000001
2343821809.24534,4.405447
2343821810.4722457,1.1877019999999998
2343821811.678417,1.166124
2343821819.290781,7.568486999999999
2343821820.386044,1.047128
2343821821.8904963,1.4622330000000001
2343821828.599777,6.649767
2343821835.474688,6.826264999999999
2343821837.143066,1.23348
2343821843.2454967,6.064493
2343821854.315772,11.007509
2343821865.620622,11.26084
2343821873.1104183,7.447541
2343821875.1350913,1.867442
2343821882.239937,7.038783
2343821890.917299,8.621235
2343821892.6547937,1.683882
2343821898.256967,5.56663
2343821899.442694,1.136274
2343821901.333123,1.829345
2343821902.697228,1.319872
2343821908.628149,5.892254
2343821918.012096,9.351231
2343821924.213551,6.146419
2343821925.6415462,1.374379
2343821931.309405,5.6077330000000005
2343821932.320425,0.957464
2343821933.369918,0.993523
2343821934.697302,1.29031
2343821944.697319,9.963741
2343821946.1806,1.4443279999999998
2343821956.925396,10.677556
2343821960.9406443,3.963775
2343821966.56626,5.5810699999999995
2343821968.270788,1.660484
2343821972.482222,4.133998
2343821979.515333,6.964993
2343821986.1929317,6.646406
2343821988.0486794,1.8122150000000001
2343821989.6542473,1.5251839999999999
2343821990.9014606,1.181603
2343821992.68086,1.733556
2343821994.590794,1.4997019999999999
2343822004.3666453,9.715117000000001
2343822012.1102414,7.703086
2343822013.453681,1.289974
2343822024.3259177,10.822774
2343822025.476243,1.109186
2343822026.319371,0.7968689999999999
2343822028.065392,1.6901760000000001
2343822028.928123,0.816129
2343822039.2620654,10.293282000000001
2343822044.3746533,4.98848
2343822052.3777843,7.935816
2343822062.6298623,10.219527000000001
2343822064.328528,1.634266
2343822065.492415,1.095155
2343822067.238038,1.678759
2343822067.8528266,0.568068
2343822077.837274,9.939363
2343822082.5964494,4.729335000000001
2343822083.591604,0.965629
2343822085.3395576,1.714029
2343822086.2335277,0.846001
2343822087.91651,1.63778
2343822095.463948,7.5026600000000006
2343822104.4607897,8.942607
2343822111.8939953,7.393532
2343822112.844209,0.910639
2343822115.715925,2.808358
2343822126.0971303,10.336616999999999
2343822134.282169,8.131472
2343822136.141407,1.8242239999999998
2343822145.1129637,8.930291
2343822150.4138427,5.26218
2343822151.735711,1.268222
2343822152.7017317,0.906887
2343822160.354109,7.604973
2343822167.228638,6.8222179999999994
2343822168.659926,1.383783
2343822169.485081,0.770969
2343822171.3090687,1.791251
2343822172.711771,1.3657000000000001
2343822180.418151,7.6709760000000005
2343822186.68437,6.229335
2343822188.23105,1.50822
2343822197.4176064,9.139171
2343822198.617699,1.150841
2343822205.201176,6.534631
2343822206.689136,1.456396
2343822207.5575137,0.823078
2343822214.263369,6.6573780000000005
2343822215.706148,1.400694
2343822221.501165,5.73326
2343822230.295106,8.693128
2343822231.1859837,0.8600300000000001
2343822232.302426,1.084107
2343822240.420478,8.072246999999999
2343822243.742369,3.281752
2343822248.839142,5.060627
2343822254.496117,5.617592
2343822255.981886,1.425241
2343822263.547686,7.471576
2343822264.938832,1.342705
2343822266.348818,1.354224
2343822267.665586,1.264074
2343822270.1360307,1.724908
2343822271.341047,1.149747
2343822272.8900647,1.4981280000000001
2343822278.941725,6.001175
2343822287.920475,8.950444000000001
2343822289.643354,1.2657
2343822298.443724,8.67985
2343822299.901667,1.4067260000000001
2343822309.223921,9.287757000000001
2343822316.624226,7.369
2343822320.944482,4.269229
2343822326.260585,5.277010000000001
2343822328.044862,1.7290750000000001
2343822334.672891,6.571246
2343822341.167136,6.444916999999999
2343822349.894369,8.694667999999998
2343822351.139865,1.205493
2343822358.525208,7.341592
2343822359.847975,1.285229
2343822361.232026,1.3371760000000001
2343822362.224689,0.9463269999999999
2343822362.989935,0.712105
2343822364.1433363,1.099241
2343822371.847814,7.634228
2343822373.389145,1.506356
2343822374.592163,1.164995
2343822375.6458263,1.019874
2343822382.8374352,7.157668
2343822384.3824964,1.5135649999999998
2343822391.135572,6.70876
2343822392.391498,1.180813
2343822393.720031,1.2825790000000001
2343822394.6722646,0.895292
2343822401.4968777,6.772089
2343822403.815435,2.287958
2343822404.669906,0.81216
2343822406.4261813,1.719699
2343822411.6924567,5.218597
2343822416.652939,4.92769
2343822419.593297,2.903186
2343822424.106436,4.481919
2343822425.674877,1.5263609999999999
2343822427.2341223,1.515086
2343822429.166049,1.880813
2343822431.0867233,1.882096
2343822437.67478,6.550126
2343822438.932336,1.22401
2343822445.192253,6.223764
2343822450.1386733,4.913965999999999
2343822459.3828773,9.21079
2343822467.8994293,8.450502
2343822469.7452297,1.794689
2343822472.820396,3.025915
2343822473.5036564,0.631965
2343822482.149182,8.602201
2343822492.1576033,9.95378
2343822494.056323,1.81818
2343822494.8278713,0.679358
2343822500.892953,6.028895
2343822505.976856,5.052035
2343822507.2190213,1.180852
2343822507.938952,0.6745559999999999
2343822509.943259,1.960275
2343822516.245702,6.250605999999999
2343822517.273371,0.9849600000000001
2343822519.320902,1.995961
2343822529.369152,9.96871
2343822536.27061,6.870859
2343822537.7744293,1.4709949999999998
2343822539.138645,1.315555
2343822547.0818386,7.879462
2343822553.109232,5.986852
2343822560.377977,7.204033
2343822562.264963,1.815024
2343822563.834661,1.517644
2343822565.459505,1.534077
2343822573.4180326,7.90839
2343822575.390536,1.9266109999999999
2343822577.288258,1.8558299999999999
2343822580.598846,3.271541
2343822581.026277,0.374538
2343822582.4576473,1.3919309999999998
2343822584.767405,2.1253930000000003
2343822586.039504,1.206443
2343822589.498064,3.419544
2343822590.968628,1.4211619999999998
2343822597.40307,6.383458
2343822604.922596,7.471877
2343822610.391044,5.434815
2343822617.1246233,6.6992199999999995
2343822618.769928,1.593004
2343822619.87861,1.053119
2343822620.9568644,0.975513
2343822628.206121,7.204192
2343822635.6467357,7.403285
2343822637.879454,2.170481
2343822644.163125,6.147405
2343822644.964856,0.765815
2343822651.315937,6.303463
2343822659.816566,8.445143999999999
2343822661.520903,1.6579959999999998
2343822668.5894613,7.025815000000001
2343822679.703853,11.000687000000001
2343822680.508769,0.74397
2343822692.620336,12.062199
2343822694.4620314,1.796196
2343822696.048131,1.5224419999999999
2343822703.679985,7.555389
2343822713.232199,9.508082
2343822718.666709,5.387946
2343822720.100733,1.391445
2343822726.847709,6.690126
2343822728.216464,1.221276
2343822737.938919,9.673081
2343822739.008939,1.027004
2343822745.550027,6.4879050000000005
2343822754.029013,8.266193
2343822765.2928567,11.212483
2343822766.45704,1.1211490000000002
2343822767.554724,1.0398930000000002
2343822767.961703,0.36433899999999997
2343822778.274986,10.236528999999999
2343822783.639012,5.335076
2343822793.673717,10.004885999999999
2343822800.392242,6.569151
2343822801.0556607,0.613617
2343822802.3664412,1.268278
2343822808.9712977,6.553981
2343822810.070725,1.053628
2343822811.096262,0.98999
2343822812.931722,1.7998269999999998
2343822814.452346,1.4802019999999998
2343822821.054185,6.563884
2343822826.75176,5.662465
2343822827.984302,1.176369
2343822837.020391,8.958288999999999
2343822838.541714,1.4598090000000001
2343822839.9926662,1.381318
2343822841.764428,1.6825640000000002
2343822848.0777802,6.253135
2343822849.755384,1.633717
2343822851.056897,1.2636699999999998
2343822858.946041,7.850219
2343822860.240983,1.2541799999999999
2343822866.189036,5.886176
2343822874.243329,8.015991
2343822875.1976194,0.888186
2343822883.987768,8.732858
2343822891.1361594,7.0969869999999995
2343822896.1352572,4.947936
2343822897.982197,1.808552
2343822898.721539,0.653926
2343822905.375767,6.612452
2343822915.1371236,9.63879
2343822917.039427,1.826898
2343822923.125364,6.006635
2343822930.794671,7.617496
2343822932.1665993,1.327712
2343822933.519981,1.294648
2343822935.195231,1.629829
2343822936.203341,0.963381
2343822937.473717,1.225782
2343822943.627683,6.0968610000000005
2343822950.865784,7.130054
2343822951.858047,0.955986
2343822953.0721626,1.175845
2343822954.383234,1.273901
2343822955.318007,0.897236
2343822961.173607,5.802281000000001
2343822961.824113,0.601124
2343822970.959276,9.074215
2343822975.861724,4.870622
2343822984.034088,8.12192
2343822984.8180904,0.74556
2343822986.208951,1.343849
2343822986.834631,0.5859329999999999
2343822995.1105447,8.238672000000001
2343823003.097574,7.952554000000001
2343823003.9485173,0.812323
2343823005.9401307,1.942934
2343823007.901247,1.891427
2343823009.08062,1.1140480000000001
2343823010.1069536,0.973801
2343823018.986403,8.831717
2343823020.063979,1.039293
2343823028.0201397,7.913771
2343823035.813365,7.756595
2343823038.320504,2.464217
2343823044.120555,5.709098999999999
2343823045.611757,1.434064
2343823053.456916,7.773541
2343823054.565984,1.0695999999999999
2343823061.792519,7.187968000000001
2343823062.8204317,0.9864629999999999
2343823068.848194,5.995521
2343823069.6570163,0.755067
2343823078.158092,8.461925
2343823079.743508,1.5382390000000001
2343823081.53645,1.740369
2343823083.761702,2.1748420000000004
2343823084.857023,1.0482099999999999
2343823089.081039,4.179584
2343823090.359909,1.22466
2343823094.750588,4.345997
2343823103.6244597,8.817667
2343823109.640878,5.98548
2343823114.9828787,5.3029779999999995
2343823116.403246,1.37888
2343823118.525492,2.04901
2343823120.903184,2.331925
2343823126.820866,5.883954
2343823127.4693494,0.6087039999999999
2343823128.0219507,0.5204409999999999
2343823135.697507,7.6422349999999994
2343823141.064611,5.296405
2343823145.905868,4.805533
2343823152.806444,6.851158000000001
2343823154.470306,1.584675
2343823155.9562173,1.438067
2343823164.249638,8.208105
2343823165.636213,1.32769
2343823166.872828,1.176248
2343823172.5231853,5.597641
2343823174.1148767,1.521757
2343823174.807764,0.654262
2343823183.5135493,8.657029
2343823189.568397,6.026746999999999
2343823197.08354,7.464392
2343823198.339832,1.21977
2343823199.562203,1.1786800000000002
2343823201.1692038,1.5644280000000002
2343823209.024819,7.809189
2343823210.0957503,1.026966
2343823215.099896,4.953062
2343823223.322759,8.175056999999999
2343823224.82421,1.4599229999999999
2343823225.24784,0.383551
2343823225.988099,0.70301
2343823226.887463,0.859695
2343823235.052595,8.110005
2343823235.9662724,0.877912
2343823236.9303594,0.903012
2343823238.271007,1.30894
2343823239.784995,1.483603
2343823248.44323,8.626021
2343823255.7940583,7.3095490000000005
2343823256.797453,0.973839
2343823259.0347004,2.178891
2343823260.9651027,1.867626
2343823262.243081,1.2223119999999998
2343823263.488273,1.1988109999999998
2343823272.0720863,8.537496
2343823273.961432,1.8468060000000002
2343823275.353359,1.34478
2343823276.042635,0.6509830000000001
2343823276.911696,0.836132
2343823281.9829316,5.029815
2343823282.7608957,0.750074
2343823283.689775,0.88315
2343823292.41842,8.685842
2343823294.232891,1.7662820000000001
2343823302.981736,8.681417
2343823308.0171256,4.988464
2343823315.586422,7.518507
2343823317.363432,1.734211
2343823325.872221,8.458026
2343823331.8149147,5.896816
2343823339.2861943,7.423174
2343823347.270627,7.945268
2343823354.537603,7.237057
2343823355.176907,0.608414
2343823356.105437,0.885784
2343823362.0275397,5.887443
2343823362.84083,0.747915
2343823370.227536,7.33163
2343823374.577124,4.290548
2343823375.534082,0.916453
2343823376.963884,1.373556
2343823385.2909284,8.271117
2343823392.841837,7.511877999999999
2343823405.445516,12.562699
2343823412.702284,7.217984
2343823414.148258,1.3616430000000002
2343823421.989163,7.755561
2343823429.732876,7.708684000000001
2343823439.2189283,9.425640000000001
2343823439.69549,0.418591
2343823446.820206,7.0738650000000005
2343823455.674725,8.819301999999999
2343823461.5606523,5.806686999999999
2343823463.2333393,1.576097
2343823469.62978,6.348946000000001
2343823471.377223,1.668203
2343823475.954552,4.541022
2343823484.134121,8.11766
2343823485.293073,1.082879
2343823485.916436,0.5722389999999999
2343823493.0116477,7.057006
2343823493.877831,0.7843979999999999
2343823495.617768,1.692891
2343823497.111397,1.433017
2343823505.647113,8.498638
2343823506.9347577,1.2571940000000001
2343823508.271952,1.2965229999999999
2343823509.4788976,1.173016
2343823516.419151,6.8797559999999995
2343823521.297141,4.8322840000000005
2343823522.422303,1.0897439999999998
2343823523.616355,1.150565
2343823524.969388,1.3076999999999999
2343823532.120763,7.106395
2343823533.969147,1.802962
2343823534.706004,0.678732
2343823542.219486,7.452634
2343823543.9549785,1.6688059999999998
2343823544.780895,0.750318
2343823549.717322,4.877459
2343823557.279775,7.526098
2343823558.772824,1.4437980000000001
2343823566.1993513,7.372598
2343823567.500874,1.242917
2343823568.9556108,1.4117000000000002
2343823576.651781,7.650227
2343823576.980835,0.296846
2343823582.302379,5.267206
2343823589.478219,7.1323810000000005
2343823590.1815763,0.646543
2343823595.658086,5.436056
2343823602.9828053,7.245882
2343823610.224801,7.180289999999999
2343823611.028051,0.775868
2343823612.039715,0.960438
2343823612.928847,0.85799
2343823614.326839,1.3657190000000001
2343823620.60431,6.247418000000001
2343823627.817814,7.167891
2343823628.993276,1.103754
2343823629.911726,0.879
2343823636.6095057,6.659463
2343823637.855761,1.1976689999999999
2343823644.4699063,6.577104
2343823645.625825,1.11116
2343823654.271552,8.608843
2343823663.449673,9.138954
2343823664.986127,1.4743519999999999
2343823672.749392,7.707495
2343823681.718679,8.904969000000001
2343823687.310966,5.554418999999999
2343823688.2268,0.88174
2343823696.338967,8.063709000000001
2343823701.5802503,5.193166
2343823704.142877,2.5220949999999998
2343823706.214269,2.010992
2343823707.452069,1.188423
2343823714.8727317,7.371708
2343823716.809289,1.885043
2343823718.121209,1.248176
2343823718.726708,0.5644629999999999
2343823719.8679724,1.102722
2343823721.026144,1.101284
2343823722.5729957,1.5055859999999999
2343823730.9829874,8.370075
2343823732.424077,1.4062219999999999
2343823733.33589,0.866662
2343823734.464407,1.083683
2343823741.4132433,6.900665999999999
2343823748.5617957,7.089433
2343823749.300532,0.7026340000000001
2343823756.350873,7.008024
2343823758.1121078,1.719792
2343823764.429566,6.2629790000000005
2343823769.926086,5.453569
2343823771.288682,1.302422
2343823772.887766,1.540112
2343823774.146135,1.2017799999999998
2343823783.204155,9.014596999999998
2343823789.8344526,6.595204000000001
2343823791.413288,1.503854
2343823792.773162,1.29613
2343823796.9187384,4.055788000000001
2343823806.3337717,9.369671
2343823812.745821,6.3701
2343823814.3678203,1.578341
2343823815.586164,1.173188
2343823816.77173,1.1325720000000001
2343823825.472977,8.661612000000002
2343823831.071506,5.561659
2343823837.6232,6.510695
2343823842.9756866,5.313057000000001
2343823850.887215,7.861761
2343823851.7523108,0.815682
2343823860.226626,8.411135
2343823861.339539,1.0435189999999999
2343823864.340414,2.9602500000000003
2343823872.871073,8.501892
2343823874.11324,1.210168
2343823875.452673,1.303724
2343823876.324882,0.8387
2343823877.5516877,1.17877
2343823878.898248,1.299942
2343823880.160811,1.2184249999999999
2343823887.73996,7.532967
2343823894.970506,7.174164
2343823901.5201626,6.492877
2343823901.952352,0.399704
2343823908.205206,6.218191
2343823914.337695,6.097895
2343823915.163063,0.77013
2343823916.50515,1.259275
2343823922.632656,6.061519
2343823923.876365,1.200772
2343823930.171976,6.257156
2343823935.253801,5.034656999999999
2343823935.787445,0.49907300000000004
2343823942.203957,6.377739
2343823943.4579062,1.196568
2343823944.4614778,0.96026
2343823947.386933,2.8834020000000002
2343823955.226521,7.798138
2343823956.761798,1.492307
2343823965.87007,9.06231
2343823972.353173,6.429566
2343823973.274821,0.884852
2343823975.370851,2.0380920000000002
2343823976.839907,1.39991
2343823986.616336,9.720957
2343823988.318699,1.669619
2343823998.545301,10.189684
2343824004.581685,5.99738
2343824005.8272586,1.207808
2343824014.970368,9.075758
2343824020.933945,5.929078
2343824029.79539,8.830839
2343824039.172339,9.325642
2343824043.728988,4.517099
2343824044.729433,0.963223
2343824053.2547703,8.478825
2343824057.645883,4.35444
2343824058.68324,0.97814
2343824060.202531,1.4792
2343824061.07217,0.82827
2343824062.673221,1.546386
2343824071.017433,8.290419
2343824071.81419,0.749755
2343824079.446533,7.5931619999999995
2343824085.680699,6.200504
2343824091.9504666,6.221477
2343824099.954585,7.962359
2343824102.860629,2.828023
2343824111.628521,8.723336999999999
2343824121.2875147,9.608564
2343824126.039927,4.721716
2343824127.602749,1.521169
2343824135.043682,7.393031000000001
2343824144.206386,9.121966
2343824150.0615892,5.813218999999999
2343824151.059572,0.937611
2343824157.489299,6.38298
2343824167.33839,9.819428
2343824168.191572,0.810634
2343824168.966652,0.733349
2343824170.1759996,1.1272140000000002
2343824178.921237,8.703499
2343824180.5833297,1.6018130000000002
2343824181.6745896,1.024046
2343824187.958868,6.239797
2343824189.970219,1.943054
2343824191.501538,1.468838
2343824193.18826,1.644263
2343824198.105723,4.8712729999999995
2343824199.117128,0.979169
2343824204.324753,5.172293
2343824205.62902,1.2720719999999999
2343824211.109001,5.429956
2343824212.078297,0.910557
2343824220.205182,8.070783
2343824221.116641,0.872499
2343824222.49122,1.30803
2343824223.398096,0.846567
2343824227.141511,3.703118
2343824231.794334,4.594072000000001
2343824232.902903,1.0688250000000001
2343824238.756,5.76862
2343824245.080964,6.269717
2343824245.858035,0.727393
2343824246.934495,1.036056
2343824254.735856,7.756549
2343824255.404994,0.619816
2343824256.4529686,1.006752
2343824262.143608,5.649717
2343824263.4781294,1.272538
2343824268.843512,5.314341000000001
2343824270.517991,1.612809
2343824277.798444,7.216678
2343824284.98933,7.147063999999999
2343824286.276106,1.230297
2343824287.635674,1.298719
2343824289.173763,1.461746
2343824295.658525,6.34898
2343824302.751406,7.020167
2343824303.770045,0.973531
2343824305.0467453,1.23058
2343824309.934731,4.82363
2343824318.534539,8.553853
2343824319.392506,0.811353
2343824320.438505,0.980262
2343824322.172265,1.66508
2343824331.031972,8.800034
2343824336.5048013,5.402075
2343824344.764853,8.221352
2343824356.117713,11.316574
2343824360.84519,4.67488
2343824362.055297,1.158797
2343824363.3580327,1.257285
2343824370.0977,6.6884429999999995
2343824371.628374,1.480049
2343824378.165192,6.481925
2343824379.2386208,1.037247
2343824380.3395123,1.062511
2343824381.9343324,1.518904
2343824383.189136,1.1939279999999999
2343824391.252951,8.016284
2343824392.064088,0.728039
2343824396.4959264,4.3742019999999995
2343824397.365709,0.830951
2343824404.239596,6.819569
2343824413.46463,9.186126
2343824414.524209,0.9992239999999999
2343824415.396221,0.8109000000000001
2343824424.10357,8.646491
2343824429.69945,5.55714
2343824434.326154,4.594965
2343824435.184305,0.792882
2343824441.15551,5.930365
2343824442.2624593,1.0636160000000001
2343824443.255525,0.950019
2343824445.017454,1.722033
2343824446.7376,1.6691799999999999
2343824455.604199,8.828683999999999
2343824456.272216,0.638322
2343824457.3215113,1.013828
2343824466.073131,8.715716
2343824467.926246,1.800384
2343824473.666333,5.6821980000000005
2343824475.448007,1.751895
2343824481.3434796,5.848021
2343824489.388493,7.983307
2343824496.95354,7.5089570000000005
2343824502.191199,5.195729
2343824503.501092,1.263763
2343824504.5604057,1.009636
2343824505.559812,0.9456869999999999
2343824508.128672,2.529047
2343824513.246079,5.082059
2343824513.9034,0.619217
2343824520.3501706,6.408925
2343824521.387774,1.00417
2343824525.673325,4.247082
2343824532.9072,7.1985019999999995
2343824539.944096,6.964011
2343824541.2355976,1.182125
2343824542.233932,0.949117
2343824543.354055,1.067999
2343824544.976804,1.5864239999999998
2343824552.681697,7.66523
2343824553.461657,0.736704
2343824554.565013,1.066147
2343824555.799299,1.179629
2343824556.480918,0.6471979999999999
2343824564.714755,8.199292
2343824571.9763293,7.224976
2343824573.276823,1.193932
2343824574.707647,1.366592
2343824580.4251513,5.662007
2343824581.6075106,1.1250749999999998
2343824589.461629,7.796348
2343824590.285143,0.77672
2343824591.461179,1.137545
2343824593.0520163,1.542444
2343824600.504631,7.404966
2343824608.4447403,7.895823999999999
2343824615.78251,7.259563
2343824619.841529,4.015785
2343824626.2853107,6.386024
2343824627.862904,1.5191130000000002
2343824629.2649193,1.34395
2343824634.531783,5.218456
2343824635.4945087,0.931786
2343824640.649231,5.119743000000001
2343824641.5250773,0.823619
2343824648.3341722,6.774164
2343824654.449888,6.0744609999999994
2343824661.440384,6.9518770000000005
2343824662.724887,1.230222
2343824667.1862874,4.401066
2343824668.638488,1.368148
2343824677.188675,8.502874
2343824678.741574,1.50037
2343824680.363806,1.567456
2343824681.8572006,1.4319389999999999
2343824688.775547,6.86876
2343824690.166813,1.3628069999999999
2343824692.743053,2.527542
2343824699.1032033,6.3015110000000005
2343824703.996067,4.8558129999999995
2343824709.914261,5.866131
2343824710.354392,0.404583
2343824711.495451,1.0858910000000002
2343824719.321661,7.78376
2343824726.861468,7.5027740000000005
2343824727.487515,0.58285
2343824731.517977,3.9874389999999997
2343824737.904774,6.325467000000001
2343824739.260383,1.298428
2343824743.74125,4.428995
2343824751.600893,7.818791
2343824752.518789,0.8848830000000001
2343824753.774027,1.206111
2343824754.911014,1.089953
2343824760.16408,5.203829
2343824761.681777,1.47467
2343824768.7227077,6.993353
2343824769.7335353,0.971887
2343824771.0139456,1.228293
2343824776.0924363,5.0262579999999994
2343824785.920404,9.783161999999999
2343824791.9202228,5.961432
2343824797.763589,5.779674
2343824803.5077333,5.713939000000001
2343824810.467743,6.929581
2343824811.341532,0.826328
2343824814.560315,3.179256
2343824814.975851,0.351469
2343824815.852859,0.839759
2343824816.950851,1.0475910000000002
2343824818.173247,1.1862949999999999
2343824818.8994193,0.691289
2343824825.94164,7.003094
2343824826.700112,0.7249300000000001
2343824831.9722314,5.231569
2343824840.4786706,8.42451
2343824842.404935,1.881913
2343824849.299472,6.847256000000001
2343824850.534604,1.1488939999999999
2343824852.565412,1.9831969999999999
2343824859.8589563,7.2198
2343824863.993236,4.073623
2343824865.009584,0.924519
2343824866.150838,1.085729
2343824871.929608,5.72296
2343824872.725029,0.747678
2343824880.447949,7.674837
2343824885.856425,5.364659
2343824887.657319,1.752257
2343824892.636495,4.880898
2343824894.672176,1.979814
2343824900.590713,5.846527
2343824902.006813,1.374325
2343824903.427092,1.375395
2343824907.787975,4.301174
2343824908.941752,1.111952
2343824909.440489,0.460395
2343824910.634765,1.138793
2343824912.709655,2.0378689999999997
2343824919.890519,7.112367
2343824921.2951818,1.372443
2343824928.567494,7.221949
2343824938.918876,10.318547
2343824946.100867,7.1457869999999994
2343824948.018191,1.878861
2343824949.643771,1.496603
2343824952.068758,2.357233
2343824956.878356,4.75678
2343824957.7345133,0.812423
2343824958.976598,1.200706
2343824962.8706117,3.856099
2343824963.579081,0.663385
2343824971.5044847,7.8753
2343824972.522861,0.968723
2343824973.0978928,0.5181330000000001
2343824974.274361,1.1379039999999998
2343824982.875238,8.557903
2343824983.443421,0.528703
2343824984.4435177,0.960756
2343824993.3396907,8.836745
2343824994.841997,1.357486
2343825000.376103,5.497115
2343825001.2151084,0.804648
2343825002.0359077,0.765697
2343825011.08286,8.989218000000001
2343825012.123567,0.955217
2343825013.8499856,1.691945
2343825019.581264,5.685077000000001
2343825027.7757998,8.160088
2343825028.437776,0.631124
2343825029.786449,1.3142749999999999
2343825031.419379,1.578322
2343825033.068217,1.612374
2343825033.962388,0.844498
2343825035.162151,1.1642510000000001
2343825036.409628,1.209273
2343825042.999159,6.550801
2343825044.204097,1.1644459999999999
2343825053.678634,9.438199
2343825054.796539,1.074914
2343825056.3121977,1.4589670000000001
2343825058.277678,1.90271
2343825063.350398,5.028775
2343825068.636361,5.242386
2343825069.333584,0.665122
2343825070.775626,1.3918730000000001
2343825075.866798,5.054081
2343825085.089028,9.189299
2343825086.230381,1.1049600000000002
2343825087.1477857,0.851394
2343825095.732114,8.52946
2343825097.697556,1.9124649999999999
2343825103.0033607,5.265227
2343825104.203816,1.16714
2343825104.9788294,0.736493
2343825114.261727,9.249076
2343825118.760515,4.451371
2343825122.591195,3.7940769999999997
2343825124.297709,1.551356
2343825124.870008,0.5133289999999999
2343825125.956383,1.044363
2343825127.411433,1.398647
2343825133.5726886,6.118785
2343825139.7107997,6.099426
2343825141.473351,1.730701
2343825146.416304,4.860435
2343825147.18421,0.727695
2343825154.181706,6.948094
2343825160.074489,5.8331479999999996
2343825162.078937,1.9707420000000002
2343825163.968571,1.701094
2343825172.27628,8.161344
2343825172.993823,0.6874859999999999
2343825179.420825,6.3938440000000005
2343825181.2728577,1.807693
2343825187.6514697,6.329813
2343825193.6396823,5.954127
2343825199.60242,5.919364
2343825201.26323,1.609423
2343825202.548479,1.199199
2343825210.1821184,7.587873
2343825217.140568,6.91724
2343825224.491293,7.308793
2343825227.254278,2.704686
2343825228.9867053,1.6845759999999999
2343825229.83,0.7361289999999999
2343825237.209155,7.320219
2343825238.391326,1.151157
2343825240.032697,1.5959189999999999
2343825245.1138797,5.036703
2343825246.409259,1.266259
2343825247.551093,1.107398
2343825248.8003707,1.200259
2343825250.6622553,1.820131
2343825255.442793,4.742764
2343825264.0793424,8.603451
2343825265.3995857,1.269791
2343825266.169041,0.721579
2343825267.340817,1.097437
2343825271.782796,4.404509
2343825278.160992,6.3424700000000005
2343825279.34595,1.125009
2343825288.14932,8.763665
2343825289.4567122,1.231345
2343825291.46286,1.9045130000000001
2343825292.506455,0.903898
2343825294.092595,1.533123
2343825302.39119,8.250028
2343825303.572354,1.13742
2343825312.060913,8.427487000000001
2343825312.9017773,0.8076220000000001
2343825313.578619,0.641986
2343825318.3763843,4.757207999999999
2343825325.727277,7.314806
2343825326.803705,1.0343170000000002
2343825327.948762,1.0879590000000001
2343825335.37297,7.379213
2343825342.036699,6.623101999999999
2343825342.753246,0.6825330000000001
2343825350.5157914,7.709802
2343825351.96547,1.401743
2343825357.750518,5.714833
2343825365.542591,7.761861
2343825371.845278,6.269325
2343825373.066131,1.18507
2343825378.418929,5.313634
2343825379.5593452,1.094398
2343825380.463151,0.852041
2343825381.32558,0.8124859999999999
2343825387.661128,6.273679
2343825389.359665,1.623529
2343825390.364675,0.930264
2343825396.207618,5.777494
2343825402.728478,6.492349
2343825403.903361,1.1335469999999999
2343825410.403713,6.457689
2343825416.924199,6.465278
2343825424.611545,7.651583
2343825430.59343,5.933853999999999
2343825433.7811723,3.130619
2343825435.147279,1.3028650000000002
2343825443.550239,8.340144
2343825445.124222,1.53037
2343825446.89445,1.7145979999999998
2343825453.1840343,6.25005
2343825454.946415,1.7262849999999998
2343825456.340764,1.349292
2343825465.3149934,8.913709
2343825474.287749,8.943470999999999
2343825475.616353,1.3005390000000001
2343825476.609806,0.956304
2343825477.868361,1.22742
2343825478.667664,0.744922
2343825479.582387,0.8825219999999999
2343825480.440886,0.826199
2343825481.7915993,1.306905
2343825489.0451503,7.20581
2343825490.810424,1.726232
2343825492.547113,1.69827
2343825501.3982368,8.792561000000001
2343825502.4123263,0.974665
2343825504.092238,1.638337
2343825510.509254,6.363504
2343825512.5101843,1.968713
2343825513.9425297,1.3817549999999998
2343825519.692133,5.713314
2343825526.4348507,6.699816
2343825530.3703866,3.81089
2343825534.695268,4.2819590000000005
2343825541.5608816,6.815414
2343825548.522783,6.9209190000000005
2343825549.4041,0.842145
2343825558.363881,8.900592000000001
2343825563.049819,4.640665
2343825568.2514563,5.1486
2343825576.111713,7.7629459999999995
2343825577.186451,0.983912
2343825578.139799,0.903369
2343825583.539552,5.360513
2343825584.292517,0.7178249999999999
2343825591.573499,7.237534
2343825593.2095523,1.595303
2343825594.2346883,0.9832739999999999
2343825596.153197,1.875248
2343825596.749712,0.556347
2343825599.7584586,2.9698379999999998
2343825605.808203,6.017465
2343825614.361822,8.500225
2343825615.588936,1.194858
2343825622.426923,6.801736
2343825623.611535,1.155332
2343825624.698504,1.051562
2343825629.5635247,4.812201
2343825634.1971183,4.585795999999999
2343825641.316789,7.08764
2343825642.030429,0.678203
2343825649.983162,7.907101
2343825651.746714,1.726008
2343825659.040227,7.2352099999999995
2343825665.221335,6.1156630000000005
2343825671.042828,5.775417
2343825672.479496,1.401767
2343825673.5488,1.0156239999999999
2343825674.79737,1.197713
2343825675.32937,0.481201
2343825676.65202,1.2708540000000002
2343825682.672181,5.978841
2343825689.2058744,6.486470000000001
2343825690.614654,1.371392
2343825692.32796,1.6798819999999999
2343825698.112679,5.735596
2343825699.1291113,0.9861
2343825700.480076,1.3029789999999999
2343825701.012053,0.496116
2343825705.415878,4.3684520000000004
2343825712.657332,7.209150999999999
2343825718.6647944,5.974865
2343825727.71849,9.014265
2343825732.3783092,4.596456
2343825733.1330338,0.716865
2343825739.217243,6.040394
2343825740.4175262,1.153647
2343825747.435458,6.979804
2343825748.523585,1.055658
2343825751.765953,3.2053390000000004
2343825760.117329,8.317791999999999
2343825761.334025,1.175398
2343825762.387085,1.009738
2343825767.405046,4.975258
2343825774.9572706,7.5132259999999995
2343825784.8061666,9.818617
2343825791.250742,6.394965
2343825792.058465,0.746625
2343825797.847976,5.6794150000000005
2343825805.318099,7.338519
2343825806.347855,0.9905440000000001
2343825809.666893,3.289918
2343825810.595084,0.900921
2343825811.5844436,0.939504
2343825818.2543077,6.608546
2343825825.8866544,7.594285
2343825833.673881,7.748481
2343825834.823294,1.108108
2343825841.485021,6.5978449999999995
2343825842.5591908,1.037427
2343825848.7340527,6.111686
2343825855.553207,6.772698
2343825861.490114,5.888126
2343825862.484985,0.959476
2343825864.11555,1.577885
2343825872.31428,8.157509000000001
2343825873.018024,0.616301
2343825880.492556,7.4253160000000005
2343825881.3714423,0.8236540000000001
2343825882.113914,0.6919470000000001
2343825883.69806,1.524232
2343825884.5925393,0.83641
2343825886.0419073,1.389179
2343825887.623198,1.4899399999999998
2343825896.5416193,8.859947
2343825897.707512,1.120868
2343825898.795716,1.046825
2343825900.4421883,1.599509
2343825901.676958,1.193148
2343825908.263185,6.54644
2343825909.4367642,1.141588
2343825914.411143,4.931329
2343825916.115225,1.581701
2343825917.6723127,1.485241
2343825923.2143264,5.476731
2343825923.6722813,0.41980799999999996
2343825931.399167,7.696285
2343825932.5669103,1.132594
2343825934.041737,1.414104
2343825943.157355,9.07602
2343825950.3396287,7.128261
2343825955.811024,5.436554
2343825956.92481,1.069017
2343825985.34829,28.370772
2343825989.5065746,4.104362999999999
2343825992.400607,2.834207
2343825994.450571,2.007267
2343825994.8783183,0.390379
2343825996.8193307,1.899607
2343825997.481782,0.6067410000000001
2343825998.337151,0.793983
2343826018.6289077,20.235536
2343826048.417142,29.753144
2343826054.118375,5.64183
2343826059.893273,5.703797
2343826064.0835066,4.132666
2343826064.782967,0.625327
2343826067.6217427,2.787601
2343826072.111009,4.455675
2343826085.885348,13.730993
2343826093.697213,7.75423
2343826100.305428,6.555720999999999
2343826105.92593,5.509008000000001
2343826108.7765584,2.812677
2343826112.260584,3.447815
2343826116.900156,4.591811000000001
2343826124.2239428,7.289146
2343826127.787908,3.51038
2343826135.035254,7.196847999999999
2343826142.6715198,7.583122
2343826149.369866,6.648142999999999
2343826155.150353,5.7244779999999995
2343826155.697538,0.49168300000000004
2343826162.580716,6.834083000000001
2343826164.114358,1.4954370000000001
2343826172.27209,8.087801
2343826180.019115,7.717888
2343826184.60782,4.551123
2343826189.517097,4.858412
2343826195.56469,6.006683
2343826199.832763,4.232686
2343826204.220914,4.349769
2343826211.19751,6.927641
2343826219.4488387,8.207249
2343826220.139803,0.6427930000000001
2343826226.416289,6.21851
2343826227.7940497,1.3392009999999999
2343826228.7269473,0.8579370000000001
2343826230.067995,1.2964300000000002
2343826231.515917,1.3926509999999999
2343826234.859848,3.276417
2343826239.224262,4.327209
2343826247.028749,7.764025
2343826247.777055,0.71227
2343826253.578286,5.758496999999999
2343826254.4391727,0.830162
2343826259.275661,4.793634
2343826260.226902,0.917052
2343826261.670248,1.395264
2343826263.061826,1.335164
2343826263.6985803,0.588018
2343826264.650351,0.904919
2343826265.7562027,1.052222
2343826266.646745,0.841927
2343826274.212073,7.533499
2343826283.2502646,9.008508
2343826283.7257853,0.441376
2343826287.432279,3.665747
2343826291.844908,4.382896
2343826292.807505,0.9176040000000001
2343826299.272775,6.430916
2343826300.714447,1.314433
2343826301.424785,0.660374
2343826302.664544,1.203181
2343826303.9051647,1.1960499999999998
2343826304.5719166,0.621097
2343826305.763062,1.155675
2343826311.5065417,5.706194
2343826316.094709,4.5503990000000005
2343826321.715963,5.5858419999999995
2343826322.923315,1.158936
2343826324.2991138,1.335449
2343826325.167923,0.8192740000000001
2343826330.983359,5.765739
2343826331.734571,0.723943
2343826339.8506303,8.085498999999999
2343826347.8992453,7.995436
2343826354.699094,6.763978000000001
2343826360.809764,6.074658
2343826362.7415752,1.859776
2343826367.823409,5.030227
2343826377.033596,9.108743
2343826378.061501,1.000421
2343826380.791982,2.700148
2343826384.8604918,4.042872
2343826386.177496,1.277648
2343826392.2437778,6.019063
2343826394.246694,1.9644419999999998
2343826397.691229,3.390464
2343826401.83061,4.102449
2343826402.435959,0.5686680000000001
2343826403.804912,1.3154379999999999
2343826404.798366,0.952355
2343826410.466645,5.619877
2343826417.0847993,6.533018
2343826422.444222,5.304609
2343826428.252281,5.768186
2343826434.840405,6.558441
2343826435.969737,1.102411
2343826441.4844418,5.452596
2343826442.309579,0.797109
2343826450.393036,8.054306
2343826451.381166,0.94405
2343826456.1893034,4.761709000000001
2343826457.031045,0.8008689999999999
2343826462.043866,4.976332
2343826463.229613,1.134333
2343826471.038336,7.744472
2343826472.410366,1.328256
2343826476.698108,4.198188
2343826477.55549,0.802004
2343826483.4542637,5.843068
2343826488.999044,5.4963679999999995
2343826499.043601,9.993745
2343826502.251761,3.167024
2343826504.035972,1.717075
2343826509.73744,5.6492510000000005
2343826511.18466,1.405749
2343826518.199163,6.975551
2343826521.928817,3.695589
2343826529.8590217,7.896577
2343826530.7229276,0.821542
2343826532.285036,1.521247
2343826536.198249,3.857178
2343826537.811204,1.55339
2343826542.451537,4.559565
2343826548.4289308,5.928547999999999
2343826549.9483953,1.49284
2343826550.640328,0.661203
2343826558.508345,7.836619
2343826561.980072,3.42409
2343826563.209979,1.158131
2343826563.950973,0.693676
2343826565.247738,1.258107
2343826566.302518,1.01579
2343826571.9125743,5.569887
2343826578.549924,6.601853
2343826579.733481,1.124278
2343826584.688909,4.9154539999999995
2343826586.294941,1.5507900000000001
2343826590.775391,4.439323
2343826592.2305727,1.416624
2343826597.473363,5.198213
2343826602.950305,5.428319
2343826609.525736,6.544491000000001
2343826615.299505,5.737044999999999
2343826616.376508,1.034472
2343826621.4385514,4.9933440000000004
2343826630.007831,8.521542
2343826631.63696,1.577291
2343826632.8957577,1.2145249999999999
2343826639.841674,6.903152
2343826646.746288,6.8672059999999995
2343826650.0414114,3.25686
2343826651.715257,1.606997
2343826653.255669,1.477056
2343826660.292414,6.972874
2343826664.242407,3.89865
2343826665.0424433,0.7311620000000001
2343826671.5878186,6.503849
2343826679.4364524,7.810968
2343826686.395253,6.919239
2343826687.546061,1.1187070000000001
2343826693.006099,5.414816999999999
2343826694.0530763,1.0095049999999999
2343826700.316528,6.203403
2343826700.998176,0.642861
2343826712.20853,11.166679
2343826712.869875,0.620576
2343826713.575265,0.664084
2343826716.170115,2.555103
2343826719.555477,3.354504
2343826722.6308823,3.021255
2343826748.302105,25.562514
2343826763.358878,14.98735
2343826766.831495,3.39836
2343826767.578673,0.673197
2343826769.380453,1.749818
2343826769.8045063,0.387648
2343826770.2004247,0.356411
2343826771.854076,1.600443
2343826772.297518,0.35369
2343826772.778544,0.40606000000000003
2343826791.8153358,18.994396000000002
2343826792.940308,1.02988
2343826793.671587,0.664343
2343826794.347121,0.614683
2343826795.08035,0.670558
2343826797.55861,2.416646
2343826798.346075,0.7282420000000001
2343826802.382837,3.975238
2343826820.286245,17.844787
2343826825.770759,5.438978
2343826843.7456408,17.923877
2343826846.0127363,2.182289
2343826846.492362,0.4325
2343826848.579013,2.037604
2343826854.269268,5.651734
2343826856.755662,2.440668
2343826862.056125,5.248271
2343826864.789927,2.6794409999999997
2343826867.663322,2.810346
2343826869.119833,1.3620539999999999
2343826869.8558693,0.681749
2343826873.760898,3.85731
2343826892.842687,19.039206999999998
2343826896.110044,3.221985
2343826896.7013307,0.5348780000000001
2343826901.6497636,4.8885320000000005
2343826905.7212386,4.0197210000000005
2343826910.959758,5.197464
2343826915.4464903,4.415283
2343826935.435737,19.930212
2343826935.8816824,0.407139
2343826956.111455,20.189828
2343826957.5825267,1.420871
2343826959.163708,1.5228
2343826964.6629553,5.445754
2343826970.834887,6.123195
2343826981.018032,10.138467
2343826983.1068974,2.051226
2343826985.105515,1.954541
2343826985.971381,0.818842
2343826988.8124,2.754962
2343826989.827315,0.9667089999999999
2343826997.5537376,7.633909
2343826999.372311,1.777034
2343827008.4520273,9.032489
2343827013.129631,4.615119
2343827015.6892633,2.517624
2343827016.21885,0.48210800000000004
2343827019.2987237,3.035608
2343827023.670742,4.317627
2343827025.960622,2.2508570000000003
2343827026.650856,0.645939
2343827030.495784,3.790861
2343827032.626192,2.019959
2343827039.971902,7.28833
2343827043.668427,3.590562
2343827048.602234,4.875104
2343827054.675905,6.040501
2343827058.416666,3.677889
2343827063.613679,5.166395
2343827064.47124,0.8228829999999999
2343827068.229878,3.695812
2343827069.664157,1.396306
2343827070.833136,1.0934810000000001
2343827078.235304,7.3567219999999995
2343827086.61171,8.332216
2343827087.867821,1.213213
2343827088.9880123,1.0457999999999998
2343827090.64969,1.570199
2343827091.555886,0.861187
2343827101.113687,9.513618
2343827109.485488,8.302845999999999
2343827119.478265,9.962979
2343827127.9656787,8.445783
2343827130.097971,2.0975910000000004
2343827138.5861692,8.449376999999998
2343827144.988278,6.348310000000001
2343827146.4875193,1.420102
2343827148.1460233,1.60509
2343827150.398766,2.184704
2343827151.121685,0.662941
2343827158.936687,7.7709
2343827162.01793,3.0489800000000002
2343827163.156596,1.096272
2343827169.485349,6.261451
2343827176.4160633,6.818261
2343827182.5019817,6.0443370000000005
2343827188.173625,5.611754
2343827194.519156,6.294700000000001
2343827202.001692,7.432276
2343827208.3293242,6.285902
2343827212.8647127,4.479254999999999
2343827218.837649,5.937747
2343827220.042583,1.16499
2343827225.716384,5.608568
2343827226.30448,0.542427
2343827226.889798,0.53303
2343827228.1666937,1.233722
2343827229.70206,1.49225
2343827230.737556,0.986983
2343827239.025514,8.245077
2343827240.310069,1.228134
2343827241.6787763,1.31602
2343827248.792122,7.074531
2343827255.050775,6.216223
2343827256.250733,1.151736
2343827257.968346,1.666224
2343827259.462012,1.434489
2343827260.301876,0.798421
2343827261.125151,0.7671009999999999
2343827267.348205,6.182245
2343827273.568131,6.169071
2343827274.603086,0.975639
2343827275.559279,0.894861
2343827276.694096,1.0929220000000002
2343827277.986778,1.250582
2343827279.2712693,1.2352260000000002
2343827280.074323,0.759405
2343827284.4945483,4.35815
2343827285.355587,0.805872
2343827286.5794353,1.190554
2343827287.771162,1.160904
2343827293.70579,5.861678
2343827294.905624,1.16997
2343827299.022531,4.074511
2343827300.336088,1.284379
2343827309.327713,8.946636000000002
2343827310.5293393,1.160299
2343827318.731102,8.12338
2343827320.061364,1.282729
2343827320.9877253,0.880131
2343827329.713874,8.672536
2343827337.186654,7.361098
2343827337.837453,0.583947
2343827339.316587,1.432546
2343827340.830819,1.452402
2343827342.24005,1.325345
2343827343.984332,1.689728
2343827352.228342,8.174462
2343827354.059802,1.7836340000000002
2343827360.390304,6.280744
2343827360.9129896,0.4666
2343827362.0271606,1.059627
2343827363.091048,1.02221
2343827372.073611,8.945162
2343827382.895029,10.78252
2343827385.354775,2.396678
2343827387.6000977,2.2016660000000003
2343827389.233842,1.592691
2343827390.908713,1.2990320000000002
2343827392.588582,1.6181539999999999
2343827395.0576863,2.4085780000000003
2343827395.80793,0.708874
2343827399.759974,3.9074799999999996
2343827409.55279,9.736730000000001
2343827414.300305,4.69826
2343827418.017127,3.662224
2343827422.82023,4.737464
2343827423.338952,0.430056
2343827424.326027,0.940558
2343827432.45157,8.060065999999999
2343827433.528996,1.002632
2343827436.979076,3.303583
2343827438.471694,1.4558920000000002
2343827439.639393,1.115345
2343827446.861643,7.06433
2343827448.514143,1.61541
2343827455.847091,7.262901
2343827457.791898,1.906031
2343827459.0390563,1.201829
2343827466.8895903,7.815015999999999
2343827476.5392013,9.613329
2343827477.960128,1.2903339999999999
2343827479.121846,1.112596
2343827479.7432327,0.562223
2343827486.448278,6.65729
2343827493.248323,6.757414
2343827499.8983097,6.619155
2343827501.128913,1.186379
2343827502.850299,1.677411
2343827510.9282517,8.036425999999999
2343827516.309997,5.321898
2343827517.723027,1.349437
2343827519.790251,2.0138589999999996
2343827521.19275,1.114645
2343827522.271246,1.038052
2343827524.755197,2.4469589999999997
2343827531.89904,7.105005
2343827533.2584453,1.309028
2343827538.673642,5.36835
2343827540.120531,1.389412
2343827548.368912,8.18501
2343827549.266624,0.856423
2343827551.674826,2.353605
2343827556.06956,4.3368590000000005
2343827557.884424,1.77841
2343827565.096694,7.176915
2343827572.698371,7.568216
2343827575.986658,3.239014
2343827577.3944693,1.342815
2343827578.379342,0.9350390000000001
2343827580.181795,1.766066
2343827586.728078,6.49364
2343827587.877729,1.113688
2343827589.026684,1.1102720000000001
2343827596.298913,7.232617
2343827597.679907,1.3007190000000002
2343827598.772648,1.04518
2343827604.8153324,5.986898
2343827605.247789,0.381496
2343827606.221458,0.909992
2343827606.9948378,0.733527
2343827608.336063,1.283096
2343827610.13623,1.7331029999999998
2343827611.5056987,1.2815509999999999
2343827612.993794,1.443416
2343827613.79427,0.751466
2343827620.4729576,6.593327
2343827621.566688,1.022957
2343827623.3368616,1.1972040000000002
2343827627.3400097,3.9012740000000004
2343827632.307449,4.929921
2343827639.831738,7.48296
2343827647.565187,7.702456
2343827653.4397473,5.8179479999999995
2343827659.124036,5.6421079999999995
2343827667.579628,8.392113
2343827670.858018,3.1912540000000003
2343827677.3506517,6.45199
2343827684.130928,6.434538
2343827693.401744,9.235133
2343827694.99638,1.555585
2343827696.040037,1.0041920000000002
2343827705.364132,9.280914
2343827707.438968,2.0315480000000004
2343827708.609367,1.1064180000000001
2343827713.3797884,4.6977709999999995
2343827718.405086,4.976866
2343827723.861098,5.407496
2343827729.740935,5.849932000000001
2343827732.625753,2.7726119999999996
2343827734.518282,1.850751
2343827736.417561,1.4417360000000001
2343827740.690268,4.208795
2343827741.322097,0.593373
2343827742.016293,0.653126
2343827743.252542,1.196861
2343827747.602098,4.308035
2343827749.2283254,1.597423
2343827749.8219748,0.561214
2343827753.705671,3.8522209999999997
2343827758.014946,4.270633
2343827763.751101,5.688638999999999
2343827771.08146,7.283268
2343827779.451608,8.334559
2343827780.09455,0.600182
2343827789.4071183,9.241264000000001
2343827794.54199,5.059209999999999
2343827795.037394,0.46068
2343827804.987098,9.909730999999999
2343827807.939288,2.914953
2343827811.151553,3.180892
2343827814.581579,3.3950690000000003
2343827815.1090813,0.48755800000000005
2343827815.9055037,0.757365
2343827817.559197,1.6000240000000001
2343827823.103128,5.502984
2343827829.789774,6.651723
2343827836.8116517,6.978789
2343827838.5891438,1.723215
2343827840.70897,1.940679
2343827848.3607707,7.097518
2343827849.5307727,1.119784
2343827850.803869,1.19408
2343827852.158291,1.3136370000000002
2343827856.3313427,4.131007
2343827858.942085,2.571284
2343827859.871345,0.902748
2343827860.996727,1.091072
2343827869.062696,8.031006999999999
2343827877.6160364,8.518724
2343827882.730669,5.073612
2343827884.688144,1.9192600000000002
2343827885.973173,1.227964
2343827886.942326,0.925368
2343827888.038253,1.040137
2343827889.427683,1.350946
2343827890.202619,0.7435849999999999
2343827891.2760158,1.032737
2343827900.102706,8.780645
2343827901.011305,0.866513
2343827903.445967,2.3820349999999997
2343827905.239424,1.7646199999999999
2343827906.717963,1.429125
2343827917.218361,10.451999
2343827917.877843,0.622099
2343827921.6339474,3.650768
2343827925.353844,3.652275
2343827927.667318,2.243341
2343827928.754847,1.029088
2343827929.389195,0.546266
2343827935.82794,6.373778
2343827942.268729,6.395218
2343827949.519878,7.21092
2343827954.8245807,5.254605
2343827960.415738,5.552681000000001
2343827964.974243,4.514518000000001
2343827966.140619,1.1218000000000001
2343827967.852423,1.65745
2343827969.962452,2.055679
2343827976.038381,6.028589
2343827977.943785,1.850646
2343827979.780445,1.749987
2343827985.543629,5.729636
2343827991.3620024,5.786061999999999
2343827996.88302,5.491412
2343827998.169054,1.18732
2343827999.3695736,1.155096
2343828005.558303,6.141138
2343828012.694516,7.087773
2343828019.8842783,7.132296
2343828020.8526273,0.9149050000000001
2343828022.2750173,1.373891
2343828027.613112,5.2880899999999995
2343828034.879546,7.232582000000001
2343828039.669793,4.739438000000001
2343828041.04078,1.287856
2343828042.070587,0.978694
2343828043.80979,1.684877
2343828050.3224897,6.472162
2343828051.472455,1.087401
2343828057.668569,6.159428
2343828065.938229,8.221624
2343828073.156806,7.164662
2343828077.003894,3.802546
2343828081.289616,4.207871
2343828082.26955,0.9476
2343828083.57623,1.2705410000000001
2343828084.906232,1.291089
2343828091.054709,6.09535
2343828099.806213,8.712714
2343828106.823988,6.973766
2343828113.759537,6.902774000000001
2343828114.734129,0.940717
2343828115.484858,0.713848
2343828116.530976,0.9999530000000001
2343828117.829238,1.2129720000000002
2343828126.2569,8.364524
2343828127.428369,1.112886
2343828135.727616,8.266139
2343828137.272574,1.514375
2343828142.557892,5.244921
2343828149.687952,7.086677000000001
2343828155.853593,6.081015000000001
2343828156.530541,0.630343
2343828157.668479,1.089062
2343828165.411295,7.691615
2343828166.57339,1.041582
2343828173.331767,6.708228
2343828174.851495,1.459208
2343828181.305218,6.415752
2343828182.541739,1.193493
2343828190.540854,7.963251
2343828198.9854927,8.405918999999999
2343828200.607579,1.580341
2343828201.176973,0.529153
2343828202.112754,0.895818
2343828213.150308,10.985199
2343828213.690001,0.47111800000000004
2343828214.3694687,0.641347
2343828222.734077,8.285534
2343828223.772571,0.981155
2343828225.129818,1.301493
2343828225.706919,0.5327510000000001
2343828233.03792,7.275951
2343828240.1567817,7.028033000000001
2343828241.2694182,1.0699660000000002
2343828246.40382,5.05772
2343828247.553293,1.110703
2343828248.818298,1.221226
2343828255.928929,7.0205329999999995
2343828257.1138163,1.136549
2343828265.282491,8.113092
2343828266.3088408,0.990812
2343828267.439087,1.054372
2343828274.92983,7.453371000000001
2343828276.6541758,1.692795
2343828281.0887036,4.40164
2343828285.735569,4.602631000000001
2343828287.3781343,1.596722
2343828294.690705,7.227523
2343828295.408751,0.687632
2343828297.050003,1.583358
2343828304.970831,7.883246
2343828310.583272,5.566935
2343828312.021609,1.397222
2343828312.928402,0.861531
2343828318.738347,5.770305
2343828319.810045,1.020754
2343828321.6810694,1.813654
2343828328.942221,7.215923
2343828330.038249,1.057178
2343828335.9710264,5.887538
2343828341.472054,5.474239
2343828348.3980026,6.898272
2343828350.061384,1.626578
2343828359.463271,9.362691
2343828366.548493,7.037108
2343828367.3976617,0.810947
2343828375.5352993,8.091957
2343828376.8167343,1.238138
2343828384.16404,7.301903
2343828385.4065046,1.20933
2343828389.17212,3.7264369999999998
2343828390.13876,0.931218
2343828390.9589324,0.77818
2343828392.740663,1.734974
2343828399.200176,6.395363000000001
2343828407.5619874,8.259853
2343828412.962781,5.362194
2343828414.13272,1.097979
2343828415.28064,1.0988479999999998
2343828416.2707973,0.950591
2343828417.78162,1.4602899999999999
2343828423.638168,5.825302
2343828432.514784,8.832263
2343828433.597946,1.047341
2343828436.929936,3.300788
2343828442.917937,5.95989
2343828451.000145,8.027951999999999
2343828454.846018,3.8075010000000002
2343828456.614305,1.7308359999999998
2343828457.817835,1.1445260000000002
2343828465.2969503,7.421373999999999
2343828473.411695,8.082532
2343828480.050004,6.6059220000000005
2343828481.131898,1.04382
2343828487.576379,6.389454
2343828494.796012,7.161304
2343828498.693486,3.8264
2343828500.060989,1.299918
2343828507.758757,7.652362
2343828516.4164753,8.604531999999999
2343828517.75693,1.295973
2343828526.586338,8.779501999999999
2343828530.880412,4.23352
2343828535.418155,4.492936
2343828539.803103,4.352493
2343828540.586611,0.662952
2343828542.048254,1.339241
2343828550.4624176,8.329854
2343828551.8082423,1.301436
2343828553.1206646,1.276009
2343828560.513438,7.353997000000001
2343828561.591317,1.0287689999999998
2343828562.5086913,0.8869210000000001
2343828568.537043,5.971629
2343828569.73287,1.1602109999999999
2343828575.764205,5.982571
2343828581.730037,5.936546
2343828585.348149,3.581948
2343828590.7376223,5.360018999999999
2343828591.096872,0.320955
2343828597.4830737,6.3394
2343828604.833566,7.301211
2343828606.07784,1.188242
2343828607.692503,1.568608
2343828613.6411314,5.9027259999999995
2343828615.396736,1.698939
2343828621.445765,6.005552
2343828622.772814,1.2725060000000001
2343828623.9303203,1.102581
2343828633.639143,9.644160000000001
2343828640.702836,7.0152
2343828642.1510653,1.403493
2343828649.475694,7.276608
2343828655.83308,6.301997999999999
2343828659.315065,3.437843
2343828666.3598714,6.994789000000001
2343828673.577433,7.1815430000000005
2343828675.1721616,1.557667
2343828680.727623,5.509353
2343828681.2497272,0.476425
2343828681.9749174,0.6754410000000001
2343828691.7857223,9.770503999999999
2343828693.00779,1.184334
2343828702.14109,9.073708
2343828708.222595,5.992181
2343828709.846642,1.582797
2343828711.591749,1.6758840000000002
2343828718.683537,7.0358290000000006
2343828725.4944873,6.762694
2343828726.757885,1.219817
2343828727.980608,1.18799
2343828729.738968,1.709345
2343828736.626936,6.853728
2343828737.617155,0.946914
2343828739.018291,1.346822
2343828745.553012,6.481968
2343828746.8464813,1.242878
2343828748.237911,1.353584
2343828755.433239,7.137766
2343828756.428245,0.921721
2343828763.1766253,6.70992
2343828771.1208787,7.906211999999999
2343828778.414248,7.244222
2343828779.354419,0.892879
2343828785.9778337,6.588331
2343828787.031281,1.022465
2343828788.790185,1.672052
2343828790.1903358,1.308518
2343828791.213932,0.9795050000000001
2343828796.962091,5.711536
2343828798.0923734,1.08285
2343828805.067185,6.936022
2343828806.5860963,1.489134
2343828807.843681,1.213286
2343828811.577499,3.6961310000000003
2343828819.120764,7.508624999999999
2343828825.687673,6.514011
2343828826.726716,0.987335
2343828828.52081,1.750303
2343828829.782199,1.202051
2343828837.6193976,7.773568
2343828843.4677067,5.8080620000000005
2343828844.600679,1.106396
2343828851.5396414,6.906621
2343828852.192601,0.626283
2343828854.020711,1.763946
2343828860.352142,6.290984
2343828861.95819,1.558944
2343828867.586693,5.572814
2343828871.882588,4.256424
2343828872.274637,0.353228
2343828873.595239,1.277861
2343828882.2319,8.582068
2343828883.118394,0.8294450000000001
2343828888.741155,5.580658
2343828893.039857,4.268032
2343828894.0456963,0.958745
2343828899.5567307,5.4680919999999995
2343828906.857553,7.2604310000000005
2343828913.3144503,6.391565
2343828918.581258,5.211348999999999
2343828919.554135,0.915504
2343828921.183999,1.566375
2343828929.1984377,7.934505
2343828933.53369,4.309712
2343828939.636374,6.040625
2343828940.3692408,0.6805059999999999
2343828948.579168,8.139956999999999
2343828950.1973453,1.578626
2343828951.33371,1.0939210000000001
2343828952.493156,1.1067360000000002
2343828961.2259903,8.673082
2343828966.5015836,5.239721
2343828967.7640557,1.211544
2343828974.088189,6.271264
2343828978.163445,4.044741
2343828986.411757,8.216227
2343828992.08523,5.638602000000001
2343828995.538337,3.391686
2343829001.862148,6.274088
2343829006.9776874,5.045584
2343829008.223551,1.1976580000000001
2343829009.157186,0.895015
2343829010.6509004,1.45682
2343829013.964193,3.264039
2343829019.289433,5.287113000000001
2343829022.331302,3.014431
2343829027.4270444,5.057441
2343829028.16257,0.6954119999999999
2343829028.86288,0.655668
2343829035.492456,6.595953
2343829037.516779,1.996111
2343829040.566854,2.96408
2343829047.415632,6.805522
2343829048.361483,0.9092739999999999
2343829054.469296,6.069767000000001
2343829055.812655,1.312246
2343829056.605895,0.748438
2343829064.167621,7.480303
2343829065.158021,0.947254
2343829065.883132,0.691156
2343829066.646867,0.731919
2343829067.6752057,0.987662
2343829068.6682754,0.948886
2343829075.161043,6.454719
2343829080.138805,4.9458660000000005
2343829081.232902,1.0478079999999999
2343829087.9109807,6.635225
2343829096.272533,8.323804
2343829097.0434012,0.738024
2343829098.683878,1.574118
2343829107.9415607,9.205905
2343829109.608007,1.622521
2343829115.791327,6.134847
2343829121.028119,5.199299
2343829122.3897448,1.317501
2343829127.353272,4.922280000000001
2343829131.639747,4.250397
2343829133.016907,1.3389280000000001
2343829135.379687,2.29583
2343829141.502088,6.080103
2343829142.805555,1.262741
2343829149.088841,6.236702999999999
2343829149.971542,0.85163
2343829160.350974,10.344248
2343829162.0650797,1.6752360000000002
2343829169.791726,7.634451
2343829171.1411586,1.291136
2343829177.431736,6.257751
2343829183.643537,6.182303
2343829184.4460087,0.774241
2343829185.302926,0.826806
2343829185.801713,0.462672
2343829186.164199,0.33337900000000004
2343829193.013771,6.820797
2343829198.2509007,5.169226
2343829200.282658,1.9995360000000002
2343829201.497079,1.1647610000000002
2343829202.935921,1.361318
2343829207.7981377,4.818879
2343829212.38104,4.52575
2343829213.365104,0.94511
2343829219.434002,6.017495
2343829222.6352773,3.1581669999999997
2343829230.1944933,7.523194
2343829236.574888,6.338929
2343829244.113739,7.497677
2343829245.376384,1.2291590000000001
2343829246.4253006,1.004856
2343829248.014848,1.5367460000000002
2343829253.2602434,5.189913
2343829254.116796,0.8133549999999999
2343829257.069036,2.886664
2343829262.557833,5.449115
2343829267.3834853,4.787382
2343829268.412498,0.976085
2343829269.521927,1.038869
2343829270.851971,1.2794029999999998
2343829272.465243,1.5411439999999998
2343829274.057313,1.55128
2343829275.490416,1.392573
2343829276.740091,1.213527
2343829283.027527,6.247225
2343829283.69034,0.6347430000000001
2343829289.3783197,5.644851
2343829298.1530547,8.695594
2343829303.176442,4.976477
2343829304.396306,1.1868020000000001
2343829305.2675824,0.8170270000000001
2343829311.839421,6.525333000000001
2343829313.081602,1.192834
2343829314.3381796,1.193778
2343829315.379376,0.9824020000000001
2343829320.622617,5.177119
2343829322.336005,1.681446
2343829327.510117,5.125051
2343829329.028313,1.475075
2343829335.50471,6.4240900000000005
2343829341.267915,5.7310989999999995
2343829348.07568,6.752484
2343829353.613392,5.471331
2343829361.483652,7.826197
2343829362.5925064,1.052857
2343829363.813869,1.1591939999999998
2343829364.8766217,1.018433
2343829368.633386,3.708602
2343829376.02279,7.276846
2343829377.0566907,0.9958530000000001
2343829380.900719,3.81134
2343829382.283556,1.3543699999999999
2343829383.217663,0.903273
2343829384.111646,0.856406
2343829391.167118,7.0150380000000006
2343829397.116978,5.907922
2343829402.11703,4.966386
2343829408.022848,5.870513
2343829416.340069,8.269726
2343829423.2781067,6.8028070000000005
2343829424.706185,1.3838679999999999
2343829425.972022,1.2163140000000001
2343829426.976142,0.95557
2343829432.12624,5.104947999999999
2343829432.742956,0.585194
2343829438.557762,5.785508
2343829439.3813767,0.785925
2343829444.4574804,5.016762999999999
2343829450.550857,6.053257
2343829456.033335,5.450661
2343829461.573135,5.495346
2343829467.270847,5.6494919999999995
2343829470.550151,3.242901
2343829474.9722586,4.3718710000000005
2343829476.13071,1.12147
2343829482.1449437,5.972734
2343829482.662244,0.464883
2343829487.547414,4.820627
2343829488.935595,1.3451710000000001
2343829490.095042,1.081993
2343829497.785449,7.637391
2343829498.673994,0.8405659999999999
2343829499.791092,1.064906
2343829508.398039,8.562165
2343829509.729302,1.2836189999999998
2343829518.0138288,8.226169
2343829519.405956,1.327383
2343829525.5454926,6.095151
2343829526.33077,0.744174
2343829531.7566233,5.368602999999999
2343829532.952906,1.1586750000000001
2343829534.047208,1.05444
2343829534.672415,0.589987
2343829535.498124,0.765965
2343829538.304579,2.774247
2343829539.244041,0.885898
2343829543.814622,4.522812999999999
2343829550.335846,6.488090000000001
2343829554.458108,4.075605
2343829555.68857,1.181556
2343829557.0458927,1.301087
2343829563.962156,6.857437
2343829567.226712,3.2362480000000002
2343829573.339547,6.082348
2343829578.8664527,5.449426
2343829586.528904,7.629577
2343829587.731415,1.156933
2343829593.2056017,5.37929
2343829594.6039257,1.321935
2343829600.038531,5.393808
2343829605.160472,5.088525
2343829612.557344,7.366684
2343829620.518807,7.930776000000001
2343829627.4266376,6.836374
2343829632.762173,5.278411
2343829633.416879,0.6205660000000001
2343829634.252574,0.772117
2343829638.485616,4.194623
2343829639.93902,1.402358
2343829643.472086,3.482886
2343829645.442427,1.9389509999999999
2343829649.795617,4.320295
2343829657.522594,7.680699
2343829663.1620507,5.568052000000001
2343829664.9359713,1.702065
2343829668.620975,3.6182570000000003
2343829670.4152727,1.715495
2343829679.729816,9.263515
2343829688.408271,8.64069
2343829694.172283,5.726653
2343829701.998898,7.775555
2343829703.291887,1.254027
2343829704.331176,0.995171
2343829705.655283,1.262877
2343829707.043981,1.339027
2343829708.101523,0.989707
2343829708.9387813,0.7730630000000001
2343829716.773981,7.750899
2343829718.037608,1.224083
2343829723.011122,4.930305000000001
2343829728.33477,5.293235
2343829732.740405,4.370235
2343829733.1482677,0.374806
2343829733.981575,0.7682770000000001
2343829737.927761,3.908634
2343829744.252257,6.275936000000001
2343829751.712459,7.4001850000000005
2343829753.224612,1.4766810000000001
2343829757.1931796,3.923319
2343829761.532999,4.301404
2343829765.6830254,4.103706000000001
2343829769.70364,3.978917
2343829774.9872694,5.2346520000000005
2343829779.4179783,4.385108000000001
2343829783.795765,4.33848
2343829790.461387,6.607307
2343829795.6390033,5.1287720000000006
2343829800.455743,4.77789
2343829804.033476,3.548393
2343829809.49562,5.413734
2343829810.694118,1.1516440000000001
2343829818.587213,7.839262
2343829825.860349,7.232028
2343829827.451698,1.557728
2343829829.027224,1.539596
2343829834.28208,5.211189
2343829835.871985,1.5564470000000001
2343829841.185355,5.270776
2343829850.775145,9.552045
2343829852.807652,1.9882760000000002
2343829856.356413,3.495638
2343829862.234717,5.833767999999999
2343829869.720256,7.450475
2343829870.961744,1.205755
2343829875.986717,4.9873330000000005
2343829876.84636,0.794421
2343829878.422328,1.539966
2343829879.629952,1.164123
2343829880.776769,1.096222
2343829886.96724,6.150888999999999
2343829893.955109,6.941654000000001
2343829894.888399,0.86359
2343829896.0151772,1.078791
2343829896.768703,0.711658
2343829897.547165,0.730545
2343829898.863224,1.261352
2343829903.241139,4.341886
2343829908.2178617,4.933652
2343829909.341497,1.086803
2343829910.120606,0.748076
2343829916.2761106,6.124123
2343829919.393085,3.068569
2343829924.9846687,5.565963
2343829926.063525,1.0512519999999999
2343829926.820254,0.727537
2343829927.870176,1.009918
2343829929.059597,1.127806
2343829935.3817,6.273397
2343829936.3546023,0.942963
2343829942.826273,6.435317
2343829948.7888913,5.927468
2343829949.8503494,1.0261090000000002
2343829951.462153,1.550226
2343829958.064169,6.54625
2343829963.944178,5.839564
2343829969.8065257,5.820182
2343829974.9726577,5.125033999999999
2343829975.723287,0.71176
2343829983.404295,7.6475859999999996
2343829988.182846,4.747923999999999
2343829989.5767064,1.3360699999999999
2343829990.778507,1.14108
2343829996.104762,5.284324
2343829997.58738,1.438728
2343830005.1109033,7.467974
2343830006.144266,0.9987069999999999
2343830006.9848933,0.802021
2343830008.0455837,1.013058
2343830009.063525,0.9637950000000001
2343830010.3301053,1.212004
2343830011.384328,1.012122
2343830012.481682,1.057421
2343830014.1407228,1.6156300000000001
2343830017.219122,3.023332
2343830017.826661,0.561462
2343830024.2063727,6.290948
2343830030.3852572,6.141782999999999
2343830031.576096,1.15608
2343830037.57847,5.972709
2343830043.830459,6.213568
2343830045.324916,1.457145
2343830046.6664777,1.302746
2343830051.8284893,5.115734000000001
2343830054.7085958,2.845507
2343830057.0582867,2.2923370000000003
2343830058.873767,1.760202
2343830098.869451,39.939226
2343830106.129464,7.180909
2343830226.180475,119.965311
2343830226.80665,0.564836
2343830235.94291,9.049894
2343830239.77908,3.743008
2343830247.1873107,7.329851
2343830248.422602,1.175953
2343830249.503746,1.031938
2343830250.739676,1.1810150000000001
2343830364.243064,113.439491
2343830377.373693,13.044874
2343830379.809629,2.3695180000000002
2343830380.897223,1.034191
2343830381.915566,0.949486
2343830383.455574,1.486046
2343830385.900308,2.393083
2343830391.628404,5.671439
2343830397.951682,6.260514
2343830402.62045,4.640674
2343830409.406919,6.756899000000001
2343830415.554353,6.099418
2343830421.419225,5.780393
2343830422.444188,0.9901249999999999
2343830423.629836,1.1468850000000002
2343830431.861559,8.193201
2343830432.92819,1.032292
2343830439.9191456,6.94851
2343830443.5018773,3.522982
2343830502.449398,58.908818000000004
2343830503.987401,1.4360620000000002
2343830505.391401,1.321956
2343830505.966862,0.518191
2343830509.249231,3.232813
2343830570.260772,60.960525000000004
2343830577.318183,6.995923
2343830579.752781,2.4004489999999996
2343830585.6664896,5.875805
2343830586.256181,0.5568040000000001
2343830586.863697,0.559906
2343830587.751491,0.8397819999999999
2343830592.224455,4.432964999999999
2343830595.852911,3.5753
2343830596.3385973,0.447544
2343830643.840764,47.451001
2343830644.986189,1.067884
2343830652.366181,7.286054
2343830655.849757,3.413697
2343830659.298891,3.420433
2343830660.628391,1.301511
2343830661.127071,0.469639
2343830661.422788,0.26632700000000004
2343830662.3627667,0.909206
2343830664.915816,2.491882
2343830665.527096,0.5587219999999999
2343830666.230089,0.643204
2343830666.845037,0.526687
2343830667.362328,0.481522
2343830669.01753,1.6210120000000001
2343830693.587042,24.512134
2343830707.3326974,13.69454
2343830707.894732,0.503548
2343830731.839201,23.875958999999998
2343830737.275978,5.346647000000001
2343830742.2787538,4.941177
2343830744.8812532,2.5248649999999997
2343830750.997895,6.037578
2343830754.9769197,3.930304
2343830757.328312,2.298288
2343830757.669833,0.307481
2343830784.1290746,26.422052
2343830786.468165,2.28507
2343830790.2195177,3.311056
2343830937.5397253,147.26004700000001
2343830946.946847,9.344556
2343830952.407657,5.400145
2343830966.2095447,13.717740000000001
2343831140.2177114,173.969415
2343831145.6042204,5.33255
2343831146.9174724,1.2421470000000001
2343831152.946939,5.974713
2343831161.23391,8.208905000000001
2343831163.324843,2.014345
2343831165.178819,1.7561930000000001
2343831166.06218,0.799523
2343831170.782507,4.671723
2343831172.398173,1.556186
2343831180.486075,8.044101999999999
2343831185.4726944,4.947652000000001
2343831192.784236,7.282024
2343831197.948068,5.127216000000001
2343831198.4591227,0.471354
2343831199.807435,1.303023
2343831200.650746,0.791428
2343831202.090919,1.321183
2343831214.116796,11.973676000000001
2343831224.238806,10.070227
2343831225.52429,1.240387
2343831227.87352,2.2755140000000003
2343831238.838759,10.907841
2343831252.932348,14.025029
2343831263.3608003,10.344356000000001
2343831265.396446,1.9675360000000002
2343831269.010229,3.56018
2343831276.293687,7.212068
2343831282.4670997,6.119595
2343831284.3981833,1.8705720000000001
2343831286.284235,1.836257
2343831295.440313,9.103961
2343831298.358452,2.839541
2343831300.41458,2.006776
2343831315.161147,14.696011
2343831324.597352,9.390619
2343831325.206837,0.5599770000000001
2343831335.182019,9.897097
2343831337.584115,2.346229
2343831340.162085,2.526799
2343831342.294569,2.07076
2343831344.1127152,1.7549
2343831346.026862,1.8159610000000002
2343831347.5845156,1.494603
2343831349.977819,2.346215
2343831351.650795,1.622617
2343831359.245813,7.54983
2343831364.1081743,4.830817000000001
2343831366.451898,2.307718
2343831370.406195,3.912121
2343831383.611408,13.12885
2343831385.242641,1.571722
2343831397.105035,11.783602
2343831408.989646,11.829563
2343831421.448732,12.379468
2343831421.7173142,0.241625
2343831424.691872,2.9425839999999996
2343831425.254546,0.5253690000000001
2343831428.252996,2.958397
2343831432.291063,4.00086
2343831442.71653,10.392478
2343831443.641252,0.877488
2343831449.173254,5.488773
2343831452.650126,3.434539
2343831453.7920003,1.093799
2343831456.6818523,2.841002
2343831462.075862,5.352796
2343831470.170069,8.057806000000001
2343831472.080181,1.8618949999999999
2343831478.713823,6.46533
2343831480.496056,1.738948
2343831486.270078,5.7246
2343831488.13024,1.81096
2343831494.949624,6.758218
2343831499.039527,4.0522029999999996
2343831506.381671,7.297039
2343831507.599426,1.178
2343831514.486234,6.845414
2343831522.891183,8.345928
2343831524.548069,1.61455
2343831525.363271,0.777649
2343831532.772249,7.359507000000001
2343831533.78133,0.952705
2343831535.926334,2.089118
2343831544.2117977,8.242915
2343831545.959448,1.71217
2343831555.3683,9.368269
2343831563.330115,7.923319
2343831565.785016,2.4144330000000003
2343831574.531816,8.675454
2343831581.8401537,7.243125
2343831590.639741,8.729842
2343831592.037749,1.36487
2343831599.2690477,7.180319999999999
2343831599.7301803,0.41723
2343831608.294745,8.517046
2343831609.478045,1.143648
2343831614.197885,4.662947
2343831615.5588336,1.327113
2343831616.781794,1.1804109999999999
2343831623.199108,6.3729260000000005
2343831630.063496,6.809222
2343831636.657468,6.555708
2343831637.580416,0.888322
2343831639.020129,1.37654
2343831644.270259,5.192232
2343831653.552352,9.234456999999999
2343831654.6106277,1.024755
2343831659.368297,4.718315
2343831667.1320357,7.716226
2343831673.994225,6.796380999999999
2343831674.886588,0.836483
2343831676.474761,1.505671
2343831680.595469,4.069466
2343831687.6244507,6.949178
2343831689.287722,1.626454
2343831700.460972,11.131703
2343831703.377674,2.8685970000000003
2343831704.140239,0.7222729999999999
2343831711.8486834,7.663575
2343831713.21994,1.332595
2343831714.746575,1.458092
2343831716.408385,1.617066
2343831717.5123396,1.0667
2343831718.369957,0.8230740000000001
2343831724.900675,6.454401
2343831733.466045,8.522994
2343831736.914638,3.410469
2343831740.110313,3.159021
2343831748.9728646,8.827271
2343831753.6372843,4.608306000000001
2343831757.2119904,3.522988
2343831758.4729033,1.202627
2343831760.126674,1.582016
2343831767.757582,7.57548
2343831770.8989654,3.0664849999999997
2343831771.284962,0.35124
2343831772.507954,1.166744
2343831780.200636,7.642352
2343831788.507023,8.267197000000001
2343831789.590851,1.0173109999999999
2343831790.463512,0.82638
2343831798.765819,8.256942
2343831799.86584,1.0588469999999999
2343831800.647321,0.723676
2343831809.115568,8.403043
2343831809.619079,0.467893
2343831819.9911017,10.331976999999998
2343831827.72018,7.662988
2343831835.83674,8.073106
2343831845.080083,9.199871
2343831846.531866,1.391041
2343831847.839393,1.2425599999999999
2343831849.068945,1.159129
2343831850.379767,1.257651
2343831855.992037,5.561654
2343831857.432939,1.395546
2343831858.497295,1.027282
2343831859.119333,0.5893060000000001
2343831860.378786,1.217095
2343831860.918824,0.49683599999999994
2343831866.502129,5.549349
2343831868.090625,1.5538539999999998
2343831869.902568,1.758723
2343831870.540963,0.593178
2343831871.601129,1.0067030000000001
2343831880.612689,8.972033000000001
2343831882.580605,1.921392
2343831887.173472,4.548364
2343831893.9462647,6.718322
2343831895.032221,1.027589
2343831896.652803,1.566645
2343831898.448387,1.746961
2343831899.0792713,0.574445
2343831900.290787,1.144101
2343831904.633801,4.278059
2343831912.221388,7.543398
2343831913.954698,1.636043
2343831921.107871,7.1116
2343831927.236544,6.100016
2343831935.619678,8.301766
2343831937.804196,2.132142
2343831939.56164,1.709859
2343831944.8325377,5.229852999999999
2343831946.117205,1.226466
2343831947.44391,1.273528
2343831956.55336,9.058151
2343831970.144545,13.550979
2343831973.060329,2.831168
2343831973.46973,0.347319
2343831976.746213,3.234093
2343831977.410577,0.614171
2343831982.860714,5.338697
2343831985.012877,2.0965409999999998
2343831998.876933,13.813302
2343831999.94841,1.020297
2343832006.698556,6.678928
2343832025.597643,18.800544
2343832040.1927958,14.533097
2343832041.499872,1.219792
2343832045.000114,3.432699
2343832049.552372,4.4563299999999995
2343832050.196766,0.561706
2343832053.3378267,3.076985
2343832055.973981,2.60568
2343832075.727948,19.685540000000003
2343832076.5125866,0.7416039999999999
2343832077.47709,0.9291510000000001
2343832079.9853253,2.464615
2343832086.452703,6.406546
2343832094.176812,7.692204
2343832095.378795,1.146974
2343832097.231378,1.787979
2343832098.347993,1.04491
2343832105.821296,7.433084
2343832110.746348,4.8781229999999995
2343832111.991582,1.19534
2343832115.820192,3.7640719999999996
2343832122.943985,7.085617
2343832130.24432,7.2584930000000005
2343832131.8287473,1.5446920000000002
2343832141.3920846,9.505471
2343832142.766368,1.32643
2343832143.692692,0.885266
2343832145.538273,1.8023069999999999
2343832146.0654783,0.483839
2343832153.8332005,7.727161
2343832154.313085,0.44238099999999997
2343832159.191592,4.8371960000000005
2343832160.3194017,1.091475
2343832168.5662513,8.177759
2343832169.7583013,1.14131
2343832175.36177,5.533416
2343832180.384747,4.989522
2343832181.121186,0.7004999999999999
2343832182.157753,0.9962440000000001
2343832190.262807,8.060459000000002
2343832191.41863,1.116719
2343832196.461967,4.9976389999999995
2343832197.4833694,0.993176
2343832199.1058717,1.588919
2343832203.255983,4.08623
2343832209.390123,6.107011
2343832217.771741,8.334703000000001
2343832223.164506,5.340447
2343832232.319774,9.109781000000002
2343832234.15993,1.8119500000000002
2343832235.0916767,0.9003639999999999
2343832236.071769,0.948976
2343832236.858441,0.756944
2343832238.440886,1.551375
2343832239.17019,0.698209
2343832240.0840626,0.884605
2343832246.467721,6.326783
2343832252.893408,6.383035
2343832254.301554,1.3706040000000002
2343832255.9235964,1.564119
2343832257.361006,1.387662
2343832267.109191,9.678925
2343832270.711743,3.5626569999999997
2343832278.39552,7.620863
2343832280.463388,2.025978
2343832282.2044997,1.681979
2343832283.397092,1.1218720000000002
2343832284.422173,0.988584
2343832288.877528,4.410443
2343832291.8404837,2.906976
2343832292.1905107,0.325122
2343832294.8640738,2.637288
2343832295.569219,0.680175
2343832296.117446,0.520174
2343832299.2744007,3.127755
2343832301.757351,2.443933
