2343816284.080654,1.2279840000000002
2343816290.530785,6.370235999999999
2343816292.0268307,1.451144
2343816296.3989253,4.308459
2343816302.529091,6.064360000000001
2343816304.1077123,1.529552
2343816310.637145,6.386412
2343816316.638904,5.955394999999999
2343816324.803822,8.088885000000001
2343816326.758314,1.9231129999999999
2343816335.3200803,8.514349
2343816339.85228,4.49747
2343816340.579174,0.687317
2343816341.869268,1.2492670000000001
2343816343.247918,1.340579
2343816350.153854,6.657018
2343816358.7865663,8.592038
2343816360.8346663,2.008092
2343816369.669397,8.780441
2343816370.895977,1.1671749999999999
2343816378.46293,7.528534
2343816379.547034,1.010654
2343816387.6883283,8.073395000000001
2343816393.719069,5.957393
2343816399.878597,6.108202
2343816404.1278687,4.215878999999999
2343816405.227284,1.052696
2343816411.675422,6.3993899999999995
2343816415.608017,3.891674
2343816424.232336,8.348115
2343816432.883922,8.610401
2343816438.8561177,5.922205
2343816440.5617037,1.659027
2343816441.984315,1.342867
2343816445.159101,3.138058
2343816451.255981,6.049573
2343816452.198081,0.904959
2343816453.57558,1.336472
2343816460.196016,6.565869999999999
2343816461.7889013,1.409178
2343816463.2554817,1.167669
2343816469.374144,6.063478
2343816476.208544,6.79424
2343816477.5112553,1.2706359999999999
2343816479.3958187,1.830658
2343816487.651275,8.218604
2343816495.313603,7.631013
2343816503.017469,7.663301
2343816503.931412,0.863807
2343816505.1816974,1.203797
2343816508.733428,3.504944
2343816510.4500103,1.686231
2343816511.982433,1.491768
2343816513.213274,1.159466
2343816518.054042,4.808146
2343816518.7970843,0.7147899999999999
2343816520.032543,1.165388
2343816522.027314,1.898743
2343816523.219447,1.151992
2343816524.187543,0.926238
2343816533.18804,8.959258
2343816538.033256,4.799797
2343816539.8903027,1.7865229999999999
2343816546.1424685,6.191137
2343816547.064803,0.8528239999999999
2343816547.455309,0.36043000000000003
2343816552.060844,4.518674000000001
2343816553.250041,1.131293
2343816559.629654,6.339079
2343816560.676971,1.00931
2343816566.2058673,5.493279
2343816567.411276,1.1616440000000001
2343816568.688014,1.2352260000000002
2343816569.6019487,0.878062
2343816571.023604,1.3871149999999999
2343816572.760798,1.701595
2343816579.575158,6.7490049999999995
2343816580.70701,1.0958890000000001
2343816587.468141,6.707664
2343816590.87081,3.3697850000000003
2343816595.968683,5.052645
2343816602.990353,6.928889
2343816604.776088,1.74073
2343816606.7623973,1.405512
2343816608.588396,1.719733
2343816609.302665,0.677806
2343816615.411745,6.068499
2343816621.807808,6.3662600000000005
2343816623.546411,1.704211
2343816625.0365863,1.4492280000000002
2343816631.784119,6.706214999999999
2343816637.566,5.616337
2343816639.2061143,1.6015700000000002
2343816647.721778,8.299351
2343816654.502542,6.715568
2343816655.039748,0.5064829999999999
2343816662.2986107,7.174278
2343816669.962258,7.612085
2343816676.6803017,6.552255
2343816682.477381,5.741272
2343816688.318776,5.810145
2343816689.039749,0.6796989999999999
2343816689.89023,0.812591
2343816691.421937,1.4934049999999999
2343816698.96143,7.505139
2343816700.268332,1.253554
2343816702.032263,1.698808
2343816703.7825537,1.6168580000000001
2343816705.679349,1.840319
2343816710.798997,5.045694
2343816716.8293843,5.994457
2343816720.950233,4.090492
2343816727.059472,6.083555
2343816728.357198,1.2548469999999998
2343816729.4957714,0.9954799999999999
2343816730.486446,0.927808
2343816738.4189644,7.880622000000001
2343816744.808892,6.351594
2343816745.878405,1.033072
2343816748.144793,2.205302
2343816749.932985,1.7464570000000001
2343816750.903091,0.928079
2343816756.034474,4.979026999999999
2343816757.947287,1.86324
2343816759.131793,1.125886
2343816760.352077,1.037494
2343816765.097185,4.712011
2343816766.590057,1.4492420000000001
2343816767.493573,0.870857
2343816768.6927648,1.152033
2343816774.219497,5.492821999999999
2343816774.931396,0.659251
2343816776.3582964,1.389952
2343816777.739725,1.342413
2343816779.201354,1.4246400000000001
2343816784.1379976,4.884475
2343816785.3831787,1.1780950000000001
2343816786.812603,1.3770419999999999
2343816792.4909697,5.639774999999999
2343816793.0680532,0.49762700000000004
2343816795.241044,2.1375930000000003
2343816803.0652947,7.779837000000001
2343816804.347102,1.235722
2343816805.4730964,1.0838510000000001
2343816806.450524,0.937755
2343816807.777882,1.2900909999999999
2343816808.991886,1.074497
2343816810.574604,1.54028
2343816815.388587,4.76466
2343816816.60696,1.1788969999999999
2343816823.550956,6.91238
2343816824.6622343,1.085518
2343816826.3193393,1.62647
2343816830.04732,3.681166
2343816831.8621216,1.7677999999999998
2343816837.13193,5.230614
2343816837.917995,0.752223
2343816841.9430966,3.984538
2343816843.6036973,1.61566
2343816848.996832,5.356439999999999
2343816854.050356,5.018853
2343816855.0781307,0.994866
2343816858.883478,3.76858
2343816866.589685,7.668584
2343816867.474269,0.823405
2343816876.119891,8.557982
2343816879.695909,3.542701
2343816880.427526,0.696854
2343816884.407032,3.911813
2343816891.376391,6.9201369999999995
2343816898.273061,6.86604
2343816899.117407,0.815554
2343816901.198749,1.981736
2343816903.121965,1.8096349999999999
2343816906.552146,3.3943749999999997
2343816907.849742,1.254842
2343816913.8065877,5.923232
2343816915.9977922,1.563135
2343816916.929705,0.863677
2343816917.8874598,0.909023
2343816918.89866,0.968655
2343816919.573593,0.624951
2343816926.4016843,6.77706
2343816927.589472,1.150471
2343816935.37118,7.7435469999999995
2343816939.017599,3.6199510000000004
2343816939.925988,0.859044
2343816940.9347873,0.971904
2343816942.517507,1.542124
2343816944.5479836,1.958474
2343816946.056499,1.4633129999999999
2343816952.386796,6.273837
2343816953.436375,0.988931
2343816954.836451,1.3665960000000001
2343816955.898348,1.030834
2343816957.2846437,1.354445
2343816958.167177,0.851163
2343816959.350092,1.146023
2343816960.242289,0.86085
2343816966.098329,5.813617
2343816973.960821,7.753566
2343816974.982028,0.972667
2343816977.7228346,2.7025080000000004
2343816979.072588,1.309166
2343816985.964814,6.850277999999999
2343816993.8606367,7.844174000000001
2343816994.879155,0.9660759999999999
2343816995.772146,0.856047
2343817002.260332,6.449672
2343817008.1188407,5.803166999999999
2343817009.277763,1.105895
2343817016.895966,7.576546
2343817021.870669,4.933567
2343817022.884973,0.976087
2343817028.061131,5.140858
2343817036.422028,8.321647
2343817043.935073,7.440740000000001
2343817045.028847,1.054139
2343817052.070308,7.0028440000000005
2343817060.038776,7.938967
2343817067.6290402,7.5481430000000005
2343817073.522647,5.826493999999999
2343817079.2331457,5.624084
2343817090.063287,10.715562
2343817092.198706,2.009049
2343817092.965901,0.708554
2343817094.2867293,1.259525
2343817095.29004,0.911578
2343817096.439773,1.1073929999999998
2343817098.545527,1.4657959999999999
2343817103.356922,4.739239
2343817104.207314,0.821374
2343817105.599668,1.3580160000000001
2343817106.9153624,1.271777
2343817112.8901978,5.944361
2343817114.1702433,1.254065
2343817115.046966,0.8453510000000001
2343817115.59128,0.49818599999999996
2343817115.920128,0.287318
2343817119.884397,3.898084
2343817121.426305,1.501872
2343817122.182803,0.710743
2343817123.16205,0.939467
2343817127.09083,3.894087
2343817128.110468,0.979681
2343817129.97003,1.82348
2343817130.7722626,0.702645
2343817131.7981796,0.993746
2343817136.304818,4.475869
2343817145.078417,8.733773
2343817146.4453278,1.3199859999999999
2343817153.6294937,6.85823
2343817154.521014,0.859428
2343817155.890002,1.3341340000000002
2343817157.1041813,1.077666
2343817165.210567,8.064463
2343817171.7079988,6.415426
2343817179.0594807,7.267331
2343817186.483514,6.871997
2343817187.743992,1.222932
2343817192.783688,5.005801
2343817202.697556,9.885023
2343817205.937087,3.1907609999999997
2343817207.050705,1.075533
2343817208.8264904,1.7023240000000002
2343817214.6435337,5.769769999999999
2343817222.366384,7.686855
2343817228.45781,6.041902
2343817235.024982,6.5035359999999995
2343817236.365085,1.301259
2343817237.711703,1.266471
2343817238.888588,1.11166
2343817245.7936664,6.837571
2343817246.686733,0.835598
2343817247.68794,0.959677
2343817252.960625,5.241607
2343817254.415162,1.414514
2343817259.706669,5.254567
2343817266.9434857,7.189032
2343817267.7461343,0.7594350000000001
2343817276.3709273,8.588025
2343817278.134171,1.704693
2343817279.4328413,1.262597
2343817284.908174,5.418753
2343817285.603162,0.642475
2343817292.8028817,7.147907999999999
2343817293.1203017,0.270974
2343817294.209708,1.0443360000000002
2343817295.521109,1.2732539999999999
2343817299.633587,3.986389
2343817305.4541087,5.791612
2343817312.030389,6.542506
2343817321.021616,8.943336
2343817322.498185,1.430298
2343817323.9536986,1.414442
2343817325.2928534,1.251414
2343817331.493753,6.142633
2343817340.459148,8.923413
2343817349.527656,8.872839
2343817350.862091,1.279746
2343817352.0715737,1.175592
2343817352.553527,0.44448000000000004
2343817358.6279078,6.030660999999999
2343817360.5742083,1.904403
2343817360.9488063,0.334639
2343817361.9516964,0.950746
2343817363.140733,1.14298
2343817366.625342,3.4254390000000003
2343817376.113659,9.463417
2343817380.3948517,4.254734
2343817387.327024,6.897173
2343817394.854664,7.491974
2343817396.1934543,1.2924099999999998
2343817403.214435,6.9658869999999995
2343817404.363182,1.082877
2343817405.207179,0.7999879999999999
2343817409.600805,4.311046
2343817416.4012113,6.768266000000001
2343817417.492323,1.021117
2343817418.33048,0.791569
2343817419.101501,0.736923
2343817420.085246,0.924596
2343817421.185155,1.06161
2343817422.278703,1.058346
2343817424.078816,1.754958
2343817424.786427,0.655345
2343817426.073013,1.2442600000000001
2343817427.498078,1.378965
2343817428.2585096,0.726896
2343817428.934311,0.633428
2343817436.435872,7.454427
2343817442.567226,6.095308
2343817443.5062294,0.902162
2343817449.1203756,5.572942
2343817450.3094454,1.155982
2343817451.705942,1.324279
2343817460.4457684,8.671089
2343817464.756357,4.260263
2343817466.030506,1.245555
2343817467.445573,1.346778
2343817468.650393,1.161651
2343817469.4251547,0.7288789999999999
2343817470.9263186,1.45614
2343817477.488256,6.525259
2343817478.493381,0.9458300000000001
2343817479.375747,0.843108
2343817485.776226,6.344518000000001
2343817490.779285,4.966044
2343817492.390389,1.559869
2343817497.784172,5.340068
2343817499.229132,1.4033229999999999
2343817501.4306574,2.146944
2343817508.3317823,6.847257
2343817512.366437,3.967491
2343817513.270619,0.8678400000000001
2343817521.357738,8.027136
2343817522.7251143,1.332355
2343817528.7679663,6.006743
2343817535.0850167,6.270352
2343817540.274518,5.149851000000001
2343817541.1978498,0.869101
2343817543.1596713,1.8961189999999999
2343817552.0292983,8.781104
2343817553.06885,1.0020310000000001
2343817554.1853743,1.0628650000000002
2343817555.417407,1.200429
2343817556.524064,1.076649
2343817563.087287,6.530578
2343817564.106535,0.9853710000000001
2343817571.0109344,6.8677019999999995
2343817573.930009,2.864934
2343817576.4987082,2.52763
2343817577.5997787,1.0634780000000001
2343817578.77603,1.137018
2343817583.444689,4.615153
2343817584.596791,1.118048
2343817585.950158,1.313553
2343817587.801121,1.802585
2343817588.278581,0.444303
2343817589.472619,1.1467829999999999
2343817590.458972,0.9516079999999999
2343817591.826652,1.3314
2343817596.6598577,4.79116
2343817597.266216,0.5752799999999999
2343817600.358637,3.0604899999999997
2343817601.31383,0.918202
2343817601.730183,0.370461
2343817609.51833,7.7247069999999995
2343817610.803565,1.25278
2343817612.317292,1.460479
2343817613.733345,1.341251
2343817618.950863,5.172937
2343817620.962639,1.9781780000000002
2343817622.388416,1.386415
2343817623.4491577,1.024718
2343817624.412934,0.922548
2343817630.649964,6.186744999999999
2343817631.488698,0.806787
2343817638.963272,7.430779
2343817647.7313566,8.728498
2343817655.210198,7.435712
2343817655.590093,0.322475
2343817662.408246,6.778338
2343817663.325815,0.691883
2343817670.637924,7.225065
2343817675.217998,4.544924
2343817676.214742,0.969194
2343817678.272183,1.9583579999999998
2343817679.421985,1.102928
2343817680.447313,0.9606089999999999
2343817681.7828727,1.27176
2343817686.986968,5.171383
2343817688.344093,1.3282509999999998
2343817694.513885,6.133832
2343817695.768393,1.2204659999999998
2343817703.6841216,7.8700019999999995
2343817707.5257974,3.793448
2343817708.499052,0.928423
2343817709.934718,1.360899
2343817710.625156,0.560702
2343817719.0392303,8.374612
2343817724.891307,5.8125599999999995
2343817732.6374154,7.714282
2343817734.400972,1.712652
2343817735.290592,0.833697
2343817744.1506886,8.773535
2343817750.293974,6.105929000000001
2343817751.649194,1.320946
2343817752.9471817,1.229974
2343817754.374819,1.373584
2343817760.089142,5.661460999999999
2343817768.814435,8.67332
2343817774.8095107,5.9543360000000005
2343817775.370843,0.5111300000000001
2343817776.3469,0.934895
2343817781.9788017,5.58553
2343817783.362124,1.346291
2343817784.8927927,1.487349
2343817789.888545,4.942794
2343817796.856005,6.8548
2343817798.250875,1.3602480000000001
2343817804.941453,6.648205
2343817805.930836,0.953263
2343817811.120844,5.141941
2343817816.441354,5.270853
2343817817.512027,1.023925
2343817818.844326,1.252195
2343817820.095099,1.207744
2343817821.2365594,1.097502
2343817822.282163,0.9899380000000001
2343817829.163118,6.83472
2343817833.589897,4.390578
2343817839.607128,5.988881
2343817840.7310133,1.084228
2343817841.3443317,0.55577
2343817844.494203,3.115307
2343817851.735691,7.210368
2343817857.326367,5.556659000000001
2343817858.189711,0.8226
2343817859.74906,1.515555
2343817860.6697226,0.852346
2343817861.290182,0.570407
2343817866.746046,5.405484
2343817868.126913,1.31426
2343817868.883792,0.715568
2343817869.662106,0.740248
2343817870.8201942,1.1099
2343817874.2966123,3.4366190000000003
2343817878.4483743,4.114681999999999
2343817896.8186707,18.32491
2343817902.832335,5.937373999999999
2343817903.820626,0.939506
2343817904.8843813,0.992229
2343817906.175217,1.224955
2343817910.4992537,4.269971
2343817911.558907,0.994614
2343817912.513249,0.909163
2343817916.541552,3.96259
2343817916.879091,0.30996
2343817919.3774447,2.466293
2343817919.835685,0.431614
2343817920.108597,0.23717899999999997
2343817929.951714,9.809465999999999
2343817936.756277,6.766745
2343817937.943691,1.146384
2343817940.129578,2.0564590000000003
2343817944.904682,4.725472
2343817946.2646914,1.320732
2343817947.917657,1.5823639999999999
2343817949.723907,1.64793
2343817957.015709,7.231434
2343817958.351448,1.2933000000000001
2343817969.484449,11.099551
2343817973.838101,4.326223
2343817974.172283,0.29739000000000004
2343817974.952658,0.735895
2343817977.953828,2.958481
2343817979.911284,1.920662
2343817980.627503,0.6627879999999999
2343817980.961571,0.292562
2343817983.0801787,2.053502
2343817984.34644,1.2179389999999999
2343818031.929586,47.533085
2343818065.184021,33.148346000000004
2343818067.501616,2.240389
2343818081.269819,13.697572
2343818138.820738,57.509817999999996
2343818149.045521,10.144603
2343818154.041549,4.908058
2343818172.3512473,18.24203
2343818174.069065,1.633877
2343818176.238886,2.0764590000000003
2343818178.137491,1.8132549999999998
2343818179.7440543,1.4719200000000001
2343818180.880563,1.071838
2343818185.5288644,4.561268999999999
2343818209.191146,23.631625
2343818210.40352,1.155749
2343818213.6446133,3.1957359999999997
2343818226.171034,12.469015
2343818227.549005,1.3342
2343818232.545353,4.92948
2343818237.762168,5.1635
2343818244.76117,6.9627810000000006
2343818268.20732,23.409144
2343818271.637333,3.357278
2343818276.3580523,4.661485
2343818279.988711,3.577719
2343818280.495997,0.458593
2343818283.2693543,2.7308060000000003
2343818284.802334,1.507409
2343818285.247129,0.416561
2343818306.380474,21.102144
2343818307.578503,1.142028
2343818316.906548,9.280968000000001
2343818325.447504,8.465179
2343818331.49234,6.015839000000001
2343818334.41618,2.886965
2343818337.047081,2.569398
2343818344.292169,7.200938
2343818346.132087,1.7651649999999999
2343818346.99153,0.804746
2343818358.16547,11.131179999999999
2343818367.54151,9.330499000000001
2343818380.367593,12.749422
2343818392.042336,11.634702
2343818398.9691153,6.872851
2343818401.090188,2.064504
2343818412.860154,11.726801
2343818420.45808,7.511505
2343818422.856645,2.366282
2343818430.575427,7.679359
2343818437.9282694,7.299378
2343818451.27849,13.298683
2343818462.102009,10.763125
2343818471.464152,9.316526
2343818473.778015,2.267792
2343818474.1637573,0.335498
2343818476.33073,2.078771
2343818487.541028,11.157633
2343818489.516783,1.9290729999999998
2343818491.060189,1.484115
2343818492.6789517,1.5726930000000001
2343818497.886845,5.163272
2343818499.074646,1.131775
2343818510.21407,11.092767
2343818516.909618,6.66201
2343818517.529908,0.577082
2343818520.287444,2.7020199999999996
2343818522.877798,2.5590550000000003
2343818524.494963,1.55625
2343818535.3836746,10.829699
2343818547.819769,12.396916
2343818550.268435,2.3917289999999998
2343818558.435987,8.088384000000001
2343818560.947808,2.4709659999999998
2343818574.737381,13.725368
2343818581.254403,6.379041
2343818589.972109,8.644727
2343818594.5060167,4.449609000000001
2343818612.9987936,18.44774
2343818616.7177067,3.655398
2343818619.74864,2.977192
2343818624.04792,4.259513
2343818625.992829,1.880666
2343818626.5550723,0.5233990000000001
2343818646.8072248,20.210843999999998
2343818650.255097,3.412011
2343818664.958429,14.646335
2343818665.339183,0.333314
2343818666.044854,0.6602020000000001
2343818666.646937,0.545721
2343818670.0781727,3.388544
2343818673.8536267,3.710239
2343818694.783136,20.885299
2343818696.37244,1.4761520000000001
2343818710.670921,14.180007
2343818712.628086,1.913732
2343818720.573361,7.859770999999999
2343818721.808239,1.173698
2343818728.8860974,7.0307010000000005
2343818736.4894214,7.561693
2343818737.865698,1.31108
2343818738.928051,0.9955789999999999
2343818741.3319297,2.359904
2343818745.816078,4.439533
2343818755.175233,9.308056
2343818756.571183,1.3458910000000002
2343818757.775215,1.15426
2343818758.7228127,0.90308
2343818759.635667,0.870815
2343818765.090027,5.409374
2343818765.787624,0.638449
2343818766.6726646,0.8426440000000001
2343818774.8342676,8.107872
2343818776.304534,1.441754
2343818777.234023,0.8943519999999999
2343818782.000718,4.722614
2343818785.522838,3.457525
2343818787.976123,2.4153059999999997
2343818789.9266458,1.836913
2343818790.59587,0.623498
2343818791.7744637,1.1398890000000002
2343818799.429218,7.594545
2343818806.0917387,6.625871
2343818813.141602,7.000278000000001
2343818820.558366,7.381184
2343818821.26946,0.6362209999999999
2343818823.7472463,2.426409
2343818825.819659,2.016388
2343818833.7856402,7.911467
2343818835.282754,1.461581
2343818835.774011,0.453985
2343818837.819726,2.009174
2343818844.322582,6.4405280000000005
2343818845.282704,0.92205
2343818851.2214293,5.897725
2343818851.685062,0.419497
2343818861.468217,9.732223999999999
2343818862.001875,0.497754
2343818862.717362,0.673839
2343818863.766773,1.006872
2343818865.687307,1.8668230000000001
2343818874.1721888,8.440817999999998
2343818874.9655027,0.746973
2343818887.096863,12.041572
2343818890.792521,3.6574440000000004
2343818892.781952,1.9303409999999999
2343818894.8028407,1.972681
2343818896.688465,1.8416050000000002
2343818904.9119697,8.157859
2343818911.135974,6.174601
2343818914.902543,3.708857
2343818918.117207,3.150241
2343818926.3841877,8.225935
2343818929.627129,3.20273
2343818931.248791,1.591789
2343818935.2609477,3.9798389999999997
2343818939.076185,3.7753550000000002
2343818939.7357163,0.5455030000000001
2343818945.305467,5.483727
2343818947.273428,1.9189770000000002
2343818955.3539243,8.024451000000001
2343818962.211943,6.822057
2343818970.038278,7.71846
2343818970.817707,0.743868
2343818977.4583497,6.5985000000000005
2343818985.4540253,7.959182
2343818991.2921896,5.802313
2343818992.384987,1.049555
2343818999.276822,6.853338
2343819000.337496,1.030231
2343819007.077723,6.692175
2343819015.028088,7.897892
2343819015.317695,0.257075
2343819016.877636,1.52102
2343819017.6742597,0.755731
2343819019.075838,1.364021
2343819020.485937,1.313423
2343819023.934874,3.3953830000000003
2343819025.071154,1.087426
2343819026.384282,1.271927
2343819033.666144,7.243437999999999
2343819040.927062,7.224644
2343819049.889086,8.89775
2343819051.096242,1.160903
2343819058.972247,7.823659999999999
2343819059.633869,0.601795
2343819068.924908,9.230322
2343819070.989195,2.0310829999999997
2343819074.767022,3.724116
2343819081.617845,6.824108
2343819090.2707896,8.584167
2343819091.2995033,0.9897739999999999
2343819092.9055347,1.548348
2343819102.850711,9.86128
2343819104.408286,1.5221550000000001
2343819105.1154656,0.659181
2343819112.818181,7.6521799999999995
2343819114.334031,1.47973
2343819120.2312,5.855619
2343819125.702995,5.432812
2343819127.3642063,1.617173
2343819136.113431,8.714456
2343819145.7101784,9.543273
2343819146.68073,0.8902450000000001
2343819151.352306,4.627088
2343819161.611461,10.220683
2343819162.797523,1.147817
2343819170.815362,7.951552
2343819177.883085,7.033092
2343819179.037582,1.122245
2343819185.7961493,6.716706
2343819186.951839,1.102249
2343819194.303751,7.308901
2343819200.098145,5.75613
2343819205.7537103,5.602536
2343819213.4075203,7.568423
2343819214.9280667,1.4691260000000002
2343819216.781142,1.805734
2343819223.232997,6.382437
2343819229.374859,6.10377
2343819230.520211,1.113495
2343819242.288024,11.730324
2343819248.2545676,5.928186999999999
2343819249.304657,0.9957889999999999
2343819250.299105,0.942426
2343819250.8173,0.479688
2343819252.4451513,1.5820020000000001
2343819259.765591,7.262486
2343819265.633383,5.828316
2343819272.114964,6.443103000000001
2343819279.669117,7.502228
2343819287.560564,7.851552
2343819294.959839,7.3407860000000005
2343819296.734371,1.7143659999999998
2343819302.063203,5.263216
2343819303.998981,1.898494
2343819312.718919,8.65102
2343819314.542271,1.776234
2343819320.533197,5.951489
2343819321.886972,1.308968
2343819323.510142,1.583774
2343819326.310654,2.764418
2343819332.9684467,6.628657
2343819341.2802978,8.277608
2343819346.627075,5.308966
2343819347.9500313,1.2722980000000002
2343819354.009754,5.983632
2343819360.652739,6.5908240000000005
2343819365.873475,5.173901
2343819374.0928073,8.180742
2343819379.992437,5.863848
2343819381.08888,1.009984
2343819387.618435,6.47255
2343819393.9205494,6.241562
2343819402.103757,8.132911
2343819402.960549,0.820951
2343819404.417517,1.420874
2343819410.827976,6.373287
2343819411.496541,0.611678
2343819412.4384813,0.90308
2343819414.094473,1.613986
2343819415.4063554,1.229415
2343819416.2755947,0.808349
2343819418.074227,1.731079
2343819424.116663,5.9576009999999995
2343819425.35765,1.2096019999999998
2343819427.2476892,1.775392
2343819432.7077713,5.420910999999999
2343819433.55459,0.8160780000000001
2343819446.691905,13.105217000000001
2343819456.7163906,9.966772
2343819457.5465813,0.797373
2343819458.169808,0.587993
2343819463.21896,5.013934
2343819464.667688,1.401764
2343819465.521155,0.816669
2343819466.343488,0.785268
2343819474.743608,8.353195000000001
2343819477.704147,2.9221429999999997
2343819482.198221,4.455938000000001
2343819488.1094637,5.871523
2343819489.008911,0.8622989999999999
2343819496.8210354,7.770677
2343819501.5227,4.6617500000000005
2343819503.3194504,1.760888
2343819508.9879346,5.6198369999999995
2343819509.9759016,0.941409
2343819515.600424,5.57636
2343819516.991819,1.3547539999999998
2343819518.170805,1.138788
2343819522.977229,4.764367
2343819530.153265,7.140808
2343819537.276431,7.084881
2343819543.13011,5.80053
2343819544.722823,1.469876
2343819545.717755,0.9608009999999999
2343819551.400678,5.650309
2343819552.571727,1.130967
2343819553.4931912,0.884213
2343819558.646739,5.113217
2343819565.312074,6.615189
2343819566.213891,0.858443
2343819571.2542257,4.960076
2343819572.167254,0.876521
2343819573.670312,1.4321
2343819574.869908,1.146984
2343819576.081559,1.156358
2343819581.692542,5.5561229999999995
2343819586.4761953,4.7518400000000005
2343819595.5679717,9.052878
2343819610.0293484,14.430741000000001
2343819615.538913,5.471407
2343819616.5674,0.974858
2343819617.546726,0.9318240000000001
2343819618.407919,0.8179529999999999
2343819628.798787,10.345062
2343819632.8538966,4.00333
2343819633.6496162,0.696411
2343819634.363736,0.650941
2343819634.89769,0.492023
2343819636.6908593,1.74654
2343819642.7648387,6.021626
2343819646.492187,3.674319
2343819650.272017,3.751147
2343819654.117222,3.799891
2343819658.069619,3.8937559999999998
2343819666.051751,7.941536000000001
2343819667.090388,0.95343
2343819672.9824867,5.85922
2343819674.390432,1.349748
2343819677.875319,3.446141
2343819682.3988657,4.495773
2343819683.2272873,0.7926749999999999
2343819684.153345,0.893543
2343819684.993482,0.8012199999999999
2343819685.67617,0.617472
2343819690.9127946,5.181784
2343819692.8514333,1.896071
2343819697.130638,4.20733
2343819699.2126436,2.048659
2343819703.238425,3.9894149999999997
2343819710.026706,6.759176
2343819711.901018,1.846076
2343819724.6632032,12.730269
2343819726.214508,1.495841
2343819734.310482,8.057165
2343819741.307868,6.957009
2343819742.933156,1.583887
2343819751.378066,8.404274
2343819752.5536113,1.11662
2343819753.7100363,1.1039960000000002
2343819760.550595,6.771412
2343819762.08762,1.4791800000000002
2343819763.8120756,1.677322
2343819765.172108,1.3150080000000002
2343819770.665481,5.447221000000001
2343819771.85066,1.146052
2343819772.502461,0.617659
2343819772.909883,0.369114
2343819774.810141,1.866189
2343819775.165359,0.319436
2343819776.503898,1.305979
2343819779.3363013,2.798199
2343819780.240273,0.874175
2343819788.6765347,8.393130000000001
2343819791.1399527,2.379418
2343819792.5681586,1.3869500000000001
2343819793.664556,1.059849
2343819794.611788,0.912312
2343819804.77762,10.129688
2343819810.1885448,5.379568000000001
2343819811.400016,1.162178
2343819817.839963,6.399882
2343819821.262013,3.368318
2343819827.5862856,6.274613
2343819829.297044,1.636687
2343819831.028008,1.669743
2343819840.183776,8.449383
2343819841.566689,1.351201
2343819847.385261,5.787479
2343819854.054989,6.629088
2343819855.0077186,0.918879
2343819861.105601,6.057458
2343819862.802648,1.664571
2343819863.906667,1.070401
2343819869.534736,5.595634
2343819875.642562,6.0656620000000006
2343819881.0734453,5.389821
2343819882.723099,1.503687
2343819890.0960774,7.313516
2343819899.5113263,9.380907
2343819908.928172,9.377267999999999
2343819915.349183,6.375245
2343819922.99619,7.5972729999999995
2343819923.6565347,0.635053
2343819932.870481,9.144205000000001
2343819938.3413053,5.421499
2343819946.1809516,7.800754
2343819947.667105,1.42717
2343819948.725124,1.0160589999999998
2343819956.9535303,8.168343
2343819963.1659613,6.162323
2343819971.7777886,8.539212
2343819977.3812647,5.569521
2343819978.4209046,0.9909560000000001
2343819979.654294,1.182997
2343819982.8981338,3.20676
2343819987.105292,4.175889000000001
2343819993.204416,6.05098
2343820001.1150503,7.839479999999999
2343820002.586216,1.41268
2343820009.604083,6.967231
2343820010.44615,0.790781
2343820010.823329,0.32944799999999996
2343820016.805655,5.937716
2343820020.808267,3.959529
2343820026.0964146,5.25643
2343820033.2925887,7.152543
2343820033.984365,0.652582
2343820035.0125556,0.9891800000000001
2343820036.682941,1.618206
2343820042.7287917,5.995614
2343820043.65511,0.8732679999999999
2343820045.119897,1.418018
2343820046.6603913,1.467253
2343820053.905134,7.199009
2343820059.717309,5.7766340000000005
2343820060.823965,1.057084
2343820062.652546,1.780619
2343820064.466559,1.771604
2343820071.8294864,7.275364000000001
2343820077.0922627,5.195427
2343820083.712655,6.548785
2343820085.673307,1.918979
2343820087.459344,1.736151
2343820095.021174,7.493029
2343820096.577461,1.5138580000000001
2343820097.12267,0.512111
2343820104.219665,7.053071
2343820106.170803,1.902532
2343820107.493325,1.2422030000000002
2343820108.898655,1.3522129999999999
2343820109.3986387,0.45894399999999996
2343820111.0491056,1.5688099999999998
2343820112.490092,1.3877080000000002
2343820114.126882,1.578295
2343820115.435774,1.2746039999999998
2343820116.555888,1.0854409999999999
2343820123.008944,6.405102
2343820129.5355053,6.495709
2343820136.4392314,6.851449
2343820144.338852,7.847949999999999
2343820149.99503,5.615628999999999
2343820151.15133,1.1186099999999999
2343820159.887433,8.673539
2343820161.477265,1.54235
2343820163.4166503,1.885451
2343820170.958876,7.465844
2343820178.680141,7.673669
2343820179.48478,0.767733
2343820180.584517,1.068057
2343820181.7072988,1.088743
2343820182.753507,1.004575
2343820189.086031,6.302729
2343820195.059566,5.925578
2343820196.638503,1.536563
2343820198.3146343,1.6224150000000002
2343820206.506582,8.156622
2343820207.224409,0.680263
2343820209.541439,2.2771890000000004
2343820210.938513,1.3610060000000002
2343820216.3234034,5.338627000000001
2343820221.32342,4.9657670000000005
2343820226.0799894,4.718026999999999
2343820230.873702,4.758616
2343820232.06814,1.142496
2343820239.923597,7.8111999999999995
2343820240.847791,0.886549
2343820241.69898,0.795525
2343820242.4367576,0.695127
2343820254.01987,11.540673
2343820254.985932,0.912316
2343820264.396342,9.351182
2343820266.26187,1.813636
2343820267.014562,0.6243219999999999
2343820269.012132,1.9565649999999999
2343820271.8037868,2.75203
2343820276.676936,4.842693000000001
2343820278.068509,1.357491
2343820279.6250863,1.492278
2343820287.940098,8.262277000000001
2343820292.565309,4.487658000000001
2343820302.683405,10.086131
2343820305.239281,2.5112680000000003
2343820307.3652296,1.692015
2343820308.362524,0.9343090000000001
2343820316.951775,8.544088
2343820323.500115,6.506232
2343820324.8357277,1.3059429999999999
2343820325.4934783,0.6147849999999999
2343820326.758523,1.2316950000000002
2343820327.744163,0.952996
2343820329.2483606,1.4693219999999998
2343820335.614027,6.229021
2343820336.694921,1.01897
2343820342.0257792,5.290845
2343820349.580466,7.519167
2343820355.412758,5.773675
2343820361.0822287,5.612312
2343820361.8164344,0.6761659999999999
2343820362.683681,0.822192
2343820370.809392,8.094868
2343820372.671815,1.830017
2343820373.741044,1.0269759999999999
2343820378.837227,5.058247
2343820383.648076,4.774721
2343820389.64129,5.950555
2343820396.8496037,7.168217
2343820398.046874,1.16642
2343820399.409763,1.305988
2343820400.691742,1.240758
2343820408.8429127,8.074231
2343820414.238156,5.360099
2343820417.285811,2.921884
2343820420.5084934,3.189783
2343820429.813359,9.27539
2343820431.14957,1.28191
2343820435.8470144,4.6498349999999995
2343820436.77088,0.880246
2343820439.744206,2.9367859999999997
2343820441.0805826,1.295925
2343820441.43118,0.302089
2343820444.695352,3.198553
2343820451.721754,6.987140999999999
2343820453.070226,1.309151
2343820458.994931,5.852906
2343820465.701384,6.6719930000000005
2343820471.89624,6.151414
2343820476.914723,4.970043
2343820478.742135,1.744051
2343820480.126136,1.3316789999999998
2343820481.4086843,1.2256310000000001
2343820485.951894,4.485378
2343820493.190985,7.192626
2343820497.83779,4.609634
2343820503.298994,5.422024
2343820504.6364164,1.2898370000000001
2343820505.608836,0.928805
2343820506.9535275,1.272133
2343820509.845222,2.848706
2343820517.489742,7.595771
2343820526.089391,8.572031
2343820528.139802,2.0114199999999998
2343820529.1081777,0.925013
2343820538.598534,9.445682
2343820540.370494,1.687537
2343820541.6701922,1.229621
2343820551.251867,9.481791
2343820559.599157,8.319872
2343820561.6922507,2.061664
2343820571.147368,9.408434999999999
2343820572.36788,1.1821279999999998
2343820583.0341244,10.574764
2343820591.015694,7.92933
2343820591.9800673,0.928508
2343820600.76222,8.732966
2343820602.264062,1.43638
2343820603.259998,0.9404809999999999
2343820609.122998,5.808516
2343820609.713514,0.5596289999999999
2343820615.114664,5.364461
2343820616.6317596,1.483631
2343820617.141595,0.464822
2343820618.4288588,1.2440529999999999
2343820623.999787,5.5126159999999995
2343820630.836553,6.783256
2343820631.827447,0.953517
2343820633.171215,1.2931450000000002
2343820640.173817,6.956556
2343820641.2607093,1.04926
2343820642.718618,1.401921
2343820651.671877,8.900224999999999
2343820652.992867,1.273914
2343820658.029474,4.975407000000001
2343820662.639513,4.568735
2343820664.172821,1.4112790000000002
2343820666.065487,1.713236
2343820666.4891,0.392779
2343820674.208226,7.687921
2343820675.51192,1.266537
2343820680.515917,4.966611
2343820682.275211,1.716546
2343820690.066317,7.751837
2343820697.222982,7.120934
2343820698.769185,1.494167
2343820702.438114,3.60947
2343820703.38223,0.913267
2343820711.350441,7.901428999999999
2343820712.476904,1.09507
2343820717.4065332,4.895596
2343820718.7481637,1.2993620000000001
2343820724.765087,5.982541
2343820726.2325773,1.431781
2343820727.399667,1.126285
2343820728.472384,1.036614
2343820733.5178933,5.00516
2343820738.390267,4.833480000000001
2343820739.2209096,0.7802910000000001
2343820743.8906503,4.628654
2343820744.474928,0.5365460000000001
2343820745.934885,1.401648
2343820751.05641,5.062861
2343820754.340576,3.250277
2343820760.509902,6.132109
2343820761.246829,0.690847
2343820770.962596,9.638098
2343820777.129086,6.13101
2343820778.3211303,1.1541430000000001
2343820779.580909,1.209331
2343820787.425167,7.739167
2343820788.632075,1.123905
2343820791.610136,2.940852
2343820795.077701,3.438548
2343820802.398128,7.262803
2343820809.410601,6.982783
2343820813.792026,4.33422
2343820814.780511,0.9276580000000001
2343820821.247036,6.433872
2343820829.2070937,7.923309999999999
2343820830.471771,1.19085
2343820836.4075327,5.8961380000000005
2343820843.1234107,6.680167
2343820844.7842484,1.618144
2343820852.270688,7.4365179999999995
2343820853.569091,1.266221
2343820855.081082,1.461258
2343820856.6791863,1.5586039999999999
2343820857.494764,0.74769
2343820858.023596,0.49530699999999994
2343820859.14089,1.082969
2343820864.651721,5.476715
2343820866.4286833,1.710441
2343820867.3648987,0.879551
2343820868.557818,1.144905
2343820875.0180874,6.413653
2343820876.5474854,1.484902
2343820877.741855,1.156828
2343820878.95185,1.1766260000000002
2343820880.151867,1.1450449999999999
2343820884.2362466,4.023314
2343820885.2332177,0.929608
2343820889.2194114,3.9433439999999997
2343820892.672623,3.4155320000000002
2343820899.315848,6.607443999999999
2343820908.274093,8.917517
2343820916.438077,8.132593
2343820923.3318653,6.838045
2343820930.4047537,7.024747
2343820937.5609856,7.121408
2343820947.028883,9.430284
2343820954.124835,7.050694
2343820955.719004,1.529038
2343820957.2816987,1.5169929999999998
2343820958.0840693,0.744722
2343820967.312711,9.181643999999999
2343820968.947701,1.595957
2343820970.141609,1.15022
2343820971.363505,1.178966
2343820977.192752,5.7868520000000006
2343820977.8565307,0.619752
2343820983.202206,5.29427
2343820984.260362,1.024756
2343820993.515653,9.200214
2343820994.967942,1.418425
2343820996.558724,1.555787
2343820997.201169,0.599097
2343820998.66053,1.418752
2343821006.828736,8.112599999999999
2343821013.021482,6.146813
2343821014.448734,1.373798
2343821015.747162,1.2543630000000001
2343821016.1667027,0.376449
2343821023.599659,7.390868
2343821024.725901,1.080875
2343821026.384181,1.604116
2343821027.312722,0.8357800000000001
2343821028.108132,0.75103
2343821030.2392178,2.062253
2343821035.1258383,4.803103
2343821035.94711,0.790638
2343821040.110312,4.0892740000000005
2343821047.584301,7.41434
2343821048.621398,1.004498
2343821055.736885,7.026722
2343821057.059201,1.2807199999999999
2343821057.453866,0.358453
2343821065.340952,7.843272
2343821066.220802,0.839785
2343821067.762916,1.497998
2343821076.1033816,8.295670999999999
2343821080.975075,4.833609
2343821086.026372,5.0101249999999995
2343821087.999447,1.9161860000000002
2343821089.6397157,1.5774160000000002
2343821091.034092,1.274459
2343821092.9765477,1.9025699999999999
2343821097.113158,4.091963
2343821102.781204,5.6184449999999995
2343821104.193726,1.37197
2343821108.122861,3.8918939999999997
2343821109.0544996,0.889911
2343821110.238384,1.1367129999999999
2343821111.5928206,1.312979
2343821121.030718,9.380342
2343821121.501604,0.437486
2343821125.748158,4.2116549999999995
2343821126.497213,0.705099
2343821133.0526953,6.5144340000000005
2343821137.035652,3.943971
2343821137.542695,0.470567
2343821137.982375,0.400284
2343821141.395926,3.3752809999999998
2343821142.495576,1.033032
2343821143.320499,0.771325
2343821149.493159,6.1166670000000005
2343821151.1631937,1.610774
2343821170.9453893,19.720426999999997
2343821173.0352936,2.035097
2343821179.7442303,6.622071
2343821180.8983774,1.094942
2343821186.803468,5.850968
2343821190.172702,3.326294
2343821191.2204757,1.015482
2343821192.905719,1.6408779999999998
2343821193.987745,1.027316
2343821200.963449,6.927677999999999
2343821201.733163,0.722024
2343821212.342146,10.543388
2343821218.743728,6.364019
2343821223.0381117,4.2481089999999995
2343821223.7155313,0.619598
2343821224.4959774,0.741766
2343821226.188674,1.322665
2343821228.4613557,2.230868
2343821230.13129,1.6011440000000001
2343821231.7139487,1.539357
2343821238.413588,6.5491660000000005
2343821242.958685,4.246572
2343821251.863186,8.868198000000001
2343821266.499056,14.598002000000001
2343821268.560572,1.9955939999999999
2343821277.0003247,8.25097
2343821277.679348,0.636195
2343821294.120689,16.390985
2343821300.225345,5.938192999999999
2343821314.203192,13.939501
2343821316.102617,1.859078
2343821321.217697,5.058181
2343821322.534937,1.2759150000000001
2343821327.076837,4.491902
2343821328.018607,0.9091509999999999
2343821335.8506527,7.734394
2343821337.183968,1.299819
2343821338.758164,1.5262170000000002
2343821348.067214,9.142409
2343821354.655406,6.549125999999999
2343821360.280009,5.5419279999999995
2343821365.619309,5.284746
2343821367.695838,2.032333
2343821368.981757,1.24658
2343821376.2775693,7.258360000000001
2343821382.022732,5.712382
2343821392.073593,10.018344
2343821393.549048,1.434026
2343821394.544507,0.951535
2343821398.8363457,4.249404
2343821400.490295,1.601736
2343821402.250655,1.715589
2343821403.896106,1.600967
2343821408.872475,4.889601000000001
2343821416.580699,7.654115
2343821426.980754,10.355924
2343821428.9989133,1.9682380000000002
2343821430.897675,1.840341
2343821432.682251,1.7280920000000002
2343821434.279293,1.541955
2343821435.592588,1.2717189999999998
2343821436.78086,1.1451040000000001
2343821447.168008,10.304433
2343821454.926754,7.710974
2343821455.8948617,0.912026
2343821456.912103,0.970201
2343821458.777287,1.8208479999999998
2343821459.8185463,1.002356
2343821460.549161,0.6905789999999999
2343821461.335814,0.751619
2343821465.390182,4.019896999999999
2343821477.471846,12.042438
2343821481.008428,3.497596
2343821481.381249,0.33739600000000003
2343821482.212541,0.776129
2343821490.297974,8.046201
2343821499.2031493,8.865415
2343821501.6788344,2.4374190000000002
2343821503.859309,2.116206
2343821511.5967727,7.694952
2343821520.5432487,8.913568999999999
2343821527.7104864,7.12894
2343821529.448298,1.669295
2343821530.7582684,1.2670649999999999
2343821532.991632,2.107125
2343821535.227478,2.1866659999999998
2343821535.949741,0.675774
2343821542.824998,6.8001499999999995
2343821553.972819,11.048540000000001
2343821555.426308,1.4090719999999999
2343821557.324038,1.859368
2343821558.325502,0.961688
2343821564.278697,5.915898
2343821565.459704,1.1474309999999999
2343821566.9498873,1.4166590000000001
2343821572.912557,5.91447
2343821582.125489,9.17683
2343821583.939256,1.77009
2343821585.864622,1.877222
2343821590.8437433,4.4497089999999995
2343821597.7775407,6.883496
2343821598.89824,1.088214
2343821606.4871297,7.55598
2343821607.5087233,0.986958
2343821608.7571697,1.204993
2343821615.190434,6.381453
2343821620.390136,5.163378
2343821626.772589,6.329047
2343821628.022008,1.208096
2343821629.412371,1.3341189999999998
2343821639.211422,9.754649
2343821640.23443,0.986404
2343821643.674246,3.404857
2343821652.860337,9.141621
2343821659.340305,6.432029
2343821666.391541,7.001976
2343821672.36437,5.915392000000001
2343821680.266941,7.8711839999999995
2343821681.301782,0.996949
2343821687.289937,5.9550540000000005
2343821693.556765,6.226306
2343821694.422363,0.8285290000000001
2343821702.303862,7.811167
2343821710.940298,8.558639999999999
2343821711.830833,0.855799
2343821717.169113,5.301888
2343821724.419529,7.2082500000000005
2343821728.533213,4.081636
2343821735.785277,7.195604
2343821745.152508,8.639625
2343821747.226916,2.005456
2343821754.9077954,7.551894
2343821765.545068,10.573453
2343821771.243767,5.6535969999999995
2343821781.450954,10.168366
2343821783.172603,1.6795270000000002
2343821789.213347,5.979532
2343821790.7067847,1.4607610000000002
2343821791.7061176,0.966737
2343821794.207367,2.4578260000000003
2343821800.307062,6.064120999999999
2343821801.4283338,1.078285
2343821807.915135,6.35553
2343821812.490527,4.532019
2343821822.357122,9.811109
2343821829.4467688,7.052428
2343821838.271131,8.796545
2343821846.506837,8.184191
2343821853.008313,6.460584
2343821853.600777,0.5563859999999999
2343821854.3704877,0.70039
2343821857.6169977,3.2080889999999997
2343821866.5010877,8.833565
2343821868.162777,1.6213110000000002
2343821869.576492,1.366398
2343821872.05772,2.435699
2343821884.3990192,12.293376
2343821885.3486223,0.922262
2343821886.596859,1.210787
2343821888.1302586,1.4964030000000001
2343821889.316042,1.13452
2343821896.750034,7.3987289999999994
2343821899.544672,2.74213
2343821903.128927,3.544378
2343821910.3611298,7.196357
2343821920.6129932,10.194443
2343821922.5960727,1.906408
2343821925.1096587,2.461799
2343821926.9456563,1.583664
2343821933.026121,5.962905
2343821937.663057,4.609122999999999
2343821945.6971188,7.998663
2343821946.693387,0.969229
2343821955.844636,9.109929
2343821958.070797,2.074308
2343821962.657977,4.540871999999999
2343821964.225412,1.44776
2343821966.1643457,1.367913
2343821971.712432,5.510354
2343821972.883221,1.138493
2343821974.295138,1.366678
2343821983.924846,9.591835
2343821985.681279,1.7070779999999999
2343821991.2335176,5.508166
2343821996.062534,4.791524
2343821997.524168,1.393883
2343822007.738142,10.163208
2343822009.317392,1.537991
2343822012.2349753,2.8690260000000003
2343822022.279988,9.976327
2343822032.860166,10.546156
2343822039.5789127,6.146819000000001
2343822040.5904303,0.932207
2343822045.5380163,4.726663
2343822047.811357,1.6257380000000001
2343822052.708405,4.864373
2343822053.806833,1.06866
2343822055.207349,1.369249
2343822062.823344,7.582687
2343822064.210563,1.3564530000000001
2343822064.900609,0.65751
2343822071.391501,6.457002
2343822081.110844,9.672841
2343822082.484893,1.325091
2343822083.902923,1.374852
2343822088.051739,4.113513
2343822089.790816,1.669558
2343822091.33144,1.406131
2343822092.28146,0.908339
2343822093.666111,1.334566
2343822094.956133,1.257226
2343822102.280401,7.292143
2343822102.985708,0.670269
2343822108.853025,5.830000999999999
2343822110.417915,1.497352
2343822114.467925,3.9911110000000005
2343822115.405826,0.8909929999999999
2343822119.4018784,3.949935
2343822120.826818,1.352064
2343822121.9879737,1.103472
2343822127.664681,5.633112
2343822129.3902082,1.695828
2343822138.507457,9.073984
2343822140.2962294,1.742901
2343822141.8768992,1.497389
2343822143.2882423,1.3620780000000001
2343822144.821733,1.476509
2343822146.232566,1.3660160000000001
2343822148.611763,2.336426
2343822149.980401,1.3089149999999998
2343822150.967434,0.9482419999999999
2343822151.63486,0.638069
2343822153.135547,1.465986
2343822158.964196,5.784759
2343822166.1234384,7.125702
2343822166.944764,0.786297
2343822168.427605,1.429551
2343822175.7421174,7.264444
2343822182.4278336,6.63371
2343822184.3802657,1.892193
2343822193.845868,9.423185
2343822195.2213345,1.3378780000000001
2343822204.594975,9.319759000000001
2343822211.947399,7.313992
2343822213.167605,1.181629
2343822220.447689,7.214636
2343822221.780475,1.2946419999999998
2343822222.270331,0.423985
2343822224.74775,2.404933
2343822225.939388,1.133228
2343822226.732275,0.737777
2343822227.571338,0.801768
2343822227.979249,0.36836399999999997
2343822229.8494854,1.815385
2343822230.782549,0.889223
2343822232.052817,1.235426
2343822240.4473557,8.354351
2343822247.9666543,7.489581
2343822249.6777864,1.680095
2343822257.3150682,7.600514
2343822265.6841607,8.279559
2343822273.014003,7.276999999999999
2343822274.1686687,1.121323
2343822280.474523,6.258387
2343822290.20992,9.679059
2343822299.555665,9.315481
2343822305.171195,5.578184
2343822312.878871,7.645080999999999
2343822314.036148,1.115857
2343822315.4318256,1.338903
2343822322.2685733,6.791797
2343822323.4217653,1.115745
2343822330.065058,6.6024259999999995
2343822338.518626,8.411938000000001
2343822345.6759977,7.109804
2343822353.668058,7.929966
2343822357.449215,3.707995
2343822363.559789,6.0702229999999995
2343822364.578819,0.983909
2343822365.008805,0.387262
2343822371.425828,6.38518
2343822372.38152,0.899065
2343822378.669934,6.230493999999999
2343822385.875515,7.159084
2343822386.6976657,0.766304
2343822395.8722687,9.128931
2343822401.316307,5.384835
2343822402.5511813,1.1910370000000001
2343822406.6136103,4.016837
2343822408.1108413,1.4627590000000001
2343822409.6757803,1.490924
2343822410.365016,0.655798
2343822419.2233953,8.826264
2343822425.564599,6.302958
2343822426.392591,0.7916569999999999
2343822434.625172,8.190984
2343822436.9168553,2.254099
2343822443.813239,6.850477
2343822454.4001913,10.527167
2343822462.51829,8.089709000000001
2343822469.911367,7.346958
2343822480.4901953,10.529865
2343822481.537899,0.996142
2343822482.532675,0.9423050000000001
2343822483.3228803,0.7309439999999999
2343822485.9369893,2.53904
2343822493.562655,7.543426
2343822495.2007804,1.5858020000000002
2343822496.882058,1.6203319999999999
2343822500.7357306,3.789297
2343822501.417457,0.617158
2343822509.253382,7.780203
2343822516.799518,7.505943
2343822517.887375,1.0524250000000002
2343822523.681016,5.7556650000000005
2343822526.1148853,2.3951219999999998
2343822528.25859,2.105439
2343822530.2143607,1.907214
2343822539.5854015,9.312288
2343822541.278835,1.644501
2343822549.024254,7.701238
2343822551.724684,2.603957
2343822557.496822,5.714034
2343822558.9962263,1.4419739999999999
2343822559.966321,0.912023
2343822565.249008,5.233799
2343822565.742067,0.457017
2343822566.684623,0.913029
2343822567.398425,0.682338
2343822569.448849,2.0195679999999996
2343822571.158885,1.681543
2343822582.026659,10.80898
2343822585.044179,2.927225
2343822586.394955,1.3164120000000001
2343822588.090851,1.663723
2343822594.4720373,6.348416
2343822595.331137,0.831748
2343822602.604073,7.23384
2343822610.4465427,7.809718999999999
2343822611.416761,0.920089
2343822613.132563,1.639349
2343822616.235931,1.606205
2343822617.3857756,1.088348
2343822618.457945,1.0347629999999999
2343822619.7889357,1.29378
2343822623.782363,3.9639159999999998
2343822630.437158,6.618467
2343822632.222906,1.75172
2343822632.7066126,0.44019600000000003
2343822637.208416,4.469083
2343822645.293872,8.045823
2343822658.6973767,13.358958000000001
2343822666.129089,7.383337999999999
2343822667.14551,0.9737129999999999
2343822667.960617,0.7668780000000001
2343822669.8685102,1.786331
2343822671.847952,1.923501
2343822672.567462,0.671821
2343822673.557977,0.942283
2343822674.37859,0.775243
2343822678.6144075,4.18937
2343822679.751095,1.096842
2343822692.7070494,12.918641
2343822694.2128234,1.4697449999999999
2343822695.833482,1.579338
2343822706.2333903,10.344596
2343822713.899869,7.617704000000001
2343822715.7858567,1.8110380000000001
2343822724.933836,9.092884000000002
2343822725.98242,0.9946499999999999
2343822727.647421,1.630755
2343822730.8849006,3.205224
2343822733.035102,2.098056
2343822734.540914,1.4661170000000001
2343822740.4459,5.859388
2343822745.695633,5.20904
2343822752.6114917,6.88727
2343822753.9637427,1.322193
2343822755.691397,1.687903
2343822765.6545124,9.90906
2343822766.672349,0.970446
2343822768.16932,1.45566
2343822772.299933,4.078238
2343822776.550293,4.194221
2343822778.987751,2.4029339999999997
2343822780.984942,1.946519
2343822783.344275,2.3137589999999997
2343822790.238509,6.852032
2343822794.9754033,4.707071999999999
2343822798.938012,3.917943
2343822800.3082776,1.297668
2343822800.983675,0.631064
2343822802.068068,1.0406149999999998
2343822803.682434,1.5645959999999999
2343822805.444591,1.705584
2343822805.996427,0.497913
2343822807.871326,1.79203
2343822816.781182,8.843311
2343822824.296235,7.46501
2343822825.450716,1.103053
2343822827.711694,2.2079679999999997
2343822829.936679,2.181373
2343822830.9957223,0.994107
2343822840.146657,9.108194
2343822846.608679,6.4267639999999995
2343822847.272773,0.62464
2343822856.188026,8.878614
2343822860.950309,4.709442999999999
2343822870.189905,9.195181
2343822874.527399,4.219532
2343822876.089509,1.498299
2343822877.729163,1.586307
2343822879.5910587,1.813539
2343822881.804016,2.1519500000000003
2343822889.318081,7.4686650000000006
2343822895.4529834,6.098448
2343822896.9035697,1.424074
2343822898.793339,1.845804
2343822899.9129972,1.075769
2343822900.922658,0.95541
2343822911.582789,10.61659
2343822919.279035,7.657349
2343822919.821329,0.5044770000000001
2343822927.849113,7.986287999999999
2343822929.5197163,1.61787
2343822936.999801,7.416393
2343822940.851305,3.79636
2343822941.1881824,0.30352999999999997
2343822942.374845,1.141986
2343822952.501365,10.083905000000001
2343822953.4034033,0.861654
2343822961.568935,8.107531
2343822963.101099,1.474252
2343822964.661603,1.516073
2343822965.966299,1.263763
2343822966.488729,0.45236400000000004
2343822973.915289,7.375121
2343822975.309505,1.353942
2343822982.1055837,6.752400000000001
2343822982.6521564,0.498796
2343822983.3785353,0.684413
2343822988.584908,5.146356
2343822989.380385,0.745001
2343822996.034156,6.593846
2343823003.101819,7.0191170000000005
2343823004.3340793,1.1695900000000001
2343823011.6276107,7.2336789999999995
2343823013.717716,1.9971780000000001
2343823021.9287796,8.155422000000002
2343823032.205819,10.235883
2343823033.615729,1.3692680000000002
2343823037.427864,3.76715
2343823042.061457,4.578035
2343823046.971759,4.872333
2343823055.3190184,8.303782
2343823066.232144,10.863743
2343823068.0409207,1.755129
2343823069.175207,1.025623
2343823070.337479,1.070156
2343823078.517078,8.132016
2343823086.493329,7.942131
2343823095.4299064,8.901422
2343823096.8798127,1.397689
2343823098.225016,1.271439
2343823102.505745,4.2228270000000006
2343823104.064558,1.509329
2343823106.2873917,2.1469810000000003
2343823113.7691507,7.449402
2343823123.682122,9.876984
2343823125.216978,1.5008249999999999
2343823131.799044,6.538893
2343823132.692198,0.856847
2343823139.1647787,6.435389
2343823145.790417,6.5919799999999995
2343823147.813898,1.947233
2343823149.32068,1.450747
2343823151.237966,1.872925
2343823152.87376,1.580903
2343823154.438404,1.398549
2343823155.832235,1.265394
2343823166.204213,10.337056
2343823167.659111,1.336167
2343823173.868523,6.176417
2343823179.487044,5.589912
2343823180.742398,1.216808
2343823181.444875,0.666457
2343823182.217589,0.741887
2343823183.2011614,0.947905
2343823191.221211,7.604915
2343823199.315463,8.04422
2343823200.642441,1.275597
2343823202.171348,1.486043
2343823204.3148007,1.9815200000000002
2343823206.286022,1.930013
2343823207.925325,1.5894819999999998
2343823215.587778,7.620386
2343823217.409769,1.777071
2343823218.632296,1.1825189999999999
2343823219.6102667,0.891086
2343823228.5615273,8.912569
2343823230.200192,1.4774429999999998
2343823231.621204,1.376518
2343823238.167963,6.502614
2343823244.131807,5.922817
2343823246.2839384,2.1158930000000002
2343823247.414813,1.0900059999999998
2343823247.910286,0.466348
2343823253.7119613,5.740392000000001
2343823255.412694,1.6673580000000001
2343823257.611669,2.160891
2343823258.4041834,0.753709
2343823260.096548,1.654852
2343823266.965758,6.830402
2343823278.708458,11.704058
2343823280.106379,1.326374
2343823289.579987,9.39773
2343823291.305869,1.65642
2343823298.046333,6.706208
2343823299.438215,1.363297
2343823300.609805,1.127149
2343823308.648941,8.001244
2343823316.368187,7.686836
2343823318.093478,1.692279
2343823325.370478,7.240373
2343823326.937598,1.493999
2343823332.110407,5.133457999999999
2343823338.271128,6.126848
2343823346.3210163,8.012445
2343823347.425906,1.032511
2343823355.834496,8.361739
2343823363.807269,7.931475000000001
2343823372.255772,8.415105
2343823379.971873,7.681798
2343823387.0423207,7.014287
2343823388.281154,1.19505
2343823389.4031987,1.077691
2343823390.500555,1.020184
2343823391.5757213,1.016098
2343823398.9528546,7.315693
2343823408.914858,9.928174
2343823416.2405224,7.291308
2343823424.298915,8.01751
2343823425.3602324,1.009719
2343823426.892186,1.496423
2343823428.374475,1.4327940000000001
2343823437.321969,8.889485
2343823438.4613967,1.0868449999999998
2343823439.5507064,1.0516189999999999
2343823445.429244,5.839877
2343823446.659354,1.1104820000000002
2343823447.69897,0.9910150000000001
2343823454.7805967,7.026986
2343823456.0539184,1.224995
2343823463.906333,7.816195
2343823465.585643,1.638205
2343823472.122075,6.467097
2343823476.977744,4.79067
2343823478.556793,1.460315
2343823480.296167,1.6863430000000001
2343823480.968298,0.6343409999999999
2343823488.299547,7.268125
2343823489.479675,1.132569
2343823490.0274057,0.5034259999999999
2343823491.2925267,1.212839
2343823492.2193017,0.886135
2343823492.991551,0.721023
2343823494.3034587,1.265078
2343823502.180703,7.8396490000000005
2343823503.867711,1.655685
2343823511.796257,7.899021000000001
2343823520.432451,8.609406
2343823527.457897,6.990465
2343823531.008876,3.4911719999999997
2343823532.251812,1.1672
2343823533.894576,1.5852600000000001
2343823539.8102,5.858752
2343823546.5069633,6.6164950000000005
2343823554.5774784,8.044130000000001
2343823555.576145,0.9695790000000001
2343823556.443755,0.833705
2343823557.276171,0.794786
2343823562.824686,5.515494
2343823564.147252,1.285479
2343823571.7738943,7.5840689999999995
2343823572.385306,0.576924
2343823579.012362,6.5808990000000005
2343823586.345599,7.295567999999999
2343823587.5968456,1.2133129999999999
2343823588.730486,1.0690680000000001
2343823589.841044,1.006732
2343823591.5407047,1.6562569999999999
2343823599.9319887,8.343069
2343823609.420077,9.382229
2343823620.979766,11.498016999999999
2343823626.699365,5.666488
2343823635.571757,8.842153
2343823643.114508,7.504255
2343823650.725631,7.563625
2343823655.487474,4.7126030000000005
2343823656.121635,0.594266
2343823656.742776,0.5667909999999999
2343823660.433917,3.63642
2343823666.9278812,6.445314
2343823670.3574376,3.396328
2343823674.8047376,4.418813
2343823684.476739,9.632874
2343823689.271191,4.7565539999999995
2343823690.4375033,1.1255499999999998
2343823698.2363534,7.754798
2343823699.3172064,1.000103
2343823700.440557,1.0650950000000001
2343823705.5920043,5.112990000000001
2343823713.033669,7.409321
2343823714.372343,1.303387
2343823715.1082983,0.686132
2343823716.031908,0.881126
2343823716.9314537,0.8488429999999999
2343823718.031563,1.056044
2343823719.117411,1.048929
2343823726.887342,7.726246
2343823734.5008597,7.5834980000000005
2343823741.7550573,7.216047
2343823743.00625,1.213184
2343823744.141059,1.080681
2343823744.970758,0.77576
2343823750.5662103,5.546135
2343823756.1602926,5.546716
2343823757.311699,1.102845
2343823762.056316,4.703039
2343823768.623547,6.527876
2343823772.58015,3.916681
2343823773.932313,1.316706
2343823783.159027,9.173186999999999
2343823784.448527,1.237494
2343823792.3655868,7.875874999999999
2343823801.818458,9.380669
2343823802.527371,0.62405
2343823809.167489,6.6052919999999995
2343823810.2482877,1.038232
2343823811.1100893,0.8274009999999999
2343823818.1118298,6.929951999999999
2343823822.816399,4.66381
2343823827.925076,5.067959
2343823828.945271,0.989586
2343823829.888187,0.900056
2343823836.4107747,6.47518
2343823837.558918,1.107367
2343823838.7631297,1.1598730000000002
2343823839.779445,0.948979
2343823840.724595,0.871421
2343823847.635225,6.845061
2343823855.169099,7.503325
2343823856.417408,1.2038579999999999
2343823859.791927,3.301306
2343823868.5225673,8.673342
2343823875.4181743,6.8476099999999995
2343823881.750528,6.296975
2343823882.612123,0.826693
2343823883.97271,1.318157
2343823885.215918,1.179762
2343823887.786286,2.486945
2343823894.793321,6.9622470000000005
2343823896.212022,1.3708360000000002
2343823903.0518403,6.804976
2343823904.2967234,1.213427
2343823911.68372,7.351687
2343823917.160024,5.445295
2343823918.518321,1.322908
2343823919.635981,1.026626
2343823926.902091,7.213334
2343823927.980605,1.027444
2343823936.296844,7.992713
2343823945.128542,8.779876000000002
2343823951.1801105,6.007079999999999
2343823957.8952293,6.680054
2343823958.5991616,0.672078
2343823959.867001,1.228596
2343823960.868074,0.961012
2343823966.545098,5.638243999999999
2343823968.043608,1.117923
2343823974.214917,6.127859
2343823979.4202957,5.156478
2343823982.512719,3.056493
2343823990.7767863,8.226846
2343823998.269989,7.440241
2343823999.022961,0.69651
2343824000.3489566,1.261803
2343824005.074225,4.660468
2343824006.4816933,1.3583200000000002
2343824008.2725997,1.722265
2343824017.355963,9.048021
2343824018.291524,0.861004
2343824019.538267,1.189046
2343824020.512113,0.92029
2343824029.798268,9.23203
2343824031.114758,1.276773
2343824035.8285847,4.6596709999999995
2343824039.1674724,3.2588399999999997
2343824040.715229,1.414582
2343824053.151413,12.370709
2343824057.924057,4.73483
2343824064.990568,7.026852999999999
2343824073.0754414,8.054119
2343824074.564826,1.453372
2343824075.778013,1.1694710000000001
2343824077.42172,1.603463
2343824078.463085,0.998173
2343824079.8490663,1.331194
2343824080.879578,0.9794660000000001
2343824085.2578583,4.32888
2343824094.252583,8.953811
2343824095.695251,1.162592
2343824096.558984,0.82121
2343824096.940497,0.339872
2343824097.955285,0.934809
2343824099.3873186,1.3885530000000001
2343824100.431372,0.988126
2343824102.093385,1.604987
2343824104.241066,2.0862480000000003
2343824105.7367992,1.4545569999999999
2343824106.8082724,1.031485
2343824113.538225,6.696441
2343824119.8288484,6.26077
2343824124.447286,4.583156
2343824130.877869,6.381258
2343824132.174601,1.260996
2343824134.87016,2.648914
2343824138.46676,3.554425
2343824139.766151,1.1973470000000002
2343824146.3190804,6.466022
2343824151.202626,4.856321
2343824154.642643,3.377261
2343824162.5410414,7.857562000000001
2343824164.2622466,1.593884
2343824171.043193,6.688663
2343824176.259082,5.179551999999999
2343824182.2184668,5.917039
2343824187.3051467,5.027597
2343824189.1227202,1.771219
2343824198.4169188,9.247458
2343824199.6921597,1.2368819999999998
2343824204.652018,4.912179
2343824207.804771,3.114004
2343824215.93248,8.077447
2343824217.90533,1.9306690000000002
2343824219.830868,1.850472
2343824224.768697,4.878767
2343824225.355277,0.5441750000000001
2343824226.7418733,1.336765
2343824228.709721,1.929203
2343824229.715365,0.9635699999999999
2343824236.759049,7.002225
2343824242.660612,5.859167
2343824249.184081,6.476836
2343824251.020197,1.441194
2343824259.010192,7.941313
2343824268.073041,9.028862
2343824277.6407537,9.517572
2343824285.005936,7.32371
2343824292.776163,7.70168
2343824295.5792823,2.5762229999999997
2343824302.2508326,6.636211
2343824306.928394,4.650283
2343824313.2306223,6.277394
2343824315.481529,2.2163220000000003
2343824320.800331,5.269607
2343824325.71973,4.869061
2343824331.068794,5.300786
2343824336.3408,5.2248779999999995
2343824346.828069,10.366617999999999
2343824354.263381,7.383521
2343824356.7045307,2.39615
2343824363.4038696,6.6003110000000005
2343824368.920143,5.478342
2343824370.570168,1.604701
2343824378.414381,7.808216
2343824383.347745,4.900996
2343824384.742049,1.358468
2343824390.798532,6.017861
2343824398.576077,7.720732
2343824399.85402,1.247013
2343824408.2583947,8.368604
2343824409.858,1.54698
2343824410.904246,0.9931490000000001
2343824413.225588,2.269699
2343824421.214326,7.912752
2343824427.254728,6.013592
2343824428.666845,1.386633
2343824437.5317006,8.822778
2343824438.739057,1.176885
2343824444.403392,5.630427
2343824445.558669,1.105029
2343824446.857489,1.2569530000000002
2343824447.993197,1.0733570000000001
2343824449.6170154,1.5523010000000002
2343824451.385293,1.695285
2343824452.505854,1.068605
2343824453.4029727,0.857764
2343824458.852253,5.420885
2343824459.560299,0.676376
2343824461.663966,2.0632960000000002
2343824470.763536,9.066871
2343824471.807421,0.9929419999999999
2343824473.151155,1.3034999999999999
2343824475.1418242,1.948874
2343824480.9826717,5.788622
2343824482.014675,0.9983069999999999
2343824491.2093143,9.155155
2343824498.643698,7.36031
2343824501.015869,2.321068
2343824506.958429,5.886668
2343824513.9803343,6.991265
2343824515.126182,1.1061999999999999
2343824516.333299,1.152002
2343824517.5902543,1.209896
2343824518.696046,1.0496889999999999
2343824525.8515997,7.0718939999999995
2343824526.92834,1.0177450000000001
2343824531.697125,4.716243
2343824533.7309303,1.989012
2343824537.3649106,3.595497
2343824546.1890774,8.680734000000001
2343824547.3564153,1.133501
2343824548.346374,0.950825
2343824552.9728646,4.5870370000000005
2343824555.205443,2.19318
2343824564.920723,9.68108
2343824572.133193,7.1694819999999995
2343824573.314155,1.136384
2343824574.7505198,1.373378
2343824575.6196947,0.826912
2343824576.99495,1.290968
2343824582.605517,5.241595
2343824588.7089663,6.06777
2343824589.8093433,1.0626200000000001
2343824591.917511,2.034865
2343824592.6323247,0.674563
2343824594.0622997,1.30114
2343824595.6033154,1.4993809999999999
2343824602.368432,6.72432
2343824604.027122,1.6318210000000002
2343824605.3806257,1.3184099999999999
2343824606.407032,0.9945200000000001
2343824607.4089746,0.947047
2343824613.424659,5.976305
2343824614.545772,1.083695
2343824620.503189,5.928336
2343824622.110292,1.574359
2343824627.682742,5.536915
2343824634.427651,6.7119290000000005
2343824642.870317,8.39461
2343824643.79953,0.8959830000000001
2343824649.440207,5.594595
2343824650.807739,1.336793
2343824652.21657,1.352051
2343824653.2489734,0.995698
2343824654.289465,0.9974059999999999
2343824655.916256,1.591507
2343824657.996439,1.634126
2343824659.451374,1.4102109999999999
2343824666.550342,7.035394
2343824676.394463,9.786483
2343824682.662026,6.229798
2343824683.9307003,1.172575
2343824689.092521,5.113431
2343824694.623972,5.482530000000001
2343824695.990241,1.3308820000000001
2343824697.1801457,1.137909
2343824698.9857087,1.761402
2343824700.307705,1.282551
2343824708.178115,7.815707999999999
2343824717.658463,9.428587
2343824718.237266,0.524582
2343824720.815339,2.526608
2343824722.778163,1.9249759999999998
2343824724.275753,1.436966
2343824734.144754,9.791884000000001
2343824743.2405677,8.978010999999999
2343824744.6911182,1.411823
2343824745.977168,1.232392
2343824752.534783,6.499582
2343824753.852788,1.27591
2343824755.2803507,1.380868
2343824760.954537,5.631335
2343824766.4981008,5.470155
2343824767.704635,1.1715
2343824768.897763,1.151343
2343824773.911231,4.959118999999999
2343824774.806149,0.845841
2343824776.21736,1.3687250000000002
2343824785.890445,9.620738
2343824786.4164143,0.468011
2343824787.7095814,1.249413
2343824789.143417,1.272415
2343824798.460384,9.252626999999999
2343824803.728119,5.209454
2343824804.667191,0.913072
2343824805.5077157,0.809324
2343824812.606973,7.068751
2343824813.660761,0.995276
2343824821.74077,8.040627
2343824831.589616,9.81252
2343824832.998118,1.3670220000000002
2343824834.6914544,1.6403290000000001
2343824835.96739,1.232021
2343824837.2505603,1.155873
2343824838.653051,1.343914
2343824843.005939,4.29583
2343824849.3469,6.281995
2343824850.5225863,1.141266
2343824856.8083344,6.241798
2343824864.472971,7.634133
2343824866.1689234,1.655197
2343824872.534753,6.3192200000000005
2343824873.829383,1.239438
2343824875.628044,1.705672
2343824877.363321,1.6768690000000002
2343824878.447365,1.048965
2343824884.151136,5.669673
2343824885.594695,1.399514
2343824887.012762,1.373569
2343824888.394279,1.336384
2343824891.1055098,2.674741
2343824892.978232,1.8403939999999999
2343824894.719637,1.691734
2343824901.91394,7.157307
2343824907.130416,5.182562
2343824914.076471,6.903822000000001
2343824914.668401,0.562507
2343824921.928938,7.2268870000000005
2343824928.621316,6.647289
2343824934.974328,6.3224149999999995
2343824941.904684,6.879957
2343824943.075582,1.1209779999999998
2343824947.5889273,4.449054
2343824952.7531567,5.137626
2343824953.907188,1.126295
2343824954.249123,0.312211
2343824955.146248,0.862075
2343824962.825086,7.638933
2343824963.622098,0.766958
2343824965.091181,1.431718
2343824966.232256,1.1081999999999999
2343824967.2857013,1.023048
2343824968.43348,1.110574
2343824971.009303,2.4794869999999998
2343824977.533394,6.358941
2343824978.035459,0.46988800000000003
2343824979.407429,1.318101
2343824987.734965,8.284967
2343824989.496911,1.728786
2343824994.654891,5.106239
2343824996.0889926,1.36006
2343825002.503222,6.363664
2343825010.836865,8.302126
2343825012.4292073,1.553646
2343825017.934776,5.464523
2343825020.2492523,2.276564
2343825024.954901,4.655623
2343825031.327397,6.3197790000000005
2343825034.179316,2.2184340000000002
2343825035.12839,0.897678
2343825041.634255,6.441345999999999
2343825049.711349,8.035275
2343825051.6788096,1.9393399999999998
2343825056.065479,4.353125
2343825057.114831,1.0076550000000002
2343825064.2329197,7.0647210000000005
2343825072.1851254,7.922851
2343825081.2152357,8.992198
2343825082.433262,1.1792829999999999
2343825083.7713237,1.2816859999999999
2343825090.4224067,6.607084
2343825092.638835,2.161677
2343825093.655935,0.854809
2343825095.208799,1.4888130000000002
2343825099.797638,4.555921
2343825102.5169573,2.690029
2343825110.237944,7.69007
2343825112.123551,1.830589
2343825113.170654,1.001891
2343825114.306789,1.07578
2343825116.030984,1.6701920000000001
2343825119.660194,3.5847729999999998
2343825129.174943,9.466623
2343825135.489081,6.274555
2343825138.873775,3.306115
2343825146.087882,7.061947
2343825151.272655,4.550451
2343825152.888869,1.514519
2343825154.514214,1.581335
2343825155.861717,1.305039
2343825162.782602,6.877298
2343825163.911623,0.937004
2343825167.885621,3.7852099999999997
2343825169.11476,1.192709
2343825170.6921344,1.526417
2343825177.752675,7.025091
2343825183.783195,5.98294
2343825192.184873,8.363771000000002
2343825198.945052,6.713949
2343825200.4054484,1.4045159999999999
2343825208.23067,7.7621649999999995
2343825214.636999,6.351063
2343825215.867058,1.2019209999999998
2343825216.148889,0.24845899999999999
2343825220.611815,4.419916000000001
2343825222.4580092,1.645582
2343825224.078279,1.5822049999999999
2343825224.81963,0.697758
2343825226.2086353,1.356531
2343825229.656045,3.416438
2343825236.361382,6.658683
2343825240.7529,4.359659
2343825247.376398,6.576207
2343825248.7494,1.336111
2343825257.7322226,8.937636000000001
2343825263.917692,6.153525
2343825264.838017,0.874237
2343825266.5677752,1.690066
2343825268.300751,1.6902709999999999
2343825269.297346,0.957161
2343825270.3914514,1.0285769999999999
2343825271.742023,1.305397
2343825278.3567247,6.578666
2343825288.400345,10.011713
2343825297.668538,9.190652
2343825298.568706,0.861908
2343825306.469801,7.864167
2343825310.293369,3.782217
2343825319.338964,9.007154
2343825320.9422503,1.544793
2343825327.792293,6.711189
2343825336.084216,8.222606
2343825337.65375,1.539183
2343825342.658563,4.961554
2343825347.627085,4.600932
2343825348.582768,0.926751
2343825354.76283,6.145193
2343825360.294959,5.495697
2343825361.0151653,0.6926789999999999
2343825361.6134267,0.5396150000000001
2343825362.674865,1.0133290000000001
2343825371.427121,8.685412
2343825378.444549,6.979532
2343825379.776641,1.286059
2343825389.092969,9.274961
2343825390.010176,0.8821159999999999
2343825390.757247,0.7038030000000001
2343825392.512437,1.702252
2343825400.263083,7.696763
2343825400.965613,0.6518160000000001
2343825408.050721,7.0190399999999995
2343825414.494286,6.403538
2343825415.364697,0.82463
2343825417.053284,1.651469
2343825418.4610977,1.336935
2343825419.724341,1.213816
2343825428.6155562,8.790124
2343825436.9108973,8.261334
2343825438.622791,1.667611
2343825444.620946,5.957542
2343825446.126361,1.445343
2343825452.3743706,6.177386
2343825459.748865,6.992504
2343825460.979761,1.199696
2343825470.838279,9.822155
2343825472.126129,1.247905
2343825473.1277504,0.958243
2343825481.996587,8.815581
2343825483.423893,1.3581649999999998
2343825484.587089,1.1122969999999999
2343825485.4347973,0.789533
2343825486.790887,1.316503
2343825488.451346,1.607632
2343825496.283899,7.7818890000000005
2343825499.7865686,3.453701
2343825509.469213,9.649326
2343825511.013276,1.512302
2343825512.633795,1.5545470000000001
2343825518.00439,5.317622
2343825527.076243,9.025538
2343825528.14382,1.005309
2343825536.199492,7.991593
2343825537.170281,0.92955
2343825538.716975,1.458298
2343825540.401195,1.6198
2343825547.2911777,6.748258
2343825553.65001,6.332059999999999
2343825561.327497,7.649997000000001
2343825563.3111854,1.946045
2343825567.312235,3.946847
2343825568.982934,1.6165450000000001
2343825569.894224,0.857166
2343825574.539486,4.604667
2343825581.053371,6.476079
2343825586.331446,5.247173
2343825587.482693,1.118294
2343825593.911563,6.388648
2343825596.247808,2.299482
2343825599.902833,3.61025
2343825607.851427,7.904586999999999
2343825609.2124853,1.322883
2343825614.989257,5.718433
2343825622.0211506,6.998898
2343825623.2776556,1.222553
2343825624.605391,1.275633
2343825626.156247,1.495658
2343825630.0679502,3.873778
2343825631.096459,0.9920420000000001
2343825632.326942,1.191875
2343825639.7396507,7.358657999999999
2343825640.7579937,0.9825719999999999
2343825647.391899,6.584378
2343825648.7067847,1.27655
2343825649.224286,0.473669
2343825650.178968,0.9056379999999999
2343825658.638917,8.394324999999998
2343825662.780056,4.089429
2343825663.765512,0.945998
2343825669.758315,5.947764
2343825670.578734,0.7879710000000001
2343825671.387815,0.77256
2343825675.254661,3.8273740000000003
2343825676.5083523,1.218487
2343825677.36581,0.774044
2343825678.6123247,1.196944
2343825684.173362,5.506895
2343825685.4428596,1.221233
2343825691.005944,5.523680000000001
2343825696.332843,5.288267
2343825700.8050313,4.423593
2343825702.217699,1.373797
2343825703.995295,1.717241
2343825709.553677,5.501962
2343825717.185356,7.597287000000001
2343825726.962553,9.71726
2343825735.356484,8.353173
2343825740.961552,5.548039
2343825741.925696,0.919273
2343825749.088253,7.097773
2343825755.860555,6.695613000000001
2343825757.381036,1.4390830000000001
2343825758.953079,1.516381
2343825759.7898693,0.790497
2343825760.8361177,1.002079
2343825769.212821,8.341633
2343825769.5235567,0.28188300000000005
2343825773.668363,4.099366
2343825780.768118,7.041983
2343825781.82837,1.009087
2343825787.1548266,5.2846150000000005
2343825793.769251,6.574599
2343825794.929402,1.072261
2343825800.441069,5.476254
2343825805.0670714,4.584871
2343825809.098204,3.979282
2343825815.4405603,6.303954
2343825816.552369,1.076627
2343825824.078147,7.482814
2343825824.464703,0.349621
2343825825.237177,0.727503
2343825826.21975,0.9367899999999999
2343825828.085663,1.813396
2343825829.85985,1.725702
2343825830.648979,0.754294
2343825834.871579,4.188918
2343825836.0749173,1.173364
2343825841.594097,5.479708
2343825842.660267,1.032042
2343825847.174677,4.470077
2343825848.709742,1.478297
2343825850.102683,1.33985
2343825851.357557,1.204189
2343825854.5767713,3.183471
2343825856.061962,1.451412
2343825860.689925,4.578502
2343825867.6282663,6.880436
2343825874.898884,7.239258
2343825875.751539,0.8148059999999999
2343825876.939462,1.147983
2343825885.0406103,8.05503
2343825891.109245,6.0367299999999995
2343825892.2301435,1.0784010000000002
2343825893.416472,1.1231039999999999
2343825900.299123,6.831123
2343825901.692337,1.3483209999999999
2343825906.5627966,4.835632
2343825907.746297,1.1522780000000001
2343825912.818721,5.026006000000001
2343825918.9858737,6.114183
2343825924.4936657,5.470339999999999
2343825925.6585937,1.118291
2343825933.355773,7.643314
2343825939.277257,5.887186
2343825942.065718,2.750798
2343825943.476553,1.357715
2343825948.95166,5.442929
2343825950.327553,1.330744
2343825950.973703,0.614462
2343825952.3800683,1.3730719999999998
2343825959.943073,7.525915
2343825965.208482,5.228217
2343825971.267254,6.020551
2343825976.0255136,4.6947719999999995
2343826000.227765,24.148882
2343826025.877058,25.577232
2343826028.612168,2.702464
2343826034.58918,5.947783
2343826037.6650133,3.014738
2343826065.1742916,27.428605
2343826066.013075,0.787868
2343826086.92213,20.857567
2343826093.335544,6.3468659999999995
2343826100.099105,6.714254
2343826104.682394,4.534655
2343826106.198469,1.4639099999999998
2343826107.639657,1.40505
2343826108.133067,0.438235
2343826109.236071,1.065912
2343826110.541131,1.272772
2343826113.149188,2.576981
2343826119.093579,5.904093
2343826119.808075,0.671848
2343826120.718737,0.859375
2343826121.07836,0.32093
2343826130.503148,9.384216
2343826138.114522,7.574878999999999
2343826144.603501,6.402075
2343826149.565498,4.92002
2343826152.830194,3.2243559999999998
2343826153.9993258,1.137274
2343826159.520965,5.482206
2343826160.68686,1.1074629999999999
2343826162.126116,1.3920320000000002
2343826164.113676,1.855624
2343826165.086756,0.935287
2343826170.0251594,4.905223
2343826170.443078,0.382163
2343826171.701508,1.208504
2343826180.7298923,8.980648
2343826182.02703,1.255315
2343826189.679081,7.591061
2343826195.0284576,5.295868
2343826195.478035,0.413937
2343826199.1290817,3.612074
2343826205.339933,6.140845
2343826206.796306,1.419251
2343826211.3563504,4.517779
2343826216.883066,5.461958
2343826217.5278606,0.609618
2343826222.246212,4.679422
2343826223.5947523,1.3012869999999999
2343826224.549675,0.9147139999999999
2343826225.476592,0.8854190000000001
2343826231.678688,6.136327
2343826237.771789,6.044541
2343826244.633018,6.829375000000001
2343826250.723841,6.060293
2343826251.847987,1.072389
2343826255.855277,3.9676060000000004
2343826263.3792434,7.479329
2343826264.6987157,1.2841580000000001
2343826270.473222,5.7326820000000005
2343826271.629491,1.113725
2343826274.680461,2.997381
2343826275.268517,0.550292
2343826276.129969,0.8038029999999999
2343826284.973528,8.780089
2343826287.538434,2.533705
2343826288.6297626,1.011755
2343826295.9876943,7.279052999999999
2343826301.7937098,5.724934999999999
2343826302.765271,0.91387
2343826308.250413,5.442466
2343826314.246283,5.944176
2343826315.833718,1.516945
2343826320.253615,4.374791999999999
2343826321.5144563,1.207715
2343826329.731185,8.170841999999999
2343826334.1723733,4.409159
2343826335.672882,1.415792
2343826342.881798,7.155682
2343826348.604891,5.635522
2343826352.282421,3.645668
2343826353.750426,1.427752
2343826354.817749,1.02057
2343826355.175691,0.325837
2343826359.268407,4.059335
2343826360.662628,1.3306749999999998
2343826361.2694783,0.565665
2343826362.727663,1.411429
2343826367.619417,4.839135
2343826373.87058,6.216123
2343826378.8083863,4.904384
2343826379.9638867,1.113387
2343826381.0798836,1.060013
2343826382.3693295,1.236272
2343826390.891817,8.45921
2343826396.224331,5.296376
2343826397.4312687,1.18015
2343826398.710855,1.248435
2343826405.642833,6.900659
2343826406.513125,0.843042
2343826407.561963,1.018174
2343826414.3815293,6.788469999999999
2343826415.762946,1.3157640000000002
2343826417.3787737,1.546361
2343826423.164126,5.743703999999999
2343826424.5860043,1.366645
2343826425.533908,0.898408
2343826429.3847437,3.812893
2343826430.548118,1.122794
2343826431.899432,1.315147
2343826433.2901134,1.3533009999999999
2343826439.8859434,6.545065
2343826441.126407,1.210758
2343826441.793345,0.613251
2343826443.068101,1.23315
2343826444.5797653,1.429516
2343826450.663565,6.026435
2343826451.2154503,0.503261
2343826452.338241,1.0780880000000002
2343826456.839142,4.445537
2343826458.468454,1.562155
2343826459.6097713,1.105589
2343826465.369126,5.7235819999999995
2343826470.4050946,5.000222
2343826470.874647,0.442095
2343826476.638975,5.735702
2343826481.249384,4.574853999999999
2343826488.4537396,7.1678619999999995
2343826489.888526,1.3922240000000001
2343826496.53401,6.58524
2343826504.836202,8.24551
2343826505.9805636,1.113635
2343826512.8398023,6.821243
2343826513.863825,0.967545
2343826520.698796,6.790166999999999
2343826529.878027,9.120270999999999
2343826531.078775,1.168446
2343826531.842379,0.727538
2343826532.2403417,0.365179
2343826538.6533403,6.376342
2343826545.293532,6.587962999999999
2343826551.863741,6.523766
2343826556.108535,4.208903
2343826558.525281,2.337044
2343826567.29176,8.70347
2343826568.702139,1.348422
2343826576.306483,7.552958
2343826577.475501,1.142655
2343826578.578351,1.073511
2343826584.607362,5.9985029999999995
2343826585.620724,0.9767910000000001
2343826586.0927362,0.42933499999999997
2343826595.23146,9.099922999999999
2343826596.666715,1.3694300000000001
2343826604.7128997,7.999931
2343826605.588023,0.845047
2343826612.258015,6.631371
2343826619.1924367,6.885561
2343826620.385947,1.1405589999999999
2343826625.558699,5.119464
2343826626.61969,1.024704
2343826627.793074,1.1332250000000001
2343826628.546847,0.706735
2343826634.366479,5.772787
2343826635.763446,1.366455
2343826637.150168,1.325704
2343826644.119561,6.91849
2343826645.51376,1.36014
2343826649.9994707,4.434456
2343826657.6453347,7.614264
2343826664.340951,6.644806
2343826665.376808,0.90832
2343826666.92721,1.485536
2343826673.275528,6.302669000000001
2343826682.984868,9.671007000000001
2343826684.880518,1.854674
2343826686.3236756,1.390872
2343826690.9174414,4.522876
2343826696.0744567,5.117291000000001
2343826697.107953,1.0038770000000001
2343826704.306037,7.163561
2343826705.293042,0.942364
2343826708.764224,3.416302
2343826712.803186,3.987514
2343826716.204362,3.3549320000000002
2343826720.5818,4.327478
2343826740.880581,20.243068
2343826741.32175,0.39633700000000005
2343826745.221952,3.834317
2343826745.901609,0.614355
2343826750.6152368,4.66733
2343826754.716238,4.034902
2343826773.960325,19.196227999999998
2343826774.747427,0.716935
2343826775.5025473,0.70022
2343826798.490915,22.935451
2343826801.643209,3.115492
2343826805.054085,3.352001
2343826805.580669,0.49298600000000004
2343826824.110113,18.49015
2343826844.190253,20.027247000000003
2343826844.832234,0.594653
2343826845.354817,0.46906299999999995
2343826865.824922,20.431799
2343826870.2543063,4.37064
2343826888.0411367,17.734105
2343826890.863814,2.7583379999999997
2343826891.203906,0.297114
2343826893.8259563,2.578038
2343826895.399987,1.518723
2343826900.9177322,5.477842
2343826904.074101,3.1142269999999996
2343826908.142229,4.011121
2343826910.3882933,2.2010739999999998
2343826930.2483463,19.80173
2343826932.7713323,2.483641
2343826933.666725,0.8258519999999999
2343826935.1171618,1.381566
2343826937.420887,2.257304
2343826955.423923,17.944163999999997
2343826956.10752,0.5974459999999999
2343826957.785189,1.617866
2343826959.189573,1.349814
2343826969.268396,10.033881999999998
2343826971.537752,2.2229340000000004
2343826976.320212,4.736069
2343826976.84939,0.49214699999999995
2343826982.360403,5.476066
2343826983.6456,1.254692
2343826991.7653747,8.073608
2343827000.676077,8.869953
2343827001.9053926,1.190442
2343827005.055185,3.111529
2343827007.0479,1.923314
2343827008.415928,1.294665
2343827011.049706,2.557564
2343827014.6870117,3.581095
2343827015.231451,0.512761
2343827018.3108187,3.048598
2343827018.600566,0.25686200000000003
2343827019.1438317,0.51427
2343827021.2979603,2.116859
2343827031.517005,10.17661
2343827034.254469,2.703047
2343827035.605772,1.2954080000000001
2343827037.883115,2.222642
2343827040.320445,2.346864
2343827047.46683,7.051788
2343827053.387582,5.892141
2343827054.401876,0.974463
2343827055.612726,1.179772
2343827062.183241,6.539373
2343827062.556247,0.348564
2343827064.444881,1.8444170000000002
2343827067.933118,3.439087
2343827072.309912,4.34795
2343827078.9645753,6.622764
2343827085.022624,6.0204580000000005
2343827086.036313,0.977662
2343827095.72866,9.641815
2343827101.892985,6.116453
2343827103.903519,1.9626050000000002
2343827105.356552,1.400456
2343827106.489385,1.0935059999999999
2343827115.057737,8.519414
2343827121.880599,6.787457
2343827130.183488,8.260981000000001
2343827131.698515,1.475887
2343827136.993772,5.253075
2343827142.761597,5.714701
2343827144.1802454,1.337401
2343827145.376156,1.140896
2343827146.351281,0.920344
2343827148.041687,1.637983
2343827148.7363896,0.657859
2343827158.567747,9.798762
2343827167.176033,8.565714999999999
2343827168.585948,1.367894
2343827169.859223,1.199752
2343827176.3477793,6.416824
2343827181.703206,5.322892
2343827182.472206,0.730269
2343827183.951455,1.442238
2343827189.639275,5.646877
2343827190.454665,0.758768
2343827198.920313,8.414123
2343827199.3926907,0.42553399999999997
2343827201.614855,2.147224
2343827203.5141377,1.840306
2343827208.392093,4.839182
2343827209.811017,1.373348
2343827216.9074926,7.056686
2343827222.408814,5.463495
2343827228.892704,6.432215
2343827235.3060293,6.363151
2343827236.555882,1.181132
2343827238.1320653,1.517016
2343827244.390716,6.21751
2343827250.255173,5.8236859999999995
2343827256.635864,6.3410269999999995
2343827264.7965055,8.130863
2343827266.085062,1.252562
2343827271.280859,5.144882
2343827272.594674,1.2766089999999999
2343827279.527228,6.8493640000000005
2343827282.994885,3.415213
2343827284.505293,1.454639
2343827289.150777,4.609305999999999
2343827290.479403,1.253847
2343827292.2315264,1.623514
2343827300.477765,8.154628
2343827301.344202,0.830558
2343827305.290117,3.907006
2343827307.123624,1.80723
2343827313.1738057,6.013717
2343827320.2608967,7.037507
2343827327.397487,7.087411
2343827327.934151,0.49642600000000003
2343827333.727305,5.745864
2343827335.318616,1.541088
2343827340.458981,5.1015310000000005
2343827345.656037,5.161707
2343827346.504283,0.820002
2343827347.587091,1.047321
2343827348.8159947,1.194145
2343827355.077767,6.2136320000000005
2343827362.671289,7.561565
2343827368.475177,5.757983
2343827369.118947,0.592458
2343827375.1130753,5.931252
2343827375.902936,0.7508400000000001
2343827376.369032,0.389852
2343827377.962416,1.5209570000000001
2343827379.678489,1.666599
2343827380.0142517,0.30208999999999997
2343827382.2840967,2.236034
2343827383.143865,0.825389
2343827389.040955,5.846171
2343827399.482713,10.412486
2343827409.737756,10.206134
2343827420.427886,10.640379
2343827424.922913,4.457956
2343827431.21503,6.2083379999999995
2343827442.895732,11.629601999999998
2343827443.507765,0.54409
2343827445.3945456,1.828766
2343827454.9553094,9.514378
2343827455.633903,0.639678
2343827456.9585238,1.284017
2343827457.868115,0.836565
2343827464.715567,6.762589999999999
2343827465.672872,0.919828
2343827474.4167614,8.698966
2343827478.460374,4.010190000000001
2343827479.232844,0.712182
2343827485.700226,6.426095
2343827487.8972497,2.144913
2343827489.439727,1.50257
2343827491.067493,1.570013
2343827497.921641,6.772717
2343827509.09231,11.128952
2343827515.845832,6.702291
2343827522.832314,6.949959000000001
2343827523.632127,0.754992
2343827529.622307,5.950605
2343827537.6802373,8.020433
2343827539.433611,1.6777160000000002
2343827540.125018,0.651222
2343827548.409109,8.250027
2343827558.245949,9.80937
2343827563.1995,4.9140690000000005
2343827564.145084,0.900704
2343827573.881826,9.699562
2343827575.5447383,1.580403
2343827581.7774034,6.173667
2343827586.000865,4.190834
2343827587.2375298,1.203963
2343827595.662681,8.38621
2343827597.0482273,1.3312739999999998
2343827598.211593,1.093196
2343827606.9685597,8.694859
2343827614.954621,7.932982999999999
2343827616.881805,1.8832740000000001
2343827618.5029488,1.582485
2343827626.423886,7.833087000000001
2343827632.699786,6.2385660000000005
2343827633.91051,1.1350500000000001
2343827641.967022,8.016124
2343827643.327897,1.3040230000000002
2343827644.7049317,1.331476
2343827649.469595,4.719896
2343827655.6538486,6.0869349999999995
2343827656.521239,0.828176
2343827664.7107472,8.140937000000001
2343827674.020377,9.275811000000001
2343827678.830301,4.776957
2343827680.109043,1.244666
2343827685.1099772,4.949246
2343827688.7113566,3.564912
2343827694.765307,6.020733
2343827695.616012,0.808193
2343827697.078805,1.412839
2343827701.993747,4.849258000000001
2343827703.368769,1.331313
2343827705.1984553,1.778702
2343827706.337076,1.078837
2343827707.075427,0.700054
2343827708.247304,1.115193
2343827713.179383,4.891825
2343827714.311341,1.0906360000000002
2343827714.875648,0.534584
2343827716.133547,1.229152
2343827721.113473,4.940282
2343827721.573292,0.429844
2343827722.324034,0.715578
2343827722.778563,0.419805
2343827733.809216,10.985735
2343827735.228917,1.373326
2343827737.083256,1.771799
2343827742.205029,5.0585700000000005
2343827743.590768,1.3494279999999998
2343827744.7558346,1.131186
2343827753.1229377,8.329245
2343827753.717056,0.563589
2343827754.889187,1.142975
2343827759.398798,4.478136
2343827764.305059,4.865927
2343827770.529574,6.167203
2343827775.707904,5.144684
2343827781.281379,5.539887
2343827783.022236,1.700149
2343827783.689845,0.621671
2343827794.033234,10.299974
2343827801.062013,6.99534
2343827802.591132,1.488905
2343827804.9838634,2.335385
2343827806.798427,1.754999
2343827807.383209,0.5472250000000001
2343827808.2685323,0.823679
2343827815.7471747,7.44092
2343827824.761576,8.943103
2343827830.5624447,5.76238
2343827835.709072,5.095825
2343827842.705412,6.954367
2343827844.687134,1.897753
2343827845.882656,1.133989
2343827846.789992,0.851649
2343827847.9330583,1.091512
2343827851.689163,3.716282
2343827852.951547,1.2240389999999999
2343827859.253693,6.22009
2343827864.4644113,5.178152
2343827865.382172,0.865865
2343827873.0518303,7.620493
2343827876.245517,3.149567
2343827881.281343,5.001942
2343827887.986643,6.663955
2343827895.3326087,7.299709
2343827901.254123,5.88635
2343827901.942608,0.6528210000000001
2343827914.932338,12.951772
2343827924.381849,9.383015
2343827925.652445,1.2130299999999998
2343827931.2440844,5.515568999999999
2343827932.443619,1.1525450000000002
2343827936.200347,3.699303
2343827943.410965,7.180818
2343827944.517024,1.080762
2343827945.695214,1.146357
2343827946.8756046,1.148264
2343827948.0550647,1.1465500000000002
2343827954.719619,6.632757000000001
2343827962.195235,7.441183
2343827967.894436,5.660534
2343827976.101164,8.171565000000001
2343827983.458644,7.317368999999999
2343827988.5554543,5.021592
2343827994.8988013,6.287191
2343827996.0807633,1.146536
2343828001.7370358,5.620809
2343828009.0633893,7.256673
2343828010.078046,0.9799209999999999
2343828013.254027,3.135952
2343828014.590164,1.275227
2343828021.1153398,6.484574
2343828028.745538,7.581792
2343828035.798193,7.015654
2343828041.503123,5.609251
2343828043.423593,1.870271
2343828044.851761,1.382945
2343828050.8313317,5.924252
2343828052.2129383,1.352905
2343828057.567317,5.320773
2343828058.6344633,1.021755
2343828060.215332,1.522237
2343828065.646891,5.386054000000001
2343828066.954931,1.248374
2343828068.2721477,1.23825
2343828080.311442,11.986181
2343828081.864523,1.5082039999999999
2343828083.179332,1.249556
2343828083.86189,0.6347619999999999
2343828092.163906,8.244408
2343828099.868042,7.660476999999999
2343828100.966316,1.067155
2343828101.457122,0.457851
2343828109.283241,7.781992
2343828115.6298814,6.299919
2343828116.6631737,0.9970829999999999
2343828117.759526,1.0544820000000001
2343828125.471004,7.666718
2343828126.0885906,0.5785229999999999
2343828127.161779,1.0212269999999999
2343828134.2453856,7.044889
2343828139.912094,5.632689
2343828145.411173,5.444419
2343828146.294379,0.8246910000000001
2343828147.8293962,1.479053
2343828153.563836,5.646448
2343828154.995739,1.3707669999999998
2343828161.1365848,6.064691
2343828162.924234,1.7388519999999998
2343828165.08963,2.04223
2343828170.9695597,5.7596870000000004
2343828171.7911053,0.783243
2343828176.903657,5.083061
2343828178.12374,1.18544
2343828185.271258,7.107947
2343828186.4302707,1.1188339999999999
2343828195.1829495,8.698956
2343828200.3051977,5.083887
2343828201.848626,1.500606
2343828202.9807243,1.068109
2343828209.814763,6.795223
2343828215.8771667,6.002821
2343828216.8307247,0.915366
2343828223.008433,6.137094
2343828223.867207,0.811489
2343828225.119698,1.2127970000000001
2343828231.1735077,6.016343
2343828237.4685526,6.259662
2343828243.543592,6.028701
2343828244.9800453,1.394432
2343828246.430933,1.409673
2343828250.09839,3.627052
2343828256.248632,6.110987
2343828263.7429757,7.4393769999999995
2343828265.013545,1.22207
2343828266.336545,1.277006
2343828273.614966,7.22935
2343828278.268342,4.6047709999999995
2343828282.7067676,4.399819999999999
2343828283.8547177,1.104538
2343828284.9593277,1.00541
2343828290.8702774,5.848509
2343828292.28133,1.35617
2343828294.816562,2.5009419999999998
2343828296.696062,1.8389870000000001
2343828297.453157,0.714872
2343828301.6257257,4.141433
2343828308.041491,6.383945000000001
2343828309.285787,1.208368
2343828314.5635056,5.240273999999999
2343828315.322479,0.723824
2343828321.471496,6.112109
2343828322.942532,1.424391
2343828323.658898,0.6786840000000001
2343828328.317262,4.623096
2343828329.418743,1.068024
2343828335.152791,5.679315
2343828340.729301,5.511379000000001
2343828341.5136814,0.750178
2343828349.1991644,7.647383
2343828349.94872,0.7004929999999999
2343828351.341506,1.343912
2343828352.230949,0.835981
2343828354.797556,2.523174
2343828358.4321814,3.584717
2343828360.043095,1.578586
2343828361.4957867,1.415892
2343828362.840195,1.309714
2343828364.076338,1.179667
2343828365.5123973,1.394983
2343828373.977305,8.418279
2343828381.8958917,7.877383
2343828387.898366,5.969056999999999
2343828395.8553953,7.916492000000001
2343828403.153602,7.266413
2343828404.3033257,1.11154
2343828410.07238,5.691052
2343828415.2905602,5.188216
2343828423.164499,7.798738999999999
2343828428.980748,5.784663
2343828433.015304,3.973263
2343828439.290361,6.235776
2343828441.051481,1.722365
2343828445.3268557,4.198758000000001
2343828446.092384,0.7031369999999999
2343828446.697647,0.554046
2343828448.0353336,1.298488
2343828454.306624,6.217192
2343828455.9082327,1.551493
2343828460.522068,4.565307
2343828461.673769,1.117898
2343828462.6898623,0.975704
2343828463.523515,0.7917
2343828464.693017,1.109067
2343828465.6181583,0.889703
2343828467.229882,1.5764710000000002
2343828468.384901,1.108781
2343828476.236843,7.810944999999999
2343828477.341342,1.060211
2343828478.530313,1.143036
2343828479.965332,1.3749490000000002
2343828481.172583,1.139753
2343828482.2967377,1.055743
2343828482.985312,0.6496489999999999
2343828483.8269887,0.796774
2343828492.231089,8.365563
2343828498.353779,6.040928
2343828499.800675,1.379677
2343828500.885739,1.041885
2343828505.003986,4.071295
2343828509.455564,4.4190380000000005
2343828510.479608,0.9942149999999998
2343828516.24449,5.725555
2343828522.539161,6.2596240000000005
2343828527.809145,5.234441
2343828532.094987,4.246942
2343828533.002825,0.852126
2343828534.033375,0.993856
2343828537.6196446,3.539754
2343828543.096989,5.419795
2343828544.408996,1.24451
2343828545.6893597,1.194243
2343828546.3918724,0.582397
2343828554.3575397,7.882515
2343828555.654913,1.270864
2343828562.720799,7.015426
2343828566.543357,3.7971340000000002
2343828572.456174,5.880107
2343828581.339354,8.849818
2343828581.793048,0.39973899999999996
2343828582.539223,0.702399
2343828592.44857,9.850964
2343828599.067069,6.569189
2343828599.941484,0.84126
2343828606.1703773,6.1912970000000005
2343828607.115477,0.9018360000000001
2343828608.7741017,1.594115
2343828609.586422,0.735789
2343828611.153209,1.5021550000000001
2343828620.22687,9.030885000000001
2343828623.764005,3.5013449999999997
2343828624.989902,1.196593
2343828626.371888,1.344298
2343828629.967864,3.547998
2343828634.623668,4.627494
2343828635.9244885,1.258205
2343828642.542221,6.579627
2343828643.473413,0.855896
2343828650.9110203,7.394767
2343828652.440657,1.498351
2343828652.814165,0.33627100000000004
2343828654.4642334,1.606915
2343828658.0017767,3.493365
2343828664.293408,6.245673
2343828671.1497984,6.77722
2343828673.414878,2.229769
2343828674.992629,1.552299
2343828675.851639,0.827624
2343828681.523972,5.641362
2343828682.1430087,0.571217
2343828683.592158,1.4040350000000001
2343828684.65399,0.980067
2343828691.372672,6.644947
2343828701.052407,9.637767
2343828708.146967,7.052914
2343828709.0049686,0.80115
2343828710.012139,0.936813
2343828715.973936,5.904546
2343828722.3819227,6.342696999999999
2343828729.4977584,7.082272
2343828731.037061,1.500708
2343828738.217656,7.109368
2343828739.495476,1.242232
2343828740.5749593,1.0147249999999999
2343828749.294942,8.678682
2343828753.8306417,4.491433000000001
2343828754.714178,0.833167
2343828761.126652,6.35644
2343828762.7170143,1.56204
2343828764.0100846,1.251094
2343828769.8847427,5.839822
2343828770.970489,1.0424769999999999
2343828772.308669,1.2900690000000001
2343828773.4083247,1.047826
2343828778.572048,5.127978
2343828778.950302,0.34754700000000005
2343828779.953322,0.94837
2343828781.367668,1.377628
2343828782.855304,1.431133
2343828788.2219024,5.328603
2343828793.827983,5.553819
2343828795.2563276,1.384601
2343828796.5225663,1.201181
2343828801.8894,5.313402
2343828803.0392003,1.11448
2343828810.913464,7.8229619999999995
2343828811.86223,0.892906
2343828812.689741,0.788552
2343828814.253688,1.5233700000000001
2343828815.2421417,0.9184329999999999
2343828816.4219112,1.090344
2343828823.8555884,7.3957429999999995
2343828825.269993,1.3591659999999999
2343828826.187626,0.866654
2343828831.14797,4.9181
2343828832.4592857,1.283892
2343828833.4011683,0.9087459999999999
2343828838.6217456,5.189713
2343828839.6687417,1.011872
2343828845.712914,6.01135
2343828846.850783,1.096348
2343828849.664513,2.755058
2343828856.3704247,6.67063
2343828862.1113877,5.695508
2343828863.492547,1.323064
2343828870.555828,7.007723
2343828871.817546,1.221813
2343828873.010729,1.153504
2343828874.10772,1.049606
2343828875.060265,0.899045
2343828876.9224796,1.82061
2343828882.7385406,5.771511
2343828888.9128,6.139502
2343828894.8863583,5.939093000000001
2343828896.0519114,1.130785
2343828896.794938,0.686743
2343828901.3939857,4.560576
2343828909.1045923,7.663024
2343828915.4077497,6.242731
2343828923.547855,8.097883
2343828928.585664,4.9956059999999995
2343828933.506289,4.8805439999999995
2343828934.4952426,0.953662
2343828935.9257536,1.376265
2343828942.137096,6.150367
2343828942.8514957,0.679921
2343828944.328706,1.419469
2343828949.718639,5.352039
2343828950.611299,0.861583
2343828958.635646,7.980586
2343828959.64706,0.963499
2343828965.272645,5.548045
2343828966.045383,0.719542
2343828966.7750907,0.678214
2343828971.056614,4.236586
2343828978.206633,7.108485
2343828984.4273257,6.187088
2343828986.558277,2.094506
2343828987.545763,0.945959
2343828993.4794374,5.879049
2343828994.7128563,1.196185
2343828998.2930136,3.5278039999999997
2343829003.365432,5.032741000000001
2343829004.495071,1.09259
2343829010.927995,6.36106
2343829017.63324,6.6642660000000005
2343829019.107359,1.415676
2343829024.8963532,5.731018
2343829025.6936812,0.7195819999999999
2343829029.506071,3.710254
2343829030.7581463,1.223961
2343829039.0814247,8.293824
2343829039.873498,0.7423259999999999
2343829041.002955,1.0856469999999998
2343829042.0866094,1.02394
2343829043.937467,1.809988
2343829049.483085,5.492374000000001
2343829050.804013,1.2705760000000001
2343829054.852733,3.9965260000000002
2343829056.426432,1.539264
2343829061.139385,4.671659
2343829062.644733,1.060336
2343829064.798861,2.116271
2343829065.95282,1.1053879999999998
2343829067.215896,1.2229299999999999
2343829071.9988856,4.728557
2343829072.475906,0.43662300000000004
2343829076.932291,4.404855
2343829077.4922476,0.52332
2343829083.536376,6.016272
2343829084.642626,1.078946
2343829085.5607653,0.867883
2343829093.017796,7.382517
2343829099.233401,6.169639
2343829105.554742,6.269504
2343829109.25458,3.668222
2343829110.906992,1.611776
2343829114.897756,3.9454119999999997
2343829115.600472,0.660721
2343829120.96357,5.320741
2343829124.450889,3.424537
2343829127.75552,3.2584609999999996
2343829129.723684,1.936328
2343829131.911558,1.759744
2343829133.692148,1.722671
2343829140.510628,6.761536
2343829146.774093,6.208269
2343829152.3968453,5.582211999999999
2343829153.577575,1.148665
2343829162.189029,8.577261
2343829165.2298,2.9307600000000003
2343829168.403396,3.091635
2343829174.900688,6.392402000000001
2343829183.571896,8.644983
2343829184.42018,0.806588
2343829186.208826,1.741643
2343829187.255335,0.974468
2343829194.581976,7.2913630000000005
2343829202.2124014,7.583199
2343829205.896663,3.643775
2343829207.517805,1.579955
2343829215.253254,7.6891989999999995
2343829216.338316,1.041031
2343829217.666187,1.267105
2343829224.793752,7.070855
2343829229.785074,4.942597
2343829233.718875,3.8903190000000003
2343829239.7543674,5.9976650000000005
2343829240.777126,0.9951230000000001
2343829242.22743,1.139423
2343829246.015315,3.743977
2343829247.372033,1.325405
2343829248.459936,1.046188
2343829255.414028,6.909155
2343829261.719785,6.261918
2343829262.373453,0.620175
2343829264.289536,1.8815920000000002
2343829272.094396,7.762319
2343829282.453195,9.830047
2343829290.4200454,7.937565
2343829291.564948,1.114452
2343829293.264726,1.661885
2343829299.6159863,6.314948
2343829304.603755,4.934747
2343829311.708003,7.056107
2343829314.93044,3.1877429999999998
2343829316.320299,1.343859
2343829318.159397,1.785088
2343829319.5035872,1.2685739999999999
2343829321.053727,1.503381
2343829322.261409,1.159758
2343829323.500058,1.19953
2343829331.737414,8.162374999999999
2343829336.902021,5.137783
2343829337.422915,0.49589700000000003
2343829338.209616,0.755874
2343829343.820768,5.581179000000001
2343829348.2060537,4.360352
2343829349.315176,1.07205
2343829350.837099,1.480875
2343829357.829374,6.956323
2343829358.638998,0.775355
2343829359.5664153,0.886032
2343829363.710264,4.107214
2343829364.7623134,1.004586
2343829365.83805,1.036704
2343829371.160292,5.28379
2343829372.447272,1.248193
2343829373.090195,0.601402
2343829374.802552,1.658795
2343829376.034983,1.191723
2343829377.1176267,1.0474519999999998
2343829381.222862,4.061803
2343829385.967773,4.704499
2343829394.236024,8.238212
2343829395.7067037,1.430747
2343829402.2560687,6.506011
2343829410.344264,8.03538
2343829416.034861,5.637936
2343829423.3992867,6.973872
2343829424.724569,1.2913759999999999
2343829431.749168,6.98041
2343829437.3345013,5.467836999999999
2343829439.093192,1.7194420000000001
2343829439.899709,0.7545810000000001
2343829446.735378,6.797337
2343829447.976014,1.1921849999999998
2343829456.576097,8.542093000000001
2343829458.833463,2.192716
2343829460.099694,1.19854
2343829465.929081,5.770481
2343829467.227193,1.269675
2343829468.113233,0.8450639999999999
2343829468.616031,0.472282
2343829469.518352,0.861229
2343829472.590413,3.0296239999999997
2343829473.321948,0.691745
2343829480.853569,7.496246
2343829481.8060107,0.910467
2343829488.7558537,6.915674999999999
2343829489.793895,0.9767359999999999
2343829490.76557,0.934272
2343829491.767763,0.961871
2343829499.682499,7.870683999999999
2343829505.5540137,5.840902
2343829507.046688,1.452915
2343829508.450379,1.367226
2343829516.0791807,7.579478
2343829516.617654,0.503764
2343829517.463077,0.801843
2343829518.567783,1.057992
2343829524.2247033,5.613385
2343829525.099337,0.827155
2343829526.08348,0.950039
2343829532.328666,6.197297
2343829533.033,0.671067
2343829534.0372047,0.955091
2343829534.926339,0.852442
2343829541.798005,6.834296
2343829543.299078,1.418997
2343829549.671873,6.282081
2343829555.221303,5.511423
2343829556.360462,1.1143310000000002
2343829558.032765,1.599764
2343829563.20447,5.142569
2343829564.9057736,1.650802
2343829565.8905373,0.707255
2343829572.7764497,6.8391340000000005
2343829573.953025,1.1415170000000001
2343829578.399149,4.393376
2343829579.624321,1.19434
2343829580.774842,1.11038
2343829586.561545,5.730021
2343829587.686707,1.08029
2343829595.7990637,8.068083999999999
2343829596.5981164,0.766872
2343829597.59319,0.9611
2343829602.81877,5.1915
2343829606.833315,3.9784759999999997
2343829607.9554067,1.075023
2343829608.60769,0.589792
2343829618.727948,10.049597
2343829626.618169,7.8644289999999994
2343829627.597254,0.899076
2343829631.866024,4.220438
2343829637.789859,5.8714830000000005
2343829642.793762,4.961349
2343829648.891651,6.039521
2343829649.8345647,0.911941
2343829656.020268,6.151341
2343829657.376599,1.322713
2343829658.435732,1.022891
2343829659.167826,0.679774
2343829660.318991,1.10707
2343829666.0521913,5.682518999999999
2343829667.621959,1.5022309999999999
2343829668.6586223,0.950371
2343829674.461104,5.73301
2343829675.3385754,0.841261
2343829676.341658,0.971311
2343829680.512129,4.137873
2343829681.073449,0.5359689999999999
2343829682.145337,1.040515
2343829690.4419827,8.260271
2343829691.465999,0.9927969999999999
2343829692.8421283,1.339827
2343829693.895904,1.01603
2343829700.533206,6.588032
2343829705.313188,4.734436
2343829712.496948,7.150142
2343829717.987348,5.443510000000001
2343829723.147498,5.126313000000001
2343829727.566746,4.383793000000001
2343829728.5934143,0.978628
2343829729.058701,0.425447
2343829733.655275,4.548645
2343829735.645613,1.942833
2343829736.515826,0.8067960000000001
2343829737.2802796,0.722085
2343829743.657742,6.338489999999999
2343829753.72066,9.984257
2343829755.135834,1.374417
2343829756.4458303,1.278479
2343829757.407784,0.9218959999999999
2343829758.634603,1.1611900000000002
2343829759.1508536,0.48439899999999997
2343829764.482557,5.29091
2343829772.155594,7.647005999999999
2343829773.3731627,1.1789999999999998
2343829778.765099,5.347176
2343829780.082997,1.2864499999999999
2343829784.263214,4.1428910000000005
2343829785.911578,1.609969
2343829791.081157,5.116105999999999
2343829796.4914417,5.353168999999999
2343829803.652939,7.131546
2343829810.6179976,6.938765
2343829813.370049,2.716772
2343829821.461611,8.046831000000001
2343829829.612657,8.112749
2343829830.272684,0.6122449999999999
2343829833.391171,3.077149
2343829835.099599,1.6710239999999998
2343829841.257094,6.1120339999999995
2343829842.184159,0.873746
2343829849.282932,7.02617
2343829856.886791,7.550856
2343829858.47307,1.5493869999999998
2343829863.335593,4.830026999999999
2343829866.824481,3.4522519999999997
2343829873.223698,6.353662000000001
2343829880.495542,7.224976
2343829884.668475,4.142578
2343829886.2286463,1.511903
2343829892.643899,6.387056
2343829897.417173,4.734584
2343829897.799816,0.33397899999999997
2343829904.249419,6.3922
2343829904.80342,0.516644
2343829905.686598,0.8521139999999999
2343829906.4133267,0.689091
2343829907.767236,1.3237139999999998
2343829908.7290077,0.920612
2343829909.362446,0.571069
2343829909.8806033,0.478846
2343829913.8868723,3.970765
2343829915.329173,1.3829280000000002
2343829916.719989,1.2892590000000002
2343829918.497121,1.683613
2343829925.9021373,7.279999
2343829926.943738,0.9992899999999999
2343829931.825947,4.836984
2343829937.98564,6.1187510000000005
2343829942.473436,4.446816999999999
2343829948.956975,6.425193
2343829956.462107,7.453239
2343829962.505648,6.011143
2343829970.237508,7.69817
2343829977.328613,7.0201769999999994
2343829982.8393903,5.465516999999999
2343829983.532195,0.655633
2343829988.777518,5.189228
2343829990.012322,1.1921220000000001
2343829990.776801,0.727708
2343829992.2653418,1.444805
2343830001.356752,9.046598
2343830007.751742,6.354007
2343830010.949431,3.1669189999999996
2343830015.621498,4.616734
2343830021.003665,5.331659
2343830021.891391,0.85001
2343830022.717482,0.784426
2343830023.722726,0.965795
2343830024.320566,0.55188
2343830030.370871,6.02192
2343830035.6018023,5.204635
2343830040.743703,5.116048
2343830046.404012,5.6174290000000004
2343830148.700469,102.260523
2343830166.199423,17.390626
2343830167.703984,1.399632
2343830174.009062,6.22196
2343830174.7616763,0.6355160000000001
2343830179.3092732,4.483248
2343830228.032962,48.666045
2343830242.623975,14.526418
2343830249.748522,7.059084
2343830250.751133,0.926342
2343830253.9607983,3.159476
2343830367.9397383,113.920148
2343830380.147665,12.107323
2343830381.33027,1.104621
2343830382.396595,0.996272
2343830388.96013,6.518186
2343830395.552338,6.545886
2343830396.9644227,1.346333
2343830402.24548,5.243141
2343830409.451212,7.161878
2343830412.786377,3.2970400000000004
2343830418.300617,5.454857
2343830419.524632,1.123928
2343830420.509551,0.945261
2343830427.0952277,6.551435000000001
2343830428.570738,1.437961
2343830429.652896,1.049479
2343830437.5483727,7.865046
2343830540.92529,103.316253
2343830542.599156,1.590336
2343830551.041148,8.373297
2343830551.728698,0.6087710000000001
2343830552.635629,0.8731840000000001
2343830570.868528,18.185058
2343830571.70294,0.797195
2343830572.783832,1.043932
2343830574.5108056,1.621291
2343830585.090919,10.517532
2343830586.925048,1.78818
2343830587.448625,0.479314
2343830588.430026,0.9376220000000001
2343830591.8876247,3.405608
2343830594.536978,2.596301
2343830598.845169,4.269605
2343830600.942772,2.061321
2343830601.3903704,0.411817
2343830643.854592,42.423415999999996
2343830645.8337593,1.8898949999999999
2343830697.417037,51.450358
2343830714.229822,16.736418
2343830716.577235,2.29942
2343830740.238994,23.604046999999998
2343830741.958418,1.681777
2343830772.243876,30.239480999999998
2343830864.811744,92.53121999999999
2343830865.6379843,0.742209
2343830866.989353,1.2551999999999999
2343830932.9652853,65.932658
2343830946.1971426,13.145739
2343830947.557069,1.319449
2343830948.865135,1.258968
2343830949.7604213,0.847298
2343830956.1672316,6.360855
2343830958.908423,2.637481
2343830960.8144803,1.856866
2343831072.131466,111.277102
2343831074.440527,2.20387
2343831082.7531033,8.242583
2343831132.0511594,49.236126999999996
2343831134.157352,2.039914
2343831144.3167624,10.077769
2343831150.0222583,5.6416319999999995
2343831156.538147,6.477996
2343831157.661201,1.082861
2343831164.190711,6.460647
2343831165.145777,0.821434
2343831173.096031,7.86041
2343831181.606749,8.464364999999999
2343831182.558951,0.896845
2343831183.248557,0.6423719999999999
2343831184.879243,1.586006
2343831189.3534956,4.434261
2343831190.547321,1.148844
2343831191.415168,0.814932
2343831192.3478947,0.890145
2343831200.463379,8.054382
2343831210.707111,10.191109
2343831218.490776,7.748541
2343831235.221092,16.670138
2343831236.875067,1.614921
2343831247.757675,10.812999
2343831249.753121,1.940095
2343831251.138186,1.342053
2343831254.1354837,2.939871
2343831264.8065963,10.621849
2343831276.406497,11.550724
2343831278.1404448,1.662438
2343831279.8470902,1.645446
2343831281.85683,1.945177
2343831284.13063,2.16065
2343831285.296895,1.126701
2343831287.101606,1.767803
2343831287.880556,0.6176140000000001
2343831306.907496,18.962719
2343831310.039551,3.091459
2343831310.8318377,0.7473449999999999
2343831312.3913684,1.493212
2343831317.600665,5.133144
2343831318.113011,0.466355
2343831326.187272,8.024118999999999
2343831327.7010794,1.4791050000000001
2343831329.860045,2.119662
2343831339.417334,9.516732
2343831340.356114,0.8981129999999999
2343831342.248775,1.842992
2343831351.501632,9.186767
2343831354.155876,2.6112919999999997
2343831366.21418,12.021072
2343831369.308873,3.036216
2343831371.599591,2.236402
2343831372.137344,0.49703400000000003
2343831378.3838234,6.168947999999999
2343831389.427547,10.998244000000001
2343831391.0870266,1.6015490000000001
2343831392.751845,1.6069630000000001
2343831403.0554123,10.234125
2343831404.944549,1.854171
2343831407.331013,2.344824
2343831415.68897,8.315147999999999
2343831418.3259,2.530858
2343831420.136106,1.7631400000000002
2343831428.673027,8.477397
2343831436.434253,7.713793
2343831438.010422,1.5292999999999999
2343831440.725673,2.664081
2343831443.740392,2.9612979999999998
2343831456.710418,12.928234999999999
2343831462.535943,5.768169
2343831464.157064,1.547311
2343831472.137976,7.933121
2343831479.400815,7.224647
2343831485.8843427,6.450529
2343831492.2407618,6.273669
2343831493.433064,1.1506489999999998
2343831494.6183486,1.1392520000000002
2343831496.560729,1.886584
2343831498.5651517,1.901233
2343831504.1174383,5.516769
2343831511.47532,7.325876999999999
2343831516.234816,4.724387
2343831523.674038,7.383324
2343831525.427437,1.690647
2343831526.604487,1.1078649999999999
2343831528.318916,1.6533
2343831533.410261,5.024856000000001
2343831541.672831,8.228627000000001
2343831542.649125,0.9368609999999999
2343831549.595035,6.90437
2343831554.732738,5.087282999999999
2343831556.572716,1.790235
2343831564.537664,7.897793999999999
2343831566.178433,1.604136
2343831570.990487,4.762899
2343831577.563825,6.52497
2343831583.520744,5.925999
2343831584.927595,1.376881
2343831586.2896852,1.307619
2343831593.463454,7.12019
2343831594.960154,1.454163
2343831602.903673,7.905257000000001
2343831608.389303,5.451997
2343831612.6424103,4.20198
2343831613.760069,1.0831110000000002
2343831615.295174,1.495863
2343831616.773406,1.4263109999999999
2343831618.137019,1.3219530000000002
2343831624.303739,6.094259
2343831629.3183613,4.94928
2343831630.314514,0.961112
2343831636.835077,6.474512
2343831639.002941,2.133698
2343831639.561678,0.518438
2343831641.563118,1.9531840000000003
2343831646.76014,5.121187
2343831652.266061,5.464601
2343831654.1981564,1.8445880000000001
2343831656.6694202,2.39826
2343831658.322685,1.610422
2343831662.799598,4.443391
2343831664.132229,1.259601
2343831672.959541,8.733130000000001
2343831674.094581,1.109168
2343831675.210854,1.07603
2343831678.7124743,3.472169
2343831685.758648,7.019913
2343831686.694277,0.900153
2343831688.1335273,1.395492
2343831694.381237,6.197544
2343831704.429502,10.004741
2343831706.228251,1.74927
2343831707.836479,1.5617020000000001
2343831716.399514,8.518645
2343831723.833468,7.3661710000000005
2343831724.9851418,1.1060180000000002
2343831733.494282,8.455435000000001
2343831734.972792,1.443141
2343831736.296542,1.268802
2343831747.498667,11.149966000000001
2343831752.8960752,5.353544
2343831754.225433,1.294046
2343831754.967181,0.692616
2343831762.07,7.048465
2343831763.4210157,1.288656
2343831764.381274,0.9024979999999999
2343831765.327379,0.883977
2343831772.322029,6.938788000000001
2343831774.107796,1.752744
2343831775.212363,1.06538
2343831776.549531,1.304402
2343831783.072906,6.479508999999999
2343831784.652842,1.547765
2343831786.3598723,1.651526
2343831793.771018,7.361565
2343831794.4638247,0.640413
2343831794.934188,0.432698
2343831796.0651636,1.090251
2343831796.922086,0.8132630000000001
2343831797.882549,0.9219080000000001
2343831799.124877,1.203028
2343831800.863977,1.7000190000000002
2343831809.791062,8.87297
2343831818.000431,8.152092
2343831819.72946,1.6969649999999998
2343831831.228468,11.459975
2343831832.023167,0.742591
2343831836.15438,4.067857
2343831837.7436337,1.5164009999999999
2343831838.213869,0.417246
2343831839.195665,0.929169
2343831840.234784,0.998068
2343831841.434833,1.13627
2343831842.9548707,1.425136
2343831844.071322,1.0613569999999999
2343831851.4732447,7.315233
2343831862.0296087,10.529396
2343831869.040237,6.958741
2343831873.924777,4.845788
2343831875.887556,1.916719
2343831877.715158,1.7782099999999998
2343831884.69344,6.92626
2343831892.582215,7.8326139999999995
2343831897.580003,4.951749
2343831898.5019994,0.882771
2343831899.193576,0.6501499999999999
2343831906.088356,6.858147
2343831907.526071,1.3932820000000001
2343831912.7333508,5.157907
2343831920.481722,7.687595
2343831926.940238,6.421207
2343831933.57785,6.594269
2343831938.578008,4.931635
2343831939.408095,0.788755
2343831947.69629,8.241508999999999
2343831948.17581,0.44990600000000003
2343831951.832309,3.6198810000000003
2343831954.070817,2.2002050000000004
2343831966.061694,11.954153
2343831967.064865,0.94719
2343831970.411541,3.285771
2343831985.913397,15.438208
2343831986.812296,0.853521
2343831991.7935143,4.884264
2343831995.272261,3.428137
2343831995.726712,0.40026100000000003
2343831999.517227,3.7390190000000003
2343831999.955672,0.398796
2343832006.832778,6.798907
2343832007.607897,0.716734
2343832019.965452,12.311444
2343832022.735157,2.713506
2343832027.053267,4.286283999999999
2343832043.918127,16.80088
2343832044.703172,0.710406
2343832045.732755,0.935387
2343832050.159772,4.379588999999999
2343832054.229085,4.030975
2343832054.7395573,0.457918
2343832057.492,2.701147
2343832060.314892,2.773788
2343832077.816638,17.455712000000002
2343832084.1496663,6.2965979999999995
2343832091.259757,7.075332
2343832092.022276,0.719599
2343832093.101511,1.021059
2343832093.8696713,0.7232989999999999
2343832100.166498,6.224232
2343832101.002879,0.804874
2343832108.124746,7.0878879999999995
2343832115.720012,7.554364
2343832122.989935,7.2298789999999995
2343832132.275908,9.23388
2343832139.464284,7.149182
2343832146.317474,6.804522
2343832153.888289,7.525952
2343832154.755567,0.827041
2343832156.25906,1.4581609999999998
2343832162.419166,6.09434
2343832169.330241,6.848249
2343832178.537312,9.177567
2343832179.50825,0.941915
2343832187.966937,8.407535000000001
2343832189.579908,1.5650169999999999
2343832199.388605,9.759844
2343832200.712014,1.273643
2343832202.003432,1.238507
2343832202.637083,0.601063
2343832204.260278,1.5908579999999999
2343832205.5034747,1.20307
2343832207.9215302,2.387696
2343832211.879272,3.9313860000000003
2343832213.074979,1.1657250000000001
2343832214.1162434,0.976117
2343832215.9411077,1.778902
2343832217.1934724,1.196831
2343832218.65061,1.420686
2343832219.692749,0.9848070000000001
2343832226.722176,6.984624
2343832236.070091,9.320703
2343832236.814062,0.703218
2343832244.651265,7.7957920000000005
2343832255.059118,10.373562
2343832256.515803,1.397122
2343832257.9822497,1.418175
2343832259.612721,1.584285
2343832263.566503,3.90455
2343832264.575292,0.980398
2343832274.335098,9.727269999999999
2343832277.926093,3.560217
2343832282.5608883,4.5973239999999995
2343832287.883822,5.280476
