2343816302.049526,5.795586999999999
2343816303.839222,1.710931
2343816305.374321,1.504861
2343816314.4954967,9.071506
2343816315.6475587,1.115647
2343816322.554063,6.862496
2343816324.6400013,2.015762
2343816326.567506,1.8670799999999999
2343816327.534654,0.8932220000000001
2343816334.5661488,6.988493
2343816335.416884,0.8223790000000001
2343816337.1778836,1.7262149999999998
2343816338.3250546,1.109953
2343816343.080161,4.678718999999999
2343816349.16297,6.027558
2343816350.273645,1.070033
2343816355.97334,5.639374
2343816357.3058734,1.2849549999999998
2343816358.8391414,1.49545
2343816360.200065,1.314095
2343816367.213852,6.971909
2343816367.7074018,0.462425
2343816370.9219227,3.1691599999999998
2343816378.604678,7.633377
2343816379.516119,0.8737779999999999
2343816379.910256,0.35431599999999996
2343816381.28539,1.335178
2343816382.814464,1.461279
2343816384.212192,1.33949
2343816389.546156,5.262992000000001
2343816390.949542,1.340366
2343816398.0859437,6.6080239999999995
2343816404.791155,6.673406
2343816409.981899,5.138491999999999
2343816411.905156,1.784596
2343816417.29385,4.971996
2343816419.240397,1.832946
2343816426.131033,6.844925
2343816427.622056,1.418456
2343816432.917667,5.250989000000001
2343816433.853425,0.894547
2343816439.91794,6.010131
2343816444.5552893,4.607049
2343816446.3660183,1.7782609999999999
2343816447.796307,1.3939009999999998
2343816449.114912,1.253957
2343816450.619923,0.982959
2343816451.784535,1.10932
2343816453.10814,1.264931
2343816458.638473,5.4553270000000005
2343816467.651827,8.977846
2343816474.533327,6.839205
2343816482.445996,7.843509
2343816484.219716,1.7217580000000001
2343816487.44344,3.177711
2343816489.075542,1.5914869999999999
2343816494.3548007,5.244428
2343816495.712922,1.3269
2343816497.029863,1.26994
2343816497.768971,0.694488
2343816502.129149,4.327668
2343816503.17246,0.9951890000000001
2343816511.232212,8.021219
2343816513.022582,1.7532260000000002
2343816518.2200375,4.800972
2343816529.036032,10.766872000000001
2343816534.401733,5.313292
2343816542.376311,7.668895999999999
2343816543.838975,1.39892
2343816549.400935,5.425962
2343816556.370588,6.5936889999999995
2343816561.206487,4.800962
2343816562.3316193,1.081235
2343816563.7724094,1.399
2343816570.655928,6.782869000000001
2343816576.976194,6.279275
2343816581.3204947,4.314412
2343816583.0991197,1.722941
2343816590.5519023,7.410447
2343816591.894616,1.249919
2343816599.297068,7.370373000000001
2343816607.224029,7.883641
2343816607.881473,0.6029549999999999
2343816609.260179,1.311298
2343816616.698618,7.362314
2343816622.966943,6.228657999999999
2343816623.689081,0.68545
2343816629.973856,6.248138
2343816637.401855,7.376342999999999
2343816638.281267,0.841194
2343816639.703967,1.3414430000000002
2343816641.5005603,1.738715
2343816648.591678,7.050159000000001
2343816653.0689907,4.441803
2343816657.045241,3.9392000000000005
2343816664.9710097,7.898769
2343816667.1962256,2.1404050000000003
2343816668.569847,1.313598
2343816669.433834,0.818485
2343816671.465144,1.985874
2343816672.8707433,1.353828
2343816674.819663,1.885494
2343816675.843946,0.96212
2343816676.909471,1.034591
2343816682.334467,5.391454
2343816684.012517,1.644272
2343816685.029138,0.9785950000000001
2343816690.0486603,4.985482999999999
2343816691.0325828,0.928276
2343816697.9956694,6.868972
2343816699.3924737,1.001589
2343816700.0611324,0.592114
2343816701.824138,1.723835
2343816703.6290393,1.731003
2343816704.523852,0.854073
2343816705.425628,0.85202
2343816712.687161,7.223414
2343816718.8041663,6.06347
2343816724.249183,5.416567
2343816729.191726,4.909079
2343816737.109969,7.865803
2343816741.322743,4.173188000000001
2343816746.0429606,4.687877
2343816753.962755,7.879779
2343816760.792213,6.766865
2343816762.227261,1.387754
2343816767.467777,5.179600000000001
2343816773.523467,6.002676
2343816780.094713,6.539587
2343816788.104804,7.9405090000000005
2343816793.136005,4.972227
2343816794.259224,1.086518
2343816795.7567782,1.457793
2343816802.709612,6.919958
2343816803.579848,0.84365
2343816807.881481,4.268247000000001
2343816813.7555847,5.841635
2343816817.867857,4.0839550000000004
2343816819.1196423,1.218738
2343816827.6358123,8.443462
2343816828.1979823,0.522552
2343816833.8002253,5.558287
2343816841.202358,7.344587
2343816847.755537,6.521537
2343816854.04824,6.247346
2343816855.429178,1.336977
2343816861.2508473,5.760515
2343816864.8114643,3.530958
2343816866.356184,1.506222
2343816866.673052,0.26547099999999996
2343816874.7014284,7.990328
2343816880.205805,5.468749
2343816881.483029,1.2034369999999999
2343816882.5818343,1.040177
2343816883.582406,0.961699
2343816889.715199,6.065975000000001
2343816890.786755,1.012183
2343816899.593838,8.766297
2343816901.25763,1.612477
2343816907.847714,6.547631
2343816913.44236,5.552896
2343816914.87057,1.292572
2343816921.015808,6.086809000000001
2343816922.07688,1.0269949999999999
2343816926.2798243,4.164461999999999
2343816927.2268567,0.910784
2343816928.483825,1.21955
2343816933.8366423,5.3096749999999995
2343816935.197983,1.331339
2343816942.695066,7.431379
2343816948.807357,6.078415000000001
2343816950.05294,1.211012
2343816956.301191,6.2039349999999995
2343816957.439062,1.096081
2343816960.5898724,3.111609
2343816961.919561,1.287739
2343816963.2213416,1.262422
2343816963.6904926,0.42618799999999996
2343816969.367109,5.6253470000000005
2343816975.718479,6.306263
2343816980.447507,4.685586000000001
2343816981.59344,1.1123800000000001
2343816983.067808,1.430606
2343816991.955202,8.842641
2343816993.5033593,1.463318
2343816994.419517,0.8622639999999999
2343816995.5681033,1.10613
2343816999.423297,3.819129
2343817000.620891,1.147787
2343817008.4328322,7.755865
2343817009.1363378,0.656614
2343817015.805487,6.62562
2343817016.960334,1.125633
2343817018.0951,1.090668
2343817024.6393647,6.493600000000001
2343817030.127897,5.4523649999999995
2343817031.358568,1.1742059999999999
2343817036.345216,4.901800000000001
2343817038.359039,1.951411
2343817040.165915,1.707339
2343817041.043797,0.772117
2343817046.9169292,5.843046
2343817047.5580807,0.614679
2343817055.154277,7.568134
2343817058.349915,3.1300820000000003
2343817059.878653,1.437898
2343817065.437464,5.505362
2343817066.8405743,1.352719
2343817071.471356,4.598047
2343817072.562673,1.061943
2343817077.60626,5.009144999999999
2343817085.706161,8.060265000000001
2343817092.876415,7.096353
2343817100.0764318,7.152845
2343817106.8637233,6.752387000000001
2343817108.218912,1.295579
2343817109.043402,0.7820560000000001
2343817116.554657,7.470138
2343817118.047674,1.4513939999999999
2343817119.240336,1.1610340000000001
2343817120.822168,1.547655
2343817121.91835,1.0498020000000001
2343817122.571486,0.6114099999999999
2343817123.6052427,0.9773379999999999
2343817129.342285,5.704578
2343817134.535134,5.1651370000000005
2343817139.316743,4.724345
2343817140.1944613,0.834096
2343817143.4895053,3.24415
2343817144.6209087,1.100427
2343817145.432833,0.761989
2343817146.3930387,0.915329
2343817152.98294,6.545579
2343817160.133525,7.114167
2343817166.693396,6.5086889999999995
2343817174.276086,7.539299
2343817175.987043,1.666183
2343817177.437466,1.39689
2343817179.2046337,1.7110969999999999
2343817179.893595,0.64564
2343817187.627219,7.687271
2343817189.028956,1.364306
2343817196.811502,7.704474
2343817197.430134,0.589967
2343817201.091606,3.618119
2343817208.822045,7.644978
2343817215.290186,6.421554
2343817217.649907,2.295395
2343817218.757368,1.0724289999999999
2343817219.6890793,0.8927050000000001
2343817226.06083,6.32507
2343817230.458233,4.350553
2343817238.242897,7.734495
2343817243.498545,5.20739
2343817245.246761,1.70068
2343817254.910367,9.611845
2343817256.2989283,1.332545
2343817260.601687,4.231027
2343817266.609183,5.95329
2343817273.2411513,6.583122
2343817280.032375,6.748956000000001
2343817280.9756484,0.912689
2343817281.7510667,0.740559
2343817288.602599,6.817417
2343817289.646325,0.931953
2343817290.363748,0.6623659999999999
2343817295.2851787,4.874883
2343817300.504983,5.177591
2343817309.096775,8.549795000000001
2343817309.5477157,0.41474
2343817310.763772,1.1719009999999999
2343817312.055033,1.260122
2343817319.467022,7.378266
2343817326.5959578,7.102647
2343817333.837817,7.208799
2343817334.8559403,0.9698140000000001
2343817335.793923,0.889162
2343817342.891329,7.034316
2343817343.7393723,0.806634
2343817344.330124,0.549042
2343817345.088083,0.718497
2343817351.719023,6.5959010000000005
2343817352.6549044,0.902292
2343817353.659956,0.9684119999999999
2343817360.776588,7.069737000000001
2343817367.653491,6.830287
2343817369.395443,1.6902480000000002
2343817370.298954,0.8599979999999999
2343817370.753728,0.398594
2343817378.4171443,7.589376
2343817379.406409,0.953502
2343817380.473927,1.019075
2343817382.308667,1.764628
2343817385.9787116,3.6220179999999997
2343817392.136576,6.108429999999999
2343817399.198887,7.001371
2343817401.937818,2.7119280000000003
2343817403.051766,1.08121
2343817404.4389677,1.353549
2343817405.413176,0.9379879999999999
2343817412.434621,6.955078
2343817418.5895,6.069654
2343817419.587814,0.967472
2343817421.388214,1.757884
2343817427.11423,5.687521
2343817435.085816,7.940565
2343817436.243288,1.123713
2343817444.198172,7.898203
2343817452.186449,7.9497040000000005
2343817453.707105,1.485244
2343817461.580435,7.8316870000000005
2343817462.6464787,1.0252320000000001
2343817467.0426188,4.344514
2343817468.450653,1.373791
2343817474.644659,6.1482079999999995
2343817475.7403097,1.0357109999999998
2343817477.7286787,1.919084
2343817478.446228,0.665684
2343817479.626075,1.10748
2343817486.996871,7.3214250000000005
2343817490.3917522,3.3568629999999997
2343817491.311522,0.880328
2343817498.4024982,7.049277
2343817504.4757657,6.033657000000001
2343817505.7252398,1.192
2343817512.1435027,6.349092
2343817515.8834376,3.6987539999999997
2343817521.103994,5.177227
2343817522.690894,1.52227
2343817528.205769,5.476848
2343817529.322102,1.079661
2343817530.290464,0.934721
2343817539.977531,9.639586
2343817544.891023,4.8181389999999995
2343817545.603128,0.6721779999999999
2343817546.721334,1.078936
2343817555.804796,9.025858
2343817556.228844,0.39021900000000004
2343817557.744734,1.485081
2343817558.854045,1.063227
2343817560.2451086,1.352111
2343817560.798436,0.507177
2343817561.434966,0.5917509999999999
2343817562.44053,0.959824
2343817568.088865,5.607805000000001
2343817573.905081,5.784898
2343817574.75535,0.8095669999999999
2343817576.0756392,1.284378
2343817584.2940907,8.165065
2343817585.758935,1.417157
2343817592.0676613,6.270515
2343817593.1114993,1.012354
2343817594.233313,1.085472
2343817595.509289,1.22057
2343817599.1424227,3.587237
2343817604.061889,4.873101
2343817605.592895,1.473028
2343817614.407839,8.776352
2343817622.963607,8.504599
2343817624.054614,1.048403
2343817625.213527,1.110057
2343817626.248136,0.997522
2343817631.788888,5.472402000000001
2343817635.972976,4.15069
2343817640.422798,4.373221
2343817648.210879,7.747943
2343817649.092159,0.846752
2343817650.122107,0.9859479999999999
2343817657.695637,7.516837
2343817658.889429,1.149203
2343817659.5969253,0.638812
2343817666.673536,7.040789
2343817667.514065,0.785802
2343817669.041604,1.487068
2343817676.842774,7.753557000000001
2343817677.937245,1.0667179999999998
2343817678.8026037,0.8168070000000001
2343817679.3426523,0.504738
2343817686.430984,7.053089
2343817687.3555613,0.881629
2343817688.379176,0.9833109999999999
2343817689.3631673,0.925269
2343817690.8929887,1.45478
2343817697.652754,6.7091199999999995
2343817698.64,0.9542529999999999
2343817700.154098,1.449613
2343817705.485758,5.293919
2343817716.4900436,10.968572
2343817721.662281,5.10097
2343817722.492554,0.713647
2343817728.071631,5.5267729999999995
2343817731.68671,3.577093
2343817737.5255294,5.801359
2343817744.2834663,6.714798999999999
2343817745.610358,1.271824
2343817750.120808,4.46164
2343817751.1470194,0.9945130000000001
2343817755.42146,4.236402999999999
2343817761.0288553,5.5596630000000005
2343817762.433968,1.358534
2343817763.647305,1.1767679999999998
2343817770.473523,6.783167
2343817778.4448166,7.90834
2343817785.1900144,6.698539
2343817790.157863,4.920797
2343817791.101437,0.869491
2343817796.88157,5.714815
2343817804.970296,8.043283
2343817806.747243,1.74562
2343817811.4746146,4.665131000000001
2343817812.430771,0.923322
2343817816.678285,4.213704000000001
2343817818.044902,1.3136409999999998
2343817824.7319818,6.630985
2343817832.654656,7.851583000000001
2343817836.529524,3.837984
2343817836.933233,0.375357
2343817838.185657,1.219497
2343817839.6582084,1.415799
2343817846.439939,6.7438
2343817847.713352,1.197285
2343817849.222435,1.470631
2343817850.3565063,1.09787
2343817851.3437448,0.95426
2343817856.784837,5.361519
2343817860.406995,3.596555
2343817862.251143,1.8084259999999999
2343817868.55176,6.275907
2343817870.029289,1.438072
2343817931.238776,61.161259
2343817937.814595,6.474528
2343817945.0867276,7.124259
2343817951.3686194,6.251653999999999
2343817960.2708387,8.867180000000001
2343818029.096303,68.79086099999999
2343818034.152155,4.981789
2343818036.51651,2.276259
2343818037.378835,0.772154
2343818039.313573,1.869521
2343818040.3685865,0.969404
2343818042.499911,2.0984659999999997
2343818064.723807,22.198791
2343818077.8620358,13.083214
2343818080.081368,2.1538049999999997
2343818081.140662,1.006215
2343818081.997528,0.8086220000000001
2343818087.8020477,5.757713
2343818143.4172664,55.572748
2343818144.363586,0.814248
2343818203.781817,59.351024
2343818204.983138,1.1347040000000002
2343818207.346951,2.2972140000000003
2343818222.789776,15.375296
2343818224.328217,1.4766810000000001
2343818225.419764,1.031431
2343818231.243569,5.764652
2343818238.962411,7.677833000000001
2343818240.303141,1.3011780000000002
2343818240.851169,0.49126200000000003
2343818241.6538568,0.761249
2343818272.263937,30.574339
2343818308.780349,36.46534
2343818321.76694,12.896856999999999
2343818328.1875367,6.385646
2343818329.207061,0.979843
2343818331.269456,1.987551
2343818339.40094,8.082316
2343818341.98618,2.518236
2343818346.4672127,4.432939999999999
2343818349.215073,2.6863910000000004
2343818356.939146,7.676438
2343818364.1532354,7.181391
2343818372.176786,7.991886
2343818373.1089683,0.86403
2343818375.102581,1.934451
2343818376.137125,0.993721
2343818378.901546,2.680905
2343818391.9746017,12.986341
2343818393.718096,1.680235
2343818395.1861353,1.42509
2343818397.2050223,1.969496
2343818407.960845,10.648832
2343818419.471306,11.428086
2343818421.8609467,2.326097
2343818422.745243,0.843969
2343818434.57858,11.780361
2343818435.276724,0.658725
2343818442.679248,7.347572
2343818445.4452863,2.695644
2343818455.031455,9.523520000000001
2343818456.7044077,1.632495
2343818459.502998,2.735916
2343818462.590389,3.021213
2343818463.778906,1.129573
2343818465.217298,1.333632
2343818476.092415,10.793894
2343818477.6087503,1.4864050000000002
2343818487.214468,9.568118
2343818490.16675,2.915432
2343818492.708641,2.500514
2343818503.62315,10.8664
2343818504.23233,0.568033
2343818515.119598,10.822971
2343818527.67071,12.48378
2343818530.9994273,3.277377
2343818533.2202415,2.142637
2343818544.8260837,11.5382
2343818545.675168,0.7924209999999999
2343818546.985724,1.270723
2343818555.7038927,8.667745
2343818558.551372,2.765017
2343818561.522061,2.897734
2343818563.360571,1.804274
2343818566.2191067,2.782424
2343818581.1820083,14.916115000000001
2343818582.0329337,0.811481
2343818588.272852,6.1840910000000004
2343818589.579941,1.267614
2343818595.793865,6.167219
2343818598.857882,3.02223
2343818599.602063,0.675514
2343818603.420163,3.757457
2343818605.837463,2.3637390000000003
2343818606.2088757,0.325863
2343818622.228615,15.975995999999999
2343818624.935408,2.6532410000000004
2343818629.455464,4.470376
2343818630.130534,0.551698
2343818634.051503,3.861615
2343818637.219096,3.0895639999999998
2343818643.5348473,6.249899
2343818644.42432,0.8375400000000001
2343818648.289647,3.825342
2343818652.144062,3.802223
2343818666.959186,14.773868
2343818671.733637,4.706944
2343818674.1763444,2.369527
2343818692.8649297,18.614577999999998
2343818697.428796,4.530182
2343818711.842528,14.368146
2343818717.9009256,6.012855999999999
2343818719.658987,1.689648
2343818727.943937,8.229742
2343818729.10057,1.100612
2343818734.106704,4.964549000000001
2343818736.134962,1.96662
2343818737.325905,1.1416
2343818738.462329,1.089331
2343818741.093611,2.532502
2343818747.569979,6.417224
2343818749.412817,1.754533
2343818751.370734,1.9083290000000002
2343818752.382035,0.970398
2343818752.768551,0.354352
2343818753.8547826,1.052665
2343818754.108345,0.223808
2343818759.29904,5.160557
2343818760.521615,1.19169
2343818761.697854,1.118958
2343818763.397176,1.66552
2343818764.9921927,1.55305
2343818772.9306083,7.875246000000001
2343818782.050392,9.090620000000001
2343818783.342419,1.241608
2343818791.755024,8.370449
2343818793.856917,2.0574339999999998
2343818795.698679,1.669583
2343818797.735969,1.9860530000000003
2343818806.166829,8.376392
2343818816.282657,10.082799
2343818819.251675,2.2821439999999997
2343818820.419385,1.079512
2343818822.050348,1.5595970000000001
2343818831.461928,9.361242
2343818837.400433,5.902311
2343818838.47884,1.050838
2343818840.2712193,1.74581
2343818841.577409,1.2424650000000002
2343818842.1232743,0.497178
2343818843.498815,1.307813
2343818845.586332,1.999851
2343818847.706836,2.029913
2343818858.475284,10.693734
2343818859.689049,1.186896
2343818866.212954,6.490524
2343818867.216415,0.970471
2343818869.3047137,2.045986
2343818870.709721,1.365305
2343818871.966429,1.2070830000000001
2343818876.6527452,4.6192150000000005
2343818877.94254,1.238046
2343818879.890385,1.914205
2343818881.315197,1.37977
2343818882.623336,1.27197
2343818884.183139,1.523428
2343818886.4093347,1.582389
2343818900.284898,13.841726
2343818901.541417,1.2171370000000001
2343818909.259221,7.674652
2343818918.735984,9.438851
2343818930.214541,11.425904000000001
2343818931.491977,1.224803
2343818936.845609,5.284518
2343818939.7450333,2.860849
2343818950.1648192,10.388148
2343818955.769297,5.553674
2343818959.710715,3.88219
2343818968.201839,8.428575
2343818975.969655,7.7195
2343818977.616569,1.5728330000000001
2343818978.717124,1.054225
2343818984.274094,5.494935
2343818992.4657297,8.148045
2343818993.533676,1.018527
2343818999.7619696,6.185925
2343819006.913979,7.106611
2343819013.963249,6.9297059999999995
2343819017.707204,3.701453
2343819018.3851037,0.631499
2343819023.6384797,4.833017
2343819031.3635597,7.68691
2343819038.288638,6.855652999999999
2343819039.399407,1.051385
2343819048.19342,8.700866
2343819055.217519,6.985812
2343819057.4084,2.122366
2343819058.683446,1.2344870000000001
2343819063.8332243,5.113945
2343819072.2714353,8.391547
2343819079.1624126,6.8442870000000005
2343819088.6956472,9.491415
2343819089.663404,0.914516
2343819090.958847,1.2477479999999999
2343819097.583622,6.582646
2343819098.873808,0.915473
2343819102.642613,3.716524
2343819104.4283743,1.725404
2343819110.605462,6.1111949999999995
2343819111.428079,0.779049
2343819119.051783,7.578062
2343819120.030796,0.949959
2343819121.728729,1.653064
2343819130.2491894,8.472294
2343819138.6642427,8.377532
2343819144.152205,5.433967
2343819149.46392,5.265781
2343819158.5432806,9.029959
2343819162.1888638,3.510371
2343819170.895779,8.619191
2343819172.155086,1.224445
2343819177.915823,5.720624
2343819179.141948,1.18621
2343819183.8175797,4.638069
2343819185.231412,1.369269
2343819192.953002,7.647325
2343819194.158677,1.1652259999999999
2343819194.981179,0.774039
2343819202.770924,7.741179
2343819210.157593,7.3524460000000005
2343819215.2380137,5.04642
2343819216.6484947,1.367934
2343819221.195425,4.477462
2343819223.242375,2.0083729999999997
2343819224.602499,1.265349
2343819225.887399,1.194811
2343819231.837513,5.889816
2343819232.6229157,0.745708
2343819239.65609,6.98681
2343819249.121115,9.409194
2343819256.047383,6.889991
2343819257.077687,0.974645
2343819264.2057753,7.078605
2343819265.3776,1.103602
2343819267.059963,1.6349019999999999
2343819268.6653614,1.547943
2343819271.813846,3.102656
2343819272.887923,1.0405250000000001
2343819273.9471307,1.005473
2343819277.67901,3.699036
2343819284.280596,6.563219
2343819291.518172,7.195718
2343819291.976149,0.417991
2343819296.8452497,4.808184
2343819297.855799,0.953279
2343819299.244567,1.356992
2343819303.3330894,4.0596749999999995
2343819311.726469,8.365974
2343819316.526402,4.765871
2343819324.431005,7.853864000000001
2343819326.8131757,2.350971
2343819328.613204,1.769396
2343819334.697404,6.042561
2343819341.538431,6.806490999999999
2343819342.607222,1.0278450000000001
2343819343.99556,1.33477
2343819349.403384,5.317851999999999
2343819350.912654,1.429411
2343819359.202845,8.249617
2343819365.6994004,6.424214999999999
2343819366.8440843,1.066382
2343819374.558814,7.671355
2343819381.276311,6.678428
2343819381.897694,0.570875
2343819383.5830407,1.641237
2343819385.28493,1.650641
2343819393.782772,8.411594999999998
2343819394.996899,1.18499
2343819396.213913,1.180998
2343819397.411359,1.1603970000000001
2343819398.622843,1.1520320000000002
2343819399.694788,1.036433
2343819404.657176,4.8986469999999995
2343819409.7140737,5.016077
2343819410.8352365,1.0830250000000001
2343819416.9495163,6.047017
2343819418.42345,1.364174
2343819423.65626,5.195828000000001
2343819424.7071013,1.005712
2343819436.8545094,12.108789
2343819441.3741093,4.485636
2343819445.955207,4.547753
2343819446.98556,0.9883109999999999
2343819448.824521,1.772656
2343819456.959064,8.070978
2343819462.8824043,5.877408
2343819463.884939,0.9728370000000001
2343819464.59034,0.6744159999999999
2343819470.73876,6.110874
2343819475.8674183,5.094901
2343819478.206385,2.277054
2343819479.7193136,1.468194
2343819481.357153,1.585763
2343819490.635777,9.220155
2343819492.5549684,1.8899380000000001
2343819498.4286747,5.82845
2343819504.140143,5.6839059999999995
2343819504.824376,0.63832
2343819506.1332097,1.275034
2343819506.7716746,0.605757
2343819511.508042,4.703346
2343819518.219717,6.676935
2343819519.206375,0.9419810000000001
2343819520.676539,1.4249530000000001
2343819522.15057,1.439131
2343819523.193554,0.999682
2343819530.0133157,6.779338999999999
2343819539.496528,9.428489
2343819540.813312,1.234356
2343819547.761608,6.904685
2343819548.9926066,1.152671
2343819550.006785,0.9709490000000001
2343819551.024722,0.9750610000000001
2343819558.430994,7.37117
2343819559.479991,1.017508
2343819560.564122,1.047192
2343819560.949455,0.319978
2343819573.71559,12.699171999999999
2343819574.867863,1.104507
2343819579.690829,4.779083
2343819586.089594,6.359425
2343819592.544344,6.368252
2343819597.376292,4.753547
2343819598.253075,0.8497659999999999
2343819599.690776,1.39654
2343819600.585854,0.865317
2343819600.993115,0.37649699999999997
2343819614.3682528,13.345003
2343819615.112412,0.6990609999999999
2343819615.985259,0.822485
2343819627.1032963,11.040154999999999
2343819628.590671,1.430879
2343819629.6576986,1.022703
2343819630.805444,1.104028
2343819631.609336,0.762614
2343819634.609771,2.941094
2343819641.508431,6.862096
2343819647.1409316,5.5971459999999995
2343819659.177626,11.978122
2343819666.446924,7.230495
2343819682.397166,15.908078999999999
2343819684.030519,1.587742
2343819696.7622523,12.668385
2343819704.380273,7.460779
2343819713.364539,8.855082
2343819718.4262543,5.021445
2343819724.1429467,5.686522
2343819730.1759267,5.994648
2343819738.811546,8.601996
2343819740.131276,1.276111
2343819745.2275653,5.042561
2343819753.8940973,8.634143
2343819755.32766,1.3784100000000001
2343819756.306996,0.936068
2343819757.565733,1.211924
2343819758.950179,1.327356
2343819760.4484468,1.434925
2343819761.901594,1.402597
2343819763.0549173,1.08742
2343819764.298422,1.1872930000000002
2343819765.6691017,1.312508
2343819767.093761,1.3672330000000001
2343819773.025196,5.900558999999999
2343819779.254141,6.2022889999999995
2343819789.255308,9.973569
2343819790.849684,1.507102
2343819802.7613454,11.827872999999999
2343819808.456796,5.656502
2343819816.9842687,8.491148
2343819817.395011,0.375274
2343819819.2826867,1.846042
2343819820.458932,1.1287
2343819822.392799,1.853403
2343819823.100153,0.663844
2343819824.1984367,1.05208
2343819824.885348,0.6574019999999999
2343819830.0903387,5.16411
2343819836.8045583,6.679124
2343819844.6822453,7.822164
2343819851.5019693,6.777279
2343819855.812321,4.271329
2343819860.962869,5.102266999999999
2343819862.819104,1.810798
2343819872.586275,9.708015
2343819881.746169,9.121678
2343819883.3175383,1.534854
2343819884.3480897,0.988285
2343819890.678331,6.28921
2343819899.174232,8.446892
2343819905.13724,5.929134
2343819906.7832937,1.59519
2343819914.605497,7.7476910000000005
2343819915.8606668,1.1711099999999999
2343819922.703424,6.808768
2343819932.663454,9.928738
2343819934.119347,1.405017
2343819941.2843885,7.088105
2343819948.742507,7.405616
2343819955.843216,7.0669260000000005
2343819957.628249,1.741127
2343819958.357207,0.6893119999999999
2343819969.185411,10.793031
2343819978.46172,9.230803
2343819980.2287927,1.724587
2343819981.5049286,1.224561
2343819989.583936,8.039674999999999
2343819990.79343,1.1626589999999999
2343819992.300249,1.468259
2343819993.2717533,0.920014
2343819999.718293,6.399623
2343820001.100549,1.331
2343820002.448217,1.307021
2343820003.6522202,1.1582999999999999
2343820005.08873,1.398204
2343820007.0444,1.9159220000000001
2343820008.229915,1.136403
2343820012.082799,3.8015660000000002
2343820019.262867,7.130718
2343820020.5648212,1.2536559999999999
2343820026.0842147,5.466124
2343820034.8393593,8.729114
2343820036.671481,1.80324
2343820042.3319,5.629421
2343820049.604765,7.222345
2343820055.68614,6.032157
2343820061.4449296,5.689203
2343820070.0647883,8.57193
2343820070.45074,0.336341
2343820074.017338,3.467085
2343820075.477059,1.423397
2343820082.751792,7.220764
2343820091.2616673,8.475594
2343820096.711386,5.38622
2343820097.768882,1.01441
2343820099.36728,1.5419990000000001
2343820108.3448877,8.919286999999999
2343820113.249944,4.843517
2343820120.9773293,7.659905
2343820127.615498,6.605295
2343820131.65424,4.005457
2343820139.290842,7.603462
2343820145.107293,5.757245
2343820146.5315957,1.363537
2343820150.478871,3.9062569999999996
2343820151.339964,0.81197
2343820152.528253,1.1446889999999998
2343820160.3349977,7.751345
2343820164.628484,4.2680180000000005
2343820165.947928,1.237494
2343820174.584426,8.517282
2343820176.261126,1.637428
2343820182.133172,5.830211
2343820183.508781,1.315496
2343820184.8074527,1.256491
2343820192.131262,7.275915
2343820200.076004,7.898115000000001
2343820204.9968157,4.888757
2343820211.011406,5.981325
2343820212.371088,1.3069659999999999
2343820220.102744,7.686133000000001
2343820220.636181,0.492406
2343820221.198905,0.516528
2343820227.717252,6.464921
2343820228.531369,0.768466
2343820235.2623973,6.683345
2343820241.5257277,6.213857
2343820241.8969007,0.335058
2343820242.735242,0.785319
2343820244.379351,1.5868600000000002
2343820247.578263,3.149265
2343820248.14816,0.521187
2343820256.364903,8.15772
2343820257.318551,0.922271
2343820264.3860307,7.023456
2343820271.911736,7.490894
2343820278.3798842,6.4155619999999995
2343820279.183534,0.7427010000000001
2343820281.812942,2.587386
2343820288.4583893,6.590764
2343820298.213696,9.700584
2343820299.882839,1.604282
2343820306.3428884,6.397248
2343820307.835052,1.458094
2343820313.1782136,5.301934999999999
2343820320.958517,7.703595
2343820321.989175,0.9919239999999999
2343820323.4189897,1.34429
2343820329.276073,5.745328
2343820336.017991,6.709045000000001
2343820337.087245,1.021981
2343820340.982986,3.858765
2343820342.0992627,1.085192
2343820342.931046,0.7978459999999999
2343820343.966248,1.0007169999999999
2343820350.307385,6.27892
2343820351.385435,1.0163399999999998
2343820352.4367504,1.003468
2343820358.594204,6.107846
2343820367.599256,8.971028
2343820373.6368833,6.000616
2343820374.7397227,1.0531220000000001
2343820375.987207,1.1932049999999998
2343820383.483326,7.409042
2343820389.629174,6.0874429999999995
2343820391.0210624,1.358506
2343820398.744483,7.681814
2343820405.83972,7.051768
2343820407.0464,1.149525
2343820408.137308,1.0483580000000001
2343820412.2567887,4.069509
2343820417.992124,5.696114000000001
2343820419.715675,1.639305
2343820426.862023,7.058237999999999
2343820428.177198,1.2393619999999999
2343820437.389471,9.174051
2343820438.0334463,0.59794
2343820439.090726,1.013571
2343820444.8276434,5.693861
2343820445.524514,0.660789
2343820452.5735474,7.004585
2343820453.523803,0.924442
2343820457.2102017,3.656082
2343820458.479503,1.236572
2343820459.47832,0.963039
2343820466.684679,7.114311
2343820467.726464,1.0059529999999999
2343820468.33242,0.56512
2343820469.83955,1.451797
2343820470.526739,0.6495340000000001
2343820476.620873,6.034541
2343820477.281865,0.629078
2343820478.754044,1.4380009999999999
2343820485.648712,6.859375
2343820489.972677,4.2804150000000005
2343820495.595075,5.583729
2343820496.790375,1.1424720000000002
2343820502.53016,5.644495
2343820508.505988,5.935153000000001
2343820510.10291,1.542462
2343820511.4737043,1.317293
2343820514.0060654,2.48056
2343820515.3771143,1.3302349999999998
2343820523.71648,8.294222
2343820524.790838,1.0451460000000001
2343820530.19454,5.370846
2343820532.1171722,1.89262
2343820535.4991317,3.3373220000000003
2343820536.3994617,0.855136
2343820538.692694,2.247493
2343820539.706381,0.956749
2343820541.202262,1.419909
2343820546.503227,5.178398
2343820547.6840687,1.1533520000000002
2343820550.372514,2.658983
2343820559.6518583,9.236184
2343820562.960073,3.264684
2343820563.2861986,0.295432
2343820564.819823,1.5042110000000002
2343820572.5136127,7.644893
2343820577.446566,4.88871
2343820587.839297,10.357236
2343820589.419973,1.531541
2343820589.91112,0.445295
2343820590.990813,1.021286
2343820598.515247,7.475954
2343820603.705897,5.163208
2343820611.2362003,7.502975999999999
2343820612.414659,1.136088
2343820613.5996633,1.129352
2343820618.340927,4.689639
2343820627.487667,9.103587
2343820629.026794,1.491002
2343820633.521656,4.455317
2343820634.893098,1.3307959999999999
2343820641.9775386,7.025187
2343820650.802176,8.786077
2343820652.532919,1.663481
2343820657.730331,5.1538010000000005
2343820658.999248,1.232512
2343820659.9682927,0.91422
2343820661.4829626,1.432631
2343820671.041956,9.481076
2343820679.412162,8.285519
2343820681.838308,2.363487
2343820682.52975,0.6472249999999999
2343820683.978023,1.4016199999999999
2343820685.81092,1.747756
2343820693.10224,7.247944
2343820693.8991528,0.7686289999999999
2343820701.3774343,7.423203
2343820702.505435,1.092245
2343820703.429513,0.847898
2343820711.370583,7.881529
2343820714.348423,2.931131
2343820714.783271,0.404382
2343820715.6696973,0.849911
2343820716.559353,0.856621
2343820717.541429,0.945839
2343820720.7778783,3.1900589999999998
2343820722.111967,1.2641259999999999
2343820723.868237,1.711543
2343820724.804163,0.889165
2343820733.781847,8.920395
2343820734.632777,0.80112
2343820736.076246,1.403518
2343820737.1451755,1.028324
2343820738.378168,1.1908400000000001
2343820745.723683,7.293519
2343820748.5149384,2.7512359999999996
2343820754.242373,5.693645
2343820755.741159,1.4483519999999999
2343820757.483282,1.665745
2343820767.357552,9.808947
2343820768.114374,0.725739
2343820769.868574,1.701766
2343820771.072197,1.160306
2343820772.5013227,1.393916
2343820774.228208,1.691269
2343820775.354051,1.0639049999999999
2343820781.280551,5.877986
2343820793.490622,12.144672
2343820799.277383,5.709636
2343820800.8220673,1.4811539999999999
2343820802.6865582,1.7965030000000002
2343820803.586509,0.832673
2343820807.313352,3.661409
2343820812.624886,5.285373000000001
2343820814.519385,1.868916
2343820815.4891057,0.935608
2343820821.8184013,6.282442
2343820823.014701,1.1648319999999999
2343820824.734371,1.673628
2343820831.463913,6.692609
2343820832.2817187,0.774653
2343820838.3177047,5.979931
2343820840.39469,2.0193
2343820844.953957,4.503347000000001
2343820852.8459682,7.820532
2343820854.484242,1.5804529999999999
2343820862.663005,8.113688000000002
2343820869.4932218,6.768092
2343820869.881835,0.33722599999999997
2343820871.067488,1.139162
2343820877.442948,6.3264569999999996
2343820877.890962,0.41575599999999996
2343820882.568459,4.640441
2343820890.911907,8.294711999999999
2343820895.7719684,4.816174
2343820900.913364,5.102864
2343820902.3076754,1.352725
2343820904.434687,2.081939
2343820909.989471,5.516544
2343820912.180025,2.155633
2343820917.6650558,5.439055
2343820918.460906,0.735569
2343820920.4517884,1.9442890000000002
2343820927.182997,6.688256
2343820928.052686,0.8228880000000001
2343820929.432764,1.316961
2343820935.367309,5.896108
2343820937.294816,1.8744930000000002
2343820940.566535,3.2200409999999997
2343820948.1964784,7.577591
2343820949.950122,1.7185130000000002
2343820950.597337,0.593714
2343820951.04909,0.416318
2343820952.428823,1.346065
2343820954.8143044,2.327569
2343820960.6577444,5.77493
2343820967.0023804,6.295919
2343820969.190051,2.154499
2343820970.499519,1.2358740000000001
2343820977.470309,6.915493
2343820982.782113,5.253026
2343820988.850038,6.035287
2343820996.248182,7.359669
2343821004.4645753,8.184220000000002
2343821011.808782,7.28048
2343821016.585065,4.740767
2343821017.2971387,0.679576
2343821022.243952,4.912197
2343821029.169531,6.893677
2343821034.688412,5.48721
2343821035.8973517,1.1744990000000002
2343821037.523198,1.555806
2343821045.394315,7.735549000000001
2343821051.46921,6.038512
2343821052.9701037,1.46145
2343821058.9319153,5.920357999999999
2343821064.491819,5.523715
2343821074.302877,9.761337
2343821082.473438,8.109217000000001
2343821092.6469517,10.129816
2343821093.47759,0.7894310000000001
2343821100.869006,7.3374939999999995
2343821107.422717,6.470719
2343821113.517604,6.058364
2343821115.070611,1.513072
2343821116.471219,1.353113
2343821121.9385543,5.415078
2343821123.88073,1.9049749999999999
2343821129.633824,5.710581
2343821131.079877,1.399198
2343821147.878034,16.748268
2343821153.4493465,5.511348999999999
2343821159.483595,5.998316
2343821173.84128,14.318311999999999
2343821179.901362,5.978925
2343821186.4628253,6.506511000000001
2343821191.681139,5.190981
2343821192.954915,1.245789
2343821199.520376,6.521217
2343821204.161664,4.599413
2343821205.249083,1.035401
2343821206.667919,1.3606429999999998
2343821211.693313,4.961742
2343821213.2776318,1.547243
2343821220.084835,6.728465
2343821220.998154,0.8699520000000001
2343821221.462081,0.432494
2343821222.0188622,0.525514
2343821227.612714,5.528090000000001
2343821228.287156,0.647498
2343821232.824308,4.497859
2343821233.915851,1.055387
2343821239.460267,5.4761940000000005
2343821254.16753,14.654971
2343821267.676909,13.474412
2343821269.502347,1.772663
2343821272.428059,2.845246
2343821278.09967,5.605673
2343821280.725542,2.583323
2343821282.556993,1.775383
2343821284.841062,2.257339
2343821292.579844,7.697251
2343821298.3500338,5.688759
2343821312.3658657,13.977267999999999
2343821318.8275037,6.423492
2343821323.456883,4.5918920000000005
2343821328.109701,4.615874
2343821334.932243,6.785410000000001
2343821341.040297,6.0678980000000005
2343821348.817006,7.731279
2343821350.347097,1.4884989999999998
2343821351.515298,1.115606
2343821359.38774,7.813683999999999
2343821367.0811124,7.656716
2343821374.9241133,7.799343
2343821382.6692953,7.68902
2343821384.186668,1.4550669999999999
2343821392.270021,8.033803
2343821398.156943,5.849055
2343821399.077609,0.891848
2343821404.671201,5.561677
2343821405.5952587,0.8873620000000001
2343821407.774488,2.123561
2343821415.4719,7.640846
2343821417.499197,1.9542040000000003
2343821423.840144,6.284801
2343821425.104633,1.227754
2343821429.855381,4.710001
2343821431.015277,1.098836
2343821431.962193,0.891393
2343821433.592139,1.5434610000000002
2343821435.078495,1.419288
2343821436.148706,0.9835849999999999
2343821441.550251,5.305247
2343821451.446857,9.869506999999999
2343821462.452693,10.966026
2343821463.384418,0.879615
2343821465.120193,1.678187
2343821473.793031,8.625968
2343821476.555405,2.720793
2343821481.890851,5.285793
2343821483.628958,1.668831
2343821486.314456,2.6211860000000002
2343821496.907244,10.547296
2343821503.266712,6.317556000000001
2343821507.457511,4.131264
2343821508.5602736,1.047237
2343821509.325467,0.6458600000000001
2343821512.907695,3.544342
2343821519.028693,6.0866929999999995
2343821524.602085,5.531666
2343821525.5326357,0.884809
2343821526.8175917,1.236108
2343821527.857809,0.944371
2343821533.261982,5.35915
2343821542.57754,9.289264000000001
2343821543.92757,1.293505
2343821545.479403,1.49988
2343821546.7342153,1.2059309999999999
2343821548.9518957,2.180694
2343821556.516767,7.524049
2343821557.003539,0.436961
2343821563.63614,6.598196
2343821565.503181,1.826613
2343821570.9058557,5.32113
2343821572.174738,1.234545
2343821579.7107873,7.496314
2343821580.746838,0.9903379999999999
2343821581.943269,1.10423
2343821586.5429144,4.543611
2343821587.87114,1.266969
2343821594.812619,6.896367
2343821603.525564,8.637813
2343821604.853498,1.2906490000000002
2343821606.207947,1.305932
2343821607.474001,1.2243709999999999
2343821608.458742,0.933888
2343821614.787483,6.28467
2343821622.0018754,7.175521
2343821623.485567,1.449129
2343821624.980157,1.457662
2343821631.107786,6.0780579999999995
2343821632.1646547,0.983945
2343821635.0964932,2.851319
2343821637.503488,2.361078
2343821643.875856,6.29582
2343821646.142343,2.225519
2343821647.394909,1.190371
2343821656.574586,9.109898999999999
2343821657.163451,0.5429729999999999
2343821657.725763,0.512459
2343821659.061231,1.2988870000000001
2343821659.765292,0.670958
2343821667.45091,7.651721
2343821669.2430906,1.6963830000000002
2343821670.9340672,1.540635
2343821675.25776,4.245343
2343821676.456415,1.132706
2343821683.3217087,6.8295129999999995
2343821684.393783,0.9884229999999999
2343821688.995827,4.541556000000001
2343821696.890964,7.839877
2343821703.620499,6.688343000000001
2343821704.968153,1.30656
2343821706.2387576,1.184089
2343821707.7488627,1.463356
2343821715.294677,7.492011
2343821719.545841,4.216501
2343821721.371674,1.789989
2343821731.132612,9.692027000000001
2343821733.6117063,2.420488
2343821734.865441,1.1942730000000001
2343821735.851482,0.933465
2343821744.119613,8.216575
2343821752.533,8.292107999999999
2343821754.058187,1.478359
2343821756.539068,2.435292
2343821758.067931,1.46313
2343821759.758223,1.626684
2343821767.572324,7.485814
2343821768.859486,1.238721
2343821769.794378,0.9030349999999999
2343821770.972905,1.147424
2343821779.860321,8.857928
2343821787.103604,7.196099
2343821796.542545,9.354615
2343821797.74993,1.175926
2343821798.360521,0.573298
2343821799.296869,0.905806
2343821806.290857,6.940296
2343821810.705658,4.375995
2343821819.067341,8.292537000000001
2343821820.581459,1.4634159999999998
2343821826.620054,5.977314
2343821834.778803,8.087046
2343821836.196822,1.3803649999999998
2343821842.9463477,6.705522
2343821846.373081,3.3766909999999997
2343821850.707218,4.293663
2343821857.236131,6.445903
2343821869.836028,12.55661
2343821871.6612797,1.632379
2343821881.191471,9.465885
2343821882.0289464,0.79771
2343821890.532292,8.470768
2343821892.179015,1.611801
2343821901.221489,9.00309
2343821910.549148,9.277806
2343821920.20192,9.614225000000001
2343821926.599281,6.360304
2343821928.062935,1.4222569999999999
2343821928.956754,0.84699
2343821936.263106,7.261318999999999
2343821944.6485567,8.340667
2343821945.7220283,1.008254
2343821947.5435653,1.761425
2343821951.9532256,4.3589579999999994
2343821956.364766,4.378565
2343821964.8328724,8.429473999999999
2343821965.982134,1.087973
2343821973.5607142,7.524198
2343821980.294231,6.677571
2343821983.463158,3.1348510000000003
2343821992.834189,9.336007
2343821998.9410663,6.0533150000000004
2343822005.8614388,6.889156
2343822007.2599883,1.3527529999999999
2343822008.250737,0.9563809999999999
2343822008.5257573,0.241291
2343822009.347008,0.788009
2343822015.2924848,5.906692
2343822016.902422,1.5585930000000001
2343822017.599394,0.661266
2343822019.589952,1.9517149999999999
2343822019.942718,0.320705
2343822020.431844,0.449069
2343822024.688762,4.212714999999999
2343822025.751605,1.0325270000000002
2343822032.616061,6.825445
2343822033.851051,1.2034660000000001
2343822039.30713,5.424375
2343822047.001603,7.569179
2343822048.086724,1.047924
2343822049.5086427,1.363929
2343822057.722754,8.154453
2343822064.586503,6.8003350000000005
2343822071.9902616,7.358826
2343822074.0317593,1.979743
2343822074.7707953,0.692787
2343822082.585918,7.7624249999999995
2343822084.454624,1.8231810000000002
2343822085.9126577,1.3963949999999998
2343822094.484841,8.531597999999999
2343822100.65235,6.129007
2343822102.485627,1.78612
2343822103.8127446,1.274196
2343822111.503675,7.647729
2343822112.4729056,0.9168810000000001
2343822113.40614,0.8375980000000001
2343822122.007371,8.545505
2343822123.3547688,1.307814
2343822124.876901,1.449157
2343822126.359268,1.409023
2343822135.98963,9.566923
2343822143.33484,7.282685
2343822144.519863,1.149945
2343822148.099769,3.543823
2343822149.471174,1.33843
2343822155.957743,6.446859999999999
2343822162.963952,6.970156
2343822164.7447667,1.718229
2343822165.993507,1.158089
2343822172.543304,6.449077999999999
2343822173.641028,1.0682580000000002
2343822178.2203794,4.527286
2343822183.130898,4.869479
2343822184.291854,1.13301
2343822189.2728357,4.9404
2343822189.943233,0.635864
2343822190.6183267,0.619359
2343822197.483994,6.8274989999999995
2343822198.020685,0.490834
2343822202.393939,4.335345
2343822203.166424,0.740027
2343822204.358512,1.14997
2343822206.439782,2.040292
2343822207.9190187,1.399353
2343822214.6390743,6.680926
2343822219.4168878,4.744056
2343822224.057053,4.590928
2343822232.173618,8.074365
2343822238.443256,6.233995
2343822244.171715,5.6942900000000005
2343822245.5052,1.279494
2343822249.871886,4.316569
2343822251.386203,1.473928
2343822253.326913,1.8945100000000001
2343822254.696238,1.316854
2343822261.6149297,6.864649
2343822270.2908792,8.622800999999999
2343822275.695649,5.367311
2343822277.16781,1.440497
2343822287.2784038,10.059046
2343822296.065851,8.680193
2343822296.91261,0.792194
2343822297.8017287,0.84468
2343822307.0321774,9.191071
2343822315.808098,8.738765
2343822317.3342824,1.436264
2343822324.740017,7.341089
2343822326.010013,1.217421
2343822332.280874,6.220407
2343822333.353107,1.03227
2343822334.486153,1.08934
2343822334.7493777,0.233015
2343822335.5332294,0.754712
2343822341.657308,6.082851
2343822342.74803,1.051969
2343822347.560607,4.775971999999999
2343822349.738029,2.147929
2343822355.520945,5.743013
2343822356.966085,1.4067450000000001
2343822363.574849,6.569962
2343822364.730866,1.118406
2343822365.814388,1.004149
2343822373.0331893,7.177509000000001
2343822374.6053863,1.498211
2343822375.702916,1.055196
2343822384.517795,8.757712000000001
2343822391.8583717,7.279872
2343822398.574839,6.678088000000001
2343822406.791276,8.173046999999999
2343822411.7126966,4.868215
2343822414.1740746,2.4265820000000002
2343822421.2176642,6.966023
2343822430.114361,8.813065
2343822431.154051,1.003084
2343822432.500136,1.31295
2343822438.957673,6.425120000000001
2343822440.719767,1.7277099999999999
2343822442.176072,1.411315
2343822443.262198,1.048805
2343822444.60847,1.3049279999999999
2343822446.5222383,1.877229
2343822447.481495,0.928669
2343822448.5863333,1.0687710000000001
2343822454.583027,5.953028
2343822456.407263,1.786228
2343822457.2545047,0.796789
2343822464.850191,7.512687
2343822470.091597,5.1913030000000004
2343822472.6649013,2.513893
2343822482.670898,9.959545
2343822483.61009,0.88505
2343822486.0933537,2.437491
2343822487.324456,1.1826729999999999
2343822490.358633,2.989903
2343822491.777513,1.373666
2343822496.713339,4.873869
2343822503.8685074,7.127167
2343822509.6028347,5.704868
2343822510.7639346,1.058677
2343822518.27248,7.4185099999999995
2343822520.956575,2.6538769999999996
2343822522.001062,1.012311
2343822527.966724,5.917229000000001
2343822529.6412764,1.6091790000000001
2343822535.6324353,5.933657999999999
2343822537.148716,1.47509
2343822538.562771,1.349721
2343822545.995863,7.354376
2343822546.54489,0.518062
2343822547.576943,0.994177
2343822557.0622964,9.423799
2343822558.112936,1.021552
2343822559.334818,1.165959
2343822566.807126,7.426130000000001
2343822567.253973,0.41179699999999997
2343822568.954388,1.635438
2343822575.419845,6.422517
2343822576.1190376,0.648591
2343822586.522387,10.350890999999999
2343822591.384447,4.785609
2343822598.309866,6.876208
2343822599.684524,1.321901
2343822600.494903,0.750316
2343822608.252225,7.698467
2343822609.1455693,0.826078
2343822610.055527,0.8552759999999999
2343822611.768103,1.662927
2343822613.602303,1.750629
2343822615.968349,2.3214379999999997
2343822623.0586076,6.539694000000001
2343822632.1018248,8.990794
2343822632.863042,0.7112919999999999
2343822633.7972007,0.900173
2343822634.629874,0.79927
2343822635.178735,0.497492
2343822637.2518888,2.0013140000000003
2343822638.56437,1.263525
2343822643.91873,5.316009
2343822651.532859,7.577947
2343822652.3536386,0.766581
2343822660.262742,7.851978000000001
2343822661.51586,1.2161540000000002
2343822663.088149,1.533981
2343822670.57998,7.4520919999999995
2343822671.8606234,1.238776
2343822672.563436,0.662226
2343822674.380591,1.777734
2343822675.2446647,0.824372
2343822675.9180093,0.627312
2343822679.763359,3.802812
2343822681.052279,1.2311990000000002
2343822682.547728,1.428035
2343822689.5016713,6.908371
2343822690.665241,1.1346690000000001
2343822692.167602,1.469633
2343822692.9316983,0.722327
2343822694.388912,1.415967
2343822699.145916,4.7256920000000004
2343822700.062194,0.872521
2343822700.549504,0.445911
2343822703.084236,2.491867
2343822703.538339,0.425752
2343822704.463781,0.869175
2343822714.546088,9.952089
2343822720.0379663,5.4454530000000005
2343822721.180001,1.10318
2343822723.853902,2.6315779999999998
2343822725.266909,1.370655
2343822726.868987,1.535105
2343822728.06458,1.141614
2343822739.070001,10.944601
2343822747.6749988,8.557841999999999
2343822749.0127163,1.305432
2343822757.411867,8.359698
2343822758.820534,1.373769
2343822766.410614,7.5500940000000005
2343822768.140465,1.68778
2343822769.555771,1.2669650000000001
2343822773.483356,3.86909
2343822782.602022,9.068275
2343822784.258809,1.611171
2343822787.133748,2.841566
2343822788.593935,1.420294
2343822789.698661,1.072173
2343822791.2829247,1.543344
2343822792.6885858,1.365585
2343822800.618175,7.8899989999999995
2343822801.1326337,0.48103799999999997
2343822812.479934,11.307173
2343822820.854796,8.334252000000001
2343822830.293099,9.37529
2343822837.106316,6.773343000000001
2343822846.376996,9.210767
2343822851.061685,4.646159000000001
2343822851.958322,0.862738
2343822853.119694,1.104043
2343822854.196704,1.041424
2343822859.5718803,5.32357
2343822861.082234,1.4526350000000001
2343822867.671905,6.534179
2343822876.1381607,8.427387999999999
2343822887.022667,10.830875
2343822888.420063,1.3341480000000001
2343822891.032873,2.5724150000000003
2343822903.672729,12.568239
2343822905.5649934,1.854634
2343822907.2435217,1.64094
2343822912.91585,5.638501
2343822921.1358314,8.179212999999999
2343822929.392493,8.219201
2343822930.5884724,1.137264
2343822935.665413,5.041809000000001
2343822936.665172,0.955682
2343822943.9451523,7.239377
2343822945.68242,1.694335
2343822953.237532,7.486827
2343822955.0515747,1.758449
2343822956.118248,1.021495
2343822963.349988,7.171145
2343822964.318837,0.9391510000000001
2343822974.845484,10.492945
2343822976.2398,1.357091
2343822984.199358,7.914460999999999
2343822990.3469143,6.094966
2343822993.277353,2.8916649999999997
2343822994.615471,1.292398
2343823001.358001,6.6882340000000005
2343823003.305707,1.9102489999999999
2343823012.180025,8.81968
2343823012.8937063,0.68207
2343823014.133272,1.188863
2343823021.966503,7.795191
2343823023.316584,1.31083
2343823030.99857,7.6422870000000005
2343823031.536637,0.502625
2343823032.8218813,1.2400200000000001
2343823034.460724,1.5872709999999999
2343823042.4684954,7.9659569999999995
2343823043.7536798,1.200488
2343823045.385783,1.481813
2343823052.4520597,6.976267
2343823054.0845118,1.585576
2343823054.9958644,0.88081
2343823061.80933,6.765313
2343823072.080869,10.204979
2343823081.605784,9.473007
2343823083.767617,2.1254239999999998
2343823089.004348,5.196588
2343823093.7092037,4.659891
2343823101.683557,7.942350000000001
2343823112.56802,10.831045
2343823116.9447207,4.3103739999999995
2343823117.8950763,0.916794
2343823118.850402,0.915894
2343823128.170947,9.270616
2343823129.0243607,0.808321
2343823135.755838,6.660887
2343823141.68476,5.880319999999999
2343823147.5783486,5.855608
2343823148.532607,0.902907
2343823156.785963,8.196463
2343823166.1993113,9.383678
2343823168.0384774,1.743398
2343823169.579769,1.468449
2343823179.890388,10.264747
2343823181.5100203,1.566184
2343823182.4739213,0.92943
2343823190.1834326,7.666957
2343823195.295445,5.063187
2343823200.891514,5.550126
2343823206.736148,5.8014269999999994
2343823215.268324,8.47546
2343823222.649023,7.330815
2343823228.469783,5.785364
2343823234.920008,6.405409
2343823236.140804,1.161556
2343823237.8293858,1.622261
2343823239.406662,1.528248
2343823240.498208,1.051463
2343823250.815855,10.279010999999999
2343823251.951541,1.09968
2343823253.436544,1.409783
2343823255.26126,1.766181
2343823256.1455,0.8342790000000001
2343823260.3237767,4.089304
2343823261.20697,0.8414079999999999
2343823262.249765,0.9971960000000001
2343823262.752234,0.467316
2343823268.2705426,5.476964
2343823269.214685,0.907536
2343823273.047361,3.7727939999999998
2343823280.721609,7.647101
2343823282.029481,1.274645
2343823287.8682146,5.799668
2343823293.08538,5.176241
2343823300.788919,7.645677
2343823309.126968,8.271795000000001
2343823314.952731,5.789296
2343823315.6329,0.6396839999999999
2343823324.199499,8.469971999999999
2343823325.635666,1.392267
2343823326.63123,0.931126
2343823336.524713,9.836743
2343823342.968208,6.3909329999999995
2343823343.857663,0.845943
2343823347.0499163,3.16101
2343823351.954473,4.876917
2343823360.522679,8.495511
2343823367.708641,7.140576
2343823373.342668,5.5920060000000005
2343823379.0313716,5.629900999999999
2343823385.56854,6.501631
2343823391.906167,6.288819999999999
2343823397.188717,5.233446
2343823403.731925,6.496336
2343823410.9108944,7.143631
2343823412.285042,1.3369460000000002
2343823417.2444687,4.844625
2343823417.928433,0.6298929999999999
2343823422.4204936,4.4049689999999995
2343823423.670406,1.20904
2343823428.7175837,5.01827
2343823436.956658,8.212316000000001
2343823441.46366,4.472961
2343823442.1875386,0.695969
2343823446.318265,4.096803
2343823447.294999,0.946057
2343823455.626769,8.300816000000001
2343823456.549126,0.87933
2343823464.481568,7.895226
2343823473.2225833,8.696867000000001
2343823479.382508,6.130269
2343823480.567663,1.134701
2343823485.1903667,4.588793
2343823486.2004614,0.974962
2343823487.1317487,0.88083
2343823488.600752,1.391232
2343823489.298894,0.659154
2343823490.68856,1.349272
2343823497.657972,6.920821
2343823498.966952,1.25041
2343823499.554132,0.541068
2343823504.0990963,4.511455
2343823505.464586,1.336751
2343823511.0001183,5.49277
2343823517.108154,6.050562
2343823522.449727,5.292333
2343823523.2624907,0.7819349999999999
2343823531.690844,8.377718
2343823532.977356,1.2454230000000002
2343823541.660973,8.600734000000001
2343823548.123349,6.386605
2343823554.373945,6.217511
2343823555.697708,1.286075
2343823561.7183104,5.989776
2343823572.504815,10.756352999999999
2343823573.800324,1.257791
2343823574.649084,0.801952
2343823575.6601458,0.956892
2343823577.221398,1.4771910000000001
2343823578.97884,1.686002
2343823579.901189,0.874932
2343823581.162332,1.21181
2343823588.263061,7.03768
2343823594.423749,6.118981
2343823595.68555,1.229393
2343823597.459949,1.7255809999999998
2343823598.9907517,1.437602
2343823599.49618,0.471116
2343823600.31432,0.786368
2343823609.236246,8.886691
2343823610.204718,0.934596
2343823610.733471,0.492696
2343823612.0789156,1.306958
2343823615.489249,3.3600380000000003
2343823616.926862,1.405575
2343823617.967444,1.006187
2343823626.818412,8.817164
2343823627.7608533,0.912162
2343823629.0129128,1.144625
2343823636.541861,7.475334999999999
2343823637.499014,0.8996139999999999
2343823638.609767,1.052469
2343823640.324667,1.665507
2343823641.2870016,0.8878199999999999
2343823642.604025,1.2584810000000002
2343823649.071123,6.423631
2343823649.9647193,0.863279
2343823651.0318933,1.00738
2343823655.986025,4.871372
2343823656.8599224,0.815658
2343823661.073769,4.179264
2343823668.7935357,7.689398
2343823670.347735,1.501385
2343823680.965767,10.558216999999999
2343823686.758901,5.749070000000001
2343823688.35064,1.55528
2343823689.8487253,1.462909
2343823698.170214,8.274384
2343823698.946964,0.7290340000000001
2343823707.831859,8.846448
2343823714.966176,7.0872399999999995
2343823716.731035,1.701274
2343823717.6310368,0.851346
2343823719.25318,1.583374
2343823720.493209,1.196831
2343823726.300304,5.766189
2343823733.533217,7.201549
2343823741.672534,8.097667
2343823748.6230993,6.895065
2343823749.013939,0.352928
2343823756.465775,7.392005999999999
2343823757.617923,1.065242
2343823758.3891053,0.728911
2343823765.031737,6.580947
2343823771.740471,6.676145
2343823776.8481927,5.056992
2343823777.3610992,0.477613
2343823777.934141,0.533561
2343823788.3913603,10.404213
2343823789.696063,1.225862
2343823791.166593,1.4287539999999999
2343823792.554765,1.334846
2343823797.147266,4.536225
2343823801.998671,4.798745
2343823810.6497636,8.606797
2343823817.148287,6.46474
2343823824.256057,7.061554999999999
2343823825.489143,1.191629
2343823831.934085,6.368853
2343823832.611707,0.621961
2343823833.996706,1.340752
2343823834.498075,0.43704
2343823839.52496,4.9736340000000006
2343823840.650212,1.0880379999999998
2343823846.671564,5.983191
2343823852.352856,5.64821
2343823859.193532,6.809922
2343823864.415633,5.184124
2343823865.3644037,0.890637
2343823871.8794823,6.462617000000001
2343823872.7066836,0.785764
2343823873.909086,1.145426
2343823875.05238,1.083231
2343823876.501774,1.409003
2343823883.13844,6.5904620000000005
2343823885.1823707,2.0074300000000003
2343823887.014584,1.750248
2343823894.951726,7.90367
2343823896.900482,1.903666
2343823905.3875084,8.44557
2343823911.458024,6.029391
2343823916.448696,4.931602
2343823917.157207,0.682416
2343823919.1834087,1.987291
2343823920.0322347,0.819762
2343823921.45138,1.3887319999999999
2343823924.365811,2.883515
2343823925.2628407,0.8519410000000001
2343823926.46697,1.160599
2343823927.835249,1.3253920000000001
2343823933.511549,5.595918
2343823934.18141,0.639026
2343823935.2876277,1.0647280000000001
2343823936.1637893,0.834685
2343823940.071458,3.854309
2343823945.37842,5.275549
2343823951.497099,6.084351
2343823958.339411,6.7989440000000005
2343823967.553313,9.166689
2343823973.5382895,5.950834
2343823975.4085507,1.720853
2343823982.993064,7.4953449999999995
2343823983.663316,0.634932
2343823988.60109,4.893795
2343823989.363414,0.728425
2343823990.507542,1.1051360000000001
2343823991.6177697,1.068843
2343823998.756237,7.100436
2343823999.928772,1.1346889999999998
2343824006.8602023,6.873614999999999
2343824008.330288,1.4163610000000002
2343824014.62545,6.243393
2343824016.260788,1.57774
2343824021.864881,5.556696
2343824029.8064847,7.872053
2343824031.28544,1.439767
2343824032.922944,1.571388
2343824034.904512,1.9337460000000002
2343824040.805624,5.821942
2343824049.405638,8.545278
2343824056.6045556,7.172165000000001
2343824057.803308,1.1662379999999999
2343824066.021108,8.155922
2343824074.62581,8.556915
2343824079.924867,5.221394
2343824081.4591904,1.495614
2343824091.4055953,9.868177000000001
2343824099.1313176,7.685914
2343824102.629736,3.464439
2343824108.353634,5.636606
2343824115.883341,7.494826
2343824117.277029,1.35803
2343824118.805644,1.467693
2343824128.265822,9.403378
2343824130.1286526,1.8023
2343824135.483672,5.317357
2343824143.630645,8.094446
2343824144.766107,1.097468
2343824153.484963,8.67342
2343824160.595511,7.070443
2343824168.033598,7.387934
2343824174.612779,6.520569
2343824180.493305,5.8134809999999995
2343824185.7974887,5.273202
2343824186.6885324,0.86135
2343824188.319923,1.595748
2343824191.7917624,3.436279
2343824192.827841,0.9992619999999999
2343824199.543501,6.660598
2343824201.2292857,1.6290090000000002
2343824203.341886,2.017962
2343824211.023263,7.632841
2343824214.482941,3.429081
2343824215.926259,1.397386
2343824217.8980637,1.934858
2343824219.829284,1.8714140000000001
2343824223.660863,3.795513
2343824225.746358,2.050067
2343824226.680182,0.895336
2343824228.687171,1.9516900000000001
2343824229.643878,0.9095719999999999
2343824230.691687,1.013079
2343824234.453015,3.725692
2343824235.66825,1.177509
2343824242.515824,6.812408
2343824243.76148,1.193274
2343824245.056838,1.259102
2343824250.5800624,5.484197
2343824258.849345,8.216171
2343824260.427311,1.52875
2343824270.2927284,9.788307
2343824271.829064,1.481494
2343824273.2529387,1.367152
2343824274.057432,0.759693
2343824280.802942,6.672445
2343824281.5965114,0.743004
2343824282.853964,1.219767
2343824283.99605,1.1043640000000001
2343824292.304369,8.234468999999999
2343824293.912541,1.5761
2343824298.597815,4.638058
2343824307.076856,8.444481
2343824308.109846,0.9844439999999999
2343824309.623375,1.4626979999999998
2343824310.862496,1.179829
2343824320.338305,9.424866
2343824328.573128,8.193739
2343824335.917869,7.311942999999999
2343824337.110631,1.110705
2343824338.832186,1.6452
2343824340.129755,1.255627
2343824346.786779,6.611716
2343824348.265105,1.427802
2343824349.5759583,1.2446679999999999
2343824351.332405,1.706665
2343824359.6474237,8.269797
2343824360.191217,0.495384
2343824361.257932,1.014753
2343824369.312417,7.996237
2343824370.296984,0.948382
2343824375.005459,4.659876000000001
2343824376.594299,1.5434999999999999
2343824380.669198,4.039235000000001
2343824382.7748594,2.0203629999999997
2343824387.399118,4.579211
2343824393.3810883,5.937499
2343824393.812218,0.39996699999999996
2343824395.463987,1.601389
2343824400.369897,4.8342979999999995
2343824401.7290773,1.3123099999999999
2343824402.5566497,0.7877179999999999
2343824410.3280406,7.725728999999999
2343824411.395439,1.030071
2343824412.18607,0.760053
2343824414.5905843,2.317956
2343824415.891137,1.234099
2343824416.65324,0.7244929999999999
2343824417.718723,1.016211
2343824418.540578,0.78852
2343824424.212331,5.637139
2343824430.468597,6.221959
2343824432.0925417,1.586285
2343824433.9613667,1.814752
2343824434.9416943,0.904272
2343824439.295046,4.304629
2343824440.420619,1.0870840000000002
2343824441.575523,1.1132950000000001
2343824442.798919,1.1876479999999998
2343824445.251389,2.40224
2343824451.442692,6.140060999999999
2343824455.758073,4.274419
2343824456.810113,1.021344
2343824457.505479,0.655058
2343824464.272129,6.737747
2343824473.06486,8.756541
2343824474.561905,1.460542
2343824479.5051117,4.900405
2343824485.699589,6.155811
2343824492.8509474,7.099183999999999
2343824497.811716,4.918951000000001
2343824498.9551563,1.1072009999999999
2343824505.653378,6.645872
2343824507.100402,1.4093300000000002
2343824508.5810747,1.438306
2343824514.426726,5.775515
2343824520.604621,6.126024
2343824522.644628,1.971294
2343824527.8071632,5.122387
2343824532.9946,5.154495
2343824533.9895678,0.965973
2343824535.144646,1.1037620000000001
2343824540.095336,4.905892000000001
2343824544.079022,3.9349049999999997
2343824546.6346917,2.522561
2343824548.18147,1.5078660000000002
2343824554.986328,6.7703169999999995
2343824559.9677033,4.945336
2343824565.678023,5.640638
2343824570.925326,5.213397
2343824572.166643,1.203698
2343824573.302362,1.0779120000000002
2343824577.701488,4.359913
2343824579.5499563,1.740067
2343824581.0825872,1.478704
2343824588.694349,7.57668
2343824592.901597,4.165493000000001
2343824598.0831137,5.137759000000001
2343824598.9193487,0.806812
2343824606.0043473,7.037637999999999
2343824607.120575,1.0871279999999999
2343824608.325482,1.172508
2343824609.316851,0.925485
2343824613.4976172,4.134974
2343824614.594644,1.0599260000000001
2343824615.664471,1.020797
2343824617.225374,1.527738
2343824624.232636,6.969744
2343824629.88932,5.556439
2343824631.168044,1.247738
2343824639.896545,8.652263
2343824645.0717397,5.121597
2343824646.699473,1.571091
2343824648.546665,1.786854
2343824654.6353426,6.024909999999999
2343824658.062366,3.387301
2343824658.9849863,0.878993
2343824660.550977,1.508227
2343824661.34334,0.74703
2343824664.854255,3.46922
2343824674.0784693,9.095495999999999
2343824677.995426,3.888938
2343824687.08151,9.054492000000002
2343824693.4487147,6.333957000000001
2343824699.268036,5.75741
2343824705.786491,6.4668909999999995
2343824712.979393,7.1623149999999995
2343824713.807643,0.774823
2343824715.393118,1.532551
2343824716.853955,1.409712
2343824725.7659903,8.863653000000001
2343824728.0321803,2.2242669999999998
2343824729.153118,1.055836
2343824732.5344753,3.2897209999999997
2343824733.391019,0.783055
2343824740.504522,7.067279999999999
2343824748.596662,8.053417
2343824759.205196,10.549727
2343824761.0311437,1.767088
2343824767.203497,6.130589
2343824773.338832,6.08625
2343824774.5916367,1.208742
2343824775.5613613,0.921447
2343824776.758479,1.1620899999999998
2343824778.043385,1.2360330000000002
2343824781.489549,3.41227
2343824787.463262,5.939611
2343824795.153834,7.613003999999999
2343824803.750231,8.510495
2343824804.937004,1.1422839999999999
2343824812.313295,7.3331230000000005
2343824814.081762,1.726464
2343824818.447774,4.320575
2343824820.195503,1.706094
2343824828.2634883,8.026428000000001
2343824833.884459,5.584219
2343824840.213044,6.290900000000001
2343824847.929071,7.66889
2343824848.778638,0.808902
2343824850.713224,1.881607
2343824858.399375,7.647297
2343824860.24568,1.8191950000000001
2343824860.779855,0.496852
2343824865.994655,5.175512
2343824866.880461,0.840073
2343824868.55145,1.5925909999999999
2343824874.203267,5.605734
2343824880.9954877,6.7328079999999995
2343824881.8662667,0.8397600000000001
2343824887.702561,5.802562
2343824897.921578,10.135204
2343824905.3084354,7.334159
2343824911.249437,5.892998
2343824912.85108,1.5489950000000001
2343824913.989382,1.012359
2343824916.07195,1.9778489999999997
2343824917.058845,0.888972
2343824918.8944583,1.681969
2343824920.791485,1.761005
2343824921.215437,0.377596
2343824922.3384953,1.092787
2343824922.9422736,0.575559
2343824929.7357907,6.764873000000001
2343824937.761109,7.975963000000001
2343824943.626804,5.839246
2343824952.3013,8.648197
2343824954.383234,2.043416
2343824955.909355,1.468875
2343824957.49724,1.530399
2343824963.974615,6.437812
2343824964.6534467,0.6183960000000001
2343824965.631945,0.9375330000000001
2343824974.1658044,8.476909
2343824975.1168323,0.9154500000000001
2343824976.059737,0.901463
2343824978.6827097,2.574984
2343824986.7929673,8.047678000000001
2343824996.192381,9.352422
2343824997.243022,0.982522
2343824998.2682986,0.9877790000000001
2343824999.305937,0.9947580000000001
2343825000.846752,1.500103
2343825006.25359,5.335824000000001
2343825008.075027,1.7846959999999998
2343825009.1268873,1.013601
2343825009.438349,0.27842999999999996
2343825010.341909,0.87179
2343825019.3335137,8.940683
2343825030.249513,10.878301
2343825035.849177,5.547973000000001
2343825042.9935923,7.091656
2343825044.4530134,1.420219
2343825052.174882,7.610716
2343825060.5618854,8.349115000000001
2343825061.786561,1.188351
2343825063.417848,1.5752050000000002
2343825070.3170047,6.629727
2343825074.8575287,4.508259
2343825076.539977,1.637942
2343825078.24908,1.6620700000000002
2343825079.590295,1.2931080000000001
2343825084.0850554,4.419992000000001
2343825090.032256,5.90586
2343825091.2825513,1.2149649999999999
2343825095.3834,4.057144
2343825104.550213,9.114241999999999
2343825106.286428,1.689932
2343825113.353189,6.996317
2343825115.7846627,2.390784
2343825116.694623,0.8338869999999999
2343825121.505657,4.765459
2343825125.3820953,3.819712
2343825127.0368133,1.627493
2343825133.1909237,6.12347
2343825141.076416,7.821206000000001
2343825142.141185,1.02884
2343825147.3569574,5.178207
2343825155.51056,8.116652
2343825160.2082376,4.660249
2343825166.981407,6.706516
2343825173.633438,6.5934349999999995
2343825174.6926837,1.016451
2343825175.808667,1.068643
2343825179.638281,3.796006
2343825181.469306,1.7828469999999998
2343825186.9521646,5.435504
2343825188.277516,1.27671
2343825189.5265474,1.20815
2343825196.166326,6.586418999999999
2343825197.5118427,1.303874
2343825199.245887,1.656132
2343825207.9690037,8.667374
2343825214.716932,6.651548
2343825221.913977,7.067017
2343825229.7672863,7.7924500000000005
2343825230.990944,1.168251
2343825232.122276,1.077779
2343825236.428586,4.264621
2343825242.9585376,6.494258
2343825244.621157,1.6013819999999999
2343825245.480034,0.67823
2343825246.5332727,1.014654
2343825251.155848,4.507937
2343825252.372285,1.170069
2343825253.446461,1.035839
2343825254.541758,1.008786
2343825258.106553,3.527004
2343825259.435748,1.298589
2343825260.308198,0.8349110000000001
2343825269.022639,8.664952
2343825270.201909,1.1467090000000002
2343825273.525038,3.287852
2343825281.5748353,8.013053
2343825291.3024683,9.672611
2343825294.312377,2.717768
2343825296.5855927,2.183923
2343825297.179463,0.553552
2343825304.726893,7.516296
2343825306.177693,1.421203
2343825307.325417,1.107691
2343825308.756898,1.3928530000000001
2343825310.127359,1.31515
2343825315.630932,5.465094000000001
2343825316.680713,0.999203
2343825325.7218103,8.991097
2343825333.862043,8.098032
2343825337.810347,3.898047
2343825344.299565,6.398761
2343825345.9745545,1.6340919999999999
2343825351.219964,5.185751
2343825352.605661,1.3543120000000002
2343825359.547856,6.8980559999999995
2343825363.9009147,4.324442
2343825365.322212,1.386206
2343825374.266769,8.879875
2343825378.204247,3.897672
2343825379.095293,0.856406
2343825384.512044,5.382772
2343825389.202081,4.6597990000000005
2343825396.526917,7.290928
2343825397.81006,1.2498150000000001
2343825406.16744,8.320707
2343825414.2890296,8.083444
2343825421.740929,7.295204
2343825424.920107,3.14808
2343825425.4765677,0.527614
2343825426.4546103,0.942762
2343825427.4177203,0.9250499999999999
2343825436.866889,9.402431
2343825440.1834702,3.2719709999999997
2343825440.946972,0.72558
2343825444.5980687,3.603234
2343825445.903147,1.222208
2343825447.167385,1.203503
2343825451.405926,4.198873
2343825452.701928,1.2539719999999999
2343825454.093271,1.357049
2343825462.3341866,8.207081
2343825463.480405,1.1100210000000001
2343825468.2544513,4.731639
2343825469.686751,1.39557
2343825476.462611,6.726761000000001
2343825477.916619,1.4095449999999998
2343825483.429738,5.476911
2343825484.676789,1.194594
2343825485.934732,1.198013
2343825493.1009917,7.123869
2343825500.821292,7.682889
2343825508.541603,7.673559
2343825509.967729,1.3590710000000001
2343825510.418024,0.40993399999999997
2343825519.7704535,9.280722
2343825520.542425,0.722913
2343825521.7644,1.183532
2343825530.255116,8.433925
2343825531.524768,1.2218529999999999
2343825540.1391487,8.571274
2343825548.431601,8.231468000000001
2343825549.300773,0.82638
2343825550.7952538,1.4622739999999999
2343825552.217163,1.387742
2343825553.211633,0.958901
2343825561.318955,8.074947
2343825570.809225,9.449506999999999
2343825572.063531,1.1930129999999999
2343825573.0702996,0.943352
2343825578.9021144,5.7880199999999995
2343825584.853547,5.9175759999999995
2343825586.328835,1.441575
2343825592.3435183,5.980693
2343825602.5751767,10.156
2343825609.717619,7.078723
2343825611.0828204,1.3040250000000002
2343825611.986576,0.822664
2343825613.310795,1.232419
2343825614.171,0.814198
2343825615.3402424,1.08749
2343825616.0919437,0.705274
2343825617.3533306,1.2091370000000001
2343825624.465413,7.075199
2343825625.5889697,1.0601770000000001
2343825626.6013327,0.977791
2343825633.582673,6.9404449999999995
2343825634.796384,1.1610660000000002
2343825640.26056,5.410278
2343825647.628252,7.33158
2343825648.5716205,0.910687
2343825649.620118,1.0108059999999999
2343825651.014936,1.3595409999999999
2343825652.6877522,1.58874
2343825653.529742,0.806226
2343825658.593369,4.981083
2343825659.570005,0.934901
2343825666.9513907,7.329707
2343825668.337213,1.305896
2343825673.77176,5.349016
2343825675.362906,1.554284
2343825682.685592,7.2870859999999995
2343825689.003924,6.282075
2343825691.108638,2.069006
2343825692.379368,1.219282
2343825701.045755,8.611631999999998
2343825702.213015,1.116609
2343825704.122979,1.837411
2343825710.123632,5.944077
2343825718.003607,7.849033
2343825721.8712287,3.830142
2343825730.8698764,8.938124
2343825732.60916,1.6963810000000001
2343825733.851797,1.1931990000000001
2343825735.684423,1.768224
2343825737.473938,1.730656
2343825741.069599,3.5601000000000003
2343825742.25423,1.135675
2343825750.118054,7.831542000000001
2343825751.916017,1.75848
2343825753.695835,1.725902
2343825760.581565,6.825512
2343825765.6470847,5.023326
2343825770.769863,5.091944
2343825772.642112,1.794897
2343825774.121103,1.363543
2343825775.357977,1.171373
2343825784.024606,8.62527
2343825785.10515,1.044225
2343825786.458552,1.314539
2343825787.706142,1.215538
2343825796.755961,8.974759
2343825797.850587,1.019809
2343825804.9388447,7.035076
2343825806.329328,1.314945
2343825812.0339417,5.651901
2343825813.228288,1.1561919999999999
2343825819.622646,6.299916
2343825825.85397,6.198945
2343825832.3928246,6.4903319999999995
2343825837.48951,5.054862
2343825838.8342648,1.274823
2343825846.72776,7.836888999999999
2343825854.5925527,7.817683000000001
2343825863.4481997,8.808577
2343825864.674482,1.1984569999999999
2343825870.0473204,5.333984
2343825871.492604,1.417127
2343825872.977236,1.429358
2343825876.526522,3.460968
2343825881.559999,4.997388
2343825883.655587,2.061458
2343825884.960275,1.265503
2343825890.9252396,5.869718000000001
2343825892.500205,1.4941740000000001
2343825896.6862297,4.140231
2343825901.442965,4.728098
2343825905.026203,3.532341
2343825910.7609367,5.704958
2343825912.083151,1.2886980000000001
2343825913.527153,1.4044960000000002
2343825915.4806213,1.871145
2343825917.87762,2.311818
2343825924.07764,6.164445
2343825929.696459,5.576412
2343825931.6680503,1.653076
2343825936.473837,4.770903
2343825940.373622,3.839665
2343825941.561871,1.1520899999999998
2343825946.750382,5.1512329999999995
2343825955.5633965,8.777004999999999
2343825974.327352,18.716165
2343825976.525946,2.161438
2343825984.397191,7.822746
2343825988.506351,4.0392600000000005
2343826013.022004,23.846718
2343826014.320694,1.225881
2343826045.499315,31.11073
2343826045.9353414,0.39620299999999997
2343826051.8798537,5.888462
2343826076.4353986,24.50507
2343826089.978136,13.48652
2343826091.833449,1.767289
2343826092.97198,1.086402
2343826094.512823,1.489415
2343826095.925916,1.282012
2343826097.4317727,1.384498
2343826103.509374,6.021743000000001
2343826110.886429,7.341537000000001
2343826112.261163,1.326455
2343826113.347456,1.0539010000000002
2343826115.048733,1.658072
2343826115.830637,0.740193
2343826116.751804,0.8912030000000001
2343826120.871308,4.081248
2343826122.1416264,1.2394260000000001
2343826123.1337337,0.956712
2343826130.725818,7.545622
2343826133.6223783,2.862717
2343826139.056622,5.395256
2343826139.854731,0.757756
2343826140.80572,0.917647
2343826147.059258,6.21253
2343826148.520486,1.4201920000000001
2343826155.750801,7.167046
2343826163.401163,7.575292
2343826169.088764,5.611234
2343826170.457915,1.335169
2343826177.477693,6.97964
2343826183.499103,5.978477000000001
2343826184.310717,0.775077
2343826186.0818458,1.715337
2343826186.977456,0.827288
2343826188.11758,1.100614
2343826193.495009,5.34075
2343826194.20271,0.671693
2343826200.766915,6.519317999999999
2343826206.985156,6.16333
2343826207.800122,0.76947
2343826212.463768,4.628125000000001
2343826215.262844,2.755786
2343826221.013805,5.701244
2343826221.772839,0.712032
2343826225.248463,3.4056759999999997
2343826226.759314,1.474809
2343826227.860004,1.061935
2343826229.4060674,1.4944629999999999
2343826233.696272,4.239103999999999
2343826241.653663,7.9111460000000005
2343826243.031301,1.3334899999999998
2343826246.527528,3.459917
2343826253.714715,7.134914
2343826260.69955,6.933327
2343826261.7368407,0.984588
2343826268.109538,6.283094999999999
2343826276.665811,8.514555
2343826278.442238,1.7275960000000001
2343826287.188089,8.703525
2343826287.796772,0.554392
2343826295.9658732,8.124829
2343826297.302125,1.277823
2343826297.843885,0.5025710000000001
2343826298.9942303,1.111247
2343826304.805392,5.7809669999999995
2343826305.5423207,0.710546
2343826305.9296737,0.356966
2343826307.081981,1.121283
2343826314.2697062,7.15376
2343826315.484695,1.162808
2343826321.3823957,5.84222
2343826327.2627096,5.803013
2343826332.980512,5.675611
2343826333.88957,0.844125
2343826338.838552,4.888142
2343826340.728038,1.811052
2343826345.154323,4.368312
2343826348.981495,3.734484
2343826350.2724476,1.246187
2343826351.3402014,1.025588
2343826357.805395,6.426965
2343826358.6167183,0.779617
2343826367.2610497,8.608029
2343826368.4144516,1.1170749999999998
2343826377.11738,8.620529
2343826382.543053,5.381384000000001
2343826390.113687,7.54132
2343826391.670262,1.525699
2343826392.395995,0.668207
2343826393.8615403,1.425204
2343826394.585648,0.692852
2343826402.826156,8.183684999999999
2343826405.66557,2.799919
2343826412.3546658,6.59992
2343826418.725322,6.311993
2343826423.543219,4.764944
2343826429.3250966,5.745513
2343826432.645416,3.2819920000000002
2343826438.703012,6.025579
2343826445.6493807,6.911938
2343826452.9529643,7.252308
2343826454.444705,1.456764
2343826461.885342,7.399386
2343826467.828549,5.870611
2343826469.140952,1.265334
2343826470.5417337,1.344967
2343826477.975477,7.399881
2343826484.332005,6.314135
2343826489.74866,5.3827359999999995
2343826495.639187,5.833721
2343826497.337078,1.656905
2343826500.70744,3.316707
2343826504.947365,4.2092730000000005
2343826506.166548,1.187949
2343826507.448967,1.235907
2343826509.529049,2.033981
2343826515.567105,5.9955169999999995
2343826516.5649,0.96227
2343826522.9083047,6.264426
2343826528.263878,5.320128
2343826536.596661,8.295879000000001
2343826543.1479263,6.523526
2343826544.478292,1.276445
2343826545.921173,1.394543
2343826551.714006,5.7114080000000005
2343826552.4377522,0.691277
2343826553.936283,1.4607459999999999
2343826561.933044,7.96466
2343826565.366136,3.4014510000000002
2343826566.56925,1.158963
2343826572.4252343,5.815046
2343826580.7062097,8.228
2343826586.7395663,5.9677430000000005
2343826587.376297,0.593554
2343826588.338038,0.924054
2343826592.564716,4.151537
2343826599.8735147,7.27356
2343826605.7201147,5.813658
2343826606.7488093,0.983705
2343826607.736854,0.944008
2343826608.616204,0.8353119999999999
2343826609.9555173,1.3017560000000001
2343826611.0362167,1.04871
2343826612.350991,1.2850380000000001
2343826618.0312524,5.646661
2343826619.172562,1.1019599999999998
2343826620.234304,0.9974509999999999
2343826625.602122,5.302931
2343826632.383249,6.741159
2343826633.572676,1.143672
2343826640.0270123,6.407855
2343826641.2791653,1.199894
2343826642.915613,1.586084
2343826648.126925,5.140699000000001
2343826649.64063,1.476743
2343826651.676493,1.984202
2343826660.240965,8.516743
2343826661.3209343,1.052304
2343826662.161226,0.7959240000000001
2343826663.972578,1.753562
2343826665.655971,1.519806
2343826670.7261147,4.942708
2343826677.909358,7.119834
2343826679.273972,1.337766
2343826686.244204,6.940654
2343826691.496414,5.225882
2343826692.358671,0.780662
2343826693.478648,1.078481
2343826700.549621,7.024268999999999
2343826701.681469,1.06301
2343826706.8330407,5.090691
2343826710.8986454,4.008834
2343826729.356325,18.423516
2343826750.642619,21.236628
2343826754.170424,3.485414
2343826758.1161113,3.871518
2343826776.871617,18.706573000000002
2343826783.42304,6.502592
2343826789.587083,6.110779
2343826790.4678674,0.792828
2343826810.554252,20.008412
2343826817.403811,6.809655
2343826820.103657,2.649548
2343826843.958361,23.809032000000002
2343826846.025167,1.960841
2343826851.202484,5.123051
2343826853.107904,1.8680700000000001
2343826853.613406,0.44687299999999996
2343826873.085036,19.427983
2343826875.7432027,2.593752
2343826879.446708,3.6496649999999997
2343826898.8568,19.368523
2343826899.731755,0.827921
2343826900.637341,0.855814
2343826921.035164,20.341586
2343826937.996405,16.892455
2343826938.840898,0.761389
2343826939.141806,0.266275
2343826939.861102,0.6773760000000001
2343826944.145133,4.211048
2343826946.660675,2.4452789999999998
2343826947.106792,0.418019
2343826949.4836836,2.335728
2343826953.232369,3.7036450000000003
2343826954.042844,0.758587
2343826958.814941,4.724191
2343826959.425171,0.577295
2343826960.259242,0.797045
2343826964.0762916,3.78064
2343826970.349842,6.197081
2343826971.116851,0.7332620000000001
2343826980.9996657,9.84078
2343826991.492473,10.454913999999999
2343826993.998451,2.4577790000000004
2343827004.389542,10.352789
2343827013.5713367,9.119938
2343827026.1274433,12.516486
2343827037.955619,11.783074
2343827048.5129013,10.4983
2343827052.438273,3.870432
2343827053.7412043,1.257501
2343827057.661124,3.879358
2343827065.7491407,8.021603
2343827066.452199,0.661524
2343827072.461564,5.971208000000001
2343827077.259985,4.772075
2343827083.63708,6.351076
2343827090.234267,6.569261
2343827095.364407,5.05434
2343827100.996884,5.587148999999999
2343827103.3815823,2.348386
2343827104.910344,1.489775
2343827107.021251,2.052954
2343827107.7906523,0.726098
2343827114.877553,7.033466000000001
2343827116.969552,2.063126
2343827118.9310403,1.914582
2343827120.076382,1.103119
2343827120.81889,0.700419
2343827121.611474,0.734306
2343827130.142246,8.49345
2343827131.725919,1.524126
2343827132.898775,1.1213250000000001
2343827134.15812,1.221058
2343827134.754986,0.5638620000000001
2343827141.688105,6.897704
2343827147.4763727,5.751836
2343827151.0164847,3.4936580000000004
2343827157.112014,6.056229
2343827162.596566,5.445869
2343827164.0316463,1.3746330000000002
2343827165.016033,0.929887
2343827166.440321,1.367283
2343827172.073343,5.574168
2343827173.249947,1.1390669999999998
2343827173.6565747,0.36531399999999997
2343827180.584619,6.874848999999999
2343827187.399859,6.7415
2343827188.377221,0.945503
2343827190.171067,1.739684
2343827194.337508,4.116125
2343827195.913396,1.5439530000000001
2343827196.701723,0.749313
2343827197.541417,0.785222
2343827207.039679,9.457436
2343827208.069852,0.9866339999999999
2343827209.125307,1.004378
2343827216.660105,7.488972
2343827225.466525,8.774761000000002
2343827226.625338,1.108563
2343827227.67341,0.9786739999999999
2343827228.8875117,1.1646409999999998
2343827230.1550426,1.208857
2343827231.606553,1.399271
2343827236.8784842,5.2256
2343827242.9736557,6.064809
2343827250.9607763,7.94304
2343827258.581123,7.582109
2343827259.5186777,0.8735350000000001
2343827265.137643,5.574864
2343827270.27835,5.095383
2343827276.790565,6.462689
2343827281.609771,4.727704999999999
2343827287.905254,6.262155
2343827289.03184,1.063467
2343827290.215846,1.119043
2343827296.7575274,6.497164
2343827299.731654,2.936781
2343827300.467561,0.700751
2343827308.317878,7.793948
2343827309.591273,1.234372
2343827310.4755406,0.851304
2343827320.271294,9.760727000000001
2343827327.052374,6.735906
2343827335.464317,8.360492
2343827343.549152,8.054205
2343827343.8981547,0.32006
2343827352.44561,8.514892
2343827353.127602,0.632517
2343827359.7983804,6.6281669999999995
2343827361.418372,1.578244
2343827366.212952,4.742933000000001
2343827367.968198,1.7142789999999999
2343827369.015964,0.9870169999999999
2343827370.246945,1.153345
2343827371.834198,1.541372
2343827379.802741,7.925291
2343827382.3724327,2.541883
2343827383.173931,0.7549520000000001
2343827387.701213,4.480165
2343827389.125367,1.3841809999999999
2343827390.4337363,1.265597
2343827392.59724,2.114899
2343827401.96393,9.322061
2343827403.006828,0.986993
2343827403.948151,0.8714280000000001
2343827413.064769,9.011262
2343827423.962655,10.815332
2343827431.286493,7.266209
2343827433.135806,1.7916480000000001
2343827434.09748,0.910351
2343827436.256833,2.097624
2343827437.664596,1.374649
2343827445.28404,7.589398
2343827449.6195183,4.292258
2343827456.096115,6.431493
2343827457.313222,1.184743
2343827458.064775,0.7104560000000001
2343827464.6787333,6.563600999999999
2343827465.255577,0.542436
2343827466.2200904,0.926622
2343827474.278166,8.00961
2343827475.778021,1.457715
2343827476.6857114,0.871644
2343827477.906165,1.176446
2343827478.750212,0.809199
2343827479.2533174,0.46704100000000004
2343827486.1190667,6.821008
2343827487.9643087,1.809915
2343827495.9819226,7.920151000000001
2343827499.6465597,3.601034
2343827501.446369,1.7633690000000002
2343827506.719563,5.231489
2343827508.041318,1.2875409999999998
2343827509.025,0.9211360000000001
2343827510.763792,1.678569
2343827519.157252,8.334717
2343827520.471809,1.285279
2343827528.163341,7.6486540000000005
2343827534.502975,6.312088
2343827535.398125,0.86667
2343827542.1310787,6.674281
2343827547.519365,5.265437
2343827548.691521,1.0837659999999998
2343827556.107386,7.370299
2343827563.0034294,6.855395000000001
2343827564.2479787,1.1916660000000001
2343827570.5351357,6.241665
2343827571.587996,0.998767
2343827572.947028,1.3048529999999998
2343827580.298164,7.291464
2343827581.168286,0.836938
2343827586.566671,5.346494
2343827593.242268,6.6433539999999995
2343827594.5275683,1.2508219999999999
2343827595.68261,1.112708
2343827597.054635,1.332257
2343827604.01853,6.907733
2343827610.429571,6.347172
2343827610.964019,0.505082
2343827618.3549023,7.333602
2343827619.449335,1.059752
2343827620.2904453,0.802154
2343827624.4800057,4.151332
2343827625.2316,0.716001
2343827632.083131,6.811169
2343827638.097815,5.976617
2343827645.1154456,6.9662630000000005
2343827647.920595,2.769654
2343827651.770412,3.7954600000000003
2343827652.887029,1.079555
2343827653.747382,0.8225389999999999
2343827659.055772,5.259504
2343827660.049914,0.9635279999999999
2343827661.275009,1.161587
2343827663.031148,1.68311
2343827669.277629,6.148941
2343827678.0281796,8.709484
2343827678.73845,0.6750929999999999
2343827680.1447763,1.3557540000000001
2343827681.545169,1.354611
2343827687.62478,6.029032999999999
2343827688.570606,0.919184
2343827696.950878,8.328744
2343827704.7566833,7.769348
2343827708.723322,3.9334089999999997
2343827713.9032702,5.118266
2343827714.481463,0.523066
2343827721.581064,7.064944
2343827722.4493833,0.8397749999999999
2343827723.789476,1.304251
2343827724.992399,1.128863
2343827726.345187,1.3035830000000002
2343827728.0821104,1.668063
2343827737.056778,8.937752
2343827738.0680723,0.982155
2343827738.369751,0.262191
2343827739.566362,1.159324
2343827740.593742,0.993114
2343827741.26507,0.6389009999999999
2343827742.130334,0.8287840000000001
2343827743.227323,1.0517409999999998
2343827750.8370237,7.573725
2343827756.7546263,5.879683999999999
2343827758.368464,1.549816
2343827759.2650957,0.844016
2343827763.6721783,4.359242
2343827765.379279,1.615731
2343827774.962286,9.501586
2343827775.605137,0.612946
2343827782.231777,6.579904
2343827783.8399673,1.5713560000000002
2343827789.5455213,5.668285
2343827794.302453,4.719791
2343827798.7761016,4.4328579999999995
2343827799.746754,0.90925
2343827801.3367553,1.547464
2343827805.104239,3.7264369999999998
2343827807.288331,2.151106
2343827808.1471467,0.808441
2343827815.630137,7.444155
2343827825.218148,9.547893
2343827830.439909,5.185582999999999
2343827837.969878,7.462283
2343827839.004655,0.9885289999999999
2343827840.591751,1.5448
2343827848.840646,8.166575
2343827854.303928,5.418140999999999
2343827860.34896,5.954503
2343827864.1111503,3.717771
2343827870.860142,6.696247
2343827877.3653,6.45218
2343827878.282495,0.8801730000000001
2343827878.879885,0.530785
2343827880.6293716,1.686109
2343827886.131023,5.456830999999999
2343827886.865416,0.695715
2343827887.281043,0.38702400000000003
2343827888.1459703,0.833749
2343827889.488565,1.297795
2343827890.0477986,0.5126850000000001
2343827893.633683,3.544305
2343827897.4584002,3.7932970000000004
2343827898.491946,1.002268
2343827899.4688883,0.943905
2343827904.6826034,5.165585
2343827906.408921,1.68845
2343827908.635159,2.177203
2343827920.086346,11.413898
2343827921.13931,0.992701
2343827925.852407,4.666926
2343827926.4534783,0.5632830000000001
2343827927.450735,0.953906
2343827933.613623,6.122955
2343827935.104243,1.423902
2343827943.812669,8.658033000000001
2343827951.130537,7.27513
2343827957.696328,6.5082889999999995
2343827958.362861,0.6254369999999999
2343827959.63593,1.221436
2343827959.977905,0.29830999999999996
2343827967.636883,7.609412000000001
2343827968.9089217,1.2365869999999999
2343827976.550537,7.576651
2343827984.596094,7.9850579999999995
2343827991.368526,6.730848
2343827993.032724,1.608929
2343827999.403736,6.323014
2343828005.330297,5.895701
2343828011.187279,5.8223
2343828012.4968047,1.265063
2343828018.302911,5.759203
2343828021.497481,3.150946
2343828022.5569663,1.021772
2343828027.2377048,4.640747
2343828033.217933,5.940615
2343828034.5041423,1.234156
2343828042.36747,7.819751999999999
2343828047.718899,5.300301
2343828052.4183383,4.6712430000000005
2343828059.553753,7.080006
2343828060.552564,0.9525440000000001
2343828066.616575,6.021497
2343828067.597516,0.938785
2343828068.741178,1.101747
2343828070.0257797,1.242126
2343828071.3656445,1.295762
2343828079.540097,8.128807
2343828088.048963,8.476723
2343828094.62811,6.533938
2343828102.43623,7.71243
2343828110.46887,7.947096000000001
2343828116.4982553,5.993701
2343828122.527475,5.985567
2343828123.885367,1.3113000000000001
2343828131.0794244,7.151363
2343828135.643557,4.511679
2343828142.718236,7.037106
2343828143.933295,1.1791
2343828144.634401,0.660896
2343828151.900293,7.219952
2343828153.3612947,1.397126
2343828154.443494,1.036679
2343828160.5238614,6.019201
2343828166.4921923,5.939444
2343828172.750051,6.199345
2343828173.686418,0.871934
2343828174.228543,0.47754399999999997
2343828180.179759,5.9074100000000005
2343828181.4407616,1.2217630000000002
2343828182.572772,1.099574
2343828183.769823,1.168272
2343828185.074822,1.271377
2343828192.987544,7.854761
2343828194.40591,1.350608
2343828200.356935,5.913825999999999
2343828207.02133,6.6172189999999995
2343828207.733797,0.618753
2343828208.530462,0.734339
2343828212.960836,4.3547780000000005
2343828214.277592,1.277721
2343828219.9334173,5.620691
2343828224.108963,4.146162
2343828225.087779,0.946866
2343828231.395006,6.272542
2343828232.409352,0.962109
2343828239.554698,7.095467999999999
2343828241.354709,1.743611
2343828242.51365,1.1010289999999998
2343828248.4332542,5.881233
2343828249.340674,0.8720000000000001
2343828250.55105,1.16085
2343828251.904571,1.303104
2343828255.821877,3.8821519999999996
2343828261.445292,5.59239
2343828262.76713,1.265344
2343828268.848245,6.034683
2343828274.6133137,5.719608
2343828276.2405953,1.573096
2343828282.117716,5.816496
2343828288.2894177,6.125346
2343828295.498257,7.131085
2343828303.655967,8.078619
2343828304.4877462,0.797852
2343828310.199017,5.614414
2343828315.695872,5.445549
2343828323.943767,8.209786
2343828324.465391,0.470817
2343828325.314336,0.806683
2343828326.489399,1.116866
2343828328.101809,1.573073
2343828335.653828,7.511844999999999
2343828336.349411,0.662554
2343828342.204432,5.8062640000000005
2343828348.88203,6.621004
2343828350.398234,1.4394609999999999
2343828359.130986,8.687574999999999
2343828366.710547,7.552625
2343828373.282447,6.539538
2343828374.650311,1.2320829999999998
2343828382.798991,8.096354999999999
2343828388.5639806,5.721745
2343828389.157403,0.550102
2343828395.749212,6.537868
2343828397.5368834,1.726864
2343828398.801167,1.221869
2343828405.2598763,6.423262
2343828406.630807,1.3379640000000002
2343828409.810509,3.1471479999999996
2343828417.7611628,7.908797000000001
2343828424.915845,7.083171
2343828431.051016,6.107227
2343828438.319101,7.241803
2343828440.022072,1.658643
2343828448.306469,8.234969
2343828449.759683,1.409203
2343828454.597622,4.790812
2343828455.921046,1.288605
2343828459.090772,3.133908
2343828464.442697,5.304564
2343828465.50846,1.0327190000000002
2343828466.514297,0.9706670000000001
2343828471.6741977,5.114543
2343828478.64529,6.921416
2343828479.976652,1.269954
2343828488.054186,8.021595
2343828489.7850833,1.688551
2343828490.873313,1.0470169999999999
2343828492.175253,1.23843
2343828497.172572,4.94909
2343828502.7843857,5.557857
2343828504.647387,1.827679
2343828509.5160704,4.81688
2343828514.601847,5.045219
2343828515.728508,1.094982
2343828517.069663,1.289515
2343828525.45464,8.346721
2343828530.266869,4.746536
2343828531.2831726,0.967945
2343828535.871398,4.550663
2343828537.2512918,1.330348
2343828538.584388,1.249431
2343828544.375644,5.727288
2343828548.7579584,4.3177010000000005
2343828554.0307064,5.220323
2343828557.124999,3.056773
2343828558.145758,0.961169
2343828564.891335,6.652939
2343828570.474648,5.538335999999999
2343828577.603481,7.068029
2343828578.4158416,0.7712450000000001
2343828579.681108,1.227824
2343828589.2550287,9.535921
2343828597.393793,8.089114
2343828605.876359,8.406182999999999
2343828607.014028,1.073793
2343828608.7670193,1.674596
2343828610.3770437,1.5337969999999999
2343828611.804708,1.3243770000000001
2343828613.5197763,1.667194
2343828619.144959,5.574326
2343828626.2204947,7.047896
2343828631.6105437,5.359889
2343828633.221797,1.565609
2343828637.517436,4.194528
2343828638.661825,1.110415
2343828639.962875,1.2611720000000002
2343828640.952466,0.900318
2343828642.437243,1.436117
2343828648.578184,6.088857
2343828649.496151,0.87417
2343828651.1457,1.608368
2343828662.486999,11.285919999999999
2343828667.955427,5.345911
2343828677.110577,9.124959
2343828678.2013054,1.0356390000000002
2343828684.79969,6.553228000000001
2343828686.038788,1.181014
2343828690.4529424,4.374487
2343828691.648635,1.132835
2343828696.769298,5.0416039999999995
2343828704.9289412,8.126622999999999
2343828705.793662,0.81613
2343828713.625017,7.791703
2343828721.229557,7.5431029999999994
2343828722.7333283,1.45341
2343828727.5797048,4.791957
2343828729.0741453,1.449217
2343828729.960294,0.843702
2343828736.726964,6.735360999999999
2343828742.632919,5.862407
2343828744.123958,1.459597
2343828749.652402,5.449095
2343828750.752029,1.056708
2343828756.41151,5.6060870000000005
2343828764.3968587,7.907938
2343828765.553634,1.107915
2343828767.205405,1.6068149999999999
2343828774.021278,6.76399
2343828779.062055,4.992633
2343828780.079739,0.9797359999999999
2343828786.9308968,6.792193
2343828788.340792,1.330791
2343828799.0488863,10.631821
2343828800.179278,1.092382
2343828801.542828,1.3137960000000002
2343828803.069321,1.478984
2343828811.7670736,8.624066999999998
2343828818.846621,7.032913
2343828819.266019,0.377417
2343828824.2778864,4.974307
2343828825.726414,1.403138
2343828826.7785,1.000284
2343828828.395594,1.5774730000000001
2343828829.6881814,1.253012
2343828831.162053,1.42662
2343828837.0627613,5.863552
2343828837.7010126,0.609681
2343828838.6752653,0.944415
2343828839.033367,0.322029
2343828840.38429,1.320678
2343828846.5417967,6.11062
2343828851.9477177,5.35816
2343828857.024604,5.048381
2343828858.409286,1.340676
2343828865.189053,6.741633
2343828871.811357,6.587934
2343828876.273259,4.424125
2343828878.935947,2.609077
2343828886.569759,7.5865409999999995
2343828893.04628,6.425402
2343828893.545733,0.468744
2343828898.257782,4.657456
2343828905.307292,6.971361
2343828912.4459863,7.0906720000000005
2343828913.362532,0.841831
2343828921.344536,7.895009
2343828922.115386,0.743023
2343828928.757025,6.577351
2343828929.405679,0.620386
2343828930.8683047,1.428534
2343828936.877272,5.972558
2343828938.252039,1.325529
2343828938.993632,0.700848
2343828939.451688,0.39324899999999996
2343828944.4460893,4.950632
2343828945.6156077,1.121848
2343828950.8169827,5.121211
2343828951.961857,1.1123210000000001
2343828955.908848,3.863109
2343828960.942573,5.007098
2343828968.02426,7.045304
2343828969.632533,1.5697910000000002
2343828971.711918,1.9689909999999997
2343828973.945303,2.1749780000000003
2343828978.955862,4.961479000000001
2343828979.711871,0.697739
2343828986.532288,6.777934999999999
2343828993.540877,6.958682
2343828993.88241,0.303971
2343828995.28751,1.357032
2343828996.627124,1.2852729999999999
2343829004.863298,8.187863
2343829006.4987707,1.584007
2343829007.588624,1.050645
2343829008.354365,0.726302
2343829008.9161253,0.517759
2343829009.9893,0.991766
2343829016.255418,6.223813
2343829020.211419,3.9099909999999998
2343829022.080943,1.8248170000000001
2343829022.8633237,0.74652
2343829023.999304,1.103324
2343829029.563182,5.486318
2343829030.8094587,1.1687130000000001
2343829031.285681,0.425918
2343829036.157374,4.8323480000000005
2343829040.425832,4.2214920000000005
2343829045.107285,4.654007
2343829046.274129,1.137699
2343829053.498823,7.178137
2343829061.6400566,8.105561000000002
2343829062.648552,0.950102
2343829063.7074018,1.0202799999999999
2343829069.4704723,5.711202999999999
2343829075.613812,6.089647
2343829081.2371716,5.577365
2343829082.07417,0.804242
2343829085.874356,3.763527
2343829093.4701033,7.555181999999999
2343829094.4370008,0.935072
2343829099.10341,4.610955
2343829101.230066,2.0797239999999997
2343829102.7307563,1.4640339999999998
2343829103.52407,0.7586160000000001
2343829108.402676,4.844365
2343829115.311832,6.8612459999999995
2343829126.027307,10.664322
2343829127.238212,1.1595259999999998
2343829128.6273127,1.312899
2343829135.3019133,6.607921999999999
2343829136.0280333,0.683216
2343829141.341235,5.275512000000001
2343829144.579771,3.2124900000000003
2343829145.997565,1.3667589999999998
2343829152.270881,6.226787
2343829160.409382,8.093351
2343829166.123448,5.653334
2343829167.007077,0.817791
2343829176.0746346,8.992141
2343829179.9196167,3.802172
2343829181.2196274,1.2671130000000002
2343829182.287087,1.029677
2343829186.334108,4.005672
2343829187.6830587,1.314614
2343829189.617782,1.874884
2343829189.950483,0.292043
2343829195.126049,5.1341149999999995
2343829204.053465,8.893388999999999
2343829209.678185,5.588658
2343829211.421691,1.689229
2343829212.437788,0.972245
2343829213.0084157,0.525946
2343829213.82346,0.781043
2343829215.164565,1.271435
2343829215.922481,0.712453
2343829221.9641957,6.0069490000000005
2343829229.0377493,7.035146
2343829230.256632,1.179469
2343829235.639369,5.342142
2343829236.656366,0.9697720000000001
2343829241.014194,4.306779000000001
2343829247.520308,6.466236
2343829252.310991,4.712169
2343829260.088029,7.740646
2343829267.22297,7.09596
2343829268.352334,1.0870630000000001
2343829269.726576,1.3401129999999999
2343829273.6617646,3.893351
2343829276.943677,3.245587
2343829277.54772,0.5588299999999999
2343829283.017497,5.4156059999999995
2343829291.962202,8.89214
2343829292.433105,0.44290799999999997
2343829298.222679,5.754181
2343829304.999826,6.746935
2343829309.3886013,4.353127
2343829310.385474,0.948318
2343829317.681922,7.2580789999999995
2343829325.046738,7.316594
2343829331.782496,6.69032
2343829333.374054,1.51847
2343829338.950833,5.503418000000001
2343829345.404387,6.414451
2343829345.9467564,0.496757
2343829347.000544,1.01154
2343829351.727552,4.683787
2343829352.911018,1.1544070000000002
2343829358.770367,5.770352
2343829366.4493737,7.628058
2343829371.872221,5.389438
2343829372.798299,0.881298
2343829379.9086843,7.066555
2343829381.065643,1.116612
2343829386.68468,5.562990999999999
2343829387.7235503,0.99756
2343829388.849833,1.084482
2343829389.738601,0.852048
2343829390.6046267,0.833372
2343829398.59066,7.950758
2343829399.582895,0.9487369999999999
2343829400.817032,1.1933410000000002
2343829401.950705,1.065033
2343829403.590505,1.583854
2343829404.924281,1.2828279999999999
2343829406.2581353,1.286789
2343829407.0143437,0.705952
2343829414.399675,7.340769
2343829417.905409,3.4799409999999997
2343829418.820674,0.886568
2343829420.2769337,1.425695
2343829424.280591,3.974438
2343829430.608587,6.294809
2343829436.345384,5.696898
2343829437.520567,1.1133250000000001
2343829442.54031,4.964905000000001
2343829449.111153,6.496757
2343829450.148108,0.958242
2343829451.835909,1.621716
2343829452.8483024,0.969462
2343829460.155885,7.239064
2343829466.923411,6.722915
2343829469.82803,2.876414
2343829475.399402,5.5326450000000005
2343829482.903468,7.450888999999999
2343829483.305044,0.369542
2343829484.6047077,1.26369
2343829486.017723,1.376417
2343829486.99264,0.921369
2343829490.312582,3.2844290000000003
2343829497.035185,6.669677
2343829498.41571,1.2773240000000001
2343829507.06481,8.61162
2343829508.215188,1.115138
2343829517.951968,9.680282
2343829519.099224,1.09294
2343829520.151273,0.999266
2343829526.120607,5.913961
2343829532.696626,6.524577
2343829534.3028984,1.557537
2343829535.129212,0.775556
2343829535.883272,0.7144299999999999
2343829543.693923,7.77031
2343829550.763258,6.99343
2343829551.197031,0.387858
2343829551.85219,0.61095
2343829552.5286202,0.644079
2343829558.125082,5.562459
2343829563.260511,5.060651
2343829569.740402,6.436306
2343829573.97257,4.185169
2343829578.925494,4.925288
2343829586.5726976,7.618486
2343829587.786154,1.165812
2343829593.875189,6.0374740000000005
2343829595.377128,1.449039
2343829597.117003,1.679797
2343829597.9302983,0.762063
2343829604.4718018,6.459005
2343829611.5751977,7.045965000000001
2343829620.5569477,8.934944
2343829627.0978713,6.500306
2343829627.977049,0.820241
2343829628.363211,0.268826
2343829629.391179,0.950875
2343829634.778517,5.331220999999999
2343829635.867049,1.053853
2343829637.275253,1.353745
2343829637.823007,0.507453
2343829642.2763543,4.4016
2343829647.87891,5.542751
2343829649.1891656,1.275595
2343829650.015199,0.761735
2343829655.1515207,5.086231
2343829656.181852,0.987461
2343829657.297695,1.0758320000000001
2343829658.418577,1.0861910000000001
2343829659.119212,0.658091
2343829660.491548,1.333588
2343829666.727405,6.192328000000001
2343829675.48481,8.698172000000001
2343829683.141944,7.624032000000001
2343829684.741136,1.540166
2343829685.702296,0.8973
2343829688.562815,2.815642
2343829689.595871,0.99259
2343829690.885564,1.195182
2343829696.7695117,5.826769
2343829698.0104017,1.205127
2343829698.9567847,0.9077179999999999
2343829705.429018,6.436845
2343829712.3013573,6.839068
2343829713.771116,1.438855
2343829719.253063,5.4471110000000005
2343829723.7831907,4.466717
2343829729.139195,5.301916
2343829733.240033,4.069209
2343829740.180579,6.910035
2343829741.176371,0.966348
2343829750.276332,9.065939
2343829751.755379,1.4256360000000001
2343829752.952609,1.142376
2343829753.663608,0.648826
2343829755.1547112,1.4232349999999998
2343829759.670767,4.462706000000001
2343829767.024674,7.316811
2343829767.407085,0.35292
2343829773.2325706,5.751723
2343829777.586242,4.303714
2343829783.324343,5.69946
2343829789.9885864,6.610162
2343829793.4086246,3.346925
2343829794.8742943,1.389476
2343829800.444442,5.541142
2343829806.071828,5.600796
2343829811.6515102,5.5510790000000005
2343829819.8521233,8.104647
2343829826.519267,6.636055
2343829833.351333,6.772074
2343829839.8733172,6.45162
2343829841.006508,1.090973
2343829843.945622,2.901502
2343829850.8176694,6.84009
2343829852.215853,1.351205
2343829858.131177,5.869713
2343829861.490172,3.3067029999999997
2343829862.39571,0.855977
2343829863.529377,1.093699
2343829868.713047,5.131701
2343829869.840322,1.097179
2343829871.0220532,1.142258
2343829876.848156,5.793286
2343829883.828785,6.9526259999999995
2343829884.7766023,0.917484
2343829890.975288,6.16486
2343829892.595619,1.568746
2343829900.509516,7.862665
2343829904.96185,4.382034
2343829905.987218,0.982314
2343829911.881557,5.849441000000001
2343829917.687704,5.731191
2343829920.193226,2.475644
2343829921.580892,1.3084170000000002
2343829928.410803,6.7892719999999995
2343829936.085628,7.6287009999999995
2343829943.875074,7.7401800000000005
2343829949.7626,5.831492
2343829950.728617,0.914438
2343829955.3276963,4.544552
2343829959.3227553,3.9592539999999996
2343829967.035737,7.664065
2343829972.7272496,5.640829
2343829973.60534,0.839972
2343829974.572138,0.890561
2343829982.5770607,7.895957999999999
2343829987.7966924,5.173907
2343829989.570203,1.73566
2343829993.037774,3.418707
2343830001.388242,8.301213
2343830009.365916,7.905964
2343830010.0945177,0.690512
2343830016.806317,6.667357
2343830025.648356,8.812537
2343830026.211101,0.512832
2343830030.600826,4.327699
2343830035.487507,4.847091000000001
2343830041.420868,5.905933
2343830046.406248,4.921012
2343830047.293423,0.8612029999999999
2343830048.410811,1.065495
2343830051.481948,3.0417959999999997
2343830054.582435,3.077337
2343830098.866332,44.25701
2343830099.9451976,0.9937469999999999
2343830101.1920843,1.135151
2343830102.7612953,1.499399
2343830112.0782323,9.210008
2343830112.603079,0.460949
2343830229.3521867,116.700479
2343830231.829249,2.413293
2343830236.2376723,4.2967379999999995
2343830239.164508,2.857339
2343830240.5836296,1.387185
2343830246.096029,5.460768000000001
2343830247.362165,1.213063
2343830248.360257,0.9629719999999999
2343830253.159918,4.748524
2343830298.8871403,45.69461
2343830304.194003,5.18133
2343830364.809419,60.556520000000006
2343830377.609901,12.714922999999999
2343830379.188209,1.542705
2343830380.08116,0.831441
2343830388.378645,8.264617
2343830389.2539783,0.833668
2343830393.775239,4.480335
2343830394.4621754,0.629307
2343830401.7479377,7.246657
2343830408.648755,6.863705
2343830410.058638,1.3622910000000001
2343830410.802348,0.6926910000000001
2343830411.8801727,1.034962
2343830414.294958,2.3223089999999997
2343830420.888706,6.537615
2343830427.730798,6.798872
2343830435.088682,7.31543
2343830440.278586,5.152337
2343830486.529334,46.216101
2343830512.4238973,25.815358
2343830514.233639,1.728984
2343830514.8177447,0.5199119999999999
2343830515.7655587,0.884621
2343830516.2968073,0.47164
2343830516.8861814,0.52583
2343830573.346553,56.401714999999996
2343830585.271461,11.820247
2343830590.214744,4.881166
2343830593.686141,3.420702
2343830597.618105,3.860927
2343830643.859468,46.205179
2343830651.175858,7.210348
2343830694.030909,42.795787000000004
2343830696.138015,2.031037
2343830711.29033,15.054925
2343830715.047164,3.7132229999999997
2343830716.444606,1.3480860000000001
2343830718.606855,2.1046
2343830721.329096,2.683827
2343830747.297336,25.909081
2343830751.67373,4.3226890000000004
2343830758.2731767,6.497966
2343830763.444079,5.091588
2343830770.3354907,6.832501000000001
2343830773.064787,2.650894
2343830929.951522,156.83409
2343830932.782323,2.758353
2343830934.177936,1.307953
2343830949.1410923,14.883535
2343830952.0549,2.874705
2343830964.210491,12.106954
2343830964.840346,0.5906410000000001
2343830966.655446,1.772144
2343831136.24383,169.529811
2343831142.800323,6.481199
2343831144.593108,1.6703219999999999
2343831148.933887,4.2885539999999995
2343831150.139376,1.145322
2343831151.207963,1.020281
2343831159.113429,7.814361000000001
2343831160.352366,1.2099280000000001
2343831164.886398,4.500845
2343831169.853222,4.908689
2343831178.67454,8.704972999999999
2343831179.616637,0.908505
2343831180.700617,1.0355889999999999
2343831186.725696,5.97934
2343831194.876773,8.102907
2343831195.561611,0.626996
2343831196.325975,0.723353
2343831197.3159013,0.930037
2343831197.912635,0.544281
2343831199.156353,1.15974
2343831200.313216,1.097308
2343831202.0831637,1.720345
2343831210.52894,8.359760000000001
2343831212.049323,1.474271
2343831213.359048,1.260101
2343831214.807726,1.41261
2343831215.686151,0.8441949999999999
2343831215.9801593,0.260384
2343831217.223694,1.195989
2343831228.996451,11.734092
2343831236.490785,7.459047
2343831246.37854,9.856151
2343831248.499052,2.0735810000000003
2343831249.345067,0.762807
2343831255.46209,6.069284000000001
2343831257.886127,2.384565
2343831266.2978086,8.365099
2343831267.70523,1.353285
2343831270.177806,2.411762
2343831271.209546,0.975797
2343831273.167449,1.902682
2343831281.339869,8.117441
2343831283.555005,2.169291
2343831285.912705,2.312404
2343831297.494638,11.53552
2343831299.128974,1.598545
2343831300.140376,0.966861
2343831302.5886736,2.35586
2343831315.183867,12.557227000000001
2343831316.5338798,1.299488
2343831324.803017,8.221033
2343831330.406664,5.546212
2343831338.6927357,8.231375000000002
2343831340.498747,1.769191
2343831342.160467,1.616387
2343831348.034601,5.762458
2343831348.749146,0.659077
2343831354.574364,5.773913
2343831357.06365,2.446068
2343831357.667996,0.5519109999999999
2343831367.6831822,9.962458
2343831370.426848,2.6848739999999998
2343831371.519166,1.0483879999999999
2343831380.7385907,9.183135
2343831381.4567423,0.6594390000000001
2343831384.409082,2.90822
2343831393.8934813,9.443472
2343831395.677769,1.74759
2343831396.155228,0.427869
2343831398.6149273,2.39041
2343831401.726799,3.062055
2343831404.072666,2.282855
2343831406.603022,2.444361
2343831408.839055,2.204473
2343831412.674786,3.800908
2343831415.055413,2.3087250000000004
2343831416.566455,1.415375
2343831425.592515,8.982141
2343831427.922855,2.288699
2343831430.984213,2.985914
2343831434.044288,2.9785570000000003
2343831447.233718,13.131776
2343831448.141429,0.8778009999999999
2343831451.510675,3.328143
2343831454.861339,3.261647
2343831461.0119324,6.113844
2343831462.372325,1.3007540000000002
2343831464.152794,1.7202680000000001
2343831465.622682,1.3753579999999999
2343831472.066329,6.396854
2343831479.4151464,7.277985
2343831481.122452,1.636449
2343831487.672782,6.470278
2343831488.694194,0.989078
2343831489.743096,1.006044
2343831498.828513,9.030735
2343831502.660716,3.802385
2343831504.4008713,1.698588
2343831511.420582,6.974547
2343831517.471341,5.954826
2343831520.768702,3.261394
2343831522.07799,1.249147
2343831523.43542,1.3139200000000002
2343831525.184324,1.695992
2343831526.859698,1.638879
2343831529.061053,2.1643909999999997
2343831529.757371,0.6600790000000001
2343831530.561768,0.766772
2343831537.619159,7.009698
2343831539.0005383,1.321334
2343831547.57273,8.443943
2343831549.0676107,1.4600520000000001
2343831553.684743,4.579441
2343831559.0490794,5.308097
2343831567.518897,8.434842999999999
2343831573.996951,6.436902000000001
2343831575.3329496,1.30555
2343831584.818364,9.439976
2343831586.2641087,1.4154879999999999
2343831592.03183,5.728853
2343831604.3781314,12.310631
2343831611.22307,6.79956
2343831612.244355,0.9886739999999999
2343831615.1768413,2.89778
2343831619.715172,4.509599000000001
2343831626.775302,7.014038
2343831627.856098,1.029724
2343831628.906085,1.0094130000000001
2343831630.784545,1.837312
2343831632.421136,1.5908
2343831634.276318,1.778282
2343831641.0748,6.755139000000001
2343831648.792785,7.643828
2343831650.241343,1.404999
2343831651.931023,1.631043
2343831653.309265,1.324812
2343831662.9186363,9.552798
2343831668.19739,5.148254
2343831672.837495,4.608295999999999
2343831674.574878,1.696309
2343831676.0792837,1.417421
2343831684.070498,7.9454139999999995
2343831685.519639,1.40439
2343831686.965724,1.396712
2343831693.562349,6.553535
2343831704.492384,10.898177
2343831714.965161,10.422196
2343831720.752052,5.732188
2343831722.00969,1.2188240000000001
2343831723.460097,1.386838
2343831729.060348,5.5510530000000005
2343831735.7312503,6.6137310000000005
2343831742.091496,6.323471
2343831753.447128,11.306876
2343831754.941065,1.453068
2343831764.340788,9.330938
2343831764.7317357,0.340501
2343831773.051081,8.279023
2343831774.292268,1.181822
2343831775.939695,1.6049820000000001
2343831777.6418023,1.652895
2343831786.0583997,8.361983
2343831787.590771,1.502532
2343831788.744609,1.075286
2343831789.7857957,0.9540879999999999
2343831791.288272,1.3839
2343831793.051907,1.6724070000000002
2343831795.146047,2.018073
2343831796.425757,1.210227
2343831797.409385,0.9513969999999999
2343831798.555157,1.056015
2343831804.439446,5.854038
2343831813.2151623,8.724457
2343831813.798897,0.540555
2343831815.308021,1.4618490000000002
2343831822.099077,6.748900000000001
2343831823.824187,1.692727
2343831826.1502347,2.2741990000000003
2343831829.618196,3.434796
2343831830.889111,1.236572
2343831840.481023,9.553122
2343831842.473944,1.956594
2343831844.477641,1.9448370000000001
2343831846.132093,1.592281
2343831847.3364763,1.1603539999999999
2343831848.8545136,1.468803
2343831850.379031,1.4921170000000001
2343831854.795547,4.384341
2343831858.000989,3.1776489999999997
2343831858.6223836,0.594746
2343831863.647729,4.973555
2343831874.1521683,10.469114
2343831878.875694,4.6457820000000005
2343831880.7068987,1.7763099999999998
2343831889.0350113,8.276707
2343831894.025545,4.955967
2343831898.685637,4.6156060000000005
2343831899.6039724,0.880053
2343831901.391303,1.751362
2343831906.810554,5.360341
2343831916.837134,9.987371999999999
2343831918.421525,1.46378
2343831923.050485,4.553217
2343831930.872053,7.781528000000001
2343831937.424736,6.511907
2343831945.740191,8.279815
2343831953.7572713,7.974738
2343831958.033421,4.2354
2343831977.091538,19.019880999999998
2343831979.887978,2.7591400000000004
2343831981.609367,1.688868
2343831995.028526,13.366693000000001
2343831995.738865,0.6471950000000001
2343831996.305156,0.518141
2343831999.745143,3.387086
2343832004.9587817,5.1711730000000005
2343832018.019271,12.961962
2343832035.4220133,17.37147
2343832037.972547,2.5084
2343832042.0567117,3.981313
2343832044.8761253,2.770311
2343832048.813387,3.879054
2343832065.987576,17.136509
2343832082.6412683,16.579764
2343832089.862618,7.185618000000001
2343832091.539712,1.621561
2343832092.737263,1.1455490000000002
2343832093.9756303,1.184878
2343832094.718613,0.7125220000000001
2343832095.763979,1.012453
2343832101.249997,5.445169
2343832102.836093,1.551261
2343832104.328517,1.453548
2343832105.4404097,1.0755020000000002
2343832105.7742558,0.300956
2343832106.82864,1.0211919999999999
2343832107.744572,0.867201
2343832115.837264,8.032218
2343832117.257377,1.376862
2343832118.3504386,1.0453839999999999
2343832119.720552,1.2944810000000002
2343832124.76874,4.9972330000000005
2343832125.6918077,0.8867970000000001
2343832126.867358,1.133067
2343832135.106255,8.19666
2343832141.427314,6.295088
2343832142.7186193,1.2489350000000001
2343832146.90805,4.128089
2343832148.050281,1.104454
2343832154.553848,6.45216
2343832154.9575477,0.374207
2343832156.754278,1.7529139999999999
2343832162.705203,5.9002170000000005
2343832163.716825,0.9552109999999999
2343832169.7663302,5.9580090000000006
2343832180.1851,10.352424000000001
2343832181.13355,0.9196770000000001
2343832182.1965876,1.018796
2343832183.9154277,1.681734
2343832184.563513,0.593808
2343832192.17693,7.570214
2343832193.401296,1.191276
2343832194.768031,1.319779
2343832196.122664,1.312743
2343832197.3185267,1.1473
2343832202.994883,5.61377
2343832206.894672,3.863586
2343832215.438264,8.505887
2343832223.806518,8.306341
2343832229.476305,5.625505
2343832234.455523,4.924653
2343832240.7223,6.187444
2343832241.558877,0.794463
2343832244.476106,2.870298
2343832254.367415,9.852437
2343832258.5488067,4.143321
2343832264.937163,6.344709
2343832270.4782386,5.492703
2343832271.785347,1.274314
2343832280.584224,8.761557999999999
2343832283.259145,2.634657
2343832287.1045113,3.815288
2343832287.933313,0.758593
2343832292.11379,4.117591
2343832292.615924,0.458362
2343832293.339487,0.6762750000000001
2343832293.87851,0.494195
2343832294.467709,0.5449609999999999
2343832298.31004,3.797962
2343832298.76483,0.41465
2343832299.3104553,0.506512
2343832301.647557,2.298921
