basic_1BT,4201137,869033987437850,96
basic_1BT,4606275,869033992160872,96
basic_1BT,4929535,869033997169045,96
basic_1BT,3447627,869034000681218,96
basic_1BT,3900041,869034004641915,96
basic_1BT,4836056,869034009556138,96
basic_1BT,4473271,869034014090416,96
basic_1BT,3695501,869034017847194,96
basic_1BT,4855506,869034022776572,96
basic_1BT,4258570,869034027099398,96
basic_1BT,3770811,869034030937881,96
basic_1BT,4314411,869034035327207,96
basic_1BT,3527914,869034038915772,96
basic_1BT,2196705,869034041172367,96
basic_1BT,4042268,869034045274569,96
basic_1BT,4477701,869034049812070,96
basic_1BT,4668816,869034054540896,96
basic_1BT,3850476,869034058455166,96
basic_1BT,4173618,869034062688768,96
basic_1BT,3642085,869034066391385,96
basic_1BT,3991621,869034070443511,96
basic_1BT,4023624,869034074527575,96
basic_1BT,4238780,869034078823794,96
basic_1BT,4106648,869034082991303,96
basic_1BT,4205167,869034087256801,96
basic_1BT,4184876,869034091502207,96
basic_1BT,4508773,869034096068349,96
basic_1BT,4129981,869034100270569,96
basic_1BT,4407713,869034104738863,96
basic_1BT,4292084,869034109091453,96
basic_1BT,3858305,869034113010188,96
basic_1BT,3909163,869034116979641,96
basic_1BT,3980840,869034121020666,96
basic_1BT,3964997,869034125050028,96
basic_1BT,4306988,869034129417402,96
basic_1BT,3709228,869034133187156,96
basic_1BT,3949356,869034137196812,96
basic_1BT,4351422,869034141605858,96
basic_1BT,4250868,869034145916325,96
basic_1BT,4086907,869034150064365,96
basic_1BT,3929690,869034154054751,96
basic_1BT,4218568,869034158333725,96
basic_1BT,4680057,869034163073762,96
basic_1BT,4172531,869034167306002,96
basic_1BT,4009948,869034171375844,96
basic_1BT,3865150,869034175298523,96
basic_1BT,4034124,869034179393413,96
basic_1BT,3798740,869034183253295,96
basic_1BT,4161095,869034187474801,96
basic_1BT,4234911,869034191770548,96
basic_1BT,3941012,869034195772126,96
basic_1BT,3991621,869034199824287,96
basic_1BT,3911798,869034203796551,96
basic_1BT,3854460,869034207711221,96
basic_1BT,3763879,869034211535041,96
basic_1BT,3098836,869034214717997,96
basic_1BT,4139940,869034218930235,96
basic_1BT,2627302,869034221628714,96
basic_1BT,2855836,869034224545511,96
basic_1BT,4309900,869034228918969,96
basic_1BT,2838935,869034231817914,96
basic_1BT,3271663,869034235147507,96
basic_1BT,3813189,869034239018822,96
basic_1BT,4397911,869034243478125,96
basic_1BT,3976910,869034247516393,96
basic_1BT,4494160,869034252072332,96
basic_1BT,4444680,869034256578049,96
basic_1BT,4149146,869034260788227,96
basic_1BT,4141810,869034264990909,96
basic_1BT,2742286,869034267791525,96
basic_1BT,3009312,869034270858306,96
basic_1BT,3657892,869034274576639,96
basic_1BT,3990888,869034278627311,96
basic_1BT,4370010,869034283054996,96
basic_1BT,3948118,869034287062883,96
basic_1BT,4029709,869034291152326,96
basic_1BT,3955787,869034295168047,96
basic_1BT,4513265,869034299741592,96
basic_1BT,4691830,869034304490204,96
basic_1BT,4277269,869034308827598,96
basic_1BT,4700570,869034313588489,96
basic_1BT,3744866,869034317392923,96
basic_1BT,4382380,869034321832471,96
basic_1BT,4834442,869034326727248,96
basic_1BT,4186693,869034330974322,96
basic_1BT,4088039,869034335122727,96
basic_1BT,4685550,869034339868322,96
basic_1BT,4641297,869034344569469,96
basic_1BT,4236184,869034348866078,96
basic_1BT,4280473,869034353206811,96
basic_1BT,4305490,869034357572276,96
basic_1BT,4798317,869034362427536,96
basic_1BT,4749555,869034367236665,96
basic_1BT,4552631,869034371849150,96
basic_1BT,4128773,869034376038340,96
basic_1BT,3270912,869034379371166,96
basic_1BT,4188022,869034383616822,96
basic_1BT,3324852,869034387001257,96
basic_1BT,4212740,869034391274042,96
basic_1BT,3230272,869034394564469,96
basic_1BT,3996441,869034398618554,96
basic_1BT,3762575,869034402441376,96
basic_1BT,3149017,869034405650142,96
basic_1BT,5048826,869034410759248,96
basic_1BT,4365696,869034415184698,96
basic_1BT,4737678,869034419983342,96
basic_1BT,3829687,869034423901054,96
basic_1BT,4797305,869034428760053,96
basic_1BT,4112431,869034432932379,96
basic_1BT,4310286,869034437303211,96
basic_1BT,4301912,869034441662291,96
basic_1BT,4923049,869034446664499,96
basic_1BT,4524967,869034451249576,96
basic_1BT,4360132,869034455669497,96
basic_1BT,4850044,869034460579732,96
basic_1BT,4075434,869034464715421,96
basic_1BT,4983534,869034469759356,96
basic_1BT,4412440,869034474232091,96
basic_1BT,4087613,869034478377384,96
basic_1BT,3415428,869034481853232,96
basic_1BT,4398085,869034486311684,96
basic_1BT,4257670,869034490626441,96
basic_1BT,4432671,869034495119182,96
basic_1BT,4765210,869034499944723,96
basic_1BT,4478212,869034504508139,96
basic_1BT,4616034,869034509183938,96
basic_1BT,4249349,869034513493577,96
basic_1BT,4588596,869034518142278,96
basic_1BT,4737737,869034522937704,96
basic_1BT,4865609,869034527871247,96
basic_1BT,4468450,869034532400568,96
basic_1BT,4318600,869034536779334,96
basic_1BT,3853820,869034540693148,96
basic_1BT,3561359,869034544311980,96
basic_1BT,3566876,869034547939321,96
basic_1BT,3737542,869034551734382,96
basic_1BT,3507758,869034555302135,96
basic_1BT,3890284,869034559252413,96
basic_1BT,3841726,869034563154374,96
basic_1BT,4047103,869034567262019,96
basic_1BT,3529448,869034570852183,96
basic_1BT,3558776,869034574471024,96
basic_1BT,3968656,869034578496739,96
basic_1BT,3685778,869034582243017,96
basic_1BT,3561032,869034585867301,96
basic_1BT,3998767,869034589926343,96
basic_1BT,4230020,869034594216117,96
basic_1BT,4131861,869034598407972,96
basic_1BT,3528892,869034601997265,96
basic_1BT,3579335,869034605637101,96
basic_1BT,3526687,869034609223737,96
basic_1BT,3717071,869034613001299,96
basic_1BT,3941046,869034617002540,96
basic_1BT,3815845,869034620875674,96
basic_1BT,3531633,869034624467628,96
basic_1BT,4045014,869034628572947,96
basic_1BT,4177818,869034632811512,96
basic_1BT,4278148,869034637149729,96
basic_1BT,3788166,869034640998486,96
basic_1BT,3525694,869034644581519,96
basic_1BT,3960221,869034648601569,96
basic_1BT,4037747,869034652699211,96
basic_1BT,3589102,869034656348123,96
basic_1BT,4210704,869034660618701,96
basic_1BT,4076803,869034664755744,96
basic_1BT,4108347,869034668924347,96
basic_1BT,8644789,869034677629307,96
basic_1BT,4714943,869034682404125,96
basic_1BT,4088179,869034686549803,96
basic_1BT,3913248,869034690523842,96
basic_1BT,3808939,869034694393161,96
basic_1BT,4065080,869034698518667,96
basic_1BT,3937685,869034702517018,96
basic_1BT,3879157,869034706453489,96
basic_1BT,4099620,869034710613837,96
basic_1BT,4051900,869034714726553,96
basic_1BT,4437026,869034719221068,96
basic_1BT,4079575,869034723360587,96
basic_1BT,4084245,869034727505308,96
basic_1BT,4130618,869034731696247,96
basic_1BT,4036880,869034735793648,96
basic_1BT,4202851,869034740056669,96
basic_1BT,3674726,869034743794618,96
basic_1BT,4269758,869034748122431,96
basic_1BT,4297737,869034752480804,96
basic_1BT,4378986,869034756920071,96
basic_1BT,3686690,869034760666866,96
basic_1BT,4160699,869034764884698,96
basic_1BT,3835079,869034768779747,96
basic_1BT,4122223,869034772962717,96
basic_1BT,3998926,869034777021588,96
basic_1BT,3676706,869034780756034,96
basic_1BT,4546918,869034785363192,96
basic_1BT,3564735,869034788988544,96
basic_1BT,3873304,869034792922083,96
basic_1BT,3856711,869034796839029,96
basic_1BT,4037297,869034800933674,96
basic_1BT,3243607,869034804237858,96
basic_1BT,3517897,869034807816335,96
basic_1BT,4000790,869034811874689,96
basic_1BT,4032034,869034815967289,96
basic_1BT,4137886,869034820201058,96
basic_1BT,4160834,869034824423124,96
basic_1BT,4375092,869034828858948,96
basic_1BT,4159145,869034833078529,96
basic_1BT,3712675,869034836851594,96
basic_1BT,4046432,869034840957925,96
basic_1BT,3820676,869034844836015,96
basic_1BT,3957326,869034848853877,96
basic_1BT,3785003,869034852699125,96
basic_1BT,3946289,869034856702532,96
basic_1BT,3944209,869034860729388,96
basic_1BT,3956098,869034864746047,96
basic_1BT,4076121,869034868882383,96
basic_1BT,3867606,869034872810646,96
basic_1BT,3895166,869034876763360,96
basic_1BT,4005552,869034880829433,96
basic_1BT,3794912,869034884684369,96
basic_1BT,4127791,869034888869694,96
basic_1BT,4215235,869034893145450,96
basic_1BT,4073089,869034897283657,96
basic_1BT,3924167,869034901268169,96
basic_1BT,3621788,869034904974299,96
basic_1BT,5044091,869034910076169,96
basic_1BT,3813785,869034913950089,96
basic_1BT,3300475,869034917323434,96
basic_1BT,3671925,869034921055355,96
basic_1BT,1851341,869034922966971,96
basic_1BT,3379930,869034926404440,96
basic_1BT,3778889,869034930244205,96
basic_1BT,3557289,869034933862722,96
basic_1BT,3763614,869034937684361,96
basic_1BT,4179241,869034941924348,96
basic_1BT,3460904,869034945446279,96
basic_1BT,4008910,869034949515539,96
basic_1BT,3935359,869034953512076,96
basic_1BT,4014889,869034957598657,96
basic_1BT,2644964,869034960311138,96
basic_1BT,3013642,869034963388303,96
basic_1BT,1876907,869034965323077,96
basic_1BT,2420202,869034967774826,96
basic_1BT,1829495,869034969649739,96
basic_1BT,3018433,869034972696606,96
basic_1BT,2160453,869034974886000,96
basic_1BT,3584663,869034978498009,96
basic_1BT,3987964,869034982525844,96
basic_1BT,3868340,869034986454748,96
basic_1BT,3180462,869034989684757,96
basic_1BT,2401293,869034992135510,96
basic_1BT,2993404,869034995180061,96
basic_1BT,2444773,869034997677180,96
basic_1BT,2756056,869035000487077,96
basic_1BT,3887424,869035004429064,96
basic_1BT,3144219,869035007621786,96
basic_1BT,2078129,869035009757494,96
basic_1BT,3718919,869035013525909,96
basic_1BT,3766806,869035017340576,96
basic_1BT,3626143,869035021026674,96
basic_1BT,3642943,869035024730554,96
basic_1BT,3300956,869035028091906,96
basic_1BT,3188670,869035031341563,96
basic_1BT,3985615,869035035385278,96
basic_1BT,3540806,869035038986339,96
basic_1BT,3792306,869035042840343,96
basic_1BT,3991384,869035046891887,96
basic_1BT,4039646,869035050991779,96
basic_1BT,4090069,869035055165597,96
basic_1BT,3567266,869035058790928,96
basic_1BT,3111506,869035061959857,96
basic_1BT,2945445,869035064960828,96
basic_1BT,3672616,869035068689427,96
basic_1BT,2738457,869035071459792,96
basic_1BT,3320761,869035074814856,96
basic_1BT,2359807,869035077198878,96
basic_1BT,4313117,869035081540076,96
basic_1BT,3250602,869035084820176,96
basic_1BT,2317411,869035087172391,96
basic_1BT,2983312,869035090189316,96
basic_1BT,3435119,869035093659847,96
basic_1BT,2419180,869035096113926,96
basic_1BT,3992376,869035100142580,96
basic_1BT,2924737,869035103109919,96
basic_1BT,3407858,869035106557349,96
basic_1BT,2017983,869035108617029,96
basic_1BT,3961282,869035112621424,96
basic_1BT,2586929,869035115257496,96
basic_1BT,4095201,869035119399254,96
basic_1BT,2392746,869035121841094,96
basic_1BT,3449640,869035125339881,96
basic_1BT,4095466,869035129489413,96
basic_1BT,3564419,869035133109186,96
basic_1BT,3361798,869035136546059,96
basic_1BT,3070861,869035139676759,96
basic_1BT,2412317,869035142146444,96
basic_1BT,3570700,869035145778477,96
basic_1BT,4167273,869035150017427,96
basic_1BT,2665291,869035152747715,96
basic_1BT,3266425,869035156074215,96
basic_1BT,4754332,869035160889183,96
basic_1BT,3941833,869035164892083,96
basic_1BT,4232270,869035169185150,96
basic_1BT,4022903,869035173269400,96
basic_1BT,4136662,869035177466453,96
basic_1BT,4197850,869035181725044,96
basic_1BT,4046834,869035185832303,96
basic_1BT,3961324,869035189853927,96
basic_1BT,4481495,869035194395457,96
basic_1BT,4026742,869035198482765,96
basic_1BT,4129145,869035202672681,96
basic_1BT,4049865,869035206782456,96
basic_1BT,4115954,869035210958725,96
basic_1BT,4054315,869035215074148,96
basic_1BT,4128307,869035219262892,96
basic_1BT,3760567,869035223084250,96
basic_1BT,4525046,869035227670264,96
basic_1BT,4309946,869035232040670,96
basic_1BT,4217948,869035236321178,96
basic_1BT,4722140,869035241104320,96
basic_1BT,4026466,869035245190967,96
basic_1BT,4064960,869035249316262,96
basic_1BT,3820335,869035253197003,96
basic_1BT,4424448,869035257678739,96
basic_1BT,4373383,869035262112604,96
basic_1BT,4809243,869035266983079,96
basic_1BT,4280869,869035271324980,96
basic_1BT,4614004,869035275999264,96
basic_1BT,4141182,869035280226296,96
basic_1BT,4851050,869035285137236,96
basic_1BT,4989428,869035290186935,96
basic_1BT,4248648,869035294496084,96
basic_1BT,4281254,869035298836786,96
basic_1BT,4289794,869035303187011,96
basic_1BT,4366593,869035307613945,96
basic_1BT,4241166,869035311934446,96
basic_1BT,4367740,869035316360276,96
basic_1BT,3960241,869035320381504,96
basic_1BT,2781170,869035323223116,96
basic_1BT,4310567,869035327590801,96
basic_1BT,4334038,869035331986271,96
basic_1BT,4313769,869035336388356,96
basic_1BT,4748371,869035341197319,96
basic_1BT,3997048,869035345255654,96
basic_1BT,4310468,869035349622894,96
basic_1BT,4269782,869035353953001,96
basic_1BT,4220838,869035358234170,96
basic_1BT,3280419,869035361574312,96
basic_1BT,3267413,869035364902131,96
basic_1BT,4498841,869035369461764,96
basic_1BT,3466808,869035372985719,96
basic_1BT,5525876,869035378571831,96
basic_1BT,4257328,869035382889766,96
basic_1BT,4271547,869035387221888,96
basic_1BT,4690277,869035391972455,96
basic_1BT,4647296,869035396705275,96
basic_1BT,4064178,869035400829443,96
basic_1BT,4143655,869035405034225,96
basic_1BT,4635543,869035409729067,96
basic_1BT,4392468,869035414178352,96
basic_1BT,4330775,869035418569397,96
basic_1BT,4404054,869035423033677,96
basic_1BT,4414249,869035427507509,96
basic_1BT,4408044,869035431975473,96
basic_1BT,3622139,869035435683277,96
basic_1BT,5342169,869035441082544,96
basic_1BT,4757203,869035445900408,96
basic_1BT,4550811,869035450507902,96
basic_1BT,4317077,869035454886071,96
basic_1BT,4680112,869035459649507,96
basic_1BT,4409256,869035464119926,96
basic_1BT,5285016,869035469465179,96
basic_1BT,4924432,869035474450111,96
basic_1BT,4624368,869035479135366,96
basic_1BT,5370401,869035484566488,96
basic_1BT,4633599,869035489260788,96
basic_1BT,4503341,869035493824364,96
basic_1BT,4599084,869035498483197,96
basic_1BT,5305113,869035503846070,96
basic_1BT,4692442,869035508598076,96
basic_1BT,4527467,869035513186349,96
basic_1BT,4738233,869035517984266,96
basic_1BT,4619171,869035522664164,96
basic_1BT,4912383,869035527637204,96
basic_1BT,4853546,869035532550379,96
basic_1BT,5065465,869035537675763,96
basic_1BT,4988362,869035542724164,96
basic_1BT,5206834,869035547987705,96
basic_1BT,5582093,869035553656951,96
basic_1BT,4946948,869035558664411,96
basic_1BT,4883261,869035563604729,96
basic_1BT,32811077,869035596476217,96
basic_1BT,5186206,869035601723034,96
basic_1BT,4868556,869035606664755,96
basic_1BT,3937083,869035610662109,96
basic_1BT,3974821,869035614697781,96
basic_1BT,4043320,869035618800995,96
basic_1BT,4383678,869035623244948,96
basic_1BT,4354945,869035627660314,96
basic_1BT,4376846,869035632094695,96
basic_1BT,4225184,869035636381572,96
basic_1BT,4022476,869035640463958,96
basic_1BT,4057778,869035644581951,96
basic_1BT,3937790,869035648580252,96
basic_1BT,3638938,869035652279776,96
basic_1BT,4981069,869035657321105,96
basic_1BT,5493277,869035662874231,96
basic_1BT,4170141,869035667102157,96
basic_1BT,3988347,869035671150523,96
basic_1BT,4118008,869035675329023,96
basic_1BT,4189725,869035679576473,96
basic_1BT,3821262,869035683458046,96
basic_1BT,4115533,869035687634470,96
basic_1BT,4136332,869035691831469,96
basic_1BT,4100468,869035695992517,96
basic_1BT,4198631,869035700284115,96
basic_1BT,4040464,869035704384910,96
basic_1BT,3873279,869035708319130,96
basic_1BT,3759479,869035712139255,96
basic_1BT,4113860,869035716314027,96
basic_1BT,4117863,869035720491980,96
basic_1BT,4358660,869035724911065,96
basic_1BT,4011827,869035728983483,96
basic_1BT,3984267,869035733028376,96
basic_1BT,3985214,869035737074468,96
basic_1BT,3773778,869035740908335,96
basic_1BT,4113578,869035745082039,96
basic_1BT,4478443,869035749618286,96
basic_1BT,4305571,869035753984398,96
basic_1BT,3834197,869035757879007,96
basic_1BT,4270584,869035762210147,96
basic_1BT,4165049,869035766435616,96
basic_1BT,3813685,869035770309536,96
basic_1BT,4058064,869035774428207,96
basic_1BT,3718579,869035778207652,96
basic_1BT,4658117,869035782925984,96
basic_1BT,4700374,869035787686775,96
basic_1BT,4675191,869035792421860,96
basic_1BT,4022533,869035796504733,96
basic_1BT,3778603,869035800344153,96
basic_1BT,3918354,869035804322436,96
basic_1BT,3746765,869035808129526,96
basic_1BT,4060334,869035812251705,96
basic_1BT,3570444,869035815882143,96
basic_1BT,3929535,869035819869252,96
basic_1BT,3891917,869035823839617,96
basic_1BT,4160903,869035828060641,96
basic_1BT,2608540,869035830721552,96
basic_1BT,2943494,869035833722039,96
basic_1BT,2079808,869035835862202,96
basic_1BT,3797161,869035839716822,96
basic_1BT,3309221,869035843088218,96
basic_1BT,3295238,869035846449164,96
basic_1BT,3248308,869035849764810,96
basic_1BT,3193706,869035853019187,96
basic_1BT,3490413,869035856571254,96
basic_1BT,2536888,869035859165961,96
basic_1BT,1843478,869035861066587,96
basic_1BT,3062355,869035864189473,96
basic_1BT,3477232,869035867727326,96
basic_1BT,3655190,869035871440327,96
basic_1BT,3755735,869035875256472,96
basic_1BT,3619152,869035878936056,96
basic_1BT,3253441,869035882250128,96
basic_1BT,3309586,869035885621643,96
basic_1BT,3310088,869035888995800,96
basic_1BT,3204011,869035892265338,96
basic_1BT,3597833,869035895920118,96
basic_1BT,3382567,869035899360214,96
basic_1BT,4263913,869035903687790,96
basic_1BT,4097010,869035907845271,96
basic_1BT,3930343,869035911836355,96
basic_1BT,3572874,869035915469790,96
basic_1BT,3749255,869035919279335,96
basic_1BT,3705234,869035923045210,96
basic_1BT,3845921,869035926951972,96
basic_1BT,3495438,869035930508829,96
basic_1BT,3961039,869035934530824,96
basic_1BT,3550157,869035938142344,96
basic_1BT,3796706,869035941999079,96
basic_1BT,3789829,869035945849079,96
basic_1BT,3656329,869035949565799,96
basic_1BT,3559007,869035953184961,96
basic_1BT,3728602,869035956974200,96
basic_1BT,3589497,869035960624454,96
basic_1BT,3672215,869035964359736,96
basic_1BT,2576645,869035966996922,96
basic_1BT,3759665,869035970813850,96
basic_1BT,3100726,869035973974936,96
basic_1BT,2039133,869035976073883,96
basic_1BT,3522026,869035979665125,96
basic_1BT,3559669,869035983282679,96
basic_1BT,3910215,869035987253159,96
basic_1BT,3117649,869035990431766,96
basic_1BT,2662710,869035993154531,96
basic_1BT,3248986,869035996464032,96
basic_1BT,3675393,869036000199270,96
basic_1BT,2226003,869036002485789,96
basic_1BT,3125443,869036005668324,96
basic_1BT,3704571,869036009433161,96
basic_1BT,2376624,869036011869925,96
basic_1BT,2979542,869036014906891,96
basic_1BT,3464292,869036018430787,96
basic_1BT,2019939,869036020510645,96
basic_1BT,3344594,869036023912247,96
basic_1BT,3572554,869036027542620,96
basic_1BT,3359933,869036030962834,96
basic_1BT,4027292,869036035050507,96
basic_1BT,2617149,869036037728081,96
basic_1BT,3657372,869036041452579,96
basic_1BT,3998660,869036045512052,96
basic_1BT,4025282,869036049594603,96
basic_1BT,4065572,869036053720154,96
basic_1BT,3884891,869036057665190,96
basic_1BT,3930682,869036061657176,96
basic_1BT,4001913,869036065748583,96
basic_1BT,3767668,869036069577098,96
basic_1BT,3534695,869036073173321,96
basic_1BT,4119006,869036077355074,96
basic_1BT,2885279,869036080301710,96
basic_1BT,3171876,869036083534192,96
basic_1BT,3773156,869036087365087,96
basic_1BT,3873379,869036091298983,96
basic_1BT,4167263,869036095526927,96
basic_1BT,3927535,869036099514918,96
basic_1BT,3559222,869036103157440,96
basic_1BT,3584306,869036106804226,96
basic_1BT,3505303,869036110385014,96
basic_1BT,3601456,869036114048565,96
basic_1BT,3537789,869036117654041,96
basic_1BT,3522171,869036121239489,96
basic_1BT,3463625,869036124763525,96
basic_1BT,3367898,869036128203455,96
basic_1BT,2779713,869036131040322,96
basic_1BT,2139582,869036133237548,96
basic_1BT,2995069,869036136292471,96
basic_1BT,3826369,869036140187385,96
basic_1BT,3964085,869036144211235,96
basic_1BT,4138331,869036148409841,96
basic_1BT,3878773,869036152349004,96
basic_1BT,3905463,869036156315038,96
basic_1BT,3882495,869036160258060,96
basic_1BT,4290191,869036164608776,96
basic_1BT,4307826,869036168977418,96
basic_1BT,4263267,869036173301032,96
basic_1BT,4288360,869036177649462,96
basic_1BT,4388018,869036182097604,96
basic_1BT,4334454,869036186492293,96
basic_1BT,2913053,869036189463025,96
basic_1BT,3931620,869036193454730,96
basic_1BT,3346562,869036196861457,96
basic_1BT,2071122,869036198992609,96
basic_1BT,3217411,869036202268267,96
basic_1BT,2714195,869036205046796,96
basic_1BT,2937976,869036208045970,96
basic_1BT,3328045,869036211432567,96
basic_1BT,4186879,869036215695322,96
basic_1BT,3211473,869036218966735,96
basic_1BT,4285092,869036223311191,96
basic_1BT,3364675,869036226735845,96
basic_1BT,2579331,869036229374985,96
basic_1BT,2727722,869036232163243,96
basic_1BT,3667574,869036235893870,96
basic_1BT,3825497,869036239777117,96
basic_1BT,4161411,869036243999138,96
basic_1BT,3840106,869036247935404,96
basic_1BT,3617588,869036251610210,96
basic_1BT,3908161,869036255578987,96
basic_1BT,3817138,869036259456616,96
basic_1BT,3908085,869036263425342,96
basic_1BT,3744209,869036267230317,96
basic_1BT,3786397,869036271077150,96
basic_1BT,3944214,869036275082040,96
basic_1BT,3710415,869036278853081,96
basic_1BT,4235041,869036283148443,96
basic_1BT,4146520,869036287355233,96
basic_1BT,4119027,869036291534766,96
basic_1BT,4056756,869036295652218,96
basic_1BT,3899745,869036299612775,96
basic_1BT,3948119,869036303621074,96
basic_1BT,3915282,869036307596641,96
basic_1BT,3723490,869036311380346,96
basic_1BT,4120370,869036315561543,96
basic_1BT,3721165,869036319342933,96
basic_1BT,3930046,869036323334011,96
basic_1BT,3912456,869036327306722,96
basic_1BT,4053658,869036331420862,96
basic_1BT,3709974,869036335190940,96
basic_1BT,4097436,869036339349258,96
basic_1BT,4007993,869036343417436,96
basic_1BT,3942966,869036347420813,96
basic_1BT,3893552,869036351374925,96
basic_1BT,3909704,869036355345531,96
basic_1BT,4113753,869036359519946,96
basic_1BT,4151361,869036363732354,96
basic_1BT,3980584,869036367773575,96
basic_1BT,4035156,869036371869497,96
basic_1BT,4059969,869036375989836,96
basic_1BT,4195049,869036380279871,96
basic_1BT,3946053,869036384286480,96
basic_1BT,4109790,869036388456580,96
basic_1BT,2660987,869036391178273,96
basic_1BT,3356972,869036394592373,96
basic_1BT,3431515,869036398084404,96
basic_1BT,2060759,869036400202150,96
basic_1BT,4223561,869036404485650,96
basic_1BT,4682302,869036409228117,96
basic_1BT,4953915,869036414242083,96
basic_1BT,4260096,869036418562674,96
basic_1BT,4636105,869036423258799,96
basic_1BT,2994567,869036426304555,96
basic_1BT,4595160,869036430956818,96
basic_1BT,4265423,869036435282145,96
basic_1BT,2610654,869036437952538,96
basic_1BT,4776893,869036442790318,96
basic_1BT,4586129,869036447433419,96
basic_1BT,4795822,869036452289718,96
basic_1BT,4165575,869036456515382,96
basic_1BT,3744735,869036460320617,96
basic_1BT,3798190,869036464179022,96
basic_1BT,4034219,869036468273461,96
basic_1BT,4037626,869036472371778,96
basic_1BT,3997223,869036476429337,96
basic_1BT,4183451,869036480672998,96
basic_1BT,2850402,869036483584122,96
basic_1BT,4608957,869036488250307,96
basic_1BT,4268275,869036492578341,96
basic_1BT,4047098,869036496685655,96
basic_1BT,3577706,869036500322959,96
basic_1BT,2038447,869036502420974,96
basic_1BT,3642662,869036506120970,96
basic_1BT,4440380,869036510621660,96
basic_1BT,3606994,869036514283307,96
basic_1BT,2590151,869036516908808,96
basic_1BT,4170500,869036521107747,96
basic_1BT,4558546,869036525725610,96
basic_1BT,1579554,869036527333232,96
basic_1BT,2502924,869036529863686,96
basic_1BT,4283013,869036534173860,96
basic_1BT,3938085,869036538140693,96
basic_1BT,3846070,869036542043886,96
basic_1BT,3877357,869036545949308,96
basic_1BT,1468765,869036547446358,96
basic_1BT,3082869,869036550556871,96
basic_1BT,2300164,869036552885393,96
basic_1BT,3845161,869036556757493,96
basic_1BT,2307213,869036559092863,96
basic_1BT,2435187,869036561555765,96
basic_1BT,4307497,869036565923356,96
basic_1BT,4283440,869036570263639,96
basic_1BT,3539245,869036573830919,96
basic_1BT,2524626,869036576384129,96
basic_1BT,4136887,869036580581127,96
basic_1BT,3619401,869036584260610,96
basic_1BT,2402274,869036586691926,96
basic_1BT,2210405,869036588964496,96
basic_1BT,3201353,869036592194072,96
basic_1BT,2455215,869036594677540,96
basic_1BT,3670746,869036598376279,96
basic_1BT,2106656,869036600511380,96
basic_1BT,4131330,869036604703169,96
basic_1BT,2422305,869036607154429,96
basic_1BT,3791810,869036611003256,96
basic_1BT,4265888,869036615326232,96
basic_1BT,3646376,869036619032377,96
basic_1BT,4231608,869036623323789,96
basic_1BT,4210619,869036627594017,96
basic_1BT,4024847,869036631696856,96
basic_1BT,4280618,869036636037574,96
basic_1BT,4270198,869036640369310,96
basic_1BT,4352815,869036644781995,96
basic_1BT,4375699,869036649217623,96
basic_1BT,4023674,869036653301228,96
basic_1BT,5240092,869036658601414,96
basic_1BT,3747320,869036662405882,96
basic_1BT,2097970,869036664563491,96
basic_1BT,4506705,869036669130757,96
basic_1BT,4419195,869036673610733,96
basic_1BT,4082778,869036677754162,96
basic_1BT,4201282,869036682015965,96
basic_1BT,3938736,869036686012626,96
basic_1BT,4040454,869036690136394,96
basic_1BT,3952969,869036694149599,96
basic_1BT,3599950,869036697809590,96
basic_1BT,4272203,869036702134050,96
basic_1BT,4016719,869036706211406,96
basic_1BT,3906219,869036710171940,96
basic_1BT,4145078,869036714371115,96
basic_1BT,3980420,869036718424203,96
basic_1BT,3702480,869036722178730,96
basic_1BT,4176601,869036726415842,96
basic_1BT,3916705,869036730393057,96
basic_1BT,4208520,869036734659617,96
basic_1BT,4149176,869036738869375,96
basic_1BT,4177528,869036743107443,96
basic_1BT,4152183,869036747319901,96
basic_1BT,4166196,869036751546152,96
basic_1BT,4055334,869036755662227,96
basic_1BT,3946088,869036759668836,96
basic_1BT,4255138,869036763984500,96
basic_1BT,4078182,869036768206968,96
basic_1BT,3796139,869036772063548,96
basic_1BT,4211316,869036776337880,96
basic_1BT,4179147,869036780577693,96
basic_1BT,4963372,869036785601110,96
basic_1BT,4632172,869036790293507,96
basic_1BT,4519128,869036794872870,96
basic_1BT,4165559,869036799096329,96
basic_1BT,4044247,869036803200811,96
basic_1BT,3485657,869036806746413,96
basic_1BT,2490104,869036809286272,96
basic_1BT,3879553,869036813225875,96
basic_1BT,3725554,869036817011340,96
basic_1BT,4401394,869036821472924,96
basic_1BT,3910912,869036825441435,96
basic_1BT,1968508,869036827470279,96
basic_1BT,4162327,869036831689985,96
basic_1BT,4017394,869036835768426,96
basic_1BT,3727123,869036839556547,96
basic_1BT,3747090,869036843364343,96
basic_1BT,3182471,869036846607465,96
basic_1BT,2660826,869036849328591,96
basic_1BT,1799084,869036851187710,96
basic_1BT,2911058,869036854155756,96
basic_1BT,3653187,869036857869329,96
basic_1BT,3559043,869036861486066,96
basic_1BT,4233447,869036865781422,96
basic_1BT,3969037,869036869810860,96
basic_1BT,4054085,869036873925786,96
basic_1BT,4172997,869036878159600,96
basic_1BT,3942780,869036882162651,96
basic_1BT,3690267,869036885913700,96
basic_1BT,3880661,869036889851645,96
basic_1BT,3615810,869036893527539,96
basic_1BT,3374283,869036896962723,96
basic_1BT,2659146,869036899694990,96
basic_1BT,3560340,869036903305277,96
basic_1BT,4572613,869036907935203,96
basic_1BT,4155918,869036912151010,96
basic_1BT,4731311,869036916943254,96
basic_1BT,3923315,869036920927045,96
basic_1BT,4575730,869036925559276,96
basic_1BT,4475592,869036930094456,96
basic_1BT,4112345,869036934266736,96
basic_1BT,4095252,869036938422689,96
basic_1BT,4255148,869036942737772,96
basic_1BT,4390663,869036947188274,96
basic_1BT,4122315,869036951370343,96
basic_1BT,4600071,869036956030278,96
basic_1BT,4625460,869036960719888,96
basic_1BT,4678234,869036965458728,96
basic_1BT,4687861,869036970207034,96
basic_1BT,4561497,869036974828711,96
basic_1BT,3562094,869036978451286,96
basic_1BT,3151879,869036981663245,96
basic_1BT,4584039,869036986306903,96
basic_1BT,3080497,869036989445331,96
basic_1BT,3444952,869036992950202,96
basic_1BT,4750627,869036997760964,96
basic_1BT,3525309,869037001346458,96
basic_1BT,3048193,869037004451749,96
basic_1BT,3902121,869037008413815,96
basic_1BT,4322721,869037012796951,96
basic_1BT,4103646,869037016960912,96
basic_1BT,4408765,869037021430018,96
basic_1BT,4279490,869037025767037,96
basic_1BT,4442063,869037030269215,96
basic_1BT,4761141,869037035090767,96
basic_1BT,4042182,869037039197274,96
basic_1BT,3647273,869037042905554,96
basic_1BT,4623522,869037047593270,96
basic_1BT,4002334,869037051656631,96
basic_1BT,3431811,869037055148442,96
basic_1BT,5661262,869037060889801,96
basic_1BT,4767315,869037065717939,96
basic_1BT,3844172,869037069623218,96
basic_1BT,3801382,869037073482850,96
basic_1BT,4424728,869037077985675,96
basic_1BT,3802985,869037081850549,96
basic_1BT,3344082,869037085255342,96
basic_1BT,6175631,869037091497873,96
basic_1BT,4472720,869037096031495,96
basic_1BT,6061554,869037102177265,96
basic_1BT,4335586,869037106573782,96
basic_1BT,5521086,869037112155850,96
basic_1BT,5616543,869037117836453,96
basic_1BT,6004035,869037123901585,96
basic_1BT,3638031,869037127600202,96
basic_1BT,4710363,869037132383811,96
basic_1BT,4816321,869037137260718,96
basic_1BT,5112088,869037142434340,96
basic_1BT,5257281,869037147749290,96
basic_1BT,4124039,869037151934536,96
basic_1BT,4866777,869037156862265,96
basic_1BT,3664157,869037160586793,96
basic_1BT,5606986,869037166251569,96
basic_1BT,4715595,869037171027996,96
basic_1BT,4805259,869037175893926,96
basic_1BT,4181346,869037180133272,96
basic_1BT,4353593,869037184547601,96
basic_1BT,6190625,869037190798391,96
basic_1BT,5528182,869037196387169,96
basic_1BT,4422890,869037200870209,96
basic_1BT,5672970,869037206603930,96
basic_1BT,6097068,869037212777296,96
basic_1BT,4125310,869037216963383,96
basic_1BT,4704995,869037221729154,96
basic_1BT,4929538,869037226719379,96
basic_1BT,6112533,869037232892934,96
basic_1BT,4486452,869037237452737,96
basic_1BT,4446358,869037241960413,96
basic_1BT,4336980,869037246357738,96
basic_1BT,4226096,869037250641994,96
basic_1BT,6009182,869037256717280,96
basic_1BT,3857552,869037260635434,96
basic_1BT,5115978,869037265811932,96
basic_1BT,4660347,869037270532980,96
basic_1BT,5630662,869037276225786,96
basic_1BT,6225356,869037282512936,96
basic_1BT,5618453,869037288192596,96
basic_1BT,5959932,869037294213917,96
basic_1BT,5220356,869037299496136,96
basic_1BT,4603399,869037304160492,96
basic_1BT,6213428,869037310435789,96
basic_1BT,4861415,869037315358477,96
basic_1BT,4960285,869037320379709,96
basic_1BT,5797655,869037326238522,96
basic_1BT,5411279,869037331710418,96
basic_1BT,4992115,869037336763058,96
basic_1BT,4822549,869037341649416,96
basic_1BT,5737771,869037347448610,96
basic_1BT,4648423,869037352158396,96
basic_1BT,4424216,869037356642974,96
basic_1BT,4177834,869037360882361,96
basic_1BT,5418868,869037366377737,96
basic_1BT,4900446,869037371332339,96
basic_1BT,5790137,869037377183333,96
basic_1BT,5355967,869037382630432,96
basic_1BT,5014106,869037387702648,96
basic_1BT,6509251,869037394273412,96
basic_1BT,5901266,869037400235410,96
basic_1BT,4426252,869037404722854,96
basic_1BT,5523656,869037410307799,96
basic_1BT,4764028,869037415132538,96
basic_1BT,5011128,869037420204834,96
basic_1BT,4010333,869037424283591,96
basic_1BT,5622287,869037429966700,96
basic_1BT,5446888,869037435487926,96
basic_1BT,5471391,869037441020439,96
basic_1BT,4795842,869037445877093,96
basic_1BT,5726098,869037451664083,96
basic_1BT,4611473,869037456336322,96
basic_1BT,5803724,869037462200422,96
basic_1BT,5453243,869037467714502,96
basic_1BT,4048667,869037471824341,96
basic_1BT,5277410,869037477162532,96
basic_1BT,4657825,869037481880958,96
basic_1BT,4617286,869037486562530,96
basic_1BT,5112645,869037491736392,96
basic_1BT,5103103,869037496907052,96
basic_1BT,5016587,869037501987528,96
basic_1BT,5792292,869037507843077,96
basic_1BT,4164798,869037512059109,96
basic_1BT,4441181,869037516561512,96
basic_1BT,4682344,869037521304878,96
basic_1BT,5785035,869037527150274,96
basic_1BT,5271180,869037532482370,96
basic_1BT,4421270,869037536964817,96
basic_1BT,4935888,869037541962349,96
basic_1BT,4170667,869037546194469,96
basic_1BT,3612371,869037549867341,96
basic_1BT,6608353,869037556537288,96
basic_1BT,4318224,869037560915738,96
basic_1BT,5951032,869037566941794,96
basic_1BT,4237733,869037571240745,96
basic_1BT,5122834,869037576421203,96
basic_1BT,5179039,869037581661344,96
basic_1BT,5321015,869037587042980,96
basic_1BT,4753469,869037591857517,96
basic_1BT,4273561,869037596197712,96
basic_1BT,3089213,869037599347767,96
basic_1BT,3643811,869037603057065,96
basic_1BT,3865391,869037606984044,96
basic_1BT,3406362,869037610451623,96
basic_1BT,3226494,869037613738993,96
basic_1BT,3807391,869037617607165,96
basic_1BT,3373580,869037621059434,96
basic_1BT,4359471,869037625479867,96
basic_1BT,3076990,869037628643965,96
basic_1BT,4511565,869037633217815,96
basic_1BT,3895726,869037637191051,96
basic_1BT,7134952,869037644396058,96
basic_1BT,3751052,869037648179112,96
basic_1BT,2666154,869037650877150,96
basic_1BT,3144094,869037654057498,96
basic_1BT,3590443,869037657693340,96
basic_1BT,3549570,869037661288571,96
basic_1BT,4980621,869037666308740,96
basic_1BT,3132081,869037669491133,96
basic_1BT,4673824,869037674210453,96
basic_1BT,5304676,869037679562939,96
basic_1BT,3712089,869037683337056,96
basic_1BT,4689897,869037688089443,96
basic_1BT,3813492,869037691955689,96
basic_1BT,4464525,869037696463784,96
basic_1BT,4164342,869037700680960,96
basic_1BT,3930963,869037704679555,96
basic_1BT,3637855,869037708377616,96
basic_1BT,4904234,869037713331451,96
basic_1BT,3298867,869037716681081,96
basic_1BT,4339008,869037721090112,96
basic_1BT,3487169,869037724641126,96
basic_1BT,3568655,869037728273294,96
basic_1BT,3895730,869037732229997,96
basic_1BT,2604899,869037734869369,96
basic_1BT,4118210,869037739019857,96
basic_1BT,4100341,869037743161588,96
basic_1BT,4771616,869037747975115,96
basic_1BT,4124071,869037752182286,96
basic_1BT,4639002,869037756892228,96
basic_1BT,3922694,869037760878796,96
basic_1BT,4133335,869037765084299,96
basic_1BT,3696462,869037768841021,96
basic_1BT,3320035,869037772231912,96
basic_1BT,3774700,869037776069203,96
basic_1BT,4561401,869037780691124,96
basic_1BT,3394929,869037784159997,96
basic_1BT,3829714,869037788049780,96
basic_1BT,4932856,869037793055530,96
basic_1BT,4880174,869037797996360,96
basic_1BT,4046322,869037802102657,96
basic_1BT,4661434,869037806829904,96
basic_1BT,4264155,869037811153828,96
basic_1BT,3743096,869037814957144,96
basic_1BT,5184196,869037820207915,96
basic_1BT,5108415,869037825377242,96
basic_1BT,4471998,869037829909430,96
basic_1BT,3549520,869037833518785,96
basic_1BT,4462416,869037838041511,96
basic_1BT,3406192,869037841508745,96
basic_1BT,4760029,869037846330427,96
basic_1BT,4712177,869037851104288,96
basic_1BT,3829476,869037855010394,96
basic_1BT,4858925,869037859930315,96
basic_1BT,3507647,869037863498970,96
basic_1BT,3399370,869037866959923,96
basic_1BT,3943703,869037870969710,96
basic_1BT,4885110,869037875916038,96
basic_1BT,3492000,869037879468700,96
basic_1BT,2863267,869037882385562,96
basic_1BT,4424748,869037886861665,96
basic_1BT,3864453,869037890787451,96
basic_1BT,3408075,869037894253687,96
basic_1BT,3504711,869037897819586,96
basic_1BT,3420775,869037901301073,96
basic_1BT,4841082,869037906202495,96
basic_1BT,3542258,869037909805610,96
basic_1BT,3392310,869037913261122,96
basic_1BT,4708283,869037918030818,96
basic_1BT,5219274,869037923310527,96
basic_1BT,4160177,869037927532313,96
basic_1BT,4852459,869037932446234,96
basic_1BT,5061948,869037937568833,96
basic_1BT,4974914,869037942605100,96
basic_1BT,5200831,869037947870156,96
basic_1BT,5233761,869037953162864,96
basic_1BT,4705757,869037957945531,96
basic_1BT,4998735,869037963016839,96
basic_1BT,5292379,869037968385391,96
basic_1BT,5576625,869037974028816,96
basic_1BT,3475367,869037977566323,96
basic_1BT,5142845,869037982771147,96
basic_1BT,4485028,869037987317353,96
basic_1BT,4575595,869037991953534,96
basic_1BT,5401076,869037997440971,96
basic_1BT,3756822,869038001259052,96
basic_1BT,4655792,869038005976231,96
basic_1BT,3348538,869038009386061,96
basic_1BT,3735023,869038013182707,96
basic_1BT,4712192,869038017955831,96
basic_1BT,3356631,869038021370246,96
basic_1BT,3475217,869038024906260,96
basic_1BT,4201735,869038029183335,96
basic_1BT,4219013,869038033463746,96
basic_1BT,3656850,869038037181528,96
basic_1BT,5252781,869038042492585,96
basic_1BT,5524669,869038048093091,96
basic_1BT,4304964,869038052460716,96
basic_1BT,5227643,869038057749827,96
basic_1BT,3815770,869038061627471,96
basic_1BT,4702319,869038066390011,96
basic_1BT,4435739,869038070883213,96
basic_1BT,4211888,869038075172181,96
basic_1BT,5340836,869038080594026,96
basic_1BT,3477102,869038084132114,96
basic_1BT,4739821,869038088932662,96
basic_1BT,4833260,869038093826763,96
basic_1BT,3966958,869038097851726,96
basic_1BT,4186739,869038102098885,96
basic_1BT,3520543,869038105699960,96
basic_1BT,3495364,869038109256897,96
basic_1BT,4401238,869038113718551,96
basic_1BT,4645573,869038118425306,96
basic_1BT,5173692,869038123659925,96
basic_1BT,5275555,869038129007527,96
basic_1BT,5554825,869038134636725,96
basic_1BT,4646038,869038139340923,96
basic_1BT,4099767,869038143511330,96
basic_1BT,3749496,869038147321752,96
basic_1BT,4134442,869038151517176,96
basic_1BT,4000240,869038155576148,96
basic_1BT,6087040,869038161724380,96
basic_1BT,4034018,869038165819405,96
basic_1BT,4346882,869038170226467,96
basic_1BT,3359652,869038173643754,96
basic_1BT,5803558,869038179509171,96
basic_1BT,4061207,869038183628929,96
basic_1BT,3239468,869038186929600,96
basic_1BT,4270443,869038191260996,96
basic_1BT,5579341,869038196898838,96
basic_1BT,3921577,869038200881538,96
basic_1BT,3369947,869038204309570,96
basic_1BT,4185902,869038208556108,96
basic_1BT,3977170,869038212592467,96
basic_1BT,4762194,869038217415457,96
basic_1BT,3204347,869038220680405,96
basic_1BT,4431473,869038225172945,96
basic_1BT,4021890,869038229296307,96
basic_1BT,5805258,869038235162306,96
basic_1BT,4011075,869038239234062,96
basic_1BT,4627201,869038243922144,96
basic_1BT,3866117,869038247849709,96
basic_1BT,3524502,869038251435007,96
basic_1BT,4567546,869038256063826,96
basic_1BT,3985736,869038260112834,96
basic_1BT,4138892,869038264312262,96
basic_1BT,4144672,869038268528325,96
basic_1BT,3787369,869038272376966,96
basic_1BT,4013480,869038276451774,96
basic_1BT,4146074,869038280658630,96
basic_1BT,6628385,869038287348763,96
basic_1BT,5432218,869038292848730,96
basic_1BT,5459779,869038298370368,96
basic_1BT,5433422,869038303875061,96
basic_1BT,4241681,869038308181728,96
basic_1BT,3915367,869038312158493,96
basic_1BT,4662472,869038316881335,96
basic_1BT,4116852,869038321059144,96
basic_1BT,4149998,869038325269818,96
basic_1BT,4576251,869038329907191,96
basic_1BT,4599495,869038334569127,96
basic_1BT,5775873,869038340405893,96
basic_1BT,4928587,869038345395286,96
basic_1BT,5218977,869038350674498,96
basic_1BT,3230007,869038353965146,96
basic_1BT,5921468,869038359947526,96
basic_1BT,4646559,869038364681760,96
basic_1BT,5856192,869038370604426,96
basic_1BT,4407508,869038375073001,96
basic_1BT,4719354,869038379850751,96
basic_1BT,3616577,869038383528596,96
basic_1BT,4781208,869038388368165,96
basic_1BT,4104787,869038392534261,96
basic_1BT,5625183,869038398220125,96
basic_1BT,4864657,869038403145062,96
basic_1BT,9414102,869038412619811,96
basic_1BT,5519211,869038418215785,96
basic_1BT,9953281,869038428230509,96
basic_1BT,10934547,869038439226539,96
basic_1BT,2966769,869038442254550,96
basic_1BT,2954274,869038445266454,96
basic_1BT,3226127,869038448553492,96
basic_1BT,3765057,869038452400184,96
basic_1BT,3433786,869038455895122,96
basic_1BT,4207358,869038460160765,96
basic_1BT,4182889,869038464405809,96
basic_1BT,4334432,869038468801495,96
basic_1BT,3022202,869038471884805,96
basic_1BT,3817244,869038475759703,96
basic_1BT,3333417,869038479151310,96
basic_1BT,4011411,869038483223718,96
basic_1BT,4276373,869038487560576,96
basic_1BT,3747125,869038491369204,96
basic_1BT,3052513,869038494483180,96
basic_1BT,2963565,869038497507488,96
basic_1BT,2898183,869038500466913,96
basic_1BT,4304738,869038504840547,96
basic_1BT,4209036,869038509111152,96
basic_1BT,3602734,869038512776106,96
basic_1BT,3149744,869038515997446,96
basic_1BT,4248052,869038520333268,96
basic_1BT,3180551,869038523574455,96
basic_1BT,4123286,869038527755566,96
basic_1BT,4382676,869038532199053,96
basic_1BT,4125707,869038536385571,96
basic_1BT,4394848,869038540841386,96
basic_1BT,4829962,869038545732516,96
basic_1BT,3688489,869038549481550,96
basic_1BT,3385619,869038552927985,96
basic_1BT,5138912,869038558130129,96
basic_1BT,3436005,869038561640853,96
basic_1BT,4271135,869038565974078,96
basic_1BT,3461264,869038569496055,96
basic_1BT,3529122,869038573086490,96
basic_1BT,4864779,869038578025311,96
basic_1BT,3168719,869038581251959,96
basic_1BT,2871717,869038584189028,96
basic_1BT,5819305,869038590066674,96
basic_1BT,4293482,869038594420617,96
basic_1BT,2809481,869038597317151,96
basic_1BT,3285195,869038600663754,96
basic_1BT,4049340,869038604774356,96
basic_1BT,3423296,869038608258714,96
basic_1BT,3527384,869038611859729,96
basic_1BT,3400789,869038615318518,96
basic_1BT,4144766,869038619524156,96
basic_1BT,3848176,869038623433083,96
basic_1BT,3622410,869038627116926,96
basic_1BT,3453707,869038630631600,96
basic_1BT,3735864,869038634428636,96
basic_1BT,3396800,869038637886999,96
basic_1BT,5259492,869038643207914,96
basic_1BT,3508765,869038646778603,96
basic_1BT,4605730,869038651445421,96
basic_1BT,3857908,869038655363870,96
basic_1BT,4220246,869038659645093,96
basic_1BT,3831277,869038663537297,96
basic_1BT,3607656,869038667206130,96
basic_1BT,4527176,869038671794373,96
basic_1BT,3465565,869038675320880,96
basic_1BT,4125341,869038679507514,96
basic_1BT,3395927,869038682964433,96
basic_1BT,3310629,869038686335668,96
basic_1BT,5382568,869038691791212,96
basic_1BT,3701669,869038695553392,96
basic_1BT,5216868,869038700831132,96
basic_1BT,3810152,869038704701724,96
basic_1BT,3135531,869038707897796,96
basic_1BT,3930829,869038711886309,96
basic_1BT,3565021,869038715512292,96
basic_1BT,3665716,869038719238794,96
basic_1BT,4861441,869038724160610,96
basic_1BT,4261478,869038728482814,96
basic_1BT,4835569,869038733379862,96
basic_1BT,5405994,869038738852004,96
basic_1BT,3568940,869038742481866,96
basic_1BT,4652719,869038747195306,96
basic_1BT,3937800,869038751193962,96
basic_1BT,4867424,869038756123230,96
basic_1BT,4774222,869038760994543,96
basic_1BT,5424552,869038766489869,96
basic_1BT,3459745,869038770010512,96
basic_1BT,3220925,869038773292394,96
basic_1BT,5054580,869038778412286,96
basic_1BT,5915509,869038784388687,96
basic_1BT,4941096,869038789391611,96
basic_1BT,3825853,869038793278627,96
basic_1BT,3382075,869038796721023,96
basic_1BT,3175129,869038799957710,96
basic_1BT,4736549,869038804785817,96
basic_1BT,4950352,869038809804037,96
basic_1BT,4993718,869038814861794,96
basic_1BT,5032363,869038819955740,96
basic_1BT,5400796,869038825441520,96
basic_1BT,5038291,869038830545780,96
basic_1BT,4874199,869038835495831,96
basic_1BT,5112284,869038840688933,96
basic_1BT,5101213,869038845851639,96
basic_1BT,5126377,869038851038227,96
basic_1BT,3860394,869038854955990,96
basic_1BT,5110650,869038860130889,96
basic_1BT,4611839,869038864804256,96
basic_1BT,3516172,869038868381937,96
basic_1BT,5305730,869038873749060,96
basic_1BT,3733112,869038877543314,96
basic_1BT,5388577,869038882992999,96
basic_1BT,5081518,869038888128728,96
basic_1BT,4908214,869038893098164,96
basic_1BT,3897286,869038897068770,96
basic_1BT,4129731,869038901259087,96
basic_1BT,3948485,869038905269045,96
basic_1BT,4840235,869038910170247,96
basic_1BT,3785966,869038914018488,96
basic_1BT,4456261,869038918535726,96
basic_1BT,3614938,869038922211260,96
basic_1BT,4123517,869038926395403,96
basic_1BT,4658097,869038931127026,96
basic_1BT,3566905,869038934747571,96
basic_1BT,3771416,869038938576406,96
basic_1BT,3937033,869038942598026,96
basic_1BT,5713268,869038948386555,96
basic_1BT,5436749,869038953884056,96
basic_1BT,3769072,869038957714044,96
basic_1BT,3748628,869038961522978,96
basic_1BT,5035716,869038966627975,96
basic_1BT,4582029,869038971270996,96
basic_1BT,4446690,869038975778302,96
basic_1BT,4148224,869038979988084,96
basic_1BT,5224330,869038985308553,96
basic_1BT,4619351,869038989988751,96
basic_1BT,4271526,869038994320984,96
basic_1BT,5495437,869038999877332,96
basic_1BT,4991507,869039004929812,96
basic_1BT,4361821,869039009352269,96
basic_1BT,4843749,869039014256570,96
basic_1BT,4813107,869039019130884,96
basic_1BT,4329146,869039023522069,96
basic_1BT,5071754,869039028654971,96
basic_1BT,5678959,869039034401367,96
basic_1BT,3526592,869039037988270,96
basic_1BT,3565958,869039041614533,96
basic_1BT,4313614,869039045988388,96
basic_1BT,4423055,869039050471778,96
basic_1BT,4441953,869039054971426,96
basic_1BT,4462250,869039059493906,96
basic_1BT,4898651,869039064452582,96
basic_1BT,4961212,869039069474100,96
basic_1BT,3204663,869039072738727,96
basic_1BT,3014991,869039075813757,96
basic_1BT,4092705,869039079964792,96
basic_1BT,3699199,869039083779440,96
basic_1BT,3743321,869039087582756,96
basic_1BT,4174560,869039091818118,96
basic_1BT,3907895,869039095786143,96
basic_1BT,3823508,869039099670783,96
basic_1BT,3885287,869039103616902,96
basic_1BT,4013205,869039107690121,96
basic_1BT,3928363,869039111678293,96
basic_1BT,3917827,869039115656571,96
basic_1BT,3773872,869039119490504,96
basic_1BT,3737503,869039123278504,96
basic_1BT,2506842,869039125834165,96
basic_1BT,3778463,869039129672488,96
basic_1BT,3555138,869039133287771,96
basic_1BT,3931465,869039137279536,96
basic_1BT,3613599,869039140953185,96
basic_1BT,3755760,869039144768935,96
basic_1BT,2015844,869039146844869,96
basic_1BT,3917378,869039150820372,96
basic_1BT,3784021,869039154664578,96
basic_1BT,4952997,869039159678513,96
basic_1BT,4455345,869039164194463,96
basic_1BT,4402056,869039168657716,96
basic_1BT,4207618,869039172925228,96
basic_1BT,3979382,869039176965010,96
basic_1BT,4245194,869039181270150,96
basic_1BT,4013264,869039185343665,96
basic_1BT,4007978,869039189411457,96
basic_1BT,4151757,869039193623730,96
basic_1BT,3885412,869039197566701,96
basic_1BT,2724554,869039200351586,96
basic_1BT,2812429,869039203224155,96
basic_1BT,2044004,869039205315475,96
basic_1BT,3618005,869039208994100,96
basic_1BT,3374007,869039212447753,96
basic_1BT,3611946,869039216117298,96
basic_1BT,2609721,869039218801884,96
basic_1BT,2998617,869039221871727,96
basic_1BT,2811005,869039224742892,96
basic_1BT,2628536,869039227432084,96
basic_1BT,3416264,869039230905556,96
basic_1BT,3799367,869039235120636,96
basic_1BT,3770274,869039238951346,96
basic_1BT,4201985,869039243213947,96
basic_1BT,4329416,869039247603723,96
basic_1BT,4011286,869039251675400,96
basic_1BT,3770158,869039255503438,96
basic_1BT,3997312,869039259561061,96
basic_1BT,4198952,869039263820218,96
basic_1BT,3745167,869039267625946,96
basic_1BT,3837396,869039271523772,96
basic_1BT,4084566,869039275668808,96
basic_1BT,3694543,869039279423812,96
basic_1BT,4823401,869039284307394,96
basic_1BT,4888898,869039289256528,96
basic_1BT,4725995,869039294043710,96
basic_1BT,4902505,869039299006977,96
basic_1BT,5090929,869039304158272,96
basic_1BT,4179838,869039308398741,96
basic_1BT,4079544,869039312538721,96
basic_1BT,4006384,869039316605676,96
basic_1BT,3975117,869039320641233,96
basic_1BT,3695249,869039324396908,96
basic_1BT,4090660,869039328547788,96
basic_1BT,4000064,869039332608615,96
basic_1BT,4222502,869039336891522,96
basic_1BT,3792882,869039340745001,96
basic_1BT,3820677,869039344623172,96
basic_1BT,3900622,869039348583994,96
basic_1BT,4212408,869039352859434,96
basic_1BT,3938240,869039356857804,96
basic_1BT,3776729,869039360694287,96
basic_1BT,4000625,869039364751991,96
basic_1BT,3767639,869039368579699,96
basic_1BT,3934371,869039372574105,96
basic_1BT,3909984,869039376545126,96
basic_1BT,4059429,869039380664930,96
basic_1BT,3974866,869039384700687,96
basic_1BT,4150439,869039388911301,96
basic_1BT,3995349,869039392966524,96
basic_1BT,3530090,869039396557686,96
basic_1BT,4196977,869039400812097,96
basic_1BT,4076834,869039404948936,96
basic_1BT,5033726,869039410043338,96
basic_1BT,5121460,869039415225033,96
basic_1BT,4669784,869039419975931,96
basic_1BT,4307385,869039424391227,96
basic_1BT,4159586,869039428610707,96
basic_1BT,3913168,869039432584305,96
basic_1BT,4090921,869039436735526,96
basic_1BT,3824806,869039440620853,96
basic_1BT,3909058,869039444590266,96
basic_1BT,4106787,869039448756998,96
basic_1BT,2715347,869039451532190,96
basic_1BT,3374578,869039454964367,96
basic_1BT,4218608,869039459243261,96
basic_1BT,3540344,869039462844176,96
basic_1BT,3503017,869039466407328,96
basic_1BT,3569537,869039470037180,96
basic_1BT,3597497,869039473691694,96
basic_1BT,2493607,869039476245566,96
basic_1BT,3211178,869039479517169,96
basic_1BT,3874476,869039483449430,96
basic_1BT,3957334,869039487466730,96
basic_1BT,4153567,869039491680482,96
basic_1BT,3766329,869039495507272,96
basic_1BT,4115047,869039499682279,96
basic_1BT,3999864,869039503742764,96
basic_1BT,3852280,869039507655244,96
basic_1BT,3589297,869039511305469,96
basic_1BT,4114240,869039515480330,96
basic_1BT,3967924,869039519526988,96
basic_1BT,3713597,869039523300765,96
basic_1BT,4038069,869039527399264,96
basic_1BT,4312452,869039531772046,96
basic_1BT,4824203,869039536656665,96
basic_1BT,4613889,869039541330969,96
basic_1BT,3829101,869039545220220,96
basic_1BT,4213947,869039549493962,96
basic_1BT,3824707,869039553379525,96
basic_1BT,4042257,869039557481917,96
basic_1BT,4032444,869039561574446,96
basic_1BT,4028977,869039565663378,96
basic_1BT,4036243,869039569760297,96
basic_1BT,4128939,869039573949116,96
basic_1BT,4178837,869039578188779,96
basic_1BT,4035431,869039582284155,96
basic_1BT,4447486,869039586792422,96
basic_1BT,4311180,869039591163571,96
basic_1BT,4061372,869039595285413,96
basic_1BT,3655767,869039598998604,96
basic_1BT,3974199,869039603033760,96
basic_1BT,3568049,869039606661929,96
basic_1BT,4179341,869039610901591,96
basic_1BT,3990697,869039614952578,96
basic_1BT,4001793,869039619012361,96
basic_1BT,4390349,869039623463256,96
basic_1BT,4242108,869039627763043,96
basic_1BT,4167680,869039631990722,96
basic_1BT,3742700,869039635830604,96
basic_1BT,4197474,869039640085922,96
basic_1BT,3661386,869039643807708,96
basic_1BT,3943428,869039647808865,96
basic_1BT,4084956,869039651954233,96
basic_1BT,4752291,869039656796618,96
basic_1BT,4918273,869039661775241,96
basic_1BT,4935712,869039666770868,96
basic_1BT,4927118,869039671755901,96
basic_1BT,3866945,869039675683091,96
basic_1BT,4012047,869039679753088,96
basic_1BT,4245521,869039684058924,96
basic_1BT,4048026,869039688169160,96
basic_1BT,4153907,869039692383388,96
basic_1BT,4117382,869039696561842,96
basic_1BT,3770360,869039700393144,96
basic_1BT,3916705,869039704369743,96
basic_1BT,4188443,869039708618451,96
basic_1BT,3725731,869039712404142,96
basic_1BT,4026160,869039716490216,96
basic_1BT,4138642,869039720689023,96
basic_1BT,4144406,869039724893950,96
basic_1BT,4215591,869039729170412,96
basic_1BT,4091473,869039733322481,96
basic_1BT,4119191,869039737501662,96
basic_1BT,4268263,869039741827795,96
basic_1BT,3962352,869039745850282,96
basic_1BT,3982253,869039749892690,96
basic_1BT,4249174,869039754201889,96
basic_1BT,3721902,869039757984652,96
basic_1BT,3905228,869039761947188,96
basic_1BT,4117684,869039766125473,96
basic_1BT,3793172,869039769979031,96
basic_1BT,4083032,869039774119467,96
basic_1BT,3710966,869039777891234,96
basic_1BT,4737878,869039782689297,96
basic_1BT,3115965,869039785856161,96
basic_1BT,5022361,869039790938702,96
basic_1BT,4249911,869039795245641,96
basic_1BT,4451375,869039799757266,96
basic_1BT,4540558,869039804357307,96
basic_1BT,4147066,869039808564648,96
basic_1BT,3759113,869039812383926,96
basic_1BT,3703589,869039816147786,96
basic_1BT,4195680,869039820402919,96
basic_1BT,4349915,869039824813009,96
basic_1BT,3523865,869039828397420,96
basic_1BT,2008732,869039830463461,96
basic_1BT,3981781,869039834503052,96
basic_1BT,4174045,869039838737963,96
basic_1BT,4030059,869039842825422,96
basic_1BT,3979571,869039846865459,96
basic_1BT,4133941,869039851060156,96
basic_1BT,3816917,869039854937644,96
basic_1BT,3793493,869039858791137,96
basic_1BT,4227845,869039863079623,96
basic_1BT,4101691,869039867241499,96
basic_1BT,4184287,869039871483141,96
basic_1BT,4185190,869039875729017,96
basic_1BT,4161245,869039879948017,96
basic_1BT,4617852,869039884653343,96
basic_1BT,4210940,869039888924117,96
basic_1BT,3986544,869039892971166,96
basic_1BT,4200677,869039897251929,96
basic_1BT,3136549,869039900449104,96
basic_1BT,2671351,869039903177568,96
basic_1BT,5343863,869039908578313,96
basic_1BT,4515258,869039913153035,96
basic_1BT,2476947,869039915689822,96
basic_1BT,5019864,869039920766939,96
basic_1BT,4401704,869039925228818,96
basic_1BT,4634538,869039929923952,96
basic_1BT,4754276,869039934735641,96
basic_1BT,4448377,869039939244515,96
basic_1BT,2561139,869039941866119,96
basic_1BT,4208285,869039946131326,96
basic_1BT,4080823,869039950272208,96
basic_1BT,3341029,869039953673272,96
basic_1BT,2161904,869039955895401,96
basic_1BT,3745537,869039959697901,96
basic_1BT,4009521,869039963768499,96
basic_1BT,4302784,869039968131985,96
basic_1BT,3906011,869039972098446,96
basic_1BT,4192066,869039976372303,96
basic_1BT,4143333,869039980575785,96
basic_1BT,2708317,869039983344478,96
basic_1BT,3952182,869039987353873,96
basic_1BT,4713125,869039992127133,96
basic_1BT,4139023,869039996326316,96
basic_1BT,3874837,869040000261559,96
basic_1BT,1913665,869040002235110,96
basic_1BT,4093853,869040006386110,96
basic_1BT,3869706,869040010316287,96
basic_1BT,4024120,869040014397747,96
basic_1BT,4380801,869040018838682,96
basic_1BT,3616641,869040022515939,96
basic_1BT,3877213,869040026453633,96
basic_1BT,3858389,869040030369646,96
basic_1BT,4580592,869040035010709,96
basic_1BT,3870552,869040038938415,96
basic_1BT,4232951,869040043231726,96
basic_1BT,4173968,869040047465615,96
basic_1BT,3892871,869040051439233,96
basic_1BT,4098965,869040055598668,96
basic_1BT,3784617,869040059443756,96
basic_1BT,3952755,869040063456781,96
basic_1BT,3775612,869040067293675,96
basic_1BT,3754272,869040071108708,96
basic_1BT,4413838,869040075582906,96
basic_1BT,4452574,869040080096061,96
basic_1BT,3919200,869040084075807,96
basic_1BT,3749992,869040087886741,96
basic_1BT,4279911,869040092224252,96
basic_1BT,3748779,869040096033586,96
basic_1BT,3544629,869040099650433,96
basic_1BT,4198221,869040103906599,96
basic_1BT,3904907,869040107872343,96
basic_1BT,4149562,869040112082827,96
basic_1BT,3846357,869040115989620,96
basic_1BT,4137048,869040120220606,96
basic_1BT,3677698,869040123958991,96
basic_1BT,3827458,869040127876494,96
basic_1BT,3816571,869040131753657,96
basic_1BT,4123481,869040135937493,96
basic_1BT,3712761,869040139711061,96
basic_1BT,3875639,869040143647216,96
basic_1BT,4410771,869040148118342,96
basic_1BT,4287409,869040152469244,96
basic_1BT,3599822,869040156129802,96
basic_1BT,2674377,869040158864434,96
basic_1BT,4157229,869040163078918,96
basic_1BT,3566449,869040166706435,96
basic_1BT,1947941,869040168714140,96
basic_1BT,3749129,869040172524332,96
basic_1BT,3782548,869040176367390,96
basic_1BT,57631366,869040234059177,96
basic_1BT,5535270,869040239654441,96
basic_1BT,4738593,869040244453686,96
basic_1BT,3640847,869040248166621,96
basic_1BT,3514073,869040251742017,96
basic_1BT,4163089,869040255962645,96
basic_1BT,4117312,869040260179408,96
basic_1BT,3717136,869040263947829,96
basic_1BT,4120755,869040268155531,96
basic_1BT,3555850,869040271771656,96
basic_1BT,3949913,869040275779289,96
basic_1BT,4079058,869040279936032,96
basic_1BT,5133794,869040285159646,96
basic_1BT,4720996,869040289945140,96
basic_1BT,2281424,869040292259004,96
basic_1BT,3577138,869040295858828,96
basic_1BT,3695410,869040299581585,96
basic_1BT,2277612,869040301888157,96
basic_1BT,2813752,869040304741668,96
basic_1BT,3536218,869040308317186,96
basic_1BT,2348373,869040310705565,96
basic_1BT,3400910,869040314143851,96
basic_1BT,3407954,869040317597705,96
basic_1BT,2995396,869040320638406,96
basic_1BT,3978695,869040324667013,96
basic_1BT,3238533,869040327956853,96
basic_1BT,3427312,869040331426921,96
basic_1BT,3290340,869040334765646,96
basic_1BT,3229973,869040338050551,96
basic_1BT,3427946,869040341528369,96
basic_1BT,3805642,869040345379578,96
basic_1BT,3263236,869040348687782,96
basic_1BT,1986797,869040350715817,96
basic_1BT,3114374,869040353869764,96
basic_1BT,2760945,869040356676224,96
basic_1BT,2328170,869040359067156,96
basic_1BT,3376964,869040362483315,96
basic_1BT,1889056,869040364413972,96
basic_1BT,3244117,869040367698320,96
basic_1BT,1991525,869040369742360,96
basic_1BT,2966200,869040372752008,96
basic_1BT,1804413,869040374606694,96
basic_1BT,2042752,869040376686577,96
basic_1BT,3899539,869040380627219,96
basic_1BT,2469436,869040383161841,96
basic_1BT,2824633,869040386037282,96
basic_1BT,2236297,869040388325720,96
basic_1BT,3370583,869040391747237,96
basic_1BT,3426103,869040395232453,96
basic_1BT,2990668,869040398284886,96
basic_1BT,1839092,869040400185707,96
basic_1BT,3304740,869040403545029,96
basic_1BT,4067440,869040407698445,96
basic_1BT,3781676,869040411562593,96
basic_1BT,3256809,869040414902039,96
basic_1BT,3477128,869040418458568,96
basic_1BT,2302313,869040420798593,96
basic_1BT,3464938,869040424302131,96
basic_1BT,3506966,869040427860940,96
basic_1BT,1971452,869040429862613,96
basic_1BT,1997908,869040431890486,96
basic_1BT,3396415,869040435320598,96
basic_1BT,1805895,869040437160871,96
basic_1BT,2272056,869040439462755,96
basic_1BT,1825486,869040441316112,96
basic_1BT,3175693,869040444521041,96
basic_1BT,1960605,869040446516251,96
basic_1BT,1726174,869040448268456,96
basic_1BT,3066113,869040451361912,96
basic_1BT,1841102,869040453229796,96
basic_1BT,3430432,869040456719582,96
basic_1BT,2020417,869040458795601,96
basic_1BT,3487260,869040462339874,96
basic_1BT,3385407,869040465785367,96
basic_1BT,3646530,869040469503143,96
basic_1BT,3770175,869040473327139,96
basic_1BT,3541387,869040476923176,96
basic_1BT,3283344,869040480267121,96
basic_1BT,3794911,869040484116607,96
basic_1BT,4068133,869040488245215,96
basic_1BT,3828084,869040492133579,96
basic_1BT,3962838,869040496157078,96
basic_1BT,3886559,869040500103628,96
basic_1BT,2390366,869040502546736,96
basic_1BT,3839015,869040506442408,96
basic_1BT,4015245,869040510518053,96
basic_1BT,3667229,869040514244520,96
basic_1BT,1913475,869040516217780,96
basic_1BT,3560386,869040519838586,96
basic_1BT,3572193,869040523469260,96
basic_1BT,3410105,869040526939966,96
basic_1BT,3881238,869040530881370,96
basic_1BT,3813566,869040534754925,96
basic_1BT,3748017,869040538563157,96
basic_1BT,3581274,869040542201724,96
basic_1BT,3802950,869040546065335,96
basic_1BT,3853799,869040549979861,96
basic_1BT,3595298,869040553632392,96
basic_1BT,3780152,869040557473185,96
basic_1BT,3801797,869040561332285,96
basic_1BT,3665605,869040565058221,96
basic_1BT,3450414,869040568568665,96
basic_1BT,3675619,869040572301968,96
basic_1BT,3884060,869040576246383,96
basic_1BT,3674666,869040579981485,96
basic_1BT,4068003,869040584134736,96
basic_1BT,4114677,869040588309482,96
basic_1BT,4081062,869040592452314,96
basic_1BT,3598970,869040596111664,96
basic_1BT,3686414,869040599859858,96
basic_1BT,3460177,869040603377934,96
basic_1BT,3989089,869040607427719,96
basic_1BT,3546579,869040611034934,96
basic_1BT,3474436,869040614569645,96
basic_1BT,3589648,869040618219905,96
basic_1BT,3408115,869040621688671,96
basic_1BT,2837747,869040624584329,96
basic_1BT,2417504,869040627076031,96
basic_1BT,2541473,869040629673489,96
basic_1BT,3195751,869040632929772,96
basic_1BT,3341205,869040636331843,96
basic_1BT,3330210,869040639722388,96
basic_1BT,3321084,869040643100499,96
basic_1BT,3114567,869040646296546,96
basic_1BT,2103518,869040648459929,96
basic_1BT,3002230,869040651522851,96
basic_1BT,2240667,869040653820932,96
basic_1BT,1630933,869040655511884,96
basic_1BT,3591111,869040659160500,96
basic_1BT,4003282,869040663225380,96
basic_1BT,4267242,869040667550397,96
basic_1BT,4509816,869040672121024,96
basic_1BT,3771522,869040675953057,96
basic_1BT,3630633,869040679667711,96
basic_1BT,3320292,869040683048419,96
basic_1BT,3336905,869040686445825,96
basic_1BT,3349905,869040689855715,96
basic_1BT,3214996,869040693131442,96
basic_1BT,3542648,869040696734773,96
basic_1BT,3276379,869040700068791,96
basic_1BT,3525875,869040703661642,96
basic_1BT,3333357,869040707052628,96
basic_1BT,3565457,869040710678827,96
basic_1BT,3440506,869040714179584,96
basic_1BT,3657456,869040717897380,96
basic_1BT,3578593,869040721536559,96
basic_1BT,3240767,869040724837551,96
basic_1BT,3431640,869040728329652,96
basic_1BT,3227229,869040731615328,96
basic_1BT,3414672,869040735087794,96
basic_1BT,3191552,869040738340007,96
basic_1BT,3772358,869040742172396,96
basic_1BT,3404843,869040745637344,96
basic_1BT,3756723,869040749454151,96
basic_1BT,3154450,869040752666200,96
basic_1BT,3637931,869040756364312,96
basic_1BT,3376587,869040759801084,96
basic_1BT,3420048,869040763278581,96
basic_1BT,3774184,869040767112995,96
basic_1BT,3396118,869040770569584,96
basic_1BT,3393512,869040774023231,96
basic_1BT,3357197,869040777440658,96
basic_1BT,3378226,869040780879210,96
basic_1BT,3989135,869040784929146,96
basic_1BT,4132372,869040789121613,96
basic_1BT,3692323,869040792874341,96
basic_1BT,3338699,869040796271275,96
basic_1BT,3197602,869040799529087,96
basic_1BT,3691566,869040803278121,96
basic_1BT,3511055,869040806868406,96
basic_1BT,3864934,869040810793526,96
basic_1BT,3224123,869040814077698,96
basic_1BT,3363256,869040817501140,96
basic_1BT,3253045,869040820814185,96
basic_1BT,3386882,869040824261302,96
basic_1BT,2254319,869040826576588,96
basic_1BT,2786338,869040829420174,96
basic_1BT,3240080,869040832720143,96
basic_1BT,2098271,869040834878639,96
basic_1BT,2216290,869040837152077,96
basic_1BT,3163466,869040840375393,96
basic_1BT,1897263,869040842329524,96
basic_1BT,3383709,869040845783712,96
basic_1BT,3168077,869040849012034,96
basic_1BT,2053226,869040851134120,96
basic_1BT,2699737,869040853893666,96
basic_1BT,2571012,869040856524702,96
basic_1BT,1834371,869040858416928,96
basic_1BT,2762898,869040861237731,96
basic_1BT,3162349,869040864459729,96
basic_1BT,2989010,869040867506168,96
basic_1BT,2826105,869040870389828,96
basic_1BT,3280293,869040873721250,96
basic_1BT,3402272,869040877184018,96
basic_1BT,3150957,869040880395617,96
basic_1BT,2686652,869040883139672,96
basic_1BT,2100983,869040885298589,96
basic_1BT,3166503,869040888524941,96
basic_1BT,3093904,869040891675502,96
basic_1BT,3161381,869040894894297,96
basic_1BT,2659994,869040897630904,96
basic_1BT,3098846,869040900790085,96
basic_1BT,3003749,869040903854370,96
basic_1BT,3724342,869040907636122,96
basic_1BT,2630114,869040910326727,96
basic_1BT,3146461,869040913533478,96
basic_1BT,3396525,869040916990063,96
basic_1BT,3413513,869040920463931,96
basic_1BT,3347635,869040923869020,96
basic_1BT,3846381,869040927772905,96
basic_1BT,3542650,869040931376792,96
basic_1BT,3667409,869040935105174,96
basic_1BT,3597552,869040938762996,96
basic_1BT,3314794,869040942138426,96
basic_1BT,3171289,869040945369509,96
basic_1BT,3054959,869040948485109,96
basic_1BT,3671108,869040952213626,96
basic_1BT,2271119,869040954544599,96
basic_1BT,2534512,869040957136805,96
basic_1BT,2585781,869040959782741,96
basic_1BT,2123364,869040961975446,96
basic_1BT,3277757,869040965313645,96
basic_1BT,1925338,869040967298832,96
basic_1BT,1659068,869040969015224,96
basic_1BT,2377231,869040971452780,96
basic_1BT,3158960,869040974668989,96
basic_1BT,2151255,869040976880769,96
basic_1BT,2487041,869040979428837,96
basic_1BT,1965908,869040981451898,96
basic_1BT,3018659,869040984544756,96
basic_1BT,3214364,869040987818874,96
basic_1BT,3136448,869040991012561,96
basic_1BT,2082810,869040993155791,96
basic_1BT,2438513,869040995655246,96
basic_1BT,2165367,869040997877571,96
basic_1BT,2333163,869041000270538,96
basic_1BT,2401733,869041002729554,96
basic_1BT,2203582,869041004990805,96
basic_1BT,1628858,869041006679843,96
basic_1BT,2364610,869041009101131,96
basic_1BT,3529559,869041012691591,96
basic_1BT,3690959,869041016440420,96
basic_1BT,3182059,869041019689736,96
basic_1BT,3415934,869041023163474,96
basic_1BT,2225202,869041025448866,96
basic_1BT,3276936,869041028776685,96
basic_1BT,3809009,869041032645198,96
basic_1BT,1654808,869041034359860,96
basic_1BT,3141655,869041037558995,96
basic_1BT,2967435,869041040586835,96
basic_1BT,2774861,869041043421982,96
basic_1BT,2811963,869041046291183,96
basic_1BT,2658861,869041049010760,96
basic_1BT,2273233,869041051344906,96
basic_1BT,2298111,869041053700225,96
basic_1BT,3247452,869041057004470,96
basic_1BT,3413629,869041060478148,96
basic_1BT,1924130,869041062462634,96
basic_1BT,2278100,869041064798112,96
basic_1BT,3000501,869041067858678,96
basic_1BT,3295188,869041071211405,96
basic_1BT,3293629,869041074565630,96
basic_1BT,3292462,869041077917962,96
basic_1BT,3347424,869041081329886,96
basic_1BT,3291009,869041084681225,96
basic_1BT,3763644,869041088502865,96
basic_1BT,3321754,869041091885371,96
basic_1BT,3377269,869041095320033,96
basic_1BT,3142963,869041098524279,96
basic_1BT,3248364,869041101832592,96
basic_1BT,3597477,869041105491206,96
basic_1BT,3192254,869041108743109,96
basic_1BT,2839582,869041111640706,96
basic_1BT,3498572,869041115197353,96
basic_1BT,3660819,869041118919239,96
basic_1BT,3552461,869041122532101,96
basic_1BT,3159136,869041125751347,96
basic_1BT,3599988,869041129412087,96
basic_1BT,3360279,869041132832411,96
basic_1BT,3610422,869041136526302,96
basic_1BT,3474595,869041140077035,96
basic_1BT,3094776,869041143237976,96
basic_1BT,3166293,869041146461983,96
basic_1BT,3634753,869041150157432,96
basic_1BT,3373254,869041153590712,96
basic_1BT,4027624,869041157678821,96
basic_1BT,3815334,869041161554721,96
basic_1BT,3881940,869041165497217,96
basic_1BT,3223917,869041168781464,96
basic_1BT,3441905,869041172280552,96
basic_1BT,3361712,869041175702084,96
basic_1BT,3270396,869041179029592,96
basic_1BT,3535302,869041182624909,96
basic_1BT,3260427,869041185946348,96
basic_1BT,3518333,869041189524951,96
basic_1BT,3237503,869041192820113,96
basic_1BT,3169044,869041196049488,96
basic_1BT,3258037,869041199371379,96
basic_1BT,3313591,869041202742794,96
basic_1BT,3602714,869041206406565,96
basic_1BT,3370920,869041209837900,96
basic_1BT,3494432,869041213389741,96
basic_1BT,2967710,869041216417516,96
basic_1BT,3154560,869041219632908,96
basic_1BT,3167781,869041222857832,96
basic_1BT,3216761,869041226126293,96
basic_1BT,3306278,869041229493038,96
basic_1BT,3184124,869041232737813,96
basic_1BT,3239673,869041236037877,96
basic_1BT,3302405,869041239416770,96
basic_1BT,3137726,869041242612356,96
basic_1BT,3272344,869041245945212,96
basic_1BT,2966257,869041248971749,96
basic_1BT,3138228,869041252170473,96
basic_1BT,3146738,869041255374990,96
basic_1BT,3295173,869041258727747,96
basic_1BT,3140047,869041261928164,96
basic_1BT,3652825,869041265641540,96
basic_1BT,3198131,869041268900128,96
basic_1BT,3154936,869041272113149,96
basic_1BT,3481507,869041275655323,96
basic_1BT,2969038,869041278672678,96
basic_1BT,3718147,869041282451632,96
basic_1BT,3230673,869041285742401,96
basic_1BT,2965270,869041288768622,96
basic_1BT,3250409,869041292076775,96
basic_1BT,3239394,869041295378709,96
basic_1BT,3624505,869041299060472,96
basic_1BT,2184381,869041301305429,96
basic_1BT,2866044,869041304231197,96
basic_1BT,1578420,869041305866972,96
basic_1BT,2965786,869041308890517,96
basic_1BT,3211342,869041312162651,96
basic_1BT,3521856,869041315741961,96
basic_1BT,3460964,869041319260303,96
basic_1BT,3239799,869041322561124,96
basic_1BT,3442976,869041326064246,96
basic_1BT,3436017,869041329560813,96
basic_1BT,3344322,869041332964944,96
basic_1BT,3372142,869041336398148,96
basic_1BT,3043697,869041339499455,96
basic_1BT,3407134,869041342964062,96
basic_1BT,3723295,869041346748194,96
basic_1BT,3247902,869041350056352,96
basic_1BT,3343104,869041353459476,96
basic_1BT,3312037,869041356832250,96
basic_1BT,2381821,869041359271619,96
basic_1BT,2583456,869041361912178,96
basic_1BT,2486019,869041364457997,96
basic_1BT,3436887,869041367955034,96
basic_1BT,2544685,869041370581605,96
basic_1BT,2819616,869041373461150,96
basic_1BT,2991647,869041376512912,96
basic_1BT,2879791,869041379453494,96
basic_1BT,3103571,869041382614183,96
basic_1BT,2996889,869041385671262,96
basic_1BT,2774060,869041388506414,96
basic_1BT,3126966,869041391694372,96
basic_1BT,3155533,869041394906667,96
basic_1BT,2893312,869041397861542,96
basic_1BT,2846428,869041400769428,96
basic_1BT,2869949,869041403700619,96
basic_1BT,3307857,869041407065754,96
basic_1BT,3554492,869041410687167,96
basic_1BT,3550217,869041414297790,96
basic_1BT,3189658,869041417544791,96
basic_1BT,2883283,869041420501385,96
basic_1BT,3233378,869041423794684,96
basic_1BT,2712466,869041426564934,96
basic_1BT,3672236,869041430297154,96
basic_1BT,3706947,869041434064111,96
basic_1BT,3483226,869041437607938,96
basic_1BT,3219436,869041440888126,96
basic_1BT,4158028,869041445106574,96
basic_1BT,3761524,869041448928533,96
basic_1BT,3714825,869041452715892,96
basic_1BT,4139904,869041456913391,96
basic_1BT,3716264,869041460689619,96
basic_1BT,4127857,869041464875351,96
basic_1BT,3999708,869041468935044,96
basic_1BT,3789744,869041472784743,96
basic_1BT,3131351,869041475973378,96
basic_1BT,3261645,869041479332043,96
basic_1BT,3343631,869041482736059,96
basic_1BT,3255767,869041486053028,96
basic_1BT,3670924,869041489784698,96
basic_1BT,3539161,869041493384254,96
basic_1BT,3339972,869041496784496,96
basic_1BT,2149164,869041498991109,96
basic_1BT,2235931,869041501284725,96
basic_1BT,2487864,869041503850786,96
basic_1BT,3325012,869041507233151,96
basic_1BT,3303276,869041510596864,96
basic_1BT,3346171,869041514003340,96
basic_1BT,3132269,869041517196797,96
basic_1BT,3651282,869041520909437,96
basic_1BT,3705543,869041524672424,96
basic_1BT,3067117,869041527799345,96
basic_1BT,3917903,869041531774872,96
basic_1BT,4040158,869041535875326,96
basic_1BT,4293292,869041540228993,96
basic_1BT,3276609,869041543565672,96
basic_1BT,3293665,869041546916570,96
basic_1BT,3240195,869041550217321,96
basic_1BT,3553088,869041553831431,96
basic_1BT,3243924,869041557135445,96
basic_1BT,3146888,869041560342653,96
basic_1BT,2198293,869041562601729,96
basic_1BT,2555345,869041565213781,96
basic_1BT,1695909,869041566969509,96
basic_1BT,3228402,869041570255967,96
basic_1BT,3308464,869041573624360,96
basic_1BT,3750724,869041577434918,96
basic_1BT,3262262,869041580757194,96
basic_1BT,3491169,869041584308509,96
basic_1BT,3270611,869041587639234,96
basic_1BT,3891326,869041591587913,96
basic_1BT,3218445,869041594867049,96
basic_1BT,3004797,869041597932628,96
basic_1BT,3432993,869041601426238,96
basic_1BT,3549079,869041605035777,96
basic_1BT,3031675,869041608127727,96
basic_1BT,3274856,869041611459697,96
basic_1BT,3274329,869041614791003,96
basic_1BT,3296406,869041618149604,96
basic_1BT,3371480,869041621580923,96
basic_1BT,3076273,869041624714630,96
basic_1BT,2117625,869041626892306,96
basic_1BT,3280213,869041630229757,96
basic_1BT,1783272,869041632072848,96
basic_1BT,2447209,869041634580488,96
basic_1BT,2942371,869041637580389,96
basic_1BT,3386395,869041641027224,96
basic_1BT,2228043,869041643315613,96
basic_1BT,2908021,869041646280962,96
basic_1BT,2375903,869041648736871,96
basic_1BT,1705958,869041650502608,96
basic_1BT,2104511,869041652664823,96
basic_1BT,2282310,869041655007117,96
basic_1BT,3643384,869041658707423,96
basic_1BT,3451622,869041662219370,96
basic_1BT,2594341,869041664873601,96
basic_1BT,3574137,869041668509096,96
basic_1BT,3824991,869041672395009,96
basic_1BT,4189060,869041676644104,96
basic_1BT,4150500,869041680854473,96
basic_1BT,3188340,869041684102381,96
basic_1BT,3619979,869041687780586,96
basic_1BT,3475297,869041691313403,96
basic_1BT,3351824,869041694726384,96
basic_1BT,3438857,869041698225367,96
basic_1BT,3313185,869041701599092,96
basic_1BT,3244229,869041704903120,96
basic_1BT,3306605,869041708270477,96
basic_1BT,3326472,869041711654337,96
basic_1BT,3478013,869041715189990,96
basic_1BT,3524968,869041718775288,96
basic_1BT,3556386,869041722392164,96
basic_1BT,3199540,869041725648767,96
basic_1BT,2225207,869041727934680,96
basic_1BT,1499261,869041729490768,96
basic_1BT,2383049,869041731931501,96
basic_1BT,3305493,869041735294553,96
basic_1BT,3305808,869041738659934,96
basic_1BT,3241358,869041741961702,96
basic_1BT,3082343,869041745104641,96
basic_1BT,3230812,869041748395955,96
basic_1BT,3667831,869041752120848,96
basic_1BT,2330372,869041754511881,96
basic_1BT,2558833,869041757127597,96
basic_1BT,3122566,869041760310332,96
basic_1BT,2943909,869041763314041,96
basic_1BT,2931091,869041766302751,96
basic_1BT,2213695,869041768577458,96
basic_1BT,2126026,869041770761634,96
basic_1BT,3412907,869041774232085,96
basic_1BT,3171093,869041777463174,96
basic_1BT,3119709,869041780642797,96
basic_1BT,4457784,869041785158026,96
basic_1BT,3519130,869041788737786,96
basic_1BT,2865789,869041791684553,96
basic_1BT,2468974,869041794210851,96
basic_1BT,3357237,869041797628062,96
basic_1BT,3675133,869041801363596,96
basic_1BT,3697430,869041805121622,96
basic_1BT,3564705,869041808746908,96
basic_1BT,1908764,869041810712249,96
basic_1BT,2397097,869041813166474,96
basic_1BT,3556933,869041816783908,96
basic_1BT,3264362,869041820106159,96
basic_1BT,3269804,869041823446387,96
basic_1BT,3257009,869041826760644,96
basic_1BT,3362444,869041830183328,96
basic_1BT,3412045,869041833656195,96
basic_1BT,3389763,869041837105918,96
basic_1BT,3290151,869041840456745,96
basic_1BT,3202442,869041843712095,96
basic_1BT,2741147,869041846510486,96
basic_1BT,3200718,869041849772051,96
basic_1BT,2110364,869041851942455,96
basic_1BT,3309621,869041855308969,96
basic_1BT,3671765,869041859058395,96
basic_1BT,3075882,869041862193952,96
basic_1BT,3314619,869041865565703,96
basic_1BT,3483040,869041869108963,96
basic_1BT,3333106,869041872501688,96
basic_1BT,3254097,869041875813053,96
basic_1BT,3687832,869041879558419,96
basic_1BT,3357739,869041882976398,96
basic_1BT,3149403,869041886185230,96
basic_1BT,3614096,869041889859120,96
basic_1BT,3312027,869041893231387,96
basic_1BT,3132895,869041896424813,96
basic_1BT,2675395,869041899157136,96
basic_1BT,1718878,869041900943005,96
basic_1BT,3252579,869041904255102,96
basic_1BT,3376176,869041907689002,96
basic_1BT,3561147,869041911307152,96
basic_1BT,3750719,869041915118658,96
basic_1BT,3807556,869041918987417,96
basic_1BT,2569182,869041921614188,96
basic_1BT,2873330,869041924547614,96
basic_1BT,3306393,869041927914293,96
basic_1BT,2789379,869041930772869,96
basic_1BT,2977227,869041933810832,96
basic_1BT,3429896,869041937301014,96
basic_1BT,3663947,869041941025442,96
basic_1BT,3701650,869041944784300,96
basic_1BT,3948073,869041948792097,96
basic_1BT,3969077,869041952821164,96
basic_1BT,4032434,869041956912951,96
basic_1BT,3997693,869041960972368,96
basic_1BT,3927837,869041964960691,96
basic_1BT,3783425,869041968803970,96
basic_1BT,4225324,869041973086747,96
basic_1BT,3386150,869041976533133,96
basic_1BT,3876442,869041980467354,96
basic_1BT,2782459,869041983310178,96
basic_1BT,4298108,869041987665900,96
basic_1BT,3947887,869041991674474,96
basic_1BT,3845540,869041995576871,96
basic_1BT,3598365,869041999235676,96
basic_1BT,3660755,869042002957222,96
basic_1BT,3895791,869042006914165,96
basic_1BT,3668662,869042010642937,96
basic_1BT,3788371,869042014488607,96
basic_1BT,3919837,869042018468319,96
basic_1BT,3661115,869042022189589,96
basic_1BT,3804339,869042026053792,96
basic_1BT,3601366,869042029715218,96
basic_1BT,3761052,869042033537328,96
basic_1BT,3984533,869042037582261,96
basic_1BT,3758292,869042041401951,96
basic_1BT,3992948,869042045455304,96
basic_1BT,4057544,869042049570722,96
basic_1BT,4453280,869042054098099,96
basic_1BT,4627410,869042058786185,96
basic_1BT,5272232,869042064180607,96
basic_1BT,4608757,869042068850285,96
basic_1BT,4269572,869042073185925,96
basic_1BT,4531407,869042077783256,96
basic_1BT,3673143,869042081517215,96
basic_1BT,3589122,869042085167264,96
basic_1BT,3886981,869042089115768,96
basic_1BT,3439048,869042092615432,96
basic_1BT,4305546,869042096979279,96
basic_1BT,3881368,869042100921609,96
basic_1BT,4758370,869042105737783,96
basic_1BT,4830563,869042110629117,96
basic_1BT,4842807,869042115532791,96
basic_1BT,3717075,869042119311685,96
basic_1BT,4796749,869042124169547,96
basic_1BT,4389491,869042128619719,96
basic_1BT,4359802,869042133040403,96
basic_1BT,3706666,869042136808281,96
basic_1BT,5720346,869042142600950,96
basic_1BT,4863524,869042147525897,96
basic_1BT,4647602,869042152234211,96
basic_1BT,5775127,869042158070025,96
basic_1BT,4845077,869042162975908,96
basic_1BT,3874411,869042166911182,96
basic_1BT,3259164,869042170230972,96
basic_1BT,5187676,869042175493592,96
basic_1BT,3760591,869042179312113,96
basic_1BT,3488362,869042182861714,96
basic_1BT,3437615,869042186360340,96
basic_1BT,3358335,869042189797112,96
basic_1BT,4367009,869042194225268,96
basic_1BT,4364378,869042198651630,96
basic_1BT,3394920,869042202113025,96
basic_1BT,3353774,869042205521321,96
basic_1BT,4565521,869042210170647,96
basic_1BT,4203444,869042214434712,96
basic_1BT,3847980,869042218340697,96
basic_1BT,3003403,869042221404691,96
basic_1BT,5046245,869042226521009,96
basic_1BT,3621683,869042230204001,96
basic_1BT,5065676,869042235330097,96
basic_1BT,3560746,869042238951945,96
basic_1BT,3829848,869042242842329,96
basic_1BT,3629486,869042246532717,96
basic_1BT,5315847,869042251909712,96
basic_1BT,5490255,869042257461420,96
basic_1BT,4879502,869042262416859,96
basic_1BT,5168751,869042267646722,96
basic_1BT,5281904,869042272989543,96
basic_1BT,3687566,869042276737901,96
basic_1BT,5323005,869042282127059,96
basic_1BT,3519331,869042285707843,96
basic_1BT,4993577,869042290761635,96
basic_1BT,4903378,869042295722692,96
basic_1BT,4774027,869042300557370,96
basic_1BT,4138892,869042304775773,96
basic_1BT,3608738,869042308445317,96
basic_1BT,4870302,869042313384624,96
basic_1BT,4015635,869042317460635,96
basic_1BT,5122714,869042322644526,96
basic_1BT,3719771,869042326423821,96
basic_1BT,3531959,869042330017464,96
basic_1BT,4947043,869042335025996,96
basic_1BT,4848830,869042339943095,96
basic_1BT,5717514,869042345742971,96
basic_1BT,3555003,869042349358815,96
basic_1BT,4870116,869042354290439,96
basic_1BT,4624584,869042358977122,96
basic_1BT,3609384,869042362649733,96
basic_1BT,3174432,869042365885207,96
basic_1BT,5048160,869042370994324,96
basic_1BT,5017469,869042376073492,96
basic_1BT,5573502,869042381720089,96
basic_1BT,3844241,869042385625763,96
basic_1BT,4091477,869042389778318,96
basic_1BT,4008118,869042393847979,96
basic_1BT,4189670,869042398112203,96
basic_1BT,4835024,869042403015160,96
basic_1BT,4209242,869042407285239,96
basic_1BT,4097361,869042411440289,96
basic_1BT,4127616,869042415628666,96
basic_1BT,5436398,869042421126342,96
basic_1BT,3747236,869042424934159,96
basic_1BT,5138340,869042430133611,96
basic_1BT,3677147,869042433871766,96
basic_1BT,4150364,869042438082461,96
basic_1BT,4676895,869042442827770,96
basic_1BT,4333145,869042447222138,96
basic_1BT,3974750,869042451257694,96
basic_1BT,3477552,869042454796880,96
basic_1BT,5473514,869042460332505,96
basic_1BT,4214514,869042464621011,96
basic_1BT,5180247,869042469862040,96
basic_1BT,3749907,869042473673750,96
basic_1BT,4253574,869042477988558,96
basic_1BT,3343816,869042481392819,96
basic_1BT,5248075,869042486714150,96
basic_1BT,5288840,869042492065115,96
basic_1BT,3997814,869042496133353,96
basic_1BT,3523710,869042499719078,96
basic_1BT,3609144,869042503393719,96
basic_1BT,3779310,869042507233419,96
basic_1BT,4807721,869042512094464,96
basic_1BT,4518101,869042516674063,96
basic_1BT,4009391,869042520743970,96
basic_1BT,4850023,869042525654348,96
basic_1BT,4247255,869042529955985,96
basic_1BT,4664657,869042534681774,96
basic_1BT,5635346,869042540378890,96
basic_1BT,3963535,869042544403752,96
basic_1BT,3926653,869042548390650,96
basic_1BT,4623826,869042553075629,96
basic_1BT,4927404,869042558078359,96
basic_1BT,4235973,869042562375379,96
basic_1BT,4060244,869042566496540,96
basic_1BT,4375108,869042570946302,96
basic_1BT,4268525,869042575272912,96
basic_1BT,4778461,869042580112405,96
basic_1BT,3731308,869042583905177,96
basic_1BT,5044547,869042589011317,96
basic_1BT,4886202,869042593959138,96
basic_1BT,4808642,869042598829067,96
basic_1BT,4012920,869042602915568,96
basic_1BT,4137439,869042607113588,96
basic_1BT,5276732,869042612451567,96
basic_1BT,5882649,869042618400435,96
basic_1BT,4202416,869042622663993,96
basic_1BT,5369979,869042628094633,96
basic_1BT,5376870,869042633532991,96
basic_1BT,4169049,869042637763107,96
basic_1BT,5272932,869042643096535,96
basic_1BT,5217008,869042648371849,96
basic_1BT,3290687,869042651723793,96
basic_1BT,4289393,869042656071127,96
basic_1BT,4198195,869042660349699,96
basic_1BT,3577445,869042663989068,96
basic_1BT,4000606,869042668077965,96
basic_1BT,3626068,869042671766564,96
basic_1BT,4943485,869042676779827,96
basic_1BT,4890018,869042681723449,96
basic_1BT,3876702,869042685675842,96
basic_1BT,5225923,869042690962567,96
basic_1BT,4749615,869042695769395,96
basic_1BT,4640996,869042700470973,96
basic_1BT,4731447,869042705263221,96
basic_1BT,4365290,869042709688837,96
basic_1BT,3702035,869042713451949,96
basic_1BT,3527904,869042717053861,96
basic_1BT,3301553,869042720409174,96
basic_1BT,3973994,869042724440838,96
basic_1BT,4848760,869042729350730,96
basic_1BT,3555113,869042732966605,96
basic_1BT,4039040,869042737056408,96
basic_1BT,4053690,869042741171460,96
basic_1BT,4423705,869042745656473,96
basic_1BT,3804037,869042749522214,96
basic_1BT,4053665,869042753636716,96
basic_1BT,4468621,869042758163106,96
basic_1BT,4187310,869042762412525,96
basic_1BT,5674468,869042768166939,96
basic_1BT,4579814,869042772808413,96
basic_1BT,4369334,869042777238703,96
basic_1BT,3372774,869042780672189,96
basic_1BT,4300144,869042785030157,96
basic_1BT,3823648,869042788914747,96
basic_1BT,4697283,869042793690793,96
basic_1BT,4438851,869042798187228,96
basic_1BT,4508698,869042802760607,96
basic_1BT,4451831,869042807273830,96
basic_1BT,3686159,869042811021036,96
basic_1BT,5439175,869042816520582,96
basic_1BT,5492540,869042822073948,96
basic_1BT,4214544,869042826349128,96
basic_1BT,5489798,869042831900790,96
basic_1BT,4383988,869042836347024,96
basic_1BT,4544747,869042840952101,96
basic_1BT,4660652,869042845673560,96
basic_1BT,4567682,869042850302429,96
basic_1BT,4472149,869042854833480,96
basic_1BT,5693061,869042860600233,96
basic_1BT,6053686,869042866715131,96
basic_1BT,4555874,869042871331335,96
basic_1BT,4752051,869042876144087,96
basic_1BT,4755318,869042880960206,96
basic_1BT,4873539,869042885894932,96
basic_1BT,4671191,869042890627181,96
basic_1BT,4975300,869042895663658,96
basic_1BT,4763096,869042900487902,96
basic_1BT,4572026,869042905120925,96
basic_1BT,5557435,869042910738936,96
basic_1BT,4696431,869042915517168,96
basic_1BT,4641228,869042920219077,96
basic_1BT,3501163,869042923781382,96
basic_1BT,5277684,869042929116975,96
basic_1BT,5620833,869042934811570,96
basic_1BT,6354578,869042941226934,96
basic_1BT,3671268,869042944971438,96
basic_1BT,4563792,869042949613218,96
basic_1BT,5127872,869042954787884,96
basic_1BT,3642754,869042958460075,96
basic_1BT,4078540,869042962567864,96
basic_1BT,3826434,869042966435359,96
basic_1BT,4153161,869042970629057,96
basic_1BT,4394219,869042975063393,96
basic_1BT,5146463,869042980259997,96
basic_1BT,4109071,869042984422726,96
basic_1BT,5090278,869042989585533,96
basic_1BT,5203287,869042994844438,96
basic_1BT,4817006,869042999722978,96
basic_1BT,5338421,869043005129873,96
basic_1BT,5237740,869043010439694,96
basic_1BT,5180703,869043015663170,96
basic_1BT,4290172,869043019997049,96
basic_1BT,6118732,869043026184541,96
basic_1BT,3976050,869043030210423,96
basic_1BT,5264154,869043035532649,96
basic_1BT,4566986,869043040144130,96
basic_1BT,11987215,869043052176126,96
basic_1BT,3364905,869043055604118,96
basic_1BT,4885303,869043060539494,96
basic_1BT,4212755,869043064775826,96
basic_1BT,2674828,869043067475859,96
basic_1BT,2555733,869043070054812,96
basic_1BT,2604166,869043072682533,96
basic_1BT,3927828,869043076632735,96
basic_1BT,4503350,869043081158850,96
basic_1BT,4293959,869043085475606,96
basic_1BT,4750066,869043090247599,96
basic_1BT,4696805,869043094970271,96
basic_1BT,4623864,869043099620331,96
basic_1BT,4668129,869043104324379,96
basic_1BT,4397783,869043108793902,96
basic_1BT,4759498,869043113612372,96
basic_1BT,4862307,869043118534017,96
basic_1BT,4669623,869043123263124,96
basic_1BT,5025428,869043128348238,96
basic_1BT,4794925,869043133196451,96
basic_1BT,4664058,869043137914551,96
basic_1BT,4809179,869043142777343,96
basic_1BT,4837725,869043147674812,96
basic_1BT,4850304,869043152585266,96
basic_1BT,5397117,869043158042003,96
basic_1BT,5066863,869043163168369,96
basic_1BT,5515979,869043168744815,96
basic_1BT,5012456,869043173817326,96
basic_1BT,5128717,869043179006589,96
basic_1BT,5007165,869043184070480,96
basic_1BT,5562463,869043189693154,96
basic_1BT,4950342,869043194703896,96
basic_1BT,5365844,869043200126798,96
basic_1BT,5496078,869043205683381,96
basic_1BT,4780863,869043210524590,96
basic_1BT,4799080,869043215380677,96
basic_1BT,5494289,869043220935351,96
basic_1BT,4764620,869043225759474,96
basic_1BT,4893460,869043230712783,96
basic_1BT,5013423,869043235786291,96
basic_1BT,5650684,869043241488951,96
basic_1BT,4745510,869043246294470,96
basic_1BT,5643676,869043251994768,96
basic_1BT,4623175,869043256706696,96
basic_1BT,4928997,869043261696048,96
basic_1BT,5231026,869043266986738,96
basic_1BT,5109231,869043272152813,96
basic_1BT,5477028,869043277690181,96
basic_1BT,5527927,869043283277867,96
basic_1BT,5249449,869043288584038,96
basic_1BT,5259146,869043293903023,96
basic_1BT,5833694,869043299796412,96
basic_1BT,5087546,869043304941221,96
basic_1BT,5466548,869043310467709,96
basic_1BT,5249799,869043315777879,96
basic_1BT,5991723,869043321829210,96
basic_1BT,5074566,869043326963800,96
basic_1BT,5904374,869043332928229,96
basic_1BT,5099139,869043338087403,96
basic_1BT,5400224,869043343566726,96
basic_1BT,5331519,869043348959664,96
basic_1BT,5430576,869043354450896,96
basic_1BT,5861589,869043360369352,96
basic_1BT,5457056,869043365887120,96
basic_1BT,5771123,869043371718759,96
basic_1BT,5494288,869043377270115,96
basic_1BT,5925479,869043383255804,96
basic_1BT,5119350,869043388432778,96
basic_1BT,5509559,869043394002136,96
basic_1BT,5792002,869043399854439,96
basic_1BT,5097325,869043405011763,96
basic_1BT,6276339,869043411348057,96
basic_1BT,5585761,869043416990886,96
basic_1BT,5685910,869043422737111,96
basic_1BT,6243658,869043429040855,96
basic_1BT,5744195,869043434845440,96
basic_1BT,5453524,869043440356498,96
basic_1BT,6239063,869043446656558,96
basic_1BT,6399711,869043453116214,96
basic_1BT,5463527,869043458640633,96
basic_1BT,5547703,869043464248737,96
basic_1BT,6202517,869043470511559,96
basic_1BT,5860717,869043476432241,96
basic_1BT,5585180,869043482077035,96
basic_1BT,5485568,869043487622749,96
basic_1BT,5643666,869043493326224,96
basic_1BT,6095264,869043499482034,96
basic_1BT,5474482,869043505013900,96
basic_1BT,5749843,869043510824389,96
basic_1BT,5725402,869043516607636,96
basic_1BT,5720194,869043522387980,96
basic_1BT,6071292,869043528519683,96
basic_1BT,6061570,869043534642827,96
basic_1BT,5727231,869043540430348,96
basic_1BT,6122701,869043546613906,96
basic_1BT,6648811,869043553322672,96
basic_1BT,5988089,869043559371127,96
basic_1BT,5825946,869043565254206,96
basic_1BT,6109015,869043571423832,96
basic_1BT,6103176,869043577583434,96
basic_1BT,6626249,869043584270089,96
basic_1BT,5934560,869043590264889,96
basic_1BT,6032511,869043596357585,96
basic_1BT,5887163,869043602304768,96
basic_1BT,5966152,869043608330816,96
basic_1BT,6148216,869043614539337,96
basic_1BT,6048158,869043620647365,96
basic_1BT,6219287,869043626927148,96
basic_1BT,6153954,869043633141507,96
basic_1BT,6621934,869043639824163,96
basic_1BT,5818112,869043645702371,96
basic_1BT,6021807,869043651784453,96
basic_1BT,6484650,869043658329072,96
basic_1BT,6343797,869043664723367,96
basic_1BT,6684144,869043671468006,96
basic_1BT,5893383,869043677421359,96
basic_1BT,6218740,869043683699738,96
basic_1BT,5985107,869043689742118,96
basic_1BT,6025440,869043695826881,96
basic_1BT,6524838,869043702412135,96
basic_1BT,5860202,869043708332993,96
basic_1BT,6055003,869043714447621,96
basic_1BT,5949133,869043720457305,96
basic_1BT,5903697,869043726421332,96
basic_1BT,6089604,869043732572034,96
basic_1BT,6615589,869043739247432,96
basic_1BT,5916086,869043745223418,96
basic_1BT,6532776,869043751815978,96
basic_1BT,5877151,869043757750312,96
basic_1BT,6022202,869043763854786,96
basic_1BT,6090141,869043770002792,96
basic_1BT,6049943,869043776112629,96
basic_1BT,7099982,869043783273097,96
basic_1BT,5898314,869043789231220,96
basic_1BT,6166333,869043795457794,96
basic_1BT,6076344,869043801594514,96
basic_1BT,6664464,869043808319073,96
basic_1BT,5892506,869043814271745,96
basic_1BT,6083064,869043820415766,96
basic_1BT,6052538,869043826528579,96
basic_1BT,5993842,869043832582766,96
basic_1BT,6233901,869043838876516,96
basic_1BT,6199050,869043845136483,96
basic_1BT,5958865,869043851155167,96
basic_1BT,6023587,869043857236062,96
basic_1BT,6611440,869043863907967,96
basic_1BT,5781884,869043869747124,96
basic_1BT,6120156,869043875927044,96
basic_1BT,6316258,869043882303734,96
basic_1BT,6198006,869043888562011,96
basic_1BT,6841835,869043895463621,96
basic_1BT,6073522,869043901602074,96
basic_1BT,6289892,869043907966098,96
basic_1BT,6109812,869043914171091,96
basic_1BT,6594025,869043920837940,96
basic_1BT,5839768,869043926738464,96
basic_1BT,6098606,869043932897832,96
basic_1BT,6654741,869043939626500,96
basic_1BT,5486189,869043945186536,96
basic_1BT,4238019,869043949484916,96
basic_1BT,5800055,869043955356293,96
basic_1BT,6032451,869043961448929,96
basic_1BT,5147084,869043966656555,96
basic_1BT,5098803,869043971815678,96
basic_1BT,5887579,869043977763472,96
basic_1BT,5781412,869043983606523,96
basic_1BT,6177198,869043989844007,96
basic_1BT,6556988,869043996461376,96
basic_1BT,5894971,869044002416407,96
basic_1BT,6233782,869044008710018,96
basic_1BT,6096034,869044014884244,96
basic_1BT,6576523,869044021520797,96
basic_1BT,5880178,869044027460694,96
basic_1BT,6256558,869044033777507,96
basic_1BT,5949624,869044039787918,96
basic_1BT,6278536,869044046127370,96
basic_1BT,6653147,869044052841043,96
basic_1BT,5751587,869044058653316,96
basic_1BT,6202672,869044064915903,96
basic_1BT,6648753,869044071625824,96
basic_1BT,6273573,869044077956825,96
basic_1BT,5967721,869044083984215,96
basic_1BT,6189367,869044090258796,96
basic_1BT,6600003,869044096919340,96
basic_1BT,6117725,869044103097290,96
basic_1BT,6565107,869044109719019,96
basic_1BT,6040510,869044115819639,96
basic_1BT,6521130,869044122401801,96
basic_1BT,6290894,869044128752910,96
basic_1BT,6690283,869044135503985,96
basic_1BT,5866024,869044141430284,96
basic_1BT,6130845,869044147621200,96
basic_1BT,6701154,869044154380009,96
basic_1BT,6522778,869044160964315,96
basic_1BT,6281453,869044167306554,96
basic_1BT,6723035,869044174086521,96
basic_1BT,5889373,869044180036666,96
basic_1BT,6695806,869044186794306,96
basic_1BT,5846358,869044192701505,96
basic_1BT,6319861,869044199081351,96
basic_1BT,6650210,869044205792152,96
basic_1BT,5809202,869044211662352,96
basic_1BT,6747241,869044218469251,96
basic_1BT,5770823,869044224300600,96
basic_1BT,5523215,869044229884863,96
basic_1BT,6345707,869044236291426,96
basic_1BT,6128850,869044242479865,96
basic_1BT,6184512,869044248724993,96
basic_1BT,6619037,869044255405192,96
basic_1BT,6138549,869044261604858,96
basic_1BT,6531885,869044268196703,96
basic_1BT,5858142,869044274115205,96
basic_1BT,6123909,869044280299530,96
basic_1BT,6984954,869044287344870,96
basic_1BT,6078243,869044293483725,96
basic_1BT,6690941,869044300234840,96
basic_1BT,6103226,869044306400286,96
basic_1BT,6075803,869044312536550,96
basic_1BT,6788738,869044319385377,96
basic_1BT,6358080,869044325804309,96
basic_1BT,6115360,869044331979317,96
basic_1BT,6119990,869044338189112,96
basic_1BT,6559990,869044344809332,96
basic_1BT,6377746,869044351248226,96
basic_1BT,6622135,869044357931398,96
basic_1BT,5913293,869044363905714,96
basic_1BT,6834198,869044370797531,96
basic_1BT,5871086,869044376728411,96
basic_1BT,6009894,869044382797929,96
basic_1BT,6126150,869044388984761,96
basic_1BT,6606659,869044395652707,96
basic_1BT,6972722,869044402682422,96
basic_1BT,6289896,869044409033239,96
basic_1BT,6709813,869044415803163,96
basic_1BT,5890166,869044421750342,96
basic_1BT,6329067,869044428139528,96
basic_1BT,6866739,869044435066222,96
basic_1BT,5986986,869044441112853,96
basic_1BT,6053952,869044447226884,96
basic_1BT,6166665,869044453450390,96
basic_1BT,6797379,869044460298091,96
basic_1BT,5955048,869044466313073,96
basic_1BT,6136072,869044472508960,96
basic_1BT,6138994,869044478709537,96
basic_1BT,6080318,869044484850406,96
basic_1BT,6663993,869044491575245,96
basic_1BT,6260694,869044497896966,96
basic_1BT,6183238,869044504140659,96
basic_1BT,6854761,869044511055765,96
basic_1BT,5837112,869044516953238,96
basic_1BT,6776961,869044523790489,96
basic_1BT,5945199,869044529796870,96
basic_1BT,6524137,869044536380876,96
basic_1BT,6212947,869044542654098,96
basic_1BT,6602781,869044549317635,96
basic_1BT,5893889,869044555272551,96
basic_1BT,6786934,869044562116287,96
basic_1BT,5875781,869044568052729,96
basic_1BT,6189352,869044574303519,96
basic_1BT,6107697,869044580472639,96
basic_1BT,5992714,869044586526516,96
basic_1BT,6697661,869044593285224,96
basic_1BT,6029074,869044599375405,96
basic_1BT,6954819,869044606387824,96
basic_1BT,5691863,869044612140904,96
basic_1BT,5820679,869044618021192,96
basic_1BT,4626662,869044622698313,96
basic_1BT,5011745,869044627770739,96
basic_1BT,6067964,869044633898773,96
basic_1BT,5986104,869044639944927,96
basic_1BT,5974593,869044646001070,96
basic_1BT,5996101,869044652057347,96
basic_1BT,5614799,869044657733002,96
basic_1BT,3738686,869044661532364,96
basic_1BT,3743607,869044665336177,96
basic_1BT,2579542,869044667976304,96
basic_1BT,3503337,869044671563096,96
basic_1BT,3803963,869044675426903,96
basic_1BT,3695094,869044679182663,96
basic_1BT,2381906,869044681624599,96
basic_1BT,3475909,869044685160673,96
basic_1BT,3571462,869044688811093,96
basic_1BT,3906312,869044692774573,96
basic_1BT,3704581,869044696540552,96
basic_1BT,3862599,869044700463912,96
basic_1BT,2577396,869044703124116,96
basic_1BT,3283806,869044706471711,96
basic_1BT,3749841,869044710295690,96
basic_1BT,3847223,869044714203720,96
basic_1BT,2799834,869044717064822,96
basic_1BT,3004701,869044720129884,96
basic_1BT,3471313,869044723661609,96
basic_1BT,2902168,869044726620819,96
basic_1BT,2790192,869044729471226,96
basic_1BT,3303423,869044732836939,96
basic_1BT,3704406,869044736598724,96
basic_1BT,3669173,869044740329365,96
basic_1BT,2303068,869044742692257,96
basic_1BT,3593041,869044746342121,96
basic_1BT,3597642,869044750000439,96
basic_1BT,3492553,869044753552981,96
basic_1BT,3615133,869044757229016,96
basic_1BT,3763437,869044761053687,96
basic_1BT,3736621,869044764850653,96
basic_1BT,3796576,869044768707880,96
basic_1BT,3718959,869044772487325,96
basic_1BT,3834338,869044776382360,96
basic_1BT,3486429,869044779930196,96
basic_1BT,2819962,869044782807802,96
basic_1BT,3034701,869044785903134,96
basic_1BT,4161670,869044790125235,96
basic_1BT,3757851,869044793942840,96
basic_1BT,3873374,869044797876705,96
basic_1BT,3952153,869044801888862,96
basic_1BT,4203192,869044806151969,96
basic_1BT,3939768,869044810151793,96
basic_1BT,3776759,869044813988321,96
basic_1BT,2443861,869044816492031,96
basic_1BT,3673063,869044820225104,96
basic_1BT,4134677,869044824419936,96
basic_1BT,4034941,869044828514742,96
basic_1BT,3970586,869044832545452,96
basic_1BT,2548334,869044835154928,96
basic_1BT,3648271,869044838867007,96
basic_1BT,4337064,869044843264226,96
basic_1BT,2520303,869044845844279,96
basic_1BT,3085815,869044848987502,96
basic_1BT,3788611,869044852836805,96
basic_1BT,2498764,869044855395704,96
basic_1BT,3415448,869044858886227,96
basic_1BT,4105570,869044863051917,96
basic_1BT,3659792,869044866771889,96
basic_1BT,2791800,869044869623684,96
basic_1BT,2994788,869044872679174,96
basic_1BT,3834368,869044876570234,96
basic_1BT,3786959,869044880417919,96
basic_1BT,3864518,869044884343254,96
basic_1BT,3744380,869044888148295,96
basic_1BT,4202069,869044892410314,96
basic_1BT,2916105,869044895386829,96
basic_1BT,2825715,869044898269833,96
basic_1BT,3780794,869044902111077,96
basic_1BT,3897234,869044906068196,96
basic_1BT,4576977,869044910705149,96
basic_1BT,4223630,869044914988738,96
basic_1BT,4424622,869044919473285,96
basic_1BT,4426443,869044923959607,96
basic_1BT,4104603,869044928147178,96
basic_1BT,3953976,869044932161410,96
basic_1BT,4384454,869044936606736,96
basic_1BT,4863875,869044941530726,96
basic_1BT,4320997,869044945911407,96
basic_1BT,3804965,869044949776532,96
basic_1BT,3901815,869044953738322,96
basic_1BT,4457981,869044958256177,96
basic_1BT,3148135,869044961464267,96
basic_1BT,3788291,869044965312653,96
basic_1BT,3655337,869044969028320,96
basic_1BT,3658435,869044972747476,96
basic_1BT,4307049,869044977114304,96
basic_1BT,3294291,869044980468750,96
basic_1BT,2152247,869044982677694,96
basic_1BT,3242761,869044985978285,96
basic_1BT,3699565,869044989738821,96
basic_1BT,4000841,869044993799817,96
basic_1BT,3650655,869044997511073,96
basic_1BT,4571790,869045002143369,96
basic_1BT,4255449,869045006456513,96
basic_1BT,3689391,869045010206159,96
basic_1BT,3563332,869045013830247,96
basic_1BT,3639720,869045017530749,96
basic_1BT,4347754,869045021939621,96
basic_1BT,4024386,869045026026206,96
basic_1BT,3707909,869045029794626,96
basic_1BT,4451084,869045034306166,96
basic_1BT,3350466,869045037717099,96
basic_1BT,3457480,869045041236103,96
basic_1BT,5601890,869045046898969,96
basic_1BT,5091269,869045052051086,96
basic_1BT,5061331,869045057174210,96
basic_1BT,4864202,869045062100762,96
basic_1BT,4038805,869045066203797,96
basic_1BT,3933499,869045070195116,96
basic_1BT,4112601,869045074369821,96
basic_1BT,4033677,869045078464330,96
basic_1BT,3841630,869045082367052,96
basic_1BT,3499999,869045085927969,96
basic_1BT,4599721,869045090588862,96
basic_1BT,3982278,869045094631776,96
basic_1BT,3946635,869045098639042,96
basic_1BT,3560827,869045102258224,96
basic_1BT,4163645,869045106501445,96
basic_1BT,3328560,869045109890657,96
basic_1BT,4566318,869045114518332,96
basic_1BT,4726000,869045119305319,96
basic_1BT,4053949,869045123430214,96
basic_1BT,5063190,869045128554280,96
basic_1BT,4810191,869045133426170,96
basic_1BT,5317767,869045138804964,96
basic_1BT,3889432,869045142755523,96
basic_1BT,5334376,869045148151473,96
basic_1BT,5238713,869045153457703,96
basic_1BT,4249065,869045157767955,96
basic_1BT,4128213,869045161956934,96
basic_1BT,4208534,869045166226471,96
basic_1BT,3875935,869045170164275,96
basic_1BT,5123630,869045175350953,96
basic_1BT,3923386,869045179335652,96
basic_1BT,5021693,869045184415831,96
basic_1BT,4045765,869045188522578,96
basic_1BT,3749075,869045192332344,96
basic_1BT,5067414,869045197477970,96
basic_1BT,4880223,869045202445081,96
basic_1BT,3835963,869045206357362,96
basic_1BT,4068970,869045210483886,96
basic_1BT,4253444,869045214795145,96
basic_1BT,5226956,869045220089352,96
basic_1BT,4911697,869045225075442,96
basic_1BT,5310907,869045230460000,96
basic_1BT,3881778,869045234403057,96
basic_1BT,3939899,869045238403632,96
basic_1BT,4229343,869045242694153,96
basic_1BT,3784137,869045246546568,96
basic_1BT,4724992,869045251332577,96
basic_1BT,4889757,869045256284579,96
basic_1BT,5158902,869045261518751,96
basic_1BT,3658784,869045265238723,96
basic_1BT,3495940,869045268795490,96
basic_1BT,4887045,869045273743657,96
basic_1BT,5335068,869045279162926,96
basic_1BT,4916107,869045284139709,96
basic_1BT,4444249,869045288645046,96
basic_1BT,4454818,869045293162499,96
basic_1BT,3378030,869045296600991,96
basic_1BT,3236848,869045299898760,96
basic_1BT,3382301,869045303338825,96
basic_1BT,3404943,869045306805708,96
basic_1BT,3409750,869045310292211,96
basic_1BT,2872694,869045313227461,96
basic_1BT,3169725,869045316458369,96
basic_1BT,4250192,869045320769192,96
basic_1BT,4685946,869045325559507,96
basic_1BT,4660827,869045330281096,96
basic_1BT,4250272,869045334594039,96
basic_1BT,2978972,869045337633792,96
basic_1BT,4767787,869045342462024,96
basic_1BT,4149918,869045346673371,96
basic_1BT,2850121,869045349583993,96
basic_1BT,2835548,869045352473331,96
basic_1BT,3726552,869045356260439,96
basic_1BT,4268920,869045360590292,96
basic_1BT,4140201,869045364804349,96
basic_1BT,3175880,869045368042754,96
basic_1BT,2870124,869045370974602,96
basic_1BT,3172462,869045374204954,96
basic_1BT,4303470,869045378569496,96
basic_1BT,4000225,869045382630974,96
basic_1BT,3207133,869045385902557,96
basic_1BT,3098710,869045389061933,96
basic_1BT,3177634,869045392300394,96
basic_1BT,3988223,869045396349894,96
basic_1BT,2801453,869045399213256,96
basic_1BT,3068750,869045402348757,96
basic_1BT,3128685,869045405531984,96
basic_1BT,4726266,869045410324870,96
basic_1BT,3738751,869045414125364,96
basic_1BT,3532460,869045417731401,96
basic_1BT,3313977,869045421105973,96
basic_1BT,4423501,869045425591022,96
basic_1BT,3999874,869045429651657,96
basic_1BT,4124028,869045433839529,96
basic_1BT,4291273,869045438193472,96
basic_1BT,3874982,869045442128835,96
basic_1BT,4301150,869045446492416,96
basic_1BT,3872236,869045450426341,96
basic_1BT,4616596,869045455104786,96
basic_1BT,3152611,869045458324217,96
basic_1BT,4105585,869045462490739,96
basic_1BT,3049059,869045465600751,96
basic_1BT,3942480,869045469604709,96
basic_1BT,4699001,869045474364477,96
basic_1BT,2982495,869045477407919,96
basic_1BT,4122399,869045481590964,96
basic_1BT,4426873,869045486087810,96
basic_1BT,3483050,869045489631832,96
basic_1BT,3749922,869045493442706,96
basic_1BT,4423430,869045497941336,96
basic_1BT,3026528,869045501029021,96
basic_1BT,3822060,869045504913366,96
basic_1BT,3561548,869045508536362,96
basic_1BT,4843087,869045513443052,96
basic_1BT,2981333,869045516487056,96
basic_1BT,3237473,869045519785306,96
basic_1BT,3065307,869045522908408,96
basic_1BT,3426770,869045526396169,96
basic_1BT,4964726,869045531437914,96
basic_1BT,3222800,869045534721094,96
basic_1BT,4247501,869045539029135,96
basic_1BT,4320751,869045543420611,96
basic_1BT,2927381,869045546408007,96
basic_1BT,3544559,869045550013728,96
basic_1BT,3748283,869045553822993,96
basic_1BT,4359561,869045558263027,96
basic_1BT,2991115,869045561314823,96
basic_1BT,3043808,869045564419568,96
basic_1BT,4000440,869045568481050,96
basic_1BT,4451735,869045572994184,96
basic_1BT,3161783,869045576216472,96
basic_1BT,4372727,869045580650477,96
basic_1BT,4127421,869045584856771,96
basic_1BT,3355785,869045588279607,96
basic_1BT,4208536,869045592553761,96
basic_1BT,3639583,869045596225438,96
basic_1BT,3160407,869045599414464,96
basic_1BT,2901713,869045602341047,96
basic_1BT,4790742,869045607160937,96
basic_1BT,3984860,869045611201821,96
basic_1BT,3489595,869045614744029,96
basic_1BT,2990252,869045617784840,96
basic_1BT,3358373,869045621185729,96
basic_1BT,3277467,869045624506393,96
basic_1BT,3636913,869045628197696,96
basic_1BT,3161393,869045631417622,96
basic_1BT,3525550,869045634989343,96
basic_1BT,3577755,869045638625265,96
basic_1BT,3657892,869045642334929,96
basic_1BT,3168742,869045645539805,96
basic_1BT,3007750,869045648590749,96
basic_1BT,2969951,869045651602009,96
basic_1BT,2675630,869045654312013,96
basic_1BT,4645504,869045658999514,96
basic_1BT,4015878,869045663063325,96
basic_1BT,3221485,869045666334184,96
basic_1BT,3612972,869045669987318,96
basic_1BT,3762060,869045673789299,96
basic_1BT,3341321,869045677170777,96
basic_1BT,3089062,869045680308618,96
basic_1BT,2881561,869045683234446,96
basic_1BT,11130532,869045694416009,96
basic_1BT,3332372,869045697781707,96
basic_1BT,3462992,869045701275995,96
basic_1BT,2978856,869045704281581,96
basic_1BT,3095457,869045707403741,96
basic_1BT,3023675,869045710453080,96
basic_1BT,3727280,869045714207216,96
basic_1BT,3176719,869045717431473,96
basic_1BT,3104976,869045720574944,96
basic_1BT,3006804,869045723636250,96
basic_1BT,3457136,869045727129950,96
basic_1BT,4045976,869045731233429,96
basic_1BT,3714142,869045734995668,96
basic_1BT,4147369,869045739212192,96
basic_1BT,3638664,869045742913310,96
basic_1BT,3118008,869045746085208,96
basic_1BT,4198561,869045750337156,96
basic_1BT,4072398,869045754469468,96
basic_1BT,4092455,869045758621050,96
basic_1BT,4038043,869045762718787,96
basic_1BT,3081611,869045765860347,96
basic_1BT,4163094,869045770083426,96
basic_1BT,4691525,869045774834133,96
basic_1BT,2906397,869045777801076,96
basic_1BT,4451094,869045782312576,96
basic_1BT,3234161,869045785606872,96
basic_1BT,3262135,869045788935398,96
basic_1BT,4333090,869045793328753,96
basic_1BT,4397876,869045797787295,96
basic_1BT,4635839,869045802486036,96
basic_1BT,3216059,869045805763783,96
basic_1BT,3209478,869045809033788,96
basic_1BT,4076772,869045813171597,96
basic_1BT,4550746,869045817785706,96
basic_1BT,4334724,869045822182635,96
basic_1BT,4258691,869045826501396,96
basic_1BT,4125266,869045830687444,96
basic_1BT,4042137,869045834790262,96
basic_1BT,4106291,869045838958001,96
basic_1BT,3642096,869045842661305,96
basic_1BT,4857711,869045847580169,96
basic_1BT,3965333,869045851605707,96
basic_1BT,13740715,869045865407851,96
basic_1BT,3957375,869045869426037,96
basic_1BT,4083137,869045873571219,96
basic_1BT,4391205,869045878023807,96
basic_1BT,4389501,869045882474747,96
basic_1BT,4467226,869045887003131,96
basic_1BT,3812888,869045890878023,96
basic_1BT,3055921,869045893992586,96
basic_1BT,4346221,869045898399623,96
basic_1BT,13936581,869045912397045,96
basic_1BT,18252574,869045930710576,96
basic_1BT,3230848,869045934002822,96
basic_1BT,3230001,869045937290282,96
basic_1BT,3809284,869045941160078,96
basic_1BT,2942251,869045944175624,96
basic_1BT,4051193,869045948285559,96
basic_1BT,4085859,869045952431427,96
basic_1BT,3571953,869045956087736,96
basic_1BT,2859984,869045959008547,96
basic_1BT,3117188,869045962183475,96
basic_1BT,2588147,869045964825813,96
basic_1BT,3058376,869045967945301,96
basic_1BT,3283886,869045971309861,96
basic_1BT,4481982,869045975853391,96
basic_1BT,2689151,869045978616429,96
basic_1BT,4361131,869045983038251,96
basic_1BT,4006539,869045987105346,96
basic_1BT,4187665,869045991354215,96
basic_1BT,3620746,869045995036995,96
basic_1BT,3930537,869045999028855,96
basic_1BT,4250502,869046003340655,96
basic_1BT,4227358,869046007633636,96
basic_1BT,4241342,869046011937774,96
basic_1BT,3709433,869046015751800,96
basic_1BT,3853783,869046019666600,96
basic_1BT,3913754,869046023640985,96
basic_1BT,2945468,869046026646894,96
basic_1BT,3165401,869046029873322,96
basic_1BT,4670395,869046034604414,96
basic_1BT,3440060,869046038105180,96
basic_1BT,4373454,869046042553093,96
basic_1BT,4310512,869046046924381,96
basic_1BT,3202983,869046050187905,96
basic_1BT,4799656,869046055048433,96
basic_1BT,3584447,869046058693746,96
basic_1BT,3492412,869046062247822,96
basic_1BT,3716774,869046066025202,96
basic_1BT,4549283,869046070636029,96
basic_1BT,4569991,869046075267027,96
basic_1BT,3574774,869046078903670,96
basic_1BT,3839521,869046082804233,96
basic_1BT,4248031,869046087113176,96
basic_1BT,4425696,869046091599779,96
basic_1BT,4880775,869046096541992,96
basic_1BT,4584089,869046101187073,96
basic_1BT,5118704,869046106367330,96
basic_1BT,4008078,869046110435999,96
basic_1BT,3583479,869046114080115,96
basic_1BT,3485105,869046117638816,96
basic_1BT,4691995,869046122393332,96
basic_1BT,4951945,869046127406019,96
basic_1BT,3336534,869046130803506,96
basic_1BT,4419406,869046135296272,96
basic_1BT,3377450,869046138734854,96
basic_1BT,4624334,869046143420535,96
basic_1BT,3715060,869046147196202,96
basic_1BT,3344086,869046150601796,96
basic_1BT,3625712,869046154308602,96
basic_1BT,3469593,869046157839329,96
basic_1BT,4598198,869046162498213,96
basic_1BT,4379754,869046166937169,96
basic_1BT,4594568,869046171597215,96
basic_1BT,5175556,869046176833903,96
basic_1BT,3271393,869046180166509,96
basic_1BT,3448460,869046183675469,96
basic_1BT,3569647,869046187320216,96
basic_1BT,4710985,869046192091747,96
basic_1BT,3373234,869046195525864,96
basic_1BT,3302374,869046198886864,96
basic_1BT,5368059,869046204315810,96
basic_1BT,4734579,869046209111542,96
basic_1BT,4615743,869046213787656,96
basic_1BT,4979826,869046218828649,96
basic_1BT,4060545,869046222947610,96
basic_1BT,3581770,869046226590979,96
basic_1BT,5070672,869046231742374,96
basic_1BT,3955466,869046235759122,96
basic_1BT,4499271,869046240319917,96
basic_1BT,3700808,869046244081536,96
basic_1BT,4277165,869046248420154,96
basic_1BT,5459432,869046253943680,96
basic_1BT,3719074,869046257723637,96
basic_1BT,3571536,869046261355930,96
basic_1BT,4050853,869046265467358,96
basic_1BT,5048780,869046270578159,96
basic_1BT,4714769,869046275353193,96
basic_1BT,4962976,869046280378384,96
basic_1BT,4075800,869046284515532,96
basic_1BT,4076759,869046288652982,96
basic_1BT,3602032,869046292315841,96
basic_1BT,4221114,869046296598317,96
basic_1BT,4051690,869046300710413,96
basic_1BT,5095901,869046305866980,96
basic_1BT,5409105,869046311336802,96
basic_1BT,5302406,869046316700225,96
basic_1BT,5434865,869046322195511,96
basic_1BT,5346700,869046327602852,96
basic_1BT,4876685,869046332540585,96
basic_1BT,5188932,869046337790936,96
basic_1BT,5672633,869046343523859,96
basic_1BT,4033759,869046347618605,96
basic_1BT,4869849,869046352549150,96
basic_1BT,3786121,869046356395647,96
basic_1BT,4166016,869046360622364,96
basic_1BT,3896423,869046364579358,96
basic_1BT,5342971,869046369995941,96
basic_1BT,5087576,869046375144585,96
basic_1BT,5581235,869046380786958,96
basic_1BT,4160197,869046385008121,96
basic_1BT,4312201,869046389381075,96
basic_1BT,4385226,869046393827969,96
basic_1BT,4204741,869046398091116,96
basic_1BT,3892394,869046402044973,96
basic_1BT,5155128,869046407260762,96
basic_1BT,4256321,869046411577810,96
basic_1BT,4087693,869046415726315,96
basic_1BT,5147617,869046420934818,96
basic_1BT,5363153,869046426359860,96
basic_1BT,5790473,869046432212047,96
basic_1BT,5240147,869046437513141,96
basic_1BT,3884415,869046441459891,96
basic_1BT,4489859,869046446010297,96
basic_1BT,4107294,869046450175957,96
basic_1BT,4137544,869046454394765,96
basic_1BT,5818703,869046460274210,96
basic_1BT,5466404,869046465801982,96
basic_1BT,3969473,869046469832377,96
basic_1BT,3369841,869046473262770,96
basic_1BT,4424698,869046477749958,96
basic_1BT,3558310,869046481369607,96
basic_1BT,3475870,869046484906002,96
basic_1BT,4052462,869046489016253,96
basic_1BT,5572475,869046494650853,96
basic_1BT,3890749,869046498618131,96
basic_1BT,4555021,869046503233848,96
basic_1BT,5047268,869046508341892,96
basic_1BT,3734216,869046512136238,96
basic_1BT,3932467,869046516129521,96
basic_1BT,3653441,869046519848596,96
basic_1BT,3338916,869046523245110,96
basic_1BT,4130262,869046527451946,96
basic_1BT,4206605,869046531719342,96
basic_1BT,4656378,869046536440887,96
basic_1BT,4601835,869046541102707,96
basic_1BT,4129476,869046545293104,96
basic_1BT,5660606,869046551029672,96
basic_1BT,4154950,869046555242397,96
basic_1BT,4315458,869046559619479,96
basic_1BT,4297892,869046563978153,96
basic_1BT,5071629,869046569137235,96
basic_1BT,5333324,869046574549924,96
basic_1BT,5191022,869046579807381,96
basic_1BT,5410038,869046585275249,96
basic_1BT,4427981,869046589777552,96
basic_1BT,5596998,869046595435522,96
basic_1BT,4231564,869046599727667,96
basic_1BT,4303957,869046604089102,96
basic_1BT,3711226,869046607861145,96
basic_1BT,4576777,869046612496188,96
basic_1BT,3715327,869046616274887,96
basic_1BT,4154784,869046620490518,96
basic_1BT,4957318,869046625508507,96
basic_1BT,5118784,869046630688890,96
basic_1BT,5146449,869046635927613,96
basic_1BT,5674364,869046641699534,96
basic_1BT,4942904,869046646703390,96
basic_1BT,4211482,869046650977102,96
basic_1BT,4637247,869046655674505,96
basic_1BT,4149672,869046659884883,96
basic_1BT,4002420,869046663948652,96
basic_1BT,5399888,869046669435613,96
basic_1BT,5366101,869046674863061,96
basic_1BT,4021314,869046678942195,96
basic_1BT,3609865,869046682612396,96
basic_1BT,3638713,869046686312867,96
basic_1BT,4340867,869046690727957,96
basic_1BT,4903092,869046695692438,96
basic_1BT,4166115,869046699919595,96
basic_1BT,3641509,869046703622132,96
basic_1BT,5566934,869046709242339,96
basic_1BT,4045244,869046713356504,96
basic_1BT,3784749,869046717201683,96
basic_1BT,4867008,869046722126731,96
basic_1BT,4212178,869046726411794,96
basic_1BT,4841398,869046731313778,96
basic_1BT,5525957,869046736898236,96
basic_1BT,5484566,869046742443398,96
basic_1BT,5846780,869046748350949,96
basic_1BT,4253705,869046752665821,96
basic_1BT,4941271,869046757668159,96
basic_1BT,4861070,869046762590386,96
basic_1BT,3752388,869046766408456,96
basic_1BT,4016783,869046770477321,96
basic_1BT,4200416,869046774738252,96
basic_1BT,3624425,869046778424155,96
basic_1BT,5704764,869046784202054,96
basic_1BT,4444801,869046788708142,96
basic_1BT,4947270,869046793720167,96
basic_1BT,4504860,869046798285999,96
basic_1BT,5523768,869046803871425,96
basic_1BT,4281054,869046808215164,96
basic_1BT,5834291,869046814111935,96
basic_1BT,5670544,869046819843070,96
basic_1BT,3978594,869046823882632,96
basic_1BT,4848164,869046828791607,96
basic_1BT,4826544,869046833679438,96
basic_1BT,4036866,869046837777446,96
basic_1BT,4494972,869046842330072,96
basic_1BT,4977250,869046847368133,96
basic_1BT,3971208,869046851413528,96
basic_1BT,4065202,869046855539005,96
basic_1BT,5558107,869046861155077,96
basic_1BT,4647757,869046865864066,96
basic_1BT,3771101,869046869695753,96
basic_1BT,5645104,869046875401198,96
basic_1BT,5722345,869046881183999,96
basic_1BT,4009571,869046885254622,96
basic_1BT,4724482,869046890032122,96
basic_1BT,4060104,869046894152847,96
basic_1BT,4487955,869046898712329,96
basic_1BT,3906207,869046902679447,96
basic_1BT,4602026,869046907338781,96
basic_1BT,4673723,869046912073100,96
basic_1BT,4780802,869046916914974,96
basic_1BT,5771198,869046922760421,96
basic_1BT,4020456,869046926842420,96
basic_1BT,4477270,869046931380723,96
basic_1BT,5143583,869046936585322,96
basic_1BT,4596463,869046941246265,96
basic_1BT,5439396,869046946747074,96
basic_1BT,4031583,869046950839799,96
basic_1BT,3545587,869046954446016,96
basic_1BT,4418729,869046958930523,96
basic_1BT,4024431,869046963016247,96
basic_1BT,5591871,869046968668689,96
basic_1BT,5193894,869046973923645,96
basic_1BT,4520020,869046978504276,96
basic_1BT,3979045,869046982544559,96
basic_1BT,5755296,869046988361990,96
basic_1BT,5769800,869046994192427,96
basic_1BT,3899023,869046998152167,96
basic_1BT,4848967,869047003062100,96
basic_1BT,5394305,869047008517488,96
basic_1BT,4122028,869047012700287,96
basic_1BT,3962392,869047016741633,96
basic_1BT,4070012,869047020872587,96
basic_1BT,5553326,869047026487521,96
basic_1BT,4302785,869047030851739,96
basic_1BT,5351285,869047036264016,96
basic_1BT,5025107,869047041351708,96
basic_1BT,4347157,869047045759642,96
basic_1BT,4661383,869047050479667,96
basic_1BT,4363421,869047054902792,96
basic_1BT,4602953,869047059565665,96
basic_1BT,4349653,869047063975613,96
basic_1BT,4381347,869047068449697,96
basic_1BT,4405212,869047072932730,96
basic_1BT,4421426,869047077431967,96
basic_1BT,4403549,869047081910265,96
basic_1BT,4498755,869047086478492,96
basic_1BT,4706710,869047091244931,96
basic_1BT,4280257,869047095584986,96
basic_1BT,4318280,869047099975259,96
basic_1BT,4353122,869047104413289,96
basic_1BT,4421094,869047108895525,96
basic_1BT,4720983,869047113677796,96
basic_1BT,4342031,869047118080072,96
basic_1BT,4518496,869047122662246,96
basic_1BT,4293483,869047127016355,96
basic_1BT,4280904,869047131360561,96
basic_1BT,4319909,869047135750889,96
basic_1BT,4356849,869047140184097,96
basic_1BT,4355717,869047144603221,96
basic_1BT,4454007,869047149118310,96
basic_1BT,4257057,869047153437512,96
basic_1BT,4822078,869047158320893,96
basic_1BT,4357111,869047162745922,96
basic_1BT,4314297,869047167123736,96
basic_1BT,4353613,869047171551616,96
basic_1BT,3344608,869047174959743,96
basic_1BT,4203392,869047179223025,96
basic_1BT,4214272,869047183497949,96
basic_1BT,5213721,869047188771519,96
basic_1BT,4677587,869047193509867,96
basic_1BT,4984382,869047198554684,96
basic_1BT,4666220,869047203281049,96
basic_1BT,4604426,869047207945365,96
basic_1BT,4100859,869047212133863,96
basic_1BT,5534528,869047217728315,96
basic_1BT,5375436,869047223164348,96
basic_1BT,4775726,869047227999863,96
basic_1BT,4274523,869047232370129,96
basic_1BT,3625938,869047236055705,96
basic_1BT,3651609,869047239769263,96
basic_1BT,4410886,869047244237913,96
basic_1BT,4555152,869047248854528,96
basic_1BT,3321425,869047252237095,96
basic_1BT,3974841,869047256272902,96
basic_1BT,4566293,869047260899610,96
basic_1BT,4821252,869047265781112,96
basic_1BT,5051342,869047270892619,96
basic_1BT,4842201,869047275795215,96
basic_1BT,4657957,869047280514369,96
basic_1BT,5224941,869047285800438,96
basic_1BT,4683565,869047290545160,96
basic_1BT,4597997,869047295203232,96
basic_1BT,4644730,869047299908404,96
basic_1BT,5016901,869047304986352,96
basic_1BT,4446649,869047309493607,96
basic_1BT,4676350,869047314230844,96
basic_1BT,4644926,869047318933790,96
basic_1BT,4950658,869047323945835,96
basic_1BT,4336853,869047328365656,96
basic_1BT,4580395,869047333006152,96
basic_1BT,4179844,869047337246536,96
basic_1BT,5233823,869047342538068,96
basic_1BT,5096001,869047347694825,96
basic_1BT,3545530,869047351300400,96
basic_1BT,3754383,869047355112317,96
basic_1BT,4618594,869047359814997,96
basic_1BT,4286511,869047364162224,96
basic_1BT,4689791,869047368912712,96
basic_1BT,4369840,869047373343002,96
basic_1BT,4380304,869047377783607,96
basic_1BT,4585848,869047382429996,96
basic_1BT,3790351,869047386280337,96
basic_1BT,3335256,869047389676034,96
basic_1BT,4442565,869047394178830,96
basic_1BT,4485770,869047398722074,96
basic_1BT,4438329,869047403220257,96
basic_1BT,4037627,869047407317588,96
basic_1BT,3670556,869047411045217,96
basic_1BT,4012488,869047415117936,96
basic_1BT,4593743,869047419771658,96
basic_1BT,4750827,869047424580159,96
basic_1BT,4740052,869047429381614,96
basic_1BT,4826304,869047434268640,96
basic_1BT,4503717,869047438829786,96
basic_1BT,5142253,869047444032425,96
basic_1BT,4667583,869047448763300,96
basic_1BT,4469106,869047453293228,96
basic_1BT,4828779,869047458182849,96
basic_1BT,4928075,869047463172387,96
basic_1BT,4448559,869047467682439,96
basic_1BT,4752300,869047472494654,96
basic_1BT,5507393,869047478062399,96
basic_1BT,4638206,869047482761612,96
basic_1BT,4748221,869047487566650,96
basic_1BT,4605168,869047492234369,96
basic_1BT,4970478,869047497266145,96
basic_1BT,5037886,869047502365389,96
basic_1BT,4742533,869047507169260,96
basic_1BT,4581838,869047511811469,96
basic_1BT,4733522,869047516602630,96
basic_1BT,4930131,869047521592841,96
basic_1BT,5189945,869047526863158,96
basic_1BT,5299570,869047532220894,96
basic_1BT,5610159,869047537891714,96
basic_1BT,5544811,869047543496995,96
basic_1BT,5413129,869047548971327,96
basic_1BT,5697537,869047554733059,96
basic_1BT,5041855,869047559836457,96
basic_1BT,5130616,869047565028196,96
basic_1BT,5164356,869047570252632,96
basic_1BT,5011319,869047575322682,96
basic_1BT,5259507,869047580643171,96
basic_1BT,5135768,869047585839270,96
basic_1BT,5571654,869047591472106,96
basic_1BT,5110860,869047596645101,96
basic_1BT,5261306,869047601967329,96
basic_1BT,5699055,869047607727221,96
basic_1BT,4856874,869047612645624,96
basic_1BT,5742317,869047618448186,96
basic_1BT,4964740,869047623473422,96
basic_1BT,5434003,869047628963981,96
basic_1BT,5130157,869047634155536,96
basic_1BT,5085046,869047639298316,96
basic_1BT,5197111,869047644555587,96
basic_1BT,5004543,869047649621077,96
basic_1BT,4986978,869047654669784,96
basic_1BT,5933552,869047660661426,96
basic_1BT,5749047,869047666470758,96
basic_1BT,5451238,869047671983003,96
basic_1BT,5496113,869047677563542,96
basic_1BT,5080375,869047682704387,96
basic_1BT,4898226,869047687662713,96
basic_1BT,5643581,869047693380978,96
basic_1BT,5293211,869047698735632,96
basic_1BT,5478953,869047704273061,96
basic_1BT,5391098,869047709724715,96
basic_1BT,5050751,869047714835736,96
basic_1BT,5605748,869047720501805,96
basic_1BT,5365308,869047725928145,96
basic_1BT,5346399,869047731336198,96
basic_1BT,5189965,869047736586483,96
basic_1BT,5910248,869047742557582,96
basic_1BT,6088081,869047748706515,96
basic_1BT,5490881,869047754257972,96
basic_1BT,4389145,869047758707969,96
basic_1BT,3708179,869047762477351,96
basic_1BT,3923856,869047766461788,96
basic_1BT,3929761,869047770451879,96
basic_1BT,3433259,869047773946802,96
basic_1BT,3627867,869047777635371,96
basic_1BT,3999658,869047781695365,96
basic_1BT,5507368,869047787263420,96
basic_1BT,5089401,869047792414044,96
basic_1BT,4772137,869047797245955,96
basic_1BT,5034683,869047802341199,96
basic_1BT,4937953,869047807336647,96
basic_1BT,4830984,869047812227775,96
basic_1BT,4891877,869047817180143,96
basic_1BT,4999320,869047822239603,96
basic_1BT,5112299,869047827412403,96
basic_1BT,4783414,869047832255867,96
basic_1BT,4600582,869047836917296,96
basic_1BT,4770138,869047841747919,96
basic_1BT,4537917,869047846346417,96
basic_1BT,4974547,869047851383651,96
basic_1BT,5238403,869047856682725,96
basic_1BT,4813318,869047861556564,96
basic_1BT,4633986,869047866250910,96
basic_1BT,4777354,869047871088554,96
basic_1BT,4825321,869047875975348,96
basic_1BT,5151050,869047881237792,96
basic_1BT,4829826,869047886127758,96
basic_1BT,5083427,869047891271932,96
basic_1BT,4980868,869047896312995,96
basic_1BT,5142494,869047901515288,96
basic_1BT,5413451,869047906989511,96
basic_1BT,4796764,869047911843800,96
basic_1BT,5024515,869047916929206,96
basic_1BT,5068046,869047922058128,96
basic_1BT,4812927,869047926932648,96
basic_1BT,5084671,869047932079343,96
basic_1BT,4801209,869047936941048,96
basic_1BT,4995287,869047941997488,96
basic_1BT,4751459,869047946809121,96
basic_1BT,4924026,869047951794525,96
basic_1BT,4963643,869047956818670,96
basic_1BT,4581673,869047961462733,96
basic_1BT,5199918,869047966723888,96
basic_1BT,4714292,869047971497664,96
basic_1BT,4913532,869047976473266,96
basic_1BT,4942774,869047981476465,96
basic_1BT,5065690,869047986603143,96
basic_1BT,4916974,869047991577310,96
basic_1BT,4859681,869047996496926,96
basic_1BT,4790525,869048001348017,96
basic_1BT,4832011,869048006240774,96
basic_1BT,4966124,869048011264292,96
basic_1BT,5000560,869048016325628,96
basic_1BT,4911135,869048021297099,96
basic_1BT,4939451,869048026296620,96
basic_1BT,4369344,869048030723618,96
basic_1BT,4975265,869048035774223,96
basic_1BT,5836437,869048041669221,96
basic_1BT,4136086,869048045866694,96
basic_1BT,4456121,869048050380745,96
basic_1BT,4391591,869048054833173,96
basic_1BT,5974752,869048060892347,96
basic_1BT,4519924,869048065494317,96
basic_1BT,6074034,869048071630126,96
basic_1BT,5907375,869048077626343,96
basic_1BT,5678532,869048083389166,96
basic_1BT,4748788,869048088238995,96
basic_1BT,5890395,869048094190257,96
basic_1BT,4282607,869048098533545,96
basic_1BT,4380555,869048102975102,96
basic_1BT,4187882,869048107223440,96
basic_1BT,4450393,869048111734800,96
basic_1BT,4369084,869048116165271,96
basic_1BT,6448691,869048122674924,96
basic_1BT,5511363,869048128246933,96
basic_1BT,4902160,869048133209870,96
basic_1BT,5390356,869048138684573,96
basic_1BT,4647136,869048143389874,96
basic_1BT,5293246,869048148743380,96
basic_1BT,5149185,869048153953502,96
basic_1BT,6080148,869048160094416,96
basic_1BT,5680748,869048165836032,96
basic_1BT,5987241,869048171884049,96
basic_1BT,5707489,869048177649058,96
basic_1BT,5793877,869048183503906,96
basic_1BT,4600679,869048188164855,96
basic_1BT,5703751,869048193929708,96
basic_1BT,6031675,869048200028198,96
basic_1BT,5629819,869048205721139,96
basic_1BT,5492334,869048211274089,96
basic_1BT,5364993,869048216699693,96
basic_1BT,6056693,869048222820666,96
basic_1BT,5063410,869048227945398,96
basic_1BT,6423347,869048234462479,96
basic_1BT,5693532,869048240234329,96
basic_1BT,5656688,869048245952567,96
basic_1BT,5307687,869048251316120,96
basic_1BT,5952985,869048257334948,96
basic_1BT,4814335,869048262231660,96
basic_1BT,6351279,869048268644643,96
basic_1BT,5765665,869048274473616,96
basic_1BT,4978634,869048279513652,96
basic_1BT,6177539,869048285760092,96
basic_1BT,4618740,869048290438095,96
basic_1BT,5213986,869048295710075,96
basic_1BT,6047880,869048301811004,96
basic_1BT,4937559,869048306784778,96
basic_1BT,4339938,869048311163440,96
basic_1BT,4300971,869048315504574,96
basic_1BT,4977470,869048320525162,96
basic_1BT,5455331,869048326026344,96
basic_1BT,5050661,869048331131893,96
basic_1BT,4767970,869048335953929,96
basic_1BT,6031649,869048342070647,96
basic_1BT,6313563,869048348455716,96
basic_1BT,6135659,869048354656430,96
basic_1BT,5961741,869048360689366,96
basic_1BT,4878585,869048365628136,96
basic_1BT,5254320,869048370941894,96
basic_1BT,5232574,869048376234207,96
basic_1BT,5543008,869048381838788,96
basic_1BT,4794714,869048386693988,96
basic_1BT,5622367,869048392376881,96
basic_1BT,4789407,869048397226839,96
basic_1BT,5348971,869048402636376,96
basic_1BT,6152040,869048408862027,96
basic_1BT,5846093,869048414769809,96
basic_1BT,5533896,869048420364591,96
basic_1BT,5702764,869048426128087,96
basic_1BT,5049413,869048431238747,96
basic_1BT,5446993,869048436747770,96
basic_1BT,3971143,869048440780255,96
basic_1BT,4209977,869048445051200,96
basic_1BT,4360528,869048449471988,96
basic_1BT,5464664,869048454997104,96
basic_1BT,5528087,869048460578635,96
basic_1BT,5301034,869048465940957,96
basic_1BT,6057810,869048472059865,96
basic_1BT,4180064,869048476307035,96
basic_1BT,3924042,869048480284887,96
basic_1BT,4713130,869048485071252,96
basic_1BT,5915028,869048491047172,96
basic_1BT,6061960,869048497170205,96
basic_1BT,4197515,869048501422933,96
basic_1BT,4196847,869048505677280,96
basic_1BT,4869774,869048510608031,96
basic_1BT,4354685,869048515023231,96
basic_1BT,4373023,869048519456990,96
basic_1BT,5253879,869048524772092,96
basic_1BT,5057461,869048529890354,96
basic_1BT,6002348,869048535966569,96
basic_1BT,5388722,869048541439016,96
basic_1BT,5782344,869048547284452,96
basic_1BT,6130720,869048553476029,96
basic_1BT,4878135,869048558415361,96
basic_1BT,3548869,869048562022265,96
basic_1BT,5943956,869048568027703,96
basic_1BT,5107893,869048573221883,96
basic_1BT,4088491,869048577371180,96
basic_1BT,4233072,869048581662112,96
basic_1BT,4570518,869048586293050,96
basic_1BT,6383149,869048592737496,96
basic_1BT,4981635,869048597780193,96
basic_1BT,4592168,869048602433824,96
basic_1BT,4315213,869048606809738,96
basic_1BT,4963954,869048611834844,96
basic_1BT,5328979,869048617225682,96
basic_1BT,4978562,869048622265472,96
basic_1BT,4788289,869048627112208,96
basic_1BT,4581829,869048631755094,96
basic_1BT,5706051,869048637521722,96
basic_1BT,5028544,869048642624409,96
basic_1BT,5922982,869048648608332,96
basic_1BT,4826508,869048653516912,96
basic_1BT,5456807,869048659034480,96
basic_1BT,5703229,869048664810815,96
basic_1BT,5075789,869048669947636,96
basic_1BT,5212497,869048675239403,96
basic_1BT,5756595,869048681057551,96
basic_1BT,5961847,869048687093896,96
basic_1BT,4955976,869048692107922,96
basic_1BT,6137120,869048698318774,96
basic_1BT,4372938,869048702753315,96
basic_1BT,4575644,869048707389901,96
basic_1BT,5968664,869048713419026,96
basic_1BT,4112766,869048717593260,96
basic_1BT,5304862,869048722958794,96
basic_1BT,3792120,869048726808924,96
basic_1BT,5678387,869048732548594,96
basic_1BT,5335073,869048737944368,96
basic_1BT,4822590,869048742828471,96
basic_1BT,6378357,869048749269168,96
basic_1BT,5491553,869048754822525,96
basic_1BT,5414698,869048760294777,96
basic_1BT,5288358,869048765643948,96
basic_1BT,4880935,869048770599151,96
basic_1BT,4961006,869048775620783,96
basic_1BT,5891048,869048781572893,96
basic_1BT,3484048,869048785118108,96
basic_1BT,4671854,869048789851741,96
basic_1BT,3462252,869048793375300,96
basic_1BT,2744220,869048796180908,96
basic_1BT,3424585,869048799666299,96
basic_1BT,4186493,869048803930253,96
basic_1BT,3689406,869048807680766,96
basic_1BT,4162002,869048811904592,96
basic_1BT,4540347,869048816505780,96
basic_1BT,4779474,869048821345780,96
basic_1BT,3895707,869048825301732,96
basic_1BT,3056908,869048828419050,96
basic_1BT,4829681,869048833322343,96
basic_1BT,4559472,869048837942782,96
basic_1BT,3167455,869048841177449,96
basic_1BT,2829934,869048844060527,96
basic_1BT,3357584,869048847479208,96
basic_1BT,3580222,869048851117720,96
basic_1BT,2866796,869048854046700,96
basic_1BT,3535197,869048857642724,96
basic_1BT,3217447,869048860918196,96
basic_1BT,3006090,869048863984491,96
basic_1BT,3694618,869048867763240,96
basic_1BT,3084592,869048870908994,96
basic_1BT,3027755,869048873997240,96
basic_1BT,2801388,869048876874736,96
basic_1BT,3852166,869048880801575,96
basic_1BT,3714981,869048884577943,96
basic_1BT,4880735,869048889519584,96
basic_1BT,3921526,869048893503136,96
basic_1BT,3319519,869048896883897,96
basic_1BT,3916891,869048900861329,96
basic_1BT,4286952,869048905208813,96
basic_1BT,3194578,869048908463621,96
basic_1BT,3176150,869048911743989,96
basic_1BT,4234065,869048916040194,96
basic_1BT,4667402,869048920778482,96
basic_1BT,3398187,869048924241154,96
basic_1BT,3365963,869048927667839,96
basic_1BT,3805210,869048931530678,96
basic_1BT,4347533,869048935940241,96
basic_1BT,4395381,869048940431715,96
basic_1BT,3366619,869048943860143,96
basic_1BT,4571820,869048948490555,96
basic_1BT,4502183,869048953054101,96
basic_1BT,3531393,869048956647398,96
basic_1BT,3676632,869048960381223,96
basic_1BT,4041831,869048964483736,96
basic_1BT,3029389,869048967588881,96
basic_1BT,3633756,869048971292760,96
basic_1BT,4794751,869048976160350,96
basic_1BT,2987251,869048979208352,96
basic_1BT,5216115,869048984481896,96
basic_1BT,2763977,869048987306920,96
basic_1BT,4511419,869048991876269,96
basic_1BT,4735852,869048996673244,96
basic_1BT,4349593,869049001083213,96
basic_1BT,4066839,869049005211265,96
basic_1BT,3912095,869049009184041,96
basic_1BT,3254213,869049012499336,96
basic_1BT,3915462,869049016476056,96
basic_1BT,3719751,869049020257040,96
basic_1BT,4467638,869049024785404,96
basic_1BT,4499933,869049029348154,96
basic_1BT,4077008,869049033485628,96
basic_1BT,3726156,869049037272591,96
basic_1BT,4860272,869049042208148,96
basic_1BT,3437379,869049045706584,96
basic_1BT,3071808,869049048839239,96
basic_1BT,3259646,869049052171819,96
basic_1BT,3517295,869049055760430,96
basic_1BT,3733850,869049059552214,96
basic_1BT,4002320,869049063621761,96
basic_1BT,3550152,869049067237555,96
basic_1BT,3920549,869049071218855,96
basic_1BT,4831621,869049076111473,96
basic_1BT,3708014,869049079880073,96
basic_1BT,4634692,869049084572670,96
basic_1BT,3816171,869049088449863,96
basic_1BT,3688123,869049092199354,96
basic_1BT,4501357,869049096761838,96
basic_1BT,4436781,869049101259531,96
basic_1BT,4057192,869049105377775,96
basic_1BT,3545772,869049108985551,96
basic_1BT,2871457,869049111919167,96
basic_1BT,3235097,869049115218079,96
basic_1BT,3369461,869049118648441,96
basic_1BT,3242690,869049121959697,96
basic_1BT,3117961,869049125138574,96
basic_1BT,4317287,869049129517275,96
basic_1BT,3049540,869049132645884,96
basic_1BT,3312834,869049136032726,96
basic_1BT,5087511,869049141183119,96
basic_1BT,4899268,869049146143008,96
basic_1BT,4465724,869049150670721,96
basic_1BT,3620450,869049154352970,96
basic_1BT,4579990,869049158995165,96
basic_1BT,4372557,869049163428573,96
basic_1BT,5462064,869049168951909,96
basic_1BT,4539125,869049173552196,96
basic_1BT,3667595,869049177282046,96
basic_1BT,5034392,869049182377351,96
basic_1BT,3809190,869049186247868,96
basic_1BT,4504032,869049190813168,96
basic_1BT,4659034,869049195533049,96
basic_1BT,4171428,869049199765449,96
basic_1BT,4474093,869049204300614,96
basic_1BT,4596027,869049208958446,96
basic_1BT,4749860,869049213769112,96
basic_1BT,3010199,869049216840188,96
basic_1BT,4136337,869049221044042,96
basic_1BT,4678955,869049225790549,96
basic_1BT,4753955,869049230607596,96
basic_1BT,4748532,869049235739861,96
basic_1BT,3282508,869049239083622,96
basic_1BT,3748339,869049242893549,96
basic_1BT,4400692,869049247355188,96
basic_1BT,5392116,869049252808511,96
basic_1BT,4781485,869049257651243,96
basic_1BT,2919443,869049260632399,96
basic_1BT,3702466,869049264398970,96
basic_1BT,3687031,869049268146862,96
basic_1BT,3790145,869049271998475,96
basic_1BT,3129407,869049275229544,96
basic_1BT,3763359,869049279063632,96
basic_1BT,4520812,869049283645085,96
basic_1BT,4804682,869049288511667,96
basic_1BT,4998665,869049293582399,96
basic_1BT,3744058,869049297390506,96
basic_1BT,4655857,869049302107090,96
basic_1BT,3518573,869049305683287,96
basic_1BT,3849463,869049309594103,96
basic_1BT,4044367,869049313698816,96
basic_1BT,3774684,869049317535825,96
basic_1BT,3698472,869049321295344,96
basic_1BT,4302493,869049325659021,96
basic_1BT,3784582,869049329504389,96
basic_1BT,4647281,869049334225412,96
basic_1BT,5177957,869049339464382,96
basic_1BT,3527454,869049343053018,96
basic_1BT,3338369,869049346453406,96
basic_1BT,3043828,869049349558837,96
basic_1BT,4677486,869049354298368,96
basic_1BT,4518365,869049358877395,96
basic_1BT,3807746,869049362742726,96
basic_1BT,3873168,869049366677382,96
basic_1BT,4177117,869049370915962,96
basic_1BT,3840408,869049374817231,96
basic_1BT,4719855,869049379597793,96
basic_1BT,3800199,869049383465694,96
basic_1BT,4659310,869049388186768,96
basic_1BT,4651786,869049392902533,96
basic_1BT,3243132,869049396222409,96
basic_1BT,4184287,869049400460643,96
basic_1BT,4124740,869049404646364,96
basic_1BT,5233382,869049409940893,96
basic_1BT,5209941,869049415218231,96
basic_1BT,4973507,869049420253065,96
basic_1BT,5443525,869049425759476,96
basic_1BT,3490026,869049429310675,96
basic_1BT,3512995,869049432884883,96
basic_1BT,5219589,869049438167263,96
basic_1BT,3975402,869049442203291,96
basic_1BT,4003493,869049446267370,96
basic_1BT,3802920,869049450131277,96
basic_1BT,4027779,869049454219677,96
basic_1BT,4772033,869049459063792,96
basic_1BT,4304483,869049463431351,96
basic_1BT,3896027,869049467385328,96
basic_1BT,4814732,869049472261578,96
basic_1BT,4413873,869049476736658,96
basic_1BT,4456978,869049481261955,96
basic_1BT,5004503,869049486328322,96
basic_1BT,3428167,869049489817331,96
basic_1BT,3017702,869049492895800,96
basic_1BT,5727256,869049498684183,96
basic_1BT,4112938,869049502857321,96
basic_1BT,4240786,869049507171447,96
basic_1BT,4347503,869049511577286,96
basic_1BT,3833771,869049515489200,96
basic_1BT,2750043,869049518299839,96
basic_1BT,3401581,869049521762206,96
basic_1BT,3417868,869049525240811,96
basic_1BT,4200261,869049529494792,96
basic_1BT,3522473,869049533075014,96
basic_1BT,4258195,869049537393489,96
basic_1BT,3707477,869049541161723,96
basic_1BT,4116290,869049545338489,96
basic_1BT,3814662,869049549214269,96
basic_1BT,4090314,869049553364768,96
basic_1BT,3277005,869049556726702,96
basic_1BT,3644707,869049560431769,96
basic_1BT,4583017,869049565075567,96
basic_1BT,5149224,869049570285919,96
basic_1BT,3770405,869049574117411,96
basic_1BT,4178385,869049578363298,96
basic_1BT,3515074,869049581939219,96
basic_1BT,4346501,869049586346758,96
basic_1BT,3853689,869049590262190,96
basic_1BT,4755809,869049595085150,96
basic_1BT,5411547,869049600575781,96
basic_1BT,5547628,869049606200879,96
basic_1BT,4448809,869049610724126,96
basic_1BT,4783939,869049615569989,96
basic_1BT,3191311,869049618822458,96
basic_1BT,3890008,869049622773142,96
basic_1BT,3908802,869049626742956,96
basic_1BT,3277026,869049630080798,96
basic_1BT,4672861,869049634814977,96
basic_1BT,3250774,869049638126518,96
basic_1BT,3469804,869049641659019,96
basic_1BT,4659204,869049646379395,96
basic_1BT,2902102,869049649343277,96
basic_1BT,3006250,869049652410539,96
basic_1BT,3313872,869049655785603,96
basic_1BT,3455431,869049659299114,96
basic_1BT,3505693,869049662865714,96
basic_1BT,4981716,869049667908447,96
basic_1BT,5115998,869049673082219,96
basic_1BT,5050760,869049678195660,96
basic_1BT,5460053,869049683729516,96
basic_1BT,4654142,869049688444189,96
basic_1BT,4223551,869049692729182,96
basic_1BT,4299487,869049697089069,96
basic_1BT,3972420,869049701123604,96
basic_1BT,4183376,869049705368092,96
basic_1BT,65490226,869049770919621,96
basic_1BT,53298925,869049824280008,96
basic_1BT,7124995,869049831466351,96
basic_1BT,7015410,869049838542532,96
basic_1BT,2104285,869049840707268,96
basic_1BT,3194699,869049843963119,96
basic_1BT,3483045,869049847553709,96
basic_1BT,3222388,869049850836177,96
basic_1BT,3387338,869049854284552,96
basic_1BT,4155391,869049858500800,96
basic_1BT,2949493,869049861511124,96
basic_1BT,2892470,869049864465048,96
basic_1BT,3541887,869049868068197,96
basic_1BT,3190681,869049871320661,96
basic_1BT,4348721,869049875718301,96
basic_1BT,3253049,869049879032182,96
basic_1BT,3049165,869049882141899,96
basic_1BT,4696631,869049886900454,96
basic_1BT,3192829,869049890153905,96
basic_1BT,3194012,869049893409205,96
basic_1BT,3293013,869049896757241,96
basic_1BT,3142822,869049899960460,96
basic_1BT,2937545,869049902982947,96
basic_1BT,5249549,869049908297753,96
basic_1BT,6259680,869049914618666,96
basic_1BT,6479293,869049921168283,96
basic_1BT,5524538,869049926753878,96
basic_1BT,5878794,869049932694256,96
basic_1BT,4817262,869049937579837,96
basic_1BT,6026087,869049943666556,96
basic_1BT,4631965,869049948359237,96
basic_1BT,6052979,869049954473530,96
basic_1BT,5442844,869049959977215,96
basic_1BT,5583165,869049965647538,96
basic_1BT,6635290,869049972343581,96
basic_1BT,6272430,869049978676983,96
basic_1BT,6270733,869049985009153,96
basic_1BT,5376569,869049990446178,96
basic_1BT,5010030,869049995513822,96
basic_1BT,5150273,869050000726541,96
basic_1BT,4815408,869050005603597,96
basic_1BT,6261380,869050011925728,96
basic_1BT,4689459,869050016675688,96
basic_1BT,3951747,869050020688903,96
basic_1BT,5061702,869050025824437,96
basic_1BT,4337104,869050030222678,96
basic_1BT,4688507,869050034971681,96
basic_1BT,4595361,869050039624110,96
basic_1BT,4747580,869050044431664,96
basic_1BT,4477471,869050048968979,96
basic_1BT,4460858,869050053489701,96
basic_1BT,3743627,869050057293147,96
basic_1BT,2036828,869050059387203,96
basic_1BT,4059303,869050063504135,96
basic_1BT,4113929,869050067679136,96
basic_1BT,3990992,869050071730425,96
basic_1BT,4185897,869050075976648,96
basic_1BT,4211175,869050080281927,96
basic_1BT,3834429,869050084177037,96
basic_1BT,4139745,869050088377609,96
basic_1BT,4294219,869050092747268,96
basic_1BT,3928247,869050096735825,96
basic_1BT,3985386,869050100782113,96
basic_1BT,3367446,869050104209769,96
basic_1BT,3876942,869050108152780,96
basic_1BT,4184654,869050112398331,96
basic_1BT,3966451,869050116429643,96
basic_1BT,4232731,869050120722910,96
basic_1BT,4028692,869050124811992,96
basic_1BT,4018251,869050128890524,96
basic_1BT,4281084,869050133232178,96
basic_1BT,3728177,869050137020941,96
basic_1BT,3994731,869050141076213,96
basic_1BT,3983325,869050145120084,96
basic_1BT,3768791,869050148949442,96
basic_1BT,3948344,869050152958216,96
basic_1BT,4257479,869050157276962,96
basic_1BT,4312342,869050161650396,96
basic_1BT,4253489,869050165964747,96
basic_1BT,3968471,869050169993979,96
basic_1BT,3974273,869050174025712,96
basic_1BT,3804198,869050177890085,96
basic_1BT,3787850,869050181738346,96
basic_1BT,4115438,869050185914209,96
basic_1BT,4226632,869050190201182,96
basic_1BT,3947858,869050194227422,96
basic_1BT,3869680,869050198157739,96
basic_1BT,3828320,869050202047136,96
basic_1BT,4179563,869050206283932,96
basic_1BT,4039996,869050210383994,96
basic_1BT,4188988,869050214633599,96
basic_1BT,3717386,869050218410834,96
basic_1BT,4185792,869050222656695,96
basic_1BT,3858355,869050226572032,96
basic_1BT,4527798,869050231160602,96
basic_1BT,4473196,869050235694103,96
basic_1BT,4224894,869050239979337,96
basic_1BT,4090510,869050244173543,96
basic_1BT,4271100,869050248507088,96
basic_1BT,3890544,869050252458430,96
basic_1BT,3895701,869050256414717,96
basic_1BT,4208930,869050260684007,96
basic_1BT,4098589,869050264842837,96
basic_1BT,4228125,869050269131453,96
basic_1BT,4032140,869050273224038,96
basic_1BT,3962342,869050277243869,96
basic_1BT,4283269,869050281587884,96
basic_1BT,4830402,869050286478907,96
basic_1BT,4824774,869050291363561,96
basic_1BT,4023619,869050295447871,96
basic_1BT,3972429,869050299478261,96
basic_1BT,4194372,869050303733384,96
basic_1BT,3854821,869050307648475,96
basic_1BT,4198872,869050311908159,96
basic_1BT,3905264,869050315873568,96
basic_1BT,4111323,869050320045848,96
basic_1BT,4208078,869050324318346,96
basic_1BT,4118716,869050328497423,96
basic_1BT,4147402,869050332710052,96
basic_1BT,4155867,869050336925698,96
basic_1BT,3999785,869050341007909,96
basic_1BT,3968450,869050345036644,96
basic_1BT,3766245,869050348863331,96
basic_1BT,4230973,869050353151301,96
basic_1BT,4110672,869050357322739,96
basic_1BT,4147928,869050361527905,96
basic_1BT,4071370,869050365659481,96
basic_1BT,4244103,869050369964516,96
basic_1BT,4100543,869050374125459,96
basic_1BT,3909277,869050378092245,96
basic_1BT,4249756,869050382402091,96
basic_1BT,4227555,869050386690392,96
basic_1BT,4184644,869050390934855,96
basic_1BT,4313328,869050395305692,96
basic_1BT,4153391,869050399519966,96
basic_1BT,4222622,869050403803795,96
basic_1BT,5074015,869050408938411,96
basic_1BT,5320575,869050414319166,96
basic_1BT,5045453,869050419426438,96
basic_1BT,3699168,869050423186664,96
basic_1BT,4414825,869050427659133,96
basic_1BT,4351231,869050432071182,96
basic_1BT,4157350,869050436290581,96
basic_1BT,4069296,869050440420714,96
basic_1BT,4012328,869050444493257,96
basic_1BT,4015279,869050448569197,96
basic_1BT,4116300,869050452746746,96
basic_1BT,3891035,869050456698342,96
basic_1BT,4034379,869050460793667,96
basic_1BT,3913107,869050464767546,96
basic_1BT,4164372,869050468992559,96
basic_1BT,4281153,869050473333747,96
basic_1BT,3849931,869050477244324,96
basic_1BT,3950199,869050481251831,96
basic_1BT,4215261,869050485528078,96
basic_1BT,4156945,869050489745964,96
basic_1BT,3818727,869050493624610,96
basic_1BT,4126940,869050497812051,96
basic_1BT,4086756,869050501959373,96
basic_1BT,4191791,869050506211339,96
basic_1BT,4149603,869050510421382,96
basic_1BT,3986809,869050514468326,96
basic_1BT,4264906,869050518793662,96
basic_1BT,4021875,869050522876118,96
basic_1BT,4033904,869050526970883,96
basic_1BT,3883543,869050530911805,96
basic_1BT,4261628,869050535233814,96
basic_1BT,4462707,869050539763331,96
basic_1BT,4597355,869050544418796,96
basic_1BT,4552570,869050549032494,96
basic_1BT,4214379,869050553307178,96
basic_1BT,4034154,869050557402669,96
basic_1BT,4074639,869050561537483,96
basic_1BT,4258933,869050565854155,96
basic_1BT,3795272,869050569709938,96
basic_1BT,3965724,869050573736328,96
basic_1BT,4018727,869050577816148,96
basic_1BT,3896428,869050581773131,96
basic_1BT,4178194,869050586008864,96
basic_1BT,3709679,869050589778387,96
basic_1BT,3854531,869050593698310,96
basic_1BT,3995844,869050597756589,96
basic_1BT,4251299,869050602069933,96
basic_1BT,4125968,869050606258401,96
basic_1BT,4130467,869050610451334,96
basic_1BT,3786782,869050614300597,96
basic_1BT,4106196,869050618469113,96
basic_1BT,3869962,869050622401190,96
basic_1BT,4006564,869050626467017,96
basic_1BT,4015896,869050630545664,96
basic_1BT,3774308,869050634382939,96
basic_1BT,3995304,869050638440849,96
basic_1BT,4113698,869050642616938,96
basic_1BT,3755414,869050646431936,96
basic_1BT,3726874,869050650220543,96
basic_1BT,3714640,869050653997603,96
basic_1BT,4463994,869050658542360,96
basic_1BT,4174311,869050662777878,96
basic_1BT,2963746,869050665801779,96
basic_1BT,3127392,869050668988975,96
basic_1BT,2036041,869050671082530,96
basic_1BT,4176365,869050675306932,96
basic_1BT,3420120,869050678788259,96
basic_1BT,2659408,869050681518787,96
basic_1BT,3399737,869050684978538,96
basic_1BT,1964188,869050687002992,96
basic_1BT,3944765,869050691005070,96
basic_1BT,4149412,869050695214762,96
basic_1BT,3981998,869050699254239,96
basic_1BT,4048081,869050703362891,96
basic_1BT,3772925,869050707196246,96
basic_1BT,4035261,869050711292224,96
basic_1BT,4227213,869050715579502,96
basic_1BT,4237747,869050719878061,96
basic_1BT,4255545,869050724194538,96
basic_1BT,3851979,869050728106737,96
basic_1BT,4087252,869050732254831,96
basic_1BT,3942045,869050736257522,96
basic_1BT,4355732,869050740674176,96
basic_1BT,3948820,869050744687671,96
basic_1BT,4090009,869050748838532,96
basic_1BT,4015399,869050752914818,96
basic_1BT,3993609,869050756968833,96
basic_1BT,3911624,869050760941048,96
basic_1BT,4188387,869050765189966,96
basic_1BT,3788211,869050769038603,96
basic_1BT,4112110,869050773211270,96
basic_1BT,4400100,869050777671781,96
basic_1BT,4724055,869050782453279,96
basic_1BT,4890999,869050787404755,96
basic_1BT,4744232,869050792209452,96
basic_1BT,4101902,869050796372180,96
basic_1BT,4248388,869050800680683,96
basic_1BT,3891386,869050804632289,96
basic_1BT,3826956,869050808519896,96
basic_1BT,3655568,869050812236591,96
basic_1BT,3650996,869050815948584,96
basic_1BT,3790947,869050819826815,96
basic_1BT,3960147,869050823847778,96
basic_1BT,4025413,869050827933742,96
basic_1BT,4077805,869050832072775,96
basic_1BT,4183852,869050836323734,96
basic_1BT,4313669,869050840697708,96
basic_1BT,4145829,869050844903672,96
basic_1BT,4221766,869050849177960,96
basic_1BT,4333315,869050853571400,96
basic_1BT,4222286,869050857854308,96
basic_1BT,3892980,869050861807644,96
basic_1BT,4036839,869050865905250,96
basic_1BT,3892513,869050869858881,96
basic_1BT,3898187,869050873817283,96
basic_1BT,4094869,869050877972514,96
basic_1BT,4221630,869050882252154,96
basic_1BT,4321554,869050886634153,96
basic_1BT,3784086,869050890476470,96
basic_1BT,4132884,869050894670490,96
basic_1BT,4170717,869050898902158,96
basic_1BT,2628415,869050901612018,96
basic_1BT,3881909,869050905562567,96
basic_1BT,3923807,869050909553686,96
basic_1BT,1954736,869050911569314,96
basic_1BT,3490593,869050915118368,96
basic_1BT,3026240,869050918204618,96
basic_1BT,2483239,869050920716443,96
basic_1BT,1773883,869050922518830,96
basic_1BT,3258997,869050925805178,96
basic_1BT,1902971,869050927736775,96
basic_1BT,2222432,869050929987136,96
basic_1BT,2967410,869050933013593,96
basic_1BT,3783025,869050936867410,96
basic_1BT,3222778,869050940146750,96
basic_1BT,2178806,869050942372331,96
basic_1BT,3345031,869050945749693,96
basic_1BT,2047156,869050947833912,96
basic_1BT,2128204,869050949997269,96
basic_1BT,3641493,869050953674127,96
basic_1BT,1779711,869050955498959,96
basic_1BT,3355784,869050958887904,96
basic_1BT,2250729,869050961175358,96
basic_1BT,1623234,869050962836055,96
basic_1BT,2181955,869050965052059,96
basic_1BT,3604193,869050968693541,96
basic_1BT,1594246,869050970323941,96
basic_1BT,2268418,869050972625159,96
basic_1BT,3857412,869050976517428,96
basic_1BT,1758407,869050978311288,96
basic_1BT,2181205,869050980524433,96
basic_1BT,4215948,869050984770335,96
basic_1BT,3742597,869050988559521,96
basic_1BT,3552370,869050992164734,96
basic_1BT,7876670,869051000095259,96
basic_1BT,2155540,869051002285973,96
basic_1BT,2011765,869051004329241,96
basic_1BT,2110552,869051006471268,96
basic_1BT,5559545,869051012069622,96
basic_1BT,2991759,869051015087562,96
basic_1BT,2248901,869051017359448,96
basic_1BT,2997251,869051020384384,96
basic_1BT,3266025,869051023674154,96
basic_1BT,2066121,869051025762284,96
basic_1BT,1894961,869051027680551,96
basic_1BT,3615562,869051031318113,96
basic_1BT,2042358,869051033383745,96
basic_1BT,1960982,869051035382964,96
basic_1BT,3516843,869051038928323,96
basic_1BT,2120337,869051041118894,96
basic_1BT,2427032,869051043604272,96
basic_1BT,3113267,869051046750955,96
basic_1BT,3509529,869051050298017,96
basic_1BT,2169695,869051052505700,96
basic_1BT,3200358,869051055746747,96
basic_1BT,2090332,869051057876120,96
basic_1BT,3786631,869051061715398,96
basic_1BT,2353878,869051064122159,96
basic_1BT,3503521,869051067678599,96
basic_1BT,3784323,869051071518611,96
basic_1BT,3434005,869051075005927,96
basic_1BT,3820680,869051078879888,96
basic_1BT,3927671,869051082861266,96
basic_1BT,3530970,869051086451904,96
basic_1BT,3943848,869051090448811,96
basic_1BT,4262127,869051094764884,96
basic_1BT,3502201,869051098326566,96
basic_1BT,3795076,869051102176393,96
basic_1BT,2159859,869051104396292,96
basic_1BT,3368242,869051107834913,96
basic_1BT,3522722,869051111415601,96
basic_1BT,2739359,869051114214929,96
basic_1BT,2672724,869051116948274,96
basic_1BT,3709037,869051120718012,96
basic_1BT,3991754,869051124769892,96
basic_1BT,2678227,869051127508193,96
basic_1BT,3145560,869051130710916,96
basic_1BT,3667374,869051134439006,96
basic_1BT,3891662,869051138391344,96
basic_1BT,4199303,869051142651926,96
basic_1BT,3855141,869051146567242,96
basic_1BT,4225629,869051150850826,96
basic_1BT,4195354,869051155107419,96
basic_1BT,4797831,869051159965571,96
basic_1BT,3933770,869051164030106,96
basic_1BT,4103034,869051168203132,96
basic_1BT,4173006,869051172437727,96
basic_1BT,3871399,869051176369893,96
basic_1BT,3716655,869051180146738,96
basic_1BT,3962872,869051184170367,96
basic_1BT,3945632,869051188176660,96
basic_1BT,4220117,869051192457524,96
basic_1BT,3816512,869051196335078,96
basic_1BT,3444751,869051199840821,96
basic_1BT,3864118,869051203763095,96
basic_1BT,4218558,869051208042684,96
basic_1BT,3953736,869051212061291,96
basic_1BT,3669160,869051215793568,96
basic_1BT,3924939,869051219776377,96
basic_1BT,3932958,869051223769600,96
basic_1BT,4130955,869051227958038,96
basic_1BT,3901930,869051231951938,96
basic_1BT,4038523,869051236082987,96
basic_1BT,4170166,869051240313839,96
basic_1BT,3955055,869051244330647,96
basic_1BT,3893647,869051248285200,96
basic_1BT,3829242,869051252175123,96
basic_1BT,4044963,869051256280623,96
basic_1BT,3932206,869051260273986,96
basic_1BT,4034800,869051264369719,96
basic_1BT,3963278,869051268393292,96
basic_1BT,3697881,869051272151899,96
basic_1BT,3945903,869051276158334,96
basic_1BT,4047074,869051280265532,96
basic_1BT,4774432,869051285100269,96
basic_1BT,4184168,869051289345195,96
basic_1BT,3857226,869051293261799,96
basic_1BT,4148345,869051297470555,96
basic_1BT,3992612,869051301520727,96
basic_1BT,3902251,869051305483854,96
basic_1BT,3724793,869051309268923,96
basic_1BT,4010930,869051313340328,96
basic_1BT,3870151,869051317271085,96
basic_1BT,3766816,869051321098522,96
basic_1BT,4050387,869051325209085,96
basic_1BT,3752448,869051329018972,96
basic_1BT,4225223,869051333304245,96
basic_1BT,3864694,869051337229695,96
basic_1BT,4028530,869051341315112,96
basic_1BT,4325983,869051345702328,96
basic_1BT,3945513,869051349704758,96
basic_1BT,3925175,869051353690769,96
basic_1BT,4264415,869051358016181,96
basic_1BT,4155075,869051362232760,96
basic_1BT,3860410,869051366153580,96
basic_1BT,3776123,869051369990464,96
basic_1BT,4122133,869051374173208,96
basic_1BT,3989606,869051378222668,96
basic_1BT,4103440,869051382383747,96
basic_1BT,3920954,869051386365474,96
basic_1BT,4194526,869051390620606,96
basic_1BT,4010909,869051394692207,96
basic_1BT,3808278,869051398560620,96
basic_1BT,3803502,869051402422022,96
basic_1BT,4218923,869051406700910,96
basic_1BT,4830568,869051411591713,96
basic_1BT,4553432,869051416205471,96
basic_1BT,4511886,869051420778214,96
basic_1BT,4296611,869051425135235,96
basic_1BT,4374611,869051429570572,96
basic_1BT,4218374,869051433849597,96
basic_1BT,3987801,869051437897482,96
basic_1BT,4082175,869051442040414,96
basic_1BT,4161460,869051446262394,96
basic_1BT,4200833,869051450523417,96
basic_1BT,3701464,869051454282084,96
basic_1BT,4185160,869051458527991,96
basic_1BT,3945056,869051462533517,96
basic_1BT,3981852,869051466575795,96
basic_1BT,4191300,869051470827756,96
basic_1BT,3962737,869051474850447,96
basic_1BT,3617018,869051478546489,96
basic_1BT,4163911,869051482791980,96
basic_1BT,4160072,869051487012988,96
basic_1BT,3774965,869051490848400,96
basic_1BT,4173944,869051495082954,96
basic_1BT,3767172,869051498910236,96
basic_1BT,3999543,869051502970677,96
basic_1BT,4152870,869051507183210,96
basic_1BT,3674280,869051510917390,96
basic_1BT,4019609,869051514994534,96
basic_1BT,3731795,869051518786835,96
basic_1BT,4193734,869051523041206,96
basic_1BT,4063372,869051527164848,96
basic_1BT,4114936,869051531340356,96
basic_1BT,4815974,869051536213322,96
basic_1BT,4650314,869051540947943,96
basic_1BT,3984407,869051544992650,96
basic_1BT,4363025,869051549415870,96
basic_1BT,3944816,869051553421713,96
basic_1BT,4005061,869051557486999,96
basic_1BT,4079143,869051561626533,96
basic_1BT,4067988,869051565755137,96
basic_1BT,4174119,869051569989862,96
basic_1BT,3881553,869051573931725,96
basic_1BT,3969438,869051577961409,96
basic_1BT,3724202,869051581743110,96
basic_1BT,4109444,869051585913220,96
basic_1BT,3709217,869051589683018,96
basic_1BT,3975166,869051593715898,96
basic_1BT,4115629,869051597891978,96
basic_1BT,4011014,869051601963112,96
basic_1BT,4196241,869051606217388,96
basic_1BT,4285895,869051610564005,96
basic_1BT,3794856,869051614419643,96
basic_1BT,4010157,869051618490436,96
basic_1BT,4056470,869051622606687,96
basic_1BT,3727805,869051626394361,96
basic_1BT,3575436,869051630030719,96
basic_1BT,3967654,869051634055917,96
basic_1BT,3944645,869051638061123,96
basic_1BT,4167113,869051642289203,96
basic_1BT,4045275,869051646395695,96
basic_1BT,3965298,869051650421203,96
basic_1BT,3921802,869051654403285,96
basic_1BT,4770002,869051659233823,96
basic_1BT,5039720,869051664333182,96
basic_1BT,4702104,869051669096188,96
basic_1BT,4075424,869051673232074,96
basic_1BT,3971579,869051677264108,96
basic_1BT,3723039,869051681047793,96
basic_1BT,4246799,869051685355298,96
basic_1BT,4134578,869051689550201,96
basic_1BT,3770028,869051693380976,96
basic_1BT,4039506,869051697481233,96
basic_1BT,4103791,869051701645656,96
basic_1BT,3809530,869051705516208,96
basic_1BT,4211091,869051709788261,96
basic_1BT,4278443,869051714127435,96
basic_1BT,4024421,869051718212061,96
basic_1BT,4343018,869051722615023,96
basic_1BT,3890614,869051726566018,96
basic_1BT,3816041,869051730442976,96
basic_1BT,4375197,869051734878800,96
basic_1BT,4119046,869051739058437,96
basic_1BT,4155773,869051743274284,96
basic_1BT,3776113,869051747110196,96
basic_1BT,3927841,869051751095651,96
basic_1BT,4326876,869051755483063,96
basic_1BT,3900753,869051759444847,96
basic_1BT,4381191,869051763883823,96
basic_1BT,4108322,869051768053172,96
basic_1BT,3851358,869051771968128,96
basic_1BT,3882936,869051775965491,96
basic_1BT,4048222,869051780109365,96
basic_1BT,4186629,869051784356585,96
basic_1BT,4106451,869051788522695,96
basic_1BT,3802044,869051792385335,96
basic_1BT,3916138,869051796361990,96
basic_1BT,4103224,869051800525660,96
basic_1BT,3692083,869051804278223,96
basic_1BT,4030039,869051808368357,96
basic_1BT,4073791,869051812502663,96
basic_1BT,4072814,869051816636444,96
basic_1BT,4400782,869051821097442,96
basic_1BT,4178355,869051825336092,96
basic_1BT,3734886,869051829131023,96
basic_1BT,3939238,869051833131223,96
basic_1BT,4154279,869051837345822,96
basic_1BT,3695866,869051841101793,96
basic_1BT,3867350,869051845026461,96
basic_1BT,3894157,869051848981515,96
basic_1BT,4121472,869051853163558,96
basic_1BT,3839521,869051857063545,96
basic_1BT,4006318,869051861130349,96
basic_1BT,4003077,869051865194378,96
basic_1BT,4097337,869051869349479,96
basic_1BT,3847343,869051873257474,96
basic_1BT,4146785,869051877465001,96
basic_1BT,4344947,869051881870514,96
basic_1BT,4037265,869051885968445,96
basic_1BT,3882119,869051889908404,96
basic_1BT,4094009,869051894062528,96
basic_1BT,3869976,869051897992744,96
basic_1BT,4021228,869051902072003,96
basic_1BT,4854144,869051907013811,96
basic_1BT,4789317,869051911864029,96
basic_1BT,4735752,869051916660187,96
basic_1BT,4469261,869051921189764,96
basic_1BT,3922439,869051925173049,96
basic_1BT,4422217,869051929655862,96
basic_1BT,4266214,869051933979520,96
basic_1BT,3891697,869051937949615,96
basic_1BT,3791499,869051941801369,96
basic_1BT,4136486,869051945998331,96
basic_1BT,3810629,869051949869526,96
basic_1BT,4272323,869051954202430,96
basic_1BT,3871625,869051958134355,96
basic_1BT,4025865,869051962221092,96
basic_1BT,3935649,869051966216821,96
basic_1BT,4094965,869051970371740,96
basic_1BT,3906432,869051974338257,96
basic_1BT,3942931,869051978341634,96
basic_1BT,3716864,869051982118268,96
basic_1BT,4179763,869051986358908,96
basic_1BT,3904872,869051990324611,96
basic_1BT,3869606,869051994252212,96
basic_1BT,2588262,869051996900979,96
basic_1BT,3859612,869052000820791,96
basic_1BT,3983346,869052004864132,96
basic_1BT,4107529,869052009031345,96
basic_1BT,2252461,869052011343655,96
basic_1BT,3406077,869052014806784,96
basic_1BT,3027249,869052017894468,96
basic_1BT,4014442,869052021966339,96
basic_1BT,3416109,869052025444930,96
basic_1BT,3461376,869052028966881,96
basic_1BT,3686980,869052032714492,96
basic_1BT,4378029,869052037152987,96
basic_1BT,4204460,869052041417588,96
basic_1BT,4437167,869052045916127,96
basic_1BT,4718081,869052050695130,96
basic_1BT,4259834,869052055015736,96
basic_1BT,4252266,869052059328488,96
basic_1BT,4520462,869052063909190,96
basic_1BT,4359907,869052068330309,96
basic_1BT,4353427,869052072744247,96
basic_1BT,4312377,869052077117952,96
basic_1BT,4302764,869052081481051,96
basic_1BT,4300689,869052085842837,96
basic_1BT,4282728,869052090182683,96
basic_1BT,4549434,869052094792793,96
basic_1BT,5207170,869052100060263,96
basic_1BT,4784932,869052104905707,96
basic_1BT,4436109,869052109401831,96
basic_1BT,4305675,869052113767852,96
basic_1BT,4350300,869052118178973,96
basic_1BT,4360694,869052122606432,96
basic_1BT,4264284,869052126931052,96
basic_1BT,4584551,869052131575317,96
basic_1BT,4473578,869052136108829,96
basic_1BT,4609809,869052140780597,96
basic_1BT,4317473,869052145158446,96
basic_1BT,4539725,869052149758482,96
basic_1BT,4692432,869052154510969,96
basic_1BT,5503721,869052160072143,96
basic_1BT,4879793,869052165012371,96
basic_1BT,3343836,869052168416793,96
basic_1BT,4601861,869052173078668,96
basic_1BT,4824058,869052177962451,96
basic_1BT,4462456,869052182481955,96
basic_1BT,4336136,869052186877805,96
basic_1BT,4751428,869052191703501,96
basic_1BT,4395039,869052196158486,96
basic_1BT,4163319,869052200381559,96
basic_1BT,4539881,869052204981008,96
basic_1BT,4461324,869052209492353,96
basic_1BT,4467202,869052214007412,96
basic_1BT,4257408,869052218311449,96
basic_1BT,4410054,869052222768156,96
basic_1BT,4350791,869052227170237,96
basic_1BT,4642885,869052231861269,96
basic_1BT,4751279,869052236673245,96
basic_1BT,4848639,869052241581985,96
basic_1BT,4773656,869052246416472,96
basic_1BT,4414900,869052250892074,96
basic_1BT,5210362,869052256162215,96
basic_1BT,4589829,869052260812063,96
basic_1BT,4898781,869052265771155,96
basic_1BT,4574251,869052270405712,96
basic_1BT,4753314,869052275220413,96
basic_1BT,4847472,869052280128888,96
basic_1BT,5902300,869052286091678,96
basic_1BT,5063786,869052291217187,96
basic_1BT,4922477,869052296197083,96
basic_1BT,5453869,869052301712255,96
basic_1BT,4763938,869052306536693,96
basic_1BT,5176709,869052311771463,96
basic_1BT,4892764,869052316724707,96
basic_1BT,5434288,869052322218614,96
basic_1BT,4918352,869052327197838,96
basic_1BT,4563286,869052331821800,96
basic_1BT,5548937,869052337430406,96
basic_1BT,4819172,869052342310865,96
basic_1BT,4917145,869052347285423,96
basic_1BT,4839314,869052352185142,96
basic_1BT,5015239,869052357260922,96
basic_1BT,4714096,869052362035990,96
basic_1BT,5384538,869052367478503,96
basic_1BT,5073620,869052372613425,96
basic_1BT,5210944,869052377884881,96
basic_1BT,5449093,869052383394925,96
basic_1BT,4870826,869052388322780,96
basic_1BT,5068883,869052393451737,96
basic_1BT,5018386,869052398531150,96
basic_1BT,4977591,869052403566746,96
basic_1BT,6016865,869052409644889,96
basic_1BT,5051788,869052414756997,96
basic_1BT,5914643,869052420732757,96
basic_1BT,5258946,869052426051949,96
basic_1BT,5473730,869052431585639,96
basic_1BT,5281423,869052436928304,96
basic_1BT,5478827,869052442467973,96
basic_1BT,5816203,869052448363179,96
basic_1BT,5414233,869052453838520,96
basic_1BT,5067414,869052458965828,96
basic_1BT,5134932,869052464157913,96
basic_1BT,5910714,869052470128547,96
basic_1BT,5105668,869052475294761,96
basic_1BT,5143432,869052480495536,96
basic_1BT,5285938,869052485842456,96
basic_1BT,5398351,869052491301599,96
basic_1BT,5327886,869052496686763,96
basic_1BT,5295355,869052502043130,96
basic_1BT,5826286,869052507930008,96
basic_1BT,5290333,869052513278065,96
basic_1BT,5199357,869052518538305,96
basic_1BT,5174303,869052523770278,96
basic_1BT,5274712,869052529106117,96
basic_1BT,5892265,869052535059419,96
basic_1BT,6193146,869052541310094,96
basic_1BT,5537674,869052546908485,96
basic_1BT,5678483,869052552647523,96
basic_1BT,5668560,869052558376654,96
basic_1BT,6167320,869052564605277,96
basic_1BT,5601293,869052570267311,96
basic_1BT,6233509,869052576560731,96
basic_1BT,5666069,869052582287095,96
basic_1BT,5750054,869052588097519,96
basic_1BT,6310338,869052594468559,96
basic_1BT,5349783,869052599878617,96
basic_1BT,6018624,869052605954675,96
basic_1BT,5023083,869052611046598,96
basic_1BT,5748400,869052616852612,96
basic_1BT,5613706,869052622526132,96
basic_1BT,5847450,869052628434745,96
basic_1BT,5764869,869052634260907,96
basic_1BT,5844594,869052640166082,96
basic_1BT,5850999,869052646077281,96
basic_1BT,5818298,869052651956090,96
basic_1BT,5473836,869052657515275,96
basic_1BT,4634272,869052662210378,96
basic_1BT,4230862,869052666501460,96
basic_1BT,4260631,869052670822281,96
basic_1BT,4229669,869052675113002,96
basic_1BT,4077660,869052679251514,96
basic_1BT,4089783,869052683401412,96
basic_1BT,3644983,869052687107101,96
basic_1BT,3912144,869052691079481,96
basic_1BT,4362523,869052695502123,96
basic_1BT,3924448,869052699487058,96
basic_1BT,3900588,869052703447891,96
basic_1BT,3901429,869052707409635,96
basic_1BT,3670341,869052711140312,96
basic_1BT,4016592,869052715214705,96
basic_1BT,4120560,869052719395204,96
basic_1BT,3578222,869052723033967,96
basic_1BT,4053072,869052727146930,96
basic_1BT,3951180,869052731159167,96
basic_1BT,3593462,869052734809567,96
basic_1BT,3981180,869052738852069,96
basic_1BT,3675419,869052742587839,96
basic_1BT,3760761,869052746409968,96
basic_1BT,3828911,869052750298794,96
basic_1BT,4248231,869052754612945,96
basic_1BT,3586191,869052758260167,96
basic_1BT,3917212,869052762238180,96
basic_1BT,4059086,869052766357748,96
basic_1BT,3687291,869052770105840,96
basic_1BT,3967990,869052774134246,96
basic_1BT,4177783,869052778372279,96
basic_1BT,4111073,869052782541246,96
basic_1BT,4490206,869052787092108,96
basic_1BT,4781594,869052791934298,96
basic_1BT,3991740,869052795986188,96
basic_1BT,4048397,869052800125491,96
basic_1BT,4260406,869052804446112,96
basic_1BT,3644040,869052808150012,96
basic_1BT,3985555,869052812196383,96
basic_1BT,3859522,869052816117154,96
basic_1BT,4020236,869052820198121,96
basic_1BT,4186393,869052824444789,96
basic_1BT,3630399,869052828135704,96
basic_1BT,4143698,869052832340715,96
basic_1BT,3664649,869052836067123,96
basic_1BT,3912645,869052840044374,96
basic_1BT,3773196,869052843882651,96
basic_1BT,3885648,869052847825838,96
basic_1BT,3873690,869052851760525,96
basic_1BT,4364062,869052856193823,96
basic_1BT,4030160,869052860284053,96
basic_1BT,4283484,869052864627817,96
basic_1BT,3663912,869052868352214,96
basic_1BT,4085528,869052872497927,96
basic_1BT,3907955,869052876466398,96
basic_1BT,3701459,869052880228137,96
basic_1BT,3871545,869052884160198,96
basic_1BT,4003934,869052888224422,96
basic_1BT,3997999,869052892282661,96
basic_1BT,3852906,869052896196891,96
basic_1BT,3855062,869052900112399,96
basic_1BT,4011169,869052904184290,96
basic_1BT,5075994,869052909321001,96
basic_1BT,4697343,869052914079552,96
basic_1BT,4878925,869052919018452,96
basic_1BT,5041379,869052924120196,96
basic_1BT,4661160,869052928842237,96
basic_1BT,5009153,869052933911916,96
basic_1BT,4748452,869052938745396,96
basic_1BT,4600072,869052943403367,96
basic_1BT,4880300,869052948343957,96
basic_1BT,4409002,869052952813865,96
basic_1BT,4543405,869052957418307,96
basic_1BT,4842906,869052962340548,96
basic_1BT,4553988,869052966955815,96
basic_1BT,4765051,869052971783717,96
basic_1BT,4649917,869052976494546,96
basic_1BT,4834346,869052981389348,96
basic_1BT,4249541,869052985699385,96
basic_1BT,4103345,869052989863376,96
basic_1BT,4216362,869052994140319,96
basic_1BT,4363456,869052998564532,96
basic_1BT,4026331,869053002651689,96
basic_1BT,4047875,869053006760280,96
basic_1BT,3743718,869053010564419,96
basic_1BT,4163290,869053014785509,96
basic_1BT,4056571,869053018902660,96
basic_1BT,4038870,869053022999705,96
basic_1BT,3763543,869053026824025,96
basic_1BT,4851140,869053031735516,96
basic_1BT,5219213,869053037012548,96
basic_1BT,5782079,869053042855780,96
basic_1BT,4932625,869053047849552,96
basic_1BT,3658299,869053051570206,96
basic_1BT,3827752,869053055459909,96
basic_1BT,4950567,869053060471352,96
basic_1BT,4552948,869053065085257,96
basic_1BT,3638923,869053068785282,96
basic_1BT,3783815,869053072627539,96
basic_1BT,4272810,869053076961205,96
basic_1BT,4313920,869053081336232,96
basic_1BT,3044539,869053084442164,96
basic_1BT,2780981,869053087283907,96
basic_1BT,3897651,869053091251756,96
basic_1BT,3422444,869053094734941,96
basic_1BT,3863908,869053098679802,96
basic_1BT,2281052,869053101025986,96
basic_1BT,4090394,869053105169814,96
basic_1BT,3028717,869053108250322,96
basic_1BT,4056251,869053112367179,96
basic_1BT,3046068,869053115474304,96
basic_1BT,4336472,869053119862461,96
basic_1BT,3929064,869053123852236,96
basic_1BT,4420534,869053128326856,96
basic_1BT,3183056,869053131560556,96
basic_1BT,2900528,869053134508891,96
basic_1BT,3146367,869053137705710,96
basic_1BT,3318052,869053141084272,96
basic_1BT,3131366,869053144277077,96
basic_1BT,3454117,869053147789786,96
basic_1BT,3201891,869053151049927,96
basic_1BT,3821443,869053154932678,96
basic_1BT,4628778,869053159635794,96
basic_1BT,4184815,869053163881381,96
basic_1BT,3441965,869053167383711,96
basic_1BT,3912495,869053171358276,96
basic_1BT,4266059,869053175685317,96
basic_1BT,3347620,869053179093918,96
basic_1BT,3991133,869053183145663,96
basic_1BT,4334168,869053187545478,96
basic_1BT,3952899,869053191558838,96
basic_1BT,4037115,869053195668733,96
basic_1BT,3793464,869053199523690,96
basic_1BT,3170949,869053202748223,96
basic_1BT,2909940,869053205719476,96
basic_1BT,4364834,869053210144801,96
basic_1BT,4732314,869053214953097,96
basic_1BT,4252332,869053219268942,96
basic_1BT,4727162,869053224056861,96
basic_1BT,3872287,869053227991743,96
basic_1BT,3766486,869053231852052,96
basic_1BT,3538835,869053235448812,96
basic_1BT,3224899,869053238727682,96
basic_1BT,3179298,869053241967661,96
basic_1BT,4292059,869053246320818,96
basic_1BT,4461143,869053250856935,96
basic_1BT,3830664,869053254749263,96
basic_1BT,3328245,869053258137984,96
basic_1BT,4666786,869053262865568,96
basic_1BT,4837985,869053267765101,96
basic_1BT,3213558,869053271039330,96
basic_1BT,2925447,869053274026140,96
basic_1BT,4363185,869053278481545,96
basic_1BT,3785977,869053282350284,96
basic_1BT,3279912,869053285688282,96
basic_1BT,2915448,869053288664446,96
basic_1BT,4738068,869053293475118,96
basic_1BT,4020427,869053297556416,96
basic_1BT,3929079,869053301545825,96
basic_1BT,3916981,869053305537435,96
basic_1BT,3482123,869053309080230,96
basic_1BT,3372012,869053312512482,96
basic_1BT,4594169,869053317163934,96
basic_1BT,3348171,869053320573783,96
basic_1BT,4037025,869053324665771,96
basic_1BT,3658649,869053328385082,96
basic_1BT,3228954,869053331675503,96
basic_1BT,4645677,869053336371918,96
basic_1BT,4203233,869053340635938,96
basic_1BT,4663183,869053345372261,96
basic_1BT,4444925,869053349878143,96
basic_1BT,4468405,869053354407124,96
basic_1BT,4623651,869053359091727,96
basic_1BT,3882341,869053363034784,96
basic_1BT,3008651,869053366104823,96
basic_1BT,4098990,869053370264649,96
basic_1BT,4031618,869053374369402,96
basic_1BT,3610427,869053378040445,96
basic_1BT,4953859,869053383055142,96
basic_1BT,4057769,869053387173532,96
basic_1BT,3197906,869053390425529,96
basic_1BT,4225609,869053394711784,96
basic_1BT,3799929,869053398572645,96
basic_1BT,4409142,869053403042217,96
basic_1BT,4064454,869053407185735,96
basic_1BT,3447813,869053410708628,96
basic_1BT,4910204,869053415693747,96
basic_1BT,4956626,869053420711971,96
basic_1BT,3462568,869053424236283,96
basic_1BT,3432108,869053427729728,96
basic_1BT,3711422,869053431498564,96
basic_1BT,3914991,869053435474451,96
basic_1BT,4908981,869053440444715,96
basic_1BT,4938249,869053445444432,96
basic_1BT,4301226,869053449806635,96
basic_1BT,4688828,869053454555307,96
basic_1BT,3609935,869053458226746,96
basic_1BT,2564502,869053460851944,96
basic_1BT,4917119,869053465830210,96
basic_1BT,3541411,869053469433160,96
basic_1BT,5277915,869053474784712,96
basic_1BT,4524886,869053479370710,96
basic_1BT,3162854,869053482609546,96
basic_1BT,3920309,869053486590501,96
basic_1BT,3546327,869053490199370,96
basic_1BT,5075118,869053495335905,96
basic_1BT,4569565,869053499967149,96
basic_1BT,3347119,869053503401616,96
basic_1BT,3708260,869053507170543,96
basic_1BT,3569331,869053510800911,96
basic_1BT,3203109,869053514065247,96
basic_1BT,4702656,869053518829090,96
basic_1BT,3437149,869053522327401,96
basic_1BT,3499759,869053525889731,96
basic_1BT,5640519,869053531633169,96
basic_1BT,3587083,869053535282021,96
basic_1BT,3686975,869053539030690,96
basic_1BT,3665102,869053542771994,96
basic_1BT,3624135,869053546472154,96
basic_1BT,4310509,869053550845425,96
basic_1BT,4076372,869053554977274,96
basic_1BT,5051378,869053560108530,96
basic_1BT,4555683,869053564738195,96
basic_1BT,5438747,869053570211155,96
basic_1BT,4338680,869053574646968,96
basic_1BT,4501418,869053579221483,96
basic_1BT,3379265,869053582639523,96
basic_1BT,4015747,869053586693643,96
basic_1BT,3666481,869053590397561,96
basic_1BT,3269719,869053593703112,96
basic_1BT,4893321,869053598635085,96
basic_1BT,3237991,869053601911349,96
basic_1BT,3567189,869053605515861,96
basic_1BT,3912039,869053609808730,96
basic_1BT,4547210,869053614403747,96
basic_1BT,3750192,869053618207522,96
basic_1BT,3537645,869053621788207,96
basic_1BT,3177956,869053625017623,96
basic_1BT,3060517,869053628117370,96
basic_1BT,3591444,869053631747474,96
basic_1BT,8335383,869053640143807,96
basic_1BT,3987930,869053644178764,96
basic_1BT,3922479,869053648159716,96
basic_1BT,3615761,869053651804414,96
basic_1BT,4292423,869053656124897,96
basic_1BT,4826697,869053660981159,96
basic_1BT,3318886,869053664343417,96
basic_1BT,3801605,869053668191759,96
basic_1BT,3677715,869053671909987,96
basic_1BT,5585953,869053677543655,96
basic_1BT,5053153,869053682647377,96
basic_1BT,3965466,869053686664198,96
basic_1BT,4126682,869053690846177,96
basic_1BT,4812650,869053695722615,96
basic_1BT,5135739,869053700914264,96
basic_1BT,4619662,869053705594350,96
basic_1BT,3651379,869053709279651,96
basic_1BT,3527391,869053712841271,96
basic_1BT,4812391,869053717715589,96
basic_1BT,4271817,869053722042105,96
basic_1BT,4006822,869053726103927,96
basic_1BT,4085350,869053730244606,96
basic_1BT,4236188,869053734541340,96
basic_1BT,3575325,869053738178695,96
basic_1BT,4110451,869053742349983,96
basic_1BT,4855346,869053747265965,96
basic_1BT,3772956,869053751099953,96
basic_1BT,5244988,869053756406379,96
basic_1BT,4082571,869053760549837,96
basic_1BT,4207042,869053764811561,96
basic_1BT,4504844,869053769376856,96
basic_1BT,5057947,869053774496642,96
basic_1BT,4794840,869053779352705,96
basic_1BT,4360814,869053783774521,96
basic_1BT,4058405,869053787900117,96
basic_1BT,4714348,869053792677327,96
basic_1BT,4934009,869053797672984,96
basic_1BT,4263197,869053801997178,96
basic_1BT,4674815,869053806732856,96
basic_1BT,5142163,869053811936637,96
basic_1BT,4608186,869053816605745,96
basic_1BT,4938725,869053821605652,96
basic_1BT,4040203,869053825707914,96
basic_1BT,4630402,869053830399765,96
basic_1BT,4455099,869053834915895,96
basic_1BT,3831562,869053838808790,96
basic_1BT,4885471,869053843756551,96
basic_1BT,4644274,869053848462153,96
basic_1BT,4289749,869053852813982,96
basic_1BT,4975646,869053857851055,96
basic_1BT,5395017,869053863320306,96
basic_1BT,4283349,869053867665473,96
basic_1BT,5949783,869053873676435,96
basic_1BT,3980619,869053877718708,96
basic_1BT,4849918,869053882630800,96
basic_1BT,3727455,869053886439193,96
basic_1BT,4670105,869053891169744,96
basic_1BT,3582150,869053894813323,96
basic_1BT,4837063,869053899723116,96
basic_1BT,3731930,869053903516228,96
basic_1BT,3951927,869053907529923,96
basic_1BT,4818550,869053912419570,96
basic_1BT,4265311,869053916746425,96
basic_1BT,4101691,869053920909152,96
basic_1BT,5304742,869053926275022,96
basic_1BT,5510201,869053931845794,96
basic_1BT,3704783,869053935611759,96
basic_1BT,3610005,869053939280131,96
basic_1BT,3401816,869053942743144,96
basic_1BT,5181771,869053947986107,96
basic_1BT,3923044,869053951993242,96
basic_1BT,5285208,869053957364390,96
basic_1BT,3937137,869053961366940,96
basic_1BT,4724466,869053966149305,96
basic_1BT,3547937,869053969758750,96
basic_1BT,3961595,869053973781808,96
basic_1BT,3569967,869053977413143,96
basic_1BT,4010112,869053981483997,96
basic_1BT,4624178,869053986169017,96
basic_1BT,3865942,869053990096442,96
basic_1BT,3984237,869053994133542,96
basic_1BT,3584096,869053997778630,96
basic_1BT,4517162,869054002363872,96
basic_1BT,3870698,869054006307069,96
basic_1BT,5159594,869054011529138,96
basic_1BT,5334055,869054016952241,96
basic_1BT,4596258,869054021617750,96
basic_1BT,4155230,869054025833887,96
basic_1BT,3833968,869054029729473,96
basic_1BT,5075574,869054034865738,96
basic_1BT,5120478,869054040048110,96
basic_1BT,3447042,869054043558866,96
basic_1BT,3818812,869054047438484,96
basic_1BT,3477889,869054050978427,96
basic_1BT,3165190,869054054203922,96
basic_1BT,4323207,869054058587304,96
basic_1BT,3648390,869054062296236,96
basic_1BT,3663681,869054066017235,96
basic_1BT,4139122,869054070217175,96
basic_1BT,3525349,869054073803526,96
basic_1BT,3874187,869054077743841,96
basic_1BT,3878044,869054081682437,96
basic_1BT,3876351,869054085619810,96
basic_1BT,3480259,869054089161542,96
basic_1BT,3477742,869054092699716,96
basic_1BT,3952087,869054096710675,96
basic_1BT,3521771,869054100293388,96
basic_1BT,4247380,869054104601554,96
basic_1BT,3555415,869054108218016,96
basic_1BT,4245009,869054112537734,96
basic_1BT,4696901,869054117295929,96
basic_1BT,5134722,869054122491412,96
basic_1BT,4799325,869054127351588,96
basic_1BT,3764811,869054131177508,96
basic_1BT,5262720,869054136501595,96
basic_1BT,4387732,869054140950564,96
basic_1BT,4105174,869054145117341,96
basic_1BT,5846409,869054151024712,96
basic_1BT,2914442,869054153999945,96
basic_1BT,5548404,869054159609327,96
basic_1BT,5345116,869054165016292,96
basic_1BT,3828930,869054168925639,96
basic_1BT,4765452,869054173752850,96
basic_1BT,4707311,869054178520802,96
basic_1BT,4280602,869054182861896,96
basic_1BT,4525292,869054187448425,96
basic_1BT,4598998,869054192121516,96
basic_1BT,4389882,869054196587576,96
basic_1BT,4619787,869054201279461,96
basic_1BT,5152282,869054206492520,96
basic_1BT,3562515,869054210116303,96
basic_1BT,3840067,869054214017492,96
basic_1BT,3719171,869054217797830,96
basic_1BT,3715848,869054221574444,96
basic_1BT,3852801,869054225487646,96
basic_1BT,4001171,869054229542507,96
basic_1BT,5108055,869054234726995,96
basic_1BT,4686437,869054239474444,96
basic_1BT,4118099,869054243653149,96
basic_1BT,3200192,869054246914002,96
basic_1BT,3738210,869054250736008,96
basic_1BT,5783597,869054256577900,96
basic_1BT,3944514,869054260584028,96
basic_1BT,4416323,869054265061083,96
basic_1BT,4800178,869054269922173,96
basic_1BT,5392186,869054275375190,96
basic_1BT,4374918,869054279811014,96
basic_1BT,5673461,869054285547271,96
basic_1BT,4452092,869054290060605,96
basic_1BT,5416853,869054295538651,96
basic_1BT,5041038,869054300640776,96
basic_1BT,5526945,869054306229269,96
basic_1BT,5492865,869054311783953,96
basic_1BT,5792173,869054317637574,96
basic_1BT,5678366,869054323377289,96
basic_1BT,3808268,869054327246353,96
basic_1BT,3932522,869054331239832,96
basic_1BT,4004379,869054335318113,96
basic_1BT,5373939,869054340761063,96
basic_1BT,5631563,869054346475508,96
basic_1BT,4305039,869054350842167,96
basic_1BT,4284502,869054355187485,96
basic_1BT,4289628,869054359537443,96
basic_1BT,4130649,869054363729520,96
basic_1BT,4008584,869054367798916,96
basic_1BT,5586984,869054373464378,96
basic_1BT,3438532,869054376963731,96
basic_1BT,4092144,869054381114126,96
basic_1BT,5075664,869054386250922,96
basic_1BT,4348701,869054390660264,96
basic_1BT,3759585,869054394481041,96
basic_1BT,4239953,869054398782151,96
basic_1BT,4028655,869054402872460,96
basic_1BT,4320360,869054407254204,96
basic_1BT,4797451,869054412112511,96
basic_1BT,5417214,869054417590913,96
basic_1BT,3418120,869054421070044,96
basic_1BT,4411968,869054425543550,96
basic_1BT,4739907,869054430344304,96
basic_1BT,5285101,869054435703478,96
basic_1BT,5764127,869054441542294,96
basic_1BT,3909559,869054445525940,96
basic_1BT,3751881,869054449338843,96
basic_1BT,4078807,869054453478452,96
basic_1BT,4055194,869054457595981,96
basic_1BT,4928120,869054462584867,96
basic_1BT,3948630,869054466591291,96
basic_1BT,4575810,869054471227978,96
basic_1BT,5180598,869054476472961,96
basic_1BT,5266488,869054481800447,96
basic_1BT,4572587,869054486433474,96
basic_1BT,4206950,869054490698240,96
basic_1BT,3795633,869054494554544,96
basic_1BT,5013554,869054499629246,96
basic_1BT,4949470,869054504653485,96
basic_1BT,5711840,869054510426122,96
basic_1BT,4705101,869054515200860,96
basic_1BT,4817537,869054520079214,96
basic_1BT,4169193,869054524309599,96
basic_1BT,5737891,869054530107897,96
basic_1BT,3332404,869054533501047,96
basic_1BT,3480424,869054537039632,96
basic_1BT,4382946,869054541483690,96
basic_1BT,3121003,869054544665960,96
basic_1BT,2699686,869054547426323,96
basic_1BT,3546082,869054551046537,96
basic_1BT,3069396,869054554177573,96
basic_1BT,2338902,869054556577030,96
basic_1BT,3762341,869054560400433,96
basic_1BT,4085423,869054564538789,96
basic_1BT,3628288,869054568227613,96
basic_1BT,3184861,869054571473693,96
basic_1BT,3208010,869054574739542,96
basic_1BT,3411769,869054578212378,96
basic_1BT,4566423,869054582840034,96
basic_1BT,4461269,869054587362120,96
basic_1BT,2980159,869054590400364,96
basic_1BT,2719257,869054593180237,96
basic_1BT,5305969,869054598547174,96
basic_1BT,3201790,869054601809835,96
basic_1BT,2839010,869054604710099,96
basic_1BT,4379989,869054609171042,96
basic_1BT,3447072,869054612679110,96
basic_1BT,3937494,869054616677325,96
basic_1BT,4158393,869054620896409,96
basic_1BT,4300017,869054625250327,96
basic_1BT,3218660,869054628529995,96
basic_1BT,3863431,869054632454257,96
basic_1BT,4106622,869054636634811,96
basic_1BT,3145615,869054639860854,96
basic_1BT,2909615,869054642828589,96
basic_1BT,2734141,869054645630959,96
basic_1BT,4097301,869054649781910,96
basic_1BT,4796529,869054654658972,96
basic_1BT,2892680,869054657612403,96
basic_1BT,3799476,869054661472527,96
basic_1BT,3214380,869054664747908,96
basic_1BT,3622375,869054668431115,96
basic_1BT,3595772,869054672087324,96
basic_1BT,4753689,869054676902280,96
basic_1BT,4213396,869054681183524,96
basic_1BT,3318858,869054684563720,96
basic_1BT,5035380,869054689659726,96
basic_1BT,3807140,869054693529572,96
basic_1BT,4606496,869054698211484,96
basic_1BT,3715723,869054701987823,96
basic_1BT,3129176,869054705178527,96
basic_1BT,3520227,869054708759801,96
basic_1BT,3403189,869054712236648,96
basic_1BT,5040863,869054717338868,96
basic_1BT,2638874,869054720038343,96
basic_1BT,4112973,869054724213912,96
basic_1BT,4075720,869054728351281,96
basic_1BT,3372748,869054731785226,96
basic_1BT,4264441,869054736118853,96
basic_1BT,3121538,869054739301499,96
basic_1BT,4129054,869054743488894,96
basic_1BT,4014062,869054747563527,96
basic_1BT,2983818,869054750601100,96
basic_1BT,3441323,869054754092063,96
basic_1BT,4766128,869054758908669,96
basic_1BT,3239759,869054762209511,96
basic_1BT,3049281,869054765319332,96
basic_1BT,4501306,869054769874884,96
basic_1BT,2986359,869054772922966,96
basic_1BT,3743031,869054776726909,96
basic_1BT,3021380,869054779809236,96
basic_1BT,4357086,869054784225640,96
basic_1BT,4714158,869054789000599,96
basic_1BT,3518152,869054792579212,96
basic_1BT,4490942,869054797132719,96
basic_1BT,3252830,869054800446436,96
basic_1BT,4599385,869054805103907,96
basic_1BT,5317567,869054810505188,96
basic_1BT,4100709,869054814666618,96
basic_1BT,3367211,869054818111961,96
basic_1BT,4539435,869054822730495,96
basic_1BT,4486506,869054827277928,96
basic_1BT,4026200,869054831364594,96
basic_1BT,3856671,869054835281665,96
basic_1BT,3278239,869054838620525,96
basic_1BT,3356265,869054842038258,96
basic_1BT,4147247,869054846246091,96
basic_1BT,3159322,869054849467377,96
basic_1BT,3331647,869054852860688,96
basic_1BT,4371083,869054857294683,96
basic_1BT,4085239,869054861456094,96
basic_1BT,3048528,869054864565358,96
basic_1BT,3898623,869054868521841,96
basic_1BT,4118505,869054872701127,96
basic_1BT,4873493,869054877639682,96
basic_1BT,3283365,869054880985603,96
basic_1BT,4496821,869054885543456,96
basic_1BT,4280227,869054889884500,96
basic_1BT,3283555,869054893229132,96
basic_1BT,3051916,869054896332855,96
basic_1BT,4234862,869054900660117,96
basic_1BT,3749551,869054904470649,96
basic_1BT,3895265,869054908428640,96
basic_1BT,3990216,869054912473368,96
basic_1BT,3728968,869054916263408,96
basic_1BT,4719459,869054921044096,96
basic_1BT,3959750,869054925065414,96
basic_1BT,4245636,869054929377575,96
basic_1BT,4616721,869054934055047,96
basic_1BT,3982394,869054938095962,96
basic_1BT,3118466,869054941275264,96
basic_1BT,3467765,869054944804021,96
basic_1BT,4398201,869054949263755,96
basic_1BT,3840492,869054953164659,96
basic_1BT,4225535,869054957451045,96
basic_1BT,4157360,869054961670369,96
basic_1BT,4635639,869054966367687,96
basic_1BT,4547328,869054970976709,96
basic_1BT,4438470,869054975475735,96
basic_1BT,4589046,869054980125824,96
basic_1BT,4323507,869054984509751,96
basic_1BT,3861949,869054988431905,96
#end,21,5226,96
