2184514951.7395983,3.373305
2184514957.555476,2.269523
2184514958.535262,2.09491
2184514959.524515,2.578065
2184514960.0756106,2.472512
2184514966.874879,2.932925
2184514979.88218,2.858226
2184514997.811391,2.897153
2184515000.85325,4.143923
2184515002.070447,3.100331
2184515011.143505,2.70369
2184515014.41863,3.242628
2184515015.178227,2.885187
2184515017.416542,3.163988
2184515025.608172,2.910809
2184515029.370246,2.437494
2184515033.137794,2.5845909999999996
2184515036.291276,2.794744
2184515040.343105,2.502657
2184515044.26084,2.515542
2184515046.008973,2.561023
2184515046.412291,2.110566
2184515046.8178,2.840745
2184515048.802679,2.749255
2184515056.116684,2.5321670000000003
2184515059.185642,3.015473
2184515068.188827,3.8047340000000003
2184515068.914664,2.381967
2184515071.787176,2.830495
2184515074.323159,2.4808600000000003
2184515077.1281414,2.509646
2184515078.647284,1.481509
2184515079.606019,2.4567259999999997
2184515081.600041,2.916595
2184515081.972907,2.619449
2184515104.071585,2.438514
2184515110.5886006,2.966387
2184515114.446674,2.6056909999999998
2184515118.260829,2.487454
2184515120.462779,3.3321359999999998
2184515126.6934752,4.12801
2184515131.002693,1.894766
2184515146.3301487,2.201541
2184515148.765645,2.3838150000000002
2184515148.973497,2.74957
2184515151.0890613,2.951389
2184515157.6172953,2.163257
2184515159.428399,2.47697
2184515161.043625,2.232679
2184515161.800838,2.336375
2184515163.5432587,1.7052910000000001
2184515172.218018,1.605542
2184515178.9491086,3.3946699999999996
2184515183.792017,2.209331
2184515186.654618,2.164339
2184515190.3981476,2.58196
2184515190.639901,2.45307
2184515192.85107,2.398911
2184515194.1795907,2.434646
2184515195.3939357,2.488971
2184515195.974514,2.2862519999999997
2184515197.27933,1.83556
2184515213.387155,2.144326
2184515214.01784,2.766021
2184515220.827415,2.708086
2184515230.79791,1.496656
2184515244.0277867,3.1206229999999997
2184515251.5568223,1.935691
2184515255.5552163,3.258248
2184515256.221813,2.6344179999999997
2184515257.0324583,1.630449
2184515257.282236,2.513152
2184515260.062202,2.99104
2184515262.882458,2.791835
2184515266.247927,2.746928
2184515266.415179,2.808685
2184515276.019669,2.60384
2184515276.4599857,1.307066
2184515287.59526,2.279497
2184515287.7847056,2.298406
2184515288.251061,3.038579
2184515289.3491054,1.722377
2184515306.4479346,2.775789
2184515308.5783153,2.177379
2184515316.810772,2.501302
2184515326.482067,2.570202
2184515327.138285,2.450533
2184515329.079327,2.578008
2184515332.0579877,2.62173
2184515334.3858256,2.5537020000000004
2184515334.5564494,2.45225
2184515335.49181,2.113294
2184515337.887918,2.841341
2184515340.599197,2.364579
2184515342.642348,2.866368
2184515344.117607,2.0515619999999997
2184515345.6365166,2.512443
2184515346.088905,2.741679
2184515347.674203,2.526406
2184515352.961598,2.607287
2184515356.346141,2.403506
2184515357.002636,1.908286
2184515359.956499,2.369868
2184515362.3239694,2.3237069999999997
2184515363.638245,2.421501
2184515365.747388,3.377856
2184515367.414873,3.08352
2184515367.8636117,2.071107
2184515368.209979,1.9612789999999998
2184515372.028686,4.122525
2184515376.298782,3.8997189999999997
2184515376.635583,2.749597
2184515378.736028,2.0527610000000003
2184515387.1052427,2.443491
2184515390.1270103,2.335503
2184515390.732416,2.220319
2184515393.583631,2.685652
2184515404.021748,2.7678350000000003
2184515405.525161,2.415754
2184515409.731275,2.8212129999999997
2184515410.461978,2.361113
2184515413.547303,2.637343
2184515415.598357,2.607141
2184515417.377987,2.5274400000000004
2184515418.7564683,2.895368
2184515418.988513,2.5513990000000004
2184515424.028249,3.3817019999999998
2184515426.138216,1.502948
2184515428.819876,2.480851
2184515428.8523517,2.662039
2184515428.9059367,2.373735
2184515431.1963,1.9308699999999999
2184515431.556359,2.619876
2184515436.411024,2.981319
2184515443.216875,2.4191130000000003
2184515449.0635896,3.024298
2184515449.33147,2.683451
2184515451.441989,2.334937
2184515455.670534,2.782314
2184515457.4166613,2.198504
2184515458.751594,1.301874
2184515460.326811,2.479283
2184515469.583965,1.954337
2184515471.0803113,3.122775
2184515479.493755,1.6418949999999999
2184515483.2572613,2.4186170000000002
2184515486.159643,2.71966
2184515486.424654,2.633859
2184515487.631618,1.44665
2184515493.0032163,2.6094109999999997
2184515498.8826227,2.785095
2184515506.404438,3.116823
2184515506.752749,2.1186
2184515509.0725303,2.571107
2184515510.970885,3.107317
2184515511.764138,2.639602
2184515513.5456142,2.519075
2184515514.9651413,2.499487
2184515528.372952,2.320413
2184515528.793464,2.170783
2184515530.153243,2.30524
2184515531.1374702,2.200108
2184515531.9903016,2.513748
2184515533.077842,1.502204
2184515533.6031027,2.725841
2184515534.680378,2.618735
2184515540.522081,1.9600540000000002
2184515543.030587,2.832837
2184515543.777644,3.026308
2184515544.4733753,3.351388
2184515560.59613,2.991937
2184515570.788284,3.246705
2184515575.3208528,3.885245
2184515579.899943,3.4952360000000002
2184515583.509928,2.298549
2184515583.731906,3.181298
2184515584.277079,3.2295890000000003
2184515590.628914,2.987828
2184515591.68257,3.007625
2184515597.301966,3.251249
2184515602.915024,2.120408
2184515603.578197,2.3737760000000003
2184515605.232894,1.618329
2184515608.028199,2.896375
2184515609.255567,1.735595
2184515612.891057,1.90658
2184515615.468514,2.721606
2184515615.830793,2.911806
2184515619.2371683,3.162524
2184515621.114918,3.848291
2184515626.0803213,3.800948
2184515626.282336,3.536572
2184515630.769103,3.31243
2184515634.229061,2.8476869999999996
2184515638.934744,2.771973
2184515639.241361,2.937354
2184515644.223212,2.662876
2184515646.889903,2.594467
2184515648.3257704,1.6784569999999999
2184515649.894123,2.408211
2184515651.118494,1.449999
2184515652.302082,2.3724369999999997
2184515654.017365,1.77274
2184515657.663804,2.431793
2184515657.820313,1.9841730000000002
2184515661.121269,2.0873530000000002
2184515668.578012,2.130305
2184515672.236737,2.5740920000000003
2184515679.915412,2.340688
2184515681.80201,2.380675
2184515681.849783,2.524167
2184515684.51977,2.682176
2184515684.79916,2.907111
2184515685.708288,3.110607
2184515688.106379,2.740685
2184515693.02073,1.699995
2184515693.840539,2.740297
2184515696.139774,3.020435
2184515702.277122,2.685299
2184515702.724828,3.280476
2184515709.7658067,2.4580610000000003
2184515711.389779,2.0749150000000003
2184515721.664014,2.5975040000000003
2184515727.1734543,2.603903
2184515728.362542,2.245812
2184515731.075109,1.566662
2184515731.40824,2.884647
2184515733.759319,2.633618
2184515737.8198028,3.028649
2184515745.996534,3.502064
2184515749.312472,3.750942
2184515753.1809926,3.1180410000000003
2184515762.644168,2.483937
2184515762.840963,2.672141
2184515767.457433,3.319589
2184515768.9551764,2.9610909999999997
2184515770.888462,2.89439
2184515779.266181,2.70127
2184515779.305503,2.4427350000000003
2184515781.489117,2.171897
2184515786.080061,7.98516
2184515790.0973053,3.393481
2184515790.8831997,2.316888
2184515793.552231,1.985686
2184515794.540925,2.870582
2184515795.648511,13.463879
2184515796.856166,9.301758
2184515798.97117,3.259081
2184515800.2136,3.295746
2184515803.226417,4.192138
2184515803.380589,2.6004359999999997
2184515811.745101,3.24028
2184515816.4675922,2.882142
2184515826.948705,1.45905
2184515827.081491,2.985282
2184515833.867942,2.3580929999999998
2184515837.040082,3.1290229999999997
2184515838.049337,2.727484
2184515844.7580247,2.3116920000000003
2184515853.685836,2.458656
2184515863.061765,18.119239
2184515872.385938,4.845195
2184515873.171474,3.8895090000000003
2184515877.4602957,3.232022
2184515879.238368,3.11944
2184515880.931721,2.725418
2184515881.500179,2.198743
2184515884.907881,2.532575
2184515885.571433,1.9853319999999999
2184515886.903332,2.194202
2184515887.139041,2.1786879999999997
2184515887.949451,2.325309
2184515892.94089,2.3395870000000003
2184515895.28781,3.420241
2184515897.95559,3.196932
2184515898.388198,2.451082
2184515907.4489017,2.261428
2184515916.475879,2.4515510000000003
2184515919.306961,20.865919
2184515922.9278,3.3686760000000002
2184515924.943574,3.872281
2184515928.2805552,3.269432
2184515928.4713283,2.5745
2184515932.235741,3.720298
2184515938.2486362,2.8710419999999996
2184515941.1711984,3.327796
2184515943.505738,2.282014
2184515946.440909,2.76897
2184515951.651869,2.366893
2184515962.651924,2.2863559999999996
2184515963.784202,2.57256
2184515966.10413,2.526779
2184515966.4957037,2.292607
2184515975.585199,2.682035
2184515977.3269606,2.439902
2184515978.0801163,1.480643
2184515978.1136036,2.491344
2184515995.503407,3.676515
2184516001.137894,3.2468969999999997
2184516007.121149,3.036038
2184516007.630387,2.637381
2184516015.328452,2.404055
2184516016.164434,3.3794210000000002
2184516018.035718,3.144058
2184516019.538303,2.33209
2184516022.13709,2.548957
2184516024.4691486,2.2894270000000003
2184516025.911626,2.200222
2184516027.8140407,2.656927
2184516030.5746293,2.81482
2184516031.112091,2.732231
2184516034.542777,3.254997
2184516036.872125,2.2045519999999996
2184516038.516203,2.702717
2184516041.467581,2.748219
2184516042.485658,2.923494
2184516044.9965253,2.5246869999999997
2184516047.211981,2.214214
2184516048.428856,2.569953
2184516055.964396,2.5005930000000003
2184516062.1880426,17.139993999999998
2184516071.138605,3.341453
2184516074.370143,2.469004
2184516077.421423,2.967329
2184516077.805413,2.471544
2184516085.582252,2.9776350000000003
2184516087.977622,2.2879929999999997
2184516088.357049,2.714931
2184516091.119355,2.2534080000000003
2184516092.208027,2.968051
2184516094.382512,2.132597
2184516096.710748,1.684529
2184516125.022511,3.44949
2184516132.054463,3.636985
2184516134.8466773,2.8651929999999997
2184516135.881454,2.816383
2184516136.958438,3.400134
2184516141.333499,2.413111
2184516143.381542,2.56361
2184516147.7573647,2.222479
2184516148.587141,2.6638669999999998
2184516148.819143,2.0669999999999997
2184516156.494092,1.696625
2184516156.844894,2.451193
2184516159.0982,2.313351
2184516159.126267,1.7591359999999998
2184516171.498394,2.764921
2184516171.590115,1.857098
2184516173.802799,2.184877
2184516173.864956,3.208037
2184516177.5641923,1.9670249999999998
2184516178.912107,2.2811440000000003
2184516183.58941,3.147202
2184516184.819361,2.8985209999999997
2184516186.215247,2.617621
2184516187.302275,2.447717
2184516190.115394,2.19224
2184516190.1840086,2.722689
2184516191.605111,2.7416620000000003
2184516193.828699,2.718581
2184516197.929577,2.414874
2184516203.516331,2.0702659999999997
2184516204.711183,2.1975089999999997
2184516205.4603257,1.33023
2184516205.655592,2.319422
2184516205.718336,2.725136
2184516206.960955,2.2152830000000003
2184516208.511232,2.448521
2184516212.478158,2.2616810000000003
2184516215.834115,2.900163
2184516217.961086,2.0734619999999997
2184516220.303793,2.259247
2184516222.00022,2.513725
2184516225.317043,2.29634
2184516228.9213467,2.598398
2184516229.354897,2.528788
2184516232.1365523,2.717078
2184516233.033623,2.6327149999999997
2184516235.112172,2.040975
2184516235.3808208,2.514882
2184516238.1954927,3.034732
2184516239.321365,2.430541
2184516240.028367,1.781968
2184516240.577945,2.497273
2184516240.6989107,2.271897
2184516248.084921,3.339429
2184516249.967238,4.533255
2184516253.250759,3.528444
2184516253.2594748,1.9898870000000002
2184516259.854599,2.373418
2184516263.175182,2.610681
2184516267.013271,2.459034
2184516268.9998403,2.786363
2184516274.553398,2.51328
2184516278.985648,2.0788349999999998
2184516282.0897174,2.463273
2184516284.203303,2.918604
2184516287.659979,2.603177
2184516293.094379,2.3885669999999997
2184516295.402111,2.258848
2184516318.00615,2.96264
2184516323.144805,3.466992
2184516329.9729767,4.381642
2184516331.908543,3.91218
2184516334.191564,3.2841989999999996
2184516335.018491,3.047423
2184516335.299948,3.054
2184516343.012043,4.566660000000001
2184516346.855437,2.472157
2184516347.253916,2.643756
2184516348.324062,2.5945679999999998
2184516348.734509,1.928829
2184516359.720885,3.009167
2184516368.177746,2.548419
2184516375.465809,1.504051
2184516376.1865406,3.802357
2184516378.649532,2.737016
2184516381.67838,2.305839
2184516386.66089,2.935071
2184516387.861598,3.050758
2184516388.116872,2.3968499999999997
2184516393.322913,2.57557
2184516398.758863,2.97726
2184516403.10635,3.1123740000000004
2184516405.8959007,2.799449
2184516410.252574,2.0348330000000003
2184516410.8658338,2.10642
2184516413.266036,2.06363
2184516417.517696,2.3620910000000004
2184516422.423144,2.958195
2184516425.98651,2.2226630000000003
2184516431.1838202,3.075942
2184516434.608528,2.9302989999999998
2184516435.299634,2.7308329999999996
2184516437.717012,2.212232
2184516442.2926583,2.049417
2184516447.6504993,1.9922590000000002
2184516454.29977,2.227775
2184516456.744313,2.441726
2184516462.405819,2.422931
2184516463.682108,2.22155
2184516464.107337,2.408629
2184516467.6319656,1.326078
2184516468.5187297,2.065374
2184516469.363316,2.328269
2184516469.505207,1.845997
2184516471.7324433,1.4386780000000001
2184516472.102941,2.070294
2184516474.873001,2.731711
2184516477.144265,2.9336599999999997
2184516477.846842,2.3557780000000004
2184516478.813519,1.6340949999999999
2184516480.910969,2.904332
2184516482.015974,3.0269820000000003
2184516486.218116,2.6255409999999997
2184516487.8076363,2.466024
2184516493.8794274,2.562278
2184516495.631847,3.542257
2184516497.225962,3.305248
2184516502.426509,2.770066
2184516503.437012,2.392958
2184516506.639617,2.3651340000000003
2184516511.7099447,3.0123960000000003
2184516512.875857,1.464863
2184516518.3321652,1.872412
2184516522.52723,3.008949
2184516523.043239,1.977613
2184516524.080457,1.5145460000000002
2184516533.405501,2.3732610000000003
2184516533.706149,2.703047
2184516539.031625,2.301741
2184516540.144557,2.780856
2184516545.074511,2.037228
2184516548.288042,3.1494829999999996
2184516551.127302,2.1543959999999998
2184516553.126081,2.1985669999999997
2184516553.5041523,1.92424
2184516561.736234,2.6171699999999998
2184516564.7177362,1.4792850000000002
2184516566.455056,1.964942
2184516566.86027,2.106028
2184516575.834074,2.016698
2184516581.4119706,2.755411
2184516582.929731,2.161129
2184516584.0226116,2.569398
2184516585.048915,1.378613
2184516586.807278,2.39489
2184516590.942639,3.112474
2184516593.74954,2.4093780000000002
2184516604.517628,1.819789
2184516612.1931787,2.9517219999999997
2184516613.950829,2.037067
2184516615.469557,2.876038
2184516616.5007033,2.513236
2184516620.718039,3.609896
2184516624.87632,3.1988950000000003
2184516625.6369233,3.389188
2184516632.795055,2.815784
2184516639.581486,2.583198
2184516642.7738323,2.604155
2184516643.264575,2.730894
2184516646.7982593,2.993958
2184516649.078541,2.2335570000000002
2184516649.559571,2.804055
2184516651.248763,2.232011
2184516652.956423,1.992538
2184516654.5506687,2.7141290000000002
2184516655.3305297,2.325195
2184516661.4055166,2.0573069999999998
2184516676.435703,2.030603
2184516678.096348,2.314377
2184516679.33933,2.298841
2184516683.655865,2.303944
2184516687.5166383,2.91989
2184516691.315298,2.693819
2184516697.244844,2.3092759999999997
2184516699.8449297,2.0324459999999998
2184516704.423663,3.1321220000000003
2184516704.783339,2.3304839999999998
2184516707.025187,2.33025
2184516709.7885494,2.876764
2184516713.548553,2.638341
2184516714.35879,2.3133950000000003
2184516718.024027,3.005901
2184516721.5585732,2.8255860000000004
2184516727.872083,1.886996
2184516736.178819,3.242539
2184516737.131747,3.1355269999999997
2184516740.443123,3.494187
2184516743.1824336,2.298193
2184516743.793664,2.688713
2184516744.163793,2.724903
2184516748.1939507,4.366033
2184516751.990634,2.807458
2184516755.904541,2.045277
2184516758.050542,1.559207
2184516760.47386,2.055768
2184516766.6733418,2.32069
2184516767.0673866,3.8073099999999998
2184516768.979455,2.4206499999999997
2184516770.14967,3.022043
2184516777.687172,2.689184
2184516779.086182,3.424499
2184516780.1399302,2.391336
2184516781.730867,2.1064130000000003
2184516783.31059,2.601488
2184516785.697051,2.349058
2184516788.3080883,3.245785
2184516794.8288603,2.5684929999999997
2184516797.5945144,2.449803
2184516803.5701194,2.716878
2184516804.6493993,2.690868
2184516806.705582,2.98862
2184516806.886894,2.722827
2184516809.422318,2.271761
2184516810.056714,2.632563
2184516816.763061,2.290262
2184516818.277365,2.282841
2184516819.0795517,2.286779
2184516821.037961,2.610842
2184516821.20262,2.091093
2184516821.819354,2.2132810000000003
2184516823.8276577,2.134262
2184516833.347913,2.286669
2184516834.473019,2.23277
2184516835.837156,2.420108
2184516841.182096,3.005156
2184516845.444506,3.439227
2184516850.649277,5.226336
2184516851.4991074,6.0145550000000005
2184516854.204672,2.407502
2184516865.5745296,4.255644
2184516866.674427,3.9623410000000003
2184516871.105474,3.043057
2184516873.321489,4.124848
2184516877.921349,4.28851
2184516878.671959,3.889991
2184516882.3598537,3.651916
2184516884.702761,2.291746
2184516888.7153354,2.838957
2184516894.424999,2.0738559999999997
2184516896.474389,3.309447
2184516896.6825843,2.223592
2184516898.923714,2.1901379999999997
2184516902.453393,2.157155
2184516907.041687,2.7323579999999996
2184516910.4594,3.0370179999999998
2184516912.838717,2.3322070000000004
2184516914.251036,2.85947
2184516922.1682,2.410619
2184516924.769206,2.175992
2184516925.0337133,2.8227539999999998
2184516931.259781,4.204442
2184516932.7870317,2.933746
2184516936.377593,2.203472
2184516939.8163266,2.643714
2184516940.031428,2.6189120000000004
2184516941.250809,2.933364
2184516942.948524,3.099747
2184516944.8332033,2.69726
2184516954.329925,2.037406
2184516956.092041,2.483185
2184516957.530521,2.663508
2184516959.509983,2.29134
2184516960.331386,2.9384889999999997
2184516960.528912,2.467216
2184516962.6975756,2.1325670000000003
2184516963.959617,1.310068
2184516966.413356,1.973542
2184516967.462779,2.616988
2184516968.175662,2.357285
2184516969.3553934,1.852091
2184516977.191916,2.5288049999999997
2184516980.29229,2.367506
2184516981.166443,2.043025
2184516982.679355,1.479169
2184516982.9932966,2.651395
2184516986.333672,2.465669
2184516987.0366154,1.983515
2184516988.117899,2.4997819999999997
2184516989.5186367,2.070618
2184516991.491939,1.945649
2184516993.976923,3.3061089999999997
2184516994.358705,2.54166
2184516995.615679,4.098277
2184516998.429071,3.094458
2184517000.439669,2.592966
2184517001.535396,2.964309
2184517003.163164,2.681874
2184517006.247443,1.9857249999999997
2184517007.815958,2.681309
2184517010.722863,3.110322
2184517014.646081,2.8059700000000003
2184517015.9455647,2.812074
2184517018.332763,2.306536
2184517027.696059,2.820089
2184517031.623654,3.748951
2184517033.896255,2.35078
2184517036.1175117,2.928061
2184517041.04827,2.364846
2184517043.8468,2.3868650000000002
2184517059.5096908,3.34355
2184517063.56816,2.501446
2184517069.089635,2.664881
2184517074.938958,2.250936
2184517075.267897,2.838026
2184517076.944782,2.991247
2184517078.103452,2.065444
2184517078.247674,2.193783
2184517081.012763,2.228247
2184517082.3617663,2.90048
2184517083.8889112,2.5128939999999997
2184517084.7826643,2.9461130000000004
2184517089.992573,2.227531
2184517090.04585,2.603115
2184517092.901706,2.47473
2184517094.462907,2.740962
2184517095.310978,2.393352
2184517098.306593,2.630778
2184517098.6724596,2.4978689999999997
2184517100.746886,2.406526
2184517104.41108,2.062528
2184517106.489346,2.690546
2184517108.505277,1.986271
2184517114.371553,2.178981
2184517116.245531,1.5513949999999999
2184517118.80223,2.493287
2184517125.001938,3.34688
2184517128.479563,3.5046019999999998
2184517129.179153,4.251254
2184517134.186844,2.3747920000000002
2184517137.0601597,2.837834
2184517138.7646832,2.374489
2184517147.69958,2.33592
2184517152.930222,2.156005
2184517155.414188,2.597731
2184517155.7704864,2.229978
2184517156.133945,2.419278
2184517157.031517,3.134726
2184517159.266709,2.1712279999999997
2184517163.061712,2.280808
2184517168.6756377,2.535577
2184517170.232712,2.3929839999999998
2184517172.656029,1.5918349999999999
2184517173.603665,2.530417
2184517176.356779,2.700906
2184517178.690052,2.297168
2184517187.181035,2.152644
2184517187.683688,3.569156
2184517190.357935,2.529653
2184517203.502626,3.006065
2184517207.775794,2.402703
2184517210.705141,2.8810089999999997
2184517215.561029,2.629362
2184517220.792768,2.4450380000000003
2184517220.793221,3.394809
2184517221.960321,2.7603649999999997
2184517223.609842,2.042542
2184517225.058682,2.789801
2184517227.29012,2.180404
2184517230.3942957,2.506428
2184517231.330971,1.587031
2184517236.885386,2.809079
2184517238.3442497,3.111777
2184517238.42572,2.2327839999999997
2184517240.6708117,2.279738
2184517240.691861,2.225667
2184517241.367011,2.516698
2184517251.592331,3.012611
2184517252.3192453,2.280905
2184517254.5688233,2.903638
2184517256.031972,3.807369
2184517259.821978,3.7206230000000002
2184517262.203912,2.365843
2184517265.217839,2.27294
2184517274.0218673,2.706998
2184517274.650733,2.1010400000000002
2184517277.914126,2.845311
2184517281.6931977,2.842026
2184517297.333201,2.777796
2184517297.5321894,1.9792949999999998
2184517298.589221,3.4508099999999997
2184517303.4886637,4.051282
2184517306.537837,2.994849
2184517307.617155,3.1665840000000003
2184517309.064238,2.984365
2184517315.007444,2.465884
2184517316.86938,2.2950969999999997
2184517319.7414374,1.34269
2184517322.9445243,2.703692
2184517323.005695,2.817663
2184517328.8897,2.554088
2184517330.226993,2.317026
2184517335.328258,2.4750430000000003
2184517336.568058,2.69852
2184517338.606288,2.003098
2184517340.653024,2.014062
2184517341.051003,2.865731
2184517344.134848,2.61566
2184517354.486032,2.9476720000000003
2184517360.6213827,2.606206
2184517363.435068,2.7532020000000004
2184517364.081013,2.032398
2184517378.262124,3.1327960000000004
2184517380.158266,2.563311
2184517380.2990613,1.2628540000000001
2184517381.4674587,2.2931700000000004
2184517382.7590203,2.4254900000000004
2184517383.334989,2.595887
2184517392.234207,2.52211
2184517392.28042,2.4510270000000003
2184517395.434355,1.963196
2184517397.852917,2.316842
2184517399.73603,1.4114069999999999
2184517399.824594,1.9113170000000002
2184517405.205246,2.837158
2184517408.428293,2.4277629999999997
2184517409.354902,2.1188309999999997
2184517409.78838,2.687427
2184517412.4405613,2.609334
2184517414.3813567,1.51245
2184517416.0779657,3.024922
2184517421.824945,2.792633
2184517422.5262938,2.434942
2184517425.237618,2.662846
2184517431.041794,2.8219909999999997
2184517431.2601943,2.233761
2184517451.649498,2.38582
2184517452.720963,2.3528160000000002
2184517455.024276,2.7789490000000003
2184517455.348652,1.794708
2184517457.291583,1.914136
2184517461.132938,2.531803
2184517462.775764,2.40157
2184517466.903449,2.4119580000000003
2184517467.632212,2.791928
2184517468.8584,1.90568
2184517469.281632,1.614377
2184517481.2850614,3.401164
2184517483.000054,1.5332569999999999
2184517491.6016493,2.313277
2184517491.778296,1.347264
2184517494.767888,3.115266
2184517496.65882,2.757307
2184517505.11592,2.5320210000000003
2184517506.79767,3.066978
2184517508.470959,2.171115
2184517513.679613,2.620304
2184517514.291669,2.369596
2184517516.01434,2.2998239999999996
2184517516.2957163,2.708936
2184517519.721329,2.664216
2184517520.352879,2.3721240000000003
2184517523.8599086,2.2866269999999997
2184517525.899034,3.1456359999999997
2184517526.773632,2.879213
2184517529.8161163,2.4957629999999997
2184517532.069442,2.259962
2184517532.264352,2.6659729999999997
2184517543.446785,2.429039
2184517548.1233664,2.667947
2184517551.320498,1.9362489999999999
2184517556.2724447,2.340976
2184517566.978286,1.531774
2184517568.5420313,2.634016
2184517568.561242,1.55437
2184517573.48211,2.771165
2184517576.250649,2.733186
2184517582.6424108,3.0669299999999997
2184517586.010125,2.773564
2184517592.120666,2.114849
2184517595.9942393,2.181673
2184517597.8383493,1.329592
2184517605.4977603,2.5012820000000002
2184517614.974389,2.5592200000000003
2184517619.393713,3.046141
2184517624.819062,4.966067
2184517629.046349,4.168360000000001
2184517633.276061,3.21084
2184517635.7167854,2.3750020000000003
2184517635.728561,2.218839
2184517636.6973553,2.833625
2184517637.2583437,1.488816
2184517641.857426,2.15035
2184517654.578489,3.362236
2184517656.798979,1.9968669999999997
2184517657.470611,2.2913780000000004
2184517660.693862,2.6042840000000003
2184517665.866593,2.3861049999999997
2184517666.023088,2.4986800000000002
2184517667.951612,1.357927
2184517668.2867937,2.2314190000000003
2184517670.518454,2.935651
2184517670.625464,2.203355
2184517676.784678,1.900477
2184517676.8283577,2.877581
2184517681.561523,3.155825
2184517684.960526,2.244083
2184517689.886501,2.476542
2184517690.276286,2.901349
2184517695.969598,2.848395
2184517704.11424,2.787481
2184517705.408692,2.567361
2184517708.60149,2.4403319999999997
2184517709.0842423,2.4308419999999997
2184517711.194811,2.669748
2184517716.359774,2.854202
2184517718.2429748,2.8176099999999997
2184517719.5883517,3.177663
2184517722.278208,2.061772
2184517723.879936,2.793536
2184517726.599659,2.668699
2184517731.075349,2.073421
2184517732.3018217,2.441996
2184517738.170655,2.235501
2184517739.47009,1.5305449999999998
2184517744.617383,4.1460799999999995
2184517754.267884,2.614422
2184517755.219791,2.317968
2184517755.3158092,2.242886
2184517756.10785,2.6140529999999997
2184517756.506259,2.199275
2184517759.974388,2.3352690000000003
2184517762.479619,2.210348
2184517765.5779004,3.049708
2184517769.138268,2.868002
2184517775.4183273,3.3145230000000003
2184517776.080236,2.862104
2184517781.185134,2.329967
2184517782.7198057,1.58796
2184517795.4574523,2.592794
2184517797.452805,2.408701
2184517797.959002,1.263698
2184517798.191651,2.701373
2184517803.40027,2.386594
2184517807.482171,2.590748
2184517809.839613,2.982375
2184517810.551705,3.0775680000000003
2184517813.519542,2.772246
2184517816.224987,2.723972
2184517821.6800227,1.813702
2184517822.409842,2.993172
2184517826.051177,2.283696
2184517826.31349,2.209734
2184517828.857087,2.77045
2184517832.62133,2.209763
2184517836.38273,2.412875
2184517838.876701,2.74813
2184517839.567018,2.778519
2184517847.693123,2.7262850000000003
2184517850.4161158,2.686913
2184517853.451426,3.864504
2184517856.329863,2.3023190000000002
2184517858.707164,1.655644
2184517859.753143,2.802064
2184517861.718016,2.556718
2184517862.629431,2.83469
2184517862.656238,3.2470849999999998
2184517868.778898,2.841069
2184517871.044613,4.358155
2184517871.898418,3.064025
2184517878.5057797,2.5958040000000002
2184517883.02124,2.330316
2184517883.291955,3.0335129999999997
2184517883.609732,2.510535
2184517884.223341,2.111453
2184517886.2677517,2.9334029999999998
2184517886.9541407,2.747551
2184517889.432046,2.3334699999999997
2184517889.5639243,2.47647
2184517892.232628,2.631414
2184517892.689084,2.711958
2184517893.356796,2.436566
2184517895.041399,3.431785
2184517895.077012,2.790785
2184517902.536993,2.789396
2184517905.9229226,2.397824
2184517908.291921,2.346836
2184517910.383535,3.310683
2184517911.5879993,2.1917709999999997
2184517914.3066587,3.1033850000000003
2184517920.6910233,2.951757
2184517921.120048,2.130555
2184517924.731244,2.167514
2184517931.8583493,2.061099
2184517934.954649,2.283652
2184517936.0943303,2.616014
2184517941.490512,2.202934
2184517941.7071023,2.5155659999999997
2184517950.092905,2.98827
2184517952.366775,2.221688
2184517954.5165753,2.091334
2184517954.993535,1.772814
2184517955.425087,3.1917769999999996
2184517958.388984,2.5526530000000003
2184517960.6950197,2.267685
2184517965.195849,3.360656
2184517965.416533,3.7221450000000003
2184517968.185006,2.346346
2184517968.2654667,2.793844
2184517968.514239,2.426624
2184517972.3905067,2.953684
2184517975.3081894,2.8240890000000003
2184517976.097993,3.263026
2184517978.0435023,2.849113
2184517978.664163,2.518507
2184517982.641493,2.095346
2184517982.7966037,2.177761
2184517986.117263,2.8375000000000004
2184517986.252313,2.653073
2184517987.830275,2.966862
2184517990.9022503,3.025015
2184517997.026979,4.19819
2184518005.961246,2.682341
2184518010.179522,2.750315
2184518014.1438956,1.57516
2184518017.796048,3.619605
2184518022.522891,2.170438
2184518023.469578,2.5123979999999997
2184518025.707757,2.209249
2184518028.795728,2.31913
2184518029.6094294,2.210324
2184518031.534521,2.748664
2184518039.875462,2.373758
2184518041.713972,1.8128140000000001
2184518044.148504,2.6493409999999997
2184518045.0663033,1.828071
2184518046.813489,2.6985300000000003
2184518052.906931,2.230503
2184518053.421951,2.4299259999999996
2184518054.474994,2.185831
2184518062.938104,2.85093
2184518066.501371,2.647024
2184518072.9266706,2.519875
2184518075.970829,2.090664
2184518079.31851,2.286645
2184518082.744946,2.293067
2184518088.344049,2.1008950000000004
2184518089.7251897,2.412284
2184518091.168297,2.101041
2184518091.87758,2.115122
2184518092.828747,2.1142190000000003
2184518097.623116,2.301539
2184518103.338541,2.460554
2184518105.028333,2.044471
2184518108.690584,2.228173
2184518110.1351957,1.646457
2184518110.841281,1.444827
2184518111.219448,2.477323
2184518111.284716,1.8860839999999999
2184518118.058771,1.390219
2184518131.128467,1.924463
2184518132.653854,1.772055
2184518133.014392,3.043147
2184518134.24493,1.350558
2184518134.8484707,2.159445
2184518136.771969,2.502666
2184518137.8771553,2.3956630000000003
2184518138.030279,1.783749
2184518142.3318043,2.86402
2184518144.909276,2.551438
2184518147.30631,2.347508
2184518150.233561,2.91515
2184518150.326356,2.987188
2184518155.044675,2.671796
2184518155.583794,2.217307
2184518157.275138,2.181574
2184518162.626305,2.859111
2184518164.206638,1.4482819999999998
2184518164.20922,1.532081
2184518175.585941,2.4904010000000003
2184518178.4955893,2.769129
2184518181.241108,2.284802
2184518185.244348,2.229268
2184518185.715396,2.028377
2184518187.256137,1.441302
2184518188.3366404,2.262754
2184518191.087827,2.622232
2184518191.187108,2.2108280000000002
2184518193.556868,2.4316
2184518194.411777,2.697709
2184518196.66184,3.076572
2184518196.993226,1.3199509999999999
2184518202.8471537,2.7797210000000003
2184518209.9303303,3.219757
2184518209.958238,2.1605309999999998
2184518214.316845,3.3480950000000003
2184518221.909422,1.2481250000000002
2184518224.966904,2.182397
2184518229.0699964,2.7539499999999997
2184518237.312959,2.031143
2184518240.105341,3.159307
2184518241.020864,2.3835800000000003
2184518245.827802,3.19223
2184518249.258793,2.4398929999999996
2184518249.893071,2.006832
2184518251.997944,1.6453769999999999
2184518264.935451,2.238309
2184518267.350888,4.899591
2184518271.020167,5.642915
2184518272.763672,6.016581
2184518274.403955,1.588046
2184518283.045034,2.806518
2184518283.26225,2.3719010000000003
2184518286.1966596,1.995358
2184518290.876357,1.690041
2184518298.716707,2.119695
2184518299.131073,3.3923590000000003
2184518308.420157,2.1991620000000003
2184518308.842256,2.873367
2184518313.366612,2.1172180000000003
2184518314.1043096,2.228361
2184518314.622723,1.314182
2184518315.9577703,2.112307
2184518320.214481,2.523536
2184518328.282085,3.42115
2184518331.549717,3.221752
2184518333.923685,2.819435
2184518335.598292,1.638812
2184518340.744259,3.1189630000000004
2184518345.24439,2.492452
2184518346.758082,2.708725
2184518350.4677453,2.420912
2184518354.3992147,1.438186
2184518356.432586,2.723497
2184518361.729106,2.8720600000000003
2184518363.844161,1.9057410000000001
2184518373.087986,3.4871250000000003
2184518375.7113748,2.423306
2184518387.665925,4.975659
2184518389.639141,2.9164019999999997
2184518399.4225197,2.014227
2184518400.866029,2.4172130000000003
2184518402.073147,2.46466
2184518406.337791,2.24952
2184518406.855289,1.9554289999999999
2184518408.138037,2.1693160000000002
2184518408.178451,1.791725
2184518411.015205,2.286677
2184518415.7566113,2.3253570000000003
2184518420.23946,2.236551
2184518422.417595,2.576996
2184518423.640409,2.0711969999999997
2184518425.327162,2.875572
2184518430.0098147,2.598867
2184518431.3074846,2.6191619999999998
2184518433.625424,2.274598
2184518435.427586,2.954053
2184518436.517486,2.131819
2184518438.5247726,2.90929
2184518439.409583,2.4006119999999997
2184518442.467082,2.580121
2184518445.295492,2.564162
2184518448.1107874,2.779217
2184518449.4761124,3.282457
2184518452.1111956,1.417229
2184518452.328103,3.114421
2184518460.530788,2.3799770000000002
2184518467.179596,2.623041
2184518470.580259,1.765592
2184518472.429242,2.536644
2184518475.146903,2.677482
2184518475.798251,2.2670630000000003
2184518480.216127,3.160637
2184518481.761258,1.597179
2184518483.3373537,2.600586
2184518487.762394,3.15773
2184518489.848351,2.2872130000000004
2184518490.2329187,2.525198
2184518492.354122,2.4337619999999998
2184518500.5637274,3.94523
2184518509.189877,5.4337789999999995
2184518511.529583,2.97469
2184518514.898415,3.330304
2184518518.332961,1.953729
2184518522.3390703,3.240252
2184518524.23964,2.831521
2184518532.020003,2.88946
2184518532.453124,1.689565
2184518537.926903,2.54793
2184518539.013107,3.2421860000000002
2184518551.654557,2.176884
2184518557.989535,2.497146
2184518559.388029,1.9901379999999997
2184518559.6834526,1.25872
2184518561.6428514,2.321266
2184518561.680628,2.25653
2184518564.214233,2.496263
2184518567.3763633,2.5974320000000004
2184518570.7537236,3.382467
2184518573.891269,2.306435
2184518575.1865773,2.75577
2184518581.608959,2.876923
2184518586.960187,1.4124299999999999
2184518591.6258183,2.16847
2184518593.005553,2.687698
2184518595.5624833,3.100439
2184518599.374002,2.345101
2184518599.618543,2.655536
2184518605.386503,2.3291739999999996
2184518608.2476473,2.224013
2184518608.6309867,2.398369
2184518611.114234,2.5485249999999997
2184518612.071448,1.9972649999999998
2184518617.524661,2.3328580000000003
2184518620.728953,3.575456
2184518621.587,3.338658
2184518625.103599,4.344964
2184518626.195476,4.557361
2184518630.540934,2.400948
2184518631.548062,2.310687
2184518634.611341,2.443724
2184518636.141492,1.8304639999999999
2184518638.2919393,2.116057
2184518640.042743,2.576359
2184518645.7321334,2.773538
2184518651.294129,2.387604
2184518652.278738,2.83387
2184518655.8742437,2.34832
2184518656.945516,2.273324
2184518658.28205,2.37678
2184518658.6107492,2.138528
2184518660.551905,2.210797
2184518663.974835,2.690881
2184518664.011362,2.383976
2184518665.997929,2.203897
2184518666.6961412,2.319632
2184518667.069812,1.592067
2184518672.212858,2.207836
2184518677.263032,2.493894
2184518679.079335,2.618298
2184518681.141137,2.0291829999999997
2184518684.252383,2.6646310000000004
2184518691.098815,3.6317440000000003
2184518691.441135,2.971229
2184518695.105986,3.61105
2184518697.9177527,2.663009
2184518697.959424,2.23293
2184518707.638464,1.538295
2184518707.6419916,2.47145
2184518709.877477,2.600862
2184518710.186262,2.4873719999999997
2184518710.539637,2.31048
2184518713.2311587,2.655167
2184518715.007583,2.480983
2184518716.0985312,2.821948
2184518717.516666,2.460183
2184518720.824449,2.76216
2184518723.429388,2.216193
2184518726.34551,2.389352
2184518728.10518,2.3515260000000002
2184518734.041418,1.297641
2184518735.924923,2.434024
2184518742.196158,2.364153
2184518742.385688,2.13824
2184518745.508162,3.212337
2184518746.2006907,3.3579299999999996
2184518748.824556,2.6408899999999997
2184518752.8428,3.16804
2184518760.646662,2.2664389999999996
2184518761.246812,2.2290349999999997
2184518761.5203753,2.208818
2184518766.753644,1.683988
2184518768.821652,2.778341
2184518769.631545,2.837009
2184518770.887034,2.0232200000000002
2184518775.147963,2.44159
2184518778.341966,3.2002710000000003
2184518779.2735543,3.099687
2184518782.2856593,2.974902
2184518785.3143463,2.9723990000000002
2184518788.593014,3.236077
2184518792.581215,2.4818599999999997
2184518796.059967,3.440737
2184518796.667159,2.155574
2184518801.691787,2.691715
2184518805.028103,2.729208
2184518806.148491,2.430803
2184518810.4396753,2.236956
2184518813.1848,2.2846569999999997
2184518815.189951,1.514009
2184518818.9055247,1.299582
2184518820.8526278,1.9196440000000001
2184518821.455608,2.336664
2184518823.286986,1.9877179999999999
2184518823.501667,2.158839
2184518826.537392,2.633969
2184518835.128719,2.9574190000000002
2184518837.5606656,1.8725429999999998
2184518843.775568,2.85883
2184518853.860221,2.931585
2184518857.896877,1.644613
2184518861.317394,2.799019
2184518864.645921,2.32999
2184518872.4125967,3.3171009999999996
2184518882.782474,2.139917
2184518883.4946456,2.532018
2184518887.841485,2.514013
2184518889.25766,3.282426
2184518893.811348,2.4183820000000003
2184518898.408632,3.4691549999999998
2184518902.975609,3.279924
2184518907.448155,2.8946520000000002
2184518912.1975217,3.5122069999999996
2184518919.6566668,2.4854
2184518922.376781,2.147174
2184518930.032546,2.882681
2184518930.186758,2.622723
2184518932.324901,2.751423
2184518934.3581896,2.712059
2184518938.0610347,2.9821299999999997
2184518940.845118,2.73089
2184518948.334893,2.4435759999999997
2184518948.732906,2.735981
2184518950.025231,2.560425
2184518951.3047047,2.398174
2184518953.049341,1.695827
2184518954.877027,2.705729
2184518955.4803886,2.7016090000000004
2184518955.626826,2.068825
2184518958.5123334,2.853383
2184518961.119073,2.555952
2184518961.827715,2.1927779999999997
2184518962.157153,2.5166199999999996
2184518969.1237693,2.479546
2184518974.9046507,2.367372
2184518975.905425,1.5966960000000001
2184518978.3541064,2.5093739999999998
2184518978.824532,2.517633
2184518981.127033,2.719639
2184518982.271541,2.641494
2184518984.999537,2.698309
2184518988.71167,3.190771
2184518990.717369,1.71652
2184518993.080386,2.273103
2184518996.49083,4.340496
2184519002.5099783,2.537369
2184519012.701134,2.481124
2184519014.0132847,2.618808
2184519015.6504784,2.196251
2184519018.127821,2.0012950000000003
2184519020.811352,1.3668440000000002
2184519021.9082303,2.65869
2184519025.672299,2.5540290000000003
2184519028.398928,2.687681
2184519029.200335,2.367375
2184519029.947728,2.3115010000000002
2184519032.058317,3.051424
2184519037.4449806,1.6481569999999999
2184519038.120403,2.346527
2184519038.343317,2.459155
2184519041.074194,2.918493
2184519041.7496843,2.802065
2184519043.489809,2.363779
2184519046.809596,2.042633
2184519053.355096,3.243074
2184519057.860651,2.230917
2184519065.1393204,1.9981640000000003
2184519071.793656,2.94368
2184519074.457356,2.6356499999999996
2184519079.67279,2.967981
2184519080.967997,2.239355
2184519082.379685,1.691238
2184519087.198071,2.396259
2184519092.6311517,2.56817
2184519100.329538,2.0096279999999997
2184519100.515276,2.499406
2184519103.114583,2.7472149999999997
2184519110.60571,1.9261110000000001
2184519111.005011,3.185759
2184519114.808397,2.590405
2184519115.494711,2.314826
2184519120.402975,3.603439
2184519120.571493,3.826647
2184519128.7287364,3.056524
2184519131.723921,2.26558
2184519133.285274,2.020211
2184519133.3685026,3.133959
2184519135.953437,2.6166280000000004
2184519137.517252,1.495257
2184519140.0908523,2.527475
2184519146.924717,2.583213
2184519147.370122,2.5007699999999997
2184519149.5980124,2.63423
2184519151.9999604,2.3483929999999997
2184519152.0227284,2.6882249999999996
2184519156.4771037,2.464865
2184519157.652079,1.527333
2184519159.1058908,2.457715
2184519163.984598,2.608664
2184519170.50931,3.059427
2184519170.6384683,1.884632
2184519171.314333,2.961903
2184519172.745028,2.162719
2184519173.135342,1.982012
2184519173.304246,1.938723
2184519179.641761,2.768085
2184519179.968077,2.539912
2184519181.5207148,3.01624
2184519182.686052,3.004506
2184519187.0025706,2.533801
2184519189.048626,2.019504
2184519191.0571303,2.647936
2184519192.148037,3.0714200000000003
2184519195.2555137,2.1977339999999996
2184519201.123565,2.555046
2184519202.115682,3.449546
2184519207.8386307,2.228859
2184519209.319795,2.428878
2184519209.809224,1.666159
2184519211.549027,2.3816699999999997
2184519211.612463,2.3148690000000003
2184519218.4810133,2.3472609999999996
2184519219.945097,1.402258
2184519219.996516,1.8058690000000002
2184519228.583447,1.793919
2184519230.9887033,2.845261
2184519233.973364,2.30794
2184519238.2453027,2.8113259999999998
2184519241.4792633,2.908753
2184519242.0052133,2.412877
2184519242.136261,2.227666
2184519251.6607757,3.88291
2184519266.3484473,2.99934
2184519269.756891,3.354937
2184519270.718602,2.4533549999999997
2184519275.4410877,3.316215
2184519275.996563,2.360944
2184519277.631866,2.139977
2184519277.775539,2.649859
2184519278.514937,2.43737
2184519281.4503217,2.313635
2184519284.2046113,2.7306340000000002
2184519287.4628353,2.051389
2184519289.124092,2.3675789999999997
2184519290.246397,2.744738
2184519293.074128,2.777027
2184519298.076861,3.4437360000000004
2184519299.387336,2.17882
2184519305.3794394,2.663337
2184519307.906631,2.494336
2184519311.8319287,2.6503989999999997
2184519313.9197197,2.847707
2184519315.832961,2.835247
2184519316.502027,2.740846
2184519317.038248,2.501635
2184519318.0246043,2.790024
2184519318.134934,1.806638
2184519319.11266,2.564779
2184519320.7276483,2.543683
2184519324.754271,2.5123979999999997
2184519333.7378983,3.0294950000000003
2184519335.505479,2.76741
2184519336.6460304,2.855571
2184519341.519313,2.812636
2184519344.833136,2.6333509999999998
2184519345.7537594,3.049223
2184519347.163029,2.2967809999999997
2184519347.397696,1.77092
2184519350.955645,2.716991
2184519352.087006,2.412286
2184519354.899107,2.770197
2184519356.624638,2.788788
2184519357.798498,2.8574059999999997
2184519360.903737,4.244435
2184519361.131175,3.288859
2184519361.8659086,2.316924
2184519363.529625,2.709923
2184519374.997075,4.124948
2184519377.1937943,3.6071419999999996
2184519378.0109143,2.312926
2184519380.8800497,2.814292
2184519382.450521,1.438368
2184519385.3269377,2.8419130000000004
2184519386.377137,2.653647
2184519388.602458,2.892471
2184519394.573332,2.173389
2184519396.289245,2.923235
2184519400.476912,1.800381
2184519401.442301,2.4900320000000002
2184519403.738095,2.028396
2184519404.641687,2.61008
2184519404.6651793,3.147122
2184519407.037206,2.5768549999999997
2184519413.716779,1.7784980000000001
2184519425.630369,2.067064
2184519427.3051124,2.756678
2184519428.1372323,2.61093
2184519429.2089834,1.870051
2184519431.855503,2.25814
2184519432.717245,2.983534
2184519436.735977,2.6400490000000003
2184519438.572437,2.600124
2184519444.2220087,2.965377
2184519445.372245,2.4097329999999997
2184519447.4290347,2.6482699999999997
2184519451.747085,2.889871
2184519452.2223988,2.449768
2184519458.103536,3.042398
2184519458.725947,2.582025
2184519462.607748,2.301902
2184519463.673178,3.233561
2184519465.2352014,2.574069
2184519466.0391493,2.329997
2184519469.280384,2.32272
2184519471.946196,2.85956
2184519478.262377,2.820548
2184519480.283337,1.9827579999999998
2184519503.78105,3.0300320000000003
2184519506.3127027,1.720104
2184519513.914826,3.544176
2184519518.194293,3.556723
2184519519.021935,2.302829
2184519521.440222,2.701689
2184519521.998757,4.3200449999999995
2184519525.059035,2.207761
2184519527.519903,1.610834
2184519531.1522207,2.784514
2184519537.919158,2.543203
2184519538.8943653,2.8333
2184519544.1296763,2.010591
2184519547.255862,2.920943
2184519549.926074,2.631372
2184519550.9867764,2.761069
2184519556.747283,2.6594460000000004
2184519559.137436,2.697292
2184519562.202333,2.50956
2184519570.113831,2.778961
2184519574.838018,3.459727
2184519577.200439,2.303289
2184519578.019141,1.826306
2184519578.293584,2.34927
2184519580.653848,2.61071
2184519581.2286572,2.902984
2184519582.8857136,1.603141
2184519583.978466,2.353899
2184519583.983282,3.286478
2184519589.988939,2.414873
2184519590.423762,2.716887
2184519592.884868,2.2206550000000003
2184519594.370039,2.880189
2184519596.538959,3.595816
2184519598.2743797,1.872428
2184519601.735695,2.271248
2184519602.795006,2.556098
2184519604.988161,2.698263
2184519606.42311,2.041074
2184519608.6776648,2.136906
2184519609.1945887,1.718481
2184519615.461946,2.888134
2184519626.5687413,1.430768
2184519631.665364,2.499105
2184519633.031854,2.268391
2184519634.441689,2.741571
2184519634.4688234,2.583339
2184519635.718047,2.8298720000000004
2184519640.987775,2.6743930000000002
2184519641.0241237,2.417988
2184519644.102434,3.061004
2184519644.6400943,3.209244
2184519646.072289,1.906775
2184519647.204453,2.998967
2184519647.838992,2.797671
2184519651.819323,2.20334
2184519656.600296,2.006862
2184519657.8773556,2.24181
2184519659.017818,2.731341
2184519664.888633,3.08284
2184519666.6870437,2.444041
2184519666.847969,2.229681
2184519667.503702,2.563093
2184519668.309154,2.5809990000000003
2184519668.378378,1.480082
2184519674.006608,2.420962
2184519674.913438,2.370657
2184519677.960187,3.0057069999999997
2184519681.621938,2.755539
2184519684.9459,2.957853
2184519687.534556,2.543823
2184519690.545663,3.4110080000000003
2184519690.560618,2.226928
2184519691.0949383,2.755203
2184519693.687641,2.542921
2184519698.526854,2.187007
2184519702.957746,3.3241490000000002
2184519705.5421143,2.255254
2184519709.421318,2.545934
2184519711.258742,2.968122
2184519711.570659,1.2844449999999998
2184519713.003087,3.517769
2184519713.799188,2.489545
2184519713.832955,2.2342690000000003
2184519715.9073434,2.2664370000000003
2184519716.1448293,2.5369450000000002
2184519716.160556,2.310838
2184519721.819813,2.020978
2184519722.078151,2.274974
2184519725.948222,2.26592
2184519742.532043,2.452385
2184519748.460495,2.948243
2184519748.4946966,3.788573
2184519752.3542852,3.297367
2184519762.418352,2.5124660000000003
2184519766.029438,2.59889
2184519767.393506,2.288837
2184519768.086309,1.992587
2184519768.112102,2.490338
2184519772.4545293,3.789748
2184519781.286644,3.089151
2184519782.9585533,2.750513
2184519783.751917,2.839681
2184519786.165081,3.175018
2184519790.795042,1.957916
2184519790.8208075,2.599694
2184519797.3501987,2.534295
2184519806.457459,2.533814
2184519808.748243,2.209731
2184519809.1726427,2.4538149999999996
2184519809.294424,2.066787
2184519810.0550823,1.709643
2184519814.580781,2.7494110000000003
2184519819.438082,2.417388
2184519820.114337,2.4752680000000002
2184519823.332056,3.228213
2184519825.5975156,2.684466
2184519828.195427,2.070369
2184519831.178247,2.350235
2184519833.8828154,2.656291
2184519836.199214,3.6102719999999997
2184519838.004303,2.146089
2184519842.3706217,2.315203
2184519842.794314,2.600966
2184519851.144407,2.494246
2184519853.86683,2.6427009999999997
2184519855.4675612,2.358878
2184519861.814152,2.74803
2184519864.848664,2.383893
2184519867.2260323,2.325297
2184519867.55263,2.0199380000000002
2184519868.892694,2.392327
2184519876.127881,3.5967569999999998
2184519877.855842,2.383735
2184519879.226306,1.334929
2184519883.5735183,2.064512
2184519888.206832,2.357753
2184519889.187773,2.434609
2184519892.936966,2.863016
2184519894.31185,2.2181599999999997
2184519895.430166,2.4542
2184519907.1824846,2.144416
2184519908.66591,1.676679
2184519911.1373177,2.424868
2184519913.162412,2.772321
2184519924.287369,2.5851129999999998
2184519926.108657,2.5003859999999998
2184519929.9108863,2.4479520000000003
2184519934.948101,2.777746
2184519942.455417,2.38288
2184519948.706735,2.310009
2184519950.495949,2.249816
2184519950.666939,1.507759
2184519952.926996,2.396724
2184519953.826523,2.7755430000000003
2184519960.373817,3.908289
2184519964.057426,2.380222
2184519964.599634,2.419328
2184519966.241136,2.402507
2184519969.447491,2.348612
2184519972.158222,2.379296
2184519977.501646,2.2465279999999996
2184519979.553279,2.028078
2184519983.779103,2.207048
2184519985.800636,1.5993570000000001
2184519986.0536733,2.243377
2184519991.434075,2.770287
2184519993.131777,2.249555
2184519997.0630326,3.876609
2184519998.9739723,2.9401520000000003
2184520001.118535,3.0893100000000002
2184520002.7022834,2.404792
2184520003.4584484,4.4317530000000005
2184520007.713593,1.8707420000000001
2184520012.6345487,2.013365
2184520014.587741,2.5943609999999997
2184520017.27344,2.900229
2184520018.991068,2.42794
2184520021.5551143,2.512861
2184520027.4292808,1.784195
2184520031.572866,1.9910800000000002
2184520032.6340537,2.348378
2184520033.6224513,2.594871
2184520036.1049223,2.8116489999999996
2184520036.6408253,1.859979
2184520039.559289,2.886044
2184520047.826524,2.5661899999999997
2184520051.447343,1.883203
2184520054.176153,2.928432
2184520055.4335446,2.530155
2184520056.747949,2.531587
2184520057.4832253,2.329917
2184520063.657682,2.2746210000000002
2184520064.3872304,1.54196
2184520066.6327333,2.210507
2184520069.70252,2.059161
2184520069.7125497,2.3767189999999996
2184520075.068316,2.318065
2184520075.58516,2.093391
2184520077.6297398,2.3645799999999997
2184520079.662779,3.4616629999999997
2184520080.6891804,1.556587
2184520087.164055,2.079416
2184520091.036633,2.0684560000000003
2184520093.101122,2.288632
2184520096.847588,2.0144439999999997
2184520098.3798933,2.2258299999999998
2184520105.930567,2.631351
2184520114.732402,1.685094
2184520115.3413544,2.1850229999999997
2184520116.953268,2.184408
2184520122.1895747,4.600854
2184520122.192161,3.9314479999999996
2184520122.6724253,3.351591
2184520125.256287,3.0121599999999997
2184520125.981011,1.8765679999999998
2184520128.983704,2.742652
2184520135.994734,4.089606
2184520141.119312,2.875552
2184520148.907167,3.1558010000000003
2184520155.320547,2.220543
2184520156.0757937,2.4769560000000004
2184520157.7838902,2.430223
2184520158.441708,2.1859219999999997
2184520161.841497,2.675119
2184520163.53152,1.45645
2184520168.2139683,2.082769
2184520169.766089,2.565473
2184520173.365775,2.6015539999999997
2184520174.795671,3.221387
2184520180.368865,2.377432
2184520182.033279,1.642152
2184520182.383668,1.907142
2184520184.1148,2.742991
2184520185.53694,2.154512
2184520187.7558947,2.180145
2184520188.77246,2.509541
2184520190.457257,2.587408
2184520191.495737,2.095679
2184520192.98141,2.1542969999999997
2184520206.2570534,3.075624
2184520209.066402,2.136071
2184520209.727891,2.1846729999999996
2184520212.8130093,2.410062
2184520213.241221,1.919108
2184520216.937847,2.2487380000000003
2184520217.474282,1.5921290000000001
2184520219.8176413,2.2895
2184520221.789624,1.790641
2184520222.830487,2.605101
2184520223.323527,2.624298
2184520223.37747,1.541265
2184520225.608638,2.268693
2184520225.6376047,2.231568
2184520226.60619,2.626054
2184520228.172443,2.5048340000000002
2184520229.750132,1.451792
2184520232.930409,2.794806
2184520233.875356,2.222549
2184520239.766356,2.6196040000000003
2184520240.560967,2.581429
2184520247.12462,4.650222
2184520247.533292,3.585918
2184520249.999425,3.03383
2184520251.034332,3.226655
2184520254.7458367,3.9653070000000006
2184520259.99899,4.430546
2184520263.3468533,3.26003
2184520265.663979,3.410775
2184520266.814633,1.673246
2184520269.8547177,3.7751210000000004
2184520273.0169,2.082097
2184520277.293039,2.8747339999999997
2184520277.5339017,1.9661119999999999
2184520280.184057,2.605257
2184520280.1975284,1.741938
2184520280.631244,2.879797
2184520286.606735,2.7913819999999996
2184520296.9108663,2.508219
2184520299.284402,1.657132
2184520304.230915,2.951075
2184520306.104972,2.824042
2184520306.721879,2.3258110000000003
2184520306.753537,2.470249
2184520309.265849,3.109091
2184520313.753874,2.537369
2184520316.818516,1.518878
2184520317.1961427,2.690448
2184520319.836541,2.966875
2184520319.861074,2.625976
2184520325.505933,2.901408
2184520326.9060493,2.847554
2184520328.412096,2.853465
2184520330.543714,1.971148
2184520334.9329133,2.67502
2184520337.238778,2.258626
2184520343.439339,1.465569
2184520344.8575277,2.5393719999999997
2184520345.785363,1.276288
2184520346.162492,2.687259
2184520347.298618,2.933994
2184520348.278251,2.459103
2184520353.843709,1.447973
2184520356.504799,2.188758
2184520357.630155,2.633488
2184520361.924969,2.692615
2184520374.393681,3.397593
2184520379.193688,2.500435
2184520385.6274953,2.874181
2184520385.920608,2.086806
2184520386.117049,2.261287
2184520389.1508117,2.352598
2184520389.207915,2.4359949999999997
2184520395.629426,1.9875880000000001
2184520398.1563,2.770101
2184520399.594822,2.621909
2184520399.920816,1.736578
2184520403.286706,1.923952
2184520403.698421,2.6233210000000002
2184520406.939173,2.541698
2184520416.7123947,1.6253929999999999
2184520424.790245,2.156463
2184520430.0220737,2.2634209999999997
2184520430.2571926,2.5812220000000003
2184520432.534318,2.440261
2184520434.153329,2.4891319999999997
2184520437.749777,2.200876
2184520440.624745,2.251562
2184520440.658889,2.3414289999999998
2184520443.716553,2.5561350000000003
2184520447.2294283,2.703696
2184520447.647948,2.425881
2184520454.170384,2.3975250000000004
2184520457.220397,3.413966
2184520460.552623,2.627399
2184520462.281505,1.730044
2184520464.678543,2.3584650000000003
2184520464.788373,3.051602
2184520467.3160763,1.949101
2184520468.241134,2.7608110000000003
2184520472.388104,1.386072
2184520474.427151,2.793353
2184520475.111088,2.876414
2184520481.101831,2.63298
2184520481.150173,2.549997
2184520483.4793253,2.336463
2184520485.337874,2.190605
2184520491.076388,2.153748
2184520491.282517,3.04863
2184520491.5967917,2.0053750000000004
2184520501.445175,3.63271
2184520503.811774,1.87883
2184520507.084169,2.617397
2184520509.370098,2.302673
2184520510.192952,2.2146459999999997
2184520510.693972,3.169499
2184520518.608942,2.471319
2184520519.934031,2.5233
2184520521.3970857,2.23581
2184520524.112162,2.688139
2184520524.547216,3.104596
2184520526.265963,2.642868
2184520527.710544,3.125563
2184520535.395763,2.365755
2184520535.415376,2.823103
2184520538.371746,2.897583
2184520540.826161,3.102161
2184520547.1170783,2.525871
2184520553.1055436,2.639256
2184520553.42124,2.20324
2184520555.191656,1.487349
2184520557.381259,2.070676
2184520559.0231643,2.724565
2184520560.80133,3.468612
2184520566.701097,2.581476
2184520566.9925547,2.475878
2184520569.939593,2.755655
2184520574.2157164,2.683309
2184520576.419249,2.17036
2184520576.463422,2.242331
2184520582.74513,3.696669
2184520583.2872252,2.628005
2184520584.82087,3.034893
2184520587.467196,2.5935200000000003
2184520588.942943,2.4112489999999998
2184520591.721467,2.2114890000000003
2184520594.709763,2.719795
2184520595.5749087,2.8073289999999997
2184520600.986649,1.768762
2184520603.3980417,1.335648
2184520608.046166,3.524651
2184520613.117873,2.180688
2184520613.475155,2.629478
2184520618.0168853,2.396526
2184520621.526454,4.666881
2184520622.746563,4.464581
2184520625.145679,3.5664719999999996
2184520626.558737,2.93173
2184520628.265274,3.057536
2184520629.659769,3.067667
2184520631.635406,2.431948
2184520632.799443,3.595114
2184520633.128425,2.12533
2184520639.4989,1.921519
2184520640.6679296,2.516668
2184520650.308653,3.5655650000000003
2184520653.2231064,2.700452
2184520653.518544,2.110022
2184520653.996308,2.357855
2184520656.2344294,2.954992
2184520657.760686,2.68826
2184520658.801085,2.559393
2184520662.437335,2.993299
2184520664.712502,2.671219
2184520667.131305,2.93926
2184520670.540295,2.756399
2184520670.620186,2.734739
2184520672.2892942,1.415474
2184520674.274828,2.6263609999999997
2184520674.5040073,2.599923
2184520674.8111577,2.4802980000000003
2184520676.862244,2.536303
2184520677.2701592,2.853201
2184520682.880229,2.67259
2184520684.88942,2.895757
2184520685.463314,2.3547350000000002
2184520688.518559,1.6197869999999999
2184520689.7029386,2.1472510000000002
2184520694.5821357,2.6453610000000003
2184520698.893448,3.1986459999999997
2184520699.027501,2.411884
2184520701.520801,2.701602
2184520706.5608406,2.5662599999999998
2184520709.376079,3.0232710000000003
2184520715.5874877,1.513108
2184520719.24775,1.801663
2184520725.862042,2.268631
2184520726.25241,2.1184250000000002
2184520729.850015,2.7504399999999998
2184520731.6581492,1.7561630000000001
2184520734.855496,2.810389
2184520738.312643,2.476422
2184520738.3696146,1.950665
2184520745.3714137,2.965935
2184520748.378748,2.975084
2184520751.986887,3.5571499999999996
2184520755.9473467,2.540811
2184520756.06487,2.530898
2184520759.105327,2.4452290000000003
2184520762.8548803,3.699669
2184520764.290939,3.041575
2184520766.97808,3.387799
2184520768.231411,3.268839
2184520769.7173643,2.866225
2184520770.956717,2.670744
2184520772.194257,2.458159
2184520774.088869,2.437093
2184520774.996875,2.739344
2184520775.753285,1.408252
2184520776.563509,2.4374990000000003
2184520778.8977723,2.0360259999999997
2184520787.162072,2.94618
2184520791.068282,3.169415
2184520795.800101,2.38462
2184520797.1207657,2.523121
2184520800.109885,2.478657
2184520801.722902,1.32744
2184520802.850026,2.686342
2184520804.510196,2.550181
2184520805.637918,2.130445
2184520809.12291,2.1380689999999998
2184520811.654436,2.1893569999999998
2184520812.376619,2.6796580000000003
2184520815.412635,2.350626
2184520819.042101,2.168438
2184520821.913568,1.4736989999999999
2184520827.87577,2.742716
2184520830.445465,2.954942
2184520833.498635,2.999115
2184520833.718102,2.344399
2184520834.752974,2.881433
2184520840.450998,2.322982
2184520845.563634,2.9296830000000003
2184520845.773081,3.2179159999999998
2184520849.6542673,2.413401
2184520851.4424233,2.341988
2184520852.2040586,2.5155920000000003
2184520853.851622,2.571538
2184520854.5612593,3.201016
2184520858.1693063,1.348046
2184520861.770891,3.3282950000000002
2184520868.896167,2.827197
2184520873.334035,3.905077
2184520879.451341,4.142588
2184520883.865283,3.720456
2184520886.703374,3.577598
2184520888.446116,2.938883
2184520891.236638,2.822333
2184520891.5441093,2.5243409999999997
2184520894.433939,3.1472219999999997
2184520897.733753,3.5379970000000003
2184520901.129474,3.086919
2184520902.219732,2.571664
2184520902.245789,3.074894
2184520905.913067,2.940527
2184520913.702557,3.791705
2184520914.418836,4.3317060000000005
2184520917.75839,3.2804650000000004
2184520921.125556,2.133102
2184520921.238813,3.412802
2184520928.089188,2.132161
2184520929.5515747,1.833115
2184520931.3077593,2.041887
2184520934.3361387,1.9777890000000002
2184520936.872677,2.4886079999999997
2184520936.889372,1.990797
2184520943.0165353,2.833571
2184520945.870892,2.3556
2184520951.728424,2.772662
2184520961.261928,2.821643
2184520963.72942,2.481319
2184520971.247729,2.211714
2184520973.367358,2.0687230000000003
2184520976.731143,1.569518
2184520977.526433,2.682524
2184520985.65454,2.764399
2184520986.962676,3.126965
2184520989.901247,2.901109
2184520991.092895,2.071866
2184520991.649847,2.094195
2184520992.867631,2.300811
2184520994.294634,3.16507
2184520997.4570217,3.123498
2184520999.590098,1.9319870000000001
2184521004.836272,2.9356540000000004
2184521007.1927867,2.8190239999999998
2184521007.895038,2.6429560000000003
2184521007.9592776,3.082349
2184521015.178338,3.596241
2184521016.670038,3.246561
2184521019.142552,3.2516030000000002
2184521021.9068403,3.174236
2184521023.944683,2.746169
2184521025.798409,2.737186
2184521027.001046,2.144472
2184521037.691121,2.526949
2184521040.2005963,3.048445
2184521045.499734,2.560355
2184521046.474951,2.369596
2184521049.439692,2.353558
2184521054.486032,2.75719
2184521057.585305,2.331789
2184521058.4424424,3.375066
2184521060.113457,2.436073
2184521063.645052,2.1347229999999997
2184521063.983251,2.3772699999999998
2184521065.241714,2.6973969999999996
2184521066.3786983,2.326683
2184521066.472188,2.28132
2184521068.225821,2.929482
2184521070.7896457,2.529531
2184521072.222194,2.7361310000000003
2184521078.9322,2.1315209999999998
2184521080.516126,2.326762
2184521081.512549,2.370305
2184521087.7905397,2.778994
2184521092.215773,2.692559
2184521104.1264477,2.892434
2184521106.515295,2.333734
2184521106.918089,2.082815
2184521109.0445404,2.497093
2184521112.363966,2.677924
2184521113.515099,2.501704
2184521115.902934,2.4405669999999997
2184521117.61203,2.683074
2184521119.584825,2.929392
2184521121.225493,3.577923
2184521136.257391,1.616607
2184521137.089619,2.324596
2184521138.909502,3.051196
2184521139.905942,3.595722
2184521140.776407,4.259397
2184521146.205147,3.0329960000000002
2184521148.315858,2.995455
2184521154.3488994,3.05694
2184521154.8155823,2.890386
2184521161.467079,2.3959390000000003
2184521164.107106,3.222886
2184521165.7722054,1.911058
2184521165.8687167,2.546851
2184521170.787696,1.6909290000000001
2184521176.6776757,2.429974
2184521179.4440646,2.724456
2184521179.826417,2.364222
2184521180.879847,2.374838
2184521186.0551376,2.646437
2184521188.0888042,1.5422339999999999
2184521197.615951,2.748077
2184521198.609732,1.37075
2184521199.151217,1.7880260000000001
2184521200.553002,2.1369890000000002
2184521201.0629897,2.418116
2184521203.0236487,2.30158
2184521203.1749773,2.0585310000000003
2184521205.6273904,2.416653
2184521208.9269032,2.509817
2184521209.62966,2.814365
2184521215.475121,2.028482
2184521216.833944,2.583213
2184521224.6876593,2.749827
2184521225.498429,2.468129
2184521231.505434,3.20144
2184521233.040371,2.075729
2184521234.200472,2.100567
2184521235.443496,2.351925
2184521237.555901,3.32359
2184521240.38209,3.874101
2184521241.991714,3.0092640000000004
2184521242.9118457,2.466649
2184521244.652704,2.958281
2184521252.232825,3.588839
2184521259.7936263,4.479807
2184521267.028863,3.1508529999999997
2184521272.413938,2.792008
2184521277.9164667,2.669035
2184521279.019317,1.882076
2184521281.665425,1.828444
2184521284.4515,2.662593
2184521292.314187,1.461829
2184521294.311427,2.661756
2184521301.045642,3.241787
2184521305.5930824,1.556291
2184521309.96718,1.490165
2184521311.192369,2.436843
2184521311.336909,2.917719
2184521314.025655,2.668026
2184521316.229987,2.175658
2184521316.796178,2.3284629999999997
2184521320.690831,2.682126
2184521327.448471,2.413512
2184521336.687036,2.9156400000000002
2184521339.783553,3.056675
2184521341.4779606,2.5546029999999997
2184521351.533055,2.836523
2184521351.6247187,2.22055
2184521357.0766,2.2790850000000002
2184521359.473281,1.730841
2184521359.752141,3.441817
2184521363.539398,2.4138409999999997
2184521366.235599,2.2637709999999998
2184521376.300353,3.057766
2184521380.1957717,2.7182679999999997
2184521380.4948792,2.206036
2184521381.106319,2.7750090000000003
2184521384.430862,3.679525
2184521388.106591,2.930578
2184521392.383732,3.033661
2184521393.5353613,3.090589
2184521395.1099153,2.580837
2184521395.585398,2.472077
2184521398.741569,3.10657
2184521401.714438,2.887199
2184521401.998656,2.5984100000000003
2184521404.3187323,2.260729
2184521405.3846908,2.324285
2184521408.291774,2.0521570000000002
2184521412.381447,2.768161
2184521418.565394,1.367948
2184521439.886861,2.346301
2184521442.670836,1.492051
2184521443.728434,3.039427
2184521446.337484,2.56746
2184521450.780033,2.172646
2184521451.697872,2.531911
2184521460.264326,3.007686
2184521460.859146,2.480878
2184521472.665614,2.705382
2184521474.2968364,2.076002
2184521477.321961,2.0088649999999997
2184521480.0546412,2.642231
2184521481.248201,2.536389
2184521482.580408,2.170809
2184521482.942575,1.591669
2184521485.412976,1.951276
2184521490.4899898,1.8663379999999998
2184521490.783144,2.621259
2184521496.395934,3.6427
2184521498.383231,3.73996
2184521502.351243,3.906344
2184521514.655753,2.862133
2184521519.99339,1.9845869999999999
2184521526.13378,3.592946
2184521529.00837,2.821596
2184521529.8706837,2.8079989999999997
2184521535.4051948,3.048972
2184521536.224578,2.433907
2184521536.317354,2.5956170000000003
2184521541.6862507,3.575216
2184521543.377533,2.854632
2184521544.8075614,1.993103
2184521550.7020802,2.4185130000000004
2184521555.45476,2.817236
2184521555.580062,2.466687
2184521556.393051,2.9793279999999998
2184521558.912321,1.431561
2184521558.97672,2.13431
2184521562.785565,3.1057099999999997
2184521565.431596,2.594661
2184521565.88548,2.734911
2184521573.132319,2.772484
2184521575.306276,2.750733
2184521575.4692097,2.3068239999999998
2184521575.53133,2.4118500000000003
2184521576.573143,2.364919
2184521578.014873,2.669683
2184521587.483891,2.238085
2184521593.783444,3.020461
2184521596.55659,2.7378530000000003
2184521598.134117,2.526198
2184521600.1925797,2.98078
2184521603.0572557,2.543168
2184521603.298336,2.715846
2184521605.729995,2.397944
2184521619.057109,2.851315
2184521621.103955,3.032209
2184521629.9934864,4.606524
2184521634.897166,2.847376
2184521642.469619,2.445788
2184521643.175424,2.494062
2184521644.361307,1.359215
2184521652.2096243,2.405249
2184521655.107368,2.172541
2184521658.914049,2.500458
2184521663.971866,2.636078
2184521666.8365083,2.648941
2184521669.759112,2.32002
2184521672.269756,3.629612
2184521679.801899,2.102064
2184521683.549711,2.367318
2184521686.625813,2.960638
2184521689.3349986,2.2622609999999996
2184521691.559719,1.484737
2184521692.162913,2.585086
2184521695.819125,3.240655
2184521701.518787,2.5901069999999997
2184521702.3449697,2.7761180000000003
2184521703.605137,2.250976
2184521708.112272,2.333707
2184521710.124092,1.9722670000000002
2184521712.5253344,2.348747
2184521715.193968,2.2921489999999998
2184521720.083337,2.828111
2184521722.40336,2.734813
2184521722.759213,2.631479
2184521724.642975,2.2086050000000004
2184521735.304026,2.4254010000000004
2184521741.6377997,3.167268
2184521743.0273857,2.714316
2184521744.292019,2.608307
2184521751.618043,2.609311
2184521752.2077622,2.3733959999999996
2184521757.702167,2.974094
2184521765.123467,3.288151
2184521773.4605417,2.253251
2184521776.285214,2.784484
2184521783.425461,2.497458
2184521785.478151,2.6169729999999998
2184521786.1314483,2.52712
2184521786.465456,2.95407
2184521789.298023,2.793151
2184521791.609603,3.6710290000000003
2184521799.450141,1.700172
2184521799.838458,2.570596
2184521800.488869,2.495988
2184521803.674498,2.373313
2184521804.4838753,1.928477
2184521807.574852,2.237144
2184521808.6196632,2.507106
2184521812.928581,2.0767149999999996
2184521814.688058,2.927383
2184521815.310799,2.479785
2184521817.69523,2.968445
2184521825.456249,2.680278
2184521825.796648,2.494821
2184521826.677283,2.4809609999999997
2184521829.699266,2.984667
2184521832.2782817,2.3996429999999997
2184521834.367446,2.4892260000000004
2184521836.891198,2.023636
2184521842.222853,2.650422
2184521851.2658963,1.456291
2184521855.612709,2.284959
2184521860.629586,2.052009
2184521862.9065413,2.84722
2184521864.578401,2.364245
2184521869.5226192,3.057754
2184521871.1696553,3.898786
2184521874.018515,3.5131479999999997
2184521876.553097,2.518369
2184521876.6179533,2.5504640000000003
2184521883.3848157,2.306491
2184521884.222601,2.744055
2184521885.302222,2.698584
2184521896.4699216,3.033455
2184521898.119695,2.3739429999999997
2184521900.235952,2.887743
2184521907.648171,2.104695
2184521908.890452,2.82342
2184521909.800868,2.845848
2184521913.4986873,3.233633
2184521921.199198,2.921334
2184521925.3324227,2.623635
2184521931.618721,2.17525
2184521945.937194,3.01801
2184521949.706006,3.178958
2184521954.099599,1.9513429999999998
2184521958.456337,2.3814830000000002
2184521960.619552,2.519129
2184521970.8701677,2.7167480000000004
2184521972.2126226,2.992314
2184521972.302583,2.122209
2184521975.959395,2.539183
2184521976.342135,2.1727719999999997
2184521979.064372,2.282998
2184521982.101064,2.985959
2184521982.817441,2.1580079999999997
2184521992.893086,2.435081
2184521999.042873,2.794824
2184522012.745327,2.394116
2184522016.304613,2.696774
2184522019.695056,1.896645
2184522024.287428,2.301443
2184522026.058669,2.7262910000000002
2184522033.841592,3.1860500000000003
2184522036.2652183,2.37626
2184522038.627529,1.6563809999999999
2184522043.580907,2.103818
2184522043.978923,2.713564
2184522045.289249,2.5473079999999997
2184522047.145748,1.820714
2184522061.6500697,2.7277310000000003
2184522064.618588,3.589522
2184522074.79139,2.513665
2184522080.147727,2.683955
2184522082.7073083,2.518944
2184522083.667404,2.3621
2184522086.5610557,2.8629670000000003
2184522086.566531,2.784354
2184522088.759224,2.047155
2184522089.1062703,2.494621
2184522089.113905,2.513778
2184522090.962208,2.1490289999999996
2184522101.470861,2.454627
2184522101.534958,2.4101169999999996
2184522102.172042,2.409696
2184522104.163705,2.630711
2184522106.991265,2.7768010000000003
2184522109.3703594,2.905266
2184522109.889149,2.850072
2184522114.4432673,2.9313439999999997
2184522116.208369,2.511904
2184522119.0042996,3.2835
2184522128.664525,3.291431
2184522129.9976974,2.511461
2184522130.391355,2.809658
2184522131.403824,2.6757959999999996
2184522140.653677,2.6264399999999997
2184522144.685899,3.2780069999999997
2184522145.165728,1.9040540000000001
2184522148.225063,2.738698
2184522148.417368,2.183124
2184522150.964297,2.5106870000000003
2184522159.4922867,2.5010470000000002
2184522160.4929137,3.112038
2184522165.488857,2.9848019999999997
2184522166.1604342,2.611971
2184522169.28081,3.079141
2184522169.8690934,3.066394
2184522175.865471,3.100158
2184522185.731421,1.586524
2184522186.648927,2.257898
2184522188.6286907,2.276233
2184522189.133708,2.787642
2184522194.9094276,2.236637
2184522198.493813,3.2994320000000004
2184522201.5593324,3.349725
2184522208.8166533,2.60163
2184522209.333804,2.492419
2184522210.653891,2.155494
2184522212.797914,2.585001
2184522212.995164,2.391902
2184522224.2266593,2.363093
2184522224.354127,2.457435
2184522228.0463476,2.982852
2184522229.087585,1.599961
2184522229.803843,2.610073
2184522233.453475,2.620268
2184522241.601613,2.792703
2184522242.8456,2.378129
2184522246.6120553,3.343553
2184522249.031795,3.5829999999999997
2184522249.0944858,1.891656
2184522252.117296,2.736703
2184522252.967417,2.107823
2184522255.8403378,2.589786
2184522256.4464703,3.211727
2184522270.9169497,2.61124
2184522270.92565,3.143725
2184522274.407344,2.147914
2184522275.146851,3.216719
2184522279.579604,1.628736
2184522280.232225,2.387549
2184522283.504551,2.60256
2184522285.761887,3.194077
2184522289.288932,3.4742010000000003
2184522295.0112367,2.277771
2184522295.038692,2.480804
2184522296.272372,2.047807
2184522296.416034,2.495513
2184522297.81398,2.249555
2184522300.376304,2.5216269999999996
2184522303.1566057,2.572242
2184522305.099066,2.205141
2184522305.350183,2.330266
2184522306.806748,2.420336
2184522307.723435,2.32146
2184522308.9726357,2.378724
2184522314.075934,1.999424
2184522314.135245,2.2503480000000002
2184522316.1871,1.879426
2184522316.4800453,2.284264
2184522317.592583,2.971253
2184522323.249409,2.9192
2184522327.980054,2.083945
2184522328.658598,2.9106750000000003
2184522330.795493,2.6641630000000003
2184522334.4563746,2.619968
2184522334.662438,3.271839
2184522339.760314,2.8813020000000003
2184522342.5090246,2.683204
2184522343.353029,1.5853709999999999
2184522353.804069,2.357651
2184522361.472296,3.743337
2184522363.786464,2.275012
2184522368.898184,2.515275
2184522375.901201,2.7663219999999997
2184522378.95312,2.3091169999999996
2184522381.477112,2.472728
2184522381.771544,2.860897
2184522383.909642,2.378753
2184522384.6416764,2.809596
2184522388.152495,2.788092
2184522388.7283463,3.5406220000000004
2184522395.050753,2.5277089999999998
2184522395.115902,2.899299
2184522399.428269,2.903909
2184522403.7242413,3.7503699999999998
2184522406.4309707,2.668323
2184522410.239989,2.741052
2184522412.2289367,3.025761
2184522413.344227,3.3201709999999998
2184522413.80807,2.7136080000000002
2184522415.881189,2.4943869999999997
2184522416.102057,2.2523489999999997
2184522418.8154497,2.672364
2184522420.947652,2.489973
2184522431.933599,3.285978
2184522433.656518,3.045668
2184522434.291598,2.601789
2184522440.8688297,2.290807
2184522442.6080728,2.206156
2184522443.329509,2.461974
2184522447.6950192,2.268503
2184522453.445876,3.3632940000000002
2184522453.8322363,2.7172099999999997
2184522455.376738,1.511574
2184522456.986027,1.562949
2184522458.0621867,2.6542879999999998
2184522460.1959896,2.656743
2184522462.854332,2.2482499999999996
2184522465.704319,2.959333
2184522473.933634,2.944216
2184522476.145985,2.251297
2184522476.3663177,2.378218
2184522476.7369018,2.711239
2184522478.93499,2.412557
2184522479.158656,2.974834
2184522480.12684,2.7237009999999997
2184522485.8717623,3.199241
2184522492.564871,2.441558
2184522494.709358,3.627504
2184522497.948653,3.177816
2184522498.741506,3.3871740000000004
2184522504.797134,3.5536220000000003
2184522505.137422,2.75218
2184522505.450638,2.905636
2184522508.3064733,2.814133
2184522512.3078313,3.2929600000000003
2184522513.509963,2.7559
2184522518.119052,1.651467
2184522520.11771,2.424804
2184522521.54725,2.384461
2184522523.575094,2.102249
2184522525.151511,2.950883
2184522528.82162,2.698919
2184522532.1345162,2.173087
2184522538.599358,2.8237520000000003
2184522539.237381,2.545121
2184522543.116981,2.95487
2184522549.288018,2.391404
2184522551.01347,3.432134
2184522555.249845,2.3963259999999997
2184522556.0788217,3.15068
2184522557.305436,1.661522
2184522561.8868,2.732889
2184522562.471946,2.0713369999999998
2184522567.687579,2.7338169999999997
2184522568.054821,2.1230200000000004
2184522568.13645,2.072292
2184522575.385452,2.486687
2184522576.841939,2.692022
2184522577.078071,3.043145
2184522580.738547,2.412108
2184522581.6563087,3.3334639999999998
2184522586.867291,2.5971610000000003
2184522590.351544,1.804305
2184522594.386735,2.9063000000000003
2184522595.284045,2.794323
2184522598.849482,2.809298
2184522599.687663,2.69903
2184522602.173902,3.122507
2184522608.354896,3.0613099999999998
2184522613.142259,2.072761
2184522618.275969,1.9988800000000002
2184522619.593645,3.152672
2184522627.903156,3.9930410000000003
2184522628.081537,2.6102410000000003
2184522629.154788,4.02907
2184522630.963832,2.8489999999999998
2184522632.446232,2.59302
2184522633.470336,4.252551
2184522635.285602,2.790776
2184522635.852142,2.4159810000000004
2184522636.500994,2.290698
2184522640.269341,3.054132
2184522642.4422207,2.891605
2184522655.577681,2.837556
2184522659.0669403,2.968213
2184522662.627183,3.121031
2184522665.601392,2.9222979999999996
2184522666.790405,2.6932470000000004
2184522668.6546,3.015383
2184522669.6833677,2.379702
2184522669.8013477,1.939989
2184522672.101217,2.36411
2184522674.161221,2.0249230000000003
2184522675.595101,2.799494
2184522677.1536627,2.522594
2184522677.743873,2.107448
2184522681.2235627,2.805089
2184522696.157042,2.452505
2184522697.041161,2.549897
2184522698.02912,2.426105
2184522699.858505,2.774552
2184522700.765654,2.699023
2184522702.234094,2.334713
2184522704.223471,2.651853
2184522709.840181,3.433013
2184522716.025076,2.7271729999999996
2184522716.062914,2.87052
2184522716.148492,2.150885
2184522719.395776,2.6417450000000002
2184522723.859584,2.1549270000000003
2184522727.769214,2.945385
2184522738.357557,2.6464269999999996
2184522739.351949,2.164134
2184522741.587691,2.760037
2184522742.273529,1.7918450000000001
2184522750.592783,4.366447
2184522752.331134,2.7533570000000003
2184522754.158399,1.775287
2184522754.610105,2.440899
2184522772.938336,2.1731849999999997
2184522778.330422,3.376164
2184522780.706645,2.55701
2184522783.730458,2.9701720000000003
2184522795.52879,1.862897
2184522797.825317,2.242156
2184522803.503395,2.782516
2184522809.057978,2.193647
2184522811.283878,2.194111
2184522813.943406,2.393932
2184522814.1038947,2.309608
2184522816.740111,2.58557
2184522817.5939636,2.32565
2184522819.522854,2.494874
2184522820.6896663,2.3813
2184522821.965552,2.758187
2184522822.406517,2.253813
2184522828.360405,2.665855
2184522838.875852,2.157571
2184522840.802593,1.2953789999999998
2184522844.331562,2.9893620000000003
2184522847.027651,2.803679
2184522851.17232,1.690982
2184522852.7843413,2.405443
2184522854.699045,3.023902
2184522855.492914,2.6624589999999997
2184522861.452354,2.866704
2184522862.8136487,1.309991
2184522862.94385,2.4620710000000003
2184522870.266581,3.778371
2184522870.8352513,3.0358709999999998
2184522874.71362,3.824283
2184522878.336459,3.559971
2184522879.4324083,2.5670379999999997
2184522881.469426,1.9852070000000002
2184522885.938466,3.527271
2184522887.511833,2.551246
2184522890.893031,3.330724
2184522895.497759,3.196544
2184522899.684903,2.066634
2184522900.584401,2.893157
2184522903.129796,1.7571869999999998
2184522904.964884,3.255593
2184522905.588943,2.424119
2184522906.354011,2.6471989999999996
2184522915.1396403,2.789479
2184522915.92614,2.865929
2184522918.906815,2.94441
2184522920.850278,1.8898890000000002
2184522921.191184,2.244675
2184522921.338437,2.993006
2184522928.0838127,3.483082
2184522930.110591,2.9327799999999997
2184522932.6640677,2.726032
2184522935.9809527,2.474463
2184522939.618316,2.888809
2184522941.3103957,1.644958
2184522950.5447593,2.170631
2184522950.6560087,2.021185
2184522951.2437887,2.282279
2184522953.218089,2.645763
2184522955.159536,2.577728
2184522965.013836,2.9666639999999997
2184522965.621633,2.129947
2184522968.750199,2.978828
2184522979.681014,2.725572
2184522988.505165,2.24513
2184522988.9428673,2.143861
2184522988.958602,2.02702
2184522991.611394,2.6065530000000003
2184522994.702965,3.04333
2184523000.6360908,3.338084
2184523005.2604733,3.462688
2184523005.545869,2.2240670000000002
2184523011.6437573,3.7914440000000003
2184523011.8595033,2.008982
2184523017.4046917,2.725765
2184523017.565351,2.606094
2184523020.711152,2.516909
2184523021.8980026,2.686979
2184523024.2495413,2.729986
2184523026.725309,3.1539200000000003
2184523027.207232,2.3985220000000003
2184523031.481351,2.0240489999999998
2184523031.846641,2.490717
2184523034.746658,2.2387650000000003
2184523035.128473,2.394736
2184523040.6147714,3.050995
2184523040.8608813,2.667624
2184523041.618238,2.349423
2184523044.260376,3.119253
2184523059.414102,1.308974
2184523070.711873,2.637748
2184523072.8840957,2.123173
2184523073.8567667,2.278959
2184523076.9090533,2.429198
2184523087.232831,2.354699
2184523087.5176897,2.559367
2184523091.129721,3.156366
2184523091.839095,3.520063
2184523092.0752363,1.5239310000000001
2184523095.1035113,2.7189419999999997
2184523097.990237,2.269422
2184523100.709469,2.643978
2184523103.320148,2.559691
2184523105.499573,3.9840600000000004
2184523107.836662,1.583146
2184523108.2027383,2.651164
2184523109.6954803,2.6160430000000003
2184523110.605803,2.7357229999999997
2184523114.7998686,3.27496
2184523115.719975,2.827322
2184523123.179588,2.63664
2184523129.32941,8.969855
2184523131.9725614,2.583305
2184523135.19941,3.176062
2184523137.757648,4.9663260000000005
2184523141.188744,4.0925579999999995
2184523142.223125,2.823537
2184523145.2387276,2.96054
2184523147.761659,2.461045
2184523150.599868,2.868327
2184523157.608512,2.56426
2184523158.36096,2.615044
2184523159.3014274,3.065755
2184523162.9166493,3.54623
2184523163.379117,1.526633
2184523164.127889,1.297412
2184523174.287022,2.466227
2184523174.304127,2.650487
2184523177.212073,2.854621
2184523179.553245,1.5056850000000002
2184523181.856951,2.50744
2184523183.8898387,2.217926
2184523186.471764,2.54729
2184523188.2415338,1.524899
2184523192.90121,2.6611059999999997
2184523195.499424,3.030749
2184523195.988627,2.58925
2184523197.9825563,1.84348
2184523199.644503,1.628156
2184523200.749555,2.731865
2184523207.168552,3.368986
2184523208.449623,1.760486
2184523209.953831,2.261082
2184523212.2219367,2.85374
2184523212.6773453,2.671733
2184523213.993411,1.706196
2184523214.669403,2.395851
2184523215.98427,2.29907
2184523216.429308,2.400287
2184523216.75527,2.054113
2184523226.239601,2.515618
2184523226.6478434,2.000796
2184523228.4541583,1.755626
2184523233.738278,2.710646
2184523236.2892313,1.9208070000000002
2184523239.412567,3.066404
2184523245.6892047,1.889597
2184523252.722762,2.9241800000000002
2184523257.731101,3.249587
2184523261.228579,2.711893
2184523264.072368,2.392506
2184523266.595413,1.504388
2184523269.7137747,3.0663370000000003
2184523277.056986,2.760994
2184523277.2088723,1.4341519999999999
2184523283.834853,2.9003750000000004
2184523285.5298457,2.580985
2184523287.2649946,2.5008640000000004
2184523288.383482,2.391738
2184523300.4050007,2.308004
2184523301.075871,2.302402
2184523303.236443,2.799677
2184523303.774918,2.656815
2184523311.921882,2.6634279999999997
2184523315.4644833,2.387006
2184523320.66641,1.553989
2184523322.058576,2.871216
2184523325.112096,2.2239780000000002
2184523328.16235,2.407502
2184523328.838525,2.3504009999999997
2184523330.413672,2.230255
2184523333.576227,2.576201
2184523336.2198133,2.465333
2184523344.710233,2.8930179999999996
2184523346.907897,2.305402
2184523347.393306,2.1915139999999997
2184523349.519473,1.933609
2184523350.449811,2.978217
2184523351.552054,2.454866
2184523353.706636,1.501129
2184523357.00376,2.212973
2184523357.8137403,2.759152
2184523364.5388174,2.6086139999999998
2184523364.9626813,2.495964
2184523366.375093,3.192307
2184523367.476684,2.5453419999999998
2184523369.326334,2.8099760000000003
2184523371.185277,3.811815
2184523377.341064,4.4438059999999995
2184523379.579092,3.836013
2184523381.365563,1.7179980000000001
2184523385.405533,2.636844
2184523388.093351,1.9864570000000001
2184523391.095215,1.460944
2184523391.132881,2.230275
2184523394.432391,3.2487470000000003
2184523397.533481,2.491346
2184523406.05847,2.524914
2184523408.8407707,3.3276260000000004
2184523411.541577,2.253738
2184523413.778327,2.200611
2184523419.303871,1.981468
2184523420.964229,2.0223709999999997
2184523430.0094514,2.149657
2184523430.819003,3.086459
2184523431.0702987,2.19356
2184523433.738317,1.60263
2184523433.767505,2.289386
2184523433.89106,2.662553
2184523436.092538,2.170643
2184523438.04157,2.325522
2184523442.512895,2.617134
2184523452.586065,2.34278
2184523453.19243,2.690383
2184523453.79289,1.454232
2184523455.48063,1.651616
2184523464.425094,2.2916030000000003
2184523465.1323442,2.2922390000000004
2184523465.3159947,2.345121
2184523467.739208,2.372429
2184523469.471194,2.008536
2184523470.3404803,2.2388730000000003
2184523470.763956,2.432894
2184523470.905327,2.1635449999999996
2184523476.186179,2.2507859999999997
2184523479.2683773,3.037324
2184523480.3749456,2.335295
2184523480.493042,2.449697
2184523483.897737,2.790756
2184523484.9444914,2.659177
2184523488.52903,2.639827
2184523488.557672,3.561897
2184523495.3093667,4.081644
2184523501.050387,3.854578
2184523505.981368,2.650938
2184523518.95718,2.577783
2184523528.049577,2.1978549999999997
2184523531.675651,2.9695989999999997
2184523534.4495263,2.70421
2184523535.1014047,2.427381
2184523540.798657,2.496155
2184523543.3352747,2.499561
2184523551.3136287,2.766909
2184523551.702315,2.790573
2184523554.584325,2.2326289999999998
2184523554.68509,2.292593
2184523558.4817667,2.087696
2184523562.4556837,2.482813
2184523562.978249,2.166122
2184523563.8295283,1.3310520000000001
2184523566.047397,2.403515
2184523566.905106,2.39756
2184523568.289633,2.1914569999999998
2184523568.520702,1.931033
2184523569.8535323,2.535683
2184523571.259117,2.243405
2184523572.2952933,2.3684000000000003
2184523572.753286,2.18467
2184523574.7198386,2.3841919999999996
2184523577.365121,1.640032
2184523579.954346,3.0370179999999998
2184523582.325785,2.2428169999999996
2184523583.160102,1.41277
2184523584.1181617,2.5573599999999996
2184523585.965158,2.380478
2184523589.295603,2.508597
2184523600.0791907,2.263849
2184523600.107462,2.53627
2184523601.77691,2.080434
2184523606.859368,2.210968
2184523609.9525332,3.0400869999999998
2184523611.141281,2.509112
2184523617.177222,2.619989
2184523620.965868,3.9402730000000004
2184523625.261344,2.9068140000000002
2184523630.009565,1.5796860000000001
2184523633.209282,3.355514
2184523635.8378983,2.5543430000000003
2184523635.890481,2.5617460000000003
2184523645.582895,2.824055
2184523651.1592565,2.6248880000000003
2184523657.6700263,2.10353
2184523661.265098,3.0215289999999997
2184523663.924607,1.882243
2184523664.866364,2.9150769999999997
2184523669.822799,2.4294849999999997
2184523675.172937,2.431297
2184523676.904896,1.685448
2184523682.860794,3.692506
2184523682.907979,1.513716
2184523684.236723,2.481507
2184523692.610676,2.250616
2184523695.3798857,2.653609
2184523698.650162,2.178476
2184523699.303106,2.6868980000000002
2184523699.435607,2.876509
2184523702.2800407,2.9325979999999996
2184523702.314271,2.8275449999999998
2184523707.905811,2.163093
2184523710.716428,2.771319
2184523711.80476,3.240629
2184523713.638458,2.9699560000000003
2184523715.46167,1.2796
2184523716.3525147,2.6631620000000003
2184523722.294191,1.756967
2184523723.631768,3.015613
2184523726.5234284,2.841101
2184523726.5978913,1.6832399999999998
2184523728.396458,2.6032870000000004
2184523728.5978518,1.420205
2184523730.83896,2.3907070000000004
2184523731.3788877,2.728218
2184523731.553195,1.674207
2184523735.2250767,2.4199260000000002
2184523737.5975323,2.716416
2184523738.0140767,3.0988320000000003
2184523740.608564,2.527549
2184523742.2545223,2.3966119999999997
2184523745.199089,3.00644
2184523751.970003,1.869903
2184523752.25879,3.550429
2184523756.2517424,2.455673
2184523756.667461,3.018013
2184523760.448152,4.143728
2184523760.8951488,2.261709
2184523763.1666627,2.216581
2184523764.110788,3.627318
2184523765.565075,1.690665
2184523769.212876,2.738007
2184523771.377996,2.1252400000000002
2184523774.263665,2.2172419999999997
2184523775.94813,2.891509
2184523781.2572594,2.89738
2184523791.354566,2.763574
2184523792.097557,1.613916
2184523794.835084,2.537661
2184523798.893047,3.204067
2184523799.887212,3.011839
2184523803.1095448,2.528092
2184523803.673259,2.8635520000000003
2184523810.977559,2.591693
2184523814.892352,1.8956680000000001
2184523817.307451,2.342213
2184523821.12141,2.471854
2184523823.537355,2.3597259999999998
2184523824.046692,2.522041
2184523826.105506,2.51673
2184523828.949253,2.790073
2184523831.675416,2.66407
2184523833.926187,2.54434
2184523837.907887,2.865288
2184523841.1394076,1.609068
2184523841.5926,2.453816
2184523844.075576,2.442048
2184523846.10258,1.9750929999999998
2184523854.402395,2.778487
2184523860.987744,1.945632
2184523864.333734,2.749653
2184523865.993483,2.7715650000000003
2184523872.5484138,4.335463000000001
2184523877.906521,4.496895
2184523882.05518,2.233911
2184523882.5912986,2.783232
2184523883.416996,2.2999370000000003
2184523884.97329,2.323576
2184523885.0781403,2.24306
2184523887.851288,2.1790160000000003
2184523890.6706243,3.1533130000000003
2184523905.153375,2.433073
2184523906.591724,2.357238
2184523907.758651,2.5764199999999997
2184523911.2135286,3.4267540000000003
2184523915.8027496,2.3071770000000003
2184523915.928955,3.11005
2184523920.596394,1.456612
2184523920.881332,2.428268
2184523923.3334966,2.4004679999999996
2184523923.9117804,2.1704879999999998
2184523926.882804,2.351766
2184523928.315203,2.1037999999999997
2184523929.552759,2.62087
2184523932.4400167,2.6822109999999997
2184523932.7953186,2.3462959999999997
2184523936.212483,2.507599
2184523939.624465,3.332991
2184523941.392545,3.703055
2184523943.917716,2.774468
2184523946.506442,2.423473
2184523950.576985,2.288115
2184523952.794235,2.181625
2184523955.2452254,2.952616
2184523955.4301057,3.224409
2184523959.920804,2.592759
2184523961.580462,1.624646
2184523965.3196993,2.345131
2184523970.06302,1.559497
2184523970.272935,2.9803640000000002
2184523971.6778893,2.2895480000000004
2184523972.381228,2.065638
2184523981.913229,2.282562
2184523987.3124127,2.380945
2184523990.449456,2.4541340000000003
2184523990.468839,3.118541
2184523996.2394,3.617569
2184524001.102231,2.481319
2184524001.9136744,1.466522
2184524003.9620104,2.438829
2184524004.392804,2.44052
2184524005.611334,1.720926
2184524015.78538,2.394716
2184524018.288376,2.46924
2184524019.651619,3.555186
2184524022.641567,2.923959
2184524025.528094,3.507365
2184524029.835392,3.225091
2184524035.313159,2.967273
2184524041.3891354,1.8753929999999999
2184524041.425868,2.295388
2184524042.079925,2.308781
2184524043.726277,2.3064430000000002
2184524044.268092,2.817743
2184524047.6050453,2.602233
2184524048.356414,1.384796
2184524051.006979,2.616711
2184524053.243329,2.938685
2184524056.24368,1.470418
2184524062.4026723,1.219998
2184524062.484163,1.599715
2184524064.468069,1.957985
2184524065.7197313,1.857557
2184524068.649001,3.193455
2184524071.306282,2.0963000000000003
2184524071.6326737,2.511012
2184524072.085805,2.384026
2184524074.0402837,2.710216
2184524078.35491,2.96721
2184524083.797595,1.9662540000000002
2184524087.329538,2.546585
2184524088.132436,2.39574
2184524089.140159,1.787125
2184524090.8371463,2.543488
2184524091.706172,2.1603109999999996
2184524103.2042007,2.9119900000000003
2184524103.906992,3.370336
2184524105.188189,2.64678
2184524105.6220636,2.377881
2184524105.9891844,2.02951
2184524108.80438,2.603216
2184524114.572684,3.369884
2184524114.9691277,2.283526
2184524121.07781,4.067703
2184524124.4042616,3.262453
2184524125.481082,3.357089
2184524126.6570997,2.2506909999999998
2184524128.297606,3.1270629999999997
2184524133.828396,2.7975600000000003
2184524139.3158493,3.470492
2184524139.6543927,3.134131
2184524140.520667,1.743588
2184524146.6128073,2.438018
2184524148.60463,2.902806
2184524152.728717,2.6401369999999997
2184524157.414745,2.325891
2184524157.608666,2.903932
2184524157.753815,1.36896
2184524160.645804,2.4061719999999998
2184524163.11081,2.4222770000000002
2184524170.886196,3.125767
2184524178.3971357,2.5059129999999996
2184524192.2570744,2.154399
2184524192.6106358,2.2675669999999997
2184524199.173091,2.6307129999999996
2184524199.6804447,2.3834400000000002
2184524202.47732,2.753228
2184524207.5216002,1.6554479999999998
2184524209.861832,2.3053399999999997
2184524212.405134,1.858296
2184524214.8102837,2.353006
2184524215.627693,2.750701
2184524216.37354,3.421821
2184524216.986545,2.1389780000000003
2184524217.739762,2.727978
2184524219.070827,2.6376939999999998
2184524219.854466,2.060633
2184524220.0766706,2.559072
2184524225.617897,3.013286
2184524226.0968986,1.8482640000000001
2184524226.714618,2.459756
2184524227.865706,2.194289
2184524237.4501853,2.360957
2184524237.6334996,2.765497
2184524240.092223,2.610294
2184524240.948608,2.369482
2184524242.788967,1.80367
2184524246.38231,3.9956419999999997
2184524246.514182,3.211872
2184524248.905716,2.340464
2184524250.0933843,3.031034
2184524252.683793,2.544264
2184524253.889006,3.044578
2184524255.738129,2.703022
2184524258.37943,2.5927979999999997
2184524260.2467446,2.0394710000000003
2184524261.564914,2.95445
2184524267.892201,2.562941
2184524268.630065,2.79996
2184524276.177941,2.8573790000000003
2184524278.9467254,2.868185
2184524287.818048,1.76199
2184524290.5099463,2.421051
2184524291.064799,2.0253799999999997
2184524298.8841624,3.350935
2184524314.216657,3.389169
2184524317.0916357,2.294553
2184524325.264435,2.322381
2184524327.606157,2.293124
2184524332.103549,1.966919
2184524332.9845934,2.88874
2184524335.636248,2.27389
2184524335.6473904,2.278881
2184524338.756978,2.4818689999999997
2184524340.790315,2.2057230000000003
2184524340.9828444,2.191574
2184524341.3350887,2.0473689999999998
2184524343.520535,2.4914300000000003
2184524343.57536,2.204939
2184524346.547517,2.9832650000000003
2184524355.7433586,2.925098
2184524365.44979,2.174833
2184524370.1810713,2.999223
2184524372.251863,1.417969
2184524376.5133853,1.748138
2184524378.115353,3.0525830000000003
2184524382.6686,3.1180320000000004
2184524386.8500957,2.924065
2184524389.2289147,2.314715
2184524389.657268,3.335315
2184524393.82663,2.180421
2184524397.3646803,2.384228
2184524398.5632787,1.519147
2184524399.134084,2.1024580000000004
2184524399.780612,2.338251
2184524402.27574,2.452832
2184524403.195739,2.424135
2184524405.359748,2.886076
2184524411.76051,2.4096870000000004
2184524412.523723,2.1509229999999997
2184524414.74024,2.061935
2184524417.725091,2.454631
2184524418.1993527,2.9619720000000003
2184524421.605725,2.379894
2184524422.274118,1.459237
2184524422.565155,1.4946709999999999
2184524425.021213,1.997169
2184524426.880949,1.384448
2184524426.938949,2.3305040000000004
2184524429.5397897,2.562388
2184524432.0896893,2.509523
2184524435.094058,2.199148
2184524435.5462947,2.427976
2184524436.7898374,2.3280800000000004
2184524440.8778563,2.409425
2184524446.817658,1.9389830000000001
2184524446.973383,2.035764
2184524448.121508,2.749882
2184524456.1134357,2.818595
2184524463.448223,2.216463
2184524465.601306,2.520023
2184524467.138958,2.286512
2184524468.924751,2.7650959999999998
2184524471.272578,2.019561
2184524473.396583,2.07543
2184524475.6341233,2.206861
2184524481.454485,2.259001
2184524481.610612,2.481163
2184524482.0392637,2.386689
2184524483.770235,2.278276
2184524487.046395,2.2012099999999997
2184524490.538241,2.772191
2184524491.177051,2.3713789999999997
2184524494.333117,3.435981
2184524498.6620297,4.2762709999999995
2184524504.4346776,3.391003
2184524514.3372126,3.5732
2184524514.458774,2.155602
2184524516.724671,2.235384
2184524519.9842978,2.2278279999999997
2184524522.7344337,2.633242
2184524524.202813,2.695626
2184524528.114682,2.061435
2184524531.578385,2.8484949999999998
2184524536.508361,2.891051
2184524542.2912493,3.0437939999999997
2184524542.613513,2.770722
2184524542.64995,2.455131
2184524545.205441,2.8755159999999997
2184524545.31534,2.616828
2184524548.178037,2.934615
2184524552.473856,1.884004
2184524552.8670297,2.777353
2184524557.724613,3.2443139999999997
2184524558.540101,2.792816
2184524561.359948,1.568888
2184524564.98005,2.436281
2184524566.195949,2.334446
2184524567.008826,2.437408
2184524568.449482,1.700881
2184524569.0911527,2.289262
2184524578.710068,2.4952910000000004
2184524578.870843,2.471742
2184524584.152684,2.377759
2184524588.8309197,1.4347640000000002
2184524590.904886,2.188002
2184524592.472366,2.431347
2184524594.2549057,2.355325
2184524595.051202,2.5409450000000002
2184524598.829675,2.6455900000000003
2184524603.44718,2.35974
2184524604.046557,2.459858
2184524607.279521,2.2802249999999997
2184524610.586874,1.968891
2184524613.7687087,2.93487
2184524616.580935,1.33896
2184524616.828025,2.046266
2184524620.667989,4.033781
2184524624.402784,3.267255
2184524626.889289,1.71203
2184524628.355155,2.477464
2184524633.135165,3.812375
2184524635.387735,2.5258920000000002
2184524639.716112,2.206197
2184524639.777135,1.849237
2184524640.296701,2.47398
2184524641.773204,1.5027650000000001
2184524644.8106613,2.581009
2184524646.440363,2.361876
2184524649.1204953,2.1818190000000004
2184524649.181963,2.205963
2184524653.041791,3.0208600000000003
2184524657.8868303,2.3038849999999997
2184524659.88181,1.959105
2184524661.803288,1.2461410000000002
2184524666.1554537,2.895471
2184524668.777922,2.614086
2184524670.891236,1.524254
2184524674.0354004,2.264688
2184524674.783195,2.818822
2184524676.0932107,2.394998
2184524678.609806,2.896235
2184524684.122048,2.464013
2184524690.5805354,3.463603
2184524693.1756477,3.11382
2184524701.9156327,2.7978870000000002
2184524701.9192758,2.27704
2184524703.5440683,1.592386
2184524704.811915,2.455609
2184524704.835342,1.295301
2184524705.565684,1.9738099999999998
2184524707.635874,2.7609280000000003
2184524708.952327,1.782736
2184524710.39752,2.711084
2184524712.74268,1.997572
2184524719.8994317,2.5538250000000002
2184524721.846264,2.621429
2184524727.999473,2.730077
2184524729.611423,2.615307
2184524731.960785,2.124817
2184524732.308796,2.653794
2184524733.7508707,2.2450460000000003
2184524736.694025,2.9031640000000003
2184524739.017203,1.38893
2184524741.6428413,2.945994
2184524749.514123,3.884312
2184524751.111732,4.612254
2184524756.274464,3.135725
2184524760.646099,2.38825
2184524765.763499,2.368766
2184524765.9004784,2.164094
2184524768.899214,2.9994330000000002
2184524778.5150704,2.646147
2184524783.526592,2.3649809999999998
2184524783.828438,1.876433
2184524788.4291673,2.51727
2184524788.595997,1.899649
2184524792.885048,2.621474
2184524795.6769648,2.740046
2184524796.754426,2.51454
2184524798.371051,1.577413
2184524799.382145,2.169411
2184524801.091911,2.164086
2184524801.666083,2.2356
2184524803.682101,2.274823
2184524806.093381,1.344049
2184524808.290842,2.360862
2184524809.166359,2.2156469999999997
2184524811.452137,2.511421
2184524811.492776,2.211942
2184524813.248957,2.5171360000000003
2184524816.772981,2.325246
2184524819.249092,2.0074289999999997
2184524822.6457133,2.2845869999999997
2184524835.381986,2.903943
2184524837.204949,2.306854
2184524840.797185,3.066005
2184524843.363606,2.505328
2184524843.463261,2.505179
2184524845.925663,2.52681
2184524849.6800017,2.965258
2184524854.891744,2.1754949999999997
2184524855.826537,1.678873
2184524857.10459,2.434577
2184524858.3365216,2.426295
2184524866.126853,1.764262
2184524866.3849893,2.09639
2184524871.9653397,3.161091
2184524872.987092,2.766363
2184524873.057651,2.881894
2184524876.5916924,3.961161
2184524883.477214,2.56444
2184524885.251575,2.70894
2184524886.397282,2.2728840000000003
2184524886.415205,2.275439
2184524888.217232,2.423939
2184524898.586298,2.343529
2184524899.423656,2.277301
2184524900.741296,2.321345
2184524906.98345,2.1603
2184524909.998374,2.982208
2184524911.040724,2.807245
2184524913.529444,3.272781
2184524914.073276,2.360478
2184524916.7997713,2.052522
2184524918.996861,2.487023
2184524925.641145,2.60987
2184524928.934075,2.828851
2184524929.460113,2.2761299999999998
2184524930.090665,2.634173
2184524931.284512,2.30957
2184524935.376093,2.0097449999999997
2184524944.303279,2.181508
2184524945.610946,2.447043
2184524948.374412,2.737265
2184524951.7031183,2.1052660000000003
2184524952.396621,2.772095
2184524957.2451563,2.394242
2184524959.352557,2.574044
2184524961.7610917,2.359598
2184524963.778738,2.575601
2184524969.1952353,3.116487
2184524971.8608303,1.504173
2184524975.802856,2.585321
2184524977.0868797,2.302571
2184524980.974737,2.016051
2184524984.6830654,2.698998
2184524985.514302,2.585101
2184524985.557046,1.910627
2184524986.183729,2.25257
2184524991.025093,2.720791
2184524991.051033,2.420732
2184524998.215671,2.901617
2184524998.3107367,3.7525459999999997
2184525002.770105,3.31063
2184525005.613126,1.688725
2184525006.021739,2.522899
2184525007.931779,2.260853
2184525008.656015,2.180584
2184525008.707567,1.921714
2184525011.150242,2.4012360000000004
2184525011.3568573,2.305026
2184525014.6066422,1.971197
2184525017.405032,2.7646889999999997
2184525021.250885,2.453793
2184525021.471104,2.56127
2184525022.298732,2.677819
2184525026.8845696,2.28943
2184525026.91039,1.909044
2184525027.368323,1.9762659999999999
2184525030.32633,2.856005
2184525037.544624,2.05645
2184525040.1949754,3.265987
2184525041.605338,3.0941739999999998
2184525041.871353,2.4993
2184525044.4166503,2.143546
2184525045.639004,3.003052
2184525049.272427,3.576415
2184525051.339291,2.008512
2184525058.015303,3.075263
2184525067.14324,2.1192759999999997
2184525067.845409,2.0479220000000002
2184525070.417079,2.5519890000000003
2184525077.6862216,1.188155
2184525079.160609,2.272647
2184525079.9545093,2.243914
2184525085.8978133,2.81964
2184525087.7126303,2.4020930000000003
2184525087.871891,1.944941
2184525089.857857,2.114894
2184525095.6189713,2.937612
2184525095.780785,1.537369
2184525102.6815853,2.314034
2184525103.300659,1.4392669999999999
2184525105.0411787,2.6194159999999997
2184525105.1202188,2.388852
2184525108.740942,2.829646
2184525110.202362,2.938893
2184525112.5223494,2.284364
2184525115.156814,2.758404
2184525121.750201,4.746384
2184525123.230997,5.004048
2184525133.700803,3.179064
2184525135.084187,2.6059490000000003
2184525135.738071,2.0180990000000003
2184525136.094166,2.339282
2184525138.473792,2.014054
2184525147.63793,2.4553969999999996
2184525148.3297467,2.5533420000000002
2184525153.7917943,2.422829
2184525156.520175,2.2188109999999996
2184525160.996984,2.432975
2184525163.552181,2.5189079999999997
2184525165.353105,2.243468
2184525176.15223,2.079717
2184525178.085896,1.9796259999999999
2184525178.6875877,2.48426
2184525180.5878987,2.211965
2184525180.861629,2.211608
2184525182.019353,1.373682
2184525184.078024,2.027583
2184525188.621602,2.235741
2184525194.12799,3.550818
2184525198.6668363,3.4016480000000002
2184525200.831694,1.705314
2184525201.71291,2.779558
2184525209.080776,1.677095
2184525212.87675,2.755568
2184525215.387304,2.461449
2184525215.4266148,2.5090239999999997
2184525217.527862,2.107959
2184525217.706439,1.877343
2184525225.122573,2.0092220000000003
2184525228.7361703,2.887304
2184525230.41597,1.791384
2184525230.992573,2.2031099999999997
2184525237.299914,1.215567
2184525237.48452,2.5354129999999997
2184525239.807175,2.468333
2184525242.521884,2.100314
2184525243.991923,2.762871
2184525246.114852,2.4963830000000002
2184525247.999234,3.9672259999999997
2184525252.2031364,5.080065
2184525252.891065,2.652447
2184525260.655375,3.553356
2184525268.358374,2.1503669999999997
2184525269.677777,2.589713
2184525271.329833,2.4437439999999997
2184525272.497518,2.7753769999999998
2184525276.952665,2.428025
2184525278.9115143,2.542642
2184525281.869824,2.787642
2184525285.959194,1.4294939999999998
2184525285.960715,3.8276260000000004
2184525287.893415,2.080767
2184525288.832378,1.976823
2184525290.25344,2.3276
2184525292.631332,2.324563
2184525292.6800323,2.166632
2184525295.032143,2.3476090000000003
2184525297.677928,2.6070949999999997
2184525299.753305,2.022343
2184525302.241404,2.243687
2184525302.471019,2.667181
2184525302.4774528,2.187341
2184525312.387863,2.184501
2184525316.618612,2.396595
2184525320.607821,2.4270099999999997
2184525327.628756,1.987462
2184525329.115992,2.6261010000000002
2184525331.8957343,2.7255830000000003
2184525333.950174,2.0206560000000002
2184525342.644918,2.5356810000000003
2184525344.473402,2.8128089999999997
2184525350.905002,3.53564
2184525355.067384,2.282135
2184525359.370357,3.295786
2184525360.711602,1.303288
2184525361.92699,1.175518
2184525364.038643,2.22282
2184525364.256123,2.640033
2184525365.278,2.362399
2184525371.812183,3.9319569999999997
2184525371.842213,3.2264049999999997
2184525380.142528,3.578625
2184525383.277451,2.6372280000000003
2184525383.754475,2.846497
2184525393.048346,3.3205270000000002
2184525397.5570693,1.986598
2184525399.487832,1.879209
2184525406.1102934,2.213228
2184525408.463874,2.524998
2184525415.271858,2.320303
2184525440.730369,2.548864
2184525444.416964,2.503811
2184525447.353698,2.234378
2184525447.360333,2.275733
2184525448.392108,2.110731
2184525462.999817,2.073375
2184525464.556129,2.330022
2184525465.1390753,2.090352
2184525466.312573,2.473154
2184525467.5515943,2.935372
2184525471.579969,1.929336
2184525474.238926,1.894381
2184525482.163542,1.767171
2184525485.963346,2.289201
2184525490.622936,2.116059
2184525490.789163,2.219927
2184525495.81247,3.644746
2184525499.078055,2.61011
2184525503.714605,3.149146
2184525507.2630534,2.7747420000000003
2184525509.295518,3.076801
2184525513.508151,1.856788
2184525517.815782,3.29333
2184525518.9875107,1.947486
2184525523.5412793,2.413405
2184525523.6200533,2.513756
2184525524.194151,2.1022800000000004
2184525528.416556,2.919947
2184525530.611975,3.064038
2184525530.815166,1.683511
2184525535.288118,2.006616
2184525537.2937236,2.66995
2184525539.88371,1.9375740000000001
2184525543.628995,2.92452
2184525544.7875037,2.572686
2184525546.3841257,2.3129470000000003
2184525549.42097,2.929506
2184525549.8059683,2.702156
2184525550.298057,1.496084
2184525558.253948,3.094909
2184525574.085336,3.052187
2184525578.496561,2.3489560000000003
2184525587.445246,2.512198
2184525587.552595,2.001667
2184525592.270094,1.8856140000000001
2184525593.2910748,1.7514539999999998
2184525593.6338067,1.916377
2184525595.22762,2.366653
2184525598.976538,2.547184
2184525602.927287,3.081229
2184525603.208978,2.195621
2184525604.596766,2.649023
2184525607.231888,2.10251
2184525610.1030173,2.8393200000000003
2184525612.776807,3.334863
2184525613.737162,1.605966
2184525615.626249,2.8013470000000003
2184525616.268935,2.4828699999999997
2184525618.5361657,2.885824
2184525620.068247,3.10328
2184525624.717391,3.2791069999999998
2184525626.543407,3.04229
2184525629.024519,4.253725
2184525631.3408737,2.615669
2184525634.156135,1.8994630000000001
2184525635.021089,2.548663
2184525644.328507,3.41542
2184525644.440512,2.638868
2184525646.68709,2.1584339999999997
2184525650.926073,2.326332
2184525653.3511868,2.261555
2184525656.251978,2.1945900000000003
2184525657.8324113,2.338457
2184525660.084176,2.3944080000000003
2184525665.891283,2.567115
2184525666.509234,2.6326549999999997
2184525668.4320073,1.967758
2184525669.347353,2.09164
2184525670.334082,1.9598380000000002
2184525675.1078,2.743526
2184525678.242285,2.672903
2184525679.658471,1.3681699999999999
2184525689.0916853,2.500432
2184525690.94057,1.811968
2184525693.869797,2.4768339999999998
2184525713.740295,2.002973
2184525714.112039,1.285411
2184525716.602679,1.895587
2184525719.747486,2.2383300000000004
2184525722.5840774,2.1035670000000004
2184525731.706401,3.126242
2184525732.611167,2.218102
2184525732.798921,2.214241
2184525733.970377,2.228209
2184525735.129424,2.471821
2184525735.179497,1.171514
2184525736.3148637,2.52612
2184525738.098342,1.795304
2184525738.8596582,1.795011
2184525739.797774,2.666106
2184525745.138241,2.499281
2184525749.758063,3.087265
2184525754.145734,3.37454
2184525754.984724,4.111813
2184525757.9148884,2.869257
2184525759.0422797,2.943191
2184525766.345398,2.103239
2184525766.966907,2.764663
2184525771.939333,2.2918890000000003
2184525771.964477,2.611495
2184525778.37988,2.591582
2184525780.6454773,2.8367560000000003
2184525784.104202,2.5827150000000003
2184525789.330515,2.533992
2184525794.960621,2.251435
2184525799.4870043,2.708873
2184525802.6490326,2.061965
2184525806.058176,2.433078
2184525808.2409563,2.3923400000000004
2184525808.675495,2.441877
2184525809.3797,2.594594
2184525810.90494,1.93511
2184525811.846193,2.436912
2184525815.153561,2.131903
2184525821.234122,2.809327
2184525822.301949,2.320814
2184525827.0917783,2.554526
2184525828.1678066,2.624204
2184525829.998624,2.8671059999999997
2184525831.9579496,3.098827
2184525833.081876,2.107996
2184525835.373275,2.611926
2184525841.000841,2.409474
2184525842.677688,2.309561
2184525847.053011,1.939353
2184525849.693384,2.5928790000000004
2184525853.339116,2.60231
2184525856.8897777,2.4261679999999997
2184525863.989212,2.254309
2184525869.3748827,2.63752
2184525882.7553296,1.156942
2184525882.975244,2.697581
2184525884.5808806,1.483768
2184525885.634938,2.599711
2184525886.914866,2.282519
2184525889.493054,2.782565
2184525893.760043,1.515731
2184525904.614886,2.456244
2184525906.260077,1.9313900000000002
2184525910.061215,2.6287409999999998
2184525914.539565,2.423521
2184525917.264859,2.299524
2184525919.511941,2.1931059999999998
2184525922.575861,2.2848740000000003
2184525927.2574167,1.575973
2184525927.631496,1.894751
2184525929.986849,2.034214
2184525930.259981,2.559069
2184525932.5875893,2.371191
2184525939.0232477,2.6558960000000003
2184525943.644158,2.10227
2184525947.202524,2.130959
2184525948.9984016,2.237658
2184525953.208762,1.986583
2184525954.906456,1.914469
2184525955.14431,1.8983109999999999
2184525961.364522,3.259677
2184525962.689339,2.358224
2184525964.7709002,3.023354
2184525966.2376757,2.456455
2184525969.095811,2.8261089999999998
2184525969.582278,2.366206
2184525970.808442,1.3961430000000001
2184525974.869956,2.517821
2184525975.800711,2.8305689999999997
2184525979.169074,2.2744079999999998
2184525991.994504,2.865416
2184525995.197401,2.55963
2184525999.0883164,3.842244
2184526002.978866,2.3872899999999997
2184526003.015277,3.071828
2184526004.2903967,1.278215
2184526006.979173,3.31291
2184526007.576732,2.280735
2184526009.956716,2.698045
2184526010.754177,3.097078
2184526015.6389637,1.740763
2184526017.732376,2.022822
2184526018.451866,2.0188129999999997
2184526020.8489027,1.385812
2184526024.868146,3.3698230000000002
2184526035.927927,2.627675
2184526039.2322183,1.877542
2184526043.989234,2.517913
2184526046.503813,2.4451199999999997
2184526047.214777,1.5281889999999998
2184526053.7233253,2.469921
2184526067.216009,3.083962
2184526084.753161,2.240757
2184526086.329064,3.773767
2184526089.781179,3.2769280000000003
2184526097.49007,3.258753
2184526099.62104,2.832989
2184526100.74344,3.2145189999999997
2184526102.779152,1.996917
2184526102.790655,3.125873
2184526103.5844007,2.3168569999999997
2184526105.410143,1.286827
2184526108.699872,2.5107329999999997
2184526113.2395153,2.356466
2184526113.481954,2.516064
2184526116.298931,1.705425
2184526120.5925517,3.0633600000000003
2184526121.600431,3.7911680000000003
2184526125.385881,3.657163
2184526135.600249,2.433359
2184526136.127708,2.397195
2184526137.574295,1.982092
2184526140.9798207,3.06128
2184526149.887372,2.222071
2184526153.955454,1.347972
2184526155.09794,2.0620600000000002
2184526167.183081,1.1351849999999999
2184526171.316785,2.110328
2184526171.987297,2.363031
2184526174.268817,1.8388689999999999
2184526176.9447436,2.2267200000000003
2184526180.0216208,2.518507
2184526183.9250193,2.272581
2184526186.548252,1.89531
2184526186.967955,2.361171
2184526194.992643,2.785377
2184526195.539718,2.608362
2184526199.8163953,2.219357
2184526208.354824,2.482596
2184526209.0216427,2.2973310000000002
2184526209.153317,1.417273
2184526210.5784273,2.169897
2184526212.962497,2.272809
2184526217.331916,2.026253
2184526218.6863832,1.928676
2184526218.918745,2.0166519999999997
2184526220.843703,2.463018
2184526231.971847,1.9805880000000002
2184526234.4376945,2.415407
2184526236.263062,1.39036
2184526236.745351,2.315652
2184526237.437182,2.339686
2184526239.75732,2.434968
2184526241.747571,1.941435
2184526256.1381397,2.1851230000000004
2184526261.151418,2.624655
2184526261.518266,2.235069
2184526264.209293,2.685037
2184526266.954942,2.7047920000000003
2184526268.428666,2.154701
2184526270.361324,2.576966
2184526273.734903,2.603491
2184526276.688687,2.890601
2184526279.247788,2.515784
2184526281.157709,2.108414
2184526282.39259,2.673411
2184526283.775229,2.5678739999999998
2184526285.367547,2.4521539999999997
2184526286.2496486,2.103776
2184526286.307002,2.49736
2184526289.254161,3.28128
2184526292.260384,2.916069
2184526292.562429,2.581813
2184526297.08429,2.376341
2184526297.558329,2.203195
2184526297.803863,2.8548810000000002
2184526299.523962,1.910917
2184526306.535438,2.3390910000000003
2184526311.4318542,2.894506
2184526312.24414,1.893438
2184526315.761924,2.88701
2184526317.7133727,2.613898
2184526326.8807793,2.1424830000000004
2184526326.892096,2.5117770000000004
2184526332.177051,1.8173480000000002
2184526333.493268,1.9451729999999998
2184526339.513584,2.901375
2184526342.187707,2.066773
2184526344.387659,2.142079
2184526344.5153008,2.399619
2184526345.3955207,2.392889
2184526350.614229,2.380526
2184526350.724926,2.612652
2184526357.700147,2.282871
2184526359.680313,2.6688419999999997
2184526363.3400707,2.932955
2184526366.052487,2.6795690000000003
2184526367.935575,2.093578
2184526369.288803,2.851912
2184526370.331673,3.526216
2184526373.098849,3.775228
2184526375.860969,3.115916
2184526376.600678,4.617357
2184526377.8728747,1.96466
2184526389.942287,1.163592
2184526391.764468,2.6854679999999997
2184526401.5877724,1.462128
2184526402.538989,2.357563
2184526403.0649786,1.7844689999999999
2184526404.096126,2.462564
2184526404.385521,1.825218
2184526406.412022,2.2785290000000002
2184526407.8232093,2.072807
2184526409.160858,2.458567
2184526409.794686,1.939239
2184526412.1201873,2.394242
2184526412.602114,2.261391
2184526417.7567034,2.0227209999999998
2184526418.579575,1.9635040000000001
2184526423.758906,2.349733
2184526427.264867,2.125251
2184526428.73622,2.877958
2184526432.921955,2.2312849999999997
2184526434.84719,2.344634
2184526434.856602,1.910615
2184526435.679065,2.126756
2184526437.437403,1.9630709999999998
2184526438.494346,2.632789
2184526441.912889,1.9017190000000002
2184526450.571039,2.435613
2184526452.0227027,2.241382
2184526452.0989723,2.154213
2184526452.9940352,2.4786610000000002
2184526454.464856,1.8798389999999998
2184526455.24337,1.828103
2184526463.49623,2.125774
2184526463.601528,2.4353320000000003
2184526469.678969,3.032251
2184526470.4995117,2.127268
2184526471.988183,2.268868
2184526475.6458473,2.290301
2184526476.379514,2.072394
2184526514.036035,4.854891
2184526516.66382,3.8022669999999996
2184526517.1701202,5.8127070000000005
2184526517.92615,3.6753810000000002
2184526522.254014,3.6099040000000002
2184526527.596746,2.254419
2184526528.965896,3.134573
2184526530.557015,2.338127
2184526531.029305,2.122785
2184526532.7904778,2.9971490000000003
2184526540.115919,2.000065
2184526545.06386,3.126256
2184526547.966871,2.133392
2184526552.496631,2.1036010000000003
2184526555.750597,1.809653
2184526556.060246,1.943694
2184526557.250625,2.145977
2184526564.450107,2.84268
2184526567.2987027,2.196079
2184526573.52069,2.459403
2184526576.752045,2.203015
2184526579.313146,1.870776
2184526605.932418,26.013865
2184526608.565555,2.4664499999999996
2184526609.4589167,2.484101
2184526622.8526177,3.40941
2184526626.624451,4.28058
2184526628.660441,3.8804980000000002
2184526631.581745,2.3380509999999997
2184526632.734873,2.198267
2184526636.053619,3.239607
2184526638.873102,2.559723
2184526639.888905,2.812189
2184526648.226457,1.203417
2184526648.926375,1.737319
2184526652.11809,2.476176
2184526657.462274,2.3471680000000004
2184526658.6631603,2.597989
2184526662.292125,2.21704
2184526662.3988414,1.38373
2184526666.690248,2.7495290000000003
2184526673.494495,2.454546
2184526675.429881,2.2618460000000002
2184526676.887665,2.61743
2184526677.4464407,1.9573770000000001
2184526678.0882564,2.54161
2184526679.783955,2.298369
2184526679.790463,2.1376120000000003
2184526690.491673,2.447708
2184526693.698131,2.612394
2184526699.2368994,2.37175
2184526701.080095,2.346386
2184526707.536405,2.117996
2184526723.297335,1.576442
2184526731.7949433,3.314988
2184526739.67741,12.477107
2184526749.23993,4.816911
2184526751.8509197,3.682833
2184526758.545548,3.028237
2184526758.840946,2.5801779999999996
2184526761.2785807,2.67008
2184526764.155903,2.2294620000000003
2184526772.844132,2.338909
2184526775.7598066,2.5896980000000003
2184526777.851255,2.094013
2184526780.435729,2.733318
2184526780.778203,2.442333
2184526785.904986,1.694253
2184526789.540166,2.1981930000000003
2184526833.5692964,2.549614
2184526834.18524,2.370466
2184526839.145996,4.200039
2184526846.8520346,3.967589
2184526849.334837,3.052163
2184526853.507081,4.117204999999999
2184526853.76627,2.3449500000000003
2184526857.126615,2.586388
2184526860.524891,3.1991620000000003
2184526863.343048,2.354543
2184526864.214024,2.2222560000000002
2184526866.482832,2.722294
2184526867.3952913,2.661663
2184526870.190773,3.133356
2184526886.526485,3.080238
2184526890.619118,1.9387059999999998
2184526894.411908,3.08127
2184526896.623126,2.604949
2184526901.0228267,2.4794069999999997
2184526902.250426,2.729885
2184526902.505516,2.5131810000000003
2184526907.328757,2.117154
2184526908.5270886,2.700614
2184526914.9584613,2.838966
2184526915.72746,2.935674
2184526920.0925293,2.795695
2184526926.477048,2.49107
2184526928.043003,1.6717870000000001
2184526934.753432,2.4927099999999998
2184526937.7479057,2.960225
2184526943.740753,2.7142860000000004
2184526946.379016,3.051809
2184526948.0728984,1.622745
2184526949.6388187,2.507597
2184526953.6013293,2.652933
2184526956.989315,2.400747
2184526965.0438313,3.094006
2184526995.260885,27.087289000000002
2184526999.185636,3.860993
2184527001.4456964,5.210067
2184527008.4235764,3.887986
2184527014.121435,4.070518000000001
2184527016.9170647,2.734037
2184527028.07315,2.104946
2184527030.386116,2.629285
2184527030.626752,2.5102700000000002
2184527034.082631,1.9475099999999999
2184527039.732388,2.779743
2184527040.87875,2.9179890000000004
2184527046.683867,2.075011
2184527050.525267,2.20057
2184527050.7047253,2.5315239999999997
2184527053.503042,2.3074329999999996
2184527055.671455,3.2230119999999998
2184527056.872819,2.308559
2184527057.6625733,2.492569
2184527058.1522317,2.4308
2184527060.486251,2.117506
2184527060.5389,2.3340050000000003
2184527066.663864,2.739153
2184527066.833966,1.684105
2184527070.436616,2.376201
2184527072.759049,2.287362
2184527078.388376,2.444818
2184527081.766623,2.572292
2184527082.9139752,1.9925789999999999
2184527084.869134,3.075211
2184527085.677352,2.7365779999999997
2184527092.3258247,1.845214
2184527094.334537,2.621112
2184527096.810157,2.63037
2184527114.4210396,2.4989869999999996
2184527115.755204,2.496053
2184527118.014771,2.1677049999999998
2184527118.090472,3.093801
2184527123.25775,3.798072
2184527123.7722387,3.494549
2184527124.364223,1.926517
2184527127.944698,2.605429
2184527135.606625,2.84652
2184527145.197247,2.894513
2184527146.421166,2.234395
2184527148.194691,2.945182
2184527161.00591,2.38238
2184527170.202554,2.347615
2184527174.972424,2.4987880000000002
2184527176.59476,2.22339
2184527177.116184,2.075116
2184527177.563162,2.558916
2184527179.949363,2.346491
2184527180.210689,1.990132
2184527184.558583,2.20581
2184527185.957529,2.520623
2184527186.29237,2.590382
2184527199.1085777,2.000559
2184527199.1503124,1.714413
2184527202.95457,2.596006
2184527217.180097,2.44385
2184527219.3531284,2.431002
2184527224.185153,2.6600099999999998
2184527226.277337,1.393055
2184527226.4008813,2.160242
2184527228.752257,2.451782
2184527233.066258,2.147068
2184527234.628461,2.349163
2184527236.280324,2.9837599999999997
2184527239.654412,2.345448
2184527241.313556,1.79875
2184527242.425548,2.3176859999999997
2184527248.165932,1.9887899999999998
2184527252.5326853,3.337819
2184527258.401229,2.7436510000000003
2184527265.108152,2.6295889999999997
2184527267.753359,2.454748
2184527270.460105,3.177061
2184527275.30154,2.060154
2184527277.978125,2.6431240000000003
2184527284.173039,3.123214
2184527292.454179,2.461922
2184527300.249094,2.015575
2184527301.799399,2.033747
2184527303.001831,2.720914
2184527308.7914486,2.611225
2184527311.264628,2.3834440000000003
2184527317.094084,2.444417
2184527318.4107456,2.312082
2184527321.428942,1.401891
2184527328.6075916,1.382104
2184527328.859168,2.180471
2184527329.103704,2.315737
2184527331.410354,2.769197
2184527332.102072,2.552398
2184527332.2002172,2.285657
2184527334.933425,2.599075
2184527345.875285,3.6176749999999998
2184527347.40622,1.486877
2184527354.0111213,2.754143
2184527356.23314,2.2171629999999998
2184527357.757112,2.471528
2184527359.327166,2.153965
2184527362.610778,2.1552580000000003
2184527364.749596,2.105483
2184527365.607147,2.063836
2184527383.141959,3.239797
2184527386.6952124,3.5048079999999997
2184527388.3864512,3.183826
2184527394.034689,3.324322
2184527396.08394,2.872636
2184527397.876704,3.4072500000000003
2184527398.9313493,2.791244
2184527399.499446,3.345592
2184527402.590744,3.6178220000000003
2184527406.406358,3.772532
2184527408.695179,2.785024
2184527410.075227,4.115303
2184527412.569388,2.452054
2184527412.594936,3.287503
2184527413.909624,2.5029280000000003
2184527416.717318,3.0583009999999997
2184527428.237517,3.021247
2184527430.759056,2.920516
2184527432.445388,2.432105
2184527440.0330358,2.594129
2184527442.7171507,1.828077
2184527444.2767963,2.5888769999999997
2184527444.37018,2.350082
2184527446.585257,2.274955
2184527447.407205,2.589139
2184527452.150134,2.386584
2184527453.365384,2.587971
2184527454.534812,2.352076
2184527454.928881,1.955842
2184527459.5395412,2.550304
2184527462.141893,2.550276
2184527464.634813,3.490691
2184527469.580314,3.737182
2184527471.0960083,2.111621
2184527476.094761,2.922402
2184527476.31587,2.427195
2184527481.733286,2.735834
2184527482.746609,2.4781299999999997
2184527488.851718,2.790663
2184527490.5192122,2.838986
2184527490.8823023,1.9989740000000003
2184527492.705022,2.098579
2184527496.743936,3.577868
2184527500.567051,3.77153
2184527501.7328143,2.9510690000000004
2184527507.231102,2.502898
2184527509.226246,2.726697
2184527509.3776097,2.096967
2184527512.169909,2.042527
2184527519.983817,2.384903
2184527521.185042,2.046662
2184527522.579476,2.049597
2184527522.7390943,2.498848
2184527523.400268,2.1833389999999997
2184527523.509454,2.354933
2184527528.899245,3.10231
2184527531.123329,2.1947099999999997
2184527532.2639446,1.6749079999999998
2184527532.6307673,2.406028
2184527537.150994,2.6858630000000003
2184527537.835898,2.616653
2184527542.851081,3.05076
2184527543.6950583,2.2937510000000003
2184527544.6688023,1.768256
2184527549.1703286,2.57893
2184527550.551184,2.759409
2184527552.017962,2.79776
2184527552.190988,2.2218839999999997
2184527553.415955,2.267428
2184527555.911069,2.6911
2184527556.9112973,2.116066
2184527558.526382,1.366604
2184527558.9757442,2.169255
2184527560.5036316,2.453837
2184527567.0263476,1.622203
2184527568.6393642,2.8003080000000002
2184527569.159149,1.717629
2184527569.89328,2.339761
2184527573.2887464,2.852893
2184527575.373212,3.265325
2184527579.281298,2.620854
2184527580.037625,3.289367
2184527582.985401,3.113376
2184527584.884922,2.9639409999999997
2184527586.741825,1.8181390000000002
2184527593.6266212,2.20447
2184527593.937594,2.106064
2184527594.507885,2.695917
2184527597.181837,2.632659
2184527603.3987126,2.617416
2184527604.294489,2.4924359999999997
2184527606.131175,2.18655
2184527608.826262,2.148094
2184527611.1793604,2.266026
2184527627.143544,3.387535
2184527629.414032,3.4303749999999997
2184527641.159396,3.091849
2184527645.0813513,3.863168
2184527645.769289,3.2172949999999996
2184527646.078505,3.902526
2184527663.109527,2.407219
2184527664.090674,3.2751609999999998
2184527671.046122,2.7938300000000003
2184527674.366018,2.0981799999999997
2184527684.510062,2.626875
2184527684.946043,1.561078
2184527690.772479,2.497453
2184527691.135572,2.3072269999999997
2184527693.712767,2.543758
2184527694.111924,2.795024
2184527697.010431,2.667162
2184527697.7745123,2.8523340000000004
2184527700.593334,2.778221
2184527703.444507,2.81416
2184527705.0788693,3.624501
2184527705.840685,2.360094
2184527708.101313,1.903821
2184527712.1692343,2.872464
2184527712.733998,2.289504
2184527715.179745,2.817548
2184527722.0742416,2.810023
2184527723.91802,2.3659269999999997
2184527725.1559606,2.294309
2184527726.237356,2.9900569999999997
2184527726.971891,2.320259
2184527727.6755676,1.8534359999999999
2184527735.49219,2.3917800000000002
2184527740.671451,3.470583
2184527741.528514,2.388296
2184527741.92315,1.7335079999999998
2184527745.0450883,3.085224
2184527751.2654963,1.786127
2184527755.721862,3.0449159999999997
2184527757.4824257,2.0055609999999997
2184527760.396401,2.868791
2184527761.77215,2.432451
2184527763.318436,2.567845
2184527766.0604963,2.94355
2184527769.202961,2.5915299999999997
2184527772.535663,2.682169
2184527773.14018,2.835701
2184527779.243761,3.1296720000000002
2184527781.5289598,2.969337
2184527782.1991134,2.365362
2184527784.08976,2.874841
2184527784.176588,2.578376
2184527786.6125593,2.370476
2184527789.495328,2.8392449999999996
2184527791.615425,2.771959
2184527793.233925,1.4441330000000001
2184527794.295723,2.4011660000000004
2184527794.408448,2.3301200000000004
2184527794.534572,2.302999
2184527799.093647,3.302383
2184527799.7153463,3.138065
2184527803.784796,2.825278
2184527805.601448,3.005782
2184527805.926181,2.5234929999999998
2184527808.120269,2.6139639999999997
2184527808.278847,2.313098
2184527810.8650923,1.757654
2184527811.30089,3.1466060000000002
2184527811.633016,2.673393
2184527813.657283,2.760905
2184527824.827907,2.83906
2184527826.219078,2.455801
2184527827.9836097,2.247896
2184527837.189764,3.3190820000000003
2184527838.262764,2.489232
2184527840.283157,2.543034
2184527844.902491,2.940007
2184527847.659594,2.716473
2184527853.586757,2.838444
2184527856.126828,2.713885
2184527856.299861,3.130065
2184527858.9105253,2.210813
2184527860.809748,1.8607420000000001
2184527861.360469,2.460772
2184527862.485008,2.178476
2184527863.6089706,2.751087
2184527865.390171,2.734241
2184527880.6661077,2.8918
2184527881.173089,2.72039
2184527886.874577,2.239367
2184527889.581623,2.8933869999999997
2184527891.606034,2.4063410000000003
2184527891.8322573,2.189825
2184527897.4750366,2.4606250000000003
2184527899.5131893,3.064096
2184527904.97106,2.8972849999999997
2184527906.786486,2.393456
2184527912.327353,2.943415
2184527921.584697,3.2026559999999997
2184527924.2177577,3.017654
2184527924.9870486,3.029728
2184527931.283937,2.067993
2184527939.64105,2.4359569999999997
2184527940.362041,1.506072
2184527940.8895297,1.491493
2184527942.848192,2.682184
2184527951.2444563,2.520962
2184527958.983481,3.118298
2184527959.424086,2.1985989999999997
2184527966.08667,2.4903579999999996
2184527972.8872,2.275293
2184527974.082909,2.518011
2184527976.5620923,3.042398
2184527984.499633,2.5760639999999997
2184527985.5457172,1.8329570000000002
2184527985.922586,1.723028
2184527986.665609,1.6588370000000001
2184527990.4319334,2.552158
2184527993.5654483,3.101715
2184527996.376379,3.480149
2184527999.993755,3.502583
2184528002.2553253,1.550028
2184528002.858676,2.79737
2184528004.279775,2.276566
2184528005.527541,2.618608
2184528005.971869,2.445399
2184528008.6320357,2.624196
2184528012.077659,2.7394350000000003
2184528017.065457,1.5917119999999998
2184528018.035431,2.141241
2184528024.479961,3.251979
2184528024.999936,3.061426
2184528027.34331,2.8140140000000002
2184528028.1109767,1.937659
2184528028.956028,2.7368520000000003
2184528029.3190303,1.931822
2184528030.662762,1.652066
2184528032.9195943,2.820264
2184528034.121239,2.450437
2184528035.457282,2.1351809999999998
2184528036.2595973,1.464339
2184528038.508242,2.9905370000000002
2184528039.218144,2.493898
2184528046.176081,3.56361
2184528054.463327,2.7986769999999996
2184528057.046121,2.547549
2184528057.4652634,2.494796
2184528061.355726,2.575131
2184528062.107758,2.285579
2184528064.834943,2.532407
2184528067.6746593,2.550719
2184528071.499047,2.049273
2184528072.2436333,2.297535
2184528075.977884,2.946273
2184528076.6138,2.002974
2184528077.218789,1.9067319999999999
2184528082.355812,1.946842
2184528083.15282,1.585903
2184528089.616724,2.2358819999999997
2184528098.5358253,2.178289
2184528099.14887,2.378142
2184528101.418736,2.851556
2184528103.55433,2.078512
2184528111.345789,2.477281
2184528115.233079,2.612612
2184528118.022837,3.6069109999999998
2184528125.611085,4.142299
2184528128.3893843,3.612748
2184528129.0498686,2.562205
2184528129.861259,1.9965680000000001
2184528131.1852846,2.745634
2184528131.904171,2.2435430000000003
2184528133.354409,2.5410559999999998
2184528133.849132,1.180391
2184528134.748895,2.354036
2184528137.42834,2.682471
2184528141.874983,3.107267
2184528144.7282133,2.803521
2184528155.3633127,2.4565289999999997
2184528155.843993,2.48457
2184528157.607832,1.537147
2184528157.79359,2.162811
2184528159.393677,2.539974
2184528161.615327,2.674611
2184528164.2817283,2.629872
2184528169.9286838,2.71367
2184528175.589743,2.462171
2184528176.02468,2.016273
2184528177.887074,2.2474130000000003
2184528179.5229783,2.70949
2184528181.0954747,2.496143
2184528185.045761,2.608629
2184528190.8400702,2.2590269999999997
2184528192.594409,2.052922
2184528195.689876,2.295476
2184528196.667138,1.93195
2184528197.780788,2.219336
2184528198.23981,2.518812
2184528199.981013,2.160368
2184528200.663067,2.4257779999999998
2184528207.283318,2.776503
2184528215.6479707,2.253633
2184528216.280255,2.329928
2184528216.510088,2.007008
2184528218.143332,2.510455
2184528219.4767327,2.466348
2184528221.16734,2.842811
2184528221.579855,2.770934
2184528221.649844,2.137889
2184528223.045986,1.359671
2184528229.597176,2.6766110000000003
2184528231.3548627,1.705087
2184528234.377782,2.990415
2184528236.482176,2.956182
2184528237.510408,1.459501
2184528241.0128837,2.044708
2184528254.063101,3.256615
2184528266.635467,3.033259
2184528271.429834,2.752358
2184528277.294539,2.3128290000000002
2184528279.1535997,2.385233
2184528281.955451,2.7631840000000003
2184528287.7916827,2.851682
2184528288.222569,3.002629
2184528289.402943,2.572726
2184528292.7714686,2.540228
2184528293.6139617,2.7074439999999997
2184528298.433744,1.671308
2184528303.5934687,2.655962
2184528306.546825,2.914556
2184528307.323411,2.999038
2184528311.311327,2.112336
2184528311.8897038,3.321275
2184528324.5622067,3.0043919999999997
2184528326.603751,2.433293
2184528331.436273,3.3835010000000003
2184528331.479305,2.2583830000000003
2184528331.549629,1.5778089999999998
2184528337.741635,2.135261
2184528337.7761397,2.435803
2184528349.990384,2.53171
2184528358.1320662,2.4401010000000003
2184528358.3261642,2.7098030000000004
2184528360.77275,2.5685360000000004
2184528367.738951,2.589922
2184528371.460514,3.671592
2184528375.9958773,4.483448999999999
2184528377.306634,2.908378
2184528379.9077396,2.5477279999999998
2184528381.734573,2.099174
2184528381.962048,2.444715
2184528386.5672507,3.388163
2184528391.675246,1.965976
2184528395.967403,2.840713
2184528396.932683,2.011604
2184528402.52415,2.420704
2184528404.911107,2.568234
2184528410.3126583,3.15803
2184528412.904326,3.260538
2184528413.9833007,2.695849
2184528416.875652,2.007433
2184528420.4396853,2.770457
2184528422.7261887,2.2540899999999997
2184528423.710992,2.3144060000000004
2184528428.751919,2.670427
2184528428.8371673,2.459356
2184528432.824672,3.461303
2184528437.975655,2.487111
2184528438.895102,2.378804
2184528441.807481,2.256854
2184528443.920467,2.649127
2184528444.076959,2.285731
2184528445.9311624,2.818429
2184528446.4127197,2.541245
2184528448.1341777,1.385574
2184528448.473523,2.5036720000000003
2184528450.229002,2.451641
2184528451.288613,2.137665
2184528452.829656,2.974417
2184528456.368684,2.7412360000000002
2184528458.390199,2.0313000000000003
2184528460.751327,2.961998
2184528465.319491,3.220102
2184528471.209475,2.933326
2184528474.231802,2.555378
2184528474.908874,2.271153
2184528476.920667,2.6448460000000003
2184528480.5675898,2.367766
2184528482.652554,2.497125
2184528484.090641,2.9999990000000003
2184528489.73445,2.4020159999999997
2184528492.3332047,1.964866
2184528492.405945,2.443355
2184528492.409477,2.6367410000000002
2184528494.2593203,2.6993630000000004
2184528495.053442,2.686401
2184528496.262629,3.815125
2184528498.620058,3.5277979999999998
2184528505.6823974,3.505831
2184528508.8744307,5.020782
2184528514.3991604,3.0587969999999998
2184528517.266595,2.81908
2184528517.6417136,3.096377
2184528519.730797,2.257301
2184528520.7064667,3.284782
2184528520.77637,3.420366
2184528522.842643,2.099793
2184528525.329652,3.097472
2184528528.200613,2.8832799999999996
2184528530.840696,2.60203
2184528531.338205,1.814369
2184528538.422486,2.760459
2184528540.099248,2.727269
2184528550.00098,3.788422
2184528553.120204,3.0746559999999996
2184528554.156206,3.5212160000000003
2184528556.456436,2.280765
2184528560.411276,2.319469
2184528562.978887,2.514418
2184528563.7422643,2.960782
2184528565.3337693,2.35583
2184528565.738943,2.719495
2184528567.967492,2.579868
2184528568.3210564,2.668322
2184528569.526445,2.5772310000000003
2184528573.442562,2.124802
2184528578.524446,2.991477
2184528579.776052,2.785791
2184528582.468512,2.643922
2184528593.2110844,2.864726
2184528595.457604,2.2335190000000003
2184528597.146077,2.505598
2184528598.62625,2.42294
2184528600.6951857,2.769745
2184528605.581382,2.630733
2184528606.953782,2.5867440000000004
2184528611.397232,2.984907
2184528612.877979,3.381106
2184528614.339896,2.623506
2184528614.9096837,2.97999
2184528617.3012133,2.907431
2184528618.690967,2.972789
2184528626.8770237,2.885872
2184528629.124824,2.206567
2184528630.5329347,2.666986
2184528633.924365,2.638131
2184528636.580149,1.801453
2184528641.67397,2.712574
2184528646.8136783,3.210061
2184528651.200913,3.6771949999999998
2184528651.305003,3.071571
2184528659.30055,2.587934
2184528661.369138,1.9652580000000002
2184528662.084868,2.7432480000000004
2184528665.905912,2.910239
2184528666.453247,2.01557
2184528668.0982404,2.692632
2184528671.272612,3.133777
2184528674.905538,2.24446
2184528683.6227603,2.9147399999999997
2184528686.088468,3.0522129999999996
2184528686.0944653,2.422777
2184528686.720761,2.130798
2184528688.381851,2.236342
2184528689.0711126,2.464098
2184528691.136536,2.042149
2184528694.976676,3.396726
2184528695.3662,3.046414
2184528697.930751,2.577941
2184528705.592016,2.701092
2184528709.28541,2.577096
2184528709.752347,2.384603
2184528712.205995,2.877481
2184528717.393034,3.199361
2184528728.4492903,2.602329
2184528731.87324,2.872347
2184528733.571744,2.847395
2184528734.9064846,2.2899130000000003
2184528737.348411,2.390783
2184528739.4250946,2.5943289999999997
2184528753.106435,2.562385
2184528766.905772,3.5906330000000004
2184528767.1937203,2.1507929999999997
2184528770.176815,2.528836
2184528773.374362,3.161305
2184528775.514461,2.5530739999999996
2184528776.8693676,2.8125269999999998
2184528777.079301,1.5256969999999999
2184528780.139684,3.218136
2184528795.7944164,1.7809709999999999
2184528797.5678167,2.7936240000000003
2184528800.39614,2.915423
2184528803.369518,2.513253
2184528810.553761,2.603317
2184528811.307991,2.020885
2184528820.484916,2.6018529999999997
2184528821.542746,2.511181
2184528823.692562,2.549472
2184528826.239222,2.4841960000000003
2184528826.4186263,2.675167
2184528830.691484,3.377906
2184528832.816797,3.2308049999999997
2184528836.109039,2.718709
2184528839.230424,2.415865
2184528854.146873,2.9585269999999997
2184528854.4266,3.2046829999999997
2184528857.2132063,2.7366
2184528858.413597,1.9023880000000002
2184528869.4466,3.364264
2184528870.088903,3.740468
2184528878.2595453,3.623961
2184528881.530147,3.0584480000000003
2184528884.663524,2.537905
2184528887.3034573,2.6711769999999997
2184528887.417502,3.1757679999999997
2184528889.383364,2.401665
2184528893.86972,2.2304730000000004
2184528894.087464,2.37304
2184528900.924241,2.844499
2184528906.7241077,1.949595
2184528912.515985,2.123081
2184528915.073131,2.41037
2184528916.780331,2.031163
2184528917.4105983,2.3037219999999996
2184528929.8816257,2.462726
2184528932.49191,2.565896
2184528934.291287,2.54976
2184528936.781569,2.443324
2184528941.320783,1.411144
2184528950.901032,2.5608419999999996
2184528953.029686,2.083559
2184528955.98539,2.621064
2184528956.057824,2.974372
2184528964.74084,3.0656559999999997
2184528967.825028,3.030287
2184528969.73293,2.561723
2184528978.565216,2.460314
2184528983.057748,2.349803
2184528985.342408,2.25713
2184528985.7579513,1.452639
2184528987.628744,2.2357359999999997
2184528991.598369,1.719174
2184528991.952348,2.577838
2184528995.314524,3.0604270000000002
2184528996.769765,3.193095
2184528997.953915,2.588192
2184529004.1245313,2.092494
2184529008.6913404,2.59798
2184529013.835386,2.2306079999999997
2184529015.016345,2.769354
2184529017.8759437,2.343339
2184529018.884375,1.8079839999999998
2184529020.3316526,1.39879
2184529029.615085,3.2224
2184529035.845174,2.3420989999999997
2184529035.851641,2.447933
2184529044.6542764,8.161323
2184529047.3963547,2.819705
2184529050.803951,2.588069
2184529050.844527,2.368314
2184529052.280648,2.883213
2184529060.690522,3.853257
2184529063.866151,2.273907
2184529064.779725,2.527801
2184529067.821671,2.257238
2184529069.737289,3.2047220000000003
2184529071.2365003,3.313182
2184529072.367681,2.5977040000000002
2184529079.3200803,4.111859
2184529082.315145,1.8952019999999998
2184529082.443289,2.7225449999999998
2184529083.8958893,3.9758479999999996
2184529084.709458,2.508274
2184529087.158735,2.416395
2184529087.867249,2.471629
2184529091.7600074,2.627373
2184529096.049419,3.049532
2184529096.9018846,2.86627
2184529097.778757,2.425871
2184529099.5314193,2.552937
2184529099.677463,2.50057
2184529104.687329,1.5523550000000002
2184529105.911705,2.2155389999999997
2184529107.577097,2.8465949999999998
2184529110.29793,2.9191130000000003
2184529113.653872,2.820124
2184529122.607083,3.127016
2184529134.627993,2.668451
2184529136.57423,2.587761
2184529138.252811,2.77722
2184529140.1770573,2.783827
2184529140.923376,2.62244
2184529141.938016,2.4495340000000003
2184529142.8175793,2.588464
2184529144.4054914,2.501738
2184529146.330603,2.879954
2184529148.569706,2.174886
2184529148.573455,2.012802
2184529149.494,2.5907679999999997
2184529154.315787,3.211229
2184529156.629422,3.314162
2184529160.220088,2.528101
2184529161.92697,2.341658
2184529167.053684,3.013598
2184529171.7017627,2.227772
2184529173.027083,2.781402
2184529173.959679,3.402974
2184529174.689528,2.963757
2184529188.59842,2.98237
2184529190.379394,1.745182
2184529194.159714,2.693132
2184529196.7607594,2.715038
2184529197.321205,2.075828
2184529198.672502,1.2971460000000001
2184529199.7703133,2.405018
2184529201.022255,2.611947
2184529202.08184,2.764159
2184529205.052042,1.691703
2184529208.933488,2.750516
2184529209.7841806,2.853119
2184529212.799593,2.693501
2184529213.149835,2.356979
2184529214.6537046,2.830369
2184529215.948497,3.0950130000000002
2184529217.466991,3.769355
2184529219.984067,3.2500720000000003
2184529222.5148606,2.458823
2184529225.755358,2.603088
2184529226.192196,2.848217
2184529229.190515,2.687788
2184529231.5360003,3.009818
2184529232.371386,2.244699
2184529235.0437946,2.638209
2184529235.172029,2.298298
2184529235.6126447,3.340806
2184529238.447648,2.777402
2184529245.11578,3.785335
2184529246.638677,2.778641
2184529247.8383727,4.023315
2184529256.481522,2.8673029999999997
2184529275.886497,2.3575369999999998
2184529277.02078,2.3924250000000002
2184529280.941665,3.145371
2184529285.424808,2.652752
2184529290.54773,2.0094090000000002
2184529291.7422743,2.333109
2184529296.192146,2.5362359999999997
2184529296.450052,2.988115
2184529305.135371,2.404138
2184529305.838975,2.1530389999999997
2184529307.025168,2.749179
2184529308.664732,2.681012
2184529309.7980337,1.4601499999999998
2184529311.021421,1.92326
2184529312.9320045,2.701065
2184529314.320112,1.358518
2184529319.8383946,2.574425
2184529323.832063,2.3820400000000004
2184529325.6447363,2.5880579999999997
2184529327.128012,2.505574
2184529328.5357056,1.363682
2184529337.358005,2.4738949999999997
2184529337.6092,2.824111
2184529340.608421,2.247645
2184529342.855938,2.387989
2184529344.9660993,2.096461
2184529346.228744,2.259223
2184529348.9503417,2.3654729999999997
2184529356.919114,2.692396
2184529359.660859,2.684401
2184529360.301301,3.469055
2184529360.377155,2.533535
2184529362.942792,2.449053
2184529363.5056157,1.7791160000000001
2184529366.200054,1.897987
2184529368.754903,2.7511940000000004
2184529370.065271,3.797607
2184529379.444169,2.737252
2184529379.485612,2.788188
2184529382.2889204,2.754324
2184529383.353892,1.967927
2184529387.3935623,3.246296
2184529389.661803,2.786981
2184529395.210071,2.835652
2184529398.122153,2.4384010000000003
2184529401.5327997,2.478971
2184529406.994738,3.3277189999999996
2184529408.3810987,3.276578
2184529420.655012,2.404718
2184529421.634202,2.919912
2184529422.676897,1.486114
2184529435.748356,2.633462
2184529436.9556036,2.275385
2184529443.219184,2.098808
2184529449.939815,2.715473
2184529451.935411,2.320653
2184529453.865646,2.894072
2184529457.307802,1.391548
2184529458.612773,2.5109529999999998
2184529460.825766,3.0152
2184529464.827056,1.94622
2184529467.9317017,3.24227
2184529468.9213333,3.563255
2184529470.355691,2.2280130000000002
2184529473.725244,1.873642
2184529474.422805,2.120059
2184529474.729374,1.546302
2184529481.175134,2.037493
2184529484.136363,2.521339
2184529485.349137,3.126527
2184529487.256229,2.829202
2184529488.093713,2.703771
2184529491.57304,3.4884579999999996
2184529503.557947,3.193667
2184529516.56939,2.8819969999999997
2184529519.043054,2.5139519999999997
2184529522.397242,2.6890769999999997
2184529530.123832,2.536163
2184529531.301904,2.778371
2184529534.602312,3.260069
2184529543.050227,2.1708790000000002
2184529550.746483,3.03877
2184529553.142622,2.3532919999999997
2184529554.166894,2.596808
2184529557.251194,3.030653
2184529558.655695,2.834392
2184529559.937966,2.463313
2184529562.2520547,2.279774
2184529567.3605433,2.9690440000000002
2184529567.9223022,2.984044
2184529571.0187793,3.165677
2184529571.42102,2.832805
2184529573.340851,2.2827699999999997
2184529574.513949,2.645665
2184529582.701187,1.371646
2184529587.286671,2.26128
2184529590.098043,2.760309
2184529590.9562,2.2518540000000002
2184529604.614152,2.233526
2184529605.598132,2.622188
2184529606.88206,2.2380809999999998
2184529607.160788,2.453087
2184529608.880395,1.434782
2184529610.158307,2.2255170000000004
2184529613.494816,2.86069
2184529616.552758,2.361774
2184529620.658497,4.054154
2184529622.0601892,4.526419000000001
2184529622.157906,4.136360000000001
2184529627.549457,3.461392
2184529629.4605856,2.1150349999999998
2184529631.723861,1.706091
2184529632.441338,2.369052
2184529634.6401286,2.944393
2184529638.3465247,1.708943
2184529640.068927,2.63268
2184529641.439804,3.269099
2184529643.4715137,2.8973750000000003
2184529643.938786,2.446742
2184529647.288941,3.30971
2184529648.186954,2.510739
2184529648.6164403,2.6497080000000004
2184529649.504097,2.1531480000000003
2184529662.5664673,2.680337
2184529663.111302,1.324076
2184529666.5862317,2.7463460000000004
2184529670.248926,3.574543
2184529672.571543,2.7416340000000003
2184529672.9061127,2.3021819999999997
2184529675.161535,2.522268
2184529675.762648,2.128596
2184529683.8040032,2.500545
2184529684.4673834,2.305503
2184529684.4954257,2.5419639999999997
2184529690.716361,2.5031239999999997
2184529692.693931,2.0512859999999997
2184529694.587555,2.5413390000000002
2184529697.964203,1.512074
2184529698.0777082,2.5840669999999997
2184529704.796211,2.197291
2184529707.925226,2.653231
2184529710.836508,2.8807080000000003
2184529716.6906357,2.4287829999999997
2184529716.716667,3.0616760000000003
2184529722.10513,2.967431
2184529727.533812,2.816537
2184529730.1934857,2.610804
2184529732.039739,1.982991
2184529734.532654,2.2092359999999998
2184529734.762334,2.070233
2184529735.7754617,2.138348
2184529741.402239,2.315396
2184529744.479917,3.025411
2184529755.663991,2.5522359999999997
2184529757.1197042,2.9018569999999997
2184529758.468848,2.7703469999999997
2184529761.2011957,3.3927509999999996
2184529763.792028,1.611311
2184529767.42438,4.085427
2184529768.439075,3.278756
2184529769.638706,1.619314
2184529771.0009007,3.0684
2184529772.23884,2.554438
2184529775.5230427,3.191332
2184529776.048343,2.8274760000000003
2184529777.536717,2.472013
2184529777.996907,2.792883
2184529781.837768,2.446835
2184529785.8779397,1.56229
2184529786.093189,2.1127
2184529787.747601,3.153225
2184529793.043267,2.538348
2184529802.748736,2.306233
2184529804.974619,3.042576
2184529808.343833,2.014522
2184529812.736017,2.8506500000000004
2184529813.327936,2.4096830000000002
2184529815.830013,2.662526
2184529822.742226,3.124244
2184529827.658997,2.5124269999999997
2184529829.762899,3.07889
2184529831.953109,2.152464
2184529833.198247,2.042757
2184529836.039818,2.7215260000000003
2184529838.940007,3.3117229999999998
2184529843.900548,2.4493319999999996
2184529845.382574,2.893065
2184529847.885033,2.469738
2184529850.411721,2.650549
2184529854.383126,2.9646350000000004
2184529855.09409,2.2250590000000003
2184529857.312785,2.8945860000000003
2184529862.200919,2.37317
2184529863.017149,2.180161
2184529865.040621,2.6616449999999996
2184529870.089864,1.9771649999999998
2184529884.1768923,2.892431
2184529889.719622,2.5694619999999997
2184529898.939159,2.258907
2184529900.8296247,2.4100189999999997
2184529905.0681767,2.272377
2184529908.057446,2.5915030000000003
2184529912.4592457,2.22215
2184529913.748509,2.332278
2184529921.0182652,2.275309
2184529921.667298,1.5382989999999999
2184529924.47507,2.192332
2184529925.128911,1.4885519999999999
2184529926.4776983,1.318933
2184529927.018991,2.51208
2184529928.6227336,2.888526
2184529929.1026716,1.398641
2184529936.714843,2.362728
2184529937.11682,2.103324
2184529938.824621,1.470767
2184529939.591683,2.4401140000000003
2184529947.622725,2.223979
2184529947.9146,3.062503
2184529950.752728,3.082624
2184529957.4344172,2.2319269999999998
2184529958.456339,2.245802
2184529960.324925,2.164021
2184529961.595175,2.46248
2184529962.421178,1.476704
2184529967.838563,2.54021
2184529970.710628,2.402652
2184529972.5546,1.713423
2184529977.362606,1.5090970000000001
2184529980.103068,2.7035489999999998
2184529985.230597,2.618751
2184529993.786844,2.169293
2184529995.942413,3.7852189999999997
2184529997.961047,2.8360149999999997
2184530000.510559,3.900736
2184530001.07529,3.281806
2184530001.668487,4.3601090000000005
2184530001.919703,2.866546
2184530012.2735248,4.04288
2184530013.9919143,3.15152
2184530015.894122,2.5206959999999996
2184530017.3098946,2.37609
2184530021.85319,3.044748
2184530022.3996873,3.178126
2184530023.544282,1.647002
2184530027.38772,2.194404
2184530029.038028,2.918431
2184530030.28727,2.459231
2184530032.865053,2.683411
2184530033.7942863,2.90104
2184530038.373095,3.23315
2184530047.2850738,2.015097
2184530048.2742896,2.733984
2184530052.408651,2.165013
2184530052.808137,2.1101750000000004
2184530053.1056447,2.363734
2184530063.664351,2.665936
2184530064.0260158,2.9222279999999996
2184530067.070621,2.419424
2184530071.7079883,2.097067
2184530091.648139,1.926727
2184530095.764626,2.447549
2184530098.498656,2.364218
2184530100.3800597,1.579314
2184530101.362801,2.8324079999999996
2184530103.683515,2.5784190000000002
2184530105.740379,2.153418
2184530106.809948,2.368487
2184530106.99832,2.390471
2184530109.67832,2.832427
2184530115.598951,2.687909
2184530117.584282,1.947128
2184530124.095084,4.004846000000001
2184530127.416627,3.9097869999999997
2184530129.739561,2.702017
2184530129.810082,2.341229
2184530132.840102,2.546155
2184530135.480049,2.451955
2184530137.327771,3.1483689999999998
2184530140.120825,2.741223
2184530141.746207,3.484625
2184530145.239463,3.456677
2184530146.7652783,2.3181450000000003
2184530151.153182,2.087832
2184530173.74654,2.927535
2184530176.6763678,2.897248
2184530177.181107,2.628516
2184530180.633707,2.487277
2184530183.7223663,2.3944550000000002
2184530184.236384,3.202513
2184530184.261823,2.687667
2184530187.4267187,3.1709780000000003
2184530190.3635387,2.885444
2184530191.0889287,2.411896
2184530193.191254,1.5047890000000002
2184530193.25164,2.834799
2184530193.3262844,2.640147
2184530196.12212,2.2430000000000003
2184530202.875974,2.1955970000000002
2184530205.60044,2.6914059999999997
2184530208.074157,2.0946279999999997
2184530208.217228,2.367333
2184530213.553635,2.4380640000000002
2184530218.143307,3.19919
2184530220.885302,2.7038230000000003
2184530224.742211,2.6372240000000002
2184530228.450081,2.323343
2184530232.848599,2.330537
2184530235.313135,2.693604
2184530242.868802,2.478304
2184530242.932886,1.54484
2184530245.245832,2.4067339999999997
2184530249.910317,1.820027
2184530254.392559,4.4307360000000005
2184530255.2386413,3.476653
2184530256.042694,1.737201
2184530257.2479672,2.802659
2184530258.371497,2.841978
2184530260.165683,1.739399
2184530268.6250653,3.55144
2184530283.503553,2.0956799999999998
2184530289.4792747,2.952068
2184530290.6672487,2.281514
2184530293.540194,1.338231
2184530298.752904,2.314915
2184530301.917139,2.4937240000000003
2184530310.644853,2.963482
2184530311.726715,2.4304449999999997
2184530314.646913,2.3722589999999997
2184530317.214753,2.528275
2184530317.396063,2.500272
2184530317.887403,2.5987340000000003
2184530318.647343,1.3963050000000001
2184530319.7199593,2.272742
2184530319.839953,1.922659
2184530324.400474,1.585933
2184530325.586696,3.270617
2184530329.433925,2.748721
2184530332.287523,2.089721
2184530332.552591,2.695949
2184530341.0418158,2.645851
2184530342.820742,2.831451
2184530343.341592,2.222131
2184530345.3945847,2.0169010000000003
2184530351.4017553,2.7214069999999997
2184530353.409976,2.699524
2184530355.669568,3.469238
2184530366.446465,2.143261
2184530370.6135044,3.172705
2184530373.9568906,4.680303
2184530377.9477787,3.302199
2184530378.891121,4.8795779999999995
2184530383.049001,2.750676
2184530385.468751,2.479982
2184530385.573585,2.472082
2184530390.925591,3.2280189999999997
2184530394.463302,2.872448
2184530395.651112,2.940902
2184530396.416693,2.565455
2184530399.120931,2.660633
2184530403.199355,2.489115
2184530403.2745466,2.7300549999999997
2184530409.7648144,2.7175939999999996
2184530410.177129,2.669121
2184530415.832108,2.899479
2184530419.887895,3.551657
2184530425.347652,3.077728
2184530425.758163,1.828239
2184530433.356624,1.746876
2184530438.523806,1.360925
2184530439.350052,2.395406
2184530442.671122,2.590941
2184530442.721404,1.650287
2184530445.690366,2.1864660000000002
2184530446.52681,3.221226
2184530447.621602,2.051281
2184530453.788895,2.1991150000000004
2184530455.6004443,1.703052
2184530456.622101,2.779811
2184530458.588069,2.62724
2184530464.8820486,3.4896049999999996
2184530467.04423,2.182898
2184530467.152069,2.3096900000000002
2184530470.137278,3.059724
2184530470.745018,3.542547
2184530472.3573203,2.61081
2184530472.84214,2.525477
2184530475.3884964,2.5055490000000002
2184530478.6327763,3.022931
2184530478.8183327,2.2905209999999996
2184530482.450253,2.021642
2184530491.425369,2.9803360000000003
2184530495.8213854,3.236351
2184530498.36576,3.9302269999999995
2184530500.76684,3.921005
2184530507.476664,3.528967
2184530513.675387,2.64401
2184530517.0102477,3.095522
2184530518.71668,3.877818
2184530530.8929744,2.976397
2184530534.727918,2.952139
2184530539.9534826,2.384134
2184530540.972468,2.796177
2184530544.745643,1.9265910000000002
2184530544.9987607,2.335654
2184530551.438339,2.161949
2184530555.197163,2.845788
2184530558.4433303,2.174902
2184530568.9411054,2.3272209999999998
2184530570.4429107,2.7249280000000002
2184530574.263224,3.184085
2184530577.8684673,2.781874
2184530578.023458,1.5702260000000001
2184530579.4850674,2.736649
2184530580.124191,2.2267620000000004
2184530581.424975,1.497993
2184530582.423647,2.9242209999999997
2184530584.3589582,2.738863
2184530584.524269,3.062342
2184530584.660837,2.174361
2184530586.328493,2.43913
2184530592.10039,2.1400680000000003
2184530595.292532,2.054194
2184530599.2301574,3.143852
2184530599.712057,2.046865
2184530600.482871,1.866298
2184530603.698045,3.1766989999999997
2184530605.557954,2.1657170000000003
2184530607.587438,2.251013
2184530610.045607,2.4187089999999998
2184530612.4643903,2.365348
2184530614.2195754,2.7583759999999997
2184530616.6379747,2.356264
2184530624.359813,2.8662750000000004
2184530625.686309,2.693377
2184530626.92719,1.930088
2184530629.088745,2.129911
2184530629.4386888,3.24366
2184530630.8948684,2.723718
2184530631.718337,2.225327
2184530632.377446,2.789156
2184530640.183541,2.331222
2184530642.9549007,2.704719
2184530644.697193,2.698609
2184530656.6742787,2.8284569999999998
2184530658.675872,2.13856
2184530658.999461,2.5757000000000003
2184530661.833317,2.844716
2184530663.4890356,3.214204
2184530664.605995,1.530235
2184530673.081613,2.602972
2184530674.5194473,2.491047
2184530678.622832,2.378022
2184530678.669751,1.705732
2184530681.1155543,2.0075000000000003
2184530687.164748,2.6443450000000004
2184530690.07643,3.328176
2184530693.279454,2.607745
2184530697.074667,2.312493
2184530697.582582,2.8238909999999997
2184530700.24684,2.626051
2184530702.3773127,2.100114
2184530702.4086246,2.532622
2184530704.796411,1.397477
2184530712.430222,2.7906400000000002
2184530714.973391,2.54705
2184530720.837065,2.6004270000000003
2184530722.896597,2.034051
2184530723.450122,2.526239
2184530734.427378,2.25413
2184530734.527426,2.30089
2184530738.507041,1.560692
2184530739.198441,2.242193
2184530740.900278,2.2763169999999997
2184530742.407679,2.562444
2184530745.17051,2.737115
2184530749.085685,2.875893
2184530750.562497,2.3779019999999997
2184530753.1958137,2.582735
2184530753.536681,2.9037379999999997
2184530756.285871,2.2022869999999997
2184530759.051141,2.671271
2184530759.4231234,2.2803839999999997
2184530761.8978977,2.41468
2184530762.3959613,2.921926
2184530763.888236,2.424484
2184530769.081111,2.950406
2184530770.3248954,2.925211
2184530770.86551,2.503508
2184530772.9939303,2.621066
2184530775.594132,2.556
2184530777.98626,2.892605
2184530778.651916,3.058862
2184530780.823958,2.229263
2184530784.055585,2.671109
2184530787.546532,2.577026
2184530793.0627522,2.695359
2184530793.374258,2.778764
2184530796.9340143,2.4370849999999997
2184530797.0153184,2.4822529999999996
2184530797.302466,2.2872399999999997
2184530800.900573,2.6295260000000003
2184530801.526941,2.196057
2184530804.0820866,2.602111
2184530806.982992,2.570824
2184530807.5481534,2.277955
2184530810.616125,2.4646500000000002
2184530813.0799246,2.1363689999999997
2184530813.404103,2.76237
2184530815.99874,2.568426
2184530822.0827127,1.5577709999999998
2184530822.2345014,3.226054
2184530824.3822007,1.541924
2184530828.4887953,2.627892
2184530828.6142087,2.340283
2184530835.077094,2.154193
2184530838.7976,2.6789840000000003
2184530848.062235,1.812719
2184530850.4998384,2.333417
2184530850.996961,2.892155
2184530852.7461,1.7106350000000001
2184530858.910776,2.210733
2184530861.104889,2.356661
2184530872.123653,3.551799
2184530874.715429,4.100211000000001
2184530875.232749,3.289707
2184530878.488282,2.835448
2184530889.347951,2.965556
2184530889.954585,2.909086
2184530893.407001,2.4933300000000003
2184530893.4517417,2.206499
2184530901.360421,2.331984
2184530907.626811,1.7226730000000001
2184530908.169109,2.3400410000000003
2184530911.593069,2.306606
2184530913.1394463,1.510566
2184530916.447463,2.106506
2184530917.357233,3.25419
2184530918.846581,2.6446709999999998
2184530921.345489,1.980932
2184530923.9886622,2.492162
2184530924.599534,2.358716
2184530926.518314,2.935724
2184530927.746531,2.030157
2184530929.128758,2.568511
2184530930.685368,2.9012119999999997
2184530934.279633,3.5541560000000003
2184530935.1235,2.6320580000000002
2184530936.726145,2.4012539999999998
2184530945.479685,2.6742559999999997
2184530948.758406,2.619399
2184530950.237037,2.707109
2184530952.171024,2.438768
2184530969.469375,2.436879
2184530984.81331,2.0417539999999996
2184531009.260852,3.51207
