post_tweet,3826171,2343676555616929,16
follow,2743257,2343676558500498,16
get_timeline,656230,2343676559218108,16
get_timeline,298473,2343676559552227,16
post_tweet,3074347,2343676562660387,16
post_tweet,2680381,2343676565373868,16
follow,2135477,2343676567539126,16
get_timeline,482712,2343676568072720,16
get_timeline,548320,2343676568656310,16
follow,2143549,2343676570834536,16
follow,2331794,2343676573200269,16
post_tweet,3397084,2343676576636717,16
add_user,2530436,2343676579205179,16
get_timeline,554589,2343676579796888,16
get_timeline,483876,2343676580321925,16
get_timeline,536286,2343676580906131,16
get_timeline,743783,2343676581697032,16
get_timeline,643322,2343676582388950,16
get_timeline,723162,2343676583157599,16
post_tweet,3385094,2343676586589340,16
follow,3334932,2343676589964224,16
get_timeline,382991,2343676590389101,16
get_timeline,506894,2343676590940990,16
follow,2012992,2343676593007271,16
follow,2670613,2343676595722019,16
get_timeline,562363,2343676596323957,16
get_timeline,651907,2343676597026918,16
post_tweet,3163923,2343676600228732,16
get_timeline,364572,2343676600628616,16
get_timeline,378164,2343676601050978,16
follow,2291896,2343676603378061,16
get_timeline,545376,2343676603955434,16
get_timeline,421372,2343676604414038,16
post_tweet,2752582,2343676607207883,16
get_timeline,641440,2343676607882418,16
get_timeline,324593,2343676608243769,16
get_timeline,508490,2343676608793811,16
get_timeline,456446,2343676609287868,16
get_timeline,550649,2343676609878194,16
follow,1720090,2343676611636758,16
post_tweet,3273595,2343676614944374,16
post_tweet,2748787,2343676617734309,16
get_timeline,561669,2343676618332333,16
add_user,2632103,2343676621005224,16
post_tweet,2760648,2343676623802293,16
post_tweet,3196702,2343676627032615,16
follow,1843252,2343676628910214,16
get_timeline,461045,2343676629408308,16
post_tweet,2932861,2343676632382006,16
follow,3223476,2343676635661287,16
get_timeline,665776,2343676636374469,16
get_timeline,655648,2343676637089600,16
post_tweet,3041011,2343676640180472,16
get_timeline,672926,2343676640908885,16
post_tweet,2961221,2343676643909847,16
get_timeline,818745,2343676644783287,16
get_timeline,437719,2343676645262332,16
post_tweet,2899462,2343676648201197,16
get_timeline,673693,2343676648913635,16
get_timeline,564839,2343676649519752,16
get_timeline,679704,2343676650237888,16
get_timeline,559804,2343676650863006,16
follow,1067044,2343676651967547,16
get_timeline,251757,2343676652245675,16
post_tweet,2886394,2343676655168870,16
get_timeline,829598,2343676656055000,16
follow,3190402,2343676659280181,16
get_timeline,762278,2343676660083385,16
get_timeline,578358,2343676660697922,16
get_timeline,541204,2343676661274162,16
post_tweet,3009633,2343676664340959,16
follow,2336350,2343676666730993,16
get_timeline,390786,2343676667170438,16
get_timeline,602364,2343676667832195,16
follow,2527029,2343676670454004,16
get_timeline,677940,2343676671182572,16
get_timeline,804850,2343676672050114,16
get_timeline,740378,2343676672857079,16
post_tweet,2597666,2343676675492406,16
get_timeline,763131,2343676676287368,16
get_timeline,269937,2343676676595063,16
add_user,3599258,2343676680232519,16
get_timeline,357543,2343676680622796,16
get_timeline,862159,2343676681530511,16
get_timeline,258017,2343676681824877,16
follow,2281777,2343676684142521,16
get_timeline,549850,2343676684726163,16
post_tweet,2850673,2343676687621384,16
post_tweet,2252201,2343676689910941,16
get_timeline,429200,2343676690392177,16
get_timeline,494984,2343676690927866,16
post_tweet,2135467,2343676693105798,16
get_timeline,782506,2343676693936190,16
get_timeline,909038,2343676694888062,16
follow,1798298,2343676696721756,16
get_timeline,263757,2343676697015783,16
post_tweet,2188750,2343676699241026,16
get_timeline,424146,2343676699694626,16
get_timeline,866145,2343676700597693,16
post_tweet,3181210,2343676703815965,16
get_timeline,533210,2343676704380661,16
post_tweet,3637126,2343676708055059,16
get_timeline,472572,2343676708563777,16
get_timeline,679369,2343676709282188,16
post_tweet,3461491,2343676712804897,16
post_tweet,3728424,2343676716569819,16
get_timeline,781645,2343676717412499,16
get_timeline,328224,2343676717798699,16
follow,2576907,2343676720424039,16
follow,2172474,2343676722645171,16
get_timeline,586102,2343676723273776,16
follow,2186105,2343676725507960,16
post_tweet,2896966,2343676728459865,16
follow,1355746,2343676729864237,16
post_tweet,2134677,2343676732049945,16
get_timeline,540810,2343676732626732,16
post_tweet,2603816,2343676735271023,16
get_timeline,457167,2343676735763663,16
get_timeline,442020,2343676736243681,16
get_timeline,451551,2343676736736648,16
get_timeline,392438,2343676737166561,16
post_tweet,2568385,2343676739774916,16
get_timeline,450494,2343676740271494,16
get_timeline,450985,2343676740762972,16
post_tweet,2205332,2343676743005480,16
get_timeline,384806,2343676743421119,16
get_timeline,430173,2343676743889798,16
add_user,1865311,2343676745791831,16
get_timeline,275793,2343676746098240,16
get_timeline,476653,2343676746628769,16
post_tweet,4185453,2343676750873998,16
get_timeline,612908,2343676751533403,16
get_timeline,402934,2343676751974098,16
get_timeline,352241,2343676752377165,16
post_tweet,2702671,2343676755121524,16
follow,2688027,2343676757842613,16
post_tweet,2431763,2343676760310281,16
post_tweet,2608655,2343676762955067,16
follow,2081833,2343676765077671,16
post_tweet,2395940,2343676767539047,16
get_timeline,743918,2343676768323013,16
get_timeline,424086,2343676768794658,16
post_tweet,2073714,2343676770919695,16
get_timeline,671735,2343676771634423,16
get_timeline,550403,2343676772236546,16
get_timeline,439781,2343676772725205,16
post_tweet,3365742,2343676776136152,16
post_tweet,2736727,2343676778925302,16
get_timeline,601640,2343676779568506,16
get_timeline,544516,2343676780152111,16
get_timeline,352439,2343676780542736,16
get_timeline,644404,2343676781224976,16
get_timeline,360631,2343676781620124,16
add_user,2223852,2343676783881060,16
follow,2671535,2343676786583515,16
get_timeline,488952,2343676787114390,16
follow,2785762,2343676789935854,16
get_timeline,623543,2343676790597642,16
post_tweet,2405193,2343676793050934,16
get_timeline,729710,2343676793849330,16
post_tweet,3435496,2343676797344936,16
post_tweet,2782224,2343676800196180,16
follow,2335347,2343676802616631,16
follow,1649270,2343676804314673,16
follow,2916576,2343676807263129,16
post_tweet,2617462,2343676809937989,16
post_tweet,2762418,2343676812733985,16
get_timeline,286062,2343676813052114,16
follow,2347457,2343676815440996,16
get_timeline,658853,2343676816152780,16
post_tweet,2418725,2343676818619869,16
get_timeline,510896,2343676819179326,16
post_tweet,2598068,2343676821824157,16
post_tweet,2021908,2343676823887369,16
get_timeline,701784,2343676824643601,16
add_user,1621326,2343676826309323,16
follow,1758753,2343676828118023,16
follow,22430343,2343676850612422,16
post_tweet,19633704,2343676870310512,16
add_user,2936323,2343676873311415,16
follow,1835362,2343676875209067,16
add_user,4934549,2343676880204688,16
post_tweet,3780186,2343676884048923,16
get_timeline,373422,2343676884471800,16
add_user,3025041,2343676887555137,16
get_timeline,456199,2343676888055592,16
get_timeline,598090,2343676888713324,16
get_timeline,596474,2343676889365147,16
get_timeline,721345,2343676890142082,16
get_timeline,9026481,2343676899225233,16
get_timeline,682376,2343676899969888,16
get_timeline,483474,2343676900534035,16
add_user,2154497,2343676902741186,16
get_timeline,886676,2343676903690667,16
get_timeline,644221,2343676904391135,16
get_timeline,626075,2343676905074295,16
post_tweet,2977203,2343676908105256,16
get_timeline,819430,2343676908980743,16
follow,8594121,2343676917627822,16
post_tweet,20255698,2343676937947685,16
follow,3758178,2343676941767888,16
add_user,4179595,2343676946010825,16
post_tweet,3586313,2343676949660786,16
post_tweet,6557887,2343676956283198,16
post_tweet,7281594,2343676963629252,16
post_tweet,4193743,2343676967887490,16
post_tweet,3277934,2343676971230380,16
get_timeline,552012,2343676971839304,16
post_tweet,2707405,2343676974608793,16
get_timeline,466162,2343676975126434,16
get_timeline,615284,2343676975802700,16
get_timeline,780349,2343676976643655,16
post_tweet,2813747,2343676979541253,16
post_tweet,3196032,2343676982790072,16
follow,3455426,2343676986274248,16
follow,2295813,2343676988633010,16
post_tweet,3368238,2343676992032833,16
get_timeline,552896,2343676992614952,16
get_timeline,442393,2343676993111931,16
get_timeline,481642,2343676993640924,16
get_timeline,443765,2343676994129994,16
follow,2033619,2343676996206448,16
post_tweet,2790000,2343676999037972,16
add_user,2330581,2343677001408384,16
add_user,2391215,2343677003840335,16
follow,1931100,2343677005808915,16
get_timeline,892834,2343677006773462,16
get_timeline,583646,2343677007397932,16
follow,1609803,2343677009046543,16
get_timeline,335613,2343677009415282,16
post_tweet,2396289,2343677011851262,16
post_tweet,2200695,2343677014086403,16
post_tweet,2496019,2343677016618154,16
follow,2655663,2343677019308251,16
get_timeline,405720,2343677019746438,16
post_tweet,2572512,2343677022359109,16
post_tweet,3062161,2343677025457609,16
post_tweet,2627246,2343677028121281,16
get_timeline,629680,2343677028786536,16
get_timeline,371491,2343677029196425,16
post_tweet,2596682,2343677031840326,16
post_tweet,2998063,2343677034877583,16
get_timeline,541476,2343677035459382,16
follow,1406258,2343677036911162,16
post_tweet,2758876,2343677039710024,16
add_user,28854580,2343677068610921,16
post_tweet,4654397,2343677073330996,16
get_timeline,1017349,2343677074411435,16
get_timeline,1578701,2343677076045677,16
follow,4431386,2343677080540156,16
get_timeline,914296,2343677081529411,16
get_timeline,1407500,2343677083003531,16
post_tweet,4048350,2343677087128845,16
add_user,3741093,2343677090933226,16
get_timeline,656938,2343677091662561,16
post_tweet,1892302,2343677093591977,16
get_timeline,378071,2343677094002225,16
get_timeline,257661,2343677094316079,16
follow,2003091,2343677096354359,16
get_timeline,491543,2343677096878019,16
get_timeline,532647,2343677097445788,16
get_timeline,648965,2343677098131100,16
add_user,2456512,2343677100622851,16
get_timeline,273661,2343677100936500,16
get_timeline,323311,2343677101294837,16
get_timeline,592396,2343677101924156,16
post_tweet,2568706,2343677104529254,16
follow,2598922,2343677107181199,16
post_tweet,2527498,2343677109739250,16
follow,2306925,2343677112076768,16
get_timeline,550523,2343677112673846,16
get_timeline,666586,2343677113393423,16
get_timeline,622967,2343677114067382,16
post_tweet,2751907,2343677116871891,16
post_tweet,2548664,2343677119466563,16
post_tweet,2686926,2343677122211245,16
post_tweet,2860729,2343677125127355,16
follow,1258987,2343677126415514,16
post_tweet,2226614,2343677128670442,16
post_tweet,2389716,2343677131090063,16
get_timeline,323063,2343677131439532,16
get_timeline,669220,2343677132143731,16
post_tweet,28495499,2343677160678537,16
follow,23841064,2343677184555218,16
get_timeline,1213377,2343677185833597,16
get_timeline,892921,2343677186791976,16
get_timeline,715091,2343677187568976,16
post_tweet,3973715,2343677191604511,16
get_timeline,967324,2343677192637302,16
get_timeline,1361678,2343677194062884,16
get_timeline,691694,2343677194829432,16
get_timeline,509098,2343677195370102,16
post_tweet,2736511,2343677198137968,16
post_tweet,3449434,2343677201616236,16
get_timeline,427983,2343677202098525,16
post_tweet,2246573,2343677204384258,16
post_tweet,1947169,2343677206362983,16
follow,4603053,2343677210991397,16
get_timeline,1001761,2343677212022085,16
follow,4100519,2343677216166546,16
get_timeline,927829,2343677217147408,16
post_tweet,5158581,2343677222350737,16
post_tweet,5720814,2343677228110357,16
get_timeline,401707,2343677228564392,16
get_timeline,321569,2343677228933580,16
get_timeline,564235,2343677229547363,16
follow,6315944,2343677235912413,16
get_timeline,750374,2343677236727423,16
get_timeline,692233,2343677237490055,16
get_timeline,679103,2343677238228571,16
post_tweet,4995251,2343677243285224,16
post_tweet,6454427,2343677249796077,16
follow,2237965,2343677252087433,16
post_tweet,35617196,2343677287746631,16
get_timeline,940903,2343677288750380,16
post_tweet,5749163,2343677294570052,16
get_timeline,1155317,2343677295789964,16
get_timeline,1095879,2343677296976785,16
get_timeline,834650,2343677297889387,16
post_tweet,4314394,2343677302268973,16
follow,2169973,2343677304499602,16
get_timeline,500706,2343677305037687,16
get_timeline,381172,2343677305458220,16
get_timeline,534677,2343677306033382,16
get_timeline,596685,2343677306674544,16
get_timeline,505647,2343677307220984,16
get_timeline,512552,2343677307772558,16
get_timeline,542966,2343677308360430,16
post_tweet,2553365,2343677310961741,16
follow,1975906,2343677312971591,16
get_timeline,424226,2343677313431018,16
get_timeline,461038,2343677313932337,16
post_tweet,2650527,2343677316628046,16
get_timeline,560362,2343677317223006,16
follow,2799260,2343677320060716,16
get_timeline,541031,2343677320635546,16
get_timeline,501334,2343677321174908,16
post_tweet,2672480,2343677323885712,16
get_timeline,463838,2343677324381588,16
get_timeline,447362,2343677324868407,16
post_tweet,2476426,2343677327388660,16
get_timeline,497259,2343677327918896,16
post_tweet,2875541,2343677330841326,16
get_timeline,474074,2343677331379999,16
follow,5358822,2343677336777681,16
get_timeline,1187344,2343677338018068,16
post_tweet,3638041,2343677341706236,16
add_user,4028519,2343677345796367,16
get_timeline,393673,2343677346236600,16
get_timeline,722829,2343677347017897,16
post_tweet,2472000,2343677349544986,16
get_timeline,843582,2343677350440284,16
get_timeline,919244,2343677351414579,16
post_tweet,2708851,2343677354168392,16
follow,2883684,2343677357104799,16
get_timeline,731822,2343677357876147,16
post_tweet,3214846,2343677361134526,16
post_tweet,4555760,2343677365745398,16
get_timeline,708826,2343677366493428,16
follow,2032731,2343677368566639,16
add_user,3129800,2343677371734542,16
post_tweet,3360015,2343677375146098,16
follow,2158070,2343677377356183,16
get_timeline,658864,2343677378069729,16
post_tweet,4370072,2343677382489396,16
post_tweet,4519830,2343677387064107,16
follow,5000445,2343677392107977,16
post_tweet,3633305,2343677395799713,16
get_timeline,704341,2343677396560360,16
get_timeline,505826,2343677397124094,16
get_timeline,834589,2343677398014180,16
get_timeline,665058,2343677398733216,16
post_tweet,3442832,2343677402229689,16
post_tweet,3128378,2343677405394998,16
add_user,2218052,2343677407667999,16
post_tweet,3473510,2343677411190709,16
get_timeline,501333,2343677411728124,16
get_timeline,696178,2343677412474051,16
get_timeline,708452,2343677413236207,16
post_tweet,3145181,2343677416430666,16
follow,2420455,2343677418904461,16
get_timeline,698773,2343677419691730,16
follow,3800957,2343677423550237,16
post_tweet,3370900,2343677426976702,16
get_timeline,658700,2343677427692257,16
post_tweet,3180873,2343677430909707,16
get_timeline,413424,2343677431376858,16
post_tweet,3479069,2343677434891365,16
post_tweet,4029855,2343677438962287,16
post_tweet,2309784,2343677441326233,16
get_timeline,508361,2343677441878661,16
get_timeline,1257424,2343677443199518,16
post_tweet,2966968,2343677446214909,16
get_timeline,729711,2343677446986531,16
follow,4285551,2343677451316386,16
follow,2487663,2343677453855371,16
post_tweet,2952439,2343677456849621,16
get_timeline,1414722,2343677458318313,16
get_timeline,661798,2343677459042205,16
get_timeline,677466,2343677459764331,16
get_timeline,959286,2343677460777368,16
post_tweet,3334332,2343677464159029,16
follow,1791221,2343677465990195,16
get_timeline,468732,2343677466526525,16
post_tweet,3860187,2343677470432959,16
get_timeline,845793,2343677471315908,16
get_timeline,308219,2343677471661794,16
get_timeline,417398,2343677472117367,16
post_tweet,3502122,2343677475662315,16
post_tweet,3300151,2343677478997029,16
get_timeline,669730,2343677479709028,16
get_timeline,754718,2343677480512180,16
get_timeline,698217,2343677481259108,16
post_tweet,2944444,2343677484250074,16
get_timeline,479587,2343677484769645,16
post_tweet,2356204,2343677487173337,16
get_timeline,327326,2343677487537328,16
get_timeline,542391,2343677488124653,16
follow,1843817,2343677490014019,16
post_tweet,2804661,2343677492863721,16
get_timeline,376495,2343677493271494,16
get_timeline,477225,2343677493785051,16
post_tweet,2752991,2343677496588569,16
post_tweet,2716967,2343677499338394,16
get_timeline,681879,2343677500072658,16
get_timeline,676018,2343677500785650,16
post_tweet,2858133,2343677503680992,16
post_tweet,2272924,2343677505988407,16
get_timeline,512753,2343677506556170,16
follow,2485063,2343677509077160,16
get_timeline,616352,2343677509749014,16
get_timeline,526319,2343677510317532,16
post_tweet,2502581,2343677512859956,16
post_tweet,2792939,2343677515688532,16
get_timeline,627648,2343677516367772,16
get_timeline,454899,2343677516861697,16
add_user,2501522,2343677519403771,16
get_timeline,485504,2343677519923531,16
get_timeline,632030,2343677520596119,16
get_timeline,497726,2343677521135802,16
follow,1583517,2343677522757963,16
get_timeline,642153,2343677523433424,16
get_timeline,687220,2343677524160441,16
get_timeline,543256,2343677524745376,16
post_tweet,2219252,2343677527003660,16
get_timeline,788621,2343677527827044,16
get_timeline,619169,2343677528487241,16
add_user,2430919,2343677530959929,16
get_timeline,502504,2343677531537208,16
get_timeline,316112,2343677531891811,16
get_timeline,668251,2343677532601088,16
get_timeline,551714,2343677533194490,16
get_timeline,652345,2343677533884624,16
get_timeline,379124,2343677534303434,16
get_timeline,505527,2343677534847659,16
post_tweet,1963917,2343677536844234,16
post_tweet,2742956,2343677539617239,16
get_timeline,448541,2343677540115280,16
post_tweet,2535792,2343677542685604,16
get_timeline,404071,2343677543138304,16
follow,1773237,2343677545001959,16
get_timeline,588850,2343677545625773,16
get_timeline,494870,2343677546157307,16
get_timeline,512259,2343677546707572,16
get_timeline,440735,2343677547185831,16
get_timeline,577255,2343677547800661,16
get_timeline,398627,2343677548235562,16
get_timeline,496580,2343677548771604,16
post_tweet,2363690,2343677551172291,16
post_tweet,2805575,2343677554029667,16
post_tweet,2765129,2343677556829013,16
post_tweet,2974674,2343677559858340,16
get_timeline,484870,2343677560373621,16
get_timeline,431388,2343677560865244,16
follow,2485941,2343677563386830,16
post_tweet,2707244,2343677566124595,16
follow,1991635,2343677568146985,16
get_timeline,642239,2343677568835085,16
get_timeline,494145,2343677569370533,16
post_tweet,3032569,2343677572447219,16
get_timeline,620358,2343677573124100,16
follow,2359458,2343677575524487,16
post_tweet,2692912,2343677578253560,16
post_tweet,3071540,2343677581363226,16
follow,2530140,2343677583930062,16
follow,1237201,2343677585201756,16
get_timeline,959853,2343677586200375,16
post_tweet,3389083,2343677589636806,16
get_timeline,595547,2343677590270924,16
follow,2818098,2343677593134568,16
get_timeline,531883,2343677593719651,16
post_tweet,2642265,2343677596419238,16
get_timeline,697428,2343677597172918,16
get_timeline,547564,2343677597767357,16
follow,2639977,2343677600452718,16
get_timeline,385167,2343677600871929,16
post_tweet,2052004,2343677602964454,16
get_timeline,394680,2343677603401204,16
get_timeline,266161,2343677603704397,16
follow,2746489,2343677606490152,16
get_timeline,434810,2343677606975798,16
post_tweet,2774642,2343677609790620,16
get_timeline,552083,2343677610377538,16
post_tweet,2774838,2343677613192086,16
post_tweet,2983235,2343677616216593,16
get_timeline,675588,2343677616933416,16
post_tweet,2541830,2343677619521890,16
get_timeline,461432,2343677620031353,16
get_timeline,687198,2343677620775832,16
post_tweet,3253857,2343677624075058,16
get_timeline,282215,2343677624389160,16
get_timeline,430566,2343677624857810,16
get_timeline,549140,2343677625444968,16
get_timeline,316746,2343677625859514,16
post_tweet,2201916,2343677628099283,16
post_tweet,2371205,2343677630505165,16
post_tweet,2758012,2343677633314461,16
get_timeline,495610,2343677633863674,16
get_timeline,450617,2343677634351989,16
get_timeline,441857,2343677634842723,16
add_user,2983509,2343677637867903,16
get_timeline,556745,2343677638463711,16
post_tweet,2066689,2343677640571630,16
post_tweet,2446942,2343677643057065,16
post_tweet,3396663,2343677646493219,16
post_tweet,2624566,2343677649171300,16
post_tweet,2980474,2343677652199966,16
post_tweet,3282083,2343677655585395,16
post_tweet,3174999,2343677658812528,16
get_timeline,586173,2343677659437424,16
get_timeline,506547,2343677659988157,16
post_tweet,2538721,2343677662585569,16
post_tweet,2046901,2343677664684267,16
post_tweet,2471727,2343677667197110,16
get_timeline,619775,2343677667867357,16
post_tweet,3176016,2343677671105353,16
get_timeline,665571,2343677671826283,16
post_tweet,3376403,2343677675269487,16
get_timeline,626746,2343677675955999,16
get_timeline,404823,2343677676395784,16
get_timeline,539540,2343677676972092,16
get_timeline,414188,2343677677421665,16
get_timeline,562944,2343677678021069,16
follow,955619,2343677679011176,16
add_user,2163149,2343677681203859,16
get_timeline,590065,2343677681826059,16
get_timeline,512329,2343677682372935,16
get_timeline,605423,2343677683016184,16
get_timeline,545882,2343677683597820,16
get_timeline,902498,2343677684536264,16
get_timeline,299104,2343677684870861,16
post_tweet,2229193,2343677687135542,16
post_tweet,3235701,2343677690397461,16
get_timeline,340283,2343677690763861,16
post_tweet,2152476,2343677692948254,16
post_tweet,2205983,2343677695181754,16
get_timeline,684801,2343677695919979,16
get_timeline,507480,2343677696459616,16
get_timeline,678014,2343677697171439,16
post_tweet,2827460,2343677700048685,16
get_timeline,817992,2343677700904488,16
post_tweet,2845159,2343677703790731,16
add_user,2329778,2343677706184378,16
add_user,2833726,2343677709054950,16
post_tweet,3305655,2343677712402394,16
add_user,3732787,2343677716175813,16
post_tweet,2925829,2343677719143456,16
add_user,2347000,2343677721539036,16
post_tweet,3299116,2343677724883434,16
post_tweet,2531158,2343677727459457,16
get_timeline,571323,2343677728075135,16
post_tweet,2501979,2343677730630085,16
follow,3127829,2343677733799595,16
follow,1963458,2343677735822582,16
post_tweet,2873079,2343677738737043,16
get_timeline,775203,2343677739557315,16
get_timeline,738430,2343677740344113,16
post_tweet,2869159,2343677743262952,16
get_timeline,759215,2343677744077828,16
post_tweet,2949949,2343677747076587,16
get_timeline,430315,2343677747537055,16
post_tweet,2661518,2343677750238344,16
get_timeline,558313,2343677750843381,16
get_timeline,679536,2343677751560625,16
post_tweet,2462463,2343677754058348,16
post_tweet,1960196,2343677756050360,16
add_user,2505821,2343677758587730,16
post_tweet,2782247,2343677761406141,16
follow,1811110,2343677763254081,16
get_timeline,453532,2343677763742981,16
post_tweet,3237143,2343677767022679,16
get_timeline,710092,2343677767771194,16
post_tweet,3480437,2343677771295846,16
post_tweet,2874588,2343677774212677,16
get_timeline,892316,2343677775154779,16
get_timeline,717693,2343677775920134,16
post_tweet,2191408,2343677778181730,16
get_timeline,746552,2343677778977845,16
get_timeline,514596,2343677779549050,16
get_timeline,540091,2343677780128140,16
post_tweet,2334721,2343677782510223,16
post_tweet,2424407,2343677784966956,16
get_timeline,632459,2343677785633684,16
follow,1757568,2343677787428003,16
post_tweet,3103121,2343677790562483,16
post_tweet,2290124,2343677792886321,16
get_timeline,482029,2343677793418706,16
post_tweet,2596171,2343677796073473,16
get_timeline,439594,2343677796567278,16
get_timeline,586818,2343677797194393,16
follow,2030874,2343677799265101,16
get_timeline,740337,2343677800039690,16
follow,2312138,2343677802393322,16
post_tweet,2628710,2343677805056067,16
get_timeline,608226,2343677805700587,16
post_tweet,2834094,2343677808575606,16
add_user,1842120,2343677810455119,16
get_timeline,604793,2343677811097499,16
follow,2188747,2343677813326921,16
post_tweet,3090131,2343677816455199,16
get_timeline,597747,2343677817106392,16
get_timeline,658203,2343677817807499,16
post_tweet,2629444,2343677820479975,16
post_tweet,2624405,2343677823140468,16
get_timeline,772165,2343677823948030,16
post_tweet,3236997,2343677827225728,16
get_timeline,389493,2343677827669412,16
follow,1481462,2343677829189675,16
post_tweet,2200744,2343677831446695,16
post_tweet,3727517,2343677835226579,16
get_timeline,538351,2343677835817202,16
get_timeline,456270,2343677836316503,16
follow,2109930,2343677838483543,16
get_timeline,760773,2343677839281305,16
get_timeline,754288,2343677840079996,16
post_tweet,2520313,2343677842644983,16
get_timeline,474650,2343677843154390,16
follow,1955796,2343677845156832,16
follow,2119601,2343677847308221,16
get_timeline,654598,2343677847994543,16
follow,1648188,2343677849693266,16
follow,2604129,2343677852350012,16
post_tweet,2788093,2343677855192529,16
post_tweet,2995179,2343677858226526,16
follow,3069429,2343677861334870,16
post_tweet,2680146,2343677864079358,16
get_timeline,685218,2343677864827284,16
post_tweet,3165775,2343677868039009,16
post_tweet,3120969,2343677871205328,16
get_timeline,790333,2343677872039921,16
get_timeline,597083,2343677872697393,16
get_timeline,723382,2343677873470125,16
follow,2738374,2343677876257000,16
get_timeline,486385,2343677876785131,16
post_tweet,3229788,2343677880065314,16
post_tweet,2798521,2343677882929390,16
get_timeline,378517,2343677883337246,16
post_tweet,2050258,2343677885423974,16
get_timeline,535982,2343677885990982,16
follow,2982273,2343677889008376,16
post_tweet,2436247,2343677891505403,16
post_tweet,2960702,2343677894496881,16
get_timeline,691629,2343677895234520,16
get_timeline,428927,2343677895708289,16
get_timeline,434525,2343677896187759,16
get_timeline,611442,2343677896845788,16
post_tweet,3031320,2343677899922342,16
get_timeline,665011,2343677900628603,16
follow,1900461,2343677902574836,16
get_timeline,676694,2343677903291700,16
post_tweet,3465618,2343677906829919,16
add_user,2008087,2343677908870575,16
get_timeline,541497,2343677909466942,16
get_timeline,703447,2343677910207069,16
get_timeline,508332,2343677910752250,16
get_timeline,426025,2343677911213602,16
get_timeline,347129,2343677911600772,16
post_tweet,2472946,2343677914108995,16
get_timeline,405630,2343677914545685,16
get_timeline,572126,2343677915151780,16
get_timeline,567615,2343677915760706,16
get_timeline,775827,2343677916572709,16
post_tweet,2678787,2343677919316809,16
post_tweet,3206898,2343677922575969,16
get_timeline,951231,2343677923583442,16
get_timeline,454364,2343677924094057,16
get_timeline,777091,2343677924937703,16
post_tweet,3898712,2343677928897124,16
post_tweet,3171545,2343677932095502,16
post_tweet,3167815,2343677935290308,16
get_timeline,819693,2343677936160214,16
post_tweet,3097475,2343677939333808,16
post_tweet,2844737,2343677942221554,16
post_tweet,5174568,2343677947437389,16
post_tweet,2151237,2343677949630074,16
get_timeline,610210,2343677950290498,16
get_timeline,713342,2343677951056816,16
get_timeline,579771,2343677951684792,16
get_timeline,523227,2343677952258148,16
post_tweet,2906752,2343677955216783,16
post_tweet,4832341,2343677960102549,16
get_timeline,921001,2343677961080656,16
get_timeline,770189,2343677961891724,16
get_timeline,506931,2343677962438111,16
follow,3531437,2343677966008241,16
post_tweet,2852868,2343677968916909,16
get_timeline,747013,2343677969728331,16
get_timeline,557079,2343677970327391,16
get_timeline,737935,2343677971107005,16
follow,2276579,2343677973421592,16
follow,1762329,2343677975217036,16
post_tweet,2429419,2343677977679384,16
get_timeline,625668,2343677978339452,16
post_tweet,2059948,2343677980438910,16
post_tweet,2288082,2343677982767719,16
get_timeline,349971,2343677983148145,16
post_tweet,5845770,2343677989054316,16
get_timeline,554417,2343677989683362,16
follow,1986837,2343677991714276,16
get_timeline,582786,2343677992370598,16
get_timeline,791695,2343677993210216,16
post_tweet,3572853,2343677996828754,16
get_timeline,619754,2343677997497516,16
add_user,2655454,2343678000198006,16
post_tweet,3446887,2343678003687151,16
follow,3094412,2343678006819040,16
get_timeline,626570,2343678007498662,16
post_tweet,3151458,2343678010711363,16
get_timeline,688116,2343678011444375,16
get_timeline,677996,2343678012183537,16
get_timeline,339463,2343678012571485,16
get_timeline,516860,2343678013134850,16
get_timeline,723486,2343678013910955,16
get_timeline,739198,2343678014699468,16
get_timeline,481047,2343678015228921,16
get_timeline,504448,2343678015767859,16
post_tweet,2960281,2343678018768589,16
get_timeline,372400,2343678019183256,16
follow,2006197,2343678021222718,16
get_timeline,452026,2343678021705794,16
post_tweet,2398707,2343678024138836,16
get_timeline,614575,2343678024784942,16
get_timeline,451592,2343678025282456,16
get_timeline,578255,2343678025898535,16
get_timeline,426978,2343678026388637,16
post_tweet,3008120,2343678029437895,16
get_timeline,789833,2343678030284473,16
get_timeline,643775,2343678030983339,16
post_tweet,2746002,2343678033768148,16
add_user,2975496,2343678036778857,16
get_timeline,652956,2343678037465144,16
get_timeline,559537,2343678038064717,16
follow,4832645,2343678042936211,16
get_timeline,864600,2343678043858019,16
follow,2876483,2343678046793700,16
follow,2571167,2343678049416342,16
get_timeline,455226,2343678049938809,16
get_timeline,793419,2343678050787076,16
follow,2366413,2343678053213403,16
post_tweet,3687156,2343678056960094,16
post_tweet,3936209,2343678060946079,16
get_timeline,457799,2343678061451978,16
post_tweet,2698870,2343678064205118,16
get_timeline,589931,2343678064835394,16
post_tweet,2679267,2343678067560890,16
get_timeline,883801,2343678068491234,16
get_timeline,729894,2343678069271565,16
follow,1911968,2343678071226873,16
post_tweet,3468256,2343678074736130,16
post_tweet,3394393,2343678078180278,16
follow,2785661,2343678081000605,16
get_timeline,521472,2343678081569965,16
get_timeline,470635,2343678082080925,16
get_timeline,863962,2343678082984237,16
post_tweet,2807358,2343678085832794,16
post_tweet,3598776,2343678089481553,16
get_timeline,353707,2343678089877343,16
get_timeline,493991,2343678090411788,16
get_timeline,468738,2343678090921383,16
follow,2956587,2343678093929368,16
post_tweet,2902532,2343678096879148,16
get_timeline,665319,2343678097602024,16
get_timeline,488418,2343678098132447,16
get_timeline,555009,2343678098734734,16
get_timeline,533595,2343678099325275,16
get_timeline,415673,2343678099788935,16
post_tweet,5871831,2343678105715293,16
get_timeline,440378,2343678106198604,16
get_timeline,421706,2343678106668386,16
get_timeline,689896,2343678107409457,16
get_timeline,359887,2343678107815636,16
get_timeline,371907,2343678108247585,16
post_tweet,3149868,2343678111434521,16
post_tweet,2608093,2343678114074002,16
get_timeline,409226,2343678114530889,16
get_timeline,559990,2343678115127154,16
get_timeline,522779,2343678115684919,16
get_timeline,238548,2343678115956872,16
post_tweet,3550213,2343678119543443,16
post_tweet,3658418,2343678123234473,16
post_tweet,3120777,2343678126404240,16
get_timeline,420179,2343678126861518,16
get_timeline,350170,2343678127252810,16
post_tweet,2138531,2343678129433044,16
post_tweet,2669796,2343678132141866,16
get_timeline,616914,2343678132796867,16
get_timeline,364720,2343678133201643,16
post_tweet,2490407,2343678135735474,16
post_tweet,3195382,2343678138965388,16
follow,2215881,2343678141215382,16
get_timeline,439458,2343678141689696,16
get_timeline,669085,2343678142397722,16
get_timeline,679023,2343678143115792,16
post_tweet,2529185,2343678145685112,16
follow,1699878,2343678147437423,16
get_timeline,455433,2343678147926085,16
post_tweet,2807382,2343678150772916,16
get_timeline,539676,2343678151348970,16
post_tweet,5066695,2343678156456422,16
get_timeline,463737,2343678156958828,16
follow,2065884,2343678159065575,16
get_timeline,741508,2343678159864670,16
get_timeline,529507,2343678160437091,16
get_timeline,468118,2343678160948773,16
get_timeline,604208,2343678161599463,16
post_tweet,2895147,2343678164536568,16
get_timeline,550058,2343678165122670,16
get_timeline,553009,2343678165719325,16
add_user,3132904,2343678168891376,16
follow,2411825,2343678171355494,16
follow,2178296,2343678173585801,16
get_timeline,439013,2343678174088943,16
post_tweet,2359343,2343678176510338,16
follow,3052383,2343678179598984,16
add_user,2036812,2343678181686551,16
post_tweet,2917594,2343678184642096,16
add_user,2801528,2343678187502457,16
follow,2520362,2343678190071179,16
get_timeline,726240,2343678190847692,16
post_tweet,2826631,2343678193725226,16
post_tweet,3836297,2343678197614351,16
follow,2146537,2343678199816638,16
post_tweet,2657655,2343678202528325,16
post_tweet,2998297,2343678205586655,16
post_tweet,4168227,2343678209796605,16
get_timeline,555885,2343678210393002,16
post_tweet,2587961,2343678213056489,16
follow,3577300,2343678216674177,16
get_timeline,517610,2343678217233156,16
follow,2093722,2343678219370646,16
get_timeline,673361,2343678220084878,16
get_timeline,439540,2343678220581662,16
post_tweet,3148397,2343678223776703,16
get_timeline,913092,2343678224742595,16
follow,2524508,2343678227313783,16
get_timeline,558811,2343678227912148,16
post_tweet,2589328,2343678230547175,16
follow,3001813,2343678233588703,16
get_timeline,572066,2343678234197574,16
add_user,2839711,2343678237077133,16
add_user,2681860,2343678239815870,16
get_timeline,647288,2343678240514778,16
post_tweet,2786000,2343678243343015,16
post_tweet,3235922,2343678246613822,16
get_timeline,893773,2343678247601625,16
follow,2025859,2343678249673387,16
get_timeline,611809,2343678250327807,16
post_tweet,2989056,2343678253363605,16
post_tweet,2644632,2343678256049693,16
get_timeline,513509,2343678256602063,16
add_user,2674081,2343678259322699,16
get_timeline,545604,2343678259907987,16
post_tweet,2625476,2343678262580079,16
get_timeline,555866,2343678263194686,16
get_timeline,519590,2343678263761239,16
get_timeline,759818,2343678264566746,16
post_tweet,3346255,2343678267962169,16
get_timeline,318793,2343678268317336,16
get_timeline,688117,2343678269056429,16
add_user,2307754,2343678271409129,16
post_tweet,3099936,2343678274585401,16
follow,2285043,2343678276903881,16
get_timeline,430718,2343678277365018,16
post_tweet,2712228,2343678280116688,16
follow,2315534,2343678282462748,16
post_tweet,3577667,2343678286071042,16
get_timeline,706508,2343678286818935,16
get_timeline,738441,2343678287628187,16
post_tweet,2391533,2343678290065879,16
follow,1612627,2343678291717459,16
get_timeline,627918,2343678292395108,16
get_timeline,396815,2343678292850465,16
post_tweet,3542866,2343678296454739,16
follow,2634246,2343678299172958,16
follow,2287822,2343678301496017,16
post_tweet,2768482,2343678304320020,16
get_timeline,585567,2343678304938361,16
post_tweet,2543482,2343678307518426,16
get_timeline,410667,2343678307959389,16
follow,2899151,2343678310912866,16
follow,2472590,2343678313428886,16
get_timeline,322299,2343678313794998,16
post_tweet,2230851,2343678316072261,16
post_tweet,2969096,2343678319084253,16
get_timeline,955717,2343678320096657,16
get_timeline,789275,2343678320935382,16
post_tweet,4143904,2343678325126324,16
get_timeline,475983,2343678325648074,16
post_tweet,2765041,2343678328459225,16
follow,2094895,2343678330613600,16
get_timeline,752123,2343678331411259,16
get_timeline,409661,2343678331862296,16
follow,2594499,2343678334497442,16
post_tweet,2910617,2343678337463366,16
get_timeline,620349,2343678338121988,16
get_timeline,345315,2343678338508208,16
post_tweet,4312706,2343678342862808,16
post_tweet,2908231,2343678345809408,16
post_tweet,3037673,2343678348901363,16
post_tweet,2447259,2343678351386890,16
post_tweet,3252972,2343678354682513,16
post_tweet,2398838,2343678357129640,16
get_timeline,796981,2343678357997045,16
get_timeline,395895,2343678358441084,16
get_timeline,855258,2343678359346009,16
post_tweet,3116791,2343678362521172,16
post_tweet,3163550,2343678365730912,16
get_timeline,757497,2343678366542317,16
post_tweet,3028736,2343678369620381,16
get_timeline,757691,2343678370446284,16
get_timeline,420780,2343678370907634,16
follow,2066702,2343678373012521,16
get_timeline,269748,2343678373315013,16
get_timeline,366352,2343678373719071,16
get_timeline,350990,2343678374109270,16
get_timeline,470336,2343678374623348,16
get_timeline,583609,2343678375246998,16
get_timeline,412809,2343678375697572,16
get_timeline,633458,2343678376371746,16
follow,2941802,2343678379353279,16
get_timeline,504700,2343678379884677,16
get_timeline,610769,2343678380528293,16
post_tweet,2498240,2343678383060671,16
follow,1975142,2343678385085276,16
get_timeline,829086,2343678385944092,16
get_timeline,348588,2343678386324510,16
get_timeline,795765,2343678387172087,16
get_timeline,656884,2343678387862379,16
get_timeline,683794,2343678388609742,16
get_timeline,475455,2343678389138500,16
get_timeline,454762,2343678389632362,16
follow,2091224,2343678391761015,16
post_tweet,3354568,2343678395148968,16
post_tweet,2983247,2343678398169600,16
follow,2711588,2343678400941389,16
post_tweet,2309395,2343678403289291,16
get_timeline,813822,2343678404155572,16
post_tweet,2561425,2343678406762440,16
get_timeline,878073,2343678407677669,16
post_tweet,3315189,2343678411036380,16
get_timeline,719983,2343678411812295,16
get_timeline,471422,2343678412334225,16
get_timeline,565090,2343678412950107,16
post_tweet,2557354,2343678415591370,16
get_timeline,746984,2343678416370511,16
follow,2574620,2343678419013059,16
get_timeline,470191,2343678419531848,16
post_tweet,3122391,2343678422717336,16
post_tweet,2972918,2343678425745808,16
get_timeline,720595,2343678426521190,16
post_tweet,3890867,2343678430471892,16
post_tweet,2943579,2343678433470129,16
get_timeline,724142,2343678434259839,16
post_tweet,3273559,2343678437594234,16
get_timeline,810278,2343678438483281,16
post_tweet,2657994,2343678441207790,16
get_timeline,736757,2343678442000893,16
get_timeline,689487,2343678442750285,16
get_timeline,654040,2343678443463301,16
add_user,2818232,2343678446340506,16
get_timeline,373041,2343678446764387,16
follow,2594080,2343678449386914,16
get_timeline,526318,2343678449939598,16
get_timeline,541470,2343678450509161,16
post_tweet,2275086,2343678452814712,16
post_tweet,2800274,2343678455647439,16
follow,3500063,2343678459171381,16
post_tweet,3528374,2343678462754090,16
get_timeline,543319,2343678463332377,16
get_timeline,370165,2343678463742487,16
get_timeline,710641,2343678464493171,16
get_timeline,454954,2343678464998179,16
get_timeline,597416,2343678465638363,16
post_tweet,2310047,2343678467988115,16
get_timeline,473062,2343678468511140,16
get_timeline,650309,2343678469205575,16
post_tweet,3154721,2343678472404609,16
follow,2405955,2343678474847733,16
post_tweet,2983996,2343678477920644,16
get_timeline,397954,2343678478355798,16
get_timeline,584700,2343678478983304,16
post_tweet,2769742,2343678481801357,16
get_timeline,797629,2343678482651442,16
get_timeline,559577,2343678483254771,16
get_timeline,811935,2343678484108959,16
get_timeline,779354,2343678484932023,16
post_tweet,2679157,2343678487662831,16
post_tweet,2761312,2343678490475896,16
get_timeline,465691,2343678490979161,16
post_tweet,3206348,2343678494227725,16
post_tweet,2690656,2343678496960922,16
get_timeline,322239,2343678497314108,16
get_timeline,497402,2343678497850596,16
post_tweet,2534323,2343678500423023,16
follow,3017775,2343678503481265,16
get_timeline,610009,2343678504143919,16
follow,1875104,2343678506055864,16
add_user,2398840,2343678508486265,16
get_timeline,496217,2343678509014880,16
add_user,2167736,2343678511220445,16
follow,2333187,2343678513588129,16
get_timeline,694592,2343678514320870,16
get_timeline,426561,2343678514790574,16
post_tweet,3304684,2343678518137709,16
post_tweet,2359585,2343678520552000,16
get_timeline,567289,2343678521187218,16
get_timeline,426320,2343678521656241,16
post_tweet,3096967,2343678524795599,16
get_timeline,828668,2343678525662476,16
post_tweet,2976861,2343678528681719,16
get_timeline,427604,2343678529144564,16
add_user,2454410,2343678531641169,16
post_tweet,3078948,2343678534758591,16
post_tweet,3629950,2343678538427587,16
get_timeline,758136,2343678539250611,16
add_user,2212190,2343678541505043,16
post_tweet,3513487,2343678545110360,16
get_timeline,553464,2343678545717334,16
get_timeline,786792,2343678546569625,16
post_tweet,2900791,2343678549529736,16
post_tweet,2509251,2343678552074979,16
get_timeline,612615,2343678552722589,16
get_timeline,780980,2343678553542179,16
get_timeline,277851,2343678553864105,16
get_timeline,544105,2343678554449003,16
post_tweet,2646125,2343678557134420,16
follow,2672513,2343678559859195,16
follow,2614504,2343678562522386,16
get_timeline,462499,2343678563020488,16
get_timeline,668268,2343678563729091,16
follow,2462094,2343678566243487,16
add_user,3335017,2343678569632090,16
post_tweet,2874387,2343678572547568,16
post_tweet,2870540,2343678575514924,16
get_timeline,882263,2343678576450931,16
follow,2699053,2343678579227029,16
post_tweet,2703466,2343678581982756,16
add_user,3159439,2343678585182585,16
get_timeline,772776,2343678586002987,16
post_tweet,2098089,2343678588148219,16
get_timeline,564038,2343678588752361,16
add_user,2879237,2343678591684645,16
follow,1722872,2343678593444575,16
post_tweet,3687877,2343678597174197,16
get_timeline,975008,2343678598191507,16
get_timeline,437693,2343678598675876,16
post_tweet,3020865,2343678601741878,16
get_timeline,740942,2343678602527404,16
get_timeline,596409,2343678603169533,16
get_timeline,571205,2343678603794314,16
post_tweet,3346343,2343678607180598,16
get_timeline,754528,2343678607979706,16
post_tweet,3135571,2343678611170470,16
follow,1329003,2343678612539834,16
follow,1744379,2343678614341678,16
post_tweet,2378018,2343678616753272,16
get_timeline,474090,2343678617266074,16
get_timeline,355702,2343678617666517,16
get_timeline,631322,2343678618343425,16
get_timeline,541521,2343678618929369,16
get_timeline,570319,2343678619555749,16
get_timeline,598105,2343678620198527,16
get_timeline,452763,2343678620697765,16
get_timeline,758925,2343678621502452,16
post_tweet,2909948,2343678624467238,16
follow,3343016,2343678627850163,16
get_timeline,453903,2343678628342055,16
follow,1855219,2343678630243370,16
get_timeline,526585,2343678630799085,16
get_timeline,471937,2343678631310176,16
post_tweet,2951273,2343678634295976,16
follow,2238612,2343678636563931,16
get_timeline,509811,2343678637103972,16
get_timeline,419042,2343678637557805,16
get_timeline,628139,2343678638220484,16
post_tweet,2774951,2343678641055115,16
post_tweet,2179101,2343678643297886,16
get_timeline,732547,2343678644065497,16
get_timeline,526449,2343678644653695,16
get_timeline,619536,2343678645314394,16
add_user,2288984,2343678647643092,16
post_tweet,2610469,2343678650286873,16
post_tweet,3072084,2343678653413361,16
add_user,2481965,2343678655930720,16
get_timeline,807854,2343678656789427,16
post_tweet,2615681,2343678659452739,16
get_timeline,767213,2343678660254377,16
add_user,2251404,2343678662548265,16
post_tweet,3703356,2343678666294252,16
follow,1852244,2343678668203936,16
get_timeline,616153,2343678668858968,16
follow,2199092,2343678671099627,16
get_timeline,606336,2343678671743029,16
post_tweet,2549046,2343678674334914,16
add_user,2880557,2343678677270701,16
get_timeline,701064,2343678678010980,16
get_timeline,440148,2343678678493106,16
get_timeline,573283,2343678679110024,16
get_timeline,381232,2343678679531860,16
add_user,2703899,2343678682291837,16
post_tweet,2721931,2343678685049280,16
get_timeline,363673,2343678685447062,16
follow,2188878,2343678687671949,16
get_timeline,425512,2343678688142934,16
follow,2886063,2343678691066690,16
get_timeline,497885,2343678691620616,16
post_tweet,1990749,2343678693649248,16
post_tweet,1997201,2343678695692921,16
get_timeline,542164,2343678696286093,16
get_timeline,655881,2343678696988637,16
add_user,2546913,2343678699583246,16
follow,2961106,2343678702594935,16
post_tweet,3111462,2343678705744940,16
follow,1603079,2343678707414239,16
post_tweet,3690035,2343678711140499,16
get_timeline,695126,2343678711875371,16
post_tweet,3113064,2343678715031453,16
get_timeline,323691,2343678715391204,16
post_tweet,2418956,2343678717853066,16
get_timeline,697595,2343678718592377,16
get_timeline,714308,2343678719354841,16
post_tweet,3300201,2343678722700720,16
post_tweet,3988023,2343678726730303,16
add_user,2890847,2343678729675662,16
get_timeline,554976,2343678730314718,16
get_timeline,764605,2343678731124232,16
post_tweet,3152810,2343678734320185,16
get_timeline,477737,2343678734836088,16
follow,2792709,2343678737670999,16
add_user,2758473,2343678740483115,16
get_timeline,293667,2343678740815581,16
follow,3028869,2343678743889304,16
post_tweet,2889188,2343678746817940,16
add_user,2467597,2343678749326115,16
post_tweet,2808074,2343678752174888,16
follow,2791768,2343678755009267,16
follow,2636522,2343678757686211,16
get_timeline,699257,2343678758430317,16
get_timeline,694591,2343678759176793,16
get_timeline,537817,2343678759763460,16
follow,3067925,2343678762893389,16
get_timeline,545281,2343678763472396,16
get_timeline,429546,2343678763940124,16
get_timeline,576481,2343678764554939,16
post_tweet,2831897,2343678767426185,16
get_timeline,583565,2343678768107199,16
get_timeline,637368,2343678768784325,16
get_timeline,534766,2343678769358137,16
post_tweet,2904959,2343678772300727,16
follow,1928210,2343678774261701,16
post_tweet,2855239,2343678777149128,16
get_timeline,475997,2343678777659690,16
get_timeline,559985,2343678778259006,16
follow,1867063,2343678780162826,16
follow,2077374,2343678782272474,16
get_timeline,461132,2343678782782383,16
get_timeline,587231,2343678783406148,16
add_user,2673617,2343678786122551,16
get_timeline,616462,2343678786777213,16
follow,2302391,2343678789121474,16
follow,2320842,2343678791496266,16
get_timeline,563874,2343678792110362,16
follow,2922069,2343678795092928,16
post_tweet,2503077,2343678797649025,16
get_timeline,502950,2343678798185729,16
get_timeline,435100,2343678798661949,16
follow,2584241,2343678801284655,16
get_timeline,449302,2343678801768253,16
get_timeline,919502,2343678802734541,16
get_timeline,753463,2343678803528406,16
add_user,2898154,2343678806465886,16
get_timeline,563692,2343678807087731,16
add_user,2021537,2343678809148442,16
add_user,2768916,2343678811977758,16
add_user,2726409,2343678814772428,16
post_tweet,3038002,2343678817846687,16
get_timeline,507048,2343678818408025,16
get_timeline,592591,2343678819042920,16
get_timeline,837295,2343678819950635,16
get_timeline,662564,2343678820688587,16
add_user,2251895,2343678822991988,16
follow,1258696,2343678824303778,16
post_tweet,3497182,2343678827845832,16
post_tweet,2898858,2343678830787646,16
get_timeline,734207,2343678831566553,16
follow,3298784,2343678834912690,16
get_timeline,396747,2343678835340595,16
post_tweet,3708326,2343678839088218,16
add_user,2635286,2343678841776961,16
post_tweet,3166855,2343678844980694,16
get_timeline,691238,2343678845726116,16
post_tweet,2844120,2343678848608839,16
follow,2949684,2343678851610965,16
get_timeline,750612,2343678852415101,16
get_timeline,500398,2343678852967597,16
add_user,3327013,2343678856343796,16
post_tweet,2877387,2343678859265715,16
post_tweet,2566119,2343678861904843,16
post_tweet,2999742,2343678864970904,16
get_timeline,663123,2343678865676686,16
follow,3010742,2343678868732797,16
post_tweet,3180583,2343678871955692,16
post_tweet,2886213,2343678874881670,16
post_tweet,2687225,2343678877610528,16
follow,1996670,2343678879660028,16
post_tweet,2404659,2343678882103580,16
get_timeline,598893,2343678882745622,16
follow,1179664,2343678883969296,16
get_timeline,635298,2343678884670402,16
get_timeline,610248,2343678885340181,16
get_timeline,609153,2343678885995573,16
post_tweet,2883942,2343678888932312,16
get_timeline,672061,2343678889661820,16
get_timeline,602531,2343678890312683,16
get_timeline,672425,2343678891028774,16
add_user,2692172,2343678893753430,16
get_timeline,434529,2343678894218070,16
get_timeline,410581,2343678894660756,16
get_timeline,355106,2343678895054892,16
post_tweet,2206175,2343678897293369,16
post_tweet,2019454,2343678899347939,16
get_timeline,339309,2343678899719016,16
follow,3446317,2343678903196928,16
post_tweet,3259908,2343678906512235,16
post_tweet,2218163,2343678908768964,16
get_timeline,416554,2343678909223417,16
get_timeline,456406,2343678909720448,16
follow,2398473,2343678912168914,16
post_tweet,2399453,2343678914606948,16
post_tweet,2206357,2343678916866158,16
get_timeline,749952,2343678917671836,16
post_tweet,2519722,2343678920274280,16
get_timeline,793324,2343678921131899,16
get_timeline,447794,2343678921638524,16
get_timeline,603551,2343678922299560,16
get_timeline,587469,2343678922945851,16
post_tweet,2732387,2343678925738188,16
get_timeline,785209,2343678926574522,16
follow,2740367,2343678929407603,16
get_timeline,372253,2343678929807084,16
post_tweet,3236354,2343678933073740,16
get_timeline,529391,2343678933630901,16
post_tweet,2858135,2343678936520074,16
follow,1755045,2343678938305539,16
post_tweet,3197436,2343678941555814,16
get_timeline,687560,2343678942299883,16
get_timeline,515555,2343678942868469,16
add_user,1813445,2343678944721156,16
get_timeline,644743,2343678945423281,16
get_timeline,488641,2343678945958717,16
post_tweet,3427763,2343678949427783,16
get_timeline,614413,2343678950080994,16
get_timeline,271727,2343678950403497,16
get_timeline,573503,2343678951018931,16
post_tweet,3166353,2343678954224243,16
get_timeline,687263,2343678954949027,16
get_timeline,419220,2343678955407332,16
get_timeline,578980,2343678956026638,16
follow,4368431,2343678960439684,16
post_tweet,3341549,2343678963817463,16
get_timeline,597162,2343678964448820,16
get_timeline,539463,2343678965038434,16
get_timeline,447828,2343678965535676,16
get_timeline,614958,2343678966190580,16
follow,2107584,2343678968362948,16
follow,2511141,2343678970909450,16
post_tweet,2964859,2343678973910707,16
follow,3266557,2343678977214180,16
follow,1939630,2343678979205360,16
get_timeline,506304,2343678979774601,16
get_timeline,486450,2343678980309520,16
follow,2287695,2343678982646870,16
get_timeline,944034,2343678983647014,16
follow,2217711,2343678985919143,16
get_timeline,921989,2343678986888233,16
follow,2309576,2343678989254985,16
add_user,2427273,2343678991736478,16
add_user,3384846,2343678995151556,16
get_timeline,559003,2343678995742804,16
get_timeline,554026,2343678996332506,16
follow,1780659,2343678998149044,16
get_timeline,791697,2343678998971290,16
follow,2078238,2343679001085354,16
post_tweet,2357358,2343679003474827,16
post_tweet,3016377,2343679006521055,16
get_timeline,707799,2343679007267400,16
get_timeline,763145,2343679008072794,16
get_timeline,665374,2343679008783320,16
get_timeline,780726,2343679009622926,16
get_timeline,660184,2343679010324401,16
post_tweet,2145864,2343679012513249,16
follow,2476388,2343679015026569,16
get_timeline,289297,2343679015350190,16
get_timeline,476196,2343679015877236,16
get_timeline,483562,2343679016397136,16
post_tweet,2618038,2343679019054824,16
post_tweet,3391566,2343679022508552,16
get_timeline,457814,2343679022997717,16
post_tweet,2610947,2343679025647758,16
get_timeline,1014749,2343679026717255,16
post_tweet,3475181,2343679030239109,16
post_tweet,2959948,2343679033247552,16
post_tweet,2952885,2343679036250875,16
get_timeline,522679,2343679036815132,16
follow,1967825,2343679038826921,16
get_timeline,424262,2343679039289207,16
post_tweet,2060518,2343679041396027,16
post_tweet,2894627,2343679044356270,16
post_tweet,3322997,2343679047715077,16
get_timeline,523931,2343679048290459,16
get_timeline,347634,2343679048677450,16
get_timeline,668317,2343679049387215,16
post_tweet,2404367,2343679051839235,16
post_tweet,3161563,2343679055035293,16
get_timeline,649788,2343679055748522,16
get_timeline,630543,2343679056426007,16
get_timeline,735975,2343679057204735,16
follow,2948321,2343679060194288,16
get_timeline,613504,2343679060846622,16
get_timeline,551010,2343679061439750,16
get_timeline,636591,2343679062117504,16
get_timeline,408492,2343679062567282,16
get_timeline,542795,2343679063150734,16
add_user,2554087,2343679065759123,16
get_timeline,459085,2343679066251493,16
get_timeline,667428,2343679066956847,16
get_timeline,668282,2343679067663045,16
get_timeline,517839,2343679068232299,16
get_timeline,320818,2343679068590705,16
get_timeline,476230,2343679069104672,16
follow,2306912,2343679071478931,16
get_timeline,401616,2343679071911604,16
get_timeline,534290,2343679072483404,16
follow,2748340,2343679075278834,16
post_tweet,2152328,2343679077463883,16
get_timeline,407397,2343679077905136,16
get_timeline,566743,2343679078517388,16
follow,2003710,2343679080557728,16
get_timeline,496697,2343679081114435,16
get_timeline,475338,2343679081628042,16
get_timeline,486899,2343679082150387,16
get_timeline,932069,2343679083119112,16
add_user,2939407,2343679086095320,16
follow,4087952,2343679090215268,16
get_timeline,453502,2343679090700489,16
post_tweet,2698642,2343679093436655,16
get_timeline,459676,2343679093929458,16
get_timeline,464983,2343679094429707,16
post_tweet,3090264,2343679097559307,16
get_timeline,542092,2343679098156564,16
follow,2510722,2343679100707629,16
follow,2011455,2343679102825294,16
post_tweet,2802715,2343679105664698,16
get_timeline,555715,2343679106258311,16
follow,2156157,2343679108460912,16
get_timeline,704323,2343679109234316,16
get_timeline,447951,2343679109725638,16
post_tweet,2848097,2343679112616475,16
get_timeline,553724,2343679113206004,16
post_tweet,2201444,2343679115452577,16
post_tweet,2467035,2343679117955613,16
follow,1440379,2343679119456761,16
post_tweet,3270629,2343679122764363,16
get_timeline,702166,2343679123505540,16
post_tweet,2862277,2343679126409964,16
get_timeline,654381,2343679127099902,16
follow,1207792,2343679128357570,16
post_tweet,2393525,2343679130789557,16
get_timeline,659868,2343679131485556,16
get_timeline,451937,2343679131998534,16
get_timeline,526672,2343679132591764,16
post_tweet,2634996,2343679135268883,16
get_timeline,365313,2343679135682162,16
get_timeline,489113,2343679136224295,16
get_timeline,621332,2343679136918720,16
get_timeline,765938,2343679137727425,16
get_timeline,922072,2343679138691551,16
get_timeline,404539,2343679139136127,16
get_timeline,492458,2343679139672200,16
post_tweet,2587263,2343679142301605,16
get_timeline,539078,2343679142868661,16
follow,1748100,2343679144646626,16
get_timeline,373825,2343679145048162,16
get_timeline,497879,2343679145577196,16
post_tweet,2713929,2343679148322909,16
post_tweet,2373913,2343679150751288,16
get_timeline,480076,2343679151264061,16
post_tweet,2338883,2343679153640376,16
post_tweet,3452471,2343679157126768,16
follow,2161359,2343679159321049,16
follow,3092036,2343679162475656,16
get_timeline,752088,2343679163286838,16
get_timeline,485429,2343679163809634,16
post_tweet,2729658,2343679166577685,16
get_timeline,648712,2343679167281956,16
post_tweet,2277478,2343679169626299,16
post_tweet,3013197,2343679172694679,16
get_timeline,980946,2343679173731611,16
post_tweet,3091895,2343679176884348,16
get_timeline,271162,2343679177181610,16
post_tweet,3008429,2343679180221883,16
follow,2164017,2343679182412861,16
post_tweet,2940788,2343679185405284,16
post_tweet,3255105,2343679188736472,16
get_timeline,570435,2343679189384309,16
get_timeline,554409,2343679189984341,16
follow,1955083,2343679191983777,16
get_timeline,848323,2343679192889791,16
follow,1985949,2343679194921544,16
add_user,2827058,2343679197787040,16
post_tweet,4351641,2343679202196873,16
post_tweet,3160106,2343679205393412,16
get_timeline,645242,2343679206075759,16
get_timeline,514599,2343679206631198,16
get_timeline,533950,2343679207203920,16
post_tweet,3295259,2343679210545830,16
get_timeline,610517,2343679211200726,16
get_timeline,859920,2343679212105828,16
get_timeline,889670,2343679213042080,16
post_tweet,4034860,2343679217123795,16
follow,2107023,2343679219280464,16
get_timeline,694575,2343679220016085,16
get_timeline,668335,2343679220733855,16
post_tweet,4480295,2343679225260350,16
post_tweet,2952150,2343679228267613,16
post_tweet,3807951,2343679232129587,16
post_tweet,2476269,2343679234646939,16
get_timeline,661429,2343679235351249,16
post_tweet,2112128,2343679237526404,16
post_tweet,2839089,2343679240410456,16
add_user,2516634,2343679242980936,16
follow,2142793,2343679245203441,16
get_timeline,581385,2343679245839522,16
post_tweet,2406619,2343679248289482,16
post_tweet,2852969,2343679251196602,16
post_tweet,3303023,2343679254579599,16
post_tweet,2579265,2343679257196955,16
get_timeline,696649,2343679257945943,16
get_timeline,676647,2343679258668003,16
post_tweet,2764011,2343679261494489,16
get_timeline,382007,2343679261914902,16
post_tweet,2447249,2343679264408900,16
follow,2293405,2343679266751119,16
get_timeline,564230,2343679267366619,16
post_tweet,2634430,2343679270048201,16
get_timeline,581749,2343679270666885,16
post_tweet,3205426,2343679273912344,16
post_tweet,3139526,2343679277088138,16
post_tweet,2849951,2343679279974299,16
post_tweet,3246142,2343679283277135,16
follow,1769174,2343679285108985,16
get_timeline,782103,2343679285933648,16
post_tweet,2756209,2343679288737264,16
get_timeline,811408,2343679289609276,16
follow,3664948,2343679293319267,16
get_timeline,719773,2343679294094228,16
get_timeline,792552,2343679294958788,16
get_timeline,793644,2343679295835170,16
get_timeline,548889,2343679296442816,16
get_timeline,377720,2343679296879133,16
get_timeline,649639,2343679297587574,16
get_timeline,552517,2343679298199480,16
post_tweet,3324722,2343679301583275,16
post_tweet,3306801,2343679304945174,16
post_tweet,2661449,2343679307673115,16
get_timeline,447657,2343679308147904,16
get_timeline,488873,2343679308669608,16
get_timeline,431866,2343679309132362,16
follow,1330542,2343679310492724,16
get_timeline,482655,2343679311001065,16
get_timeline,407205,2343679311439102,16
add_user,2642365,2343679314112798,16
post_tweet,3106567,2343679317273547,16
follow,2466463,2343679319774046,16
follow,2793769,2343679322599229,16
post_tweet,2389251,2343679325030902,16
post_tweet,3338949,2343679328404857,16
post_tweet,2756591,2343679331196995,16
get_timeline,699971,2343679331936410,16
get_timeline,1241012,2343679333265119,16
get_timeline,991803,2343679334310439,16
post_tweet,3917008,2343679338276974,16
add_user,2646361,2343679340969751,16
post_tweet,4061950,2343679345076232,16
follow,2543591,2343679347656743,16
post_tweet,2725495,2343679350433589,16
get_timeline,552691,2343679351024169,16
post_tweet,2767691,2343679353834965,16
get_timeline,377347,2343679354255509,16
post_tweet,3105509,2343679357410337,16
get_timeline,638111,2343679358093826,16
add_user,2540506,2343679360684257,16
post_tweet,3844424,2343679364583899,16
get_timeline,735376,2343679365388927,16
post_tweet,2800646,2343679368232386,16
post_tweet,2402554,2343679370689011,16
post_tweet,2969707,2343679373702193,16
post_tweet,3829669,2343679377587256,16
get_timeline,637955,2343679378281117,16
get_timeline,418612,2343679378739876,16
post_tweet,3831990,2343679382614482,16
get_timeline,614599,2343679383290033,16
add_user,2867780,2343679386199570,16
follow,3131720,2343679389369862,16
post_tweet,2469482,2343679391883802,16
follow,2993920,2343679394938771,16
get_timeline,600881,2343679395581814,16
follow,2608485,2343679398237770,16
add_user,2878797,2343679401169148,16
follow,2507318,2343679403716187,16
post_tweet,3579177,2343679407346428,16
get_timeline,348351,2343679407732990,16
get_timeline,384449,2343679408160627,16
post_tweet,2468071,2343679410677983,16
post_tweet,2569744,2343679413286955,16
get_timeline,1262469,2343679414646157,16
follow,2260282,2343679416966174,16
post_tweet,3263019,2343679420284537,16
follow,2133329,2343679422491250,16
get_timeline,4391341,2343679426918487,16
get_timeline,755879,2343679427718841,16
follow,1967092,2343679429725182,16
get_timeline,557734,2343679430318851,16
get_timeline,706068,2343679431066616,16
post_tweet,2968674,2343679434095020,16
get_timeline,560526,2343679434699549,16
post_tweet,2996792,2343679437747022,16
get_timeline,485548,2343679438277178,16
post_tweet,4230588,2343679442562497,16
get_timeline,553332,2343679443168350,16
post_tweet,3569857,2343679446815814,16
get_timeline,673614,2343679447543857,16
post_tweet,3508278,2343679451094749,16
add_user,2366612,2343679453499606,16
get_timeline,382658,2343679453919612,16
get_timeline,322483,2343679454282649,16
post_tweet,2728140,2343679457057976,16
follow,3636321,2343679460775343,16
post_tweet,2957800,2343679463774248,16
get_timeline,914885,2343679464729626,16
follow,1143560,2343679465920556,16
get_timeline,932024,2343679466895697,16
get_timeline,612082,2343679467566841,16
get_timeline,713230,2343679468331094,16
get_timeline,344026,2343679468723440,16
follow,3575007,2343679472346892,16
get_timeline,530881,2343679472924662,16
get_timeline,547359,2343679473520888,16
get_timeline,464174,2343679474031846,16
get_timeline,623152,2343679474704422,16
get_timeline,555250,2343679475307387,16
post_tweet,2335288,2343679477672298,16
get_timeline,415601,2343679478114502,16
get_timeline,299616,2343679478442511,16
post_tweet,3262620,2343679481735925,16
post_tweet,2872041,2343679484662478,16
get_timeline,505067,2343679485194444,16
get_timeline,288728,2343679485521885,16
post_tweet,2639757,2343679488192826,16
post_tweet,3596452,2343679491825229,16
get_timeline,321506,2343679492178995,16
follow,1337537,2343679493576403,16
get_timeline,712939,2343679494365974,16
follow,2382230,2343679496787792,16
get_timeline,645383,2343679497488244,16
get_timeline,448409,2343679497987895,16
post_tweet,2589872,2343679500625802,16
get_timeline,486012,2343679501151073,16
post_tweet,2492037,2343679503689021,16
get_timeline,810672,2343679504537311,16
post_tweet,2976807,2343679507563272,16
get_timeline,554686,2343679508168132,16
post_tweet,3328276,2343679511543963,16
get_timeline,635789,2343679512237442,16
get_timeline,538478,2343679512812921,16
post_tweet,2681146,2343679515538267,16
post_tweet,3155190,2343679518748493,16
post_tweet,3000296,2343679521780772,16
add_user,2004427,2343679523825970,16
post_tweet,6409742,2343679530287716,16
follow,2663354,2343679532991191,16
get_timeline,594100,2343679533651638,16
follow,1773228,2343679535476867,16
get_timeline,541065,2343679536063530,16
get_timeline,637778,2343679536759135,16
add_user,2604978,2343679539417764,16
get_timeline,565320,2343679540031501,16
add_user,2816956,2343679542906554,16
follow,3423731,2343679546380011,16
get_timeline,494393,2343679546912660,16
get_timeline,608355,2343679547557989,16
post_tweet,3853936,2343679551448400,16
get_timeline,757190,2343679552239455,16
follow,2106858,2343679554390917,16
get_timeline,4820667,2343679559244108,16
add_user,2506569,2343679561806603,16
follow,2022665,2343679563894622,16
post_tweet,2945260,2343679566878979,16
add_user,3003664,2343679569938825,16
get_timeline,411731,2343679570408912,16
get_timeline,824493,2343679571290599,16
post_tweet,4088267,2343679575435590,16
get_timeline,778586,2343679576266382,16
post_tweet,2402154,2343679578739104,16
post_tweet,1870635,2343679580657372,16
post_tweet,2023400,2343679582714782,16
post_tweet,2725171,2343679585494906,16
get_timeline,715557,2343679586266704,16
get_timeline,5310919,2343679591618811,16
get_timeline,378986,2343679592039063,16
follow,2571896,2343679594653694,16
get_timeline,550651,2343679595243593,16
get_timeline,608086,2343679595890647,16
post_tweet,3300094,2343679599236030,16
get_timeline,795145,2343679600073451,16
get_timeline,864822,2343679600989061,16
post_tweet,3339871,2343679604376555,16
get_timeline,659154,2343679605101265,16
get_timeline,763358,2343679605910756,16
get_timeline,533109,2343679606490058,16
post_tweet,3266450,2343679609801844,16
post_tweet,3588798,2343679613446121,16
get_timeline,976653,2343679614477735,16
get_timeline,490268,2343679615004598,16
post_tweet,2515983,2343679617555751,16
post_tweet,3847092,2343679621435206,16
post_tweet,3520233,2343679624987459,16
follow,1350178,2343679626376693,16
follow,2050490,2343679628464294,16
get_timeline,358111,2343679628873121,16
post_tweet,3114321,2343679632045587,16
get_timeline,590103,2343679632675166,16
follow,2718920,2343679635462381,16
get_timeline,673121,2343679636183309,16
get_timeline,607035,2343679636841984,16
get_timeline,460946,2343679637350778,16
add_user,2866941,2343679640266372,16
get_timeline,671164,2343679640982850,16
post_tweet,6669374,2343679647737901,16
get_timeline,504536,2343679648281254,16
get_timeline,519664,2343679648845098,16
post_tweet,3250013,2343679652137413,16
add_user,3046961,2343679655222205,16
post_tweet,2225763,2343679657500037,16
get_timeline,502076,2343679658038989,16
get_timeline,602076,2343679658684393,16
post_tweet,2339017,2343679661065552,16
follow,3117517,2343679664235546,16
get_timeline,674592,2343679664948344,16
post_tweet,3130791,2343679668123469,16
add_user,3020088,2343679671198345,16
post_tweet,4062863,2343679675322936,16
get_timeline,727984,2343679676095817,16
post_tweet,2812457,2343679678986755,16
get_timeline,670209,2343679679703217,16
post_tweet,2596503,2343679682345972,16
post_tweet,3075836,2343679685463320,16
get_timeline,560053,2343679686070852,16
get_timeline,670978,2343679686786628,16
get_timeline,668337,2343679687498587,16
post_tweet,3037733,2343679690579179,16
post_tweet,2004815,2343679692622508,16
follow,1977479,2343679694636644,16
post_tweet,2773623,2343679697462144,16
get_timeline,662621,2343679698183730,16
post_tweet,3092988,2343679701319693,16
get_timeline,865864,2343679702239868,16
follow,1106471,2343679703385920,16
post_tweet,2935090,2343679706367616,16
get_timeline,451313,2343679706853987,16
post_tweet,4607175,2343679711501554,16
get_timeline,558330,2343679712101673,16
post_tweet,3587490,2343679715736685,16
get_timeline,959108,2343679716736521,16
post_tweet,3152961,2343679719938436,16
get_timeline,347763,2343679720322787,16
get_timeline,615051,2343679721003234,16
post_tweet,3474340,2343679724523573,16
get_timeline,481749,2343679725048156,16
get_timeline,613058,2343679725714766,16
post_tweet,4050570,2343679729837911,16
get_timeline,575373,2343679730467057,16
get_timeline,540714,2343679731073492,16
get_timeline,463410,2343679731581279,16
get_timeline,411144,2343679732036512,16
post_tweet,2915160,2343679734999755,16
follow,1323854,2343679736362976,16
post_tweet,2948651,2343679739347286,16
post_tweet,3013022,2343679742411945,16
get_timeline,599529,2343679743044641,16
follow,3161372,2343679746245968,16
post_tweet,2866089,2343679749166834,16
add_user,2985618,2343679752205959,16
post_tweet,3368716,2343679755619472,16
post_tweet,2378717,2343679758040964,16
get_timeline,752869,2343679758848794,16
get_timeline,418439,2343679759322080,16
follow,2063076,2343679761433264,16
post_tweet,2102254,2343679763580388,16
get_timeline,704829,2343679764337480,16
post_tweet,2407973,2343679766797204,16
post_tweet,2708725,2343679769557659,16
get_timeline,362587,2343679769970782,16
get_timeline,993277,2343679771003812,16
follow,1495736,2343679772534709,16
get_timeline,499189,2343679773065744,16
get_timeline,679534,2343679773779245,16
follow,2821400,2343679776649045,16
follow,2466150,2343679779145512,16
follow,3004361,2343679782185244,16
follow,2777202,2343679785013812,16
post_tweet,3170945,2343679788223134,16
get_timeline,989951,2343679789259683,16
add_user,2629425,2343679791932728,16
get_timeline,889193,2343679792874538,16
post_tweet,2474998,2343679795413633,16
post_tweet,2962624,2343679798415881,16
get_timeline,730623,2343679799199730,16
get_timeline,608027,2343679799882423,16
post_tweet,3001615,2343679802929610,16
get_timeline,773021,2343679803757251,16
post_tweet,2308352,2343679806130715,16
get_timeline,793388,2343679806978817,16
follow,2358602,2343679809376876,16
get_timeline,509720,2343679809921854,16
follow,1407025,2343679811367117,16
get_timeline,562442,2343679811982054,16
get_timeline,630771,2343679812671079,16
get_timeline,657930,2343679813371391,16
post_tweet,3163471,2343679816574478,16
post_tweet,2819016,2343679819424502,16
follow,2580331,2343679822032252,16
get_timeline,685074,2343679822747611,16
get_timeline,541422,2343679823323137,16
get_timeline,588316,2343679823946653,16
get_timeline,572972,2343679824569033,16
post_tweet,2832042,2343679827454918,16
follow,1894077,2343679829383767,16
get_timeline,402445,2343679829830150,16
follow,1387914,2343679831284687,16
get_timeline,522297,2343679831843920,16
add_user,3308955,2343679835206542,16
follow,2435626,2343679837680174,16
get_timeline,528581,2343679838244246,16
get_timeline,604336,2343679838895432,16
get_timeline,537894,2343679839480792,16
post_tweet,2467576,2343679841993918,16
post_tweet,3286977,2343679845322897,16
post_tweet,1339325,2343679846717603,16
get_timeline,582357,2343679847336000,16
get_timeline,851126,2343679848233492,16
get_timeline,563459,2343679848846841,16
get_timeline,500925,2343679849393325,16
get_timeline,491573,2343679849918321,16
follow,2119930,2343679852070789,16
post_tweet,3343456,2343679855445155,16
get_timeline,491944,2343679855988131,16
post_tweet,2650145,2343679858687802,16
get_timeline,708652,2343679859451627,16
get_timeline,402812,2343679859888848,16
post_tweet,2280922,2343679862212205,16
get_timeline,465645,2343679862714710,16
get_timeline,575807,2343679863341547,16
post_tweet,2923680,2343679866312901,16
get_timeline,551739,2343679866903367,16
get_timeline,648361,2343679867596081,16
get_timeline,667673,2343679868306306,16
get_timeline,647229,2343679868998313,16
post_tweet,2471611,2343679871512492,16
get_timeline,430209,2343679871968530,16
get_timeline,571682,2343679872583796,16
get_timeline,329416,2343679872944483,16
get_timeline,312850,2343679873285900,16
post_tweet,2285359,2343679875613370,16
post_tweet,3530593,2343679879170353,16
post_tweet,3022455,2343679882220859,16
get_timeline,536029,2343679882791356,16
get_timeline,510427,2343679883339524,16
follow,2218622,2343679885593935,16
get_timeline,693822,2343679886322132,16
post_tweet,3176440,2343679889551480,16
get_timeline,1062619,2343679890678616,16
get_timeline,769343,2343679891488636,16
follow,2984618,2343679894514317,16
get_timeline,379344,2343679894962525,16
get_timeline,489587,2343679895493837,16
post_tweet,3265116,2343679898800990,16
post_tweet,2338379,2343679901178591,16
get_timeline,775464,2343679901993253,16
get_timeline,461128,2343679902496041,16
post_tweet,2986186,2343679905525417,16
follow,3229780,2343679908801435,16
get_timeline,510406,2343679909348373,16
post_tweet,2676630,2343679912074492,16
get_timeline,677538,2343679912795602,16
follow,2777880,2343679915618092,16
get_timeline,611187,2343679916269851,16
post_tweet,3386354,2343679919706076,16
post_tweet,3237264,2343679922995507,16
add_user,2882998,2343679925947802,16
get_timeline,683705,2343679926686674,16
get_timeline,285961,2343679927010062,16
post_tweet,2517966,2343679929568590,16
get_timeline,528695,2343679930133473,16
get_timeline,329950,2343679930508924,16
follow,2921252,2343679933468823,16
add_user,2566917,2343679936101007,16
post_tweet,3510807,2343679939676023,16
get_timeline,527629,2343679940241705,16
add_user,2689383,2343679942976765,16
add_user,2343544,2343679945356204,16
follow,3731967,2343679949124892,16
post_tweet,2940960,2343679952104255,16
post_tweet,3429926,2343679955588910,16
post_tweet,3987229,2343679959628213,16
get_timeline,948904,2343679960632842,16
follow,3192635,2343679963876233,16
get_timeline,637799,2343679964562727,16
get_timeline,911101,2343679965521007,16
follow,3973936,2343679969540903,16
follow,2940705,2343679972532970,16
get_timeline,690960,2343679973264733,16
post_tweet,2913860,2343679976225063,16
get_timeline,591374,2343679976865820,16
follow,3502295,2343679980458036,16
get_timeline,354102,2343679980858040,16
get_timeline,685642,2343679981644397,16
post_tweet,3060435,2343679984760743,16
post_tweet,3041648,2343679987851700,16
post_tweet,2863834,2343679990768547,16
add_user,2825454,2343679993648253,16
post_tweet,2949123,2343679996629563,16
get_timeline,312195,2343679996972780,16
post_tweet,2486822,2343679999495479,16
add_user,2061354,2343680001609681,16
post_tweet,4371683,2343680006036958,16
post_tweet,2938099,2343680009041965,16
post_tweet,2738807,2343680011834839,16
follow,2494147,2343680014378522,16
post_tweet,3731232,2343680018164720,16
get_timeline,528719,2343680018748592,16
post_tweet,2576843,2343680021375989,16
get_timeline,344330,2343680021790286,16
get_timeline,584534,2343680022425523,16
post_tweet,2927880,2343680025402882,16
get_timeline,777601,2343680026238053,16
get_timeline,584245,2343680026865696,16
get_timeline,631392,2343680027539774,16
get_timeline,575746,2343680028157887,16
get_timeline,404400,2343680028640817,16
get_timeline,541698,2343680029223775,16
post_tweet,2911184,2343680032177163,16
add_user,2114012,2343680034334926,16
get_timeline,571914,2343680034943277,16
follow,3338447,2343680038315200,16
add_user,2873714,2343680041218626,16
get_timeline,483629,2343680041731844,16
follow,2333638,2343680044123638,16
post_tweet,2963496,2343680047142242,16
post_tweet,3114778,2343680050309769,16
get_timeline,747882,2343680051138302,16
get_timeline,659645,2343680051842463,16
get_timeline,586039,2343680052482441,16
get_timeline,419778,2343680052957939,16
post_tweet,2449208,2343680055452649,16
post_tweet,3075656,2343680058567444,16
post_tweet,3134595,2343680061735650,16
post_tweet,2100653,2343680063870255,16
get_timeline,556935,2343680064459839,16
get_timeline,624315,2343680065126052,16
get_timeline,573133,2343680065737579,16
get_timeline,482141,2343680066257263,16
get_timeline,708629,2343680067004765,16
get_timeline,640813,2343680067683171,16
post_tweet,2485612,2343680070206859,16
post_tweet,3653905,2343680073890609,16
post_tweet,2222394,2343680076143536,16
post_tweet,2476161,2343680078650553,16
get_timeline,440622,2343680079152829,16
follow,2638541,2343680081843985,16
follow,3175315,2343680085071827,16
get_timeline,639270,2343680085766278,16
post_tweet,3221233,2343680089071543,16
post_tweet,2582925,2343680091698464,16
post_tweet,3074401,2343680094827030,16
follow,1944929,2343680096808391,16
get_timeline,658925,2343680097509114,16
post_tweet,2647656,2343680100199580,16
post_tweet,3138356,2343680103376493,16
post_tweet,2857890,2343680106271216,16
post_tweet,2832163,2343680109141297,16
add_user,2587249,2343680111816216,16
post_tweet,2354839,2343680114223314,16
follow,1941825,2343680116226684,16
get_timeline,535317,2343680116812091,16
get_timeline,685950,2343680117576669,16
add_user,2768599,2343680120394301,16
get_timeline,512998,2343680120960971,16
follow,2661499,2343680123669633,16
follow,2026026,2343680125743959,16
follow,2341029,2343680128126565,16
add_user,3055356,2343680131226575,16
post_tweet,2826529,2343680134087174,16
post_tweet,2071963,2343680136195027,16
get_timeline,597070,2343680136846397,16
get_timeline,538732,2343680137426108,16
post_tweet,2616029,2343680140081783,16
get_timeline,286758,2343680140402173,16
add_user,2684501,2343680143127187,16
follow,3148147,2343680146325398,16
follow,1602997,2343680147969677,16
get_timeline,456237,2343680148481976,16
post_tweet,2804632,2343680151335355,16
get_timeline,603841,2343680151990655,16
follow,2261448,2343680154312367,16
get_timeline,434369,2343680154799838,16
get_timeline,561906,2343680155407272,16
get_timeline,587916,2343680156043503,16
get_timeline,546229,2343680156638800,16
get_timeline,612840,2343680157295657,16
get_timeline,518401,2343680157860403,16
get_timeline,358348,2343680158267738,16
follow,2161333,2343680160472099,16
follow,2205189,2343680162716155,16
follow,2568035,2343680165320671,16
get_timeline,916461,2343680166276207,16
get_timeline,904920,2343680167246203,16
follow,2009345,2343680169287104,16
post_tweet,2445929,2343680171787722,16
follow,2865877,2343680174680714,16
get_timeline,327908,2343680175035392,16
post_tweet,2464763,2343680177533736,16
follow,2985784,2343680180578956,16
get_timeline,448528,2343680181055685,16
get_timeline,592202,2343680181682499,16
follow,2609250,2343680184340066,16
post_tweet,2955316,2343680187336128,16
get_timeline,528214,2343680187903617,16
follow,2065118,2343680190051640,16
follow,1563024,2343680191657499,16
get_timeline,792266,2343680192503495,16
post_tweet,2631628,2343680195177661,16
get_timeline,397092,2343680195607876,16
post_tweet,2197214,2343680197845180,16
post_tweet,3053418,2343680200960407,16
add_user,3066017,2343680204067954,16
get_timeline,492995,2343680204599091,16
get_timeline,428238,2343680205078715,16
follow,2139118,2343680207299655,16
get_timeline,684135,2343680208021367,16
get_timeline,751210,2343680208819773,16
follow,2707456,2343680211567667,16
get_timeline,494061,2343680212097481,16
post_tweet,3114138,2343680215256157,16
get_timeline,762184,2343680216071936,16
post_tweet,2759413,2343680218872332,16
post_tweet,3172185,2343680222084873,16
post_tweet,3319175,2343680225438040,16
post_tweet,2988192,2343680228460062,16
post_tweet,2641404,2343680231171841,16
post_tweet,3726480,2343680234937360,16
get_timeline,532357,2343680235509837,16
get_timeline,335486,2343680235888132,16
get_timeline,615727,2343680236549045,16
post_tweet,3050679,2343680239662787,16
follow,2162952,2343680241866482,16
follow,2595656,2343680244504642,16
get_timeline,740134,2343680245300864,16
get_timeline,535973,2343680245886440,16
post_tweet,3526602,2343680249484201,16
get_timeline,800124,2343680250323587,16
get_timeline,453855,2343680250821926,16
get_timeline,513136,2343680251397956,16
get_timeline,638573,2343680252072247,16
get_timeline,513251,2343680252631408,16
get_timeline,664308,2343680253333875,16
get_timeline,476951,2343680253846261,16
post_tweet,2877257,2343680256760593,16
post_tweet,3087169,2343680259881997,16
follow,2544215,2343680262459046,16
post_tweet,2629352,2343680265124155,16
post_tweet,3131559,2343680268292988,16
get_timeline,370604,2343680268715147,16
get_timeline,490443,2343680269285456,16
get_timeline,551105,2343680269885763,16
add_user,2361754,2343680272318546,16
get_timeline,544886,2343680272907282,16
get_timeline,527702,2343680273482795,16
get_timeline,560559,2343680274091598,16
get_timeline,647088,2343680274787989,16
follow,2164424,2343680277001740,16
get_timeline,528720,2343680277574534,16
get_timeline,548385,2343680278172392,16
follow,2357071,2343680280583603,16
get_timeline,399269,2343680281007825,16
get_timeline,350032,2343680281384345,16
get_timeline,471749,2343680281885294,16
get_timeline,366560,2343680282280689,16
post_tweet,2201101,2343680284510309,16
get_timeline,467242,2343680285021727,16
post_tweet,2170181,2343680287220926,16
post_tweet,2640812,2343680289887183,16
get_timeline,592356,2343680290523480,16
get_timeline,664214,2343680291216988,16
follow,2202608,2343680293479616,16
post_tweet,2313296,2343680295848215,16
get_timeline,514509,2343680296412240,16
post_tweet,3024909,2343680299501940,16
follow,2280679,2343680301844193,16
get_timeline,827724,2343680302731315,16
post_tweet,3084734,2343680305888991,16
follow,3333480,2343680309253114,16
follow,2820238,2343680312133542,16
follow,2039921,2343680314204119,16
follow,2403338,2343680316636315,16
post_tweet,2475428,2343680319157747,16
get_timeline,805641,2343680320026202,16
get_timeline,578552,2343680320659402,16
post_tweet,3399983,2343680324110135,16
post_tweet,2375826,2343680326535994,16
follow,2073185,2343680328658809,16
follow,1850851,2343680330551955,16
get_timeline,658952,2343680331253959,16
post_tweet,3782800,2343680335097362,16
post_tweet,2174596,2343680337308095,16
post_tweet,2860062,2343680340204330,16
post_tweet,3255248,2343680343497586,16
get_timeline,637284,2343680344185472,16
get_timeline,554952,2343680344781643,16
get_timeline,738750,2343680345614458,16
get_timeline,536142,2343680346199966,16
add_user,2585426,2343680348843448,16
post_tweet,3418977,2343680352316386,16
follow,3064458,2343680355424028,16
get_timeline,674515,2343680356150478,16
get_timeline,565471,2343680356777527,16
post_tweet,2315353,2343680359142426,16
get_timeline,527351,2343680359703222,16
follow,1805283,2343680361546832,16
post_tweet,3177756,2343680364760604,16
get_timeline,707582,2343680365506519,16
get_timeline,702168,2343680366268271,16
post_tweet,2720051,2343680369029078,16
get_timeline,561769,2343680369645637,16
get_timeline,331326,2343680370015310,16
get_timeline,470055,2343680370524728,16
get_timeline,461183,2343680371025338,16
post_tweet,2483267,2343680373549930,16
add_user,2605554,2343680376190899,16
add_user,2021860,2343680378248285,16
post_tweet,2425221,2343680380707650,16
post_tweet,3138302,2343680383882336,16
get_timeline,506960,2343680384440656,16
post_tweet,2558980,2343680387044457,16
follow,3155848,2343680390235361,16
get_timeline,545122,2343680390832628,16
follow,2799078,2343680393672035,16
get_timeline,887947,2343680394615905,16
get_timeline,539846,2343680395206922,16
get_timeline,623068,2343680395877786,16
get_timeline,664893,2343680396592291,16
follow,2040475,2343680398681688,16
get_timeline,519780,2343680399243533,16
get_timeline,627201,2343680399920286,16
post_tweet,2519550,2343680402496692,16
post_tweet,3446273,2343680405996369,16
follow,2262832,2343680408285680,16
follow,1946185,2343680410258283,16
post_tweet,2910312,2343680413194939,16
follow,2163722,2343680415385024,16
post_tweet,5652382,2343680421075014,16
get_timeline,614326,2343680421745025,16
post_tweet,3108068,2343680424914306,16
get_timeline,699704,2343680425668953,16
add_user,2995054,2343680428695618,16
post_tweet,2351396,2343680431075579,16
get_timeline,542191,2343680431644420,16
post_tweet,3162067,2343680434838229,16
post_tweet,2842033,2343680437722191,16
get_timeline,605992,2343680438373004,16
post_tweet,3128892,2343680441544432,16
get_timeline,517944,2343680442107514,16
get_timeline,510412,2343680442663051,16
post_tweet,4539688,2343680447259703,16
get_timeline,741254,2343680448055798,16
post_tweet,2415920,2343680450517254,16
post_tweet,2303029,2343680452849542,16
get_timeline,424469,2343680453312528,16
get_timeline,442741,2343680453788908,16
follow,3275230,2343680457096541,16
get_timeline,973363,2343680458100679,16
get_timeline,585956,2343680458765017,16
get_timeline,608733,2343680459407910,16
get_timeline,318823,2343680459758201,16
get_timeline,409728,2343680460204564,16
post_tweet,3071455,2343680463312792,16
post_tweet,3587104,2343680466952116,16
get_timeline,435843,2343680467419036,16
add_user,2524849,2343680469979032,16
follow,2658693,2343680472668928,16
add_user,4012452,2343680476721910,16
get_timeline,807267,2343680477578447,16
get_timeline,652991,2343680478302273,16
post_tweet,2450828,2343680480800702,16
follow,2576284,2343680483418289,16
get_timeline,618025,2343680484076724,16
get_timeline,646310,2343680484776315,16
post_tweet,2665859,2343680487492763,16
get_timeline,683601,2343680488220399,16
post_tweet,2735884,2343680491018343,16
get_timeline,812682,2343680491872465,16
get_timeline,653170,2343680492579605,16
get_timeline,419257,2343680493048610,16
post_tweet,2043021,2343680495141239,16
get_timeline,2126648,2343680497309668,16
post_tweet,2928747,2343680500272211,16
post_tweet,3053088,2343680503369670,16
post_tweet,2613634,2343680506029979,16
get_timeline,780208,2343680506838619,16
get_timeline,643135,2343680507513512,16
get_timeline,441680,2343680507986091,16
get_timeline,476687,2343680508508547,16
get_timeline,407746,2343680508949715,16
get_timeline,472591,2343680509459977,16
get_timeline,442003,2343680509949533,16
get_timeline,361638,2343680510347127,16
get_timeline,370278,2343680510753995,16
follow,2192782,2343680512983207,16
follow,2473682,2343680515489713,16
follow,1584683,2343680517120356,16
post_tweet,2528114,2343680519682715,16
get_timeline,2072114,2343680521786485,16
get_timeline,466663,2343680522291729,16
post_tweet,2342925,2343680524670884,16
follow,1666995,2343680526369146,16
post_tweet,2572490,2343680528981029,16
follow,2516863,2343680531547258,16
get_timeline,702229,2343680532280123,16
post_tweet,3770336,2343680536088942,16
get_timeline,562807,2343680536686319,16
follow,1122225,2343680537845721,16
post_tweet,3614368,2343680541511999,16
get_timeline,769448,2343680542337092,16
post_tweet,2802561,2343680545210804,16
get_timeline,674232,2343680545940524,16
post_tweet,3558047,2343680549569476,16
post_tweet,2463972,2343680552088135,16
get_timeline,732732,2343680552877445,16
get_timeline,774525,2343680553714686,16
post_tweet,3180361,2343680556956205,16
follow,2330018,2343680559338935,16
get_timeline,399724,2343680559766547,16
get_timeline,442273,2343680560242642,16
get_timeline,433557,2343680560740918,16
get_timeline,510306,2343680561286472,16
follow,2916857,2343680564236236,16
post_tweet,3126398,2343680567393022,16
follow,1219247,2343680568640015,16
get_timeline,537505,2343680569212947,16
post_tweet,2614925,2343680571867931,16
post_tweet,2576780,2343680574478942,16
get_timeline,805410,2343680575320845,16
get_timeline,584250,2343680575946299,16
add_user,2405402,2343680578397445,16
get_timeline,531768,2343680578980213,16
post_tweet,2822809,2343680581843325,16
get_timeline,853525,2343680582733152,16
follow,1937420,2343680584710350,16
get_timeline,528237,2343680585273592,16
post_tweet,3089497,2343680588410760,16
get_timeline,518851,2343680588984775,16
get_timeline,536181,2343680589560810,16
follow,1703772,2343680591304357,16
get_timeline,337035,2343680591697418,16
get_timeline,723794,2343680592463319,16
post_tweet,2689672,2343680595204222,16
add_user,2774364,2343680598035720,16
follow,1772231,2343680599842500,16
follow,2309837,2343680602200589,16
get_timeline,818390,2343680603066501,16
follow,1654725,2343680604766084,16
add_user,2260598,2343680607081009,16
get_timeline,566850,2343680607699895,16
get_timeline,2033149,2343680609776571,16
get_timeline,600535,2343680610425724,16
follow,1984236,2343680612453750,16
post_tweet,3721853,2343680616203442,16
get_timeline,1820348,2343680618052046,16
follow,1555150,2343680619637757,16
add_user,2441382,2343680622110526,16
get_timeline,349535,2343680622487598,16
post_tweet,2022394,2343680624541999,16
get_timeline,467414,2343680625043823,16
get_timeline,534561,2343680625615262,16
get_timeline,389784,2343680626042866,16
get_timeline,406362,2343680626486139,16
follow,2422009,2343680628944082,16
post_tweet,3101598,2343680632093135,16
follow,2693056,2343680634841663,16
get_timeline,467888,2343680635342355,16
post_tweet,3386647,2343680638767495,16
get_timeline,484086,2343680639306315,16
post_tweet,2034453,2343680641378458,16
post_tweet,2619554,2343680644039836,16
get_timeline,828921,2343680644925274,16
post_tweet,3099197,2343680648074659,16
post_tweet,2913239,2343680651043141,16
get_timeline,696583,2343680651794008,16
get_timeline,296380,2343680652127829,16
get_timeline,501483,2343680652670429,16
post_tweet,2684765,2343680655394517,16
get_timeline,441147,2343680655885339,16
post_tweet,2882651,2343680658807503,16
post_tweet,2588803,2343680661432661,16
post_tweet,2401444,2343680663870123,16
follow,2541142,2343680666460955,16
post_tweet,3179334,2343680669696275,16
follow,1830521,2343680671577473,16
post_tweet,2540440,2343680674169353,16
post_tweet,2671631,2343680676896388,16
get_timeline,602770,2343680677591974,16
get_timeline,644782,2343680678307036,16
get_timeline,361983,2343680678724739,16
get_timeline,685478,2343680679472356,16
get_timeline,879560,2343680680412673,16
get_timeline,740961,2343680681221342,16
get_timeline,560756,2343680681840505,16
follow,2240930,2343680684150327,16
get_timeline,389626,2343680684566813,16
get_timeline,410707,2343680685007330,16
get_timeline,292450,2343680685329913,16
post_tweet,2183981,2343680687544552,16
post_tweet,3222644,2343680690827567,16
add_user,2474089,2343680693329228,16
post_tweet,2451060,2343680695835341,16
get_timeline,657524,2343680696519467,16
post_tweet,2512409,2343680699063780,16
add_user,2578548,2343680701667754,16
post_tweet,2659503,2343680704353988,16
get_timeline,677088,2343680705070651,16
follow,2170224,2343680707287955,16
follow,2329035,2343680709651356,16
get_timeline,590369,2343680710296582,16
get_timeline,491839,2343680710839231,16
post_tweet,3229245,2343680714111152,16
post_tweet,2927767,2343680717094113,16
post_tweet,2493370,2343680719626534,16
post_tweet,2915399,2343680722578424,16
post_tweet,2490862,2343680725108600,16
get_timeline,431557,2343680725584166,16
get_timeline,698022,2343680726325302,16
get_timeline,447238,2343680726821710,16
add_user,2859177,2343680729733029,16
get_timeline,469846,2343680730247484,16
add_user,2860574,2343680733161627,16
get_timeline,411598,2343680733631644,16
get_timeline,650624,2343680734332225,16
post_tweet,6365154,2343680740751844,16
add_user,3658388,2343680744443848,16
add_user,3283961,2343680747760928,16
post_tweet,2677588,2343680750470795,16
get_timeline,800701,2343680751316943,16
post_tweet,2893611,2343680754261036,16
get_timeline,710983,2343680755034456,16
post_tweet,2759553,2343680757854870,16
post_tweet,2752391,2343680760660245,16
get_timeline,504343,2343680761199264,16
post_tweet,2559600,2343680763797479,16
post_tweet,2472856,2343680766316877,16
post_tweet,3163369,2343680769514564,16
get_timeline,471406,2343680770019474,16
post_tweet,2940656,2343680773006201,16
get_timeline,537160,2343680773588343,16
post_tweet,2844188,2343680776477844,16
get_timeline,524291,2343680777053042,16
follow,1870216,2343680778967057,16
follow,1407748,2343680780430028,16
get_timeline,677152,2343680781149479,16
post_tweet,2333682,2343680783522999,16
get_timeline,687802,2343680784246299,16
post_tweet,2240457,2343680786529201,16
follow,1989087,2343680788550907,16
post_tweet,2633295,2343680791220230,16
get_timeline,554928,2343680791808699,16
get_timeline,758012,2343680792628284,16
follow,2424430,2343680795121825,16
get_timeline,512946,2343680795684376,16
get_timeline,475483,2343680796242687,16
get_timeline,956965,2343680797269435,16
get_timeline,747898,2343680798080610,16
get_timeline,643294,2343680798785222,16
get_timeline,976511,2343680799824228,16
get_timeline,877896,2343680800759779,16
post_tweet,3587461,2343680804410692,16
post_tweet,2964923,2343680807437163,16
follow,2617877,2343680810079267,16
add_user,2583114,2343680812715959,16
get_timeline,598380,2343680813340853,16
follow,2040359,2343680815409980,16
post_tweet,2559025,2343680818053341,16
post_tweet,2867482,2343680820962804,16
get_timeline,733284,2343680821746179,16
get_timeline,730868,2343680822537243,16
get_timeline,606800,2343680823188427,16
follow,2103061,2343680825335645,16
get_timeline,648290,2343680826025632,16
post_tweet,2860642,2343680828933176,16
get_timeline,382248,2343680829348451,16
post_tweet,2532146,2343680831919129,16
get_timeline,1030654,2343680832982429,16
follow,2389461,2343680835410924,16
post_tweet,4621058,2343680840064518,16
get_timeline,921768,2343680841041377,16
add_user,2440279,2343680843526556,16
post_tweet,3478707,2343680847061369,16
get_timeline,561756,2343680847664224,16
get_timeline,417322,2343680848125078,16
get_timeline,329251,2343680848512072,16
get_timeline,787475,2343680849348521,16
post_tweet,2825438,2343680852223402,16
follow,3146480,2343680855413431,16
follow,2778893,2343680858241439,16
get_timeline,682571,2343680858969523,16
add_user,2486995,2343680861505179,16
follow,2519095,2343680864061394,16
post_tweet,2463386,2343680866586764,16
post_tweet,2893000,2343680869515539,16
add_user,2330304,2343680871899450,16
get_timeline,652633,2343680872594650,16
get_timeline,553526,2343680873198566,16
follow,2843783,2343680876108327,16
post_tweet,3474284,2343680879627939,16
get_timeline,673181,2343680880352872,16
post_tweet,2597022,2343680883016431,16
post_tweet,2676196,2343680885729106,16
get_timeline,562316,2343680886340557,16
get_timeline,508444,2343680886890402,16
get_timeline,629548,2343680887563762,16
get_timeline,716423,2343680888330354,16
get_timeline,516049,2343680888898916,16
follow,1234831,2343680890173921,16
post_tweet,2952273,2343680893170588,16
follow,1868225,2343680895075784,16
get_timeline,412346,2343680895537771,16
get_timeline,591423,2343680896163865,16
post_tweet,2815589,2343680899017046,16
get_timeline,514301,2343680899560533,16
follow,3064303,2343680902660519,16
post_tweet,2561276,2343680905254294,16
get_timeline,551027,2343680905860054,16
post_tweet,2717011,2343680908622519,16
post_tweet,3175143,2343680911848250,16
post_tweet,2686289,2343680914573897,16
post_tweet,2559977,2343680917174923,16
get_timeline,711010,2343680917925742,16
post_tweet,2931501,2343680920901101,16
get_timeline,528205,2343680921484576,16
get_timeline,618689,2343680922145563,16
get_timeline,385191,2343680922572976,16
post_tweet,2710650,2343680925326275,16
get_timeline,265165,2343680925626762,16
follow,2131093,2343680927798954,16
get_timeline,366631,2343680928199263,16
get_timeline,379645,2343680928622935,16
get_timeline,559264,2343680929224553,16
follow,1768238,2343680931031179,16
post_tweet,2927741,2343680933992794,16
get_timeline,772357,2343680934820467,16
post_tweet,3328083,2343680938193754,16
post_tweet,3543176,2343680941780362,16
get_timeline,651806,2343680942486674,16
post_tweet,3179319,2343680945706687,16
get_timeline,627399,2343680946389560,16
get_timeline,456708,2343680946886832,16
get_timeline,486537,2343680947413567,16
get_timeline,573373,2343680948025751,16
get_timeline,534800,2343680948602269,16
get_timeline,530224,2343680949171930,16
follow,2190849,2343680951401124,16
post_tweet,2122564,2343680953556166,16
get_timeline,424690,2343680954012214,16
get_timeline,525472,2343680954576201,16
follow,3380671,2343680957992960,16
post_tweet,3583759,2343680961610390,16
post_tweet,3751097,2343680965395226,16
get_timeline,477654,2343680965914275,16
post_tweet,2423138,2343680968383332,16
get_timeline,680886,2343680969105195,16
get_timeline,507988,2343680969687684,16
follow,2376644,2343680972109452,16
get_timeline,699356,2343680972875261,16
get_timeline,581203,2343680973519282,16
follow,1184520,2343680974744437,16
get_timeline,327764,2343680975114306,16
post_tweet,3540528,2343680978698410,16
get_timeline,644552,2343680979397143,16
follow,2302025,2343680981741052,16
get_timeline,441014,2343680982219985,16
post_tweet,3088287,2343680985350604,16
follow,2597633,2343680987980826,16
get_timeline,517714,2343680988591344,16
get_timeline,408903,2343680989038969,16
get_timeline,454843,2343680989533559,16
follow,2346982,2343680991916763,16
post_tweet,2462441,2343680994433488,16
post_tweet,3224694,2343680997692613,16
follow,3071666,2343681000829474,16
get_timeline,492810,2343681001391062,16
get_timeline,462262,2343681001916684,16
get_timeline,654628,2343681002618305,16
post_tweet,3123833,2343681005789462,16
get_timeline,479608,2343681006308829,16
post_tweet,2878216,2343681009233707,16
get_timeline,436943,2343681009720966,16
get_timeline,690872,2343681010474723,16
post_tweet,3190828,2343681013711650,16
get_timeline,545421,2343681014292980,16
get_timeline,656646,2343681014989856,16
follow,2799072,2343681017827554,16
get_timeline,571412,2343681018454043,16
post_tweet,2210438,2343681020708239,16
get_timeline,451295,2343681021204780,16
get_timeline,527793,2343681021775733,16
get_timeline,499194,2343681022312226,16
get_timeline,406755,2343681022757398,16
get_timeline,267315,2343681023062695,16
post_tweet,2292122,2343681025394590,16
get_timeline,486664,2343681025914590,16
post_tweet,2921491,2343681028872372,16
post_tweet,2016369,2343681030943990,16
get_timeline,606343,2343681031581581,16
get_timeline,673341,2343681032295314,16
get_timeline,676439,2343681033009568,16
get_timeline,429739,2343681033474331,16
get_timeline,320108,2343681033827953,16
get_timeline,441805,2343681034304877,16
post_tweet,2295695,2343681036635653,16
post_tweet,3302624,2343681039973228,16
get_timeline,394893,2343681040410773,16
get_timeline,847550,2343681041298670,16
get_timeline,592390,2343681041950439,16
post_tweet,3729201,2343681045739839,16
get_timeline,463230,2343681046253740,16
follow,2452800,2343681048745929,16
get_timeline,384087,2343681049183037,16
post_tweet,3056114,2343681052280246,16
follow,1431770,2343681053747370,16
add_user,2688908,2343681056487362,16
follow,2093238,2343681058619564,16
add_user,2455498,2343681061138474,16
get_timeline,684448,2343681061910494,16
follow,2535237,2343681064483797,16
post_tweet,2493298,2343681067032372,16
get_timeline,482497,2343681067556694,16
follow,2386982,2343681069992270,16
get_timeline,684050,2343681070722876,16
get_timeline,489012,2343681071260405,16
post_tweet,3061568,2343681074370439,16
get_timeline,449051,2343681074872860,16
get_timeline,534453,2343681075443425,16
get_timeline,470404,2343681075958132,16
get_timeline,427477,2343681076421501,16
get_timeline,569685,2343681077036998,16
get_timeline,503200,2343681077577084,16
follow,2169716,2343681079781501,16
post_tweet,2366455,2343681082178625,16
get_timeline,947203,2343681083180622,16
get_timeline,563492,2343681083784178,16
add_user,3373335,2343681087206508,16
get_timeline,663737,2343681087920871,16
add_user,2512368,2343681090472315,16
get_timeline,300620,2343681090806840,16
post_tweet,3026881,2343681093883449,16
post_tweet,2834147,2343681096759539,16
get_timeline,517390,2343681097330692,16
follow,2326828,2343681099702031,16
get_timeline,461627,2343681100211202,16
get_timeline,377251,2343681100634484,16
get_timeline,710810,2343681101391495,16
follow,2419466,2343681103855780,16
get_timeline,682034,2343681104577337,16
add_user,3088332,2343681107713472,16
follow,1721898,2343681109466380,16
follow,2197804,2343681111695868,16
get_timeline,505859,2343681112234095,16
post_tweet,2660730,2343681114934753,16
post_tweet,3403743,2343681118391037,16
get_timeline,589630,2343681119022046,16
get_timeline,509260,2343681119576753,16
add_user,3315683,2343681122937482,16
get_timeline,537231,2343681123530998,16
get_timeline,615638,2343681124192356,16
get_timeline,696387,2343681124937712,16
follow,2529172,2343681127511003,16
post_tweet,2867831,2343681130426033,16
follow,2446986,2343681132958364,16
post_tweet,3082846,2343681136076712,16
post_tweet,2620053,2343681138732101,16
follow,2560931,2343681141325748,16
get_timeline,446280,2343681141807711,16
get_timeline,459030,2343681142305477,16
get_timeline,478648,2343681142825314,16
get_timeline,557132,2343681143423270,16
get_timeline,285253,2343681143745205,16
get_timeline,559381,2343681144344901,16
get_timeline,522347,2343681144950207,16
get_timeline,287858,2343681145277092,16
post_tweet,2558536,2343681147879220,16
get_timeline,452702,2343681148368363,16
post_tweet,2709153,2343681151147813,16
follow,1235845,2343681152472841,16
post_tweet,2454477,2343681154982122,16
get_timeline,758635,2343681155778408,16
post_tweet,2934597,2343681158756343,16
get_timeline,444107,2343681159244265,16
get_timeline,442587,2343681159723232,16
follow,1170648,2343681160929593,16
follow,2177379,2343681163137821,16
add_user,3040716,2343681166208878,16
get_timeline,651258,2343681166902101,16
get_timeline,498988,2343681167457154,16
follow,2017236,2343681169533012,16
post_tweet,2095884,2343681171712840,16
post_tweet,2544452,2343681174293484,16
get_timeline,410982,2343681174741832,16
get_timeline,262622,2343681175043665,16
get_timeline,628795,2343681175716984,16
follow,2747412,2343681178505456,16
post_tweet,2730318,2343681181298246,16
post_tweet,3590660,2343681184923239,16
get_timeline,422294,2343681185384215,16
add_user,2242137,2343681187669060,16
get_timeline,528802,2343681188247688,16
post_tweet,2216721,2343681190505668,16
get_timeline,492435,2343681191029959,16
get_timeline,681771,2343681191777121,16
get_timeline,629224,2343681192445408,16
get_timeline,460868,2343681192951407,16
post_tweet,3693872,2343681196683410,16
post_tweet,2995969,2343681199717945,16
get_timeline,337416,2343681200090075,16
post_tweet,3261958,2343681203396083,16
post_tweet,2565505,2343681205997993,16
get_timeline,633612,2343681206669858,16
get_timeline,1009228,2343681207749354,16
get_timeline,526961,2343681208336450,16
get_timeline,620718,2343681209008272,16
get_timeline,680607,2343681209737816,16
follow,2901356,2343681212687243,16
get_timeline,427676,2343681213159106,16
get_timeline,943166,2343681214150565,16
get_timeline,699174,2343681214901427,16
post_tweet,3298646,2343681218249277,16
post_tweet,2926402,2343681221231085,16
get_timeline,589434,2343681221872628,16
post_tweet,2019273,2343681223941809,16
follow,2191778,2343681226161421,16
post_tweet,3557705,2343681229749869,16
post_tweet,2858777,2343681232663393,16
get_timeline,499695,2343681233214081,16
post_tweet,3398553,2343681236647056,16
get_timeline,695964,2343681237400879,16
follow,2276533,2343681239746896,16
get_timeline,664107,2343681240450400,16
get_timeline,402202,2343681240898977,16
get_timeline,596511,2343681241556994,16
post_tweet,2831655,2343681244438085,16
get_timeline,508731,2343681244987696,16
get_timeline,548559,2343681245581166,16
post_tweet,2621129,2343681248247359,16
post_tweet,2227290,2343681250507666,16
post_tweet,2832070,2343681253391141,16
get_timeline,645351,2343681254093027,16
get_timeline,638653,2343681254790404,16
get_timeline,589223,2343681255415295,16
get_timeline,609287,2343681256061491,16
get_timeline,462142,2343681256560852,16
post_tweet,2534721,2343681259139702,16
get_timeline,445469,2343681259641033,16
post_tweet,2836118,2343681262517321,16
post_tweet,2650130,2343681265203219,16
follow,2062917,2343681267300126,16
post_tweet,2720953,2343681270055636,16
post_tweet,2976714,2343681273067785,16
get_timeline,495652,2343681273602061,16
post_tweet,3048417,2343681276697387,16
get_timeline,579631,2343681277319987,16
follow,3254775,2343681280630105,16
get_timeline,489449,2343681281184666,16
get_timeline,648915,2343681281904799,16
get_timeline,562703,2343681282521064,16
get_timeline,754730,2343681283323552,16
add_user,2553315,2343681285922194,16
get_timeline,712944,2343681286688379,16
get_timeline,682390,2343681287419305,16
get_timeline,449855,2343681287911769,16
get_timeline,585613,2343681288542122,16
get_timeline,712019,2343681289301275,16
get_timeline,714702,2343681290062154,16
post_tweet,2743631,2343681292853475,16
follow,1142294,2343681294022022,16
post_tweet,2437316,2343681296483823,16
post_tweet,2372706,2343681298882073,16
add_user,2261673,2343681301168127,16
get_timeline,464134,2343681301658792,16
get_timeline,535865,2343681302224391,16
post_tweet,2362621,2343681304627440,16
get_timeline,516479,2343681305195487,16
follow,2452714,2343681307687137,16
get_timeline,844344,2343681308566744,16
post_tweet,2590051,2343681311198705,16
get_timeline,327884,2343681311559759,16
post_tweet,2710230,2343681314317450,16
get_timeline,359000,2343681314712062,16
get_timeline,586632,2343681315339817,16
follow,1625329,2343681317003821,16
get_timeline,730515,2343681317814571,16
post_tweet,2816906,2343681320671947,16
get_timeline,544941,2343681321253102,16
post_tweet,2403236,2343681323717436,16
get_timeline,586614,2343681324365362,16
follow,1848724,2343681326255010,16
get_timeline,315958,2343681326602555,16
post_tweet,2788952,2343681329432214,16
post_tweet,2378391,2343681331846442,16
post_tweet,3298469,2343681335188733,16
get_timeline,521678,2343681335763537,16
post_tweet,3436024,2343681339239308,16
get_timeline,562324,2343681339842614,16
get_timeline,617867,2343681340506307,16
follow,2934785,2343681343486841,16
get_timeline,351201,2343681343874356,16
post_tweet,2574220,2343681346494859,16
follow,2994811,2343681349529202,16
follow,2863159,2343681352443321,16
get_timeline,480564,2343681352963357,16
get_timeline,498300,2343681353515656,16
get_timeline,638396,2343681354203262,16
post_tweet,2603448,2343681356852825,16
follow,2344252,2343681359236613,16
post_tweet,2415942,2343681361691424,16
get_timeline,494181,2343681362223006,16
get_timeline,569889,2343681362844431,16
get_timeline,647722,2343681363533483,16
get_timeline,448853,2343681364024605,16
get_timeline,977889,2343681365047772,16
post_tweet,2763374,2343681367853674,16
get_timeline,595601,2343681368485373,16
add_user,2546878,2343681371104423,16
get_timeline,424129,2343681371563847,16
follow,3581883,2343681375190920,16
get_timeline,651288,2343681375874024,16
get_timeline,606255,2343681376516358,16
add_user,2508456,2343681379062033,16
post_tweet,2424738,2343681381539005,16
get_timeline,529524,2343681382101088,16
follow,1573536,2343681383708551,16
post_tweet,2342265,2343681386087400,16
add_user,3009297,2343681389150879,16
get_timeline,652037,2343681389852697,16
post_tweet,2136326,2343681392030663,16
post_tweet,2021197,2343681394089317,16
follow,3701476,2343681397824825,16
add_user,2868137,2343681400730864,16
follow,1800280,2343681402576310,16
post_tweet,3122124,2343681405750117,16
follow,2953424,2343681408740039,16
get_timeline,598414,2343681409396207,16
post_tweet,2860851,2343681412310304,16
follow,2045693,2343681414419495,16
post_tweet,2891092,2343681417387756,16
get_timeline,605942,2343681418046356,16
post_tweet,2743570,2343681420851330,16
add_user,2120031,2343681423008229,16
post_tweet,3460269,2343681426521070,16
get_timeline,545235,2343681427121466,16
get_timeline,665539,2343681427828289,16
post_tweet,2656737,2343681430525532,16
get_timeline,765638,2343681431343368,16
get_timeline,493397,2343681431879631,16
get_timeline,590229,2343681432513097,16
get_timeline,327493,2343681432884967,16
post_tweet,2766329,2343681435693605,16
get_timeline,445879,2343681436174222,16
get_timeline,590449,2343681436810137,16
get_timeline,567004,2343681437421769,16
get_timeline,633995,2343681438098123,16
post_tweet,2310961,2343681440451342,16
get_timeline,624081,2343681441113606,16
get_timeline,541753,2343681441698536,16
get_timeline,547687,2343681442288365,16
post_tweet,3435423,2343681445768192,16
post_tweet,3206417,2343681449030510,16
follow,2478682,2343681451573210,16
post_tweet,2755359,2343681454388280,16
post_tweet,3464961,2343681457894339,16
get_timeline,848501,2343681458785564,16
post_tweet,3377499,2343681462210662,16
get_timeline,710203,2343681462978944,16
follow,1437139,2343681464461811,16
post_tweet,2459238,2343681466962412,16
get_timeline,484680,2343681467497208,16
post_tweet,3803005,2343681471345136,16
post_tweet,3311928,2343681474698142,16
post_tweet,3793094,2343681478532518,16
get_timeline,641192,2343681479220655,16
get_timeline,644205,2343681479915799,16
get_timeline,450630,2343681480423538,16
get_timeline,604557,2343681481080092,16
get_timeline,675903,2343681481806389,16
get_timeline,548526,2343681482431020,16
post_tweet,2502117,2343681484982384,16
post_tweet,2890207,2343681487918249,16
follow,2344636,2343681490304109,16
post_tweet,2610036,2343681492958938,16
get_timeline,735315,2343681493723664,16
post_tweet,3071403,2343681496827846,16
add_user,2455490,2343681499312945,16
post_tweet,2864276,2343681502205281,16
get_timeline,357048,2343681502612801,16
get_timeline,501605,2343681503169079,16
get_timeline,482835,2343681503685789,16
follow,2709019,2343681506426388,16
follow,2613285,2343681509091493,16
post_tweet,2452415,2343681511616683,16
follow,1851038,2343681513517212,16
get_timeline,328873,2343681513888604,16
get_timeline,518435,2343681514450083,16
post_tweet,3261155,2343681517757974,16
get_timeline,716142,2343681518513412,16
follow,2601199,2343681521155953,16
get_timeline,519528,2343681521711855,16
get_timeline,400072,2343681522153775,16
follow,2584155,2343681524803216,16
post_tweet,2859543,2343681527700751,16
get_timeline,757993,2343681528496322,16
get_timeline,354452,2343681528894947,16
add_user,2908474,2343681531871481,16
follow,2139889,2343681534046566,16
get_timeline,523931,2343681534606561,16
get_timeline,580844,2343681535258774,16
post_tweet,3546863,2343681538847748,16
get_timeline,544212,2343681539429941,16
post_tweet,2064780,2343681541537198,16
add_user,2227446,2343681543817988,16
post_tweet,2653439,2343681546523528,16
get_timeline,673995,2343681547254787,16
get_timeline,804454,2343681548119422,16
add_user,2686210,2343681550877078,16
get_timeline,568014,2343681551496176,16
post_tweet,2962847,2343681554518983,16
follow,2243027,2343681556792717,16
post_tweet,2491037,2343681559336157,16
get_timeline,512336,2343681559900833,16
get_timeline,407678,2343681560344604,16
post_tweet,2500236,2343681562881524,16
post_tweet,3736964,2343681566671060,16
post_tweet,2544402,2343681569277529,16
get_timeline,533295,2343681569864656,16
get_timeline,773837,2343681570722638,16
get_timeline,287620,2343681571049978,16
post_tweet,3133495,2343681574226330,16
post_tweet,2258851,2343681576528074,16
get_timeline,682002,2343681577257664,16
post_tweet,2522221,2343681579823293,16
follow,1917468,2343681581775665,16
post_tweet,3562363,2343681585376460,16
post_tweet,6112662,2343681591566304,16
post_tweet,3366520,2343681594971595,16
post_tweet,3107051,2343681598133730,16
get_timeline,382211,2343681598570256,16
get_timeline,751419,2343681599379517,16
follow,2704884,2343681602136534,16
get_timeline,548799,2343681602732768,16
follow,3296024,2343681606080857,16
follow,3068033,2343681609182515,16
get_timeline,392376,2343681609610793,16
follow,1803772,2343681611451989,16
post_tweet,3038221,2343681614542641,16
follow,2721757,2343681617298389,16
follow,2618015,2343681619967531,16
get_timeline,646803,2343681620676262,16
get_timeline,404932,2343681621129663,16
get_timeline,669580,2343681621882289,16
post_tweet,3201977,2343681625135414,16
get_timeline,774633,2343681625955477,16
post_tweet,2465504,2343681628471298,16
follow,2966646,2343681631470429,16
get_timeline,487687,2343681632022035,16
follow,2073790,2343681634134891,16
get_timeline,301798,2343681634483771,16
post_tweet,2529592,2343681637054340,16
follow,2044832,2343681639132787,16
get_timeline,559100,2343681639735235,16
follow,2443079,2343681642230570,16
follow,2356936,2343681644633763,16
get_timeline,561672,2343681645236404,16
get_timeline,351780,2343681645640642,16
post_tweet,3618479,2343681649306149,16
follow,1934621,2343681651302240,16
get_timeline,542286,2343681651882251,16
follow,2870762,2343681654800809,16
get_timeline,489578,2343681655330016,16
follow,2412689,2343681657786730,16
post_tweet,4323059,2343681662151718,16
get_timeline,377197,2343681662583094,16
get_timeline,563565,2343681663195714,16
post_tweet,2934733,2343681666180844,16
post_tweet,2494249,2343681668720576,16
get_timeline,709318,2343681669485924,16
get_timeline,806770,2343681670356313,16
follow,2861699,2343681673302934,16
follow,2349523,2343681675704051,16
get_timeline,821555,2343681676560018,16
add_user,2488621,2343681679082648,16
post_tweet,3342423,2343681682460103,16
get_timeline,691648,2343681683181333,16
get_timeline,518723,2343681683733717,16
get_timeline,669474,2343681684436380,16
get_timeline,532419,2343681685003550,16
follow,2403384,2343681687439016,16
get_timeline,585833,2343681688060175,16
get_timeline,467736,2343681688568708,16
add_user,2280270,2343681690888452,16
get_timeline,365883,2343681691286135,16
get_timeline,509681,2343681691844122,16
get_timeline,601552,2343681692488294,16
follow,3516662,2343681696045453,16
get_timeline,501759,2343681696582119,16
post_tweet,2893553,2343681699523482,16
get_timeline,735649,2343681700311473,16
post_tweet,2758615,2343681703137474,16
post_tweet,3008938,2343681706183276,16
get_timeline,533450,2343681706758930,16
post_tweet,3208360,2343681710015913,16
get_timeline,769958,2343681710842534,16
get_timeline,572865,2343681711457803,16
post_tweet,2810047,2343681714318780,16
follow,2280684,2343681716651231,16
get_timeline,474074,2343681717178028,16
get_timeline,353918,2343681717573209,16
post_tweet,4252483,2343681721881312,16
post_tweet,3169463,2343681725089775,16
follow,2056317,2343681727182588,16
post_tweet,2783397,2343681730027749,16
post_tweet,2459074,2343681732525005,16
post_tweet,2837135,2343681735400675,16
get_timeline,827144,2343681736296748,16
follow,2219126,2343681738571499,16
post_tweet,4178885,2343681742802945,16
follow,1922593,2343681744772504,16
follow,2035771,2343681746859065,16
follow,2336159,2343681749229145,16
get_timeline,874124,2343681750142310,16
post_tweet,2762739,2343681752948853,16
get_timeline,684197,2343681753671654,16
get_timeline,503951,2343681754218401,16
follow,1492799,2343681755778190,16
get_timeline,498331,2343681756344242,16
post_tweet,3789602,2343681760185467,16
get_timeline,687911,2343681760912465,16
post_tweet,3180045,2343681764135736,16
add_user,2495184,2343681766677816,16
post_tweet,3645011,2343681770387260,16
get_timeline,476643,2343681770902769,16
follow,2311299,2343681773255271,16
post_tweet,2977591,2343681776271389,16
post_tweet,3596206,2343681779905904,16
get_timeline,932657,2343681780880170,16
get_timeline,771658,2343681781705562,16
post_tweet,2591594,2343681784347573,16
post_tweet,2499190,2343681786910026,16
get_timeline,635255,2343681787589524,16
get_timeline,537225,2343681788166368,16
post_tweet,2977500,2343681791186098,16
post_tweet,2885343,2343681794105938,16
post_tweet,3197982,2343681797358553,16
get_timeline,683620,2343681798100697,16
get_timeline,569372,2343681798709100,16
get_timeline,593438,2343681799340346,16
add_user,2541385,2343681801918978,16
get_timeline,558792,2343681802511860,16
get_timeline,382830,2343681802931430,16
follow,2008342,2343681804975358,16
post_tweet,2904658,2343681807913751,16
get_timeline,590640,2343681808556753,16
post_tweet,2735184,2343681811336467,16
follow,2578494,2343681813950148,16
get_timeline,375920,2343681814377858,16
post_tweet,4632783,2343681819054082,16
follow,2791022,2343681821881719,16
follow,2691015,2343681824615131,16
follow,2474511,2343681827141438,16
get_timeline,733868,2343681827957973,16
get_timeline,901027,2343681828930720,16
post_tweet,2625247,2343681831609199,16
post_tweet,3710188,2343681835371925,16
get_timeline,664071,2343681836074746,16
get_timeline,555929,2343681836675994,16
add_user,3186606,2343681839904998,16
get_timeline,536333,2343681840478792,16
get_timeline,869530,2343681841392615,16
get_timeline,356455,2343681841789066,16
get_timeline,616093,2343681842451863,16
get_timeline,365916,2343681842857275,16
get_timeline,600954,2343681843498120,16
get_timeline,410201,2343681843953766,16
post_tweet,2158415,2343681846151568,16
post_tweet,2696549,2343681848884146,16
get_timeline,425349,2343681849344433,16
follow,3222408,2343681852605390,16
post_tweet,2867091,2343681855507922,16
get_timeline,380011,2343681855922014,16
post_tweet,3484516,2343681859450599,16
follow,1931774,2343681861425448,16
add_user,2465142,2343681863928759,16
post_tweet,2652127,2343681866617410,16
post_tweet,2855948,2343681869511359,16
get_timeline,577693,2343681870144233,16
follow,2275910,2343681872468263,16
post_tweet,4381526,2343681876894999,16
post_tweet,2885633,2343681879830180,16
get_timeline,610644,2343681880479617,16
get_timeline,632226,2343681881185514,16
follow,2303695,2343681883532879,16
get_timeline,627145,2343681884207353,16
get_timeline,301248,2343681884553708,16
get_timeline,628701,2343681885259642,16
get_timeline,582919,2343681885886998,16
follow,2357223,2343681888288903,16
follow,1973113,2343681890308315,16
follow,2166204,2343681892511634,16
get_timeline,492891,2343681893055830,16
get_timeline,432049,2343681893523875,16
post_tweet,2649948,2343681896209055,16
post_tweet,2875255,2343681899116428,16
get_timeline,615975,2343681899763889,16
follow,2117707,2343681901927789,16
get_timeline,679105,2343681902639162,16
get_timeline,468822,2343681903144306,16
post_tweet,2671312,2343681905857849,16
post_tweet,2612933,2343681908520487,16
get_timeline,646176,2343681909205687,16
add_user,3494754,2343681912768857,16
post_tweet,2826579,2343681915634199,16
post_tweet,3609527,2343681919291751,16
post_tweet,3029656,2343681922376324,16
get_timeline,601587,2343681923029456,16
get_timeline,558802,2343681923647922,16
post_tweet,3184587,2343681926899720,16
post_tweet,3659425,2343681930613820,16
get_timeline,701530,2343681931353174,16
follow,2271953,2343681933664335,16
get_timeline,502178,2343681934200411,16
post_tweet,2837218,2343681937088684,16
get_timeline,585589,2343681937718900,16
post_tweet,3063840,2343681940833402,16
get_timeline,816097,2343681941695744,16
get_timeline,904295,2343681942652654,16
get_timeline,840053,2343681943543425,16
post_tweet,2666733,2343681946270335,16
get_timeline,668706,2343681946995573,16
get_timeline,547969,2343681947586089,16
post_tweet,3047311,2343681950668199,16
follow,2842717,2343681953540211,16
post_tweet,2667952,2343681956238740,16
post_tweet,3548633,2343681959818214,16
get_timeline,584005,2343681960442402,16
get_timeline,667663,2343681961160261,16
post_tweet,4027339,2343681965233951,16
get_timeline,527161,2343681965803098,16
follow,3145033,2343681968991715,16
get_timeline,679115,2343681969714467,16
get_timeline,853064,2343681970619693,16
add_user,2434736,2343681973132287,16
follow,4051866,2343681977226880,16
get_timeline,675656,2343681977958916,16
get_timeline,940917,2343681978949192,16
get_timeline,418908,2343681979414432,16
follow,2391466,2343681981854935,16
post_tweet,2840795,2343681984750919,16
follow,1900334,2343681986702850,16
get_timeline,454148,2343681987192481,16
get_timeline,437016,2343681987667067,16
get_timeline,455136,2343681988159795,16
post_tweet,3850072,2343681992049239,16
get_timeline,437402,2343681992519786,16
get_timeline,585099,2343681993150454,16
get_timeline,658557,2343681993865493,16
get_timeline,473322,2343681994382909,16
follow,2058046,2343681996484376,16
post_tweet,3657250,2343682000183607,16
post_tweet,2864807,2343682003090761,16
get_timeline,796791,2343682003927312,16
get_timeline,540079,2343682004520110,16
get_timeline,479715,2343682005050629,16
post_tweet,2419098,2343682007512125,16
get_timeline,818630,2343682008407175,16
get_timeline,537358,2343682008989365,16
post_tweet,3421724,2343682012459188,16
get_timeline,341700,2343682012837229,16
get_timeline,349485,2343682013226739,16
get_timeline,582372,2343682013852007,16
get_timeline,499930,2343682014385636,16
follow,1740702,2343682016159687,16
follow,1953099,2343682018142498,16
follow,1886186,2343682020077289,16
follow,1671265,2343682021776677,16
get_timeline,511845,2343682022318048,16
get_timeline,346736,2343682022697911,16
add_user,2565491,2343682025297324,16
post_tweet,2430038,2343682027758597,16
post_tweet,3566311,2343682031377014,16
get_timeline,486015,2343682031911281,16
get_timeline,452101,2343682032433718,16
post_tweet,2272219,2343682034757995,16
get_timeline,380233,2343682035173891,16
add_user,2345560,2343682037581080,16
get_timeline,484462,2343682038104220,16
post_tweet,2378590,2343682040525478,16
post_tweet,2781843,2343682043348015,16
get_timeline,814343,2343682044214936,16
get_timeline,557173,2343682044858418,16
get_timeline,329881,2343682045229340,16
follow,1392310,2343682046660402,16
follow,2465435,2343682049175235,16
add_user,1987843,2343682051215607,16
get_timeline,446516,2343682051694280,16
get_timeline,430826,2343682052162955,16
follow,2745651,2343682054947477,16
post_tweet,2807791,2343682057808038,16
follow,2416727,2343682060314269,16
post_tweet,3108533,2343682063477024,16
get_timeline,949453,2343682064477761,16
get_timeline,698858,2343682065217615,16
post_tweet,3021137,2343682068280205,16
get_timeline,426902,2343682068753127,16
get_timeline,476811,2343682069282144,16
post_tweet,2551172,2343682071884374,16
get_timeline,549136,2343682072475375,16
post_tweet,4140407,2343682076667442,16
get_timeline,744874,2343682077470433,16
get_timeline,915389,2343682078450938,16
get_timeline,517687,2343682079017723,16
get_timeline,543910,2343682079627167,16
get_timeline,500749,2343682080167336,16
get_timeline,622383,2343682080828749,16
post_tweet,4531608,2343682085395767,16
post_tweet,2654095,2343682088085570,16
get_timeline,658668,2343682088809131,16
post_tweet,4541106,2343682093387001,16
post_tweet,2336060,2343682095761738,16
add_user,2149883,2343682097971498,16
get_timeline,324105,2343682098339873,16
get_timeline,485058,2343682098865345,16
post_tweet,1953050,2343682100861954,16
get_timeline,493746,2343682101398769,16
get_timeline,547673,2343682101995908,16
get_timeline,929522,2343682103007004,16
add_user,2427534,2343682105483579,16
post_tweet,3438087,2343682108976664,16
post_tweet,2162008,2343682111207366,16
add_user,2922419,2343682114172071,16
follow,2065655,2343682116280895,16
get_timeline,495386,2343682116830320,16
get_timeline,651892,2343682117531706,16
post_tweet,2894978,2343682120466555,16
post_tweet,2104912,2343682122608006,16
get_timeline,536702,2343682123178770,16
get_timeline,503462,2343682123721756,16
get_timeline,341822,2343682124105777,16
get_timeline,541533,2343682124689081,16
post_tweet,3390455,2343682128141309,16
get_timeline,544922,2343682128765133,16
post_tweet,2544640,2343682131345340,16
post_tweet,2862683,2343682134239354,16
get_timeline,347703,2343682134654710,16
post_tweet,2927915,2343682137619675,16
get_timeline,677392,2343682138342907,16
post_tweet,3908497,2343682142307652,16
post_tweet,3420982,2343682145783372,16
get_timeline,642825,2343682146469298,16
get_timeline,596616,2343682147121976,16
add_user,2437962,2343682149601565,16
follow,1736778,2343682151390584,16
add_user,2638147,2343682154064321,16
get_timeline,579584,2343682154683033,16
follow,2827465,2343682157550829,16
get_timeline,589302,2343682158197510,16
follow,1641873,2343682159879716,16
get_timeline,567618,2343682160483230,16
post_tweet,3361443,2343682163889354,16
post_tweet,2413822,2343682166339941,16
post_tweet,2696774,2343682169075591,16
get_timeline,525871,2343682169652706,16
get_timeline,670844,2343682170420735,16
get_timeline,399175,2343682170856634,16
follow,2391531,2343682173284213,16
get_timeline,556707,2343682173893959,16
get_timeline,534806,2343682174466664,16
get_timeline,561426,2343682175069033,16
follow,2058675,2343682177187720,16
get_timeline,442559,2343682177671204,16
post_tweet,2712591,2343682180422485,16
post_tweet,2661974,2343682183120646,16
post_tweet,2809780,2343682185962666,16
follow,2408868,2343682188404303,16
get_timeline,606914,2343682189064577,16
get_timeline,411084,2343682189513076,16
get_timeline,605892,2343682190163458,16
post_tweet,2969951,2343682193175875,16
add_user,1903098,2343682195117552,16
get_timeline,628479,2343682195782352,16
post_tweet,3706202,2343682199531343,16
add_user,3061374,2343682202646638,16
get_timeline,490146,2343682203175878,16
post_tweet,2566103,2343682205807768,16
get_timeline,704384,2343682206550901,16
get_timeline,643860,2343682207270092,16
get_timeline,818430,2343682208131333,16
get_timeline,660312,2343682208844220,16
post_tweet,5801681,2343682214688695,16
get_timeline,735566,2343682215480031,16
post_tweet,2938905,2343682218461251,16
post_tweet,2634633,2343682221134495,16
post_tweet,3272163,2343682224444833,16
get_timeline,536290,2343682225018557,16
get_timeline,449531,2343682225517506,16
post_tweet,3150862,2343682228711383,16
post_tweet,3417755,2343682232168134,16
post_tweet,2484035,2343682234715973,16
get_timeline,398652,2343682235151308,16
get_timeline,553836,2343682235752359,16
post_tweet,2662819,2343682238460743,16
get_timeline,431840,2343682238932166,16
get_timeline,710917,2343682239690719,16
get_timeline,529915,2343682240267003,16
post_tweet,2422467,2343682242746179,16
follow,2256489,2343682245052402,16
post_tweet,2345918,2343682247440218,16
post_tweet,2552283,2343682250025252,16
follow,2442412,2343682252519986,16
get_timeline,831452,2343682253408130,16
get_timeline,644407,2343682254108478,16
get_timeline,418653,2343682254563004,16
get_timeline,333955,2343682254947919,16
post_tweet,3093589,2343682258079617,16
get_timeline,557484,2343682258708270,16
get_timeline,684176,2343682259434556,16
get_timeline,468380,2343682259941793,16
get_timeline,509192,2343682260508332,16
get_timeline,382915,2343682260931102,16
add_user,2372613,2343682263342307,16
follow,1160344,2343682264535780,16
get_timeline,407478,2343682264977128,16
get_timeline,534531,2343682265550911,16
follow,2055467,2343682267644128,16
follow,2123411,2343682269801935,16
get_timeline,390497,2343682270226312,16
get_timeline,647281,2343682270914208,16
get_timeline,549245,2343682271500981,16
add_user,2544001,2343682274082093,16
get_timeline,881900,2343682275018846,16
post_tweet,2162469,2343682277219928,16
follow,2103602,2343682279375318,16
post_tweet,2497380,2343682281904730,16
get_timeline,750448,2343682282690288,16
post_tweet,2571571,2343682285304846,16
get_timeline,505720,2343682285864325,16
get_timeline,592216,2343682286500246,16
get_timeline,578636,2343682287121214,16
get_timeline,279925,2343682287441494,16
get_timeline,602316,2343682288086119,16
get_timeline,520914,2343682288651126,16
get_timeline,521412,2343682289214265,16
get_timeline,490729,2343682289744323,16
post_tweet,3310898,2343682293098082,16
post_tweet,2698598,2343682295852656,16
get_timeline,809241,2343682296762366,16
add_user,2390648,2343682299226890,16
post_tweet,2533685,2343682301787717,16
post_tweet,2206767,2343682304049241,16
get_timeline,450167,2343682304526789,16
get_timeline,396192,2343682304977329,16
post_tweet,2768219,2343682307776775,16
post_tweet,2819854,2343682310623583,16
get_timeline,738833,2343682311418661,16
post_tweet,2771943,2343682314231484,16
post_tweet,2611290,2343682316878730,16
get_timeline,664445,2343682317600452,16
follow,2450563,2343682320089218,16
get_timeline,581650,2343682320707271,16
get_timeline,303611,2343682321048203,16
get_timeline,592107,2343682321692241,16
post_tweet,2644814,2343682324379148,16
get_timeline,680017,2343682325115348,16
get_timeline,626156,2343682325784407,16
post_tweet,2626581,2343682328453620,16
get_timeline,570315,2343682329063745,16
get_timeline,823951,2343682329961233,16
get_timeline,414911,2343682330417520,16
get_timeline,575732,2343682331036239,16
follow,2954116,2343682334031191,16
get_timeline,644081,2343682334703008,16
get_timeline,570684,2343682335304755,16
get_timeline,361911,2343682335697472,16
get_timeline,455925,2343682336185762,16
follow,1038021,2343682337255254,16
post_tweet,3594481,2343682340877325,16
get_timeline,615697,2343682341541204,16
follow,3257259,2343682344829219,16
get_timeline,567054,2343682345449156,16
get_timeline,564715,2343682346056735,16
post_tweet,2420605,2343682348519959,16
get_timeline,695103,2343682349249799,16
follow,2425831,2343682351734556,16
follow,1958069,2343682353744750,16
get_timeline,346400,2343682354126627,16
post_tweet,2836757,2343682357007078,16
post_tweet,3853124,2343682360915320,16
get_timeline,597379,2343682361567640,16
get_timeline,518716,2343682362129196,16
get_timeline,626015,2343682362798048,16
get_timeline,634509,2343682363476105,16
add_user,1793576,2343682365310964,16
post_tweet,3660273,2343682369009005,16
get_timeline,496547,2343682369542775,16
post_tweet,2795077,2343682372380402,16
add_user,2199125,2343682374616853,16
follow,2505125,2343682377157397,16
post_tweet,2266894,2343682379462747,16
get_timeline,617429,2343682380132192,16
get_timeline,489797,2343682380665064,16
post_tweet,2266007,2343682382986065,16
post_tweet,2594265,2343682385619074,16
get_timeline,440295,2343682386107517,16
post_tweet,2881155,2343682389036022,16
follow,3045365,2343682392120683,16
post_tweet,3298444,2343682395459906,16
post_tweet,2358418,2343682397855090,16
post_tweet,2648582,2343682400542331,16
post_tweet,3246559,2343682403850996,16
get_timeline,622696,2343682404524816,16
add_user,2745912,2343682407315413,16
post_tweet,2870639,2343682410229225,16
get_timeline,559841,2343682410834520,16
follow,1746327,2343682412628651,16
get_timeline,630485,2343682413324256,16
get_timeline,589017,2343682413963762,16
post_tweet,2830151,2343682416842721,16
post_tweet,2794960,2343682419692319,16
get_timeline,683400,2343682420407381,16
get_timeline,446398,2343682420893421,16
add_user,1930346,2343682422871488,16
post_tweet,3167319,2343682426070510,16
post_tweet,2821247,2343682428946597,16
add_user,3009170,2343682431989373,16
add_user,3015455,2343682435078984,16
post_tweet,2927397,2343682438047130,16
post_tweet,3205099,2343682441320398,16
post_tweet,3085229,2343682444459961,16
get_timeline,330549,2343682444828507,16
post_tweet,2972886,2343682447848423,16
get_timeline,666742,2343682448555683,16
get_timeline,471114,2343682449079712,16
get_timeline,486990,2343682449614046,16
get_timeline,403164,2343682450063028,16
get_timeline,658735,2343682450771607,16
post_tweet,3235649,2343682454057404,16
get_timeline,701040,2343682454823892,16
get_timeline,579093,2343682455452874,16
follow,2656598,2343682458148936,16
get_timeline,640906,2343682458823233,16
follow,1882061,2343682460738749,16
get_timeline,782316,2343682461551255,16
post_tweet,3124496,2343682464710079,16
post_tweet,3127858,2343682467892499,16
post_tweet,2668840,2343682470597960,16
get_timeline,706159,2343682471342449,16
get_timeline,737261,2343682472122951,16
get_timeline,632110,2343682472806230,16
follow,3716120,2343682476564384,16
get_timeline,356804,2343682476957948,16
post_tweet,3440689,2343682480440657,16
post_tweet,3165397,2343682483661669,16
post_tweet,2705559,2343682486407077,16
follow,3463250,2343682489910122,16
post_tweet,3918269,2343682493877655,16
get_timeline,1231831,2343682495166814,16
post_tweet,4094044,2343682499329617,16
post_tweet,4155034,2343682503534546,16
post_tweet,3077652,2343682506653505,16
get_timeline,681512,2343682507404809,16
post_tweet,2309845,2343682509761836,16
post_tweet,2894571,2343682512697842,16
post_tweet,2807139,2343682515546593,16
follow,3169513,2343682518753371,16
get_timeline,773862,2343682519603302,16
get_timeline,445288,2343682520095091,16
post_tweet,2603956,2343682522747191,16
get_timeline,704074,2343682523505322,16
follow,4059080,2343682527611027,16
post_tweet,2602862,2343682530254948,16
follow,2484383,2343682532783620,16
get_timeline,494082,2343682533317901,16
post_tweet,3034501,2343682536399774,16
post_tweet,3373655,2343682539820463,16
get_timeline,683676,2343682540556107,16
post_tweet,3252082,2343682543857295,16
get_timeline,983205,2343682544893043,16
get_timeline,535157,2343682545474713,16
get_timeline,437355,2343682545953692,16
post_tweet,2554991,2343682548550346,16
get_timeline,696594,2343682549287113,16
post_tweet,2602672,2343682551933320,16
post_tweet,3166878,2343682555136993,16
follow,2270103,2343682557450976,16
follow,2590582,2343682560073796,16
add_user,3418619,2343682563525985,16
get_timeline,478137,2343682564052871,16
get_timeline,458576,2343682564551202,16
post_tweet,2536453,2343682567125569,16
post_tweet,2326564,2343682569484882,16
follow,2639040,2343682572175968,16
get_timeline,786147,2343682573019322,16
post_tweet,2594400,2343682575672218,16
post_tweet,3636157,2343682579351079,16
get_timeline,675956,2343682580071025,16
post_tweet,3420323,2343682583543841,16
get_timeline,560696,2343682584140141,16
get_timeline,595591,2343682584785542,16
get_timeline,300240,2343682585126356,16
post_tweet,3473613,2343682588643824,16
post_tweet,2623368,2343682591322100,16
get_timeline,644845,2343682592018988,16
get_timeline,497734,2343682592563513,16
get_timeline,503677,2343682593110237,16
get_timeline,323748,2343682593473093,16
get_timeline,422187,2343682593935310,16
post_tweet,2752361,2343682596731039,16
follow,1911304,2343682598680815,16
follow,2117689,2343682600833539,16
get_timeline,526433,2343682601397894,16
get_timeline,690376,2343682602131978,16
get_timeline,801046,2343682602976779,16
get_timeline,317183,2343682603333581,16
follow,3094787,2343682606470441,16
get_timeline,736486,2343682607261695,16
get_timeline,341781,2343682607636932,16
get_timeline,432407,2343682608104291,16
get_timeline,350723,2343682608488288,16
post_tweet,2355476,2343682610890100,16
post_tweet,2604925,2343682613524414,16
get_timeline,555905,2343682614111282,16
post_tweet,2789442,2343682616934541,16
get_timeline,339867,2343682617304926,16
get_timeline,464901,2343682617803508,16
post_tweet,2282855,2343682620126413,16
get_timeline,271392,2343682620441519,16
follow,1247058,2343682621728288,16
add_user,2115317,2343682623876981,16
get_timeline,710163,2343682624622947,16
post_tweet,2838747,2343682627503840,16
get_timeline,622210,2343682628161831,16
get_timeline,391543,2343682628592470,16
get_timeline,523259,2343682629158576,16
get_timeline,426548,2343682629623920,16
post_tweet,2772568,2343682632451546,16
get_timeline,655544,2343682633170505,16
post_tweet,2078393,2343682635291601,16
add_user,3180622,2343682638507840,16
post_tweet,3188823,2343682641751818,16
get_timeline,427183,2343682642215159,16
post_tweet,2549431,2343682644804678,16
get_timeline,665971,2343682645507556,16
get_timeline,413805,2343682645958637,16
post_tweet,2117549,2343682648117209,16
follow,2284551,2343682650440420,16
post_tweet,3143729,2343682653618567,16
get_timeline,628838,2343682654288152,16
post_tweet,3167720,2343682657495553,16
get_timeline,591772,2343682658129655,16
get_timeline,438148,2343682658613047,16
follow,3821055,2343682662484749,16
get_timeline,715948,2343682663253581,16
post_tweet,2985415,2343682666286434,16
add_user,2809472,2343682669149170,16
follow,2093654,2343682671295060,16
get_timeline,690985,2343682672036137,16
post_tweet,3152236,2343682675253054,16
post_tweet,2423473,2343682677728317,16
get_timeline,554166,2343682678336679,16
post_tweet,3085661,2343682681465961,16
add_user,2665567,2343682684169322,16
post_tweet,3096747,2343682687321212,16
post_tweet,2406923,2343682689793129,16
post_tweet,2868916,2343682692700453,16
post_tweet,3489318,2343682696233224,16
post_tweet,3323505,2343682699601349,16
add_user,1897703,2343682701541029,16
post_tweet,3501448,2343682705086832,16
follow,1878230,2343682707007558,16
get_timeline,767431,2343682707825752,16
follow,2599891,2343682710473222,16
post_tweet,2938895,2343682713456797,16
get_timeline,566712,2343682714066866,16
get_timeline,558806,2343682714676138,16
post_tweet,3672545,2343682718398914,16
post_tweet,2835616,2343682721293143,16
get_timeline,518291,2343682721847784,16
post_tweet,2764737,2343682724680603,16
get_timeline,651963,2343682725394128,16
add_user,3106902,2343682728540393,16
get_timeline,1050217,2343682729626188,16
get_timeline,603332,2343682730277030,16
get_timeline,462458,2343682730785913,16
follow,3149870,2343682733979833,16
post_tweet,3169667,2343682737204186,16
get_timeline,678781,2343682737925444,16
get_timeline,533828,2343682738505469,16
follow,1196909,2343682739764789,16
follow,2272953,2343682742074953,16
get_timeline,393152,2343682742498768,16
post_tweet,4156421,2343682746691040,16
post_tweet,2927251,2343682749677344,16
get_timeline,537958,2343682750248693,16
follow,2050641,2343682752334131,16
get_timeline,658595,2343682753035456,16
get_timeline,611687,2343682753696045,16
get_timeline,651285,2343682754394236,16
follow,1695973,2343682756157310,16
post_tweet,3059764,2343682759258461,16
get_timeline,797765,2343682760105247,16
get_timeline,578508,2343682760745550,16
post_tweet,2384592,2343682763176913,16
post_tweet,2733617,2343682765962329,16
get_timeline,475074,2343682766470247,16
post_tweet,2103947,2343682768609846,16
follow,2063531,2343682770704169,16
post_tweet,3187829,2343682773976950,16
post_tweet,2697586,2343682776729375,16
follow,2552774,2343682779358110,16
get_timeline,709831,2343682780120694,16
post_tweet,3275363,2343682783443714,16
get_timeline,489308,2343682783970231,16
follow,2070349,2343682786101871,16
follow,2112618,2343682788266124,16
get_timeline,720007,2343682789040851,16
add_user,2140606,2343682791224122,16
get_timeline,594270,2343682791868920,16
get_timeline,656651,2343682792585650,16
get_timeline,418866,2343682793097232,16
post_tweet,2634640,2343682795794127,16
post_tweet,2471680,2343682798318480,16
get_timeline,724283,2343682799098192,16
post_tweet,3335817,2343682802495170,16
get_timeline,730120,2343682803253256,16
get_timeline,389344,2343682803673053,16
get_timeline,509598,2343682804216248,16
post_tweet,3175889,2343682807423479,16
get_timeline,597001,2343682808046792,16
get_timeline,446767,2343682808525118,16
post_tweet,3520697,2343682812076565,16
get_timeline,268185,2343682812388433,16
get_timeline,355795,2343682812783431,16
post_tweet,2408370,2343682815229790,16
get_timeline,609320,2343682815870335,16
add_user,2110215,2343682818021596,16
get_timeline,709674,2343682818788002,16
get_timeline,697671,2343682819534123,16
post_tweet,3064594,2343682822638294,16
post_tweet,2617447,2343682825289905,16
post_tweet,3371823,2343682828698035,16
follow,3088828,2343682831821980,16
follow,2923628,2343682834794156,16
add_user,3032110,2343682837879442,16
get_timeline,683480,2343682838612302,16
get_timeline,750453,2343682839414760,16
follow,2363291,2343682841830489,16
follow,2501281,2343682844378323,16
post_tweet,3222641,2343682847659597,16
post_tweet,2885070,2343682850597019,16
post_tweet,2594649,2343682853231676,16
follow,2914672,2343682856182716,16
get_timeline,583115,2343682856807853,16
add_user,2682143,2343682859532259,16
post_tweet,2609459,2343682862183315,16
get_timeline,636611,2343682862863552,16
post_tweet,2978020,2343682865892470,16
post_tweet,2200750,2343682868147747,16
follow,3091052,2343682871291780,16
get_timeline,505001,2343682871836790,16
post_tweet,3166296,2343682875054279,16
follow,1716877,2343682876810638,16
follow,2512001,2343682879362531,16
get_timeline,451065,2343682879865258,16
post_tweet,3435569,2343682883347547,16
get_timeline,587124,2343682883999889,16
get_timeline,346421,2343682884408284,16
get_timeline,442172,2343682884894800,16
get_timeline,480476,2343682885420028,16
follow,2164197,2343682887632809,16
get_timeline,383314,2343682888050497,16
post_tweet,3497232,2343682891593045,16
get_timeline,343955,2343682891971831,16
post_tweet,3182360,2343682895212232,16
get_timeline,291451,2343682895539838,16
post_tweet,2742641,2343682898329493,16
post_tweet,2153198,2343682900524314,16
get_timeline,571157,2343682901137245,16
follow,3323245,2343682904505304,16
get_timeline,582250,2343682905128790,16
post_tweet,3545546,2343682908721248,16
get_timeline,554430,2343682909348702,16
follow,1963719,2343682911351146,16
follow,3222349,2343682914622780,16
post_tweet,2863864,2343682917542940,16
get_timeline,766561,2343682918365262,16
get_timeline,575306,2343682919000131,16
get_timeline,525058,2343682919584325,16
post_tweet,2974819,2343682922608114,16
get_timeline,422080,2343682923115974,16
add_user,3475499,2343682926632095,16
get_timeline,510923,2343682927178920,16
post_tweet,2590316,2343682929813034,16
post_tweet,2735016,2343682932586487,16
post_tweet,3032558,2343682935669136,16
post_tweet,2295376,2343682938016196,16
post_tweet,2969042,2343682941028900,16
get_timeline,702066,2343682941774951,16
post_tweet,2875992,2343682944696858,16
get_timeline,437576,2343682945179719,16
get_timeline,433965,2343682945665538,16
post_tweet,2466154,2343682948178382,16
get_timeline,563481,2343682948784015,16
get_timeline,457637,2343682949286536,16
get_timeline,537512,2343682949879385,16
get_timeline,653549,2343682950579910,16
follow,3339436,2343682953962610,16
post_tweet,2568799,2343682956572455,16
post_tweet,4617240,2343682961222602,16
get_timeline,608861,2343682961864700,16
get_timeline,544915,2343682962445416,16
get_timeline,787828,2343682963266655,16
get_timeline,808602,2343682964112569,16
follow,1624417,2343682965773013,16
get_timeline,709046,2343682966517281,16
follow,4379905,2343682970938826,16
add_user,1833874,2343682972811185,16
add_user,2762220,2343682975611195,16
post_tweet,2311421,2343682978007505,16
post_tweet,3132462,2343682981194782,16
follow,2021066,2343682983288738,16
get_timeline,688946,2343682984023141,16
get_timeline,780684,2343682984862000,16
get_timeline,450438,2343682985358489,16
get_timeline,494596,2343682985902825,16
get_timeline,588395,2343682986538908,16
get_timeline,521343,2343682987108170,16
follow,2400418,2343682989555662,16
add_user,3527711,2343682993127164,16
get_timeline,555382,2343682993715342,16
follow,2648409,2343682996397951,16
add_user,2554784,2343682998984438,16
get_timeline,740378,2343682999756039,16
get_timeline,747126,2343683000539835,16
post_tweet,2670092,2343683003247918,16
post_tweet,3071830,2343683006372364,16
get_timeline,412799,2343683006822898,16
post_tweet,3203739,2343683010083276,16
post_tweet,2796912,2343683012931660,16
get_timeline,703216,2343683013678123,16
follow,1342017,2343683015062068,16
post_tweet,2384717,2343683017483046,16
post_tweet,2546143,2343683020068034,16
get_timeline,593529,2343683020700461,16
post_tweet,2656193,2343683023399809,16
get_timeline,682678,2343683024134546,16
get_timeline,640108,2343683024829322,16
get_timeline,532725,2343683025403864,16
follow,2251394,2343683027697837,16
post_tweet,2488118,2343683030222591,16
get_timeline,605652,2343683030865559,16
get_timeline,471452,2343683031379647,16
add_user,2471392,2343683033892540,16
get_timeline,451569,2343683034383169,16
get_timeline,462745,2343683034886947,16
get_timeline,412895,2343683035339478,16
get_timeline,374727,2343683035755881,16
follow,1790027,2343683037603546,16
get_timeline,509870,2343683038145655,16
post_tweet,3069718,2343683041252397,16
get_timeline,791394,2343683042099125,16
post_tweet,3222054,2343683045381234,16
follow,2402910,2343683047836014,16
get_timeline,542161,2343683048454175,16
get_timeline,602759,2343683049095126,16
get_timeline,611906,2343683049743081,16
post_tweet,2942733,2343683052729302,16
post_tweet,3114954,2343683055876620,16
post_tweet,2773117,2343683058686653,16
follow,1917802,2343683060640980,16
get_timeline,549892,2343683061227922,16
post_tweet,3201351,2343683064472519,16
get_timeline,422261,2343683064932057,16
get_timeline,414971,2343683065386255,16
get_timeline,477031,2343683065906437,16
follow,2304162,2343683068252264,16
follow,3141335,2343683071427555,16
post_tweet,3343739,2343683074805602,16
post_tweet,2615088,2343683077466964,16
get_timeline,527932,2343683078029987,16
post_tweet,2764994,2343683080840428,16
get_timeline,699722,2343683081603576,16
get_timeline,609388,2343683082265346,16
get_timeline,762685,2343683083077286,16
post_tweet,3878761,2343683087005406,16
get_timeline,587521,2343683087640438,16
get_timeline,539004,2343683088228480,16
post_tweet,3847652,2343683092126710,16
get_timeline,586525,2343683092756916,16
add_user,2304931,2343683095098448,16
add_user,2397081,2343683097546462,16
get_timeline,725190,2343683098305065,16
post_tweet,3154731,2343683101498372,16
get_timeline,844814,2343683102399898,16
get_timeline,669367,2343683103107915,16
get_timeline,616484,2343683103762706,16
follow,1901657,2343683105700531,16
follow,1922344,2343683107657007,16
follow,2406414,2343683110095369,16
get_timeline,433324,2343683110564221,16
post_tweet,2402946,2343683113007377,16
get_timeline,657224,2343683113701681,16
get_timeline,515993,2343683114265323,16
post_tweet,2183067,2343683116489266,16
get_timeline,317238,2343683116839522,16
post_tweet,3099842,2343683119979147,16
post_tweet,3208292,2343683123245675,16
post_tweet,2876398,2343683126190363,16
get_timeline,438436,2343683126691370,16
post_tweet,2348153,2343683129086331,16
get_timeline,516200,2343683129641565,16
get_timeline,372254,2343683130053605,16
follow,2413792,2343683132508309,16
post_tweet,3155082,2343683135702108,16
post_tweet,3744059,2343683139483117,16
follow,2519026,2343683142046796,16
post_tweet,2495784,2343683144587188,16
get_timeline,486409,2343683145120307,16
get_timeline,674933,2343683145852910,16
get_timeline,461171,2343683146361074,16
post_tweet,2957404,2343683149367624,16
get_timeline,593900,2343683150005563,16
add_user,2389737,2343683152443420,16
get_timeline,340127,2343683152815983,16
add_user,3241927,2343683156094290,16
post_tweet,2658908,2343683158795971,16
get_timeline,470754,2343683159297935,16
follow,1680421,2343683161014714,16
get_timeline,422648,2343683161470195,16
get_timeline,728052,2343683162236276,16
post_tweet,2934288,2343683165218001,16
get_timeline,878297,2343683166150980,16
get_timeline,582377,2343683166795302,16
get_timeline,722689,2343683167576522,16
get_timeline,890861,2343683168529042,16
follow,2294862,2343683170893823,16
post_tweet,2991035,2343683173936579,16
post_tweet,3184404,2343683177175635,16
post_tweet,2714790,2343683179920197,16
get_timeline,901619,2343683180896496,16
post_tweet,2734138,2343683183666072,16
add_user,3181516,2343683186874843,16
get_timeline,461816,2343683187364420,16
get_timeline,698649,2343683188106876,16
follow,2830762,2343683190984661,16
follow,2613441,2343683193647781,16
post_tweet,2649428,2343683196338763,16
post_tweet,2328546,2343683198715859,16
get_timeline,636377,2343683199391638,16
get_timeline,600891,2343683200037613,16
get_timeline,645276,2343683200734657,16
add_user,3005980,2343683203783156,16
add_user,1860472,2343683205705311,16
get_timeline,486942,2343683206240097,16
get_timeline,459323,2343683206741943,16
get_timeline,858270,2343683207644243,16
post_tweet,3198300,2343683210889896,16
get_timeline,712375,2343683211640038,16
get_timeline,790035,2343683212472466,16
get_timeline,518951,2343683213033016,16
get_timeline,422922,2343683213494849,16
follow,2554874,2343683216087352,16
post_tweet,2544619,2343683218668125,16
post_tweet,2764486,2343683221466639,16
get_timeline,484405,2343683221986569,16
get_timeline,358956,2343683222386601,16
post_tweet,2494861,2343683224924192,16
get_timeline,539036,2343683225502219,16
follow,1148880,2343683226693050,16
get_timeline,571896,2343683227308188,16
post_tweet,3068156,2343683230419163,16
get_timeline,673546,2343683231147871,16
get_timeline,477613,2343683231667101,16
get_timeline,543212,2343683232253064,16
get_timeline,421288,2343683232718105,16
get_timeline,622280,2343683233389164,16
get_timeline,416130,2343683233846360,16
get_timeline,291342,2343683234177957,16
follow,2481225,2343683236700425,16
post_tweet,3124396,2343683239863216,16
get_timeline,630266,2343683240522798,16
post_tweet,2393620,2343683242953232,16
follow,2557048,2343683245559601,16
get_timeline,469985,2343683246080269,16
post_tweet,3026282,2343683249141746,16
get_timeline,592922,2343683249763916,16
get_timeline,324697,2343683250122018,16
get_timeline,465417,2343683250620559,16
post_tweet,2817096,2343683253483040,16
follow,2623671,2343683256171410,16
post_tweet,2613106,2343683258853895,16
get_timeline,365218,2343683259255758,16
get_timeline,407736,2343683259708477,16
get_timeline,368127,2343683260121365,16
get_timeline,424757,2343683260592462,16
get_timeline,358123,2343683260995391,16
post_tweet,2441786,2343683263476729,16
add_user,1944548,2343683265454498,16
get_timeline,505109,2343683266001153,16
get_timeline,375361,2343683266424743,16
post_tweet,3171390,2343683269636513,16
follow,1989558,2343683271661191,16
post_tweet,3269445,2343683274965091,16
add_user,2359739,2343683277378822,16
get_timeline,502701,2343683277919018,16
follow,2886384,2343683280846260,16
get_timeline,617649,2343683281509919,16
get_timeline,508448,2343683282059998,16
get_timeline,346624,2343683282448393,16
follow,2378937,2343683284868195,16
post_tweet,2997744,2343683287903862,16
get_timeline,723303,2343683288679056,16
get_timeline,586670,2343683289310344,16
post_tweet,2897853,2343683292250607,16
get_timeline,699425,2343683293005321,16
get_timeline,590306,2343683293656949,16
follow,3103241,2343683296817374,16
post_tweet,3662680,2343683300534812,16
get_timeline,644436,2343683301254679,16
post_tweet,3050920,2343683304344269,16
post_tweet,3199572,2343683307599220,16
post_tweet,2706802,2343683310358533,16
post_tweet,3433765,2343683313831657,16
get_timeline,319871,2343683314183158,16
post_tweet,2861298,2343683317082913,16
get_timeline,700813,2343683317827259,16
get_timeline,631403,2343683318508715,16
follow,2580798,2343683321137690,16
add_user,3145737,2343683324352433,16
follow,2597519,2343683327001271,16
follow,1818922,2343683328854693,16
post_tweet,3292809,2343683332186126,16
get_timeline,972035,2343683333197387,16
get_timeline,688184,2343683333926988,16
get_timeline,601519,2343683334599003,16
get_timeline,580084,2343683335220076,16
follow,3871894,2343683339158713,16
post_tweet,3471625,2343683342672263,16
post_tweet,2949469,2343683345689449,16
get_timeline,964545,2343683346695640,16
post_tweet,2622419,2343683349368786,16
get_timeline,638003,2343683350053149,16
get_timeline,556533,2343683350660239,16
post_tweet,2899930,2343683353611320,16
add_user,3465514,2343683357127909,16
get_timeline,634623,2343683357825018,16
add_user,2044639,2343683359940914,16
get_timeline,694782,2343683360670511,16
follow,2746359,2343683363458114,16
follow,2467986,2343683365971452,16
follow,2165290,2343683368170532,16
get_timeline,427743,2343683368648961,16
follow,2933623,2343683371632432,16
get_timeline,506320,2343683372180481,16
get_timeline,669524,2343683372903009,16
follow,3125378,2343683376077624,16
get_timeline,564402,2343683376730855,16
get_timeline,310115,2343683377088488,16
post_tweet,3093949,2343683380232295,16
get_timeline,496372,2343683380763002,16
get_timeline,397276,2343683381197249,16
get_timeline,629826,2343683381863061,16
get_timeline,625515,2343683382526208,16
post_tweet,2401800,2343683384973035,16
get_timeline,801977,2343683385808856,16
follow,2369604,2343683388217048,16
post_tweet,3193495,2343683391444514,16
get_timeline,697669,2343683392174506,16
get_timeline,699790,2343683392921632,16
post_tweet,2778418,2343683395742535,16
get_timeline,608248,2343683396388879,16
get_timeline,501826,2343683396934824,16
post_tweet,2662538,2343683399650061,16
get_timeline,547291,2343683400248967,16
post_tweet,2636454,2343683402937693,16
follow,2589465,2343683405561454,16
post_tweet,2927355,2343683408520598,16
get_timeline,494254,2343683409057895,16
post_tweet,3188663,2343683412282569,16
post_tweet,2866871,2343683415181297,16
post_tweet,3033677,2343683418246041,16
get_timeline,666163,2343683418967713,16
post_tweet,2290148,2343683421319201,16
get_timeline,554801,2343683421917858,16
follow,2463412,2343683424429887,16
post_tweet,3988152,2343683428480697,16
get_timeline,410408,2343683428930942,16
get_timeline,566530,2343683429541682,16
get_timeline,541223,2343683430128757,16
post_tweet,3722039,2343683433898973,16
post_tweet,2203521,2343683436157311,16
post_tweet,3070839,2343683439290295,16
post_tweet,2561802,2343683441909696,16
post_tweet,3217497,2343683445228467,16
get_timeline,545539,2343683445812297,16
post_tweet,3010525,2343683448869221,16
post_tweet,2822653,2343683451732812,16
get_timeline,530961,2343683452310013,16
post_tweet,3216148,2343683455602650,16
get_timeline,522327,2343683456183637,16
get_timeline,625123,2343683456858151,16
post_tweet,3669438,2343683460575731,16
follow,1925959,2343683462555245,16
follow,2458186,2343683465050926,16
post_tweet,3443229,2343683468535755,16
post_tweet,2749476,2343683471343097,16
get_timeline,760737,2343683472151441,16
get_timeline,574891,2343683472783233,16
get_timeline,684611,2343683473523859,16
post_tweet,2213859,2343683475793168,16
get_timeline,694298,2343683476533726,16
post_tweet,2656570,2343683479249246,16
post_tweet,3098142,2343683482394861,16
get_timeline,400643,2343683482847611,16
post_tweet,3123557,2343683486004574,16
post_tweet,1857621,2343683487891555,16
get_timeline,577138,2343683488519324,16
post_tweet,3082768,2343683491635807,16
follow,3088016,2343683494751029,16
get_timeline,628825,2343683495421562,16
get_timeline,650476,2343683496126274,16
follow,1964232,2343683498136956,16
get_timeline,709585,2343683498898751,16
get_timeline,583820,2343683499528275,16
add_user,3199786,2343683502773270,16
get_timeline,558847,2343683503374113,16
get_timeline,666921,2343683504088826,16
get_timeline,545546,2343683504682569,16
add_user,2493658,2343683507213943,16
post_tweet,2392754,2343683509639756,16
get_timeline,554738,2343683510229723,16
post_tweet,2914221,2343683513182131,16
get_timeline,437259,2343683513653620,16
get_timeline,569635,2343683514261343,16
add_user,2535459,2343683516834167,16
get_timeline,517921,2343683517416646,16
follow,1620241,2343683519082007,16
get_timeline,387583,2343683519502784,16
follow,1292964,2343683520833606,16
get_timeline,486533,2343683521356156,16
post_tweet,2279652,2343683523676066,16
post_tweet,1983974,2343683525712341,16
get_timeline,799084,2343683526548015,16
get_timeline,498442,2343683527086485,16
get_timeline,398697,2343683527538534,16
follow,1512051,2343683529086351,16
get_timeline,407251,2343683529526692,16
post_tweet,2188480,2343683531752281,16
get_timeline,544366,2343683532329303,16
get_timeline,512354,2343683532881502,16
post_tweet,2881300,2343683535801071,16
get_timeline,531308,2343683536366263,16
get_timeline,728373,2343683537135147,16
get_timeline,511567,2343683537685422,16
post_tweet,2519837,2343683540254258,16
post_tweet,3135624,2343683543422091,16
get_timeline,787390,2343683544263687,16
get_timeline,787791,2343683545116810,16
follow,2716575,2343683547891350,16
follow,2591830,2343683550532741,16
follow,2355279,2343683552940522,16
get_timeline,276441,2343683553248191,16
post_tweet,3058733,2343683556345552,16
follow,2170577,2343683558548927,16
get_timeline,327055,2343683558923660,16
post_tweet,3228080,2343683562190912,16
get_timeline,544080,2343683562768294,16
get_timeline,555335,2343683563369696,16
get_timeline,654105,2343683564070172,16
get_timeline,430192,2343683564547022,16
get_timeline,399244,2343683564988895,16
follow,2262352,2343683567295299,16
get_timeline,779596,2343683568148516,16
get_timeline,376488,2343683568570842,16
get_timeline,649887,2343683569275939,16
post_tweet,3379191,2343683572699951,16
get_timeline,548228,2343683573290048,16
follow,1291722,2343683574613925,16
follow,2264443,2343683576904980,16
post_tweet,2576294,2343683579510329,16
get_timeline,483691,2343683580039783,16
post_tweet,3062347,2343683583139388,16
follow,2705046,2343683585870877,16
follow,2628281,2343683588532729,16
follow,1551071,2343683590117141,16
get_timeline,479264,2343683590627475,16
post_tweet,2344744,2343683593013130,16
follow,2441058,2343683595488246,16
post_tweet,2164008,2343683597686620,16
post_tweet,2347909,2343683600089141,16
post_tweet,3403882,2343683603538533,16
get_timeline,809781,2343683604398718,16
post_tweet,3399552,2343683607851963,16
post_tweet,3154491,2343683611048695,16
post_tweet,2585448,2343683613672596,16
follow,2475218,2343683616184256,16
post_tweet,3277069,2343683619499625,16
get_timeline,587187,2343683620123610,16
post_tweet,2892077,2343683623070279,16
get_timeline,386352,2343683623498553,16
post_tweet,2640457,2343683626188413,16
get_timeline,594088,2343683626827330,16
follow,2604957,2343683629480071,16
post_tweet,3156722,2343683632694116,16
get_timeline,533515,2343683633285402,16
get_timeline,753885,2343683634090013,16
add_user,3104893,2343683637245022,16
get_timeline,532419,2343683637819935,16
post_tweet,2406221,2343683640270856,16
post_tweet,3075219,2343683643383909,16
post_tweet,3015219,2343683646434351,16
get_timeline,654215,2343683647163840,16
get_timeline,629460,2343683647856036,16
add_user,2517830,2343683650416159,16
post_tweet,2713215,2343683653169459,16
get_timeline,615093,2343683653825467,16
post_tweet,3084894,2343683656953750,16
post_tweet,2276017,2343683659298595,16
post_tweet,3303244,2343683662658669,16
get_timeline,700262,2343683663397694,16
get_timeline,362815,2343683663800964,16
get_timeline,575273,2343683664419362,16
post_tweet,2117382,2343683666581336,16
follow,2505633,2343683669137793,16
post_tweet,4167151,2343683673376280,16
follow,2522773,2343683675951736,16
get_timeline,579039,2343683676563210,16
follow,2216790,2343683678821660,16
get_timeline,496245,2343683679352164,16
follow,2377301,2343683681768221,16
post_tweet,3240211,2343683685063937,16
get_timeline,617369,2343683685734519,16
get_timeline,437653,2343683686212517,16
get_timeline,497023,2343683686758630,16
follow,2444132,2343683689250052,16
get_timeline,476310,2343683689779177,16
get_timeline,696932,2343683690525287,16
follow,2365839,2343683692940778,16
post_tweet,3052280,2343683696047688,16
get_timeline,701236,2343683696809548,16
follow,2702985,2343683699582776,16
get_timeline,852484,2343683700499569,16
get_timeline,310303,2343683700846583,16
get_timeline,486015,2343683701367963,16
get_timeline,439514,2343683701843920,16
post_tweet,2746610,2343683704626206,16
add_user,2366467,2343683707024643,16
get_timeline,838950,2343683707893588,16
get_timeline,470226,2343683708401160,16
get_timeline,459962,2343683708898038,16
get_timeline,545200,2343683709478822,16
get_timeline,532866,2343683710060537,16
get_timeline,403633,2343683710498904,16
get_timeline,425154,2343683710959407,16
post_tweet,2681744,2343683713676551,16
post_tweet,3301528,2343683717015653,16
post_tweet,3662195,2343683720709666,16
get_timeline,558147,2343683721300981,16
get_timeline,555411,2343683721902092,16
get_timeline,568305,2343683722528027,16
get_timeline,516079,2343683723117510,16
post_tweet,2613892,2343683725777957,16
get_timeline,375565,2343683726191110,16
get_timeline,428924,2343683726673167,16
get_timeline,566659,2343683727284060,16
follow,1965448,2343683729292861,16
get_timeline,462066,2343683729821270,16
add_user,3470720,2343683733338644,16
get_timeline,366201,2343683733744285,16
add_user,2627713,2343683736417459,16
post_tweet,2742644,2343683739214454,16
post_tweet,2591769,2343683741835831,16
get_timeline,363644,2343683742253015,16
add_user,1830877,2343683744124544,16
follow,1800631,2343683745953925,16
get_timeline,336704,2343683746318457,16
follow,2257849,2343683748617807,16
get_timeline,449540,2343683749098535,16
get_timeline,436106,2343683749568000,16
post_tweet,2729160,2343683752343057,16
post_tweet,2531339,2343683754915840,16
post_tweet,3837277,2343683758793600,16
follow,2504303,2343683761336927,16
get_timeline,711324,2343683762087282,16
post_tweet,2838981,2343683764968419,16
get_timeline,586337,2343683765593002,16
post_tweet,3383757,2343683769027918,16
get_timeline,464450,2343683769541760,16
get_timeline,538071,2343683770123590,16
get_timeline,540846,2343683770705178,16
post_tweet,3779275,2343683774527243,16
post_tweet,2732294,2343683777301400,16
get_timeline,356175,2343683777700249,16
post_tweet,2452750,2343683780192089,16
get_timeline,962215,2343683781191039,16
get_timeline,470465,2343683781702430,16
get_timeline,918799,2343683782660456,16
get_timeline,523199,2343683783227876,16
get_timeline,686071,2343683783957719,16
get_timeline,388746,2343683784407322,16
get_timeline,822449,2343683785277201,16
post_tweet,3686506,2343683789009772,16
post_tweet,2622866,2343683791697445,16
add_user,2716264,2343683794465285,16
follow,1739910,2343683796235703,16
post_tweet,2109902,2343683798377364,16
follow,2647537,2343683801057948,16
follow,2605657,2343683803714787,16
get_timeline,398509,2343683804143471,16
post_tweet,2221997,2343683806403306,16
post_tweet,2324106,2343683808767030,16
get_timeline,424815,2343683809232413,16
get_timeline,484111,2343683809762007,16
get_timeline,439605,2343683810250742,16
post_tweet,3085244,2343683813381227,16
get_timeline,640613,2343683814064951,16
get_timeline,708943,2343683814821077,16
get_timeline,511217,2343683815377493,16
get_timeline,432098,2343683815854816,16
follow,1660978,2343683817550287,16
get_timeline,422028,2343683818003353,16
add_user,2371727,2343683820410693,16
get_timeline,354744,2343683820804228,16
post_tweet,2439683,2343683823278874,16
follow,1538268,2343683824846933,16
get_timeline,544030,2343683825423051,16
post_tweet,2472722,2343683827932040,16
follow,1877671,2343683829858924,16
post_tweet,2710012,2343683832619574,16
post_tweet,3460935,2343683836167472,16
get_timeline,771245,2343683837001513,16
post_tweet,3310632,2343683840363400,16
get_timeline,442726,2343683840858233,16
follow,1762772,2343683842670825,16
get_timeline,593551,2343683843307368,16
post_tweet,2590885,2343683845947901,16
follow,1249428,2343683847240235,16
follow,2367211,2343683849636534,16
post_tweet,4208791,2343683853885205,16
get_timeline,533328,2343683854473115,16
get_timeline,480092,2343683854990190,16
post_tweet,2059039,2343683857085373,16
follow,1266474,2343683858383149,16
follow,1143643,2343683859555604,16
get_timeline,603704,2343683860189696,16
get_timeline,717238,2343683861008349,16
get_timeline,608872,2343683861660837,16
add_user,2422007,2343683864124852,16
get_timeline,535806,2343683864696819,16
get_timeline,580346,2343683865319854,16
get_timeline,482699,2343683865842809,16
post_tweet,2986102,2343683868871187,16
add_user,2413126,2343683871322655,16
get_timeline,621102,2343683871982282,16
get_timeline,527862,2343683872563742,16
get_timeline,474098,2343683873076968,16
get_timeline,524350,2343683873639241,16
get_timeline,514747,2343683874191949,16
post_tweet,2270561,2343683876500401,16
follow,2799041,2343683879339693,16
post_tweet,2396058,2343683881788031,16
get_timeline,490871,2343683882313676,16
post_tweet,2587417,2343683884939016,16
get_timeline,490370,2343683885463746,16
post_tweet,2912359,2343683888414154,16
get_timeline,688525,2343683889158775,16
follow,1583846,2343683890791540,16
follow,1951819,2343683892792864,16
get_timeline,493927,2343683893323023,16
post_tweet,2122643,2343683895486156,16
get_timeline,699899,2343683896221230,16
follow,2449437,2343683898711201,16
get_timeline,408687,2343683899180822,16
post_tweet,2569106,2343683901790577,16
get_timeline,605349,2343683902447816,16
get_timeline,475950,2343683902969639,16
get_timeline,467961,2343683903477137,16
follow,2503449,2343683906018799,16
post_tweet,2775040,2343683908829257,16
get_timeline,599385,2343683909474388,16
get_timeline,487811,2343683910002487,16
post_tweet,2811568,2343683912854218,16
get_timeline,810289,2343683913707218,16
get_timeline,574499,2343683914321917,16
get_timeline,475672,2343683914838413,16
get_timeline,280433,2343683915155846,16
add_user,2338547,2343683917534481,16
get_timeline,483514,2343683918050799,16
follow,2669488,2343683920775769,16
follow,2715062,2343683923542707,16
post_tweet,2965882,2343683926560770,16
get_timeline,660457,2343683927278676,16
get_timeline,245184,2343683927557488,16
post_tweet,2484670,2343683930083033,16
get_timeline,419011,2343683930534535,16
post_tweet,2850748,2343683933421764,16
get_timeline,638062,2343683934113477,16
post_tweet,2838369,2343683937004157,16
add_user,2058857,2343683939116794,16
post_tweet,2574497,2343683941726957,16
add_user,3086621,2343683944851537,16
get_timeline,472020,2343683945362848,16
follow,1602844,2343683947010732,16
post_tweet,2826532,2343683949876596,16
post_tweet,2944024,2343683952878414,16
get_timeline,700500,2343683953655633,16
add_user,2523010,2343683956223437,16
get_timeline,586797,2343683956852005,16
get_timeline,723194,2343683957622377,16
post_tweet,4200610,2343683961869587,16
get_timeline,990104,2343683962914721,16
get_timeline,818049,2343683963773039,16
post_tweet,3370467,2343683967184457,16
get_timeline,495607,2343683967731627,16
post_tweet,3530907,2343683971303902,16
follow,2676657,2343683974015165,16
get_timeline,658659,2343683974725496,16
follow,1705956,2343683976478841,16
get_timeline,429864,2343683976959641,16
get_timeline,750766,2343683977761305,16
follow,2140308,2343683979949485,16
get_timeline,718017,2343683980712054,16
post_tweet,2800961,2343683983575665,16
get_timeline,466823,2343683984091133,16
get_timeline,595138,2343683984739215,16
follow,2634512,2343683987421307,16
post_tweet,2693707,2343683990153431,16
post_tweet,2901168,2343683993086574,16
follow,2749304,2343683995877027,16
get_timeline,514657,2343683996421516,16
get_timeline,381479,2343683996839289,16
get_timeline,511650,2343683997407497,16
get_timeline,475275,2343683997928525,16
follow,1349979,2343683999321906,16
get_timeline,595067,2343683999954239,16
get_timeline,710693,2343684000710558,16
follow,2276460,2343684003033529,16
get_timeline,598171,2343684003716114,16
follow,2430896,2343684006191594,16
get_timeline,670298,2343684006904033,16
follow,2320672,2343684009268248,16
follow,1721618,2343684011017564,16
get_timeline,421881,2343684011466316,16
follow,2275008,2343684013772597,16
post_tweet,2747553,2343684016548259,16
get_timeline,547469,2343684017124740,16
post_tweet,3201276,2343684020359561,16
post_tweet,2581489,2343684022990094,16
get_timeline,645174,2343684023678178,16
get_timeline,396524,2343684024115752,16
get_timeline,471923,2343684024630351,16
get_timeline,703764,2343684025377207,16
post_tweet,2479723,2343684027899238,16
post_tweet,2661392,2343684030596951,16
get_timeline,495842,2343684031129088,16
get_timeline,866787,2343684032057853,16
follow,1250005,2343684033347376,16
get_timeline,521505,2343684033907796,16
post_tweet,2579118,2343684036524148,16
post_tweet,2778112,2343684039336046,16
get_timeline,556129,2343684039932336,16
get_timeline,687069,2343684040657162,16
follow,2278392,2343684042982258,16
get_timeline,617344,2343684043650515,16
follow,1868769,2343684045577115,16
get_timeline,728698,2343684046360746,16
post_tweet,3283882,2343684049705200,16
get_timeline,911239,2343684050686727,16
get_timeline,495750,2343684051240172,16
post_tweet,2680485,2343684053980896,16
get_timeline,356507,2343684054366825,16
get_timeline,455821,2343684054859144,16
get_timeline,358636,2343684055259086,16
get_timeline,454350,2343684055746129,16
post_tweet,2821347,2343684058600357,16
post_tweet,3911283,2343684062541375,16
post_tweet,2532985,2343684065103977,16
get_timeline,581830,2343684065722193,16
get_timeline,588612,2343684066391532,16
post_tweet,2643317,2343684069082477,16
post_tweet,3484232,2343684072603286,16
get_timeline,454494,2343684073092133,16
follow,2249649,2343684075386427,16
get_timeline,669737,2343684076141823,16
get_timeline,315269,2343684076504959,16
get_timeline,721904,2343684077280877,16
get_timeline,658163,2343684077986080,16
get_timeline,537395,2343684078606343,16
follow,1341482,2343684079992225,16
post_tweet,3531660,2343684083576759,16
get_timeline,620314,2343684084239868,16
get_timeline,484828,2343684084772064,16
get_timeline,445485,2343684085250629,16
get_timeline,733802,2343684086018436,16
get_timeline,567577,2343684086621381,16
get_timeline,615163,2343684087271458,16
get_timeline,648661,2343684087954668,16
get_timeline,464731,2343684088452889,16
get_timeline,781350,2343684089269672,16
get_timeline,271986,2343684089573813,16
follow,2167193,2343684091773918,16
get_timeline,423920,2343684092223844,16
follow,1939986,2343684094206599,16
get_timeline,414178,2343684094668160,16
get_timeline,488193,2343684095191299,16
post_tweet,2268667,2343684097494216,16
get_timeline,411650,2343684097936343,16
post_tweet,3451714,2343684101426574,16
get_timeline,429574,2343684101896680,16
post_tweet,2529765,2343684104462404,16
add_user,3018096,2343684107512344,16
post_tweet,3217801,2343684110761378,16
get_timeline,830845,2343684111648696,16
post_tweet,2531790,2343684114226801,16
post_tweet,2261205,2343684116528906,16
get_timeline,501466,2343684117070465,16
get_timeline,547440,2343684117663884,16
get_timeline,536819,2343684118245969,16
post_tweet,3749287,2343684122040873,16
add_user,2587221,2343684124694844,16
get_timeline,336421,2343684125068447,16
get_timeline,346284,2343684125453203,16
get_timeline,424322,2343684125915689,16
get_timeline,527026,2343684126482642,16
get_timeline,455637,2343684126978107,16
get_timeline,735501,2343684127752888,16
post_tweet,2175335,2343684129969169,16
get_timeline,582972,2343684130589063,16
get_timeline,451968,2343684131079856,16
follow,1864236,2343684132982644,16
post_tweet,3413002,2343684136431096,16
get_timeline,619708,2343684137086715,16
post_tweet,2917421,2343684140051268,16
get_timeline,607939,2343684140694658,16
post_tweet,2138892,2343684142871741,16
get_timeline,591303,2343684143503709,16
post_tweet,2608109,2343684146150610,16
post_tweet,2739683,2343684148925046,16
get_timeline,383819,2343684149341361,16
follow,3491451,2343684152869816,16
post_tweet,3227291,2343684156151879,16
post_tweet,3471650,2343684159667308,16
get_timeline,517794,2343684160225536,16
post_tweet,2915442,2343684163185530,16
follow,2924386,2343684166158737,16
post_tweet,3016629,2343684169220493,16
get_timeline,360210,2343684169631912,16
follow,2590813,2343684172281316,16
get_timeline,579110,2343684172946310,16
add_user,3086075,2343684176074349,16
follow,1526809,2343684177637784,16
post_tweet,2445701,2343684180136328,16
get_timeline,490276,2343684180662166,16
get_timeline,340199,2343684181060231,16
follow,2359050,2343684183460411,16
get_timeline,592738,2343684184089493,16
get_timeline,614278,2343684184749781,16
get_timeline,293900,2343684185082782,16
get_timeline,397177,2343684185525179,16
post_tweet,3384155,2343684188948690,16
add_user,3446196,2343684192430633,16
post_tweet,2857688,2343684195341020,16
get_timeline,538988,2343684195916669,16
get_timeline,290643,2343684196247181,16
get_timeline,585401,2343684196875102,16
follow,2525870,2343684199441291,16
get_timeline,587480,2343684200063889,16
get_timeline,717709,2343684200822958,16
post_tweet,4183925,2343684205064262,16
follow,2929509,2343684208060952,16
follow,2396843,2343684210499129,16
get_timeline,671081,2343684211210608,16
post_tweet,3916439,2343684215175364,16
follow,3229225,2343684218458317,16
post_tweet,2616166,2343684221116755,16
post_tweet,2256364,2343684223414932,16
get_timeline,527485,2343684223992052,16
get_timeline,329623,2343684224398563,16
get_timeline,616190,2343684225062284,16
get_timeline,312079,2343684225420186,16
get_timeline,786573,2343684226286312,16
get_timeline,836429,2343684227183551,16
follow,2353749,2343684229583973,16
follow,2845565,2343684232479472,16
post_tweet,2275140,2343684234799701,16
post_tweet,1853189,2343684236695294,16
get_timeline,431423,2343684237157213,16
follow,3056017,2343684240252453,16
post_tweet,3002477,2343684243319631,16
post_tweet,3113493,2343684246462237,16
post_tweet,3476277,2343684249969109,16
post_tweet,2826348,2343684252837613,16
follow,2600059,2343684255484344,16
get_timeline,768121,2343684256303437,16
follow,2571846,2343684258922292,16
get_timeline,360054,2343684259332609,16
get_timeline,289545,2343684259665214,16
get_timeline,564883,2343684260276202,16
get_timeline,446235,2343684260771917,16
get_timeline,539375,2343684261359925,16
follow,3345156,2343684264753505,16
get_timeline,590731,2343684265391871,16
get_timeline,556292,2343684266009755,16
post_tweet,3451802,2343684269510507,16
get_timeline,569969,2343684270135299,16
post_tweet,2807502,2343684272993326,16
post_tweet,3153947,2343684276181793,16
follow,1187426,2343684277425584,16
get_timeline,512760,2343684277970700,16
post_tweet,2695968,2343684280706934,16
post_tweet,1968492,2343684282725229,16
get_timeline,591248,2343684283358736,16
get_timeline,587270,2343684283992778,16
get_timeline,516363,2343684284588077,16
get_timeline,598051,2343684285240062,16
get_timeline,321734,2343684285606480,16
follow,2315315,2343684287965777,16
get_timeline,418736,2343684288443123,16
get_timeline,558989,2343684289053857,16
follow,2145225,2343684291242312,16
follow,2114618,2343684293406536,16
post_tweet,2663563,2343684296124693,16
follow,1768832,2343684297919307,16
follow,1559237,2343684299503529,16
add_user,2470366,2343684302024846,16
get_timeline,584090,2343684302635531,16
post_tweet,2322971,2343684304988994,16
get_timeline,347379,2343684305362520,16
post_tweet,2144378,2343684307537481,16
post_tweet,3049181,2343684310638661,16
get_timeline,495287,2343684311170044,16
post_tweet,2320900,2343684313531639,16
get_timeline,665672,2343684314237198,16
get_timeline,513335,2343684314825856,16
post_tweet,2129825,2343684316995559,16
post_tweet,2616669,2343684319649692,16
post_tweet,2369394,2343684322071595,16
follow,2219245,2343684324327398,16
post_tweet,1783151,2343684326149183,16
add_user,3721096,2343684329920988,16
get_timeline,702272,2343684330678101,16
get_timeline,706493,2343684331429538,16
post_tweet,2984122,2343684334463376,16
get_timeline,911424,2343684335429628,16
get_timeline,691940,2343684336171958,16
get_timeline,861660,2343684337086340,16
get_timeline,675089,2343684337809450,16
follow,2660517,2343684340518148,16
follow,1997015,2343684342558036,16
post_tweet,3939690,2343684346550558,16
add_user,2639030,2343684349220181,16
get_timeline,644923,2343684349920491,16
add_user,3194148,2343684353149233,16
post_tweet,2204237,2343684355384131,16
post_tweet,3614681,2343684359063146,16
post_tweet,2346840,2343684361440286,16
get_timeline,425766,2343684361915459,16
post_tweet,2962880,2343684364924959,16
get_timeline,683959,2343684365665252,16
get_timeline,427938,2343684366138130,16
get_timeline,721914,2343684366936732,16
post_tweet,2658649,2343684369641390,16
follow,2131565,2343684371812454,16
post_tweet,2934085,2343684374779062,16
add_user,2289924,2343684377123335,16
get_timeline,450743,2343684377607175,16
post_tweet,3019837,2343684380665086,16
get_timeline,581901,2343684381282638,16
get_timeline,606852,2343684381929419,16
get_timeline,619412,2343684382595838,16
post_tweet,2683088,2343684385324250,16
post_tweet,2491366,2343684387883722,16
follow,1142670,2343684389064092,16
post_tweet,2179915,2343684391285509,16
get_timeline,470270,2343684391801435,16
post_tweet,2968439,2343684394815820,16
follow,2901176,2343684397749364,16
follow,2259729,2343684400040812,16
follow,1626799,2343684401701813,16
follow,2846599,2343684404579378,16
post_tweet,2321244,2343684406955656,16
get_timeline,606411,2343684407614949,16
add_user,1898494,2343684409562053,16
get_timeline,681103,2343684410301612,16
get_timeline,428041,2343684410777457,16
get_timeline,521038,2343684411353620,16
add_user,2227940,2343684413635465,16
get_timeline,617955,2343684414299595,16
get_timeline,498075,2343684414855708,16
post_tweet,2538448,2343684417430406,16
get_timeline,931190,2343684418418834,16
get_timeline,683482,2343684419164361,16
get_timeline,757646,2343684419987379,16
get_timeline,789249,2343684420861186,16
post_tweet,2368750,2343684423292526,16
get_timeline,795484,2343684424152696,16
get_timeline,712303,2343684424929025,16
post_tweet,2316271,2343684427274521,16
get_timeline,671619,2343684428032186,16
add_user,2506446,2343684430569554,16
get_timeline,662521,2343684431284487,16
get_timeline,409240,2343684431722977,16
get_timeline,608673,2343684432363642,16
get_timeline,354420,2343684432757588,16
get_timeline,459881,2343684433247117,16
follow,2530042,2343684435805393,16
get_timeline,428126,2343684436256859,16
get_timeline,313621,2343684436599298,16
get_timeline,546225,2343684437203599,16
get_timeline,575213,2343684437820436,16
get_timeline,501153,2343684438355361,16
get_timeline,455529,2343684438844102,16
post_tweet,2763324,2343684441650229,16
post_tweet,2923839,2343684444606616,16
get_timeline,675502,2343684445337333,16
follow,2970483,2343684448342689,16
get_timeline,606935,2343684449001446,16
follow,2502741,2343684451542599,16
get_timeline,634466,2343684452212301,16
follow,2253568,2343684454505821,16
post_tweet,2122072,2343684456662295,16
post_tweet,3090602,2343684459789271,16
get_timeline,563515,2343684460386721,16
post_tweet,3712451,2343684464144130,16
add_user,2195361,2343684466394359,16
get_timeline,1005919,2343684467451246,16
post_tweet,2503574,2343684469997815,16
get_timeline,555591,2343684470598130,16
post_tweet,3030419,2343684473673911,16
get_timeline,636378,2343684474346953,16
add_user,2119909,2343684476530679,16
get_timeline,547541,2343684477113030,16
follow,1782597,2343684478934188,16
get_timeline,512268,2343684479482151,16
post_tweet,2559065,2343684482081328,16
get_timeline,433839,2343684482551593,16
post_tweet,2273490,2343684484866043,16
post_tweet,2945198,2343684487848815,16
post_tweet,2437686,2343684490321222,16
get_timeline,533699,2343684490899931,16
follow,2448941,2343684493387805,16
get_timeline,562396,2343684493984742,16
get_timeline,333855,2343684494377333,16
get_timeline,562694,2343684494986731,16
get_timeline,653516,2343684495685475,16
get_timeline,611812,2343684496354230,16
get_timeline,385108,2343684496784185,16
get_timeline,593904,2343684497424211,16
follow,2145307,2343684499619587,16
post_tweet,2728007,2343684502395519,16
post_tweet,3184827,2343684505621617,16
add_user,2553073,2343684508218876,16
post_tweet,3014613,2343684511262779,16
follow,2573118,2343684513887608,16
post_tweet,2403132,2343684516319935,16
get_timeline,495337,2343684516855583,16
get_timeline,601372,2343684517511363,16
post_tweet,2634021,2343684520193066,16
get_timeline,404373,2343684520637673,16
get_timeline,622874,2343684521317322,16
post_tweet,2079939,2343684523443932,16
get_timeline,623369,2343684524107933,16
get_timeline,593521,2343684524750230,16
post_tweet,2356800,2343684527154072,16
get_timeline,534890,2343684527750124,16
get_timeline,486842,2343684528281391,16
get_timeline,790938,2343684529119865,16
post_tweet,3121446,2343684532297317,16
post_tweet,2489311,2343684534814854,16
post_tweet,2869267,2343684537712679,16
get_timeline,692128,2343684538458306,16
post_tweet,2206894,2343684540698641,16
follow,3049311,2343684544049959,16
post_tweet,2556963,2343684546662917,16
get_timeline,662704,2343684547365818,16
post_tweet,3093908,2343684550507201,16
get_timeline,837643,2343684551400605,16
get_timeline,451707,2343684551897469,16
get_timeline,631696,2343684552591322,16
add_user,2566352,2343684555205029,16
get_timeline,421120,2343684555674707,16
get_timeline,484712,2343684556209397,16
get_timeline,535500,2343684556784695,16
get_timeline,547752,2343684557369017,16
post_tweet,2583185,2343684559990105,16
get_timeline,819671,2343684560883003,16
get_timeline,701444,2343684561624503,16
post_tweet,3086327,2343684564749123,16
get_timeline,309329,2343684565107535,16
post_tweet,2465945,2343684567610624,16
post_tweet,2258672,2343684569899232,16
follow,2051098,2343684571982066,16
post_tweet,2244167,2343684574276561,16
add_user,2325602,2343684576633703,16
post_tweet,2164564,2343684578830575,16
post_tweet,2856799,2343684581717862,16
follow,3340658,2343684585097641,16
add_user,2195279,2343684587333370,16
get_timeline,684498,2343684588057034,16
get_timeline,552024,2343684588657660,16
follow,2237966,2343684590940073,16
get_timeline,779577,2343684591763890,16
get_timeline,664593,2343684592479457,16
post_tweet,2318501,2343684594850637,16
post_tweet,3190614,2343684598084924,16
get_timeline,620119,2343684598747766,16
get_timeline,454087,2343684599251404,16
post_tweet,2395783,2343684601704693,16
get_timeline,436489,2343684602183441,16
get_timeline,550893,2343684602784030,16
post_tweet,2110431,2343684604929898,16
get_timeline,440996,2343684605403482,16
post_tweet,2288999,2343684607728290,16
get_timeline,608623,2343684608375941,16
post_tweet,2485530,2343684610898953,16
post_tweet,2532308,2343684613490422,16
get_timeline,589539,2343684614119974,16
get_timeline,464698,2343684614625695,16
get_timeline,641375,2343684615303425,16
post_tweet,2244728,2343684617584240,16
get_timeline,685528,2343684618304924,16
get_timeline,499864,2343684618842452,16
follow,2984013,2343684621862151,16
get_timeline,431426,2343684622325050,16
get_timeline,321081,2343684622685445,16
post_tweet,2438099,2343684625160894,16
get_timeline,401821,2343684625597255,16
post_tweet,2497982,2343684628134220,16
add_user,2403432,2343684630592053,16
post_tweet,2476906,2343684633103320,16
get_timeline,525673,2343684633681379,16
get_timeline,673604,2343684634401965,16
add_user,3144422,2343684637595403,16
get_timeline,719811,2343684638371461,16
get_timeline,609881,2343684639041823,16
get_timeline,538604,2343684639629437,16
follow,2370492,2343684642046962,16
follow,2087188,2343684644175178,16
post_tweet,2631370,2343684646851404,16
post_tweet,2724132,2343684649624836,16
get_timeline,651291,2343684650332811,16
get_timeline,429396,2343684650800095,16
add_user,2652361,2343684653489723,16
follow,3313559,2343684656844601,16
follow,1223984,2343684658126696,16
post_tweet,2659403,2343684660817746,16
post_tweet,3127619,2343684663988549,16
post_tweet,2343686,2343684666390070,16
follow,2303823,2343684668745800,16
add_user,2838214,2343684671638080,16
get_timeline,609064,2343684672297909,16
get_timeline,643235,2343684672985542,16
get_timeline,621558,2343684673650885,16
follow,2877799,2343684676585117,16
post_tweet,2283432,2343684678910707,16
follow,2231530,2343684681176773,16
post_tweet,2166332,2343684683388357,16
get_timeline,419866,2343684683841834,16
follow,1225758,2343684685109098,16
get_timeline,447150,2343684685591015,16
get_timeline,431134,2343684686062699,16
post_tweet,2362856,2343684688467395,16
get_timeline,364317,2343684688866737,16
get_timeline,442622,2343684689349419,16
get_timeline,486913,2343684689876244,16
get_timeline,251956,2343684690165234,16
post_tweet,2659534,2343684692865376,16
get_timeline,537224,2343684693440097,16
get_timeline,448590,2343684693927985,16
follow,2372348,2343684696339202,16
get_timeline,782001,2343684697175925,16
get_timeline,502077,2343684697718699,16
post_tweet,3053278,2343684700806570,16
post_tweet,2339525,2343684703177069,16
get_timeline,486225,2343684703692239,16
get_timeline,540670,2343684704267590,16
get_timeline,369070,2343684704672311,16
post_tweet,3790087,2343684708497177,16
get_timeline,696569,2343684709224512,16
post_tweet,3538946,2343684712797646,16
get_timeline,469870,2343684713298182,16
post_tweet,2694650,2343684716027442,16
get_timeline,663524,2343684716746713,16
get_timeline,567947,2343684717349358,16
post_tweet,3719089,2343684721108981,16
get_timeline,614944,2343684721760594,16
post_tweet,3223884,2343684725025895,16
get_timeline,375281,2343684725470597,16
post_tweet,3196085,2343684728707170,16
get_timeline,621865,2343684729367173,16
post_tweet,2453825,2343684731861058,16
get_timeline,665080,2343684732569071,16
post_tweet,2327330,2343684734944294,16
get_timeline,486323,2343684735486317,16
get_timeline,619754,2343684736151847,16
get_timeline,552003,2343684736750402,16
post_tweet,2929845,2343684739726654,16
follow,2646796,2343684742422112,16
follow,1520591,2343684743973437,16
get_timeline,415328,2343684744435596,16
post_tweet,2304748,2343684746778178,16
get_timeline,574243,2343684747389039,16
follow,1665734,2343684749093403,16
post_tweet,2444529,2343684751571270,16
get_timeline,437738,2343684752038684,16
get_timeline,466685,2343684752546405,16
get_timeline,362836,2343684752944347,16
get_timeline,257463,2343684753235814,16
add_user,2485176,2343684755757127,16
get_timeline,586110,2343684756378011,16
post_tweet,2588093,2343684759008418,16
add_user,3159214,2343684762201323,16
get_timeline,310996,2343684762545636,16
get_timeline,391979,2343684762977488,16
follow,2120808,2343684765135687,16
get_timeline,506023,2343684765682103,16
follow,3461670,2343684769187572,16
get_timeline,842699,2343684770080907,16
follow,2158954,2343684772284809,16
get_timeline,634679,2343684772962169,16
get_timeline,616105,2343684773635152,16
get_timeline,457288,2343684774137610,16
get_timeline,626033,2343684774809059,16
get_timeline,346790,2343684775198825,16
get_timeline,481802,2343684775716985,16
get_timeline,437469,2343684776189932,16
follow,2144963,2343684778371830,16
post_tweet,2380406,2343684780799469,16
get_timeline,574769,2343684781408774,16
post_tweet,2086224,2343684783569783,16
get_timeline,504831,2343684784114028,16
post_tweet,2789636,2343684786943687,16
post_tweet,2730576,2343684789706917,16
get_timeline,586476,2343684790343869,16
get_timeline,744688,2343684791125277,16
get_timeline,753411,2343684791942196,16
get_timeline,564731,2343684792565293,16
post_tweet,2922239,2343684795550008,16
post_tweet,2773009,2343684798374812,16
post_tweet,2678628,2343684801082680,16
get_timeline,310414,2343684801420576,16
get_timeline,412818,2343684801864572,16
get_timeline,510219,2343684802409530,16
follow,2325026,2343684804766036,16
post_tweet,2926174,2343684807721968,16
add_user,2617510,2343684810394150,16
get_timeline,577072,2343684811025965,16
post_tweet,2731356,2343684813790083,16
post_tweet,2931710,2343684816760145,16
post_tweet,2821164,2343684819636197,16
get_timeline,642694,2343684820316553,16
get_timeline,496932,2343684820857734,16
post_tweet,2673794,2343684823573493,16
get_timeline,592972,2343684824218338,16
post_tweet,2638679,2343684826901193,16
follow,1970137,2343684828905952,16
get_timeline,604665,2343684829547286,16
post_tweet,2002484,2343684831593084,16
add_user,4667577,2343684836296999,16
follow,2359268,2343684838698615,16
follow,2197501,2343684840944925,16
get_timeline,741502,2343684841742793,16
get_timeline,635020,2343684842428222,16
get_timeline,1058882,2343684843534968,16
post_tweet,3301607,2343684846888014,16
get_timeline,618814,2343684847569082,16
follow,2261126,2343684849877210,16
get_timeline,546415,2343684850459330,16
get_timeline,718287,2343684851218417,16
get_timeline,673595,2343684851934910,16
get_timeline,545133,2343684852521144,16
get_timeline,442310,2343684853006907,16
get_timeline,454977,2343684853501068,16
get_timeline,424950,2343684853965372,16
post_tweet,2676505,2343684856681625,16
get_timeline,591575,2343684857310557,16
post_tweet,3601490,2343684860953148,16
get_timeline,585759,2343684861567465,16
post_tweet,2885989,2343684864485706,16
post_tweet,2430510,2343684866950452,16
get_timeline,770248,2343684867774245,16
get_timeline,467075,2343684868271646,16
post_tweet,3999595,2343684872304067,16
get_timeline,855489,2343684873213256,16
get_timeline,656944,2343684873916198,16
post_tweet,2316140,2343684876285048,16
get_timeline,667365,2343684877010429,16
post_tweet,2913152,2343684879967857,16
get_timeline,575355,2343684880606582,16
follow,2134925,2343684882784390,16
get_timeline,901173,2343684883721438,16
follow,1222839,2343684884986659,16
post_tweet,3244423,2343684888269217,16
follow,1666919,2343684889987797,16
post_tweet,2915979,2343684892954689,16
post_tweet,2919178,2343684895915064,16
post_tweet,2608745,2343684898607614,16
get_timeline,573179,2343684899223184,16
follow,2312910,2343684901595392,16
get_timeline,333136,2343684901967139,16
get_timeline,288228,2343684902299290,16
post_tweet,2680014,2343684905025690,16
follow,2138962,2343684907198960,16
follow,1680303,2343684908925458,16
follow,2869134,2343684911828227,16
get_timeline,563087,2343684912423775,16
get_timeline,425765,2343684912891058,16
get_timeline,431252,2343684913364660,16
post_tweet,2766383,2343684916175579,16
get_timeline,729510,2343684916961586,16
post_tweet,3100660,2343684920123058,16
get_timeline,801127,2343684920979579,16
follow,2933711,2343684923970900,16
get_timeline,657261,2343684924701838,16
post_tweet,3209595,2343684927976983,16
post_tweet,2444723,2343684930473599,16
follow,1525318,2343684932026450,16
get_timeline,697940,2343684932753789,16
get_timeline,340308,2343684933128159,16
post_tweet,1961249,2343684935122306,16
post_tweet,2412027,2343684937562398,16
post_tweet,2636032,2343684940234887,16
get_timeline,481458,2343684940752031,16
follow,2707765,2343684943498643,16
post_tweet,3059209,2343684946593242,16
post_tweet,2773722,2343684949402594,16
get_timeline,668446,2343684950126824,16
get_timeline,359443,2343684950524397,16
get_timeline,571720,2343684951141071,16
get_timeline,768620,2343684951955007,16
get_timeline,446875,2343684952445465,16
get_timeline,403290,2343684952903726,16
get_timeline,559795,2343684953513931,16
follow,2361864,2343684955918337,16
post_tweet,3972203,2343684959930083,16
post_tweet,3334062,2343684963305443,16
get_timeline,616409,2343684963952145,16
add_user,3681282,2343684967713545,16
get_timeline,537134,2343684968283491,16
post_tweet,3591156,2343684971911941,16
get_timeline,906558,2343684972847000,16
get_timeline,783839,2343684973669284,16
post_tweet,3234252,2343684976940386,16
get_timeline,568502,2343684977549322,16
get_timeline,612850,2343684978210072,16
add_user,2302656,2343684980561074,16
get_timeline,580954,2343684981195154,16
follow,3260331,2343684984500652,16
post_tweet,3336737,2343684987890468,16
get_timeline,607616,2343684988540831,16
get_timeline,528137,2343684989118356,16
post_tweet,2788955,2343684991953796,16
get_timeline,790612,2343684992785866,16
add_user,2942340,2343684995775295,16
add_user,2413495,2343684998240190,16
post_tweet,3740768,2343685002022311,16
get_timeline,400531,2343685002459380,16
get_timeline,590907,2343685003095468,16
follow,1686294,2343685004821964,16
get_timeline,555108,2343685005427149,16
follow,3355766,2343685008823986,16
post_tweet,4241271,2343685013115206,16
get_timeline,748744,2343685013926927,16
get_timeline,657789,2343685014634945,16
get_timeline,583291,2343685015275614,16
get_timeline,685057,2343685016022170,16
post_tweet,2615829,2343685018692090,16
get_timeline,725691,2343685019462184,16
get_timeline,689507,2343685020198500,16
get_timeline,626047,2343685020876324,16
get_timeline,544489,2343685021471775,16
get_timeline,673554,2343685022196516,16
get_timeline,670707,2343685022916719,16
get_timeline,577057,2343685023542513,16
get_timeline,615438,2343685024208136,16
get_timeline,492264,2343685024747615,16
get_timeline,516148,2343685025301572,16
get_timeline,572370,2343685025903735,16
get_timeline,376620,2343685026308104,16
get_timeline,310585,2343685026646426,16
follow,2507702,2343685029182261,16
get_timeline,290004,2343685029516623,16
get_timeline,311763,2343685029856340,16
get_timeline,355234,2343685030240315,16
post_tweet,2538863,2343685032808444,16
post_tweet,2322402,2343685035159240,16
follow,1807967,2343685037012066,16
post_tweet,2242303,2343685039286117,16
get_timeline,577130,2343685039909540,16
get_timeline,314480,2343685040257328,16
post_tweet,2727932,2343685043036324,16
post_tweet,2435190,2343685045523595,16
get_timeline,638758,2343685046231074,16
get_timeline,638182,2343685046930975,16
post_tweet,2447491,2343685049449835,16
follow,1954108,2343685051436760,16
follow,2269634,2343685053755210,16
follow,2621010,2343685056408446,16
get_timeline,632259,2343685057095706,16
get_timeline,558556,2343685057698467,16
get_timeline,583945,2343685058328079,16
get_timeline,718748,2343685059100887,16
post_tweet,3176690,2343685062326652,16
post_tweet,2537202,2343685064919088,16
post_tweet,2945546,2343685067936983,16
get_timeline,680127,2343685068665153,16
follow,1464147,2343685070167685,16
get_timeline,328262,2343685070525865,16
add_user,2748966,2343685073312704,16
post_tweet,3849966,2343685077196821,16
follow,2433465,2343685079691955,16
get_timeline,522941,2343685080247475,16
post_tweet,3364500,2343685083651643,16
post_tweet,5163303,2343685088867523,16
get_timeline,451677,2343685089365117,16
get_timeline,317307,2343685089732585,16
post_tweet,2480443,2343685092260516,16
get_timeline,585140,2343685092888385,16
post_tweet,3132588,2343685096076383,16
post_tweet,2476779,2343685098604217,16
follow,1495108,2343685100152656,16
post_tweet,2869507,2343685103081748,16
follow,2819297,2343685105946660,16
post_tweet,2126716,2343685108107739,16
get_timeline,559619,2343685108720727,16
get_timeline,518706,2343685109278480,16
get_timeline,340609,2343685109655438,16
get_timeline,368438,2343685110060379,16
get_timeline,437364,2343685110535000,16
get_timeline,621558,2343685111220347,16
get_timeline,429177,2343685111687398,16
post_tweet,2996375,2343685114720549,16
get_timeline,508305,2343685115262986,16
get_timeline,760377,2343685116060304,16
post_tweet,3164710,2343685119265242,16
post_tweet,2779129,2343685122076771,16
get_timeline,565971,2343685122677752,16
get_timeline,669192,2343685123385085,16
add_user,2198812,2343685125621855,16
get_timeline,729750,2343685126385274,16
get_timeline,870869,2343685127299882,16
get_timeline,719011,2343685128062175,16
get_timeline,590122,2343685128697853,16
post_tweet,2553270,2343685131293258,16
get_timeline,685989,2343685132025314,16
get_timeline,640212,2343685132711082,16
follow,1157721,2343685133918880,16
get_timeline,463255,2343685134426409,16
post_tweet,2958043,2343685137427188,16
get_timeline,409838,2343685137873542,16
post_tweet,2737696,2343685140654940,16
get_timeline,608428,2343685141328313,16
post_tweet,2878677,2343685144255854,16
follow,3051994,2343685147337503,16
post_tweet,3138963,2343685150506034,16
post_tweet,2523103,2343685153059848,16
get_timeline,626420,2343685153740319,16
follow,2282052,2343685156066524,16
get_timeline,543597,2343685156650471,16
get_timeline,767043,2343685157465037,16
get_timeline,601532,2343685158112532,16
post_tweet,2962392,2343685161120174,16
post_tweet,2777375,2343685163938987,16
get_timeline,402869,2343685164382446,16
post_tweet,2382274,2343685166840432,16
get_timeline,697736,2343685167592024,16
post_tweet,3145566,2343685170845400,16
get_timeline,620426,2343685171520288,16
get_timeline,678066,2343685172258528,16
get_timeline,1076008,2343685173397106,16
get_timeline,768361,2343685174229286,16
follow,2137346,2343685176423589,16
get_timeline,920746,2343685177408715,16
follow,1343480,2343685178823858,16
post_tweet,2411243,2343685181260903,16
get_timeline,549807,2343685181837498,16
get_timeline,544094,2343685182413858,16
get_timeline,307288,2343685182771579,16
follow,2064261,2343685184865846,16
add_user,1970127,2343685186862541,16
post_tweet,2973100,2343685189861369,16
post_tweet,2247810,2343685192143743,16
get_timeline,561438,2343685192761655,16
follow,1995881,2343685194794031,16
get_timeline,611420,2343685195438561,16
post_tweet,2206918,2343685197684347,16
get_timeline,386248,2343685198102521,16
post_tweet,2229729,2343685200370995,16
get_timeline,623819,2343685201051683,16
follow,1783436,2343685202877034,16
get_timeline,517987,2343685203431632,16
get_timeline,484335,2343685203958166,16
get_timeline,501529,2343685204517517,16
follow,1699243,2343685206266626,16
follow,2462770,2343685208764053,16
follow,2867497,2343685211667723,16
post_tweet,3400815,2343685215100683,16
get_timeline,611574,2343685215788433,16
get_timeline,706973,2343685216539365,16
get_timeline,520799,2343685217099711,16
post_tweet,2990230,2343685220126940,16
post_tweet,2684175,2343685222868208,16
post_tweet,2952368,2343685225867373,16
follow,2356686,2343685228270968,16
get_timeline,588272,2343685228901591,16
add_user,2432719,2343685231379604,16
get_timeline,554507,2343685231982171,16
get_timeline,543173,2343685232603496,16
get_timeline,357637,2343685233005364,16
post_tweet,2814779,2343685235880471,16
get_timeline,850364,2343685236779767,16
get_timeline,761838,2343685237590202,16
post_tweet,2656634,2343685240292995,16
get_timeline,955280,2343685241291463,16
post_tweet,2741030,2343685244079467,16
get_timeline,568562,2343685244678432,16
get_timeline,300026,2343685245011373,16
get_timeline,669365,2343685245716138,16
post_tweet,2614461,2343685248365198,16
post_tweet,3061779,2343685251476376,16
add_user,3646395,2343685255168691,16
post_tweet,2130178,2343685257329448,16
get_timeline,504690,2343685257872526,16
get_timeline,284258,2343685258196548,16
get_timeline,496501,2343685258735544,16
add_user,2299766,2343685261091671,16
post_tweet,3018584,2343685264149286,16
get_timeline,586126,2343685264775419,16
get_timeline,303404,2343685265119411,16
get_timeline,601585,2343685265764951,16
post_tweet,2883265,2343685268691757,16
post_tweet,2439324,2343685271161525,16
follow,1795060,2343685272984693,16
add_user,2118033,2343685275132436,16
get_timeline,333440,2343685275496073,16
get_timeline,406209,2343685275936878,16
get_timeline,284611,2343685276253861,16
get_timeline,498754,2343685276787072,16
post_tweet,2008977,2343685278830292,16
get_timeline,360736,2343685279225262,16
follow,1478395,2343685280744847,16
get_timeline,532678,2343685281314444,16
add_user,2672779,2343685284029922,16
get_timeline,405254,2343685284473288,16
post_tweet,2775936,2343685287326033,16
get_timeline,608418,2343685287971604,16
post_tweet,3080502,2343685291111748,16
get_timeline,738126,2343685291888518,16
get_timeline,783188,2343685292743815,16
follow,2403433,2343685295188405,16
post_tweet,3028842,2343685298251620,16
get_timeline,458603,2343685298752838,16
get_timeline,366535,2343685299157622,16
follow,1376547,2343685300573138,16
get_timeline,724534,2343685301333439,16
post_tweet,2562971,2343685303936810,16
follow,2369933,2343685306337509,16
get_timeline,343746,2343685306731432,16
get_timeline,493254,2343685307262765,16
post_tweet,2223081,2343685309522975,16
get_timeline,440767,2343685309997774,16
post_tweet,2518296,2343685312554908,16
post_tweet,2274184,2343685314862936,16
get_timeline,484085,2343685315380199,16
add_user,2263575,2343685317707906,16
post_tweet,2522663,2343685320285831,16
get_timeline,627823,2343685320962370,16
get_timeline,508114,2343685321523495,16
post_tweet,4823902,2343685326390640,16
get_timeline,793456,2343685327241143,16
get_timeline,543602,2343685327856263,16
get_timeline,681402,2343685328611787,16
get_timeline,408604,2343685329067625,16
get_timeline,340025,2343685329449121,16
post_tweet,3810677,2343685333305550,16
follow,2753903,2343685336112826,16
follow,2557764,2343685338710014,16
follow,2954398,2343685341701665,16
post_tweet,2935670,2343685344702513,16
add_user,2672287,2343685347415071,16
add_user,2468282,2343685349938201,16
get_timeline,506329,2343685350484000,16
follow,2601441,2343685353129752,16
get_timeline,543813,2343685353722071,16
get_timeline,345203,2343685354110087,16
get_timeline,525004,2343685354684894,16
post_tweet,2787318,2343685357553850,16
get_timeline,411271,2343685358009167,16
get_timeline,731617,2343685358791759,16
get_timeline,770740,2343685359613469,16
get_timeline,443330,2343685360104526,16
follow,2165916,2343685362324427,16
post_tweet,2584659,2343685364952303,16
follow,2637739,2343685367641381,16
post_tweet,2651431,2343685370352054,16
post_tweet,2542399,2343685372924363,16
follow,1717109,2343685374670176,16
get_timeline,311869,2343685375011943,16
follow,2094999,2343685377140388,16
get_timeline,624280,2343685377803711,16
post_tweet,1831724,2343685379671739,16
post_tweet,2194164,2343685381894927,16
get_timeline,647248,2343685382584783,16
follow,2178573,2343685384796236,16
get_timeline,487191,2343685385324183,16
get_timeline,530971,2343685385897830,16
get_timeline,534672,2343685386477498,16
get_timeline,749697,2343685387271631,16
post_tweet,2974073,2343685390290025,16
get_timeline,583385,2343685390912807,16
follow,2804784,2343685393766402,16
follow,2250261,2343685396063540,16
post_tweet,2896735,2343685398998971,16
get_timeline,589421,2343685399634752,16
get_timeline,457089,2343685400132388,16
add_user,2207730,2343685402416483,16
get_timeline,416517,2343685402877407,16
post_tweet,2486336,2343685405404108,16
get_timeline,416919,2343685405856350,16
post_tweet,2924079,2343685408820433,16
follow,2427197,2343685411282373,16
get_timeline,382497,2343685411698542,16
follow,3043122,2343685414787048,16
follow,2752547,2343685417586028,16
get_timeline,567672,2343685418207677,16
post_tweet,2929061,2343685421197855,16
post_tweet,3516363,2343685424775187,16
get_timeline,700396,2343685425532119,16
post_tweet,2611571,2343685428189749,16
get_timeline,663300,2343685428906772,16
get_timeline,744108,2343685429710740,16
get_timeline,472601,2343685430226622,16
get_timeline,428807,2343685430695903,16
get_timeline,323376,2343685431066479,16
post_tweet,2882747,2343685433992265,16
post_tweet,2316589,2343685436347770,16
post_tweet,3249580,2343685439635772,16
follow,2691266,2343685442361929,16
get_timeline,321322,2343685442723682,16
post_tweet,2161724,2343685444928522,16
get_timeline,598630,2343685445568450,16
get_timeline,487743,2343685446101375,16
add_user,2475879,2343685448622978,16
post_tweet,2970369,2343685451634662,16
add_user,2655731,2343685454329630,16
get_timeline,624864,2343685454996985,16
post_tweet,1997974,2343685457040443,16
get_timeline,482602,2343685457558077,16
get_timeline,342821,2343685457940050,16
get_timeline,483038,2343685458459784,16
get_timeline,674088,2343685459175877,16
add_user,2651650,2343685461866844,16
follow,2944582,2343685464846101,16
post_tweet,2502702,2343685467384650,16
follow,3045790,2343685470463140,16
get_timeline,769443,2343685471288048,16
get_timeline,586429,2343685471918918,16
get_timeline,876515,2343685472842354,16
post_tweet,3007633,2343685475897994,16
post_tweet,2479184,2343685478416571,16
follow,2091643,2343685480548703,16
add_user,2552075,2343685483154302,16
add_user,2222702,2343685485408428,16
post_tweet,2187510,2343685487629419,16
follow,2190224,2343685489851642,16
follow,2247136,2343685492130869,16
get_timeline,699184,2343685492884324,16
get_timeline,442028,2343685493365220,16
get_timeline,565145,2343685493968847,16
get_timeline,550698,2343685494565237,16
get_timeline,477945,2343685495089208,16
get_timeline,609726,2343685495754340,16
post_tweet,2343948,2343685498144568,16
get_timeline,639151,2343685498869757,16
follow,2745068,2343685501666364,16
post_tweet,2419959,2343685504127847,16
follow,1982004,2343685506162368,16
get_timeline,506066,2343685506699063,16
post_tweet,2487241,2343685509223063,16
get_timeline,494170,2343685509763096,16
post_tweet,2284767,2343685512083739,16
get_timeline,454106,2343685512572084,16
get_timeline,686984,2343685513313848,16
get_timeline,475573,2343685513825613,16
get_timeline,427243,2343685514294779,16
post_tweet,2537756,2343685516895114,16
get_timeline,423600,2343685517351001,16
get_timeline,353634,2343685517739687,16
post_tweet,2407565,2343685520182823,16
post_tweet,2493989,2343685522709501,16
get_timeline,453957,2343685523194062,16
post_tweet,2779508,2343685526009207,16
post_tweet,2097017,2343685528144704,16
post_tweet,2535258,2343685530734294,16
get_timeline,688128,2343685531474292,16
post_tweet,3490865,2343685535014174,16
post_tweet,3513628,2343685538576315,16
get_timeline,690141,2343685539304435,16
follow,3752028,2343685543098552,16
post_tweet,3418907,2343685546573134,16
get_timeline,494483,2343685547118880,16
post_tweet,3014375,2343685550195510,16
add_user,3230428,2343685553504608,16
get_timeline,545712,2343685554093394,16
get_timeline,554714,2343685554694409,16
follow,2166725,2343685556904975,16
post_tweet,3068149,2343685560027660,16
post_tweet,2481978,2343685562552351,16
get_timeline,568478,2343685563159111,16
post_tweet,2758787,2343685565964339,16
post_tweet,3561502,2343685569564090,16
get_timeline,580182,2343685570182659,16
get_timeline,405679,2343685570629019,16
follow,1952346,2343685572622655,16
get_timeline,515521,2343685573176473,16
get_timeline,298462,2343685573514964,16
get_timeline,347877,2343685573903039,16
get_timeline,522311,2343685574468787,16
get_timeline,422872,2343685574932067,16
get_timeline,270069,2343685575241180,16
get_timeline,462411,2343685575760039,16
post_tweet,2234274,2343685578037270,16
get_timeline,638195,2343685578712868,16
get_timeline,505702,2343685579280598,16
post_tweet,2100425,2343685581423267,16
get_timeline,604486,2343685582082849,16
get_timeline,616537,2343685582739710,16
get_timeline,337332,2343685583111684,16
post_tweet,3764395,2343685586911943,16
get_timeline,776460,2343685587741263,16
post_tweet,2925929,2343685590727239,16
post_tweet,3378122,2343685594159908,16
get_timeline,592717,2343685594789956,16
get_timeline,454499,2343685595287225,16
follow,1994221,2343685597322989,16
get_timeline,479986,2343685597855745,16
post_tweet,2319783,2343685600217745,16
get_timeline,763225,2343685601019484,16
post_tweet,3638067,2343685604697952,16
post_tweet,2895751,2343685607664623,16
post_tweet,2691752,2343685610390628,16
get_timeline,685085,2343685611110690,16
get_timeline,518595,2343685611670333,16
get_timeline,690299,2343685612405607,16
get_timeline,405763,2343685612856564,16
get_timeline,731639,2343685613632448,16
get_timeline,726680,2343685614403769,16
get_timeline,664355,2343685615113573,16
post_tweet,2617394,2343685617778157,16
follow,2639103,2343685620469481,16
get_timeline,537955,2343685621048887,16
get_timeline,349619,2343685621441576,16
post_tweet,3018766,2343685624506354,16
get_timeline,429944,2343685624965494,16
post_tweet,2170075,2343685627168782,16
post_tweet,2639728,2343685629847703,16
get_timeline,510303,2343685630412259,16
get_timeline,372274,2343685630817288,16
get_timeline,390007,2343685631239123,16
get_timeline,239678,2343685631508928,16
follow,2058854,2343685633599532,16
add_user,2474460,2343685636103375,16
post_tweet,2895518,2343685639027990,16
post_tweet,2886540,2343685641948366,16
post_tweet,2312759,2343685644298869,16
get_timeline,535949,2343685644886630,16
post_tweet,2316417,2343685647274698,16
get_timeline,838242,2343685648156642,16
follow,1839475,2343685650037627,16
post_tweet,3533974,2343685653610418,16
post_tweet,3167892,2343685656833705,16
follow,3231239,2343685660126984,16
post_tweet,2424274,2343685662592093,16
post_tweet,2343882,2343685664986012,16
post_tweet,2907501,2343685667937892,16
get_timeline,808093,2343685668800237,16
get_timeline,743548,2343685669607543,16
get_timeline,870674,2343685670541825,16
get_timeline,569838,2343685671167012,16
post_tweet,3128130,2343685674356946,16
post_tweet,2812371,2343685677224296,16
get_timeline,514218,2343685677767602,16
follow,1763949,2343685679563461,16
post_tweet,2333658,2343685681924100,16
get_timeline,240807,2343685682192664,16
follow,3697068,2343685685928038,16
add_user,2613117,2343685688569975,16
post_tweet,3352144,2343685691950890,16
add_user,1857712,2343685693844803,16
follow,2117141,2343685695997944,16
get_timeline,713897,2343685696768101,16
follow,2639616,2343685699455459,16
follow,1707043,2343685701211516,16
post_tweet,2562902,2343685703829366,16
post_tweet,2672328,2343685706545429,16
post_tweet,3353494,2343685709939545,16
get_timeline,727525,2343685710707925,16
add_user,3142056,2343685713896882,16
post_tweet,3525900,2343685717477928,16
post_tweet,2916733,2343685720436004,16
get_timeline,562376,2343685721039602,16
post_tweet,3117876,2343685724203408,16
get_timeline,753789,2343685724998621,16
post_tweet,2913214,2343685727958598,16
get_timeline,632551,2343685728631942,16
get_timeline,622587,2343685729302384,16
get_timeline,606513,2343685729954905,16
get_timeline,742556,2343685730745355,16
get_timeline,805156,2343685731596012,16
get_timeline,734508,2343685732377416,16
get_timeline,932246,2343685733369310,16
post_tweet,3448976,2343685736872025,16
get_timeline,489020,2343685737388840,16
add_user,2434421,2343685739853573,16
post_tweet,2161882,2343685742041253,16
get_timeline,517795,2343685742585951,16
get_timeline,320490,2343685742935864,16
get_timeline,470350,2343685743436058,16
follow,1865408,2343685745330717,16
post_tweet,2751691,2343685748108922,16
follow,3004411,2343685751139216,16
follow,2924422,2343685754099622,16
follow,2908714,2343685757041716,16
follow,2811916,2343685759887137,16
follow,1763703,2343685761682625,16
follow,1089043,2343685762805299,16
follow,2686018,2343685765541187,16
get_timeline,509880,2343685766088142,16
get_timeline,282221,2343685766407320,16
get_timeline,650821,2343685767108738,16
post_tweet,3157584,2343685770322874,16
get_timeline,548976,2343685770909381,16
add_user,2048273,2343685773016414,16
get_timeline,465655,2343685773519032,16
get_timeline,526550,2343685774089034,16
get_timeline,589598,2343685774722192,16
get_timeline,637562,2343685775403437,16
follow,1851347,2343685777295673,16
post_tweet,2261530,2343685779594810,16
get_timeline,518007,2343685780145831,16
post_tweet,3025368,2343685783209135,16
post_tweet,3302719,2343685786542763,16
get_timeline,269513,2343685786842341,16
get_timeline,393129,2343685787270880,16
add_user,2294713,2343685789601276,16
follow,2435116,2343685792072464,16
follow,2390420,2343685794514214,16
post_tweet,2718540,2343685797284615,16
get_timeline,955973,2343685798296243,16
post_tweet,2880016,2343685801237565,16
get_timeline,608386,2343685801878393,16
get_timeline,384719,2343685802298497,16
get_timeline,633900,2343685802984247,16
post_tweet,2454806,2343685805475142,16
add_user,3254055,2343685808760533,16
get_timeline,385451,2343685809177149,16
add_user,3503454,2343685812720065,16
get_timeline,538408,2343685813290490,16
get_timeline,571164,2343685813898025,16
add_user,2375100,2343685816308337,16
post_tweet,3194524,2343685819562723,16
post_tweet,3268293,2343685822867367,16
follow,2749303,2343685825654181,16
get_timeline,582831,2343685826275669,16
get_timeline,504836,2343685826823951,16
post_tweet,2446176,2343685829312845,16
post_tweet,4823966,2343685834180686,16
get_timeline,468403,2343685834692992,16
get_timeline,566043,2343685835307712,16
post_tweet,2896406,2343685838260036,16
post_tweet,3409619,2343685841714993,16
get_timeline,708287,2343685842467824,16
add_user,2180759,2343685844691125,16
get_timeline,331004,2343685845063286,16
get_timeline,708762,2343685845816371,16
post_tweet,2919012,2343685848778139,16
get_timeline,683486,2343685849499988,16
post_tweet,2936222,2343685852479381,16
get_timeline,542468,2343685853061451,16
post_tweet,2444195,2343685855545419,16
get_timeline,516532,2343685856113430,16
post_tweet,3887927,2343685860043822,16
get_timeline,513553,2343685860608512,16
get_timeline,378029,2343685861027120,16
post_tweet,2288981,2343685863364825,16
get_timeline,657581,2343685864056319,16
post_tweet,3807098,2343685867906044,16
follow,3050053,2343685871005576,16
get_timeline,751368,2343685871813864,16
post_tweet,3166547,2343685875021194,16
get_timeline,408571,2343685875476962,16
get_timeline,627696,2343685876185883,16
follow,2050356,2343685878314836,16
post_tweet,1873702,2343685880228183,16
get_timeline,656162,2343685880924036,16
post_tweet,2659320,2343685883630854,16
get_timeline,587646,2343685884257878,16
get_timeline,413997,2343685884729588,16
get_timeline,391733,2343685885158104,16
add_user,2459108,2343685887654845,16
post_tweet,2815804,2343685890502629,16
post_tweet,3239810,2343685893776278,16
post_tweet,2910226,2343685896720829,16
get_timeline,600966,2343685897364311,16
post_tweet,3174645,2343685900583217,16
get_timeline,855928,2343685901481854,16
get_timeline,576169,2343685902115881,16
get_timeline,301743,2343685902457741,16
get_timeline,594274,2343685903095657,16
post_tweet,2724886,2343685905862435,16
follow,3225127,2343685909124617,16
get_timeline,494701,2343685909673603,16
follow,1888365,2343685911600156,16
get_timeline,542190,2343685912181356,16
post_tweet,2671172,2343685914894136,16
post_tweet,2668149,2343685917597206,16
get_timeline,563985,2343685918214746,16
get_timeline,773848,2343685919051250,16
post_tweet,2747709,2343685921860051,16
add_user,2365086,2343685924278822,16
get_timeline,634885,2343685924968399,16
get_timeline,712801,2343685925741321,16
get_timeline,460574,2343685926258676,16
post_tweet,2920185,2343685929239843,16
get_timeline,728377,2343685930023655,16
get_timeline,811550,2343685930895860,16
get_timeline,487988,2343685931416413,16
post_tweet,2683195,2343685934138491,16
post_tweet,3135879,2343685937303879,16
post_tweet,2463188,2343685939796540,16
add_user,2448865,2343685942294321,16
get_timeline,469773,2343685942802401,16
post_tweet,2203064,2343685945057909,16
get_timeline,529982,2343685945625929,16
follow,1761850,2343685947429799,16
get_timeline,524061,2343685947989506,16
get_timeline,618361,2343685948669405,16
follow,2286097,2343685951000099,16
get_timeline,480678,2343685951516125,16
post_tweet,2595392,2343685954153748,16
add_user,2396511,2343685956588307,16
get_timeline,367271,2343685956988582,16
follow,2619770,2343685959651658,16
get_timeline,667132,2343685960371248,16
post_tweet,3098731,2343685963509576,16
post_tweet,2888293,2343685966455457,16
follow,3232590,2343685969728178,16
get_timeline,533105,2343685970303766,16
get_timeline,492996,2343685970843108,16
get_timeline,519719,2343685971408443,16
post_tweet,2824849,2343685974279180,16
post_tweet,2571462,2343685976892266,16
get_timeline,429616,2343685977362665,16
get_timeline,685613,2343685978103539,16
get_timeline,620051,2343685978771396,16
post_tweet,2759829,2343685981569154,16
get_timeline,622260,2343685982228417,16
get_timeline,532055,2343685982823356,16
follow,2028592,2343685984887810,16
add_user,2085803,2343685987006983,16
post_tweet,2599876,2343685989639142,16
post_tweet,2298937,2343685991971584,16
post_tweet,3679149,2343685995703791,16
get_timeline,429287,2343685996170749,16
get_timeline,571818,2343685996787840,16
get_timeline,411466,2343685997240706,16
follow,1836496,2343685999118855,16
post_tweet,2865561,2343686002020307,16
get_timeline,502657,2343686002561165,16
post_tweet,2916534,2343686005524310,16
get_timeline,397971,2343686005958850,16
follow,2592314,2343686008592157,16
get_timeline,505686,2343686009149371,16
get_timeline,444392,2343686009636754,16
post_tweet,3559698,2343686013239055,16
add_user,2673256,2343686015949724,16
get_timeline,608993,2343686016599056,16
get_timeline,557580,2343686017246044,16
get_timeline,685694,2343686017976374,16
get_timeline,672083,2343686018693398,16
post_tweet,2339207,2343686021095159,16
get_timeline,679785,2343686021831938,16
get_timeline,596835,2343686022481101,16
post_tweet,2721433,2343686025249004,16
get_timeline,401716,2343686025697762,16
add_user,2009165,2343686027742008,16
post_tweet,2446195,2343686030240410,16
post_tweet,2422814,2343686032693399,16
get_timeline,510743,2343686033235332,16
add_user,2615921,2343686035891717,16
post_tweet,2521443,2343686038442611,16
post_tweet,2620113,2343686041101688,16
get_timeline,667486,2343686041808894,16
post_tweet,2853670,2343686044724438,16
get_timeline,919628,2343686045700899,16
get_timeline,740871,2343686046504682,16
post_tweet,2531903,2343686049096238,16
post_tweet,3504261,2343686052630767,16
post_tweet,3357584,2343686056042959,16
follow,2062596,2343686058134889,16
get_timeline,656810,2343686058819537,16
post_tweet,2163545,2343686061018950,16
add_user,2619006,2343686063691553,16
follow,2530449,2343686066268835,16
add_user,2907044,2343686069216563,16
post_tweet,2846228,2343686072158489,16
get_timeline,850356,2343686073075395,16
post_tweet,2726169,2343686075862449,16
post_tweet,2752247,2343686078657829,16
get_timeline,637842,2343686079342786,16
follow,2300532,2343686081691138,16
get_timeline,841122,2343686082567285,16
get_timeline,408457,2343686083011565,16
get_timeline,629645,2343686083686508,16
get_timeline,704011,2343686084427966,16
add_user,3659792,2343686088126781,16
get_timeline,449117,2343686088635888,16
get_timeline,426925,2343686089141208,16
post_tweet,2953440,2343686092132631,16
get_timeline,727375,2343686092910386,16
post_tweet,3088593,2343686096038408,16
post_tweet,3247161,2343686099374413,16
get_timeline,509471,2343686099945166,16
get_timeline,521631,2343686100512104,16
get_timeline,485680,2343686101042253,16
post_tweet,2415703,2343686103505294,16
follow,2112851,2343686105656221,16
get_timeline,659552,2343686106372030,16
get_timeline,597847,2343686107018734,16
get_timeline,329849,2343686107412754,16
get_timeline,512346,2343686107972048,16
follow,2392057,2343686110414342,16
get_timeline,444561,2343686110892235,16
post_tweet,2488234,2343686113429591,16
get_timeline,395419,2343686113858297,16
get_timeline,559213,2343686114455950,16
add_user,2157886,2343686116650845,16
post_tweet,3065093,2343686119758970,16
follow,1835722,2343686121643997,16
post_tweet,2468984,2343686124151216,16
get_timeline,478816,2343686124667997,16
follow,2007996,2343686126716902,16
get_timeline,408499,2343686127160532,16
follow,2601255,2343686129807206,16
follow,1294573,2343686131138193,16
get_timeline,658921,2343686131861433,16
post_tweet,2411547,2343686134315532,16
get_timeline,476253,2343686134830973,16
get_timeline,561091,2343686135435412,16
get_timeline,719930,2343686136198684,16
get_timeline,270778,2343686136511620,16
get_timeline,309582,2343686136861883,16
post_tweet,2471342,2343686139374932,16
post_tweet,3216897,2343686142627547,16
add_user,2804984,2343686145498871,16
post_tweet,2710091,2343686148250139,16
post_tweet,2894430,2343686151192015,16
post_tweet,3321753,2343686154553554,16
post_tweet,2773007,2343686157380416,16
get_timeline,599450,2343686158035682,16
get_timeline,457578,2343686158541016,16
get_timeline,635232,2343686159225623,16
get_timeline,553836,2343686159826391,16
add_user,2599112,2343686162485207,16
post_tweet,2934839,2343686165475195,16
get_timeline,1104614,2343686166636626,16
add_user,2705698,2343686169402407,16
add_user,2448531,2343686171881079,16
get_timeline,546188,2343686172476433,16
get_timeline,580340,2343686173097225,16
get_timeline,402929,2343686173532304,16
post_tweet,2331977,2343686175898663,16
get_timeline,492893,2343686176420302,16
get_timeline,288300,2343686176741994,16
get_timeline,370513,2343686177146281,16
post_tweet,2376077,2343686179578990,16
get_timeline,388060,2343686179996963,16
add_user,2765201,2343686182826498,16
follow,2449019,2343686185308504,16
post_tweet,2243722,2343686187588417,16
get_timeline,474432,2343686188114578,16
get_timeline,256092,2343686188409431,16
get_timeline,596654,2343686189047226,16
get_timeline,429186,2343686189515875,16
follow,2188671,2343686191742528,16
post_tweet,2987976,2343686194763618,16
follow,1403721,2343686196201248,16
get_timeline,388360,2343686196624854,16
get_timeline,640601,2343686197325104,16
follow,2222253,2343686199587278,16
add_user,2503258,2343686202124261,16
add_user,3618171,2343686205785134,16
follow,2663417,2343686208487427,16
post_tweet,4291882,2343686212821167,16
post_tweet,3020603,2343686215882728,16
post_tweet,2854241,2343686218789245,16
follow,2086499,2343686220919726,16
post_tweet,3553641,2343686224524511,16
add_user,2719373,2343686227297092,16
follow,2401276,2343686229751295,16
post_tweet,2780191,2343686232592568,16
post_tweet,2633845,2343686235315081,16
post_tweet,2953727,2343686238311247,16
get_timeline,748332,2343686239111716,16
get_timeline,651382,2343686239815636,16
get_timeline,533784,2343686240398547,16
get_timeline,514387,2343686240963796,16
follow,2772593,2343686243784122,16
add_user,2767847,2343686246603294,16
post_tweet,2390211,2343686249038130,16
get_timeline,339999,2343686249412433,16
follow,2620259,2343686252072101,16
post_tweet,3292804,2343686255419688,16
follow,2155118,2343686257623990,16
post_tweet,2568568,2343686260252510,16
get_timeline,477527,2343686260783161,16
follow,2713958,2343686263543852,16
get_timeline,698043,2343686264284358,16
post_tweet,2638739,2343686266975559,16
get_timeline,634062,2343686267654345,16
follow,2278414,2343686269981761,16
get_timeline,457867,2343686270485431,16
get_timeline,699338,2343686271236136,16
get_timeline,646073,2343686271940137,16
follow,2273107,2343686274249350,16
follow,2188087,2343686276470253,16
post_tweet,2752780,2343686279277310,16
get_timeline,625881,2343686279935145,16
get_timeline,623668,2343686280597173,16
get_timeline,348389,2343686280983892,16
post_tweet,3139419,2343686284160401,16
get_timeline,597363,2343686284790983,16
get_timeline,338485,2343686285168828,16
follow,1679183,2343686286889130,16
get_timeline,745637,2343686287671676,16
post_tweet,2915465,2343686290630842,16
get_timeline,626319,2343686291626648,16
follow,1813587,2343686293558800,16
follow,2299679,2343686295910581,16
add_user,3176901,2343686299141460,16
post_tweet,2484998,2343686301658125,16
post_tweet,2152018,2343686303841851,16
post_tweet,2245538,2343686306130818,16
add_user,1816505,2343686308017058,16
get_timeline,381151,2343686308446111,16
post_tweet,3462724,2343686311945503,16
post_tweet,2955322,2343686314952410,16
get_timeline,501234,2343686315507047,16
get_timeline,594833,2343686316146308,16
post_tweet,3474693,2343686319669036,16
post_tweet,2558514,2343686322266744,16
follow,3459562,2343686325765909,16
follow,2266926,2343686328071176,16
post_tweet,3145919,2343686331258484,16
get_timeline,380370,2343686331676458,16
post_tweet,2549061,2343686334270748,16
get_timeline,770108,2343686335095312,16
follow,1862978,2343686337011020,16
post_tweet,3638964,2343686340699271,16
get_timeline,906116,2343686341653655,16
post_tweet,2157171,2343686343866588,16
post_tweet,3977770,2343686347881016,16
get_timeline,317540,2343686348248720,16
add_user,3135862,2343686351444014,16
get_timeline,324040,2343686351815354,16
get_timeline,396076,2343686352247830,16
get_timeline,482997,2343686352768841,16
post_tweet,3488471,2343686356303662,16
add_user,2579808,2343686358924467,16
post_tweet,2907799,2343686361871106,16
post_tweet,2229676,2343686364141589,16
post_tweet,2140109,2343686366322587,16
post_tweet,2353178,2343686368717893,16
get_timeline,636278,2343686369408007,16
post_tweet,4127875,2343686373585256,16
get_timeline,562172,2343686374199248,16
add_user,2581086,2343686376838579,16
post_tweet,2930673,2343686379811405,16
post_tweet,3010913,2343686382874145,16
get_timeline,493149,2343686383402909,16
get_timeline,518957,2343686383961728,16
get_timeline,565638,2343686384581036,16
get_timeline,367422,2343686384989505,16
get_timeline,450395,2343686385476177,16
post_tweet,2527464,2343686388043739,16
post_tweet,2911532,2343686390994094,16
post_tweet,2361864,2343686393391949,16
get_timeline,582552,2343686394012114,16
get_timeline,487710,2343686394544021,16
get_timeline,398886,2343686394984841,16
get_timeline,572782,2343686395600816,16
get_timeline,381008,2343686396022071,16
follow,2578178,2343686398657593,16
post_tweet,3038194,2343686401757457,16
get_timeline,699887,2343686402492620,16
follow,2263148,2343686404795325,16
post_tweet,2895763,2343686407727583,16
post_tweet,2804650,2343686410566069,16
get_timeline,693025,2343686411300762,16
post_tweet,3423638,2343686414770213,16
get_timeline,755214,2343686415594851,16
follow,2591243,2343686418230539,16
get_timeline,575336,2343686418859325,16
get_timeline,734908,2343686419655590,16
post_tweet,2058598,2343686421785817,16
post_tweet,1870168,2343686423713281,16
get_timeline,592391,2343686424345507,16
get_timeline,352206,2343686424736463,16
get_timeline,386268,2343686425158522,16
get_timeline,609463,2343686425803991,16
add_user,1859975,2343686427707297,16
post_tweet,3517066,2343686431256886,16
post_tweet,2290648,2343686433581613,16
get_timeline,495222,2343686434111435,16
get_timeline,625171,2343686434792404,16
add_user,2956497,2343686437788235,16
post_tweet,2993249,2343686440832215,16
post_tweet,3735686,2343686444609858,16
get_timeline,1059281,2343686445733587,16
follow,2489942,2343686448274207,16
post_tweet,2238954,2343686450564685,16
get_timeline,711291,2343686451325267,16
get_timeline,567954,2343686451937294,16
post_tweet,2357378,2343686454337401,16
post_tweet,2815875,2343686457213218,16
get_timeline,587143,2343686457836902,16
add_user,2795143,2343686460692256,16
add_user,3795524,2343686464541408,16
post_tweet,2658620,2343686467249278,16
post_tweet,2402379,2343686469698686,16
get_timeline,758881,2343686470506889,16
get_timeline,373470,2343686470932681,16
get_timeline,689459,2343686471675079,16
get_timeline,883018,2343686472613378,16
get_timeline,768900,2343686473440870,16
add_user,2162111,2343686475656277,16
get_timeline,900511,2343686476609907,16
get_timeline,508593,2343686477186770,16
get_timeline,710775,2343686477927758,16
get_timeline,456237,2343686478415587,16
get_timeline,346303,2343686478792490,16
get_timeline,607427,2343686479437176,16
add_user,2725231,2343686482193611,16
follow,1950234,2343686484196398,16
post_tweet,2808909,2343686487033133,16
post_tweet,2034649,2343686489094229,16
follow,3333979,2343686492461997,16
get_timeline,273838,2343686492769393,16
post_tweet,2833730,2343686495658743,16
get_timeline,606388,2343686496314955,16
add_user,2476256,2343686498833683,16
get_timeline,550289,2343686499434451,16
get_timeline,474672,2343686499949661,16
follow,2987900,2343686502975663,16
follow,2495961,2343686505510432,16
add_user,2415825,2343686507979130,16
get_timeline,703476,2343686508736477,16
follow,1994338,2343686510777241,16
get_timeline,359815,2343686511174192,16
get_timeline,491419,2343686511711378,16
post_tweet,2715555,2343686514473277,16
post_tweet,2486345,2343686517000878,16
get_timeline,1020334,2343686518062939,16
get_timeline,615685,2343686518727320,16
follow,3181939,2343686521956904,16
post_tweet,2998122,2343686524996483,16
get_timeline,776531,2343686525823732,16
get_timeline,269290,2343686526131111,16
post_tweet,3098004,2343686529277699,16
get_timeline,607953,2343686529920817,16
follow,1836149,2343686531794645,16
post_tweet,3077230,2343686534905769,16
post_tweet,3052591,2343686537994262,16
get_timeline,631651,2343686538668481,16
get_timeline,658289,2343686539372831,16
post_tweet,2436678,2343686541855320,16
post_tweet,2705554,2343686544616399,16
add_user,2880939,2343686547550807,16
get_timeline,647203,2343686548275994,16
get_timeline,413821,2343686548728293,16
get_timeline,581984,2343686549347920,16
get_timeline,643979,2343686550033918,16
post_tweet,2231873,2343686552304111,16
get_timeline,397649,2343686552735035,16
post_tweet,2301834,2343686555075262,16
get_timeline,874653,2343686556014911,16
add_user,2424562,2343686558480169,16
get_timeline,437048,2343686558948257,16
get_timeline,449009,2343686559435370,16
get_timeline,568126,2343686560039715,16
post_tweet,2420117,2343686562498350,16
get_timeline,400163,2343686562928219,16
post_tweet,2765642,2343686565729863,16
get_timeline,568745,2343686566342608,16
post_tweet,2088098,2343686568467219,16
post_tweet,2173764,2343686570674493,16
post_tweet,2157453,2343686572883214,16
get_timeline,608220,2343686573527256,16
post_tweet,1906085,2343686575474443,16
get_timeline,618925,2343686576124937,16
add_user,2635988,2343686578804494,16
post_tweet,2819412,2343686581675842,16
post_tweet,3837410,2343686585548832,16
follow,1984699,2343686587574356,16
get_timeline,847100,2343686588456892,16
post_tweet,3455731,2343686591957022,16
get_timeline,660762,2343686592659014,16
get_timeline,453675,2343686593158816,16
get_timeline,580714,2343686593784962,16
get_timeline,338268,2343686594165428,16
post_tweet,2665640,2343686596882193,16
get_timeline,555932,2343686597483788,16
follow,2332843,2343686599861385,16
follow,2366575,2343686602272011,16
get_timeline,695204,2343686603004019,16
get_timeline,270257,2343686603312775,16
get_timeline,873929,2343686604228633,16
post_tweet,2470151,2343686606741924,16
get_timeline,547895,2343686607323830,16
get_timeline,548012,2343686607912361,16
get_timeline,302634,2343686608252375,16
get_timeline,446911,2343686608764992,16
follow,2105935,2343686610909009,16
post_tweet,2907490,2343686613849958,16
post_tweet,3046882,2343686616930241,16
get_timeline,389520,2343686617350172,16
add_user,2446361,2343686619832086,16
post_tweet,2409136,2343686622271663,16
get_timeline,321100,2343686622623022,16
post_tweet,3567912,2343686626233220,16
get_timeline,590447,2343686626855611,16
get_timeline,539480,2343686627447170,16
post_tweet,3139074,2343686630632283,16
get_timeline,722739,2343686631397558,16
get_timeline,569553,2343686632032357,16
post_tweet,3377055,2343686635458338,16
get_timeline,371901,2343686635880172,16
post_tweet,2495457,2343686638422543,16
post_tweet,2461455,2343686640935306,16
get_timeline,619755,2343686641628689,16
get_timeline,419550,2343686642084890,16
post_tweet,2974041,2343686645096470,16
post_tweet,2564972,2343686647695372,16
get_timeline,571634,2343686648299913,16
get_timeline,488658,2343686648828773,16
follow,2143994,2343686651009377,16
follow,2234803,2343686653306786,16
get_timeline,774387,2343686654137872,16
follow,2444049,2343686656657287,16
get_timeline,752591,2343686657448868,16
follow,3311153,2343686660801150,16
follow,2230651,2343686663068137,16
follow,3014984,2343686666117511,16
get_timeline,501143,2343686666674988,16
post_tweet,2421734,2343686669175911,16
get_timeline,467980,2343686669694640,16
post_tweet,2826677,2343686672582450,16
follow,2568555,2343686675202801,16
post_tweet,2485212,2343686677751150,16
get_timeline,347269,2343686678148641,16
post_tweet,2375148,2343686680562043,16
follow,2323487,2343686682917851,16
follow,2173518,2343686685128066,16
get_timeline,614883,2343686685802129,16
post_tweet,2836800,2343686688685160,16
get_timeline,662855,2343686689412529,16
follow,1979716,2343686691436181,16
post_tweet,2703518,2343686694177750,16
get_timeline,689523,2343686694924270,16
get_timeline,559093,2343686695527058,16
post_tweet,2261934,2343686697832026,16
get_timeline,794599,2343686698682498,16
get_timeline,539884,2343686699266783,16
follow,1903594,2343686701210328,16
get_timeline,473638,2343686701741110,16
get_timeline,511221,2343686702297076,16
get_timeline,513449,2343686702845774,16
post_tweet,2179590,2343686705088781,16
get_timeline,590732,2343686705734855,16
get_timeline,568808,2343686706342370,16
post_tweet,3420057,2343686709800095,16
post_tweet,3334540,2343686713169259,16
post_tweet,2986996,2343686716190437,16
get_timeline,837636,2343686717083057,16
get_timeline,525742,2343686717650787,16
post_tweet,2740226,2343686720434537,16
get_timeline,441058,2343686720938141,16
get_timeline,283969,2343686721261725,16
post_tweet,3945361,2343686725255927,16
get_timeline,797599,2343686726089646,16
post_tweet,2908949,2343686729043423,16
get_timeline,563774,2343686729647303,16
add_user,2649693,2343686732369600,16
post_tweet,3257571,2343686735683278,16
post_tweet,2828979,2343686738551789,16
get_timeline,849360,2343686739442729,16
post_tweet,3879004,2343686743369614,16
follow,2684602,2343686746107443,16
post_tweet,2527851,2343686748677309,16
post_tweet,2596811,2343686751316157,16
get_timeline,513756,2343686751889434,16
post_tweet,2127131,2343686754092571,16
get_timeline,855365,2343686754990952,16
follow,2766579,2343686757831079,16
follow,1840377,2343686759723606,16
add_user,2273629,2343686762035813,16
post_tweet,2499667,2343686764582402,16
get_timeline,627495,2343686765258868,16
get_timeline,451085,2343686765751279,16
get_timeline,578815,2343686766370171,16
get_timeline,1021674,2343686767435106,16
get_timeline,493503,2343686767971904,16
get_timeline,474288,2343686768516349,16
post_tweet,2897706,2343686771465395,16
post_tweet,2337226,2343686773839948,16
follow,1076241,2343686774953093,16
get_timeline,519679,2343686775505578,16
get_timeline,616414,2343686776161654,16
post_tweet,2706394,2343686778907420,16
get_timeline,481492,2343686779420919,16
post_tweet,3402556,2343686782862043,16
post_tweet,2509797,2343686785406535,16
follow,1216898,2343686786656060,16
follow,2262255,2343686788948640,16
follow,2484052,2343686791468903,16
get_timeline,694373,2343686792216846,16
get_timeline,807728,2343686793088993,16
get_timeline,740456,2343686793890526,16
get_timeline,637090,2343686794585947,16
get_timeline,678772,2343686795325470,16
follow,2769213,2343686798151932,16
get_timeline,607967,2343686798813893,16
get_timeline,225149,2343686799068541,16
post_tweet,2545263,2343686801654033,16
get_timeline,411681,2343686802121080,16
follow,1780751,2343686803931573,16
get_timeline,504498,2343686804463571,16
get_timeline,444059,2343686804944377,16
get_timeline,512524,2343686805487848,16
get_timeline,471332,2343686805990916,16
post_tweet,2621349,2343686808643746,16
post_tweet,1884700,2343686810583361,16
follow,1766674,2343686812379264,16
post_tweet,3121913,2343686815533790,16
get_timeline,397006,2343686815959610,16
follow,1878859,2343686817897591,16
follow,2225378,2343686820153523,16
get_timeline,424294,2343686820610097,16
post_tweet,2510608,2343686823164448,16
get_timeline,600456,2343686823801974,16
get_timeline,479996,2343686824323730,16
get_timeline,587208,2343686824955231,16
get_timeline,497456,2343686825495877,16
follow,2177893,2343686827714184,16
get_timeline,532423,2343686828282682,16
get_timeline,467774,2343686828794541,16
get_timeline,479945,2343686829343474,16
post_tweet,2696531,2343686832082005,16
get_timeline,753867,2343686832874402,16
get_timeline,690090,2343686833621599,16
get_timeline,452248,2343686834106712,16
follow,2509082,2343686836647875,16
post_tweet,3171621,2343686839875542,16
follow,1619437,2343686841543897,16
get_timeline,585132,2343686842178472,16
post_tweet,3096704,2343686845309345,16
get_timeline,539570,2343686845905543,16
post_tweet,3062180,2343686849000722,16
post_tweet,3110291,2343686852150162,16
get_timeline,372788,2343686852595229,16
post_tweet,2698524,2343686855336965,16
post_tweet,2654162,2343686858027939,16
get_timeline,296799,2343686858360578,16
follow,2370953,2343686860783460,16
post_tweet,3249598,2343686864097838,16
get_timeline,558970,2343686864702563,16
get_timeline,320100,2343686865065032,16
post_tweet,2603421,2343686867710733,16
get_timeline,473476,2343686868218481,16
get_timeline,336197,2343686868597764,16
get_timeline,537286,2343686869179656,16
get_timeline,559831,2343686869783458,16
get_timeline,611302,2343686870437281,16
get_timeline,394186,2343686870873373,16
follow,2825667,2343686873734521,16
get_timeline,644863,2343686874435575,16
follow,2317631,2343686876788818,16
post_tweet,2150742,2343686879034910,16
follow,3316030,2343686882383443,16
get_timeline,603699,2343686883022332,16
follow,1871013,2343686884930742,16
get_timeline,422970,2343686885392432,16
get_timeline,548919,2343686885984454,16
get_timeline,589454,2343686886618359,16
get_timeline,538890,2343686887200104,16
get_timeline,703129,2343686887947456,16
post_tweet,2536240,2343686890527652,16
add_user,2414359,2343686892980761,16
get_timeline,589143,2343686893609834,16
get_timeline,630520,2343686894282529,16
get_timeline,417373,2343686894741710,16
get_timeline,557777,2343686895334218,16
post_tweet,2921298,2343686898290567,16
post_tweet,2889789,2343686901212136,16
get_timeline,503488,2343686901747631,16
follow,1880402,2343686903662784,16
get_timeline,422425,2343686904135879,16
post_tweet,3696952,2343686907869940,16
post_tweet,3418493,2343686911323487,16
follow,1990577,2343686913349267,16
add_user,2148786,2343686915533899,16
get_timeline,837413,2343686916404026,16
get_timeline,537028,2343686916995989,16
get_timeline,554801,2343686917601933,16
post_tweet,2091986,2343686919745437,16
add_user,2722272,2343686922521209,16
post_tweet,2198329,2343686924766194,16
post_tweet,2964496,2343686927777207,16
get_timeline,481871,2343686928302242,16
add_user,1921892,2343686930276278,16
get_timeline,478525,2343686930831907,16
post_tweet,2582907,2343686933453156,16
add_user,2331830,2343686935819356,16
get_timeline,20713677,2343686956567997,16
get_timeline,964554,2343686957624630,16
get_timeline,742861,2343686958443904,16
post_tweet,32957653,2343686991464769,16
get_timeline,2041271,2343686993574681,16
get_timeline,1124360,2343686994777368,16
post_tweet,6093605,2343687000937283,16
follow,3069388,2343687004069868,16
post_tweet,4221731,2343687008360800,16
get_timeline,632551,2343687009043172,16
follow,2341010,2343687011432184,16
follow,2320653,2343687013792852,16
post_tweet,2512146,2343687016348810,16
post_tweet,2789708,2343687019195158,16
post_tweet,2715923,2343687021955485,16
get_timeline,568754,2343687022570646,16
post_tweet,2896610,2343687025520893,16
follow,2226564,2343687027792387,16
post_tweet,2929505,2343687030766298,16
get_timeline,565154,2343687031371117,16
get_timeline,670647,2343687032107450,16
follow,2725447,2343687034876258,16
get_timeline,591051,2343687035507139,16
get_timeline,424716,2343687035974017,16
get_timeline,546266,2343687036576214,16
get_timeline,553717,2343687037174454,16
follow,1570176,2343687038786628,16
post_tweet,2519377,2343687041353878,16
post_tweet,2835407,2343687044246690,16
get_timeline,21007425,2343687065309032,16
post_tweet,3200754,2343687068591131,16
post_tweet,26146089,2343687094803414,16
get_timeline,834885,2343687095702875,16
get_timeline,800445,2343687096567345,16
follow,4450347,2343687101082051,16
get_timeline,1085730,2343687102233139,16
get_timeline,1047746,2343687103360165,16
get_timeline,927867,2343687104350062,16
post_tweet,5313918,2343687109731834,16
add_user,2621980,2343687112435125,16
add_user,2544750,2343687115018584,16
follow,2033762,2343687117104591,16
get_timeline,845158,2343687118007887,16
add_user,2650116,2343687120699753,16
get_timeline,649338,2343687121405168,16
add_user,2148260,2343687123592927,16
get_timeline,618864,2343687124246279,16
follow,1924957,2343687126211659,16
get_timeline,639630,2343687126887120,16
get_timeline,513467,2343687127442324,16
post_tweet,2691813,2343687130176732,16
get_timeline,636127,2343687130857683,16
post_tweet,2745588,2343687133646277,16
post_tweet,3047668,2343687136732123,16
post_tweet,2360356,2343687139136882,16
get_timeline,564943,2343687139736353,16
follow,1896072,2343687141673033,16
get_timeline,309447,2343687142017820,16
get_timeline,408034,2343687142467731,16
get_timeline,630099,2343687143140767,16
post_tweet,2443955,2343687145627819,16
get_timeline,587800,2343687146255706,16
get_timeline,582588,2343687146880913,16
post_tweet,2790438,2343687149719293,16
post_tweet,2565166,2343687152314030,16
post_tweet,2625130,2343687154968824,16
get_timeline,435681,2343687155431819,16
post_tweet,2750060,2343687158214624,16
post_tweet,2533454,2343687160785501,16
get_timeline,683570,2343687161506438,16
post_tweet,2304086,2343687163854991,16
post_tweet,2859883,2343687166751659,16
post_tweet,2733751,2343687169551534,16
post_tweet,3523917,2343687173189371,16
post_tweet,2265008,2343687175508939,16
get_timeline,20250789,2343687195792603,16
post_tweet,2698370,2343687198576919,16
get_timeline,835848,2343687199479230,16
post_tweet,2786649,2343687202323605,16
add_user,24911277,2343687227298325,16
get_timeline,1175198,2343687228539041,16
get_timeline,435074,2343687229036235,16
get_timeline,1362345,2343687230459221,16
get_timeline,664097,2343687231197306,16
get_timeline,1035638,2343687232307002,16
add_user,4024934,2343687236395159,16
get_timeline,757155,2343687237216808,16
get_timeline,926745,2343687238207312,16
post_tweet,2684451,2343687240991665,16
get_timeline,647699,2343687241696067,16
post_tweet,3382067,2343687245145897,16
get_timeline,422162,2343687245607872,16
post_tweet,51442797,2343687297084147,16
get_timeline,1080623,2343687298229506,16
get_timeline,1015948,2343687299309723,16
get_timeline,1076894,2343687300450697,16
post_tweet,8394196,2343687308910045,16
get_timeline,761790,2343687309737770,16
get_timeline,373525,2343687310164885,16
get_timeline,1148951,2343687311359777,16
follow,4741757,2343687316157304,16
get_timeline,757259,2343687316994848,16
post_tweet,3371648,2343687320414933,16
get_timeline,694068,2343687321154333,16
add_user,2172402,2343687323371115,16
follow,3146108,2343687326553661,16
post_tweet,2406939,2343687329017122,16
post_tweet,3467554,2343687332523828,16
get_timeline,830809,2343687333394610,16
get_timeline,1298209,2343687334744934,16
post_tweet,5021164,2343687339809970,16
add_user,4744582,2343687344592979,16
follow,2571723,2343687347208011,16
post_tweet,3162959,2343687350421523,16
follow,2738639,2343687353210305,16
post_tweet,3269168,2343687356535720,16
get_timeline,768747,2343687357362522,16
follow,2713294,2343687360128549,16
add_user,2757282,2343687362946172,16
post_tweet,2498786,2343687365483732,16
get_timeline,595715,2343687366133844,16
post_tweet,2595163,2343687368771998,16
get_timeline,578814,2343687369392630,16
follow,2196767,2343687371632956,16
get_timeline,813667,2343687372485918,16
post_tweet,2901824,2343687375437923,16
post_tweet,3428629,2343687378918621,16
get_timeline,582832,2343687379555005,16
get_timeline,371370,2343687379965068,16
get_timeline,657486,2343687380679644,16
get_timeline,518429,2343687381240826,16
get_timeline,546236,2343687381827914,16
follow,1775590,2343687383641116,16
post_tweet,2607649,2343687386289358,16
post_tweet,2900632,2343687389226399,16
post_tweet,2574117,2343687391836610,16
get_timeline,354504,2343687392223311,16
post_tweet,2422794,2343687394685422,16
get_timeline,375560,2343687395091062,16
get_timeline,574562,2343687395726931,16
get_timeline,628627,2343687396398942,16
post_tweet,2447083,2343687398886060,16
get_timeline,594578,2343687399532111,16
get_timeline,410093,2343687399980754,16
follow,2017113,2343687402059140,16
get_timeline,543279,2343687402637668,16
get_timeline,506082,2343687403181167,16
post_tweet,2664828,2343687405895507,16
post_tweet,2292801,2343687408222144,16
post_tweet,2135757,2343687410394271,16
get_timeline,573215,2343687410999994,16
add_user,2818979,2343687413862090,16
post_tweet,3359604,2343687417261161,16
post_tweet,2469600,2343687419785253,16
get_timeline,996552,2343687420833947,16
post_tweet,2771207,2343687423670006,16
get_timeline,643466,2343687424348597,16
post_tweet,2812839,2343687427203656,16
get_timeline,342121,2343687427578484,16
post_tweet,2560788,2343687430185685,16
get_timeline,539093,2343687430761121,16
post_tweet,2941387,2343687433742408,16
get_timeline,766706,2343687434563647,16
get_timeline,528539,2343687435133035,16
get_timeline,524789,2343687435698041,16
get_timeline,400755,2343687436136761,16
post_tweet,2778503,2343687438957390,16
get_timeline,336755,2343687439327861,16
post_tweet,2354595,2343687441730518,16
get_timeline,663080,2343687442430919,16
post_tweet,2474245,2343687444945470,16
get_timeline,691815,2343687445682039,16
post_tweet,2830072,2343687448552613,16
get_timeline,441351,2343687449037420,16
get_timeline,400501,2343687449489564,16
post_tweet,2240444,2343687451768279,16
get_timeline,293208,2343687452105828,16
post_tweet,2746853,2343687454892881,16
get_timeline,792237,2343687455739030,16
post_tweet,2825843,2343687458602119,16
post_tweet,3468749,2343687462106842,16
get_timeline,452612,2343687462594982,16
follow,2073035,2343687464715461,16
get_timeline,337304,2343687465116680,16
post_tweet,2743446,2343687467900509,16
get_timeline,413326,2343687468346410,16
post_tweet,3437059,2343687471826071,16
follow,1402063,2343687473288510,16
post_tweet,3949393,2343687477279330,16
post_tweet,3245000,2343687480565439,16
get_timeline,902741,2343687481509524,16
get_timeline,564768,2343687482139565,16
get_timeline,519787,2343687482711213,16
post_tweet,2741581,2343687485525623,16
post_tweet,3314195,2343687488894943,16
get_timeline,665001,2343687489614516,16
post_tweet,2371562,2343687492051359,16
post_tweet,2710719,2343687494811260,16
post_tweet,51588028,2343687546452196,16
get_timeline,1382828,2343687547899845,16
get_timeline,695110,2343687548725925,16
get_timeline,886261,2343687549677588,16
get_timeline,728462,2343687550466371,16
post_tweet,4553812,2343687555082408,16
get_timeline,1273863,2343687556419423,16
follow,2232543,2343687558719338,16
post_tweet,2750778,2343687561524122,16
post_tweet,2851498,2343687564407321,16
get_timeline,512081,2343687564951893,16
post_tweet,2293437,2343687567280256,16
get_timeline,440016,2343687567749552,16
get_timeline,490718,2343687568272757,16
get_timeline,830566,2343687569146310,16
get_timeline,460265,2343687569639326,16
post_tweet,3072035,2343687572745368,16
post_tweet,3471413,2343687576253608,16
follow,2154588,2343687578443172,16
follow,1788966,2343687580287562,16
get_timeline,575443,2343687580896470,16
post_tweet,4733459,2343687585671938,16
get_timeline,1326691,2343687587041475,16
post_tweet,4699154,2343687591787023,16
get_timeline,1327694,2343687593170577,16
get_timeline,784322,2343687594018562,16
post_tweet,2797254,2343687596870608,16
get_timeline,698147,2343687597627733,16
post_tweet,4883316,2343687602574901,16
post_tweet,4687184,2343687607312506,16
get_timeline,1186571,2343687608541187,16
add_user,2681159,2343687611273366,16
get_timeline,396764,2343687611709666,16
get_timeline,1555310,2343687613307839,16
get_timeline,414813,2343687613786573,16
get_timeline,993686,2343687614820488,16
post_tweet,2144952,2343687617006493,16
post_tweet,5628401,2343687622676344,16
post_tweet,7091764,2343687629816650,16
add_user,5634590,2343687635515011,16
get_timeline,1261508,2343687636829983,16
post_tweet,3558279,2343687640449057,16
post_tweet,2697188,2343687643202249,16
get_timeline,480844,2343687643727445,16
get_timeline,996025,2343687644779132,16
get_timeline,403781,2343687645238234,16
get_timeline,1499631,2343687646792500,16
post_tweet,2719553,2343687649568221,16
get_timeline,1031709,2343687650649705,16
get_timeline,790117,2343687651493443,16
follow,2684198,2343687654229371,16
get_timeline,690765,2343687654974564,16
post_tweet,2272156,2343687657301147,16
add_user,2789787,2343687660130146,16
follow,2708356,2343687662866529,16
post_tweet,6179439,2343687669074159,16
add_user,4579356,2343687673717841,16
post_tweet,3754681,2343687677530593,16
get_timeline,723943,2343687678301678,16
get_timeline,908665,2343687679270548,16
follow,1541947,2343687680861248,16
get_timeline,465653,2343687681371509,16
get_timeline,697614,2343687682118149,16
follow,4113946,2343687686284335,16
get_timeline,354960,2343687686690048,16
get_timeline,498850,2343687687226618,16
get_timeline,486138,2343687687749239,16
get_timeline,387463,2343687688173450,16
post_tweet,2575487,2343687690789175,16
get_timeline,1152639,2343687691975410,16
get_timeline,426492,2343687692460540,16
get_timeline,1064588,2343687693565625,16
post_tweet,2702874,2343687696311286,16
post_tweet,3070876,2343687699455581,16
post_tweet,3212095,2343687702711371,16
get_timeline,583063,2343687703353070,16
get_timeline,692029,2343687704098116,16
add_user,4209540,2343687708360122,16
get_timeline,1108174,2343687709515439,16
get_timeline,1301325,2343687710872654,16
get_timeline,1256606,2343687712189261,16
get_timeline,435643,2343687712676629,16
get_timeline,642769,2343687713369444,16
get_timeline,703487,2343687714153417,16
get_timeline,647549,2343687714836557,16
get_timeline,397489,2343687715269987,16
get_timeline,545651,2343687715850149,16
get_timeline,879848,2343687716772576,16
get_timeline,310158,2343687717119228,16
get_timeline,459534,2343687717632880,16
post_tweet,2287012,2343687719962376,16
get_timeline,676526,2343687720669504,16
get_timeline,701042,2343687721420865,16
post_tweet,4619232,2343687726076900,16
get_timeline,601993,2343687726743536,16
get_timeline,815746,2343687727595943,16
get_timeline,904166,2343687728564826,16
follow,3612780,2343687732218718,16
get_timeline,927583,2343687733192297,16
post_tweet,4900216,2343687738133677,16
post_tweet,4518601,2343687742688756,16
post_tweet,4180889,2343687746911489,16
get_timeline,919774,2343687747894644,16
get_timeline,836042,2343687748779516,16
post_tweet,4140352,2343687752979413,16
post_tweet,4119712,2343687757160008,16
get_timeline,434068,2343687757637408,16
post_tweet,2552388,2343687760241096,16
follow,5119118,2343687765408297,16
get_timeline,1134932,2343687766592593,16
get_timeline,700897,2343687767350218,16
post_tweet,3025238,2343687770442236,16
add_user,2648970,2343687773140055,16
get_timeline,783912,2343687773977234,16
get_timeline,708600,2343687774740392,16
post_tweet,3507216,2343687778301894,16
add_user,3191173,2343687781546609,16
post_tweet,2632863,2343687784228490,16
post_tweet,2753126,2343687787013966,16
post_tweet,2508682,2343687789569742,16
post_tweet,2778576,2343687792418124,16
post_tweet,3313065,2343687795795861,16
get_timeline,870268,2343687796720210,16
add_user,3066205,2343687799849562,16
follow,1714423,2343687801593436,16
add_user,2769632,2343687804402304,16
post_tweet,3645019,2343687808078659,16
get_timeline,603282,2343687808713963,16
get_timeline,474185,2343687809233578,16
post_tweet,2564192,2343687811843804,16
follow,1977568,2343687813859571,16
post_tweet,55500974,2343687869402512,16
follow,3957361,2343687873414856,16
get_timeline,857735,2343687874337823,16
get_timeline,1149567,2343687875546347,16
get_timeline,1033175,2343687876636994,16
get_timeline,437750,2343687877134929,16
get_timeline,1302004,2343687878497610,16
follow,3344760,2343687881900856,16
post_tweet,2973244,2343687884943877,16
add_user,3215348,2343687888222603,16
get_timeline,418710,2343687888701438,16
follow,2078861,2343687890842096,16
follow,2700575,2343687893581092,16
get_timeline,357572,2343687893975130,16
get_timeline,646953,2343687894663642,16
follow,2888837,2343687897590799,16
post_tweet,3213223,2343687900859660,16
get_timeline,497014,2343687901392962,16
post_tweet,2927183,2343687904361172,16
post_tweet,2499816,2343687906916913,16
get_timeline,21778196,2343687928749460,16
post_tweet,29852592,2343687958680715,16
get_timeline,1614598,2343687960359522,16
get_timeline,1239293,2343687961675735,16
post_tweet,4367367,2343687966108504,16
post_tweet,3545958,2343687969719123,16
post_tweet,3646618,2343687973424353,16
post_tweet,3267209,2343687976774753,16
follow,2176324,2343687978989058,16
get_timeline,645066,2343687979669278,16
get_timeline,447581,2343687980154634,16
get_timeline,505117,2343687980709620,16
post_tweet,2660948,2343687983417144,16
get_timeline,671649,2343687984152164,16
follow,2754395,2343687986949952,16
post_tweet,2181100,2343687989174777,16
get_timeline,627299,2343687989843104,16
follow,3080814,2343687992981999,16
follow,1795336,2343687994814585,16
follow,2392381,2343687997245847,16
get_timeline,481219,2343687997774993,16
get_timeline,349903,2343687998170598,16
get_timeline,591699,2343687998819601,16
get_timeline,663513,2343687999529568,16
get_timeline,528644,2343688000103750,16
follow,3084595,2343688003235825,16
get_timeline,565959,2343688003864093,16
follow,2207034,2343688006121105,16
get_timeline,564491,2343688006727644,16
get_timeline,318603,2343688007080494,16
follow,2032093,2343688009147716,16
post_tweet,2071646,2343688011251727,16
get_timeline,547611,2343688011830248,16
add_user,2543748,2343688014409854,16
post_tweet,2534947,2343688016999173,16
get_timeline,746189,2343688017801844,16
get_timeline,545449,2343688018384712,16
post_tweet,3654263,2343688022074891,16
get_timeline,721789,2343688022851892,16
get_timeline,756630,2343688023652024,16
get_timeline,618110,2343688024333010,16
post_tweet,2621603,2343688027000083,16
get_timeline,419761,2343688027455484,16
get_timeline,534218,2343688028032094,16
get_timeline,427788,2343688028504622,16
add_user,2283181,2343688030845369,16
follow,2867683,2343688033767131,16
follow,2264217,2343688036062011,16
post_tweet,2449506,2343688038544611,16
get_timeline,486787,2343688039060078,16
post_tweet,2585432,2343688041683661,16
follow,1435510,2343688043171789,16
get_timeline,605692,2343688043833586,16
get_timeline,701144,2343688044597231,16
get_timeline,858285,2343688045521981,16
follow,2273203,2343688047865352,16
follow,2557755,2343688050483699,16
post_tweet,55531508,2343688106071152,16
get_timeline,1023114,2343688107160591,16
post_tweet,3786193,2343688111010051,16
follow,4278345,2343688115350506,16
post_tweet,4479273,2343688119894260,16
post_tweet,2873772,2343688122826874,16
get_timeline,576114,2343688123471431,16
get_timeline,519671,2343688124092578,16
get_timeline,624908,2343688124772876,16
post_tweet,3717600,2343688128543804,16
get_timeline,780134,2343688129375241,16
post_tweet,3064139,2343688132495060,16
get_timeline,655696,2343688133206462,16
get_timeline,436166,2343688133693763,16
get_timeline,309158,2343688134035587,16
follow,2427730,2343688136496048,16
get_timeline,459057,2343688136985113,16
add_user,1777525,2343688138803824,16
get_timeline,572853,2343688139406007,16
post_tweet,1864628,2343688141304561,16
post_tweet,2317686,2343688143651937,16
get_timeline,449701,2343688144131622,16
get_timeline,676809,2343688144844425,16
follow,3180825,2343688148065131,16
follow,2371758,2343688150470861,16
get_timeline,445345,2343688150949753,16
follow,2646144,2343688153635377,16
get_timeline,366997,2343688154037196,16
get_timeline,340719,2343688154416007,16
post_tweet,2657826,2343688157115283,16
get_timeline,668671,2343688157823333,16
get_timeline,497920,2343688158362226,16
add_user,2040110,2343688160443960,16
follow,2129465,2343688162608722,16
post_tweet,2237400,2343688164882831,16
post_tweet,3046709,2343688167967819,16
get_timeline,482907,2343688168498801,16
get_timeline,504921,2343688169044162,16
follow,2239785,2343688171322581,16
post_tweet,2516288,2343688173887306,16
follow,2319227,2343688176240498,16
add_user,2358992,2343688178634726,16
get_timeline,624005,2343688179292900,16
get_timeline,661948,2343688179994793,16
get_timeline,452078,2343688180508570,16
post_tweet,2956522,2343688183515795,16
get_timeline,597830,2343688184153547,16
get_timeline,635605,2343688184838273,16
get_timeline,610968,2343688185495746,16
follow,2264620,2343688187804720,16
get_timeline,577308,2343688188433214,16
follow,2085398,2343688190564151,16
get_timeline,282969,2343688190883500,16
post_tweet,2743045,2343688193673203,16
get_timeline,819241,2343688194528168,16
follow,1878012,2343688196441808,16
get_timeline,402012,2343688196885126,16
get_timeline,479475,2343688197398131,16
get_timeline,548794,2343688197981225,16
get_timeline,550665,2343688198566198,16
get_timeline,624901,2343688199226444,16
get_timeline,264797,2343688199542255,16
get_timeline,525683,2343688200102406,16
post_tweet,3269875,2343688203408610,16
follow,2038575,2343688205475479,16
get_timeline,413521,2343688205922228,16
get_timeline,428702,2343688206393318,16
get_timeline,462630,2343688206891474,16
post_tweet,5218860,2343688212147521,16
post_tweet,4147695,2343688216335733,16
follow,2808392,2343688219207350,16
get_timeline,678186,2343688219975899,16
follow,2982227,2343688223014908,16
get_timeline,892099,2343688223974273,16
post_tweet,2581024,2343688226625501,16
get_timeline,464546,2343688227134792,16
get_timeline,596959,2343688227780372,16
get_timeline,628846,2343688228458292,16
get_timeline,864318,2343688229373429,16
post_tweet,4043779,2343688233467928,16
follow,2000965,2343688235497181,16
get_timeline,696133,2343688236244936,16
add_user,2924808,2343688239203434,16
get_timeline,484244,2343688239715894,16
get_timeline,459233,2343688240208011,16
add_user,2538803,2343688242792367,16
get_timeline,470111,2343688243300802,16
post_tweet,2756814,2343688246102688,16
get_timeline,414122,2343688246557144,16
get_timeline,606326,2343688247218357,16
follow,1875504,2343688249138600,16
post_tweet,2510787,2343688251713914,16
post_tweet,3211121,2343688254971540,16
follow,1958672,2343688256964798,16
get_timeline,586419,2343688257586186,16
post_tweet,2547153,2343688260181449,16
post_tweet,2285616,2343688262502072,16
post_tweet,3672024,2343688266233607,16
get_timeline,719901,2343688266998821,16
follow,2300270,2343688269340728,16
get_timeline,748388,2343688270146476,16
post_tweet,3184310,2343688273373411,16
post_tweet,3775800,2343688277204048,16
get_timeline,759104,2343688278004794,16
follow,2712013,2343688280768354,16
post_tweet,3775967,2343688284585960,16
get_timeline,631821,2343688285258749,16
get_timeline,550406,2343688285855067,16
post_tweet,2493234,2343688288395391,16
get_timeline,572374,2343688289010077,16
post_tweet,3529074,2343688292597028,16
post_tweet,4163703,2343688296816150,16
get_timeline,1072089,2343688297946239,16
follow,2676305,2343688300680509,16
follow,3029054,2343688303755272,16
get_timeline,829513,2343688304636711,16
follow,2071250,2343688306746192,16
get_timeline,912700,2343688307690374,16
post_tweet,4553834,2343688312283538,16
follow,1799643,2343688314124240,16
follow,2732431,2343688316899257,16
get_timeline,571982,2343688317524121,16
post_tweet,1806984,2343688319380778,16
follow,1903270,2343688321324163,16
get_timeline,679333,2343688322058423,16
post_tweet,3670385,2343688325779283,16
post_tweet,4284752,2343688330099423,16
post_tweet,2344398,2343688332499215,16
get_timeline,861628,2343688333417119,16
post_tweet,5008636,2343688338463547,16
get_timeline,818283,2343688339334473,16
post_tweet,3898381,2343688343283114,16
get_timeline,960666,2343688344289187,16
get_timeline,659714,2343688345001691,16
post_tweet,3581783,2343688348644028,16
follow,2804348,2343688351511798,16
post_tweet,4076621,2343688355628101,16
follow,2319256,2343688357993968,16
get_timeline,731753,2343688358785920,16
get_timeline,680919,2343688359530143,16
get_timeline,580220,2343688360163034,16
post_tweet,3189705,2343688363409460,16
follow,1414410,2343688364869278,16
get_timeline,497241,2343688365418261,16
get_timeline,713439,2343688366189971,16
follow,2457078,2343688368698798,16
add_user,2570240,2343688371328420,16
get_timeline,559485,2343688371969062,16
follow,3107388,2343688375147215,16
post_tweet,3635672,2343688378838103,16
post_tweet,2872975,2343688381741828,16
get_timeline,764632,2343688382563039,16
follow,1962949,2343688384558421,16
get_timeline,762416,2343688385367274,16
get_timeline,812783,2343688386229459,16
post_tweet,3306506,2343688389586410,16
add_user,2573759,2343688392204560,16
follow,2660661,2343688394917853,16
follow,2784569,2343688397750872,16
follow,2486234,2343688400278963,16
follow,2030945,2343688402351818,16
get_timeline,520901,2343688402912003,16
get_timeline,383538,2343688403339528,16
get_timeline,671988,2343688404106680,16
get_timeline,498222,2343688404651276,16
follow,1994024,2343688406688704,16
get_timeline,593532,2343688407322307,16
get_timeline,382151,2343688407748216,16
get_timeline,640288,2343688408460512,16
get_timeline,509781,2343688409017741,16
post_tweet,2564215,2343688411628127,16
post_tweet,2712896,2343688414380386,16
get_timeline,647601,2343688415055756,16
follow,2304427,2343688417391198,16
post_tweet,2989617,2343688420463498,16
get_timeline,891247,2343688421412745,16
follow,1568129,2343688423066128,16
follow,2226033,2343688425362875,16
get_timeline,442060,2343688425877362,16
get_timeline,448593,2343688426362490,16
get_timeline,252350,2343688426648261,16
get_timeline,479868,2343688427162812,16
post_tweet,2439317,2343688429638088,16
get_timeline,595121,2343688430264768,16
get_timeline,519508,2343688430817476,16
post_tweet,2515059,2343688433369528,16
follow,2264249,2343688435664732,16
post_tweet,3441540,2343688439158363,16
post_tweet,3108924,2343688442299002,16
get_timeline,634582,2343688442972910,16
post_tweet,2696066,2343688445712123,16
get_timeline,524959,2343688446291009,16
get_timeline,540828,2343688446874832,16
post_tweet,2633578,2343688449552701,16
get_timeline,503964,2343688450109490,16
follow,2586166,2343688452736891,16
follow,1932077,2343688454721315,16
post_tweet,2204327,2343688456977545,16
get_timeline,1036752,2343688458049892,16
get_timeline,458447,2343688458567427,16
post_tweet,3035978,2343688461646853,16
post_tweet,2955100,2343688464640185,16
get_timeline,649003,2343688465328419,16
follow,2716754,2343688468088978,16
get_timeline,355983,2343688468495533,16
get_timeline,421962,2343688468962705,16
follow,2466094,2343688471472337,16
get_timeline,631331,2343688472141162,16
post_tweet,3151497,2343688475341860,16
post_tweet,2908491,2343688478289115,16
get_timeline,691101,2343688479021883,16
get_timeline,909338,2343688479988499,16
get_timeline,544429,2343688480596856,16
follow,1920038,2343688482561598,16
post_tweet,2459882,2343688485060064,16
get_timeline,779066,2343688485879399,16
follow,2000214,2343688487923700,16
post_tweet,2917082,2343688490880400,16
post_tweet,2721310,2343688493634625,16
get_timeline,357155,2343688494047896,16
post_tweet,1891197,2343688495976057,16
post_tweet,3045983,2343688499068310,16
post_tweet,3316228,2343688502417129,16
get_timeline,494220,2343688502949535,16
post_tweet,3734529,2343688506731252,16
get_timeline,776896,2343688507578369,16
get_timeline,460998,2343688508084399,16
get_timeline,553440,2343688508692869,16
post_tweet,3130368,2343688511868349,16
get_timeline,517620,2343688512447052,16
post_tweet,2961707,2343688515456308,16
get_timeline,499635,2343688515988835,16
get_timeline,428275,2343688516472118,16
follow,2947586,2343688519459588,16
get_timeline,386115,2343688519879048,16
follow,2562275,2343688522480303,16
post_tweet,3429726,2343688525955051,16
post_tweet,2848770,2343688528858953,16
post_tweet,3117746,2343688532033044,16
post_tweet,3199982,2343688535290350,16
get_timeline,446002,2343688535819380,16
get_timeline,523986,2343688536388930,16
follow,2597920,2343688539032700,16
post_tweet,2670713,2343688541745703,16
post_tweet,3499079,2343688545299430,16
get_timeline,710977,2343688546064593,16
get_timeline,572294,2343688546696656,16
get_timeline,544963,2343688547303239,16
get_timeline,417851,2343688547755596,16
get_timeline,327829,2343688548117735,16
post_tweet,2751512,2343688550907188,16
post_tweet,2254489,2343688553245770,16
get_timeline,457729,2343688553735699,16
post_tweet,2667993,2343688556439952,16
get_timeline,630777,2343688557126018,16
follow,2920551,2343688560080776,16
get_timeline,369248,2343688560483061,16
get_timeline,362701,2343688560880547,16
get_timeline,447608,2343688561365848,16
get_timeline,745344,2343688562158215,16
get_timeline,466452,2343688562663119,16
post_tweet,3035293,2343688565735804,16
get_timeline,444196,2343688566214365,16
follow,2809973,2343688569059886,16
get_timeline,448812,2343688569573517,16
post_tweet,2269422,2343688571887173,16
get_timeline,447208,2343688572369453,16
add_user,2022353,2343688574436540,16
get_timeline,524412,2343688575007474,16
post_tweet,2240618,2343688577303074,16
follow,1200831,2343688578554586,16
post_tweet,3281567,2343688581872609,16
get_timeline,665723,2343688582592642,16
add_user,3926452,2343688586559116,16
get_timeline,943467,2343688587539700,16
get_timeline,546104,2343688588150746,16
get_timeline,483083,2343688588675461,16
follow,3081834,2343688591796247,16
post_tweet,3387785,2343688595218535,16
get_timeline,527480,2343688595786842,16
get_timeline,437156,2343688596267868,16
get_timeline,562252,2343688596877091,16
follow,2223632,2343688599155990,16
get_timeline,745241,2343688599976664,16
get_timeline,1246454,2343688601284030,16
post_tweet,3194655,2343688604527301,16
get_timeline,322769,2343688604888386,16
get_timeline,517932,2343688605451102,16
get_timeline,650012,2343688606142566,16
get_timeline,932706,2343688607117211,16
post_tweet,2691563,2343688609852616,16
get_timeline,586096,2343688610478013,16
get_timeline,574795,2343688611095247,16
follow,2616978,2343688613753738,16
get_timeline,603148,2343688614420500,16
get_timeline,910585,2343688615374239,16
get_timeline,407169,2343688615821605,16
get_timeline,438808,2343688616301567,16
get_timeline,446062,2343688616783047,16
get_timeline,358054,2343688617176880,16
get_timeline,580136,2343688617803936,16
get_timeline,570956,2343688618411514,16
post_tweet,3245350,2343688621692771,16
get_timeline,610167,2343688622333687,16
get_timeline,346769,2343688622715243,16
get_timeline,730054,2343688623480712,16
follow,2337334,2343688625852557,16
post_tweet,2446850,2343688628331885,16
post_tweet,3486069,2343688631852296,16
get_timeline,862891,2343688632746645,16
get_timeline,438529,2343688633226371,16
follow,2192760,2343688635454839,16
get_timeline,562120,2343688636070501,16
post_tweet,3569612,2343688639683529,16
get_timeline,439942,2343688640158500,16
post_tweet,3425829,2343688643632114,16
get_timeline,700406,2343688644368637,16
get_timeline,617134,2343688645030165,16
post_tweet,3224543,2343688648298319,16
get_timeline,563111,2343688648915167,16
get_timeline,690988,2343688649651006,16
post_tweet,3378542,2343688653075148,16
post_tweet,3071550,2343688656187805,16
follow,3099097,2343688659326704,16
get_timeline,592875,2343688659972087,16
post_tweet,3147370,2343688663191112,16
post_tweet,2905405,2343688666141100,16
get_timeline,562970,2343688666756794,16
post_tweet,3128130,2343688669945780,16
post_tweet,2355083,2343688672356248,16
follow,1691094,2343688674079731,16
post_tweet,2868570,2343688676980338,16
get_timeline,668089,2343688677683923,16
get_timeline,565658,2343688678288953,16
get_timeline,474320,2343688678801347,16
follow,1182591,2343688680019333,16
get_timeline,410594,2343688680470720,16
get_timeline,544133,2343688681052450,16
post_tweet,2978654,2343688684068972,16
follow,1776845,2343688685878226,16
post_tweet,3893250,2343688689803045,16
add_user,2536719,2343688692373189,16
post_tweet,3187771,2343688695594135,16
get_timeline,632727,2343688696272596,16
get_timeline,669393,2343688696982691,16
add_user,2472236,2343688699500513,16
get_timeline,527420,2343688700078986,16
get_timeline,628355,2343688700756736,16
post_tweet,2801127,2343688703603307,16
post_tweet,2801326,2343688706443434,16
get_timeline,503002,2343688706987644,16
follow,2492315,2343688709524537,16
post_tweet,2593046,2343688712172615,16
follow,2846344,2343688715053680,16
add_user,3130791,2343688718218192,16
follow,3366471,2343688721636770,16
get_timeline,722476,2343688722404239,16
follow,2510489,2343688724970028,16
get_timeline,725210,2343688725738916,16
follow,2890947,2343688728678649,16
post_tweet,2572182,2343688731304874,16
follow,3038956,2343688734381023,16
get_timeline,557770,2343688734993013,16
get_timeline,496874,2343688735534494,16
post_tweet,2958269,2343688738538571,16
post_tweet,3001639,2343688741581547,16
get_timeline,644422,2343688742266147,16
post_tweet,2407293,2343688744717716,16
post_tweet,2189951,2343688746946213,16
follow,2441382,2343688749422489,16
get_timeline,497813,2343688749957239,16
follow,1766443,2343688751764344,16
get_timeline,591441,2343688752392033,16
get_timeline,582878,2343688753019899,16
follow,1802433,2343688754876489,16
follow,2411617,2343688757346926,16
post_tweet,2231052,2343688759616171,16
post_tweet,2994077,2343688762646713,16
get_timeline,446488,2343688763140454,16
get_timeline,521178,2343688763701584,16
get_timeline,554753,2343688764299652,16
follow,2485775,2343688766854036,16
follow,2281149,2343688769183868,16
post_tweet,3044077,2343688772261682,16
get_timeline,519991,2343688772814947,16
get_timeline,536167,2343688773422575,16
post_tweet,3036746,2343688776497307,16
post_tweet,2324200,2343688778866394,16
follow,2371652,2343688781286944,16
get_timeline,762909,2343688782103672,16
get_timeline,676573,2343688782829375,16
get_timeline,352121,2343688783234427,16
get_timeline,647352,2343688783931543,16
get_timeline,632137,2343688784617630,16
get_timeline,506500,2343688785180017,16
get_timeline,636660,2343688785865692,16
get_timeline,561419,2343688786461713,16
follow,2165650,2343688788666662,16
follow,2277600,2343688790982270,16
post_tweet,3367405,2343688794379274,16
post_tweet,2392861,2343688796827133,16
post_tweet,3419368,2343688800300463,16
post_tweet,3047558,2343688803384380,16
get_timeline,536752,2343688803955385,16
follow,2132797,2343688806127036,16
post_tweet,2982748,2343688809145754,16
follow,1769778,2343688810950330,16
post_tweet,1975303,2343688812964530,16
post_tweet,4651626,2343688817670674,16
post_tweet,2256647,2343688819967780,16
get_timeline,459410,2343688820491355,16
post_tweet,3243715,2343688823792837,16
post_tweet,3325221,2343688827164157,16
add_user,2667885,2343688829879878,16
post_tweet,3563177,2343688833491500,16
post_tweet,3262007,2343688836797389,16
post_tweet,4100380,2343688840954070,16
post_tweet,4601070,2343688845609373,16
post_tweet,2319329,2343688847977732,16
post_tweet,2475322,2343688850520373,16
get_timeline,757201,2343688851333476,16
get_timeline,496730,2343688851885402,16
post_tweet,2723079,2343688854672905,16
follow,2419417,2343688857179395,16
get_timeline,604755,2343688857822236,16
post_tweet,2751873,2343688860617563,16
add_user,3123389,2343688863794912,16
get_timeline,351335,2343688864194108,16
post_tweet,2617728,2343688866857143,16
post_tweet,2770011,2343688869669442,16
get_timeline,796430,2343688870520602,16
post_tweet,3391645,2343688873962990,16
get_timeline,613966,2343688874623137,16
follow,1833311,2343688876533610,16
post_tweet,2429576,2343688879007612,16
get_timeline,575679,2343688879624820,16
get_timeline,741435,2343688880407746,16
post_tweet,1782092,2343688882231664,16
post_tweet,2699855,2343688884964590,16
post_tweet,3220958,2343688888221832,16
get_timeline,455819,2343688888712983,16
get_timeline,496437,2343688889249714,16
get_timeline,575393,2343688889866610,16
get_timeline,607564,2343688890515242,16
follow,2908259,2343688893462047,16
get_timeline,757607,2343688894274737,16
get_timeline,455779,2343688894772254,16
post_tweet,2731123,2343688897549739,16
get_timeline,465192,2343688898048889,16
post_tweet,2328559,2343688900414993,16
get_timeline,678702,2343688901127661,16
post_tweet,3469974,2343688904639931,16
add_user,2988715,2343688907671370,16
get_timeline,437630,2343688908158879,16
get_timeline,703181,2343688908900136,16
post_tweet,2643071,2343688911581922,16
follow,3228123,2343688914845228,16
get_timeline,586632,2343688915486695,16
post_tweet,2495616,2343688918025725,16
follow,2459963,2343688920538014,16
get_timeline,694869,2343688921288007,16
get_timeline,766717,2343688922161783,16
get_timeline,369977,2343688922588888,16
get_timeline,847961,2343688923498658,16
get_timeline,831403,2343688924391158,16
get_timeline,558742,2343688925016024,16
get_timeline,683818,2343688925766163,16
post_tweet,2966242,2343688928800910,16
get_timeline,677414,2343688929542839,16
post_tweet,2745603,2343688932348662,16
get_timeline,615915,2343688933017982,16
post_tweet,2794504,2343688935884301,16
get_timeline,592220,2343688936500800,16
post_tweet,2680390,2343688939211938,16
get_timeline,456177,2343688939694476,16
get_timeline,365275,2343688940088689,16
post_tweet,1832270,2343688941951632,16
get_timeline,517153,2343688942492807,16
get_timeline,467669,2343688942990471,16
get_timeline,435619,2343688943465292,16
add_user,2126096,2343688945619943,16
get_timeline,409904,2343688946055405,16
get_timeline,431434,2343688946516233,16
get_timeline,310571,2343688946854351,16
get_timeline,549268,2343688947443446,16
post_tweet,2838256,2343688950333941,16
post_tweet,2940750,2343688953311412,16
get_timeline,598946,2343688953945004,16
post_tweet,2767557,2343688956750096,16
get_timeline,599449,2343688957381492,16
get_timeline,435677,2343688957854735,16
get_timeline,783443,2343688958674628,16
follow,2921309,2343688961631553,16
post_tweet,3722774,2343688965400665,16
add_user,3008832,2343688968448093,16
post_tweet,2991688,2343688971478829,16
add_user,2090158,2343688973620303,16
get_timeline,1004055,2343688974664528,16
get_timeline,836263,2343688975564183,16
get_timeline,688725,2343688976303305,16
get_timeline,630313,2343688976985158,16
add_user,3782008,2343688980817062,16
post_tweet,2766849,2343688983647178,16
follow,2629558,2343688986321540,16
get_timeline,642647,2343688987009834,16
post_tweet,2883029,2343688989933105,16
get_timeline,459884,2343688990444220,16
follow,3056382,2343688993539747,16
get_timeline,377403,2343688993961309,16
get_timeline,443862,2343688994444690,16
follow,2279746,2343688996781656,16
get_timeline,831112,2343688997650009,16
post_tweet,2202133,2343688999893415,16
post_tweet,3132719,2343689003069577,16
follow,2777369,2343689005883344,16
get_timeline,358024,2343689006278632,16
post_tweet,2329295,2343689008650048,16
post_tweet,3176558,2343689011865745,16
get_timeline,572662,2343689012480117,16
get_timeline,680089,2343689013214592,16
get_timeline,502471,2343689013765119,16
post_tweet,2563931,2343689016378173,16
follow,2134979,2343689018585156,16
get_timeline,504869,2343689019129512,16
get_timeline,443249,2343689019623491,16
get_timeline,673677,2343689020334613,16
follow,2634003,2343689023009075,16
get_timeline,657397,2343689023699970,16
get_timeline,587865,2343689024325869,16
follow,2812131,2343689027176276,16
follow,3421384,2343689030637888,16
get_timeline,696509,2343689031368797,16
get_timeline,860823,2343689032277504,16
get_timeline,630640,2343689032957849,16
get_timeline,626212,2343689033629254,16
add_user,2290280,2343689035964612,16
post_tweet,3236946,2343689039257362,16
follow,2076798,2343689041373659,16
get_timeline,707258,2343689042138105,16
post_tweet,2732001,2343689044934171,16
get_timeline,533030,2343689045522667,16
get_timeline,562100,2343689046120551,16
get_timeline,493142,2343689046648533,16
get_timeline,501201,2343689047184883,16
get_timeline,450750,2343689047669633,16
get_timeline,393269,2343689048110197,16
post_tweet,1984166,2343689050129678,16
get_timeline,301926,2343689050476018,16
follow,3068338,2343689053577378,16
post_tweet,2339742,2343689055971732,16
get_timeline,504782,2343689056523305,16
follow,3148510,2343689059710658,16
get_timeline,487388,2343689060230239,16
follow,2643921,2343689062914476,16
get_timeline,437141,2343689063383559,16
get_timeline,355621,2343689063776172,16
get_timeline,348455,2343689064161029,16
get_timeline,642495,2343689064843990,16
post_tweet,2506679,2343689067394076,16
get_timeline,620446,2343689068051131,16
follow,1889947,2343689069984196,16
post_tweet,2514570,2343689072535221,16
get_timeline,693118,2343689073267197,16
post_tweet,2928175,2343689076238843,16
follow,2524831,2343689078796636,16
get_timeline,483860,2343689079313249,16
post_tweet,3631017,2343689082981916,16
follow,3017125,2343689086051228,16
follow,4071376,2343689090165541,16
follow,3642860,2343689093881740,16
get_timeline,788309,2343689094714143,16
get_timeline,427231,2343689095189860,16
follow,2007238,2343689097244993,16
post_tweet,2792828,2343689100082975,16
get_timeline,547119,2343689100684240,16
get_timeline,533371,2343689101265815,16
add_user,2546350,2343689103861953,16
get_timeline,535007,2343689104436287,16
post_tweet,2837031,2343689107328397,16
get_timeline,718700,2343689108100664,16
post_tweet,2674664,2343689110826630,16
get_timeline,703921,2343689111567295,16
post_tweet,3125299,2343689114739166,16
get_timeline,675054,2343689115450313,16
get_timeline,351879,2343689115847219,16
get_timeline,546110,2343689116447628,16
get_timeline,344501,2343689116831584,16
post_tweet,3166658,2343689120039628,16
post_tweet,3316912,2343689123412629,16
get_timeline,297188,2343689123738275,16
get_timeline,359618,2343689124132108,16
get_timeline,767298,2343689124937612,16
post_tweet,2857256,2343689127838733,16
get_timeline,484341,2343689128352337,16
post_tweet,2374774,2343689130765988,16
follow,2162142,2343689132963329,16
follow,2568576,2343689135589729,16
post_tweet,2902488,2343689138528935,16
follow,2171385,2343689140745465,16
post_tweet,2387253,2343689143187426,16
post_tweet,2851512,2343689146091511,16
get_timeline,558374,2343689146693493,16
post_tweet,3452200,2343689150191417,16
get_timeline,456203,2343689150701897,16
get_timeline,490463,2343689151237803,16
post_tweet,2671636,2343689153954818,16
get_timeline,670726,2343689154668208,16
get_timeline,765809,2343689155481971,16
get_timeline,739273,2343689156266503,16
get_timeline,648215,2343689156962321,16
add_user,2733495,2343689159741378,16
post_tweet,2912848,2343689162705936,16
post_tweet,2598079,2343689165358245,16
get_timeline,854747,2343689166246116,16
get_timeline,654576,2343689166985429,16
get_timeline,692870,2343689167738775,16
get_timeline,773312,2343689168595426,16
get_timeline,643269,2343689169299266,16
get_timeline,774320,2343689170152845,16
post_tweet,2145795,2343689172390034,16
follow,2798326,2343689175239805,16
post_tweet,2900132,2343689178190689,16
add_user,2808248,2343689181026397,16
get_timeline,634058,2343689181689156,16
post_tweet,2634243,2343689184355572,16
get_timeline,454960,2343689184837639,16
follow,1751898,2343689186620175,16
get_timeline,374573,2343689187021442,16
get_timeline,548807,2343689187602070,16
get_timeline,639574,2343689188282511,16
post_tweet,2599808,2343689190925061,16
post_tweet,2453166,2343689193412593,16
get_timeline,400086,2343689193846825,16
follow,2419825,2343689196332207,16
get_timeline,714079,2343689197102215,16
follow,1951622,2343689199091861,16
post_tweet,2656849,2343689201782812,16
get_timeline,583942,2343689202402774,16
get_timeline,337222,2343689202777668,16
get_timeline,412611,2343689203231366,16
get_timeline,408885,2343689203677485,16
get_timeline,448944,2343689204166209,16
get_timeline,512264,2343689204720208,16
get_timeline,517263,2343689205288683,16
get_timeline,554507,2343689205896925,16
get_timeline,498818,2343689206445064,16
follow,2205379,2343689208687805,16
post_tweet,2599427,2343689211359489,16
follow,2185222,2343689213576902,16
get_timeline,498003,2343689214113734,16
post_tweet,2758782,2343689216912925,16
add_user,2761255,2343689219705863,16
post_tweet,2248630,2343689221984574,16
get_timeline,342092,2343689222357821,16
get_timeline,560168,2343689222976422,16
get_timeline,421883,2343689223436903,16
post_tweet,2856548,2343689226329551,16
get_timeline,631155,2343689226999978,16
post_tweet,3701693,2343689230744995,16
follow,2805298,2343689233587284,16
get_timeline,602229,2343689234240534,16
get_timeline,597867,2343689234883204,16
get_timeline,400674,2343689235323801,16
get_timeline,876150,2343689236244236,16
follow,1978015,2343689238269341,16
get_timeline,542514,2343689238872183,16
follow,3041280,2343689241975839,16
get_timeline,373038,2343689242402136,16
follow,1482341,2343689243938703,16
add_user,3116530,2343689247094883,16
add_user,2759210,2343689249907036,16
get_timeline,678060,2343689250635574,16
post_tweet,2146181,2343689252826102,16
get_timeline,487930,2343689253351106,16
get_timeline,464901,2343689253859246,16
post_tweet,3073602,2343689256974776,16
post_tweet,2690917,2343689259703990,16
get_timeline,561378,2343689260300637,16
get_timeline,596898,2343689260942462,16
get_timeline,465322,2343689261449939,16
get_timeline,445905,2343689261937034,16
get_timeline,723552,2343689262729892,16
post_tweet,3470711,2343689266243846,16
get_timeline,442323,2343689266739842,16
post_tweet,2442397,2343689269232341,16
get_timeline,483817,2343689269803967,16
get_timeline,641428,2343689270496309,16
get_timeline,415258,2343689270947237,16
follow,1708536,2343689272690264,16
get_timeline,347627,2343689273068806,16
follow,2123714,2343689275237755,16
follow,2293458,2343689277560192,16
post_tweet,3092512,2343689280685951,16
get_timeline,290702,2343689281006889,16
post_tweet,3039839,2343689284084672,16
get_timeline,581793,2343689284703173,16
post_tweet,2751639,2343689287498126,16
get_timeline,347544,2343689287880314,16
post_tweet,3182001,2343689291105548,16
get_timeline,454920,2343689291610875,16
post_tweet,2996313,2343689294673422,16
add_user,2922806,2343689297650169,16
get_timeline,521490,2343689298237122,16
get_timeline,843275,2343689299150686,16
post_tweet,2816389,2343689302023889,16
get_timeline,557132,2343689302637022,16
get_timeline,605996,2343689303304439,16
get_timeline,439252,2343689303781508,16
get_timeline,285126,2343689304111298,16
follow,2524856,2343689306701522,16
follow,2646792,2343689309406835,16
post_tweet,3710632,2343689313154058,16
get_timeline,305494,2343689313510879,16
get_timeline,645402,2343689314205793,16
post_tweet,2336655,2343689316583134,16
get_timeline,743053,2343689317379188,16
post_tweet,3540050,2343689320960209,16
post_tweet,4025109,2343689325040826,16
add_user,2694286,2343689327777144,16
get_timeline,665741,2343689328483737,16
get_timeline,646977,2343689329187478,16
get_timeline,338742,2343689329568253,16
get_timeline,488918,2343689330101845,16
get_timeline,297244,2343689330447924,16
get_timeline,601609,2343689331108165,16
get_timeline,549783,2343689331702889,16
follow,3493899,2343689335240749,16
post_tweet,3501302,2343689338776629,16
follow,3432799,2343689342242119,16
get_timeline,667122,2343689342968873,16
post_tweet,3158298,2343689346168309,16
add_user,2552754,2343689348775793,16
get_timeline,578833,2343689349434147,16
get_timeline,912442,2343689350399930,16
post_tweet,3407484,2343689353858775,16
get_timeline,727536,2343689354644908,16
get_timeline,669683,2343689355366004,16
follow,1899059,2343689357304154,16
get_timeline,418933,2343689357758684,16
follow,2445804,2343689360264839,16
follow,2266293,2343689362565419,16
post_tweet,2281862,2343689364881992,16
post_tweet,3116832,2343689368034936,16
get_timeline,516516,2343689368637278,16
get_timeline,718048,2343689369397700,16
get_timeline,745148,2343689370189209,16
get_timeline,624809,2343689370883693,16
post_tweet,2568733,2343689373499311,16
post_tweet,2858607,2343689376399587,16
get_timeline,720100,2343689377163387,16
get_timeline,469766,2343689377678250,16
get_timeline,640838,2343689378365925,16
get_timeline,295035,2343689378703657,16
post_tweet,2881999,2343689381637620,16
add_user,2213320,2343689383885741,16
follow,1185530,2343689385097062,16
get_timeline,1074526,2343689386200317,16
post_tweet,2391277,2343689388654025,16
post_tweet,2600703,2343689391287858,16
post_tweet,3552970,2343689394892929,16
post_tweet,3283281,2343689398231521,16
follow,2106432,2343689400387856,16
post_tweet,3196191,2343689403623334,16
get_timeline,563673,2343689404236137,16
get_timeline,606505,2343689404905392,16
get_timeline,601381,2343689405556923,16
get_timeline,620734,2343689406228303,16
follow,2177582,2343689408453276,16
get_timeline,410148,2343689408905013,16
add_user,2625320,2343689411579640,16
get_timeline,602075,2343689412224483,16
post_tweet,3190404,2343689415497065,16
post_tweet,2858524,2343689418403718,16
post_tweet,2746962,2343689421210178,16
post_tweet,3094797,2343689424359863,16
get_timeline,1035413,2343689425451532,16
get_timeline,583996,2343689426097828,16
add_user,2326078,2343689428461601,16
get_timeline,1136546,2343689429633194,16
post_tweet,2269361,2343689431947690,16
follow,2214443,2343689434212330,16
follow,2005088,2343689436249660,16
post_tweet,2191642,2343689438496496,16
get_timeline,650897,2343689439184466,16
get_timeline,511993,2343689439739677,16
get_timeline,640839,2343689440431152,16
get_timeline,407402,2343689440880281,16
get_timeline,597218,2343689441518936,16
post_tweet,2545156,2343689444106675,16
get_timeline,548361,2343689444708592,16
post_tweet,2740913,2343689447491185,16
post_tweet,2321249,2343689449840189,16
get_timeline,492112,2343689450361333,16
post_tweet,2459684,2343689452853864,16
post_tweet,2420341,2343689455303923,16
post_tweet,3536715,2343689458910211,16
post_tweet,3700583,2343689462645051,16
post_tweet,2793116,2343689465483683,16
get_timeline,1101492,2343689466640719,16
get_timeline,784027,2343689467470169,16
get_timeline,441302,2343689467953140,16
get_timeline,508518,2343689468501916,16
get_timeline,798281,2343689469343951,16
get_timeline,485985,2343689469888795,16
post_tweet,3533359,2343689473465396,16
get_timeline,458917,2343689473982213,16
post_tweet,2658330,2343689476679320,16
post_tweet,3065020,2343689479802112,16
follow,2846358,2343689482680034,16
follow,2205643,2343689484940517,16
post_tweet,2162544,2343689487174074,16
add_user,2797943,2343689490013965,16
get_timeline,801724,2343689490871456,16
get_timeline,670363,2343689491592881,16
post_tweet,2159414,2343689493801659,16
post_tweet,3311570,2343689497163173,16
get_timeline,444376,2343689497651162,16
get_timeline,527960,2343689498252065,16
get_timeline,569071,2343689498858898,16
post_tweet,2877093,2343689501776298,16
follow,1253891,2343689503070125,16
post_tweet,2866129,2343689505970632,16
get_timeline,633912,2343689506640322,16
post_tweet,3102882,2343689509784833,16
follow,3638444,2343689513458390,16
follow,1436182,2343689514941226,16
add_user,3002283,2343689517982292,16
get_timeline,694648,2343689518719399,16
get_timeline,513470,2343689519279361,16
post_tweet,3094494,2343689522446129,16
follow,2607195,2343689525101639,16
get_timeline,682611,2343689525832017,16
get_timeline,638596,2343689526519306,16
get_timeline,658100,2343689527224968,16
post_tweet,2593226,2343689529864392,16
get_timeline,616266,2343689530523411,16
get_timeline,688568,2343689531258805,16
post_tweet,3165842,2343689534470883,16
post_tweet,2916976,2343689537429836,16
get_timeline,526707,2343689537988370,16
post_tweet,3015830,2343689541038836,16
get_timeline,761639,2343689541856481,16
post_tweet,2868555,2343689544798116,16
get_timeline,809346,2343689545665498,16
post_tweet,2359032,2343689548086444,16
get_timeline,539021,2343689548661023,16
get_timeline,315736,2343689549012277,16
follow,2431599,2343689551480779,16
get_timeline,400185,2343689551929294,16
get_timeline,402012,2343689552368879,16
post_tweet,3349651,2343689555757485,16
post_tweet,3029640,2343689558819792,16
get_timeline,570088,2343689559423353,16
get_timeline,679933,2343689560142924,16
get_timeline,576854,2343689560772634,16
post_tweet,3107621,2343689563926738,16
post_tweet,2130234,2343689566109264,16
get_timeline,759228,2343689566923432,16
get_timeline,540669,2343689567510564,16
post_tweet,2489588,2343689570045457,16
post_tweet,2441506,2343689572527686,16
get_timeline,703219,2343689573315707,16
post_tweet,3038396,2343689576394507,16
get_timeline,544855,2343689576970414,16
add_user,2984788,2343689579989860,16
post_tweet,2799730,2343689582902260,16
get_timeline,432362,2343689583364515,16
follow,3675335,2343689587072376,16
get_timeline,1066295,2343689588193498,16
follow,2311948,2343689590568122,16
get_timeline,753756,2343689591391260,16
post_tweet,2621141,2343689594058561,16
get_timeline,519003,2343689594635302,16
get_timeline,513629,2343689595192925,16
follow,2320075,2343689597557519,16
get_timeline,470700,2343689598066792,16
get_timeline,451836,2343689598560406,16
follow,1813796,2343689600413911,16
get_timeline,302719,2343689600752801,16
get_timeline,508298,2343689601305122,16
follow,2447741,2343689603798906,16
get_timeline,321385,2343689604178809,16
get_timeline,538636,2343689604763672,16
post_tweet,3284872,2343689608091129,16
get_timeline,660365,2343689608791140,16
post_tweet,3182950,2343689612014369,16
get_timeline,768808,2343689612821762,16
add_user,2540893,2343689615404772,16
get_timeline,623891,2343689616063951,16
get_timeline,801637,2343689616905389,16
get_timeline,368184,2343689617312418,16
add_user,2713117,2343689620064349,16
get_timeline,668856,2343689620785100,16
get_timeline,546640,2343689621373508,16
post_tweet,2951508,2343689624368668,16
get_timeline,703349,2343689625111615,16
get_timeline,577098,2343689625737769,16
get_timeline,329558,2343689626108298,16
get_timeline,534132,2343689626684581,16
post_tweet,2359960,2343689629087314,16
post_tweet,2917792,2343689632056409,16
get_timeline,707184,2343689632802154,16
follow,2616664,2343689635460782,16
get_timeline,773994,2343689636288709,16
follow,2171157,2343689638497787,16
follow,2355276,2343689640883554,16
get_timeline,450294,2343689641387809,16
get_timeline,527886,2343689641953821,16
post_tweet,2607408,2343689644599311,16
get_timeline,706822,2343689645341528,16
get_timeline,466821,2343689645852231,16
follow,2707213,2343689648596075,16
get_timeline,471115,2343689649101673,16
add_user,2591276,2343689651730376,16
post_tweet,2827053,2343689654589935,16
get_timeline,550721,2343689655228044,16
post_tweet,2899783,2343689658165239,16
get_timeline,614101,2343689658813978,16
get_timeline,462583,2343689659319436,16
post_tweet,2573148,2343689661932155,16
follow,2598601,2343689664582879,16
post_tweet,2352058,2343689666976907,16
get_timeline,589489,2343689667645430,16
post_tweet,2879059,2343689670584439,16
post_tweet,2986437,2343689673635789,16
get_timeline,352790,2343689674019496,16
get_timeline,695872,2343689674752208,16
get_timeline,542710,2343689675337685,16
post_tweet,3285211,2343689678659293,16
get_timeline,580032,2343689679272159,16
post_tweet,2230744,2343689681539189,16
post_tweet,3401890,2343689684973008,16
follow,2248342,2343689687282082,16
get_timeline,342475,2343689687659672,16
get_timeline,758353,2343689688469018,16
follow,2440288,2343689690953044,16
follow,2594100,2343689693599973,16
get_timeline,585837,2343689694240530,16
get_timeline,713206,2343689694997321,16
get_timeline,427175,2343689695466727,16
post_tweet,3648517,2343689699162886,16
get_timeline,525906,2343689699754008,16
get_timeline,441720,2343689700241841,16
get_timeline,699925,2343689700990540,16
get_timeline,472395,2343689701507338,16
follow,2354527,2343689703905699,16
get_timeline,750523,2343689704694999,16
get_timeline,525437,2343689705285549,16
follow,1785940,2343689707131807,16
follow,2659921,2343689709820462,16
post_tweet,3608454,2343689713483759,16
post_tweet,5274518,2343689718813617,16
get_timeline,618511,2343689719471605,16
get_timeline,570595,2343689720081316,16
get_timeline,587004,2343689720711844,16
get_timeline,834465,2343689721594304,16
post_tweet,6135087,2343689727776821,16
follow,2799722,2343689730623961,16
get_timeline,548654,2343689731236446,16
get_timeline,440547,2343689731721366,16
follow,1332756,2343689733100287,16
get_timeline,600920,2343689733751794,16
get_timeline,636811,2343689734435260,16
get_timeline,422427,2343689734903532,16
post_tweet,3147731,2343689738097903,16
get_timeline,516412,2343689738656610,16
get_timeline,726741,2343689739429502,16
get_timeline,538924,2343689740041014,16
get_timeline,481730,2343689740578032,16
follow,1193822,2343689741816525,16
get_timeline,532517,2343689742387471,16
get_timeline,597709,2343689743030286,16
get_timeline,592741,2343689743665847,16
get_timeline,537831,2343689744258287,16
get_timeline,567422,2343689744857317,16
post_tweet,2592786,2343689747480175,16
get_timeline,315870,2343689747821292,16
get_timeline,544664,2343689748395145,16
post_tweet,2760918,2343689751188296,16
post_tweet,2631850,2343689753846191,16
get_timeline,679056,2343689754551352,16
post_tweet,2295283,2343689756877375,16
get_timeline,586412,2343689757490694,16
add_user,2027246,2343689759554761,16
get_timeline,495560,2343689760082230,16
get_timeline,554452,2343689760676139,16
get_timeline,325318,2343689761061535,16
add_user,2336640,2343689763435184,16
get_timeline,470081,2343689763943150,16
get_timeline,683372,2343689764664844,16
get_timeline,393419,2343689765096468,16
add_user,2670773,2343689767804746,16
post_tweet,2481246,2343689770318305,16
get_timeline,566563,2343689770922318,16
post_tweet,2618619,2343689773598009,16
post_tweet,3549570,2343689777184253,16
post_tweet,3011860,2343689780232557,16
follow,1864365,2343689782149141,16
get_timeline,538011,2343689782726664,16
get_timeline,558852,2343689783332509,16
get_timeline,605666,2343689783991384,16
follow,2885247,2343689786941535,16
get_timeline,597068,2343689787584264,16
get_timeline,634733,2343689788271131,16
get_timeline,510299,2343689788828897,16
post_tweet,2953905,2343689791828455,16
get_timeline,661291,2343689792559679,16
get_timeline,358179,2343689792953627,16
follow,2998565,2343689795984685,16
get_timeline,661188,2343689796696354,16
post_tweet,3309553,2343689800042088,16
get_timeline,368426,2343689800439426,16
get_timeline,340689,2343689800814465,16
get_timeline,577756,2343689801427075,16
follow,3675164,2343689805135527,16
follow,1364603,2343689806529323,16
get_timeline,342432,2343689806899315,16
get_timeline,498344,2343689807438308,16
add_user,3496642,2343689810977385,16
follow,2326969,2343689813340489,16
get_timeline,513086,2343689813889238,16
get_timeline,703911,2343689814652981,16
get_timeline,485047,2343689815180610,16
post_tweet,14377007,2343689829600005,16
get_timeline,756152,2343689830401820,16
post_tweet,3653216,2343689834112501,16
get_timeline,663566,2343689834833251,16
get_timeline,415336,2343689835300006,16
post_tweet,3383220,2343689838738286,16
get_timeline,905302,2343689839699452,16
post_tweet,3050874,2343689842806420,16
post_tweet,13682436,2343689856538705,16
get_timeline,1563352,2343689858142302,16
get_timeline,580838,2343689858784081,16
get_timeline,618265,2343689859464736,16
follow,2613350,2343689862128611,16
get_timeline,409446,2343689862582052,16
post_tweet,2731946,2343689865363971,16
follow,3439540,2343689868847837,16
get_timeline,457977,2343689869352337,16
get_timeline,359651,2343689869753375,16
get_timeline,446414,2343689870242227,16
post_tweet,2901782,2343689873186532,16
post_tweet,3355360,2343689876581329,16
get_timeline,378213,2343689877019741,16
post_tweet,3132078,2343689880197259,16
get_timeline,547656,2343689880784975,16
follow,1103208,2343689881930128,16
add_user,3028689,2343689884992347,16
get_timeline,671003,2343689885700770,16
post_tweet,2713209,2343689888455560,16
get_timeline,676218,2343689889201192,16
get_timeline,556339,2343689889798374,16
add_user,2772689,2343689892612202,16
get_timeline,539378,2343689893204740,16
get_timeline,505254,2343689893755227,16
follow,1960068,2343689895759173,16
get_timeline,737300,2343689896536150,16
get_timeline,756340,2343689897340355,16
get_timeline,624874,2343689898013769,16
follow,2143201,2343689900200165,16
get_timeline,601850,2343689900845356,16
follow,3372256,2343689904262184,16
get_timeline,447645,2343689904752465,16
post_tweet,2487885,2343689907276296,16
get_timeline,759355,2343689908081355,16
get_timeline,498353,2343689908618121,16
get_timeline,627986,2343689909281898,16
add_user,3148638,2343689912466647,16
follow,2872835,2343689915369842,16
get_timeline,808098,2343689916207304,16
get_timeline,427125,2343689916674815,16
follow,1997650,2343689918712203,16
get_timeline,663911,2343689919429597,16
post_tweet,3095688,2343689922565732,16
get_timeline,580439,2343689923190803,16
add_user,2549609,2343689925788075,16
get_timeline,704106,2343689926528089,16
get_timeline,461837,2343689927029990,16
get_timeline,760175,2343689927829818,16
get_timeline,446231,2343689928314927,16
post_tweet,3669051,2343689932026032,16
get_timeline,478870,2343689932548348,16
get_timeline,404319,2343689932992963,16
get_timeline,425314,2343689933457421,16
get_timeline,530162,2343689934036675,16
get_timeline,491746,2343689934568012,16
follow,1989206,2343689936604133,16
post_tweet,2225678,2343689938866260,16
get_timeline,506831,2343689939402412,16
get_timeline,306607,2343689939742322,16
post_tweet,2978092,2343689942761182,16
post_tweet,2906167,2343689945698214,16
post_tweet,2553124,2343689948294079,16
get_timeline,671635,2343689949005597,16
post_tweet,3266650,2343689952315952,16
post_tweet,2467329,2343689954847554,16
post_tweet,1992704,2343689956876736,16
post_tweet,11710437,2343689968642534,16
get_timeline,947740,2343689969687325,16
follow,3252230,2343689972993710,16
post_tweet,4283050,2343689977328746,16
follow,2374397,2343689979767034,16
post_tweet,2708341,2343689982532683,16
post_tweet,2812390,2343689985403252,16
get_timeline,468258,2343689985917897,16
follow,2474016,2343689988446907,16
get_timeline,687165,2343689989178135,16
get_timeline,660951,2343689989886141,16
post_tweet,2041502,2343689991974737,16
get_timeline,537082,2343689992562226,16
get_timeline,680216,2343689993297676,16
post_tweet,2873425,2343689996213323,16
post_tweet,2844458,2343689999094292,16
post_tweet,2532846,2343690001682459,16
post_tweet,2895413,2343690004614251,16
post_tweet,2623455,2343690007274715,16
post_tweet,2567534,2343690009886195,16
get_timeline,663595,2343690010595191,16
get_timeline,534014,2343690011170556,16
get_timeline,593383,2343690011810407,16
follow,1888105,2343690013743180,16
add_user,2616581,2343690016401546,16
post_tweet,2665833,2343690019109299,16
post_tweet,2528798,2343690021677137,16
post_tweet,2737408,2343690024455433,16
follow,2053459,2343690026546383,16
add_user,1979789,2343690028567641,16
get_timeline,382045,2343690028992263,16
get_timeline,518483,2343690029545563,16
get_timeline,576281,2343690030166274,16
add_user,2881991,2343690033085271,16
add_user,2672843,2343690035791135,16
post_tweet,2820198,2343690038658781,16
post_tweet,2396414,2343690041094002,16
get_timeline,525840,2343690041672520,16
add_user,1973023,2343690043705854,16
get_timeline,409283,2343690044163069,16
get_timeline,531484,2343690044756196,16
get_timeline,569096,2343690045383242,16
follow,2278726,2343690047720604,16
post_tweet,6652297,2343690054424181,16
get_timeline,758678,2343690055245079,16
get_timeline,765934,2343690056071655,16
post_tweet,3049050,2343690059184048,16
get_timeline,902157,2343690060139665,16
get_timeline,873445,2343690061076638,16
follow,2690419,2343690063824903,16
follow,3656852,2343690067530954,16
get_timeline,1129264,2343690068714071,16
get_timeline,473258,2343690069235995,16
add_user,2859702,2343690072135043,16
add_user,8061193,2343690080229986,16
follow,2615744,2343690082895803,16
post_tweet,3412197,2343690086358815,16
follow,2510326,2343690088915673,16
post_tweet,3364360,2343690092326391,16
post_tweet,3200787,2343690095583594,16
post_tweet,2026282,2343690097649271,16
follow,2101069,2343690099790621,16
follow,2434286,2343690102262642,16
add_user,2864385,2343690105181539,16
post_tweet,3302426,2343690108539911,16
post_tweet,2435548,2343690111016973,16
post_tweet,12236831,2343690123306436,16
follow,2483978,2343690125863014,16
get_timeline,541451,2343690126460020,16
get_timeline,723315,2343690127248778,16
get_timeline,803417,2343690128111824,16
get_timeline,610353,2343690128783755,16
post_tweet,4678875,2343690133524806,16
get_timeline,591341,2343690134153120,16
get_timeline,538939,2343690134748593,16
post_tweet,3170506,2343690137959510,16
get_timeline,652148,2343690138656919,16
get_timeline,580074,2343690139274518,16
post_tweet,2879861,2343690142195398,16
post_tweet,2636867,2343690144875492,16
get_timeline,641268,2343690145559566,16
get_timeline,686935,2343690146292190,16
post_tweet,3438073,2343690149776733,16
follow,1833096,2343690151669552,16
get_timeline,370468,2343690152083031,16
get_timeline,412018,2343690152541422,16
get_timeline,502068,2343690153090823,16
post_tweet,1980999,2343690155117294,16
follow,2273423,2343690157454317,16
get_timeline,579511,2343690158069357,16
follow,2242283,2343690160353215,16
get_timeline,586983,2343690160977510,16
get_timeline,544263,2343690161562831,16
get_timeline,611252,2343690162214484,16
get_timeline,398529,2343690162652677,16
follow,2094544,2343690164785254,16
get_timeline,332462,2343690165148390,16
post_tweet,3024528,2343690168209706,16
get_timeline,896064,2343690169161464,16
get_timeline,583676,2343690169806046,16
post_tweet,3522047,2343690173388485,16
post_tweet,3513989,2343690176958579,16
get_timeline,658299,2343690177671500,16
post_tweet,2929351,2343690180661984,16
get_timeline,416241,2343690181129549,16
get_timeline,945398,2343690182136511,16
get_timeline,925963,2343690183136141,16
get_timeline,414686,2343690183609193,16
post_tweet,3540125,2343690187209235,16
follow,3508220,2343690190744922,16
get_timeline,888679,2343690191688014,16
get_timeline,367558,2343690192087270,16
follow,2709817,2343690194828691,16
add_user,1882623,2343690196737983,16
post_tweet,2453888,2343690199246764,16
follow,2584797,2343690201888176,16
post_tweet,2544500,2343690204474105,16
follow,2225339,2343690206742234,16
get_timeline,1265874,2343690208046249,16
get_timeline,932431,2343690209043775,16
get_timeline,652371,2343690209760643,16
get_timeline,743388,2343690210554549,16
get_timeline,674259,2343690211278548,16
get_timeline,587433,2343690211912907,16
get_timeline,884681,2343690212858578,16
get_timeline,714020,2343690213626833,16
post_tweet,4583767,2343690218287612,16
get_timeline,671794,2343690219005044,16
post_tweet,2848750,2343690221903917,16
post_tweet,3277510,2343690225209514,16
post_tweet,2518240,2343690227756011,16
get_timeline,573518,2343690228357506,16
get_timeline,503401,2343690228901490,16
add_user,2606849,2343690231540183,16
post_tweet,2138283,2343690233705306,16
get_timeline,536366,2343690234269178,16
post_tweet,2580421,2343690236881953,16
post_tweet,2373351,2343690239283359,16
post_tweet,3028295,2343690242338648,16
get_timeline,472435,2343690242865111,16
add_user,2553348,2343690245457245,16
get_timeline,602265,2343690246095319,16
get_timeline,277737,2343690246410380,16
follow,1653869,2343690248102900,16
post_tweet,2720065,2343690250858745,16
post_tweet,2550534,2343690253443992,16
post_tweet,2742928,2343690256241457,16
get_timeline,656322,2343690256945719,16
post_tweet,2199629,2343690259216247,16
follow,2486158,2343690261739823,16
get_timeline,611332,2343690262393772,16
post_tweet,3560736,2343690265997967,16
post_tweet,2516984,2343690268580676,16
follow,2421623,2343690271054118,16
post_tweet,3047703,2343690274137987,16
get_timeline,814843,2343690275008767,16
get_timeline,603534,2343690275691122,16
get_timeline,732948,2343690276474802,16
get_timeline,472840,2343690276995766,16
get_timeline,567515,2343690277608505,16
follow,2761163,2343690280413916,16
get_timeline,434379,2343690280888899,16
get_timeline,529164,2343690281486211,16
add_user,2107061,2343690283638065,16
get_timeline,593584,2343690284271071,16
post_tweet,3424981,2343690287744560,16
follow,2473381,2343690290268295,16
post_tweet,3631634,2343690293930265,16
follow,2984815,2343690296967473,16
get_timeline,645835,2343690297668211,16
post_tweet,2812790,2343690300555361,16
post_tweet,3014190,2343690303633196,16
get_timeline,473765,2343690304157045,16
get_timeline,570055,2343690304774937,16
post_tweet,3078117,2343690307898513,16
get_timeline,687743,2343690308626392,16
get_timeline,296293,2343690308964482,16
get_timeline,504430,2343690309509450,16
get_timeline,646673,2343690310197015,16
get_timeline,791160,2343690311029472,16
post_tweet,3717912,2343690314787395,16
get_timeline,587326,2343690315432166,16
get_timeline,453540,2343690315926046,16
post_tweet,1988295,2343690317954204,16
post_tweet,2658580,2343690320650857,16
get_timeline,498232,2343690321185451,16
post_tweet,2727294,2343690323952795,16
get_timeline,532937,2343690324518221,16
post_tweet,2576777,2343690327136660,16
get_timeline,587358,2343690327756494,16
post_tweet,2079200,2343690329875144,16
add_user,2838781,2343690332747693,16
follow,2628771,2343690335429402,16
post_tweet,4677467,2343690340157953,16
post_tweet,3388624,2343690343587854,16
add_user,3289495,2343690346927572,16
get_timeline,609679,2343690347589271,16
get_timeline,351609,2343690347984097,16
follow,2352304,2343690350397859,16
get_timeline,938980,2343690351398282,16
get_timeline,791244,2343690352244956,16
get_timeline,813420,2343690353117148,16
get_timeline,740618,2343690353912586,16
get_timeline,760689,2343690354728319,16
get_timeline,710693,2343690355494517,16
post_tweet,2355489,2343690357904128,16
post_tweet,2720118,2343690360673561,16
get_timeline,573090,2343690361300641,16
follow,2192330,2343690363542878,16
add_user,3467707,2343690367061151,16
get_timeline,307826,2343690367394646,16
follow,1817600,2343690369240763,16
post_tweet,3387396,2343690372653636,16
get_timeline,497804,2343690373179186,16
get_timeline,260968,2343690373468162,16
get_timeline,332682,2343690373833551,16
get_timeline,577387,2343690374448611,16
get_timeline,375292,2343690374872338,16
get_timeline,468358,2343690375397886,16
get_timeline,538949,2343690375986350,16
get_timeline,599577,2343690376644939,16
get_timeline,846349,2343690377536289,16
follow,2340038,2343690379917872,16
get_timeline,752981,2343690380723563,16
get_timeline,650993,2343690381431784,16
post_tweet,2465245,2343690383946745,16
post_tweet,2457022,2343690386440191,16
get_timeline,646924,2343690387127364,16
get_timeline,263760,2343690387422468,16
post_tweet,2654177,2343690390110930,16
get_timeline,403755,2343690390566501,16
get_timeline,378533,2343690390979118,16
post_tweet,2530918,2343690393542213,16
get_timeline,571769,2343690394142685,16
post_tweet,2487863,2343690396663996,16
get_timeline,606840,2343690397325868,16
get_timeline,947131,2343690398313201,16
get_timeline,962998,2343690399316762,16
post_tweet,3084218,2343690402442251,16
add_user,2730119,2343690405207674,16
post_tweet,2638963,2343690407883238,16
post_tweet,3000162,2343690410917592,16
get_timeline,629962,2343690411602094,16
add_user,2683717,2343690414326214,16
follow,1716861,2343690416082568,16
post_tweet,2917764,2343690419054524,16
post_tweet,3732598,2343690422868882,16
follow,1568174,2343690424488386,16
get_timeline,693581,2343690425236355,16
get_timeline,685056,2343690425990737,16
post_tweet,3195587,2343690429246069,16
follow,2462627,2343690431741416,16
get_timeline,425429,2343690432220159,16
follow,1412913,2343690433670857,16
get_timeline,656304,2343690434360136,16
post_tweet,2235431,2343690436633766,16
post_tweet,2280441,2343690438979831,16
get_timeline,497499,2343690439513206,16
post_tweet,3147010,2343690442702151,16
post_tweet,3407651,2343690446154173,16
get_timeline,538800,2343690446729924,16
get_timeline,471396,2343690447245599,16
get_timeline,556945,2343690447846777,16
get_timeline,618394,2343690448511943,16
post_tweet,2693972,2343690451253850,16
follow,3179154,2343690454485797,16
get_timeline,436534,2343690454969742,16
follow,1557677,2343690456572139,16
post_tweet,3826909,2343690460438484,16
follow,3381327,2343690463852339,16
post_tweet,2701528,2343690466633127,16
get_timeline,771894,2343690467437238,16
get_timeline,639185,2343690468117190,16
post_tweet,2903181,2343690471060666,16
get_timeline,658385,2343690471760020,16
get_timeline,609082,2343690472414789,16
post_tweet,2516934,2343690474980226,16
get_timeline,378499,2343690475394453,16
get_timeline,298295,2343690475736024,16
post_tweet,2653948,2343690478436074,16
get_timeline,620602,2343690479111698,16
post_tweet,2693556,2343690481852275,16
get_timeline,317134,2343690482199334,16
get_timeline,334284,2343690482565835,16
get_timeline,414989,2343690483016167,16
post_tweet,2814730,2343690485865425,16
get_timeline,534435,2343690486431606,16
post_tweet,3755424,2343690490221714,16
follow,2291848,2343690492565972,16
post_tweet,2521205,2343690495125904,16
post_tweet,3312670,2343690498474711,16
follow,1604709,2343690500116266,16
get_timeline,625034,2343690500779168,16
get_timeline,382548,2343690501204126,16
get_timeline,642269,2343690501906975,16
get_timeline,644615,2343690502597598,16
get_timeline,462181,2343690503104146,16
get_timeline,484869,2343690503634895,16
get_timeline,556992,2343690504236771,16
get_timeline,636851,2343690504949392,16
follow,2908606,2343690507901521,16
get_timeline,345264,2343690508283167,16
get_timeline,450556,2343690508781830,16
get_timeline,631741,2343690509457172,16
add_user,3172522,2343690512676753,16
follow,2293321,2343690514998262,16
add_user,3060863,2343690518109792,16
post_tweet,3743556,2343690521940621,16
post_tweet,2631473,2343690524601215,16
post_tweet,3042559,2343690527689444,16
get_timeline,641475,2343690528372500,16
post_tweet,3789704,2343690532214948,16
get_timeline,410611,2343690532677715,16
get_timeline,900487,2343690533628731,16
add_user,2178638,2343690535856680,16
get_timeline,461046,2343690536368180,16
follow,3315780,2343690539748093,16
get_timeline,728377,2343690540510563,16
post_tweet,3877094,2343690544429593,16
post_tweet,3297359,2343690547782205,16
follow,2304277,2343690550135816,16
get_timeline,581358,2343690550759024,16
follow,2051821,2343690552855538,16
post_tweet,2778888,2343690555676334,16
follow,2739507,2343690558454120,16
add_user,2993993,2343690561488516,16
post_tweet,3385231,2343690564928184,16
get_timeline,727562,2343690565697424,16
get_timeline,478150,2343690566220528,16
get_timeline,435167,2343690566698951,16
post_tweet,3201386,2343690569964310,16
get_timeline,390861,2343690570394717,16
post_tweet,2910536,2343690573365117,16
get_timeline,788707,2343690574210359,16
get_timeline,623659,2343690574877240,16
post_tweet,2035917,2343690576954795,16
post_tweet,2836285,2343690579828790,16
get_timeline,744482,2343690580653781,16
get_timeline,711401,2343690581421356,16
add_user,3550715,2343690585013018,16
get_timeline,344140,2343690585387997,16
post_tweet,2677174,2343690588102054,16
follow,2010994,2343690590143830,16
get_timeline,663373,2343690590837727,16
post_tweet,3030996,2343690593904451,16
get_timeline,468217,2343690594427761,16
follow,2508371,2343690596970469,16
get_timeline,730996,2343690597743962,16
post_tweet,3751850,2343690601553083,16
get_timeline,620911,2343690602220478,16
post_tweet,2714302,2343690604981159,16
follow,1616938,2343690606668666,16
post_tweet,2467866,2343690609175447,16
post_tweet,2756766,2343690611967960,16
get_timeline,602236,2343690612622303,16
get_timeline,300898,2343690612962398,16
post_tweet,3122134,2343690616124912,16
get_timeline,549006,2343690616732702,16
get_timeline,599955,2343690617380349,16
get_timeline,545442,2343690617964740,16
add_user,2551881,2343690620558387,16
post_tweet,2458793,2343690623057574,16
post_tweet,3079723,2343690626173830,16
follow,2165760,2343690628376860,16
post_tweet,3145555,2343690631577794,16
get_timeline,412058,2343690632028611,16
post_tweet,2523224,2343690634600786,16
get_timeline,537529,2343690635177928,16
get_timeline,590172,2343690635814390,16
get_timeline,490058,2343690636368272,16
get_timeline,494662,2343690636919831,16
get_timeline,525374,2343690637489525,16
post_tweet,2345727,2343690639881325,16
get_timeline,456544,2343690640376388,16
post_tweet,2494112,2343690642918458,16
add_user,1847657,2343690644793494,16
get_timeline,518949,2343690645340084,16
get_timeline,437840,2343690645812088,16
get_timeline,439322,2343690646285485,16
get_timeline,379287,2343690646696328,16
get_timeline,509632,2343690647235801,16
get_timeline,765213,2343690648040765,16
post_tweet,2770979,2343690650851796,16
follow,2214694,2343690653093696,16
get_timeline,568129,2343690653696596,16
post_tweet,2814952,2343690656549707,16
follow,2289455,2343690658902460,16
get_timeline,599006,2343690659534134,16
get_timeline,849056,2343690660422592,16
post_tweet,3234440,2343690663705933,16
follow,2306340,2343690666043691,16
add_user,2547231,2343690668644697,16
get_timeline,792231,2343690669491972,16
get_timeline,473894,2343690670044045,16
post_tweet,3117643,2343690673215113,16
get_timeline,564182,2343690673830316,16
post_tweet,2378600,2343690676253145,16
post_tweet,3014184,2343690679314923,16
get_timeline,569708,2343690679938483,16
follow,2011114,2343690682038119,16
get_timeline,637198,2343690682731813,16
post_tweet,2838204,2343690685608604,16
post_tweet,2603129,2343690688267791,16
get_timeline,677514,2343690688980873,16
post_tweet,2573748,2343690691601318,16
get_timeline,388736,2343690692024755,16
get_timeline,563608,2343690692659347,16
get_timeline,795885,2343690693498820,16
follow,2126343,2343690695676195,16
add_user,2080295,2343690697807581,16
post_tweet,2559858,2343690700405803,16
follow,2932218,2343690703390523,16
post_tweet,2818788,2343690706260678,16
get_timeline,1347875,2343690707645387,16
get_timeline,344529,2343690708028304,16
add_user,2927753,2343690710998158,16
get_timeline,657001,2343690711689605,16
get_timeline,650057,2343690712379950,16
get_timeline,471150,2343690712894097,16
post_tweet,2563099,2343690715503093,16
post_tweet,3118110,2343690718659867,16
post_tweet,2402410,2343690721103080,16
follow,2816576,2343690723958866,16
follow,1375104,2343690725373466,16
get_timeline,624659,2343690726038285,16
post_tweet,2803278,2343690728883856,16
follow,3140919,2343690732061185,16
post_tweet,2674803,2343690734774330,16
get_timeline,431346,2343690735241065,16
get_timeline,529267,2343690735814102,16
get_timeline,360300,2343690736220886,16
post_tweet,2451788,2343690738725725,16
post_tweet,2949880,2343690741718770,16
post_tweet,2874565,2343690744638043,16
post_tweet,2899777,2343690747582280,16
follow,1938245,2343690749582960,16
post_tweet,3178527,2343690752793943,16
post_tweet,2208339,2343690755034521,16
get_timeline,352679,2343690755415584,16
get_timeline,540329,2343690755993311,16
get_timeline,550599,2343690756607120,16
get_timeline,365952,2343690757018937,16
get_timeline,557846,2343690757632841,16
get_timeline,527673,2343690758224562,16
get_timeline,472972,2343690758743028,16
get_timeline,526326,2343690759323326,16
post_tweet,3201312,2343690762569721,16
post_tweet,2682668,2343690765294501,16
follow,3225236,2343690768572520,16
get_timeline,665910,2343690769293100,16
add_user,2741993,2343690772066715,16
get_timeline,560356,2343690772655840,16
get_timeline,511233,2343690773199176,16
post_tweet,2459024,2343690775690931,16
get_timeline,366967,2343690776084013,16
get_timeline,458745,2343690776575558,16
post_tweet,2813083,2343690779420243,16
follow,2562151,2343690782032057,16
get_timeline,418586,2343690782503109,16
get_timeline,466688,2343690783010704,16
follow,3229636,2343690786278217,16
get_timeline,714292,2343690787038229,16
follow,1930900,2343690789030438,16
add_user,2085424,2343690791156454,16
post_tweet,2966999,2343690794175178,16
follow,2916311,2343690797143811,16
get_timeline,819029,2343690798029079,16
get_timeline,597473,2343690798687468,16
post_tweet,2852043,2343690801582550,16
get_timeline,648706,2343690802270213,16
post_tweet,3896660,2343690806210530,16
get_timeline,933991,2343690807204585,16
follow,2428746,2343690809674918,16
get_timeline,537565,2343690810249614,16
post_tweet,2495507,2343690812787202,16
get_timeline,546224,2343690813369608,16
post_tweet,3323554,2343690816733664,16
get_timeline,549702,2343690817319638,16
post_tweet,2617536,2343690819976535,16
post_tweet,2424928,2343690822509596,16
get_timeline,441583,2343690822986190,16
get_timeline,730080,2343690823761119,16
follow,1791022,2343690825590748,16
follow,2580416,2343690828232190,16
get_timeline,608899,2343690828887891,16
get_timeline,539140,2343690829469466,16
post_tweet,2958260,2343690832470329,16
get_timeline,1019211,2343690833529678,16
get_timeline,371012,2343690833941638,16
follow,2438557,2343690836430553,16
get_timeline,577411,2343690837059935,16
follow,2163572,2343690839259450,16
post_tweet,3010516,2343690842301925,16
get_timeline,749619,2343690843085792,16
post_tweet,2579273,2343690845703938,16
get_timeline,415148,2343690846152443,16
get_timeline,686459,2343690846898749,16
get_timeline,516326,2343690847460528,16
get_timeline,914685,2343690848422807,16
post_tweet,2782706,2343690851254910,16
get_timeline,552549,2343690851844908,16
post_tweet,2421279,2343690854357650,16
get_timeline,575147,2343690854975392,16
post_tweet,2533566,2343690857558002,16
get_timeline,706895,2343690858304863,16
get_timeline,532561,2343690858896564,16
post_tweet,2573576,2343690861517582,16
post_tweet,2820956,2343690864370966,16
get_timeline,404924,2343690864813342,16
post_tweet,2628901,2343690867479971,16
get_timeline,413586,2343690867926702,16
get_timeline,630750,2343690868595005,16
get_timeline,560549,2343690869193993,16
post_tweet,2960331,2343690872190702,16
get_timeline,507957,2343690872755037,16
get_timeline,581170,2343690873378006,16
get_timeline,764431,2343690874197195,16
add_user,2192823,2343690876430344,16
get_timeline,599150,2343690877065948,16
get_timeline,676664,2343690877784157,16
follow,1796146,2343690879619070,16
get_timeline,296007,2343690879946997,16
get_timeline,594304,2343690880583071,16
get_timeline,841387,2343690881465942,16
get_timeline,540344,2343690882063249,16
get_timeline,560035,2343690882662250,16
follow,1232673,2343690883930495,16
get_timeline,448728,2343690884410093,16
get_timeline,360277,2343690884809078,16
follow,2548963,2343690887394289,16
post_tweet,2404719,2343690889831386,16
get_timeline,606476,2343690890472726,16
get_timeline,441401,2343690890973215,16
get_timeline,457483,2343690891474748,16
get_timeline,407594,2343690891917708,16
get_timeline,438421,2343690892390352,16
get_timeline,246256,2343690892669728,16
follow,3045199,2343690895747891,16
follow,2197807,2343690897973926,16
get_timeline,481533,2343690898508269,16
post_tweet,2689134,2343690901244889,16
get_timeline,641191,2343690901916970,16
get_timeline,435414,2343690902386997,16
post_tweet,3250651,2343690905679558,16
get_timeline,654419,2343690906396979,16
get_timeline,519286,2343690906961330,16
post_tweet,2515038,2343690909519589,16
get_timeline,366251,2343690909922117,16
follow,2943192,2343690912906885,16
post_tweet,2964625,2343690915910742,16
post_tweet,3222458,2343690919169820,16
get_timeline,575161,2343690919796004,16
post_tweet,3058297,2343690922917864,16
get_timeline,945372,2343690923919743,16
add_user,1942282,2343690925900715,16
add_user,3590316,2343690929544590,16
get_timeline,475992,2343690930056764,16
post_tweet,2639646,2343690932735329,16
follow,2797562,2343690935567964,16
post_tweet,2302374,2343690937904343,16
post_tweet,3148176,2343690941106610,16
get_timeline,703676,2343690941873169,16
add_user,2327031,2343690944246287,16
get_timeline,899065,2343690945215826,16
post_tweet,2939639,2343690948201509,16
follow,2311576,2343690950565710,16
get_timeline,426737,2343690951028311,16
get_timeline,817582,2343690951886872,16
post_tweet,3303362,2343690955234600,16
add_user,2610491,2343690957882438,16
post_tweet,2225084,2343690960146155,16
post_tweet,4429863,2343690964630350,16
follow,4154988,2343690968847636,16
post_tweet,2574685,2343690971481709,16
follow,2123365,2343690973644413,16
get_timeline,633989,2343690974327413,16
get_timeline,427765,2343690974807492,16
get_timeline,491963,2343690975353396,16
follow,2307480,2343690977713027,16
post_tweet,2702802,2343690980472128,16
post_tweet,3008234,2343690983530649,16
get_timeline,689284,2343690984272460,16
follow,2586507,2343690986914183,16
post_tweet,2198799,2343690989144002,16
post_tweet,2344714,2343690991521152,16
get_timeline,710127,2343690992259427,16
post_tweet,2861511,2343690995167993,16
get_timeline,626690,2343690995829527,16
follow,2194699,2343690998084536,16
post_tweet,2248760,2343691000373437,16
post_tweet,3240096,2343691003662653,16
follow,1411396,2343691005124589,16
get_timeline,502651,2343691005665570,16
get_timeline,625864,2343691006335812,16
follow,2322887,2343691008699577,16
follow,1920658,2343691010667736,16
get_timeline,436886,2343691011138446,16
post_tweet,2973446,2343691014152571,16
post_tweet,2328098,2343691016540527,16
get_timeline,393326,2343691016969601,16
get_timeline,367996,2343691017376527,16
post_tweet,2881044,2343691020297368,16
follow,2691138,2343691023054582,16
post_tweet,2698709,2343691025789882,16
get_timeline,663305,2343691026492436,16
add_user,2668118,2343691029203454,16
get_timeline,586634,2343691029827521,16
post_tweet,2399442,2343691032277717,16
follow,2296688,2343691034617441,16
follow,3168614,2343691037826105,16
get_timeline,479661,2343691038349180,16
post_tweet,2918955,2343691041318339,16
follow,2552259,2343691043938284,16
get_timeline,498726,2343691044471431,16
add_user,2153524,2343691046666815,16
get_timeline,420435,2343691047120084,16
get_timeline,484850,2343691047645024,16
follow,3013570,2343691050696020,16
post_tweet,2598139,2343691053332968,16
get_timeline,588206,2343691053974707,16
get_timeline,421367,2343691054440531,16
get_timeline,338080,2343691054826835,16
post_tweet,3027381,2343691057930896,16
get_timeline,540693,2343691058515946,16
get_timeline,766908,2343691059328535,16
get_timeline,505659,2343691059878704,16
get_timeline,591125,2343691060521599,16
follow,2673103,2343691063240669,16
post_tweet,2866631,2343691066147512,16
get_timeline,561286,2343691066738774,16
get_timeline,419742,2343691067192115,16
post_tweet,2988146,2343691070212999,16
get_timeline,384963,2343691070676023,16
get_timeline,554265,2343691071262584,16
add_user,2484648,2343691073779552,16
get_timeline,249584,2343691074058794,16
get_timeline,469404,2343691074579518,16
post_tweet,3920394,2343691078540420,16
get_timeline,649966,2343691079220244,16
get_timeline,380366,2343691079641978,16
add_user,2368398,2343691082048966,16
get_timeline,520537,2343691082624815,16
post_tweet,2865455,2343691085529973,16
get_timeline,715055,2343691086309498,16
post_tweet,2407358,2343691088757519,16
get_timeline,497566,2343691089296200,16
follow,2459741,2343691091806570,16
get_timeline,554483,2343691092395955,16
get_timeline,394822,2343691092832105,16
get_timeline,457823,2343691093326397,16
follow,2033052,2343691095398729,16
get_timeline,400242,2343691095833230,16
post_tweet,2624072,2343691098506879,16
post_tweet,3376990,2343691101919759,16
post_tweet,3475244,2343691105449481,16
post_tweet,2597854,2343691108084543,16
post_tweet,2537869,2343691110677621,16
post_tweet,3185969,2343691113915912,16
follow,2629638,2343691116618610,16
post_tweet,2631683,2343691119317709,16
get_timeline,473223,2343691119826144,16
get_timeline,568883,2343691120437108,16
post_tweet,2837249,2343691123318699,16
get_timeline,497335,2343691123852082,16
get_timeline,474730,2343691124370009,16
post_tweet,3362903,2343691127779073,16
get_timeline,536303,2343691128350920,16
get_timeline,497974,2343691128897015,16
get_timeline,291199,2343691129227934,16
get_timeline,302087,2343691129570342,16
get_timeline,503159,2343691130115392,16
get_timeline,663343,2343691130822005,16
get_timeline,690099,2343691131554827,16
post_tweet,2691103,2343691134289836,16
get_timeline,721965,2343691135090412,16
get_timeline,600002,2343691135742451,16
get_timeline,570015,2343691136355607,16
post_tweet,3186769,2343691139587486,16
post_tweet,3115122,2343691142739504,16
post_tweet,2573671,2343691145355643,16
get_timeline,362695,2343691145768721,16
follow,1693041,2343691147495906,16
get_timeline,628572,2343691148151855,16
add_user,3373562,2343691151591701,16
follow,1313471,2343691152932698,16
get_timeline,744879,2343691153709010,16
get_timeline,649045,2343691154394264,16
post_tweet,3556845,2343691157985993,16
get_timeline,444696,2343691158468227,16
get_timeline,359959,2343691158868062,16
post_tweet,3119015,2343691162030930,16
follow,2187508,2343691164255567,16
follow,2043094,2343691166335799,16
post_tweet,2795996,2343691169184252,16
get_timeline,790397,2343691170031577,16
follow,2695346,2343691172784803,16
follow,2885715,2343691175722378,16
get_timeline,716149,2343691176500567,16
get_timeline,352532,2343691176914163,16
post_tweet,2977877,2343691179929918,16
follow,2926969,2343691182906575,16
follow,2668935,2343691185617106,16
follow,2579664,2343691188233130,16
post_tweet,2914244,2343691191180888,16
post_tweet,3639609,2343691194859931,16
post_tweet,3107093,2343691198029310,16
get_timeline,659433,2343691198740177,16
get_timeline,537234,2343691199353362,16
post_tweet,2481756,2343691201882796,16
follow,2429266,2343691204364605,16
get_timeline,407443,2343691204824505,16
get_timeline,581905,2343691205454715,16
follow,3466588,2343691208970180,16
post_tweet,4553548,2343691213565546,16
get_timeline,511348,2343691214268674,16
get_timeline,428014,2343691214738062,16
get_timeline,896819,2343691215677969,16
get_timeline,1057858,2343691216779115,16
get_timeline,376817,2343691217215606,16
get_timeline,528088,2343691217783961,16
add_user,3231488,2343691221057072,16
get_timeline,507415,2343691221602185,16
post_tweet,3514044,2343691225176093,16
post_tweet,2456859,2343691227688113,16
get_timeline,579302,2343691228306634,16
get_timeline,518662,2343691228873749,16
get_timeline,573299,2343691229492762,16
get_timeline,727583,2343691230265727,16
get_timeline,632972,2343691230951598,16
post_tweet,2888986,2343691233886865,16
get_timeline,517694,2343691234432821,16
post_tweet,3135637,2343691237601705,16
post_tweet,3285563,2343691240916334,16
follow,1904883,2343691242854731,16
get_timeline,412958,2343691243302183,16
get_timeline,588381,2343691243933612,16
post_tweet,2863559,2343691246840895,16
follow,2752058,2343691249644718,16
get_timeline,635487,2343691250319904,16
get_timeline,696980,2343691251060327,16
add_user,2243842,2343691253346235,16
get_timeline,479033,2343691253877357,16
get_timeline,614549,2343691254534098,16
get_timeline,531121,2343691255109162,16
post_tweet,2376611,2343691257528067,16
post_tweet,2916915,2343691260477566,16
get_timeline,485554,2343691260994869,16
follow,2406095,2343691263456485,16
post_tweet,2646653,2343691266155677,16
post_tweet,3479520,2343691269673277,16
get_timeline,570455,2343691270354539,16
get_timeline,586030,2343691270987650,16
get_timeline,740589,2343691271784411,16
get_timeline,399344,2343691272224913,16
follow,1919500,2343691274187544,16
get_timeline,445398,2343691274676827,16
get_timeline,282785,2343691274999426,16
get_timeline,491625,2343691275532632,16
add_user,3020519,2343691278599789,16
post_tweet,3312986,2343691281957689,16
get_timeline,601220,2343691282619810,16
get_timeline,625239,2343691283285934,16
follow,2162666,2343691285487580,16
get_timeline,530084,2343691286053699,16
follow,1993273,2343691288085286,16
post_tweet,2943213,2343691291064817,16
post_tweet,3283249,2343691294400831,16
post_tweet,3103437,2343691297538230,16
get_timeline,342827,2343691297913452,16
add_user,2223176,2343691300173979,16
get_timeline,383804,2343691300609417,16
post_tweet,2460535,2343691303108248,16
post_tweet,3033412,2343691306193709,16
add_user,3302554,2343691309536759,16
get_timeline,538743,2343691310129000,16
get_timeline,472662,2343691310647478,16
get_timeline,605287,2343691311298548,16
post_tweet,3075920,2343691314420878,16
get_timeline,333927,2343691314793634,16
post_tweet,3547229,2343691318387051,16
get_timeline,657255,2343691319086697,16
post_tweet,3324241,2343691322458391,16
post_tweet,3053566,2343691325563878,16
get_timeline,655761,2343691326261689,16
post_tweet,2550306,2343691328859427,16
follow,2553765,2343691331464833,16
post_tweet,3286776,2343691334791165,16
get_timeline,574619,2343691335405036,16
get_timeline,689074,2343691336140333,16
get_timeline,757546,2343691336942516,16
get_timeline,505876,2343691337489337,16
follow,2751643,2343691340281580,16
post_tweet,2998347,2343691343326786,16
post_tweet,2647186,2343691346010517,16
get_timeline,486544,2343691346535678,16
follow,2802574,2343691349380032,16
get_timeline,594349,2343691350011223,16
follow,2369582,2343691352421925,16
get_timeline,463874,2343691352922848,16
post_tweet,3326655,2343691356291829,16
follow,2495608,2343691358833481,16
post_tweet,2709183,2343691361582167,16
get_timeline,548098,2343691362186163,16
post_tweet,2083453,2343691364317176,16
post_tweet,2693817,2343691367052821,16
follow,2057609,2343691369159401,16
get_timeline,723033,2343691369932253,16
follow,1378593,2343691371355017,16
follow,2999262,2343691374389969,16
post_tweet,3520976,2343691377952061,16
get_timeline,386814,2343691378377144,16
get_timeline,553646,2343691378977451,16
add_user,2814404,2343691381836672,16
add_user,2401332,2343691384291340,16
get_timeline,518200,2343691384849142,16
follow,1852342,2343691386754991,16
follow,1894146,2343691388686051,16
post_tweet,2955615,2343691391683254,16
get_timeline,422587,2343691392154947,16
get_timeline,506606,2343691392734291,16
follow,2555692,2343691395330821,16
get_timeline,545254,2343691395912470,16
post_tweet,2828815,2343691398783638,16
get_timeline,569023,2343691399390261,16
post_tweet,2813103,2343691402246661,16
post_tweet,3562478,2343691405869540,16
get_timeline,651595,2343691406557099,16
get_timeline,537323,2343691407135395,16
get_timeline,516835,2343691407691059,16
post_tweet,2790379,2343691410521604,16
get_timeline,934762,2343691411534470,16
post_tweet,2478342,2343691414053347,16
add_user,3340509,2343691417429943,16
add_user,2433456,2343691419917650,16
get_timeline,822938,2343691420807749,16
get_timeline,727059,2343691421600231,16
get_timeline,699971,2343691422370872,16
post_tweet,3042693,2343691425479877,16
get_timeline,630767,2343691426148265,16
post_tweet,2572014,2343691428754769,16
post_tweet,2617106,2343691431403235,16
follow,2499700,2343691433953037,16
post_tweet,3212726,2343691437220748,16
post_tweet,2609164,2343691439870970,16
get_timeline,462622,2343691440371500,16
get_timeline,527073,2343691440946998,16
get_timeline,403450,2343691441393930,16
follow,2126121,2343691443563506,16
get_timeline,584862,2343691444187302,16
follow,1769353,2343691446001591,16
get_timeline,788996,2343691446854685,16
get_timeline,605297,2343691447514507,16
get_timeline,595530,2343691448173612,16
get_timeline,272827,2343691448485067,16
post_tweet,2608220,2343691451133388,16
post_tweet,2914462,2343691454082356,16
post_tweet,3884514,2343691458021386,16
get_timeline,580526,2343691458638206,16
add_user,3992765,2343691462686125,16
get_timeline,897075,2343691463636748,16
follow,2338806,2343691466018508,16
get_timeline,499327,2343691466555416,16
add_user,3089606,2343691469688247,16
get_timeline,484850,2343691470208760,16
get_timeline,544578,2343691470796315,16
post_tweet,2249059,2343691473095739,16
get_timeline,621172,2343691473762180,16
post_tweet,2730890,2343691476543913,16
post_tweet,2427567,2343691479016509,16
add_user,2616682,2343691481674957,16
get_timeline,619745,2343691482349559,16
get_timeline,559844,2343691482974062,16
get_timeline,305417,2343691483313914,16
get_timeline,504761,2343691483854210,16
post_tweet,3283674,2343691487172936,16
follow,1016507,2343691488219573,16
follow,2694267,2343691490948655,16
get_timeline,382213,2343691491362061,16
get_timeline,407136,2343691491804587,16
get_timeline,351366,2343691492190564,16
post_tweet,2722021,2343691494949494,16
post_tweet,2924861,2343691497907043,16
follow,3092842,2343691501053130,16
follow,2839590,2343691503947780,16
get_timeline,304905,2343691504283472,16
get_timeline,356041,2343691504678838,16
add_user,2661344,2343691507388951,16
get_timeline,758483,2343691508191538,16
post_tweet,3982377,2343691512226573,16
follow,2602074,2343691514880986,16
get_timeline,597482,2343691515520986,16
get_timeline,360630,2343691515924869,16
get_timeline,300596,2343691516274414,16
post_tweet,3305236,2343691519637217,16
get_timeline,667592,2343691520344610,16
follow,2258285,2343691522649020,16
follow,2674924,2343691525373071,16
post_tweet,2818972,2343691528233444,16
post_tweet,3287367,2343691531559615,16
get_timeline,399889,2343691531995658,16
follow,2673987,2343691534729532,16
post_tweet,2906346,2343691537687914,16
post_tweet,3279561,2343691541012243,16
follow,1875746,2343691542940396,16
follow,2739629,2343691545729536,16
post_tweet,2584336,2343691548368231,16
get_timeline,720531,2343691549126074,16
follow,2083739,2343691551248842,16
get_timeline,441252,2343691551724476,16
get_timeline,348921,2343691552116359,16
get_timeline,528632,2343691552709387,16
post_tweet,2164559,2343691554914701,16
post_tweet,2682782,2343691557649579,16
get_timeline,687531,2343691558373308,16
get_timeline,824103,2343691559241655,16
follow,2046620,2343691561327118,16
post_tweet,2538687,2343691563901565,16
get_timeline,372086,2343691564313325,16
get_timeline,417877,2343691564770444,16
follow,2804171,2343691567632882,16
post_tweet,2258190,2343691569925477,16
post_tweet,3225995,2343691573205676,16
get_timeline,770776,2343691574015500,16
get_timeline,356615,2343691574412836,16
follow,2268760,2343691576723333,16
post_tweet,3617947,2343691580380149,16
post_tweet,4711913,2343691585130769,16
post_tweet,3408900,2343691588578408,16
get_timeline,1020394,2343691589643373,16
post_tweet,3614503,2343691593310110,16
get_timeline,674007,2343691594038664,16
get_timeline,745417,2343691594833909,16
get_timeline,796861,2343691595680795,16
follow,2842813,2343691598571078,16
get_timeline,736959,2343691599353229,16
follow,2031958,2343691601425147,16
get_timeline,498972,2343691601977855,16
get_timeline,539721,2343691602559287,16
get_timeline,835152,2343691603436795,16
get_timeline,548608,2343691604028774,16
get_timeline,586658,2343691604660597,16
get_timeline,434406,2343691605135533,16
post_tweet,3008090,2343691608186076,16
post_tweet,2249438,2343691610474094,16
post_tweet,2318030,2343691612829122,16
get_timeline,707399,2343691613593220,16
post_tweet,3073088,2343691616709500,16
get_timeline,625873,2343691617368044,16
get_timeline,333327,2343691617736909,16
get_timeline,557352,2343691618329863,16
get_timeline,428096,2343691618798580,16
post_tweet,2643966,2343691621478350,16
post_tweet,2523237,2343691624033941,16
post_tweet,3306059,2343691627372290,16
get_timeline,415035,2343691627825504,16
get_timeline,608152,2343691628468876,16
follow,2485331,2343691630990680,16
get_timeline,282992,2343691631302699,16
follow,2458825,2343691633796674,16
add_user,2470601,2343691636305189,16
post_tweet,3117472,2343691639467940,16
get_timeline,612117,2343691640122993,16
post_tweet,2606995,2343691642778892,16
post_tweet,3124872,2343691645956330,16
post_tweet,3464571,2343691649478452,16
follow,1901974,2343691651425957,16
follow,2375324,2343691653842316,16
post_tweet,3011915,2343691656899848,16
post_tweet,2659678,2343691659648438,16
get_timeline,901881,2343691660602897,16
follow,2918505,2343691663568502,16
follow,2780876,2343691666387382,16
post_tweet,2465756,2343691668908823,16
get_timeline,833106,2343691669798882,16
post_tweet,3050399,2343691672910263,16
post_tweet,3440868,2343691676406976,16
get_timeline,764156,2343691677228070,16
get_timeline,474456,2343691677741466,16
post_tweet,3061209,2343691680841014,16
follow,2219607,2343691683093909,16
follow,1905681,2343691685031667,16
get_timeline,386902,2343691685452275,16
get_timeline,546080,2343691686037128,16
follow,2999598,2343691689072617,16
get_timeline,527555,2343691689633509,16
get_timeline,713873,2343691690398912,16
add_user,2720214,2343691693157601,16
post_tweet,3171485,2343691696411809,16
get_timeline,510766,2343691696959683,16
follow,2404780,2343691699406438,16
get_timeline,526093,2343691699968191,16
get_timeline,522791,2343691700554533,16
get_timeline,528044,2343691701127619,16
get_timeline,459441,2343691701628012,16
get_timeline,589710,2343691702259290,16
follow,2350647,2343691704650562,16
get_timeline,737228,2343691705426844,16
follow,1467129,2343691706935761,16
get_timeline,610663,2343691707582217,16
get_timeline,669767,2343691708294229,16
post_tweet,3821242,2343691712160379,16
post_tweet,3934817,2343691716134367,16
get_timeline,493772,2343691716665827,16
follow,2289054,2343691718999062,16
get_timeline,594735,2343691719633417,16
get_timeline,767133,2343691720447160,16
follow,1957968,2343691722451230,16
follow,2142253,2343691724641890,16
follow,2534861,2343691727227313,16
get_timeline,534146,2343691727798587,16
get_timeline,549283,2343691728392505,16
get_timeline,498438,2343691728938424,16
get_timeline,536843,2343691729520815,16
post_tweet,3330398,2343691732889523,16
post_tweet,2980909,2343691735904507,16
post_tweet,3531740,2343691739468928,16
get_timeline,672610,2343691740176868,16
get_timeline,570406,2343691740785751,16
get_timeline,514900,2343691741347984,16
get_timeline,530944,2343691741922366,16
follow,2275961,2343691744247892,16
get_timeline,540667,2343691744828034,16
get_timeline,768020,2343691745638169,16
post_tweet,2905047,2343691748586636,16
get_timeline,579734,2343691749204472,16
post_tweet,2720091,2343691751967638,16
get_timeline,521633,2343691752543787,16
follow,1960619,2343691754547612,16
follow,2297862,2343691756874314,16
post_tweet,2823295,2343691759730221,16
post_tweet,2546484,2343691762307354,16
post_tweet,2910694,2343691765262702,16
follow,2023681,2343691767317507,16
get_timeline,536836,2343691767891565,16
post_tweet,2627136,2343691770566776,16
post_tweet,2866116,2343691773476702,16
post_tweet,3553258,2343691777076442,16
get_timeline,448981,2343691777570531,16
post_tweet,3111744,2343691780770795,16
post_tweet,3639716,2343691784454374,16
follow,1951563,2343691786444004,16
post_tweet,2483463,2343691788972318,16
get_timeline,706396,2343691789718745,16
get_timeline,561504,2343691790324940,16
get_timeline,938939,2343691791307866,16
post_tweet,2705470,2343691794074318,16
follow,1535684,2343691795662037,16
get_timeline,724929,2343691796439943,16
get_timeline,503751,2343691796980933,16
post_tweet,2775064,2343691799793082,16
post_tweet,2138514,2343691801963116,16
post_tweet,3218214,2343691805236577,16
post_tweet,3102179,2343691808371365,16
get_timeline,844257,2343691809246825,16
add_user,2332241,2343691811622120,16
post_tweet,3586918,2343691815246169,16
add_user,1809571,2343691817093447,16
post_tweet,3429766,2343691820561898,16
get_timeline,731752,2343691821349633,16
follow,2700163,2343691824098301,16
follow,2326598,2343691826467698,16
get_timeline,340722,2343691826848165,16
get_timeline,402317,2343691827297801,16
post_tweet,2648785,2343691830015947,16
get_timeline,699438,2343691830762402,16
post_tweet,4069301,2343691834881503,16
get_timeline,633125,2343691835550111,16
get_timeline,482261,2343691836070441,16
post_tweet,2281692,2343691838392994,16
post_tweet,3859589,2343691842285136,16
post_tweet,4116072,2343691846478428,16
get_timeline,631132,2343691847163012,16
get_timeline,332182,2343691847538924,16
follow,2538833,2343691850123288,16
get_timeline,408582,2343691850571543,16
get_timeline,611432,2343691851254503,16
get_timeline,634932,2343691851936029,16
post_tweet,3642732,2343691855624507,16
get_timeline,583445,2343691856262394,16
add_user,3072142,2343691859397498,16
get_timeline,476206,2343691859930751,16
post_tweet,2843012,2343691862817393,16
post_tweet,2503454,2343691865359762,16
post_tweet,2753456,2343691868154715,16
get_timeline,483857,2343691868676489,16
get_timeline,466090,2343691869190591,16
follow,2339327,2343691871577526,16
post_tweet,2998061,2343691874618470,16
get_timeline,1130855,2343691875795802,16
get_timeline,591658,2343691876437762,16
post_tweet,3640423,2343691880130143,16
post_tweet,3278264,2343691883463727,16
post_tweet,2984235,2343691886499912,16
get_timeline,580182,2343691887130774,16
follow,2004642,2343691889173602,16
get_timeline,614590,2343691889822956,16
post_tweet,2515001,2343691892376105,16
get_timeline,577205,2343691892987991,16
get_timeline,714786,2343691893747153,16
post_tweet,3221408,2343691897014449,16
post_tweet,3118838,2343691900214701,16
post_tweet,2594481,2343691902850417,16
post_tweet,2888770,2343691905778495,16
get_timeline,529207,2343691906345897,16
follow,2490801,2343691908879037,16
follow,1789340,2343691910705109,16
post_tweet,2795191,2343691913536872,16
get_timeline,719129,2343691914294511,16
post_tweet,1731639,2343691916069089,16
post_tweet,2827068,2343691918951000,16
post_tweet,3699791,2343691922702658,16
follow,2476176,2343691925243644,16
post_tweet,3574661,2343691928873032,16
get_timeline,576125,2343691929501650,16
post_tweet,3367148,2343691932909628,16
post_tweet,3172323,2343691936136027,16
get_timeline,647287,2343691936837674,16
get_timeline,340378,2343691937216172,16
get_timeline,283818,2343691937537567,16
add_user,2599992,2343691940177128,16
post_tweet,3310689,2343691943523748,16
follow,2369779,2343691945942857,16
get_timeline,622348,2343691946606090,16
add_user,2977290,2343691949628457,16
get_timeline,564880,2343691950233681,16
follow,3036821,2343691953314514,16
get_timeline,544664,2343691953912532,16
get_timeline,575952,2343691954535471,16
follow,3457463,2343691958036252,16
post_tweet,4737898,2343691962829326,16
post_tweet,4500928,2343691967372369,16
post_tweet,3362705,2343691970776737,16
get_timeline,660299,2343691971492597,16
post_tweet,3164222,2343691974712284,16
get_timeline,776690,2343691975543802,16
follow,1811313,2343691977407717,16
get_timeline,731581,2343691978197173,16
follow,3295328,2343691981544349,16
add_user,2173969,2343691983760734,16
post_tweet,2791305,2343691986603897,16
post_tweet,2791475,2343691989429238,16
add_user,4474753,2343691993968036,16
follow,2118347,2343691996138900,16
get_timeline,963156,2343691997159400,16
post_tweet,2608697,2343691999825094,16
post_tweet,3272682,2343692003141215,16
get_timeline,558355,2343692003739763,16
get_timeline,550596,2343692004332160,16
get_timeline,549902,2343692004948664,16
get_timeline,482419,2343692005495669,16
follow,2298557,2343692007836183,16
add_user,2269449,2343692010144846,16
get_timeline,637135,2343692010820788,16
get_timeline,685603,2343692011559871,16
get_timeline,503237,2343692012101210,16
post_tweet,3606166,2343692015754634,16
post_tweet,2071830,2343692017858875,16
follow,2650623,2343692020542309,16
get_timeline,662225,2343692021252494,16
get_timeline,533582,2343692021823498,16
post_tweet,2762533,2343692024629686,16
get_timeline,614907,2343692025304095,16
get_timeline,520220,2343692025875497,16
get_timeline,442947,2343692026360327,16
get_timeline,618178,2343692027021227,16
add_user,2481997,2343692029545483,16
get_timeline,640122,2343692030223509,16
post_tweet,2766156,2343692033033023,16
get_timeline,627990,2343692033700115,16
get_timeline,630029,2343692034376071,16
get_timeline,541841,2343692034952136,16
post_tweet,2304237,2343692037308956,16
post_tweet,2504449,2343692039843459,16
get_timeline,467821,2343692040345321,16
get_timeline,929363,2343692041310405,16
get_timeline,542163,2343692041936725,16
get_timeline,541141,2343692042535250,16
post_tweet,3643034,2343692046240279,16
get_timeline,575832,2343692046870665,16
get_timeline,309812,2343692047215384,16
get_timeline,486852,2343692047737337,16
get_timeline,725673,2343692048517207,16
get_timeline,386585,2343692048939732,16
get_timeline,382083,2343692049356859,16
get_timeline,333026,2343692049723932,16
post_tweet,2957086,2343692052717062,16
get_timeline,703172,2343692053453500,16
get_timeline,744357,2343692054233446,16
get_timeline,489170,2343692054758279,16
get_timeline,664330,2343692055459237,16
get_timeline,835455,2343692056330109,16
get_timeline,402473,2343692056769748,16
get_timeline,465442,2343692057270428,16
follow,2026166,2343692059331000,16
follow,3268151,2343692062624740,16
post_tweet,2138867,2343692064830014,16
get_timeline,438093,2343692065296884,16
post_tweet,2287234,2343692067615383,16
get_timeline,537974,2343692068180231,16
follow,3595657,2343692071808597,16
follow,2575580,2343692074408898,16
get_timeline,485572,2343692074927405,16
follow,1963059,2343692076924625,16
post_tweet,2099493,2343692079052514,16
get_timeline,304339,2343692079391785,16
post_tweet,2690433,2343692082125599,16
post_tweet,3209369,2343692085389862,16
get_timeline,865927,2343692086345929,16
follow,2262189,2343692088649961,16
post_tweet,2841186,2343692091529930,16
follow,2459476,2343692094038627,16
follow,2477705,2343692096555052,16
get_timeline,483108,2343692097089136,16
post_tweet,3796975,2343692100932776,16
post_tweet,2821688,2343692103818948,16
post_tweet,2712181,2343692106594175,16
post_tweet,3109648,2343692109758332,16
post_tweet,2796202,2343692112599610,16
get_timeline,525971,2343692113178309,16
post_tweet,2576640,2343692115805124,16
get_timeline,508906,2343692116348269,16
add_user,1936451,2343692118325612,16
get_timeline,520444,2343692118883750,16
get_timeline,565197,2343692119490635,16
get_timeline,606650,2343692120144737,16
get_timeline,518142,2343692120703918,16
get_timeline,445120,2343692121187845,16
get_timeline,356014,2343692121585178,16
add_user,2901806,2343692124526105,16
follow,2668200,2343692127228422,16
get_timeline,514935,2343692127778858,16
follow,2097808,2343692129910172,16
post_tweet,3406596,2343692133348181,16
get_timeline,440985,2343692133828834,16
follow,2254800,2343692136117580,16
get_timeline,559517,2343692136709875,16
follow,2801799,2343692139546400,16
get_timeline,454020,2343692140050214,16
get_timeline,614131,2343692140710059,16
get_timeline,438662,2343692141188614,16
post_tweet,3090165,2343692144322086,16
follow,1961491,2343692146320797,16
follow,2173496,2343692148529243,16
follow,2332409,2343692150912882,16
get_timeline,592805,2343692151540858,16
get_timeline,552138,2343692152135774,16
post_tweet,2106127,2343692154288737,16
get_timeline,317390,2343692154641650,16
add_user,3583189,2343692158271280,16
get_timeline,757586,2343692159084327,16
get_timeline,728494,2343692159858984,16
follow,3135353,2343692163037397,16
post_tweet,3203525,2343692166282675,16
follow,2706562,2343692169041083,16
get_timeline,741002,2343692169849342,16
get_timeline,906798,2343692170816055,16
follow,2913925,2343692173787289,16
post_tweet,3305127,2343692177146923,16
post_tweet,2249843,2343692179451624,16
follow,2751021,2343692182260850,16
post_tweet,3193241,2343692185508128,16
get_timeline,511011,2343692186110922,16
post_tweet,3251878,2343692189436427,16
get_timeline,945794,2343692190437991,16
add_user,2992348,2343692193490720,16
follow,3038265,2343692196591305,16
get_timeline,823163,2343692197517689,16
get_timeline,504276,2343692198096728,16
follow,2076592,2343692200236264,16
follow,2098238,2343692202376880,16
get_timeline,554252,2343692202961866,16
follow,2355916,2343692205351835,16
get_timeline,417004,2343692205820765,16
get_timeline,292053,2343692206167255,16
get_timeline,544236,2343692206745663,16
follow,2529206,2343692209307348,16
get_timeline,947723,2343692210283776,16
get_timeline,430762,2343692210750348,16
get_timeline,555856,2343692211341185,16
post_tweet,3300424,2343692214675763,16
follow,2656125,2343692217385322,16
get_timeline,785897,2343692218226761,16
get_timeline,794597,2343692219083283,16
follow,2123118,2343692221245091,16
get_timeline,407994,2343692221688438,16
get_timeline,456383,2343692222183350,16
get_timeline,920271,2343692223145937,16
follow,2977248,2343692226168484,16
get_timeline,1094772,2343692227299050,16
post_tweet,2452634,2343692229814747,16
get_timeline,625658,2343692230478584,16
post_tweet,3518464,2343692234055637,16
post_tweet,3354449,2343692237457430,16
follow,2931974,2343692240429568,16
post_tweet,2535079,2343692243019959,16
follow,3588697,2343692246655121,16
follow,2325442,2343692249020451,16
get_timeline,692397,2343692249762641,16
post_tweet,3350283,2343692253168461,16
post_tweet,3134056,2343692256351768,16
post_tweet,3339465,2343692259770579,16
get_timeline,626355,2343692260432889,16
get_timeline,493298,2343692260967221,16
post_tweet,2432323,2343692263439366,16
post_tweet,2606332,2343692266079809,16
get_timeline,564417,2343692266686118,16
get_timeline,513266,2343692267240252,16
get_timeline,307565,2343692267584818,16
get_timeline,659966,2343692268284982,16
follow,1800735,2343692270125406,16
get_timeline,543629,2343692270697770,16
add_user,2326813,2343692273058782,16
get_timeline,282944,2343692273370438,16
add_user,2624374,2343692276028868,16
post_tweet,2285990,2343692278345855,16
post_tweet,2981342,2343692281366141,16
add_user,2424968,2343692283828636,16
post_tweet,2929517,2343692286794187,16
get_timeline,502819,2343692287334977,16
get_timeline,494585,2343692287870756,16
get_timeline,660787,2343692288580928,16
get_timeline,543553,2343692289169289,16
post_tweet,2457067,2343692291671235,16
get_timeline,563844,2343692292284953,16
follow,1801714,2343692294124973,16
follow,1950719,2343692296105253,16
post_tweet,3143029,2343692299282732,16
add_user,2088607,2343692301422273,16
post_tweet,2759837,2343692304216189,16
get_timeline,547616,2343692304798187,16
post_tweet,2670386,2343692307515169,16
follow,2430836,2343692309985494,16
get_timeline,403701,2343692310447443,16
follow,1366163,2343692311859145,16
post_tweet,3351921,2343692315266881,16
post_tweet,3848689,2343692319170117,16
get_timeline,634341,2343692319858754,16
get_timeline,340810,2343692320240271,16
get_timeline,614440,2343692320897717,16
post_tweet,3170127,2343692324115188,16
get_timeline,288254,2343692324436915,16
get_timeline,457223,2343692324934931,16
get_timeline,646908,2343692325622377,16
get_timeline,535374,2343692326197032,16
get_timeline,635197,2343692326871287,16
get_timeline,625220,2343692327536942,16
get_timeline,598112,2343692328170782,16
get_timeline,500950,2343692328711792,16
post_tweet,2723610,2343692331472897,16
post_tweet,3201927,2343692334726744,16
post_tweet,2849531,2343692337631107,16
get_timeline,571682,2343692338257016,16
get_timeline,580307,2343692338876951,16
get_timeline,694932,2343692339648438,16
follow,2484846,2343692342169551,16
post_tweet,3072836,2343692345276933,16
follow,2852806,2343692348168068,16
get_timeline,524748,2343692348734593,16
get_timeline,546062,2343692349317569,16
post_tweet,2600011,2343692351956518,16
get_timeline,457201,2343692352451848,16
follow,1614814,2343692354121563,16
post_tweet,2993796,2343692357155306,16
get_timeline,397749,2343692357591870,16
get_timeline,471532,2343692358109877,16
get_timeline,604839,2343692358760222,16
post_tweet,3660892,2343692362476007,16
post_tweet,3080095,2343692365616604,16
post_tweet,2613597,2343692368309386,16
follow,2417908,2343692370769286,16
get_timeline,546082,2343692371350771,16
get_timeline,513807,2343692371904183,16
post_tweet,2547711,2343692374517310,16
post_tweet,2986292,2343692377541552,16
get_timeline,521666,2343692378103909,16
get_timeline,415655,2343692378564904,16
post_tweet,3007984,2343692381618549,16
get_timeline,470106,2343692382147111,16
get_timeline,592982,2343692382806411,16
get_timeline,828384,2343692383680395,16
get_timeline,653202,2343692384380853,16
get_timeline,732406,2343692385162022,16
post_tweet,2696024,2343692387904758,16
get_timeline,495737,2343692388454791,16
follow,3173403,2343692391660696,16
get_timeline,953758,2343692392667201,16
post_tweet,2552095,2343692395255798,16
post_tweet,2136012,2343692397428463,16
get_timeline,667004,2343692398125187,16
get_timeline,812700,2343692398979067,16
get_timeline,491201,2343692399513305,16
post_tweet,2736901,2343692402292617,16
get_timeline,553698,2343692402902086,16
post_tweet,2925474,2343692405869955,16
get_timeline,508652,2343692406416369,16
get_timeline,407753,2343692406865485,16
post_tweet,2451633,2343692409360061,16
get_timeline,598167,2343692409998202,16
get_timeline,915922,2343692410971492,16
follow,1883602,2343692412891719,16
get_timeline,626961,2343692413553466,16
follow,1244061,2343692414841182,16
get_timeline,438011,2343692415311631,16
post_tweet,3120770,2343692418470557,16
get_timeline,729771,2343692419254183,16
post_tweet,3258819,2343692422609196,16
post_tweet,3258967,2343692425923372,16
post_tweet,3229401,2343692429188569,16
follow,1913079,2343692431190054,16
get_timeline,447976,2343692431667970,16
follow,2003073,2343692433704000,16
post_tweet,2900056,2343692436635349,16
get_timeline,933940,2343692437612647,16
get_timeline,532146,2343692438190536,16
follow,2650252,2343692440883710,16
add_user,2683206,2343692443607698,16
follow,2125210,2343692445769922,16
post_tweet,1945164,2343692447756216,16
post_tweet,2232901,2343692450035284,16
post_tweet,3161825,2343692453262260,16
get_timeline,629795,2343692453931980,16
follow,2107367,2343692456081038,16
post_tweet,3150591,2343692459287517,16
get_timeline,906907,2343692460230899,16
get_timeline,343525,2343692460618081,16
get_timeline,431934,2343692461092040,16
follow,1453757,2343692462586174,16
add_user,2565245,2343692465187557,16
post_tweet,2739541,2343692467965744,16
get_timeline,620761,2343692468642856,16
get_timeline,384298,2343692469070896,16
get_timeline,643469,2343692469762290,16
post_tweet,2377792,2343692472183457,16
post_tweet,2762768,2343692475000743,16
get_timeline,769872,2343692475819779,16
follow,1574971,2343692477431457,16
get_timeline,605205,2343692478090696,16
get_timeline,505112,2343692478633000,16
get_timeline,589844,2343692479260815,16
get_timeline,440840,2343692479739019,16
follow,2107429,2343692481882447,16
follow,2209935,2343692484123895,16
post_tweet,3137278,2343692487310340,16
post_tweet,2694739,2343692490041271,16
post_tweet,2650366,2343692492729338,16
post_tweet,3089746,2343692495865244,16
post_tweet,2884288,2343692498789345,16
get_timeline,511132,2343692499340911,16
post_tweet,2916621,2343692502304485,16
get_timeline,776675,2343692503121889,16
post_tweet,3154317,2343692506329075,16
post_tweet,3139242,2343692509509355,16
get_timeline,606037,2343692510167729,16
add_user,3104359,2343692513320666,16
get_timeline,889337,2343692514267670,16
follow,2448127,2343692516768195,16
get_timeline,289828,2343692517096203,16
post_tweet,2372775,2343692519515320,16
add_user,2616603,2343692522165010,16
get_timeline,895674,2343692523101650,16
add_user,3395299,2343692526541752,16
get_timeline,647935,2343692527246395,16
post_tweet,2426446,2343692529721756,16
follow,2695302,2343692532457578,16
post_tweet,2715926,2343692535221934,16
get_timeline,547046,2343692535809036,16
follow,2375699,2343692538230231,16
post_tweet,2769003,2343692541051740,16
get_timeline,569292,2343692541674526,16
get_timeline,725150,2343692542459882,16
get_timeline,452635,2343692542969815,16
post_tweet,2579829,2343692545640729,16
post_tweet,2371807,2343692548046751,16
get_timeline,514321,2343692548595587,16
follow,2390588,2343692551022841,16
post_tweet,2597927,2343692553652935,16
#end,16,1877,16
