basic_1BT,1458800,2725076426160,64
basic_1BT,1286777,2725077777282,64
basic_1BT,1630318,2725079441779,64
basic_1BT,1981308,2725081465337,64
basic_1BT,1962406,2725083480403,64
basic_1BT,1961075,2725085477144,64
basic_1BT,1728452,2725087247304,64
basic_1BT,2214686,2725089522223,64
basic_1BT,1993781,2725091548865,64
basic_1BT,1824315,2725093408274,64
basic_1BT,1771270,2725095230602,64
basic_1BT,1978611,2725097236860,64
basic_1BT,1838786,2725099123574,64
basic_1BT,2027661,2725101198997,64
basic_1BT,1987796,2725103214456,64
basic_1BT,1906143,2725105146148,64
basic_1BT,1993241,2725107166042,64
basic_1BT,2108040,2725109305463,64
basic_1BT,2082314,2725111418388,64
basic_1BT,2029563,2725113481115,64
basic_1BT,1891909,2725115422177,64
basic_1BT,2169061,2725117633809,64
basic_1BT,2072845,2725119761604,64
basic_1BT,2021076,2725121826784,64
basic_1BT,2060783,2725123917254,64
basic_1BT,1957995,2725125911160,64
basic_1BT,1820427,2725127762457,64
basic_1BT,2029989,2725129833261,64
basic_1BT,2065662,2725131935040,64
basic_1BT,1436363,2725133403131,64
basic_1BT,2119235,2725135555860,64
basic_1BT,1545915,2725137133302,64
basic_1BT,2130572,2725139291589,64
basic_1BT,1631470,2725140950743,64
basic_1BT,1753598,2725142739141,64
basic_1BT,1899841,2725144671297,64
basic_1BT,1619893,2725146321237,64
basic_1BT,1782554,2725148132167,64
basic_1BT,2030607,2725150199430,64
basic_1BT,1913001,2725152144530,64
basic_1BT,1935564,2725154114109,64
basic_1BT,1329846,2725155470005,64
basic_1BT,1873827,2725157375071,64
basic_1BT,1827185,2725159229042,64
basic_1BT,1014028,2725160274309,64
basic_1BT,1960682,2725162269017,64
basic_1BT,1948769,2725164249104,64
basic_1BT,2062088,2725166338303,64
basic_1BT,2018743,2725168385529,64
basic_1BT,1985459,2725170400900,64
basic_1BT,1876626,2725172305852,64
basic_1BT,1697663,2725174040900,64
basic_1BT,2264116,2725176336734,64
basic_1BT,2129175,2725178508065,64
basic_1BT,2166312,2725180710467,64
basic_1BT,1945274,2725182692106,64
basic_1BT,2037742,2725184755644,64
basic_1BT,1473333,2725186263350,64
basic_1BT,1731826,2725188026608,64
basic_1BT,1296575,2725189351529,64
basic_1BT,1583781,2725190968872,64
basic_1BT,1642149,2725192640881,64
basic_1BT,1961884,2725194635646,64
basic_1BT,2011875,2725196680117,64
basic_1BT,1965543,2725198679622,64
basic_1BT,2334962,2725201048715,64
basic_1BT,1765375,2725202880766,64
basic_1BT,2251712,2725205170141,64
basic_1BT,1765636,2725206967695,64
basic_1BT,2002064,2725209007280,64
basic_1BT,1990516,2725211030349,64
basic_1BT,1537161,2725212601195,64
basic_1BT,1774641,2725214409204,64
basic_1BT,1636148,2725216088984,64
basic_1BT,1686251,2725217803660,64
basic_1BT,1818752,2725219649363,64
basic_1BT,1815978,2725221492000,64
basic_1BT,2064038,2725223584940,64
basic_1BT,1912920,2725225530465,64
basic_1BT,1781807,2725227340583,64
basic_1BT,1971840,2725229343744,64
basic_1BT,1850859,2725231223901,64
basic_1BT,1973169,2725233238402,64
basic_1BT,1838279,2725235139841,64
basic_1BT,1986449,2725237152625,64
basic_1BT,1595715,2725238778595,64
basic_1BT,1861412,2725240668075,64
basic_1BT,1970718,2725242668210,64
basic_1BT,1436661,2725244137169,64
basic_1BT,2599220,2725246776087,64
basic_1BT,2218856,2725249033783,64
basic_1BT,1992864,2725251064498,64
basic_1BT,1996348,2725253094608,64
basic_1BT,1943229,2725255073627,64
basic_1BT,2206597,2725257319027,64
basic_1BT,2175051,2725259537101,64
basic_1BT,2582759,2725262157687,64
basic_1BT,2009104,2725264231082,64
basic_1BT,2039044,2725266305492,64
basic_1BT,1789658,2725268123574,64
basic_1BT,2099446,2725270256578,64
basic_1BT,1849498,2725272156126,64
basic_1BT,1379069,2725273563949,64
basic_1BT,1993541,2725275589325,64
basic_1BT,1579898,2725277196466,64
basic_1BT,1323870,2725278548993,64
basic_1BT,1644304,2725280220961,64
basic_1BT,2004723,2725282254291,64
basic_1BT,1966323,2725284247000,64
basic_1BT,2033680,2725286307927,64
basic_1BT,1331351,2725287665554,64
basic_1BT,1001027,2725288698011,64
basic_1BT,1809106,2725290534906,64
basic_1BT,2081317,2725292648075,64
basic_1BT,2050239,2725294730053,64
basic_1BT,2106716,2725296862992,64
basic_1BT,1353393,2725298245647,64
basic_1BT,937134,2725299209313,64
basic_1BT,2055076,2725301306095,64
basic_1BT,2017959,2725303359527,64
basic_1BT,1965305,2725305356268,64
basic_1BT,1909964,2725307295548,64
basic_1BT,1436706,2725308758663,64
basic_1BT,1588577,2725310380602,64
basic_1BT,1328864,2725311741184,64
basic_1BT,1620780,2725313387832,64
basic_1BT,1929443,2725315346805,64
basic_1BT,1911143,2725317324630,64
basic_1BT,2002480,2725319361694,64
basic_1BT,1937996,2725321352401,64
basic_1BT,2029783,2725323418556,64
basic_1BT,2000201,2725325453834,64
basic_1BT,1953724,2725327443010,64
basic_1BT,2988478,2725330460317,64
basic_1BT,3516686,2725334004172,64
basic_1BT,1748150,2725335777563,64
basic_1BT,1823760,2725337629558,64
basic_1BT,1860939,2725339515886,64
basic_1BT,1907923,2725341485231,64
basic_1BT,1903002,2725343405984,64
basic_1BT,1241535,2725344679091,64
basic_1BT,1023655,2725345720333,64
basic_1BT,1743252,2725347484579,64
basic_1BT,1171193,2725348677806,64
basic_1BT,1015810,2725349711683,64
basic_1BT,2012585,2725351755597,64
basic_1BT,1831325,2725353611564,64
basic_1BT,1040706,2725354683520,64
basic_1BT,1098924,2725355806447,64
basic_1BT,1920097,2725357750103,64
basic_1BT,1873014,2725359649145,64
basic_1BT,1406771,2725361086673,64
basic_1BT,1162650,2725362274872,64
basic_1BT,1791767,2725364089667,64
basic_1BT,1607402,2725365741002,64
basic_1BT,1844490,2725367608249,64
basic_1BT,1542611,2725369179847,64
basic_1BT,2177739,2725371388859,64
basic_1BT,1842525,2725373284895,64
basic_1BT,1996997,2725375326778,64
basic_1BT,1866961,2725377222891,64
basic_1BT,1432957,2725378702879,64
basic_1BT,1674093,2725380412624,64
basic_1BT,1530070,2725381973195,64
basic_1BT,1590145,2725383589288,64
basic_1BT,1615867,2725385230999,64
basic_1BT,2010339,2725387269323,64
basic_1BT,2103262,2725389399164,64
basic_1BT,1876141,2725391302164,64
basic_1BT,1813043,2725393158908,64
basic_1BT,1996329,2725395186835,64
basic_1BT,2062658,2725397274992,64
basic_1BT,1979371,2725399295927,64
basic_1BT,1928914,2725401261239,64
basic_1BT,1906704,2725403197572,64
basic_1BT,2006849,2725405235413,64
basic_1BT,1971423,2725407240994,64
basic_1BT,1786914,2725409060029,64
basic_1BT,1739419,2725410833902,64
basic_1BT,1773155,2725412636572,64
basic_1BT,1623902,2725414308732,64
basic_1BT,1972297,2725416311786,64
basic_1BT,1888260,2725418233173,64
basic_1BT,1959174,2725420226649,64
basic_1BT,1992792,2725422248276,64
basic_1BT,1870226,2725424144311,64
basic_1BT,1949133,2725426126124,64
basic_1BT,1926150,2725428078498,64
basic_1BT,1818129,2725429930075,64
basic_1BT,1900773,2725431863270,64
basic_1BT,1850475,2725433742231,64
basic_1BT,1302055,2725435071229,64
basic_1BT,1152007,2725436251809,64
basic_1BT,1711983,2725437999528,64
basic_1BT,1944805,2725439980778,64
basic_1BT,1987410,2725442018302,64
basic_1BT,2042868,2725444092817,64
basic_1BT,1628623,2725445773135,64
basic_1BT,1690387,2725447490054,64
basic_1BT,1931897,2725449450977,64
basic_1BT,1951579,2725451434934,64
basic_1BT,1818492,2725453278924,64
basic_1BT,2175431,2725455481804,64
basic_1BT,1771131,2725457282549,64
basic_1BT,2011441,2725459323514,64
basic_1BT,2089637,2725461444701,64
basic_1BT,1981599,2725463456892,64
basic_1BT,1826738,2725465314908,64
basic_1BT,1913851,2725467261977,64
basic_1BT,1606245,2725468900922,64
basic_1BT,1531220,2725470469436,64
basic_1BT,1611782,2725472108622,64
basic_1BT,1574522,2725473716025,64
basic_1BT,2488109,2725476229418,64
basic_1BT,1629512,2725477893098,64
basic_1BT,1905687,2725479824597,64
basic_1BT,1803413,2725481655916,64
basic_1BT,2013587,2725483696168,64
basic_1BT,1952356,2725485673347,64
basic_1BT,1909271,2725487609933,64
basic_1BT,2054107,2725489689248,64
basic_1BT,1802111,2725491523641,64
basic_1BT,1886034,2725493446397,64
basic_1BT,2176492,2725495655912,64
basic_1BT,1952093,2725497649004,64
basic_1BT,1994314,2725499680493,64
basic_1BT,1974212,2725501705530,64
basic_1BT,2098662,2725503848135,64
basic_1BT,1824298,2725505711541,64
basic_1BT,1999285,2725507744867,64
basic_1BT,2022235,2725509795448,64
basic_1BT,1955850,2725511784882,64
basic_1BT,1948112,2725513757084,64
basic_1BT,1989361,2725515800401,64
basic_1BT,1823195,2725517650806,64
basic_1BT,1989852,2725519686914,64
basic_1BT,2165754,2725521879988,64
basic_1BT,2091056,2725524030387,64
basic_1BT,1732166,2725525798351,64
basic_1BT,2012176,2725527857708,64
basic_1BT,1993656,2725529888690,64
basic_1BT,2322060,2725532242099,64
basic_1BT,1683803,2725533982688,64
basic_1BT,1940029,2725535955747,64
basic_1BT,1973504,2725537961695,64
basic_1BT,2119904,2725540115749,64
basic_1BT,1996714,2725542147067,64
basic_1BT,2049674,2725544232781,64
basic_1BT,1474369,2725545738850,64
basic_1BT,2127987,2725547905937,64
basic_1BT,1324584,2725549256448,64
basic_1BT,1045707,2725550329740,64
basic_1BT,1884229,2725552239827,64
basic_1BT,2086887,2725554356488,64
basic_1BT,2237623,2725556621453,64
basic_1BT,2041949,2725558698015,64
basic_1BT,2000050,2725560730173,64
basic_1BT,1916553,2725562707638,64
basic_1BT,2067963,2725564804081,64
basic_1BT,2029009,2725566866428,64
basic_1BT,2075746,2725568975669,64
basic_1BT,1936981,2725570953499,64
basic_1BT,2010750,2725573002307,64
basic_1BT,2076005,2725575114719,64
basic_1BT,2051434,2725577203876,64
basic_1BT,1989242,2725579229790,64
basic_1BT,1978277,2725581241044,64
basic_1BT,1988612,2725583270538,64
basic_1BT,2494756,2725585804376,64
basic_1BT,2202133,2725588040072,64
basic_1BT,1749543,2725589823926,64
basic_1BT,1947332,2725591823817,64
basic_1BT,2387896,2725594245735,64
basic_1BT,2170358,2725596450529,64
basic_1BT,2462146,2725598948035,64
basic_1BT,2173329,2725601159409,64
basic_1BT,2103857,2725603299860,64
basic_1BT,2042852,2725605371920,64
basic_1BT,2075487,2725607478222,64
basic_1BT,1471058,2725608978582,64
basic_1BT,2333824,2725611346081,64
basic_1BT,1832453,2725613210071,64
basic_1BT,1878203,2725615118864,64
basic_1BT,1855459,2725617008975,64
basic_1BT,1973324,2725619016827,64
basic_1BT,2074947,2725621123786,64
basic_1BT,1838313,2725623005838,64
basic_1BT,1879805,2725624919462,64
basic_1BT,1958021,2725626923434,64
basic_1BT,2000399,2725628956560,64
basic_1BT,1866487,2725630853522,64
basic_1BT,2044043,2725632929988,64
basic_1BT,2006242,2725634964945,64
basic_1BT,1412549,2725636409519,64
basic_1BT,2540463,2725638984347,64
basic_1BT,2368374,2725641385382,64
basic_1BT,1987098,2725643453636,64
basic_1BT,1829720,2725645317153,64
basic_1BT,2045698,2725647394657,64
basic_1BT,1424508,2725648851397,64
basic_1BT,2624035,2725651509273,64
basic_1BT,2207832,2725653747263,64
basic_1BT,1388876,2725655168731,64
basic_1BT,1891067,2725657087712,64
basic_1BT,1290668,2725658409016,64
basic_1BT,1752959,2725660194261,64
basic_1BT,1718644,2725661969022,64
basic_1BT,1841019,2725663839874,64
basic_1BT,2003325,2725665873053,64
basic_1BT,1808316,2725667723219,64
basic_1BT,1703981,2725669472594,64
basic_1BT,1624351,2725671125033,64
basic_1BT,1539577,2725672688983,64
basic_1BT,2159040,2725674881003,64
basic_1BT,1950213,2725676855203,64
basic_1BT,1895767,2725678809197,64
basic_1BT,1940684,2725680800830,64
basic_1BT,2299378,2725683172986,64
basic_1BT,1958015,2725685188611,64
basic_1BT,1961253,2725687182122,64
basic_1BT,2090518,2725689301778,64
basic_1BT,1934564,2725691303983,64
basic_1BT,2106512,2725693448055,64
basic_1BT,2329982,2725695838545,64
basic_1BT,1932493,2725697828096,64
basic_1BT,1936896,2725699836540,64
basic_1BT,1645596,2725701517866,64
basic_1BT,1759300,2725703312306,64
basic_1BT,1906324,2725705248031,64
basic_1BT,1802016,2725707081545,64
basic_1BT,2024641,2725709133387,64
basic_1BT,1960825,2725711137309,64
basic_1BT,1818687,2725712991791,64
basic_1BT,1769098,2725714813181,64
basic_1BT,2085524,2725716923850,64
basic_1BT,1974325,2725718924447,64
basic_1BT,2070454,2725721025652,64
basic_1BT,2296611,2725723361911,64
basic_1BT,1402461,2725724794125,64
basic_1BT,1021225,2725725849281,64
basic_1BT,2219860,2725728101575,64
basic_1BT,2014263,2725730179897,64
basic_1BT,1978053,2725732220549,64
basic_1BT,2243068,2725734495944,64
basic_1BT,2086717,2725736613908,64
basic_1BT,2147556,2725738830964,64
basic_1BT,2066686,2725740930213,64
basic_1BT,1988911,2725742947802,64
basic_1BT,2053196,2725745029268,64
basic_1BT,1761333,2725746821227,64
basic_1BT,1979600,2725748832451,64
basic_1BT,2030009,2725750899326,64
basic_1BT,1928972,2725752876902,64
basic_1BT,1918048,2725754829312,64
basic_1BT,2016914,2725756879425,64
basic_1BT,1412668,2725758332374,64
basic_1BT,985604,2725759346077,64
basic_1BT,1868637,2725761245812,64
basic_1BT,2029503,2725763307374,64
basic_1BT,1990961,2725765349206,64
basic_1BT,2039748,2725767425553,64
basic_1BT,1864219,2725769346593,64
basic_1BT,1580170,2725770955312,64
basic_1BT,1687635,2725772669277,64
basic_1BT,1248436,2725773951968,64
basic_1BT,1664819,2725775644145,64
basic_1BT,2000278,2725777703316,64
basic_1BT,1999852,2725779731699,64
basic_1BT,1946093,2725781704496,64
basic_1BT,2049697,2725783787824,64
basic_1BT,1963033,2725785783752,64
basic_1BT,1557594,2725787371777,64
basic_1BT,1387934,2725788791334,64
basic_1BT,1699816,2725790525734,64
basic_1BT,1736206,2725792287936,64
basic_1BT,2102976,2725794426835,64
basic_1BT,2026546,2725796485165,64
basic_1BT,1883098,2725798396264,64
basic_1BT,1404580,2725799835515,64
basic_1BT,959114,2725800820402,64
basic_1BT,1608705,2725802481693,64
basic_1BT,1941202,2725804455849,64
basic_1BT,1672371,2725806157730,64
basic_1BT,1858167,2725808046592,64
basic_1BT,1604919,2725809680265,64
basic_1BT,1693012,2725811399992,64
basic_1BT,1696617,2725813123518,64
basic_1BT,1714631,2725814873241,64
basic_1BT,2020138,2725816919161,64
basic_1BT,1883728,2725818836588,64
basic_1BT,2404027,2725821274273,64
basic_1BT,2127332,2725823429924,64
basic_1BT,1798338,2725825283671,64
basic_1BT,2155449,2725827481624,64
basic_1BT,1987336,2725829541608,64
basic_1BT,2077333,2725831676352,64
basic_1BT,2135667,2725833844932,64
basic_1BT,2217346,2725836095806,64
basic_1BT,1876184,2725838009367,64
basic_1BT,2004728,2725840055652,64
basic_1BT,2218956,2725842305033,64
basic_1BT,1806753,2725844140033,64
basic_1BT,2082547,2725846263742,64
basic_1BT,1938759,2725848240268,64
basic_1BT,2137159,2725850408467,64
basic_1BT,2094901,2725852536500,64
basic_1BT,1936080,2725854508584,64
basic_1BT,2338707,2725856885463,64
basic_1BT,2021102,2725858941233,64
basic_1BT,2044317,2725861026851,64
basic_1BT,2422409,2725863489302,64
basic_1BT,1804712,2725865358599,64
basic_1BT,2032061,2725867431302,64
basic_1BT,2035121,2725869504037,64
basic_1BT,2112245,2725871653465,64
basic_1BT,2032118,2725873719591,64
basic_1BT,1928188,2725875689262,64
basic_1BT,2052303,2725877776026,64
basic_1BT,2025937,2725879837784,64
basic_1BT,2133379,2725882010704,64
basic_1BT,1882692,2725883925764,64
basic_1BT,2050115,2725886008126,64
basic_1BT,2203583,2725888256665,64
basic_1BT,1999237,2725890286854,64
basic_1BT,2172703,2725892494710,64
basic_1BT,2373904,2725894918029,64
basic_1BT,1886888,2725896836809,64
basic_1BT,2018883,2725898893707,64
basic_1BT,1967484,2725900899786,64
basic_1BT,2049795,2725902986504,64
basic_1BT,1801370,2725904819445,64
basic_1BT,1727725,2725906612478,64
basic_1BT,2108736,2725908751608,64
basic_1BT,2044235,2725910830675,64
basic_1BT,2089809,2725912952590,64
basic_1BT,1730803,2725914716334,64
basic_1BT,1446546,2725916189356,64
basic_1BT,1833976,2725918050641,64
basic_1BT,1840615,2725919923810,64
basic_1BT,1726252,2725921675912,64
basic_1BT,1619554,2725923324156,64
basic_1BT,1437624,2725924787930,64
basic_1BT,1440534,2725926255855,64
basic_1BT,1722774,2725928025189,64
basic_1BT,1591998,2725929653440,64
basic_1BT,1805406,2725931490088,64
basic_1BT,1809599,2725933331488,64
basic_1BT,1876963,2725935243308,64
basic_1BT,1994650,2725937266136,64
basic_1BT,1998945,2725939298865,64
basic_1BT,1362148,2725940686397,64
basic_1BT,1106335,2725941835414,64
basic_1BT,1866121,2725943726923,64
basic_1BT,1679366,2725945431833,64
basic_1BT,1923412,2725947382461,64
basic_1BT,1764860,2725949174069,64
basic_1BT,1986357,2725951188529,64
basic_1BT,2077062,2725953296315,64
basic_1BT,1881460,2725955210217,64
basic_1BT,1953621,2725957196017,64
basic_1BT,1858729,2725959092529,64
basic_1BT,1305541,2725960442491,64
basic_1BT,1096063,2725961567792,64
basic_1BT,1893068,2725963489169,64
basic_1BT,1831282,2725965370717,64
basic_1BT,1751915,2725967150045,64
basic_1BT,2263769,2725969445493,64
basic_1BT,2016844,2725971508244,64
basic_1BT,1920435,2725973460714,64
basic_1BT,2057526,2725975578945,64
basic_1BT,1483070,2725977093956,64
basic_1BT,2368594,2725979496843,64
basic_1BT,1762567,2725981291405,64
basic_1BT,1720433,2725983077815,64
basic_1BT,1904392,2725985018213,64
basic_1BT,1461169,2725986510561,64
basic_1BT,2336073,2725988878915,64
basic_1BT,1766685,2725990673371,64
basic_1BT,1632520,2725992331837,64
basic_1BT,2234924,2725994594441,64
basic_1BT,2183972,2725996810146,64
basic_1BT,1990594,2725998836305,64
basic_1BT,1882512,2726000746435,64
basic_1BT,2311991,2726003092805,64
basic_1BT,1970059,2726005097373,64
basic_1BT,2084815,2726007217905,64
basic_1BT,2108382,2726009360760,64
basic_1BT,2309818,2726011727936,64
basic_1BT,1809184,2726013574988,64
basic_1BT,1578798,2726015186090,64
basic_1BT,2547226,2726017767112,64
basic_1BT,1989398,2726019796008,64
basic_1BT,2117911,2726021947742,64
basic_1BT,2092942,2726024076356,64
basic_1BT,1981395,2726026098780,64
basic_1BT,2027804,2726028161195,64
basic_1BT,2150785,2726030348043,64
basic_1BT,1435353,2726031815653,64
basic_1BT,2064922,2726033907832,64
basic_1BT,1815547,2726035756783,64
basic_1BT,1938208,2726037727035,64
basic_1BT,1012683,2726038774468,64
basic_1BT,1781415,2726040583730,64
basic_1BT,2001148,2726042613073,64
basic_1BT,1688711,2726044328045,64
basic_1BT,1872246,2726046256069,64
basic_1BT,1226815,2726047509899,64
basic_1BT,1870151,2726049406599,64
basic_1BT,2006713,2726051442345,64
basic_1BT,2002256,2726053477777,64
basic_1BT,1963355,2726055476579,64
basic_1BT,2201219,2726057712466,64
basic_1BT,1505635,2726059253055,64
basic_1BT,1962315,2726061257232,64
basic_1BT,1422097,2726062730650,64
basic_1BT,1587303,2726064343811,64
basic_1BT,1680779,2726066052614,64
basic_1BT,1804947,2726067883281,64
basic_1BT,1925275,2726069840820,64
basic_1BT,1892925,2726071760933,64
basic_1BT,1587559,2726073374685,64
basic_1BT,2102547,2726075504784,64
basic_1BT,1488476,2726077020141,64
basic_1BT,2299238,2726079352945,64
basic_1BT,2052788,2726081432521,64
basic_1BT,1956935,2726083423576,64
basic_1BT,1472400,2726084924227,64
basic_1BT,1249950,2726086204340,64
basic_1BT,1714501,2726087947396,64
basic_1BT,1922520,2726089898491,64
basic_1BT,1952341,2726091890214,64
basic_1BT,1670500,2726093592013,64
basic_1BT,1646280,2726095276229,64
basic_1BT,1770559,2726097078336,64
basic_1BT,1743207,2726098849648,64
basic_1BT,1390469,2726100272302,64
basic_1BT,1597290,2726101898099,64
basic_1BT,1789219,2726103713246,64
basic_1BT,2196642,2726105941776,64
basic_1BT,1869119,2726107867349,64
basic_1BT,1787385,2726109681889,64
basic_1BT,1538240,2726111255351,64
basic_1BT,1784524,2726113070990,64
basic_1BT,1838215,2726114935559,64
basic_1BT,1834982,2726116796914,64
basic_1BT,1328464,2726118154510,64
basic_1BT,1562357,2726119743831,64
basic_1BT,1786390,2726121562397,64
basic_1BT,1869818,2726123478538,64
basic_1BT,1651096,2726125156646,64
basic_1BT,1853971,2726127045487,64
basic_1BT,1893774,2726129010772,64
basic_1BT,1886603,2726130933091,64
basic_1BT,1928289,2726132893085,64
basic_1BT,2122460,2726135043784,64
basic_1BT,2369771,2726137441260,64
basic_1BT,2024282,2726139507396,64
basic_1BT,2052096,2726141603422,64
basic_1BT,1452673,2726143091698,64
basic_1BT,2674074,2726145798868,64
basic_1BT,2047631,2726147881079,64
basic_1BT,2296739,2726150206938,64
basic_1BT,2249654,2726152509948,64
basic_1BT,2052110,2726154598696,64
basic_1BT,2026656,2726156659039,64
basic_1BT,2070156,2726158765179,64
basic_1BT,2110971,2726160906446,64
basic_1BT,1528660,2726162465723,64
basic_1BT,2561070,2726165059012,64
basic_1BT,2177462,2726167270774,64
basic_1BT,2020626,2726169324226,64
basic_1BT,2007058,2726171365460,64
basic_1BT,1897957,2726173293561,64
basic_1BT,1895870,2726175219112,64
basic_1BT,1862941,2726177142833,64
basic_1BT,2049162,2726179221832,64
basic_1BT,1407777,2726180662894,64
basic_1BT,2575333,2726183267927,64
basic_1BT,2003247,2726185309208,64
basic_1BT,1502356,2726186844191,64
basic_1BT,2201466,2726189075138,64
basic_1BT,1849460,2726190963282,64
basic_1BT,1548390,2726192579087,64
basic_1BT,2518762,2726195128517,64
basic_1BT,2098102,2726197260097,64
basic_1BT,1406368,2726198733436,64
basic_1BT,1174082,2726199946509,64
basic_1BT,1923925,2726201896547,64
basic_1BT,1873967,2726203801428,64
basic_1BT,1946562,2726205773725,64
basic_1BT,1874446,2726207701004,64
basic_1BT,1878836,2726209612675,64
basic_1BT,1843856,2726211485313,64
basic_1BT,1568777,2726213081945,64
basic_1BT,2354983,2726215470645,64
basic_1BT,1919383,2726217417037,64
basic_1BT,1811431,2726219266405,64
basic_1BT,1949469,2726221242960,64
basic_1BT,1521523,2726222795900,64
basic_1BT,2656815,2726225484458,64
basic_1BT,1809828,2726227330208,64
basic_1BT,2336390,2726229719894,64
basic_1BT,2051926,2726231805655,64
basic_1BT,2022893,2726233859830,64
basic_1BT,1815173,2726235701310,64
basic_1BT,1884352,2726237609849,64
basic_1BT,1968674,2726239608107,64
basic_1BT,2058568,2726241698399,64
basic_1BT,2207449,2726243944363,64
basic_1BT,2025407,2726246004745,64
basic_1BT,1595243,2726247634489,64
basic_1BT,1639851,2726249307463,64
basic_1BT,1974690,2726251311562,64
basic_1BT,1759971,2726253099844,64
basic_1BT,2052126,2726255181961,64
basic_1BT,1723962,2726256934079,64
basic_1BT,1564384,2726258532097,64
basic_1BT,1248320,2726259805117,64
basic_1BT,2168970,2726261998640,64
basic_1BT,1917168,2726263973491,64
basic_1BT,1991777,2726265991092,64
basic_1BT,2035042,2726268071092,64
basic_1BT,1816399,2726269924681,64
basic_1BT,2088861,2726272047602,64
basic_1BT,1941677,2726274027841,64
basic_1BT,2045580,2726276108218,64
basic_1BT,1998481,2726278147660,64
basic_1BT,2084661,2726280269862,64
basic_1BT,2018933,2726282325684,64
basic_1BT,1994988,2726284352896,64
basic_1BT,1462917,2726285849318,64
basic_1BT,1993450,2726287868649,64
basic_1BT,2282800,2726290183490,64
basic_1BT,2380306,2726292599679,64
basic_1BT,1956845,2726294604329,64
basic_1BT,2182019,2726296830588,64
basic_1BT,1630440,2726298544445,64
basic_1BT,1917505,2726300500944,64
basic_1BT,1839330,2726302370991,64
basic_1BT,1940401,2726304342767,64
basic_1BT,1929881,2726306301508,64
basic_1BT,1775899,2726308105754,64
basic_1BT,1760129,2726309895456,64
basic_1BT,1660090,2726311586634,64
basic_1BT,1794673,2726313407927,64
basic_1BT,1921787,2726315358637,64
basic_1BT,1984158,2726317369196,64
basic_1BT,1961724,2726319391314,64
basic_1BT,2074721,2726321493907,64
basic_1BT,1458232,2726322987687,64
basic_1BT,2146349,2726325160527,64
basic_1BT,1600747,2726326790181,64
basic_1BT,2140872,2726328958075,64
basic_1BT,1789289,2726330775658,64
basic_1BT,1943556,2726332744868,64
basic_1BT,1506565,2726334280152,64
basic_1BT,1385203,2726335702904,64
basic_1BT,1913626,2726337642223,64
basic_1BT,1719769,2726339389802,64
basic_1BT,1783449,2726341198670,64
basic_1BT,2259930,2726343502291,64
basic_1BT,1889113,2726345425410,64
basic_1BT,1862882,2726347344666,64
basic_1BT,1985500,2726349357985,64
basic_1BT,1750367,2726351145862,64
basic_1BT,1992529,2726353167237,64
basic_1BT,2080258,2726355281981,64
basic_1BT,1983590,2726357296760,64
basic_1BT,1719932,2726359048076,64
basic_1BT,2132685,2726361212189,64
basic_1BT,1596526,2726362842960,64
basic_1BT,2318388,2726365195817,64
basic_1BT,1658799,2726366882936,64
basic_1BT,2146330,2726369061136,64
basic_1BT,1551421,2726370647352,64
basic_1BT,2419208,2726373093361,64
basic_1BT,1918372,2726375046839,64
basic_1BT,2248189,2726377329171,64
basic_1BT,2004584,2726379378395,64
basic_1BT,1949493,2726381396976,64
basic_1BT,2145622,2726383612568,64
basic_1BT,1971236,2726385620647,64
basic_1BT,1903898,2726387580204,64
basic_1BT,2129355,2726389742139,64
basic_1BT,1999547,2726391777285,64
basic_1BT,1985932,2726393824605,64
basic_1BT,1987319,2726395851637,64
basic_1BT,2046178,2726397937267,64
basic_1BT,2079048,2726400064000,64
basic_1BT,2025268,2726402126746,64
basic_1BT,1983076,2726404137645,64
basic_1BT,2236238,2726406409916,64
basic_1BT,2038634,2726408486951,64
basic_1BT,2022237,2726410544144,64
basic_1BT,2225289,2726412815853,64
basic_1BT,1983041,2726414858514,64
basic_1BT,2018886,2726416905442,64
basic_1BT,2042667,2726418983059,64
basic_1BT,1995329,2726421016513,64
basic_1BT,1967626,2726423024452,64
basic_1BT,1970067,2726425028396,64
basic_1BT,1640384,2726426700873,64
basic_1BT,2109311,2726428842195,64
basic_1BT,1959428,2726430853633,64
basic_1BT,2049921,2726432936005,64
basic_1BT,2067130,2726435033507,64
basic_1BT,2081302,2726437147642,64
basic_1BT,1955740,2726439133867,64
basic_1BT,2162306,2726441334378,64
basic_1BT,2077415,2726443453756,64
basic_1BT,1918744,2726445401450,64
basic_1BT,1398295,2726446835029,64
basic_1BT,1173053,2726448035515,64
basic_1BT,1672362,2726449741182,64
basic_1BT,1960491,2726451738826,64
basic_1BT,1886771,2726453670852,64
basic_1BT,2108287,2726455808818,64
basic_1BT,1861512,2726457701445,64
basic_1BT,1994759,2726459724922,64
basic_1BT,2099905,2726461850288,64
basic_1BT,1398405,2726463278806,64
basic_1BT,897450,2726464202540,64
basic_1BT,1914933,2726466146024,64
basic_1BT,2039089,2726468210693,64
basic_1BT,2060116,2726470298819,64
basic_1BT,2201086,2726472532860,64
basic_1BT,1892960,2726474466472,64
basic_1BT,2259711,2726476774436,64
basic_1BT,1999129,2726478813501,64
basic_1BT,2051631,2726480906205,64
basic_1BT,1946780,2726482883934,64
basic_1BT,1489861,2726484402150,64
basic_1BT,2096985,2726486542967,64
basic_1BT,1904374,2726488481838,64
basic_1BT,1752658,2726490290946,64
basic_1BT,2038229,2726492360084,64
basic_1BT,2184247,2726494580862,64
basic_1BT,1668609,2726496277338,64
basic_1BT,2396473,2726498702349,64
basic_1BT,2248840,2726500985492,64
basic_1BT,1990879,2726503010826,64
basic_1BT,2037090,2726505085750,64
basic_1BT,2020588,2726507144544,64
basic_1BT,2015042,2726509195537,64
basic_1BT,2066645,2726511299032,64
basic_1BT,2197664,2726513534075,64
basic_1BT,2129102,2726515704975,64
basic_1BT,2106220,2726517845351,64
basic_1BT,1910966,2726519792186,64
basic_1BT,2054535,2726521887460,64
basic_1BT,2025078,2726523953572,64
basic_1BT,2244632,2726526235930,64
basic_1BT,1954999,2726528223923,64
basic_1BT,1938187,2726530224490,64
basic_1BT,1804950,2726532091085,64
basic_1BT,1884342,2726534010239,64
basic_1BT,1766508,2726535811822,64
basic_1BT,1977616,2726537816856,64
basic_1BT,2254251,2726540101260,64
basic_1BT,1823656,2726541955169,64
basic_1BT,1839483,2726543824336,64
basic_1BT,1658599,2726545514058,64
basic_1BT,1886705,2726547430362,64
basic_1BT,2118077,2726549577563,64
basic_1BT,1586779,2726551199491,64
basic_1BT,1178289,2726552404216,64
basic_1BT,1737074,2726554170245,64
basic_1BT,1832306,2726556030074,64
basic_1BT,1647266,2726557707441,64
basic_1BT,1895670,2726559629662,64
basic_1BT,1763469,2726561419625,64
basic_1BT,1861769,2726563311261,64
basic_1BT,1817742,2726565165333,64
basic_1BT,2074501,2726567267895,64
basic_1BT,1911475,2726569205040,64
basic_1BT,1479032,2726570713706,64
basic_1BT,2005288,2726572744979,64
basic_1BT,1437786,2726574221135,64
basic_1BT,1176047,2726575424505,64
basic_1BT,1705762,2726577159310,64
basic_1BT,1787749,2726578981570,64
basic_1BT,2072850,2726581086915,64
basic_1BT,2274918,2726583395939,64
basic_1BT,1849577,2726585272359,64
basic_1BT,2214431,2726587521455,64
basic_1BT,2053193,2726589623997,64
basic_1BT,1903620,2726591565692,64
basic_1BT,2064154,2726593657434,64
basic_1BT,1796420,2726595528652,64
basic_1BT,2095938,2726597662553,64
basic_1BT,2031212,2726599730427,64
basic_1BT,2300014,2726602069418,64
basic_1BT,1966615,2726604074266,64
basic_1BT,1253260,2726605360605,64
basic_1BT,2224194,2726607616685,64
basic_1BT,2303458,2726609954562,64
basic_1BT,1681254,2726611690149,64
basic_1BT,2066090,2726613788442,64
basic_1BT,2132016,2726615950775,64
basic_1BT,1841558,2726617824380,64
basic_1BT,2060379,2726619925585,64
basic_1BT,2168548,2726622128085,64
basic_1BT,1563285,2726623727279,64
basic_1BT,2274344,2726626033908,64
basic_1BT,2019670,2726628082500,64
basic_1BT,1476755,2726629589046,64
basic_1BT,1080609,2726630696860,64
basic_1BT,1854316,2726632578522,64
basic_1BT,1798594,2726634427111,64
basic_1BT,2106647,2726636565225,64
basic_1BT,2045540,2726638650458,64
basic_1BT,1969828,2726640678414,64
basic_1BT,1919091,2726642627716,64
basic_1BT,1962013,2726644636990,64
basic_1BT,1712514,2726646390476,64
basic_1BT,2205808,2726648635234,64
basic_1BT,2137446,2726650813863,64
basic_1BT,2247472,2726653095979,64
basic_1BT,1980625,2726655107094,64
basic_1BT,2498684,2726657636187,64
basic_1BT,1886369,2726659565836,64
basic_1BT,1409392,2726661014317,64
basic_1BT,1259844,2726662309044,64
basic_1BT,1581866,2726663918480,64
basic_1BT,1807101,2726665762544,64
basic_1BT,1413217,2726667205348,64
basic_1BT,1634896,2726668868400,64
basic_1BT,1052383,2726669949849,64
basic_1BT,1923650,2726671907864,64
basic_1BT,1815261,2726673751352,64
basic_1BT,2115635,2726675900818,64
basic_1BT,1308098,2726677233880,64
basic_1BT,967637,2726678234806,64
basic_1BT,1767930,2726680032992,64
basic_1BT,1343823,2726681405015,64
basic_1BT,957552,2726682387476,64
basic_1BT,1852317,2726684264857,64
basic_1BT,2017067,2726686316257,64
basic_1BT,1333431,2726687674990,64
basic_1BT,1047093,2726688753092,64
basic_1BT,1805152,2726690585535,64
basic_1BT,1866414,2726692483123,64
basic_1BT,1558263,2726694072015,64
basic_1BT,1930325,2726696028621,64
basic_1BT,1628925,2726697724503,64
basic_1BT,2303873,2726700054023,64
basic_1BT,2133965,2726702221735,64
basic_1BT,2352093,2726704605810,64
basic_1BT,1934547,2726706572987,64
basic_1BT,2332611,2726708935070,64
basic_1BT,1746599,2726710716082,64
basic_1BT,1635282,2726712381226,64
basic_1BT,1997332,2726714411687,64
basic_1BT,1590740,2726716034031,64
basic_1BT,1948497,2726718018418,64
basic_1BT,1695953,2726719738048,64
basic_1BT,1916140,2726721678300,64
basic_1BT,1544240,2726723247501,64
basic_1BT,1934769,2726725205600,64
basic_1BT,1617990,2726726850899,64
basic_1BT,1680604,2726728573481,64
basic_1BT,1927351,2726730530281,64
basic_1BT,20819678,2726751382792,64
basic_1BT,2120038,2726753537294,64
basic_1BT,1228387,2726754799299,64
basic_1BT,2055297,2726756892052,64
basic_1BT,2052971,2726758980213,64
basic_1BT,2077861,2726761092425,64
basic_1BT,2386307,2726763523471,64
basic_1BT,2280600,2726765848113,64
basic_1BT,2343961,2726768259761,64
basic_1BT,2049502,2726770369243,64
basic_1BT,2023391,2726772420056,64
basic_1BT,1548493,2726773997561,64
basic_1BT,2029902,2726776058043,64
basic_1BT,1109701,2726777198384,64
basic_1BT,1091831,2726778322135,64
basic_1BT,2059595,2726780422849,64
basic_1BT,1944081,2726782416962,64
basic_1BT,1753903,2726784198647,64
basic_1BT,2069000,2726786302167,64
basic_1BT,1717905,2726788053498,64
basic_1BT,2047329,2726790127578,64
basic_1BT,1820530,2726791974036,64
basic_1BT,2424271,2726794441316,64
basic_1BT,2175890,2726796644548,64
basic_1BT,2034094,2726798714343,64
basic_1BT,1945465,2726800690054,64
basic_1BT,1839916,2726802563986,64
basic_1BT,1974362,2726804577850,64
basic_1BT,1415409,2726806055670,64
basic_1BT,1089761,2726807177529,64
basic_1BT,1762174,2726808967778,64
basic_1BT,1856362,2726810873584,64
basic_1BT,1468660,2726812374133,64
basic_1BT,1751151,2726814151804,64
basic_1BT,1915741,2726816092035,64
basic_1BT,1051555,2726817209707,64
basic_1BT,1697199,2726818931415,64
basic_1BT,1794234,2726820756000,64
basic_1BT,1962827,2726822753503,64
basic_1BT,1501238,2726824280463,64
basic_1BT,908482,2726825215808,64
basic_1BT,1902251,2726827165866,64
basic_1BT,1921861,2726829120431,64
basic_1BT,2053188,2726831207769,64
basic_1BT,2010425,2726833250487,64
basic_1BT,1987978,2726835271329,64
basic_1BT,2066099,2726837375811,64
basic_1BT,2135156,2726839547267,64
basic_1BT,2040127,2726841620699,64
basic_1BT,2260834,2726843912825,64
basic_1BT,2073497,2726846022877,64
basic_1BT,1967190,2726848037338,64
basic_1BT,1763913,2726849836791,64
basic_1BT,1887322,2726851751938,64
basic_1BT,1725720,2726853509308,64
basic_1BT,1809067,2726855352396,64
basic_1BT,1777503,2726857159484,64
basic_1BT,1600747,2726858794641,64
basic_1BT,1857203,2726860678728,64
basic_1BT,1724906,2726862431893,64
basic_1BT,1845915,2726864311381,64
basic_1BT,1589061,2726865939768,64
basic_1BT,1739340,2726867708666,64
basic_1BT,1948775,2726869688911,64
basic_1BT,2114315,2726871840431,64
basic_1BT,2154556,2726874027460,64
basic_1BT,2056854,2726876125834,64
basic_1BT,1961181,2726878132636,64
basic_1BT,2007873,2726880177697,64
basic_1BT,2200991,2726882412741,64
basic_1BT,2014157,2726884460487,64
basic_1BT,1817674,2726886307486,64
basic_1BT,1392982,2726887732752,64
basic_1BT,1958799,2726889723745,64
basic_1BT,1250520,2726891008360,64
basic_1BT,1688255,2726892739129,64
basic_1BT,1817483,2726894585090,64
basic_1BT,2134206,2726896745422,64
basic_1BT,2050881,2726898824246,64
basic_1BT,2044979,2726900901425,64
basic_1BT,1404822,2726902333686,64
basic_1BT,2580187,2726904945849,64
basic_1BT,1851187,2726906828328,64
basic_1BT,1394804,2726908254156,64
basic_1BT,1900900,2726910190904,64
basic_1BT,2233609,2726912461975,64
basic_1BT,1682825,2726914175664,64
basic_1BT,1845571,2726916051770,64
basic_1BT,2169380,2726918256522,64
basic_1BT,1778538,2726920101788,64
basic_1BT,1463606,2726921598962,64
basic_1BT,1772497,2726923403149,64
basic_1BT,1812242,2726925241104,64
basic_1BT,1846118,2726927114326,64
basic_1BT,1000936,2726928146580,64
basic_1BT,1663420,2726929839484,64
basic_1BT,1565205,2726931436213,64
basic_1BT,1766142,2726933227837,64
basic_1BT,1193197,2726934454064,64
basic_1BT,1736243,2726936215782,64
basic_1BT,1996117,2726938247134,64
basic_1BT,1775915,2726940048440,64
basic_1BT,1417538,2726941503068,64
basic_1BT,1302637,2726942831538,64
basic_1BT,1490639,2726944347338,64
basic_1BT,1907195,2726946288058,64
basic_1BT,1319108,2726947639037,64
basic_1BT,1903164,2726949568050,64
basic_1BT,1105341,2726950707336,64
basic_1BT,1712024,2726952445137,64
basic_1BT,1883902,2726954363119,64
basic_1BT,2032673,2726956422064,64
basic_1BT,2095111,2726958546345,64
basic_1BT,1658100,2726960235909,64
basic_1BT,1812534,2726962078422,64
basic_1BT,1840332,2726963948732,64
basic_1BT,1678379,2726965670830,64
basic_1BT,1117685,2726966817698,64
basic_1BT,1931501,2726968782901,64
basic_1BT,2090454,2726970903561,64
basic_1BT,1940773,2726972877044,64
basic_1BT,1976477,2726974887740,64
basic_1BT,1997200,2726976917118,64
basic_1BT,2186908,2726979147465,64
basic_1BT,2145138,2726981324646,64
basic_1BT,1965686,2726983320663,64
basic_1BT,2098508,2726985452207,64
basic_1BT,2048231,2726987541598,64
basic_1BT,2085768,2726989665136,64
basic_1BT,1989919,2726991727667,64
basic_1BT,1307095,2726993062980,64
basic_1BT,1567835,2726994663524,64
basic_1BT,2021877,2726996717010,64
basic_1BT,983628,2726997746028,64
basic_1BT,1858602,2726999637242,64
basic_1BT,1886253,2727001550495,64
basic_1BT,2005417,2727003585864,64
basic_1BT,2293703,2727005907596,64
basic_1BT,2089430,2727008054878,64
basic_1BT,1945519,2727010029758,64
basic_1BT,1487042,2727011548192,64
basic_1BT,1872747,2727013446155,64
basic_1BT,1715098,2727015196009,64
basic_1BT,1887571,2727017109044,64
basic_1BT,1077729,2727018219739,64
basic_1BT,1958788,2727020212430,64
basic_1BT,2001083,2727022243391,64
basic_1BT,2123184,2727024395281,64
basic_1BT,1929899,2727026360256,64
basic_1BT,2187716,2727028590369,64
basic_1BT,1955575,2727030586539,64
basic_1BT,1931205,2727032551220,64
basic_1BT,2191867,2727034786112,64
basic_1BT,2019158,2727036837327,64
basic_1BT,1930905,2727038797513,64
basic_1BT,2020041,2727040850671,64
basic_1BT,1883405,2727042769709,64
basic_1BT,2018017,2727044819913,64
basic_1BT,1995525,2727046849499,64
basic_1BT,2064560,2727048940458,64
basic_1BT,1365065,2727050338853,64
basic_1BT,1074336,2727051444742,64
basic_1BT,1836013,2727053311107,64
basic_1BT,1999563,2727055360281,64
basic_1BT,2004250,2727057390231,64
basic_1BT,1816284,2727059258530,64
basic_1BT,2040199,2727061331710,64
basic_1BT,1415914,2727062784400,64
basic_1BT,1834278,2727064651378,64
basic_1BT,1008208,2727065694961,64
basic_1BT,1670232,2727067392825,64
basic_1BT,1756020,2727069180189,64
basic_1BT,2023000,2727071232582,64
basic_1BT,2025346,2727073290599,64
basic_1BT,2002529,2727075320978,64
basic_1BT,1936700,2727077298341,64
basic_1BT,1758475,2727079108286,64
basic_1BT,1988278,2727081151459,64
basic_1BT,1987180,2727083187297,64
basic_1BT,1617186,2727084858611,64
basic_1BT,1874026,2727086762788,64
basic_1BT,7865061,2727094693550,64
basic_1BT,2206483,2727096939785,64
basic_1BT,2006950,2727098995323,64
basic_1BT,2085023,2727101135836,64
basic_1BT,2036795,2727103209882,64
basic_1BT,2124537,2727105370019,64
basic_1BT,2061408,2727107472817,64
basic_1BT,2271203,2727109779108,64
basic_1BT,2143078,2727111956750,64
basic_1BT,2066524,2727114059950,64
basic_1BT,1924341,2727116033072,64
basic_1BT,1897619,2727118020790,64
basic_1BT,2055486,2727120122781,64
basic_1BT,1946878,2727122097707,64
basic_1BT,1851046,2727123974601,64
basic_1BT,1945044,2727126119046,64
basic_1BT,1935692,2727128087248,64
basic_1BT,1917992,2727130032412,64
basic_1BT,2231045,2727132295864,64
basic_1BT,1820538,2727134147346,64
basic_1BT,2144415,2727136326203,64
basic_1BT,2067281,2727138444509,64
basic_1BT,2005252,2727140482604,64
basic_1BT,1866985,2727142377710,64
basic_1BT,1912090,2727144344634,64
basic_1BT,1857939,2727146230795,64
basic_1BT,1826046,2727148082276,64
basic_1BT,1879119,2727150012288,64
basic_1BT,1783332,2727151846610,64
basic_1BT,2065552,2727153944306,64
basic_1BT,1847036,2727155821582,64
basic_1BT,1920008,2727157776198,64
basic_1BT,2008259,2727159850455,64
basic_1BT,2082641,2727161965127,64
basic_1BT,1382038,2727163376977,64
basic_1BT,1675826,2727165079644,64
basic_1BT,1121988,2727166233321,64
basic_1BT,2014815,2727168276455,64
basic_1BT,1700299,2727170011727,64
basic_1BT,1947399,2727171986159,64
basic_1BT,2009790,2727174046094,64
basic_1BT,2450379,2727176530189,64
basic_1BT,2445871,2727179009072,64
basic_1BT,2115601,2727181163907,64
basic_1BT,1953697,2727183150564,64
basic_1BT,2071226,2727185251072,64
basic_1BT,2098137,2727187385068,64
basic_1BT,2013782,2727189445097,64
basic_1BT,1511791,2727190991084,64
basic_1BT,1139791,2727192156788,64
basic_1BT,1926186,2727194110014,64
basic_1BT,1804927,2727195941109,64
basic_1BT,2050940,2727198018426,64
basic_1BT,1272774,2727199324325,64
basic_1BT,1119184,2727200477112,64
basic_1BT,2257191,2727202764749,64
basic_1BT,2167926,2727204958871,64
basic_1BT,2096306,2727207096102,64
basic_1BT,1960086,2727209090095,64
basic_1BT,1920719,2727211040093,64
basic_1BT,1470240,2727212536923,64
basic_1BT,1749421,2727214320433,64
basic_1BT,1509196,2727215861049,64
basic_1BT,1851291,2727217740925,64
basic_1BT,1710456,2727219484538,64
basic_1BT,1998058,2727221524768,64
basic_1BT,1966310,2727223525266,64
basic_1BT,2116856,2727225673328,64
basic_1BT,1957978,2727227664453,64
basic_1BT,1861194,2727229557833,64
basic_1BT,1824829,2727231410935,64
basic_1BT,2126647,2727233564533,64
basic_1BT,1993977,2727235587445,64
basic_1BT,1950961,2727237567158,64
basic_1BT,2119765,2727239745894,64
basic_1BT,1796070,2727241571033,64
basic_1BT,2153621,2727243767120,64
basic_1BT,1847373,2727245684118,64
basic_1BT,2206880,2727247921682,64
basic_1BT,2097415,2727250046726,64
basic_1BT,1800184,2727251875620,64
basic_1BT,2161321,2727254069415,64
basic_1BT,2225414,2727256329915,64
basic_1BT,2002207,2727258367816,64
basic_1BT,1948189,2727260353892,64
basic_1BT,1959700,2727262348582,64
basic_1BT,2204599,2727264591974,64
basic_1BT,2067250,2727266697904,64
basic_1BT,2106631,2727268843403,64
basic_1BT,2070354,2727270954634,64
basic_1BT,2173225,2727273160368,64
basic_1BT,1569365,2727274765941,64
basic_1BT,1428089,2727276226056,64
basic_1BT,1493316,2727277745793,64
basic_1BT,2110990,2727279881791,64
basic_1BT,1784390,2727281690634,64
basic_1BT,1707124,2727283433542,64
basic_1BT,1854595,2727285319487,64
basic_1BT,1972507,2727287326564,64
basic_1BT,1447403,2727288803391,64
basic_1BT,1496890,2727290327209,64
basic_1BT,1990167,2727292342657,64
basic_1BT,1753981,2727294123381,64
basic_1BT,1734846,2727295883971,64
basic_1BT,2288369,2727298221263,64
basic_1BT,2131251,2727300383857,64
basic_1BT,1940433,2727302363057,64
basic_1BT,2097254,2727304486996,64
basic_1BT,1966337,2727306486426,64
basic_1BT,2034487,2727308577486,64
basic_1BT,1731969,2727310342586,64
basic_1BT,1977687,2727312353008,64
basic_1BT,1892254,2727314288898,64
basic_1BT,1769200,2727316095533,64
basic_1BT,1776506,2727317908109,64
basic_1BT,1825518,2727319765227,64
basic_1BT,1898952,2727321696537,64
basic_1BT,2085108,2727323816329,64
basic_1BT,1950139,2727325797745,64
basic_1BT,2084204,2727327915877,64
basic_1BT,1348963,2727329297703,64
basic_1BT,1018711,2727330348146,64
basic_1BT,1990678,2727332368027,64
basic_1BT,1911775,2727334314476,64
basic_1BT,1904445,2727336279136,64
basic_1BT,1841747,2727338157721,64
basic_1BT,2051792,2727340257523,64
basic_1BT,1775579,2727342063491,64
basic_1BT,1921358,2727344025256,64
basic_1BT,1774229,2727345829610,64
basic_1BT,1704963,2727347564077,64
basic_1BT,1709388,2727349300472,64
basic_1BT,1618924,2727350960688,64
basic_1BT,1344055,2727352334421,64
basic_1BT,1830787,2727354211725,64
basic_1BT,1991758,2727356230999,64
basic_1BT,2077021,2727358337290,64
basic_1BT,1867022,2727360233232,64
basic_1BT,2032503,2727362302679,64
basic_1BT,1826808,2727364164113,64
basic_1BT,1489926,2727365681405,64
basic_1BT,1089959,2727366797725,64
basic_1BT,1816082,2727368675392,64
basic_1BT,1886390,2727370590383,64
basic_1BT,2039763,2727372661993,64
basic_1BT,2254736,2727374950914,64
basic_1BT,1921687,2727376897945,64
basic_1BT,1873645,2727378819180,64
basic_1BT,2172790,2727381029664,64
basic_1BT,2001342,2727383060513,64
basic_1BT,1436342,2727384523622,64
basic_1BT,2023834,2727386586975,64
basic_1BT,1196216,2727387819143,64
basic_1BT,1727002,2727389573153,64
basic_1BT,1977675,2727391595032,64
basic_1BT,1424605,2727393052391,64
basic_1BT,1125716,2727394205391,64
basic_1BT,1614033,2727395845190,64
basic_1BT,1546332,2727397418311,64
basic_1BT,2200472,2727399645908,64
basic_1BT,1996238,2727401674273,64
basic_1BT,2054596,2727403762783,64
basic_1BT,2227516,2727406023605,64
basic_1BT,2053892,2727408148016,64
basic_1BT,2033819,2727410211977,64
basic_1BT,2143143,2727412388901,64
basic_1BT,1762369,2727414192330,64
basic_1BT,1881450,2727416105820,64
basic_1BT,1867720,2727418010175,64
basic_1BT,1649078,2727419695564,64
basic_1BT,2055514,2727421782584,64
basic_1BT,2125445,2727423937202,64
basic_1BT,1612634,2727425576950,64
basic_1BT,1299490,2727426904485,64
basic_1BT,1485982,2727428415920,64
basic_1BT,1991978,2727430477767,64
basic_1BT,2164349,2727432671690,64
basic_1BT,1810037,2727434511659,64
basic_1BT,1615170,2727436158743,64
basic_1BT,2289755,2727438484126,64
basic_1BT,1976741,2727440488054,64
basic_1BT,1846997,2727442366016,64
basic_1BT,2103147,2727444500317,64
basic_1BT,2031493,2727446564546,64
basic_1BT,2037833,2727448654229,64
basic_1BT,2051520,2727450736566,64
basic_1BT,1984185,2727452747163,64
basic_1BT,1329242,2727454109217,64
basic_1BT,1018746,2727455155597,64
basic_1BT,1905791,2727457091103,64
basic_1BT,2007486,2727459154482,64
basic_1BT,1960134,2727461147428,64
basic_1BT,2019999,2727463197809,64
basic_1BT,2357752,2727465585954,64
basic_1BT,2055015,2727467677379,64
basic_1BT,1701656,2727469412655,64
basic_1BT,2334051,2727471785668,64
basic_1BT,2108260,2727473932399,64
basic_1BT,2069220,2727476047279,64
basic_1BT,2065518,2727478151542,64
basic_1BT,2021652,2727480206725,64
basic_1BT,2119681,2727482360948,64
basic_1BT,2076231,2727484473276,64
basic_1BT,1898334,2727486410892,64
basic_1BT,1968635,2727488413559,64
basic_1BT,2002926,2727490452738,64
basic_1BT,2208014,2727492689866,64
basic_1BT,1915582,2727494640604,64
basic_1BT,2016436,2727496684985,64
basic_1BT,1862574,2727498588471,64
basic_1BT,2242713,2727500859026,64
basic_1BT,1878530,2727502772036,64
basic_1BT,1770148,2727504574791,64
basic_1BT,1917546,2727506533470,64
basic_1BT,2160696,2727508755678,64
basic_1BT,1872212,2727510701581,64
basic_1BT,1962062,2727512713844,64
basic_1BT,1434122,2727514205937,64
basic_1BT,1818153,2727516050606,64
basic_1BT,1884241,2727517963172,64
basic_1BT,1807767,2727519799819,64
basic_1BT,1425480,2727521252489,64
basic_1BT,1688417,2727522970866,64
basic_1BT,2102076,2727525099483,64
basic_1BT,1848772,2727526975720,64
basic_1BT,1927249,2727528934437,64
basic_1BT,1829605,2727530792363,64
basic_1BT,2279324,2727533117506,64
basic_1BT,1325299,2727534479260,64
basic_1BT,2481663,2727536992493,64
basic_1BT,1837263,2727538856952,64
basic_1BT,1838230,2727540726544,64
basic_1BT,1873601,2727542637582,64
basic_1BT,2227818,2727544899659,64
basic_1BT,1943671,2727546904897,64
basic_1BT,2079475,2727549012923,64
basic_1BT,1998152,2727551050313,64
basic_1BT,2052178,2727553131847,64
basic_1BT,1797718,2727554975556,64
basic_1BT,1906192,2727556916499,64
basic_1BT,2058970,2727559023180,64
basic_1BT,2157782,2727561208953,64
basic_1BT,1421839,2727562666227,64
basic_1BT,1962079,2727564660186,64
basic_1BT,1855642,2727566550333,64
basic_1BT,1871542,2727568469497,64
basic_1BT,1266287,2727569762839,64
basic_1BT,1715430,2727571509686,64
basic_1BT,2057402,2727573592611,64
basic_1BT,1715245,2727575335283,64
basic_1BT,1682512,2727577043725,64
basic_1BT,2291547,2727579363850,64
basic_1BT,1849673,2727581243531,64
basic_1BT,1765487,2727583038843,64
basic_1BT,1398199,2727584464132,64
basic_1BT,1191779,2727585684002,64
basic_1BT,1654495,2727587364912,64
basic_1BT,1805243,2727589196299,64
basic_1BT,1924586,2727591154467,64
basic_1BT,1750848,2727592932256,64
basic_1BT,1363499,2727594329326,64
basic_1BT,1049972,2727595405470,64
basic_1BT,1836990,2727597269061,64
basic_1BT,1864768,2727599191142,64
basic_1BT,2018364,2727601237708,64
basic_1BT,2034337,2727603310033,64
basic_1BT,1160919,2727604526469,64
basic_1BT,1759522,2727606312951,64
basic_1BT,1897042,2727608235210,64
basic_1BT,1076128,2727609344412,64
basic_1BT,1794758,2727611165272,64
basic_1BT,1920849,2727613118429,64
basic_1BT,2018759,2727615172701,64
basic_1BT,1913892,2727617118389,64
basic_1BT,1292349,2727618437031,64
basic_1BT,1089978,2727619551656,64
basic_1BT,1827502,2727621410653,64
basic_1BT,1800934,2727623239068,64
basic_1BT,1463613,2727624728065,64
basic_1BT,1188875,2727625945170,64
basic_1BT,1673299,2727627645212,64
basic_1BT,1895909,2727629571508,64
basic_1BT,1896218,2727631496833,64
basic_1BT,1771110,2727633300579,64
basic_1BT,1573452,2727634911161,64
basic_1BT,2177143,2727637115718,64
basic_1BT,1975601,2727639125822,64
basic_1BT,1417494,2727640575698,64
basic_1BT,1891273,2727642500713,64
basic_1BT,2013192,2727644545743,64
basic_1BT,1435385,2727646014980,64
basic_1BT,2192871,2727648233563,64
basic_1BT,1802527,2727650064571,64
basic_1BT,1587473,2727651678221,64
basic_1BT,1846803,2727653551121,64
basic_1BT,1999773,2727655610898,64
basic_1BT,1943901,2727657593439,64
basic_1BT,1998005,2727659661728,64
basic_1BT,1874484,2727661569946,64
basic_1BT,1987921,2727663609735,64
basic_1BT,2064102,2727665732562,64
basic_1BT,2010488,2727667778651,64
basic_1BT,1918048,2727669731128,64
basic_1BT,2053360,2727671822703,64
basic_1BT,1962024,2727673819472,64
basic_1BT,2246519,2727676098612,64
basic_1BT,2212454,2727678345036,64
basic_1BT,2022654,2727680439432,64
basic_1BT,1945495,2727682428254,64
basic_1BT,1971235,2727684435614,64
basic_1BT,2265124,2727686735394,64
basic_1BT,2059101,2727688859638,64
basic_1BT,2114730,2727691011080,64
basic_1BT,2081865,2727693134949,64
basic_1BT,2077783,2727695262738,64
basic_1BT,2102080,2727697406239,64
basic_1BT,2109027,2727699561496,64
basic_1BT,1981214,2727701579608,64
basic_1BT,2052133,2727703663010,64
basic_1BT,2245482,2727705950782,64
basic_1BT,2059040,2727708055848,64
basic_1BT,2173235,2727710272272,64
basic_1BT,1987409,2727712294535,64
basic_1BT,1942561,2727714284364,64
basic_1BT,1934033,2727716270357,64
basic_1BT,2047856,2727718354314,64
basic_1BT,2102882,2727720488551,64
basic_1BT,1983815,2727722506762,64
basic_1BT,2022716,2727724573365,64
basic_1BT,1943276,2727726544817,64
basic_1BT,1415902,2727727987966,64
basic_1BT,2550211,2727730584002,64
basic_1BT,1368240,2727731998533,64
basic_1BT,2142113,2727734194092,64
basic_1BT,2535315,2727736761358,64
basic_1BT,1942770,2727738744575,64
basic_1BT,1911827,2727740685160,64
basic_1BT,2267376,2727742988413,64
basic_1BT,2254516,2727745291593,64
basic_1BT,1989712,2727747323887,64
basic_1BT,2518580,2727749880462,64
basic_1BT,2023266,2727751939640,64
basic_1BT,1922349,2727753895346,64
basic_1BT,2084517,2727756021758,64
basic_1BT,891592,2727756945696,64
basic_1BT,1480948,2727758453858,64
basic_1BT,1984907,2727760467118,64
basic_1BT,1915251,2727762411461,64
basic_1BT,1774093,2727764213157,64
basic_1BT,2049265,2727766292409,64
basic_1BT,2098171,2727768423246,64
basic_1BT,1825062,2727770277814,64
basic_1BT,1937999,2727772247861,64
basic_1BT,1308302,2727773584025,64
basic_1BT,923985,2727774533499,64
basic_1BT,1739972,2727776301339,64
basic_1BT,1843794,2727778182302,64
basic_1BT,1850555,2727780066629,64
basic_1BT,1769879,2727781872001,64
basic_1BT,1670177,2727783602711,64
basic_1BT,2017204,2727785646530,64
basic_1BT,1455158,2727787135292,64
basic_1BT,1182122,2727788357790,64
basic_1BT,1640433,2727790026726,64
basic_1BT,1720169,2727791789896,64
basic_1BT,2278290,2727794099214,64
basic_1BT,1962280,2727796098833,64
basic_1BT,1836793,2727797993479,64
basic_1BT,2043464,2727800062472,64
basic_1BT,1629571,2727801720151,64
basic_1BT,1888665,2727803634834,64
basic_1BT,1984500,2727805644591,64
basic_1BT,2096623,2727807774729,64
basic_1BT,2027269,2727809836090,64
basic_1BT,2024920,2727811895781,64
basic_1BT,2033034,2727813960792,64
basic_1BT,1922786,2727815917524,64
basic_1BT,1598643,2727817560086,64
basic_1BT,2076088,2727819675970,64
basic_1BT,1973041,2727821682765,64
basic_1BT,1991228,2727823702201,64
basic_1BT,1388638,2727825117566,64
basic_1BT,1997753,2727827142523,64
basic_1BT,1312211,2727828480544,64
basic_1BT,1475153,2727829983279,64
basic_1BT,1723163,2727831738881,64
basic_1BT,1586168,2727833351936,64
basic_1BT,1655839,2727835036359,64
basic_1BT,1589539,2727836653330,64
basic_1BT,2030534,2727838715283,64
basic_1BT,2243561,2727840990850,64
basic_1BT,2059713,2727843081421,64
basic_1BT,2038358,2727845149065,64
basic_1BT,2135022,2727847326010,64
basic_1BT,1527604,2727848884792,64
basic_1BT,1991325,2727850908964,64
basic_1BT,1879841,2727852823075,64
basic_1BT,1851533,2727854711149,64
basic_1BT,1984476,2727856729908,64
basic_1BT,1538651,2727858304592,64
basic_1BT,1982563,2727860315864,64
basic_1BT,2061282,2727862404845,64
basic_1BT,1658886,2727864089599,64
basic_1BT,1977109,2727866102447,64
basic_1BT,1654919,2727867783818,64
basic_1BT,2072299,2727869881714,64
basic_1BT,1649435,2727871557870,64
basic_1BT,2087531,2727873671898,64
basic_1BT,1714710,2727875429084,64
basic_1BT,1560911,2727877030176,64
basic_1BT,1637764,2727878696015,64
basic_1BT,1822325,2727880546107,64
basic_1BT,1679485,2727882256105,64
basic_1BT,2038138,2727884340354,64
basic_1BT,2106925,2727886508778,64
basic_1BT,1763243,2727888304197,64
basic_1BT,1817630,2727890152256,64
basic_1BT,1347033,2727891531241,64
basic_1BT,1040052,2727892596766,64
basic_1BT,1738163,2727894369167,64
basic_1BT,2113684,2727896514667,64
basic_1BT,2087979,2727898631491,64
basic_1BT,2028825,2727900691824,64
basic_1BT,2004708,2727902726120,64
basic_1BT,1999405,2727904774687,64
basic_1BT,2013151,2727906828752,64
basic_1BT,1959820,2727908821524,64
basic_1BT,2086900,2727910943812,64
basic_1BT,2038647,2727913015489,64
basic_1BT,2046867,2727915098436,64
basic_1BT,2141592,2727917278555,64
basic_1BT,1999907,2727919323579,64
basic_1BT,1964398,2727921317760,64
basic_1BT,2077942,2727923439775,64
basic_1BT,1986030,2727925463444,64
basic_1BT,1940958,2727927436591,64
basic_1BT,2101900,2727929576823,64
basic_1BT,2122812,2727931730261,64
basic_1BT,1453001,2727933221480,64
basic_1BT,1993346,2727935250407,64
basic_1BT,1874867,2727937155574,64
basic_1BT,1641029,2727938830815,64
basic_1BT,1117040,2727939979345,64
basic_1BT,1585749,2727941620073,64
basic_1BT,2125031,2727943781651,64
basic_1BT,1938877,2727945746858,64
basic_1BT,1451747,2727947233435,64
basic_1BT,1809402,2727949074563,64
basic_1BT,1066573,2727950171689,64
basic_1BT,1947580,2727952150178,64
basic_1BT,1730052,2727953910121,64
basic_1BT,1970441,2727955912264,64
basic_1BT,2047320,2727957987331,64
basic_1BT,2050668,2727960072621,64
basic_1BT,1929939,2727962032356,64
basic_1BT,2171822,2727964241108,64
basic_1BT,2188593,2727966471987,64
basic_1BT,1961634,2727968465491,64
basic_1BT,1785552,2727970284849,64
basic_1BT,2175612,2727972493897,64
basic_1BT,1978237,2727974510623,64
basic_1BT,2237064,2727976786374,64
basic_1BT,1940169,2727978776021,64
basic_1BT,1924782,2727980730145,64
basic_1BT,1790470,2727982555422,64
basic_1BT,1945011,2727984534243,64
basic_1BT,1767538,2727986332532,64
basic_1BT,1904036,2727988266007,64
basic_1BT,1937319,2727990235156,64
basic_1BT,1944909,2727992233750,64
basic_1BT,2064998,2727994354401,64
basic_1BT,1789284,2727996177222,64
basic_1BT,1845245,2727998053005,64
basic_1BT,1898213,2727999979614,64
basic_1BT,1951889,2728001996735,64
basic_1BT,2048696,2728004077488,64
basic_1BT,2232238,2728006353353,64
basic_1BT,1355939,2728007735287,64
basic_1BT,888381,2728008649205,64
basic_1BT,1842433,2728010560647,64
basic_1BT,2007435,2728012599648,64
basic_1BT,2267919,2728014921726,64
basic_1BT,2009837,2728016980506,64
basic_1BT,2096788,2728019108505,64
basic_1BT,2127438,2728021263903,64
basic_1BT,1445489,2728022743130,64
basic_1BT,1309427,2728024084072,64
basic_1BT,1446557,2728025560358,64
basic_1BT,1888567,2728027484509,64
basic_1BT,2167088,2728029682555,64
basic_1BT,2047718,2728031759030,64
basic_1BT,2305934,2728034097909,64
basic_1BT,1441584,2728035575108,64
basic_1BT,1717988,2728037318795,64
basic_1BT,1865819,2728039217914,64
basic_1BT,1409050,2728040654294,64
basic_1BT,1881383,2728042566806,64
basic_1BT,1920644,2728044515793,64
basic_1BT,2083925,2728046633451,64
basic_1BT,2089917,2728048761754,64
basic_1BT,1848043,2728050638432,64
basic_1BT,1295024,2728051960858,64
basic_1BT,1323887,2728053318038,64
basic_1BT,1564867,2728054916982,64
basic_1BT,2191126,2728057136414,64
basic_1BT,1801848,2728058966195,64
basic_1BT,2014144,2728061011327,64
basic_1BT,1355492,2728062394201,64
basic_1BT,1032397,2728063457904,64
basic_1BT,1751014,2728065235216,64
basic_1BT,2470076,2728067737081,64
basic_1BT,1820967,2728069619087,64
basic_1BT,2163853,2728071818075,64
basic_1BT,1901591,2728073748669,64
basic_1BT,1863029,2728075668088,64
basic_1BT,1995378,2728077749605,64
basic_1BT,1351258,2728079137647,64
basic_1BT,1041955,2728080205219,64
basic_1BT,1703975,2728081937907,64
basic_1BT,1831442,2728083801325,64
basic_1BT,1983576,2728085811992,64
basic_1BT,2114607,2728087960338,64
basic_1BT,1548294,2728089534512,64
basic_1BT,1616313,2728091178082,64
basic_1BT,1772928,2728092976929,64
basic_1BT,1313268,2728094318160,64
basic_1BT,1612547,2728095956788,64
basic_1BT,1885955,2728097868756,64
basic_1BT,1791449,2728099706403,64
basic_1BT,1570877,2728101305136,64
basic_1BT,1533763,2728102872379,64
basic_1BT,1536511,2728104440565,64
basic_1BT,1403545,2728105872723,64
basic_1BT,1625016,2728107525446,64
basic_1BT,1692318,2728109245535,64
basic_1BT,2063448,2728111338740,64
basic_1BT,1988036,2728113352293,64
basic_1BT,1823528,2728115209431,64
basic_1BT,1328270,2728116562348,64
basic_1BT,1090162,2728117677589,64
basic_1BT,1788090,2728119489617,64
basic_1BT,2001389,2728121515167,64
basic_1BT,2009737,2728123558873,64
basic_1BT,1906581,2728125492429,64
basic_1BT,1947798,2728127467762,64
basic_1BT,1742702,2728129239317,64
basic_1BT,1538177,2728130812220,64
basic_1BT,1862516,2728132700834,64
basic_1BT,1648720,2728134376784,64
basic_1BT,1398312,2728135801089,64
basic_1BT,1651508,2728137478465,64
basic_1BT,1893354,2728139399789,64
basic_1BT,1953759,2728141383143,64
basic_1BT,1913008,2728143329379,64
basic_1BT,1371947,2728144730769,64
basic_1BT,1423719,2728146187870,64
basic_1BT,1711811,2728147926748,64
basic_1BT,1802584,2728149793358,64
basic_1BT,1847668,2728151676147,64
basic_1BT,1410738,2728153114939,64
basic_1BT,1396467,2728154547560,64
basic_1BT,1564640,2728156138520,64
basic_1BT,1919687,2728158087199,64
basic_1BT,1827331,2728159945753,64
basic_1BT,1919257,2728161896721,64
basic_1BT,1657328,2728163585812,64
basic_1BT,1451873,2728165064185,64
basic_1BT,1805828,2728166896958,64
basic_1BT,1865179,2728168790009,64
basic_1BT,2081087,2728170899015,64
basic_1BT,1398172,2728172325578,64
basic_1BT,1327007,2728173681079,64
basic_1BT,1589621,2728175311063,64
basic_1BT,1959643,2728177304177,64
basic_1BT,1918485,2728179260934,64
basic_1BT,2061096,2728181355545,64
basic_1BT,1905814,2728183288675,64
basic_1BT,1478967,2728184794208,64
basic_1BT,1767218,2728186595848,64
basic_1BT,1156441,2728187777766,64
basic_1BT,1838704,2728189663379,64
basic_1BT,1933939,2728191626867,64
basic_1BT,1441773,2728193094741,64
basic_1BT,2050976,2728195180806,64
basic_1BT,2190888,2728197404213,64
basic_1BT,2066972,2728199505407,64
basic_1BT,1968812,2728201505677,64
basic_1BT,1914133,2728203448059,64
basic_1BT,1598046,2728205073118,64
basic_1BT,1849640,2728206956652,64
basic_1BT,1916502,2728208901186,64
basic_1BT,1201661,2728210165953,64
basic_1BT,2048379,2728212242054,64
basic_1BT,1818690,2728214097953,64
basic_1BT,1871591,2728215997477,64
basic_1BT,1966539,2728218016106,64
basic_1BT,1986295,2728220078097,64
basic_1BT,1875572,2728221989740,64
basic_1BT,2057021,2728224109012,64
basic_1BT,1977490,2728226124890,64
basic_1BT,1977938,2728228131162,64
basic_1BT,1995452,2728230177533,64
basic_1BT,2041679,2728232246788,64
basic_1BT,2067933,2728234343422,64
basic_1BT,1889985,2728236265221,64
basic_1BT,1959855,2728238258030,64
basic_1BT,1625177,2728239914404,64
basic_1BT,1699578,2728241641825,64
basic_1BT,2420657,2728244095736,64
basic_1BT,1805129,2728245934348,64
basic_1BT,2004329,2728247966059,64
basic_1BT,2063395,2728250056700,64
basic_1BT,1896253,2728251981918,64
basic_1BT,1829347,2728254095021,64
basic_1BT,2061243,2728256186614,64
basic_1BT,1398376,2728257615208,64
basic_1BT,1119374,2728258762270,64
basic_1BT,1559232,2728260354725,64
basic_1BT,1940841,2728262326359,64
basic_1BT,1933005,2728264287466,64
basic_1BT,1756797,2728266069808,64
basic_1BT,1946917,2728268040532,64
basic_1BT,1530677,2728269597254,64
basic_1BT,1422330,2728271051133,64
basic_1BT,1675598,2728272750425,64
basic_1BT,1393225,2728274169421,64
basic_1BT,1896200,2728276089717,64
basic_1BT,1326606,2728277444945,64
basic_1BT,1679270,2728279150896,64
basic_1BT,1721570,2728280899166,64
basic_1BT,1896516,2728282824003,64
basic_1BT,1795269,2728284646036,64
basic_1BT,1477070,2728286158159,64
basic_1BT,1862668,2728288046693,64
basic_1BT,1643133,2728289723225,64
basic_1BT,1875897,2728291624887,64
basic_1BT,1905280,2728293556079,64
basic_1BT,1638856,2728295228246,64
basic_1BT,1360007,2728296614278,64
basic_1BT,1573178,2728298236625,64
basic_1BT,2043923,2728300312187,64
basic_1BT,1977425,2728302323879,64
basic_1BT,2007975,2728304363232,64
basic_1BT,1410277,2728305802358,64
basic_1BT,1834537,2728307668524,64
basic_1BT,1266104,2728308961434,64
basic_1BT,1997796,2728310999177,64
basic_1BT,1809777,2728312835280,64
basic_1BT,1525439,2728314389634,64
basic_1BT,1822505,2728316237770,64
basic_1BT,2069714,2728318335888,64
basic_1BT,1745723,2728320113310,64
basic_1BT,1486861,2728321627490,64
basic_1BT,1445275,2728323098429,64
basic_1BT,1737047,2728324861091,64
basic_1BT,2072001,2728326966229,64
basic_1BT,1987801,2728328986137,64
basic_1BT,1996201,2728331017316,64
basic_1BT,2213181,2728333262038,64
basic_1BT,1807589,2728335099197,64
basic_1BT,1522709,2728336654513,64
basic_1BT,1551329,2728338234408,64
basic_1BT,1101021,2728339363028,64
basic_1BT,2054687,2728341449386,64
basic_1BT,1759449,2728343239956,64
basic_1BT,2463159,2728345734199,64
basic_1BT,2167726,2728347930633,64
basic_1BT,1973481,2728349947748,64
basic_1BT,1995771,2728351977443,64
basic_1BT,2212163,2728354237906,64
basic_1BT,2007224,2728356289224,64
basic_1BT,1953955,2728358271839,64
basic_1BT,2000222,2728360298757,64
basic_1BT,1406605,2728361739414,64
basic_1BT,1165833,2728362936246,64
basic_1BT,1743928,2728364707661,64
basic_1BT,2103668,2728366840527,64
basic_1BT,1983520,2728368852025,64
basic_1BT,2165797,2728371055207,64
basic_1BT,2457370,2728373542731,64
basic_1BT,2071056,2728375654407,64
basic_1BT,1978112,2728377665772,64
basic_1BT,1398694,2728379093845,64
basic_1BT,1875604,2728380997503,64
basic_1BT,1315613,2728382343335,64
basic_1BT,1665911,2728384037650,64
basic_1BT,2115223,2728386185582,64
basic_1BT,1930100,2728388148657,64
basic_1BT,1942044,2728390144463,64
basic_1BT,1859879,2728392037181,64
basic_1BT,1861321,2728393923607,64
basic_1BT,1982086,2728395928805,64
basic_1BT,1979894,2728397934417,64
basic_1BT,1939889,2728399907910,64
basic_1BT,1982228,2728401914660,64
basic_1BT,2317905,2728404265044,64
basic_1BT,1980438,2728406274764,64
basic_1BT,2260289,2728408567068,64
basic_1BT,1995347,2728410591834,64
basic_1BT,2186688,2728412812938,64
basic_1BT,1958583,2728414804738,64
basic_1BT,1389804,2728416229807,64
basic_1BT,1176230,2728417439408,64
basic_1BT,1659797,2728419133261,64
basic_1BT,2055270,2728421217031,64
basic_1BT,1925790,2728423177033,64
basic_1BT,2053528,2728425288270,64
basic_1BT,1960672,2728427282433,64
basic_1BT,1983224,2728429297477,64
basic_1BT,1380853,2728430707479,64
basic_1BT,1107238,2728431846139,64
basic_1BT,1713665,2728433587046,64
basic_1BT,1935236,2728435566733,64
basic_1BT,1925911,2728437546570,64
basic_1BT,1918491,2728439494341,64
basic_1BT,2134662,2728441689804,64
basic_1BT,1343352,2728443068682,64
basic_1BT,1226161,2728444326304,64
basic_1BT,1542355,2728445902534,64
basic_1BT,2016288,2728447962544,64
basic_1BT,1761409,2728449759782,64
basic_1BT,2008956,2728451795823,64
basic_1BT,1925154,2728453747485,64
basic_1BT,1834979,2728455610628,64
basic_1BT,2044310,2728457688279,64
basic_1BT,2010547,2728459734635,64
basic_1BT,1916348,2728461683682,64
basic_1BT,1950263,2728463678713,64
basic_1BT,1445810,2728465156865,64
basic_1BT,1100190,2728466290452,64
basic_1BT,1944602,2728468262359,64
basic_1BT,1934969,2728470225402,64
basic_1BT,2107958,2728472366410,64
basic_1BT,1820957,2728474221322,64
basic_1BT,2041648,2728476289323,64
basic_1BT,1953842,2728478283686,64
basic_1BT,1945581,2728480261408,64
basic_1BT,1354663,2728481644166,64
basic_1BT,1211389,2728482887522,64
basic_1BT,1770887,2728484684434,64
basic_1BT,1980519,2728486692267,64
basic_1BT,2216691,2728488944122,64
basic_1BT,1977372,2728490956349,64
basic_1BT,1992939,2728492975663,64
basic_1BT,2069954,2728495085155,64
basic_1BT,1495631,2728496614385,64
basic_1BT,2482551,2728499125321,64
basic_1BT,1993944,2728501174326,64
basic_1BT,2281401,2728503490167,64
basic_1BT,1898576,2728505423968,64
basic_1BT,1940033,2728507396257,64
basic_1BT,2024607,2728509453529,64
basic_1BT,1848705,2728511331913,64
basic_1BT,1855033,2728513211401,64
basic_1BT,2295540,2728515539425,64
basic_1BT,2077916,2728517645273,64
basic_1BT,2083251,2728519765989,64
basic_1BT,1841178,2728521639222,64
basic_1BT,2002368,2728523693323,64
basic_1BT,1554493,2728525281009,64
basic_1BT,2501933,2728527820309,64
basic_1BT,2055604,2728529908537,64
basic_1BT,2045605,2728531991238,64
basic_1BT,2171822,2728534214129,64
basic_1BT,1869899,2728536116402,64
basic_1BT,1414436,2728537559161,64
basic_1BT,2585242,2728540179602,64
basic_1BT,2030296,2728542248371,64
basic_1BT,2116666,2728544400232,64
basic_1BT,2043796,2728546478107,64
basic_1BT,1953325,2728548462558,64
basic_1BT,1336705,2728549828151,64
basic_1BT,2309333,2728552172752,64
basic_1BT,1356596,2728553581434,64
basic_1BT,1329172,2728554936732,64
basic_1BT,1835123,2728556797703,64
basic_1BT,2022339,2728558848385,64
basic_1BT,1367305,2728560240374,64
basic_1BT,2127596,2728562392956,64
basic_1BT,1942201,2728564358926,64
basic_1BT,1690714,2728566079860,64
basic_1BT,1885337,2728567989919,64
basic_1BT,1745597,2728569777119,64
basic_1BT,1921477,2728571724576,64
basic_1BT,1866371,2728573620534,64
basic_1BT,1765692,2728575415925,64
basic_1BT,1972002,2728577432383,64
basic_1BT,1968797,2728579431217,64
basic_1BT,1897662,2728581381999,64
basic_1BT,1898372,2728583321904,64
basic_1BT,1939320,2728585301376,64
basic_1BT,1975594,2728587315135,64
basic_1BT,1897296,2728589254379,64
basic_1BT,1887760,2728591223239,64
basic_1BT,1826152,2728593080017,64
basic_1BT,2075844,2728595185726,64
basic_1BT,1950406,2728597165436,64
basic_1BT,1960544,2728599156247,64
basic_1BT,1922116,2728601108688,64
basic_1BT,1462539,2728602601036,64
basic_1BT,2499956,2728605132097,64
basic_1BT,1387021,2728606568814,64
basic_1BT,1656082,2728608256293,64
basic_1BT,1600773,2728609884388,64
basic_1BT,1299144,2728611209117,64
basic_1BT,2053031,2728613287817,64
basic_1BT,1746724,2728615061703,64
basic_1BT,1975225,2728617063065,64
basic_1BT,1322595,2728618418228,64
basic_1BT,1010855,2728619454117,64
basic_1BT,1872229,2728621357474,64
basic_1BT,1788034,2728623181356,64
basic_1BT,2070246,2728625276244,64
basic_1BT,1919896,2728627228483,64
basic_1BT,1699053,2728628963414,64
basic_1BT,2064569,2728631064390,64
basic_1BT,2035005,2728633131383,64
basic_1BT,1936456,2728635121734,64
basic_1BT,1935356,2728637089198,64
basic_1BT,2186554,2728639317212,64
basic_1BT,1950224,2728641298010,64
basic_1BT,2162923,2728643492092,64
basic_1BT,2000896,2728645531751,64
basic_1BT,1898044,2728647465725,64
basic_1BT,1743668,2728649247772,64
basic_1BT,1727039,2728651010306,64
basic_1BT,2255071,2728653296875,64
basic_1BT,1787708,2728655128910,64
basic_1BT,1976719,2728657164159,64
basic_1BT,1928536,2728659120964,64
basic_1BT,2101380,2728661269964,64
basic_1BT,1867862,2728663166200,64
basic_1BT,2134135,2728665344645,64
basic_1BT,2005301,2728667393299,64
basic_1BT,2265358,2728669692018,64
basic_1BT,1996288,2728671725004,64
basic_1BT,2008153,2728673770972,64
basic_1BT,1967022,2728675777374,64
basic_1BT,2026772,2728677836724,64
basic_1BT,1399243,2728679267389,64
basic_1BT,1958829,2728681258764,64
basic_1BT,1865032,2728683158197,64
basic_1BT,1954229,2728685192128,64
basic_1BT,1278441,2728686504802,64
basic_1BT,1929531,2728688465028,64
basic_1BT,1862920,2728690370855,64
basic_1BT,1940391,2728692350205,64
basic_1BT,1908399,2728694292462,64
basic_1BT,1714367,2728696031851,64
basic_1BT,1532278,2728697594638,64
basic_1BT,1835099,2728699458000,64
basic_1BT,1111500,2728700603609,64
basic_1BT,1990176,2728702628608,64
basic_1BT,1689859,2728704396493,64
basic_1BT,2094968,2728706519500,64
basic_1BT,1829473,2728708373919,64
basic_1BT,2123035,2728710530792,64
basic_1BT,1961056,2728712524125,64
basic_1BT,1386727,2728713948617,64
basic_1BT,991865,2728714971989,64
basic_1BT,1874400,2728716870996,64
basic_1BT,2028708,2728718927620,64
basic_1BT,1979220,2728720931815,64
basic_1BT,1491055,2728722455138,64
basic_1BT,1164543,2728723650344,64
basic_1BT,1506876,2728725185729,64
basic_1BT,1782033,2728726994922,64
basic_1BT,2065123,2728729088614,64
basic_1BT,1909120,2728731025146,64
basic_1BT,2052783,2728733110367,64
basic_1BT,1953042,2728735094641,64
basic_1BT,1971183,2728737097322,64
basic_1BT,1993139,2728739118657,64
basic_1BT,1450957,2728740596176,64
basic_1BT,1956748,2728742581008,64
basic_1BT,1974790,2728744582666,64
basic_1BT,2183989,2728746802280,64
basic_1BT,2014231,2728748854716,64
basic_1BT,1956708,2728750850048,64
basic_1BT,2025956,2728752906472,64
basic_1BT,2014908,2728754956693,64
basic_1BT,1629695,2728756619114,64
basic_1BT,1760146,2728758408500,64
basic_1BT,1806880,2728760242613,64
basic_1BT,1223282,2728761502938,64
basic_1BT,1716221,2728763247554,64
basic_1BT,1804247,2728765080860,64
basic_1BT,2084789,2728767200198,64
basic_1BT,1939099,2728769171111,64
basic_1BT,1957831,2728771161064,64
basic_1BT,1544522,2728772745084,64
basic_1BT,1422765,2728774194951,64
basic_1BT,1092269,2728775317279,64
basic_1BT,1678795,2728777023013,64
basic_1BT,1930577,2728778981492,64
basic_1BT,1977238,2728780990651,64
basic_1BT,2203726,2728783231036,64
basic_1BT,2039704,2728785297420,64
basic_1BT,2197815,2728787537559,64
basic_1BT,1974269,2728789543247,64
basic_1BT,1960026,2728791540370,64
basic_1BT,1345764,2728792919021,64
basic_1BT,1244843,2728794197993,64
basic_1BT,1774475,2728795996870,64
basic_1BT,1869993,2728797937177,64
basic_1BT,2076470,2728800040042,64
basic_1BT,2230767,2728802325389,64
basic_1BT,2060371,2728804441037,64
basic_1BT,2011055,2728806510792,64
basic_1BT,2043823,2728808585175,64
basic_1BT,1944164,2728810565331,64
basic_1BT,2065699,2728812671206,64
basic_1BT,1881648,2728814586783,64
basic_1BT,2008798,2728816632077,64
basic_1BT,1879858,2728818547461,64
basic_1BT,2079476,2728820659684,64
basic_1BT,2027581,2728822726482,64
basic_1BT,2028553,2728824787875,64
basic_1BT,2046946,2728826900900,64
basic_1BT,2059092,2728829001756,64
basic_1BT,1920280,2728830965034,64
basic_1BT,1749376,2728832768869,64
basic_1BT,1913799,2728834717250,64
basic_1BT,2429486,2728837175730,64
basic_1BT,1855628,2728839065343,64
basic_1BT,2077340,2728841188815,64
basic_1BT,2066763,2728843297405,64
basic_1BT,2287629,2728845614942,64
basic_1BT,1928330,2728847596247,64
basic_1BT,2042711,2728849676922,64
basic_1BT,1985151,2728851698742,64
basic_1BT,1929975,2728853660989,64
basic_1BT,1922927,2728855652330,64
basic_1BT,1898028,2728857587273,64
basic_1BT,1815193,2728859456156,64
basic_1BT,2142659,2728861654129,64
basic_1BT,1715922,2728863399527,64
basic_1BT,1985143,2728865411648,64
basic_1BT,1840846,2728867282841,64
basic_1BT,2036999,2728869351652,64
basic_1BT,1848384,2728871227721,64
basic_1BT,2013737,2728873310037,64
basic_1BT,1944099,2728875283602,64
basic_1BT,1948473,2728877266444,64
basic_1BT,1479860,2728878779139,64
basic_1BT,1237443,2728880048590,64
basic_1BT,1603487,2728881680014,64
basic_1BT,2066833,2728883801598,64
basic_1BT,1784019,2728885612029,64
basic_1BT,1945614,2728887585431,64
basic_1BT,1504378,2728889119783,64
basic_1BT,1451791,2728890604958,64
basic_1BT,1562954,2728892194813,64
basic_1BT,1906756,2728894159124,64
basic_1BT,2167402,2728896357696,64
basic_1BT,2054617,2728898441405,64
basic_1BT,1980953,2728900498576,64
basic_1BT,1806999,2728902338025,64
basic_1BT,1980020,2728904369160,64
basic_1BT,1357586,2728905766940,64
basic_1BT,1256532,2728907051035,64
basic_1BT,1988406,2728909066309,64
basic_1BT,1952838,2728911046773,64
basic_1BT,1845978,2728912919077,64
basic_1BT,1526480,2728914491443,64
basic_1BT,956874,2728915473694,64
basic_1BT,1636275,2728917136432,64
basic_1BT,1320741,2728918489598,64
basic_1BT,1998476,2728920519731,64
basic_1BT,1206437,2728921756137,64
basic_1BT,1689218,2728923470778,64
basic_1BT,2059757,2728925556053,64
basic_1BT,2007725,2728927592273,64
basic_1BT,2182285,2728929799996,64
basic_1BT,2102530,2728931932138,64
basic_1BT,1945389,2728933909963,64
basic_1BT,2013416,2728935963839,64
basic_1BT,1980867,2728938019438,64
basic_1BT,1995349,2728940043467,64
basic_1BT,1980179,2728942060086,64
basic_1BT,2085902,2728944175868,64
basic_1BT,1718608,2728945929145,64
basic_1BT,2012732,2728947975954,64
basic_1BT,2170570,2728950205104,64
basic_1BT,2089620,2728952325282,64
basic_1BT,1997408,2728954363160,64
basic_1BT,2124813,2728956520567,64
basic_1BT,1385423,2728957934341,64
basic_1BT,1010612,2728958970524,64
basic_1BT,1777661,2728960775419,64
basic_1BT,1410561,2728962214757,64
basic_1BT,1610199,2728963850774,64
basic_1BT,1528852,2728965404889,64
basic_1BT,1745346,2728967177506,64
basic_1BT,1695157,2728968898335,64
basic_1BT,1715755,2728970643036,64
basic_1BT,1963186,2728972639043,64
basic_1BT,2094353,2728974787143,64
basic_1BT,1811697,2728976632020,64
basic_1BT,1893750,2728978560671,64
basic_1BT,1734728,2728980327512,64
basic_1BT,2018733,2728982376832,64
basic_1BT,1995094,2728984403817,64
basic_1BT,1558423,2728985994104,64
basic_1BT,2162216,2728988187939,64
basic_1BT,1857447,2728990080073,64
basic_1BT,1937942,2728992109509,64
basic_1BT,1883428,2728994022909,64
basic_1BT,1787759,2728995838804,64
basic_1BT,2007933,2728997878466,64
basic_1BT,2035025,2728999948242,64
basic_1BT,2112746,2729002093008,64
basic_1BT,1978225,2729004106414,64
basic_1BT,1347439,2729005485078,64
basic_1BT,1028546,2729006545072,64
basic_1BT,1899554,2729008475995,64
basic_1BT,1967288,2729010500150,64
basic_1BT,1823839,2729012354887,64
basic_1BT,2046650,2729014432286,64
basic_1BT,1751212,2729016212304,64
basic_1BT,1630134,2729017897399,64
basic_1BT,1827765,2729019752692,64
basic_1BT,1634107,2729021414892,64
basic_1BT,1921375,2729023366852,64
basic_1BT,1267598,2729024659361,64
basic_1BT,1666659,2729026352703,64
basic_1BT,1915428,2729028317839,64
basic_1BT,1881786,2729030228172,64
basic_1BT,1891049,2729032145077,64
basic_1BT,1775079,2729033954453,64
basic_1BT,1640717,2729035622239,64
basic_1BT,1972831,2729037633389,64
basic_1BT,1267454,2729038934555,64
basic_1BT,1446393,2729040410565,64
basic_1BT,2006525,2729042445192,64
basic_1BT,1843260,2729044322054,64
basic_1BT,1299458,2729045691565,64
basic_1BT,1797514,2729047515697,64
basic_1BT,1383540,2729048925652,64
basic_1BT,1625989,2729050583344,64
basic_1BT,1789521,2729052399269,64
basic_1BT,1672092,2729054099358,64
basic_1BT,1975075,2729056101506,64
basic_1BT,1793330,2729057922786,64
basic_1BT,1891306,2729059872178,64
basic_1BT,1852832,2729061751964,64
basic_1BT,1959461,2729063740087,64
basic_1BT,1885416,2729065654682,64
basic_1BT,1442378,2729067130813,64
basic_1BT,1724896,2729068897300,64
basic_1BT,1124809,2729070073532,64
basic_1BT,2013968,2729072130258,64
basic_1BT,1962440,2729074122049,64
basic_1BT,2358470,2729076518027,64
basic_1BT,1947351,2729078506396,64
basic_1BT,1994129,2729080533723,64
basic_1BT,1958024,2729082521842,64
basic_1BT,1463630,2729084019719,64
basic_1BT,1095842,2729085150954,64
basic_1BT,1745982,2729086924376,64
basic_1BT,2260099,2729089216479,64
basic_1BT,2074172,2729091332893,64
basic_1BT,1972030,2729093331561,64
basic_1BT,2312932,2729095673816,64
basic_1BT,1763908,2729097487752,64
basic_1BT,1735395,2729099256726,64
basic_1BT,1797912,2729101090988,64
basic_1BT,1757569,2729102887703,64
basic_1BT,1745618,2729104671832,64
basic_1BT,2153854,2729106860155,64
basic_1BT,1942906,2729108829751,64
basic_1BT,1971982,2729110830020,64
basic_1BT,2045958,2729112907449,64
basic_1BT,2046356,2729114984366,64
basic_1BT,1765261,2729116779818,64
basic_1BT,1691626,2729118507661,64
basic_1BT,1945695,2729120488997,64
basic_1BT,2032900,2729122555402,64
basic_1BT,1973866,2729124562406,64
basic_1BT,2184557,2729126784294,64
basic_1BT,2386647,2729129235818,64
basic_1BT,2016537,2729131290586,64
basic_1BT,1814701,2729133133506,64
basic_1BT,1784319,2729134947896,64
basic_1BT,2012113,2729136986671,64
basic_1BT,1627079,2729138665933,64
basic_1BT,1509856,2729140201579,64
basic_1BT,1884397,2729142112702,64
basic_1BT,1662578,2729143805390,64
basic_1BT,1382213,2729145212641,64
basic_1BT,1918835,2729147158562,64
basic_1BT,1886796,2729149076003,64
basic_1BT,2049176,2729151160474,64
basic_1BT,2008594,2729153199242,64
basic_1BT,1823416,2729155084506,64
basic_1BT,1928593,2729157043438,64
basic_1BT,1894247,2729158966859,64
basic_1BT,2054525,2729161057672,64
basic_1BT,1964956,2729163060268,64
basic_1BT,2166772,2729165254251,64
basic_1BT,1409679,2729166694537,64
basic_1BT,1848582,2729168580612,64
basic_1BT,1838535,2729170457184,64
basic_1BT,1684320,2729172173199,64
basic_1BT,1083359,2729173326791,64
basic_1BT,1424969,2729174776966,64
basic_1BT,1806248,2729176611652,64
basic_1BT,2004802,2729178647981,64
basic_1BT,2094148,2729180796906,64
basic_1BT,2009587,2729182834197,64
basic_1BT,1404705,2729184265053,64
basic_1BT,1855501,2729186151664,64
basic_1BT,1130154,2729187313247,64
basic_1BT,1495958,2729188834854,64
basic_1BT,2077700,2729190946501,64
basic_1BT,1780653,2729192757079,64
basic_1BT,1614385,2729194400447,64
basic_1BT,1765847,2729196195805,64
basic_1BT,2296982,2729198520043,64
basic_1BT,1940755,2729200490760,64
basic_1BT,1991588,2729202517892,64
basic_1BT,2024605,2729204582439,64
basic_1BT,2059358,2729206676562,64
basic_1BT,1856059,2729208568471,64
basic_1BT,1968255,2729210571088,64
basic_1BT,2070893,2729212669648,64
basic_1BT,2033841,2729214734283,64
basic_1BT,2093949,2729216862711,64
basic_1BT,2044033,2729218943563,64
basic_1BT,1828172,2729220806536,64
basic_1BT,1477118,2729222322855,64
basic_1BT,2150116,2729224502268,64
basic_1BT,1437754,2729225969438,64
basic_1BT,1133827,2729227144408,64
basic_1BT,1820944,2729229009543,64
basic_1BT,2126459,2729231169319,64
basic_1BT,1853051,2729233069489,64
basic_1BT,1946214,2729235044988,64
basic_1BT,1429826,2729236508297,64
basic_1BT,1971644,2729238506986,64
basic_1BT,1584622,2729240117866,64
basic_1BT,1348206,2729241493137,64
basic_1BT,1401743,2729242920598,64
basic_1BT,1999209,2729244954627,64
basic_1BT,1803619,2729246795382,64
basic_1BT,1997266,2729248855651,64
basic_1BT,1402793,2729250288676,64
basic_1BT,2324674,2729252641438,64
basic_1BT,2291389,2729254977581,64
basic_1BT,1913253,2729256926574,64
basic_1BT,1621782,2729258578477,64
basic_1BT,1632789,2729260239249,64
basic_1BT,1722746,2729261991265,64
basic_1BT,1324812,2729263346215,64
basic_1BT,1924760,2729265296944,64
basic_1BT,1081689,2729266410583,64
basic_1BT,1664538,2729268101101,64
basic_1BT,2006097,2729270138485,64
basic_1BT,1320172,2729271484449,64
basic_1BT,1001309,2729272515391,64
basic_1BT,1725224,2729274277016,64
basic_1BT,1893457,2729276206399,64
basic_1BT,1997603,2729278232146,64
basic_1BT,1903954,2729280162712,64
basic_1BT,1950808,2729282141345,64
basic_1BT,1404764,2729283571544,64
basic_1BT,2124663,2729285734509,64
basic_1BT,1964320,2729287730994,64
basic_1BT,1877775,2729289639263,64
basic_1BT,1018836,2729290686880,64
basic_1BT,1636638,2729292350084,64
basic_1BT,1924283,2729294308140,64
basic_1BT,1927863,2729296294732,64
basic_1BT,2101451,2729298449714,64
basic_1BT,1882850,2729300364668,64
basic_1BT,1991975,2729302391188,64
basic_1BT,1901331,2729304319735,64
basic_1BT,2005941,2729306359485,64
basic_1BT,2079255,2729308488747,64
basic_1BT,1925001,2729310450716,64
basic_1BT,1419359,2729311900624,64
basic_1BT,1139683,2729313081308,64
basic_1BT,1784650,2729314894509,64
basic_1BT,2046729,2729316968495,64
basic_1BT,1934976,2729318932918,64
basic_1BT,2158350,2729321122917,64
basic_1BT,1968643,2729323125317,64
basic_1BT,1879873,2729325036588,64
basic_1BT,1981640,2729327051538,64
basic_1BT,2302477,2729329387903,64
basic_1BT,2051855,2729331472061,64
basic_1BT,1961521,2729333472984,64
basic_1BT,1827517,2729335329907,64
basic_1BT,2026627,2729337395362,64
basic_1BT,2325624,2729339760994,64
basic_1BT,2081165,2729341884717,64
basic_1BT,2282244,2729344205762,64
basic_1BT,2150676,2729346396192,64
basic_1BT,2093116,2729348526811,64
basic_1BT,2252883,2729350829512,64
basic_1BT,2333324,2729353195217,64
basic_1BT,2218803,2729355460928,64
basic_1BT,2515837,2729358009743,64
basic_1BT,2131231,2729360182598,64
basic_1BT,2082560,2729362303277,64
basic_1BT,2003493,2729364339888,64
basic_1BT,2222039,2729366596679,64
basic_1BT,2123886,2729368759460,64
basic_1BT,2191227,2729370992288,64
basic_1BT,1396288,2729372418873,64
basic_1BT,1195554,2729373654387,64
basic_1BT,1700084,2729375386265,64
basic_1BT,1972606,2729377387863,64
basic_1BT,2132782,2729379560353,64
basic_1BT,2022314,2729381628206,64
basic_1BT,1827768,2729383485141,64
basic_1BT,2048237,2729385571807,64
basic_1BT,2022107,2729387629269,64
basic_1BT,2105175,2729389781448,64
basic_1BT,2038591,2729391854881,64
basic_1BT,2007887,2729393891965,64
basic_1BT,1403401,2729395330581,64
basic_1BT,1100219,2729396458953,64
basic_1BT,1777684,2729398265281,64
basic_1BT,1832937,2729400130164,64
basic_1BT,1774877,2729401932608,64
basic_1BT,2103064,2729404095766,64
basic_1BT,1360190,2729405486055,64
basic_1BT,1130725,2729406643091,64
basic_1BT,1823184,2729408497969,64
basic_1BT,2001179,2729410533207,64
basic_1BT,2100560,2729412657856,64
basic_1BT,2062078,2729414746677,64
basic_1BT,1339977,2729416131513,64
basic_1BT,946965,2729417111487,64
basic_1BT,1954619,2729419092826,64
basic_1BT,2090557,2729421209894,64
basic_1BT,1812639,2729423088911,64
basic_1BT,1389874,2729424508537,64
basic_1BT,1870609,2729426407309,64
basic_1BT,1840023,2729428274025,64
basic_1BT,1710168,2729430033476,64
basic_1BT,1610466,2729431679797,64
basic_1BT,1710158,2729433456423,64
basic_1BT,1939969,2729435434419,64
basic_1BT,1996304,2729437458143,64
basic_1BT,1523431,2729439015850,64
basic_1BT,2333331,2729441380993,64
basic_1BT,922364,2729442331792,64
basic_1BT,1927471,2729444287384,64
basic_1BT,2026234,2729446342712,64
basic_1BT,2042554,2729448419069,64
basic_1BT,2010093,2729450461042,64
basic_1BT,2010085,2729452502387,64
basic_1BT,2010109,2729454544027,64
basic_1BT,2123161,2729456694246,64
basic_1BT,1888260,2729458616327,64
basic_1BT,1454043,2729460108345,64
basic_1BT,2476264,2729462626769,64
basic_1BT,1939569,2729464610404,64
basic_1BT,1999996,2729466643931,64
basic_1BT,1951383,2729468626572,64
basic_1BT,2008112,2729470693670,64
basic_1BT,2098347,2729472819783,64
basic_1BT,1436743,2729474285971,64
basic_1BT,1898899,2729476211897,64
basic_1BT,2041302,2729478281906,64
basic_1BT,1959215,2729480272972,64
basic_1BT,2023351,2729482327215,64
basic_1BT,1892842,2729484250713,64
basic_1BT,2029245,2729486322680,64
basic_1BT,2108084,2729488464408,64
basic_1BT,2238137,2729490734325,64
basic_1BT,2118903,2729492892775,64
basic_1BT,1947523,2729494876415,64
basic_1BT,2044484,2729496959673,64
basic_1BT,2207348,2729499213630,64
basic_1BT,2244802,2729501491459,64
basic_1BT,2032642,2729503562116,64
basic_1BT,1925925,2729505519703,64
basic_1BT,1998176,2729507553893,64
basic_1BT,1973790,2729509561457,64
basic_1BT,2116522,2729511710665,64
basic_1BT,1459222,2729513202783,64
basic_1BT,2707773,2729515944283,64
basic_1BT,2090685,2729518069690,64
basic_1BT,1399080,2729519503677,64
basic_1BT,1934492,2729521466128,64
basic_1BT,1824301,2729523324654,64
basic_1BT,1637265,2729524990545,64
basic_1BT,1318493,2729526338601,64
basic_1BT,1723926,2729528089802,64
basic_1BT,2002349,2729530120886,64
basic_1BT,2003724,2729532167279,64
basic_1BT,1705882,2729533909689,64
basic_1BT,1960599,2729535901484,64
basic_1BT,1912964,2729537845325,64
basic_1BT,1367304,2729539251353,64
basic_1BT,2284392,2729541589226,64
basic_1BT,991943,2729542613157,64
basic_1BT,1729302,2729544369885,64
basic_1BT,1255049,2729545654281,64
basic_1BT,1088457,2729546768117,64
basic_1BT,2065726,2729548869978,64
basic_1BT,1875428,2729550782906,64
basic_1BT,2003829,2729552812825,64
basic_1BT,1743561,2729554584961,64
basic_1BT,1498692,2729556141929,64
basic_1BT,1685091,2729557858319,64
basic_1BT,1306043,2729559194488,64
basic_1BT,1862135,2729561087258,64
basic_1BT,1814169,2729562942552,64
basic_1BT,2131615,2729565099428,64
basic_1BT,1284660,2729566412776,64
basic_1BT,2004867,2729568444204,64
basic_1BT,1481670,2729569954258,64
basic_1BT,1429450,2729571409986,64
basic_1BT,1735633,2729573173828,64
basic_1BT,1401169,2729574603895,64
basic_1BT,1938750,2729576567188,64
basic_1BT,1831101,2729578429216,64
basic_1BT,2079864,2729580533839,64
basic_1BT,1832418,2729582438542,64
basic_1BT,1895450,2729584358347,64
basic_1BT,1802524,2729586187717,64
basic_1BT,1937618,2729588150295,64
basic_1BT,1984386,2729590169905,64
basic_1BT,1956420,2729592151267,64
basic_1BT,1437877,2729593622779,64
basic_1BT,2721927,2729596382438,64
basic_1BT,2434073,2729598852222,64
basic_1BT,2004869,2729600891122,64
basic_1BT,1585883,2729602508488,64
basic_1BT,2284348,2729604826446,64
basic_1BT,1066216,2729605930820,64
basic_1BT,1775501,2729607743097,64
basic_1BT,1982018,2729609757988,64
basic_1BT,2077136,2729611869090,64
basic_1BT,2156112,2729614055197,64
basic_1BT,2243439,2729616332973,64
basic_1BT,2040264,2729618407738,64
basic_1BT,1409739,2729619844495,64
basic_1BT,1988086,2729621869936,64
basic_1BT,972178,2729622872987,64
basic_1BT,1791198,2729624691527,64
basic_1BT,1291029,2729626011388,64
basic_1BT,1130583,2729627173852,64
basic_1BT,1883856,2729629083657,64
basic_1BT,1919557,2729631034395,64
basic_1BT,1883118,2729632956370,64
basic_1BT,1916570,2729634905105,64
basic_1BT,1778491,2729636715136,64
basic_1BT,2176011,2729638933157,64
basic_1BT,1965317,2729640926376,64
basic_1BT,1946119,2729642906762,64
basic_1BT,1880400,2729644820833,64
basic_1BT,1638244,2729646488761,64
basic_1BT,1578401,2729648099386,64
basic_1BT,2088218,2729650220930,64
basic_1BT,2223555,2729652484568,64
basic_1BT,2020209,2729654538354,64
basic_1BT,1479863,2729656056128,64
basic_1BT,2355387,2729658440644,64
basic_1BT,1777760,2729660247149,64
basic_1BT,2167645,2729662443712,64
basic_1BT,1623525,2729664107438,64
basic_1BT,1903588,2729666040705,64
basic_1BT,1384492,2729667452327,64
basic_1BT,2155182,2729669645075,64
basic_1BT,1849765,2729671538901,64
basic_1BT,1934070,2729673502158,64
basic_1BT,1534816,2729675070378,64
basic_1BT,1822177,2729676920051,64
basic_1BT,1900451,2729678852170,64
basic_1BT,1067859,2729679947050,64
basic_1BT,1893171,2729681867762,64
basic_1BT,1999873,2729683926302,64
basic_1BT,1886963,2729685844598,64
basic_1BT,1904146,2729687806663,64
basic_1BT,1849798,2729689683549,64
basic_1BT,1980852,2729691694572,64
basic_1BT,1711188,2729693433722,64
basic_1BT,1449319,2729694912229,64
basic_1BT,2615058,2729697554001,64
basic_1BT,2065673,2729699649482,64
basic_1BT,1384589,2729701058942,64
basic_1BT,1789315,2729702879635,64
basic_1BT,1224490,2729704134028,64
basic_1BT,1706742,2729705871987,64
basic_1BT,1906443,2729707804229,64
basic_1BT,2151950,2729709983153,64
basic_1BT,1968638,2729711986548,64
basic_1BT,2079656,2729714122506,64
basic_1BT,1345461,2729715510929,64
basic_1BT,978721,2729716518920,64
basic_1BT,1792787,2729718340440,64
basic_1BT,1903424,2729720276577,64
basic_1BT,1856086,2729722159720,64
basic_1BT,1459848,2729723652610,64
basic_1BT,1993508,2729725678001,64
basic_1BT,1129058,2729726844144,64
basic_1BT,1742821,2729728613878,64
basic_1BT,1962278,2729730604706,64
basic_1BT,1660811,2729732316368,64
basic_1BT,1992998,2729734346349,64
basic_1BT,1191216,2729735562830,64
basic_1BT,1406640,2729736994040,64
basic_1BT,1859501,2729738879806,64
basic_1BT,1960172,2729740884803,64
basic_1BT,1932564,2729742853235,64
basic_1BT,1352827,2729744231896,64
basic_1BT,1099999,2729745360265,64
basic_1BT,1682013,2729747068801,64
basic_1BT,1870155,2729748970368,64
basic_1BT,1620762,2729750624157,64
basic_1BT,1780542,2729752431131,64
basic_1BT,1775337,2729754249599,64
basic_1BT,2338925,2729756620119,64
basic_1BT,2285489,2729758944861,64
basic_1BT,1792422,2729760790711,64
basic_1BT,1978845,2729762803863,64
basic_1BT,1367765,2729764202751,64
basic_1BT,1110340,2729765345284,64
basic_1BT,1895256,2729767269929,64
basic_1BT,1995453,2729769294339,64
basic_1BT,1828746,2729771156652,64
basic_1BT,2069591,2729773263730,64
basic_1BT,2062300,2729775412774,64
basic_1BT,2000335,2729777442245,64
basic_1BT,1975953,2729779497887,64
basic_1BT,2132429,2729781662297,64
basic_1BT,2161827,2729783855879,64
basic_1BT,1944688,2729785836680,64
basic_1BT,1969926,2729787845614,64
basic_1BT,1962204,2729789836606,64
basic_1BT,2232521,2729792101596,64
basic_1BT,1984158,2729794127202,64
basic_1BT,1960288,2729796120903,64
basic_1BT,2048344,2729798204553,64
basic_1BT,2060514,2729800295656,64
basic_1BT,1976828,2729802313047,64
basic_1BT,1937027,2729804288618,64
basic_1BT,1966061,2729806295946,64
basic_1BT,2155404,2729808486134,64
basic_1BT,1941365,2729810455685,64
basic_1BT,2244313,2729812732937,64
basic_1BT,2120069,2729814915577,64
basic_1BT,2210401,2729817209193,64
basic_1BT,2009674,2729819255473,64
basic_1BT,2220403,2729821515698,64
basic_1BT,2030873,2729823582416,64
basic_1BT,1877727,2729825517557,64
basic_1BT,1992419,2729827547140,64
basic_1BT,2159282,2729829736722,64
basic_1BT,1741020,2729831506216,64
basic_1BT,1479623,2729833012734,64
basic_1BT,1223294,2729834271270,64
basic_1BT,1979199,2729836276103,64
basic_1BT,2010966,2729838315618,64
basic_1BT,1981800,2729840332716,64
basic_1BT,2062663,2729842432188,64
basic_1BT,2009319,2729844494084,64
basic_1BT,1972476,2729846494324,64
basic_1BT,2008312,2729848540818,64
basic_1BT,2006205,2729850579294,64
basic_1BT,2196060,2729852805240,64
basic_1BT,1997428,2729854836893,64
basic_1BT,1863013,2729856729245,64
basic_1BT,1548493,2729858311074,64
basic_1BT,2515203,2729860860061,64
basic_1BT,1904994,2729862802318,64
basic_1BT,2094728,2729864928831,64
basic_1BT,1676571,2729866646241,64
basic_1BT,1695719,2729868374246,64
basic_1BT,1906075,2729870310617,64
basic_1BT,1153236,2729871493712,64
basic_1BT,1961763,2729873485785,64
basic_1BT,1496432,2729875019356,64
basic_1BT,1988032,2729877040956,64
basic_1BT,1837466,2729878913603,64
basic_1BT,2004684,2729880948097,64
basic_1BT,1345533,2729882347501,64
basic_1BT,1371852,2729883750578,64
basic_1BT,1119480,2729884894710,64
basic_1BT,1701927,2729886630308,64
basic_1BT,2094794,2729888756875,64
basic_1BT,2026516,2729890812884,64
basic_1BT,2118843,2729892982295,64
basic_1BT,2047779,2729895065066,64
basic_1BT,2078162,2729897180969,64
basic_1BT,2173396,2729899392106,64
basic_1BT,2059698,2729901484514,64
basic_1BT,1977951,2729903500004,64
basic_1BT,1966401,2729905504637,64
basic_1BT,2240721,2729907780015,64
basic_1BT,2076893,2729909895210,64
basic_1BT,2008332,2729911939148,64
basic_1BT,2059731,2729914030968,64
basic_1BT,2011262,2729916082388,64
basic_1BT,2047167,2729918170966,64
basic_1BT,2010770,2729920220041,64
basic_1BT,2100703,2729922360947,64
basic_1BT,1916264,2729924310798,64
basic_1BT,1425120,2729925785893,64
basic_1BT,2421526,2729928258619,64
basic_1BT,2046813,2729930340027,64
basic_1BT,2135721,2729932540701,64
basic_1BT,1878565,2729934448302,64
basic_1BT,1879715,2729936367714,64
basic_1BT,1901679,2729938299054,64
basic_1BT,1849547,2729940175883,64
basic_1BT,1460898,2729941697323,64
basic_1BT,1993814,2729943721242,64
basic_1BT,1259479,2729945008027,64
basic_1BT,1531896,2729946568220,64
basic_1BT,1792013,2729948393192,64
basic_1BT,2143204,2729950571437,64
basic_1BT,1958524,2729952558385,64
basic_1BT,1758017,2729954350009,64
basic_1BT,1794408,2729956168906,64
basic_1BT,1814984,2729958011723,64
basic_1BT,1336890,2729959379259,64
basic_1BT,1231048,2729960648719,64
basic_1BT,1697970,2729962373077,64
basic_1BT,1364749,2729963762644,64
basic_1BT,1105035,2729964892411,64
basic_1BT,1708807,2729966628511,64
basic_1BT,2053395,2729968707647,64
basic_1BT,1865994,2729970603861,64
basic_1BT,1580786,2729972221935,64
basic_1BT,1723620,2729973993336,64
basic_1BT,2164492,2729976188082,64
basic_1BT,1497912,2729977720123,64
basic_1BT,1943005,2729979710530,64
basic_1BT,1817769,2729981559965,64
basic_1BT,1175530,2729982762285,64
basic_1BT,1839059,2729984627135,64
basic_1BT,1684820,2729986339273,64
basic_1BT,1955179,2729988320495,64
basic_1BT,1927695,2729990319703,64
basic_1BT,2227000,2729992573128,64
basic_1BT,1945186,2729994548187,64
basic_1BT,2027350,2729996604492,64
basic_1BT,2066525,2729998738037,64
basic_1BT,1814424,2730000583888,64
basic_1BT,1852894,2730002464997,64
basic_1BT,1763806,2730004254575,64
basic_1BT,1835814,2730006118192,64
basic_1BT,1954852,2730008103450,64
basic_1BT,1778448,2730009912802,64
basic_1BT,2097706,2730012041453,64
basic_1BT,1920599,2730013992995,64
basic_1BT,1972789,2730015999946,64
basic_1BT,1373180,2730017422132,64
basic_1BT,2495904,2730019950355,64
basic_1BT,1716559,2730021713802,64
basic_1BT,2195698,2730023937010,64
basic_1BT,1877620,2730025871782,64
basic_1BT,1967525,2730027932385,64
basic_1BT,1858978,2730029828359,64
basic_1BT,1928108,2730031790766,64
basic_1BT,1554224,2730033376704,64
basic_1BT,2145722,2730035558285,64
basic_1BT,1901931,2730037487902,64
basic_1BT,1945446,2730039462819,64
basic_1BT,1481573,2730040993437,64
basic_1BT,2216755,2730043243979,64
basic_1BT,2125159,2730045407388,64
basic_1BT,2187486,2730047630991,64
basic_1BT,2091781,2730049755285,64
basic_1BT,1961634,2730051748556,64
basic_1BT,1496818,2730053277085,64
basic_1BT,1448180,2730054757044,64
basic_1BT,1732455,2730056515023,64
basic_1BT,1958536,2730058507338,64
basic_1BT,2305071,2730060843784,64
basic_1BT,1453237,2730062330344,64
basic_1BT,2025329,2730064381258,64
basic_1BT,1154879,2730065564183,64
basic_1BT,1751062,2730067341846,64
basic_1BT,1895296,2730069263665,64
basic_1BT,2145489,2730071684524,64
basic_1BT,2267109,2730073982645,64
basic_1BT,1826812,2730075839155,64
basic_1BT,1993555,2730077860624,64
basic_1BT,2150483,2730080039494,64
basic_1BT,2095919,2730082168069,64
basic_1BT,1796026,2730083990529,64
basic_1BT,2020397,2730086070153,64
basic_1BT,2020204,2730088119063,64
basic_1BT,2322083,2730090475278,64
basic_1BT,1993424,2730092496777,64
basic_1BT,1787888,2730094328818,64
basic_1BT,1826351,2730096186902,64
basic_1BT,1644145,2730097862202,64
basic_1BT,1517328,2730099412170,64
basic_1BT,1320290,2730100762427,64
basic_1BT,1719360,2730102510435,64
basic_1BT,1931694,2730104470185,64
basic_1BT,1857721,2730106356809,64
basic_1BT,1632854,2730108024979,64
basic_1BT,2278573,2730110338966,64
basic_1BT,2068823,2730112434222,64
basic_1BT,1983892,2730114446074,64
basic_1BT,1918609,2730116396650,64
basic_1BT,1387366,2730117811594,64
basic_1BT,1090686,2730118937762,64
basic_1BT,1947827,2730120916317,64
basic_1BT,2146454,2730123102846,64
basic_1BT,1815082,2730124985187,64
basic_1BT,2034815,2730127065752,64
basic_1BT,2000035,2730129098185,64
basic_1BT,2059660,2730131205249,64
basic_1BT,2062037,2730133305692,64
basic_1BT,2126351,2730135468315,64
basic_1BT,2019296,2730137525062,64
basic_1BT,1959246,2730139520622,64
basic_1BT,1897124,2730141446776,64
basic_1BT,1672895,2730143163701,64
basic_1BT,1634205,2730144839697,64
basic_1BT,1390481,2730146259114,64
basic_1BT,1890848,2730148177242,64
basic_1BT,1725384,2730149934874,64
basic_1BT,1990708,2730151951666,64
basic_1BT,1594246,2730153576231,64
basic_1BT,1618896,2730155223271,64
basic_1BT,2120802,2730157374935,64
basic_1BT,1990055,2730159399454,64
basic_1BT,2036517,2730161467651,64
basic_1BT,2010884,2730163508625,64
basic_1BT,2102186,2730165642493,64
basic_1BT,1953138,2730167626897,64
basic_1BT,2006195,2730169670757,64
basic_1BT,2338756,2730172050953,64
basic_1BT,1988863,2730174087935,64
basic_1BT,2057327,2730176174421,64
basic_1BT,2037209,2730178246252,64
basic_1BT,1710285,2730179993902,64
basic_1BT,2577857,2730182632857,64
basic_1BT,2061183,2730184724553,64
basic_1BT,1950930,2730186709273,64
basic_1BT,2042369,2730188811273,64
basic_1BT,2139521,2730190986993,64
basic_1BT,1811389,2730192839805,64
basic_1BT,1832551,2730194703353,64
basic_1BT,1639843,2730196373690,64
basic_1BT,1555699,2730197959011,64
basic_1BT,1633284,2730199625456,64
basic_1BT,1818602,2730201473095,64
basic_1BT,2204747,2730203706671,64
basic_1BT,1905116,2730205662846,64
basic_1BT,1473854,2730207183745,64
basic_1BT,1386123,2730208595785,64
basic_1BT,1714008,2730210336921,64
basic_1BT,1743821,2730212110808,64
basic_1BT,1957979,2730214098873,64
basic_1BT,1906084,2730216048691,64
basic_1BT,2035740,2730218112807,64
basic_1BT,2168575,2730220313652,64
basic_1BT,1933739,2730222276450,64
basic_1BT,1871016,2730224181672,64
basic_1BT,1937831,2730226153645,64
basic_1BT,1442948,2730227648845,64
basic_1BT,2010765,2730229688350,64
basic_1BT,1091913,2730230814255,64
basic_1BT,1718457,2730232560249,64
basic_1BT,1967366,2730234556843,64
basic_1BT,2079235,2730236675012,64
basic_1BT,2058932,2730238767580,64
basic_1BT,1505625,2730240300633,64
basic_1BT,1815274,2730242142782,64
basic_1BT,1241338,2730243415982,64
basic_1BT,1827737,2730245269405,64
basic_1BT,1740218,2730247041047,64
basic_1BT,2189617,2730249263130,64
basic_1BT,1876643,2730251169280,64
basic_1BT,1995011,2730253190833,64
basic_1BT,2017151,2730255242631,64
basic_1BT,2076127,2730257353046,64
basic_1BT,1354741,2730258734872,64
basic_1BT,1096181,2730259860518,64
basic_1BT,1783232,2730261669465,64
basic_1BT,1941160,2730263645608,64
basic_1BT,1290416,2730264961875,64
basic_1BT,1088863,2730266077249,64
basic_1BT,1709477,2730267813355,64
basic_1BT,1485498,2730269324971,64
basic_1BT,1658097,2730271010457,64
basic_1BT,1501914,2730272537993,64
basic_1BT,1274651,2730273840316,64
basic_1BT,1951276,2730275824424,64
basic_1BT,2134792,2730277985701,64
basic_1BT,1965840,2730279985669,64
basic_1BT,2375117,2730282414552,64
basic_1BT,1996137,2730284446525,64
basic_1BT,1943830,2730286437859,64
basic_1BT,1726481,2730288193940,64
basic_1BT,2097506,2730290322057,64
basic_1BT,1980627,2730292335328,64
basic_1BT,2034479,2730294410083,64
basic_1BT,2057871,2730296493861,64
basic_1BT,2012625,2730298538360,64
basic_1BT,2052955,2730300644125,64
basic_1BT,1408321,2730302084833,64
basic_1BT,1074644,2730303185332,64
basic_1BT,1859987,2730305071739,64
basic_1BT,2200918,2730307308155,64
basic_1BT,2013654,2730309359916,64
basic_1BT,1886903,2730311282248,64
basic_1BT,1637743,2730312957275,64
basic_1BT,1564828,2730314555796,64
basic_1BT,1377567,2730315961343,64
basic_1BT,1729764,2730317720270,64
basic_1BT,1698359,2730319446251,64
basic_1BT,2153763,2730321625644,64
basic_1BT,2095748,2730323748262,64
basic_1BT,2032053,2730325811403,64
basic_1BT,1973207,2730327817505,64
basic_1BT,1902180,2730329753031,64
basic_1BT,1972266,2730331753784,64
basic_1BT,2104015,2730333890228,64
basic_1BT,1481628,2730335405769,64
basic_1BT,2146128,2730337577671,64
basic_1BT,1496992,2730339103771,64
basic_1BT,1623406,2730340753739,64
basic_1BT,2018540,2730342802761,64
basic_1BT,1457071,2730344286591,64
basic_1BT,1536572,2730345857999,64
basic_1BT,1629006,2730347518752,64
basic_1BT,2138752,2730349690337,64
basic_1BT,1254473,2730350978698,64
basic_1BT,1969278,2730352974884,64
basic_1BT,1832112,2730354835596,64
basic_1BT,1614675,2730356479752,64
basic_1BT,1556107,2730358068796,64
basic_1BT,1868660,2730359964348,64
basic_1BT,1830151,2730361829177,64
basic_1BT,1904265,2730363790827,64
basic_1BT,1682684,2730365498917,64
basic_1BT,1951587,2730367477535,64
basic_1BT,1562899,2730369087914,64
basic_1BT,1499235,2730370618604,64
basic_1BT,1472192,2730372116704,64
basic_1BT,1647883,2730373818011,64
basic_1BT,2038070,2730375886064,64
basic_1BT,1467586,2730377384205,64
basic_1BT,1983576,2730379399580,64
basic_1BT,2122967,2730381552212,64
basic_1BT,2090294,2730383671253,64
basic_1BT,2138188,2730385842714,64
basic_1BT,1717068,2730387593641,64
basic_1BT,1425882,2730389050797,64
basic_1BT,1480934,2730390560608,64
basic_1BT,1891571,2730392481286,64
basic_1BT,1911835,2730394428447,64
basic_1BT,1816326,2730396277237,64
basic_1BT,1793195,2730398098057,64
basic_1BT,2122766,2730400246116,64
basic_1BT,1738105,2730402035165,64
basic_1BT,1727964,2730403789164,64
basic_1BT,1976487,2730405793100,64
basic_1BT,1924283,2730407747925,64
basic_1BT,2073396,2730409858828,64
basic_1BT,1988562,2730411879886,64
basic_1BT,1730095,2730413689482,64
basic_1BT,2030185,2730415751825,64
basic_1BT,2337580,2730418123505,64
basic_1BT,1992887,2730420198735,64
basic_1BT,2077401,2730422345851,64
basic_1BT,2205736,2730424582268,64
basic_1BT,1985206,2730426609859,64
basic_1BT,1971226,2730428613339,64
basic_1BT,1967057,2730430621021,64
basic_1BT,1944797,2730432606106,64
basic_1BT,2003264,2730434660673,64
basic_1BT,1868987,2730436559764,64
basic_1BT,1992379,2730438584760,64
basic_1BT,1623177,2730440248438,64
basic_1BT,1922587,2730442202717,64
basic_1BT,1853976,2730444084890,64
basic_1BT,1859089,2730445976577,64
basic_1BT,1961023,2730447966816,64
basic_1BT,1956946,2730449952577,64
basic_1BT,1961674,2730451987381,64
basic_1BT,1919140,2730453972448,64
basic_1BT,2025637,2730456042026,64
basic_1BT,2058393,2730458139654,64
basic_1BT,1963703,2730460138368,64
basic_1BT,2077786,2730462247337,64
basic_1BT,2113239,2730464392430,64
basic_1BT,2088816,2730466558672,64
basic_1BT,1988616,2730468592806,64
basic_1BT,1966697,2730470595831,64
basic_1BT,2006656,2730472640622,64
basic_1BT,2025087,2730474697260,64
basic_1BT,2050553,2730476787254,64
basic_1BT,2081872,2730478930984,64
basic_1BT,2006384,2730480967371,64
basic_1BT,1988991,2730482987736,64
basic_1BT,2050234,2730485096098,64
basic_1BT,2178579,2730487311509,64
basic_1BT,2023718,2730489371855,64
basic_1BT,1954706,2730491362000,64
basic_1BT,2021689,2730493435385,64
basic_1BT,2159600,2730495628390,64
basic_1BT,2100285,2730497764450,64
basic_1BT,2004203,2730499803890,64
basic_1BT,2062047,2730501933658,64
basic_1BT,2031728,2730504025915,64
basic_1BT,2140831,2730506199612,64
basic_1BT,2038092,2730508300092,64
basic_1BT,1995440,2730510333707,64
basic_1BT,1951291,2730512352104,64
basic_1BT,1982820,2730514401467,64
basic_1BT,2043674,2730516506314,64
basic_1BT,2059082,2730518598135,64
basic_1BT,1882868,2730520518813,64
basic_1BT,1905697,2730522454013,64
basic_1BT,1754870,2730524283006,64
basic_1BT,1993540,2730526316603,64
basic_1BT,1910110,2730528254178,64
basic_1BT,2069592,2730530352905,64
basic_1BT,1725424,2730532148737,64
basic_1BT,2084410,2730534267362,64
basic_1BT,1954139,2730536253448,64
basic_1BT,2007187,2730538296746,64
basic_1BT,1968834,2730540297207,64
basic_1BT,1964363,2730542301555,64
basic_1BT,1962543,2730544314559,64
basic_1BT,2079757,2730546429767,64
basic_1BT,1515178,2730547977376,64
basic_1BT,1918995,2730549964918,64
basic_1BT,1309022,2730551340525,64
basic_1BT,1751499,2730553124019,64
basic_1BT,1640624,2730554795322,64
basic_1BT,1685514,2730556505847,64
basic_1BT,1759708,2730558298834,64
basic_1BT,2054425,2730560378672,64
basic_1BT,1891882,2730562296607,64
basic_1BT,1727265,2730564074811,64
basic_1BT,1946075,2730566066541,64
basic_1BT,2086065,2730568184350,64
basic_1BT,2009476,2730570228673,64
basic_1BT,1960304,2730572220688,64
basic_1BT,2211229,2730574469325,64
basic_1BT,2021084,2730576529119,64
basic_1BT,1930280,2730578501140,64
basic_1BT,2006760,2730580540887,64
basic_1BT,2018762,2730582617917,64
basic_1BT,2006275,2730584687396,64
basic_1BT,2028482,2730586790335,64
basic_1BT,2093670,2730588918849,64
basic_1BT,1997248,2730590961780,64
basic_1BT,2051929,2730593045200,64
basic_1BT,1916651,2730594994772,64
basic_1BT,2283705,2730597311147,64
basic_1BT,2028364,2730599376732,64
basic_1BT,2006066,2730601434587,64
basic_1BT,2069519,2730603567074,64
basic_1BT,1893272,2730605492454,64
basic_1BT,1786640,2730607338537,64
basic_1BT,1739625,2730609105715,64
basic_1BT,1764641,2730610899259,64
basic_1BT,1518661,2730612445322,64
basic_1BT,1742079,2730614220870,64
basic_1BT,1653194,2730615902651,64
basic_1BT,1520267,2730617450030,64
basic_1BT,1569164,2730619047401,64
basic_1BT,1239482,2730620313984,64
basic_1BT,1607838,2730621962398,64
basic_1BT,1954376,2730623949533,64
basic_1BT,1990648,2730625971983,64
basic_1BT,2285327,2730628285448,64
basic_1BT,2025899,2730630362993,64
basic_1BT,1989161,2730632383926,64
basic_1BT,1973728,2730634386509,64
basic_1BT,2023913,2730636440209,64
basic_1BT,1963987,2730638458031,64
basic_1BT,1968731,2730640457448,64
basic_1BT,1874510,2730642388446,64
basic_1BT,1998642,2730644439485,64
basic_1BT,1880122,2730646353735,64
basic_1BT,1987523,2730648369340,64
basic_1BT,2032254,2730650435391,64
basic_1BT,1814919,2730652291709,64
basic_1BT,2247309,2730654573009,64
basic_1BT,2032348,2730656637532,64
basic_1BT,1936290,2730658615489,64
basic_1BT,1788578,2730660453737,64
basic_1BT,1976257,2730662496900,64
basic_1BT,2201754,2730664732966,64
basic_1BT,1911095,2730666677030,64
basic_1BT,1940476,2730668648848,64
basic_1BT,1502867,2730670179500,64
basic_1BT,1836045,2730672041625,64
basic_1BT,2258313,2730674356097,64
basic_1BT,1877110,2730676272084,64
basic_1BT,1970520,2730678272188,64
basic_1BT,1788173,2730680086582,64
basic_1BT,1571823,2730681692398,64
basic_1BT,2371930,2730684093131,64
basic_1BT,2061699,2730686193240,64
basic_1BT,2067231,2730688293113,64
basic_1BT,1983339,2730690308766,64
basic_1BT,1433605,2730691771013,64
basic_1BT,2347513,2730694149307,64
basic_1BT,2288667,2730696471509,64
basic_1BT,2103698,2730698614465,64
basic_1BT,1766404,2730700427609,64
basic_1BT,1980978,2730702441362,64
basic_1BT,2045406,2730704513256,64
basic_1BT,2157091,2730706727167,64
basic_1BT,2060811,2730708821890,64
basic_1BT,1959353,2730710818919,64
basic_1BT,1977965,2730712835531,64
basic_1BT,2034625,2730714908445,64
basic_1BT,2156599,2730717099079,64
basic_1BT,2011791,2730719165560,64
basic_1BT,2036938,2730721240572,64
basic_1BT,2002436,2730723284345,64
basic_1BT,2201250,2730725518266,64
basic_1BT,1371125,2730726934301,64
basic_1BT,2428781,2730729392223,64
basic_1BT,1543638,2730730966963,64
basic_1BT,2239012,2730733237575,64
basic_1BT,1271317,2730734556333,64
basic_1BT,1322694,2730735907527,64
basic_1BT,1712116,2730737664102,64
basic_1BT,2163131,2730739856307,64
basic_1BT,1878880,2730741765135,64
basic_1BT,2028798,2730743822335,64
basic_1BT,2048912,2730745919038,64
basic_1BT,1908153,2730747862317,64
basic_1BT,1426613,2730749334924,64
basic_1BT,1791020,2730751165199,64
basic_1BT,1149931,2730752345209,64
basic_1BT,1982642,2730754365943,64
basic_1BT,1921721,2730756317376,64
basic_1BT,2033781,2730758385619,64
basic_1BT,1984440,2730760430621,64
basic_1BT,2115612,2730762572638,64
basic_1BT,1910157,2730764515731,64
basic_1BT,1836913,2730766381785,64
basic_1BT,1421851,2730767833236,64
basic_1BT,1473016,2730769332491,64
basic_1BT,1295273,2730770655513,64
basic_1BT,1680835,2730772362573,64
basic_1BT,1235740,2730773630529,64
basic_1BT,1678382,2730775340164,64
basic_1BT,2106819,2730777473189,64
basic_1BT,2136045,2730779647831,64
basic_1BT,2211163,2730781891505,64
basic_1BT,1619526,2730783543931,64
basic_1BT,1740940,2730785316081,64
basic_1BT,1995115,2730787347714,64
basic_1BT,1971892,2730789357478,64
basic_1BT,2097556,2730791497935,64
basic_1BT,1991570,2730793518146,64
basic_1BT,1793328,2730795360652,64
basic_1BT,2086854,2730797484949,64
basic_1BT,2036301,2730799556824,64
basic_1BT,2091247,2730801682657,64
basic_1BT,2034246,2730803751670,64
basic_1BT,1998845,2730805814753,64
basic_1BT,1345039,2730807189604,64
basic_1BT,1043056,2730808264166,64
basic_1BT,1720966,2730810014286,64
basic_1BT,1852647,2730811893630,64
basic_1BT,2013964,2730813948813,64
basic_1BT,1435627,2730815416326,64
basic_1BT,1301231,2730816744442,64
basic_1BT,1594769,2730818368097,64
basic_1BT,1788219,2730820190924,64
basic_1BT,1982739,2730822210446,64
basic_1BT,2067446,2730824317571,64
basic_1BT,1992568,2730826345616,64
basic_1BT,1379646,2730827758068,64
basic_1BT,946627,2730828736177,64
basic_1BT,1891696,2730830679082,64
basic_1BT,2015675,2730832726599,64
basic_1BT,1677338,2730834457786,64
basic_1BT,1905448,2730836389216,64
basic_1BT,1391804,2730837808416,64
basic_1BT,1296430,2730839130413,64
basic_1BT,1790307,2730840946335,64
basic_1BT,1686821,2730842660491,64
basic_1BT,1958476,2730844650469,64
basic_1BT,1549374,2730846233431,64
basic_1BT,2056086,2730848321647,64
basic_1BT,1654159,2730850006088,64
basic_1BT,1570679,2730851606837,64
basic_1BT,1788721,2730853421317,64
basic_1BT,1497608,2730854946772,64
basic_1BT,1989636,2730856965816,64
basic_1BT,1483547,2730858476735,64
basic_1BT,1556129,2730860058169,64
basic_1BT,1139007,2730861225036,64
basic_1BT,1858672,2730863109378,64
basic_1BT,1948010,2730865085299,64
basic_1BT,1962420,2730867096205,64
basic_1BT,1950310,2730869075157,64
basic_1BT,2071621,2730871194340,64
basic_1BT,2010422,2730873236799,64
basic_1BT,2011756,2730875291648,64
basic_1BT,2005845,2730877330412,64
basic_1BT,2041970,2730879402183,64
basic_1BT,2059612,2730881502729,64
basic_1BT,2045830,2730883585788,64
basic_1BT,1935037,2730885551341,64
basic_1BT,1996893,2730887598121,64
basic_1BT,1909467,2730889536823,64
basic_1BT,2028086,2730891594336,64
basic_1BT,1414239,2730893041412,64
basic_1BT,1154840,2730894241228,64
basic_1BT,1597440,2730895866728,64
basic_1BT,2149170,2730898042878,64
basic_1BT,1911180,2730899988944,64
basic_1BT,2041581,2730902081223,64
basic_1BT,1977345,2730904092681,64
basic_1BT,2047033,2730906174342,64
basic_1BT,1894424,2730908106414,64
basic_1BT,1716261,2730909861464,64
basic_1BT,1729843,2730911622276,64
basic_1BT,2235309,2730913885961,64
basic_1BT,1922727,2730915841206,64
basic_1BT,1942272,2730917814678,64
basic_1BT,2055973,2730919904828,64
basic_1BT,1776311,2730921712207,64
basic_1BT,2003027,2730923759164,64
basic_1BT,2116013,2730925912852,64
basic_1BT,1900052,2730927848233,64
basic_1BT,2091268,2730929973024,64
basic_1BT,2181085,2730932188965,64
basic_1BT,2028472,2730934249841,64
basic_1BT,1922592,2730936210647,64
basic_1BT,1917501,2730938159194,64
basic_1BT,1844951,2730940036148,64
basic_1BT,2142479,2730942211599,64
basic_1BT,2022991,2730944262410,64
basic_1BT,1952463,2730946247334,64
basic_1BT,2005316,2730948290960,64
basic_1BT,1983640,2730950307088,64
basic_1BT,2003806,2730952343957,64
basic_1BT,2015100,2730954393928,64
basic_1BT,2285069,2730956713578,64
basic_1BT,1799117,2730958551668,64
basic_1BT,1995213,2730960579025,64
basic_1BT,2103600,2730962720822,64
basic_1BT,2100827,2730964854347,64
basic_1BT,2074481,2730966964557,64
basic_1BT,2147190,2730969149205,64
basic_1BT,1966655,2730971153300,64
basic_1BT,1930750,2730973130030,64
basic_1BT,1993726,2730975165259,64
basic_1BT,2134340,2730977333893,64
basic_1BT,1979595,2730979362623,64
basic_1BT,2104592,2730981501833,64
basic_1BT,2248564,2730983787323,64
basic_1BT,1732936,2730985559395,64
basic_1BT,2078748,2730987682360,64
basic_1BT,2322893,2730990037321,64
basic_1BT,2027221,2730992096307,64
basic_1BT,2004578,2730994141169,64
basic_1BT,1973482,2730996151360,64
basic_1BT,1757773,2730997953441,64
basic_1BT,2044211,2731000038429,64
basic_1BT,2306659,2731002387758,64
basic_1BT,1960820,2731004384105,64
basic_1BT,1832157,2731006263807,64
basic_1BT,2200694,2731008516004,64
basic_1BT,1819929,2731010376471,64
basic_1BT,1894405,2731012299066,64
basic_1BT,1998624,2731014359021,64
basic_1BT,2237760,2731016630905,64
basic_1BT,1905726,2731018573169,64
basic_1BT,1986470,2731020592155,64
basic_1BT,2004007,2731022630497,64
basic_1BT,1437934,2731024105875,64
basic_1BT,1857927,2731026004011,64
basic_1BT,1901178,2731027937063,64
basic_1BT,1182830,2731029178635,64
basic_1BT,1683018,2731030894331,64
basic_1BT,2081557,2731033028139,64
basic_1BT,1924755,2731034986746,64
basic_1BT,1726713,2731036740006,64
basic_1BT,1308873,2731038077681,64
basic_1BT,1418257,2731039521424,64
basic_1BT,1911430,2731041460050,64
basic_1BT,1795425,2731043283432,64
basic_1BT,2018193,2731045339698,64
basic_1BT,1351267,2731046724495,64
basic_1BT,1095372,2731047848187,64
basic_1BT,1687093,2731049563465,64
basic_1BT,2001137,2731051611678,64
basic_1BT,1938655,2731053581980,64
basic_1BT,1922772,2731055538412,64
basic_1BT,1898347,2731057481591,64
basic_1BT,2051877,2731059567895,64
basic_1BT,1403258,2731060995311,64
basic_1BT,1767292,2731062806491,64
basic_1BT,1019012,2731063857286,64
basic_1BT,1746942,2731065628278,64
basic_1BT,2006297,2731067668547,64
basic_1BT,1403789,2731069096596,64
basic_1BT,945597,2731070067654,64
basic_1BT,1792242,2731071884431,64
basic_1BT,2086372,2731073996565,64
basic_1BT,1400760,2731075430907,64
basic_1BT,1861542,2731077318334,64
basic_1BT,1133256,2731078478930,64
basic_1BT,1793140,2731080298602,64
basic_1BT,1933201,2731082268836,64
basic_1BT,1846801,2731084141945,64
basic_1BT,1255709,2731085448018,64
basic_1BT,1112528,2731086585860,64
basic_1BT,1744902,2731088356740,64
basic_1BT,2101094,2731090491886,64
basic_1BT,2079880,2731092604732,64
basic_1BT,2037831,2731094693914,64
basic_1BT,2075820,2731096802209,64
basic_1BT,1943477,2731098779216,64
basic_1BT,2017794,2731100829408,64
basic_1BT,2089841,2731102962933,64
basic_1BT,2064275,2731105059257,64
basic_1BT,2062299,2731107157024,64
basic_1BT,2006301,2731109196344,64
basic_1BT,1440597,2731110674453,64
basic_1BT,1969576,2731112682162,64
basic_1BT,1266304,2731113983245,64
basic_1BT,1616567,2731115635494,64
basic_1BT,1685115,2731117348339,64
basic_1BT,1833077,2731119240478,64
basic_1BT,2063601,2731121335184,64
basic_1BT,2051928,2731123420687,64
basic_1BT,2023426,2731125476456,64
basic_1BT,1990260,2731127506926,64
basic_1BT,1948903,2731129493547,64
basic_1BT,2034246,2731131569280,64
basic_1BT,2376621,2731133980621,64
basic_1BT,2052187,2731136071180,64
basic_1BT,2009962,2731138149977,64
basic_1BT,1924689,2731140116493,64
basic_1BT,1960817,2731142108772,64
basic_1BT,1925738,2731144071286,64
basic_1BT,2015385,2731146126219,64
basic_1BT,2069699,2731148272605,64
basic_1BT,2019868,2731150327973,64
basic_1BT,2076039,2731152431285,64
basic_1BT,1738375,2731154231854,64
basic_1BT,2345206,2731156614668,64
basic_1BT,1924877,2731158580850,64
basic_1BT,1752856,2731160364255,64
basic_1BT,1911464,2731162336896,64
basic_1BT,1826553,2731164210679,64
basic_1BT,1895132,2731166135372,64
basic_1BT,2023698,2731168186744,64
basic_1BT,2003617,2731170225028,64
basic_1BT,1886066,2731172139110,64
basic_1BT,1817418,2731173989864,64
basic_1BT,1426170,2731175447427,64
basic_1BT,1508235,2731176987463,64
basic_1BT,1268427,2731178282715,64
basic_1BT,1811217,2731180119255,64
basic_1BT,1888280,2731182061744,64
basic_1BT,1999004,2731184086255,64
basic_1BT,1834897,2731185977772,64
basic_1BT,2082676,2731188092907,64
basic_1BT,2361701,2731190501732,64
basic_1BT,1646462,2731192194943,64
basic_1BT,2200161,2731194430349,64
basic_1BT,1971656,2731196446010,64
basic_1BT,1966328,2731198465555,64
basic_1BT,2000903,2731200498521,64
basic_1BT,1764889,2731202299114,64
basic_1BT,2031366,2731204356487,64
basic_1BT,2181775,2731206574638,64
basic_1BT,2055226,2731208659457,64
basic_1BT,1927724,2731210642879,64
basic_1BT,2018749,2731212713928,64
basic_1BT,2184381,2731214929984,64
basic_1BT,1999361,2731216966215,64
basic_1BT,1752555,2731218753129,64
basic_1BT,2100762,2731220885629,64
basic_1BT,2091855,2731223010515,64
basic_1BT,1977886,2731225031256,64
basic_1BT,1790194,2731226864332,64
basic_1BT,2073232,2731228971655,64
basic_1BT,2007355,2731231018746,64
basic_1BT,2036213,2731233088844,64
basic_1BT,2018483,2731235162271,64
basic_1BT,2007499,2731237208741,64
basic_1BT,2226448,2731239469296,64
basic_1BT,2073992,2731241582772,64
basic_1BT,2019066,2731243641013,64
basic_1BT,3800568,2731247482001,64
basic_1BT,2276858,2731249805129,64
basic_1BT,2052989,2731251898666,64
basic_1BT,2028997,2731253985064,64
basic_1BT,1882292,2731255907922,64
basic_1BT,1997754,2731257929148,64
basic_1BT,1968070,2731259936419,64
basic_1BT,2111511,2731262081299,64
basic_1BT,1978689,2731264088872,64
basic_1BT,1047354,2731265158321,64
basic_1BT,1078773,2731266257337,64
basic_1BT,1277061,2731267554114,64
basic_1BT,1075638,2731268660416,64
basic_1BT,1835088,2731270541494,64
basic_1BT,1863478,2731272430995,64
basic_1BT,2035011,2731274499524,64
basic_1BT,1381264,2731275911926,64
basic_1BT,1155110,2731277097884,64
basic_1BT,1714851,2731278839031,64
basic_1BT,1866098,2731280744137,64
basic_1BT,1339415,2731282111652,64
basic_1BT,1002917,2731283146240,64
basic_1BT,1766777,2731284940266,64
basic_1BT,1334385,2731286313304,64
basic_1BT,1011980,2731287350831,64
basic_1BT,1643365,2731289019639,64
basic_1BT,1832609,2731290886925,64
basic_1BT,1579668,2731292507211,64
basic_1BT,2431676,2731294970341,64
basic_1BT,2056822,2731297058758,64
basic_1BT,1900611,2731298987740,64
basic_1BT,2171772,2731301203824,64
basic_1BT,2053812,2731303292254,64
basic_1BT,1978381,2731305310630,64
basic_1BT,1894495,2731307252734,64
basic_1BT,1976039,2731309268570,64
basic_1BT,1965631,2731311276077,64
basic_1BT,2033593,2731313380969,64
basic_1BT,1951803,2731315397211,64
basic_1BT,2105949,2731317531348,64
basic_1BT,2042148,2731319628906,64
basic_1BT,2043151,2731321737915,64
basic_1BT,2014924,2731323794828,64
basic_1BT,2115720,2731325939354,64
basic_1BT,1974390,2731327959038,64
basic_1BT,2098566,2731330091885,64
basic_1BT,2094103,2731332221054,64
basic_1BT,2025723,2731334280563,64
basic_1BT,1846646,2731336153621,64
basic_1BT,1596908,2731337781598,64
basic_1BT,1779599,2731339600156,64
basic_1BT,1570869,2731341199324,64
basic_1BT,1688983,2731342915750,64
basic_1BT,1564694,2731344514838,64
basic_1BT,1855680,2731346403830,64
basic_1BT,2012247,2731348444388,64
basic_1BT,2002447,2731350476201,64
basic_1BT,1670685,2731352175796,64
basic_1BT,1984116,2731354209953,64
basic_1BT,2165747,2731356407286,64
basic_1BT,2077343,2731358514027,64
basic_1BT,1916778,2731360463670,64
basic_1BT,2006838,2731362511622,64
basic_1BT,1907663,2731364449931,64
basic_1BT,1939433,2731366421411,64
basic_1BT,2017328,2731368477306,64
basic_1BT,1965922,2731370486428,64
basic_1BT,1905676,2731372427901,64
basic_1BT,1879926,2731374352455,64
basic_1BT,1972520,2731376358311,64
basic_1BT,2015180,2731378430031,64
basic_1BT,1971653,2731380434634,64
basic_1BT,1944283,2731382416011,64
basic_1BT,1999423,2731384446613,64
basic_1BT,1990796,2731386498628,64
basic_1BT,2055719,2731388610973,64
basic_1BT,2035709,2731390680054,64
basic_1BT,2097286,2731392808309,64
basic_1BT,1658753,2731394504094,64
basic_1BT,1929121,2731396464536,64
basic_1BT,1846366,2731398342297,64
basic_1BT,1879905,2731400256364,64
basic_1BT,1796410,2731402084686,64
basic_1BT,2002232,2731404125063,64
basic_1BT,1829503,2731405999351,64
basic_1BT,1585254,2731407608306,64
basic_1BT,1771567,2731409409390,64
basic_1BT,2059737,2731411496130,64
basic_1BT,2003204,2731413529994,64
basic_1BT,1799044,2731415362622,64
basic_1BT,2034533,2731417428273,64
basic_1BT,1401636,2731418862863,64
basic_1BT,1666824,2731420560166,64
basic_1BT,1150057,2731421737339,64
basic_1BT,1878630,2731423648030,64
basic_1BT,1977826,2731425655533,64
basic_1BT,1912443,2731427606315,64
basic_1BT,2022163,2731429660051,64
basic_1BT,1778569,2731431473661,64
basic_1BT,2078154,2731433578747,64
basic_1BT,1907607,2731435520030,64
basic_1BT,3005072,2731438551198,64
basic_1BT,1546640,2731440124359,64
basic_1BT,1917800,2731442076029,64
basic_1BT,1976060,2731444075689,64
basic_1BT,1349677,2731445457373,64
basic_1BT,929853,2731446417615,64
basic_1BT,1658360,2731448117716,64
basic_1BT,1346676,2731449487252,64
basic_1BT,1942526,2731451458411,64
basic_1BT,1175013,2731452654754,64
basic_1BT,1600879,2731454278218,64
basic_1BT,1288269,2731455589561,64
basic_1BT,991467,2731456602108,64
basic_1BT,1714069,2731458347926,64
basic_1BT,1940769,2731460319684,64
basic_1BT,1954125,2731462311755,64
basic_1BT,2033231,2731464375755,64
basic_1BT,1296756,2731465703490,64
basic_1BT,1056652,2731466785176,64
basic_1BT,1858199,2731468673816,64
basic_1BT,1797880,2731470499067,64
basic_1BT,2167040,2731472696047,64
basic_1BT,1402896,2731474131412,64
basic_1BT,1819627,2731475981162,64
basic_1BT,1716829,2731477747568,64
basic_1BT,2030830,2731479810135,64
basic_1BT,1478151,2731481318539,64
basic_1BT,1159008,2731482509186,64
basic_1BT,1775343,2731484311674,64
basic_1BT,1956011,2731486338866,64
basic_1BT,1766482,2731488133313,64
basic_1BT,1914069,2731490081298,64
basic_1BT,1977162,2731492089329,64
basic_1BT,2031622,2731494150077,64
basic_1BT,2050754,2731496232781,64
basic_1BT,1401375,2731497666190,64
basic_1BT,973231,2731498665782,64
basic_1BT,1924318,2731500639662,64
basic_1BT,1650366,2731502322639,64
basic_1BT,1959325,2731504309645,64
basic_1BT,2110473,2731506456450,64
basic_1BT,2036693,2731508525569,64
basic_1BT,2113137,2731510682817,64
basic_1BT,2068082,2731512784707,64
basic_1BT,2198602,2731515035222,64
basic_1BT,2080822,2731517146739,64
basic_1BT,2124379,2731519306089,64
basic_1BT,2055578,2731521398932,64
basic_1BT,2003796,2731523446581,64
basic_1BT,1913323,2731525398071,64
basic_1BT,1914122,2731527347891,64
basic_1BT,2253977,2731529639780,64
basic_1BT,1758963,2731531432857,64
basic_1BT,1980377,2731533451373,64
basic_1BT,2007537,2731535494543,64
basic_1BT,2067262,2731537610022,64
basic_1BT,2035332,2731539686073,64
basic_1BT,2072269,2731541805990,64
basic_1BT,2097675,2731543942202,64
basic_1BT,1969964,2731545949686,64
basic_1BT,2130809,2731548116747,64
basic_1BT,1990116,2731550146018,64
basic_1BT,1958394,2731552141334,64
basic_1BT,2101452,2731554276876,64
basic_1BT,2026742,2731556336464,64
basic_1BT,2055068,2731558444128,64
basic_1BT,2091932,2731560567971,64
basic_1BT,1953638,2731562562775,64
basic_1BT,2070297,2731564671144,64
basic_1BT,1995793,2731566702138,64
basic_1BT,1938757,2731568674849,64
basic_1BT,2097868,2731570803443,64
basic_1BT,2114968,2731572955544,64
basic_1BT,1986430,2731574982927,64
basic_1BT,1978304,2731576998601,64
basic_1BT,1727468,2731578762816,64
basic_1BT,2253141,2731581047461,64
basic_1BT,1408561,2731582486489,64
basic_1BT,2021600,2731584535307,64
basic_1BT,1490453,2731586054079,64
basic_1BT,1345821,2731587427128,64
basic_1BT,1745525,2731589200091,64
basic_1BT,1920623,2731591154913,64
basic_1BT,2027000,2731593208930,64
basic_1BT,1906490,2731595151873,64
basic_1BT,1921229,2731597104681,64
basic_1BT,1992429,2731599131546,64
basic_1BT,1364745,2731600522685,64
basic_1BT,2407576,2731602957705,64
basic_1BT,1942702,2731604953131,64
basic_1BT,1900571,2731606882916,64
basic_1BT,1553126,2731608460370,64
basic_1BT,1953025,2731610439020,64
basic_1BT,995261,2731611464405,64
basic_1BT,1745622,2731613240034,64
basic_1BT,1801422,2731615067603,64
basic_1BT,2026076,2731617118543,64
basic_1BT,1364721,2731618519160,64
basic_1BT,1099855,2731619643625,64
basic_1BT,1737103,2731621424865,64
basic_1BT,1631281,2731623109571,64
basic_1BT,2186745,2731625345154,64
basic_1BT,2048142,2731627421265,64
basic_1BT,2019000,2731629503404,64
basic_1BT,1912291,2731631444644,64
basic_1BT,2010401,2731633485406,64
basic_1BT,1931987,2731635450822,64
basic_1BT,1654436,2731637144133,64
basic_1BT,2015145,2731639194253,64
basic_1BT,2029890,2731641261613,64
basic_1BT,1956644,2731643256509,64
basic_1BT,2102227,2731645396838,64
basic_1BT,2028831,2731647468101,64
basic_1BT,1993964,2731649496166,64
basic_1BT,1964944,2731651501774,64
basic_1BT,1979691,2731653513765,64
basic_1BT,1973354,2731655521950,64
basic_1BT,1662918,2731657216987,64
basic_1BT,2173101,2731659428559,64
basic_1BT,1539134,2731660993992,64
basic_1BT,1967334,2731662988527,64
basic_1BT,1897946,2731664917952,64
basic_1BT,1906587,2731666855923,64
basic_1BT,2024816,2731668911714,64
basic_1BT,1980186,2731670920596,64
basic_1BT,2097998,2731673057888,64
basic_1BT,1375529,2731674463043,64
basic_1BT,1926082,2731676420349,64
basic_1BT,1636859,2731678089730,64
basic_1BT,2218379,2731680333836,64
basic_1BT,2109404,2731682475700,64
basic_1BT,1914411,2731684435108,64
basic_1BT,1891156,2731686360873,64
basic_1BT,1735154,2731688123324,64
basic_1BT,1775373,2731689926127,64
basic_1BT,2023874,2731691980094,64
basic_1BT,1825579,2731693858449,64
basic_1BT,1974039,2731695877001,64
basic_1BT,1913803,2731697819463,64
basic_1BT,2015000,2731699867481,64
basic_1BT,2086506,2731701986295,64
basic_1BT,2054818,2731704074894,64
basic_1BT,1958363,2731706067437,64
basic_1BT,1314599,2731707410960,64
basic_1BT,1037982,2731708476751,64
basic_1BT,1925458,2731710435797,64
basic_1BT,2013132,2731712478809,64
basic_1BT,1882912,2731714436834,64
basic_1BT,1885219,2731716352767,64
basic_1BT,2072355,2731718482591,64
basic_1BT,1816375,2731720330389,64
basic_1BT,2115339,2731722472736,64
basic_1BT,1907846,2731724435126,64
basic_1BT,2104148,2731726596461,64
basic_1BT,1918778,2731728546319,64
basic_1BT,1863597,2731730438473,64
basic_1BT,1923979,2731732400243,64
basic_1BT,1509185,2731733938683,64
basic_1BT,2140968,2731736111648,64
basic_1BT,1662039,2731737804908,64
basic_1BT,2065735,2731739897829,64
basic_1BT,2138160,2731742064526,64
basic_1BT,1585811,2731743679956,64
basic_1BT,1892491,2731745598241,64
basic_1BT,1556901,2731747188931,64
basic_1BT,1570797,2731748785821,64
basic_1BT,1717748,2731750531328,64
basic_1BT,1724744,2731752288090,64
basic_1BT,1787249,2731754105836,64
basic_1BT,1440207,2731755577868,64
basic_1BT,1588118,2731757192005,64
basic_1BT,1958530,2731759178035,64
basic_1BT,2007013,2731761222321,64
basic_1BT,1881134,2731763133089,64
basic_1BT,1887974,2731765068407,64
basic_1BT,1918751,2731767018569,64
basic_1BT,1400038,2731768461425,64
basic_1BT,1070850,2731769563656,64
basic_1BT,1751021,2731771341223,64
basic_1BT,1975130,2731773348341,64
basic_1BT,1388413,2731774769270,64
basic_1BT,2237763,2731777047054,64
basic_1BT,1975337,2731779057199,64
basic_1BT,2000190,2731781093236,64
basic_1BT,2063010,2731783197589,64
basic_1BT,1597269,2731784834466,64
basic_1BT,2131704,2731787002174,64
basic_1BT,2037533,2731789066664,64
basic_1BT,1976300,2731791085018,64
basic_1BT,2017327,2731793132153,64
basic_1BT,2093395,2731795258772,64
basic_1BT,2004921,2731797302214,64
basic_1BT,2108483,2731799450890,64
basic_1BT,1974049,2731801463051,64
basic_1BT,1849135,2731803345159,64
basic_1BT,1757428,2731805145524,64
basic_1BT,1797560,2731806971724,64
basic_1BT,1952386,2731808991124,64
basic_1BT,2066764,2731811088698,64
basic_1BT,2065800,2731813182447,64
basic_1BT,2005805,2731815219289,64
basic_1BT,1926315,2731817175669,64
basic_1BT,1927932,2731819131609,64
basic_1BT,1829138,2731820990219,64
basic_1BT,1995824,2731823012686,64
basic_1BT,2127390,2731825166218,64
basic_1BT,1895960,2731827095862,64
basic_1BT,2101912,2731829234606,64
basic_1BT,1765243,2731831037917,64
basic_1BT,1686523,2731832751686,64
basic_1BT,2005768,2731834797091,64
basic_1BT,2218750,2731837051546,64
basic_1BT,2133769,2731839216896,64
basic_1BT,2065796,2731841318865,64
basic_1BT,1960888,2731843311628,64
basic_1BT,2027494,2731845369017,64
basic_1BT,2042551,2731847442451,64
basic_1BT,1905896,2731849385653,64
basic_1BT,2063460,2731851481846,64
basic_1BT,1982728,2731853499286,64
basic_1BT,1459269,2731854990524,64
basic_1BT,2483109,2731857508231,64
basic_1BT,2052919,2731859613826,64
basic_1BT,1838964,2731861478856,64
basic_1BT,2054283,2731863578105,64
basic_1BT,2049231,2731865651210,64
basic_1BT,2050860,2731867731493,64
basic_1BT,1841314,2731869602960,64
basic_1BT,1760140,2731871416968,64
basic_1BT,1812318,2731873257169,64
basic_1BT,1806936,2731875093585,64
basic_1BT,2006269,2731877128100,64
basic_1BT,1660188,2731878812844,64
basic_1BT,1581117,2731880421484,64
basic_1BT,1482089,2731881929058,64
basic_1BT,1893747,2731883868476,64
basic_1BT,1774088,2731885665779,64
basic_1BT,1744615,2731887435823,64
basic_1BT,2139985,2731889628666,64
basic_1BT,1999449,2731891668318,64
basic_1BT,1912151,2731893611075,64
basic_1BT,1960689,2731895602448,64
basic_1BT,2052226,2731897683679,64
basic_1BT,2023190,2731899738455,64
basic_1BT,1974652,2731901743641,64
basic_1BT,1883511,2731903657734,64
basic_1BT,1752130,2731905440524,64
basic_1BT,2012400,2731907489622,64
basic_1BT,2000836,2731909518048,64
basic_1BT,1955586,2731911506473,64
basic_1BT,2026872,2731913564406,64
basic_1BT,1483148,2731915081042,64
basic_1BT,1944357,2731917054502,64
basic_1BT,1314049,2731918395782,64
basic_1BT,1649228,2731920073548,64
basic_1BT,1598394,2731921698925,64
basic_1BT,1972780,2731923696476,64
basic_1BT,1775793,2731925496726,64
basic_1BT,1767522,2731927290647,64
basic_1BT,1992862,2731929310670,64
basic_1BT,1599915,2731930939718,64
basic_1BT,2247956,2731933221907,64
basic_1BT,1752689,2731935002089,64
basic_1BT,2020406,2731937052727,64
basic_1BT,2040933,2731939121280,64
basic_1BT,1758509,2731940909579,64
basic_1BT,1971332,2731942910240,64
basic_1BT,1444170,2731944380488,64
basic_1BT,1370354,2731945776966,64
basic_1BT,1533681,2731947335262,64
basic_1BT,1761075,2731949120622,64
basic_1BT,1284805,2731950431465,64
basic_1BT,1314330,2731951776053,64
basic_1BT,1542156,2731953343347,64
basic_1BT,1836244,2731955214104,64
basic_1BT,2015881,2731957261791,64
basic_1BT,1765564,2731959057381,64
basic_1BT,1767116,2731960860682,64
basic_1BT,1606082,2731962527579,64
basic_1BT,1793845,2731964348784,64
basic_1BT,1860117,2731966235802,64
basic_1BT,2020332,2731968282705,64
basic_1BT,1858683,2731970171598,64
basic_1BT,1636556,2731971836152,64
basic_1BT,1449336,2731973314820,64
basic_1BT,1602262,2731974946305,64
basic_1BT,1837008,2731976810049,64
basic_1BT,1602484,2731978441215,64
basic_1BT,1686097,2731980152280,64
basic_1BT,1632596,2731981811545,64
basic_1BT,2093085,2731983929237,64
basic_1BT,1587666,2731985563504,64
basic_1BT,2155281,2731987744994,64
basic_1BT,1877247,2731989652599,64
basic_1BT,2129806,2731991810363,64
basic_1BT,2013556,2731993850034,64
basic_1BT,1419689,2731995302519,64
basic_1BT,2045704,2731997384361,64
basic_1BT,1882070,2731999299326,64
basic_1BT,1400949,2732000731753,64
basic_1BT,1901166,2732002665766,64
basic_1BT,1697047,2732004394406,64
basic_1BT,2080717,2732006508323,64
basic_1BT,1587401,2732008123421,64
basic_1BT,2161628,2732010314726,64
basic_1BT,2064307,2732012406670,64
basic_1BT,1976539,2732014414638,64
basic_1BT,1979018,2732016425389,64
basic_1BT,2033915,2732018488537,64
basic_1BT,1906057,2732020427091,64
basic_1BT,1475345,2732021936102,64
basic_1BT,1806771,2732023792055,64
basic_1BT,1679545,2732025499678,64
basic_1BT,1541878,2732027069900,64
basic_1BT,1635496,2732028732025,64
basic_1BT,1880291,2732030642107,64
basic_1BT,1545705,2732032214839,64
basic_1BT,2326286,2732034571293,64
basic_1BT,2145539,2732036749578,64
basic_1BT,1909283,2732038719988,64
basic_1BT,1762474,2732040509892,64
basic_1BT,1743180,2732042282758,64
basic_1BT,1406949,2732043720939,64
basic_1BT,1271919,2732045024347,64
basic_1BT,1598795,2732046652055,64
basic_1BT,1971405,2732048654781,64
basic_1BT,2273244,2732050961810,64
basic_1BT,1939866,2732052931586,64
basic_1BT,1916723,2732054890202,64
basic_1BT,1959456,2732056874778,64
basic_1BT,1422070,2732058326948,64
basic_1BT,1858835,2732060217212,64
basic_1BT,1236902,2732061480012,64
basic_1BT,1729855,2732063234978,64
basic_1BT,1971024,2732065230633,64
basic_1BT,1962475,2732067228023,64
basic_1BT,2032401,2732069292510,64
basic_1BT,1401997,2732070722470,64
basic_1BT,1037371,2732071791331,64
basic_1BT,1752809,2732073570064,64
basic_1BT,1971923,2732075577895,64
basic_1BT,2011103,2732077615234,64
basic_1BT,1448142,2732079092361,64
basic_1BT,2087168,2732081211355,64
basic_1BT,1077310,2732082315713,64
basic_1BT,1780308,2732084121746,64
basic_1BT,1888108,2732086037468,64
basic_1BT,2064027,2732088128780,64
basic_1BT,1326598,2732089489471,64
basic_1BT,1064650,2732090585175,64
basic_1BT,2010861,2732092622928,64
basic_1BT,1897229,2732094552468,64
basic_1BT,2011485,2732096590797,64
basic_1BT,1956451,2732098621111,64
basic_1BT,1945115,2732100592598,64
basic_1BT,1355388,2732101977287,64
basic_1BT,1179667,2732103183600,64
basic_1BT,1769875,2732104981843,64
basic_1BT,1915783,2732106932333,64
basic_1BT,2141723,2732109106010,64
basic_1BT,1959569,2732111100734,64
basic_1BT,1956691,2732113084681,64
basic_1BT,1356417,2732114482068,64
basic_1BT,1021708,2732115534952,64
basic_1BT,1851485,2732117416938,64
basic_1BT,1428046,2732118881505,64
basic_1BT,2295367,2732121204826,64
basic_1BT,1918980,2732123153618,64
basic_1BT,1877189,2732125063105,64
basic_1BT,1532515,2732126656993,64
basic_1BT,1794666,2732128479653,64
basic_1BT,2028145,2732130561248,64
basic_1BT,1010169,2732131602873,64
basic_1BT,1948855,2732133576795,64
basic_1BT,1605559,2732135229540,64
basic_1BT,1324699,2732136578994,64
basic_1BT,1837841,2732138450907,64
basic_1BT,1235806,2732139717806,64
basic_1BT,1648394,2732141390787,64
basic_1BT,2214160,2732143647620,64
basic_1BT,1905669,2732145578825,64
basic_1BT,1901442,2732147513839,64
basic_1BT,1298416,2732148838874,64
basic_1BT,1109756,2732149975956,64
basic_1BT,1792397,2732151796464,64
basic_1BT,1748953,2732153571501,64
basic_1BT,2081405,2732155680337,64
basic_1BT,1907553,2732157621511,64
basic_1BT,1360175,2732159016294,64
basic_1BT,1053305,2732160101372,64
basic_1BT,1905665,2732162041241,64
basic_1BT,2047833,2732164119084,64
basic_1BT,1855437,2732166045366,64
basic_1BT,1360181,2732167436085,64
basic_1BT,1288007,2732168749172,64
basic_1BT,1482048,2732170257941,64
basic_1BT,1941643,2732172225672,64
basic_1BT,2057136,2732174310296,64
basic_1BT,2032428,2732176373281,64
basic_1BT,1910468,2732178326598,64
basic_1BT,1864454,2732180217441,64
basic_1BT,1993928,2732182247411,64
basic_1BT,1566220,2732183843417,64
basic_1BT,2533868,2732186404177,64
basic_1BT,2016284,2732188450040,64
basic_1BT,2344232,2732190831075,64
basic_1BT,2095768,2732192971945,64
basic_1BT,2007937,2732195014226,64
basic_1BT,2061046,2732197136356,64
basic_1BT,1901894,2732199109828,64
basic_1BT,2119984,2732201260790,64
basic_1BT,1978129,2732203285715,64
basic_1BT,2081304,2732205394424,64
basic_1BT,2029919,2732207482589,64
basic_1BT,1875422,2732209385441,64
basic_1BT,1899277,2732211320320,64
basic_1BT,1562086,2732212910245,64
basic_1BT,1319184,2732214257834,64
basic_1BT,1476020,2732215765277,64
basic_1BT,1436783,2732217228682,64
basic_1BT,1927587,2732219186041,64
basic_1BT,1952182,2732221165968,64
basic_1BT,1947142,2732223148150,64
basic_1BT,1852103,2732225059422,64
basic_1BT,1922421,2732227011075,64
basic_1BT,1914091,2732228950769,64
basic_1BT,2030614,2732231017133,64
basic_1BT,1994480,2732233037856,64
basic_1BT,1443287,2732234515119,64
basic_1BT,972217,2732235513336,64
basic_1BT,1816887,2732237358605,64
basic_1BT,1874166,2732239260999,64
basic_1BT,1536030,2732240824073,64
basic_1BT,2273734,2732243125899,64
basic_1BT,1933806,2732245087146,64
basic_1BT,1981637,2732247097590,64
basic_1BT,2093626,2732249223177,64
basic_1BT,2005307,2732251262519,64
basic_1BT,2021118,2732253314528,64
basic_1BT,1956878,2732255306665,64
basic_1BT,1756829,2732257095426,64
basic_1BT,1523241,2732258650386,64
basic_1BT,2563217,2732261244989,64
basic_1BT,1900824,2732263180814,64
basic_1BT,2059180,2732265279349,64
basic_1BT,2013230,2732267330255,64
basic_1BT,1370073,2732268726657,64
basic_1BT,1857515,2732270611483,64
basic_1BT,1335684,2732271972868,64
basic_1BT,1570117,2732273568678,64
basic_1BT,1919423,2732275536019,64
basic_1BT,2107266,2732277676021,64
basic_1BT,1478637,2732279189894,64
basic_1BT,1932433,2732281149484,64
basic_1BT,2583542,2732283761776,64
basic_1BT,1891664,2732285689661,64
basic_1BT,1994778,2732287714144,64
basic_1BT,1942088,2732289703915,64
basic_1BT,2052924,2732291791927,64
basic_1BT,1999849,2732293824636,64
basic_1BT,1964084,2732295817054,64
basic_1BT,1392065,2732297235655,64
basic_1BT,2085026,2732299354225,64
basic_1BT,1407325,2732300792705,64
basic_1BT,1409511,2732302230526,64
basic_1BT,1837029,2732304094882,64
basic_1BT,1578966,2732305702873,64
basic_1BT,1978392,2732307709885,64
basic_1BT,2060538,2732309796877,64
basic_1BT,1891732,2732311723208,64
basic_1BT,1655934,2732313402372,64
basic_1BT,2159179,2732315585457,64
basic_1BT,1946033,2732317554565,64
basic_1BT,1973934,2732319554579,64
basic_1BT,2179984,2732321780302,64
basic_1BT,1858637,2732323695678,64
basic_1BT,2050035,2732325772375,64
basic_1BT,2085043,2732327895852,64
basic_1BT,2068252,2732330011954,64
basic_1BT,1804270,2732331870667,64
basic_1BT,1486812,2732333384797,64
basic_1BT,1547075,2732334960249,64
basic_1BT,1109762,2732336097185,64
basic_1BT,1894960,2732338025148,64
basic_1BT,1899213,2732339952694,64
basic_1BT,1267304,2732341251490,64
basic_1BT,1072617,2732342352439,64
basic_1BT,1924788,2732344327814,64
basic_1BT,2047691,2732346427034,64
basic_1BT,1722246,2732348180646,64
basic_1BT,1729417,2732349939915,64
basic_1BT,2017247,2732351987138,64
basic_1BT,1728048,2732353762768,64
basic_1BT,1792917,2732355589111,64
basic_1BT,1536082,2732357150983,64
basic_1BT,1225784,2732358439306,64
basic_1BT,1542873,2732360018977,64
basic_1BT,1639048,2732361714429,64
basic_1BT,1515395,2732363255891,64
basic_1BT,1613850,2732364898207,64
basic_1BT,1715171,2732366646559,64
basic_1BT,1295600,2732367968250,64
basic_1BT,1587926,2732369582445,64
basic_1BT,1899521,2732371528156,64
basic_1BT,2059109,2732373619189,64
basic_1BT,1953868,2732375619956,64
basic_1BT,2339049,2732377986842,64
basic_1BT,1920081,2732379935938,64
basic_1BT,2031528,2732381994384,64
basic_1BT,2021719,2732384044845,64
basic_1BT,1732625,2732385804951,64
basic_1BT,1369642,2732387199978,64
basic_1BT,1922832,2732389148660,64
basic_1BT,1186847,2732390362686,64
basic_1BT,1710603,2732392099547,64
basic_1BT,2061586,2732394196207,64
basic_1BT,1816585,2732396039038,64
basic_1BT,1961287,2732398046845,64
basic_1BT,1985550,2732400084641,64
basic_1BT,1917577,2732402068468,64
basic_1BT,2038427,2732404136463,64
basic_1BT,1351016,2732405518803,64
basic_1BT,1903736,2732407451062,64
basic_1BT,1244537,2732408723821,64
basic_1BT,1573243,2732410326485,64
basic_1BT,1965865,2732412363385,64
basic_1BT,1868116,2732414307722,64
basic_1BT,1922303,2732416282645,64
basic_1BT,1887022,2732418205504,64
basic_1BT,1974677,2732420208390,64
basic_1BT,2040370,2732422283559,64
basic_1BT,1972625,2732424283138,64
basic_1BT,1832108,2732426143465,64
basic_1BT,1938122,2732428114960,64
basic_1BT,1458104,2732429603701,64
basic_1BT,1183196,2732430813821,64
basic_1BT,1691866,2732432531487,64
basic_1BT,1790746,2732434349770,64
basic_1BT,1371292,2732435754018,64
basic_1BT,2004534,2732437784206,64
basic_1BT,1092107,2732438909419,64
basic_1BT,1704465,2732440639814,64
basic_1BT,1465035,2732442153118,64
basic_1BT,2103032,2732444288032,64
basic_1BT,1959916,2732446281725,64
basic_1BT,1517621,2732447830798,64
basic_1BT,1806111,2732449661970,64
basic_1BT,2008372,2732451696382,64
basic_1BT,2133790,2732453855351,64
basic_1BT,1431768,2732455320798,64
basic_1BT,1587498,2732456942710,64
basic_1BT,1480372,2732458453483,64
basic_1BT,1636003,2732460117541,64
basic_1BT,2092457,2732462243018,64
basic_1BT,1906393,2732464181186,64
basic_1BT,2007965,2732466219534,64
basic_1BT,1506053,2732467757777,64
basic_1BT,1875079,2732469658451,64
basic_1BT,2052732,2732471738117,64
basic_1BT,1537587,2732473307173,64
basic_1BT,1943614,2732475279026,64
basic_1BT,1531880,2732476841997,64
basic_1BT,1793205,2732478666953,64
basic_1BT,1675181,2732480368858,64
basic_1BT,2030480,2732482434620,64
basic_1BT,1863158,2732484338935,64
basic_1BT,1906019,2732486277930,64
basic_1BT,2023465,2732488331568,64
basic_1BT,2114484,2732490480822,64
basic_1BT,2054382,2732492572647,64
basic_1BT,2079859,2732494700627,64
basic_1BT,2013984,2732496752228,64
basic_1BT,2035445,2732498840123,64
basic_1BT,2193631,2732501067995,64
basic_1BT,2016116,2732503124638,64
basic_1BT,2024052,2732505199209,64
basic_1BT,2065452,2732507298259,64
basic_1BT,2305268,2732509647820,64
basic_1BT,1875429,2732511557454,64
basic_1BT,1931331,2732513542932,64
basic_1BT,2049867,2732515651382,64
basic_1BT,1943841,2732517633248,64
basic_1BT,1993066,2732519667433,64
basic_1BT,1413559,2732521109818,64
basic_1BT,1093880,2732522246172,64
basic_1BT,1666362,2732523944681,64
basic_1BT,2042729,2732526014155,64
basic_1BT,2102267,2732528185209,64
basic_1BT,1864115,2732530100096,64
basic_1BT,2177897,2732532316938,64
basic_1BT,1942356,2732534316927,64
basic_1BT,1868464,2732536219999,64
basic_1BT,1981788,2732538232487,64
basic_1BT,1881955,2732540141736,64
basic_1BT,1907307,2732542084811,64
basic_1BT,1443503,2732543567755,64
basic_1BT,1816082,2732545421153,64
basic_1BT,1960286,2732547412626,64
basic_1BT,1256268,2732548697744,64
basic_1BT,1398161,2732550124017,64
basic_1BT,1994978,2732552151315,64
basic_1BT,1893597,2732554074685,64
basic_1BT,1964646,2732556069873,64
basic_1BT,1831160,2732557931533,64
basic_1BT,1885409,2732559846658,64
basic_1BT,2007890,2732561907205,64
basic_1BT,1951185,2732563894216,64
basic_1BT,1775465,2732565703599,64
basic_1BT,1854472,2732567588470,64
basic_1BT,1840368,2732569463201,64
basic_1BT,1831155,2732571329203,64
basic_1BT,2098888,2732573491587,64
basic_1BT,2037445,2732575560620,64
basic_1BT,2008545,2732577601724,64
basic_1BT,2000367,2732579632747,64
basic_1BT,2073104,2732581743886,64
basic_1BT,2004828,2732583782803,64
basic_1BT,2057883,2732585872417,64
basic_1BT,2140333,2732588050336,64
basic_1BT,1955549,2732590048396,64
basic_1BT,1996160,2732592078568,64
basic_1BT,1840475,2732593953459,64
basic_1BT,2077066,2732596063287,64
basic_1BT,2017670,2732598112410,64
basic_1BT,2106580,2732600257407,64
basic_1BT,1941366,2732602240028,64
basic_1BT,1965798,2732604237575,64
basic_1BT,2011806,2732606291562,64
basic_1BT,1976231,2732608298837,64
basic_1BT,2000117,2732610332916,64
basic_1BT,2023508,2732612388016,64
basic_1BT,1962423,2732614400957,64
basic_1BT,2001336,2732616435752,64
basic_1BT,2031805,2732618496093,64
basic_1BT,2019524,2732620547946,64
basic_1BT,1386041,2732621961835,64
basic_1BT,1235922,2732623231287,64
basic_1BT,1664937,2732624926597,64
basic_1BT,1971719,2732626934101,64
basic_1BT,2018915,2732628982355,64
basic_1BT,2012730,2732631031023,64
basic_1BT,2069096,2732633132946,64
basic_1BT,1963468,2732635145910,64
basic_1BT,2081321,2732637264970,64
basic_1BT,1955673,2732639255914,64
basic_1BT,2031349,2732641325211,64
basic_1BT,2042386,2732643415553,64
basic_1BT,2011501,2732645460431,64
basic_1BT,2042442,2732647540845,64
basic_1BT,1995219,2732649585794,64
basic_1BT,2074838,2732651700832,64
basic_1BT,2050358,2732653790904,64
basic_1BT,2003214,2732655843885,64
basic_1BT,2005781,2732657882060,64
basic_1BT,2045126,2732659969043,64
basic_1BT,2008423,2732662032831,64
basic_1BT,2007595,2732664081006,64
basic_1BT,2037067,2732666148962,64
basic_1BT,1415987,2732667597812,64
basic_1BT,1915433,2732669550361,64
basic_1BT,1056368,2732670638550,64
basic_1BT,1758189,2732672449875,64
basic_1BT,2135114,2732674615098,64
basic_1BT,1903149,2732676576541,64
basic_1BT,1415866,2732678023883,64
basic_1BT,2531003,2732680581895,64
basic_1BT,2156198,2732682772192,64
basic_1BT,1983370,2732684788371,64
basic_1BT,1435926,2732686258038,64
basic_1BT,1997681,2732688293013,64
basic_1BT,2396091,2732690729695,64
basic_1BT,2163831,2732692927408,64
basic_1BT,1980394,2732694940973,64
basic_1BT,1937503,2732696911654,64
basic_1BT,1372196,2732698313663,64
basic_1BT,1017896,2732699369125,64
basic_1BT,1945463,2732701345073,64
basic_1BT,1959505,2732703359621,64
basic_1BT,1808095,2732705207239,64
basic_1BT,2045250,2732707307819,64
basic_1BT,1982460,2732709322569,64
basic_1BT,1816432,2732711166537,64
basic_1BT,2071604,2732713270345,64
basic_1BT,1289449,2732714593297,64
basic_1BT,1128782,2732715747867,64
basic_1BT,1915771,2732717699825,64
basic_1BT,1903115,2732719649499,64
basic_1BT,2056753,2732721761667,64
basic_1BT,2038523,2732723833764,64
basic_1BT,2024469,2732725891767,64
basic_1BT,2346655,2732728275522,64
basic_1BT,1900766,2732730210999,64
basic_1BT,2094651,2732732339072,64
basic_1BT,2038856,2732734406081,64
basic_1BT,1815888,2732736253895,64
basic_1BT,1921567,2732738207581,64
basic_1BT,2006077,2732740246649,64
basic_1BT,1608019,2732741890758,64
basic_1BT,2162252,2732744085809,64
basic_1BT,2215024,2732746343689,64
basic_1BT,1824101,2732748193721,64
basic_1BT,2112389,2732750334740,64
basic_1BT,1916423,2732752290638,64
basic_1BT,1995608,2732754352632,64
basic_1BT,2052206,2732756435227,64
basic_1BT,1934461,2732758431014,64
basic_1BT,2032630,2732760499655,64
basic_1BT,1926352,2732762459017,64
basic_1BT,1960982,2732764451269,64
basic_1BT,1822641,2732766350562,64
basic_1BT,2069881,2732768458820,64
basic_1BT,1425625,2732769917026,64
basic_1BT,1665543,2732771611444,64
basic_1BT,1140082,2732772781849,64
basic_1BT,1991933,2732774812229,64
basic_1BT,1814340,2732776655499,64
basic_1BT,1939831,2732778629292,64
basic_1BT,2072373,2732780734218,64
basic_1BT,1750233,2732782511664,64
basic_1BT,2000063,2732784544728,64
basic_1BT,1291044,2732785871187,64
basic_1BT,2359297,2732788260134,64
basic_1BT,1803537,2732790093885,64
basic_1BT,1562231,2732791684687,64
basic_1BT,2214852,2732793941906,64
basic_1BT,1973900,2732795945721,64
basic_1BT,1931766,2732797904952,64
basic_1BT,1982962,2732799917421,64
basic_1BT,1652496,2732801599929,64
basic_1BT,1680217,2732803309379,64
basic_1BT,1498245,2732804834390,64
basic_1BT,1568354,2732806438590,64
basic_1BT,1880180,2732808350116,64
basic_1BT,1797730,2732810176091,64
basic_1BT,1792767,2732811999640,64
basic_1BT,1926892,2732814001810,64
basic_1BT,1841898,2732815876450,64
basic_1BT,2045102,2732817947966,64
basic_1BT,2063416,2732820044728,64
basic_1BT,1781966,2732821886401,64
basic_1BT,2198155,2732824118089,64
basic_1BT,1779063,2732825929240,64
basic_1BT,2240770,2732828202457,64
basic_1BT,2075718,2732830308203,64
basic_1BT,1904970,2732832248402,64
basic_1BT,1870004,2732834156907,64
basic_1BT,1965627,2732836155089,64
basic_1BT,2151580,2732838340945,64
basic_1BT,1984652,2732840357844,64
basic_1BT,1878550,2732842266630,64
basic_1BT,1569545,2732843863318,64
basic_1BT,2253233,2732846166948,64
basic_1BT,2126593,2732848350690,64
basic_1BT,2121161,2732850503111,64
basic_1BT,1907674,2732852443259,64
basic_1BT,1963441,2732854440694,64
basic_1BT,1987671,2732856456742,64
basic_1BT,2358962,2732858851518,64
basic_1BT,2056700,2732860943512,64
basic_1BT,1898687,2732862991480,64
basic_1BT,1869382,2732864901102,64
basic_1BT,2033199,2732866976454,64
basic_1BT,2057321,2732869066616,64
basic_1BT,1977217,2732871082073,64
basic_1BT,1912698,2732873025300,64
basic_1BT,2022200,2732875096240,64
basic_1BT,2028751,2732877171584,64
basic_1BT,2034514,2732879254440,64
basic_1BT,2027505,2732881335516,64
basic_1BT,1917699,2732883311558,64
basic_1BT,1855370,2732885201067,64
basic_1BT,1993606,2732887227851,64
basic_1BT,1913373,2732889167766,64
basic_1BT,1327055,2732890529392,64
basic_1BT,997752,2732891552871,64
basic_1BT,1942037,2732893565519,64
basic_1BT,2010530,2732895608770,64
basic_1BT,2179380,2732897815040,64
basic_1BT,1901676,2732899747676,64
basic_1BT,2107604,2732901886775,64
basic_1BT,2047810,2732903995271,64
basic_1BT,1912460,2732905966340,64
basic_1BT,1547967,2732907546230,64
basic_1BT,1806468,2732909379056,64
basic_1BT,1777622,2732911187587,64
basic_1BT,1318671,2732912535757,64
basic_1BT,1977249,2732914548217,64
basic_1BT,1765814,2732916341724,64
basic_1BT,1788260,2732918158959,64
basic_1BT,1556957,2732919745697,64
basic_1BT,1422182,2732921194081,64
basic_1BT,1886001,2732923109029,64
basic_1BT,1979385,2732925123729,64
basic_1BT,1874136,2732927032116,64
basic_1BT,1980171,2732929041870,64
basic_1BT,1775480,2732930871920,64
basic_1BT,1981001,2732932880326,64
basic_1BT,1254862,2732934169110,64
basic_1BT,1092690,2732935288488,64
basic_1BT,1987498,2732937309513,64
basic_1BT,1930634,2732939298009,64
basic_1BT,1892667,2732941226971,64
basic_1BT,2070984,2732943331310,64
basic_1BT,1940659,2732945311656,64
basic_1BT,1948785,2732947301479,64
basic_1BT,1906699,2732949239788,64
basic_1BT,1959557,2732951239339,64
basic_1BT,2403923,2732953674208,64
basic_1BT,2061946,2732955799756,64
basic_1BT,2017493,2732957848205,64
basic_1BT,1872956,2732959780666,64
basic_1BT,1699534,2732961524844,64
basic_1BT,1609313,2732963168221,64
basic_1BT,2502275,2732965698166,64
basic_1BT,1870931,2732967609669,64
basic_1BT,2180443,2732969822604,64
basic_1BT,2027150,2732971881382,64
basic_1BT,1918228,2732973853903,64
basic_1BT,1787365,2732975686401,64
basic_1BT,1997310,2732977716822,64
basic_1BT,1805699,2732979555600,64
basic_1BT,2018029,2732981610480,64
basic_1BT,1839899,2732983481517,64
basic_1BT,1932817,2732985443639,64
basic_1BT,1936248,2732987417363,64
basic_1BT,2021646,2732989469792,64
basic_1BT,1682887,2732991180275,64
basic_1BT,1652321,2732992858948,64
basic_1BT,2259915,2732995145922,64
basic_1BT,2072991,2732997250581,64
basic_1BT,2068425,2732999357880,64
basic_1BT,1999192,2733001395731,64
basic_1BT,1980125,2733003408070,64
basic_1BT,1821066,2733005269414,64
basic_1BT,1898838,2733007201435,64
basic_1BT,1875618,2733009105236,64
basic_1BT,1744364,2733010880094,64
basic_1BT,1568220,2733012475809,64
basic_1BT,1702193,2733014205903,64
basic_1BT,1427927,2733015661398,64
basic_1BT,1893718,2733017586371,64
basic_1BT,1619705,2733019234348,64
basic_1BT,1949049,2733021214390,64
basic_1BT,1680685,2733022929016,64
basic_1BT,1915420,2733024871849,64
basic_1BT,1675256,2733026576867,64
basic_1BT,1945081,2733028548505,64
basic_1BT,1706354,2733030282253,64
basic_1BT,1837365,2733032171802,64
basic_1BT,1314593,2733033520562,64
basic_1BT,1754094,2733035330533,64
basic_1BT,1903653,2733037281457,64
basic_1BT,1931151,2733039252979,64
basic_1BT,2021882,2733041320005,64
basic_1BT,2012462,2733043366807,64
basic_1BT,1946719,2733045352597,64
basic_1BT,2090324,2733047482137,64
basic_1BT,2044082,2733049557245,64
basic_1BT,1848771,2733051438056,64
basic_1BT,2072809,2733053548690,64
basic_1BT,1948444,2733055535098,64
basic_1BT,1993828,2733057567448,64
basic_1BT,1894389,2733059501862,64
basic_1BT,1990516,2733061522420,64
basic_1BT,1893256,2733063457758,64
basic_1BT,1378076,2733064865942,64
basic_1BT,2291490,2733067191933,64
basic_1BT,2208478,2733069433774,64
basic_1BT,1973977,2733071461723,64
basic_1BT,2026649,2733073541711,64
basic_1BT,1771214,2733075343674,64
basic_1BT,1708612,2733077086944,64
basic_1BT,2103164,2733079225789,64
basic_1BT,1954103,2733081217662,64
basic_1BT,2406188,2733083667360,64
basic_1BT,2096260,2733085798016,64
basic_1BT,1941080,2733087785215,64
basic_1BT,2026006,2733089839602,64
basic_1BT,1373352,2733091247010,64
basic_1BT,959270,2733092238145,64
basic_1BT,1720963,2733093988695,64
basic_1BT,1367366,2733095383442,64
basic_1BT,1223874,2733096633209,64
basic_1BT,1650183,2733098310814,64
basic_1BT,1993608,2733100333246,64
basic_1BT,2110446,2733102481464,64
basic_1BT,1966494,2733104489106,64
basic_1BT,1815313,2733106331868,64
basic_1BT,1916859,2733108274717,64
basic_1BT,1298576,2733109606682,64
basic_1BT,1034728,2733110666656,64
basic_1BT,1967271,2733112662061,64
basic_1BT,1898324,2733114587573,64
basic_1BT,1427091,2733116066031,64
basic_1BT,1041078,2733117139965,64
basic_1BT,1838461,2733119004795,64
basic_1BT,2039199,2733121074766,64
basic_1BT,1792529,2733122897466,64
basic_1BT,1529799,2733124452790,64
basic_1BT,1066662,2733125546608,64
basic_1BT,1617168,2733127215962,64
basic_1BT,1712689,2733128961460,64
basic_1BT,2053679,2733131049323,64
basic_1BT,2172516,2733133254649,64
basic_1BT,1866679,2733135150602,64
basic_1BT,2105315,2733137287094,64
basic_1BT,1874611,2733139208018,64
basic_1BT,2085227,2733141340857,64
basic_1BT,2135186,2733143510920,64
basic_1BT,1824380,2733145361233,64
basic_1BT,1639608,2733147034132,64
basic_1BT,1508101,2733148573491,64
basic_1BT,1322324,2733149929833,64
basic_1BT,1840599,2733151798507,64
basic_1BT,2049023,2733153871921,64
basic_1BT,1962155,2733155867872,64
basic_1BT,1844114,2733157737106,64
basic_1BT,1386008,2733159155051,64
basic_1BT,1246861,2733160442184,64
basic_1BT,1709235,2733162178429,64
basic_1BT,1894723,2733164098390,64
basic_1BT,1376701,2733165501438,64
basic_1BT,2457614,2733167990281,64
basic_1BT,1504847,2733169541898,64
basic_1BT,1644811,2733171217922,64
basic_1BT,1411856,2733172656306,64
basic_1BT,1577614,2733174262088,64
basic_1BT,1894869,2733176184770,64
basic_1BT,2019676,2733178237421,64
basic_1BT,1971983,2733180247100,64
basic_1BT,1833905,2733182113938,64
basic_1BT,2126817,2733184271457,64
basic_1BT,2054358,2733186377095,64
basic_1BT,1857749,2733188268762,64
basic_1BT,1897653,2733190196157,64
basic_1BT,1420391,2733191644190,64
basic_1BT,1731279,2733193401721,64
basic_1BT,1220899,2733194650698,64
basic_1BT,1747988,2733196425357,64
basic_1BT,1695895,2733198149105,64
basic_1BT,1291299,2733199510598,64
basic_1BT,992218,2733200534283,64
basic_1BT,1768629,2733202331877,64
basic_1BT,2003152,2733204360838,64
basic_1BT,1352045,2733205743361,64
basic_1BT,1027502,2733206796752,64
basic_1BT,1641445,2733208470657,64
basic_1BT,1816625,2733210314469,64
basic_1BT,1646445,2733211985544,64
basic_1BT,2116604,2733214152337,64
basic_1BT,1457442,2733215681357,64
basic_1BT,1797742,2733217505920,64
basic_1BT,1106081,2733218643042,64
basic_1BT,1576953,2733220275663,64
basic_1BT,1962256,2733222269616,64
basic_1BT,1927596,2733224224558,64
basic_1BT,1974865,2733226233356,64
basic_1BT,1412777,2733227676114,64
basic_1BT,1060852,2733228761753,64
basic_1BT,1634232,2733230447723,64
basic_1BT,1342227,2733231814687,64
basic_1BT,925087,2733232764570,64
basic_1BT,1800817,2733234591902,64
basic_1BT,1968382,2733236585747,64
basic_1BT,2089546,2733238709242,64
basic_1BT,1509777,2733240251707,64
basic_1BT,1669259,2733241948355,64
basic_1BT,1605104,2733243583358,64
basic_1BT,1525517,2733245138881,64
basic_1BT,1938758,2733247111909,64
basic_1BT,1973652,2733249117130,64
basic_1BT,2294025,2733251442692,64
basic_1BT,1974254,2733253482258,64
basic_1BT,1468649,2733254981346,64
basic_1BT,2199843,2733257206748,64
basic_1BT,2086154,2733259329017,64
basic_1BT,1934696,2733261306001,64
basic_1BT,1303918,2733262638630,64
basic_1BT,986297,2733263650561,64
basic_1BT,1984781,2733265667157,64
basic_1BT,1933194,2733267656776,64
basic_1BT,2050203,2733269737709,64
basic_1BT,2006808,2733271773148,64
basic_1BT,1807333,2733273611248,64
basic_1BT,2128782,2733275780889,64
basic_1BT,2008808,2733277823435,64
basic_1BT,2114113,2733279972719,64
basic_1BT,2211207,2733282242051,64
basic_1BT,2036348,2733284339968,64
basic_1BT,1965757,2733286356978,64
basic_1BT,1990754,2733288377380,64
basic_1BT,2038797,2733290447430,64
basic_1BT,1966558,2733292477719,64
basic_1BT,2044324,2733294606249,64
basic_1BT,1843147,2733296476336,64
basic_1BT,2045302,2733298558529,64
basic_1BT,1988967,2733300581160,64
basic_1BT,1993727,2733302610309,64
basic_1BT,2123309,2733304767373,64
basic_1BT,1417591,2733306213056,64
basic_1BT,1913570,2733308157441,64
basic_1BT,2140794,2733310330421,64
basic_1BT,1716022,2733312074808,64
basic_1BT,1622009,2733313732213,64
basic_1BT,1675443,2733315445565,64
basic_1BT,2000772,2733317477029,64
basic_1BT,1754734,2733319262768,64
basic_1BT,1674764,2733320973032,64
basic_1BT,1627269,2733322638615,64
basic_1BT,1820076,2733324486771,64
basic_1BT,1839685,2733326360465,64
basic_1BT,1804514,2733328196967,64
basic_1BT,1985962,2733330214850,64
basic_1BT,2112860,2733332359135,64
basic_1BT,1951836,2733334347718,64
basic_1BT,1370757,2733335750652,64
basic_1BT,1925801,2733337702530,64
basic_1BT,1758151,2733339494607,64
basic_1BT,1761101,2733341284865,64
basic_1BT,1209447,2733342524172,64
basic_1BT,1751019,2733344300788,64
basic_1BT,2039823,2733346374152,64
basic_1BT,2130728,2733348530111,64
basic_1BT,2036587,2733350633157,64
basic_1BT,1969181,2733352630659,64
basic_1BT,1791492,2733354451701,64
basic_1BT,1924281,2733356412602,64
basic_1BT,2058431,2733358500775,64
basic_1BT,1377597,2733359906282,64
basic_1BT,1479600,2733361415615,64
basic_1BT,1667619,2733363111550,64
basic_1BT,2087341,2733365249752,64
basic_1BT,1935212,2733367214165,64
basic_1BT,2251761,2733369492953,64
basic_1BT,2126753,2733371654209,64
basic_1BT,2040105,2733373728003,64
basic_1BT,1944961,2733375706067,64
basic_1BT,1557560,2733377296195,64
basic_1BT,2332374,2733379669354,64
basic_1BT,2135962,2733381841510,64
basic_1BT,1849187,2733383723933,64
basic_1BT,1796322,2733385546718,64
basic_1BT,1562859,2733387139928,64
basic_1BT,1951892,2733389118733,64
basic_1BT,2133328,2733391297850,64
basic_1BT,1729629,2733393059804,64
basic_1BT,1998065,2733395127381,64
basic_1BT,2254604,2733397412500,64
basic_1BT,1935046,2733399400046,64
basic_1BT,1994965,2733401435867,64
basic_1BT,1832733,2733403303083,64
basic_1BT,2093042,2733405455849,64
basic_1BT,1918335,2733407404312,64
basic_1BT,2398051,2733409836070,64
basic_1BT,1378957,2733411250181,64
basic_1BT,1034714,2733412316883,64
basic_1BT,1823259,2733414174832,64
basic_1BT,1843506,2733416047144,64
basic_1BT,2360925,2733418436209,64
basic_1BT,1964842,2733420428149,64
basic_1BT,2010073,2733422474778,64
basic_1BT,1984263,2733424492447,64
basic_1BT,2128789,2733426663384,64
basic_1BT,1948347,2733428665846,64
basic_1BT,2043317,2733430752357,64
basic_1BT,1998749,2733432786357,64
basic_1BT,1974446,2733434792774,64
basic_1BT,2016505,2733436842039,64
basic_1BT,1852559,2733438758698,64
basic_1BT,2392364,2733441178581,64
basic_1BT,1769305,2733442976302,64
basic_1BT,2086761,2733445093085,64
basic_1BT,2041453,2733447168615,64
basic_1BT,2114817,2733449315363,64
basic_1BT,1397617,2733450749143,64
basic_1BT,1825787,2733452606334,64
basic_1BT,1850788,2733454488446,64
basic_1BT,1683721,2733456198881,64
basic_1BT,1235383,2733457462648,64
basic_1BT,1724993,2733459214378,64
basic_1BT,1907744,2733461149066,64
basic_1BT,1974501,2733463153831,64
basic_1BT,2165624,2733465351716,64
basic_1BT,2033873,2733467429869,64
basic_1BT,2006020,2733469468625,64
basic_1BT,2250930,2733471762733,64
basic_1BT,1383065,2733473183487,64
basic_1BT,1201992,2733474419589,64
basic_1BT,1688541,2733476160535,64
basic_1BT,2058771,2733478248889,64
basic_1BT,2063993,2733480339117,64
basic_1BT,1207050,2733481579794,64
basic_1BT,1081349,2733482686758,64
basic_1BT,1840857,2733484585260,64
basic_1BT,1858571,2733486495802,64
basic_1BT,1568902,2733488100706,64
basic_1BT,1708700,2733489836664,64
basic_1BT,2358357,2733492221081,64
basic_1BT,2052385,2733494307506,64
basic_1BT,1318792,2733495656479,64
basic_1BT,993979,2733496681798,64
basic_1BT,1917331,2733498631886,64
basic_1BT,1946575,2733500607674,64
basic_1BT,1793988,2733502452117,64
basic_1BT,1894492,2733504379898,64
basic_1BT,1782408,2733506213582,64
basic_1BT,1421246,2733507711444,64
basic_1BT,2260737,2733510002210,64
basic_1BT,1896305,2733511943207,64
basic_1BT,2221073,2733514194760,64
basic_1BT,2134450,2733516377768,64
basic_1BT,1977289,2733518397901,64
basic_1BT,2018361,2733520443087,64
basic_1BT,2035045,2733522524967,64
basic_1BT,1954377,2733524516226,64
basic_1BT,2088011,2733526647260,64
basic_1BT,2061565,2733528775639,64
basic_1BT,2086301,2733530897826,64
basic_1BT,1987803,2733532924076,64
basic_1BT,2031427,2733535025705,64
basic_1BT,1988316,2733537053793,64
basic_1BT,1981162,2733539111066,64
basic_1BT,1950501,2733541117030,64
basic_1BT,2090915,2733543244408,64
basic_1BT,1999719,2733545284577,64
basic_1BT,2113525,2733547433748,64
basic_1BT,2128493,2733549597951,64
basic_1BT,2089082,2733551721838,64
basic_1BT,1488774,2733553239281,64
basic_1BT,1743008,2733555017884,64
basic_1BT,1820600,2733556876488,64
basic_1BT,1226882,2733558132538,64
basic_1BT,1796069,2733559953905,64
basic_1BT,1641865,2733561621262,64
basic_1BT,1481260,2733563133091,64
basic_1BT,1566666,2733564730722,64
basic_1BT,2156140,2733566914306,64
basic_1BT,1321421,2733568265715,64
basic_1BT,1675617,2733569971363,64
basic_1BT,47390469,2733617388533,64
basic_1BT,2058838,2733619487064,64
basic_1BT,2075681,2733621596836,64
basic_1BT,2168071,2733623841031,64
basic_1BT,1891226,2733625765719,64
basic_1BT,1799202,2733627607778,64
basic_1BT,1259988,2733628901741,64
basic_1BT,1952088,2733630889633,64
basic_1BT,2132105,2733633077345,64
basic_1BT,2092866,2733635216238,64
basic_1BT,2071462,2733637326298,64
basic_1BT,1800047,2733639172485,64
basic_1BT,1705008,2733640914256,64
basic_1BT,1871224,2733642842445,64
basic_1BT,1726214,2733644602639,64
basic_1BT,1753764,2733646389518,64
basic_1BT,1886167,2733648302936,64
basic_1BT,1819650,2733650182740,64
basic_1BT,2004493,2733652221465,64
basic_1BT,1783607,2733654033902,64
basic_1BT,1449399,2733655514737,64
basic_1BT,1889548,2733657434114,64
basic_1BT,946010,2733658412254,64
basic_1BT,1910402,2733660353198,64
basic_1BT,1860675,2733662243552,64
basic_1BT,1931308,2733664203072,64
basic_1BT,1498907,2733665730547,64
basic_1BT,1791763,2733667555352,64
basic_1BT,1862554,2733669444785,64
basic_1BT,1725625,2733671198767,64
basic_1BT,1785144,2733673037963,64
basic_1BT,1693268,2733674758493,64
basic_1BT,1617916,2733676416816,64
basic_1BT,1313020,2733677756844,64
basic_1BT,1590249,2733679376442,64
basic_1BT,1936002,2733681341074,64
basic_1BT,1926967,2733683308734,64
basic_1BT,1972297,2733685308049,64
basic_1BT,1821805,2733687159525,64
basic_1BT,1954669,2733689141375,64
basic_1BT,1994636,2733691170029,64
basic_1BT,1949248,2733693159168,64
basic_1BT,2037414,2733695239635,64
basic_1BT,1449792,2733696721938,64
basic_1BT,1651910,2733698402909,64
basic_1BT,2069389,2733700502459,64
basic_1BT,958941,2733701504776,64
basic_1BT,1902210,2733703433076,64
basic_1BT,1873858,2733705338305,64
basic_1BT,1330632,2733706702666,64
basic_1BT,1021107,2733707748295,64
basic_1BT,1754256,2733709527667,64
basic_1BT,1980045,2733711536989,64
basic_1BT,2077961,2733713642605,64
basic_1BT,1995679,2733715669741,64
basic_1BT,1683351,2733717385915,64
basic_1BT,1436261,2733718855177,64
basic_1BT,1607613,2733720489002,64
basic_1BT,1876049,2733722396292,64
basic_1BT,1955518,2733724409041,64
basic_1BT,1971106,2733726409179,64
basic_1BT,1933558,2733728411624,64
basic_1BT,1966606,2733730407249,64
basic_1BT,2120800,2733732576814,64
basic_1BT,1941928,2733734557992,64
basic_1BT,1902078,2733736502180,64
basic_1BT,1995129,2733738537178,64
basic_1BT,1847057,2733740419412,64
basic_1BT,2049512,2733742500916,64
basic_1BT,2074006,2733744603997,64
basic_1BT,1933556,2733746571058,64
basic_1BT,1778468,2733748380003,64
basic_1BT,1667240,2733750076396,64
basic_1BT,1977503,2733752092563,64
basic_1BT,1709726,2733753830828,64
basic_1BT,1671883,2733755555863,64
basic_1BT,1045773,2733756628541,64
basic_1BT,1645791,2733758327811,64
basic_1BT,1767156,2733760142557,64
basic_1BT,1967707,2733762138806,64
basic_1BT,1834826,2733764025828,64
basic_1BT,1891336,2733765946288,64
basic_1BT,1589729,2733767591768,64
basic_1BT,1868889,2733769491573,64
basic_1BT,1617526,2733771141095,64
basic_1BT,1902339,2733773069992,64
basic_1BT,1607012,2733774721194,64
basic_1BT,1659095,2733776407790,64
basic_1BT,2420560,2733778866562,64
basic_1BT,2149486,2733781057704,64
basic_1BT,1691521,2733782779365,64
basic_1BT,1938706,2733784751360,64
basic_1BT,2033834,2733786817120,64
basic_1BT,1958310,2733788813661,64
basic_1BT,1967448,2733790821559,64
basic_1BT,1505126,2733792360037,64
basic_1BT,2045199,2733794439077,64
basic_1BT,2252173,2733796724931,64
basic_1BT,1723061,2733798477202,64
basic_1BT,1755473,2733800259741,64
basic_1BT,1273323,2733801564670,64
basic_1BT,1956286,2733803547995,64
basic_1BT,1871273,2733805446702,64
basic_1BT,1848331,2733807324543,64
basic_1BT,1950588,2733809306373,64
basic_1BT,1844239,2733811185291,64
basic_1BT,1831413,2733813070950,64
basic_1BT,1482382,2733814585682,64
basic_1BT,1821104,2733816452349,64
basic_1BT,1769538,2733818253147,64
basic_1BT,1250776,2733819533940,64
basic_1BT,1797384,2733821376411,64
basic_1BT,1912129,2733823316094,64
basic_1BT,1988941,2733825355878,64
basic_1BT,2103219,2733827535441,64
basic_1BT,1951145,2733829525320,64
basic_1BT,1945164,2733831512279,64
basic_1BT,2184099,2733833734042,64
basic_1BT,2114614,2733835887587,64
basic_1BT,1925122,2733837842644,64
basic_1BT,2081313,2733839961879,64
basic_1BT,2303704,2733842298707,64
basic_1BT,1987896,2733844356263,64
basic_1BT,1780027,2733846197051,64
basic_1BT,2015851,2733848250368,64
basic_1BT,1810025,2733850100018,64
basic_1BT,1959897,2733852089806,64
basic_1BT,1964306,2733854084318,64
basic_1BT,1546788,2733855661482,64
basic_1BT,1645973,2733857333383,64
basic_1BT,1897955,2733859259350,64
basic_1BT,1282371,2733860567524,64
basic_1BT,1506699,2733862101995,64
basic_1BT,1654924,2733863786426,64
basic_1BT,1820109,2733865635261,64
basic_1BT,1957792,2733867622394,64
basic_1BT,1402489,2733869052234,64
basic_1BT,1185247,2733870264379,64
basic_1BT,1807410,2733872101965,64
basic_1BT,1743035,2733873906233,64
basic_1BT,1815900,2733875747576,64
basic_1BT,1988596,2733877777390,64
basic_1BT,1870879,2733879700187,64
basic_1BT,1748440,2733881502132,64
basic_1BT,1803685,2733883332839,64
basic_1BT,1746973,2733885112366,64
basic_1BT,1880750,2733887040680,64
basic_1BT,1948708,2733889019172,64
basic_1BT,1940065,2733890995194,64
basic_1BT,1957654,2733892980569,64
basic_1BT,1808940,2733894820911,64
basic_1BT,2178181,2733897026779,64
basic_1BT,1820999,2733898880552,64
basic_1BT,2041217,2733900951350,64
basic_1BT,1924858,2733902910170,64
basic_1BT,1899169,2733904837563,64
basic_1BT,1954222,2733906827129,64
basic_1BT,2520523,2733909379567,64
basic_1BT,2148511,2733911599145,64
basic_1BT,2029941,2733913671030,64
basic_1BT,1914622,2733915627006,64
basic_1BT,2016046,2733917711594,64
basic_1BT,1997685,2733919754998,64
basic_1BT,2313184,2733922108610,64
basic_1BT,2032630,2733924217464,64
basic_1BT,1812155,2733926077335,64
basic_1BT,2045597,2733928160333,64
basic_1BT,2018579,2733930215291,64
basic_1BT,1930992,2733932179401,64
basic_1BT,1988275,2733934203326,64
basic_1BT,2087592,2733936329514,64
basic_1BT,2204179,2733938576525,64
basic_1BT,2032326,2733940639583,64
basic_1BT,1837637,2733942528890,64
basic_1BT,1903037,2733944464339,64
basic_1BT,1978665,2733946486106,64
basic_1BT,2320901,2733948840406,64
basic_1BT,2015128,2733950884877,64
basic_1BT,2045957,2733952963460,64
basic_1BT,2198896,2733955204699,64
basic_1BT,2037259,2733957273901,64
basic_1BT,2070622,2733959379736,64
basic_1BT,2017199,2733961434811,64
basic_1BT,2003011,2733963473479,64
basic_1BT,2440119,2733965946272,64
basic_1BT,2100262,2733968087585,64
basic_1BT,1967272,2733970095019,64
basic_1BT,2310203,2733972443143,64
basic_1BT,2022919,2733974503490,64
basic_1BT,1646258,2733976187799,64
basic_1BT,1264194,2733977492704,64
basic_1BT,1746330,2733979267753,64
basic_1BT,2007654,2733981302599,64
basic_1BT,2042079,2733983373423,64
basic_1BT,2210626,2733985624729,64
basic_1BT,1994018,2733987651511,64
basic_1BT,1968842,2733989660053,64
basic_1BT,1963459,2733991658360,64
basic_1BT,2307467,2733994029424,64
basic_1BT,2017086,2733996113359,64
basic_1BT,1945100,2733998090530,64
basic_1BT,2174221,2734000298045,64
basic_1BT,2038514,2734002390792,64
basic_1BT,2228371,2734004657704,64
basic_1BT,2150957,2734006879839,64
basic_1BT,2366827,2734009279253,64
basic_1BT,2067458,2734011395073,64
basic_1BT,1880267,2734013307680,64
basic_1BT,2062695,2734015406010,64
basic_1BT,2315964,2734017780277,64
basic_1BT,2002576,2734019829247,64
basic_1BT,2105386,2734021965858,64
basic_1BT,1782801,2734023779767,64
basic_1BT,2006877,2734025818500,64
basic_1BT,1867756,2734027720882,64
basic_1BT,1917851,2734029669094,64
basic_1BT,1441890,2734031141076,64
basic_1BT,2250039,2734033441241,64
basic_1BT,1030603,2734034528213,64
basic_1BT,2081754,2734036638871,64
basic_1BT,1866544,2734038552048,64
basic_1BT,1904152,2734040484190,64
basic_1BT,1921476,2734042437460,64
basic_1BT,2060293,2734044525385,64
basic_1BT,1915507,2734046468993,64
basic_1BT,1877400,2734048375616,64
basic_1BT,2265779,2734050677863,64
basic_1BT,2222455,2734052932458,64
basic_1BT,2010206,2734054977604,64
basic_1BT,1870911,2734056875118,64
basic_1BT,1976179,2734058893703,64
basic_1BT,1415613,2734060339151,64
basic_1BT,1988341,2734062361807,64
basic_1BT,1996628,2734064387065,64
basic_1BT,2131741,2734066548687,64
basic_1BT,1822431,2734068398909,64
basic_1BT,1787476,2734070218861,64
basic_1BT,1906150,2734072150735,64
basic_1BT,1145364,2734073329056,64
basic_1BT,1735335,2734075089204,64
basic_1BT,1728194,2734076842214,64
basic_1BT,1974883,2734078844680,64
basic_1BT,1999208,2734080875194,64
basic_1BT,2262205,2734083184107,64
basic_1BT,1949901,2734085166568,64
basic_1BT,2029151,2734087232060,64
basic_1BT,2298149,2734089562328,64
basic_1BT,2048822,2734091652971,64
basic_1BT,2050181,2734093739661,64
basic_1BT,2037387,2734095820041,64
basic_1BT,2013399,2734097871429,64
basic_1BT,2004706,2734099912996,64
basic_1BT,2349041,2734102294390,64
basic_1BT,2037597,2734104363754,64
basic_1BT,1958386,2734106360113,64
basic_1BT,1948679,2734108346704,64
basic_1BT,1958871,2734110342574,64
basic_1BT,2205767,2734112586560,64
basic_1BT,1806515,2734114426895,64
basic_1BT,2245491,2734116705937,64
basic_1BT,1828174,2734118565590,64
basic_1BT,2043636,2734120642482,64
basic_1BT,1944861,2734122622775,64
basic_1BT,2109864,2734124761894,64
basic_1BT,1992815,2734126789816,64
basic_1BT,1470637,2734128292691,64
basic_1BT,2252898,2734130574144,64
basic_1BT,2123345,2734132735446,64
basic_1BT,2242190,2734135018625,64
basic_1BT,2081012,2734137142403,64
basic_1BT,1911368,2734139113756,64
basic_1BT,2385441,2734141536913,64
basic_1BT,1905814,2734143473168,64
basic_1BT,2093920,2734145607658,64
basic_1BT,2093994,2734147735755,64
basic_1BT,1933636,2734149699190,64
basic_1BT,1939340,2734151674472,64
basic_1BT,2053473,2734153754160,64
basic_1BT,1408488,2734155198136,64
basic_1BT,996055,2734156220478,64
basic_1BT,1591156,2734157845408,64
basic_1BT,1845676,2734159718453,64
basic_1BT,1725202,2734161473968,64
basic_1BT,1885548,2734163388051,64
basic_1BT,2128345,2734165547376,64
basic_1BT,1975837,2734167554310,64
basic_1BT,1905652,2734169490378,64
basic_1BT,1621240,2734171145884,64
basic_1BT,2046526,2734173224612,64
basic_1BT,2488133,2734175743437,64
basic_1BT,2053144,2734177827255,64
basic_1BT,1997450,2734179859252,64
basic_1BT,1986263,2734181878142,64
basic_1BT,1956174,2734183876131,64
basic_1BT,1464910,2734185374911,64
basic_1BT,2460910,2734187876443,64
basic_1BT,2082815,2734190026928,64
basic_1BT,2253407,2734192315855,64
basic_1BT,2001600,2734194346112,64
basic_1BT,2107853,2734196483581,64
basic_1BT,2164198,2734198684100,64
basic_1BT,2113385,2734200824218,64
basic_1BT,2090929,2734202950221,64
basic_1BT,2058632,2734205047326,64
basic_1BT,1712564,2734206830419,64
basic_1BT,1859007,2734208727627,64
basic_1BT,1683636,2734210456731,64
basic_1BT,2073099,2734212561665,64
basic_1BT,1604650,2734214202985,64
basic_1BT,2245886,2734216485254,64
basic_1BT,2024912,2734218543037,64
basic_1BT,1883783,2734220453882,64
basic_1BT,1848496,2734222336571,64
basic_1BT,1393032,2734223756472,64
basic_1BT,2019318,2734225819054,64
basic_1BT,1767225,2734227619068,64
basic_1BT,1153991,2734228798729,64
basic_1BT,1556186,2734230385633,64
basic_1BT,1857332,2734232275110,64
basic_1BT,1842596,2734234170125,64
basic_1BT,2124598,2734236326126,64
basic_1BT,2097224,2734238458011,64
basic_1BT,1998727,2734240488685,64
basic_1BT,2011635,2734242541823,64
basic_1BT,1742317,2734244317608,64
basic_1BT,2586611,2734246945980,64
basic_1BT,2001043,2734248986370,64
basic_1BT,2046611,2734251079704,64
basic_1BT,2130719,2734253244201,64
basic_1BT,2013759,2734255292539,64
basic_1BT,2119980,2734257444108,64
basic_1BT,2325267,2734259804443,64
basic_1BT,1954383,2734261790549,64
basic_1BT,2349391,2734264173813,64
basic_1BT,2096498,2734266299320,64
basic_1BT,1375315,2734267701899,64
basic_1BT,1016931,2734268746809,64
basic_1BT,1777918,2734270554864,64
basic_1BT,2030374,2734272617221,64
basic_1BT,2064675,2734274716347,64
basic_1BT,1979746,2734276725105,64
basic_1BT,1740098,2734278526368,64
basic_1BT,2311687,2734280868796,64
basic_1BT,1972109,2734282874393,64
basic_1BT,2225017,2734285130843,64
basic_1BT,1931478,2734287096506,64
basic_1BT,1996776,2734289124738,64
basic_1BT,1368102,2734290527273,64
basic_1BT,1049635,2734291608078,64
basic_1BT,1647669,2734293280351,64
basic_1BT,2026695,2734295338695,64
basic_1BT,2254628,2734297660891,64
basic_1BT,1959104,2734299659833,64
basic_1BT,1956619,2734301645851,64
basic_1BT,1937363,2734303614502,64
basic_1BT,2214241,2734305860834,64
basic_1BT,2088905,2734307984169,64
basic_1BT,2033408,2734310074768,64
basic_1BT,2412267,2734312521015,64
basic_1BT,2035284,2734314610600,64
basic_1BT,1574137,2734316215957,64
basic_1BT,1204533,2734317450357,64
basic_1BT,1622728,2734319101470,64
basic_1BT,2045668,2734321178919,64
basic_1BT,2047768,2734323256328,64
basic_1BT,1478543,2734324766473,64
basic_1BT,1833341,2734326633428,64
basic_1BT,1134126,2734327799227,64
basic_1BT,1763494,2734329588442,64
basic_1BT,1824430,2734331462055,64
basic_1BT,1998690,2734333486070,64
basic_1BT,1460441,2734334978940,64
basic_1BT,1915618,2734336925470,64
basic_1BT,1986400,2734338939224,64
basic_1BT,1945115,2734340915883,64
basic_1BT,2036590,2734342979291,64
basic_1BT,2049158,2734345060135,64
basic_1BT,1985011,2734347073973,64
basic_1BT,1965868,2734349072006,64
basic_1BT,1496859,2734350597911,64
basic_1BT,1168095,2734351791956,64
basic_1BT,1717453,2734353536601,64
basic_1BT,1976677,2734355547203,64
basic_1BT,2015775,2734357595022,64
basic_1BT,2003793,2734359633138,64
basic_1BT,1378623,2734361038876,64
basic_1BT,1963476,2734363030995,64
basic_1BT,1444838,2734364502502,64
basic_1BT,1719569,2734366249775,64
basic_1BT,2003150,2734368279877,64
basic_1BT,1599867,2734369907778,64
basic_1BT,1920801,2734371855111,64
basic_1BT,2025109,2734373910305,64
basic_1BT,1894114,2734375865287,64
basic_1BT,1966879,2734377891955,64
basic_1BT,1898808,2734379828709,64
basic_1BT,1969010,2734381824881,64
basic_1BT,1610778,2734383469574,64
basic_1BT,1374092,2734384875391,64
basic_1BT,1408697,2734386311464,64
basic_1BT,1941932,2734388285745,64
basic_1BT,1814215,2734390133507,64
basic_1BT,1681942,2734391842079,64
basic_1BT,1879388,2734393747295,64
basic_1BT,2104135,2734395885088,64
basic_1BT,1389079,2734397306332,64
basic_1BT,1967973,2734399307973,64
basic_1BT,1582190,2734400921796,64
basic_1BT,1508783,2734402464031,64
basic_1BT,1729790,2734404221023,64
basic_1BT,1704167,2734405953617,64
basic_1BT,2101534,2734408086841,64
basic_1BT,1924661,2734410045136,64
basic_1BT,1983686,2734412069280,64
basic_1BT,1398131,2734413494203,64
basic_1BT,2092812,2734415618370,64
basic_1BT,1782776,2734417425385,64
basic_1BT,1546803,2734418998191,64
basic_1BT,1324162,2734420349678,64
basic_1BT,1611223,2734421988897,64
basic_1BT,1889780,2734423913700,64
basic_1BT,1954204,2734425905792,64
basic_1BT,1688521,2734427625179,64
basic_1BT,2053748,2734429705254,64
basic_1BT,1384432,2734431119425,64
basic_1BT,1052650,2734432203903,64
basic_1BT,1732775,2734433966105,64
basic_1BT,1984567,2734435976695,64
basic_1BT,2149734,2734438381347,64
basic_1BT,1851563,2734440281662,64
basic_1BT,1312730,2734441623352,64
basic_1BT,1095151,2734442743830,64
basic_1BT,1632194,2734444409237,64
basic_1BT,2127326,2734446566805,64
basic_1BT,1971702,2734448564974,64
basic_1BT,1762305,2734450361385,64
basic_1BT,1418042,2734451823108,64
basic_1BT,1131911,2734452982694,64
basic_1BT,1607662,2734454618941,64
basic_1BT,1895933,2734456548083,64
basic_1BT,1854292,2734458472077,64
basic_1BT,2000466,2734460502904,64
basic_1BT,2069756,2734462603864,64
basic_1BT,1838967,2734464475096,64
basic_1BT,1612070,2734466114624,64
basic_1BT,1681977,2734467827481,64
basic_1BT,1180966,2734469033803,64
basic_1BT,1854104,2734470915178,64
basic_1BT,1988010,2734472952192,64
basic_1BT,1946345,2734474929797,64
basic_1BT,1986530,2734476942061,64
basic_1BT,1424123,2734478393428,64
basic_1BT,1821596,2734480245685,64
basic_1BT,1419134,2734481691609,64
basic_1BT,1681768,2734483398569,64
basic_1BT,1631217,2734485062345,64
basic_1BT,2009845,2734487108320,64
basic_1BT,1909037,2734489048930,64
basic_1BT,1888590,2734490971745,64
basic_1BT,1952033,2734492954869,64
basic_1BT,1923019,2734494906207,64
basic_1BT,1409478,2734496347319,64
basic_1BT,1123587,2734497504162,64
basic_1BT,1631605,2734499162540,64
basic_1BT,1949637,2734501151262,64
basic_1BT,1945986,2734503125965,64
basic_1BT,1982521,2734505140170,64
basic_1BT,1859212,2734507050332,64
basic_1BT,1987663,2734509069115,64
basic_1BT,1981999,2734511079761,64
basic_1BT,1665085,2734512779625,64
basic_1BT,1497351,2734514305730,64
basic_1BT,1218027,2734515550165,64
basic_1BT,1707426,2734517312773,64
basic_1BT,2016680,2734519359269,64
basic_1BT,1850247,2734521240993,64
basic_1BT,1430629,2734522699972,64
basic_1BT,1213272,2734523936785,64
basic_1BT,1475684,2734525435930,64
basic_1BT,1786570,2734527247866,64
basic_1BT,1874970,2734529151636,64
basic_1BT,1902561,2734531088057,64
basic_1BT,1336245,2734532448324,64
basic_1BT,1042880,2734533516421,64
basic_1BT,1701452,2734535241957,64
basic_1BT,1718416,2734536987175,64
basic_1BT,1695538,2734538710767,64
basic_1BT,1723505,2734540461346,64
basic_1BT,1829523,2734542345984,64
basic_1BT,1846607,2734544219404,64
basic_1BT,1335852,2734545588690,64
basic_1BT,1681660,2734547304983,64
basic_1BT,1700095,2734549039357,64
basic_1BT,2133051,2734551205935,64
basic_1BT,1998059,2734553230011,64
basic_1BT,1895746,2734555159373,64
basic_1BT,1808097,2734556993531,64
basic_1BT,1922979,2734558947244,64
basic_1BT,1974399,2734560949364,64
basic_1BT,1962911,2734562942021,64
basic_1BT,2015799,2734564989446,64
basic_1BT,1989019,2734567011923,64
basic_1BT,1950201,2734568990100,64
basic_1BT,1986638,2734571010770,64
basic_1BT,2026092,2734573065448,64
basic_1BT,2011808,2734575111178,64
basic_1BT,1973132,2734577113401,64
basic_1BT,1965433,2734579112078,64
basic_1BT,2009930,2734581153795,64
basic_1BT,2026194,2734583213232,64
basic_1BT,2149418,2734585394723,64
basic_1BT,1597116,2734587022835,64
basic_1BT,1027172,2734588081661,64
basic_1BT,1753111,2734589863724,64
basic_1BT,1862243,2734591754710,64
basic_1BT,1870296,2734593676762,64
basic_1BT,1683373,2734595387353,64
basic_1BT,1859400,2734597273820,64
basic_1BT,1728753,2734599029426,64
basic_1BT,1381411,2734600436240,64
basic_1BT,1124825,2734601586698,64
basic_1BT,1516334,2734603127293,64
basic_1BT,1835416,2734604987829,64
basic_1BT,2023779,2734607037531,64
basic_1BT,1734054,2734608796397,64
basic_1BT,2055004,2734610877539,64
basic_1BT,1972044,2734612882110,64
basic_1BT,2249578,2734615161737,64
basic_1BT,1927556,2734617119376,64
basic_1BT,1934478,2734619088894,64
basic_1BT,2187504,2734621307425,64
basic_1BT,2055838,2734623397082,64
basic_1BT,1953541,2734625382495,64
basic_1BT,1459718,2734626869904,64
basic_1BT,2339274,2734629240513,64
basic_1BT,1368006,2734630635754,64
basic_1BT,1026693,2734631687933,64
basic_1BT,1737862,2734633451338,64
basic_1BT,1920799,2734635401058,64
basic_1BT,1976390,2734637409197,64
basic_1BT,2056020,2734639493251,64
basic_1BT,2002108,2734641521101,64
basic_1BT,1895116,2734643450994,64
basic_1BT,1966125,2734645449056,64
basic_1BT,1924851,2734647409016,64
basic_1BT,2071732,2734649513533,64
basic_1BT,1940000,2734651484399,64
basic_1BT,1385004,2734652900418,64
basic_1BT,940542,2734653870370,64
basic_1BT,1934014,2734655833869,64
basic_1BT,1892191,2734657755203,64
basic_1BT,2371960,2734660160473,64
basic_1BT,2117898,2734662312667,64
basic_1BT,2040220,2734664384030,64
basic_1BT,1888486,2734666300067,64
basic_1BT,2323094,2734668654692,64
basic_1BT,1942194,2734670623258,64
basic_1BT,2243082,2734672904589,64
basic_1BT,1921760,2734674892683,64
basic_1BT,2138899,2734677075181,64
basic_1BT,2097590,2734679206889,64
basic_1BT,2230898,2734681469304,64
basic_1BT,2021712,2734683525356,64
basic_1BT,2000424,2734685557527,64
basic_1BT,1997869,2734687585121,64
basic_1BT,1942944,2734689556541,64
basic_1BT,1932614,2734691523399,64
basic_1BT,1969796,2734693521874,64
basic_1BT,2008923,2734695564237,64
basic_1BT,1958214,2734697552702,64
basic_1BT,1955549,2734699542549,64
basic_1BT,1859897,2734701432868,64
basic_1BT,2003849,2734703472011,64
basic_1BT,1907509,2734705409608,64
basic_1BT,1916486,2734707359827,64
basic_1BT,1417418,2734708806820,64
basic_1BT,2209763,2734711056985,64
basic_1BT,1245742,2734712330404,64
basic_1BT,1569065,2734713927149,64
basic_1BT,1991406,2734715945377,64
basic_1BT,1972474,2734717950018,64
basic_1BT,1370354,2734719354438,64
basic_1BT,1810705,2734721196593,64
basic_1BT,1797363,2734723027190,64
basic_1BT,1383423,2734724436581,64
basic_1BT,2000141,2734726479201,64
basic_1BT,2029885,2734728540892,64
basic_1BT,1903304,2734730472291,64
basic_1BT,1989498,2734732494093,64
basic_1BT,2018949,2734734558166,64
basic_1BT,1922320,2734736513118,64
basic_1BT,1787238,2734738330779,64
basic_1BT,1787388,2734740148301,64
basic_1BT,2027642,2734742205261,64
basic_1BT,1937823,2734744170583,64
basic_1BT,1975889,2734746196189,64
basic_1BT,1940016,2734748168020,64
basic_1BT,2021781,2734750224088,64
basic_1BT,1899226,2734752150620,64
basic_1BT,2376947,2734754556910,64
basic_1BT,1898246,2734756489343,64
basic_1BT,1963251,2734758485294,64
basic_1BT,2004375,2734760521783,64
basic_1BT,2036947,2734762594836,64
basic_1BT,1744846,2734764387360,64
basic_1BT,1999720,2734766425719,64
basic_1BT,1923331,2734768376932,64
basic_1BT,2006120,2734770415964,64
basic_1BT,1454125,2734771897440,64
basic_1BT,1401194,2734773331133,64
basic_1BT,1653999,2734775019745,64
basic_1BT,1888230,2734776944909,64
basic_1BT,1944220,2734778923159,64
basic_1BT,2020227,2734780975234,64
basic_1BT,1899634,2734782912809,64
basic_1BT,1855730,2734784808004,64
basic_1BT,2057838,2734786895922,64
basic_1BT,2114546,2734789044040,64
basic_1BT,1985202,2734791068178,64
basic_1BT,2109733,2734793207937,64
basic_1BT,1921892,2734795203258,64
basic_1BT,1896761,2734797164291,64
basic_1BT,1907085,2734799106320,64
basic_1BT,2209661,2734801344183,64
basic_1BT,2140320,2734803533873,64
basic_1BT,2083329,2734805657241,64
basic_1BT,1904514,2734807596377,64
basic_1BT,2038066,2734809673320,64
basic_1BT,2079641,2734811790350,64
basic_1BT,1969855,2734813800344,64
basic_1BT,2028683,2734815865717,64
basic_1BT,1806614,2734817701295,64
basic_1BT,1814403,2734819558461,64
basic_1BT,1193911,2734820803776,64
basic_1BT,1446181,2734822277944,64
basic_1BT,1204603,2734823531611,64
basic_1BT,1902828,2734825465277,64
basic_1BT,1949953,2734827449222,64
basic_1BT,1464910,2734828946032,64
basic_1BT,1984668,2734830970764,64
basic_1BT,1928695,2734832928185,64
basic_1BT,1435652,2734834398899,64
basic_1BT,1352924,2734835777483,64
basic_1BT,1665127,2734837474435,64
basic_1BT,1847247,2734839349066,64
basic_1BT,1596938,2734840992838,64
basic_1BT,2331305,2734843357960,64
basic_1BT,1931512,2734845319130,64
basic_1BT,1864146,2734847211947,64
basic_1BT,1724918,2734848963263,64
basic_1BT,2015731,2734851010180,64
basic_1BT,1581935,2734852618431,64
basic_1BT,1890772,2734854537015,64
basic_1BT,1689316,2734856258006,64
basic_1BT,1232884,2734857518015,64
basic_1BT,1664806,2734859215564,64
basic_1BT,1925175,2734861168254,64
basic_1BT,1999837,2734863220176,64
basic_1BT,2297079,2734865548965,64
basic_1BT,1979781,2734867563731,64
basic_1BT,2063000,2734869657487,64
basic_1BT,1881743,2734871571872,64
basic_1BT,1873518,2734873472222,64
basic_1BT,1759737,2734875279156,64
basic_1BT,2053625,2734877365703,64
basic_1BT,1764638,2734879191647,64
basic_1BT,1883170,2734881108305,64
basic_1BT,2228249,2734883382939,64
basic_1BT,1945440,2734885396536,64
basic_1BT,1981686,2734887411928,64
basic_1BT,2041891,2734889480983,64
basic_1BT,1939222,2734891452918,64
basic_1BT,1892796,2734893375999,64
basic_1BT,1413678,2734894823047,64
basic_1BT,2053090,2734896919364,64
basic_1BT,1197062,2734898143984,64
basic_1BT,1428742,2734899598299,64
basic_1BT,2068055,2734901696544,64
basic_1BT,2122533,2734903847065,64
basic_1BT,1856092,2734905729587,64
basic_1BT,2049489,2734907827259,64
basic_1BT,1973055,2734909834898,64
basic_1BT,2122804,2734911989275,64
basic_1BT,2067841,2734914111672,64
basic_1BT,2031225,2734916174796,64
basic_1BT,1425161,2734917632686,64
basic_1BT,1734394,2734919394118,64
basic_1BT,1763507,2734921189753,64
basic_1BT,1257082,2734922478154,64
basic_1BT,1599537,2734924105475,64
basic_1BT,1934153,2734926085249,64
basic_1BT,2002416,2734928119764,64
basic_1BT,1858524,2734930007718,64
basic_1BT,1914846,2734931954376,64
basic_1BT,2197644,2734934182485,64
basic_1BT,1947698,2734936161937,64
basic_1BT,1836491,2734938024235,64
basic_1BT,1912092,2734939961098,64
basic_1BT,1917829,2734941904304,64
basic_1BT,1540507,2734943472303,64
basic_1BT,2153471,2734945656996,64
basic_1BT,1312156,2734947002463,64
basic_1BT,1634853,2734948665027,64
basic_1BT,1543989,2734950238629,64
basic_1BT,2135095,2734952404407,64
basic_1BT,1969565,2734954405176,64
basic_1BT,1939734,2734956372506,64
basic_1BT,1352441,2734957752400,64
basic_1BT,1231584,2734959013814,64
basic_1BT,1433928,2734960473191,64
basic_1BT,1887455,2734962387778,64
basic_1BT,1778340,2734964192256,64
basic_1BT,2036578,2734966262623,64
basic_1BT,2047470,2734968348374,64
basic_1BT,1926356,2734970307565,64
basic_1BT,1991910,2734972329113,64
basic_1BT,2012236,2734974377865,64
basic_1BT,2275011,2734976691275,64
basic_1BT,2075817,2734978809117,64
basic_1BT,2138117,2734980989226,64
basic_1BT,2035448,2734983059413,64
basic_1BT,1994925,2734985086642,64
basic_1BT,1833380,2734986957807,64
basic_1BT,1487622,2734988472644,64
basic_1BT,1600103,2734990100845,64
basic_1BT,1156397,2734991283708,64
basic_1BT,1640763,2734992952449,64
basic_1BT,1595076,2734994579391,64
basic_1BT,1524932,2734996131357,64
basic_1BT,1628607,2734997787962,64
basic_1BT,2016740,2734999834095,64
basic_1BT,1583816,2735001442461,64
basic_1BT,1216370,2735002692421,64
basic_1BT,1765542,2735004482076,64
basic_1BT,1795719,2735006336945,64
basic_1BT,1777102,2735008147566,64
basic_1BT,1638819,2735009821645,64
basic_1BT,1648982,2735011499870,64
basic_1BT,1843723,2735013374521,64
basic_1BT,1758608,2735015170782,64
basic_1BT,1576130,2735016773774,64
basic_1BT,1693198,2735018496972,64
basic_1BT,2017019,2735020541590,64
basic_1BT,1980599,2735022548641,64
basic_1BT,1389362,2735023962697,64
basic_1BT,1210322,2735025202179,64
basic_1BT,1482349,2735026710726,64
basic_1BT,1811865,2735028547245,64
basic_1BT,1882169,2735030462172,64
basic_1BT,1962364,2735032447811,64
basic_1BT,1757713,2735034241731,64
basic_1BT,1959637,2735036234368,64
basic_1BT,1321806,2735037587562,64
basic_1BT,1067955,2735038683488,64
basic_1BT,1957213,2735040669172,64
basic_1BT,1933776,2735042636647,64
basic_1BT,1911315,2735044579706,64
basic_1BT,2068268,2735046681114,64
basic_1BT,1392501,2735048097834,64
basic_1BT,1167977,2735049299433,64
basic_1BT,1729041,2735051053439,64
basic_1BT,2072714,2735053165247,64
basic_1BT,1940251,2735055140084,64
basic_1BT,1993305,2735057160277,64
basic_1BT,1965000,2735059169140,64
basic_1BT,1958039,2735061159191,64
basic_1BT,1983499,2735063171506,64
basic_1BT,1843069,2735065044068,64
basic_1BT,1593212,2735066666320,64
basic_1BT,1563515,2735068268293,64
basic_1BT,1699798,2735070593167,64
basic_1BT,1958453,2735072578325,64
basic_1BT,1645695,2735074256997,64
basic_1BT,1933674,2735076217183,64
basic_1BT,1520818,2735077764558,64
basic_1BT,1586362,2735079382075,64
basic_1BT,1861691,2735081269285,64
basic_1BT,1915620,2735083220939,64
basic_1BT,2025735,2735085278030,64
basic_1BT,1848756,2735087153795,64
basic_1BT,1900227,2735089080131,64
basic_1BT,2047686,2735091155617,64
basic_1BT,2018913,2735093212390,64
basic_1BT,1976293,2735095217292,64
basic_1BT,1993697,2735097242318,64
basic_1BT,2135855,2735099404932,64
basic_1BT,2003920,2735101445376,64
basic_1BT,2127871,2735103606768,64
basic_1BT,1850254,2735105491712,64
basic_1BT,2101900,2735107629887,64
basic_1BT,1942231,2735109604435,64
basic_1BT,1777543,2735111427173,64
basic_1BT,1731199,2735113197688,64
basic_1BT,1621414,2735114845717,64
basic_1BT,2129525,2735117002532,64
basic_1BT,2023719,2735119055615,64
basic_1BT,2003464,2735121087127,64
basic_1BT,2029395,2735123143456,64
basic_1BT,1801270,2735124983645,64
basic_1BT,1417002,2735126438653,64
basic_1BT,1067212,2735127539133,64
basic_1BT,1693074,2735129259910,64
basic_1BT,1891201,2735131182176,64
basic_1BT,2035038,2735133247099,64
basic_1BT,1947450,2735135226576,64
basic_1BT,1963836,2735137215052,64
basic_1BT,2029779,2735139275674,64
basic_1BT,1509942,2735140810435,64
basic_1BT,1673398,2735142509731,64
basic_1BT,1344732,2735143879728,64
basic_1BT,1372006,2735145276968,64
basic_1BT,1845310,2735147157497,64
basic_1BT,1951009,2735149133752,64
basic_1BT,1816678,2735150977710,64
basic_1BT,1949371,2735152955195,64
basic_1BT,1966073,2735154951404,64
basic_1BT,2098589,2735157075586,64
basic_1BT,2080411,2735159189064,64
basic_1BT,2019852,2735161246326,64
basic_1BT,1997398,2735163286917,64
basic_1BT,1959690,2735165284502,64
basic_1BT,2051759,2735167374219,64
basic_1BT,2056059,2735169467875,64
basic_1BT,1979278,2735171487378,64
basic_1BT,1989076,2735173512075,64
basic_1BT,1837884,2735175380002,64
basic_1BT,2041530,2735177453634,64
basic_1BT,1288384,2735178768825,64
basic_1BT,1200653,2735179994070,64
basic_1BT,1672963,2735181709827,64
basic_1BT,2054757,2735183791858,64
basic_1BT,1931825,2735185754304,64
basic_1BT,1962088,2735187754213,64
basic_1BT,1962477,2735189748446,64
basic_1BT,1628647,2735191403565,64
basic_1BT,2128687,2735193561423,64
basic_1BT,1654020,2735195248560,64
basic_1BT,2179890,2735197457651,64
basic_1BT,1905846,2735199393698,64
basic_1BT,1638859,2735201064448,64
basic_1BT,2186994,2735203296928,64
basic_1BT,2031442,2735205357582,64
basic_1BT,1957960,2735207347746,64
basic_1BT,1884471,2735209263720,64
basic_1BT,1915178,2735211213354,64
basic_1BT,1378287,2735212623966,64
basic_1BT,2040488,2735214698523,64
basic_1BT,2544193,2735217281301,64
basic_1BT,2034989,2735219356080,64
basic_1BT,2007156,2735221395019,64
basic_1BT,1352501,2735222781921,64
basic_1BT,2478653,2735225287482,64
basic_1BT,1971113,2735227293511,64
basic_1BT,1510071,2735228835245,64
basic_1BT,1250917,2735230119083,64
basic_1BT,1574100,2735231725616,64
basic_1BT,2065321,2735233825104,64
basic_1BT,1906179,2735235762493,64
basic_1BT,1856148,2735237649938,64
basic_1BT,1966941,2735239670474,64
basic_1BT,1829315,2735241529297,64
basic_1BT,1802968,2735243367675,64
basic_1BT,2124182,2735245520607,64
basic_1BT,2021364,2735247573163,64
basic_1BT,1997640,2735249604288,64
basic_1BT,2020560,2735251663986,64
basic_1BT,1979933,2735253673010,64
basic_1BT,1934051,2735255640084,64
basic_1BT,2028285,2735257700967,64
basic_1BT,1990203,2735259725694,64
basic_1BT,1535465,2735261293295,64
basic_1BT,2047217,2735263367867,64
basic_1BT,2296672,2735265693163,64
basic_1BT,2358242,2735268088367,64
basic_1BT,2070957,2735270203202,64
basic_1BT,1978044,2735272210530,64
basic_1BT,2192007,2735274437528,64
basic_1BT,1961201,2735276426695,64
basic_1BT,2338883,2735278797754,64
basic_1BT,1755435,2735280587323,64
basic_1BT,2035751,2735282652442,64
basic_1BT,1122505,2735283845336,64
basic_1BT,1245122,2735285117579,64
basic_1BT,1848024,2735287010567,64
basic_1BT,1757357,2735288794858,64
basic_1BT,1779170,2735290608537,64
basic_1BT,2070375,2735292714367,64
basic_1BT,1451557,2735294200450,64
basic_1BT,1954626,2735296184190,64
basic_1BT,1068131,2735297283758,64
basic_1BT,1737831,2735299048237,64
basic_1BT,1973914,2735301053569,64
basic_1BT,1989264,2735303073124,64
basic_1BT,2060436,2735305189756,64
basic_1BT,1390691,2735306634824,64
basic_1BT,913199,2735307574934,64
basic_1BT,1742433,2735309386821,64
basic_1BT,2012174,2735311431130,64
basic_1BT,2049980,2735313513392,64
basic_1BT,1457013,2735315005316,64
basic_1BT,1325794,2735316369335,64
basic_1BT,1891435,2735318290280,64
basic_1BT,2052501,2735320398826,64
basic_1BT,2024593,2735322457911,64
basic_1BT,2091077,2735324609529,64
basic_1BT,2052750,2735326693910,64
basic_1BT,2158615,2735328882779,64
basic_1BT,1920799,2735330842138,64
basic_1BT,2064793,2735332997894,64
basic_1BT,1407830,2735334441485,64
basic_1BT,1000878,2735335472397,64
basic_1BT,1982278,2735337486439,64
basic_1BT,2008545,2735339530490,64
basic_1BT,2072676,2735341632744,64
basic_1BT,2067647,2735343762768,64
basic_1BT,1858517,2735345653525,64
basic_1BT,1727006,2735347412568,64
basic_1BT,2025488,2735349470851,64
basic_1BT,2068172,2735351582119,64
basic_1BT,1993548,2735353636860,64
basic_1BT,1987385,2735355657899,64
basic_1BT,2074602,2735357764037,64
basic_1BT,2144200,2735359940836,64
basic_1BT,2050186,2735362021300,64
basic_1BT,1940527,2735363994717,64
basic_1BT,1692219,2735365893546,64
basic_1BT,1510493,2735367436272,64
basic_1BT,1883552,2735369350926,64
basic_1BT,1668624,2735371049540,64
basic_1BT,1207631,2735372284432,64
basic_1BT,1825918,2735374148454,64
basic_1BT,2081143,2735376261706,64
basic_1BT,1937065,2735378227786,64
basic_1BT,2026671,2735380302540,64
basic_1BT,2151496,2735382483913,64
basic_1BT,1982955,2735384494685,64
basic_1BT,2041851,2735386571160,64
basic_1BT,2078656,2735388719191,64
basic_1BT,2090768,2735390864997,64
basic_1BT,2191938,2735393093105,64
basic_1BT,2155587,2735395301852,64
basic_1BT,2298331,2735397633686,64
basic_1BT,1812454,2735399478820,64
basic_1BT,2020513,2735401529486,64
basic_1BT,1982305,2735403552396,64
basic_1BT,1966646,2735405549882,64
basic_1BT,1770779,2735407354819,64
basic_1BT,1778473,2735409158599,64
basic_1BT,1993536,2735411178764,64
basic_1BT,2290807,2735413518028,64
basic_1BT,1822289,2735415367621,64
basic_1BT,1978797,2735417378597,64
basic_1BT,1857128,2735419263857,64
basic_1BT,1902615,2735421198455,64
basic_1BT,2003157,2735423233858,64
basic_1BT,2076341,2735425348274,64
basic_1BT,1996639,2735427387495,64
basic_1BT,2645004,2735430070274,64
basic_1BT,2193417,2735432328642,64
basic_1BT,1864381,2735434263511,64
basic_1BT,2049954,2735436348574,64
basic_1BT,1927071,2735438335822,64
basic_1BT,1870648,2735440238296,64
basic_1BT,1679016,2735441952959,64
basic_1BT,1902894,2735443917071,64
basic_1BT,2024996,2735445973650,64
basic_1BT,1673174,2735447686058,64
basic_1BT,1649213,2735449362610,64
basic_1BT,1852324,2735451251703,64
basic_1BT,1127777,2735452406178,64
basic_1BT,1839424,2735454319310,64
basic_1BT,1799580,2735456166593,64
basic_1BT,1996930,2735458197235,64
basic_1BT,2037635,2735460266670,64
basic_1BT,1958249,2735462259423,64
basic_1BT,1347619,2735463639295,64
basic_1BT,1067119,2735464730927,64
basic_1BT,1969526,2735466727689,64
basic_1BT,1619697,2735468377352,64
basic_1BT,1823537,2735470227001,64
basic_1BT,1773875,2735472026708,64
basic_1BT,1565418,2735473624107,64
basic_1BT,1679209,2735475334159,64
basic_1BT,1410142,2735476772289,64
basic_1BT,1499069,2735478301346,64
basic_1BT,2188416,2735480518478,64
basic_1BT,1956933,2735482510226,64
basic_1BT,2048218,2735484620534,64
basic_1BT,1843774,2735486496087,64
basic_1BT,2183335,2735488713409,64
basic_1BT,1862008,2735490607196,64
basic_1BT,2102507,2735492738553,64
basic_1BT,2092640,2735494861708,64
basic_1BT,2092366,2735496986862,64
basic_1BT,1913075,2735498930519,64
basic_1BT,1867257,2735500848431,64
basic_1BT,1502701,2735502380056,64
basic_1BT,2002501,2735504409731,64
basic_1BT,1530380,2735505970635,64
basic_1BT,1787202,2735507789541,64
basic_1BT,2447284,2735510268671,64
basic_1BT,1911931,2735512209887,64
basic_1BT,1970376,2735514215288,64
basic_1BT,1973337,2735516215289,64
basic_1BT,1968951,2735518217271,64
basic_1BT,1975567,2735520232428,64
basic_1BT,1996950,2735522269726,64
basic_1BT,1842099,2735524143796,64
basic_1BT,1961085,2735526136412,64
basic_1BT,1423428,2735527586696,64
basic_1BT,1099042,2735528714317,64
basic_1BT,1838517,2735530584972,64
basic_1BT,1988919,2735532611467,64
basic_1BT,1960173,2735534608688,64
basic_1BT,1927864,2735536566114,64
basic_1BT,1810667,2735538425268,64
basic_1BT,1833294,2735540309632,64
basic_1BT,1932709,2735542269542,64
basic_1BT,1861614,2735544160035,64
basic_1BT,1914416,2735546102409,64
basic_1BT,2023777,2735548185442,64
basic_1BT,2023834,2735550247521,64
basic_1BT,2051349,2735552340982,64
basic_1BT,2090823,2735554466431,64
basic_1BT,1997107,2735556492193,64
basic_1BT,2056020,2735558597549,64
basic_1BT,1911912,2735560550665,64
basic_1BT,2123774,2735562714760,64
basic_1BT,1968931,2735564718340,64
basic_1BT,1939045,2735566696660,64
basic_1BT,1934331,2735568659232,64
basic_1BT,1930218,2735570626195,64
basic_1BT,1950704,2735572604736,64
basic_1BT,2338852,2735574992891,64
basic_1BT,2171452,2735577225787,64
basic_1BT,2084272,2735579345934,64
basic_1BT,2015325,2735581418840,64
basic_1BT,2124439,2735583604306,64
basic_1BT,2019291,2735585659204,64
basic_1BT,1996520,2735587691957,64
basic_1BT,2019138,2735589751544,64
basic_1BT,1947658,2735591734882,64
basic_1BT,2071610,2735593841111,64
basic_1BT,2156576,2735596045235,64
basic_1BT,1988514,2735598072608,64
basic_1BT,2046889,2735600147160,64
basic_1BT,1992094,2735602170690,64
basic_1BT,2018982,2735604222635,64
basic_1BT,1782339,2735606035377,64
basic_1BT,1830768,2735607898505,64
basic_1BT,1810699,2735609741377,64
basic_1BT,1823817,2735611596609,64
basic_1BT,1743725,2735613375495,64
basic_1BT,1535692,2735614958265,64
basic_1BT,1407860,2735616396661,64
basic_1BT,1608457,2735618036132,64
basic_1BT,2142367,2735620210020,64
basic_1BT,2075307,2735622315409,64
basic_1BT,2017252,2735624363637,64
basic_1BT,2035898,2735626426456,64
basic_1BT,2010923,2735628470773,64
basic_1BT,1928178,2735630433216,64
basic_1BT,1757334,2735632219572,64
basic_1BT,1664960,2735633916277,64
basic_1BT,1657038,2735635599327,64
basic_1BT,1674371,2735637302420,64
basic_1BT,1954271,2735639287535,64
basic_1BT,1766502,2735641090771,64
basic_1BT,2033286,2735643153958,64
basic_1BT,1595140,2735644797673,64
basic_1BT,1852158,2735646679894,64
basic_1BT,1931340,2735648642464,64
basic_1BT,1705427,2735650374736,64
basic_1BT,1865589,2735652265999,64
basic_1BT,1956952,2735654255185,64
basic_1BT,1882783,2735656172764,64
basic_1BT,2383001,2735658621181,64
basic_1BT,2056268,2735660703848,64
basic_1BT,2173155,2735662904873,64
basic_1BT,1971720,2735664902278,64
basic_1BT,1921349,2735666860356,64
basic_1BT,909086,2735667795347,64
basic_1BT,1419189,2735669240298,64
basic_1BT,1918554,2735671188655,64
basic_1BT,1884193,2735673105639,64
basic_1BT,1905866,2735675045196,64
basic_1BT,2002767,2735677081129,64
basic_1BT,2065886,2735679181252,64
basic_1BT,2028243,2735681241841,64
basic_1BT,1969189,2735683242780,64
basic_1BT,1930553,2735685205554,64
basic_1BT,1917119,2735687165300,64
basic_1BT,2381693,2735689575168,64
basic_1BT,2262037,2735691882300,64
basic_1BT,2055371,2735693971908,64
basic_1BT,2118292,2735696120916,64
basic_1BT,1987475,2735698136936,64
basic_1BT,1412201,2735699603743,64
basic_1BT,1072919,2735700703414,64
basic_1BT,1823421,2735702579289,64
basic_1BT,1969838,2735704579304,64
basic_1BT,2038940,2735706649461,64
basic_1BT,1922495,2735708626297,64
basic_1BT,1855417,2735710520385,64
basic_1BT,2001824,2735712553469,64
basic_1BT,2031343,2735714619368,64
basic_1BT,2012861,2735716670602,64
basic_1BT,1994797,2735718701668,64
basic_1BT,1902420,2735720631535,64
basic_1BT,1819315,2735722483318,64
basic_1BT,2074869,2735724584944,64
basic_1BT,2080881,2735726701674,64
basic_1BT,2095887,2735728824343,64
basic_1BT,1901248,2735730759754,64
basic_1BT,1435368,2735732227830,64
basic_1BT,1911141,2735734178778,64
basic_1BT,1779590,2735735989233,64
basic_1BT,1266737,2735737313819,64
basic_1BT,1666916,2735739010054,64
basic_1BT,1886918,2735740924809,64
basic_1BT,1929459,2735742884761,64
basic_1BT,1371448,2735744299667,64
basic_1BT,1848881,2735746183232,64
basic_1BT,2128188,2735748343062,64
basic_1BT,2005332,2735750377507,64
basic_1BT,1377957,2735751785897,64
basic_1BT,1951059,2735753768649,64
basic_1BT,1640981,2735755443266,64
basic_1BT,1028902,2735756503403,64
basic_1BT,1588875,2735758119870,64
basic_1BT,1885783,2735760031763,64
basic_1BT,1386523,2735761447119,64
basic_1BT,1095610,2735762572392,64
basic_1BT,1751621,2735764356211,64
basic_1BT,1852506,2735766236122,64
basic_1BT,1342009,2735767603276,64
basic_1BT,1011599,2735768639219,64
basic_1BT,1654174,2735770319588,64
basic_1BT,1991217,2735772336120,64
basic_1BT,1285395,2735773654639,64
basic_1BT,1337437,2735775023420,64
basic_1BT,1990619,2735777046825,64
basic_1BT,1943517,2735779036885,64
basic_1BT,2022408,2735781087144,64
basic_1BT,1875473,2735782991524,64
basic_1BT,2053901,2735785071238,64
basic_1BT,1496676,2735786596469,64
basic_1BT,2348670,2735788976635,64
basic_1BT,1983638,2735790994078,64
basic_1BT,1384102,2735792405905,64
basic_1BT,2089975,2735794529310,64
basic_1BT,1097489,2735795658947,64
basic_1BT,2054252,2735797742381,64
basic_1BT,1768708,2735799550278,64
basic_1BT,1653169,2735801231682,64
basic_1BT,1892104,2735803153239,64
basic_1BT,1843507,2735805026498,64
basic_1BT,1800877,2735806855897,64
basic_1BT,1772685,2735808677991,64
basic_1BT,1683420,2735810392402,64
basic_1BT,2033141,2735812470750,64
basic_1BT,1878077,2735814398736,64
basic_1BT,2013156,2735816443869,64
basic_1BT,1972924,2735818451504,64
basic_1BT,2022335,2735820506583,64
basic_1BT,2165612,2735822701084,64
basic_1BT,1922131,2735824657337,64
basic_1BT,2113521,2735826802549,64
basic_1BT,2185716,2735829023414,64
basic_1BT,2080996,2735831148168,64
basic_1BT,1919795,2735833099942,64
basic_1BT,1797953,2735834928727,64
basic_1BT,1944999,2735836930435,64
basic_1BT,1990262,2735838953167,64
basic_1BT,2096409,2735841087377,64
basic_1BT,2023642,2735843166797,64
basic_1BT,1979788,2735845176827,64
basic_1BT,2019443,2735847238799,64
basic_1BT,2014163,2735849286970,64
basic_1BT,2069280,2735851411865,64
basic_1BT,2230233,2735853674470,64
basic_1BT,1922404,2735855657671,64
basic_1BT,2018539,2735857741612,64
basic_1BT,2061147,2735859832511,64
basic_1BT,2023464,2735861883585,64
basic_1BT,2076694,2735863990163,64
basic_1BT,1687512,2735865728928,64
basic_1BT,2083087,2735867848079,64
basic_1BT,2111438,2735869997035,64
basic_1BT,2027774,2735872063226,64
basic_1BT,1942028,2735874043102,64
basic_1BT,1601483,2735875678530,64
basic_1BT,1850699,2735877559541,64
basic_1BT,1900877,2735879495285,64
basic_1BT,1071121,2735880598205,64
basic_1BT,1766326,2735882390648,64
basic_1BT,2041720,2735884462843,64
basic_1BT,1967664,2735886457796,64
basic_1BT,2298764,2735888788167,64
basic_1BT,1397600,2735890213071,64
basic_1BT,1986066,2735892236862,64
basic_1BT,2471651,2735894764187,64
basic_1BT,1488194,2735896282451,64
basic_1BT,1791746,2735898106334,64
basic_1BT,1103485,2735899240168,64
basic_1BT,1960124,2735901241632,64
basic_1BT,1766722,2735903036280,64
basic_1BT,1925170,2735904987322,64
basic_1BT,1375609,2735906388206,64
basic_1BT,1052828,2735907465044,64
basic_1BT,1939135,2735909451467,64
basic_1BT,1897118,2735911377540,64
basic_1BT,2265852,2735913671089,64
basic_1BT,2035679,2735915744754,64
basic_1BT,1338318,2735917110784,64
basic_1BT,1121670,2735918265902,64
basic_1BT,1685731,2735919980592,64
basic_1BT,1996625,2735922032029,64
basic_1BT,2108092,2735924172638,64
basic_1BT,1956006,2735926157528,64
basic_1BT,1487826,2735927672946,64
basic_1BT,1834311,2735929544982,64
basic_1BT,1038800,2735930619412,64
basic_1BT,1830311,2735932477646,64
basic_1BT,2064324,2735934579660,64
basic_1BT,1337998,2735935946440,64
basic_1BT,2630722,2735938602777,64
basic_1BT,1401184,2735940031789,64
basic_1BT,1874055,2735941933932,64
basic_1BT,1511874,2735943471601,64
basic_1BT,1588368,2735945085959,64
basic_1BT,1904110,2735947031735,64
basic_1BT,1967936,2735949030712,64
basic_1BT,1969524,2735951034546,64
basic_1BT,1986878,2735953062158,64
basic_1BT,1902713,2735955010843,64
basic_1BT,1946692,2735956994676,64
basic_1BT,2024687,2735959054430,64
basic_1BT,2083838,2735961198210,64
basic_1BT,2049035,2735963291661,64
basic_1BT,1961153,2735965287159,64
basic_1BT,1987621,2735967311163,64
basic_1BT,2083294,2735969436598,64
basic_1BT,1934595,2735971407555,64
basic_1BT,1964789,2735973407165,64
basic_1BT,1990915,2735975436198,64
basic_1BT,2144151,2735977609607,64
basic_1BT,1432899,2735979089830,64
basic_1BT,1860930,2735980982507,64
basic_1BT,2002640,2735983018381,64
basic_1BT,2182259,2735985243518,64
basic_1BT,2065112,2735987344468,64
basic_1BT,2156449,2735989525975,64
basic_1BT,2024225,2735991585491,64
basic_1BT,2112183,2735993730154,64
basic_1BT,1528135,2735995315251,64
basic_1BT,1570299,2735996916564,64
basic_1BT,1834818,2735998786422,64
basic_1BT,1415066,2736000232861,64
basic_1BT,1685580,2736001967901,64
basic_1BT,1802871,2736003798386,64
basic_1BT,1937462,2736005762636,64
basic_1BT,1845011,2736007637136,64
basic_1BT,2107573,2736009777178,64
basic_1BT,1890852,2736011702866,64
basic_1BT,1906826,2736013637048,64
basic_1BT,1813212,2736015487611,64
basic_1BT,1980390,2736017495426,64
basic_1BT,2099541,2736019629216,64
basic_1BT,1985673,2736021647785,64
basic_1BT,1837982,2736023514900,64
basic_1BT,1331698,2736024874539,64
basic_1BT,1010170,2736025913012,64
basic_1BT,1956506,2736027901442,64
basic_1BT,1957588,2736029916487,64
basic_1BT,1887349,2736031832529,64
basic_1BT,2145368,2736034005251,64
basic_1BT,1383383,2736035423063,64
basic_1BT,2059253,2736037513999,64
basic_1BT,1101416,2736038642376,64
basic_1BT,1724122,2736040413822,64
basic_1BT,1829516,2736042283363,64
basic_1BT,1394634,2736043705476,64
basic_1BT,1853737,2736045590940,64
basic_1BT,1085335,2736046703947,64
basic_1BT,1769269,2736048499145,64
basic_1BT,1854611,2736050381805,64
basic_1BT,1883072,2736052292555,64
basic_1BT,2092805,2736054418898,64
basic_1BT,1949864,2736056402060,64
basic_1BT,1443066,2736057897510,64
basic_1BT,1959125,2736059888434,64
basic_1BT,1975917,2736061895862,64
basic_1BT,1667704,2736063592060,64
basic_1BT,1184400,2736064803115,64
basic_1BT,1714426,2736066545794,64
basic_1BT,1874356,2736068451242,64
basic_1BT,1972321,2736070451596,64
basic_1BT,1940581,2736072423699,64
basic_1BT,1951038,2736074406020,64
basic_1BT,1314612,2736075746760,64
#end,11,793,64
