basic_appreq,4710769,14754416489027,1744
basic_appreq,3219284,14754419830663,1744
basic_appreq,4191262,14754424064190,1744
basic_appreq,4369755,14754428477410,1744
basic_appreq,4909253,14754433440892,1744
basic_appreq,4535549,14754438016059,1744
basic_appreq,4337234,14754442393613,1744
basic_appreq,3112196,14754445550090,1744
basic_appreq,4252870,14754449840498,1744
basic_appreq,5007710,14754454890982,1744
basic_appreq,4662440,14754459592718,1744
basic_appreq,3889292,14754463521808,1744
basic_appreq,4851027,14754468416461,1744
basic_appreq,4668259,14754473129157,1744
basic_appreq,4374309,14754477549493,1744
basic_appreq,4027227,14754481615787,1744
basic_appreq,4110821,14754485768366,1744
basic_appreq,4462644,14754490290632,1744
basic_appreq,3696892,14754494036608,1744
basic_appreq,4076904,14754498151531,1744
basic_appreq,5017784,14754503206674,1744
basic_appreq,4574145,14754507821280,1744
basic_appreq,5309149,14754513170766,1744
basic_appreq,4599776,14754517814501,1744
basic_appreq,4699824,14754522549638,1744
basic_appreq,3286992,14754525872543,1744
basic_appreq,4148461,14754530057090,1744
basic_appreq,3779107,14754533887604,1744
basic_appreq,4235631,14754538159788,1744
basic_appreq,4873455,14754543071803,1744
basic_appreq,4391722,14754547499598,1744
basic_appreq,4821441,14754552357897,1744
basic_appreq,4635828,14754557041202,1744
basic_appreq,4317478,14754561402883,1744
basic_appreq,4321791,14754565771989,1744
basic_appreq,4188119,14754570000642,1744
basic_appreq,5116075,14754575159288,1744
basic_appreq,9177019,14754584373875,1744
basic_appreq,3531167,14754587944949,1744
basic_appreq,4138774,14754592124003,1744
basic_appreq,4700691,14754596865784,1744
basic_appreq,4890834,14754601802198,1744
basic_appreq,2814202,14754604657902,1744
basic_appreq,4942131,14754609638933,1744
basic_appreq,4993152,14754614677304,1744
basic_appreq,4231150,14754618945549,1744
basic_appreq,3236517,14754622223824,1744
basic_appreq,4899020,14754627168631,1744
basic_appreq,4015879,14754631223832,1744
basic_appreq,4238785,14754635503555,1744
basic_appreq,3851376,14754639397371,1744
basic_appreq,3442145,14754642883792,1744
basic_appreq,3240418,14754646163712,1744
basic_appreq,4265769,14754650468757,1744
basic_appreq,4564223,14754655072507,1744
basic_appreq,3280400,14754658390434,1744
basic_appreq,4935636,14754663364364,1744
basic_appreq,5262544,14754668664808,1744
basic_appreq,3213836,14754671919924,1744
basic_appreq,2742159,14754674716715,1744
basic_appreq,4102665,14754678856714,1744
basic_appreq,4891631,14754683786808,1744
basic_appreq,4475693,14754688301576,1744
basic_appreq,4848648,14754693194890,1744
basic_appreq,3582650,14754696817855,1744
basic_appreq,4027054,14754700888057,1744
basic_appreq,4650814,14754705572583,1744
basic_appreq,3254690,14754708861634,1744
basic_appreq,5011136,14754713908494,1744
basic_appreq,3223578,14754717168388,1744
basic_appreq,4292684,14754721503318,1744
basic_appreq,4257025,14754725804470,1744
basic_appreq,4141712,14754729990374,1744
basic_appreq,4782326,14754734810388,1744
basic_appreq,4534891,14754739389078,1744
basic_appreq,3256712,14754742684774,1744
basic_appreq,4383591,14754747109979,1744
basic_appreq,4554680,14754751702915,1744
basic_appreq,3595681,14754755336794,1744
basic_appreq,4124668,14754759502415,1744
basic_appreq,5496248,14754765044383,1744
basic_appreq,4355242,14754769439903,1744
basic_appreq,4227841,14754773711256,1744
basic_appreq,5270000,14754779018477,1744
basic_appreq,5108046,14754784167766,1744
basic_appreq,4110518,14754788323023,1744
basic_appreq,3831435,14754792195938,1744
basic_appreq,4276667,14754796510199,1744
basic_appreq,3516573,14754800062913,1744
basic_appreq,4496163,14754804596155,1744
basic_appreq,4456731,14754809093237,1744
basic_appreq,4380276,14754813514619,1744
basic_appreq,4758988,14754818315989,1744
basic_appreq,4427903,14754822781808,1744
basic_appreq,4885454,14754827705424,1744
basic_appreq,4005830,14754831751208,1744
basic_appreq,3476826,14754835268787,1744
basic_appreq,4779886,14754840084304,1744
basic_appreq,4399522,14754844526640,1744
basic_appreq,4308028,14754848879607,1744
basic_appreq,3700899,14754852636228,1744
basic_appreq,4622907,14754857297801,1744
basic_appreq,3595788,14754860938649,1744
basic_appreq,4381081,14754865360370,1744
basic_appreq,5138479,14754870541006,1744
basic_appreq,3942873,14754874529294,1744
basic_appreq,3415373,14754877986417,1744
basic_appreq,4675884,14754882704006,1744
basic_appreq,4003930,14754886746812,1744
basic_appreq,4764991,14754891550451,1744
basic_appreq,4565392,14754896153941,1744
basic_appreq,4831053,14754901022998,1744
basic_appreq,2733291,14754903810272,1744
basic_appreq,5222008,14754909083320,1744
basic_appreq,4270432,14754913400087,1744
basic_appreq,4205550,14754917647608,1744
basic_appreq,3427118,14754921115742,1744
basic_appreq,4503213,14754925659831,1744
basic_appreq,4883207,14754930591924,1744
basic_appreq,4426637,14754935055610,1744
basic_appreq,3905643,14754939003036,1744
basic_appreq,4297772,14754943336841,1744
basic_appreq,4495195,14754947867984,1744
basic_appreq,3128907,14754951035420,1744
basic_appreq,5118675,14754956201988,1744
basic_appreq,4185705,14754960428532,1744
basic_appreq,3392126,14754963860973,1744
basic_appreq,4506819,14754968405650,1744
basic_appreq,4725358,14754973168744,1744
basic_appreq,4154062,14754977366607,1744
basic_appreq,3292316,14754980702461,1744
basic_appreq,4478022,14754985222301,1744
basic_appreq,5282190,14754990545406,1744
basic_appreq,3663700,14754994246193,1744
basic_appreq,3673529,14754997959117,1744
basic_appreq,2727341,14755000731937,1744
basic_appreq,4605904,14755005374059,1744
basic_appreq,4624419,14755010036953,1744
basic_appreq,4923030,14755014998934,1744
basic_appreq,4377519,14755019416370,1744
basic_appreq,3707105,14755023168273,1744
basic_appreq,4446823,14755027657579,1744
basic_appreq,4119275,14755031821632,1744
basic_appreq,4236069,14755036096497,1744
basic_appreq,4485868,14755040621300,1744
basic_appreq,4631014,14755045295742,1744
basic_appreq,4354756,14755049702443,1744
basic_appreq,3887862,14755053635010,1744
basic_appreq,4487082,14755058161026,1744
basic_appreq,4992188,14755063193700,1744
basic_appreq,4324741,14755067556965,1744
basic_appreq,4268720,14755071866116,1744
basic_appreq,4671945,14755076578181,1744
basic_appreq,4748299,14755081366634,1744
basic_appreq,4789958,14755086196891,1744
basic_appreq,3095004,14755089327787,1744
basic_appreq,4263382,14755093629750,1744
basic_appreq,3628000,14755097303342,1744
basic_appreq,4348470,14755101690096,1744
basic_appreq,4670881,14755106400389,1744
basic_appreq,4563957,14755111003036,1744
basic_appreq,4370675,14755115413299,1744
basic_appreq,2850830,14755118306222,1744
basic_appreq,4380392,14755122724052,1744
basic_appreq,5055920,14755127817266,1744
basic_appreq,5280821,14755133140155,1744
basic_appreq,4927353,14755138109285,1744
basic_appreq,3865864,14755142017594,1744
basic_appreq,3961466,14755146026063,1744
basic_appreq,4261341,14755150330346,1744
basic_appreq,3444516,14755153822143,1744
basic_appreq,4300856,14755158159036,1744
basic_appreq,5185134,14755163386039,1744
basic_appreq,4765715,14755168191483,1744
basic_appreq,4826354,14755173060341,1744
basic_appreq,3315165,14755176411193,1744
basic_appreq,4258932,14755180709714,1744
basic_appreq,4420620,14755185165433,1744
basic_appreq,3469766,14755188677439,1744
basic_appreq,4539800,14755193256056,1744
basic_appreq,4150889,14755197445595,1744
basic_appreq,5102367,14755202592489,1744
basic_appreq,4891281,14755207522908,1744
basic_appreq,3198553,14755210759788,1744
basic_appreq,4305461,14755215106737,1744
basic_appreq,3319625,14755218464893,1744
basic_appreq,4726396,14755223228973,1744
basic_appreq,4140433,14755227412397,1744
basic_appreq,4606530,14755232059632,1744
basic_appreq,4813505,14755236915833,1744
basic_appreq,4147659,14755241098827,1744
basic_appreq,3554687,14755244691378,1744
basic_appreq,3961683,14755248687660,1744
basic_appreq,4123303,14755252849198,1744
basic_appreq,3234435,14755256129735,1744
basic_appreq,4504343,14755260671635,1744
basic_appreq,3896250,14755264613728,1744
basic_appreq,4411004,14755269066660,1744
basic_appreq,4438229,14755273547240,1744
basic_appreq,4568564,14755278151047,1744
basic_appreq,5028494,14755283228943,1744
basic_appreq,3296693,14755286563759,1744
basic_appreq,4150280,14755290752750,1744
basic_appreq,4555658,14755295347271,1744
basic_appreq,5020821,14755300414679,1744
basic_appreq,4405902,14755304867149,1744
basic_appreq,4647730,14755309567485,1744
basic_appreq,4526439,14755314137177,1744
basic_appreq,3430825,14755317623919,1744
basic_appreq,5216650,14755322878905,1744
basic_appreq,4603987,14755327520624,1744
basic_appreq,3149522,14755330708736,1744
basic_appreq,4204445,14755334957795,1744
basic_appreq,3670977,14755338673999,1744
basic_appreq,4441721,14755343156572,1744
basic_appreq,4140582,14755347337456,1744
basic_appreq,4296304,14755351672118,1744
basic_appreq,2986098,14755354702538,1744
basic_appreq,4221681,14755358962269,1744
basic_appreq,4217372,14755363223515,1744
basic_appreq,4403383,14755367669358,1744
basic_appreq,4999661,14755372707712,1744
basic_appreq,5073763,14755377821896,1744
basic_appreq,4862627,14755382723763,1744
basic_appreq,4714857,14755387477681,1744
basic_appreq,4762379,14755392277300,1744
basic_appreq,5029668,14755397346201,1744
basic_appreq,3920167,14755401308495,1744
basic_appreq,5031311,14755406380591,1744
basic_appreq,5218039,14755411635735,1744
basic_appreq,4744199,14755416420843,1744
basic_appreq,3071862,14755419533902,1744
basic_appreq,4255579,14755423831761,1744
basic_appreq,4439168,14755428316933,1744
basic_appreq,4341149,14755432695056,1744
basic_appreq,4711340,14755437452297,1744
basic_appreq,3321886,14755440814485,1744
basic_appreq,4472857,14755445329246,1744
basic_appreq,4782649,14755450152090,1744
basic_appreq,4818860,14755455009335,1744
basic_appreq,4533878,14755459581298,1744
basic_appreq,4943806,14755464563242,1744
basic_appreq,4508399,14755469110416,1744
basic_appreq,4712172,14755473864924,1744
basic_appreq,4706462,14755478611904,1744
basic_appreq,4454925,14755483108237,1744
basic_appreq,3109076,14755486253468,1744
basic_appreq,4198709,14755490487319,1744
basic_appreq,4603797,14755495140678,1744
basic_appreq,4371923,14755499554208,1744
basic_appreq,4858944,14755504461830,1744
basic_appreq,3036029,14755507546175,1744
basic_appreq,4979756,14755512562759,1744
basic_appreq,3374885,14755515980650,1744
basic_appreq,4049293,14755520095935,1744
basic_appreq,4646942,14755524784791,1744
basic_appreq,3657296,14755528484010,1744
basic_appreq,4718726,14755533256918,1744
basic_appreq,4335837,14755537627507,1744
basic_appreq,4784436,14755542450290,1744
basic_appreq,4254180,14755546746203,1744
basic_appreq,4359482,14755551146852,1744
basic_appreq,4794344,14755555985537,1744
basic_appreq,4157598,14755560207509,1744
basic_appreq,4615593,14755564861762,1744
basic_appreq,3228719,14755568129071,1744
basic_appreq,4378942,14755572553396,1744
basic_appreq,2665817,14755575263844,1744
basic_appreq,4209914,14755579511610,1744
basic_appreq,4029876,14755583582371,1744
basic_appreq,3896520,14755587523739,1744
basic_appreq,3934605,14755591498872,1744
basic_appreq,4633208,14755596173032,1744
basic_appreq,3367774,14755599582841,1744
basic_appreq,4435907,14755604058028,1744
basic_appreq,4304781,14755608403115,1744
basic_appreq,5018123,14755613461561,1744
basic_appreq,5177283,14755618679576,1744
basic_appreq,4772474,14755623486514,1744
basic_appreq,4925176,14755628444463,1744
basic_appreq,4667563,14755633147541,1744
basic_appreq,3405481,14755636597438,1744
basic_appreq,4179484,14755640819194,1744
basic_appreq,3602409,14755644463316,1744
basic_appreq,4726042,14755649224813,1744
basic_appreq,4491842,14755653753148,1744
basic_appreq,4305231,14755658094372,1744
basic_appreq,4602157,14755662737124,1744
basic_appreq,3161160,14755665935122,1744
basic_appreq,4528095,14755670509052,1744
basic_appreq,4535338,14755675080154,1744
basic_appreq,3420352,14755678546443,1744
basic_appreq,4388182,14755682976443,1744
basic_appreq,4755765,14755687772388,1744
basic_appreq,4271518,14755692079548,1744
basic_appreq,4900498,14755697014233,1744
basic_appreq,5065371,14755702113756,1744
basic_appreq,3311897,14755705465181,1744
basic_appreq,4763379,14755710269616,1744
basic_appreq,3825359,14755714131720,1744
basic_appreq,4609524,14755718791749,1744
basic_appreq,4630729,14755723467152,1744
basic_appreq,5434513,14755728944882,1744
basic_appreq,3093987,14755732081963,1744
basic_appreq,3385338,14755735513515,1744
basic_appreq,4546272,14755740096075,1744
basic_appreq,4789738,14755744925418,1744
basic_appreq,5151788,14755750118807,1744
basic_appreq,4332547,14755754491923,1744
basic_appreq,5062824,14755759600253,1744
basic_appreq,5039882,14755764682259,1744
basic_appreq,4284407,14755769008932,1744
basic_appreq,4482259,14755773536752,1744
basic_appreq,4738472,14755778319839,1744
basic_appreq,4576778,14755782935731,1744
basic_appreq,4114157,14755787091080,1744
basic_appreq,3878232,14755791010993,1744
basic_appreq,4493901,14755795546445,1744
basic_appreq,4302260,14755799896407,1744
basic_appreq,3755041,14755803697698,1744
basic_appreq,4465878,14755808198272,1744
basic_appreq,4827016,14755813058180,1744
basic_appreq,4892753,14755817990089,1744
basic_appreq,4732655,14755822760707,1744
basic_appreq,5031502,14755827839245,1744
basic_appreq,3285231,14755831165335,1744
basic_appreq,4023976,14755835232370,1744
basic_appreq,4208935,14755839490310,1744
basic_appreq,3925930,14755843472257,1744
basic_appreq,4361240,14755847872471,1744
basic_appreq,4610500,14755852528054,1744
basic_appreq,5063502,14755857632758,1744
basic_appreq,3705789,14755861382482,1744
basic_appreq,5054862,14755866482103,1744
basic_appreq,4365049,14755870885838,1744
basic_appreq,5242699,14755876177966,1744
basic_appreq,4218761,14755880434900,1744
basic_appreq,4204960,14755884678393,1744
basic_appreq,4388385,14755889105439,1744
basic_appreq,5531602,14755894681429,1744
basic_appreq,4656735,14755899375856,1744
basic_appreq,4250082,14755903664890,1744
basic_appreq,3520194,14755907228492,1744
basic_appreq,4244311,14755911514497,1744
basic_appreq,4504462,14755916058105,1744
basic_appreq,3401997,14755919492313,1744
basic_appreq,4322779,14755923845888,1744
basic_appreq,4665490,14755928544150,1744
basic_appreq,4002319,14755932578143,1744
basic_appreq,4926792,14755937538484,1744
basic_appreq,4364018,14755941940600,1744
basic_appreq,4438389,14755946418697,1744
basic_appreq,4256685,14755950713820,1744
basic_appreq,5203554,14755955965293,1744
basic_appreq,4007452,14755960036529,1744
basic_appreq,4346977,14755964425015,1744
basic_appreq,4356319,14755968822165,1744
basic_appreq,3485698,14755972355067,1744
basic_appreq,4252153,14755976646199,1744
basic_appreq,3889417,14755980581265,1744
basic_appreq,4941221,14755985558261,1744
basic_appreq,4641903,14755990236588,1744
basic_appreq,3346831,14755993630348,1744
basic_appreq,4467895,14755998139440,1744
basic_appreq,3344969,14756001526441,1744
basic_appreq,4595560,14756006157654,1744
basic_appreq,4431290,14756010623295,1744
basic_appreq,4311303,14756014969888,1744
basic_appreq,4247646,14756019255488,1744
basic_appreq,5128652,14756024434763,1744
basic_appreq,4227182,14756028703493,1744
basic_appreq,4361100,14756033105044,1744
basic_appreq,3430010,14756036579438,1744
basic_appreq,4054859,14756040672414,1744
basic_appreq,4528929,14756045238739,1744
basic_appreq,3635517,14756048912615,1744
basic_appreq,4204711,14756053161019,1744
basic_appreq,4565649,14756057764341,1744
basic_appreq,4888288,14756062693431,1744
basic_appreq,4837461,14756067569620,1744
basic_appreq,4516194,14756072135855,1744
basic_appreq,4008536,14756076182603,1744
basic_appreq,4539142,14756080763964,1744
basic_appreq,4154772,14756084964456,1744
basic_appreq,4703983,14756089717821,1744
basic_appreq,3450544,14756093212101,1744
basic_appreq,4172713,14756097426853,1744
basic_appreq,4299407,14756101765311,1744
basic_appreq,4506786,14756106315980,1744
basic_appreq,3390437,14756109745256,1744
basic_appreq,4552477,14756114332727,1744
basic_appreq,3764494,14756118150600,1744
basic_appreq,4548910,14756122741615,1744
basic_appreq,5094684,14756127880900,1744
basic_appreq,3371163,14756131297068,1744
basic_appreq,4128276,14756135466444,1744
basic_appreq,3548397,14756139058534,1744
basic_appreq,4220404,14756143319186,1744
basic_appreq,4132402,14756147493176,1744
basic_appreq,5229303,14756152761956,1744
basic_appreq,4079143,14756156895892,1744
basic_appreq,3978734,14756160914749,1744
basic_appreq,3299284,14756164255232,1744
basic_appreq,3378098,14756167672582,1744
basic_appreq,4352873,14756172063413,1744
basic_appreq,4588437,14756176692859,1744
basic_appreq,5103788,14756181836545,1744
basic_appreq,5340973,14756187212500,1744
basic_appreq,4999338,14756192249039,1744
basic_appreq,4361177,14756196652799,1744
basic_appreq,4172203,14756200865095,1744
basic_appreq,4294830,14756205218823,1744
basic_appreq,4305176,14756209568691,1744
basic_appreq,4686534,14756214298236,1744
basic_appreq,4151164,14756218489852,1744
basic_appreq,4304784,14756222836464,1744
basic_appreq,4527668,14756227403607,1744
basic_appreq,3948843,14756231390498,1744
basic_appreq,4680462,14756236116179,1744
basic_appreq,3965083,14756240118876,1744
basic_appreq,4717395,14756244883044,1744
basic_appreq,4181181,14756249105515,1744
basic_appreq,4097665,14756253245831,1744
basic_appreq,4347913,14756257634521,1744
basic_appreq,4585803,14756262265243,1744
basic_appreq,4149147,14756266456953,1744
basic_appreq,5044276,14756271546989,1744
basic_appreq,4330295,14756275921130,1744
basic_appreq,4857233,14756280814070,1744
basic_appreq,4418906,14756285268779,1744
basic_appreq,4513624,14756289818973,1744
basic_appreq,5504210,14756295365070,1744
basic_appreq,3008622,14756298410640,1744
basic_appreq,4706702,14756303162515,1744
basic_appreq,4245269,14756307448072,1744
basic_appreq,4276147,14756311766137,1744
basic_appreq,4409052,14756316211922,1744
basic_appreq,3332799,14756319590686,1744
basic_appreq,3924714,14756323555291,1744
basic_appreq,4727699,14756328323513,1744
basic_appreq,4820651,14756333181826,1744
basic_appreq,4397047,14756337618097,1744
basic_appreq,3350293,14756341006766,1744
basic_appreq,4537198,14756345587462,1744
basic_appreq,4576290,14756350205870,1744
basic_appreq,4498786,14756354746677,1744
basic_appreq,4249036,14756359031972,1744
basic_appreq,4449044,14756363519436,1744
basic_appreq,4320855,14756367875738,1744
basic_appreq,4584797,14756372508455,1744
basic_appreq,4143744,14756376694630,1744
basic_appreq,4105697,14756380843570,1744
basic_appreq,4312478,14756385192040,1744
basic_appreq,4261810,14756389489265,1744
basic_appreq,4996827,14756394537006,1744
basic_appreq,3936966,14756398516362,1744
basic_appreq,3534156,14756402091961,1744
basic_appreq,4600513,14756406728229,1744
basic_appreq,4331101,14756411096415,1744
basic_appreq,3693405,14756414832096,1744
basic_appreq,4874585,14756419746613,1744
basic_appreq,5301931,14756425087641,1744
basic_appreq,5000419,14756430125610,1744
basic_appreq,3270315,14756433438471,1744
basic_appreq,4120954,14756437602723,1744
basic_appreq,4480755,14756442118315,1744
basic_appreq,4282029,14756446442160,1744
basic_appreq,4890696,14756451372207,1744
basic_appreq,3845944,14756455260263,1744
basic_appreq,4010156,14756459314288,1744
basic_appreq,4523526,14756463875980,1744
basic_appreq,5146626,14756469061577,1744
basic_appreq,4663739,14756473763183,1744
basic_appreq,4802304,14756478604242,1744
basic_appreq,3956696,14756482602110,1744
basic_appreq,4990880,14756487638219,1744
basic_appreq,4651632,14756492331135,1744
basic_appreq,4635939,14756497008479,1744
basic_appreq,4487690,14756501543948,1744
basic_appreq,4629365,14756506213795,1744
basic_appreq,3520857,14756509778700,1744
basic_appreq,4244348,14756514058151,1744
basic_appreq,4657392,14756518753987,1744
basic_appreq,4216245,14756523022249,1744
basic_appreq,3608735,14756526673058,1744
basic_appreq,5522474,14756532234518,1744
basic_appreq,4380000,14756536652610,1744
basic_appreq,4703336,14756541393610,1744
basic_appreq,4600076,14756546029432,1744
basic_appreq,4784628,14756550851472,1744
basic_appreq,4168976,14756555061566,1744
basic_appreq,3838352,14756558948423,1744
basic_appreq,3818004,14756562813723,1744
basic_appreq,4344896,14756567201923,1744
basic_appreq,3506860,14756570747189,1744
basic_appreq,4519725,14756575305102,1744
basic_appreq,4898820,14756580244921,1744
basic_appreq,4622348,14756584907704,1744
basic_appreq,4951065,14756589903959,1744
basic_appreq,5020573,14756594962091,1744
basic_appreq,4534944,14756599555917,1744
basic_appreq,3500661,14756603094598,1744
basic_appreq,3882836,14756607023830,1744
basic_appreq,4456905,14756611521995,1744
basic_appreq,3930614,14756615497662,1744
basic_appreq,4874129,14756620409155,1744
basic_appreq,4606788,14756625051641,1744
basic_appreq,4349847,14756629438358,1744
basic_appreq,4597091,14756634075201,1744
basic_appreq,4856422,14756638971143,1744
basic_appreq,5033501,14756644042807,1744
basic_appreq,3258727,14756647341889,1744
basic_appreq,4443325,14756651836138,1744
basic_appreq,4528051,14756656426222,1744
basic_appreq,4794190,14756661258322,1744
basic_appreq,4301571,14756665597244,1744
basic_appreq,4675949,14756670310474,1744
basic_appreq,3559756,14756673924385,1744
basic_appreq,4265951,14756678232318,1744
basic_appreq,4214023,14756682499551,1744
basic_appreq,3458538,14756686000279,1744
basic_appreq,4454887,14756690495223,1744
basic_appreq,4587544,14756695120631,1744
basic_appreq,3748163,14756698913573,1744
basic_appreq,3787006,14756702744896,1744
basic_appreq,4466241,14756707249793,1744
basic_appreq,3915818,14756711204971,1744
basic_appreq,4791636,14756716034465,1744
basic_appreq,4678221,14756720750820,1744
basic_appreq,5030545,14756725817786,1744
basic_appreq,4678434,14756730532664,1744
basic_appreq,4271147,14756734843060,1744
basic_appreq,4403729,14756739288092,1744
basic_appreq,4799109,14756744127906,1744
basic_appreq,3401205,14756747573810,1744
basic_appreq,4279784,14756751893280,1744
basic_appreq,3993820,14756755934970,1744
basic_appreq,5308552,14756761280022,1744
basic_appreq,4068454,14756765385286,1744
basic_appreq,3557803,14756768985703,1744
basic_appreq,4178775,14756773205117,1744
basic_appreq,4279672,14756777533588,1744
basic_appreq,4624739,14756782191509,1744
basic_appreq,3923618,14756786148115,1744
basic_appreq,3875968,14756790062088,1744
basic_appreq,4242246,14756794337104,1744
basic_appreq,5286146,14756799663307,1744
basic_appreq,4967629,14756804669386,1744
basic_appreq,3136361,14756807844373,1744
basic_appreq,4565556,14756812446945,1744
basic_appreq,4271707,14756816763962,1744
basic_appreq,4608088,14756821410438,1744
basic_appreq,4218473,14756825668212,1744
basic_appreq,5150494,14756830864579,1744
basic_appreq,4706769,14756835612000,1744
basic_appreq,4420160,14756840073710,1744
basic_appreq,4874661,14756844989774,1744
basic_appreq,4772507,14756849799738,1744
basic_appreq,4643924,14756854480399,1744
basic_appreq,4361968,14756858879979,1744
basic_appreq,5483207,14756864408988,1744
basic_appreq,4306368,14756868750529,1744
basic_appreq,3418364,14756872208548,1744
basic_appreq,3788395,14756876037654,1744
basic_appreq,3043666,14756879128516,1744
basic_appreq,4867300,14756884036304,1744
basic_appreq,4596035,14756888668980,1744
basic_appreq,4566697,14756893271304,1744
basic_appreq,3633045,14756896939102,1744
basic_appreq,3976983,14756900954945,1744
basic_appreq,4920881,14756905921648,1744
basic_appreq,4401673,14756910363350,1744
basic_appreq,3996187,14756914398602,1744
basic_appreq,3340516,14756917782265,1744
basic_appreq,5335125,14756923157561,1744
basic_appreq,4534542,14756927732405,1744
basic_appreq,4493584,14756932266733,1744
basic_appreq,5281091,14756937589325,1744
basic_appreq,5275351,14756942905998,1744
basic_appreq,3534656,14756946474653,1744
basic_appreq,4146001,14756950662090,1744
basic_appreq,5274652,14756955971876,1744
basic_appreq,3249072,14756959282913,1744
basic_appreq,3943163,14756963266487,1744
basic_appreq,3830543,14756967142747,1744
basic_appreq,4443048,14756971627853,1744
basic_appreq,5296479,14756976966377,1744
basic_appreq,4198259,14756981206040,1744
basic_appreq,3241472,14756984496561,1744
basic_appreq,4169357,14756988707491,1744
basic_appreq,4641979,14756993394950,1744
basic_appreq,3185316,14756996627497,1744
basic_appreq,5129485,14757001798445,1744
basic_appreq,4521090,14757006361394,1744
basic_appreq,4571324,14757010969504,1744
basic_appreq,4750541,14757015756845,1744
basic_appreq,5319578,14757021112402,1744
basic_appreq,5584031,14757026735976,1744
basic_appreq,5443219,14757032219476,1744
basic_appreq,4224449,14757036485458,1744
basic_appreq,4510573,14757041048793,1744
basic_appreq,5144631,14757046232785,1744
basic_appreq,5007356,14757051282242,1744
basic_appreq,4099597,14757055423431,1744
basic_appreq,3962098,14757059433753,1744
basic_appreq,3746787,14757063219590,1744
basic_appreq,4184439,14757067450833,1744
basic_appreq,3775806,14757071280674,1744
basic_appreq,4504266,14757075838329,1744
basic_appreq,4984564,14757080861393,1744
basic_appreq,4838509,14757085736788,1744
basic_appreq,4960239,14757090737677,1744
basic_appreq,5164895,14757095943915,1744
basic_appreq,4751298,14757100735743,1744
basic_appreq,4792963,14757105566448,1744
basic_appreq,4406874,14757110009589,1744
basic_appreq,4402257,14757114449060,1744
basic_appreq,4364748,14757118851388,1744
basic_appreq,4118825,14757123011351,1744
basic_appreq,3632224,14757126685774,1744
basic_appreq,3867847,14757130593616,1744
basic_appreq,4659854,14757135289888,1744
basic_appreq,4418023,14757139743906,1744
basic_appreq,4446827,14757144226010,1744
basic_appreq,4596463,14757148858852,1744
basic_appreq,3292780,14757152192617,1744
basic_appreq,4402670,14757156635844,1744
basic_appreq,36855882,14757193529345,1744
basic_appreq,3841553,14757197416218,1744
basic_appreq,4754187,14757202209797,1744
basic_appreq,4685143,14757206937861,1744
basic_appreq,4961596,14757211941725,1744
basic_appreq,4824033,14757216804239,1744
basic_appreq,4652966,14757221495768,1744
basic_appreq,4717371,14757226252383,1744
basic_appreq,4439593,14757230733056,1744
basic_appreq,3735474,14757234505976,1744
basic_appreq,4223671,14757238774475,1744
basic_appreq,4085510,14757242902829,1744
basic_appreq,4689271,14757247639433,1744
basic_appreq,3856939,14757251533542,1744
basic_appreq,4164192,14757255741396,1744
basic_appreq,4213640,14757259991073,1744
basic_appreq,4856711,14757264908730,1744
basic_appreq,5544689,14757270494638,1744
basic_appreq,4463547,14757274997510,1744
basic_appreq,4690233,14757279727258,1744
basic_appreq,5024060,14757284790420,1744
basic_appreq,4524440,14757289366585,1744
basic_appreq,3073475,14757292479738,1744
basic_appreq,4397639,14757296920186,1744
basic_appreq,4457847,14757301421943,1744
basic_appreq,4662135,14757306132612,1744
basic_appreq,4265398,14757310444004,1744
basic_appreq,3490091,14757313971922,1744
basic_appreq,4764548,14757318773121,1744
basic_appreq,5066598,14757323875670,1744
basic_appreq,4507457,14757328419130,1744
basic_appreq,5117422,14757333582316,1744
basic_appreq,3145951,14757336772150,1744
basic_appreq,4460968,14757341281819,1744
basic_appreq,3580365,14757344898755,1744
basic_appreq,4413410,14757349348093,1744
basic_appreq,4701415,14757354092366,1744
basic_appreq,4098340,14757358232423,1744
basic_appreq,4601521,14757362876538,1744
basic_appreq,4088283,14757367003632,1744
basic_appreq,4679723,14757371726946,1744
basic_appreq,3910130,14757375676145,1744
basic_appreq,4258755,14757379979566,1744
basic_appreq,4002850,14757384046963,1744
basic_appreq,3127581,14757387213040,1744
basic_appreq,4412898,14757391658249,1744
basic_appreq,4847585,14757396539394,1744
basic_appreq,4816353,14757401394597,1744
basic_appreq,4597074,14757406029881,1744
basic_appreq,4776063,14757410844301,1744
basic_appreq,4585345,14757415469080,1744
basic_appreq,4530218,14757420044348,1744
basic_appreq,5004997,14757425089659,1744
basic_appreq,4126279,14757429259409,1744
basic_appreq,4471442,14757433776367,1744
basic_appreq,3529660,14757437353118,1744
basic_appreq,4635099,14757442027727,1744
basic_appreq,5061307,14757447131085,1744
basic_appreq,4292776,14757451463148,1744
basic_appreq,4377549,14757455874257,1744
basic_appreq,4530800,14757460438781,1744
basic_appreq,5061596,14757465534504,1744
basic_appreq,4505060,14757470078124,1744
basic_appreq,4915971,14757475038046,1744
basic_appreq,3372882,14757478452506,1744
basic_appreq,3915723,14757482409673,1744
basic_appreq,4396243,14757486842621,1744
basic_appreq,3505222,14757490384163,1744
basic_appreq,4736924,14757495157815,1744
basic_appreq,4230287,14757499425719,1744
basic_appreq,4728221,14757504191668,1744
basic_appreq,4916342,14757509146457,1744
basic_appreq,3665391,14757512856483,1744
basic_appreq,3992437,14757516903195,1744
basic_appreq,3975024,14757520919245,1744
basic_appreq,4089666,14757525057736,1744
basic_appreq,4432491,14757529528251,1744
basic_appreq,4456626,14757534022334,1744
basic_appreq,4588471,14757538654872,1744
basic_appreq,3602795,14757542294379,1744
basic_appreq,3985712,14757546321648,1744
basic_appreq,4289249,14757550648887,1744
basic_appreq,3411705,14757554098813,1744
basic_appreq,4448209,14757558583272,1744
basic_appreq,4542670,14757563162364,1744
basic_appreq,4990286,14757568189174,1744
basic_appreq,3036092,14757571267471,1744
basic_appreq,4208448,14757575518839,1744
basic_appreq,4482504,14757580047905,1744
basic_appreq,3640895,14757583733942,1744
basic_appreq,4623738,14757588396535,1744
basic_appreq,4714734,14757593150274,1744
basic_appreq,4626595,14757597814801,1744
basic_appreq,3813607,14757601673953,1744
basic_appreq,4176583,14757605887576,1744
basic_appreq,4512377,14757610437877,1744
basic_appreq,4776929,14757615255408,1744
basic_appreq,4396749,14757619693914,1744
basic_appreq,3473778,14757623209315,1744
basic_appreq,5037838,14757628284864,1744
basic_appreq,4709474,14757633047271,1744
basic_appreq,4862196,14757637951605,1744
basic_appreq,4378920,14757642366143,1744
basic_appreq,3165434,14757645572007,1744
basic_appreq,4310808,14757649927393,1744
basic_appreq,2952218,14757652921389,1744
basic_appreq,4729308,14757657688702,1744
basic_appreq,4501108,14757662226194,1744
basic_appreq,4515923,14757666785347,1744
basic_appreq,3909962,14757670731767,1744
basic_appreq,4169793,14757674940513,1744
basic_appreq,4213954,14757679198053,1744
basic_appreq,4786658,14757684037403,1744
basic_appreq,3052734,14757687140559,1744
basic_appreq,4696802,14757691873868,1744
basic_appreq,5187125,14757697105648,1744
basic_appreq,4806141,14757701949549,1744
basic_appreq,5122288,14757707109977,1744
basic_appreq,4969180,14757712116728,1744
basic_appreq,4248592,14757716403882,1744
basic_appreq,4622815,14757721073816,1744
basic_appreq,3226454,14757724340150,1744
basic_appreq,4092373,14757728476789,1744
basic_appreq,4403166,14757732917881,1744
basic_appreq,3498967,14757736466114,1744
basic_appreq,4558147,14757741061803,1744
basic_appreq,3963998,14757745061258,1744
basic_appreq,5038962,14757750137931,1744
basic_appreq,4242827,14757754425360,1744
basic_appreq,3481714,14757757952703,1744
basic_appreq,4093101,14757762087900,1744
basic_appreq,3393669,14757765523242,1744
basic_appreq,4631049,14757770189105,1744
basic_appreq,4992104,14757775217387,1744
basic_appreq,4648615,14757779900580,1744
basic_appreq,4644788,14757784587178,1744
basic_appreq,4152149,14757788777099,1744
basic_appreq,4071182,14757792890741,1744
basic_appreq,4931861,14757797867285,1744
basic_appreq,4261709,14757802174181,1744
basic_appreq,4604014,14757806824918,1744
basic_appreq,2725419,14757809591958,1744
basic_appreq,4334853,14757813966022,1744
basic_appreq,3031104,14757817039120,1744
basic_appreq,4464165,14757821540660,1744
basic_appreq,4668280,14757826244149,1744
basic_appreq,4389171,14757830669698,1744
basic_appreq,4884573,14757835604041,1744
basic_appreq,4142164,14757839789633,1744
basic_appreq,3367177,14757843207886,1744
basic_appreq,4629875,14757847874935,1744
basic_appreq,2983572,14757850900131,1744
basic_appreq,5336388,14757856272816,1744
basic_appreq,4423185,14757860735482,1744
basic_appreq,4789655,14757865561952,1744
basic_appreq,4339303,14757869941513,1744
basic_appreq,3237316,14757873219706,1744
basic_appreq,4573520,14757877832913,1744
basic_appreq,3382672,14757881253980,1744
basic_appreq,4122881,14757885413570,1744
basic_appreq,4322132,14757889773037,1744
basic_appreq,5378052,14757895184618,1744
basic_appreq,4998291,14757900234001,1744
basic_appreq,4232039,14757904505976,1744
basic_appreq,4473206,14757909018662,1744
basic_appreq,4860453,14757913919079,1744
basic_appreq,4094986,14757918053688,1744
basic_appreq,4718704,14757922817018,1744
basic_appreq,4267012,14757927125501,1744
basic_appreq,4781719,14757931949758,1744
basic_appreq,3307039,14757935301453,1744
basic_appreq,4007528,14757939351613,1744
basic_appreq,4540728,14757943938623,1744
basic_appreq,4678394,14757948701461,1744
basic_appreq,5300122,14757954046580,1744
basic_appreq,4744634,14757958833200,1744
basic_appreq,4571591,14757963458528,1744
basic_appreq,5905522,14757969408142,1744
basic_appreq,2855426,14757972302332,1744
basic_appreq,4255284,14757976609097,1744
basic_appreq,3450898,14757980104931,1744
basic_appreq,4590572,14757984735793,1744
basic_appreq,4809493,14757989582897,1744
basic_appreq,3407432,14757993026432,1744
basic_appreq,4304010,14757997366927,1744
basic_appreq,3785435,14758001189849,1744
basic_appreq,4371816,14758005599012,1744
basic_appreq,4351433,14758009987998,1744
basic_appreq,4900429,14758014927367,1744
basic_appreq,4639188,14758019604329,1744
basic_appreq,3011353,14758022657025,1744
basic_appreq,4377466,14758027076379,1744
basic_appreq,4657309,14758031778895,1744
basic_appreq,3241920,14758035065444,1744
basic_appreq,5014470,14758040114750,1744
basic_appreq,4167682,14758044327403,1744
basic_appreq,5300116,14758049666583,1744
basic_appreq,4736192,14758054440968,1744
basic_appreq,3582721,14758058071375,1744
basic_appreq,4069948,14758062183209,1744
basic_appreq,4128665,14758066356771,1744
basic_appreq,3284120,14758069683265,1744
basic_appreq,4974069,14758074697103,1744
basic_appreq,4379418,14758079117550,1744
basic_appreq,4909589,14758084066784,1744
basic_appreq,3776215,14758087879344,1744
basic_appreq,3860611,14758091771484,1744
basic_appreq,4414494,14758096221681,1744
basic_appreq,3641934,14758099901069,1744
basic_appreq,4591029,14758104529817,1744
basic_appreq,4350512,14758108919102,1744
basic_appreq,5003643,14758113961935,1744
basic_appreq,4532206,14758118533041,1744
basic_appreq,4179240,14758122750860,1744
basic_appreq,4326833,14758127121221,1744
basic_appreq,4590799,14758131756657,1744
basic_appreq,4191012,14758135989237,1744
basic_appreq,4507029,14758140558623,1744
basic_appreq,4528986,14758145129861,1744
basic_appreq,4898020,14758150074254,1744
basic_appreq,3049221,14758153160586,1744
basic_appreq,2605824,14758155807068,1744
basic_appreq,4411102,14758160253674,1744
basic_appreq,4995327,14758165288645,1744
basic_appreq,4627958,14758169957455,1744
basic_appreq,3032313,14758173031396,1744
basic_appreq,2765658,14758175841662,1744
basic_appreq,4349076,14758180229065,1744
basic_appreq,4512248,14758184778604,1744
basic_appreq,4471962,14758189287053,1744
basic_appreq,3776517,14758193104348,1744
basic_appreq,4185251,14758197330301,1744
basic_appreq,4638340,14758202011415,1744
basic_appreq,4498885,14758206550898,1744
basic_appreq,4460142,14758211046909,1744
basic_appreq,4507854,14758215605079,1744
basic_appreq,4632647,14758220272516,1744
basic_appreq,2899590,14758223211678,1744
basic_appreq,5068467,14758228315924,1744
basic_appreq,4241709,14758232600719,1744
basic_appreq,3269316,14758235914991,1744
basic_appreq,4598951,14758240556365,1744
basic_appreq,4465890,14758245067150,1744
basic_appreq,3242052,14758248350414,1744
basic_appreq,4856039,14758253239643,1744
basic_appreq,4573220,14758257846290,1744
basic_appreq,4878163,14758262769483,1744
basic_appreq,4067770,14758266882633,1744
basic_appreq,3737289,14758270662153,1744
basic_appreq,4305446,14758275006583,1744
basic_appreq,4771215,14758279825814,1744
basic_appreq,2871617,14758282739720,1744
basic_appreq,4595701,14758287371659,1744
basic_appreq,4991689,14758292402905,1744
basic_appreq,4025052,14758296465574,1744
basic_appreq,3545212,14758300052706,1744
basic_appreq,3890248,14758303981876,1744
basic_appreq,4264333,14758308312006,1744
basic_appreq,3869327,14758312222633,1744
basic_appreq,4631409,14758316893330,1744
basic_appreq,4205451,14758321138708,1744
basic_appreq,4788880,14758325965704,1744
basic_appreq,4463332,14758330468079,1744
basic_appreq,4472010,14758334986500,1744
basic_appreq,5016312,14758340041747,1744
basic_appreq,3467991,14758343550722,1744
basic_appreq,4096429,14758347683949,1744
basic_appreq,4326726,14758352051635,1744
basic_appreq,4589506,14758356689861,1744
basic_appreq,3679602,14758360414819,1744
basic_appreq,4576182,14758365030509,1744
basic_appreq,4776801,14758369847919,1744
basic_appreq,4639679,14758374525508,1744
basic_appreq,4648667,14758379227520,1744
basic_appreq,3105751,14758382373429,1744
basic_appreq,4305687,14758386723778,1744
basic_appreq,3567360,14758390329998,1744
basic_appreq,4402508,14758394771604,1744
basic_appreq,4523752,14758399334143,1744
basic_appreq,4769892,14758404141927,1744
basic_appreq,5275317,14758409455156,1744
basic_appreq,4280986,14758413775796,1744
basic_appreq,4482825,14758418309261,1744
basic_appreq,3359754,14758421709213,1744
basic_appreq,4563796,14758426312507,1744
basic_appreq,4505924,14758430859158,1744
basic_appreq,3959278,14758434865470,1744
basic_appreq,5080225,14758439993635,1744
basic_appreq,4539300,14758444596950,1744
basic_appreq,3576522,14758448218197,1744
basic_appreq,4372576,14758452627638,1744
basic_appreq,4193414,14758456863143,1744
basic_appreq,3742366,14758460646593,1744
basic_appreq,5066389,14758465752801,1744
basic_appreq,4217529,14758470009606,1744
basic_appreq,4575102,14758474621124,1744
basic_appreq,5125133,14758479781404,1744
basic_appreq,4200759,14758484025297,1744
basic_appreq,5176692,14758489247721,1744
basic_appreq,3881624,14758493167763,1744
basic_appreq,5359684,14758498580621,1744
basic_appreq,3056655,14758501676255,1744
basic_appreq,4481692,14758506197386,1744
basic_appreq,4710966,14758510953865,1744
basic_appreq,3390417,14758514389607,1744
basic_appreq,4954343,14758519380329,1744
basic_appreq,4520590,14758523937203,1744
basic_appreq,4234180,14758528211673,1744
basic_appreq,4933567,14758533187720,1744
basic_appreq,4902981,14758538130542,1744
basic_appreq,4133876,14758542300917,1744
basic_appreq,4590715,14758546927794,1744
basic_appreq,4244508,14758551213552,1744
basic_appreq,4630932,14758555893697,1744
basic_appreq,4330830,14758560264530,1744
basic_appreq,4872758,14758565179516,1744
basic_appreq,3163967,14758568378953,1744
basic_appreq,4299724,14758572717402,1744
basic_appreq,3475342,14758576237809,1744
basic_appreq,4353929,14758580627134,1744
basic_appreq,2921716,14758583584982,1744
basic_appreq,4262820,14758587885573,1744
basic_appreq,3793687,14758591726458,1744
basic_appreq,4843310,14758596610182,1744
basic_appreq,5326010,14758601978661,1744
basic_appreq,5072487,14758607092050,1744
basic_appreq,4297829,14758611434020,1744
basic_appreq,4491461,14758615960266,1744
basic_appreq,3983715,14758619978619,1744
basic_appreq,3492702,14758623534413,1744
basic_appreq,4278981,14758627857164,1744
basic_appreq,4321155,14758632218009,1744
basic_appreq,4643248,14758636906613,1744
basic_appreq,4301700,14758641257059,1744
basic_appreq,3202184,14758644496422,1744
basic_appreq,4660372,14758649195151,1744
basic_appreq,4407794,14758653661271,1744
basic_appreq,4838745,14758658542444,1744
basic_appreq,4542269,14758663122901,1744
basic_appreq,3938047,14758667099609,1744
basic_appreq,5090899,14758672231095,1744
basic_appreq,4019116,14758676292494,1744
basic_appreq,3864171,14758680203044,1744
basic_appreq,3417254,14758683667913,1744
basic_appreq,4784288,14758688484894,1744
basic_appreq,4476184,14758692997191,1744
basic_appreq,4573240,14758697611731,1744
basic_appreq,3380819,14758701039861,1744
basic_appreq,4571108,14758705652234,1744
basic_appreq,4356399,14758710047333,1744
basic_appreq,4546815,14758714633437,1744
basic_appreq,3051929,14758717733348,1744
basic_appreq,4074053,14758721845751,1744
basic_appreq,4710288,14758726593551,1744
basic_appreq,4609621,14758731242410,1744
basic_appreq,4331916,14758735622087,1744
basic_appreq,4017473,14758739680539,1744
basic_appreq,4064444,14758743786986,1744
basic_appreq,4016766,14758747841080,1744
basic_appreq,3852079,14758751740005,1744
basic_appreq,4410200,14758756187956,1744
basic_appreq,4480853,14758760710486,1744
basic_appreq,4446701,14758765197614,1744
basic_appreq,4860570,14758770098195,1744
basic_appreq,4439075,14758774580084,1744
basic_appreq,3238174,14758777860560,1744
basic_appreq,4414062,14758782322954,1744
basic_appreq,4363628,14758786722526,1744
basic_appreq,3961191,14758790725560,1744
basic_appreq,4421115,14758795185658,1744
basic_appreq,4262865,14758799486979,1744
basic_appreq,4400903,14758803932293,1744
basic_appreq,4619996,14758808598839,1744
basic_appreq,4260135,14758812909151,1744
basic_appreq,4549623,14758817500100,1744
basic_appreq,3584524,14758821130420,1744
basic_appreq,4458511,14758825629633,1744
basic_appreq,4509936,14758830178466,1744
basic_appreq,4206490,14758834423678,1744
basic_appreq,4530504,14758838993977,1744
basic_appreq,4144723,14758843178105,1744
basic_appreq,4528688,14758847749059,1744
basic_appreq,4291175,14758852077231,1744
basic_appreq,4141037,14758856257197,1744
basic_appreq,4340354,14758860634292,1744
basic_appreq,4473686,14758865146085,1744
basic_appreq,4357128,14758869540954,1744
basic_appreq,4180160,14758873761112,1744
basic_appreq,4483875,14758878283869,1744
basic_appreq,4286107,14758882608422,1744
basic_appreq,4144026,14758886794348,1744
basic_appreq,4518561,14758891353265,1744
basic_appreq,4149854,14758895542821,1744
basic_appreq,4395930,14758899976013,1744
basic_appreq,4564544,14758904601134,1744
basic_appreq,4267716,14758908907704,1744
basic_appreq,4122726,14758913069931,1744
basic_appreq,4582498,14758917692402,1744
basic_appreq,4160113,14758921918579,1744
basic_appreq,4462094,14758926419086,1744
basic_appreq,4332225,14758930790193,1744
basic_appreq,4504311,14758935332926,1744
basic_appreq,4193477,14758939567379,1744
basic_appreq,4609460,14758944215209,1744
basic_appreq,4099634,14758948353197,1744
basic_appreq,4457133,14758952848441,1744
basic_appreq,4175909,14758957064194,1744
basic_appreq,4649152,14758961752881,1744
basic_appreq,4238113,14758966029968,1744
basic_appreq,4216781,14758970282753,1744
basic_appreq,4370071,14758974689667,1744
basic_appreq,4492340,14758979219296,1744
basic_appreq,4361804,14758983619328,1744
basic_appreq,4269997,14758987927704,1744
basic_appreq,4402787,14758992370113,1744
basic_appreq,4617226,14758997026125,1744
basic_appreq,4639405,14759001706033,1744
basic_appreq,4292611,14759006040739,1744
basic_appreq,4246917,14759010328996,1744
basic_appreq,4179305,14759014553080,1744
basic_appreq,5024993,14759019615918,1744
basic_appreq,3454133,14759023108523,1744
basic_appreq,4024336,14759027172715,1744
basic_appreq,3575520,14759030792355,1744
basic_appreq,4073839,14759034905671,1744
basic_appreq,4166428,14759039110243,1744
basic_appreq,4499098,14759043652661,1744
basic_appreq,4425086,14759048118069,1744
basic_appreq,4830780,14759052987922,1744
basic_appreq,3460393,14759056487980,1744
basic_appreq,4129535,14759060659163,1744
basic_appreq,3821631,14759064528337,1744
basic_appreq,3696046,14759068267084,1744
basic_appreq,4346916,14759072654194,1744
basic_appreq,4584239,14759077285009,1744
basic_appreq,3656563,14759080988851,1744
basic_appreq,3803450,14759084829823,1744
basic_appreq,4758012,14759089623996,1744
basic_appreq,4427310,14759094094593,1744
basic_appreq,4189522,14759098344548,1744
basic_appreq,3741982,14759102128325,1744
basic_appreq,4311286,14759106481242,1744
basic_appreq,4923773,14759111451301,1744
basic_appreq,4567088,14759116058225,1744
basic_appreq,3584516,14759119684828,1744
basic_appreq,4427527,14759124152576,1744
basic_appreq,2967677,14759127162789,1744
basic_appreq,4939803,14759132141287,1744
basic_appreq,4058735,14759136240364,1744
basic_appreq,5360328,14759141645790,1744
basic_appreq,3272685,14759144955377,1744
basic_appreq,4359797,14759149358194,1744
basic_appreq,4597651,14759154002528,1744
basic_appreq,4139223,14759158190202,1744
basic_appreq,4250099,14759162487835,1744
basic_appreq,4023214,14759166545946,1744
basic_appreq,4692565,14759171279940,1744
basic_appreq,4746963,14759176066673,1744
basic_appreq,4969549,14759181076581,1744
basic_appreq,4712021,14759185824038,1744
basic_appreq,4327168,14759190186566,1744
basic_appreq,4536758,14759194764246,1744
basic_appreq,4747160,14759199553354,1744
basic_appreq,4778624,14759204381097,1744
basic_appreq,3062525,14759207482406,1744
basic_appreq,4559529,14759212079383,1744
basic_appreq,4522181,14759216661374,1744
basic_appreq,3340185,14759220038317,1744
basic_appreq,4530278,14759224606626,1744
basic_appreq,4755265,14759229400337,1744
basic_appreq,4691350,14759234130923,1744
basic_appreq,4561410,14759238730125,1744
basic_appreq,3331480,14759242115175,1744
basic_appreq,4634253,14759246789158,1744
basic_appreq,4799410,14759251634853,1744
basic_appreq,4828557,14759256499234,1744
basic_appreq,4806593,14759261341320,1744
basic_appreq,4399138,14759265781451,1744
basic_appreq,3365496,14759269190251,1744
basic_appreq,4295698,14759273526290,1744
basic_appreq,4517531,14759278088436,1744
basic_appreq,3084619,14759281214085,1744
basic_appreq,4736499,14759285986249,1744
basic_appreq,4740083,14759290770766,1744
basic_appreq,4646404,14759295467383,1744
basic_appreq,3682833,14759299195546,1744
basic_appreq,3963933,14759303201146,1744
basic_appreq,4790369,14759308034276,1744
basic_appreq,3476031,14759311550006,1744
basic_appreq,4882277,14759316465994,1744
basic_appreq,4641946,14759321147660,1744
basic_appreq,5071973,14759326256573,1744
basic_appreq,3739175,14759330035611,1744
basic_appreq,3759607,14759333842009,1744
basic_appreq,4201903,14759338091118,1744
basic_appreq,4168305,14759342303632,1744
basic_appreq,4471507,14759346812097,1744
basic_appreq,4630694,14759351481188,1744
basic_appreq,4963545,14759356482501,1744
basic_appreq,4934273,14759361462213,1744
basic_appreq,4661983,14759366167357,1744
basic_appreq,4794941,14759371000650,1744
basic_appreq,5183770,14759376222200,1744
basic_appreq,3132157,14759379395240,1744
basic_appreq,3223629,14759382661873,1744
basic_appreq,4950379,14759387653240,1744
basic_appreq,4673318,14759392367010,1744
basic_appreq,4239401,14759396648354,1744
basic_appreq,4498746,14759401186598,1744
basic_appreq,5121692,14759406349777,1744
basic_appreq,4957659,14759411348917,1744
basic_appreq,3344809,14759414734995,1744
basic_appreq,4232954,14759419009660,1744
basic_appreq,4367101,14759423419106,1744
basic_appreq,3467769,14759426932026,1744
basic_appreq,4638183,14759431605837,1744
basic_appreq,4772411,14759436415081,1744
basic_appreq,4392932,14759440844240,1744
basic_appreq,4492995,14759445375908,1744
basic_appreq,4335918,14759449756538,1744
basic_appreq,4684368,14759454485842,1744
basic_appreq,4266898,14759458794281,1744
basic_appreq,4308159,14759463156159,1744
basic_appreq,3841078,14759467037877,1744
basic_appreq,4418119,14759471494813,1744
basic_appreq,4279022,14759475815774,1744
basic_appreq,4256163,14759480120107,1744
basic_appreq,3554158,14759483719247,1744
basic_appreq,4568411,14759488326275,1744
basic_appreq,4164639,14759492533331,1744
basic_appreq,5231464,14759497807176,1744
basic_appreq,5138627,14759502982570,1744
basic_appreq,4438288,14759507454663,1744
basic_appreq,4768567,14759512258850,1744
basic_appreq,4843799,14759517140212,1744
basic_appreq,3205074,14759520387241,1744
basic_appreq,4296546,14759524727307,1744
basic_appreq,3725071,14759528499785,1744
basic_appreq,4097266,14759532634502,1744
basic_appreq,4877903,14759537552646,1744
basic_appreq,4358315,14759541952496,1744
basic_appreq,4204755,14759546199376,1744
basic_appreq,4857138,14759551097702,1744
basic_appreq,4745438,14759555880000,1744
basic_appreq,4904654,14759560821903,1744
basic_appreq,4545447,14759565414387,1744
basic_appreq,4745059,14759570197073,1744
basic_appreq,3250260,14759573484437,1744
basic_appreq,4213422,14759577743874,1744
basic_appreq,3490876,14759581281753,1744
basic_appreq,4755351,14759586075814,1744
basic_appreq,4805630,14759590919742,1744
basic_appreq,4741562,14759595700257,1744
basic_appreq,4229944,14759599973274,1744
basic_appreq,3577063,14759603619609,1744
basic_appreq,4763637,14759608422183,1744
basic_appreq,4083732,14759612544813,1744
basic_appreq,4578074,14759617167470,1744
basic_appreq,4497909,14759621704861,1744
basic_appreq,3482456,14759625229395,1744
basic_appreq,3912082,14759629186216,1744
basic_appreq,4036652,14759633261478,1744
basic_appreq,4065464,14759637366329,1744
basic_appreq,4484741,14759641889270,1744
basic_appreq,4598429,14759646525632,1744
basic_appreq,5053252,14759651617239,1744
basic_appreq,4597946,14759656255478,1744
basic_appreq,4228620,14759660526594,1744
basic_appreq,4419337,14759664990337,1744
basic_appreq,2740873,14759667771091,1744
basic_appreq,4181655,14759671988947,1744
basic_appreq,5224476,14759677280716,1744
basic_appreq,4737418,14759682072154,1744
basic_appreq,4442965,14759686553421,1744
basic_appreq,4474700,14759691066897,1744
basic_appreq,3340662,14759694449152,1744
basic_appreq,4775985,14759699265291,1744
basic_appreq,4652119,14759703955315,1744
basic_appreq,4714992,14759708712209,1744
basic_appreq,3561786,14759712318758,1744
basic_appreq,3991355,14759716348661,1744
basic_appreq,4650349,14759721037368,1744
basic_appreq,4829391,14759725904144,1744
basic_appreq,4473498,14759730424542,1744
basic_appreq,4452123,14759734918867,1744
basic_appreq,3688029,14759738651557,1744
basic_appreq,4918486,14759743611280,1744
basic_appreq,4617695,14759748268964,1744
basic_appreq,4199467,14759752509030,1744
basic_appreq,2916647,14759755471828,1744
basic_appreq,4730350,14759760236872,1744
basic_appreq,4539957,14759764814598,1744
basic_appreq,4642743,14759769495324,1744
basic_appreq,2961926,14759772495063,1744
basic_appreq,4837113,14759777372495,1744
basic_appreq,3730900,14759781148047,1744
basic_appreq,4189843,14759785376459,1744
basic_appreq,3873083,14759789302245,1744
basic_appreq,4471102,14759793812004,1744
basic_appreq,4953787,14759798804223,1744
basic_appreq,4254630,14759803097753,1744
basic_appreq,4578193,14759807718131,1744
basic_appreq,4769371,14759812530586,1744
basic_appreq,3979093,14759816561187,1744
basic_appreq,3744840,14759820348796,1744
basic_appreq,4225736,14759824621769,1744
basic_appreq,4440888,14759829107045,1744
basic_appreq,4255047,14759833399904,1744
basic_appreq,3858346,14759837304529,1744
basic_appreq,4095559,14759841437013,1744
basic_appreq,4726781,14759846202809,1744
basic_appreq,4360933,14759850603661,1744
basic_appreq,4500634,14759855153685,1744
basic_appreq,4672005,14759859868744,1744
basic_appreq,4670184,14759864586970,1744
basic_appreq,4651477,14759869274966,1744
basic_appreq,4025732,14759873336220,1744
basic_appreq,5471966,14759878844610,1744
basic_appreq,3350294,14759882234353,1744
basic_appreq,4274577,14759886547234,1744
basic_appreq,3009791,14759889605242,1744
basic_appreq,4503191,14759894146250,1744
basic_appreq,4438025,14759898625196,1744
basic_appreq,4832310,14759903500015,1744
basic_appreq,3655267,14759907202184,1744
basic_appreq,4597475,14759911841139,1744
basic_appreq,2776014,14759914661803,1744
basic_appreq,4410850,14759919111586,1744
basic_appreq,4632383,14759923780134,1744
basic_appreq,4460000,14759928275743,1744
basic_appreq,4696872,14759933020407,1744
basic_appreq,4283112,14759937343148,1744
basic_appreq,4404067,14759941788468,1744
basic_appreq,4616083,14759946446807,1744
basic_appreq,3631079,14759950119049,1744
basic_appreq,4272038,14759954427501,1744
basic_appreq,4593470,14759959056808,1744
basic_appreq,4352949,14759963448363,1744
basic_appreq,4143074,14759967628666,1744
basic_appreq,5177395,14759972844832,1744
basic_appreq,4116245,14759977002090,1744
basic_appreq,4017923,14759981066848,1744
basic_appreq,3724086,14759984836143,1744
basic_appreq,4352829,14759989228789,1744
basic_appreq,4845852,14759994128322,1744
basic_appreq,3990651,14759998161351,1744
basic_appreq,3726821,14760001934886,1744
basic_appreq,4895734,14760006866456,1744
basic_appreq,4727312,14760011635105,1744
basic_appreq,5083434,14760016757659,1744
basic_appreq,4025713,14760020824402,1744
basic_appreq,4576229,14760025441948,1744
basic_appreq,3456733,14760028938934,1744
basic_appreq,4377579,14760033357456,1744
basic_appreq,4655626,14760038055267,1744
basic_appreq,4187169,14760042289669,1744
basic_appreq,3332665,14760045662038,1744
basic_appreq,4891088,14760050589043,1744
basic_appreq,5023806,14760055662456,1744
basic_appreq,4650188,14760060356554,1744
basic_appreq,4471029,14760064877374,1744
basic_appreq,3065224,14760067984504,1744
basic_appreq,4890514,14760072940316,1744
basic_appreq,3952763,14760076935242,1744
basic_appreq,4713670,14760081686389,1744
basic_appreq,3357650,14760085080967,1744
basic_appreq,3815274,14760088935885,1744
basic_appreq,4390090,14760093364731,1744
basic_appreq,4849354,14760098261202,1744
basic_appreq,4421285,14760102725569,1744
basic_appreq,4116732,14760106884981,1744
basic_appreq,3576806,14760110503247,1744
basic_appreq,4524136,14760115089988,1744
basic_appreq,4344070,14760119469490,1744
basic_appreq,5008792,14760124519228,1744
basic_appreq,3732633,14760128290919,1744
basic_appreq,3931693,14760132266632,1744
basic_appreq,4305956,14760136628039,1744
basic_appreq,4075609,14760140751378,1744
basic_appreq,3793754,14760144584038,1744
basic_appreq,3789291,14760148412131,1744
basic_appreq,4476839,14760152930137,1744
basic_appreq,4197211,14760157167159,1744
basic_appreq,4081974,14760161288030,1744
basic_appreq,4740774,14760166072658,1744
basic_appreq,4398464,14760170511006,1744
basic_appreq,3932796,14760174482656,1744
basic_appreq,5181064,14760179709994,1744
basic_appreq,5085471,14760184837417,1744
basic_appreq,4739795,14760189618329,1744
basic_appreq,4389678,14760194050083,1744
basic_appreq,4994378,14760199091137,1744
basic_appreq,4103921,14760203240735,1744
basic_appreq,3628213,14760206904071,1744
basic_appreq,4188988,14760211138210,1744
basic_appreq,4552750,14760215726038,1744
basic_appreq,4905359,14760220674178,1744
basic_appreq,5388769,14760226102994,1744
basic_appreq,4601229,14760230745375,1744
basic_appreq,4770149,14760235561741,1744
basic_appreq,4394851,14760239998500,1744
basic_appreq,3621388,14760243686682,1744
basic_appreq,4278056,14760247999530,1744
basic_appreq,4340363,14760252413069,1744
basic_appreq,3741689,14760256195450,1744
basic_appreq,4342718,14760260580494,1744
basic_appreq,4204414,14760264824891,1744
basic_appreq,5228252,14760270101101,1744
basic_appreq,4444988,14760274583698,1744
basic_appreq,5788002,14760280411198,1744
basic_appreq,3900155,14760284348782,1744
basic_appreq,4776681,14760289166727,1744
basic_appreq,5190198,14760294399033,1744
basic_appreq,4350363,14760298789485,1744
basic_appreq,4338447,14760303166683,1744
basic_appreq,4386149,14760307590217,1744
basic_appreq,4219028,14760311847065,1744
basic_appreq,4422506,14760316306758,1744
basic_appreq,4190620,14760320535106,1744
basic_appreq,4579874,14760325153744,1744
basic_appreq,4171054,14760329364721,1744
basic_appreq,4442844,14760333848915,1744
basic_appreq,5196797,14760339091152,1744
basic_appreq,3872254,14760343004268,1744
basic_appreq,3364447,14760346408283,1744
basic_appreq,4613255,14760351057217,1744
basic_appreq,4523961,14760355620606,1744
basic_appreq,4604831,14760360271601,1744
basic_appreq,3791154,14760364101402,1744
basic_appreq,4361060,14760368500240,1744
basic_appreq,4277131,14760372815608,1744
basic_appreq,4425649,14760377288529,1744
basic_appreq,4489801,14760381823596,1744
basic_appreq,3117913,14760384984265,1744
basic_appreq,4153567,14760389178468,1744
basic_appreq,4500737,14760393714703,1744
basic_appreq,3894304,14760397648400,1744
basic_appreq,4481582,14760402169489,1744
basic_appreq,4372257,14760406585632,1744
basic_appreq,5163847,14760411799368,1744
basic_appreq,3555097,14760415395173,1744
basic_appreq,4727723,14760420168475,1744
basic_appreq,5412832,14760425620235,1744
basic_appreq,3413680,14760429074010,1744
basic_appreq,4243458,14760433357006,1744
basic_appreq,4091972,14760437491952,1744
basic_appreq,3876612,14760441415291,1744
basic_appreq,4316238,14760445769256,1744
basic_appreq,4280314,14760450091813,1744
basic_appreq,4316241,14760454451095,1744
basic_appreq,4610061,14760459102551,1744
basic_appreq,4663951,14760463805263,1744
basic_appreq,4876564,14760468727901,1744
basic_appreq,4445822,14760473214069,1744
basic_appreq,4096182,14760477351141,1744
basic_appreq,5449569,14760482843176,1744
basic_appreq,4784894,14760487673995,1744
basic_appreq,3469317,14760491189086,1744
basic_appreq,3965479,14760495196737,1744
basic_appreq,3093801,14760498334559,1744
basic_appreq,4957679,14760503327636,1744
basic_appreq,5332208,14760508694675,1744
basic_appreq,5123734,14760513860926,1744
basic_appreq,2865576,14760516765079,1744
basic_appreq,4915012,14760521726444,1744
basic_appreq,3157512,14760524924849,1744
basic_appreq,5000771,14760529964452,1744
basic_appreq,4726637,14760534731059,1744
basic_appreq,6090775,14760540870556,1744
basic_appreq,4984687,14760545895889,1744
basic_appreq,4834478,14760550770795,1744
basic_appreq,5247466,14760556061640,1744
basic_appreq,4708196,14760560827866,1744
basic_appreq,2993121,14760563873201,1744
basic_appreq,4509737,14760568425321,1744
basic_appreq,4618834,14760573083386,1744
basic_appreq,4434153,14760577558787,1744
basic_appreq,3132483,14760580739754,1744
basic_appreq,5062131,14760585839643,1744
basic_appreq,4436548,14760590313151,1744
basic_appreq,5173885,14760595527179,1744
basic_appreq,4125990,14760599689653,1744
basic_appreq,2961742,14760602687782,1744
basic_appreq,3284044,14760606014850,1744
basic_appreq,4883804,14760610936336,1744
basic_appreq,5109168,14760616083885,1744
basic_appreq,3015957,14760619141366,1744
basic_appreq,4046941,14760623229844,1744
basic_appreq,4444356,14760627714936,1744
basic_appreq,4350320,14760632123786,1744
basic_appreq,4744054,14760636913467,1744
basic_appreq,4386274,14760641338138,1744
basic_appreq,3107091,14760644491804,1744
basic_appreq,4006080,14760648534637,1744
basic_appreq,5211733,14760653793916,1744
basic_appreq,4399389,14760658234114,1744
basic_appreq,4795223,14760663070396,1744
basic_appreq,5081241,14760668194120,1744
basic_appreq,4878473,14760673127530,1744
basic_appreq,5421718,14760678595200,1744
basic_appreq,3100952,14760681738862,1744
basic_appreq,4179849,14760685960858,1744
basic_appreq,4888839,14760690895175,1744
basic_appreq,3261798,14760694198239,1744
basic_appreq,4826398,14760699065426,1744
basic_appreq,5518680,14760704624366,1744
basic_appreq,3995588,14760708657784,1744
basic_appreq,5415641,14760714123153,1744
basic_appreq,4962933,14760719121782,1744
basic_appreq,4749916,14760723907768,1744
basic_appreq,4195401,14760728137705,1744
basic_appreq,4942741,14760733116733,1744
basic_appreq,3564591,14760736729162,1744
basic_appreq,4759442,14760741529534,1744
basic_appreq,3695078,14760745263858,1744
basic_appreq,4488504,14760749795895,1744
basic_appreq,4468593,14760754311090,1744
basic_appreq,3805477,14760758159481,1744
basic_appreq,4058518,14760762263933,1744
basic_appreq,4330937,14760766630478,1744
basic_appreq,4024233,14760770691212,1744
basic_appreq,5302285,14760776037792,1744
basic_appreq,4394588,14760780475023,1744
basic_appreq,5050979,14760785575484,1744
basic_appreq,4535892,14760790147991,1744
basic_appreq,3854036,14760794040851,1744
basic_appreq,4614796,14760798691721,1744
basic_appreq,5467353,14760804199061,1744
basic_appreq,3936169,14760808177179,1744
basic_appreq,5299930,14760813519658,1744
basic_appreq,3071742,14760816632903,1744
basic_appreq,4857945,14760821535887,1744
basic_appreq,4016571,14760825596470,1744
basic_appreq,4800539,14760830433999,1744
basic_appreq,3786945,14760834263386,1744
basic_appreq,3085989,14760837397791,1744
basic_appreq,4413326,14760841847136,1744
basic_appreq,4414446,14760846298290,1744
basic_appreq,4380393,14760850718216,1744
basic_appreq,4402840,14760855162657,1744
basic_appreq,4733600,14760859937927,1744
basic_appreq,5130633,14760865105567,1744
basic_appreq,4989125,14760870132118,1744
basic_appreq,4742381,14760874914867,1744
basic_appreq,3544083,14760878504168,1744
basic_appreq,4163809,14760882705736,1744
basic_appreq,3610477,14760886354727,1744
basic_appreq,4560780,14760890952715,1744
basic_appreq,4729471,14760895720004,1744
basic_appreq,5304802,14760901065964,1744
basic_appreq,4632463,14760905738404,1744
basic_appreq,4885477,14760910667517,1744
basic_appreq,3510612,14760914225287,1744
basic_appreq,4229199,14760918492831,1744
basic_appreq,3450433,14760921981918,1744
basic_appreq,4972244,14760926987811,1744
basic_appreq,4674193,14760931701521,1744
basic_appreq,4389628,14760936130742,1744
basic_appreq,4636498,14760940824686,1744
basic_appreq,3534404,14760944402188,1744
basic_appreq,4247568,14760948690753,1744
basic_appreq,3887006,14760952618808,1744
basic_appreq,3871238,14760956529733,1744
basic_appreq,3994018,14760960566612,1744
basic_appreq,3608259,14760964218976,1744
basic_appreq,3967971,14760968219980,1744
basic_appreq,4437542,14760972691254,1744
basic_appreq,4234939,14760976964721,1744
basic_appreq,4328738,14760981338368,1744
basic_appreq,4457343,14760985840863,1744
basic_appreq,4965675,14760990853016,1744
basic_appreq,4592473,14760995484244,1744
basic_appreq,4347060,14760999889921,1744
basic_appreq,5159842,14761005092463,1744
basic_appreq,4861295,14761009992408,1744
basic_appreq,5032233,14761015062727,1744
basic_appreq,4306671,14761019409415,1744
basic_appreq,4945126,14761024396433,1744
basic_appreq,3359833,14761027800280,1744
basic_appreq,4344815,14761032187449,1744
basic_appreq,4207500,14761036448438,1744
basic_appreq,3575512,14761040070222,1744
basic_appreq,4928398,14761045036774,1744
basic_appreq,5194027,14761050269119,1744
basic_appreq,4328664,14761054640492,1744
basic_appreq,5030472,14761059709778,1744
basic_appreq,3508746,14761063257831,1744
basic_appreq,4217419,14761067518468,1744
basic_appreq,3650440,14761071210776,1744
basic_appreq,4609049,14761075857917,1744
basic_appreq,4699415,14761080595021,1744
basic_appreq,4885218,14761085518294,1744
basic_appreq,4451029,14761090005970,1744
basic_appreq,4336753,14761094379088,1744
basic_appreq,4539893,14761098955833,1744
basic_appreq,4740667,14761103735047,1744
basic_appreq,3174306,14761106955398,1744
basic_appreq,4378394,14761111380632,1744
basic_appreq,4451323,14761115869743,1744
basic_appreq,3601537,14761119520018,1744
basic_appreq,4183241,14761123740139,1744
basic_appreq,4363462,14761128139886,1744
basic_appreq,4270344,14761132451365,1744
basic_appreq,5160620,14761137655036,1744
basic_appreq,4115102,14761141816276,1744
basic_appreq,4538145,14761146394661,1744
basic_appreq,4772314,14761151208312,1744
basic_appreq,4652939,14761155902066,1744
basic_appreq,5592889,14761161539539,1744
basic_appreq,5416712,14761166996386,1744
basic_appreq,5003878,14761172040524,1744
basic_appreq,4388889,14761176476358,1744
basic_appreq,4938960,14761181465694,1744
basic_appreq,3461547,14761184981342,1744
basic_appreq,4005173,14761189029492,1744
basic_appreq,2957973,14761192031974,1744
basic_appreq,5081218,14761197151025,1744
basic_appreq,4696752,14761201895649,1744
basic_appreq,4543030,14761206475617,1744
basic_appreq,5006470,14761211519238,1744
basic_appreq,4998956,14761216555541,1744
basic_appreq,4736216,14761221331514,1744
basic_appreq,4403843,14761225782952,1744
basic_appreq,5062903,14761230889481,1744
basic_appreq,4612895,14761235546009,1744
basic_appreq,3073032,14761238661186,1744
basic_appreq,4471150,14761243177177,1744
basic_appreq,3180521,14761246403173,1744
basic_appreq,4790280,14761251232875,1744
basic_appreq,5118021,14761256388149,1744
basic_appreq,4156963,14761260583009,1744
basic_appreq,4998885,14761265627882,1744
basic_appreq,4980634,14761270648167,1744
basic_appreq,4797608,14761275490109,1744
basic_appreq,3370521,14761278908279,1744
basic_appreq,4049212,14761283000579,1744
basic_appreq,3434768,14761286480299,1744
basic_appreq,4629615,14761291147881,1744
basic_appreq,5284148,14761296473437,1744
basic_appreq,4920202,14761301433622,1744
basic_appreq,4328793,14761305804804,1744
basic_appreq,4663916,14761310503885,1744
basic_appreq,2975718,14761313516395,1744
basic_appreq,4590846,14761318149837,1744
basic_appreq,4109507,14761322311858,1744
basic_appreq,4364383,14761326714713,1744
basic_appreq,4443880,14761331204883,1744
basic_appreq,4591038,14761335834183,1744
basic_appreq,3898045,14761339774509,1744
basic_appreq,3053442,14761342874090,1744
basic_appreq,4239535,14761347152109,1744
basic_appreq,4289050,14761351479763,1744
basic_appreq,4795459,14761356313833,1744
basic_appreq,4233196,14761360584880,1744
basic_appreq,4927909,14761365555573,1744
basic_appreq,4206578,14761369803000,1744
basic_appreq,4267233,14761374113815,1744
basic_appreq,3510032,14761377671081,1744
basic_appreq,4365561,14761382074462,1744
basic_appreq,3939763,14761386054878,1744
basic_appreq,5305796,14761391398251,1744
basic_appreq,4822055,14761396261652,1744
basic_appreq,4598054,14761400904005,1744
basic_appreq,3427756,14761404381672,1744
basic_appreq,4201631,14761408624033,1744
basic_appreq,4147410,14761412814127,1744
basic_appreq,4594881,14761417451515,1744
basic_appreq,4511032,14761422009080,1744
basic_appreq,4359506,14761426412635,1744
basic_appreq,4111259,14761430570407,1744
basic_appreq,5010390,14761435622231,1744
basic_appreq,5126488,14761440789263,1744
basic_appreq,5441864,14761446286157,1744
basic_appreq,5109683,14761451434790,1744
basic_appreq,4720687,14761456194834,1744
basic_appreq,4347668,14761460580979,1744
basic_appreq,5327311,14761465969380,1744
basic_appreq,4301606,14761470311563,1744
basic_appreq,5108143,14761475475211,1744
basic_appreq,5357776,14761480873415,1744
basic_appreq,3258196,14761484174508,1744
basic_appreq,4187292,14761488407813,1744
basic_appreq,3276849,14761491732436,1744
basic_appreq,4769152,14761496536255,1744
basic_appreq,4899129,14761501471023,1744
basic_appreq,4818713,14761506329957,1744
basic_appreq,4928923,14761511307377,1744
basic_appreq,3296872,14761514651357,1744
basic_appreq,4200089,14761518885338,1744
basic_appreq,4615849,14761523535375,1744
basic_appreq,4081443,14761527666298,1744
basic_appreq,3556395,14761531268329,1744
basic_appreq,4746153,14761536053080,1744
basic_appreq,4932785,14761541027199,1744
basic_appreq,3936135,14761545005200,1744
basic_appreq,4745555,14761549788992,1744
basic_appreq,5273525,14761555100439,1744
basic_appreq,5317080,14761560469095,1744
basic_appreq,4606484,14761565110750,1744
basic_appreq,3658303,14761568816572,1744
basic_appreq,4592562,14761573447818,1744
basic_appreq,4506109,14761577993238,1744
basic_appreq,4339589,14761582372334,1744
basic_appreq,4150354,14761586564799,1744
basic_appreq,4604967,14761591210341,1744
basic_appreq,4351879,14761595604240,1744
basic_appreq,4993365,14761600634491,1744
basic_appreq,3152314,14761603829818,1744
basic_appreq,4552246,14761608420667,1744
basic_appreq,4344629,14761612807525,1744
basic_appreq,3611725,14761616462043,1744
basic_appreq,4828333,14761621332055,1744
basic_appreq,4840919,14761626210014,1744
basic_appreq,5576694,14761631837269,1744
basic_appreq,4828447,14761636702107,1744
basic_appreq,2878106,14761639616668,1744
basic_appreq,3080372,14761642739229,1744
basic_appreq,5067589,14761647846093,1744
basic_appreq,4764064,14761652650938,1744
basic_appreq,5148228,14761657835777,1744
basic_appreq,4791079,14761662664481,1744
basic_appreq,4848762,14761667549481,1744
basic_appreq,4758371,14761672349312,1744
basic_appreq,4938667,14761677331413,1744
basic_appreq,3214510,14761680591371,1744
basic_appreq,3310208,14761683956439,1744
basic_appreq,3442973,14761687433129,1744
basic_appreq,4777601,14761692250720,1744
basic_appreq,4610530,14761696907624,1744
basic_appreq,4246046,14761701198565,1744
basic_appreq,4630339,14761705875741,1744
basic_appreq,4246634,14761710162250,1744
basic_appreq,3574556,14761713779756,1744
basic_appreq,4207287,14761718030934,1744
basic_appreq,3082020,14761721159004,1744
basic_appreq,4977369,14761726172583,1744
basic_appreq,4321868,14761730537923,1744
basic_appreq,5478869,14761736064137,1744
basic_appreq,5405767,14761741512149,1744
basic_appreq,4753887,14761746302979,1744
basic_appreq,4813116,14761751151436,1744
basic_appreq,4659228,14761755853457,1744
basic_appreq,4513342,14761760409144,1744
basic_appreq,4083062,14761764538599,1744
basic_appreq,3592009,14761768169151,1744
basic_appreq,4727579,14761772938073,1744
basic_appreq,4432940,14761777413259,1744
basic_appreq,3329788,14761780790984,1744
basic_appreq,4860882,14761785692876,1744
basic_appreq,4745655,14761790474512,1744
basic_appreq,3915229,14761794425012,1744
basic_appreq,5617567,14761800079872,1744
basic_appreq,2760149,14761802881095,1744
basic_appreq,4495246,14761807431174,1744
basic_appreq,3488139,14761810963140,1744
basic_appreq,4933584,14761815939263,1744
basic_appreq,5569550,14761821554885,1744
basic_appreq,3040980,14761824630993,1744
basic_appreq,4212213,14761828887158,1744
basic_appreq,3311411,14761832240130,1744
basic_appreq,4824296,14761837106258,1744
basic_appreq,4490115,14761841637435,1744
basic_appreq,5186673,14761846872355,1744
basic_appreq,4892314,14761851808270,1744
basic_appreq,3059045,14761854908174,1744
basic_appreq,4049690,14761859004879,1744
basic_appreq,3191407,14761862243318,1744
basic_appreq,5560234,14761867841256,1744
basic_appreq,4378894,14761872259014,1744
basic_appreq,4875914,14761877194517,1744
basic_appreq,4398173,14761881633678,1744
basic_appreq,4697517,14761886371021,1744
basic_appreq,4732005,14761891160639,1744
basic_appreq,4276936,14761895476228,1744
basic_appreq,4903124,14761900416827,1744
basic_appreq,5295234,14761905750418,1744
basic_appreq,4806080,14761910597475,1744
basic_appreq,3332873,14761913981281,1744
basic_appreq,4400699,14761918425616,1744
basic_appreq,4652123,14761923129171,1744
basic_appreq,4268606,14761927443457,1744
basic_appreq,3992638,14761931492852,1744
basic_appreq,5004008,14761936534733,1744
basic_appreq,5242173,14761941826911,1744
basic_appreq,5235919,14761947101620,1744
basic_appreq,5071488,14761952212967,1744
basic_appreq,3664471,14761955928766,1744
basic_appreq,4264540,14761960233350,1744
basic_appreq,4439513,14761964714784,1744
basic_appreq,3852694,14761968619440,1744
basic_appreq,3633793,14761972309835,1744
basic_appreq,4863616,14761977212166,1744
basic_appreq,4585337,14761981836188,1744
basic_appreq,4482057,14761986357707,1744
basic_appreq,3559936,14761989963009,1744
basic_appreq,3859356,14761993864310,1744
basic_appreq,4285843,14761998197018,1744
basic_appreq,4943227,14762003177616,1744
basic_appreq,4772373,14762007988670,1744
basic_appreq,4386793,14762012445305,1744
basic_appreq,4948394,14762017434540,1744
basic_appreq,4956953,14762022431557,1744
basic_appreq,5252610,14762027724538,1744
basic_appreq,3088721,14762030848665,1744
basic_appreq,4115057,14762035000946,1744
basic_appreq,3239707,14762038280605,1744
basic_appreq,5142707,14762043462595,1744
basic_appreq,4441167,14762047941601,1744
basic_appreq,4411378,14762052394132,1744
basic_appreq,4013827,14762056447428,1744
basic_appreq,4886443,14762061384649,1744
basic_appreq,4556783,14762065980642,1744
basic_appreq,4873676,14762070897152,1744
basic_appreq,4887063,14762075826609,1744
basic_appreq,3256930,14762079139056,1744
basic_appreq,4122218,14762083302851,1744
basic_appreq,4015289,14762087361753,1744
basic_appreq,4360972,14762091760533,1744
basic_appreq,5170585,14762096975277,1744
basic_appreq,4860700,14762101875726,1744
basic_appreq,4961086,14762106876942,1744
basic_appreq,4361727,14762111294555,1744
basic_appreq,3736974,14762115072739,1744
basic_appreq,3451883,14762118574262,1744
basic_appreq,4426718,14762123039605,1744
basic_appreq,3942230,14762127028128,1744
basic_appreq,3992367,14762131057167,1744
basic_appreq,4774055,14762135867811,1744
basic_appreq,4148378,14762140057743,1744
basic_appreq,4381530,14762144480622,1744
basic_appreq,4562801,14762149084302,1744
basic_appreq,5184591,14762154309799,1744
basic_appreq,3502588,14762157857060,1744
basic_appreq,4380640,14762162284045,1744
basic_appreq,4239009,14762166563850,1744
basic_appreq,4628151,14762171238847,1744
basic_appreq,4038541,14762175323747,1744
basic_appreq,4691596,14762180067569,1744
basic_appreq,4259406,14762184369726,1744
basic_appreq,3445801,14762187859172,1744
basic_appreq,4542047,14762192436614,1744
basic_appreq,4948116,14762197422245,1744
basic_appreq,4460069,14762201920625,1744
basic_appreq,5286353,14762207246208,1744
basic_appreq,4502346,14762211786110,1744
basic_appreq,4906390,14762216731582,1744
basic_appreq,4874764,14762221645513,1744
basic_appreq,3469102,14762225161329,1744
basic_appreq,4448435,14762229652066,1744
basic_appreq,4179059,14762233871781,1744
basic_appreq,3469072,14762237378033,1744
basic_appreq,5029850,14762242450352,1744
basic_appreq,5015252,14762247508117,1744
basic_appreq,4919000,14762252467533,1744
basic_appreq,4821532,14762257328137,1744
basic_appreq,5092279,14762262460735,1744
basic_appreq,4099569,14762266597098,1744
basic_appreq,5018129,14762271654103,1744
basic_appreq,3185884,14762274878390,1744
basic_appreq,4739812,14762279666917,1744
basic_appreq,3588324,14762283302064,1744
basic_appreq,4321441,14762287666398,1744
basic_appreq,3566719,14762291281042,1744
basic_appreq,5007937,14762296325350,1744
basic_appreq,5190710,14762301551614,1744
basic_appreq,4982024,14762306588918,1744
basic_appreq,4792737,14762311420833,1744
basic_appreq,3596848,14762315060600,1744
basic_appreq,4162031,14762319263794,1744
basic_appreq,4370600,14762323675513,1744
basic_appreq,3717924,14762327434355,1744
basic_appreq,4739255,14762332207766,1744
basic_appreq,4920797,14762337178223,1744
basic_appreq,3235179,14762340450944,1744
basic_appreq,4746345,14762345235121,1744
basic_appreq,4289657,14762349563259,1744
basic_appreq,4790792,14762354393462,1744
basic_appreq,4170936,14762358606978,1744
basic_appreq,4311874,14762362960146,1744
basic_appreq,5068718,14762368075930,1744
basic_appreq,4877701,14762372990382,1744
basic_appreq,4157374,14762377184657,1744
basic_appreq,5424759,14762382655216,1744
basic_appreq,4662770,14762387357406,1744
basic_appreq,4659682,14762392062467,1744
basic_appreq,5207400,14762397314746,1744
basic_appreq,3309760,14762400665104,1744
basic_appreq,4814172,14762405519801,1744
basic_appreq,4686978,14762410258178,1744
basic_appreq,3921964,14762414216232,1744
basic_appreq,2696468,14762416959378,1744
basic_appreq,4327365,14762421335164,1744
basic_appreq,4793766,14762426171049,1744
basic_appreq,4813923,14762431027085,1744
basic_appreq,3008317,14762434070314,1744
basic_appreq,4260670,14762438370771,1744
basic_appreq,4273274,14762442690106,1744
basic_appreq,4757121,14762447488135,1744
basic_appreq,4798708,14762452329931,1744
basic_appreq,4909299,14762457280530,1744
basic_appreq,4440537,14762461762720,1744
basic_appreq,4567907,14762466377643,1744
basic_appreq,4143743,14762470563427,1744
basic_appreq,5454528,14762476062435,1744
basic_appreq,5309004,14762481409382,1744
basic_appreq,5105492,14762486553912,1744
basic_appreq,4649547,14762491243790,1744
basic_appreq,4946769,14762496233807,1744
basic_appreq,3224899,14762499509322,1744
basic_appreq,3297945,14762502851742,1744
basic_appreq,4518477,14762507406842,1744
basic_appreq,4461273,14762511908140,1744
basic_appreq,4080135,14762516026038,1744
basic_appreq,5157269,14762521222424,1744
basic_appreq,4638587,14762525898624,1744
basic_appreq,5002519,14762530938460,1744
basic_appreq,4548494,14762535522208,1744
basic_appreq,3497353,14762539055353,1744
basic_appreq,5095741,14762544187321,1744
basic_appreq,3050264,14762547280027,1744
basic_appreq,4147102,14762551469909,1744
basic_appreq,3815952,14762555330461,1744
basic_appreq,4611565,14762559981122,1744
basic_appreq,4668114,14762564710264,1744
basic_appreq,4689579,14762569435839,1744
basic_appreq,4960346,14762574449116,1744
basic_appreq,4371763,14762578857113,1744
basic_appreq,4062311,14762582959617,1744
basic_appreq,4329952,14762587329562,1744
basic_appreq,5075712,14762592445695,1744
basic_appreq,3262000,14762595746392,1744
basic_appreq,4174702,14762599957832,1744
basic_appreq,3594488,14762603588623,1744
basic_appreq,4621798,14762608245750,1744
basic_appreq,4585944,14762612868615,1744
basic_appreq,4357809,14762617265898,1744
basic_appreq,5227009,14762622535672,1744
basic_appreq,4857001,14762627431621,1744
basic_appreq,5220813,14762632696867,1744
basic_appreq,4972114,14762637713563,1744
basic_appreq,5573301,14762643340380,1744
basic_appreq,2988671,14762646371112,1744
basic_appreq,2514324,14762648933977,1744
basic_appreq,4572531,14762653546808,1744
basic_appreq,3224447,14762656816249,1744
basic_appreq,4386711,14762661242827,1744
basic_appreq,4419665,14762665702299,1744
basic_appreq,4612059,14762670351935,1744
basic_appreq,3861457,14762674251368,1744
basic_appreq,3757011,14762678045935,1744
basic_appreq,4882184,14762682965616,1744
basic_appreq,4732644,14762687734519,1744
basic_appreq,8982130,14762696762802,1744
basic_appreq,4895237,14762701698498,1744
basic_appreq,3182790,14762704923146,1744
basic_appreq,2739044,14762707707449,1744
basic_appreq,4186845,14762711932503,1744
basic_appreq,4710602,14762716678149,1744
basic_appreq,4472720,14762721185944,1744
basic_appreq,4304764,14762725531533,1744
basic_appreq,4730523,14762730305204,1744
basic_appreq,5184638,14762735531031,1744
basic_appreq,3313335,14762738885662,1744
basic_appreq,4079838,14762743005035,1744
basic_appreq,3831953,14762746879734,1744
basic_appreq,4611371,14762751529386,1744
basic_appreq,4851741,14762756419453,1744
basic_appreq,5168175,14762761625983,1744
basic_appreq,4294114,14762765961117,1744
basic_appreq,3422429,14762769431446,1744
basic_appreq,4566252,14762774037067,1744
basic_appreq,3522023,14762777607374,1744
basic_appreq,4820235,14762782478852,1744
basic_appreq,4471958,14762786987436,1744
basic_appreq,4809455,14762791835283,1744
basic_appreq,5174859,14762797050338,1744
basic_appreq,3152082,14762800246760,1744
basic_appreq,4311256,14762804609905,1744
basic_appreq,4238651,14762808894466,1744
basic_appreq,4405939,14762813340946,1744
basic_appreq,4175140,14762817557112,1744
basic_appreq,5269097,14762822874953,1744
basic_appreq,2834652,14762825741972,1744
basic_appreq,3393994,14762829181775,1744
basic_appreq,4642419,14762833860576,1744
basic_appreq,4612546,14762838516875,1744
basic_appreq,4136888,14762842692118,1744
basic_appreq,4800078,14762847532363,1744
basic_appreq,4653271,14762852224336,1744
basic_appreq,3312458,14762855575469,1744
basic_appreq,4165159,14762859792309,1744
basic_appreq,3340965,14762863170802,1744
basic_appreq,4572238,14762867779217,1744
basic_appreq,4667691,14762872487771,1744
basic_appreq,5062222,14762877597134,1744
basic_appreq,5002311,14762882640654,1744
basic_appreq,4224493,14762886905705,1744
basic_appreq,3275882,14762890223191,1744
basic_appreq,4117025,14762894379721,1744
basic_appreq,3635922,14762898059553,1744
basic_appreq,4677243,14762902774657,1744
basic_appreq,4206053,14762907019670,1744
basic_appreq,4714235,14762911775192,1744
basic_appreq,4852440,14762916667120,1744
basic_appreq,3420097,14762920134779,1744
basic_appreq,4473013,14762924651057,1744
basic_appreq,3903484,14762928600261,1744
basic_appreq,3919218,14762932564234,1744
basic_appreq,4750541,14762937355967,1744
basic_appreq,4317331,14762941709344,1744
basic_appreq,4855226,14762946602442,1744
basic_appreq,5228026,14762951870740,1744
basic_appreq,3344425,14762955257566,1744
basic_appreq,4080970,14762959379524,1744
basic_appreq,4662675,14762964082481,1744
basic_appreq,3274850,14762967416572,1744
basic_appreq,4759090,14762972210447,1744
basic_appreq,4840145,14762977092079,1744
basic_appreq,4605601,14762981739895,1744
basic_appreq,4422598,14762986206901,1744
basic_appreq,3545428,14762989798049,1744
basic_appreq,4179589,14762994023388,1744
basic_appreq,3703954,14762997776878,1744
basic_appreq,5021647,14763002844516,1744
basic_appreq,5016732,14763007901239,1744
basic_appreq,4181592,14763012116889,1744
basic_appreq,5363457,14763017524065,1744
basic_appreq,4643993,14763022207615,1744
basic_appreq,5276622,14763027527771,1744
basic_appreq,4736190,14763032302491,1744
basic_appreq,4251562,14763036594217,1744
basic_appreq,4880810,14763041529378,1744
basic_appreq,3059477,14763044631790,1744
basic_appreq,4177014,14763048862993,1744
basic_appreq,3609468,14763052521375,1744
basic_appreq,4376176,14763056931927,1744
basic_appreq,4315915,14763061282802,1744
basic_appreq,3703834,14763065025055,1744
basic_appreq,4212757,14763069279510,1744
basic_appreq,4949630,14763074273744,1744
basic_appreq,3726346,14763078042428,1744
basic_appreq,4324543,14763082401794,1744
basic_appreq,3504828,14763085945993,1744
basic_appreq,4643962,14763090625257,1744
basic_appreq,5037500,14763095698693,1744
basic_appreq,5337358,14763101077965,1744
basic_appreq,5111084,14763106230238,1744
basic_appreq,3125147,14763109395944,1744
basic_appreq,2926206,14763112369611,1744
basic_appreq,4897133,14763117307182,1744
basic_appreq,4348383,14763121696223,1744
basic_appreq,3570771,14763125311940,1744
basic_appreq,4439714,14763129786177,1744
basic_appreq,4344065,14763134173093,1744
basic_appreq,4068469,14763138276436,1744
basic_appreq,3728334,14763142051321,1744
basic_appreq,4836061,14763146924947,1744
basic_appreq,5114566,14763152077350,1744
basic_appreq,4040209,14763156158295,1744
basic_appreq,4687485,14763160909617,1744
basic_appreq,4693832,14763165641478,1744
basic_appreq,5159259,14763170841932,1744
basic_appreq,5333511,14763176215727,1744
basic_appreq,4068425,14763180326922,1744
basic_appreq,4796439,14763185175595,1744
basic_appreq,4609675,14763189829282,1744
basic_appreq,3130463,14763193002349,1744
basic_appreq,4808364,14763197860554,1744
basic_appreq,4647957,14763202550753,1744
basic_appreq,4266224,14763206857191,1744
basic_appreq,4277410,14763211179808,1744
basic_appreq,4335158,14763215559529,1744
basic_appreq,3567989,14763219182734,1744
basic_appreq,5063027,14763224285825,1744
basic_appreq,4238326,14763228565161,1744
basic_appreq,5200456,14763233821749,1744
basic_appreq,4544705,14763238401677,1744
basic_appreq,5285612,14763243723872,1744
basic_appreq,4819318,14763248582713,1744
basic_appreq,5124398,14763253749107,1744
basic_appreq,4344882,14763258129876,1744
basic_appreq,4686363,14763262851066,1744
basic_appreq,4719007,14763267607390,1744
basic_appreq,5129508,14763272776868,1744
basic_appreq,3341447,14763276164248,1744
basic_appreq,4378377,14763280587129,1744
basic_appreq,4258365,14763284891902,1744
basic_appreq,3534879,14763288466906,1744
basic_appreq,4896139,14763293402047,1744
basic_appreq,4467893,14763297909028,1744
basic_appreq,3516210,14763301466632,1744
basic_appreq,4660336,14763306167617,1744
basic_appreq,4332688,14763310540418,1744
basic_appreq,4653871,14763315234805,1744
basic_appreq,4291708,14763319567232,1744
basic_appreq,4431946,14763324037956,1744
basic_appreq,3897255,14763327979475,1744
basic_appreq,3625614,14763331673137,1744
basic_appreq,4662699,14763336381998,1744
basic_appreq,4069769,14763340495666,1744
basic_appreq,3765121,14763344310161,1744
basic_appreq,4142657,14763348487733,1744
basic_appreq,4658195,14763353192955,1744
basic_appreq,3680254,14763356910396,1744
basic_appreq,4874548,14763361829170,1744
basic_appreq,5076030,14763366945118,1744
basic_appreq,3198916,14763370196236,1744
basic_appreq,4568395,14763374804592,1744
basic_appreq,4785943,14763379629393,1744
basic_appreq,3792207,14763383473656,1744
basic_appreq,3138613,14763386669386,1744
basic_appreq,4935776,14763391644209,1744
basic_appreq,3813374,14763395501650,1744
basic_appreq,4492968,14763400032960,1744
basic_appreq,5248433,14763405321635,1744
basic_appreq,4687961,14763410046090,1744
basic_appreq,3909826,14763413995909,1744
basic_appreq,4302457,14763418347488,1744
basic_appreq,3533224,14763421923108,1744
basic_appreq,4969945,14763426932768,1744
basic_appreq,4494762,14763431465159,1744
basic_appreq,4971564,14763436476383,1744
basic_appreq,4727201,14763441277889,1744
basic_appreq,3291040,14763444608081,1744
basic_appreq,4414613,14763449059990,1744
basic_appreq,3440843,14763452537610,1744
basic_appreq,4972659,14763457548589,1744
basic_appreq,4352302,14763461942428,1744
basic_appreq,5135299,14763467119839,1744
basic_appreq,4079181,14763471242712,1744
basic_appreq,4921499,14763476210623,1744
basic_appreq,4715277,14763480972645,1744
basic_appreq,4964875,14763485979334,1744
basic_appreq,4107886,14763490123842,1744
basic_appreq,4750911,14763494914000,1744
basic_appreq,3334570,14763498283833,1744
basic_appreq,4095763,14763502426291,1744
basic_appreq,4142888,14763506608295,1744
basic_appreq,4001091,14763510647807,1744
basic_appreq,4454549,14763515141565,1744
basic_appreq,4222354,14763519406049,1744
basic_appreq,4460676,14763523904540,1744
basic_appreq,4980567,14763528921787,1744
basic_appreq,4860107,14763533820464,1744
basic_appreq,4413027,14763538271246,1744
basic_appreq,4724916,14763543035014,1744
basic_appreq,4266221,14763547341792,1744
basic_appreq,4783471,14763552166811,1744
basic_appreq,4347399,14763556555495,1744
basic_appreq,4903110,14763561501044,1744
basic_appreq,3553149,14763565098978,1744
basic_appreq,4129070,14763569268040,1744
basic_appreq,4494358,14763573805416,1744
basic_appreq,4484415,14763578330222,1744
basic_appreq,4893403,14763583274452,1744
basic_appreq,3926680,14763587243043,1744
basic_appreq,3646054,14763590936313,1744
basic_appreq,4712437,14763595687604,1744
basic_appreq,4692757,14763600419948,1744
basic_appreq,3130561,14763603592013,1744
basic_appreq,4533148,14763608167543,1744
basic_appreq,4023527,14763612230967,1744
basic_appreq,3638222,14763615916164,1744
basic_appreq,5087864,14763621038234,1744
basic_appreq,3008416,14763624087963,1744
basic_appreq,4208525,14763628342263,1744
basic_appreq,4589862,14763632989977,1744
basic_appreq,3366290,14763636395803,1744
basic_appreq,4712728,14763641145867,1744
basic_appreq,4028139,14763645212952,1744
basic_appreq,4042687,14763649309046,1744
basic_appreq,4424908,14763653792813,1744
basic_appreq,4676042,14763658507728,1744
basic_appreq,4690453,14763663239665,1744
basic_appreq,4277860,14763667557257,1744
basic_appreq,5018840,14763672623161,1744
basic_appreq,3014236,14763675675251,1744
basic_appreq,3629555,14763679343440,1744
basic_appreq,3523896,14763682911732,1744
basic_appreq,5123313,14763688073267,1744
basic_appreq,4524178,14763692637642,1744
basic_appreq,4964496,14763697642957,1744
basic_appreq,4371580,14763702061318,1744
basic_appreq,3048036,14763705146974,1744
basic_appreq,4309647,14763709502268,1744
basic_appreq,4577250,14763714120768,1744
basic_appreq,4741012,14763718908670,1744
basic_appreq,3378593,14763722333338,1744
basic_appreq,4706414,14763727075253,1744
basic_appreq,4808425,14763731928409,1744
basic_appreq,4952855,14763736921644,1744
basic_appreq,5307460,14763742271835,1744
basic_appreq,4844604,14763747154203,1744
basic_appreq,5124980,14763752317368,1744
basic_appreq,3978539,14763756333447,1744
basic_appreq,4571645,14763760945610,1744
basic_appreq,3532988,14763764517531,1744
basic_appreq,4255158,14763768811685,1744
basic_appreq,4340438,14763773190891,1744
basic_appreq,4419622,14763777663769,1744
basic_appreq,4407380,14763782110284,1744
basic_appreq,4528702,14763786677597,1744
basic_appreq,4191262,14763790906185,1744
basic_appreq,3325253,14763794272225,1744
basic_appreq,4314201,14763798626550,1744
basic_appreq,4844489,14763803512757,1744
basic_appreq,4648056,14763808197514,1744
basic_appreq,4300866,14763812536428,1744
basic_appreq,5003511,14763817589934,1744
basic_appreq,11785846,14763829419133,1744
basic_appreq,6419571,14763835876981,1744
basic_appreq,5781957,14763841698002,1744
basic_appreq,3026579,14763844764027,1744
basic_appreq,3856456,14763848664028,1744
basic_appreq,3677475,14763852383776,1744
basic_appreq,4223949,14763856640417,1744
basic_appreq,3268349,14763859952004,1744
basic_appreq,4119576,14763864105593,1744
basic_appreq,4499268,14763868638029,1744
basic_appreq,3576285,14763872254226,1744
basic_appreq,5164467,14763877456153,1744
basic_appreq,4191940,14763881686444,1744
basic_appreq,3933353,14763885660468,1744
basic_appreq,3840440,14763889542054,1744
basic_appreq,4076116,14763893659659,1744
basic_appreq,4075906,14763897778845,1744
basic_appreq,3584516,14763901403575,1744
basic_appreq,4722083,14763906164548,1744
basic_appreq,4835378,14763911048342,1744
basic_appreq,4423445,14763915524223,1744
basic_appreq,4166288,14763919728702,1744
basic_appreq,4303704,14763924071821,1744
basic_appreq,4936178,14763929049300,1744
basic_appreq,4511069,14763933600349,1744
basic_appreq,4428797,14763938069173,1744
basic_appreq,5274880,14763943388266,1744
basic_appreq,4757197,14763948186408,1744
basic_appreq,4493352,14763952719566,1744
basic_appreq,4646793,14763957414227,1744
basic_appreq,3975392,14763961426929,1744
basic_appreq,4489330,14763965958177,1744
basic_appreq,3692948,14763969693915,1744
basic_appreq,3303462,14763973042546,1744
basic_appreq,5027324,14763978112253,1744
basic_appreq,4993837,14763983147101,1744
basic_appreq,3849433,14763987033731,1744
basic_appreq,3972334,14763991052603,1744
basic_appreq,4233460,14763995325743,1744
basic_appreq,4146471,14763999518295,1744
basic_appreq,3758647,14764003314162,1744
basic_appreq,4591483,14764007944728,1744
basic_appreq,4699512,14764012682831,1744
basic_appreq,5237219,14764017958840,1744
basic_appreq,4270234,14764022272406,1744
basic_appreq,4183584,14764026501242,1744
basic_appreq,4726807,14764031273636,1744
basic_appreq,3756199,14764035072769,1744
basic_appreq,3930829,14764039043546,1744
basic_appreq,4479930,14764043565682,1744
basic_appreq,3579493,14764047198841,1744
basic_appreq,4730856,14764051969029,1744
basic_appreq,4229483,14764056263959,1744
basic_appreq,4808030,14764061114508,1744
basic_appreq,3167925,14764064328778,1744
basic_appreq,4055365,14764068427603,1744
basic_appreq,5041615,14764073514866,1744
basic_appreq,3212597,14764076782162,1744
basic_appreq,4933691,14764081753485,1744
basic_appreq,4239611,14764086030262,1744
basic_appreq,4405471,14764090473824,1744
basic_appreq,5204173,14764095714421,1744
basic_appreq,4706044,14764100482893,1744
basic_appreq,4646667,14764105169101,1744
basic_appreq,4482682,14764109692741,1744
basic_appreq,3945837,14764113679301,1744
basic_appreq,4611198,14764118329158,1744
basic_appreq,4730933,14764123097304,1744
basic_appreq,4923193,14764128053791,1744
basic_appreq,4817112,14764132905265,1744
basic_appreq,4493168,14764137442167,1744
basic_appreq,4792035,14764142284825,1744
basic_appreq,3318535,14764145646562,1744
basic_appreq,4071241,14764149761085,1744
basic_appreq,3037462,14764152855933,1744
basic_appreq,4964361,14764157857508,1744
basic_appreq,4464426,14764162362646,1744
basic_appreq,4622265,14764167032219,1744
basic_appreq,4608602,14764171680912,1744
basic_appreq,4472904,14764176186082,1744
basic_appreq,4296887,14764180516173,1744
basic_appreq,4762618,14764185334441,1744
basic_appreq,4648577,14764190021474,1744
basic_appreq,4587364,14764194647313,1744
basic_appreq,3399177,14764198092207,1744
basic_appreq,4082185,14764202219763,1744
basic_appreq,4615378,14764206875615,1744
basic_appreq,3872527,14764210789556,1744
basic_appreq,4222812,14764215049365,1744
basic_appreq,4691752,14764219779552,1744
basic_appreq,4342515,14764224164047,1744
basic_appreq,3707322,14764227907713,1744
basic_appreq,4649830,14764232589583,1744
basic_appreq,4521046,14764237152294,1744
basic_appreq,3363956,14764240563688,1744
basic_appreq,4326570,14764244929017,1744
basic_appreq,4884479,14764249855855,1744
basic_appreq,4609180,14764254505817,1744
basic_appreq,4629392,14764259176588,1744
basic_appreq,4446072,14764263663646,1744
basic_appreq,5089686,14764268791726,1744
basic_appreq,5157682,14764273982393,1744
basic_appreq,4686868,14764278701545,1744
basic_appreq,4910491,14764283653470,1744
basic_appreq,3309640,14764287003064,1744
basic_appreq,3401811,14764290450090,1744
basic_appreq,4878741,14764295369427,1744
basic_appreq,4231085,14764299640799,1744
basic_appreq,5053532,14764304734045,1744
basic_appreq,4546146,14764309314579,1744
basic_appreq,4652117,14764313999305,1744
basic_appreq,4067300,14764318108740,1744
basic_appreq,4543339,14764322696328,1744
basic_appreq,4757762,14764327499507,1744
basic_appreq,4756685,14764332299775,1744
basic_appreq,4497115,14764336834869,1744
basic_appreq,4039643,14764340922401,1744
basic_appreq,4089547,14764345059468,1744
basic_appreq,4326693,14764349430870,1744
basic_appreq,4616070,14764354093472,1744
basic_appreq,3154439,14764357290048,1744
basic_appreq,4097885,14764361428152,1744
basic_appreq,4482755,14764365946266,1744
basic_appreq,3882618,14764369875448,1744
basic_appreq,4721116,14764374634879,1744
basic_appreq,4445519,14764379118173,1744
basic_appreq,5460745,14764384625457,1744
basic_appreq,5139545,14764389803248,1744
basic_appreq,4944539,14764394786611,1744
basic_appreq,4760128,14764399592309,1744
basic_appreq,4144934,14764403782566,1744
basic_appreq,5570875,14764409396782,1744
basic_appreq,5520452,14764414953664,1744
basic_appreq,4630798,14764419620838,1744
basic_appreq,4815783,14764424474806,1744
basic_appreq,3402254,14764427918584,1744
basic_appreq,4169801,14764432126243,1744
basic_appreq,3918069,14764436078019,1744
basic_appreq,4206650,14764440328826,1744
basic_appreq,4861377,14764445237324,1744
basic_appreq,4520344,14764449797417,1744
basic_appreq,4937039,14764454779375,1744
basic_appreq,4342588,14764459166855,1744
basic_appreq,4886231,14764464094953,1744
basic_appreq,5168368,14764469304586,1744
basic_appreq,3192716,14764472536103,1744
basic_appreq,4140059,14764476721838,1744
basic_appreq,4208042,14764480966894,1744
basic_appreq,3276541,14764484289152,1744
basic_appreq,4194234,14764488522483,1744
basic_appreq,4699460,14764493259566,1744
basic_appreq,4562687,14764497862683,1744
basic_appreq,5231435,14764503143391,1744
basic_appreq,2863067,14764506045566,1744
basic_appreq,4550652,14764510641574,1744
basic_appreq,4826562,14764515513202,1744
basic_appreq,3092799,14764518647171,1744
basic_appreq,4849666,14764523533929,1744
basic_appreq,4373230,14764527943447,1744
basic_appreq,4195010,14764532177124,1744
basic_appreq,5026815,14764537249075,1744
basic_appreq,4498732,14764541788601,1744
basic_appreq,3618408,14764545468876,1744
basic_appreq,4511548,14764550017681,1744
basic_appreq,4568382,14764554624063,1744
basic_appreq,2943763,14764557610012,1744
basic_appreq,4400542,14764562048520,1744
basic_appreq,4477392,14764566563476,1744
basic_appreq,5838904,14764572447067,1744
basic_appreq,4492833,14764576977769,1744
basic_appreq,4271558,14764581287627,1744
basic_appreq,4433355,14764585760789,1744
basic_appreq,4835103,14764590634230,1744
basic_appreq,5000285,14764595672990,1744
basic_appreq,4553574,14764600265441,1744
basic_appreq,5001917,14764605315102,1744
basic_appreq,4790325,14764610147345,1744
basic_appreq,4349632,14764614539723,1744
basic_appreq,3111382,14764617705563,1744
basic_appreq,4576230,14764622337054,1744
basic_appreq,4540420,14764626916959,1744
basic_appreq,2928663,14764629903492,1744
basic_appreq,4350185,14764634292284,1744
basic_appreq,4419087,14764638750687,1744
basic_appreq,4607227,14764643397049,1744
basic_appreq,4441879,14764647881010,1744
basic_appreq,4365066,14764652288208,1744
basic_appreq,4342061,14764656679190,1744
basic_appreq,4519580,14764661244730,1744
basic_appreq,3610975,14764664900113,1744
basic_appreq,4888730,14764669828114,1744
basic_appreq,4178403,14764674044165,1744
basic_appreq,4593323,14764678676372,1744
basic_appreq,4583426,14764683297144,1744
basic_appreq,4837449,14764688172617,1744
basic_appreq,3841804,14764692060282,1744
basic_appreq,4144367,14764696248327,1744
basic_appreq,3315829,14764699602155,1744
basic_appreq,4608193,14764704245118,1744
basic_appreq,4406881,14764708689788,1744
basic_appreq,4773331,14764713501399,1744
basic_appreq,4941666,14764718482524,1744
basic_appreq,4617433,14764723140603,1744
basic_appreq,3359785,14764726539420,1744
basic_appreq,3932113,14764730519612,1744
basic_appreq,4072292,14764734635985,1744
basic_appreq,4610501,14764739286672,1744
basic_appreq,4977755,14764744304962,1744
basic_appreq,3385189,14764747734574,1744
basic_appreq,4497384,14764752268438,1744
basic_appreq,4569351,14764756876444,1744
basic_appreq,4851385,14764761782403,1744
basic_appreq,4917626,14764766738316,1744
basic_appreq,3301748,14764770086814,1744
basic_appreq,4378431,14764774506749,1744
basic_appreq,3725464,14764778285281,1744
basic_appreq,4980072,14764783303028,1744
basic_appreq,4835451,14764788181338,1744
basic_appreq,4847695,14764793071612,1744
basic_appreq,4836043,14764797946368,1744
basic_appreq,4702994,14764802688160,1744
basic_appreq,3068136,14764805808876,1744
basic_appreq,3985399,14764809835087,1744
basic_appreq,2959095,14764812847403,1744
basic_appreq,4997687,14764817882949,1744
basic_appreq,4405623,14764822340075,1744
basic_appreq,3749320,14764826134334,1744
basic_appreq,4323926,14764830496967,1744
basic_appreq,4193949,14764834734097,1744
basic_appreq,3499503,14764838274355,1744
basic_appreq,4397177,14764842709017,1744
basic_appreq,5169318,14764847916745,1744
basic_appreq,5582806,14764853537274,1744
basic_appreq,4830512,14764858403720,1744
basic_appreq,5218919,14764863658064,1744
basic_appreq,4510020,14764868208849,1744
basic_appreq,3444510,14764871702365,1744
basic_appreq,4166134,14764875907069,1744
basic_appreq,4306705,14764880245832,1744
basic_appreq,4457755,14764884736044,1744
basic_appreq,3558236,14764888339136,1744
basic_appreq,4805235,14764893184582,1744
basic_appreq,4619451,14764897841228,1744
basic_appreq,4980786,14764902859357,1744
basic_appreq,4717740,14764907613766,1744
basic_appreq,4272743,14764911925981,1744
basic_appreq,5163334,14764917137110,1744
basic_appreq,3420990,14764920603887,1744
basic_appreq,4111584,14764924763585,1744
basic_appreq,4418463,14764929215443,1744
basic_appreq,2513147,14764931765399,1744
basic_appreq,5022039,14764936819344,1744
basic_appreq,4159746,14764941020547,1744
basic_appreq,4326243,14764945396473,1744
basic_appreq,4577458,14764950028003,1744
basic_appreq,3426118,14764953502265,1744
basic_appreq,4251485,14764957791180,1744
basic_appreq,3056117,14764960892371,1744
basic_appreq,4856539,14764965785003,1744
basic_appreq,4700708,14764970522738,1744
basic_appreq,5131937,14764975694168,1744
basic_appreq,3054391,14764978787800,1744
basic_appreq,4524379,14764983373669,1744
basic_appreq,4785344,14764988196057,1744
basic_appreq,3419050,14764991653353,1744
basic_appreq,4337833,14764996026231,1744
basic_appreq,4738291,14765000804328,1744
basic_appreq,4484655,14765005333761,1744
basic_appreq,4392495,14765009764404,1744
basic_appreq,4392625,14765014194205,1744
basic_appreq,4764265,14765018995606,1744
basic_appreq,4545301,14765023579189,1744
basic_appreq,3875038,14765027500718,1744
basic_appreq,4072773,14765031613979,1744
basic_appreq,5091136,14765036746564,1744
basic_appreq,3922145,14765040710046,1744
basic_appreq,3297941,14765044050023,1744
basic_appreq,4682778,14765048773892,1744
basic_appreq,4303080,14765053115378,1744
basic_appreq,3746167,14765056904687,1744
basic_appreq,4975633,14765061922733,1744
basic_appreq,4883377,14765066844420,1744
basic_appreq,4591375,14765071473708,1744
basic_appreq,4841445,14765076365695,1744
basic_appreq,4933955,14765081337372,1744
basic_appreq,90870467,14765172245940,1744
basic_appreq,4928780,14765177221255,1744
basic_appreq,4622160,14765181884820,1744
basic_appreq,4653136,14765186578457,1744
basic_appreq,4893063,14765191513879,1744
basic_appreq,3195043,14765194752929,1744
basic_appreq,3226644,14765198032379,1744
basic_appreq,4680121,14765202753225,1744
basic_appreq,4494176,14765207280688,1744
basic_appreq,4718244,14765212038067,1744
basic_appreq,4445517,14765216524131,1744
basic_appreq,3500789,14765220071229,1744
basic_appreq,4600950,14765224714254,1744
basic_appreq,3013100,14765227771598,1744
basic_appreq,5040338,14765232847716,1744
basic_appreq,4497812,14765237381056,1744
basic_appreq,4889581,14765242306130,1744
basic_appreq,4963165,14765247309242,1744
basic_appreq,4469162,14765251818554,1744
basic_appreq,2926944,14765254789718,1744
basic_appreq,4418800,14765259247483,1744
basic_appreq,4469867,14765263755995,1744
basic_appreq,4387968,14765268196604,1744
basic_appreq,4552124,14765272791162,1744
basic_appreq,3301314,14765276134183,1744
basic_appreq,5261942,14765281436076,1744
basic_appreq,5183425,14765286653212,1744
basic_appreq,5011601,14765291698776,1744
basic_appreq,4554194,14765296290600,1744
basic_appreq,4744324,14765301071488,1744
basic_appreq,3426516,14765304540251,1744
basic_appreq,4060475,14765308638805,1744
basic_appreq,4432560,14765313109433,1744
basic_appreq,3555298,14765316703794,1744
basic_appreq,5169520,14765321913627,1744
basic_appreq,3583157,14765325542541,1744
basic_appreq,4250104,14765329833715,1744
basic_appreq,4380254,14765334261911,1744
basic_appreq,3326546,14765337625354,1744
basic_appreq,5253970,14765342914639,1744
basic_appreq,3184781,14765346143523,1744
basic_appreq,4437117,14765350627798,1744
basic_appreq,4525865,14765355196486,1744
basic_appreq,4300179,14765359543539,1744
basic_appreq,3602079,14765363190503,1744
basic_appreq,4812766,14765368039958,1744
basic_appreq,4312503,14765372388836,1744
basic_appreq,4630897,14765377055156,1744
basic_appreq,4863614,14765381954178,1744
basic_appreq,4788423,14765386779864,1744
basic_appreq,4907829,14765391728953,1744
basic_appreq,4516245,14765396292453,1744
basic_appreq,4326138,14765400662554,1744
basic_appreq,4321157,14765405021365,1744
basic_appreq,5057571,14765410124940,1744
basic_appreq,2846123,14765413017359,1744
basic_appreq,2724167,14765415786974,1744
#end,11,4026,1744
