post_tweet,50141790,2343889908216471,416
get_timeline,11270087,2343889919627235,416
get_timeline,709473,2343889920439062,416
follow,2310148,2343889922819634,416
get_timeline,13387435,2343889936329284,416
post_tweet,3254559,2343889939635098,416
get_timeline,12845161,2343889952568961,416
follow,13669298,2343889966306599,416
get_timeline,2929326,2343889969319187,416
post_tweet,8308650,2343889977722810,416
get_timeline,1866330,2343889979617017,416
post_tweet,17637045,2343889997286941,416
get_timeline,2275620,2343889999599490,416
add_user,12219107,2343890011867707,416
get_timeline,3713288,2343890015632212,416
get_timeline,563531,2343890016302231,416
post_tweet,13015513,2343890029372029,416
get_timeline,739940,2343890030157744,416
post_tweet,9001499,2343890039191493,416
post_tweet,16340850,2343890055573808,416
post_tweet,16458135,2343890072070033,416
get_timeline,1452653,2343890073577003,416
get_timeline,665128,2343890074283382,416
post_tweet,6411791,2343890080750494,416
post_tweet,6284989,2343890087087587,416
post_tweet,6866473,2343890094020807,416
get_timeline,996600,2343890095061439,416
post_tweet,5703194,2343890100824391,416
get_timeline,5112008,2343890105970609,416
get_timeline,1032388,2343890107129069,416
get_timeline,6955060,2343890114121613,416
get_timeline,3194490,2343890117368459,416
post_tweet,29969544,2343890147387621,416
get_timeline,1086980,2343890148543389,416
get_timeline,923190,2343890149517969,416
get_timeline,3413517,2343890152975262,416
post_tweet,5035143,2343890158066857,416
follow,3469160,2343890161577328,416
add_user,5256190,2343890166863191,416
post_tweet,8802223,2343890175700544,416
post_tweet,16594377,2343890192335562,416
post_tweet,5891222,2343890198596659,416
get_timeline,4157854,2343890202813324,416
get_timeline,424700,2343890203277153,416
get_timeline,3182595,2343890206494718,416
get_timeline,2670681,2343890209201984,416
post_tweet,7419336,2343890216661051,416
post_tweet,21867573,2343890238573457,416
get_timeline,3434533,2343890242049989,416
post_tweet,7182053,2343890249293662,416
post_tweet,18487481,2343890267841967,416
get_timeline,4913368,2343890272793453,416
post_tweet,16688707,2343890289514339,416
add_user,4054288,2343890293608386,416
post_tweet,7259268,2343890300905444,416
follow,4795672,2343890305741500,416
post_tweet,18711612,2343890324494836,416
get_timeline,2221586,2343890326767267,416
follow,11325447,2343890338146607,416
get_timeline,3020621,2343890341199960,416
add_user,7105094,2343890348447001,416
get_timeline,640570,2343890349137882,416
get_timeline,1663852,2343890350841285,416
post_tweet,8656411,2343890359539578,416
get_timeline,6827092,2343890366424850,416
get_timeline,990731,2343890367501491,416
get_timeline,824174,2343890368372427,416
get_timeline,1320995,2343890369736663,416
get_timeline,3429231,2343890373442703,416
get_timeline,2994761,2343890376489512,416
get_timeline,1940662,2343890378637332,416
get_timeline,2175460,2343890380843210,416
post_tweet,6186276,2343890387083254,416
get_timeline,2052643,2343890389162940,416
post_tweet,14880161,2343890404082310,416
get_timeline,1799809,2343890405918040,416
get_timeline,1409762,2343890407472307,416
post_tweet,12897713,2343890420407635,416
get_timeline,1338573,2343890421791682,416
get_timeline,1422150,2343890423261375,416
post_tweet,14432596,2343890437759364,416
follow,13292097,2343890451089444,416
follow,10238022,2343890461368275,416
post_tweet,6733102,2343890468147589,416
get_timeline,1973559,2343890470171050,416
post_tweet,18112893,2343890488323087,416
get_timeline,854456,2343890489261998,416
follow,4656699,2343890493965067,416
post_tweet,17186789,2343890511182030,416
get_timeline,3097563,2343890514319719,416
get_timeline,1514194,2343890515889142,416
post_tweet,10283490,2343890526238111,416
get_timeline,2060872,2343890528330461,416
get_timeline,2210915,2343890530601677,416
add_user,11818213,2343890542467590,416
add_user,12764010,2343890555346576,416
follow,6406568,2343890561782033,416
get_timeline,868910,2343890562685772,416
get_timeline,1204542,2343890565444022,416
get_timeline,2727967,2343890568274618,416
get_timeline,821482,2343890569137283,416
get_timeline,1820402,2343890571005544,416
get_timeline,3066781,2343890574137929,416
get_timeline,910113,2343890575091222,416
post_tweet,7410477,2343890582531430,416
post_tweet,11333923,2343890593903490,416
add_user,10734237,2343890604687794,416
get_timeline,740592,2343890605460389,416
post_tweet,10128883,2343890615624682,416
get_timeline,1150669,2343890616815342,416
follow,15151445,2343890632025364,416
follow,6553387,2343890638644272,416
get_timeline,2220675,2343890640901485,416
follow,11159672,2343890652160255,416
post_tweet,8528438,2343890660727500,416
get_timeline,1573542,2343890662385248,416
get_timeline,4149957,2343890666913201,416
follow,3778227,2343890670730675,416
post_tweet,3704689,2343890674461970,416
post_tweet,12652505,2343890687150612,416
post_tweet,12203506,2343890699433516,416
follow,7597735,2343890707068686,416
get_timeline,2003086,2343890709114454,416
post_tweet,8332742,2343890717481633,416
post_tweet,10862574,2343890728384882,416
get_timeline,1440371,2343890729864202,416
get_timeline,2567676,2343890732484338,416
follow,11764867,2343890744295420,416
post_tweet,9588765,2343890753919269,416
post_tweet,11074562,2343890765058537,416
get_timeline,1763680,2343890766870572,416
add_user,13790426,2343890780700597,416
get_timeline,1749392,2343890782532553,416
get_timeline,1707814,2343890784289149,416
get_timeline,1269689,2343890785611873,416
follow,7345445,2343890793051262,416
post_tweet,16178526,2343890809257591,416
get_timeline,2349826,2343890811642053,416
post_tweet,10748881,2343890822427216,416
follow,3394679,2343890825853618,416
post_tweet,14017809,2343890839902862,416
post_tweet,12549206,2343890852505524,416
get_timeline,1516459,2343890854093276,416
get_timeline,1023214,2343890855163560,416
post_tweet,9955000,2343890865466498,416
get_timeline,1676816,2343890867173268,416
get_timeline,766205,2343890868078537,416
post_tweet,15632428,2343890883756725,416
get_timeline,2182867,2343890886006107,416
follow,17677057,2343890903719013,416
add_user,7656994,2343890911418041,416
get_timeline,2669229,2343890914148740,416
follow,6938591,2343890921133031,416
follow,5073565,2343890926232362,416
get_timeline,688857,2343890926946671,416
follow,5138695,2343890932112336,416
get_timeline,3026861,2343890935182405,416
get_timeline,1243906,2343890936470101,416
get_timeline,1435598,2343890937951022,416
follow,7280448,2343890945271579,416
post_tweet,8685449,2343890954003439,416
get_timeline,1536699,2343890955566972,416
get_timeline,1663160,2343890957269297,416
get_timeline,882140,2343890958546628,416
post_tweet,5812621,2343890964388781,416
post_tweet,10519679,2343890974984979,416
follow,4365874,2343890979433513,416
get_timeline,1824928,2343890981660553,416
post_tweet,15009916,2343890996722830,416
get_timeline,2269462,2343890999024192,416
add_user,11492225,2343891010551196,416
add_user,5630964,2343891016256040,416
post_tweet,6410854,2343891022701004,416
get_timeline,1375473,2343891024107952,416
get_timeline,2482890,2343891026702733,416
post_tweet,7973126,2343891034707014,416
post_tweet,7743774,2343891042477626,416
get_timeline,1917367,2343891044436870,416
follow,8952127,2343891053423167,416
post_tweet,9801361,2343891063257036,416
follow,8482901,2343891071801272,416
get_timeline,1935154,2343891073785110,416
post_tweet,8678737,2343891082501810,416
post_tweet,9509385,2343891092044781,416
follow,8095183,2343891100171141,416
get_timeline,1252852,2343891101473120,416
post_tweet,12215561,2343891113722461,416
get_timeline,1956170,2343891115725396,416
post_tweet,12432349,2343891128199912,416
add_user,5522156,2343891133756421,416
add_user,10753948,2343891144541029,416
follow,8590088,2343891153157658,416
get_timeline,1790643,2343891154976774,416
follow,7978994,2343891162984386,416
post_tweet,9277646,2343891172335844,416
post_tweet,12025193,2343891184416524,416
get_timeline,2205026,2343891186655384,416
get_timeline,1806557,2343891188496251,416
get_timeline,1916037,2343891190448884,416
post_tweet,14126138,2343891204648217,416
get_timeline,1999553,2343891206683263,416
post_tweet,10222991,2343891216942906,416
get_timeline,1604830,2343891218581272,416
post_tweet,7797584,2343891226424662,416
get_timeline,1491353,2343891227962664,416
get_timeline,1531125,2343891229598160,416
post_tweet,12721322,2343891242361057,416
post_tweet,8029597,2343891250421149,416
get_timeline,1979135,2343891252456507,416
post_tweet,9459190,2343891261975951,416
get_timeline,1717525,2343891263738040,416
post_tweet,10704101,2343891274478548,416
add_user,10083674,2343891284626549,416
get_timeline,1730240,2343891286402329,416
get_timeline,1803250,2343891288286496,416
post_tweet,9359709,2343891297705512,416
get_timeline,1325033,2343891299061890,416
follow,9975050,2343891309068365,416
follow,7081661,2343891316179220,416
get_timeline,1004212,2343891317217459,416
post_tweet,7576253,2343891324832815,416
follow,7682152,2343891332544129,416
get_timeline,1884882,2343891334460690,416
get_timeline,1247848,2343891335749399,416
get_timeline,2461967,2343891338255751,416
post_tweet,8237640,2343891346550469,416
follow,10595505,2343891357172576,416
get_timeline,1720898,2343891358947747,416
follow,6562816,2343891365586193,416
post_tweet,10223672,2343891375840345,416
get_timeline,2739623,2343891378637357,416
follow,5504602,2343891384174444,416
post_tweet,6408527,2343891390629625,416
post_tweet,11522666,2343891402183341,416
get_timeline,1759548,2343891403973753,416
post_tweet,11793173,2343891415817727,416
get_timeline,2624070,2343891418520054,416
follow,4825389,2343891423438098,416
get_timeline,1166785,2343891424630903,416
get_timeline,2087605,2343891426759532,416
post_tweet,10614024,2343891437413938,416
get_timeline,871487,2343891438314088,416
post_tweet,6173715,2343891444524298,416
get_timeline,1415242,2343891445983761,416
get_timeline,1792553,2343891447814020,416
follow,5804772,2343891453659461,416
post_tweet,10217126,2343891463941935,416
post_tweet,9979383,2343891474032997,416
get_timeline,1562568,2343891475635479,416
post_tweet,17472721,2343891493140575,416
get_timeline,1177980,2343891494363408,416
get_timeline,608539,2343891495028718,416
add_user,7697442,2343891502768747,416
get_timeline,1744357,2343891504564464,416
get_timeline,880560,2343891505479759,416
get_timeline,4413394,2343891509925152,416
add_user,6294128,2343891516271218,416
post_tweet,8973043,2343891525304012,416
get_timeline,3023212,2343891528396997,416
get_timeline,2159345,2343891530602748,416
get_timeline,1723158,2343891532372943,416
get_timeline,4057488,2343891536478563,416
follow,20740237,2343891557305913,416
get_timeline,1740508,2343891559093170,416
get_timeline,3693734,2343891562841590,416
get_timeline,1282182,2343891564161650,416
get_timeline,927329,2343891565131221,416
post_tweet,17054654,2343891582216448,416
post_tweet,12865783,2343891595141742,416
get_timeline,1570508,2343891596751371,416
follow,4930785,2343891601720138,416
post_tweet,7074501,2343891608828330,416
get_timeline,1473992,2343891610348666,416
follow,12211738,2343891622781280,416
follow,13211982,2343891636020069,416
follow,9482677,2343891645536413,416
follow,9384038,2343891654954179,416
get_timeline,1758040,2343891656747967,416
get_timeline,896369,2343891657682156,416
get_timeline,1643170,2343891659396127,416
get_timeline,3793580,2343891663231454,416
post_tweet,8943900,2343891672214450,416
post_tweet,13459095,2343891685724177,416
post_tweet,15497058,2343891701277369,416
follow,4617948,2343891705936431,416
get_timeline,675314,2343891706905473,416
post_tweet,19823052,2343891726761741,416
follow,6288124,2343891733123326,416
get_timeline,2463017,2343891735635594,416
post_tweet,9466292,2343891745161603,416
post_tweet,17507753,2343891762697401,416
post_tweet,7913155,2343891770653893,416
post_tweet,6220423,2343891776934028,416
post_tweet,6187831,2343891783150880,416
post_tweet,4594750,2343891787796265,416
follow,9842371,2343891797714365,416
get_timeline,2382865,2343891800125796,416
post_tweet,11876050,2343891812069598,416
get_timeline,2099021,2343891814214499,416
post_tweet,10643433,2343891824903946,416
post_tweet,9462679,2343891834398144,416
follow,11923065,2343891846354205,416
post_tweet,11300737,2343891857707584,416
get_timeline,1817617,2343891859557804,416
post_tweet,8463686,2343891868096066,416
get_timeline,1436057,2343891869587705,416
get_timeline,1473501,2343891871119693,416
post_tweet,7627449,2343891878775716,416
add_user,8580406,2343891887383019,416
post_tweet,5932858,2343891893382986,416
get_timeline,1729768,2343891895144333,416
get_timeline,2839718,2343891898020137,416
follow,10616074,2343891908672543,416
get_timeline,3449361,2343891912162917,416
get_timeline,2084257,2343891914327963,416
add_user,9987048,2343891924456241,416
get_timeline,796370,2343891925279870,416
follow,7388065,2343891932695096,416
follow,9167163,2343891941888071,416
get_timeline,2212851,2343891944146881,416
post_tweet,8782153,2343891952982108,416
get_timeline,2077386,2343891955106709,416
get_timeline,1640390,2343891956799205,416
post_tweet,8608766,2343891965444767,416
post_tweet,11421817,2343891976904635,416
add_user,11092719,2343891988043202,416
post_tweet,7828664,2343891995943365,416
get_timeline,787836,2343891996777401,416
post_tweet,12604743,2343892009426345,416
post_tweet,11912966,2343892021373628,416
get_timeline,879503,2343892022282579,416
get_timeline,1797784,2343892024141184,416
get_timeline,1804799,2343892026007462,416
post_tweet,11452986,2343892037512410,416
get_timeline,4467080,2343892042092272,416
post_tweet,12073290,2343892054235033,416
post_tweet,10316715,2343892064590547,416
follow,13285226,2343892077908808,416
get_timeline,1309845,2343892079252920,416
get_timeline,2794773,2343892082085551,416
post_tweet,12030230,2343892094176843,416
get_timeline,2152885,2343892096360877,416
get_timeline,1080907,2343892097479566,416
post_tweet,9264508,2343892106783561,416
get_timeline,1425489,2343892108251091,416
get_timeline,1512474,2343892109812114,416
post_tweet,7579894,2343892117428061,416
get_timeline,1915241,2343892119374761,416
post_tweet,12524201,2343892131932044,416
get_timeline,978246,2343892132951157,416
post_tweet,13509795,2343892146513656,416
post_tweet,10957442,2343892157505691,416
follow,2976249,2343892160527518,416
get_timeline,3638049,2343892164261162,416
add_user,12486527,2343892176784530,416
get_timeline,2572132,2343892179389498,416
follow,9890594,2343892189314444,416
get_timeline,610794,2343892189956332,416
get_timeline,1072361,2343892191076841,416
get_timeline,1544499,2343892192674988,416
add_user,8147571,2343892200861668,416
follow,7744689,2343892208630840,416
get_timeline,1963038,2343892210639932,416
post_tweet,6593162,2343892217272301,416
get_timeline,1376229,2343892218679184,416
follow,9562286,2343892228286723,416
follow,9253047,2343892237578564,416
post_tweet,10827336,2343892248456172,416
get_timeline,2054708,2343892250559328,416
get_timeline,2357223,2343892252974739,416
follow,7868227,2343892260881302,416
follow,10257684,2343892271164946,416
follow,5087834,2343892276289073,416
add_user,12845436,2343892289163800,416
get_timeline,2178913,2343892291423035,416
get_timeline,1966060,2343892293454894,416
get_timeline,1992509,2343892295481480,416
get_timeline,445793,2343892295959131,416
add_user,9392049,2343892305416354,416
get_timeline,2062434,2343892307518728,416
get_timeline,1025671,2343892308589772,416
get_timeline,1763306,2343892310399374,416
get_timeline,929558,2343892311376924,416
add_user,11352137,2343892323134682,416
get_timeline,2142717,2343892325307660,416
post_tweet,12154410,2343892337530238,416
get_timeline,1787660,2343892339347245,416
get_timeline,1380178,2343892340759323,416
add_user,9622252,2343892350414455,416
post_tweet,13000814,2343892363447617,416
get_timeline,1396343,2343892364894225,416
add_user,11793445,2343892376729115,416
add_user,10540313,2343892387309253,416
post_tweet,8037654,2343892395381143,416
get_timeline,1770883,2343892397188966,416
post_tweet,10325653,2343892407550068,416
post_tweet,7117609,2343892414702092,416
get_timeline,2534587,2343892417316149,416
post_tweet,16291219,2343892433645444,416
get_timeline,1375317,2343892435057759,416
get_timeline,1565186,2343892436652068,416
follow,3454418,2343892440135975,416
get_timeline,1669325,2343892441837581,416
get_timeline,1574469,2343892443496527,416
add_user,9992762,2343892453536400,416
get_timeline,499364,2343892454072162,416
post_tweet,9751613,2343892463866879,416
post_tweet,11544190,2343892475456372,416
follow,6788905,2343892482291836,416
follow,10382343,2343892492711104,416
follow,8525006,2343892501270948,416
get_timeline,637684,2343892501951615,416
get_timeline,1008733,2343892503019197,416
follow,6490830,2343892509556706,416
get_timeline,1503359,2343892511101049,416
post_tweet,10360184,2343892521494378,416
post_tweet,8211786,2343892529757153,416
get_timeline,1119062,2343892530937183,416
post_tweet,7687049,2343892538683598,416
follow,5275755,2343892544060373,416
get_timeline,1330805,2343892545418334,416
follow,4474933,2343892549921730,416
post_tweet,15646292,2343892565594830,416
post_tweet,8561889,2343892574204779,416
get_timeline,1931513,2343892576181240,416
follow,5817166,2343892582047661,416
get_timeline,1451418,2343892583549058,416
get_timeline,913009,2343892584497674,416
get_timeline,1395824,2343892585945899,416
follow,5774134,2343892591753864,416
get_timeline,1774757,2343892593564477,416
post_tweet,12480952,2343892606077078,416
post_tweet,9686937,2343892615816429,416
add_user,16604605,2343892632453456,416
follow,5967168,2343892638490056,416
get_timeline,1689650,2343892640212417,416
post_tweet,8403986,2343892648667103,416
post_tweet,10729709,2343892659427648,416
get_timeline,2934916,2343892662412408,416
get_timeline,3099425,2343892665613770,416
get_timeline,2261273,2343892667936024,416
get_timeline,1777554,2343892669763647,416
get_timeline,2296991,2343892672097183,416
get_timeline,1202961,2343892673333528,416
add_user,7986630,2343892681354233,416
post_tweet,8870537,2343892690262308,416
get_timeline,1893795,2343892692192236,416
get_timeline,1984076,2343892694213383,416
follow,9076170,2343892703323040,416
follow,7756115,2343892711139746,416
get_timeline,1382416,2343892712550225,416
get_timeline,1430467,2343892714011879,416
get_timeline,1931914,2343892715976467,416
get_timeline,1823399,2343892717842431,416
post_tweet,7146757,2343892725022702,416
add_user,4653679,2343892729707393,416
get_timeline,1273415,2343892731006887,416
post_tweet,7413263,2343892738449082,416
post_tweet,12593417,2343892751082976,416
post_tweet,8434971,2343892759563431,416
get_timeline,1953465,2343892761568724,416
post_tweet,8476497,2343892770084688,416
follow,6129784,2343892776249957,416
get_timeline,1476140,2343892777759477,416
post_tweet,6687717,2343892784496940,416
post_tweet,12170542,2343892796711205,416
add_user,9413715,2343892806239331,416
follow,8010406,2343892814279574,416
get_timeline,2284985,2343892816600039,416
post_tweet,11225118,2343892827864757,416
get_timeline,2055863,2343892829983104,416
post_tweet,12063805,2343892842086890,416
follow,8725508,2343892850843681,416
get_timeline,1504223,2343892852389987,416
post_tweet,9471888,2343892861913152,416
get_timeline,1564656,2343892863526038,416
get_timeline,768669,2343892864330267,416
follow,2407357,2343892866772448,416
post_tweet,10870393,2343892877681749,416
add_user,7781816,2343892885528935,416
follow,11347539,2343892896911924,416
follow,15286967,2343892912239121,416
get_timeline,1890737,2343892914244238,416
post_tweet,8227324,2343892922523365,416
follow,9399512,2343892931960599,416
add_user,6962629,2343892938951984,416
post_tweet,12868465,2343892951859486,416
post_tweet,8231369,2343892960142187,416
get_timeline,1751965,2343892961944236,416
get_timeline,1069541,2343892963106516,416
post_tweet,9468377,2343892972615457,416
get_timeline,2206149,2343892974849124,416
get_timeline,1340694,2343892976218864,416
follow,9120336,2343892985368741,416
follow,7180284,2343892992579494,416
post_tweet,9533324,2343893002144720,416
post_tweet,7098213,2343893009273104,416
get_timeline,1188358,2343893010490864,416
get_timeline,1330172,2343893011855015,416
get_timeline,2127845,2343893014014308,416
get_timeline,2213616,2343893016285776,416
add_user,5555075,2343893021904509,416
add_user,6446204,2343893028383458,416
post_tweet,8651449,2343893037085323,416
follow,9530311,2343893046681601,416
post_tweet,10832234,2343893057558580,416
post_tweet,8860175,2343893066456418,416
get_timeline,2488356,2343893069013755,416
get_timeline,1465569,2343893070533149,416
follow,5801201,2343893076408078,416
get_timeline,367523,2343893076803030,416
get_timeline,1276168,2343893078109891,416
post_tweet,11798618,2343893089948583,416
get_timeline,1910841,2343893091938192,416
get_timeline,1300699,2343893093275757,416
post_tweet,10583353,2343893103896015,416
get_timeline,1826105,2343893105754835,416
follow,10964834,2343893116757437,416
get_timeline,1522760,2343893118316028,416
follow,10461426,2343893128852736,416
post_tweet,10691206,2343893139574090,416
get_timeline,1505661,2343893141112866,416
get_timeline,1755107,2343893142923864,416
post_tweet,10571203,2343893153540493,416
post_tweet,8586750,2343893162157312,416
post_tweet,8634852,2343893170876871,416
post_tweet,8924587,2343893179836443,416
get_timeline,2994079,2343893182885568,416
get_timeline,1531739,2343893184480229,416
post_tweet,11927205,2343893196465372,416
get_timeline,2307296,2343893198816950,416
follow,10748381,2343893209594905,416
get_timeline,1506445,2343893211134735,416
get_timeline,1126666,2343893212291136,416
get_timeline,1844376,2343893214169541,416
get_timeline,2201827,2343893216402772,416
get_timeline,1020526,2343893217457453,416
follow,4198317,2343893221690054,416
get_timeline,2653080,2343893224377287,416
get_timeline,1642840,2343893226081790,416
get_timeline,1903121,2343893228023683,416
post_tweet,11470008,2343893239531301,416
get_timeline,1949214,2343893241512425,416
get_timeline,967009,2343893242513889,416
get_timeline,2429454,2343893244989979,416
get_timeline,2869441,2343893247908373,416
get_timeline,874771,2343893248823977,416
get_timeline,790667,2343893249644387,416
post_tweet,8836438,2343893258510349,416
post_tweet,12132019,2343893270683163,416
post_tweet,12424108,2343893283148258,416
get_timeline,1190221,2343893284374325,416
post_tweet,9868485,2343893294281477,416
get_timeline,1860182,2343893296189068,416
add_user,10818831,2343893307045798,416
get_timeline,1626174,2343893308705876,416
post_tweet,10414271,2343893319173920,416
add_user,9144292,2343893328348304,416
post_tweet,12843991,2343893341222406,416
get_timeline,862424,2343893342129229,416
get_timeline,1628261,2343893343817408,416
follow,7847137,2343893351702217,416
post_tweet,11110524,2343893362867904,416
get_timeline,1454319,2343893364354719,416
get_timeline,1149661,2343893365543415,416
get_timeline,1648642,2343893367223320,416
post_tweet,10646727,2343893377909870,416
get_timeline,952868,2343893378892493,416
post_tweet,6957704,2343893385885298,416
post_tweet,9172404,2343893395100037,416
post_tweet,12997245,2343893408176170,416
post_tweet,8076173,2343893416293953,416
post_tweet,10685669,2343893427024199,416
get_timeline,1602249,2343893428664125,416
add_user,11737097,2343893440471275,416
post_tweet,10467933,2343893450973925,416
post_tweet,12253490,2343893463262241,416
post_tweet,13801106,2343893477100223,416
get_timeline,2521934,2343893479668137,416
get_timeline,2859121,2343893482595045,416
follow,5935147,2343893488616017,416
get_timeline,1601287,2343893490256594,416
get_timeline,2195339,2343893492514606,416
add_user,10302663,2343893502850315,416
follow,8405786,2343893511300734,416
get_timeline,1013168,2343893512360075,416
get_timeline,1981122,2343893514385703,416
post_tweet,13492857,2343893527923990,416
get_timeline,1305901,2343893529258181,416
post_tweet,10591848,2343893539894047,416
get_timeline,1327248,2343893541271983,416
get_timeline,1685951,2343893542997591,416
get_timeline,2340605,2343893545373175,416
post_tweet,11386204,2343893556828762,416
get_timeline,2066585,2343893558924000,416
get_timeline,1142251,2343893560096876,416
post_tweet,11051618,2343893571188096,416
get_timeline,493858,2343893571710118,416
follow,9487219,2343893581235105,416
get_timeline,2706154,2343893583986317,416
post_tweet,8221965,2343893592273862,416
get_timeline,1581632,2343893593889717,416
get_timeline,709738,2343893594630988,416
get_timeline,1106691,2343893595775894,416
post_tweet,7796573,2343893603604838,416
get_timeline,2164221,2343893605809474,416
post_tweet,10000800,2343893615853025,416
post_tweet,14333317,2343893630215808,416
post_tweet,12084213,2343893642346083,416
post_tweet,11962167,2343893654358444,416
post_tweet,8506398,2343893662900212,416
get_timeline,1850645,2343893664801218,416
follow,7701283,2343893672569184,416
get_timeline,2326237,2343893674923029,416
get_timeline,1570237,2343893676524607,416
follow,4673468,2343893681226079,416
get_timeline,1853205,2343893683126780,416
post_tweet,9571550,2343893692730484,416
get_timeline,1953465,2343893694743908,416
get_timeline,1287861,2343893696102873,416
post_tweet,10118677,2343893706303759,416
get_timeline,1457482,2343893707796890,416
get_timeline,1693324,2343893709556300,416
get_timeline,1819695,2343893711426483,416
get_timeline,1490061,2343893712944759,416
follow,9737967,2343893722712860,416
get_timeline,1558550,2343893724308739,416
post_tweet,8844342,2343893733197763,416
get_timeline,890391,2343893734117891,416
get_timeline,781022,2343893734940428,416
get_timeline,1346410,2343893736338803,416
get_timeline,2890447,2343893739262908,416
get_timeline,1252284,2343893740563361,416
get_timeline,2494157,2343893743108214,416
get_timeline,2131023,2343893745303500,416
get_timeline,1002780,2343893746349064,416
follow,12063446,2343893758450336,416
get_timeline,926461,2343893759406647,416
get_timeline,916221,2343893760359048,416
get_timeline,1719321,2343893762107140,416
post_tweet,10539751,2343893772695101,416
get_timeline,947121,2343893773686442,416
follow,5666428,2343893779384518,416
follow,7252961,2343893786678411,416
follow,12587368,2343893799300581,416
post_tweet,7151977,2343893806527478,416
follow,5196357,2343893811765923,416
follow,10341190,2343893822154796,416
post_tweet,10178160,2343893832360851,416
get_timeline,1669866,2343893834058599,416
follow,9669440,2343893843756657,416
post_tweet,11369826,2343893855173146,416
post_tweet,9257655,2343893864483129,416
get_timeline,1058791,2343893865579221,416
get_timeline,1737632,2343893867356299,416
post_tweet,6210811,2343893873627090,416
get_timeline,1185832,2343893874843797,416
get_timeline,1853301,2343893876730560,416
follow,1818009,2343893878582606,416
follow,9366964,2343893887983421,416
add_user,6152265,2343893894174258,416
post_tweet,12647606,2343893906850497,416
get_timeline,419101,2343893907300471,416
post_tweet,9423368,2343893916758785,416
get_timeline,2195456,2343893919059932,416
post_tweet,11591265,2343893930688855,416
post_tweet,9211465,2343893939927601,416
get_timeline,1080548,2343893941041634,416
get_timeline,1900149,2343893942993365,416
get_timeline,1277148,2343893944301034,416
post_tweet,9489793,2343893953832516,416
post_tweet,7563165,2343893961450090,416
get_timeline,1228644,2343893962721796,416
post_tweet,8837550,2343893971609210,416
post_tweet,10469999,2343893982119956,416
follow,7720214,2343893989871659,416
get_timeline,1146295,2343893991058563,416
get_timeline,1364274,2343893992457235,416
get_timeline,1479630,2343893993984608,416
get_timeline,1396651,2343893995424169,416
get_timeline,1611028,2343893997069056,416
get_timeline,1767883,2343893998872035,416
get_timeline,1509901,2343894000419628,416
get_timeline,690602,2343894001139592,416
get_timeline,2087162,2343894003254915,416
get_timeline,1213089,2343894004495406,416
get_timeline,1408504,2343894005944673,416
get_timeline,1508136,2343894007488266,416
get_timeline,1447477,2343894008965186,416
add_user,10780217,2343894019786124,416
post_tweet,9406470,2343894029224809,416
follow,6646272,2343894035899649,416
post_tweet,9303601,2343894045278333,416
follow,3187476,2343894048498098,416
follow,10457259,2343894058994589,416
follow,9860658,2343894068894125,416
add_user,9186958,2343894078129572,416
get_timeline,1460628,2343894079635040,416
post_tweet,9635066,2343894089313332,416
post_tweet,7832753,2343894097197229,416
post_tweet,10124603,2343894107376019,416
post_tweet,7866866,2343894115281444,416
post_tweet,11690078,2343894127015338,416
get_timeline,2620096,2343894129663814,416
post_tweet,9449456,2343894139160717,416
add_user,10738719,2343894149929167,416
follow,11042134,2343894160997899,416
get_timeline,1849233,2343894162886252,416
get_timeline,1391402,2343894164311944,416
get_timeline,1942601,2343894166294117,416
get_timeline,2051276,2343894168403192,416
follow,6290814,2343894174729421,416
post_tweet,9388620,2343894184153903,416
get_timeline,1659518,2343894185858671,416
follow,3140365,2343894189049591,416
post_tweet,9362578,2343894198445216,416
post_tweet,8590989,2343894207083998,416
post_tweet,7518331,2343894214633020,416
post_tweet,10821099,2343894225487539,416
get_timeline,1957116,2343894227492181,416
post_tweet,9169668,2343894236711494,416
follow,4324369,2343894241065192,416
get_timeline,1770967,2343894242879317,416
get_timeline,1364764,2343894244274799,416
post_tweet,10623624,2343894254934303,416
add_user,8904839,2343894263884478,416
post_tweet,12851613,2343894276798208,416
get_timeline,1743315,2343894278581985,416
post_tweet,10332159,2343894288950343,416
post_tweet,9580831,2343894298568017,416
post_tweet,11501122,2343894310106315,416
add_user,8282434,2343894318425191,416
get_timeline,1351309,2343894319822804,416
get_timeline,1622100,2343894321505048,416
post_tweet,9581647,2343894331144469,416
follow,4415589,2343894335597143,416
get_timeline,1494920,2343894337123507,416
post_tweet,9873663,2343894347032107,416
follow,7284797,2343894354349497,416
post_tweet,10668098,2343894365064968,416
follow,4011017,2343894369120922,416
follow,6756433,2343894375912378,416
post_tweet,8692013,2343894384654932,416
get_timeline,1464318,2343894386187603,416
get_timeline,769328,2343894386996270,416
follow,6241793,2343894393280492,416
follow,8396813,2343894401714386,416
post_tweet,9007348,2343894410771004,416
get_timeline,2037746,2343894412886576,416
get_timeline,1796767,2343894414751800,416
get_timeline,1788706,2343894416589082,416
follow,11594028,2343894428224151,416
get_timeline,2586971,2343894430877667,416
post_tweet,8827860,2343894439737377,416
post_tweet,8417840,2343894448208354,416
follow,6431002,2343894454670310,416
post_tweet,9355065,2343894464069135,416
follow,2506290,2343894466620160,416
get_timeline,1586662,2343894468240042,416
add_user,9513322,2343894477845416,416
get_timeline,1339131,2343894479212991,416
post_tweet,7563121,2343894486808172,416
follow,9585428,2343894496428478,416
get_timeline,996720,2343894497457782,416
post_tweet,11014190,2343894508508389,416
get_timeline,1504708,2343894510053185,416
get_timeline,1438825,2343894511523525,416
follow,5895234,2343894517452807,416
get_timeline,1517452,2343894518998603,416
follow,10922198,2343894529955743,416
post_tweet,10164178,2343894540150877,416
get_timeline,1310239,2343894541534281,416
get_timeline,1301793,2343894542869502,416
follow,3593689,2343894546494057,416
get_timeline,1074610,2343894547602033,416
follow,3429793,2343894551059440,416
post_tweet,11108194,2343894562203265,416
post_tweet,7752789,2343894570020333,416
add_user,6973351,2343894577028260,416
get_timeline,1991781,2343894579058513,416
get_timeline,2480789,2343894581585253,416
post_tweet,10401217,2343894592029973,416
get_timeline,1408468,2343894593476128,416
get_timeline,785426,2343894594293272,416
post_tweet,8835612,2343894603181101,416
add_user,11275591,2343894614488063,416
post_tweet,11796988,2343894626335607,416
get_timeline,1798587,2343894628167887,416
get_timeline,623962,2343894628832905,416
post_tweet,12768980,2343894641641600,416
get_timeline,1687773,2343894643395515,416
get_timeline,1953548,2343894645384528,416
get_timeline,1342302,2343894646766195,416
post_tweet,9566540,2343894656384778,416
post_tweet,11388565,2343894667808996,416
post_tweet,8079035,2343894675962076,416
get_timeline,976564,2343894676965570,416
get_timeline,1861409,2343894678868735,416
post_tweet,10003150,2343894688910670,416
post_tweet,12051975,2343894700996665,416
post_tweet,9815947,2343894710861458,416
get_timeline,2190089,2343894713088804,416
get_timeline,2166494,2343894715293692,416
post_tweet,9244696,2343894724575241,416
follow,7045438,2343894731649381,416
get_timeline,1556214,2343894733245862,416
post_tweet,11264831,2343894744556930,416
get_timeline,370062,2343894744967419,416
get_timeline,2483027,2343894747484490,416
get_timeline,1355323,2343894748886515,416
get_timeline,696586,2343894749617566,416
get_timeline,1343283,2343894750996003,416
post_tweet,5898966,2343894756942308,416
get_timeline,874305,2343894757848365,416
follow,7268578,2343894765146242,416
get_timeline,1514067,2343894766713204,416
follow,9702666,2343894776455305,416
get_timeline,1992004,2343894778494456,416
follow,7882987,2343894786422324,416
follow,4002196,2343894790449685,416
get_timeline,1594682,2343894792079469,416
get_timeline,1923900,2343894794041772,416
get_timeline,1408598,2343894795494471,416
follow,9835578,2343894805374479,416
get_timeline,2346851,2343894807751663,416
post_tweet,11526328,2343894819312136,416
follow,11729216,2343894831076364,416
get_timeline,1545652,2343894832682925,416
get_timeline,2053009,2343894834791937,416
post_tweet,6632121,2343894841467587,416
add_user,10578566,2343894852075439,416
get_timeline,2084460,2343894854212594,416
post_tweet,7113630,2343894861362388,416
post_tweet,12954362,2343894874362041,416
post_tweet,8748365,2343894883165863,416
follow,11077259,2343894894280985,416
get_timeline,1374788,2343894895701718,416
get_timeline,1518637,2343894897269637,416
post_tweet,10300414,2343894907610399,416
get_timeline,1723168,2343894909411023,416
post_tweet,9460340,2343894918903740,416
get_timeline,1905623,2343894920844339,416
add_user,8593470,2343894929467325,416
get_timeline,1612503,2343894931135917,416
get_timeline,2431630,2343894933627290,416
get_timeline,1771348,2343894935449071,416
post_tweet,8545147,2343894944029807,416
get_timeline,1240913,2343894945302919,416
post_tweet,9168273,2343894954501287,416
post_tweet,8011694,2343894962541375,416
post_tweet,9488413,2343894972060698,416
post_tweet,13052331,2343894985188062,416
post_tweet,8680424,2343894993897032,416
follow,5447026,2343894999400167,416
get_timeline,2095300,2343895001536372,416
get_timeline,1873240,2343895003453492,416
add_user,9987449,2343895013475677,416
follow,9600684,2343895023119830,416
post_tweet,5338858,2343895028485582,416
post_tweet,8020767,2343895036543257,416
post_tweet,8170907,2343895044762298,416
get_timeline,2329412,2343895047151289,416
get_timeline,2181324,2343895049369132,416
post_tweet,9355211,2343895058755128,416
get_timeline,1866233,2343895060693503,416
get_timeline,1325745,2343895062085532,416
post_tweet,10378903,2343895072515078,416
follow,5997564,2343895078542828,416
get_timeline,2259500,2343895080843121,416
get_timeline,2780092,2343895083688910,416
get_timeline,2627656,2343895086362591,416
get_timeline,1826674,2343895088236700,416
get_timeline,326331,2343895088593097,416
get_timeline,2363793,2343895090995255,416
post_tweet,9873463,2343895100908879,416
get_timeline,1946975,2343895102898748,416
get_timeline,1822648,2343895104768601,416
follow,9892444,2343895114696988,416
post_tweet,10307045,2343895125037579,416
add_user,8906884,2343895133986359,416
post_tweet,9693882,2343895143715236,416
follow,7484291,2343895151226729,416
get_timeline,1245996,2343895152506983,416
get_timeline,1060003,2343895153605347,416
post_tweet,9848306,2343895163490325,416
get_timeline,2347350,2343895165903493,416
post_tweet,7468317,2343895173433610,416
get_timeline,1426334,2343895174886025,416
get_timeline,1598876,2343895176524678,416
post_tweet,8828151,2343895185396073,416
add_user,10089584,2343895195524981,416
add_user,13232788,2343895208798361,416
follow,10647577,2343895219485212,416
follow,5080116,2343895224633620,416
post_tweet,8470006,2343895233145845,416
get_timeline,1345718,2343895234551527,416
get_timeline,1812358,2343895236404647,416
post_tweet,10934110,2343895247370468,416
follow,3691790,2343895251093394,416
get_timeline,2555686,2343895253679799,416
add_user,9987908,2343895263704961,416
post_tweet,7259452,2343895271003907,416
get_timeline,1708032,2343895272760092,416
get_timeline,2321182,2343895275134876,416
get_timeline,2278467,2343895277470784,416
follow,8149507,2343895285666042,416
post_tweet,15640129,2343895301385239,416
post_tweet,12851306,2343895314266932,416
get_timeline,2352437,2343895316669694,416
post_tweet,10751502,2343895327460057,416
follow,12546972,2343895340038038,416
get_timeline,1573921,2343895341655918,416
post_tweet,9755415,2343895351460842,416
get_timeline,1812193,2343895353315973,416
get_timeline,960297,2343895354320688,416
post_tweet,9212123,2343895363566975,416
get_timeline,2069316,2343895365675054,416
post_tweet,10894107,2343895376600428,416
get_timeline,1628446,2343895378266959,416
get_timeline,1982015,2343895380281997,416
post_tweet,10294766,2343895390611557,416
get_timeline,912418,2343895391556393,416
get_timeline,1791494,2343895393382747,416
get_timeline,1558241,2343895394978836,416
get_timeline,2084595,2343895397117395,416
get_timeline,1978472,2343895399161800,416
get_timeline,1216409,2343895400407769,416
follow,9626012,2343895410074213,416
get_timeline,1079829,2343895411220356,416
post_tweet,10145707,2343895421417106,416
add_user,11871112,2343895433345476,416
get_timeline,1368815,2343895434754369,416
follow,12361776,2343895447156945,416
post_tweet,8501436,2343895455697236,416
follow,8391762,2343895464130697,416
post_tweet,9963310,2343895474134223,416
follow,7086606,2343895481255789,416
post_tweet,11416336,2343895492699369,416
follow,9764277,2343895502497324,416
get_timeline,2107867,2343895504639658,416
get_timeline,1463262,2343895506146033,416
get_timeline,1774375,2343895507978565,416
post_tweet,8999995,2343895517036342,416
get_timeline,1659873,2343895518724361,416
follow,6534726,2343895525294039,416
get_timeline,1080790,2343895526408977,416
follow,10381043,2343895536819008,416
get_timeline,1984240,2343895538835241,416
post_tweet,7013698,2343895545883253,416
get_timeline,1441304,2343895547373260,416
get_timeline,1535809,2343895548944132,416
follow,6927181,2343895555915945,416
get_timeline,882331,2343895556846541,416
get_timeline,2022889,2343895558909646,416
get_timeline,1857134,2343895560819199,416
get_timeline,2125966,2343895562977675,416
follow,8113990,2343895571122622,416
post_tweet,13092891,2343895584247655,416
post_tweet,11973915,2343895596261264,416
get_timeline,1618842,2343895597958807,416
get_timeline,1207542,2343895599198724,416
get_timeline,999165,2343895600229585,416
post_tweet,11751895,2343895612014704,416
get_timeline,1521255,2343895613569207,416
post_tweet,9982369,2343895623588876,416
post_tweet,9987023,2343895633604097,416
post_tweet,10856542,2343895644489245,416
get_timeline,1606860,2343895646132755,416
get_timeline,2260500,2343895648431213,416
post_tweet,10244661,2343895658715078,416
get_timeline,1745708,2343895660508460,416
post_tweet,10481722,2343895671047077,416
get_timeline,1252795,2343895672341704,416
get_timeline,1112092,2343895673500861,416
post_tweet,8303326,2343895681833501,416
post_tweet,8697146,2343895690557274,416
get_timeline,1672052,2343895692300802,416
get_timeline,1268737,2343895693615200,416
follow,8091479,2343895701740861,416
post_tweet,10156305,2343895711928469,416
get_timeline,1812616,2343895713784399,416
get_timeline,1881334,2343895715706866,416
post_tweet,10060850,2343895725815937,416
post_tweet,8212686,2343895734059890,416
get_timeline,1514312,2343895735606013,416
get_timeline,2352234,2343895737994356,416
post_tweet,12762831,2343895750804409,416
follow,9127940,2343895759960089,416
post_tweet,13097358,2343895773114074,416
add_user,9936429,2343895783089391,416
get_timeline,1465458,2343895784590724,416
get_timeline,1065293,2343895785702391,416
follow,7934250,2343895793693788,416
get_timeline,1866867,2343895795599617,416
get_timeline,2457673,2343895798096608,416
get_timeline,1336448,2343895799464423,416
post_tweet,11281015,2343895810776512,416
get_timeline,2837941,2343895813646552,416
post_tweet,9247967,2343895822949339,416
get_timeline,1256241,2343895824241368,416
post_tweet,12225927,2343895836500121,416
get_timeline,1772888,2343895838314211,416
follow,8531624,2343895846874711,416
follow,8618917,2343895855539219,416
get_timeline,2442728,2343895858035912,416
post_tweet,13505984,2343895871602508,416
get_timeline,2162798,2343895873797710,416
get_timeline,2197867,2343895876052762,416
follow,8548453,2343895884638738,416
post_tweet,12285890,2343895896962161,416
follow,10181459,2343895907192184,416
post_tweet,10743131,2343895917985908,416
get_timeline,919646,2343895918950541,416
follow,11071879,2343895930065005,416
get_timeline,1396156,2343895931489685,416
get_timeline,2086424,2343895933617071,416
post_tweet,9701521,2343895943367830,416
post_tweet,13776536,2343895957175912,416
follow,10029214,2343895967252484,416
get_timeline,1972447,2343895969281447,416
follow,6140193,2343895975462774,416
post_tweet,9948348,2343895985444380,416
get_timeline,1403102,2343895986882391,416
follow,2789864,2343895989706369,416
get_timeline,1383259,2343895991155747,416
follow,5241527,2343895996450926,416
follow,3291493,2343895999775682,416
get_timeline,1322941,2343896001127620,416
get_timeline,2615319,2343896003792831,416
post_tweet,8443452,2343896012286189,416
post_tweet,14757691,2343896027081098,416
get_timeline,1581613,2343896028707315,416
get_timeline,1870601,2343896030618992,416
get_timeline,1631185,2343896032294637,416
post_tweet,7438890,2343896039793655,416
add_user,10745199,2343896050618879,416
get_timeline,1703285,2343896052349751,416
follow,8503114,2343896060881965,416
post_tweet,7939129,2343896068852226,416
get_timeline,693503,2343896069574503,416
get_timeline,1968573,2343896071576218,416
post_tweet,10667423,2343896082296552,416
follow,4674830,2343896087000133,416
get_timeline,1946185,2343896088993684,416
follow,1261648,2343896090324736,416
get_timeline,1664903,2343896092032217,416
follow,7649546,2343896099718634,416
get_timeline,1805257,2343896101568140,416
post_tweet,6074650,2343896107694825,416
get_timeline,1722560,2343896109457300,416
get_timeline,1046425,2343896110541110,416
follow,6943124,2343896117516983,416
follow,8828099,2343896126386365,416
post_tweet,9496260,2343896135965399,416
get_timeline,869113,2343896136883288,416
get_timeline,1673259,2343896138594369,416
post_tweet,8057697,2343896146693104,416
follow,7845560,2343896154573833,416
post_tweet,10391744,2343896165015440,416
get_timeline,2099196,2343896167166905,416
get_timeline,1648160,2343896168856624,416
follow,10477003,2343896179376175,416
post_tweet,12017878,2343896191421273,416
get_timeline,1856988,2343896193310736,416
get_timeline,1915263,2343896195278243,416
get_timeline,929777,2343896196242247,416
get_timeline,1881517,2343896198174310,416
follow,7848786,2343896206068856,416
follow,7686841,2343896213782239,416
get_timeline,1919487,2343896215733175,416
follow,6339743,2343896222115482,416
get_timeline,1413340,2343896223559377,416
get_timeline,1811303,2343896225415436,416
get_timeline,1008813,2343896226480454,416
follow,9221645,2343896235732942,416
post_tweet,9797509,2343896245562475,416
post_tweet,13664448,2343896259293814,416
follow,5882370,2343896265225494,416
follow,5117560,2343896270375345,416
get_timeline,1848327,2343896272256163,416
get_timeline,1192373,2343896273510073,416
get_timeline,1359326,2343896274905545,416
follow,10206554,2343896285177966,416
get_timeline,2165903,2343896287421085,416
post_tweet,15272400,2343896302770778,416
get_timeline,1162527,2343896303979431,416
get_timeline,1937000,2343896305973103,416
post_tweet,16459664,2343896322506594,416
follow,8192029,2343896330744108,416
follow,9836887,2343896340607215,416
get_timeline,1831838,2343896342472527,416
follow,7057427,2343896349563263,416
post_tweet,13758306,2343896363365692,416
get_timeline,1247231,2343896364663875,416
follow,10939673,2343896375650568,416
post_tweet,11592530,2343896387317939,416
get_timeline,1033969,2343896388395220,416
post_tweet,7500473,2343896395963322,416
get_timeline,2606876,2343896398629260,416
post_tweet,10204881,2343896408889111,416
post_tweet,7123381,2343896416056655,416
follow,8216204,2343896424327061,416
post_tweet,9681241,2343896434043353,416
post_tweet,5857262,2343896439942991,416
get_timeline,1896958,2343896441877226,416
get_timeline,1168165,2343896443085499,416
post_tweet,9383874,2343896452513100,416
post_tweet,9495795,2343896462042275,416
follow,11963607,2343896474050848,416
get_timeline,1892490,2343896475993366,416
post_tweet,8389473,2343896484454894,416
add_user,4008980,2343896488491565,416
get_timeline,2433882,2343896490952514,416
get_timeline,2499597,2343896493512496,416
get_timeline,1415391,2343896494969333,416
post_tweet,6382794,2343896501382311,416
follow,13054658,2343896514464331,416
get_timeline,1575174,2343896516080800,416
get_timeline,1408270,2343896517548009,416
get_timeline,1322778,2343896518903798,416
follow,8017267,2343896526951063,416
get_timeline,1448149,2343896528449691,416
get_timeline,1666366,2343896530173395,416
get_timeline,1696261,2343896531947429,416
get_timeline,1383229,2343896533368944,416
get_timeline,1667328,2343896535089221,416
get_timeline,815993,2343896535958307,416
post_tweet,11326382,2343896547314220,416
get_timeline,1595065,2343896548936793,416
get_timeline,1824770,2343896550801266,416
post_tweet,11042025,2343896561873966,416
post_tweet,11246749,2343896573153942,416
get_timeline,2823397,2343896576024795,416
post_tweet,9413856,2343896585494698,416
get_timeline,1460159,2343896586993346,416
follow,5508685,2343896592534850,416
get_timeline,1594273,2343896594155893,416
post_tweet,6350781,2343896600540225,416
post_tweet,8226823,2343896608794331,416
post_tweet,8912349,2343896617753447,416
post_tweet,11026188,2343896628825100,416
post_tweet,9502998,2343896638372516,416
add_user,10570404,2343896648985912,416
get_timeline,986688,2343896650008457,416
post_tweet,10085013,2343896660142016,416
post_tweet,10572488,2343896670743170,416
follow,6330033,2343896677104682,416
follow,14086997,2343896691229724,416
post_tweet,11556724,2343896702821542,416
follow,9113124,2343896711965972,416
get_timeline,1290006,2343896713332744,416
get_timeline,565656,2343896713941170,416
post_tweet,10692971,2343896724677728,416
follow,7543261,2343896732251550,416
post_tweet,8374684,2343896740656933,416
post_tweet,10674142,2343896751396170,416
post_tweet,11883749,2343896763322349,416
get_timeline,1661755,2343896765016283,416
get_timeline,1557447,2343896766626587,416
follow,8953830,2343896775611738,416
post_tweet,10185345,2343896785828144,416
post_tweet,10957925,2343896796846001,416
post_tweet,13901257,2343896810789803,416
post_tweet,13523340,2343896824344615,416
get_timeline,1877210,2343896826257683,416
follow,6172108,2343896832478322,416
post_tweet,6930954,2343896839445168,416
get_timeline,942328,2343896840424059,416
get_timeline,1025921,2343896841500790,416
get_timeline,1697412,2343896843232203,416
follow,7593315,2343896850896241,416
get_timeline,1584314,2343896852518008,416
get_timeline,2131555,2343896854680828,416
add_user,10956374,2343896865678540,416
post_tweet,12713322,2343896878423843,416
get_timeline,1062197,2343896879524781,416
post_tweet,12623755,2343896892187090,416
get_timeline,1164163,2343896893391755,416
get_timeline,2097185,2343896895526742,416
post_tweet,7581703,2343896903158787,416
get_timeline,1304067,2343896904502176,416
get_timeline,350172,2343896904893431,416
get_timeline,1581772,2343896906506781,416
get_timeline,1675144,2343896908213689,416
get_timeline,1964632,2343896910211567,416
get_timeline,1913575,2343896912202538,416
get_timeline,1416601,2343896913688425,416
post_tweet,8966064,2343896922691585,416
follow,6003780,2343896928749603,416
get_timeline,1994152,2343896930792000,416
post_tweet,11499668,2343896942329889,416
get_timeline,1588433,2343896943961357,416
post_tweet,9076734,2343896953071113,416
post_tweet,9446005,2343896962549461,416
get_timeline,2049609,2343896964656892,416
get_timeline,1816629,2343896966516691,416
follow,9057084,2343896975612521,416
follow,11985086,2343896987648287,416
get_timeline,1543813,2343896989226360,416
follow,10664093,2343896999920241,416
get_timeline,642377,2343897000594258,416
add_user,8564907,2343897009207934,416
follow,8637458,2343897017897496,416
get_timeline,2051769,2343897019995948,416
get_timeline,1506544,2343897021563875,416
post_tweet,9193559,2343897030800165,416
add_user,6695502,2343897037562414,416
follow,8037560,2343897045711809,416
get_timeline,1355679,2343897047117332,416
get_timeline,1711841,2343897048875541,416
get_timeline,2299687,2343897051235617,416
post_tweet,10768088,2343897062046789,416
get_timeline,1404874,2343897063479105,416
post_tweet,9102573,2343897072610864,416
get_timeline,1332568,2343897073992344,416
follow,12633307,2343897086662195,416
post_tweet,6555772,2343897093247627,416
follow,4676508,2343897098020272,416
get_timeline,1253298,2343897099304244,416
add_user,11056950,2343897110420013,416
post_tweet,10721203,2343897121170066,416
get_timeline,1188058,2343897122406285,416
get_timeline,1780541,2343897124237740,416
get_timeline,1304658,2343897125581389,416
get_timeline,1459165,2343897127075242,416
get_timeline,1881380,2343897128995450,416
follow,10791383,2343897139826256,416
post_tweet,13292034,2343897153155579,416
post_tweet,9446660,2343897162652423,416
get_timeline,1580539,2343897164272374,416
post_tweet,8624300,2343897172936458,416
get_timeline,2166613,2343897175130090,416
get_timeline,964271,2343897176134246,416
follow,6370126,2343897182545488,416
post_tweet,16514267,2343897199087982,416
follow,5047344,2343897204177911,416
post_tweet,10926991,2343897215138976,416
post_tweet,9876433,2343897225048294,416
get_timeline,1360105,2343897226438181,416
follow,4182409,2343897230656537,416
get_timeline,2406390,2343897233091548,416
post_tweet,9703012,2343897242829242,416
follow,6607929,2343897249467371,416
get_timeline,1543567,2343897251044007,416
get_timeline,1035423,2343897252138483,416
post_tweet,10463465,2343897262687935,416
get_timeline,1679366,2343897264405898,416
post_tweet,14496538,2343897278969365,416
post_tweet,10196419,2343897289216056,416
get_timeline,1652697,2343897290947015,416
follow,10520906,2343897301552495,416
get_timeline,1101401,2343897302680017,416
get_timeline,1692643,2343897304401912,416
post_tweet,12059058,2343897316491946,416
follow,11932727,2343897328462868,416
follow,11366558,2343897339867813,416
post_tweet,8278595,2343897348194480,416
get_timeline,1152345,2343897349390695,416
get_timeline,1284298,2343897350718780,416
get_timeline,1419856,2343897352180960,416
post_tweet,13169524,2343897365389209,416
get_timeline,1293948,2343897366729919,416
get_timeline,1192396,2343897367967453,416
get_timeline,1196338,2343897369254299,416
post_tweet,8223674,2343897377527476,416
get_timeline,1675016,2343897379246910,416
post_tweet,9615164,2343897388908502,416
post_tweet,12196862,2343897401137385,416
post_tweet,11413515,2343897412590597,416
get_timeline,1052758,2343897413712488,416
get_timeline,1488811,2343897415231718,416
post_tweet,8137491,2343897423397890,416
get_timeline,1470939,2343897424907730,416
get_timeline,1469379,2343897426416627,416
post_tweet,13933668,2343897440386717,416
add_user,12828086,2343897453260885,416
follow,5733702,2343897459038022,416
post_tweet,6978189,2343897466045318,416
follow,13470152,2343897479547169,416
get_timeline,1739975,2343897481321113,416
follow,4821141,2343897486214563,416
get_timeline,1143379,2343897487392419,416
get_timeline,905945,2343897488353258,416
get_timeline,2302018,2343897490710084,416
post_tweet,10092719,2343897500858103,416
get_timeline,1950379,2343897502840521,416
get_timeline,2187932,2343897505058705,416
get_timeline,2346423,2343897507456081,416
post_tweet,7637433,2343897515131861,416
get_timeline,1869479,2343897517035710,416
get_timeline,1005030,2343897518107801,416
post_tweet,10321653,2343897528474475,416
post_tweet,9233437,2343897537750698,416
get_timeline,2267675,2343897540103050,416
get_timeline,2133015,2343897542313328,416
get_timeline,1446332,2343897543815649,416
get_timeline,1651388,2343897545498218,416
post_tweet,7499493,2343897553036513,416
post_tweet,9528170,2343897562614276,416
get_timeline,1419897,2343897564063956,416
get_timeline,259609,2343897564357131,416
add_user,5338751,2343897569725917,416
add_user,10027025,2343897579792916,416
post_tweet,10125905,2343897589957388,416
get_timeline,1419082,2343897591428591,416
get_timeline,942529,2343897592412096,416
post_tweet,11298574,2343897603748727,416
get_timeline,1652062,2343897605441594,416
get_timeline,514018,2343897605999505,416
get_timeline,1959071,2343897607990624,416
get_timeline,987744,2343897609038944,416
get_timeline,1015569,2343897610096687,416
get_timeline,1219582,2343897611350569,416
get_timeline,1477383,2343897612873601,416
post_tweet,10705122,2343897623627983,416
get_timeline,1789674,2343897625460529,416
follow,7131706,2343897632631661,416
post_tweet,8261342,2343897640934780,416
post_tweet,7006441,2343897647992473,416
post_tweet,12220052,2343897660267347,416
follow,9111996,2343897669468113,416
get_timeline,1569127,2343897671081345,416
get_timeline,2229751,2343897673354321,416
get_timeline,1518309,2343897674909867,416
post_tweet,10034576,2343897684979225,416
get_timeline,1239065,2343897686276510,416
follow,9391546,2343897695726218,416
get_timeline,1990496,2343897697750934,416
post_tweet,9478089,2343897707268220,416
get_timeline,1273030,2343897708574339,416
get_timeline,11042898,2343897719653632,416
get_timeline,509181,2343897720217040,416
get_timeline,509518,2343897720770550,416
get_timeline,8882056,2343897729699533,416
get_timeline,7651009,2343897737402518,416
post_tweet,38861934,2343897776321923,416
follow,4342336,2343897780713704,416
get_timeline,1271228,2343897782035873,416
get_timeline,1565698,2343897783657617,416
follow,4576259,2343897788285131,416
follow,2506468,2343897790867491,416
post_tweet,35300287,2343897826197240,416
add_user,4304457,2343897830551002,416
follow,3889652,2343897834549075,416
get_timeline,670484,2343897835280589,416
get_timeline,751940,2343897836065617,416
post_tweet,32870921,2343897868978581,416
get_timeline,664246,2343897869693942,416
get_timeline,763115,2343897870505830,416
post_tweet,25613349,2343897896199387,416
get_timeline,981431,2343897897234776,416
post_tweet,30963498,2343897928295688,416
get_timeline,5293488,2343897933627994,416
post_tweet,25984385,2343897959654766,416
post_tweet,7972411,2343897967683666,416
get_timeline,2058179,2343897969791475,416
get_timeline,2649647,2343897972530440,416
follow,5808077,2343897978377238,416
post_tweet,10227140,2343897988651443,416
add_user,14816311,2343898003513367,416
get_timeline,784590,2343898004332534,416
get_timeline,2629383,2343898006994217,416
get_timeline,1083060,2343898008107738,416
get_timeline,1168659,2343898009319361,416
get_timeline,3575466,2343898012935133,416
post_tweet,13543451,2343898026524448,416
get_timeline,1837619,2343898028426472,416
get_timeline,2437096,2343898030900596,416
get_timeline,548255,2343898031510898,416
post_tweet,9083379,2343898040630946,416
add_user,7993519,2343898048662601,416
get_timeline,1208111,2343898049899421,416
get_timeline,2134000,2343898052062900,416
post_tweet,18912722,2343898071034130,416
follow,4360143,2343898075437471,416
get_timeline,3480063,2343898078972560,416
post_tweet,9401634,2343898088446020,416
get_timeline,1479205,2343898089960639,416
post_tweet,7111424,2343898097105371,416
post_tweet,8318673,2343898105466794,416
follow,8013534,2343898113509836,416
post_tweet,13364008,2343898126906134,416
post_tweet,7232981,2343898134186475,416
post_tweet,10302975,2343898144555207,416
get_timeline,1168976,2343898145773865,416
get_timeline,436678,2343898146259391,416
get_timeline,1251564,2343898147566863,416
get_timeline,2615197,2343898150230559,416
get_timeline,1013771,2343898151275013,416
post_tweet,7812823,2343898159117697,416
get_timeline,1985539,2343898161138274,416
post_tweet,105945884,2343898267192270,416
get_timeline,2305503,2343898269566157,416
get_timeline,6863354,2343898276561250,416
get_timeline,2069909,2343898278681529,416
get_timeline,1881858,2343898280602347,416
get_timeline,1398520,2343898282053233,416
post_tweet,7368310,2343898289472724,416
get_timeline,1896686,2343898291468091,416
post_tweet,9753835,2343898301292129,416
post_tweet,165665728,2343898467017843,416
get_timeline,1354322,2343898468429928,416
post_tweet,10931922,2343898479432487,416
get_timeline,2240902,2343898481726020,416
post_tweet,8918060,2343898490689703,416
get_timeline,38591130,2343898529323434,416
post_tweet,87171954,2343898616552567,416
get_timeline,665458,2343898617291277,416
post_tweet,6562148,2343898623935340,416
post_tweet,104858586,2343898728822473,416
post_tweet,10166588,2343898739072429,416
get_timeline,1323538,2343898740441815,416
get_timeline,1959053,2343898742460336,416
get_timeline,1486877,2343898743979825,416
get_timeline,1946697,2343898745998565,416
post_tweet,9720356,2343898755768165,416
post_tweet,5386950,2343898761201858,416
post_tweet,8392237,2343898769636792,416
post_tweet,7204436,2343898776872879,416
post_tweet,9377418,2343898786284534,416
post_tweet,10677749,2343898797078761,416
get_timeline,1668927,2343898798775874,416
get_timeline,1969935,2343898800786620,416
post_tweet,9795774,2343898810650424,416
post_tweet,9520031,2343898820198831,416
follow,13395019,2343898833626943,416
get_timeline,1747045,2343898835403802,416
get_timeline,821905,2343898836257868,416
get_timeline,2062436,2343898838367113,416
post_tweet,11282923,2343898849722464,416
get_timeline,423557,2343898850196133,416
get_timeline,2216878,2343898852448551,416
follow,8545093,2343898861044069,416
get_timeline,851544,2343898861937406,416
get_timeline,2528808,2343898864513349,416
post_tweet,8259992,2343898872816252,416
get_timeline,1140449,2343898873985917,416
get_timeline,2409992,2343898876449745,416
get_timeline,1337932,2343898877842236,416
post_tweet,12101748,2343898889975825,416
get_timeline,738848,2343898890742388,416
post_tweet,13075597,2343898903859812,416
get_timeline,2132261,2343898906026030,416
follow,7687226,2343898913762733,416
follow,7697307,2343898921529863,416
post_tweet,8505520,2343898930073360,416
get_timeline,1667042,2343898931767859,416
get_timeline,1149148,2343898932945766,416
add_user,9743085,2343898942731641,416
get_timeline,1627310,2343898944388021,416
follow,5579580,2343898950005836,416
get_timeline,1222153,2343898951273766,416
get_timeline,2581105,2343898953905656,416
post_tweet,10330779,2343898964282781,416
follow,7586545,2343898971900245,416
follow,9376226,2343898981307433,416
get_timeline,2130970,2343898983481123,416
follow,12067110,2343898995592090,416
get_timeline,1530497,2343898997154232,416
get_timeline,2130900,2343898999338949,416
get_timeline,2112241,2343899001484840,416
post_tweet,8303269,2343899009823975,416
post_tweet,9228916,2343899019093449,416
get_timeline,2121955,2343899021264962,416
get_timeline,1236324,2343899022548262,416
add_user,4628038,2343899027215123,416
get_timeline,858711,2343899028111221,416
post_tweet,10154962,2343899038305853,416
get_timeline,689895,2343899039042532,416
get_timeline,1322304,2343899040416559,416
get_timeline,1246625,2343899041721403,416
post_tweet,11528569,2343899053287737,416
get_timeline,2237069,2343899055567821,416
post_tweet,12895289,2343899068505556,416
get_timeline,1693025,2343899070241054,416
follow,8503316,2343899078781551,416
add_user,7813187,2343899086630660,416
get_timeline,2230290,2343899088895162,416
get_timeline,1530860,2343899090465626,416
get_timeline,1265116,2343899091776594,416
post_tweet,9597733,2343899101410460,416
post_tweet,6427514,2343899107892878,416
add_user,9451655,2343899117381106,416
follow,16369514,2343899133783497,416
get_timeline,951831,2343899134768159,416
get_timeline,839757,2343899135648889,416
post_tweet,8831478,2343899144516145,416
get_timeline,1692963,2343899146252411,416
post_tweet,10594822,2343899156909494,416
follow,10056593,2343899167013419,416
post_tweet,11718809,2343899178784720,416
get_timeline,2686941,2343899181510244,416
post_tweet,15167089,2343899196715340,416
get_timeline,1544825,2343899198331366,416
post_tweet,25901354,2343899224269926,416
post_tweet,48042154,2343899272364801,416
get_timeline,446066,2343899272867365,416
post_tweet,56889312,2343899329818536,416
post_tweet,9691000,2343899339597648,416
get_timeline,2756019,2343899342409663,416
post_tweet,10306961,2343899352764473,416
get_timeline,1248466,2343899354041409,416
post_tweet,6901963,2343899360974495,416
post_tweet,5490753,2343899366498568,416
get_timeline,1867373,2343899368439781,416
get_timeline,1379199,2343899369872597,416
get_timeline,1146543,2343899371074770,416
get_timeline,1253768,2343899372373782,416
get_timeline,1571743,2343899374006618,416
get_timeline,1138224,2343899375199536,416
get_timeline,2093265,2343899377333449,416
get_timeline,857950,2343899378231853,416
get_timeline,2692693,2343899380960171,416
post_tweet,8460650,2343899389452406,416
follow,6709966,2343899396194826,416
post_tweet,13698550,2343899409940190,416
get_timeline,2137246,2343899412121144,416
get_timeline,1393058,2343899413624683,416
get_timeline,1407384,2343899415071986,416
get_timeline,1904441,2343899417015715,416
get_timeline,1522739,2343899418605856,416
post_tweet,12183041,2343899430859035,416
follow,6263045,2343899437156663,416
get_timeline,1634204,2343899438822345,416
add_user,10212530,2343899449098941,416
add_user,6090319,2343899455234822,416
post_tweet,8190263,2343899463482364,416
get_timeline,1559131,2343899465087391,416
post_tweet,9097771,2343899474238898,416
post_tweet,11124795,2343899485394367,416
get_timeline,830681,2343899486271007,416
get_timeline,2642609,2343899488960623,416
get_timeline,755233,2343899489752648,416
get_timeline,1122776,2343899490909902,416
post_tweet,10308825,2343899501276320,416
follow,11536945,2343899512848645,416
add_user,11501248,2343899524392028,416
post_tweet,8825431,2343899533267343,416
get_timeline,1699235,2343899535017195,416
get_timeline,2417904,2343899537497565,416
get_timeline,1760517,2343899539329008,416
follow,6751269,2343899546142028,416
post_tweet,11380372,2343899557581021,416
get_timeline,694725,2343899558312209,416
follow,6908846,2343899565253689,416
get_timeline,1131681,2343899566425652,416
post_tweet,6782397,2343899573242300,416
get_timeline,1335469,2343899574629185,416
get_timeline,1840437,2343899576508508,416
post_tweet,9743251,2343899586303819,416
get_timeline,6044160,2343899592386536,416
add_user,3269587,2343899595744391,416
post_tweet,3821227,2343899599601476,416
get_timeline,629985,2343899600271538,416
add_user,48707616,2343899649024439,416
get_timeline,1366244,2343899650440467,416
get_timeline,14149198,2343899664726432,416
add_user,3444846,2343899668268076,416
get_timeline,1149892,2343899669535738,416
get_timeline,6562852,2343899676205884,416
follow,3089517,2343899679328879,416
get_timeline,465962,2343899679821716,416
get_timeline,11133922,2343899690997850,416
get_timeline,449347,2343899691481513,416
follow,2658909,2343899694169197,416
get_timeline,10176921,2343899704384149,416
follow,3768926,2343899708196776,416
post_tweet,10295448,2343899718541372,416
follow,9108559,2343899727694079,416
get_timeline,1731337,2343899729456462,416
post_tweet,9231493,2343899738722621,416
get_timeline,2529478,2343899741281763,416
get_timeline,1651982,2343899742975254,416
get_timeline,2266362,2343899745291865,416
get_timeline,2296923,2343899747656593,416
get_timeline,1578069,2343899749280570,416
post_tweet,10895669,2343899760217044,416
follow,7988011,2343899768239070,416
get_timeline,1653569,2343899770692764,416
get_timeline,1893422,2343899772621196,416
get_timeline,1328853,2343899773989218,416
get_timeline,1106152,2343899775156186,416
get_timeline,1508850,2343899776703139,416
follow,7123663,2343899783871217,416
get_timeline,1536010,2343899785509579,416
post_tweet,10777207,2343899796383634,416
post_tweet,8263270,2343899804680804,416
get_timeline,2175960,2343899806932325,416
post_tweet,10614748,2343899817617531,416
post_tweet,13378405,2343899831027762,416
post_tweet,14609482,2343899845666640,416
post_tweet,9426125,2343899855126236,416
get_timeline,2714952,2343899857914848,416
get_timeline,1050719,2343899858998267,416
post_tweet,10576394,2343899869623176,416
follow,8055040,2343899877930400,416
get_timeline,1901332,2343899879879769,416
post_tweet,11617989,2343899891551778,416
post_tweet,10093311,2343899901696807,416
get_timeline,2073159,2343899903818399,416
get_timeline,2540027,2343899906406921,416
post_tweet,8665760,2343899915271433,416
get_timeline,2729701,2343899918081056,416
get_timeline,3279992,2343899921495009,416
get_timeline,2926081,2343899924461266,416
get_timeline,1570390,2343899926068450,416
get_timeline,2051842,2343899928150688,416
post_tweet,10740573,2343899938932678,416
follow,16159681,2343899955128169,416
get_timeline,1179275,2343899956351685,416
post_tweet,9591418,2343899965979194,416
post_tweet,12922234,2343899978946394,416
get_timeline,2453017,2343899981430094,416
post_tweet,5043664,2343899986528170,416
post_tweet,9790124,2343899996363346,416
get_timeline,2084008,2343899998506243,416
post_tweet,10928840,2343900009465490,416
get_timeline,1819897,2343900011494753,416
follow,5366025,2343900016888221,416
post_tweet,14749709,2343900031664347,416
follow,6463479,2343900038159625,416
post_tweet,8471615,2343900047146383,416
post_tweet,10271284,2343900057456833,416
get_timeline,1981873,2343900059484984,416
follow,5876186,2343900065405701,416
get_timeline,1954964,2343900067431384,416
get_timeline,2290618,2343900069760154,416
get_timeline,2395833,2343900072215561,416
get_timeline,812651,2343900073090998,416
get_timeline,2171738,2343900075297896,416
get_timeline,1071715,2343900076405066,416
get_timeline,1406709,2343900077862228,416
add_user,8627637,2343900086518021,416
follow,8761511,2343900095305067,416
follow,7813879,2343900103153427,416
post_tweet,10359010,2343900113542305,416
follow,6884575,2343900120455165,416
post_tweet,12263245,2343900132766721,416
add_user,11723186,2343900144534892,416
get_timeline,2527219,2343900147107435,416
get_timeline,1891475,2343900149043823,416
follow,9364430,2343900158441383,416
follow,10510986,2343900168984774,416
get_timeline,1024363,2343900170042423,416
get_timeline,2165503,2343900172241287,416
get_timeline,1778661,2343900174050602,416
get_timeline,1604483,2343900175683864,416
post_tweet,9598306,2343900185331474,416
add_user,10432553,2343900195793526,416
get_timeline,1267604,2343900197090112,416
post_tweet,10400080,2343900207525126,416
post_tweet,12139517,2343900219966900,416
get_timeline,1634824,2343900221628785,416
get_timeline,1386898,2343900223048397,416
follow,10119039,2343900233194904,416
get_timeline,1527558,2343900234750852,416
follow,11962898,2343900246746771,416
follow,5988379,2343900252767489,416
follow,4852397,2343900257666467,416
post_tweet,12759231,2343900270461574,416
post_tweet,8103212,2343900278593324,416
get_timeline,2337447,2343900280981362,416
follow,13773960,2343900294807453,416
get_timeline,2312612,2343900297148610,416
get_timeline,1385178,2343900298562986,416
post_tweet,12393161,2343900310985395,416
get_timeline,1648954,2343900312670271,416
get_timeline,1115784,2343900313816496,416
follow,10298558,2343900324142457,416
get_timeline,1378494,2343900325552656,416
get_timeline,1561705,2343900327147991,416
get_timeline,1650518,2343900328841823,416
follow,4574864,2343900333455918,416
get_timeline,1073377,2343900334575146,416
get_timeline,1457599,2343900336079745,416
get_timeline,1842005,2343900338013060,416
follow,9699108,2343900347763170,416
post_tweet,6785660,2343900354586409,416
post_tweet,13974516,2343900368592411,416
post_tweet,6061166,2343900374685006,416
get_timeline,2201882,2343900376933910,416
post_tweet,11918786,2343900388907214,416
follow,9922563,2343900398870848,416
get_timeline,2053292,2343900400957401,416
get_timeline,1056540,2343900402052387,416
post_tweet,11109458,2343900413202070,416
post_tweet,12370850,2343900425650527,416
get_timeline,1796942,2343900427502080,416
get_timeline,1144888,2343900428700870,416
get_timeline,2461234,2343900431220511,416
get_timeline,2237172,2343900433740409,416
post_tweet,8748966,2343900442530413,416
post_tweet,12606665,2343900455165198,416
get_timeline,689417,2343900455895701,416
get_timeline,1285205,2343900457282445,416
get_timeline,1369988,2343900458701970,416
post_tweet,8252189,2343900466991678,416
get_timeline,1836444,2343900468867738,416
get_timeline,1756952,2343900470692959,416
follow,9714996,2343900480448069,416
follow,4692080,2343900485171852,416
get_timeline,838156,2343900486043072,416
get_timeline,1547822,2343900487629722,416
get_timeline,1738130,2343900489401192,416
add_user,8670813,2343900498108205,416
get_timeline,820554,2343900498964010,416
post_tweet,12475553,2343900511478365,416
follow,5402129,2343900516922597,416
post_tweet,13367371,2343900530335130,416
post_tweet,6959876,2343900537329658,416
post_tweet,11353189,2343900548712510,416
get_timeline,1790944,2343900550533434,416
get_timeline,1249737,2343900551825380,416
get_timeline,1618935,2343900553478926,416
post_tweet,12594284,2343900566130700,416
get_timeline,2298410,2343900568460628,416
follow,6277756,2343900574772592,416
get_timeline,1419959,2343900576240711,416
get_timeline,2796705,2343900579077787,416
get_timeline,1910691,2343900581120630,416
get_timeline,1398384,2343900582812711,416
get_timeline,2562499,2343900585410933,416
get_timeline,1360403,2343900586817636,416
post_tweet,7587025,2343900594451468,416
get_timeline,2386063,2343900596895396,416
follow,6094710,2343900603029809,416
follow,6068182,2343900609142649,416
get_timeline,1853566,2343900611026605,416
get_timeline,988976,2343900612056216,416
get_timeline,1541989,2343900613632760,416
follow,7279828,2343900620998284,416
follow,7058432,2343900628106531,416
post_tweet,9005957,2343900637144896,416
post_tweet,9478601,2343900646686606,416
add_user,10162479,2343900657715237,416
get_timeline,1225707,2343900658998392,416
get_timeline,1021346,2343900660064873,416
get_timeline,832640,2343900660976606,416
post_tweet,12795767,2343900673826739,416
get_timeline,1608823,2343900675464129,416
post_tweet,9882624,2343900685386824,416
get_timeline,1490690,2343900686905633,416
post_tweet,10063935,2343900697010794,416
get_timeline,1852969,2343900698890640,416
get_timeline,1346430,2343900700277830,416
post_tweet,12298634,2343900712623015,416
post_tweet,9555735,2343900722208848,416
get_timeline,1911306,2343900724171693,416
get_timeline,2478545,2343900726710023,416
get_timeline,1297223,2343900728064909,416
post_tweet,8444408,2343900736602482,416
get_timeline,739856,2343900737401939,416
post_tweet,9837837,2343900747286507,416
get_timeline,1496257,2343900748807666,416
follow,7562152,2343900756408212,416
post_tweet,13436782,2343900769872412,416
post_tweet,10226588,2343900780172842,416
post_tweet,9070253,2343900789290942,416
get_timeline,1733300,2343900791069120,416
post_tweet,6799112,2343900797912581,416
get_timeline,930689,2343900798884250,416
get_timeline,1758688,2343900800682230,416
post_tweet,7419985,2343900808132501,416
post_tweet,10098433,2343900818260297,416
get_timeline,1256392,2343900819553518,416
get_timeline,1359889,2343900820960275,416
post_tweet,12416943,2343900833435970,416
get_timeline,1464122,2343900834934298,416
post_tweet,9259338,2343900844233637,416
get_timeline,685510,2343900844950921,416
get_timeline,2048431,2343900847034973,416
post_tweet,10510359,2343900857607526,416
get_timeline,1776779,2343900859440594,416
get_timeline,1582672,2343900861060527,416
get_timeline,1096766,2343900862196803,416
get_timeline,695859,2343900862921389,416
get_timeline,1662837,2343900864621800,416
post_tweet,11033120,2343900875686208,416
post_tweet,14477235,2343900890205188,416
get_timeline,1651805,2343900891930114,416
post_tweet,9857063,2343900901832217,416
follow,12079981,2343900913982802,416
follow,12854587,2343900926865603,416
get_timeline,1213408,2343900928115090,416
follow,11626063,2343900939793805,416
post_tweet,6845886,2343900946693128,416
add_user,8033543,2343900954762884,416
get_timeline,1856458,2343900956676385,416
post_tweet,26150439,2343900982869893,416
post_tweet,6210970,2343900989125689,416
follow,12420164,2343901001571634,416
post_tweet,10937949,2343901012562522,416
follow,6307521,2343901018942339,416
post_tweet,9696207,2343901028684847,416
get_timeline,1030464,2343901029758228,416
get_timeline,911232,2343901030698023,416
get_timeline,4151915,2343901034879453,416
post_tweet,5975472,2343901040909891,416
get_timeline,904654,2343901041905688,416
follow,2111224,2343901044079775,416
get_timeline,1093387,2343901045224568,416
post_tweet,4767933,2343901050022008,416
post_tweet,18149012,2343901068198197,416
get_timeline,1695291,2343901069968452,416
follow,15406084,2343901085409769,416
post_tweet,9108488,2343901094582040,416
get_timeline,1467712,2343901096105003,416
get_timeline,672423,2343901096807392,416
get_timeline,12871068,2343901109716158,416
post_tweet,4293525,2343901114053125,416
get_timeline,453913,2343901114542417,416
post_tweet,21020044,2343901135600249,416
post_tweet,24178935,2343901159819716,416
get_timeline,1447205,2343901161302617,416
post_tweet,9315259,2343901170710600,416
get_timeline,2216258,2343901172955920,416
get_timeline,1144509,2343901174140252,416
post_tweet,12505038,2343901186684212,416
add_user,8649070,2343901195377849,416
get_timeline,1559752,2343901196975129,416
get_timeline,1304310,2343901198316868,416
get_timeline,1164676,2343901199531992,416
get_timeline,2490785,2343901202074116,416
post_tweet,8135773,2343901210250524,416
get_timeline,2931760,2343901213209020,416
get_timeline,829844,2343901214093082,416
get_timeline,1364346,2343901215486998,416
add_user,6224097,2343901221745004,416
post_tweet,19873149,2343901241663628,416
post_tweet,24709111,2343901266430644,416
get_timeline,1461007,2343901267989439,416
get_timeline,1880916,2343901269951882,416
get_timeline,1795685,2343901271796595,416
post_tweet,5178846,2343901277045553,416
get_timeline,1005750,2343901278089633,416
get_timeline,764628,2343901278901362,416
post_tweet,4988266,2343901283930794,416
post_tweet,14701621,2343901298689534,416
add_user,6239398,2343901304967157,416
follow,5680887,2343901310679958,416
post_tweet,8920544,2343901319635240,416
post_tweet,11285586,2343901330984238,416
post_tweet,11211506,2343901342235826,416
get_timeline,1475976,2343901343782789,416
get_timeline,1232983,2343901345047097,416
follow,9698972,2343901354780978,416
add_user,8197070,2343901363008475,416
follow,2825599,2343901365863693,416
post_tweet,9414869,2343901375308773,416
post_tweet,10287881,2343901385634944,416
post_tweet,8707130,2343901394377092,416
get_timeline,1783634,2343901396235883,416
get_timeline,1915910,2343901398193811,416
get_timeline,2296521,2343901400529048,416
get_timeline,2393317,2343901402961122,416
get_timeline,749188,2343901403739576,416
get_timeline,574156,2343901404341319,416
get_timeline,783843,2343901405152700,416
post_tweet,6934682,2343901412119611,416
get_timeline,3012240,2343901415161560,416
follow,13565933,2343901428761053,416
get_timeline,1671836,2343901430464992,416
get_timeline,1997779,2343901432497585,416
get_timeline,1438324,2343901433976184,416
follow,10139454,2343901444147351,416
get_timeline,1607173,2343901445791086,416
get_timeline,1874115,2343901447705104,416
get_timeline,2318390,2343901450063032,416
post_tweet,10665139,2343901460771126,416
follow,2757901,2343901463554632,416
get_timeline,495952,2343901464073341,416
add_user,12026337,2343901476132207,416
get_timeline,1677234,2343901477840425,416
get_timeline,2217099,2343901480119165,416
add_user,6978998,2343901487153806,416
follow,10052364,2343901497263270,416
get_timeline,1915853,2343901499235718,416
get_timeline,2476959,2343901501767726,416
get_timeline,2027693,2343901503904397,416
follow,10273639,2343901514208657,416
get_timeline,980638,2343901515227262,416
get_timeline,1680804,2343901516941649,416
follow,7400746,2343901524385133,416
get_timeline,2353706,2343901526777738,416
get_timeline,1751367,2343901528558716,416
post_tweet,9328662,2343901537927125,416
post_tweet,16296343,2343901554265654,416
get_timeline,3494199,2343901558539069,416
follow,10834494,2343901569433985,416
post_tweet,9020401,2343901578483119,416
get_timeline,1915657,2343901580447003,416
follow,9694419,2343901590178587,416
get_timeline,2019680,2343901592233081,416
get_timeline,1742368,2343901594005287,416
post_tweet,9754658,2343901603790658,416
get_timeline,576465,2343901604406806,416
get_timeline,1544209,2343901605985884,416
get_timeline,1716776,2343901607746769,416
get_timeline,1274776,2343901609054544,416
add_user,11996493,2343901621096403,416
follow,10926655,2343901632066931,416
post_tweet,10903830,2343901643028340,416
post_tweet,10186155,2343901653250115,416
post_tweet,10412648,2343901663696866,416
get_timeline,1364306,2343901665089538,416
post_tweet,12923845,2343901678047451,416
post_tweet,14387478,2343901692468422,416
get_timeline,403483,2343901692902338,416
post_tweet,10151346,2343901703088946,416
get_timeline,2502044,2343901705639961,416
follow,1984742,2343901707660622,416
follow,13396647,2343901721094905,416
get_timeline,2776887,2343901723959427,416
post_tweet,9973645,2343901734021946,416
follow,10079604,2343901744132415,416
post_tweet,6166141,2343901750371439,416
get_timeline,1029161,2343901751445367,416
get_timeline,1699783,2343901753183833,416
get_timeline,1800130,2343901755040988,416
get_timeline,1055973,2343901756131545,416
follow,11589247,2343901767755648,416
post_tweet,6051143,2343901773844018,416
follow,4881975,2343901778759499,416
post_tweet,7598043,2343901786403323,416
post_tweet,8870083,2343901795307814,416
follow,6548596,2343901801889508,416
post_tweet,7350631,2343901809307396,416
get_timeline,1337341,2343901810686997,416
get_timeline,1799516,2343901812516842,416
post_tweet,9000783,2343901821557770,416
get_timeline,1464152,2343901823056601,416
add_user,10244242,2343901833349979,416
post_tweet,14156618,2343901847564014,416
get_timeline,2065594,2343901849665208,416
post_tweet,10566238,2343901860274444,416
post_tweet,7103165,2343901867436304,416
follow,6539341,2343901874012717,416
get_timeline,314637,2343901874365159,416
get_timeline,1593099,2343901875986920,416
get_timeline,2937682,2343901879004015,416
post_tweet,9166148,2343901888205046,416
get_timeline,1384039,2343901889624927,416
follow,10823036,2343901900476741,416
follow,7676426,2343901908186252,416
post_tweet,10893386,2343901919130704,416
follow,10132931,2343901929290203,416
get_timeline,1072189,2343901930389731,416
get_timeline,2088864,2343901932508850,416
post_tweet,6704426,2343901939252993,416
post_tweet,9429248,2343901948728392,416
follow,6625800,2343901955385175,416
get_timeline,1955470,2343901957450449,416
get_timeline,1920811,2343901959426293,416
follow,8693417,2343901968173565,416
follow,5793074,2343901973991865,416
post_tweet,6874651,2343901980903754,416
get_timeline,1900251,2343901982850062,416
get_timeline,1752163,2343901984654667,416
post_tweet,11258915,2343901995961569,416
follow,6956474,2343902002977225,416
post_tweet,9881951,2343902012904421,416
get_timeline,579698,2343902013520891,416
get_timeline,457065,2343902014014805,416
get_timeline,598999,2343902014649799,416
get_timeline,1433789,2343902016131917,416
get_timeline,1982273,2343902018171591,416
post_tweet,10358328,2343902028575865,416
post_tweet,9118260,2343902037752087,416
follow,5715975,2343902043542451,416
post_tweet,9647824,2343902053225717,416
get_timeline,1358644,2343902054622595,416
post_tweet,12643244,2343902067315834,416
get_timeline,1315295,2343902068665877,416
follow,11070629,2343902079774136,416
get_timeline,1126804,2343902080967146,416
get_timeline,1134977,2343902082180927,416
get_timeline,990934,2343902083219480,416
get_timeline,2018603,2343902085287117,416
get_timeline,1821350,2343902087152440,416
follow,12420438,2343902099600853,416
post_tweet,7565908,2343902107195925,416
post_tweet,10995407,2343902118228959,416
get_timeline,1655153,2343902119927678,416
post_tweet,13359473,2343902133332656,416
get_timeline,1657957,2343902135030450,416
post_tweet,8575574,2343902143638950,416
add_user,10260032,2343902153931165,416
get_timeline,3264586,2343902157231365,416
add_user,18048655,2343902175319622,416
get_timeline,1721946,2343902177091138,416
get_timeline,1388676,2343902178514369,416
get_timeline,1699027,2343902180296600,416
post_tweet,10508027,2343902190850037,416
follow,7472472,2343902198358438,416
post_tweet,10872648,2343902209272563,416
post_tweet,12085098,2343902221404771,416
get_timeline,2474021,2343902223937367,416
post_tweet,8865764,2343902232883961,416
follow,5245556,2343902238166227,416
get_timeline,1552811,2343902239756943,416
get_timeline,1213310,2343902241022674,416
post_tweet,11826718,2343902252907666,416
get_timeline,1796767,2343902254741716,416
post_tweet,10804207,2343902265583804,416
post_tweet,11432303,2343902277044756,416
get_timeline,833162,2343902277913909,416
get_timeline,483893,2343902278425994,416
get_timeline,1176013,2343902279638970,416
get_timeline,2011598,2343902281685813,416
post_tweet,10241268,2343902291965488,416
get_timeline,2099812,2343902294092457,416
get_timeline,2454227,2343902296579039,416
get_timeline,791767,2343902297411078,416
follow,4995985,2343902302434294,416
follow,4385550,2343902306849207,416
post_tweet,8426191,2343902315307383,416
post_tweet,8172329,2343902323522898,416
get_timeline,2526355,2343902326081570,416
post_tweet,10794673,2343902336914352,416
get_timeline,1763753,2343902338711913,416
follow,5281774,2343902344027641,416
get_timeline,2199498,2343902346267226,416
post_tweet,13534456,2343902359857833,416
get_timeline,2572013,2343902362514619,416
get_timeline,3014675,2343902365578509,416
get_timeline,1643820,2343902367261125,416
add_user,10950980,2343902378278590,416
get_timeline,1055585,2343902379379285,416
get_timeline,1042394,2343902380481358,416
get_timeline,1384787,2343902381919033,416
post_tweet,9608283,2343902391557640,416
get_timeline,1800239,2343902393385111,416
post_tweet,6486993,2343902399913459,416
post_tweet,11586325,2343902411540033,416
get_timeline,1438873,2343902413038384,416
post_tweet,13337145,2343902426440014,416
follow,6189588,2343902432666986,416
post_tweet,12599454,2343902445317872,416
post_tweet,8776630,2343902454124274,416
follow,7278576,2343902461443097,416
follow,7823867,2343902469300743,416
post_tweet,5750814,2343902475085420,416
follow,5016653,2343902480134291,416
get_timeline,1527725,2343902481728759,416
follow,7914331,2343902489716025,416
get_timeline,622765,2343902490394348,416
get_timeline,2388456,2343902492821830,416
get_timeline,2031011,2343902494894999,416
post_tweet,6893234,2343902501826298,416
post_tweet,12649235,2343902514545436,416
get_timeline,1260838,2343902515838005,416
get_timeline,1120153,2343902517008262,416
get_timeline,2326800,2343902519370452,416
get_timeline,1251810,2343902520667740,416
post_tweet,12052517,2343902532760287,416
follow,8369472,2343902541157758,416
post_tweet,11110569,2343902552300558,416
get_timeline,2380262,2343902554715406,416
get_timeline,2167010,2343902556934833,416
follow,6395160,2343902563381831,416
post_tweet,7250671,2343902570670793,416
post_tweet,10823538,2343902581537315,416
get_timeline,889480,2343902582462398,416
get_timeline,1251581,2343902583753772,416
get_timeline,567182,2343902584362559,416
add_user,9156869,2343902593556897,416
get_timeline,2077235,2343902595682854,416
get_timeline,1110147,2343902596841682,416
get_timeline,1482097,2343902598374697,416
get_timeline,1606389,2343902600041529,416
get_timeline,1187116,2343902601269016,416
get_timeline,733860,2343902602040537,416
get_timeline,2125557,2343902604214369,416
follow,6709896,2343902610961843,416
post_tweet,7921021,2343902618920259,416
post_tweet,9921283,2343902628869039,416
post_tweet,10059628,2343902638976012,416
get_timeline,1864108,2343902640906815,416
follow,3376680,2343902644317955,416
get_timeline,3388755,2343902647806319,416
get_timeline,1334445,2343902649191184,416
post_tweet,11852871,2343902661104551,416
get_timeline,1318675,2343902662500217,416
post_tweet,11125771,2343902673668062,416
get_timeline,2271546,2343902675974028,416
add_user,8434023,2343902684639021,416
get_timeline,1156217,2343902685825260,416
follow,10175973,2343902696031552,416
post_tweet,12863054,2343902708950593,416
follow,11513338,2343902720491696,416
post_tweet,12911951,2343902733433461,416
get_timeline,3285640,2343902736768633,416
get_timeline,1481269,2343902738296691,416
post_tweet,14696619,2343902753032413,416
get_timeline,2424478,2343902755502758,416
get_timeline,1447686,2343902756987004,416
post_tweet,10945639,2343902767968487,416
post_tweet,6467965,2343902774486066,416
get_timeline,1591356,2343902776107171,416
get_timeline,1951145,2343902778092259,416
get_timeline,1423132,2343902779556933,416
get_timeline,1226797,2343902780824869,416
get_timeline,1347191,2343902782216410,416
get_timeline,2094048,2343902784342707,416
post_tweet,10874369,2343902795263422,416
get_timeline,1563858,2343902796853263,416
post_tweet,9825860,2343902806740295,416
post_tweet,8337886,2343902815116756,416
follow,13716985,2343902828876020,416
get_timeline,2082423,2343902831022717,416
post_tweet,9567300,2343902840627634,416
get_timeline,2449803,2343902843105260,416
get_timeline,1730460,2343902844863930,416
follow,8542431,2343902853437690,416
get_timeline,2751470,2343902856215485,416
get_timeline,3177572,2343902859434940,416
post_tweet,12472059,2343902871956004,416
get_timeline,1534834,2343902873525015,416
post_tweet,10975389,2343902884539362,416
post_tweet,10597896,2343902895165996,416
post_tweet,9514244,2343902904763474,416
post_tweet,12025662,2343902916835877,416
follow,7007839,2343902923888659,416
follow,10379364,2343902934294516,416
get_timeline,1843506,2343902936186891,416
post_tweet,9532421,2343902945759058,416
post_tweet,10407064,2343902956200592,416
get_timeline,1055289,2343902957316420,416
post_tweet,10812925,2343902968163909,416
post_tweet,10702472,2343902978911965,416
post_tweet,7465361,2343902986423351,416
get_timeline,2114040,2343902988592249,416
get_timeline,2041260,2343902990678099,416
post_tweet,13526008,2343903004235537,416
post_tweet,9329526,2343903013593768,416
follow,9989843,2343903023704516,416
get_timeline,841700,2343903024580444,416
post_tweet,7913348,2343903032525618,416
add_user,7638920,2343903040213692,416
post_tweet,11649333,2343903051900280,416
get_timeline,2618764,2343903054547028,416
post_tweet,8846778,2343903063431234,416
post_tweet,10337755,2343903073814541,416
get_timeline,1822564,2343903075671323,416
get_timeline,2555846,2343903078274058,416
get_timeline,1448025,2343903079782879,416
post_tweet,12053905,2343903091883906,416
add_user,12228094,2343903104140273,416
get_timeline,1625282,2343903105801752,416
follow,8225715,2343903114084655,416
get_timeline,1583778,2343903115698616,416
get_timeline,1366144,2343903117111671,416
get_timeline,1279723,2343903118436619,416
get_timeline,870968,2343903119348891,416
get_timeline,1481250,2343903120860124,416
get_timeline,2119541,2343903123024920,416
get_timeline,1842802,2343903124922457,416
follow,8308724,2343903133278411,416
post_tweet,11342302,2343903144673131,416
get_timeline,698636,2343903145403465,416
get_timeline,1387441,2343903146823625,416
get_timeline,1664013,2343903148518873,416
get_timeline,1411003,2343903149985253,416
get_timeline,1558525,2343903151581734,416
get_timeline,1320673,2343903152948574,416
get_timeline,1690703,2343903154688040,416
post_tweet,6483990,2343903161218704,416
get_timeline,1427013,2343903162721047,416
follow,7094825,2343903169854477,416
add_user,7207095,2343903177089146,416
post_tweet,12093376,2343903189210431,416
post_tweet,9243721,2343903198497228,416
get_timeline,2653024,2343903201179651,416
get_timeline,3264778,2343903204487708,416
post_tweet,14202194,2343903218745580,416
get_timeline,2450512,2343903221232417,416
get_timeline,1322127,2343903222611545,416
post_tweet,11668320,2343903234309931,416
get_timeline,1982978,2343903236337326,416
post_tweet,12825137,2343903249210329,416
add_user,7652716,2343903256898981,416
get_timeline,1936427,2343903258871140,416
post_tweet,10172438,2343903269122486,416
post_tweet,9832951,2343903278993426,416
get_timeline,1438003,2343903280468004,416
get_timeline,1378635,2343903281881468,416
follow,9040921,2343903290982080,416
post_tweet,29098953,2343903320112919,416
post_tweet,8214282,2343903328380697,416
get_timeline,1691705,2343903330114307,416
post_tweet,8127168,2343903338335790,416
get_timeline,2654157,2343903341037384,416
follow,6786374,2343903347855274,416
post_tweet,10695587,2343903358579399,416
get_timeline,1091719,2343903359705383,416
post_tweet,4354302,2343903364096902,416
add_user,1891157,2343903366020076,416
get_timeline,12235322,2343903378286616,416
follow,11868309,2343903390276897,416
follow,6322710,2343903396632730,416
get_timeline,10338990,2343903407002607,416
get_timeline,1253811,2343903408306706,416
follow,4241614,2343903412596862,416
follow,4100223,2343903416746709,416
post_tweet,12755869,2343903429628850,416
post_tweet,4954054,2343903434611533,416
get_timeline,2814286,2343903437472803,416
get_timeline,2236562,2343903439754149,416
get_timeline,20066690,2343903459876504,416
get_timeline,737383,2343903460678134,416
post_tweet,17967469,2343903478688135,416
get_timeline,609644,2343903479377939,416
get_timeline,15912081,2343903495352740,416
get_timeline,1780389,2343903497184609,416
get_timeline,2255789,2343903499489269,416
get_timeline,1494667,2343903501024182,416
post_tweet,11133553,2343903512192502,416
get_timeline,2314866,2343903514538269,416
add_user,6745217,2343903521317670,416
get_timeline,1245297,2343903522597572,416
follow,3681772,2343903526312023,416
get_timeline,469799,2343903526844141,416
follow,3885026,2343903530793322,416
follow,26187050,2343903557028028,416
get_timeline,6802548,2343903563870973,416
get_timeline,2525216,2343903566469380,416
post_tweet,13957689,2343903580493651,416
post_tweet,14364215,2343903594889723,416
get_timeline,2061710,2343903597024710,416
follow,8912912,2343903606004723,416
get_timeline,1871733,2343903607908610,416
get_timeline,2356315,2343903610304791,416
get_timeline,2097378,2343903612474652,416
follow,11450208,2343903623959678,416
follow,12033004,2343903636057763,416
post_tweet,10905970,2343903647019083,416
post_tweet,12731040,2343903659789415,416
post_tweet,12803766,2343903672633985,416
post_tweet,12359935,2343903685027376,416
add_user,5842213,2343903690909250,416
post_tweet,12756463,2343903703729528,416
get_timeline,841254,2343903704601636,416
get_timeline,1768339,2343903706411183,416
follow,6936188,2343903713392344,416
add_user,15296558,2343903728734268,416
get_timeline,1862818,2343903730665133,416
get_timeline,2855334,2343903733563410,416
get_timeline,522067,2343903734142773,416
follow,7005160,2343903741203060,416
get_timeline,1655416,2343903742904485,416
post_tweet,15157034,2343903758102055,416
post_tweet,9701152,2343903767872153,416
add_user,8658567,2343903776575310,416
get_timeline,1686390,2343903778288943,416
get_timeline,1745143,2343903780074318,416
post_tweet,8812997,2343903788929456,416
get_timeline,1123430,2343903790087091,416
get_timeline,1395285,2343903791512108,416
get_timeline,1577610,2343903793116617,416
add_user,5234091,2343903798381293,416
post_tweet,6886483,2343903805293763,416
get_timeline,1312438,2343903806643937,416
get_timeline,2087229,2343903808773402,416
get_timeline,2841855,2343903811662943,416
post_tweet,9571939,2343903821294988,416
post_tweet,14178152,2343903835500662,416
get_timeline,979312,2343903836506482,416
get_timeline,2082315,2343903838627974,416
follow,11973823,2343903850638700,416
get_timeline,2081052,2343903852778910,416
post_tweet,12150846,2343903864972738,416
post_tweet,12418210,2343903877422375,416
post_tweet,5748026,2343903883229630,416
post_tweet,10720321,2343903894003017,416
get_timeline,1841552,2343903895885145,416
get_timeline,756830,2343903896688006,416
get_timeline,1343647,2343903898068685,416
follow,6147291,2343903904255691,416
get_timeline,1918927,2343903906205457,416
post_tweet,8523354,2343903914765863,416
get_timeline,1683475,2343903916489975,416
post_tweet,12355078,2343903928886012,416
get_timeline,1708375,2343903930625736,416
get_timeline,1176335,2343903931830550,416
post_tweet,8259790,2343903940120518,416
get_timeline,1735835,2343903941898211,416
get_timeline,2086806,2343903944029085,416
get_timeline,1780271,2343903945848517,416
add_user,9905645,2343903955803259,416
post_tweet,12602178,2343903968445495,416
get_timeline,1970160,2343903970463849,416
get_timeline,1214497,2343903971720260,416
get_timeline,1887617,2343903973691033,416
post_tweet,6445647,2343903980195767,416
follow,5332623,2343903985565469,416
post_tweet,13639697,2343903999242368,416
get_timeline,2753620,2343904002033296,416
post_tweet,11069335,2343904013146067,416
follow,6694325,2343904019869095,416
get_timeline,2167746,2343904022077286,416
get_timeline,1680771,2343904023811289,416
post_tweet,7229808,2343904031079029,416
get_timeline,1586911,2343904032716290,416
post_tweet,4299539,2343904037048295,416
get_timeline,2095010,2343904039214956,416
get_timeline,1164386,2343904040411765,416
follow,10351727,2343904050796331,416
get_timeline,1587928,2343904052454853,416
add_user,7711092,2343904060205052,416
get_timeline,1551493,2343904061798307,416
get_timeline,1742430,2343904063592330,416
post_tweet,7706992,2343904071334512,416
post_tweet,8588882,2343904079962159,416
get_timeline,1942276,2343904081935017,416
follow,5349909,2343904087329331,416
post_tweet,6976400,2343904094351229,416
get_timeline,2805840,2343904097212982,416
follow,6013094,2343904103285016,416
follow,7284038,2343904110607460,416
follow,12902317,2343904123553424,416
post_tweet,5426060,2343904129015860,416
post_tweet,7506082,2343904136558753,416
post_tweet,5049921,2343904141640187,416
post_tweet,6542050,2343904148232665,416
follow,4026170,2343904152311154,416
add_user,11761310,2343904164120095,416
follow,9036213,2343904173218999,416
get_timeline,2544141,2343904175831988,416
get_timeline,1294156,2343904177165982,416
post_tweet,6681513,2343904183887027,416
get_timeline,1114404,2343904185062832,416
follow,10174761,2343904195299747,416
get_timeline,1827203,2343904197171491,416
get_timeline,752927,2343904197970243,416
get_timeline,1099242,2343904199103777,416
follow,5384496,2343904204532575,416
get_timeline,1683769,2343904206257515,416
post_tweet,39602330,2343904245897511,416
get_timeline,490397,2343904246436236,416
post_tweet,39863612,2343904286349131,416
get_timeline,12473778,2343904298915390,416
get_timeline,8655122,2343904307645623,416
follow,2304334,2343904309994919,416
get_timeline,9669979,2343904319714634,416
get_timeline,640770,2343904320407359,416
add_user,15798847,2343904336263651,416
follow,9284659,2343904345582598,416
get_timeline,1360783,2343904346978979,416
follow,13509065,2343904360539670,416
get_timeline,2479679,2343904363064414,416
post_tweet,13368628,2343904376478696,416
get_timeline,968019,2343904377482034,416
follow,4841756,2343904382358508,416
post_tweet,11373191,2343904393774339,416
get_timeline,2508444,2343904396349151,416
get_timeline,1473153,2343904397852424,416
post_tweet,7997176,2343904405880500,416
post_tweet,10704795,2343904416617878,416
post_tweet,8980674,2343904425636278,416
add_user,10843936,2343904436508694,416
post_tweet,8385993,2343904444990356,416
post_tweet,10087999,2343904455105737,416
post_tweet,11829630,2343904466985500,416
follow,8311270,2343904475332301,416
follow,8703144,2343904484070848,416
get_timeline,1322389,2343904485440675,416
post_tweet,12489437,2343904497977134,416
get_timeline,824208,2343904498851562,416
get_timeline,1236289,2343904500163542,416
get_timeline,1407890,2343904501628278,416
get_timeline,2438570,2343904504121307,416
post_tweet,8446447,2343904512611815,416
get_timeline,2307882,2343904514958555,416
get_timeline,1632197,2343904516620009,416
follow,4862525,2343904521532024,416
get_timeline,2408558,2343904523967497,416
get_timeline,1628994,2343904525643161,416
post_tweet,7380236,2343904533073025,416
get_timeline,1626064,2343904534743831,416
get_timeline,1701721,2343904536480084,416
follow,8761704,2343904545271836,416
follow,10866347,2343904556176133,416
get_timeline,851694,2343904557058394,416
post_tweet,9151020,2343904566259090,416
post_tweet,8381998,2343904574687716,416
get_timeline,1564744,2343904576301061,416
follow,11185367,2343904587547966,416
add_user,7823003,2343904595406365,416
get_timeline,1780955,2343904597219988,416
post_tweet,10564772,2343904607826573,416
get_timeline,1656041,2343904609512576,416
get_timeline,1720149,2343904611264923,416
post_tweet,9504548,2343904620808943,416
post_tweet,10556418,2343904631415851,416
post_tweet,11313078,2343904642773918,416
get_timeline,1675793,2343904644491537,416
post_tweet,11590110,2343904656115913,416
get_timeline,1624140,2343904657786038,416
get_timeline,2018336,2343904659840355,416
post_tweet,6620417,2343904666509264,416
post_tweet,11552822,2343904678100369,416
get_timeline,1568199,2343904679718230,416
post_tweet,9518366,2343904689283392,416
get_timeline,2539198,2343904691857987,416
post_tweet,14195162,2343904706105994,416
get_timeline,2449386,2343904708583828,416
get_timeline,1934586,2343904710550593,416
get_timeline,1980850,2343904712561990,416
get_timeline,1725100,2343904714317305,416
get_timeline,1014909,2343904715369459,416
get_timeline,1758107,2343904717182167,416
add_user,8507248,2343904725732123,416
get_timeline,1184857,2343904726954161,416
get_timeline,3932236,2343904730924722,416
follow,5572394,2343904736539765,416
get_timeline,795923,2343904737368346,416
get_timeline,1571809,2343904738996879,416
get_timeline,2115530,2343904741152935,416
get_timeline,1123829,2343904742316902,416
follow,11001257,2343904753383999,416
get_timeline,1301630,2343904754721177,416
post_tweet,8221635,2343904762994038,416
get_timeline,671208,2343904763694346,416
get_timeline,3214358,2343904766939479,416
get_timeline,1566161,2343904768550354,416
add_user,12229685,2343904780812375,416
post_tweet,11689318,2343904792546195,416
get_timeline,838772,2343904793412289,416
post_tweet,9742317,2343904803188882,416
get_timeline,1303600,2343904804522428,416
post_tweet,10958880,2343904815515195,416
post_tweet,7903333,2343904823450823,416
get_timeline,1976618,2343904825476524,416
get_timeline,1728537,2343904827240475,416
get_timeline,1476559,2343904828761012,416
get_timeline,1227260,2343904830027762,416
get_timeline,2117509,2343904832178303,416
post_tweet,8593879,2343904840807100,416
post_tweet,10579523,2343904851420517,416
post_tweet,7290066,2343904858756841,416
get_timeline,2487186,2343904861286792,416
post_tweet,13661341,2343904874982094,416
get_timeline,1470276,2343904876486943,416
get_timeline,2764735,2343904879308287,416
get_timeline,2154221,2343904881519744,416
get_timeline,1610004,2343904883188945,416
get_timeline,1455827,2343904884685047,416
post_tweet,11367624,2343904896107821,416
post_tweet,12288330,2343904908424734,416
get_timeline,1871385,2343904910345466,416
post_tweet,10663987,2343904921076352,416
follow,3782921,2343904924905794,416
get_timeline,1741781,2343904926688825,416
follow,8795721,2343904935527184,416
get_timeline,1399570,2343904936964682,416
get_timeline,1653740,2343904938659824,416
get_timeline,1146467,2343904939858509,416
add_user,4758585,2343904944655217,416
post_tweet,11883378,2343904956565969,416
post_tweet,10328343,2343904966934948,416
get_timeline,1110212,2343904968084287,416
post_tweet,11607762,2343904979730158,416
get_timeline,2963444,2343904982722926,416
add_user,4780674,2343904987543800,416
get_timeline,1411205,2343904988997229,416
post_tweet,15111098,2343905004142981,416
get_timeline,2467036,2343905006646633,416
get_timeline,1276585,2343905007961968,416
get_timeline,1256074,2343905009300372,416
follow,7181738,2343905016533573,416
follow,8557657,2343905025138537,416
follow,9841396,2343905035031694,416
get_timeline,3349956,2343905038448291,416
get_timeline,2178368,2343905040671621,416
get_timeline,887588,2343905041587960,416
get_timeline,1746428,2343905043371352,416
get_timeline,1701610,2343905045107820,416
follow,9595789,2343905054754581,416
follow,8634594,2343905063437148,416
get_timeline,1482313,2343905064962834,416
get_timeline,1343742,2343905066358209,416
post_tweet,7241400,2343905073647107,416
follow,11577726,2343905085263573,416
add_user,8149646,2343905093452281,416
get_timeline,2236760,2343905095738152,416
get_timeline,2337720,2343905098131462,416
post_tweet,12428663,2343905110615278,416
get_timeline,1472893,2343905112115629,416
post_tweet,9890859,2343905122037303,416
get_timeline,1779911,2343905123876925,416
get_timeline,1129116,2343905125041399,416
post_tweet,7682588,2343905132768215,416
post_tweet,10671258,2343905143472228,416
follow,5022467,2343905148523102,416
post_tweet,10387842,2343905158943518,416
get_timeline,2445855,2343905161426289,416
get_timeline,970077,2343905162456053,416
get_timeline,2189653,2343905164785696,416
get_timeline,2147897,2343905166980036,416
get_timeline,1178262,2343905168500188,416
follow,12483433,2343905181031388,416
get_timeline,1909031,2343905182969312,416
get_timeline,509353,2343905183782934,416
get_timeline,1777661,2343905185597978,416
add_user,12474918,2343905198102722,416
get_timeline,1313371,2343905199454881,416
post_tweet,12615916,2343905212122904,416
follow,8598562,2343905220772047,416
post_tweet,13806817,2343905234627853,416
get_timeline,1923357,2343905236584406,416
get_timeline,1896136,2343905238527738,416
follow,2579152,2343905241139374,416
add_user,9189802,2343905250371421,416
get_timeline,2337390,2343905252742742,416
follow,5502878,2343905258306457,416
follow,7648346,2343905265984680,416
post_tweet,6065833,2343905272082846,416
get_timeline,2773423,2343905274889953,416
add_user,11045220,2343905286013953,416
get_timeline,2080233,2343905288232651,416
get_timeline,1210220,2343905289632881,416
post_tweet,11545253,2343905302098688,416
follow,13488711,2343905315625676,416
follow,2550633,2343905318220423,416
get_timeline,1547812,2343905319812776,416
follow,13255347,2343905333100979,416
post_tweet,7496500,2343905340648421,416
post_tweet,10465959,2343905351144765,416
follow,10006344,2343905361177422,416
post_tweet,8879459,2343905370126712,416
follow,17994384,2343905388159600,416
get_timeline,1928765,2343905390138258,416
post_tweet,10725561,2343905400913435,416
get_timeline,969700,2343905401919998,416
get_timeline,1948612,2343905403916324,416
post_tweet,10258576,2343905414220647,416
post_tweet,12130189,2343905426425108,416
follow,11135248,2343905437608001,416
post_tweet,20372333,2343905458019165,416
get_timeline,1855480,2343905459905100,416
get_timeline,1729650,2343905461669670,416
post_tweet,10240754,2343905471947394,416
get_timeline,737528,2343905472712429,416
follow,6831413,2343905479575553,416
get_timeline,1377367,2343905481005544,416
get_timeline,1566750,2343905482644964,416
post_tweet,10156895,2343905492843780,416
post_tweet,10580565,2343905503450604,416
get_timeline,1955882,2343905505457616,416
post_tweet,9427598,2343905514945998,416
get_timeline,1845875,2343905516823309,416
add_user,27167710,2343905544039153,416
follow,7339584,2343905551417735,416
get_timeline,2621656,2343905554066458,416
add_user,5125108,2343905559226110,416
post_tweet,10953515,2343905570209887,416
post_tweet,23291087,2343905593544997,416
get_timeline,1574672,2343905595152471,416
post_tweet,9750749,2343905604951949,416
get_timeline,1677527,2343905606668213,416
get_timeline,1267347,2343905607977347,416
post_tweet,10268914,2343905618325043,416
post_tweet,10570443,2343905628922679,416
get_timeline,1284095,2343905630238578,416
get_timeline,1822520,2343905632130076,416
get_timeline,1446777,2343905633619073,416
get_timeline,1550518,2343905635208775,416
follow,7364728,2343905642610776,416
post_tweet,10091350,2343905652730312,416
get_timeline,1387511,2343905654153160,416
post_tweet,10426000,2343905664616033,416
follow,9849573,2343905674519113,416
post_tweet,8617051,2343905683182794,416
post_tweet,7420490,2343905690642995,416
follow,7891720,2343905698570821,416
get_timeline,1514522,2343905700122213,416
get_timeline,1990380,2343905702158353,416
post_tweet,11788462,2343905713994707,416
get_timeline,1188077,2343905715244485,416
get_timeline,2227326,2343905717524459,416
post_tweet,11985834,2343905729558603,416
get_timeline,1293266,2343905730896571,416
add_user,6504612,2343905737465207,416
get_timeline,2236258,2343905739731272,416
post_tweet,9719349,2343905749484482,416
add_user,8314764,2343905757834490,416
get_timeline,2210609,2343905760085884,416
post_tweet,10171593,2343905770309083,416
get_timeline,816883,2343905771189535,416
get_timeline,1620193,2343905772845358,416
get_timeline,1050891,2343905773934534,416
get_timeline,1311349,2343905775285665,416
get_timeline,1138791,2343905776495086,416
get_timeline,1256722,2343905777807003,416
add_user,10584484,2343905788430546,416
get_timeline,2216413,2343905790721160,416
post_tweet,9111385,2343905799904171,416
get_timeline,876545,2343905800809088,416
get_timeline,1563429,2343905802401659,416
follow,10603414,2343905813062741,416
get_timeline,2544119,2343905815640358,416
follow,8930596,2343905824634570,416
follow,7533085,2343905832201526,416
get_timeline,1251710,2343905833500947,416
get_timeline,2211789,2343905835781123,416
get_timeline,1297987,2343905837113846,416
follow,5405285,2343905842578872,416
post_tweet,9063448,2343905851674376,416
follow,5754814,2343905857460691,416
get_timeline,831801,2343905858326767,416
follow,5756164,2343905864124382,416
get_timeline,644203,2343905864801365,416
follow,4240122,2343905869078282,416
#end,16,11025,416
