get_timeline,6645275,2343889853365232,832
get_timeline,496703,2343889853971494,832
get_timeline,8986737,2343889863043239,832
get_timeline,11024661,2343889874146987,832
get_timeline,7506890,2343889881732987,832
get_timeline,467710,2343889882245914,832
get_timeline,534632,2343889882812405,832
get_timeline,385995,2343889883229821,832
post_tweet,2019887,2343889885281927,832
post_tweet,42899240,2343889928212026,832
follow,3470510,2343889931736454,832
get_timeline,11402798,2343889943186968,832
post_tweet,4259695,2343889947522616,832
post_tweet,26648503,2343889974224736,832
post_tweet,17349686,2343889991627380,832
get_timeline,3756220,2343889995432627,832
post_tweet,13087831,2343890008568233,832
get_timeline,3506305,2343890012119663,832
get_timeline,396744,2343890012563010,832
post_tweet,3595542,2343890016192320,832
follow,16271442,2343890032497143,832
get_timeline,3780699,2343890036320380,832
get_timeline,1798346,2343890038215807,832
post_tweet,13079238,2343890051372712,832
add_user,24156522,2343890075566066,832
get_timeline,2997826,2343890078603812,832
get_timeline,2827845,2343890081472234,832
follow,11527899,2343890093046327,832
get_timeline,4193702,2343890097279488,832
get_timeline,3446164,2343890100785859,832
post_tweet,29093551,2343890129931044,832
follow,7105057,2343890137092196,832
post_tweet,5561522,2343890142696696,832
post_tweet,6607162,2343890149343035,832
get_timeline,1047719,2343890150421902,832
post_tweet,21851990,2343890172321034,832
get_timeline,4684777,2343890177040005,832
get_timeline,1376775,2343890178481808,832
get_timeline,1235272,2343890179760390,832
post_tweet,22412312,2343890202218903,832
get_timeline,4896955,2343890207156760,832
post_tweet,10737070,2343890217944753,832
follow,9683231,2343890227681425,832
follow,20897007,2343890248613492,832
post_tweet,5297197,2343890253947803,832
get_timeline,2272787,2343890256267002,832
get_timeline,672770,2343890257013765,832
add_user,4969410,2343890262019101,832
get_timeline,4649562,2343890266701313,832
follow,5674133,2343890272425454,832
follow,4874699,2343890277347073,832
post_tweet,3597526,2343890280975202,832
add_user,16982713,2343890297988345,832
get_timeline,1132567,2343890299201091,832
post_tweet,20762696,2343890320036542,832
get_timeline,5137899,2343890325215636,832
get_timeline,3487715,2343890328747850,832
follow,13182134,2343890341977587,832
get_timeline,1882424,2343890343896524,832
post_tweet,19850330,2343890363797184,832
follow,3285063,2343890367118208,832
get_timeline,837709,2343890368012588,832
follow,6053896,2343890374106213,832
get_timeline,1502065,2343890375655894,832
get_timeline,1698034,2343890377395340,832
follow,7424348,2343890384876750,832
post_tweet,13512251,2343890398416467,832
follow,10332980,2343890408817540,832
follow,5132691,2343890413987545,832
follow,11770114,2343890425817747,832
post_tweet,10078985,2343890435932114,832
post_tweet,6745770,2343890442712256,832
follow,5131908,2343890447878174,832
post_tweet,11141866,2343890459067847,832
get_timeline,1543343,2343890460648210,832
get_timeline,5839733,2343890466532260,832
post_tweet,5830825,2343890472416368,832
post_tweet,12322371,2343890484814169,832
get_timeline,239985,2343890485080325,832
post_tweet,18091151,2343890503202138,832
post_tweet,14042687,2343890517295640,832
get_timeline,1489471,2343890518841136,832
follow,9665537,2343890528560977,832
post_tweet,9080573,2343890537675990,832
get_timeline,2416605,2343890540135102,832
post_tweet,9530170,2343890549710480,832
add_user,7799504,2343890557537474,832
get_timeline,1622230,2343890559204703,832
get_timeline,2168664,2343890561417554,832
post_tweet,9008796,2343890570482238,832
get_timeline,1754526,2343890572272169,832
post_tweet,10234468,2343890582548303,832
follow,10145370,2343890592733989,832
get_timeline,2088440,2343890594859202,832
get_timeline,880878,2343890595775467,832
get_timeline,2535456,2343890598358065,832
get_timeline,3791062,2343890602185131,832
get_timeline,3080938,2343890605313937,832
post_tweet,19295889,2343890624662662,832
post_tweet,11071520,2343890635776870,832
post_tweet,9279949,2343890645107144,832
get_timeline,2511716,2343890647668623,832
get_timeline,1221953,2343890648964503,832
follow,3589064,2343890652603922,832
get_timeline,2192444,2343890654836196,832
post_tweet,10545184,2343890665428314,832
get_timeline,1212416,2343890666695938,832
get_timeline,1532607,2343890668300112,832
get_timeline,3096944,2343890671523109,832
get_timeline,1681378,2343890673235704,832
get_timeline,1513018,2343890674789048,832
get_timeline,3075555,2343890677905491,832
post_tweet,13564365,2343890691518120,832
post_tweet,11805945,2343890703363607,832
post_tweet,11517810,2343890714918824,832
get_timeline,1943464,2343890716910651,832
get_timeline,992097,2343890717958092,832
get_timeline,1713804,2343890719707551,832
get_timeline,2053852,2343890721839462,832
follow,14217515,2343890736105525,832
post_tweet,8443550,2343890744588561,832
get_timeline,1298691,2343890745917955,832
post_tweet,11107913,2343890757068778,832
get_timeline,1002831,2343890758102050,832
post_tweet,12622290,2343890770769223,832
get_timeline,1320036,2343890772131294,832
get_timeline,2815346,2343890775003337,832
post_tweet,8110723,2343890783163488,832
follow,5548883,2343890788746546,832
get_timeline,2188468,2343890790976764,832
follow,1183112,2343890792202696,832
post_tweet,5899398,2343890798131549,832
get_timeline,1104293,2343890799266275,832
post_tweet,8257146,2343890807557061,832
get_timeline,2205471,2343890809789269,832
get_timeline,1661348,2343890811483848,832
add_user,7996151,2343890819517561,832
post_tweet,11610276,2343890831158356,832
post_tweet,12273514,2343890843465277,832
follow,4322019,2343890847835466,832
get_timeline,1852918,2343890849721456,832
get_timeline,2437774,2343890852241787,832
post_tweet,12292696,2343890864585387,832
get_timeline,620226,2343890865245597,832
post_tweet,15672845,2343890880951357,832
add_user,6304845,2343890887311957,832
follow,11875251,2343890899221731,832
post_tweet,10968179,2343890910231912,832
get_timeline,2141606,2343890912407845,832
get_timeline,1410307,2343890913863589,832
get_timeline,1071082,2343890914967872,832
post_tweet,6828750,2343890921837800,832
get_timeline,2116239,2343890923984099,832
get_timeline,2554486,2343890926593478,832
post_tweet,11490073,2343890938120968,832
get_timeline,2427640,2343890940599707,832
post_tweet,9145776,2343890949787829,832
get_timeline,1358768,2343890951181625,832
add_user,9905484,2343890961119392,832
get_timeline,1017087,2343890962173193,832
post_tweet,12552051,2343890974759727,832
post_tweet,13535470,2343890988334510,832
get_timeline,1552773,2343890989927560,832
post_tweet,12149247,2343891002129638,832
post_tweet,13629418,2343891015793346,832
get_timeline,3059422,2343891018889915,832
get_timeline,1205121,2343891020132611,832
get_timeline,2275102,2343891022459546,832
post_tweet,9287503,2343891031782877,832
post_tweet,8485472,2343891040305873,832
get_timeline,1220093,2343891041589637,832
get_timeline,1602482,2343891043235231,832
post_tweet,10247590,2343891053523743,832
post_tweet,10873362,2343891064425108,832
follow,9076354,2343891073545982,832
get_timeline,2339252,2343891075921418,832
get_timeline,2880054,2343891078849464,832
post_tweet,12843089,2343891091731959,832
get_timeline,3071555,2343891094877652,832
add_user,10450138,2343891105384296,832
get_timeline,1431830,2343891106848520,832
get_timeline,1190075,2343891108068860,832
post_tweet,9447098,2343891117564568,832
get_timeline,636618,2343891118231174,832
get_timeline,1885742,2343891120153602,832
get_timeline,1541503,2343891121744830,832
post_tweet,8936034,2343891130724982,832
post_tweet,10337459,2343891141099909,832
post_tweet,9066355,2343891150203679,832
get_timeline,1444596,2343891151693433,832
post_tweet,10915242,2343891162649313,832
get_timeline,1930743,2343891164682179,832
post_tweet,8798181,2343891173562002,832
follow,11043264,2343891184631051,832
follow,11723321,2343891196399419,832
post_tweet,9964445,2343891206413459,832
add_user,7810683,2343891214257630,832
post_tweet,6961032,2343891221266379,832
follow,7446803,2343891228781948,832
post_tweet,13277942,2343891242107130,832
post_tweet,9933702,2343891252075056,832
post_tweet,9295942,2343891261408654,832
get_timeline,1207840,2343891262657635,832
get_timeline,1600177,2343891264311609,832
get_timeline,1733495,2343891266087638,832
get_timeline,2538468,2343891268679804,832
post_tweet,9139588,2343891277876659,832
get_timeline,1245364,2343891279163666,832
get_timeline,1524571,2343891280727023,832
get_timeline,1379780,2343891282149751,832
post_tweet,8903589,2343891291088702,832
get_timeline,1657821,2343891292781910,832
follow,11743306,2343891304555296,832
post_tweet,10019215,2343891314611697,832
post_tweet,10157637,2343891324809964,832
get_timeline,2100796,2343891326952452,832
get_timeline,1420563,2343891328414838,832
follow,11987024,2343891340447818,832
post_tweet,8430666,2343891348916316,832
get_timeline,1218628,2343891350173959,832
post_tweet,9976332,2343891360184988,832
get_timeline,2146981,2343891362373298,832
post_tweet,8898856,2343891371315977,832
get_timeline,2857476,2343891374202321,832
follow,4047805,2343891378283328,832
follow,4708539,2343891383018628,832
get_timeline,3215822,2343891386280136,832
get_timeline,1547163,2343891387875652,832
follow,4656872,2343891392571106,832
get_timeline,2426620,2343891395033901,832
get_timeline,883496,2343891395958999,832
get_timeline,1363693,2343891397383554,832
get_timeline,1370423,2343891398793514,832
follow,6767488,2343891405614577,832
post_tweet,9591382,2343891415239334,832
get_timeline,1396800,2343891416679342,832
get_timeline,927918,2343891417642033,832
get_timeline,1238185,2343891418922712,832
get_timeline,1613001,2343891420567270,832
get_timeline,1027292,2343891421649817,832
get_timeline,1624333,2343891423311021,832
post_tweet,11776088,2343891435123603,832
get_timeline,1783492,2343891436966939,832
get_timeline,1194002,2343891438211061,832
post_tweet,12675308,2343891450965531,832
add_user,11915292,2343891462928556,832
get_timeline,1328494,2343891464296095,832
get_timeline,860152,2343891465188260,832
post_tweet,6599743,2343891471820203,832
get_timeline,857287,2343891472709735,832
get_timeline,2763853,2343891475519242,832
get_timeline,2502401,2343891478060283,832
get_timeline,2802415,2343891480917043,832
get_timeline,1230558,2343891482190220,832
post_tweet,6866067,2343891489094985,832
add_user,13568315,2343891502736996,832
get_timeline,2329539,2343891505102305,832
get_timeline,4625690,2343891509791773,832
follow,16025367,2343891525867770,832
follow,3302516,2343891529201647,832
post_tweet,13822471,2343891543051995,832
get_timeline,780477,2343891543861141,832
follow,6473245,2343891550380876,832
post_tweet,19582186,2343891569991860,832
get_timeline,456579,2343891570490482,832
follow,3028753,2343891573553874,832
get_timeline,614289,2343891574199726,832
post_tweet,6393920,2343891580639425,832
follow,11081855,2343891591753292,832
follow,9407432,2343891601207273,832
post_tweet,10332922,2343891611579504,832
follow,10821003,2343891622433828,832
get_timeline,1159713,2343891623632177,832
follow,7122281,2343891630800076,832
post_tweet,15916441,2343891646749694,832
get_timeline,1890612,2343891648680526,832
follow,12548734,2343891661268547,832
post_tweet,11051737,2343891672406857,832
post_tweet,27181608,2343891699619686,832
follow,23854198,2343891723525179,832
post_tweet,11292688,2343891734857451,832
follow,10077847,2343891744963944,832
follow,4170762,2343891749167803,832
post_tweet,15747796,2343891764952131,832
get_timeline,1420631,2343891766406457,832
get_timeline,1285453,2343891767736820,832
get_timeline,1753932,2343891769527485,832
get_timeline,9558167,2343891779122653,832
post_tweet,10577293,2343891789740396,832
add_user,6913704,2343891796729905,832
post_tweet,11169954,2343891807931216,832
post_tweet,9768903,2343891817735464,832
get_timeline,1345601,2343891819124516,832
follow,13193240,2343891832365430,832
get_timeline,1189431,2343891833582981,832
post_tweet,7318914,2343891840930658,832
get_timeline,1778178,2343891842752407,832
get_timeline,1611329,2343891844398321,832
follow,9794078,2343891854225556,832
follow,8200355,2343891862469813,832
get_timeline,1782201,2343891864290853,832
get_timeline,635443,2343891864965283,832
get_timeline,1676761,2343891866672505,832
post_tweet,8367728,2343891875072481,832
get_timeline,1517205,2343891876643485,832
post_tweet,12969451,2343891889651914,832
get_timeline,2446280,2343891892149863,832
get_timeline,1317670,2343891893550710,832
get_timeline,1868863,2343891895468331,832
add_user,7579418,2343891903126485,832
get_timeline,897066,2343891904059670,832
add_user,9919101,2343891914009709,832
post_tweet,12588833,2343891926641883,832
get_timeline,1575130,2343891928255829,832
add_user,11823816,2343891940126901,832
post_tweet,13494422,2343891953650578,832
get_timeline,2532946,2343891956260064,832
post_tweet,11565504,2343891967873442,832
add_user,14416734,2343891982332920,832
post_tweet,10701107,2343891993071833,832
get_timeline,2380714,2343891995486949,832
post_tweet,10881116,2343892006404307,832
post_tweet,9583285,2343892016033716,832
post_tweet,9007967,2343892025078832,832
post_tweet,11613317,2343892036724485,832
get_timeline,1865349,2343892038648853,832
post_tweet,9402900,2343892048095214,832
get_timeline,1433043,2343892049559116,832
post_tweet,9310273,2343892058904499,832
post_tweet,9753427,2343892068695094,832
post_tweet,13412237,2343892082146165,832
get_timeline,1038700,2343892083230823,832
follow,8484186,2343892091753514,832
follow,8408630,2343892100209101,832
post_tweet,9038721,2343892109292142,832
get_timeline,1938826,2343892111279341,832
post_tweet,10239033,2343892121561081,832
follow,4893425,2343892126499925,832
get_timeline,1360892,2343892127908437,832
post_tweet,14217628,2343892142178075,832
get_timeline,2665974,2343892144886588,832
follow,9068296,2343892153990630,832
get_timeline,1358993,2343892155380591,832
follow,5361823,2343892160774519,832
post_tweet,7297606,2343892168133403,832
follow,5760143,2343892173934764,832
follow,10700172,2343892184666127,832
post_tweet,10909731,2343892195623734,832
get_timeline,1928561,2343892197585859,832
post_tweet,11255942,2343892208885900,832
add_user,7286014,2343892216219680,832
add_user,9709607,2343892226006567,832
get_timeline,1989398,2343892228044376,832
get_timeline,1444547,2343892229558998,832
post_tweet,10245827,2343892239862974,832
post_tweet,13624053,2343892253513713,832
post_tweet,10854993,2343892264413263,832
get_timeline,1279387,2343892265729612,832
post_tweet,7439756,2343892273206702,832
post_tweet,10813048,2343892284051306,832
post_tweet,10428954,2343892294523861,832
follow,5009608,2343892299593753,832
post_tweet,11156843,2343892310788410,832
get_timeline,1699100,2343892312530783,832
follow,9828802,2343892322438313,832
follow,8954249,2343892331435604,832
get_timeline,2037224,2343892333502246,832
get_timeline,634849,2343892334169310,832
get_timeline,1907363,2343892336113557,832
follow,6321852,2343892342476813,832
post_tweet,12941923,2343892355499569,832
post_tweet,10341237,2343892365873477,832
get_timeline,2068453,2343892367987531,832
add_user,9585819,2343892377625444,832
post_tweet,9123683,2343892386780633,832
follow,6054852,2343892392880328,832
post_tweet,8298235,2343892401214213,832
get_timeline,2015357,2343892403279256,832
get_timeline,1664722,2343892404983229,832
follow,5219617,2343892410250684,832
post_tweet,6452484,2343892416775962,832
follow,7783376,2343892424642017,832
follow,3596493,2343892428295687,832
get_timeline,1390848,2343892429714056,832
follow,11774690,2343892441515938,832
get_timeline,1008027,2343892442564966,832
add_user,10924695,2343892453533439,832
post_tweet,15349555,2343892468920392,832
get_timeline,535181,2343892469487994,832
get_timeline,2250735,2343892471783664,832
get_timeline,1585319,2343892473430241,832
follow,6799096,2343892480272668,832
post_tweet,11060828,2343892491360056,832
post_tweet,11316429,2343892502714251,832
post_tweet,10172365,2343892512915276,832
get_timeline,1765552,2343892514713835,832
follow,8271488,2343892523019119,832
follow,9270812,2343892532320715,832
get_timeline,2385489,2343892534741008,832
post_tweet,11316983,2343892546331467,832
get_timeline,1722529,2343892548096218,832
get_timeline,1421945,2343892549548719,832
get_timeline,1509375,2343892551085438,832
get_timeline,2107662,2343892553223533,832
follow,7400091,2343892560655323,832
post_tweet,12654489,2343892573337125,832
post_tweet,14862992,2343892588247954,832
get_timeline,909408,2343892589208242,832
get_timeline,1297729,2343892590540256,832
follow,7762840,2343892598340183,832
get_timeline,2609246,2343892600986593,832
post_tweet,11477382,2343892612516371,832
get_timeline,1102581,2343892613657016,832
post_tweet,9675935,2343892623377980,832
post_tweet,6268593,2343892629695472,832
get_timeline,789530,2343892630548928,832
get_timeline,1986098,2343892632587674,832
get_timeline,2134539,2343892634781296,832
get_timeline,1953835,2343892636778414,832
post_tweet,9030305,2343892645839037,832
get_timeline,1333874,2343892647218241,832
post_tweet,8124290,2343892655408813,832
get_timeline,1378682,2343892656839883,832
post_tweet,8855497,2343892665736049,832
post_tweet,9568091,2343892675341241,832
post_tweet,8607314,2343892683985000,832
get_timeline,1519227,2343892685560183,832
post_tweet,8345476,2343892693952598,832
get_timeline,1202871,2343892695184998,832
get_timeline,2089598,2343892697333643,832
get_timeline,1363064,2343892698743971,832
get_timeline,1678599,2343892700457382,832
post_tweet,10685283,2343892711177718,832
post_tweet,7250564,2343892718454774,832
follow,6385320,2343892724888459,832
post_tweet,3934925,2343892728869762,832
post_tweet,12229734,2343892741151886,832
post_tweet,6409897,2343892747598008,832
get_timeline,1711689,2343892749361495,832
get_timeline,1042179,2343892750443321,832
get_timeline,625929,2343892751119095,832
post_tweet,11233160,2343892762402818,832
get_timeline,1236619,2343892763670352,832
add_user,9336806,2343892773279026,832
post_tweet,13898714,2343892787221013,832
follow,7463793,2343892794737416,832
follow,4575043,2343892799358450,832
get_timeline,1779975,2343892801188625,832
get_timeline,1246693,2343892802486331,832
get_timeline,1466867,2343892803997150,832
post_tweet,14097622,2343892818169275,832
follow,6049545,2343892824251677,832
get_timeline,1237624,2343892825521749,832
get_timeline,1975642,2343892827546006,832
get_timeline,1277886,2343892828865297,832
get_timeline,1189189,2343892830092968,832
post_tweet,11044149,2343892841183447,832
follow,6849470,2343892848064142,832
get_timeline,1921583,2343892850030461,832
get_timeline,2037942,2343892852101645,832
follow,12038186,2343892864183931,832
get_timeline,1733642,2343892865968495,832
post_tweet,11600147,2343892877615978,832
post_tweet,12844560,2343892890528345,832
get_timeline,1524206,2343892892095459,832
get_timeline,1879786,2343892894026259,832
get_timeline,740929,2343892894823637,832
post_tweet,7531913,2343892902399243,832
post_tweet,8774366,2343892911222835,832
get_timeline,1488669,2343892912811397,832
post_tweet,7229373,2343892920132746,832
get_timeline,2186824,2343892922353193,832
post_tweet,11950266,2343892934341413,832
follow,9428605,2343892943807336,832
get_timeline,911818,2343892944767353,832
post_tweet,13406324,2343892958227410,832
get_timeline,1663955,2343892959938026,832
follow,14527190,2343892974512969,832
post_tweet,11959056,2343892986517215,832
post_tweet,8142971,2343892994695558,832
post_tweet,8029401,2343893002770438,832
add_user,10992939,2343893013845429,832
get_timeline,721735,2343893014627341,832
get_timeline,2438711,2343893017117494,832
add_user,8540756,2343893025710076,832
follow,6878431,2343893032614440,832
follow,7601189,2343893040255774,832
get_timeline,2029319,2343893042357795,832
post_tweet,10270350,2343893052676308,832
add_user,5426943,2343893058130505,832
follow,8333157,2343893066489814,832
add_user,8974721,2343893075504130,832
get_timeline,435733,2343893075981912,832
get_timeline,1979768,2343893078018136,832
post_tweet,12225555,2343893090274966,832
follow,8635985,2343893098953593,832
get_timeline,2000394,2343893100988552,832
get_timeline,1645064,2343893102686484,832
follow,6651786,2343893109384746,832
get_timeline,1702643,2343893111117589,832
get_timeline,1952653,2343893113119394,832
post_tweet,9524391,2343893122691939,832
get_timeline,907986,2343893123637926,832
get_timeline,1222727,2343893124901307,832
get_timeline,1524400,2343893126463588,832
post_tweet,8353624,2343893134855772,832
post_tweet,10926129,2343893145826305,832
add_user,8842681,2343893154702615,832
get_timeline,2464563,2343893157235116,832
post_tweet,17531176,2343893174816174,832
get_timeline,1881934,2343893176733719,832
get_timeline,1792313,2343893178555610,832
post_tweet,8759916,2343893187364132,832
post_tweet,5963876,2343893193384121,832
follow,10565103,2343893203990516,832
post_tweet,10075737,2343893214119336,832
post_tweet,11004893,2343893225157538,832
add_user,9107810,2343893234315859,832
follow,10477456,2343893244831068,832
get_timeline,1611060,2343893246469882,832
get_timeline,1651872,2343893248162174,832
follow,5846928,2343893254051019,832
post_tweet,6652364,2343893260736635,832
get_timeline,683120,2343893261446981,832
get_timeline,690502,2343893262173782,832
get_timeline,1549443,2343893263756230,832
post_tweet,14238099,2343893278034201,832
get_timeline,2577597,2343893280660248,832
get_timeline,1870815,2343893282566725,832
get_timeline,1153678,2343893283757468,832
get_timeline,2397311,2343893286190143,832
get_timeline,1626246,2343893287898708,832
post_tweet,11550358,2343893299584498,832
get_timeline,1739223,2343893301350816,832
get_timeline,2435463,2343893303831164,832
get_timeline,1189141,2343893305063689,832
get_timeline,2345934,2343893307456670,832
add_user,6259559,2343893313768560,832
get_timeline,1704220,2343893315500720,832
get_timeline,1665747,2343893317196420,832
follow,5952251,2343893323177504,832
get_timeline,1787551,2343893324992637,832
get_timeline,1062463,2343893326092799,832
get_timeline,2272521,2343893328401248,832
follow,6900057,2343893335337043,832
post_tweet,11053567,2343893346424461,832
post_tweet,9711883,2343893356194105,832
post_tweet,11153306,2343893367393887,832
post_tweet,8541734,2343893375983921,832
post_tweet,12685259,2343893388709043,832
get_timeline,1269541,2343893390008658,832
add_user,8343697,2343893398381812,832
post_tweet,7361585,2343893405781075,832
post_tweet,8146587,2343893413962132,832
get_timeline,2240582,2343893416246826,832
get_timeline,2142006,2343893418431027,832
get_timeline,1759181,2343893420222891,832
get_timeline,2166052,2343893422428990,832
post_tweet,9004991,2343893431475155,832
get_timeline,1858257,2343893433398786,832
post_tweet,7854454,2343893441286439,832
add_user,12400155,2343893453733761,832
get_timeline,677098,2343893454449641,832
post_tweet,11121451,2343893465615935,832
follow,10602004,2343893476247431,832
get_timeline,1588466,2343893477885495,832
post_tweet,9177822,2343893487100856,832
get_timeline,1190340,2343893488321911,832
get_timeline,1834731,2343893490196758,832
add_user,10577982,2343893500808296,832
add_user,9459097,2343893510301704,832
get_timeline,976092,2343893511310021,832
add_user,8824847,2343893520172642,832
get_timeline,2067057,2343893522278099,832
get_timeline,2195851,2343893524512618,832
get_timeline,1402244,2343893525960528,832
get_timeline,871384,2343893526865160,832
post_tweet,10880814,2343893537790069,832
follow,11966996,2343893549826687,832
add_user,12651614,2343893562507884,832
get_timeline,2746468,2343893565287191,832
post_tweet,7768594,2343893573087921,832
get_timeline,1148934,2343893574262603,832
add_user,12217775,2343893586509086,832
get_timeline,1881537,2343893588439116,832
post_tweet,10450230,2343893598939297,832
get_timeline,1580568,2343893600558801,832
get_timeline,2364640,2343893602972621,832
get_timeline,2044664,2343893605063543,832
get_timeline,1258474,2343893606356837,832
follow,7492735,2343893613880061,832
post_tweet,10796601,2343893624737254,832
post_tweet,12584970,2343893637360210,832
get_timeline,400400,2343893637811095,832
get_timeline,2055302,2343893639907185,832
post_tweet,12008433,2343893651956025,832
post_tweet,10510771,2343893662535722,832
follow,11662270,2343893674263468,832
get_timeline,1162273,2343893675460303,832
get_timeline,1331577,2343893676828678,832
get_timeline,1512603,2343893678382214,832
get_timeline,1664751,2343893680093672,832
get_timeline,1690842,2343893681825801,832
post_tweet,8858651,2343893690715007,832
post_tweet,10045745,2343893700794892,832
add_user,9967776,2343893710794577,832
get_timeline,1559727,2343893712403737,832
get_timeline,1878778,2343893714335040,832
follow,7910908,2343893722287192,832
post_tweet,8650244,2343893730977563,832
get_timeline,1135607,2343893732144513,832
add_user,8798577,2343893740979205,832
post_tweet,11140617,2343893752177331,832
get_timeline,2080624,2343893754291119,832
post_tweet,10467316,2343893764813462,832
get_timeline,1926407,2343893766779871,832
get_timeline,1047041,2343893767867635,832
get_timeline,633576,2343893768549997,832
get_timeline,1580619,2343893770172576,832
get_timeline,1544624,2343893771758060,832
get_timeline,1932295,2343893773739393,832
get_timeline,604977,2343893774401612,832
get_timeline,1422166,2343893775853399,832
post_tweet,11015950,2343893786907306,832
get_timeline,1664193,2343893788603747,832
get_timeline,2314943,2343893790955121,832
add_user,9752483,2343893800742666,832
post_tweet,6339611,2343893807125466,832
post_tweet,14083401,2343893821234833,832
get_timeline,2018376,2343893823301006,832
follow,4600137,2343893827947263,832
get_timeline,1388746,2343893829421056,832
get_timeline,2313848,2343893831810581,832
get_timeline,2511529,2343893834361211,832
post_tweet,8932652,2343893843356575,832
follow,9450408,2343893852842903,832
get_timeline,1064435,2343893853954371,832
post_tweet,8725777,2343893862729066,832
add_user,9804696,2343893872572129,832
post_tweet,12859511,2343893885471982,832
post_tweet,15263329,2343893900767905,832
post_tweet,7135265,2343893907938227,832
get_timeline,1388446,2343893909370332,832
get_timeline,841824,2343893910249529,832
get_timeline,2041401,2343893912357749,832
post_tweet,8633467,2343893921039731,832
get_timeline,1805392,2343893922875684,832
post_tweet,12384901,2343893935306664,832
follow,7286626,2343893942633897,832
post_tweet,7410660,2343893950111828,832
get_timeline,2234134,2343893952403694,832
get_timeline,2225129,2343893954668059,832
post_tweet,10924514,2343893965623082,832
add_user,10009666,2343893975664117,832
get_timeline,1772844,2343893977477567,832
get_timeline,2376184,2343893979897707,832
follow,7277469,2343893987235053,832
follow,7165278,2343893994441421,832
follow,4706210,2343893999183898,832
post_tweet,10705939,2343894009934245,832
get_timeline,1320540,2343894011299301,832
get_timeline,1880435,2343894013229599,832
add_user,11203707,2343894024473402,832
get_timeline,2194484,2343894026703549,832
post_tweet,11722409,2343894038467854,832
get_timeline,1963010,2343894040504965,832
get_timeline,1485404,2343894042071838,832
get_timeline,1656594,2343894043808031,832
post_tweet,11593443,2343894055490090,832
get_timeline,1300769,2343894056817002,832
post_tweet,9574497,2343894066424503,832
post_tweet,9031354,2343894075506154,832
get_timeline,1781687,2343894077330560,832
get_timeline,898391,2343894078277499,832
get_timeline,2336815,2343894080665602,832
get_timeline,1726156,2343894082432076,832
post_tweet,10027663,2343894092489335,832
post_tweet,9164308,2343894101686232,832
get_timeline,1411367,2343894103144147,832
post_tweet,14640034,2343894117855683,832
get_timeline,2318345,2343894120229670,832
get_timeline,468524,2343894120740122,832
post_tweet,8174860,2343894128964823,832
post_tweet,9723348,2343894138716931,832
get_timeline,1169597,2343894139918050,832
get_timeline,1165269,2343894141113133,832
get_timeline,1023322,2343894142175845,832
post_tweet,12551762,2343894154766204,832
get_timeline,2144728,2343894156956640,832
follow,7508572,2343894164526689,832
get_timeline,1532916,2343894166086945,832
post_tweet,10705610,2343894176822443,832
post_tweet,11177524,2343894188063317,832
post_tweet,6690465,2343894194781924,832
post_tweet,13971225,2343894208780967,832
post_tweet,9050871,2343894217880283,832
get_timeline,1326111,2343894219259827,832
post_tweet,10131391,2343894229442188,832
get_timeline,1613700,2343894231088753,832
post_tweet,7433812,2343894238553525,832
add_user,4999137,2343894243580617,832
post_tweet,11140255,2343894254760345,832
post_tweet,11026952,2343894265836742,832
get_timeline,2152338,2343894268049007,832
get_timeline,1819149,2343894269915697,832
post_tweet,10315520,2343894280264178,832
get_timeline,1941447,2343894282238318,832
post_tweet,9102072,2343894291383194,832
get_timeline,1676873,2343894293094628,832
post_tweet,9986847,2343894303129056,832
get_timeline,1098975,2343894304257247,832
get_timeline,1619715,2343894305920324,832
post_tweet,9303117,2343894315254051,832
post_tweet,9280755,2343894324569052,832
get_timeline,2299427,2343894326904360,832
follow,6811774,2343894333745119,832
post_tweet,8450718,2343894342250109,832
get_timeline,2148852,2343894344448241,832
get_timeline,2548624,2343894347036688,832
post_tweet,13058739,2343894360147100,832
post_tweet,12164641,2343894372360102,832
get_timeline,1584193,2343894374000827,832
get_timeline,1773285,2343894375834735,832
follow,7557312,2343894383435898,832
get_timeline,1612066,2343894385096240,832
get_timeline,1993133,2343894387129603,832
post_tweet,10267081,2343894397447663,832
add_user,9450383,2343894406946646,832
post_tweet,11649933,2343894418626663,832
post_tweet,10605573,2343894429277670,832
get_timeline,2056192,2343894431371478,832
follow,6035493,2343894437446204,832
post_tweet,13027099,2343894450502435,832
add_user,10643157,2343894461191163,832
get_timeline,1993024,2343894463228732,832
post_tweet,3762710,2343894467040936,832
add_user,12969533,2343894480038604,832
get_timeline,1646875,2343894481722819,832
post_tweet,11521698,2343894493294393,832
get_timeline,1690298,2343894495019892,832
follow,5518277,2343894500567430,832
post_tweet,8735723,2343894509329719,832
post_tweet,9255897,2343894518616421,832
get_timeline,2286468,2343894520965588,832
post_tweet,11754807,2343894532803853,832
post_tweet,8416152,2343894541256231,832
get_timeline,1417639,2343894542718442,832
get_timeline,828595,2343894543582295,832
post_tweet,9169257,2343894552787741,832
post_tweet,10557876,2343894563385139,832
get_timeline,1355673,2343894564770624,832
post_tweet,11119434,2343894575957423,832
get_timeline,1170077,2343894577164504,832
post_tweet,10270076,2343894587489479,832
get_timeline,2028130,2343894589558763,832
post_tweet,12074511,2343894601686935,832
get_timeline,1286093,2343894603010588,832
post_tweet,8582713,2343894611629629,832
post_tweet,9506303,2343894621177329,832
get_timeline,1586817,2343894622803761,832
get_timeline,1420335,2343894624269066,832
get_timeline,1584856,2343894625900520,832
get_timeline,1508157,2343894627444824,832
get_timeline,821911,2343894628311333,832
get_timeline,1204667,2343894629564130,832
get_timeline,1875836,2343894631503397,832
post_tweet,10180024,2343894641733010,832
get_timeline,850329,2343894642609701,832
get_timeline,1864664,2343894644513526,832
post_tweet,8522934,2343894653078792,832
get_timeline,1085822,2343894654197364,832
post_tweet,6468544,2343894660711482,832
get_timeline,1974070,2343894662767759,832
get_timeline,1657962,2343894664506414,832
get_timeline,1411810,2343894665948663,832
post_tweet,11326597,2343894677305629,832
get_timeline,1528630,2343894678864612,832
post_tweet,12534314,2343894691440861,832
get_timeline,1736076,2343894693215637,832
post_tweet,8878623,2343894702137006,832
follow,8497729,2343894710660543,832
get_timeline,1553777,2343894712252090,832
get_timeline,2582656,2343894714894914,832
get_timeline,1106750,2343894716058448,832
get_timeline,1725767,2343894717821769,832
follow,4619501,2343894722473295,832
post_tweet,11980271,2343894734483839,832
follow,8579255,2343894743108217,832
follow,6267463,2343894749421391,832
get_timeline,2246645,2343894751703800,832
post_tweet,12310039,2343894764062495,832
post_tweet,10232653,2343894774338256,832
get_timeline,2368412,2343894776758739,832
post_tweet,10463309,2343894787265988,832
get_timeline,1308454,2343894788638310,832
post_tweet,12347293,2343894801119311,832
get_timeline,1200249,2343894802353910,832
get_timeline,1343402,2343894803727553,832
get_timeline,2448029,2343894806210461,832
post_tweet,12573336,2343894818826765,832
add_user,9517309,2343894828375751,832
get_timeline,834768,2343894829242747,832
get_timeline,1836425,2343894831110488,832
get_timeline,737088,2343894831902867,832
post_tweet,10486911,2343894842436732,832
add_user,8814581,2343894851283228,832
get_timeline,2136083,2343894853455267,832
follow,6742037,2343894860248447,832
get_timeline,1661228,2343894861956097,832
get_timeline,1941569,2343894863951888,832
get_timeline,1809013,2343894865848532,832
post_tweet,7081765,2343894872994099,832
follow,9655052,2343894882683621,832
get_timeline,1087398,2343894883809621,832
get_timeline,1208714,2343894885058503,832
get_timeline,1364313,2343894886455673,832
get_timeline,1555255,2343894888043614,832
post_tweet,11477777,2343894899556611,832
add_user,10488853,2343894910089865,832
post_tweet,10125919,2343894920288130,832
post_tweet,8462798,2343894928779233,832
get_timeline,2072073,2343894930894081,832
follow,5568860,2343894936498459,832
get_timeline,1350908,2343894937881537,832
get_timeline,2237829,2343894940177618,832
get_timeline,1124212,2343894941338547,832
get_timeline,1571045,2343894942940478,832
post_tweet,7428603,2343894950407100,832
get_timeline,1056215,2343894951494905,832
get_timeline,1824049,2343894953351624,832
get_timeline,1692576,2343894955078538,832
add_user,6983297,2343894962095659,832
follow,10861613,2343894972987328,832
get_timeline,1319990,2343894974345879,832
post_tweet,11572975,2343894985960514,832
get_timeline,1084694,2343894987074223,832
get_timeline,1150672,2343894988264944,832
get_timeline,1315215,2343894989630117,832
post_tweet,9009857,2343894998671433,832
get_timeline,702489,2343894999412390,832
add_user,7915849,2343895007366160,832
post_tweet,11060640,2343895018470562,832
get_timeline,1632432,2343895020153549,832
get_timeline,1190075,2343895021379161,832
get_timeline,1501762,2343895022911747,832
post_tweet,13261967,2343895036205812,832
post_tweet,13800010,2343895050078332,832
follow,4964599,2343895055073384,832
post_tweet,9365818,2343895064475715,832
get_timeline,1936128,2343895066472009,832
get_timeline,2475382,2343895068983724,832
post_tweet,9066139,2343895078098262,832
get_timeline,1928199,2343895080065692,832
post_tweet,8025457,2343895088140118,832
get_timeline,2029986,2343895090225324,832
post_tweet,12851180,2343895103127998,832
post_tweet,14375738,2343895117554290,832
post_tweet,12501561,2343895130096284,832
get_timeline,1957646,2343895132093500,832
follow,4661271,2343895136794269,832
get_timeline,2020344,2343895138845652,832
post_tweet,11048855,2343895149930566,832
get_timeline,1064265,2343895151027199,832
follow,7923294,2343895158984470,832
get_timeline,1904731,2343895160934249,832
post_tweet,6396252,2343895167391063,832
post_tweet,9498963,2343895177204101,832
follow,10673947,2343895187914076,832
follow,7850435,2343895195795981,832
get_timeline,1839248,2343895197696918,832
post_tweet,11549317,2343895209293027,832
get_timeline,1671916,2343895211687673,832
get_timeline,1963564,2343895213695390,832
post_tweet,8567148,2343895222296359,832
follow,10656680,2343895232985611,832
get_timeline,1949786,2343895234983542,832
follow,6301740,2343895241471800,832
get_timeline,1261330,2343895242768606,832
get_timeline,1428585,2343895244228476,832
get_timeline,2154426,2343895246415063,832
post_tweet,12180386,2343895258636024,832
post_tweet,12063035,2343895270732314,832
follow,7174687,2343895277955289,832
post_tweet,11188548,2343895289195414,832
post_tweet,9080970,2343895298351090,832
get_timeline,1334937,2343895299715117,832
follow,7925886,2343895307669648,832
get_timeline,1407607,2343895309119139,832
post_tweet,8876944,2343895318046021,832
get_timeline,2273162,2343895320362723,832
get_timeline,2093253,2343895322494946,832
post_tweet,9083909,2343895331626732,832
get_timeline,1847766,2343895333846739,832
get_timeline,2268957,2343895336157736,832
post_tweet,8501888,2343895344705279,832
add_user,8565050,2343895353299980,832
get_timeline,1803435,2343895355437271,832
add_user,7434094,2343895362925428,832
post_tweet,10143149,2343895373118399,832
post_tweet,6693032,2343895379851207,832
get_timeline,2301828,2343895382183462,832
get_timeline,2360503,2343895384580106,832
get_timeline,1937393,2343895386558294,832
follow,8166561,2343895394772480,832
post_tweet,11221731,2343895406374263,832
get_timeline,2152143,2343895408554384,832
get_timeline,3344410,2343895411935565,832
post_tweet,9714300,2343895421735370,832
post_tweet,11854847,2343895433619978,832
get_timeline,2325309,2343895435995194,832
post_tweet,12950198,2343895449001331,832
get_timeline,1814144,2343895450867878,832
post_tweet,9425370,2343895460338785,832
get_timeline,1256997,2343895461631244,832
follow,5244107,2343895466916547,832
post_tweet,12245527,2343895479198470,832
get_timeline,1395535,2343895480639866,832
get_timeline,1569502,2343895482262119,832
post_tweet,11136618,2343895493441969,832
get_timeline,1750558,2343895495224892,832
get_timeline,1527969,2343895496791472,832
get_timeline,1308944,2343895498147627,832
get_timeline,1666123,2343895499856727,832
follow,8614880,2343895508514280,832
get_timeline,1498568,2343895510043813,832
follow,10056016,2343895520132219,832
follow,7062034,2343895527226817,832
get_timeline,1851682,2343895529125008,832
get_timeline,1548992,2343895530712921,832
post_tweet,11187516,2343895541939870,832
post_tweet,11063951,2343895553037914,832
get_timeline,1115389,2343895554183734,832
post_tweet,6712012,2343895560927972,832
post_tweet,9216265,2343895570867545,832
follow,13294823,2343895584206549,832
get_timeline,1596765,2343895585857062,832
post_tweet,11018030,2343895596920643,832
follow,7470211,2343895604432836,832
follow,11234023,2343895615698051,832
get_timeline,1176133,2343895616901370,832
get_timeline,1841623,2343895618773061,832
post_tweet,10673104,2343895629484059,832
follow,7918009,2343895637440796,832
follow,4208633,2343895641707773,832
get_timeline,1683968,2343895643427143,832
get_timeline,2030161,2343895645488743,832
get_timeline,1656861,2343895647178587,832
get_timeline,1778862,2343895648990573,832
get_timeline,633174,2343895649662215,832
get_timeline,1356842,2343895651056097,832
get_timeline,1878071,2343895652974243,832
post_tweet,7361394,2343895660380744,832
add_user,12772785,2343895673233201,832
follow,8937793,2343895682203958,832
follow,9066781,2343895691304894,832
post_tweet,9105150,2343895700445122,832
post_tweet,11203067,2343895711713753,832
get_timeline,1610258,2343895713371659,832
get_timeline,1774141,2343895715194410,832
follow,10580554,2343895725819663,832
post_tweet,8107040,2343895733973714,832
post_tweet,9437036,2343895743458337,832
post_tweet,7818710,2343895751351061,832
follow,7395486,2343895758775265,832
get_timeline,2657491,2343895761476134,832
post_tweet,7072012,2343895768587526,832
post_tweet,7890382,2343895776510422,832
post_tweet,11381387,2343895787941212,832
get_timeline,1671155,2343895789697916,832
post_tweet,8782776,2343895798524598,832
get_timeline,1926031,2343895800486227,832
get_timeline,1742794,2343895802288140,832
get_timeline,1756010,2343895804103630,832
get_timeline,1406682,2343895805572106,832
get_timeline,1955695,2343895807588892,832
follow,5681141,2343895813311299,832
get_timeline,1293390,2343895814631969,832
post_tweet,8660458,2343895823334747,832
add_user,5615608,2343895828986828,832
get_timeline,1578867,2343895830612594,832
get_timeline,2367926,2343895833029689,832
get_timeline,1106301,2343895834188314,832
follow,7625490,2343895841862713,832
get_timeline,1805896,2343895843712746,832
post_tweet,9257529,2343895853010664,832
get_timeline,824809,2343895853872348,832
post_tweet,11818032,2343895865757526,832
get_timeline,1685518,2343895867494679,832
follow,5723039,2343895873265121,832
post_tweet,6745303,2343895880096796,832
get_timeline,1820485,2343895881946818,832
post_tweet,8422022,2343895890405026,832
get_timeline,2928426,2343895893372672,832
get_timeline,1306404,2343895894727214,832
get_timeline,2145001,2343895896911645,832
post_tweet,13043600,2343895910001470,832
get_timeline,3435602,2343895913469419,832
get_timeline,4301229,2343895917815812,832
get_timeline,1397988,2343895919302223,832
get_timeline,3025102,2343895922375956,832
post_tweet,9240058,2343895931775708,832
follow,10955303,2343895942785828,832
post_tweet,10428948,2343895953258215,832
post_tweet,12618136,2343895965925619,832
follow,9386705,2343895975340033,832
post_tweet,10467172,2343895985845690,832
post_tweet,13331597,2343895999217152,832
post_tweet,15091987,2343896014354593,832
get_timeline,2738113,2343896017143645,832
get_timeline,1100713,2343896018284584,832
get_timeline,1741556,2343896020072591,832
get_timeline,1603394,2343896021729489,832
get_timeline,2460104,2343896024256735,832
post_tweet,9827644,2343896034114549,832
get_timeline,1526880,2343896035669745,832
post_tweet,13187050,2343896048971298,832
get_timeline,1910352,2343896050919751,832
get_timeline,1636195,2343896052599641,832
post_tweet,10303098,2343896062933590,832
get_timeline,2127775,2343896065097873,832
get_timeline,1556998,2343896066708048,832
post_tweet,7937470,2343896074697981,832
get_timeline,1706709,2343896076435648,832
follow,4486499,2343896080956080,832
post_tweet,7317217,2343896088315341,832
get_timeline,3222559,2343896091622397,832
follow,8158144,2343896100087326,832
post_tweet,7607082,2343896107739633,832
get_timeline,1991268,2343896109765138,832
get_timeline,1625393,2343896111428936,832
post_tweet,7574774,2343896119050764,832
post_tweet,7536424,2343896126624993,832
follow,13141870,2343896139809888,832
post_tweet,10361810,2343896150201542,832
get_timeline,267504,2343896150501273,832
post_tweet,8568823,2343896159108859,832
get_timeline,2642455,2343896161834345,832
get_timeline,1295005,2343896163165181,832
follow,6055983,2343896169265475,832
get_timeline,2947239,2343896172258172,832
get_timeline,1964065,2343896174325904,832
post_tweet,10047628,2343896184403330,832
follow,6012480,2343896190696439,832
add_user,9013665,2343896199742178,832
post_tweet,9791680,2343896209583144,832
get_timeline,2592261,2343896212213834,832
post_tweet,8876632,2343896221126608,832
get_timeline,1029709,2343896222184241,832
get_timeline,2163730,2343896224388616,832
get_timeline,1302554,2343896225736035,832
post_tweet,9142408,2343896234939721,832
post_tweet,9193441,2343896244250126,832
post_tweet,10853774,2343896255133582,832
post_tweet,11380744,2343896266552828,832
get_timeline,1818299,2343896268418335,832
follow,5953401,2343896274409479,832
follow,6570417,2343896281012120,832
get_timeline,1353136,2343896282399506,832
get_timeline,2158475,2343896284616222,832
get_timeline,2117362,2343896287110810,832
get_timeline,2513529,2343896289704698,832
get_timeline,1857094,2343896291602946,832
get_timeline,1560450,2343896293193186,832
post_tweet,3844088,2343896297072488,832
add_user,10726700,2343896307825066,832
get_timeline,714132,2343896308571288,832
get_timeline,2903909,2343896311526990,832
get_timeline,592000,2343896312152586,832
post_tweet,10467809,2343896322655557,832
get_timeline,1205185,2343896323997272,832
post_tweet,13304686,2343896337362113,832
get_timeline,2870767,2343896340283464,832
post_tweet,9222658,2343896349554679,832
post_tweet,8847375,2343896358439961,832
get_timeline,2225286,2343896360693705,832
add_user,10889903,2343896371619286,832
post_tweet,8706625,2343896380364876,832
get_timeline,2234445,2343896382642554,832
get_timeline,1281850,2343896383970185,832
get_timeline,2217165,2343896386284204,832
get_timeline,1943365,2343896388270447,832
get_timeline,1463095,2343896389779704,832
post_tweet,11356061,2343896401829554,832
get_timeline,2319433,2343896404182156,832
get_timeline,1593658,2343896405818969,832
get_timeline,1810375,2343896407660853,832
post_tweet,11635842,2343896419326726,832
follow,7980275,2343896427348624,832
post_tweet,12173991,2343896439553403,832
get_timeline,2529324,2343896442127913,832
post_tweet,9980043,2343896452164658,832
follow,9972284,2343896462167474,832
get_timeline,3429395,2343896466626070,832
post_tweet,7930396,2343896474605494,832
get_timeline,1746786,2343896476387565,832
get_timeline,2386728,2343896478817297,832
get_timeline,2027450,2343896480886886,832
post_tweet,9707647,2343896490642067,832
get_timeline,1376926,2343896492242726,832
get_timeline,1202831,2343896493481054,832
get_timeline,4331384,2343896497848873,832
post_tweet,12216173,2343896511012834,832
post_tweet,12756377,2343896523809788,832
get_timeline,2097488,2343896525953108,832
get_timeline,2520669,2343896528515780,832
follow,11591290,2343896540170702,832
post_tweet,11952086,2343896552231124,832
add_user,10447606,2343896562769688,832
get_timeline,1956497,2343896564778977,832
get_timeline,2037031,2343896566851138,832
get_timeline,576999,2343896567461278,832
get_timeline,1204066,2343896568695919,832
follow,7700199,2343896576434931,832
post_tweet,10876041,2343896587352726,832
post_tweet,10846325,2343896598230216,832
get_timeline,1266934,2343896599546120,832
post_tweet,11003117,2343896610594695,832
post_tweet,13119577,2343896623753197,832
add_user,9104430,2343896632897015,832
post_tweet,9014543,2343896641953980,832
follow,7163899,2343896649163863,832
add_user,12597548,2343896661792512,832
get_timeline,2020665,2343896663886945,832
get_timeline,3331644,2343896667285597,832
get_timeline,1270443,2343896668618443,832
get_timeline,1459068,2343896670119428,832
get_timeline,1332496,2343896671489656,832
post_tweet,10382457,2343896681901862,832
add_user,13275688,2343896695214275,832
get_timeline,1572918,2343896696834340,832
get_timeline,2020283,2343896698902041,832
post_tweet,10790992,2343896709731051,832
get_timeline,1695726,2343896711478075,832
get_timeline,1871950,2343896713401354,832
post_tweet,8998804,2343896722471577,832
get_timeline,2216752,2343896724718226,832
post_tweet,10835182,2343896735591080,832
post_tweet,8159146,2343896743795358,832
post_tweet,10456222,2343896754288613,832
follow,8782972,2343896763109246,832
get_timeline,1786087,2343896764942548,832
follow,10641894,2343896775638679,832
get_timeline,1506236,2343896777182153,832
get_timeline,1464447,2343896778718711,832
follow,6940524,2343896785709883,832
follow,10344965,2343896796131825,832
get_timeline,1039106,2343896797199876,832
post_tweet,8793983,2343896806025134,832
add_user,13082155,2343896819181568,832
get_timeline,1195267,2343896820427995,832
add_user,12143063,2343896832608275,832
get_timeline,2495929,2343896835150081,832
get_timeline,1098800,2343896836293726,832
post_tweet,6390953,2343896842736680,832
get_timeline,1467936,2343896844252564,832
post_tweet,9355117,2343896853646757,832
get_timeline,1838803,2343896855519458,832
add_user,11793752,2343896867351034,832
get_timeline,690624,2343896868070296,832
get_timeline,2435416,2343896870817500,832
get_timeline,823519,2343896871677025,832
get_timeline,2838522,2343896874552381,832
post_tweet,8699149,2343896883292707,832
post_tweet,9284650,2343896892608389,832
get_timeline,1092421,2343896893732925,832
post_tweet,7661268,2343896901433500,832
get_timeline,1472204,2343896902967146,832
get_timeline,2041555,2343896905058109,832
get_timeline,2334963,2343896907431149,832
post_tweet,8075980,2343896915556288,832
get_timeline,1958584,2343896917556048,832
get_timeline,2103682,2343896919695363,832
get_timeline,1552239,2343896921280551,832
follow,8327705,2343896929662465,832
post_tweet,10448682,2343896940145216,832
get_timeline,1914862,2343896942104595,832
post_tweet,10949471,2343896953093625,832
get_timeline,1985156,2343896955112066,832
get_timeline,946376,2343896956090623,832
post_tweet,12814249,2343896968940313,832
get_timeline,2197712,2343896971189695,832
follow,7848484,2343896979072590,832
post_tweet,10488001,2343896989589686,832
get_timeline,2356554,2343896992626317,832
post_tweet,12778585,2343897005441405,832
follow,10359675,2343897015828039,832
post_tweet,12199100,2343897028057472,832
get_timeline,2088405,2343897030190500,832
follow,8301484,2343897038538677,832
post_tweet,9804899,2343897048421918,832
get_timeline,1265493,2343897049726468,832
follow,4126909,2343897053883794,832
get_timeline,2428294,2343897056343661,832
get_timeline,1683014,2343897058082987,832
follow,7932579,2343897066058467,832
get_timeline,2906573,2343897069005258,832
get_timeline,539750,2343897069600730,832
add_user,10152737,2343897079784962,832
post_tweet,13348342,2343897093178901,832
post_tweet,8109725,2343897101333184,832
post_tweet,11903907,2343897113288570,832
follow,5973286,2343897119292195,832
add_user,9085811,2343897128425003,832
get_timeline,1332303,2343897129798532,832
get_timeline,1286139,2343897131121874,832
follow,6756998,2343897137915968,832
get_timeline,2489265,2343897140448464,832
post_tweet,9451783,2343897149935718,832
get_timeline,1700857,2343897151664190,832
add_user,9399277,2343897161092785,832
get_timeline,1548205,2343897162694558,832
post_tweet,9846308,2343897172589551,832
get_timeline,993440,2343897173625583,832
follow,8607169,2343897182269068,832
post_tweet,12602178,2343897194923071,832
get_timeline,2075594,2343897197032161,832
post_tweet,13948831,2343897211035436,832
get_timeline,707553,2343897211777411,832
get_timeline,1557087,2343897213366121,832
get_timeline,3011372,2343897216418262,832
get_timeline,1885158,2343897218346696,832
get_timeline,1654032,2343897220037273,832
follow,3661563,2343897223735406,832
get_timeline,2402930,2343897226180830,832
follow,8836362,2343897235128445,832
get_timeline,1546888,2343897236705339,832
get_timeline,1375467,2343897238115850,832
get_timeline,1249915,2343897239397605,832
get_timeline,2031554,2343897241463111,832
get_timeline,1497479,2343897243007826,832
post_tweet,12615901,2343897255658687,832
post_tweet,8904420,2343897264599531,832
follow,5942360,2343897270576512,832
get_timeline,1740714,2343897272367160,832
follow,3141193,2343897275553373,832
get_timeline,2437310,2343897278023035,832
follow,11558125,2343897289687251,832
get_timeline,1901912,2343897291663427,832
get_timeline,1188885,2343897292907852,832
get_timeline,1194218,2343897294148187,832
add_user,6318333,2343897300511778,832
post_tweet,8935198,2343897309474490,832
get_timeline,1711133,2343897311227876,832
get_timeline,2075347,2343897313353468,832
get_timeline,1777633,2343897315190346,832
follow,7222431,2343897322452780,832
get_timeline,1751915,2343897324237394,832
get_timeline,1708887,2343897325984535,832
get_timeline,3013518,2343897329035150,832
post_tweet,13297902,2343897342380403,832
get_timeline,2133648,2343897344554634,832
follow,9382370,2343897353971552,832
follow,9782574,2343897363793190,832
follow,7636256,2343897371472660,832
post_tweet,10093840,2343897381607676,832
get_timeline,1633002,2343897383276498,832
get_timeline,3070072,2343897386728495,832
get_timeline,4104184,2343897390875589,832
follow,13018608,2343897403931601,832
get_timeline,2056138,2343897406030294,832
post_tweet,8357579,2343897414423834,832
get_timeline,2245408,2343897416703725,832
post_tweet,9381957,2343897426131137,832
follow,8639502,2343897434798840,832
get_timeline,2139203,2343897436986719,832
add_user,9403163,2343897446445677,832
post_tweet,8389533,2343897454867631,832
post_tweet,7246021,2343897462140944,832
get_timeline,1983575,2343897464157549,832
get_timeline,1322439,2343897465516325,832
follow,955206,2343897466514732,832
get_timeline,947511,2343897467498198,832
get_timeline,2580113,2343897470111458,832
get_timeline,2154847,2343897472750656,832
post_tweet,5768717,2343897478559750,832
get_timeline,1065914,2343897479651721,832
get_timeline,1599285,2343897481283964,832
get_timeline,2212176,2343897483527874,832
post_tweet,8785574,2343897492350261,832
post_tweet,9986328,2343897502375170,832
post_tweet,11146936,2343897513563982,832
follow,12678104,2343897526680981,832
post_tweet,9683583,2343897536407258,832
get_timeline,1983898,2343897538424273,832
post_tweet,10056743,2343897548547456,832
get_timeline,1746305,2343897550336853,832
post_tweet,10496127,2343897560880456,832
get_timeline,2081984,2343897562999291,832
get_timeline,1004947,2343897564049581,832
post_tweet,10662392,2343897574761637,832
get_timeline,2363042,2343897577156590,832
get_timeline,1142269,2343897578344614,832
post_tweet,8907941,2343897587288150,832
post_tweet,13066354,2343897600386970,832
get_timeline,1801851,2343897602223922,832
get_timeline,2155575,2343897604411227,832
get_timeline,445515,2343897604890135,832
post_tweet,7217906,2343897612139703,832
get_timeline,2072679,2343897614248443,832
post_tweet,11440044,2343897625718603,832
get_timeline,1185794,2343897626942531,832
get_timeline,1427095,2343897628422881,832
get_timeline,2520030,2343897630993641,832
post_tweet,16726250,2343897647782640,832
post_tweet,11086484,2343897658909342,832
follow,5117854,2343897664063415,832
get_timeline,1924960,2343897666026276,832
get_timeline,1331804,2343897667388811,832
post_tweet,8951698,2343897676368482,832
get_timeline,2111219,2343897678689141,832
follow,8630316,2343897687364387,832
post_tweet,6971568,2343897694385035,832
get_timeline,1470359,2343897695921749,832
get_timeline,645662,2343897696737256,832
get_timeline,3832615,2343897700629226,832
get_timeline,1630523,2343897702336462,832
post_tweet,36676249,2343897739049241,832
get_timeline,460338,2343897739560515,832
post_tweet,4088876,2343897743687809,832
follow,2789811,2343897746546917,832
post_tweet,29619038,2343897776234026,832
get_timeline,828951,2343897777117451,832
post_tweet,5151003,2343897782333099,832
get_timeline,764802,2343897783138883,832
get_timeline,6020996,2343897789201917,832
follow,6370478,2343897795646114,832
get_timeline,689134,2343897796369084,832
get_timeline,864069,2343897797270911,832
get_timeline,557086,2343897797865697,832
get_timeline,585259,2343897798501077,832
get_timeline,818773,2343897799356877,832
get_timeline,659720,2343897800052305,832
get_timeline,6882289,2343897807020855,832
get_timeline,798099,2343897807887142,832
get_timeline,576870,2343897808506061,832
follow,1782485,2343897810337806,832
get_timeline,4421828,2343897814814091,832
post_tweet,31821806,2343897846692334,832
get_timeline,8449283,2343897855552875,832
add_user,40047088,2343897895753781,832
post_tweet,4906485,2343897900710182,832
follow,4808701,2343897905554689,832
get_timeline,8013406,2343897913628108,832
get_timeline,567329,2343897914242286,832
get_timeline,305769,2343897914600869,832
get_timeline,5779175,2343897920428589,832
follow,2098530,2343897922575525,832
get_timeline,484191,2343897923109861,832
get_timeline,344208,2343897923510377,832
get_timeline,522520,2343897924091170,832
get_timeline,6895257,2343897931038144,832
get_timeline,1361911,2343897932444968,832
follow,27928932,2343897960691285,832
get_timeline,3797044,2343897964555903,832
post_tweet,9623102,2343897974242205,832
get_timeline,2292346,2343897976567817,832
get_timeline,2032400,2343897978646924,832
get_timeline,1356191,2343897980038836,832
get_timeline,793215,2343897980873088,832
get_timeline,1039476,2343897981942889,832
get_timeline,228964,2343897982200391,832
add_user,11732976,2343897993969671,832
follow,5500530,2343897999506133,832
follow,14862206,2343898014461670,832
follow,8274039,2343898022955599,832
get_timeline,1722401,2343898024731541,832
get_timeline,1695961,2343898026502071,832
post_tweet,10937435,2343898037472478,832
post_tweet,7480009,2343898045001445,832
get_timeline,2187818,2343898047238614,832
get_timeline,1417223,2343898048695840,832
get_timeline,1778299,2343898050521241,832
get_timeline,2020013,2343898052584231,832
get_timeline,1651996,2343898054281787,832
post_tweet,16403844,2343898070729571,832
post_tweet,7894421,2343898078662557,832
follow,10255756,2343898088969431,832
follow,6274472,2343898095294430,832
post_tweet,13597149,2343898108925803,832
post_tweet,10686545,2343898119643899,832
get_timeline,1880642,2343898121561041,832
get_timeline,3429289,2343898125029240,832
post_tweet,8243776,2343898133310764,832
follow,11822099,2343898145164540,832
post_tweet,11121826,2343898156412956,832
get_timeline,45763923,2343898202206851,832
add_user,71208555,2343898273511854,832
get_timeline,1270426,2343898274834772,832
add_user,10634299,2343898285516371,832
get_timeline,3751823,2343898289354636,832
get_timeline,2262327,2343898291711333,832
get_timeline,2185358,2343898293998497,832
get_timeline,3754469,2343898297847628,832
get_timeline,55148124,2343898353107301,832
post_tweet,58673218,2343898411875983,832
follow,59335838,2343898471295282,832
get_timeline,2495630,2343898473854050,832
post_tweet,10734467,2343898484672441,832
get_timeline,2534007,2343898487269502,832
follow,2557999,2343898489864514,832
post_tweet,5468937,2343898495366770,832
get_timeline,50219901,2343898545619366,832
post_tweet,11563537,2343898557281663,832
post_tweet,60357178,2343898617704669,832
get_timeline,1628470,2343898619392439,832
post_tweet,4315788,2343898623761357,832
post_tweet,2204924,2343898626012079,832
get_timeline,50489798,2343898676560361,832
add_user,41570458,2343898718267865,832
add_user,15829509,2343898734149241,832
get_timeline,3197180,2343898737406542,832
get_timeline,2770281,2343898740241505,832
get_timeline,2031890,2343898742324669,832
get_timeline,2023662,2343898744381296,832
get_timeline,1438344,2343898745854231,832
post_tweet,10603311,2343898756490258,832
follow,6279317,2343898762826630,832
get_timeline,1294913,2343898764158378,832
follow,10615658,2343898774819923,832
post_tweet,13529909,2343898788967077,832
post_tweet,11666740,2343898800691402,832
post_tweet,9679004,2343898810407514,832
get_timeline,1720885,2343898812168850,832
post_tweet,10535744,2343898822743468,832
post_tweet,12178340,2343898834954274,832
get_timeline,1115836,2343898836114615,832
follow,10391234,2343898846557632,832
follow,10379781,2343898856965855,832
get_timeline,3029131,2343898860036381,832
get_timeline,2005878,2343898862106395,832
get_timeline,2352454,2343898864492891,832
get_timeline,1691880,2343898866230425,832
get_timeline,1849292,2343898868119197,832
get_timeline,1246813,2343898869490009,832
get_timeline,2189995,2343898871725688,832
get_timeline,2243705,2343898874000692,832
post_tweet,19376159,2343898893408044,832
post_tweet,9845187,2343898903300278,832
follow,8826456,2343898912172216,832
get_timeline,1304322,2343898913558496,832
get_timeline,1747455,2343898915359115,832
follow,4638978,2343898920047828,832
get_timeline,2139526,2343898922216786,832
post_tweet,11061249,2343898933321949,832
post_tweet,14263423,2343898947613966,832
get_timeline,1859016,2343898949533024,832
post_tweet,9776911,2343898959342767,832
follow,3928620,2343898963313908,832
get_timeline,709448,2343898964067269,832
post_tweet,10258595,2343898974367399,832
get_timeline,1274950,2343898975671444,832
get_timeline,2010814,2343898977720759,832
follow,3474393,2343898981239381,832
get_timeline,2165416,2343898983509786,832
get_timeline,2358885,2343898985901072,832
post_tweet,11271184,2343898997232603,832
post_tweet,13227952,2343899010499800,832
get_timeline,2438753,2343899012984237,832
post_tweet,16504928,2343899029625755,832
get_timeline,2559537,2343899032224408,832
follow,8992303,2343899041387743,832
get_timeline,2342881,2343899043810023,832
get_timeline,2040715,2343899048219771,832
get_timeline,659206,2343899048910589,832
get_timeline,1377363,2343899050581364,832
get_timeline,372616,2343899050990985,832
post_tweet,12037328,2343899063068529,832
get_timeline,1980264,2343899065087820,832
post_tweet,9298569,2343899074436290,832
post_tweet,8499114,2343899082977893,832
get_timeline,2245217,2343899085283723,832
get_timeline,1733500,2343899087057945,832
follow,9179857,2343899096333709,832
get_timeline,2567724,2343899099098520,832
get_timeline,228402,2343899099355742,832
get_timeline,1610234,2343899101004121,832
get_timeline,1236520,2343899102270277,832
get_timeline,665360,2343899102963709,832
get_timeline,1751752,2343899104743936,832
post_tweet,7669597,2343899112444539,832
post_tweet,14975915,2343899127449835,832
get_timeline,2922157,2343899130405781,832
follow,10554406,2343899141013555,832
get_timeline,2855608,2343899143907772,832
get_timeline,6571310,2343899150532398,832
get_timeline,2354546,2343899152936752,832
add_user,11739600,2343899164789665,832
follow,9201270,2343899174062672,832
get_timeline,1987794,2343899176085544,832
post_tweet,10785023,2343899186911751,832
get_timeline,1676541,2343899188619200,832
post_tweet,10962423,2343899199624173,832
get_timeline,1551374,2343899201227730,832
get_timeline,1543059,2343899202819026,832
get_timeline,3888170,2343899206741795,832
follow,5090683,2343899211869627,832
get_timeline,9580714,2343899221482502,832
get_timeline,9119224,2343899230720385,832
post_tweet,2172913,2343899232958889,832
post_tweet,2242350,2343899235246680,832
get_timeline,589460,2343899235874286,832
get_timeline,526517,2343899236444695,832
get_timeline,6039152,2343899242836756,832
follow,53268997,2343899296177532,832
get_timeline,12643924,2343899308879754,832
post_tweet,27750731,2343899337145009,832
add_user,12434495,2343899349618131,832
follow,8492001,2343899358138977,832
get_timeline,1197023,2343899359376112,832
get_timeline,1170906,2343899360584296,832
follow,6659762,2343899367291794,832
post_tweet,7909737,2343899375250177,832
post_tweet,15399690,2343899390725921,832
post_tweet,8882214,2343899399651396,832
post_tweet,10166726,2343899409856295,832
add_user,13358263,2343899423252963,832
post_tweet,12865473,2343899436158387,832
get_timeline,2011700,2343899438238595,832
follow,10860441,2343899449151572,832
follow,9512612,2343899458692550,832
get_timeline,1696766,2343899460432057,832
get_timeline,1931017,2343899462408730,832
post_tweet,11806666,2343899474270710,832
get_timeline,1985058,2343899476302541,832
post_tweet,14810772,2343899491145447,832
get_timeline,2894536,2343899494088125,832
post_tweet,7629927,2343899501750946,832
post_tweet,9737973,2343899511521607,832
get_timeline,2078461,2343899513631567,832
get_timeline,2063984,2343899515731896,832
get_timeline,1991847,2343899517764253,832
post_tweet,9911888,2343899527724995,832
post_tweet,11745023,2343899539502593,832
get_timeline,3279077,2343899542868945,832
post_tweet,8959308,2343899551872344,832
get_timeline,1779509,2343899553688115,832
follow,10960363,2343899564685468,832
get_timeline,1828463,2343899566547101,832
get_timeline,1410176,2343899567994148,832
get_timeline,2090870,2343899570135566,832
follow,8104258,2343899578279171,832
get_timeline,2034305,2343899580356377,832
follow,4387451,2343899584786984,832
post_tweet,6999927,2343899591833144,832
add_user,4800201,2343899596669106,832
post_tweet,2890799,2343899599605619,832
add_user,45011162,2343899644649761,832
add_user,53542364,2343899698251307,832
get_timeline,7651080,2343899705966321,832
get_timeline,3180253,2343899709196972,832
follow,9385592,2343899718631557,832
get_timeline,2237895,2343899720918740,832
get_timeline,1760059,2343899722719534,832
follow,6809024,2343899729573917,832
follow,5817910,2343899735421589,832
follow,12068977,2343899747555593,832
get_timeline,2487015,2343899750071188,832
get_timeline,1883544,2343899751990801,832
post_tweet,10084503,2343899762133920,832
post_tweet,11752554,2343899773929038,832
get_timeline,695912,2343899774653023,832
get_timeline,1087292,2343899775781393,832
follow,8077655,2343899783899529,832
post_tweet,12443777,2343899796387273,832
get_timeline,1761220,2343899798192478,832
post_tweet,10145942,2343899808383956,832
post_tweet,10498560,2343899818926835,832
add_user,14488418,2343899833453517,832
get_timeline,2151968,2343899835650755,832
follow,10952171,2343899846666233,832
post_tweet,8732740,2343899855438958,832
post_tweet,10607768,2343899866076289,832
get_timeline,2447027,2343899868556035,832
get_timeline,1310665,2343899869935881,832
get_timeline,1518946,2343899871499304,832
post_tweet,6583417,2343899878126739,832
post_tweet,11396213,2343899889561530,832
follow,5325062,2343899894919451,832
get_timeline,2039142,2343899897003247,832
get_timeline,1176885,2343899898254092,832
post_tweet,8880798,2343899907182213,832
post_tweet,7928519,2343899915154955,832
post_tweet,7050711,2343899922279049,832
get_timeline,1319338,2343899923660630,832
post_tweet,13262665,2343899936953913,832
post_tweet,13339014,2343899950324934,832
add_user,13588308,2343899963949817,832
post_tweet,8561323,2343899972578422,832
get_timeline,1902628,2343899974513287,832
get_timeline,1150471,2343899975710433,832
post_tweet,10070622,2343899985814333,832
get_timeline,1236547,2343899987083889,832
get_timeline,1855004,2343899988987531,832
follow,7290679,2343899996309087,832
post_tweet,9031131,2343900005373685,832
follow,7930096,2343900013331714,832
post_tweet,12001062,2343900025360645,832
get_timeline,1504938,2343900026902854,832
get_timeline,2947444,2343900029887482,832
follow,4003913,2343900033938121,832
get_timeline,1753340,2343900035735502,832
get_timeline,2235297,2343900038100144,832
post_tweet,11658589,2343900049795445,832
follow,7220582,2343900057040859,832
post_tweet,8473424,2343900065549315,832
post_tweet,6676803,2343900072278866,832
get_timeline,622988,2343900073045675,832
get_timeline,2649250,2343900075737957,832
get_timeline,1415352,2343900077194526,832
post_tweet,10157089,2343900087382850,832
get_timeline,1360701,2343900088778404,832
follow,3178008,2343900091993292,832
get_timeline,1748390,2343900093800678,832
get_timeline,2286520,2343900096125409,832
post_tweet,9023468,2343900105189323,832
post_tweet,11125773,2343900116357920,832
get_timeline,2074972,2343900118478775,832
get_timeline,1989458,2343900120519049,832
post_tweet,10424603,2343900130993609,832
follow,7508239,2343900138535243,832
get_timeline,1921635,2343900140505307,832
get_timeline,1983989,2343900142547904,832
get_timeline,1575223,2343900144171901,832
get_timeline,1537345,2343900145781805,832
post_tweet,8236421,2343900154071596,832
follow,7998652,2343900162097068,832
get_timeline,1110873,2343900163281743,832
post_tweet,9078817,2343900172393863,832
get_timeline,1260186,2343900173690930,832
get_timeline,1266138,2343900174992703,832
follow,7562794,2343900182586624,832
post_tweet,13508613,2343900196127115,832
get_timeline,2488009,2343900198664064,832
follow,11132007,2343900209834966,832
post_tweet,10856239,2343900220734471,832
get_timeline,1587795,2343900222359939,832
get_timeline,1393342,2343900223825281,832
follow,10167178,2343900234026571,832
get_timeline,1873957,2343900235934988,832
post_tweet,7281919,2343900243254603,832
get_timeline,1195912,2343900244499406,832
get_timeline,1359610,2343900245896008,832
get_timeline,1381659,2343900247306575,832
post_tweet,11825365,2343900259179724,832
get_timeline,1139752,2343900260350326,832
follow,5758190,2343900266150185,832
post_tweet,9234570,2343900275427482,832
follow,9653680,2343900285112580,832
get_timeline,1732124,2343900286910057,832
get_timeline,1839771,2343900288816754,832
get_timeline,1216459,2343900290068279,832
add_user,8558432,2343900298668322,832
follow,5904271,2343900304961679,832
follow,8332104,2343900313325951,832
follow,8806427,2343900322178768,832
add_user,11184087,2343900333398928,832
post_tweet,8034047,2343900341473424,832
get_timeline,2309456,2343900343833669,832
get_timeline,2475374,2343900346358079,832
get_timeline,1923941,2343900348319255,832
post_tweet,8448919,2343900356811494,832
get_timeline,1024901,2343900357879979,832
get_timeline,2777724,2343900360703983,832
follow,12666713,2343900373417172,832
get_timeline,555074,2343900374017052,832
get_timeline,1120649,2343900375173422,832
get_timeline,1462764,2343900376671804,832
post_tweet,8551117,2343900385300361,832
post_tweet,7702254,2343900393029303,832
post_tweet,13206091,2343900406280711,832
add_user,7539514,2343900413848386,832
get_timeline,1810013,2343900415736205,832
get_timeline,1598986,2343900417473762,832
post_tweet,7497630,2343900425020942,832
get_timeline,2189186,2343900427247462,832
post_tweet,12695343,2343900439984217,832
get_timeline,1888511,2343900441927081,832
get_timeline,1366775,2343900443331594,832
follow,9730125,2343900453102797,832
follow,11931600,2343900465075528,832
get_timeline,1673262,2343900466801332,832
follow,11289107,2343900478134465,832
follow,7819702,2343900486001329,832
post_tweet,9124152,2343900495156780,832
get_timeline,1745015,2343900496943742,832
follow,11184203,2343900508175729,832
post_tweet,9444714,2343900517661240,832
post_tweet,12275027,2343900529971052,832
get_timeline,2037422,2343900532050177,832
get_timeline,1300601,2343900533393666,832
add_user,8147611,2343900541573263,832
get_timeline,1911646,2343900543546710,832
get_timeline,2549177,2343900546175967,832
get_timeline,1437101,2343900547653674,832
add_user,10534755,2343900558225103,832
post_tweet,8510013,2343900566763097,832
get_timeline,3010701,2343900569824303,832
get_timeline,1666659,2343900571543575,832
post_tweet,10388725,2343900581977072,832
post_tweet,11420086,2343900593625315,832
get_timeline,987927,2343900594664878,832
get_timeline,1756518,2343900596469689,832
add_user,11230239,2343900607756007,832
get_timeline,797682,2343900608593296,832
get_timeline,1975041,2343900610606015,832
get_timeline,1521502,2343900612163734,832
get_timeline,1270322,2343900613475097,832
post_tweet,10348579,2343900623898371,832
add_user,14713679,2343900638649520,832
post_tweet,12162691,2343900650892986,832
get_timeline,1531078,2343900652455523,832
get_timeline,1950873,2343900654445888,832
post_tweet,9671955,2343900664160944,832
post_tweet,13204838,2343900677478172,832
get_timeline,1820157,2343900679329925,832
post_tweet,8562297,2343900687942876,832
post_tweet,10432185,2343900698401609,832
follow,5999810,2343900704429911,832
post_tweet,10437407,2343900714895329,832
post_tweet,12203234,2343900727140436,832
get_timeline,2102663,2343900729284295,832
post_tweet,8927514,2343900738252704,832
get_timeline,397997,2343900738710699,832
get_timeline,1805445,2343900740554899,832
get_timeline,1374232,2343900741967189,832
get_timeline,963670,2343900742965881,832
follow,5096898,2343900748097648,832
get_timeline,845743,2343900748969606,832
get_timeline,908425,2343900749905150,832
post_tweet,9675940,2343900759612992,832
get_timeline,659272,2343900760300785,832
get_timeline,1079776,2343900761416824,832
get_timeline,794453,2343900762260173,832
get_timeline,2211867,2343900764517259,832
get_timeline,1653757,2343900766218544,832
get_timeline,809431,2343900767077188,832
get_timeline,446585,2343900767558838,832
post_tweet,8340093,2343900775941284,832
get_timeline,1055829,2343900777030583,832
get_timeline,723340,2343900777786096,832
get_timeline,2580407,2343900780400695,832
add_user,9295252,2343900789741749,832
get_timeline,1316460,2343900791096698,832
get_timeline,2475007,2343900793605825,832
post_tweet,10623136,2343900804280735,832
get_timeline,2395837,2343900806711211,832
get_timeline,1575106,2343900808330735,832
get_timeline,1216702,2343900809599261,832
follow,1927259,2343900811557202,832
add_user,10814487,2343900822399681,832
follow,8854452,2343900831280557,832
post_tweet,10722986,2343900842044952,832
post_tweet,10474886,2343900852560038,832
post_tweet,11194674,2343900863795368,832
post_tweet,9103314,2343900872932904,832
post_tweet,10902060,2343900883870831,832
add_user,10270550,2343900894190046,832
get_timeline,2404031,2343900896653475,832
post_tweet,9015381,2343900905712529,832
post_tweet,7177803,2343900912933296,832
get_timeline,2499949,2343900915509231,832
add_user,11010374,2343900926624985,832
get_timeline,715907,2343900927375443,832
get_timeline,1660287,2343900929317046,832
get_timeline,1736098,2343900931083651,832
post_tweet,8585475,2343900939699486,832
post_tweet,13482548,2343900953240530,832
follow,9302925,2343900962572204,832
post_tweet,4744338,2343900967359155,832
follow,3664891,2343900971055160,832
post_tweet,4664441,2343900975760906,832
post_tweet,28291299,2343901004093130,832
follow,7598427,2343901011723288,832
get_timeline,1295554,2343901013072407,832
follow,12742427,2343901025863377,832
get_timeline,9177993,2343901035089327,832
get_timeline,2568032,2343901037736681,832
get_timeline,988962,2343901038782245,832
get_timeline,1573199,2343901040409710,832
get_timeline,750930,2343901041207073,832
get_timeline,1042782,2343901042308953,832
get_timeline,1265932,2343901043612852,832
post_tweet,5398708,2343901049054200,832
get_timeline,11039679,2343901060129608,832
get_timeline,836518,2343901061009472,832
post_tweet,26506999,2343901087977539,832
get_timeline,4524505,2343901092575412,832
get_timeline,1642418,2343901094270260,832
post_tweet,5142053,2343901099458871,832
follow,6220145,2343901105707246,832
get_timeline,4233070,2343901109970358,832
post_tweet,5743094,2343901115751342,832
post_tweet,7216206,2343901123009455,832
get_timeline,840790,2343901123901622,832
get_timeline,1271235,2343901125224618,832
get_timeline,793834,2343901126078558,832
get_timeline,10633714,2343901136754372,832
post_tweet,25288569,2343901162093149,832
post_tweet,13720672,2343901175878349,832
follow,8633038,2343901184544983,832
post_tweet,8011559,2343901192586424,832
add_user,8788193,2343901201403511,832
post_tweet,7531569,2343901208968370,832
get_timeline,4561276,2343901213564210,832
get_timeline,771939,2343901214377246,832
get_timeline,936548,2343901215374540,832
post_tweet,5230891,2343901220634183,832
post_tweet,7342651,2343901228024374,832
get_timeline,8301578,2343901236368275,832
post_tweet,10787320,2343901247225602,832
post_tweet,21106369,2343901268369111,832
post_tweet,20564513,2343901288986400,832
get_timeline,1558276,2343901290631461,832
follow,5227515,2343901295911378,832
post_tweet,13228007,2343901309167263,832
post_tweet,10411933,2343901319624873,832
add_user,11983421,2343901331641471,832
follow,3286098,2343901334977295,832
follow,11899491,2343901346917377,832
post_tweet,10641649,2343901357602788,832
get_timeline,1650513,2343901359295581,832
add_user,12499588,2343901371850382,832
get_timeline,844015,2343901372744159,832
get_timeline,1900341,2343901374697364,832
get_timeline,1446441,2343901376194487,832
follow,9406953,2343901385638008,832
get_timeline,1135332,2343901386808888,832
get_timeline,1599371,2343901388445456,832
post_tweet,10672391,2343901399160031,832
post_tweet,12895740,2343901412092143,832
get_timeline,2778078,2343901414940777,832
get_timeline,1869053,2343901416850465,832
post_tweet,16606280,2343901433500257,832
get_timeline,1616248,2343901435150635,832
get_timeline,1179459,2343901436376107,832
get_timeline,1499410,2343901437921735,832
follow,7513345,2343901445465713,832
follow,8539146,2343901454041823,832
get_timeline,1650952,2343901455725500,832
follow,11410783,2343901467176043,832
post_tweet,12597973,2343901479818677,832
follow,5757326,2343901485614018,832
post_tweet,5797792,2343901491442971,832
post_tweet,7382820,2343901498870495,832
post_tweet,12534527,2343901511477238,832
post_tweet,10312629,2343901521830805,832
follow,10103528,2343901531984245,832
get_timeline,1452823,2343901533490376,832
follow,9110630,2343901542636269,832
get_timeline,3170288,2343901545851702,832
get_timeline,1384840,2343901547276160,832
post_tweet,11221223,2343901558531214,832
get_timeline,889904,2343901559465495,832
get_timeline,1337298,2343901560836434,832
add_user,6985382,2343901567865397,832
follow,10366148,2343901578283009,832
get_timeline,1288974,2343901579610442,832
get_timeline,1781373,2343901581434461,832
get_timeline,377305,2343901581842261,832
post_tweet,7201883,2343901589090107,832
post_tweet,11453257,2343901600586538,832
get_timeline,1696694,2343901602340763,832
get_timeline,1973689,2343901604361352,832
get_timeline,1680812,2343901606089732,832
get_timeline,1905034,2343901608031006,832
post_tweet,6346519,2343901614436428,832
post_tweet,10360816,2343901624832575,832
post_tweet,8931072,2343901633805524,832
get_timeline,911351,2343901634762926,832
get_timeline,1961968,2343901636771748,832
follow,6584172,2343901643388814,832
post_tweet,7393012,2343901650815281,832
follow,9766821,2343901660622235,832
get_timeline,1350665,2343901662001886,832
post_tweet,9735335,2343901671778247,832
post_tweet,10210419,2343901682028370,832
get_timeline,2507008,2343901684568618,832
follow,5577769,2343901690184332,832
add_user,12937023,2343901703161438,832
follow,3391584,2343901706598303,832
get_timeline,651623,2343901707281515,832
follow,13540735,2343901720852102,832
post_tweet,8747510,2343901729632514,832
get_timeline,1702212,2343901731381550,832
post_tweet,11874764,2343901743306704,832
get_timeline,2611496,2343901745947977,832
post_tweet,10887929,2343901756868585,832
get_timeline,1817413,2343901758730809,832
post_tweet,10625159,2343901769403775,832
post_tweet,11522153,2343901780967011,832
get_timeline,2668420,2343901783675805,832
get_timeline,1079413,2343901784792517,832
post_tweet,8665794,2343901793506396,832
get_timeline,1171229,2343901794715967,832
post_tweet,5566694,2343901800312282,832
get_timeline,1995051,2343901802341938,832
post_tweet,11721162,2343901814122805,832
get_timeline,1066619,2343901815228047,832
post_tweet,9460186,2343901824744988,832
get_timeline,1178392,2343901825959973,832
get_timeline,1356478,2343901827370042,832
follow,6095014,2343901833503669,832
get_timeline,2094567,2343901835636143,832
get_timeline,1353991,2343901837021974,832
get_timeline,2284398,2343901839342750,832
get_timeline,2133381,2343901841509690,832
post_tweet,11491502,2343901853034474,832
follow,5623214,2343901858722358,832
get_timeline,2001647,2343901860762103,832
post_tweet,7725886,2343901868525777,832
add_user,13227727,2343901881788829,832
follow,8929739,2343901890763604,832
add_user,7882969,2343901898694118,832
add_user,9392730,2343901908124400,832
get_timeline,2398898,2343901910568160,832
follow,4457231,2343901915110367,832
post_tweet,10380959,2343901925523495,832
post_tweet,10977029,2343901936530209,832
get_timeline,1533189,2343901938105205,832
post_tweet,9835575,2343901947998588,832
get_timeline,1952704,2343901950006090,832
get_timeline,1282661,2343901951328634,832
get_timeline,870408,2343901952235419,832
post_tweet,13281675,2343901965560186,832
get_timeline,1585621,2343901967176449,832
get_timeline,1323725,2343901968536348,832
post_tweet,8842048,2343901977412761,832
follow,10684612,2343901988150524,832
get_timeline,1608080,2343901989808838,832
get_timeline,1343583,2343901991217928,832
follow,11611041,2343902002864836,832
get_timeline,624879,2343902003520752,832
get_timeline,2105191,2343902005673984,832
post_tweet,7740338,2343902013464096,832
follow,6057431,2343902019552075,832
get_timeline,1208606,2343902020808350,832
get_timeline,1101517,2343902021951066,832
get_timeline,1547456,2343902023537047,832
post_tweet,8091303,2343902031662696,832
get_timeline,1621980,2343902033314357,832
post_tweet,9751647,2343902043101218,832
post_tweet,14190065,2343902057326730,832
follow,5261888,2343902062615693,832
follow,3790311,2343902066437600,832
get_timeline,2467077,2343902068958173,832
add_user,7578337,2343902076587159,832
get_timeline,1603988,2343902078222777,832
post_tweet,11216844,2343902089475804,832
post_tweet,10186471,2343902099702157,832
follow,8005174,2343902107749859,832
follow,11715744,2343902119496021,832
post_tweet,7980016,2343902127511515,832
post_tweet,10097060,2343902137643509,832
post_tweet,12079233,2343902149776891,832
get_timeline,1459894,2343902151275337,832
get_timeline,824685,2343902152150009,832
follow,6418640,2343902158601224,832
add_user,12215484,2343902170847022,832
post_tweet,7396256,2343902178280099,832
post_tweet,8274937,2343902186582007,832
post_tweet,8257297,2343902194875562,832
post_tweet,7217872,2343902202145712,832
post_tweet,7397418,2343902209574509,832
get_timeline,1352841,2343902210963097,832
add_user,10241728,2343902221246163,832
get_timeline,1689563,2343902222976472,832
get_timeline,1494778,2343902224517716,832
get_timeline,823036,2343902225376834,832
post_tweet,15687625,2343902241103269,832
post_tweet,5900749,2343902247055159,832
get_timeline,1877192,2343902248976574,832
get_timeline,1639351,2343902250660800,832
post_tweet,6421811,2343902257128115,832
follow,10156962,2343902267322078,832
post_tweet,9174585,2343902276541149,832
get_timeline,2065846,2343902278664452,832
get_timeline,2146013,2343902280855465,832
post_tweet,11174612,2343902292093302,832
get_timeline,656301,2343902292796988,832
get_timeline,2537769,2343902295377012,832
post_tweet,5607627,2343902301015271,832
get_timeline,2061378,2343902303104820,832
post_tweet,9230340,2343902312377345,832
get_timeline,2046665,2343902314486624,832
get_timeline,814476,2343902315337216,832
post_tweet,7823785,2343902323194222,832
post_tweet,8840206,2343902332075771,832
get_timeline,1570514,2343902333702997,832
get_timeline,1235628,2343902334976703,832
post_tweet,5899008,2343902340913840,832
get_timeline,1574062,2343902342519224,832
get_timeline,1354164,2343902343904921,832
post_tweet,10882664,2343902354827614,832
add_user,7310615,2343902362179624,832
get_timeline,2015597,2343902364226696,832
get_timeline,1781835,2343902366046435,832
get_timeline,1115296,2343902367210156,832
get_timeline,1372090,2343902368639881,832
follow,9884333,2343902378571918,832
add_user,7169279,2343902385786006,832
get_timeline,1421021,2343902387233399,832
get_timeline,239131,2343902387503717,832
get_timeline,1110113,2343902388652111,832
get_timeline,1072140,2343902389754630,832
follow,9516920,2343902399305630,832
get_timeline,1616189,2343902400953643,832
get_timeline,1778613,2343902402776887,832
get_timeline,1885679,2343902404709573,832
get_timeline,1596793,2343902406350452,832
post_tweet,10344130,2343902416763189,832
post_tweet,11922569,2343902428728202,832
get_timeline,2312888,2343902431081872,832
get_timeline,1503005,2343902432635595,832
follow,4986079,2343902437671339,832
get_timeline,876984,2343902438573222,832
get_timeline,1721612,2343902440324010,832
get_timeline,1360504,2343902441714857,832
post_tweet,12390082,2343902454152126,832
get_timeline,2383080,2343902456579605,832
get_timeline,1739052,2343902458371418,832
follow,7649374,2343902466107392,832
get_timeline,1357662,2343902467491963,832
post_tweet,14941772,2343902482473545,832
add_user,10979709,2343902493508853,832
post_tweet,11787376,2343902505366223,832
post_tweet,9584596,2343902514998183,832
post_tweet,11003127,2343902526035798,832
post_tweet,9748077,2343902535822697,832
post_tweet,10419848,2343902546315842,832
get_timeline,1650566,2343902547999640,832
get_timeline,1546093,2343902549595358,832
follow,6745796,2343902556406631,832
get_timeline,726250,2343902557166912,832
post_tweet,8581512,2343902565791938,832
get_timeline,1778644,2343902567598862,832
get_timeline,1470158,2343902569108961,832
get_timeline,1734852,2343902570884944,832
get_timeline,1775943,2343902572695676,832
post_tweet,9658781,2343902582385629,832
get_timeline,1508278,2343902583998345,832
post_tweet,11170925,2343902595220359,832
post_tweet,11818803,2343902607073738,832
get_timeline,2295650,2343902609424143,832
post_tweet,7293915,2343902616776561,832
get_timeline,1349436,2343902618153903,832
get_timeline,2071042,2343902620255025,832
post_tweet,9102715,2343902629685121,832
post_tweet,10693363,2343902640463893,832
post_tweet,12357359,2343902652858465,832
follow,9127472,2343902662047972,832
post_tweet,10844847,2343902672940233,832
get_timeline,1986251,2343902674967579,832
post_tweet,13132720,2343902688132995,832
add_user,9654054,2343902697825758,832
get_timeline,988418,2343902698850067,832
get_timeline,1913522,2343902700814177,832
get_timeline,1936483,2343902702800506,832
get_timeline,2090629,2343902704963814,832
post_tweet,7277947,2343902712296170,832
post_tweet,8461205,2343902720784753,832
get_timeline,1372637,2343902722182162,832
get_timeline,1534751,2343902723748997,832
get_timeline,2237720,2343902726023906,832
get_timeline,1678987,2343902727735912,832
get_timeline,1905065,2343902729670241,832
get_timeline,810926,2343902730522774,832
get_timeline,2165633,2343902732721075,832
get_timeline,1111044,2343902733866522,832
post_tweet,6348985,2343902740259861,832
follow,14337659,2343902754626428,832
get_timeline,1941660,2343902756607226,832
follow,5970065,2343902762684574,832
get_timeline,1136471,2343902763875860,832
get_timeline,1337976,2343902765247078,832
get_timeline,1169008,2343902766453852,832
get_timeline,2889303,2343902769393536,832
post_tweet,13194458,2343902782635043,832
post_tweet,13206204,2343902795874919,832
get_timeline,1593577,2343902797506571,832
get_timeline,1115662,2343902798662200,832
get_timeline,1128448,2343902799821051,832
follow,11810348,2343902811663538,832
post_tweet,9386635,2343902821092594,832
get_timeline,2497510,2343902823635102,832
get_timeline,2024588,2343902825698681,832
follow,1907552,2343902827642929,832
post_tweet,15347084,2343902843031434,832
post_tweet,13947763,2343902857020682,832
post_tweet,11409609,2343902868481128,832
get_timeline,1082550,2343902869591688,832
post_tweet,9852083,2343902879478612,832
get_timeline,2428874,2343902881937671,832
get_timeline,930018,2343902882918367,832
get_timeline,1477876,2343902884455438,832
post_tweet,12853591,2343902897340382,832
post_tweet,10783569,2343902908180599,832
post_tweet,9252611,2343902917483753,832
get_timeline,1374549,2343902918886206,832
add_user,5674083,2343902924600007,832
get_timeline,1654580,2343902926311048,832
get_timeline,1841419,2343902928193076,832
follow,5790385,2343902934023833,832
post_tweet,10021491,2343902944077126,832
follow,10811552,2343902954945746,832
post_tweet,7793729,2343902962774462,832
post_tweet,11694564,2343902974514172,832
get_timeline,1104195,2343902975650049,832
get_timeline,1886626,2343902977570085,832
get_timeline,1539885,2343902979157739,832
get_timeline,2328967,2343902981591352,832
follow,9994294,2343902991629791,832
post_tweet,13309579,2343903004979634,832
add_user,7347429,2343903012384418,832
post_tweet,10406561,2343903022827215,832
post_tweet,13516198,2343903036382587,832
get_timeline,1693346,2343903038168363,832
get_timeline,2635186,2343903040892085,832
get_timeline,1824716,2343903042809995,832
post_tweet,11825714,2343903054671474,832
get_timeline,1616880,2343903056324646,832
get_timeline,1867649,2343903058236436,832
get_timeline,1802794,2343903060069325,832
get_timeline,1333097,2343903061462642,832
get_timeline,1503867,2343903063016007,832
post_tweet,6875402,2343903069946420,832
follow,11750755,2343903081734610,832
get_timeline,1484156,2343903083265447,832
get_timeline,2287054,2343903085600211,832
get_timeline,1208899,2343903086851114,832
add_user,9596249,2343903096483324,832
post_tweet,10351062,2343903106868333,832
get_timeline,1937458,2343903108841182,832
post_tweet,8170354,2343903117053245,832
post_tweet,9771984,2343903126865992,832
post_tweet,11357921,2343903138256330,832
post_tweet,8694587,2343903147014352,832
get_timeline,2406594,2343903149455095,832
post_tweet,7180913,2343903156694301,832
get_timeline,1438937,2343903158177544,832
get_timeline,1594658,2343903159801953,832
follow,12735454,2343903172565134,832
post_tweet,7367866,2343903179980747,832
get_timeline,1153875,2343903181206838,832
post_tweet,7640565,2343903188889345,832
get_timeline,1383367,2343903190479744,832
post_tweet,9308587,2343903199825586,832
add_user,12238490,2343903212100751,832
post_tweet,12300687,2343903224434253,832
get_timeline,2043681,2343903226508354,832
post_tweet,12066908,2343903238608523,832
follow,10475756,2343903249123530,832
get_timeline,2553380,2343903251710561,832
get_timeline,1128006,2343903252906828,832
follow,2934267,2343903255965148,832
post_tweet,11898904,2343903267894105,832
get_timeline,1986615,2343903269942073,832
follow,7496076,2343903277477198,832
post_tweet,9457815,2343903286974954,832
get_timeline,2201364,2343903289237536,832
get_timeline,2664198,2343903291973773,832
follow,6056608,2343903298174158,832
get_timeline,646312,2343903298845961,832
get_timeline,19736922,2343903318620569,832
post_tweet,6294287,2343903324990918,832
follow,8250110,2343903333287763,832
post_tweet,14757039,2343903348075286,832
post_tweet,9167668,2343903357280615,832
post_tweet,56220243,2343903413545326,832
get_timeline,1691838,2343903415332356,832
post_tweet,9920623,2343903425334411,832
get_timeline,1597934,2343903426961978,832
get_timeline,1032893,2343903428027236,832
follow,6524160,2343903434589725,832
get_timeline,1100667,2343903435731007,832
follow,32670456,2343903468432926,832
get_timeline,2402275,2343903470896803,832
post_tweet,27669310,2343903498617484,832
follow,5874945,2343903504535739,832
get_timeline,1479825,2343903506057896,832
get_timeline,1494460,2343903507607145,832
post_tweet,9691021,2343903517334601,832
post_tweet,13155307,2343903530522353,832
get_timeline,3424002,2343903534037823,832
follow,4273819,2343903538363712,832
get_timeline,900679,2343903539294337,832
follow,2085590,2343903541412208,832
get_timeline,16243236,2343903557686236,832
post_tweet,7151225,2343903564890136,832
get_timeline,1139578,2343903566090359,832
get_timeline,1331493,2343903567468691,832
get_timeline,3159360,2343903570678743,832
get_timeline,1431750,2343903572142921,832
get_timeline,1758302,2343903573939143,832
follow,7311109,2343903581286242,832
post_tweet,14722906,2343903596036914,832
follow,13152028,2343903609244379,832
get_timeline,1922537,2343903611209756,832
follow,8037633,2343903619292365,832
get_timeline,1980452,2343903621315317,832
get_timeline,2478651,2343903623843666,832
get_timeline,669974,2343903624560955,832
follow,10422506,2343903635035222,832
post_tweet,16459722,2343903651542366,832
get_timeline,1739441,2343903653326607,832
get_timeline,2133541,2343903655501385,832
add_user,10052378,2343903665611353,832
get_timeline,1324286,2343903666991409,832
post_tweet,13454349,2343903680487469,832
get_timeline,2043990,2343903682573181,832
post_tweet,13540482,2343903696165529,832
follow,14808529,2343903711015181,832
get_timeline,1171082,2343903712240776,832
get_timeline,1543623,2343903713870475,832
get_timeline,3517465,2343903717441871,832
post_tweet,5055729,2343903722534474,832
get_timeline,1720704,2343903724296071,832
follow,2202226,2343903726537527,832
post_tweet,7917335,2343903734481561,832
get_timeline,2393325,2343903736908665,832
get_timeline,1072938,2343903738024756,832
post_tweet,6993715,2343903745056279,832
post_tweet,7588184,2343903752692370,832
get_timeline,540586,2343903753268679,832
post_tweet,7090835,2343903760389193,832
follow,11426130,2343903771855242,832
post_tweet,12789303,2343903784706828,832
get_timeline,1583244,2343903786349985,832
follow,11060141,2343903797521454,832
follow,4709579,2343903802266060,832
post_tweet,9883782,2343903812187135,832
get_timeline,1069695,2343903813299512,832
get_timeline,1360883,2343903814735959,832
get_timeline,2417069,2343903817201812,832
get_timeline,1166866,2343903818400312,832
add_user,11262772,2343903829693682,832
get_timeline,2717896,2343903832440032,832
get_timeline,1786800,2343903834260147,832
get_timeline,1519761,2343903835827425,832
get_timeline,2381846,2343903838257924,832
post_tweet,13482128,2343903851780486,832
post_tweet,14132621,2343903865952560,832
get_timeline,1853537,2343903867846688,832
post_tweet,5945449,2343903873837332,832
get_timeline,2498516,2343903876362893,832
get_timeline,1068979,2343903877464899,832
add_user,7363800,2343903884865752,832
get_timeline,1841210,2343903886734365,832
post_tweet,6123686,2343903892905080,832
get_timeline,1758064,2343903894743805,832
get_timeline,1695639,2343903896478673,832
get_timeline,1322362,2343903897838103,832
post_tweet,8068380,2343903905944534,832
post_tweet,11176753,2343903917160474,832
get_timeline,730362,2343903917978896,832
post_tweet,10872513,2343903928898507,832
get_timeline,1913443,2343903930851547,832
get_timeline,2540629,2343903933427748,832
get_timeline,575641,2343903934037160,832
post_tweet,10249341,2343903944315893,832
post_tweet,11785083,2343903956134336,832
post_tweet,12581515,2343903968764496,832
get_timeline,1241902,2343903970043928,832
post_tweet,9011883,2343903979093494,832
follow,9686473,2343903988824904,832
get_timeline,977393,2343903989842163,832
follow,8417303,2343903998289670,832
get_timeline,1886221,2343904000228163,832
follow,10394762,2343904010669993,832
get_timeline,1021813,2343904011719142,832
get_timeline,2079965,2343904013827738,832
get_timeline,1552094,2343904015412924,832
add_user,7167231,2343904022637317,832
follow,10975016,2343904033640592,832
get_timeline,1256967,2343904034943844,832
follow,7175231,2343904042200610,832
get_timeline,642560,2343904042874937,832
get_timeline,2846727,2343904045759075,832
follow,8046559,2343904053845984,832
get_timeline,1477626,2343904055349943,832
add_user,6718254,2343904062096635,832
get_timeline,1011345,2343904063141733,832
get_timeline,1487396,2343904064673931,832
get_timeline,1171540,2343904065894891,832
get_timeline,870767,2343904066810535,832
get_timeline,3492441,2343904070340050,832
follow,8333522,2343904078728112,832
post_tweet,14602564,2343904093367902,832
get_timeline,2168872,2343904095583889,832
post_tweet,13738689,2343904109360129,832
get_timeline,3275457,2343904112663371,832
post_tweet,17175349,2343904129880896,832
follow,15324772,2343904145241155,832
get_timeline,987164,2343904146287433,832
get_timeline,3421322,2343904149778231,832
get_timeline,2803078,2343904152632690,832
post_tweet,7259453,2343904159926608,832
get_timeline,2512663,2343904162500243,832
get_timeline,2037433,2343904164583385,832
post_tweet,11671438,2343904176295521,832
get_timeline,1797081,2343904178142442,832
get_timeline,2141197,2343904180347754,832
follow,10221019,2343904190611612,832
follow,10517732,2343904201169192,832
post_tweet,10123371,2343904211359156,832
get_timeline,8700187,2343904220100744,832
follow,2825587,2343904222963466,832
get_timeline,7057046,2343904230051892,832
add_user,3527031,2343904233624484,832
get_timeline,8914494,2343904242576132,832
get_timeline,9531578,2343904252151106,832
post_tweet,2445830,2343904254662556,832
get_timeline,9749515,2343904264457843,832
post_tweet,3997592,2343904268525975,832
get_timeline,14231252,2343904282813742,832
follow,4192048,2343904287082229,832
get_timeline,12174110,2343904299453908,832
follow,1653645,2343904301193230,832
post_tweet,1963525,2343904303196526,832
post_tweet,32465581,2343904335700311,832
get_timeline,3342663,2343904339132031,832
post_tweet,11092642,2343904350258652,832
post_tweet,8369204,2343904358661987,832
follow,7821404,2343904366516135,832
post_tweet,7049452,2343904373601912,832
get_timeline,2624160,2343904376260503,832
get_timeline,1130004,2343904377441234,832
get_timeline,1052883,2343904378538767,832
get_timeline,3476414,2343904382064649,832
get_timeline,894378,2343904382997343,832
get_timeline,734646,2343904383764975,832
follow,6331302,2343904390125957,832
follow,7646056,2343904397811444,832
follow,9193399,2343904407039906,832
post_tweet,10669792,2343904417757289,832
follow,6391556,2343904424181608,832
post_tweet,10319283,2343904434539924,832
follow,6588805,2343904441173309,832
post_tweet,10043016,2343904451254259,832
add_user,8679695,2343904459965695,832
get_timeline,2824159,2343904462848459,832
get_timeline,2115057,2343904465020188,832
post_tweet,12498722,2343904477571883,832
post_tweet,9120418,2343904486743334,832
get_timeline,1617731,2343904488397202,832
get_timeline,1584699,2343904490016402,832
post_tweet,14384244,2343904504435637,832
get_timeline,2423459,2343904506896572,832
get_timeline,705385,2343904507634442,832
get_timeline,2142463,2343904509815830,832
get_timeline,2902128,2343904512765065,832
add_user,6174080,2343904518979528,832
follow,9217239,2343904528233689,832
get_timeline,1281610,2343904529544049,832
follow,9417313,2343904539011942,832
get_timeline,2440147,2343904542334324,832
get_timeline,1490720,2343904543857640,832
get_timeline,623216,2343904544518849,832
post_tweet,11601722,2343904556151441,832
follow,6414881,2343904562598689,832
get_timeline,2310177,2343904564951544,832
post_tweet,9886740,2343904574930415,832
post_tweet,10017135,2343904584992108,832
post_tweet,11120751,2343904596168289,832
follow,5883040,2343904602077908,832
post_tweet,10132402,2343904612238962,832
follow,4840638,2343904617123560,832
get_timeline,1607389,2343904618779196,832
follow,6462890,2343904625283335,832
post_tweet,11510862,2343904636837763,832
get_timeline,3105525,2343904639971822,832
follow,7885316,2343904647905234,832
post_tweet,13445648,2343904661394361,832
get_timeline,1446310,2343904662922562,832
get_timeline,2302753,2343904665276939,832
get_timeline,1929441,2343904667247075,832
follow,5684830,2343904672969351,832
get_timeline,1287396,2343904674294145,832
get_timeline,1406610,2343904675739834,832
post_tweet,11208332,2343904686986735,832
get_timeline,1560985,2343904688574878,832
get_timeline,1905845,2343904690511399,832
get_timeline,1648958,2343904692200694,832
get_timeline,2234102,2343904694493436,832
post_tweet,8110553,2343904702633459,832
get_timeline,1483882,2343904704144188,832
post_tweet,9116866,2343904713290344,832
get_timeline,1265254,2343904714597924,832
get_timeline,942133,2343904715573359,832
post_tweet,9194499,2343904724801419,832
get_timeline,1009172,2343904725843372,832
get_timeline,1117016,2343904726998655,832
get_timeline,3932899,2343904730962911,832
post_tweet,14458140,2343904745466992,832
get_timeline,918250,2343904746430585,832
get_timeline,1243779,2343904747711926,832
get_timeline,943935,2343904748692726,832
get_timeline,1300315,2343904750036118,832
get_timeline,688775,2343904750753023,832
post_tweet,9476173,2343904760292958,832
post_tweet,10550892,2343904770873523,832
post_tweet,11892057,2343904782803218,832
get_timeline,1213904,2343904784153312,832
get_timeline,2590604,2343904786780703,832
follow,6126214,2343904792976115,832
post_tweet,13836580,2343904807014110,832
post_tweet,11793960,2343904818847474,832
get_timeline,1857907,2343904820741638,832
post_tweet,8549221,2343904829342648,832
add_user,5707684,2343904835088969,832
follow,11464412,2343904846589976,832
follow,5407996,2343904852028090,832
get_timeline,1216241,2343904853278151,832
get_timeline,1111352,2343904854419599,832
get_timeline,1407432,2343904855865188,832
post_tweet,12284822,2343904868187499,832
get_timeline,1157653,2343904869375692,832
post_tweet,9270086,2343904878679550,832
post_tweet,11543108,2343904890255989,832
get_timeline,1296522,2343904891600007,832
get_timeline,2960269,2343904894603690,832
post_tweet,9639817,2343904904288930,832
post_tweet,14138229,2343904918469762,832
post_tweet,8804914,2343904927304077,832
post_tweet,8988023,2343904936320438,832
post_tweet,10263265,2343904946641345,832
follow,10485291,2343904957172899,832
follow,10397767,2343904967621574,832
get_timeline,1777804,2343904969454300,832
get_timeline,1845713,2343904971383086,832
follow,10414299,2343904981836990,832
get_timeline,2144459,2343904984030870,832
get_timeline,3318489,2343904987397586,832
get_timeline,3785880,2343904991231736,832
follow,11788632,2343905003071519,832
post_tweet,13530872,2343905016654896,832
post_tweet,9735116,2343905026442316,832
post_tweet,10708540,2343905037205331,832
get_timeline,1754168,2343905038994777,832
get_timeline,1341193,2343905040367636,832
post_tweet,10820662,2343905051228922,832
get_timeline,663903,2343905051923531,832
get_timeline,1509419,2343905053478630,832
get_timeline,1701641,2343905055227568,832
get_timeline,967342,2343905056239138,832
get_timeline,2146359,2343905058433469,832
get_timeline,3002076,2343905061471880,832
get_timeline,1413089,2343905062920037,832
get_timeline,1298412,2343905064265216,832
get_timeline,752851,2343905065117758,832
get_timeline,1789382,2343905066936427,832
post_tweet,8962901,2343905075932277,832
post_tweet,11000835,2343905086982717,832
post_tweet,11855256,2343905098884125,832
get_timeline,1658593,2343905100570647,832
get_timeline,1805948,2343905102408027,832
get_timeline,1701708,2343905104159803,832
post_tweet,12307203,2343905116505528,832
post_tweet,10327684,2343905126879710,832
add_user,9450831,2343905136395706,832
get_timeline,1555500,2343905137993394,832
follow,3323954,2343905141355559,832
follow,6233243,2343905147622823,832
post_tweet,10914431,2343905158566935,832
add_user,5737708,2343905164341038,832
follow,3781339,2343905168155650,832
get_timeline,1869025,2343905170073567,832
get_timeline,2040109,2343905172164359,832
post_tweet,10212705,2343905182416369,832
post_tweet,11802782,2343905194253443,832
get_timeline,2114030,2343905196536147,832
get_timeline,2475710,2343905199058137,832
post_tweet,6806385,2343905205901438,832
post_tweet,9163425,2343905215096060,832
get_timeline,1412921,2343905216552188,832
follow,9399478,2343905225986416,832
get_timeline,1226689,2343905227245232,832
post_tweet,10710512,2343905237990875,832
get_timeline,1703825,2343905239729908,832
follow,3699878,2343905243469027,832
get_timeline,1671240,2343905245200076,832
get_timeline,1374112,2343905246646389,832
post_tweet,9189641,2343905255875450,832
get_timeline,1537237,2343905257441367,832
post_tweet,9910144,2343905267383264,832
add_user,7171921,2343905274587889,832
follow,5755732,2343905280370700,832
post_tweet,12754348,2343905293159497,832
follow,7756058,2343905300965115,832
get_timeline,1658707,2343905302650508,832
post_tweet,11677504,2343905314379855,832
get_timeline,2266091,2343905316682028,832
post_tweet,13609909,2343905330361486,832
get_timeline,1498883,2343905331890097,832
get_timeline,1326938,2343905333268310,832
post_tweet,13119275,2343905346427425,832
get_timeline,2418418,2343905348884287,832
get_timeline,2429612,2343905351356125,832
get_timeline,1107016,2343905352495795,832
get_timeline,1912077,2343905354439939,832
get_timeline,1066808,2343905355546885,832
get_timeline,1388887,2343905356968370,832
post_tweet,9735713,2343905366737549,832
get_timeline,837249,2343905367603635,832
get_timeline,1659558,2343905369297906,832
get_timeline,1369898,2343905370704690,832
follow,3976010,2343905374711696,832
follow,11691776,2343905386430784,832
get_timeline,2119016,2343905388584246,832
get_timeline,2223883,2343905390866542,832
get_timeline,2395562,2343905393306919,832
post_tweet,8397473,2343905401835347,832
get_timeline,2054261,2343905403924654,832
follow,7216297,2343905411193702,832
get_timeline,1940171,2343905413169186,832
post_tweet,11086285,2343905424315212,832
get_timeline,2066227,2343905426733217,832
post_tweet,13474346,2343905440248483,832
get_timeline,853425,2343905441136619,832
post_tweet,11566018,2343905452730853,832
post_tweet,5776289,2343905458542764,832
post_tweet,13150030,2343905471733441,832
get_timeline,2193985,2343905473964871,832
get_timeline,993505,2343905475020030,832
follow,19677801,2343905494747632,832
follow,10512090,2343905505313516,832
post_tweet,7597132,2343905512947589,832
get_timeline,1718914,2343905514729806,832
post_tweet,9662661,2343905524435113,832
follow,23800818,2343905548275238,832
get_timeline,5099038,2343905553463681,832
get_timeline,2951256,2343905556495617,832
get_timeline,1535437,2343905558085812,832
post_tweet,11325757,2343905569468133,832
post_tweet,9076366,2343905578580115,832
get_timeline,1937725,2343905580575959,832
post_tweet,9499034,2343905590126430,832
get_timeline,1290134,2343905591446339,832
follow,10312160,2343905601793605,832
post_tweet,11390093,2343905613223845,832
get_timeline,1806242,2343905615075693,832
post_tweet,8717699,2343905623847689,832
post_tweet,9630025,2343905633505007,832
get_timeline,895574,2343905634441973,832
get_timeline,1523342,2343905636053384,832
post_tweet,7538242,2343905643627752,832
post_tweet,6312710,2343905649978855,832
get_timeline,1713521,2343905651730632,832
post_tweet,11424558,2343905663205089,832
follow,8810339,2343905672061658,832
get_timeline,2309526,2343905674412697,832
post_tweet,10026674,2343905684479727,832
get_timeline,1533049,2343905686039942,832
follow,15005127,2343905701083882,832
get_timeline,1998695,2343905703127099,832
get_timeline,1072152,2343905704231836,832
post_tweet,12957049,2343905717219002,832
get_timeline,2714144,2343905719976859,832
get_timeline,1300194,2343905721322451,832
add_user,9849711,2343905731205709,832
get_timeline,1725195,2343905732977633,832
follow,9168772,2343905742181504,832
get_timeline,1550844,2343905743768785,832
follow,7058140,2343905750868487,832
post_tweet,9014154,2343905759926029,832
get_timeline,2097253,2343905762075203,832
get_timeline,655275,2343905762804858,832
post_tweet,11865264,2343905774746922,832
post_tweet,8056665,2343905782837993,832
get_timeline,1341091,2343905784213733,832
post_tweet,10798804,2343905795057662,832
post_tweet,9426710,2343905804548442,832
get_timeline,1401329,2343905805977081,832
get_timeline,1147547,2343905807154437,832
follow,7274047,2343905814468980,832
post_tweet,9063079,2343905823571415,832
follow,10702669,2343905834318981,832
get_timeline,2042866,2343905836406245,832
post_tweet,9729651,2343905846198960,832
get_timeline,2026831,2343905848253510,832
follow,1034242,2343905849317365,832
#end,16,2607,832
