add_user,2210523,2343889872506510,704
get_timeline,5686936,2343889878293267,704
get_timeline,8712852,2343889887046021,704
get_timeline,371497,2343889887471879,704
post_tweet,2147218,2343889889659895,704
post_tweet,38518043,2343889928218710,704
get_timeline,14763431,2343889943029694,704
get_timeline,799703,2343889943901942,704
follow,2133008,2343889946078621,704
get_timeline,7967473,2343889954093071,704
post_tweet,13676508,2343889967837753,704
get_timeline,1441427,2343889969322404,704
get_timeline,3538571,2343889972925866,704
post_tweet,5789094,2343889978769311,704
post_tweet,25860149,2343890004669741,704
post_tweet,18303216,2343890023020625,704
get_timeline,2860188,2343890025959979,704
post_tweet,10512977,2343890036543350,704
post_tweet,26000538,2343890062630128,704
get_timeline,3861133,2343890066530064,704
get_timeline,1292838,2343890067887440,704
get_timeline,3000359,2343890070926938,704
post_tweet,15359303,2343890086329823,704
get_timeline,1586877,2343890087972254,704
get_timeline,951019,2343890088975912,704
post_tweet,20524660,2343890109553696,704
follow,2611517,2343890112209400,704
post_tweet,6564409,2343890118810164,704
add_user,15459377,2343890134305720,704
get_timeline,758210,2343890135103824,704
follow,18804591,2343890153938747,704
post_tweet,21679945,2343890175655787,704
post_tweet,22617700,2343890198319492,704
add_user,13017268,2343890211379985,704
get_timeline,902064,2343890212339653,704
get_timeline,1262996,2343890213655596,704
get_timeline,2057459,2343890215760792,704
get_timeline,4146444,2343890219955140,704
get_timeline,684194,2343890220740451,704
get_timeline,1116387,2343890221924876,704
follow,5731576,2343890227686218,704
follow,3630507,2343890231346873,704
add_user,23798953,2343890255181164,704
follow,5814620,2343890261069205,704
get_timeline,5597682,2343890266708933,704
get_timeline,1268995,2343890268020334,704
get_timeline,969479,2343890269045586,704
follow,4498796,2343890273595481,704
post_tweet,25523947,2343890299195089,704
post_tweet,5541173,2343890304787421,704
add_user,3510115,2343890308333364,704
post_tweet,23774271,2343890332138458,704
post_tweet,11969015,2343890344147569,704
post_tweet,10359128,2343890354558214,704
get_timeline,1713376,2343890356325683,704
get_timeline,2549952,2343890358934568,704
get_timeline,7113161,2343890366086444,704
post_tweet,21893844,2343890388023293,704
post_tweet,13398397,2343890401468474,704
add_user,7714733,2343890409217309,704
get_timeline,2992779,2343890412287228,704
follow,4306392,2343890416682202,704
follow,9681948,2343890426399370,704
get_timeline,1813699,2343890428242824,704
follow,12446065,2343890440730380,704
post_tweet,8924942,2343890449735661,704
get_timeline,792845,2343890450587986,704
post_tweet,15886854,2343890466520001,704
get_timeline,2474331,2343890469050197,704
post_tweet,11809389,2343890480927501,704
get_timeline,6288700,2343890487254672,704
add_user,21821105,2343890509156659,704
post_tweet,9649605,2343890518842925,704
get_timeline,2337499,2343890521285044,704
post_tweet,8652726,2343890530010332,704
get_timeline,1225261,2343890531297654,704
follow,11414676,2343890542747592,704
get_timeline,1821332,2343890544622692,704
post_tweet,13215944,2343890557870061,704
get_timeline,1253048,2343890559160115,704
get_timeline,2112202,2343890561316062,704
get_timeline,718853,2343890562086427,704
post_tweet,13490044,2343890575623763,704
post_tweet,12141978,2343890587817748,704
get_timeline,1660109,2343890589528106,704
post_tweet,12549615,2343890602118922,704
post_tweet,5348349,2343890607514232,704
get_timeline,2341168,2343890609888838,704
get_timeline,953016,2343890610896642,704
get_timeline,1724503,2343890612669834,704
post_tweet,9038884,2343890621756705,704
post_tweet,8202520,2343890629999338,704
follow,12712456,2343890642743792,704
post_tweet,14619380,2343890657399775,704
post_tweet,9567678,2343890667006151,704
post_tweet,14241856,2343890681335303,704
get_timeline,1370062,2343890682756746,704
post_tweet,15565914,2343890698352391,704
get_timeline,1151749,2343890699550328,704
post_tweet,5781661,2343890705369977,704
follow,8747310,2343890714155766,704
post_tweet,11764591,2343890725956351,704
get_timeline,1780901,2343890727798577,704
get_timeline,1994877,2343890729830391,704
add_user,9220715,2343890739081648,704
get_timeline,1910624,2343890741023417,704
get_timeline,1859101,2343890742929842,704
get_timeline,1229682,2343890744196856,704
get_timeline,2029203,2343890746269101,704
post_tweet,12821446,2343890759135551,704
post_tweet,11567737,2343890770748146,704
post_tweet,8665664,2343890779467786,704
get_timeline,949630,2343890780455232,704
post_tweet,9721521,2343890790217350,704
get_timeline,2477509,2343890792737188,704
get_timeline,3403730,2343890796185608,704
follow,2624863,2343890798861167,704
get_timeline,2567713,2343890801505094,704
post_tweet,9176124,2343890810713882,704
get_timeline,1962647,2343890812736704,704
get_timeline,1898555,2343890814680245,704
get_timeline,2053179,2343890816774321,704
post_tweet,12287225,2343890829097061,704
follow,8850004,2343890837974707,704
get_timeline,1391924,2343890839421995,704
get_timeline,1455983,2343890840915149,704
add_user,8144192,2343890849123172,704
get_timeline,2549730,2343890851708396,704
get_timeline,994856,2343890852750429,704
get_timeline,1740636,2343890854556972,704
get_timeline,2037651,2343890856646799,704
post_tweet,12218741,2343890868917612,704
get_timeline,1008255,2343890869955128,704
get_timeline,4437129,2343890874435493,704
get_timeline,2527803,2343890877010155,704
get_timeline,1829990,2343890878879990,704
get_timeline,2355765,2343890881278432,704
post_tweet,9782571,2343890891101265,704
follow,13936910,2343890905073218,704
get_timeline,2169630,2343890907276379,704
get_timeline,801312,2343890908116158,704
post_tweet,6211937,2343890914363694,704
get_timeline,2036451,2343890916457448,704
follow,9741602,2343890926259101,704
get_timeline,1145264,2343890927438211,704
get_timeline,1314952,2343890928806683,704
post_tweet,6145415,2343890934988994,704
follow,7129379,2343890942152137,704
get_timeline,3067613,2343890945270920,704
get_timeline,3014616,2343890948337770,704
follow,9090492,2343890957471679,704
post_tweet,7683224,2343890965196987,704
post_tweet,13188720,2343890978441676,704
get_timeline,813616,2343890979290234,704
get_timeline,2252882,2343890981574022,704
follow,14876802,2343890996500530,704
get_timeline,2217175,2343890998779213,704
get_timeline,2826524,2343891001650940,704
post_tweet,16543512,2343891018241870,704
get_timeline,2781334,2343891021056379,704
follow,6744585,2343891027848599,704
post_tweet,11750400,2343891039642904,704
get_timeline,1731577,2343891041417283,704
get_timeline,1698322,2343891043172333,704
follow,4082318,2343891047294862,704
get_timeline,1198773,2343891048528889,704
follow,6791458,2343891055355654,704
follow,12536095,2343891067929574,704
post_tweet,13612858,2343891081590499,704
post_tweet,13884047,2343891095513419,704
get_timeline,2476586,2343891098040826,704
get_timeline,1616643,2343891099711883,704
post_tweet,12521276,2343891112264202,704
follow,8021347,2343891120316930,704
get_timeline,1987945,2343891122353781,704
get_timeline,2011470,2343891124419034,704
get_timeline,1816292,2343891126272142,704
follow,11425641,2343891137730995,704
get_timeline,1879587,2343891139650641,704
get_timeline,1144020,2343891140857855,704
follow,9065558,2343891149962364,704
get_timeline,2028708,2343891152045208,704
get_timeline,1207216,2343891153290126,704
follow,12138599,2343891165469020,704
get_timeline,1908537,2343891167458178,704
post_tweet,8711601,2343891176224145,704
add_user,10346461,2343891186599047,704
get_timeline,1999585,2343891188662104,704
get_timeline,1545273,2343891190256269,704
get_timeline,2206572,2343891192493659,704
get_timeline,1248113,2343891193801928,704
follow,9076104,2343891202908613,704
add_user,15205773,2343891218149567,704
get_timeline,1893755,2343891220087662,704
follow,5382848,2343891225516894,704
get_timeline,1639456,2343891227198105,704
get_timeline,1391698,2343891228627583,704
follow,5916104,2343891234579854,704
get_timeline,1089507,2343891235706419,704
post_tweet,9728621,2343891245468067,704
post_tweet,13019811,2343891258528478,704
follow,7820309,2343891266384455,704
follow,11738171,2343891278166743,704
get_timeline,1341865,2343891279575810,704
get_timeline,2115733,2343891281725747,704
follow,5349353,2343891287136505,704
get_timeline,2085949,2343891289298073,704
post_tweet,9282407,2343891298622382,704
get_timeline,1830317,2343891300491101,704
post_tweet,8567485,2343891309092862,704
follow,5806193,2343891314926270,704
post_tweet,9415405,2343891324417658,704
post_tweet,12612946,2343891337062270,704
get_timeline,2178379,2343891339282663,704
get_timeline,1085858,2343891340404200,704
get_timeline,1848924,2343891342295955,704
get_timeline,603929,2343891342938879,704
get_timeline,1033829,2343891344018984,704
post_tweet,7570775,2343891351625087,704
post_tweet,9083545,2343891360745171,704
get_timeline,1792390,2343891362582485,704
follow,6640000,2343891369267022,704
post_tweet,11306945,2343891380604433,704
follow,9882542,2343891390529815,704
get_timeline,1589153,2343891392162725,704
follow,8027048,2343891400229942,704
get_timeline,1358187,2343891401621712,704
get_timeline,1005059,2343891402663202,704
post_tweet,8627435,2343891411326333,704
get_timeline,1106641,2343891412477247,704
get_timeline,905239,2343891413438908,704
get_timeline,1163366,2343891414645415,704
follow,10300539,2343891424991257,704
post_tweet,11484906,2343891436528878,704
post_tweet,13757755,2343891450336006,704
follow,10055134,2343891460433053,704
post_tweet,9293954,2343891469760607,704
follow,6992640,2343891476783325,704
follow,6902694,2343891483730774,704
post_tweet,6428956,2343891490200487,704
follow,3980343,2343891494208315,704
post_tweet,16077320,2343891510326971,704
post_tweet,8761608,2343891519138507,704
add_user,5976712,2343891525150946,704
post_tweet,9080273,2343891534262471,704
post_tweet,17608636,2343891551905735,704
get_timeline,505835,2343891552443667,704
get_timeline,3922763,2343891556401084,704
get_timeline,918540,2343891557378507,704
post_tweet,16297640,2343891573736762,704
get_timeline,2662495,2343891576457239,704
post_tweet,7686307,2343891584200882,704
post_tweet,9180007,2343891593425514,704
get_timeline,2361355,2343891595837788,704
post_tweet,10293577,2343891606199687,704
get_timeline,1475842,2343891607713565,704
follow,10909074,2343891618666253,704
follow,8812737,2343891627542250,704
get_timeline,9150677,2343891636722974,704
get_timeline,1838763,2343891638616785,704
post_tweet,7303341,2343891645958944,704
get_timeline,1355711,2343891647345984,704
get_timeline,1695573,2343891649074374,704
get_timeline,1085756,2343891650203627,704
get_timeline,1026416,2343891651283428,704
add_user,8857933,2343891660182571,704
post_tweet,9030689,2343891669274837,704
post_tweet,9094020,2343891678402741,704
get_timeline,2478924,2343891680929319,704
get_timeline,2876616,2343891683844033,704
get_timeline,8766154,2343891692651839,704
post_tweet,10278023,2343891702987571,704
get_timeline,3058801,2343891706086876,704
follow,3252850,2343891709401663,704
get_timeline,7275974,2343891716725286,704
get_timeline,1665060,2343891718457582,704
follow,6465552,2343891724969731,704
get_timeline,1355164,2343891726354079,704
get_timeline,1162216,2343891727546097,704
get_timeline,1213546,2343891728798008,704
post_tweet,11244292,2343891740072984,704
get_timeline,1925452,2343891742045936,704
get_timeline,9444707,2343891751538645,704
post_tweet,2346425,2343891753923939,704
get_timeline,531325,2343891754502675,704
get_timeline,653924,2343891755193161,704
post_tweet,11395117,2343891766625696,704
follow,7141547,2343891773810857,704
get_timeline,7716229,2343891781560168,704
get_timeline,1076481,2343891782684265,704
get_timeline,2834851,2343891785556361,704
post_tweet,11458332,2343891797082294,704
post_tweet,12296489,2343891809419702,704
get_timeline,1199882,2343891810649242,704
follow,6559874,2343891817238140,704
get_timeline,1742766,2343891819025711,704
follow,9413354,2343891828486815,704
get_timeline,1559960,2343891830075522,704
post_tweet,10008089,2343891840114035,704
post_tweet,9374548,2343891849522749,704
get_timeline,1817611,2343891851377679,704
get_timeline,2700902,2343891854118777,704
post_tweet,12079015,2343891866246933,704
get_timeline,1287313,2343891867562710,704
get_timeline,1658429,2343891869254939,704
get_timeline,1818632,2343891871118811,704
post_tweet,6828631,2343891877988334,704
follow,9321697,2343891887355936,704
get_timeline,1229052,2343891888619924,704
get_timeline,2865746,2343891891537315,704
get_timeline,1909928,2343891893494022,704
get_timeline,1931912,2343891895481068,704
get_timeline,591709,2343891896115549,704
get_timeline,1415243,2343891897569973,704
get_timeline,1368971,2343891898978623,704
post_tweet,12976588,2343891911984223,704
get_timeline,2427238,2343891914544281,704
post_tweet,9009076,2343891923602828,704
post_tweet,11124536,2343891934760487,704
get_timeline,2377448,2343891937182066,704
follow,9964270,2343891947194024,704
post_tweet,10127631,2343891957349545,704
get_timeline,1344235,2343891958730967,704
add_user,10130585,2343891968906319,704
post_tweet,5369080,2343891974328840,704
follow,6308358,2343891980673253,704
get_timeline,2245232,2343891982967672,704
get_timeline,1668889,2343891984675710,704
follow,11914856,2343891996649853,704
get_timeline,1510949,2343891998196265,704
follow,4806723,2343892003040543,704
follow,8947839,2343892012019269,704
get_timeline,718845,2343892012774637,704
post_tweet,13525279,2343892026340091,704
get_timeline,1787756,2343892028157711,704
post_tweet,11865298,2343892040062858,704
follow,1456460,2343892041580220,704
get_timeline,758567,2343892042364760,704
post_tweet,10793526,2343892053212237,704
follow,6637473,2343892059923279,704
add_user,8101635,2343892068067099,704
add_user,13898288,2343892082020996,704
follow,6423672,2343892088488302,704
post_tweet,11765688,2343892100291633,704
get_timeline,2046935,2343892102385605,704
get_timeline,2081230,2343892104509908,704
follow,11236690,2343892115781670,704
post_tweet,8805988,2343892124631022,704
get_timeline,1587685,2343892126253458,704
get_timeline,1668944,2343892127965182,704
get_timeline,1973987,2343892130007772,704
get_timeline,531057,2343892130592965,704
post_tweet,11017816,2343892141649760,704
post_tweet,7689074,2343892149379770,704
get_timeline,2031149,2343892151446085,704
get_timeline,1334369,2343892152819138,704
get_timeline,1842753,2343892154711825,704
post_tweet,8811179,2343892163561766,704
post_tweet,11621380,2343892175241848,704
post_tweet,10926490,2343892186215821,704
follow,5404138,2343892191666996,704
get_timeline,1750602,2343892193451906,704
post_tweet,12519687,2343892206007933,704
follow,8977333,2343892215021190,704
post_tweet,11120943,2343892226180272,704
get_timeline,1613860,2343892227846437,704
post_tweet,7936324,2343892235838444,704
post_tweet,10723427,2343892246597015,704
get_timeline,1497362,2343892248130944,704
get_timeline,1223837,2343892249392958,704
follow,13785761,2343892263215020,704
post_tweet,10490586,2343892273754485,704
post_tweet,5499831,2343892279293742,704
get_timeline,1669829,2343892280997294,704
get_timeline,2228957,2343892283304090,704
get_timeline,2489012,2343892285842587,704
get_timeline,1968781,2343892287863706,704
follow,6841152,2343892294775086,704
get_timeline,657144,2343892295470092,704
follow,10587642,2343892306097063,704
follow,7538853,2343892313666753,704
post_tweet,8324509,2343892322041804,704
post_tweet,12049799,2343892334132789,704
post_tweet,10649196,2343892344822341,704
post_tweet,7826207,2343892352690587,704
get_timeline,1445576,2343892354165492,704
post_tweet,6854485,2343892361051108,704
follow,4658106,2343892365738611,704
get_timeline,1683854,2343892367469968,704
post_tweet,10806035,2343892378324393,704
follow,6951498,2343892385306674,704
get_timeline,1239175,2343892386587122,704
post_tweet,12276744,2343892398912713,704
post_tweet,13512430,2343892412486554,704
get_timeline,2573144,2343892415161925,704
post_tweet,11622328,2343892426846506,704
get_timeline,1838358,2343892428712645,704
post_tweet,10282665,2343892439027924,704
get_timeline,848145,2343892439907227,704
post_tweet,11057065,2343892451014972,704
get_timeline,2724400,2343892453771478,704
post_tweet,9718667,2343892463578475,704
post_tweet,10501016,2343892474118473,704
follow,8199620,2343892482384133,704
get_timeline,1060224,2343892483482564,704
get_timeline,1542727,2343892485057070,704
add_user,9381642,2343892494500470,704
follow,10465147,2343892504998281,704
post_tweet,10831077,2343892515887595,704
post_tweet,14201236,2343892530122843,704
post_tweet,12081390,2343892542242218,704
get_timeline,1257320,2343892543565695,704
follow,7882661,2343892551492946,704
get_timeline,1268775,2343892552789656,704
get_timeline,1528037,2343892554352141,704
get_timeline,1786533,2343892556174716,704
get_timeline,1458412,2343892557673733,704
follow,9327758,2343892567029198,704
get_timeline,1841241,2343892568902899,704
get_timeline,980948,2343892569923279,704
post_tweet,8974548,2343892578939534,704
post_tweet,11519132,2343892590525928,704
post_tweet,7292722,2343892597862630,704
post_tweet,11259658,2343892609162149,704
get_timeline,1535861,2343892610736538,704
get_timeline,757999,2343892611529520,704
get_timeline,1782464,2343892613354633,704
post_tweet,5628998,2343892619056749,704
post_tweet,8593678,2343892627681634,704
get_timeline,1889077,2343892629620642,704
get_timeline,2040906,2343892631717892,704
post_tweet,8218737,2343892639995784,704
get_timeline,658480,2343892640697924,704
get_timeline,1517912,2343892642246250,704
get_timeline,1234579,2343892643511581,704
post_tweet,8366263,2343892651919619,704
post_tweet,10116538,2343892662087160,704
post_tweet,15206489,2343892677331323,704
post_tweet,9397381,2343892686758126,704
get_timeline,1513368,2343892688314589,704
get_timeline,1615448,2343892689965912,704
add_user,11000286,2343892701008007,704
get_timeline,2211992,2343892703252570,704
post_tweet,13531325,2343892716825312,704
get_timeline,1855825,2343892718726106,704
get_timeline,1120060,2343892719897002,704
get_timeline,1614350,2343892721574015,704
get_timeline,979546,2343892722610796,704
get_timeline,1857569,2343892724527358,704
get_timeline,2683859,2343892727255766,704
get_timeline,960340,2343892728252807,704
get_timeline,1381928,2343892729682852,704
follow,11416357,2343892741146165,704
post_tweet,5842648,2343892747033893,704
get_timeline,1718216,2343892748788073,704
follow,11293250,2343892760158404,704
get_timeline,864170,2343892761053261,704
post_tweet,10134575,2343892771222046,704
get_timeline,1700773,2343892772962528,704
get_timeline,1516480,2343892774515178,704
post_tweet,9281034,2343892783843044,704
post_tweet,10574953,2343892794453936,704
post_tweet,9539179,2343892804036327,704
add_user,9731400,2343892813802958,704
get_timeline,2765049,2343892816597717,704
post_tweet,9473131,2343892826116984,704
get_timeline,1787125,2343892827948968,704
add_user,6507318,2343892834493752,704
get_timeline,763617,2343892835289456,704
post_tweet,13578798,2343892848917743,704
follow,7384982,2343892856346066,704
follow,7400681,2343892863779181,704
get_timeline,2240113,2343892866067478,704
post_tweet,8053071,2343892874170987,704
get_timeline,2144563,2343892876369846,704
post_tweet,16181821,2343892892589891,704
post_tweet,6783405,2343892899425751,704
get_timeline,1960707,2343892901427172,704
post_tweet,10978848,2343892912465427,704
post_tweet,12299923,2343892924843235,704
post_tweet,11092032,2343892935966730,704
post_tweet,12330765,2343892948362371,704
follow,8055652,2343892956454052,704
get_timeline,1926735,2343892958431982,704
get_timeline,1638698,2343892960142370,704
post_tweet,10635444,2343892970839595,704
post_tweet,9158719,2343892980044158,704
get_timeline,1456246,2343892981540233,704
get_timeline,2204351,2343892983775852,704
post_tweet,11204137,2343892995029221,704
get_timeline,1681203,2343892996765432,704
get_timeline,2285596,2343892999111111,704
post_tweet,9204167,2343893008356363,704
get_timeline,1717339,2343893010129490,704
get_timeline,1603795,2343893011774761,704
get_timeline,2196633,2343893014027027,704
get_timeline,2187641,2343893016281185,704
get_timeline,1793625,2343893018143731,704
post_tweet,12762404,2343893030956119,704
get_timeline,1613726,2343893032608293,704
get_timeline,1659287,2343893034316413,704
get_timeline,1822602,2343893036202878,704
get_timeline,2242735,2343893038578012,704
get_timeline,3152511,2343893041790526,704
post_tweet,9652777,2343893051480642,704
follow,7160548,2343893058667728,704
post_tweet,10414123,2343893069121900,704
post_tweet,11055499,2343893080243904,704
get_timeline,1631793,2343893081905206,704
follow,8169073,2343893090132715,704
follow,10172157,2343893100337886,704
get_timeline,1608747,2343893101994026,704
get_timeline,1119832,2343893103165470,704
add_user,9727390,2343893112952048,704
get_timeline,1645944,2343893114629976,704
follow,6653487,2343893121316181,704
get_timeline,1085642,2343893122430333,704
post_tweet,12773708,2343893135239354,704
post_tweet,12164918,2343893147451018,704
post_tweet,9851465,2343893157350174,704
get_timeline,1613728,2343893159025025,704
post_tweet,8080232,2343893167145816,704
get_timeline,802392,2343893167975593,704
get_timeline,1629117,2343893169654562,704
get_timeline,2414184,2343893172101402,704
post_tweet,12215764,2343893184348818,704
follow,4884640,2343893189266994,704
add_user,9562437,2343893198876618,704
post_tweet,11387502,2343893210309420,704
follow,14210267,2343893224551070,704
add_user,7703849,2343893232308816,704
post_tweet,11428266,2343893243778072,704
add_user,12303878,2343893256119261,704
follow,4158527,2343893260305890,704
add_user,8959733,2343893269314208,704
follow,8467182,2343893277815358,704
add_user,12667540,2343893290530998,704
post_tweet,10490687,2343893301093447,704
get_timeline,1847033,2343893302975196,704
get_timeline,1433481,2343893304445816,704
get_timeline,2110147,2343893306593095,704
get_timeline,1872326,2343893308512262,704
follow,10450893,2343893318998752,704
post_tweet,9008704,2343893328043795,704
post_tweet,12199254,2343893340282117,704
post_tweet,9035681,2343893349353435,704
get_timeline,1305456,2343893350700358,704
get_timeline,2184487,2343893352934459,704
follow,9689036,2343893362661301,704
get_timeline,1168917,2343893363880432,704
get_timeline,968121,2343893364898229,704
get_timeline,1119769,2343893366075678,704
get_timeline,1871652,2343893367990683,704
get_timeline,2245313,2343893370307061,704
get_timeline,1890799,2343893372249625,704
get_timeline,1657505,2343893373957058,704
post_tweet,7933590,2343893381920461,704
get_timeline,1924968,2343893383875920,704
post_tweet,10119463,2343893394035260,704
get_timeline,2349666,2343893396432845,704
post_tweet,12182457,2343893408658603,704
get_timeline,1343092,2343893410048800,704
follow,12094250,2343893422205523,704
get_timeline,1923248,2343893424164897,704
get_timeline,1662785,2343893425881754,704
get_timeline,1678971,2343893427598334,704
post_tweet,10164830,2343893437806515,704
follow,8879919,2343893446724525,704
get_timeline,2072027,2343893448832780,704
get_timeline,1179734,2343893450048603,704
get_timeline,3269391,2343893453355614,704
post_tweet,8772689,2343893462163453,704
post_tweet,11355504,2343893473549000,704
get_timeline,2339460,2343893475955721,704
follow,4949641,2343893480949621,704
post_tweet,10532338,2343893491520232,704
get_timeline,1422369,2343893492972900,704
get_timeline,1787204,2343893494792696,704
post_tweet,8208756,2343893503045061,704
get_timeline,2876779,2343893505971197,704
get_timeline,1622318,2343893507646899,704
follow,6391675,2343893514068011,704
follow,12280109,2343893526381413,704
follow,6933494,2343893533361451,704
get_timeline,1655404,2343893535048386,704
follow,9029789,2343893544146865,704
follow,4996929,2343893549177879,704
follow,9748873,2343893558956341,704
get_timeline,1668243,2343893560660941,704
add_user,13075079,2343893573774227,704
post_tweet,9009422,2343893582812459,704
get_timeline,1860524,2343893584722031,704
post_tweet,6437046,2343893591198544,704
post_tweet,9106847,2343893600339230,704
get_timeline,1132421,2343893601510013,704
add_user,7481755,2343893609073229,704
post_tweet,9598481,2343893618701597,704
get_timeline,2153926,2343893620884078,704
get_timeline,901671,2343893621817660,704
post_tweet,8663491,2343893630542417,704
get_timeline,1232813,2343893631810732,704
post_tweet,9005622,2343893640855640,704
post_tweet,11062593,2343893651955220,704
get_timeline,1302380,2343893653362641,704
add_user,9322083,2343893662740645,704
get_timeline,1562792,2343893664384972,704
get_timeline,2695991,2343893667189658,704
follow,3473555,2343893670695241,704
post_tweet,9275247,2343893679997691,704
get_timeline,245803,2343893680314194,704
get_timeline,2043358,2343893682396008,704
get_timeline,1006564,2343893683432519,704
post_tweet,11768911,2343893695235281,704
get_timeline,1696546,2343893696966007,704
get_timeline,1961852,2343893698977537,704
post_tweet,8197991,2343893707210104,704
get_timeline,1628475,2343893708870831,704
get_timeline,1453537,2343893710371534,704
post_tweet,10551777,2343893720960610,704
get_timeline,1848079,2343893722919000,704
post_tweet,12714343,2343893735678025,704
get_timeline,2551352,2343893738275881,704
get_timeline,1588278,2343893739911721,704
post_tweet,8419177,2343893748375624,704
add_user,9601159,2343893758044435,704
get_timeline,1735704,2343893759827846,704
get_timeline,2358437,2343893762305534,704
add_user,11796588,2343893774147139,704
follow,8587398,2343893782770090,704
post_tweet,12692896,2343893795492279,704
post_tweet,10282120,2343893805808565,704
add_user,9275941,2343893815112128,704
follow,5970867,2343893821135472,704
post_tweet,10664692,2343893831847310,704
add_user,7413797,2343893839298735,704
get_timeline,1615733,2343893840944813,704
get_timeline,1417178,2343893842393793,704
get_timeline,1472575,2343893843896511,704
post_tweet,8602084,2343893852529002,704
post_tweet,9922052,2343893862497372,704
get_timeline,1391143,2343893863943375,704
get_timeline,2072796,2343893866047737,704
get_timeline,1693445,2343893867780218,704
follow,6442854,2343893874253163,704
post_tweet,7338243,2343893881621321,704
post_tweet,11190930,2343893892843917,704
post_tweet,13777424,2343893906667681,704
post_tweet,8088080,2343893914798862,704
get_timeline,1703235,2343893916544496,704
follow,6398148,2343893922984299,704
follow,12282761,2343893935307049,704
get_timeline,1452385,2343893936802510,704
follow,9554794,2343893946402880,704
follow,11012393,2343893957467499,704
follow,2677777,2343893960174848,704
follow,8223558,2343893968431228,704
post_tweet,8334653,2343893976795345,704
post_tweet,9037375,2343893985868722,704
post_tweet,8607823,2343893994512492,704
follow,9709991,2343894004260110,704
post_tweet,10878361,2343894015185515,704
post_tweet,11666367,2343894026895537,704
post_tweet,8561428,2343894035535068,704
post_tweet,12663851,2343894048266288,704
get_timeline,390983,2343894048697192,704
follow,9520793,2343894058270992,704
get_timeline,1994493,2343894060315782,704
post_tweet,6946776,2343894067317459,704
follow,12981333,2343894080347181,704
add_user,7337921,2343894087722819,704
post_tweet,11486524,2343894099238350,704
follow,8099342,2343894107372949,704
follow,10114167,2343894117518868,704
get_timeline,1697268,2343894119274278,704
get_timeline,1671889,2343894121002696,704
get_timeline,650025,2343894121704504,704
get_timeline,1463502,2343894123208311,704
post_tweet,10379849,2343894133635642,704
get_timeline,1477633,2343894135158747,704
post_tweet,11110960,2343894146300060,704
get_timeline,1485359,2343894147843617,704
follow,5089388,2343894152971848,704
post_tweet,8540540,2343894161580549,704
post_tweet,7822769,2343894169474725,704
post_tweet,9310331,2343894178845400,704
add_user,11149449,2343894190042694,704
get_timeline,1276827,2343894191360717,704
get_timeline,2103119,2343894193504904,704
post_tweet,11444979,2343894204993707,704
get_timeline,1592136,2343894206616003,704
post_tweet,9805668,2343894216459122,704
post_tweet,7677754,2343894224190946,704
post_tweet,8544018,2343894232789849,704
get_timeline,863219,2343894233691791,704
get_timeline,1526705,2343894235253025,704
get_timeline,2029986,2343894237312330,704
post_tweet,10670486,2343894248014961,704
post_tweet,9080455,2343894257128972,704
follow,10220759,2343894267388630,704
follow,7190915,2343894274611713,704
get_timeline,2137090,2343894276800328,704
follow,8589476,2343894285443016,704
get_timeline,2399139,2343894287904748,704
get_timeline,1363089,2343894289310412,704
post_tweet,10533435,2343894299878134,704
post_tweet,9394293,2343894309334534,704
get_timeline,838988,2343894310215537,704
follow,7561817,2343894317824409,704
get_timeline,1754713,2343894319629608,704
post_tweet,12135610,2343894331799768,704
get_timeline,2203169,2343894334043084,704
get_timeline,2109055,2343894336216982,704
post_tweet,8465545,2343894344728544,704
post_tweet,11523447,2343894356301857,704
post_tweet,11221966,2343894367561359,704
post_tweet,11338332,2343894378964112,704
follow,10134810,2343894389136207,704
add_user,9911755,2343894399082805,704
get_timeline,1723911,2343894400845368,704
get_timeline,1067324,2343894401956506,704
post_tweet,8724640,2343894410725006,704
get_timeline,2402990,2343894413218016,704
get_timeline,1821066,2343894415135843,704
get_timeline,1883906,2343894417064798,704
get_timeline,1550268,2343894418671931,704
follow,5221047,2343894423933739,704
get_timeline,1588297,2343894425548061,704
get_timeline,1582328,2343894427167349,704
get_timeline,1906629,2343894429112924,704
get_timeline,1977172,2343894431135638,704
post_tweet,9631063,2343894440804341,704
post_tweet,11416062,2343894452258384,704
post_tweet,10205998,2343894462507553,704
get_timeline,1550816,2343894464107890,704
get_timeline,1126338,2343894465284068,704
follow,7684205,2343894472999692,704
post_tweet,9909785,2343894482939923,704
get_timeline,2375517,2343894485359079,704
get_timeline,1916909,2343894487310729,704
get_timeline,1998970,2343894489348787,704
post_tweet,8797135,2343894498189505,704
follow,6129864,2343894504345985,704
get_timeline,1253815,2343894505647274,704
follow,7215341,2343894512904621,704
post_tweet,9586510,2343894522526691,704
add_user,11364190,2343894533936605,704
get_timeline,1810826,2343894535793667,704
post_tweet,10992913,2343894546879860,704
post_tweet,11811036,2343894558721457,704
post_tweet,8314830,2343894567069133,704
post_tweet,11241334,2343894578359448,704
get_timeline,1178229,2343894579572051,704
get_timeline,1986327,2343894581611629,704
post_tweet,13536473,2343894595200936,704
get_timeline,1931171,2343894597172579,704
get_timeline,805537,2343894598008666,704
get_timeline,824084,2343894598868150,704
get_timeline,751177,2343894599675339,704
post_tweet,11082668,2343894610788292,704
get_timeline,1609053,2343894612428759,704
post_tweet,10137688,2343894622608449,704
post_tweet,8810709,2343894631451814,704
post_tweet,5681796,2343894637183215,704
add_user,11133908,2343894648352885,704
follow,5008856,2343894653389903,704
follow,12150774,2343894665570859,704
post_tweet,8601185,2343894674231296,704
post_tweet,7225223,2343894681501839,704
get_timeline,2382079,2343894683915454,704
get_timeline,1233876,2343894685182689,704
get_timeline,1804038,2343894687034260,704
get_timeline,810173,2343894687917809,704
get_timeline,1873328,2343894689841958,704
post_tweet,11703333,2343894701594145,704
get_timeline,1225648,2343894702845967,704
get_timeline,2055383,2343894704938651,704
follow,6750791,2343894711738803,704
post_tweet,8139329,2343894719942175,704
post_tweet,10556664,2343894730537493,704
get_timeline,2135465,2343894732705568,704
get_timeline,2055880,2343894734796565,704
post_tweet,12144278,2343894746980315,704
add_user,11008308,2343894758023086,704
follow,8482006,2343894766538690,704
get_timeline,1889090,2343894768462190,704
get_timeline,1160168,2343894769658764,704
follow,7754137,2343894777465263,704
add_user,9741216,2343894787256931,704
follow,9247291,2343894796576387,704
post_tweet,9854336,2343894806469156,704
get_timeline,366108,2343894806872520,704
follow,12318449,2343894819226792,704
get_timeline,2170651,2343894821445976,704
follow,12792706,2343894834269395,704
post_tweet,9601485,2343894843923134,704
post_tweet,10982744,2343894854942979,704
get_timeline,1600585,2343894856583953,704
get_timeline,1404328,2343894858044942,704
get_timeline,2010951,2343894860096072,704
post_tweet,8417240,2343894868554766,704
get_timeline,1931820,2343894870515002,704
get_timeline,1651147,2343894872196348,704
get_timeline,1690620,2343894873918872,704
post_tweet,8548335,2343894882497455,704
get_timeline,2120335,2343894884658908,704
post_tweet,11217628,2343894895923322,704
add_user,10797617,2343894906762617,704
follow,5339669,2343894912139391,704
get_timeline,2076965,2343894914297270,704
post_tweet,12575560,2343894926964914,704
post_tweet,7369911,2343894934379776,704
get_timeline,2457592,2343894936871067,704
get_timeline,1036295,2343894937966184,704
get_timeline,1141753,2343894939154951,704
get_timeline,1799423,2343894940982265,704
get_timeline,1921243,2343894942940484,704
post_tweet,12473748,2343894955452638,704
post_tweet,10101463,2343894965587348,704
post_tweet,10010540,2343894975642778,704
add_user,8417391,2343894984116801,704
get_timeline,1220300,2343894985367508,704
post_tweet,8248985,2343894993648287,704
get_timeline,1579696,2343894995275479,704
get_timeline,1308604,2343894996620819,704
post_tweet,10751374,2343895007410698,704
add_user,9592213,2343895017045616,704
get_timeline,1399005,2343895018481550,704
get_timeline,1409608,2343895019934705,704
follow,4142896,2343895024107435,704
get_timeline,1659100,2343895025805893,704
post_tweet,12706037,2343895038560668,704
get_timeline,2892979,2343895041530607,704
get_timeline,1786235,2343895043361789,704
get_timeline,1774066,2343895045177642,704
get_timeline,1881863,2343895047105011,704
get_timeline,1158317,2343895048295780,704
get_timeline,994966,2343895049333324,704
follow,13814280,2343895063183648,704
get_timeline,1160049,2343895064380712,704
get_timeline,2272680,2343895066699828,704
post_tweet,10850078,2343895077595320,704
get_timeline,2811673,2343895080453333,704
post_tweet,7104531,2343895087610126,704
get_timeline,1652398,2343895089309842,704
post_tweet,11169943,2343895100531096,704
post_tweet,12981249,2343895113542557,704
get_timeline,1822792,2343895115415592,704
get_timeline,1393684,2343895116848728,704
follow,13188264,2343895130110001,704
post_tweet,8876702,2343895139023101,704
post_tweet,9658956,2343895148728325,704
post_tweet,13291189,2343895162062462,704
get_timeline,1795528,2343895163936593,704
get_timeline,939610,2343895164914572,704
follow,7401841,2343895172351868,704
follow,7072223,2343895179469125,704
get_timeline,1019722,2343895180535845,704
post_tweet,10684989,2343895191255610,704
get_timeline,1740892,2343895193030797,704
get_timeline,2049747,2343895195124797,704
get_timeline,2811321,2343895197976314,704
get_timeline,2524595,2343895200551007,704
follow,5425965,2343895206026409,704
get_timeline,1328656,2343895207422105,704
get_timeline,1671511,2343895209154526,704
post_tweet,12722474,2343895221935448,704
get_timeline,1009136,2343895222984118,704
get_timeline,1451144,2343895224472954,704
get_timeline,1953573,2343895226459409,704
post_tweet,11164841,2343895237655712,704
get_timeline,1586600,2343895239279899,704
post_tweet,11286022,2343895250606102,704
get_timeline,1654173,2343895252302493,704
follow,8891458,2343895261224085,704
get_timeline,1370724,2343895262640143,704
add_user,10180063,2343895272871244,704
post_tweet,9429910,2343895282353879,704
follow,10524655,2343895292922949,704
get_timeline,1944652,2343895294900056,704
follow,8139742,2343895303070526,704
get_timeline,1599640,2343895304697634,704
get_timeline,1692293,2343895306420466,704
get_timeline,724430,2343895307182278,704
get_timeline,2106476,2343895309334917,704
follow,7315655,2343895316697850,704
post_tweet,9163567,2343895325914296,704
follow,7966062,2343895333938609,704
get_timeline,2720137,2343895336722703,704
post_tweet,9525087,2343895346282892,704
get_timeline,1310344,2343895347628419,704
post_tweet,13037244,2343895360701037,704
get_timeline,2034573,2343895362774351,704
post_tweet,9261100,2343895372088666,704
get_timeline,1976003,2343895374098231,704
post_tweet,10009413,2343895384154014,704
follow,5512348,2343895389695830,704
get_timeline,1476393,2343895391222859,704
post_tweet,7982882,2343895399246078,704
get_timeline,2568729,2343895401855030,704
get_timeline,2321108,2343895404214825,704
get_timeline,941664,2343895405186992,704
get_timeline,2007219,2343895407232371,704
follow,10616482,2343895417886613,704
follow,10022218,2343895427942937,704
post_tweet,10834390,2343895438822531,704
get_timeline,2415669,2343895441268358,704
get_timeline,696959,2343895441998041,704
follow,12270067,2343895454307407,704
get_timeline,2323341,2343895456685710,704
get_timeline,774177,2343895457512920,704
follow,10495195,2343895468056323,704
post_tweet,10531347,2343895478627534,704
get_timeline,1712448,2343895480388698,704
get_timeline,1751314,2343895482235294,704
post_tweet,13047326,2343895495333635,704
post_tweet,8710938,2343895504083459,704
follow,5234462,2343895509359648,704
get_timeline,1594793,2343895510993839,704
get_timeline,1331407,2343895512360221,704
post_tweet,9658660,2343895522086366,704
get_timeline,1621882,2343895523770796,704
get_timeline,1974206,2343895525790851,704
get_timeline,611715,2343895526451307,704
post_tweet,11366493,2343895537856688,704
follow,5867514,2343895543801740,704
get_timeline,1577909,2343895545427088,704
post_tweet,10013385,2343895555471804,704
get_timeline,2333392,2343895557834784,704
get_timeline,1088175,2343895558980628,704
follow,10814571,2343895569830661,704
get_timeline,1277044,2343895571142318,704
get_timeline,2511617,2343895573700491,704
follow,11552044,2343895585293011,704
post_tweet,9593288,2343895594929237,704
get_timeline,1582485,2343895596555351,704
get_timeline,1023380,2343895597623375,704
get_timeline,1911424,2343895599570503,704
get_timeline,590885,2343895600205916,704
get_timeline,1428439,2343895601684870,704
follow,8826712,2343895610555706,704
follow,11495440,2343895622086949,704
get_timeline,1223138,2343895623359402,704
post_tweet,10189077,2343895633596778,704
get_timeline,2004599,2343895635635953,704
post_tweet,6784546,2343895642455844,704
get_timeline,1998139,2343895644495595,704
get_timeline,1830778,2343895646358410,704
get_timeline,1084625,2343895647481236,704
get_timeline,1097397,2343895648608888,704
get_timeline,1512101,2343895650162813,704
get_timeline,1834912,2343895652030732,704
post_tweet,10690655,2343895662755522,704
post_tweet,11940936,2343895674770075,704
add_user,9622121,2343895684427166,704
add_user,12088942,2343895696550996,704
get_timeline,1628663,2343895698207035,704
follow,11504810,2343895709741528,704
get_timeline,1398706,2343895711179290,704
add_user,8559932,2343895719768546,704
get_timeline,682759,2343895720484001,704
add_user,13217481,2343895733736973,704
get_timeline,2340814,2343895736114917,704
get_timeline,2185771,2343895738342681,704
get_timeline,2253544,2343895740642786,704
add_user,9496218,2343895750193272,704
get_timeline,1694527,2343895751918202,704
follow,5692881,2343895757649261,704
get_timeline,1749601,2343895759439090,704
post_tweet,15544863,2343895775022372,704
follow,7237166,2343895782305377,704
get_timeline,664216,2343895783001140,704
post_tweet,10236057,2343895793269877,704
post_tweet,9688432,2343895802996703,704
follow,8232703,2343895811292649,704
follow,4898609,2343895816228822,704
get_timeline,1859842,2343895818116768,704
follow,8020558,2343895826166074,704
get_timeline,2597172,2343895828809720,704
get_timeline,1764865,2343895830612556,704
get_timeline,2374711,2343895833037036,704
get_timeline,1114286,2343895834196160,704
get_timeline,1610545,2343895835846909,704
get_timeline,742382,2343895836625097,704
follow,8899809,2343895845569428,704
get_timeline,1859666,2343895847462565,704
get_timeline,2229185,2343895849741115,704
get_timeline,2569413,2343895852369254,704
get_timeline,2212355,2343895854624098,704
follow,9860025,2343895864513275,704
follow,6376197,2343895870917330,704
post_tweet,10331556,2343895881289568,704
get_timeline,1335778,2343895882654451,704
post_tweet,7016032,2343895889712278,704
post_tweet,5352337,2343895895094881,704
get_timeline,1028064,2343895896163764,704
get_timeline,1483930,2343895897726024,704
get_timeline,2214802,2343895899974665,704
follow,5032335,2343895905065929,704
get_timeline,595354,2343895905690625,704
get_timeline,783823,2343895906507127,704
get_timeline,1181662,2343895907722159,704
post_tweet,10329631,2343895918084994,704
get_timeline,1454540,2343895919609692,704
post_tweet,8582503,2343895928243451,704
follow,5974923,2343895934244868,704
post_tweet,6303304,2343895940604355,704
follow,10513167,2343895951149068,704
get_timeline,2277487,2343895953489361,704
post_tweet,10477843,2343895964021833,704
post_tweet,10024701,2343895974076977,704
post_tweet,13569675,2343895987699455,704
post_tweet,9817997,2343895997555904,704
get_timeline,2152185,2343895999741241,704
get_timeline,1342296,2343896001129843,704
follow,7931433,2343896009123643,704
post_tweet,10699491,2343896019857319,704
post_tweet,10889411,2343896030795065,704
get_timeline,1241605,2343896032065291,704
follow,9831885,2343896041933842,704
get_timeline,875506,2343896042909754,704
get_timeline,1206238,2343896044157201,704
post_tweet,11466217,2343896055660014,704
get_timeline,644327,2343896056331214,704
get_timeline,2125754,2343896058488181,704
post_tweet,10186450,2343896068704143,704
follow,6888140,2343896075648241,704
post_tweet,8035950,2343896083727652,704
post_tweet,12950348,2343896096728862,704
get_timeline,1776279,2343896098539374,704
get_timeline,2226551,2343896100812223,704
follow,9605629,2343896110463949,704
get_timeline,2108831,2343896112620044,704
get_timeline,1913978,2343896114579681,704
follow,6737737,2343896121349579,704
get_timeline,1718218,2343896123100048,704
post_tweet,8572583,2343896131706016,704
get_timeline,1670510,2343896133411613,704
get_timeline,1453717,2343896134904542,704
get_timeline,1847595,2343896136792982,704
get_timeline,340879,2343896137169355,704
post_tweet,9775476,2343896146985554,704
add_user,7549209,2343896154567463,704
get_timeline,1738514,2343896156359572,704
post_tweet,8583279,2343896164981757,704
get_timeline,2978150,2343896167992368,704
follow,7484678,2343896175548407,704
post_tweet,12639963,2343896188227245,704
get_timeline,1516356,2343896189807966,704
get_timeline,1661532,2343896191513618,704
follow,6759314,2343896198306350,704
get_timeline,1342403,2343896199697923,704
post_tweet,10484495,2343896210242598,704
post_tweet,7328496,2343896217607477,704
follow,4627924,2343896222263930,704
post_tweet,12810159,2343896235112879,704
post_tweet,10293307,2343896245479655,704
add_user,10466744,2343896255976857,704
follow,11040881,2343896267087912,704
follow,6613679,2343896273735496,704
get_timeline,1046080,2343896274823496,704
get_timeline,1933844,2343896276806134,704
post_tweet,10993192,2343896287851341,704
post_tweet,10376150,2343896298259203,704
get_timeline,899786,2343896299186911,704
get_timeline,3037917,2343896302271191,704
follow,6094698,2343896308401858,704
get_timeline,1004588,2343896309451140,704
post_tweet,7130534,2343896316627075,704
get_timeline,1604373,2343896318263035,704
follow,2579229,2343896320883887,704
post_tweet,13324927,2343896334239096,704
get_timeline,1702885,2343896335980463,704
get_timeline,1408191,2343896337439796,704
get_timeline,1806304,2343896339300139,704
post_tweet,10326254,2343896349681836,704
get_timeline,1392858,2343896351110962,704
post_tweet,12400686,2343896363542654,704
get_timeline,2372731,2343896365956325,704
get_timeline,1770685,2343896367767886,704
get_timeline,784936,2343896368589157,704
get_timeline,2226794,2343896370862044,704
get_timeline,2254920,2343896373153662,704
get_timeline,1379708,2343896374571546,704
post_tweet,12546472,2343896387166584,704
get_timeline,2462791,2343896389663004,704
add_user,8203477,2343896397911710,704
get_timeline,2372637,2343896400351616,704
follow,10747837,2343896411131628,704
post_tweet,6397639,2343896417577728,704
post_tweet,12376991,2343896430003489,704
get_timeline,1600943,2343896431636879,704
follow,4802124,2343896436469893,704
get_timeline,1689981,2343896438206753,704
get_timeline,2007608,2343896440277338,704
get_timeline,2259548,2343896442589536,704
get_timeline,1593446,2343896444219116,704
post_tweet,9514798,2343896453773736,704
get_timeline,1766869,2343896455621027,704
add_user,6031771,2343896461686291,704
follow,7963420,2343896469695407,704
get_timeline,1307475,2343896471035514,704
get_timeline,1229118,2343896472297028,704
follow,7865844,2343896480196960,704
post_tweet,6148693,2343896486382737,704
post_tweet,16734624,2343896503148543,704
post_tweet,5487981,2343896508669274,704
follow,4768923,2343896513467457,704
follow,8684611,2343896522198010,704
post_tweet,11054476,2343896533293607,704
get_timeline,1663755,2343896534994878,704
get_timeline,1663249,2343896536687906,704
post_tweet,7848492,2343896544636103,704
get_timeline,2292777,2343896546957156,704
get_timeline,1715217,2343896548700609,704
get_timeline,2036644,2343896550770264,704
post_tweet,7300116,2343896558113169,704
post_tweet,7347068,2343896565508479,704
post_tweet,7109902,2343896572645779,704
get_timeline,1996496,2343896574677634,704
follow,6587152,2343896581301322,704
get_timeline,1972280,2343896583304989,704
get_timeline,2076758,2343896585427010,704
post_tweet,15387833,2343896600859579,704
post_tweet,9574939,2343896610462321,704
follow,6794562,2343896617284767,704
post_tweet,12202736,2343896629522925,704
post_tweet,10170169,2343896639725344,704
get_timeline,1563578,2343896641325743,704
get_timeline,2376756,2343896643748361,704
post_tweet,9226231,2343896653017874,704
get_timeline,2324798,2343896655391658,704
get_timeline,846828,2343896656509451,704
post_tweet,7950321,2343896664497660,704
post_tweet,6992950,2343896672132435,704
get_timeline,2358410,2343896674518762,704
post_tweet,7972224,2343896682524627,704
get_timeline,2351982,2343896684915021,704
follow,5806438,2343896690751738,704
post_tweet,11637500,2343896702430736,704
get_timeline,1714891,2343896704197175,704
post_tweet,8170252,2343896712405391,704
follow,7949650,2343896720389713,704
get_timeline,2498875,2343896722921880,704
follow,5276242,2343896728237566,704
add_user,9576908,2343896737849557,704
follow,10150533,2343896748030462,704
get_timeline,1221201,2343896749284950,704
get_timeline,1240573,2343896750560653,704
get_timeline,2475098,2343896753080611,704
add_user,11864724,2343896765006810,704
post_tweet,12060279,2343896777116670,704
get_timeline,1537879,2343896778706578,704
get_timeline,1796385,2343896780569734,704
get_timeline,1694040,2343896782322017,704
get_timeline,4223446,2343896786588393,704
get_timeline,2027906,2343896788658148,704
post_tweet,9655490,2343896798350288,704
get_timeline,1386695,2343896799776720,704
get_timeline,1515743,2343896801329206,704
get_timeline,995545,2343896802363925,704
get_timeline,946741,2343896803348236,704
get_timeline,2013246,2343896805402306,704
post_tweet,10752276,2343896816195129,704
post_tweet,7914269,2343896824135914,704
get_timeline,931641,2343896825109625,704
get_timeline,2138053,2343896827283043,704
get_timeline,2566325,2343896829898856,704
get_timeline,2138949,2343896832076856,704
get_timeline,1995879,2343896834123784,704
get_timeline,1643640,2343896835816684,704
post_tweet,12926967,2343896848796195,704
get_timeline,2075108,2343896850899859,704
follow,8826332,2343896859764400,704
add_user,11786745,2343896871697523,704
add_user,6690632,2343896878451034,704
get_timeline,1957459,2343896880441971,704
post_tweet,10015109,2343896890501958,704
get_timeline,1585150,2343896892123186,704
follow,7082206,2343896899243664,704
get_timeline,1302901,2343896900594399,704
follow,6629602,2343896907282154,704
follow,5961253,2343896913289251,704
post_tweet,9138323,2343896922468439,704
post_tweet,10957431,2343896933468517,704
follow,11077442,2343896944583527,704
post_tweet,10767208,2343896955421644,704
follow,9751686,2343896965204881,704
get_timeline,778182,2343896966036141,704
follow,6039424,2343896972128841,704
post_tweet,6490569,2343896978647730,704
get_timeline,1450430,2343896980136580,704
follow,4665190,2343896984833435,704
get_timeline,3311440,2343896988178706,704
post_tweet,11715560,2343896999933975,704
get_timeline,2384445,2343897002347309,704
get_timeline,1134549,2343897003513959,704
get_timeline,1647766,2343897005189694,704
get_timeline,2001650,2343897007222550,704
get_timeline,2238023,2343897009502300,704
get_timeline,1221429,2343897010755901,704
get_timeline,1615382,2343897012404054,704
get_timeline,1558700,2343897013995527,704
get_timeline,838027,2343897014867118,704
add_user,11038862,2343897025938085,704
get_timeline,2501320,2343897028487586,704
post_tweet,11782603,2343897040305865,704
get_timeline,1396178,2343897041731583,704
get_timeline,1866860,2343897043690148,704
get_timeline,1300424,2343897045031956,704
post_tweet,6987426,2343897052063254,704
get_timeline,793623,2343897052896219,704
get_timeline,1240941,2343897054230532,704
get_timeline,1610912,2343897055888553,704
get_timeline,2035967,2343897057997157,704
get_timeline,2963533,2343897061035374,704
follow,3938713,2343897065140411,704
add_user,12992815,2343897078164604,704
get_timeline,1604680,2343897079831776,704
get_timeline,1534526,2343897081411621,704
post_tweet,11727370,2343897093191858,704
get_timeline,1512248,2343897094762820,704
post_tweet,14536685,2343897109352102,704
follow,7296925,2343897116691207,704
get_timeline,1699270,2343897118446888,704
add_user,9714294,2343897128209507,704
get_timeline,1436553,2343897129677337,704
get_timeline,1590174,2343897131314202,704
post_tweet,11887091,2343897143240632,704
post_tweet,5567067,2343897148850377,704
get_timeline,1804541,2343897150683294,704
post_tweet,12057187,2343897162770572,704
follow,8023197,2343897170838007,704
get_timeline,1904658,2343897172787510,704
get_timeline,1728105,2343897174560961,704
get_timeline,2512909,2343897177236533,704
get_timeline,2242648,2343897179515278,704
post_tweet,16934744,2343897196485322,704
get_timeline,3275461,2343897199804564,704
post_tweet,13317179,2343897213160171,704
post_tweet,9754576,2343897222943726,704
get_timeline,1194802,2343897224183230,704
get_timeline,1956058,2343897226192049,704
get_timeline,1838001,2343897228071080,704
get_timeline,1679366,2343897229798673,704
get_timeline,645566,2343897230791630,704
get_timeline,1405194,2343897232245613,704
post_tweet,10317657,2343897242599693,704
get_timeline,1949415,2343897244588560,704
post_tweet,10525939,2343897255175108,704
get_timeline,1326230,2343897256528022,704
get_timeline,1195669,2343897257765694,704
follow,12499593,2343897270313893,704
get_timeline,1477052,2343897271838410,704
post_tweet,13027913,2343897284926389,704
follow,7758175,2343897292733533,704
get_timeline,1281920,2343897294049532,704
get_timeline,1051878,2343897295147923,704
get_timeline,1661125,2343897296837879,704
post_tweet,9577045,2343897306445657,704
get_timeline,1954259,2343897308434301,704
post_tweet,11123578,2343897319660057,704
add_user,8402999,2343897328107017,704
add_user,8637836,2343897336783378,704
post_tweet,13686400,2343897350497737,704
add_user,12234679,2343897362773120,704
follow,7267240,2343897370080175,704
get_timeline,1065086,2343897371175221,704
get_timeline,1667428,2343897372874479,704
post_tweet,9986868,2343897382905746,704
get_timeline,938827,2343897383882766,704
post_tweet,12431656,2343897396364717,704
get_timeline,1345767,2343897397748841,704
post_tweet,11776560,2343897409572233,704
add_user,9386905,2343897418991110,704
post_tweet,8171838,2343897427206738,704
follow,5580044,2343897432843880,704
get_timeline,2351613,2343897435226512,704
follow,12430824,2343897447697120,704
follow,2878394,2343897450612572,704
post_tweet,5990279,2343897456629922,704
add_user,12614018,2343897469281439,704
post_tweet,4840828,2343897474171279,704
get_timeline,575865,2343897474779940,704
post_tweet,10147157,2343897484964531,704
post_tweet,9643658,2343897494636432,704
follow,7116900,2343897501795632,704
get_timeline,2316479,2343897504144608,704
get_timeline,1399184,2343897505579042,704
get_timeline,784466,2343897506398622,704
follow,4765672,2343897511201040,704
get_timeline,2469811,2343897513701978,704
post_tweet,10146325,2343897524286776,704
get_timeline,2236227,2343897526560961,704
get_timeline,901100,2343897527494206,704
add_user,10226603,2343897537772269,704
post_tweet,11274135,2343897549085096,704
get_timeline,1567400,2343897550716400,704
get_timeline,1770734,2343897552533838,704
get_timeline,1768253,2343897554353709,704
get_timeline,1298972,2343897555691053,704
add_user,6498909,2343897562232001,704
follow,6771946,2343897569045990,704
post_tweet,11955105,2343897581035820,704
follow,4771296,2343897585842080,704
follow,6739523,2343897592618416,704
get_timeline,1516479,2343897594170571,704
get_timeline,1392465,2343897595600696,704
get_timeline,2367572,2343897598004195,704
post_tweet,10161772,2343897608206361,704
get_timeline,1235784,2343897609469876,704
post_tweet,13803567,2343897623302655,704
get_timeline,1699735,2343897625031468,704
get_timeline,2469604,2343897627541329,704
post_tweet,7804823,2343897635392049,704
get_timeline,2283562,2343897637712799,704
get_timeline,2538059,2343897640303158,704
post_tweet,8321414,2343897648656087,704
get_timeline,2478929,2343897651168621,704
follow,3317446,2343897654545232,704
follow,8040296,2343897662623893,704
post_tweet,8772705,2343897671434821,704
post_tweet,13409212,2343897684872012,704
post_tweet,10780380,2343897695699027,704
post_tweet,8806532,2343897704560645,704
get_timeline,1141068,2343897705768697,704
get_timeline,1440389,2343897707238015,704
post_tweet,7996775,2343897715274661,704
post_tweet,37941631,2343897753251851,704
get_timeline,8905991,2343897762201655,704
get_timeline,1218230,2343897763512587,704
post_tweet,4013989,2343897767595299,704
post_tweet,3019622,2343897770649065,704
follow,2221416,2343897772902684,704
follow,3043895,2343897775977505,704
post_tweet,39263074,2343897815321457,704
add_user,30242941,2343897845625595,704
post_tweet,39595577,2343897885266694,704
post_tweet,3103292,2343897888455954,704
get_timeline,7733895,2343897896241922,704
post_tweet,29853690,2343897926226777,704
get_timeline,7340551,2343897933606419,704
get_timeline,4216663,2343897937875948,704
post_tweet,4362249,2343897942345543,704
post_tweet,2935948,2343897945341848,704
get_timeline,620255,2343897946020200,704
get_timeline,6768689,2343897952837702,704
post_tweet,4778494,2343897957671925,704
post_tweet,11319063,2343897969079292,704
follow,10356424,2343897979467153,704
get_timeline,878802,2343897980388533,704
follow,6200275,2343897986620840,704
get_timeline,2245627,2343897988895511,704
add_user,13547090,2343898002474688,704
get_timeline,2266926,2343898004776362,704
post_tweet,5305329,2343898010121676,704
get_timeline,1046604,2343898011212693,704
get_timeline,605674,2343898011862553,704
get_timeline,2143134,2343898014056876,704
post_tweet,6857042,2343898020990420,704
get_timeline,1012665,2343898022049969,704
post_tweet,12367256,2343898034458516,704
post_tweet,11839146,2343898046345595,704
get_timeline,3813219,2343898050239539,704
get_timeline,1045080,2343898051331284,704
get_timeline,1701789,2343898053069817,704
follow,2989791,2343898056103551,704
post_tweet,16389813,2343898072533289,704
get_timeline,1021139,2343898073598805,704
get_timeline,322123,2343898073963241,704
post_tweet,8880678,2343898082880676,704
post_tweet,13676863,2343898096596968,704
get_timeline,1419074,2343898098062689,704
get_timeline,1307885,2343898099417070,704
get_timeline,1833949,2343898101286822,704
get_timeline,2192424,2343898103519487,704
post_tweet,10890043,2343898114447456,704
get_timeline,1864699,2343898116339904,704
get_timeline,1492085,2343898117863909,704
get_timeline,1197745,2343898119090618,704
post_tweet,3179696,2343898122300524,704
get_timeline,1168205,2343898123513435,704
get_timeline,2053422,2343898125632020,704
get_timeline,1284210,2343898126962335,704
post_tweet,7156123,2343898134153503,704
follow,8704387,2343898142888616,704
get_timeline,2620304,2343898145544929,704
get_timeline,2712536,2343898148308722,704
get_timeline,2154005,2343898150506187,704
get_timeline,1414757,2343898151952002,704
add_user,10051603,2343898162044884,704
get_timeline,650952,2343898162756320,704
follow,1898331,2343898164708489,704
get_timeline,40429774,2343898205185528,704
follow,8742939,2343898214055664,704
add_user,50799196,2343898265228985,704
get_timeline,3096796,2343898268401037,704
get_timeline,8083755,2343898276571284,704
follow,4678265,2343898281301810,704
get_timeline,879823,2343898282229221,704
get_timeline,592258,2343898282870960,704
get_timeline,872164,2343898283809865,704
post_tweet,12951367,2343898296795964,704
add_user,4670165,2343898301495860,704
get_timeline,1598768,2343898303123822,704
get_timeline,1291652,2343898304445939,704
post_tweet,110888605,2343898415365772,704
get_timeline,3446466,2343898418866716,704
post_tweet,6344420,2343898425252301,704
post_tweet,46183219,2343898471465819,704
get_timeline,3673483,2343898475201738,704
follow,16601036,2343898491890713,704
post_tweet,107875291,2343898599812018,704
post_tweet,18760201,2343898618641710,704
get_timeline,53045558,2343898671748832,704
post_tweet,46608629,2343898718479642,704
post_tweet,13268069,2343898731817262,704
post_tweet,12421902,2343898744373169,704
post_tweet,8580714,2343898752997361,704
follow,7205954,2343898760231258,704
get_timeline,1913724,2343898762184109,704
get_timeline,1728390,2343898763944064,704
post_tweet,12303002,2343898776277495,704
get_timeline,2128985,2343898778448539,704
add_user,10857102,2343898789349185,704
post_tweet,8974038,2343898798390532,704
get_timeline,1458665,2343898799884353,704
get_timeline,2392241,2343898802339256,704
follow,1446422,2343898803827013,704
post_tweet,8550171,2343898812402918,704
post_tweet,7483350,2343898819926531,704
get_timeline,821995,2343898820781261,704
post_tweet,11458647,2343898832287632,704
post_tweet,11796592,2343898844121116,704
get_timeline,1233759,2343898845384270,704
follow,13429852,2343898858846311,704
follow,5013353,2343898863909840,704
get_timeline,732211,2343898864675269,704
get_timeline,870386,2343898865593782,704
get_timeline,1915587,2343898867546094,704
post_tweet,15179088,2343898882772479,704
get_timeline,1594236,2343898884405339,704
get_timeline,1826817,2343898886269827,704
post_tweet,14236722,2343898900560627,704
follow,4524809,2343898905127514,704
get_timeline,2141699,2343898907302550,704
follow,6906234,2343898914245577,704
post_tweet,6467785,2343898920784851,704
follow,11336157,2343898932159301,704
get_timeline,2401390,2343898934591076,704
get_timeline,2787909,2343898937417441,704
post_tweet,13115688,2343898950565452,704
follow,8863593,2343898959458579,704
get_timeline,1619373,2343898961125985,704
post_tweet,12304294,2343898973522089,704
get_timeline,1895415,2343898975449585,704
get_timeline,2030016,2343898977512336,704
get_timeline,2658571,2343898980217776,704
get_timeline,1932980,2343898982201695,704
get_timeline,1975327,2343898984220656,704
get_timeline,1348237,2343898985622077,704
post_tweet,11497834,2343898997161048,704
get_timeline,1433893,2343898998637206,704
follow,9086171,2343899007772808,704
post_tweet,14208215,2343899022031929,704
get_timeline,1829311,2343899023904420,704
get_timeline,3339895,2343899027299504,704
follow,8933523,2343899036273534,704
get_timeline,1666188,2343899038055522,704
post_tweet,12147304,2343899050302671,704
get_timeline,1548858,2343899051879995,704
add_user,7571669,2343899059480739,704
post_tweet,8116109,2343899067628643,704
get_timeline,1412274,2343899069074613,704
get_timeline,1120025,2343899070230837,704
follow,10729318,2343899080992556,704
follow,11770585,2343899092798107,704
get_timeline,1504393,2343899094336755,704
get_timeline,2389574,2343899096773338,704
get_timeline,1538688,2343899098361311,704
get_timeline,846294,2343899099241858,704
post_tweet,8398552,2343899107672903,704
follow,10737677,2343899118436803,704
post_tweet,11583750,2343899130051250,704
follow,7685030,2343899137773668,704
follow,7360438,2343899145190796,704
post_tweet,11473835,2343899156718681,704
post_tweet,9228255,2343899165987779,704
get_timeline,1084195,2343899167113591,704
get_timeline,1690518,2343899168835622,704
post_tweet,12217479,2343899181083146,704
get_timeline,2083870,2343899183199440,704
follow,8044907,2343899191276845,704
get_timeline,2595716,2343899193912078,704
post_tweet,11901167,2343899205866515,704
get_timeline,3598877,2343899209508387,704
post_tweet,54854519,2343899264401477,704
follow,62926534,2343899327402303,704
get_timeline,2080212,2343899329550491,704
get_timeline,938530,2343899330536396,704
get_timeline,2446567,2343899333046786,704
post_tweet,5725781,2343899338823471,704
get_timeline,2454249,2343899341312075,704
get_timeline,1800303,2343899343159237,704
get_timeline,1467620,2343899344665790,704
post_tweet,10954685,2343899355659674,704
get_timeline,1282755,2343899356970839,704
get_timeline,1976235,2343899358986765,704
get_timeline,2260957,2343899361288710,704
post_tweet,11259821,2343899372597581,704
get_timeline,1308642,2343899373961289,704
post_tweet,11828028,2343899385828303,704
get_timeline,1665193,2343899387533364,704
post_tweet,10599718,2343899398177876,704
post_tweet,11744154,2343899409949642,704
post_tweet,12921167,2343899422910179,704
get_timeline,1195692,2343899424171944,704
get_timeline,1833788,2343899426044373,704
get_timeline,1126488,2343899427207162,704
get_timeline,2086399,2343899429329952,704
get_timeline,1131544,2343899430498157,704
post_tweet,11809272,2343899442370215,704
post_tweet,8923749,2343899451345288,704
post_tweet,13514667,2343899464903995,704
get_timeline,1904139,2343899466849525,704
post_tweet,13312400,2343899480220654,704
get_timeline,1920917,2343899482182359,704
add_user,2510661,2343899484730347,704
get_timeline,2539768,2343899487305491,704
get_timeline,2536198,2343899489882829,704
get_timeline,1520856,2343899491449743,704
get_timeline,2372827,2343899493879077,704
follow,3595571,2343899497514748,704
get_timeline,2020885,2343899499579736,704
get_timeline,1842427,2343899501452049,704
get_timeline,2515363,2343899503999347,704
get_timeline,1514016,2343899505554547,704
get_timeline,1368550,2343899506963739,704
post_tweet,9888436,2343899516921256,704
get_timeline,1597437,2343899518570732,704
get_timeline,2446532,2343899521089797,704
get_timeline,1691014,2343899522817376,704
post_tweet,10126493,2343899532979371,704
post_tweet,10488765,2343899543499840,704
get_timeline,1756616,2343899545307428,704
add_user,8618209,2343899553978628,704
get_timeline,1952005,2343899555959817,704
post_tweet,7006253,2343899563049210,704
add_user,7458867,2343899570534498,704
get_timeline,1739543,2343899572330852,704
get_timeline,1322486,2343899573732460,704
post_tweet,11300436,2343899585092340,704
follow,43606129,2343899628729269,704
post_tweet,3429170,2343899632235987,704
follow,2083018,2343899634363275,704
get_timeline,696099,2343899635101388,704
post_tweet,2521388,2343899637672561,704
post_tweet,1497696,2343899639214070,704
get_timeline,380667,2343899639620301,704
get_timeline,10496148,2343899650150026,704
post_tweet,4108764,2343899654320224,704
post_tweet,44192017,2343899698568767,704
post_tweet,5422937,2343899704072492,704
post_tweet,5230464,2343899709339098,704
follow,6961170,2343899716347545,704
get_timeline,1438673,2343899717823231,704
post_tweet,12769036,2343899730643456,704
post_tweet,8033563,2343899738723355,704
add_user,4132448,2343899742884305,704
get_timeline,1624656,2343899744539693,704
follow,8716229,2343899753293329,704
get_timeline,1164301,2343899754503093,704
get_timeline,2300439,2343899756852365,704
get_timeline,2137240,2343899759040131,704
get_timeline,1588281,2343899760665143,704
get_timeline,2483904,2343899763198113,704
post_tweet,9590663,2343899772826970,704
post_tweet,7887342,2343899780756316,704
get_timeline,2051147,2343899782838291,704
post_tweet,7830322,2343899790703445,704
get_timeline,1407963,2343899792146685,704
get_timeline,1985880,2343899794167986,704
post_tweet,12311414,2343899806535326,704
follow,9111533,2343899815678247,704
get_timeline,2063576,2343899817776078,704
post_tweet,7502199,2343899825315657,704
get_timeline,1682186,2343899827034981,704
get_timeline,2225013,2343899829289535,704
post_tweet,8650024,2343899837970060,704
get_timeline,431581,2343899838437491,704
get_timeline,994645,2343899839503022,704
get_timeline,1147189,2343899840697693,704
get_timeline,3212968,2343899843960830,704
get_timeline,1157415,2343899845151058,704
get_timeline,2003419,2343899847187054,704
post_tweet,5532938,2343899852774698,704
follow,10542450,2343899863344864,704
post_tweet,8776914,2343899872166216,704
get_timeline,1741422,2343899873940629,704
get_timeline,1017972,2343899874992124,704
get_timeline,2097155,2343899877122909,704
get_timeline,1971972,2343899879139413,704
post_tweet,12630358,2343899891804994,704
get_timeline,1711604,2343899893567806,704
add_user,11665825,2343899905282706,704
follow,7528887,2343899912852694,704
post_tweet,14113605,2343899927041938,704
post_tweet,9374791,2343899936445743,704
post_tweet,8875535,2343899945357310,704
post_tweet,4573035,2343899949963895,704
get_timeline,2676269,2343899952673384,704
get_timeline,2194126,2343899954950828,704
post_tweet,11041962,2343899966047445,704
get_timeline,1977239,2343899968062701,704
get_timeline,348991,2343899968454628,704
get_timeline,1056540,2343899969544474,704
get_timeline,2199509,2343899971788562,704
post_tweet,11282422,2343899983117390,704
get_timeline,912850,2343899984058737,704
get_timeline,895775,2343899984985341,704
post_tweet,11472984,2343899996486686,704
post_tweet,10119685,2343900006690505,704
post_tweet,11635046,2343900018354825,704
post_tweet,10005562,2343900028394071,704
get_timeline,973228,2343900029409034,704
get_timeline,3036223,2343900032482780,704
get_timeline,1548400,2343900034084086,704
get_timeline,1585498,2343900035735458,704
get_timeline,1792698,2343900037619168,704
get_timeline,1265577,2343900038961694,704
follow,7909566,2343900046931920,704
get_timeline,1539620,2343900048514365,704
follow,12887967,2343900061432202,704
get_timeline,1764772,2343900063228141,704
post_tweet,7764406,2343900071027584,704
get_timeline,954514,2343900072025049,704
get_timeline,2112095,2343900074184710,704
get_timeline,1741967,2343900075984265,704
post_tweet,12096396,2343900088153604,704
get_timeline,2252393,2343900090441706,704
get_timeline,1992627,2343900093186952,704
add_user,10759914,2343900103992159,704
post_tweet,8859906,2343900112904913,704
add_user,9196071,2343900122131950,704
follow,12640366,2343900134807338,704
post_tweet,8996092,2343900143840652,704
get_timeline,1750304,2343900145664893,704
post_tweet,9197234,2343900154911708,704
follow,7787686,2343900162726384,704
post_tweet,8285532,2343900171051170,704
follow,4970746,2343900176054618,704
follow,6484369,2343900182576799,704
get_timeline,2584394,2343900185217892,704
get_timeline,1846924,2343900187112412,704
get_timeline,1809321,2343900188961622,704
post_tweet,13866052,2343900202877961,704
post_tweet,6977576,2343900209897277,704
post_tweet,12741961,2343900222680087,704
get_timeline,2237349,2343900224965698,704
follow,12874342,2343900237876873,704
post_tweet,11361619,2343900249285100,704
follow,6843947,2343900256163826,704
post_tweet,7871525,2343900264067053,704
get_timeline,2053562,2343900266159826,704
follow,10071490,2343900276275994,704
get_timeline,2051967,2343900278361775,704
follow,11581029,2343900289978221,704
get_timeline,1122700,2343900291140267,704
follow,10530218,2343900301702211,704
post_tweet,6546448,2343900308317848,704
post_tweet,9922944,2343900318275517,704
get_timeline,1603810,2343900319921724,704
post_tweet,11486918,2343900331449354,704
add_user,8527231,2343900340029722,704
follow,6709971,2343900346812937,704
get_timeline,781616,2343900347630324,704
get_timeline,1484567,2343900349149344,704
follow,7753884,2343900356937112,704
get_timeline,1326023,2343900358305215,704
get_timeline,2550018,2343900360903102,704
post_tweet,7275763,2343900368229162,704
get_timeline,2348924,2343900370610358,704
post_tweet,11505433,2343900382171971,704
get_timeline,812479,2343900383013005,704
post_tweet,6092293,2343900389133146,704
post_tweet,7709967,2343900396877826,704
post_tweet,12171277,2343900409103773,704
get_timeline,1462958,2343900410604166,704
get_timeline,3575918,2343900415028526,704
get_timeline,4012020,2343900419139843,704
add_user,9240588,2343900428422447,704
follow,7758704,2343900436216796,704
post_tweet,8898140,2343900445144690,704
post_tweet,11657749,2343900456836062,704
post_tweet,5958378,2343900462828887,704
post_tweet,11493840,2343900474354987,704
post_tweet,9004052,2343900483394643,704
post_tweet,11545487,2343900494988105,704
add_user,8998902,2343900504017809,704
get_timeline,2817771,2343900506877897,704
get_timeline,1887777,2343900508813996,704
post_tweet,7291502,2343900516143486,704
post_tweet,11398368,2343900527587237,704
add_user,7686607,2343900535330960,704
post_tweet,11692321,2343900547110314,704
follow,8634786,2343900555785755,704
post_tweet,11530478,2343900567346655,704
post_tweet,7157971,2343900574555524,704
get_timeline,1463221,2343900576088162,704
follow,3704091,2343900579841758,704
post_tweet,6912463,2343900586791082,704
get_timeline,833983,2343900587658567,704
post_tweet,8961119,2343900596657306,704
follow,10091251,2343900606793661,704
get_timeline,1959390,2343900608790057,704
post_tweet,10014371,2343900618848497,704
get_timeline,2144770,2343900621026223,704
post_tweet,10144709,2343900631218926,704
post_tweet,10848208,2343900642104869,704
follow,6569943,2343900648713031,704
follow,9048672,2343900657796158,704
post_tweet,7351867,2343900665182124,704
follow,4729734,2343900669940296,704
get_timeline,1663471,2343900671633452,704
follow,6638139,2343900678338419,704
post_tweet,11696772,2343900690078812,704
get_timeline,991196,2343900691097261,704
get_timeline,1693916,2343900692821285,704
follow,6896882,2343900699747140,704
get_timeline,949633,2343900700724905,704
follow,11876888,2343900712632101,704
get_timeline,2224139,2343900714897568,704
get_timeline,2172768,2343900717110060,704
follow,9117623,2343900726269789,704
post_tweet,7706210,2343900734004983,704
post_tweet,8924270,2343900742986154,704
follow,7931748,2343900750951478,704
post_tweet,10802205,2343900761792800,704
get_timeline,1852132,2343900763683636,704
post_tweet,12557343,2343900776286048,704
post_tweet,13100356,2343900789438362,704
get_timeline,1105490,2343900790573533,704
get_timeline,1627270,2343900792239626,704
get_timeline,1499382,2343900793772053,704
get_timeline,1289593,2343900795099352,704
post_tweet,10028161,2343900805159357,704
get_timeline,1378576,2343900806568647,704
follow,8338343,2343900814938029,704
get_timeline,1728353,2343900816695997,704
add_user,7822172,2343900824559173,704
get_timeline,400103,2343900824985930,704
post_tweet,10317075,2343900835342313,704
follow,5429986,2343900840810107,704
get_timeline,1226752,2343900842088856,704
post_tweet,8208442,2343900850337863,704
get_timeline,2113661,2343900852485450,704
post_tweet,13434350,2343900865962310,704
follow,8077365,2343900874081278,704
add_user,5510978,2343900879626495,704
get_timeline,859446,2343900880520005,704
get_timeline,1746898,2343900882304383,704
post_tweet,12077140,2343900894436075,704
get_timeline,1817032,2343900896292317,704
get_timeline,1478674,2343900897814669,704
get_timeline,1459786,2343900899310318,704
get_timeline,1890898,2343900901243940,704
get_timeline,1053228,2343900902326994,704
get_timeline,1748316,2343900904115995,704
get_timeline,2055067,2343900906203249,704
follow,10308937,2343900916541192,704
get_timeline,730079,2343900917335816,704
get_timeline,1151542,2343900918530704,704
get_timeline,1994197,2343900920568232,704
get_timeline,1993732,2343900922601049,704
get_timeline,970742,2343900923600001,704
post_tweet,12153331,2343900935796924,704
get_timeline,700879,2343900936528534,704
get_timeline,2205334,2343900938776009,704
get_timeline,3180777,2343900942001473,704
post_tweet,6679298,2343900948717701,704
add_user,11724820,2343900960484433,704
get_timeline,1866969,2343900962382418,704
get_timeline,14171288,2343900976604139,704
post_tweet,27543584,2343901004201366,704
get_timeline,1246010,2343901005491945,704
get_timeline,1985875,2343901007518051,704
get_timeline,1864918,2343901009446027,704
add_user,9278808,2343901018768737,704
get_timeline,1956752,2343901020781244,704
follow,6770711,2343901027590452,704
get_timeline,745898,2343901028368051,704
follow,4289622,2343901032703291,704
add_user,2407263,2343901035143493,704
get_timeline,2309663,2343901037525689,704
post_tweet,21498695,2343901059080495,704
post_tweet,10689962,2343901069807597,704
follow,6141985,2343901075993498,704
get_timeline,1072218,2343901077120088,704
get_timeline,620040,2343901077777620,704
get_timeline,961769,2343901078777216,704
get_timeline,885556,2343901079718970,704
post_tweet,3310661,2343901083077064,704
post_tweet,4705331,2343901087819855,704
post_tweet,12668365,2343901100544236,704
get_timeline,1970915,2343901102557396,704
follow,4388982,2343901106982692,704
post_tweet,28406683,2343901135418916,704
get_timeline,2626136,2343901138098138,704
get_timeline,3126186,2343901141268049,704
get_timeline,1139081,2343901142449538,704
post_tweet,5816138,2343901148299268,704
get_timeline,1310763,2343901149640535,704
follow,2219835,2343901151910546,704
post_tweet,3834814,2343901155781888,704
get_timeline,2784236,2343901158602779,704
follow,2738848,2343901161396381,704
get_timeline,4465258,2343901165923725,704
get_timeline,4319798,2343901170323229,704
post_tweet,7936384,2343901178301902,704
post_tweet,6613440,2343901184943247,704
post_tweet,8370365,2343901193348881,704
get_timeline,2461098,2343901195869818,704
post_tweet,22439482,2343901218346434,704
get_timeline,2110064,2343901220495722,704
follow,13632100,2343901234169610,704
get_timeline,2541088,2343901236775376,704
follow,3712167,2343901240565392,704
get_timeline,3478362,2343901244121889,704
get_timeline,1187086,2343901245345796,704
get_timeline,1636199,2343901247021683,704
get_timeline,1426821,2343901248478642,704
get_timeline,549548,2343901249058235,704
post_tweet,21429510,2343901270520585,704
get_timeline,1768686,2343901272483784,704
get_timeline,1879833,2343901274423859,704
follow,5901984,2343901280378217,704
get_timeline,626623,2343901281049170,704
get_timeline,663203,2343901281751202,704
get_timeline,452392,2343901282240392,704
get_timeline,2867027,2343901285154270,704
get_timeline,1010229,2343901286237038,704
post_tweet,15264453,2343901301563619,704
get_timeline,2568533,2343901304161584,704
add_user,9072599,2343901313277604,704
post_tweet,8779168,2343901322110010,704
follow,7629361,2343901329770856,704
follow,7878716,2343901337701706,704
follow,7636187,2343901346218829,704
get_timeline,1915973,2343901348174625,704
get_timeline,1807454,2343901350018452,704
follow,7616854,2343901357664115,704
follow,12398210,2343901370099955,704
get_timeline,2495658,2343901372644009,704
post_tweet,12521271,2343901385218614,704
post_tweet,9123533,2343901394680732,704
post_tweet,17897958,2343901412611054,704
get_timeline,995933,2343901413645761,704
get_timeline,937242,2343901414614493,704
get_timeline,3051775,2343901417716886,704
get_timeline,1347516,2343901419105797,704
get_timeline,3124282,2343901422269876,704
get_timeline,933099,2343901423245801,704
get_timeline,2124898,2343901425402164,704
follow,2960443,2343901428400421,704
get_timeline,2004557,2343901430442850,704
follow,8635173,2343901439240135,704
follow,7796725,2343901447081312,704
post_tweet,11206646,2343901458318379,704
get_timeline,2325409,2343901460707108,704
get_timeline,1117261,2343901461870124,704
post_tweet,8960158,2343901470865779,704
post_tweet,10464755,2343901481372821,704
add_user,9886307,2343901491304764,704
get_timeline,1488691,2343901492860214,704
get_timeline,2942795,2343901495856947,704
follow,4950721,2343901500855180,704
get_timeline,2569766,2343901503472627,704
post_tweet,10783166,2343901514292541,704
get_timeline,2370454,2343901516699918,704
post_tweet,8892713,2343901525634644,704
follow,10054413,2343901535749318,704
get_timeline,3465847,2343901539360543,704
post_tweet,11301696,2343901550996997,704
get_timeline,2998534,2343901554047684,704
post_tweet,11249848,2343901565334574,704
get_timeline,925670,2343901566326961,704
follow,6766838,2343901573143161,704
post_tweet,14405723,2343901587588662,704
get_timeline,2326489,2343901589960241,704
post_tweet,8529075,2343901598959799,704
follow,12974970,2343901611974145,704
follow,5598942,2343901617628279,704
post_tweet,7158145,2343901624870435,704
get_timeline,2277800,2343901627188054,704
get_timeline,2523483,2343901629751946,704
get_timeline,480076,2343901630285224,704
follow,14337899,2343901644659507,704
post_tweet,12144547,2343901656832987,704
get_timeline,1614785,2343901658487961,704
follow,10733886,2343901669260042,704
get_timeline,2106058,2343901671422011,704
get_timeline,2257438,2343901673712640,704
post_tweet,17160782,2343901690915491,704
get_timeline,1875062,2343901692839492,704
get_timeline,779010,2343901693748392,704
get_timeline,1538491,2343901695335393,704
post_tweet,12360726,2343901707734265,704
get_timeline,1315676,2343901709090254,704
follow,4328815,2343901713456908,704
get_timeline,1338565,2343901714823290,704
get_timeline,2418172,2343901717277556,704
post_tweet,4665728,2343901721977681,704
post_tweet,6163884,2343901728183172,704
get_timeline,2027023,2343901730242223,704
post_tweet,13776939,2343901744059102,704
follow,13007519,2343901757110529,704
post_tweet,13314403,2343901770488645,704
get_timeline,1720243,2343901772245134,704
follow,4832089,2343901777117258,704
get_timeline,1700142,2343901778860841,704
get_timeline,1557624,2343901780457051,704
follow,6250904,2343901786740421,704
get_timeline,693668,2343901787487931,704
get_timeline,1729045,2343901789277052,704
post_tweet,9592301,2343901798963196,704
get_timeline,2308778,2343901801299751,704
get_timeline,1077365,2343901802410199,704
get_timeline,1982472,2343901804442421,704
follow,7497029,2343901811984785,704
get_timeline,717256,2343901812754388,704
follow,4079662,2343901816866324,704
get_timeline,2897775,2343901819819236,704
post_tweet,12727608,2343901832589226,704
get_timeline,1210813,2343901833830555,704
post_tweet,10599863,2343901844464209,704
get_timeline,1702821,2343901846198732,704
get_timeline,1205792,2343901847449928,704
follow,6735130,2343901854220057,704
get_timeline,2253982,2343901856523380,704
post_tweet,12488329,2343901869063420,704
get_timeline,1021061,2343901870116668,704
post_tweet,11715428,2343901881862033,704
get_timeline,1484893,2343901883949971,704
post_tweet,9069959,2343901893063538,704
follow,6491702,2343901899592194,704
post_tweet,5351176,2343901904982571,704
follow,9749894,2343901915490621,704
post_tweet,9474841,2343901925007144,704
get_timeline,2098317,2343901927140880,704
post_tweet,10231866,2343901937436485,704
get_timeline,2301552,2343901939782104,704
get_timeline,2796452,2343901942639368,704
get_timeline,2372596,2343901945056283,704
get_timeline,1118305,2343901946221346,704
get_timeline,1953288,2343901948905265,704
post_tweet,13206454,2343901962158968,704
get_timeline,1390387,2343901963937299,704
get_timeline,2112930,2343901966081347,704
follow,6499927,2343901972626933,704
get_timeline,719354,2343901973386932,704
get_timeline,1482327,2343901974915256,704
post_tweet,14035412,2343901988985317,704
add_user,10098068,2343901999130104,704
get_timeline,2040829,2343902001197786,704
get_timeline,2125048,2343902003354587,704
follow,12462429,2343902015856949,704
post_tweet,9657450,2343902025553556,704
follow,6875209,2343902032459150,704
follow,8480061,2343902041017204,704
follow,6493870,2343902047568766,704
get_timeline,1378477,2343902048984598,704
post_tweet,13894517,2343902062920503,704
get_timeline,2107745,2343902065063575,704
get_timeline,1564400,2343902066664052,704
get_timeline,1327351,2343902068043960,704
post_tweet,12002766,2343902080105512,704
get_timeline,1011649,2343902081160327,704
get_timeline,1370056,2343902082574147,704
post_tweet,10467679,2343902093073841,704
get_timeline,1773745,2343902094877328,704
get_timeline,1692829,2343902096602705,704
get_timeline,1019920,2343902097656816,704
follow,8225007,2343902105915374,704
follow,4366806,2343902110323253,704
get_timeline,1896512,2343902112254130,704
post_tweet,12595181,2343902124888623,704
follow,7882504,2343902132806116,704
get_timeline,2343253,2343902135187057,704
get_timeline,1734367,2343902137059888,704
get_timeline,1470168,2343902138575385,704
get_timeline,2323321,2343902140963865,704
get_timeline,1070072,2343902142066050,704
post_tweet,14450464,2343902156555994,704
get_timeline,2226736,2343902158825784,704
post_tweet,16457906,2343902175325311,704
get_timeline,1324360,2343902176684166,704
follow,7697953,2343902184422192,704
get_timeline,1569139,2343902186023072,704
add_user,8988473,2343902195055674,704
get_timeline,2013903,2343902197186183,704
get_timeline,2312934,2343902199541241,704
get_timeline,1496984,2343902201068598,704
follow,5695283,2343902206793532,704
get_timeline,1331258,2343902208169771,704
follow,8998072,2343902217206456,704
get_timeline,1524465,2343902218775167,704
post_tweet,14413523,2343902233231634,704
get_timeline,2401370,2343902235661749,704
follow,5437854,2343902241127964,704
get_timeline,2605005,2343902243778305,704
add_user,10580918,2343902254398686,704
follow,8722161,2343902263152115,704
add_user,11355482,2343902274543767,704
get_timeline,2213509,2343902276796146,704
get_timeline,1081360,2343902277961822,704
post_tweet,11517762,2343902289531887,704
get_timeline,1844640,2343902291430225,704
follow,12452535,2343902303924713,704
post_tweet,8707818,2343902312661814,704
get_timeline,1761551,2343902314468355,704
get_timeline,1429381,2343902315940135,704
get_timeline,869578,2343902316839693,704
post_tweet,10108605,2343902326981826,704
follow,9860798,2343902336875837,704
post_tweet,12739620,2343902349644803,704
get_timeline,2124818,2343902351876433,704
get_timeline,1679193,2343902353600366,704
post_tweet,10891372,2343902364525310,704
post_tweet,9065684,2343902373650169,704
add_user,9582933,2343902383279036,704
post_tweet,8464584,2343902391778514,704
post_tweet,9922450,2343902401737449,704
get_timeline,1825654,2343902403596760,704
get_timeline,1517889,2343902405157324,704
post_tweet,9329148,2343902414543918,704
get_timeline,2035959,2343902416623412,704
post_tweet,6063193,2343902422728178,704
get_timeline,2520706,2343902425279818,704
get_timeline,1752556,2343902427067372,704
get_timeline,1308622,2343902428415754,704
get_timeline,1894322,2343902430349222,704
get_timeline,2693344,2343902433079337,704
get_timeline,1237682,2343902434369626,704
get_timeline,2012246,2343902436419048,704
post_tweet,12872499,2343902449322491,704
post_tweet,11180730,2343902460540077,704
get_timeline,1516213,2343902462105553,704
get_timeline,2547637,2343902464682851,704
post_tweet,7164849,2343902471879056,704
post_tweet,14379630,2343902486285666,704
get_timeline,1701976,2343902488089113,704
post_tweet,12596808,2343902500750241,704
follow,10142857,2343902510938345,704
get_timeline,2142400,2343902513124705,704
get_timeline,1551603,2343902514715993,704
get_timeline,989619,2343902515741423,704
get_timeline,2025483,2343902517811514,704
post_tweet,8676751,2343902526538933,704
post_tweet,7806108,2343902534372403,704
get_timeline,2325014,2343902536725653,704
get_timeline,1820667,2343902538604431,704
get_timeline,1798972,2343902540543310,704
post_tweet,10681626,2343902551261858,704
get_timeline,2295391,2343902553606780,704
get_timeline,2755024,2343902556397193,704
get_timeline,863392,2343902557305987,704
post_tweet,11315908,2343902568695241,704
follow,10328561,2343902579050477,704
get_timeline,2010330,2343902581098006,704
post_tweet,10575846,2343902591710953,704
post_tweet,10148377,2343902601922156,704
follow,4960011,2343902606919361,704
follow,8586957,2343902615543163,704
follow,5985091,2343902621581857,704
get_timeline,2239475,2343902623861846,704
follow,7115733,2343902631016293,704
get_timeline,2204594,2343902633261852,704
post_tweet,7442960,2343902640755076,704
get_timeline,1396970,2343902642184551,704
get_timeline,2866418,2343902645092225,704
follow,9449966,2343902654591000,704
follow,8141973,2343902662759272,704
post_tweet,8752964,2343902671560570,704
get_timeline,1675346,2343902673270093,704
get_timeline,1886950,2343902675201574,704
post_tweet,13097006,2343902688340657,704
post_tweet,15014317,2343902703389378,704
get_timeline,1935305,2343902705378438,704
post_tweet,9807544,2343902715243013,704
post_tweet,10906392,2343902726184298,704
add_user,14567585,2343902740790411,704
get_timeline,1434052,2343902742257877,704
get_timeline,2015648,2343902744306808,704
get_timeline,1297728,2343902745656904,704
get_timeline,2399199,2343902748089980,704
get_timeline,2084032,2343902750209158,704
get_timeline,2525283,2343902752768506,704
get_timeline,1456121,2343902754271799,704
follow,3569315,2343902757910523,704
follow,9359286,2343902767312725,704
get_timeline,1177482,2343902768531373,704
get_timeline,1248616,2343902769826724,704
post_tweet,13153285,2343902783033564,704
post_tweet,10647648,2343902793730037,704
add_user,11658446,2343902805421678,704
get_timeline,1440905,2343902806906729,704
follow,6066642,2343902813006498,704
get_timeline,1648217,2343902814699326,704
get_timeline,2073915,2343902816808534,704
post_tweet,10624365,2343902827468182,704
follow,10852529,2343902838351516,704
get_timeline,1402083,2343902839785546,704
post_tweet,6914786,2343902846750431,704
follow,12838754,2343902859635040,704
get_timeline,1414755,2343902861137951,704
post_tweet,11235313,2343902872439447,704
post_tweet,13729639,2343902886210338,704
add_user,6085830,2343902892350727,704
post_tweet,14652262,2343902907041171,704
post_tweet,9224063,2343902916318383,704
post_tweet,11012020,2343902927407918,704
post_tweet,13136951,2343902940580026,704
get_timeline,1448829,2343902942072088,704
follow,9150662,2343902951259252,704
get_timeline,1480071,2343902952774408,704
get_timeline,1385476,2343902954212412,704
add_user,9183325,2343902963432187,704
get_timeline,1943646,2343902965420318,704
get_timeline,1048764,2343902966509859,704
get_timeline,2673916,2343902969245923,704
get_timeline,1310581,2343902970599217,704
get_timeline,921973,2343902971552639,704
get_timeline,1017425,2343902972602671,704
follow,5828539,2343902978462914,704
follow,6700657,2343902985203597,704
get_timeline,2313325,2343902987559506,704
get_timeline,2744241,2343902990371016,704
get_timeline,1270252,2343902991674708,704
follow,11609735,2343903003323332,704
post_tweet,14048382,2343903017407438,704
post_tweet,10030945,2343903027489475,704
get_timeline,1418578,2343903028944568,704
get_timeline,2178509,2343903031166243,704
get_timeline,1089619,2343903032301999,704
get_timeline,1163480,2343903033500188,704
follow,2422255,2343903035954008,704
get_timeline,867567,2343903036915970,704
follow,9747175,2343903046783372,704
post_tweet,11554599,2343903058686720,704
post_tweet,11457195,2343903070180972,704
get_timeline,1348086,2343903071568991,704
get_timeline,1140504,2343903072746533,704
follow,6377758,2343903079155908,704
follow,10882106,2343903090083312,704
post_tweet,11155922,2343903101269157,704
get_timeline,1815470,2343903103133218,704
follow,10873441,2343903114040551,704
get_timeline,905937,2343903115018450,704
post_tweet,7566370,2343903122624131,704
post_tweet,8570901,2343903131233324,704
get_timeline,1546722,2343903132816503,704
post_tweet,10030655,2343903142900079,704
get_timeline,885461,2343903143829698,704
get_timeline,1415702,2343903145279935,704
follow,8239516,2343903153554001,704
post_tweet,10463297,2343903164045490,704
get_timeline,2651057,2343903166766565,704
post_tweet,13478912,2343903180304585,704
get_timeline,1219197,2343903181556563,704
follow,11453081,2343903193039530,704
post_tweet,13508189,2343903206589197,704
add_user,9471307,2343903216109701,704
post_tweet,14827774,2343903230979160,704
follow,7695864,2343903238714416,704
get_timeline,2137245,2343903240891199,704
get_timeline,1740229,2343903242664483,704
follow,11219723,2343903253920816,704
get_timeline,1233667,2343903255185165,704
get_timeline,1197027,2343903256417697,704
post_tweet,13592736,2343903270046372,704
post_tweet,11403558,2343903281494430,704
add_user,9997673,2343903291562675,704
post_tweet,30754794,2343903322400387,704
follow,8785750,2343903331235472,704
post_tweet,10952256,2343903342219515,704
get_timeline,2106912,2343903344399260,704
post_tweet,11867282,2343903356322117,704
get_timeline,1392605,2343903357766417,704
post_tweet,27988437,2343903385808006,704
get_timeline,1541718,2343903387445216,704
get_timeline,18975331,2343903406484901,704
get_timeline,2107908,2343903408683291,704
get_timeline,1303017,2343903410078071,704
post_tweet,7666643,2343903417832956,704
get_timeline,2482948,2343903420345455,704
follow,8702568,2343903429080360,704
follow,10891233,2343903440010728,704
get_timeline,19603307,2343903459654812,704
add_user,3313272,2343903463036774,704
post_tweet,11264493,2343903474364779,704
follow,7017440,2343903481428014,704
post_tweet,23714709,2343903505178069,704
get_timeline,1941201,2343903507164756,704
get_timeline,2555553,2343903509768415,704
post_tweet,9797221,2343903519614420,704
post_tweet,10738993,2343903530385464,704
get_timeline,3550253,2343903533975553,704
get_timeline,2208973,2343903536242829,704
get_timeline,20836877,2343903557175113,704
post_tweet,15317545,2343903572562403,704
follow,6009189,2343903578605080,704
post_tweet,15935083,2343903594568520,704
follow,7237188,2343903601840767,704
post_tweet,15667816,2343903617566328,704
get_timeline,1664086,2343903619267227,704
get_timeline,1639631,2343903620968193,704
post_tweet,13657139,2343903634673813,704
post_tweet,8553109,2343903643291582,704
follow,1378438,2343903644709787,704
get_timeline,2466481,2343903647233240,704
follow,3307666,2343903650593622,704
get_timeline,2885997,2343903653519406,704
get_timeline,1688587,2343903655264372,704
get_timeline,1644016,2343903656978592,704
get_timeline,2230947,2343903659277157,704
post_tweet,15367652,2343903674687636,704
get_timeline,1550536,2343903676281901,704
follow,13852095,2343903690174024,704
post_tweet,11803335,2343903702067367,704
follow,8843128,2343903710950898,704
post_tweet,14924670,2343903725934505,704
get_timeline,1100641,2343903727075346,704
get_timeline,2189510,2343903729295188,704
get_timeline,787914,2343903730129297,704
follow,12886946,2343903743052447,704
post_tweet,9459633,2343903752550448,704
follow,7689272,2343903760278430,704
post_tweet,11602773,2343903771928431,704
post_tweet,8422044,2343903780395051,704
post_tweet,12691761,2343903793138029,704
post_tweet,11323918,2343903804556592,704
follow,4171416,2343903808766864,704
post_tweet,7891903,2343903816706291,704
get_timeline,2432938,2343903819170385,704
get_timeline,1906524,2343903821117929,704
post_tweet,13401992,2343903834563469,704
post_tweet,12245243,2343903846842421,704
post_tweet,11318651,2343903858209905,704
post_tweet,11751545,2343903870001672,704
post_tweet,12965902,2343903883022665,704
follow,10949366,2343903893999598,704
post_tweet,14148847,2343903908194362,704
add_user,9716811,2343903917958097,704
post_tweet,8946654,2343903926956544,704
post_tweet,12839706,2343903939824484,704
get_timeline,1023445,2343903940902912,704
post_tweet,9753261,2343903950696193,704
follow,11307901,2343903962082197,704
get_timeline,1807238,2343903963939960,704
follow,7930088,2343903971914058,704
follow,10327647,2343903982281237,704
get_timeline,1738645,2343903984060712,704
get_timeline,2372657,2343903986464221,704
get_timeline,1434073,2343903987929410,704
add_user,6478350,2343903994447732,704
post_tweet,8595498,2343904003079068,704
post_tweet,14175327,2343904017302150,704
get_timeline,818245,2343904018147869,704
post_tweet,9019572,2343904027206898,704
get_timeline,1054774,2343904028299253,704
get_timeline,1203613,2343904029548712,704
post_tweet,12572393,2343904042169457,704
get_timeline,1569265,2343904043775837,704
get_timeline,284305,2343904044094259,704
get_timeline,1783937,2343904045910215,704
follow,3998285,2343904049947060,704
follow,5486531,2343904055468340,704
get_timeline,966418,2343904056471244,704
get_timeline,1510877,2343904058044263,704
add_user,6474249,2343904064560589,704
get_timeline,763026,2343904065365171,704
get_timeline,1764058,2343904067167857,704
get_timeline,2158588,2343904069377256,704
get_timeline,1873626,2343904071320249,704
get_timeline,866319,2343904072236897,704
get_timeline,829734,2343904073104843,704
follow,9628659,2343904082780068,704
post_tweet,6358341,2343904089174183,704
follow,6674824,2343904095909786,704
get_timeline,1498064,2343904097453007,704
get_timeline,2519792,2343904100025605,704
follow,4912464,2343904104988926,704
get_timeline,831353,2343904105845767,704
post_tweet,5759102,2343904111643386,704
get_timeline,2085763,2343904113756080,704
follow,1571992,2343904115361749,704
follow,4979416,2343904120380307,704
post_tweet,5828741,2343904126255215,704
follow,7316478,2343904133606353,704
get_timeline,3742346,2343904137386575,704
follow,1491295,2343904138918735,704
follow,5563385,2343904144525046,704
get_timeline,2790095,2343904147357630,704
get_timeline,3775681,2343904151195553,704
post_tweet,10411318,2343904161652746,704
follow,9057512,2343904170804349,704
get_timeline,862227,2343904171703816,704
follow,4900310,2343904176638886,704
get_timeline,1614507,2343904178305733,704
post_tweet,8750254,2343904187108995,704
follow,5497748,2343904192636885,704
get_timeline,1256899,2343904193938535,704
get_timeline,968592,2343904194945960,704
get_timeline,1899466,2343904196906990,704
get_timeline,1766111,2343904198726846,704
get_timeline,1606345,2343904200415907,704
get_timeline,1947190,2343904202402717,704
follow,38541890,2343904240982639,704
post_tweet,3095457,2343904244118597,704
follow,39596888,2343904283761516,704
post_tweet,46148658,2343904329993011,704
add_user,7689409,2343904337748574,704
add_user,8203649,2343904346036647,704
get_timeline,1506250,2343904347574774,704
get_timeline,1253459,2343904348887868,704
get_timeline,1636758,2343904350556823,704
follow,9831219,2343904360427429,704
get_timeline,957544,2343904361431857,704
get_timeline,1744735,2343904363213985,704
post_tweet,8209533,2343904371459796,704
get_timeline,1378019,2343904372871302,704
post_tweet,13590837,2343904386498734,704
get_timeline,1515424,2343904388076483,704
get_timeline,1594522,2343904389718531,704
get_timeline,965121,2343904390717076,704
post_tweet,8426593,2343904399182371,704
follow,6702866,2343904405942651,704
get_timeline,2093537,2343904408065751,704
post_tweet,10383677,2343904418483056,704
post_tweet,7228026,2343904425743231,704
follow,11300386,2343904437084727,704
get_timeline,1584539,2343904438717157,704
get_timeline,1630646,2343904440385910,704
get_timeline,1535034,2343904441958262,704
get_timeline,1195770,2343904443193466,704
post_tweet,10156217,2343904453380377,704
add_user,9477225,2343904462901669,704
post_tweet,9694558,2343904472655850,704
get_timeline,1817118,2343904474516811,704
get_timeline,1253473,2343904475817600,704
follow,6486726,2343904482337912,704
post_tweet,9878466,2343904492251558,704
post_tweet,9580309,2343904501878761,704
post_tweet,8032572,2343904509944219,704
post_tweet,10433434,2343904520455467,704
get_timeline,1879145,2343904522371139,704
get_timeline,1386696,2343904523787291,704
get_timeline,1110476,2343904524936285,704
follow,9987192,2343904534959143,704
get_timeline,1633873,2343904536670751,704
get_timeline,1399130,2343904538171524,704
get_timeline,1790981,2343904540050428,704
add_user,9277971,2343904549368452,704
get_timeline,1848125,2343904551243482,704
get_timeline,957201,2343904552230031,704
get_timeline,2238514,2343904554498982,704
follow,5614293,2343904560155468,704
add_user,7560289,2343904567744479,704
post_tweet,10259901,2343904578049486,704
get_timeline,2079751,2343904580183156,704
post_tweet,8936820,2343904589175250,704
post_tweet,7872559,2343904597100481,704
get_timeline,1750045,2343904598877524,704
post_tweet,13233288,2343904612141214,704
get_timeline,1667312,2343904613858211,704
follow,8668070,2343904622561876,704
get_timeline,3291640,2343904625906447,704
add_user,9379879,2343904635364666,704
get_timeline,742562,2343904636134520,704
follow,6227863,2343904642412507,704
post_tweet,11307332,2343904653756559,704
follow,8287794,2343904662072168,704
get_timeline,1066257,2343904663188457,704
follow,3361430,2343904666599258,704
post_tweet,12018685,2343904678665582,704
post_tweet,10563245,2343904689268565,704
follow,9028540,2343904698335167,704
add_user,10358433,2343904708723206,704
get_timeline,1790142,2343904710558766,704
post_tweet,5862251,2343904716456525,704
get_timeline,2259846,2343904718758179,704
get_timeline,1049807,2343904719847718,704
get_timeline,1863267,2343904721759638,704
follow,7747094,2343904729558805,704
get_timeline,1096584,2343904730693301,704
post_tweet,11713479,2343904742438236,704
post_tweet,12751865,2343904755236076,704
post_tweet,5899582,2343904761163651,704
get_timeline,1682794,2343904762877886,704
get_timeline,1605372,2343904764517252,704
post_tweet,9281410,2343904773851360,704
get_timeline,2161141,2343904776061447,704
get_timeline,1046283,2343904777156780,704
get_timeline,2162876,2343904779365053,704
get_timeline,1342097,2343904780751006,704
post_tweet,9668856,2343904790458245,704
get_timeline,2178667,2343904792681099,704
follow,14290361,2343904807009385,704
get_timeline,2307088,2343904809360264,704
get_timeline,1530697,2343904810930954,704
post_tweet,8707595,2343904819674099,704
get_timeline,590383,2343904820302041,704
get_timeline,1646848,2343904821984604,704
get_timeline,1599781,2343904823633855,704
get_timeline,1519463,2343904825196973,704
post_tweet,13531862,2343904838769545,704
follow,9397770,2343904848197307,704
follow,5280096,2343904853507195,704
follow,10743657,2343904864277466,704
get_timeline,2254305,2343904866564068,704
post_tweet,7998486,2343904874594631,704
get_timeline,1456169,2343904876084994,704
post_tweet,8501511,2343904884622109,704
get_timeline,1782388,2343904886467968,704
get_timeline,2089564,2343904888594209,704
post_tweet,11223347,2343904899868010,704
follow,4899554,2343904904798221,704
follow,6560320,2343904911397395,704
post_tweet,9942722,2343904921425244,704
post_tweet,10393961,2343904931855893,704
post_tweet,8424373,2343904940320076,704
follow,4924195,2343904945283495,704
follow,8706544,2343904954032955,704
post_tweet,12771563,2343904966860156,704
post_tweet,9681860,2343904976628592,704
follow,6393533,2343904983101749,704
get_timeline,1076268,2343904984221472,704
get_timeline,3120649,2343904987397593,704
add_user,12514217,2343904999959975,704
post_tweet,10795458,2343905010793027,704
get_timeline,1687153,2343905012529465,704
get_timeline,2669504,2343905015256807,704
post_tweet,12717015,2343905028023796,704
get_timeline,1691237,2343905029771980,704
post_tweet,11172104,2343905040989608,704
post_tweet,8097080,2343905049122737,704
follow,2341126,2343905051523539,704
follow,9908247,2343905061461558,704
post_tweet,14187080,2343905075699289,704
post_tweet,13466526,2343905089201157,704
post_tweet,13033895,2343905102291790,704
get_timeline,1838675,2343905104159817,704
follow,6389329,2343905110586680,704
get_timeline,1831393,2343905112453244,704
get_timeline,1134042,2343905113635898,704
follow,10983876,2343905124662491,704
get_timeline,1239224,2343905125947013,704
get_timeline,2112137,2343905128101551,704
post_tweet,11431317,2343905139592333,704
get_timeline,2020511,2343905141664203,704
get_timeline,1590236,2343905143317117,704
get_timeline,1593928,2343905144941390,704
add_user,8733273,2343905153712708,704
get_timeline,2006067,2343905155770471,704
get_timeline,1419669,2343905157229170,704
post_tweet,7527050,2343905164804824,704
get_timeline,1870003,2343905166718220,704
follow,8803528,2343905175569837,704
get_timeline,1814090,2343905177418509,704
post_tweet,10737363,2343905188186934,704
get_timeline,1396127,2343905189635565,704
get_timeline,1626109,2343905191310172,704
post_tweet,14164195,2343905205533877,704
post_tweet,7316953,2343905212880393,704
get_timeline,1680027,2343905214592166,704
get_timeline,1213055,2343905215842801,704
get_timeline,1441665,2343905217317182,704
post_tweet,6339859,2343905223690799,704
post_tweet,7344450,2343905231072666,704
post_tweet,11375003,2343905242480793,704
post_tweet,10773859,2343905253314478,704
add_user,6517366,2343905259861163,704
get_timeline,1759726,2343905261672063,704
get_timeline,1553142,2343905263297396,704
get_timeline,1893545,2343905265238757,704
get_timeline,1624209,2343905266903814,704
get_timeline,2767355,2343905269699926,704
post_tweet,6169603,2343905275905780,704
get_timeline,1789855,2343905277722858,704
add_user,12262301,2343905290019620,704
get_timeline,1288069,2343905291381210,704
get_timeline,2218304,2343905293661555,704
follow,9065746,2343905302756094,704
post_tweet,12848439,2343905315642069,704
get_timeline,2134965,2343905317827146,704
follow,14979593,2343905332852064,704
follow,6458314,2343905339341404,704
get_timeline,1634659,2343905341011895,704
post_tweet,12699106,2343905353769010,704
get_timeline,903066,2343905354702173,704
get_timeline,1122314,2343905355865522,704
follow,8334627,2343905364239472,704
post_tweet,15085269,2343905379368308,704
follow,4765653,2343905384185499,704
get_timeline,381464,2343905384598724,704
follow,6440363,2343905391074797,704
add_user,10761709,2343905401891955,704
get_timeline,1993454,2343905403923722,704
get_timeline,2149956,2343905406112615,704
get_timeline,1616792,2343905407775510,704
get_timeline,2135599,2343905409949360,704
get_timeline,1413901,2343905411442855,704
follow,10690185,2343905422169512,704
post_tweet,8893061,2343905431104496,704
get_timeline,827696,2343905431980884,704
get_timeline,947841,2343905432994220,704
get_timeline,2342843,2343905435374699,704
get_timeline,554021,2343905435965185,704
post_tweet,19535280,2343905455532166,704
post_tweet,8539107,2343905464108103,704
get_timeline,575481,2343905464723660,704
get_timeline,3133593,2343905467916696,704
get_timeline,1164055,2343905469122318,704
follow,8773172,2343905477937072,704
get_timeline,2041957,2343905480087223,704
get_timeline,1515873,2343905481665048,704
post_tweet,2840154,2343905484550690,704
get_timeline,234535,2343905484809525,704
get_timeline,2254040,2343905487091062,704
post_tweet,12112344,2343905499233059,704
get_timeline,1403137,2343905500682484,704
follow,13665952,2343905514413860,704
get_timeline,1669475,2343905516126894,704
get_timeline,1914897,2343905518085323,704
follow,8200728,2343905526332460,704
get_timeline,1686675,2343905528067493,704
get_timeline,1582586,2343905529702005,704
get_timeline,773513,2343905530512393,704
get_timeline,1207160,2343905531755230,704
add_user,13531297,2343905545340572,704
post_tweet,12249820,2343905557641980,704
post_tweet,10496315,2343905568209636,704
get_timeline,2114367,2343905570364123,704
follow,26677727,2343905597071084,704
get_timeline,850126,2343905597959579,704
post_tweet,9971089,2343905607983757,704
follow,9243918,2343905617289860,704
post_tweet,9546800,2343905626895806,704
get_timeline,1555391,2343905628480704,704
get_timeline,1102569,2343905629612086,704
post_tweet,6871078,2343905636519963,704
get_timeline,2296705,2343905638867782,704
post_tweet,10119244,2343905649034161,704
get_timeline,1023013,2343905650090700,704
get_timeline,1139761,2343905651277093,704
add_user,9387877,2343905660710077,704
get_timeline,1667349,2343905662438429,704
get_timeline,1032875,2343905663523939,704
follow,7085426,2343905670656781,704
get_timeline,2201119,2343905672892544,704
add_user,10214429,2343905683164413,704
get_timeline,1506518,2343905684710558,704
post_tweet,11313811,2343905696075426,704
get_timeline,1352813,2343905697507382,704
get_timeline,1759395,2343905699325186,704
get_timeline,1715711,2343905701077392,704
follow,4922186,2343905706050239,704
post_tweet,10399567,2343905716476662,704
get_timeline,1908028,2343905718440014,704
post_tweet,10767506,2343905729244782,704
post_tweet,10642007,2343905739920279,704
follow,10576808,2343905750528249,704
get_timeline,2102612,2343905752670519,704
add_user,4813981,2343905757531048,704
get_timeline,849529,2343905758416186,704
get_timeline,1269100,2343905759731514,704
get_timeline,1452047,2343905761222145,704
get_timeline,1347407,2343905762609573,704
post_tweet,9974233,2343905772622359,704
post_tweet,10291934,2343905782945295,704
get_timeline,2312404,2343905785301733,704
post_tweet,10912533,2343905796314833,704
get_timeline,2135468,2343905798506979,704
get_timeline,614107,2343905799151752,704
follow,7899308,2343905807079226,704
get_timeline,1447399,2343905808569737,704
get_timeline,1084848,2343905809688219,704
follow,7830814,2343905817552095,704
post_tweet,15210258,2343905832852916,704
post_tweet,9249954,2343905842167982,704
post_tweet,9736626,2343905851967801,704
get_timeline,1461907,2343905853458798,704
get_timeline,250518,2343905853738007,704
post_tweet,3703105,2343905857468139,704
post_tweet,2967449,2343905860460921,704
add_user,3903495,2343905864389245,704
post_tweet,6123394,2343905870546859,704
post_tweet,4824742,2343905875406534,704
#end,16,5127,704
