basic_appreq,1643962,28783430580353,336
basic_appreq,2685309,28783433357527,336
basic_appreq,2047445,28783435447968,336
basic_appreq,2005269,28783437493767,336
basic_appreq,2329433,28783439863308,336
basic_appreq,2042845,28783441942694,336
basic_appreq,2625007,28783444609750,336
basic_appreq,1552306,28783446208492,336
basic_appreq,2042412,28783448287842,336
basic_appreq,1534315,28783449868712,336
basic_appreq,1929391,28783451835655,336
basic_appreq,1999499,28783453871774,336
basic_appreq,1982637,28783455893811,336
basic_appreq,1441124,28783457378417,336
basic_appreq,1574475,28783458990283,336
basic_appreq,1804734,28783460831349,336
basic_appreq,2565544,28783463436334,336
basic_appreq,1964941,28783465443747,336
basic_appreq,1484533,28783466974767,336
basic_appreq,2262064,28783469273563,336
basic_appreq,2026685,28783471339276,336
basic_appreq,1807831,28783473185900,336
basic_appreq,2535972,28783475760028,336
basic_appreq,1746818,28783477550980,336
basic_appreq,2239672,28783479832385,336
basic_appreq,2038577,28783481906233,336
basic_appreq,2048097,28783483990984,336
basic_appreq,1960000,28783486012936,336
basic_appreq,2251673,28783488304546,336
basic_appreq,2517471,28783490862484,336
basic_appreq,2004944,28783492907107,336
basic_appreq,1698110,28783494652146,336
basic_appreq,2114523,28783496810232,336
basic_appreq,1588495,28783498448017,336
basic_appreq,1950950,28783500435799,336
basic_appreq,2228808,28783502704911,336
basic_appreq,2263050,28783505005197,336
basic_appreq,1982400,28783507026618,336
basic_appreq,1821691,28783508892171,336
basic_appreq,2210006,28783511144097,336
basic_appreq,2301958,28783513500054,336
basic_appreq,1934305,28783515474653,336
basic_appreq,1727134,28783517240851,336
basic_appreq,2432593,28783519711914,336
basic_appreq,1994614,28783521744860,336
basic_appreq,2146023,28783523945726,336
basic_appreq,1334587,28783525321488,336
basic_appreq,1687658,28783527055235,336
basic_appreq,2315122,28783529408119,336
basic_appreq,2319718,28783531770954,336
basic_appreq,2823357,28783534634077,336
basic_appreq,2490933,28783537166537,336
basic_appreq,1449689,28783538662497,336
basic_appreq,2098678,28783540804630,336
basic_appreq,2145107,28783542993026,336
basic_appreq,2212215,28783545241850,336
basic_appreq,2129620,28783547424643,336
basic_appreq,2222424,28783549683607,336
basic_appreq,2087134,28783551809869,336
basic_appreq,2281737,28783554128433,336
basic_appreq,2443087,28783556612176,336
basic_appreq,1886808,28783558542634,336
basic_appreq,2508720,28783561089477,336
basic_appreq,2340518,28783563472398,336
basic_appreq,1776746,28783565292686,336
basic_appreq,2262176,28783567597368,336
basic_appreq,2148506,28783569784441,336
basic_appreq,2352662,28783572178784,336
basic_appreq,2644409,28783574880430,336
basic_appreq,1532137,28783576453922,336
basic_appreq,1803576,28783578300269,336
basic_appreq,2193429,28783580531925,336
basic_appreq,2639907,28783583213476,336
basic_appreq,2612206,28783585869589,336
basic_appreq,2157123,28783588074520,336
basic_appreq,2554229,28783590675515,336
basic_appreq,1756711,28783592482449,336
basic_appreq,2851953,28783595382652,336
basic_appreq,2875800,28783598298531,336
basic_appreq,2366301,28783600704417,336
basic_appreq,2338288,28783603083536,336
basic_appreq,2281636,28783605404340,336
basic_appreq,2735194,28783608186347,336
basic_appreq,5288558,28783613516058,336
basic_appreq,1753833,28783615311663,336
basic_appreq,1917226,28783617269374,336
basic_appreq,2575050,28783619890535,336
basic_appreq,1712619,28783621646975,336
basic_appreq,2122276,28783623810962,336
basic_appreq,2038425,28783625888335,336
basic_appreq,1925856,28783627854636,336
basic_appreq,2322479,28783630215973,336
basic_appreq,2480393,28783632734743,336
basic_appreq,2350257,28783635127081,336
basic_appreq,1712003,28783636882404,336
basic_appreq,2770409,28783639690632,336
basic_appreq,2208587,28783641940609,336
basic_appreq,1811807,28783643798742,336
basic_appreq,2114300,28783645954160,336
basic_appreq,2693156,28783648694183,336
basic_appreq,1722365,28783650462044,336
basic_appreq,2240259,28783652745645,336
basic_appreq,2431157,28783655220845,336
basic_appreq,2196548,28783657477295,336
basic_appreq,2193439,28783659714858,336
basic_appreq,2878714,28783662638123,336
basic_appreq,2854844,28783665533644,336
basic_appreq,2722010,28783668302162,336
basic_appreq,2212905,28783670557261,336
basic_appreq,2468275,28783673069105,336
basic_appreq,2604376,28783675721524,336
basic_appreq,2203446,28783677966551,336
basic_appreq,2188993,28783680203403,336
basic_appreq,1880103,28783682130495,336
basic_appreq,2784029,28783684957601,336
basic_appreq,1249558,28783686253171,336
basic_appreq,2332527,28783688629167,336
basic_appreq,1679429,28783690353717,336
basic_appreq,2465699,28783692856799,336
basic_appreq,2328926,28783695226593,336
basic_appreq,2126069,28783697391006,336
basic_appreq,2563201,28783699993683,336
basic_appreq,2106528,28783702171186,336
basic_appreq,2355253,28783704567181,336
basic_appreq,2585755,28783707194177,336
basic_appreq,2423417,28783709657506,336
basic_appreq,2122578,28783711833618,336
basic_appreq,2515739,28783714400900,336
basic_appreq,1786854,28783716229969,336
basic_appreq,3152461,28783719444438,336
basic_appreq,2285575,28783721767757,336
basic_appreq,2073767,28783723880823,336
basic_appreq,2204627,28783726121838,336
basic_appreq,2131772,28783728298821,336
basic_appreq,2520003,28783730856770,336
basic_appreq,2428996,28783733327070,336
basic_appreq,2549001,28783735929242,336
basic_appreq,2831807,28783738804641,336
basic_appreq,1608590,28783740459767,336
basic_appreq,2300081,28783742803618,336
basic_appreq,2139411,28783744987021,336
basic_appreq,2187296,28783747218329,336
basic_appreq,2618699,28783749882221,336
basic_appreq,2429505,28783752358465,336
basic_appreq,1907763,28783754309847,336
basic_appreq,2332506,28783756682368,336
basic_appreq,2354961,28783759076843,336
basic_appreq,2375250,28783761488572,336
basic_appreq,2073831,28783763612585,336
basic_appreq,2582117,28783766239055,336
basic_appreq,2808215,28783769107969,336
basic_appreq,1263610,28783770413048,336
basic_appreq,2290475,28783772747078,336
basic_appreq,2193795,28783774986951,336
basic_appreq,2057034,28783777087511,336
basic_appreq,2259656,28783779388214,336
basic_appreq,2193066,28783781627609,336
basic_appreq,1772065,28783783445417,336
basic_appreq,2248363,28783785729099,336
basic_appreq,2617720,28783788384056,336
basic_appreq,2512760,28783790946950,336
basic_appreq,2223216,28783793215992,336
basic_appreq,1473947,28783794736599,336
basic_appreq,2284306,28783797064184,336
basic_appreq,1850495,28783798961762,336
basic_appreq,1940379,28783800944505,336
basic_appreq,2592897,28783803576290,336
basic_appreq,2817229,28783806431381,336
basic_appreq,2129148,28783808603159,336
basic_appreq,2047213,28783810696932,336
basic_appreq,2213997,28783812954665,336
basic_appreq,2247034,28783815242296,336
basic_appreq,1552050,28783816837911,336
basic_appreq,2426915,28783819311098,336
basic_appreq,1834078,28783821189086,336
basic_appreq,2282813,28783823514542,336
basic_appreq,2239011,28783825794815,336
basic_appreq,1909877,28783827749594,336
basic_appreq,2339310,28783830127274,336
basic_appreq,2963981,28783833134805,336
basic_appreq,2449445,28783835624393,336
basic_appreq,1702867,28783837370839,336
basic_appreq,2324858,28783839738119,336
basic_appreq,2324100,28783842103793,336
basic_appreq,1988470,28783844133349,336
basic_appreq,2665969,28783846837294,336
basic_appreq,2554634,28783849427826,336
basic_appreq,2171049,28783851637764,336
basic_appreq,2263237,28783853940873,336
basic_appreq,2522853,28783856503326,336
basic_appreq,2145658,28783858691129,336
basic_appreq,2389929,28783861121208,336
basic_appreq,2588592,28783863756230,336
basic_appreq,1621160,28783865420845,336
basic_appreq,2136138,28783867602727,336
basic_appreq,2187029,28783869830602,336
basic_appreq,2176383,28783872052471,336
basic_appreq,2165256,28783874265482,336
basic_appreq,2173917,28783876483091,336
basic_appreq,2057475,28783878587155,336
basic_appreq,2183172,28783880814277,336
basic_appreq,2571157,28783883432257,336
basic_appreq,2212623,28783885684717,336
basic_appreq,1892414,28783887618879,336
basic_appreq,2297889,28783889952440,336
basic_appreq,2151561,28783892154341,336
basic_appreq,2048324,28783894240625,336
basic_appreq,2296964,28783896583861,336
basic_appreq,2070456,28783898698117,336
basic_appreq,2273638,28783901012320,336
basic_appreq,2027229,28783903082205,336
basic_appreq,2193046,28783905315451,336
basic_appreq,2486051,28783907844246,336
basic_appreq,2377396,28783910265277,336
basic_appreq,2507165,28783912818748,336
basic_appreq,1592484,28783914457196,336
basic_appreq,2479970,28783916981399,336
basic_appreq,1493202,28783918526321,336
basic_appreq,2185883,28783920749445,336
basic_appreq,2200884,28783922991253,336
basic_appreq,2918112,28783925946910,336
basic_appreq,2372718,28783928358286,336
basic_appreq,2437364,28783930834366,336
basic_appreq,2146857,28783933021906,336
basic_appreq,2578951,28783935644048,336
basic_appreq,2482386,28783938165737,336
basic_appreq,2691047,28783940899771,336
basic_appreq,2528783,28783943483582,336
basic_appreq,1698321,28783945225632,336
basic_appreq,2606074,28783947874569,336
basic_appreq,2169886,28783950088226,336
basic_appreq,2138621,28783952273593,336
basic_appreq,2157732,28783954477680,336
basic_appreq,2003454,28783956521014,336
basic_appreq,2455532,28783959014952,336
basic_appreq,2075113,28783961126337,336
basic_appreq,2194606,28783963359259,336
basic_appreq,2384864,28783965790535,336
basic_appreq,1982681,28783967816640,336
basic_appreq,2341352,28783970202255,336
basic_appreq,2263968,28783972514098,336
basic_appreq,2571318,28783975131948,336
basic_appreq,2607237,28783977780329,336
basic_appreq,2135233,28783979959124,336
basic_appreq,2536260,28783982531861,336
basic_appreq,2772457,28783985350223,336
basic_appreq,1754052,28783987155181,336
basic_appreq,2435780,28783989630874,336
basic_appreq,2853614,28783992532042,336
basic_appreq,2707293,28783995282367,336
basic_appreq,2583560,28783997909821,336
basic_appreq,2163632,28784000113762,336
basic_appreq,2462851,28784002620226,336
basic_appreq,2600518,28784005264536,336
basic_appreq,2277580,28784007588152,336
basic_appreq,2395449,28784010027012,336
basic_appreq,1834663,28784011909634,336
basic_appreq,2548937,28784014511163,336
basic_appreq,2796707,28784017347106,336
basic_appreq,1966010,28784019363305,336
basic_appreq,2069771,28784021477520,336
basic_appreq,1774463,28784023298330,336
basic_appreq,2260575,28784025594137,336
basic_appreq,2529084,28784028165179,336
basic_appreq,2100182,28784030315614,336
basic_appreq,2855897,28784033215262,336
basic_appreq,2385749,28784035642852,336
basic_appreq,2535836,28784038218513,336
basic_appreq,2438760,28784040701042,336
basic_appreq,2044473,28784042788467,336
basic_appreq,2133612,28784044966199,336
basic_appreq,2547500,28784047556790,336
basic_appreq,1895460,28784049496631,336
basic_appreq,2170328,28784051714530,336
basic_appreq,2162763,28784053921978,336
basic_appreq,2280367,28784056252379,336
basic_appreq,2553228,28784058853168,336
basic_appreq,1897280,28784060795558,336
basic_appreq,3142836,28784063981224,336
basic_appreq,2397253,28784066440514,336
basic_appreq,2289267,28784068773703,336
basic_appreq,2341443,28784071156321,336
basic_appreq,3022836,28784074223000,336
basic_appreq,2204801,28784076472830,336
basic_appreq,2086813,28784078609326,336
basic_appreq,2415871,28784081069688,336
basic_appreq,2049198,28784083163020,336
basic_appreq,2279105,28784085482736,336
basic_appreq,2175129,28784087701669,336
basic_appreq,2089945,28784089830722,336
basic_appreq,2172904,28784092046457,336
basic_appreq,2163829,28784094254021,336
basic_appreq,2176035,28784096470597,336
basic_appreq,1807426,28784098317067,336
basic_appreq,2482478,28784100837433,336
basic_appreq,2619220,28784103503287,336
basic_appreq,1665354,28784105212854,336
basic_appreq,2295888,28784107554595,336
basic_appreq,2387673,28784109984484,336
basic_appreq,1823740,28784111856909,336
basic_appreq,2473458,28784114374045,336
basic_appreq,2259664,28784116675467,336
basic_appreq,2263340,28784118988075,336
basic_appreq,2144194,28784121171559,336
basic_appreq,2342120,28784123554491,336
basic_appreq,2149344,28784125743680,336
basic_appreq,2055799,28784127838453,336
basic_appreq,2411183,28784130286803,336
basic_appreq,2624315,28784132966493,336
basic_appreq,2346182,28784135367545,336
basic_appreq,2204401,28784137615714,336
basic_appreq,1874623,28784139536649,336
basic_appreq,2091948,28784141668240,336
basic_appreq,2433831,28784144143101,336
basic_appreq,2799415,28784146989804,336
basic_appreq,1213279,28784148243978,336
basic_appreq,2044955,28784150331797,336
basic_appreq,2193322,28784152566432,336
basic_appreq,2312924,28784154924204,336
basic_appreq,2550534,28784157515873,336
basic_appreq,2226826,28784159785684,336
basic_appreq,1967229,28784161792532,336
basic_appreq,2027048,28784163860552,336
basic_appreq,2593090,28784166493749,336
basic_appreq,2845519,28784169390189,336
basic_appreq,2155967,28784171585911,336
basic_appreq,2282743,28784173906559,336
basic_appreq,2023890,28784175977043,336
basic_appreq,2524347,28784178567346,336
basic_appreq,2065531,28784180681107,336
basic_appreq,2672973,28784183400355,336
basic_appreq,1355771,28784184800972,336
basic_appreq,1850984,28784186698219,336
basic_appreq,2246451,28784188981395,336
basic_appreq,2578124,28784191597641,336
basic_appreq,2208094,28784193847323,336
basic_appreq,2340145,28784196236701,336
basic_appreq,2304830,28784198584972,336
basic_appreq,2038376,28784200667217,336
basic_appreq,2434734,28784203147090,336
basic_appreq,1901234,28784205089260,336
basic_appreq,2309450,28784207442710,336
basic_appreq,2554764,28784210042801,336
basic_appreq,1506388,28784211605305,336
basic_appreq,2415887,28784214061404,336
basic_appreq,2092482,28784216199985,336
basic_appreq,2072094,28784218317589,336
basic_appreq,2450328,28784220811470,336
basic_appreq,1991669,28784222850470,336
basic_appreq,2651286,28784225544601,336
basic_appreq,2046004,28784227632596,336
basic_appreq,2244315,28784229913260,336
basic_appreq,2187428,28784232140394,336
basic_appreq,2205071,28784234385910,336
basic_appreq,2121176,28784236544804,336
basic_appreq,2184865,28784238785488,336
basic_appreq,2184449,28784241033820,336
basic_appreq,2689178,28784243763579,336
basic_appreq,1884290,28784245691383,336
basic_appreq,2349696,28784248078939,336
basic_appreq,2111082,28784250228080,336
basic_appreq,2784275,28784253048753,336
basic_appreq,2397698,28784255488111,336
basic_appreq,2027065,28784257554706,336
basic_appreq,2657582,28784260253478,336
basic_appreq,1686838,28784261986228,336
basic_appreq,2532847,28784264558367,336
basic_appreq,2008497,28784266615247,336
basic_appreq,2149962,28784268808618,336
basic_appreq,2174244,28784271028980,336
basic_appreq,2149898,28784273223028,336
basic_appreq,2161266,28784275432511,336
basic_appreq,1965985,28784277442183,336
basic_appreq,2324844,28784279802674,336
basic_appreq,2399933,28784282238127,336
basic_appreq,2604452,28784284886057,336
basic_appreq,2420684,28784287343686,336
basic_appreq,3032646,28784290419359,336
basic_appreq,2396119,28784292857884,336
basic_appreq,2257382,28784295159947,336
basic_appreq,1896132,28784297097394,336
basic_appreq,2156170,28784299297562,336
basic_appreq,2567059,28784301905455,336
basic_appreq,2674511,28784304620588,336
basic_appreq,2176234,28784306837549,336
basic_appreq,2282582,28784309163924,336
basic_appreq,2245222,28784311456096,336
basic_appreq,2058381,28784313557919,336
basic_appreq,2263668,28784315879673,336
basic_appreq,2267556,28784318191623,336
basic_appreq,2356825,28784320594305,336
basic_appreq,1457835,28784322096997,336
basic_appreq,2289309,28784324425074,336
basic_appreq,1897380,28784326365251,336
basic_appreq,1822198,28784328230850,336
basic_appreq,2615878,28784330885708,336
basic_appreq,2199689,28784333125315,336
basic_appreq,2287760,28784335455120,336
basic_appreq,2125847,28784337624213,336
basic_appreq,2647270,28784340309702,336
basic_appreq,2194924,28784342547222,336
basic_appreq,2368900,28784344951626,336
basic_appreq,1759402,28784346759795,336
basic_appreq,2654679,28784349457933,336
basic_appreq,1143111,28784350648488,336
basic_appreq,2425602,28784353114377,336
basic_appreq,2036819,28784355193227,336
basic_appreq,2212126,28784357444474,336
basic_appreq,2802179,28784360287930,336
basic_appreq,2246205,28784362577904,336
basic_appreq,2801633,28784365433017,336
basic_appreq,2389333,28784367871567,336
basic_appreq,1741895,28784369652657,336
basic_appreq,2103520,28784371800049,336
basic_appreq,2435549,28784374277567,336
basic_appreq,2623279,28784376948508,336
basic_appreq,2606934,28784379602867,336
basic_appreq,2117703,28784381764728,336
basic_appreq,1702194,28784383515046,336
basic_appreq,2356685,28784385908383,336
basic_appreq,2354578,28784388317683,336
basic_appreq,2489313,28784390853521,336
basic_appreq,2097114,28784392994587,336
basic_appreq,2899040,28784395936198,336
basic_appreq,2641655,28784398615069,336
basic_appreq,2655739,28784401311981,336
basic_appreq,1564446,28784402916104,336
basic_appreq,2268416,28784405226599,336
basic_appreq,2236745,28784407507230,336
basic_appreq,2286612,28784409838852,336
basic_appreq,2385729,28784412270448,336
basic_appreq,2000521,28784414316850,336
basic_appreq,1830254,28784416184124,336
basic_appreq,2417623,28784418638683,336
basic_appreq,2037584,28784420717015,336
basic_appreq,2231421,28784422987305,336
basic_appreq,2741068,28784425769976,336
basic_appreq,2142347,28784427955020,336
basic_appreq,1912752,28784429913024,336
basic_appreq,2638793,28784432595681,336
basic_appreq,2433397,28784435074572,336
basic_appreq,2634366,28784437752327,336
basic_appreq,1567363,28784439364762,336
basic_appreq,2177348,28784441586845,336
basic_appreq,3039279,28784444672937,336
basic_appreq,2788959,28784447515452,336
basic_appreq,2399294,28784449949743,336
basic_appreq,2342227,28784452329262,336
basic_appreq,2723861,28784455092036,336
basic_appreq,2225344,28784457354592,336
basic_appreq,2646272,28784460043377,336
basic_appreq,2542548,28784462632658,336
basic_appreq,1275895,28784463952960,336
basic_appreq,1846180,28784465838854,336
basic_appreq,2534353,28784468414072,336
basic_appreq,2136953,28784470592205,336
basic_appreq,2367746,28784473013074,336
basic_appreq,2015730,28784475075942,336
basic_appreq,2183090,28784477314550,336
basic_appreq,2285528,28784479645017,336
basic_appreq,2168435,28784481851502,336
basic_appreq,2250372,28784484141285,336
basic_appreq,2299583,28784486480506,336
basic_appreq,2162628,28784488694446,336
basic_appreq,2174813,28784490934616,336
basic_appreq,2638327,28784493609296,336
basic_appreq,2836908,28784496489478,336
basic_appreq,2629877,28784499160115,336
basic_appreq,1816098,28784501019558,336
basic_appreq,2692881,28784503762202,336
basic_appreq,1817842,28784505621329,336
basic_appreq,1595959,28784507264729,336
basic_appreq,2500473,28784509806767,336
basic_appreq,2090354,28784511939292,336
basic_appreq,2558524,28784514537206,336
basic_appreq,2182361,28784516765245,336
basic_appreq,2381307,28784519197097,336
basic_appreq,1189775,28784520428666,336
basic_appreq,2332484,28784522806915,336
basic_appreq,2789352,28784525638323,336
basic_appreq,1803565,28784527488645,336
basic_appreq,2798160,28784530324404,336
basic_appreq,2105286,28784532468886,336
basic_appreq,1921759,28784534431954,336
basic_appreq,2099234,28784536568651,336
basic_appreq,2109845,28784538719612,336
basic_appreq,2003923,28784540761207,336
basic_appreq,2618504,28784543420207,336
basic_appreq,1598974,28784545060219,336
basic_appreq,2195813,28784547299290,336
basic_appreq,2027165,28784549370424,336
basic_appreq,1901600,28784551315686,336
basic_appreq,2576606,28784553937490,336
basic_appreq,2075676,28784556053630,336
basic_appreq,2842251,28784558937764,336
basic_appreq,2681170,28784561655885,336
basic_appreq,2867785,28784564563746,336
basic_appreq,998659,28784565608307,336
basic_appreq,2134186,28784567783244,336
basic_appreq,2589022,28784570409781,336
basic_appreq,2109456,28784572560657,336
basic_appreq,2287290,28784574894325,336
basic_appreq,1863033,28784576815581,336
basic_appreq,2616463,28784579476228,336
basic_appreq,2257766,28784581773860,336
basic_appreq,2536433,28784584358399,336
basic_appreq,1264845,28784585668353,336
basic_appreq,2354691,28784588064019,336
basic_appreq,2242279,28784590356004,336
basic_appreq,2365059,28784592760827,336
basic_appreq,2417365,28784595225366,336
basic_appreq,2527294,28784597793179,336
basic_appreq,2237218,28784600076109,336
basic_appreq,1907851,28784602054253,336
basic_appreq,2001866,28784604094435,336
basic_appreq,2407753,28784606547841,336
basic_appreq,2091119,28784608677367,336
basic_appreq,2182548,28784610901771,336
basic_appreq,1361107,28784612318367,336
basic_appreq,1442852,28784613806694,336
basic_appreq,2367307,28784616208874,336
basic_appreq,1703890,28784617950810,336
basic_appreq,1954396,28784619949513,336
basic_appreq,1675938,28784621669516,336
basic_appreq,2625949,28784624331014,336
basic_appreq,1356140,28784625732727,336
basic_appreq,1940575,28784627716660,336
basic_appreq,1677541,28784629434271,336
basic_appreq,1670673,28784631151733,336
basic_appreq,2422786,28784633625903,336
basic_appreq,2127210,28784635806351,336
basic_appreq,2616437,28784638463099,336
basic_appreq,2048266,28784640556076,336
basic_appreq,1466011,28784642069399,336
basic_appreq,1872788,28784643976878,336
basic_appreq,2292665,28784646331328,336
basic_appreq,1801189,28784648188832,336
basic_appreq,2307756,28784650535611,336
basic_appreq,2347664,28784652921667,336
basic_appreq,2650051,28784655625875,336
basic_appreq,2237695,28784657903025,336
basic_appreq,1875023,28784659816619,336
basic_appreq,1871424,28784661725022,336
basic_appreq,2390349,28784664154511,336
basic_appreq,2511850,28784666708160,336
basic_appreq,1325206,28784668075372,336
basic_appreq,1737064,28784669862140,336
basic_appreq,2051169,28784671950781,336
basic_appreq,2166953,28784674155361,336
basic_appreq,2557651,28784676752386,336
basic_appreq,2381336,28784679185677,336
basic_appreq,2070485,28784681300561,336
basic_appreq,2126522,28784683469907,336
basic_appreq,2103189,28784685616674,336
basic_appreq,1470819,28784687129952,336
basic_appreq,2219999,28784689389667,336
basic_appreq,2368871,28784691801168,336
basic_appreq,1542684,28784693387467,336
basic_appreq,1951195,28784695387353,336
basic_appreq,2353749,28784697784836,336
basic_appreq,1407166,28784699239834,336
basic_appreq,2337913,28784701614205,336
basic_appreq,1794683,28784703451094,336
basic_appreq,1661133,28784705150975,336
basic_appreq,1971032,28784707157599,336
basic_appreq,2611220,28784709815845,336
basic_appreq,2239092,28784712091643,336
basic_appreq,2202902,28784714331350,336
basic_appreq,2304174,28784716679749,336
basic_appreq,1460662,28784718187879,336
basic_appreq,1905271,28784720133032,336
basic_appreq,2399550,28784722578428,336
basic_appreq,1564089,28784724182637,336
basic_appreq,2160216,28784726385476,336
basic_appreq,1875548,28784728303160,336
basic_appreq,2085258,28784730435300,336
basic_appreq,2826640,28784733302533,336
basic_appreq,2305974,28784735647847,336
basic_appreq,2205863,28784737892485,336
basic_appreq,1848850,28784739779035,336
basic_appreq,2202938,28784742020039,336
basic_appreq,1593986,28784743655214,336
basic_appreq,2015911,28784745708313,336
basic_appreq,1971974,28784747723178,336
basic_appreq,2104765,28784749875820,336
basic_appreq,1643696,28784751554243,336
basic_appreq,2042245,28784753630532,336
basic_appreq,1914271,28784755598302,336
basic_appreq,2348118,28784757983347,336
basic_appreq,2265730,28784760292822,336
basic_appreq,1631520,28784761963147,336
basic_appreq,1862215,28784763865470,336
basic_appreq,1972402,28784765877232,336
basic_appreq,2722781,28784768639076,336
basic_appreq,2446040,28784771126154,336
basic_appreq,1616789,28784772786840,336
basic_appreq,1546533,28784774380039,336
basic_appreq,2088657,28784776513581,336
basic_appreq,1821455,28784778379650,336
basic_appreq,2349140,28784780770123,336
basic_appreq,1425397,28784782242386,336
basic_appreq,1980937,28784784262815,336
basic_appreq,2312189,28784786611145,336
basic_appreq,2374902,28784789021989,336
basic_appreq,1935926,28784791004968,336
basic_appreq,1588453,28784792630605,336
basic_appreq,2241284,28784794923222,336
basic_appreq,1680086,28784796657817,336
basic_appreq,2009816,28784798715085,336
basic_appreq,2278111,28784801027625,336
basic_appreq,2144845,28784803208994,336
basic_appreq,2713979,28784805974932,336
basic_appreq,2237852,28784808259035,336
basic_appreq,1490624,28784809794866,336
basic_appreq,2291042,28784812130320,336
basic_appreq,2065501,28784814264456,336
basic_appreq,1604211,28784815912288,336
basic_appreq,2444320,28784818392976,336
basic_appreq,2437698,28784820875101,336
basic_appreq,2461873,28784823382738,336
basic_appreq,1540816,28784824966862,336
basic_appreq,1632831,28784826647175,336
basic_appreq,1819309,28784828506578,336
basic_appreq,2350003,28784830894348,336
basic_appreq,2234787,28784833181532,336
basic_appreq,1691614,28784834914753,336
basic_appreq,1859481,28784836825266,336
basic_appreq,2179181,28784839041993,336
basic_appreq,2226465,28784841302845,336
basic_appreq,2056945,28784843395129,336
basic_appreq,1938605,28784845375858,336
basic_appreq,2175451,28784847599635,336
basic_appreq,2643108,28784850287026,336
basic_appreq,1611955,28784851944732,336
basic_appreq,1460825,28784853449135,336
basic_appreq,2233070,28784855718249,336
basic_appreq,1946199,28784857705434,336
basic_appreq,2730416,28784860472171,336
basic_appreq,2418954,28784862926886,336
basic_appreq,2258454,28784865220102,336
basic_appreq,2449352,28784867711222,336
basic_appreq,2596772,28784870352212,336
basic_appreq,1456585,28784871857026,336
basic_appreq,1765075,28784873665393,336
basic_appreq,1726792,28784875437738,336
basic_appreq,2374999,28784877852965,336
basic_appreq,2155061,28784880049874,336
basic_appreq,2370580,28784882473374,336
basic_appreq,2380169,28784884892145,336
basic_appreq,1466210,28784886392994,336
basic_appreq,1504376,28784887941452,336
basic_appreq,2133138,28784890109034,336
basic_appreq,2140290,28784892293851,336
basic_appreq,2033089,28784894369483,336
basic_appreq,2419307,28784896828421,336
basic_appreq,2263159,28784899136916,336
basic_appreq,1795969,28784900976138,336
basic_appreq,2230289,28784903247055,336
basic_appreq,1770792,28784905061522,336
basic_appreq,1679247,28784906788796,336
basic_appreq,1861511,28784908693702,336
basic_appreq,2484069,28784911214297,336
basic_appreq,2912894,28784914167197,336
basic_appreq,2020034,28784916224505,336
basic_appreq,2473569,28784918736418,336
basic_appreq,2262601,28784921042467,336
basic_appreq,1940443,28784923030435,336
basic_appreq,1626766,28784924700838,336
basic_appreq,1946341,28784926698230,336
basic_appreq,2145574,28784928883535,336
basic_appreq,1959478,28784930883253,336
basic_appreq,1949685,28784932868684,336
basic_appreq,2280474,28784935195346,336
basic_appreq,1960758,28784937199660,336
basic_appreq,1623583,28784938869243,336
basic_appreq,2195674,28784941099290,336
basic_appreq,2134021,28784943270443,336
basic_appreq,2503702,28784945809059,336
basic_appreq,2089092,28784947935231,336
basic_appreq,1429998,28784949409155,336
basic_appreq,2144224,28784951597193,336
basic_appreq,2490475,28784954126683,336
basic_appreq,2516182,28784956697028,336
basic_appreq,1534761,28784958273627,336
basic_appreq,1849046,28784960165894,336
basic_appreq,2153538,28784962358835,336
basic_appreq,2274251,28784964686373,336
basic_appreq,2032326,28784966761906,336
basic_appreq,2307903,28784969104005,336
basic_appreq,2010215,28784971156989,336
basic_appreq,1770501,28784972971202,336
basic_appreq,2437755,28784975454046,336
basic_appreq,1579394,28784977074095,336
basic_appreq,2025136,28784979138388,336
basic_appreq,2415822,28784981591392,336
basic_appreq,1988218,28784983618377,336
basic_appreq,1907804,28784985569669,336
basic_appreq,1999418,28784987611613,336
basic_appreq,1913352,28784989565194,336
basic_appreq,2000419,28784991605335,336
basic_appreq,1922944,28784993564772,336
basic_appreq,1434997,28784995050444,336
basic_appreq,1724112,28784996818877,336
basic_appreq,2401402,28784999256036,336
basic_appreq,2303272,28785001593288,336
basic_appreq,2385007,28785004019898,336
basic_appreq,1553040,28785005617896,336
basic_appreq,2209302,28785007871221,336
basic_appreq,1360829,28785009288458,336
basic_appreq,2179347,28785011504493,336
basic_appreq,1975398,28785013515280,336
basic_appreq,2299670,28785015851634,336
basic_appreq,2092791,28785017980507,336
basic_appreq,2185975,28785020207511,336
basic_appreq,2649757,28785022904462,336
basic_appreq,1513310,28785024461737,336
basic_appreq,1849585,28785026358628,336
basic_appreq,2041814,28785028462104,336
basic_appreq,2280675,28785030789876,336
basic_appreq,1648401,28785032482200,336
basic_appreq,1749412,28785034274364,336
basic_appreq,2031612,28785036341583,336
basic_appreq,2360488,28785038743390,336
basic_appreq,1798552,28785040585749,336
basic_appreq,1931584,28785042563275,336
basic_appreq,2327119,28785044924717,336
basic_appreq,1539162,28785046511223,336
basic_appreq,2080198,28785048631131,336
basic_appreq,2219175,28785050890007,336
basic_appreq,2338635,28785053268136,336
basic_appreq,2411441,28785055724919,336
basic_appreq,1770695,28785057534698,336
basic_appreq,1949259,28785059521915,336
basic_appreq,2064020,28785061620825,336
basic_appreq,2200046,28785063859111,336
basic_appreq,2413072,28785066308030,336
basic_appreq,1526714,28785067872733,336
basic_appreq,1452074,28785069369179,336
basic_appreq,2340292,28785071747171,336
basic_appreq,1485331,28785073277364,336
basic_appreq,2561887,28785075876984,336
basic_appreq,2215198,28785078128916,336
basic_appreq,1641191,28785079818834,336
basic_appreq,1438173,28785081298787,336
basic_appreq,2533195,28785083869599,336
basic_appreq,2159253,28785086066068,336
basic_appreq,2503333,28785088613451,336
basic_appreq,1555514,28785090215525,336
basic_appreq,2191025,28785092443355,336
basic_appreq,1458740,28785093948718,336
basic_appreq,2283559,28785096272313,336
basic_appreq,2214969,28785098533501,336
basic_appreq,1515870,28785100092969,336
basic_appreq,2064818,28785102194941,336
basic_appreq,2219577,28785104453508,336
basic_appreq,1827630,28785106319505,336
basic_appreq,2160992,28785108516330,336
basic_appreq,2363754,28785110917770,336
basic_appreq,1712765,28785112670181,336
basic_appreq,1588355,28785114315122,336
basic_appreq,2178823,28785116529837,336
basic_appreq,1745166,28785118315524,336
basic_appreq,1675948,28785120027256,336
basic_appreq,2188627,28785122271387,336
basic_appreq,2403787,28785124710768,336
basic_appreq,1835834,28785126588569,336
basic_appreq,2039379,28785128663034,336
basic_appreq,2126786,28785130826504,336
basic_appreq,2310859,28785133175172,336
basic_appreq,2075471,28785135290694,336
basic_appreq,2078459,28785137412561,336
basic_appreq,2123700,28785139575445,336
basic_appreq,2236285,28785141848852,336
basic_appreq,1390503,28785143297208,336
basic_appreq,1594261,28785144935297,336
basic_appreq,2398932,28785147371831,336
basic_appreq,2586283,28785149994237,336
basic_appreq,2364889,28785152397268,336
basic_appreq,806449,28785153248987,336
basic_appreq,1837734,28785155120278,336
basic_appreq,1939174,28785157095297,336
basic_appreq,1992516,28785159125446,336
basic_appreq,2608539,28785161769764,336
basic_appreq,1966185,28785163779406,336
basic_appreq,2215901,28785166031061,336
basic_appreq,2526486,28785168607692,336
basic_appreq,1406458,28785170059402,336
basic_appreq,1959338,28785172062944,336
basic_appreq,1862517,28785173974125,336
basic_appreq,2183263,28785176201341,336
basic_appreq,1533664,28785177777986,336
basic_appreq,2076563,28785179902919,336
basic_appreq,1746350,28785181686344,336
basic_appreq,2353856,28785184081845,336
basic_appreq,2271374,28785186420173,336
basic_appreq,2203248,28785188662956,336
basic_appreq,1736307,28785190450942,336
basic_appreq,2197560,28785192682164,336
basic_appreq,2280926,28785195015098,336
basic_appreq,2870654,28785197929379,336
basic_appreq,2238146,28785200218509,336
basic_appreq,2332433,28785202589490,336
basic_appreq,1491684,28785204124712,336
basic_appreq,1770451,28785205938057,336
basic_appreq,1946380,28785207928192,336
basic_appreq,2115633,28785210080464,336
basic_appreq,2319563,28785212442164,336
basic_appreq,2016447,28785214507238,336
basic_appreq,2314096,28785216861126,336
basic_appreq,1382314,28785218285260,336
basic_appreq,2086091,28785220406666,336
basic_appreq,2408800,28785222858206,336
basic_appreq,2049606,28785224942473,336
basic_appreq,1829236,28785226822713,336
basic_appreq,1596500,28785228462611,336
basic_appreq,1614530,28785230119057,336
basic_appreq,2407824,28785232561253,336
basic_appreq,1485685,28785234089278,336
basic_appreq,1697954,28785235824877,336
basic_appreq,2020481,28785237879363,336
basic_appreq,2330192,28785240260924,336
basic_appreq,2224558,28785242522033,336
basic_appreq,1614373,28785244177707,336
basic_appreq,1532009,28785245755008,336
basic_appreq,2303119,28785248095930,336
basic_appreq,1860674,28785249996114,336
basic_appreq,1385350,28785251422412,336
basic_appreq,2297625,28785253772594,336
basic_appreq,1430734,28785255246402,336
basic_appreq,2286957,28785257566994,336
basic_appreq,1283489,28785258888212,336
basic_appreq,2652092,28785261583891,336
basic_appreq,1694579,28785263315466,336
basic_appreq,2046602,28785265397454,336
basic_appreq,1938885,28785267378706,336
basic_appreq,2291495,28785269712516,336
basic_appreq,1513087,28785271272507,336
basic_appreq,1846251,28785273158444,336
basic_appreq,1600051,28785274798815,336
basic_appreq,2452806,28785277288170,336
basic_appreq,2355873,28785279685232,336
basic_appreq,1401241,28785281142413,336
basic_appreq,2030824,28785283219813,336
basic_appreq,1582353,28785284839347,336
basic_appreq,2672711,28785287547405,336
basic_appreq,2304064,28785289885669,336
basic_appreq,1414438,28785291337301,336
basic_appreq,1907524,28785293285504,336
basic_appreq,1666597,28785294995356,336
basic_appreq,2495504,28785297529350,336
basic_appreq,1558550,28785299132398,336
basic_appreq,1898370,28785301072139,336
basic_appreq,2223312,28785303335869,336
basic_appreq,2441881,28785305818891,336
basic_appreq,1293719,28785307158772,336
basic_appreq,1638672,28785308835005,336
basic_appreq,2508880,28785311378627,336
basic_appreq,2655694,28785314068566,336
basic_appreq,2480423,28785316586129,336
basic_appreq,2529582,28785319152851,336
basic_appreq,1367862,28785320559848,336
basic_appreq,1670246,28785322275100,336
basic_appreq,2077984,28785324388633,336
basic_appreq,1864300,28785326291054,336
basic_appreq,1952646,28785328279137,336
basic_appreq,1961542,28785330280964,336
basic_appreq,2612806,28785332932584,336
basic_appreq,2393531,28785335366267,336
basic_appreq,1383726,28785336791216,336
basic_appreq,1961134,28785338792270,336
basic_appreq,2096097,28785340923538,336
basic_appreq,2659912,28785343626089,336
basic_appreq,2293710,28785345971500,336
basic_appreq,1649034,28785347659469,336
basic_appreq,1424644,28785349127500,336
basic_appreq,2621286,28785351786532,336
basic_appreq,757260,28785352587385,336
basic_appreq,1894555,28785354517257,336
basic_appreq,1993828,28785356546528,336
basic_appreq,1683324,28785358279378,336
basic_appreq,1460466,28785359783120,336
basic_appreq,1999892,28785361819068,336
basic_appreq,2347285,28785364205708,336
basic_appreq,2902305,28785367157365,336
basic_appreq,992249,28785368188662,336
basic_appreq,1643789,28785369873165,336
basic_appreq,2463298,28785372375539,336
basic_appreq,2013453,28785374426954,336
basic_appreq,1804551,28785376273468,336
basic_appreq,1560072,28785377881152,336
basic_appreq,2469008,28785380393648,336
basic_appreq,1344868,28785381788752,336
basic_appreq,2011523,28785383839479,336
basic_appreq,1858932,28785385741897,336
basic_appreq,2530992,28785388312690,336
basic_appreq,1978835,28785390332197,336
basic_appreq,2522590,28785392890284,336
basic_appreq,2563776,28785395497195,336
basic_appreq,1000917,28785396541443,336
basic_appreq,1901355,28785398490335,336
basic_appreq,2366170,28785400890235,336
basic_appreq,2030791,28785402975794,336
basic_appreq,1815306,28785404832631,336
basic_appreq,2033595,28785406906465,336
basic_appreq,1369055,28785408316499,336
basic_appreq,1964540,28785410328016,336
basic_appreq,2690174,28785413058247,336
basic_appreq,2054825,28785415154446,336
basic_appreq,2283659,28785417476034,336
basic_appreq,2429415,28785419947275,336
basic_appreq,1351889,28785421343238,336
basic_appreq,1636280,28785423025395,336
basic_appreq,2056473,28785425115108,336
basic_appreq,2415822,28785427574301,336
basic_appreq,687989,28785428298279,336
basic_appreq,2369503,28785430700794,336
basic_appreq,2398957,28785433136954,336
basic_appreq,1942196,28785435119174,336
basic_appreq,2465465,28785437622512,336
basic_appreq,2281029,28785439949956,336
basic_appreq,1526511,28785441520610,336
basic_appreq,1816271,28785443381289,336
basic_appreq,2459003,28785445896321,336
basic_appreq,1900409,28785447836149,336
basic_appreq,2028889,28785449902721,336
basic_appreq,2321168,28785452267116,336
basic_appreq,2083080,28785454393220,336
basic_appreq,1847008,28785456287699,336
basic_appreq,2008652,28785458336614,336
basic_appreq,2573141,28785460945339,336
basic_appreq,2408326,28785463398474,336
basic_appreq,1535474,28785464968782,336
basic_appreq,2102379,28785467107881,336
basic_appreq,1661923,28785468814019,336
basic_appreq,2066229,28785470918931,336
basic_appreq,2390988,28785473348217,336
basic_appreq,1655750,28785475062097,336
basic_appreq,2558372,28785477661368,336
basic_appreq,2419795,28785480120289,336
basic_appreq,1624575,28785481788947,336
basic_appreq,1711942,28785483544301,336
basic_appreq,1805381,28785485393666,336
basic_appreq,2272582,28785487708493,336
basic_appreq,1246267,28785488998539,336
basic_appreq,1622105,28785490667115,336
basic_appreq,2136881,28785492840304,336
basic_appreq,2113639,28785494991645,336
basic_appreq,2258285,28785497285354,336
basic_appreq,1523784,28785498867968,336
basic_appreq,2240079,28785501142018,336
basic_appreq,1871519,28785503049278,336
basic_appreq,1488771,28785504581258,336
basic_appreq,1646457,28785506267446,336
basic_appreq,2212734,28785508524484,336
basic_appreq,2602351,28785511163361,336
basic_appreq,2031674,28785513229001,336
basic_appreq,2570123,28785515838278,336
basic_appreq,1691140,28785517572706,336
basic_appreq,1967704,28785519588020,336
basic_appreq,1942207,28785521571379,336
basic_appreq,2079267,28785523694124,336
basic_appreq,1304510,28785525054357,336
basic_appreq,2073182,28785527169952,336
basic_appreq,2886011,28785530100238,336
basic_appreq,2336716,28785532489419,336
basic_appreq,2148116,28785534673957,336
basic_appreq,2203902,28785536921348,336
basic_appreq,1984375,28785538948840,336
basic_appreq,1700232,28785540692903,336
basic_appreq,2051310,28785542781626,336
basic_appreq,2179068,28785544999547,336
basic_appreq,1721346,28785546765607,336
basic_appreq,2546418,28785549347428,336
basic_appreq,1561021,28785550949679,336
basic_appreq,1790357,28785552784347,336
basic_appreq,2155146,28785554976647,336
basic_appreq,2214021,28785557228203,336
basic_appreq,1533755,28785558802947,336
basic_appreq,1929290,28785560766741,336
basic_appreq,1868493,28785562671579,336
basic_appreq,2288611,28785564997513,336
basic_appreq,1979365,28785567020145,336
basic_appreq,2175266,28785569234943,336
basic_appreq,2336730,28785571617223,336
basic_appreq,2272294,28785573933179,336
basic_appreq,1176530,28785575150379,336
basic_appreq,2190660,28785577385306,336
basic_appreq,1497501,28785578928716,336
basic_appreq,2097023,28785581061301,336
basic_appreq,1590323,28785582687994,336
basic_appreq,2533588,28785585256035,336
basic_appreq,2218304,28785587509867,336
basic_appreq,2363042,28785589906565,336
basic_appreq,2550217,28785592493248,336
basic_appreq,2192602,28785594731825,336
basic_appreq,1545349,28785596316416,336
basic_appreq,2214805,28785598571235,336
basic_appreq,2101521,28785600716943,336
basic_appreq,2402898,28785603162687,336
basic_appreq,1622874,28785604828719,336
basic_appreq,2007227,28785606884242,336
basic_appreq,2213496,28785609142426,336
basic_appreq,1711311,28785610899230,336
basic_appreq,2236750,28785613171157,336
basic_appreq,1988198,28785615196512,336
basic_appreq,2281903,28785617529360,336
basic_appreq,1937180,28785619505594,336
basic_appreq,2111822,28785621653869,336
basic_appreq,2428344,28785624127888,336
basic_appreq,1651266,28785625825891,336
basic_appreq,1609081,28785627478507,336
basic_appreq,2033273,28785629555913,336
basic_appreq,1763272,28785631360636,336
basic_appreq,2064287,28785633463594,336
basic_appreq,2443232,28785635943529,336
basic_appreq,2515681,28785638495108,336
basic_appreq,2517802,28785641056896,336
basic_appreq,1827948,28785642928071,336
basic_appreq,1981382,28785644945365,336
basic_appreq,1900108,28785646886828,336
basic_appreq,1933872,28785648854323,336
basic_appreq,2016820,28785650906392,336
basic_appreq,1892678,28785652838505,336
basic_appreq,1870382,28785654746235,336
basic_appreq,1900039,28785656680458,336
basic_appreq,2158960,28785658913392,336
basic_appreq,1280303,28785660232723,336
basic_appreq,1737163,28785662010835,336
basic_appreq,1907478,28785663954843,336
basic_appreq,1539790,28785665530009,336
basic_appreq,2184843,28785667758795,336
basic_appreq,1645635,28785669450251,336
basic_appreq,1694134,28785671193833,336
basic_appreq,2162266,28785673390837,336
basic_appreq,1930907,28785675362444,336
basic_appreq,2531070,28785677937471,336
basic_appreq,2140002,28785680131619,336
basic_appreq,2403087,28785682593372,336
basic_appreq,1512687,28785684150551,336
basic_appreq,1890060,28785686086462,336
basic_appreq,1918578,28785688048550,336
basic_appreq,2289109,28785690380343,336
basic_appreq,2355087,28785692771990,336
basic_appreq,2313528,28785695126599,336
basic_appreq,2003788,28785697169584,336
basic_appreq,1748380,28785698964100,336
basic_appreq,2085570,28785701085492,336
basic_appreq,2059548,28785703190996,336
basic_appreq,2362334,28785705589131,336
basic_appreq,1973117,28785707599867,336
basic_appreq,2211543,28785709847543,336
basic_appreq,2340058,28785712232988,336
basic_appreq,1547917,28785713827677,336
basic_appreq,1989882,28785715853696,336
basic_appreq,1903877,28785717801701,336
basic_appreq,1932803,28785719774661,336
basic_appreq,2036377,28785721845956,336
basic_appreq,2188443,28785724069461,336
basic_appreq,1875630,28785725981464,336
basic_appreq,2446737,28785728465571,336
basic_appreq,1686386,28785730199412,336
basic_appreq,2267339,28785732500956,336
basic_appreq,2366587,28785734910295,336
basic_appreq,2699257,28785737650067,336
basic_appreq,1434970,28785739140872,336
basic_appreq,1475275,28785740659784,336
basic_appreq,2338544,28785743039643,336
basic_appreq,2444218,28785745522450,336
basic_appreq,2124090,28785747687801,336
basic_appreq,1506323,28785749237798,336
basic_appreq,2562777,28785751839246,336
basic_appreq,2514808,28785754394374,336
basic_appreq,1563065,28785755995148,336
basic_appreq,1444571,28785757504432,336
basic_appreq,2340936,28785759884811,336
basic_appreq,1308906,28785761233669,336
basic_appreq,2162244,28785763436973,336
basic_appreq,2012015,28785765493836,336
basic_appreq,2365704,28785767901037,336
basic_appreq,1677246,28785769622009,336
basic_appreq,2314759,28785771984696,336
basic_appreq,2141130,28785774192898,336
basic_appreq,2740152,28785776980231,336
basic_appreq,2317724,28785779335643,336
basic_appreq,2172563,28785781547700,336
basic_appreq,2120019,28785783706118,336
basic_appreq,2216781,28785785961838,336
basic_appreq,2645426,28785788652548,336
basic_appreq,2061206,28785790750494,336
basic_appreq,2092292,28785792879074,336
basic_appreq,2076025,28785794994861,336
basic_appreq,1907139,28785796945487,336
basic_appreq,1375713,28785798370470,336
basic_appreq,1878039,28785800292151,336
basic_appreq,2059084,28785802397931,336
basic_appreq,2189258,28785804626490,336
basic_appreq,1521987,28785806196496,336
basic_appreq,1999822,28785808231196,336
basic_appreq,2530096,28785810798972,336
basic_appreq,1930659,28785812766713,336
basic_appreq,2407313,28785815218057,336
basic_appreq,1583856,28785816841603,336
basic_appreq,1809233,28785818696236,336
basic_appreq,1797780,28785820533237,336
basic_appreq,1931814,28785822503895,336
basic_appreq,1977031,28785824515950,336
basic_appreq,1962418,28785826520544,336
basic_appreq,2164202,28785828720259,336
basic_appreq,2010174,28785830768763,336
basic_appreq,2032875,28785832845471,336
basic_appreq,2181202,28785835072232,336
basic_appreq,1651459,28785836767436,336
basic_appreq,2214647,28785839016955,336
basic_appreq,2125603,28785841176535,336
basic_appreq,1481431,28785842693731,336
basic_appreq,1993470,28785844723268,336
basic_appreq,2044994,28785846807409,336
basic_appreq,1938164,28785848779848,336
basic_appreq,2110741,28785850932980,336
basic_appreq,2024729,28785853001953,336
basic_appreq,1612573,28785854660052,336
basic_appreq,2215957,28785856911897,336
basic_appreq,2350771,28785859308452,336
basic_appreq,2542835,28785861891006,336
basic_appreq,2418419,28785864349000,336
basic_appreq,1500378,28785865895594,336
basic_appreq,2257444,28785868196654,336
basic_appreq,2121769,28785870376798,336
basic_appreq,1824095,28785872242125,336
basic_appreq,2009856,28785874297135,336
basic_appreq,2121149,28785876457559,336
basic_appreq,1942284,28785878440026,336
basic_appreq,1560949,28785880044540,336
basic_appreq,2051855,28785882148614,336
basic_appreq,2663418,28785884855927,336
basic_appreq,1031599,28785885942634,336
basic_appreq,2066590,28785888052757,336
basic_appreq,2348598,28785890455577,336
basic_appreq,2178418,28785892687284,336
basic_appreq,2022338,28785894746211,336
basic_appreq,2088859,28785896870368,336
basic_appreq,2397780,28785899304116,336
basic_appreq,1893321,28785901229640,336
basic_appreq,2315077,28785903582888,336
basic_appreq,2064276,28785905687281,336
basic_appreq,1440063,28785907170480,336
basic_appreq,2368512,28785909578357,336
basic_appreq,2346915,28785911963367,336
basic_appreq,1574212,28785913597408,336
basic_appreq,1743809,28785915388274,336
basic_appreq,2818635,28785918241588,336
basic_appreq,1979576,28785920273671,336
basic_appreq,2139330,28785922456983,336
basic_appreq,1970590,28785924466812,336
basic_appreq,2156870,28785926674421,336
basic_appreq,2009462,28785928728887,336
basic_appreq,2290859,28785931059561,336
basic_appreq,2612550,28785933716022,336
basic_appreq,1974833,28785935728030,336
basic_appreq,2254375,28785938037083,336
basic_appreq,1392180,28785939474529,336
basic_appreq,1680483,28785941198928,336
basic_appreq,2316471,28785943568875,336
basic_appreq,1970569,28785945580195,336
basic_appreq,2023586,28785947656775,336
basic_appreq,2501555,28785950193603,336
basic_appreq,2361474,28785952590916,336
basic_appreq,2053357,28785954687003,336
basic_appreq,2609436,28785957340259,336
basic_appreq,1681934,28785959068062,336
basic_appreq,2074079,28785961179067,336
basic_appreq,1499532,28785962727653,336
basic_appreq,2327987,28785965095123,336
basic_appreq,1738772,28785966872115,336
basic_appreq,1842611,28785968751230,336
basic_appreq,2155636,28785970948022,336
basic_appreq,1436964,28785972429094,336
basic_appreq,2107157,28785974574557,336
basic_appreq,2297909,28785976908538,336
basic_appreq,1401997,28785978357993,336
basic_appreq,2086334,28785980481892,336
basic_appreq,1577123,28785982104371,336
basic_appreq,1861643,28785984017692,336
basic_appreq,1917003,28785985976678,336
basic_appreq,2496540,28785988525855,336
basic_appreq,1945362,28785990507016,336
basic_appreq,2334860,28785992881779,336
basic_appreq,1495699,28785994418986,336
basic_appreq,1945575,28785996404055,336
basic_appreq,1964518,28785998421174,336
basic_appreq,1840280,28786000300350,336
basic_appreq,2013503,28786002351750,336
basic_appreq,1987029,28786004374471,336
basic_appreq,2364271,28786006780536,336
basic_appreq,1566714,28786008391279,336
basic_appreq,2256654,28786010686100,336
basic_appreq,2116121,28786012854349,336
basic_appreq,2092697,28786014991403,336
basic_appreq,2547536,28786017574252,336
basic_appreq,1519616,28786019136189,336
basic_appreq,1777055,28786020952079,336
basic_appreq,2106627,28786023113961,336
basic_appreq,2496153,28786025653595,336
basic_appreq,1103551,28786026799729,336
basic_appreq,2242856,28786029085904,336
basic_appreq,1997018,28786031126144,336
basic_appreq,2731279,28786033900805,336
basic_appreq,2051832,28786035987980,336
basic_appreq,1970455,28786038024501,336
basic_appreq,2370830,28786040440737,336
basic_appreq,1757134,28786042252191,336
basic_appreq,2081194,28786044370068,336
basic_appreq,1985235,28786046394213,336
basic_appreq,2071328,28786048507526,336
basic_appreq,1476288,28786050031789,336
basic_appreq,2383805,28786052450741,336
basic_appreq,1449287,28786053939059,336
basic_appreq,2074766,28786056048148,336
basic_appreq,2515104,28786058604173,336
basic_appreq,1492563,28786060141381,336
basic_appreq,1874616,28786062057012,336
basic_appreq,2292150,28786064387517,336
basic_appreq,1937634,28786066371404,336
basic_appreq,1755709,28786068170219,336
basic_appreq,1962293,28786070171681,336
basic_appreq,2123667,28786072333187,336
basic_appreq,2100447,28786074473269,336
basic_appreq,2132737,28786076643256,336
basic_appreq,1553911,28786078244233,336
basic_appreq,1821618,28786080119101,336
basic_appreq,1605382,28786081760427,336
basic_appreq,2339407,28786084134354,336
basic_appreq,2124750,28786086303029,336
basic_appreq,1577691,28786087924684,336
basic_appreq,2151292,28786090116791,336
basic_appreq,2519602,28786092682622,336
basic_appreq,1544660,28786094268554,336
basic_appreq,1757500,28786096069491,336
basic_appreq,2392280,28786098501031,336
basic_appreq,2203061,28786100740874,336
basic_appreq,1378223,28786102164940,336
basic_appreq,1900402,28786104102353,336
basic_appreq,1913898,28786106057224,336
basic_appreq,2435526,28786108530713,336
basic_appreq,1428740,28786110006903,336
basic_appreq,1632234,28786111681893,336
basic_appreq,2597708,28786114315083,336
basic_appreq,1963221,28786116320947,336
basic_appreq,2352251,28786118720231,336
basic_appreq,1132922,28786119891507,336
basic_appreq,2301061,28786122232263,336
basic_appreq,1812727,28786124090537,336
basic_appreq,1833927,28786125971195,336
basic_appreq,2177974,28786128184679,336
basic_appreq,2120115,28786130346898,336
basic_appreq,1157789,28786131538654,336
basic_appreq,2146526,28786133721866,336
basic_appreq,1144688,28786134909237,336
basic_appreq,2055272,28786137007644,336
basic_appreq,2009645,28786139063847,336
basic_appreq,1716936,28786140817602,336
basic_appreq,2073890,28786142926886,336
basic_appreq,1821978,28786144785314,336
basic_appreq,1726633,28786146553397,336
basic_appreq,2334125,28786148921071,336
basic_appreq,2069459,28786151045966,336
basic_appreq,1870057,28786152954868,336
basic_appreq,1970342,28786154973916,336
basic_appreq,2223385,28786157232906,336
basic_appreq,2153573,28786159429938,336
basic_appreq,2250364,28786161732038,336
basic_appreq,1647533,28786163421523,336
basic_appreq,1880945,28786165340463,336
basic_appreq,1552105,28786166933059,336
basic_appreq,1491884,28786168463108,336
basic_appreq,1958262,28786170469649,336
basic_appreq,2215765,28786172730620,336
basic_appreq,2504723,28786175283202,336
basic_appreq,2410084,28786177734494,336
basic_appreq,1443899,28786179218775,336
basic_appreq,2277214,28786181544898,336
basic_appreq,2164344,28786183747986,336
basic_appreq,1566688,28786185360105,336
basic_appreq,2216084,28786187628580,336
basic_appreq,1324179,28786189001490,336
basic_appreq,1956888,28786191002369,336
basic_appreq,2074470,28786193112871,336
basic_appreq,1618541,28786194779551,336
basic_appreq,2467826,28786197291781,336
basic_appreq,1943951,28786199271904,336
basic_appreq,2650806,28786201964157,336
basic_appreq,2393381,28786204413131,336
basic_appreq,1378925,28786205842060,336
basic_appreq,1970194,28786207853594,336
basic_appreq,2421151,28786210320031,336
basic_appreq,2309999,28786212674767,336
basic_appreq,2201980,28786214914716,336
basic_appreq,2167634,28786217118978,336
basic_appreq,1793897,28786218955360,336
basic_appreq,2118378,28786221111112,336
basic_appreq,1748107,28786222908451,336
basic_appreq,1833752,28786224787063,336
basic_appreq,2407478,28786227232366,336
basic_appreq,1485916,28786228762930,336
basic_appreq,2051274,28786230867583,336
basic_appreq,2403813,28786233316621,336
basic_appreq,1436487,28786234802864,336
basic_appreq,1660830,28786236508176,336
basic_appreq,1985740,28786238530655,336
basic_appreq,2424206,28786240992214,336
basic_appreq,1868317,28786242904801,336
basic_appreq,2252176,28786245197561,336
basic_appreq,1890728,28786247129808,336
basic_appreq,1981270,28786249149084,336
basic_appreq,2517493,28786251721847,336
basic_appreq,1929960,28786253690902,336
basic_appreq,1710940,28786255443882,336
basic_appreq,2076420,28786257571565,336
basic_appreq,1617192,28786259230984,336
basic_appreq,2019120,28786261287933,336
basic_appreq,2091140,28786263422143,336
basic_appreq,2739835,28786266206230,336
basic_appreq,1964228,28786268209138,336
basic_appreq,1743581,28786269994615,336
basic_appreq,2111360,28786272143393,336
basic_appreq,2312328,28786274498459,336
basic_appreq,1880030,28786276423057,336
basic_appreq,1713018,28786278182654,336
basic_appreq,2029756,28786280250297,336
basic_appreq,1749842,28786282048189,336
basic_appreq,2433091,28786284518327,336
basic_appreq,2101223,28786286659081,336
basic_appreq,1651467,28786288372153,336
basic_appreq,2053779,28786290467737,336
basic_appreq,2332613,28786292840781,336
basic_appreq,2232758,28786295115408,336
basic_appreq,1325656,28786296484361,336
basic_appreq,2823040,28786299350599,336
basic_appreq,2034873,28786301421188,336
basic_appreq,2100873,28786303559435,336
basic_appreq,2554784,28786306153256,336
basic_appreq,1886117,28786308079516,336
basic_appreq,2371574,28786310490576,336
basic_appreq,2294899,28786312841302,336
basic_appreq,1558887,28786314445599,336
basic_appreq,2003642,28786316502409,336
basic_appreq,2213753,28786318763356,336
basic_appreq,1530959,28786320338615,336
basic_appreq,1714185,28786322101157,336
basic_appreq,1980659,28786324117511,336
basic_appreq,2068682,28786326224824,336
basic_appreq,1700631,28786327961951,336
basic_appreq,2090882,28786330088430,336
basic_appreq,2445740,28786332576497,336
basic_appreq,2506805,28786335121306,336
basic_appreq,1510422,28786336675715,336
basic_appreq,2235682,28786338969421,336
basic_appreq,2113229,28786341126612,336
basic_appreq,2099724,28786343267050,336
basic_appreq,1576773,28786344888029,336
basic_appreq,2146876,28786347075494,336
basic_appreq,2320200,28786349431930,336
basic_appreq,2008875,28786351479488,336
basic_appreq,2031344,28786353554024,336
basic_appreq,1651797,28786355243992,336
basic_appreq,2216310,28786357496129,336
basic_appreq,1498683,28786359041947,336
basic_appreq,2024369,28786361100433,336
basic_appreq,2288246,28786363428864,336
basic_appreq,2356357,28786365820672,336
basic_appreq,1331363,28786367198420,336
basic_appreq,1949608,28786369191884,336
basic_appreq,1869183,28786371116604,336
basic_appreq,1593745,28786372754123,336
basic_appreq,1950356,28786374741082,336
basic_appreq,1850202,28786376626517,336
basic_appreq,1976264,28786378638384,336
basic_appreq,2079282,28786380752541,336
basic_appreq,2257410,28786383046665,336
basic_appreq,2546081,28786385627608,336
basic_appreq,2368735,28786388038936,336
basic_appreq,1530537,28786389618341,336
basic_appreq,2055403,28786391717647,336
basic_appreq,1936055,28786393697639,336
basic_appreq,2330508,28786396075044,336
basic_appreq,1867077,28786397988804,336
basic_appreq,2207690,28786400234625,336
basic_appreq,2759323,28786403031551,336
basic_appreq,2032175,28786405099645,336
basic_appreq,1878263,28786407020567,336
basic_appreq,2625604,28786409682697,336
basic_appreq,1928400,28786411665680,336
basic_appreq,2140174,28786413845152,336
basic_appreq,1566852,28786415461718,336
basic_appreq,2025905,28786417525936,336
basic_appreq,2198088,28786419770185,336
basic_appreq,1950239,28786421763937,336
basic_appreq,2023979,28786423828028,336
basic_appreq,2159863,28786426031348,336
basic_appreq,2063558,28786428135176,336
basic_appreq,2204370,28786430386670,336
basic_appreq,1567403,28786431998915,336
basic_appreq,2081921,28786434150033,336
basic_appreq,2217632,28786436408447,336
basic_appreq,1925894,28786438377746,336
basic_appreq,2389828,28786440802723,336
basic_appreq,1451202,28786442294891,336
basic_appreq,2099383,28786444436001,336
basic_appreq,2079687,28786446572617,336
basic_appreq,1529619,28786448145989,336
basic_appreq,1787961,28786449979605,336
basic_appreq,2066874,28786452082401,336
basic_appreq,2373041,28786454491666,336
basic_appreq,1201123,28786455743532,336
basic_appreq,2142901,28786457920617,336
basic_appreq,2399708,28786460366952,336
basic_appreq,1625483,28786462031090,336
basic_appreq,2053896,28786464124117,336
basic_appreq,2411733,28786466578201,336
basic_appreq,1458005,28786468075532,336
basic_appreq,1946171,28786470074387,336
basic_appreq,2152552,28786472266558,336
basic_appreq,2067682,28786474378773,336
basic_appreq,2183382,28786476606129,336
basic_appreq,1862755,28786478514028,336
basic_appreq,2093311,28786480641075,336
basic_appreq,2166043,28786482844178,336
basic_appreq,1767325,28786484649403,336
basic_appreq,1831288,28786486516686,336
basic_appreq,2595678,28786489145704,336
basic_appreq,1997872,28786491186459,336
basic_appreq,2379554,28786493603075,336
basic_appreq,2531411,28786496174756,336
basic_appreq,1559268,28786497778995,336
basic_appreq,2124111,28786499964334,336
basic_appreq,1376734,28786501412271,336
basic_appreq,2359874,28786503819425,336
basic_appreq,2473251,28786506329912,336
basic_appreq,2557255,28786508942696,336
basic_appreq,2035848,28786511015529,336
basic_appreq,1576811,28786512631288,336
basic_appreq,2259149,28786514931711,336
basic_appreq,1586929,28786516557494,336
basic_appreq,1761964,28786518359470,336
basic_appreq,1664575,28786520067988,336
basic_appreq,2179009,28786522284735,336
basic_appreq,2514598,28786524844063,336
basic_appreq,2043458,28786526932764,336
basic_appreq,1765655,28786528742137,336
basic_appreq,2332044,28786531114465,336
basic_appreq,2409316,28786533561726,336
basic_appreq,2499277,28786536120817,336
basic_appreq,1477648,28786537641057,336
basic_appreq,1781748,28786539462868,336
basic_appreq,1612292,28786541118516,336
basic_appreq,1815672,28786542970788,336
basic_appreq,1887469,28786544893735,336
basic_appreq,2265599,28786547196813,336
basic_appreq,1572222,28786548804546,336
basic_appreq,2192747,28786551034295,336
basic_appreq,2458234,28786553529211,336
basic_appreq,1490579,28786555066462,336
basic_appreq,2367166,28786557470036,336
basic_appreq,1582213,28786559100832,336
basic_appreq,2479907,28786561616640,336
basic_appreq,2016231,28786563671762,336
basic_appreq,1829584,28786565544778,336
basic_appreq,2513315,28786568099130,336
basic_appreq,2145064,28786570282107,336
basic_appreq,2322442,28786572644195,336
basic_appreq,1488575,28786574178808,336
basic_appreq,1962023,28786576180406,336
basic_appreq,1904284,28786578132070,336
basic_appreq,2165213,28786580336200,336
basic_appreq,2147152,28786582525012,336
basic_appreq,1761943,28786584326539,336
basic_appreq,2278884,28786586642914,336
basic_appreq,2382261,28786589064472,336
basic_appreq,2370878,28786591484592,336
basic_appreq,2452370,28786593975576,336
basic_appreq,1426608,28786595446060,336
basic_appreq,2227266,28786597717538,336
basic_appreq,1581799,28786599343909,336
basic_appreq,1998845,28786601380540,336
basic_appreq,2005049,28786603427232,336
basic_appreq,2038028,28786605504632,336
basic_appreq,2267831,28786607809572,336
basic_appreq,1967267,28786609813664,336
basic_appreq,2363569,28786612219489,336
basic_appreq,1518013,28786613784874,336
basic_appreq,1932641,28786615761629,336
basic_appreq,1975687,28786617772707,336
basic_appreq,1664257,28786619478800,336
basic_appreq,2298334,28786621812899,336
basic_appreq,1880183,28786623730023,336
basic_appreq,2250616,28786626014447,336
basic_appreq,2207316,28786628260731,336
basic_appreq,2380475,28786630679098,336
basic_appreq,1996143,28786632720801,336
basic_appreq,2046001,28786634832704,336
basic_appreq,2004420,28786636882635,336
basic_appreq,1877525,28786638817399,336
basic_appreq,1898162,28786640753862,336
basic_appreq,1825057,28786642623986,336
basic_appreq,1868035,28786644533691,336
basic_appreq,1959618,28786646537129,336
basic_appreq,1739440,28786648320431,336
basic_appreq,3283817,28786651649237,336
basic_appreq,2275342,28786653963339,336
basic_appreq,2602058,28786656615001,336
basic_appreq,2145884,28786658812013,336
basic_appreq,1997642,28786660844278,336
basic_appreq,2200026,28786663086787,336
basic_appreq,1962409,28786665103169,336
basic_appreq,1485235,28786666635471,336
basic_appreq,2046021,28786668722554,336
basic_appreq,1671277,28786670439068,336
basic_appreq,2564344,28786673038756,336
basic_appreq,2266972,28786675343547,336
basic_appreq,2418948,28786677802675,336
basic_appreq,1867631,28786679706603,336
basic_appreq,2292126,28786682031835,336
basic_appreq,1993727,28786684061774,336
basic_appreq,1501200,28786685610101,336
basic_appreq,1787224,28786687432191,336
basic_appreq,1189667,28786688667157,336
basic_appreq,1634481,28786690341540,336
basic_appreq,1975054,28786692351089,336
basic_appreq,2149216,28786694555092,336
basic_appreq,2534164,28786697122401,336
basic_appreq,2459903,28786699619802,336
basic_appreq,1757049,28786701416936,336
basic_appreq,1758640,28786703224453,336
basic_appreq,1673575,28786704942144,336
basic_appreq,2327561,28786707307617,336
basic_appreq,1664902,28786709007292,336
basic_appreq,2330941,28786711377056,336
basic_appreq,1998818,28786713433489,336
basic_appreq,2277484,28786715766131,336
basic_appreq,2185371,28786717989883,336
basic_appreq,1959315,28786719995443,336
basic_appreq,1375266,28786721442893,336
basic_appreq,2007752,28786723494664,336
basic_appreq,2679462,28786726218170,336
basic_appreq,2060268,28786728331787,336
basic_appreq,2292148,28786730674698,336
basic_appreq,1941798,28786732652132,336
basic_appreq,1568993,28786734259948,336
basic_appreq,1622763,28786735923596,336
basic_appreq,1697733,28786737661830,336
basic_appreq,2215013,28786739919028,336
basic_appreq,1601023,28786741563283,336
basic_appreq,1702787,28786743306398,336
basic_appreq,1906516,28786745247436,336
basic_appreq,1578676,28786746867331,336
basic_appreq,1977503,28786748879020,336
basic_appreq,2585736,28786751508716,336
basic_appreq,1994566,28786753544415,336
basic_appreq,2378765,28786755972837,336
basic_appreq,1347347,28786757393362,336
basic_appreq,1930080,28786759368925,336
basic_appreq,1945835,28786761358640,336
basic_appreq,1479565,28786762884668,336
basic_appreq,2456259,28786765376998,336
basic_appreq,1901250,28786767312021,336
basic_appreq,2025101,28786769388620,336
basic_appreq,2485453,28786771917122,336
basic_appreq,1916581,28786773867670,336
basic_appreq,2491101,28786776404597,336
basic_appreq,2391926,28786778838389,336
basic_appreq,1441421,28786780319758,336
basic_appreq,1946641,28786782305316,336
basic_appreq,2020754,28786784382117,336
basic_appreq,2439218,28786786859808,336
basic_appreq,2460926,28786789356363,336
basic_appreq,2653364,28786792053798,336
basic_appreq,1526674,28786793628489,336
basic_appreq,1607500,28786795279442,336
basic_appreq,2504208,28786797819002,336
basic_appreq,2479876,28786800336118,336
basic_appreq,1645846,28786802027310,336
basic_appreq,1908461,28786803977018,336
basic_appreq,1896857,28786805943650,336
basic_appreq,2308429,28786808293826,336
basic_appreq,2062364,28786810398906,336
basic_appreq,2058595,28786812497174,336
basic_appreq,1759885,28786814303291,336
basic_appreq,2466347,28786816809282,336
basic_appreq,2334910,28786819179295,336
basic_appreq,2576184,28786821789697,336
basic_appreq,2048897,28786823875700,336
basic_appreq,1415496,28786825335303,336
basic_appreq,2144984,28786827521366,336
basic_appreq,2438420,28786830003831,336
basic_appreq,1538938,28786831591150,336
basic_appreq,1918892,28786833551293,336
basic_appreq,2334034,28786835926295,336
basic_appreq,2315977,28786838279796,336
basic_appreq,1440028,28786839765251,336
basic_appreq,1768937,28786841578117,336
basic_appreq,2382713,28786843996283,336
basic_appreq,2360293,28786846437563,336
basic_appreq,2302283,28786848776093,336
basic_appreq,1559599,28786850375979,336
basic_appreq,1998924,28786852418501,336
basic_appreq,1585417,28786854050313,336
basic_appreq,2026568,28786856117749,336
basic_appreq,2533838,28786858690593,336
basic_appreq,1389784,28786860121483,336
basic_appreq,2251672,28786862412540,336
basic_appreq,1438175,28786863894297,336
basic_appreq,1953706,28786865882658,336
basic_appreq,2136981,28786868056295,336
basic_appreq,2352568,28786870457069,336
basic_appreq,1142568,28786871637235,336
basic_appreq,2527365,28786874207918,336
basic_appreq,1305149,28786875559293,336
basic_appreq,1852720,28786877447879,336
basic_appreq,1980730,28786879469468,336
basic_appreq,2303833,28786881808313,336
basic_appreq,1981966,28786883832163,336
basic_appreq,1970508,28786885846657,336
basic_appreq,2668392,28786888563063,336
basic_appreq,1956720,28786890560954,336
basic_appreq,2450258,28786893046333,336
basic_appreq,2372079,28786895456607,336
basic_appreq,1241369,28786896741200,336
basic_appreq,1739476,28786898525873,336
basic_appreq,2646856,28786901208565,336
basic_appreq,2529369,28786903775670,336
basic_appreq,2373182,28786906186612,336
basic_appreq,636054,28786906868241,336
basic_appreq,2229216,28786909131139,336
basic_appreq,2159663,28786911329139,336
basic_appreq,2019158,28786913384608,336
basic_appreq,988362,28786914413705,336
basic_appreq,1852208,28786916306127,336
basic_appreq,1843106,28786918190446,336
basic_appreq,2332836,28786920558794,336
basic_appreq,2141452,28786922754792,336
basic_appreq,1963389,28786924753648,336
basic_appreq,1969960,28786926770391,336
basic_appreq,2077604,28786928899032,336
basic_appreq,2415808,28786931352766,336
basic_appreq,2478190,28786933865384,336
basic_appreq,1131790,28786935043704,336
basic_appreq,2289092,28786937376565,336
basic_appreq,1484808,28786938900864,336
basic_appreq,2450462,28786941391153,336
basic_appreq,1058999,28786942489207,336
basic_appreq,2214384,28786944742893,336
basic_appreq,1875326,28786946659614,336
basic_appreq,2088687,28786948782661,336
basic_appreq,2235703,28786951059744,336
basic_appreq,2413599,28786953517277,336
basic_appreq,1277712,28786954833970,336
basic_appreq,1764579,28786956642051,336
basic_appreq,2090360,28786958769292,336
basic_appreq,1978773,28786960797192,336
basic_appreq,2122460,28786962957272,336
basic_appreq,2088799,28786965091546,336
basic_appreq,2540111,28786967674155,336
basic_appreq,1224232,28786968951560,336
basic_appreq,1813975,28786970803332,336
basic_appreq,1672609,28786972511381,336
basic_appreq,1909252,28786974457758,336
basic_appreq,1911709,28786976409826,336
basic_appreq,2293919,28786978741398,336
basic_appreq,2207467,28786980985832,336
basic_appreq,1760298,28786982802376,336
basic_appreq,2154099,28786984988735,336
basic_appreq,2049058,28786987071794,336
basic_appreq,1349068,28786988456928,336
basic_appreq,2180486,28786990685131,336
basic_appreq,1703589,28786992432260,336
basic_appreq,2080759,28786994559808,336
basic_appreq,2636407,28786997234150,336
basic_appreq,1914337,28786999187325,336
basic_appreq,1842242,28787001067126,336
basic_appreq,1992339,28787003098501,336
basic_appreq,2238378,28787005375269,336
basic_appreq,2229927,28787007641340,336
basic_appreq,2059867,28787009736193,336
basic_appreq,2427458,28787012200430,336
basic_appreq,2032990,28787014280540,336
basic_appreq,1448015,28787015769760,336
basic_appreq,1775288,28787017584275,336
basic_appreq,1951105,28787019578222,336
basic_appreq,1997051,28787021614687,336
basic_appreq,1650468,28787023309605,336
basic_appreq,2202807,28787025551403,336
basic_appreq,1789219,28787027388832,336
basic_appreq,2000147,28787029432259,336
basic_appreq,1840699,28787031311748,336
basic_appreq,2531565,28787033887658,336
basic_appreq,1949894,28787035874700,336
basic_appreq,2191201,28787038101874,336
basic_appreq,1113418,28787039257761,336
basic_appreq,1475759,28787040776935,336
basic_appreq,2571435,28787043390802,336
basic_appreq,1699302,28787045130972,336
basic_appreq,2247965,28787047420721,336
basic_appreq,1967007,28787049427806,336
basic_appreq,1581180,28787051055714,336
basic_appreq,2026184,28787053118762,336
basic_appreq,1928469,28787055088044,336
basic_appreq,1991064,28787057115459,336
basic_appreq,2132686,28787059285934,336
basic_appreq,2463615,28787061787611,336
basic_appreq,1997228,28787063821880,336
basic_appreq,2369772,28787066226868,336
basic_appreq,2237335,28787068502620,336
basic_appreq,2453079,28787071003386,336
basic_appreq,1579076,28787072626374,336
basic_appreq,1924010,28787074593402,336
basic_appreq,2061158,28787076694514,336
basic_appreq,2256778,28787078988082,336
basic_appreq,2337466,28787081363150,336
basic_appreq,1586142,28787083005668,336
basic_appreq,1767593,28787084814674,336
basic_appreq,2086778,28787086943813,336
basic_appreq,2203225,28787089186053,336
basic_appreq,1525114,28787090756119,336
basic_appreq,1912941,28787092714161,336
basic_appreq,1935083,28787094695140,336
basic_appreq,1769335,28787096507952,336
basic_appreq,1923557,28787098476792,336
basic_appreq,2037346,28787100551259,336
basic_appreq,2389628,28787102981393,336
basic_appreq,2113029,28787105130500,336
basic_appreq,2497749,28787107665018,336
basic_appreq,2332828,28787110037706,336
basic_appreq,1418887,28787111503092,336
basic_appreq,1802822,28787113344980,336
basic_appreq,1565986,28787114956615,336
basic_appreq,1958862,28787116950796,336
basic_appreq,2357688,28787119348767,336
basic_appreq,1938761,28787121324226,336
basic_appreq,2291077,28787123657077,336
basic_appreq,1869811,28787125570607,336
basic_appreq,1940987,28787127552845,336
basic_appreq,1953531,28787129559983,336
basic_appreq,2476531,28787132074373,336
basic_appreq,1956509,28787134072091,336
basic_appreq,2512261,28787136621488,336
basic_appreq,2150869,28787138815571,336
basic_appreq,1755727,28787140611330,336
basic_appreq,2287707,28787142938490,336
basic_appreq,2598222,28787145580701,336
basic_appreq,2519850,28787148141591,336
basic_appreq,1360014,28787149548353,336
basic_appreq,1891065,28787151482540,336
basic_appreq,1738790,28787153262404,336
basic_appreq,2484032,28787155787045,336
basic_appreq,1943169,28787157773174,336
basic_appreq,1908019,28787159724860,336
basic_appreq,1525092,28787161290472,336
basic_appreq,1548649,28787162878633,336
basic_appreq,1718616,28787164633887,336
basic_appreq,1845887,28787166521491,336
basic_appreq,1878375,28787168448897,336
basic_appreq,2027496,28787170514807,336
basic_appreq,1950673,28787172502617,336
basic_appreq,1711233,28787174271341,336
basic_appreq,1873878,28787176189361,336
basic_appreq,1864764,28787178104564,336
basic_appreq,1908468,28787180051148,336
basic_appreq,2480074,28787182572649,336
basic_appreq,2016492,28787184641132,336
basic_appreq,2184418,28787186865649,336
basic_appreq,2023875,28787188923934,336
basic_appreq,2304081,28787191270240,336
basic_appreq,1388521,28787192702186,336
basic_appreq,2292247,28787195045209,336
basic_appreq,2186949,28787197266929,336
basic_appreq,1299910,28787198609449,336
basic_appreq,2223514,28787200872696,336
basic_appreq,1498098,28787202417805,336
basic_appreq,2191145,28787204649666,336
basic_appreq,1851384,28787206544738,336
basic_appreq,1681983,28787208270230,336
basic_appreq,1645791,28787209953551,336
basic_appreq,2279844,28787212269036,336
basic_appreq,2027184,28787214332215,336
basic_appreq,2576589,28787216942806,336
basic_appreq,2093055,28787219073851,336
basic_appreq,1160282,28787220271332,336
basic_appreq,1512264,28787221843675,336
basic_appreq,1789645,28787223668298,336
basic_appreq,2179437,28787225882543,336
basic_appreq,2677598,28787228604064,336
basic_appreq,2033293,28787230679359,336
basic_appreq,2263156,28787232982181,336
basic_appreq,2443705,28787235471637,336
basic_appreq,1482444,28787237001229,336
basic_appreq,1935336,28787238981757,336
basic_appreq,1905024,28787240925648,336
basic_appreq,1991319,28787242956337,336
basic_appreq,2494153,28787245486951,336
basic_appreq,2148202,28787247681417,336
basic_appreq,2327271,28787250047862,336
basic_appreq,1603791,28787251697408,336
basic_appreq,2809785,28787254551209,336
basic_appreq,1597004,28787256186633,336
basic_appreq,1864027,28787258098703,336
basic_appreq,1648889,28787259791345,336
basic_appreq,2571879,28787262398208,336
basic_appreq,2191712,28787264628255,336
basic_appreq,1215372,28787265892325,336
basic_appreq,1852452,28787267785435,336
basic_appreq,2260136,28787270080980,336
basic_appreq,2046428,28787272169441,336
basic_appreq,2062701,28787274270085,336
basic_appreq,1779312,28787276092889,336
basic_appreq,1916148,28787278051265,336
basic_appreq,2274776,28787280373944,336
basic_appreq,2603617,28787283014212,336
basic_appreq,1954288,28787285003052,336
basic_appreq,2323401,28787287372341,336
basic_appreq,1361434,28787288770722,336
basic_appreq,2081911,28787290895727,336
basic_appreq,2753495,28787293683595,336
basic_appreq,1322391,28787295054610,336
basic_appreq,1869849,28787296969483,336
basic_appreq,1948830,28787298959700,336
basic_appreq,2012118,28787301007150,336
basic_appreq,1780731,28787302825332,336
basic_appreq,2075862,28787304936591,336
basic_appreq,2048761,28787307035257,336
basic_appreq,2146478,28787309216751,336
basic_appreq,2070295,28787311328339,336
basic_appreq,1986972,28787313351444,336
basic_appreq,1983088,28787315376839,336
basic_appreq,2222653,28787317639280,336
basic_appreq,2221743,28787319903675,336
basic_appreq,2338922,28787322286805,336
basic_appreq,2316785,28787324650977,336
basic_appreq,1409611,28787326107439,336
basic_appreq,2037687,28787328189197,336
basic_appreq,2152635,28787330388016,336
basic_appreq,1654557,28787332086971,336
basic_appreq,1836986,28787333962988,336
basic_appreq,2364467,28787336363378,336
basic_appreq,1967280,28787338372543,336
basic_appreq,2228491,28787340668081,336
basic_appreq,1986391,28787342712189,336
basic_appreq,1787154,28787344539057,336
basic_appreq,1872383,28787346448120,336
basic_appreq,2427826,28787348924227,336
basic_appreq,2089299,28787351051885,336
basic_appreq,1731321,28787352826719,336
basic_appreq,2141599,28787355005288,336
basic_appreq,2359799,28787357402040,336
basic_appreq,2183082,28787359627498,336
basic_appreq,1711598,28787361382299,336
basic_appreq,2153883,28787363573566,336
basic_appreq,2477966,28787366101292,336
basic_appreq,1587844,28787367730835,336
basic_appreq,1467286,28787369237069,336
basic_appreq,2358717,28787371633477,336
basic_appreq,1995823,28787373665379,336
basic_appreq,2256874,28787375968434,336
basic_appreq,1445683,28787377483284,336
basic_appreq,2005264,28787379536248,336
basic_appreq,2164962,28787381740164,336
basic_appreq,2296071,28787384079540,336
basic_appreq,2104078,28787386222114,336
basic_appreq,2215207,28787388473190,336
basic_appreq,1978602,28787390490187,336
basic_appreq,1995613,28787392529890,336
basic_appreq,1559602,28787394135532,336
basic_appreq,2090915,28787396262773,336
basic_appreq,2427864,28787398744115,336
basic_appreq,1172905,28787399954222,336
basic_appreq,1771356,28787401769311,336
basic_appreq,2095131,28787403903120,336
basic_appreq,1587640,28787405527966,336
basic_appreq,2581881,28787408149401,336
basic_appreq,1659728,28787409849867,336
basic_appreq,2352014,28787412246318,336
basic_appreq,2308886,28787414597129,336
basic_appreq,2125566,28787416763123,336
basic_appreq,2137629,28787418949507,336
basic_appreq,2016225,28787421010005,336
basic_appreq,2669493,28787423725684,336
basic_appreq,2581366,28787426343235,336
basic_appreq,2518921,28787428906950,336
basic_appreq,2451673,28787431398101,336
basic_appreq,1512404,28787432964418,336
basic_appreq,2009446,28787435021680,336
basic_appreq,1960791,28787437023771,336
basic_appreq,2624626,28787439687028,336
basic_appreq,2010638,28787441739416,336
basic_appreq,2174965,28787443955027,336
basic_appreq,1575851,28787445571869,336
basic_appreq,1630780,28787447247004,336
basic_appreq,2506240,28787449789478,336
basic_appreq,2211244,28787452038258,336
basic_appreq,1800289,28787453880350,336
basic_appreq,2206462,28787456129018,336
basic_appreq,2396690,28787458567670,336
basic_appreq,2462168,28787461065621,336
basic_appreq,1529789,28787462636072,336
basic_appreq,1651989,28787464332151,336
basic_appreq,1890046,28787466259757,336
basic_appreq,1863994,28787468159083,336
basic_appreq,1848986,28787470045062,336
basic_appreq,2148632,28787472230564,336
basic_appreq,1610975,28787473889872,336
basic_appreq,1884529,28787475813829,336
basic_appreq,2377897,28787478235825,336
basic_appreq,2716540,28787480994950,336
basic_appreq,2530952,28787483564577,336
basic_appreq,2269622,28787485879645,336
basic_appreq,1446411,28787487372986,336
basic_appreq,1872818,28787489291030,336
basic_appreq,1573964,28787490910300,336
basic_appreq,2549720,28787493495812,336
basic_appreq,1722266,28787495259762,336
basic_appreq,2205219,28787497504149,336
basic_appreq,1584289,28787499129539,336
basic_appreq,1917677,28787501082699,336
basic_appreq,2090134,28787503212198,336
basic_appreq,2277422,28787505529057,336
basic_appreq,1573750,28787507149319,336
basic_appreq,1882021,28787509066332,336
basic_appreq,2026087,28787511129831,336
basic_appreq,1911416,28787513078597,336
basic_appreq,2573512,28787515688600,336
basic_appreq,2306629,28787518030019,336
basic_appreq,2200749,28787520271016,336
basic_appreq,2444008,28787522757051,336
basic_appreq,966003,28787523767091,336
basic_appreq,1756395,28787525564108,336
basic_appreq,2095545,28787527698698,336
basic_appreq,2480349,28787530216649,336
basic_appreq,1522416,28787531785286,336
basic_appreq,1605855,28787533431953,336
basic_appreq,2161643,28787535632341,336
basic_appreq,1858140,28787537529388,336
basic_appreq,1919474,28787539486413,336
basic_appreq,1613265,28787541135596,336
basic_appreq,1965710,28787543139544,336
basic_appreq,2054084,28787545232617,336
basic_appreq,2378641,28787547650471,336
basic_appreq,2518232,28787550205684,336
basic_appreq,1325932,28787551582726,336
basic_appreq,1632290,28787553253297,336
basic_appreq,2464898,28787555754991,336
basic_appreq,2147279,28787557937594,336
basic_appreq,1516274,28787559496152,336
basic_appreq,1997626,28787561534406,336
basic_appreq,1954166,28787563542212,336
basic_appreq,2253297,28787565832753,336
basic_appreq,1998255,28787567874259,336
basic_appreq,1400364,28787569318405,336
basic_appreq,2112849,28787571471725,336
basic_appreq,1841601,28787573356645,336
basic_appreq,2247727,28787575642185,336
basic_appreq,1995087,28787577672355,336
basic_appreq,2271118,28787579985415,336
basic_appreq,2110216,28787582167431,336
basic_appreq,1391548,28787583605234,336
basic_appreq,1967451,28787585608687,336
basic_appreq,2105628,28787587756752,336
basic_appreq,2569037,28787590364803,336
basic_appreq,1532596,28787591940041,336
basic_appreq,1768188,28787593751942,336
basic_appreq,2018681,28787595809644,336
basic_appreq,1721208,28787597574920,336
basic_appreq,1895134,28787599508410,336
basic_appreq,1977301,28787601522809,336
basic_appreq,2084861,28787603645198,336
basic_appreq,2640895,28787606321358,336
basic_appreq,2004987,28787608364245,336
basic_appreq,2063628,28787610466448,336
basic_appreq,2372310,28787612879446,336
basic_appreq,2367323,28787615288616,336
basic_appreq,1471539,28787616799054,336
basic_appreq,2175089,28787619033431,336
basic_appreq,1390642,28787620465813,336
basic_appreq,2487575,28787622995647,336
basic_appreq,2180449,28787625216554,336
basic_appreq,2626947,28787627889336,336
basic_appreq,2193387,28787630121902,336
basic_appreq,2036056,28787632196097,336
basic_appreq,2397717,28787634636041,336
basic_appreq,1497842,28787636177443,336
basic_appreq,1420813,28787637641707,336
basic_appreq,2171771,28787639849400,336
basic_appreq,1940885,28787641825849,336
basic_appreq,1521505,28787643393557,336
basic_appreq,2015226,28787645448241,336
basic_appreq,1805348,28787647300106,336
basic_appreq,2364689,28787649700132,336
basic_appreq,2206212,28787651959387,336
basic_appreq,1385458,28787653381348,336
basic_appreq,1895514,28787655314929,336
basic_appreq,2342271,28787657696347,336
basic_appreq,1488714,28787659240415,336
basic_appreq,2325855,28787661601489,336
basic_appreq,1990321,28787663630691,336
basic_appreq,1987973,28787665659372,336
basic_appreq,2129458,28787667831414,336
basic_appreq,2402362,28787670273262,336
basic_appreq,1581101,28787671903651,336
basic_appreq,2391319,28787674331187,336
basic_appreq,1918576,28787676297084,336
basic_appreq,1941861,28787678285637,336
basic_appreq,1601578,28787679925933,336
basic_appreq,1942466,28787681904618,336
basic_appreq,2082159,28787684024008,336
basic_appreq,2295644,28787686368972,336
basic_appreq,1967377,28787688379814,336
basic_appreq,2872856,28787691300347,336
basic_appreq,1878187,28787693212741,336
basic_appreq,2063427,28787695311078,336
basic_appreq,2566774,28787697911568,336
basic_appreq,2094918,28787700054113,336
basic_appreq,1846685,28787701949506,336
basic_appreq,2690133,28787704694550,336
basic_appreq,2466601,28787707195642,336
basic_appreq,2066967,28787709296722,336
basic_appreq,2003043,28787711336824,336
basic_appreq,2277827,28787713653877,336
basic_appreq,1355810,28787715049823,336
basic_appreq,2041479,28787717140895,336
basic_appreq,2267236,28787719454998,336
basic_appreq,2560007,28787722058390,336
basic_appreq,1511946,28787723616951,336
basic_appreq,2156969,28787725813059,336
basic_appreq,1431779,28787727302836,336
basic_appreq,2526947,28787729865106,336
basic_appreq,2262433,28787732166026,336
basic_appreq,2399219,28787734604690,336
basic_appreq,740530,28787735388643,336
basic_appreq,2292757,28787737715425,336
basic_appreq,2072401,28787739824762,336
basic_appreq,2333016,28787742197502,336
basic_appreq,1438177,28787743682500,336
basic_appreq,2306477,28787746032405,336
basic_appreq,1877930,28787747952512,336
basic_appreq,2203929,28787750190741,336
basic_appreq,2492627,28787752729810,336
basic_appreq,1885743,28787754661872,336
basic_appreq,2148944,28787756851681,336
basic_appreq,1590415,28787758483328,336
basic_appreq,2071698,28787760595810,336
basic_appreq,2238073,28787762873959,336
basic_appreq,2536025,28787765494519,336
basic_appreq,1471599,28787767016384,336
basic_appreq,2073601,28787769126270,336
basic_appreq,2067309,28787771240513,336
basic_appreq,1972854,28787773262508,336
basic_appreq,2364113,28787775668867,336
basic_appreq,1611456,28787777324219,336
basic_appreq,1883441,28787779247948,336
basic_appreq,1712305,28787780997338,336
basic_appreq,2139880,28787783175318,336
basic_appreq,2296671,28787785521069,336
basic_appreq,2559840,28787788117335,336
basic_appreq,1450330,28787789603465,336
basic_appreq,1916651,28787791563509,336
basic_appreq,2418169,28787794018817,336
basic_appreq,2723218,28787796780875,336
basic_appreq,2019470,28787798839308,336
basic_appreq,2668933,28787801547596,336
basic_appreq,2176329,28787803762895,336
basic_appreq,2326311,28787806133608,336
basic_appreq,987041,28787807163087,336
basic_appreq,2081135,28787809282690,336
basic_appreq,1896753,28787811219796,336
basic_appreq,2313327,28787813571713,336
basic_appreq,2046639,28787815656197,336
basic_appreq,1938380,28787817630027,336
basic_appreq,2475076,28787820142271,336
basic_appreq,1511243,28787821696192,336
basic_appreq,2582624,28787824322654,336
basic_appreq,1959998,28787826318278,336
basic_appreq,1903772,28787828256829,336
basic_appreq,2027477,28787830326054,336
basic_appreq,2570396,28787832934663,336
basic_appreq,2013298,28787834993178,336
basic_appreq,2256616,28787837303389,336
basic_appreq,1384875,28787838734395,336
basic_appreq,2123445,28787840901511,336
basic_appreq,2465341,28787843413058,336
basic_appreq,2354861,28787845809087,336
basic_appreq,1928055,28787847793740,336
basic_appreq,2196675,28787850035774,336
basic_appreq,1737664,28787851821399,336
basic_appreq,1995737,28787853871947,336
basic_appreq,1983045,28787855904712,336
basic_appreq,2885672,28787858834166,336
basic_appreq,2262331,28787861133813,336
basic_appreq,2041456,28787863216874,336
basic_appreq,2411652,28787865668628,336
basic_appreq,1679562,28787867394120,336
basic_appreq,2172719,28787869610431,336
basic_appreq,1565754,28787871217826,336
basic_appreq,2481498,28787873734937,336
basic_appreq,2501085,28787876276217,336
basic_appreq,2222993,28787878538872,336
basic_appreq,1561495,28787880144267,336
basic_appreq,2068853,28787882256591,336
basic_appreq,2075586,28787884373493,336
basic_appreq,1585657,28787886003146,336
basic_appreq,2403781,28787888444809,336
basic_appreq,2554072,28787891038893,336
basic_appreq,1590546,28787892672848,336
basic_appreq,1856442,28787894575826,336
basic_appreq,2026694,28787896642163,336
basic_appreq,1860919,28787898546394,336
basic_appreq,1707355,28787900293395,336
basic_appreq,2125116,28787902470954,336
basic_appreq,1980569,28787904492525,336
basic_appreq,1953172,28787906485027,336
basic_appreq,2352593,28787908874894,336
basic_appreq,1972988,28787910883353,336
basic_appreq,1872515,28787912789136,336
basic_appreq,2474066,28787915306126,336
basic_appreq,2208234,28787917557990,336
basic_appreq,2288899,28787919883237,336
basic_appreq,1099163,28787921026622,336
basic_appreq,2024379,28787923090522,336
basic_appreq,2154286,28787925288667,336
basic_appreq,1766071,28787927099610,336
basic_appreq,2584131,28787929720336,336
basic_appreq,2278359,28787932040877,336
basic_appreq,1461484,28787933559530,336
basic_appreq,2042412,28787935641691,336
basic_appreq,2062892,28787937743651,336
basic_appreq,1528869,28787939313999,336
basic_appreq,1926103,28787941278414,336
basic_appreq,1681594,28787942996325,336
basic_appreq,2106594,28787945137255,336
basic_appreq,2307724,28787947482038,336
basic_appreq,1771106,28787949297198,336
basic_appreq,2011148,28787951347805,336
basic_appreq,1790566,28787953184006,336
basic_appreq,2601842,28787955823719,336
basic_appreq,1984022,28787957860750,336
basic_appreq,2576590,28787960484842,336
basic_appreq,2001934,28787962529744,336
basic_appreq,1529229,28787964102698,336
basic_appreq,2474226,28787966616051,336
basic_appreq,1554592,28787968214018,336
basic_appreq,1667352,28787969929648,336
basic_appreq,2127213,28787972091835,336
basic_appreq,2289462,28787974425711,336
basic_appreq,1391151,28787975860420,336
basic_appreq,1937492,28787977857342,336
basic_appreq,2075913,28787979975689,336
basic_appreq,1511394,28787981553137,336
basic_appreq,2660141,28787984248724,336
basic_appreq,2057216,28787986344522,336
basic_appreq,2404538,28787988789602,336
basic_appreq,1797775,28787990625430,336
basic_appreq,1833833,28787992499091,336
basic_appreq,2152234,28787994687117,336
basic_appreq,2236156,28787996955452,336
basic_appreq,1748118,28787998756182,336
basic_appreq,2511018,28788001302437,336
basic_appreq,1482067,28788002831864,336
basic_appreq,2118588,28788004984290,336
basic_appreq,2225426,28788007249533,336
basic_appreq,1522012,28788008815037,336
basic_appreq,2393464,28788011245836,336
basic_appreq,2136162,28788013422790,336
basic_appreq,1474560,28788014949895,336
basic_appreq,2312299,28788017298514,336
basic_appreq,2470599,28788019807726,336
basic_appreq,1725824,28788021573485,336
basic_appreq,2090625,28788023702133,336
basic_appreq,1697040,28788025437807,336
basic_appreq,2270002,28788027746258,336
basic_appreq,1894832,28788029685167,336
basic_appreq,1417213,28788031167226,336
basic_appreq,2080493,28788033282947,336
basic_appreq,2370743,28788035697841,336
basic_appreq,1391335,28788037128548,336
basic_appreq,2266320,28788039449699,336
basic_appreq,1388033,28788040873924,336
basic_appreq,2064574,28788042988371,336
basic_appreq,1675741,28788044707419,336
basic_appreq,2327979,28788047078147,336
basic_appreq,1924463,28788049038454,336
basic_appreq,2300241,28788051378766,336
basic_appreq,2355032,28788053770532,336
basic_appreq,862117,28788054678271,336
basic_appreq,1991560,28788056703659,336
basic_appreq,1914054,28788058654386,336
basic_appreq,2037273,28788060727824,336
basic_appreq,2285997,28788063050648,336
basic_appreq,2307553,28788065393819,336
basic_appreq,1988412,28788067419191,336
basic_appreq,2673370,28788070136278,336
basic_appreq,1862523,28788072040659,336
basic_appreq,1481920,28788073564659,336
basic_appreq,1466294,28788075076307,336
basic_appreq,1911831,28788077025144,336
basic_appreq,1680519,28788078748660,336
basic_appreq,2146472,28788080930082,336
basic_appreq,2358283,28788083330114,336
basic_appreq,2597207,28788085967251,336
basic_appreq,1627839,28788087637663,336
basic_appreq,2048444,28788089725767,336
basic_appreq,1796731,28788091563420,336
basic_appreq,2220645,28788093820836,336
basic_appreq,1407058,28788095272155,336
basic_appreq,2002927,28788097314409,336
basic_appreq,1871860,28788099232664,336
basic_appreq,2065500,28788101341604,336
basic_appreq,2345555,28788103732525,336
basic_appreq,2500369,28788106272914,336
basic_appreq,2122027,28788108432091,336
basic_appreq,1704301,28788110175410,336
basic_appreq,2654243,28788112862948,336
basic_appreq,1655275,28788114557103,336
basic_appreq,1602944,28788116193833,336
basic_appreq,2298211,28788118527786,336
basic_appreq,1666409,28788120238312,336
basic_appreq,1568485,28788121854811,336
basic_appreq,2486082,28788124378519,336
basic_appreq,2351920,28788126770009,336
basic_appreq,2506920,28788129316763,336
basic_appreq,2227996,28788131589798,336
basic_appreq,1914553,28788133541029,336
basic_appreq,1477828,28788135065342,336
basic_appreq,2003221,28788137107586,336
basic_appreq,2395054,28788139548839,336
basic_appreq,2187056,28788141791733,336
basic_appreq,1392372,28788143243158,336
basic_appreq,1895092,28788145182074,336
basic_appreq,1968450,28788147197199,336
basic_appreq,1934027,28788149174855,336
basic_appreq,2069629,28788151289959,336
basic_appreq,2454586,28788153788000,336
basic_appreq,2687779,28788156513616,336
basic_appreq,1962830,28788158514137,336
basic_appreq,2273217,28788160820730,336
basic_appreq,1993863,28788162851482,336
basic_appreq,1847724,28788164733180,336
basic_appreq,2005559,28788166774406,336
basic_appreq,1844372,28788168652475,336
basic_appreq,1831127,28788170520723,336
basic_appreq,2223118,28788172781620,336
basic_appreq,2056119,28788174877057,336
basic_appreq,2312449,28788177225365,336
basic_appreq,1514574,28788178779290,336
basic_appreq,2111619,28788180931068,336
basic_appreq,1810153,28788182779973,336
basic_appreq,1978053,28788184793955,336
basic_appreq,1659675,28788186491879,336
basic_appreq,2421545,28788188964004,336
basic_appreq,1814679,28788190822285,336
basic_appreq,1752524,28788192618269,336
basic_appreq,2062367,28788194721337,336
basic_appreq,1965260,28788196726910,336
basic_appreq,2299481,28788199080039,336
basic_appreq,1675641,28788200793448,336
basic_appreq,2195159,28788203023633,336
basic_appreq,2505483,28788205564102,336
basic_appreq,1655273,28788207264549,336
basic_appreq,2048225,28788209354537,336
basic_appreq,2228851,28788211619602,336
basic_appreq,1461360,28788213118655,336
basic_appreq,2056972,28788215219159,336
basic_appreq,2510015,28788217770875,336
basic_appreq,1515065,28788219331530,336
basic_appreq,1762657,28788221136060,336
basic_appreq,2560637,28788223736810,336
basic_appreq,2262273,28788226051285,336
basic_appreq,2101521,28788228198576,336
basic_appreq,2470820,28788230716110,336
basic_appreq,1937599,28788232704976,336
basic_appreq,2323537,28788235087197,336
basic_appreq,2294974,28788237419606,336
basic_appreq,1597225,28788239063087,336
basic_appreq,1772991,28788240879677,336
basic_appreq,1734099,28788242659355,336
basic_appreq,2012652,28788244706044,336
basic_appreq,2004340,28788246752510,336
basic_appreq,2611050,28788249403780,336
basic_appreq,1726000,28788251179023,336
basic_appreq,2162860,28788253385498,336
basic_appreq,1578220,28788255011253,336
basic_appreq,2112209,28788257160755,336
basic_appreq,2112870,28788259313416,336
basic_appreq,1939167,28788261287449,336
basic_appreq,2048774,28788263376041,336
basic_appreq,1937427,28788265348150,336
basic_appreq,2147819,28788267532428,336
basic_appreq,2407730,28788269977842,336
basic_appreq,1502014,28788271525905,336
basic_appreq,1964651,28788273529731,336
basic_appreq,2133107,28788275708995,336
basic_appreq,1929643,28788277678469,336
basic_appreq,2531273,28788280247146,336
basic_appreq,2317584,28788282604019,336
basic_appreq,2171088,28788284810801,336
basic_appreq,1650365,28788286510028,336
basic_appreq,2343624,28788288890631,336
basic_appreq,2810913,28788291751795,336
basic_appreq,1944737,28788293737084,336
basic_appreq,1779425,28788295562170,336
basic_appreq,2029382,28788297628515,336
basic_appreq,2455954,28788300129276,336
basic_appreq,1598244,28788301775256,336
basic_appreq,1650987,28788303469919,336
basic_appreq,2451982,28788305959971,336
basic_appreq,2069553,28788308068045,336
basic_appreq,2005489,28788310115759,336
basic_appreq,1780336,28788311934572,336
basic_appreq,2567891,28788314538157,336
basic_appreq,2052834,28788316628321,336
basic_appreq,1998743,28788318673509,336
basic_appreq,2029555,28788320744186,336
basic_appreq,2253331,28788323035961,336
basic_appreq,1225554,28788324300701,336
basic_appreq,1357500,28788325696413,336
basic_appreq,1853303,28788327586685,336
basic_appreq,1951346,28788329577592,336
basic_appreq,1281774,28788330907281,336
basic_appreq,1541844,28788332484425,336
basic_appreq,2414735,28788334936526,336
basic_appreq,2550031,28788337525404,336
basic_appreq,1372620,28788338939075,336
basic_appreq,1752101,28788340734669,336
basic_appreq,2019279,28788342788928,336
basic_appreq,2535910,28788345358255,336
basic_appreq,2076163,28788347469561,336
basic_appreq,2070379,28788349578906,336
basic_appreq,1481890,28788351119477,336
basic_appreq,2102701,28788353265757,336
basic_appreq,1709152,28788355020925,336
basic_appreq,2403926,28788357464985,336
basic_appreq,2187232,28788359694542,336
basic_appreq,2180098,28788361914056,336
basic_appreq,1803910,28788363764795,336
basic_appreq,1924471,28788365726093,336
basic_appreq,1937540,28788367715304,336
basic_appreq,2155556,28788369905141,336
basic_appreq,1772544,28788371723560,336
basic_appreq,2205375,28788373962944,336
basic_appreq,2049343,28788376050400,336
basic_appreq,2000409,28788378090191,336
basic_appreq,2072779,28788380197504,336
basic_appreq,1812248,28788382046463,336
basic_appreq,1582372,28788383672317,336
basic_appreq,1778546,28788385489699,336
basic_appreq,2355990,28788387884806,336
basic_appreq,2015974,28788389945369,336
basic_appreq,1859637,28788391851197,336
basic_appreq,1521946,28788393416938,336
basic_appreq,1847224,28788395302506,336
basic_appreq,2195854,28788397548903,336
basic_appreq,1831706,28788399421847,336
basic_appreq,2028725,28788401498150,336
basic_appreq,2738957,28788404289131,336
basic_appreq,2393786,28788406721463,336
basic_appreq,1988983,28788408746508,336
basic_appreq,2028071,28788410814232,336
basic_appreq,1553195,28788412406915,336
basic_appreq,2113250,28788414562340,336
basic_appreq,1249245,28788415849324,336
basic_appreq,2064540,28788417946984,336
basic_appreq,1137974,28788419123539,336
basic_appreq,2357901,28788421522473,336
basic_appreq,1808014,28788423374988,336
basic_appreq,2321832,28788425732172,336
basic_appreq,1891157,28788427661930,336
basic_appreq,1671194,28788429370737,336
basic_appreq,2274826,28788431689078,336
basic_appreq,2122263,28788433845323,336
basic_appreq,2155333,28788436042007,336
basic_appreq,1929722,28788438007593,336
basic_appreq,1804287,28788439846171,336
basic_appreq,2075132,28788441954958,336
basic_appreq,2085438,28788444077498,336
basic_appreq,1436667,28788445560391,336
basic_appreq,2113892,28788447718135,336
basic_appreq,2168991,28788449930624,336
basic_appreq,2240785,28788452217414,336
basic_appreq,3096271,28788455361441,336
basic_appreq,2365147,28788457762000,336
basic_appreq,2277721,28788460078742,336
basic_appreq,1551101,28788461690403,336
basic_appreq,1889441,28788463624104,336
basic_appreq,2046327,28788465711466,336
basic_appreq,2566598,28788468316803,336
basic_appreq,1876233,28788470235870,336
basic_appreq,1842694,28788472131493,336
basic_appreq,1505211,28788473677114,336
basic_appreq,1970098,28788475682703,336
basic_appreq,2087062,28788477808791,336
basic_appreq,1791123,28788479637721,336
basic_appreq,2467112,28788482141387,336
basic_appreq,1370815,28788483560474,336
basic_appreq,1965484,28788485563329,336
basic_appreq,1581948,28788487191118,336
basic_appreq,2471124,28788489702564,336
basic_appreq,1821215,28788491559637,336
basic_appreq,1946271,28788493539342,336
basic_appreq,2271196,28788495846286,336
basic_appreq,2129442,28788498019689,336
basic_appreq,1593833,28788499658615,336
basic_appreq,2217410,28788501911595,336
basic_appreq,1853255,28788503803243,336
basic_appreq,2510878,28788506354127,336
basic_appreq,1417762,28788507818678,336
basic_appreq,1991884,28788509845760,336
basic_appreq,1957444,28788511847241,336
basic_appreq,2333154,28788514217203,336
basic_appreq,1381308,28788515642753,336
basic_appreq,2479478,28788518160184,336
basic_appreq,1528401,28788519732183,336
basic_appreq,1379781,28788521146172,336
basic_appreq,2154602,28788523337224,336
basic_appreq,2339083,28788525711833,336
basic_appreq,870336,28788526621727,336
basic_appreq,2099105,28788528757910,336
basic_appreq,1974501,28788530776390,336
basic_appreq,1893111,28788532705615,336
basic_appreq,2302620,28788535046793,336
basic_appreq,1490161,28788536572648,336
basic_appreq,1639912,28788538250387,336
basic_appreq,2096596,28788540390347,336
basic_appreq,2184974,28788542617042,336
basic_appreq,2348469,28788545004862,336
basic_appreq,1298780,28788546349131,336
basic_appreq,2409717,28788548796066,336
basic_appreq,1994382,28788550847808,336
basic_appreq,1598047,28788552490210,336
basic_appreq,2351002,28788554879602,336
basic_appreq,2523147,28788557438420,336
basic_appreq,1930188,28788559405404,336
basic_appreq,2384992,28788561824172,336
basic_appreq,1782443,28788563657215,336
basic_appreq,2198109,28788565888928,336
basic_appreq,1929033,28788567861749,336
basic_appreq,1821225,28788569717405,336
basic_appreq,2078259,28788571832295,336
basic_appreq,2239036,28788574107320,336
basic_appreq,2272301,28788576422802,336
basic_appreq,920662,28788577388971,336
basic_appreq,2214284,28788579646722,336
basic_appreq,2496385,28788582180674,336
basic_appreq,1040077,28788583263926,336
basic_appreq,1614834,28788584915414,336
basic_appreq,2500308,28788587469697,336
basic_appreq,1414377,28788588927519,336
basic_appreq,2180506,28788591160024,336
basic_appreq,2383841,28788593583226,336
basic_appreq,2053832,28788595680775,336
basic_appreq,2009612,28788597734571,336
basic_appreq,1640394,28788599420579,336
basic_appreq,2353726,28788601809678,336
basic_appreq,2102694,28788603975668,336
basic_appreq,1620540,28788605660294,336
basic_appreq,2101705,28788607798270,336
basic_appreq,1408103,28788609243816,336
basic_appreq,1926885,28788611207552,336
basic_appreq,2219226,28788613461371,336
basic_appreq,2859492,28788616366421,336
basic_appreq,2499395,28788618903193,336
basic_appreq,2254953,28788621202721,336
basic_appreq,1691093,28788622940904,336
basic_appreq,2057802,28788625042849,336
basic_appreq,2511850,28788627600837,336
basic_appreq,2076087,28788629718562,336
basic_appreq,1494878,28788631261149,336
basic_appreq,2042251,28788633354154,336
basic_appreq,2321027,28788635718776,336
basic_appreq,2248040,28788638007902,336
basic_appreq,1983127,28788640034944,336
basic_appreq,1496502,28788641577594,336
basic_appreq,1835540,28788643465625,336
basic_appreq,2654772,28788646158410,336
basic_appreq,2315427,28788648530101,336
basic_appreq,1807946,28788650375604,336
basic_appreq,1995901,28788652406281,336
basic_appreq,2003584,28788654445462,336
basic_appreq,2330181,28788656815279,336
basic_appreq,2520344,28788659379570,336
basic_appreq,1906863,28788661326076,336
basic_appreq,1937282,28788663303444,336
basic_appreq,1565000,28788664908241,336
basic_appreq,2051176,28788667003322,336
basic_appreq,2487250,28788669529658,336
basic_appreq,2115258,28788671680439,336
basic_appreq,2381884,28788674113460,336
basic_appreq,1379663,28788675533513,336
basic_appreq,2295330,28788677869341,336
basic_appreq,1429252,28788679340171,336
basic_appreq,2015714,28788681396718,336
basic_appreq,2044431,28788683489187,336
basic_appreq,1701101,28788685233826,336
basic_appreq,2455327,28788687727095,336
basic_appreq,2149637,28788689912595,336
basic_appreq,2472328,28788692425622,336
basic_appreq,1436266,28788693910880,336
basic_appreq,2240352,28788696188340,336
basic_appreq,2138113,28788698370664,336
basic_appreq,2061212,28788700475733,336
basic_appreq,2308753,28788702826294,336
basic_appreq,1229431,28788704096639,336
basic_appreq,1601574,28788705740770,336
basic_appreq,1958567,28788707735751,336
basic_appreq,2242989,28788710014245,336
basic_appreq,2406754,28788712458762,336
basic_appreq,1577293,28788714074483,336
basic_appreq,1967905,28788716082108,336
basic_appreq,2044887,28788718173110,336
basic_appreq,2456203,28788720664995,336
basic_appreq,1896099,28788722614238,336
basic_appreq,2001948,28788724656438,336
basic_appreq,1973988,28788726667687,336
basic_appreq,2218388,28788728925433,336
basic_appreq,1412818,28788730385663,336
basic_appreq,2217225,28788732640068,336
basic_appreq,1556843,28788734245243,336
basic_appreq,2255243,28788736535056,336
basic_appreq,1575726,28788738162355,336
basic_appreq,2412873,28788740610381,336
basic_appreq,2180698,28788742829209,336
basic_appreq,1943562,28788744816032,336
basic_appreq,2273086,28788747131088,336
basic_appreq,2380223,28788749555236,336
basic_appreq,1454573,28788751055053,336
basic_appreq,1674725,28788752773431,336
basic_appreq,2275761,28788755089020,336
basic_appreq,2846169,28788757971737,336
basic_appreq,2513420,28788760522748,336
basic_appreq,1903289,28788762469626,336
basic_appreq,1804858,28788764319115,336
basic_appreq,1981601,28788766345946,336
basic_appreq,2533049,28788768921654,336
basic_appreq,1940386,28788770909120,336
basic_appreq,1976928,28788772929640,336
basic_appreq,1817769,28788774788437,336
basic_appreq,1740920,28788776566496,336
basic_appreq,2187542,28788778789432,336
basic_appreq,1656728,28788780480662,336
basic_appreq,1426642,28788781944781,336
basic_appreq,1429637,28788783419517,336
basic_appreq,1540972,28788785004323,336
basic_appreq,2331240,28788787370788,336
basic_appreq,2560241,28788789969707,336
basic_appreq,1600760,28788791607585,336
basic_appreq,1623804,28788793267816,336
basic_appreq,2354742,28788795661294,336
basic_appreq,1653344,28788797359811,336
basic_appreq,1769810,28788799178795,336
basic_appreq,2137608,28788801353960,336
basic_appreq,2037236,28788803436923,336
basic_appreq,2563856,28788806044521,336
basic_appreq,2017451,28788808100095,336
basic_appreq,2177532,28788810315275,336
basic_appreq,2405969,28788812771127,336
basic_appreq,1490996,28788814302772,336
basic_appreq,2166225,28788816519032,336
basic_appreq,1853330,28788818419452,336
basic_appreq,2128186,28788820585291,336
basic_appreq,2246683,28788822874336,336
basic_appreq,2051347,28788824969883,336
basic_appreq,2362914,28788827378647,336
basic_appreq,1839485,28788829262650,336
basic_appreq,1733615,28788831042825,336
basic_appreq,1777745,28788832864014,336
basic_appreq,2254639,28788835156522,336
basic_appreq,2304270,28788837496269,336
basic_appreq,2358378,28788839891647,336
basic_appreq,2055349,28788841982470,336
basic_appreq,1669811,28788843706373,336
basic_appreq,2415191,28788846156816,336
basic_appreq,1968206,28788848162330,336
basic_appreq,2404249,28788850604157,336
basic_appreq,2182090,28788852826601,336
basic_appreq,2175748,28788855048166,336
basic_appreq,2310049,28788857401894,336
basic_appreq,1134691,28788858582528,336
basic_appreq,2153360,28788860775461,336
basic_appreq,2319471,28788863135472,336
basic_appreq,1540378,28788864712973,336
basic_appreq,2555975,28788867304141,336
basic_appreq,2500500,28788869844597,336
basic_appreq,1867250,28788871749118,336
basic_appreq,2286339,28788874070987,336
basic_appreq,1728448,28788875848447,336
basic_appreq,2391283,28788878278441,336
basic_appreq,1640694,28788879968144,336
basic_appreq,1657092,28788881682869,336
basic_appreq,6157592,28788887882143,336
basic_appreq,2059601,28788889979407,336
basic_appreq,2547033,28788892566491,336
basic_appreq,1418652,28788894023659,336
basic_appreq,1810255,28788895876360,336
basic_appreq,2195025,28788898112794,336
basic_appreq,2481731,28788900634368,336
basic_appreq,2145666,28788902828727,336
basic_appreq,2289102,28788905160128,336
basic_appreq,1571871,28788906778721,336
basic_appreq,1789694,28788908610552,336
basic_appreq,2274071,28788910923413,336
basic_appreq,1964449,28788912923788,336
basic_appreq,2254558,28788915219207,336
basic_appreq,1882639,28788917144831,336
basic_appreq,1387769,28788918577495,336
basic_appreq,2215632,28788920834482,336
basic_appreq,2018088,28788922891733,336
basic_appreq,2667651,28788925603202,336
basic_appreq,2102517,28788927743512,336
basic_appreq,3955314,28788931742558,336
basic_appreq,2566592,28788934344229,336
basic_appreq,1519839,28788935908341,336
basic_appreq,1890177,28788937826566,336
basic_appreq,1922772,28788939790174,336
basic_appreq,1422360,28788941251020,336
basic_appreq,1491010,28788942774403,336
basic_appreq,2450529,28788945267314,336
basic_appreq,1519199,28788946831139,336
basic_appreq,1944382,28788948818501,336
basic_appreq,2225526,28788951103211,336
basic_appreq,2191752,28788953322111,336
basic_appreq,2143961,28788955523036,336
basic_appreq,1444452,28788957010854,336
basic_appreq,2079088,28788959128920,336
basic_appreq,1915552,28788961082799,336
basic_appreq,1536778,28788962661912,336
basic_appreq,4935224,28788967634256,336
basic_appreq,1588741,28788969261496,336
basic_appreq,2040943,28788971342916,336
basic_appreq,1999893,28788973376603,336
basic_appreq,1647401,28788975067749,336
basic_appreq,2160163,28788977269623,336
basic_appreq,1534791,28788978849005,336
basic_appreq,1626767,28788980517918,336
basic_appreq,1560016,28788982118724,336
basic_appreq,2042177,28788984187966,336
basic_appreq,2055333,28788986287866,336
basic_appreq,1495241,28788987825487,336
basic_appreq,2209170,28788990060977,336
basic_appreq,1437199,28788991540444,336
basic_appreq,2490238,28788994070923,336
basic_appreq,1282684,28788995399259,336
basic_appreq,2130577,28788997565292,336
basic_appreq,2182835,28788999792397,336
basic_appreq,2020846,28789001855152,336
basic_appreq,1399560,28789003299778,336
basic_appreq,2307278,28789005642823,336
basic_appreq,1453883,28789007136231,336
basic_appreq,2031760,28789009215361,336
basic_appreq,2329468,28789011582704,336
basic_appreq,1360424,28789012979187,336
basic_appreq,1893998,28789014908034,336
basic_appreq,1792765,28789016733542,336
basic_appreq,1641919,28789018417052,336
basic_appreq,2528211,28789020983426,336
basic_appreq,1990599,28789023013172,336
basic_appreq,1680217,28789024735439,336
basic_appreq,2339876,28789027115448,336
basic_appreq,1420490,28789028578766,336
basic_appreq,2180049,28789030812773,336
basic_appreq,2123889,28789032977008,336
basic_appreq,1910820,28789034933940,336
basic_appreq,1710904,28789036689171,336
basic_appreq,1755826,28789038490670,336
basic_appreq,1683155,28789040216676,336
basic_appreq,1746876,28789042007427,336
basic_appreq,1448073,28789043495074,336
basic_appreq,1903155,28789045437333,336
basic_appreq,1912064,28789047392034,336
basic_appreq,1589765,28789049024482,336
basic_appreq,2063041,28789051123026,336
basic_appreq,2212867,28789053378409,336
basic_appreq,2273782,28789055699903,336
basic_appreq,1407105,28789057149931,336
basic_appreq,1986601,28789059173732,336
basic_appreq,1998096,28789061210639,336
basic_appreq,1638195,28789062892481,336
basic_appreq,1512495,28789064443661,336
basic_appreq,1776335,28789066260982,336
basic_appreq,1977904,28789068277061,336
basic_appreq,1513382,28789069833487,336
basic_appreq,2276690,28789072147730,336
basic_appreq,1404140,28789073599728,336
basic_appreq,1948397,28789075584176,336
basic_appreq,2291173,28789077915200,336
basic_appreq,5628737,28789083586209,336
basic_appreq,2672368,28789086297678,336
basic_appreq,1889186,28789088211736,336
basic_appreq,2019010,28789090255578,336
basic_appreq,1840879,28789092120608,336
basic_appreq,2293983,28789094440074,336
basic_appreq,2208977,28789096686061,336
basic_appreq,2157087,28789098882036,336
basic_appreq,1851891,28789100768093,336
basic_appreq,1912334,28789102716912,336
basic_appreq,1964137,28789104714595,336
basic_appreq,1909245,28789106659642,336
basic_appreq,2388914,28789109081243,336
basic_appreq,1973061,28789111087915,336
basic_appreq,1985053,28789113104989,336
basic_appreq,1939680,28789115079574,336
basic_appreq,1885896,28789117002519,336
basic_appreq,1933637,28789118970372,336
basic_appreq,1951325,28789120958522,336
basic_appreq,1846691,28789122855102,336
basic_appreq,1859290,28789124751173,336
basic_appreq,2805328,28789127590453,336
basic_appreq,2118464,28789129742108,336
basic_appreq,1907946,28789131686005,336
basic_appreq,2718757,28789134439542,336
basic_appreq,2138427,28789136614276,336
basic_appreq,1779558,28789138431127,336
basic_appreq,2142295,28789140608285,336
basic_appreq,1875247,28789142520995,336
basic_appreq,1944190,28789144501069,336
basic_appreq,2446222,28789146985167,336
basic_appreq,2563150,28789149584626,336
basic_appreq,2676237,28789152297901,336
basic_appreq,2489219,28789154825301,336
basic_appreq,2271125,28789157133149,336
basic_appreq,2055382,28789159227486,336
basic_appreq,2031242,28789161300359,336
basic_appreq,1880173,28789163224469,336
basic_appreq,2115356,28789165377526,336
basic_appreq,2099319,28789167511437,336
basic_appreq,2555915,28789170103132,336
basic_appreq,1970721,28789172116337,336
basic_appreq,2086318,28789174252623,336
basic_appreq,2560992,28789176848786,336
basic_appreq,2898295,28789179783146,336
basic_appreq,2197300,28789182014629,336
basic_appreq,2384679,28789184435230,336
basic_appreq,1891005,28789186372489,336
basic_appreq,2036991,28789188467773,336
basic_appreq,2069885,28789190573556,336
basic_appreq,1963247,28789192576165,336
basic_appreq,1687049,28789194308448,336
basic_appreq,2073093,28789196419990,336
basic_appreq,2566446,28789199026121,336
basic_appreq,2346396,28789201410528,336
basic_appreq,1879214,28789203324792,336
basic_appreq,2094209,28789205462147,336
basic_appreq,1995479,28789207490047,336
basic_appreq,2163047,28789209690581,336
basic_appreq,1849571,28789211573000,336
basic_appreq,1569892,28789213180183,336
basic_appreq,2013786,28789215232638,336
basic_appreq,1403609,28789216672307,336
basic_appreq,1576882,28789218293667,336
basic_appreq,1968426,28789220295892,336
basic_appreq,2438760,28789222774221,336
basic_appreq,2060164,28789224867523,336
basic_appreq,1198284,28789226109556,336
basic_appreq,1382637,28789227530628,336
basic_appreq,1664027,28789229229504,336
basic_appreq,2330202,28789231603819,336
basic_appreq,1902629,28789233544752,336
basic_appreq,1739446,28789235325087,336
basic_appreq,1766854,28789237126511,336
basic_appreq,1809997,28789238972756,336
basic_appreq,1734688,28789240743264,336
basic_appreq,2492306,28789243274789,336
basic_appreq,2035830,28789245363596,336
basic_appreq,2406887,28789247813644,336
basic_appreq,2141125,28789249989616,336
basic_appreq,1938381,28789251968220,336
basic_appreq,2462207,28789254490770,336
basic_appreq,2072181,28789256603819,336
basic_appreq,2159571,28789258803762,336
basic_appreq,2066443,28789260909711,336
basic_appreq,1427245,28789262378367,336
basic_appreq,2004674,28789264419150,336
basic_appreq,2079498,28789266537996,336
basic_appreq,1567293,28789268142850,336
basic_appreq,1907479,28789270093046,336
basic_appreq,2368574,28789272501891,336
basic_appreq,2496410,28789275043735,336
basic_appreq,2000007,28789277078831,336
basic_appreq,1562608,28789278687127,336
basic_appreq,2172206,28789280898015,336
basic_appreq,1868832,28789282812231,336
basic_appreq,2404136,28789285270331,336
basic_appreq,1352029,28789286662565,336
basic_appreq,2086145,28789288787409,336
basic_appreq,1909281,28789290744229,336
basic_appreq,2069988,28789292853487,336
basic_appreq,1720398,28789294631293,336
basic_appreq,2294553,28789296957277,336
basic_appreq,2217545,28789299207946,336
basic_appreq,2162883,28789301406586,336
basic_appreq,2044009,28789303493432,336
basic_appreq,1971006,28789305504478,336
basic_appreq,2562637,28789308109310,336
basic_appreq,1626006,28789309778446,336
basic_appreq,1927811,28789311746475,336
basic_appreq,2015361,28789313802139,336
basic_appreq,1950122,28789315789688,336
basic_appreq,2301201,28789318131317,336
basic_appreq,1435110,28789319619746,336
basic_appreq,1802585,28789321459287,336
basic_appreq,1823399,28789323321647,336
basic_appreq,2237423,28789325594362,336
basic_appreq,2660613,28789328294775,336
basic_appreq,1641974,28789329975483,336
basic_appreq,1783465,28789331791160,336
basic_appreq,2020111,28789333847673,336
basic_appreq,1886017,28789335772539,336
basic_appreq,2386508,28789338191700,336
basic_appreq,2108570,28789340334615,336
basic_appreq,2067299,28789342437402,336
basic_appreq,2011447,28789344501618,336
basic_appreq,1886658,28789346427818,336
basic_appreq,1930772,28789348396792,336
basic_appreq,2295952,28789350733697,336
basic_appreq,1339471,28789352114661,336
basic_appreq,1191429,28789353342132,336
basic_appreq,1290723,28789354667098,336
basic_appreq,2322045,28789357024761,336
basic_appreq,1474921,28789358536991,336
basic_appreq,2075678,28789360649888,336
basic_appreq,2085662,28789362770317,336
basic_appreq,2432442,28789365239524,336
basic_appreq,1088067,28789366362241,336
basic_appreq,1438932,28789367834490,336
basic_appreq,2012740,28789369877141,336
basic_appreq,1937015,28789371847834,336
basic_appreq,1990625,28789373874736,336
basic_appreq,2326538,28789376244267,336
basic_appreq,2219836,28789378501874,336
basic_appreq,2111656,28789380651488,336
basic_appreq,1449638,28789382144069,336
basic_appreq,2062821,28789384241900,336
basic_appreq,1967714,28789386245140,336
basic_appreq,2373572,28789388656728,336
basic_appreq,1517590,28789390213786,336
basic_appreq,2269177,28789392515522,336
basic_appreq,2193981,28789394746366,336
basic_appreq,1405956,28789396189449,336
basic_appreq,2007395,28789398239688,336
basic_appreq,2312183,28789400588152,336
basic_appreq,1013787,28789401640301,336
basic_appreq,1694705,28789403371225,336
basic_appreq,2110292,28789405514316,336
basic_appreq,1338158,28789406892279,336
basic_appreq,1934458,28789408860822,336
basic_appreq,1599287,28789410504194,336
basic_appreq,2045998,28789412585482,336
basic_appreq,1536175,28789414161662,336
basic_appreq,2009181,28789416207775,336
basic_appreq,2450506,28789418697975,336
basic_appreq,2557986,28789421295446,336
basic_appreq,2208245,28789423543632,336
basic_appreq,1509044,28789425094927,336
basic_appreq,1629323,28789426762917,336
basic_appreq,1786897,28789428586759,336
basic_appreq,2359187,28789430980876,336
basic_appreq,2384889,28789433400066,336
basic_appreq,1943680,28789435380180,336
basic_appreq,1580883,28789436999633,336
basic_appreq,2110018,28789439150230,336
basic_appreq,2350587,28789441542470,336
basic_appreq,1516920,28789443103730,336
basic_appreq,1890323,28789445031021,336
basic_appreq,2106282,28789447176585,336
basic_appreq,1760312,28789448996587,336
basic_appreq,2527315,28789451562642,336
basic_appreq,1974722,28789453574349,336
basic_appreq,2298214,28789455912717,336
basic_appreq,1379698,28789457334971,336
basic_appreq,1509585,28789458883976,336
basic_appreq,1106783,28789460032560,336
basic_appreq,1777516,28789461850726,336
basic_appreq,2597067,28789464479496,336
basic_appreq,2238138,28789466754934,336
basic_appreq,1951720,28789468738278,336
basic_appreq,1724934,28789470496478,336
basic_appreq,1559571,28789472086954,336
basic_appreq,1834387,28789473959439,336
basic_appreq,1595490,28789475586396,336
basic_appreq,2015477,28789477633310,336
basic_appreq,2085120,28789479752186,336
basic_appreq,2048236,28789481838929,336
basic_appreq,2297087,28789484174886,336
basic_appreq,728201,28789484944677,336
basic_appreq,2259588,28789487234651,336
basic_appreq,2462001,28789489728188,336
basic_appreq,1962202,28789491729207,336
basic_appreq,1666446,28789493436385,336
basic_appreq,2081052,28789495556056,336
basic_appreq,2334936,28789497931858,336
basic_appreq,1942099,28789499916700,336
basic_appreq,1420264,28789501377416,336
basic_appreq,2107964,28789503523415,336
basic_appreq,2139550,28789505704138,336
basic_appreq,2695448,28789508444935,336
basic_appreq,2545736,28789511043382,336
basic_appreq,1937239,28789513015156,336
basic_appreq,1935362,28789514987114,336
basic_appreq,1915452,28789516943947,336
basic_appreq,2330566,28789519312674,336
basic_appreq,1901334,28789521252862,336
basic_appreq,1671166,28789522961094,336
basic_appreq,2223825,28789525218382,336
basic_appreq,1758830,28789527011791,336
basic_appreq,1902130,28789528947665,336
basic_appreq,2231498,28789531215285,336
basic_appreq,1747478,28789533001427,336
basic_appreq,1943268,28789534990613,336
basic_appreq,2088574,28789537114318,336
basic_appreq,1862273,28789539020292,336
basic_appreq,2116411,28789541172271,336
basic_appreq,1395969,28789542613185,336
basic_appreq,2091515,28789544743426,336
basic_appreq,3055661,28789547846851,336
basic_appreq,2716045,28789550598614,336
basic_appreq,1220832,28789551867709,336
basic_appreq,1751696,28789553662798,336
basic_appreq,2048524,28789555748509,336
basic_appreq,1960092,28789557748255,336
basic_appreq,1992719,28789559783208,336
basic_appreq,2635747,28789562457655,336
basic_appreq,2316505,28789564816940,336
basic_appreq,1273228,28789566136484,336
basic_appreq,1340033,28789567516274,336
basic_appreq,1641917,28789569199253,336
basic_appreq,2021231,28789571263829,336
basic_appreq,2231576,28789573539411,336
basic_appreq,1366353,28789574957977,336
basic_appreq,2199785,28789577191079,336
basic_appreq,2425839,28789579652202,336
basic_appreq,1329826,28789581025777,336
basic_appreq,1963826,28789583034634,336
basic_appreq,2244482,28789585315641,336
basic_appreq,2277948,28789587635997,336
basic_appreq,1672340,28789589352018,336
basic_appreq,2330411,28789591721145,336
basic_appreq,2350283,28789594112517,336
basic_appreq,1816824,28789595976606,336
basic_appreq,2720235,28789598753022,336
basic_appreq,2590483,28789601392945,336
basic_appreq,2417571,28789603851946,336
basic_appreq,1457621,28789605347111,336
basic_appreq,1829492,28789607214251,336
basic_appreq,2682673,28789609935232,336
basic_appreq,2150031,28789612125381,336
basic_appreq,2256956,28789614423326,336
basic_appreq,2205126,28789616672077,336
basic_appreq,1692385,28789618411657,336
basic_appreq,1784535,28789620239934,336
basic_appreq,1652942,28789621939027,336
basic_appreq,2556340,28789624530990,336
basic_appreq,2221504,28789626805223,336
basic_appreq,2208520,28789629049205,336
basic_appreq,1425234,28789630533972,336
basic_appreq,1766469,28789632340092,336
basic_appreq,2558416,28789634937768,336
basic_appreq,2654503,28789637629540,336
basic_appreq,2080135,28789639751026,336
basic_appreq,2226403,28789642021723,336
basic_appreq,1446674,28789643527145,336
basic_appreq,1932962,28789645497494,336
basic_appreq,2505225,28789648044292,336
basic_appreq,1976685,28789650073907,336
basic_appreq,2395238,28789652508654,336
basic_appreq,2021368,28789654579855,336
basic_appreq,2166814,28789656790437,336
basic_appreq,2653483,28789659507037,336
basic_appreq,1950092,28789661494685,336
basic_appreq,2330957,28789663872492,336
basic_appreq,773676,28789664689050,336
basic_appreq,2467268,28789667189556,336
basic_appreq,2217079,28789669441576,336
basic_appreq,1482033,28789670960567,336
basic_appreq,1341651,28789672346084,336
basic_appreq,2093913,28789674483389,336
basic_appreq,2486222,28789677013624,336
basic_appreq,2114119,28789679184134,336
basic_appreq,2357352,28789681577439,336
basic_appreq,1911252,28789683535397,336
basic_appreq,1813562,28789685393831,336
basic_appreq,1537300,28789686977609,336
basic_appreq,1794519,28789688810065,336
basic_appreq,2277607,28789691140269,336
basic_appreq,1759237,28789692942329,336
basic_appreq,2588546,28789695570943,336
basic_appreq,2020085,28789697625531,336
basic_appreq,2008360,28789699686196,336
basic_appreq,2562051,28789702283203,336
basic_appreq,2041458,28789704360995,336
basic_appreq,2250933,28789706650865,336
basic_appreq,2335173,28789709022873,336
basic_appreq,1959795,28789711029437,336
basic_appreq,1581981,28789712652616,336
basic_appreq,2120282,28789714826319,336
basic_appreq,2517943,28789717382868,336
basic_appreq,1912004,28789719331009,336
basic_appreq,2091576,28789721457520,336
basic_appreq,1616068,28789723119235,336
basic_appreq,1758326,28789724911572,336
basic_appreq,2172904,28789727126973,336
basic_appreq,1839734,28789729007704,336
basic_appreq,1509375,28789730555896,336
basic_appreq,1991065,28789732582791,336
basic_appreq,2353835,28789734982333,336
basic_appreq,1588641,28789736614973,336
basic_appreq,1528679,28789738184951,336
basic_appreq,2388355,28789740609730,336
basic_appreq,2702136,28789743358366,336
basic_appreq,1008882,28789744406682,336
basic_appreq,2343799,28789746796169,336
basic_appreq,3031960,28789749864061,336
basic_appreq,2175461,28789752076867,336
basic_appreq,2421880,28789754539172,336
basic_appreq,1981687,28789756563641,336
basic_appreq,1533373,28789758143973,336
basic_appreq,2055546,28789760234226,336
basic_appreq,2292851,28789762563749,336
basic_appreq,1918115,28789764521246,336
basic_appreq,1582867,28789766148398,336
basic_appreq,2206250,28789768389997,336
basic_appreq,1751879,28789770186642,336
basic_appreq,2399971,28789772629054,336
basic_appreq,2322963,28789774990043,336
basic_appreq,1632270,28789776671964,336
basic_appreq,1725478,28789778438232,336
basic_appreq,2401376,28789780874320,336
basic_appreq,1952299,28789782864782,336
basic_appreq,2274629,28789785177576,336
basic_appreq,1603702,28789786827904,336
basic_appreq,2356885,28789789228478,336
basic_appreq,1409013,28789790694927,336
basic_appreq,1848185,28789792600144,336
basic_appreq,1922321,28789794569473,336
basic_appreq,1916233,28789796528974,336
basic_appreq,1898600,28789798470276,336
basic_appreq,1950668,28789800456986,336
basic_appreq,1921356,28789802425279,336
basic_appreq,1827980,28789804295440,336
basic_appreq,2483125,28789806813351,336
basic_appreq,2746274,28789809592148,336
basic_appreq,1924051,28789811555849,336
basic_appreq,2002998,28789813599097,336
basic_appreq,2017991,28789815653080,336
basic_appreq,2016815,28789817704447,336
basic_appreq,2051667,28789819793909,336
basic_appreq,1602949,28789821436013,336
basic_appreq,1976447,28789823465230,336
basic_appreq,2134114,28789825637613,336
basic_appreq,2039461,28789827722828,336
basic_appreq,2113762,28789829879904,336
basic_appreq,1445399,28789831372430,336
basic_appreq,2109491,28789833522242,336
basic_appreq,2334120,28789835904976,336
basic_appreq,1707695,28789837656766,336
basic_appreq,1941357,28789839655091,336
basic_appreq,1823944,28789841518356,336
basic_appreq,2346787,28789843910247,336
basic_appreq,2069867,28789846028986,336
basic_appreq,2262914,28789848331240,336
basic_appreq,1627595,28789850003644,336
basic_appreq,2431865,28789852473974,336
basic_appreq,1955478,28789854466715,336
basic_appreq,2586126,28789857087896,336
basic_appreq,2087217,28789859211325,336
basic_appreq,2052958,28789861298913,336
basic_appreq,1754840,28789863091085,336
basic_appreq,2026170,28789865154221,336
basic_appreq,2102708,28789867294042,336
basic_appreq,1465004,28789868801329,336
basic_appreq,2106226,28789870965237,336
basic_appreq,1585416,28789872587891,336
basic_appreq,1697638,28789874326174,336
basic_appreq,1833666,28789876194511,336
basic_appreq,1837849,28789878068783,336
basic_appreq,2541039,28789880646020,336
basic_appreq,1508891,28789882197477,336
basic_appreq,2031812,28789884267778,336
basic_appreq,2270162,28789886583658,336
basic_appreq,1505038,28789888132511,336
basic_appreq,1889142,28789890061029,336
basic_appreq,2235887,28789892334656,336
basic_appreq,2200596,28789894574895,336
basic_appreq,2074778,28789896688851,336
basic_appreq,2246443,28789898974887,336
basic_appreq,1960197,28789900976915,336
basic_appreq,1469678,28789902490921,336
basic_appreq,1656786,28789904183160,336
basic_appreq,2184697,28789906405217,336
basic_appreq,1544967,28789907992124,336
basic_appreq,1987952,28789910034601,336
basic_appreq,2145965,28789912215727,336
basic_appreq,2724116,28789914976139,336
basic_appreq,2313372,28789917324309,336
basic_appreq,828278,28789918194748,336
basic_appreq,2219987,28789920453683,336
basic_appreq,2077778,28789922569853,336
basic_appreq,2352555,28789924966385,336
basic_appreq,1601024,28789926625149,336
basic_appreq,1832206,28789928496668,336
basic_appreq,2084941,28789930621640,336
basic_appreq,2499186,28789933161815,336
basic_appreq,2489720,28789935696237,336
basic_appreq,1769372,28789937509426,336
basic_appreq,2017964,28789939570230,336
basic_appreq,1636716,28789941250651,336
basic_appreq,1751163,28789943043229,336
basic_appreq,2295218,28789945375575,336
basic_appreq,2624408,28789948042682,336
basic_appreq,2154731,28789950238732,336
basic_appreq,2112765,28789952387199,336
basic_appreq,2333167,28789954757805,336
basic_appreq,2189431,28789956985867,336
basic_appreq,1382315,28789958407907,336
basic_appreq,1375356,28789959825066,336
basic_appreq,1995477,28789961856997,336
basic_appreq,1426176,28789963339472,336
basic_appreq,2020907,28789965403396,336
basic_appreq,2207882,28789967658237,336
basic_appreq,2320722,28789970013500,336
basic_appreq,2602214,28789972660290,336
basic_appreq,2280031,28789974980794,336
basic_appreq,2146439,28789977164631,336
basic_appreq,2352315,28789979557675,336
basic_appreq,2006302,28789981615004,336
basic_appreq,1861240,28789983514385,336
basic_appreq,2376754,28789985934377,336
basic_appreq,1242922,28789987222168,336
basic_appreq,1910567,28789989175223,336
basic_appreq,2265240,28789991486756,336
basic_appreq,1654713,28789993184145,336
basic_appreq,2001848,28789995224791,336
basic_appreq,2404439,28789997667953,336
basic_appreq,1754471,28789999461025,336
basic_appreq,2150153,28790001645797,336
basic_appreq,2369933,28790004054240,336
basic_appreq,1898274,28790005992800,336
basic_appreq,2161647,28790008191923,336
basic_appreq,2356678,28790010594315,336
basic_appreq,1606615,28790012258663,336
basic_appreq,1995114,28790014300387,336
basic_appreq,2064278,28790016404955,336
basic_appreq,2001057,28790018449650,336
basic_appreq,2154377,28790020641101,336
basic_appreq,1656379,28790022344058,336
basic_appreq,2279568,28790024658415,336
basic_appreq,1131681,28790025835702,336
basic_appreq,1918971,28790027793662,336
basic_appreq,1657424,28790029488372,336
basic_appreq,1579721,28790031107006,336
basic_appreq,2257628,28790033399916,336
basic_appreq,2085854,28790035530227,336
basic_appreq,2145424,28790037717797,336
basic_appreq,3016086,28790040777689,336
basic_appreq,2236767,28790043050382,336
basic_appreq,1952000,28790045037065,336
basic_appreq,2386761,28790047466008,336
basic_appreq,2254839,28790049761144,336
basic_appreq,1342612,28790051148079,336
basic_appreq,2047085,28790053235261,336
basic_appreq,2226512,28790055504886,336
basic_appreq,1926007,28790057474238,336
basic_appreq,1674519,28790059195102,336
basic_appreq,2165259,28790061404077,336
basic_appreq,1589660,28790063041480,336
basic_appreq,1969478,28790065052459,336
basic_appreq,1941852,28790067039774,336
basic_appreq,1589036,28790068667510,336
basic_appreq,2068157,28790070770772,336
basic_appreq,1720150,28790072526656,336
basic_appreq,2386811,28790074950016,336
basic_appreq,2369948,28790077355490,336
basic_appreq,2534669,28790079942821,336
basic_appreq,2448760,28790082442498,336
basic_appreq,1893310,28790084390087,336
basic_appreq,1803462,28790086231515,336
basic_appreq,2130534,28790088397845,336
basic_appreq,2085155,28790090522706,336
basic_appreq,2487353,28790093046218,336
basic_appreq,1627631,28790094714629,336
basic_appreq,1668027,28790096426365,336
basic_appreq,1920637,28790098401003,336
basic_appreq,2225913,28790100668453,336
basic_appreq,1986819,28790102699736,336
basic_appreq,2262833,28790105002588,336
basic_appreq,2215600,28790107258183,336
basic_appreq,1619062,28790108920818,336
basic_appreq,1938176,28790110895417,336
basic_appreq,2019827,28790112949189,336
basic_appreq,1517738,28790114509174,336
basic_appreq,1932643,28790116476583,336
basic_appreq,1703586,28790118227266,336
basic_appreq,2003732,28790120270581,336
basic_appreq,1333355,28790121643709,336
basic_appreq,2094505,28790123770219,336
basic_appreq,1447519,28790125269512,336
basic_appreq,2065219,28790127378384,336
basic_appreq,2188511,28790129606569,336
basic_appreq,1514252,28790131167463,336
basic_appreq,2539977,28790133757864,336
basic_appreq,2016316,28790135813823,336
basic_appreq,1885259,28790137738064,336
basic_appreq,2485057,28790140261866,336
basic_appreq,2274574,28790142581232,336
basic_appreq,1320977,28790143946626,336
basic_appreq,1782978,28790145770085,336
basic_appreq,2259503,28790148071726,336
basic_appreq,2005299,28790150118525,336
basic_appreq,1735551,28790151888109,336
basic_appreq,1943884,28790153865286,336
basic_appreq,2461345,28790156362001,336
basic_appreq,1792581,28790158207584,336
basic_appreq,2215947,28790160459965,336
basic_appreq,2166623,28790162669803,336
basic_appreq,2086427,28790164799573,336
basic_appreq,2304460,28790167141843,336
basic_appreq,2107954,28790169288891,336
basic_appreq,2205266,28790171540881,336
basic_appreq,2243420,28790173825233,336
basic_appreq,1291469,28790175161615,336
basic_appreq,2476312,28790177679864,336
basic_appreq,2337626,28790180051013,336
basic_appreq,1950852,28790182045708,336
basic_appreq,2405835,28790184486085,336
basic_appreq,2125659,28790186657078,336
basic_appreq,1936983,28790188633414,336
basic_appreq,2254963,28790190931968,336
basic_appreq,2199709,28790193175222,336
basic_appreq,1156811,28790194372387,336
basic_appreq,2223293,28790196632770,336
basic_appreq,1586172,28790198265139,336
basic_appreq,1990282,28790200294318,336
basic_appreq,2012481,28790202345145,336
basic_appreq,2617062,28790205002061,336
basic_appreq,1389081,28790206430560,336
basic_appreq,1864154,28790208330380,336
basic_appreq,1895167,28790210264289,336
basic_appreq,2300567,28790212599912,336
basic_appreq,1593650,28790214229709,336
basic_appreq,2032856,28790216299781,336
basic_appreq,1859672,28790218204741,336
basic_appreq,1858097,28790220098345,336
basic_appreq,2195754,28790222335329,336
basic_appreq,1521138,28790223900510,336
basic_appreq,1718469,28790225663184,336
basic_appreq,2264854,28790227967113,336
basic_appreq,1392346,28790229425346,336
basic_appreq,1913544,28790231380256,336
basic_appreq,2234784,28790233659855,336
basic_appreq,2128393,28790235824302,336
basic_appreq,1854584,28790237718456,336
basic_appreq,1961184,28790239715061,336
basic_appreq,2531863,28790242281391,336
basic_appreq,1383436,28790243721624,336
basic_appreq,2352377,28790246117491,336
basic_appreq,1903664,28790248057478,336
basic_appreq,2112653,28790250209155,336
basic_appreq,2468716,28790252722338,336
basic_appreq,2150222,28790254913757,336
basic_appreq,2050780,28790257000523,336
basic_appreq,1495087,28790258549643,336
basic_appreq,1942852,28790260533392,336
basic_appreq,2047748,28790262624118,336
basic_appreq,2051784,28790264716377,336
basic_appreq,1647096,28790266408218,336
basic_appreq,2380152,28790268825601,336
basic_appreq,2543534,28790271404940,336
basic_appreq,2018390,28790273467558,336
basic_appreq,1183334,28790274690956,336
basic_appreq,2569856,28790277294628,336
basic_appreq,2187583,28790279520120,336
basic_appreq,2062899,28790281629911,336
basic_appreq,2296546,28790283973043,336
basic_appreq,1384591,28790285425800,336
basic_appreq,1559502,28790287030546,336
basic_appreq,1946977,28790289030023,336
basic_appreq,2200772,28790291269342,336
basic_appreq,1691219,28790292999389,336
basic_appreq,2556589,28790295594588,336
basic_appreq,2117097,28790297755633,336
basic_appreq,2053918,28790299860790,336
basic_appreq,1695825,28790301595969,336
basic_appreq,2496953,28790304129892,336
basic_appreq,1986197,28790306154026,336
basic_appreq,2284679,28790308475988,336
basic_appreq,2031815,28790310546282,336
basic_appreq,1477486,28790312068863,336
basic_appreq,1747461,28790313857735,336
basic_appreq,2032274,28790315929160,336
basic_appreq,2183778,28790318147507,336
basic_appreq,1536960,28790319731070,336
basic_appreq,2357988,28790322130498,336
basic_appreq,1934691,28790324119411,336
basic_appreq,1691826,28790325857855,336
basic_appreq,1800317,28790327692263,336
basic_appreq,2545216,28790330271590,336
basic_appreq,2050417,28790332373696,336
basic_appreq,2094127,28790334511656,336
basic_appreq,2312435,28790336866154,336
basic_appreq,2282433,28790339188570,336
basic_appreq,1636885,28790340863395,336
basic_appreq,2645957,28790343566593,336
basic_appreq,1135024,28790344741010,336
basic_appreq,1996932,28790346778164,336
basic_appreq,1775360,28790348594399,336
basic_appreq,1894751,28790350534975,336
basic_appreq,2118676,28790352709619,336
basic_appreq,2959355,28790355723798,336
basic_appreq,1857484,28790357615353,336
basic_appreq,2189994,28790359842704,336
basic_appreq,1563484,28790361450041,336
basic_appreq,1487709,28790362987389,336
basic_appreq,2516446,28790365541168,336
basic_appreq,2512665,28790368088583,336
basic_appreq,1976337,28790370103548,336
basic_appreq,2378283,28790372518129,336
basic_appreq,1910905,28790374472382,336
basic_appreq,2400778,28790376916596,336
basic_appreq,1739640,28790378703232,336
basic_appreq,2249124,28790380991305,336
basic_appreq,2049175,28790383077987,336
basic_appreq,2117076,28790385235006,336
basic_appreq,2122548,28790387403129,336
basic_appreq,2118800,28790389565842,336
basic_appreq,2115747,28790391729098,336
basic_appreq,1608820,28790393378123,336
basic_appreq,1874452,28790395294136,336
basic_appreq,2282981,28790397613892,336
basic_appreq,1628740,28790399291154,336
basic_appreq,2110240,28790401436622,336
basic_appreq,2347013,28790403821055,336
basic_appreq,2336677,28790406195506,336
basic_appreq,2136573,28790408380924,336
basic_appreq,1370326,28790409800628,336
basic_appreq,1923214,28790411760811,336
basic_appreq,2592910,28790414391113,336
basic_appreq,1316615,28790415762380,336
basic_appreq,2517925,28790418314176,336
basic_appreq,2039130,28790420389851,336
basic_appreq,2284579,28790422718939,336
basic_appreq,2274936,28790425032798,336
basic_appreq,1595930,28790426674371,336
basic_appreq,2141003,28790428859192,336
basic_appreq,2469502,28790431368989,336
basic_appreq,1606281,28790433016109,336
basic_appreq,1623654,28790434688931,336
basic_appreq,2067075,28790436792864,336
basic_appreq,2388386,28790439219449,336
basic_appreq,1166220,28790440429124,336
basic_appreq,1711155,28790442182799,336
basic_appreq,2096310,28790444314995,336
basic_appreq,1670951,28790446022481,336
basic_appreq,1864235,28790447922863,336
basic_appreq,2132462,28790450100750,336
basic_appreq,1910732,28790452059231,336
basic_appreq,1922519,28790454023886,336
basic_appreq,2319833,28790456393302,336
basic_appreq,1029120,28790457467901,336
basic_appreq,1971862,28790459476636,336
basic_appreq,2533577,28790462047130,336
basic_appreq,1526052,28790463618630,336
basic_appreq,2448281,28790466103488,336
basic_appreq,2589439,28790468731101,336
basic_appreq,2040476,28790470809010,336
basic_appreq,2097096,28790472946481,336
basic_appreq,1869371,28790474854047,336
basic_appreq,1620090,28790476530869,336
basic_appreq,1948060,28790478521011,336
basic_appreq,2123850,28790480680535,336
basic_appreq,2114626,28790482836101,336
basic_appreq,2273513,28790485148907,336
basic_appreq,2190148,28790487380523,336
basic_appreq,2400289,28790489814707,336
basic_appreq,802251,28790490659008,336
basic_appreq,1763964,28790492458502,336
basic_appreq,2328902,28790494823199,336
basic_appreq,1891249,28790496751825,336
basic_appreq,2016237,28790498819331,336
basic_appreq,1909150,28790500769675,336
basic_appreq,1963140,28790502787480,336
basic_appreq,2307006,28790505132128,336
basic_appreq,1735635,28790506907107,336
basic_appreq,2103974,28790509049409,336
basic_appreq,2319876,28790511411704,336
basic_appreq,2834218,28790514289550,336
basic_appreq,1462846,28790515791594,336
basic_appreq,2006609,28790517854456,336
basic_appreq,1927895,28790519830480,336
basic_appreq,1763240,28790521637524,336
basic_appreq,1616276,28790523300042,336
basic_appreq,2011030,28790525347976,336
basic_appreq,2427989,28790527816645,336
basic_appreq,2567118,28790530435786,336
basic_appreq,2231855,28790532707775,336
basic_appreq,2527240,28790535274852,336
basic_appreq,1611721,28790536928047,336
basic_appreq,1852115,28790538826814,336
basic_appreq,2473013,28790541342541,336
basic_appreq,2431602,28790543809461,336
basic_appreq,1551423,28790545394356,336
basic_appreq,2050597,28790547480689,336
basic_appreq,2206019,28790549724191,336
basic_appreq,2407475,28790552179060,336
basic_appreq,1577399,28790553805071,336
basic_appreq,1676724,28790555522284,336
basic_appreq,1772899,28790557334352,336
basic_appreq,2211214,28790559583005,336
basic_appreq,1978721,28790561596587,336
basic_appreq,2328968,28790563964177,336
basic_appreq,2324718,28790566359873,336
basic_appreq,1630435,28790568038393,336
basic_appreq,1692275,28790569772265,336
basic_appreq,2227128,28790572036555,336
basic_appreq,1765812,28790573843549,336
basic_appreq,1960881,28790575840375,336
basic_appreq,2123596,28790578000025,336
basic_appreq,2195461,28790580233132,336
basic_appreq,2042446,28790582316389,336
basic_appreq,1873114,28790584233217,336
basic_appreq,1967929,28790586238112,336
basic_appreq,2475789,28790588759456,336
basic_appreq,2223544,28790591021398,336
basic_appreq,2282827,28790593339932,336
basic_appreq,1719465,28790595100118,336
basic_appreq,2588077,28790597732567,336
basic_appreq,1102090,28790598876923,336
basic_appreq,1894293,28790600810522,336
basic_appreq,1813778,28790602664802,336
basic_appreq,2194888,28790604895599,336
basic_appreq,1980070,28790606913641,336
basic_appreq,1903889,28790608853687,336
basic_appreq,2219689,28790611111667,336
basic_appreq,2413373,28790613565482,336
basic_appreq,1400270,28790615009462,336
basic_appreq,1770524,28790616819741,336
basic_appreq,1994658,28790618851746,336
basic_appreq,2016330,28790620907835,336
basic_appreq,2150266,28790623099775,336
basic_appreq,2014057,28790625154153,336
basic_appreq,1504268,28790626699689,336
basic_appreq,2195703,28790628934867,336
basic_appreq,2171879,28790631159330,336
basic_appreq,1234425,28790632438132,336
basic_appreq,1572791,28790634056759,336
basic_appreq,2429730,28790636523032,336
basic_appreq,1735150,28790638301380,336
basic_appreq,2246602,28790640584949,336
basic_appreq,1966976,28790642588849,336
basic_appreq,2481580,28790645106384,336
basic_appreq,1942037,28790647101167,336
basic_appreq,1512781,28790648657514,336
basic_appreq,2079170,28790650778252,336
basic_appreq,2329810,28790653143624,336
basic_appreq,1971088,28790655153040,336
basic_appreq,1676000,28790656867901,336
basic_appreq,1983612,28790658891043,336
basic_appreq,1834837,28790660761669,336
basic_appreq,1491082,28790662294570,336
basic_appreq,2403471,28790664734200,336
basic_appreq,1987947,28790666773325,336
basic_appreq,2719393,28790669536810,336
basic_appreq,2574470,28790672151573,336
basic_appreq,2119339,28790674309143,336
basic_appreq,2345044,28790676694691,336
basic_appreq,1597224,28790678349567,336
basic_appreq,2102905,28790680497864,336
basic_appreq,1397743,28790681955148,336
basic_appreq,2254068,28790684249145,336
basic_appreq,2282235,28790686569051,336
basic_appreq,2077941,28790688686492,336
basic_appreq,2401020,28790691128362,336
basic_appreq,1494613,28790692666709,336
basic_appreq,1984299,28790694691752,336
basic_appreq,1744783,28790696479531,336
basic_appreq,1696844,28790698213038,336
basic_appreq,2229588,28790700477846,336
basic_appreq,2024108,28790702547999,336
basic_appreq,1444609,28790704036373,336
basic_appreq,1623871,28790705699903,336
basic_appreq,2319685,28790708055672,336
basic_appreq,1934296,28790710042564,336
basic_appreq,2033937,28790712113361,336
basic_appreq,2045048,28790714202556,336
basic_appreq,1848150,28790716094249,336
basic_appreq,2159161,28790718292926,336
basic_appreq,2715071,28790721049268,336
basic_appreq,1626718,28790722723927,336
basic_appreq,2051883,28790724819050,336
basic_appreq,2320424,28790727181226,336
basic_appreq,2015262,28790729232803,336
basic_appreq,1528007,28790730808469,336
basic_appreq,2106411,28790732951980,336
basic_appreq,1828878,28790734819548,336
basic_appreq,1515110,28790736378301,336
basic_appreq,1735730,28790738154407,336
basic_appreq,1753909,28790739944508,336
basic_appreq,2090380,28790742069979,336
basic_appreq,2202656,28790744309565,336
basic_appreq,2448784,28790746800187,336
basic_appreq,2463223,28790749303032,336
basic_appreq,1805338,28790751152110,336
basic_appreq,2305521,28790753496269,336
basic_appreq,1999642,28790755539707,336
basic_appreq,1908297,28790757491456,336
basic_appreq,2292664,28790759827016,336
basic_appreq,2032264,28790761903181,336
basic_appreq,2352709,28790764303007,336
basic_appreq,1938110,28790766289503,336
basic_appreq,1878224,28790768211097,336
basic_appreq,1966313,28790770213720,336
basic_appreq,2095844,28790772344378,336
basic_appreq,2077934,28790774469379,336
basic_appreq,2096329,28790776608993,336
basic_appreq,1693582,28790778348700,336
basic_appreq,2652174,28790781035369,336
basic_appreq,2389663,28790783461860,336
basic_appreq,2175991,28790785677413,336
basic_appreq,2431356,28790788156211,336
basic_appreq,1342213,28790789544112,336
basic_appreq,1710142,28790791293470,336
basic_appreq,2101831,28790793430795,336
basic_appreq,2384032,28790795851639,336
basic_appreq,2179671,28790798082263,336
basic_appreq,1543793,28790799669370,336
basic_appreq,2127858,28790801834428,336
basic_appreq,2481146,28790804356460,336
basic_appreq,1256363,28790805658702,336
basic_appreq,2129475,28790807824880,336
basic_appreq,1904776,28790809773578,336
basic_appreq,1456908,28790811286368,336
basic_appreq,1940301,28790813264654,336
basic_appreq,2362427,28790815668068,336
basic_appreq,2305359,28790818017248,336
basic_appreq,1290527,28790819347172,336
basic_appreq,1538264,28790820922274,336
basic_appreq,2439149,28790823401499,336
basic_appreq,2237097,28790825672893,336
basic_appreq,1756046,28790827474628,336
basic_appreq,2306041,28790829819369,336
basic_appreq,2089781,28790831948963,336
basic_appreq,2561981,28790834548769,336
basic_appreq,1484774,28790836081401,336
basic_appreq,1903981,28790838020089,336
basic_appreq,1723673,28790839784440,336
basic_appreq,2120020,28790841946022,336
basic_appreq,1966400,28790843946487,336
basic_appreq,2370554,28790846350111,336
basic_appreq,1352894,28790847748116,336
basic_appreq,2317403,28790850100454,336
basic_appreq,2198874,28790852340423,336
basic_appreq,2403556,28790854787262,336
basic_appreq,2147746,28790856975133,336
basic_appreq,2073490,28790859091828,336
basic_appreq,1378467,28790860515001,336
basic_appreq,2179452,28790862733246,336
basic_appreq,2049951,28790864829926,336
basic_appreq,2171163,28790867047261,336
basic_appreq,2308843,28790869400140,336
basic_appreq,1596972,28790871043319,336
basic_appreq,2395407,28790873478114,336
basic_appreq,2096062,28790875613664,336
basic_appreq,2290110,28790877939248,336
basic_appreq,1969987,28790879968632,336
basic_appreq,1890182,28790881922706,336
basic_appreq,1619046,28790883580322,336
basic_appreq,1908562,28790885529263,336
basic_appreq,1922525,28790887490549,336
basic_appreq,2161666,28790889687368,336
basic_appreq,2702282,28790892428406,336
basic_appreq,2314089,28790894779852,336
basic_appreq,2696219,28790897511926,336
basic_appreq,1977043,28790899527286,336
basic_appreq,2327865,28790901892423,336
basic_appreq,1400152,28790903335299,336
basic_appreq,1936816,28790905316152,336
basic_appreq,1874362,28790907238076,336
basic_appreq,2099548,28790909373552,336
basic_appreq,2093905,28790911503390,336
basic_appreq,1468391,28790913015273,336
basic_appreq,2411692,28790915474565,336
basic_appreq,1434383,28790916953988,336
basic_appreq,2183775,28790919180483,336
basic_appreq,1630442,28790920874978,336
basic_appreq,2401622,28790923315234,336
basic_appreq,2037330,28790925390595,336
basic_appreq,2435347,28790927869132,336
basic_appreq,1608105,28790929521230,336
basic_appreq,1498659,28790931066100,336
basic_appreq,2767062,28790933870777,336
basic_appreq,2367046,28790936274727,336
basic_appreq,2657755,28790938973185,336
basic_appreq,1091522,28790940108134,336
basic_appreq,2136373,28790942290283,336
basic_appreq,2185722,28790944520954,336
basic_appreq,1581602,28790946151133,336
basic_appreq,2689649,28790948878430,336
basic_appreq,2586598,28790951505122,336
basic_appreq,2558993,28790954102241,336
basic_appreq,2010816,28790956155042,336
basic_appreq,2447758,28790958652975,336
basic_appreq,2644956,28790961338992,336
basic_appreq,1436622,28790962821720,336
basic_appreq,2076993,28790964939997,336
basic_appreq,1323026,28790966310336,336
basic_appreq,2049916,28790968398719,336
basic_appreq,2302598,28790970742033,336
basic_appreq,1686731,28790972472648,336
basic_appreq,1974267,28790974486206,336
basic_appreq,2407565,28790976932181,336
basic_appreq,2054441,28790979028883,336
basic_appreq,2315020,28790981383812,336
basic_appreq,1981064,28790983407103,336
basic_appreq,1549320,28790984991415,336
basic_appreq,1829202,28790986865475,336
basic_appreq,1586840,28790988490325,336
basic_appreq,2166526,28790990693243,336
basic_appreq,2327224,28790993056149,336
basic_appreq,1864960,28790994976617,336
basic_appreq,8752346,28791003772338,336
basic_appreq,1672924,28791005487904,336
basic_appreq,2224569,28791007749859,336
basic_appreq,2688899,28791010482346,336
basic_appreq,2492016,28791013021064,336
basic_appreq,2836004,28791015903348,336
basic_appreq,2017418,28791017964845,336
basic_appreq,2673307,28791020679466,336
basic_appreq,1644201,28791022364116,336
basic_appreq,1536981,28791023927690,336
basic_appreq,2505916,28791026457904,336
basic_appreq,1925917,28791028408857,336
basic_appreq,1990787,28791030431005,336
basic_appreq,1840074,28791032297990,336
basic_appreq,2380426,28791034723489,336
basic_appreq,2105053,28791036853933,336
basic_appreq,2348832,28791039239071,336
basic_appreq,1829310,28791041106041,336
basic_appreq,2030196,28791043176167,336
basic_appreq,2022981,28791045238677,336
basic_appreq,2781885,28791048066502,336
basic_appreq,2063216,28791050170667,336
basic_appreq,2357052,28791052582307,336
basic_appreq,2272177,28791054893898,336
basic_appreq,2587106,28791057536992,336
basic_appreq,1986942,28791059569841,336
basic_appreq,1839118,28791061450472,336
basic_appreq,1958583,28791063455867,336
basic_appreq,1627659,28791065127911,336
basic_appreq,2107803,28791067276292,336
basic_appreq,2410659,28791069730904,336
basic_appreq,1599402,28791071388969,336
basic_appreq,1931788,28791073365235,336
basic_appreq,2022814,28791075433509,336
basic_appreq,1963617,28791077440410,336
basic_appreq,2331029,28791079806733,336
basic_appreq,2203545,28791082044448,336
basic_appreq,1855391,28791083939477,336
basic_appreq,2166729,28791086140970,336
basic_appreq,1847455,28791088029562,336
basic_appreq,2335880,28791090402398,336
basic_appreq,2473335,28791092925665,336
basic_appreq,1970575,28791094931566,336
basic_appreq,2029659,28791096998784,336
basic_appreq,1701501,28791098746414,336
basic_appreq,2238992,28791101040172,336
basic_appreq,1948789,28791103033610,336
basic_appreq,1538420,28791104615642,336
basic_appreq,2103684,28791106765500,336
basic_appreq,1967781,28791108776487,336
basic_appreq,2352953,28791111175003,336
basic_appreq,1279022,28791112497099,336
basic_appreq,1617651,28791114155206,336
basic_appreq,2722868,28791116912397,336
basic_appreq,2134953,28791119082838,336
basic_appreq,1829791,28791120952101,336
basic_appreq,1940503,28791122934318,336
basic_appreq,1908543,28791124876774,336
basic_appreq,1754446,28791126670298,336
basic_appreq,2493050,28791129197710,336
basic_appreq,1578513,28791130813499,336
basic_appreq,2061402,28791132914914,336
basic_appreq,2331500,28791135288207,336
basic_appreq,2057119,28791137380581,336
basic_appreq,2033820,28791139451089,336
basic_appreq,2362706,28791141856769,336
basic_appreq,2326301,28791144240349,336
basic_appreq,1466362,28791145755315,336
basic_appreq,2106486,28791147905951,336
basic_appreq,1395279,28791149340200,336
basic_appreq,2200761,28791151594191,336
basic_appreq,2750652,28791154395981,336
basic_appreq,2898603,28791157332105,336
basic_appreq,2129486,28791159498580,336
basic_appreq,2570465,28791162104357,336
basic_appreq,2181974,28791164323918,336
basic_appreq,2456193,28791166826396,336
basic_appreq,799998,28791167665294,336
basic_appreq,2031455,28791169733843,336
basic_appreq,2163782,28791171944762,336
basic_appreq,1599478,28791173587745,336
basic_appreq,1757031,28791175399649,336
basic_appreq,1673617,28791177117366,336
basic_appreq,2167077,28791179326260,336
basic_appreq,1854885,28791181221072,336
basic_appreq,2020075,28791183283271,336
basic_appreq,1952177,28791185275867,336
basic_appreq,2494662,28791187812137,336
basic_appreq,1787314,28791189639916,336
basic_appreq,1872629,28791191548202,336
basic_appreq,1799182,28791193382441,336
basic_appreq,1912017,28791195330863,336
basic_appreq,2122911,28791197494176,336
basic_appreq,1922521,28791199451310,336
basic_appreq,2235955,28791201721045,336
basic_appreq,2314162,28791204070229,336
basic_appreq,1363216,28791205480478,336
basic_appreq,1618866,28791207134805,336
basic_appreq,2065518,28791209238917,336
basic_appreq,1996642,28791211276764,336
basic_appreq,2083364,28791213399066,336
basic_appreq,1610231,28791215055517,336
basic_appreq,2186337,28791217285857,336
basic_appreq,1380877,28791218708163,336
basic_appreq,2729743,28791221478695,336
basic_appreq,2289416,28791223805473,336
basic_appreq,2168847,28791226011333,336
basic_appreq,1814557,28791227866920,336
basic_appreq,2048213,28791229964822,336
basic_appreq,1916048,28791231918422,336
basic_appreq,2384154,28791234341551,336
basic_appreq,1705564,28791236092737,336
basic_appreq,2287038,28791238429371,336
basic_appreq,1997669,28791240464972,336
basic_appreq,2584240,28791243092079,336
basic_appreq,1255885,28791244389758,336
basic_appreq,2272413,28791246704988,336
basic_appreq,1824895,28791248569121,336
basic_appreq,2334194,28791250946006,336
basic_appreq,1494125,28791252494666,336
basic_appreq,2103556,28791254645046,336
basic_appreq,1471720,28791256159661,336
basic_appreq,1887034,28791258082588,336
basic_appreq,1704892,28791259831787,336
basic_appreq,2004289,28791261871338,336
basic_appreq,2296446,28791264209072,336
basic_appreq,1786298,28791266032417,336
basic_appreq,2491895,28791268560701,336
basic_appreq,1592348,28791270200004,336
basic_appreq,2025563,28791272261085,336
basic_appreq,2189877,28791274488882,336
basic_appreq,1977174,28791276505338,336
basic_appreq,1372540,28791277925688,336
basic_appreq,2220131,28791280183077,336
basic_appreq,2288028,28791282518013,336
basic_appreq,1431809,28791283989271,336
basic_appreq,1956457,28791286017472,336
basic_appreq,3043265,28791289110514,336
basic_appreq,1996548,28791291145527,336
basic_appreq,2025910,28791293207647,336
basic_appreq,2550008,28791295796698,336
basic_appreq,1969176,28791297804139,336
basic_appreq,2143653,28791299989844,336
basic_appreq,1579883,28791301645578,336
basic_appreq,2102768,28791303795111,336
basic_appreq,2079632,28791305915061,336
basic_appreq,1649632,28791307607187,336
basic_appreq,2059165,28791309701752,336
basic_appreq,1710279,28791311447405,336
basic_appreq,2099773,28791313586768,336
basic_appreq,2183234,28791315816512,336
basic_appreq,2054154,28791317905845,336
basic_appreq,1939963,28791319900168,336
basic_appreq,1691330,28791321631337,336
basic_appreq,1843503,28791323513632,336
basic_appreq,1960806,28791325513049,336
basic_appreq,1693504,28791327249771,336
basic_appreq,2138754,28791329427584,336
basic_appreq,2109982,28791331572956,336
basic_appreq,2113951,28791333721098,336
basic_appreq,2320788,28791336079370,336
basic_appreq,1226222,28791337352093,336
basic_appreq,2148947,28791339542164,336
basic_appreq,2503316,28791342081281,336
basic_appreq,1337689,28791343457369,336
basic_appreq,1893871,28791345386728,336
basic_appreq,1864628,28791347296484,336
basic_appreq,2210839,28791349542199,336
basic_appreq,1903139,28791351497346,336
basic_appreq,2393843,28791353947551,336
basic_appreq,2616307,28791356617451,336
basic_appreq,2113012,28791358772979,336
basic_appreq,1605160,28791360421546,336
basic_appreq,2339955,28791362804735,336
basic_appreq,2183232,28791365025045,336
basic_appreq,2380679,28791367444813,336
basic_appreq,1776650,28791369262444,336
basic_appreq,1911156,28791371214679,336
basic_appreq,2347029,28791373597559,336
basic_appreq,2395168,28791376038932,336
basic_appreq,2271074,28791378362296,336
basic_appreq,2108419,28791380510785,336
basic_appreq,2424018,28791382988543,336
basic_appreq,1689688,28791384716241,336
basic_appreq,2217961,28791386978028,336
basic_appreq,1564739,28791388585970,336
basic_appreq,1879521,28791390505238,336
basic_appreq,2379029,28791392922424,336
basic_appreq,2168243,28791395132294,336
basic_appreq,2286903,28791397463985,336
basic_appreq,1449602,28791398967611,336
basic_appreq,2000302,28791401012475,336
basic_appreq,2249267,28791403318521,336
basic_appreq,2090090,28791405443118,336
basic_appreq,2162509,28791407653192,336
basic_appreq,1751009,28791409457279,336
basic_appreq,2106163,28791411603822,336
basic_appreq,1814775,28791413461798,336
basic_appreq,2482899,28791415985642,336
basic_appreq,2552180,28791418594325,336
basic_appreq,2668220,28791421300295,336
basic_appreq,2035656,28791423390078,336
basic_appreq,2044821,28791425475206,336
basic_appreq,2120936,28791427648832,336
basic_appreq,1982265,28791429685664,336
basic_appreq,2368985,28791432101834,336
basic_appreq,1550875,28791433705449,336
basic_appreq,1674883,28791435419611,336
basic_appreq,1866311,28791437321457,336
basic_appreq,2118532,28791439476912,336
basic_appreq,1852845,28791441365827,336
basic_appreq,2021378,28791443425502,336
basic_appreq,2225266,28791445687620,336
basic_appreq,2391335,28791448117299,336
basic_appreq,1366133,28791449535424,336
basic_appreq,2140889,28791451730900,336
basic_appreq,1480167,28791453254955,336
basic_appreq,1927908,28791455218943,336
basic_appreq,2038683,28791457293180,336
basic_appreq,1969613,28791459308838,336
basic_appreq,2393966,28791461741278,336
basic_appreq,1650594,28791463435569,336
basic_appreq,2186887,28791465663412,336
basic_appreq,2261803,28791467972118,336
basic_appreq,1371326,28791469413444,336
basic_appreq,2057460,28791471513094,336
basic_appreq,1771088,28791473325439,336
basic_appreq,2506020,28791475874129,336
basic_appreq,1831451,28791477739263,336
basic_appreq,2014299,28791479789727,336
basic_appreq,1929917,28791481756826,336
basic_appreq,1892086,28791483686028,336
basic_appreq,2393944,28791486115189,336
basic_appreq,1954966,28791488130873,336
basic_appreq,2597067,28791490774060,336
basic_appreq,1607632,28791492425460,336
basic_appreq,1766458,28791494232196,336
basic_appreq,2211688,28791496487168,336
basic_appreq,2334050,28791498869492,336
basic_appreq,876650,28791499789682,336
basic_appreq,2112372,28791501943430,336
basic_appreq,2041023,28791504023120,336
basic_appreq,2543430,28791506608294,336
basic_appreq,2055876,28791508701651,336
basic_appreq,2377954,28791511118720,336
basic_appreq,2519189,28791513673736,336
basic_appreq,1996385,28791515707452,336
basic_appreq,2175133,28791517921319,336
basic_appreq,1614620,28791519576465,336
basic_appreq,2412364,28791522022567,336
basic_appreq,1964260,28791524029928,336
basic_appreq,2140033,28791526210212,336
basic_appreq,1610292,28791527861703,336
basic_appreq,2407300,28791530306364,336
basic_appreq,1544643,28791531899155,336
basic_appreq,2426419,28791534360816,336
basic_appreq,2392223,28791536789273,336
basic_appreq,1499726,28791538338254,336
basic_appreq,2173449,28791540549836,336
basic_appreq,2212423,28791542826256,336
basic_appreq,2365686,28791545226749,336
basic_appreq,1331933,28791546602107,336
basic_appreq,1709791,28791548352547,336
basic_appreq,2428218,28791550821688,336
basic_appreq,2366486,28791553226789,336
basic_appreq,2093629,28791555363529,336
basic_appreq,2010895,28791557418211,336
basic_appreq,2001276,28791559466143,336
basic_appreq,2048006,28791561557817,336
basic_appreq,1135494,28791562732012,336
basic_appreq,2525972,28791565292135,336
basic_appreq,2134091,28791567476683,336
basic_appreq,2188262,28791569702123,336
basic_appreq,2021551,28791571770003,336
basic_appreq,1631383,28791573444879,336
basic_appreq,2169006,28791575654106,336
basic_appreq,2249144,28791577940540,336
basic_appreq,1960233,28791579947186,336
basic_appreq,2795496,28791582786493,336
basic_appreq,2046821,28791584871524,336
basic_appreq,2348227,28791587258045,336
basic_appreq,2481624,28791589776845,336
basic_appreq,1417831,28791591242161,336
basic_appreq,1895230,28791593181340,336
basic_appreq,1881730,28791595110100,336
basic_appreq,2119658,28791597274053,336
basic_appreq,1875638,28791599196307,336
basic_appreq,2424229,28791601663867,336
basic_appreq,1656236,28791603363744,336
basic_appreq,2117382,28791605517546,336
basic_appreq,1745407,28791607308577,336
basic_appreq,2554879,28791609899911,336
basic_appreq,2354530,28791612291551,336
basic_appreq,2307039,28791614636883,336
basic_appreq,2681423,28791617363222,336
basic_appreq,2391038,28791619798671,336
basic_appreq,967459,28791620810661,336
basic_appreq,2037617,28791622894524,336
basic_appreq,2421515,28791625351922,336
basic_appreq,1555609,28791626945445,336
basic_appreq,2150550,28791629132447,336
basic_appreq,2103333,28791631282980,336
basic_appreq,2514944,28791633841744,336
basic_appreq,844512,28791634720134,336
basic_appreq,1753137,28791636506680,336
basic_appreq,1790351,28791638333479,336
basic_appreq,1934765,28791640319928,336
basic_appreq,2385341,28791642741507,336
basic_appreq,1790369,28791644572091,336
basic_appreq,1564549,28791646180517,336
basic_appreq,2143087,28791648360930,336
basic_appreq,2312258,28791650712023,336
basic_appreq,1357900,28791652113646,336
basic_appreq,1823299,28791653981731,336
basic_appreq,1527921,28791655544863,336
basic_appreq,1992494,28791657589065,336
basic_appreq,2592615,28791660220969,336
basic_appreq,2292022,28791662553105,336
basic_appreq,1673951,28791664270913,336
basic_appreq,2299009,28791666609240,336
basic_appreq,1654163,28791668309514,336
basic_appreq,2120856,28791670467884,336
basic_appreq,1895178,28791672405114,336
basic_appreq,1623569,28791674071356,336
basic_appreq,1985697,28791676095300,336
basic_appreq,2075235,28791678211211,336
basic_appreq,2409555,28791680659416,336
basic_appreq,1571216,28791682272226,336
basic_appreq,2044701,28791684352236,336
basic_appreq,2570301,28791686965394,336
basic_appreq,1074903,28791688090949,336
basic_appreq,2002045,28791690131789,336
basic_appreq,2195944,28791692364554,336
basic_appreq,1491583,28791693900488,336
basic_appreq,1980010,28791695919611,336
basic_appreq,1776346,28791697734875,336
basic_appreq,2036632,28791699825711,336
basic_appreq,2165723,28791702032120,336
basic_appreq,1563008,28791703653524,336
basic_appreq,1732328,28791705429605,336
basic_appreq,1958996,28791707441162,336
basic_appreq,1556121,28791709040421,336
basic_appreq,2110991,28791711191022,336
basic_appreq,1934568,28791713166867,336
basic_appreq,2088802,28791715292911,336
basic_appreq,1696853,28791717030761,336
basic_appreq,2061854,28791719128258,336
basic_appreq,2096532,28791721259959,336
basic_appreq,2177709,28791723485150,336
basic_appreq,2334635,28791725863864,336
basic_appreq,1428150,28791727334752,336
basic_appreq,1818457,28791729197078,336
basic_appreq,1749762,28791730995013,336
basic_appreq,2172395,28791733206125,336
basic_appreq,2009546,28791735249837,336
basic_appreq,1984428,28791737275402,336
basic_appreq,2018817,28791739347313,336
basic_appreq,1926625,28791741307662,336
basic_appreq,1627050,28791742981719,336
basic_appreq,2021124,28791745038360,336
basic_appreq,2301428,28791747380579,336
basic_appreq,2108729,28791749528758,336
basic_appreq,1902804,28791751472964,336
basic_appreq,2572794,28791754081690,336
basic_appreq,1811230,28791755940515,336
basic_appreq,2187353,28791758171276,336
basic_appreq,1747458,28791759962926,336
basic_appreq,2117728,28791762141302,336
basic_appreq,2474533,28791764656259,336
basic_appreq,2056533,28791766767113,336
basic_appreq,1954555,28791768754520,336
basic_appreq,1547812,28791770342725,336
basic_appreq,2190181,28791772567704,336
basic_appreq,1725166,28791774334603,336
basic_appreq,2302777,28791776688132,336
basic_appreq,2225092,28791778948625,336
basic_appreq,1639338,28791780627488,336
basic_appreq,2358273,28791783026446,336
basic_appreq,2023042,28791785085488,336
basic_appreq,1666593,28791786792957,336
basic_appreq,1752146,28791788580998,336
basic_appreq,2086769,28791790705490,336
basic_appreq,1921639,28791792663248,336
basic_appreq,1898269,28791794602497,336
basic_appreq,2064052,28791796702237,336
basic_appreq,2278024,28791799018010,336
basic_appreq,1089061,28791800151003,336
basic_appreq,1503534,28791801692033,336
basic_appreq,1994039,28791803722846,336
basic_appreq,1467675,28791805227739,336
basic_appreq,2016733,28791807288868,336
basic_appreq,2014960,28791809339301,336
basic_appreq,2409366,28791811794280,336
basic_appreq,2272996,28791814103952,336
basic_appreq,1489236,28791815639536,336
basic_appreq,1946743,28791817620395,336
basic_appreq,2386717,28791820043032,336
basic_appreq,1960890,28791822041571,336
basic_appreq,2271677,28791824351611,336
basic_appreq,2205904,28791826603837,336
basic_appreq,1612108,28791828259683,336
basic_appreq,2076531,28791830382695,336
basic_appreq,1876893,28791832297097,336
basic_appreq,1958050,28791834294236,336
basic_appreq,1967411,28791836300126,336
basic_appreq,2700292,28791839036195,336
basic_appreq,1971727,28791841041467,336
basic_appreq,1962835,28791843052236,336
basic_appreq,5335930,28791848424010,336
basic_appreq,1964821,28791850427178,336
basic_appreq,1800985,28791852272253,336
basic_appreq,2283899,28791854601719,336
basic_appreq,1672962,28791856318358,336
basic_appreq,2002632,28791858362710,336
basic_appreq,2047583,28791860449502,336
basic_appreq,1708420,28791862204514,336
basic_appreq,2125672,28791864367733,336
basic_appreq,2269705,28791866674444,336
basic_appreq,2242249,28791868968568,336
basic_appreq,1977200,28791870998196,336
basic_appreq,2218541,28791873257357,336
basic_appreq,2307458,28791875600976,336
basic_appreq,1427184,28791877072156,336
basic_appreq,1814859,28791878932418,336
basic_appreq,2523871,28791881500236,336
basic_appreq,1570081,28791883114244,336
basic_appreq,1608241,28791884763394,336
basic_appreq,1963315,28791886768116,336
basic_appreq,2337079,28791889142983,336
basic_appreq,1697621,28791890880712,336
basic_appreq,1954784,28791892879673,336
basic_appreq,2182344,28791895107222,336
basic_appreq,2089462,28791897246969,336
basic_appreq,1602161,28791898894250,336
basic_appreq,2129043,28791901056989,336
basic_appreq,2115711,28791903210216,336
basic_appreq,2152708,28791905406483,336
basic_appreq,1506569,28791906958925,336
basic_appreq,2233620,28791909227833,336
basic_appreq,2470183,28791911741464,336
basic_appreq,1972600,28791913749958,336
basic_appreq,2013927,28791915805789,336
basic_appreq,1927929,28791917769562,336
basic_appreq,1978786,28791919785054,336
basic_appreq,2311605,28791922132109,336
basic_appreq,2110149,28791924286491,336
basic_appreq,2254936,28791926590429,336
basic_appreq,1450437,28791928083944,336
basic_appreq,2236684,28791930364032,336
basic_appreq,1949467,28791932352820,336
basic_appreq,2320801,28791934720929,336
basic_appreq,2403488,28791937167582,336
basic_appreq,1458480,28791938675351,336
basic_appreq,1970093,28791940689919,336
basic_appreq,2292291,28791943027875,336
basic_appreq,2877618,28791945939664,336
basic_appreq,2938748,28791948916459,336
basic_appreq,2174188,28791951131389,336
basic_appreq,1928656,28791953100263,336
basic_appreq,1924891,28791955065169,336
basic_appreq,2378165,28791957479563,336
basic_appreq,1658214,28791959183296,336
basic_appreq,1627690,28791960854263,336
basic_appreq,2332336,28791963234686,336
basic_appreq,1414006,28791964692260,336
basic_appreq,2156408,28791966890839,336
basic_appreq,2502016,28791969433333,336
basic_appreq,2593502,28791972063601,336
basic_appreq,1826579,28791973937124,336
basic_appreq,1929417,28791975900420,336
basic_appreq,1417823,28791977353044,336
basic_appreq,1994508,28791979391238,336
basic_appreq,2134946,28791981562893,336
basic_appreq,1380668,28791982983686,336
basic_appreq,2219607,28791985243777,336
basic_appreq,1582514,28791986875429,336
basic_appreq,2477231,28791989489703,336
basic_appreq,2172978,28791991702075,336
basic_appreq,2324909,28791994064420,336
basic_appreq,2581861,28791996692086,336
basic_appreq,1872693,28791998609194,336
basic_appreq,1898995,28792000543696,336
basic_appreq,2190447,28792002777013,336
basic_appreq,1408692,28792004229121,336
basic_appreq,1918865,28792006201663,336
basic_appreq,1795874,28792008036201,336
basic_appreq,2561218,28792010638666,336
basic_appreq,2282466,28792012965245,336
basic_appreq,1940556,28792014955795,336
basic_appreq,2498382,28792017494136,336
basic_appreq,1561593,28792019103004,336
basic_appreq,1805386,28792020944095,336
basic_appreq,1931097,28792022925977,336
basic_appreq,2171156,28792025132817,336
basic_appreq,2025718,28792027196289,336
basic_appreq,2565265,28792029797900,336
basic_appreq,2255227,28792032095936,336
basic_appreq,1338363,28792033496172,336
basic_appreq,2232975,28792035765095,336
basic_appreq,1304477,28792037106622,336
basic_appreq,1926782,28792039076816,336
basic_appreq,2341354,28792041462675,336
basic_appreq,2316749,28792043826799,336
basic_appreq,1907449,28792045791119,336
basic_appreq,1405562,28792047242777,336
basic_appreq,2141829,28792049420936,336
basic_appreq,2285726,28792051763477,336
basic_appreq,1385523,28792053193441,336
basic_appreq,2342000,28792055583800,336
basic_appreq,2565484,28792058185824,336
basic_appreq,2141159,28792060365162,336
basic_appreq,2016302,28792062434927,336
basic_appreq,2082196,28792064557417,336
basic_appreq,2151495,28792066748676,336
basic_appreq,1593925,28792068392231,336
basic_appreq,2097027,28792070526095,336
basic_appreq,2487980,28792073054661,336
basic_appreq,2537746,28792075628847,336
basic_appreq,2196220,28792077869051,336
basic_appreq,1457424,28792079374076,336
basic_appreq,1772794,28792081201790,336
basic_appreq,2172634,28792083415983,336
basic_appreq,1850054,28792085322749,336
basic_appreq,2674640,28792088035409,336
basic_appreq,2346149,28792090421051,336
basic_appreq,1450765,28792091921449,336
basic_appreq,2091116,28792094055869,336
basic_appreq,1656861,28792095755079,336
basic_appreq,1873841,28792097664656,336
basic_appreq,1986072,28792099688361,336
basic_appreq,2145380,28792101869778,336
basic_appreq,2071564,28792103984504,336
basic_appreq,2062851,28792106110593,336
basic_appreq,2071332,28792108220511,336
basic_appreq,1389356,28792109655479,336
basic_appreq,1883444,28792111574277,336
basic_appreq,1674890,28792113284536,336
basic_appreq,2520046,28792115842887,336
basic_appreq,1444753,28792117326703,336
basic_appreq,2069965,28792119434362,336
basic_appreq,2294798,28792121772901,336
basic_appreq,1900370,28792123714388,336
basic_appreq,1891889,28792125645441,336
basic_appreq,2097720,28792127784799,336
basic_appreq,2268595,28792130087957,336
basic_appreq,1936953,28792132066708,336
basic_appreq,1543324,28792133651029,336
basic_appreq,2448240,28792136135025,336
basic_appreq,2142093,28792138322388,336
basic_appreq,2060792,28792140422396,336
basic_appreq,2591731,28792143065009,336
basic_appreq,1628003,28792144740012,336
basic_appreq,1885156,28792146672865,336
basic_appreq,1954322,28792148670429,336
basic_appreq,1736973,28792150454269,336
basic_appreq,1982006,28792152471063,336
basic_appreq,2542428,28792155050683,336
basic_appreq,1925708,28792157011856,336
basic_appreq,2156622,28792159206189,336
basic_appreq,2293932,28792161536711,336
basic_appreq,1440904,28792163023845,336
basic_appreq,2254952,28792165315070,336
basic_appreq,2563782,28792167925622,336
basic_appreq,1596674,28792169573272,336
basic_appreq,2430950,28792172042336,336
basic_appreq,2538410,28792174628170,336
basic_appreq,2069818,28792176732003,336
basic_appreq,2268829,28792179045252,336
basic_appreq,1931154,28792181017488,336
basic_appreq,2292892,28792183353489,336
basic_appreq,1390236,28792184782485,336
basic_appreq,2143197,28792186966434,336
basic_appreq,2140589,28792189144663,336
basic_appreq,1538302,28792190745173,336
basic_appreq,1947159,28792192735490,336
basic_appreq,2332729,28792195110924,336
basic_appreq,1515368,28792196667744,336
basic_appreq,1625621,28792198340416,336
basic_appreq,2009492,28792200405468,336
basic_appreq,2034928,28792202479337,336
basic_appreq,2282813,28792204799613,336
basic_appreq,2079813,28792206919014,336
basic_appreq,1952029,28792208911876,336
basic_appreq,1860376,28792210811240,336
basic_appreq,1973242,28792212818373,336
basic_appreq,1926972,28792214781291,336
basic_appreq,1953738,28792216769263,336
basic_appreq,1515171,28792218320605,336
basic_appreq,1999354,28792220358720,336
basic_appreq,2025314,28792222425628,336
basic_appreq,2182649,28792224649535,336
basic_appreq,1606354,28792226301373,336
basic_appreq,1966279,28792228308293,336
basic_appreq,1935213,28792230289195,336
basic_appreq,2002692,28792232335122,336
basic_appreq,1585033,28792233962849,336
basic_appreq,1803548,28792235805396,336
basic_appreq,1634106,28792237478220,336
basic_appreq,1613799,28792239131895,336
basic_appreq,2188155,28792241354615,336
basic_appreq,1999028,28792243395092,336
basic_appreq,1201388,28792244639862,336
basic_appreq,2010003,28792246692185,336
basic_appreq,2107573,28792248840062,336
basic_appreq,2274805,28792251156667,336
basic_appreq,2182650,28792253396866,336
basic_appreq,2600675,28792256048257,336
basic_appreq,1974544,28792258064701,336
basic_appreq,2617127,28792260720986,336
basic_appreq,1264247,28792262037657,336
basic_appreq,1812676,28792263893865,336
basic_appreq,2012544,28792265941561,336
basic_appreq,2485499,28792268464253,336
basic_appreq,1999097,28792270519376,336
basic_appreq,2367964,28792272924127,336
basic_appreq,1872879,28792274840201,336
basic_appreq,1790157,28792276671480,336
basic_appreq,2154253,28792278867589,336
basic_appreq,1885963,28792280794970,336
basic_appreq,2014440,28792282849962,336
basic_appreq,1729020,28792284619970,336
basic_appreq,2223187,28792286882252,336
basic_appreq,2472689,28792289398272,336
basic_appreq,1337458,28792290782209,336
basic_appreq,1901849,28792292727653,336
basic_appreq,1768719,28792294542623,336
basic_appreq,2428658,28792297003894,336
basic_appreq,1996880,28792299034920,336
basic_appreq,2150698,28792301222459,336
basic_appreq,1911306,28792303176985,336
basic_appreq,2231438,28792305444893,336
basic_appreq,1989790,28792307486951,336
basic_appreq,2237057,28792309769092,336
basic_appreq,2079687,28792311891868,336
basic_appreq,1649485,28792313585588,336
basic_appreq,1923989,28792315556022,336
basic_appreq,2268496,28792317868900,336
basic_appreq,2235252,28792320144470,336
basic_appreq,1958331,28792322143163,336
basic_appreq,2487384,28792324669204,336
basic_appreq,1615256,28792326336042,336
basic_appreq,2165460,28792328535908,336
basic_appreq,1411182,28792329993919,336
basic_appreq,1869623,28792331898874,336
basic_appreq,2388649,28792334323218,336
basic_appreq,1323708,28792335686825,336
basic_appreq,1920645,28792337647786,336
basic_appreq,1995519,28792339688288,336
basic_appreq,1879436,28792341602719,336
basic_appreq,1779391,28792343419159,336
basic_appreq,2058998,28792345513837,336
basic_appreq,1506743,28792347060070,336
basic_appreq,1573239,28792348676122,336
basic_appreq,2539106,28792351252851,336
basic_appreq,1923130,28792353210143,336
basic_appreq,2195633,28792355452445,336
basic_appreq,1330354,28792356820580,336
basic_appreq,2001140,28792358860674,336
basic_appreq,2077174,28792360978574,336
basic_appreq,2302129,28792363324958,336
basic_appreq,1621574,28792364991367,336
basic_appreq,2642166,28792367675224,336
basic_appreq,2539158,28792370252793,336
basic_appreq,1175910,28792371476008,336
basic_appreq,2248015,28792373765213,336
basic_appreq,2100754,28792375921042,336
basic_appreq,2254555,28792378218952,336
basic_appreq,1883779,28792380151605,336
basic_appreq,1726487,28792381924250,336
basic_appreq,2615064,28792384575530,336
basic_appreq,2307788,28792386921374,336
basic_appreq,1998800,28792388954690,336
basic_appreq,1689702,28792390683167,336
basic_appreq,2312366,28792393038645,336
basic_appreq,2473527,28792395548870,336
basic_appreq,1408438,28792396991812,336
basic_appreq,1787995,28792398834544,336
basic_appreq,1655032,28792400533262,336
basic_appreq,2006723,28792402598523,336
basic_appreq,1580709,28792404216117,336
basic_appreq,2558764,28792406818753,336
basic_appreq,1394963,28792408273086,336
basic_appreq,2113216,28792410441850,336
basic_appreq,1556392,28792412037838,336
basic_appreq,1824095,28792413900270,336
basic_appreq,2023493,28792415974796,336
basic_appreq,1753346,28792417795572,336
basic_appreq,2274119,28792420109390,336
basic_appreq,2104786,28792422267294,336
basic_appreq,1833205,28792424137179,336
basic_appreq,1941930,28792426118422,336
basic_appreq,2500050,28792428652974,336
basic_appreq,1906314,28792430597588,336
basic_appreq,1824923,28792432459846,336
basic_appreq,2606066,28792435104228,336
basic_appreq,1556391,28792436704720,336
basic_appreq,2330342,28792439071608,336
basic_appreq,2026455,28792441133646,336
basic_appreq,1898545,28792443071921,336
basic_appreq,2498260,28792445608668,336
basic_appreq,1525306,28792447180847,336
basic_appreq,2061160,28792449279664,336
basic_appreq,2260609,28792451587208,336
basic_appreq,1488169,28792453118657,336
basic_appreq,1922074,28792455082366,336
basic_appreq,1665609,28792456787224,336
basic_appreq,1924010,28792458746705,336
basic_appreq,2432654,28792461215652,336
basic_appreq,1279744,28792462534375,336
basic_appreq,1603304,28792464180547,336
basic_appreq,1689477,28792465909804,336
basic_appreq,1832063,28792467776075,336
basic_appreq,1553612,28792469364904,336
basic_appreq,2187595,28792471588812,336
basic_appreq,1958205,28792473599978,336
basic_appreq,2255656,28792475901346,336
basic_appreq,1384261,28792477322927,336
basic_appreq,1505227,28792478873669,336
basic_appreq,2089666,28792480998448,336
basic_appreq,2590818,28792483635397,336
basic_appreq,1967415,28792485653183,336
basic_appreq,2296365,28792487986689,336
basic_appreq,1513565,28792489562930,336
basic_appreq,2038519,28792491638553,336
basic_appreq,1850662,28792493527589,336
basic_appreq,2260408,28792495825826,336
basic_appreq,1849633,28792497714535,336
basic_appreq,1333691,28792499095517,336
basic_appreq,1989125,28792501121784,336
basic_appreq,2568277,28792503731928,336
basic_appreq,2036892,28792505809324,336
basic_appreq,2096637,28792507954284,336
basic_appreq,2207708,28792510205267,336
basic_appreq,1194856,28792511457747,336
basic_appreq,1971348,28792513464765,336
basic_appreq,1866132,28792515366301,336
basic_appreq,1824609,28792517224492,336
basic_appreq,2073648,28792519335115,336
basic_appreq,1730699,28792521100045,336
basic_appreq,1973340,28792523112173,336
basic_appreq,1945470,28792525095169,336
basic_appreq,2448599,28792527580416,336
basic_appreq,2036221,28792529654967,336
basic_appreq,1659367,28792531361337,336
basic_appreq,2034346,28792533433029,336
basic_appreq,2118972,28792535597407,336
basic_appreq,2550353,28792538185587,336
basic_appreq,1478253,28792539721123,336
basic_appreq,1973117,28792541733760,336
basic_appreq,2001319,28792543788673,336
basic_appreq,2279780,28792546113230,336
basic_appreq,1508791,28792547672249,336
basic_appreq,1964969,28792549673787,336
basic_appreq,2567311,28792552282056,336
basic_appreq,2001634,28792554322651,336
basic_appreq,2154002,28792556511523,336
basic_appreq,1856366,28792558406585,336
basic_appreq,1864347,28792560307375,336
basic_appreq,1943143,28792562286559,336
basic_appreq,2394714,28792564716319,336
basic_appreq,1989407,28792566745188,336
basic_appreq,1884148,28792568683018,336
basic_appreq,1853679,28792570583469,336
basic_appreq,2481480,28792573105214,336
basic_appreq,2478194,28792575621756,336
basic_appreq,2590957,28792578253140,336
basic_appreq,932703,28792579225484,336
basic_appreq,2100801,28792581367348,336
basic_appreq,2386233,28792583797057,336
basic_appreq,2465645,28792586305305,336
basic_appreq,1474204,28792587826142,336
basic_appreq,1676042,28792589543856,336
basic_appreq,2260152,28792591846947,336
basic_appreq,2556435,28792594438615,336
basic_appreq,1939819,28792596421160,336
basic_appreq,2384015,28792598844311,336
basic_appreq,2364443,28792601243535,336
basic_appreq,2255172,28792603536190,336
basic_appreq,2576728,28792606156867,336
basic_appreq,1452988,28792607655895,336
basic_appreq,2234583,28792609934560,336
basic_appreq,1527121,28792611502657,336
basic_appreq,2411532,28792613949458,336
basic_appreq,2046743,28792616050410,336
basic_appreq,1901193,28792617996786,336
basic_appreq,1941571,28792619981971,336
basic_appreq,1939910,28792621984714,336
basic_appreq,2173934,28792624203473,336
basic_appreq,1978432,28792626222188,336
basic_appreq,1584570,28792627847469,336
basic_appreq,1991799,28792629876787,336
basic_appreq,2588561,28792632503563,336
basic_appreq,1949395,28792634492049,336
basic_appreq,2001124,28792636543347,336
basic_appreq,2024028,28792638604041,336
basic_appreq,2016589,28792640656407,336
basic_appreq,2122102,28792642825278,336
basic_appreq,1334140,28792644203183,336
basic_appreq,2189211,28792646436122,336
basic_appreq,1586893,28792648067837,336
basic_appreq,2138428,28792650248127,336
basic_appreq,1689987,28792651993612,336
basic_appreq,2202980,28792654257518,336
basic_appreq,2570128,28792656868164,336
basic_appreq,2110508,28792659015586,336
basic_appreq,2193309,28792661248381,336
basic_appreq,2249268,28792663536002,336
basic_appreq,2035525,28792665606073,336
basic_appreq,2183340,28792667830602,336
basic_appreq,1825358,28792669696091,336
basic_appreq,2682405,28792672414196,336
basic_appreq,1197045,28792673652359,336
basic_appreq,2044181,28792675732261,336
basic_appreq,1667753,28792677435760,336
basic_appreq,2399381,28792679891592,336
basic_appreq,1491493,28792681426921,336
basic_appreq,2361854,28792683834843,336
basic_appreq,2223450,28792686099205,336
basic_appreq,1450659,28792687595385,336
basic_appreq,2151146,28792689783621,336
basic_appreq,2325823,28792692153442,336
basic_appreq,1538150,28792693742322,336
basic_appreq,2371319,28792696150447,336
basic_appreq,2067150,28792698257766,336
basic_appreq,1967874,28792700262365,336
basic_appreq,1939697,28792702248662,336
basic_appreq,2529206,28792704821960,336
basic_appreq,1480328,28792706352506,336
basic_appreq,1936181,28792708327831,336
basic_appreq,2359545,28792710729395,336
basic_appreq,1461108,28792712234068,336
basic_appreq,1991270,28792714262080,336
basic_appreq,2251458,28792716550891,336
basic_appreq,2077193,28792718675385,336
basic_appreq,1928255,28792720647196,336
basic_appreq,2465408,28792723152123,336
basic_appreq,2359664,28792725547227,336
basic_appreq,2238265,28792727824498,336
basic_appreq,2115649,28792729976512,336
basic_appreq,2575821,28792732600231,336
basic_appreq,746568,28792733388151,336
basic_appreq,2124593,28792735546811,336
basic_appreq,2408802,28792737995504,336
basic_appreq,1517759,28792739552971,336
basic_appreq,1424630,28792741019423,336
basic_appreq,1952633,28792743012162,336
basic_appreq,2181600,28792745235392,336
basic_appreq,1891523,28792747171323,336
basic_appreq,2399740,28792749608680,336
basic_appreq,2398636,28792752044751,336
basic_appreq,1420908,28792753508189,336
basic_appreq,1862935,28792755414972,336
basic_appreq,2497880,28792757952446,336
basic_appreq,2136699,28792760129662,336
basic_appreq,1933516,28792762105981,336
basic_appreq,2557154,28792764703628,336
basic_appreq,2314669,28792767057939,336
basic_appreq,2119813,28792769214984,336
basic_appreq,3053008,28792772312265,336
basic_appreq,1270739,28792773619331,336
basic_appreq,1430908,28792775094362,336
basic_appreq,2409167,28792777538204,336
basic_appreq,1141680,28792778727059,336
basic_appreq,1764810,28792780526678,336
basic_appreq,2119540,28792782681303,336
basic_appreq,1890154,28792784605693,336
basic_appreq,1666981,28792786310949,336
basic_appreq,1983811,28792788330897,336
basic_appreq,2391322,28792790761463,336
basic_appreq,1904799,28792792704135,336
basic_appreq,2082924,28792794831144,336
basic_appreq,2390113,28792797257996,336
basic_appreq,1464406,28792798768289,336
basic_appreq,2129336,28792800937757,336
basic_appreq,2390547,28792803375351,336
basic_appreq,2321907,28792805746538,336
basic_appreq,2426150,28792808210924,336
basic_appreq,1103983,28792809361640,336
basic_appreq,1785443,28792811190980,336
basic_appreq,2555963,28792813800167,336
basic_appreq,1700777,28792815541395,336
basic_appreq,1836343,28792817416161,336
basic_appreq,1860876,28792819317023,336
basic_appreq,2434822,28792821789430,336
basic_appreq,2205051,28792824038041,336
basic_appreq,2299868,28792826385688,336
basic_appreq,1969137,28792828422950,336
basic_appreq,2338248,28792830817654,336
basic_appreq,1722257,28792832583590,336
basic_appreq,2290571,28792834914631,336
basic_appreq,2516432,28792837466341,336
basic_appreq,1694698,28792839204354,336
basic_appreq,1809909,28792841054894,336
basic_appreq,1936583,28792843029732,336
basic_appreq,2040249,28792845107603,336
basic_appreq,1884098,28792847032889,336
basic_appreq,2170980,28792849247147,336
basic_appreq,2016818,28792851301344,336
basic_appreq,2420985,28792853755896,336
basic_appreq,2098821,28792855896051,336
basic_appreq,1746573,28792857686349,336
basic_appreq,2050870,28792859774047,336
basic_appreq,1832131,28792861644109,336
basic_appreq,2343168,28792864026980,336
basic_appreq,2010132,28792866079617,336
basic_appreq,2088024,28792868210677,336
basic_appreq,2161567,28792870422165,336
basic_appreq,1732539,28792872198235,336
basic_appreq,1941992,28792874179968,336
basic_appreq,2319857,28792876533661,336
basic_appreq,2579428,28792879147961,336
basic_appreq,2306480,28792881494806,336
basic_appreq,1607666,28792883143064,336
basic_appreq,2163066,28792885349266,336
basic_appreq,1811698,28792887207787,336
basic_appreq,2340195,28792889591306,336
basic_appreq,1704227,28792891342324,336
basic_appreq,1857662,28792893243982,336
basic_appreq,1713681,28792895004319,336
basic_appreq,1572535,28792896620419,336
basic_appreq,2678089,28792899336064,336
basic_appreq,2642065,28792902013642,336
basic_appreq,2086570,28792904135983,336
basic_appreq,1983487,28792906171788,336
basic_appreq,2201958,28792908409158,336
basic_appreq,1581936,28792910036194,336
basic_appreq,2375223,28792912449127,336
basic_appreq,1341964,28792913837945,336
basic_appreq,1661441,28792915543102,336
basic_appreq,2465642,28792918047801,336
basic_appreq,2311049,28792920400822,336
basic_appreq,1193238,28792921638130,336
basic_appreq,1953209,28792923634580,336
basic_appreq,2212817,28792925891127,336
basic_appreq,2532965,28792928474454,336
basic_appreq,2542390,28792931053176,336
basic_appreq,1514397,28792932622955,336
basic_appreq,2158824,28792934826182,336
basic_appreq,2536500,28792937406063,336
basic_appreq,2305914,28792939772247,336
basic_appreq,1993976,28792941802745,336
basic_appreq,2089686,28792943932221,336
basic_appreq,1829739,28792945815404,336
basic_appreq,1820650,28792947693623,336
basic_appreq,1921397,28792949649609,336
basic_appreq,2350805,28792952036871,336
basic_appreq,2207056,28792954282003,336
basic_appreq,1416739,28792955744427,336
basic_appreq,1998752,28792957789184,336
basic_appreq,1660840,28792959490451,336
basic_appreq,2332349,28792961858199,336
basic_appreq,2218879,28792964120002,336
basic_appreq,1127070,28792965289364,336
basic_appreq,2654270,28792967983317,336
basic_appreq,2091246,28792970153998,336
basic_appreq,1442828,28792971639150,336
basic_appreq,2359942,28792974033816,336
basic_appreq,2336565,28792976412291,336
basic_appreq,2260111,28792978714231,336
basic_appreq,2017829,28792980776497,336
basic_appreq,1639978,28792982460191,336
basic_appreq,2414153,28792984913654,336
basic_appreq,2034937,28792986993903,336
basic_appreq,2458969,28792989490764,336
basic_appreq,1552787,28792991084375,336
basic_appreq,2300758,28792993428913,336
basic_appreq,1882024,28792995347685,336
basic_appreq,1736152,28792997127660,336
basic_appreq,1919140,28792999081884,336
basic_appreq,1694202,28793000809989,336
basic_appreq,2265692,28793003128495,336
basic_appreq,1982045,28793005162887,336
basic_appreq,2375093,28793007579822,336
basic_appreq,1458346,28793009081796,336
basic_appreq,1779415,28793010905112,336
basic_appreq,2339369,28793013281418,336
basic_appreq,2416935,28793015746857,336
basic_appreq,1699865,28793017486115,336
basic_appreq,1995716,28793019526619,336
basic_appreq,2034761,28793021604980,336
basic_appreq,2343304,28793023991529,336
basic_appreq,1587138,28793025648419,336
basic_appreq,1595867,28793027283624,336
basic_appreq,2667964,28793029984530,336
basic_appreq,1842726,28793031880882,336
basic_appreq,2141353,28793034065221,336
basic_appreq,1941995,28793036045602,336
basic_appreq,2048811,28793038133596,336
basic_appreq,1883848,28793040066438,336
basic_appreq,1907493,28793042015751,336
basic_appreq,1770474,28793043829594,336
basic_appreq,1975828,28793045846755,336
basic_appreq,2573706,28793048466118,336
basic_appreq,2417498,28793050923157,336
basic_appreq,1641212,28793052608254,336
basic_appreq,1625805,28793054278776,336
basic_appreq,2484889,28793056800749,336
basic_appreq,1750706,28793058588805,336
basic_appreq,1536000,28793060160981,336
basic_appreq,2157279,28793062361024,336
basic_appreq,1977321,28793064381663,336
basic_appreq,1722930,28793066151141,336
basic_appreq,2048158,28793068238696,336
basic_appreq,1982637,28793070266726,336
basic_appreq,1571753,28793071874453,336
basic_appreq,2401079,28793074313849,336
basic_appreq,1542129,28793075893491,336
basic_appreq,1987806,28793077916359,336
basic_appreq,1715804,28793079670058,336
basic_appreq,1840851,28793081544149,336
basic_appreq,2251498,28793083846687,336
basic_appreq,2378545,28793086262505,336
basic_appreq,2474366,28793088794054,336
basic_appreq,2033076,28793090867651,336
basic_appreq,1742497,28793092649839,336
basic_appreq,1526177,28793094226044,336
basic_appreq,2268442,28793096538976,336
basic_appreq,2348164,28793098943969,336
basic_appreq,1709513,28793100691618,336
basic_appreq,1853571,28793102584397,336
basic_appreq,2310692,28793104934351,336
basic_appreq,1721082,28793106693627,336
basic_appreq,1973894,28793108702979,336
basic_appreq,1592276,28793110334334,336
basic_appreq,2509108,28793112879969,336
basic_appreq,1589883,28793114514261,336
basic_appreq,2494749,28793117049719,336
basic_appreq,2563124,28793119656047,336
basic_appreq,2387469,28793122085756,336
basic_appreq,1279738,28793123411715,336
basic_appreq,1696970,28793125149898,336
basic_appreq,1963952,28793127155330,336
basic_appreq,2070764,28793129265079,336
basic_appreq,2584920,28793131891837,336
basic_appreq,2088808,28793134024801,336
basic_appreq,1565568,28793135637219,336
basic_appreq,2369813,28793138042943,336
basic_appreq,1410260,28793139495145,336
basic_appreq,1735297,28793141266299,336
basic_appreq,1686290,28793142990003,336
basic_appreq,2362139,28793145388235,336
basic_appreq,1944574,28793147373212,336
basic_appreq,1637685,28793149055005,336
basic_appreq,2460472,28793151552122,336
basic_appreq,2259577,28793153852408,336
basic_appreq,1470175,28793155368421,336
basic_appreq,1785725,28793157188768,336
basic_appreq,1718471,28793158946687,336
basic_appreq,1907547,28793160892362,336
basic_appreq,1939402,28793162873898,336
basic_appreq,1687096,28793164601152,336
basic_appreq,2049983,28793166703814,336
basic_appreq,2025647,28793168766745,336
basic_appreq,2232816,28793171035143,336
basic_appreq,1330170,28793172408791,336
basic_appreq,2135793,28793174590331,336
basic_appreq,2060856,28793176688878,336
basic_appreq,2321037,28793179049378,336
basic_appreq,1371583,28793180467611,336
basic_appreq,2340058,28793182858519,336
basic_appreq,2165199,28793185059728,336
basic_appreq,2289205,28793187386247,336
basic_appreq,1707497,28793189137544,336
basic_appreq,2175472,28793191355675,336
basic_appreq,1783005,28793193178437,336
basic_appreq,2590211,28793195801729,336
basic_appreq,2356100,28793198192637,336
basic_appreq,2088252,28793200317916,336
basic_appreq,2309945,28793202673886,336
basic_appreq,1565188,28793204282880,336
basic_appreq,1795479,28793206125860,336
basic_appreq,2402960,28793208568787,336
basic_appreq,2375403,28793210985554,336
basic_appreq,2018029,28793213043223,336
basic_appreq,1998528,28793215090704,336
basic_appreq,2784192,28793217919158,336
basic_appreq,2362300,28793220318638,336
basic_appreq,2550087,28793222911782,336
basic_appreq,2305086,28793225255282,336
basic_appreq,1421086,28793226725687,336
basic_appreq,1447614,28793228218312,336
basic_appreq,1737912,28793229998728,336
basic_appreq,1894518,28793231932765,336
basic_appreq,1624502,28793233600825,336
basic_appreq,1801506,28793235443076,336
basic_appreq,1996513,28793237478447,336
basic_appreq,1861612,28793239374078,336
basic_appreq,1621688,28793241028107,336
basic_appreq,1771280,28793242841085,336
basic_appreq,1487122,28793244371649,336
basic_appreq,1991097,28793246410840,336
basic_appreq,2408414,28793248855748,336
basic_appreq,1497139,28793250400946,336
basic_appreq,1797193,28793252235276,336
basic_appreq,1732110,28793254016566,336
basic_appreq,2215269,28793256266055,336
basic_appreq,2322979,28793258626547,336
basic_appreq,1997908,28793260659850,336
basic_appreq,2196394,28793262900164,336
basic_appreq,2473719,28793265417020,336
basic_appreq,2179082,28793267638960,336
basic_appreq,1883680,28793269566162,336
basic_appreq,1615373,28793271223966,336
basic_appreq,1241642,28793272505213,336
basic_appreq,2039905,28793274590699,336
basic_appreq,1959880,28793276589520,336
basic_appreq,2468038,28793279097356,336
basic_appreq,2072931,28793281206227,336
basic_appreq,1470536,28793282720517,336
basic_appreq,2377322,28793285137924,336
basic_appreq,1988401,28793287165517,336
basic_appreq,1696780,28793288901282,336
basic_appreq,1997992,28793290941302,336
basic_appreq,1999180,28793292984649,336
basic_appreq,2133198,28793295163838,336
basic_appreq,2021071,28793297229841,336
basic_appreq,1853024,28793299129537,336
basic_appreq,2082299,28793301249962,336
basic_appreq,2068310,28793303364333,336
basic_appreq,2990437,28793306393973,336
basic_appreq,2690228,28793309125207,336
basic_appreq,2237436,28793311404468,336
basic_appreq,2697891,28793314141841,336
basic_appreq,2476278,28793316660086,336
basic_appreq,2064294,28793318766820,336
basic_appreq,2610999,28793321414493,336
basic_appreq,1482959,28793322948860,336
basic_appreq,1863070,28793324851003,336
basic_appreq,2063964,28793326955706,336
basic_appreq,2209864,28793329206277,336
basic_appreq,1520784,28793330773934,336
basic_appreq,1899482,28793332717119,336
basic_appreq,2146365,28793334909210,336
basic_appreq,2159677,28793337112457,336
basic_appreq,2541721,28793339693682,336
basic_appreq,2693256,28793342428237,336
basic_appreq,2117738,28793344583205,336
basic_appreq,2460065,28793347090016,336
basic_appreq,2472279,28793349613180,336
basic_appreq,2413008,28793352067489,336
basic_appreq,1010786,28793353118524,336
basic_appreq,2007103,28793355168431,336
basic_appreq,2015253,28793357226724,336
basic_appreq,2206172,28793359478199,336
basic_appreq,2377927,28793361899924,336
basic_appreq,1884928,28793363837095,336
basic_appreq,2385863,28793366271585,336
basic_appreq,1535961,28793367860033,336
basic_appreq,1985196,28793369889413,336
basic_appreq,2739841,28793372675162,336
basic_appreq,2736216,28793375445340,336
basic_appreq,1983251,28793377467798,336
basic_appreq,2024023,28793379526232,336
basic_appreq,1738115,28793381307854,336
basic_appreq,2150488,28793383492178,336
basic_appreq,2197192,28793385729221,336
basic_appreq,2201219,28793387989061,336
basic_appreq,2042222,28793390097794,336
basic_appreq,1708199,28793391851172,336
basic_appreq,1935183,28793393823868,336
basic_appreq,1544986,28793395409304,336
basic_appreq,2550368,28793398013090,336
basic_appreq,1548047,28793399610823,336
basic_appreq,1949999,28793401604383,336
basic_appreq,2164299,28793403820622,336
basic_appreq,1367870,28793405231668,336
basic_appreq,2284773,28793407568909,336
basic_appreq,2270315,28793409872012,336
basic_appreq,2437904,28793412345500,336
basic_appreq,1721990,28793414113317,336
basic_appreq,2006223,28793416156859,336
basic_appreq,2151299,28793418353814,336
basic_appreq,1699457,28793420108604,336
basic_appreq,2051567,28793422200031,336
basic_appreq,2449263,28793424686991,336
basic_appreq,1699292,28793426439081,336
basic_appreq,2330868,28793428814402,336
basic_appreq,1201191,28793430056902,336
basic_appreq,1970525,28793432063563,336
basic_appreq,1957247,28793434060973,336
basic_appreq,2623189,28793436718775,336
basic_appreq,2366157,28793439122573,336
basic_appreq,1929408,28793441092536,336
basic_appreq,1844917,28793442978434,336
basic_appreq,2221206,28793445239233,336
basic_appreq,2265477,28793447541480,336
basic_appreq,2186697,28793449763984,336
basic_appreq,2003352,28793451823112,336
basic_appreq,1811982,28793453671466,336
basic_appreq,1276754,28793454995461,336
basic_appreq,1788924,28793456828129,336
basic_appreq,2127938,28793458992699,336
basic_appreq,2288035,28793461320157,336
basic_appreq,2141776,28793463516004,336
basic_appreq,2383744,28793465943219,336
basic_appreq,2225608,28793468219133,336
basic_appreq,1871637,28793470133699,336
basic_appreq,1723083,28793471900140,336
basic_appreq,2303096,28793474239711,336
basic_appreq,1741435,28793476028146,336
basic_appreq,1665684,28793477739877,336
basic_appreq,1902144,28793479679578,336
basic_appreq,2166409,28793481883330,336
basic_appreq,2805124,28793484730368,336
basic_appreq,2443896,28793487209917,336
basic_appreq,2582842,28793489827514,336
basic_appreq,1483541,28793491352600,336
basic_appreq,1316332,28793492707267,336
basic_appreq,2268748,28793495011974,336
basic_appreq,2192843,28793497244773,336
basic_appreq,1448606,28793498738970,336
basic_appreq,2285702,28793501074294,336
basic_appreq,2250188,28793503365109,336
basic_appreq,2031548,28793505434805,336
basic_appreq,1739727,28793507217909,336
basic_appreq,1936220,28793509195828,336
basic_appreq,2105829,28793511343491,336
basic_appreq,1809553,28793513196074,336
basic_appreq,2264355,28793515497102,336
basic_appreq,1905437,28793517438336,336
basic_appreq,2048566,28793519526782,336
basic_appreq,1968269,28793521529760,336
basic_appreq,2135667,28793523701137,336
basic_appreq,2224455,28793525964726,336
basic_appreq,2266919,28793528287075,336
basic_appreq,1670027,28793530005317,336
basic_appreq,2407957,28793532452331,336
basic_appreq,2221394,28793534712027,336
basic_appreq,1679032,28793536435227,336
basic_appreq,1837324,28793538311877,336
basic_appreq,2449966,28793540799550,336
basic_appreq,1687140,28793542531364,336
basic_appreq,2394299,28793544977161,336
basic_appreq,1978066,28793546999696,336
basic_appreq,1523859,28793548567215,336
basic_appreq,2404262,28793551007653,336
basic_appreq,2160179,28793553203807,336
basic_appreq,1966925,28793555209748,336
basic_appreq,1381270,28793556634166,336
basic_appreq,1843267,28793558521703,336
basic_appreq,1945612,28793560510511,336
basic_appreq,2346155,28793562893453,336
basic_appreq,1582567,28793564513367,336
basic_appreq,1991471,28793566545622,336
basic_appreq,1361773,28793567946068,336
basic_appreq,2029875,28793570015607,336
basic_appreq,1820385,28793571877747,336
basic_appreq,2136146,28793574050531,336
basic_appreq,2251006,28793576338822,336
basic_appreq,2598815,28793578974244,336
basic_appreq,2570235,28793581580717,336
basic_appreq,1553129,28793583180104,336
basic_appreq,1687009,28793584911561,336
basic_appreq,2398557,28793587348250,336
basic_appreq,2348702,28793589733319,336
basic_appreq,1008157,28793590783733,336
basic_appreq,2028907,28793592855515,336
basic_appreq,2374964,28793595270198,336
basic_appreq,1878409,28793597192403,336
basic_appreq,1779324,28793599015208,336
basic_appreq,2133096,28793601185484,336
basic_appreq,2311867,28793603543476,336
basic_appreq,1941317,28793605545510,336
basic_appreq,2515146,28793608106754,336
basic_appreq,2087852,28793610238269,336
basic_appreq,1954895,28793612230023,336
basic_appreq,1675264,28793613945198,336
basic_appreq,2231743,28793616217220,336
basic_appreq,1219015,28793617469964,336
basic_appreq,1840916,28793619356036,336
basic_appreq,1621891,28793621018385,336
basic_appreq,2563105,28793623618788,336
basic_appreq,1866503,28793625528821,336
basic_appreq,1565946,28793627139435,336
basic_appreq,2085827,28793629260650,336
basic_appreq,1793206,28793631100002,336
basic_appreq,2296142,28793633431323,336
basic_appreq,1968767,28793635438357,336
basic_appreq,2021851,28793637494522,336
basic_appreq,2176946,28793639707148,336
basic_appreq,2064117,28793641805668,336
basic_appreq,2098763,28793643940106,336
basic_appreq,2226265,28793646209856,336
basic_appreq,2336591,28793648587543,336
basic_appreq,2231997,28793650875440,336
basic_appreq,1399380,28793652316286,336
basic_appreq,1745868,28793654102365,336
basic_appreq,2073073,28793656219548,336
basic_appreq,2270751,28793658535848,336
basic_appreq,1812065,28793660391332,336
basic_appreq,2463046,28793662909082,336
basic_appreq,2215519,28793665160477,336
basic_appreq,1477462,28793666684128,336
basic_appreq,2063995,28793668791641,336
basic_appreq,2004284,28793670844645,336
basic_appreq,1851096,28793672757133,336
basic_appreq,2064864,28793674869624,336
basic_appreq,2097724,28793677006705,336
basic_appreq,1972277,28793679016708,336
basic_appreq,2261781,28793681314169,336
basic_appreq,2256939,28793683609243,336
basic_appreq,2175956,28793685825936,336
basic_appreq,1753571,28793687620853,336
basic_appreq,2440697,28793690096870,336
basic_appreq,1958325,28793692092372,336
basic_appreq,2166287,28793694304328,336
basic_appreq,1976670,28793696318608,336
basic_appreq,2367953,28793698733708,336
basic_appreq,2386080,28793701168623,336
basic_appreq,2347459,28793703550354,336
basic_appreq,1971680,28793705559383,336
basic_appreq,1469643,28793707072392,336
basic_appreq,2199288,28793709310226,336
basic_appreq,2448151,28793711804434,336
basic_appreq,2610415,28793714454023,336
basic_appreq,1452315,28793715964616,336
basic_appreq,1864486,28793717895612,336
basic_appreq,1970605,28793719909565,336
basic_appreq,1852467,28793721805711,336
basic_appreq,2029665,28793723873159,336
basic_appreq,1784105,28793725696571,336
basic_appreq,2048546,28793727783234,336
basic_appreq,1917986,28793729741214,336
basic_appreq,2007390,28793731788559,336
basic_appreq,2086354,28793733909066,336
basic_appreq,2253633,28793736206020,336
basic_appreq,1332996,28793737586685,336
basic_appreq,1616039,28793739256483,336
basic_appreq,2511120,28793741801025,336
basic_appreq,2137826,28793743979382,336
basic_appreq,1735203,28793745784661,336
basic_appreq,1820572,28793747653487,336
basic_appreq,1740757,28793749436738,336
basic_appreq,1992794,28793751466573,336
basic_appreq,1966180,28793753470364,336
basic_appreq,1919603,28793755428506,336
basic_appreq,2001682,28793757481207,336
basic_appreq,1931064,28793759450947,336
basic_appreq,2063881,28793761550497,336
basic_appreq,1949160,28793763537013,336
basic_appreq,2246078,28793765822742,336
basic_appreq,2109592,28793767975259,336
basic_appreq,1373652,28793769414880,336
basic_appreq,1871282,28793771326392,336
basic_appreq,1622340,28793772993123,336
basic_appreq,1911228,28793774941487,336
basic_appreq,1910640,28793776887502,336
basic_appreq,2073053,28793779003134,336
basic_appreq,2312452,28793781355145,336
basic_appreq,2279522,28793783677610,336
basic_appreq,1419934,28793785141657,336
basic_appreq,1698213,28793786897306,336
basic_appreq,2036887,28793788971738,336
basic_appreq,1964104,28793790972162,336
basic_appreq,1429676,28793792445114,336
basic_appreq,2354995,28793794840399,336
basic_appreq,1845465,28793796729316,336
basic_appreq,1918360,28793798687786,336
basic_appreq,2598320,28793801322108,336
basic_appreq,1989483,28793803350480,336
basic_appreq,2146229,28793805537902,336
basic_appreq,1183348,28793806767660,336
basic_appreq,1509944,28793808336493,336
basic_appreq,2398267,28793810771953,336
basic_appreq,2619756,28793813427289,336
basic_appreq,2220667,28793815691495,336
basic_appreq,2238607,28793817969516,336
basic_appreq,2119720,28793820127440,336
basic_appreq,2027960,28793822197576,336
basic_appreq,1648677,28793823901876,336
basic_appreq,1990239,28793825929055,336
basic_appreq,2101662,28793828080380,336
basic_appreq,2682716,28793830809598,336
basic_appreq,1924174,28793832771938,336
basic_appreq,1807977,28793834639540,336
basic_appreq,2002669,28793836685658,336
basic_appreq,1938226,28793838677631,336
basic_appreq,1791484,28793840503289,336
basic_appreq,1995583,28793842533968,336
basic_appreq,2541847,28793845110643,336
basic_appreq,2344492,28793847498463,336
basic_appreq,1171510,28793848713295,336
basic_appreq,2163512,28793850927529,336
basic_appreq,2623988,28793853591982,336
basic_appreq,2006625,28793855635495,336
basic_appreq,2077852,28793857754537,336
basic_appreq,1967102,28793859768553,336
basic_appreq,2080585,28793861888285,336
basic_appreq,2126855,28793864052808,336
basic_appreq,1560977,28793865650653,336
basic_appreq,2168968,28793867863506,336
basic_appreq,2327392,28793870230179,336
basic_appreq,2258248,28793872532633,336
basic_appreq,2048336,28793874625347,336
basic_appreq,2506076,28793877187366,336
basic_appreq,2019250,28793879249161,336
basic_appreq,2220606,28793881509066,336
basic_appreq,1383228,28793882938011,336
basic_appreq,1593837,28793884596462,336
basic_appreq,1755229,28793886388134,336
basic_appreq,2405171,28793888827395,336
basic_appreq,1805367,28793890690932,336
basic_appreq,2051338,28793892779703,336
basic_appreq,2602009,28793895416654,336
basic_appreq,2187741,28793897643757,336
basic_appreq,2482500,28793900167632,336
basic_appreq,1958211,28793902182861,336
basic_appreq,1977149,28793904199240,336
basic_appreq,2105923,28793906347632,336
basic_appreq,1539537,28793907930363,336
basic_appreq,1922606,28793909896309,336
basic_appreq,1786991,28793911724630,336
basic_appreq,2235699,28793913997536,336
basic_appreq,1542094,28793915578757,336
basic_appreq,1746397,28793917361974,336
basic_appreq,2275703,28793919680391,336
basic_appreq,2073115,28793921790087,336
basic_appreq,2384522,28793924216225,336
basic_appreq,1868061,28793926130197,336
basic_appreq,1659207,28793927832874,336
basic_appreq,1560774,28793929432395,336
basic_appreq,1749579,28793931223121,336
basic_appreq,2486535,28793933752355,336
basic_appreq,2473826,28793936261024,336
basic_appreq,2449796,28793938747250,336
basic_appreq,1656866,28793940438486,336
basic_appreq,2399544,28793942877356,336
basic_appreq,1964540,28793944885231,336
basic_appreq,2299723,28793947230758,336
basic_appreq,1645759,28793948921210,336
basic_appreq,1537021,28793950508672,336
basic_appreq,2012742,28793952558260,336
basic_appreq,2499176,28793955102330,336
basic_appreq,2301590,28793957440960,336
basic_appreq,2135570,28793959621359,336
basic_appreq,2351390,28793962013968,336
basic_appreq,2145140,28793964201811,336
basic_appreq,1413826,28793965661330,336
basic_appreq,2407487,28793968119815,336
basic_appreq,1405654,28793969585269,336
basic_appreq,1658489,28793971278411,336
basic_appreq,1778387,28793973090909,336
basic_appreq,1943770,28793975073378,336
basic_appreq,2109287,28793977218256,336
basic_appreq,2154079,28793979414887,336
basic_appreq,1892676,28793981351129,336
basic_appreq,2052710,28793983450007,336
basic_appreq,1825050,28793985318666,336
basic_appreq,1850078,28793987207922,336
basic_appreq,1731075,28793988982164,336
basic_appreq,2339735,28793991361520,336
basic_appreq,2320657,28793993720080,336
basic_appreq,2488878,28793996245082,336
basic_appreq,1172611,28793997465599,336
basic_appreq,1378468,28793998881498,336
basic_appreq,1710294,28794000631027,336
basic_appreq,1978488,28794002649546,336
basic_appreq,1539511,28794004232469,336
basic_appreq,2336542,28794006604781,336
basic_appreq,2042968,28794008682353,336
basic_appreq,2418366,28794011157313,336
basic_appreq,1569024,28794012767773,336
basic_appreq,1638804,28794014451493,336
basic_appreq,1831424,28794016326066,336
basic_appreq,2123663,28794018489098,336
basic_appreq,2598179,28794021126188,336
basic_appreq,1409077,28794022574521,336
basic_appreq,1965938,28794024580740,336
basic_appreq,2497778,28794027114150,336
basic_appreq,2080005,28794029228911,336
basic_appreq,2000090,28794031283241,336
basic_appreq,1982318,28794033304674,336
basic_appreq,2323047,28794035674193,336
basic_appreq,1619857,28794037348160,336
basic_appreq,1845245,28794039234876,336
basic_appreq,1764168,28794041042321,336
basic_appreq,2383637,28794043467502,336
basic_appreq,1473614,28794044980360,336
basic_appreq,2196724,28794047214313,336
basic_appreq,1956778,28794049204680,336
basic_appreq,2371336,28794051610665,336
basic_appreq,2092218,28794053735915,336
basic_appreq,1564636,28794055339962,336
basic_appreq,1917272,28794057290702,336
basic_appreq,2067222,28794059399334,336
basic_appreq,2739158,28794062182693,336
basic_appreq,1770015,28794063987921,336
basic_appreq,2700081,28794066746875,336
basic_appreq,1964452,28794068750291,336
basic_appreq,2049439,28794070840914,336
basic_appreq,1678766,28794072563860,336
basic_appreq,1403881,28794074006030,336
basic_appreq,1861374,28794075904778,336
basic_appreq,2440180,28794078398649,336
basic_appreq,2335040,28794080772852,336
basic_appreq,1529647,28794082340438,336
basic_appreq,2013574,28794084391449,336
basic_appreq,2656845,28794087094373,336
basic_appreq,2422466,28794089555302,336
basic_appreq,2170862,28794091780770,336
basic_appreq,1654525,28794093495235,336
basic_appreq,1515624,28794095055743,336
basic_appreq,1975482,28794097068139,336
basic_appreq,1992845,28794099100185,336
basic_appreq,2753111,28794101897227,336
basic_appreq,2449761,28794104389454,336
basic_appreq,1418679,28794105857394,336
basic_appreq,1904698,28794107805578,336
basic_appreq,1933530,28794109783056,336
basic_appreq,1795617,28794111626155,336
basic_appreq,2119135,28794113786423,336
basic_appreq,2579051,28794116402492,336
basic_appreq,2431157,28794118871546,336
basic_appreq,747650,28794119662421,336
basic_appreq,2114832,28794121809472,336
basic_appreq,2498223,28794124342584,336
basic_appreq,2194407,28794126572636,336
basic_appreq,2270882,28794128883067,336
basic_appreq,2005098,28794130931063,336
basic_appreq,1537652,28794132512316,336
basic_appreq,2194286,28794134750210,336
basic_appreq,2069351,28794136865177,336
basic_appreq,1409786,28794138321349,336
basic_appreq,2277337,28794140639751,336
basic_appreq,1444078,28794142131314,336
basic_appreq,2106912,28794144272519,336
basic_appreq,1999209,28794146310239,336
basic_appreq,1611593,28794147957984,336
basic_appreq,1982353,28794149979232,336
basic_appreq,2522429,28794152555003,336
basic_appreq,1223962,28794153822017,336
basic_appreq,1415998,28794155275510,336
basic_appreq,1983736,28794157291466,336
basic_appreq,2015464,28794159342665,336
basic_appreq,2487271,28794161874615,336
basic_appreq,2445647,28794164362501,336
basic_appreq,1406311,28794165808777,336
basic_appreq,2696683,28794168549074,336
basic_appreq,1880725,28794170466584,336
basic_appreq,2079042,28794172580863,336
basic_appreq,1792550,28794174411021,336
basic_appreq,2256229,28794176703522,336
basic_appreq,2239585,28794178990635,336
basic_appreq,2260547,28794181289941,336
basic_appreq,1254042,28794182590573,336
basic_appreq,2375929,28794185006648,336
basic_appreq,1926581,28794186981183,336
basic_appreq,1667979,28794188693151,336
basic_appreq,1920245,28794190653240,336
basic_appreq,2628277,28794193319670,336
basic_appreq,2293057,28794195654842,336
basic_appreq,2205967,28794197904960,336
basic_appreq,2461712,28794200412431,336
basic_appreq,1604629,28794202052956,336
basic_appreq,2312441,28794204400112,336
basic_appreq,2098672,28794206544494,336
basic_appreq,2557848,28794209145860,336
basic_appreq,1787154,28794210970345,336
basic_appreq,2148348,28794213159626,336
basic_appreq,2046168,28794215249068,336
basic_appreq,2256935,28794217546420,336
basic_appreq,1480747,28794219078575,336
basic_appreq,2204755,28794221327178,336
basic_appreq,1548395,28794222924091,336
basic_appreq,2222749,28794225182280,336
basic_appreq,2149569,28794227368964,336
basic_appreq,1846722,28794229259950,336
basic_appreq,1752358,28794231059097,336
basic_appreq,1693529,28794232788158,336
basic_appreq,2233543,28794235060580,336
basic_appreq,2467389,28794237568671,336
basic_appreq,1949010,28794239565615,336
basic_appreq,2054452,28794241657548,336
basic_appreq,2104922,28794243808392,336
basic_appreq,1405807,28794245253540,336
basic_appreq,2083953,28794247393795,336
basic_appreq,2084336,28794249528349,336
basic_appreq,1852205,28794251425897,336
basic_appreq,2029145,28794253490416,336
basic_appreq,1901846,28794255430491,336
basic_appreq,2290521,28794257756813,336
basic_appreq,2445295,28794260241709,336
basic_appreq,1937605,28794262216236,336
basic_appreq,2425152,28794264676335,336
basic_appreq,2380676,28794267094221,336
basic_appreq,1473353,28794268610603,336
basic_appreq,2003402,28794270653297,336
basic_appreq,1998403,28794272687533,336
basic_appreq,1917697,28794274655712,336
basic_appreq,2359960,28794277060747,336
basic_appreq,2015517,28794279124477,336
basic_appreq,1627114,28794280794822,336
basic_appreq,2273041,28794283103141,336
basic_appreq,2158379,28794285301396,336
basic_appreq,2243064,28794287590027,336
basic_appreq,2289901,28794289923352,336
basic_appreq,1294266,28794291265076,336
basic_appreq,1803529,28794293112059,336
basic_appreq,2499238,28794295648716,336
basic_appreq,2453633,28794298140361,336
basic_appreq,2287334,28794300465383,336
basic_appreq,1489463,28794302012875,336
basic_appreq,2074078,28794304130686,336
basic_appreq,1585310,28794305775201,336
basic_appreq,2334386,28794308147832,336
basic_appreq,2627680,28794310816960,336
basic_appreq,1970637,28794312827911,336
basic_appreq,2304927,28794315174312,336
basic_appreq,2059950,28794317271808,336
basic_appreq,2459136,28794319774459,336
basic_appreq,2445781,28794322263985,336
basic_appreq,1314903,28794323626833,336
basic_appreq,1747231,28794325409101,336
basic_appreq,2198186,28794327643060,336
basic_appreq,1711878,28794329390181,336
basic_appreq,1615805,28794331041900,336
basic_appreq,2657128,28794333734267,336
basic_appreq,936664,28794334712328,336
basic_appreq,1855752,28794336606724,336
basic_appreq,2167602,28794338811179,336
basic_appreq,2224245,28794341070286,336
basic_appreq,1985148,28794343098868,336
basic_appreq,1839747,28794344981847,336
basic_appreq,2582659,28794347603613,336
basic_appreq,2071527,28794349712774,336
basic_appreq,2527198,28794352294180,336
basic_appreq,1676170,28794354014565,336
basic_appreq,2233713,28794356285365,336
basic_appreq,2721990,28794359044726,336
basic_appreq,2253946,28794361334192,336
basic_appreq,2466223,28794363848154,336
basic_appreq,1271535,28794365172626,336
basic_appreq,1623850,28794366838689,336
basic_appreq,2451239,28794369328021,336
basic_appreq,1993640,28794371364365,336
basic_appreq,1607878,28794373015273,336
basic_appreq,1793611,28794374852124,336
basic_appreq,1945240,28794376835567,336
basic_appreq,1960022,28794378846944,336
basic_appreq,1986643,28794380877658,336
basic_appreq,1708611,28794382632685,336
basic_appreq,1883971,28794384553099,336
basic_appreq,2157895,28794386752527,336
basic_appreq,2290586,28794389078817,336
basic_appreq,1904351,28794391022281,336
basic_appreq,2237634,28794393301008,336
basic_appreq,1852146,28794395193016,336
basic_appreq,1899525,28794397135694,336
basic_appreq,1934144,28794399107211,336
basic_appreq,1686232,28794400828753,336
basic_appreq,2335749,28794403204728,336
basic_appreq,1034836,28794404294537,336
basic_appreq,2298705,28794406640717,336
basic_appreq,1298573,28794407982705,336
basic_appreq,2279613,28794410328691,336
basic_appreq,1579224,28794411953048,336
basic_appreq,2197994,28794414185013,336
basic_appreq,2063070,28794416283727,336
basic_appreq,2478559,28794418804168,336
basic_appreq,2549249,28794421405586,336
basic_appreq,2247217,28794423691897,336
basic_appreq,2207362,28794425936036,336
basic_appreq,1931829,28794427907290,336
basic_appreq,2097983,28794430046018,336
basic_appreq,1900570,28794431989373,336
basic_appreq,2114548,28794434160794,336
basic_appreq,2089153,28794436294974,336
basic_appreq,1977427,28794438309369,336
basic_appreq,1985728,28794440335749,336
basic_appreq,2178969,28794442560679,336
basic_appreq,1422837,28794444035919,336
basic_appreq,2241171,28794446322712,336
basic_appreq,2186998,28794448553824,336
basic_appreq,912042,28794449504790,336
basic_appreq,1744576,28794451286300,336
basic_appreq,2240357,28794453560727,336
basic_appreq,2414840,28794456021810,336
basic_appreq,1588606,28794457656364,336
basic_appreq,1561147,28794459256300,336
basic_appreq,1902873,28794461197561,336
basic_appreq,2506486,28794463741295,336
basic_appreq,1960295,28794465736661,336
basic_appreq,2015861,28794467790738,336
basic_appreq,2495621,28794470326260,336
basic_appreq,1395291,28794471767422,336
basic_appreq,2063332,28794473880828,336
basic_appreq,2300145,28794476227556,336
basic_appreq,1890812,28794478164703,336
basic_appreq,1776728,28794479984462,336
basic_appreq,2029855,28794482074359,336
basic_appreq,2134107,28794484244321,336
basic_appreq,2240899,28794486527084,336
basic_appreq,1591849,28794488161947,336
basic_appreq,2015785,28794490216616,336
basic_appreq,2556598,28794492810009,336
basic_appreq,1620682,28794494471841,336
basic_appreq,1707462,28794496223008,336
basic_appreq,1730358,28794497993728,336
basic_appreq,1743816,28794499770808,336
basic_appreq,2206514,28794502011706,336
basic_appreq,1621752,28794503681009,336
basic_appreq,1711783,28794505436557,336
basic_appreq,2127001,28794507605542,336
basic_appreq,1999001,28794509643820,336
basic_appreq,1606881,28794511297580,336
basic_appreq,2310369,28794513659951,336
basic_appreq,1904479,28794515601949,336
basic_appreq,2180994,28794517818981,336
basic_appreq,1857900,28794519716895,336
basic_appreq,1705042,28794521457165,336
basic_appreq,2019450,28794523521363,336
basic_appreq,1942794,28794525507827,336
basic_appreq,1976115,28794527539553,336
basic_appreq,1433083,28794529006620,336
basic_appreq,1798577,28794530845241,336
basic_appreq,1837895,28794532720290,336
basic_appreq,1578242,28794534341076,336
basic_appreq,1930498,28794536312187,336
basic_appreq,1778416,28794538129001,336
basic_appreq,2103987,28794540272013,336
basic_appreq,1844698,28794542158852,336
basic_appreq,2330469,28794544526758,336
basic_appreq,2070664,28794546638655,336
basic_appreq,2260540,28794548932865,336
basic_appreq,1166577,28794550145537,336
basic_appreq,1992795,28794552182326,336
basic_appreq,2294011,28794554524309,336
basic_appreq,2021612,28794556589462,336
basic_appreq,2230233,28794558858723,336
basic_appreq,2188950,28794561089715,336
basic_appreq,2098884,28794563249179,336
basic_appreq,1950988,28794565243461,336
basic_appreq,1987306,28794567277693,336
basic_appreq,2231863,28794569544740,336
basic_appreq,2176337,28794571758928,336
basic_appreq,1792266,28794573587113,336
basic_appreq,2476027,28794576101885,336
basic_appreq,2208679,28794578349782,336
basic_appreq,1681260,28794580071980,336
basic_appreq,2630834,28794582748098,336
basic_appreq,2002890,28794584786850,336
basic_appreq,2056429,28794586886361,336
basic_appreq,1824868,28794588754675,336
basic_appreq,1765238,28794590562696,336
basic_appreq,1676636,28794592278623,336
basic_appreq,2158319,28794594483187,336
basic_appreq,2023376,28794596547294,336
basic_appreq,2401904,28794598990826,336
basic_appreq,2026109,28794601058923,336
basic_appreq,2556836,28794603659569,336
basic_appreq,2087632,28794605783679,336
basic_appreq,1745793,28794607569229,336
basic_appreq,1400586,28794609013578,336
basic_appreq,2030822,28794611099796,336
basic_appreq,2251559,28794613391367,336
basic_appreq,1360197,28794614797363,336
basic_appreq,2245409,28794617078186,336
basic_appreq,2264355,28794619384739,336
basic_appreq,2280949,28794621706994,336
basic_appreq,2479070,28794624231195,336
basic_appreq,1485249,28794625757348,336
basic_appreq,1976634,28794627787060,336
basic_appreq,1729092,28794629559095,336
basic_appreq,2016821,28794631615367,336
basic_appreq,1647608,28794633306049,336
basic_appreq,2446416,28794635788038,336
basic_appreq,2426751,28794638249257,336
basic_appreq,1753841,28794640042347,336
basic_appreq,2308585,28794642390868,336
basic_appreq,2341704,28794644770193,336
basic_appreq,2002634,28794646812390,336
basic_appreq,2221639,28794649073106,336
basic_appreq,1449015,28794650577644,336
basic_appreq,1911773,28794652533089,336
basic_appreq,2264994,28794654838542,336
basic_appreq,2003890,28794656878640,336
basic_appreq,2491020,28794659407487,336
basic_appreq,2000194,28794661442777,336
basic_appreq,1512448,28794662994053,336
basic_appreq,1967565,28794664996467,336
basic_appreq,1773523,28794666810339,336
basic_appreq,2051769,28794668897258,336
basic_appreq,1407807,28794670348394,336
basic_appreq,1879855,28794672284348,336
basic_appreq,1820352,28794674150385,336
basic_appreq,2049346,28794676235693,336
basic_appreq,2012988,28794678288048,336
basic_appreq,1998905,28794680325745,336
basic_appreq,2377309,28794682743930,336
basic_appreq,2201831,28794684989563,336
basic_appreq,1212793,28794686248186,336
basic_appreq,2046719,28794688334067,336
basic_appreq,2150821,28794690527113,336
basic_appreq,1427792,28794691999262,336
basic_appreq,1911537,28794694000299,336
basic_appreq,2341075,28794696376233,336
basic_appreq,1874568,28794698297716,336
basic_appreq,2301204,28794700638811,336
basic_appreq,2369497,28794703052228,336
basic_appreq,1409297,28794704505005,336
basic_appreq,1651039,28794706201638,336
basic_appreq,1940292,28794708185247,336
basic_appreq,2233889,28794710473463,336
basic_appreq,1979857,28794712504725,336
basic_appreq,2280297,28794714826511,336
basic_appreq,2323568,28794717187211,336
basic_appreq,1612379,28794718845063,336
basic_appreq,1836037,28794720741401,336
basic_appreq,1725695,28794722510012,336
basic_appreq,2107111,28794724652897,336
basic_appreq,2348508,28794727040700,336
basic_appreq,1623499,28794728707415,336
basic_appreq,2005905,28794730753457,336
basic_appreq,2385867,28794733180752,336
basic_appreq,2181974,28794735403364,336
basic_appreq,2311146,28794737757807,336
basic_appreq,2457683,28794740266040,336
basic_appreq,2277381,28794742581481,336
basic_appreq,1419105,28794744043914,336
basic_appreq,1930693,28794746017098,336
basic_appreq,2028222,28794748084189,336
basic_appreq,2403727,28794750526795,336
basic_appreq,2459341,28794753021940,336
basic_appreq,1732063,28794754797294,336
basic_appreq,1951359,28794756784450,336
basic_appreq,2254281,28794759076461,336
basic_appreq,2054491,28794761166704,336
basic_appreq,2248186,28794763470234,336
basic_appreq,2475429,28794765987056,336
basic_appreq,1375852,28794767402443,336
basic_appreq,1731704,28794769171410,336
basic_appreq,2069348,28794771279440,336
basic_appreq,1496930,28794772816303,336
basic_appreq,2258060,28794775121400,336
basic_appreq,2354597,28794777519482,336
basic_appreq,1571553,28794779137952,336
basic_appreq,2171193,28794781352895,336
basic_appreq,1855453,28794783248645,336
basic_appreq,1887426,28794785179473,336
basic_appreq,2040852,28794787257157,336
basic_appreq,2528668,28794789821522,336
basic_appreq,2007764,28794791875654,336
basic_appreq,2438106,28794794353313,336
basic_appreq,1950670,28794796344160,336
basic_appreq,1842436,28794798230167,336
basic_appreq,2232221,28794800500863,336
basic_appreq,1629833,28794802167358,336
basic_appreq,2186584,28794804403648,336
basic_appreq,2595099,28794807059003,336
basic_appreq,2339105,28794809437524,336
basic_appreq,2144769,28794811628819,336
basic_appreq,1490013,28794813162150,336
basic_appreq,1745835,28794814953556,336
basic_appreq,1984972,28794816975527,336
basic_appreq,2606531,28794819635880,336
basic_appreq,2086843,28794821763331,336
basic_appreq,1537689,28794823346944,336
basic_appreq,2045696,28794825430942,336
basic_appreq,2121039,28794827590137,336
basic_appreq,1454281,28794829099237,336
basic_appreq,2060066,28794831196441,336
basic_appreq,1909742,28794833141978,336
basic_appreq,2005096,28794835188052,336
basic_appreq,2102546,28794837326747,336
basic_appreq,2419506,28794839798631,336
basic_appreq,1669562,28794841503737,336
basic_appreq,2214772,28794843755886,336
basic_appreq,1959298,28794845756218,336
basic_appreq,2357775,28794848155117,336
basic_appreq,1842936,28794850045976,336
basic_appreq,2359173,28794852448571,336
basic_appreq,2488908,28794854980578,336
basic_appreq,1451056,28794856475421,336
basic_appreq,1682869,28794858199818,336
basic_appreq,2657470,28794860893366,336
basic_appreq,2424034,28794863354422,336
basic_appreq,2366024,28794865761630,336
basic_appreq,1523695,28794867333036,336
basic_appreq,2090296,28794869466881,336
basic_appreq,1814772,28794871330358,336
basic_appreq,2106066,28794873477151,336
basic_appreq,2058541,28794875575875,336
basic_appreq,2167302,28794877779511,336
basic_appreq,2441688,28794880260682,336
basic_appreq,2225678,28794882528395,336
basic_appreq,2239088,28794884807770,336
basic_appreq,1931456,28794886785914,336
basic_appreq,1703153,28794888532881,336
basic_appreq,2012263,28794890590572,336
basic_appreq,1881859,28794892510446,336
basic_appreq,2051955,28794894605368,336
basic_appreq,2415165,28794897055726,336
basic_appreq,1938485,28794899037865,336
basic_appreq,1997285,28794901080324,336
basic_appreq,1744106,28794902874860,336
basic_appreq,2066409,28794904981003,336
basic_appreq,2438434,28794907461554,336
basic_appreq,2048934,28794909544202,336
basic_appreq,2015646,28794911596747,336
basic_appreq,2361894,28794913994658,336
basic_appreq,1484996,28794915527113,336
basic_appreq,2005829,28794917568603,336
basic_appreq,2276752,28794919886658,336
basic_appreq,1329815,28794921272246,336
basic_appreq,2399029,28794923714975,336
basic_appreq,1797883,28794925547446,336
basic_appreq,2567747,28794928152019,336
basic_appreq,2386424,28794930573609,336
basic_appreq,2019856,28794932632468,336
basic_appreq,1425376,28794934104405,336
basic_appreq,1966102,28794936119514,336
basic_appreq,1979512,28794938140307,336
basic_appreq,2615422,28794940790644,336
basic_appreq,1322714,28794942160355,336
basic_appreq,1471661,28794943673767,336
basic_appreq,2098067,28794945812126,336
basic_appreq,1541884,28794947399895,336
basic_appreq,1846244,28794949282991,336
basic_appreq,1794574,28794951117237,336
basic_appreq,2169814,28794953325297,336
basic_appreq,2218474,28794955590999,336
basic_appreq,958607,28794956592725,336
basic_appreq,1721665,28794958353931,336
basic_appreq,2325132,28794960714444,336
basic_appreq,1612668,28794962372546,336
basic_appreq,2612334,28794965021677,336
basic_appreq,1894879,28794966955321,336
basic_appreq,1959922,28794968955257,336
basic_appreq,2229270,28794971221561,336
basic_appreq,1803334,28794973061139,336
basic_appreq,2015005,28794975114515,336
basic_appreq,1676165,28794976826439,336
basic_appreq,2460762,28794979324731,336
basic_appreq,1504221,28794980868618,336
basic_appreq,1798419,28794982712693,336
basic_appreq,1472807,28794984226136,336
basic_appreq,1681359,28794985950325,336
basic_appreq,1750822,28794987754698,336
basic_appreq,1919918,28794989711319,336
basic_appreq,2004697,28794991752425,336
basic_appreq,2581274,28794994369165,336
basic_appreq,1550038,28794995957549,336
basic_appreq,2499628,28795001971334,336
basic_appreq,2346063,28795004343613,336
basic_appreq,1910244,28795006280981,336
basic_appreq,2573201,28795008893631,336
basic_appreq,1117914,28795010040371,336
basic_appreq,1849784,28795011915369,336
basic_appreq,2480936,28795014430247,336
basic_appreq,1996680,28795016463076,336
basic_appreq,2417349,28795018923758,336
basic_appreq,2066399,28795021024231,336
basic_appreq,1887303,28795022952074,336
basic_appreq,2113591,28795025100178,336
basic_appreq,1929373,28795027065914,336
basic_appreq,2055591,28795029155312,336
basic_appreq,2232971,28795031443088,336
basic_appreq,2077173,28795033556037,336
basic_appreq,2358132,28795035956892,336
basic_appreq,2665165,28795038657897,336
basic_appreq,1993184,28795040688830,336
basic_appreq,2402114,28795043134015,336
basic_appreq,1594980,28795044768234,336
basic_appreq,2421752,28795047226490,336
basic_appreq,2273437,28795049536183,336
basic_appreq,1885554,28795051460093,336
basic_appreq,2648298,28795054144604,336
basic_appreq,2517336,28795056699378,336
basic_appreq,2132379,28795058869381,336
basic_appreq,1847775,28795060755094,336
basic_appreq,2093110,28795062896128,336
basic_appreq,2486412,28795065416827,336
basic_appreq,1936268,28795067398300,336
basic_appreq,2494672,28795069926766,336
basic_appreq,1915484,28795071878404,336
basic_appreq,1872644,28795073790461,336
basic_appreq,2295016,28795076126856,336
basic_appreq,2824916,28795078993609,336
basic_appreq,2046477,28795081077144,336
basic_appreq,2703123,28795083823093,336
basic_appreq,2542471,28795086404940,336
basic_appreq,2193427,28795088634858,336
basic_appreq,2280978,28795090951319,336
basic_appreq,3171070,28795094155837,336
basic_appreq,2132010,28795096323602,336
basic_appreq,2522112,28795098886458,336
basic_appreq,5050030,28795103973794,336
basic_appreq,2035564,28795106066804,336
basic_appreq,2002894,28795108107049,336
basic_appreq,2162750,28795110309057,336
basic_appreq,2819033,28795113166202,336
basic_appreq,2622619,28795115828529,336
basic_appreq,2438888,28795118296483,336
basic_appreq,1352901,28795119684425,336
basic_appreq,1858763,28795121572324,336
basic_appreq,1723259,28795123326411,336
basic_appreq,2409556,28795125765073,336
basic_appreq,1414758,28795127225578,336
basic_appreq,4362504,28795131632772,336
basic_appreq,1802735,28795133472016,336
basic_appreq,2376911,28795135887986,336
basic_appreq,1686379,28795137598383,336
basic_appreq,1754362,28795139396735,336
basic_appreq,1350712,28795140788633,336
basic_appreq,1979693,28795142808481,336
basic_appreq,2284264,28795145140626,336
basic_appreq,1601688,28795146788302,336
basic_appreq,1668887,28795148494636,336
basic_appreq,1498892,28795150032786,336
basic_appreq,2044767,28795152115478,336
basic_appreq,2265518,28795154425712,336
basic_appreq,767490,28795155235767,336
basic_appreq,1783480,28795157066301,336
basic_appreq,2095904,28795159198252,336
basic_appreq,1358558,28795160600974,336
basic_appreq,2397801,28795163039266,336
basic_appreq,2132199,28795165215395,336
basic_appreq,1955769,28795167229582,336
basic_appreq,1847213,28795169120831,336
basic_appreq,2426494,28795171582695,336
basic_appreq,1330474,28795172950388,336
basic_appreq,1810116,28795174807852,336
basic_appreq,2281846,28795177133025,336
basic_appreq,2410029,28795179580749,336
basic_appreq,2194202,28795181808751,336
basic_appreq,1941104,28795183796123,336
basic_appreq,1948070,28795185787408,336
basic_appreq,2401421,28795188233037,336
basic_appreq,1610090,28795189891004,336
basic_appreq,1779769,28795191724331,336
basic_appreq,2111103,28795193880244,336
basic_appreq,1984160,28795195901206,336
basic_appreq,1944418,28795197885424,336
basic_appreq,1977390,28795199907356,336
basic_appreq,2484173,28795202429305,336
basic_appreq,1388676,28795203865031,336
basic_appreq,2021923,28795205928226,336
basic_appreq,1923116,28795207905109,336
basic_appreq,1503581,28795209452659,336
basic_appreq,2011273,28795211497151,336
basic_appreq,1558376,28795213088030,336
basic_appreq,1861396,28795214983799,336
basic_appreq,1687917,28795216704483,336
basic_appreq,1980298,28795218718944,336
basic_appreq,1994153,28795220748738,336
basic_appreq,2521594,28795223313229,336
basic_appreq,864229,28795224220764,336
basic_appreq,1888444,28795226146139,336
basic_appreq,2575734,28795228757588,336
basic_appreq,1794235,28795230601496,336
basic_appreq,1940700,28795232582015,336
basic_appreq,2245102,28795234873185,336
basic_appreq,2582532,28795237495111,336
basic_appreq,1699693,28795239242283,336
basic_appreq,1942800,28795241225992,336
basic_appreq,1851219,28795243118370,336
basic_appreq,2660229,28795245813656,336
basic_appreq,1690234,28795247550940,336
basic_appreq,2031516,28795249626084,336
basic_appreq,2538986,28795252206992,336
basic_appreq,1869591,28795254123276,336
basic_appreq,1817471,28795255982892,336
basic_appreq,1573034,28795257620705,336
basic_appreq,1581316,28795259244516,336
basic_appreq,2061275,28795261340079,336
basic_appreq,2258799,28795263637716,336
basic_appreq,1485521,28795265160114,336
basic_appreq,2003439,28795267199715,336
basic_appreq,2390849,28795269627905,336
basic_appreq,1476452,28795271145102,336
basic_appreq,1956784,28795273145529,336
basic_appreq,1898373,28795275090849,336
basic_appreq,1963893,28795277098267,336
basic_appreq,2133847,28795279277169,336
basic_appreq,2597197,28795281914094,336
basic_appreq,1955241,28795283908033,336
basic_appreq,2080287,28795286032175,336
basic_appreq,2297431,28795288377105,336
basic_appreq,2629047,28795291052571,336
basic_appreq,1311831,28795292408719,336
basic_appreq,1823446,28795294276145,336
basic_appreq,2157472,28795296471577,336
basic_appreq,2559458,28795299069589,336
basic_appreq,2674285,28795301781420,336
basic_appreq,1756154,28795303577940,336
basic_appreq,2218843,28795305831537,336
basic_appreq,2486849,28795308365143,336
basic_appreq,1510272,28795309921093,336
basic_appreq,1633363,28795311610391,336
basic_appreq,2114424,28795313759781,336
basic_appreq,2396822,28795316199925,336
basic_appreq,1518046,28795317775307,336
basic_appreq,2528748,28795320345763,336
basic_appreq,2359908,28795322757663,336
basic_appreq,2494731,28795325285627,336
basic_appreq,2262490,28795327585594,336
basic_appreq,1484195,28795329107456,336
basic_appreq,2178339,28795331330341,336
basic_appreq,1610789,28795332984922,336
basic_appreq,2341418,28795335365544,336
basic_appreq,2407075,28795337812745,336
basic_appreq,1897626,28795339755419,336
basic_appreq,1821687,28795341620751,336
basic_appreq,2248458,28795343908816,336
basic_appreq,2046220,28795346006368,336
basic_appreq,2337437,28795348381009,336
basic_appreq,2070618,28795350495315,336
basic_appreq,2011867,28795352542863,336
basic_appreq,2047000,28795354632330,336
basic_appreq,2359131,28795357025846,336
basic_appreq,1342677,28795358413506,336
basic_appreq,1945883,28795360394634,336
basic_appreq,2153510,28795362589051,336
basic_appreq,2544473,28795365175716,336
basic_appreq,1312971,28795366535410,336
basic_appreq,2059701,28795368650637,336
basic_appreq,2231150,28795370921450,336
basic_appreq,1503623,28795372460712,336
basic_appreq,1982114,28795374478297,336
basic_appreq,2238549,28795376749817,336
basic_appreq,2278423,28795379068097,336
basic_appreq,1449449,28795380560845,336
basic_appreq,2079094,28795382691162,336
basic_appreq,4985279,28795387719870,336
basic_appreq,1641212,28795389401178,336
basic_appreq,2443783,28795391885009,336
basic_appreq,2128513,28795394055060,336
basic_appreq,2323695,28795396422119,336
basic_appreq,1615440,28795398067455,336
basic_appreq,1817080,28795399928950,336
basic_appreq,1479847,28795401436465,336
basic_appreq,1532725,28795402996148,336
basic_appreq,2730831,28795405752705,336
basic_appreq,1980746,28795407777394,336
basic_appreq,1528066,28795409348881,336
basic_appreq,1930212,28795411307339,336
basic_appreq,2601642,28795413934712,336
basic_appreq,1897699,28795415872613,336
basic_appreq,2052334,28795417959459,336
basic_appreq,1615063,28795419613893,336
basic_appreq,1929355,28795421580173,336
basic_appreq,1958453,28795423578906,336
basic_appreq,2341889,28795425958354,336
basic_appreq,1573123,28795427572582,336
basic_appreq,1932839,28795429538322,336
basic_appreq,2280929,28795431853491,336
basic_appreq,1996529,28795433888927,336
basic_appreq,1399318,28795435323739,336
basic_appreq,2357295,28795437733127,336
basic_appreq,701416,28795438479117,336
basic_appreq,2398635,28795440912552,336
basic_appreq,2270545,28795443224606,336
basic_appreq,2206913,28795445469596,336
basic_appreq,1518120,28795447032483,336
basic_appreq,2060312,28795449140633,336
basic_appreq,1631074,28795450813359,336
basic_appreq,2063961,28795452913848,336
basic_appreq,2233951,28795455186543,336
basic_appreq,2066618,28795457296459,336
basic_appreq,2523639,28795459866560,336
basic_appreq,849676,28795460760017,336
basic_appreq,2088351,28795462883970,336
basic_appreq,2502516,28795465423090,336
basic_appreq,1405495,28795466871828,336
basic_appreq,2425229,28795469333498,336
basic_appreq,2159094,28795471531137,336
basic_appreq,2641475,28795474208623,336
basic_appreq,1884502,28795476132518,336
basic_appreq,1999322,28795478169524,336
basic_appreq,1869902,28795480076277,336
basic_appreq,2049662,28795482164747,336
basic_appreq,1545176,28795483750027,336
basic_appreq,2186593,28795485980657,336
basic_appreq,1529935,28795487555532,336
basic_appreq,1973529,28795489586899,336
basic_appreq,1972273,28795491603291,336
basic_appreq,2376265,28795494018263,336
basic_appreq,1470837,28795495535074,336
basic_appreq,1728701,28795497307730,336
basic_appreq,1940402,28795499287259,336
basic_appreq,2474879,28795501799374,336
basic_appreq,1873701,28795503731874,336
basic_appreq,1865468,28795505641914,336
basic_appreq,1878259,28795507563719,336
basic_appreq,1998059,28795509605199,336
basic_appreq,1552718,28795511204706,336
basic_appreq,1887023,28795513133297,336
basic_appreq,2184005,28795515357217,336
basic_appreq,1983279,28795517381168,336
basic_appreq,2671303,28795520092948,336
basic_appreq,1611998,28795521751796,336
basic_appreq,1360474,28795523155450,336
basic_appreq,1789873,28795524983262,336
basic_appreq,2021264,28795527042967,336
basic_appreq,1593328,28795528676866,336
basic_appreq,1968367,28795530685766,336
basic_appreq,2228919,28795532958972,336
basic_appreq,1881516,28795534887305,336
basic_appreq,2218391,28795537150213,336
basic_appreq,2063167,28795539258348,336
basic_appreq,2893236,28795542195436,336
basic_appreq,2438077,28795544684147,336
basic_appreq,2391660,28795547120575,336
basic_appreq,2117283,28795549288962,336
basic_appreq,1341440,28795550671408,336
basic_appreq,1550223,28795552265209,336
basic_appreq,1718734,28795554023150,336
basic_appreq,2239725,28795556297495,336
basic_appreq,2022959,28795558367885,336
basic_appreq,2081780,28795560492889,336
basic_appreq,2415964,28795562949373,336
basic_appreq,1635268,28795564628139,336
basic_appreq,1870734,28795566544589,336
basic_appreq,2196474,28795568779975,336
basic_appreq,1985864,28795570807715,336
basic_appreq,2320476,28795573163494,336
basic_appreq,2288591,28795575491934,336
basic_appreq,1468581,28795577019109,336
basic_appreq,2073255,28795579131802,336
basic_appreq,1586737,28795580762402,336
basic_appreq,2223509,28795583026061,336
basic_appreq,2340201,28795585400092,336
basic_appreq,1905246,28795587344225,336
basic_appreq,2207853,28795589583083,336
basic_appreq,1664014,28795591301704,336
basic_appreq,2028061,28795593374080,336
basic_appreq,1866791,28795595279302,336
basic_appreq,1654716,28795596968338,336
basic_appreq,2128227,28795599135913,336
basic_appreq,2318933,28795601494475,336
basic_appreq,1551537,28795603086365,336
basic_appreq,1714674,28795604846100,336
basic_appreq,2237227,28795607124361,336
basic_appreq,1998142,28795609161749,336
basic_appreq,1793141,28795611002225,336
basic_appreq,2090434,28795613134335,336
basic_appreq,1879635,28795615060992,336
basic_appreq,2249146,28795617346012,336
basic_appreq,2798676,28795620187500,336
basic_appreq,2130909,28795622351829,336
basic_appreq,2443252,28795624827317,336
basic_appreq,2373189,28795627236213,336
basic_appreq,1578326,28795628857774,336
basic_appreq,1929736,28795630832546,336
basic_appreq,1927778,28795632803436,336
basic_appreq,1953010,28795634800982,336
basic_appreq,2164624,28795637004607,336
basic_appreq,1876214,28795638922537,336
basic_appreq,2294449,28795641252131,336
basic_appreq,1970636,28795643258776,336
basic_appreq,1765333,28795645060362,336
basic_appreq,2034639,28795647134088,336
basic_appreq,2134564,28795649304132,336
basic_appreq,1977074,28795651322167,336
basic_appreq,1782544,28795653146468,336
basic_appreq,2316535,28795655502187,336
basic_appreq,2145926,28795657686799,336
basic_appreq,1581151,28795659307077,336
basic_appreq,2190148,28795661530978,336
basic_appreq,2233523,28795663800686,336
basic_appreq,1557561,28795665392262,336
basic_appreq,1925307,28795667352338,336
basic_appreq,1442221,28795668836668,336
basic_appreq,1271485,28795670144640,336
basic_appreq,2184369,28795672370231,336
basic_appreq,1375720,28795673790017,336
basic_appreq,2047847,28795675872871,336
basic_appreq,2267657,28795678182448,336
basic_appreq,1838579,28795680078104,336
basic_appreq,2354875,28795682475026,336
basic_appreq,2850615,28795685361577,336
basic_appreq,2189096,28795687590553,336
basic_appreq,2262617,28795689889666,336
basic_appreq,1493414,28795691424371,336
basic_appreq,2091279,28795693559290,336
basic_appreq,1604361,28795695210339,336
basic_appreq,2008966,28795697254132,336
basic_appreq,1842687,28795699136805,336
basic_appreq,1828961,28795701003371,336
basic_appreq,2184459,28795703224547,336
basic_appreq,2251151,28795705510672,336
basic_appreq,2556480,28795708106339,336
basic_appreq,1460809,28795709615374,336
basic_appreq,1817565,28795711475592,336
basic_appreq,2229450,28795713746923,336
basic_appreq,2195102,28795715975256,336
basic_appreq,2314970,28795718345186,336
basic_appreq,2568816,28795720964884,336
basic_appreq,2273687,28795723280457,336
basic_appreq,2346127,28795725665108,336
basic_appreq,1667225,28795727376849,336
basic_appreq,2365415,28795729782225,336
basic_appreq,1955914,28795731787115,336
basic_appreq,1725777,28795733556140,336
basic_appreq,2440492,28795736042939,336
basic_appreq,1879156,28795737964897,336
basic_appreq,1803950,28795739808036,336
basic_appreq,2541084,28795742384365,336
basic_appreq,2479655,28795744904664,336
basic_appreq,1525203,28795746475096,336
basic_appreq,1576362,28795748093029,336
basic_appreq,2292255,28795750425295,336
basic_appreq,2498352,28795752960947,336
basic_appreq,2238244,28795755239865,336
basic_appreq,1483855,28795756767829,336
basic_appreq,2189398,28795759011572,336
basic_appreq,2021688,28795761076625,336
basic_appreq,2478523,28795763600825,336
basic_appreq,1844644,28795765486354,336
basic_appreq,2227002,28795767756958,336
basic_appreq,1742128,28795769542792,336
basic_appreq,2094966,28795771674466,336
basic_appreq,2217949,28795773926995,336
basic_appreq,2497331,28795776460201,336
basic_appreq,2248604,28795778747279,336
basic_appreq,1620737,28795780411804,336
basic_appreq,2301008,28795782750656,336
basic_appreq,2318794,28795785112621,336
basic_appreq,1674944,28795786834404,336
basic_appreq,2074886,28795788970730,336
basic_appreq,1746801,28795790755151,336
basic_appreq,2053483,28795792849987,336
basic_appreq,1914266,28795794805602,336
basic_appreq,2173783,28795797015325,336
basic_appreq,2394836,28795799449034,336
basic_appreq,2041755,28795801524094,336
basic_appreq,2381545,28795803951780,336
basic_appreq,2611502,28795806598725,336
basic_appreq,1517072,28795808155529,336
basic_appreq,1365505,28795809566010,336
basic_appreq,2339757,28795811945202,336
basic_appreq,1886601,28795813869756,336
basic_appreq,2283675,28795816199443,336
basic_appreq,1566751,28795817808043,336
basic_appreq,1618039,28795819465520,336
basic_appreq,2595402,28795822096779,336
basic_appreq,2398834,28795824534658,336
basic_appreq,1419656,28795825995805,336
basic_appreq,2730471,28795828757358,336
basic_appreq,2227787,28795831015004,336
basic_appreq,2347756,28795833391995,336
basic_appreq,1399290,28795834833153,336
basic_appreq,2058578,28795836928533,336
basic_appreq,1872015,28795838843623,336
basic_appreq,2535193,28795841413564,336
basic_appreq,2093060,28795843545580,336
basic_appreq,1843275,28795845426500,336
basic_appreq,2069254,28795847532497,336
basic_appreq,2107860,28795849678088,336
basic_appreq,1441712,28795851166534,336
basic_appreq,1856487,28795853058625,336
basic_appreq,2400884,28795855499615,336
basic_appreq,2583141,28795858118791,336
basic_appreq,817088,28795858978905,336
basic_appreq,2013295,28795861028486,336
basic_appreq,2506607,28795863569739,336
basic_appreq,2049812,28795865653614,336
basic_appreq,2727044,28795868420488,336
basic_appreq,818499,28795869282335,336
basic_appreq,2285797,28795871602506,336
basic_appreq,1972758,28795873610875,336
basic_appreq,2045462,28795875696468,336
basic_appreq,2455912,28795878194258,336
basic_appreq,2293776,28795880530513,336
basic_appreq,2171875,28795882745342,336
basic_appreq,1264394,28795884051170,336
basic_appreq,1610933,28795885708087,336
basic_appreq,2145511,28795887888921,336
basic_appreq,2128857,28795890050105,336
basic_appreq,1567708,28795891658748,336
basic_appreq,1947203,28795893645054,336
basic_appreq,2627767,28795896329479,336
basic_appreq,2192066,28795898557590,336
basic_appreq,2137823,28795900737912,336
basic_appreq,1422854,28795902206470,336
basic_appreq,2508480,28795904755088,336
basic_appreq,1591488,28795906392939,336
basic_appreq,2312612,28795908748481,336
basic_appreq,2569746,28795911375062,336
basic_appreq,2307309,28795913717573,336
basic_appreq,1587634,28795915344429,336
basic_appreq,1788750,28795917170897,336
basic_appreq,2220140,28795919436559,336
basic_appreq,2238095,28795921711916,336
basic_appreq,1816570,28795923568537,336
basic_appreq,2257145,28795925863598,336
basic_appreq,2265006,28795928168846,336
basic_appreq,2261502,28795930474279,336
basic_appreq,2524962,28795933039197,336
basic_appreq,1056865,28795934143464,336
basic_appreq,2099861,28795936287063,336
basic_appreq,2502144,28795938836291,336
basic_appreq,1194715,28795940074585,336
basic_appreq,1521185,28795941640573,336
basic_appreq,2123535,28795943799415,336
basic_appreq,2065454,28795945899861,336
basic_appreq,1988970,28795947926133,336
basic_appreq,2290652,28795950254915,336
basic_appreq,2433169,28795952732188,336
basic_appreq,2298169,28795955070173,336
basic_appreq,1596261,28795956705987,336
basic_appreq,2033493,28795958780557,336
basic_appreq,1918215,28795960742459,336
basic_appreq,2169065,28795962955498,336
basic_appreq,1362352,28795964371436,336
basic_appreq,2064382,28795966479111,336
basic_appreq,1853659,28795968369711,336
basic_appreq,1851904,28795970258108,336
basic_appreq,2487592,28795972780946,336
basic_appreq,1708481,28795974535960,336
basic_appreq,1737407,28795976317297,336
basic_appreq,2216433,28795978572131,336
basic_appreq,2439354,28795981046697,336
basic_appreq,2150091,28795983234828,336
basic_appreq,2366472,28795985644020,336
basic_appreq,2347562,28795988036699,336
basic_appreq,1513050,28795989605823,336
basic_appreq,1929418,28795991577256,336
basic_appreq,2302385,28795993921917,336
basic_appreq,1929486,28795995891317,336
basic_appreq,1506616,28795997439365,336
basic_appreq,2078646,28795999557439,336
basic_appreq,2595349,28796002199818,336
basic_appreq,2143122,28796004384668,336
basic_appreq,2461626,28796006887800,336
basic_appreq,2042471,28796008967157,336
basic_appreq,2336282,28796011343899,336
basic_appreq,2398998,28796013786202,336
basic_appreq,1097823,28796014929043,336
basic_appreq,2529415,28796017494194,336
basic_appreq,2032595,28796019578410,336
basic_appreq,2281680,28796021899242,336
basic_appreq,1924714,28796023861447,336
basic_appreq,1579476,28796025480693,336
basic_appreq,2152639,28796027670524,336
basic_appreq,2049313,28796029763284,336
basic_appreq,1835606,28796031638761,336
basic_appreq,2065098,28796033738707,336
basic_appreq,1470531,28796035254235,336
basic_appreq,1911844,28796037201877,336
basic_appreq,2321909,28796039570507,336
basic_appreq,2119047,28796041725121,336
basic_appreq,2538197,28796044309599,336
basic_appreq,1933810,28796046280739,336
basic_appreq,1899856,28796048220300,336
basic_appreq,2384275,28796050642100,336
basic_appreq,2092684,28796052774551,336
basic_appreq,2120971,28796054933783,336
basic_appreq,2188599,28796057174481,336
basic_appreq,2013998,28796059234431,336
basic_appreq,2294310,28796061567918,336
basic_appreq,1417594,28796063032728,336
basic_appreq,2374000,28796065442303,336
basic_appreq,1450334,28796066947938,336
basic_appreq,1714112,28796068705727,336
basic_appreq,2398622,28796071139556,336
basic_appreq,1669595,28796072848351,336
basic_appreq,2112328,28796075001415,336
basic_appreq,2177861,28796077212894,336
basic_appreq,2184474,28796079433040,336
basic_appreq,1383014,28796080859269,336
basic_appreq,1944932,28796082858891,336
basic_appreq,2158926,28796085053463,336
basic_appreq,2113373,28796087214047,336
basic_appreq,2012409,28796089270026,336
basic_appreq,1634356,28796090950838,336
basic_appreq,2575841,28796093563159,336
basic_appreq,2159145,28796095759434,336
basic_appreq,2092690,28796097888014,336
basic_appreq,2296750,28796100221891,336
basic_appreq,1560977,28796101839128,336
basic_appreq,1957599,28796103837019,336
basic_appreq,1772730,28796105644949,336
basic_appreq,1413451,28796107094595,336
basic_appreq,2148343,28796109278198,336
basic_appreq,1588098,28796110907136,336
basic_appreq,1455345,28796112402882,336
basic_appreq,2053858,28796114495208,336
basic_appreq,2162521,28796116693617,336
basic_appreq,1306066,28796118046138,336
basic_appreq,2025909,28796120106396,336
basic_appreq,2340979,28796122488729,336
basic_appreq,1447743,28796123975551,336
basic_appreq,2020769,28796126074360,336
basic_appreq,2424543,28796128546352,336
basic_appreq,1898381,28796130479461,336
basic_appreq,1977191,28796132494384,336
basic_appreq,1968922,28796134502083,336
basic_appreq,2237265,28796136773002,336
basic_appreq,2380212,28796139188673,336
basic_appreq,2000277,28796141223410,336
basic_appreq,1976436,28796143237162,336
basic_appreq,1979567,28796145255677,336
basic_appreq,1415169,28796146716546,336
basic_appreq,1957273,28796148711686,336
basic_appreq,2165773,28796150914660,336
basic_appreq,2348375,28796153306367,336
basic_appreq,1547110,28796154899038,336
basic_appreq,1857047,28796156799086,336
basic_appreq,2109090,28796158949472,336
basic_appreq,2177026,28796161181108,336
basic_appreq,1794326,28796163021973,336
basic_appreq,2174594,28796165232444,336
basic_appreq,2239827,28796167512488,336
basic_appreq,1988012,28796169536509,336
basic_appreq,1618044,28796171195826,336
basic_appreq,1799121,28796173030610,336
basic_appreq,2168195,28796175237567,336
basic_appreq,1893802,28796177167245,336
basic_appreq,1493366,28796178698894,336
basic_appreq,2176297,28796180911685,336
basic_appreq,2026132,28796182975858,336
basic_appreq,2339873,28796185351796,336
basic_appreq,2170256,28796187567647,336
basic_appreq,2096031,28796189703308,336
basic_appreq,2223281,28796191968229,336
basic_appreq,1326812,28796193366681,336
basic_appreq,2128920,28796195548579,336
basic_appreq,2200320,28796197786320,336
basic_appreq,2717023,28796200552331,336
basic_appreq,960234,28796201558557,336
basic_appreq,2180936,28796203779128,336
basic_appreq,1897375,28796205720308,336
basic_appreq,2278774,28796208045701,336
basic_appreq,2173239,28796210283068,336
basic_appreq,1573598,28796211901889,336
basic_appreq,2042839,28796213980742,336
basic_appreq,2127406,28796216146993,336
basic_appreq,2123800,28796218310949,336
basic_appreq,2542762,28796220893515,336
basic_appreq,2250986,28796223180331,336
basic_appreq,2055669,28796225270194,336
basic_appreq,2094758,28796227404886,336
basic_appreq,2028796,28796229485217,336
basic_appreq,2163732,28796231685606,336
basic_appreq,1405559,28796233128562,336
basic_appreq,2021015,28796235185467,336
basic_appreq,1726518,28796236947059,336
basic_appreq,2371776,28796239354235,336
basic_appreq,1973536,28796241361770,336
basic_appreq,2182183,28796243579861,336
basic_appreq,1312469,28796244928637,336
basic_appreq,2061149,28796247030310,336
basic_appreq,1504175,28796248577142,336
basic_appreq,2267797,28796250893394,336
basic_appreq,1985619,28796252918847,336
basic_appreq,2437710,28796255398171,336
basic_appreq,1511466,28796256955901,336
basic_appreq,1597567,28796258601268,336
basic_appreq,1989112,28796260627648,336
basic_appreq,2319890,28796262987468,336
basic_appreq,1696345,28796264721856,336
basic_appreq,2116156,28796266874225,336
basic_appreq,2158174,28796269066093,336
basic_appreq,2251921,28796271364968,336
basic_appreq,2378574,28796273783233,336
basic_appreq,2493744,28796276319277,336
basic_appreq,1387796,28796277753545,336
basic_appreq,1533729,28796279331172,336
basic_appreq,2012809,28796281382110,336
basic_appreq,2154937,28796283582066,336
basic_appreq,1616358,28796285241466,336
basic_appreq,1764397,28796287049322,336
basic_appreq,2174067,28796289257219,336
basic_appreq,2519330,28796291809683,336
basic_appreq,1980439,28796293825704,336
basic_appreq,2496894,28796296359532,336
basic_appreq,1609549,28796298015229,336
basic_appreq,2024906,28796300083494,336
basic_appreq,2182741,28796302314233,336
basic_appreq,1421414,28796303774535,336
basic_appreq,2428574,28796306238489,336
basic_appreq,1965522,28796308246996,336
basic_appreq,2502614,28796310794614,336
basic_appreq,2018940,28796312850010,336
basic_appreq,2058040,28796314951541,336
basic_appreq,2470888,28796317461173,336
basic_appreq,1400607,28796318907075,336
basic_appreq,2356047,28796321298623,336
basic_appreq,1607281,28796322953199,336
basic_appreq,1747270,28796324739190,336
basic_appreq,2337147,28796327113188,336
basic_appreq,2015002,28796329167600,336
basic_appreq,1971346,28796331184316,336
basic_appreq,2473394,28796333702545,336
basic_appreq,2012797,28796335760454,336
basic_appreq,2041717,28796337845720,336
basic_appreq,1882976,28796339769389,336
basic_appreq,1950118,28796341753252,336
basic_appreq,2506622,28796344298206,336
basic_appreq,1437037,28796345768374,336
basic_appreq,2365633,28796348171041,336
basic_appreq,1870253,28796350091711,336
basic_appreq,1951028,28796352078705,336
basic_appreq,1865872,28796353990124,336
basic_appreq,2250947,28796356279774,336
basic_appreq,2030645,28796358350224,336
basic_appreq,2411391,28796360805196,336
basic_appreq,1817869,28796362671112,336
basic_appreq,1628196,28796364343079,336
basic_appreq,1951465,28796366330445,336
basic_appreq,1482973,28796367848661,336
basic_appreq,2257238,28796370155251,336
basic_appreq,2367484,28796372581498,336
basic_appreq,1447591,28796374085287,336
basic_appreq,1617017,28796375746015,336
basic_appreq,2044153,28796377825591,336
basic_appreq,2057046,28796379927453,336
basic_appreq,1902949,28796381871717,336
basic_appreq,2287450,28796384198973,336
basic_appreq,2016754,28796386269208,336
basic_appreq,2245213,28796388548194,336
basic_appreq,1437599,28796390033257,336
basic_appreq,1984671,28796392077427,336
basic_appreq,2238502,28796394358518,336
basic_appreq,1663645,28796396061654,336
basic_appreq,1982193,28796398085961,336
basic_appreq,2470631,28796400591631,336
basic_appreq,2060201,28796402695625,336
basic_appreq,1989738,28796404729129,336
basic_appreq,1773156,28796406547523,336
basic_appreq,2212049,28796408793697,336
basic_appreq,2475773,28796411321152,336
basic_appreq,2087546,28796413442945,336
basic_appreq,1933492,28796415417867,336
basic_appreq,1757819,28796417213443,336
basic_appreq,2357479,28796419603676,336
basic_appreq,2255760,28796421906589,336
basic_appreq,2491050,28796424436525,336
basic_appreq,2082907,28796426561974,336
basic_appreq,2272104,28796428874305,336
basic_appreq,1359902,28796430282143,336
basic_appreq,1594217,28796431919688,336
basic_appreq,2312350,28796434271067,336
basic_appreq,2441637,28796436752053,336
basic_appreq,2409598,28796439200088,336
basic_appreq,2039899,28796441277577,336
basic_appreq,1848574,28796443169188,336
basic_appreq,1883270,28796445087560,336
basic_appreq,1870285,28796446998440,336
basic_appreq,2110742,28796449143827,336
basic_appreq,1495488,28796450685211,336
basic_appreq,1491412,28796452214377,336
basic_appreq,2200688,28796454454853,336
basic_appreq,1987125,28796456478693,336
basic_appreq,1530481,28796458050163,336
basic_appreq,1774201,28796459865305,336
basic_appreq,2041290,28796461946176,336
basic_appreq,2130283,28796464118650,336
basic_appreq,1833556,28796465992418,336
basic_appreq,2672150,28796468717036,336
basic_appreq,1472704,28796470236707,336
basic_appreq,2002339,28796472282504,336
basic_appreq,1947169,28796474279639,336
basic_appreq,1410951,28796475734796,336
basic_appreq,2063752,28796477836828,336
basic_appreq,2476606,28796480357860,336
basic_appreq,1559052,28796481960467,336
basic_appreq,2106976,28796484102127,336
basic_appreq,2050748,28796486195967,336
basic_appreq,2079171,28796488318740,336
basic_appreq,1932064,28796490290489,336
basic_appreq,2207815,28796492532290,336
basic_appreq,2036469,28796494605658,336
basic_appreq,2092948,28796496733277,336
basic_appreq,2387339,28796499164749,336
basic_appreq,1109871,28796500314530,336
basic_appreq,1755386,28796502113782,336
basic_appreq,1965094,28796504115262,336
basic_appreq,2044008,28796506197825,336
basic_appreq,2596125,28796508831667,336
basic_appreq,1360132,28796510241793,336
basic_appreq,2000863,28796512296478,336
basic_appreq,2391892,28796514728406,336
basic_appreq,2483247,28796517252999,336
basic_appreq,1317412,28796518614466,336
basic_appreq,1593593,28796520252822,336
basic_appreq,2083630,28796522376183,336
basic_appreq,1560112,28796523976206,336
basic_appreq,2281857,28796526315016,336
basic_appreq,1578543,28796527944053,336
basic_appreq,2180971,28796530161703,336
basic_appreq,1887489,28796532092556,336
basic_appreq,1739486,28796533872302,336
basic_appreq,1990443,28796535899311,336
basic_appreq,2063785,28796537998289,336
basic_appreq,2452018,28796540493436,336
basic_appreq,1924845,28796542454050,336
basic_appreq,2488570,28796544985662,336
basic_appreq,2091131,28796547118272,336
basic_appreq,2350768,28796549512909,336
basic_appreq,2272145,28796551831704,336
basic_appreq,1289700,28796553159790,336
basic_appreq,2384877,28796555589916,336
basic_appreq,2656330,28796558289634,336
basic_appreq,1794732,28796560126473,336
basic_appreq,1650142,28796561814961,336
basic_appreq,2282537,28796564134322,336
basic_appreq,1770789,28796565944848,336
basic_appreq,2082243,28796568069435,336
basic_appreq,2651336,28796570768000,336
basic_appreq,2595469,28796573403369,336
basic_appreq,2582665,28796576031758,336
basic_appreq,2035449,28796578123005,336
basic_appreq,1957047,28796580118945,336
basic_appreq,2073872,28796582238010,336
basic_appreq,2454786,28796584727642,336
basic_appreq,2068573,28796586836142,336
basic_appreq,1334863,28796588211983,336
basic_appreq,1544698,28796589796351,336
basic_appreq,2078014,28796591926368,336
basic_appreq,2131706,28796594097012,336
basic_appreq,1634253,28796595770193,336
basic_appreq,2137136,28796597948720,336
basic_appreq,2562657,28796600561426,336
basic_appreq,1208506,28796601811684,336
basic_appreq,1729169,28796603584751,336
basic_appreq,2367139,28796605987652,336
basic_appreq,2407576,28796608432553,336
basic_appreq,1309486,28796609784256,336
basic_appreq,1830907,28796611659791,336
basic_appreq,1960380,28796613663753,336
basic_appreq,1962295,28796615668454,336
basic_appreq,2595105,28796618307318,336
basic_appreq,1597965,28796619952121,336
basic_appreq,2186047,28796622175642,336
basic_appreq,1590492,28796623812587,336
basic_appreq,2736156,28796626589268,336
basic_appreq,2229754,28796628855420,336
basic_appreq,1983510,28796630902741,336
basic_appreq,1899694,28796632846360,336
basic_appreq,2528800,28796635418909,336
basic_appreq,2633751,28796638090412,336
basic_appreq,2312647,28796640442168,336
basic_appreq,2789329,28796643284936,336
basic_appreq,2636686,28796645959329,336
basic_appreq,2488674,28796648488149,336
basic_appreq,1775311,28796650303232,336
basic_appreq,1657667,28796651999236,336
basic_appreq,2050153,28796654117413,336
basic_appreq,1949217,28796656105098,336
basic_appreq,1957957,28796658102994,336
basic_appreq,1465199,28796659606036,336
basic_appreq,1975768,28796661621114,336
basic_appreq,2417442,28796664084290,336
basic_appreq,1567565,28796665697916,336
basic_appreq,2240919,28796667978113,336
basic_appreq,1671475,28796669719333,336
basic_appreq,3023759,28796672797238,336
basic_appreq,1865536,28796674701588,336
basic_appreq,1756833,28796676496280,336
basic_appreq,1923358,28796678474113,336
basic_appreq,2290877,28796680800718,336
basic_appreq,2413954,28796683258167,336
basic_appreq,1450658,28796684752958,336
basic_appreq,1713947,28796686514347,336
basic_appreq,2142522,28796688690489,336
basic_appreq,2287309,28796691014111,336
basic_appreq,1290317,28796692345697,336
basic_appreq,1740162,28796694127416,336
basic_appreq,2421766,28796696586408,336
basic_appreq,2352735,28796698979221,336
basic_appreq,2388567,28796701405244,336
basic_appreq,1928026,28796703378128,336
basic_appreq,1500027,28796704922826,336
basic_appreq,2374557,28796707335610,336
basic_appreq,1983058,28796709354799,336
basic_appreq,2033527,28796711435958,336
basic_appreq,2040253,28796713520097,336
basic_appreq,1603202,28796715169593,336
basic_appreq,2056536,28796717262812,336
basic_appreq,2528558,28796719833567,336
basic_appreq,1392445,28796721264854,336
basic_appreq,1840592,28796723147047,336
basic_appreq,1999539,28796725182010,336
basic_appreq,2371454,28796727590562,336
basic_appreq,1961215,28796729587862,336
basic_appreq,2039188,28796731664100,336
basic_appreq,2014190,28796733714253,336
basic_appreq,1782522,28796735534075,336
basic_appreq,2471849,28796738040816,336
basic_appreq,1693439,28796739780071,336
basic_appreq,1512424,28796741336317,336
basic_appreq,1988300,28796743362661,336
basic_appreq,1676784,28796745078312,336
basic_appreq,2263037,28796747383118,336
basic_appreq,2286477,28796749705602,336
basic_appreq,1945119,28796751687386,336
basic_appreq,2155246,28796753879073,336
basic_appreq,1609147,28796755535949,336
basic_appreq,2151357,28796757723702,336
basic_appreq,2741503,28796760505800,336
basic_appreq,2587967,28796763135586,336
basic_appreq,2369075,28796765543792,336
basic_appreq,1570999,28796767161102,336
basic_appreq,2145231,28796769350396,336
basic_appreq,2082589,28796771480928,336
basic_appreq,1993346,28796773518184,336
basic_appreq,1679647,28796775244937,336
basic_appreq,2518013,28796777799263,336
basic_appreq,1995312,28796779828628,336
basic_appreq,1853058,28796781715735,336
basic_appreq,2706693,28796784467663,336
basic_appreq,2072060,28796786583796,336
basic_appreq,1926116,28796788551328,336
basic_appreq,1969582,28796790569258,336
basic_appreq,1739088,28796792364963,336
basic_appreq,1961530,28796794370786,336
basic_appreq,2460447,28796796876789,336
basic_appreq,1671025,28796798594716,336
basic_appreq,2424168,28796801060842,336
basic_appreq,2367796,28796803464542,336
basic_appreq,1994542,28796805494754,336
basic_appreq,2013144,28796807547788,336
basic_appreq,1369370,28796808971976,336
basic_appreq,1867151,28796810876213,336
basic_appreq,2435573,28796813356122,336
basic_appreq,1435757,28796814840581,336
basic_appreq,1835026,28796816712903,336
basic_appreq,2026387,28796818785764,336
basic_appreq,2371287,28796821192536,336
basic_appreq,2317368,28796823547767,336
basic_appreq,2211771,28796825802796,336
basic_appreq,2050361,28796827900050,336
basic_appreq,2419912,28796830363616,336
basic_appreq,2755715,28796833160072,336
basic_appreq,1841709,28796835040363,336
basic_appreq,2392289,28796837469474,336
basic_appreq,2172705,28796839681512,336
basic_appreq,2265128,28796841985908,336
basic_appreq,2157080,28796844178439,336
basic_appreq,1866648,28796846080368,336
basic_appreq,2374463,28796848510611,336
basic_appreq,2331723,28796850883043,336
basic_appreq,1552561,28796852473597,336
basic_appreq,2129216,28796854649608,336
basic_appreq,2380780,28796857074529,336
basic_appreq,1436687,28796858567559,336
basic_appreq,1913828,28796860521336,336
basic_appreq,1895099,28796862459666,336
basic_appreq,2243959,28796864743111,336
basic_appreq,1496823,28796866289348,336
basic_appreq,1739844,28796868066978,336
basic_appreq,2112885,28796870216052,336
basic_appreq,2461304,28796872712489,336
basic_appreq,2276672,28796875025397,336
basic_appreq,1471542,28796876540527,336
basic_appreq,1796253,28796878379339,336
basic_appreq,2228306,28796880643541,336
basic_appreq,2577438,28796883262391,336
basic_appreq,2077778,28796885381281,336
basic_appreq,2372029,28796887797453,336
basic_appreq,1698281,28796889539340,336
basic_appreq,2405887,28796891986633,336
basic_appreq,2012469,28796894060782,336
basic_appreq,1681642,28796895788743,336
basic_appreq,1964787,28796897789501,336
basic_appreq,2556398,28796900399685,336
basic_appreq,2099370,28796902538467,336
basic_appreq,1717797,28796904299565,336
basic_appreq,2349661,28796906687732,336
basic_appreq,1966527,28796908694377,336
basic_appreq,1395612,28796910146017,336
basic_appreq,2041092,28796912223881,336
basic_appreq,2041721,28796914313053,336
basic_appreq,2227313,28796916584016,336
basic_appreq,2672053,28796919297200,336
basic_appreq,2363011,28796921710526,336
basic_appreq,1450188,28796923210507,336
basic_appreq,2355025,28796925602907,336
basic_appreq,1807513,28796927455176,336
basic_appreq,1848489,28796929342359,336
basic_appreq,1975671,28796931356627,336
basic_appreq,2142753,28796933534851,336
basic_appreq,2100837,28796935677799,336
basic_appreq,2101073,28796937822893,336
basic_appreq,2007249,28796939871990,336
basic_appreq,1267976,28796941183960,336
basic_appreq,1869235,28796943095432,336
basic_appreq,1839469,28796944974555,336
basic_appreq,2343360,28796947356141,336
basic_appreq,2180379,28796949578565,336
basic_appreq,2608061,28796952230824,336
basic_appreq,2036721,28796954305929,336
basic_appreq,2026102,28796956369587,336
basic_appreq,2098125,28796958510776,336
basic_appreq,2087742,28796960642959,336
basic_appreq,1501198,28796962190471,336
basic_appreq,2351682,28796964579263,336
basic_appreq,1877183,28796966502545,336
basic_appreq,2107064,28796968648730,336
basic_appreq,1763393,28796970459174,336
basic_appreq,931323,28796971427640,336
basic_appreq,1720896,28796973185442,336
basic_appreq,1950958,28796975173410,336
basic_appreq,2750166,28796977973165,336
basic_appreq,1898326,28796979908500,336
basic_appreq,2139362,28796982082725,336
basic_appreq,2158314,28796984294690,336
basic_appreq,1891055,28796986228192,336
basic_appreq,2142741,28796988410289,336
basic_appreq,2360007,28796990812031,336
basic_appreq,2127193,28796992976257,336
basic_appreq,1307331,28796994331208,336
basic_appreq,1870589,28796996239167,336
basic_appreq,1891047,28796998169404,336
basic_appreq,2162668,28797000367604,336
basic_appreq,2612886,28797003019356,336
basic_appreq,2228092,28797005296252,336
basic_appreq,1726776,28797007070361,336
basic_appreq,2290041,28797009401183,336
basic_appreq,1878701,28797011335080,336
basic_appreq,2323207,28797013695060,336
basic_appreq,1465411,28797015202295,336
basic_appreq,2334201,28797017573317,336
basic_appreq,833087,28797018452572,336
basic_appreq,2248499,28797020740454,336
basic_appreq,1990372,28797022768052,336
basic_appreq,2191567,28797024994597,336
basic_appreq,2451323,28797027482003,336
basic_appreq,1558692,28797029084432,336
basic_appreq,1989776,28797031113177,336
basic_appreq,2011163,28797033168423,336
basic_appreq,2089987,28797035305658,336
basic_appreq,1802140,28797037151514,336
basic_appreq,2308266,28797039501119,336
basic_appreq,2069869,28797041606947,336
basic_appreq,2282683,28797043931462,336
basic_appreq,2350222,28797046325870,336
basic_appreq,2200170,28797048562693,336
basic_appreq,1587212,28797050197157,336
basic_appreq,1547490,28797051782591,336
basic_appreq,2655357,28797054471670,336
basic_appreq,2183592,28797056691682,336
basic_appreq,1883117,28797058632800,336
basic_appreq,2248539,28797060925451,336
basic_appreq,1587674,28797062557052,336
basic_appreq,2028101,28797064623838,336
basic_appreq,2109615,28797066774988,336
basic_appreq,2440147,28797069256701,336
basic_appreq,1917801,28797071213467,336
basic_appreq,2479181,28797073725434,336
basic_appreq,2278755,28797076054400,336
basic_appreq,1966725,28797078055434,336
basic_appreq,1527760,28797079631936,336
basic_appreq,2517724,28797082186700,336
basic_appreq,1888273,28797084114866,336
basic_appreq,1427307,28797085591316,336
basic_appreq,1915811,28797087548408,336
basic_appreq,2205792,28797089793774,336
basic_appreq,2325510,28797092166131,336
basic_appreq,1575359,28797093800068,336
basic_appreq,1764298,28797095605752,336
basic_appreq,1933005,28797097577217,336
basic_appreq,2414225,28797100032840,336
basic_appreq,2583912,28797102657185,336
basic_appreq,1954682,28797104652834,336
basic_appreq,2409123,28797107103125,336
basic_appreq,1943817,28797109087213,336
basic_appreq,1420308,28797110554668,336
basic_appreq,2081857,28797112678049,336
basic_appreq,2197768,28797114922419,336
basic_appreq,2132790,28797117098532,336
basic_appreq,1878626,28797119019494,336
basic_appreq,1839062,28797120894005,336
basic_appreq,2309006,28797123240976,336
basic_appreq,2407271,28797125682554,336
basic_appreq,2506358,28797128224759,336
basic_appreq,2229624,28797130489031,336
basic_appreq,2361570,28797132886065,336
basic_appreq,2316438,28797135237451,336
basic_appreq,1489605,28797136762830,336
basic_appreq,1978534,28797138789717,336
basic_appreq,2274380,28797141108165,336
basic_appreq,1933499,28797143082648,336
basic_appreq,1930855,28797145054868,336
basic_appreq,2341178,28797147437568,336
basic_appreq,2093690,28797149575337,336
basic_appreq,1779200,28797151401753,336
basic_appreq,2674808,28797154114665,336
basic_appreq,2425490,28797156577260,336
basic_appreq,2242262,28797158857809,336
basic_appreq,1603617,28797160505336,336
basic_appreq,2421333,28797162971579,336
basic_appreq,1985892,28797164996215,336
basic_appreq,2350525,28797167393458,336
basic_appreq,2147240,28797169579911,336
basic_appreq,2141423,28797171762964,336
basic_appreq,2396979,28797174205112,336
basic_appreq,1493836,28797175746125,336
basic_appreq,1748381,28797177539238,336
basic_appreq,1656124,28797179242819,336
basic_appreq,2591517,28797181868823,336
basic_appreq,1595768,28797183518347,336
basic_appreq,2570224,28797186123993,336
basic_appreq,1900657,28797188068965,336
basic_appreq,1687102,28797189804046,336
basic_appreq,2061995,28797191901525,336
basic_appreq,2092404,28797194030923,336
basic_appreq,1972330,28797196042746,336
basic_appreq,1731791,28797197815984,336
basic_appreq,1956696,28797199809398,336
basic_appreq,2002639,28797201856383,336
basic_appreq,2187209,28797204096662,336
basic_appreq,2311792,28797206444756,336
basic_appreq,2005187,28797208484879,336
basic_appreq,2385820,28797210912478,336
basic_appreq,1322818,28797212279070,336
basic_appreq,1499740,28797213823889,336
basic_appreq,2217418,28797216075497,336
basic_appreq,1541801,28797217661477,336
basic_appreq,2124247,28797219825156,336
basic_appreq,2128035,28797221989887,336
basic_appreq,1900915,28797223941410,336
basic_appreq,1928620,28797225906718,336
basic_appreq,1940813,28797227887768,336
basic_appreq,1716603,28797229641057,336
basic_appreq,2238368,28797231917950,336
basic_appreq,1948506,28797233911593,336
basic_appreq,1707301,28797235664616,336
basic_appreq,1897867,28797237613595,336
basic_appreq,2615467,28797240267994,336
basic_appreq,2019209,28797242329681,336
basic_appreq,2438144,28797244802999,336
basic_appreq,2377346,28797247221762,336
basic_appreq,2094632,28797249360265,336
basic_appreq,1392339,28797250794283,336
basic_appreq,1794449,28797252629768,336
basic_appreq,2023930,28797254695509,336
basic_appreq,1857320,28797256596406,336
basic_appreq,2262924,28797258903210,336
basic_appreq,1862822,28797260802272,336
basic_appreq,1951747,28797262792865,336
basic_appreq,2035966,28797264864352,336
basic_appreq,2306770,28797267209506,336
basic_appreq,2171738,28797269425998,336
basic_appreq,2129246,28797271614404,336
basic_appreq,2092156,28797273743415,336
basic_appreq,1263635,28797275053967,336
basic_appreq,1499011,28797276593219,336
basic_appreq,2076596,28797278709456,336
basic_appreq,1582979,28797280336493,336
basic_appreq,1608710,28797281982027,336
basic_appreq,2095115,28797284111291,336
basic_appreq,2473880,28797286632336,336
basic_appreq,1063887,28797287733760,336
basic_appreq,2169275,28797289947386,336
basic_appreq,2240911,28797292237025,336
basic_appreq,1280587,28797293557599,336
basic_appreq,1880842,28797295481614,336
basic_appreq,1850586,28797297369681,336
basic_appreq,2398103,28797299824158,336
basic_appreq,1986173,28797301849496,336
basic_appreq,1965449,28797303859589,336
basic_appreq,2348980,28797306249432,336
basic_appreq,2038142,28797308329307,336
basic_appreq,1505702,28797309878822,336
basic_appreq,2269405,28797312181766,336
basic_appreq,1953787,28797314182293,336
basic_appreq,1883615,28797316101979,336
basic_appreq,2450795,28797318588471,336
basic_appreq,1961304,28797320590199,336
basic_appreq,1612616,28797322240753,336
basic_appreq,2222405,28797324496870,336
basic_appreq,2318580,28797326862915,336
basic_appreq,1765294,28797328671622,336
basic_appreq,1939312,28797330652607,336
basic_appreq,2199223,28797332891012,336
basic_appreq,1474872,28797334409123,336
basic_appreq,2027926,28797336479040,336
basic_appreq,2093938,28797338611504,336
basic_appreq,2608206,28797341263672,336
basic_appreq,1238733,28797342543953,336
basic_appreq,1593948,28797344181639,336
basic_appreq,2011213,28797346233340,336
basic_appreq,1927644,28797348200989,336
basic_appreq,2622348,28797350861050,336
basic_appreq,1474185,28797352390979,336
basic_appreq,2355305,28797354795901,336
basic_appreq,1756233,28797356595753,336
basic_appreq,2135458,28797358778065,336
basic_appreq,1613952,28797360431254,336
basic_appreq,2348092,28797362816543,336
basic_appreq,1920146,28797364773500,336
basic_appreq,2162182,28797366975669,336
basic_appreq,2405619,28797369432265,336
basic_appreq,2013836,28797371499007,336
basic_appreq,1920451,28797373463642,336
basic_appreq,1721336,28797375224570,336
basic_appreq,2236586,28797377495009,336
basic_appreq,2436594,28797379970838,336
basic_appreq,812182,28797380849101,336
basic_appreq,2425032,28797383308773,336
basic_appreq,2355200,28797385703314,336
basic_appreq,1998296,28797387741471,336
basic_appreq,1604013,28797389389629,336
basic_appreq,1869820,28797391307685,336
basic_appreq,1696314,28797393045061,336
basic_appreq,1961808,28797395047244,336
basic_appreq,2012625,28797397098630,336
basic_appreq,2105420,28797399248855,336
basic_appreq,2136670,28797401424440,336
basic_appreq,1308263,28797402773469,336
basic_appreq,2341776,28797405152053,336
basic_appreq,2126251,28797407320477,336
basic_appreq,1790476,28797409148443,336
basic_appreq,2327563,28797411523103,336
basic_appreq,2072430,28797413630224,336
basic_appreq,2320266,28797415987149,336
basic_appreq,2492268,28797418545079,336
basic_appreq,1585811,28797420173769,336
basic_appreq,2004715,28797422222099,336
basic_appreq,2226884,28797424503543,336
basic_appreq,2172776,28797426717983,336
basic_appreq,1960397,28797428722397,336
basic_appreq,1949664,28797430710962,336
basic_appreq,2028993,28797432774842,336
basic_appreq,1875609,28797434690268,336
basic_appreq,2076055,28797436801151,336
basic_appreq,2329965,28797439173498,336
basic_appreq,2037729,28797441250042,336
basic_appreq,2159842,28797443454780,336
basic_appreq,2433178,28797445935956,336
basic_appreq,767256,28797446749644,336
basic_appreq,2498055,28797449282874,336
basic_appreq,2464259,28797451788128,336
basic_appreq,2379716,28797454203052,336
basic_appreq,1027433,28797455272709,336
basic_appreq,2315067,28797457631749,336
basic_appreq,2393595,28797460068137,336
basic_appreq,2009240,28797462117303,336
basic_appreq,1431010,28797463583849,336
basic_appreq,2314112,28797465939171,336
basic_appreq,1992007,28797467978105,336
basic_appreq,1567598,28797469615949,336
basic_appreq,1892417,28797471548190,336
basic_appreq,2247607,28797473836970,336
basic_appreq,1993987,28797475869532,336
basic_appreq,1771303,28797477680154,336
basic_appreq,2203939,28797479937145,336
basic_appreq,1987569,28797481965402,336
basic_appreq,2360604,28797484368272,336
basic_appreq,1439621,28797485865831,336
basic_appreq,1817587,28797487738469,336
basic_appreq,2128423,28797489904265,336
basic_appreq,2092916,28797492035161,336
basic_appreq,2073423,28797494152796,336
basic_appreq,1785489,28797495982145,336
basic_appreq,2129152,28797498167905,336
basic_appreq,1599965,28797499807054,336
basic_appreq,2196068,28797502044148,336
basic_appreq,2083806,28797504167930,336
basic_appreq,2209059,28797506412345,336
basic_appreq,2020570,28797508468055,336
basic_appreq,2399810,28797510905744,336
basic_appreq,1182613,28797512132019,336
basic_appreq,2270835,28797514449757,336
basic_appreq,1894143,28797516389441,336
basic_appreq,1575453,28797518010330,336
basic_appreq,2032778,28797520080112,336
basic_appreq,2383453,28797522509599,336
basic_appreq,1433242,28797523986308,336
basic_appreq,1973149,28797526007781,336
basic_appreq,1914650,28797527959908,336
basic_appreq,2238886,28797530232541,336
basic_appreq,2444134,28797532712096,336
basic_appreq,2522266,28797535284993,336
basic_appreq,2510232,28797537827917,336
basic_appreq,1841124,28797539708580,336
basic_appreq,1451030,28797541215293,336
basic_appreq,1944100,28797543206800,336
basic_appreq,2300567,28797545549744,336
basic_appreq,2731009,28797548326615,336
basic_appreq,2070716,28797550435126,336
basic_appreq,1895529,28797552370190,336
basic_appreq,1725703,28797554133546,336
basic_appreq,2450923,28797556620337,336
basic_appreq,2006181,28797558664252,336
basic_appreq,2340125,28797561044321,336
basic_appreq,2623003,28797563710062,336
basic_appreq,1534983,28797565289158,336
basic_appreq,1731909,28797567062453,336
basic_appreq,2513616,28797569611825,336
basic_appreq,2508046,28797572157886,336
basic_appreq,1515635,28797573719536,336
basic_appreq,1959812,28797575722800,336
basic_appreq,1925028,28797577692964,336
basic_appreq,2197391,28797579938493,336
basic_appreq,1944319,28797581926482,336
basic_appreq,1968535,28797583937204,336
basic_appreq,1580321,28797585557163,336
basic_appreq,2025465,28797587627906,336
basic_appreq,1930746,28797589598214,336
basic_appreq,2257994,28797591897565,336
basic_appreq,2145614,28797594077886,336
basic_appreq,1940796,28797596065926,336
basic_appreq,2928930,28797599045226,336
basic_appreq,1012914,28797600095242,336
basic_appreq,2118496,28797602259239,336
basic_appreq,2234709,28797604535252,336
basic_appreq,1450710,28797606032103,336
basic_appreq,1749392,28797607818633,336
basic_appreq,1893527,28797609749176,336
basic_appreq,1963371,28797611752594,336
basic_appreq,2673232,28797614474305,336
basic_appreq,1869992,28797616395615,336
basic_appreq,2663280,28797619097402,336
basic_appreq,2333520,28797621465646,336
basic_appreq,2603059,28797624109438,336
basic_appreq,2282020,28797626429128,336
basic_appreq,2352294,28797628819786,336
basic_appreq,1976753,28797630843232,336
basic_appreq,1393025,28797632287415,336
basic_appreq,2184163,28797634513205,336
basic_appreq,2592950,28797637148723,336
basic_appreq,1149515,28797638344590,336
basic_appreq,1750125,28797640136560,336
basic_appreq,2181190,28797642355784,336
basic_appreq,2159692,28797644552431,336
basic_appreq,2213986,28797646805987,336
basic_appreq,2414950,28797649258855,336
basic_appreq,1482660,28797650784216,336
basic_appreq,1889248,28797652718159,336
basic_appreq,2271160,28797655033614,336
basic_appreq,1806703,28797656884423,336
basic_appreq,1941866,28797658863504,336
basic_appreq,1828850,28797660728890,336
basic_appreq,2650663,28797663418153,336
basic_appreq,2138964,28797665595110,336
basic_appreq,2220637,28797667855823,336
basic_appreq,2617188,28797670517995,336
basic_appreq,1208923,28797671768028,336
basic_appreq,2011310,28797673818777,336
basic_appreq,2371138,28797676231451,336
basic_appreq,2108398,28797678377230,336
basic_appreq,1716076,28797680137140,336
basic_appreq,2090969,28797682265812,336
basic_appreq,2152299,28797684458925,336
basic_appreq,1374882,28797685880603,336
basic_appreq,1904505,28797687824991,336
basic_appreq,2289872,28797690151587,336
basic_appreq,2520832,28797692733256,336
basic_appreq,2448204,28797695221742,336
basic_appreq,2329028,28797697588199,336
basic_appreq,1750129,28797699398481,336
basic_appreq,2271567,28797701711928,336
basic_appreq,1579962,28797703338038,336
basic_appreq,2554320,28797705930114,336
basic_appreq,2257904,28797708228632,336
basic_appreq,2691078,28797710954670,336
basic_appreq,2127926,28797713122056,336
basic_appreq,1494350,28797714657551,336
basic_appreq,1395970,28797716091023,336
basic_appreq,1912963,28797718040707,336
basic_appreq,2400996,28797720482956,336
basic_appreq,2515109,28797723053976,336
basic_appreq,1963915,28797725057147,336
basic_appreq,2269855,28797727368432,336
basic_appreq,2322777,28797729731014,336
basic_appreq,1588932,28797731374442,336
basic_appreq,1661578,28797733080160,336
basic_appreq,2299069,28797735420315,336
basic_appreq,2084409,28797737544113,336
basic_appreq,2255527,28797739843553,336
basic_appreq,2224555,28797742109496,336
basic_appreq,2021771,28797744174005,336
basic_appreq,1414518,28797745630293,336
basic_appreq,1803493,28797747470949,336
basic_appreq,1754656,28797749261659,336
basic_appreq,2204423,28797751503906,336
basic_appreq,2428134,28797753976250,336
basic_appreq,1352300,28797755374541,336
basic_appreq,1828400,28797757247038,336
basic_appreq,2189314,28797759479346,336
basic_appreq,2511438,28797762027806,336
basic_appreq,2006307,28797764077565,336
basic_appreq,1356390,28797765485573,336
basic_appreq,1975031,28797767494854,336
basic_appreq,2000339,28797769530273,336
basic_appreq,2292556,28797771862372,336
basic_appreq,1534692,28797773453533,336
basic_appreq,1936606,28797775427228,336
basic_appreq,2272555,28797777739827,336
basic_appreq,1832113,28797779618171,336
basic_appreq,2200719,28797781857798,336
basic_appreq,2427377,28797784340265,336
basic_appreq,2333161,28797786712090,336
basic_appreq,1949860,28797788698328,336
basic_appreq,2628954,28797791372956,336
basic_appreq,2062952,28797793472482,336
basic_appreq,2410179,28797795928408,336
basic_appreq,1343098,28797797311098,336
basic_appreq,2287935,28797799637722,336
basic_appreq,1426712,28797801104025,336
basic_appreq,1968450,28797803110409,336
basic_appreq,2374193,28797805521196,336
basic_appreq,1737752,28797807302530,336
basic_appreq,1720587,28797809067275,336
basic_appreq,2197824,28797811308397,336
basic_appreq,2760184,28797814108187,336
basic_appreq,1878805,28797816024901,336
basic_appreq,2131809,28797818196320,336
basic_appreq,2173227,28797820405532,336
basic_appreq,2035232,28797822478591,336
basic_appreq,1934366,28797824448209,336
basic_appreq,1725104,28797826213667,336
basic_appreq,2582529,28797828832170,336
basic_appreq,1670575,28797830543204,336
basic_appreq,1824241,28797832411942,336
basic_appreq,1538497,28797833996956,336
basic_appreq,2619272,28797836650391,336
basic_appreq,1396504,28797838097510,336
basic_appreq,1717640,28797839852752,336
basic_appreq,1996525,28797841887059,336
basic_appreq,2348767,28797844274828,336
basic_appreq,1679541,28797846001624,336
basic_appreq,1924735,28797847962364,336
basic_appreq,2218780,28797850217079,336
basic_appreq,2798243,28797853056722,336
basic_appreq,2054418,28797855154000,336
basic_appreq,1233098,28797856431148,336
basic_appreq,2128086,28797858600804,336
basic_appreq,2012747,28797860658273,336
basic_appreq,1914783,28797862621947,336
basic_appreq,1585161,28797864250853,336
basic_appreq,1984781,28797866275187,336
basic_appreq,1862899,28797868176964,336
basic_appreq,2039563,28797870258176,336
basic_appreq,2518903,28797872812510,336
basic_appreq,2001881,28797874852882,336
basic_appreq,1683417,28797876579935,336
basic_appreq,1937735,28797878560163,336
basic_appreq,2191544,28797880790759,336
basic_appreq,1395704,28797882227568,336
basic_appreq,2153064,28797884416015,336
basic_appreq,2290456,28797886743242,336
basic_appreq,2361579,28797889140682,336
basic_appreq,1887719,28797891066777,336
basic_appreq,2182400,28797893289145,336
basic_appreq,2616011,28797895947860,336
basic_appreq,1373318,28797897365561,336
basic_appreq,1645793,28797899056981,336
basic_appreq,1883438,28797900975204,336
basic_appreq,1941021,28797902952225,336
basic_appreq,2090824,28797905089810,336
basic_appreq,2161255,28797907286775,336
basic_appreq,1852006,28797909172396,336
basic_appreq,1967627,28797911175959,336
basic_appreq,2706858,28797913921561,336
basic_appreq,1842020,28797915802755,336
basic_appreq,1524227,28797917366034,336
basic_appreq,2440063,28797919850270,336
basic_appreq,1533843,28797921428145,336
basic_appreq,1837610,28797923311780,336
basic_appreq,2022132,28797925378269,336
basic_appreq,2296785,28797927722712,336
basic_appreq,2368438,28797930134390,336
basic_appreq,2110793,28797932285575,336
basic_appreq,2367547,28797934694449,336
basic_appreq,1717339,28797936450160,336
basic_appreq,2231296,28797938718500,336
basic_appreq,1897237,28797940667898,336
basic_appreq,2078749,28797942784095,336
basic_appreq,1542503,28797944360466,336
basic_appreq,1979258,28797946377493,336
basic_appreq,1429840,28797947845576,336
basic_appreq,1532284,28797949420802,336
basic_appreq,2426558,28797951882708,336
basic_appreq,1397394,28797953320248,336
basic_appreq,1681648,28797955038376,336
basic_appreq,1848437,28797956924418,336
basic_appreq,2427835,28797959393643,336
basic_appreq,1627412,28797961073338,336
basic_appreq,1999499,28797963126393,336
basic_appreq,1791776,28797964961600,336
basic_appreq,2334265,28797967336751,336
basic_appreq,2130507,28797969501758,336
basic_appreq,1370256,28797970920064,336
basic_appreq,2046272,28797973010453,336
basic_appreq,2341351,28797975391707,336
basic_appreq,1320104,28797976749060,336
basic_appreq,2107584,28797978895783,336
basic_appreq,2313764,28797981248270,336
basic_appreq,1415969,28797982707643,336
basic_appreq,2670296,28797985413303,336
basic_appreq,2472472,28797987924347,336
basic_appreq,1617161,28797989585090,336
basic_appreq,1802375,28797991435819,336
basic_appreq,1884537,28797993360195,336
basic_appreq,2475750,28797995889849,336
basic_appreq,2058057,28797997983366,336
basic_appreq,2299906,28798000319623,336
basic_appreq,2349805,28798002716793,336
basic_appreq,1888305,28798004651956,336
basic_appreq,2404107,28798007096616,336
basic_appreq,1486822,28798008627134,336
basic_appreq,1868554,28798010542604,336
basic_appreq,2006720,28798012588699,336
basic_appreq,2321190,28798014950978,336
basic_appreq,2621712,28798017623784,336
basic_appreq,2006999,28798019673039,336
basic_appreq,2295274,28798022013392,336
basic_appreq,1902985,28798023963538,336
basic_appreq,1585042,28798025624558,336
basic_appreq,2091055,28798027768649,336
basic_appreq,2192151,28798030000804,336
basic_appreq,2477278,28798032516457,336
basic_appreq,1912024,28798034467137,336
basic_appreq,2526462,28798037030815,336
basic_appreq,1884442,28798038961229,336
basic_appreq,1783919,28798040782402,336
basic_appreq,2019576,28798042844776,336
basic_appreq,1322300,28798044211591,336
basic_appreq,1926360,28798046180790,336
basic_appreq,1564508,28798047784497,336
basic_appreq,2278453,28798050103080,336
basic_appreq,2275798,28798052421721,336
basic_appreq,1518246,28798053981791,336
basic_appreq,1833557,28798055854945,336
basic_appreq,1654553,28798057564630,336
basic_appreq,2290426,28798059889106,336
basic_appreq,1938377,28798061861452,336
basic_appreq,2133029,28798064036750,336
basic_appreq,2388835,28798066463905,336
basic_appreq,1373137,28798067889157,336
basic_appreq,2486533,28798070408704,336
basic_appreq,2041740,28798072487279,336
basic_appreq,2450009,28798074976010,336
basic_appreq,1518976,28798076549608,336
basic_appreq,2541821,28798079148516,336
basic_appreq,1404761,28798080596635,336
basic_appreq,1978094,28798082619385,336
basic_appreq,1653658,28798084324492,336
basic_appreq,2196417,28798086560916,336
basic_appreq,2049459,28798088652011,336
basic_appreq,1940150,28798090633270,336
basic_appreq,2538200,28798093207441,336
basic_appreq,1845127,28798095091832,336
basic_appreq,1443738,28798096573212,336
basic_appreq,2278394,28798098898756,336
basic_appreq,1608320,28798100544716,336
basic_appreq,2416107,28798103008508,336
basic_appreq,2157313,28798105201860,336
basic_appreq,1932966,28798107178558,336
basic_appreq,1672083,28798108890433,336
basic_appreq,1457294,28798110390610,336
basic_appreq,2100868,28798112542955,336
basic_appreq,1737947,28798114319992,336
basic_appreq,2134754,28798116491706,336
basic_appreq,1881830,28798118414616,336
basic_appreq,1872940,28798120328714,336
basic_appreq,1823932,28798122191498,336
basic_appreq,1600223,28798123830755,336
basic_appreq,1782181,28798125652774,336
basic_appreq,2074474,28798127764096,336
basic_appreq,2201774,28798130003125,336
basic_appreq,2564827,28798132604953,336
basic_appreq,1358921,28798134001518,336
basic_appreq,1747632,28798135791159,336
basic_appreq,1766138,28798137597650,336
basic_appreq,1981756,28798139621367,336
basic_appreq,1982073,28798141647510,336
basic_appreq,2189144,28798143883888,336
basic_appreq,2346391,28798146270401,336
basic_appreq,1369109,28798147685565,336
basic_appreq,1973023,28798149693104,336
basic_appreq,2035632,28798151785650,336
basic_appreq,1970927,28798153800000,336
basic_appreq,2250347,28798156085878,336
basic_appreq,2527209,28798158649422,336
basic_appreq,1918319,28798160609901,336
basic_appreq,1757461,28798162414466,336
basic_appreq,1878932,28798164334531,336
basic_appreq,1845183,28798166223275,336
basic_appreq,2431050,28798168692230,336
basic_appreq,2018422,28798170747648,336
basic_appreq,2208850,28798172997199,336
basic_appreq,1003358,28798174040072,336
basic_appreq,2219958,28798176304130,336
basic_appreq,1639441,28798177989685,336
basic_appreq,2272137,28798180295815,336
basic_appreq,2587378,28798182920649,336
basic_appreq,2020420,28798184976689,336
basic_appreq,1890632,28798186904135,336
basic_appreq,1787339,28798188727390,336
basic_appreq,2384516,28798191153216,336
basic_appreq,1883942,28798193076937,336
basic_appreq,2442599,28798195566393,336
basic_appreq,1634362,28798197244911,336
basic_appreq,2243360,28798199536843,336
basic_appreq,2053998,28798201634275,336
basic_appreq,2271814,28798203964650,336
basic_appreq,1314856,28798205347604,336
basic_appreq,1585224,28798206974553,336
basic_appreq,2305435,28798209315686,336
basic_appreq,2298715,28798211652018,336
basic_appreq,2393641,28798214085078,336
basic_appreq,1572139,28798215704531,336
basic_appreq,1799304,28798217547714,336
basic_appreq,2035365,28798219625415,336
basic_appreq,2218006,28798221887803,336
basic_appreq,2891371,28798224818633,336
basic_appreq,1840271,28798226699978,336
basic_appreq,1940119,28798228675967,336
basic_appreq,1942016,28798230655884,336
basic_appreq,1864075,28798232559568,336
basic_appreq,2457189,28798235055893,336
basic_appreq,1621880,28798236721406,336
basic_appreq,2100805,28798238876369,336
basic_appreq,1948173,28798240864224,336
basic_appreq,1792491,28798242697424,336
basic_appreq,2412183,28798245145072,336
basic_appreq,2566397,28798247749687,336
basic_appreq,1565135,28798249361564,336
basic_appreq,1990617,28798251399856,336
basic_appreq,2020502,28798253463954,336
basic_appreq,2207679,28798255717430,336
basic_appreq,1534596,28798257308019,336
basic_appreq,1803635,28798259151808,336
basic_appreq,2488244,28798261682538,336
basic_appreq,2134495,28798263856329,336
basic_appreq,1816897,28798265726278,336
basic_appreq,1585884,28798267357785,336
basic_appreq,2247333,28798269639744,336
basic_appreq,1652188,28798271337556,336
basic_appreq,1747122,28798273124952,336
basic_appreq,2054619,28798275216196,336
basic_appreq,2240342,28798277490383,336
basic_appreq,2014881,28798279545480,336
basic_appreq,1664638,28798281253727,336
basic_appreq,2619982,28798283909839,336
basic_appreq,2555974,28798286498862,336
basic_appreq,2898127,28798289438570,336
basic_appreq,2054934,28798291532361,336
basic_appreq,1939274,28798293509089,336
basic_appreq,2488759,28798296039179,336
basic_appreq,2078391,28798298160748,336
basic_appreq,1910234,28798300115239,336
basic_appreq,1464929,28798301624623,336
basic_appreq,1894280,28798303555603,336
basic_appreq,2121961,28798305717484,336
basic_appreq,1565486,28798307332565,336
basic_appreq,2251793,28798309622139,336
basic_appreq,2413717,28798312078982,336
basic_appreq,1663938,28798313783685,336
basic_appreq,1869340,28798315697643,336
basic_appreq,2018488,28798317760234,336
basic_appreq,2168120,28798319968036,336
basic_appreq,1380980,28798321435323,336
basic_appreq,2077594,28798323556051,336
basic_appreq,2383613,28798325985227,336
basic_appreq,1960827,28798327984536,336
basic_appreq,2117651,28798330167701,336
basic_appreq,1751564,28798331965867,336
basic_appreq,2905902,28798334905535,336
basic_appreq,2020476,28798336962123,336
basic_appreq,2054438,28798339054392,336
basic_appreq,2034459,28798341124475,336
basic_appreq,2221419,28798343384975,336
basic_appreq,1678334,28798345106678,336
basic_appreq,1862430,28798347018855,336
basic_appreq,2211685,28798349274496,336
basic_appreq,1155614,28798350480964,336
basic_appreq,1917306,28798352433656,336
basic_appreq,2723569,28798355194434,336
basic_appreq,1967801,28798357199018,336
basic_appreq,1902356,28798359143731,336
basic_appreq,1939786,28798361119688,336
basic_appreq,1955549,28798363114379,336
basic_appreq,1593713,28798364745277,336
basic_appreq,1947472,28798366729563,336
basic_appreq,2161316,28798368929688,336
basic_appreq,1862868,28798370839844,336
basic_appreq,1601178,28798372485095,336
basic_appreq,2016931,28798374541645,336
basic_appreq,2138114,28798376723323,336
basic_appreq,2379275,28798379144866,336
basic_appreq,2149952,28798381335239,336
basic_appreq,1318894,28798382700645,336
basic_appreq,1926759,28798384664596,336
basic_appreq,2264835,28798386965318,336
basic_appreq,1897784,28798388897756,336
basic_appreq,2166793,28798391114211,336
basic_appreq,2328400,28798393486341,336
basic_appreq,1577580,28798395111694,336
basic_appreq,1875289,28798397024703,336
basic_appreq,2140446,28798399207828,336
basic_appreq,2314066,28798401561777,336
basic_appreq,1924374,28798403529596,336
basic_appreq,1660881,28798405226833,336
basic_appreq,1929210,28798407193993,336
basic_appreq,1849144,28798409083764,336
basic_appreq,2179187,28798411300512,336
basic_appreq,2006584,28798413346406,336
basic_appreq,2214988,28798415615295,336
basic_appreq,2545812,28798418204851,336
basic_appreq,1961261,28798420228540,336
basic_appreq,1302262,28798421577299,336
basic_appreq,2070977,28798423692007,336
basic_appreq,2196636,28798425928256,336
basic_appreq,1681552,28798427658065,336
basic_appreq,2263568,28798429957900,336
basic_appreq,1955525,28798431951751,336
basic_appreq,2311665,28798434299305,336
basic_appreq,1970956,28798436306692,336
basic_appreq,2274825,28798438618725,336
basic_appreq,1809419,28798440467021,336
basic_appreq,2163040,28798442666683,336
basic_appreq,2251772,28798444959210,336
basic_appreq,2373970,28798447381390,336
basic_appreq,1569200,28798448989429,336
basic_appreq,1917208,28798450952592,336
basic_appreq,2148690,28798453145698,336
basic_appreq,2509402,28798455693201,336
basic_appreq,2226547,28798457955865,336
basic_appreq,2542203,28798460541030,336
basic_appreq,2611838,28798463205870,336
basic_appreq,2581797,28798465828247,336
basic_appreq,1493962,28798467364710,336
basic_appreq,1855678,28798469264682,336
basic_appreq,2087500,28798471392652,336
basic_appreq,2290568,28798473723091,336
basic_appreq,1503435,28798475274770,336
basic_appreq,2430718,28798477750056,336
basic_appreq,1857647,28798479650127,336
basic_appreq,1615925,28798481323305,336
basic_appreq,2408839,28798483785352,336
basic_appreq,2406228,28798486228255,336
basic_appreq,1906103,28798488173892,336
basic_appreq,1462234,28798489677267,336
basic_appreq,1812209,28798491530479,336
basic_appreq,2581463,28798494149273,336
basic_appreq,2470583,28798496659559,336
basic_appreq,2396390,28798499096114,336
basic_appreq,1601730,28798500741973,336
basic_appreq,2161760,28798502952158,336
basic_appreq,1526324,28798504523985,336
basic_appreq,1838339,28798506400132,336
basic_appreq,1824679,28798508261392,336
basic_appreq,1841170,28798510144290,336
basic_appreq,1813559,28798511993580,336
basic_appreq,1732964,28798513786884,336
basic_appreq,1842792,28798515664255,336
basic_appreq,1969267,28798517682714,336
basic_appreq,1826694,28798519545390,336
basic_appreq,2052585,28798521649829,336
basic_appreq,1881303,28798523577544,336
basic_appreq,1822678,28798525443426,336
basic_appreq,2079247,28798527575231,336
basic_appreq,1543980,28798529163063,336
basic_appreq,1706918,28798530918785,336
basic_appreq,1649863,28798532624696,336
basic_appreq,2293043,28798534969604,336
basic_appreq,1328547,28798536336977,336
basic_appreq,1807214,28798538190893,336
basic_appreq,2460806,28798540685725,336
basic_appreq,2436919,28798543166911,336
basic_appreq,1855433,28798545064005,336
basic_appreq,1953980,28798547065079,336
basic_appreq,2013823,28798549112708,336
basic_appreq,2562850,28798551717234,336
basic_appreq,2059746,28798553815322,336
basic_appreq,2518961,28798556375951,336
basic_appreq,1599709,28798558019522,336
basic_appreq,2132813,28798560190316,336
basic_appreq,2433349,28798562663360,336
basic_appreq,2894592,28798565602447,336
basic_appreq,987975,28798566637730,336
basic_appreq,2053438,28798568735137,336
basic_appreq,2399677,28798571171861,336
basic_appreq,2313220,28798573524907,336
basic_appreq,1512735,28798575084564,336
basic_appreq,2425126,28798577545990,336
basic_appreq,1472600,28798579078797,336
basic_appreq,2018588,28798581143705,336
basic_appreq,1644106,28798582830194,336
basic_appreq,2868270,28798585733449,336
basic_appreq,1965419,28798587737644,336
basic_appreq,2064478,28798589852087,336
basic_appreq,2407729,28798592303969,336
basic_appreq,2278871,28798594630993,336
basic_appreq,1878568,28798596548871,336
basic_appreq,1651977,28798598241539,336
basic_appreq,2059987,28798600336822,336
basic_appreq,2300482,28798602685296,336
basic_appreq,1812796,28798604535074,336
basic_appreq,1827541,28798606402837,336
basic_appreq,2599430,28798609051896,336
basic_appreq,2462105,28798611559983,336
basic_appreq,2551021,28798614158251,336
basic_appreq,1622728,28798615825261,336
basic_appreq,1475916,28798617345189,336
basic_appreq,1984217,28798619368699,336
basic_appreq,2298836,28798621711153,336
basic_appreq,1976025,28798623729216,336
basic_appreq,1806298,28798625577206,336
basic_appreq,1864299,28798627480283,336
basic_appreq,2052894,28798629584637,336
basic_appreq,1499809,28798631119611,336
basic_appreq,2489789,28798633644047,336
basic_appreq,1388858,28798635089386,336
basic_appreq,2028936,28798637154405,336
basic_appreq,2316160,28798639518407,336
basic_appreq,1735817,28798641299671,336
basic_appreq,1611579,28798642960263,336
basic_appreq,2090936,28798645091697,336
basic_appreq,2062688,28798647196206,336
basic_appreq,1544447,28798648781786,336
basic_appreq,2128188,28798650945877,336
basic_appreq,2489228,28798653471526,336
basic_appreq,1154552,28798654671866,336
basic_appreq,2482172,28798657190833,336
basic_appreq,1963325,28798659191026,336
basic_appreq,2368119,28798661596873,336
basic_appreq,1446124,28798663081074,336
basic_appreq,2126734,28798665242816,336
basic_appreq,2265134,28798667554800,336
basic_appreq,2375567,28798669967962,336
basic_appreq,1381712,28798671395776,336
basic_appreq,1993553,28798673427550,336
basic_appreq,2382875,28798675856798,336
basic_appreq,2646152,28798678546956,336
basic_appreq,1484424,28798680077681,336
basic_appreq,1994640,28798682120123,336
basic_appreq,1806105,28798683970062,336
basic_appreq,2911604,28798686935072,336
basic_appreq,2025418,28798688995795,336
basic_appreq,2121880,28798691158819,336
basic_appreq,2066360,28798693265017,336
basic_appreq,1840140,28798695152529,336
basic_appreq,2103012,28798697300933,336
basic_appreq,1684564,28798699031170,336
basic_appreq,2129256,28798701194177,336
basic_appreq,1681228,28798702912108,336
basic_appreq,1798686,28798704746243,336
basic_appreq,1896631,28798706678137,336
basic_appreq,2057809,28798708771416,336
basic_appreq,2467536,28798711289268,336
basic_appreq,2130685,28798713460025,336
basic_appreq,2104425,28798715604028,336
basic_appreq,2052052,28798717700019,336
basic_appreq,1579472,28798719326371,336
basic_appreq,2283929,28798721654337,336
basic_appreq,2301582,28798723998529,336
basic_appreq,1678223,28798725742047,336
basic_appreq,2676942,28798728454631,336
basic_appreq,2448074,28798730939836,336
basic_appreq,1377197,28798732369476,336
basic_appreq,1672564,28798734089255,336
basic_appreq,2089369,28798736217898,336
basic_appreq,1876605,28798738137654,336
basic_appreq,1628337,28798739806012,336
basic_appreq,2432070,28798742278894,336
basic_appreq,1529631,28798743875986,336
basic_appreq,1949881,28798745870245,336
basic_appreq,1621424,28798747538863,336
basic_appreq,2246472,28798749817718,336
basic_appreq,2136852,28798751989372,336
basic_appreq,1617386,28798753660442,336
basic_appreq,2296503,28798755990947,336
basic_appreq,2312552,28798758366213,336
basic_appreq,1850563,28798760258396,336
basic_appreq,1803342,28798762097345,336
basic_appreq,2091475,28798764224817,336
basic_appreq,2027353,28798766289642,336
basic_appreq,2102019,28798768431609,336
basic_appreq,1710651,28798770184617,336
basic_appreq,2495696,28798772719764,336
basic_appreq,2426434,28798775188337,336
basic_appreq,2434738,28798777662309,336
basic_appreq,1327767,28798779037437,336
basic_appreq,1553461,28798780646016,336
basic_appreq,2420816,28798783107839,336
basic_appreq,1799077,28798784950628,336
basic_appreq,1877742,28798786871925,336
basic_appreq,2399719,28798789309410,336
basic_appreq,1994289,28798791345311,336
basic_appreq,2114633,28798793503553,336
basic_appreq,2163428,28798795713413,336
basic_appreq,1545915,28798797303053,336
basic_appreq,2165962,28798799507210,336
basic_appreq,2396485,28798801944963,336
basic_appreq,2606384,28798804587838,336
basic_appreq,2313660,28798806937096,336
basic_appreq,1068625,28798808049474,336
basic_appreq,2208619,28798810295734,336
basic_appreq,2201014,28798812540256,336
basic_appreq,2325956,28798814905517,336
basic_appreq,2342251,28798817299850,336
basic_appreq,1476178,28798818822584,336
basic_appreq,2460122,28798821320511,336
basic_appreq,1377566,28798822738160,336
basic_appreq,1801614,28798824573983,336
basic_appreq,1898148,28798826512284,336
basic_appreq,2232350,28798828778301,336
basic_appreq,1728820,28798830552797,336
basic_appreq,2201017,28798832788382,336
basic_appreq,2150407,28798834981805,336
basic_appreq,1381585,28798836406672,336
basic_appreq,2607056,28798839049925,336
basic_appreq,1822137,28798840912773,336
basic_appreq,2024580,28798842975715,336
basic_appreq,2629564,28798845657492,336
basic_appreq,1502714,28798847208476,336
basic_appreq,1747177,28798849000485,336
basic_appreq,2340419,28798851379059,336
basic_appreq,1527584,28798852942272,336
basic_appreq,2270703,28798855251036,336
basic_appreq,2474624,28798857762369,336
basic_appreq,1895279,28798859704277,336
basic_appreq,2551297,28798862295003,336
basic_appreq,1993054,28798864327928,336
basic_appreq,2096224,28798866466499,336
basic_appreq,2416903,28798868924280,336
basic_appreq,2019908,28798870988951,336
basic_appreq,1227048,28798872259940,336
basic_appreq,2390931,28798874689329,336
basic_appreq,1591375,28798876324860,336
basic_appreq,1774097,28798878146203,336
basic_appreq,2085263,28798880267498,336
basic_appreq,2363649,28798882670931,336
basic_appreq,1817410,28798884529017,336
basic_appreq,1759219,28798886324910,336
basic_appreq,2675477,28798889040040,336
basic_appreq,2384799,28798891462426,336
basic_appreq,994950,28798892501014,336
basic_appreq,1891383,28798894438203,336
basic_appreq,1965977,28798896440073,336
basic_appreq,2242486,28798898725970,336
basic_appreq,1106041,28798899871029,336
basic_appreq,2259233,28798902167775,336
basic_appreq,1960455,28798904172596,336
basic_appreq,2361029,28798906573127,336
basic_appreq,2902392,28798909515993,336
basic_appreq,1881500,28798911437422,336
basic_appreq,1464823,28798912941469,336
basic_appreq,1478242,28798914468629,336
basic_appreq,2529040,28798917032661,336
basic_appreq,2505269,28798919576633,336
basic_appreq,1471765,28798921089544,336
basic_appreq,2186250,28798923319023,336
basic_appreq,2562224,28798925920889,336
basic_appreq,2296437,28798928256576,336
basic_appreq,2004003,28798930310325,336
basic_appreq,2189254,28798932543928,336
basic_appreq,2394433,28798934986184,336
basic_appreq,1466697,28798936496824,336
basic_appreq,1939438,28798938494448,336
basic_appreq,2458064,28798940990291,336
basic_appreq,2129076,28798943158484,336
basic_appreq,1747119,28798944949977,336
basic_appreq,2073035,28798947058323,336
basic_appreq,2028015,28798949121176,336
basic_appreq,2291003,28798951465061,336
basic_appreq,2514413,28798954013954,336
basic_appreq,2387846,28798956443034,336
basic_appreq,1540708,28798958057972,336
basic_appreq,2363609,28798960465923,336
basic_appreq,1448170,28798961957524,336
basic_appreq,1918893,28798963918603,336
basic_appreq,2187310,28798966146942,336
basic_appreq,2342658,28798968530779,336
basic_appreq,2173185,28798970746911,336
basic_appreq,1963445,28798972754285,336
basic_appreq,2360045,28798975161046,336
basic_appreq,2649894,28798977845446,336
basic_appreq,2499140,28798980380545,336
basic_appreq,2562749,28798982984709,336
basic_appreq,2005265,28798985029664,336
basic_appreq,1718983,28798986790141,336
basic_appreq,2016125,28798988845704,336
basic_appreq,2828115,28798991721024,336
basic_appreq,2322393,28798994083135,336
basic_appreq,2286639,28798996417733,336
basic_appreq,1348868,28798997813187,336
basic_appreq,1833300,28798999685454,336
basic_appreq,1874274,28799001599130,336
basic_appreq,1945583,28799003582946,336
basic_appreq,2409003,28799006027279,336
basic_appreq,2421511,28799008486513,336
basic_appreq,2409416,28799010939584,336
basic_appreq,2282028,28799013258902,336
basic_appreq,1511267,28799014819875,336
basic_appreq,1927214,28799016786426,336
basic_appreq,2013536,28799018844389,336
basic_appreq,1927017,28799020815147,336
basic_appreq,2202491,28799023060309,336
basic_appreq,1829661,28799024929940,336
basic_appreq,2593338,28799027563628,336
basic_appreq,1812513,28799029417130,336
basic_appreq,1988280,28799031452099,336
basic_appreq,1891353,28799033382755,336
basic_appreq,2362004,28799035791346,336
basic_appreq,1891216,28799037733853,336
basic_appreq,1988699,28799039759705,336
basic_appreq,1870522,28799041665944,336
basic_appreq,1843500,28799043553406,336
basic_appreq,1789431,28799045377178,336
basic_appreq,1937007,28799047357239,336
basic_appreq,2317821,28799049719177,336
basic_appreq,1460224,28799051226101,336
basic_appreq,2692364,28799053962976,336
basic_appreq,2446659,28799056447486,336
basic_appreq,2394314,28799058879106,336
basic_appreq,1651664,28799060570303,336
basic_appreq,1977198,28799062586441,336
basic_appreq,1631142,28799064254834,336
basic_appreq,2253807,28799066547400,336
basic_appreq,1254896,28799067842279,336
basic_appreq,1295747,28799069181982,336
basic_appreq,1931318,28799071150506,336
basic_appreq,2540987,28799073727711,336
basic_appreq,2068053,28799075852248,336
basic_appreq,1604818,28799077500906,336
basic_appreq,2058835,28799079596504,336
basic_appreq,2408407,28799082040599,336
basic_appreq,2003983,28799084084410,336
basic_appreq,2271205,28799086402641,336
basic_appreq,2032108,28799088474889,336
basic_appreq,1288395,28799089820222,336
basic_appreq,2012820,28799091877309,336
basic_appreq,1356413,28799093277514,336
basic_appreq,2326595,28799095642468,336
basic_appreq,2198305,28799097885832,336
basic_appreq,1777343,28799099710571,336
basic_appreq,2020545,28799101774436,336
basic_appreq,1910311,28799103728606,336
basic_appreq,2098200,28799105861909,336
basic_appreq,2418232,28799108317344,336
basic_appreq,1951515,28799110305827,336
basic_appreq,2243832,28799112590825,336
basic_appreq,1975023,28799114610511,336
basic_appreq,2056453,28799116706617,336
basic_appreq,1508171,28799118260999,336
basic_appreq,2037967,28799120342997,336
basic_appreq,1989384,28799122373113,336
basic_appreq,2473797,28799124883102,336
basic_appreq,1890923,28799126816657,336
basic_appreq,1543667,28799128403437,336
basic_appreq,2112488,28799130555494,336
basic_appreq,2260340,28799132867749,336
basic_appreq,1642521,28799134552429,336
basic_appreq,2353400,28799136945599,336
basic_appreq,1413380,28799138410098,336
basic_appreq,1858867,28799140306927,336
basic_appreq,2158039,28799142511737,336
basic_appreq,2511844,28799145060979,336
basic_appreq,1965208,28799147065780,336
basic_appreq,1485958,28799148595746,336
basic_appreq,2423603,28799151055413,336
basic_appreq,1461095,28799152551415,336
basic_appreq,2185843,28799154779272,336
basic_appreq,1521037,28799156339518,336
basic_appreq,1994957,28799158371450,336
basic_appreq,2035465,28799160442759,336
basic_appreq,2234798,28799162715364,336
basic_appreq,2281814,28799165035898,336
basic_appreq,2401466,28799167473154,336
basic_appreq,1395586,28799168919605,336
basic_appreq,1833543,28799170792016,336
basic_appreq,2041143,28799172870206,336
basic_appreq,2416964,28799175322969,336
basic_appreq,1466696,28799176843814,336
basic_appreq,2073491,28799178966507,336
basic_appreq,2045142,28799181058298,336
basic_appreq,2417245,28799183523181,336
basic_appreq,1988182,28799185571613,336
basic_appreq,2283392,28799187896841,336
basic_appreq,2380812,28799190313588,336
basic_appreq,2001410,28799192355151,336
basic_appreq,1767697,28799194165789,336
basic_appreq,1619436,28799195828987,336
basic_appreq,2433264,28799198306024,336
basic_appreq,1965772,28799200311528,336
basic_appreq,2280273,28799202631655,336
basic_appreq,2328351,28799205001335,336
basic_appreq,1257898,28799206300937,336
basic_appreq,2643727,28799208980745,336
basic_appreq,1570684,28799210597193,336
basic_appreq,2416603,28799213054706,336
basic_appreq,2306328,28799215413092,336
basic_appreq,1882612,28799217340088,336
basic_appreq,1977265,28799219363450,336
basic_appreq,1563266,28799220980551,336
basic_appreq,2196588,28799223212821,336
basic_appreq,2303336,28799225553692,336
basic_appreq,2083771,28799227678631,336
basic_appreq,1860166,28799229574377,336
basic_appreq,2054508,28799231675674,336
basic_appreq,2340196,28799234050861,336
basic_appreq,2245637,28799236332743,336
basic_appreq,1686893,28799238055338,336
basic_appreq,2337252,28799240426518,336
basic_appreq,2394365,28799242860511,336
basic_appreq,1568522,28799244469972,336
basic_appreq,2113661,28799246623950,336
basic_appreq,1514314,28799248182044,336
basic_appreq,1739963,28799249965315,336
basic_appreq,1961002,28799251965803,336
basic_appreq,1813051,28799253838086,336
basic_appreq,2045503,28799255924439,336
basic_appreq,2234336,28799258199807,336
basic_appreq,1615456,28799259862595,336
basic_appreq,2088510,28799261995235,336
basic_appreq,1609442,28799263650911,336
basic_appreq,2139538,28799265826238,336
basic_appreq,2259838,28799268127833,336
basic_appreq,1696640,28799269863613,336
basic_appreq,2243835,28799272148358,336
basic_appreq,2443255,28799274635101,336
basic_appreq,1516197,28799276203786,336
basic_appreq,1652176,28799277901774,336
basic_appreq,2399707,28799280353235,336
basic_appreq,1623513,28799282022705,336
basic_appreq,1991864,28799284056552,336
basic_appreq,2107534,28799286207440,336
basic_appreq,2631331,28799288876411,336
basic_appreq,1472206,28799290395514,336
basic_appreq,2222173,28799292661276,336
basic_appreq,1440180,28799294146461,336
basic_appreq,2355358,28799296545194,336
basic_appreq,1460457,28799298044726,336
basic_appreq,2107840,28799300200307,336
basic_appreq,2158624,28799302396094,336
basic_appreq,2448241,28799304878417,336
basic_appreq,1982386,28799306896213,336
basic_appreq,2164926,28799309095752,336
basic_appreq,1522088,28799310671366,336
basic_appreq,2606596,28799313311960,336
basic_appreq,2148221,28799315504013,336
basic_appreq,1566645,28799317114750,336
basic_appreq,2169271,28799319319533,336
basic_appreq,2445085,28799321804244,336
basic_appreq,1572252,28799323422918,336
basic_appreq,1669757,28799325131920,336
basic_appreq,2137047,28799327311999,336
basic_appreq,1380473,28799328737096,336
basic_appreq,2180331,28799330962034,336
basic_appreq,1861724,28799332879586,336
basic_appreq,1918990,28799334837183,336
basic_appreq,2408202,28799337283699,336
basic_appreq,1954266,28799339280158,336
basic_appreq,2127524,28799341448745,336
basic_appreq,1511702,28799343006007,336
basic_appreq,2266687,28799345307335,336
basic_appreq,1437271,28799346793030,336
basic_appreq,2403610,28799349230220,336
basic_appreq,1617700,28799350885146,336
basic_appreq,2070736,28799352990899,336
basic_appreq,2432959,28799355467209,336
basic_appreq,1657391,28799357166456,336
basic_appreq,1997749,28799359206664,336
basic_appreq,2202977,28799361448201,336
basic_appreq,1986566,28799363474831,336
basic_appreq,2247211,28799365765965,336
basic_appreq,1980667,28799367793542,336
basic_appreq,2321821,28799370150725,336
basic_appreq,2397587,28799372590396,336
basic_appreq,1554409,28799374193997,336
basic_appreq,1594570,28799375832092,336
basic_appreq,2160391,28799378027823,336
basic_appreq,2379454,28799380457060,336
basic_appreq,2109538,28799382606993,336
basic_appreq,2632634,28799385283689,336
basic_appreq,1676265,28799386998111,336
basic_appreq,2229588,28799389268186,336
basic_appreq,2491946,28799391806766,336
basic_appreq,1500102,28799393346625,336
basic_appreq,1614770,28799395006879,336
basic_appreq,2490169,28799397531577,336
basic_appreq,2279643,28799399853651,336
basic_appreq,2143663,28799402033938,336
basic_appreq,1526183,28799403606032,336
basic_appreq,2046327,28799405689012,336
basic_appreq,2380213,28799408110333,336
basic_appreq,1479523,28799409630647,336
basic_appreq,2222401,28799411892793,336
basic_appreq,2646512,28799414582847,336
basic_appreq,2613942,28799417234242,336
basic_appreq,1484172,28799418755994,336
basic_appreq,1851595,28799420643359,336
basic_appreq,1534441,28799422216302,336
basic_appreq,1535703,28799423792160,336
basic_appreq,2039577,28799425875451,336
basic_appreq,1879070,28799427797077,336
basic_appreq,2609056,28799430442667,336
basic_appreq,2063660,28799432552853,336
basic_appreq,1632061,28799434232655,336
basic_appreq,2126572,28799436394869,336
basic_appreq,1704530,28799438141158,336
basic_appreq,2012611,28799440189555,336
basic_appreq,2193018,28799442420085,336
basic_appreq,2055738,28799444515429,336
basic_appreq,2249122,28799446806434,336
basic_appreq,2243733,28799449086788,336
basic_appreq,1447896,28799450580422,336
basic_appreq,1821336,28799452438590,336
basic_appreq,2514302,28799454994764,336
basic_appreq,2049566,28799457080585,336
basic_appreq,1510385,28799458638813,336
basic_appreq,2166442,28799460857801,336
basic_appreq,2481038,28799463385900,336
basic_appreq,2460852,28799465884446,336
basic_appreq,2206501,28799468137716,336
basic_appreq,1425171,28799469607408,336
basic_appreq,1933278,28799471584879,336
basic_appreq,1911623,28799473540237,336
basic_appreq,1979135,28799475569939,336
basic_appreq,1895847,28799477509986,336
basic_appreq,2108294,28799479658098,336
basic_appreq,1445224,28799481147321,336
basic_appreq,2070013,28799483253699,336
basic_appreq,2227252,28799485531701,336
basic_appreq,2201084,28799487770293,336
basic_appreq,2433054,28799490244238,336
basic_appreq,1451968,28799491755406,336
basic_appreq,1878574,28799493677730,336
basic_appreq,2170438,28799495889613,336
basic_appreq,1500176,28799497429078,336
basic_appreq,2020493,28799499486956,336
basic_appreq,2197147,28799501720234,336
basic_appreq,2673437,28799504437229,336
basic_appreq,2438929,28799506913639,336
basic_appreq,2668676,28799509632586,336
basic_appreq,1368035,28799511046689,336
basic_appreq,2123519,28799513206591,336
basic_appreq,2466120,28799515714122,336
basic_appreq,1797470,28799517552502,336
basic_appreq,1979176,28799519576210,336
basic_appreq,1952163,28799521565365,336
basic_appreq,1377320,28799522987887,336
basic_appreq,2034379,28799525066391,336
basic_appreq,1872944,28799526980581,336
basic_appreq,1561290,28799528581963,336
basic_appreq,1884564,28799530504997,336
basic_appreq,2721020,28799533261682,336
basic_appreq,2242909,28799535542059,336
basic_appreq,1429991,28799537012378,336
basic_appreq,2348583,28799539407954,336
basic_appreq,2425181,28799541872891,336
basic_appreq,970865,28799542899920,336
basic_appreq,2420339,28799545359498,336
basic_appreq,2125289,28799547523650,336
basic_appreq,1513396,28799549073061,336
basic_appreq,1938006,28799551050007,336
basic_appreq,1741459,28799552827359,336
basic_appreq,1939981,28799554805947,336
basic_appreq,2027783,28799556883558,336
basic_appreq,2061714,28799558992346,336
basic_appreq,2430329,28799561466896,336
basic_appreq,2341258,28799563862390,336
basic_appreq,1981300,28799565882417,336
basic_appreq,1697714,28799567629952,336
basic_appreq,2261750,28799569926098,336
basic_appreq,1610088,28799571573854,336
basic_appreq,2460830,28799574070089,336
basic_appreq,2192213,28799576301050,336
basic_appreq,1852845,28799578193365,336
basic_appreq,1916871,28799580154643,336
basic_appreq,2022133,28799582224709,336
basic_appreq,1251958,28799583520201,336
basic_appreq,1631869,28799585195983,336
basic_appreq,2252715,28799587497899,336
basic_appreq,2291207,28799589844313,336
basic_appreq,1571074,28799591456556,336
basic_appreq,1958102,28799593450296,336
basic_appreq,1784741,28799595283243,336
basic_appreq,2254093,28799597572895,336
basic_appreq,2064679,28799599674109,336
basic_appreq,2265849,28799601979681,336
basic_appreq,1543508,28799603570330,336
basic_appreq,2477925,28799606091897,336
basic_appreq,1904432,28799608040251,336
basic_appreq,1812217,28799609896384,336
basic_appreq,2012271,28799611944626,336
basic_appreq,2253453,28799614233682,336
basic_appreq,2028973,28799616299616,336
basic_appreq,2082289,28799618424163,336
basic_appreq,1665467,28799620133830,336
basic_appreq,1967523,28799622144527,336
basic_appreq,1948395,28799624132612,336
basic_appreq,2330409,28799626501157,336
basic_appreq,1588316,28799628134008,336
basic_appreq,2046942,28799630222248,336
basic_appreq,1993859,28799632259758,336
basic_appreq,2603294,28799634908251,336
basic_appreq,2289833,28799637233956,336
basic_appreq,1483984,28799638763723,336
basic_appreq,1981228,28799640785360,336
basic_appreq,1972422,28799642804208,336
basic_appreq,2153400,28799645001564,336
basic_appreq,1674593,28799646722535,336
basic_appreq,1880803,28799648638861,336
basic_appreq,2067353,28799650743991,336
basic_appreq,1985958,28799652765272,336
basic_appreq,2266774,28799655069473,336
basic_appreq,2188553,28799657293440,336
basic_appreq,2325801,28799659661192,336
basic_appreq,2528845,28799662234180,336
basic_appreq,1335559,28799663616042,336
basic_appreq,2184701,28799665841285,336
basic_appreq,2087897,28799667967584,336
basic_appreq,2645928,28799670675442,336
basic_appreq,1871046,28799672583915,336
basic_appreq,2262312,28799674883777,336
basic_appreq,1935685,28799676863224,336
basic_appreq,2141734,28799679047708,336
basic_appreq,1969343,28799681056446,336
basic_appreq,1644964,28799682746703,336
basic_appreq,1724062,28799684511834,336
basic_appreq,1832285,28799686380579,336
basic_appreq,2615717,28799689028709,336
basic_appreq,1974444,28799691058645,336
basic_appreq,1871272,28799692973211,336
basic_appreq,1793604,28799694813711,336
basic_appreq,2405357,28799697253414,336
basic_appreq,2620955,28799699931366,336
basic_appreq,2409769,28799702380973,336
basic_appreq,1447034,28799703869792,336
basic_appreq,1991602,28799705905441,336
basic_appreq,1605456,28799707557437,336
basic_appreq,2521955,28799710114320,336
basic_appreq,2136148,28799712287893,336
basic_appreq,1992838,28799714320596,336
basic_appreq,2267072,28799716628612,336
basic_appreq,1961911,28799718631918,336
basic_appreq,2057938,28799720726916,336
basic_appreq,1702573,28799722471089,336
basic_appreq,1748760,28799724258018,336
basic_appreq,1840703,28799726143335,336
basic_appreq,1999100,28799728183568,336
basic_appreq,1472032,28799729699048,336
basic_appreq,2174291,28799731915050,336
basic_appreq,2406055,28799734364626,336
basic_appreq,1422563,28799735833377,336
basic_appreq,2132135,28799738009900,336
basic_appreq,1933117,28799739989825,336
basic_appreq,1882172,28799741929058,336
basic_appreq,2471269,28799744435166,336
basic_appreq,2007399,28799746480627,336
basic_appreq,1763854,28799748284843,336
basic_appreq,2124461,28799750447642,336
basic_appreq,2229210,28799752716084,336
basic_appreq,2536250,28799755297881,336
basic_appreq,2128329,28799757460292,336
basic_appreq,2046808,28799759544919,336
basic_appreq,1945327,28799761531677,336
basic_appreq,1753151,28799763321731,336
basic_appreq,2158285,28799765532236,336
basic_appreq,2025763,28799767609536,336
basic_appreq,2035651,28799769688693,336
basic_appreq,1365139,28799771093484,336
basic_appreq,1639373,28799772776268,336
basic_appreq,2541525,28799775354718,336
basic_appreq,1255163,28799776653248,336
basic_appreq,1805306,28799778494617,336
basic_appreq,2479602,28799781008229,336
basic_appreq,2090563,28799783134747,336
basic_appreq,2373783,28799785559105,336
basic_appreq,2057359,28799787675503,336
basic_appreq,2370115,28799790086900,336
basic_appreq,1274293,28799791407823,336
basic_appreq,2153869,28799793600678,336
basic_appreq,2084193,28799795726079,336
basic_appreq,2357625,28799798127900,336
basic_appreq,2102868,28799800288721,336
basic_appreq,1978855,28799802314707,336
basic_appreq,2322928,28799804677284,336
basic_appreq,1561529,28799806283046,336
basic_appreq,2107088,28799808442408,336
basic_appreq,2535969,28799811020166,336
basic_appreq,2017859,28799813072539,336
basic_appreq,2151125,28799815261430,336
basic_appreq,1906643,28799817208909,336
basic_appreq,1426592,28799818683322,336
basic_appreq,1936137,28799820653905,336
basic_appreq,1949791,28799822648038,336
basic_appreq,2296711,28799824979735,336
basic_appreq,1421431,28799826447960,336
basic_appreq,1924575,28799828410187,336
basic_appreq,2295902,28799830749360,336
basic_appreq,2068028,28799832858520,336
basic_appreq,1532278,28799834441666,336
basic_appreq,2257203,28799836735587,336
basic_appreq,1896800,28799838673252,336
basic_appreq,2222022,28799840932994,336
basic_appreq,2496116,28799843477961,336
basic_appreq,1918332,28799845436236,336
basic_appreq,2056132,28799847535231,336
basic_appreq,2432923,28799850012695,336
basic_appreq,1449585,28799851517064,336
basic_appreq,2479539,28799854034871,336
basic_appreq,2226497,28799856304249,336
basic_appreq,2066006,28799858409322,336
basic_appreq,2207501,28799860661123,336
basic_appreq,1606146,28799862317202,336
basic_appreq,1782296,28799864138475,336
basic_appreq,2195176,28799866375164,336
basic_appreq,2052472,28799868471473,336
basic_appreq,1835059,28799870348806,336
basic_appreq,2180061,28799872568475,336
basic_appreq,2640089,28799875245699,336
basic_appreq,1698761,28799876988443,336
basic_appreq,1867465,28799878904891,336
basic_appreq,1930364,28799880879942,336
basic_appreq,2282271,28799883205141,336
basic_appreq,2524207,28799885764721,336
basic_appreq,1618820,28799887426813,336
basic_appreq,1916707,28799889383018,336
basic_appreq,1975198,28799891396486,336
basic_appreq,1977841,28799893414509,336
basic_appreq,1733266,28799895189012,336
basic_appreq,2355799,28799897579725,336
basic_appreq,1953450,28799899571259,336
basic_appreq,2368939,28799901976644,336
basic_appreq,1862503,28799903878283,336
basic_appreq,2566412,28799906488769,336
basic_appreq,1299640,28799907829233,336
basic_appreq,1566646,28799909435284,336
basic_appreq,1889944,28799911361414,336
basic_appreq,2481708,28799913879937,336
basic_appreq,1556519,28799915481380,336
basic_appreq,2082866,28799917601955,336
basic_appreq,2280641,28799919922509,336
basic_appreq,2171584,28799922149213,336
basic_appreq,1881065,28799924076901,336
basic_appreq,1525726,28799925648819,336
basic_appreq,2357785,28799928048020,336
basic_appreq,1496454,28799929591838,336
basic_appreq,1933886,28799931562474,336
basic_appreq,1877416,28799933493864,336
basic_appreq,2555246,28799936090803,336
basic_appreq,2011685,28799938140914,336
basic_appreq,1919852,28799940097181,336
basic_appreq,1584765,28799941731186,336
basic_appreq,2042885,28799943810273,336
basic_appreq,1993920,28799945839424,336
basic_appreq,2198656,28799948074768,336
basic_appreq,2237146,28799950358397,336
basic_appreq,1898144,28799952300358,336
basic_appreq,2655317,28799954991703,336
basic_appreq,1251974,28799956288652,336
basic_appreq,1771844,28799958101010,336
basic_appreq,2093935,28799960232694,336
basic_appreq,2030603,28799962303430,336
basic_appreq,2238736,28799964585922,336
basic_appreq,2433486,28799967065885,336
basic_appreq,2317541,28799969419176,336
basic_appreq,1582203,28799971048927,336
basic_appreq,2138481,28799973231410,336
basic_appreq,1611113,28799974884454,336
basic_appreq,2478922,28799977399395,336
basic_appreq,2261793,28799979701756,336
basic_appreq,1780859,28799981526833,336
basic_appreq,2042219,28799983615887,336
basic_appreq,2563499,28799986223414,336
basic_appreq,2387355,28799988649360,336
basic_appreq,2157460,28799990847478,336
basic_appreq,1145760,28799992032772,336
basic_appreq,2095538,28799994175233,336
basic_appreq,1831479,28799996046076,336
basic_appreq,2590885,28799998675775,336
basic_appreq,2298923,28800001014338,336
basic_appreq,1347977,28800002412538,336
basic_appreq,2068463,28800004518390,336
basic_appreq,2134466,28800006691655,336
basic_appreq,1940064,28800008671585,336
basic_appreq,1764906,28800010478741,336
basic_appreq,2342141,28800012868502,336
basic_appreq,1763635,28800014667852,336
basic_appreq,2619793,28800017323246,336
basic_appreq,2052377,28800019413810,336
basic_appreq,2570479,28800022022003,336
basic_appreq,1173680,28800023234833,336
basic_appreq,1552591,28800024831135,336
basic_appreq,2257921,28800027130622,336
basic_appreq,2225184,28800029392843,336
basic_appreq,2203431,28800031639125,336
basic_appreq,2114324,28800033792743,336
basic_appreq,1940071,28800035776493,336
basic_appreq,2794347,28800038614455,336
basic_appreq,2431684,28800041102063,336
basic_appreq,2332770,28800043477036,336
basic_appreq,1469713,28800044990535,336
basic_appreq,1962512,28800047000156,336
basic_appreq,2205810,28800049245215,336
basic_appreq,1997506,28800051284982,336
basic_appreq,2392532,28800053712630,336
basic_appreq,1973077,28800055724660,336
basic_appreq,2075240,28800057851515,336
basic_appreq,1635417,28800059528565,336
basic_appreq,2099790,28800061664282,336
basic_appreq,2544747,28800064254666,336
basic_appreq,1998495,28800066294990,336
basic_appreq,1910409,28800068249486,336
basic_appreq,1340982,28800069636704,336
basic_appreq,1900863,28800071584845,336
basic_appreq,1835312,28800073462966,336
basic_appreq,2357323,28800075857173,336
basic_appreq,2287631,28800078180810,336
basic_appreq,1715378,28800079942727,336
basic_appreq,1855156,28800081842066,336
basic_appreq,1714624,28800083602855,336
basic_appreq,2505433,28800086142274,336
basic_appreq,3007721,28800089196371,336
basic_appreq,2022728,28800091255564,336
basic_appreq,2383706,28800093673291,336
basic_appreq,1478736,28800095199188,336
basic_appreq,1982659,28800097225589,336
basic_appreq,2377876,28800099643477,336
basic_appreq,2268025,28800101947278,336
basic_appreq,2077731,28800104079300,336
basic_appreq,1591771,28800105719078,336
basic_appreq,2124460,28800107878669,336
basic_appreq,1726632,28800109644787,336
basic_appreq,2242385,28800111924111,336
basic_appreq,2372696,28800114332493,336
basic_appreq,1999775,28800116371556,336
basic_appreq,1864375,28800118286657,336
basic_appreq,1563791,28800119894825,336
basic_appreq,2293409,28800122228365,336
basic_appreq,2608407,28800124879368,336
basic_appreq,1328620,28800126256010,336
basic_appreq,1620370,28800127918954,336
basic_appreq,2049836,28800130005613,336
basic_appreq,2009526,28800132059155,336
basic_appreq,2019571,28800134121399,336
basic_appreq,2113889,28800136274912,336
basic_appreq,2132642,28800138452211,336
basic_appreq,2350212,28800140846334,336
basic_appreq,1344310,28800142232000,336
basic_appreq,2032642,28800144308912,336
basic_appreq,2402930,28800146758977,336
basic_appreq,2288614,28800149092175,336
basic_appreq,1769868,28800150903415,336
basic_appreq,1866380,28800152813573,336
basic_appreq,1881178,28800154741141,336
basic_appreq,2105286,28800156889803,336
basic_appreq,1984474,28800158913201,336
basic_appreq,1926987,28800160878952,336
basic_appreq,2815155,28800163732139,336
basic_appreq,2464901,28800166233543,336
basic_appreq,1997646,28800168270248,336
basic_appreq,2305602,28800170618506,336
basic_appreq,1505130,28800172165105,336
basic_appreq,1747039,28800173959067,336
basic_appreq,1567877,28800175570335,336
basic_appreq,2301968,28800177906515,336
basic_appreq,2103449,28800180050005,336
basic_appreq,1480684,28800181581904,336
basic_appreq,2014978,28800183630934,336
basic_appreq,2427687,28800186098953,336
basic_appreq,2354109,28800188489075,336
basic_appreq,1957699,28800190484780,336
basic_appreq,2343970,28800192869889,336
basic_appreq,2623248,28800195533862,336
basic_appreq,1476433,28800197054542,336
basic_appreq,2168837,28800199276591,336
basic_appreq,1656909,28800200973152,336
basic_appreq,2074552,28800203083444,336
basic_appreq,1990001,28800205108669,336
basic_appreq,1784690,28800206932221,336
basic_appreq,2239733,28800209206082,336
basic_appreq,2215705,28800211463791,336
basic_appreq,1973922,28800213471864,336
basic_appreq,2399970,28800215907876,336
basic_appreq,1489098,28800217440476,336
basic_appreq,1773312,28800219258518,336
basic_appreq,1744052,28800221043100,336
basic_appreq,2476350,28800223559049,336
basic_appreq,1482019,28800225095213,336
basic_appreq,1817769,28800226959463,336
basic_appreq,2778265,28800229782465,336
basic_appreq,2117202,28800231934827,336
basic_appreq,2229657,28800234198714,336
basic_appreq,1215517,28800235461684,336
basic_appreq,1844633,28800237343075,336
basic_appreq,2267666,28800239646415,336
basic_appreq,1968490,28800241654222,336
basic_appreq,2061476,28800243758788,336
basic_appreq,1960029,28800245762746,336
basic_appreq,1994478,28800247800871,336
basic_appreq,1870197,28800249710030,336
basic_appreq,1973171,28800251723184,336
basic_appreq,2207323,28800253968840,336
basic_appreq,1415359,28800255426914,336
basic_appreq,2057696,28800257519752,336
basic_appreq,2103753,28800259660172,336
basic_appreq,2296715,28800261994875,336
basic_appreq,1688368,28800263733297,336
basic_appreq,1965733,28800265736309,336
basic_appreq,1829922,28800267611877,336
basic_appreq,1989943,28800269641302,336
basic_appreq,2496271,28800272182920,336
basic_appreq,2089319,28800274311986,336
basic_appreq,2162167,28800276515682,336
basic_appreq,2062123,28800278616892,336
basic_appreq,2245645,28800280907260,336
basic_appreq,1680297,28800282629758,336
basic_appreq,1918772,28800284582822,336
basic_appreq,2398249,28800287021479,336
basic_appreq,2205792,28800289267575,336
basic_appreq,1764306,28800291070867,336
basic_appreq,2241771,28800293350999,336
basic_appreq,2002606,28800295395787,336
basic_appreq,1931163,28800297371190,336
basic_appreq,2516522,28800299945127,336
basic_appreq,2310014,28800302296806,336
basic_appreq,1387076,28800303723955,336
basic_appreq,2090052,28800305851121,336
basic_appreq,1636377,28800307527602,336
basic_appreq,2012678,28800309574728,336
basic_appreq,1611240,28800311223399,336
basic_appreq,2386392,28800313641881,336
basic_appreq,1960984,28800315649082,336
basic_appreq,1916524,28800317609012,336
basic_appreq,2342751,28800319997594,336
basic_appreq,1635190,28800321704448,336
basic_appreq,2625868,28800324370159,336
basic_appreq,1604734,28800326010029,336
basic_appreq,2513336,28800328562985,336
basic_appreq,1382727,28800329981914,336
basic_appreq,1353562,28800331375816,336
basic_appreq,2558594,28800333972142,336
basic_appreq,2366927,28800336375023,336
basic_appreq,2143999,28800338558385,336
basic_appreq,1896486,28800340498854,336
basic_appreq,1432930,28800341975805,336
basic_appreq,1555184,28800343575775,336
basic_appreq,1966138,28800345579973,336
basic_appreq,2115057,28800347732933,336
basic_appreq,1999760,28800349770753,336
basic_appreq,1578510,28800351399858,336
basic_appreq,2269593,28800353712808,336
basic_appreq,2003312,28800355753747,336
basic_appreq,2598401,28800358389855,336
basic_appreq,2421876,28800360847363,336
basic_appreq,2529005,28800363413234,336
basic_appreq,1543516,28800364996171,336
basic_appreq,2096649,28800367138938,336
basic_appreq,2137562,28800369316872,336
basic_appreq,1456355,28800370819245,336
basic_appreq,2302950,28800373159471,336
basic_appreq,2156257,28800375354241,336
basic_appreq,1585728,28800376981149,336
basic_appreq,1743028,28800378762890,336
basic_appreq,2692761,28800381495512,336
basic_appreq,1935951,28800383469021,336
basic_appreq,2542481,28800386047406,336
basic_appreq,2346984,28800388435311,336
basic_appreq,1364907,28800389858091,336
basic_appreq,1754883,28800391651313,336
basic_appreq,1976049,28800393665291,336
basic_appreq,2123240,28800395833888,336
basic_appreq,2787053,28800398665071,336
basic_appreq,2349709,28800401069839,336
basic_appreq,1922664,28800403032923,336
basic_appreq,2372950,28800405442789,336
basic_appreq,1563188,28800407047813,336
basic_appreq,2003223,28800409088060,336
basic_appreq,1837944,28800410966195,336
basic_appreq,1610551,28800412625160,336
basic_appreq,2748266,28800415411337,336
basic_appreq,2592369,28800418043696,336
basic_appreq,1442589,28800419530383,336
basic_appreq,1868735,28800421442737,336
basic_appreq,1710659,28800423198057,336
basic_appreq,2345492,28800425579580,336
basic_appreq,1842399,28800427459235,336
basic_appreq,2256223,28800429752531,336
basic_appreq,1945439,28800431737875,336
basic_appreq,2419418,28800434193094,336
basic_appreq,1377968,28800435727985,336
basic_appreq,2410068,28800438188719,336
basic_appreq,1609726,28800439846210,336
basic_appreq,1735289,28800441625844,336
basic_appreq,1881586,28800443547975,336
basic_appreq,2301667,28800445893181,336
basic_appreq,1394430,28800447321098,336
basic_appreq,1884669,28800449238518,336
basic_appreq,2045029,28800451336144,336
basic_appreq,1724129,28800453095789,336
basic_appreq,2492196,28800455622769,336
basic_appreq,1443038,28800457102169,336
basic_appreq,1741160,28800458889130,336
basic_appreq,2238954,28800461167382,336
basic_appreq,2145802,28800463358819,336
basic_appreq,2568206,28800465962909,336
basic_appreq,2655031,28800468654620,336
basic_appreq,1878587,28800470573367,336
basic_appreq,2287697,28800472896702,336
basic_appreq,2298692,28800475235790,336
basic_appreq,2279286,28800477554207,336
basic_appreq,1444453,28800479047106,336
basic_appreq,1627397,28800480718945,336
basic_appreq,1765334,28800482521550,336
basic_appreq,2099336,28800484657432,336
basic_appreq,1633296,28800486332298,336
basic_appreq,2146736,28800488523114,336
basic_appreq,1524462,28800490092610,336
basic_appreq,2374759,28800492507593,336
basic_appreq,2093184,28800494640232,336
basic_appreq,2567900,28800497249981,336
basic_appreq,1522842,28800498815777,336
basic_appreq,1628083,28800500487893,336
basic_appreq,2564913,28800503090780,336
basic_appreq,1439347,28800504566779,336
basic_appreq,2205570,28800506811895,336
basic_appreq,1592978,28800508449602,336
basic_appreq,2038804,28800510525798,336
basic_appreq,2373624,28800512939972,336
basic_appreq,1901789,28800514879853,336
basic_appreq,2189755,28800517110189,336
basic_appreq,1496949,28800518650862,336
basic_appreq,2114909,28800520801707,336
basic_appreq,1286517,28800522131603,336
basic_appreq,1883775,28800524055289,336
basic_appreq,1952054,28800526050085,336
basic_appreq,1580424,28800527667731,336
basic_appreq,1889962,28800529595015,336
basic_appreq,1893350,28800531532605,336
basic_appreq,2146776,28800533713601,336
basic_appreq,2209721,28800535974307,336
basic_appreq,2201765,28800538235274,336
basic_appreq,1290670,28800539574544,336
basic_appreq,1764001,28800541376683,336
basic_appreq,2037594,28800543450833,336
basic_appreq,2470247,28800545957126,336
basic_appreq,2491211,28800548489613,336
basic_appreq,2370442,28800550898490,336
basic_appreq,2532313,28800553469884,336
basic_appreq,1526808,28800555039881,336
basic_appreq,1648286,28800556732246,336
basic_appreq,2157244,28800558942524,336
basic_appreq,1994340,28800560987652,336
basic_appreq,2398174,28800563425460,336
basic_appreq,1973788,28800565440714,336
basic_appreq,1748353,28800567231789,336
basic_appreq,2162665,28800569429987,336
basic_appreq,2358944,28800571839811,336
basic_appreq,2227981,28800574102796,336
basic_appreq,2101948,28800576255536,336
basic_appreq,2572560,28800578868576,336
basic_appreq,1574407,28800580482772,336
basic_appreq,2366495,28800582891747,336
basic_appreq,2227326,28800585160162,336
basic_appreq,1629223,28800586842764,336
basic_appreq,2084284,28800588971180,336
basic_appreq,2341555,28800591359161,336
basic_appreq,1862013,28800593257863,336
basic_appreq,2031671,28800595335456,336
basic_appreq,2341694,28800597713146,336
basic_appreq,2016192,28800599766929,336
basic_appreq,1896035,28800601706635,336
basic_appreq,2531812,28800604279667,336
basic_appreq,2368190,28800606685430,336
basic_appreq,2208797,28800608930647,336
basic_appreq,2182734,28800611157985,336
basic_appreq,1417595,28800612615179,336
basic_appreq,1502360,28800614165685,336
basic_appreq,2455028,28800616672823,336
basic_appreq,1332950,28800618046525,336
basic_appreq,1897393,28800619983909,336
basic_appreq,2287657,28800622329004,336
basic_appreq,2689083,28800625055778,336
basic_appreq,1961648,28800627060757,336
basic_appreq,1517684,28800628618538,336
basic_appreq,2556155,28800631214684,336
basic_appreq,1793411,28800633047014,336
basic_appreq,2377322,28800635470384,336
basic_appreq,2160370,28800637670907,336
basic_appreq,2250444,28800639960063,336
basic_appreq,2154965,28800642179844,336
basic_appreq,2544547,28800644764158,336
basic_appreq,1939528,28800646742469,336
basic_appreq,2353490,28800649158982,336
basic_appreq,1546458,28800650747410,336
basic_appreq,1908196,28800652693673,336
basic_appreq,2412471,28800655147319,336
basic_appreq,2611776,28800657802265,336
basic_appreq,755867,28800658603052,336
basic_appreq,2343746,28800660980222,336
basic_appreq,2437364,28800663455980,336
basic_appreq,2314279,28800665806821,336
basic_appreq,1529348,28800667384054,336
basic_appreq,2016824,28800669444383,336
basic_appreq,1481424,28800670972726,336
basic_appreq,2153570,28800673163083,336
basic_appreq,1870901,28800675071028,336
basic_appreq,2514711,28800677621886,336
basic_appreq,1595513,28800679263689,336
basic_appreq,1967825,28800681266650,336
basic_appreq,2161657,28800683465854,336
basic_appreq,2008770,28800685515745,336
basic_appreq,2333088,28800687885785,336
basic_appreq,1641447,28800689572516,336
basic_appreq,1718786,28800691337655,336
basic_appreq,2600874,28800693973637,336
basic_appreq,2070819,28800696081400,336
basic_appreq,2270585,28800698388202,336
basic_appreq,1520125,28800699942714,336
basic_appreq,2156949,28800702135271,336
basic_appreq,2100863,28800704272450,336
basic_appreq,2064314,28800706374972,336
basic_appreq,1747224,28800708159530,336
basic_appreq,1994597,28800710194304,336
basic_appreq,2134595,28800712370603,336
basic_appreq,1615269,28800714032856,336
basic_appreq,1962225,28800716038602,336
basic_appreq,1897768,28800717997542,336
basic_appreq,2268482,28800720312921,336
basic_appreq,1349629,28800721710095,336
basic_appreq,2014242,28800723760871,336
basic_appreq,2567037,28800726364500,336
basic_appreq,2150428,28800728553584,336
basic_appreq,2025511,28800730617180,336
basic_appreq,2362785,28800733017331,336
basic_appreq,1976158,28800735031958,336
basic_appreq,2006980,28800737086901,336
basic_appreq,2123762,28800739256420,336
basic_appreq,1473485,28800740773583,336
basic_appreq,2523402,28800743334454,336
basic_appreq,2640949,28800746011769,336
basic_appreq,1999895,28800748049549,336
basic_appreq,2258063,28800750349937,336
basic_appreq,1669317,28800752058804,336
basic_appreq,1902861,28800754010887,336
basic_appreq,1932605,28800755987219,336
basic_appreq,1724550,28800757769518,336
basic_appreq,1928889,28800759740153,336
basic_appreq,2354696,28800762130643,336
basic_appreq,2684080,28800764861290,336
basic_appreq,1448257,28800766355255,336
basic_appreq,2061670,28800768456047,336
basic_appreq,1894536,28800770392290,336
basic_appreq,1895957,28800772332501,336
basic_appreq,2170872,28800774546862,336
basic_appreq,1709979,28800776294238,336
basic_appreq,2153517,28800778497939,336
basic_appreq,1229697,28800779765649,336
basic_appreq,1905599,28800781715247,336
basic_appreq,2237794,28800783991076,336
basic_appreq,1847196,28800785891832,336
basic_appreq,2272454,28800788209911,336
basic_appreq,1658490,28800789910530,336
basic_appreq,2048725,28800791998849,336
basic_appreq,2273103,28800794340938,336
basic_appreq,1400764,28800795785348,336
basic_appreq,2199388,28800798019949,336
basic_appreq,1789606,28800799846461,336
basic_appreq,2108293,28800801990262,336
basic_appreq,2611068,28800804639167,336
basic_appreq,2665323,28800807343631,336
basic_appreq,2071791,28800809452598,336
basic_appreq,2245541,28800811736423,336
basic_appreq,2583040,28800814356069,336
basic_appreq,2404676,28800816798473,336
basic_appreq,2342265,28800819180388,336
basic_appreq,1776240,28800820993008,336
basic_appreq,2153934,28800823190371,336
basic_appreq,2317457,28800825552034,336
basic_appreq,1940873,28800827540489,336
basic_appreq,1744859,28800829329251,336
basic_appreq,1864615,28800831240386,336
basic_appreq,2096071,28800833380076,336
basic_appreq,1516123,28800834944298,336
basic_appreq,2599526,28800837581408,336
basic_appreq,1871702,28800839492784,336
basic_appreq,2340646,28800841867112,336
basic_appreq,2072809,28800843984525,336
basic_appreq,2178207,28800846226473,336
basic_appreq,1515635,28800847789193,336
basic_appreq,2090797,28800849914711,336
basic_appreq,2153125,28800852108606,336
basic_appreq,1574735,28800853741969,336
basic_appreq,2103355,28800855886211,336
basic_appreq,2322647,28800858248024,336
basic_appreq,1502281,28800859811962,336
basic_appreq,1976259,28800861824559,336
basic_appreq,2100866,28800863971008,336
basic_appreq,2600593,28800866622320,336
basic_appreq,2009516,28800868673860,336
basic_appreq,2363036,28800871079980,336
basic_appreq,1407651,28800872526179,336
basic_appreq,1840726,28800874406937,336
basic_appreq,1791091,28800876241640,336
basic_appreq,2417133,28800878698272,336
basic_appreq,2624775,28800881359939,336
basic_appreq,1942649,28800883342212,336
basic_appreq,1710967,28800885092811,336
basic_appreq,2397239,28800887528682,336
basic_appreq,1976376,28800889545037,336
basic_appreq,2252617,28800891839609,336
basic_appreq,1350595,28800893234044,336
basic_appreq,2248041,28800895522153,336
basic_appreq,2441581,28800898008258,336
basic_appreq,2418277,28800900468895,336
basic_appreq,2112077,28800902635561,336
basic_appreq,1648480,28800904327829,336
basic_appreq,2185183,28800906560653,336
basic_appreq,2301224,28800908900195,336
basic_appreq,2623618,28800911586698,336
basic_appreq,1519090,28800913149520,336
basic_appreq,2119834,28800915317655,336
basic_appreq,1610776,28800916966401,336
basic_appreq,1953946,28800918956922,336
basic_appreq,2028983,28800921021376,336
basic_appreq,2132200,28800923194071,336
basic_appreq,2381840,28800925619609,336
basic_appreq,1387426,28800927056660,336
basic_appreq,1890518,28800928989604,336
basic_appreq,1948749,28800930982292,336
basic_appreq,2703504,28800933722704,336
basic_appreq,2029959,28800935792491,336
basic_appreq,1707958,28800937535261,336
basic_appreq,2252694,28800939823578,336
basic_appreq,2107342,28800941965144,336
basic_appreq,1924436,28800943940813,336
basic_appreq,2494251,28800946468675,336
basic_appreq,2167536,28800948675492,336
basic_appreq,2340793,28800951061773,336
basic_appreq,1377093,28800952478772,336
basic_appreq,1939287,28800954456635,336
basic_appreq,1929024,28800956423935,336
basic_appreq,1643371,28800958111681,336
basic_appreq,2386104,28800960530418,336
basic_appreq,2045062,28800962610164,336
basic_appreq,1901558,28800964550733,336
basic_appreq,2147605,28800966734045,336
basic_appreq,1636628,28800968407412,336
basic_appreq,1682502,28800970137991,336
basic_appreq,2015601,28800972190773,336
basic_appreq,1949517,28800974179361,336
basic_appreq,2287789,28800976502933,336
basic_appreq,1386850,28800977933418,336
basic_appreq,2071085,28800980040610,336
basic_appreq,2129249,28800982212710,336
basic_appreq,2118952,28800984368936,336
basic_appreq,1896619,28800986314808,336
basic_appreq,1777317,28800988146744,336
basic_appreq,1816015,28800990005032,336
basic_appreq,2598120,28800992642489,336
basic_appreq,2301860,28800994986270,336
basic_appreq,1486558,28800996516528,336
basic_appreq,1795501,28800998360365,336
basic_appreq,1693306,28801000098950,336
basic_appreq,2296383,28801002434114,336
basic_appreq,2457963,28801004928152,336
basic_appreq,2249656,28801007219286,336
basic_appreq,2276492,28801009535259,336
basic_appreq,1963204,28801011545066,336
basic_appreq,1890284,28801013479376,336
basic_appreq,1691040,28801015217617,336
basic_appreq,2124137,28801017383578,336
basic_appreq,1730072,28801019152296,336
basic_appreq,1836643,28801021022346,336
basic_appreq,2239312,28801023297518,336
basic_appreq,2195142,28801025530108,336
basic_appreq,1583442,28801027159667,336
basic_appreq,1965367,28801029157098,336
basic_appreq,2373799,28801031567018,336
basic_appreq,2442994,28801034045618,336
basic_appreq,1992508,28801036077960,336
basic_appreq,1592033,28801037716028,336
basic_appreq,1740936,28801039500052,336
basic_appreq,1754344,28801041297288,336
basic_appreq,2330868,28801043666369,336
basic_appreq,2361429,28801046063663,336
basic_appreq,1939228,28801048041922,336
basic_appreq,2314723,28801050403763,336
basic_appreq,2411278,28801052853296,336
basic_appreq,2303282,28801055213070,336
basic_appreq,1552973,28801056803588,336
basic_appreq,1608228,28801058454459,336
basic_appreq,1934901,28801060425791,336
basic_appreq,1701632,28801062165447,336
basic_appreq,1974624,28801064175948,336
basic_appreq,1959841,28801066173735,336
basic_appreq,2056891,28801068270990,336
basic_appreq,2620777,28801070938029,336
basic_appreq,2545693,28801073542403,336
basic_appreq,1480666,28801075084438,336
basic_appreq,1782563,28801076909554,336
basic_appreq,2107063,28801079054325,336
basic_appreq,2571859,28801081666060,336
basic_appreq,1983665,28801083692238,336
basic_appreq,1910008,28801085638860,336
basic_appreq,1693981,28801087372109,336
basic_appreq,1944234,28801089350782,336
basic_appreq,2029805,28801091423698,336
basic_appreq,1324637,28801092789635,336
basic_appreq,1524645,28801094358000,336
basic_appreq,5331664,28801099722326,336
basic_appreq,1787581,28801101546250,336
basic_appreq,1956605,28801103543480,336
basic_appreq,2135911,28801105712547,336
basic_appreq,2726880,28801108474760,336
basic_appreq,1973464,28801110489989,336
basic_appreq,1702855,28801112222550,336
basic_appreq,2026439,28801114278979,336
basic_appreq,2724250,28801117045915,336
basic_appreq,1963476,28801119052159,336
basic_appreq,2378132,28801121469991,336
basic_appreq,1533787,28801123046906,336
basic_appreq,1836360,28801124928413,336
basic_appreq,1970670,28801126941502,336
basic_appreq,1949006,28801128928106,336
basic_appreq,1879560,28801130846218,336
basic_appreq,1835963,28801132720924,336
basic_appreq,1517630,28801134280518,336
basic_appreq,1851279,28801136173823,336
basic_appreq,1800540,28801138013545,336
basic_appreq,1526265,28801139577607,336
basic_appreq,2824900,28801142438184,336
basic_appreq,1440293,28801143927098,336
basic_appreq,4137358,28801148107978,336
basic_appreq,2426774,28801150562956,336
basic_appreq,2471690,28801153061666,336
basic_appreq,2348124,28801155437190,336
basic_appreq,2383788,28801157847536,336
basic_appreq,1782337,28801159660244,336
basic_appreq,2121994,28801161816488,336
basic_appreq,2492845,28801164345693,336
basic_appreq,1894785,28801166276190,336
basic_appreq,2092836,28801168402924,336
basic_appreq,1722574,28801170162547,336
basic_appreq,1881289,28801172079419,336
basic_appreq,1975000,28801174093070,336
basic_appreq,2713326,28801176841917,336
basic_appreq,1947486,28801178826993,336
basic_appreq,1856958,28801180719814,336
basic_appreq,1907540,28801182672656,336
basic_appreq,1890450,28801184598579,336
basic_appreq,1969011,28801186604305,336
basic_appreq,2394655,28801189039434,336
basic_appreq,1909835,28801190989382,336
basic_appreq,2181060,28801193210903,336
basic_appreq,2715035,28801195968661,336
basic_appreq,1960509,28801197985403,336
basic_appreq,5831063,28801203855108,336
basic_appreq,2159242,28801206049698,336
basic_appreq,1448917,28801207537334,336
basic_appreq,1444502,28801209006668,336
basic_appreq,1929736,28801210982139,336
basic_appreq,1576677,28801212586735,336
basic_appreq,2041770,28801214655190,336
basic_appreq,2028901,28801216723484,336
basic_appreq,1887393,28801218638822,336
basic_appreq,2072271,28801220749713,336
basic_appreq,2023576,28801222815381,336
basic_appreq,2070172,28801224928050,336
basic_appreq,1461114,28801226434833,336
basic_appreq,2367278,28801228835475,336
basic_appreq,2228783,28801231098599,336
basic_appreq,2625110,28801233757987,336
basic_appreq,1829203,28801235622079,336
basic_appreq,1926170,28801237585572,336
basic_appreq,2189577,28801239816297,336
basic_appreq,1967285,28801241818538,336
basic_appreq,1628216,28801243488586,336
basic_appreq,2455334,28801245984230,336
basic_appreq,2171715,28801248198659,336
basic_appreq,2126976,28801250378623,336
basic_appreq,2355733,28801252774088,336
basic_appreq,1365199,28801254186730,336
basic_appreq,1853236,28801256078475,336
basic_appreq,1734428,28801257852140,336
basic_appreq,1997365,28801259887042,336
basic_appreq,2361440,28801262284635,336
basic_appreq,2027248,28801264354402,336
basic_appreq,2405664,28801266798209,336
basic_appreq,1444907,28801268287858,336
basic_appreq,2026901,28801270352731,336
basic_appreq,1743542,28801272139576,336
basic_appreq,2170301,28801274348191,336
basic_appreq,1883902,28801276268024,336
basic_appreq,2434689,28801278748136,336
basic_appreq,2345392,28801281129790,336
basic_appreq,1995853,28801283169219,336
basic_appreq,1953848,28801285158765,336
basic_appreq,1638699,28801286843609,336
basic_appreq,2343179,28801289223634,336
basic_appreq,1857398,28801291142601,336
basic_appreq,2187930,28801293371236,336
basic_appreq,1919985,28801295334294,336
basic_appreq,2355313,28801297732091,336
basic_appreq,2220571,28801299999320,336
basic_appreq,1738457,28801301801016,336
basic_appreq,2540066,28801304383585,336
basic_appreq,2448169,28801306866725,336
basic_appreq,1593801,28801308493776,336
basic_appreq,2688978,28801311216164,336
basic_appreq,2276750,28801313525465,336
basic_appreq,1575413,28801315134952,336
basic_appreq,1978335,28801317152585,336
basic_appreq,1858716,28801319049619,336
basic_appreq,2147540,28801321232783,336
basic_appreq,2609891,28801323895846,336
basic_appreq,2036281,28801325971752,336
basic_appreq,2318469,28801328337252,336
basic_appreq,2701493,28801331083121,336
basic_appreq,2052556,28801333175042,336
basic_appreq,2363411,28801335579868,336
basic_appreq,1331492,28801336954959,336
basic_appreq,1967320,28801338968572,336
basic_appreq,2029691,28801341049350,336
basic_appreq,2284414,28801343373703,336
basic_appreq,2757908,28801346166347,336
basic_appreq,2279862,28801348484036,336
basic_appreq,1945856,28801350468749,336
basic_appreq,2156508,28801352662374,336
basic_appreq,1652072,28801354357536,336
basic_appreq,1954234,28801356351204,336
basic_appreq,1595929,28801357992893,336
basic_appreq,1998764,28801360027932,336
basic_appreq,2309290,28801362376850,336
basic_appreq,1935360,28801364351695,336
basic_appreq,2394693,28801366787469,336
basic_appreq,2375478,28801369202976,336
basic_appreq,1344287,28801370592813,336
basic_appreq,1744940,28801372381131,336
basic_appreq,1944622,28801374364404,336
basic_appreq,2462805,28801376861039,336
basic_appreq,1815637,28801378713967,336
basic_appreq,2358526,28801381113618,336
basic_appreq,1319316,28801382475425,336
basic_appreq,1672607,28801384184029,336
basic_appreq,2407944,28801386630781,336
basic_appreq,2304259,28801388969325,336
basic_appreq,1858136,28801390873600,336
basic_appreq,1913880,28801392826251,336
basic_appreq,1991030,28801394867948,336
basic_appreq,1906688,28801396812790,336
basic_appreq,1850690,28801398702844,336
basic_appreq,1823452,28801400560751,336
basic_appreq,2214228,28801402812058,336
basic_appreq,1969886,28801404817196,336
basic_appreq,1552982,28801406412127,336
basic_appreq,2057153,28801408505006,336
basic_appreq,2298146,28801410844693,336
basic_appreq,2001254,28801412881652,336
basic_appreq,2333229,28801415256935,336
basic_appreq,2123979,28801417431052,336
basic_appreq,1510840,28801418988074,336
basic_appreq,1634021,28801420667595,336
basic_appreq,1981881,28801422704623,336
basic_appreq,2431555,28801425176791,336
basic_appreq,1982991,28801427195486,336
basic_appreq,2012748,28801429267690,336
basic_appreq,1976891,28801431280202,336
basic_appreq,1714822,28801433036725,336
basic_appreq,1956945,28801435034401,336
basic_appreq,1546724,28801436621539,336
basic_appreq,1829411,28801438492750,336
basic_appreq,1944365,28801440478435,336
basic_appreq,2259199,28801442783384,336
basic_appreq,2256666,28801445092894,336
basic_appreq,2250324,28801447382393,336
basic_appreq,2645814,28801450066231,336
basic_appreq,2491104,28801452593539,336
basic_appreq,662176,28801453301485,336
basic_appreq,2236067,28801455570444,336
basic_appreq,1952738,28801457562831,336
basic_appreq,1626500,28801459235336,336
basic_appreq,1973104,28801461249149,336
basic_appreq,2575242,28801463871203,336
basic_appreq,2296399,28801466205901,336
basic_appreq,1414166,28801467670923,336
basic_appreq,2097847,28801469822161,336
basic_appreq,1880426,28801471740427,336
basic_appreq,1759423,28801473535407,336
basic_appreq,1513516,28801475092475,336
basic_appreq,2007060,28801477139896,336
basic_appreq,2129933,28801479307634,336
basic_appreq,1563424,28801480914873,336
basic_appreq,2391233,28801483345245,336
basic_appreq,1294833,28801484676122,336
basic_appreq,1423787,28801486143926,336
basic_appreq,2372953,28801488549873,336
basic_appreq,1456281,28801490047020,336
basic_appreq,2229187,28801492309292,336
basic_appreq,2058591,28801494403023,336
basic_appreq,1986185,28801496429596,336
basic_appreq,2013020,28801498483873,336
basic_appreq,1806375,28801500330925,336
basic_appreq,1573707,28801501965889,336
basic_appreq,1756662,28801503765902,336
basic_appreq,2009943,28801505800933,336
basic_appreq,2103437,28801507931741,336
basic_appreq,2427186,28801510384896,336
basic_appreq,2246766,28801512683134,336
basic_appreq,1518342,28801514250460,336
basic_appreq,1702401,28801515997620,336
basic_appreq,2045385,28801518101658,336
basic_appreq,2054864,28801520191276,336
basic_appreq,2359747,28801522588290,336
basic_appreq,2804005,28801525432630,336
basic_appreq,2178493,28801527650889,336
basic_appreq,2101601,28801529805451,336
basic_appreq,2228907,28801532074614,336
basic_appreq,1174611,28801533291164,336
basic_appreq,2378486,28801535709986,336
basic_appreq,2236167,28801538002734,336
basic_appreq,2234109,28801540276802,336
basic_appreq,2033756,28801542358035,336
basic_appreq,2286316,28801544684734,336
basic_appreq,1502690,28801546234178,336
basic_appreq,1672714,28801547952700,336
basic_appreq,2018407,28801550052550,336
basic_appreq,2248058,28801552338826,336
basic_appreq,2345225,28801554723091,336
basic_appreq,1822983,28801556601037,336
basic_appreq,2077514,28801558719364,336
basic_appreq,2282255,28801561045732,336
basic_appreq,1865852,28801562959005,336
basic_appreq,1826907,28801564824940,336
basic_appreq,2387658,28801567253961,336
basic_appreq,2500230,28801569792138,336
basic_appreq,2286266,28801572118809,336
basic_appreq,2369764,28801574528764,336
basic_appreq,2079529,28801576652533,336
basic_appreq,2521671,28801579221434,336
basic_appreq,1517750,28801580783465,336
basic_appreq,1654583,28801582482490,336
basic_appreq,2156918,28801584681331,336
basic_appreq,2143313,28801586865688,336
basic_appreq,1773628,28801588678145,336
basic_appreq,2078446,28801590799845,336
basic_appreq,1967699,28801592809126,336
basic_appreq,2078406,28801594927566,336
basic_appreq,2153176,28801597126258,336
basic_appreq,2523042,28801599689383,336
basic_appreq,2031463,28801601761068,336
basic_appreq,2227808,28801604027556,336
basic_appreq,1830314,28801605904460,336
basic_appreq,2391050,28801608329081,336
basic_appreq,1493352,28801609860597,336
basic_appreq,2015873,28801611919425,336
basic_appreq,2374538,28801614336573,336
basic_appreq,1962978,28801616358469,336
basic_appreq,1591447,28801617996906,336
basic_appreq,2214152,28801620250751,336
basic_appreq,1761790,28801622054645,336
basic_appreq,2152796,28801624245894,336
basic_appreq,2300435,28801626601865,336
basic_appreq,1985533,28801628628425,336
basic_appreq,1671936,28801630349453,336
basic_appreq,2247634,28801632637657,336
basic_appreq,2436688,28801635113663,336
basic_appreq,4693595,28801639860655,336
basic_appreq,1384024,28801641283266,336
basic_appreq,2145936,28801643466492,336
basic_appreq,2431558,28801645934024,336
basic_appreq,2144527,28801648121353,336
basic_appreq,1514665,28801649675999,336
basic_appreq,1814459,28801651533554,336
basic_appreq,1901549,28801653466676,336
basic_appreq,1674761,28801655174585,336
basic_appreq,1666783,28801656870187,336
basic_appreq,2401432,28801659301756,336
basic_appreq,2200991,28801661533209,336
basic_appreq,2026166,28801663608280,336
basic_appreq,1485580,28801665126414,336
basic_appreq,2408195,28801667582109,336
basic_appreq,2112762,28801669732492,336
basic_appreq,1521857,28801671305763,336
basic_appreq,2261481,28801673613814,336
basic_appreq,1859667,28801675518065,336
basic_appreq,1948337,28801677511956,336
basic_appreq,1945136,28801679500461,336
basic_appreq,1444484,28801680986384,336
basic_appreq,2024533,28801683046268,336
basic_appreq,1959497,28801685052856,336
basic_appreq,1337869,28801686426743,336
basic_appreq,2011361,28801688471436,336
basic_appreq,2301497,28801690826627,336
basic_appreq,1466394,28801692334534,336
basic_appreq,1966139,28801694335591,336
basic_appreq,2383240,28801696753734,336
basic_appreq,1249538,28801698048575,336
basic_appreq,1843302,28801699931073,336
basic_appreq,2040763,28801702011446,336
basic_appreq,2034492,28801704083787,336
basic_appreq,1921780,28801706046262,336
basic_appreq,1865667,28801707950704,336
basic_appreq,1897177,28801709890261,336
basic_appreq,2112629,28801712049689,336
basic_appreq,1377135,28801713491027,336
basic_appreq,1665998,28801715193199,336
basic_appreq,1794466,28801717022587,336
basic_appreq,1922810,28801718984762,336
basic_appreq,2031964,28801721050055,336
basic_appreq,2385284,28801723475473,336
basic_appreq,2111630,28801725620574,336
basic_appreq,1580527,28801727244800,336
basic_appreq,2436379,28801729715389,336
basic_appreq,2272841,28801732027920,336
basic_appreq,1507090,28801733580755,336
basic_appreq,1522482,28801735146949,336
basic_appreq,2206181,28801737395629,336
basic_appreq,2264491,28801739704174,336
basic_appreq,1967722,28801741711783,336
basic_appreq,1946590,28801743699612,336
basic_appreq,2640157,28801746384588,336
basic_appreq,2140646,28801748566664,336
basic_appreq,2052871,28801750674448,336
basic_appreq,2126918,28801752836446,336
basic_appreq,2224631,28801755101263,336
basic_appreq,2630839,28801757769861,336
basic_appreq,2544367,28801760358176,336
basic_appreq,1678375,28801762084902,336
basic_appreq,1647527,28801763776055,336
basic_appreq,2274819,28801766104314,336
basic_appreq,1876194,28801768023749,336
basic_appreq,1851655,28801769915944,336
basic_appreq,2201566,28801772156627,336
basic_appreq,2051956,28801774250848,336
basic_appreq,1882607,28801776172602,336
basic_appreq,1840157,28801778051280,336
basic_appreq,2339212,28801780427140,336
basic_appreq,1386709,28801781854890,336
basic_appreq,2044539,28801783931075,336
basic_appreq,2379110,28801786341278,336
basic_appreq,1817460,28801788197532,336
basic_appreq,1650436,28801789881274,336
basic_appreq,1511440,28801791430378,336
basic_appreq,2025361,28801793489819,336
basic_appreq,1720881,28801795252198,336
basic_appreq,1941144,28801797227100,336
basic_appreq,2609882,28801799876058,336
basic_appreq,1844404,28801801758777,336
basic_appreq,2113881,28801803915345,336
basic_appreq,1349661,28801805306268,336
basic_appreq,1855342,28801807201389,336
basic_appreq,2347083,28801809583518,336
basic_appreq,2058113,28801811682139,336
basic_appreq,1642076,28801813365794,336
basic_appreq,1763675,28801815174378,336
basic_appreq,2182434,28801817393904,336
basic_appreq,2099544,28801819537570,336
basic_appreq,2624396,28801822199109,336
basic_appreq,1017286,28801823259976,336
basic_appreq,1918033,28801825214993,336
basic_appreq,1988445,28801827238388,336
basic_appreq,1948826,28801829225887,336
basic_appreq,2202022,28801831466066,336
basic_appreq,2516865,28801834021964,336
basic_appreq,2262838,28801836322787,336
basic_appreq,1428799,28801837792231,336
basic_appreq,2034085,28801839863208,336
basic_appreq,1995434,28801841895539,336
basic_appreq,2318105,28801844252358,336
basic_appreq,1510337,28801845810303,336
basic_appreq,2228994,28801848078001,336
basic_appreq,1628421,28801849754104,336
basic_appreq,1725944,28801851522841,336
basic_appreq,1703401,28801853264416,336
basic_appreq,2011513,28801855310132,336
basic_appreq,1735172,28801857083166,336
basic_appreq,2194610,28801859320796,336
basic_appreq,1664215,28801861028565,336
basic_appreq,2209085,28801863275376,336
basic_appreq,1578610,28801864898331,336
basic_appreq,2226377,28801867160169,336
basic_appreq,2235202,28801869435437,336
basic_appreq,1980111,28801871466262,336
basic_appreq,1467019,28801872988265,336
basic_appreq,1998265,28801875028564,336
basic_appreq,1742380,28801876812710,336
basic_appreq,2730725,28801879578924,336
basic_appreq,2526706,28801882139159,336
basic_appreq,2033528,28801884208992,336
basic_appreq,1537329,28801885781556,336
basic_appreq,1976769,28801887791518,336
basic_appreq,1718313,28801889546786,336
basic_appreq,2488023,28801892085157,336
basic_appreq,2189397,28801894311077,336
basic_appreq,1686260,28801896037359,336
basic_appreq,2074356,28801898148997,336
basic_appreq,1676403,28801899865201,336
basic_appreq,1953062,28801901859072,336
basic_appreq,2273996,28801904176779,336
basic_appreq,1677561,28801905897727,336
basic_appreq,2454567,28801908385423,336
basic_appreq,2156608,28801910583213,336
basic_appreq,1519407,28801912143411,336
basic_appreq,2003091,28801914183798,336
basic_appreq,1878189,28801916099598,336
basic_appreq,2138152,28801918274518,336
basic_appreq,1618832,28801919944626,336
basic_appreq,2346564,28801922328537,336
basic_appreq,1516763,28801923890465,336
basic_appreq,2036093,28801925962010,336
basic_appreq,2183663,28801928184778,336
basic_appreq,1939005,28801930163726,336
basic_appreq,2141591,28801932355690,336
basic_appreq,2513063,28801934913813,336
basic_appreq,1407010,28801936361766,336
basic_appreq,1954635,28801938361418,336
basic_appreq,1943613,28801940343915,336
basic_appreq,2351133,28801942735257,336
basic_appreq,2378944,28801945148276,336
basic_appreq,2310354,28801947499254,336
basic_appreq,1520958,28801949062664,336
basic_appreq,1728677,28801950837153,336
basic_appreq,2369303,28801953242037,336
basic_appreq,2824135,28801956107255,336
basic_appreq,1881457,28801958031965,336
basic_appreq,2308793,28801960381196,336
basic_appreq,2044197,28801962468737,336
basic_appreq,1935713,28801964448310,336
basic_appreq,1557265,28801966050344,336
basic_appreq,1822838,28801967912243,336
basic_appreq,1815179,28801969767101,336
basic_appreq,2290886,28801972097674,336
basic_appreq,2425532,28801974557759,336
basic_appreq,1666884,28801976267507,336
basic_appreq,2192737,28801978495569,336
basic_appreq,2135356,28801980663704,336
basic_appreq,1621978,28801982327890,336
basic_appreq,2294586,28801984666351,336
basic_appreq,1889876,28801986596706,336
basic_appreq,1956217,28801988594180,336
basic_appreq,2145540,28801990779700,336
basic_appreq,1351151,28801992175569,336
basic_appreq,1799767,28801994031617,336
basic_appreq,1755525,28801995828846,336
basic_appreq,1993521,28801997862550,336
basic_appreq,1610246,28801999520790,336
basic_appreq,2087806,28802001645305,336
basic_appreq,2369338,28802004053620,336
basic_appreq,1548322,28802005652634,336
basic_appreq,1978259,28802007665717,336
basic_appreq,2443894,28802010143398,336
basic_appreq,1872483,28802012063901,336
basic_appreq,1754053,28802013860053,336
basic_appreq,2655127,28802016550342,336
basic_appreq,1963498,28802018549307,336
basic_appreq,2460540,28802021044360,336
basic_appreq,1842007,28802022925659,336
basic_appreq,1592603,28802024552197,336
basic_appreq,2457626,28802027047630,336
basic_appreq,1450336,28802028539838,336
basic_appreq,2137830,28802030717009,336
basic_appreq,2066186,28802032822890,336
basic_appreq,1672549,28802034534193,336
basic_appreq,2318995,28802036887275,336
basic_appreq,1917790,28802038844996,336
basic_appreq,1594010,28802040481289,336
basic_appreq,2287697,28802042807147,336
basic_appreq,1581151,28802044432467,336
basic_appreq,1893134,28802046371231,336
basic_appreq,1801309,28802048211573,336
basic_appreq,2525367,28802050773370,336
basic_appreq,1589002,28802052405813,336
basic_appreq,2138103,28802054584367,336
basic_appreq,2619391,28802057239164,336
basic_appreq,2354327,28802059636572,336
basic_appreq,1416024,28802061092554,336
basic_appreq,1755916,28802062895204,336
basic_appreq,2145898,28802065080828,336
basic_appreq,2033908,28802067156577,336
basic_appreq,1704408,28802068904995,336
basic_appreq,2189635,28802071137082,336
basic_appreq,1770112,28802072945746,336
basic_appreq,2485716,28802075470143,336
basic_appreq,1288663,28802076796681,336
basic_appreq,2026274,28802078860199,336
basic_appreq,1872967,28802080770386,336
basic_appreq,1945192,28802082756491,336
basic_appreq,1948985,28802084741387,336
basic_appreq,1755645,28802086534043,336
basic_appreq,2026911,28802088594793,336
basic_appreq,2158866,28802090789772,336
basic_appreq,2242797,28802093068102,336
basic_appreq,2311953,28802095421372,336
basic_appreq,2139948,28802097601477,336
basic_appreq,2419888,28802100067156,336
basic_appreq,2042016,28802102156331,336
basic_appreq,1576666,28802103773776,336
basic_appreq,2458538,28802106275720,336
basic_appreq,2296172,28802108614234,336
basic_appreq,1567834,28802110226012,336
basic_appreq,1980361,28802112242623,336
basic_appreq,1821485,28802114111538,336
basic_appreq,1813985,28802115964025,336
basic_appreq,2087120,28802118121796,336
basic_appreq,1966427,28802120124117,336
basic_appreq,1806671,28802121974790,336
basic_appreq,1837433,28802123846394,336
basic_appreq,2175483,28802126058877,336
basic_appreq,2175129,28802128274515,336
basic_appreq,1531064,28802129866847,336
basic_appreq,2238571,28802132141970,336
basic_appreq,2073267,28802134271305,336
basic_appreq,2045917,28802136358388,336
basic_appreq,2205942,28802138602368,336
basic_appreq,1905836,28802140543799,336
basic_appreq,1966048,28802142560438,336
basic_appreq,1530975,28802144129051,336
basic_appreq,2105578,28802146276869,336
basic_appreq,2131076,28802148448375,336
basic_appreq,2253168,28802150748354,336
basic_appreq,1884542,28802152688214,336
basic_appreq,2564395,28802155300331,336
basic_appreq,5725614,28802161062926,336
basic_appreq,2177283,28802163279572,336
basic_appreq,1976469,28802165299917,336
basic_appreq,2367308,28802167709580,336
basic_appreq,2255306,28802170005145,336
basic_appreq,1757079,28802171809754,336
basic_appreq,2170802,28802174024219,336
basic_appreq,2429832,28802176500995,336
basic_appreq,1566798,28802178115529,336
basic_appreq,1748501,28802179907138,336
basic_appreq,2036380,28802181986702,336
basic_appreq,2349577,28802184381954,336
basic_appreq,1334588,28802185773307,336
basic_appreq,2071942,28802187877921,336
basic_appreq,1959818,28802189870950,336
basic_appreq,2424286,28802192344197,336
basic_appreq,2882553,28802195260684,336
basic_appreq,1567404,28802196863404,336
basic_appreq,2044369,28802198951774,336
basic_appreq,1854667,28802200841914,336
basic_appreq,1911990,28802202800109,336
basic_appreq,1930105,28802204784509,336
basic_appreq,1736949,28802206559218,336
basic_appreq,2196201,28802208789283,336
basic_appreq,2100596,28802210926932,336
basic_appreq,1900171,28802212862618,336
basic_appreq,2377445,28802215280196,336
basic_appreq,1944078,28802217259903,336
basic_appreq,2557384,28802219856686,336
basic_appreq,1723484,28802221623384,336
basic_appreq,1485231,28802223153123,336
basic_appreq,1859024,28802225049801,336
basic_appreq,1981654,28802227067628,336
basic_appreq,2345868,28802229447898,336
basic_appreq,1881869,28802231371359,336
basic_appreq,2022935,28802233429572,336
basic_appreq,1594208,28802235060756,336
basic_appreq,1916812,28802237016398,336
basic_appreq,1535821,28802238592069,336
basic_appreq,1935481,28802240563669,336
basic_appreq,2246837,28802242855354,336
basic_appreq,1296398,28802244194856,336
basic_appreq,1589937,28802245829139,336
basic_appreq,2116941,28802247981278,336
basic_appreq,2492247,28802250539027,336
basic_appreq,1413730,28802251994417,336
basic_appreq,2173168,28802254223051,336
basic_appreq,2155243,28802256427986,336
basic_appreq,2269014,28802258733812,336
basic_appreq,2379456,28802261148756,336
basic_appreq,1885353,28802263071731,336
basic_appreq,2367726,28802265485046,336
basic_appreq,1484560,28802267026614,336
basic_appreq,1994327,28802269065299,336
basic_appreq,1918146,28802271029650,336
basic_appreq,2000518,28802273074314,336
basic_appreq,1622542,28802274745329,336
basic_appreq,2216610,28802277000046,336
basic_appreq,1892470,28802278931693,336
basic_appreq,1616651,28802280582879,336
basic_appreq,1892712,28802282508705,336
basic_appreq,1899696,28802284439920,336
basic_appreq,2152826,28802286626809,336
basic_appreq,2006513,28802288667584,336
basic_appreq,1814270,28802290518058,336
basic_appreq,1921623,28802292472853,336
basic_appreq,2005421,28802294514112,336
basic_appreq,2196578,28802296744578,336
basic_appreq,1994026,28802298776763,336
basic_appreq,1737081,28802300554335,336
basic_appreq,2181378,28802302773542,336
basic_appreq,1931423,28802304739457,336
basic_appreq,1268727,28802306046658,336
basic_appreq,2239317,28802308318845,336
basic_appreq,1635295,28802309998654,336
basic_appreq,2036337,28802312075997,336
basic_appreq,1755890,28802313878128,336
basic_appreq,2309414,28802316236327,336
basic_appreq,2240307,28802318529519,336
basic_appreq,1475217,28802320046733,336
basic_appreq,2407752,28802322489614,336
basic_appreq,2127862,28802324655672,336
basic_appreq,1728088,28802326428080,336
basic_appreq,2251351,28802328716254,336
basic_appreq,1690421,28802330449101,336
basic_appreq,1703641,28802332186211,336
basic_appreq,2127390,28802334349863,336
basic_appreq,2281539,28802336669121,336
basic_appreq,1515342,28802338223781,336
basic_appreq,1971231,28802340248355,336
basic_appreq,2352094,28802342645051,336
basic_appreq,1407463,28802344095235,336
basic_appreq,1894543,28802346027743,336
basic_appreq,2240939,28802348306764,336
basic_appreq,1284161,28802349635842,336
basic_appreq,2151864,28802351823538,336
basic_appreq,2457835,28802354317079,336
basic_appreq,2344525,28802356700353,336
basic_appreq,1246755,28802357997005,336
basic_appreq,1517429,28802359558294,336
basic_appreq,2539356,28802362133863,336
basic_appreq,2362723,28802364533969,336
basic_appreq,2181548,28802366755777,336
basic_appreq,1986105,28802368783387,336
basic_appreq,2401303,28802371231727,336
basic_appreq,1643380,28802372918619,336
basic_appreq,1826018,28802374797439,336
basic_appreq,2355067,28802377189273,336
basic_appreq,1881393,28802379110124,336
basic_appreq,1806200,28802380957236,336
basic_appreq,2356185,28802383351234,336
basic_appreq,2299418,28802385687250,336
basic_appreq,2469081,28802388196456,336
basic_appreq,1546343,28802389783954,336
basic_appreq,1433854,28802391257727,336
basic_appreq,2509454,28802393806582,336
basic_appreq,2346757,28802396193096,336
basic_appreq,1010507,28802397246665,336
basic_appreq,1818319,28802399106034,336
basic_appreq,2028805,28802401172244,336
basic_appreq,1963100,28802403177452,336
basic_appreq,1613585,28802404835019,336
basic_appreq,1945456,28802406821340,336
basic_appreq,2285390,28802409147886,336
basic_appreq,2273210,28802411464072,336
basic_appreq,1944272,28802413452053,336
basic_appreq,1403580,28802414902151,336
basic_appreq,1691536,28802416631437,336
basic_appreq,2309706,28802418977591,336
basic_appreq,2076102,28802421089331,336
basic_appreq,2364989,28802423496522,336
basic_appreq,1540674,28802425077628,336
basic_appreq,1732602,28802426848152,336
basic_appreq,1850463,28802428735080,336
basic_appreq,2510832,28802431281812,336
basic_appreq,1980412,28802433302345,336
basic_appreq,2366525,28802435715640,336
basic_appreq,1593791,28802437352454,336
basic_appreq,1954406,28802439342224,336
basic_appreq,2309270,28802441687317,336
basic_appreq,2383260,28802444108514,336
basic_appreq,1592107,28802445749515,336
basic_appreq,2050616,28802447841725,336
basic_appreq,2626426,28802450505581,336
basic_appreq,1435235,28802451979383,336
basic_appreq,2158940,28802454204500,336
basic_appreq,1322883,28802455571236,336
basic_appreq,2009732,28802457613881,336
basic_appreq,2157737,28802459811431,336
basic_appreq,2240778,28802462099460,336
basic_appreq,1946734,28802464086616,336
basic_appreq,1628703,28802465750887,336
basic_appreq,2124558,28802467908456,336
basic_appreq,2128562,28802470071879,336
basic_appreq,2338953,28802472447070,336
basic_appreq,1873112,28802474362577,336
basic_appreq,2193756,28802476591404,336
basic_appreq,1714736,28802478347042,336
basic_appreq,2146136,28802480528616,336
basic_appreq,1842862,28802482413243,336
basic_appreq,1469684,28802483925636,336
basic_appreq,2019985,28802485980451,336
basic_appreq,2356805,28802488375205,336
basic_appreq,1941495,28802490358735,336
basic_appreq,2230720,28802492633923,336
basic_appreq,2602696,28802495276913,336
basic_appreq,1561129,28802496877992,336
basic_appreq,2433898,28802499358465,336
basic_appreq,1893130,28802501287932,336
basic_appreq,2621445,28802503968170,336
basic_appreq,1239615,28802505268136,336
basic_appreq,1464721,28802506776366,336
basic_appreq,2062637,28802508878439,336
basic_appreq,2480248,28802511395914,336
basic_appreq,2507001,28802513938493,336
basic_appreq,2643067,28802516620457,336
basic_appreq,2017728,28802518673657,336
basic_appreq,1611186,28802520318439,336
basic_appreq,2047913,28802522403563,336
basic_appreq,1743328,28802524184934,336
basic_appreq,2566698,28802526787263,336
basic_appreq,1551321,28802528375844,336
basic_appreq,1744454,28802530160246,336
basic_appreq,2274925,28802532478895,336
basic_appreq,1371657,28802533895470,336
basic_appreq,2021921,28802535955251,336
basic_appreq,1929854,28802537959655,336
basic_appreq,1838681,28802539844555,336
basic_appreq,2223759,28802542106303,336
basic_appreq,2165577,28802544315577,336
basic_appreq,1659185,28802546028181,336
basic_appreq,1914010,28802547983758,336
basic_appreq,2302855,28802550362301,336
basic_appreq,1577628,28802551985849,336
basic_appreq,2653616,28802554696360,336
basic_appreq,2152121,28802556884682,336
basic_appreq,2331401,28802559257630,336
basic_appreq,2654130,28802561946258,336
basic_appreq,2259292,28802564257918,336
basic_appreq,1548675,28802565857150,336
basic_appreq,2153451,28802568050492,336
basic_appreq,1612229,28802569715301,336
basic_appreq,2171829,28802571923711,336
basic_appreq,2441301,28802574406468,336
basic_appreq,1622526,28802576070563,336
basic_appreq,1677027,28802577788598,336
basic_appreq,2025306,28802579853088,336
basic_appreq,2278590,28802582168175,336
basic_appreq,2262847,28802584469680,336
basic_appreq,2234272,28802586763537,336
basic_appreq,1852576,28802588659855,336
basic_appreq,2059121,28802590764997,336
basic_appreq,1686288,28802592489863,336
basic_appreq,1970171,28802594498780,336
basic_appreq,2123394,28802596661544,336
basic_appreq,1859727,28802598569053,336
basic_appreq,2009597,28802600614221,336
basic_appreq,2113808,28802602764749,336
basic_appreq,1798014,28802604598387,336
basic_appreq,1999292,28802606636968,336
basic_appreq,1798765,28802608487671,336
basic_appreq,1899705,28802610426511,336
basic_appreq,2283504,28802612762049,336
basic_appreq,2245916,28802615047284,336
basic_appreq,2418191,28802617517410,336
basic_appreq,1613301,28802619176634,336
basic_appreq,1607364,28802620822910,336
basic_appreq,2444577,28802623305687,336
basic_appreq,2136217,28802625477982,336
basic_appreq,2184345,28802627700019,336
basic_appreq,1372700,28802629116388,336
basic_appreq,2187535,28802631341796,336
basic_appreq,2050899,28802633430331,336
basic_appreq,1969289,28802635436118,336
basic_appreq,1719082,28802637192386,336
basic_appreq,2289324,28802639518913,336
basic_appreq,1627047,28802641189874,336
basic_appreq,2518675,28802643745751,336
basic_appreq,2376451,28802646157177,336
basic_appreq,812081,28802647012530,336
basic_appreq,1948010,28802648995040,336
basic_appreq,2320458,28802651356226,336
basic_appreq,2393088,28802653787284,336
basic_appreq,1870274,28802655699336,336
basic_appreq,2242864,28802657977966,336
basic_appreq,1963430,28802659980649,336
basic_appreq,2715987,28802662754252,336
basic_appreq,1956852,28802664750785,336
basic_appreq,1498895,28802666291557,336
basic_appreq,1933608,28802668265099,336
basic_appreq,2413318,28802670714103,336
basic_appreq,1944051,28802672696461,336
basic_appreq,1941411,28802674682995,336
basic_appreq,1948469,28802676669949,336
basic_appreq,1907095,28802678622991,336
basic_appreq,2258343,28802680925251,336
basic_appreq,2201958,28802683168208,336
basic_appreq,2176030,28802685399360,336
basic_appreq,1268150,28802686713047,336
basic_appreq,1472064,28802688228539,336
basic_appreq,1936895,28802690202108,336
basic_appreq,2012333,28802692249374,336
basic_appreq,2488834,28802694783534,336
basic_appreq,2438025,28802697258934,336
basic_appreq,1401933,28802698703322,336
basic_appreq,2103497,28802700847163,336
basic_appreq,2280040,28802703172042,336
basic_appreq,2352602,28802705562772,336
basic_appreq,2136720,28802707740548,336
basic_appreq,1853102,28802709634010,336
basic_appreq,2083498,28802711754952,336
basic_appreq,2087516,28802713887151,336
basic_appreq,2009556,28802715936517,336
basic_appreq,2181836,28802718156304,336
basic_appreq,1501724,28802719701891,336
basic_appreq,2258649,28802722001274,336
basic_appreq,1482895,28802723528638,336
basic_appreq,2270043,28802725831489,336
basic_appreq,2029964,28802727912242,336
basic_appreq,1965566,28802729910756,336
basic_appreq,2365716,28802732311273,336
basic_appreq,2224058,28802734571452,336
basic_appreq,1907983,28802736515112,336
basic_appreq,2513321,28802739069352,336
basic_appreq,2482873,28802741590852,336
basic_appreq,1160502,28802742791205,336
basic_appreq,2186921,28802745020164,336
basic_appreq,1359320,28802746424370,336
basic_appreq,1789259,28802748251354,336
basic_appreq,1838132,28802750126733,336
basic_appreq,2612416,28802752776491,336
basic_appreq,2107169,28802754924222,336
basic_appreq,2505130,28802757468542,336
basic_appreq,1521933,28802759032499,336
basic_appreq,1637274,28802760727865,336
basic_appreq,2014331,28802762781659,336
basic_appreq,2319221,28802765139824,336
basic_appreq,1958561,28802767139731,336
basic_appreq,1639605,28802768820941,336
basic_appreq,2305827,28802771167115,336
basic_appreq,2256978,28802773463230,336
basic_appreq,2134415,28802775645162,336
basic_appreq,1508679,28802777191796,336
basic_appreq,1570892,28802778808869,336
basic_appreq,1661731,28802780508755,336
basic_appreq,1800690,28802782347776,336
basic_appreq,2256810,28802784639414,336
basic_appreq,1712002,28802786394100,336
basic_appreq,2077179,28802788512035,336
basic_appreq,2078202,28802790640067,336
basic_appreq,1563745,28802792248814,336
basic_appreq,2138211,28802794434499,336
basic_appreq,1557509,28802796031601,336
basic_appreq,1953600,28802798025134,336
basic_appreq,2469067,28802800529610,336
basic_appreq,1931898,28802802498722,336
basic_appreq,1533848,28802804077796,336
basic_appreq,2052776,28802806171924,336
basic_appreq,1472255,28802807683001,336
basic_appreq,2474801,28802810193266,336
basic_appreq,2154237,28802812382618,336
basic_appreq,2688655,28802815105054,336
basic_appreq,2212279,28802817351469,336
basic_appreq,2041558,28802819439347,336
basic_appreq,1159865,28802820636723,336
basic_appreq,1999280,28802822680485,336
basic_appreq,1897732,28802824615023,336
basic_appreq,2112105,28802826765720,336
basic_appreq,2651848,28802829460931,336
basic_appreq,1402301,28802830911521,336
basic_appreq,1910090,28802832865245,336
basic_appreq,2400975,28802835310635,336
basic_appreq,2472602,28802837824003,336
basic_appreq,2419360,28802840280897,336
basic_appreq,2333055,28802842649210,336
basic_appreq,1984462,28802844672953,336
basic_appreq,1908218,28802846626991,336
basic_appreq,2328157,28802848997446,336
basic_appreq,1859175,28802850898270,336
basic_appreq,1678194,28802852615091,336
basic_appreq,1932934,28802854588442,336
basic_appreq,2408621,28802857033094,336
basic_appreq,2551559,28802859626588,336
basic_appreq,1532776,28802861204016,336
basic_appreq,1315497,28802862567676,336
basic_appreq,1950118,28802864580737,336
basic_appreq,2432813,28802867049952,336
basic_appreq,1598240,28802868700974,336
basic_appreq,1697013,28802870437696,336
basic_appreq,2123786,28802872600292,336
basic_appreq,1619736,28802874264923,336
basic_appreq,2405170,28802876705933,336
basic_appreq,2508125,28802879263456,336
basic_appreq,2420265,28802881718653,336
basic_appreq,2487069,28802884242600,336
basic_appreq,749790,28802885038524,336
basic_appreq,2402319,28802887474956,336
basic_appreq,1996354,28802889511326,336
basic_appreq,2113516,28802891663089,336
basic_appreq,2198883,28802893901004,336
basic_appreq,2361370,28802896309014,336
basic_appreq,1582049,28802897937110,336
basic_appreq,1701304,28802899682401,336
basic_appreq,2466848,28802902185608,336
basic_appreq,2229094,28802904453901,336
basic_appreq,2130031,28802906630795,336
basic_appreq,2355558,28802909030492,336
basic_appreq,1559875,28802910632060,336
basic_appreq,1914711,28802912590418,336
basic_appreq,1780247,28802914410483,336
basic_appreq,2373206,28802916816957,336
basic_appreq,2130616,28802918984079,336
basic_appreq,1907692,28802920924949,336
basic_appreq,2004210,28802922973058,336
basic_appreq,2674385,28802925689732,336
basic_appreq,1933187,28802927659356,336
basic_appreq,2133822,28802929828732,336
basic_appreq,2475726,28802932346135,336
basic_appreq,1872080,28802934263759,336
basic_appreq,1856639,28802936163880,336
basic_appreq,2148443,28802938355210,336
basic_appreq,1449146,28802939845008,336
basic_appreq,2190259,28802942075999,336
basic_appreq,2393444,28802944515267,336
basic_appreq,1548451,28802946109432,336
basic_appreq,1756902,28802947908030,336
basic_appreq,1741844,28802949689086,336
basic_appreq,2140921,28802951865193,336
basic_appreq,1911722,28802953812365,336
basic_appreq,2041366,28802955900076,336
basic_appreq,2416121,28802958357914,336
basic_appreq,932735,28802959327840,336
basic_appreq,1885306,28802961252730,336
basic_appreq,2542506,28802963834564,336
basic_appreq,2366183,28802966237140,336
basic_appreq,2070932,28802968348073,336
basic_appreq,2199275,28802970604154,336
basic_appreq,1632189,28802972280926,336
basic_appreq,2139703,28802974456893,336
basic_appreq,2408156,28802976900931,336
basic_appreq,2202509,28802979146634,336
basic_appreq,2373738,28802981557633,336
basic_appreq,1136626,28802982739696,336
basic_appreq,1924330,28802984704128,336
basic_appreq,2427880,28802987170565,336
basic_appreq,2476507,28802989701301,336
basic_appreq,2364725,28802992108211,336
basic_appreq,1351623,28802993506759,336
basic_appreq,1916937,28802995457944,336
basic_appreq,1913484,28802997405561,336
basic_appreq,2360216,28802999805470,336
basic_appreq,1812091,28803001672324,336
basic_appreq,2093465,28803003811627,336
basic_appreq,2261642,28803006124226,336
basic_appreq,2123541,28803008293842,336
basic_appreq,1948656,28803010287764,336
basic_appreq,1907742,28803012236090,336
basic_appreq,2360432,28803014637246,336
basic_appreq,2637082,28803017309424,336
basic_appreq,1586161,28803018939640,336
basic_appreq,1696981,28803020675310,336
basic_appreq,1514167,28803022227808,336
basic_appreq,1592943,28803023861305,336
basic_appreq,2126021,28803026024727,336
basic_appreq,2273673,28803028339166,336
basic_appreq,1489177,28803029869011,336
basic_appreq,1409949,28803031314893,336
basic_appreq,2112493,28803033463128,336
basic_appreq,2597017,28803036096392,336
basic_appreq,2066861,28803038200837,336
basic_appreq,1993228,28803040235791,336
basic_appreq,2605516,28803042893511,336
basic_appreq,2618332,28803045554264,336
basic_appreq,1412191,28803047013268,336
basic_appreq,2109446,28803049160915,336
basic_appreq,2141520,28803051342431,336
basic_appreq,1511913,28803052898773,336
basic_appreq,2139405,28803055076717,336
basic_appreq,1582861,28803056704155,336
basic_appreq,2228954,28803058971134,336
basic_appreq,2049523,28803061056192,336
basic_appreq,1920454,28803063013769,336
basic_appreq,2102529,28803065157058,336
basic_appreq,1278241,28803066477016,336
basic_appreq,2217184,28803068731013,336
basic_appreq,1954121,28803070736690,336
basic_appreq,2004791,28803072789570,336
basic_appreq,2374010,28803075205227,336
basic_appreq,2138761,28803077380984,336
basic_appreq,1583973,28803079008758,336
basic_appreq,1997336,28803081049680,336
basic_appreq,2214862,28803083310169,336
basic_appreq,2613007,28803085962356,336
basic_appreq,2163207,28803088178751,336
basic_appreq,1890555,28803090121930,336
basic_appreq,2062811,28803092226750,336
basic_appreq,2395225,28803094668397,336
basic_appreq,2170238,28803096879534,336
basic_appreq,2141785,28803099064918,336
basic_appreq,1999278,28803101107440,336
basic_appreq,1950156,28803103098411,336
basic_appreq,2993652,28803106135814,336
basic_appreq,2317961,28803108493105,336
basic_appreq,2362362,28803110898002,336
basic_appreq,1657379,28803112590824,336
basic_appreq,2211033,28803114839441,336
basic_appreq,1414978,28803116298268,336
basic_appreq,2419618,28803118755133,336
basic_appreq,2033837,28803120823628,336
basic_appreq,1883889,28803122750813,336
basic_appreq,1975768,28803124765245,336
basic_appreq,1884739,28803126692147,336
basic_appreq,1416353,28803128150848,336
basic_appreq,2025424,28803130218390,336
basic_appreq,1580081,28803131839509,336
basic_appreq,1487865,28803133360675,336
basic_appreq,2012591,28803135407850,336
basic_appreq,1992274,28803137439137,336
basic_appreq,1509753,28803138993793,336
basic_appreq,2483927,28803141510441,336
basic_appreq,1167997,28803142715848,336
basic_appreq,1691878,28803144441479,336
basic_appreq,2017173,28803146509135,336
basic_appreq,2216332,28803148766552,336
basic_appreq,2531926,28803151339843,336
basic_appreq,1678779,28803153057610,336
basic_appreq,2146040,28803155246867,336
basic_appreq,1680416,28803156970439,336
basic_appreq,1918550,28803158924901,336
basic_appreq,2205147,28803161164421,336
basic_appreq,2253347,28803163453507,336
basic_appreq,2521704,28803166018453,336
basic_appreq,1269803,28803167334084,336
basic_appreq,1794158,28803169171451,336
basic_appreq,2335824,28803171542827,336
basic_appreq,2374016,28803173954312,336
basic_appreq,2259935,28803176256638,336
basic_appreq,1554030,28803177855692,336
basic_appreq,1875881,28803179774622,336
basic_appreq,2605868,28803182440806,336
basic_appreq,2281939,28803184776526,336
basic_appreq,1473643,28803186294066,336
basic_appreq,1812449,28803188149747,336
basic_appreq,2020147,28803190216870,336
basic_appreq,2414801,28803192667010,336
basic_appreq,2394696,28803195108225,336
basic_appreq,2217358,28803197361197,336
basic_appreq,2183896,28803199605016,336
basic_appreq,2272287,28803201921323,336
basic_appreq,2411314,28803204381341,336
basic_appreq,1319114,28803205750622,336
basic_appreq,2072271,28803207866569,336
basic_appreq,2445496,28803210355567,336
basic_appreq,1599477,28803212021331,336
basic_appreq,2314719,28803214377412,336
basic_appreq,2386588,28803216805433,336
basic_appreq,1937131,28803218800349,336
basic_appreq,2023233,28803220860041,336
basic_appreq,2394600,28803223303830,336
basic_appreq,2249633,28803225593703,336
basic_appreq,2262121,28803227909347,336
basic_appreq,2068966,28803230022516,336
basic_appreq,1520362,28803231588329,336
basic_appreq,2458791,28803234083218,336
basic_appreq,1941025,28803236061438,336
basic_appreq,2068152,28803238173233,336
basic_appreq,1640639,28803239853119,336
basic_appreq,2160250,28803242048340,336
basic_appreq,1653934,28803243739430,336
basic_appreq,2401312,28803246180727,336
basic_appreq,2248863,28803248477246,336
basic_appreq,2345268,28803250860182,336
basic_appreq,2156447,28803253061230,336
basic_appreq,2179929,28803255287844,336
basic_appreq,2501258,28803257833136,336
basic_appreq,1375614,28803259259304,336
basic_appreq,1777017,28803261074186,336
basic_appreq,2309980,28803263430076,336
basic_appreq,2084086,28803265557741,336
basic_appreq,2300680,28803267904769,336
basic_appreq,2628690,28803270577849,336
basic_appreq,2760859,28803273374227,336
basic_appreq,2044055,28803275453619,336
basic_appreq,2335968,28803277829705,336
basic_appreq,2301561,28803280174605,336
basic_appreq,2375213,28803282594078,336
basic_appreq,1633079,28803284271758,336
basic_appreq,1653134,28803285970713,336
basic_appreq,2202339,28803288213907,336
basic_appreq,1380020,28803289641843,336
basic_appreq,2290107,28803291973040,336
basic_appreq,1502860,28803293544918,336
basic_appreq,2452938,28803296034267,336
basic_appreq,2686055,28803298776117,336
basic_appreq,2010338,28803300826073,336
basic_appreq,2433494,28803303311306,336
basic_appreq,2145372,28803305496175,336
basic_appreq,2434334,28803307973904,336
basic_appreq,1383057,28803309417696,336
basic_appreq,1939196,28803311400780,336
basic_appreq,2088694,28803313532541,336
basic_appreq,1948886,28803315530703,336
basic_appreq,2062891,28803317649276,336
basic_appreq,2377476,28803320073484,336
basic_appreq,1434589,28803321554585,336
basic_appreq,1735758,28803323326778,336
basic_appreq,2208968,28803325572023,336
basic_appreq,2367711,28803327977476,336
basic_appreq,2282459,28803330324672,336
basic_appreq,2741830,28803333103868,336
basic_appreq,1773045,28803334913338,336
basic_appreq,1889226,28803336837379,336
basic_appreq,1870988,28803338750686,336
basic_appreq,2054388,28803340840127,336
basic_appreq,2293144,28803343170610,336
basic_appreq,2311330,28803345525704,336
basic_appreq,2350953,28803347919715,336
basic_appreq,1393346,28803349351235,336
basic_appreq,1516063,28803350922826,336
basic_appreq,1476557,28803352433144,336
basic_appreq,1906843,28803354376045,336
basic_appreq,1637102,28803356057045,336
basic_appreq,1893324,28803357986323,336
basic_appreq,2279196,28803360302101,336
basic_appreq,1897954,28803362243084,336
basic_appreq,1861962,28803364144207,336
basic_appreq,1712829,28803365895169,336
basic_appreq,2174451,28803368106135,336
basic_appreq,1592320,28803369751030,336
basic_appreq,2051652,28803371838375,336
basic_appreq,1813116,28803373688675,336
basic_appreq,1805271,28803375530644,336
basic_appreq,2018612,28803377583716,336
basic_appreq,2606003,28803380226428,336
basic_appreq,1935250,28803382209483,336
basic_appreq,1271559,28803383524803,336
basic_appreq,1745929,28803385308022,336
basic_appreq,1637370,28803386985051,336
basic_appreq,1725371,28803388748993,336
basic_appreq,1797129,28803390590920,336
basic_appreq,1862339,28803392493157,336
basic_appreq,2069209,28803394624249,336
basic_appreq,2136977,28803396801880,336
basic_appreq,1189173,28803398033252,336
basic_appreq,1681375,28803399758045,336
basic_appreq,2303206,28803402100071,336
basic_appreq,2682804,28803404820063,336
basic_appreq,2505759,28803407367014,336
basic_appreq,2166538,28803409570062,336
basic_appreq,1600243,28803411219093,336
basic_appreq,1606046,28803412869369,336
basic_appreq,1956826,28803414867785,336
basic_appreq,2200729,28803417103936,336
basic_appreq,1893971,28803419052991,336
basic_appreq,2342861,28803421431366,336
basic_appreq,1769056,28803423237374,336
basic_appreq,2103629,28803425377511,336
basic_appreq,1352161,28803426769169,336
basic_appreq,1779413,28803428592217,336
basic_appreq,2631015,28803431264230,336
basic_appreq,2590752,28803433890777,336
basic_appreq,1461646,28803435396074,336
basic_appreq,1686876,28803437122037,336
basic_appreq,2391425,28803439551354,336
basic_appreq,2571147,28803442174063,336
basic_appreq,1674130,28803443891602,336
basic_appreq,2077863,28803446009149,336
basic_appreq,2069632,28803448124293,336
basic_appreq,1589491,28803449760669,336
basic_appreq,2181623,28803451981788,336
basic_appreq,1924532,28803453965460,336
basic_appreq,1801895,28803455810088,336
basic_appreq,1689788,28803457538229,336
basic_appreq,1416082,28803458999577,336
basic_appreq,2210246,28803461252048,336
basic_appreq,1849279,28803463139095,336
basic_appreq,2071180,28803465245783,336
basic_appreq,1770823,28803467064899,336
basic_appreq,2414400,28803469516390,336
basic_appreq,2411178,28803471969945,336
basic_appreq,2428883,28803474457160,336
basic_appreq,1472167,28803475975706,336
basic_appreq,2050895,28803478084738,336
basic_appreq,2444560,28803480571080,336
basic_appreq,1993194,28803482618959,336
basic_appreq,2469068,28803485129530,336
basic_appreq,2188763,28803487359544,336
basic_appreq,2325118,28803489721804,336
basic_appreq,1791668,28803491558423,336
basic_appreq,2188488,28803493783912,336
basic_appreq,1406082,28803495242278,336
basic_appreq,2159475,28803497438797,336
basic_appreq,2231439,28803499718018,336
basic_appreq,1409813,28803501169224,336
basic_appreq,2000970,28803503217755,336
basic_appreq,2123822,28803505383022,336
basic_appreq,1906144,28803507333458,336
basic_appreq,2707990,28803510078763,336
basic_appreq,2404368,28803512523218,336
basic_appreq,1947778,28803514517598,336
basic_appreq,2315260,28803516867539,336
basic_appreq,2466177,28803519398017,336
basic_appreq,2230359,28803521666652,336
basic_appreq,1882601,28803523589129,336
basic_appreq,2138225,28803525768001,336
basic_appreq,1497908,28803527304700,336
basic_appreq,1636426,28803528980818,336
basic_appreq,2335425,28803531353621,336
basic_appreq,2552636,28803533942413,336
basic_appreq,2086294,28803536083728,336
basic_appreq,1207468,28803537349189,336
basic_appreq,1743411,28803539130661,336
basic_appreq,1851608,28803541020645,336
basic_appreq,2539203,28803543605091,336
basic_appreq,1539261,28803545200324,336
basic_appreq,2249617,28803547489002,336
basic_appreq,1964656,28803549498632,336
basic_appreq,2089697,28803551627740,336
basic_appreq,2695855,28803554367351,336
basic_appreq,2195019,28803556598842,336
basic_appreq,2208816,28803558844573,336
basic_appreq,1960535,28803560842915,336
basic_appreq,2042108,28803562923532,336
basic_appreq,1458982,28803564417379,336
basic_appreq,1887677,28803566351496,336
basic_appreq,2167143,28803568567701,336
basic_appreq,1791058,28803570406240,336
basic_appreq,2141328,28803572603535,336
basic_appreq,2249611,28803574897959,336
basic_appreq,1954123,28803576893135,336
basic_appreq,2881339,28803579821051,336
basic_appreq,2211942,28803582066793,336
basic_appreq,2096242,28803584199236,336
basic_appreq,2073160,28803586309862,336
basic_appreq,2260763,28803588611885,336
basic_appreq,1456428,28803590117180,336
basic_appreq,1692217,28803591845246,336
basic_appreq,2087325,28803593968214,336
basic_appreq,1665100,28803595675372,336
basic_appreq,2507613,28803598224348,336
basic_appreq,1340436,28803599611795,336
basic_appreq,1665235,28803601314065,336
basic_appreq,2230531,28803603580924,336
basic_appreq,1966075,28803605581290,336
basic_appreq,2437347,28803608069406,336
basic_appreq,1536109,28803609660528,336
basic_appreq,1894010,28803611600248,336
basic_appreq,1787203,28803613431552,336
basic_appreq,2304026,28803615772728,336
basic_appreq,2398040,28803618207391,336
basic_appreq,1292522,28803619550731,336
basic_appreq,1879455,28803621468082,336
basic_appreq,2223464,28803623729884,336
basic_appreq,2140432,28803625910707,336
basic_appreq,1344960,28803627310992,336
basic_appreq,2045385,28803629392691,336
basic_appreq,1516402,28803630954891,336
basic_appreq,2337532,28803633327990,336
basic_appreq,1956107,28803635326609,336
basic_appreq,1760421,28803637130857,336
basic_appreq,2059871,28803639228457,336
basic_appreq,2334709,28803641603146,336
basic_appreq,2107177,28803643764252,336
basic_appreq,1724789,28803645526105,336
basic_appreq,1966682,28803647534127,336
basic_appreq,2493349,28803650074343,336
basic_appreq,1881582,28803651996440,336
basic_appreq,1486272,28803653550797,336
basic_appreq,1981362,28803655567531,336
basic_appreq,2070932,28803657676183,336
basic_appreq,2312338,28803660029060,336
basic_appreq,1340108,28803661415970,336
basic_appreq,2331534,28803663781377,336
basic_appreq,2043740,28803665859239,336
basic_appreq,2242051,28803668137379,336
basic_appreq,1881718,28803670072054,336
basic_appreq,1718946,28803671842188,336
basic_appreq,2135365,28803674012495,336
basic_appreq,2321000,28803676376496,336
basic_appreq,1581446,28803677994832,336
basic_appreq,2037096,28803680068717,336
basic_appreq,1493531,28803681603210,336
basic_appreq,1452442,28803683090757,336
basic_appreq,2120367,28803685247799,336
basic_appreq,2182567,28803687477765,336
basic_appreq,1400704,28803688918210,336
basic_appreq,1979911,28803690941372,336
basic_appreq,1722581,28803692718148,336
basic_appreq,1894061,28803694649964,336
basic_appreq,2343026,28803697033461,336
basic_appreq,1372940,28803698451377,336
basic_appreq,2333092,28803700820197,336
basic_appreq,1720931,28803702578245,336
basic_appreq,2291651,28803704910213,336
basic_appreq,1567694,28803706524132,336
basic_appreq,2248904,28803708812405,336
basic_appreq,2235263,28803711091052,336
basic_appreq,1535976,28803712666574,336
basic_appreq,1874229,28803714578422,336
basic_appreq,2228417,28803716842546,336
basic_appreq,2039742,28803718920403,336
basic_appreq,2223445,28803721183463,336
basic_appreq,2336265,28803723567247,336
basic_appreq,1545522,28803725156363,336
basic_appreq,2168915,28803727362268,336
basic_appreq,2598224,28803729998444,336
basic_appreq,2213292,28803732252057,336
basic_appreq,2217620,28803734512024,336
basic_appreq,1220892,28803735773535,336
basic_appreq,1477012,28803737294192,336
basic_appreq,2306912,28803739645845,336
basic_appreq,2761872,28803742453717,336
basic_appreq,1666914,28803744162462,336
basic_appreq,2257419,28803746463680,336
basic_appreq,1549928,28803748057434,336
basic_appreq,2187640,28803750289822,336
basic_appreq,1590984,28803751924716,336
basic_appreq,1645289,28803753611955,336
basic_appreq,2253098,28803755909735,336
basic_appreq,2661299,28803758610843,336
basic_appreq,2378468,28803761030279,336
basic_appreq,1568993,28803762643193,336
basic_appreq,2060251,28803764744139,336
basic_appreq,1986177,28803766779004,336
basic_appreq,2335477,28803769152165,336
basic_appreq,1867789,28803771062457,336
basic_appreq,2222108,28803773321158,336
basic_appreq,2251370,28803775613254,336
basic_appreq,1771472,28803777427961,336
basic_appreq,1967852,28803779434224,336
basic_appreq,2088300,28803781562851,336
basic_appreq,1644502,28803783254345,336
basic_appreq,2321628,28803785608669,336
basic_appreq,1938791,28803787583394,336
basic_appreq,2251106,28803789869423,336
basic_appreq,2331695,28803792239345,336
basic_appreq,1868720,28803794150087,336
basic_appreq,1323942,28803795517737,336
basic_appreq,2166824,28803797724752,336
basic_appreq,2164268,28803799932419,336
basic_appreq,1780227,28803801757401,336
basic_appreq,2085092,28803803881967,336
basic_appreq,2465900,28803806383049,336
basic_appreq,2211093,28803808636459,336
basic_appreq,1744956,28803810428078,336
basic_appreq,2164130,28803812636514,336
basic_appreq,1438712,28803814140906,336
basic_appreq,1957426,28803816138397,336
basic_appreq,1575423,28803817749565,336
basic_appreq,2491153,28803820274898,336
basic_appreq,2063849,28803822379631,336
basic_appreq,2012594,28803824429839,336
basic_appreq,1713692,28803826182726,336
basic_appreq,2138722,28803828361973,336
basic_appreq,2254221,28803830653960,336
basic_appreq,2257559,28803832950788,336
basic_appreq,1489825,28803834483414,336
basic_appreq,1591231,28803836118335,336
basic_appreq,1960012,28803838118158,336
basic_appreq,2465823,28803840619938,336
basic_appreq,1483594,28803842153080,336
basic_appreq,1639363,28803843832073,336
basic_appreq,1970286,28803845839817,336
basic_appreq,1925011,28803847802356,336
basic_appreq,2083979,28803849925802,336
basic_appreq,1562258,28803851525375,336
basic_appreq,2463893,28803854028615,336
basic_appreq,1388829,28803855459029,336
basic_appreq,1856038,28803857354560,336
basic_appreq,2165083,28803859561202,336
basic_appreq,2005029,28803861610019,336
basic_appreq,2295658,28803863952196,336
basic_appreq,1391695,28803865388585,336
basic_appreq,2543121,28803867968134,336
basic_appreq,2264409,28803870284371,336
basic_appreq,2422074,28803872742766,336
basic_appreq,1269392,28803874058360,336
basic_appreq,1942563,28803876045004,336
basic_appreq,1638769,28803877731657,336
basic_appreq,2130743,28803879901651,336
basic_appreq,2767821,28803882708533,336
basic_appreq,2065512,28803884812005,336
basic_appreq,2560090,28803887410734,336
basic_appreq,1815062,28803889262021,336
basic_appreq,2333035,28803891629226,336
basic_appreq,1568033,28803893241478,336
basic_appreq,2002025,28803895279573,336
basic_appreq,2240334,28803897561802,336
basic_appreq,2643612,28803900249952,336
basic_appreq,1417788,28803901729848,336
basic_appreq,2485430,28803904249630,336
basic_appreq,1316624,28803905623909,336
basic_appreq,1981709,28803907649671,336
basic_appreq,1546643,28803909240113,336
basic_appreq,1730331,28803911016029,336
basic_appreq,2276801,28803913328684,336
basic_appreq,2242976,28803915612059,336
basic_appreq,2047092,28803917694241,336
basic_appreq,1843711,28803919576530,336
basic_appreq,1989328,28803921600029,336
basic_appreq,2583617,28803924219467,336
basic_appreq,963783,28803925222298,336
basic_appreq,2142892,28803927402821,336
basic_appreq,1618526,28803929065077,336
basic_appreq,1967543,28803931074042,336
basic_appreq,1627864,28803932746171,336
basic_appreq,2608053,28803935396027,336
basic_appreq,2401895,28803937834981,336
basic_appreq,2307353,28803940181851,336
basic_appreq,2182855,28803942413170,336
basic_appreq,2475446,28803944932317,336
basic_appreq,1815410,28803946788987,336
basic_appreq,2230366,28803949060767,336
basic_appreq,2204046,28803951311753,336
basic_appreq,2411511,28803953768287,336
basic_appreq,1576502,28803955405333,336
basic_appreq,2002254,28803957447960,336
basic_appreq,1730718,28803959224651,336
basic_appreq,2729582,28803962004325,336
basic_appreq,2201391,28803964243440,336
basic_appreq,1827518,28803966111453,336
basic_appreq,1550652,28803967706424,336
basic_appreq,2073896,28803969819649,336
basic_appreq,1962609,28803971826285,336
basic_appreq,1924065,28803973793835,336
basic_appreq,2279562,28803976119633,336
basic_appreq,2046382,28803978210046,336
basic_appreq,1693818,28803979941294,336
basic_appreq,2060298,28803982035855,336
basic_appreq,1965785,28803984040542,336
basic_appreq,2148511,28803986226492,336
basic_appreq,2558938,28803988824979,336
basic_appreq,2502629,28803991364419,336
basic_appreq,1373106,28803992783908,336
basic_appreq,1581545,28803994416494,336
basic_appreq,2183628,28803996637736,336
basic_appreq,2439977,28803999118949,336
basic_appreq,1541839,28804000704799,336
basic_appreq,1829710,28804002579209,336
basic_appreq,2203347,28804004817862,336
basic_appreq,1839433,28804006702074,336
basic_appreq,2142228,28804008879665,336
basic_appreq,2481734,28804011398681,336
basic_appreq,2114724,28804013553903,336
basic_appreq,1961841,28804015558881,336
basic_appreq,1462987,28804017066724,336
basic_appreq,1748242,28804018866905,336
basic_appreq,2513586,28804021417783,336
basic_appreq,2516354,28804023990327,336
basic_appreq,2071108,28804026117971,336
basic_appreq,2457729,28804028612614,336
basic_appreq,2239918,28804030893250,336
basic_appreq,1418456,28804032348756,336
basic_appreq,2043523,28804034435513,336
basic_appreq,1931573,28804036408168,336
basic_appreq,2301054,28804038753135,336
basic_appreq,1805744,28804040599886,336
basic_appreq,2285511,28804042925151,336
basic_appreq,1979158,28804044943666,336
basic_appreq,2340801,28804047329937,336
basic_appreq,1346036,28804048719455,336
basic_appreq,2176981,28804050936438,336
basic_appreq,1585667,28804052566192,336
basic_appreq,2154908,28804054757441,336
basic_appreq,2679501,28804057477957,336
basic_appreq,2045479,28804059563476,336
basic_appreq,2027995,28804061629016,336
basic_appreq,1522114,28804063197925,336
basic_appreq,2504779,28804065738269,336
basic_appreq,1143217,28804066917323,336
basic_appreq,1644424,28804068618110,336
basic_appreq,2420113,28804071077863,336
basic_appreq,2382175,28804073497408,336
basic_appreq,604486,28804074144526,336
basic_appreq,2525267,28804076704588,336
basic_appreq,2168407,28804078912086,336
basic_appreq,2163497,28804081113182,336
basic_appreq,2040648,28804083200226,336
basic_appreq,1466173,28804084710245,336
basic_appreq,2319760,28804087069247,336
basic_appreq,2754303,28804089859147,336
basic_appreq,1983138,28804091890444,336
basic_appreq,1486290,28804093416064,336
basic_appreq,2012993,28804095467637,336
basic_appreq,2253041,28804097756255,336
basic_appreq,1542450,28804099347674,336
basic_appreq,2426404,28804101809453,336
basic_appreq,2470168,28804104318956,336
basic_appreq,1390843,28804105753189,336
basic_appreq,2283067,28804108077954,336
basic_appreq,2312316,28804110443108,336
basic_appreq,2429967,28804112909700,336
basic_appreq,2508309,28804115454488,336
basic_appreq,1532430,28804117022308,336
basic_appreq,1790663,28804118858578,336
basic_appreq,2452080,28804121356020,336
basic_appreq,1992882,28804123395672,336
basic_appreq,1374794,28804124814591,336
basic_appreq,1886623,28804126742183,336
basic_appreq,1974852,28804128758320,336
basic_appreq,2308133,28804131106368,336
basic_appreq,1862724,28804133009852,336
basic_appreq,2035759,28804135088942,336
basic_appreq,2476167,28804137600628,336
basic_appreq,2085368,28804139721933,336
basic_appreq,1262016,28804141028325,336
basic_appreq,1548360,28804142623861,336
basic_appreq,2239369,28804144897214,336
basic_appreq,2003683,28804146935777,336
basic_appreq,2210489,28804149180270,336
basic_appreq,2400349,28804151622663,336
basic_appreq,2124809,28804153783170,336
basic_appreq,1863784,28804155693810,336
basic_appreq,1939504,28804157677502,336
basic_appreq,1824094,28804159541580,336
basic_appreq,2137754,28804161718392,336
basic_appreq,2674436,28804164428062,336
basic_appreq,1880836,28804166344560,336
basic_appreq,2261339,28804168642718,336
basic_appreq,1405759,28804170094922,336
basic_appreq,2283736,28804172419195,336
basic_appreq,2789997,28804175261095,336
basic_appreq,2102507,28804177401289,336
basic_appreq,1962623,28804179414009,336
basic_appreq,1661330,28804181119893,336
basic_appreq,2281296,28804183441614,336
basic_appreq,2380235,28804185862912,336
basic_appreq,1438120,28804187347075,336
basic_appreq,2378185,28804189761206,336
basic_appreq,2058820,28804191859666,336
basic_appreq,1235221,28804193140280,336
basic_appreq,1742133,28804194919397,336
basic_appreq,2341908,28804197296055,336
basic_appreq,2441840,28804199780813,336
basic_appreq,1441267,28804201260835,336
basic_appreq,2194759,28804203502783,336
basic_appreq,1240186,28804204784275,336
basic_appreq,2070580,28804206896760,336
basic_appreq,2350294,28804209298861,336
basic_appreq,1949102,28804211293485,336
basic_appreq,2141826,28804213472882,336
basic_appreq,2027509,28804215540399,336
basic_appreq,2377531,28804217952216,336
basic_appreq,1808451,28804219797721,336
basic_appreq,1972686,28804221805055,336
basic_appreq,1610916,28804223458663,336
basic_appreq,2443665,28804225942489,336
basic_appreq,2255387,28804228240251,336
basic_appreq,2614815,28804230901270,336
basic_appreq,2334494,28804233274549,336
basic_appreq,1929008,28804235264274,336
basic_appreq,1570750,28804236891786,336
basic_appreq,2172336,28804239104485,336
basic_appreq,2347953,28804241493362,336
basic_appreq,2638212,28804244175665,336
basic_appreq,1969097,28804246184020,336
basic_appreq,1905708,28804248129462,336
basic_appreq,1538474,28804249707263,336
basic_appreq,2292083,28804252034095,336
basic_appreq,1573086,28804253657297,336
basic_appreq,1718508,28804255419342,336
basic_appreq,2063031,28804257519780,336
basic_appreq,2160267,28804259729363,336
basic_appreq,1638827,28804261411850,336
basic_appreq,2235919,28804263686726,336
basic_appreq,1765969,28804265492208,336
basic_appreq,2215376,28804267743719,336
basic_appreq,1715917,28804269499715,336
basic_appreq,2027520,28804271562930,336
basic_appreq,1659101,28804273259818,336
basic_appreq,2176551,28804275473442,336
basic_appreq,2221782,28804277745440,336
basic_appreq,2338019,28804280130346,336
basic_appreq,2319217,28804282489467,336
basic_appreq,1873286,28804284407244,336
basic_appreq,2870652,28804287324529,336
basic_appreq,2260989,28804289625605,336
basic_appreq,2237507,28804291902044,336
basic_appreq,2018326,28804293963903,336
basic_appreq,1429914,28804295440410,336
basic_appreq,2002085,28804297482082,336
basic_appreq,2034830,28804299557153,336
basic_appreq,2179849,28804301778860,336
basic_appreq,2256766,28804304074841,336
basic_appreq,2327406,28804306444053,336
basic_appreq,2660282,28804309149358,336
basic_appreq,1553135,28804310747519,336
basic_appreq,1844382,28804312635493,336
basic_appreq,2494131,28804315172706,336
basic_appreq,1544131,28804316760187,336
basic_appreq,2403885,28804319201692,336
basic_appreq,2286021,28804321528568,336
basic_appreq,2255847,28804323831425,336
basic_appreq,2369003,28804326240445,336
basic_appreq,1465350,28804327752935,336
basic_appreq,1726259,28804329522689,336
basic_appreq,2411378,28804331972206,336
basic_appreq,2431285,28804334460574,336
basic_appreq,1543773,28804336051062,336
basic_appreq,2331141,28804338419440,336
basic_appreq,2116827,28804340589239,336
basic_appreq,2470387,28804343103737,336
basic_appreq,1362508,28804344509777,336
basic_appreq,2358476,28804346908137,336
basic_appreq,2016592,28804348962217,336
basic_appreq,2153396,28804351152700,336
basic_appreq,2423898,28804353615822,336
basic_appreq,2591879,28804356261559,336
basic_appreq,1955775,28804358260737,336
basic_appreq,1406521,28804359715368,336
basic_appreq,2061636,28804361812172,336
basic_appreq,2309906,28804364160914,336
basic_appreq,1350517,28804365554396,336
basic_appreq,2105943,28804367700308,336
basic_appreq,2573724,28804370317612,336
basic_appreq,2435453,28804372790914,336
basic_appreq,1466136,28804374299938,336
basic_appreq,1836015,28804376171840,336
basic_appreq,2180969,28804378393736,336
basic_appreq,2332133,28804380764466,336
basic_appreq,2040754,28804382845543,336
basic_appreq,1318216,28804384205763,336
basic_appreq,1702312,28804385953584,336
basic_appreq,2066676,28804388057331,336
basic_appreq,1938187,28804390036768,336
basic_appreq,2502099,28804392576964,336
basic_appreq,1372048,28804393989405,336
basic_appreq,2083538,28804396109406,336
basic_appreq,2361173,28804398518617,336
basic_appreq,1627676,28804400185061,336
basic_appreq,2104114,28804402336777,336
basic_appreq,2122743,28804404494438,336
basic_appreq,2484183,28804407024810,336
basic_appreq,1393384,28804408466061,336
basic_appreq,1594634,28804410106888,336
basic_appreq,2243807,28804412388272,336
basic_appreq,2405533,28804414836154,336
basic_appreq,1420120,28804416293832,336
basic_appreq,1869606,28804418200476,336
basic_appreq,1721919,28804419959565,336
basic_appreq,2200032,28804422196303,336
basic_appreq,2014207,28804424248998,336
basic_appreq,2068372,28804426354216,336
basic_appreq,1786803,28804428176391,336
basic_appreq,2022689,28804430234091,336
basic_appreq,2220956,28804432490725,336
basic_appreq,2312852,28804434840529,336
basic_appreq,2225600,28804437103437,336
basic_appreq,1992748,28804439136671,336
basic_appreq,2268295,28804441442275,336
basic_appreq,1517569,28804443005625,336
basic_appreq,1699523,28804444747013,336
basic_appreq,2022928,28804446814331,336
basic_appreq,2492555,28804449379062,336
basic_appreq,1642777,28804451068280,336
basic_appreq,1443792,28804452551668,336
basic_appreq,2271293,28804454860934,336
basic_appreq,1432822,28804456332911,336
basic_appreq,2108857,28804458479050,336
basic_appreq,2610951,28804461124755,336
basic_appreq,2698991,28804463861703,336
basic_appreq,1644744,28804465550366,336
basic_appreq,1950142,28804467547565,336
basic_appreq,2523859,28804470114820,336
basic_appreq,2398443,28804472554084,336
basic_appreq,1684669,28804474281400,336
basic_appreq,1986014,28804476306707,336
basic_appreq,2240924,28804478586543,336
basic_appreq,1523758,28804480154475,336
basic_appreq,1727484,28804481938345,336
basic_appreq,2488295,28804484461760,336
basic_appreq,2382397,28804486897273,336
basic_appreq,1738534,28804488677340,336
basic_appreq,1825953,28804490549296,336
basic_appreq,1685796,28804492271949,336
basic_appreq,1575376,28804493890676,336
basic_appreq,2134571,28804496066390,336
basic_appreq,2491862,28804498599275,336
basic_appreq,2055935,28804500694570,336
basic_appreq,2242237,28804502974438,336
basic_appreq,1859918,28804504879190,336
basic_appreq,2443974,28804507368890,336
basic_appreq,1220397,28804508633036,336
basic_appreq,2387978,28804511062991,336
basic_appreq,1889015,28804512988823,336
basic_appreq,1859675,28804514886554,336
basic_appreq,2529833,28804517452305,336
basic_appreq,1768426,28804519271568,336
basic_appreq,1711044,28804521020166,336
basic_appreq,2090457,28804523154619,336
basic_appreq,1813712,28804525006017,336
basic_appreq,2379230,28804527438335,336
basic_appreq,2638149,28804530120989,336
basic_appreq,939015,28804531101541,336
basic_appreq,1827194,28804532971321,336
basic_appreq,2070448,28804535086922,336
basic_appreq,2537176,28804537665058,336
basic_appreq,2560445,28804540265187,336
basic_appreq,1384868,28804541694004,336
basic_appreq,1436286,28804543173550,336
basic_appreq,1990777,28804545198585,336
basic_appreq,1594487,28804546832051,336
basic_appreq,1873952,28804548743326,336
basic_appreq,1591758,28804550370534,336
basic_appreq,2031439,28804552434038,336
basic_appreq,2104087,28804554576207,336
basic_appreq,2310360,28804556920978,336
basic_appreq,928886,28804557889103,336
basic_appreq,2188385,28804560114787,336
basic_appreq,2490158,28804562642879,336
basic_appreq,1057113,28804563738157,336
basic_appreq,1891115,28804565669999,336
basic_appreq,2098404,28804567811501,336
basic_appreq,2276696,28804570138021,336
basic_appreq,2061330,28804572241061,336
basic_appreq,1608164,28804573890748,336
basic_appreq,2003485,28804575934191,336
basic_appreq,1872149,28804577843689,336
basic_appreq,1878200,28804579759149,336
basic_appreq,1780759,28804581573011,336
basic_appreq,2382635,28804583992106,336
basic_appreq,1446297,28804585500410,336
basic_appreq,1982901,28804587523619,336
basic_appreq,2077443,28804589641290,336
basic_appreq,2083571,28804591774440,336
basic_appreq,2036588,28804593850417,336
basic_appreq,2161354,28804596061300,336
basic_appreq,2023304,28804598123931,336
basic_appreq,1825664,28804599992760,336
basic_appreq,2013488,28804602070183,336
basic_appreq,2001301,28804604123950,336
basic_appreq,1616844,28804605784723,336
basic_appreq,2634722,28804608455392,336
basic_appreq,2071741,28804610562589,336
basic_appreq,2278559,28804612875135,336
basic_appreq,1532117,28804614447468,336
basic_appreq,2140111,28804616625278,336
basic_appreq,1364719,28804618029551,336
basic_appreq,2049637,28804620114130,336
basic_appreq,1865250,28804622031529,336
basic_appreq,1956573,28804624023022,336
basic_appreq,2613944,28804626674256,336
basic_appreq,1247236,28804627966487,336
basic_appreq,2160948,28804630204146,336
basic_appreq,2190223,28804632433915,336
basic_appreq,2250967,28804634728853,336
basic_appreq,1870662,28804636636525,336
basic_appreq,2355408,28804639031284,336
basic_appreq,1313594,28804640386292,336
basic_appreq,2259189,28804642690735,336
basic_appreq,2370639,28804645104955,336
basic_appreq,2386538,28804647537973,336
basic_appreq,1556434,28804649133293,336
basic_appreq,1829323,28804651006064,336
basic_appreq,2071220,28804653131759,336
basic_appreq,2947421,28804656120603,336
basic_appreq,1933786,28804658109873,336
basic_appreq,2591405,28804660737548,336
basic_appreq,2349857,28804663123802,336
basic_appreq,2535948,28804665695454,336
basic_appreq,1266403,28804667006854,336
basic_appreq,1752909,28804668803160,336
basic_appreq,2083996,28804670927706,336
basic_appreq,2457236,28804673424042,336
basic_appreq,2049849,28804675512802,336
basic_appreq,2311239,28804677867980,336
basic_appreq,1406026,28804679321421,336
basic_appreq,2291388,28804681654923,336
basic_appreq,1733171,28804683438637,336
basic_appreq,1836036,28804685318559,336
basic_appreq,2168659,28804687533391,336
basic_appreq,1780268,28804689352646,336
basic_appreq,2670593,28804692063213,336
basic_appreq,2585551,28804694686345,336
basic_appreq,2334266,28804697055059,336
basic_appreq,1511007,28804698607949,336
basic_appreq,2171193,28804700813286,336
basic_appreq,1136954,28804701989407,336
basic_appreq,1669324,28804703698475,336
basic_appreq,2275210,28804706011080,336
basic_appreq,1799111,28804707864463,336
basic_appreq,2311588,28804710213831,336
basic_appreq,2713665,28804712968796,336
basic_appreq,1892278,28804714906152,336
basic_appreq,1720387,28804716670354,336
basic_appreq,2281142,28804718996970,336
basic_appreq,2449790,28804721486745,336
basic_appreq,2287415,28804723827765,336
basic_appreq,1475124,28804725346314,336
basic_appreq,1968962,28804727351108,336
basic_appreq,2050890,28804729436784,336
basic_appreq,1741909,28804731216236,336
basic_appreq,1931496,28804733184802,336
basic_appreq,2051869,28804735275238,336
basic_appreq,2346103,28804737658659,336
basic_appreq,1365535,28804739069089,336
basic_appreq,1444897,28804740558092,336
basic_appreq,2241431,28804742841047,336
basic_appreq,1800798,28804744683240,336
basic_appreq,1851543,28804746583096,336
basic_appreq,2267896,28804748888918,336
basic_appreq,2552726,28804751483400,336
basic_appreq,1716439,28804753241447,336
basic_appreq,2070547,28804755351715,336
basic_appreq,1558455,28804756951673,336
basic_appreq,2107589,28804759103072,336
basic_appreq,2380755,28804761527478,336
basic_appreq,1288190,28804762854554,336
basic_appreq,2389779,28804765278434,336
basic_appreq,2429807,28804767750181,336
basic_appreq,2107090,28804769893328,336
basic_appreq,2163529,28804772095959,336
basic_appreq,1796414,28804773939122,336
basic_appreq,1868017,28804775846558,336
basic_appreq,2247480,28804778131718,336
basic_appreq,1973372,28804780142098,336
basic_appreq,2684534,28804782865024,336
basic_appreq,962314,28804783866645,336
basic_appreq,1943456,28804785848883,336
basic_appreq,2075061,28804787960583,336
basic_appreq,1821114,28804789817861,336
basic_appreq,1513839,28804791368283,336
basic_appreq,2075402,28804793483439,336
basic_appreq,2153950,28804795672627,336
basic_appreq,2361034,28804798068764,336
basic_appreq,1390977,28804799506263,336
basic_appreq,2167654,28804801713347,336
basic_appreq,2380189,28804804140215,336
basic_appreq,1900741,28804806088485,336
basic_appreq,2317233,28804808447089,336
basic_appreq,1588446,28804810079257,336
basic_appreq,1646454,28804811768347,336
basic_appreq,2059755,28804813871584,336
basic_appreq,2395041,28804816306609,336
basic_appreq,2422332,28804818767706,336
basic_appreq,1908521,28804820714509,336
basic_appreq,1477853,28804822239997,336
basic_appreq,2062302,28804824340573,336
basic_appreq,2041387,28804826422447,336
basic_appreq,1590675,28804828058256,336
basic_appreq,1781121,28804830082210,336
basic_appreq,2322849,28804832444920,336
basic_appreq,2232621,28804834719480,336
basic_appreq,761048,28804835523738,336
basic_appreq,2182295,28804837737904,336
basic_appreq,2440459,28804840214926,336
basic_appreq,1626768,28804841881922,336
basic_appreq,1885890,28804843811849,336
basic_appreq,2454051,28804846309188,336
basic_appreq,2192561,28804848555287,336
basic_appreq,1962685,28804850554376,336
basic_appreq,2021881,28804852615497,336
basic_appreq,2293112,28804854945899,336
basic_appreq,1943049,28804856928618,336
basic_appreq,1548888,28804858523031,336
basic_appreq,2457650,28804861021267,336
basic_appreq,2222994,28804863281222,336
basic_appreq,2105255,28804865423286,336
basic_appreq,2161132,28804867648229,336
basic_appreq,1234120,28804868927128,336
basic_appreq,2406653,28804871375504,336
basic_appreq,2255292,28804873665241,336
basic_appreq,1326381,28804875049205,336
basic_appreq,2224535,28804877308618,336
basic_appreq,1654795,28804879010364,336
basic_appreq,2376398,28804881419952,336
basic_appreq,2300324,28804883776320,336
basic_appreq,2595232,28804886415512,336
basic_appreq,2010368,28804888468897,336
basic_appreq,1989243,28804890505916,336
basic_appreq,1715067,28804892265073,336
basic_appreq,2266260,28804894573909,336
basic_appreq,2387349,28804897012519,336
basic_appreq,2310090,28804899361128,336
basic_appreq,2044557,28804901442035,336
basic_appreq,2310035,28804903794278,336
basic_appreq,648903,28804904486354,336
basic_appreq,2336273,28804906857575,336
basic_appreq,2006378,28804908912288,336
basic_appreq,2520827,28804911473872,336
basic_appreq,2043011,28804913555314,336
basic_appreq,2101784,28804915700934,336
basic_appreq,2618770,28804918375111,336
basic_appreq,1124172,28804919545872,336
basic_appreq,1525761,28804921115126,336
basic_appreq,1941396,28804923095663,336
basic_appreq,1965989,28804925097937,336
basic_appreq,1983398,28804927119988,336
basic_appreq,2180992,28804929337595,336
basic_appreq,2185133,28804931563567,336
basic_appreq,2581284,28804934181370,336
basic_appreq,2433730,28804936654073,336
basic_appreq,1327008,28804938023851,336
basic_appreq,1616994,28804939678153,336
basic_appreq,2061399,28804941775697,336
basic_appreq,2701535,28804944520210,336
basic_appreq,2852721,28804947430764,336
basic_appreq,1181329,28804948651449,336
basic_appreq,1858319,28804950554659,336
basic_appreq,2191850,28804952785264,336
basic_appreq,2221564,28804955044304,336
basic_appreq,1450499,28804956538509,336
basic_appreq,2216750,28804958795950,336
basic_appreq,1802530,28804960640518,336
basic_appreq,2225526,28804962908739,336
basic_appreq,2307767,28804965254120,336
basic_appreq,2011409,28804967305756,336
basic_appreq,1733818,28804969076730,336
basic_appreq,1916394,28804971031164,336
basic_appreq,1936729,28804973003522,336
basic_appreq,1822862,28804974864714,336
basic_appreq,2344109,28804977248752,336
basic_appreq,1467335,28804978766726,336
basic_appreq,2530081,28804981338264,336
basic_appreq,1265604,28804982650654,336
basic_appreq,1754566,28804984448644,336
basic_appreq,2015429,28804986502781,336
basic_appreq,2159486,28804988698037,336
basic_appreq,2526324,28804991265869,336
basic_appreq,2442010,28804993758663,336
basic_appreq,1664291,28804995464381,336
basic_appreq,1930009,28804997437889,336
basic_appreq,2134531,28804999614428,336
basic_appreq,1610317,28805001267989,336
basic_appreq,2438998,28805003752519,336
basic_appreq,1754922,28805005546998,336
basic_appreq,2205849,28805007790449,336
basic_appreq,2309999,28805010144718,336
basic_appreq,1387235,28805011575866,336
basic_appreq,2173273,28805013792594,336
basic_appreq,2589259,28805016423588,336
basic_appreq,1926760,28805018388529,336
basic_appreq,2535904,28805020964293,336
basic_appreq,2085089,28805023103109,336
basic_appreq,2167825,28805025314726,336
basic_appreq,1587144,28805026948851,336
basic_appreq,2012845,28805028998005,336
basic_appreq,1965389,28805031005550,336
basic_appreq,1776977,28805032826332,336
basic_appreq,2260378,28805035140261,336
basic_appreq,1967520,28805037151497,336
basic_appreq,2300760,28805039488975,336
basic_appreq,2121435,28805041645370,336
basic_appreq,2309709,28805043994615,336
basic_appreq,1210857,28805045279304,336
basic_appreq,1981074,28805047303917,336
basic_appreq,1998106,28805049339132,336
basic_appreq,2155361,28805051533395,336
basic_appreq,2406724,28805053978584,336
basic_appreq,1718982,28805055739868,336
basic_appreq,2280145,28805058057345,336
basic_appreq,2471513,28805060567604,336
basic_appreq,1934553,28805062541067,336
basic_appreq,2045077,28805064626085,336
basic_appreq,2582011,28805067245950,336
basic_appreq,1335840,28805068626425,336
basic_appreq,1643185,28805070317455,336
basic_appreq,2275378,28805072628896,336
basic_appreq,2186517,28805074861043,336
basic_appreq,1524895,28805076429927,336
basic_appreq,1942745,28805078415254,336
basic_appreq,2157116,28805080623617,336
basic_appreq,2447732,28805083118570,336
basic_appreq,1971537,28805085130522,336
basic_appreq,1832291,28805087010358,336
basic_appreq,2041837,28805089087315,336
basic_appreq,2282476,28805091406911,336
basic_appreq,2284003,28805093725881,336
basic_appreq,1864271,28805095628751,336
basic_appreq,2036678,28805097703906,336
basic_appreq,2229974,28805099970953,336
basic_appreq,1295650,28805101338590,336
basic_appreq,1736706,28805103116328,336
basic_appreq,2246423,28805105401804,336
basic_appreq,2150828,28805107589839,336
basic_appreq,1309705,28805108943628,336
basic_appreq,1798361,28805110779493,336
basic_appreq,2272868,28805113087245,336
basic_appreq,2040742,28805115178354,336
basic_appreq,2374946,28805117597391,336
basic_appreq,1337645,28805118981470,336
basic_appreq,2022457,28805121048970,336
basic_appreq,1705915,28805122802159,336
basic_appreq,2344534,28805125190283,336
basic_appreq,1390229,28805126625697,336
basic_appreq,2115294,28805128775393,336
basic_appreq,1925286,28805130735913,336
basic_appreq,1990509,28805132760979,336
basic_appreq,2607870,28805135404230,336
basic_appreq,2231272,28805137670160,336
basic_appreq,1499269,28805139216303,336
basic_appreq,2109957,28805141362042,336
basic_appreq,2263463,28805143668277,336
basic_appreq,1574985,28805145298257,336
basic_appreq,1925745,28805147262401,336
basic_appreq,2423182,28805149721641,336
basic_appreq,2310276,28805152071412,336
basic_appreq,1854739,28805153964356,336
basic_appreq,1443041,28805155460036,336
basic_appreq,2854073,28805158354026,336
basic_appreq,2354737,28805160745145,336
basic_appreq,1824317,28805162607116,336
basic_appreq,1980620,28805164625539,336
basic_appreq,1595879,28805166268061,336
basic_appreq,2219720,28805168524403,336
basic_appreq,2151343,28805170721140,336
basic_appreq,2108999,28805172868307,336
basic_appreq,1982478,28805174898018,336
basic_appreq,2337389,28805177279236,336
basic_appreq,1083570,28805178408289,336
basic_appreq,1748689,28805180200345,336
basic_appreq,2006321,28805182242930,336
basic_appreq,2100257,28805184378448,336
basic_appreq,2438569,28805186861548,336
basic_appreq,2342026,28805189238216,336
basic_appreq,2345979,28805191629884,336
basic_appreq,2190738,28805193861854,336
basic_appreq,1726183,28805195628858,336
basic_appreq,2089550,28805197755909,336
basic_appreq,2038671,28805199843029,336
basic_appreq,1379052,28805201261309,336
basic_appreq,2060279,28805203364514,336
basic_appreq,2053836,28805205462512,336
basic_appreq,1623230,28805207127272,336
basic_appreq,2005693,28805209172807,336
basic_appreq,2244177,28805211462144,336
basic_appreq,1606371,28805213117800,336
basic_appreq,1994540,28805215149443,336
basic_appreq,2012960,28805217197593,336
basic_appreq,2251531,28805219494279,336
basic_appreq,1613546,28805221151389,336
basic_appreq,2127959,28805223329818,336
basic_appreq,2362568,28805225728324,336
basic_appreq,1832947,28805227607324,336
basic_appreq,1596875,28805229241902,336
basic_appreq,2018851,28805231304941,336
basic_appreq,2249847,28805233600495,336
basic_appreq,2348104,28805235995884,336
basic_appreq,1963702,28805238030249,336
basic_appreq,1456999,28805239526130,336
basic_appreq,2060957,28805241627842,336
basic_appreq,2261004,28805243936057,336
basic_appreq,1638342,28805245618866,336
basic_appreq,2264669,28805247921080,336
basic_appreq,1780889,28805249738971,336
basic_appreq,1996941,28805251771703,336
basic_appreq,2315776,28805254130307,336
basic_appreq,1800683,28805255969915,336
basic_appreq,2510190,28805258535913,336
basic_appreq,2189109,28805260762206,336
basic_appreq,2293110,28805263099681,336
basic_appreq,1799801,28805264934070,336
basic_appreq,2015228,28805266985046,336
basic_appreq,2376059,28805269394493,336
basic_appreq,1771152,28805271203453,336
basic_appreq,2427335,28805273666963,336
basic_appreq,1840155,28805275552567,336
basic_appreq,2235809,28805277825271,336
basic_appreq,2472993,28805280343343,336
basic_appreq,1004455,28805281393939,336
basic_appreq,1594560,28805283024884,336
basic_appreq,2272732,28805285333056,336
basic_appreq,1296328,28805286675196,336
basic_appreq,2246946,28805288969442,336
basic_appreq,2222810,28805291228076,336
basic_appreq,1495141,28805292768074,336
basic_appreq,2022729,28805294836899,336
basic_appreq,2054329,28805296928822,336
basic_appreq,2246691,28805299210929,336
basic_appreq,1699169,28805300955405,336
basic_appreq,2232468,28805303226749,336
basic_appreq,2272688,28805305537600,336
basic_appreq,2086570,28805307685019,336
basic_appreq,1847883,28805309572881,336
basic_appreq,2282300,28805311894545,336
basic_appreq,1306519,28805313256037,336
basic_appreq,1898055,28805315196903,336
basic_appreq,2102457,28805317335218,336
basic_appreq,2352678,28805319732387,336
basic_appreq,1545961,28805321322535,336
basic_appreq,1888534,28805323257318,336
basic_appreq,2365287,28805325663975,336
basic_appreq,1718625,28805327421873,336
basic_appreq,2256279,28805329719225,336
basic_appreq,1613124,28805331378073,336
basic_appreq,1700337,28805333133873,336
basic_appreq,1714115,28805334888281,336
basic_appreq,2419866,28805337344313,336
basic_appreq,2115115,28805339507754,336
basic_appreq,2513011,28805342073967,336
basic_appreq,1470706,28805343588672,336
basic_appreq,2017806,28805345650006,336
basic_appreq,1620062,28805347316794,336
basic_appreq,3006795,28805350360098,336
basic_appreq,1921432,28805352318961,336
basic_appreq,2550002,28805354906886,336
basic_appreq,2136282,28805357085775,336
basic_appreq,2560141,28805359693018,336
basic_appreq,1026699,28805360756967,336
basic_appreq,1911556,28805362707245,336
basic_appreq,2181179,28805364925545,336
basic_appreq,2509184,28805367470030,336
basic_appreq,2436648,28805369957712,336
basic_appreq,2500412,28805372497124,336
basic_appreq,1726626,28805374265251,336
basic_appreq,2130498,28805376432288,336
basic_appreq,2082031,28805378558470,336
basic_appreq,1685187,28805380287721,336
basic_appreq,1987508,28805382328382,336
basic_appreq,2478521,28805384844233,336
basic_appreq,1981577,28805386865071,336
basic_appreq,1916863,28805388824452,336
basic_appreq,1958353,28805390824799,336
basic_appreq,1560922,28805392425037,336
basic_appreq,2129887,28805394592467,336
basic_appreq,2761834,28805397398246,336
basic_appreq,1968611,28805399406227,336
basic_appreq,1757246,28805401201681,336
basic_appreq,1852731,28805403092240,336
basic_appreq,2668700,28805405802667,336
basic_appreq,2580810,28805408432054,336
basic_appreq,2278171,28805410752443,336
basic_appreq,887292,28805411678830,336
basic_appreq,1727553,28805413445177,336
basic_appreq,2242558,28805415727169,336
basic_appreq,2222697,28805417989806,336
basic_appreq,2383350,28805420415160,336
basic_appreq,1921577,28805422391734,336
basic_appreq,2165413,28805424592089,336
basic_appreq,2080344,28805426720030,336
basic_appreq,2521902,28805429276977,336
basic_appreq,1961703,28805431276790,336
basic_appreq,1965021,28805433285647,336
basic_appreq,1578478,28805434904974,336
basic_appreq,1979001,28805436919895,336
basic_appreq,2280463,28805439243849,336
basic_appreq,1655671,28805440940977,336
basic_appreq,1981840,28805442963484,336
basic_appreq,2345943,28805445347463,336
basic_appreq,1972616,28805447367180,336
basic_appreq,2227268,28805449634322,336
basic_appreq,1317275,28805451000384,336
basic_appreq,2024143,28805453058707,336
basic_appreq,2045605,28805455144791,336
basic_appreq,2350730,28805457533102,336
basic_appreq,1458065,28805459038455,336
basic_appreq,2065880,28805461138923,336
basic_appreq,2118019,28805463293583,336
basic_appreq,1885168,28805465217115,336
basic_appreq,1690258,28805466955488,336
basic_appreq,1897486,28805468893410,336
basic_appreq,2612782,28805471543057,336
basic_appreq,1984594,28805473561078,336
basic_appreq,1982756,28805475581885,336
basic_appreq,1802572,28805477418336,336
basic_appreq,1923963,28805479382029,336
basic_appreq,2550839,28805481972530,336
basic_appreq,1302427,28805483317522,336
basic_appreq,2154527,28805485508259,336
basic_appreq,1473973,28805487022793,336
basic_appreq,2071633,28805489130675,336
basic_appreq,2279304,28805491452770,336
basic_appreq,1427201,28805492923657,336
basic_appreq,1933415,28805494897897,336
basic_appreq,1647638,28805496586082,336
basic_appreq,2259988,28805498907566,336
basic_appreq,1524663,28805500472261,336
basic_appreq,2320577,28805502830735,336
basic_appreq,1802619,28805504677142,336
basic_appreq,1812409,28805506530338,336
basic_appreq,2343140,28805508924505,336
basic_appreq,2539706,28805511500078,336
basic_appreq,1913998,28805513452666,336
basic_appreq,2674373,28805516168837,336
basic_appreq,1389774,28805517606837,336
basic_appreq,2280590,28805519922210,336
basic_appreq,2197392,28805522158981,336
basic_appreq,2071067,28805524271736,336
basic_appreq,2521844,28805526834811,336
basic_appreq,2227509,28805529103016,336
basic_appreq,2532714,28805531683666,336
basic_appreq,1345223,28805533072828,336
basic_appreq,1755047,28805534872978,336
basic_appreq,2211711,28805537120516,336
basic_appreq,2269361,28805539428456,336
basic_appreq,1490851,28805540958443,336
basic_appreq,1860278,28805542866640,336
basic_appreq,1901138,28805544811538,336
basic_appreq,2588220,28805547438869,336
basic_appreq,2105247,28805549580323,336
basic_appreq,2224188,28805551848330,336
basic_appreq,1759957,28805553646934,336
basic_appreq,1974023,28805555661696,336
basic_appreq,2574381,28805558272306,336
basic_appreq,2290564,28805560600099,336
basic_appreq,1405003,28805562054584,336
basic_appreq,2023282,28805564117871,336
basic_appreq,1701369,28805565861405,336
basic_appreq,1803485,28805567708471,336
basic_appreq,1933698,28805569681178,336
basic_appreq,2375525,28805572091419,336
basic_appreq,2091519,28805574222519,336
basic_appreq,2451651,28805576714592,336
basic_appreq,1613652,28805578369042,336
basic_appreq,1315959,28805579728822,336
basic_appreq,2233318,28805582000633,336
basic_appreq,2150886,28805584193782,336
basic_appreq,1622521,28805585860397,336
basic_appreq,2323553,28805588222278,336
basic_appreq,1687354,28805589966767,336
basic_appreq,2175078,28805592177518,336
basic_appreq,2736909,28805594956176,336
basic_appreq,1965229,28805596958919,336
basic_appreq,1444797,28805598448882,336
basic_appreq,2203214,28805600685460,336
basic_appreq,1904468,28805602638212,336
basic_appreq,1997027,28805604678979,336
basic_appreq,1938025,28805606657061,336
basic_appreq,2099325,28805608793973,336
basic_appreq,2022293,28805610857516,336
basic_appreq,1933153,28805612829674,336
basic_appreq,2075713,28805614945606,336
basic_appreq,1776888,28805616760025,336
basic_appreq,1676246,28805618473632,336
basic_appreq,2053808,28805620566493,336
basic_appreq,2547200,28805623167025,336
basic_appreq,1650137,28805624870720,336
basic_appreq,1466836,28805626385161,336
basic_appreq,1535541,28805627959322,336
basic_appreq,2078835,28805630076443,336
basic_appreq,2542574,28805632658231,336
basic_appreq,2067920,28805634769071,336
basic_appreq,1472494,28805636285224,336
basic_appreq,1849882,28805638182081,336
basic_appreq,2025829,28805640251267,336
basic_appreq,2489534,28805642777339,336
basic_appreq,2031623,28805644849513,336
basic_appreq,2067459,28805646956538,336
basic_appreq,1616651,28805648624973,336
basic_appreq,1763066,28805650431193,336
basic_appreq,2157930,28805652625662,336
basic_appreq,1551147,28805654219227,336
basic_appreq,2445623,28805656702594,336
basic_appreq,2626561,28805659375233,336
basic_appreq,1256007,28805660676596,336
basic_appreq,1703252,28805662432693,336
basic_appreq,2486950,28805664953402,336
basic_appreq,2295984,28805667284735,336
basic_appreq,1454593,28805668782427,336
basic_appreq,1949391,28805670767012,336
basic_appreq,1972020,28805672778835,336
basic_appreq,2352533,28805675167292,336
basic_appreq,1463432,28805676674373,336
basic_appreq,1984878,28805678716100,336
basic_appreq,2284456,28805681044151,336
basic_appreq,2350910,28805683443277,336
basic_appreq,1913926,28805685396330,336
basic_appreq,2113398,28805687550682,336
basic_appreq,2469642,28805690064343,336
basic_appreq,1679806,28805691804848,336
basic_appreq,2193789,28805694036383,336
basic_appreq,2436195,28805696514854,336
basic_appreq,1521043,28805698077041,336
basic_appreq,2550044,28805700662711,336
basic_appreq,2432987,28805703132894,336
basic_appreq,2044820,28805705223050,336
basic_appreq,2243652,28805707508607,336
basic_appreq,1874670,28805709427324,336
basic_appreq,1458177,28805710947616,336
basic_appreq,1917786,28805712902262,336
basic_appreq,1990576,28805714933774,336
basic_appreq,2431768,28805717400857,336
basic_appreq,1500167,28805718947927,336
basic_appreq,2475217,28805721459076,336
basic_appreq,2132867,28805723630744,336
basic_appreq,2050207,28805725726816,336
basic_appreq,2010396,28805727783565,336
basic_appreq,1937600,28805729760503,336
basic_appreq,2165651,28805731963249,336
basic_appreq,2106540,28805734135361,336
basic_appreq,1843904,28805736022695,336
basic_appreq,2304743,28805738370953,336
basic_appreq,2518219,28805740924861,336
basic_appreq,1921277,28805742887951,336
basic_appreq,2337681,28805745263269,336
basic_appreq,1571998,28805746880723,336
basic_appreq,1684459,28805748602172,336
basic_appreq,2397190,28805751041133,336
basic_appreq,1827094,28805752907646,336
basic_appreq,1855622,28805754810146,336
basic_appreq,2349637,28805757196165,336
basic_appreq,1913785,28805759157853,336
basic_appreq,2189277,28805761393298,336
basic_appreq,1088799,28805762537202,336
basic_appreq,2177421,28805764750456,336
basic_appreq,1891720,28805766688786,336
basic_appreq,2110085,28805768834372,336
basic_appreq,1965412,28805770838061,336
basic_appreq,2369629,28805773243426,336
basic_appreq,1892513,28805775175527,336
basic_appreq,2297465,28805777510757,336
basic_appreq,2054345,28805779611396,336
basic_appreq,1672696,28805781320506,336
basic_appreq,1807147,28805783166622,336
basic_appreq,1587031,28805784790804,336
basic_appreq,1612901,28805786445809,336
basic_appreq,1986696,28805788467356,336
basic_appreq,1934462,28805790445901,336
basic_appreq,1496821,28805791987249,336
basic_appreq,1675945,28805793729321,336
basic_appreq,2743903,28805796513564,336
basic_appreq,2086908,28805798640914,336
basic_appreq,2536089,28805801217758,336
basic_appreq,1616569,28805802885216,336
basic_appreq,2297055,28805805229308,336
basic_appreq,1286047,28805806554502,336
basic_appreq,1986188,28805808575955,336
basic_appreq,1768018,28805810382931,336
basic_appreq,1925219,28805812342437,336
basic_appreq,2165159,28805814560911,336
basic_appreq,1963604,28805816579756,336
basic_appreq,1121451,28805817748378,336
basic_appreq,1625318,28805819412816,336
basic_appreq,2382288,28805821831242,336
basic_appreq,2275059,28805824159704,336
basic_appreq,2395585,28805826594606,336
basic_appreq,1341667,28805827980220,336
basic_appreq,1568138,28805829616927,336
basic_appreq,2846623,28805832505540,336
basic_appreq,1969260,28805834516765,336
basic_appreq,1795985,28805836353853,336
basic_appreq,2054208,28805838444101,336
basic_appreq,2284149,28805840769936,336
basic_appreq,2456579,28805843266174,336
basic_appreq,1519648,28805844829558,336
basic_appreq,1693548,28805846568792,336
basic_appreq,2438077,28805849044644,336
basic_appreq,2145889,28805851236424,336
basic_appreq,2796538,28805854076511,336
basic_appreq,2233751,28805856352865,336
basic_appreq,2292834,28805858699537,336
basic_appreq,2441063,28805861184194,336
basic_appreq,1642602,28805862875253,336
basic_appreq,1877817,28805864797157,336
basic_appreq,2293095,28805867137904,336
basic_appreq,2036822,28805869216312,336
basic_appreq,2172844,28805871434018,336
basic_appreq,2313384,28805873791225,336
basic_appreq,1845807,28805875680062,336
basic_appreq,2125290,28805877839769,336
basic_appreq,2021532,28805879897404,336
basic_appreq,2093423,28805882042032,336
basic_appreq,1947215,28805884028001,336
basic_appreq,1967989,28805886036442,336
basic_appreq,2007040,28805888080661,336
basic_appreq,2167497,28805890287336,336
basic_appreq,2293626,28805892621571,336
basic_appreq,1731095,28805894391677,336
basic_appreq,2745064,28805897177166,336
basic_appreq,1485315,28805898708435,336
basic_appreq,1805070,28805900557320,336
basic_appreq,1948548,28805902548310,336
basic_appreq,2135429,28805904727308,336
basic_appreq,1543186,28805906313160,336
basic_appreq,2355517,28805908704778,336
basic_appreq,2320814,28805911065020,336
basic_appreq,2407428,28805913509398,336
basic_appreq,1645410,28805915209451,336
basic_appreq,2046886,28805917294092,336
basic_appreq,2559398,28805919897247,336
basic_appreq,2287013,28805922243660,336
basic_appreq,1578734,28805923869118,336
basic_appreq,2406286,28805926319275,336
basic_appreq,2222003,28805928580644,336
basic_appreq,2082075,28805930700977,336
basic_appreq,2015436,28805932757025,336
basic_appreq,2389380,28805935191671,336
basic_appreq,1422363,28805936653955,336
basic_appreq,1930170,28805938635409,336
basic_appreq,2428883,28805941099999,336
basic_appreq,1674279,28805942821227,336
basic_appreq,1692649,28805944557684,336
basic_appreq,1917801,28805946512471,336
basic_appreq,2286909,28805948837176,336
basic_appreq,2433775,28805951309715,336
basic_appreq,2537027,28805953888498,336
basic_appreq,1392408,28805955328171,336
basic_appreq,2177778,28805957548561,336
basic_appreq,1525458,28805959120277,336
basic_appreq,2394588,28805961551588,336
basic_appreq,2484043,28805964079798,336
basic_appreq,1504117,28805965637404,336
basic_appreq,1768847,28805967450411,336
basic_appreq,2752653,28805970243092,336
basic_appreq,2257910,28805972539530,336
basic_appreq,1962323,28805974556996,336
basic_appreq,2150450,28805976742934,336
basic_appreq,2541195,28805979323598,336
basic_appreq,949931,28805980317374,336
basic_appreq,2237745,28805982600181,336
basic_appreq,2072659,28805984706948,336
basic_appreq,2105971,28805986849096,336
basic_appreq,1602492,28805988493010,336
basic_appreq,2413104,28805990949830,336
basic_appreq,2121509,28805993109155,336
basic_appreq,2141009,28805995293996,336
basic_appreq,1883040,28805997218259,336
basic_appreq,2149781,28805999412532,336
basic_appreq,1961334,28806001413294,336
basic_appreq,2053044,28806003522080,336
basic_appreq,1515642,28806005081798,336
basic_appreq,1988919,28806007121165,336
basic_appreq,2016082,28806009174800,336
basic_appreq,2551342,28806011764463,336
basic_appreq,1983851,28806013789393,336
basic_appreq,2293003,28806016126084,336
basic_appreq,1500567,28806017670640,336
basic_appreq,1658945,28806019376945,336
basic_appreq,2543531,28806021959004,336
basic_appreq,2239233,28806024237757,336
basic_appreq,2376253,28806026653851,336
basic_appreq,1828130,28806028518101,336
basic_appreq,1497328,28806030062131,336
basic_appreq,2177043,28806032279021,336
basic_appreq,1487610,28806033814624,336
basic_appreq,2306256,28806036161874,336
basic_appreq,1307512,28806037512058,336
basic_appreq,1784686,28806039340891,336
basic_appreq,2223713,28806041599265,336
basic_appreq,3082018,28806044718856,336
basic_appreq,2142826,28806046901208,336
basic_appreq,1648891,28806048591852,336
basic_appreq,2052149,28806050685663,336
basic_appreq,2003805,28806052734340,336
basic_appreq,2784441,28806055578119,336
basic_appreq,1494581,28806057116385,336
basic_appreq,2219186,28806059381522,336
basic_appreq,1542760,28806060968016,336
basic_appreq,2008288,28806063013157,336
basic_appreq,1885685,28806064937901,336
basic_appreq,1932428,28806066907167,336
basic_appreq,2039245,28806068982875,336
basic_appreq,2532101,28806071558195,336
basic_appreq,1949637,28806073544245,336
basic_appreq,1473366,28806075063597,336
basic_appreq,2201152,28806077300541,336
basic_appreq,2420694,28806079758820,336
basic_appreq,2215080,28806082009954,336
basic_appreq,1775809,28806083828529,336
basic_appreq,2021278,28806085889566,336
basic_appreq,1947800,28806087884326,336
basic_appreq,2089395,28806090017062,336
basic_appreq,2269632,28806092325612,336
basic_appreq,1346508,28806093714172,336
basic_appreq,2117346,28806095872632,336
basic_appreq,1883563,28806097800380,336
basic_appreq,2966517,28806100805686,336
basic_appreq,2474090,28806103317942,336
basic_appreq,1965138,28806105318952,336
basic_appreq,2224640,28806107582885,336
basic_appreq,2062085,28806109683348,336
basic_appreq,1445498,28806111172068,336
basic_appreq,2103536,28806113312081,336
basic_appreq,1961498,28806115320374,336
basic_appreq,2534606,28806117897171,336
basic_appreq,1985270,28806119926053,336
basic_appreq,2321736,28806122289009,336
basic_appreq,1959789,28806124285498,336
basic_appreq,2223740,28806126557468,336
basic_appreq,1642138,28806128243709,336
basic_appreq,2058000,28806130341518,336
basic_appreq,2238674,28806132620248,336
basic_appreq,2013906,28806134686458,336
basic_appreq,2550074,28806137296517,336
basic_appreq,1964961,28806139298774,336
basic_appreq,2489660,28806141832734,336
basic_appreq,1447114,28806143325696,336
basic_appreq,1900469,28806145264396,336
basic_appreq,2376624,28806147680266,336
basic_appreq,1501720,28806149223345,336
basic_appreq,2015782,28806151298980,336
basic_appreq,2104960,28806153443726,336
basic_appreq,1765701,28806155255689,336
basic_appreq,1819067,28806157110964,336
basic_appreq,2623522,28806159776736,336
basic_appreq,2317643,28806162128199,336
basic_appreq,2157136,28806164333317,336
basic_appreq,1467647,28806165838555,336
basic_appreq,1571678,28806167450625,336
basic_appreq,2376095,28806169862207,336
basic_appreq,2438451,28806172344707,336
basic_appreq,2011123,28806174395040,336
basic_appreq,2292774,28806176727394,336
basic_appreq,1118773,28806177896367,336
basic_appreq,2233831,28806180169951,336
basic_appreq,1968718,28806182188668,336
basic_appreq,1830151,28806184056719,336
basic_appreq,2096693,28806186196811,336
basic_appreq,2638032,28806188879798,336
basic_appreq,1866646,28806190789431,336
basic_appreq,1557011,28806192383965,336
basic_appreq,2320276,28806194741930,336
basic_appreq,1695562,28806196475221,336
basic_appreq,2420687,28806198932498,336
basic_appreq,2217903,28806201184906,336
basic_appreq,1754119,28806202986541,336
basic_appreq,2444534,28806205468727,336
basic_appreq,1492706,28806207018799,336
basic_appreq,2021377,28806209084504,336
basic_appreq,2255115,28806211385599,336
basic_appreq,1526935,28806212952267,336
basic_appreq,2537844,28806215527148,336
basic_appreq,1848707,28806217413023,336
basic_appreq,2107642,28806219562129,336
basic_appreq,1932586,28806221530970,336
basic_appreq,1967838,28806223536886,336
basic_appreq,1557301,28806225130655,336
basic_appreq,2036802,28806227205561,336
basic_appreq,1287172,28806228537117,336
basic_appreq,2213713,28806230796778,336
basic_appreq,2611567,28806233451660,336
basic_appreq,1132012,28806234619819,336
basic_appreq,2367017,28806237030594,336
basic_appreq,2671117,28806239749714,336
basic_appreq,2058578,28806241842770,336
basic_appreq,1846751,28806243731086,336
basic_appreq,1847546,28806245620090,336
basic_appreq,2004581,28806247664269,336
basic_appreq,2152183,28806249853683,336
basic_appreq,2536687,28806252430630,336
basic_appreq,2181871,28806254651771,336
basic_appreq,2395106,28806257089023,336
basic_appreq,1574327,28806258709488,336
basic_appreq,1518679,28806260272561,336
basic_appreq,1925752,28806262236533,336
basic_appreq,2232442,28806264508807,336
basic_appreq,1990857,28806266547150,336
basic_appreq,1923878,28806268515247,336
basic_appreq,2063299,28806270618718,336
basic_appreq,1782375,28806272439093,336
basic_appreq,2255409,28806274730295,336
basic_appreq,2283521,28806277047755,336
basic_appreq,2084846,28806279168699,336
basic_appreq,1756504,28806280960796,336
basic_appreq,1947693,28806282948835,336
basic_appreq,1588813,28806284574569,336
basic_appreq,2321363,28806286938707,336
basic_appreq,2206494,28806289189533,336
basic_appreq,2506862,28806291735191,336
basic_appreq,2683542,28806294462810,336
basic_appreq,1945056,28806296451692,336
basic_appreq,1864816,28806298364364,336
basic_appreq,1988150,28806300407570,336
basic_appreq,1647925,28806302098997,336
basic_appreq,2189108,28806304325511,336
basic_appreq,1873607,28806306240913,336
basic_appreq,1640905,28806307926008,336
basic_appreq,2658733,28806310624877,336
basic_appreq,1466423,28806312152618,336
basic_appreq,2473684,28806314669459,336
basic_appreq,1947683,28806316653033,336
basic_appreq,2246308,28806318941922,336
basic_appreq,2434784,28806321413377,336
basic_appreq,2006088,28806323472637,336
basic_appreq,2779558,28806326297086,336
basic_appreq,1700367,28806328042287,336
basic_appreq,1836792,28806329919736,336
basic_appreq,1541648,28806331498356,336
basic_appreq,2363916,28806333901380,336
basic_appreq,1412202,28806335363272,336
basic_appreq,1748919,28806337156253,336
basic_appreq,2521410,28806339721455,336
basic_appreq,2484497,28806342250460,336
basic_appreq,1990833,28806344281877,336
basic_appreq,2683518,28806347008172,336
basic_appreq,1517279,28806348588948,336
basic_appreq,1792841,28806350428276,336
basic_appreq,2387838,28806352859934,336
basic_appreq,1990181,28806354887473,336
basic_appreq,2093834,28806357015697,336
basic_appreq,1900265,28806358962913,336
basic_appreq,1506975,28806360513889,336
basic_appreq,2102696,28806362653723,336
basic_appreq,2289797,28806364985208,336
basic_appreq,2350270,28806367387898,336
basic_appreq,1908944,28806369336326,336
basic_appreq,1500700,28806370874520,336
basic_appreq,2322444,28806373232808,336
basic_appreq,1479603,28806374753114,336
basic_appreq,1743034,28806376533820,336
basic_appreq,1531802,28806378104320,336
basic_appreq,2079488,28806380218640,336
basic_appreq,2031257,28806382296535,336
basic_appreq,2359121,28806384695013,336
basic_appreq,2601701,28806387340222,336
basic_appreq,2063088,28806389439833,336
basic_appreq,1623396,28806391109443,336
basic_appreq,2056391,28806393209428,336
basic_appreq,2576137,28806395828204,336
basic_appreq,1572814,28806397440298,336
basic_appreq,1738016,28806399220908,336
basic_appreq,2274861,28806401534846,336
basic_appreq,1547930,28806403133496,336
basic_appreq,2221894,28806405390595,336
basic_appreq,2183031,28806407609462,336
basic_appreq,1866869,28806409509976,336
basic_appreq,2411954,28806411958233,336
basic_appreq,1917790,28806413916695,336
basic_appreq,1886287,28806415846046,336
basic_appreq,2210468,28806418095640,336
basic_appreq,2450650,28806420581564,336
basic_appreq,2351203,28806422973307,336
basic_appreq,1571995,28806424588938,336
basic_appreq,1814599,28806426447335,336
basic_appreq,2058686,28806428545654,336
basic_appreq,1622700,28806430211451,336
basic_appreq,1968523,28806432216220,336
basic_appreq,2620070,28806434874128,336
basic_appreq,2022688,28806436937707,336
basic_appreq,2487658,28806439472362,336
basic_appreq,1965018,28806441478523,336
basic_appreq,1890023,28806443415693,336
basic_appreq,1942502,28806445400023,336
basic_appreq,1335208,28806446778714,336
basic_appreq,1935848,28806448752592,336
basic_appreq,1986502,28806450783552,336
basic_appreq,2007709,28806452829510,336
basic_appreq,1821424,28806454711866,336
basic_appreq,2822756,28806457578627,336
basic_appreq,2141794,28806459758970,336
basic_appreq,1958140,28806461750983,336
basic_appreq,2399512,28806464199516,336
basic_appreq,1912689,28806466149382,336
basic_appreq,1938447,28806468131682,336
basic_appreq,1537379,28806469714416,336
basic_appreq,2203950,28806471956156,336
basic_appreq,1955984,28806473978379,336
basic_appreq,1704039,28806475725849,336
basic_appreq,2147478,28806477910824,336
basic_appreq,2268301,28806480220218,336
basic_appreq,1762054,28806482030092,336
basic_appreq,2187250,28806484260985,336
basic_appreq,2025838,28806486322414,336
basic_appreq,2459602,28806488820267,336
basic_appreq,2195973,28806491050657,336
basic_appreq,1512816,28806492603489,336
basic_appreq,2038324,28806494686658,336
basic_appreq,2185232,28806496915761,336
basic_appreq,1469804,28806498421166,336
basic_appreq,1970752,28806500427399,336
basic_appreq,2096996,28806502561961,336
basic_appreq,2016078,28806504617746,336
basic_appreq,1979386,28806506638812,336
basic_appreq,2410025,28806509092495,336
basic_appreq,1899843,28806511030094,336
basic_appreq,2245736,28806513316272,336
basic_appreq,2036143,28806515391887,336
basic_appreq,2657947,28806518087692,336
basic_appreq,2428181,28806520553187,336
basic_appreq,1350781,28806521959881,336
basic_appreq,2118786,28806524115681,336
basic_appreq,2403082,28806526562006,336
basic_appreq,1749299,28806528350922,336
basic_appreq,2320721,28806530714130,336
basic_appreq,937764,28806531695830,336
basic_appreq,2106909,28806533846711,336
basic_appreq,2002416,28806535891145,336
basic_appreq,2916051,28806538846381,336
basic_appreq,2511964,28806541400551,336
basic_appreq,2896022,28806544343629,336
basic_appreq,2415459,28806546800373,336
basic_appreq,2001691,28806548839931,336
basic_appreq,2000047,28806550880122,336
basic_appreq,2092646,28806553016749,336
basic_appreq,2288566,28806555344678,336
basic_appreq,987440,28806556385757,336
basic_appreq,1741018,28806558162497,336
basic_appreq,1753566,28806559950545,336
basic_appreq,2032853,28806562069561,336
basic_appreq,2173952,28806564288941,336
basic_appreq,2101586,28806566438061,336
basic_appreq,2084210,28806568568232,336
basic_appreq,1445208,28806570060811,336
basic_appreq,2457877,28806572559691,336
basic_appreq,1425633,28806574035122,336
basic_appreq,2282325,28806576361480,336
basic_appreq,2194790,28806578598302,336
basic_appreq,2365252,28806581003584,336
basic_appreq,2110775,28806583154666,336
basic_appreq,2259287,28806585453147,336
basic_appreq,2171984,28806587682536,336
basic_appreq,1844944,28806589565166,336
basic_appreq,2482874,28806592097025,336
basic_appreq,2249697,28806594400949,336
basic_appreq,2358867,28806596801020,336
basic_appreq,1276166,28806598123230,336
basic_appreq,1731233,28806599895587,336
basic_appreq,2530270,28806602463542,336
basic_appreq,2283428,28806604787640,336
basic_appreq,2006386,28806606835070,336
basic_appreq,2509619,28806609385801,336
basic_appreq,1928265,28806611354486,336
basic_appreq,2144950,28806613539537,336
basic_appreq,2038208,28806615625892,336
basic_appreq,2156615,28806617828190,336
basic_appreq,1388831,28806619263591,336
basic_appreq,2163010,28806621467627,336
basic_appreq,3027961,28806624543234,336
basic_appreq,1545299,28806626127059,336
basic_appreq,2320724,28806628483399,336
basic_appreq,1996304,28806630533980,336
basic_appreq,2060613,28806632634747,336
basic_appreq,1543354,28806634231363,336
basic_appreq,2401801,28806636673121,336
basic_appreq,2299145,28806639016703,336
basic_appreq,1517592,28806640572406,336
basic_appreq,2436037,28806643065419,336
basic_appreq,2480282,28806645581311,336
basic_appreq,2540186,28806648164002,336
basic_appreq,1173264,28806649384003,336
basic_appreq,1976617,28806651405068,336
basic_appreq,2254521,28806653701332,336
basic_appreq,1496797,28806655248304,336
basic_appreq,2084433,28806657370053,336
basic_appreq,2315234,28806659729303,336
basic_appreq,2247274,28806662016121,336
basic_appreq,1988755,28806664051740,336
basic_appreq,1472165,28806665562586,336
basic_appreq,2013737,28806667611150,336
basic_appreq,2598115,28806670252990,336
basic_appreq,1986531,28806672274158,336
basic_appreq,1963928,28806674285655,336
basic_appreq,2371008,28806676701058,336
basic_appreq,1624045,28806678367695,336
basic_appreq,1427849,28806679835555,336
basic_appreq,1878340,28806681755379,336
basic_appreq,1612690,28806683413108,336
basic_appreq,2035519,28806685494104,336
basic_appreq,2250297,28806687782047,336
basic_appreq,1989722,28806689808016,336
basic_appreq,1836702,28806691682794,336
basic_appreq,2130864,28806693849989,336
basic_appreq,2268623,28806696171600,336
basic_appreq,1730750,28806697944941,336
basic_appreq,2229517,28806700211632,336
basic_appreq,1519243,28806701780786,336
basic_appreq,1991255,28806703827798,336
basic_appreq,2277663,28806706144711,336
basic_appreq,2715448,28806708907330,336
basic_appreq,2236655,28806711183054,336
basic_appreq,2340627,28806713565875,336
basic_appreq,1522041,28806715130850,336
basic_appreq,2716255,28806717887089,336
basic_appreq,2300704,28806720228258,336
basic_appreq,2471488,28806722741803,336
basic_appreq,1443220,28806724227448,336
basic_appreq,1860015,28806726129037,336
basic_appreq,1611428,28806727784081,336
basic_appreq,2071622,28806729896737,336
basic_appreq,1986889,28806731920658,336
basic_appreq,1643054,28806733607052,336
basic_appreq,2090589,28806735732743,336
basic_appreq,2585806,28806738352636,336
basic_appreq,1999807,28806740388432,336
basic_appreq,1912761,28806742339063,336
basic_appreq,1483321,28806743856740,336
basic_appreq,1970093,28806745860923,336
basic_appreq,1535502,28806747439208,336
basic_appreq,2051102,28806749529346,336
basic_appreq,1549183,28806751125193,336
basic_appreq,2006159,28806753170241,336
basic_appreq,1822569,28806755036417,336
basic_appreq,2201081,28806757275626,336
basic_appreq,2380392,28806759697665,336
basic_appreq,1624060,28806761360934,336
basic_appreq,2014353,28806763412786,336
basic_appreq,2398443,28806765847500,336
basic_appreq,2240344,28806768132980,336
basic_appreq,1728994,28806769908122,336
basic_appreq,2067175,28806772018783,336
basic_appreq,2415488,28806774492356,336
basic_appreq,1280807,28806775812623,336
basic_appreq,1998976,28806777852501,336
basic_appreq,2071411,28806779965182,336
basic_appreq,2451483,28806782472730,336
basic_appreq,2035346,28806784546264,336
basic_appreq,2298261,28806786882837,336
basic_appreq,2209880,28806789140383,336
basic_appreq,2308499,28806791496072,336
basic_appreq,1538223,28806793078057,336
basic_appreq,1753296,28806794880390,336
basic_appreq,1906455,28806796823195,336
basic_appreq,2408977,28806799268757,336
basic_appreq,2500774,28806801805115,336
basic_appreq,2655630,28806804500274,336
basic_appreq,1663709,28806806207064,336
basic_appreq,1864378,28806808115057,336
basic_appreq,2209602,28806810367020,336
basic_appreq,2267787,28806812674810,336
basic_appreq,1527805,28806814250707,336
basic_appreq,1661631,28806815956227,336
basic_appreq,2200691,28806818196254,336
basic_appreq,2033698,28806820272007,336
basic_appreq,1998942,28806822308866,336
basic_appreq,1986998,28806824330307,336
basic_appreq,2276506,28806826643632,336
basic_appreq,2175231,28806828856232,336
basic_appreq,1800560,28806830695939,336
basic_appreq,2129289,28806832859717,336
basic_appreq,1568400,28806834476577,336
basic_appreq,2043399,28806836556546,336
basic_appreq,1826421,28806838424385,336
basic_appreq,2044294,28806840505643,336
basic_appreq,2206094,28806842751145,336
basic_appreq,1833548,28806844637266,336
basic_appreq,1883364,28806846565186,336
basic_appreq,4698066,28806851302005,336
basic_appreq,2324087,28806853663782,336
basic_appreq,1994457,28806855702843,336
basic_appreq,1806734,28806857552221,336
basic_appreq,2245440,28806859827165,336
basic_appreq,1439968,28806861309607,336
basic_appreq,1676216,28806863026154,336
basic_appreq,2159843,28806865228353,336
basic_appreq,1498187,28806866766969,336
basic_appreq,2071531,28806868877707,336
basic_appreq,2163000,28806871081809,336
basic_appreq,2955559,28806874080016,336
basic_appreq,1869853,28806875992640,336
basic_appreq,1630382,28806877683256,336
basic_appreq,2336539,28806880056570,336
basic_appreq,2080774,28806882178368,336
basic_appreq,1648301,28806883870212,336
basic_appreq,2029885,28806885935616,336
basic_appreq,1654077,28806887627674,336
basic_appreq,2012164,28806889675793,336
basic_appreq,1655935,28806891369354,336
basic_appreq,1980065,28806893386111,336
basic_appreq,2013338,28806895437785,336
basic_appreq,2044761,28806897522670,336
basic_appreq,2139470,28806899703457,336
basic_appreq,1947690,28806901691614,336
basic_appreq,1427371,28806903167633,336
basic_appreq,1968293,28806905176655,336
basic_appreq,1432605,28806906648341,336
basic_appreq,1953412,28806908638166,336
basic_appreq,2169437,28806910843681,336
basic_appreq,1513259,28806912401456,336
basic_appreq,2040962,28806914478921,336
basic_appreq,2179665,28806916710257,336
basic_appreq,1958707,28806918715812,336
basic_appreq,1732530,28806920492661,336
basic_appreq,1904348,28806922432562,336
basic_appreq,2029114,28806924495787,336
basic_appreq,1989928,28806926525468,336
basic_appreq,2213925,28806928776706,336
basic_appreq,2408815,28806931228138,336
basic_appreq,1326419,28806932590378,336
basic_appreq,2276573,28806934913114,336
basic_appreq,2148534,28806937098368,336
basic_appreq,2005737,28806939151803,336
basic_appreq,1903693,28806941095623,336
basic_appreq,2022320,28806943159011,336
basic_appreq,2120323,28806945316032,336
basic_appreq,1671614,28806947033655,336
basic_appreq,4610303,28806951680161,336
basic_appreq,1719009,28806953438542,336
basic_appreq,2546581,28806956030570,336
basic_appreq,2454740,28806958532181,336
basic_appreq,1391465,28806959949052,336
basic_appreq,1982768,28806961966622,336
basic_appreq,2227647,28806964225679,336
basic_appreq,2224629,28806966496540,336
basic_appreq,1725929,28806968264431,336
basic_appreq,1944821,28806970238234,336
basic_appreq,1957744,28806972232453,336
basic_appreq,1539239,28806973815879,336
basic_appreq,1753731,28806975612988,336
basic_appreq,1808807,28806977464802,336
basic_appreq,1419317,28806978929632,336
basic_appreq,2105195,28806981070471,336
basic_appreq,1993667,28806983109313,336
basic_appreq,1948893,28806985121713,336
basic_appreq,1577739,28806986747012,336
basic_appreq,2071398,28806988855154,336
basic_appreq,2354076,28806991247054,336
basic_appreq,1623383,28806992913560,336
basic_appreq,2121579,28806995078629,336
basic_appreq,1468129,28806996609489,336
basic_appreq,2212612,28806998863635,336
basic_appreq,1535072,28807000443872,336
basic_appreq,2092105,28807002582467,336
basic_appreq,1467648,28807004094229,336
basic_appreq,2379173,28807006517542,336
basic_appreq,1703396,28807008265960,336
basic_appreq,1315060,28807009630556,336
basic_appreq,1987229,28807011657955,336
basic_appreq,1415449,28807013117647,336
basic_appreq,2288316,28807015449205,336
basic_appreq,1547646,28807017041572,336
basic_appreq,1888400,28807018978798,336
basic_appreq,1916682,28807020929803,336
basic_appreq,1712151,28807022678325,336
basic_appreq,2243222,28807024955682,336
basic_appreq,2017733,28807027015023,336
basic_appreq,1972260,28807029022218,336
basic_appreq,1672464,28807030730072,336
basic_appreq,2128573,28807032899307,336
basic_appreq,2026199,28807034967395,336
basic_appreq,2224266,28807037235309,336
basic_appreq,2230716,28807039508465,336
basic_appreq,1963023,28807041521529,336
basic_appreq,1488352,28807043056009,336
basic_appreq,2237470,28807045334689,336
basic_appreq,1944204,28807047325743,336
basic_appreq,1630009,28807048999183,336
basic_appreq,2107128,28807051152518,336
basic_appreq,2589579,28807053779696,336
basic_appreq,1154529,28807054980596,336
basic_appreq,1613474,28807056637320,336
basic_appreq,2063156,28807058736405,336
basic_appreq,1965922,28807060742438,336
basic_appreq,1507982,28807062290362,336
basic_appreq,2460526,28807064795720,336
basic_appreq,1620579,28807066462263,336
basic_appreq,1777688,28807068283650,336
basic_appreq,1316540,28807069647735,336
basic_appreq,1958045,28807071646154,336
basic_appreq,1414619,28807073104865,336
basic_appreq,1801382,28807074948315,336
basic_appreq,2090907,28807077075643,336
basic_appreq,2211873,28807079328939,336
basic_appreq,2260674,28807081628635,336
basic_appreq,2149821,28807083819610,336
basic_appreq,2201306,28807086058122,336
basic_appreq,1977232,28807088075702,336
basic_appreq,1518649,28807089640094,336
basic_appreq,2386200,28807092069679,336
basic_appreq,2299447,28807094408477,336
basic_appreq,1416829,28807095869172,336
basic_appreq,1938115,28807097850773,336
basic_appreq,1724665,28807099619718,336
basic_appreq,2228942,28807101887151,336
basic_appreq,2263269,28807104210355,336
basic_appreq,1527825,28807105785324,336
basic_appreq,1839286,28807107666040,336
basic_appreq,1901237,28807109608886,336
basic_appreq,1687591,28807111333850,336
basic_appreq,1823551,28807113193277,336
basic_appreq,2294045,28807115523263,336
basic_appreq,1413819,28807116980344,336
basic_appreq,1957793,28807118979507,336
basic_appreq,2173161,28807121196524,336
basic_appreq,1988724,28807123233645,336
basic_appreq,2525139,28807125796624,336
basic_appreq,1977009,28807127816825,336
basic_appreq,2381633,28807130237542,336
basic_appreq,2410015,28807132689899,336
basic_appreq,1468280,28807134204398,336
basic_appreq,1509867,28807135751742,336
basic_appreq,2085219,28807137871281,336
basic_appreq,2599779,28807140513904,336
basic_appreq,1875021,28807142434859,336
basic_appreq,1733178,28807144211776,336
basic_appreq,1880630,28807146129063,336
basic_appreq,1698556,28807147863432,336
basic_appreq,2118030,28807150021854,336
basic_appreq,2016616,28807152077415,336
basic_appreq,2251541,28807154380898,336
basic_appreq,1402310,28807155827569,336
basic_appreq,2171296,28807158033566,336
basic_appreq,1437546,28807159511770,336
basic_appreq,1686247,28807161242914,336
basic_appreq,1871099,28807163167793,336
basic_appreq,2215471,28807165419175,336
basic_appreq,2693248,28807168155181,336
basic_appreq,1951788,28807170144618,336
basic_appreq,1781338,28807171965763,336
basic_appreq,2419628,28807177927495,336
basic_appreq,2470818,28807180434259,336
basic_appreq,2439902,28807182908779,336
basic_appreq,1826564,28807184761539,336
basic_appreq,1732562,28807186536200,336
basic_appreq,2465547,28807189027740,336
basic_appreq,1952496,28807191007461,336
basic_appreq,1948142,28807192995658,336
basic_appreq,2595132,28807195617857,336
basic_appreq,2341353,28807197985355,336
basic_appreq,2794176,28807200832171,336
basic_appreq,2297876,28807203166837,336
basic_appreq,2416473,28807205618397,336
basic_appreq,2008194,28807207666578,336
basic_appreq,2276571,28807209980172,336
basic_appreq,2665101,28807212703632,336
basic_appreq,2384020,28807215125256,336
basic_appreq,2398875,28807217559832,336
basic_appreq,2115194,28807219712678,336
basic_appreq,2045285,28807221794060,336
basic_appreq,2623217,28807224459172,336
basic_appreq,1388772,28807225893848,336
basic_appreq,2210020,28807228147912,336
basic_appreq,1556806,28807229752124,336
basic_appreq,2371060,28807232159141,336
basic_appreq,2452216,28807234648934,336
basic_appreq,2093693,28807236780087,336
basic_appreq,2475519,28807239298176,336
basic_appreq,2868107,28807242201944,336
basic_appreq,2052463,28807244291708,336
basic_appreq,1922573,28807246252266,336
basic_appreq,2095098,28807248383268,336
basic_appreq,2422185,28807250843587,336
basic_appreq,1547709,28807252435297,336
basic_appreq,2764637,28807255238177,336
basic_appreq,2624110,28807257898106,336
basic_appreq,2439512,28807260375414,336
basic_appreq,2383299,28807262800139,336
basic_appreq,2402655,28807265242597,336
basic_appreq,1752738,28807267040913,336
basic_appreq,2362269,28807269442008,336
basic_appreq,2041404,28807271524981,336
basic_appreq,2132496,28807273694424,336
basic_appreq,2002038,28807275739599,336
basic_appreq,2274724,28807278055449,336
basic_appreq,2079659,28807280181496,336
basic_appreq,2189783,28807282418235,336
basic_appreq,2515497,28807284974717,336
basic_appreq,2119928,28807287130824,336
basic_appreq,2370019,28807289534417,336
basic_appreq,2582875,28807292153331,336
basic_appreq,1965936,28807294155376,336
basic_appreq,2058422,28807296248735,336
basic_appreq,2094480,28807298386051,336
basic_appreq,2639116,28807301069844,336
basic_appreq,1989398,28807303099733,336
basic_appreq,2824298,28807305963903,336
basic_appreq,1919371,28807307923493,336
basic_appreq,2515423,28807310475707,336
basic_appreq,2557489,28807313070534,336
basic_appreq,2301780,28807315410793,336
basic_appreq,2690638,28807318138070,336
basic_appreq,2626004,28807320801534,336
basic_appreq,1973140,28807322810437,336
basic_appreq,2002165,28807324852903,336
basic_appreq,2025089,28807326915719,336
basic_appreq,2584821,28807329534855,336
basic_appreq,2003619,28807331575268,336
basic_appreq,1980416,28807333600751,336
basic_appreq,2410312,28807336056489,336
basic_appreq,2405430,28807338512555,336
basic_appreq,2295094,28807340843582,336
basic_appreq,1546531,28807342437908,336
basic_appreq,2009649,28807344483440,336
basic_appreq,1706849,28807346238053,336
basic_appreq,2630814,28807348904771,336
basic_appreq,2028843,28807350970221,336
basic_appreq,2431279,28807353443175,336
basic_appreq,2010095,28807355495928,336
basic_appreq,1482011,28807357022042,336
basic_appreq,1813174,28807358873656,336
basic_appreq,1967300,28807360880194,336
basic_appreq,2308478,28807363227398,336
basic_appreq,1596892,28807364870733,336
basic_appreq,1607855,28807366534102,336
basic_appreq,2665067,28807369235304,336
basic_appreq,2279938,28807371554326,336
basic_appreq,2283286,28807373874722,336
basic_appreq,2547783,28807376470118,336
basic_appreq,1612068,28807378127342,336
basic_appreq,1755156,28807379926019,336
basic_appreq,2129683,28807382096681,336
basic_appreq,1850321,28807383990143,336
basic_appreq,1737459,28807385787850,336
basic_appreq,2198312,28807388026835,336
basic_appreq,2184799,28807390256631,336
basic_appreq,2210302,28807392503654,336
basic_appreq,2231342,28807394777348,336
basic_appreq,1696001,28807396513836,336
basic_appreq,2342976,28807398894850,336
basic_appreq,1571740,28807400509972,336
basic_appreq,2075188,28807402629953,336
basic_appreq,1601641,28807404275170,336
basic_appreq,2583626,28807406895728,336
basic_appreq,2556258,28807409486281,336
basic_appreq,1376979,28807410899057,336
basic_appreq,2024582,28807412962073,336
basic_appreq,2321295,28807415325076,336
basic_appreq,1222115,28807416588926,336
basic_appreq,1432278,28807418074900,336
basic_appreq,2068183,28807420180467,336
basic_appreq,2163258,28807422400253,336
basic_appreq,2314097,28807424748353,336
basic_appreq,809458,28807425597110,336
basic_appreq,1771253,28807427399624,336
basic_appreq,2308456,28807429739982,336
basic_appreq,1396456,28807431185226,336
basic_appreq,2411341,28807433630636,336
basic_appreq,1143776,28807434814251,336
basic_appreq,1974731,28807436828021,336
basic_appreq,1810966,28807438679679,336
basic_appreq,2258372,28807440976646,336
basic_appreq,2430636,28807443448351,336
basic_appreq,1480623,28807444970459,336
basic_appreq,1835331,28807446852824,336
basic_appreq,1736954,28807448630795,336
basic_appreq,1952206,28807450621474,336
basic_appreq,2072428,28807452730075,336
basic_appreq,2194165,28807454962610,336
basic_appreq,2442633,28807457445297,336
basic_appreq,1465859,28807458953812,336
basic_appreq,2368965,28807461365356,336
basic_appreq,2251959,28807463670146,336
basic_appreq,2397092,28807466107162,336
basic_appreq,2051944,28807468205228,336
basic_appreq,2664871,28807470910656,336
basic_appreq,1895410,28807472842070,336
basic_appreq,1524864,28807474404715,336
basic_appreq,2563128,28807477005043,336
basic_appreq,1622243,28807478674439,336
basic_appreq,1817863,28807480538487,336
basic_appreq,1918797,28807482504443,336
basic_appreq,2138746,28807484687173,336
basic_appreq,1999023,28807486728087,336
basic_appreq,2084841,28807488856901,336
basic_appreq,2565544,28807491469701,336
basic_appreq,2461652,28807493967071,336
basic_appreq,2258371,28807496268382,336
basic_appreq,1944719,28807498257491,336
basic_appreq,1943031,28807500236580,336
basic_appreq,2257534,28807502533032,336
basic_appreq,2335772,28807504905169,336
basic_appreq,923880,28807505875585,336
basic_appreq,1663231,28807507584453,336
basic_appreq,1971382,28807509594063,336
basic_appreq,2555244,28807512188525,336
basic_appreq,1990462,28807514221387,336
basic_appreq,1923497,28807516186461,336
basic_appreq,2431650,28807518662495,336
basic_appreq,1560999,28807520267400,336
basic_appreq,2199619,28807522508237,336
basic_appreq,1530601,28807524082307,336
basic_appreq,1753124,28807525870864,336
basic_appreq,2121287,28807528028212,336
basic_appreq,2505783,28807530574317,336
basic_appreq,2127191,28807532742340,336
basic_appreq,2304429,28807535093178,336
basic_appreq,2763755,28807537901334,336
basic_appreq,1519511,28807539466322,336
basic_appreq,2900258,28807542417100,336
basic_appreq,2293191,28807544749675,336
basic_appreq,2299347,28807547089188,336
basic_appreq,1446869,28807548579722,336
basic_appreq,2321242,28807550944205,336
basic_appreq,1922087,28807552907619,336
basic_appreq,2550620,28807555499815,336
basic_appreq,2235549,28807557785384,336
basic_appreq,1951276,28807559775176,336
basic_appreq,2326549,28807562138083,336
basic_appreq,1847200,28807564029156,336
basic_appreq,2311432,28807566383448,336
basic_appreq,2405394,28807568832927,336
basic_appreq,1897612,28807570783320,336
basic_appreq,2076114,28807572903352,336
basic_appreq,2387693,28807575334108,336
basic_appreq,1551281,28807576929292,336
basic_appreq,2391665,28807579368623,336
basic_appreq,2478493,28807581888726,336
basic_appreq,2151570,28807584077698,336
basic_appreq,2040808,28807586158428,336
basic_appreq,2697012,28807588898734,336
basic_appreq,1988191,28807590929200,336
basic_appreq,1344334,28807592317614,336
basic_appreq,2175821,28807594535837,336
basic_appreq,2162172,28807596741611,336
basic_appreq,1804006,28807598591052,336
basic_appreq,1795297,28807600423728,336
basic_appreq,2303046,28807602773480,336
basic_appreq,1897444,28807604705609,336
basic_appreq,1778559,28807606523282,336
basic_appreq,2257807,28807608815847,336
basic_appreq,1671776,28807610537455,336
basic_appreq,1809530,28807612384520,336
basic_appreq,2344052,28807614773590,336
basic_appreq,1584186,28807616402211,336
basic_appreq,1989404,28807618427825,336
basic_appreq,2158370,28807620621500,336
basic_appreq,2359081,28807623024137,336
basic_appreq,2051115,28807625127438,336
basic_appreq,1477938,28807626652380,336
basic_appreq,1765462,28807628461577,336
basic_appreq,2473983,28807630970766,336
basic_appreq,2140841,28807633160022,336
basic_appreq,2543921,28807635745678,336
basic_appreq,1701387,28807637490981,336
basic_appreq,1951035,28807639488963,336
basic_appreq,1659344,28807641185855,336
basic_appreq,2235840,28807643471489,336
basic_appreq,2167689,28807645680410,336
basic_appreq,2372988,28807648095676,336
basic_appreq,1040594,28807649182824,336
basic_appreq,1821260,28807651047223,336
basic_appreq,2151106,28807653233586,336
basic_appreq,2408248,28807655679203,336
basic_appreq,1935227,28807657650855,336
basic_appreq,1999885,28807659689701,336
basic_appreq,2157750,28807661885028,336
basic_appreq,2365863,28807664289448,336
basic_appreq,1271670,28807665606322,336
basic_appreq,2110292,28807667754045,336
basic_appreq,1527894,28807669326372,336
basic_appreq,2224968,28807671590361,336
basic_appreq,1480397,28807673109851,336
basic_appreq,2218906,28807675376579,336
basic_appreq,2276477,28807677693511,336
basic_appreq,2444949,28807680174841,336
basic_appreq,1983152,28807682204191,336
basic_appreq,1419523,28807683667790,336
basic_appreq,2083970,28807685796053,336
basic_appreq,1736801,28807687578855,336
basic_appreq,2298105,28807689914318,336
basic_appreq,2511971,28807692466640,336
basic_appreq,1557028,28807694073301,336
basic_appreq,1770419,28807695888016,336
basic_appreq,2107950,28807698033391,336
basic_appreq,2312211,28807700389239,336
basic_appreq,2348144,28807702774605,336
basic_appreq,1529656,28807704348721,336
basic_appreq,2461346,28807706857794,336
basic_appreq,890165,28807707787777,336
basic_appreq,2303480,28807710134346,336
basic_appreq,2437871,28807712609710,336
basic_appreq,1949547,28807714598084,336
basic_appreq,2200526,28807716849794,336
basic_appreq,1318689,28807718210201,336
basic_appreq,1890023,28807720144481,336
basic_appreq,1659525,28807721851832,336
basic_appreq,1813982,28807723707377,336
basic_appreq,2200629,28807725946305,336
basic_appreq,2040821,28807728024400,336
basic_appreq,2308846,28807730378214,336
basic_appreq,2406790,28807732823327,336
basic_appreq,1424180,28807734285625,336
basic_appreq,1893001,28807736224327,336
basic_appreq,2498552,28807738780714,336
basic_appreq,2134633,28807740946822,336
basic_appreq,2367243,28807743355307,336
basic_appreq,2332259,28807745725729,336
basic_appreq,2028231,28807747798957,336
basic_appreq,2288330,28807750132129,336
basic_appreq,1760308,28807751938412,336
basic_appreq,2034937,28807754023968,336
basic_appreq,2079603,28807756140758,336
basic_appreq,2361716,28807758541183,336
basic_appreq,1820022,28807760401102,336
basic_appreq,2074823,28807762512936,336
basic_appreq,1809965,28807764364507,336
basic_appreq,1993782,28807766401706,336
basic_appreq,1464848,28807767907007,336
basic_appreq,2161141,28807770104376,336
basic_appreq,2686250,28807772831053,336
basic_appreq,1593747,28807774473711,336
basic_appreq,2630774,28807777149407,336
basic_appreq,2134536,28807779325556,336
basic_appreq,1466102,28807780835310,336
basic_appreq,2396402,28807783278936,336
basic_appreq,1831940,28807785154482,336
basic_appreq,2317572,28807787511807,336
basic_appreq,2249334,28807789795212,336
basic_appreq,2416649,28807792257546,336
basic_appreq,1702177,28807794004403,336
basic_appreq,2139961,28807796183068,336
basic_appreq,2105844,28807798343021,336
basic_appreq,2267429,28807800650657,336
basic_appreq,1374899,28807802072048,336
basic_appreq,2082907,28807804203891,336
basic_appreq,1913504,28807806155782,336
basic_appreq,2191957,28807808387495,336
basic_appreq,2186998,28807810613844,336
basic_appreq,1475983,28807812128127,336
basic_appreq,2204399,28807814369780,336
basic_appreq,2574084,28807816988720,336
basic_appreq,1680426,28807818717638,336
basic_appreq,1449074,28807820210405,336
basic_appreq,2116664,28807822364307,336
basic_appreq,2152868,28807824552476,336
basic_appreq,1610414,28807826210485,336
basic_appreq,2010778,28807828265167,336
basic_appreq,2088526,28807830399617,336
basic_appreq,2103010,28807832543741,336
basic_appreq,2412409,28807834999030,336
basic_appreq,2278006,28807837313963,336
basic_appreq,2188061,28807839544627,336
basic_appreq,1258979,28807840857889,336
basic_appreq,2088760,28807843002083,336
basic_appreq,1228212,28807844271302,336
basic_appreq,2066519,28807846375039,336
basic_appreq,2295524,28807848706730,336
basic_appreq,1929569,28807850674189,336
basic_appreq,1966746,28807852678837,336
basic_appreq,2067926,28807854785904,336
basic_appreq,1897724,28807856720409,336
basic_appreq,2377232,28807859136271,336
basic_appreq,1892845,28807861068418,336
basic_appreq,2110979,28807863222461,336
basic_appreq,2395675,28807865658036,336
basic_appreq,1271593,28807866978423,336
basic_appreq,1872814,28807868888837,336
basic_appreq,2458537,28807871385940,336
basic_appreq,2045039,28807873468186,336
basic_appreq,1946987,28807875459801,336
basic_appreq,1987537,28807877491246,336
basic_appreq,2519166,28807880053321,336
basic_appreq,1848578,28807881945329,336
basic_appreq,2493004,28807884478474,336
basic_appreq,1442288,28807885972381,336
basic_appreq,2392799,28807888406418,336
basic_appreq,1697444,28807890140746,336
basic_appreq,2218855,28807892399745,336
basic_appreq,1813205,28807894259948,336
basic_appreq,1541074,28807895838064,336
basic_appreq,3851606,28807899724834,336
basic_appreq,1193824,28807900946452,336
basic_appreq,1524585,28807902497878,336
basic_appreq,2215000,28807904738789,336
basic_appreq,1392994,28807906160358,336
basic_appreq,1894995,28807908107913,336
basic_appreq,1618577,28807909755599,336
basic_appreq,1926634,28807911708695,336
basic_appreq,2014929,28807913764275,336
basic_appreq,2301772,28807916110080,336
basic_appreq,1502403,28807917657432,336
basic_appreq,1868835,28807919569154,336
basic_appreq,2504478,28807922117531,336
basic_appreq,2064396,28807924218219,336
basic_appreq,1462498,28807925726031,336
basic_appreq,2418179,28807928180366,336
basic_appreq,2217597,28807930449299,336
basic_appreq,1388740,28807931878469,336
basic_appreq,2003280,28807933926240,336
basic_appreq,1690223,28807935663498,336
basic_appreq,2120694,28807937828589,336
basic_appreq,1723897,28807939596022,336
basic_appreq,2468462,28807942102928,336
basic_appreq,1886776,28807944030896,336
basic_appreq,1958080,28807946030282,336
basic_appreq,2409971,28807948476790,336
basic_appreq,1297010,28807949821264,336
basic_appreq,2471864,28807952337438,336
basic_appreq,1690053,28807954074292,336
basic_appreq,2385359,28807956503177,336
basic_appreq,2022021,28807958560926,336
basic_appreq,2208310,28807960806144,336
basic_appreq,2341175,28807963197579,336
basic_appreq,1239627,28807964476505,336
basic_appreq,2296540,28807966819233,336
basic_appreq,1962733,28807968826129,336
basic_appreq,2235120,28807971121192,336
basic_appreq,2775177,28807973935266,336
basic_appreq,1590010,28807975576693,336
basic_appreq,1736645,28807977350962,336
basic_appreq,1944236,28807979332372,336
basic_appreq,2225589,28807981593497,336
basic_appreq,1446415,28807983088258,336
basic_appreq,1583712,28807984723654,336
basic_appreq,2126271,28807986885062,336
basic_appreq,1992858,28807988912713,336
basic_appreq,1847209,28807990799414,336
basic_appreq,1872055,28807992712316,336
basic_appreq,1926265,28807994678799,336
basic_appreq,1966618,28807996686984,336
basic_appreq,1738541,28807998469595,336
basic_appreq,2333773,28808000842148,336
basic_appreq,1626018,28808002524616,336
basic_appreq,2018892,28808004587647,336
basic_appreq,1441927,28808006069572,336
basic_appreq,2319952,28808008424548,336
basic_appreq,1573508,28808010043497,336
basic_appreq,1830820,28808011911911,336
basic_appreq,2265229,28808014221074,336
basic_appreq,1937517,28808016195372,336
basic_appreq,1383028,28808017623355,336
basic_appreq,1768009,28808019429051,336
basic_appreq,1886723,28808021347095,336
basic_appreq,1972155,28808023353211,336
basic_appreq,1576117,28808024961953,336
basic_appreq,2562704,28808027562103,336
basic_appreq,1512830,28808029112677,336
basic_appreq,1938948,28808031091953,336
basic_appreq,1871670,28808033001500,336
basic_appreq,2061973,28808035108531,336
basic_appreq,2199025,28808037350799,336
basic_appreq,2544442,28808039941563,336
basic_appreq,2658862,28808042636661,336
basic_appreq,2048939,28808044726902,336
basic_appreq,2018738,28808046789325,336
basic_appreq,2047237,28808048908583,336
basic_appreq,1458096,28808050412354,336
basic_appreq,1827277,28808052278476,336
basic_appreq,1566557,28808053883050,336
basic_appreq,2611171,28808056530002,336
basic_appreq,1304745,28808057885536,336
basic_appreq,1860914,28808059790737,336
basic_appreq,2420988,28808062255710,336
basic_appreq,1744344,28808064036401,336
basic_appreq,2027300,28808066101939,336
basic_appreq,1618304,28808067754774,336
basic_appreq,2088179,28808069894554,336
basic_appreq,1821725,28808071754254,336
basic_appreq,1586391,28808073385533,336
basic_appreq,2144980,28808075567445,336
basic_appreq,1564918,28808077176354,336
basic_appreq,1795089,28808079005883,336
basic_appreq,2195262,28808081235761,336
basic_appreq,2167595,28808083448738,336
basic_appreq,1840538,28808085333309,336
basic_appreq,1536151,28808086919215,336
basic_appreq,2008769,28808088962853,336
basic_appreq,2251958,28808091253941,336
basic_appreq,2499842,28808093810541,336
basic_appreq,1992443,28808095840318,336
basic_appreq,2125011,28808098004682,336
basic_appreq,2177103,28808100238987,336
basic_appreq,1365018,28808101650109,336
basic_appreq,2393428,28808104084065,336
basic_appreq,1964090,28808106097948,336
basic_appreq,1976162,28808108119555,336
basic_appreq,2041356,28808110200979,336
basic_appreq,2100330,28808112337416,336
basic_appreq,1844425,28808114234353,336
basic_appreq,2183950,28808116453725,336
basic_appreq,2346246,28808118845172,336
basic_appreq,2090432,28808120972515,336
basic_appreq,2358189,28808123376571,336
basic_appreq,1503472,28808124920845,336
basic_appreq,2417090,28808127391707,336
basic_appreq,2285796,28808129727195,336
basic_appreq,1368397,28808131132395,336
basic_appreq,1851985,28808133025520,336
basic_appreq,1700278,28808134771620,336
basic_appreq,2002736,28808136808718,336
basic_appreq,2291244,28808139135370,336
basic_appreq,2389853,28808141564170,336
basic_appreq,1689146,28808143302028,336
basic_appreq,2089093,28808145432249,336
basic_appreq,1858448,28808147330304,336
basic_appreq,2031430,28808149399335,336
basic_appreq,1995061,28808151436718,336
basic_appreq,1844781,28808153326531,336
basic_appreq,2082018,28808155449905,336
basic_appreq,2369308,28808157859725,336
basic_appreq,1102870,28808159008593,336
basic_appreq,2243856,28808161296310,336
basic_appreq,2092912,28808163428992,336
basic_appreq,1550594,28808165023290,336
basic_appreq,2014366,28808167074374,336
basic_appreq,2186130,28808169304323,336
basic_appreq,2193842,28808171544958,336
basic_appreq,2121717,28808173704489,336
basic_appreq,2688303,28808176438142,336
basic_appreq,1968415,28808178444326,336
basic_appreq,1773662,28808180259004,336
basic_appreq,2154127,28808182451501,336
basic_appreq,2294093,28808184782452,336
basic_appreq,2281424,28808187103845,336
basic_appreq,1400334,28808188547820,336
basic_appreq,1702234,28808190293124,336
basic_appreq,2741971,28808193071037,336
basic_appreq,2180803,28808195297053,336
basic_appreq,1923891,28808197265100,336
basic_appreq,2094204,28808199398574,336
basic_appreq,2379273,28808201818288,336
basic_appreq,2581900,28808204444507,336
basic_appreq,1572745,28808206061251,336
basic_appreq,1617338,28808207722120,336
basic_appreq,2230550,28808209988548,336
basic_appreq,2028640,28808212063275,336
basic_appreq,1885625,28808213986924,336
basic_appreq,1947812,28808215970807,336
basic_appreq,1905460,28808217931792,336
basic_appreq,1811012,28808219777981,336
basic_appreq,1907215,28808221719991,336
basic_appreq,1944428,28808223698833,336
basic_appreq,1916076,28808225652590,336
basic_appreq,1993959,28808227687258,336
basic_appreq,1895099,28808229614006,336
basic_appreq,2531333,28808232184759,336
basic_appreq,1421148,28808233646336,336
basic_appreq,2269331,28808235953532,336
basic_appreq,2286494,28808238277923,336
basic_appreq,1334254,28808239651760,336
basic_appreq,1993791,28808241680169,336
basic_appreq,2401858,28808244127502,336
basic_appreq,1532281,28808245712455,336
basic_appreq,1629099,28808247384625,336
basic_appreq,2062863,28808249490276,336
basic_appreq,1780909,28808251307343,336
basic_appreq,1913214,28808253256701,336
basic_appreq,2495959,28808255798728,336
basic_appreq,2018059,28808257881490,336
basic_appreq,2099625,28808260027804,336
basic_appreq,1638552,28808261709821,336
basic_appreq,2005602,28808263752951,336
basic_appreq,2755841,28808266559731,336
basic_appreq,1842825,28808268459936,336
basic_appreq,1886092,28808270389480,336
basic_appreq,1906574,28808272329932,336
basic_appreq,1845680,28808274217140,336
basic_appreq,1994319,28808276243546,336
basic_appreq,2335371,28808278613096,336
basic_appreq,2056698,28808280708298,336
basic_appreq,1606603,28808282355396,336
basic_appreq,2293292,28808284687104,336
basic_appreq,2033994,28808286767938,336
basic_appreq,1356465,28808288188828,336
basic_appreq,1997640,28808290226735,336
basic_appreq,2071824,28808292336463,336
basic_appreq,2288252,28808294667579,336
basic_appreq,2168420,28808296880260,336
basic_appreq,2226484,28808299152260,336
basic_appreq,1476288,28808300672235,336
basic_appreq,1829431,28808302541357,336
basic_appreq,2032566,28808304614072,336
basic_appreq,1924053,28808306576773,336
basic_appreq,1966633,28808308579048,336
basic_appreq,1810513,28808310433419,336
basic_appreq,2621191,28808313090591,336
basic_appreq,1583024,28808314721460,336
basic_appreq,2137188,28808316902698,336
basic_appreq,1441182,28808318390629,336
basic_appreq,2122546,28808320549799,336
basic_appreq,1695779,28808322286139,336
basic_appreq,2007318,28808324328477,336
basic_appreq,1390953,28808325765441,336
basic_appreq,2451945,28808328255412,336
basic_appreq,1453409,28808329756140,336
basic_appreq,1938663,28808331733021,336
basic_appreq,2088662,28808333859306,336
basic_appreq,1551710,28808335456476,336
basic_appreq,2429829,28808337925601,336
basic_appreq,2227856,28808340188870,336
basic_appreq,2084279,28808342310421,336
basic_appreq,2159221,28808344509367,336
basic_appreq,1879858,28808346431205,336
basic_appreq,2084160,28808348559678,336
basic_appreq,2324858,28808350923501,336
basic_appreq,1423229,28808352384079,336
basic_appreq,1842449,28808354264186,336
basic_appreq,1938842,28808356237179,336
basic_appreq,2457819,28808358732960,336
basic_appreq,1481452,28808360257611,336
basic_appreq,1471722,28808361777686,336
basic_appreq,2293195,28808364104677,336
basic_appreq,2417973,28808366562289,336
basic_appreq,1617802,28808368223907,336
basic_appreq,1762159,28808370027242,336
basic_appreq,1995809,28808372060955,336
basic_appreq,2170873,28808374273691,336
basic_appreq,2016631,28808376328992,336
basic_appreq,1923104,28808378296369,336
basic_appreq,1962769,28808380300541,336
basic_appreq,1947912,28808382291981,336
basic_appreq,1961392,28808384291729,336
basic_appreq,1949223,28808386286219,336
basic_appreq,1932640,28808388261120,336
basic_appreq,1952999,28808390257020,336
basic_appreq,1999522,28808392297337,336
basic_appreq,1737773,28808394078370,336
basic_appreq,1608299,28808395728186,336
basic_appreq,2350019,28808398118287,336
basic_appreq,1911762,28808400066727,336
basic_appreq,1978602,28808402089190,336
basic_appreq,1454077,28808403576704,336
basic_appreq,2606466,28808406224761,336
basic_appreq,1250614,28808407520079,336
basic_appreq,1458724,28808409020808,336
basic_appreq,1991982,28808411046270,336
basic_appreq,2565404,28808413648835,336
basic_appreq,1708961,28808415413639,336
basic_appreq,2416282,28808417872465,336
basic_appreq,914170,28808418826177,336
basic_appreq,1758691,28808420627207,336
basic_appreq,1827709,28808422492755,336
basic_appreq,2548993,28808425075362,336
basic_appreq,2768017,28808427880077,336
basic_appreq,1980269,28808429895798,336
basic_appreq,1867872,28808431802210,336
basic_appreq,1992912,28808433830545,336
basic_appreq,2402988,28808436274678,336
basic_appreq,2368610,28808438685170,336
basic_appreq,1455016,28808440184128,336
basic_appreq,1837499,28808442065577,336
basic_appreq,1780597,28808443885334,336
basic_appreq,2224944,28808446146207,336
basic_appreq,1984574,28808448169951,336
basic_appreq,2190703,28808450403739,336
basic_appreq,2290506,28808452738512,336
basic_appreq,1738333,28808454524298,336
basic_appreq,2454838,28808457018496,336
basic_appreq,1932405,28808458991174,336
basic_appreq,1798687,28808460834564,336
basic_appreq,2405068,28808463299178,336
basic_appreq,2065155,28808465399790,336
basic_appreq,2009833,28808467451695,336
basic_appreq,2033307,28808469524727,336
basic_appreq,1985937,28808471565816,336
basic_appreq,2724558,28808474326169,336
basic_appreq,2033590,28808476397711,336
basic_appreq,2406248,28808478846655,336
basic_appreq,1588708,28808480479556,336
basic_appreq,1806879,28808482347232,336
basic_appreq,1769950,28808484160674,336
basic_appreq,2295085,28808486497959,336
basic_appreq,2024338,28808488566718,336
basic_appreq,2043699,28808490652539,336
basic_appreq,1786385,28808492478614,336
basic_appreq,2023295,28808494545598,336
basic_appreq,2306848,28808496896840,336
basic_appreq,1557631,28808498500089,336
basic_appreq,1608868,28808500148553,336
basic_appreq,2082754,28808502273829,336
basic_appreq,1963728,28808504271660,336
basic_appreq,2030793,28808506339667,336
basic_appreq,2211473,28808508585694,336
basic_appreq,1483878,28808510116068,336
basic_appreq,2191914,28808512352182,336
basic_appreq,1400258,28808513802980,336
basic_appreq,2305167,28808516148746,336
basic_appreq,1435780,28808517628093,336
basic_appreq,2027113,28808519694088,336
basic_appreq,2021269,28808521756625,336
basic_appreq,1827736,28808523632374,336
basic_appreq,1917056,28808525590424,336
basic_appreq,2485629,28808528114759,336
basic_appreq,2530806,28808530681336,336
basic_appreq,2347124,28808533063264,336
basic_appreq,1452826,28808534565153,336
basic_appreq,1944291,28808536553815,336
basic_appreq,2107753,28808538710133,336
basic_appreq,1567878,28808540322121,336
basic_appreq,2025227,28808542388022,336
basic_appreq,2480740,28808544904531,336
basic_appreq,1207219,28808546156259,336
basic_appreq,1945120,28808548134968,336
basic_appreq,2070691,28808550250157,336
basic_appreq,1657444,28808551950833,336
basic_appreq,1997462,28808553979476,336
basic_appreq,2248598,28808556262214,336
basic_appreq,2321394,28808558618445,336
basic_appreq,988659,28808559644652,336
basic_appreq,1885281,28808561569478,336
basic_appreq,1958437,28808563565850,336
basic_appreq,2313574,28808565922441,336
basic_appreq,2064373,28808568025258,336
basic_appreq,2139272,28808570206575,336
basic_appreq,2328397,28808572574397,336
basic_appreq,1257681,28808573879880,336
basic_appreq,2143731,28808576064520,336
basic_appreq,1822172,28808577934672,336
basic_appreq,2111297,28808580085811,336
basic_appreq,2259872,28808582378777,336
basic_appreq,1684718,28808584101986,336
basic_appreq,2230112,28808586376088,336
basic_appreq,1294438,28808587713124,336
basic_appreq,1811903,28808589558909,336
basic_appreq,2270677,28808591874802,336
basic_appreq,1506157,28808593424867,336
basic_appreq,2107085,28808595569783,336
basic_appreq,1886963,28808597492530,336
basic_appreq,1770030,28808599308310,336
basic_appreq,1552521,28808600902826,336
basic_appreq,2007788,28808602947296,336
basic_appreq,2112357,28808605099015,336
basic_appreq,1890103,28808607028792,336
basic_appreq,2039641,28808609107411,336
basic_appreq,1902525,28808611049156,336
basic_appreq,2596433,28808613677129,336
basic_appreq,2013871,28808615722526,336
basic_appreq,2144814,28808617903193,336
basic_appreq,1385192,28808619334269,336
basic_appreq,1880464,28808621252808,336
basic_appreq,1821535,28808623118758,336
basic_appreq,2633725,28808625784654,336
basic_appreq,2505312,28808628327726,336
basic_appreq,1453840,28808629828771,336
basic_appreq,2459245,28808632326245,336
basic_appreq,2398068,28808634764651,336
basic_appreq,2004568,28808636824686,336
basic_appreq,1482404,28808638354789,336
basic_appreq,2533608,28808640928710,336
basic_appreq,2658391,28808643625610,336
basic_appreq,2425272,28808646088479,336
basic_appreq,1670765,28808647820432,336
basic_appreq,1682557,28808649541713,336
basic_appreq,2049276,28808651631496,336
basic_appreq,1744694,28808653417833,336
basic_appreq,2148289,28808655606885,336
basic_appreq,2484808,28808658140835,336
basic_appreq,2634194,28808660828804,336
basic_appreq,1507352,28808662379260,336
basic_appreq,2401574,28808664827209,336
basic_appreq,1677733,28808666553461,336
basic_appreq,1981321,28808668574711,336
basic_appreq,2258177,28808670879557,336
basic_appreq,2383691,28808673343144,336
basic_appreq,2003913,28808675395447,336
basic_appreq,1593105,28808677033056,336
basic_appreq,2041013,28808679127580,336
basic_appreq,1979210,28808681143332,336
basic_appreq,2368148,28808683550282,336
basic_appreq,2179520,28808685770985,336
basic_appreq,2144783,28808687975158,336
basic_appreq,1648014,28808689692193,336
basic_appreq,2011019,28808691744248,336
basic_appreq,2517762,28808694297376,336
basic_appreq,2009201,28808696344920,336
basic_appreq,1898213,28808698285936,336
basic_appreq,2110691,28808700434542,336
basic_appreq,1334574,28808701816921,336
basic_appreq,2010508,28808703863978,336
basic_appreq,1778581,28808705686267,336
basic_appreq,1889366,28808707617234,336
basic_appreq,2109403,28808709761601,336
basic_appreq,2180690,28808711984580,336
basic_appreq,2416974,28808714466735,336
basic_appreq,1694465,28808716208232,336
basic_appreq,2020435,28808718275987,336
basic_appreq,2795372,28808721106992,336
basic_appreq,1350243,28808722499640,336
basic_appreq,1499418,28808724039306,336
basic_appreq,2029933,28808726114075,336
basic_appreq,2016797,28808728174698,336
basic_appreq,2370041,28808730587659,336
basic_appreq,2055410,28808732688155,336
basic_appreq,744973,28808733478928,336
basic_appreq,2156153,28808735669089,336
basic_appreq,2681785,28808738386303,336
basic_appreq,2288638,28808740718894,336
basic_appreq,2121798,28808742881356,336
basic_appreq,2098872,28808745023693,336
basic_appreq,2023052,28808747084141,336
basic_appreq,1661794,28808748781930,336
basic_appreq,2536813,28808751373667,336
basic_appreq,1377180,28808752790366,336
basic_appreq,2058160,28808754898550,336
basic_appreq,1589304,28808756532968,336
basic_appreq,2412243,28808758984290,336
basic_appreq,1937041,28808760957409,336
basic_appreq,1898641,28808762893350,336
basic_appreq,2024609,28808764953318,336
basic_appreq,2475349,28808767465704,336
basic_appreq,1747449,28808769257390,336
basic_appreq,2375647,28808771680703,336
basic_appreq,2127153,28808773845673,336
basic_appreq,1608051,28808775497542,336
basic_appreq,2202562,28808777736145,336
basic_appreq,2308462,28808780087861,336
basic_appreq,1972843,28808782106546,336
basic_appreq,1959642,28808784110005,336
basic_appreq,1333824,28808785500557,336
basic_appreq,2102848,28808787654019,336
basic_appreq,2376968,28808790070647,336
basic_appreq,1732040,28808791849720,336
basic_appreq,2139812,28808794038285,336
basic_appreq,1672665,28808795751436,336
basic_appreq,2367180,28808798153151,336
basic_appreq,2296483,28808800495989,336
basic_appreq,1662167,28808802198074,336
basic_appreq,1378008,28808803620040,336
basic_appreq,1788339,28808805448678,336
basic_appreq,1603023,28808807089622,336
basic_appreq,2467290,28808809597229,336
basic_appreq,1980176,28808811634235,336
basic_appreq,1229878,28808812908165,336
basic_appreq,2372371,28808815323838,336
basic_appreq,2293951,28808817653533,336
basic_appreq,1399587,28808819093258,336
basic_appreq,2092797,28808821221450,336
basic_appreq,1962656,28808823228871,336
basic_appreq,1494096,28808824764568,336
basic_appreq,2148061,28808826950955,336
basic_appreq,1505074,28808828493587,336
basic_appreq,2251369,28808830780989,336
basic_appreq,2032713,28808832848455,336
basic_appreq,2170736,28808835060874,336
basic_appreq,2410445,28808837510310,336
basic_appreq,1339111,28808838907198,336
basic_appreq,1915898,28808840858414,336
basic_appreq,2374419,28808843272288,336
basic_appreq,2336058,28808845643226,336
basic_appreq,2037124,28808847717829,336
basic_appreq,1959365,28808849716821,336
basic_appreq,1844518,28808851605530,336
basic_appreq,1955193,28808853597226,336
basic_appreq,2727615,28808856364327,336
basic_appreq,2260175,28808858662923,336
basic_appreq,1182611,28808859884562,336
basic_appreq,1505040,28808861428437,336
basic_appreq,2396486,28808863859586,336
basic_appreq,1431003,28808865328682,336
basic_appreq,1810621,28808867178258,336
basic_appreq,1722504,28808868934961,336
basic_appreq,2450683,28808871421084,336
basic_appreq,2501425,28808873964871,336
basic_appreq,1806410,28808875815673,336
basic_appreq,1952030,28808877805058,336
basic_appreq,2434841,28808880294069,336
basic_appreq,1603654,28808881944246,336
basic_appreq,2435399,28808884415932,336
basic_appreq,2384989,28808886842830,336
basic_appreq,1370023,28808888256515,336
basic_appreq,2052533,28808890347263,336
basic_appreq,2027312,28808892413480,336
basic_appreq,1883245,28808894338644,336
basic_appreq,1972598,28808896345772,336
basic_appreq,2228784,28808898610920,336
basic_appreq,1116098,28808899777706,336
basic_appreq,1741747,28808901553375,336
basic_appreq,1882350,28808903473444,336
basic_appreq,2168521,28808905677001,336
basic_appreq,2330175,28808908044456,336
basic_appreq,1279468,28808909366306,336
basic_appreq,1800971,28808911206907,336
basic_appreq,2262203,28808913511800,336
basic_appreq,1165965,28808914721416,336
basic_appreq,2051396,28808916807548,336
basic_appreq,1946530,28808918791884,336
basic_appreq,1864009,28808920694952,336
basic_appreq,2310850,28808923046568,336
basic_appreq,1948544,28808925027809,336
basic_appreq,1888178,28808926956146,336
basic_appreq,1510979,28808928499526,336
basic_appreq,2243774,28808930779408,336
basic_appreq,1048104,28808931863241,336
basic_appreq,2099041,28808934005118,336
basic_appreq,1628708,28808935674176,336
basic_appreq,2341874,28808938054695,336
basic_appreq,2324060,28808940417205,336
basic_appreq,2112204,28808942567285,336
basic_appreq,2645036,28808945250972,336
basic_appreq,1613896,28808946911888,336
basic_appreq,2357937,28808949313823,336
basic_appreq,1643807,28808950999178,336
basic_appreq,1957484,28808952991505,336
basic_appreq,1548288,28808954575716,336
basic_appreq,1994318,28808956608001,336
basic_appreq,1601004,28808958250049,336
basic_appreq,2427415,28808960711921,336
basic_appreq,2131258,28808962888189,336
basic_appreq,1499278,28808964425439,336
basic_appreq,1785989,28808966255729,336
basic_appreq,2137676,28808968426919,336
basic_appreq,2232872,28808970719105,336
basic_appreq,2114976,28808972870561,336
basic_appreq,2070624,28808974983523,336
basic_appreq,1884196,28808976911652,336
basic_appreq,2142547,28808979099856,336
basic_appreq,1666745,28808980810109,336
basic_appreq,2255775,28808983105487,336
basic_appreq,1850431,28808984993126,336
basic_appreq,2016929,28808987051653,336
basic_appreq,2336182,28808989425190,336
basic_appreq,1400467,28808990873492,336
basic_appreq,1893899,28808992807980,336
basic_appreq,1606501,28808994461187,336
basic_appreq,2043314,28808996540976,336
basic_appreq,1666166,28808998253520,336
basic_appreq,2112126,28809000409719,336
basic_appreq,1893038,28809002345522,336
basic_appreq,2518046,28809004907266,336
basic_appreq,1357307,28809006308150,336
basic_appreq,1615470,28809007968494,336
basic_appreq,2650483,28809010685779,336
basic_appreq,2406061,28809013129100,336
basic_appreq,2463048,28809015629453,336
basic_appreq,2543701,28809018210584,336
basic_appreq,1895996,28809020144833,336
basic_appreq,1937972,28809022123699,336
basic_appreq,1927186,28809024091981,336
basic_appreq,2489401,28809026623007,336
basic_appreq,1399870,28809028067200,336
basic_appreq,2050253,28809030161221,336
basic_appreq,1958242,28809032160960,336
basic_appreq,2176873,28809034380319,336
basic_appreq,2007945,28809036429968,336
basic_appreq,1408389,28809037885297,336
basic_appreq,2462107,28809040388179,336
basic_appreq,1595013,28809042029852,336
basic_appreq,2215086,28809044288487,336
basic_appreq,1641833,28809045976689,336
basic_appreq,2630481,28809048651205,336
basic_appreq,1973429,28809050661395,336
basic_appreq,2105048,28809052801034,336
basic_appreq,987307,28809053834561,336
basic_appreq,1723809,28809055593581,336
basic_appreq,2411632,28809058039908,336
basic_appreq,1972948,28809060066002,336
basic_appreq,2418568,28809062523573,336
basic_appreq,1524834,28809064092229,336
basic_appreq,1736557,28809065867933,336
basic_appreq,1864710,28809067769463,336
basic_appreq,2019817,28809069826228,336
basic_appreq,1528055,28809071399867,336
basic_appreq,2390704,28809073834289,336
basic_appreq,1489764,28809075371554,336
basic_appreq,1904828,28809077316900,336
basic_appreq,1886594,28809079244411,336
basic_appreq,2053874,28809081337451,336
basic_appreq,2820700,28809084197192,336
basic_appreq,2615651,28809086864676,336
basic_appreq,1835303,28809088736246,336
basic_appreq,2291939,28809091085858,336
basic_appreq,1359735,28809092485705,336
basic_appreq,2146703,28809094684726,336
basic_appreq,1478683,28809096203097,336
basic_appreq,2247024,28809098495982,336
basic_appreq,2032615,28809100572152,336
basic_appreq,1859821,28809102479324,336
basic_appreq,1943098,28809104459876,336
basic_appreq,1497120,28809105996827,336
basic_appreq,1352319,28809107386897,336
basic_appreq,2121479,28809109560309,336
basic_appreq,2079601,28809111685899,336
basic_appreq,1868854,28809113598587,336
basic_appreq,2453538,28809116090167,336
basic_appreq,2820204,28809118949418,336
basic_appreq,2289127,28809121274691,336
basic_appreq,1680668,28809123002789,336
basic_appreq,2141184,28809125180684,336
basic_appreq,2043306,28809127264991,336
basic_appreq,2098619,28809129404900,336
basic_appreq,2066557,28809131517302,336
basic_appreq,1709974,28809133272568,336
basic_appreq,2107654,28809135416833,336
basic_appreq,1932936,28809137383392,336
basic_appreq,2406539,28809139826356,336
basic_appreq,2267075,28809142134497,336
basic_appreq,1541250,28809143723753,336
basic_appreq,2036370,28809145799291,336
basic_appreq,2308432,28809148144730,336
basic_appreq,2057455,28809150241545,336
basic_appreq,1812375,28809152090678,336
basic_appreq,2040592,28809154174714,336
basic_appreq,2096557,28809156310908,336
basic_appreq,1456895,28809157810078,336
basic_appreq,2231200,28809160094548,336
basic_appreq,1206554,28809161344695,336
basic_appreq,1968353,28809163359547,336
basic_appreq,2328023,28809165731168,336
basic_appreq,2081198,28809167854693,336
basic_appreq,1595844,28809169489673,336
basic_appreq,1856323,28809171386550,336
basic_appreq,2057681,28809173478876,336
basic_appreq,2654997,28809176175151,336
basic_appreq,1553717,28809177784523,336
basic_appreq,1665890,28809179494457,336
basic_appreq,2395206,28809181929369,336
basic_appreq,1515234,28809183491244,336
basic_appreq,2136310,28809185667252,336
basic_appreq,2829708,28809188539258,336
basic_appreq,2500810,28809191078161,336
basic_appreq,2331879,28809193449034,336
basic_appreq,2142533,28809195629653,336
basic_appreq,1676831,28809197351470,336
basic_appreq,2197470,28809199596835,336
basic_appreq,1525484,28809201161222,336
basic_appreq,2094759,28809203294173,336
basic_appreq,1910487,28809205244368,336
basic_appreq,1577474,28809206863724,336
basic_appreq,2184071,28809209083040,336
basic_appreq,1840124,28809210975655,336
basic_appreq,1665281,28809212674837,336
basic_appreq,1917134,28809214627625,336
basic_appreq,1829133,28809216490358,336
basic_appreq,2441380,28809218973572,336
basic_appreq,2172096,28809221197737,336
basic_appreq,1617561,28809222863178,336
basic_appreq,2137174,28809225044654,336
basic_appreq,1800063,28809226881976,336
basic_appreq,2166375,28809229084734,336
basic_appreq,2194839,28809231317060,336
basic_appreq,1560844,28809232914327,336
basic_appreq,2233474,28809235187677,336
basic_appreq,1882314,28809237107441,336
basic_appreq,2430317,28809239583598,336
basic_appreq,1361633,28809240984872,336
basic_appreq,2118399,28809243149757,336
basic_appreq,1789587,28809244979271,336
basic_appreq,2450650,28809247473075,336
basic_appreq,2107892,28809249617416,336
basic_appreq,1391853,28809251065264,336
basic_appreq,1628902,28809252740719,336
basic_appreq,1967647,28809254746773,336
basic_appreq,2122549,28809256910732,336
basic_appreq,1851665,28809258807211,336
basic_appreq,2014015,28809260858948,336
basic_appreq,2271906,28809263178815,336
basic_appreq,2382250,28809265604383,336
basic_appreq,1987919,28809267645258,336
basic_appreq,1961004,28809269647734,336
basic_appreq,2242956,28809271937260,336
basic_appreq,738282,28809272715089,336
basic_appreq,2241919,28809274993645,336
basic_appreq,2021833,28809277052542,336
basic_appreq,2505071,28809279596215,336
basic_appreq,2056850,28809281688248,336
basic_appreq,2392160,28809284118575,336
basic_appreq,2078501,28809286251237,336
basic_appreq,1236474,28809287527347,336
basic_appreq,1788665,28809289351904,336
basic_appreq,2246277,28809291636413,336
basic_appreq,2589654,28809294278725,336
basic_appreq,2341562,28809296658181,336
basic_appreq,1434683,28809298139267,336
basic_appreq,2008146,28809300192117,336
basic_appreq,1718718,28809301959007,336
basic_appreq,1695722,28809303698194,336
basic_appreq,2419955,28809306155109,336
basic_appreq,1996348,28809308195996,336
basic_appreq,1988650,28809310228703,336
basic_appreq,2046050,28809312321861,336
basic_appreq,1550185,28809313917812,336
basic_appreq,2071476,28809316026813,336
basic_appreq,2560268,28809318625058,336
basic_appreq,2653633,28809321331702,336
basic_appreq,2014110,28809323381420,336
basic_appreq,2171065,28809325587776,336
basic_appreq,1061408,28809326690048,336
basic_appreq,1991618,28809328720598,336
basic_appreq,1716020,28809330476961,336
basic_appreq,2378837,28809332891013,336
basic_appreq,2521454,28809335449891,336
basic_appreq,2037297,28809337523201,336
basic_appreq,2338236,28809339903319,336
basic_appreq,665182,28809340607955,336
basic_appreq,1958997,28809342603865,336
basic_appreq,1852435,28809344493686,336
basic_appreq,2046318,28809346578654,336
basic_appreq,1943229,28809348559565,336
basic_appreq,2566076,28809351170540,336
basic_appreq,1988867,28809353198044,336
basic_appreq,2248341,28809355486439,336
basic_appreq,1469114,28809356999500,336
basic_appreq,2098473,28809359135998,336
basic_appreq,1853226,28809361034011,336
basic_appreq,1969084,28809363044399,336
basic_appreq,2057408,28809365136726,336
basic_appreq,2382123,28809367559008,336
basic_appreq,2450420,28809370052871,336
basic_appreq,1369777,28809371463943,336
basic_appreq,2529293,28809374032308,336
basic_appreq,2541431,28809376610274,336
basic_appreq,715507,28809377369805,336
basic_appreq,2362504,28809379765942,336
basic_appreq,2012836,28809381814802,336
basic_appreq,2074086,28809383936211,336
basic_appreq,1686031,28809385662219,336
basic_appreq,1956190,28809387664324,336
basic_appreq,2507776,28809390211793,336
basic_appreq,2282061,28809392536080,336
basic_appreq,1755844,28809394336797,336
basic_appreq,2266844,28809396638065,336
basic_appreq,1814936,28809398496663,336
basic_appreq,1915801,28809400446932,336
basic_appreq,2363437,28809402847275,336
basic_appreq,2050057,28809404933427,336
basic_appreq,2308554,28809407294780,336
basic_appreq,1769388,28809409103496,336
basic_appreq,1908511,28809411049659,336
basic_appreq,1447611,28809412541048,336
basic_appreq,2132272,28809414715884,336
basic_appreq,1205231,28809415965429,336
basic_appreq,2425850,28809418457314,336
basic_appreq,2112338,28809420608721,336
basic_appreq,2282591,28809422933946,336
basic_appreq,2587450,28809425565148,336
basic_appreq,1308740,28809426931675,336
basic_appreq,1834626,28809428811957,336
basic_appreq,1826382,28809430678748,336
basic_appreq,1907182,28809432621337,336
basic_appreq,2325914,28809434985052,336
basic_appreq,2794540,28809437820147,336
basic_appreq,2358210,28809440215294,336
basic_appreq,2483142,28809442736829,336
basic_appreq,1470230,28809444253921,336
basic_appreq,2130480,28809446427506,336
basic_appreq,2384791,28809448856393,336
basic_appreq,2373328,28809451274475,336
basic_appreq,2335935,28809453646306,336
basic_appreq,1560620,28809455256840,336
basic_appreq,2355055,28809457656516,336
basic_appreq,1575653,28809459279563,336
basic_appreq,2268478,28809461592887,336
basic_appreq,2629008,28809464281959,336
basic_appreq,1554089,28809465872449,336
basic_appreq,1560149,28809467476463,336
basic_appreq,2294260,28809469804634,336
basic_appreq,2429726,28809472272033,336
basic_appreq,1936469,28809474252057,336
basic_appreq,1954443,28809476248003,336
basic_appreq,1491993,28809477784399,336
basic_appreq,1768301,28809479591736,336
basic_appreq,1687465,28809481320846,336
basic_appreq,2331818,28809483699227,336
basic_appreq,2352215,28809486090426,336
basic_appreq,1310820,28809487447802,336
basic_appreq,2215560,28809489703579,336
basic_appreq,2393609,28809492135525,336
basic_appreq,2482235,28809494656365,336
basic_appreq,1352041,28809496064844,336
basic_appreq,1614293,28809497726478,336
basic_appreq,2061901,28809499824686,336
basic_appreq,2208266,28809502069943,336
basic_appreq,2902130,28809505026885,336
basic_appreq,1939229,28809507005198,336
basic_appreq,1730156,28809508771359,336
basic_appreq,2039871,28809510849535,336
basic_appreq,1594445,28809512478508,336
basic_appreq,1744586,28809514263776,336
basic_appreq,2373549,28809516677105,336
basic_appreq,2004965,28809518723477,336
basic_appreq,2205991,28809520973500,336
basic_appreq,2390005,28809523409016,336
basic_appreq,1664170,28809525110926,336
basic_appreq,1968933,28809527125005,336
basic_appreq,1908031,28809529078165,336
basic_appreq,1807294,28809530928937,336
basic_appreq,2223815,28809533191520,336
basic_appreq,2295602,28809535528388,336
basic_appreq,2385699,28809537950300,336
basic_appreq,2361736,28809540349960,336
basic_appreq,1840862,28809542234569,336
basic_appreq,1460865,28809543731825,336
basic_appreq,2290129,28809546062014,336
basic_appreq,1374831,28809547478901,336
basic_appreq,2031512,28809549548014,336
basic_appreq,2384075,28809551975851,336
basic_appreq,1959118,28809553994085,336
basic_appreq,1896571,28809555929424,336
basic_appreq,2273579,28809558236590,336
basic_appreq,2344605,28809560616872,336
basic_appreq,1540923,28809562204144,336
basic_appreq,1972818,28809564213843,336
basic_appreq,2280935,28809566530974,336
basic_appreq,2046876,28809568615309,336
basic_appreq,1619564,28809570270000,336
basic_appreq,1411205,28809571718617,336
basic_appreq,2555583,28809574314063,336
basic_appreq,2030723,28809576389993,336
basic_appreq,1495892,28809577939006,336
basic_appreq,2059390,28809580042718,336
basic_appreq,2073354,28809582160879,336
basic_appreq,2152671,28809584356181,336
basic_appreq,2225511,28809586622380,336
basic_appreq,1125177,28809587786997,336
basic_appreq,2297235,28809590125705,336
basic_appreq,2595225,28809592765243,336
basic_appreq,2319936,28809595122293,336
basic_appreq,1932238,28809597105127,336
basic_appreq,2424850,28809599578374,336
basic_appreq,2273998,28809601887112,336
basic_appreq,1638462,28809603569264,336
basic_appreq,2095173,28809605699704,336
basic_appreq,2309387,28809608055346,336
basic_appreq,1373384,28809609487645,336
basic_appreq,1703474,28809611226029,336
basic_appreq,1703726,28809612968954,336
basic_appreq,2508945,28809615514509,336
basic_appreq,2169640,28809617726080,336
basic_appreq,1831261,28809619601475,336
basic_appreq,2205917,28809621844570,336
basic_appreq,1648353,28809623533707,336
basic_appreq,2373973,28809625943792,336
basic_appreq,2202856,28809628185915,336
basic_appreq,1318550,28809629542271,336
basic_appreq,1965614,28809631546360,336
basic_appreq,1798167,28809633384943,336
basic_appreq,1921309,28809635359779,336
basic_appreq,2303537,28809637700205,336
basic_appreq,2188575,28809639935420,336
basic_appreq,3137550,28809643116208,336
basic_appreq,2124022,28809645276086,336
basic_appreq,2069728,28809647400093,336
basic_appreq,2513088,28809649948385,336
basic_appreq,2085365,28809652074779,336
basic_appreq,1629577,28809653748660,336
basic_appreq,2094481,28809655882563,336
basic_appreq,1824640,28809657751205,336
basic_appreq,2123963,28809659914319,336
basic_appreq,1750338,28809661701427,336
basic_appreq,2234980,28809663975916,336
basic_appreq,2628881,28809666667435,336
basic_appreq,1899049,28809668614479,336
basic_appreq,1623295,28809670285821,336
basic_appreq,1760360,28809672094765,336
basic_appreq,2162311,28809674300495,336
basic_appreq,1586261,28809675931111,336
basic_appreq,2214895,28809678182477,336
basic_appreq,2231923,28809680454881,336
basic_appreq,1929448,28809682426393,336
basic_appreq,2094562,28809684556735,336
basic_appreq,2232037,28809686827528,336
basic_appreq,1430524,28809688301511,336
basic_appreq,1954355,28809690295097,336
basic_appreq,2147363,28809692486405,336
basic_appreq,1706552,28809694240290,336
basic_appreq,2113183,28809696387077,336
basic_appreq,2361596,28809698785867,336
basic_appreq,2217948,28809701039357,336
basic_appreq,1960651,28809703043734,336
basic_appreq,1722691,28809704811822,336
basic_appreq,1700027,28809706561343,336
basic_appreq,2219692,28809708820654,336
basic_appreq,1596692,28809710461125,336
basic_appreq,2404028,28809712903104,336
basic_appreq,1997054,28809714937011,336
basic_appreq,2496363,28809717484618,336
basic_appreq,1945637,28809719473827,336
basic_appreq,2155983,28809721666827,336
basic_appreq,2147754,28809723852081,336
basic_appreq,1699888,28809725592928,336
basic_appreq,1778816,28809727418759,336
basic_appreq,1986050,28809729444148,336
basic_appreq,1814518,28809731301327,336
basic_appreq,2463433,28809733804033,336
basic_appreq,1926774,28809735773989,336
basic_appreq,1932188,28809737744122,336
basic_appreq,2270529,28809740051012,336
basic_appreq,2712814,28809742806731,336
basic_appreq,1924028,28809744778783,336
basic_appreq,2378276,28809747198230,336
basic_appreq,2352292,28809749592723,336
basic_appreq,975736,28809750615723,336
basic_appreq,1975838,28809752635230,336
basic_appreq,2194773,28809754870063,336
basic_appreq,2013478,28809756923709,336
basic_appreq,1946779,28809758913665,336
basic_appreq,2481507,28809761432967,336
basic_appreq,1315704,28809762789485,336
basic_appreq,2245199,28809765069182,336
basic_appreq,1937729,28809767053460,336
basic_appreq,2269367,28809769366317,336
basic_appreq,1819420,28809771220339,336
basic_appreq,2235997,28809773500148,336
basic_appreq,2132359,28809775677919,336
basic_appreq,1791381,28809777504561,336
basic_appreq,2558052,28809780110131,336
basic_appreq,2180429,28809782344435,336
basic_appreq,1775829,28809784156195,336
basic_appreq,2570501,28809786767833,336
basic_appreq,2336827,28809789141989,336
basic_appreq,2118676,28809791304840,336
basic_appreq,2068905,28809793415504,336
basic_appreq,1510679,28809794972355,336
basic_appreq,2141756,28809797152564,336
basic_appreq,1614462,28809798826975,336
basic_appreq,2432810,28809801303922,336
basic_appreq,2060598,28809803408388,336
basic_appreq,2295171,28809805742740,336
basic_appreq,2000298,28809807780552,336
basic_appreq,2262935,28809810082595,336
basic_appreq,1770748,28809811899502,336
basic_appreq,2456237,28809814405874,336
basic_appreq,1672228,28809816115292,336
basic_appreq,2248264,28809818402152,336
basic_appreq,2114322,28809820553340,336
basic_appreq,1226390,28809821827404,336
basic_appreq,2188104,28809824059759,336
basic_appreq,1950636,28809826056303,336
basic_appreq,1944753,28809828042312,336
basic_appreq,2158812,28809830273955,336
basic_appreq,2263270,28809832574194,336
basic_appreq,2127058,28809834740174,336
basic_appreq,2735449,28809837527895,336
basic_appreq,2554522,28809840138090,336
basic_appreq,1958969,28809842144144,336
basic_appreq,1989137,28809844169358,336
basic_appreq,2302433,28809846508848,336
basic_appreq,2112503,28809848661520,336
basic_appreq,1442744,28809850152270,336
basic_appreq,2167748,28809852354867,336
basic_appreq,1570639,28809853978724,336
basic_appreq,2263713,28809856276333,336
basic_appreq,1526397,28809857844731,336
basic_appreq,2262301,28809860147799,336
basic_appreq,1862435,28809862049512,336
basic_appreq,1942892,28809864031705,336
basic_appreq,1668265,28809865747703,336
basic_appreq,1895400,28809867679196,336
basic_appreq,1884355,28809869601112,336
basic_appreq,2009112,28809871656879,336
basic_appreq,1711763,28809873412738,336
basic_appreq,1767009,28809875215576,336
basic_appreq,2711897,28809877962062,336
basic_appreq,1853869,28809879869963,336
basic_appreq,2036618,28809881941244,336
basic_appreq,1800827,28809883784689,336
basic_appreq,1578978,28809885407192,336
basic_appreq,2045566,28809887498024,336
basic_appreq,2594220,28809890136140,336
basic_appreq,1677152,28809891854134,336
basic_appreq,2447465,28809894348282,336
basic_appreq,1672775,28809896062256,336
basic_appreq,2323281,28809898434993,336
basic_appreq,2012866,28809900488585,336
basic_appreq,2342079,28809902874073,336
basic_appreq,1741836,28809904652966,336
basic_appreq,1529735,28809906221777,336
basic_appreq,2012082,28809908270546,336
basic_appreq,2345171,28809910659823,336
basic_appreq,1745745,28809912460785,336
basic_appreq,2138768,28809914643252,336
basic_appreq,2294124,28809916975785,336
basic_appreq,1465159,28809918490839,336
basic_appreq,1946791,28809920481151,336
basic_appreq,1931086,28809922453948,336
basic_appreq,1989699,28809924485029,336
basic_appreq,2317126,28809926837436,336
basic_appreq,1956604,28809928847100,336
basic_appreq,2101742,28809930994681,336
basic_appreq,1474615,28809932506451,336
basic_appreq,1852267,28809934395980,336
basic_appreq,1779202,28809936212250,336
basic_appreq,2447480,28809938697108,336
basic_appreq,1471480,28809940212477,336
basic_appreq,2344427,28809942596282,336
basic_appreq,1884293,28809944522707,336
basic_appreq,2312377,28809946873428,336
basic_appreq,2118853,28809949029361,336
basic_appreq,2270154,28809951345555,336
basic_appreq,1527461,28809952912965,336
basic_appreq,2090351,28809955045982,336
basic_appreq,2184545,28809957274912,336
basic_appreq,1954002,28809959276058,336
basic_appreq,1639327,28809960959468,336
basic_appreq,2324111,28809963319002,336
basic_appreq,2509557,28809965862585,336
basic_appreq,2514691,28809968413628,336
basic_appreq,2022401,28809970471689,336
basic_appreq,1801481,28809972307501,336
basic_appreq,1694629,28809974037973,336
basic_appreq,2698037,28809976788680,336
basic_appreq,2347333,28809979178623,336
basic_appreq,1432073,28809980654705,336
basic_appreq,1483296,28809982186123,336
basic_appreq,2580590,28809984803216,336
basic_appreq,1610421,28809986459765,336
basic_appreq,1993470,28809988497348,336
basic_appreq,1834857,28809990377952,336
basic_appreq,1778050,28809992197410,336
basic_appreq,2372480,28809994609395,336
basic_appreq,2281887,28809996943341,336
basic_appreq,2307698,28809999308072,336
basic_appreq,1343806,28810000695250,336
basic_appreq,2165456,28810002905799,336
basic_appreq,1556282,28810004505828,336
basic_appreq,2339474,28810006883051,336
basic_appreq,2386363,28810009301874,336
basic_appreq,1383513,28810010722469,336
basic_appreq,1611018,28810012384674,336
basic_appreq,2418260,28810014840458,336
basic_appreq,2344950,28810017222680,336
basic_appreq,1939448,28810019202524,336
basic_appreq,8159448,28810027400030,336
basic_appreq,1055306,28810028502409,336
basic_appreq,1891373,28810030437318,336
basic_appreq,2356602,28810032833575,336
basic_appreq,2771977,28810035647539,336
basic_appreq,2472210,28810038159901,336
basic_appreq,2543501,28810040749305,336
basic_appreq,2225274,28810043020711,336
basic_appreq,2329667,28810045389913,336
basic_appreq,1785437,28810047221448,336
basic_appreq,1930691,28810049192909,336
basic_appreq,2049763,28810051282692,336
basic_appreq,1421454,28810052747497,336
basic_appreq,2049543,28810054841253,336
basic_appreq,2158074,28810057037797,336
basic_appreq,2262241,28810059339051,336
basic_appreq,2370161,28810061743131,336
basic_appreq,1395098,28810063194045,336
basic_appreq,1712313,28810064941823,336
basic_appreq,2070055,28810067046552,336
basic_appreq,2511722,28810069606545,336
basic_appreq,1645032,28810071298042,336
basic_appreq,1932727,28810073271892,336
basic_appreq,1676674,28810074997370,336
basic_appreq,2204970,28810077237792,336
basic_appreq,2007066,28810079283204,336
basic_appreq,1884759,28810081212185,336
basic_appreq,2331240,28810083581223,336
basic_appreq,2557620,28810086172733,336
basic_appreq,1340177,28810087560004,336
basic_appreq,1635308,28810089250228,336
basic_appreq,1923736,28810091213077,336
basic_appreq,2313534,28810093565709,336
basic_appreq,2456079,28810096065968,336
basic_appreq,1893640,28810098004058,336
basic_appreq,1871951,28810099921156,336
basic_appreq,2263048,28810102227847,336
basic_appreq,2095756,28810104359261,336
basic_appreq,1920468,28810106314590,336
basic_appreq,2292336,28810108651220,336
basic_appreq,1544828,28810110241812,336
basic_appreq,1928085,28810112209758,336
basic_appreq,1757073,28810114001277,336
basic_appreq,2353673,28810116395442,336
basic_appreq,1296700,28810117734920,336
basic_appreq,2063866,28810119835717,336
basic_appreq,2019430,28810121895751,336
basic_appreq,2370582,28810124313996,336
basic_appreq,2749909,28810127110465,336
basic_appreq,2107504,28810129260717,336
basic_appreq,1332747,28810130641018,336
basic_appreq,1616025,28810132300668,336
basic_appreq,1922418,28810134276217,336
basic_appreq,2420691,28810136733477,336
basic_appreq,2172897,28810138949648,336
basic_appreq,1878275,28810140872472,336
basic_appreq,1993156,28810142911565,336
basic_appreq,1431498,28810144384777,336
basic_appreq,1637346,28810146090004,336
basic_appreq,2035063,28810148160683,336
basic_appreq,2615624,28810150816118,336
basic_appreq,2189996,28810153050404,336
basic_appreq,2076237,28810155165976,336
basic_appreq,1691152,28810156902756,336
basic_appreq,1895032,28810158835984,336
basic_appreq,2340241,28810161225281,336
basic_appreq,879591,28810162159054,336
basic_appreq,1908011,28810164101305,336
basic_appreq,2454833,28810166595717,336
basic_appreq,2381421,28810169030384,336
basic_appreq,1961951,28810171031467,336
basic_appreq,1672240,28810172747522,336
basic_appreq,1660902,28810174454317,336
basic_appreq,1915358,28810176405775,336
basic_appreq,2423753,28810178868537,336
basic_appreq,1964714,28810180874279,336
basic_appreq,2245754,28810183158743,336
basic_appreq,2585374,28810185793612,336
basic_appreq,2166622,28810187996150,336
basic_appreq,1277783,28810189338690,336
basic_appreq,2071880,28810191455064,336
basic_appreq,2067355,28810193561351,336
basic_appreq,1957004,28810195554073,336
basic_appreq,2023332,28810197614070,336
basic_appreq,1819700,28810199472193,336
basic_appreq,2330852,28810201846889,336
basic_appreq,1756956,28810203646336,336
basic_appreq,2104067,28810205787009,336
basic_appreq,2132547,28810207972113,336
basic_appreq,2736867,28810210789652,336
basic_appreq,2371369,28810213200053,336
basic_appreq,1385833,28810214627556,336
basic_appreq,1694332,28810216365633,336
basic_appreq,2323860,28810218726675,336
basic_appreq,1950210,28810220715114,336
basic_appreq,2216317,28810222972935,336
basic_appreq,2539444,28810225552886,336
basic_appreq,1542846,28810227136995,336
basic_appreq,2228287,28810229404509,336
basic_appreq,1800871,28810231252463,336
basic_appreq,1984474,28810233275076,336
basic_appreq,2430189,28810235746381,336
basic_appreq,2430595,28810238214332,336
basic_appreq,1221904,28810239491563,336
basic_appreq,1805618,28810241339119,336
basic_appreq,2245608,28810243623519,336
basic_appreq,2490281,28810246151948,336
basic_appreq,2040406,28810248232496,336
basic_appreq,2016185,28810250292261,336
basic_appreq,1383836,28810251719789,336
basic_appreq,2239505,28810254000223,336
basic_appreq,1540385,28810255586990,336
basic_appreq,2599954,28810258225072,336
basic_appreq,2035597,28810260297261,336
basic_appreq,2665958,28810262999898,336
basic_appreq,2455511,28810265497032,336
basic_appreq,2274628,28810267809026,336
basic_appreq,1690880,28810269543396,336
basic_appreq,2006337,28810271590515,336
basic_appreq,1609735,28810273241422,336
basic_appreq,2062004,28810275360542,336
basic_appreq,2236790,28810277641455,336
basic_appreq,1723509,28810279409730,336
basic_appreq,2352105,28810281815466,336
basic_appreq,2456509,28810284307473,336
basic_appreq,2234961,28810286584151,336
basic_appreq,1728707,28810288353357,336
basic_appreq,2232526,28810290629096,336
basic_appreq,1548596,28810292221659,336
basic_appreq,2342476,28810294600375,336
basic_appreq,2317006,28810296957220,336
basic_appreq,2438486,28810299442968,336
basic_appreq,829845,28810300317092,336
basic_appreq,1634652,28810301989596,336
basic_appreq,1903063,28810303930291,336
basic_appreq,2032660,28810306002399,336
basic_appreq,1939253,28810307985310,336
basic_appreq,1815099,28810309865253,336
basic_appreq,1973277,28810311874564,336
basic_appreq,1575245,28810313494170,336
basic_appreq,2516856,28810316063441,336
basic_appreq,2070556,28810318171216,336
basic_appreq,1924985,28810320137020,336
basic_appreq,2172850,28810322346830,336
basic_appreq,1269594,28810323654067,336
basic_appreq,1670198,28810325367971,336
basic_appreq,1653950,28810327067998,336
basic_appreq,1643345,28810328748252,336
basic_appreq,1608557,28810330394228,336
basic_appreq,2384366,28810332817393,336
basic_appreq,2107410,28810334964332,336
basic_appreq,2357741,28810337366193,336
basic_appreq,1722001,28810339132298,336
basic_appreq,1752996,28810340929506,336
basic_appreq,1497201,28810342478956,336
basic_appreq,2402315,28810344916931,336
basic_appreq,1383194,28810346347851,336
basic_appreq,1722107,28810348110192,336
basic_appreq,2140871,28810350287926,336
basic_appreq,1957299,28810352280807,336
basic_appreq,1599935,28810353936202,336
basic_appreq,1883679,28810355854753,336
basic_appreq,1489138,28810357388714,336
basic_appreq,1945663,28810359371055,336
basic_appreq,2374719,28810361781459,336
basic_appreq,2033780,28810363854038,336
basic_appreq,1782458,28810365675355,336
basic_appreq,1587643,28810367304675,336
basic_appreq,2240284,28810369585296,336
basic_appreq,2279846,28810371902456,336
basic_appreq,2257796,28810374197151,336
basic_appreq,2273247,28810376518604,336
basic_appreq,1359415,28810377932430,336
basic_appreq,2178507,28810380147746,336
basic_appreq,2184027,28810382374351,336
basic_appreq,2516786,28810384935517,336
basic_appreq,1404427,28810386388061,336
basic_appreq,1921383,28810388347541,336
basic_appreq,1678987,28810390068994,336
basic_appreq,2006923,28810392111939,336
basic_appreq,2368492,28810394521576,336
basic_appreq,1303121,28810395869507,336
basic_appreq,1905004,28810397810713,336
basic_appreq,1848714,28810399706784,336
basic_appreq,2501055,28810402246027,336
basic_appreq,2239595,28810404521110,336
basic_appreq,2010544,28810406569592,336
basic_appreq,2016570,28810408630371,336
basic_appreq,1379780,28810410067721,336
basic_appreq,1866270,28810411972830,336
basic_appreq,1890200,28810413930057,336
basic_appreq,2149061,28810416122227,336
basic_appreq,1631749,28810417803900,336
basic_appreq,2063016,28810419908205,336
basic_appreq,2316316,28810422264943,336
basic_appreq,2318811,28810424624916,336
basic_appreq,2133215,28810426795335,336
basic_appreq,1975510,28810428816155,336
basic_appreq,2226444,28810431088887,336
basic_appreq,1816800,28810432940242,336
basic_appreq,2023334,28810435000755,336
basic_appreq,1755192,28810436791535,336
basic_appreq,2086584,28810438914940,336
basic_appreq,2507616,28810441458848,336
basic_appreq,1718111,28810443218032,336
basic_appreq,2080084,28810445334092,336
basic_appreq,2494534,28810447865727,336
basic_appreq,1712288,28810449614150,336
basic_appreq,2292493,28810451948810,336
basic_appreq,1504096,28810453496987,336
basic_appreq,1906844,28810455444891,336
basic_appreq,1934702,28810457418389,336
basic_appreq,2255490,28810459713914,336
basic_appreq,2067981,28810461823129,336
basic_appreq,1295300,28810463161639,336
basic_appreq,1930929,28810465136197,336
basic_appreq,1371179,28810466555790,336
basic_appreq,2028563,28810468620091,336
basic_appreq,2058384,28810470727701,336
basic_appreq,1822908,28810472595183,336
basic_appreq,2060483,28810474696766,336
basic_appreq,2673308,28810477407199,336
basic_appreq,1968039,28810479416959,336
basic_appreq,1882247,28810481340420,336
basic_appreq,2411681,28810483792505,336
basic_appreq,2056930,28810485895454,336
basic_appreq,2473154,28810488421033,336
basic_appreq,2220612,28810490680711,336
basic_appreq,1457204,28810492182404,336
basic_appreq,1585702,28810493805460,336
basic_appreq,1962930,28810495804146,336
basic_appreq,2568501,28810498407968,336
basic_appreq,1875730,28810500318972,336
basic_appreq,2403589,28810502759073,336
basic_appreq,1507766,28810504311487,336
basic_appreq,2178347,28810506526822,336
basic_appreq,2047672,28810508613484,336
basic_appreq,2278940,28810510935311,336
basic_appreq,2295577,28810513282165,336
basic_appreq,2392192,28810515715783,336
basic_appreq,2216971,28810517976519,336
basic_appreq,1581446,28810519605198,336
basic_appreq,1956596,28810521599557,336
basic_appreq,2108267,28810523755167,336
basic_appreq,2577337,28810526366292,336
basic_appreq,2043561,28810528449383,336
basic_appreq,1952869,28810530449746,336
basic_appreq,1750175,28810532244236,336
basic_appreq,2298604,28810534586262,336
basic_appreq,2098980,28810536725752,336
basic_appreq,1922224,28810538695602,336
basic_appreq,1646742,28810540386133,336
basic_appreq,1716443,28810542150481,336
basic_appreq,2132559,28810544316681,336
basic_appreq,1536598,28810545891254,336
basic_appreq,2492520,28810548416637,336
basic_appreq,1999817,28810550451247,336
basic_appreq,1548650,28810552043690,336
basic_appreq,1943377,28810554025563,336
basic_appreq,2213163,28810556271420,336
basic_appreq,2017573,28810558332171,336
basic_appreq,1986653,28810560357203,336
basic_appreq,2033697,28810562449052,336
basic_appreq,2296744,28810564786173,336
basic_appreq,2499834,28810567328396,336
basic_appreq,2535388,28810569903209,336
basic_appreq,1304308,28810571261346,336
basic_appreq,1707351,28810573008190,336
basic_appreq,1589527,28810574636083,336
basic_appreq,1675442,28810576350526,336
basic_appreq,2031740,28810578434738,336
basic_appreq,2226111,28810580700570,336
basic_appreq,1422948,28810582167010,336
basic_appreq,2155537,28810584373659,336
basic_appreq,2040694,28810586457234,336
basic_appreq,1385232,28810587886127,336
basic_appreq,2259208,28810590181659,336
basic_appreq,1833105,28810592060676,336
basic_appreq,2277152,28810594375119,336
basic_appreq,2173537,28810596583696,336
basic_appreq,1817511,28810598445389,336
basic_appreq,1999035,28810600478817,336
basic_appreq,2381420,28810602895591,336
basic_appreq,1892719,28810604821640,336
basic_appreq,2396281,28810607260420,336
basic_appreq,1436463,28810608740832,336
basic_appreq,2086301,28810610875638,336
basic_appreq,1427740,28810612347032,336
basic_appreq,1913461,28810614304168,336
basic_appreq,1821678,28810616166183,336
basic_appreq,1677832,28810617879447,336
basic_appreq,2419832,28810620334435,336
basic_appreq,2194862,28810622569488,336
basic_appreq,1767419,28810624372958,336
basic_appreq,2193244,28810626610365,336
basic_appreq,2465214,28810629110804,336
basic_appreq,2475131,28810631627603,336
basic_appreq,2102521,28810633779158,336
basic_appreq,2003318,28810635829186,336
basic_appreq,1365264,28810637238023,336
basic_appreq,1681954,28810638965578,336
basic_appreq,2561588,28810641563979,336
basic_appreq,2242073,28810643846793,336
basic_appreq,2000680,28810645889171,336
basic_appreq,2443949,28810648376722,336
basic_appreq,876287,28810649299490,336
basic_appreq,2219695,28810651554792,336
basic_appreq,2023003,28810653619914,336
basic_appreq,1806240,28810655480467,336
basic_appreq,1950839,28810657470481,336
basic_appreq,2201650,28810659712312,336
basic_appreq,2147344,28810661903175,336
basic_appreq,2129184,28810664077076,336
basic_appreq,1960071,28810666084195,336
basic_appreq,2051841,28810668173702,336
basic_appreq,2411510,28810670621002,336
basic_appreq,2051129,28810672706162,336
basic_appreq,2565326,28810675314798,336
basic_appreq,1703804,28810677055841,336
basic_appreq,2720025,28810679813822,336
basic_appreq,2121544,28810681987969,336
basic_appreq,2385101,28810684419919,336
basic_appreq,1348339,28810685818122,336
basic_appreq,1790255,28810687649628,336
basic_appreq,2664394,28810690352044,336
basic_appreq,1880540,28810692272598,336
basic_appreq,2319603,28810694632510,336
basic_appreq,2384988,28810697058269,336
basic_appreq,2511927,28810699612566,336
basic_appreq,1416602,28810701073601,336
basic_appreq,1801623,28810702917643,336
basic_appreq,1972787,28810704934888,336
basic_appreq,1574384,28810706550565,336
basic_appreq,2035088,28810708621612,336
basic_appreq,2559874,28810711219748,336
basic_appreq,1932419,28810713193192,336
basic_appreq,2260869,28810715493322,336
basic_appreq,2266490,28810717804785,336
basic_appreq,1013992,28810718864177,336
basic_appreq,1737321,28810720644610,336
basic_appreq,2496102,28810723178038,336
basic_appreq,2313677,28810725529664,336
basic_appreq,1624803,28810727222039,336
basic_appreq,2619225,28810729891909,336
basic_appreq,1799280,28810731733648,336
basic_appreq,2218232,28810733991170,336
basic_appreq,2066096,28810736099983,336
basic_appreq,1813766,28810737962263,336
basic_appreq,2035264,28810740039311,336
basic_appreq,1932275,28810742012985,336
basic_appreq,2312709,28810744359904,336
basic_appreq,2700530,28810747096968,336
basic_appreq,2250657,28810749382691,336
basic_appreq,1418539,28810750852687,336
basic_appreq,2063739,28810752951755,336
basic_appreq,2391224,28810755379572,336
basic_appreq,2397841,28810757815110,336
basic_appreq,1624906,28810759489365,336
basic_appreq,1451144,28810760981985,336
basic_appreq,1947362,28810762972658,336
basic_appreq,2395595,28810765409474,336
basic_appreq,1427789,28810766878521,336
basic_appreq,2046155,28810768961863,336
basic_appreq,1713301,28810770721985,336
basic_appreq,2472803,28810773229970,336
basic_appreq,2591440,28810775874956,336
basic_appreq,1243153,28810777162734,336
basic_appreq,1852405,28810779061172,336
basic_appreq,2014875,28810781115617,336
basic_appreq,2742419,28810783897366,336
basic_appreq,2562449,28810786493990,336
basic_appreq,2516058,28810789047752,336
basic_appreq,2146749,28810791242357,336
basic_appreq,2389132,28810793666015,336
basic_appreq,1186926,28810794900743,336
basic_appreq,1790006,28810796732059,336
basic_appreq,2282621,28810799053652,336
basic_appreq,2356184,28810801448638,336
basic_appreq,2342680,28810803833253,336
basic_appreq,1381027,28810805252208,336
basic_appreq,1935985,28810807236809,336
basic_appreq,1863479,28810809144015,336
basic_appreq,2072666,28810811263306,336
basic_appreq,1717321,28810813017675,336
basic_appreq,2572066,28810815626272,336
basic_appreq,2131354,28810817794381,336
basic_appreq,2478906,28810820316613,336
basic_appreq,1458072,28810821818588,336
basic_appreq,2239194,28810824101705,336
basic_appreq,2336039,28810826482432,336
basic_appreq,1506486,28810828033480,336
basic_appreq,2326053,28810830407144,336
basic_appreq,1743498,28810832187763,336
basic_appreq,3015700,28810835246298,336
basic_appreq,2712086,28810837993239,336
basic_appreq,1891808,28810839928053,336
basic_appreq,1603488,28810841566831,336
basic_appreq,2042546,28810843646639,336
basic_appreq,1840919,28810845531400,336
basic_appreq,1718159,28810847296588,336
basic_appreq,2704636,28810850041305,336
basic_appreq,2051679,28810852132357,336
basic_appreq,1425474,28810853605974,336
basic_appreq,2065755,28810855715714,336
basic_appreq,2255615,28810858012857,336
basic_appreq,2028059,28810860099439,336
basic_appreq,2149588,28810862290006,336
basic_appreq,2009031,28810864338348,336
basic_appreq,2205545,28810866585631,336
basic_appreq,1676439,28810868301004,336
basic_appreq,1953379,28810870295721,336
basic_appreq,2366668,28810872702998,336
basic_appreq,2100338,28810874855021,336
basic_appreq,1048660,28810875938729,336
basic_appreq,2188387,28810878171074,336
basic_appreq,2214921,28810880425705,336
basic_appreq,2685895,28810883155626,336
basic_appreq,2334551,28810885525966,336
basic_appreq,1586224,28810887150687,336
basic_appreq,1950193,28810889142416,336
basic_appreq,2033462,28810891223801,336
basic_appreq,1318403,28810892582020,336
basic_appreq,2371947,28810895008453,336
basic_appreq,1614857,28810896668133,336
basic_appreq,1939488,28810898658696,336
basic_appreq,2278005,28810900973313,336
basic_appreq,1933904,28810902962001,336
basic_appreq,2329178,28810905335233,336
basic_appreq,1588732,28810906971409,336
basic_appreq,1671789,28810908682924,336
basic_appreq,2263941,28810910985299,336
basic_appreq,1970753,28810912992656,336
basic_appreq,1624134,28810914659278,336
basic_appreq,2152662,28810916848422,336
basic_appreq,2095273,28810918987151,336
basic_appreq,2297021,28810921329013,336
basic_appreq,2830307,28810924205591,336
basic_appreq,2255449,28810926499045,336
basic_appreq,2238185,28810928772845,336
basic_appreq,1568834,28810930379833,336
basic_appreq,1945745,28810932362141,336
basic_appreq,1402275,28810933807844,336
basic_appreq,1900251,28810935745971,336
basic_appreq,1633585,28810937423528,336
basic_appreq,2017038,28810939476792,336
basic_appreq,2137151,28810941649546,336
basic_appreq,2028503,28810943719434,336
basic_appreq,2211531,28810945966771,336
basic_appreq,2255944,28810948270301,336
basic_appreq,1316841,28810949633153,336
basic_appreq,1880840,28810951553439,336
basic_appreq,2212567,28810953801786,336
basic_appreq,2254004,28810956093107,336
basic_appreq,1756166,28810957896738,336
basic_appreq,1848904,28810959790337,336
basic_appreq,1700969,28810961535553,336
basic_appreq,2453474,28810964028411,336
basic_appreq,2369764,28810966442385,336
basic_appreq,1278000,28810967763863,336
basic_appreq,2281915,28810970086916,336
basic_appreq,2581445,28810972707224,336
basic_appreq,2033085,28810974778413,336
basic_appreq,2424458,28810977237859,336
basic_appreq,1538104,28810978823211,336
basic_appreq,2062763,28810980925155,336
basic_appreq,2004893,28810982983763,336
basic_appreq,2196897,28810985224981,336
basic_appreq,1573470,28810986859069,336
basic_appreq,2061091,28810988954483,336
basic_appreq,2240231,28810991238745,336
basic_appreq,1965050,28810993241552,336
basic_appreq,1683809,28810994972457,336
basic_appreq,2527402,28810997537179,336
basic_appreq,2354008,28810999927574,336
basic_appreq,1613432,28811001574602,336
basic_appreq,1680667,28811003296640,336
basic_appreq,1439273,28811004797228,336
basic_appreq,2274134,28811007109516,336
basic_appreq,2001963,28811009148122,336
basic_appreq,2430393,28811011635349,336
basic_appreq,1402077,28811013077661,336
basic_appreq,2011103,28811015128479,336
basic_appreq,2176244,28811017354583,336
basic_appreq,2391301,28811019785190,336
basic_appreq,1601784,28811021432830,336
basic_appreq,1724003,28811023185363,336
basic_appreq,2175086,28811025387091,336
basic_appreq,1325436,28811026739507,336
basic_appreq,2019860,28811028787256,336
basic_appreq,2233641,28811031074049,336
basic_appreq,1223411,28811032324634,336
basic_appreq,2377994,28811034730689,336
basic_appreq,1458412,28811036223757,336
basic_appreq,2340386,28811038596270,336
basic_appreq,2014869,28811040642921,336
basic_appreq,2528504,28811043204858,336
basic_appreq,2067009,28811045312578,336
basic_appreq,2171751,28811047526404,336
basic_appreq,1827217,28811049397200,336
basic_appreq,1984066,28811051423281,336
basic_appreq,2448894,28811053907126,336
basic_appreq,2096658,28811056040668,336
basic_appreq,1452541,28811057533448,336
basic_appreq,2028406,28811059598234,336
basic_appreq,1741997,28811061380042,336
basic_appreq,2038283,28811063455877,336
basic_appreq,2298033,28811065790076,336
basic_appreq,1368335,28811067205014,336
basic_appreq,2061513,28811069306644,336
basic_appreq,1536914,28811070885240,336
basic_appreq,2327506,28811073252180,336
basic_appreq,2079728,28811075374886,336
basic_appreq,2662792,28811078081764,336
basic_appreq,1928816,28811080053975,336
basic_appreq,2516920,28811082620299,336
basic_appreq,758413,28811083422423,336
basic_appreq,2306836,28811085765539,336
basic_appreq,2106495,28811087909247,336
basic_appreq,2366870,28811090317401,336
basic_appreq,2205485,28811092559966,336
basic_appreq,1279046,28811093889064,336
basic_appreq,1479561,28811095421671,336
basic_appreq,1987399,28811097443805,336
basic_appreq,1739607,28811099221594,336
basic_appreq,2291330,28811101552058,336
basic_appreq,2336148,28811103924961,336
basic_appreq,1895169,28811105865346,336
basic_appreq,1617679,28811107528865,336
basic_appreq,2147092,28811109710768,336
basic_appreq,1111064,28811110863294,336
basic_appreq,2856272,28811113763290,336
basic_appreq,2187261,28811115987511,336
basic_appreq,2121894,28811118169430,336
basic_appreq,1855560,28811120072125,336
basic_appreq,1620843,28811121736244,336
basic_appreq,2831249,28811124605577,336
basic_appreq,2628205,28811127272285,336
basic_appreq,1946994,28811129259149,336
basic_appreq,2404029,28811131706533,336
basic_appreq,2219728,28811133970882,336
basic_appreq,1305587,28811135322454,336
basic_appreq,2226927,28811137601893,336
basic_appreq,2446551,28811140087653,336
basic_appreq,1421293,28811141555117,336
basic_appreq,1690693,28811143284747,336
basic_appreq,2317456,28811145637953,336
basic_appreq,2148678,28811147827353,336
basic_appreq,2096329,28811149960942,336
basic_appreq,2482636,28811152482590,336
basic_appreq,1252552,28811153783342,336
basic_appreq,1570745,28811155393373,336
basic_appreq,1953195,28811157382766,336
basic_appreq,2502251,28811159922644,336
basic_appreq,2158589,28811162127181,336
basic_appreq,1893267,28811164075990,336
basic_appreq,2335376,28811166458171,336
basic_appreq,2026094,28811168522594,336
basic_appreq,2357171,28811170920132,336
basic_appreq,2555243,28811173512234,336
basic_appreq,1918874,28811175477016,336
basic_appreq,1545700,28811177062141,336
basic_appreq,2162309,28811179269291,336
basic_appreq,2639643,28811181953201,336
basic_appreq,1416950,28811183425568,336
basic_appreq,1633837,28811185102979,336
basic_appreq,2341701,28811187479431,336
basic_appreq,2221136,28811189734581,336
basic_appreq,2049891,28811191820236,336
basic_appreq,2360814,28811194221161,336
basic_appreq,1502217,28811195765083,336
basic_appreq,2310227,28811198127665,336
basic_appreq,2052455,28811200217150,336
basic_appreq,2339842,28811202594140,336
basic_appreq,2038649,28811204674826,336
basic_appreq,1793035,28811206510698,336
basic_appreq,2270573,28811208816894,336
basic_appreq,2310165,28811211168746,336
basic_appreq,1995036,28811213201101,336
basic_appreq,1846974,28811215092722,336
basic_appreq,2057801,28811217187430,336
basic_appreq,2609708,28811219833698,336
basic_appreq,1209913,28811221081340,336
basic_appreq,1473515,28811222600264,336
basic_appreq,1766729,28811224400754,336
basic_appreq,2518025,28811226957600,336
basic_appreq,1829618,28811228832134,336
basic_appreq,1743174,28811230614298,336
basic_appreq,1995639,28811232651330,336
basic_appreq,2345465,28811235049220,336
basic_appreq,2432879,28811237516942,336
basic_appreq,1107113,28811238669856,336
basic_appreq,2219136,28811240932163,336
basic_appreq,2459554,28811243438627,336
basic_appreq,1367893,28811244850983,336
basic_appreq,2172971,28811247065116,336
basic_appreq,1644116,28811248752794,336
basic_appreq,2737750,28811251542599,336
basic_appreq,2627912,28811254206150,336
basic_appreq,1641068,28811255895655,336
basic_appreq,2003166,28811257938572,336
basic_appreq,1852139,28811259836020,336
basic_appreq,2090345,28811261966379,336
basic_appreq,2288193,28811264292943,336
basic_appreq,1728195,28811266066622,336
basic_appreq,2416881,28811268521271,336
basic_appreq,2240085,28811270801244,336
basic_appreq,1983267,28811272822658,336
basic_appreq,2253800,28811275122473,336
basic_appreq,2269057,28811277435597,336
basic_appreq,1258165,28811278739392,336
basic_appreq,1689362,28811280467807,336
basic_appreq,2177211,28811282685300,336
basic_appreq,2403413,28811285126040,336
basic_appreq,1994325,28811287160458,336
basic_appreq,2370870,28811289569015,336
basic_appreq,2446926,28811292052903,336
basic_appreq,1064575,28811293157195,336
basic_appreq,1975378,28811295169833,336
basic_appreq,2237017,28811297444287,336
basic_appreq,1364126,28811298855515,336
basic_appreq,2035481,28811300925842,336
basic_appreq,2125219,28811303099128,336
basic_appreq,2789315,28811305932743,336
basic_appreq,2007396,28811307980570,336
basic_appreq,2303211,28811310344025,336
basic_appreq,1958162,28811312343571,336
basic_appreq,2019109,28811314414264,336
basic_appreq,2199178,28811316658077,336
basic_appreq,2111774,28811318817164,336
basic_appreq,1744261,28811320605611,336
basic_appreq,2161344,28811322803770,336
basic_appreq,2291854,28811325130506,336
basic_appreq,2154704,28811327332847,336
basic_appreq,1966281,28811329337385,336
basic_appreq,2022796,28811331405341,336
basic_appreq,1999836,28811333440690,336
basic_appreq,1995203,28811335474384,336
basic_appreq,1692911,28811337203910,336
basic_appreq,1893363,28811339134022,336
basic_appreq,2254247,28811341424940,336
basic_appreq,1501320,28811342973593,336
basic_appreq,2228242,28811345241492,336
basic_appreq,2904777,28811348196474,336
basic_appreq,1841891,28811350082685,336
basic_appreq,2468027,28811352587996,336
basic_appreq,1372786,28811354004245,336
basic_appreq,2637164,28811356681266,336
basic_appreq,1847413,28811358583182,336
basic_appreq,2268696,28811360891922,336
basic_appreq,2704075,28811363642423,336
basic_appreq,2248935,28811365933348,336
basic_appreq,1912114,28811367892068,336
basic_appreq,1436106,28811369372788,336
basic_appreq,1912098,28811371321259,336
basic_appreq,2290124,28811373645253,336
basic_appreq,1964817,28811375658614,336
basic_appreq,1801681,28811377504347,336
basic_appreq,2439694,28811379977943,336
basic_appreq,2399433,28811382433826,336
basic_appreq,2034479,28811384517228,336
basic_appreq,1517932,28811386081796,336
basic_appreq,1734638,28811387852568,336
basic_appreq,1897878,28811389786916,336
basic_appreq,2363461,28811392189349,336
basic_appreq,1350967,28811393588212,336
basic_appreq,2079257,28811395706384,336
basic_appreq,2391640,28811398137292,336
basic_appreq,1894614,28811400075067,336
basic_appreq,1382296,28811401500281,336
basic_appreq,2050953,28811403590107,336
basic_appreq,2239168,28811405874015,336
basic_appreq,1991395,28811407907275,336
basic_appreq,2686607,28811410641049,336
basic_appreq,2004792,28811412687768,336
basic_appreq,2155158,28811414885332,336
basic_appreq,2009787,28811416939526,336
basic_appreq,1460221,28811418446436,336
basic_appreq,1965523,28811420451233,336
basic_appreq,2076757,28811422565853,336
basic_appreq,1609073,28811424215226,336
basic_appreq,2265633,28811426522942,336
basic_appreq,1577341,28811428143925,336
basic_appreq,2320394,28811430504449,336
basic_appreq,2338831,28811432879680,336
basic_appreq,1686925,28811434614621,336
basic_appreq,2011305,28811436665353,336
basic_appreq,1843215,28811438550745,336
basic_appreq,1982858,28811440570281,336
basic_appreq,1818119,28811442426211,336
basic_appreq,1890735,28811444354257,336
basic_appreq,2287065,28811446681325,336
basic_appreq,1502089,28811448227354,336
basic_appreq,1509256,28811449776242,336
basic_appreq,2601315,28811452426547,336
basic_appreq,1503262,28811453983198,336
basic_appreq,1963962,28811455990869,336
basic_appreq,2079816,28811458158825,336
basic_appreq,2953399,28811461159122,336
basic_appreq,2134369,28811463330806,336
basic_appreq,2297111,28811465664597,336
basic_appreq,1905578,28811467609009,336
basic_appreq,1804720,28811469457754,336
basic_appreq,2183797,28811471678280,336
basic_appreq,2585091,28811474300489,336
basic_appreq,2477336,28811476816880,336
basic_appreq,2579420,28811479436975,336
basic_appreq,1514456,28811480993135,336
basic_appreq,1878981,28811482919511,336
basic_appreq,1669609,28811484630080,336
basic_appreq,2421276,28811487091108,336
basic_appreq,1655733,28811488788672,336
basic_appreq,1818668,28811490651167,336
basic_appreq,2088718,28811492775996,336
basic_appreq,2234248,28811495046821,336
basic_appreq,2131174,28811497229845,336
basic_appreq,2415273,28811499687483,336
basic_appreq,1996097,28811501718904,336
basic_appreq,1828341,28811503593015,336
basic_appreq,1669652,28811505306714,336
basic_appreq,2054945,28811507403703,336
basic_appreq,1895841,28811509336397,336
basic_appreq,2588443,28811511965314,336
basic_appreq,2124244,28811514146477,336
basic_appreq,2460396,28811516653890,336
basic_appreq,1902202,28811518594355,336
basic_appreq,2228994,28811520858600,336
basic_appreq,1882075,28811522788915,336
basic_appreq,1813357,28811524646787,336
basic_appreq,2220484,28811526905165,336
basic_appreq,2211066,28811529153036,336
basic_appreq,2654919,28811531855475,336
basic_appreq,2505903,28811534400883,336
basic_appreq,1392374,28811535835809,336
basic_appreq,1760246,28811537640283,336
basic_appreq,2132432,28811539810619,336
basic_appreq,1868256,28811541714232,336
basic_appreq,2457237,28811544211197,336
basic_appreq,2211841,28811546462481,336
basic_appreq,1548620,28811548055156,336
basic_appreq,2195291,28811550297518,336
basic_appreq,1403223,28811551756447,336
basic_appreq,2130582,28811553925426,336
basic_appreq,2865866,28811556849892,336
basic_appreq,984621,28811557881918,336
basic_appreq,1986957,28811559910304,336
basic_appreq,2052196,28811561997424,336
basic_appreq,2511526,28811564551520,336
basic_appreq,1724267,28811566315575,336
basic_appreq,2237588,28811568588657,336
basic_appreq,1933830,28811570573086,336
basic_appreq,2232024,28811572843303,336
basic_appreq,1940395,28811574824615,336
basic_appreq,2128208,28811576991387,336
basic_appreq,2367083,28811579399487,336
basic_appreq,2247815,28811581688011,336
basic_appreq,2512769,28811584249618,336
basic_appreq,1434261,28811585729779,336
basic_appreq,1923848,28811587691183,336
basic_appreq,2225468,28811589960507,336
basic_appreq,1420982,28811591428036,336
basic_appreq,2320951,28811593783074,336
basic_appreq,2022091,28811595848386,336
basic_appreq,2410271,28811598297483,336
basic_appreq,1179846,28811599526545,336
basic_appreq,1637728,28811601208028,336
basic_appreq,2343327,28811603589941,336
basic_appreq,2471654,28811606099046,336
basic_appreq,2432303,28811608570048,336
basic_appreq,1394538,28811610012218,336
basic_appreq,1871550,28811611925044,336
basic_appreq,2112202,28811614080456,336
basic_appreq,2540833,28811616660803,336
basic_appreq,1866967,28811618571662,336
basic_appreq,2346811,28811620953465,336
basic_appreq,2186300,28811623195527,336
basic_appreq,2068768,28811625324849,336
basic_appreq,2531882,28811627902755,336
basic_appreq,2042625,28811629980904,336
basic_appreq,2227323,28811632263406,336
basic_appreq,2564103,28811634875449,336
basic_appreq,1432639,28811636352201,336
basic_appreq,2240574,28811638632246,336
basic_appreq,2108906,28811640785292,336
basic_appreq,2456069,28811643287205,336
basic_appreq,1517636,28811644848728,336
basic_appreq,2347068,28811647242496,336
basic_appreq,1772302,28811649055807,336
basic_appreq,2014633,28811651112163,336
basic_appreq,2837018,28811653981116,336
basic_appreq,2044222,28811656061190,336
basic_appreq,2061643,28811658170737,336
basic_appreq,2258462,28811660465142,336
basic_appreq,1567507,28811662084099,336
basic_appreq,1955523,28811664078951,336
basic_appreq,2100598,28811666220648,336
basic_appreq,1994734,28811668256685,336
basic_appreq,1840475,28811670145102,336
basic_appreq,2250795,28811672433407,336
basic_appreq,2084383,28811674557103,336
basic_appreq,1494049,28811676091560,336
basic_appreq,2451282,28811678585073,336
basic_appreq,1372909,28811679999220,336
basic_appreq,2088065,28811682156288,336
basic_appreq,2179688,28811684380363,336
basic_appreq,1501466,28811685928241,336
basic_appreq,2803095,28811688767956,336
basic_appreq,2021293,28811690827706,336
basic_appreq,1931260,28811692794990,336
basic_appreq,1992123,28811694824307,336
basic_appreq,1710313,28811696570722,336
basic_appreq,2354916,28811698963088,336
basic_appreq,1620128,28811700620101,336
basic_appreq,1909204,28811702575081,336
basic_appreq,2271880,28811704886733,336
basic_appreq,1236375,28811706166928,336
basic_appreq,2181832,28811708385143,336
basic_appreq,1919872,28811710349457,336
basic_appreq,2347483,28811712736419,336
basic_appreq,1178549,28811713961541,336
basic_appreq,1754100,28811715759377,336
basic_appreq,2366374,28811718159591,336
basic_appreq,2570565,28811720766455,336
basic_appreq,1809760,28811722625806,336
basic_appreq,2061668,28811724724864,336
basic_appreq,2605551,28811727366183,336
basic_appreq,2257444,28811729664759,336
basic_appreq,1391070,28811731097108,336
basic_appreq,2035432,28811733177789,336
basic_appreq,1809741,28811735036995,336
basic_appreq,2010110,28811737087149,336
basic_appreq,2778080,28811739913706,336
basic_appreq,2190269,28811742139869,336
basic_appreq,2142625,28811744339288,336
basic_appreq,1957736,28811746343331,336
basic_appreq,1761315,28811748148828,336
basic_appreq,1915079,28811750101644,336
basic_appreq,2025304,28811752162304,336
basic_appreq,2201504,28811754404312,336
basic_appreq,2109340,28811756557158,336
basic_appreq,1496652,28811758102184,336
basic_appreq,2308211,28811760451778,336
basic_appreq,1297350,28811761797509,336
basic_appreq,1472872,28811763314279,336
basic_appreq,2221825,28811765570966,336
basic_appreq,2013438,28811767631709,336
basic_appreq,1761550,28811769437248,336
basic_appreq,1998131,28811771472207,336
basic_appreq,2625665,28811774131279,336
basic_appreq,1957573,28811776124344,336
basic_appreq,2046817,28811778212186,336
basic_appreq,2569932,28811780834193,336
basic_appreq,1425956,28811782312081,336
basic_appreq,1934958,28811784285291,336
basic_appreq,1868402,28811786199395,336
basic_appreq,2238484,28811788470852,336
basic_appreq,1801082,28811790324534,336
basic_appreq,1868109,28811792226272,336
basic_appreq,2154148,28811794415914,336
basic_appreq,1904803,28811796364455,336
basic_appreq,1469757,28811797880063,336
basic_appreq,2263556,28811800184299,336
basic_appreq,1948937,28811802176342,336
basic_appreq,2321045,28811804536306,336
basic_appreq,1652375,28811806234585,336
basic_appreq,2084515,28811808361180,336
basic_appreq,2442092,28811810847132,336
basic_appreq,2257011,28811813144834,336
basic_appreq,2449529,28811815653655,336
basic_appreq,1913178,28811817604417,336
basic_appreq,2208927,28811819852603,336
basic_appreq,1375816,28811821271822,336
basic_appreq,1461191,28811822779585,336
basic_appreq,1861861,28811824677549,336
basic_appreq,1920519,28811826643320,336
basic_appreq,1864037,28811828546444,336
basic_appreq,2391764,28811830976643,336
basic_appreq,2189043,28811833203105,336
basic_appreq,2198774,28811835469222,336
basic_appreq,1973492,28811837477705,336
basic_appreq,2559541,28811840085785,336
basic_appreq,2117860,28811842240307,336
basic_appreq,1972603,28811844247467,336
basic_appreq,1687897,28811845988711,336
basic_appreq,2044845,28811848077809,336
basic_appreq,1841868,28811849968555,336
basic_appreq,2079509,28811852088877,336
basic_appreq,1832614,28811853963227,336
basic_appreq,1908848,28811855924338,336
basic_appreq,2251142,28811858206107,336
basic_appreq,2150123,28811860410286,336
basic_appreq,2321023,28811862773782,336
basic_appreq,1980687,28811864795574,336
basic_appreq,1694451,28811866537017,336
basic_appreq,2128724,28811868706036,336
basic_appreq,1757549,28811870522288,336
basic_appreq,2158439,28811872724563,336
basic_appreq,2010424,28811874776530,336
basic_appreq,1941375,28811876753678,336
basic_appreq,2113420,28811878909430,336
basic_appreq,1895888,28811880841633,336
basic_appreq,1817941,28811882698433,336
basic_appreq,1982129,28811884732536,336
basic_appreq,1710861,28811886484377,336
basic_appreq,2272127,28811888799883,336
basic_appreq,1459961,28811890306362,336
basic_appreq,1909062,28811892254126,336
basic_appreq,1392707,28811893696189,336
basic_appreq,2359879,28811896105234,336
basic_appreq,1314137,28811897458916,336
basic_appreq,2300108,28811899794380,336
basic_appreq,2014684,28811901843566,336
basic_appreq,2333389,28811904212975,336
basic_appreq,2088950,28811906340931,336
basic_appreq,2352017,28811908736707,336
basic_appreq,1529413,28811910312153,336
basic_appreq,2036361,28811912389092,336
basic_appreq,1944339,28811914383374,336
basic_appreq,1738567,28811916166362,336
basic_appreq,2000540,28811918219914,336
basic_appreq,2277791,28811920541902,336
basic_appreq,1649970,28811922240775,336
basic_appreq,2555631,28811924832917,336
basic_appreq,2158239,28811927029066,336
basic_appreq,2707981,28811929771403,336
basic_appreq,1928321,28811931753488,336
basic_appreq,2604926,28811934393996,336
basic_appreq,1087065,28811935520531,336
basic_appreq,2129594,28811937685089,336
basic_appreq,1466509,28811939196606,336
basic_appreq,1927239,28811941161979,336
basic_appreq,1587419,28811942796037,336
basic_appreq,2272264,28811945106196,336
basic_appreq,2531866,28811947678060,336
basic_appreq,2510250,28811950227045,336
basic_appreq,1675010,28811951940672,336
basic_appreq,1879721,28811953875544,336
basic_appreq,2169359,28811956101801,336
basic_appreq,2405139,28811958555053,336
basic_appreq,1884895,28811960483967,336
basic_appreq,1790399,28811962320638,336
basic_appreq,2798031,28811965181184,336
basic_appreq,2010002,28811967232909,336
basic_appreq,2367497,28811969641349,336
basic_appreq,2286848,28811971973053,336
basic_appreq,1337139,28811973367900,336
basic_appreq,1880484,28811975293461,336
basic_appreq,2175948,28811977506719,336
basic_appreq,3020691,28811980563960,336
basic_appreq,1737942,28811982337252,336
basic_appreq,2073373,28811984449852,336
basic_appreq,1903850,28811986395898,336
basic_appreq,1671417,28811988106762,336
basic_appreq,2101754,28811990248250,336
basic_appreq,2262383,28811992554584,336
basic_appreq,1531475,28811994132834,336
basic_appreq,2213022,28811996382814,336
basic_appreq,2047411,28811998476623,336
basic_appreq,2128714,28812000646229,336
basic_appreq,1976021,28812002660541,336
basic_appreq,2463278,28812005161515,336
basic_appreq,2209246,28812007408415,336
basic_appreq,2397926,28812009843950,336
basic_appreq,2311926,28812012202182,336
basic_appreq,1453695,28812013708070,336
basic_appreq,2090859,28812015842792,336
basic_appreq,2458638,28812018345007,336
basic_appreq,1340635,28812019728972,336
basic_appreq,1670554,28812021454307,336
basic_appreq,1725023,28812023220566,336
basic_appreq,1985666,28812025241915,336
basic_appreq,2445617,28812027725708,336
basic_appreq,1476787,28812029243508,336
basic_appreq,2452721,28812031750463,336
basic_appreq,2220570,28812034006752,336
basic_appreq,2034393,28812036078983,336
basic_appreq,2355616,28812038489328,336
basic_appreq,752020,28812039284741,336
basic_appreq,2193166,28812041511651,336
basic_appreq,2092563,28812043642125,336
basic_appreq,2076525,28812045786170,336
basic_appreq,2551078,28812048376946,336
basic_appreq,2191421,28812050605452,336
basic_appreq,1454574,28812052099505,336
basic_appreq,1955426,28812054112383,336
basic_appreq,2333774,28812056483639,336
basic_appreq,2317555,28812058848259,336
basic_appreq,1563664,28812060456525,336
basic_appreq,1812285,28812062316335,336
basic_appreq,1844965,28812064204932,336
basic_appreq,2122367,28812066373460,336
basic_appreq,2133252,28812068545951,336
basic_appreq,1563381,28812070152450,336
basic_appreq,2168769,28812072358387,336
basic_appreq,2225609,28812074627469,336
basic_appreq,2094247,28812076759657,336
basic_appreq,2332242,28812079132775,336
basic_appreq,1538542,28812080725476,336
basic_appreq,2617677,28812083386176,336
basic_appreq,1924862,28812085345679,336
basic_appreq,2226151,28812087609732,336
basic_appreq,2372700,28812090018499,336
basic_appreq,1488725,28812091548810,336
basic_appreq,1514747,28812093103732,336
basic_appreq,2579503,28812095721095,336
basic_appreq,833543,28812096594310,336
basic_appreq,1791683,28812098423194,336
basic_appreq,2441680,28812100902580,336
basic_appreq,1912535,28812102855199,336
basic_appreq,2280976,28812105180271,336
basic_appreq,1864343,28812107091250,336
basic_appreq,2670057,28812109798884,336
basic_appreq,2434710,28812112270241,336
basic_appreq,1585479,28812113898826,336
basic_appreq,1881635,28812115817976,336
basic_appreq,2198386,28812118050148,336
basic_appreq,2463541,28812120549701,336
basic_appreq,2154014,28812122745200,336
basic_appreq,1438452,28812124228410,336
basic_appreq,1798323,28812126082732,336
basic_appreq,2110674,28812128232041,336
basic_appreq,2281178,28812130552379,336
basic_appreq,1591492,28812132186851,336
basic_appreq,1738629,28812133972120,336
basic_appreq,1572737,28812135584075,336
basic_appreq,2036063,28812137656013,336
basic_appreq,2451688,28812140145498,336
basic_appreq,1601503,28812141789653,336
basic_appreq,1654481,28812143487979,336
basic_appreq,1630999,28812145154596,336
basic_appreq,2021328,28812147217027,336
basic_appreq,1907831,28812149166638,336
basic_appreq,2085165,28812151290230,336
basic_appreq,1556116,28812152890900,336
basic_appreq,1979730,28812154912877,336
basic_appreq,2069685,28812157018915,336
basic_appreq,2127013,28812159193100,336
basic_appreq,1691944,28812160925700,336
basic_appreq,2288980,28812163251646,336
basic_appreq,2308785,28812165597231,336
basic_appreq,2043829,28812167688394,336
basic_appreq,1552150,28812169284404,336
basic_appreq,1968407,28812171292048,336
basic_appreq,2317123,28812173653120,336
basic_appreq,1561222,28812175265736,336
basic_appreq,2508520,28812177809497,336
basic_appreq,2539471,28812180392332,336
basic_appreq,2166559,28812182596252,336
basic_appreq,2054982,28812184686779,336
basic_appreq,2617323,28812187350301,336
basic_appreq,2285490,28812189671216,336
basic_appreq,1385299,28812191102118,336
basic_appreq,1649871,28812192790254,336
basic_appreq,2599711,28812195443209,336
basic_appreq,2517636,28812197995653,336
basic_appreq,2370970,28812200410684,336
basic_appreq,1138493,28812201598402,336
basic_appreq,1744902,28812203386924,336
basic_appreq,2047974,28812205478025,336
basic_appreq,2135598,28812207650432,336
basic_appreq,1718739,28812209406051,336
basic_appreq,1985266,28812211429135,336
basic_appreq,1983868,28812213449314,336
basic_appreq,2503877,28812215995772,336
basic_appreq,1457687,28812217530112,336
basic_appreq,1996261,28812219562811,336
basic_appreq,1442829,28812221040598,336
basic_appreq,2081513,28812223156970,336
basic_appreq,1429445,28812224625496,336
basic_appreq,2069846,28812226738343,336
basic_appreq,2088114,28812228865517,336
basic_appreq,2495331,28812231404454,336
basic_appreq,1487316,28812232934180,336
basic_appreq,1975082,28812234954284,336
basic_appreq,1782215,28812236775767,336
basic_appreq,1957466,28812238772780,336
basic_appreq,1850673,28812240663339,336
basic_appreq,1850757,28812242554532,336
basic_appreq,2060849,28812244648347,336
basic_appreq,1824799,28812246521126,336
basic_appreq,2467760,28812249028406,336
basic_appreq,1945053,28812251009278,336
basic_appreq,1957864,28812252999919,336
basic_appreq,1590519,28812254646470,336
basic_appreq,2237194,28812256919199,336
basic_appreq,2233969,28812259195012,336
basic_appreq,2142574,28812261381619,336
basic_appreq,1453408,28812262883738,336
basic_appreq,1947044,28812264867161,336
basic_appreq,2062854,28812266977369,336
basic_appreq,2075184,28812269096978,336
basic_appreq,1501822,28812270646338,336
basic_appreq,2136600,28812272818894,336
basic_appreq,2722257,28812275578688,336
basic_appreq,2127184,28812277740258,336
basic_appreq,2639355,28812280415493,336
basic_appreq,1541388,28812281996765,336
basic_appreq,1730543,28812283764698,336
basic_appreq,2294613,28812286093462,336
basic_appreq,1407742,28812287542508,336
basic_appreq,1970658,28812289547040,336
basic_appreq,1675060,28812291267185,336
basic_appreq,1879312,28812293184367,336
basic_appreq,2171967,28812295396258,336
basic_appreq,2086695,28812297523773,336
basic_appreq,1827426,28812299394947,336
basic_appreq,2589347,28812302022717,336
basic_appreq,1912046,28812303977745,336
basic_appreq,1889062,28812305934084,336
basic_appreq,1879232,28812307853920,336
basic_appreq,2185740,28812310075724,336
basic_appreq,1976304,28812312091045,336
basic_appreq,2472979,28812314602979,336
basic_appreq,1373449,28812316020987,336
basic_appreq,2177248,28812318238139,336
basic_appreq,2527546,28812320809049,336
basic_appreq,2130398,28812322983230,336
basic_appreq,2199335,28812325226417,336
basic_appreq,2397260,28812327669849,336
basic_appreq,1328609,28812329042318,336
basic_appreq,1788430,28812330876048,336
basic_appreq,1849154,28812332760569,336
basic_appreq,2002522,28812334801637,336
basic_appreq,1601600,28812336446828,336
basic_appreq,2135711,28812338622987,336
basic_appreq,2091197,28812340750304,336
basic_appreq,2069835,28812342862231,336
basic_appreq,2537308,28812345438674,336
basic_appreq,1496090,28812346982380,336
basic_appreq,2209313,28812349235022,336
basic_appreq,1060270,28812350333870,336
basic_appreq,1874393,28812352242669,336
basic_appreq,1957710,28812354235514,336
basic_appreq,1961159,28812356230611,336
basic_appreq,2320229,28812358591140,336
basic_appreq,2592004,28812361220372,336
basic_appreq,2048002,28812363306906,336
basic_appreq,2058424,28812365404884,336
basic_appreq,1957419,28812367401900,336
basic_appreq,2003093,28812369442136,336
basic_appreq,1967660,28812371450645,336
basic_appreq,1546224,28812373032593,336
basic_appreq,2492236,28812375567607,336
basic_appreq,1286695,28812376897839,336
basic_appreq,1492139,28812378429059,336
basic_appreq,2414252,28812380880363,336
basic_appreq,616766,28812381535790,336
basic_appreq,1668363,28812383238944,336
basic_appreq,1560177,28812384837553,336
basic_appreq,1970197,28812386848033,336
basic_appreq,2150386,28812389038451,336
basic_appreq,1961698,28812391041663,336
basic_appreq,1652296,28812392733281,336
basic_appreq,2309658,28812395082661,336
basic_appreq,2581057,28812397699442,336
basic_appreq,1967981,28812399710555,336
basic_appreq,1770060,28812401524148,336
basic_appreq,2266000,28812403831064,336
basic_appreq,2023371,28812405893528,336
basic_appreq,1642157,28812407582322,336
basic_appreq,2406924,28812410025600,336
basic_appreq,2006547,28812412087643,336
basic_appreq,2535708,28812414667180,336
basic_appreq,1923953,28812416628733,336
basic_appreq,1384405,28812418055917,336
basic_appreq,2195890,28812420289429,336
basic_appreq,2190935,28812422523512,336
basic_appreq,2235070,28812424796520,336
basic_appreq,2357047,28812427193690,336
basic_appreq,2096018,28812429326864,336
basic_appreq,2291791,28812431664406,336
basic_appreq,2052169,28812433760775,336
basic_appreq,1401060,28812435208225,336
basic_appreq,2011817,28812437253788,336
basic_appreq,1722397,28812439021536,336
basic_appreq,1991541,28812441048147,336
basic_appreq,2032726,28812443117891,336
basic_appreq,2143932,28812445299115,336
basic_appreq,2380095,28812447721920,336
basic_appreq,874951,28812448641193,336
basic_appreq,2057239,28812450733810,336
basic_appreq,2295214,28812453068927,336
basic_appreq,1366439,28812454477108,336
basic_appreq,5204779,28812459721779,336
basic_appreq,1917080,28812461685912,336
basic_appreq,1898561,28812463648965,336
basic_appreq,2284658,28812465973005,336
basic_appreq,2694641,28812468704764,336
basic_appreq,1977910,28812470724421,336
basic_appreq,2616671,28812473385662,336
basic_appreq,2436268,28812475866153,336
basic_appreq,1523408,28812477433550,336
basic_appreq,2069590,28812479550139,336
basic_appreq,2463428,28812482052243,336
basic_appreq,2264354,28812484352303,336
basic_appreq,2841852,28812487236170,336
basic_appreq,1655601,28812488926193,336
basic_appreq,2195118,28812491173755,336
basic_appreq,2069946,28812493287696,336
basic_appreq,1896613,28812495232669,336
basic_appreq,1991919,28812497269334,336
basic_appreq,2104659,28812499417775,336
basic_appreq,2057037,28812501514371,336
basic_appreq,2528110,28812504087029,336
basic_appreq,2342838,28812506473780,336
basic_appreq,685075,28812507202433,336
basic_appreq,2117786,28812509350370,336
basic_appreq,2237774,28812511622482,336
basic_appreq,2327864,28812513983172,336
basic_appreq,1471700,28812515498094,336
basic_appreq,2308729,28812517850600,336
basic_appreq,1139537,28812519035729,336
basic_appreq,2153329,28812521227462,336
basic_appreq,1957340,28812523225556,336
basic_appreq,1847313,28812525114802,336
basic_appreq,2535661,28812527690584,336
basic_appreq,2405844,28812530134703,336
basic_appreq,2313017,28812532491201,336
basic_appreq,1629165,28812534167684,336
basic_appreq,1873304,28812536078485,336
basic_appreq,1955135,28812538080448,336
basic_appreq,1758092,28812539877050,336
basic_appreq,1753905,28812541674133,336
basic_appreq,2212015,28812543922485,336
basic_appreq,2223363,28812546185881,336
basic_appreq,2346641,28812548575209,336
basic_appreq,1474606,28812550090863,336
basic_appreq,1547318,28812551677363,336
basic_appreq,1999166,28812553711803,336
basic_appreq,2600080,28812556350536,336
basic_appreq,1655707,28812558055542,336
basic_appreq,2215947,28812560310859,336
basic_appreq,1389117,28812561745638,336
basic_appreq,2305269,28812564087426,336
basic_appreq,2297342,28812566423296,336
basic_appreq,2178224,28812568638671,336
basic_appreq,2511724,28812571188605,336
basic_appreq,2271345,28812573500706,336
basic_appreq,1563927,28812575111764,336
basic_appreq,2318205,28812577467452,336
basic_appreq,1350820,28812578860908,336
basic_appreq,2284920,28812581181906,336
basic_appreq,1496529,28812582726276,336
basic_appreq,1896688,28812584661646,336
basic_appreq,2175119,28812586879636,336
basic_appreq,1994553,28812588918142,336
basic_appreq,2118349,28812591081887,336
basic_appreq,1793516,28812592928761,336
basic_appreq,2657988,28812595628234,336
basic_appreq,1653555,28812597325139,336
basic_appreq,2272632,28812599637156,336
basic_appreq,2064347,28812601737733,336
basic_appreq,2482776,28812604265665,336
basic_appreq,2071710,28812606374899,336
basic_appreq,1115791,28812607534213,336
basic_appreq,1433230,28812609010815,336
basic_appreq,2108826,28812611156511,336
basic_appreq,2451405,28812613652286,336
basic_appreq,1571223,28812615262807,336
basic_appreq,2074726,28812617373817,336
basic_appreq,1736126,28812619151563,336
basic_appreq,2530554,28812621718317,336
basic_appreq,2527052,28812624283249,336
basic_appreq,1498122,28812625823503,336
basic_appreq,1825747,28812627704495,336
basic_appreq,2294525,28812630043197,336
basic_appreq,1685422,28812631777200,336
basic_appreq,1767022,28812633589154,336
basic_appreq,2195418,28812635833956,336
basic_appreq,1639138,28812637512603,336
basic_appreq,2153097,28812639705362,336
basic_appreq,2757026,28812642498890,336
basic_appreq,2078181,28812644614102,336
basic_appreq,2542146,28812647210815,336
basic_appreq,2312164,28812649564369,336
basic_appreq,1415378,28812651026285,336
basic_appreq,1678446,28812652743006,336
basic_appreq,1912201,28812654690153,336
basic_appreq,1863431,28812656586827,336
basic_appreq,2561025,28812659189700,336
basic_appreq,2279321,28812661509440,336
basic_appreq,2600491,28812664157058,336
basic_appreq,1696057,28812665901389,336
basic_appreq,1552224,28812667497602,336
basic_appreq,2507348,28812670056636,336
basic_appreq,2560215,28812672657056,336
basic_appreq,1499253,28812674197202,336
basic_appreq,2111589,28812676352774,336
basic_appreq,2097194,28812678509693,336
basic_appreq,2410030,28812680957170,336
basic_appreq,2292912,28812683297029,336
basic_appreq,2819851,28812686155079,336
basic_appreq,1598131,28812687788701,336
basic_appreq,2325961,28812690149319,336
basic_appreq,2367649,28812692556192,336
basic_appreq,1642213,28812694238292,336
basic_appreq,1981407,28812696259679,336
basic_appreq,2351085,28812698650213,336
basic_appreq,1384794,28812700079135,336
basic_appreq,2020097,28812702155057,336
basic_appreq,2138581,28812704334798,336
basic_appreq,2062597,28812706441175,336
basic_appreq,2195112,28812708680430,336
basic_appreq,2426187,28812711151679,336
basic_appreq,1349383,28812712559135,336
basic_appreq,1609779,28812714216198,336
basic_appreq,2127082,28812716379106,336
basic_appreq,2297077,28812718719483,336
basic_appreq,1408822,28812720164408,336
basic_appreq,1621671,28812721835761,336
basic_appreq,1875927,28812723746476,336
basic_appreq,2199833,28812725986660,336
basic_appreq,1124552,28812727157098,336
basic_appreq,2229499,28812729422705,336
basic_appreq,1787990,28812731252933,336
basic_appreq,2378635,28812733670624,336
basic_appreq,2069411,28812735780426,336
basic_appreq,2168330,28812737988726,336
basic_appreq,2691387,28812740725080,336
basic_appreq,2496796,28812743279241,336
basic_appreq,1619981,28812744943516,336
basic_appreq,1726760,28812746711560,336
basic_appreq,2406673,28812749163154,336
basic_appreq,2157830,28812751358742,336
basic_appreq,1473686,28812752868733,336
basic_appreq,2635263,28812755543295,336
basic_appreq,2339567,28812757924075,336
basic_appreq,1465730,28812759438363,336
basic_appreq,2048948,28812761531451,336
basic_appreq,1564877,28812763143869,336
basic_appreq,2030214,28812765210240,336
basic_appreq,2037522,28812767301416,336
basic_appreq,1995144,28812769332868,336
basic_appreq,2340011,28812771720391,336
basic_appreq,2321620,28812774085413,336
basic_appreq,1296487,28812775427843,336
basic_appreq,1961366,28812777428309,336
basic_appreq,2366289,28812779835437,336
basic_appreq,1717446,28812781596909,336
basic_appreq,2113061,28812783749695,336
basic_appreq,2456094,28812786247825,336
basic_appreq,1491622,28812787781130,336
basic_appreq,2228208,28812790051426,336
basic_appreq,1642012,28812791742554,336
basic_appreq,2572716,28812794352188,336
basic_appreq,1714475,28812796105571,336
basic_appreq,2550978,28812798700706,336
basic_appreq,1879467,28812800618434,336
basic_appreq,2190303,28812802851688,336
basic_appreq,1694444,28812804589974,336
basic_appreq,1824529,28812806462301,336
basic_appreq,1813202,28812808319289,336
basic_appreq,2384867,28812810742734,336
basic_appreq,1943089,28812812722218,336
basic_appreq,1702079,28812814473540,336
basic_appreq,2076725,28812816591243,336
basic_appreq,1828120,28812818467988,336
basic_appreq,2527572,28812821040404,336
basic_appreq,1586710,28812822673353,336
basic_appreq,2214776,28812824940438,336
basic_appreq,2142341,28812827121549,336
basic_appreq,1780143,28812828942830,336
basic_appreq,2543540,28812831523745,336
basic_appreq,2409759,28812833970169,336
basic_appreq,2513391,28812836527132,336
basic_appreq,1649904,28812838224857,336
basic_appreq,2232638,28812840497312,336
basic_appreq,1366482,28812841913476,336
basic_appreq,2160198,28812844111214,336
basic_appreq,1677115,28812845833025,336
basic_appreq,1944653,28812847815063,336
basic_appreq,2368910,28812850220429,336
basic_appreq,1981030,28812852243990,336
basic_appreq,1895191,28812854181734,336
basic_appreq,2339923,28812856573708,336
basic_appreq,1238715,28812857860814,336
basic_appreq,1660993,28812859565202,336
basic_appreq,2216733,28812861817134,336
basic_appreq,2335093,28812864188468,336
basic_appreq,2216303,28812866449966,336
basic_appreq,1795860,28812868289808,336
basic_appreq,2274289,28812870609567,336
basic_appreq,2342938,28812872991068,336
basic_appreq,1966631,28812874998685,336
basic_appreq,1492883,28812876533966,336
basic_appreq,2022972,28812878607316,336
basic_appreq,1461594,28812880112836,336
basic_appreq,2041511,28812882196285,336
basic_appreq,1626454,28812883860552,336
basic_appreq,1922203,28812885816939,336
basic_appreq,2674230,28812888550576,336
basic_appreq,2254762,28812890841385,336
basic_appreq,2423477,28812893313913,336
basic_appreq,1345550,28812894709107,336
basic_appreq,2270333,28812897020538,336
basic_appreq,2173683,28812899234874,336
basic_appreq,1686584,28812900965341,336
basic_appreq,1986408,28812903001991,336
basic_appreq,2466373,28812905501868,336
basic_appreq,2203739,28812907742571,336
basic_appreq,2074253,28812909852631,336
basic_appreq,2314351,28812912213377,336
basic_appreq,1440227,28812913696536,336
basic_appreq,1681071,28812915417068,336
basic_appreq,2322047,28812917774857,336
basic_appreq,1961458,28812919774792,336
basic_appreq,2427437,28812922241234,336
basic_appreq,1328343,28812923610891,336
basic_appreq,1804987,28812925454294,336
basic_appreq,1829967,28812927324497,336
basic_appreq,1508564,28812928872161,336
basic_appreq,1627770,28812930546798,336
basic_appreq,2369358,28812932954285,336
basic_appreq,2147161,28812935138476,336
basic_appreq,1414497,28812936596892,336
basic_appreq,1386710,28812938031119,336
basic_appreq,5583043,28812943648854,336
basic_appreq,1675268,28812945360589,336
basic_appreq,2195448,28812947586596,336
basic_appreq,2401541,28812950029835,336
basic_appreq,2141594,28812952197933,336
basic_appreq,1962475,28812954188025,336
basic_appreq,2204914,28812956435763,336
basic_appreq,1288048,28812957768452,336
basic_appreq,1918111,28812959728659,336
basic_appreq,2363511,28812962134319,336
basic_appreq,2276845,28812964455953,336
basic_appreq,2385257,28812966887559,336
basic_appreq,2161125,28812969087362,336
basic_appreq,2429264,28812971558016,336
basic_appreq,2313187,28812973906882,336
basic_appreq,2546202,28812976495837,336
basic_appreq,1588306,28812978135544,336
basic_appreq,2116204,28812980298163,336
basic_appreq,2189173,28812982535417,336
basic_appreq,1467686,28812984047045,336
basic_appreq,2108879,28812986195435,336
basic_appreq,1828225,28812988061684,336
basic_appreq,2138083,28812990236300,336
basic_appreq,1983416,28812992260582,336
basic_appreq,2104285,28812994419395,336
basic_appreq,1443405,28812995906291,336
basic_appreq,1914487,28812997856994,336
basic_appreq,2180473,28813000078305,336
basic_appreq,2306037,28813002430807,336
basic_appreq,1553494,28813004025991,336
basic_appreq,1575993,28813005649595,336
basic_appreq,2425541,28813008111480,336
basic_appreq,2002803,28813010158502,336
basic_appreq,2442747,28813012649182,336
basic_appreq,2405733,28813015096606,336
basic_appreq,1137518,28813016277822,336
basic_appreq,1550940,28813017874530,336
basic_appreq,1644058,28813019555906,336
basic_appreq,2036159,28813021629682,336
basic_appreq,2072924,28813023746756,336
basic_appreq,1350552,28813025141239,336
basic_appreq,1983996,28813027165506,336
basic_appreq,2740152,28813029946512,336
basic_appreq,1566810,28813031554037,336
basic_appreq,1882526,28813033477341,336
basic_appreq,2138622,28813035657772,336
basic_appreq,2415533,28813038110860,336
basic_appreq,2033942,28813040187726,336
basic_appreq,1437401,28813041665437,336
basic_appreq,2274770,28813043979770,336
basic_appreq,1542795,28813045594407,336
basic_appreq,1910119,28813047550137,336
basic_appreq,1948615,28813049535188,336
basic_appreq,1629734,28813051203176,336
basic_appreq,2499854,28813053740167,336
basic_appreq,1899370,28813055683786,336
basic_appreq,1995598,28813057718460,336
basic_appreq,2931113,28813060695760,336
basic_appreq,2187049,28813062921525,336
basic_appreq,2291163,28813065254874,336
basic_appreq,2418127,28813067720228,336
basic_appreq,4128457,28813071892930,336
basic_appreq,1868588,28813073798148,336
basic_appreq,2045369,28813075882956,336
basic_appreq,1963421,28813077883912,336
basic_appreq,2150476,28813080071523,336
basic_appreq,1527966,28813081642743,336
basic_appreq,1762719,28813083432732,336
basic_appreq,1947807,28813085408549,336
basic_appreq,1367128,28813086804947,336
basic_appreq,2197307,28813089028351,336
basic_appreq,2031937,28813091105661,336
basic_appreq,1799173,28813092947050,336
basic_appreq,2203217,28813095182512,336
basic_appreq,2510390,28813097732545,336
basic_appreq,1521960,28813099300089,336
basic_appreq,1848266,28813101210645,336
basic_appreq,2182143,28813103439919,336
basic_appreq,2146184,28813105634949,336
basic_appreq,2068969,28813107749713,336
basic_appreq,2078359,28813109871791,336
basic_appreq,1247667,28813111164667,336
basic_appreq,1688741,28813112893461,336
basic_appreq,2054732,28813114987997,336
basic_appreq,2036277,28813117062822,336
basic_appreq,1461095,28813118567421,336
basic_appreq,2430620,28813121032659,336
basic_appreq,2154334,28813123234756,336
basic_appreq,1973189,28813125245288,336
basic_appreq,1421161,28813126705132,336
basic_appreq,2127461,28813128872104,336
basic_appreq,2091023,28813131000686,336
basic_appreq,2176046,28813133212196,336
basic_appreq,1869670,28813135128823,336
basic_appreq,2275074,28813137447908,336
basic_appreq,1878821,28813139373311,336
basic_appreq,2143932,28813141558921,336
basic_appreq,2099860,28813143700371,336
basic_appreq,2217099,28813145953855,336
basic_appreq,2541949,28813148547256,336
basic_appreq,2345748,28813150935641,336
basic_appreq,1475333,28813152450597,336
basic_appreq,1430169,28813153922971,336
basic_appreq,2480952,28813156445758,336
basic_appreq,1563634,28813158051581,336
basic_appreq,1747195,28813159838411,336
basic_appreq,1726033,28813161604066,336
basic_appreq,2095621,28813163740208,336
basic_appreq,1934560,28813165710708,336
basic_appreq,2372891,28813168131083,336
basic_appreq,1505338,28813169686966,336
basic_appreq,1742357,28813171468753,336
basic_appreq,2452280,28813173957341,336
basic_appreq,1880791,28813175879960,336
basic_appreq,1436144,28813177355000,336
basic_appreq,2247154,28813179652907,336
basic_appreq,1596668,28813181293136,336
basic_appreq,2285483,28813183615352,336
basic_appreq,1429246,28813185081916,336
basic_appreq,1473092,28813186596996,336
basic_appreq,2003524,28813188636433,336
basic_appreq,2118442,28813190797428,336
basic_appreq,1569344,28813192410120,336
basic_appreq,2023400,28813194469738,336
basic_appreq,1916160,28813196426813,336
basic_appreq,1390663,28813197865579,336
basic_appreq,1867942,28813199770896,336
basic_appreq,1593416,28813201408632,336
basic_appreq,2189247,28813203636386,336
basic_appreq,2331130,28813206002808,336
basic_appreq,2031450,28813208076425,336
basic_appreq,1838746,28813209961853,336
basic_appreq,2131011,28813212136152,336
basic_appreq,1531212,28813213705992,336
basic_appreq,2370727,28813216116313,336
basic_appreq,2247986,28813218408011,336
basic_appreq,757319,28813219204445,336
basic_appreq,1969625,28813221207724,336
basic_appreq,2019098,28813223266194,336
basic_appreq,1937382,28813225255070,336
basic_appreq,2136379,28813227429560,336
basic_appreq,2376956,28813229842365,336
basic_appreq,2292681,28813232180499,336
basic_appreq,1442670,28813233665269,336
basic_appreq,2233685,28813235943615,336
basic_appreq,2004056,28813237990310,336
basic_appreq,1603715,28813239637727,336
basic_appreq,1974280,28813241649772,336
basic_appreq,1945593,28813243639060,336
basic_appreq,2177318,28813245856512,336
basic_appreq,1560679,28813247463468,336
basic_appreq,2162818,28813249663854,336
basic_appreq,2293167,28813251999937,336
basic_appreq,1432095,28813253501137,336
basic_appreq,1514296,28813255056323,336
basic_appreq,1979153,28813257074317,336
basic_appreq,2586599,28813259698294,336
basic_appreq,2270668,28813262025091,336
basic_appreq,2090298,28813264161459,336
basic_appreq,2561645,28813266766489,336
basic_appreq,2017153,28813268819665,336
basic_appreq,1880354,28813270736776,336
basic_appreq,2000442,28813272772407,336
basic_appreq,2276040,28813275088128,336
basic_appreq,2049184,28813277175422,336
basic_appreq,2476038,28813279697630,336
basic_appreq,1975155,28813281710449,336
basic_appreq,1919215,28813283670211,336
basic_appreq,1953173,28813285660547,336
basic_appreq,1485930,28813287186322,336
basic_appreq,1572915,28813288799665,336
basic_appreq,2549224,28813291395157,336
basic_appreq,2256741,28813293686656,336
basic_appreq,2336931,28813296065725,336
basic_appreq,2334290,28813298436675,336
basic_appreq,1622730,28813300100130,336
basic_appreq,1352206,28813301503949,336
basic_appreq,2351220,28813303892447,336
basic_appreq,1567142,28813305503586,336
basic_appreq,1794041,28813307360840,336
basic_appreq,2385620,28813309786873,336
basic_appreq,2127339,28813311953886,336
basic_appreq,2671041,28813314662729,336
basic_appreq,1620951,28813316321550,336
basic_appreq,2036887,28813318398192,336
basic_appreq,2165807,28813320607407,336
basic_appreq,2653683,28813323308101,336
basic_appreq,2296686,28813325657587,336
basic_appreq,1673242,28813327377949,336
basic_appreq,2285197,28813329702512,336
basic_appreq,1853614,28813331603928,336
basic_appreq,2664725,28813334305710,336
basic_appreq,1674676,28813336026404,336
basic_appreq,2142557,28813338218977,336
basic_appreq,2141173,28813340401284,336
basic_appreq,2263020,28813342704912,336
basic_appreq,1802834,28813344545358,336
basic_appreq,1872979,28813346463301,336
basic_appreq,1776452,28813348276962,336
basic_appreq,1646912,28813349960517,336
basic_appreq,2463839,28813352468941,336
basic_appreq,2034770,28813354539710,336
basic_appreq,2526416,28813357106712,336
basic_appreq,1966206,28813359116493,336
basic_appreq,2322736,28813361480321,336
basic_appreq,2300633,28813363824280,336
basic_appreq,1860663,28813365730409,336
basic_appreq,1867157,28813367643849,336
basic_appreq,2719064,28813370399339,336
basic_appreq,2067552,28813372510065,336
basic_appreq,1542043,28813374099756,336
basic_appreq,1899913,28813376036352,336
basic_appreq,1715515,28813377800962,336
basic_appreq,2074369,28813379911054,336
basic_appreq,2207130,28813382170164,336
basic_appreq,2014053,28813384220916,336
basic_appreq,1756911,28813386015061,336
basic_appreq,1936762,28813387988152,336
basic_appreq,2381574,28813390427557,336
basic_appreq,1457376,28813391933211,336
basic_appreq,4717003,28813396689519,336
basic_appreq,1885860,28813398620857,336
basic_appreq,1911881,28813400570112,336
basic_appreq,1864543,28813402470964,336
basic_appreq,1933017,28813404437934,336
basic_appreq,1953938,28813406418697,336
basic_appreq,1936233,28813408393794,336
basic_appreq,2353026,28813410773830,336
basic_appreq,1340760,28813412142129,336
basic_appreq,2076534,28813414247815,336
basic_appreq,2088403,28813416378293,336
basic_appreq,2050392,28813418479591,336
basic_appreq,2649832,28813421187222,336
basic_appreq,1855266,28813423079087,336
basic_appreq,2090660,28813425202704,336
basic_appreq,2192929,28813427438721,336
basic_appreq,2277627,28813429755940,336
basic_appreq,1688153,28813431492399,336
basic_appreq,2485429,28813434017604,336
basic_appreq,2667723,28813436722963,336
basic_appreq,1316583,28813438085829,336
basic_appreq,1717048,28813439847777,336
basic_appreq,2614347,28813442497629,336
basic_appreq,1854591,28813444390113,336
basic_appreq,2162265,28813446591135,336
basic_appreq,2400181,28813449035843,336
basic_appreq,1943196,28813451037600,336
basic_appreq,1455777,28813452537912,336
basic_appreq,2033174,28813454610576,336
basic_appreq,2566203,28813457217970,336
basic_appreq,2535909,28813459791403,336
basic_appreq,2469424,28813462312900,336
basic_appreq,1934471,28813464285884,336
basic_appreq,2090273,28813466415489,336
basic_appreq,2595975,28813469046631,336
basic_appreq,2334919,28813471417319,336
basic_appreq,2165658,28813473618150,336
basic_appreq,2324037,28813475988912,336
basic_appreq,2120486,28813478172803,336
basic_appreq,2266728,28813480479485,336
basic_appreq,2289075,28813482815954,336
basic_appreq,1203856,28813484063481,336
basic_appreq,2260970,28813486362807,336
basic_appreq,2248390,28813488648731,336
basic_appreq,2402177,28813491095803,336
basic_appreq,2423357,28813493554083,336
basic_appreq,1990898,28813495582397,336
basic_appreq,2202399,28813497824790,336
basic_appreq,1835556,28813499698077,336
basic_appreq,2588057,28813502322212,336
basic_appreq,2491905,28813504852321,336
basic_appreq,1385387,28813506280518,336
basic_appreq,2211147,28813508531952,336
basic_appreq,2627960,28813511201800,336
basic_appreq,2557407,28813513793685,336
basic_appreq,2495884,28813516327542,336
basic_appreq,2073112,28813518460513,336
basic_appreq,2042873,28813520548628,336
basic_appreq,2042966,28813522637850,336
basic_appreq,2341863,28813525023389,336
basic_appreq,1633875,28813526705659,336
basic_appreq,2375466,28813529134824,336
basic_appreq,1368629,28813530545866,336
basic_appreq,2519328,28813533100437,336
basic_appreq,2734534,28813535875820,336
basic_appreq,1860564,28813537771726,336
basic_appreq,1941676,28813539752251,336
basic_appreq,2532618,28813542321111,336
basic_appreq,2095077,28813544453976,336
basic_appreq,2173676,28813546681184,336
basic_appreq,1680140,28813548405456,336
basic_appreq,2430723,28813550874760,336
basic_appreq,2484423,28813553395299,336
basic_appreq,2058150,28813555493142,336
basic_appreq,2655894,28813558185154,336
basic_appreq,2498822,28813560722610,336
basic_appreq,2468234,28813563229288,336
basic_appreq,1884836,28813565151092,336
basic_appreq,2484120,28813567687880,336
basic_appreq,2407425,28813570130654,336
basic_appreq,1928360,28813572096550,336
basic_appreq,2199414,28813574334844,336
basic_appreq,2023027,28813576395474,336
basic_appreq,1877346,28813578323800,336
basic_appreq,1813970,28813580177612,336
basic_appreq,2513626,28813582729269,336
basic_appreq,2895034,28813585664041,336
basic_appreq,2067652,28813587768996,336
basic_appreq,2547139,28813590356937,336
basic_appreq,2578486,28813592972335,336
basic_appreq,2418510,28813595428947,336
basic_appreq,1979532,28813597444902,336
basic_appreq,2143197,28813599626483,336
basic_appreq,2445268,28813602110938,336
basic_appreq,2450114,28813604602972,336
basic_appreq,2080450,28813606725274,336
basic_appreq,2119526,28813608883584,336
basic_appreq,2060525,28813610987253,336
basic_appreq,2267572,28813613293136,336
basic_appreq,1576998,28813614911554,336
basic_appreq,2375155,28813617322928,336
basic_appreq,2562496,28813619926641,336
basic_appreq,2560119,28813622521691,336
basic_appreq,1923885,28813624482951,336
basic_appreq,2395603,28813626915242,336
basic_appreq,1933553,28813628888079,336
basic_appreq,1990385,28813630915287,336
basic_appreq,1741481,28813632694256,336
basic_appreq,2249247,28813634981229,336
basic_appreq,2331771,28813637351818,336
basic_appreq,1569981,28813638965036,336
basic_appreq,2139104,28813641147669,336
basic_appreq,2330614,28813643520774,336
basic_appreq,2224916,28813645781298,336
basic_appreq,2117702,28813647936445,336
basic_appreq,1636165,28813649616753,336
basic_appreq,2581334,28813652237890,336
basic_appreq,2142653,28813654420891,336
basic_appreq,2258398,28813656719121,336
basic_appreq,1980479,28813658742257,336
basic_appreq,1883680,28813660669724,336
basic_appreq,2224010,28813662931673,336
basic_appreq,1704232,28813664679838,336
basic_appreq,1965149,28813666694313,336
basic_appreq,2068101,28813668799750,336
basic_appreq,1415030,28813670260011,336
basic_appreq,2148347,28813672443032,336
basic_appreq,1935478,28813674420499,336
basic_appreq,2170207,28813676625819,336
basic_appreq,2285108,28813678948623,336
basic_appreq,2353608,28813681343504,336
basic_appreq,2008196,28813683393615,336
basic_appreq,1335622,28813684782870,336
basic_appreq,2190022,28813687021657,336
basic_appreq,2608928,28813689675480,336
basic_appreq,2073009,28813691790191,336
basic_appreq,1781031,28813693614709,336
basic_appreq,1586780,28813695245355,336
basic_appreq,2388226,28813697677102,336
basic_appreq,2513658,28813700232048,336
basic_appreq,1833465,28813702110699,336
basic_appreq,2714892,28813704862312,336
basic_appreq,2006203,28813706907167,336
basic_appreq,2033644,28813708977683,336
basic_appreq,1725406,28813710741118,336
basic_appreq,2188829,28813712971791,336
basic_appreq,1385512,28813714409555,336
basic_appreq,1792907,28813716246715,336
basic_appreq,2432726,28813718722447,336
basic_appreq,2474956,28813721235702,336
basic_appreq,2445534,28813723721725,336
basic_appreq,2021836,28813725785138,336
basic_appreq,2321511,28813728154818,336
basic_appreq,1399354,28813729604269,336
basic_appreq,2192203,28813731840000,336
basic_appreq,2441585,28813734321332,336
basic_appreq,1602247,28813735982696,336
basic_appreq,1798472,28813737847415,336
basic_appreq,1669495,28813739563209,336
basic_appreq,2318138,28813741917002,336
basic_appreq,2415140,28813744370080,336
basic_appreq,2011525,28813746419204,336
basic_appreq,1655059,28813748110534,336
basic_appreq,1919568,28813750068421,336
basic_appreq,1573310,28813751695693,336
basic_appreq,1965222,28813753695862,336
basic_appreq,2028681,28813755762004,336
basic_appreq,1897895,28813757695773,336
basic_appreq,2478871,28813760212510,336
basic_appreq,2051390,28813762302985,336
basic_appreq,1732288,28813764078947,336
basic_appreq,2069897,28813766193987,336
basic_appreq,1383597,28813767616622,336
basic_appreq,1921233,28813769573896,336
basic_appreq,1795515,28813771416246,336
basic_appreq,2336783,28813773789029,336
basic_appreq,2005282,28813775837823,336
basic_appreq,2535231,28813778416866,336
basic_appreq,2006883,28813780465727,336
basic_appreq,1852437,28813782359910,336
basic_appreq,2229334,28813784628552,336
basic_appreq,1334158,28813786020219,336
basic_appreq,2337999,28813788394646,336
basic_appreq,1979885,28813790414546,336
basic_appreq,1378241,28813791832913,336
basic_appreq,1584504,28813793461631,336
basic_appreq,1749167,28813795262694,336
basic_appreq,1969630,28813797268119,336
basic_appreq,2050264,28813799356689,336
basic_appreq,2270000,28813801666725,336
basic_appreq,1975313,28813803688075,336
basic_appreq,1462029,28813805199830,336
basic_appreq,2300616,28813807542098,336
basic_appreq,1634819,28813809220055,336
basic_appreq,2409090,28813811664567,336
basic_appreq,2210048,28813813911606,336
basic_appreq,2150774,28813816102514,336
basic_appreq,1198942,28813817346995,336
basic_appreq,2243192,28813819628196,336
basic_appreq,1902468,28813821573896,336
basic_appreq,1522420,28813823140566,336
basic_appreq,2339524,28813825532860,336
basic_appreq,1568326,28813827148481,336
basic_appreq,2542422,28813829724509,336
basic_appreq,1743475,28813831502306,336
basic_appreq,2122796,28813833657600,336
basic_appreq,1784527,28813835482278,336
basic_appreq,2156004,28813837674699,336
basic_appreq,1530206,28813839246343,336
basic_appreq,2409386,28813841692220,336
basic_appreq,1917784,28813843657028,336
basic_appreq,2246782,28813845948345,336
basic_appreq,1362655,28813847350723,336
basic_appreq,1897511,28813849293033,336
basic_appreq,1725265,28813851065456,336
basic_appreq,1922340,28813853026467,336
basic_appreq,1959147,28813855021414,336
basic_appreq,2470143,28813857526429,336
basic_appreq,2390988,28813859960339,336
basic_appreq,2445854,28813862466169,336
basic_appreq,1530671,28813864043540,336
basic_appreq,2195969,28813866279890,336
basic_appreq,1631816,28813867958352,336
basic_appreq,2009503,28813870035496,336
basic_appreq,1926837,28813871997621,336
basic_appreq,2526766,28813874579272,336
basic_appreq,2039487,28813876654419,336
basic_appreq,1870235,28813878577373,336
basic_appreq,2245991,28813880866729,336
basic_appreq,1623250,28813882527113,336
basic_appreq,2228262,28813884789925,336
basic_appreq,2303682,28813887146650,336
basic_appreq,2547117,28813889730752,336
basic_appreq,1425733,28813891198360,336
basic_appreq,1873099,28813893115775,336
basic_appreq,1799689,28813894957483,336
basic_appreq,2029967,28813897023301,336
basic_appreq,2206443,28813899269517,336
basic_appreq,2424075,28813901731991,336
basic_appreq,2006823,28813903788694,336
basic_appreq,1704026,28813905536367,336
basic_appreq,1883671,28813907459410,336
basic_appreq,2082877,28813909594959,336
basic_appreq,1971547,28813911610653,336
basic_appreq,1908354,28813913556701,336
basic_appreq,2222407,28813915820914,336
basic_appreq,2047308,28813917903247,336
basic_appreq,2383921,28813920330078,336
basic_appreq,2380914,28813922755075,336
basic_appreq,1392284,28813924191101,336
basic_appreq,1773275,28813926011215,336
basic_appreq,2145505,28813928200355,336
basic_appreq,2653934,28813930897280,336
basic_appreq,2194382,28813933133494,336
basic_appreq,2607973,28813935784557,336
basic_appreq,1595831,28813937425121,336
basic_appreq,1616575,28813939089363,336
basic_appreq,2045223,28813941170728,336
basic_appreq,1834876,28813943054440,336
basic_appreq,1980772,28813945074033,336
basic_appreq,1877173,28813946998499,336
basic_appreq,1761363,28813948805626,336
basic_appreq,1675817,28813950529716,336
basic_appreq,2023170,28813952586605,336
basic_appreq,2010303,28813954633548,336
basic_appreq,2858853,28813957526176,336
basic_appreq,2655869,28813960235980,336
basic_appreq,1446961,28813961720748,336
basic_appreq,1941086,28813963701455,336
basic_appreq,1904983,28813965650393,336
basic_appreq,2233406,28813967934032,336
basic_appreq,1549116,28813969526576,336
basic_appreq,1922487,28813971495298,336
basic_appreq,2328917,28813973860976,336
basic_appreq,2178658,28813976076423,336
basic_appreq,2467587,28813978585979,336
basic_appreq,2647409,28813981269753,336
basic_appreq,2563997,28813983871773,336
basic_appreq,1679754,28813985598077,336
basic_appreq,2189280,28813987825555,336
basic_appreq,2521035,28813990383980,336
basic_appreq,1472715,28813991901088,336
basic_appreq,2176494,28813994117637,336
basic_appreq,2263284,28813996420543,336
basic_appreq,1559609,28813998025787,336
basic_appreq,1967110,28814000030913,336
basic_appreq,2108545,28814002187090,336
basic_appreq,1450446,28814003681568,336
basic_appreq,2308527,28814006027570,336
basic_appreq,2059831,28814008136158,336
basic_appreq,1467158,28814009648796,336
basic_appreq,2044148,28814011728052,336
basic_appreq,1890076,28814013655851,336
basic_appreq,1964536,28814015657196,336
basic_appreq,2434952,28814018127675,336
basic_appreq,2284524,28814020458480,336
basic_appreq,1711127,28814022215546,336
basic_appreq,2390253,28814024650255,336
basic_appreq,1813726,28814026502755,336
basic_appreq,2151820,28814028690061,336
basic_appreq,2071111,28814030812711,336
basic_appreq,2077744,28814032930051,336
basic_appreq,1582609,28814034558879,336
basic_appreq,1938434,28814036541463,336
basic_appreq,2077259,28814038666304,336
basic_appreq,2147800,28814040867409,336
basic_appreq,2753839,28814043669371,336
basic_appreq,2538894,28814046248353,336
basic_appreq,2253008,28814048539230,336
basic_appreq,2192399,28814050770937,336
basic_appreq,2165078,28814052976567,336
basic_appreq,1369882,28814054392348,336
basic_appreq,2144832,28814056579285,336
basic_appreq,2045957,28814058671975,336
basic_appreq,1682519,28814060398130,336
basic_appreq,2455104,28814062891334,336
basic_appreq,2065401,28814064992544,336
basic_appreq,2206521,28814067237707,336
basic_appreq,1965839,28814069247152,336
basic_appreq,2605453,28814071893247,336
basic_appreq,1462288,28814073396046,336
basic_appreq,1985597,28814075419987,336
basic_appreq,1701616,28814077161222,336
basic_appreq,1851630,28814079056519,336
basic_appreq,1619348,28814080712860,336
basic_appreq,1840577,28814082608943,336
basic_appreq,2488688,28814085133618,336
basic_appreq,2154040,28814087331781,336
basic_appreq,1495710,28814088871544,336
basic_appreq,1932997,28814090847151,336
basic_appreq,2074213,28814092971758,336
basic_appreq,2330044,28814095340346,336
basic_appreq,1615395,28814097010371,336
basic_appreq,1754964,28814098810890,336
basic_appreq,2370818,28814101216009,336
basic_appreq,1190575,28814102445693,336
basic_appreq,2437010,28814104922421,336
basic_appreq,2184608,28814107143490,336
basic_appreq,2380215,28814109568520,336
basic_appreq,1522411,28814111137149,336
basic_appreq,2130405,28814113310121,336
basic_appreq,1881774,28814115240602,336
basic_appreq,2199204,28814117483352,336
basic_appreq,1528334,28814119065413,336
basic_appreq,2092772,28814121195644,336
basic_appreq,2070621,28814123303365,336
basic_appreq,2168731,28814125511470,336
basic_appreq,2246629,28814127804138,336
basic_appreq,2719147,28814130568288,336
basic_appreq,2404507,28814133007864,336
basic_appreq,1713821,28814134764223,336
basic_appreq,1942479,28814136742076,336
basic_appreq,2220308,28814138999386,336
basic_appreq,2582376,28814141617068,336
basic_appreq,1662022,28814143325813,336
basic_appreq,2044078,28814145405411,336
basic_appreq,2469526,28814147913303,336
basic_appreq,2209365,28814150158614,336
basic_appreq,2385869,28814152591680,336
basic_appreq,899695,28814153532397,336
basic_appreq,2114779,28814155686090,336
basic_appreq,2306961,28814158032009,336
basic_appreq,2285674,28814160363781,336
basic_appreq,1630909,28814162041267,336
basic_appreq,1960065,28814164037537,336
basic_appreq,2315315,28814166394841,336
basic_appreq,2536804,28814168967568,336
basic_appreq,1348612,28814170354367,336
basic_appreq,2334585,28814172727644,336
basic_appreq,2230643,28814175033800,336
basic_appreq,1436203,28814176513153,336
basic_appreq,2221180,28814178788911,336
basic_appreq,1852897,28814180678112,336
basic_appreq,2519680,28814183232388,336
basic_appreq,2246637,28814185513671,336
basic_appreq,1966184,28814187528934,336
basic_appreq,1457447,28814189031052,336
basic_appreq,2178876,28814191244662,336
basic_appreq,2158405,28814193442659,336
basic_appreq,2166908,28814195648480,336
basic_appreq,2191499,28814197884186,336
basic_appreq,1426464,28814199357461,336
basic_appreq,2353543,28814201754236,336
basic_appreq,1883178,28814203683438,336
basic_appreq,1794948,28814205522177,336
basic_appreq,2042859,28814207602107,336
basic_appreq,1892607,28814209542719,336
basic_appreq,2485806,28814212063508,336
basic_appreq,2101348,28814214207285,336
basic_appreq,1584328,28814215835376,336
basic_appreq,2505499,28814218375175,336
basic_appreq,1552534,28814219969011,336
basic_appreq,1991520,28814222012712,336
basic_appreq,2380983,28814224436626,336
basic_appreq,1842250,28814226319661,336
basic_appreq,1766046,28814228122976,336
basic_appreq,2015406,28814230181826,336
basic_appreq,2286336,28814232510452,336
basic_appreq,2016507,28814234566955,336
basic_appreq,2263371,28814236872523,336
basic_appreq,1628141,28814238540711,336
basic_appreq,1973275,28814240557928,336
basic_appreq,1934909,28814242539134,336
basic_appreq,1898382,28814244475086,336
basic_appreq,2166001,28814246689224,336
basic_appreq,2692365,28814249438198,336
basic_appreq,2598478,28814252076394,336
basic_appreq,2023234,28814254157810,336
basic_appreq,2331691,28814256533508,336
basic_appreq,2247542,28814258824016,336
basic_appreq,4789115,28814263653260,336
basic_appreq,2108337,28814265797311,336
basic_appreq,1864800,28814267701447,336
basic_appreq,1903728,28814269640832,336
basic_appreq,2083243,28814271758098,336
basic_appreq,1838014,28814273634921,336
basic_appreq,1920740,28814275583629,336
basic_appreq,1969693,28814277579734,336
basic_appreq,1572348,28814279192534,336
basic_appreq,2078055,28814281296185,336
basic_appreq,2295005,28814283637723,336
basic_appreq,1080843,28814284761269,336
basic_appreq,1403601,28814286192217,336
basic_appreq,1975905,28814288195207,336
basic_appreq,1456245,28814289691926,336
basic_appreq,2264236,28814292000032,336
basic_appreq,2203065,28814294266723,336
basic_appreq,2372953,28814296675729,336
basic_appreq,2355049,28814299068999,336
basic_appreq,1492457,28814300605106,336
basic_appreq,1810831,28814302458330,336
basic_appreq,1669883,28814304164858,336
basic_appreq,2015222,28814306219185,336
basic_appreq,1910309,28814308173932,336
basic_appreq,1806231,28814310027508,336
basic_appreq,1998883,28814312070080,336
basic_appreq,1904986,28814314022543,336
basic_appreq,1838383,28814315900428,336
basic_appreq,2239043,28814318176154,336
basic_appreq,2404578,28814320623371,336
basic_appreq,2037987,28814322704241,336
basic_appreq,1990406,28814324733817,336
basic_appreq,2388592,28814327170382,336
basic_appreq,2410208,28814329624399,336
basic_appreq,1484373,28814331155378,336
basic_appreq,1606705,28814332806350,336
basic_appreq,2047159,28814334890290,336
basic_appreq,1526734,28814336450132,336
basic_appreq,1872130,28814338356451,336
basic_appreq,2417895,28814340827870,336
basic_appreq,1398178,28814342270000,336
basic_appreq,2126442,28814344440388,336
basic_appreq,2068656,28814346558834,336
basic_appreq,2956180,28814349559357,336
basic_appreq,1428339,28814351027510,336
basic_appreq,2475329,28814353542749,336
basic_appreq,2130269,28814355712049,336
basic_appreq,1654264,28814357410065,336
basic_appreq,1896102,28814359354291,336
basic_appreq,2262739,28814361661363,336
basic_appreq,1943640,28814363649814,336
basic_appreq,1273420,28814364966624,336
basic_appreq,2041586,28814367046855,336
basic_appreq,2407584,28814369493651,336
basic_appreq,1854815,28814371397725,336
basic_appreq,1601269,28814373038094,336
basic_appreq,2005505,28814375082394,336
basic_appreq,2401870,28814377522117,336
basic_appreq,2038523,28814379609157,336
basic_appreq,1367864,28814381022067,336
basic_appreq,2096406,28814383162420,336
basic_appreq,2249939,28814385463499,336
basic_appreq,2028615,28814387539308,336
basic_appreq,2695530,28814390278670,336
basic_appreq,2235027,28814392550390,336
basic_appreq,2024568,28814394616124,336
basic_appreq,1675168,28814396332247,336
basic_appreq,1769895,28814398141582,336
basic_appreq,1987824,28814400168620,336
basic_appreq,1960207,28814402166409,336
basic_appreq,2539294,28814404741788,336
basic_appreq,2056440,28814406853491,336
basic_appreq,1745845,28814408640649,336
basic_appreq,1834937,28814410527133,336
basic_appreq,1914094,28814412477597,336
basic_appreq,2280268,28814414795306,336
basic_appreq,1975907,28814416807550,336
basic_appreq,1640367,28814418493797,336
basic_appreq,2738806,28814421269176,336
basic_appreq,1478827,28814422786056,336
basic_appreq,1905354,28814424725937,336
basic_appreq,1632479,28814426405413,336
basic_appreq,1935563,28814428378398,336
basic_appreq,1304023,28814429721502,336
basic_appreq,1498388,28814431255889,336
#end,31,2333,336
