868612359.758859,3.9834989999999997
868612363.6632689,3.796619
868612367.558807,3.833438
868612371.705415,4.083283
868612375.6365991,3.866526
868612379.1263,3.438165
868612382.8033121,3.6296980000000003
868612386.2326361,3.382829
868612389.7268981,3.427197
868612393.737092,3.9508609999999997
868612397.6658609,3.871832
868612401.360045,3.638239
868612404.8448989,3.4283
868612408.266759,3.371205
868612412.056901,3.7342619999999997
868612415.5751,3.461899
868612419.698301,4.074432
868612423.5739549,3.815407
868612427.3002,3.666895
868612431.0360171,3.6689130000000003
868612434.166247,3.0795280000000003
868612437.9586351,3.741181
868612441.101474,3.0924289999999997
868612443.976113,2.824398
868612447.688391,3.642345
868612451.829424,4.085133
868612455.4259391,3.529243
868612458.885637,3.414155
868612462.446447,3.5033659999999998
868612466.2140039,3.717236
868612469.6188941,3.347812
868612473.285733,3.6158959999999998
868612476.768448,3.432184
868612480.261208,3.433426
868612483.726292,3.3972960000000003
868612487.388481,3.61464
868612490.818404,3.374512
868612495.004366,4.136075
868612498.819862,3.749051
868612502.5200189,3.644547
868612506.974383,4.3887860000000005
868612510.242231,3.210906
868612514.136136,3.834733
868612518.284201,4.092115000000001
868612522.311375,3.970772
868612526.165084,3.797714
868612529.907019,3.68635
868612533.616713,3.65412
868612537.2734641,3.6009160000000002
868612541.276669,3.947349
868612545.201738,3.8747450000000003
868612548.532226,3.274426
868612552.638108,4.01562
868612556.569586,3.878268
868612559.787255,3.161773
868612563.518545,3.6638740000000003
868612567.253763,3.679484
868612570.956907,3.64751
868612575.00648,3.994438
868612578.4765741,3.4200150000000002
868612582.6683711,4.135972
868612585.813711,3.090377
868612589.688439,3.818593
868612593.985294,4.231590000000001
868612597.1907309,3.154431
868612600.4001,3.137492
868612603.819823,3.353225
868612607.125919,3.244614
868612611.168818,3.982947
868612615.1647099,3.940739
868612618.54646,3.323019
868612622.23298,3.6296229999999996
868612626.053081,3.7645959999999996
868612629.088706,2.99032
868612632.320196,3.175685
868612635.921056,3.555395
868612639.199746,3.23516
868612642.447356,3.201035
868612646.402088,3.888002
868612650.077592,3.625239
868612653.630969,3.482584
868612657.41977,3.73108
868612661.3245181,3.847235
868612665.171908,3.758426
868612669.749288,4.5239460000000005
868612673.477627,3.6716800000000003
868612677.414534,3.886095
868612681.248192,3.757441
868612685.196231,3.889066
868612688.827914,3.574439
868612692.383563,3.4994449999999997
868612695.7964821,3.366632
868612699.459388,3.6092899999999997
868612703.237677,3.722101
868612706.949711,3.651983
868612710.646158,3.629771
868612714.402084,3.694287
868612718.460593,3.9929659999999996
868612721.949754,3.43293
868612725.4037881,3.383358
868612729.1455309,3.6752949999999998
868612732.8989971,3.702391
868612737.039816,4.089907999999999
868612740.798384,3.703049
868612744.910009,4.0410569999999995
868612748.709227,3.732567
868612752.109837,3.342776
868612755.159185,3.003569
868612758.824288,3.6209919999999998
868612762.064971,3.1844289999999997
868612765.640046,3.5240169999999997
868612768.8749701,3.147936
868612772.182678,3.2512719999999997
868612775.740223,3.506771
868612779.477883,3.658635
868612782.703451,3.158199
868612786.258117,3.488588
868612789.6188121,3.310361
868612792.7716941,3.1023370000000003
868612796.496691,3.674867
868612799.893797,3.340956
868612803.4645181,3.5271999999999997
868612806.682462,3.171462
868612809.475122,2.7375030000000002
868612812.8853201,3.360122
868612816.249919,3.303978
868612819.204759,2.904585
868612822.151542,2.8840760000000003
868612824.975012,2.7673200000000002
868612828.3088961,3.257684
868612832.1887721,3.823801
868612835.744202,3.4988520000000003
868612839.387537,3.589685
868612843.1075981,3.663283
868612846.6007199,3.442284
868612850.2764771,3.619391
868612854.166652,3.835616
868612857.966722,3.741152
868612861.645133,3.624413
868612865.1894901,3.483134
868612868.631626,3.3854279999999997
868612882.267576,13.577694
868612885.634192,3.310209
868612889.3430691,3.6456399999999998
868612893.380542,3.97591
868612897.5313439,4.08372
868612901.428098,3.846317
868612904.7349089,3.256229
868612908.142335,3.3632890000000004
868612911.671133,3.4722
868612915.249166,3.524107
868612919.816123,4.510979
868612922.9333811,3.070852
868612926.280331,3.283575
868612929.949903,3.6237209999999997
868612933.229009,3.232177
868612936.735608,3.4383030000000003
868612940.3847481,3.578512
868612944.355364,3.886946
868612947.6678231,3.251839
868612950.873013,3.1499319999999997
868612954.353138,3.4201409999999997
868612958.047991,3.634779
868612961.468468,3.381406
868612965.58032,4.060272
868612968.9099461,3.272469
868612972.735303,3.773901
868612975.5943049,2.802607
868612978.922219,3.279427
868612982.431261,3.453312
868612986.124849,3.63745
868612989.5357361,3.3514220000000003
868612992.309842,2.7149650000000003
868612996.1895579,3.836922
868612999.788908,3.552758
868613003.0949091,3.2539309999999997
868613006.499732,3.3477870000000003
868613010.3148191,3.749891
868613013.939364,3.559526
868613017.7118901,3.713704
868613021.3733131,3.610801
868613025.238999,3.815249
868613028.631649,3.3418810000000003
868613032.495332,3.772716
868613034.5786531,2.011239
868613036.858176,2.204489
868613039.083555,2.186416
868613041.215167,2.1014720000000002
868613043.785268,2.538895
868613046.657597,2.8457489999999996
868613048.0991379,1.410019
868613050.110138,1.979195
868613052.287421,2.13253
868613054.122592,1.789114
868613056.164303,1.980197
868613058.119318,1.908757
868613060.757246,2.585916
868613062.676433,1.8587390000000001
868613065.2475799,2.518982
868613067.326618,2.024715
868613069.803791,2.425493
868613072.146992,2.2888669999999998
868613074.24262,2.0164890000000004
868613075.942134,1.648063
868613077.763141,1.769442
868613079.993487,2.1712569999999998
868613082.372365,2.281921
868613084.93728,2.508215
868613087.3299229,2.325952
868613089.943354,2.55076
868613092.595831,2.585235
868613095.4053639,2.738067
868613098.298907,2.8300310000000004
868613101.123169,2.757096
868613104.153421,2.963517
868613107.141816,2.921279
868613110.006758,2.801444
868613112.784075,2.7108079999999997
868613115.884892,3.034467
868613118.902856,2.954505
868613121.9118379,2.9421069999999996
868613124.803607,2.8243869999999998
868613128.061229,3.173515
868613131.0478339,2.9198739999999996
868613134.1430819,3.0308990000000002
868613136.957176,2.747509
868613139.879687,2.8554
868613142.7419369,2.798888
868613145.6073649,2.799595
868613148.212437,2.538798
868613150.972079,2.693267
868613153.382328,2.346439
868613155.926186,2.475986
868613159.061417,3.071001
868613161.882707,2.7572360000000002
868613164.612715,2.662992
868613167.2672269,2.591059
868613170.491752,3.160751
868613173.918387,3.36013
868613176.9356691,2.924064
868613179.502497,2.5042020000000003
868613182.039014,2.473536
868613184.814924,2.7096009999999997
868613187.257968,2.37655
868613190.40006,3.0787
868613193.321414,2.855064
868613196.3617439,2.972858
868613199.1865469,2.7609850000000002
868613201.802734,2.552464
868613204.56187,2.69222
868613207.396086,2.770462
868613210.19523,2.735752
868613213.039905,2.778661
868613215.7718769,2.667968
868613218.616171,2.78049
868613221.336451,2.6536340000000003
868613224.037566,2.634315
868613226.560005,2.444016
868613229.4158461,2.792007
868613232.154619,2.671868
868613234.9598371,2.7421260000000003
868613237.980071,2.956355
868613240.771647,2.725131
868613243.471454,2.636851
868613246.1795549,2.644879
868613248.9733471,2.726585
868613251.826572,2.78911
868613254.590323,2.699457
868613257.1800389,2.523001
868613259.691267,2.444051
868613262.44918,2.694133
868613265.2574841,2.7453980000000002
868613267.8676779,2.542687
868613270.745626,2.8147699999999998
868613273.453642,2.644378
868613276.2139361,2.694215
868613279.042764,2.76532
868613282.045342,2.93918
868613284.9894581,2.877806
868613288.031462,2.977849
868613291.049776,2.9503559999999998
868613294.120076,3.007118
868613297.671347,3.485072
868613300.543661,2.805342
868613303.3692961,2.7626880000000003
868613306.140108,2.706793
868613309.135364,2.928581
868613312.159687,2.9573720000000003
868613315.229231,3.0063519999999997
868613318.374832,3.081547
868613321.3405731,2.897758
868613324.542995,3.138348
868613327.226285,2.6163179999999997
868613330.114797,2.824985
868613332.980596,2.799635
868613335.970785,2.926596
868613338.667675,2.606405
868613342.088492,3.354256
868613345.160346,3.0054589999999997
868613348.000093,2.7729220000000003
868613350.919762,2.827384
868613353.863483,2.857264
868613356.6555351,2.726384
868613359.311701,2.590227
868613361.891835,2.5169070000000002
868613364.6629189,2.704078
868613367.455212,2.726766
868613370.480101,2.9610909999999997
868613373.387236,2.839728
868613376.593248,3.139631
868613379.556258,2.896785
868613382.602326,2.982636
868613385.225921,2.557476
868613387.8462739,2.554054
868613390.818065,2.907707
868613393.949934,3.068025
868613396.8879651,2.871311
868613399.910298,2.959015
868613402.694087,2.7198040000000003
868613405.3935939,2.633017
868613408.192307,2.733125
868613411.116301,2.85777
868613413.832287,2.6519410000000003
868613417.045785,3.146277
868613420.570347,3.4615359999999997
868613424.027754,3.390311
868613426.699101,2.602786
868613429.583047,2.820669
868613432.413118,2.763415
868613435.660024,3.183704
868613438.461678,2.737164
868613441.7595241,3.2308749999999997
868613444.507769,2.681991
868613447.356769,2.7527850000000003
868613450.410064,2.989347
868613453.719651,3.243679
868613456.705285,2.918177
868613459.424262,2.655685
868613462.407745,2.91981
868613465.0953339,2.619931
868613468.050546,2.887906
868613471.063303,2.948853
868613474.1716509,3.044881
868613476.783759,2.545693
868613479.583951,2.734153
868613482.553406,2.906353
868613485.1973081,2.577162
868613488.129913,2.8652119999999996
868613491.1237099,2.927378
868613493.74958,2.562037
868613496.71483,2.898199
868613499.582328,2.8033379999999997
868613502.2520001,2.606149
868613505.1241691,2.806471
868613507.972006,2.780926
868613511.161595,3.097554
868613514.089323,2.863915
868613517.2014351,3.044871
868613520.320915,3.052564
868613523.285605,2.901447
868613526.001951,2.6529890000000003
868613528.930014,2.861123
868613531.8720601,2.878302
868613534.819069,2.884136
868613537.751513,2.843152
868613540.486647,2.6677020000000002
868613543.565973,3.0160590000000003
868613547.578297,3.948875
868613551.221216,3.576424
868613554.341377,3.05068
868613556.9462141,2.5385429999999998
868613559.778485,2.768533
868613562.725629,2.882944
868613565.9937099,3.201541
868613568.995049,2.928315
868613571.991892,2.9336409999999997
868613574.830037,2.7455689999999997
868613577.564054,2.6699129999999998
868613580.779638,3.149905
868613583.664265,2.82098
868613586.664577,2.936925
868613589.620597,2.888933
868613592.700775,3.013263
868613595.4170359,2.6499520000000003
868613598.582378,3.101799
868613601.697422,3.049186
868613604.753218,2.989617
868613607.480801,2.661103
868613610.219062,2.67524
868613613.102793,2.817316
868613616.124851,2.955834
868613619.2619671,3.0741549999999997
868613622.0369301,2.711013
868613624.954634,2.851556
868613627.689763,2.6715459999999998
868613630.890758,3.137106
868613633.8701371,2.912323
868613636.9188119,2.982496
868613639.915616,2.933306
868613642.895671,2.917339
868613645.852822,2.8908419999999997
868613648.52053,2.600126
868613651.513245,2.9290369999999997
868613654.4457841,2.8688860000000003
868613657.584674,3.073232
868613660.802442,3.153363
868613663.4868541,2.6170299999999997
868613666.545272,2.995135
868613670.302626,3.690724
868613674.015769,3.646543
868613677.8418549,3.759846
868613680.651668,2.7440860000000002
868613683.2701,2.5547590000000002
868613686.109182,2.775618
868613689.054722,2.8783630000000002
868613691.930454,2.81234
868613694.783518,2.7878220000000002
868613697.624916,2.774161
868613700.408703,2.717844
868613703.408945,2.9368290000000004
868613706.2326909,2.7601269999999998
868613709.049766,2.7505059999999997
868613712.0661161,2.953123
868613714.732301,2.60007
868613717.509438,2.714141
868613720.245004,2.6692270000000002
868613723.059719,2.725187
868613726.032884,2.910343
868613728.70038,2.601067
868613731.2892541,2.525942
868613733.823771,2.470924
868613736.287233,2.3969769999999997
868613738.937315,2.586639
868613741.362839,2.361836
868613744.104949,2.674568
868613746.806937,2.638344
868613749.473551,2.603693
868613752.17179,2.632591
868613754.9512479,2.716221
868613758.081098,3.066421
868613761.011232,2.864125
868613763.639127,2.563751
868613766.736681,3.034217
868613769.5931829,2.772372
868613772.298739,2.640113
868613775.3141359,2.9519640000000003
868613778.092285,2.714321
868613780.804201,2.644018
868613783.503507,2.635583
868613786.524197,2.9572570000000002
868613789.39623,2.80631
868613792.256827,2.796979
868613795.3652561,3.041749
868613798.499415,3.070817
868613801.148956,2.582024
868613803.811461,2.594963
868613806.919388,3.044334
868613809.831189,2.847707
868613813.014297,3.115952
868613815.9479439,2.870144
868613818.8325471,2.797139
868613822.090274,3.190941
868613824.9079311,2.750676
868613827.883762,2.912493
868613830.999563,3.052488
868613833.739168,2.674243
868613836.600446,2.794703
868613839.42958,2.76311
868613842.150733,2.657895
868613845.39393,3.176633
868613848.345744,2.8880809999999997
868613851.155242,2.7433039999999997
868613854.220335,3.00133
868613856.960346,2.67285
868613859.9501729,2.926334
868613863.033524,2.993908
868613865.877588,2.7769719999999998
868613868.9917201,3.046881
868613871.953698,2.8980289999999997
868613874.690582,2.648623
868613877.936641,3.178733
868613880.789655,2.786785
868613883.984045,3.131123
868613887.1096591,3.037219
868613890.0365609,2.8606870000000004
868613892.994388,2.892004
868613896.182362,3.123674
868613899.150931,2.902114
868613901.806886,2.592503
868613904.684638,2.7879419999999997
868613907.312963,2.5648530000000003
868613909.968077,2.5918159999999997
868613912.904235,2.869056
868613916.106848,3.1359790000000003
868613919.0956839,2.921504
868613922.6823261,3.522628
868613926.0289099,3.281187
868613928.8401071,2.744557
868613931.637311,2.730143
868613934.517699,2.817301
868613937.407163,2.823931
868613940.390711,2.917364
868613943.4425141,2.98885
868613946.28365,2.7780299999999998
868613949.062546,2.713168
868613951.844555,2.715113
868613954.751651,2.843657
868613957.857058,3.039905
868613961.0969319,3.173525
868613964.148539,2.988344
868613967.243411,3.028508
868613970.167942,2.8609780000000002
868613973.098958,2.8645609999999997
868613976.2694919,3.07684
868613979.20777,2.874699
868613982.19226,2.9214539999999998
868613985.0465571,2.787396
868613987.903961,2.793856
868613990.960259,2.993131
868613993.936946,2.9092350000000002
868613996.731188,2.727507
868613999.753657,2.9590300000000003
868614002.703787,2.887169
868614005.443638,2.673847
868614008.393693,2.884207
868614011.3324981,2.872435
868614014.198357,2.8025670000000003
868614017.0685511,2.804837
868614019.760415,2.6259859999999997
868614022.708125,2.884392
868614025.763054,2.987778
868614028.470795,2.6421729999999997
868614031.166052,2.629158
868614033.855936,2.6268429999999996
868614036.741266,2.818453
868614039.655051,2.848033
868614042.536231,2.8165349999999996
868614046.525867,3.9232470000000004
868614050.4282,3.8366390000000004
868614054.167222,3.6755389999999997
868614056.718503,2.4845710000000003
868614059.289371,2.508222
868614061.974479,2.621826
868614064.722705,2.6815200000000003
868614067.4319191,2.6459669999999997
868614070.184765,2.689263
868614073.3486431,3.097654
868614076.449921,3.034662
868614079.3334961,2.819692
868614082.4118149,3.015332
868614085.370676,2.8918440000000003
868614088.480613,3.018625
868614091.391047,2.8472660000000003
868614094.484721,3.030237
868614097.522646,2.953141
868614100.833215,3.247588
868614103.89081,2.990745
868614106.8706449,2.915595
868614109.542893,2.605708
868614112.555458,2.945289
868614115.405316,2.783522
868614118.336913,2.8680899999999996
868614121.4095329,3.005614
868614124.287591,2.812044
868614127.1656489,2.8147900000000003
868614130.005267,2.775605
868614133.103958,3.032056
868614135.784551,2.614108
868614138.546112,2.697848
868614141.3804979,2.770462
868614144.4599891,3.0126910000000002
868614146.994722,2.471305
868614149.715062,2.656696
868614152.501271,2.7201299999999997
868614155.202963,2.63868
868614157.8614789,2.5957100000000004
868614160.519143,2.5891550000000003
868614163.32867,2.745498
868614166.209865,2.8176020000000004
868614169.013604,2.7378609999999997
868614171.5472751,2.470764
868614174.316615,2.705787
868614177.048773,2.6640650000000003
868614179.818333,2.702254
868614182.68987,2.8084249999999997
868614185.7186829,2.961933
868614188.886861,3.100952
868614191.581407,2.631364
868614194.639328,2.9946040000000003
868614197.793844,3.088683
868614200.72926,2.8724839999999996
868614203.396587,2.600502
868614205.948676,2.4882400000000002
868614208.632752,2.616523
868614211.288577,2.592101
868614213.756705,2.403603
868614216.378244,2.555215
868614219.132017,2.6903349999999997
868614221.921899,2.7253220000000002
868614224.660422,2.671888
868614227.335923,2.6117380000000003
868614230.113096,2.71406
868614232.722332,2.543127
868614235.649844,2.864
868614238.2601529,2.546726
868614240.86105,2.534377
868614243.985973,3.057341
868614246.800473,2.724635
868614249.4898161,2.623515
868614252.6026449,3.047041
868614255.449895,2.782876
868614258.4636431,2.9503559999999998
868614261.331678,2.8021059999999998
868614264.335157,2.91357
868614267.239306,2.8399940000000004
868614269.72309,2.4192739999999997
868614272.2513831,2.4611870000000002
868614274.791909,2.4777850000000003
868614277.621017,2.765751
868614280.480963,2.793406
868614283.2430149,2.698344
868614285.959021,2.6525429999999997
868614288.636095,2.610344
868614291.260954,2.560999
868614293.809479,2.485068
868614296.791678,2.91573
868614299.342133,2.487001
868614301.798909,2.3937250000000003
868614304.406011,2.539624
868614306.985162,2.513323
868614309.8166411,2.767771
868614312.539222,2.6551880000000003
868614315.491055,2.8877040000000003
868614318.198245,2.643552
868614320.911374,2.645677
868614323.817442,2.839443
868614326.542704,2.661212
868614329.370439,2.7622329999999997
868614332.10638,2.669622
868614334.821959,2.652171
868614337.365272,2.479634
868614339.906054,2.473751
868614342.4993789,2.529446
868614344.972163,2.409316
868614347.525765,2.4871469999999998
868614350.224916,2.635382
868614353.584194,3.292668
868614356.297708,2.6475549999999997
868614359.051345,2.690911
868614362.138825,3.023721
868614365.110952,2.9045799999999997
868614368.406993,3.2328740000000002
868614371.253297,2.779784
868614374.055077,2.738397
868614376.880893,2.758994
868614379.742817,2.79773
868614383.092162,3.286439
868614386.450509,3.2909699999999997
868614389.324943,2.806561
868614392.1870229,2.796242
868614395.170526,2.9207859999999997
868614397.752187,2.51849
868614400.435953,2.617085
868614403.369009,2.869252
868614406.095508,2.6629869999999998
868614409.118654,2.93887
868614412.079429,2.89441
868614415.087864,2.944632
868614418.120156,2.968963
868614422.268427,4.082121
868614425.8609331,3.526548
868614428.775987,2.8489600000000004
868614431.338425,2.499271
868614434.0264,2.6249480000000003
868614436.876828,2.783813
868614440.050188,3.109471
868614442.819482,2.6774809999999998
868614445.612096,2.728776
868614448.346815,2.668183
868614451.542913,3.1291629999999997
868614454.526296,2.918557
868614457.516976,2.924294
868614460.704319,3.120221
868614463.651658,2.884317
868614466.549802,2.834405
868614469.594191,2.978536
868614472.510343,2.8497459999999997
868614475.1340979,2.559917
868614478.0296061,2.832742
868614480.947957,2.853109
868614483.678511,2.667011
868614486.3164899,2.574581
868614488.933454,2.548711
868614491.6919291,2.692345
868614494.743324,2.988083
868614497.4850391,2.67512
868614500.748374,3.197422
868614503.638064,2.826618
868614506.636236,2.9350449999999997
868614509.324437,2.622558
868614512.463467,3.071888
868614515.6254799,3.098977
868614518.310904,2.621606
868614521.0120851,2.635012
868614523.823312,2.744742
868614526.424304,2.5377799999999997
868614529.096146,2.604546
868614531.888158,2.7252219999999996
868614534.739499,2.788003
868614537.464891,2.658893
868614540.2582461,2.726309
868614542.785441,2.463813
868614546.044395,3.1946499999999998
868614548.7320141,2.6208590000000003
868614551.466202,2.670419
868614554.290053,2.760033
868614556.899205,2.5430230000000003
868614559.599699,2.6334779999999998
868614562.77766,3.113546
868614565.390289,2.546735
868614567.903242,2.445796
868614570.725069,2.7588399999999997
868614573.3605059,2.572055
868614576.206098,2.778972
868614578.988567,2.719277
868614581.5780671,2.525671
868614584.423179,2.779563
868614587.3290011,2.842415
868614590.310139,2.917634
868614593.1371571,2.7600480000000003
868614596.0998219,2.896306
868614599.189317,3.025927
868614601.981294,2.728078
868614604.951796,2.903526
868614607.9667281,2.9486019999999997
868614610.90085,2.844273
868614613.797606,2.830196
868614616.635746,2.7717050000000003
868614621.014799,4.29175
868614623.8051181,2.7244349999999997
868614626.665639,2.796387
868614629.231123,2.4993749999999997
868614631.993827,2.695633
868614634.912034,2.825511
868614638.1461409,3.170183
868614641.1420821,2.92875
868614644.1720741,2.961878
868614647.154886,2.920221
868614649.819325,2.600451
868614652.8960049,3.0101
868614655.82013,2.8573090000000003
868614658.961059,3.0776969999999997
868614661.7973089,2.769434
868614664.700952,2.837643
868614667.3064301,2.541789
868614670.644554,3.274757
868614674.752871,4.042328
868614677.996019,3.176132
868614680.8902841,2.827755
868614683.7335709,2.779463
868614686.398367,2.60018
868614689.426378,2.961452
868614692.339006,2.846935
868614695.261898,2.859194
868614698.0470649,2.721668
868614700.9018431,2.7884379999999998
868614703.537946,2.57244
868614706.2491701,2.647611
868614709.135402,2.820203
868614712.3728819,3.170784
868614715.262466,2.8258110000000003
868614718.213043,2.886172
868614720.8222901,2.542762
868614723.9637151,3.075848
868614726.7261829,2.673436
868614729.7224361,2.901552
868614733.016853,3.227972
868614735.788061,2.7082159999999997
868614738.581642,2.7288400000000004
868614741.550877,2.90266
868614744.2852349,2.668074
868614747.5352579,3.1863949999999996
868614750.363559,2.764733
868614762.238099,11.808962
868614777.511522,15.206527
868614780.73067,3.152246
868614784.15528,3.358091
868614787.6395,3.417298
868614790.6597589,2.957157
868614793.546577,2.819842
868614797.670184,4.057016999999999
868614801.742669,4.005118
868614806.001236,4.192152
868614810.0654709,3.9979459999999998
868614814.1581221,4.026232
868614818.384004,4.162424
868614822.608016,4.157571
868614826.745206,4.0707699999999996
868614830.740795,3.928749
868614833.759165,2.951695
868614836.470219,2.644483
868614839.333412,2.776471
868614842.544751,3.1478460000000004
868614845.633659,3.0232750000000004
868614848.5493339,2.849642
868614851.221858,2.6087860000000003
868614854.336045,3.050839
868614857.246468,2.8424549999999997
868614859.9651589,2.651796
868614863.109532,3.053301
868614866.154394,2.981764
868614868.9944121,2.7738490000000002
868614871.935601,2.878012
868614874.958045,2.95842
868614878.242299,3.217634
868614881.279391,2.9702420000000003
868614884.13204,2.7863789999999997
868614887.270985,3.0762490000000002
868614890.125238,2.7912850000000002
868614892.921574,2.729215
868614895.9094069,2.9247259999999997
868614898.573106,2.60018
868614901.529285,2.8905570000000003
868614904.433168,2.836906
868614907.363,2.866641
868614910.136695,2.710608
868614913.048937,2.8464139999999998
868614915.705484,2.58901
868614918.653119,2.8843229999999997
868614922.680062,3.961059
868614926.541304,3.795515
868614929.942815,3.335503
868614933.083244,3.0732820000000003
868614935.7283789,2.578866
868614938.599596,2.807343
868614941.2819929,2.616122
868614944.3338649,2.985236
868614947.081463,2.684482
868614949.784132,2.6389400000000003
868614952.848438,2.9978119999999997
868614955.582771,2.6716219999999997
868614958.37533,2.728941
868614961.2564551,2.814755
868614964.433588,3.110388
868614967.428467,2.931922
868614970.595252,3.1025549999999997
868614973.572285,2.911125
868614976.5145919,2.876414
868614979.86049,3.283207
868614982.947304,3.023446
868614986.371508,3.356357
868614989.278057,2.84041
868614992.640092,3.29522
868614995.780686,3.0777780000000003
868614998.8130419,2.968853
868615001.811309,2.931817
868615004.769504,2.891439
868615007.7192991,2.886432
868615010.569051,2.7866649999999997
868615013.342475,2.70743
868615016.337083,2.928876
868615019.376922,2.976868
868615022.502185,3.06215
868615025.649479,3.057004
868615028.569154,2.8522830000000003
868615031.6415191,3.009203
868615034.628481,2.922908
868615038.9414,4.246594
868615042.93505,3.9261790000000003
868615047.294602,4.293588
868615052.154746,4.793519000000001
868615056.0670761,3.836195
868615059.676248,3.536952
868615063.407356,3.6846069999999997
868615066.937485,3.4759029999999997
868615070.7703869,3.773111
868615074.356054,3.525122
868615077.701265,3.2871699999999997
868615080.9537699,3.195048
868615084.231227,3.227121
868615087.5715309,3.2840830000000003
868615090.717898,3.0929680000000004
868615094.376148,3.60261
868615097.889345,3.457141
868615101.1735129,3.228675
868615105.261088,4.031960000000001
868615108.514559,3.192353
868615112.971077,4.405429
868615116.7651681,3.738416
868615120.364581,3.543793
868615124.2213919,3.801338
868615128.1164529,3.838966
868615131.666035,3.4832180000000004
868615135.2911719,3.572333
868615139.319463,3.9722409999999995
868615142.8478,3.472762
868615145.876043,2.972124
868615148.972188,3.046124
868615152.2293351,3.178105
868615155.661732,3.381739
868615159.32171,3.61231
868615162.824545,3.436932
868615166.539368,3.668993
868615170.255988,3.6613700000000002
868615174.067877,3.766111
868615177.475336,3.357711
868615181.411082,3.8854330000000004
868615185.520062,4.050184
868615188.819772,3.2445579999999996
868615192.958911,4.0894319999999995
868615196.729145,3.720313
868615200.432761,3.647996
868615203.898793,3.400043
868615207.892601,3.9409199999999998
868615212.287563,4.344161
868615215.838174,3.494006
868615218.965656,3.079643
868615221.857651,2.841621
868615225.398411,3.490584
868615229.036153,3.569
868615232.641008,3.549567
868615236.281535,3.575364
868615239.443034,3.1151310000000003
868615243.298949,3.7928279999999996
868615246.770323,3.4154340000000003
868615250.31163,3.462173
868615253.849925,3.482465
868615257.725606,3.818998
868615261.0407009,3.258743
868615263.999607,2.902991
868615267.413836,3.33759
868615270.963585,3.5018789999999997
868615274.306139,3.286344
868615277.901162,3.529218
868615281.55816,3.601296
868615284.735868,3.1267460000000002
868615288.250323,3.464349
868615292.102377,3.796417
868615296.365977,4.209237
868615299.801283,3.38666
868615303.473299,3.607426
868615307.182848,3.653103
868615311.404245,4.1653150000000005
868615315.749714,4.288977999999999
868615319.7500349,3.943589
868615323.499482,3.6874719999999996
868615327.28806,3.722966
868615330.857129,3.5138510000000003
868615334.007834,3.100839
868615337.5515319,3.477869
868615341.198851,3.591865
868615344.888689,3.6348700000000003
868615348.343952,3.3999949999999997
868615352.089223,3.694741
868615355.7051591,3.5659739999999998
868615359.4912461,3.733203
868615363.24591,3.685167
868615367.453539,4.151981
868615370.6374431,3.133515
868615374.1826249,3.489055
868615378.202697,3.963941
868615382.36491,4.106478
868615385.8388699,3.416788
868615389.931576,4.014819999999999
868615393.785376,3.785681
868615397.235008,3.3933
868615400.802387,3.5165550000000003
868615404.1850649,3.326558
868615407.18625,2.944452
868615410.4575081,3.2176280000000004
868615414.0776529,3.563659
868615417.457901,3.3233300000000003
868615420.781612,3.268069
868615424.1234981,3.295158
868615427.667883,3.479088
868615431.244742,3.512304
868615434.821741,3.521108
868615438.3005021,3.428172
868615441.466247,3.11995
868615444.613421,3.1007949999999997
868615448.220135,3.536462
868615451.855993,3.580972
868615455.187231,3.276906
868615459.116361,3.872038
868615462.910617,3.738215
868615466.506341,3.539713
868615470.835688,4.272861
868615474.413906,3.522127
868615478.262665,3.7702
868615482.001211,3.692377
868615485.4804881,3.423357
868615489.702407,4.16573
868615493.253952,3.5052619999999997
868615497.031283,3.7205749999999997
868615500.53587,3.447469
868615504.277452,3.674826
868615507.631129,3.302683
868615511.2369031,3.530442
868615514.6246929,3.327525
868615517.9909999,3.315803
868615521.4542129,3.407101
868615525.404339,3.889518
868615529.1135781,3.653251
868615532.047094,2.887405
868615535.548348,3.455169
868615539.004231,3.392044
868615542.922184,3.850277
868615547.300267,4.326960000000001
868615551.668424,4.312091
868615555.839077,4.115018
868615559.622933,3.716951
868615563.413461,3.7340590000000002
868615567.225667,3.7614319999999997
868615570.880619,3.602946
868615574.3705859,3.429539
868615578.0394549,3.617814
868615581.4443719,3.353586
868615584.9350611,3.43433
868615588.488252,3.5049550000000003
868615591.8677601,3.332467
868615595.333552,3.4200530000000002
868615598.372804,2.993958
868615601.998499,3.5761640000000003
868615605.622003,3.571882
868615609.070032,3.391063
868615612.795416,3.634837
868615616.848968,4.002142
868615620.2247701,3.319942
868615623.6897639,3.406628
868615627.381592,3.61756
868615631.384202,3.946222
868615635.137394,3.707895
868615638.679942,3.4871730000000003
868615642.2733381,3.547449
868615646.261736,3.932282
868615649.944678,3.616321
868615653.085141,3.084509
868615656.727762,3.596493
868615660.216068,3.442177
868615663.7190601,3.437973
868615667.232987,3.46549
868615671.3245039,4.04083
868615675.058383,3.681907
868615678.746317,3.627107
868615682.325223,3.511867
868615686.270859,3.8946739999999997
868615689.89929,3.577272
868615693.565523,3.5972500000000003
868615697.57972,3.964284
868615700.8225731,3.177883
868615704.749292,3.848738
868615708.356173,3.556113
868615711.949617,3.528798
868615715.540504,3.507834
868615719.553376,3.9337699999999995
868615722.856482,3.2515769999999997
868615726.670676,3.758241
868615730.551846,3.831166
868615733.7881451,3.185777
868615737.392223,3.548043
868615740.765383,3.317586
868615743.4526119,2.6195630000000003
868615746.872231,3.366761
868615750.329687,3.401912
868615754.527879,4.1419559999999995
868615758.248965,3.665136
868615761.091771,2.786414
868615764.4753,3.3277200000000002
868615768.177091,3.646217
868615771.680455,3.4477930000000003
868615774.9495089,3.221129
868615778.332912,3.333026
868615782.111822,3.722291
868615785.930205,3.759004
868615789.6158429,3.6324840000000003
868615793.0673621,3.393741
868615797.766875,4.647746000000001
868615801.04503,3.221668
868615804.2523689,3.151123
868615807.750055,3.440793
868615810.7112961,2.907883
868615814.449902,3.68234
868615818.036169,3.53518
868615822.158543,4.056526000000001
868615825.671842,3.4540629999999997
868615829.370605,3.6395860000000004
868615832.687599,3.259979
868615835.917156,3.17403
868615839.571615,3.600975
868615843.051466,3.429083
868615846.9726219,3.8639479999999997
868615850.930966,3.9016960000000003
868615854.10401,3.117045
868615857.448102,3.293863
868615860.840971,3.342187
868615864.451633,3.560006
868615868.173686,3.665591
868615871.950181,3.7171309999999997
868615875.763918,3.740265
868615879.282156,3.455807
868615882.913278,3.57497
868615886.370363,3.402169
868615890.425433,3.987934
868615894.10363,3.626838
868615897.819145,3.665019
868615901.181092,3.305596
868615904.8007541,3.568432
868615908.695853,3.82033
868615912.164032,3.407758
868615915.998271,3.777798
868615920.24016,4.161472
868615924.457617,4.16128
868615927.942974,3.42861
868615932.103146,4.061458
868615935.357325,3.186216
868615939.492511,4.060376
868615942.8064309,3.2375089999999997
868615945.881506,3.0275570000000003
868615949.471782,3.5351760000000003
868615952.820344,3.301272
868615956.64398,3.7730580000000002
868615960.5874599,3.8931590000000003
868615964.094023,3.4562809999999997
868615968.041837,3.89244
868615971.297262,3.1984090000000003
868615974.200119,2.854907
868615978.439727,4.183818
868615981.707114,3.201436
868615984.938376,3.184946
868615988.1041089,3.109798
868615992.245827,4.091348
868615996.16451,3.8685669999999996
868616000.088413,3.856662
868616003.530413,3.386117
868616006.884247,3.310681
868616010.8378069,3.9075860000000002
868616013.950556,3.05719
868616016.855559,2.849716
868616020.179857,3.27869
868616023.528688,3.293461
868616026.7092019,3.135843
868616030.370505,3.615399
868616034.7467971,4.320572
868616037.148535,2.3450770000000003
868616039.544725,2.329385
868616041.88704,2.279323
868616044.958362,3.004833
868616047.378253,2.357205
868616050.0390401,2.59753
868616052.75541,2.650056
868616055.408529,2.5895610000000002
868616058.3276321,2.855165
868616060.905691,2.510552
868616063.5243549,2.551377
868616066.247116,2.659173
868616097.180073,30.866692
868616100.473869,3.227376
868616103.845651,3.306275
868616107.134801,3.2257409999999997
868616110.247885,3.046389
868616113.426924,3.112399
868616116.407997,2.9178699999999997
868616119.316846,2.842741
868616122.3003441,2.920391
868616125.3868569,3.021081
868616127.936946,2.4819310000000003
868616130.884004,2.8836410000000003
868616133.789541,2.842203
868616136.675992,2.820578
868616139.861962,3.119746
868616143.04519,3.119886
868616145.994202,2.8826680000000002
868616149.190346,3.129749
868616152.219751,2.962971
868616155.083906,2.8010029999999997
868616158.157344,2.985578
868616161.067381,2.84268
868616164.256031,3.125468
868616167.214065,2.8918199999999996
868616170.486707,3.209731
868616174.379096,3.826581
868616178.4690909,4.023606
868616181.297353,2.762108
868616184.311738,2.94802
868616186.908259,2.533204
868616189.824992,2.853084
868616192.8449149,2.9536540000000002
868616195.548501,2.637036
868616198.768255,3.1567269999999996
868616201.375406,2.540296
868616204.322699,2.883174
868616206.9371129,2.5476330000000003
868616210.207685,3.206668
868616213.2510179,2.977539
868616215.928749,2.612364
868616218.886667,2.894335
868616221.679782,2.727597
868616224.32189,2.5756289999999997
868616227.0698301,2.68167
868616229.7169241,2.583953
868616232.731354,2.947905
868616235.872789,3.077586
868616239.176318,3.240402
868616242.493373,3.250891
868616245.958061,3.398759
868616249.152661,3.131227
868616252.118017,2.8971180000000003
868616255.093487,2.908739
868616257.844188,2.6868920000000003
868616260.4453,2.534467
868616263.477751,2.968422
868616266.550722,3.009573
868616269.285988,2.6685849999999998
868616272.4449401,3.095273
868616275.0716671,2.560383
868616277.611788,2.476127
868616280.188589,2.50978
868616283.012591,2.76065
868616285.795336,2.701226
868616288.732902,2.871267
868616291.619906,2.8202879999999997
868616295.142169,3.4585890000000004
868616299.0165011,3.8078019999999997
868616302.595471,3.512616
868616305.496251,2.833549
868616308.32571,2.7620679999999997
868616311.0704731,2.680774
868616313.6600579,2.526348
868616316.414052,2.687032
868616318.847384,2.3674180000000002
868616321.288744,2.377958
868616324.037014,2.682642
868616326.709813,2.607392
868616329.36227,2.588102
868616332.097064,2.667688
868616334.892094,2.73106
868616337.692044,2.736357
868616340.567045,2.784705
868616343.354321,2.722696
868616346.175176,2.7572870000000003
868616348.9609381,2.718957
868616351.572029,2.548304
868616354.378253,2.742617
868616357.0264759,2.58042
868616359.75899,2.6696969999999998
868616362.999602,3.177671
868616365.7126601,2.646639
868616368.514184,2.7347040000000002
868616371.135679,2.555722
868616374.182254,2.983468
868616376.678622,2.428791
868616379.474513,2.732378
868616382.330379,2.792498
868616384.921127,2.523778
868616387.723554,2.739385
868616390.744735,2.957723
868616393.4026899,2.591651
868616396.120775,2.651821
868616398.7249,2.541013
868616401.327301,2.538487
868616404.274539,2.8805229999999997
868616406.917955,2.576711
868616409.8076249,2.825325
868616413.0502911,3.176507
868616415.8702129,2.755983
868616418.458556,2.524394
868616422.289753,3.7480890000000002
868616425.8244951,3.468728
868616429.328726,3.436779
868616433.231144,3.836024
868616436.503374,3.206031
868616439.198099,2.630987
868616442.2801011,3.018023
868616444.959497,2.6129249999999997
868616447.540923,2.51833
868616450.230723,2.625525
868616453.047603,2.74991
868616455.646671,2.5351890000000004
868616458.3426499,2.631995
868616461.0351399,2.6250280000000004
868616464.1143459,3.0118940000000003
868616467.166579,2.98637
868616470.005295,2.775549
868616472.532305,2.4614469999999997
868616475.0969881,2.4991649999999996
868616478.117898,2.9454849999999997
868616480.767463,2.583667
868616483.7549801,2.924004
868616486.3804641,2.561901
868616489.179082,2.732028
868616492.090543,2.844494
868616494.8860431,2.729432
868616497.624766,2.6754309999999997
868616500.5088221,2.817586
868616503.132542,2.5606079999999998
868616505.966797,2.770191
868616508.846479,2.813182
868616511.8458691,2.935993
868616514.88171,2.972573
868616518.0425761,3.094332
868616521.2556831,3.1214839999999997
868616524.465624,3.143742
868616527.309597,2.7805109999999997
868616530.414398,3.041849
868616533.4024509,2.921769
868616536.41823,2.94983
868616539.300397,2.818264
868616542.5366889,3.172524
868616546.453791,3.851083
868616550.29406,3.773733
868616553.720183,3.359814
868616556.400631,2.613702
868616559.4188049,2.954926
868616562.2618611,2.780255
868616565.073263,2.745523
868616567.917646,2.7811709999999996
868616571.172026,3.190676
868616574.165136,2.927117
868616577.03775,2.806004
868616579.702426,2.598066
868616582.868198,3.102224
868616585.846033,2.910889
868616588.522411,2.61065
868616591.595137,3.009324
868616594.765631,3.106645
868616597.666947,2.834912
868616600.784367,3.0514259999999997
868616603.776882,2.929307
868616606.575804,2.7360309999999997
868616609.6846039,3.02506
868616612.474371,2.723262
868616615.315172,2.777439
868616618.383091,3.004852
868616621.002035,2.552329
868616623.9084389,2.839739
868616626.881824,2.909747
868616629.560216,2.611351
868616632.4713509,2.8440879999999997
868616635.4294391,2.8946509999999996
868616638.2800779,2.787267
868616641.445104,3.098707
868616644.2645351,2.7532170000000002
868616647.222193,2.8948419999999997
868616650.431999,3.146533
868616653.493683,2.995691
868616656.3771241,2.816955
868616659.370911,2.929999
868616662.267948,2.833289
868616664.957691,2.622452
868616667.9719361,2.951182
868616671.8377991,3.7754030000000003
868616674.795842,2.891884
868616678.031312,3.1684539999999997
868616681.0212051,2.924055
868616683.916232,2.831073
868616686.8287051,2.848268
868616689.569107,2.673807
868616692.526033,2.891153
868616695.572803,2.983473
868616698.579054,2.9423510000000004
868616701.9401411,3.293936
868616704.675056,2.6686710000000002
868616707.309762,2.547708
868616710.429678,3.056718
868616713.189189,2.692736
868616716.269096,3.016896
868616719.269378,2.933948
868616721.9455711,2.613331
868616724.861677,2.850764
868616728.148481,3.2197229999999997
868616731.042722,2.827364
868616734.057548,2.951153
868616736.921072,2.7971839999999997
868616739.7652199,2.777152
868616743.248121,3.419409
868616746.21063,2.895668
868616749.51076,3.2341409999999997
868616752.514516,2.937677
868616755.743025,3.162696
868616758.773171,2.965726
868616761.72485,2.884863
868616764.858703,3.067303
868616767.599692,2.6770449999999997
868616770.373457,2.7098
868616773.130146,2.69028
868616776.2270781,3.03361
868616779.0263369,2.733581
868616782.270713,3.180803
868616785.092153,2.754825
868616787.879359,2.723929
868616790.7175591,2.774947
868616793.4949721,2.710909
868616796.454329,2.893589
868616799.535385,3.017412
868616802.33951,2.7398510000000003
868616805.0376381,2.631618
868616807.9206121,2.8194660000000002
868616810.6322869,2.6482580000000002
868616813.639591,2.9410600000000002
868616816.815817,3.109561
868616819.797982,2.918817
868616822.9969319,3.135116
868616825.9372239,2.873557
868616829.013674,3.00996
868616831.8079721,2.731231
868616835.09856,3.226349
868616838.2286501,3.062457
868616841.462616,3.167697
868616844.438116,2.9091859999999996
868616847.572881,3.069919
868616850.5040879,2.8664810000000003
868616853.520537,2.95005
868616856.5833149,2.9952210000000004
868616859.3466009,2.700475
868616862.071532,2.662019
868616865.031955,2.8938639999999998
868616868.2504951,3.152416
868616870.9370071,2.620709
868616873.597413,2.596793
868616876.600907,2.937656
868616879.678674,3.014024
868616882.587985,2.8451359999999997
868616885.718671,3.06409
868616888.540943,2.75471
868616891.268169,2.6641939999999997
868616894.2016699,2.846439
868616897.0520029,2.7838580000000004
868616899.87999,2.7640569999999998
868616902.8340291,2.890431
868616905.9419019,3.041558
868616908.705879,2.697206
868616911.514509,2.7455740000000004
868616914.259657,2.68164
868616917.480604,3.154907
868616921.297142,3.749888
868616924.9398149,3.57668
868616928.3163639,3.309668
868616930.966435,2.583005
868616933.5619489,2.5322220000000004
868616936.184848,2.556725
868616938.803191,2.536688
868616941.4627,2.59596
868616944.523552,2.994268
868616947.4640601,2.876835
868616950.600118,3.0727160000000002
868616953.50819,2.8402089999999998
868616956.323783,2.748405
868616959.1713489,2.78451
868616961.934765,2.700068
868616964.916358,2.914983
868616968.2429551,3.26338
868616971.177449,2.86825
868616973.975566,2.734414
868616976.9507,2.9086540000000003
868616979.89867,2.881561
868616982.892592,2.929517
868616985.966886,3.0069369999999997
868616988.743528,2.710468
868616991.598923,2.791592
868616994.8730581,3.210237
868616997.9278071,2.988098
868617001.159418,3.164761
868617003.87855,2.655479
868617007.153296,3.2116990000000003
868617010.149153,2.928801
868617013.213494,2.997456
868617016.1045569,2.82531
868617018.9449769,2.776952
868617021.614845,2.594262
868617024.477492,2.795855
868617027.523314,2.982335
868617030.378047,2.790809
868617034.852528,4.407971
868617038.6798359,3.764081
868617042.860974,4.114954
868617048.10458,5.177502
868617051.923769,3.752619
868617056.108771,4.1217950000000005
868617059.968785,3.793373
868617063.5692501,3.5105459999999997
868617067.206831,3.583867
868617071.4297961,4.166157
868617075.430478,3.943714
868617079.300176,3.8126919999999997
868617083.145219,3.7934010000000002
868617086.4335611,3.221606
868617089.667378,3.178444
868617092.8954251,3.1487030000000003
868617095.894907,2.948519
868617098.6978581,2.75496
868617102.166922,3.418121
868617105.549475,3.325921
868617109.426333,3.825165
868617112.024243,2.541999
868617114.8247199,2.754003
868617118.4131471,3.5345910000000003
868617122.047891,3.578614
868617125.7733071,3.66929
868617129.433095,3.603813
868617133.112123,3.622792
868617137.077358,3.9091789999999995
868617140.855446,3.7118889999999998
868617144.5701549,3.657534
868617148.280472,3.659323
868617152.313969,3.983151
868617156.4217349,4.057754
868617160.156405,3.684002
868617163.6039081,3.391733
868617166.9774,3.319982
868617170.9266571,3.893242
868617174.89572,3.9133229999999997
868617178.3582441,3.406307
868617182.116161,3.6693260000000003
868617185.923552,3.749622
868617190.269553,4.289686
868617193.647159,3.326571
868617197.017183,3.31917
868617200.366187,3.298562
868617203.9013779,3.484722
868617207.780254,3.835295
868617211.56636,3.73982
868617215.300481,3.66677
868617219.626621,4.269432
868617223.6024901,3.920285
868617227.2279631,3.569468
868617230.562613,3.278782
868617234.919448,4.3065500000000005
868617238.686463,3.7167480000000004
868617242.486092,3.743813
868617246.425496,3.883254
868617249.812222,3.331302
868617253.454625,3.596065
868617257.437516,3.927196
868617261.501515,3.9951049999999997
868617265.589625,4.022643
868617269.519032,3.870117
868617273.576661,3.994465
868617277.361065,3.726092
868617280.73845,3.320183
868617284.307321,3.512635
868617287.3302311,2.966013
868617290.574452,3.1898239999999998
868617293.9715769,3.351896
868617297.777912,3.760542
868617301.478296,3.644571
868617304.833694,3.294968
868617308.58752,3.687658
868617312.5378319,3.8915830000000002
868617316.313187,3.725062
868617319.7158769,3.331635
868617323.668932,3.8812629999999997
868617327.647012,3.92222
868617331.709844,4.006882
868617335.292918,3.527605
868617338.868525,3.519537
868617342.851831,3.9269600000000002
868617347.288684,4.380677
868617351.176288,3.831674
868617354.257165,3.0247859999999998
868617357.62243,3.315308
868617361.5735509,3.90014
868617365.474231,3.8338579999999998
868617369.818778,4.293488
868617374.080062,4.205383
868617377.3479921,3.2119850000000003
868617381.045237,3.6413349999999998
868617384.763071,3.662214
868617388.136557,3.3171440000000003
868617392.2089959,4.0156719999999995
868617395.601862,3.33652
868617398.7216729,3.066827
868617402.22005,3.443109
868617406.0074351,3.731791
868617409.66395,3.601211
868617413.713873,3.993915
868617417.146394,3.381351
868617421.430567,4.241383
868617424.949999,3.477019
868617428.54439,3.538274
868617431.940313,3.339908
868617435.458412,3.462138
868617438.990562,3.476074
868617442.681257,3.6442750000000004
868617446.2408019,3.49696
868617449.726027,3.429816
868617453.41302,3.6411949999999997
868617456.364288,2.8955040000000003
868617460.1345439,3.714541
868617463.584628,3.382622
868617467.260587,3.623463
868617471.204222,3.8828899999999997
868617474.6907121,3.431276
868617478.835547,4.088946000000001
868617482.8120049,3.9255940000000002
868617487.049291,4.158251
868617490.803511,3.693915
868617495.3232571,4.431557
868617498.964256,3.581932
868617502.689546,3.667932
868617506.8817769,4.135993
868617510.548735,3.620951
868617514.425289,3.8223350000000003
868617518.274261,3.7934200000000002
868617521.7123569,3.382011
868617525.367409,3.599172
868617529.238755,3.8051869999999997
868617532.488052,3.1935219999999997
868617536.865095,4.321304
868617540.803232,3.882051
868617545.349324,4.47861
868617549.5035161,4.094831
868617553.0647169,3.509456
868617557.105477,3.960688
868617560.949043,3.7869800000000002
868617564.362402,3.356712
868617568.123808,3.704699
868617571.7510791,3.576373
868617574.8479971,3.0431719999999998
868617578.1183311,3.214857
868617581.875698,3.711171
868617585.5694,3.638067
868617588.966627,3.3415440000000003
868617592.764671,3.747333
868617596.2458229,3.4250309999999997
868617599.844694,3.543186
868617603.200745,3.303013
868617607.111107,3.852938
868617610.979871,3.817672
868617615.2374171,4.2011389999999995
868617618.454393,3.146248
868617621.940356,3.430364
868617625.7778031,3.78073
868617629.144663,3.3016479999999997
868617632.560161,3.369511
868617636.1140699,3.504201
868617640.259175,4.094664
868617644.167356,3.848049
868617648.261484,4.04326
868617652.123317,3.805993
868617655.9112691,3.732262
868617660.1223761,4.146287
868617664.046118,3.867496
868617668.2196031,4.1066139999999995
868617672.1864711,3.910702
868617675.8756169,3.6336530000000002
868617678.798244,2.8694129999999998
868617682.413924,3.559615
868617686.14576,3.6768069999999997
868617690.0686691,3.867115
868617693.525917,3.411473
868617696.793617,3.2120349999999998
868617700.113935,3.264913
868617703.942325,3.782742
868617707.541868,3.54662
868617711.190364,3.592648
868617715.3988601,4.162032000000001
868617719.0521231,3.574935
868617722.6213009,3.501194
868617727.28956,4.596178
868617730.8589591,3.522074
868617734.2852329,3.3701030000000003
868617736.922244,2.563135
868617740.347544,3.379288
868617743.959829,3.56673
868617747.7243861,3.688138
868617751.493013,3.712376
868617755.151703,3.6032569999999997
868617758.890152,3.673318
868617762.604875,3.6595239999999998
868617766.1588019,3.4979859999999996
868617769.5939461,3.385458
868617773.200556,3.548589
868617777.4273139,4.170538
868617780.815249,3.331753
868617784.313977,3.419895
868617787.6169801,3.247513
868617790.756881,3.086883
868617793.865839,3.039262
868617797.48519,3.5678300000000003
868617800.9948809,3.454308
868617804.904524,3.864565
868617808.2724171,3.307152
868617811.693689,3.35395
868617815.605725,3.8598489999999996
868617819.6574789,3.985893
868617823.365137,3.6572
868617827.2739079,3.859055
868617830.780154,3.4562109999999997
868617834.7339619,3.898984
868617838.207265,3.418386
868617841.634482,3.371571
868617845.317122,3.627412
868617849.0027909,3.6399779999999997
868617853.076609,4.00322
868617856.920104,3.776429
868617861.225942,4.239825
868617864.688321,3.406583
868617868.420672,3.676988
868617871.7314179,3.255371
868617875.311635,3.527615
868617878.820993,3.443191
868617882.224324,3.357793
868617885.7910651,3.521187
868617889.321932,3.4757149999999997
868617892.3702619,3.002626
868617896.184894,3.74642
868617900.333507,4.0980870000000005
868617904.196829,3.807638
868617907.8993111,3.6466469999999997
868617911.441681,3.477451
868617915.265987,3.768651
868617919.53571,4.213538
868617923.7025851,4.1109539999999996
868617927.9619421,4.2037819999999995
868617931.750717,3.7176679999999998
868617935.879979,4.062622
868617940.085708,4.146731
868617943.985054,3.843677
868617948.085438,4.0174900000000004
868617952.140694,3.9991540000000003
868617955.817229,3.626706
868617960.32204,4.441091999999999
868617963.860716,3.482872
868617967.8306019,3.917423
868617971.453534,3.566176
868617975.375945,3.862355
868617978.804101,3.3678250000000003
868617981.904667,3.040476
868617985.543752,3.562967
868617989.089399,3.476178
868617993.1563519,4.020015
868617997.118924,3.9158659999999994
868618000.710036,3.5347769999999996
868618004.120606,3.359443
868618007.3043439,3.1327249999999998
868618010.5518521,3.183381
868618014.022743,3.40442
868618017.634346,3.540442
868618021.038149,3.352808
868618024.823676,3.734649
868618028.161517,3.2870109999999997
868618031.441561,3.22491
868618034.751461,3.262297
868618036.896729,2.094525
868618039.376745,2.413831
868618041.757545,2.3244279999999997
868618044.973118,3.148667
868618047.3470011,2.3081400000000003
868618049.954609,2.543784
868618052.3887631,2.36814
868618055.036709,2.5820779999999997
868618057.669901,2.5701650000000003
868618060.4907559,2.754565
868618063.052813,2.495663
868618065.466298,2.3495619999999997
868618068.3178439,2.784328
868618071.125653,2.741024
868618073.562789,2.3726599999999998
868618076.052902,2.423293
868618078.6310459,2.5133780000000003
868618081.305469,2.6109
868618083.840132,2.467793
868618086.6126989,2.707972
868618089.125942,2.4500059999999997
868618091.96308,2.770928
868618094.6339949,2.5828499999999996
868618097.5936329,2.8935139999999997
868618100.196033,2.536297
868618102.879216,2.6195250000000003
868618105.469849,2.527476
868618108.479218,2.943129
868618111.238489,2.693443
868618114.3112351,2.991257
868618117.309903,2.9326090000000002
868618120.1710811,2.793992
868618123.013541,2.778857
868618126.094301,3.0169509999999997
868618128.943832,2.783336
868618131.90394,2.896871
868618135.112207,3.145179
868618138.0688771,2.890266
868618140.9672921,2.8319650000000003
868618143.650149,2.61938
868618146.673345,2.9595480000000003
868618149.712373,2.972308
868618152.698096,2.918968
868618155.672338,2.907757
868618158.61037,2.8744590000000003
868618161.825362,3.148081
868618164.7331641,2.841031
868618167.666375,2.869684
868618171.353161,3.623203
868618174.905665,3.485277
868618178.063784,3.090653
868618180.912719,2.781548
868618183.5802461,2.60409
868618186.140473,2.49695
868618189.271515,3.064702
868618191.952905,2.6144689999999997
868618194.606058,2.540772
868618197.597129,2.925021
868618200.449927,2.78675
868618203.2763289,2.760428
868618206.071609,2.731837
868618209.29241,3.154938
868618212.053029,2.693673
868618214.6288879,2.509258
868618217.064966,2.372008
868618219.627619,2.495948
868618222.2653309,2.574621
868618224.874152,2.538235
868618227.530378,2.5765409999999997
868618230.034665,2.440368
868618232.428455,2.327035
868618234.585688,2.090213
868618236.624767,1.948838
868618238.570448,1.888127
868618240.948472,2.316395
868618243.2035689,2.201016
868618245.7024629,2.4463470000000003
868618248.221213,2.4525609999999998
868618250.692148,2.403307
868618252.9989251,2.244006
868618255.200963,2.133609
868618257.7892611,2.524744
868618260.256146,2.4012119999999997
868618262.705751,2.383435
868618265.323141,2.553828
868618268.12903,2.7396
868618270.8978281,2.702564
868618273.827692,2.866952
868618276.5964999,2.703251
868618279.270191,2.608234
868618282.091817,2.759246
868618284.708922,2.551552
868618287.877035,3.1031869999999997
868618290.374416,2.435021
868618292.876964,2.437331
868618296.164345,3.22263
868618299.654944,3.425156
868618302.861582,3.126878
868618306.270606,3.3325709999999997
868618309.462038,3.1079380000000003
868618312.086495,2.5592140000000003
868618314.7295041,2.592085
868618317.589937,2.828984
868618320.0721201,2.45001
868618322.6004261,2.482488
868618324.6366401,2.0045919999999997
868618327.172928,2.482687
868618329.65578,2.43561
868618331.608772,1.888759
868618333.640206,1.984759
868618335.518867,1.829754
868618337.41128,1.845548
868618339.429397,1.958961
868618341.198644,1.707956
868618343.7054579,2.4487620000000003
868618346.138392,2.37704
868618348.526302,2.329133
868618350.847633,2.25656
868618353.388685,2.45418
868618355.97332,2.520044
868618358.848771,2.774817
868618361.314699,2.399393
868618364.092929,2.713399
868618366.7858751,2.626607
868618369.3719231,2.5199789999999997
868618372.204624,2.766868
868618375.053003,2.780701
868618377.732413,2.615431
868618380.401805,2.603373
868618383.194864,2.727206
868618386.0176729,2.759527
868618388.7965701,2.711881
868618391.6435851,2.780345
868618394.202008,2.494745
868618396.9953331,2.727096
868618399.6589309,2.597825
868618402.6715621,2.9489780000000003
868618405.412305,2.674538
868618407.995095,2.516686
868618410.40414,2.2954109999999996
868618412.8756009,2.408339
868618415.402159,2.4603339999999996
868618417.7981789,2.333529
868618420.970828,3.107532
868618424.131153,3.097469
868618427.544116,3.34711
868618430.530636,2.9241900000000003
868618433.296387,2.70092
868618435.988883,2.62759
868618438.723992,2.647992
868618441.270202,2.481298
868618444.090134,2.755553
868618446.650612,2.4950010000000002
868618449.291141,2.578951
868618451.8466669,2.491301
868618454.194019,2.2858940000000003
868618456.639484,2.38118
868618459.151569,2.4481960000000003
868618461.976177,2.762448
868618464.8055019,2.764989
868618467.3224729,2.452697
868618470.073891,2.6901
868618473.172482,3.034246
868618475.641281,2.404901
868618478.383151,2.6798
868618481.362244,2.915059
868618483.864206,2.438099
868618486.149057,2.223443
868618488.671993,2.461869
868618491.063653,2.3275449999999998
868618493.7062271,2.581371
868618496.427138,2.656692
868618498.932312,2.441155
868618501.5924569,2.599268
868618504.734138,3.0781229999999997
868618507.648345,2.850529
868618510.389299,2.67942
868618513.346175,2.892496
868618516.078943,2.669085
868618519.1321491,2.988831
868618521.962035,2.768658
868618524.6254671,2.5696090000000003
868618527.412272,2.722741
868618530.196195,2.721438
868618533.08799,2.8279609999999997
868618535.925202,2.771574
868618539.148188,3.161844
868618541.7566329,2.544005
868618545.037197,3.215483
868618548.224661,3.122857
868618550.636067,2.3463540000000003
868618553.267856,2.568491
868618555.855191,2.521367
868618558.3775051,2.4600389999999996
868618561.438769,2.995601
868618564.313348,2.8092770000000002
868618567.353839,2.975695
868618570.249593,2.833334
868618572.889891,2.575061
868618575.767503,2.815281
868618578.932644,3.1027060000000004
868618582.330688,3.3315639999999997
868618585.326044,2.929151
868618587.921598,2.5303880000000003
868618590.597024,2.611782
868618592.899175,2.23472
868618595.471886,2.505314
868618598.180419,2.644774
868618600.98017,2.733741
868618603.3899211,2.343152
868618605.894208,2.441381
868618608.322208,2.360448
868618611.2094309,2.820127
868618613.991274,2.717629
868618616.6612071,2.6039739999999996
868618619.524285,2.7993639999999997
868618622.3758711,2.787417
868618625.563123,3.1217390000000003
868618628.3698951,2.7398409999999997
868618631.0126851,2.5789210000000002
868618633.627314,2.5508559999999996
868618636.2969259,2.602936
868618638.816514,2.45384
868618641.5374551,2.6578
868618644.256688,2.6518800000000002
868618647.2997141,2.9784260000000002
868618649.801891,2.43909
868618652.591498,2.723768
868618655.441074,2.7867
868618657.7105341,2.206048
868618660.671169,2.894661
868618663.45588,2.7208520000000003
868618666.484954,2.964875
868618668.968297,2.4163219999999996
868618672.4097209,3.378658
868618676.133438,3.656581
868618679.758721,3.558552
868618683.349438,3.5269530000000002
868618687.0777249,3.661416
868618690.17339,3.028548
868618693.109839,2.869964
868618695.780894,2.6075120000000003
868618698.7452381,2.900695
868618701.5268,2.691152
868618704.4857711,2.892486
868618707.2304829,2.681249
868618710.330282,3.035539
868618713.296986,2.9003140000000003
868618716.247492,2.883932
868618719.033811,2.719764
868618721.911824,2.796308
868618724.958017,2.979498
868618728.1656721,3.1443869999999996
868618731.1998839,2.967285
868618734.089709,2.825817
868618736.898836,2.742287
868618739.934721,2.96928
868618743.319193,3.3210879999999996
868618746.181182,2.795405
868618749.309212,3.061279
868618752.1162901,2.740627
868618755.2011989,3.021532
868618757.924897,2.6602449999999997
868618760.859306,2.867789
868618764.093562,3.1701170000000003
868618767.336846,3.177259
868618770.0602831,2.659188
868618772.902527,2.775629
868618775.89475,2.9284049999999997
868618779.0713681,3.1129949999999997
868618782.3451021,3.2073650000000002
868618785.310864,2.8996030000000004
868618788.251156,2.874348
868618791.3262919,3.011763
868618794.570006,3.1803310000000002
868618797.48534,2.8486890000000002
868618800.3579459,2.804596
868618803.132061,2.710843
868618805.7953889,2.599885
868618808.491227,2.629534
868618811.453306,2.89831
868618814.169571,2.652231
868618816.833159,2.596602
868618819.778754,2.8787550000000004
868618822.975765,3.13269
868618825.991994,2.9505619999999997
868618828.838683,2.78036
868618831.906312,3.0043159999999998
868618834.96481,2.993932
868618837.716754,2.6842010000000003
868618840.434212,2.6518599999999997
868618843.4250311,2.927257
868618846.1188699,2.630916
868618849.151968,2.966118
868618852.331578,3.115786
868618855.367233,2.968403
868618858.050061,2.619671
868618860.6706539,2.554133
868618863.573685,2.840159
868618866.426915,2.789602
868618869.43479,2.940738
868618872.589692,3.088784
868618875.830144,3.1760870000000003
868618878.855048,2.960584
868618881.806757,2.884582
868618885.173583,3.2991729999999997
868618888.153077,2.83647
868618891.3284761,3.108714
868618894.298994,2.907822
868618897.306543,2.9407539999999996
868618900.21663,2.843231
868618902.9266261,2.646267
868618905.8529301,2.862702
868618908.7949121,2.875472
868618911.7647239,2.9031909999999996
868618914.539065,2.7105979999999996
868618917.2955639,2.690977
868618921.309116,3.947257
868618924.171196,2.7957400000000003
868618926.873299,2.634967
868618929.5267539,2.590507
868618932.463928,2.87082
868618935.685712,3.1556840000000004
868618938.7541081,3.004663
868618941.993627,3.173375
868618944.748903,2.6886959999999998
868618947.8354061,3.020635
868618950.791636,2.8928209999999996
868618953.800372,2.941986
868618956.948925,3.082675
868618959.760302,2.7481799999999996
868618962.953278,3.129618
868618965.600333,2.580991
868618968.506842,2.839687
868618971.136656,2.5667519999999997
868618974.011084,2.81067
868618976.947338,2.869864
868618979.938308,2.9234579999999997
868618982.7088159,2.677621
868618985.4201001,2.644609
868618988.3279771,2.8412659999999996
868618991.125987,2.735139
868618993.918095,2.72903
868618996.961558,2.976697
868618999.824731,2.79707
868619002.848869,2.9608909999999997
868619005.949013,3.033164
868619008.804678,2.788864
868619011.6559689,2.785072
868619014.562397,2.843597
868619017.222702,2.593234
868619020.118546,2.829359
868619023.152402,2.967827
868619026.28405,3.06785
868619029.213803,2.8639
868619034.4902309,5.210189
868619038.58396,4.029709
868619043.225845,4.575817000000001
868619049.254284,5.962095
868619052.9132301,3.593038
868619056.840054,3.8490830000000003
868619061.172858,4.2486440000000005
868619064.63113,3.3978189999999997
868619068.209908,3.523742
868619071.936081,3.6587859999999996
868619075.65651,3.6641920000000003
868619079.08812,3.3647859999999996
868619083.539654,4.39128
868619086.8320659,3.202227
868619090.2436509,3.35353
868619094.2661141,3.955518
868619098.115736,3.77175
868619101.779849,3.6051870000000004
868619105.626471,3.795351
868619108.89203,3.214526
868619112.322276,3.374161
868619115.360594,2.987286
868619118.449052,3.034511
868619122.1112,3.6061029999999996
868619125.373944,3.206497
868619128.88893,3.4583790000000003
868619133.002601,4.070884
868619137.154365,4.10923
868619141.462005,4.256432
868619144.816858,3.298547
868619148.330756,3.458028
868619151.90514,3.518364
868619154.945843,2.987704
868619158.0828819,3.087037
868619161.548403,3.40931
868619165.1710141,3.5664059999999997
868619168.516984,3.290004
868619172.2429329,3.6705639999999997
868619175.685346,3.373866
868619179.5824741,3.853294
868619182.7853149,3.151524
868619186.671214,3.829528
868619190.073959,3.346426
868619193.442333,3.3179580000000004
868619196.719696,3.220791
868619200.400808,3.630358
868619204.276458,3.825151
868619207.955161,3.617807
868619211.207716,3.176348
868619214.883957,3.609912
868619218.609964,3.670328
868619221.990227,3.30897
868619225.7565581,3.709684
868619229.124858,3.31217
868619232.7541339,3.579138
868619236.3130779,3.50317
868619240.2524279,3.888216
868619243.921962,3.618501
868619247.777711,3.8021190000000002
868619251.83737,4.0033330000000005
868619255.532611,3.628335
868619258.849295,3.250504
868619262.453148,3.532927
868619266.024139,3.513903
868619269.346687,3.265661
868619272.994553,3.60527
868619277.224613,4.187298
868619280.6751491,3.394947
868619283.690511,2.964262
868619287.728099,3.9703910000000002
868619291.280642,3.474631
868619295.840787,4.501151999999999
868619299.510057,3.611781
868619303.057984,3.491035
868619306.610224,3.486932
868619310.2220479,3.540851
868619314.41363,4.124214
868619317.975841,3.506472
868619322.267485,4.235188
868619325.996524,3.673836
868619329.365109,3.313136
868619333.230516,3.809933
868619336.536851,3.2510019999999997
868619339.873104,3.280884
868619343.4012201,3.4805729999999997
868619346.61152,3.1606210000000003
868619349.918362,3.2564360000000003
868619353.5902311,3.6215829999999998
868619357.1521261,3.506551
868619360.61698,3.408588
868619364.320212,3.64761
868619367.5240401,3.153632
868619371.05799,3.466958
868619374.9368529,3.822818
868619378.3916869,3.388945
868619381.560935,3.114869
868619384.817929,3.201285
868619388.070669,3.205586
868619392.034426,3.906934
868619395.350328,3.2584839999999997
868619399.444918,4.046845
868619403.175166,3.674863
868619406.5977011,3.3669759999999997
868619410.105284,3.439944
868619414.0921401,3.9308449999999997
868619417.5933429,3.445619
868619420.925232,3.274781
868619424.532102,3.550815
868619428.892356,4.304584
868619432.637188,3.6892169999999997
868619436.9609921,4.267824
868619440.8541349,3.8254349999999997
868619444.879378,3.9748860000000006
868619448.525168,3.589971
868619452.228681,3.6524449999999997
868619455.720194,3.44152
868619459.8187829,4.027519
868619464.144894,4.259329
868619467.877677,3.643116
868619471.5149671,3.578598
868619475.0607331,3.494698
868619478.9616259,3.849854
868619482.8640131,3.851593
868619486.389588,3.4746859999999997
868619489.890882,3.445278
868619493.14723,3.200624
868619495.9906219,2.787106
868619499.308659,3.2404819999999996
868619502.629192,3.264703
868619505.61473,2.930033
868619508.976503,3.306117
868619512.586981,3.570698
868619516.504993,3.866965
868619519.761072,3.195863
868619523.702868,3.893963
868619527.44995,3.697098
868619530.413027,2.912635
868619533.9535841,3.480229
868619537.76136,3.736574
868619541.305683,3.493402
868619545.242767,3.8816319999999997
868619548.289221,2.996382
868619552.478037,4.133648999999999
868619555.82877,3.300446
868619559.465464,3.583897
868619563.254644,3.733897
868619566.839317,3.539065
868619570.355149,3.459832
868619573.890553,3.468709
868619577.674751,3.7289139999999996
868619581.489484,3.749376
868619585.374256,3.829508
868619589.162171,3.732378
868619592.348172,3.140626
868619595.6687009,3.264583
868619599.129806,3.4087330000000002
868619601.960804,2.775348
868619604.758585,2.741551
868619607.841148,3.033554
868619610.924343,3.030463
868619614.226048,3.247398
868619617.583647,3.30213
868619621.720205,4.069352
868619624.852214,3.06391
868619627.930006,3.019006
868619630.993873,3.009665
868619634.669632,3.632813
868619638.251208,3.525583
868619641.851397,3.5495579999999998
868619645.9617989,4.054702000000001
868619649.1887499,3.1720379999999997
868619653.2689819,4.013135999999999
868619657.448265,4.133414
868619661.3091309,3.80465
868619665.10876,3.743939
868619669.644042,4.479592
868619673.0918361,3.392249
868619676.5668429,3.410603
868619679.7506981,3.128179
868619683.4974129,3.683177
868619687.471739,3.9148270000000003
868619691.704626,4.165089
868619695.5084579,3.737911
868619699.272251,3.702608
868619703.2429019,3.9042019999999997
868619706.573759,3.259194
868619710.191805,3.561076
868619713.346552,3.103993
868619716.925844,3.527877
868619720.626747,3.639553
868619723.956626,3.2743960000000003
868619727.669312,3.6050050000000002
868619732.052611,4.327458
868619735.4966661,3.3772659999999997
868619739.048844,3.488465
868619743.195871,4.096413
868619746.839662,3.587419
868619750.623504,3.7160349999999998
868619753.986444,3.2963150000000003
868619757.899047,3.8575369999999998
868619761.6264759,3.6479749999999997
868619765.4740889,3.802166
868619769.196004,3.671234
868619772.823614,3.5773430000000004
868619776.267033,3.3871119999999997
868619780.079652,3.756875
868619783.956135,3.819871
868619788.031255,3.9841420000000003
868619791.487885,3.399908
868619795.425972,3.884386
868619798.95738,3.47587
868619802.154832,3.141902
868619806.1818451,3.9713680000000005
868619809.528423,3.280828
868619813.000715,3.421789
868619816.653828,3.597022
868619820.232556,3.512916
868619823.592827,3.304215
868619827.0483639,3.391578
868619831.150718,4.051952999999999
868619834.248324,3.042381
868619837.6109929,3.312674
868619841.343074,3.675339
868619844.887749,3.488738
868619848.60153,3.662566
868619853.135553,4.48334
868619856.694415,3.508472
868619860.319155,3.55067
868619863.868813,3.49979
868619867.62547,3.708998
868619871.8339671,3.857621
868619875.431566,3.54047
868619879.1394559,3.651424
868619882.552264,3.357819
868619885.960326,3.352579
868619889.833531,3.82806
868619893.406096,3.517356
868619896.728087,3.266877
868619899.9761461,3.182602
868619902.967327,2.9051
868619906.441142,3.418792
868619909.587801,3.091126
868619912.7249631,3.0913310000000003
868619915.803091,3.032221
868619919.605198,3.758955
868619923.003717,3.3446890000000002
868619926.504184,3.454978
868619929.396897,2.847724
868619932.687821,3.235541
868619936.227729,3.484635
868619939.7929671,3.510064
868619943.756428,3.89683
868619947.306998,3.495538
868619950.85527,3.498038
868619954.85717,3.946682
868619958.758906,3.846317
868619961.907589,3.0936470000000003
868619965.4962059,3.5354520000000003
868619969.2023829,3.651047
868619972.701812,3.453921
868619975.876631,3.1078479999999997
868619979.3888919,3.4598910000000003
868619983.082494,3.643633
868619986.219387,3.0557459999999996
868619990.333713,4.047746
868619993.8008779,3.412366
868619997.7490671,3.892775
868620002.0697291,4.265283
868620005.7274729,3.6026059999999998
868620013.73227,7.9399109999999995
868620017.496315,3.708602
868620021.113549,3.551606
868620024.225677,3.0331490000000003
868620027.265592,2.970864
868620030.556821,3.2369730000000003
868620033.814072,3.196745
868620036.603348,2.720962
868620039.138878,2.469782
868620041.406438,2.204469
868620043.6761041,2.2038420000000003
868620046.163592,2.4244660000000002
868620048.471993,2.241881
868620050.44417,1.9063590000000001
868620053.435441,2.927603
868620055.6991429,2.197578
868620058.038461,2.276477
868620060.3042179,2.1995780000000003
868620062.350468,1.980267
868620064.316496,1.902665
868620067.2038361,2.82075
868620069.4624709,2.1946909999999997
868620071.634214,2.105845
868620073.826584,2.1296039999999996
868620075.950981,2.0586390000000003
868620078.151251,2.113762
868620080.311361,2.0945080000000003
868620082.411787,2.034563
868620085.450639,2.975444
868620087.567078,2.0506309999999996
868620090.771912,3.141406
868620092.820758,1.982948
868620095.2029401,2.318629
868620097.364484,2.098798
868620099.507144,2.077082
868620101.773182,2.202935
868620103.803019,1.9641300000000002
868620106.0525581,2.186362
868620108.1516061,2.03321
868620110.489235,2.271881
868620112.6654329,2.1129249999999997
868620115.603691,2.872459
868620118.131518,2.464816
868620120.587142,2.389615
868620123.081916,2.427317
868620125.728339,2.583136
868620128.5888361,2.795035
868620131.401872,2.746155
868620134.210328,2.745549
868620137.066113,2.789396
868620139.957466,2.828036
868620142.927724,2.8815049999999998
868620145.849583,2.8555949999999997
868620149.086141,3.170449
868620152.1546669,3.002832
868620154.955024,2.733842
868620157.634338,2.593715
868620160.807778,3.107536
868620163.788184,2.9175999999999997
868620166.793944,2.942543
868620170.184746,3.324643
868620172.869458,2.618313
868620175.624966,2.692636
868620178.6042839,2.9158809999999997
868620181.758544,3.087049
868620184.758251,2.932329
868620187.487587,2.66637
868620190.6919941,3.141
868620193.915195,3.156776
868620197.202742,3.196479
868620200.153648,2.884427
868620202.700324,2.4799599999999997
868620205.466276,2.702314
868620208.3059039,2.773142
868620211.0177541,2.649089
868620213.878626,2.7975600000000003
868620216.807603,2.863057
868620219.823802,2.9503310000000003
868620222.642065,2.7553120000000004
868620225.702231,2.993381
868620228.88114,3.11091
868620231.850575,2.904289
868620234.707057,2.793139
868620237.8216959,3.0489610000000003
868620240.534574,2.6436469999999996
868620243.458894,2.858136
868620246.520103,2.997701
868620249.399428,2.813241
868620252.217537,2.7525850000000003
868620255.0592941,2.775278
868620257.535736,2.412779
868620260.1882191,2.584945
868620262.729302,2.474402
868620265.2713771,2.4789980000000003
868620267.84944,2.5112929999999998
868620270.608325,2.6956279999999997
868620273.3473691,2.672409
868620276.10663,2.691933
868620278.896506,2.7267189999999997
868620281.6689581,2.708758
868620284.5407859,2.806286
868620287.21529,2.60819
868620290.048393,2.76938
868620292.715118,2.601042
868620296.460125,3.681293
868620299.0855991,2.558528
868620302.048624,2.899252
868620322.641222,20.52683
868620351.677099,28.970223999999998
868620356.261551,4.5181320000000005
868620360.644915,4.317886
868620364.10799,3.397358
868620366.797724,2.62349
868620369.2866349,2.425544
868620371.9452009,2.590638
868620374.733013,2.7001579999999996
868620377.4355171,2.638525
868620380.1411229,2.63856
868620383.141019,2.912618
868620385.962992,2.757883
868620388.848522,2.819596
868620391.6765729,2.764839
868620394.398492,2.658822
868620397.2851801,2.820493
868620400.101658,2.75068
868620402.921551,2.753623
868620405.779376,2.794132
868620408.892325,3.046429
868620411.760504,2.804871
868620414.331116,2.506683
868620417.378644,2.9815940000000003
868620421.117486,3.6711
868620425.0706019,3.8862900000000002
868620429.1226989,3.9851060000000005
868620432.076473,2.8884570000000003
868620434.768552,2.625198
868620438.00994,3.177364
868620440.955796,2.878935
868620444.0236751,2.981684
868620446.726866,2.6340399999999997
868620449.652935,2.862481
868620452.396048,2.6769239999999996
868620455.599283,3.1396509999999997
868620458.337128,2.674538
868620461.53683,3.133267
868620464.509368,2.90477
868620467.160216,2.587105
868620470.2868631,3.062983
868620473.3855691,3.033108
868620476.367764,2.916156
868620479.361837,2.930996
868620482.632509,3.206618
868620485.406214,2.707229
868620488.32021,2.8473159999999997
868620491.479372,3.09589
868620494.296739,2.7538039999999997
868620497.253404,2.8903459999999996
868620500.252103,2.933036
868620503.0621569,2.746697
868620505.9698291,2.845035
868620509.058872,3.022869
868620511.873777,2.747328
868620515.204584,3.266873
868620517.85843,2.587982
868620520.704041,2.778806
868620523.538467,2.771017
868620526.751734,3.150045
868620529.8096211,2.991232
868620533.238276,3.3616140000000003
868620536.189559,2.884958
868620539.030935,2.7780639999999996
868620542.1399599,3.04465
868620545.481011,3.274947
868620549.416507,3.8691760000000004
868620553.395985,3.913003
868620556.64213,3.179139
868620559.4788661,2.7733689999999998
868620562.2654411,2.723132
868620564.9883571,2.656872
868620567.652571,2.6011580000000003
868620570.893178,3.1633630000000004
868620574.214773,3.230769
868620576.947853,2.6669810000000003
868620579.632986,2.6221669999999997
868620582.6137481,2.917855
868620585.666061,2.98617
868620588.7147261,2.983047
868620591.6515961,2.874074
868620594.890468,3.174858
868620597.842157,2.884608
868620600.6726891,2.763551
868620603.996951,3.260714
868620606.896739,2.8078589999999997
868620610.226384,3.265425
868620613.175947,2.883875
868620616.317112,3.078198
868620619.307161,2.923304
868620622.007394,2.636104
868620624.76658,2.6911219999999996
868620627.510339,2.6800460000000004
868620630.7400299,3.16674
868620633.690902,2.884488
868620636.526476,2.768773
868620639.367262,2.777353
868620642.196581,2.766317
868620645.026572,2.764052
868620648.1525171,3.062658
868620651.288229,3.069713
868620653.940576,2.589596
868620656.799439,2.792499
868620659.768865,2.906128
868620662.49561,2.663559
868620665.866661,3.30445
868620668.664752,2.732047
868620672.367214,3.636599
868620675.505267,3.07229
868620677.833118,2.2639869999999997
868620680.349784,2.44949
868620683.1458861,2.732679
868620685.721283,2.5112530000000004
868620688.5236139,2.73553
868620691.155969,2.569804
868620693.948091,2.728644
868620697.031487,3.0165550000000003
868620699.941073,2.8459079999999997
868620702.2874081,2.258641
868620705.02153,2.66848
868620707.436525,2.348168
868620710.1721209,2.672303
868620712.751642,2.513012
868620715.124097,2.309253
868620717.856781,2.668996
868620720.214838,2.292193
868620723.0095509,2.731141
868620725.823745,2.7504
868620728.9483969,3.058828
868620731.6990869,2.687629
868620734.317836,2.555311
868620737.097309,2.7132490000000002
868620739.9524729,2.7894859999999997
868620743.2463449,3.206843
868620746.393349,3.0792509999999997
868620749.3846899,2.9256629999999997
868620752.342072,2.8669469999999997
868620755.402996,2.9978819999999997
868620758.1456829,2.679726
868620761.126239,2.914738
868620764.136263,2.946025
868620767.015013,2.812205
868620770.065432,2.986491
868620773.163571,3.0316039999999997
868620776.109752,2.8834
868620779.2545561,3.0782040000000004
868620781.926499,2.607889
868620784.789506,2.79549
868620787.71135,2.858442
868620790.844276,3.069639
868620793.833082,2.922672
868620796.632166,2.731747
868620799.410065,2.714196
868620801.951198,2.477395
868620804.7890021,2.770687
868620807.961519,3.108634
868620811.013302,2.937542
868620813.987774,2.9084689999999997
868620816.708014,2.654116
868620819.610649,2.839809
868620822.4399179,2.765711
868620825.0207529,2.5147009999999996
868620827.975003,2.887635
868620830.99694,2.93307
868620833.5876889,2.524409
868620836.2633001,2.604345
868620839.331671,3.001706
868620842.3150741,2.9200950000000003
868620845.160806,2.779362
868620848.174189,2.946953
868620851.0452449,2.80392
868620853.730554,2.62192
868620856.4518161,2.6549270000000003
868620859.002506,2.482853
868620861.432199,2.366045
868620863.552933,2.0548200000000003
868620865.828953,2.212703
868620868.1828251,2.2872869999999996
868620870.452361,2.202314
868620873.051464,2.531882
868620875.2741,2.155885
868620877.808236,2.4706189999999997
868620880.1983429,2.324007
868620882.468459,2.182833
868620884.7915751,2.259331
868620887.110575,2.251363
868620889.435544,2.261421
868620891.6139231,2.113271
868620894.005427,2.328447
868620896.3759819,2.305008
868620898.4766489,2.034954
868620900.894976,2.348043
868620903.244107,2.2831919999999997
868620905.587474,2.277504
868620907.6358651,1.9831229999999997
868620910.522257,2.822668
868620912.7937671,2.204093
868620914.769167,1.90842
868620917.1387349,2.3061309999999997
868620919.867921,2.639793
868620922.876628,2.956696
868620925.8017501,2.8663600000000002
868620928.1063219,2.239826
868620930.6129589,2.440654
868620932.844226,2.1691369999999996
868620935.088026,2.179045
868620937.379974,2.229207
868620939.862164,2.417971
868620942.192451,2.2676060000000002
868620944.423597,2.165924
868620946.684312,2.195587
868620949.365686,2.618904
868620951.774421,2.342987
868620954.388043,2.550626
868620956.688255,2.234834
868620958.9275291,2.173968
868620961.136027,2.145546
868620963.360067,2.157981
868620965.638087,2.214938
868620968.0544901,2.3512709999999997
868620970.607089,2.481263
868620972.8902359,2.2210929999999998
868620975.239297,2.2837140000000002
868620977.6492889,2.347281
868620980.4433,2.728704
868620982.850552,2.342721
868620985.483323,2.569624
868620988.208861,2.6590580000000004
868620990.764051,2.4893170000000002
868620993.427669,2.600491
868620996.244304,2.751133
868620999.124386,2.81475
868621001.985785,2.798001
868621005.021349,2.967912
868621008.154095,3.0653740000000003
868621011.087371,2.867483
868621013.6828549,2.5309540000000004
868621016.655082,2.906133
868621019.6116381,2.88975
868621022.515435,2.840364
868621025.872077,3.28931
868621029.28273,3.344635
868621032.090649,2.742016
868621035.250593,3.0926259999999997
868621038.462302,3.147505
868621041.3617901,2.833294
868621044.962029,3.53246
868621048.252712,3.227787
868621051.527599,3.208908
868621054.679103,3.088533
868621057.4296639,2.683395
868621060.10551,2.610068
868621063.1114,2.942096
868621066.509408,3.334425
868621069.572166,2.995462
868621072.418745,2.78037
868621075.441385,2.9587860000000004
868621078.560514,3.054464
868621081.668041,3.039043
868621084.49516,2.763416
868621087.50319,2.9415299999999998
868621090.6234609,3.033093
868621093.3839301,2.693839
868621096.258384,2.808571
868621099.024943,2.704233
868621101.914988,2.825826
868621105.008507,3.026167
868621107.967217,2.896114
868621111.079721,3.01648
868621114.0310341,2.8853199999999997
868621116.981972,2.883856
868621119.820798,2.772046
868621122.698955,2.814524
868621125.8912591,3.125699
868621128.725174,2.767856
868621131.6510279,2.863033
868621134.737501,3.0224840000000004
868621137.730566,2.9264740000000002
868621140.349846,2.552199
868621142.988591,2.575263
868621146.272509,3.220751
868621148.975754,2.636424
868621152.032292,2.993582
868621155.2867061,3.186085
868621158.332986,2.9828810000000003
868621161.255707,2.855991
868621164.186648,2.8640139999999996
868621167.066704,2.817145
868621170.489264,3.358952
868621174.041557,3.4847300000000003
868621177.870024,3.765299
868621181.335013,3.399412
868621184.227866,2.825996
868621186.9564149,2.6622
868621189.5805011,2.54219
868621192.6450319,2.9987579999999996
868621195.562687,2.850939
868621198.706093,3.079452
868621201.730436,2.958264
868621204.3639541,2.567023
868621207.165569,2.738473
868621209.73598,2.5070840000000003
868621212.373266,2.57041
868621215.08866,2.648904
868621217.793419,2.641481
868621220.96928,3.109331
868621224.1407261,3.104886
868621227.0848471,2.878103
868621230.166078,3.018064
868621233.143291,2.9107030000000003
868621236.064329,2.857093
868621239.101552,2.9700870000000004
868621241.746492,2.581422
868621244.7029411,2.889173
868621247.7498521,2.983823
868621251.125218,3.312244
868621254.4354371,3.244687
868621257.4028981,2.901347
868621260.093344,2.626717
868621263.1200371,2.960575
868621266.271932,3.0879760000000003
868621269.584166,3.245784
868621272.41146,2.760629
868621275.413527,2.915304
868621278.086973,2.61035
868621281.286349,3.1332370000000003
868621284.155871,2.8037140000000003
868621287.3490621,3.130219
868621290.021796,2.609021
868621293.0302219,2.9424680000000003
868621297.3025919,4.208626
868621301.086293,3.714951
868621304.8273699,3.677283
868621308.336708,3.44348
868621311.1774391,2.7748220000000003
868621314.052445,2.811669
868621316.944059,2.82529
868621320.087495,3.079918
868621322.9418819,2.786775
868621325.77097,2.765435
868621329.0018541,3.164575
868621331.623766,2.558533
868621334.643338,2.955754
868621337.308635,2.586193
868621339.94734,2.572215
868621343.2273691,3.191663
868621346.520914,3.227467
868621349.403326,2.815912
868621352.525924,3.056027
868621355.3492891,2.7603340000000003
868621358.3442091,2.9320090000000003
868621361.054024,2.642764
868621363.871134,2.754003
868621367.0969571,3.162255
868621370.0539681,2.890411
868621373.064304,2.944401
868621375.933997,2.803129
868621378.895609,2.898631
868621381.584877,2.62346
868621384.582257,2.930725
868621387.570646,2.9251669999999996
868621390.295391,2.6613420000000003
868621393.2125349,2.8491910000000003
868621396.206132,2.930034
868621398.985114,2.712277
868621402.1370289,3.088478
868621405.107071,2.902234
868621408.06083,2.887114
868621411.320256,3.1924599999999996
868621414.067544,2.684217
868621417.067009,2.932789
868621420.337229,3.206402
868621424.1889291,3.785225
868621427.079712,2.824954
868621429.895705,2.752641
868621432.747731,2.785331
868621435.53425,2.723312
868621438.825004,3.2274399999999996
868621441.937497,3.046049
868621444.9007889,2.896716
868621447.7204851,2.755282
868621450.827471,3.043703
868621454.006946,3.1136470000000003
868621457.36474,3.290944
868621460.339649,2.907977
868621463.128719,2.725553
868621466.347119,3.1295830000000002
868621469.332361,2.919148
868621472.402516,3.003024
868621475.628098,3.161563
868621478.72481,3.0335739999999998
868621481.635217,2.8441780000000003
868621484.4299461,2.727963
868621487.1183759,2.622477
868621489.811699,2.62998
868621493.119833,3.241189
868621496.160544,2.974136
868621499.370976,3.1438260000000002
868621502.344836,2.9102170000000003
868621505.605966,3.195591
868621508.838033,3.1649209999999997
868621511.6581659,2.756324
868621514.661013,2.939119
868621517.687301,2.959342
868621520.6469079,2.8927169999999998
868621523.614104,2.886763
868621526.595587,2.918447
868621529.843015,3.1816489999999997
868621532.549688,2.640575
868621535.25571,2.64275
868621538.3538411,3.033865
868621541.286294,2.8657079999999997
868621544.5985479,3.246471
868621548.225981,3.563549
868621551.850281,3.55773
868621555.0115789,3.097228
868621557.885527,2.807748
868621560.670367,2.717819
868621563.3970311,2.663252
868621565.989022,2.528969
868621568.593809,2.538592
868621570.910589,2.253047
868621573.918785,2.945239
868621576.317401,2.331891
868621578.9291631,2.545653
868621581.234431,2.241374
868621583.835048,2.534473
868621586.6592251,2.760003
868621589.067429,2.342385
868621591.843508,2.709114
868621594.501719,2.594593
868621597.4682881,2.899979
868621600.175241,2.638539
868621603.127857,2.8890130000000003
868621606.241789,3.049737
868621609.040697,2.732805
868621611.692633,2.5885740000000004
868621614.442297,2.685815
868621617.2190889,2.7104579999999996
868621619.898349,2.613246
868621622.9358671,2.973795
868621625.6397591,2.6371659999999997
868621628.4135029,2.70752
868621631.223162,2.746331
868621633.9247041,2.637808
868621636.700407,2.709755
868621639.548645,2.785081
868621642.661373,3.048649
868621645.664773,2.91346
868621648.3043151,2.573754
868621650.8975999,2.530243
868621653.388957,2.4278239999999998
868621655.941161,2.485048
868621658.4312999,2.399668
868621661.2514081,2.756916
868621664.0400519,2.7225499999999996
868621667.132759,3.025506
868621670.318133,3.1213550000000003
868621673.848589,3.464007
868621676.670591,2.7591159999999997
868621679.5932679,2.8562119999999998
868621682.569138,2.912438
868621685.4237,2.787301
868621688.309947,2.818098
868621690.985198,2.611673
868621693.867069,2.818679
868621696.818467,2.885815
868621699.654361,2.772647
868621702.5692849,2.8513800000000002
868621705.457396,2.821161
868621708.414257,2.890662
868621711.0048001,2.5255870000000002
868621713.625223,2.556143
868621716.459373,2.766578
868621719.691304,3.1681529999999998
868621722.493951,2.73926
868621725.4853079,2.9247959999999997
868621728.486156,2.934183
868621731.052472,2.499946
868621733.7319779,2.6160419999999998
868621736.429575,2.630216
868621738.852222,2.356533
868621741.29464,2.379221
868621743.78078,2.420446
868621746.242337,2.3979399999999997
868621748.63096,2.321712
868621751.362165,2.665572
868621754.208228,2.782575
868621757.0082589,2.733671
868621759.602571,2.528709
868621762.503005,2.837583
868621765.331447,2.761751
868621767.93668,2.538436
868621771.000034,2.99902
868621773.933029,2.866761
868621776.752325,2.7526349999999997
868621779.433133,2.613702
868621782.299027,2.8021510000000003
868621785.029706,2.6627259999999997
868621787.96196,2.865474
868621790.789475,2.734569
868621793.939251,3.083721
868621797.222016,3.2172479999999997
868621800.204266,2.916476
868621802.871753,2.601509
868621805.796635,2.861343
868621809.0736309,3.210607
868621812.112106,2.974482
868621815.310375,3.1315280000000003
868621818.261728,2.887575
868621821.420374,3.092456
868621824.541743,3.0312
868621827.596061,2.990374
868621830.2974429,2.637577
868621833.3324751,2.967746
868621836.463055,3.048619
868621839.458943,2.9289059999999996
868621842.423542,2.901082
868621845.399472,2.909245
868621848.531852,3.065629
868621851.7379631,3.142859
868621854.992116,3.190726
868621857.662856,2.604541
868621860.517064,2.787902
868621863.3969209,2.816614
868621866.48176,3.0216629999999998
868621869.362027,2.813763
868621872.348492,2.920702
868621875.3174969,2.905492
868621877.967864,2.586789
868621880.647775,2.61289
868621883.275574,2.564086
868621886.484542,3.14542
868621889.249351,2.69882
868621891.926927,2.61474
868621894.74086,2.750345
868621897.474592,2.667488
868621900.24357,2.702077
868621903.4109809,3.104605
868621906.2730609,2.799079
868621908.921078,2.5809409999999997
868621911.506003,2.521297
868621914.31302,2.7449879999999998
868621917.394366,3.014656
868621921.051975,3.591218
868621924.822726,3.704411
868621927.590306,2.7008599999999996
868621930.682968,3.0294100000000004
868621933.787277,3.037418
868621936.834529,2.9812939999999997
868621939.696905,2.799129
868621942.28372,2.5237369999999997
868621945.130765,2.780842
868621947.733326,2.5361659999999997
868621950.560304,2.7629099999999998
868621953.509843,2.882809
868621956.470678,2.89436
868621959.32922,2.795525
868621962.316767,2.924265
868621965.260854,2.8780379999999997
868621968.1640849,2.8403899999999997
868621970.992457,2.7608699999999997
868621973.7599169,2.7035560000000003
868621976.3777131,2.551862
868621979.081159,2.6407700000000003
868621982.024784,2.880002
868621985.1934731,3.10261
868621988.347324,3.0879459999999996
868621991.256604,2.843472
868621994.1449159,2.824678
868621997.152955,2.9416249999999997
868622000.392324,3.176658
868622003.083762,2.624828
868622006.255103,3.084384
868622008.965886,2.644699
868622011.7423769,2.7100560000000002
868622015.0329349,3.226288
868622017.8453641,2.74609
868622020.7114141,2.800176
868622023.612631,2.83798
868622026.610914,2.93516
868622029.211134,2.533905
868622032.097786,2.82346
868622035.031754,2.867723
868622037.9003841,2.805218
868622040.80146,2.834335
868622043.960336,3.094827
868622047.569171,3.5178879999999997
868622051.360967,3.72518
868622054.6306009,3.2022980000000003
868622057.3555219,2.658476
868622060.150677,2.729306
868622062.8730271,2.659413
868622065.868949,2.9326399999999997
868622068.8541859,2.91824
868622071.6828979,2.765244
868622074.9538801,3.208016
868622077.8066989,2.7864240000000002
868622080.673791,2.8004670000000003
868622083.620764,2.884477
868622086.3531569,2.66853
868622089.063439,2.643878
868622092.1588429,3.029651
868622095.151528,2.926074
868622098.067649,2.852879
868622101.238118,3.104429
868622103.9329181,2.62803
868622107.1116159,3.115125
868622110.2650889,3.087079
868622113.2773889,2.9457400000000002
868622116.159276,2.815132
868622119.270171,3.047302
868622122.184082,2.851095
868622125.149663,2.8995319999999998
868622127.840003,2.626246
868622130.574065,2.670194
868622133.505548,2.86402
868622136.458069,2.8857399999999997
868622139.2195449,2.6985
868622141.973117,2.69014
868622144.807077,2.767615
868622147.55021,2.677536
868622149.66274,2.048521
868622152.2309409,2.501941
868622154.724101,2.429853
868622157.5105051,2.723277
868622160.47516,2.881265
868622163.428257,2.890326
868622166.095163,2.603458
868622168.809515,2.647801
868622172.522958,3.647841
868622176.563206,3.973443
868622180.278499,3.648302
868622183.080194,2.7349599999999996
868622186.1258869,2.982396
868622189.217286,3.001896
868622192.1979419,2.917203
868622195.145487,2.8811039999999997
868622197.854866,2.645401
868622200.801563,2.880062
868622203.553006,2.6884349999999997
868622206.545074,2.929282
868622209.535684,2.924821
868622212.6418879,3.0407070000000003
868622215.517465,2.8115829999999997
868622218.1808529,2.599799
868622221.33803,3.090612
868622224.558801,3.154566
868622227.838634,3.216301
868622231.117013,3.213714
868622234.347572,3.1642129999999997
868622237.160643,2.7469930000000002
868622239.95692,2.729992
868622243.203225,3.1555239999999998
868622246.053954,2.7844599999999997
868622249.3555421,3.235164
868622252.56642,3.1432700000000002
868622255.585271,2.956045
868622258.466005,2.817988
868622261.474806,2.94184
868622264.1324661,2.5919670000000004
868622266.9373031,2.7416300000000002
868622269.610103,2.6093919999999997
868622272.390893,2.714621
868622275.235798,2.781622
868622277.881474,2.5819520000000002
868622280.620674,2.671085
868622283.3906499,2.706543
868622285.891248,2.436389
868622288.699317,2.741178
868622291.489786,2.726469
868622295.0054581,3.45249
868622298.616021,3.5436080000000003
868622302.545648,3.8662140000000003
868622306.469992,3.856987
868622310.340782,3.805322
868622314.130442,3.723376
868622317.834564,3.637707
868622320.481412,2.5811100000000002
868622323.2827959,2.737565
868622326.171894,2.826282
868622329.082327,2.84458
868622331.786986,2.641287
868622335.097611,3.247233
868622338.1877179,3.02321
868622341.051592,2.798101
868622344.196502,3.081491
868622347.2360799,2.972658
868622350.109581,2.809898
868622353.317472,3.1413360000000004
868622356.487119,3.104124
868622359.419052,2.8277609999999997
868622362.036378,2.5544130000000003
868622364.858304,2.755808
868622367.539433,2.615186
868622370.479735,2.512937
868622373.38659,2.83877
868622376.163677,2.710969
868622379.416608,3.1647860000000003
868622382.3781049,2.89838
868622385.324155,2.878388
868622388.359099,2.9682269999999997
868622391.379187,2.9562999999999997
868622450.36376,58.92124
868622455.164415,4.734266
868622459.5870949,4.359253000000001
868622464.143737,4.490017
868622466.750297,2.540722
868622469.574836,2.7613659999999998
868622472.219299,2.577949
868622474.8969351,2.611462
868622477.844054,2.884077
868622480.602112,2.69047
868622483.472746,2.8072269999999997
868622486.444707,2.907902
868622489.31628,2.805795
868622492.210646,2.830376
868622494.910278,2.633333
868622497.74301,2.768929
868622500.632509,2.822989
868622503.527381,2.8320760000000003
868622506.454087,2.862697
868622509.30863,2.786945
868622512.317392,2.939561
868622515.1694789,2.7884189999999998
868622518.489345,3.2558320000000003
868622521.490083,2.933201
868622524.1508701,2.595089
868622527.364293,3.1475
868622530.260116,2.832265
868622533.336897,3.010877
868622536.200461,2.7969090000000003
868622538.999856,2.735926
868622542.150889,3.0873939999999997
868622546.327911,4.110898
868622550.363048,3.969109
868622552.927135,2.497286
868622555.752364,2.743664
868622558.618063,2.80184
868622561.198056,2.511108
868622564.097674,2.832758
868622567.183541,3.019071
868622570.441844,3.1945200000000002
868622573.3464531,2.838325
868622576.258525,2.8462639999999997
868622579.370703,3.0488310000000003
868622582.4957861,3.062067
868622585.434569,2.872093
868622588.389356,2.888307
868622591.125278,2.672569
868622594.028404,2.838721
868622596.8519039,2.756961
868622599.7090219,2.793916
868622602.593294,2.8211
868622605.304072,2.6431
868622608.468181,3.097708
868622611.4539479,2.922641
868622614.6741871,3.1575480000000002
868622617.486086,2.744923
868622620.848672,3.298873
868622623.5677,2.627684
868622625.909789,2.2791930000000002
868622628.372684,2.39638
868622631.129249,2.693367
868622633.801832,2.608139
868622636.444552,2.576481
868622639.069049,2.561471
868622641.692714,2.559726
868622644.23093,2.471155
868622647.0853219,2.7913
868622649.954433,2.804736
868622652.6629809,2.641121
868622655.406942,2.680358
868622658.528301,3.058478
868622661.331059,2.735926
868622663.989089,2.5905479999999996
868622666.831995,2.7540440000000004
868622670.048531,3.153463
868622672.7358229,2.620081
868622675.299113,2.496579
868622678.55891,3.1965000000000003
868622681.428377,2.803719
868622684.3073959,2.8146999999999998
868622687.1870731,2.813142
868622690.252592,3.002167
868622693.1294171,2.810962
868622695.8149359,2.62167
868622698.571461,2.693642
868622701.753681,3.116006
868622704.9358519,3.1153359999999997
868622707.7924399,2.793015
868622710.58397,2.728028
868622713.183218,2.532547
868622716.129154,2.8796820000000003
868622719.152124,2.956079
868622722.285196,3.0693029999999997
868622725.303475,2.951022
868622728.290767,2.9210629999999997
868622731.476386,3.122106
868622734.185861,2.646679
868622737.1226751,2.8690909999999996
868622739.9562529,2.770216
868622742.981524,2.937331
868622745.768695,2.720386
868622748.358577,2.523136
868622751.212162,2.787061
868622753.883863,2.6082140000000003
868622757.1077919,3.1575029999999997
868622760.1596041,2.987959
868622762.836367,2.6103989999999997
868622765.481186,2.581602
868622768.336832,2.78864
868622771.2470701,2.8461179999999997
868622774.164399,2.8533959999999996
868622777.1796311,2.948422
868622780.289944,3.043753
868622783.211398,2.853787
868622786.021482,2.746476
868622789.116996,3.028372
868622791.84999,2.6701680000000003
868622795.290964,3.376855
868622798.9644339,3.606755
868622802.54827,3.517676
868622805.09467,2.4570730000000003
868622807.953854,2.7959769999999997
868622810.7951951,2.75279
868622813.885728,3.023932
868622816.6724629,2.720005
868622819.94089,3.2017360000000004
868622823.1998991,3.169817
868622826.207177,2.940463
868622828.893849,2.6207439999999997
868622831.713516,2.756399
868622834.6554719,2.878373
868622837.298197,2.577127
868622840.105179,2.741203
868622842.724734,2.5562620000000003
868622845.614458,2.826598
868622848.476914,2.796407
868622850.8580899,2.317643
868622853.608901,2.687058
868622856.258021,2.5830409999999997
868622859.001676,2.676634
868622861.370572,2.305088
868622863.678376,2.241605
868622866.241511,2.499978
868622868.770696,2.462986
868622871.4209479,2.565123
868622873.876912,2.392637
868622876.3093021,2.36586
868622879.480893,3.105708
868622882.290517,2.742477
868622885.121354,2.7632339999999997
868622888.03565,2.850663
868622890.810633,2.706839
868622893.447945,2.562423
868622896.192807,2.679029
868622899.135234,2.8789800000000003
868622901.809847,2.61105
868622904.7369089,2.859931
868622907.4449811,2.644609
868622910.073823,2.5649330000000004
868622912.8926129,2.751328
868622915.878447,2.920001
868622919.439806,3.497426
868622922.2111139,2.704182
868622925.014338,2.736372
868622927.850112,2.768984
868622930.808381,2.8952430000000002
868622933.5636029,2.688085
868622936.45242,2.8217659999999998
868622939.60404,3.086278
868622942.799537,3.131799
868622945.511708,2.64532
868622948.734408,3.156406
868622952.1295451,3.3318649999999996
868622955.0180609,2.822312
868622957.678081,2.596747
868622960.5576371,2.812505
868622963.571085,2.950085
868622966.81703,3.18146
868622970.0908481,3.2075839999999998
868622973.032048,2.8779470000000003
868622975.848657,2.749273
868622978.7418901,2.829319
868622981.437433,2.604446
868622984.818125,3.313922
868622987.895628,3.0107459999999997
868622990.725463,2.7664069999999996
868622993.828489,3.034477
868622996.5644009,2.669331
868622999.478863,2.847522
868623002.343279,2.80019
868623005.116296,2.70741
868623007.93669,2.754064
868623010.738139,2.738052
868623013.226655,2.421744
868623015.9841009,2.69016
868623018.840553,2.7628090000000003
868623021.3317499,2.424963
868623023.980232,2.5829
868623026.648451,2.576931
868623029.221814,2.506958
868623032.420293,3.13088
868623035.095132,2.609282
868623037.810451,2.651986
868623040.588235,2.712101
868623043.424555,2.770377
868623046.977419,3.4893799999999997
868623049.593115,2.549798
868623051.8632619,2.20711
868623054.3218031,2.394622
868623056.612839,2.2248620000000003
868623059.141938,2.463467
868623061.6753329,2.4701079999999997
868623064.329324,2.58704
868623066.6803191,2.287397
868623069.280905,2.537088
868623071.8903819,2.5430420000000002
868623074.615528,2.661759
868623076.857329,2.174519
868623078.991189,2.068252
868623081.254575,2.2001540000000004
868623084.158943,2.837563
868623086.590196,2.365278
868623088.748507,2.095545
868623091.142938,2.327786
868623093.736783,2.530212
868623096.207828,2.403979
868623098.568511,2.296879
868623100.960031,2.328863
868623103.394159,2.367338
868623105.7257639,2.268157
868623108.1259179,2.333775
868623110.845191,2.655314
868623113.453566,2.545138
868623115.938257,2.4183719999999997
868623118.567404,2.537654
868623121.3524001,2.7218289999999996
868623124.081736,2.662315
868623126.917952,2.773063
868623129.618075,2.6368009999999997
868623132.064718,2.38062
868623134.769412,2.6380589999999997
868623137.440222,2.607688
868623139.913326,2.407486
868623142.6134089,2.63651
868623145.2752521,2.5745999999999998
868623148.100191,2.758825
868623151.0268321,2.863173
868623153.733215,2.6431660000000003
868623156.322305,2.5229760000000003
868623159.058392,2.670203
868623161.787968,2.6660939999999997
868623164.520973,2.6667959999999997
868623167.641957,3.054719
868623171.3672119,3.661241
868623175.00351,3.569864
868623178.251925,3.1634469999999997
868623181.089237,2.7720800000000003
868623183.9655911,2.809854
868623186.597947,2.539654
868623189.830705,3.164274
868623192.8163141,2.919088
868623195.6451161,2.7616810000000003
868623198.828585,3.1202970000000003
868623201.4519091,2.55719
868623204.150524,2.632259
868623207.0079479,2.794191
868623209.93112,2.85963
868623213.143897,3.146182
868623216.106527,2.8995480000000002
868623219.0818111,2.908328
868623222.042351,2.896886
868623225.028705,2.920356
868623227.925236,2.8302620000000003
868623230.88783,2.899863
868623233.842346,2.888828
868623236.404322,2.494755
868623239.1235851,2.653615
868623241.979682,2.7921069999999997
868623244.79806,2.7527060000000003
868623247.6778109,2.814023
868623250.299291,2.557812
868623253.245377,2.878393
868623256.3552339,3.0423199999999997
868623259.41513,2.993617
868623262.06875,2.590999
868623264.7428881,2.607974
868623267.568127,2.759792
868623270.670933,3.0393529999999997
868623273.344881,2.607763
868623276.2926509,2.8819969999999997
868623279.3238239,2.963807
868623282.37256,2.9837029999999998
868623285.580325,3.140183
868623288.312322,2.6665650000000003
868623290.9264649,2.546837
868623293.571971,2.582349
868623296.3697721,2.7307
868623299.462729,3.026573
868623302.482677,2.956059
868623305.454638,2.90476
868623308.631241,3.108685
868623311.858182,3.163368
868623314.9443741,3.02339
868623317.816316,2.805232
868623320.386723,2.503832
868623323.0310309,2.580851
868623325.8897339,2.795175
868623328.804036,2.823661
868623331.810367,2.9400619999999997
868623334.83683,2.962885
868623337.615942,2.711911
868623340.634121,2.951833
868623343.409619,2.7126870000000003
868623346.307653,2.834425
868623349.0074949,2.6337539999999997
868623352.2128049,3.142098
868623355.1779561,2.8988769999999997
868623358.117306,2.8759129999999997
868623361.110486,2.9264400000000004
868623363.6246159,2.451183
868623366.215665,2.526729
868623369.0108249,2.729287
868623371.833855,2.757181
868623374.997282,3.1004460000000003
868623378.0975419,3.034141
868623381.0890881,2.9252219999999998
868623384.299485,3.144158
868623387.262501,2.897303
868623389.918681,2.592572
868623392.826658,2.840956
868623395.721069,2.827645
868623398.436277,2.65153
868623401.1665751,2.663057
868623404.220964,2.98822
868623407.1207819,2.833003
868623410.310295,3.125644
868623413.033607,2.657273
868623415.9075091,2.8109010000000003
868623418.589285,2.618133
868623422.164361,3.507484
868623425.841204,3.6112
868623429.649748,3.741663
868623433.441538,3.725556
868623436.2204399,2.711831
868623439.109143,2.82528
868623441.98936,2.8165690000000003
868623444.889238,2.832286
868623447.6080201,2.652422
868623450.840132,3.152648
868623453.885319,2.986786
868623457.206784,3.254399
868623460.430111,3.1517899999999996
868623463.414044,2.9160399999999997
868623466.414697,2.932885
868623469.482041,2.999972
868623472.171389,2.622753
868623474.87367,2.635714
868623476.7265921,1.799356
868623478.832592,2.03983
868623480.570415,1.6745009999999998
868623482.3588359,1.738632
868623484.980652,2.573826
868623487.665717,2.624145
868623490.094348,2.3649069999999996
868623492.322824,2.1609939999999996
868623494.65119,2.2685880000000003
868623496.338184,1.6020349999999999
868623497.971272,1.5655560000000002
868623500.279012,2.243936
868623502.886695,2.516641
868623505.216851,2.2666589999999998
868623507.4790691,2.195553
868623509.905801,2.3510750000000002
868623512.0681369,2.080435
868623514.497635,2.360502
868623516.7105479,2.15977
868623519.1680311,2.385144
868623521.718501,2.4800299999999997
868623524.1664671,2.39158
868623526.5241671,2.291121
868623528.909271,2.33396
868623531.4107419,2.432651
868623534.148218,2.6711310000000004
868623536.5246719,2.3220680000000002
868623539.123193,2.5452169999999996
868623541.71551,2.5264089999999997
868623544.7813749,3.0126910000000002
868623547.7538979,2.918772
868623550.8158281,3.0071630000000003
868623553.514899,2.643967
868623556.164029,2.584213
868623558.603354,2.37472
868623561.217437,2.5522240000000003
868623563.724345,2.4427239999999997
868623566.264275,2.4777850000000003
868623568.77837,2.449895
868623571.43638,2.586614
868623573.887699,2.3889039999999997
868623576.250762,2.2978310000000004
868623578.484565,2.1663300000000003
868623580.878124,2.330994
868623583.6120551,2.663618
868623586.310966,2.6348059999999998
868623588.664206,2.28626
868623591.253806,2.522805
868623593.736969,2.418783
868623596.415377,2.605578
868623599.011659,2.5293400000000004
868623601.482793,2.40688
868623604.29406,2.743213
868623606.768357,2.407241
868623609.677964,2.845371
868623612.431727,2.686261
868623615.025948,2.526774
868623618.19798,3.107637
868623620.990118,2.7217629999999997
868623623.852714,2.794858
868623626.78162,2.863518
868623629.68654,2.837558
868623632.492831,2.747263
868623635.406902,2.857303
868623638.47208,3.0109120000000003
868623641.327986,2.799204
868623644.2993159,2.915525
868623646.975784,2.620677
868623649.116699,2.086529
868623651.5822409,2.40885
868623654.082334,2.4461869999999997
868623657.203322,3.0647729999999997
868623660.044634,2.7851809999999997
868623662.739074,2.6362349999999997
868623665.390123,2.598011
868623668.3703331,2.900595
868623671.5247791,3.101006
868623674.0552609,2.476978
868623676.5998479,2.488355
868623679.501611,2.848218
868623682.54138,2.98631
868623685.338474,2.741259
868623688.383074,2.9882340000000003
868623691.2980319,2.862065
868623694.217932,2.8663909999999997
868623696.9607849,2.686933
868623699.710308,2.693924
868623702.644271,2.880468
868623705.557521,2.856357
868623708.78003,3.166504
868623711.4756479,2.639693
868623714.1722779,2.643642
868623717.024656,2.796221
868623719.859738,2.781236
868623722.835122,2.9222010000000003
868623725.6102899,2.718622
868623728.76009,3.093484
868623731.565323,2.7518629999999997
868623734.705145,3.086223
868623737.353628,2.592102
868623739.816504,2.4067
868623743.094087,3.2240089999999997
868623745.8080779,2.656481
868623748.622306,2.74615
868623751.420472,2.732488
868623754.168025,2.681569
868623756.9440861,2.708478
868623759.863976,2.854232
868623763.010995,3.081607
868623766.005228,2.925092
868623768.792263,2.718195
868623771.626929,2.769113
868623774.5835251,2.890778
868623777.3078051,2.655835
868623780.053509,2.676619
868623782.922821,2.800357
868623785.595932,2.607328
868623788.484233,2.8193710000000003
868623791.0160941,2.465917
868623794.5145249,3.432854
868623798.0883391,3.4934060000000002
868623800.8367591,2.6812989999999997
868623803.661538,2.761486
868623806.566769,2.841077
868623809.588817,2.954837
868623812.658666,3.003635
868623815.79731,3.075698
868623819.039601,3.1794599999999997
868623821.94601,2.839282
868623824.918131,2.90488
868623828.1015049,3.120026
868623831.09658,2.928239
868623833.7789019,2.618563
868623836.4673431,2.622547
868623839.202773,2.669626
868623842.240472,2.973996
868623845.215526,2.908493
868623848.2037851,2.897568
868623851.087961,2.817516
868623854.2017369,3.050213
868623857.229709,2.961637
868623860.363723,3.07019
868623863.617666,3.187288
868623866.657395,2.976016
868623869.2777871,2.554263
868623872.051898,2.7075810000000002
868623875.378129,3.2218329999999997
868623878.541256,3.0996140000000003
868623881.931877,3.324312
868623884.9220649,2.92656
868623887.890764,2.903076
868623890.879665,2.925068
868623893.457468,2.511193
868623896.501923,2.9779440000000004
868623899.2625769,2.693448
868623901.9580541,2.632731
868623904.645442,2.62154
868623907.430388,2.7191929999999997
868623910.162055,2.66862
868623912.77489,2.5469109999999997
868623915.6335211,2.783271
868623918.611647,2.914653
868623921.5861499,2.908579
868623924.381655,2.728605
868623927.028068,2.5807249999999997
868623929.652806,2.56106
868623932.448326,2.729762
868623935.180243,2.666295
868623938.243257,2.999706
868623941.4563949,3.147139
868623944.5035,2.980907
868623947.5581189,2.9891259999999997
868623950.370399,2.7488669999999997
868623953.061626,2.624707
868623955.870707,2.745408
868623958.745447,2.811899
868623961.744006,2.9306750000000004
868623964.98167,3.171395
868623968.06932,3.023852
868623971.1396761,3.003641
868623974.440894,3.237901
868623977.387186,2.880965
868623980.489726,3.036061
868623983.228649,2.672508
868623986.36999,3.077166
868623989.389768,2.953709
868623992.146418,2.6901960000000003
868623995.244076,3.030347
868623998.411953,3.104745
868624001.145505,2.6671270000000002
868624004.099244,2.890366
868624007.203724,3.0379460000000003
868624009.872469,2.605092
868624012.6370419,2.698259
868624015.510162,2.810149
868624018.152466,2.579488
868624020.8014851,2.583091
868624023.8780501,3.009433
868624026.888265,2.946872
868624030.10633,3.129362
868624033.400867,3.2282029999999997
868624038.355055,4.888183
868624042.616739,4.195861000000001
868624046.940424,4.256995000000001
868624051.069911,4.062619
868624054.6308321,3.501948
868624058.2395079,3.5552639999999998
868624062.127697,3.83723
868624065.4662321,3.2827300000000004
868624068.651325,3.122341
868624072.329517,3.62305
868624075.569367,3.188754
868624079.020841,3.402725
868624082.585927,3.514857
868624086.116994,3.476011
868624089.782866,3.615342
868624093.2389439,3.40019
868624096.74702,3.457555
868624100.122932,3.320216
868624103.756924,3.583631
868624107.291095,3.481172
868624111.856824,4.50943
868624115.64707,3.71877
868624119.4612019,3.7548
868624123.403769,3.8732889999999998
868624127.394959,3.925207
868624131.520998,4.06621
868624135.323488,3.7447850000000003
868624139.225876,3.835698
868624142.7345201,3.430869
868624146.604492,3.803267
868624150.120342,3.464399
868624154.0021571,3.825068
868624158.266032,4.207879
868624162.05227,3.730463
868624166.025608,3.917874
868624170.540532,4.451211
868624174.2909621,3.684836
868624178.201288,3.8549029999999997
868624181.720363,3.4636810000000002
868624185.3102111,3.519533
868624189.083502,3.723047
868624192.560676,3.426134
868624196.0362221,3.425189
868624199.280528,3.192381
868624202.360634,3.016333
868624206.228839,3.817735
868624210.087028,3.808148
868624214.648723,4.515668
868624218.15386,3.425058
868624222.2085251,3.999601
868624226.3289,4.058908
868624230.166782,3.7777819999999998
868624234.72877,4.50196
868624238.5734241,3.780336
868624242.523338,3.9010659999999997
868624246.4967259,3.589489
868624250.6228111,4.068711
868624254.964552,4.284998
868624259.21153,4.181009
868624262.954183,3.6876919999999997
868624266.9826579,3.970678
868624270.3833951,3.335247
868624274.4690859,4.029484
868624278.697011,4.168043
868624282.5210301,3.757926
868624285.445882,2.872847
868624289.394338,3.897853
868624293.219236,3.7687139999999997
868624296.911338,3.6419740000000003
868624300.8419269,3.8737519999999996
868624304.357736,3.449686
868624307.739058,3.332023
868624311.870591,4.078068
868624315.276313,3.338485
868624319.287068,3.954249
868624323.054056,3.710932
868624326.486489,3.376188
868624330.2885079,3.74546
868624334.7104311,4.371837
868624338.202053,3.445309
868624341.658547,3.390015
868624345.405889,3.6911959999999997
868624349.395942,3.9338359999999994
868624353.0333719,3.580829
868624356.358346,3.2693179999999997
868624360.53406,4.119884
868624364.131909,3.5369379999999997
868624367.9367499,3.749277
868624372.222561,4.232125
868624376.1827279,3.8930700000000003
868624380.4135059,4.1841170000000005
868624384.079749,3.58771
868624387.438806,3.2993390000000002
868624391.2853761,3.796938
868624394.868173,3.5319499999999997
868624398.2858831,3.3619399999999997
868624402.097114,3.7552000000000003
868624405.670448,3.505492
868624409.2787911,3.55823
868624412.179609,2.850127
868624415.8003991,3.5646190000000004
868624420.547507,4.698979
868624424.043211,3.4445259999999998
868624427.7722119,3.677624
868624431.808978,3.978949
868624435.966899,4.091693
868624439.917171,3.871064
868624444.344771,4.373131
868624447.9637179,3.561597
868624451.74051,3.710823
868624455.4613501,3.670438
868624459.795841,4.266271000000001
868624463.600961,3.7462340000000003
868624467.030634,3.363395
868624470.26278,3.182721
868624473.640311,3.322377
868624477.524481,3.829133
868624480.8132471,3.233749
868624484.826943,3.964067
868624489.181792,4.304764
868624493.0203489,3.788789
868624496.315182,3.2391490000000003
868624500.412082,4.042803999999999
868624503.732807,3.220827
868624507.58696,3.801534
868624511.336763,3.704529
868624515.027099,3.644975
868624518.828812,3.734181
868624523.054518,4.170017
868624526.809834,3.699661
868624530.8031579,3.9384520000000003
868624534.54627,3.6878330000000004
868624538.2440269,3.632168
868624541.60833,3.298276
868624545.965468,4.311932
868624549.7228789,3.7119240000000002
868624553.144076,3.3664150000000004
868624557.294497,4.095077
868624561.112475,3.762559
868624564.6807679,3.518599
868624568.261974,3.496187
868624571.918072,3.6008250000000004
868624575.928502,3.947012
868624580.046708,4.051079
868624583.7092271,3.6008899999999997
868624587.054227,3.281744
868624590.5224501,3.42392
868624594.536973,3.956965
868624598.861199,4.2683
868624603.119215,4.191551
868624606.330388,3.155138
868624610.102699,3.716114
868624614.045701,3.8867469999999997
868624618.0364751,3.934733
868624621.627859,3.535133
868624625.284008,3.600229
868624629.297209,3.956714
868624633.648593,4.2736529999999995
868624637.6586131,3.951671
868624641.3129,3.607338
868624644.884384,3.525544
868624648.5561,3.61574
868624652.157266,3.534089
868624655.499519,3.286633
868624658.929728,3.376699
868624663.19234,4.206076
868624666.84287,3.5843670000000003
868624670.297083,3.396963
868624673.5956991,3.2525649999999997
868624677.665539,4.024018
868624681.439941,3.7231780000000003
868624684.688792,3.197539
868624688.20494,3.4491270000000003
868624691.518384,3.24553
868624694.982928,3.406746
868624698.5034751,3.460402
868624702.7875459,4.233067
868624706.170785,3.327344
868624710.273569,4.04717
868624713.6771959,3.346518
868624716.769562,3.036392
868624720.6246461,3.8049440000000003
868624723.968362,3.276646
868624727.679766,3.6237719999999998
868624731.097565,3.371334
868624734.4166261,3.2643139999999997
868624738.238315,3.7565720000000002
868624741.992445,3.7037649999999998
868624746.343425,4.2904539999999995
868624750.148266,3.7487559999999998
868624753.702278,3.49745
868624757.084594,3.3259700000000003
868624760.602748,3.462057
868624764.5995,3.940186
868624767.589193,2.933677
868624770.931767,3.28889
868624774.411839,3.424261
868624778.185525,3.727438
868624781.535737,3.2948790000000003
868624785.004469,3.412559
868624788.7710919,3.710218
868624792.463251,3.6262960000000004
868624796.948225,4.433901
868624800.829964,3.825822
868624804.95989,4.078739
868624808.558603,3.548421
868624812.418728,3.804967
868624816.2750139,3.7999549999999997
868624819.873173,3.540966
868624824.060426,4.123182000000001
868624827.772053,3.656083
868624831.561979,3.726569
868624835.5428259,3.910437
868624839.065915,3.46557
868624843.2268701,4.102595
868624846.799165,3.516168
868624850.343529,3.477703
868624853.990394,3.589665
868624857.330945,3.289737
868624861.047917,3.665981
868624864.531286,3.433119
868624867.964104,3.382089
868624871.3867141,3.357651
868624874.598735,3.15583
868624878.215207,3.5605670000000003
868624882.0888029,3.8175280000000003
868624886.0680649,3.9368149999999997
868624889.382153,3.257907
868624892.8276889,3.376376
868624896.671475,3.801463
868624900.2420939,3.520238
868624903.893106,3.6003860000000003
868624907.668228,3.695668
868624911.154755,3.429806
868624914.637751,3.432639
868624918.251996,3.553508
868624922.169238,3.8571590000000002
868624925.844197,3.6076810000000004
868624929.540257,3.639414
868624933.368876,3.77812
868624937.6355721,4.2001859999999995
868624941.380615,3.688572
868624945.49291,4.061452
868624949.194541,3.645315
868624953.12957,3.877004
868624956.983124,3.7963810000000002
868624960.517648,3.4568899999999996
868624963.9519889,3.385563
868624967.567068,3.513542
868624971.2074239,3.594112
868624974.808522,3.538292
868624978.5061569,3.621635
868624982.119863,3.549006
868624985.60673,3.4278519999999997
868624989.073038,3.405122
868624992.981017,3.8578050000000004
868624996.435187,3.3964849999999998
868625000.09091,3.599653
868625004.3229359,4.174557
868625008.1074901,3.7282830000000002
868625012.121205,3.95749
868625015.419968,3.253237
868625018.699391,3.227676
868625022.881986,4.126666
868625026.534708,3.59578
868625030.3376789,3.737459
868625033.478443,3.085039
868625035.1395171,1.610503
868625037.5486939,2.356689
868625039.7061499,2.0984749999999996
868625042.1606829,2.404764
868625044.736926,2.509472
868625046.984863,2.1884959999999998
868625048.936257,1.887716
868625051.210785,2.2089890000000003
868625053.3569281,2.0828
868625055.661464,2.238819
868625057.6770879,1.951595
868625059.97092,2.22662
868625062.163587,2.1051830000000002
868625064.350856,2.121271
868625066.462323,2.044692
868625068.689399,2.164165
868625070.6132289,1.8570399999999998
868625073.1115429,2.4343049999999997
868625075.701064,2.523878
868625077.783157,2.0188509999999997
868625079.823814,1.974413
868625081.749995,1.863239
868625084.1484209,2.332242
868625086.3846179,2.170474
868625088.5605999,2.112309
868625091.1323451,2.5054399999999997
868625093.553078,2.357315
868625096.165462,2.5444310000000003
868625098.868947,2.637562
868625101.600648,2.668649
868625104.361233,2.693463
868625107.296779,2.871257
868625110.1966579,2.836637
868625113.234547,2.971831
868625115.87879,2.580704
868625118.362359,2.4196
868625120.61279,2.184152
868625122.995679,2.317126
868625125.6984191,2.639488
868625128.4140329,2.649305
868625131.329337,2.848684
868625133.755001,2.3608930000000004
868625136.234074,2.412573
868625138.903145,2.580314
868625141.4092469,2.441947
868625143.837562,2.362476
868625146.27581,2.374886
868625148.8880241,2.5462800000000003
868625151.367167,2.4119710000000003
868625153.752506,2.321431
868625156.411639,2.592959
868625158.876525,2.401002
868625161.393592,2.453755
868625163.944713,2.483688
868625166.830788,2.7981059999999998
868625170.061331,3.16692
868625173.229485,3.101708
868625175.898476,2.6046910000000003
868625178.7371219,2.7753729999999996
868625181.5697529,2.766032
868625184.395429,2.75942
868625187.6393181,3.180606
868625190.7190851,3.015914
868625193.473951,2.688507
868625196.385993,2.846034
868625199.325303,2.875908
868625202.4176799,3.028443
868625205.548821,3.0655639999999997
868625208.779685,3.16706
868625211.726588,2.881481
868625214.304261,2.514711
868625217.285134,2.91362
868625220.187127,2.8351729999999997
868625223.0624081,2.808796
868625225.9530691,2.826692
868625228.970111,2.950346
868625231.888963,2.8560209999999997
868625234.855788,2.903382
868625237.4138651,2.491212
868625239.918643,2.4386490000000003
868625242.963519,2.981368
868625245.56628,2.538617
868625248.7595919,3.12591
868625251.6344969,2.80839
868625254.437621,2.740096
868625257.48186,2.977379
868625260.572793,3.023766
868625263.431746,2.795419
868625266.0479779,2.551878
868625268.980363,2.8654230000000003
868625272.2441089,3.2004479999999997
868625275.644448,3.333398
868625278.991412,3.283296
868625281.9391961,2.88126
868625284.87984,2.8565180000000003
868625287.8637389,2.898756
868625290.735808,2.808296
868625294.3711641,3.5689070000000003
868625298.089238,3.6516780000000004
868625301.785806,3.628956
868625304.550475,2.697802
868625307.038373,2.424371
868625309.653879,2.552314
868625312.070948,2.35088
868625314.4704161,2.3349680000000004
868625317.214893,2.680428
868625319.8371,2.531816
868625322.387675,2.487153
868625324.9484739,2.4941780000000002
868625327.661988,2.647034
868625330.371067,2.645511
868625332.7674481,2.32971
868625335.417484,2.5830699999999998
868625338.166791,2.686075
868625341.0020591,2.7679660000000004
868625344.173074,3.107803
868625346.966434,2.724725
868625349.931504,2.9009460000000002
868625352.742195,2.744407
868625355.966709,3.160866
868625358.82222,2.766152
868625361.592837,2.705165
868625364.707791,3.04872
868625368.03745,3.2664109999999997
868625370.787474,2.681184
868625373.8738221,3.023467
868625376.787954,2.847166
868625379.844993,2.9939020000000003
868625382.866174,2.957277
868625385.784314,2.85121
868625388.92539,3.075061
868625391.825709,2.8372129999999998
868625395.028142,3.138699
868625398.120889,3.0264580000000003
868625400.828018,2.640675
868625403.77647,2.885315
868625406.972463,3.1319939999999997
868625409.752347,2.712803
868625412.720138,2.9020930000000003
868625415.4890059,2.704844
868625418.784846,3.232467
868625422.310603,3.459146
868625426.064295,3.6881340000000002
868625429.796236,3.655088
868625432.62812,2.76574
868625435.2105889,2.5192970000000003
868625437.986143,2.712391
868625440.7082771,2.6560960000000002
868625444.0261841,3.254349
868625447.101326,3.006317
868625450.22867,3.064166
868625453.450428,3.154892
868625456.3933359,2.875757
868625459.146171,2.6897990000000003
868625461.905948,2.69651
868625465.1765599,3.204112
868625467.9516879,2.711059
868625470.849116,2.807845
868625474.1139239,3.198153
868625476.999855,2.8205639999999996
868625479.9198489,2.8561609999999997
868625482.978874,2.995521
868625485.939724,2.893799
868625488.6373019,2.630726
868625491.321363,2.619721
868625494.337748,2.953172
868625497.658972,3.254258
868625500.3780841,2.655408
868625503.203464,2.735691
868625505.519693,2.252807
868625508.044944,2.458806
868625510.861318,2.748786
868625513.697523,2.772942
868625516.2583369,2.494048
868625518.6071719,2.28213
868625520.859222,2.188431
868625523.3971059,2.470398
868625526.0433689,2.582469
868625528.488258,2.3780189999999997
868625531.134541,2.5831560000000002
868625533.8406781,2.641938
868625536.4345931,2.5273600000000003
868625539.2515881,2.754153
868625542.033131,2.7185960000000002
868625545.2537969,3.154677
868625548.374971,3.054685
868625551.04116,2.600196
868625553.888952,2.784059
868625556.543945,2.587746
868625559.115303,2.507419
868625562.224283,3.045267
868625564.925479,2.63459
868625567.839009,2.849722
868625570.500026,2.597359
868625573.139849,2.573268
868625575.6671491,2.4611709999999998
868625578.450963,2.7201489999999997
868625581.232856,2.715273
868625583.947739,2.647946
868625586.74354,2.7051800000000004
868625589.715722,2.9049549999999997
868625592.2129871,2.4303850000000002
868625594.961522,2.685724
868625598.087678,3.0616950000000003
868625600.728869,2.575257
868625603.564422,2.746301
868625605.976184,2.348259
868625608.715208,2.672137
868625611.1614089,2.382634
868625614.2171199,2.9923889999999997
868625617.908081,3.624637
868625620.648267,2.673506
868625623.593,2.88119
868625626.3798159,2.722762
868625629.515072,3.06792
868625632.43412,2.852007
868625635.161591,2.664149
868625637.801048,2.575378
868625640.45754,2.589766
868625643.628916,3.108178
868625646.6278601,2.935567
868625649.6339811,2.9403430000000004
868625652.660634,2.9590710000000002
868625655.562842,2.838695
868625658.459453,2.832898
868625661.366117,2.840776
868625664.394214,2.961372
868625667.438139,2.980556
868625671.268569,3.7671430000000004
868625675.32459,3.98892
868625678.6158401,3.224433
868625681.3778169,2.671928
868625684.1333289,2.689533
868625686.9598559,2.7638160000000003
868625689.775012,2.751612
868625692.976913,3.1353869999999997
868625696.100418,3.060363
868625698.8782619,2.7104619999999997
868625701.5829359,2.641276
868625704.530971,2.882076
868625707.2373329,2.6426439999999998
868625710.312645,3.011729
868625713.079088,2.6994219999999998
868625715.890501,2.7454490000000003
868625718.558434,2.605027
868625721.57935,2.953969
868625724.800761,3.1537990000000002
868625728.0544829,3.19075
868625730.813168,2.691844
868625733.787209,2.910659
868625736.977193,3.1228879999999997
868625739.988451,2.948101
868625743.134698,3.058783
868625746.1359171,2.93507
868625749.294769,3.092191
868625752.435137,3.077236
868625755.383208,2.8817109999999997
868625758.300161,2.85343
868625761.413291,3.046805
868625764.317084,2.837394
868625767.3207891,2.940413
868625770.045645,2.6612229999999997
868625773.063563,2.951032
868625775.636564,2.509744
868625778.230335,2.530488
868625781.132815,2.836886
868625783.996674,2.796853
868625786.7978721,2.709495
868625790.01933,3.1581349999999997
868625793.342739,3.2573760000000003
868625797.332335,3.926293
868625801.248049,3.848939
868625804.977966,3.665827
868625807.784061,2.740438
868625810.643299,2.796242
868625813.194921,2.4845710000000003
868625815.699414,2.437437
868625819.148537,3.385234
868625822.198765,2.983854
868625825.50536,3.24028
868625828.772454,3.2000330000000003
868625831.955858,3.120057
868625835.03151,2.987692
868625838.25431,3.1568210000000003
868625841.194919,2.87496
868625843.9627501,2.704223
868625846.9423139,2.887425
868625850.134498,3.12577
868625852.9306539,2.7305129999999997
868625855.620038,2.623345
868625858.396493,2.7130129999999997
868625860.999996,2.537635
868625864.073424,3.006307
868625866.861487,2.696615
868625869.485653,2.560142
868625872.732138,3.178812
868625875.74077,2.945293
868625879.138427,3.333864
868625882.3457121,3.141436
868625884.964576,2.5527599999999997
868625887.7090931,2.6805179999999997
868625891.013132,3.2398599999999997
868625893.646785,2.5674040000000002
868625896.459681,2.746111
868625899.429437,2.9031360000000004
868625902.157185,2.664205
868625905.1293759,2.90502
868625908.192103,2.99954
868625910.950924,2.691668
868625913.684019,2.670034
868625916.339473,2.58923
868625919.662692,3.25722
868625923.471838,3.745067
868625926.586953,3.048073
868625929.325946,2.672383
868625932.1193911,2.7265789999999996
868625934.847996,2.6438170000000003
868625938.2354649,3.323936
868625941.322374,3.02102
868625944.313258,2.927377
868625947.3711,2.991753
868625950.0051891,2.5703560000000003
868625952.9639751,2.892917
868625955.84913,2.8224180000000003
868625959.0850749,3.172032
868625961.77717,2.6255290000000002
868625964.6697861,2.825069
868625967.616222,2.879134
868625970.281885,2.6022250000000002
868625973.265935,2.9164070000000004
868625976.1596891,2.8306329999999997
868625979.293187,3.0661650000000003
868625982.073452,2.716401
868625984.912257,2.773348
868625987.7617531,2.785582
868625990.473468,2.648037
868625993.257888,2.7185170000000003
868625996.238665,2.9139869999999997
868625999.0161531,2.710963
868626002.047552,2.9681070000000003
868626004.961223,2.846905
868626007.852977,2.827906
868626011.161312,3.244757
868626014.036298,2.806947
868626016.876712,2.77415
868626019.917313,2.976661
868626022.947866,2.966869
868626025.728301,2.712051
868626028.804715,3.008561
868626031.783391,2.915369
868626034.7814131,2.933958
868626037.461555,2.613752
868626040.158837,2.631965
868626043.3501489,3.1277340000000002
868626046.5698329,3.155739
868626049.638093,2.9790379999999996
868626052.409507,2.704438
868626055.367154,2.893934
868626058.200623,2.769224
868626061.120713,2.853455
868626064.091537,2.907135
868626066.983111,2.8243270000000003
868626069.9441019,2.897598
868626072.612511,2.60206
868626075.46315,2.783973
868626078.2504009,2.709791
868626081.360374,3.037949
868626084.070925,2.62695
868626086.71482,2.6071839999999997
868626088.3745921,1.629796
868626091.073709,2.668069
868626092.759697,1.6558300000000001
868626094.79783,2.006539
868626097.432949,2.604369
868626099.912548,2.4137009999999997
868626102.376872,2.419247
868626105.0682241,2.644769
868626107.510039,2.3947410000000002
868626110.163463,2.601265
868626112.849385,2.6395210000000002
868626115.341692,2.446243
868626118.160329,2.773695
868626121.032714,2.805158
868626123.741357,2.642519
868626126.2311851,2.423839
868626128.483986,2.186156
868626131.259034,2.7030000000000003
868626133.7937421,2.45414
868626136.248072,2.397894
868626138.706814,2.402881
868626141.544517,2.7748120000000003
868626143.769199,2.166421
868626146.17676,2.356909
868626148.431711,2.182793
868626151.366581,2.880724
868626154.0051911,2.568241
868626156.7795069,2.7027650000000003
868626159.13605,2.289787
868626161.650536,2.4519149999999996
868626164.176058,2.459012
868626166.505206,2.253849
868626169.247733,2.6905560000000004
868626172.432114,3.114453
868626174.8945341,2.409427
868626177.70555,2.759967
868626180.310847,2.5394240000000003
868626182.807983,2.424918
868626185.328097,2.45804
868626187.8481311,2.4548069999999997
868626190.409902,2.499645
868626192.750913,2.276461
868626195.221873,2.40661
868626197.727708,2.443851
868626200.3146881,2.522348
868626203.1039289,2.7240900000000003
868626205.8861779,2.719964
868626208.9156281,2.963887
868626211.596787,2.615937
868626214.211712,2.527482
868626216.5579461,2.2812829999999997
868626218.8928541,2.2692900000000003
868626221.311085,2.3559710000000003
868626223.875076,2.487137
868626226.35014,2.412563
868626229.239133,2.823345
868626231.8748809,2.5642669999999996
868626234.4618311,2.507545
868626236.8222181,2.295401
868626239.187737,2.295261
868626241.563981,2.313608
868626244.3973191,2.76757
868626247.232021,2.768768
868626249.8271999,2.532257
868626252.5030609,2.6100429999999997
868626255.0460379,2.476763
868626257.5945979,2.484947
868626260.204742,2.543133
868626262.522504,2.251753
868626265.2676721,2.68162
868626267.92677,2.5922620000000003
868626270.7533029,2.76289
868626273.239864,2.4207170000000002
868626275.609667,2.302988
868626278.078206,2.4048160000000003
868626280.532562,2.387871
868626283.347673,2.751899
868626286.2971619,2.88537
868626288.89866,2.535124
868626291.733246,2.770537
868626295.040408,3.2437650000000002
868626298.175785,3.068371
868626301.6811689,3.438994
868626304.8592839,3.111495
868626307.483561,2.561284
868626310.22537,2.6776299999999997
868626313.070998,2.778886
868626316.393465,3.259386
868626319.712275,3.252113
868626322.596306,2.8202230000000004
868626325.4092519,2.74615
868626327.9756789,2.500493
868626330.609873,2.545583
868626333.487409,2.8135019999999997
868626336.423808,2.870329
868626339.5927329,3.106064
868626342.3800491,2.723533
868626345.5346509,3.088293
868626348.249979,2.648493
868626351.068898,2.7553460000000003
868626353.960106,2.827996
868626356.9973199,2.9704829999999998
868626360.074316,3.012921
868626362.945026,2.804506
868626365.878884,2.8703000000000003
868626368.7358221,2.790047
868626371.827406,3.028668
868626374.7526339,2.861129
868626377.414658,2.595404
868626380.392148,2.910915
868626383.3527931,2.896777
868626386.600221,3.160681
868626389.662512,2.994754
868626392.505939,2.776817
868626395.292238,2.722806
868626398.141027,2.78462
868626401.1708579,2.9632259999999997
868626404.223207,2.9858029999999998
868626407.2705929,2.980355
868626410.645237,3.311095
868626413.206251,2.4937980000000004
868626415.926256,2.6563160000000003
868626418.763589,2.773835
868626421.974677,3.1441630000000003
868626424.726169,2.685444
868626427.3747721,2.585276
868626430.518072,3.0798069999999997
868626433.626186,3.040196
868626436.6191759,2.9269209999999997
868626439.44843,2.765851
868626442.511103,2.998042
868626445.1279069,2.5497430000000003
868626447.9572351,2.766061
868626451.022213,2.973735
868626454.2423329,3.1534850000000003
868626457.3537589,3.045037
868626460.3161681,2.895898
868626463.0449431,2.6615979999999997
868626465.679433,2.5709169999999997
868626468.513994,2.7683959999999996
868626471.462891,2.881611
868626474.09232,2.5657050000000003
868626476.9205611,2.76123
868626479.979114,2.995014
868626482.9351679,2.8665510000000003
868626485.783341,2.781418
868626488.71762,2.867689
868626491.350281,2.56549
868626494.169712,2.7558830000000003
868626496.567787,2.331479
868626498.954695,2.323666
868626501.531761,2.513062
868626504.215381,2.61713
868626507.06805,2.789146
868626510.209255,3.077798
868626513.389902,3.114207
868626516.25954,2.802602
868626519.015804,2.693202
868626522.25564,3.176192
868626524.958639,2.636901
868626527.625234,2.6033380000000004
868626530.421456,2.732534
868626533.7810249,3.291591
868626536.4571971,2.609808
868626539.273761,2.751573
868626542.017445,2.6801160000000004
868626545.2033501,3.1197350000000004
868626548.800312,3.533789
868626551.2505081,2.36602
868626553.8989661,2.585206
868626556.637484,2.671728
868626559.44843,2.744431
868626562.204959,2.692972
868626565.098247,2.827034
868626568.321764,3.1366300000000003
868626571.3611879,2.972408
868626574.056054,2.631278
868626576.907223,2.784599
868626580.0781521,3.10713
868626583.2966781,3.150893
868626586.024707,2.6635679999999997
868626588.934393,2.842876
868626592.0685359,3.067618
868626594.676525,2.5410329999999997
868626597.6286451,2.8887169999999998
868626600.46058,2.765325
868626603.2015129,2.6775
868626606.042273,2.776952
868626608.994925,2.8858960000000002
868626612.247835,3.189909
868626615.289098,2.974923
868626618.107722,2.754866
868626620.854529,2.678753
868626623.621136,2.703145
868626626.466393,2.781557
868626629.71792,3.185829
868626632.714424,2.9303850000000002
868626635.808224,3.030408
868626638.84671,2.9751790000000002
868626641.743947,2.83018
868626644.771026,2.960454
868626647.714056,2.879506
868626650.675718,2.898135
868626653.348558,2.6058589999999997
868626656.4048951,2.989407
868626659.3018559,2.833333
868626661.9867179,2.621505
868626664.869547,2.815427
868626667.640756,2.7080319999999998
868626671.3706479,3.6659729999999997
868626675.122275,3.685644
868626678.33669,3.148116
868626681.203096,2.800151
868626683.945112,2.678563
868626686.798882,2.762658
868626689.680428,2.8146999999999998
868626692.6291001,2.8820870000000003
868626695.6643981,2.968918
868626698.407632,2.679981
868626701.233919,2.7599069999999997
868626704.112062,2.8112269999999997
868626706.812912,2.63493
868626709.538399,2.661573
868626712.504957,2.899623
868626715.182413,2.6138179999999998
868626718.1326779,2.886592
868626721.008641,2.810074
868626723.936941,2.861068
868626726.787199,2.786945
868626730.13705,3.283352
868626732.789893,2.586297
868626735.902315,3.049075
868626739.064816,3.098776
868626742.046074,2.9141570000000003
868626744.9238961,2.811328
868626747.9107469,2.9238850000000003
868626751.064977,3.066601
868626753.644825,2.513503
868626756.582151,2.870731
868626759.100601,2.455348
868626761.679071,2.5144759999999997
868626764.506811,2.760468
868626767.245534,2.6752339999999997
868626770.23937,2.929868
868626772.834033,2.527567
868626775.655434,2.757036
868626778.806402,3.087666
868626782.010695,3.136886
868626785.049381,2.972878
868626787.8395231,2.726279
868626791.192602,3.289526
868626794.321078,3.062131
868626798.165321,3.7773820000000002
868626801.985477,3.753155
868626805.651244,3.602414
868626808.543028,2.8245679999999997
868626811.128099,2.521597
868626813.694671,2.503511
868626816.37336,2.611802
868626819.129804,2.6926810000000003
868626822.236554,3.0409819999999996
868626825.434085,3.130335
868626828.416902,2.916647
868626831.077819,2.59742
868626833.769969,2.628256
868626836.729796,2.893644
868626839.958229,3.165161
868626843.064433,3.014275
868626846.034545,2.9027950000000002
868626848.7409129,2.639322
868626851.813008,3.0063120000000003
868626854.7303159,2.8537749999999997
868626857.8768641,3.087986
868626860.4696269,2.537103
868626863.308138,2.7861230000000003
868626865.824759,2.463382
868626868.7100431,2.83016
868626871.754297,2.9808209999999997
868626875.078077,3.259987
868626877.906976,2.744963
868626881.099376,3.125318
868626883.815667,2.649465
868626886.800923,2.922085
868626889.823337,2.955848
868626892.7762239,2.886377
868626896.072245,3.2328539999999997
868626899.1609881,3.022218
868626902.054672,2.8299559999999997
868626905.200734,3.079396
868626908.124713,2.860576
868626910.896307,2.7048189999999996
868626913.424576,2.464785
868626915.739601,2.2488870000000003
868626918.533808,2.730909
868626922.303968,3.706707
868626924.603474,2.233601
868626927.034896,2.365574
868626929.600191,2.501535
868626932.182114,2.4929599999999996
868626934.927712,2.6786280000000002
868626937.751719,2.760464
868626940.520778,2.703271
868626943.355344,2.768207
868626946.538537,3.1199410000000003
868626949.429049,2.824698
868626952.293169,2.797982
868626955.034829,2.675356
868626957.8777289,2.778886
868626960.666233,2.722625
868626963.363104,2.6306469999999997
868626966.045506,2.6191050000000002
868626968.788238,2.6755210000000003
868626971.782441,2.9275130000000003
868626974.562064,2.715725
868626977.79991,3.172008
868626980.775093,2.9087129999999997
868626983.652133,2.8131660000000003
868626986.623734,2.907842
868626989.606219,2.916718
868626992.8704671,3.19706
868626995.677419,2.743921
868626998.879165,3.137823
868627001.898015,2.952401
868627004.668191,2.7036909999999996
868627007.219478,2.485769
868627009.73229,2.4493039999999997
868627012.324898,2.526338
868627015.221017,2.832963
868627017.976203,2.691402
868627020.5953931,2.5524240000000002
868627023.245003,2.5864130000000003
868627026.3411039,3.032933
868627028.99109,2.583877
868627031.808676,2.754419
868627034.376326,2.504608
868627036.9922531,2.549352
868627039.669358,2.6100939999999997
868627042.3027459,2.5697099999999997
868627045.866936,3.497751
868627049.306025,3.3728249999999997
868627052.529952,3.1606
868627055.088451,2.4921040000000003
868627057.736759,2.584819
868627060.2583361,2.4553629999999997
868627063.02736,2.70512
868627065.759287,2.668329
868627068.641309,2.815637
868627071.343226,2.634916
868627073.762886,2.355997
868627076.195386,2.366085
868627078.5329751,2.272262
868627080.947964,2.3514809999999997
868627083.30363,2.288495
868627085.902021,2.5350490000000003
868627088.318679,2.349703
868627090.7383139,2.355917
868627093.4122111,2.610059
868627096.149365,2.6699979999999996
868627099.071751,2.859143
868627101.6960269,2.560082
868627104.322659,2.560293
868627107.120846,2.707461
868627110.1246109,2.940293
868627112.4956081,2.304452
868627115.191717,2.6331420000000003
868627118.084885,2.829525
868627121.0052459,2.8535600000000003
868627123.992402,2.921103
868627126.7578421,2.671636
868627129.5469021,2.725697
868627132.315064,2.701892
868627135.134501,2.7530010000000003
868627137.89538,2.697216
868627140.6691741,2.707229
868627143.340736,2.6053780000000004
868627145.802735,2.3980949999999996
868627148.4820989,2.612719
868627151.190151,2.644277
868627153.760135,2.5071730000000003
868627156.765129,2.939099
868627159.363771,2.535469
868627161.853815,2.426647
868627164.32926,2.409296
868627167.114577,2.717493
868627170.661893,3.48428
868627173.772336,3.043718
868627176.7167389,2.877812
868627179.516639,2.736057
868627182.622583,3.042631
868627185.27758,2.5886780000000003
868627188.026697,2.667828
868627190.733521,2.6365149999999997
868627193.3885349,2.5914050000000004
868627196.0784479,2.621394
868627199.2584839,3.116077
868627202.311879,2.989978
868627205.314141,2.935562
868627208.208943,2.831199
868627211.228771,2.954506
868627214.241161,2.948837
868627216.9843291,2.676753
868627219.885826,2.838109
868627222.7081139,2.759231
868627225.6271269,2.852849
868627228.629179,2.9349250000000002
868627231.788471,3.093494
868627234.81958,2.967556
868627237.56586,2.679555
868627239.951732,2.319667
868627242.431988,2.392242
868627245.456171,2.591335
868627248.2950519,2.7721109999999998
868627251.105136,2.7465900000000003
868627254.27413,3.1049900000000004
868627256.981791,2.640981
868627259.528131,2.482807
868627262.22838,2.6372370000000003
868627264.968517,2.673997
868627267.6555899,2.623996
868627270.520617,2.801413
868627273.6566191,3.069814
868627276.506632,2.7833229999999998
868627279.132232,2.562457
868627281.788483,2.5699799999999997
868627284.701727,2.846844
868627287.4781619,2.7117299999999998
868627290.2317951,2.6908309999999998
868627292.989327,2.690546
868627296.9494799,3.896775
868627300.58645,3.5706599999999997
868627303.983952,3.3315889999999997
868627306.582344,2.50784
868627309.2894131,2.640294
868627312.11786,2.762052
868627314.98606,2.801389
868627317.734019,2.684672
868627320.894599,3.0934690000000002
868627323.838871,2.8806130000000003
868627326.7763671,2.8744590000000003
868627329.476535,2.633719
868627332.4998959,2.9573910000000003
868627334.9323499,2.369107
868627337.412726,2.4173649999999998
868627340.219418,2.740663
868627342.824104,2.5384420000000003
868627345.2099249,2.322549
868627347.701653,2.425489
868627349.907751,2.1421140000000003
868627352.576331,2.602992
868627355.054111,2.4107439999999998
868627357.396761,2.2786310000000003
868627360.109188,2.60645
868627362.680336,2.504588
868627365.142957,2.3992269999999998
868627368.077656,2.868625
868627370.6052071,2.452041
868627373.1970279,2.5274210000000004
868627375.945238,2.681414
868627378.819627,2.784966
868627381.714674,2.8279210000000004
868627384.847941,3.0654689999999998
868627387.4994149,2.588152
868627390.526399,2.963682
868627393.526411,2.9328760000000003
868627396.383996,2.791551
868627399.3636049,2.9161360000000003
868627402.096856,2.670369
868627405.032843,2.869067
868627407.946418,2.8503320000000003
868627410.672316,2.636826
868627413.846127,3.107692
868627416.929353,3.01624
868627420.18076,3.1874830000000003
868627423.757209,3.509472
868627426.791555,2.9707890000000003
868627429.575464,2.717965
868627432.682158,3.0402150000000003
868627435.521801,2.775042
868627438.277784,2.692596
868627441.2468591,2.902339
868627444.37318,3.062913
868627447.0670431,2.6271329999999997
868627449.838112,2.7076309999999997
868627452.629893,2.725903
868627455.6929309,2.999976
868627458.746041,2.9897180000000003
868627461.5291281,2.6936389999999997
868627464.753653,3.157193
868627467.767086,2.9465369999999997
868627470.665921,2.834792
868627473.4220489,2.6889570000000003
868627476.663067,3.174578
868627479.837716,3.1106049999999996
868627482.8366051,2.93483
868627485.78023,2.877326
868627488.597621,2.750796
868627491.3713851,2.70988
868627494.227196,2.791737
868627497.4716821,3.1780720000000002
868627500.661025,3.121539
868627503.6305859,2.888271
868627506.312797,2.618352
868627509.018212,2.638826
868627511.682908,2.598016
868627514.6215271,2.8757420000000002
868627517.217442,2.5296860000000003
868627519.92847,2.644413
868627522.465804,2.473851
868627525.42469,2.892201
868627528.245851,2.75476
868627531.5026801,3.189342
868627534.524798,2.9580930000000003
868627537.422281,2.831278
868627540.3532519,2.865483
868627542.931165,2.512049
868627546.2877771,3.293309
868627548.9107,2.5568600000000004
868627551.664178,2.6868730000000003
868627554.1696421,2.4421370000000002
868627556.806428,2.569529
868627559.619364,2.746141
868627562.288796,2.605734
868627565.034259,2.678583
868627567.6342139,2.536075
868627570.334577,2.637257
868627573.240455,2.838651
868627576.128506,2.820559
868627579.127244,2.932649
868627582.35686,3.165943
868627585.361357,2.9380080000000004
868627588.524539,3.0962910000000003
868627591.10129,2.512562
868627593.92252,2.757231
868627596.478006,2.488695
868627599.246388,2.705651
868627602.2286631,2.918913
868627605.110013,2.81438
868627607.7615781,2.588243
868627610.994468,3.1700019999999998
868627613.997496,2.936424
868627616.695099,2.631549
868627619.718254,2.9571419999999997
868627622.325205,2.543829
868627625.059829,2.667793
868627627.760107,2.6339789999999996
868627630.617902,2.794172
868627633.999202,3.3142739999999997
868627637.233529,3.1676170000000003
868627640.541612,3.22071
868627643.236995,2.629148
868627646.0787829,2.778857
868627648.9934759,2.849075
868627651.6670129,2.609928
868627654.3575981,2.626993
868627656.921669,2.496805
868627659.6038461,2.6163139999999996
868627662.0211099,2.353812
868627665.016757,2.929322
868627667.321915,2.238628
868627670.825148,3.439721
868627674.132936,3.241353
868627677.0026441,2.803032
868627679.592972,2.524585
868627682.041575,2.385275
868627684.683808,2.5759239999999997
868627687.5488449,2.798587
868627689.972669,2.360918
868627692.704291,2.665032
868627695.275519,2.5040319999999996
868627697.855738,2.516546
868627700.754509,2.833088
868627703.51206,2.6942239999999997
868627706.328143,2.7521590000000002
868627709.57938,3.184166
868627712.455223,2.8117929999999998
868627715.4610779,2.939922
868627718.70588,3.180963
868627721.691858,2.9198039999999996
868627724.399459,2.640555
868627727.2812301,2.818699
868627730.1468589,2.802517
868627732.824013,2.611155
868627735.857908,2.971034
868627738.954315,3.033194
868627742.02908,3.00777
868627744.717075,2.621946
868627747.885042,3.104585
868627751.027425,3.079191
868627754.2395461,3.144965
868627757.292737,2.986289
868627760.403151,3.046359
868627763.284415,2.813983
868627765.873224,2.525611
868627768.51219,2.573122
868627771.172776,2.5963570000000002
868627774.091839,2.855185
868627776.8166549,2.658572
868627779.6538169,2.770292
868627782.08104,2.3633539999999997
868627784.945521,2.7984720000000003
868627787.56454,2.552464
868627789.935932,2.3082559999999996
868627792.417887,2.415626
868627795.6710739,3.186381
868627799.0616189,3.327428
868627802.505845,3.37741
868627805.389857,2.817708
868627808.1099961,2.653279
868627811.165892,2.992057
868627814.3435119,3.114287
868627817.461564,3.027977
868627820.4234719,2.878364
868627823.581903,3.095028
868627826.600899,2.9561990000000002
868627829.7367519,3.0692779999999997
868627832.546826,2.746722
868627835.609568,2.996508
868627838.550356,2.87725
868627841.605873,2.989312
868627844.5776889,2.90512
868627847.503317,2.862832
868627850.670378,3.102766
868627853.716697,2.979769
868627856.712915,2.930069
868627859.358832,2.5824239999999996
868627862.286921,2.864476
868627864.911858,2.559049
868627867.979182,3.0014
868627870.69445,2.6199209999999997
868627873.4345111,2.6730199999999997
868627876.436898,2.936378
868627879.7222649,3.217959
868627882.7188331,2.9324339999999998
868627885.407735,2.622518
868627888.162074,2.68812
868627891.015469,2.786765
868627893.9598761,2.881541
868627896.668985,2.64284
868627899.488888,2.753828
868627902.335356,2.7837520000000002
868627904.908173,2.505761
868627907.488317,2.514076
868627910.104009,2.552284
868627913.1437169,2.97374
868627915.889201,2.678633
868627919.392104,3.432139
868627922.513212,3.054278
868627924.997157,2.4173839999999998
868627927.895857,2.8327769999999997
868627930.646739,2.6872089999999997
868627933.51358,2.801178
868627936.307391,2.727481
868627939.039975,2.6666350000000003
868627941.758386,2.654988
868627944.528031,2.7032760000000002
868627946.944719,2.350549
868627949.606017,2.597424
868627952.72264,3.049392
868627955.5089741,2.720204
868627958.4364411,2.863924
868627961.251667,2.7474790000000002
868627964.046797,2.7317370000000003
868627966.810734,2.696861
868627969.611451,2.736834
868627972.347102,2.6699129999999998
868627975.3193331,2.908964
868627978.203911,2.821195
868627981.122298,2.85113
868627983.820096,2.631117
868627987.051802,3.168174
868627989.874626,2.755643
868627993.023609,3.0822979999999998
868627995.959481,2.8724190000000003
868627998.7078921,2.631483
868628001.507426,2.732739
868628004.428474,2.854146
868628007.219433,2.728103
868628009.9472,2.6639939999999998
868628012.664193,2.650192
868628015.493737,2.7647589999999997
868628018.230426,2.673276
868628021.379475,3.0832059999999997
868628024.49456,3.049261
868628027.52839,2.970022
868628030.569582,2.97823
868628033.5035299,2.867248
868628038.4712939,4.89933
868628041.613407,3.07669
868628045.773249,4.1004950000000004
868628050.047173,4.216917
868628053.82806,3.729463
868628058.543053,4.649881
868628062.121221,3.506711
868628065.841499,3.6535439999999997
868628068.771258,2.871567
868628072.4606049,3.632647
868628076.25909,3.752625
868628079.661474,3.3467290000000003
868628083.766915,4.05152
868628087.172428,3.3389119999999997
868628091.110136,3.886156
868628094.7573,3.5778429999999997
868628098.9367781,4.128889
868628102.2556419,3.262536
868628105.6670461,3.361015
868628109.46445,3.747004
868628112.715421,3.195397
868628116.281566,3.510319
868628119.651108,3.3034190000000003
868628123.7806051,4.0763229999999995
868628127.5952339,3.758587
868628131.598682,3.9376100000000003
868628135.3932841,3.728117
868628139.017188,3.5647309999999996
868628142.291404,3.2162699999999997
868628146.456152,4.108407
868628150.278995,3.753381
868628154.148597,3.8136609999999997
868628158.293998,4.084064
868628162.266091,3.913265
868628165.832762,3.510791
868628170.466864,4.566921
868628174.8251989,4.278905
868628178.594913,3.713453
868628182.103514,3.45286
868628186.2139771,4.0601769999999995
868628190.035977,3.76596
868628193.69108,3.598806
868628197.273513,3.526553
868628201.51409,4.174021
868628205.437307,3.8729400000000003
868628208.941239,3.4541519999999997
868628212.759291,3.767227
868628216.096771,3.2716860000000003
868628219.880242,3.7292810000000003
868628224.156396,4.203079
868628228.190288,3.9705699999999995
868628232.078333,3.8216740000000002
868628236.147774,4.015506
868628239.99766,3.771587
868628243.4563891,3.369366
868628247.7794169,4.2685759999999995
868628251.413797,3.5778429999999997
868628254.9548379,3.485391
868628258.6391181,3.6280639999999997
868628262.034665,3.339623
868628265.909449,3.8170100000000002
868628269.939189,3.9733829999999997
868628273.945283,3.9372290000000003
868628277.460516,3.447663
868628281.304903,3.794835
868628284.934392,3.570471
868628288.68971,3.708723
868628292.279004,3.521541
868628296.2087661,3.8733560000000002
868628299.4721409,3.203422
868628302.9338831,3.3849750000000003
868628306.253579,3.250414
868628309.627446,3.323474
868628313.354175,3.657843
868628316.721228,3.316463
868628320.574359,3.807123
868628323.83132,3.201
868628326.9439629,3.059009
868628330.895375,3.869881
868628334.2253599,3.2644
868628337.769035,3.485419
868628341.9464209,4.121937
868628345.560859,3.551188
868628349.290624,3.684031
868628352.798519,3.4511279999999998
868628357.018592,4.163697
868628361.012929,3.928213
868628365.018989,3.936648
868628368.150266,3.0745109999999998
868628371.685869,3.478891
868628375.6342951,3.894635
868628379.0879071,3.3873480000000002
868628382.991293,3.827682
868628386.9076941,3.873287
868628390.420499,3.4705529999999998
868628394.209678,3.746649
868628397.834681,3.569658
868628401.458756,3.568024
868628405.273725,3.758973
868628408.928127,3.5989
868628412.746539,3.76836
868628416.294651,3.49797
868628420.255871,3.905167
868628423.70794,3.4018870000000003
868628427.130601,3.368735
868628430.7906209,3.604472
868628434.39149,3.5511399999999997
868628438.297562,3.850276
868628441.791582,3.437677
868628445.321404,3.483955
868628448.959777,3.592899
868628452.178754,3.173193
868628456.088042,3.831643
868628460.1281769,3.9839080000000004
868628463.94669,3.752314
868628468.041986,4.0204580000000005
868628472.046548,3.94805
868628475.260342,3.157694
868628478.418256,3.096635
868628482.478812,4.004325000000001
868628486.453329,3.918878
868628489.56724,3.0574450000000004
868628493.107074,3.470618
868628496.6646991,3.500211
868628499.9440249,3.223516
868628503.028123,3.0465280000000003
868628506.698907,3.631297
868628510.299812,3.535213
868628513.876106,3.537199
868628517.412612,3.479874
868628520.94499,3.4769900000000002
868628524.5285159,3.533938
868628528.096864,3.517895
868628532.289289,4.125719
868628535.779315,3.437607
868628539.8028361,3.9695190000000005
868628543.573787,3.714916
868628547.0548841,3.4254770000000003
868628550.407424,3.3020699999999996
868628554.131585,3.673034
868628557.828183,3.636226
868628561.33925,3.452534
868628565.215553,3.824871
868628568.932083,3.650606
868628572.459382,3.471214
868628576.1257731,3.609782
868628579.4120591,3.219522
868628583.202802,3.7268399999999997
868628586.802686,3.543821
868628590.343909,3.478485
868628594.5944611,4.2016789999999995
868628598.278039,3.616626
868628601.708423,3.3732860000000002
868628605.934886,4.169916
868628610.136395,4.145048
868628613.770709,3.5693080000000004
868628617.947942,4.121213
868628621.263288,3.259476
868628624.4614431,3.141868
868628627.816604,3.2847589999999998
868628631.5006241,3.630994
868628635.151266,3.5992580000000003
868628638.4792659,3.2613410000000003
868628642.3148589,3.77888
868628646.276209,3.90517
868628650.559945,4.2276110000000005
868628654.746991,4.1190180000000005
868628658.33233,3.5185939999999998
868628661.6893281,3.286688
868628665.40444,3.6632190000000002
868628669.651002,4.176647
868628673.278147,3.575446
868628676.54273,3.207815
868628679.943347,3.34454
868628683.413776,3.379686
868628686.529577,3.046976
868628689.994075,3.4132260000000003
868628693.2410071,3.19054
868628696.255868,2.968795
868628699.372671,3.061084
868628703.489442,4.072487
868628706.753002,3.2043269999999997
868628710.032725,3.221838
868628712.803351,2.717355
868628716.126984,3.296895
868628718.975045,2.8054040000000002
868628722.506072,3.494586
868628726.105495,3.564148
868628729.4408059,3.288634
868628732.839742,3.35589
868628736.454552,3.56845
868628739.938317,3.432486
868628743.7199689,3.7339830000000003
868628747.330006,3.542585
868628750.9598651,3.572951
868628754.7573711,3.732486
868628758.6973389,3.896972
868628761.8695229,3.112882
868628765.094266,3.182751
868628768.327992,3.191719
868628772.141184,3.764447
868628775.552433,3.362775
868628779.169797,3.571336
868628782.612187,3.394437
868628786.3936441,3.727916
868628789.6136819,3.166013
868628793.2886051,3.621206
868628796.878116,3.541367
868628800.1343989,3.2091849999999997
868628803.84179,3.65061
868628807.1005869,3.2131469999999998
868628810.54905,3.4007870000000002
868628813.764061,3.167168
868628817.323008,3.511026
868628820.852507,3.473023
868628824.301825,3.394596
868628828.6111289,4.254356
868628832.151855,3.491105
868628835.8795761,3.677942
868628839.731627,3.804929
868628843.015691,3.2352779999999997
868628846.7186611,3.644534
868628850.847614,4.074977
868628854.46839,3.571309
868628858.1830931,3.6651439999999997
868628861.544305,3.302395
868628865.2560049,3.6619669999999998
868628868.14344,2.837393
868628871.4220209,3.2228
868628875.160552,3.674484
868628878.642862,3.43982
868628882.381764,3.683403
868628885.896474,3.44925
868628889.708475,3.769418
868628893.147054,3.387819
868628897.0626811,3.859977
868628900.524154,3.3909890000000003
868628903.964575,3.38961
868628907.527492,3.493095
868628910.956482,3.3784
868628914.247826,3.2409269999999997
868628918.740906,4.442149000000001
868628922.77184,3.9715879999999997
868628926.874961,4.043638
868628930.690116,3.7610360000000003
868628933.9938949,3.246852
868628937.654369,3.59873
868628941.319395,3.6140149999999998
868628944.334672,2.959552
868628947.6497641,3.258707
868628950.610745,2.9203900000000003
868628953.940909,3.279153
868628957.388458,3.396277
868628960.804826,3.373555
868628964.438159,3.582194
868628968.3719159,3.882707
868628971.8560259,3.4178189999999997
868628975.384163,3.454533
868628978.9330109,3.4947340000000002
868628982.585413,3.600794
868628986.4111229,3.775658
868628990.2502229,3.788262
868628993.862313,3.543444
868628997.619936,3.701809
868629001.446419,3.771471
868629004.888642,3.3963690000000004
868629008.4279159,3.472503
868629012.083356,3.604993
868629015.6617299,3.522148
868629019.5814791,3.866814
868629023.8914211,4.259266
868629027.982331,4.0345889999999995
868629031.8972199,3.838692
868629035.5009019,3.5432129999999997
868629038.940974,3.38362
868629042.644877,3.64743
868629047.105938,4.388853
868629050.528165,3.360751
868629054.1983719,3.618947
868629057.461575,3.212004
868629060.2150999,2.693063
868629064.045178,3.779387
868629067.721133,3.6180600000000003
868629071.242418,3.4669689999999997
868629075.4425141,4.144501
868629079.595636,4.097287
868629083.34999,3.6877440000000004
868629087.2923609,3.877043
868629091.436417,4.0885560000000005
868629095.856463,4.364033
868629099.303944,3.3975429999999998
868629103.6455001,4.259833
868629107.495405,3.794482
868629111.9700409,4.418319
868629116.094351,4.0397430000000005
868629119.763886,3.591709
868629123.455969,3.6281149999999998
868629128.15138,4.647006
868629132.244817,4.03905
868629136.21116,3.8752
868629140.0470619,3.7764249999999997
868629143.451491,3.345777
868629147.230957,3.7258299999999998
868629150.8026559,3.525748
868629154.3320659,3.473484
868629157.625308,3.247484
868629162.041619,4.365825999999999
868629165.928492,3.819194
868629170.176349,4.187759
868629173.234656,2.9989790000000003
868629176.951893,3.6492389999999997
868629179.940588,2.931628
868629183.554694,3.560556
868629186.867427,3.2513300000000003
868629190.526341,3.612629
868629194.574728,3.99736
868629198.4156181,3.784709
868629202.746299,4.274089
868629206.460946,3.648385
868629210.54677,4.0355110000000005
868629214.060119,3.4579839999999997
868629217.906068,3.79605
868629221.751028,3.766011
868629225.830272,4.023365
868629229.7749641,3.888986
868629233.356653,3.526276
868629236.771628,3.354741
868629240.374062,3.546208
868629244.8383441,4.409013
868629248.618296,3.723616
868629252.460673,3.78628
868629256.051854,3.544649
868629259.4645159,3.3558389999999996
868629262.888314,3.3703790000000002
868629266.8203421,3.8746430000000003
868629269.79759,2.921198
868629273.822418,3.957306
868629277.6422471,3.7379729999999998
868629281.398927,3.705236
868629286.030514,4.575526
868629289.768744,3.682305
868629294.362131,4.537337
868629297.867425,3.449223
868629301.7561411,3.8328260000000003
868629305.5947051,3.771764
868629309.532831,3.872017
868629313.242806,3.631673
868629316.7360159,3.444243
868629320.669021,3.866211
868629323.843451,3.1273809999999997
868629327.185154,3.2971950000000003
868629330.5238559,3.292313
868629334.268688,3.6787
868629338.110058,3.79048
868629341.735333,3.565363
868629345.7876279,3.9912790000000005
868629349.3046631,3.4610700000000003
868629353.100128,3.739423
868629356.9203,3.763823
868629360.707524,3.736322
868629364.223778,3.4661
868629367.849737,3.548027
868629371.798012,3.89472
868629375.5435439,3.689297
868629378.9924309,3.3933679999999997
868629382.767388,3.7190909999999997
868629386.816342,3.9930390000000004
868629390.036131,3.163365
868629393.738798,3.64138
868629396.8490089,3.063618
868629400.437252,3.528546
868629404.116408,3.6219870000000003
868629407.854055,3.685221
868629411.972,4.054734
868629415.591865,3.5278110000000003
868629419.516275,3.864452
868629423.11289,3.549421
868629427.1269389,3.94816
868629430.674395,3.481304
868629434.448179,3.716895
868629437.962542,3.4591439999999998
868629441.505553,3.475759
868629445.3845581,3.810362
868629448.572036,3.136699
868629452.217447,3.588924
868629455.298707,3.0309180000000002
868629459.064088,3.717097
868629462.547542,3.437116
868629466.097644,3.494282
868629469.665208,3.49776
868629473.376786,3.6563749999999997
868629477.148756,3.715783
868629480.264139,3.0595510000000004
868629484.147735,3.823736
868629487.587581,3.3833550000000003
868629490.937512,3.2971630000000003
868629494.520311,3.532506
868629498.3168579,3.7395940000000003
868629502.119468,3.746956
868629505.8219601,3.647018
868629509.10218,3.225065
868629512.55463,3.391784
868629515.9850249,3.3746090000000004
868629519.348432,3.304183
868629523.0858699,3.681739
868629526.2202849,3.079541
868629529.817725,3.5420629999999997
868629533.410229,3.542058
868629536.861877,3.3708489999999998
868629540.370769,3.452842
868629544.112579,3.685605
868629547.6110619,3.4482340000000002
868629551.481213,3.822036
868629554.918529,3.38149
868629559.596388,4.621989
868629563.0231789,3.366615
868629566.7384391,3.6617830000000002
868629570.492141,3.7016750000000003
868629573.900222,3.330665
868629577.2894831,3.3385390000000004
868629580.562777,3.222296
868629583.829445,3.216078
868629587.749106,3.871304
868629591.149249,3.353866
868629595.374343,4.147099
868629599.3431431,3.9228370000000004
868629603.590126,4.201283
868629607.936544,4.289876
868629611.4648,3.437249
868629615.522986,3.999178
868629618.881488,3.30187
868629622.557619,3.6190979999999997
868629626.270054,3.655864
868629629.659487,3.3333579999999996
868629633.024614,3.3022
868629636.273502,3.1919
868629639.856487,3.5401730000000002
868629643.3608251,3.463791
868629647.164669,3.747513
868629650.431999,3.209861
868629653.870627,3.3879539999999997
868629657.230913,3.3148969999999998
868629660.714934,3.428757
868629664.18648,3.4167210000000003
868629667.7147601,3.471877
868629671.407813,3.64532
868629675.7784809,4.314442
868629678.774059,2.926384
868629682.566634,3.742315
868629686.073586,3.441278
868629689.521015,3.391503
868629693.2672889,3.690194
868629697.353595,4.02984
868629700.549294,3.145931
868629704.39775,3.7882049999999996
868629708.6355051,4.181050000000001
868629712.829669,4.134912999999999
868629716.63764,3.75767
868629720.416533,3.7275210000000003
868629724.138543,3.67143
868629727.43292,3.238507
868629730.683303,3.1847809999999996
868629734.1339611,3.399806
868629737.343546,3.153399
868629740.44935,3.05576
868629744.0220989,3.52257
868629747.379983,3.299414
868629750.432026,2.99918
868629753.503765,3.005003
868629756.829545,3.269475
868629760.317793,3.431857
868629763.311116,2.92836
868629766.321603,2.972841
868629770.359138,3.9876460000000002
868629774.0189841,3.592097
868629777.955672,3.886647
868629781.715271,3.709619
868629785.131796,3.3666460000000002
868629788.5633531,3.358962
868629791.91804,3.299093
868629795.955523,3.9848110000000005
868629799.455065,3.422571
868629802.627681,3.122896
868629806.340337,3.663188
868629810.2278731,3.831853
868629813.708867,3.43156
868629817.0786,3.2993319999999997
868629821.1475949,4.013663
868629824.717705,3.520319
868629828.437518,3.65368
868629832.445345,3.95222
868629836.522451,4.027267999999999
868629840.5066509,3.929264
868629844.06438,3.506941
868629847.884982,3.764349
868629851.8093051,3.876837
868629855.692309,3.8325820000000004
868629859.7787709,4.031053
868629863.3468261,3.512035
868629867.095716,3.694268
868629870.835496,3.682035
868629874.47685,3.584422
868629878.054814,3.522175
868629882.4005541,4.291299
868629886.1176349,3.661395
868629890.0083411,3.840906
868629893.578325,3.51433
868629897.681281,4.0468079999999995
868629901.553447,3.813004
868629905.070378,3.45054
868629909.0835329,3.955281
868629912.528857,3.389128
868629916.2192919,3.634309
868629919.676215,3.401158
868629923.708593,3.968112
868629927.83152,4.066
868629931.4795951,3.5685000000000002
868629935.310657,3.756369
868629939.216816,3.85929
868629942.2811949,3.017988
868629945.556288,3.219452
868629949.10594,3.493146
868629952.1333741,2.976772
868629955.4492409,3.264823
868629958.4666979,2.969418
868629962.243499,3.732526
868629966.2816759,3.9913839999999996
868629969.885165,3.548936
868629973.398714,3.45507
868629977.045346,3.5999600000000003
868629981.031278,3.9350440000000004
868629984.7133731,3.625477
868629988.4470329,3.6774899999999997
868629991.9941341,3.49095
868629996.387154,4.297958
868629999.9739519,3.519491
868630003.8714839,3.811998
868630007.74524,3.817295
868630011.3125579,3.511273
868630014.864456,3.495894
868630018.280327,3.369118
868630022.041835,3.707347
868630025.61624,3.5185210000000002
868630029.262988,3.5967759999999998
868630033.102483,3.788756
868630036.034226,2.8759639999999997
868630038.7739711,2.678641
868630041.500355,2.662476
868630043.709956,2.1193660000000003
868630045.7429861,1.9696980000000002
868630048.200344,2.3909589999999996
868630051.131099,2.873987
868630053.9585279,2.765511
868630056.885725,2.85978
868630059.538709,2.58946
868630062.679072,3.0768660000000003
868630065.4411291,2.696429
868630068.5862089,3.0789459999999997
868630071.7426951,3.092783
868630074.7243431,2.918266
868630077.5938209,2.8031129999999997
868630080.789904,3.128737
868630083.548964,2.692214
868630086.2724011,2.660546
868630089.442143,3.103939
868630092.3112351,2.805424
868630095.548149,3.1703590000000004
868630098.2343739,2.623394
868630101.117749,2.817652
868630103.842184,2.658397
868630106.7457961,2.840224
868630109.899971,3.087369
868630113.1470929,3.180502
868630115.951214,2.740758
868630118.936852,2.889951
868630121.6628,2.659684
868630124.577372,2.847832
868630127.815353,3.173906
868630130.656063,2.7775790000000002
868630133.542696,2.819677
868630136.467121,2.858933
868630139.252111,2.7217629999999997
868630142.347685,3.031625
868630145.69664,3.282625
868630148.748978,2.985583
868630151.519024,2.706398
868630154.661137,3.078885
868630157.43809,2.710587
868630160.3912821,2.889565
868630163.407907,2.932334
868630166.124468,2.653194
868630169.618145,3.427407
868630173.3463271,3.661638
868630176.066723,2.6565920000000003
868630178.758506,2.624682
868630181.362064,2.540642
868630184.406635,2.978326
868630187.222533,2.7491619999999997
868630189.928615,2.643476
868630193.088683,3.093022
868630196.109132,2.9572819999999997
868630199.065733,2.889635
868630201.754109,2.6247380000000002
868630204.898186,3.0774969999999997
868630207.8667151,2.905246
868630210.6507831,2.721192
868630213.3300921,2.612584
868630216.197074,2.800131
868630219.296142,3.033164
868630222.3537581,2.994233
868630225.364023,2.94395
868630228.1357571,2.6834990000000003
868630230.9584609,2.755468
868630233.669485,2.647576
868630236.601713,2.865368
868630239.498108,2.829674
868630242.142722,2.581657
868630245.425557,3.216416
868630248.491237,2.999466
868630251.258106,2.703161
868630254.115931,2.794343
868630256.865775,2.6834939999999996
868630260.038193,3.1059490000000003
868630262.7827749,2.6764390000000002
868630265.692225,2.845672
868630268.271512,2.5129520000000003
868630271.0073379,2.669707
868630273.420203,2.349922
868630275.972596,2.487072
868630278.983894,2.921338
868630281.7025509,2.6521909999999997
868630283.8705491,2.101579
868630286.760399,2.8263220000000002
868630299.3080109,12.481277
868630302.160789,2.786454
868630304.465958,2.238935
868630306.74699,2.218015
868630309.023026,2.212002
868630311.535236,2.445239
868630314.3302,2.73132
868630317.064899,2.667973
868630320.1590351,3.0309429999999997
868630322.698979,2.473575
868630325.35077,2.588152
868630328.15251,2.735987
868630330.851831,2.632611
868630333.7007409,2.785592
868630336.471388,2.7044780000000004
868630339.202448,2.664551
868630341.907448,2.641231
868630344.481742,2.5077749999999996
868630347.352102,2.8069010000000003
868630349.799491,2.384096
868630352.850767,2.984837
868630355.755216,2.8405750000000003
868630358.8299271,3.0111529999999997
868630361.601607,2.7050400000000003
868630364.361023,2.6914629999999997
868630367.767055,3.340093
868630370.6965879,2.865694
868630373.592707,2.8302359999999998
868630376.281489,2.622747
868630379.129395,2.7838979999999998
868630381.9423059,2.749237
868630384.7149789,2.707225
868630387.343099,2.5619319999999997
868630389.843076,2.436254
868630392.8027639,2.893272
868630395.433936,2.5673839999999997
868630397.879341,2.3808290000000003
868630400.605695,2.660421
868630403.499921,2.8268579999999996
868630406.327005,2.764418
868630409.492627,3.076565
868630412.2446,2.6849719999999997
868630415.067574,2.759421
868630417.6659801,2.535304
868630420.797689,3.065449
868630423.327811,2.466369
868630425.951842,2.5609539999999997
868630428.630581,2.6130459999999998
868630431.6865181,2.989889
868630434.591588,2.841788
868630437.2877059,2.6291969999999996
868630440.234424,2.8798719999999998
868630443.065648,2.7635569999999996
868630445.533069,2.4041140000000003
868630448.6908131,3.0912230000000003
868630451.330324,2.575813
868630454.423322,3.029671
868630457.3394531,2.848719
868630460.1877819,2.7849760000000003
868630463.0922359,2.837393
868630466.0637159,2.908448
868630468.8393459,2.709129
868630471.823656,2.9210529999999997
868630475.046421,3.1595769999999996
868630477.8477939,2.7350339999999997
868630480.832816,2.918828
868630484.045007,3.1488940000000003
868630487.032434,2.902429
868630489.9154221,2.819731
868630492.90504,2.923338
868630495.822119,2.853149
868630499.0347359,3.14968
868630502.23109,3.129102
868630505.413064,3.115695
868630508.164597,2.688311
868630511.192699,2.9609110000000003
868630514.44156,3.185504
868630517.390432,2.8828080000000003
868630520.4127059,2.956601
868630523.46719,2.991
868630526.1871591,2.656582
868630529.05627,2.802987
868630531.91582,2.7929
868630535.133709,3.154241
868630538.15503,2.954475
868630541.160655,2.93948
868630544.510155,3.285997
868630548.5186701,3.9421609999999996
868630551.908204,3.323099
868630554.729755,2.757967
868630557.350207,2.553407
868630560.061151,2.64502
868630562.933821,2.8045370000000003
868630566.097999,3.099808
868630569.027807,2.863122
868630572.232656,3.1382440000000003
868630575.202503,2.903441
868630578.208889,2.943711
868630581.12089,2.846003
868630584.060642,2.8738230000000002
868630587.19049,3.062782
868630590.154798,2.901402
868630593.0090561,2.7886640000000003
868630595.818128,2.7183849999999996
868630598.979259,3.097819
868630601.655982,2.61089
868630604.656976,2.9343690000000002
868630607.744292,3.024012
868630610.9530541,3.144904
868630613.9244651,2.905411
868630617.0896701,3.098686
868630620.073298,2.9205059999999996
868630622.810413,2.670224
868630625.9004791,3.026614
868630628.765817,2.79964
868630631.7343489,2.905135
868630634.6522199,2.854608
868630637.6314881,2.9124179999999997
868630640.487856,2.7900720000000003
868630643.567814,3.0167599999999997
868630646.587476,2.956546
868630649.4816661,2.8280559999999997
868630652.117815,2.570391
868630654.860768,2.6792000000000002
868630658.042889,3.118834
868630661.269829,3.1606300000000003
868630664.243429,2.907652
868630667.031456,2.721803
868630670.9618391,3.866484
868630674.635409,3.607131
868630678.629115,3.9269300000000005
868630681.101713,2.406268
868630683.906675,2.7418299999999998
868630686.6563089,2.6849790000000002
868630689.237435,2.5146119999999996
868630692.0263449,2.722846
868630694.978495,2.884447
868630697.921695,2.87936
868630700.860629,2.872288
868630703.792151,2.865153
868630706.5813819,2.725693
868630709.417958,2.7702069999999996
868630712.49789,3.0131419999999998
868630715.2018571,2.6406490000000002
868630718.303555,3.038555
868630720.874708,2.504137
868630723.703215,2.76501
868630726.75619,2.989036
868630729.53425,2.710849
868630732.728453,3.127463
868630735.752681,2.961186
868630738.898512,3.082614
868630741.9169321,2.951844
868630744.869077,2.8851340000000003
868630747.761243,2.828993
868630750.637601,2.813287
868630753.307278,2.60252
868630756.2024751,2.828206
868630759.165777,2.8964
868630761.894291,2.665192
868630764.905483,2.945374
868630767.7372321,2.7687720000000002
868630770.4391601,2.63868
868630773.108411,2.602656
868630775.9834219,2.808641
868630779.0067079,2.9120869999999996
868630781.741407,2.667633
868630784.496964,2.6888620000000003
868630787.264899,2.704262
868630790.28811,2.9597320000000003
868630793.072234,2.717233
868630796.256414,3.120783
868630798.844542,2.5222949999999997
868630801.7741951,2.86615
868630804.399819,2.5596859999999997
868630807.217641,2.754405
868630809.814433,2.533229
868630813.0035,3.122688
868630815.8037109,2.717809
868630818.700543,2.833279
868630821.601068,2.83395
868630824.3656911,2.6976970000000002
868630826.9950889,2.566106
868630830.1159619,3.0571740000000003
868630833.186462,3.0034549999999998
868630836.3083079,3.058543
868630839.4069699,3.031735
868630842.188432,2.71783
868630845.274089,3.019707
868630848.368204,3.030427
868630851.3329891,2.898314
868630854.53071,3.133622
868630857.708275,3.110669
868630860.5585179,2.784144
868630863.6437839,3.021667
868630866.358105,2.650301
868630869.2425419,2.818468
868630872.1573,2.8479270000000003
868630874.966497,2.7422969999999998
868630878.212902,3.1827769999999997
868630881.3667221,3.0877399999999997
868630884.07121,2.638595
868630886.286309,2.148705
868630889.16582,2.816048
868630892.2152159,2.983197
868630894.918787,2.636796
868630897.605214,2.623195
868630900.3685191,2.6965600000000003
868630903.025136,2.590402
868630905.395631,2.307273
868630907.7899971,2.32735
868630910.4698429,2.616659
868630913.1221399,2.585211
868630915.926922,2.738406
868630918.5825361,2.592002
868630922.000125,3.351625
868630925.6638119,3.596937
868630928.356654,2.625825
868630931.170632,2.7468570000000003
868630933.983588,2.749032
868630936.485504,2.436028
868630939.425787,2.873416
868630942.031906,2.542571
868630944.842026,2.744125
868630947.470261,2.561781
868630950.1226829,2.588809
868630952.92728,2.7368230000000002
868630955.519626,2.503349
868630958.2871361,2.704333
868630960.864539,2.511063
868630963.894907,2.963612
868630966.5829611,2.624943
868630969.231268,2.582043
868630972.099639,2.802677
868630974.9603059,2.7936419999999997
868630977.673183,2.649415
868630980.8078481,3.068095
868630983.885025,2.994739
868630986.580186,2.631779
868630989.486971,2.840771
868630992.714116,3.160189
868630996.063321,3.274817
868630999.419943,3.289666
868631002.289777,2.806652
868631005.268649,2.912828
868631007.8699911,2.538115
868631010.939971,3.0068930000000003
868631013.847593,2.84052
868631016.927705,3.013758
868631020.160689,3.169546
868631023.285717,3.0590349999999997
868631026.4918339,3.142919
868631029.592044,3.034015
868631034.666967,5.008974
868631038.546065,3.815606
868631042.0785421,3.466182
868631047.090324,4.944034
868631051.1931851,4.036144999999999
868631054.744013,3.4846299999999997
868631058.558516,3.7482409999999997
868631062.350397,3.7316990000000003
868631065.695378,3.270717
868631069.239892,3.4953190000000003
868631072.832714,3.525325
868631076.596715,3.707784
868631080.616917,3.969198
868631084.103446,3.430371
868631088.1473241,3.9936279999999997
868631091.787918,3.584307
868631096.265991,4.423977
868631139.1405749,42.816914
868631196.279842,57.073502999999995
868631205.0632211,8.71682
868631210.731176,5.601856
868631215.769104,4.971863
868631219.662927,3.826933
868631223.1064811,3.377901
868631226.566419,3.4009
868631230.090777,3.467666
868631234.1561041,3.9985259999999996
868631237.6066611,3.3920019999999997
868631241.089406,3.4312940000000003
868631245.385536,4.239819
868631248.6475871,3.206031
868631252.5209529,3.8173600000000003
868631256.6203741,4.043562
868631260.130143,3.454205
868631263.693191,3.505595
868631267.279197,3.5138119999999997
868631271.456952,4.121971
868631275.029138,3.49958
868631278.7757959,3.693
868631282.161317,3.330222
868631285.937318,3.724171
868631289.6332619,3.640015
868631292.96277,3.279293
868631298.8095319,5.7907280000000005
868631304.1153921,5.235425
868631307.7162031,3.545532
868631311.993639,4.222467
868631316.7692109,4.695571
868631321.5517479,4.726447
868631325.966259,4.356912
868631331.494007,5.460662
868631336.74442,5.183427
868631341.727906,4.854875
868631346.427925,4.652157
868631351.515065,5.022951
868631356.468714,4.9054839999999995
868631361.911014,5.3742410000000005
868631366.7651831,4.786462
868631371.763439,4.93149
868631376.909948,5.087613
868631382.153849,5.1491050000000005
868631386.4236641,4.208978
868631391.065274,4.5801549999999995
868631395.897482,4.781229
868631400.757766,4.805823
868631406.111725,5.2980279999999995
868631411.69184,5.513330000000001
868631416.7631191,4.968435
868631422.48925,5.660538
868631427.4830999,4.927916
868631432.810887,5.262757
868631437.93909,5.070488
868631443.70365,5.698526
868631450.002599,6.2329550000000005
868631455.479544,5.411658
868631460.642928,5.0989640000000005
868631466.74951,6.04114
868631472.6536291,5.839028
868631478.2498369,5.531742
868631483.751539,5.435363000000001
868631489.2993491,5.4828790000000005
868631493.957718,4.581244
868631499.149068,5.114742000000001
868631504.419382,5.203739
868631509.875064,5.382708
868631515.449579,5.514362
868631520.9240581,5.396611
868631526.682253,5.690502
868631531.493222,4.731675
868631537.247743,5.687791
868631541.9203401,4.6054900000000005
868631547.128829,5.1408570000000005
868631551.865631,4.669606
868631556.674888,4.742285
868631562.094833,5.3601209999999995
868631567.302599,5.140353999999999
868631572.635601,5.273029
868631578.1046871,5.401750000000001
868631583.989627,5.804954
868631590.0313721,5.912218
868631595.6859311,5.587784
868631601.120792,5.368662
868631606.5065199,5.318421
868631611.6264031,5.052887
868631617.670444,5.977069
868631624.2340289,6.490169
868631629.907186,5.607093
868631634.737064,4.762967
868631639.540751,4.738018
868631644.5595291,4.952548999999999
868631649.4950031,4.876367
868631654.096885,4.5346400000000004
868631659.7942231,5.630859
868631665.580644,5.718522
868631671.112402,5.452333
868631676.778005,5.599530000000001
868631682.708326,5.86335
868631687.5281309,4.752197
868631693.39757,5.802242
868631698.336597,4.872211
868631703.7956799,5.3909650000000005
868631709.3969591,5.534794
868631714.391561,4.916039
868631718.718076,4.260617000000001
868631724.371964,5.594483
868631729.737193,5.2993060000000005
868631735.1320469,5.320430999999999
868631741.5045321,6.306204999999999
868631747.104013,5.532174
868631751.69521,4.523493
868631756.4312141,4.668222
868631761.913807,5.4154729999999995
868631767.547342,5.572681
868631772.255992,4.642852
868631776.7132981,4.396548999999999
868631781.7608681,4.9806490000000005
868631786.649753,4.8214429999999995
868631792.455659,5.739466
868631798.4413539,5.918900000000001
868631802.5069369,3.9996140000000002
868631806.975413,4.408682
868631811.963079,4.921251
868631817.596558,5.542177
868631822.6412859,4.977647
868631828.14554,5.4451339999999995
868631833.537076,5.33164
868631838.445326,4.823884
868631844.209225,5.697524
868631849.7455931,5.456332000000001
868631855.069155,5.256536
868631859.9155121,4.780347
868631864.4223781,4.439430000000001
868631870.0311791,5.542266
868631875.008716,4.911468
868631880.264979,5.190315
868631885.190934,4.866442
868631890.211327,4.953016
868631895.529687,5.256063
868631899.7319419,4.135675999999999
868631905.011373,5.211778000000001
868631909.789229,4.71801
868631914.705534,4.8381300000000005
868631919.7978569,5.000755
868631924.94533,5.080858
868631930.128997,5.112902
868631935.036546,4.841505000000001
868631940.586391,5.484242999999999
868631945.944103,5.290936
868631951.534396,5.532359
868631956.669145,5.067356
868631962.2841159,5.547980999999999
868631967.1034889,4.752478
868631971.3019019,4.120025
868631976.196114,4.8173900000000005
868631981.1723601,4.916165
868631986.237173,5.0045020000000005
868631991.879564,5.563788
868631996.913878,4.968029
868632002.387936,5.407955
868632007.7526591,5.298419
868632012.684736,4.864554
868632018.274202,5.514222
868632024.077262,5.735874
868632029.660273,5.5169570000000006
868632035.323397,5.585272
868632040.138796,4.756106000000001
868632045.5748011,5.367831
868632050.35341,4.711918
868632054.670639,4.257921
868632059.772936,5.044958
868632065.245335,5.414841
868632070.4286411,5.117522999999999
868632075.336411,4.842296
868632080.064332,4.650034
868632085.299969,5.16805
868632090.608126,5.22818
868632095.452082,4.757153
868632100.528584,5.001243
868632105.980861,5.393059
868632110.942171,4.904663
868632115.831166,4.822917
868632121.048953,5.151216
868632125.857412,4.7264409999999994
868632130.486527,4.569444
868632135.1210641,4.573258999999999
868632139.75052,4.563327
868632144.961481,5.145093
868632149.550468,4.523669999999999
868632154.473242,4.853358
868632159.7415711,5.189726
868632164.6218361,4.81142
868632169.663347,4.977021
868632174.580644,4.86092
868632179.4817129,4.833541
868632184.565482,5.026962999999999
868632189.998028,5.376686
868632194.93042,4.876086
868632200.480761,5.482634
868632206.039531,5.478749
868632211.4585811,5.3525
868632216.726905,5.201904
868632221.9860979,5.192432999999999
868632227.164021,5.111809
868632232.326219,5.096197999999999
868632238.627168,6.204832000000001
868632244.134162,5.447053
868632250.141016,5.940645
868632255.0117741,4.80488
868632259.957888,4.879944
868632265.4942759,5.436245
868632270.579634,5.018903
868632274.885296,4.239693
868632279.421866,4.469806
868632284.55895,5.0771109999999995
868632288.4933579,3.867943
868632293.227191,4.675072
868632298.0897659,4.7943999999999996
868632303.326381,5.168957
868632308.84373,5.451446000000001
868632313.3300029,4.419417999999999
868632318.5803651,5.184083
868632323.313257,4.665220000000001
868632327.860877,4.488797999999999
868632332.4790729,4.55149
868632337.2962409,4.738735
868632341.984975,4.622821
868632347.414454,5.363721
868632353.35088,5.858307999999999
868632358.546967,5.11782
868632363.902047,5.2954669999999995
868632367.9651331,3.996426
868632373.13133,5.082703
868632378.9206669,5.722696999999999
868632384.5890981,5.60128
868632389.648375,4.992106
868632394.80114,5.09482
868632400.561377,5.693366
868632406.5619539,5.924114
868632411.620434,4.992506
868632417.668134,5.981019
868632422.882091,5.147101999999999
868632427.915568,4.974094
868632432.864408,4.891681
868632437.770694,4.838233
868632443.275604,5.437081
868632449.001128,5.659476
868632454.7818199,5.713541
868632460.394251,5.545424000000001
868632465.423247,4.946309
868632470.213438,4.729589
868632475.8380411,5.558714999999999
868632480.8718389,4.968075
868632485.913977,4.9660850000000005
868632491.733514,5.7533080000000005
868632497.238604,5.438841
868632502.775469,5.470561
868632508.715432,5.860307000000001
868632513.59445,4.812188
868632518.7442379,5.0825260000000005
868632523.334618,4.519610999999999
868632528.784385,5.390047
868632534.087545,5.234845
868632539.742378,5.587697
868632544.849828,5.040584
868632550.2095399,5.2917440000000004
868632556.1285449,5.851768
868632561.526199,5.308076
868632566.7361081,5.143579
868632571.553326,4.750502999999999
868632576.517281,4.887522
868632582.23215,5.647562
868632587.4349769,5.133576
868632592.853946,5.351657
868632598.126235,5.193561
868632603.4227489,5.229428
868632608.906505,5.416344
868632614.060408,5.0878879999999995
868632618.436409,4.2973300000000005
868632623.343346,4.840031
868632628.501439,5.091131
868632633.0420281,4.471749
868632638.390879,5.2768939999999995
868632643.870465,5.413798
868632649.367838,5.416635
868632653.998176,4.563002
868632659.7305411,5.6658
868632665.282516,5.484272
868632670.6982629,5.349673999999999
868632675.4579221,4.692042
868632680.385388,4.8609860000000005
868632685.712308,5.260406
868632690.056685,4.278163
868632694.30957,4.185543
868632699.156219,4.775662
868632703.881727,4.665336
868632708.5419639,4.588545
868632712.87717,4.267404
868632718.003764,5.0683229999999995
868632724.164582,6.0937719999999995
868632729.73167,5.489118
868632734.604344,4.804091
868632739.839521,5.1487490000000005
868632745.75829,5.8399410000000005
868632750.90257,5.0788530000000005
868632755.639617,4.670046
868632761.75321,6.046336
868632766.872993,5.054130000000001
868632772.080059,5.140085
868632777.071969,4.925706
868632782.87679,5.73876
868632788.225975,5.289238
868632793.407741,5.1214900000000005
868632799.058532,5.59047
868632804.3993349,5.274277
868632809.775866,5.310513
868632814.199658,4.3572869999999995
868632819.176704,4.909378
868632824.200449,4.955862
868632828.718906,4.45078
868632833.490173,4.704034
868632838.432036,4.874627
868632843.621434,5.122677
868632849.090308,5.409378
868632854.5566779,5.400492
868632858.6080381,3.9851160000000005
868632864.259399,5.585252
868632868.933123,4.593316
868632874.4039841,5.411122
868632879.559896,5.077058
868632885.177544,5.525002000000001
868632889.927045,4.668577999999999
868632894.893431,4.899189
868632900.357575,5.398582
868632905.951303,5.527819
868632911.545911,5.5286349999999995
868632917.011259,5.399038999999999
868632922.890897,5.813834
868632928.358059,5.400081
868632933.520622,5.096353
868632938.840802,5.253976
868632944.261906,5.354945
868632949.198733,4.869260000000001
868632954.558771,5.292516
868632959.604051,4.964337
868632965.1058381,5.435232
868632970.121244,4.947276
868632975.452263,5.250381999999999
868632980.060816,4.523444
868632985.8252,5.695474
868632990.453775,4.560521
868632996.446671,5.925688999999999
868633001.419126,4.9049130000000005
868633006.894532,5.417451
868633012.3358841,5.373484
868633017.951181,5.535476
868633022.907419,4.890339
868633028.332613,5.358052000000001
868633034.1371111,5.724647999999999
868633037.078832,2.874846
868633040.3866149,3.2318759999999997
868633043.604744,3.152036
868633047.059109,3.390771
868633049.957087,2.83187
868633053.151402,3.12818
868633056.589554,3.3725
868633059.984424,3.328681
868633063.186482,3.11084
868633066.456352,3.203856
868633069.7742031,3.251662
868633073.186425,3.346228
868633076.634721,3.382543
868633080.2251221,3.523951
868633083.677407,3.386823
868633086.135115,2.39391
868633088.8282421,2.62595
868633092.19617,3.30213
868633095.7127249,3.450311
868633098.9842739,3.208151
868633101.972833,2.921443
868633104.935022,2.894977
868633108.053705,3.05503
868633111.112218,2.991477
868633114.0718,2.8955780000000004
868633117.252738,3.114719
868633120.7701739,3.084518
868633123.794442,2.957854
868633126.916809,3.058253
868633130.032635,3.048399
868633133.00208,2.902735
868633136.164469,3.0984350000000003
868633139.1985509,2.9657020000000003
868633142.1871259,2.901773
868633145.01218,2.759236
868633148.207271,3.132651
868633151.265127,2.990604
868633154.224599,2.896595
868633157.330126,3.039098
868633160.18951,2.79554
868633163.129583,2.874359
868633166.1467739,2.952471
868633169.8345269,3.621734
868633173.785358,3.883985
868633177.474629,3.621884
868633180.507627,2.9702420000000003
868633183.7809409,3.2070290000000004
868633186.943551,3.0961209999999997
868633190.224778,3.214486
868633193.1210281,2.82938
868633196.295901,3.107943
868633199.2460419,2.884583
868633202.1979561,2.888833
868633205.218034,2.953763
868633208.444297,3.1631210000000003
868633211.632066,3.1198960000000002
868633214.520659,2.824352
868633217.799059,3.211754
868633220.8928081,3.026718
868633223.998575,3.042445
868633226.958729,2.865463
868633230.002232,2.9807319999999997
868633232.853994,2.784871
868633235.7127609,2.792498
868633238.8390671,3.062623
868633241.8644431,2.9584390000000003
868633244.88021,2.949448
868633248.120366,3.176893
868633251.224174,3.0371780000000004
868633254.402436,3.1148890000000002
868633257.572785,3.103443
868633260.452035,2.815723
868633263.51608,2.997194
868633266.549454,2.969686
868633269.9021721,3.286288
868633272.933963,2.9657519999999997
868633276.273481,3.275879
868633279.627707,3.2878209999999997
868633282.6658319,2.974207
868633285.685339,2.952095
868633288.810873,3.058652
868633292.119753,3.2463
868633296.205894,4.019521
868633300.101742,3.829834
868633303.861724,3.6944489999999996
868633307.061671,3.135842
868633310.1072681,2.979323
868633313.0773749,2.903186
868633315.9714,2.827881
868633318.53071,2.467406
868633321.5411,2.94393
868633324.396009,2.7886439999999997
868633327.5247409,3.065089
868633330.784252,3.195703
868633333.6283699,2.7772270000000003
868633336.823596,3.127769
868633339.758296,2.84659
868633342.7850089,2.961992
868633345.626456,2.774521
868633349.044427,3.351305
868633352.245396,3.119465
868633355.4732579,3.1614820000000003
868633358.393118,2.856292
