868313379.8634781,3.812664
868313383.58891,3.588944
868313387.4858431,3.826333
868313391.236927,3.679592
868313395.1284269,3.8233859999999997
868313398.719174,3.5190439999999996
868313402.021365,3.218641
868313405.655753,3.549116
868313409.055806,3.318563
868313412.773785,3.629107
868313416.280001,3.4227860000000003
868313419.834743,3.472462
868313423.6612749,3.749567
868313427.773648,4.0293339999999995
868313431.325093,3.4682060000000003
868313435.058618,3.6512480000000003
868313438.7613361,3.618572
868313442.1859759,3.337331
868313445.783043,3.514489
868313449.60583,3.7407310000000003
868313453.4259269,3.737459
868313457.123147,3.614171
868313461.125022,3.9200600000000003
868313464.998291,3.790693
868313468.475294,3.394626
868313472.2457751,3.6873370000000003
868313476.268297,3.939144
868313479.894961,3.5425299999999997
868313483.8705289,3.906082
868313487.540931,3.595728
868313491.1420029,3.526162
868313494.634188,3.4180230000000003
868313498.727747,4.009834000000001
868313502.195116,3.380227
868313505.908368,3.629096
868313509.5515779,3.55984
868313513.356164,3.72281
868313517.438385,3.99797
868313521.145108,3.623674
868313524.5311431,3.302035
868313528.296777,3.683889
868313531.743088,3.362396
868313535.054049,3.2334899999999998
868313538.6170111,3.481678
868313541.8712211,3.16915
868313545.359136,3.413293
868313548.9719089,3.538351
868313552.7624229,3.71515
868313556.298699,3.4530659999999997
868313559.707467,3.3256639999999997
868313563.2834901,3.498142
868313566.7567079,3.390541
868313570.284935,3.443975
868313573.7989329,3.4309760000000002
868313577.2210239,3.3384199999999997
868313580.574658,3.277577
868313584.202567,3.552657
868313587.4952849,3.204483
868313590.928856,3.356105
868313594.7272359,3.714951
868313598.13807,3.328091
868313602.063171,3.842458
868313606.0683451,3.921796
868313609.59643,3.453849
868313613.427662,3.740551
868313617.271413,3.743698
868313621.214712,3.852643
868313624.783873,3.484048
868313627.991133,3.118272
868313631.922827,3.809467
868313635.2844701,3.2916999999999996
868313638.647998,3.289344
868313642.343115,3.620322
868313645.751503,3.319263
868313649.126117,3.291194
868313653.11895,3.9088229999999995
868313656.3278279,3.125444
868313660.1011161,3.688169
868313664.0536051,3.867141
868313667.6243769,3.486113
868313671.164493,3.447845
868313674.961022,3.722016
868313678.3055949,3.269991
868313682.4346011,4.045236
868313686.698391,4.180275
868313690.362579,3.580739
868313693.796872,3.3514500000000003
868313697.123981,3.237349
868313700.9390451,3.732522
868313704.48786,3.339111
868313708.385571,3.814368
868313712.0573981,3.587826
868313715.632438,3.492864
868313719.191086,3.481839
868313722.9956261,3.719412
868313726.567895,3.4900119999999997
868313729.965582,3.3139879999999997
868313733.217899,3.164618
868313736.605049,3.312373
868313740.128338,3.44147
868313743.4716549,3.268724
868313746.8071109,3.265946
868313750.1666869,3.284853
868313753.513903,3.2642819999999997
868313756.751673,3.155293
868313760.141046,3.3070109999999997
868313763.428166,3.204302
868313766.696051,3.191817
868313770.0704701,3.286058
868313773.373201,3.2208509999999997
868313776.7372991,3.296906
868313779.979712,3.174666
868313783.547044,3.457897
868313787.286864,3.656511
868313790.886075,3.5161480000000003
868313794.265219,3.296026
868313797.72191,3.371602
868313800.885968,3.079216
868313804.630508,3.661798
868313808.680686,3.9676750000000003
868313812.825295,4.061203
868313816.477177,3.5763320000000003
868313820.039068,3.4796139999999998
868313822.918247,2.773936
868313825.4377251,2.4077870000000003
868313828.152773,2.64948
868313831.4804829,3.2606330000000003
868313835.000289,3.4574160000000003
868313838.273272,3.206858
868313841.1278191,2.780385
868313843.250272,2.0569450000000002
868313846.610054,3.27721
868313849.932052,3.244144
868313853.3813521,3.3627420000000003
868313856.6136631,3.1539699999999997
868313859.966285,3.267553
868313863.4138399,3.345972
868313866.947313,3.4469570000000003
868313870.235325,3.2016549999999997
868313873.446669,3.124792
868313877.092725,3.558602
868313880.288066,3.108895
868313884.0563279,3.6695059999999997
868313887.550902,3.416439
868313890.73049,3.106497
868313918.030517,27.214018
868313923.18853,5.0722179999999994
868313927.810333,4.535126
868313931.496457,3.599142
868313935.245197,3.6674960000000003
868313939.107707,3.776751
868313943.054178,3.8604809999999996
868313946.979319,3.8379820000000002
868313950.7316171,3.665726
868313954.6043459,3.7855309999999998
868313957.961734,3.2712879999999998
868313961.300184,3.2513170000000002
868313964.656034,3.268722
868313968.030362,3.286743
868313971.344089,3.224691
868313975.056687,3.639973
868313978.6715571,3.5377910000000004
868313982.265909,3.515675
868313985.933115,3.58087
868313989.666845,3.6459
868313993.505489,3.75275
868313996.841063,3.247724
868314000.355467,3.4283289999999997
868314003.631216,3.189965
868314007.114963,3.3998280000000003
868314010.572399,3.387886
868314013.8873711,3.244364
868314017.394964,3.4368950000000003
868314020.904797,3.4231320000000003
868314024.2695631,3.278881
868314027.552894,3.193727
868314031.062608,3.427447
868314035.3233099,4.179503
868314039.112119,3.697992
868314043.3098799,4.126169
868314046.8517879,3.457948
868314050.323318,3.419271
868314053.055593,2.6842110000000003
868314057.358371,4.252147000000001
868314061.389274,3.9461419999999996
868314066.122449,4.6664200000000005
868314070.683106,4.4906939999999995
868314075.5702671,4.826199
868314080.252824,4.623287
868314085.218087,4.897545
868314088.832363,3.546777
868314093.65168,4.753539
868314097.426067,3.7207120000000002
868314101.89738,4.4045179999999995
868314106.388183,4.39931
868314111.435567,5.003957
868314115.140883,3.6449260000000003
868314119.8195081,4.632483
868314124.6538199,4.7743079999999996
868314128.616869,3.882925
868314132.334277,3.650547
868314136.29911,3.859578
868314141.2349039,4.85221
868314146.4752921,5.158005
868314151.897501,5.359681
868314157.203443,5.221850999999999
868314162.545303,5.257383
868314167.700995,5.073226999999999
868314173.4417241,5.670599999999999
868314179.522816,5.991036
868314184.570282,4.9599459999999995
868314189.002236,4.354208
868314193.736691,4.667472
868314198.444315,4.623999
868314203.1294761,4.6019820000000005
868314208.1643261,4.951416999999999
868314213.548329,5.280116
868314219.117028,5.496049
868314223.907093,4.707213
868314228.958619,4.96772
868314234.133046,5.100077
868314239.442312,5.234319
868314244.543175,5.0034659999999995
868314249.95337,5.328423
868314255.698008,5.66173
868314261.191442,5.411872
868314266.547585,5.287097
868314271.573359,4.957175
868314276.38521,4.729083
868314281.619078,5.151367
868314287.1191089,5.432605
868314292.550817,5.364993999999999
868314297.891369,5.257714
868314303.024879,5.058886
868314309.059588,5.949420000000001
868314315.050979,5.908575999999999
868314320.7364041,5.587486
868314326.15934,5.3430420000000005
868314331.167408,4.92124
868314336.63833,5.388848
868314342.245371,5.532934
868314346.8640679,4.535502999999999
868314351.724862,4.796901
868314356.589782,4.800846
868314361.760649,5.1051530000000005
868314366.7562829,4.906732
868314371.8534831,5.010068
868314377.3016369,5.3724419999999995
868314383.0096849,5.616835
868314386.851632,3.777988
868314391.826362,4.910741
868314397.171985,5.253634
868314402.783338,5.530684999999999
868314406.438105,3.582343
868314412.083192,5.563472
868314417.828947,5.663133
868314423.4356741,5.52667
868314429.6041291,6.079097
868314435.258598,5.52742
868314440.6374689,5.302116
868314444.9169,4.196502000000001
868314450.722601,5.741106
868314456.4499929,5.644881
868314461.5804379,5.056640000000001
868314467.102104,5.447703
868314472.4711341,5.29532
868314477.7237259,5.169785
868314482.869761,5.063447
868314487.944914,4.991925
868314493.5024819,5.422764
868314497.59148,4.006734
868314501.7299421,4.076674
868314506.776795,4.971076
868314512.282097,5.433023
868314517.741209,5.394672
868314523.039106,5.206205000000001
868314528.459074,5.3524590000000005
868314533.904541,5.362639
868314539.534552,5.547223000000001
868314545.190261,5.573992
868314550.3014699,5.031772
868314556.6465081,6.281009
868314562.237879,5.509184
868314567.956736,5.63655
868314573.416999,5.359198
868314579.557423,6.058133000000001
868314584.836422,5.196432
868314590.4461219,5.526631
868314596.740047,6.219099
868314602.004649,5.189473
868314607.598922,5.495023
868314612.1435059,4.46155
868314617.4107169,5.184022
868314622.368153,4.874903
868314627.363776,4.928441
868314632.758559,5.316701
868314638.141279,5.299817
868314644.459824,6.24145
868314650.400905,5.857892
868314655.939509,5.4556960000000005
868314661.133043,5.0737000000000005
868314666.257484,5.040816
868314672.677865,6.359456000000001
868314678.0396421,5.287776
868314683.413581,5.299908
868314689.450762,5.954188
868314695.572473,6.047261
868314701.57366,5.926333
868314705.334869,3.719576
868314709.100076,3.736261
868314714.1258341,4.986077
868314719.554691,5.359382
868314723.951693,4.333734
868314729.906023,5.852534
868314735.935182,5.93499
868314741.20883,5.180742
868314746.4343671,5.1611519999999995
868314751.568499,5.099991
868314756.965445,5.338148
868314762.847613,5.817807999999999
868314769.033684,6.114658
868314774.496088,5.397392
868314779.663775,5.102813
868314785.383821,5.637238
868314790.5470251,5.048190999999999
868314796.074407,5.444845
868314801.719784,5.5618430000000005
868314808.191624,6.388532
868314813.97305,5.705881000000001
868314819.819315,5.76262
868314825.417341,5.514537
868314831.1506389,5.650394
868314836.565317,5.331945
868314842.634553,5.9947669999999995
868314848.657804,5.948318
868314853.4924079,4.751981
868314859.491715,5.916374
868314865.496333,5.921845
868314871.325032,5.7454339999999995
868314877.561251,6.147913
868314883.545681,5.9015509999999995
868314887.589881,3.9890969999999997
868314891.713301,4.059625
868314895.81684,4.02423
868314901.381348,5.484666
868314907.513013,6.034978
868314913.1527511,5.557191
868314919.347234,6.1111580000000005
868314925.405681,5.983346
868314931.639353,6.150834
868314937.5333151,5.810768
868314943.720759,6.105032
868314948.078868,4.256616999999999
868314954.3649579,6.2019839999999995
868314959.478079,5.029096
868314964.644677,5.0966190000000005
868314970.395064,5.664276999999999
868314976.2850289,5.807385
868314980.563473,4.199828
868314986.685917,6.054405
868314992.458575,5.687676
868314998.4405819,5.898808
868315004.479325,5.957148
868315010.559765,6.00734
868315016.755659,6.112821
868315022.555822,5.717315
868315028.294075,5.654513
868315033.2876719,4.926651
868315038.425624,5.063229
868315043.390054,4.882163
868315048.65415,5.19005
868315053.9546989,5.21773
868315058.0903901,4.051646
868315062.289119,4.1151089999999995
868315066.309607,3.937395
868315070.141816,3.749672
868315074.1915671,3.9664879999999996
868315078.3104889,4.0356380000000005
868315082.4857479,4.0922600000000005
868315086.518848,3.9497129999999996
868315090.447544,3.8537250000000003
868315094.013343,3.475103
868315097.460867,3.363322
868315101.030375,3.486044
868315104.878556,3.76472
868315108.470461,3.5248530000000002
868315112.075708,3.546951
868315116.38374,4.253902
868315120.225597,3.75945
868315123.914372,3.6062529999999997
868315127.3071231,3.324533
868315131.456787,4.073972
868315135.0360831,3.469891
868315138.404655,3.284799
868315141.659453,3.187148
868315145.484899,3.758122
868315149.111176,3.5586569999999997
868315152.3895199,3.191562
868315156.123777,3.653725
868315159.4433551,3.2370989999999997
868315162.9858681,3.480861
868315166.5289071,3.485677
868315170.219418,3.6242050000000003
868315174.133078,3.831964
868315178.169152,3.954158
868315182.1746801,3.923011
868315186.29489,4.038563
868315190.4554491,4.087229000000001
868315194.794641,4.252959
868315198.667644,3.7998160000000003
868315202.6143949,3.865257
868315206.4412919,3.745247
868315210.032753,3.509909
868315214.19726,4.070193
868315218.177533,3.915534
868315222.128957,3.8827279999999997
868315226.191723,3.9905519999999997
868315230.263625,3.9715740000000004
868315233.919073,3.573507
868315238.435989,4.422289
868315242.711961,4.202122
868315246.837471,4.044133
868315251.585861,4.674492
868315255.808239,4.1381760000000005
868315259.992784,4.107647
868315264.5243139,4.417033
868315268.179428,3.5809420000000003
868315272.283164,4.021816
868315276.388131,4.030282
868315280.2785511,3.82315
868315284.71594,4.353649
868315288.741575,3.9419199999999996
868315292.397504,3.552589
868315296.108857,3.625863
868315300.1613,3.969029
868315304.480428,4.23427
868315309.158372,4.585639
868315313.7103881,4.465855
868315318.3532,4.556186
868315322.9233431,4.487299999999999
868315327.299253,4.292626
868315332.1604301,4.777652000000001
868315336.730428,4.486709
868315341.753094,4.939337
868315346.5152601,4.678896999999999
868315351.259514,4.6609
868315355.964546,4.6223
868315361.1112111,5.01567
868315365.172855,3.9775979999999995
868315368.906339,3.6506770000000004
868315373.033015,4.044253
868315377.092654,3.9696080000000005
868315381.011691,3.840865
868315385.0456,3.9508649999999994
868315389.081825,3.95226
868315393.16154,3.9966009999999996
868315397.3446219,4.100524
868315401.3572819,3.9285989999999997
868315405.163215,3.722689
868315409.3193239,4.072364
868315413.2036699,3.7998540000000003
868315417.765504,4.47877
868315421.648717,3.799293
868315425.77671,4.0438469999999995
868315430.18003,4.3199
868315435.646725,5.382053
868315439.4786489,3.74844
868315443.626534,4.063945
868315447.8747071,4.164633
868315451.979357,4.02952
868315456.209121,4.125522
868315459.9074241,3.613295
868315463.7706519,3.7850200000000003
868315468.0978979,4.243537000000001
868315472.240757,4.058893
868315476.4655551,4.142015
868315480.454054,3.905365
868315484.652431,4.115293
868315489.114442,4.3785680000000005
868315493.142744,3.9454190000000002
868315497.382722,4.157302
868315501.497971,4.031895
868315505.5150311,3.933069
868315509.897133,4.298584
868315514.221504,4.250707
868315518.415146,4.117849
868315522.308997,3.819526
868315526.417289,4.025384
868315530.415029,3.913319
868315534.324173,3.823645
868315538.441977,4.034793
868315542.632792,4.11636
868315546.720376,3.9994669999999997
868315550.636181,3.832476
868315555.093315,4.373645
868315559.3364719,4.1592210000000005
868315563.247314,3.827874
868315567.34419,4.013527
868315571.012453,3.584968
868315575.32459,4.229419
868315579.111228,3.7022410000000003
868315583.127341,3.9335000000000004
868315587.040479,3.830451
868315591.13291,4.008761
868315595.3314929,4.114833
868315599.320904,3.915524
868315603.415886,4.012196
868315607.5459781,4.055081
868315611.7466861,4.118105000000001
868315615.495942,3.66696
868315619.732919,4.153126
868315623.7665681,3.9504099999999998
868315628.144388,4.293764
868315632.221082,3.961857
868315636.0935299,3.788096
868315640.210754,4.021590000000001
868315644.117326,3.831405
868315648.174494,3.9729259999999997
868315651.83102,3.571993
868315656.165659,4.256467
868315660.31937,4.070837
868315664.7573221,4.364502
868315668.854845,4.022084
868315672.5354619,3.605722
868315676.336954,3.717452
868315680.9939901,4.5728089999999995
868315685.775841,4.698351
868315690.5374701,4.678866999999999
868315695.6680391,5.046734
868315699.996984,4.246128
868315704.0542331,3.938508
868315708.4326789,4.2939
868315712.596331,4.080197
868315716.414944,3.733861
868315720.686121,4.1880679999999995
868315725.0496529,4.2803629999999995
868315729.4286001,4.284873
868315733.818709,4.29449
868315738.198149,4.287058
868315742.475168,4.174121
868315746.3595049,3.800401
868315750.2749231,3.829519
868315754.507595,4.148014
868315758.467943,3.87702
868315762.9295679,4.37802
868315766.828488,3.815827
868315770.831676,3.919352
868315775.065696,4.1506609999999995
868315778.766219,3.590803
868315782.769252,3.920486
868315786.6009101,3.748119
868315790.582733,3.89901
868315794.4006541,3.734531
868315798.490183,4.006710999999999
868315802.649279,4.074664
868315808.051344,5.318897000000001
868315813.375533,5.2389410000000005
868315818.594421,5.135148
868315823.9178089,5.240068
868315829.138316,5.137428
868315834.2476851,5.026035
868315839.347457,5.017164
868315843.808015,4.376944
868315848.143185,4.251335
868315852.4892169,4.261951
868315856.292158,3.719181
868315860.182623,3.807116
868315864.615551,4.347719
868315868.6437781,3.9449530000000004
868315872.3517181,3.623604
868315876.519228,4.084741999999999
868315880.836552,4.232132
868315884.54572,3.626485
868315888.561958,3.9330499999999997
868315892.6614349,4.016628000000001
868315896.71476,3.9699820000000003
868315901.0871379,4.298701
868315905.157202,3.9774900000000004
868315909.34127,4.109255
868315913.368237,3.9433330000000004
868315917.30057,3.8479069999999997
868315921.624651,4.240566
868315926.193109,4.4851
868315931.1711669,4.893968
868315935.32,4.065011999999999
868315939.734159,4.330986
868315944.117963,4.30067
868315948.4930719,4.291915
868315952.809244,4.232863
868315956.9902309,4.096956
868315961.0160761,3.942877
868315965.092003,3.993069
868315969.542206,4.367676
868315973.929043,4.302560000000001
868315978.216959,4.204867
868315982.193259,3.893697
868315986.028215,3.752454
868315990.4438779,4.331777
868315994.79672,4.269493
868315998.998355,4.119985
868316003.3632749,4.281941
868316007.78418,4.337471
868316011.826895,3.9592400000000003
868316016.117282,4.213808
868316019.928432,3.725275
868316024.132703,4.099567
868316028.185691,3.968938
868316032.473723,4.205259
868316036.43135,3.874794
868316040.232832,3.718054
868316044.28064,3.9641549999999994
868316048.296671,3.941301
868316052.277989,3.897823
868316057.521143,5.148556999999999
868316062.512939,4.908452
868316067.0642979,4.467975
868316071.586724,4.439799000000001
868316075.605233,3.93542
868316079.881472,4.198668
868316083.9800111,4.0159970000000005
868316088.4512689,4.357373
868316092.7383031,4.203014
868316096.830307,4.00863
868316101.276412,4.363657
868316105.079949,3.720123
868316108.967633,3.804897
868316113.256381,4.205294
868316117.6608729,4.321658
868316122.016773,4.267955000000001
868316126.7131691,4.6129880000000005
868316130.83168,4.034535
868316134.944489,4.028833
868316139.194762,4.167601
868316143.5823001,4.304189
868316147.603479,3.938548
868316151.356985,3.675569
868316155.410505,3.9781800000000005
868316159.82707,4.333818
868316164.210865,4.300601
868316168.4185771,4.123446
868316172.8748009,4.388965
868316176.7857499,3.828526
868316181.602532,4.733874
868316186.094743,4.4093539999999996
868316190.269019,4.090179999999999
868316194.6733769,4.320793
868316198.999818,4.242967
868316203.4171549,4.31341
868316207.7133499,4.2137579999999994
868316212.113657,4.315195
868316216.09547,3.898228
868316220.382664,4.202402
868316224.188642,3.72322
868316228.294419,4.023134000000001
868316232.429659,4.051595
868316236.4849579,3.9722109999999997
868316240.815172,4.245426
868316245.4439471,4.544729
868316249.525818,3.9981310000000003
868316253.476678,3.866675
868316257.893425,4.334214
868316261.7838,3.807086
868316266.023353,4.156545
868316269.842773,3.7354749999999997
868316273.743977,3.818046
868316278.0139589,4.186377
868316282.097513,4.008075
868316286.2118701,4.038965999999999
868316290.664547,4.378162
868316295.0122521,4.264531
868316299.487544,4.389804
868316304.4423989,4.8720669999999995
868316308.901247,4.376155
868316312.99035,4.005724
868316317.165043,4.0912429999999995
868316321.707862,4.459615
868316325.803951,4.013587
868316330.077674,4.190439
868316334.392822,4.231409
868316338.376084,3.8996220000000004
868316342.89351,4.4334999999999996
868316347.042878,4.076623
868316351.4118719,4.285791
868316355.82292,4.327283
868316359.971275,4.064856000000001
868316364.16627,4.081029
868316368.0938909,3.844774
868316372.492129,4.314313
868316376.767425,4.192247
868316381.1119679,4.261124
868316385.510342,4.3172239999999995
868316389.616263,4.022777
868316394.088459,4.388731
868316398.30409,4.132719
868316402.199914,3.8130249999999997
868316406.4191151,4.135977
868316410.3994291,3.89683
868316414.418433,3.936221
868316418.79945,4.2976730000000005
868316423.142074,4.2603670000000005
868316427.264349,4.039186
868316432.475906,5.128013
868316437.166524,4.607425
868316442.103968,4.853954
868316446.569713,4.35622
868316450.951878,4.299388
868316455.4002019,4.364122
868316459.781595,4.298285
868316463.784277,3.9196580000000005
868316467.7396989,3.872554
868316471.943939,4.121318
868316476.111901,4.056743
868316480.272234,4.074974999999999
868316484.4737539,4.11803
868316488.67975,4.123243
868316492.905866,4.143178
868316496.9555069,3.9663880000000002
868316500.85805,3.819419
868316505.177871,4.23568
868316509.34724,4.083418999999999
868316513.1028401,3.6678140000000004
868316517.332564,4.163036999999999
868316521.733363,4.333775
868316525.8562059,4.055479
868316529.803549,3.863493
868316534.070432,4.183423
868316538.0478389,3.893341
868316542.385,4.253576
868316546.748722,4.280171999999999
868316550.96447,4.133190999999999
868316555.927878,4.879072
868316560.5326121,4.484534
868316564.9491471,4.3334660000000005
868316569.254418,4.222043
868316573.7475871,4.410406
868316578.0535,4.222975
868316582.531132,4.394394
868316586.898437,4.283861
868316591.279901,4.297739
868316595.3897569,4.026241
868316599.4830151,4.010309
868316603.85198,4.2850850000000005
868316607.542439,3.602865
868316611.6068939,3.987271
868316615.570912,3.8794340000000003
868316619.3823141,3.742369
868316623.718627,4.261996
868316627.58937,3.795146
868316631.911054,4.2366269999999995
868316635.561009,3.566545
868316638.9383091,3.291145
868316642.437065,3.420256
868316646.04311,3.545108
868316650.0063801,3.893552
868316653.9774619,3.887612
868316658.0374429,3.9575670000000005
868316662.243904,4.122911
868316666.198673,3.871376
868316670.390947,4.108709
868316674.2556269,3.781407
868316678.635853,4.297162
868316687.8523359,9.142617000000001
868316696.539748,8.603417
868316703.3688769,6.745684
868316707.428661,3.9764049999999997
868316711.905306,4.393362
868316716.164339,4.175233
868316720.1894591,3.9411689999999995
868316724.37861,4.1058769999999996
868316728.371779,3.909935
868316732.350394,3.8947309999999997
868316736.4880251,4.054752
868316740.756661,4.185563
868316744.692757,3.853393
868316748.822991,4.047140000000001
868316753.010443,4.1029100000000005
868316757.198511,4.1047590000000005
868316761.1801031,3.898124
868316765.503111,4.240401
868316769.807415,4.221731
868316773.560049,3.670143
868316777.7901751,4.147037
868316781.6983321,3.824913
868316785.912676,4.1307089999999995
868316790.125758,4.129893
868316794.6185709,4.409143
868316798.4152069,3.71239
868316802.3646201,3.865377
868316807.536139,5.088641
868316812.151693,4.532485
868316816.2874941,4.065031
868316820.454909,4.083811
868316824.429896,3.891482
868316828.192233,3.678426
868316832.393106,4.11796
868316836.48482,4.008636
868316840.69538,4.125938
868316844.523515,3.7443
868316848.379841,3.771944
868316852.18823,3.726243
868316855.8947121,3.6202840000000003
868316859.817161,3.852058
868316863.353422,3.4594270000000003
868316867.409613,3.980535
868316871.313414,3.820773
868316874.970235,3.573637
868316878.622304,3.568084
868316882.792206,4.086746
868316886.620832,3.753406
868316890.6346099,3.918125
868316894.6989651,3.989834
868316898.542637,3.75914
868316902.230495,3.604123
868316906.280251,3.966147
868316910.4838599,4.119719
868316914.8138789,4.245853
868316918.5732039,3.675801
868316922.851101,4.195881
868316926.834372,3.900444
868316932.062844,5.145112
868316937.0841919,4.935994
868316941.742977,4.575591
868316946.685477,4.859647
868316950.401165,3.631613
868316954.343747,3.8599189999999997
868316958.354542,3.928097
868316962.312269,3.8736859999999997
868316966.61122,4.214975
868316970.3797871,3.685543
868316974.052996,3.589239
868316978.218101,4.08146
868316982.174339,3.872985
868316986.2410699,3.983186
868316990.52442,4.197992
868316994.133585,3.526814
868316997.957631,3.741523
868317002.146286,4.1038630000000005
868317006.314412,4.084918
868317010.017305,3.620427
868317014.063735,3.963878
868317018.190089,4.058171
868317022.3722689,4.114478
868317026.485528,4.045717
868317030.452503,3.89957
868317034.58995,4.069539
868317038.443485,3.769709
868317042.3565681,3.8292479999999998
868317046.335619,3.894494
868317050.309128,3.890149
868317054.806079,4.401963
868317059.7601601,4.879683999999999
868317063.264418,3.429395
868317066.6932731,3.352267
868317070.82283,4.0459320000000005
868317074.6050451,3.69819
868317078.369747,3.672845
868317082.568369,4.123507
868317086.772359,4.1210580000000006
868317090.696473,3.8397069999999998
868317094.399907,3.619178
868317098.11524,3.604885
868317102.1396459,3.941694
868317106.0080451,3.7840019999999996
868317110.291846,4.181342
868317114.172469,3.797179
868317118.1859809,3.9303990000000004
868317122.457147,4.188072999999999
868317126.69674,4.149298
868317130.913556,4.133592
868317134.610185,3.613661
868317138.446379,3.753366
868317142.551488,4.022296
868317146.580377,3.94611
868317150.4501829,3.795071
868317154.41926,3.8865250000000002
868317158.429811,3.934771
868317162.425627,3.912306
868317166.70641,4.197249
868317170.908928,4.118311
868317175.189883,4.197235
868317179.7505989,4.476936
868317184.525243,4.691475
868317189.5221249,4.914315
868317194.346209,4.739873
868317198.537705,4.107887
868317202.81017,4.189177
868317207.070366,4.176716
868317211.416337,4.262702
868317215.642279,4.142918
868317219.8304119,4.104568
868317223.896627,3.9917319999999994
868317227.824914,3.845716
868317232.0898169,4.181017000000001
868317236.532985,4.358982
868317240.751037,4.134447000000001
868317244.737406,3.9034109999999997
868317248.8571349,4.036961000000001
868317252.793267,3.852788
868317256.920694,4.0440830000000005
868317261.175051,4.168116
868317265.149086,3.890936
868317268.958006,3.72528
868317273.308658,4.267123000000001
868317277.526851,4.134328
868317281.5401031,3.929737
868317285.745497,4.122431000000001
868317290.156579,4.327898
868317294.5239251,4.284052
868317298.7619951,4.154345
868317302.9142491,4.069462000000001
868317308.20501,5.207622000000001
868317313.151315,4.8622179999999995
868317317.6862861,4.451286
868317322.1989349,4.427045
868317326.442507,4.160944
868317330.261256,3.735109
868317334.504879,4.160269
868317338.87445,4.2856309999999995
868317343.0429579,4.085891
868317347.410433,4.2847420000000005
868317351.893032,4.399259
868317356.188882,4.211724
868317360.346258,4.072899
868317364.7351639,4.305712
868317368.638744,3.820081
868317372.516676,3.7938210000000003
868317376.4990749,3.898755
868317380.326759,3.743297
868317384.483605,4.0741309999999995
868317388.80674,4.247891999999999
868317392.980976,4.099345
868317397.0997709,4.044359
868317401.3315201,4.148245
868317405.771174,4.355609
868317410.3263971,4.4720640000000005
868317414.651214,4.241268000000001
868317418.939351,4.2054290000000005
868317422.853647,3.830636
868317426.455755,3.5163680000000004
868317431.119191,4.580357
868317434.9175761,3.7150070000000004
868317439.125531,4.124801
868317442.9796561,3.7711419999999998
868317447.10644,4.0434779999999995
868317451.126019,3.944385
868317454.8654339,3.665306
868317458.5670819,3.627001
868317462.472567,3.8218509999999997
868317465.792153,3.236492
868317469.014161,3.1387799999999997
868317473.037766,3.9395339999999996
868317476.734997,3.6095849999999996
868317480.333281,3.5150699999999997
868317483.869326,3.451774
868317487.96441,4.009353
868317491.9911641,3.9322100000000004
868317495.532453,3.438868
868317499.5129471,3.902503
868317503.0245551,3.434965
868317506.514264,3.4147819999999998
868317510.1021531,3.525759
868317514.124984,3.9406149999999998
868317518.262381,4.075223
868317522.1213679,3.7701599999999997
868317526.082438,3.8653440000000003
868317529.6109359,3.4375400000000003
868317533.5469761,3.861643
868317537.615787,3.9852469999999998
868317541.282501,3.5835049999999997
868317545.149577,3.779251
868317548.589718,3.3571069999999996
868317552.181668,3.490323
868317557.03256,4.767195999999999
868317561.4982079,4.397998
868317565.294753,3.7284509999999997
868317569.1499189,3.786125
868317572.419328,3.1861699999999997
868317575.7022179,3.199049
868317579.1972151,3.4044689999999997
868317582.674373,3.4085500000000004
868317586.024301,3.2750660000000003
868317589.438056,3.322416
868317592.648683,3.1280010000000003
868317596.2543501,3.53111
868317600.262324,3.922462
868317603.859777,3.520647
868317607.445212,3.507432
868317611.115485,3.601982
868317614.777482,3.5876889999999997
868317618.235099,3.374393
868317621.677917,3.359084
868317624.999292,3.238552
868317628.290612,3.216891
868317631.9089941,3.535003
868317635.076129,3.089988
868317638.8047379,3.667055
868317642.649466,3.782092
868317646.621218,3.8930890000000002
868317650.12859,3.4329899999999998
868317653.871838,3.6686259999999997
868317657.157638,3.2111520000000002
868317660.8301361,3.588828
868317664.727838,3.813155
868317668.217515,3.404689
868317671.917661,3.616551
868317675.5769839,3.580584
868317679.5268021,3.872964
868317683.323839,3.729016
868317686.908355,3.5021980000000004
868317690.2955459,3.312644
868317693.673973,3.2953140000000003
868317697.193384,3.4361420000000003
868317700.438769,3.161771
868317703.953482,3.44105
868317707.70203,3.632445
868317711.103493,3.325822
868317714.640746,3.476512
868317718.017365,3.311493
868317720.279848,2.212891
868317722.485163,2.103364
868317724.431853,1.8997
868317727.612792,3.126736
868317730.707983,3.0509370000000002
868317732.999319,2.244833
868317735.598153,2.5319740000000004
868317738.487979,2.795025
868317741.889909,3.334642
868317744.938466,2.981601
868317748.2140009,3.2185289999999998
868317751.5012399,3.229489
868317754.6515391,3.096246
868317757.861709,3.128027
868317760.985765,3.050218
868317764.164324,3.086846
868317767.3309929,3.092601
868317770.180599,2.779824
868317772.2337129,1.9794779999999998
868317775.302907,3.010478
868317778.699224,3.335784
868317781.446467,2.674073
868317784.451754,2.938066
868317787.599146,3.080428
868317790.571963,2.909979
868317793.679953,3.045665
868317796.847864,3.100943
868317800.086563,3.171238
868317803.021289,2.867526
868317806.481265,3.397129
868317809.737813,3.182343
868317812.827967,3.01639
868317816.351667,3.4492350000000003
868317819.607959,3.182212
868317823.061175,3.383109
868317825.8890381,2.76535
868317828.8208511,2.8571310000000003
868317832.1651491,3.261384
868317835.407445,3.1702079999999997
868317838.431637,2.946266
868317842.085797,3.571403
868317844.911473,2.77108
868317847.935299,2.962253
868317851.3028309,3.317791
868317854.427104,3.067812
868317857.287351,2.786932
868317859.506912,2.161614
868317862.53006,2.968966
868317865.430379,2.844144
868317868.45227,2.9654070000000003
868317871.603467,3.078483
868317874.841105,3.175517
868317877.7993,2.89015
868317881.2660509,3.413929
868317884.350444,3.0113879999999997
868317887.362323,2.939941
868317890.599918,3.161026
868317893.473876,2.792453
868317896.759272,3.2032950000000002
868317899.890349,3.049036
868317903.1353811,3.147024
868317906.653791,3.4365340000000004
868317909.878879,3.157335
868317913.250401,3.3047419999999996
868317916.8906039,3.566215
868317920.4193779,3.455003
868317923.859553,3.364179
868317927.101529,3.1624000000000003
868317931.123245,3.9375850000000003
868317934.6826841,3.476355
868317938.190112,3.42456
868317941.8521999,3.579416
868317945.457814,3.522551
868317949.0766001,3.542796
868317952.781334,3.621378
868317956.5302601,3.675078
868317959.773731,3.168393
868317963.1261959,3.274835
868317966.982238,3.787378
868317970.3870981,3.321395
868317973.751333,3.280836
868317977.334485,3.5001450000000003
868317980.581424,3.171713
868317984.58645,3.909693
868317987.777622,3.116584
868317991.260764,3.405396
868317995.110855,3.774229
868317999.243313,4.047365
868318002.9577689,3.6310819999999997
868318006.5980021,3.5578160000000003
868318010.334318,3.6530820000000004
868318013.860711,3.4427630000000002
868318017.598876,3.6543550000000002
868318021.1723729,3.48876
868318024.542912,3.28741
868318028.48149,3.855439
868318032.384774,3.81982
868318035.716869,3.248295
868318039.116125,3.320969
868318042.5900509,3.398013
868318045.928465,3.2648680000000003
868318049.085277,3.073759
868318052.4057701,3.2275289999999996
868318057.2383131,4.743790000000001
868318061.796532,4.474301
868318066.311564,4.447165
868318070.836827,4.442204
868318075.607051,4.687145
868318080.301704,4.612056
868318084.731796,4.347238
868318088.079317,3.264648
868318091.337756,3.174884
868318094.649999,3.233595
868318098.095207,3.36037
868318101.776721,3.597649
868318105.221439,3.361367
868318108.421371,3.125242
868318112.328133,3.832494
868318115.584957,3.180914
868318119.129327,3.4673
868318122.358888,3.146026
868318125.923164,3.4805309999999996
868318129.6730419,3.306711
868318133.193324,3.436303
868318136.377786,3.1012980000000003
868318139.792954,3.32993
868318143.6267321,3.750815
868318147.125065,3.418168
868318150.5488181,3.3559710000000003
868318154.277116,3.653517
868318157.9727459,3.621419
868318161.410628,3.354016
868318165.095444,3.599999
868318168.672309,3.4934060000000002
868318172.670692,3.905599
868318176.2166181,3.471019
868318180.122085,3.8308809999999998
868318183.445051,3.2495480000000003
868318187.155969,3.641193
868318191.066205,3.8254650000000003
868318194.837869,3.688439
868318198.578179,3.657549
868318202.381511,3.7193270000000003
868318206.084741,3.619935
868318209.670035,3.501679
868318213.176421,3.422275
868318217.012499,3.7415410000000002
868318220.2692341,3.1733
868318223.564312,3.20696
868318226.736189,3.094652
868318276.295977,49.483740999999995
868318282.394032,6.0143260000000005
868318287.948788,5.471391
868318291.24087,3.1791490000000002
868318294.4513611,3.106594
868318297.833206,3.29771
868318301.571553,3.655218
868318306.2941401,4.64008
868318310.9583081,4.5816
868318314.3196,3.278078
868318317.705516,3.302762
868318321.140105,3.350865
868318324.4864819,3.272335
868318327.473179,2.9024609999999997
868318330.4673201,2.933821
868318333.769937,3.228069
868318337.058244,3.2039310000000003
868318340.286903,3.140744
868318344.059839,3.669686
868318347.480388,3.335492
868318350.834207,3.2838469999999997
868318354.089052,3.1795069999999996
868318357.7948489,3.631335
868318361.390554,3.520763
868318364.707133,3.232933
868318368.235896,3.45249
868318371.53298,3.212712
868318375.223479,3.612738
868318378.567256,3.2590850000000002
868318382.112862,3.463149
868318385.456882,3.281332
868318388.838386,3.319826
868318392.583392,3.683519
868318396.376939,3.7310809999999996
868318400.193986,3.742155
868318403.447219,3.168439
868318407.0787159,3.561747
868318410.812718,3.659766
868318414.628897,3.740539
868318418.449419,3.720409
868318421.805465,3.272816
868318425.1752529,3.286218
868318428.8067349,3.548353
868318432.889774,4.000051
868318436.8502511,3.877248
868318440.757862,3.8241859999999996
868318444.082384,3.241559
868318447.562609,3.3960790000000003
868318451.139229,3.499143
868318454.6744059,3.4726079999999997
868318458.16095,3.403982
868318461.55722,3.3126100000000003
868318464.965045,3.324021
868318468.168075,3.119119
868318471.577941,3.326822
868318475.0581319,3.402178
868318478.5234159,3.3965929999999998
868318482.0691301,3.4620699999999998
868318485.531304,3.387969
868318489.010694,3.404032
868318492.3119421,3.2186
868318496.084422,3.689122
868318499.4959869,3.328045
868318502.96034,3.386296
868318506.4975281,3.459657
868318510.630983,4.049244
868318513.8606501,3.145711
868318517.631722,3.6937659999999997
868318520.81611,3.101552
868318524.1820899,3.3040909999999997
868318527.5779871,3.334198
868318531.1921641,3.544298
868318534.883111,3.622933
868318538.405695,3.447847
868318541.6688099,3.1797
868318545.08252,3.328983
868318548.707951,3.541156
868318552.062266,3.279112
868318556.486127,4.347358
868318560.868963,4.293498
868318564.9131019,3.9615709999999997
868318568.616506,3.621067
868318571.8905909,3.190886
868318575.4234129,3.455842
868318579.180317,3.6735309999999997
868318582.458582,3.195071
868318586.103927,3.5617
868318589.851761,3.6648840000000003
868318593.2469,3.3286000000000002
868318596.966913,3.652347
868318600.733346,3.699612
868318604.696605,3.881023
868318608.5654451,3.785662
868318611.986512,3.336785
868318615.253235,3.158887
868318618.754428,3.425092
868318622.183836,3.3466139999999998
868318625.6677481,3.4158209999999998
868318629.8008881,4.050047
868318633.210053,3.326938
868318636.513566,3.218931
868318639.853379,3.254941
868318643.174152,3.242391
868318646.406572,3.142966
868318649.903352,3.4345719999999997
868318653.273572,3.308498
868318656.740978,3.383237
868318660.486927,3.671845
868318663.834988,3.272503
868318667.243887,3.33006
868318670.677508,3.3518250000000003
868318674.1070039,3.346278
868318677.350302,3.159466
868318682.054413,4.6366510000000005
868318686.1217849,4.000168
868318689.391956,3.186301
868318692.692793,3.2184399999999997
868318695.965559,3.189311
868318699.8239889,3.747626
868318703.098049,3.211835
868318706.762398,3.596875
868318709.81214,2.9604969999999997
868318713.197344,3.301859
868318716.778574,3.4975750000000003
868318719.9892,3.127162
868318723.36397,3.2602019999999996
868318726.526124,3.064612
868318729.937208,3.327333
868318733.423967,3.403038
868318736.55475,3.063687
868318740.0991141,3.485373
868318743.662685,3.480141
868318747.556044,3.823393
868318750.784683,3.1543579999999998
868318754.73841,3.886447
868318758.1498849,3.328787
868318761.935727,3.702648
868318765.896862,3.878056
868318769.630634,3.649921
868318773.182552,3.477328
868318776.357874,3.100753
868318779.477223,3.0448
868318782.8301511,3.275527
868318786.44756,3.534431
868318789.8499049,3.319446
868318793.506214,3.588742
868318796.9701811,3.379179
868318800.407781,3.347877
868318804.5390071,4.047401
868318809.125433,4.502746
868318813.005249,3.797123
868318816.6983949,3.610343
868318819.916458,3.13459
868318823.185346,3.1915530000000003
868318826.468161,3.198949
868318829.796574,3.260968
868318833.1308831,3.265726
868318836.386309,3.187554
868318839.809371,3.339106
868318843.126155,3.239248
868318846.740241,3.509593
868318850.084032,3.261014
868318853.413726,3.261913
868318856.613665,3.1325659999999997
868318860.188056,3.4917920000000002
868318863.868222,3.6054120000000003
868318867.240123,3.302331
868318870.719304,3.411337
868318874.061913,3.2594849999999997
868318877.4430779,3.2977499999999997
868318880.863558,3.337764
868318884.204473,3.256561
868318887.663978,3.372548
868318890.861753,3.1347240000000003
868318894.204216,3.2812259999999998
868318897.440523,3.152968
868318901.1575301,3.634324
868318904.764444,3.5237879999999997
868318908.039177,3.20088
868318911.5236671,3.408164
868318915.2217871,3.628362
868318918.685081,3.388463
868318922.471005,3.711278
868318926.2344819,3.689472
868318930.9478561,4.638997
868318935.104311,4.0728800000000005
868318938.664883,3.477268
868318941.984558,3.236127
868318945.498576,3.424595
868318949.116181,3.5323070000000003
868318952.446028,3.243802
868318955.704545,3.181779
868318959.128791,3.337067
868318962.709397,3.510374
868318966.248014,3.460439
868318969.5138891,3.187688
868318972.767898,3.163247
868318976.113543,3.26936
868318979.477976,3.273676
868318983.205557,3.65384
868318986.504496,3.2166629999999996
868318989.963427,3.381463
868318994.130522,4.081871
868318998.202595,3.9862029999999997
868319001.845178,3.559389
868319005.498691,3.568224
868319008.979773,3.393012
868319012.241801,3.176426
868319015.620225,3.303482
868319019.100281,3.406365
868319022.5864921,3.4168689999999997
868319025.966251,3.301693
868319029.471887,3.431111
868319033.414389,3.863181
868319037.9815171,4.4922770000000005
868319041.574099,3.506531
868319045.329836,3.677569
868319049.381047,3.9651840000000003
868319052.0786121,2.6334560000000002
868319056.388623,4.240327000000001
868319061.254977,4.807030999999999
868319065.827551,4.4783740000000005
868319069.50369,3.58435
868319074.543467,4.9749859999999995
868319079.016758,4.394496
868319083.738577,4.643774
868319088.091409,4.288384
868319092.584232,4.442141
868319097.542043,4.907023
868319103.1350919,5.508484
868319108.276238,5.066155999999999
868319113.444713,5.094498000000001
868319118.329679,4.806979999999999
868319122.894855,4.48107
868319127.9815819,4.993996
868319132.464566,4.371735
868319137.657976,5.110766999999999
868319142.351677,4.611559000000001
868319147.032225,4.611146
868319150.50817,3.413863
868319154.703517,4.143313
868319158.6175439,3.8314880000000002
868319163.910637,5.201411
868319167.7610949,3.774814
868319172.283039,4.4599779999999996
868319175.612068,3.258284
868319180.746902,5.069649
868319185.5639881,4.729458
868319190.503851,4.8736120000000005
868319196.218754,5.649877999999999
868319200.896206,4.594394
868319205.856353,4.877638999999999
868319211.666692,5.739771
868319216.24217,4.506449
868319221.251866,4.926051
868319226.496124,5.154098
868319231.388843,4.809375
868319236.122924,4.649273
868319239.8873249,3.675354
868319244.1943101,4.236504
868319248.933509,4.636451
868319253.5944059,4.6013850000000005
868319258.631271,4.948129
868319263.615474,4.900092
868319268.92813,5.229649
868319274.180417,5.176069
868319278.63481,4.379452
868319283.563493,4.867256
868319288.636613,4.9978299999999996
868319293.407772,4.682442999999999
868319297.2235601,3.7415249999999998
868319301.525138,4.219342
868319306.363071,4.774655
868319310.342073,3.921211
868319315.3816,4.958393999999999
868319320.7028999,5.241702
868319324.637022,3.867161
868319328.8574649,4.129967
868319334.2857081,5.3429150000000005
868319338.301873,3.9339809999999997
868319343.151005,4.776652
868319348.445138,5.221291
868319353.4991261,4.985553
868319358.191463,4.612471
868319362.132159,3.881815
868319367.151765,4.943188
868319371.552178,4.320382
868319376.62213,4.9862459999999995
868319381.258502,4.553235
868319386.628965,5.285533
868319390.504788,3.814456
868319393.751497,3.184357
868319397.357061,3.5371970000000004
868319401.939363,4.507102
868319407.46456,5.453037
868319411.512143,3.976144
868319417.158382,5.56548
868319422.010798,4.7694160000000005
868319426.754681,4.673195
868319432.129955,5.307171
868319436.593293,4.394112000000001
868319440.238662,3.5567070000000003
868319444.572435,4.27019
868319448.906341,4.269368
868319453.8490931,4.8844769999999995
868319458.8731409,4.955112000000001
868319463.871622,4.917324
868319468.31035,4.380277
868319471.9994581,3.6089450000000003
868319477.431825,5.330767
868319482.233311,4.726807
868319487.801066,5.489028
868319493.0882181,5.198942
868319498.104556,4.949647
868319502.963933,4.776809
868319507.610594,4.5648349999999995
868319512.894544,5.175183
868319518.3375801,5.359576
868319523.803931,5.396272
868319529.063993,5.189258000000001
868319534.091929,4.959909000000001
868319539.1947091,5.0199110000000005
868319543.253338,3.990878
868319548.883035,5.562242
868319553.967426,5.0025
868319558.326667,4.295076999999999
868319562.654937,4.263704
868319567.4938439,4.770024
868319572.343749,4.782582
868319577.367704,4.956827
868319582.114308,4.677917
868319587.29658,5.10326
868319592.536764,5.157772
868319597.4254661,4.820673
868319602.6340549,5.123949
868319607.490444,4.782477
868319612.317253,4.752720999999999
868319617.299078,4.906727
868319622.479046,5.1055340000000005
868319627.876276,5.323182
868319633.1584871,5.195835000000001
868319638.869392,5.613652999999999
868319643.836325,4.875012
868319649.44024,5.532545
868319654.706353,5.194514
868319659.6297741,4.836204
868319664.4635761,4.745466
868319669.8219451,5.270484
868319675.55406,5.644083999999999
868319680.201657,4.587583
868319684.829286,4.538895
868319689.854693,4.946841
868319694.9011,4.952276
868319700.873318,5.904442
868319706.8594639,5.903293000000001
868319710.757081,3.814418
868319714.159619,3.3725
868319718.8306739,4.643078
868319723.273363,4.41191
868319728.7845631,5.4475050000000005
868319733.977869,5.145145
868319737.8471761,3.8074879999999998
868319743.022504,5.119264
868319747.21342,4.11712
868319752.287727,5.00034
868319758.302225,5.913397
868319764.271066,5.885009
868319769.573287,5.240314000000001
868319775.325742,5.688344
868319781.1264501,5.7265559999999995
868319786.6142551,5.4128099999999995
868319792.617249,5.923296
868319797.978759,5.289880999999999
868319804.150391,6.086927
868319809.409305,5.193268
868319815.3043929,5.818638
868319819.9489689,4.580437
868319824.9726629,4.89336
868319830.410757,5.361657
868319835.163249,4.689032
868319840.1456981,4.924728
868319846.141306,5.907403
868319851.772299,5.567039
868319856.676012,4.840007
868319861.718303,4.984367
868319866.71296,4.915261
868319872.098853,5.327661
868319877.339165,5.169148
868319881.476124,4.0732859999999995
868319886.084776,4.545198
868319890.331738,4.192394999999999
868319895.673507,5.273783
868319899.8657149,4.124732
868319904.9442071,5.014714
868319909.700634,4.693009
868319914.545422,4.781029
868319919.9838669,5.374813
868319925.541679,5.45599
868319929.693403,4.088106
868319933.819512,4.022613000000001
868319938.896485,4.9870540000000005
868319944.540104,5.552862
868319950.204766,5.5817380000000005
868319955.595969,5.318827
868319961.2160491,5.552517
868319966.69988,5.399895
868319972.961778,6.178287999999999
868319977.744315,4.700056
868319982.451863,4.622681
868319987.559716,5.0216
868319992.641914,5.009156
868319997.479193,4.770387
868320001.600487,4.054285
868320005.60571,3.9235019999999996
868320010.303214,4.614997
868320014.6532199,4.247699
868320020.236342,5.520532
868320024.232488,3.933418
868320029.082293,4.7882109999999996
868320032.567444,3.4119699999999997
868320037.5469849,4.884499
868320042.4258621,4.787746
868320047.27291,4.763232
868320051.998255,4.640863
868320057.277679,5.1648320000000005
868320062.44583,5.084194999999999
868320067.600355,5.07109
868320072.619103,4.935163999999999
868320077.0229479,4.32012
868320081.281075,4.174557
868320085.880395,4.515495
868320089.7116381,3.74865
868320093.713517,3.918996
868320097.633676,3.8335830000000004
868320101.6433029,3.926684
868320105.624475,3.898014
868320109.897702,4.188915
868320114.200442,4.218509
868320118.204467,3.92029
868320122.6929201,4.405455
868320126.609707,3.833313
868320130.740105,4.045781
868320134.678968,3.8539109999999996
868320138.529958,3.767744
868320142.73204,4.134926
868320147.111976,4.311139000000001
868320151.3905619,4.210288
868320155.842726,4.369386
868320159.728569,3.802791
868320163.969722,4.140814
868320168.2710379,4.188879
868320172.066372,3.713047
868320176.5315851,4.379643
868320181.8162129,5.200692
868320186.8120819,4.913492000000001
868320191.351182,4.456588
868320195.730656,4.296286
868320199.690624,3.873997
868320204.1451169,4.371204
868320208.235528,4.007428
868320212.306323,3.9879019999999996
868320216.6483049,4.258703
868320220.9742041,4.243036
868320225.194327,4.136998999999999
868320229.2375231,3.9597770000000003
868320233.510795,4.1886090000000005
868320237.8286649,4.234540999999999
868320241.6851209,3.772189
868320245.661471,3.893668
868320249.878622,4.134297999999999
868320254.077991,4.115695
868320258.099242,3.9373799999999997
868320262.5072271,4.295634000000001
868320266.6399759,4.049751
868320270.583164,3.860541
868320274.570766,3.903822
868320278.547447,3.891949
868320282.5781139,3.9468209999999995
868320286.401386,3.739777
868320290.4307171,3.9547740000000005
868320294.4505831,3.9454
868320298.266715,3.741737
868320302.5132091,4.162695
868320307.241595,4.645913
868320311.074907,3.749441
868320315.025738,3.868269
868320319.4000499,4.290020999999999
868320323.6975781,4.213948
868320327.761918,3.981282
868320331.592154,3.747388
868320335.547715,3.871766
868320339.5255389,3.8954269999999998
868320343.90391,4.295814
868320348.235628,4.248229
868320352.7019141,4.381689000000001
868320356.505051,3.719502
868320360.747706,4.158089
868320364.652199,3.822621
868320368.641284,3.907651
868320372.424274,3.7116290000000003
868320376.624606,4.116973000000001
868320380.361573,3.65002
868320384.6082029,4.163196
868320396.123089,11.45328
868320398.459059,2.285783
868320400.479705,1.9744430000000002
868320403.8842859,3.361669
868320406.52687,2.60232
868320409.811975,3.237597
868320413.283443,3.424212
868320416.829817,3.4990550000000002
868320420.1127111,3.221616
868320424.32408,4.148817
868320428.0675571,3.685148
868320432.220002,4.089184
868320436.1583201,3.865011
868320440.2265179,3.9948370000000004
868320444.196604,3.8887460000000003
868320448.078088,3.800701
868320452.20329,4.043337
868320456.194103,3.908893
868320460.0428469,3.7669930000000003
868320463.8048021,3.679715
868320467.5710679,3.704398
868320470.554619,2.9179739999999996
868320473.8458711,3.230638
868320477.244596,3.309347
868320480.822734,3.489276
868320484.601825,3.69097
868320488.5287601,3.841557
868320492.613129,4.011019
868320497.0076859,4.322767
868320500.681763,3.581316
868320504.514653,3.739783
868320508.38002,3.78285
868320512.749481,4.298795999999999
868320517.108522,4.2764489999999995
868320521.258642,4.068399
868320525.546558,4.2042
868320530.142862,4.5143580000000005
868320534.040113,3.813396
868320538.2324361,4.109416
868320541.957592,3.642648
868320546.242004,4.20166
868320550.1273019,3.802079
868320554.435849,4.2263209999999996
868320558.385574,3.875234
868320562.3238001,3.854507
868320566.204588,3.796843
868320569.913596,3.621714
868320573.89679,3.9009
868320577.652949,3.681249
868320581.716262,3.988808
868320585.825286,4.033745
868320590.072562,4.1572759999999995
868320594.025343,3.878435
868320598.2577239,4.149222
868320602.188273,3.826586
868320606.3052349,4.033949
868320610.329046,3.9411180000000003
868320614.4182609,4.0062500000000005
868320618.786548,4.299872
868320623.335877,4.474286
868320627.630548,4.220272
868320632.5777999,4.863732
868320636.7860941,4.122946
868320640.445316,3.576059
868320644.183798,3.655177
868320648.580101,4.313319000000001
868320652.2420421,3.5779259999999997
868320656.4278289,4.111675
868320660.477757,3.975976
868320664.797178,4.243455
868320668.929671,4.048673
868320672.480857,3.469209
868320676.545943,3.9819520000000006
868320681.217438,4.588045
868320685.7100949,4.408346
868320689.7421601,3.949553
868320694.0415671,4.216168000000001
868320698.017166,3.891493
868320701.731606,3.630275
868320705.9940029,4.180902000000001
868320709.742803,3.664835
868320713.847296,4.021244
868320717.807099,3.87623
868320721.7336221,3.8517360000000003
868320725.804131,3.9764609999999996
868320729.778849,3.899797
868320734.149963,4.282383
868320738.330815,4.097718
868320742.410109,3.9961759999999997
868320746.445442,3.9524800000000004
868320750.576898,4.048127
868320754.335391,3.674483
868320758.140928,3.722754
868320762.282218,4.057815000000001
868320765.972827,3.607706
868320769.901963,3.846624
868320774.284619,4.299202999999999
868320778.263979,3.896236
868320782.744521,4.405779
868320786.732935,3.898923
868320790.981939,4.174338
868320795.1243609,4.058893
868320799.4443109,4.235022
868320804.1373061,4.610352
868320809.052502,4.847594
868320813.342132,4.204816999999999
868320817.392895,3.967018
868320821.6230971,4.146076
868320825.742726,4.036089
868320829.936823,4.10933
868320833.637236,3.6171789999999997
868320837.4844861,3.763961
868320841.2527361,3.685488
868320845.157986,3.821711
868320849.177797,3.9363870000000003
868320853.2360129,3.9754430000000003
868320857.370345,4.051273999999999
868320861.342551,3.886617
868320865.176971,3.7516619999999996
868320869.0760809,3.815485
868320872.904688,3.744982
868320876.897696,3.909875
868320880.8261,3.84525
868320884.889704,3.98041
868320888.9124919,3.938792
868320893.155789,4.133316
868320897.214445,3.9757280000000006
868320900.740518,3.442952
868320905.156621,4.341755
868320908.9500871,3.70465
868320913.052605,4.030759
868320916.790725,3.654801
868320920.3900869,3.5165499999999996
868320924.110792,3.6375309999999996
868320927.790727,3.596616
868320932.220734,4.3519
868320936.389151,4.085278000000001
868320940.7371509,4.264987
868320945.521183,4.710239
868320949.591532,3.988037
868320953.753414,4.066775
868320957.757685,3.9221639999999995
868320962.091794,4.269765
868320966.718228,4.5527429999999995
868320970.7370011,3.9444809999999997
868320975.0221399,4.202341
868320979.340793,4.235252999999999
868320983.489434,4.066148
868320988.4685899,4.895776
868320992.482026,3.930869
868320996.815313,4.250434
868321001.470239,4.5725690000000005
868321005.516296,3.963299
868321009.849016,4.249597
868321014.1896089,4.257885
868321018.5434991,4.271177
868321022.860894,4.234265
868321027.077273,4.133662
868321030.748698,3.588853
868321035.952837,5.114141
868321041.2382519,5.183994
868321046.073991,4.761924
868321051.0540271,4.897323
868321056.445212,5.3238970000000005
868321062.3224319,5.809413
868321068.101851,5.684668
868321073.446543,5.261068
868321078.929362,5.39991
868321084.421031,5.408576
868321089.5551419,5.051498
868321093.44662,3.809111
868321097.563936,4.0342970000000005
868321103.191518,5.553574
868321108.239825,4.967973
868321113.563864,5.270504
868321119.0626091,5.432214999999999
868321123.3625381,4.232673
868321127.928366,4.4835020000000005
868321132.63814,4.594034000000001
868321136.656387,3.9306439999999996
868321142.915746,6.159104999999999
868321148.209475,5.219836
868321152.274423,3.9887509999999997
868321158.016592,5.667386
868321163.22971,5.118761999999999
868321167.8036679,4.487116
868321172.7835411,4.916037
868321178.531813,5.6848339999999995
868321183.6073229,4.980273
868321188.177812,4.5064850000000005
868321193.3581301,5.116244
868321198.5925759,5.170156
868321203.79896,5.141985
868321209.2656469,5.383858
868321214.613484,5.265153
868321219.8593241,5.17194
868321225.926273,5.992840999999999
868321231.3137779,5.31294
868321237.079895,5.672682
868321242.2780911,5.123768
868321247.777433,5.414569
868321253.086593,5.227672
868321258.641619,5.482437
868321264.13808,5.409308
868321269.830551,5.609712999999999
868321275.329813,5.416033
868321281.1185191,5.705743
868321286.309809,5.108657
868321290.13446,3.742225
868321295.535667,5.334212
868321299.7384809,4.111806
868321305.1188811,5.314992999999999
868321310.960891,5.777677
868321316.8928499,5.856455
868321322.261323,5.280347
868321328.143629,5.791311
868321333.530595,5.318851
868321338.7321459,5.133304
868321344.9636229,6.147416
868321350.628345,5.555382
868321356.155937,5.455852
868321362.177255,5.957382
868321367.492784,5.247974
868321372.587477,5.011294
868321377.162202,4.489957
868321383.16628,5.920839
868321388.418882,5.169263
868321392.840098,4.35856
868321396.753076,3.816167
868321402.2447671,5.419706
868321407.826208,5.494655
868321413.362887,5.432443999999999
868321419.157492,5.712703
868321424.958651,5.705586
868321429.625445,4.572589
868321435.1370051,5.4297249999999995
868321441.026711,5.806076
868321446.904865,5.7902960000000006
868321452.285034,5.2963439999999995
868321458.4407849,6.073225
868321463.7338281,5.218489
868321469.557551,5.750284
868321475.145613,5.512562
868321479.762394,4.548337
868321484.8227639,4.972841000000001
868321489.946127,5.0432999999999995
868321495.1281561,5.114964
868321499.814044,4.61251
868321504.2823421,4.404041
868321509.831169,5.466525
868321514.2096909,4.281651
868321519.789736,5.504409
868321525.571638,5.692794999999999
868321529.749601,4.128609999999999
868321535.274928,5.461949
868321540.8052471,5.467111999999999
868321546.234235,5.364999
868321551.731533,5.43394
868321556.392241,4.595431
868321561.6555289,5.188338
868321567.399034,5.652463
868321572.497984,5.034871
868321577.802657,5.246453
868321583.185493,5.319227000000001
868321588.951822,5.70671
868321593.591652,4.580883
868321597.5803909,3.9251110000000002
868321601.880756,4.231374000000001
868321607.188968,5.225765
868321612.902304,5.623717
868321618.716534,5.714157
868321624.210351,5.409179
868321628.756184,4.484107
868321633.3562659,4.518553
868321638.489302,5.050703
868321643.724856,5.161851
868321648.4251059,4.621201999999999
868321652.746059,4.238989
868321657.257181,4.458042
868321661.698611,4.366307
868321666.87125,5.090922
868321672.2312241,5.248717
868321678.442951,6.115893
868321683.6744239,5.149260999999999
868321689.489212,5.732358
868321695.188977,5.623532
868321700.435773,5.168343
868321705.8384199,5.315584
868321711.68045,5.762194
868321717.01798,5.254437
868321722.189549,5.087603
868321727.52191,5.246472000000001
868321732.6706771,5.074101
868321737.72162,4.958395
868321743.166055,5.349109
868321748.21533,4.974652000000001
868321753.188755,4.898611
868321757.341095,4.069637
868321761.1686801,3.745546
868321766.42303,5.184799
868321771.975562,5.486202
868321778.1030251,6.005126000000001
868321784.274439,6.097036999999999
868321789.674876,5.332085
868321795.49552,5.7463180000000005
868321800.510218,4.931856
868321805.9795951,5.385256
868321811.025696,4.951763
868321816.739378,5.6394519999999995
868321822.223812,5.4105419999999995
868321827.554366,5.271299999999999
868321833.3682691,5.754308
868321839.0021391,5.561877
868321844.9881641,5.902395
868321850.072966,5.001042
868321856.141216,5.986839
868321861.360603,5.144569
868321867.414747,5.990003
868321873.0323639,5.538673
868321878.482913,5.354914
868321884.173129,5.606827
868321890.1441121,5.887697
868321895.131379,4.912797
868321900.145215,4.938199
868321905.871806,5.654433
868321911.55205,5.6057
868321917.061777,5.433503999999999
868321922.9741551,5.8520509999999994
868321928.767597,5.711311
868321933.696805,4.846346
868321939.160419,5.379354
868321945.1626519,5.9277940000000005
868321950.579528,5.345118
868321956.637225,5.961353
868321962.700625,5.980798
868321969.1066589,6.322294
868321974.6727461,5.482553
868321980.992685,6.236359
868321987.707918,6.631719
868321993.3298651,5.538157
868321999.112823,5.7
868322005.167638,5.971411000000001
868322010.919966,5.669135
868322016.576071,5.581561
868322022.020792,5.349577
868322028.3759019,6.270894
868322034.23651,5.7735829999999995
868322040.5260409,6.225009
868322046.4076821,5.815907999999999
868322051.413968,4.931153
868322056.568933,5.073029
868322060.912633,4.260547
868322066.90989,5.912036
868322071.552873,4.575977999999999
868322077.2419959,5.6065819999999995
868322083.5222471,6.196972000000001
868322088.757544,5.166477
868322093.53065,4.708715
868322099.341181,5.746804
868322104.897005,5.462434
868322111.0532119,6.082697
868322116.700252,5.5646640000000005
868322121.418361,4.635175
868322127.248528,5.758155
868322133.2003009,5.856911
868322139.193951,5.909418
868322144.696666,5.43503
868322150.286213,5.494221
868322156.064659,5.682962
868322162.352929,6.2015
868322167.683664,5.238831
868322173.198652,5.450829
868322179.216737,5.9542459999999995
868322184.351697,5.071417
868322190.372242,5.9624939999999995
868322195.925965,5.490627
868322202.084407,6.0945219999999996
868322208.1002469,5.9086099999999995
868322214.44995,6.185112
868322221.052861,6.5400670000000005
868322227.2332139,6.096658
868322233.0778301,5.773045
868322238.966792,5.805452
868322245.399983,6.358241
868322250.778402,5.30403
868322256.623178,5.336668
868322262.8995701,6.193068
868322269.268241,6.284274
868322275.0215851,5.670426
868322280.45152,5.346155
868322285.407651,4.873514
868322291.222885,5.731323
868322297.091088,5.785895999999999
868322302.965862,5.825329
868322308.705528,5.65311
868322313.5959281,4.785539999999999
868322319.447044,5.768474
868322326.1058359,6.570501
868322331.17714,4.988633
868322337.084483,5.823557
868322342.910295,5.742989000000001
868322348.661323,5.668852
868322354.302049,5.576125
868322360.0838951,5.718122
868322365.49688,5.3396099999999995
868322371.93559,6.373708
868322378.088193,6.089220999999999
868322383.18153,5.029433
868322388.45876,5.2133910000000006
868322394.7939609,6.270731
868322399.743304,4.890695
868322405.601662,5.794585
868322411.640576,5.974804000000001
868322418.078354,6.373804000000001
868322422.8653821,4.723495000000001
868322428.652303,5.721805
868322433.767521,5.026922
868322438.3335589,4.463494
868322444.459707,6.034312
868322450.552657,6.023067
868322457.063913,6.442876999999999
868322463.1301349,6.010007000000001
868322469.6337409,6.419676
868322474.478258,4.759679
868322481.2399039,6.689328
868322487.754787,6.431583
868322494.287921,6.464409
868322500.7445871,6.369396999999999
868322506.931306,6.09735
868322512.849207,5.845518
868322518.917048,5.984782999999999
868322524.884184,5.895779999999999
868322530.834842,5.86781
868322537.41227,6.506387
868322543.394537,5.901922000000001
868322548.3046219,4.8353909999999996
868322554.36517,5.977845
868322560.432285,5.958431999999999
868322566.524031,6.0096799999999995
868322572.763135,6.156177
868322578.3536401,5.497068
868322584.215456,5.7701009999999995
868322589.312241,5.03261
868322595.001605,5.625125
868322600.840062,5.774468
868322606.8634651,5.95801
868322611.8353281,4.908185
868322617.954829,6.054405
868322623.55675,5.537501000000001
868322628.852342,5.2219
868322633.6193991,4.684604
868322639.843714,6.124688
868322645.1664981,5.240464
868322650.780355,5.546068
868322656.416349,5.581831
868322663.237113,6.7377959999999995
868322669.692099,6.366099
868322674.767511,5.009599
868322681.14451,6.293377
868322686.09501,4.8763440000000005
868322690.839229,4.661651
868322695.5674601,4.645503
868322700.103268,4.453246
868322704.738989,4.545614
868322709.672839,4.879443
868322714.026798,4.278982
868322718.27148,4.1831890000000005
868322721.494029,3.1596319999999998
868322724.718099,3.142055
868322728.988181,4.201142
868322732.362098,3.2917490000000003
868322736.9868081,4.5499
868322741.727949,4.666349
868322745.866786,4.05497
868322750.52416,4.6010670000000005
868322754.9190891,4.329905
868322759.320835,4.325653
868322763.716736,4.313352
868322768.329275,4.555038
868322772.961462,4.542873999999999
868322777.328144,4.27434
868322782.0728331,4.666118
868322786.428454,4.279653
868322790.201131,3.706
868322793.9912009,3.745923
868322798.0505551,3.961617
868322801.3563031,3.221542
868322805.967261,4.5302
868322810.826686,4.776343
868322816.059317,5.170898
868322819.544101,3.4319129999999998
868322823.933594,4.335038
868322827.3815249,3.390678
868322830.9511479,3.5101009999999997
868322835.598523,4.572349
868322839.094894,3.408865
868322843.90784,4.727773
868322848.334208,4.350378999999999
868322852.727103,4.318281
868322857.776105,4.974532
868322861.735082,3.8912959999999996
868322866.544067,4.740754
868322870.902632,4.290647
868322875.8516389,4.87562
868322880.355659,4.044517
868322885.30589,4.875602
868322890.29047,4.91628
868322895.008823,4.63577
868322899.9465339,4.869897
868322903.159284,3.118614
868322906.5336161,3.310664
868322911.594889,4.993475
868322915.920855,4.259118
868322920.731359,4.743443
868322925.2840691,4.485437
868322930.587138,5.229551
868322935.513341,4.851348
868322940.2408379,4.654126
868322944.925305,4.6160760000000005
868322950.109035,5.116657999999999
868322955.135519,4.959211
868322960.6361569,5.432448
868322965.82692,5.108866999999999
868322971.191669,5.28185
868322976.241189,4.966810000000001
868322981.49993,5.184696
868322986.63741,5.039984
868322990.04461,3.330707
868322996.0612661,5.9368739999999995
868323000.2788689,4.143758
868323003.967613,3.641128
868323008.7740359,4.70616
868323014.217972,5.356915
868323018.785465,4.500863
868323022.739954,3.886615
868323027.979177,5.165029
868323031.887469,3.8013280000000003
868323036.2918849,4.339881
868323040.365051,3.9827209999999997
868323044.437167,3.9898240000000005
868323048.161835,3.6660350000000004
868323052.223022,3.9939579999999997
868323057.118397,4.813123
868323061.5094479,4.320848000000001
868323067.3555319,5.763291000000001
868323071.22341,3.805748
868323075.464481,4.159737
868323079.8347061,4.3228800000000005
868323084.429466,4.538666
868323088.850279,4.369001
868323092.7400161,3.844249
868323096.741418,3.940648
868323099.9160731,3.037468
868323103.810015,3.840425
868323107.9506,4.083464
868323112.202944,4.158674
868323116.198965,3.9323040000000002
868323120.1693571,3.8994020000000003
868323125.015216,4.764390000000001
868323129.249347,4.152871
868323133.494423,4.163345
868323137.4008,3.82525
868323141.494007,4.020303999999999
868323145.6782249,4.1065499999999995
868323150.1464579,4.394979
868323154.4815229,4.2526530000000005
868323158.444962,3.8807479999999996
868323162.325774,3.805821
868323166.499442,4.1037729999999994
868323170.704965,4.134047
868323175.32543,4.537652
868323179.659286,4.259604
868323183.8023059,4.069231
868323187.970332,4.085654
868323192.34076,4.260172
868323196.759897,4.346312
868323201.3075571,4.464848000000001
868323205.41592,4.025599000000001
868323209.9408481,4.442200000000001
868323214.311336,4.288056
868323219.350471,4.955385
868323223.119619,3.6867710000000002
868323227.3667389,4.16524
868323231.8160659,4.365913
868323236.410831,4.512658
868323241.515329,5.021720999999999
868323245.367601,3.769789
868323249.498135,4.046067000000001
868323253.7698079,4.188985
868323257.980837,4.127959
868323262.509941,4.454501
868323267.460554,4.877575
868323271.4194549,3.88558
868323275.5629749,4.013091
868323280.0637469,4.418119
868323285.0414981,4.894398000000001
868323288.904796,3.7814569999999996
868323293.852433,4.866193
868323298.127349,4.191942
868323302.085787,3.87567
868323307.1061441,4.9371730000000005
868323311.649193,4.4608989999999995
868323316.2087071,4.477472
868323321.5144681,5.223128
868323325.547696,3.9499640000000005
868323330.1876161,4.558175
868323334.819267,4.549364000000001
868323339.751443,4.849373
868323344.456636,4.622545
868323349.024934,4.485755
868323353.61546,4.507617000000001
868323358.20141,4.503191999999999
868323362.34937,4.064646
868323366.947643,4.51528
868323372.319734,5.290279999999999
868323376.508529,4.105807
868323380.655486,4.063537
868323385.020256,4.281806
868323390.371508,5.269341000000001
868323394.4431,3.988609
868323399.081327,4.55586
868323403.669833,4.506379
868323408.7199291,4.96831
868323412.866144,4.063182
868323417.9910749,5.042518
868323422.238481,4.164132
868323427.398899,5.0779559999999995
868323432.408581,4.926944
868323436.9623799,4.480183
868323441.891329,4.8472539999999995
868323447.224835,5.250748000000001
868323451.898724,4.5913569999999995
868323456.629607,4.648521
868323461.7731849,5.060249
868323466.953143,5.096674
868323471.955302,4.919471
868323476.472773,4.402894
868323482.0063939,5.451204000000001
868323486.69372,4.604624
868323491.536593,4.756242
868323496.101384,4.482530000000001
868323501.423007,5.238369
868323505.8305321,4.324632
868323510.9345931,5.0218750000000005
868323516.33972,5.321477
868323520.915407,4.493485000000001
868323526.4009261,5.402982
868323531.11081,4.627021
868323535.649479,4.4558219999999995
868323541.195786,5.463769
868323546.121447,4.842592
868323550.5358269,4.3317879999999995
868323554.601856,3.9841779999999996
868323558.992341,4.308593999999999
868323564.16821,5.091267
868323569.66075,5.409096000000001
868323575.059418,5.315851
868323580.566925,5.424488
868323586.151059,5.5013309999999995
868323591.571653,5.33734
868323597.118596,5.4636190000000004
868323602.65108,5.448644
868323608.1326361,5.398392
868323612.944732,4.727218
868323617.1355021,4.106539000000001
868323621.01669,3.79814
868323625.260253,4.159587
868323629.2390031,3.895571
868323633.225898,3.904313
868323637.3911079,4.082561999999999
868323641.19437,3.719297
868323645.01821,3.7408110000000003
868323648.964395,3.862946
868323653.302748,4.255094
868323657.601745,4.204253
868323662.028147,4.341781999999999
868323666.21813,4.115698999999999
868323670.452008,4.144511
868323674.503064,3.976811
868323679.471856,4.884620999999999
868323684.13931,4.583619
868323689.3753849,5.151833
868323694.0997261,4.641318999999999
868323698.5135909,4.3303899999999995
868323703.131345,4.534134000000001
868323707.374913,4.11325
868323711.607028,4.158444
868323715.721681,4.030877
868323719.8000879,3.9997000000000003
868323724.2777511,4.393532
868323728.2077681,3.846562
868323732.6528751,4.361794
868323737.197749,4.46181
868323741.591456,4.311476
868323745.868256,4.194693
868323750.1366161,4.185156
868323754.070825,3.851859
868323757.586265,3.4417649999999997
868323761.690294,4.019771
868323765.521465,3.754837
868323769.3513991,3.7470120000000002
868323773.604408,4.149437
868323777.7560971,4.068561
868323781.902208,4.062736
868323786.187477,4.20228
868323790.3427091,4.071808
868323794.5669669,4.1401520000000005
868323798.3736421,3.723622
868323802.544535,4.088030000000001
868323806.8378531,4.210038999999999
868323810.545377,3.624346
868323814.676337,4.047225
868323818.9608049,4.199505
868323823.0059811,3.961696
868323827.2099569,4.118386
868323831.767917,4.475092
868323835.8332031,3.981953
868323840.1841509,4.267719
868323844.223788,3.954704
868323848.705997,4.398985000000001
868323852.5816021,3.791951
868323856.7143819,4.04921
868323861.027842,4.22999
868323864.874114,3.76326
868323869.116218,4.159686
868323873.2494739,4.049491
868323877.60187,4.269368
868323881.8609481,4.175835
868323886.210248,4.26603
868323890.415902,4.122425
868323894.3557719,3.856962
868323898.634792,4.195455
868323902.622935,3.905365
868323906.6080611,3.897758
868323910.834679,4.143214
868323914.675554,3.757546
868323919.07297,4.313631
868323922.908517,3.752079
868323927.079886,4.087153
868323932.3240681,5.160648
868323937.085477,4.6782200000000005
868323941.561044,4.391662
868323946.003475,4.358962
868323950.237044,4.149763
868323954.504132,4.182616
868323958.877491,4.290150000000001
868323962.875858,3.915128
868323967.364261,4.4060310000000005
868323971.701146,4.253501
868323975.8936241,4.081544
868323979.7581791,3.7812560000000004
868323983.619972,3.785471
868323987.972183,4.2768049999999995
868323992.214447,4.124585
868323996.645978,4.348282
868324000.294945,3.565588
868324004.687415,4.30892
868324009.077057,4.3069500000000005
868324013.562798,4.401991
868324017.6109409,3.9658209999999996
868324021.987989,4.294392
868324025.804948,3.734102
868324030.038422,4.15038
868324033.827832,3.706241
868324038.1195769,4.208511
868324042.506694,4.303643
868324046.967627,4.37606
868324050.714102,3.663917
868324055.67282,4.87563
868324060.114293,4.357571999999999
868324064.117642,3.9204060000000003
868324068.314245,4.107095
868324072.455278,4.054617
868324085.704069,13.161913
868324089.663389,3.8713200000000003
868324093.395415,3.6447979999999998
868324097.292165,3.808599
868324101.3112149,3.9323179999999995
868324105.123392,3.723551
868324109.3522561,4.141606
868324113.602077,4.162428
868324117.823764,4.130549
868324132.479665,14.569665
868324149.1003101,16.532940999999997
868324154.221456,5.034691
868324159.068279,4.761284
868324163.075216,3.921122
868324167.119154,3.958238
868324171.399683,4.19761
868324175.758869,4.276358
868324180.9654851,5.1225000000000005
868324185.591277,4.541907
868324190.344962,4.670151
868324195.216247,4.786993
868324199.7908,4.4918700000000005
868324204.088479,4.213548
868324208.4401621,4.267438
868324212.8576,4.333913
868324216.9536539,4.011472
868324220.9637231,3.923317
868324224.967321,3.9171880000000003
868324229.440904,4.386934999999999
868324233.688441,4.161131
868324238.026013,4.2507090000000005
868324242.131468,4.019264
868324245.802748,3.584307
868324249.395365,3.505834
868324253.585869,4.1043829999999994
868324257.872026,4.203424
868324262.396332,4.430772999999999
868324266.172626,3.693256
868324270.275917,4.0210289999999995
868324274.067427,3.706632
868324278.203995,4.034736
868324282.349664,4.062495999999999
868324286.446636,4.013687
868324290.6973,4.1676150000000005
868324294.5011979,3.7207
868324298.547792,3.9639460000000004
868324302.87736,4.245392
868324307.468105,4.505847999999999
868324311.4230111,3.871702
868324315.325595,3.819089
868324319.1977069,3.7872689999999998
868324323.537188,4.256999
868324327.7195879,4.098284
868324332.069904,4.2711820000000005
868324336.304266,4.1475349999999995
868324340.85824,4.469478
868324344.7450421,3.803518
868324348.640895,3.812694
868324352.990525,4.265033
868324357.286244,4.212434999999999
868324361.414487,4.045039
868324365.603363,4.106078
868324369.7378161,4.049716
868324373.8119789,3.991019
868324377.7201,3.824271
868324381.648258,3.8443840000000002
868324385.796915,4.055454
868324390.158211,4.286536
868324394.1275051,3.8755669999999998
868324398.3533959,4.1420900000000005
868324402.800779,4.363442
868324407.173788,4.289415
868324411.399309,4.143355
868324415.1678851,3.6841600000000003
868324419.341865,4.089338
868324423.082742,3.6584149999999998
868324426.9566029,3.790838
868324431.9490451,4.908502
868324436.660246,4.60121
868324440.6413369,3.898259
868324444.6982111,3.973514
868324448.879773,4.097466
868324452.655842,3.692354
868324456.7658479,4.025945
868324460.715281,3.865327
868324464.676256,3.878387
868324468.962208,4.201449
868324472.694273,3.657486
868324477.1142861,4.335727
868324480.9778991,3.779878
868324485.4068689,4.3406590000000005
868324489.277953,3.7869330000000003
868324493.5284721,4.168117
868324497.6555929,4.044177
868324501.494248,3.75527
868324505.63801,4.055615
868324509.626553,3.9135519999999997
868324513.975665,4.274852
868324517.883335,3.82427
868324522.263436,4.292286
868324526.405772,4.059488
868324530.232324,3.743238
868324534.499045,4.183332
868324538.782165,4.199154
868324542.5016919,3.635997
868324546.607424,4.0226630000000005
868324550.792129,4.101236
868324555.0047439,4.128064
868324560.1163181,5.0282089999999995
868324563.787142,3.575046
868324567.8274001,3.962266
868324572.5290899,4.617864
868324576.266374,3.654526
868324579.975015,3.626284
868324583.731784,3.651312
868324587.4078691,3.6019110000000003
868324591.634512,4.152266
868324595.7225031,4.014341
868324599.897967,4.09209
868324603.809512,3.829238
868324607.610688,3.72573
868324611.874534,4.189378
868324616.20389,4.246838
868324619.94782,3.669688
868324623.471601,3.412352
868324627.528619,3.9757580000000003
868324631.641648,4.0304269999999995
868324635.901117,4.192048000000001
868324640.202334,4.226528
868324644.706759,4.429321
868324648.8486351,4.057825
868324652.864207,3.9319669999999998
868324657.142254,4.168487
868324661.208238,3.9820489999999995
868324665.519804,4.227113999999999
868324670.195357,4.591973
868324674.753412,4.473293
868324679.641446,4.805396
868324684.1378521,4.413238
868324688.448856,4.226261
868324692.4979011,3.9644570000000003
868324696.1770489,3.596049
868324700.2276781,3.9663299999999997
868324704.5624549,4.237113
868324708.72906,4.092859
868324712.814019,3.9896259999999995
868324716.920311,4.022291
868324721.002483,3.999249
868324725.180893,4.095808
868324728.866246,3.601512
868324732.4844021,3.534586
868324736.063197,3.4957909999999996
868324739.700341,3.5622610000000003
868324743.268286,3.490193
868324746.890911,3.546946
868324750.290315,3.33194
868324754.1877251,3.829892
868324758.1276461,3.8569519999999997
868324761.67873,3.4664029999999997
868324765.349334,3.5873139999999997
868324769.1290909,3.697876
868324773.477734,4.28103
868324777.003485,3.459216
868324780.9407231,3.86945
868324784.481364,3.456505
868324788.686346,4.121969
868324792.192632,3.422335
868324795.9108961,3.6336720000000002
868324799.947862,3.9593349999999994
868324804.5521301,4.499599
868324808.5448079,3.9095190000000004
868324812.793231,4.165687
868324817.4563421,4.588316
868324821.457469,3.9180889999999997
868324825.520883,3.980761
868324829.825151,4.22111
868324833.7965,3.886175
868324837.918885,4.039547
868324842.087749,4.085805
868324846.290536,4.119493
868324850.4229801,4.0493999999999994
868324854.5611529,4.064441
868324858.567443,3.932884
868324862.653332,4.011726
868324866.702462,3.964538
868324870.689492,3.903971
868324874.7286279,3.955521
868324879.0027571,4.191000000000001
868324883.378798,4.292842
868324887.65003,4.188756
868324891.710897,3.9772719999999997
868324895.9898471,4.203063
868324900.416445,4.311756
868324904.621629,4.122446
868324908.8401071,4.135701
868324912.769028,3.844097
868324916.8903459,4.039062
868324920.90285,3.929566
868324925.079111,4.093208
868324929.766912,4.604838
868324934.447312,4.5973619999999995
868324939.200482,4.670401999999999
868324943.9167,4.63313
868324948.773736,4.774398
868324952.630593,3.773224
868324956.906473,4.201939
868324961.210733,4.229754
868324965.410665,4.124709
868324969.763986,4.27499
868324973.871424,4.033076
868324977.7826481,3.815744
868324981.999859,4.125105
868324985.7627821,3.6866
868324989.483863,3.648948
868324993.32372,3.75726
868324997.511154,4.104284
868325001.458226,3.872547
868325005.288328,3.753574
868325009.34686,3.97427
868325013.208864,3.778319
868325017.087832,3.796011
868325021.112555,3.941133
868325024.76234,3.565954
868325028.99228,4.146751
868325032.830088,3.749853
868325036.89508,3.980941
868325040.9962709,4.018653
868325045.013471,3.934197
868325049.044004,3.938263
868325053.49782,4.378576000000001
868325057.6831571,4.102073000000001
868325062.595055,4.825266
868325066.561978,3.883945
868325070.558164,3.913082
868325074.389988,3.747543
868325078.441308,3.9680920000000004
868325082.439825,3.9156180000000003
868325086.6463809,4.122635000000001
868325090.72286,3.992819
868325094.601468,3.795003
868325098.429016,3.744605
868325102.3813909,3.869883
868325106.336717,3.871085
868325110.509579,4.090185
868325114.598784,4.005598
868325118.53737,3.86441
868325122.469993,3.858344
868325126.528415,3.97399
868325130.402868,3.7907029999999997
868325134.09014,3.604359
868325138.4738591,4.300441
868325142.5899141,4.022857999999999
868325146.7329481,4.058503
868325151.074794,4.267955000000001
868325155.610422,4.45275
868325159.967329,4.272871
868325163.750654,3.673675
868325168.063363,4.230021
868325172.4281371,4.279501
868325176.357706,3.8459470000000002
868325181.197344,4.766298000000001
868325186.298229,5.017809
868325190.7187979,4.346467
868325195.0765411,4.274895
868325199.185274,4.025379
868325203.638636,4.370218
868325207.682598,3.9613699999999996
868325212.0510919,4.285235
868325216.250791,4.113739
868325220.590639,4.255842
868325224.5629201,3.8896640000000002
868325228.887876,4.242068
868325233.0010251,4.029409
868325237.4934471,4.409968999999999
868325241.738583,4.161356
868325245.595852,3.772987
868325250.049919,4.370753
868325254.2372761,4.104098
868325258.501086,4.180897
868325262.440149,3.865497
868325266.731132,4.207965
868325270.9488349,4.133211
868325275.11642,4.083128
868325279.45313,4.253546
868325283.8276169,4.290190999999999
868325287.6077551,3.696685
868325291.722913,4.030596
868325296.0878689,4.281872
868325300.42987,4.231333
868325304.769487,4.257425
868325309.539134,4.686343
868325313.030034,3.406143
868325317.071485,3.9584479999999997
868325320.7079891,3.5534299999999996
868325324.9694779,4.176546
868325328.644873,3.5928980000000004
868325332.589213,3.860986
868325336.765203,4.087925
868325340.490263,3.642093
868325344.763465,4.198574
868325348.4726961,3.623458
868325352.99558,4.4476819999999995
868325356.716787,3.6378920000000003
868325360.860196,4.060526
868325364.445265,3.501103
868325368.2431251,3.714701
868325372.169568,3.842187
868325376.263322,4.010596
868325379.926448,3.576429
868325383.8425881,3.8052070000000002
868325388.297022,4.372312
868325392.655872,4.273337000000001
868325396.66609,3.9275990000000003
868325401.021615,4.280173
868325404.7043359,3.589319
868325409.065362,4.277506000000001
868325412.844453,3.6948950000000003
868325417.253356,4.324892
868325421.426178,4.089653
868325425.701986,4.193045000000001
868325430.318121,4.533533
868325435.168472,4.762907
868325439.703137,4.451331000000001
868325443.567371,3.7814110000000003
868325447.752327,4.101642
868325451.725089,3.888155
868325455.645985,3.837172
868325459.914876,4.185497
868325464.412045,4.412361
868325468.355548,3.861061
868325471.9912599,3.552785
868325475.9982209,3.887578
868325479.919794,3.79765
868325483.8094131,3.811988
868325487.767861,3.875259
868325491.674379,3.823304
868325495.541118,3.783701
868325499.490687,3.852803
868325503.565,4.005838000000001
868325507.45314,3.804314
868325511.552306,4.022337
868325515.527343,3.891853
868325519.712199,4.101166
868325523.847639,4.052071
868325527.923201,3.992438
868325531.913283,3.9139559999999998
868325536.087283,4.091042
868325540.1527001,3.982335
868325544.53675,4.30952
868325548.487234,3.86777
868325552.4577371,3.895308
868325557.518077,4.9856739999999995
868325561.728613,4.127413
868325565.499234,3.6866659999999998
868325569.312489,3.7296899999999997
868325573.629558,4.232552
868325577.5099239,3.797538
868325581.7827201,4.190364000000001
868325585.7821289,3.9147119999999997
868325589.834937,3.9415889999999996
868325593.847026,3.9286549999999996
868325597.777513,3.8446079999999996
868325601.50302,3.641806
868325605.684844,4.097502
868325609.516241,3.74886
868325614.086866,4.4854259999999995
868325618.21564,4.045687
868325622.236966,3.9376
868325626.462261,4.142006
868325630.636067,4.090675999999999
868325634.4010459,3.690457
868325638.366909,3.890573
868325642.517686,4.076512
868325646.70865,4.118627
868325650.619253,3.8251079999999997
868325654.581831,3.877134
868325658.438878,3.773523
868325662.2317259,3.708557
868325665.809087,3.509634
868325669.6196461,3.7280870000000004
868325673.186929,3.483663
868325677.1694349,3.898701
868325681.9213101,4.677305
868325686.7262249,4.748216
868325691.623976,4.820414
868325696.046344,4.3486460000000005
868325700.3442379,4.214982
868325704.860871,4.443693000000001
868325709.218655,4.288336999999999
868325713.6760961,4.375871
868325718.446711,4.689350999999999
868325723.541044,5.0192689999999995
868325728.084971,4.472411
868325732.758289,4.591332
868325737.1803731,4.340629000000001
868325742.0813869,4.820812
868325746.631919,4.46996
868325751.368855,4.655927
868325755.461827,4.011782999999999
868325759.829393,4.286517
868325764.335046,4.424728999999999
868325768.844674,4.428654
868325773.434913,4.508679
868325778.010945,4.495439
868325782.3807861,4.2884519999999995
868325786.786432,4.323775
868325791.117553,4.248739
868325795.617222,4.417498
868325800.2299141,4.530295
868325805.275559,4.96397
868325809.849701,4.491259
868325814.558197,4.625086
868325819.0664461,4.425546
868325823.796988,4.646862
868325828.773141,4.89326
868325833.593256,4.7373780000000005
868325838.649626,4.973889
868325843.5896909,4.855614
868325848.4350051,4.762766
868325853.2533461,4.7352929999999995
868325858.170958,4.834719000000001
868325863.167469,4.913437
868325868.21343,4.962973
868325872.7691749,4.47213
868325877.8597599,5.007341
868325882.7320261,4.789239
868325887.672058,4.8564869999999996
868325892.304049,4.557886
868325897.178882,4.800195
868325901.978503,4.724634999999999
868325907.149245,5.086205
868325911.6642691,4.432592
868325916.450476,4.702833
868325920.1854391,3.652928
868325924.174143,3.9250149999999997
868325929.526096,5.286321
868325934.434708,4.843959999999999
868325939.4406551,4.940992
868325944.3617359,4.837345
868325949.48413,5.050116
868325954.4304839,4.863681
868325959.342394,4.828656
868325964.476299,5.0512179999999995
868325969.503602,4.9437880000000005
868325974.8114029,5.198276
868325980.1930411,5.299682
868325985.3969699,5.119472
868325990.778813,5.298805
868325996.358527,5.496721000000001
868326001.857843,5.416333
868326006.6570051,4.715628000000001
868326011.002506,4.2628129999999995
868326015.3763969,4.289880999999999
868326019.471589,4.010981
868326023.30445,3.7492010000000002
868326027.558397,4.1706829999999995
868326031.5980539,3.955997
868326035.871156,4.189622
868326040.083976,4.137129
868326044.065223,3.912973
868326048.367933,4.218113
868326052.543698,4.091529
868326058.130308,5.503236
868326062.8269,4.613268000000001
868326067.165549,4.255275
868326071.396316,4.147148
868326075.836382,4.355579
868326080.3606831,4.418881000000001
868326084.54599,4.102429
868326088.69831,4.066821
868326093.4338399,4.649865
868326097.92775,4.419653
868326102.05919,4.056367
868326106.355094,4.213653000000001
868326110.695533,4.257205
868326114.849581,4.0711059999999994
868326118.864186,3.930418
868326122.8827341,3.934848
868326127.064874,4.0997330000000005
868326131.4307721,4.282398
868326135.677412,4.162735
868326139.542778,3.781816
868326143.722452,4.096751
868326147.615242,3.808423
868326151.433088,3.734468
868326155.662738,4.155141
868326159.681853,3.9350390000000006
868326163.697234,3.940306
868326167.909794,4.128786
868326171.8284501,3.835532
868326176.1090989,4.196418
868326180.8165259,4.621913
868326185.41057,4.510871
868326190.301005,4.807221
868326194.935271,4.550522000000001
868326199.448447,4.428619
868326204.5240971,4.99192
868326209.039398,4.431344999999999
868326214.260566,5.137654
868326219.002269,4.657411
868326223.946663,4.8605089999999995
868326229.0492021,4.986102
868326233.572511,4.440346000000001
868326238.408813,4.752488
868326243.516098,5.02376
868326248.527678,4.927685
868326252.991915,4.381143
868326257.846114,4.770313
868326262.897218,4.967765
868326267.689067,4.707663
868326271.659333,3.8868370000000003
868326275.972182,4.230246
868326280.185259,4.098806
868326284.236633,3.966061
868326288.485473,4.1653899999999995
868326292.260625,3.692674
868326296.3645021,4.021244
868326300.476503,4.0287630000000005
868326305.6955969,5.134317
868326310.530988,4.768447
868326314.3532649,3.760148
868326318.7274561,4.315443
868326323.0540429,4.241583
868326327.614838,4.477788
868326332.3283451,4.629806
868326336.5459319,4.134149
868326340.8531929,4.221597
868326345.0151,4.078647999999999
868326349.512219,4.413774
868326353.783385,4.185562
868326357.8316131,3.9658059999999997
868326362.113139,4.198016
868326366.463254,4.267412
868326370.813029,4.26572
868326374.641019,3.744676
868326378.562486,3.838559
868326382.491897,3.846694
868326386.786062,4.210076
868326390.555717,3.694821
868326394.316211,3.6860880000000003
868326398.532578,4.140865
868326402.276352,3.660685
868326406.81463,4.4545189999999995
868326411.040441,4.141459
868326415.3839071,4.259856
868326419.220452,3.753186
868326423.319653,4.015281
868326427.542483,4.138411
868326432.338794,4.721634
868326437.176949,4.760799
868326442.157311,4.896789
868326447.004245,4.764301000000001
868326451.804188,4.716544
868326456.031477,4.144862
868326460.230005,4.1121810000000005
868326464.643173,4.3296280000000005
868326469.029282,4.302925
868326472.986558,3.873275
868326477.164091,4.093809
868326481.256673,4.0097689999999995
868326485.418866,4.078994
868326489.75992,4.257875
868326494.182795,4.339957
868326498.475983,4.209062
868326502.4214311,3.862024
868326506.281486,3.775954
868326510.64511,4.279904
868326514.925306,4.2056309999999995
868326519.048558,4.0399329999999996
868326523.522833,4.391402
868326527.5271829,3.9205589999999995
868326531.430238,3.8194549999999996
868326535.644943,4.13124
868326539.603392,3.875701
868326543.81488,4.110766
868326547.917094,4.02762
868326552.4956559,4.501686
868326556.804369,4.225535
868326560.747046,3.858811
868326564.892921,4.061022
868326569.108544,4.131056
868326573.0974131,3.905992
868326577.202142,4.020492
868326581.7137389,4.428112
868326585.891909,4.095708
868326589.60019,3.623719
868326593.93464,4.251551
868326598.381931,4.372681
868326602.750966,4.27726
868326606.698534,3.86457
868326610.790178,4.00845
868326614.805554,3.932884
868326619.338084,4.450108
868326623.4560989,4.034455
868326627.675079,4.135495000000001
868326631.74195,3.982575
868326636.1552241,4.329238
868326640.11107,3.872478
868326644.152284,3.957093
868326648.5143061,4.285828
868326652.732494,4.1201110000000005
868326657.0115651,4.204217
868326660.996148,3.9108340000000004
868326665.012632,3.9322769999999996
868326669.032649,3.9364070000000004
868326672.98594,3.86906
868326676.956447,3.886721
868326681.640094,4.600217
868326685.86152,4.138128
868326690.251699,4.30694
868326694.115788,3.781537
868326698.09085,3.891337
868326702.351818,4.177644
868326706.3907241,3.9553160000000003
868326710.355352,3.880151
868326714.286578,3.840957
868326718.0519229,3.690747
868326722.0598739,3.932382
868326726.5863659,4.442571999999999
868326730.79202,4.121353
868326734.546148,3.6679370000000002
868326738.6537039,4.014434
868326742.578219,3.840895
868326746.2903589,3.628841
868326750.163744,3.790317
868326754.11898,3.871992
868326758.428363,4.226284000000001
868326762.638836,4.136125
868326767.169491,4.455219
868326771.50995,4.264792
868326775.891549,4.311786
868326779.840145,3.865177
868326783.894737,3.9711829999999995
868326788.1180221,4.147239
868326792.5650641,4.363397
868326797.143832,4.495043
868326801.143852,3.9159900000000003
868326805.9586,4.731915
868326810.854195,4.812112
868326815.537582,4.599958
868326819.50639,3.881044
868326824.1679009,4.581975
868326828.3211579,4.069823
868326833.01755,4.6124909999999995
868326837.365365,4.264642
868326841.8083719,4.365226
868326846.547183,4.655933999999999
868326850.400166,3.7698549999999997
868326855.02226,4.539501
868326859.758074,4.6511260000000005
868326864.1500881,4.30863
868326868.331886,4.097717
868326872.544461,4.128384
868326876.8079051,4.180129
868326881.594242,4.7021809999999995
868326885.861379,4.178806
868326889.938449,3.9930440000000003
868326894.3396231,4.317259
868326898.941585,4.518327
868326903.075422,4.049657
868326907.323876,4.165741
868326911.454897,4.046063
868326915.697171,4.15884
868326919.664115,3.8794049999999998
868326924.108579,4.3689540000000004
868326929.087926,4.8957820000000005
868326933.8574531,4.683858
868326938.532365,4.591689000000001
868326942.499138,3.883478
868326946.281867,3.699019
868326950.437099,4.072594
868326954.226519,3.706026
868326958.158215,3.848443
868326962.134611,3.893282
868326966.48007,4.262766
868326970.734603,4.171285
868326974.377256,3.5581359999999997
868326978.160677,3.70754
868326982.173423,3.928504
868326986.293367,4.036003
868326990.11202,3.7361109999999997
868326994.2315481,4.035773000000001
868326998.77967,4.44589
868327002.932015,4.069126
868327006.448069,3.433611
868327009.922617,3.40066
868327013.599333,3.602152
868327017.511453,3.8290770000000003
868327021.369804,3.7751170000000003
868327025.600737,4.148115
868327029.3635551,3.679158
868327033.382725,3.93541
868327037.243661,3.77678
868327041.100814,3.77413
868327044.7860299,3.601998
868327048.77687,3.9079659999999996
868327052.541141,3.681123
868327057.523348,4.89963
868327062.231584,4.625032
868327067.2071359,4.892619
868327071.566729,4.275587
868327075.661635,4.012434
868327079.661109,3.9163160000000006
868327083.624749,3.888184
868327088.1275859,4.4268600000000005
868327092.43219,4.220999
868327096.5240589,4.007569
868327100.466852,3.860065
868327104.485159,3.9357949999999997
868327108.9069669,4.33912
868327113.142195,4.152901
868327117.345925,4.120245
868327121.147057,3.7159139999999997
868327125.402447,4.17147
868327129.254869,3.769218
868327133.3334271,3.9954739999999997
868327137.5358089,4.119569
868327141.763665,4.143103
868327145.913824,4.074796
868327149.6238481,3.634949
868327153.424515,3.726321
868327157.186497,3.678302
868327161.435992,4.166593
868327165.658793,4.140084
868327169.671257,3.942971
868327173.402082,3.662978
868327177.205913,3.73685
868327181.4157621,4.12659
868327185.475481,3.976505
868327189.430208,3.871853
868327193.8371589,4.333570999999999
868327198.088598,4.168362999999999
868327202.413908,4.2491639999999995
868327206.598047,4.100760999999999
868327210.4097639,3.728688
868327214.339411,3.8474350000000004
868327218.817259,4.393687
868327223.376281,4.475598
868327227.176115,3.716726
868327231.098485,3.838569
868327234.9124811,3.730657
868327239.247085,4.250805
868327243.420839,4.099149
868327247.57617,4.081683
868327251.514455,3.863488
868327255.283777,3.6843150000000002
868327259.478466,4.110804
868327263.6483971,4.0870120000000005
868327268.083215,4.350340999999999
868327272.673329,4.5065740000000005
868327277.026868,4.270115
868327281.127227,4.016037
868327285.131412,3.921623
868327289.1386139,3.9222349999999997
868327293.357118,4.135154
868327297.4482759,4.0081489999999995
868327301.559319,4.001343
868327306.425257,4.782443
868327310.217257,3.709193
868327314.587319,4.2865020000000005
868327318.789155,4.117941
868327322.745749,3.8729340000000003
868327326.711709,3.8821760000000003
868327331.0529951,4.254543
868327335.096737,3.960138
868327339.097033,3.9165349999999997
868327343.0986171,3.918291
868327347.3740841,4.192388
868327351.078416,3.6211529999999996
868327354.874096,3.712135
868327462.654231,107.696741
868327465.875578,3.138363
868327469.638146,3.6798949999999997
868327473.3892059,3.668432
868327477.246369,3.773212
868327480.830714,3.500867
868327484.680688,3.7752250000000003
868327488.6123279,3.856078
868327492.0886539,3.393528
868327495.7854271,3.612682
868327499.235704,3.3728819999999997
868327502.874231,3.570663
868327506.370293,3.413359
868327509.909525,3.45657
868327513.257993,3.265123
868327516.922279,3.5962
868327520.3210421,3.330047
868327523.62672,3.222991
868327527.12878,3.424645
868327530.7113091,3.499535
868327534.474783,3.658444
868327537.85473,3.2955129999999997
868327541.463894,3.542105
868327545.349398,3.790804
868327548.379174,2.945806
868327551.4669441,3.004892
868327556.398357,4.8540399999999995
868327560.5702139,4.107311
868327563.867313,3.229296
868327567.107087,3.1764430000000003
868327570.695093,3.498793
868327574.515546,3.7513859999999997
868327577.9668729,3.367307
868327581.31077,3.260437
868327584.631106,3.237753
868327588.379572,3.674209
868327592.18508,3.72269
868327596.158992,3.891096
868327599.677989,3.442507
868327603.406198,3.651252
868327606.604124,3.123203
868327610.050981,3.363362
868327613.820289,3.685518
868327617.713115,3.810378
868327621.020632,3.222746
868327624.415774,3.320436
868327627.857634,3.3578750000000004
868327631.458711,3.5232710000000003
868327634.605278,3.066564
868327637.940124,3.250444
868327641.208915,3.173876
868327644.714471,3.4366779999999997
868327647.9840809,3.1871780000000003
868327651.550536,3.457532
868327655.480096,3.854797
868327659.038816,3.490328
868327662.456951,3.341906
868327665.766928,3.235897
868327669.679525,3.818506
868327673.536237,3.764131
868327677.41553,3.7855100000000004
868327680.954147,3.454245
868327684.232522,3.194199
868327687.8707839,3.555484
868327691.71434,3.765335
868327695.05523,3.2584
868327698.405077,3.2556220000000002
868327701.9354839,3.455227
868327705.97015,3.9511370000000006
868327709.311751,3.2578720000000003
868327712.6052259,3.2105469999999996
868327716.154923,3.466813
868327720.127504,3.88778
868327723.767431,3.556587
868327727.4276149,3.582488
868327730.824063,3.320667
868327734.397416,3.498942
868327738.2952241,3.814539
868327742.1155499,3.736908
868327745.986866,3.788362
868327749.6625359,3.592516
868327753.3350279,3.588913
868327756.962371,3.545286
868327760.1479,3.102115
868327763.7388021,3.5296
868327767.133902,3.3164409999999998
868327770.963976,3.773809
868327774.7939531,3.767968
868327778.2981501,3.421482
868327781.7967609,3.424174
868327785.475438,3.604642
868327788.9569861,3.3972759999999997
868327792.414443,3.373537
868327795.970984,3.472834
868327799.396091,3.3195609999999998
868327802.7862899,3.32263
868327806.6499441,3.788329
868327810.215518,3.478261
868327813.4628,3.1644249999999996
868327816.6998041,3.15398
868327820.4921969,3.7052650000000003
868327824.344778,3.785224
868327827.823414,3.4112
868327831.326903,3.440087
868327835.111106,3.7078710000000004
868327838.5143709,3.320503
868327841.927019,3.329608
868327845.677508,3.675677
868327849.240425,3.480131
868327852.4679819,3.151532
868327855.614998,3.063292
868327859.070051,3.385197
868327862.63738,3.479014
868327865.942672,3.230256
868327869.194309,3.167741
868327872.387125,3.109196
868327875.579283,3.109556
868327879.6417241,4.003925000000001
868327883.361006,3.6421919999999997
868327886.7580869,3.313777
868327890.163472,3.3179160000000003
868327893.7188619,3.471675
868327896.932167,3.129855
868327900.169426,3.16291
868327903.7886499,3.5446779999999998
868327907.520315,3.6496210000000002
868327911.17082,3.588155
868327914.517279,3.27897
868327918.131209,3.536657
868327921.9211401,3.7064310000000003
868327925.423231,3.419488
868327929.252068,3.745733
868327933.2504841,3.9156089999999995
868327937.242261,3.9087080000000003
868327940.5037489,3.178397
868327944.052782,3.474829
868327947.511266,3.380378
868327951.09472,3.513566
868327954.2971829,3.119475
868327957.894346,3.512841
868327961.20039,3.2222790000000003
868327964.847603,3.5633790000000003
868327968.361067,3.404079
868327971.325601,2.8905659999999997
868327973.733812,2.3408499999999997
868327976.53164,2.7260560000000003
868327979.984839,3.377856
868327983.380481,3.294928
868327986.748456,3.2940270000000003
868327990.587665,3.7637199999999997
868327994.1583331,3.496507
868327997.851804,3.617964
868328001.401035,3.453069
868328004.990835,3.507107
868328008.730394,3.655157
868328012.703376,3.889046
868328016.201213,3.414729
868328019.731758,3.461432
868328023.336458,3.526478
868328027.171389,3.751215
868328031.001915,3.747327
868328034.725,3.638053
868328038.7957,3.9968169999999996
868328042.38971,3.5109310000000002
868328045.899587,3.427527
868328049.6725501,3.7150090000000002
868328054.143758,4.37094
868328057.547492,3.3473550000000003
868328062.364545,4.767025
868328066.882889,4.471051
868328071.1158049,4.159994
868328075.2671499,4.0918350000000006
868328078.8208569,3.485071
868328083.260691,4.3778999999999995
868328088.076461,4.716669
868328091.352306,3.19308
868328095.897009,4.480281
868328100.760189,4.791264
868328105.443395,4.586878
868328109.944388,4.4391300000000005
868328114.559345,4.530877
868328118.876623,4.252347
868328123.476276,4.524954
868328128.395337,4.835542
868328132.623458,4.157894
868328137.466251,4.75995
868328142.231594,4.682208999999999
868328147.007496,4.690724
868328152.186322,5.1059410000000005
868328156.8857651,4.616395
868328162.208621,5.238745000000001
868328167.0996339,4.808042
868328172.3084121,5.13973
868328176.941177,4.54927
868328182.927472,5.911596
868328188.166864,5.147753
868328193.318471,5.067907
868328198.15751,4.755434999999999
868328203.345634,5.10396
868328208.165934,4.752274
868328213.6329089,5.398901
868328218.607584,4.900326
868328223.935212,5.253507
868328228.849431,4.802846000000001
868328233.8129001,4.88024
868328238.5393101,4.635403
868328243.557228,4.9508410000000005
868328248.637689,4.993298
868328253.675166,4.948875
868328258.755585,5.008633000000001
868328262.498028,3.6885619999999997
868328267.92269,5.342554
868328271.583025,3.606109
868328276.397928,4.751492000000001
868328281.620795,5.165113
868328286.3215281,4.614891
868328291.5301731,5.125792
868328296.5274299,4.6583120000000005
868328301.5237911,4.948388
868328305.8995761,4.333882
868328311.106994,5.170156
868328315.647986,4.474584
868328319.634943,3.9389730000000003
868328325.181694,5.475621
868328328.90171,3.667686
868328334.2393119,5.284198
868328339.6745241,5.370474
868328344.968707,5.232439
868328350.22402,5.203182
868328355.796378,5.508564
868328361.632997,5.748539
868328365.879724,4.189128
868328371.57324,5.6320440000000005
868328377.142679,5.513152000000001
868328382.4966229,5.272673999999999
868328387.9241029,5.3456909999999995
868328392.9185649,4.884466
868328397.909116,4.932342
868328402.86635,4.874692
868328408.411488,5.457143
868328414.010613,5.516983
868328418.198606,4.105857
868328423.106481,4.843655
868328428.56188,5.372191
868328433.3629661,4.738541
868328437.354446,3.916225
868328442.656219,5.2138729999999995
868328448.2644,5.520554000000001
868328453.212792,4.876236
868328458.533318,5.247427
868328463.75978,5.145223
868328468.9488189,5.1072690000000005
868328474.351521,5.328088
868328479.260951,4.812183
868328484.395015,5.062397
868328489.536231,5.055492
868328495.253047,5.658652999999999
868328500.41091,5.074719999999999
868328505.633922,5.1688339999999995
868328510.747947,5.031071
868328516.092639,5.268008
868328521.482165,5.320816
868328526.906776,5.342853
868328532.025103,5.044175
868328537.544947,5.438891000000001
868328542.4150391,4.78561
868328546.7612361,4.2629030000000006
868328551.370174,4.526271
868328556.632416,5.179475999999999
868328562.18103,5.474601
868328568.187794,5.923591
868328573.830134,5.559867
868328579.470534,5.557407
868328585.236728,5.68322
868328590.343216,5.0235899999999996
868328596.260672,5.836876999999999
868328601.642618,5.307048
868328606.917519,5.200304
868328611.889943,4.886975
868328617.88,5.908225
868328623.5531199,5.610078
868328628.7005479,5.064349999999999
868328634.404721,5.610997
868328640.325189,5.851322
868328645.286665,4.894573
868328650.532916,5.179149
868328656.272392,5.659516
868328661.624967,5.269721
868328667.554325,5.8456589999999995
868328672.106398,4.47027
868328676.346767,4.176761
868328682.189231,5.7466729999999995
868328687.339746,5.087287
868328691.977169,4.575146
868328696.709684,4.622814
868328700.953195,4.17078
868328706.280683,5.242318
868328710.284878,3.9364250000000003
868328716.12124,5.756209
868328721.9992731,5.804517000000001
868328727.531176,5.438735
868328732.742026,5.1377619999999995
868328737.978837,5.1533109999999995
868328743.243973,5.181031
868328748.521744,5.1988069999999995
868328754.268488,5.656929
868328759.850707,5.499302
868328765.007552,5.073237000000001
868328769.832889,4.756899
868328774.6008229,4.685377
868328779.63898,4.954708
868328785.194163,5.480944
868328790.9658879,5.682024
868328796.3201629,5.285486
868328801.911474,5.507793
868328807.941266,5.946152
868328813.575347,5.515644999999999
868328819.3378221,5.677983
868328825.202706,5.781874999999999
868328829.666675,4.390517
868328834.755977,5.01525
868328840.2750261,5.4452370000000005
868328845.8324881,5.492939
868328851.571384,5.656248
868328856.924725,5.270157
868328863.076527,6.0689139999999995
868328868.463111,5.303651
868328874.038229,5.491299
868328879.429705,5.308191
868328884.918502,5.404903
868328890.635282,5.632808000000001
868328896.42954,5.720144
868328901.683119,5.163763
868328907.54253,5.765167
868328912.8472879,5.200093
868328918.2390699,5.3195500000000004
868328923.5809851,5.2421560000000005
868328930.096108,6.430972
868328935.7574401,5.5784839999999996
868328941.207836,5.372191
868328947.531328,6.248991
868328951.840053,4.2416160000000005
868328957.7377311,5.82337
868328963.485386,5.604642
868328969.015708,5.453588
868328975.071774,5.980193
868328980.810142,5.667243
868328986.6871129,5.7940439999999995
868328992.921873,6.151579
868328998.751509,5.755027
868329003.767015,4.941622
868329010.159857,6.310516000000001
868329015.842986,5.5812550000000005
868329020.557052,4.654063
868329025.5063599,4.880941
868329031.845023,6.270415
868329037.1890681,5.272453
868329042.188496,4.917227
868329046.945119,4.673389
868329051.6226369,4.593798
868329056.814487,5.109103
868329061.922198,5.024657
868329066.738945,4.734029
868329071.882268,5.04965
868329076.677099,4.711858
868329080.896796,4.136087
868329085.066211,4.086136
868329088.927292,3.778865
868329093.043654,4.032767
868329096.820941,3.6943010000000003
868329100.561697,3.6672290000000003
868329104.618973,3.971197
868329108.859957,4.166086
868329113.054961,4.109891
868329116.854269,3.715198
868329120.7319,3.793645
868329124.6339719,3.818648
868329128.593744,3.875496
868329132.4979099,3.820898
868329136.329864,3.748372
868329140.455583,4.050984
868329144.410475,3.881108
868329148.621344,4.118918
868329152.612403,3.906748
868329156.8026121,4.106569
868329160.720008,3.83432
868329164.697994,3.903536
868329168.897521,4.115443
868329173.045108,4.072551
868329176.848465,3.720229
868329181.639262,4.706806
868329185.5372851,3.813656
868329189.581177,3.9609240000000003
868329194.268223,4.604448
868329198.141377,3.789504
868329202.22368,3.997435
868329206.31841,4.011782999999999
868329210.58451,4.1821649999999995
868329214.585159,3.9260149999999996
868329219.038382,4.377908
868329223.1661559,4.052029
868329227.355121,4.105586
868329231.325533,3.886105
868329235.2837709,3.874984
868329239.290622,3.9232859999999996
868329243.1418511,3.7684260000000003
868329247.0077491,3.783196
868329251.231014,4.1392690000000005
868329255.480039,4.16507
868329259.4883261,3.9236030000000004
868329263.669496,4.105076
868329268.183628,4.43947
868329272.564039,4.305233
868329276.5677431,3.920294
868329280.967104,4.316011
868329285.029926,3.978957
868329289.068014,3.955115
868329293.545246,4.393903
868329297.309011,3.680952
868329301.4392049,4.047301
868329306.491781,4.968931
868329310.998942,4.422688999999999
868329315.774744,4.691611
868329319.855368,4.0080100000000005
868329323.8621479,3.9311140000000004
868329328.0526221,4.114142
868329332.768514,4.631054
868329337.042063,4.180632999999999
868329341.3473641,4.230346
868329345.548677,4.126512
868329349.453195,3.829571
868329353.6139641,4.078398
868329357.402232,3.704568
868329361.685383,4.200452
868329365.371044,3.61822
868329369.378006,3.939681
868329372.979123,3.533414
868329377.194916,4.14602
868329381.4934961,4.214811
868329385.489187,3.9123430000000003
868329389.64416,4.079809
868329393.872434,4.152491
868329397.775675,3.8206130000000003
868329401.69836,3.8383890000000003
868329405.657014,3.8749190000000002
868329409.734891,3.994432
868329413.941758,4.120732
868329418.002118,3.9768069999999995
868329421.857722,3.7719289999999996
868329425.656058,3.713709
868329430.04773,4.30729
868329434.30076,4.1466769999999995
868329438.093237,3.708055
868329442.162553,3.9858819999999997
868329445.8381419,3.569883
868329449.704473,3.8176490000000003
868329453.701881,3.9134779999999996
868329457.876865,4.091307
868329461.8764341,3.915729
868329466.342625,4.3781039999999996
868329470.138397,3.721147
868329474.0470021,3.834231
868329478.470579,4.3408240000000005
868329482.40878,3.854802
868329486.763381,4.271518
868329491.106616,4.260191
868329495.0557821,3.8643240000000003
868329498.91502,3.7755929999999998
868329502.6289691,3.629859
868329506.717365,4.005342000000001
868329510.6054,3.804976
868329514.461074,3.771423
868329518.6266129,4.091489
868329522.7333239,4.031232
868329526.9552499,4.136538000000001
868329530.895322,3.85585
868329534.927076,3.947733
868329538.8082291,3.798521
868329542.897282,4.0055890000000005
868329546.7225649,3.742752
868329550.713449,3.8998739999999996
868329555.509254,4.72091
868329560.166418,4.582326999999999
868329564.954043,4.704511
868329569.4801681,4.4409209999999995
868329573.585855,4.021857
868329577.818151,4.148843
868329581.906001,4.0049459999999995
868329585.9162049,3.926314
868329590.0028919,4.002836
868329594.240501,4.155061
868329598.433922,4.108914
868329602.285301,3.768631
868329606.102095,3.7328140000000003
868329609.986937,3.802535
868329613.7219399,3.652035
868329617.975641,4.170247
868329621.725153,3.666408
868329625.558029,3.749512
868329629.7574179,4.115719
868329633.853425,4.0118219999999996
868329637.965294,4.045133
868329641.958019,3.925321
868329645.904778,3.879696
868329650.0350759,4.046412999999999
868329653.861663,3.743288
868329657.9152111,3.968816
868329661.729097,3.739945
868329665.9329569,4.128934
868329670.03385,4.025499
868329674.0599259,3.943063
868329678.76565,4.62054
868329683.497299,4.648515
868329688.356139,4.774403
868329692.237593,3.7986920000000004
868329696.221952,3.9012700000000002
868329700.304014,3.9989379999999994
868329704.028638,3.614638
868329708.110153,3.9948279999999996
868329711.829875,3.635462
868329715.888998,3.9812160000000003
868329719.644198,3.668983
868329723.614148,3.886496
868329727.724391,4.025595
868329731.409508,3.610128
868329735.532945,4.04061
868329739.673515,4.056404000000001
868329743.6709571,3.9213859999999996
868329747.67393,3.9168120000000006
868329751.6687131,3.9237680000000004
868329756.072869,4.318782000000001
868329760.188158,4.031536
868329764.490417,4.220371
868329768.59243,4.017724
868329772.341942,3.6749959999999997
868329776.344769,3.9194679999999997
868329780.5989709,4.170894
868329785.135205,4.453706
868329788.840404,3.623002
868329792.6389251,3.714881
868329796.9972401,4.275793
868329800.977204,3.896319
868329805.8839201,4.823146
868329810.58796,4.620607
868329815.38627,4.71459
868329819.837431,4.367958
868329824.4639801,4.542884
868329829.103139,4.555835
868329833.443983,4.257334
868329837.972139,4.444316000000001
868329842.440735,4.384721
868329846.830959,4.307647
868329850.851462,3.935961
868329854.479235,3.544299
868329858.377718,3.815435
868329862.243913,3.783321
868329866.356255,4.028958
868329870.458768,4.018628
868329874.2391831,3.697376
868329878.2939249,3.951607
868329882.417233,4.038626
868329886.300616,3.796211
868329890.162054,3.776174
868329894.091169,3.844388
868329898.08045,3.9064479999999997
868329902.0307889,3.863016
868329905.806883,3.692504
868329909.79696,3.9065870000000005
868329914.057101,4.176653
868329918.1813121,4.040655
868329922.141227,3.8844890000000003
868329925.98712,3.7626560000000002
868329930.508689,4.4472510000000005
868329934.363541,3.772144
868329938.596705,4.150205
868329942.4846741,3.805357
868329946.220579,3.65237
868329950.196689,3.891483
868329953.905546,3.6253930000000003
868329957.931136,3.943358
868329962.168599,4.154029
868329966.254233,4.002161
868329970.262832,3.9338059999999997
868329974.463054,4.125284
868329978.729873,4.1667190000000005
868329982.975229,4.161712
868329987.19652,4.139415
868329991.450161,4.170231
868329995.441615,3.9086670000000003
868329999.6054881,4.090093
868330004.3050729,4.608063
868330008.4197991,4.030601
868330012.312119,3.807869
868330016.41133,4.014889
868330020.637979,4.143114
868330024.96025,4.239368000000001
868330029.20952,4.165655
868330033.4342941,4.14145
868330037.515177,3.996773
868330041.483945,3.885158
868330045.618093,4.050713
868330050.001361,4.299296999999999
868330054.567289,4.482222999999999
868330059.345351,4.693496000000001
868330063.738171,4.309981
868330067.902199,4.079506
868330072.316338,4.330735
868330076.638193,4.238325000000001
868330080.615219,3.894429
868330084.700479,4.002602
868330088.774462,3.9643179999999996
868330093.174162,4.316231
868330097.188376,3.931175
868330101.34931,4.0777660000000004
868330105.119681,3.685764
868330108.864648,3.662369
868330112.981836,4.033042
868330116.9483631,3.883485
868330121.321944,4.28962
868330125.0672611,3.661782
868330129.436982,4.28515
868330133.538754,4.0181770000000006
868330137.497108,3.874984
868330140.937399,3.3570919999999997
868330144.3178921,3.2961560000000003
868330147.721463,3.3194150000000002
868330151.1044971,3.312144
868330154.6841581,3.50353
868330158.671775,3.90311
868330162.761744,4.005662999999999
868330166.523996,3.6781
868330170.488193,3.880257
868330174.520103,3.9487360000000002
868330179.240636,4.636959
868330184.180325,4.856109
868330187.8466929,3.581134
868330191.7912049,3.867026
868330195.801268,3.9355040000000003
868330199.9931,4.103757000000001
868330204.041432,3.934427
868330207.777744,3.650867
868330211.757993,3.9016960000000003
868330215.886588,4.052512999999999
868330219.700845,3.72997
868330223.64684,3.851338
868330228.151718,4.436471
868330232.614364,4.393862
868330236.7745961,4.076608
868330241.1341599,4.276168999999999
868330245.306978,4.089033
868330249.6542261,4.263368
868330253.70491,3.967881
868330257.922457,4.134263
868330261.922206,3.916986
868330266.1921101,4.185607
868330270.512336,4.236701
868330274.3491559,3.751958
868330278.3220639,3.889117
868330281.942755,3.536501
868330285.939163,3.9118959999999996
868330289.7700341,3.747181
868330293.951427,4.098801
868330297.926028,3.892089
868330302.004626,3.9942010000000003
868330306.583551,4.494501
868330311.339811,4.696967
868330316.187591,4.764286
868330320.23894,3.948791
868330324.484753,4.161071
868330328.5243449,3.9553260000000003
868330332.5689651,3.961747
868330336.517971,3.866043
868330340.593953,3.9915209999999997
868330344.357959,3.680592
868330348.5379889,4.097226
868330352.574599,3.952205
868330356.492949,3.83473
868330360.3732411,3.797248
868330364.603047,4.146356
868330368.732132,4.045395
868330372.810997,3.9954250000000004
868330376.503721,3.609576
868330380.6819971,4.0936840000000005
868330384.7360871,3.9700550000000003
868330388.6509401,3.848038
868330392.946849,4.212358999999999
868330396.752847,3.721988
868330401.107062,4.269603
868330404.9261271,3.7351340000000004
868330408.558105,3.547271
868330412.444567,3.818167
868330416.6325209,4.118888999999999
868330420.916791,4.216311
868330425.171875,4.171189
868330429.5954621,4.340046999999999
868330433.4335,3.754955
868330437.426504,3.9103819999999994
868330441.592075,4.081675
868330445.7901009,4.114332
868330450.191476,4.317659
868330454.140885,3.858053
868330458.216591,4.000593
868330462.4773481,4.176025
868330466.80422,4.244184
868330471.181223,4.2934339999999995
868330475.188456,3.9235779999999996
868330479.2045281,3.9327229999999997
868330482.873487,3.585861
868330486.9463669,3.9892499999999997
868330491.171511,4.141629
868330495.354012,4.097964
868330499.4038479,3.966687
868330503.501235,4.0143640000000005
868330507.614476,4.029711
868330511.977055,4.2880210000000005
868330516.27139,4.199226
868330520.1909319,3.8364330000000004
868330524.249785,3.9742659999999996
868330528.5717089,4.238891
868330532.6177269,3.9628889999999997
868330536.860468,4.159858
868330541.147767,4.203353
868330545.608947,4.376914
868330550.087927,4.395461
868330554.5461351,4.373245000000001
868330559.34283,4.713471
868330564.50002,5.072934
868330569.575871,4.991754
868330574.380169,4.720203
868330578.3790929,3.9162060000000003
868330582.834322,4.371936
868330586.6129221,3.694184
868330591.080883,4.383293
868330595.0013629,3.8372699999999997
868330598.753842,3.669842
868330602.8682979,4.030660999999999
868330607.0932679,4.141485
868330611.206476,4.029209
868330615.925151,4.6264069999999995
868330619.830866,3.7919300000000002
868330623.9456741,4.0400089999999995
868330627.958714,3.8986989999999997
868330632.346372,4.27443
868330636.39335,3.961679
868330641.086401,4.6183250000000005
868330645.390715,4.22147
868330649.6625229,4.193278
868330653.816939,4.071466999999999
868330658.1315811,4.230426
868330662.304865,4.090601
868330666.411208,4.022432
868330670.789549,4.295322
868330675.0148491,4.141405
868330679.739783,4.639275
868330684.091783,4.2687159999999995
868330688.292215,4.116487
868330692.247927,3.871425
868330696.521635,4.1903440000000005
868330700.296441,3.692148
868330704.4841729,4.104919000000001
868330708.40315,3.83672
868330712.6822499,4.196227
868330717.056983,4.290974
868330721.378352,4.237082
868330725.7885569,4.32629
868330729.9365621,4.065002
868330734.4695491,4.421482
868330738.669264,4.1157449999999995
868330742.90563,4.1530569999999996
868330746.7396239,3.750164
868330750.512691,3.6883250000000003
868330755.258673,4.662813
868330759.563944,4.220864000000001
868330763.649188,4.00208
868330767.907305,4.175605
868330772.155277,4.154224
868330775.864836,3.625379
868330779.637301,3.694433
868330783.167878,3.447865
868330787.134251,3.882875
868330790.5633329,3.354432
868330794.398797,3.760771
868330798.450936,3.9780670000000002
868330802.069959,3.5361
868330806.731871,4.576649000000001
868330810.8287921,4.0129
868330814.455994,3.543688
868330817.876444,3.3375269999999997
868330821.628117,3.66676
868330825.2115979,3.5089919999999997
868330829.0200759,3.733432
868330832.314528,3.204674
868330835.918411,3.519632
868330839.656285,3.6597869999999997
868330843.272236,3.5397190000000003
868330846.654583,3.298762
868330849.851686,3.10385
868330853.416418,3.490126
868330856.718487,3.2275400000000003
868330860.292323,3.499943
868330863.815683,3.4485390000000002
868330867.428842,3.542904
868330870.9050931,3.383321
868330874.259299,3.271309
868330877.363884,3.020644
868330880.622944,3.175761
868330884.4211429,3.715268
868330887.6653221,3.182174
868330891.421767,3.697654
868330894.6837901,3.20437
868330898.670066,3.911185
868330902.260188,3.5152349999999997
868330906.1974369,3.8532029999999997
868330909.836076,3.555079
868330913.2850131,3.3644249999999998
868330916.758081,3.389549
868330920.326035,3.499516
868330923.970263,3.559899
868330928.24195,4.1883859999999995
868330932.384873,4.066806
868330936.448922,3.9802839999999997
868330940.387039,3.854848
868330944.079116,3.607275
868330947.312542,3.159037
868330950.770731,3.3787040000000004
868330953.664409,2.810491
868330956.95621,3.217384
868330959.970653,2.9312650000000002
868330963.055984,2.9879160000000002
868330966.351052,3.233404
868330969.6971,3.2779100000000003
868330973.2216489,3.453074
868330976.149317,2.843959
868330979.421072,3.18836
868330982.5197381,3.021161
868330985.505869,2.911228
868330989.277339,3.714603
868330992.422637,3.089638
868330995.5681889,3.089765
868330998.9185519,3.253761
868331002.116631,3.124913
868331005.364695,3.1656969999999998
868331008.528182,3.0939409999999996
868331011.507034,2.897758
868331014.505226,2.932725
868331017.3734959,2.778341
868331020.132511,2.689293
868331022.6372141,2.442087
868331025.040692,2.361796
868331027.9849991,2.9007780000000003
868331031.3462299,3.266731
868331034.281376,2.891126
868331037.61432,3.27202
868331040.817936,3.1468160000000003
868331044.15693,3.265211
868331047.043952,2.813438
868331049.9405049,2.82742
868331053.199849,3.181206
868331056.790306,3.523738
868331059.946789,3.0744689999999997
868331063.380737,3.347526
868331066.831846,3.396678
868331070.293131,3.3876280000000003
868331073.803452,3.427374
868331076.987096,3.110284
868331080.533424,3.464468
868331083.845312,3.2397609999999997
868331087.405027,3.483326
868331090.837516,3.350323
868331094.036202,3.115766
868331097.539019,3.428347
868331101.0252161,3.412525
868331104.635028,3.516149
868331107.6786159,2.9498049999999996
868331110.897072,3.149326
868331114.124542,3.152042
868331117.17347,2.975092
868331120.47547,3.233264
868331123.678408,3.148831
868331126.4047699,2.662418
868331130.054289,3.566531
868331133.360258,3.222831
868331136.551279,3.086232
868331139.9154539,3.258544
868331143.145276,3.1515890000000004
868331146.553027,3.332396
868331149.786221,3.1510230000000004
868331153.12034,3.251308
868331156.707063,3.512651
868331160.245048,3.463815
868331163.646064,3.306717
868331166.993088,3.268642
868331170.488819,3.419849
868331173.8182961,3.247118
868331177.646087,3.751192
868331181.511965,3.77133
868331185.5633299,3.9761040000000003
868331188.755299,3.108615
868331191.83462,2.995611
868331195.258494,3.348991
868331198.407627,3.087496
868331201.548432,3.061543
868331204.866484,3.256517
868331208.12509,3.196614
868331211.1643721,2.960342
868331214.441397,3.20646
868331217.4970961,2.9616569999999998
868331220.557505,2.985684
868331223.956481,3.304197
868331227.2724531,3.196113
868331230.304003,2.9474940000000003
868331233.868013,3.482676
868331237.347549,3.396204
868331240.265512,2.842692
868331243.330951,2.990448
868331246.597082,3.196062
868331249.832391,3.1518610000000002
868331253.004925,3.0981810000000003
868331256.225374,3.137361
868331259.552608,3.244987
868331262.517984,2.888162
868331265.915596,3.33056
868331269.018197,3.0141679999999997
868331272.4594051,3.357403
868331275.695802,3.1531089999999997
868331279.0195371,3.245603
868331282.4526119,3.349155
868331285.6848011,3.148583
868331288.88774,3.129108
868331292.1681529,3.206201
868331295.364225,3.113374
868331298.539235,3.111522
868331301.842172,3.210227
868331305.617324,3.685517
868331308.914037,3.222461
868331312.454406,3.4660640000000003
868331315.711544,3.181261
868331319.0960051,3.315016
868331322.29381,3.123712
868331325.537324,3.1511389999999997
868331328.646171,3.026048
868331331.784272,3.063265
868331335.14204,3.278858
868331338.6507369,3.4353380000000002
868331342.14208,3.4173340000000003
868331345.1248599,2.9088339999999997
868331348.4671589,3.257601
868331351.75477,3.191376
868331354.968885,3.1361879999999998
868331358.30307,3.251207
868331361.973969,3.587975
868331365.351282,3.300928
868331368.7255169,3.298264
868331372.0838009,3.2745420000000003
868331375.2689381,3.109521
868331378.5681441,3.229431
868331381.723176,3.070315
868331384.844179,3.037714
868331388.330127,3.401407
868331391.486223,3.062681
868331394.693862,3.130065
868331398.223325,3.442408
868331400.689821,2.398177
868331403.471148,2.713644
868331406.238308,2.689863
868331409.732364,3.428699
868331413.098489,3.298928
868331415.791943,2.606827
868331418.015576,2.159808
868331421.293313,3.210455
868331424.5724341,3.195541
868331428.61125,3.948839
868331432.649534,3.954644
868331437.182721,4.438889
868331440.9704131,3.703916
868331444.7002281,3.646581
868331448.358468,3.574154
868331452.1384751,3.696472
868331455.851593,3.629137
868331459.091137,3.1609659999999997
868331462.412411,3.238407
868331465.450151,2.955007
868331468.4618059,2.9286410000000003
868331471.746193,3.216614
868331474.859208,3.034993
868331477.883431,2.9420919999999997
868331481.0965381,3.139193
868331484.719752,3.555253
868331488.030771,3.236994
868331491.684371,3.583087
868331495.016341,3.223086
868331498.579934,3.480689
868331501.8329799,3.1859290000000002
868331505.455747,3.5402649999999998
868331509.285967,3.746956
868331512.615127,3.245854
868331516.4632161,3.773408
868331519.585748,3.0325450000000003
868331523.3636479,3.707046
868331527.0793251,3.640102
868331530.516037,3.3614
868331533.946758,3.355622
868331537.403538,3.372769
868331540.6845839,3.1962789999999996
868331544.165652,3.3979790000000003
868331547.5766339,3.3354779999999997
868331550.733531,3.087311
868331554.347602,3.525532
868331558.129718,3.7063590000000004
868331562.163815,3.959491
868331566.252772,4.013885
868331569.536675,3.2004289999999997
868331572.939705,3.319185
868331576.34914,3.325138
868331579.688677,3.256078
868331582.79703,3.038618
868331586.040391,3.1677329999999997
868331589.482004,3.362595
868331593.195076,3.613888
868331596.5580829,3.2796980000000002
868331599.8878269,3.2469669999999997
868331603.22326,3.2575909999999997
868331606.764928,3.466292
868331610.4883189,3.661344
868331614.116698,3.566081
868331617.759575,3.559098
868331621.098014,3.26334
868331624.406244,3.2334680000000002
868331628.445894,3.965256
868331631.767299,3.238381
868331635.1523521,3.3065350000000002
868331638.356213,3.12818
868331641.722693,3.283246
868331645.120281,3.314254
868331648.46584,3.262566
868331651.7766689,3.243873
868331655.5748479,3.734217
868331659.5701109,3.927397
868331663.489529,3.843637
868331667.185872,3.612713
868331670.641059,3.379576
868331674.7160829,4.001860000000001
868331678.364856,3.5643860000000003
868331682.598887,4.150035
868331686.284074,3.602344
868331689.9015181,3.53425
868331693.5848061,3.6001649999999996
868331697.578568,3.9106449999999997
868331701.467854,3.814225
868331704.870224,3.318544
868331708.223004,3.278117
868331712.0851251,3.786285
868331715.760193,3.5909470000000003
868331719.5558879,3.718165
868331722.965031,3.332065
868331726.3402419,3.2991330000000003
868331729.743052,3.3193010000000003
868331733.1461021,3.319456
868331736.621381,3.39259
868331739.989429,3.2936419999999997
868331743.6673529,3.558021
868331747.274674,3.537795
868331751.1236991,3.765745
868331754.960368,3.753587
868331758.612443,3.569142
868331762.173231,3.477986
868331766.031456,3.790596
868331769.524915,3.425894
868331773.239607,3.643713
868331776.465044,3.133217
868331780.270737,3.722619
868331783.5445961,3.19076
868331787.296663,3.67447
868331790.658247,3.293903
868331794.2106141,3.4853739999999998
868331797.5871431,3.287888
868331801.154566,3.4840079999999998
868331805.139295,3.9010849999999997
868331808.397438,3.143331
868331811.925911,3.445083
868331815.596569,3.561328
868331819.3622891,3.690805
868331822.572598,3.134097
868331825.9862889,3.339435
868331829.854875,3.794485
868331833.769163,3.839337
868331837.459549,3.615184
868331841.539425,4.0050550000000005
868331845.231734,3.6087990000000003
868331849.31382,3.9987269999999997
868331852.886966,3.490048
868331856.192395,3.2218139999999997
868331859.828813,3.552994
868331863.9549681,4.048464
868331867.727798,3.6751829999999996
868331871.20229,3.392415
868331874.533017,3.242735
868331878.124621,3.509007
868331881.627087,3.398815
868331885.4999139,3.7896959999999997
868331889.309272,3.7414509999999996
868331892.7816579,3.390031
868331896.26887,3.4202019999999997
868331899.713091,3.3602
868331903.218089,3.427537
868331907.382846,4.089062
868331911.4191229,3.961234
868331914.839324,3.33753
868331918.649335,3.73467
868331922.2894781,3.556162
868331925.791198,3.41809
868331930.034585,4.1609300000000005
868331934.7197,4.602272
868331938.171318,3.368695
868331941.6686729,3.413589
868331945.572173,3.818748
868331949.210166,3.554388
868331952.874027,3.579599
868331956.380274,3.431448
868331960.056584,3.602746
868331963.7728901,3.6408199999999997
868331967.337842,3.487513
868331970.6793641,3.263961
868331974.316904,3.548103
868331977.968163,3.567518
868331981.7582849,3.705259
868331985.195459,3.3541339999999997
868331988.826325,3.5550629999999996
868331992.84268,3.933673
868331995.944978,3.028535
868331999.457909,3.404088
868332002.78005,3.236357
868332006.800438,3.9364869999999996
868332010.041456,3.1486970000000003
868332013.5724189,3.448779
868332017.390051,3.756078
868332021.185804,3.719243
868332024.6147549,3.345411
868332028.132451,3.424679
868332031.884545,3.6783129999999997
868332035.784532,3.822211
868332039.222143,3.361113
868332043.069458,3.769499
868332046.95446,3.8014390000000002
868332050.696124,3.6576429999999998
868332055.2658261,4.4863480000000004
868332059.771845,4.422675
868332064.3209541,4.4613190000000005
868332068.0719639,3.6681779999999997
868332071.398726,3.242752
868332074.6330241,3.156145
868332078.554324,3.837208
868332081.8366189,3.206912
868332085.612222,3.6999720000000003
868332089.1324401,3.436854
868332092.36071,3.154427
868332095.767891,3.33314
868332099.159561,3.3213150000000002
868332102.521205,3.2938400000000003
868332106.019346,3.414772
868332109.423821,3.3173220000000003
868332112.707331,3.2088479999999997
868332116.7401999,3.9582940000000004
868332120.623086,3.807201
868332123.878086,3.1712599999999997
868332127.578408,3.622601
868332130.901207,3.246557
868332134.961055,3.9978590000000005
868332138.671369,3.648368
868332142.407187,3.6735349999999998
868332145.657813,3.1673560000000003
868332149.068676,3.3278600000000003
868332152.6105089,3.447503
868332155.820334,3.126225
868332159.3344481,3.436162
868332163.381482,3.970815
868332167.010373,3.554542
868332171.087697,3.9873260000000004
868332174.441975,3.2799
868332178.65395,4.1289109999999996
868332182.924539,4.187091000000001
868332187.0059949,3.996823
868332190.345341,3.25686
868332193.6174409,3.18845
868332197.546,3.8450200000000003
868332201.364172,3.734327
868332205.08203,3.634107
868332208.586862,3.416036
868332211.988589,3.32592
868332215.43908,3.3324510000000003
868332219.075169,3.553001
868332222.828464,3.679065
868332226.322666,3.410743
868332229.949648,3.541573
868332233.243804,3.211479
868332236.7121019,3.385931
868332240.193669,3.39887
868332243.592103,3.3145610000000003
868332247.4018669,3.7399489999999997
868332251.268851,3.7982340000000003
868332254.974728,3.6207230000000004
868332258.889256,3.846269
868332262.699879,3.742132
868332266.455802,3.6874439999999997
868332270.090664,3.5666119999999997
868332274.127134,3.9529659999999995
868332277.5935019,3.352607
868332281.163075,3.4864140000000003
868332284.793786,3.543248
868332288.656044,3.787877
868332292.049628,3.320007
868332295.4538599,3.318908
868332299.089642,3.5572
868332302.584277,3.410885
868332306.3789631,3.720233
868332309.8829061,3.408631
868332313.421402,3.463851
868332317.104105,3.607894
868332320.6354309,3.448784
868332324.603279,3.892503
868332328.213487,3.527165
868332331.423948,3.1279239999999997
868332335.0965359,3.594501
868332338.350279,3.1702980000000003
868332341.9750609,3.540724
868332345.465135,3.423242
868332348.930197,3.39735
868332352.67572,3.65177
868332356.133382,3.374209
868332360.056603,3.839546
868332363.752741,3.611932
868332367.127079,3.296617
868332371.1328421,3.930062
868332374.611651,3.3967709999999998
868332377.9989179,3.287975
868332381.829589,3.747021
868332385.607963,3.694804
868332389.332239,3.6406519999999998
868332392.6877201,3.287699
868332396.636634,3.857212
868332400.275836,3.570638
868332403.674236,3.314895
868332407.385077,3.632224
868332410.721462,3.260421
868332414.1577251,3.367747
868332417.593254,3.365378
868332421.559713,3.8979280000000003
868332424.978495,3.331601
868332428.986794,3.923647
868332432.3279799,3.2582940000000002
868332435.95533,3.544154
868332439.724277,3.668581
868332442.947125,3.15529
868332446.611058,3.596123
868332449.916516,3.230639
868332453.262682,3.262381
868332456.769611,3.432487
868332460.346832,3.501881
868332464.092148,3.670958
868332467.933941,3.7576359999999998
868332471.3415561,3.291549
868332475.362355,3.9450819999999998
868332479.024573,3.579881
868332482.4592099,3.351
868332486.533479,4.006222
868332490.1576861,3.5575989999999997
868332494.385025,4.143758
868332497.783711,3.3314540000000004
868332501.248203,3.3968700000000003
868332504.368394,3.036481
868332507.789196,3.3382099999999997
868332511.628321,3.761279
868332515.185503,3.4821750000000002
868332518.534404,3.274431
868332521.9847599,3.375677
868332525.716371,3.648302
868332529.120222,3.328359
868332532.6898669,3.4955089999999998
868332536.138732,3.374362
868332539.720368,3.497685
868332543.45258,3.654501
868332546.877375,3.349374
868332550.677454,3.705968
868332554.903318,4.140758
868332559.431201,4.448653999999999
868332563.8603549,4.34549
868332567.493562,3.549898
868332571.325811,3.7564170000000003
868332574.357286,2.949083
868332577.457125,3.0229649999999997
868332580.891523,3.350605
868332584.574062,3.6147660000000004
868332588.076483,3.434467
868332591.632321,3.487878
868332595.0711449,3.361193
868332598.338073,3.192039
868332601.735877,3.314629
868332605.064348,3.253527
868332608.815182,3.660745
868332612.071401,3.160923
868332615.89711,3.741713
868332619.63484,3.659844
868332622.9850861,3.266863
868332626.696775,3.635636
868332630.6665651,3.88594
868332634.313383,3.5721920000000003
868332637.5592489,3.151796
868332641.277047,3.643649
868332644.7866,3.4350560000000003
868332648.314239,3.452223
868332652.1084399,3.719669
868332655.463845,3.270346
868332658.919381,3.385319
868332662.412125,3.389168
868332665.755416,3.259074
868332669.093891,3.2561080000000002
868332672.550526,3.373072
868332675.7670361,3.141569
868332679.313772,3.46889
868332683.488152,4.099345
868332687.224178,3.642846
868332690.5632759,3.256059
868332693.849757,3.211558
868332697.440736,3.517356
868332700.6436651,3.127494
868332704.1705221,3.451842
868332708.038372,3.793164
868332711.4852871,3.371905
868332715.064813,3.501806
868332718.5019679,3.354623
868332722.657696,4.073076
868332726.279165,3.546126
868332729.571833,3.2087280000000002
868332733.104129,3.4491880000000004
868332736.702105,3.523862
868332740.558021,3.781679
868332743.771391,3.1381
868332747.072233,3.222861
868332750.579361,3.431872
868332754.1089189,3.0820190000000003
868332757.722807,3.54657
868332761.223002,3.416585
868332764.834986,3.543541
868332768.586079,3.675926
868332771.956455,3.2947520000000003
868332775.664078,3.5956080000000004
868332779.229417,3.487923
868332783.119761,3.813616
868332786.621541,3.417984
868332790.0704819,3.35865
868332793.494601,3.355988
868332796.870604,3.3092629999999996
868332800.139848,3.185779
868332804.034648,3.810233
868332807.59708,3.477373
868332811.176701,3.509594
868332814.796792,3.536899
868332818.3944299,3.522753
868332822.211841,3.7347729999999997
868332826.236398,3.941223
868332830.01794,3.6988239999999997
868332833.7113249,3.609426
868332836.9562069,3.1612530000000003
868332840.466359,3.428025
868332844.291371,3.7493600000000002
868332848.304104,3.9382590000000004
868332851.722265,3.342748
868332855.534983,3.734837
868332859.4688351,3.8585059999999998
868332862.5318099,2.98031
868332865.895138,3.300361
868332868.977997,3.007841
868332872.210554,3.157966
868332875.579563,3.294388
868332879.3924079,3.354487
868332883.161466,3.693587
868332886.653834,3.409099
868332889.867187,3.1298179999999998
868332893.298418,3.347746
868332896.469021,3.088132
868332899.63288,3.0805390000000004
868332902.778335,3.067348
868332906.4131091,3.559549
868332909.7078669,3.209885
868332913.092054,3.300542
868332916.7970309,3.6374799999999996
868332920.260658,3.3808990000000003
868332924.195045,3.850075
868332927.471726,3.193873
868332931.742131,4.192539
868332935.1366531,3.284615
868332938.630694,3.425538
868332941.788673,3.078996
868332945.343261,3.470838
868332948.898365,3.472406
868332952.520525,3.539162
868332955.875025,3.2805239999999998
868332959.395528,3.4508799999999997
868332962.913699,3.450322
868332966.328011,3.331624
868332969.740582,3.3291929999999996
868332973.43885,3.614742
868332976.7164911,3.209743
868332980.37603,3.59138
868332983.758552,3.314317
868332987.302105,3.465866
868332990.78451,3.3993819999999997
868332994.227481,3.35961
868332997.584727,3.282424
868333001.225386,3.565408
868333004.365262,3.065683
868333007.521623,3.070696
868333011.473516,3.87331
868333015.030524,3.4744960000000003
868333018.628523,3.514203
868333022.538404,3.826015
868333026.236602,3.613851
868333029.966864,3.6466570000000003
868333033.050159,2.9985939999999998
868333036.038912,2.90561
868333039.009595,2.8943570000000003
868333042.1624451,3.071088
868333045.7354859,3.505387
868333049.018219,3.218528
868333052.349529,3.266574
868333055.7293919,3.308917
868333059.04856,3.257973
868333062.6061649,3.474135
868333066.048983,3.3593680000000004
868333069.5051861,3.372885
868333072.809403,3.229699
868333076.3352331,3.451468
868333079.589466,3.170909
868333083.183795,3.52366
868333086.542882,3.284465
868333089.878753,3.262365
868333093.1132361,3.143089
868333096.2780809,3.081766
868333099.980098,3.618029
868333103.3920729,3.315377
868333106.961646,3.493827
868333110.401848,3.357294
868333113.917927,3.432224
868333117.0935969,3.101595
868333120.888308,3.710972
868333124.0699179,3.0975289999999998
868333127.459271,3.305587
868333130.729813,3.1919489999999997
868333134.406184,3.5937400000000004
868333137.8256459,3.336922
868333141.300028,3.4121949999999996
868333144.719248,3.35717
868333148.4450879,3.6633210000000003
868333151.799886,3.2715840000000003
868333155.012768,3.135036
868333158.357042,3.2589870000000003
868333161.7042099,3.256522
868333164.9237441,3.150766
868333168.352789,3.3608219999999998
868333171.784008,3.363814
868333175.402146,3.554647
868333179.166688,3.678892
868333182.571523,3.321446
868333185.9581399,3.303779
868333189.249269,3.2071690000000004
868333192.6709031,3.336701
868333195.876222,3.1213539999999997
868333199.297269,3.3438220000000003
868333202.510377,3.136685
868333205.736539,3.143385
868333209.2888579,3.467959
868333212.654497,3.297952
868333216.092497,3.370492
868333219.699903,3.523771
868333223.2152741,3.4359360000000003
868333226.892684,3.593674
868333230.230662,3.2546850000000003
868333233.65412,3.339096
868333237.221538,3.484074
868333240.725277,3.420144
868333244.261836,3.453238
868333248.080264,3.751528
868333251.6042819,3.4543109999999997
868333255.0815611,3.399768
868333258.5053589,3.33872
868333262.2704539,3.68106
868333266.249578,3.9101860000000004
868333270.134537,3.81707
868333273.7056731,3.5036680000000002
868333277.274354,3.484605
868333280.777852,3.42035
868333284.367162,3.506136
868333287.43464,2.9840790000000004
868333290.800689,3.287927
868333293.957796,3.074459
868333297.313436,3.272165
868333301.019637,3.6217699999999997
868333305.194154,4.085844
868333309.67756,4.408723
868333314.1946,4.441268
868333318.659718,4.376587000000001
868333322.6623601,3.9193179999999996
868333327.495244,4.74966
868333331.728176,4.149488
868333335.787365,3.9756790000000004
868333339.927551,4.064349
868333343.7934041,3.753782
868333347.251988,3.375185
868333351.12728,3.783716
868333354.722864,3.521672
868333358.2714211,3.474106
868333362.2731099,3.917548
868333366.310037,3.952946
868333370.087789,3.693982
868333373.6818041,3.5113879999999997
868333377.108845,3.344213
868333380.550793,3.3596009999999996
868333384.501369,3.881029
868333387.960817,3.39133
868333391.7167441,3.663902
868333395.151603,3.3586470000000004
868333398.639977,3.4123930000000002
868333402.066928,3.342639
868333405.620309,3.462536
868333408.890483,3.195347
868333412.52612,3.561684
868333415.757802,3.1488739999999997
868333419.45459,3.619273
868333422.7937471,3.262701
868333426.4943889,3.594974
868333431.028464,4.459201999999999
868333434.5164521,3.4039230000000003
868333437.7496519,3.150051
868333441.464849,3.63057
868333444.425393,2.877768
868333447.791813,3.292115
868333451.2512879,3.3895549999999997
868333454.4266421,3.107653
868333457.93519,3.4331050000000003
868333461.2484809,3.229497
868333464.6979741,3.365493
868333467.8486819,3.065274
868333471.089232,3.162653
868333474.564792,3.407884
868333477.936034,3.287602
868333481.345017,3.325674
868333485.01976,3.557319
868333488.696332,3.5929320000000002
868333492.913458,4.133325999999999
868333496.2860221,3.289481
868333499.962684,3.593579
868333503.407337,3.334431
868333507.1180581,3.627482
868333510.744453,3.55339
868333514.3591789,3.53113
868333517.904092,3.4767040000000002
868333521.248411,3.2610799999999998
868333524.5320771,3.200723
868333527.93486,3.318825
868333531.6595061,3.6607760000000003
868333535.098186,3.371067
868333538.51642,3.355721
868333542.2962021,3.6961820000000003
868333545.894863,3.515091
868333549.530609,3.551792
868333553.351418,3.736908
868333557.8500991,4.415001
868333562.222527,4.290462
868333565.818511,3.5218570000000002
868333569.307456,3.4056759999999997
868333572.588782,3.1858310000000003
868333576.330627,3.659618
868333579.5140849,3.100786
868333582.570588,2.978411
868333585.8061881,3.166857
868333588.9242951,3.043763
868333592.3586451,3.3612070000000003
868333594.997069,2.564569
868333597.719417,2.652593
868333600.634135,2.840481
868333603.793252,3.07683
868333607.106295,3.236555
868333610.0797939,2.9004640000000004
868333613.237442,3.084806
868333616.507241,3.196155
868333619.6607239,3.0803610000000003
868333622.6764181,2.945409
868333626.080345,3.3312760000000003
868333628.616863,2.454953
868333631.4565611,2.7729019999999998
868333634.477345,2.9591700000000003
868333637.616992,3.058843
868333640.6406131,2.942723
868333643.790417,3.0565879999999996
868333647.0746161,3.2215
868333649.857335,2.702502
868333652.780342,2.850202
868333655.877182,3.023059
868333658.8724779,2.9316199999999997
868333662.152647,3.2167329999999996
868333665.263503,3.036668
868333668.173676,2.843161
868333671.098877,2.8586739999999997
868333674.252505,3.090221
868333677.162874,2.8425149999999997
868333680.611133,3.374563
868333684.165132,3.486959
868333687.487106,3.251269
868333690.637326,3.086832
868333693.860282,3.14125
868333697.1065171,3.165016
868333700.5251969,3.337334
868333703.775767,3.177379
868333706.7682121,2.9231000000000003
868333709.7330769,2.8908110000000002
868333712.8578041,3.0234989999999997
868333715.885485,2.946349
868333719.458822,3.504086
868333722.6547079,3.1130289999999996
868333726.191039,3.4740539999999998
868333729.437119,3.181718
868333732.5677791,3.047733
868333735.8924221,3.241725
868333739.4759979,3.50622
868333742.66954,3.1179699999999997
868333744.978832,2.242509
868333747.9664061,2.9195100000000003
868333751.187602,3.1116960000000002
868333754.905411,3.635605
868333758.241497,3.2741409999999997
868333760.329191,2.026304
868333762.951318,2.5339270000000003
868333766.386262,3.380538
868333769.491719,3.0097140000000002
868333772.6111231,3.0363059999999997
868333775.693349,2.985303
868333779.423453,3.660758
868333783.062343,3.5449159999999997
868333786.762244,3.624971
868333790.4930631,3.6560099999999998
868333793.749504,3.161029
868333797.358521,3.534348
868333800.8581871,3.423412
868333805.324175,4.390766
868333809.0893251,3.690077
868333812.675216,3.502116
868333816.440855,3.6818400000000002
868333819.788331,3.264307
868333823.64599,3.779171
868333827.0268279,3.304656
868333830.4536229,3.342804
868333834.25267,3.711634
868333837.583513,3.2366449999999998
868333841.071874,3.405557
868333844.7943001,3.6477
868333848.087399,3.2099810000000004
868333851.713027,3.540881
868333855.412418,3.620933
868333859.04176,3.54481
868333862.754546,3.629242
868333865.944332,3.105089
868333869.784763,3.772825
868333873.227521,3.359454
868333877.132625,3.8216650000000003
868333880.333951,3.117816
868333883.815116,3.398313
868333887.229003,3.350539
868333890.4858209,3.195014
868333893.566349,3.013291
868333896.616232,2.98061
868333899.9139099,3.2224269999999997
868333903.208602,3.224212
868333906.920576,3.643177
868333910.373497,3.3684790000000002
868333914.111723,3.654541
868333917.813531,3.618685
868333921.180343,3.291506
868333924.535598,3.280057
868333927.511644,2.90494
868333931.359931,3.7699640000000003
868333935.6379889,4.194924
868333938.914915,3.1927600000000003
868333942.346347,3.345065
868333945.868268,3.4481770000000003
868333949.449553,3.492446
868333952.85636,3.331386
868333956.0719459,3.139138
868333959.686766,3.5304450000000003
868333963.315956,3.55892
868333966.8132299,3.421739
868333970.159799,3.263781
868333973.5818081,3.3374569999999997
868333977.022967,3.34635
868333980.300768,3.202558
868333983.584252,3.209163
868333986.9453839,3.283265
868333990.881308,3.859785
868333994.6098601,3.654398
868333998.025578,3.3396879999999998
868334001.3006201,3.191306
868334004.9667181,3.582558
868334008.708162,3.6581740000000003
868334011.88635,3.088018
868334014.950551,3.008981
868334018.267576,3.255726
868334021.50084,3.164772
868334025.106798,3.53207
868334028.15755,2.974342
868334031.598806,3.366454
868334034.906379,3.237818
868334038.530479,3.557051
868334041.8886969,3.284693
868334045.3550841,3.382813
868334049.137464,3.7088669999999997
868334052.6353099,3.414913
868334057.035391,4.3169319999999995
868334061.462451,4.344423
868334065.308152,3.762517
868334068.3483319,2.9565960000000002
868334071.858146,3.4263689999999998
868334075.05838,3.121613
868334078.684453,3.563857
868334082.110002,3.3361490000000003
868334085.426363,3.247654
868334088.7732481,3.279407
868334091.781569,2.925573
868334094.875093,3.015903
868334098.1954701,3.24449
868334101.617565,3.338742
868334105.313162,3.620851
868334108.398407,3.001944
868334112.1858721,3.7133079999999996
868334115.39912,3.12989
868334119.295379,3.818512
868334122.6944749,3.306778
868334126.218757,3.441554
868334129.734008,3.4316009999999997
868334133.740133,3.92307
868334137.145486,3.338574
868334140.5786641,3.364736
868334144.064742,3.4022789999999996
868334147.2104629,3.0610530000000002
868334150.4601711,3.172373
868334153.795254,3.2520219999999997
868334157.187179,3.324376
868334160.637135,3.3658
868334164.082314,3.377997
868334167.715245,3.548549
868334171.116135,3.3227130000000002
868334174.943087,3.743954
868334179.049405,4.023415
868334183.058327,3.925181
868334186.1003261,2.9595670000000003
868334189.0327619,2.849024
868334192.248691,3.141825
868334195.42661,3.104332
868334198.703561,3.2070649999999996
868334202.223488,3.444901
868334205.5580641,3.251445
868334209.049801,3.416944
868334212.0621461,2.919761
868334215.694561,3.54656
868334218.800669,3.027911
868334222.156298,3.2804
868334225.3647311,3.124289
868334228.536549,3.097509
868334231.86978,3.258456
868334235.830379,3.874093
868334239.7982891,3.899627
868334243.309696,3.435435
868334246.7323761,3.346855
868334249.9449929,3.127965
868334253.2578831,3.2222459999999997
868334256.675488,3.334907
868334260.068629,3.307627
868334263.456018,3.29218
868334266.9813559,3.438607
868334270.67725,3.620439
868334273.824739,3.072834
868334277.152366,3.2314380000000003
868334280.20508,2.978933
868334283.251027,2.970942
868334286.818954,3.489956
868334290.276542,3.38016
868334293.58183,3.2308499999999998
868334296.992554,3.328236
868334300.099429,3.023396
868334303.99468,3.811096
868334308.273327,4.156827
868334312.82258,4.47245
868334316.258288,3.359355
868334319.465338,3.129484
868334322.390135,2.8438980000000003
868334325.4137709,2.936649
868334328.994756,3.492157
868334332.362338,3.28135
868334335.390199,2.949734
868334339.035655,3.564505
868334342.211367,3.099522
868334345.252489,2.970614
868334348.4491171,3.127335
868334352.04166,3.522275
868334355.272567,3.160345
868334358.614966,3.2613849999999998
868334362.34417,3.642884
868334365.5361819,3.1061270000000003
868334368.568691,2.962597
868334371.56947,2.927433
868334374.2661799,2.613835
868334376.911605,2.5588640000000002
868334378.8546159,1.857741
