2343676558.724475,3.2339510000000002
2343676563.4717917,3.017402
2343676568.856153,3.5759160000000003
2343676571.9049,3.009086
2343676575.274971,1.7302229999999998
2343676579.188243,3.290368
2343676582.215001,2.988194
2343676585.695372,3.4211620000000003
2343676588.919638,2.246485
2343676591.678423,2.706796
2343676595.459205,2.6551970000000003
2343676598.971139,3.0409539999999997
2343676601.627795,2.099939
2343676605.050997,2.1381170000000003
2343676608.445918,2.7778590000000003
2343676609.987927,1.50298
2343676611.9663677,1.917669
2343676613.8519273,1.83565
2343676618.403541,2.773463
2343676622.066956,2.259436
2343676625.6827087,2.850289
2343676631.4075327,3.680136
2343676635.7121544,2.969287
2343676638.018258,2.2558059999999998
2343676640.3315387,2.258019
2343676643.0259647,2.660231
2343676647.0281563,2.015913
2343676651.768606,2.8248230000000003
2343676654.601643,1.7542499999999999
2343676657.309142,2.654964
2343676662.262145,2.964509
2343676665.247724,2.930389
2343676667.30032,2.0212429999999997
2343676672.2697263,3.3951670000000003
2343676679.175273,4.655636
2343676682.609471,3.4032709999999997
2343676685.3944807,1.1355110000000002
2343676688.1193614,2.694802
2343676691.041906,2.403522
2343676693.83709,2.093477
2343676697.18369,3.291411
2343676699.593851,2.355204
2343676702.320706,2.674803
2343676706.606192,3.485078
2343676711.380057,4.142638
2343676715.45377,3.325949
2343676721.016734,3.864291
2343676723.4849677,2.417813
2343676725.986056,2.454524
2343676730.658412,2.3735980000000003
2343676733.949517,2.7409399999999997
2343676737.016604,3.018733
2343676740.916298,3.136997
2343676743.556634,2.6034100000000002
2343676745.365996,1.7763200000000001
2343676749.047285,3.625849
2343676752.7675123,1.9871659999999998
2343676755.09237,2.273738
2343676758.455575,3.317455
2343676760.9929543,2.493028
2343676764.4184546,3.379924
2343676767.4584727,2.339638
2343676771.60866,2.642121
2343676775.4801426,3.830706
2343676779.366497,2.555892
2343676782.249656,2.449773
2343676784.938231,2.650491
2343676787.863627,2.0877130000000004
2343676791.387421,3.115531
2343676794.3859997,2.945953
2343676796.9742517,2.535795
2343676800.368251,2.524302
2343676804.4209647,2.785098
2343676807.978907,3.523862
2343676811.0077896,2.971131
2343676813.470225,2.425833
2343676816.331153,2.81777
2343676819.1315594,2.252894
2343676851.9936304,31.017011
2343676856.1489706,2.8544859999999996
2343676860.534294,3.573629
2343676864.0955343,2.4141779999999997
2343676870.256836,6.092778
2343676875.199331,4.899983
2343676876.96731,1.727148
2343676881.11771,4.096718
2343676885.117108,3.9458210000000005
2343676918.584477,30.439431
2343676956.70864,38.057773000000005
2343676960.9684973,4.187824
2343676969.271626,4.301845
2343676972.186659,2.849536
2343676976.9010897,1.999111
2343676979.09188,2.159259
2343676983.745826,2.629794
2343676986.1300473,2.353061
2343676988.3732443,2.212317
2343676991.2335057,2.804189
2343676994.560854,2.111091
2343676997.892512,2.3043299999999998
2343677000.550243,2.118362
2343677002.849591,1.818995
2343677005.401852,2.5153049999999997
2343677008.197447,2.756888
2343677011.216543,2.974858
2343677014.9724584,3.1809350000000003
2343677018.075957,2.418694
2343677020.495311,2.375073
2343677023.612179,2.567911
2343677025.716866,2.07035
2343677028.821683,2.380049
2343677031.186319,1.972989
2343677036.127688,2.858261
2343677039.306366,3.139246
2343677042.8085628,2.331599
2343677069.535852,26.674025
2343677076.845355,5.229431
2343677080.839197,3.9278739999999996
2343677085.8344083,4.217357
2343677090.950129,4.2461649999999995
2343677097.438887,3.520212
2343677100.507464,3.01425
2343677105.1719823,2.823257
2343677109.433473,2.693339
2343677112.0454597,2.580433
2343677116.073138,2.9257910000000003
2343677119.3725986,2.526079
2343677122.139713,2.719321
2343677125.110616,2.926888
2343677127.30166,2.138363
2343677129.215462,1.263213
2343677131.645411,1.6865700000000001
2343677160.703105,27.525866999999998
2343677183.232401,21.890320000000003
2343677188.946782,5.652051
2343677193.653019,3.672162
2343677201.062265,3.6049010000000004
2343677205.2067027,2.7697920000000003
2343677209.958281,4.138251
2343677214.31118,3.3480950000000003
2343677219.5056753,5.164297
2343677222.8732057,2.100714
2343677227.5630407,2.426725
2343677235.376451,6.380253
2343677237.441326,2.0266759999999997
2343677242.197149,4.710022
2343677248.24504,5.141093000000001
2343677286.600851,38.309676
2343677291.763647,5.0995989999999995
2343677298.489192,4.69316
2343677302.6806374,4.137443
2343677305.780208,2.281885
2343677308.7525496,2.9186759999999996
2343677311.771097,2.421699
2343677314.904498,3.0833649999999997
2343677318.061816,3.095393
2343677320.808748,2.691601
2343677323.9234343,2.5912309999999996
2343677326.571395,2.606665
2343677329.2733693,1.9562529999999998
2343677332.141228,2.822365
2343677338.911328,5.6837789999999995
2343677346.015278,4.100319
2343677353.371961,4.9570300000000005
2343677360.0430617,3.102919
2343677364.994037,4.022243
2343677367.745582,2.350342
2343677370.4282417,2.6542190000000003
2343677376.759648,5.426943
2343677379.024636,2.2085730000000003
2343677385.623262,2.8199319999999997
2343677392.5604577,4.536758
2343677396.887262,2.8204559999999996
2343677400.928419,3.29677
2343677408.390867,2.387168
2343677412.104393,2.5907590000000003
2343677414.761967,2.6018790000000003
2343677417.509159,2.693853
2343677419.8382573,2.262678
2343677425.281887,3.984861
2343677428.2773848,2.930699
2343677430.287499,1.9687070000000002
2343677434.913695,2.1180499999999998
2343677439.035964,4.089047
2343677441.7742796,2.703698
2343677447.790362,4.811194
2343677450.395878,2.179156
2343677455.157342,4.714187
2343677458.986384,3.770066
2343677462.545725,3.513501
2343677466.081549,3.4738680000000004
2343677470.311555,4.164573000000001
2343677474.935233,3.3885080000000003
2343677478.637494,2.965115
2343677481.8816886,3.189282
2343677485.078555,2.366395
2343677488.627967,2.835201
2343677491.349001,2.684082
2343677493.653902,1.759317
2343677496.4385767,2.743469
2343677500.56817,3.395252
2343677503.6572948,3.025576
2343677506.9579964,3.2249000000000003
2343677511.069337,2.368435
2343677513.965692,2.831944
2343677516.905271,2.878308
2343677519.5654736,2.057904
2343677523.036162,2.7706470000000003
2343677525.804814,1.908101
2343677529.593432,3.268522
2343677533.066017,2.5395909999999997
2343677536.422616,2.680556
2343677539.594681,3.110028
2343677542.433096,2.770191
2343677545.384564,2.886441
2343677548.1971807,2.752352
2343677551.1895914,2.9520649999999997
2343677554.211864,2.96915
2343677558.5949903,2.780603
2343677561.358357,2.194846
2343677564.495288,2.455128
2343677566.892244,2.355458
2343677569.310926,2.367089
2343677572.209362,1.1315870000000001
2343677574.193809,1.947772
2343677577.6641464,2.8536170000000003
2343677581.3523507,2.58732
2343677585.195775,3.357607
2343677589.596133,4.3668819999999995
2343677592.5186377,2.8897139999999997
2343677596.5207167,3.961241
2343677599.3970304,2.82796
2343677602.702734,3.263729
2343677606.407786,2.933494
2343677609.87289,3.407599
2343677615.408759,3.169418
2343677618.7135906,2.853395
2343677621.376987,2.626457
2343677624.084452,1.9827769999999998
2343677626.691793,2.104092
2343677629.401238,2.655201
2343677633.1459174,1.815528
2343677636.908208,3.033338
2343677642.666174,3.2907689999999996
2343677645.803134,3.088098
2343677651.395416,2.746651
2343677656.177721,3.132761
2343677658.521628,2.279602
2343677661.894199,2.800919
2343677664.746659,1.874374
2343677668.482401,3.1376429999999997
2343677671.925344,2.173252
2343677674.272411,2.285762
2343677677.2685,1.903227
2343677680.601141,3.297981
2343677683.143696,2.505996
2343677686.4113326,3.231169
2343677689.0198917,2.569926
2343677692.285615,3.227326
2343677695.082268,2.757657
2343677697.428522,2.294603
2343677703.501895,2.475994
2343677707.0186276,1.715607
2343677711.394516,3.422167
2343677715.251739,3.8021700000000003
2343677718.1078653,2.810033
2343677721.555558,2.130001
2343677726.6511025,2.2360040000000003
2343677732.174844,2.3766730000000003
2343677734.7437983,2.5341080000000002
2343677739.033985,2.474068
2343677741.045656,1.9809659999999998
2343677743.2860436,2.1933209999999996
2343677745.635552,2.3000350000000003
2343677748.99351,2.8192120000000003
2343677752.718185,2.894114
2343677756.1095033,3.350381
2343677758.793013,2.64209
2343677762.132443,2.7382299999999997
2343677765.273341,2.460988
2343677769.429801,2.84271
2343677773.10583,3.196433
2343677777.930199,3.7603969999999998
2343677781.8927317,2.4488700000000003
2343677785.61063,2.634842
2343677788.330361,2.684026
2343677791.732552,3.345877
2343677794.0321813,2.247136
2343677796.807084,2.709603
2343677799.042903,2.196147
2343677801.496033,2.400925
2343677803.958127,2.420782
2343677807.4701724,2.357792
2343677810.6461453,1.938277
2343677814.0059237,2.6909780000000003
2343677817.9127073,2.97933
2343677821.955235,2.788972
2343677824.7705216,2.779358
2343677828.6858864,3.871883
2343677831.7610526,2.0241949999999997
2343677839.2914877,3.194185
2343677843.483119,2.463358
2343677845.672225,2.162325
2343677849.622352,2.402262
2343677852.436218,2.786739
2343677856.577919,2.315934
2343677861.163531,3.619485
2343677863.65354,2.452064
2343677866.206487,2.504807
2343677869.626124,2.610694
2343677872.575258,2.37126
2343677876.1727114,3.09597
2343677880.103536,3.2442360000000003
2343677883.8324814,3.683764
2343677886.7468133,2.217527
2343677890.882288,3.428599
2343677894.534421,2.9964660000000003
2343677896.59659,2.026597
2343677898.999074,2.34557
2343677901.351094,2.318321
2343677905.9215727,4.017474
2343677908.42556,2.458754
2343677911.410832,2.310781
2343677916.802119,1.773777
2343677920.177244,2.451738
2343677923.483995,3.253717
2343677927.192392,3.640238
2343677929.8374157,2.579106
2343677934.3694873,3.0114769999999997
2343677938.045536,3.094471
2343677940.1346493,2.0570060000000003
2343677947.0125337,5.393744
2343677950.623494,3.56318
2343677952.11908,1.448823
2343677956.296881,3.433939
2343677959.654097,3.305491
2343677967.237576,3.468024
2343677971.3659973,4.072979
2343677974.5040236,2.787102
2343677977.332806,2.364716
2343677980.172845,2.803065
2343677982.6026287,2.374806
2343677986.310788,1.8142550000000002
2343677988.126138,1.765553
2343677991.859884,3.102044
2343677995.407371,2.8025659999999997
2343677998.519846,2.585282
2343678002.177804,2.875976
2343678007.199462,3.380119
2343678010.287523,3.018018
2343678014.184027,2.988455
2343678017.2151437,2.328071
2343678019.485573,2.233275
2343678022.994705,2.954069
2343678027.7835298,3.5055389999999997
2343678031.047165,3.2009790000000002
2343678034.079452,2.9659769999999996
2343678037.156064,3.031644
2343678041.3005233,2.526164
2343678045.444985,2.1017129999999997
2343678049.232283,3.31215
2343678053.035993,3.198903
2343678057.618671,3.751849
2343678060.320692,2.6656940000000002
2343678063.5201035,3.123865
2343678067.579433,2.29829
2343678070.584718,2.0411460000000003
2343678073.647704,3.01188
2343678077.433125,2.911054
2343678079.812896,2.310379
2343678082.904658,2.650045
2343678086.1370664,3.198499
2343678091.302096,3.2156580000000003
2343678095.802459,2.542177
2343678098.4844813,2.6288739999999997
2343678101.4102407,2.413896
2343678103.007116,1.551275
2343678111.412527,8.370609
2343678114.827085,3.368757
2343678118.959435,3.229285
2343678122.123556,3.1140719999999997
2343678125.219523,3.032482
2343678127.956292,2.683824
2343678132.088878,3.421854
2343678135.025222,2.894007
2343678138.210821,2.4183920000000003
2343678140.704479,2.451575
2343678143.87306,3.127355
2343678146.415481,2.49738
2343678148.5459557,2.071459
2343678155.280604,4.591985
2343678160.3628106,4.612515
2343678164.827848,3.025663
2343678166.377981,1.5007130000000002
2343678169.946641,3.520298
2343678172.295406,2.293302
2343678176.2125173,2.7973939999999997
2343678179.2555156,3.0121700000000002
2343678182.523827,2.759025
2343678185.50096,2.399208
2343678187.63276,2.101066
2343678190.497461,2.811663
2343678193.320369,2.757451
2343678197.6383023,2.4784479999999998
2343678200.353399,2.66241
2343678203.8350964,2.651196
2343678210.308828,3.212824
2343678215.8331017,3.8703600000000002
2343678219.354533,3.488351
2343678222.835891,3.010761
2343678225.541596,2.640448
2343678228.32968,2.732561
2343678231.2437143,2.865063
2343678234.18389,2.877631
2343678237.035911,2.7921080000000003
2343678240.367406,2.658283
2343678242.8319807,2.05462
2343678245.664951,2.7816400000000003
2343678248.309784,2.5877869999999996
2343678252.1295457,2.713585
2343678255.992092,3.806981
2343678259.4134893,2.506854
2343678262.496796,2.578964
2343678266.12623,2.7602249999999997
2343678268.6665154,2.4855110000000002
2343678270.8602552,2.15733
2343678273.13011,2.21787
2343678276.906674,1.7899649999999998
2343678279.782958,2.839829
2343678283.9592752,2.905019
2343678287.683434,2.923264
2343678291.388475,2.439523
2343678293.6871142,2.266026
2343678296.818948,3.062737
2343678299.008096,1.368526
2343678301.51441,2.009048
2343678304.197572,2.626872
2343678307.52016,2.611416
2343678310.351483,2.7674090000000002
2343678312.66865,2.263167
2343678315.4562087,2.7460620000000002
2343678320.082935,4.572181
2343678323.4082966,2.485756
2343678326.2996187,2.843827
2343678329.017436,2.668142
2343678332.2530727,2.668383
2343678335.684245,3.380534
2343678338.702617,2.97
2343678341.709273,2.9495150000000003
2343678343.9677854,2.216033
2343678347.346005,3.312904
2343678353.0604334,3.497398
2343678356.1899533,3.081959
2343678358.546201,1.7551
2343678361.57193,2.9858860000000003
2343678365.282245,3.034923
2343678368.1646633,2.467337
2343678372.237625,3.431085
2343678374.083521,1.343431
2343678377.201272,2.413913
2343678381.246925,3.072078
2343678383.610985,2.3288520000000004
2343678387.748591,3.330506
2343678391.697904,2.646046
2343678395.02393,3.2850319999999997
2343678400.933966,2.885945
2343678404.1320796,2.674778
2343678405.494888,1.314924
2343678408.219472,2.677365
2343678410.677476,2.421786
2343678414.0082073,2.785553
2343678417.3608527,3.309502
2343678420.7068963,1.765709
2343678425.7151523,3.141741
2343678430.156888,2.787322
2343678433.3197217,3.08145
2343678436.506591,2.6762689999999996
2343678438.730371,2.191357
2343678441.264838,2.5055020000000003
2343678444.2411637,2.9193130000000003
2343678448.081642,2.988504
2343678451.804719,3.139506
2343678454.617083,2.773218
2343678458.9268613,3.32541
2343678463.158763,1.2866380000000002
2343678467.172506,1.895049
2343678471.064567,2.803346
2343678474.659689,2.968358
2343678477.918138,2.72932
2343678481.569972,2.321117
2343678484.2462583,2.266535
2343678488.369343,2.507681
2343678491.7123733,2.286166
2343678496.355453,2.754518
2343678499.943571,2.899935
2343678504.285831,3.720252
2343678507.988288,3.660963
2343678511.1990747,2.289636
2343678515.9309373,3.522962
2343678518.7698326,2.7804409999999997
2343678525.01919,3.098033
2343678528.69242,2.889523
2343678531.3461914,2.6153880000000003
2343678533.811917,2.4281289999999998
2343678536.497013,2.6473619999999998
2343678541.257597,2.918441
2343678545.9622602,3.390627
2343678548.8759923,2.874626
2343678552.869862,2.229638
2343678555.95962,2.521321
2343678559.3492527,2.535575
2343678561.422882,1.487368
2343678567.541798,3.685219
2343678569.964504,2.369214
2343678573.591196,2.474166
2343678577.311658,3.685145
2343678579.449057,2.1014720000000002
2343678582.977434,2.930506
2343678587.55308,3.4553890000000003
2343678594.8058863,4.1326410000000005
2343678597.664715,2.025017
2343678601.618614,3.220185
2343678604.7664647,3.0940600000000003
2343678608.57179,2.9897769999999997
2343678611.981503,2.891205
2343678615.556538,2.480416
2343678618.726742,1.645281
2343678621.4628778,2.69738
2343678623.626585,2.105411
2343678626.095872,1.8204479999999998
2343678628.802186,2.6757310000000003
2343678631.789798,2.918323
2343678635.352332,2.275242
2343678638.3391957,2.9502099999999998
2343678640.917604,2.515987
2343678644.196505,3.242252
2343678647.331962,2.432282
2343678652.2686257,3.5926180000000003
2343678656.068361,2.69712
2343678658.243773,2.14309
2343678661.404667,3.1304950000000002
2343678664.379437,2.924576
2343678666.264307,1.850404
2343678669.476016,2.529458
2343678672.16189,2.6326650000000003
2343678674.976935,2.762337
2343678677.8404827,2.16313
2343678680.190445,2.276297
2343678683.4581394,3.225975
2343678686.877307,2.763058
2343678693.44831,3.527577
2343678695.675435,1.727285
2343678699.141403,3.421753
2343678702.094562,2.911441
2343678705.547621,2.890373
2343678708.114683,2.51457
2343678715.570392,2.784442
2343678722.765895,2.595293
2343678726.429142,3.611669
2343678728.983983,2.047396
2343678732.11435,2.610811
2343678734.2984753,2.130149
2343678738.328828,3.352754
2343678745.948865,3.472302
2343678750.158194,2.796256
2343678754.381524,2.597423
2343678760.590678,2.3424460000000003
2343678763.556572,2.543462
2343678766.172972,2.583663
2343678770.078288,2.240546
2343678774.1289077,2.101019
2343678779.112227,2.398606
2343678781.848869,2.7002430000000004
2343678783.826192,1.2704000000000002
2343678787.038909,2.597165
2343678789.205648,2.1167909999999996
2343678793.4824653,3.147024
2343678797.24753,2.178394
2343678800.812567,2.518892
2343678805.123322,3.1612419999999997
2343678807.901142,2.721907
2343678811.182477,2.87703
2343678814.7612157,2.815882
2343678817.525628,2.2373499999999997
2343678820.58692,3.022239
2343678823.889039,3.250302
2343678827.50264,2.785323
2343678830.2070923,2.6545560000000004
2343678833.253446,2.991535
2343678836.314283,3.024902
2343678839.75032,3.399666
2343678842.2523413,2.467797
2343678845.3731847,3.062027
2343678849.424916,3.477509
2343678852.155651,2.672246
2343678856.108355,3.902325
2343678860.580016,3.217341
2343678863.225297,2.579567
2343678866.855432,3.5878759999999996
2343678870.683252,3.12973
2343678874.148566,2.748262
2343678877.186114,2.9812279999999998
2343678880.1284957,1.860156
2343678882.989568,2.79971
2343678887.338172,2.997081
2343678890.26411,2.872188
2343678893.2720146,2.9716690000000003
2343678898.960105,2.372528
2343678902.010858,2.998066
2343678904.842002,2.791856
2343678907.63025,2.7516429999999996
2343678910.547643,2.880209
2343678914.1522493,3.56617
2343678917.357388,3.152692
2343678919.087229,1.653799
2343678922.753157,2.495259
2343678925.1706862,2.366706
2343678928.2790136,2.113259
2343678931.6553206,3.3181059999999998
2343678935.088851,3.394281
2343678938.2835484,3.158457
2343678943.427821,3.4834549999999997
2343678951.381135,3.594541
2343678954.5614343,3.1112879999999996
2343678957.22276,2.6284680000000002
2343678960.271452,3.015359
2343678963.672741,2.514411
2343678967.022475,3.3023190000000002
2343678969.370843,2.288614
2343678973.0330257,2.9099120000000003
2343678977.329629,2.9700189999999997
2343678980.120563,2.059165
2343678983.660605,3.483881
2343678986.7275653,2.42885
2343678989.598854,2.4578629999999997
2343678991.98206,2.3428199999999997
2343678996.555787,3.131103
2343679000.696352,3.24144
2343679004.919183,3.1323499999999997
2343679009.575223,2.240749
2343679014.8559494,2.441179
2343679017.408711,2.5005859999999998
2343679020.636851,3.1985680000000003
2343679023.768481,2.1161510000000003
2343679028.064178,3.266588
2343679031.359178,2.718772
2343679035.634375,3.134496
2343679038.50955,2.2223640000000002
2343679041.379348,2.8189640000000002
2343679044.62876,3.193086
2343679047.528547,1.355233
2343679050.8228793,3.234475
2343679055.908538,2.4606939999999997
2343679058.472333,2.533303
2343679060.958374,2.453297
2343679065.736413,2.120201
2343679068.83334,3.059393
2343679071.790522,2.28567
2343679073.836514,2.008438
2343679076.4361124,2.561193
2343679079.582009,2.108901
2343679082.1762543,2.5594419999999998
2343679086.3205295,4.089395
2343679088.5159264,2.1568970000000003
2343679091.3027077,2.741982
2343679094.7857594,3.442284
2343679096.833751,1.98839
2343679099.497717,1.866455
2343679104.605721,3.081388
2343679108.203892,3.554088
2343679111.987757,2.336553
2343679115.713972,3.665773
2343679118.855006,2.535724
2343679121.1520348,1.8666209999999999
2343679124.089591,2.3561680000000003
2343679128.6138964,3.25536
2343679130.782574,1.5158120000000002
2343679133.700329,2.159925
2343679138.276146,2.128626
2343679140.965363,2.6574250000000004
2343679143.246589,2.23347
2343679145.7389297,2.42865
2343679148.591504,2.814187
2343679151.204016,2.567802
2343679154.3992834,2.777837
2343679156.870245,1.812765
2343679160.157239,2.681901
2343679162.336749,2.143167
2343679164.869252,2.498809
2343679167.429304,2.50893
2343679169.487676,2.007743
2343679174.964017,2.504998
2343679177.305319,1.760125
2343679181.4092073,3.489106
2343679184.419094,2.101312
2343679188.985212,3.292435
2343679192.580525,2.011788
2343679195.2650056,2.649391
2343679198.673394,3.3557650000000003
2343679203.348743,4.619942
2343679206.013819,2.630149
2343679209.127999,1.8225310000000001
2343679215.737481,3.102273
2343679219.5663724,3.0370850000000003
2343679221.52481,1.929469
2343679225.658689,3.25727
2343679228.527289,2.8133939999999997
2343679232.275267,2.733431
2343679234.997454,2.68078
2343679238.476214,2.738008
2343679242.373711,3.1265669999999997
2343679245.89513,3.465944
2343679249.2648296,3.328015
2343679253.299284,3.273551
2343679256.149589,2.787779
2343679258.033582,1.800869
2343679261.096809,3.003091
2343679264.062559,2.9175579999999997
2343679267.19107,3.063601
2343679271.0253453,2.94952
2343679275.0187616,3.223596
2343679278.327816,3.267277
2343679282.609505,3.5582119999999997
2343679285.929964,1.849281
2343679289.7033563,2.7299580000000003
2343679293.162672,1.8348010000000001
2343679296.925045,3.017938
2343679299.99656,2.687872
2343679303.153916,3.0995329999999996
2343679305.521412,1.787109
2343679309.973397,2.4666520000000003
2343679312.634496,2.619406
2343679315.742431,1.9766610000000002
2343679319.646061,2.659267
2343679321.097493,1.420873
2343679325.351493,2.9394769999999997
2343679327.785027,2.395796
2343679332.122147,3.368299
2343679336.577616,4.412331
2343679339.185617,2.558252
2343679342.113365,2.888639
2343679344.478363,2.31256
2343679347.5721774,3.054198
2343679351.377549,3.070186
2343679354.668207,2.697569
2343679361.111517,2.140531
2343679364.2959127,3.131282
2343679367.725701,2.386933
2343679371.0345893,3.2558629999999997
2343679374.518673,3.451554
2343679377.514166,2.953813
2343679380.885387,3.327142
2343679383.913178,2.962642
2343679388.318439,2.47982
2343679391.159119,2.786804
2343679394.175307,2.9641379999999997
2343679398.2878942,2.47407
2343679402.448543,3.3181119999999997
2343679406.988025,3.293269
2343679410.478923,2.0284299999999997
2343679413.4297,2.9121759999999997
2343679419.653882,3.086984
2343679427.8511043,8.144770000000001
2343679432.261128,3.081302
2343679436.077455,3.163043
2343679439.749733,2.894153
2343679443.190591,3.385682
2343679446.32495,3.079461
2343679449.9850693,3.034958
2343679451.99283,1.955264
2343679456.860457,3.317327
2343679460.537139,3.623239
2343679466.87809,5.5419789999999995
2343679469.812408,2.876884
2343679473.815733,3.342302
2343679477.86269,3.3184310000000004
2343679480.758226,2.849609
2343679484.060874,3.249961
2343679486.6268263,2.5228669999999997
2343679490.119379,3.444489
2343679493.647747,3.479242
2343679497.377254,3.074127
2343679500.4040937,2.9734230000000004
2343679505.07542,3.889491
2343679509.181423,4.039784
2343679512.508831,3.279151
2343679515.456401,2.316847
2343679519.7085056,2.621575
2343679522.728643,2.979868
2343679524.7633777,1.993195
2343679530.28543,3.4655150000000003
2343679534.3652697,3.12766
2343679536.727009,2.306466
2343679539.392671,2.6149060000000004
2343679542.929478,3.483848
2343679545.952835,2.9593610000000004
2343679549.777791,3.113035
2343679552.213401,2.3800510000000004
2343679559.385548,5.996728
2343679563.456154,3.461183
2343679566.2244077,2.723637
2343679569.04103,2.754239
2343679578.382259,2.977431
2343679585.552214,3.173541
2343679589.458938,3.10754
2343679591.56033,2.0221929999999997
2343679596.033506,3.040996
2343679601.661371,3.0215680000000003
2343679605.5089197,2.913027
2343679607.7945147,2.210371
2343679611.265404,3.435955
2343679614.486105,2.599975
2343679617.640222,2.608466
2343679622.0592556,3.689649
2343679626.505326,3.6309739999999997
2343679628.624461,2.072948
2343679631.00936,2.3451560000000002
2343679634.277524,3.224274
2343679637.282711,2.524251
2343679640.219114,2.8915070000000003
2343679642.209135,1.9471180000000001
2343679644.053833,1.795956
2343679646.306613,2.1976869999999997
2343679650.1423826,3.031092
2343679653.0792108,2.887349
2343679655.981763,2.439447
2343679658.821776,2.1603339999999998
2343679661.087338,2.2343789999999997
2343679664.4007792,2.401516
2343679666.7050543,2.2502440000000004
2343679669.501831,2.736822
2343679673.0388336,3.470703
2343679676.236255,3.135051
2343679680.57696,3.644744
2343679683.773108,2.375779
2343679688.575381,3.365909
2343679691.745328,3.124497
2343679694.217618,2.4309689999999997
2343679697.383403,3.120336
2343679698.829433,1.3982020000000002
2343679702.7985344,3.9248419999999995
2343679706.396447,2.8872199999999997
2343679710.492825,4.051337
2343679716.1175,4.5301610000000005
2343679720.0414457,3.849156
2343679723.153412,2.385943
2343679726.245279,3.042908
2343679730.180492,2.9207270000000003
2343679733.5214977,3.2931269999999997
2343679737.164179,3.5925480000000003
2343679741.071384,3.85769
2343679744.218249,3.09998
2343679747.096571,2.8100199999999997
2343679752.022873,2.368639
2343679754.955058,2.858878
2343679758.299326,3.290247
2343679760.98301,2.652431
2343679764.701677,3.685689
2343679767.17096,2.4102609999999998
2343679769.612082,2.404158
2343679773.694888,3.167055
2343679777.276875,2.8086230000000003
2343679780.737603,2.6402919999999996
2343679784.200558,2.78765
2343679787.649307,2.7292929999999997
2343679790.41246,2.357265
2343679794.803143,2.872849
2343679797.38093,2.506852
2343679800.681942,2.330448
2343679803.103425,2.390779
2343679806.246655,2.632835
2343679810.4356823,2.2767429999999997
2343679814.726924,3.747038
2343679818.0843863,3.311758
2343679820.596413,2.474811
2343679824.242835,3.594269
2343679828.6811457,2.89924
2343679831.424599,2.692307
2343679835.619635,4.136429
2343679838.9020443,2.39842
2343679842.747049,2.406205
2343679846.04719,2.2874280000000002
2343679849.077366,2.975178
2343679853.189243,3.259026
2343679856.7661743,2.7824400000000002
2343679860.169208,3.361962
2343679862.22112,2.0147519999999997
2343679864.244791,1.987301
2343679867.4889293,3.198042
2343679870.352406,2.806989
2343679873.216554,2.817983
2343679877.99031,1.762381
2343679880.6278467,2.60045
2343679883.5147967,2.849152
2343679886.056827,2.490949
2343679890.92691,2.900952
2343679894.2476583,3.2606330000000003
2343679896.5486174,2.259265
2343679900.06392,2.2845109999999997
2343679902.126174,1.6750090000000002
2343679906.633899,3.620981
2343679910.1021657,3.41362
2343679914.121327,3.220133
2343679916.269526,2.106457
2343679919.223351,2.912301
2343679922.314369,3.03812
2343679926.2874026,2.330295
2343679934.447925,3.8785629999999998
2343679938.414972,2.834671
2343679941.54571,3.105077
2343679944.376592,2.223678
2343679946.90193,1.5826799999999999
2343679949.6642056,2.7371700000000003
2343679952.911316,3.208211
2343679957.6861567,2.262175
2343679960.747321,3.0163450000000003
2343679964.56566,3.766454
2343679966.525055,1.9183780000000001
2343679969.027156,2.46278
2343679972.661398,3.051043
2343679975.767353,3.046895
2343679979.300152,2.890672
2343679984.2448134,2.9429600000000002
2343679988.727366,2.654127
2343679992.276553,2.327093
2343679994.633719,2.322106
2343679996.919832,2.2370799999999997
2343680001.5371523,2.125198
2343680007.909552,3.6452519999999997
2343680012.720227,3.2134780000000003
2343680015.676892,2.90119
2343680017.689445,1.950612
2343680020.501395,2.7545439999999997
2343680023.293328,2.737098
2343680026.4087963,3.06803
2343680029.148932,2.68006
2343680031.087598,1.878106
2343680035.60455,3.357666
2343680039.958436,2.720677
2343680042.383668,2.35161
2343680046.221647,2.493831
2343680051.249005,2.176211
2343680053.964222,2.2047149999999998
2343680056.616636,2.114846
2343680060.16501,2.551242
2343680063.2105627,2.449113
2343680067.073753,2.621913
2343680071.4905353,2.9920989999999996
2343680072.855513,1.331999
2343680076.848934,3.574931
2343680079.391957,2.4958620000000002
2343680082.078847,2.639471
2343680084.852676,2.7189129999999997
2343680088.7057853,3.104866
2343680092.273045,3.509226
2343680096.6149306,2.7138739999999997
2343680100.159411,2.745561
2343680104.526388,2.905724
2343680108.124498,3.1565790000000002
2343680111.766301,2.379301
2343680114.745577,2.945661
2343680118.010255,2.6438249999999996
2343680121.094703,3.048445
2343680124.904757,3.1472219999999997
2343680126.94655,1.986008
2343680132.2811546,2.400343
2343680135.9595227,3.088159
2343680138.2313337,1.579243
2343680141.687837,2.914195
2343680144.815937,3.072801
2343680146.9713798,2.1000189999999996
2343680148.868626,1.268183
2343680154.69986,2.150103
2343680157.230518,2.4935199999999997
2343680160.893208,3.0929130000000002
2343680165.727952,2.833332
2343680169.097046,3.3239039999999997
2343680171.3839054,2.234036
2343680174.754459,3.3182329999999998
2343680177.7301493,2.92012
2343680180.381918,2.598455
2343680182.409022,1.974196
2343680185.875815,2.761098
2343680189.13637,2.0898779999999997
2343680192.1827316,2.4660860000000002
2343680195.450037,2.5281800000000003
2343680199.6737404,2.408776
2343680201.709003,1.9846120000000003
2343680204.316649,2.576348
2343680207.978821,2.558335
2343680212.080392,2.833207
2343680214.271623,1.588446
2343680217.386562,3.066528
2343680221.1184688,2.417289
2343680226.557913,3.5843239999999996
2343680229.5784044,2.3263849999999997
2343680231.486583,1.856368
2343680235.401514,3.221237
2343680238.153963,2.694507
2343680241.933641,2.039922
2343680245.051126,2.268954
2343680248.4009976,3.294657
2343680251.197564,2.7509650000000003
2343680254.003723,2.7541029999999997
2343680256.397785,2.3418419999999998
2343680261.621636,2.4402719999999998
2343680263.528655,1.87167
2343680267.2610817,2.995085
2343680274.769748,2.3773169999999997
2343680279.55105,2.361656
2343680282.719471,3.136238
2343680285.964761,3.1904899999999996
2343680288.764142,1.829388
2343680291.219985,2.423693
2343680293.324889,2.051569
2343680296.083258,2.2124200000000003
2343680298.568286,2.443614
2343680301.73343,2.51485
2343680304.682271,2.3971270000000002
2343680306.0696087,1.3530110000000002
2343680310.29637,2.494975
2343680313.41381,2.423723
2343680316.55577,2.160146
2343680322.564384,2.9286350000000003
2343680325.634426,3.036142
2343680328.6827707,3.014755
2343680331.351092,2.631602
2343680335.02207,3.260077
2343680338.314598,3.2419979999999997
2343680342.216831,3.834741
2343680344.354217,2.0839399999999997
2343680347.6086187,2.744466
2343680354.669417,3.1906640000000004
2343680358.346043,2.937024
2343680361.274926,2.873844
2343680365.7708097,3.327343
2343680369.0100236,2.186014
2343680371.2407823,1.336779
2343680374.478451,3.1950540000000003
2343680377.6402407,3.116096
2343680381.186286,3.501148
2343680384.482905,3.253085
2343680386.868584,2.340686
2343680390.31593,2.708132
2343680393.90175,3.5380220000000002
2343680396.603431,2.659881
2343680399.4828134,2.833775
2343680402.493007,2.967114
2343680407.276507,2.760621
2343680413.64289,3.101871
2343680417.6268992,2.4995920000000003
2343680420.898252,3.204342
2343680425.034961,2.567106
2343680428.243919,2.551068
2343680432.997116,3.748351
2343680435.760456,2.71603
2343680438.696696,2.8914359999999997
2343680442.070837,2.540516
2343680444.634174,2.508458
2343680448.180407,3.503855
2343680450.334591,2.1109560000000003
2343680454.418063,2.610572
2343680457.198001,1.117314
2343680469.015063,3.832018
2343680474.5361547,4.108811
2343680477.568396,2.695243
2343680480.7517056,2.7232659999999997
2343680483.575923,2.195777
2343680486.883114,3.2691790000000003
2343680490.7831087,2.190217
2343680493.330074,2.511789
2343680496.6293697,3.257382
2343680501.61794,2.54895
2343680503.48615,1.8279189999999998
2343680506.476695,2.9505299999999997
2343680509.156826,2.623855
2343680510.64583,1.43813
2343680513.727571,2.608239
2343680517.096057,1.9286489999999998
2343680519.42389,2.280667
2343680522.903811,2.7919519999999998
2343680524.979364,2.025246
2343680527.172948,2.1541680000000003
2343680529.829009,1.9836509999999998
2343680535.202661,2.933171
2343680538.074949,2.821943
2343680543.0624123,2.36835
2343680545.665193,2.549436
2343680548.774508,3.057054
2343680552.213152,2.812414
2343680555.37703,3.129209
2343680557.929503,2.518592
2343680561.214128,2.621571
2343680564.324122,3.060689
2343680568.326629,3.101419
2343680570.9070864,2.19031
2343680573.279757,2.320682
2343680577.120565,3.7901409999999998
2343680580.096074,2.277358
2343680584.791191,4.147617
2343680592.159181,3.152903
2343680595.060452,2.274258
2343680597.583729,2.47089
2343680599.844605,2.2293399999999997
2343680602.502279,2.60481
2343680604.858915,2.2956220000000003
2343680608.727345,2.6735629999999997
2343680615.9311423,4.66748
2343680618.123531,2.136689
2343680621.392629,2.82549
2343680623.992547,2.5584789999999997
2343680626.8542356,2.421901
2343680629.794569,2.90111
2343680633.334498,3.48236
2343680636.527538,3.1216769999999996
2343680640.1528172,3.576838
2343680642.452362,2.252488
2343680644.264982,1.762483
2343680648.375934,2.946085
2343680653.803328,1.864429
2343680656.427284,2.002596
2343680660.32006,2.871327
2343680663.218484,2.84252
2343680669.668234,3.170764
2343680671.630993,1.909895
2343680675.940942,1.5095720000000001
2343680679.582861,1.8097409999999998
2343680683.231036,3.0078790000000004
2343680688.187781,4.518358
2343680691.277977,3.034246
2343680693.7683463,2.440492
2343680697.2476788,2.716563
2343680700.2316847,2.932188
2343680702.976083,2.707397
2343680705.928708,2.889534
2343680708.907651,2.128763
2343680713.4059963,3.748014
2343680716.4013357,2.960076
2343680719.884515,3.4300509999999997
2343680723.833998,3.560293
2343680726.915937,3.042973
2343680732.496032,4.552350000000001
2343680737.509685,1.804723
2343680739.527557,1.990593
2343680743.732256,3.202836
2343680746.515692,2.757887
2343680749.1595383,2.6151899999999997
2343680752.703533,2.497463
2343680756.211643,2.474992
2343680759.3859377,3.137692
2343680763.714272,3.1943840000000003
2343680768.481431,3.532051
2343680771.380967,2.219253
2343680778.6963663,2.899156
2343680780.595617,1.510645
2343680785.195769,2.7445559999999998
2343680787.842021,2.615432
2343680791.3165183,2.770802
2343680794.4040217,2.277457
2343680798.1675577,2.310364
2343680801.942415,3.718305
2343680805.050753,3.052589
2343680809.225202,2.641248
2343680812.325881,2.341911
2343680816.286782,2.6678539999999997
2343680819.2640963,2.940995
2343680822.9796133,3.6525339999999997
2343680828.4715652,1.878581
2343680831.165555,2.6485290000000004
2343680835.727797,3.814337
2343680840.043266,4.273837
2343680844.2995024,2.629758
2343680847.357178,3.02164
2343680851.236322,3.387887
2343680856.564133,2.629008
2343680861.8056,2.438478
2343680865.300166,3.059096
2343680867.944105,2.611038
2343680872.567177,4.576961
2343680875.718005,3.1141889999999997
2343680878.52455,2.7589799999999998
2343680882.080809,2.881694
2343680884.873293,2.726544
2343680887.8345027,2.374609
2343680889.913564,2.0341069999999997
2343680893.240447,3.2871580000000002
2343680895.40269,2.118848
2343680899.348836,2.7105200000000003
2343680903.289372,3.198518
2343680905.719835,2.39208
2343680909.166003,3.403705
2343680911.3458347,1.6341240000000001
2343680915.2699394,3.194713
2343680918.52746,3.214162
2343680922.3015013,3.10532
2343680925.997492,3.1202140000000003
2343680928.988477,2.395944
2343680931.905911,2.869031
2343680934.994539,3.033429
2343680938.2571664,3.207973
2343680943.785671,3.6015919999999997
2343680946.697132,2.404439
2343680949.4182744,2.6738869999999997
2343680954.084551,2.7490330000000003
2343680956.4829807,2.35784
2343680960.9119196,4.3874070000000005
2343680965.531088,2.340571
2343680968.239248,2.668733
2343680971.188526,2.898984
2343680974.172801,2.41636
2343680976.853389,2.64634
2343680980.585079,2.655021
2343680985.0820994,2.6751180000000003
2343680989.111942,2.439852
2343680993.062973,2.514573
2343680996.0772033,2.9638970000000002
2343681000.0633316,2.6318029999999997
2343681002.391374,1.824973
2343681004.4149632,1.9651370000000001
2343681006.486061,2.034473
2343681009.420352,2.3476310000000002
2343681012.221663,2.732045
2343681014.331604,2.048187
2343681017.067163,2.688345
2343681019.838291,2.7218210000000003
2343681023.4824157,2.655227
2343681026.192648,2.669822
2343681028.344076,2.103584
2343681031.226596,2.8430880000000003
2343681034.158211,2.447933
2343681038.447284,3.5663959999999997
2343681041.631004,2.364338
2343681045.243558,3.557194
2343681047.401711,2.106506
2343681049.565329,2.125118
2343681053.9443808,2.732361
2343681057.015896,2.65148
2343681063.83357,3.063787
2343681065.856952,1.986953
2343681068.419544,2.517084
2343681072.314032,2.948792
2343681075.237981,2.867858
2343681078.6382823,2.925312
2343681080.5636344,1.894542
2343681084.889492,3.743419
2343681089.2764697,3.243839
2343681094.092467,2.806093
2343681096.91663,2.783933
2343681099.711924,2.7462400000000002
2343681102.942509,2.5458999999999996
2343681105.077367,2.0960430000000003
2343681109.729949,2.5035119999999997
2343681111.93666,2.154089
2343681114.597507,1.9820100000000003
2343681117.668809,3.036825
2343681123.463453,2.922314
2343681125.8549,2.335292
2343681129.612179,2.718225
2343681133.712271,3.60891
2343681136.965806,3.220848
2343681142.045864,3.4688689999999998
2343681143.913009,1.827219
2343681146.964868,3.012733
2343681150.947476,2.017261
2343681153.595808,2.6102090000000002
2343681157.13334,2.841717
2343681160.44923,3.274251
2343681162.4194202,1.928632
2343681165.1113524,2.639539
2343681167.435153,2.2821870000000004
2343681171.760417,2.650898
2343681176.569013,2.524644
2343681179.953838,2.667862
2343681183.531275,2.8793450000000003
2343681186.207043,2.640713
2343681189.7663627,2.477878
2343681194.7394304,3.4550840000000003
2343681196.7374363,1.959516
2343681200.25114,3.474386
2343681203.502264,3.207756
2343681205.654526,2.115231
2343681209.545498,3.484876
2343681212.6548247,3.0384610000000003
2343681216.399977,3.705074
2343681220.045573,3.6059479999999997
2343681223.511512,3.402537
2343681227.549518,2.445569
2343681232.550128,2.186954
2343681235.9559836,3.3636489999999997
2343681240.1019897,2.488556
2343681242.709162,2.5616060000000003
2343681245.125532,2.376314
2343681248.049314,2.878516
2343681250.769604,2.667473
2343681253.8130407,3.01022
2343681256.566165,2.709655
2343681259.157564,2.531828
2343681261.8446646,2.644426
2343681264.8258967,2.938628
2343681267.451776,2.580546
2343681269.355845,1.863519
2343681274.217254,2.343518
2343681277.796443,3.0358020000000003
2343681281.5140786,2.319297
2343681283.3151894,1.769461
2343681285.997109,2.15724
2343681290.546868,2.7154570000000002
2343681296.8304687,2.68183
2343681299.434748,2.5510900000000003
2343681302.861373,2.6235579999999996
2343681305.251264,2.362768
2343681308.804058,2.5124790000000004
2343681311.8160653,2.982895
2343681315.048126,2.677861
2343681317.044475,1.9607729999999999
2343681319.984005,2.900963
2343681322.795939,2.7577589999999996
2343681325.9922323,3.1418019999999998
2343681328.1525593,2.1055639999999998
2343681331.017062,2.820299
2343681334.427507,3.358411
2343681338.438184,3.9677970000000005
2343681341.4262037,2.942358
2343681344.1741953,2.685528
2343681347.343288,3.115444
2343681350.173568,2.781464
2343681352.654416,2.425442
2343681355.547254,2.447283
2343681358.014495,2.426029
2343681360.9432697,2.8856149999999996
2343681365.236951,3.679199
2343681368.526392,3.234045
2343681372.643514,2.782119
2343681376.3384233,3.6487960000000004
2343681379.3088098,2.9203609999999998
2343681382.2091727,2.860924
2343681384.680729,2.4242909999999998
2343681388.215334,3.493076
2343681390.497797,2.227022
2343681393.23836,2.697186
2343681395.842629,2.557892
2343681399.7213693,3.045672
2343681402.26497,2.487103
2343681404.356164,1.317108
2343681408.113243,2.587943
2343681411.456546,3.301052
2343681417.278883,3.611992
2343681423.203303,3.532146
2343681427.022724,3.0490169999999996
2343681430.95924,2.110944
2343681435.511556,2.211375
2343681437.76855,2.188767
2343681441.482046,3.314527
2343681445.825797,2.6678740000000003
2343681448.676725,2.124365
2343681452.234769,1.132125
2343681455.2533913,2.979559
2343681461.5451984,3.606455
2343681464.9734573,2.954603
2343681470.1624002,3.0764020000000003
2343681472.949164,2.7207109999999997
2343681476.9739804,3.152303
2343681481.277427,1.212907
2343681483.6933703,2.3775340000000003
2343681486.859623,2.474727
2343681488.9637737,1.609721
2343681490.731012,1.736404
2343681494.8835473,3.12631
2343681497.684949,2.225716
2343681501.189359,2.4051400000000003
2343681503.774929,2.544215
2343681507.234323,3.4196449999999996
2343681510.4421897,2.457753
2343681513.622207,3.1353280000000003
2343681516.719582,3.053289
2343681520.972704,2.717275
2343681523.4502053,2.434513
2343681526.154296,2.009289
2343681529.84884,3.631306
2343681534.821874,3.393802
2343681538.874042,3.263539
2343681544.184537,4.524044
2343681548.290634,2.5346029999999997
2343681551.467133,2.6283399999999997
2343681556.188371,2.46284
2343681559.284977,2.330559
2343681562.5076523,3.190736
2343681565.974667,3.4324529999999998
2343681569.0374727,2.463462
2343681572.365643,2.610761
2343681574.2986937,1.8852509999999998
2343681577.799683,1.75062
2343681587.1195874,5.867159
2343681589.866824,2.6802089999999996
2343681593.01601,2.516477
2343681598.227166,1.755311
2343681600.708899,2.438781
2343681604.033036,3.2783
2343681606.471105,2.408633
2343681608.59309,2.0944230000000004
2343681612.079587,3.453425
2343681615.077498,2.944141
2343681619.083579,3.9568040000000004
2343681622.6451483,3.5165859999999998
2343681627.234804,2.9114929999999997
2343681631.1133237,3.8356850000000002
2343681634.249024,2.527053
2343681636.5551457,2.2513009999999998
2343681639.257827,2.659816
2343681643.227038,3.917092
2343681647.474721,2.9639029999999997
2343681650.27671,2.745747
2343681652.547532,2.2197340000000003
2343681656.328761,2.810685
2343681660.176916,2.955737
2343681663.787543,3.5554050000000004
2343681668.7288847,3.091822
2343681672.261768,3.473385
2343681675.8301544,3.5132369999999997
2343681678.3897133,2.507929
2343681681.122452,2.677821
2343681685.755709,3.9063429999999997
2343681688.981555,3.1714700000000002
2343681691.8601336,2.153705
2343681695.720897,3.028975
2343681699.444945,1.981485
2343681702.206263,2.727013
2343681705.4907174,2.682965
2343681709.459106,2.576943
2343681714.34442,3.259642
2343681718.164128,3.762365
2343681722.8333454,4.617133
2343681724.23274,1.3467710000000002
2343681728.6590014,3.148583
2343681731.662109,2.9594500000000004
2343681736.205029,3.974172
2343681738.077662,1.83233
2343681741.9114437,3.7894259999999997
2343681745.240626,2.733763
2343681750.428301,5.137842
2343681752.1383023,1.6702460000000001
2343681755.040544,2.852729
2343681757.849181,2.7638979999999997
2343681760.818448,2.922841
2343681763.408263,2.54129
2343681766.247098,2.334521
2343681769.340387,3.043011
2343681772.533275,3.143554
2343681776.774074,2.9166090000000002
2343681780.06147,3.228922
2343681784.5420923,2.282735
2343681788.049385,3.4576379999999998
2343681792.222128,2.9109130000000003
2343681795.779733,2.744135
2343681801.112967,2.7954920000000003
2343681802.5589023,1.4119130000000002
2343681804.9508038,2.3559200000000002
2343681808.764823,3.3294449999999998
2343681812.400599,2.880866
2343681815.65673,2.634872
2343681817.9519496,2.235001
2343681820.167659,2.174289
2343681825.581352,4.121224
2343681827.9548798,2.33469
2343681833.0020204,2.8852040000000003
2343681840.0381103,4.083088
2343681843.3935513,2.6490810000000002
2343681846.182194,2.2387230000000002
2343681848.3673687,2.132495
2343681850.8594136,2.455216
2343681854.28842,2.722053
2343681857.11865,2.774852
2343681860.514362,2.722979
2343681864.494389,2.333434
2343681868.813652,2.288459
2343681871.706536,1.27983
2343681874.90694,3.174271
2343681878.086923,3.1509609999999997
2343681881.0939097,2.9348680000000003
2343681884.6104,2.719777
2343681886.995158,2.329814
2343681893.022339,2.374666
2343681895.661984,2.5981530000000004
2343681899.022161,3.320514
2343681901.0418673,1.9653650000000003
2343681903.691156,2.583911
2343681908.521229,2.3152120000000003
2343681911.746438,3.190277
2343681914.549712,2.769256
2343681918.0575147,3.458632
2343681920.700559,2.5771800000000002
2343681924.154488,2.738597
2343681927.450533,3.240887
2343681929.99373,2.49297
2343681933.240636,2.219026
2343681936.123269,2.8220359999999998
2343681940.089939,3.912947
2343681943.272368,3.1395820000000003
2343681946.668563,3.355019
2343681949.254021,2.526344
2343681952.1229343,2.361827
2343681957.145122,2.350712
2343681960.248672,3.047036
2343681963.558229,3.282359
2343681967.1744943,3.5870770000000003
2343681969.391571,2.153088
2343681972.0970883,2.6429959999999997
2343681975.444623,3.3009459999999997
2343681977.820189,2.320102
2343681981.3070393,2.869631
2343681985.0456214,2.7917609999999997
2343681988.704082,3.0638739999999998
2343681992.2258987,3.4766850000000002
2343681996.0739503,3.806577
2343681999.405088,3.2895899999999996
2343682002.791896,3.346645
2343682006.390887,2.0747869999999997
2343682010.6782217,2.8744709999999998
2343682015.363728,3.152915
2343682017.739809,2.325139
2343682020.091294,2.320595
2343682022.626186,2.505228
2343682025.3596807,2.699245
2343682028.810102,2.438227
2343682031.0297947,2.151704
2343682034.367052,2.610759
2343682036.3196487,1.899464
2343682039.84847,2.325065
2343682042.492517,2.573547
2343682045.883033,2.531985
2343682049.653845,2.6968769999999997
2343682053.631329,2.676082
2343682056.1267447,2.465839
2343682058.379918,2.21644
2343682060.865829,2.449403
2343682063.5200224,2.6234409999999997
2343682067.409132,3.1806669999999997
2343682070.541361,3.0606280000000003
2343682074.176893,3.5758780000000003
2343682077.442117,3.2105979999999996
2343682081.8678393,2.849017
2343682085.993978,2.714739
2343682091.300141,5.256193000000001
2343682093.935743,2.595882
2343682097.0002294,3.021452
2343682102.2347283,3.760935
2343682106.4572887,2.804615
2343682110.021887,3.517725
2343682113.0118866,2.913799
2343682117.76934,3.213119
2343682120.610675,2.7935
2343682124.471865,2.9390050000000003
2343682128.727407,2.434288
2343682131.904654,2.47811
2343682135.711916,2.93267
2343682138.909774,3.145701
2343682143.116091,2.347034
2343682145.252294,2.1042840000000003
2343682149.2179756,3.383522
2343682151.9388843,2.6677340000000003
2343682154.101951,2.12529
2343682155.836198,1.693578
2343682158.706788,2.811862
2343682161.738196,2.9667019999999997
2343682163.8943024,2.114742
2343682167.304639,3.363595
2343682170.6028347,3.2430570000000003
2343682173.999876,2.483969
2343682176.98736,2.933108
2343682179.328704,2.307703
2343682183.002758,2.6448959999999997
2343682185.786692,1.095713
2343682188.956089,3.133914
2343682191.867579,2.85579
2343682196.263764,3.020337
2343682199.990563,3.658909
2343682203.215995,3.1491309999999997
2343682207.1478863,3.0752930000000003
2343682211.526929,3.043604
2343682215.708313,4.14383
2343682220.0382257,2.830734
2343682224.6052146,3.0750450000000003
2343682227.247227,2.589546
2343682231.367823,3.422551
2343682234.180731,2.1577520000000003
2343682237.4793563,3.258218
2343682240.07764,2.544421
2343682242.151075,2.035489
2343682245.815587,2.098809
2343682249.714528,3.1163749999999997
2343682253.0534177,3.283236
2343682256.707504,3.609
2343682258.739449,1.998783
2343682260.828508,2.031334
2343682263.245841,2.383071
2343682266.557388,2.589426
2343682268.7853475,2.1626119999999998
2343682271.530021,2.699989
2343682275.130436,3.5480490000000002
2343682278.153602,2.96847
2343682280.841887,2.643432
2343682284.126393,3.240459
2343682288.1238,2.6487860000000003
2343682291.8860416,3.017547
2343682294.715065,2.7786
2343682298.296696,2.7382809999999997
2343682301.828397,3.4660469999999997
2343682304.137999,2.25466
2343682307.353673,3.1597790000000003
2343682311.101457,3.062547
2343682313.950767,2.783125
2343682316.676042,2.657508
2343682319.686134,2.94497
2343682323.212926,3.156008
2343682325.71185,2.4423660000000003
2343682328.5278764,2.277162
2343682333.913181,3.827188
2343682337.152537,3.169011
2343682341.899796,3.9438600000000004
2343682344.703968,2.761122
2343682348.539526,2.946615
2343682352.082924,3.49395
2343682357.137009,3.23042
2343682359.603092,2.417778
2343682363.715661,2.633748
2343682370.2275057,3.4208730000000003
2343682373.375969,3.0930720000000003
2343682377.453179,3.410112
2343682380.594967,2.6543259999999997
2343682383.466432,2.442933
2343682387.8972983,2.420678
2343682389.952042,2.0047070000000002
2343682391.9016953,1.893743
2343682394.8807616,2.0813960000000002
2343682397.0258408,2.11021
2343682400.1506233,3.050919
2343682403.331794,2.464647
2343682406.6299,3.249625
2343682409.636554,2.955861
2343682413.4861536,2.958757
2343682418.97943,3.5275559999999997
2343682422.361176,3.324993
2343682425.508771,3.092727
2343682428.622977,2.502138
2343682431.430125,2.768296
2343682434.185035,2.704593
2343682438.494542,2.590658
2343682441.962759,2.122053
2343682445.200484,3.168433
2343682449.137795,3.882517
2343682452.3527737,3.160637
2343682459.7695723,3.6340779999999997
2343682463.78382,3.976875
2343682467.7790303,2.853033
2343682470.804592,2.9811479999999997
2343682473.578954,2.733764
2343682475.7052164,2.087401
2343682481.308299,3.115157
2343682484.773399,1.968535
2343682488.042151,2.3613470000000003
2343682492.299728,3.683615
2343682496.659833,4.330379
2343682499.7191577,3.004507
2343682505.095229,3.614509
2343682511.6807146,2.374116
2343682515.273004,3.0329620000000004
2343682517.734026,2.433685
2343682521.006044,2.386316
2343682523.477321,2.4407729999999996
2343682526.070651,2.5542719999999997
2343682530.121033,3.000819
2343682533.5623336,2.828156
2343682536.1568646,2.066162
2343682538.452525,2.257842
2343682541.273233,2.783417
2343682544.997928,2.462659
2343682548.7750297,2.493167
2343682551.310639,2.506336
2343682555.282427,2.485989
2343682557.966001,2.654068
2343682560.514126,2.51921
2343682565.73355,2.512335
2343682569.880116,2.706324
2343682574.704453,2.5846229999999997
2343682578.250727,2.879454
2343682581.87471,2.588526
2343682586.590875,3.9179519999999997
2343682590.06046,3.406373
2343682592.666811,1.79001
2343682595.422359,2.719291
2343682598.657434,2.741063
2343682601.984066,2.601422
2343682606.445062,3.122335
2343682610.799966,2.829687
2343682614.6710267,2.748272
2343682618.342812,3.105966
2343682621.855949,2.864706
2343682625.2589693,2.86915
2343682628.106616,2.1486880000000004
2343682632.23652,2.5020070000000003
2343682635.179563,2.908267
2343682637.548113,2.281196
2343682640.832312,2.3601300000000003
2343682644.77641,2.9160280000000003
2343682647.913584,2.721144
2343682650.79356,2.840243
2343682653.178674,2.330246
2343682655.840928,2.621206
2343682658.5039573,2.623482
2343682662.5085196,3.2845169999999997
2343682666.203008,3.021959
2343682670.2849407,3.24403
2343682674.684303,3.14322
2343682678.021771,3.282405
2343682681.279019,3.193582
2343682684.826601,2.328798
2343682686.9960313,2.133082
2343682691.329312,3.19528
2343682695.447493,4.065861
2343682698.309155,2.81331
2343682701.93901,3.021484
2343682705.3254933,2.739131
2343682708.1066127,2.71536
2343682711.241093,3.084077
2343682714.717807,3.423063
2343682719.116061,3.7268779999999997
2343682722.453934,2.674357
2343682724.607956,2.081704
2343682726.890381,2.23924
2343682730.561736,3.6299460000000003
2343682733.639069,3.0312300000000003
2343682738.4815187,3.481548
2343682741.640134,2.049749
2343682747.811668,4.782681
2343682750.867554,2.173112
2343682753.999141,3.080559
2343682757.074454,2.3257
2343682759.410261,2.29155
2343682762.1677394,2.7100869999999997
2343682765.470896,3.254697
2343682768.5668387,3.045473
2343682773.753237,3.427396
2343682777.294373,3.4805919999999997
2343682779.775756,2.43141
2343682782.7741027,2.951361
2343682786.429041,3.602548
2343682789.479493,2.369582
2343682794.00811,3.2834600000000003
2343682800.4371057,2.875406
2343682803.42485,2.961507
2343682805.884162,2.433504
2343682809.1534433,3.2421300000000004
2343682812.345894,2.16038
2343682815.348195,2.436331
2343682818.4015403,2.5584689999999997
2343682821.185614,2.746434
2343682823.364035,2.141055
2343682826.563877,3.1487580000000004
2343682829.091615,2.472542
2343682832.099873,2.963173
2343682835.981438,3.826923
2343682840.512103,4.4594819999999995
2343682842.542244,1.950479
2343682847.032336,2.945243
2343682849.8631887,2.778437
2343682852.406165,1.996562
2343682856.216337,3.1846579999999998
2343682859.526976,2.52039
2343682863.2754207,3.710951
2343682867.002864,2.291454
2343682870.498838,2.8169079999999997
2343682874.602293,3.388155
2343682876.957087,2.287407
2343682879.4571023,2.447317
2343682885.848606,2.830356
2343682888.5467987,2.640834
2343682891.660245,3.0742019999999997
2343682895.837304,3.320711
2343682899.583354,2.512453
2343682903.5898976,3.0987340000000003
2343682907.120944,3.49155
2343682909.92594,2.7635899999999998
2343682912.8516836,2.884624
2343682916.236098,2.847294
2343682919.2081027,1.655195
2343682923.860488,3.372202
2343682927.248269,3.344487
2343682929.8334618,1.907375
2343682932.118103,2.248739
2343682934.545016,2.389084
2343682937.0146527,2.436843
2343682940.589739,1.86069
2343682943.984879,2.6990019999999997
2343682949.627468,2.408689
2343682952.458461,2.784046
2343682954.8283777,2.316503
2343682957.741492,2.2234059999999998
2343682961.466628,3.067538
2343682965.415179,3.89331
2343682969.4919653,4.038194
2343682974.144915,2.478147
2343682978.167207,3.33289
2343682982.665494,2.621352
2343682986.731274,3.085322
2343682990.396168,2.174993
2343682993.990499,3.0377780000000003
2343682997.196106,2.3811869999999997
2343683000.741675,3.4923520000000003
2343683003.287451,2.499463
2343683006.403697,3.0538819999999998
2343683012.0906053,3.1692500000000003
2343683014.946435,2.145591
2343683017.65309,2.672097
2343683020.038644,2.349667
2343683022.783227,2.708561
2343683025.7057066,2.0088660000000003
2343683029.699607,2.196137
2343683032.763955,3.022349
2343683036.276817,2.936612
2343683039.0909047,2.7593449999999997
2343683042.026606,2.886562
2343683044.8091,2.7308139999999996
2343683048.078163,3.214652
2343683051.168777,3.041078
2343683055.57946,2.961198
2343683058.270299,2.6412850000000003
2343683060.672184,2.3657690000000002
2343683063.920001,3.2118469999999997
2343683066.165805,2.213165
2343683068.636448,1.7145839999999999
2343683071.529219,2.3663920000000003
2343683074.392875,2.807072
2343683079.731233,3.141531
2343683081.8191223,2.060078
2343683085.8501663,3.254193
2343683088.717616,2.838404
2343683092.652947,3.3654140000000003
2343683096.2273574,3.5200430000000003
2343683099.570351,3.301512
2343683101.963973,2.3546359999999997
2343683105.374098,3.347506
2343683107.6010976,2.172472
2343683110.342862,2.691793
2343683112.498125,2.103547
2343683115.4829082,2.9394579999999997
2343683118.334462,2.804058
2343683120.708113,2.328334
2343683123.72439,2.1638949999999997
2343683127.184724,3.4040950000000003
2343683130.616903,2.7628790000000003
2343683133.650417,2.978396
2343683138.3727317,3.808522
2343683142.948846,4.138371
2343683146.895209,3.2070800000000004
2343683151.009719,2.463129
2343683154.379283,2.673686
2343683159.333939,2.127986
2343683163.813651,2.7312149999999997
2343683166.308432,2.4624360000000003
2343683171.269521,2.5461329999999998
2343683174.0725904,2.7729619999999997
2343683176.684896,1.923525
2343683181.1492567,3.5057069999999997
2343683184.578655,2.48155
2343683187.323692,2.7067609999999998
2343683191.974383,2.480724
2343683195.400662,2.846644
2343683197.361975,1.401571
2343683199.9823155,2.273182
2343683203.033822,2.528028
2343683206.629611,2.798277
2343683212.71697,4.024108999999999
2343683217.131291,4.369508000000001
2343683220.7713118,3.16836
2343683224.8407,2.815381
2343683227.34279,2.451677
2343683230.7674637,3.381364
2343683234.47838,3.675036
2343683236.960334,2.4472460000000003
2343683239.831421,2.820088
2343683242.9878488,3.1046110000000002
2343683245.538589,2.497179
2343683248.545668,2.959858
2343683253.890187,3.324154
2343683255.9395714,2.005417
2343683258.683924,2.230832
2343683262.330628,3.1543970000000003
2343683263.458492,1.0912490000000001
2343683265.683578,2.184322
2343683268.670527,2.941716
2343683272.021667,2.705464
2343683273.564475,1.49858
2343683275.921351,2.3100080000000003
2343683279.03296,3.064631
2343683283.126622,2.5657089999999996
2343683285.52532,2.354346
2343683287.9427333,2.372974
2343683291.1395187,3.155823
2343683293.643512,2.461343
2343683296.313757,2.1647369999999997
2343683299.5479817,3.1945419999999998
2343683303.2933598,2.9058420000000003
2343683307.062838,2.209095
2343683311.377726,3.421084
2343683314.472818,3.049803
2343683316.8963337,2.378587
2343683319.6888266,2.747576
2343683323.7950673,2.691307
2343683325.425626,1.57064
2343683328.22114,2.749738
2343683332.18348,3.249783
2343683335.855492,2.615611
2343683337.0975723,1.1827109999999998
2343683341.0186086,2.6234800000000003
2343683344.5145206,2.864764
2343683347.989143,3.407085
2343683351.563733,2.686889
2343683355.21643,3.075804
2343683358.565814,3.296828
2343683361.299384,2.6955310000000003
2343683364.231097,2.8868050000000003
2343683368.418133,2.853107
2343683371.62056,3.157614
2343683375.691208,3.274904
2343683379.5385737,2.968054
2343683383.058902,3.4819769999999997
2343683385.2987027,2.18547
2343683389.689463,3.120771
2343683392.746945,3.013403
2343683397.229106,2.7929109999999997
2343683400.3052897,3.036902
2343683403.1270823,2.771382
2343683404.937028,1.7534939999999999
2343683407.4179373,2.438455
2343683409.6891217,2.230266
2343683413.353369,3.619065
2343683418.227666,2.5823460000000003
2343683420.821445,2.559357
2343683422.9933167,2.139549
2343683426.085462,3.059299
2343683429.40025,2.93722
2343683432.489126,2.466182
2343683436.167214,3.637466
2343683439.9867597,2.397298
2343683442.626638,2.094747
2343683448.365782,3.310428
2343683450.796721,2.394017
2343683452.983281,2.136352
2343683454.516377,1.49855
2343683457.902662,3.352067
2343683460.3879523,2.450539
2343683463.414152,2.991844
2343683465.692448,2.236501
2343683467.970401,2.22349
2343683469.757386,1.7265080000000002
2343683473.2180653,2.2337809999999996
2343683476.504013,3.2191170000000002
2343683479.439606,2.393074
2343683482.8158092,2.5639119999999997
2343683485.743264,2.887294
2343683488.9558268,3.14994
2343683494.31672,3.75576
2343683497.811612,3.447791
2343683501.169187,2.610417
2343683504.271871,2.492001
2343683508.381491,2.186829
2343683511.2770042,2.241283
2343683514.883368,3.068418
2343683517.202565,1.893109
2343683520.0905347,2.224241
2343683524.3105583,3.4670460000000003
2343683527.581923,3.233184
2343683529.650488,2.007669
2343683533.4873843,3.026431
2343683536.2979317,2.746731
2343683539.918762,2.643375
2343683542.764233,1.734272
2343683545.429313,2.6109739999999997
2343683548.3934197,2.9083419999999998
2343683551.069532,2.623468
2343683554.3866844,3.264986
2343683558.5293264,3.318038
2343683562.109229,3.1617260000000003
2343683565.0765743,2.394451
2343683567.680859,2.543914
2343683569.919732,2.181019
2343683573.104903,3.1403580000000004
2343683578.707489,2.8953569999999997
2343683582.708578,2.259036
2343683588.6863427,3.2694159999999997
2343683592.392798,2.876165
2343683594.904887,2.48248
2343683596.591505,1.6593120000000001
2343683600.024382,2.91046
2343683602.768201,2.191797
2343683607.217577,3.397158
2343683609.95228,2.679694
2343683613.271638,2.408999
2343683616.0820637,2.773319
2343683619.13797,2.39142
2343683621.935788,2.755482
2343683624.403907,2.4232590000000003
2343683627.8593044,2.7654229999999997
2343683632.399435,3.32728
2343683635.7459736,3.3053510000000004
2343683640.6675444,2.486682
2343683642.7525144,2.050215
2343683645.470467,2.684212
2343683648.905365,2.918224
2343683651.353168,2.393717
2343683654.300199,2.0833039999999996
2343683656.4406433,2.103154
2343683661.049652,2.794572
2343683663.673981,2.58754
2343683666.2130632,2.5019679999999997
2343683669.072634,2.360775
2343683672.207051,3.0943910000000003
2343683675.1265993,2.86427
2343683677.52908,2.338672
2343683680.1108627,2.539511
2343683681.763769,1.606938
2343683685.012904,3.208926
2343683688.364157,3.299694
2343683691.086642,2.6675079999999998
2343683696.055757,2.613007
2343683699.381273,1.057131
2343683702.529841,3.1148249999999997
2343683705.733228,2.5308040000000003
2343683708.954575,2.7421949999999997
2343683711.87474,2.8854290000000002
2343683716.9920073,3.37716
2343683721.467143,3.199762
2343683725.63247,2.843491
2343683727.464459,1.7874539999999999
2343683730.466917,2.56159
2343683732.2682066,1.768369
2343683734.472637,2.1722870000000003
2343683737.941879,3.435997
2343683740.2465,2.261456
2343683742.9552417,2.1581230000000002
2343683745.941469,2.937842
2343683750.2263484,2.809125
2343683754.610425,2.620329
2343683757.4829493,2.839304
2343683762.14717,2.537324
2343683764.931143,2.738566
2343683769.139076,3.019407
2343683772.838673,3.653897
2343683776.100735,3.2227979999999996
2343683779.236281,2.4269209999999997
2343683784.092763,3.322911
2343683787.5382404,3.400476
2343683791.1569333,3.568853
2343683794.2688427,3.0651430000000004
2343683796.5015864,2.178597
2343683800.094418,2.6413
2343683802.966,2.809471
2343683806.431325,2.799306
2343683810.355661,2.112531
2343683815.02963,2.814763
2343683817.552668,2.484856
2343683820.598072,2.5702770000000004
2343683823.799696,3.165152
2343683826.997092,3.1460199999999996
2343683829.7339892,2.696539
2343683834.346012,3.334727
2343683841.426507,3.75849
2343683844.596177,2.0044049999999998
2343683847.035269,2.389139
2343683849.399065,2.319654
2343683851.9983983,2.56346
2343683858.038064,3.0902149999999997
2343683860.509365,2.436004
2343683863.494475,2.951092
2343683866.444929,2.9160399999999997
2343683869.458847,2.966359
2343683872.181517,2.681186
2343683875.541689,3.308812
2343683879.136352,2.8779280000000003
2343683884.10404,3.2964320000000003
2343683887.529519,3.3767850000000004
2343683890.694795,2.731957
2343683894.196514,2.657312
2343683898.091504,2.3419920000000003
2343683901.197916,2.4811080000000003
2343683905.363956,2.763101
2343683908.598404,3.1719869999999997
2343683911.6225934,2.989792
2343683919.530562,2.746611
2343683924.4232087,3.02109
2343683927.460834,2.982068
2343683931.035003,2.271125
2343683933.3944,2.331503
2343683936.604653,3.155203
2343683940.405503,2.707864
2343683943.901023,2.804084
2343683947.19407,3.24871
2343683953.990958,3.3015190000000003
2343683956.569848,1.712992
2343683958.976867,0.9870680000000001
2343683964.691412,3.462668
2343683967.110786,2.3871729999999998
2343683972.159375,2.814885
2343683975.2093034,2.993135
2343683977.7574058,2.497313
2343683980.704484,2.911548
2343683983.42522,2.665266
2343683986.416214,2.9254670000000003
2343683990.359587,2.5856719999999997
2343683994.6836557,2.422229
2343683998.146886,2.331054
2343684001.276211,2.330055
2343684003.5848536,2.25859
2343684006.369708,2.733049
2343684009.222607,2.799679
2343684011.27001,1.9961520000000001
2343684013.94476,2.638409
2343684016.9640117,2.980937
2343684019.860201,2.8351349999999997
2343684024.978508,2.963224
2343684028.657413,3.024127
2343684034.0703573,3.2176980000000004
2343684038.231437,2.552054
2343684041.0437317,2.0599529999999997
2343684044.905226,2.19978
2343684046.88715,1.946369
2343684050.902926,3.4402600000000003
2343684053.132802,1.604093
2343684055.4055023,2.22024
2343684058.8294954,3.3857589999999997
2343684060.926579,2.0451
2343684064.171571,2.656485
2343684068.217483,3.124898
2343684071.4276114,2.590826
2343684074.2671027,2.098918
2343684075.95651,1.6370799999999999
2343684079.139568,3.111097
2343684083.775662,3.293062
2343684087.481605,3.643252
2343684091.970744,3.532647
2343684094.812306,2.195661
2343684096.1372943,1.282103
2343684100.729029,3.127214
2343684103.22288,2.462551
2343684107.913178,3.531595
2343684110.605585,2.145091
2343684112.533769,1.8758110000000001
2343684115.462718,2.887676
2343684118.783783,3.269023
2343684123.18973,2.8186750000000003
2343684125.8267603,2.5746749999999996
2343684128.265257,2.37557
2343684131.278522,2.51921
2343684134.4513416,2.660122
2343684136.799234,2.293124
2343684139.772574,2.1659
2343684142.670528,2.249269
2343684147.330648,2.3295019999999997
2343684150.476704,3.099602
2343684153.130651,2.6168989999999996
2343684157.4221587,3.0141069999999996
2343684160.3109913,2.8528160000000002
2343684163.74999,3.38965
2343684166.153792,1.674913
2343684170.314322,2.692644
2343684172.954776,2.6059550000000002
2343684175.714612,2.725549
2343684177.7035294,1.918155
2343684179.848485,2.110258
2343684185.962306,3.084678
2343684189.420925,3.4113580000000003
2343684192.068381,2.6019609999999997
2343684195.491536,3.369602
2343684198.814312,3.274085
2343684201.391954,2.521589
2343684205.540902,3.4354009999999997
2343684211.201183,4.11946
2343684216.0609064,2.4975140000000002
2343684219.163004,3.054582
2343684222.8004203,1.96248
2343684226.0679483,3.216248
2343684227.7942667,1.688996
2343684229.6433153,1.3514849999999998
2343684232.2962627,2.604813
2343684237.203653,3.520123
2343684241.4062967,4.163974
2343684246.507411,3.932227
2343684250.001958,3.4464349999999997
2343684253.43997,2.7858750000000003
2343684257.105116,3.6082280000000004
2343684259.5300174,2.3709759999999998
2343684261.808486,2.236738
2343684264.992556,3.128445
2343684271.461078,3.1144879999999997
2343684275.342225,2.179453
2343684277.531211,1.83232
2343684281.346441,2.742416
2343684284.332025,2.93055
2343684286.5672026,1.724866
2343684291.6584473,3.013204
2343684294.732651,2.331633
2343684298.429922,3.0054629999999998
2343684302.733937,2.915777
2343684307.685097,3.009281
2343684310.178044,2.454023
2343684314.3330398,3.341788
2343684317.362123,2.16622
2343684320.158473,2.7546139999999997
2343684322.747045,2.53302
2343684325.708213,2.924325
2343684328.60082,2.3437010000000003
2343684331.568592,2.44442
2343684336.536724,3.192589
2343684339.757496,3.170058
2343684341.126657,1.336805
2343684345.72996,3.347662
2343684349.270494,2.487526
2343684351.612491,2.300324
2343684353.27698,1.6197309999999998
2343684356.367146,2.448766
2343684359.459246,2.2141040000000003
2343684365.008559,2.696823
2343684368.734983,3.046821
2343684371.228152,2.440207
2343684374.528309,3.265606
2343684377.702454,2.546356
2343684383.191892,2.856213
2343684386.497621,3.2622419999999996
2343684390.663474,2.336074
2343684393.738605,3.0231899999999996
2343684396.178167,2.384514
2343684398.790519,2.5670469999999996
2343684403.2058067,3.168712
2343684404.6294384,1.3710319999999998
2343684407.4633813,1.728755
2343684409.8756456,2.377497
2343684412.705746,2.793275
2343684414.904935,2.1467330000000002
2343684418.949786,3.236287
2343684421.943357,2.937606
2343684425.216741,2.458923
2343684429.146624,3.192606
2343684431.294734,2.0951429999999998
2343684434.656844,3.3128849999999996
2343684438.559743,2.732615
2343684440.979515,2.383271
2343684442.5126867,1.4964629999999999
2343684446.986821,3.8221230000000004
2343684451.769693,3.323192
2343684453.5351872,1.6958769999999999
2343684458.314309,3.358174
2343684461.986993,3.617871
2343684466.9934773,3.761146
2343684470.209381,2.477484
2343684473.263608,3.017813
2343684475.81841,2.50391
2343684478.205046,2.3307330000000004
2343684480.8781962,2.6287089999999997
2343684483.565527,2.63085
2343684485.394052,1.787278
2343684487.468854,2.033568
2343684490.084045,2.574873
2343684492.931504,2.7927109999999997
2343684496.735857,2.575405
2343684498.895684,2.119682
2343684502.718412,3.314674
2343684506.217822,2.883359
2343684509.662253,2.1853749999999996
2343684512.308008,2.6051249999999997
2343684518.0048833,1.919087
2343684522.481278,1.4271369999999999
2343684524.820706,2.303832
2343684530.229051,2.965602
2343684534.724828,1.566315
2343684537.554853,2.7806699999999998
2343684540.116537,2.497031
2343684545.6354127,2.5971369999999996
2343684548.906672,2.496944
2343684551.794972,2.835573
2343684555.258032,2.592637
2343684558.4262958,3.105241
2343684561.05231,2.563829
2343684565.023563,3.087675
2343684568.120482,3.054348
2343684571.314064,2.093465
2343684574.542573,2.75098
2343684576.530616,1.933982
2343684578.738478,2.1540169999999996
2343684583.721466,3.502534
2343684586.918989,3.1548230000000004
2343684590.9758873,4.00332
2343684594.996262,1.9774250000000002
2343684598.0252714,2.991838
2343684603.828621,2.509849
2343684606.39479,2.5184819999999997
2343684609.9187803,2.745872
2343684613.8256507,3.86455
2343684616.627074,2.745874
2343684619.765921,3.100876
2343684622.989119,3.1863040000000002
2343684625.8562684,2.816247
2343684628.740563,2.3834020000000002
2343684630.644252,1.8419
2343684634.071084,3.376318
2343684637.547397,3.416554
2343684642.063864,2.50036
2343684646.486667,3.191345
2343684649.561177,2.410488
2343684652.87044,2.763135
2343684656.194171,2.075619
2343684660.260461,2.07021
2343684663.530772,2.647192
2343684667.6379976,2.4889349999999997
2343684670.6083093,2.917304
2343684672.873512,2.2355029999999996
2343684674.814762,1.911938
2343684677.4698997,1.185188
2343684679.742429,2.223812
2343684681.633174,1.864447
2343684684.277825,2.0830219999999997
2343684687.030775,2.697591
2343684689.6474476,1.387815
2343684692.6045337,2.46719
2343684696.291674,2.932512
2343684699.601023,2.288774
2343684702.88556,2.575189
2343684705.469104,2.5491189999999997
2343684709.370303,3.8653009999999997
2343684712.8611937,3.437033
2343684715.543789,2.633372
2343684721.718228,3.551927
2343684724.664698,2.897971
2343684728.300965,2.125259
2343684731.0016413,2.658423
2343684733.829072,2.787603
2343684736.748765,2.864685
2343684742.775478,3.71102
2343684748.753601,3.438069
2343684752.139111,2.459829
2343684755.1896253,1.864879
2343684758.219362,1.915862
2343684761.308905,3.0557510000000003
2343684763.9194183,1.665576
2343684766.438293,2.4888570000000003
2343684769.243625,2.001975
2343684772.4845104,1.8982109999999999
2343684774.658333,2.1372430000000002
2343684777.501596,2.169145
2343684780.8645496,2.7936509999999997
2343684784.8230243,1.986672
2343684788.8507314,2.3904400000000003
2343684791.543657,2.6607
2343684793.993611,2.395222
2343684797.559919,2.9751529999999997
2343684800.60074,2.2763150000000003
2343684804.801846,2.368589
2343684808.3660693,2.8154500000000002
2343684811.769365,3.361581
2343684814.611631,2.7904470000000003
2343684816.79231,2.146224
2343684820.4663453,2.420939
2343684823.7503,3.251071
2343684826.427013,2.624321
2343684829.279372,2.8001139999999998
2343684831.510404,2.191657
2343684835.507425,3.234109
2343684838.9004765,3.35003
2343684841.904711,2.959351
2343684846.956584,3.652078
2343684851.344815,2.060373
2343684857.344286,2.9699679999999997
2343684860.9968147,2.204129
2343684863.23885,2.2122349999999997
2343684866.1742253,2.9058550000000003
2343684868.757269,2.051959
2343684872.85988,4.066514000000001
2343684876.9911427,3.6376899999999996
2343684878.9499,1.9114900000000001
2343684881.654624,2.663643
2343684884.6477766,2.359697
2343684887.3171377,2.612808
2343684890.479605,2.210337
2343684895.01857,3.4863839999999997
2343684899.001549,2.626396
2343684903.5284257,2.266953
2343684906.2005363,2.0082
2343684908.352469,2.114318
2343684911.114513,2.363262
2343684913.277531,2.128285
2343684915.462026,2.150975
2343684918.971084,3.477827
2343684921.599269,1.93115
2343684924.8732553,3.228539
2343684930.4457603,2.7198700000000002
2343684932.955243,1.9942900000000001
2343684935.400347,2.4112069999999997
2343684940.802594,2.317976
2343684945.242899,2.7085310000000002
2343684948.780803,2.844704
2343684951.139201,2.3255369999999997
2343684954.224867,1.9186139999999998
2343684956.96376,2.7058910000000003
2343684960.682034,2.881408
2343684964.232897,3.510999
2343684968.362323,3.5609230000000003
2343684971.881737,3.466679
2343684976.695141,3.6451550000000004
2343684980.2218027,2.6260559999999997
2343684984.65939,3.9525439999999996
2343684989.222705,1.909608
2343684993.813839,2.504101
2343684996.339643,2.483529
2343685001.844689,3.780198
2343685003.8921547,2.007348
2343685008.020651,2.221114
2343685011.7751203,3.720147
2343685015.002917,2.509537
2343685017.322248,2.280144
2343685019.203566,1.8444880000000001
2343685024.598993,2.650947
2343685027.2354913,2.6001459999999996
2343685031.086321,2.873123
2343685033.932167,2.2631349999999997
2343685036.542308,2.182037
2343685039.988075,2.277784
2343685043.860039,2.200117
2343685047.470245,2.194293
2343685051.727911,2.527562
2343685054.796028,2.610336
2343685057.643752,2.4922590000000002
2343685060.940099,2.729494
2343685065.2345653,3.242387
2343685067.6799283,2.410583
2343685070.304852,2.590093
2343685073.168407,2.275352
2343685077.310448,3.4337239999999998
2343685083.612991,3.118058
2343685088.112769,2.929357
2343685089.3418283,1.180736
2343685091.994162,2.6218679999999996
2343685094.847796,2.784335
2343685097.4384212,2.119545
2343685100.132534,2.159479
2343685107.008365,2.974034
2343685110.4723463,2.874007
2343685114.309411,2.968122
2343685120.381133,2.488695
2343685123.924813,3.041017
2343685127.2938437,3.33642
2343685129.461633,2.1338820000000003
2343685132.738255,2.60905
2343685136.062739,2.820423
2343685139.06505,2.422657
2343685142.99944,3.184087
2343685145.302456,2.261566
2343685148.1797037,2.8280839999999996
2343685150.51538,2.295747
2343685152.6377463,2.084213
2343685155.5095153,2.8264430000000003
2343685157.945392,2.392881
2343685161.20581,2.514115
2343685164.4938717,3.239801
2343685167.027192,2.493234
2343685170.236256,3.1563899999999996
2343685172.1773887,1.888962
2343685176.225292,3.163706
2343685178.44743,2.184367
2343685181.497217,3.0149719999999998
2343685184.917087,2.8179239999999997
2343685187.511468,2.555934
2343685192.044516,2.787758
2343685195.973031,2.4943619999999997
2343685199.0632915,3.0140990000000003
2343685201.40108,2.2830760000000003
2343685203.856943,1.9614290000000003
2343685207.7803907,2.34912
2343685209.864343,2.034817
2343685212.954083,2.348675
2343685215.88508,2.875921
2343685218.7518606,2.829862
2343685221.634762,2.8446819999999997
2343685224.631339,2.959788
2343685228.5614033,2.324126
2343685231.0661163,1.8177079999999999
2343685234.382981,3.267358
2343685236.885329,2.455027
2343685243.060877,3.344299
2343685246.0235653,2.917435
2343685248.530157,2.461469
2343685251.406019,2.834391
2343685255.167056,3.037638
2343685259.029311,2.4858469999999997
2343685262.595552,2.89893
2343685266.003579,2.0988640000000003
2343685267.243666,1.2048670000000001
2343685271.464523,2.7951930000000003
2343685274.698996,2.016967
2343685277.186367,1.9791180000000002
2343685280.331316,3.111431
2343685282.5966797,2.213019
2343685285.2285533,2.258897
2343685289.0891733,3.21993
2343685293.007611,3.390582
2343685296.12267,3.0512960000000002
2343685298.854446,2.676863
2343685304.151371,3.0760240000000003
2343685307.117086,2.914785
2343685309.581674,2.4190840000000002
2343685314.532201,2.283369
2343685318.1882563,3.026678
2343685320.044717,1.8038990000000001
2343685323.386715,2.639368
2343685326.457281,3.0377020000000003
2343685328.687651,2.176397
2343685331.52849,2.131849
2343685336.176469,3.183779
2343685338.7211413,2.501933
2343685341.429456,2.664241
2343685345.8844852,3.284644
2343685348.900767,2.975695
2343685351.616947,1.93106
2343685355.285319,3.625869
2343685358.366686,3.038859
2343685360.970744,2.550277
2343685363.485749,1.8488280000000001
2343685367.3808823,2.620194
2343685369.7664213,2.336382
2343685372.630581,2.816415
2343685376.35276,2.970125
2343685379.683496,2.8436500000000002
2343685382.452135,2.7223640000000002
2343685385.759288,2.76871
2343685389.700076,3.146407
2343685391.963621,2.224825
2343685394.5195007,2.49921
2343685397.291514,2.727957
2343685400.545062,2.48007
2343685402.683595,2.094196
2343685405.315351,1.829826
2343685407.27029,1.9094579999999999
2343685409.271337,1.9603300000000001
2343685412.158094,2.818518
2343685416.0730333,2.656571
2343685419.017314,2.3254040000000002
2343685421.540923,2.472444
2343685424.5164633,2.268632
2343685428.267136,2.827404
2343685431.437457,3.133677
2343685435.130843,2.3328189999999998
2343685440.369247,2.803049
2343685442.789937,2.3821820000000002
2343685445.079104,2.240263
2343685448.027337,2.9041370000000004
2343685450.827756,2.743731
2343685455.330817,3.399693
2343685458.151503,2.7652050000000004
2343685460.329229,2.142839
2343685464.323844,3.134805
2343685467.7723923,3.386889
2343685470.8482738,3.014442
2343685474.359921,2.4646939999999997
2343685481.5683866,2.862387
2343685484.493594,2.276573
2343685486.6506333,2.127322
2343685489.311972,2.627137
2343685492.072219,2.2627569999999997
2343685494.873983,2.309392
2343685497.532169,2.613226
2343685500.761775,2.469198
2343685504.833901,3.041338
2343685507.403244,2.521451
2343685513.446774,2.415529
2343685516.525194,2.5133270000000003
2343685520.181955,2.430584
2343685522.707659,2.496842
2343685525.475004,2.088491
2343685528.613125,3.1095200000000003
2343685533.7685413,2.409614
2343685537.5207376,3.109817
2343685539.7060413,2.142723
2343685545.567029,2.972296
2343685548.5223308,2.9026590000000003
2343685551.86495,3.287757
2343685554.750061,2.83214
2343685557.785648,2.543422
2343685561.671593,2.67755
2343685564.726718,3.0229950000000003
2343685567.503303,2.3022400000000003
2343685571.217646,2.1976769999999997
2343685574.483714,2.780898
2343685578.12888,2.314425
2343685581.4758,2.163163
2343685584.193403,2.026718
2343685587.843842,3.615205
2343685591.365283,3.488572
2343685595.4355874,3.3100840000000002
2343685597.7746544,2.299369
2343685599.83816,2.021625
2343685602.623177,2.745575
2343685605.8937216,2.67144
2343685610.874294,1.275312
2343685615.650674,3.365597
2343685617.87396,2.173149
2343685621.865612,3.366765
2343685623.994824,2.071339
2343685625.932509,1.897864
2343685628.995724,3.008325
2343685631.70629,2.1589970000000003
2343685635.04962,2.8049429999999997
2343685637.222882,2.1223639999999997
2343685644.188632,2.652654
2343685646.714521,2.470449
2343685649.694144,2.950475
2343685654.539921,3.137927
2343685658.402841,3.113652
2343685659.83462,1.3792039999999999
2343685662.961971,2.088597
2343685667.429723,2.6750979999999998
2343685672.943241,3.2075649999999998
2343685675.3882937,2.391092
2343685679.824101,3.285867
2343685684.1080117,2.325279
2343685687.515625,3.376573
2343685690.499674,2.931774
2343685694.487401,2.4660200000000003
2343685697.547838,2.429508
2343685700.196969,2.6117839999999997
2343685703.786131,2.495805
2343685706.985437,2.126106
2343685710.705549,3.6549270000000003
2343685713.640655,2.8923989999999997
2343685717.544302,3.286991
2343685720.975874,2.116692
2343685723.894714,2.877971
2343685726.627725,2.694363
2343685730.144144,2.40105
2343685734.446477,4.260711000000001
2343685738.726689,2.640348
2343685741.0516467,2.273031
2343685743.763968,2.655744
2343685745.4839697,1.671923
2343685748.310379,2.779348
2343685751.268307,2.894796
2343685755.718307,2.867484
2343685759.833916,2.71592
2343685761.838759,1.948609
2343685766.175906,2.477763
2343685768.197991,1.9857989999999999
2343685771.524876,2.672253
2343685774.5826273,2.408664
2343685777.7901816,2.532725
2343685780.8340898,2.988071
2343685784.693196,3.17349
2343685786.8314757,2.10266
2343685789.143545,2.278902
2343685791.619203,2.433612
2343685793.84272,2.17146
2343685796.996474,3.098164
2343685800.279754,3.228407
2343685802.96339,2.6473970000000002
2343685806.383407,2.832108
2343685810.313848,3.190076
2343685813.59548,3.245188
2343685819.478037,2.650095
2343685822.4657664,2.9457780000000002
2343685826.044421,3.523319
2343685828.960082,2.485586
2343685831.8345647,2.837866
2343685835.776811,3.882533
2343685839.7476892,2.9806820000000003
2343685843.2713003,3.474285
2343685847.292887,3.271572
2343685851.370134,4.035036
2343685856.802421,3.343013
2343685860.7318697,2.4401599999999997
2343685863.267088,2.491794
2343685866.053647,2.733981
2343685869.5366473,3.430657
2343685871.8073897,2.235229
2343685875.416127,3.5567260000000003
2343685878.227059,2.774731
2343685881.533194,2.601577
2343685884.66581,2.689931
2343685888.707678,3.236888
2343685892.213643,2.673743
2343685896.35222,2.817225
2343685898.79517,1.822137
2343685902.589971,3.111813
2343685904.743963,2.118669
2343685908.056695,3.2765239999999998
2343685909.7236233,1.6315279999999999
2343685912.6663423,2.9085389999999998
2343685914.947316,2.236366
2343685919.5958886,2.852027
2343685922.514947,2.86682
2343685926.022026,2.0571029999999997
2343685929.228088,2.0170700000000004
2343685936.264928,2.945129
2343685940.2511077,3.5237480000000003
2343685943.4506807,2.583521
2343685948.045457,2.842218
2343685950.4126973,2.331262
2343685953.297887,2.2475490000000002
2343685956.542538,1.8241189999999998
2343685960.332738,3.7352980000000002
2343685963.28393,2.915635
2343685966.600994,3.2816910000000004
2343685968.605669,1.9540980000000001
2343685971.4209123,2.770026
2343685975.039723,2.8000030000000002
2343685977.109354,1.50627
2343685979.938033,2.781823
2343685981.853044,1.175413
2343685983.998239,2.092947
2343685987.044127,2.9912110000000003
2343685991.453785,2.74463
2343685994.045636,2.013383
2343685999.251321,2.464769
2343686001.996976,2.061378
2343686004.808716,2.774399
2343686006.708914,1.858282
2343686009.608177,2.857129
2343686013.329725,2.6283209999999997
2343686015.9070983,2.530214
2343686018.634735,2.68847
2343686022.369939,2.444543
2343686028.27634,2.353554
2343686030.951337,2.636056
2343686034.4847608,2.712932
2343686037.672299,3.1487580000000004
2343686041.218766,2.299564
2343686044.280819,2.439831
2343686046.2804937,1.947524
2343686048.7589703,2.425324
2343686052.044592,3.244383
2343686055.1106234,3.010294
2343686058.312357,3.162376
2343686062.3741612,3.23603
2343686065.500258,2.7266690000000002
2343686069.886635,2.454404
2343686072.836617,2.908382
2343686075.843945,2.971244
2343686078.911244,3.0325439999999997
2343686081.383151,2.436101
2343686085.512183,4.093901
2343686091.069684,3.328657
2343686094.364162,2.575608
2343686097.6035757,3.181875
2343686100.112292,2.440051
2343686102.386531,2.21995
2343686105.810605,2.380368
2343686109.023619,3.170716
2343686111.6651793,2.600104
2343686114.338123,2.620581
2343686117.2825236,2.0979900000000002
2343686119.715678,1.681339
2343686122.8718243,2.475165
2343686127.2002387,2.939751
2343686130.644547,3.405526
2343686132.8839006,2.17855
2343686135.002513,2.086597
2343686137.735735,2.703034
2343686139.670596,1.903167
2343686144.573492,2.580077
2343686147.259191,2.630725
2343686150.9130716,2.6710380000000002
2343686155.198248,2.484537
2343686157.437762,2.210922
2343686159.801919,2.331328
2343686163.1865764,3.3320149999999997
2343686166.068627,2.8271759999999997
2343686169.756216,2.4139209999999998
2343686175.404048,3.165512
2343686178.455905,2.99936
2343686181.924082,2.348589
2343686184.271077,2.29131
2343686186.947193,2.621093
2343686189.873916,2.231954
2343686192.356057,2.440793
2343686195.465243,2.590486
2343686198.135386,1.949876
2343686200.893966,2.7195370000000003
2343686204.409782,2.835594
2343686207.637589,3.159746
2343686214.436462,3.573102
2343686217.1596584,2.675408
2343686220.619681,2.6255599999999997
2343686223.051047,2.3766249999999998
2343686225.316647,2.230391
2343686228.75118,1.878177
2343686233.038389,2.790318
2343686235.919119,2.284552
2343686238.37301,1.93835
2343686240.714609,2.308252
2343686244.48696,2.3502330000000002
2343686247.356853,2.826054
2343686251.170395,2.286702
2343686255.392179,3.260241
2343686258.209986,2.766141
2343686261.880439,2.917233
2343686264.630797,2.694995
2343686268.9213667,2.966122
2343686271.2485337,2.274704
2343686274.062663,2.760542
2343686277.2900543,2.5016510000000003
2343686279.9683547,2.62403
2343686282.598516,2.559065
2343686286.276339,2.7753360000000002
2343686290.545207,2.373302
2343686295.9997544,2.287829
2343686299.217146,2.557868
2343686302.775794,2.628427
2343686306.028213,3.212075
2343686309.763914,3.680301
2343686311.9906178,1.6449539999999998
2343686317.418552,3.09552
2343686320.5132837,1.789471
2343686323.5724382,3.003919
2343686326.592445,2.982696
2343686329.973319,2.6327849999999997
2343686332.190598,2.162309
2343686335.498189,3.2680830000000003
2343686338.6542053,3.11875
2343686342.860361,3.577435
2343686345.183899,2.2706
2343686349.254887,4.020738000000001
2343686352.1682253,2.8480060000000003
2343686354.9166307,2.687986
2343686358.2401342,3.273101
2343686360.415926,2.130274
2343686363.964341,2.784533
2343686369.367908,2.3812379999999997
2343686376.989664,2.9101150000000002
2343686378.685006,1.642162
2343686380.075159,1.364202
2343686382.9157887,2.81221
2343686386.621005,2.3513010000000003
2343686389.142907,2.481154
2343686390.3113694,1.134636
2343686394.177335,2.46932
2343686397.0478864,2.836106
2343686400.3563614,3.269857
2343686403.4492264,2.58431
2343686406.375217,2.287574
2343686409.1629887,2.751562
2343686411.869216,2.650617
2343686414.1620493,2.2441560000000003
2343686416.782315,2.5716699999999997
2343686419.306807,2.463896
2343686422.599997,1.872077
2343686425.542444,2.9044399999999997
2343686428.344294,2.740344
2343686430.26214,1.881324
2343686433.4999447,3.201257
2343686435.768329,2.219609
2343686439.240586,1.5051649999999999
2343686442.920341,2.100457
2343686446.5127096,3.539937
2343686450.461537,3.91256
2343686453.511123,3.0176600000000002
2343686458.4196453,3.400052
2343686462.652502,3.537366
2343686467.942715,2.591028
2343686471.022664,3.040139
2343686475.2939234,2.8399509999999997
2343686478.810675,2.874857
2343686482.0470853,2.722234
2343686484.9744534,2.8569780000000002
2343686488.090417,2.413522
2343686491.241777,3.110494
2343686493.947191,2.667744
2343686496.185998,2.199943
2343686498.3262863,2.101392
2343686502.3750963,3.302873
2343686505.780798,2.059134
2343686510.056076,2.4783779999999997
2343686515.696566,2.4559059999999997
2343686520.3889728,2.935428
2343686525.300641,2.303397
2343686528.825811,2.83438
2343686531.730547,2.242931
2343686533.483445,1.7198879999999999
2343686538.74857,2.574644
2343686541.6887307,2.52746
2343686544.481555,2.737915
2343686547.6781287,1.436447
2343686551.573025,3.017988
2343686554.9131913,2.7081459999999997
2343686557.9554377,2.368256
2343686561.136353,3.125867
2343686563.115623,1.9470340000000002
2343686565.873781,2.7194979999999997
2343686568.491936,2.552872
2343686571.627152,3.095283
2343686575.701834,2.910462
2343686578.511622,2.757091
2343686581.168287,2.61326
2343686584.8282843,3.6150409999999997
2343686587.8484187,2.9664219999999997
2343686592.472672,3.117629
2343686595.688726,3.1649030000000002
2343686598.085948,2.336253
2343686600.4945736,2.352561
2343686604.415773,2.440722
2343686607.439098,2.965857
2343686611.320978,2.0440329999999998
2343686614.319622,2.962316
2343686617.4971743,1.1650880000000001
2343686620.8164372,2.865122
2343686623.327922,2.47832
2343686626.997556,2.958472
2343686630.184092,3.124253
2343686633.380376,2.65044
2343686635.512369,2.0868179999999996
2343686637.749572,2.185987
2343686639.958079,2.163732
2343686642.995172,2.95327
2343686646.442112,3.402095
2343686649.3876433,2.904779
2343686654.0962353,2.717578
2343686656.416198,2.264458
2343686659.0803924,2.624432
2343686663.000702,3.050378
2343686666.3463016,2.581283
2343686670.47124,2.373697
2343686674.3112483,3.056093
2343686678.12471,3.13344
2343686681.354683,3.176492
2343686684.7907553,3.38112
2343686687.1658664,1.845099
2343686688.772757,1.569548
2343686692.55195,3.098558
2343686696.5563,3.025142
2343686699.44018,2.8454159999999997
2343686702.953711,2.741669
2343686708.946281,4.1744829999999995
2343686712.613061,3.061595
2343686716.290545,3.64012
2343686720.98419,3.094463
2343686725.178621,4.133693
2343686728.45315,3.2197139999999997
2343686732.3080616,2.3461290000000004
2343686735.75423,3.386835
2343686738.715457,2.919958
2343686742.08321,2.7448569999999997
2343686744.4899154,2.361643
2343686746.6164904,2.088329
2343686749.154715,1.918233
2343686752.0920978,2.490453
2343686755.125002,2.982891
2343686759.015068,3.208935
2343686762.13192,2.510632
2343686764.2662287,2.0916699999999997
2343686766.743482,2.432208
2343686768.835233,2.050666
2343686773.11001,2.584098
2343686775.592803,2.4393499999999997
2343686778.375555,2.745949
2343686783.303535,3.322217
2343686785.849758,2.508975
2343686790.035108,2.888662
2343686794.360657,2.569683
2343686797.810516,2.553616
2343686801.7074122,2.267614
2343686805.500802,2.126977
2343686809.369992,3.208387
2343686813.0364294,2.416961
2343686816.276172,2.630169
2343686818.410977,2.097917
2343686820.576609,2.132986
2343686822.588196,1.97526
2343686826.5163836,2.677893
2343686829.179301,2.620626
2343686831.423175,2.175363
2343686834.659179,3.197787
2343686836.612136,1.9077950000000001
2343686841.143255,3.070407
2343686845.890253,3.805528
2343686850.339753,3.964694
2343686852.2188387,1.844091
2343686855.372536,2.766455
2343686858.3419256,2.917152
2343686862.306261,3.4356299999999997
2343686865.887126,2.751079
2343686869.4392653,2.166601
2343686872.272471,2.7860419999999997
2343686874.642086,2.3348679999999997
2343686878.247423,2.756689
2343686883.1572657,2.947224
2343686884.302244,1.108336
2343686886.53912,2.1972300000000002
2343686889.0062327,2.428926
2343686892.336231,2.54256
2343686895.23529,2.8552239999999998
2343686898.984437,3.1370069999999997
2343686901.406404,2.367585
2343686904.042739,2.593067
2343686908.525261,3.11962
2343686911.158066,2.59169
2343686914.536925,2.767128
2343686916.8937073,2.3110209999999998
2343686920.2758827,3.325394
2343686924.265556,2.629929
2343686927.860172,2.441828
2343686930.459459,2.568533
2343686933.8237367,2.840084
2343686990.484904,56.085179
2343686995.491969,4.954305
2343687003.7977037,7.034978
2343687009.997922,3.044749
2343687012.872401,2.827116
2343687016.202371,2.4818420000000003
2343687019.5932,3.351287
2343687024.195534,3.2235940000000003
2343687026.610741,2.381108
2343687030.6429367,3.1696329999999997
2343687033.480784,2.797902
2343687036.086699,2.559599
2343687038.7568374,2.632434
2343687041.318426,2.502926
2343687044.546609,1.956098
2343687093.278661,27.870222
2343687097.566017,4.223242
2343687103.0912538,4.055541
2343687107.522234,4.362998
2343687109.998465,2.4037669999999998
2343687113.0510664,2.991597
2343687120.632146,3.779991
2343687123.758929,3.084778
2343687127.760699,2.668222
2343687131.779925,2.8093369999999998
2343687134.9234242,2.4917860000000003
2343687137.4467683,2.4771289999999997
2343687139.944076,2.4372019999999996
2343687143.329789,2.5898000000000003
2343687146.047041,2.669384
2343687148.762586,2.653736
2343687154.8805966,2.398567
2343687157.924239,3.002935
2343687160.798532,2.831856
2343687164.254207,3.424493
2343687169.475116,2.515587
2343687172.9251857,2.548647
2343687175.202338,2.222052
2343687227.346141,52.108931
2343687233.113251,5.701161
2343687237.349187,2.957818
2343687241.151441,3.737966
2343687244.228613,3.014807
2343687246.956075,2.667774
2343687270.637485,3.212397
2343687299.481769,28.782595
2343687308.172822,8.624748
2343687314.92639,3.910884
2343687319.778651,3.9399429999999995
2343687322.7690153,2.9319770000000003
2343687325.686716,2.8749420000000003
2343687330.061401,3.38135
2343687332.510094,2.411088
2343687336.941493,4.381188
2343687343.477626,5.628178
2343687346.676284,3.154654
2343687349.393732,2.661511
2343687353.084798,3.638414
2343687355.832733,2.685159
2343687360.423699,3.217152
2343687363.6454244,2.463716
2343687367.573888,3.1977860000000002
2343687369.961044,2.347237
2343687373.178072,3.175089
2343687377.329045,2.766978
2343687381.8384104,2.50591
2343687385.0776258,2.600304
2343687388.124473,2.4843539999999997
2343687390.183127,2.023714
2343687392.858995,2.091801
2343687396.571063,2.2719210000000003
2343687398.803794,2.194712
2343687401.132482,2.279465
2343687403.5088882,2.339508
2343687406.116286,2.54718
2343687409.1185107,2.963606
2343687414.732659,3.154922
2343687419.220838,2.522744
2343687421.622198,1.8563360000000002
2343687424.482574,2.804811
2343687427.427622,2.892461
2343687429.658937,2.1822209999999997
2343687432.336426,2.622847
2343687435.5794992,3.18842
2343687438.554366,2.9220040000000003
2343687440.771513,2.154796
2343687443.682365,2.8523490000000002
2343687448.242342,2.6124020000000003
2343687450.646364,2.366171
2343687453.7172227,2.366038
2343687456.703144,2.9505719999999998
2343687460.924847,3.2212120000000004
2343687464.4223566,2.2828720000000002
2343687467.8303022,1.762006
2343687471.6518,2.385086
2343687475.5414224,2.5837220000000003
2343687478.1607842,2.067465
2343687482.0367208,3.130385
2343687484.7268353,2.630631
2343687488.084073,3.29137
2343687491.141228,2.2400409999999997
2343687494.286128,2.442223
2343687545.847257,29.736158
2343687551.082717,5.169741999999999
2343687555.680105,4.5314250000000005
2343687559.99692,4.228384
2343687562.5097256,2.424149
2343687565.538104,2.968874
2343687569.227471,2.858982
2343687573.876663,2.24432
2343687579.687813,2.1080029999999996
2343687584.271529,4.112906000000001
2343687588.545622,2.301145
2343687594.844563,4.262212
2343687597.66676,2.766181
2343687602.2438507,2.548276
2343687607.143559,4.844689
2343687609.854892,2.6700869999999997
2343687614.775529,4.881119
2343687617.221272,2.385069
2343687624.3389797,4.7524999999999995
2343687626.7433434,2.34713
2343687629.834211,3.0283520000000004
2343687631.863019,1.963265
2343687636.063217,2.619244
2343687642.549843,6.429774
2343687647.175849,4.571383
2343687648.482348,1.243694
2343687654.349085,5.807749
2343687657.8553414,3.447885
2343687661.851794,3.9332509999999994
2343687667.433005,5.515042
2343687671.6703277,2.592277
2343687675.473186,3.111086
2343687681.431331,3.743768
2343687685.717945,4.220851000000001
2343687690.875447,4.333686
2343687693.476275,2.546227
2343687699.233452,3.613602
2343687706.4539957,3.860075
2343687712.04462,4.587225999999999
2343687715.530293,3.444041
2343687721.69125,6.09777
2343687725.9827113,3.4672359999999998
2343687729.662777,3.633069
2343687737.3689938,5.98029
2343687740.954377,3.5287629999999996
2343687751.322948,5.835940000000001
2343687759.606898,5.409391
2343687763.3739343,2.5213750000000004
2343687766.5370984,3.129826
2343687772.61434,3.301811
2343687775.5571337,2.898268
2343687781.368129,3.746415
2343687785.0198107,3.594828
2343687788.382842,3.318896
2343687791.95695,2.969301
2343687798.564999,2.8274939999999997
2343687802.507258,1.771547
2343687804.461939,1.930108
2343687810.394021,2.542047
2343687813.743204,2.9641260000000003
2343687816.257483,2.4592910000000003
2343687817.82862,1.517532
2343687819.615289,1.73743
2343687821.399759,1.7253500000000002
2343687823.466995,2.024037
2343687871.491214,47.988209
2343687881.225057,5.997075
2343687886.514583,4.225679
2343687889.344374,2.773319
2343687893.066159,3.664135
2343687896.7616887,2.877628
2343687900.493461,3.682037
2343687902.581628,1.333003
2343687906.420867,3.0742220000000002
2343687908.554286,2.0778440000000002
2343687910.438782,1.824635
2343687956.6712823,46.194505
2343687962.960559,6.2250559999999995
2343687968.725774,4.763134
2343687974.182931,3.62427
2343687977.7833114,3.5374790000000003
2343687980.736462,2.889708
2343687983.3851953,2.6028219999999997
2343687986.9327917,3.484746
2343687989.466964,2.490497
2343687993.316955,3.8039359999999998
2343687996.7555633,2.309093
2343688000.321305,2.44911
2343688002.393822,2.032095
2343688006.200098,2.3982080000000003
2343688009.33388,3.094103
2343688012.8030653,3.41359
2343688014.916831,2.076188
2343688018.594536,2.828997
2343688022.414508,3.093051
2343688025.772477,2.6959839999999997
2343688029.444946,3.629567
2343688031.555222,2.044287
2343688032.925156,1.3301910000000001
2343688037.0020723,2.34728
2343688040.5805616,3.091732
2343688043.409052,2.7862460000000002
2343688044.772484,1.312556
2343688048.595862,2.236965
2343688050.895486,2.267414
2343688077.441042,2.0887000000000002
2343688081.225174,2.265758
2343688084.99181,3.2283809999999997
2343688088.6138196,3.556676
2343688091.4737897,2.4064249999999996
2343688094.261887,2.2945919999999997
2343688097.3992276,3.0972429999999997
2343688100.40093,2.9630929999999998
2343688104.429326,2.789289
2343688111.955901,5.2494380000000005
2343688116.238175,4.218325
2343688118.394169,2.1162300000000003
2343688121.878509,3.4455
2343688127.754601,3.095348
2343688130.516192,2.718006
2343688134.4092913,3.8392220000000004
2343688137.35497,2.8882399999999997
2343688140.55973,2.545351
2343688143.69115,2.3170550000000003
2343688146.8816094,3.14717
2343688150.750321,3.132437
2343688154.256464,2.794304
2343688157.035186,2.742388
2343688159.918745,2.393346
2343688162.776448,2.823411
2343688166.512632,2.3615519999999997
2343688169.982458,3.4168279999999998
2343688172.36704,1.66909
2343688175.5057793,3.0833660000000003
2343688178.927953,3.370294
2343688182.3732567,3.402623
2343688185.083734,2.667099
2343688187.9932237,2.2340590000000002
2343688191.405381,2.7323690000000003
2343688194.541337,3.08444
2343688197.889762,3.2945219999999997
2343688200.399895,2.435448
2343688203.095473,2.6451439999999997
2343688205.543916,2.409522
2343688209.500012,3.254397
2343688212.528578,2.3729519999999997
2343688216.692911,3.661799
2343688220.1492653,2.356732
2343688223.397111,2.020572
2343688227.041276,2.736039
2343688235.260625,3.7219160000000002
2343688238.4817357,3.165256
2343688241.199924,2.663068
2343688246.042756,3.80834
2343688249.7609954,2.943025
2343688253.955485,3.394998
2343688258.806991,2.876399
2343688262.235641,3.377929
2343688264.613436,2.324456
2343688269.128532,4.045089
2343688272.2018013,3.0296670000000003
2343688274.858747,1.9115270000000002
2343688280.603647,3.303816
2343688285.501086,3.6268339999999997
2343688291.090643,3.1843510000000004
2343688294.380073,2.2909789999999997
2343688298.801618,3.52472
2343688301.4403,2.572628
2343688304.734789,3.258015
2343688308.713426,3.621261
2343688315.888993,4.647173
2343688320.329681,4.382957
2343688323.548682,3.152382
2343688327.4569616,3.2175160000000003
2343688331.8565397,4.354341000000001
2343688335.427359,2.681949
2343688339.793232,2.798123
2343688342.272589,2.422778
2343688347.187356,4.226202
2343688350.105192,2.870309
2343688353.7589827,2.453295
2343688357.7196283,2.976204
2343688360.784139,2.4755350000000003
2343688364.183525,3.33438
2343688367.919266,3.0091330000000003
2343688372.658112,2.775924
2343688376.980371,2.496048
2343688378.761921,1.740863
2343688382.558308,3.749326
2343688384.6899567,2.091207
2343688387.966318,3.237237
2343688391.909553,2.999982
2343688394.976114,3.013973
2343688399.017686,2.009403
2343688402.504335,3.4456700000000002
2343688409.1129923,2.45022
2343688411.247855,2.079473
2343688413.573497,2.296204
2343688416.5441747,1.949192
2343688420.100088,2.4755540000000003
2343688422.391924,2.255438
2343688423.733475,1.3023360000000002
2343688425.936658,2.16486
2343688428.912112,2.939111
2343688433.141689,3.5472960000000002
2343688436.93591,3.013029
2343688440.328675,3.346918
2343688444.764615,3.319422
2343688447.605598,2.8019770000000004
2343688450.5294065,2.872529
2343688455.07467,2.793815
2343688460.351614,3.5115290000000003
2343688464.5217986,3.15711
2343688468.976376,2.74385
2343688471.794094,2.7622269999999998
2343688475.172364,2.676173
2343688477.7568116,2.5471790000000003
2343688483.0214863,2.344763
2343688484.931349,1.14101
2343688489.825169,2.1522550000000003
2343688493.134814,3.273209
2343688495.98365,2.806102
2343688500.596523,2.872106
2343688504.6647243,3.175243
2343688506.456045,1.752143
2343688510.1606913,2.2603779999999998
2343688512.832235,2.626702
2343688514.92333,1.031357
2343688517.244048,1.73787
2343688520.300399,3.018377
2343688522.16136,1.824673
2343688524.7666683,2.550588
2343688527.541277,2.739456
2343688532.110119,2.821841
2343688535.920864,2.51655
2343688538.227766,2.2659339999999997
2343688544.884708,2.896459
2343688550.006233,2.114442
2343688554.7503924,2.2361590000000002
2343688557.594153,2.3280800000000004
2343688561.233518,2.6128649999999998
2343688565.921111,3.324068
2343688568.854392,2.291963
2343688572.9063044,2.484469
2343688577.992998,2.513299
2343688581.5710526,3.52581
2343688584.7458577,3.140449
2343688588.705862,3.1736440000000004
2343688591.9957643,3.232333
2343688596.428258,3.456455
2343688602.845788,4.392844
2343688607.084526,4.182993000000001
2343688613.7266803,4.417045
2343688616.0874653,2.306611
2343688620.218833,1.461616
2343688622.27167,2.021062
2343688625.4911523,3.188112
2343688627.890767,2.360727
2343688631.0576367,3.111751
2343688636.237577,2.99209
2343688639.669025,3.3832850000000003
2343688643.431004,2.882015
2343688646.1558824,2.685539
2343688649.107326,2.901831
2343688653.033835,3.276617
2343688656.24016,3.147922
2343688659.7062583,2.108498
2343688662.962452,2.4079650000000004
2343688667.6537642,2.679501
2343688672.123034,2.7728509999999997
2343688674.96,2.781371
2343688680.5072,2.302288
2343688684.276842,2.854241
2343688686.696686,2.367427
2343688689.545184,2.3400309999999998
2343688692.645363,2.300221
2343688696.171525,3.47015
2343688699.46397,2.2194939999999996
2343688704.2011504,2.2372300000000003
2343688707.069337,2.818666
2343688710.911094,3.7960350000000003
2343688716.23376,4.285474
2343688720.6359963,3.2536370000000003
2343688723.505473,2.383572
2343688727.263112,2.63376
2343688729.657659,2.3448890000000002
2343688731.595556,1.89682
2343688733.9484878,2.293984
2343688736.712481,2.723061
2343688739.30419,2.536652
2343688741.7983904,2.442409
2343688744.1523523,2.316103
2343688746.1265225,1.937501
2343688750.116416,2.84586
2343688753.855337,3.0052770000000004
2343688758.797902,3.5719100000000004
2343688760.856913,2.00101
2343688765.452126,1.959153
2343688769.789351,2.496124
2343688772.70492,2.861816
2343688776.113892,2.577893
2343688779.6367936,3.486731
2343688782.606204,2.917278
2343688785.606365,2.945559
2343688789.737091,2.939503
2343688792.86281,3.0705099999999996
2343688796.2638707,3.345786
2343688799.55491,3.236057
2343688802.534103,2.130414
2343688806.5169587,2.2795850000000004
2343688809.9097757,2.943625
2343688813.0524054,2.465544
2343688815.255559,1.7263549999999999
2343688818.5360956,3.22817
2343688822.361012,2.778263
2343688828.372835,2.821203
2343688830.472481,2.0593730000000003
2343688834.0652623,3.554628
2343688837.199894,3.080005
2343688841.104661,2.762706
2343688844.443327,3.289653
2343688847.2571273,2.768373
2343688850.751251,2.5316140000000003
2343688853.8615236,2.276906
2343688856.65109,2.733385
2343688860.656643,2.718121
2343688865.614222,3.590465
2343688868.530282,2.873866
2343688873.486105,3.213788
2343688875.706535,2.184678
2343688878.5170627,2.756981
2343688882.2940497,3.1392569999999997
2343688885.096523,2.758766
2343688887.174219,2.037577
2343688889.73089,2.5163699999999998
2343688893.4421043,2.793803
2343688895.581678,2.0910059999999997
2343688898.708878,3.080711
2343688902.198126,2.760362
2343688908.7640367,3.158389
2343688912.36532,2.210525
2343688915.932675,2.8364689999999997
2343688917.473508,1.5135450000000001
2343688920.195947,2.6679820000000003
2343688925.461904,2.920792
2343688928.0224347,2.504838
2343688931.2919073,2.63806
2343688933.672382,2.342311
2343688939.703268,2.6786760000000003
2343688942.319087,2.5780659999999997
2343688945.62594,2.04379
2343688949.393505,2.6674889999999998
2343688952.886392,3.454914
2343688956.122714,3.203728
2343688959.37812,3.223352
2343688961.8392653,2.4016200000000003
2343688964.200195,2.307305
2343688967.7303133,3.476771
2343688972.965042,3.796386
2343688975.8999643,2.880005
2343688979.5206537,3.043048
2343688982.133799,2.559936
2343688984.991544,2.802657
2343688988.655941,3.124305
2343688992.7405972,4.0427800000000005
2343688996.696393,2.84435
2343688999.986447,3.2305960000000002
2343689004.921721,1.7265309999999998
2343689007.108311,2.155866
2343689009.8543034,2.100031
2343689012.124776,1.740358
2343689014.126002,1.971885
2343689016.028193,1.87441
2343689018.1211724,2.06335
2343689020.584687,2.419278
2343689023.852719,3.2257610000000003
2343689027.827439,1.6919140000000001
2343689031.3545427,3.112294
2343689034.6447883,2.369753
2343689037.514646,2.835106
2343689040.991548,2.826789
2343689043.968145,2.2756130000000003
2343689047.4080157,2.4639919999999997
2343689050.5494113,3.0897099999999997
2343689054.394782,2.453228
2343689058.646206,3.066567
2343689060.96048,2.280549
2343689063.97614,2.97952
2343689068.553776,1.9101089999999998
2343689071.18297,2.591539
2343689073.284984,1.333498
2343689078.1466403,2.604028
2343689083.443427,2.7685589999999998
2343689086.6355553,3.156651
2343689091.394961,2.5168220000000003
2343689095.6543417,2.6655569999999997
2343689099.870184,2.4087430000000003
2343689102.338649,2.440247
2343689104.520907,1.638736
2343689107.275839,2.72399
2343689109.741641,2.436505
2343689112.459484,2.675842
2343689114.845274,2.3439569999999996
2343689117.5261707,2.616633
2343689121.386686,3.009477
2343689125.62514,3.4628129999999997
2343689128.7993097,2.541897
2343689133.474265,2.831555
2343689136.186094,2.669531
2343689138.298263,2.071905
2343689142.055245,1.821224
2343689145.684505,2.191678
2343689148.962932,2.659019
2343689152.6531644,3.053095
2343689156.942791,3.558376
2343689160.150591,3.152619
2343689165.308994,2.711945
2343689167.872602,2.5136410000000002
2343689172.578968,3.0726210000000003
2343689175.313221,2.68825
2343689178.177691,2.8021000000000003
2343689181.356235,1.932871
2343689184.597104,3.194898
2343689190.402507,2.8665230000000004
2343689193.0237303,2.590604
2343689196.132988,3.073199
2343689200.5243974,3.1192860000000002
2343689210.071118,2.972643
2343689212.644184,2.54651
2343689217.054076,3.344244
2343689220.2305326,2.6301710000000003
2343689223.3190603,3.062553
2343689225.7577033,2.409148
2343689230.683555,3.1510000000000002
2343689233.4960394,2.773887
2343689236.289572,2.755669
2343689237.9246507,1.598083
2343689241.0552583,2.43022
2343689245.011202,3.09838
2343689249.362743,2.638503
2343689252.6319714,3.2140850000000003
2343689256.1032486,2.186458
2343689258.72277,2.5651770000000003
2343689262.672035,3.261751
2343689266.151782,3.443613
2343689269.3520885,3.1553280000000004
2343689271.475686,2.08195
2343689273.997088,2.470175
2343689276.9995446,2.316186
2343689283.6925263,2.782516
2343689287.5490527,3.2095629999999997
2343689291.088488,2.451636
2343689294.112029,2.395026
2343689297.33114,3.163687
2343689299.990473,2.604574
2343689303.175234,3.112719
2343689306.189864,2.960017
2343689308.6886168,2.463935
2343689314.481083,3.084783
2343689316.61401,2.0942130000000003
2343689320.665505,1.918072
2343689324.377222,3.673742
2343689328.355769,3.9241240000000004
2343689332.687514,3.045833
2343689338.2165914,3.746538
2343689343.1750307,4.872628000000001
2343689346.42659,3.192785
2343689349.869504,2.8579679999999996
2343689352.8921328,2.94373
2343689355.26601,2.310535
2343689357.6595073,2.339019
2343689360.497868,2.348515
2343689364.936591,4.397625
2343689369.0456963,3.3841409999999996
2343689372.259539,2.55913
2343689375.350914,3.0416369999999997
2343689378.176783,1.9914109999999998
2343689380.867351,2.641102
2343689387.376701,2.8400209999999997
2343689389.402524,1.30335
2343689394.168965,2.049857
2343689397.8469477,3.649242
2343689401.719833,2.53803
2343689404.440006,2.66481
2343689407.799591,2.9589410000000003
2343689409.67419,1.8250460000000002
2343689414.1776886,3.36295
2343689417.091084,2.874717
2343689419.73487,2.587981
2343689422.796683,3.009468
2343689426.303988,3.465906
2343689429.19738,2.837759
2343689432.128547,2.861629
2343689436.1185303,2.767257
2343689439.3429937,3.161226
2343689442.395349,1.761111
2343689444.639957,2.2128669999999997
2343689447.857598,2.4013210000000003
2343689449.850698,1.623634
2343689454.244759,2.266579
2343689457.45693,3.1749140000000002
2343689460.972312,3.470427
2343689464.7306094,3.71229
2343689467.351661,1.96283
2343689470.906438,3.501995
2343689474.884159,2.154751
2343689477.5222087,2.6003879999999997
2343689480.979962,2.98951
2343689482.971666,1.915425
2343689485.448726,2.439603
2343689488.096672,1.9997410000000002
2343689491.1733932,3.0238180000000003
2343689493.775221,2.554185
2343689497.026708,2.332786
2343689502.4770203,3.005756
2343689505.956154,3.43919
2343689509.098747,2.601267
2343689513.013742,2.671026
2343689516.706669,2.912509
2343689519.182285,2.4331750000000003
2343689521.605476,2.381747
2343689525.966847,1.9078579999999998
2343689530.027125,4.012146
2343689532.194684,2.1325060000000002
2343689535.541768,2.5072829999999997
2343689537.835381,2.247153
2343689544.330181,2.813396
2343689546.4332194,2.049461
2343689548.6673813,2.20561
2343689552.405717,3.2251519999999996
2343689555.220213,2.7852699999999997
2343689558.147246,2.340737
2343689562.558895,3.655715
2343689566.8201523,2.865237
2343689569.576367,2.342972
2343689571.954221,2.338034
2343689576.841224,4.139335
2343689580.762054,3.878672
2343689585.349606,2.93293
2343689589.521133,3.683393
2343689595.347585,2.021684
2343689599.592913,3.2257499999999997
2343689602.5571957,2.363044
2343689606.071475,3.463631
2343689608.110534,2.001789
2343689614.186145,3.169733
2343689616.9617233,2.737228
2343689619.626903,2.6289719999999996
2343689623.5548167,3.4731110000000003
2343689626.8662043,2.665261
2343689631.6244082,2.5456239999999997
2343689636.611713,3.6286140000000002
2343689639.971058,2.726862
2343689642.549359,2.50808
2343689644.757402,2.176755
2343689647.143181,2.353084
2343689653.985822,2.885067
2343689657.3703437,2.621439
2343689659.981556,2.558899
2343689662.333475,2.29151
2343689666.022487,2.1727640000000004
2343689669.158055,3.078163
2343689670.745544,1.534571
2343689673.4078183,2.611109
2343689676.371452,2.9088410000000002
2343689680.155538,2.589203
2343689684.8854322,3.76919
2343689688.401783,3.476054
2343689692.236577,3.178723
2343689696.05163,3.773334
2343689698.9219337,2.828181
2343689702.6542673,3.6870119999999997
2343689705.626546,2.913501
2343689711.329433,3.735709
2343689719.873548,8.487438
2343689727.3420343,6.799887999999999
2343689730.087047,2.688228
2343689732.099936,1.9563169999999999
2343689735.78121,2.867793
2343689739.628259,2.237068
2343689742.373306,2.695046
2343689745.437281,2.575196
2343689750.318526,2.84395
2343689753.3721204,2.999824
2343689756.5199637,3.107885
2343689759.629207,3.073169
2343689762.0187683,1.6635090000000001
2343689764.621233,2.5629720000000002
2343689767.76864,2.6150029999999997
2343689771.006601,3.198107
2343689774.89811,2.8525009999999997
2343689779.5165157,3.155003
2343689782.254747,2.698356
2343689784.7547708,2.4556180000000003
2343689786.894404,1.539988
2343689789.188032,2.256618
2343689793.397386,2.4358969999999998
2343689796.824968,3.373221
2343689800.481655,2.725416
2343689806.0495353,3.250059
2343689810.317756,2.509922
2343689813.807243,3.433736
2343689817.6947746,2.3483300000000003
2343689828.695039,10.968891
2343689831.605474,2.388702
2343689835.264369,3.595777
2343689838.92046,3.024378
2343689847.862103,8.887416
2343689849.804525,1.330654
2343689852.2938733,2.441843
2343689863.679829,2.32012
2343689866.319453,2.567708
2343689871.4928546,3.9294680000000004
2343689875.6879287,3.028998
2343689878.61043,2.858818
2343689881.660593,2.560284
2343689884.9295287,3.23461
2343689888.1237574,3.151261
2343689891.810353,2.777628
2343689894.226226,2.375995
2343689898.146461,2.8255009999999996
2343689901.755792,2.906965
2343689903.921932,2.1168649999999998
2343689906.913477,2.490911
2343689910.205213,2.024928
2343689913.541033,3.2964890000000002
2343689916.240378,2.652018
2343689918.84609,2.549992
2343689922.222278,1.968049
2343689924.206933,1.949125
2343689929.305315,3.0251959999999998
2343689934.0321503,2.793139
2343689936.382272,2.313875
2343689938.714644,1.9327960000000002
2343689940.5432677,1.797882
2343689948.8638134,2.4824930000000003
2343689952.3229537,3.412938
2343689967.912373,15.543209000000001
2343689972.085289,4.106929
2343689979.393187,4.351179999999999
2343689983.313066,3.132849
2343689987.752161,2.2610230000000002
2343689989.979432,2.1916290000000003
2343689991.994174,1.515123
2343689994.924149,2.880924
2343689998.630222,2.8321449999999997
2343690001.796294,3.123111
2343690003.993079,2.143339
2343690007.342957,1.759822
2343690010.331232,2.940918
2343690013.288723,2.912249
2343690015.5343633,2.207991
2343690017.769756,2.1995579999999997
2343690019.8925233,2.085671
2343690021.983562,2.042426
2343690025.2973723,3.2624709999999997
2343690028.5840273,3.239157
2343690032.196702,2.9995600000000002
2343690035.3628297,3.115671
2343690040.276134,3.123102
2343690054.409111,14.077513
2343690057.626007,3.135461
2343690061.256377,3.564452
2343690064.624601,2.697536
2343690068.453277,3.774876
2343690071.606068,3.110591
2343690074.611229,2.964238
2343690089.339541,7.785759
2343690094.1575327,4.755442
2343690097.659464,2.580785
2343690101.128208,3.4102669999999997
2343690104.852329,2.598461
2343690114.664257,9.094203
2343690116.524261,1.8054169999999998
2343690122.257131,2.59767
2343690125.009114,2.6892270000000003
2343690129.725645,3.0612209999999997
2343690132.153934,2.365823
2343690136.415723,3.64147
2343690140.3579617,3.9092420000000003
2343690141.6347957,1.216324
2343690143.59158,1.913635
2343690149.031108,4.093796
2343690151.9344187,2.857205
2343690154.589672,2.604113
2343690157.180033,2.5377389999999997
2343690160.655062,2.3447009999999997
2343690163.8048964,3.106744
2343690167.49914,2.8645609999999997
2343690171.2245917,2.861062
2343690175.449036,4.1621310000000005
2343690178.5276046,3.036893
2343690183.979511,3.260479
2343690187.337724,3.280393
2343690189.760263,2.381015
2343690192.719425,2.916988
2343690196.03404,3.272867
2343690198.483726,2.409264
2343690201.820875,2.606009
2343690205.598738,2.931038
2343690210.657291,4.511729
2343690214.521664,2.900931
2343690218.156279,3.5755779999999997
2343690221.509188,3.302256
2343690223.311824,1.74534
2343690225.7905116,2.433026
2343690229.255479,2.787127
2343690231.973838,2.25716
2343690235.218747,3.177725
2343690238.619781,3.3512899999999997
2343690241.322104,2.6521660000000002
2343690243.8271523,2.464772
2343690247.084842,2.559666
2343690249.966118,2.841727
2343690252.347291,2.33134
2343690255.073163,2.676601
2343690258.33601,3.204511
2343690261.1331363,2.74756
2343690265.243475,2.419959
2343690267.4657784,2.17903
2343690271.229219,3.019041
2343690275.093259,3.160129
2343690279.928747,2.842355
2343690282.9008408,2.919634
2343690285.560207,2.621299
2343690290.345401,3.314584
2343690294.42346,4.013673
2343690297.458115,2.972077
2343690302.556177,3.159618
2343690306.478511,3.0962490000000003
2343690309.845758,2.614823
2343690314.028636,3.473385
2343690316.613138,2.547432
2343690319.951273,3.284776
2343690322.3841968,2.359749
2343690324.656623,2.232849
2343690327.340175,2.643072
2343690333.040158,3.047746
2343690335.868015,2.777508
2343690339.947298,3.0854519999999996
2343690342.951667,2.970454
2343690345.684385,2.67759
2343690349.397,3.043006
2343690353.260905,3.103841
2343690355.489253,2.184369
2343690359.30012,2.655089
2343690361.984937,2.632384
2343690366.026159,1.823087
2343690368.1925077,2.13474
2343690371.369266,2.460907
2343690372.580413,1.179421
2343690376.8318543,2.260441
2343690379.518836,2.647954
2343690383.277992,2.3680950000000003
2343690387.555442,2.5218
2343690390.181979,2.592629
2343690393.349567,3.124539
2343690396.635279,1.9463329999999999
2343690400.384956,3.316823
2343690403.4872923,2.250317
2343690406.8591495,2.823187
2343690412.04529,3.268978
2343690416.048584,2.485602
2343690422.665995,3.268707
2343690427.6372137,3.027336
2343690430.2862267,2.621644
2343690432.126361,1.8129870000000001
2343690434.759021,2.577766
2343690440.199709,2.4413519999999997
2343690444.679139,3.4330670000000003
2343690447.9174147,3.183384
2343690450.972292,3.0038
2343690454.024241,2.041635
2343690456.641425,2.5850259999999996
2343690460.503801,2.998081
2343690463.8285704,3.277304
2343690469.1197786,2.9807409999999996
2343690472.801176,3.101925
2343690475.791905,2.4013799999999996
2343690478.1865554,2.3486190000000002
2343690481.136756,2.89555
2343690483.691329,2.490936
2343690487.539965,2.94643
2343690491.4199467,2.430199
2343690493.717783,2.256602
2343690497.36692,2.895617
2343690500.350366,2.410521
2343690502.305589,1.920068
2343690504.676163,2.3380940000000003
2343690507.220621,2.477916
2343690511.1959357,3.204704
2343690516.069449,3.741991
2343690522.983449,3.5333970000000003
2343690530.099172,2.9619400000000002
2343690534.835014,3.477007
2343690538.1049943,3.2396130000000003
2343690541.135922,2.99886
2343690544.774022,2.033222
2343690547.6949167,2.8810469999999997
2343690550.857546,3.083956
2343690553.486535,2.5917000000000003
2343690556.058813,2.533183
2343690558.7165327,2.602499
2343690567.322135,2.927482
2343690570.9276967,2.353628
2343690573.745226,2.756818
2343690577.3987317,2.356539
2343690580.370658,2.32913
2343690584.301434,3.27326
2343690589.065956,3.49434
2343690591.0596333,1.940171
2343690594.2049527,1.8432
2343690596.91481,2.675475
2343690598.259811,1.3101040000000002
2343690602.1120224,2.48045
2343690604.650328,2.503802
2343690608.3056836,2.958529
2343690611.4379854,3.095658
2343690616.38468,2.938662
2343690620.137424,3.099115
2343690623.776158,3.583825
2343690626.580719,2.764745
2343690629.416462,2.783278
2343690633.0652146,2.8289449999999996
2343690635.568143,2.4107
2343690638.113038,2.4764850000000003
2343690640.908217,2.0407379999999997
2343690644.134896,2.194291
2343690647.016997,2.845335
2343690651.788592,3.412845
2343690655.1896234,2.6654920000000004
2343690657.980567,2.756269
2343690660.24455,2.228787
2343690663.232064,2.952534
2343690666.723495,2.844215
2343690672.0458627,3.3511550000000003
2343690676.02795,3.214949
2343690679.135219,2.506744
2343690683.321908,2.7906
2343690685.25958,1.905021
2343690686.429843,1.119388
2343690692.88913,3.324633
2343690696.517711,2.625629
2343690699.6751947,3.123292
2343690704.640456,3.360814
2343690708.9372597,3.555704
2343690711.643065,2.665602
2343690714.714677,2.669748
2343690718.610566,3.201092
2343690722.072504,3.3942550000000002
2343690724.98539,2.857961
2343690728.305208,2.697308
2343690731.127988,2.769081
2343690733.158413,1.9924579999999998
2343690736.735558,2.191857
2343690740.4249363,3.6339390000000003
2343690742.708622,2.2176679999999998
2343690748.639522,3.7957199999999998
2343690752.875764,4.191253
2343690756.139942,2.653534
2343690759.35717,3.164222
2343690762.7174377,2.78318
2343690765.650533,2.885989
2343690769.6522007,2.7696069999999997
2343690773.34986,2.588836
2343690775.739098,2.3490699999999998
2343690778.041668,2.269068
2343690781.112988,3.026516
2343690783.668403,1.937556
2343690785.83588,1.243289
2343690792.994121,2.6759850000000003
2343690796.511904,2.289048
2343690798.222386,1.684884
2343690800.941442,2.317121
2343690805.017279,2.891392
2343690808.714678,1.353246
2343690812.15817,2.7807299999999997
2343690814.807038,2.6127569999999998
2343690817.797256,2.952961
2343690822.087873,3.019754
2343690825.681246,3.036855
2343690827.948761,2.231554
2343690830.396078,2.408163
2343690833.6937947,3.2582459999999998
2343690837.490293,3.273538
2343690842.326302,4.321753999999999
2343690846.872854,3.468231
2343690851.3673434,2.4804139999999997
2343690854.778445,2.7434830000000003
2343690858.354087,2.771271
2343690861.537972,2.361097
2343690864.1831408,2.5918170000000003
2343690869.586605,2.2370490000000003
2343690873.173981,3.5374120000000002
2343690877.1856937,2.797544
2343690880.667665,2.1409860000000003
2343690883.807384,2.515448
2343690888.577264,2.265
2343690891.530448,2.912156
2343690895.3602962,2.868424
2343690896.605026,1.208056
2343690898.8740797,2.233938
2343690902.7288666,3.805509
2343690905.7725997,2.993642
2343690909.858606,2.8424259999999997
2343690914.9335504,2.261674
2343690918.130914,3.157485
2343690921.073075,2.8889470000000004
2343690925.461958,2.690896
2343690929.587462,4.063454
2343690932.719545,3.0760430000000003
2343690936.302951,3.527621
2343690938.329569,1.9740199999999999
2343690941.534382,2.664911
2343690944.553207,2.951588
2343690947.781615,3.1729290000000003
2343690949.6533523,1.82162
2343690952.728158,3.0214600000000003
2343690955.8308277,3.054026
2343690960.25091,3.636473
2343690962.898695,2.603674
2343690965.973211,3.038762
2343690968.108681,2.097833
2343690971.466478,2.5610199999999996
2343690975.7894197,2.710357
2343690978.676171,2.84175
2343690983.212353,2.311058
2343690984.5856757,1.340218
2343690988.885743,2.793594
2343690992.175297,2.695673
2343690994.686455,2.455174
2343690997.500543,2.207193
2343691000.045307,2.0481599999999998
2343691002.649866,2.558761
2343691005.084989,2.391613
2343691007.7085752,2.57571
2343691012.2640457,2.852884
2343691017.141859,2.484122
2343691020.223402,3.042829
2343691023.4291887,3.156548
2343691026.073435,2.597553
2343691028.745951,2.623479
2343691032.082834,2.239165
2343691036.65433,3.24711
2343691040.960492,3.21426
2343691043.800709,2.800644
2343691048.225833,2.2883299999999998
2343691051.83602,3.0773430000000004
2343691053.704893,1.8186820000000001
2343691056.184291,2.449597
2343691059.325378,3.111658
2343691062.5391717,2.640622
2343691065.3723187,2.778765
2343691068.992074,2.836374
2343691071.847626,2.287898
2343691079.338059,3.516906
2343691083.197316,3.8034969999999997
2343691087.864719,3.0440329999999998
2343691090.3874483,2.472902
2343691094.2914743,2.744089
2343691097.001195,2.2115289999999996
2343691100.594002,2.522852
2343691104.2041054,3.120275
2343691107.4638667,3.204678
2343691111.955278,3.037366
2343691113.648574,1.6239379999999999
2343691116.229113,2.538669
2343691119.858263,2.8970480000000003
2343691123.894648,2.4314810000000002
2343691127.506908,3.578268
2343691129.459157,1.917748
2343691132.135625,2.6402729999999996
2343691135.24478,3.0732950000000003
2343691136.604741,1.319299
2343691138.62462,1.977589
2343691140.553358,1.8882079999999999
2343691142.839545,2.2428280000000003
2343691146.078237,2.541216
2343691150.485082,3.375291
2343691153.353666,2.8008059999999997
2343691158.209136,3.633225
2343691161.424113,3.17287
2343691164.414346,2.9349879999999997
2343691168.447911,2.2709219999999997
2343691170.713601,2.201886
2343691174.286743,1.946145
2343691178.036158,2.4635949999999998
2343691180.984096,2.519862
2343691183.981826,2.591373
2343691187.830194,2.576899
2343691190.328999,2.46573
2343691193.327555,2.9616960000000003
2343691195.6351023,2.270035
2343691199.7429214,2.343324
2343691202.782947,2.0264800000000003
2343691206.3677382,2.457379
2343691209.042414,2.634675
2343691211.67058,2.588152
2343691214.616023,2.900827
2343691218.468126,3.806654
2343691222.9349313,3.8678969999999997
2343691227.632199,2.954518
2343691231.0295763,2.583962
2343691233.4775877,2.3966030000000003
2343691237.004317,2.329201
2343691239.6553698,2.5957839999999996
2343691241.899746,2.169205
2343691245.407901,2.898085
2343691250.011746,2.406361
2343691253.2042828,2.222369
2343691256.1770806,2.301018
2343691258.509474,2.299884
2343691263.506732,2.115068
2343691266.737373,2.510526
2343691270.451491,2.1077090000000003
2343691273.021941,2.5371119999999996
2343691276.4447308,2.465352
2343691279.519793,3.035915
2343691281.930446,2.3607810000000002
2343691285.729343,2.898705
2343691288.7076287,2.9407389999999998
2343691291.5602813,2.786739
2343691295.102747,2.53395
2343691297.5024643,2.348507
2343691300.512981,2.3625640000000003
2343691303.582208,3.024657
2343691306.522389,2.887509
2343691310.1800427,3.176445
2343691312.954749,2.721046
2343691315.734607,2.724123
2343691321.9813857,2.091284
2343691325.818883,3.160822
2343691331.857128,2.322161
2343691335.840528,3.330521
2343691342.624743,3.157498
2343691345.670969,2.347032
2343691349.019021,2.652168
2343691352.2954307,3.23732
2343691355.677868,3.326953
2343691358.278202,2.547997
2343691364.6049743,2.369147
2343691368.1486397,2.6563440000000003
2343691371.687797,2.0383419999999997
2343691374.9127517,2.529116
2343691379.3172736,2.7687530000000002
2343691382.050993,2.7072950000000002
2343691384.213316,1.6823059999999999
2343691387.470591,3.204974
2343691391.1698627,2.93559
2343691395.148493,2.7853
2343691397.8230267,2.636935
2343691400.992643,3.1100619999999997
2343691405.109579,3.3297359999999996
2343691407.464594,2.315529
2343691410.55623,3.052311
2343691413.923223,2.580383
2343691416.021012,2.052362
2343691419.304155,2.555355
2343691426.560913,3.0393019999999997
2343691428.4402814,1.038783
2343691430.51612,2.048477
2343691435.9391108,1.837559
2343691438.7024946,2.733028
2343691441.1138554,2.3594910000000002
2343691443.301976,2.158437
2343691446.235572,2.905551
2343691450.648201,2.443285
2343691453.95288,2.684208
2343691456.2778482,2.28518
2343691464.03797,3.9771490000000003
2343691467.108411,3.03354
2343691470.325828,3.1519719999999998
2343691474.938542,3.024484
2343691478.141274,2.4543719999999998
2343691483.416641,3.91134
2343691485.791046,2.34293
2343691490.798879,2.337008
2343691494.666053,3.1169610000000003
2343691497.499128,2.800346
2343691501.357709,3.0566959999999996
2343691505.074492,2.2175480000000003
2343691507.343228,2.2263349999999997
2343691509.869289,2.4617530000000003
2343691513.1479793,3.223843
2343691517.086453,3.897102
2343691521.027077,3.0219829999999996
2343691524.201221,3.132103
2343691526.33053,2.081894
2343691530.884096,3.315086
2343691533.3464813,2.382698
2343691535.2309456,1.833753
2343691537.737041,2.4450079999999996
2343691539.81513,2.024555
2343691544.983367,1.8270579999999998
2343691549.133533,3.342314
2343691551.510041,2.320967
2343691554.5782547,3.041259
2343691556.937599,2.332251
2343691559.601492,2.6363659999999998
2343691561.902224,2.273716
2343691565.572633,3.632917
2343691567.959096,2.331355
2343691572.4503613,2.924674
2343691574.9091763,2.4040519999999996
2343691577.5390186,2.563204
2343691581.56311,3.950332
2343691586.2710648,4.6631279999999995
2343691590.7564907,3.592437
2343691594.659587,1.8989770000000001
2343691597.82411,2.508196
2343691600.349478,1.860681
2343691604.051014,1.706216
2343691606.7194242,2.635144
2343691608.795836,1.394752
2343691611.676183,2.371639
2343691615.642521,2.7822430000000002
2343691618.7990403,2.2953029999999996
2343691621.781408,2.337891
2343691624.6079063,2.307282
2343691628.338453,2.995766
2343691631.429069,2.429688
2343691636.784892,2.9809799999999997
2343691639.4761243,2.2401560000000003
2343691644.463406,2.575109
2343691647.856242,3.325262
2343691651.441279,2.34843
2343691655.138683,3.270432
2343691657.438693,2.262516
2343691659.600901,2.114772
2343691666.117689,2.490234
2343691668.871932,2.697476
2343691670.3882,1.461827
2343691673.823265,2.5832450000000002
2343691675.83989,1.960917
2343691678.457201,2.59215
2343691683.9019523,2.604376
2343691686.634643,2.071469
2343691689.400982,2.733608
2343691691.442594,1.9998
2343691694.1983857,2.724392
2343691697.132767,2.854808
2343691700.060728,2.876541
2343691703.783999,2.86151
2343691709.490614,3.1910760000000002
2343691715.390373,4.1127139999999995
2343691718.0792017,2.230811
2343691720.18746,1.654665
2343691724.7709956,2.6433530000000003
2343691727.457212,2.611493
2343691730.658651,2.570729
2343691735.472099,2.830441
2343691738.198583,2.670969
2343691742.617485,3.0566500000000003
2343691746.34624,2.845112
2343691749.271712,2.856968
2343691751.812592,2.4624360000000003
2343691753.684495,1.8313069999999998
2343691756.14309,2.415251
2343691760.0613756,3.862456
2343691764.094068,3.226506
2343691768.114825,2.213634
2343691770.9658117,2.806066
2343691772.854353,1.8319740000000002
2343691777.691149,3.5197119999999997
2343691783.126903,3.539021
2343691787.2335258,3.526217
2343691791.872877,2.916961
2343691794.487992,2.560898
2343691802.2324986,2.3018639999999997
2343691808.36927,3.161092
2343691810.066951,1.66252
2343691813.301086,3.175657
2343691817.049766,1.9764119999999998
2343691821.7015986,3.811746
2343691824.200279,2.4448600000000003
2343691828.6124883,3.09748
2343691834.107482,3.7375410000000002
2343691839.15897,3.62687
2343691842.9946203,2.772606
2343691846.740003,3.6930639999999997
2343691849.5838146,2.794089
2343691852.309391,2.6810940000000003
2343691857.334416,3.59397
2343691860.424361,3.023952
2343691862.575831,2.095207
2343691865.514607,2.88803
2343691867.6251254,2.058365
2343691870.399723,2.163928
2343691872.807738,2.360545
2343691876.651441,2.875755
2343691881.1122274,3.5892049999999998
2343691885.1399326,2.9479189999999997
2343691886.97717,1.798172
2343691890.94202,3.297159
2343691894.636498,2.480093
2343691897.261004,2.586665
2343691901.538296,3.034249
2343691904.242215,2.666584
2343691908.097308,3.133449
2343691911.135302,2.998776
2343691913.789649,2.2376129999999996
2343691916.815539,2.9758
2343691920.673203,3.2092639999999997
2343691924.316634,3.579186
2343691928.061646,3.689688
2343691930.657776,2.549946
2343691935.2242813,2.379648
2343691938.664625,2.731515
2343691943.532258,3.534707
2343691946.654669,3.066812
2343691950.205935,2.876363
2343691954.08098,2.662307
2343691956.6472297,2.500549
2343691961.05443,4.368637
2343691965.329639,3.0277920000000003
2343691968.985397,3.583899
2343691973.139944,4.097409
2343691979.887643,2.120577
2343691983.0837607,2.349505
2343691986.2515078,3.107438
2343691989.359439,1.951425
2343691993.419407,3.455693
2343691996.530066,3.054282
2343692003.0763707,2.757977
2343692005.481828,2.3702039999999998
2343692008.155052,2.097677
2343692011.040426,2.467698
2343692015.085867,2.706958
2343692017.576913,2.45664
2343692021.380497,2.3459470000000002
2343692024.6669807,2.491231
2343692027.03133,2.31046
2343692030.4495764,2.7538530000000003
2343692034.3666344,3.140434
2343692038.205704,2.678598
2343692041.005735,2.764022
2343692043.949572,2.886012
2343692045.867542,1.879132
2343692048.343841,2.436734
2343692050.887443,2.5038679999999998
2343692056.746621,3.012019
2343692060.343996,2.8131559999999998
2343692065.1523933,2.6935930000000003
2343692069.097018,3.889251
2343692073.1063533,3.253921
2343692076.562304,2.270463
2343692078.968021,2.349655
2343692083.383189,3.8803140000000003
2343692090.400433,3.549422
2343692093.3395367,2.323718
2343692096.141832,2.746626
2343692099.1466904,2.243776
2343692102.832133,2.8991640000000003
2343692106.632532,2.432128
2343692108.965248,2.292371
2343692113.022941,2.5185720000000003
2343692115.259162,2.192609
2343692118.551194,2.174507
2343692123.490274,3.500312
2343692126.211295,2.686149
2343692128.7457256,2.4795350000000003
2343692131.5489526,2.769336
2343692135.314346,2.163329
2343692137.363553,2.0092030000000003
2343692139.584073,2.1512480000000003
2343692142.3564467,2.0237480000000003
2343692143.697524,1.303029
2343692148.740094,2.5815
2343692151.054799,2.274724
2343692154.041613,2.949549
2343692156.8525987,2.764993
2343692159.883364,2.9924779999999997
2343692163.084351,3.165336
2343692166.0745497,2.382959
2343692168.797764,2.668148
2343692171.78822,2.9452570000000002
2343692173.8543363,2.015563
2343692177.745893,3.014281
2343692181.1899266,3.401635
2343692183.851171,2.6139599999999996
2343692187.104593,3.190595
2343692192.12017,2.996444
2343692196.226275,3.642426
2343692199.451404,2.5119640000000003
2343692202.015078,2.5185060000000004
2343692206.255446,2.928074
2343692210.55924,4.255043
2343692215.794205,3.733592
2343692219.409562,3.574154
2343692221.982188,2.5324240000000002
2343692227.392177,4.266065
2343692230.76866,3.323305
2343692233.8738556,3.04888
2343692238.108563,2.5835480000000004
2343692240.585988,2.4267999999999996
2343692245.605529,2.796733
2343692247.79384,2.131968
2343692251.642366,2.6801809999999997
2343692255.404114,3.066691
2343692257.9501176,2.483578
2343692260.459846,2.474557
2343692262.858719,1.989807
2343692265.973049,2.500104
2343692268.994287,2.965621
2343692271.971989,2.520179
2343692274.596377,2.0171419999999998
2343692277.9609003,3.320862
2343692282.92902,2.892726
2343692286.132636,2.290878
2343692289.047892,2.286583
2343692291.682657,2.267564
2343692294.226527,2.491501
2343692296.489407,2.225791
2343692300.64751,2.2509520000000003
2343692304.023901,3.338799
2343692306.508848,2.427807
2343692309.4620004,2.335534
2343692312.769938,3.236256
2343692317.885618,3.5407580000000003
2343692321.6901493,3.758699
2343692325.1698346,2.745658
2343692329.1758394,3.359715
2343692332.947682,3.708285
2343692335.967577,2.332943
2343692340.695992,4.666692
2343692345.233996,4.488002
2343692351.446508,2.666459
2343692355.2088046,2.961003
2343692358.174123,2.912404
2343692361.404448,3.1978000000000004
2343692364.011955,2.552099
2343692367.758173,2.2713669999999997
2343692370.797006,2.995631
2343692374.01048,3.1583050000000004
2343692376.856236,2.791345
2343692379.479354,2.568185
2343692383.481901,3.952606
2343692385.8069453,2.2691600000000003
2343692388.927141,3.070649
2343692391.8008957,2.8184579999999997
2343692398.720036,4.567323
2343692403.710641,2.6389120000000004
2343692406.5250454,1.957098
2343692408.427456,1.851935
2343692412.1776323,3.71607
2343692415.894797,2.479741
2343692419.467164,2.782705
2343692421.817201,1.65858
2343692425.366888,2.0846329999999997
2343692429.333006,2.497872
2343692430.715011,1.329539
2343692435.902209,2.756372
2343692438.610175,2.397581
2343692440.9829082,1.9350479999999999
2343692443.2001867,2.188576
2343692444.941374,1.714499
2343692447.4993043,2.5023079999999998
2343692450.508442,2.287015
2343692452.915769,2.372695
2343692455.809538,2.2580970000000002
2343692461.3232946,3.144812
2343692465.1037693,2.915721
2343692469.330103,2.510771
2343692471.843485,2.458028
2343692474.030038,2.153658
2343692478.411934,3.120482
2343692481.945797,2.8051220000000003
2343692486.6859183,2.8620669999999997
2343692489.3782067,2.64679
2343692492.186431,2.766616
2343692494.4129767,2.190363
2343692496.762042,2.3162439999999997
2343692500.2914968,2.638242
2343692504.934308,2.6777620000000004
2343692508.102807,2.497661
2343692509.989893,1.827802
2343692513.215328,3.186343
2343692516.08396,1.6721869999999999
2343692520.0407667,2.511016
2343692523.0221252,2.942146
2343692526.614273,2.5622179999999997
2343692529.536734,2.054513
2343692533.9905,2.737383
2343692537.103655,2.364307
2343692541.115699,2.647644
2343692544.168333,2.995045
2343692546.5134254,2.2895860000000003
2343692549.7927766,2.869437
2343692552.6450744,2.817989
2343692555.653367,2.968109
2343692557.868248,2.152065
