2343676425.634383,0.770425
2343676431.6302466,0.434325
2343676435.2924767,0.868744
2343676448.799573,0.55013
2343676449.427288,0.5774769999999999
2343676456.268854,0.508254
2343676459.4724298,0.40407699999999996
2343676460.117711,0.601604
2343676468.3863897,0.338501
2343676472.835744,0.76362
2343676473.339751,0.45305999999999996
2343676477.406693,0.823243
2343676478.012933,0.546988
2343676481.0448585,0.539798
2343676498.342476,0.738162
2343676503.304148,0.42952399999999996
2343676505.6182203,0.334379
2343676506.133277,0.46605399999999997
2343676510.0798116,0.5374629999999999
2343676510.491118,0.356748
2343676515.085184,0.473885
2343676520.6913137,0.511452
2343676521.17689,0.43873
2343676525.512849,0.382003
2343676528.132374,0.592609
2343676528.6878023,0.514377
2343676540.553845,0.484052
2343676544.42805,0.881655
2343676545.019819,0.526065
2343676545.72633,0.634108
2343676563.715701,0.364581
2343676569.396008,0.671368
2343676572.860952,0.6356769999999999
2343676573.563457,0.651274
2343676578.233739,0.7261880000000001
2343676581.478758,0.504325
2343676589.986445,0.711179
2343676591.920167,0.612026
2343676595.816256,0.688262
2343676596.538463,0.672114
2343676597.3439918,0.750674
2343676597.721836,0.330759
2343676598.44608,0.672575
2343676599.2230906,0.726529
2343676601.522249,0.42116099999999995
2343676604.4659967,0.474291
2343676604.986598,0.48808100000000004
2343676605.296165,0.280774
2343676605.6682363,0.342059
2343676614.443509,0.537655
2343676614.94547,0.462219
2343676617.939895,0.54448
2343676623.905517,0.48373900000000003
2343676627.159204,0.6780430000000001
2343676627.719594,0.522207
2343676637.496818,0.474013
2343676643.884747,0.33592
2343676644.706593,0.774899
2343676652.0420413,0.376691
2343676657.3377924,0.6040909999999999
2343676661.797194,0.400952
2343676662.285347,0.439139
2343676662.806529,0.477317
2343676667.2267394,0.807607
2343676671.163643,0.8143119999999999
2343676683.076334,0.5481849999999999
2343676685.487377,0.47848999999999997
2343676687.787091,0.38189
2343676689.875258,0.548895
2343676690.320691,0.40232
2343676699.515438,0.5929620000000001
2343676702.844914,0.6058450000000001
2343676709.4353967,0.655573
2343676710.4607787,0.97318
2343676711.20294,0.690914
2343676711.821077,0.564019
2343676712.309736,0.44226600000000005
2343676713.362148,0.992854
2343676716.853528,0.37027499999999997
2343676720.284242,0.719694
2343676720.8305073,0.5073500000000001
2343676721.414471,0.5395270000000001
2343676724.664883,0.506873
2343676727.19135,0.49357999999999996
2343676729.728291,0.43374599999999996
2343676730.254326,0.462665
2343676730.970185,0.670945
2343676731.7421904,0.729763
2343676735.163866,0.701744
2343676735.522724,0.320214
2343676736.165813,0.596713
2343676736.720336,0.510985
2343676744.893041,0.584028
2343676753.664301,0.455181
2343676757.0533442,0.662858
2343676761.611841,0.316094
2343676761.962535,0.30595999999999995
2343676768.280765,0.8661110000000001
2343676771.809843,0.730955
2343676772.466928,0.607185
2343676773.1690273,0.653864
2343676776.845662,0.575346
2343676777.494969,0.6077170000000001
2343676777.962215,0.43117999999999995
2343676785.977355,0.8591850000000001
2343676791.7616444,0.432101
2343676792.386837,0.575591
2343676792.942914,0.507266
2343676796.52742,1.075105
2343676797.2254033,0.6474519999999999
2343676797.799882,0.51945
2343676800.767281,0.532735
2343676809.2109833,0.538485
2343676815.281171,0.6127469999999999
2343676815.849738,0.531851
2343676816.231728,0.346957
2343676824.132133,0.470603
2343676832.811079,8.633853
2343676833.544978,0.668384
2343676834.0840793,0.49715999999999994
2343676853.1131697,0.5338539999999999
2343676860.618446,0.843296
2343676861.1298833,0.439363
2343676861.874683,0.6862090000000001
2343676874.2221518,0.6243299999999999
2343676874.6256924,0.36524799999999996
2343676875.177379,0.51495
2343676875.797973,0.572578
2343676876.5437307,0.694018
2343676877.761647,1.156942
2343676878.36349,0.5501870000000001
2343676878.756433,0.34469099999999997
2343676880.11018,1.261287
2343676880.77171,0.609548
2343676881.409063,0.585757
2343676885.652045,0.5918450000000001
2343676886.09468,0.394997
2343676920.475814,1.803879
2343676936.918832,16.373144999999997
2343676941.836432,0.742947
2343676980.513954,0.665957
2343676983.7628284,0.520676
2343676993.039242,0.530429
2343676995.622402,0.5376759999999999
2343676996.1875153,0.517025
2343676996.8774753,0.636423
2343676997.6147127,0.680835
2343677001.081764,0.6475489999999999
2343677003.904248,0.378486
2343677004.5126343,0.557567
2343677009.886361,0.463446
2343677015.338024,0.447922
2343677023.509637,0.496768
2343677024.132455,0.5795750000000001
2343677030.426088,0.5479299999999999
2343677041.22928,0.732056
2343677041.728787,0.448834
2343677050.023789,0.404418
2343677050.446899,0.36309400000000003
2343677095.0319443,0.670384
2343677103.479847,0.656923
2343677107.277056,0.8222579999999999
2343677109.6770906,0.703295
2343677110.259748,0.54519
2343677110.5788717,0.278647
2343677111.246012,0.628776
2343677111.831451,0.5427919999999999
2343677112.539819,0.669783
2343677112.984869,0.407625
2343677116.659141,0.404668
2343677121.719729,0.509773
2343677122.064345,0.311067
2343677122.504037,0.405711
2343677122.819908,0.282285
2343677123.374781,0.5122180000000001
2343677130.531723,0.552015
2343677133.696,0.264003
2343677165.1799912,0.666922
2343677189.019381,0.760938
2343677193.973707,1.08367
2343677194.876756,0.8368260000000001
2343677201.4299197,0.8563620000000001
2343677202.00181,0.531315
2343677202.564315,0.5179699999999999
2343677208.078956,0.577702
2343677208.922559,0.800234
2343677230.984028,1.291607
2343677231.6654763,0.621003
2343677238.7723184,0.490167
2343677242.0128326,0.973773
2343677245.656665,1.388626
2343677249.357194,0.8256939999999999
2343677250.549594,1.146352
2343677268.788782,15.683458000000002
2343677269.49427,0.629451
2343677276.505169,0.885077
2343677277.266924,0.695706
2343677288.854299,1.058951
2343677295.808633,1.06857
2343677299.136227,0.788688
2343677299.8038826,0.6066440000000001
2343677305.26645,0.5764130000000001
2343677305.994763,0.684671
2343677311.597144,0.588502
2343677314.695545,0.52628
2343677315.340642,0.598743
2343677325.4124203,0.372569
2343677325.989019,0.525296
2343677328.768233,0.558357
2343677330.719037,0.5186109999999999
2343677331.29873,0.5400630000000001
2343677331.828059,0.48097100000000004
2343677332.439357,0.571208
2343677332.922017,0.440488
2343677333.9643416,1.003236
2343677350.128943,0.9934480000000001
2343677351.645433,1.443139
2343677352.062088,0.36261699999999997
2343677352.755656,0.623533
2343677353.327184,0.517615
2343677354.544709,1.159967
2343677363.558208,0.5460470000000001
2343677364.173798,0.582098
2343677364.79842,0.585997
2343677369.857401,0.5569029999999999
2343677370.5407033,0.6502100000000001
2343677374.3355513,0.48289
2343677379.3974648,0.5557169999999999
2343677380.064145,0.6334500000000001
2343677380.430793,0.325278
2343677396.417571,0.769766
2343677402.513341,0.639851
2343677408.879973,0.598343
2343677411.9683857,0.706366
2343677415.463439,0.77529
2343677416.441005,0.935996
2343677450.229424,0.5971270000000001
2343677453.971721,1.282924
2343677461.756608,0.871652
2343677462.445787,0.646734
2343677466.6888194,0.464113
2343677473.615414,0.790964
2343677482.586784,0.643054
2343677483.420475,0.777616
2343677483.872773,0.39990000000000003
2343677489.8876023,0.6071540000000001
2343677501.255695,0.7226819999999999
2343677504.365064,0.64571
2343677505.2509837,0.84424
2343677505.940802,0.643467
2343677506.5530887,0.5664
2343677507.373117,0.750653
2343677510.712542,0.501865
2343677514.2020273,0.584965
2343677514.576125,0.331142
2343677528.858328,0.382523
2343677538.361075,0.890463
2343677538.7918653,0.383666
2343677539.491055,0.653183
2343677546.184056,0.605673
2343677546.868262,0.643747
2343677550.1502633,0.637442
2343677550.510972,0.32166999999999996
2343677558.479539,0.5358649999999999
2343677558.939491,0.399909
2343677566.450992,0.425084
2343677572.4026423,0.594662
2343677573.037141,0.5869949999999999
2343677575.540705,0.613073
2343677578.822225,0.483136
2343677579.325578,0.461431
2343677579.978922,0.59811
2343677580.654482,0.6190739999999999
2343677589.0706487,0.406237
2343677592.386245,0.432283
2343677593.213653,0.777845
2343677593.761165,0.500737
2343677596.930417,0.600792
2343677597.602182,0.623685
2343677598.2504787,0.590758
2343677598.7470098,0.444144
2343677599.3867984,0.59382
2343677599.9271502,0.49483000000000005
2343677600.485459,0.514637
2343677622.6152253,0.5627759999999999
2343677627.004882,1.0186240000000002
2343677629.169635,0.695461
2343677629.831244,0.5969150000000001
2343677630.481788,0.58884
2343677633.765224,0.7839389999999999
2343677641.643689,0.230481
2343677647.316599,0.682283
2343677648.844478,0.310686
2343677661.1264076,0.388349
2343677661.624679,0.452991
2343677664.400368,0.674499
2343677668.786138,0.722836
2343677674.3446507,0.338349
2343677680.5147014,0.709935
2343677683.8638296,0.64463
2343677698.575974,0.588946
2343677699.071074,0.449699
2343677704.7129374,0.587248
2343677707.699931,0.67486
2343677712.181662,0.519072
2343677712.928851,0.696759
2343677713.615899,0.6440140000000001
2343677714.2202954,0.553477
2343677714.604245,0.332945
2343677715.1601214,0.4899359999999999
2343677719.491464,0.907797
2343677724.7368784,0.5915929999999999
2343677727.623344,0.665709
2343677730.570653,0.574219
2343677734.409589,0.8
2343677739.341041,0.546196
2343677739.966572,0.5807530000000001
2343677740.554964,0.524417
2343677740.8979034,0.300925
2343677743.99233,0.631515
2343677744.564871,0.5128980000000001
2343677753.111776,0.580325
2343677759.290926,0.6352410000000001
2343677763.086944,0.46356400000000003
2343677763.777299,0.649305
2343677764.3229527,0.501866
2343677772.76462,0.727101
2343677773.4464893,0.630713
2343677780.269804,0.573499
2343677780.934332,0.622337
2343677781.271203,0.29595
2343677781.630591,0.320476
2343677782.27901,0.606278
2343677782.743535,0.413921
2343677783.107432,0.322474
2343677783.62986,0.481846
2343677786.369462,0.650868
2343677791.618155,0.892998
2343677795.025736,0.716224
2343677795.718355,0.6307799999999999
2343677796.6136622,0.831232
2343677797.131363,0.45579699999999995
2343677802.978856,0.420983
2343677805.554817,0.574132
2343677813.1608243,0.5685020000000001
2343677813.910504,0.706336
2343677817.4334707,0.552415
2343677823.56293,0.41405499999999995
2343677826.9357996,0.627725
2343677829.8065658,0.54499
2343677830.5894012,0.7346950000000001
2343677831.0307827,0.395999
2343677831.592754,0.5164030000000001
2343677832.272276,0.632678
2343677836.140647,0.7574230000000001
2343677840.154561,0.519115
2343677856.999259,0.8638330000000001
2343677862.466096,0.511115
2343677865.5653768,0.694703
2343677869.75235,0.972074
2343677881.589272,0.671319
2343677884.4226,0.583788
2343677885.002313,0.536521
2343677885.760609,0.7175140000000001
2343677886.1737514,0.365356
2343677886.560934,0.330714
2343677892.804399,0.964596
2343677897.048059,0.688655
2343677897.5764027,0.490029
2343677898.044108,0.427892
2343677898.623277,0.5413669999999999
2343677899.302112,0.641873
2343677904.978555,0.31281400000000004
2343677905.808689,0.7929229999999999
2343677908.896996,0.554886
2343677912.013779,0.573997
2343677917.141064,0.47215
2343677917.5704236,0.37221299999999996
2343677918.343852,0.710521
2343677925.834362,0.44580899999999996
2343677926.353211,0.460518
2343677930.905064,0.736284
2343677931.5895147,0.632987
2343677932.165597,0.525493
2343677934.803091,0.58157
2343677935.314784,0.462978
2343677935.9364038,0.5727059999999999
2343677941.443486,0.673929
2343677941.802687,0.32658299999999996
2343677942.376233,0.540698
2343677945.196574,0.904355
2343677960.62028,0.450667
2343677960.951582,0.29079499999999997
2343677965.9664493,0.839514
2343677966.588613,0.577806
2343677970.493735,0.537612
2343677971.458022,0.913261
2343677971.9757733,0.46970999999999996
2343677972.593422,0.553444
2343677981.416317,0.545987
2343677981.811438,0.357925
2343677982.478492,0.629089
2343677996.068968,0.5321
2343677999.623066,0.520501
2343678000.0222,0.352883
2343678013.816374,0.641243
2343678021.851834,0.386158
2343678022.545337,0.64654
2343678023.201784,0.611344
2343678028.158127,0.733379
2343678028.583066,0.376755
2343678032.541091,0.911386
2343678033.222976,0.6402019999999999
2343678040.265126,0.558243
2343678043.30511,2.996482
2343678073.9962177,0.889433
2343678077.2259283,0.3482
2343678079.531686,0.646663
2343678086.676782,0.9291510000000001
2343678090.009762,0.55706
2343678092.766458,0.438778
2343678096.09725,0.654452
2343678097.014045,0.864476
2343678097.62262,0.5545450000000001
2343678098.248189,0.570897
2343678098.65614,0.362983
2343678101.871513,0.32376900000000003
2343678114.988207,0.610382
2343678115.461375,0.430493
2343678115.944698,0.439901
2343678119.636184,0.782988
2343678126.015668,0.790973
2343678126.724829,0.658503
2343678130.3889422,0.512843
2343678138.944233,0.784484
2343678147.096009,2.742289
2343678147.8621097,0.722345
2343678154.458657,2.0809159999999998
2343678155.121439,0.5988519999999999
2343678157.9623113,0.5400659999999999
2343678164.595611,0.744723
2343678165.402712,0.7489979999999999
2343678177.086912,0.707105
2343678181.6101933,0.428551
2343678188.24647,0.417239
2343678194.097539,0.648381
2343678194.650508,0.5055940000000001
2343678198.382968,0.630265
2343678198.908636,0.481062
2343678202.383089,0.698288
2343678202.9499598,0.520212
2343678208.103594,0.981104
2343678219.3489122,0.86279
2343678220.0561,0.654935
2343678227.661766,0.999172
2343678228.213543,0.500638
2343678228.768048,0.49911599999999995
2343678243.109785,0.627644
2343678249.438877,0.61123
2343678249.973294,0.46734499999999995
2343678268.399728,0.6475810000000001
2343678269.070676,0.61274
2343678275.565286,0.585412
2343678276.291775,0.661995
2343678277.0019073,0.628367
2343678277.853882,0.815493
2343678280.63552,0.5358010000000001
2343678286.339792,0.35186
2343678286.9326987,0.5561360000000001
2343678287.469828,0.494043
2343678288.061564,0.554895
2343678288.45134,0.347503
2343678288.757984,0.269265
2343678289.2991962,0.501162
2343678290.051659,0.711597
2343678290.628013,0.536145
2343678297.6718698,0.747045
2343678300.879828,0.638458
2343678301.3864613,0.46604399999999996
2343678301.8201094,0.39599999999999996
2343678304.315991,0.405813
2343678304.6474733,0.29396
2343678305.106034,0.421901
2343678308.088499,0.482555
2343678308.586297,0.45298099999999997
2343678309.162993,0.539996
2343678309.713293,0.514584
2343678310.252415,0.503
2343678324.525033,0.393457
2343678324.867569,0.310931
2343678328.0572667,0.45371700000000004
2343678335.076502,0.8062050000000001
2343678335.68884,0.564646
2343678340.069883,0.749807
2343678340.870835,0.753714
2343678351.921023,0.407922
2343678373.2565546,0.749867
2343678373.929788,0.62221
2343678374.638619,0.64514
2343678378.1192384,0.854607
2343678389.0105457,0.675207
2343678402.475834,0.654796
2343678403.1020737,0.576516
2343678403.762324,0.5675469999999999
2343678412.581864,0.6944330000000001
2343678413.14451,0.518772
2343678416.384184,0.753341
2343678417.0779285,0.6129290000000001
2343678420.332353,0.529479
2343678425.559644,0.621406
2343678426.248264,0.634358
2343678438.947814,0.558261
2343678442.291933,0.5852299999999999
2343678444.818725,0.396665
2343678447.536996,0.284733
2343678448.2590623,0.677948
2343678452.592083,0.788133
2343678466.735352,0.443747
2343678467.246072,0.469994
2343678467.559661,0.274949
2343678468.156372,0.5559160000000001
2343678468.657493,0.459692
2343678469.239049,0.541939
2343678469.835441,0.556851
2343678473.9618816,0.895844
2343678474.374635,0.371728
2343678474.957014,0.542988
2343678481.22476,0.604454
2343678493.123629,0.465969
2343678496.754227,0.8776619999999999
2343678500.042366,0.451147
2343678503.923318,0.52469
2343678512.167726,0.858741
2343678515.397428,0.6263930000000001
2343678519.301679,0.585757
2343678538.77844,0.7499279999999999
2343678539.305589,0.473094
2343678539.845439,0.491157
2343678540.567754,0.6612840000000001
2343678541.323111,0.708109
2343678541.8234954,0.447934
2343678545.389505,0.7371380000000001
2343678545.850885,0.397712
2343678549.5011272,0.733414
2343678549.9465,0.386892
2343678554.2422657,0.454613
2343678557.881513,0.306833
2343678558.54537,0.632843
2343678560.923456,0.36666299999999996
2343678561.409474,0.45655
2343678564.359467,0.582894
2343678571.892817,0.6300159999999999
2343678572.450179,0.519348
2343678575.513719,0.51071
2343678578.921799,0.6028169999999999
2343678588.2407494,0.69962
2343678589.138401,0.852406
2343678589.714828,0.534144
2343678590.309527,0.551682
2343678590.720251,0.37148200000000003
2343678591.306467,0.5393830000000001
2343678591.7911,0.443349
2343678594.25413,0.598355
2343678604.060227,0.458557
2343678604.546823,0.443303
2343678611.047193,0.920422
2343678616.7027097,0.501715
2343678617.244518,0.49639
2343678617.750453,0.455086
2343678620.285219,0.37673999999999996
2343678621.1220737,0.7885
2343678621.759211,0.5892780000000001
2343678622.2776074,0.481928
2343678629.305336,0.444668
2343678630.071885,0.722303
2343678632.543608,0.26465700000000003
2343678632.899264,0.320111
2343678633.266645,0.33421900000000004
2343678641.629654,0.63924
2343678642.566384,0.894294
2343678645.5867586,0.627613
2343678649.212689,0.572383
2343678657.538982,0.539702
2343678660.1042466,0.7087
2343678663.244336,0.5946779999999999
2343678666.732809,1.051473
2343678667.270687,0.470422
2343678675.308864,0.44092
2343678686.138024,0.358892
2343678686.50087,0.315819
2343678692.817003,0.6698729999999999
2343678695.0493608,0.587766
2343678699.0294523,0.949317
2343678702.34985,0.7380000000000001
2343678705.124195,0.46708900000000003
2343678708.071598,0.899123
2343678719.0197,0.606807
2343678724.983327,0.596733
2343678746.087039,0.5960610000000001
2343678756.223232,0.685658
2343678759.5473456,0.35710000000000003
2343678762.366398,0.588836
2343678762.981524,0.5646260000000001
2343678768.6113667,0.83662
2343678769.264398,0.604529
2343678769.757745,0.44579599999999997
2343678773.1456833,0.47639
2343678776.832998,0.446691
2343678777.526342,0.6545529999999999
2343678777.970985,0.404756
2343678778.303628,0.295794
2343678778.7966423,0.454442
2343678779.418604,0.5638420000000001
2343678782.810491,0.617491
2343678783.402863,0.5539810000000001
2343678783.869403,0.428589
2343678784.5821843,0.6750280000000001
2343678794.813487,0.534075
2343678795.506489,0.630865
2343678798.8480277,0.626844
2343678799.422244,0.528535
2343678800.107026,0.634197
2343678805.2051396,0.44179
2343678809.471793,0.281331
2343678809.897873,0.371208
2343678813.344555,0.755911
2343678814.0030017,0.620345
2343678814.36688,0.328829
2343678814.651291,0.248647
2343678820.959148,0.558974
2343678821.46626,0.460488
2343678821.90972,0.393998
2343678822.531105,0.5784940000000001
2343678835.012552,0.44312
2343678842.855869,0.5271899999999999
2343678857.4897966,0.58975
2343678865.7513113,0.538687
2343678869.880635,1.037227
2343678870.822916,0.878046
2343678874.972922,0.773873
2343678878.2251964,0.703745
2343678878.9705935,0.678035
2343678879.416532,0.38213
2343678880.271289,0.791765
2343678881.052542,0.715454
2343678883.56472,0.560623
2343678885.858624,0.494697
2343678889.005066,0.383897
2343678889.29657,0.263706
2343678889.736804,0.410657
2343678890.1608,0.394551
2343678890.627944,0.437809
2343678894.114934,0.318291
2343678897.7338047,0.479449
2343678900.4502196,0.8783839999999999
2343678901.046522,0.557106
2343678901.553663,0.4594
2343678908.0224314,0.6431209999999999
2343678910.8281193,0.467492
2343678920.1208477,0.676988
2343678920.828622,0.6440509999999999
2343678921.544295,0.644792
2343678926.844519,0.377517
2343678932.4963617,0.36724799999999996
2343678935.842442,0.615991
2343678951.01603,0.575554
2343678954.4430842,0.610651
2343678959.158112,0.9761970000000001
2343678972.232578,0.794772
2343678972.938728,0.651827
2343678976.781248,0.588504
2343678979.966938,0.717648
2343678987.096745,0.781398
2343679000.585032,0.509804
2343679004.6245427,1.019635
2343679015.598579,0.5795699999999999
2343679017.92384,0.322651
2343679028.4773498,0.353008
2343679031.972064,0.705351
2343679038.0561256,0.37311300000000003
2343679038.782355,0.6736650000000001
2343679039.227644,0.392996
2343679042.360349,0.849229
2343679042.9143353,0.489721
2343679058.5119066,0.81931
2343679059.33698,0.763053
2343679060.238666,0.8174
2343679064.041283,0.725661
2343679070.903495,0.4077
2343679085.547833,0.48523099999999997
2343679086.2965937,0.691564
2343679090.321891,0.899813
2343679091.007925,0.630698
2343679091.426609,0.36697599999999997
2343679097.577187,0.678998
2343679101.173265,0.598274
2343679103.657667,0.286708
2343679104.5471797,0.838332
2343679104.984297,0.388119
2343679108.2219973,0.658602
2343679108.885563,0.6184540000000001
2343679109.531649,0.601165
2343679110.029539,0.450793
2343679110.606844,0.53362
2343679114.388577,0.747777
2343679114.840691,0.407781
2343679120.2601233,0.5882529999999999
2343679120.90695,0.612151
2343679124.5076933,0.6330100000000001
2343679128.387122,0.535902
2343679132.27684,0.534731
2343679153.032861,0.409997
2343679156.512785,0.650153
2343679157.3454247,0.778947
2343679157.728061,0.33346899999999996
2343679158.239509,0.461432
2343679167.985951,0.732798
2343679168.779015,0.710962
2343679171.792685,0.461576
2343679174.362709,0.448197
2343679174.6760693,0.278259
2343679175.162681,0.445037
2343679192.5597043,0.517924
2343679206.074475,0.756671
2343679206.4819202,0.355468
2343679210.638308,0.57837
2343679235.166887,0.5204129999999999
2343679241.514619,0.5637939999999999
2343679247.270309,0.678408
2343679250.5762,0.453667
2343679257.291479,0.5503800000000001
2343679257.8792286,0.53903
2343679260.382014,0.611014
2343679260.9089494,0.483354
2343679261.611015,0.6604329999999999
2343679262.388483,0.7362719999999999
2343679265.3527627,0.426446
2343679265.957239,0.566126
2343679266.511065,0.513985
2343679267.030778,0.481001
2343679269.284633,0.517676
2343679269.704071,0.375525
2343679270.2871866,0.5351680000000001
2343679276.515173,0.38878300000000005
2343679277.100402,0.538816
2343679277.728717,0.589786
2343679278.367732,0.598268
2343679279.038088,0.6295959999999999
2343679291.528875,0.81632
2343679297.457536,0.5295070000000001
2343679297.920308,0.42056299999999996
2343679304.744473,0.512444
2343679313.4095893,0.6552100000000001
2343679313.937656,0.475319
2343679314.707894,0.707121
2343679315.237799,0.48481
2343679318.406003,0.699914
2343679318.881658,0.431299
2343679319.251935,0.328057
2343679326.690685,0.662927
2343679326.992992,0.268218
2343679327.610351,0.580034
2343679333.981896,0.9124610000000001
2343679342.45477,0.52339
2343679342.8059683,0.310958
2343679343.65809,0.8056479999999999
2343679344.365378,0.663546
2343679345.193291,0.781906
2343679348.60847,0.497906
2343679349.055447,0.397847
2343679349.576125,0.48051
2343679350.206349,0.578866
2343679350.717424,0.468419
2343679351.326233,0.558672
2343679351.946492,0.573833
2343679354.7589464,0.34423
2343679358.061893,0.6598179999999999
2343679358.6732697,0.56204
2343679359.463161,0.7491009999999999
2343679359.840721,0.34247500000000003
2343679364.41787,0.482938
2343679364.861451,0.405467
2343679365.685135,0.778712
2343679369.195869,0.815437
2343679369.752033,0.517662
2343679370.035145,0.24808300000000003
2343679372.897337,0.6167819999999999
2343679373.578156,0.643911
2343679374.0415463,0.42898200000000003
2343679383.665989,0.515735
2343679385.9235168,0.567032
2343679389.9469886,0.4559
2343679397.351486,0.370175
2343679397.877985,0.47793800000000003
2343679398.5512543,0.621909
2343679399.250267,0.649598
2343679402.751872,0.6786249999999999
2343679403.293903,0.493036
2343679404.032632,0.689735
2343679408.1441927,0.6619780000000001
2343679408.73381,0.548689
2343679412.689773,0.7038300000000001
2343679432.133503,0.514023
2343679432.832568,0.653727
2343679436.8705077,0.685369
2343679445.1027184,0.746834
2343679459.463357,0.6238440000000001
2343679472.364128,0.761651
2343679497.246139,0.667608
2343679511.0499363,0.502575
2343679514.3497663,0.575955
2343679531.337615,0.6314540000000001
2343679531.8508844,0.466553
2343679535.5663743,0.653814
2343679544.5201073,0.633228
2343679547.506922,0.573747
2343679559.284057,0.48481
2343679562.8412642,0.63251
2343679569.75491,0.696866
2343679573.9691787,0.725856
2343679574.5948653,0.573672
2343679575.352242,0.706991
2343679582.382775,4.07911
2343679583.07739,0.6395590000000001
2343679583.486866,0.36255499999999996
2343679587.4534397,0.380489
2343679591.6790624,4.166512
2343679592.315694,0.570454
2343679592.973129,0.604749
2343679593.557308,0.5383220000000001
2343679597.523566,0.6049760000000001
2343679597.865423,0.30017299999999997
2343679608.283062,0.697361
2343679608.833027,0.498458
2343679609.6160884,0.7318020000000001
2343679613.4653196,0.5071500000000001
2343679614.3106737,0.794359
2343679617.8555923,0.600876
2343679618.462509,0.566102
2343679634.2218604,0.6118859999999999
2343679638.522983,0.7500020000000001
2343679639.259752,0.682852
2343679640.181211,0.869374
2343679640.847488,0.612066
2343679641.264452,0.367741
2343679645.602883,2.851573
2343679645.9687963,0.32771599999999995
2343679649.25622,0.40400400000000003
2343679649.5557632,0.265531
2343679653.034743,0.652007
2343679655.879055,0.7110690000000001
2343679660.054031,0.847378
2343679662.9389067,0.588958
2343679666.792192,1.01288
2343679676.140888,0.732537
2343679688.2761817,0.582631
2343679698.7944007,0.7566400000000001
2343679704.1341248,0.649471
2343679714.248697,0.652871
2343679718.196036,0.596886
2343679721.484549,0.431295
2343679724.580428,0.704507
2343679725.234983,0.607807
2343679728.351293,0.851553
2343679733.79343,0.441207
2343679739.358585,0.822105
2343679739.843598,0.432444
2343679743.377976,0.737612
2343679744.141155,0.7139340000000001
2343679748.209759,0.70907
2343679752.086768,0.776726
2343679752.486816,0.35579299999999997
2343679752.966464,0.431921
2343679756.517756,0.6259250000000001
2343679760.587751,0.710821
2343679761.20395,0.568482
2343679765.021984,0.670987
2343679778.004292,0.58023
2343679778.483477,0.42659
2343679779.307946,0.748913
2343679787.690722,0.549477
2343679788.091709,0.357196
2343679800.1170793,0.69667
2343679800.63315,0.46231700000000003
2343679801.1628833,0.48519999999999996
2343679807.302524,0.669848
2343679807.9682093,0.618884
2343679810.630502,0.459458
2343679813.7745576,0.973232
2343679814.096651,0.283919
2343679827.7208767,0.594407
2343679828.416933,0.6571739999999999
2343679852.519708,0.835073
2343679862.565883,0.5722820000000001
2343679863.2885633,0.673758
2343679864.07935,0.739608
2343679864.663487,0.525432
2343679867.922207,0.6299199999999999
2343679868.730803,0.7511990000000001
2343679869.4068484,0.616511
2343679870.0947213,0.6406
2343679876.4690623,0.813425
2343679877.048397,0.538266
2343679883.4734077,0.5696330000000001
2343679884.025337,0.5141530000000001
2343679896.988114,0.639221
2343679900.179669,0.577815
2343679900.807668,0.556994
2343679901.559015,0.692261
2343679912.768802,0.72807
2343679913.31077,0.495896
2343679914.070694,0.714777
2343679917.275287,0.784825
2343679923.100191,0.8515849999999999
2343679931.049495,0.49286299999999994
2343679938.430606,0.677772
2343679939.17045,0.697024
2343679939.807833,0.601981
2343679940.310088,0.46590899999999996
2343679954.9481764,0.683378
2343679955.6778407,0.673461
2343679956.439476,0.705276
2343679957.0128236,0.513152
2343679957.748855,0.678445
2343679958.688485,0.884521
2343679959.4274464,0.685685
2343679960.198339,0.708471
2343679974.356741,0.42587400000000003
2343679974.933152,0.543248
2343679984.580737,0.674798
2343679985.291619,0.661542
2343679988.627715,0.5834539999999999
2343679995.42696,0.767676
2343679995.9141684,0.444934
2343679996.4280257,0.469188
2343680000.225804,0.710751
2343680000.9652348,0.687851
2343680004.7687573,0.476718
2343680005.58386,0.767792
2343680006.07284,0.44307599999999997
2343680008.806948,0.759988
2343680014.339949,0.5748040000000001
2343680020.846757,0.716637
2343680021.443721,0.553744
2343680022.257183,0.751285
2343680025.575433,0.679577
2343680026.388544,0.7698470000000001
2343680035.353147,0.580097
2343680036.177393,0.788365
2343680042.723269,0.653979
2343680043.447252,0.6592399999999999
2343680046.563549,0.538855
2343680047.159811,0.549674
2343680047.7096157,0.505922
2343680051.12569,0.767621
2343680053.363848,0.406143
2343680056.645061,0.695811
2343680057.372725,0.6780449999999999
2343680057.856407,0.450121
2343680058.464126,0.5733360000000001
2343680063.2480273,0.5244800000000001
2343680063.732316,0.44813200000000003
2343680067.6010766,0.76397
2343680068.367753,0.725237
2343680068.850065,0.435717
2343680071.958265,0.567442
2343680072.5386763,0.539612
2343680076.946261,0.638216
2343680080.123656,0.635086
2343680086.112246,0.5873389999999999
2343680098.125443,0.7782089999999999
2343680098.8482513,0.67177
2343680114.344995,0.474925
2343680115.0214143,0.6260070000000001
2343680117.80083,0.600782
2343680118.6014156,0.7550429999999999
2343680121.4074373,0.5018680000000001
2343680124.158359,0.60324
2343680124.645435,0.444633
2343680125.535214,0.849837
2343680126.062852,0.486388
2343680127.837095,0.600831
2343680131.585522,0.371408
2343680138.696848,0.5267229999999999
2343680144.9301767,0.676592
2343680145.509658,0.533154
2343680147.831595,0.48151299999999997
2343680154.310104,0.487777
2343680157.682528,0.712493
2343680158.274992,0.544575
2343680162.138558,0.484639
2343680162.863025,0.6830090000000001
2343680169.7352033,0.638818
2343680170.590822,0.792988
2343680174.584473,0.69284
2343680178.153768,0.414584
2343680178.837264,0.638999
2343680179.254879,0.381759
2343680182.7894807,0.429406
2343680191.89084,0.476858
2343680192.375693,0.43668100000000004
2343680192.908642,0.488128
2343680196.7416506,0.640362
2343680205.711592,0.678557
2343680208.925494,0.639556
2343680209.504242,0.530949
2343680209.8266597,0.28143599999999996
2343680210.622588,0.715647
2343680220.1706853,0.630554
2343680227.047489,0.701198
2343680230.2866054,0.886237
2343680230.9268847,0.589907
2343680234.3470597,0.553854
2343680245.807155,0.596919
2343680246.360243,0.510542
2343680252.0446696,0.786727
2343680263.5207086,0.474924
2343680264.313072,0.7279289999999999
2343680267.940404,0.701708
2343680268.348158,0.363109
2343680269.031878,0.6347590000000001
2343680269.701304,0.618289
2343680277.4643,0.45155500000000004
2343680278.0008574,0.493525
2343680278.6758003,0.639127
2343680284.2448277,0.406059
2343680284.949757,0.6661860000000001
2343680285.830012,0.836824
2343680289.107549,0.31789
2343680297.5290904,0.45992
2343680297.9007487,0.334569
2343680301.335107,0.6345310000000001
2343680311.646914,0.6148899999999999
2343680314.985735,0.8942960000000001
2343680315.661496,0.627517
2343680316.223966,0.5164059999999999
2343680316.864272,0.595277
2343680317.456018,0.5468409999999999
2343680320.91096,0.666365
2343680323.695737,0.634139
2343680337.036944,0.803254
2343680337.60575,0.5195150000000001
2343680338.647288,0.994029
2343680344.101785,0.656685
2343680344.5685973,0.419916
2343680344.9335394,0.312306
2343680345.467507,0.487135
2343680346.08367,0.571291
2343680352.777989,0.431398
2343680359.442608,0.572303
2343680360.057117,0.566841
2343680363.5691967,0.670191
2343680364.247244,0.635654
2343680364.70295,0.40023800000000004
2343680367.029564,0.389171
2343680367.797774,0.72041
2343680368.5439262,0.699053
2343680369.071465,0.479153
2343680369.8775277,0.761561
2343680370.706005,0.775429
2343680380.920934,0.292562
2343680397.7503033,0.883187
2343680403.4259553,0.7049340000000001
2343680404.13336,0.660255
2343680406.319579,2.1403250000000003
2343680409.753249,0.518164
2343680410.499766,0.69651
2343680411.191823,0.6432490000000001
2343680413.999351,0.5394749999999999
2343680414.373864,0.342987
2343680414.6220384,0.217898
2343680415.207254,0.553438
2343680415.45344,0.21642499999999998
2343680418.024445,2.531532
2343680418.629154,0.5250889999999999
2343680422.834725,0.693235
2343680423.492698,0.590721
2343680424.1199384,0.564061
2343680427.773917,0.645705
2343680428.208756,0.403085
2343680434.649293,0.317572
2343680434.953341,0.274297
2343680435.2939763,0.283517
2343680435.8002057,0.464433
2343680438.139978,2.295544
2343680438.7210894,0.5362220000000001
2343680441.906232,0.6762429999999999
2343680445.1340537,0.646345
2343680445.580101,0.414323
2343680445.989627,0.379986
2343680446.594305,0.57487
2343680449.4803042,0.32648900000000003
2343680452.148644,0.667108
2343680454.9806857,0.33299799999999996
2343680455.335298,0.317514
2343680462.696128,0.7494510000000001
2343680467.1611347,0.547651
2343680467.895266,0.694133
2343680470.4826574,2.551246
2343680471.264001,0.730643
2343680471.9153957,0.6058049999999999
2343680479.626894,0.6260779999999999
2343680481.651228,1.968967
2343680482.246939,0.556699
2343680488.501782,0.676502
2343680488.785386,0.24557700000000002
2343680494.11248,0.394341
2343680495.064857,0.9169
2343680495.635241,0.530122
2343680504.3829627,0.640219
2343680511.394503,0.654937
2343680521.6215553,0.489957
2343680546.4659142,0.7648419999999999
2343680553.636523,0.715975
2343680560.020998,0.649865
2343680560.682854,0.615267
2343680562.7835717,2.058855
2343680563.4688087,0.640563
2343680565.237166,0.6480779999999999
2343680565.6019483,0.330819
2343680569.526258,0.58329
2343680569.9380198,0.377537
2343680584.041148,1.2013340000000001
2343680594.261259,0.6958300000000001
2343680601.104735,0.802901
2343680601.885616,0.7235240000000001
2343680604.8280253,0.470652
2343680618.888881,0.39665300000000003
2343680619.522194,0.592383
2343680620.44582,0.875468
2343680620.912042,0.424707
2343680621.311431,0.36057500000000003
2343680624.9625583,0.753536
2343680637.8243465,0.8656280000000001
2343680638.6404138,0.7664920000000001
2343680639.438847,0.719693
2343680640.023321,0.535965
2343680659.36429,0.40342999999999996
2343680665.319141,0.5321279999999999
2343680669.738568,0.828982
2343680677.8922586,0.411532
2343680678.512788,0.583508
2343680681.7072167,0.648664
2343680687.442196,0.587609
2343680693.013803,0.529113
2343680693.770792,0.696286
2343680699.019682,0.447772
2343680699.4555473,0.389853
2343680701.642237,2.1424730000000003
2343680702.156731,0.468356
2343680709.408442,0.7088599999999999
2343680710.012298,0.562958
2343680714.11246,0.647757
2343680718.062449,0.891427
2343680718.57454,0.47443799999999997
2343680719.035577,0.422983
2343680719.7122917,0.6405230000000001
2343680720.280761,0.530894
2343680726.526057,0.752039
2343680727.020971,0.44377099999999997
2343680731.0106583,0.650606
2343680731.4886947,0.434456
2343680732.050417,0.519293
2343680732.529183,0.43331000000000003
2343680733.1670427,0.595685
2343680736.705121,0.43991199999999997
2343680749.653573,0.586543
2343680750.194002,0.496908
2343680750.748099,0.512159
2343680751.369978,0.581592
2343680755.042824,0.495006
2343680758.666749,0.36952399999999996
2343680767.4839764,0.690529
2343680770.74731,0.44859
2343680777.456719,1.030246
2343680787.868514,0.575853
2343680788.679258,0.760547
2343680809.067623,0.731581
2343680840.896549,0.8171240000000001
2343680852.359064,0.79332
2343680863.35703,0.860296
2343680864.05307,0.646083
2343680867.568226,0.565774
2343680868.163382,0.553631
2343680871.560439,0.455035
2343680883.641143,0.437223
2343680884.127406,0.43944999999999995
2343680884.7469997,0.5630620000000001
2343680885.246025,0.43768300000000004
2343680888.132172,0.696237
2343680888.6261086,0.440557
2343680891.296534,0.6274310000000001
2343680899.61281,0.55555
2343680900.197406,0.5363600000000001
2343680900.507393,0.26583599999999996
2343680901.009199,0.462138
2343680905.042765,0.5883280000000001
2343680913.236519,0.635714
2343680917.215858,0.840619
2343680920.56297,0.573796
2343680921.257476,0.643711
2343680927.2113028,0.6003799999999999
2343680934.880528,0.396023
2343680941.675755,0.794477
2343680942.201923,0.48192
2343680945.398001,0.49443299999999996
2343680946.07844,0.6336799999999999
2343680946.632237,0.50624
2343680970.469711,0.69769
2343680978.834684,0.41523299999999996
2343680981.615054,0.402895
2343680982.12949,0.468576
2343680998.0932407,0.489287
2343681007.451036,0.31374799999999997
2343681025.409062,0.601059
2343681025.9454293,0.48988299999999996
2343681034.086741,0.6119100000000001
2343681034.73957,0.608795
2343681035.244368,0.443634
2343681035.8257008,0.534083
2343681039.515775,0.647797
2343681046.047626,0.9189419999999999
2343681052.100401,0.7572399999999999
2343681057.596114,0.698357
2343681063.753603,0.7807820000000001
2343681064.342854,0.541037
2343681064.896026,0.508505
2343681065.5286837,0.590119
2343681076.1246953,0.7189129999999999
2343681076.5248404,0.359888
2343681080.348789,0.6612480000000001
2343681080.950542,0.5590849999999999
2343681081.6865582,0.6605759999999999
2343681084.100875,0.551164
2343681084.886135,0.736399
2343681085.681967,0.7413069999999999
2343681086.363759,0.635976
2343681086.9855437,0.574291
2343681087.5398793,0.5100140000000001
2343681088.0399823,0.454408
2343681088.906671,0.817989
2343681089.735627,0.7838069999999999
2343681090.609156,0.826074
2343681097.512082,0.547678
2343681098.0341673,0.488252
2343681098.496655,0.43157
2343681099.9874554,0.422012
2343681100.4773064,0.43810099999999996
2343681101.090948,0.576846
2343681109.452385,0.581342
2343681118.046882,0.48988799999999993
2343681127.109134,0.592606
2343681127.8290033,0.667724
2343681136.8466883,0.752465
2343681137.279204,0.379345
2343681137.606536,0.29133400000000004
2343681142.587697,0.6266200000000001
2343681150.35289,0.527392
2343681155.7649717,0.616439
2343681160.797487,0.435114
2343681161.36667,0.526737
2343681161.9557266,0.5454950000000001
2343681165.64422,0.561909
2343681166.577765,0.887813
2343681167.286993,0.645409
2343681168.077791,0.7224039999999999
2343681171.139565,0.73797
2343681171.979468,0.7765
2343681175.075497,0.575585
2343681181.2264953,0.538116
2343681184.600988,0.514749
2343681185.3793902,0.732634
2343681186.089987,0.669703
2343681186.4434943,0.315237
2343681189.5176296,0.7362259999999999
2343681196.705706,0.533531
2343681197.214048,0.460368
2343681203.374198,0.653725
2343681206.745404,0.428155
2343681218.291791,0.8596050000000001
2343681221.385637,0.379508
2343681222.212436,0.775925
2343681229.829475,0.737952
2343681236.422988,0.52504
2343681237.22375,0.7430270000000001
2343681237.7339063,0.458879
2343681244.498291,1.169726
2343681247.834954,0.526278
2343681259.152175,0.335579
2343681262.37957,0.640986
2343681265.2481494,0.6349
2343681265.603048,0.308323
2343681268.255313,0.42262099999999997
2343681268.994667,0.685698
2343681273.98986,0.365201
2343681274.354137,0.327774
2343681275.159854,0.767897
2343681275.7106915,0.509079
2343681279.172881,0.5498890000000001
2343681282.582402,0.473105
2343681283.058729,0.438971
2343681283.7358193,0.6374869999999999
2343681296.646,0.645641
2343681297.257986,0.567251
2343681307.069347,0.660926
2343681314.366994,0.506608
2343681314.864918,0.45460500000000004
2343681318.181964,0.564558
2343681318.7079387,0.480884
2343681329.74877,0.9988880000000001
2343681332.828467,0.7186980000000001
2343681333.2825184,0.411061
2343681344.841716,0.570802
2343681345.632495,0.740626
2343681346.4745007,0.782956
2343681353.032345,0.7013870000000001
2343681353.485266,0.403078
2343681354.165436,0.632848
2343681354.7984667,0.579411
2343681355.522391,0.677662
2343681356.164513,0.5979530000000001
2343681365.022759,0.6457569999999999
2343681368.856621,0.547406
2343681380.523061,0.680342
2343681380.989351,0.41153799999999996
2343681395.803295,0.657614
2343681396.1704593,0.320343
2343681406.968205,0.635437
2343681407.405042,0.39228100000000005
2343681414.4571548,0.68233
2343681415.2024717,0.689478
2343681416.310526,1.053623
2343681417.145256,0.7699649999999999
2343681417.919375,0.715267
2343681421.7936864,0.635565
2343681422.3792877,0.553157
2343681422.8537183,0.441635
2343681426.269424,0.541177
2343681426.8996763,0.5979
2343681427.455588,0.5218360000000001
2343681430.667346,0.347744
2343681431.0904517,0.390521
2343681442.3806376,0.42191100000000004
2343681442.896611,0.462161
2343681443.3829,0.43692600000000004
2343681451.8451858,0.620723
2343681452.219687,0.322996
2343681452.983269,0.704732
2343681453.6034713,0.585467
2343681453.971176,0.330956
2343681454.387922,0.381104
2343681454.8545923,0.41846500000000003
2343681470.048742,0.31042400000000003
2343681471.295919,1.201713
2343681474.239054,0.542279
2343681477.7600117,0.666537
2343681480.5936527,0.27733599999999997
2343681483.341672,0.446623
2343681492.215691,0.5839970000000001
2343681492.677987,0.415938
2343681493.57515,0.845166
2343681497.657144,0.723037
2343681498.2052503,0.4998719999999999
2343681521.378616,0.590973
2343681524.499478,0.6912780000000001
2343681525.219224,0.66596
2343681525.88886,0.618975
2343681536.282691,0.626537
2343681536.942904,0.617251
2343681552.876271,0.738341
2343681568.2778897,0.837119
2343681568.771799,0.443027
2343681569.3959737,0.571792
2343681572.360426,0.642597
2343681578.4706407,0.42249699999999996
2343681579.138546,0.605353
2343681579.607446,0.425379
2343681583.318767,0.558063
2343681587.2254033,0.519057
2343681587.872724,0.6085510000000001
2343681588.817847,0.907507
2343681589.3208537,0.462854
2343681590.025918,0.6675599999999999
2343681593.842535,0.596767
2343681594.310699,0.417876
2343681594.805717,0.450217
2343681595.458197,0.594545
2343681602.912231,0.687101
2343681603.299897,0.350028
2343681621.735017,0.7621140000000001
2343681624.453789,0.414001
2343681629.673806,0.5782349999999999
2343681641.6760783,0.415528
2343681645.231407,0.549006
2343681645.882487,0.6028509999999999
2343681655.506981,0.654343
2343681659.3846207,0.675177
2343681669.517819,0.5645910000000001
2343681670.298368,0.7198070000000001
2343681670.954246,0.596901
2343681687.926081,0.43467
2343681688.473392,0.509559
2343681689.018464,0.506065
2343681689.630651,0.5776410000000001
2343681690.1446958,0.478152
2343681701.605833,0.6040639999999999
2343681702.3653708,0.704048
2343681703.0421996,0.6217889999999999
2343681703.840532,0.73063
2343681704.5419073,0.64633
2343681705.161852,0.558216
2343681716.2625747,0.388152
2343681724.018706,0.379346
2343681730.69193,0.572025
2343681731.359534,0.617984
2343681732.0227556,0.614581
2343681736.230198,0.7379720000000001
2343681736.938572,0.659154
2343681746.717574,0.529077
2343681747.31076,0.529659
2343681752.605751,0.881548
2343681765.882916,0.6261720000000001
2343681770.485439,0.41515399999999997
2343681773.879412,0.744162
2343681774.477097,0.544733
2343681777.2861953,0.601871
2343681783.3981953,0.342383
2343681792.479219,0.689239
2343681793.24224,0.7133499999999999
2343681807.62416,0.510755
2343681808.3350368,0.659585
2343681811.828137,0.495912
2343681812.387504,0.50436
2343681817.077058,0.629948
2343681817.998546,0.8710019999999999
2343681818.692355,0.6426700000000001
2343681819.295372,0.553442
2343681819.920641,0.5761670000000001
2343681833.0592227,0.888212
2343681833.596257,0.49727099999999996
2343681834.157545,0.523515
2343681834.706941,0.5069020000000001
2343681835.267324,0.523425
2343681835.8045177,0.49951900000000005
2343681840.621406,0.631587
2343681841.177073,0.515749
2343681849.877337,0.471041
2343681850.222338,0.29894
2343681851.0509887,0.7769269999999999
2343681851.5200453,0.423439
2343681852.061016,0.502365
2343681852.483972,0.38233100000000003
2343681853.1042004,0.569798
2343681856.8770323,0.786035
2343681865.3957872,0.5947209999999999
2343681868.800529,0.596096
2343681875.07139,0.50522
2343681878.503381,0.630656
2343681882.175028,0.764991
2343681882.812123,0.589143
2343681883.463222,0.5954969999999999
2343681886.7639236,0.468116
2343681890.556154,0.574526
2343681891.004296,0.408244
2343681894.31921,0.6026290000000001
2343681901.03356,0.386172
2343681901.3850617,0.30966499999999997
2343681905.399314,0.616125
2343681906.0759034,0.631916
2343681912.470654,0.693059
2343681913.052634,0.5343169999999999
2343681916.296967,0.686318
2343681917.110167,0.745728
2343681918.0289626,0.8562179999999999
2343681918.558021,0.49115400000000003
2343681918.847718,0.255746
2343681919.3515677,0.46820100000000003
2343681936.040638,0.640196
2343681939.3318152,0.46283199999999997
2343681939.823163,0.449748
2343681940.416435,0.550035
2343681944.4263487,0.73069
2343681944.8021355,0.32905
2343681948.489568,0.513405
2343681949.150286,0.612555
2343681949.917375,0.721712
2343681953.345377,0.452308
2343681953.855355,0.464209
2343681954.408826,0.510032
2343681955.21949,0.759478
2343681955.771664,0.5159849999999999
2343681956.2871933,0.47970100000000004
2343681959.714432,0.6621659999999999
2343681962.608561,0.369022
2343681963.210441,0.566964
2343681973.50574,0.514874
2343681974.047424,0.499512
2343681974.826211,0.738228
2343681975.361521,0.49458
2343681980.9145193,0.451243
2343681981.6307936,0.672435
2343681982.292848,0.601606
2343681984.96952,0.640212
2343681985.655968,0.62791
2343681993.383747,0.497994
2343681993.878976,0.45151600000000003
2343681998.785814,0.795606
2343681999.402551,0.567913
2343681999.9430737,0.49749600000000005
2343682000.655554,0.6698109999999999
2343682001.3327947,0.631745
2343682001.844545,0.468625
2343682008.4140573,0.529316
2343682011.4823875,0.282409
2343682013.887279,0.525871
2343682014.3801203,0.45512800000000003
2343682016.056713,0.584368
2343682016.5981956,0.5011129999999999
2343682017.2077527,0.56908
2343682028.9238796,0.370377
2343682032.1606693,0.55165
2343682035.54962,0.336625
2343682036.025341,0.427705
2343682036.678419,0.598707
2343682037.202496,0.473223
2343682037.741981,0.491
2343682046.480783,0.490002
2343682049.65165,0.74582
2343682052.163105,0.463646
2343682052.6833277,0.478886
2343682053.214761,0.49467300000000003
2343682053.685122,0.431874
2343682054.175578,0.452347
2343682062.839292,0.531509
2343682063.318501,0.431074
2343682066.602991,0.578137
2343682075.291421,0.49322600000000005
2343682080.8216023,0.5614399999999999
2343682081.4897747,0.6143369999999999
2343682090.587491,0.440828
2343682103.018054,0.82475
2343682103.8419538,0.758119
2343682111.119217,0.47188800000000003
2343682111.818844,0.643554
2343682118.968525,0.6183780000000001
2343682119.612393,0.591001
2343682120.1433234,0.488479
2343682134.448419,0.671862
2343682134.9992824,0.5020870000000001
2343682138.684835,0.630393
2343682143.5392394,0.687602
2343682144.258379,0.6577609999999999
2343682144.949197,0.639017
2343682145.5775647,0.580561
2343682167.879739,0.774795
2343682168.695866,0.753586
2343682171.825567,0.607531
2343682172.379533,0.51381
2343682172.886945,0.46770999999999996
2343682173.476614,0.551546
2343682173.967779,0.452542
2343682181.1195493,0.472588
2343682194.908668,0.658598
2343682195.316398,0.36023099999999997
2343682195.808212,0.442367
2343682196.62775,0.769725
2343682197.159449,0.481254
2343682204.647576,0.6211450000000001
2343682205.218636,0.529895
2343682209.558886,0.7113
2343682217.6420383,0.5861230000000001
2343682218.366891,0.679952
2343682218.824146,0.413341
2343682219.345247,0.461399
2343682225.338897,0.337807
2343682225.873322,0.49430399999999997
2343682226.277377,0.360522
2343682234.3063087,0.406517
2343682243.4080586,0.669625
2343682244.141717,0.679029
2343682250.037902,0.639932
2343682250.645321,0.5607099999999999
2343682251.012095,0.317395
2343682251.499379,0.442166
2343682255.611408,0.903231
2343682256.500597,0.83986
2343682258.6286187,0.645899
2343682259.416006,0.740703
2343682262.753659,0.37843000000000004
2343682265.689897,0.37149699999999997
2343682269.713155,0.618875
2343682274.942366,0.26863800000000004
2343682275.5299788,0.541053
2343682278.9912558,0.650452
2343682282.879918,0.722025
2343682283.616025,0.6878150000000001
2343682284.180188,0.5107170000000001
2343682293.397279,0.7348819999999999
2343682294.039927,0.583485
2343682302.765245,0.774505
2343682306.564394,0.55783
2343682310.588737,0.794752
2343682311.432754,0.782258
2343682312.176241,0.6733140000000001
2343682317.664956,0.383355
2343682318.136471,0.438181
2343682329.642138,0.77946
2343682332.919663,0.976839
2343682339.98067,0.671605
2343682340.485358,0.439621
2343682341.092341,0.551496
2343682346.4485683,0.930512
2343682347.27675,0.78067
2343682362.81616,0.714084
2343682377.5140533,0.524776
2343682381.500825,0.407594
2343682382.024045,0.46465500000000004
2343682390.482631,0.617716
2343682393.841134,0.5082840000000001
2343682394.2493854,0.360083
2343682394.9560437,0.654108
2343682395.646176,0.639326
2343682398.644724,0.6072770000000001
2343682399.182524,0.502584
2343682402.513878,0.323153
2343682405.732736,0.480951
2343682415.556047,0.572932
2343682418.2689433,0.902077
2343682425.3603873,0.5562590000000001
2343682425.770773,0.366677
2343682426.238794,0.422651
2343682426.790476,0.500985
2343682432.400769,0.565369
2343682433.055615,0.605824
2343682433.910675,0.80945
2343682434.45824,0.501051
2343682442.67867,0.49800099999999997
2343682447.012226,0.88605
2343682456.7400284,0.577425
2343682464.98947,1.0243069999999999
2343682465.795295,0.752393
2343682466.549349,0.703588
2343682469.254274,0.585593
2343682472.783678,0.505243
2343682473.4678397,0.625161
2343682474.103878,0.574659
2343682496.5277658,1.063872
2343682503.156647,0.971985
2343682503.780204,0.5718770000000001
2343682509.466237,0.41187599999999996
2343682517.109528,0.583383
2343682521.1137233,0.888875
2343682524.296007,0.5967830000000001
2343682527.595436,0.949484
2343682531.3118343,0.570427
2343682532.1087923,0.733935
2343682532.755013,0.608135
2343682547.655045,0.971464
2343682548.205137,0.485636
2343682549.025388,0.756613
2343682556.251694,0.606321
2343682568.342979,0.5570459999999999
2343682576.3815546,1.045673
2343682583.121221,0.856304
2343682583.73692,0.56375
2343682584.528509,0.7288140000000001
2343682585.4157357,0.829673
2343682586.522102,1.045825
2343682588.938393,0.570995
2343682592.0483217,0.480033
2343682602.982236,1.0279340000000001
2343682603.598472,0.572143
2343682605.680314,0.382515
2343682606.218413,0.49386099999999994
2343682612.6642337,0.774552
2343682613.1418676,0.43883
2343682616.111182,0.360192
2343682616.498876,0.349605
2343682619.169835,0.568776
2343682622.83527,0.5321530000000001
2343682623.2339697,0.35868
2343682626.019935,0.535839
2343682631.8064117,0.514188
2343682640.835895,0.865076
2343682643.783189,0.632866
2343682650.048925,0.626177
2343682650.682365,0.593618
2343682653.9733243,0.563653
2343682654.614204,0.600773
2343682661.175277,0.5922
2343682661.747957,0.513078
2343682662.369493,0.571862
2343682662.947637,0.531138
2343682674.216299,0.646057
2343682679.717084,0.389965
2343682690.336126,0.37268799999999996
2343682695.810336,0.7692680000000001
2343682704.571621,0.33348500000000003
2343682705.155273,0.532397
2343682711.2220373,0.3122
2343682711.582321,0.30802599999999997
2343682712.4691978,0.839302
2343682717.436089,0.46205999999999997
2343682718.055266,0.5739879999999999
2343682718.578849,0.46392599999999995
2343682725.0637493,0.681492
2343682735.267002,0.613596
2343682735.7114487,0.399345
2343682736.3484216,0.591288
2343682737.027822,0.630895
2343682737.673811,0.5986859999999999
2343682738.351296,0.631271
2343682738.831939,0.43544
2343682739.867847,0.992663
2343682740.382009,0.469571
2343682751.282239,0.576942
2343682753.5852833,0.449715
2343682756.503687,0.332941
2343682757.092394,0.551751
2343682760.382543,0.7284569999999999
2343682760.728577,0.30872700000000003
2343682763.526485,0.48197799999999996
2343682769.9141183,0.589845
2343682787.846301,0.536598
2343682791.3602242,1.041988
2343682791.828245,0.39807200000000004
2343682795.6347513,0.600865
2343682830.1782904,0.47390000000000004
2343682830.9131417,0.6815519999999999
2343682833.519225,0.761651
2343682834.358076,0.7781290000000001
2343682841.2414613,0.760219
2343682842.010224,0.717191
2343682856.252436,0.480396
2343682856.951725,0.646687
2343682857.7051373,0.7011740000000001
2343682858.380082,0.6232880000000001
2343682864.937663,0.788669
2343682872.1325884,0.630069
2343682874.808291,0.570735
2343682875.173644,0.320296
2343682878.86423,0.700319
2343682889.3800898,0.596532
2343682889.727965,0.303705
2343682890.3059077,0.5313450000000001
2343682890.8102403,0.45359900000000003
2343682891.4611793,0.595361
2343682895.121832,0.711775
2343682895.71383,0.55224
2343682896.266255,0.512437
2343682896.778045,0.47066
2343682899.565554,0.37117
2343682908.422884,0.6936359999999999
2343682908.934732,0.462157
2343682920.708723,0.8020889999999999
2343682926.959462,0.430709
2343682930.373888,0.724523
2343682947.931272,0.842853
2343682963.6530933,0.9362710000000001
2343682964.24169,0.519225
2343682968.808938,0.486428
2343682969.585062,0.7139639999999999
2343682970.244348,0.585545
2343682972.2081103,0.400794
2343682972.824504,0.578679
2343682978.6377983,0.675747
2343682992.407969,0.772526
2343682993.033867,0.5544760000000001
2343683005.880145,0.434277
2343683007.725237,0.369353
2343683013.582885,0.636568
2343683028.834143,0.723214
2343683029.215034,0.33366
2343683033.0042357,0.896887
2343683033.487839,0.406018
2343683034.2144117,0.6585869999999999
2343683034.798549,0.517722
2343683035.587897,0.7321219999999999
2343683045.112234,0.372205
2343683047.8649697,0.49485999999999997
2343683050.765905,0.353155
2343683051.5388217,0.740211
2343683054.7682776,0.573139
2343683058.94433,0.729626
2343683059.501493,0.516656
2343683065.541386,0.48214999999999997
2343683066.203579,0.6036
2343683066.778122,0.526727
2343683067.2481627,0.42456299999999997
2343683067.58727,0.284598
2343683068.2258916,0.581114
2343683068.9117227,0.6361370000000001
2343683087.293848,0.7099489999999999
2343683087.669251,0.33886499999999997
2343683088.383343,0.6459900000000001
2343683092.6381,0.595981
2343683093.7173347,1.0162280000000001
2343683097.675387,0.9976919999999999
2343683098.3189993,0.5918549999999999
2343683098.9350457,0.553082
2343683107.19638,0.487997
2343683113.270402,0.49134500000000003
2343683118.903315,0.70946
2343683119.372829,0.42297199999999996
2343683119.7517047,0.338526
2343683125.48269,0.544841
2343683126.219113,0.692745
2343683132.725659,0.7031160000000001
2343683133.1479497,0.37914699999999996
2343683133.9136844,0.718073
2343683134.448484,0.47941100000000003
2343683138.6312017,0.811683
2343683139.249289,0.5724400000000001
2343683139.633638,0.34382199999999996
2343683140.115148,0.44591
2343683153.974376,0.46083
2343683154.4823017,0.45415
2343683155.588461,1.053729
2343683156.124135,0.490947
2343683159.83378,0.5930920000000001
2343683160.5320706,0.647553
2343683163.81864,0.44626699999999997
2343683169.964302,0.841025
2343683175.890076,0.499195
2343683176.3879757,0.46233199999999997
2343683176.767964,0.320469
2343683177.1381373,0.335932
2343683177.6534877,0.479941
2343683185.7296968,0.717978
2343683186.383186,0.6103280000000001
2343683190.345997,0.6767340000000001
2343683191.057599,0.6663319999999999
2343683191.828723,0.722332
2343683192.336278,0.46147499999999997
2343683198.170459,0.440366
2343683200.680646,0.571945
2343683201.283406,0.555214
2343683204.911929,0.36691700000000005
2343683205.438015,0.473857
2343683206.018601,0.5344829999999999
2343683209.72868,0.665307
2343683213.520981,0.5723440000000001
2343683218.499668,0.539513
2343683218.985837,0.432271
2343683224.9940968,0.335826
2343683225.808475,0.758023
2343683230.880122,0.49098100000000006
2343683231.487802,0.5661470000000001
2343683237.711976,0.7633730000000001
2343683249.622673,0.49885
2343683263.086351,0.649554
2343683275.262726,0.963381
2343683281.1999803,0.638865
2343683284.769011,0.884702
2343683285.4613123,0.632542
2343683298.850121,0.586627
2343683308.626822,0.827455
2343683312.4412184,0.601853
2343683313.235324,0.747718
2343683316.202086,0.46265199999999995
2343683317.028466,0.7779590000000001
2343683317.836203,0.754448
2343683318.248623,0.369551
2343683318.7949567,0.5003
2343683319.545999,0.703534
2343683320.2460303,0.654585
2343683323.295831,0.404944
2343683323.980266,0.629387
2343683327.468593,0.7039219999999999
2343683327.92929,0.42649000000000004
2343683334.13014,0.662497
2343683338.1123657,0.725681
2343683338.9504466,0.8045049999999999
2343683345.382074,0.882042
2343683346.003816,0.578973
2343683349.93866,0.500684
2343683356.467639,0.793028
2343683357.19369,0.672006
2343683360.2832203,0.732275
2343683368.818557,0.49479799999999996
2343683374.964239,0.662541
2343683378.005837,0.582887
2343683381.151184,0.914608
2343683383.893728,0.443397
2343683389.66849,0.370934
2343683393.6441307,0.7457670000000001
2343683394.4054947,0.713995
2343683394.939671,0.48895299999999997
2343683395.4592266,0.46523000000000003
2343683396.187284,0.6820799999999999
2343683396.925054,0.6758299999999999
2343683401.069088,0.7345299999999999
2343683401.745112,0.6293540000000001
2343683418.967389,0.53112
2343683419.3866343,0.39002600000000004
2343683421.94677,0.48905200000000004
2343683426.155624,0.6668219999999999
2343683426.8241425,0.6128140000000001
2343683429.759205,0.672457
2343683430.539201,0.733364
2343683439.709741,0.633633
2343683447.999474,0.463765
2343683448.773498,0.697982
2343683449.2575297,0.423988
2343683450.063949,0.751552
2343683450.627643,0.506127
2343683451.069095,0.390554
2343683451.515536,0.39646400000000004
2343683452.198559,0.633236
2343683456.185328,0.5656110000000001
2343683460.5579276,0.587983
2343683473.072313,0.637559
2343683476.691946,0.509053
2343683479.5700393,0.48870800000000003
2343683480.178938,0.5580029999999999
2343683483.669936,0.7225159999999999
2343683484.2496467,0.538643
2343683490.5504537,0.687124
2343683491.07063,0.47225799999999996
2343683491.586907,0.477036
2343683498.702182,0.812225
2343683502.048831,0.574038
2343683505.0398407,0.344363
2343683509.904407,0.32647600000000004
2343683516.8202267,0.619961
2343683517.2246523,0.35767600000000005
2343683520.486854,0.417881
2343683523.314158,0.381585
2343683537.0145693,0.514229
2343683540.161998,0.580626
2343683543.87478,0.7597809999999999
2343683544.330006,0.379575
2343683544.8830447,0.49326000000000003
2343683550.5782266,0.368193
2343683555.241176,0.519501
2343683555.625526,0.348402
2343683555.9538093,0.29081
2343683559.945665,0.604654
2343683560.3291106,0.345024
2343683560.7106,0.339657
2343683563.8579173,0.522948
2343683564.2246118,0.32787499999999997
2343683564.677568,0.41180500000000003
2343683577.6588173,0.542457
2343683578.1860023,0.47936799999999996
2343683582.804342,0.560509
2343683596.143859,0.373999
2343683598.7777247,0.526092
2343683599.5595913,0.7203269999999999
2343683600.268692,0.6539029999999999
2343683600.836872,0.509046
2343683604.6859922,0.73661
2343683605.311784,0.5600759999999999
2343683608.119003,0.549809
2343683608.638761,0.46831900000000004
2343683609.1395526,0.464893
2343683609.695917,0.519696
2343683610.136572,0.39321100000000003
2343683610.801013,0.627753
2343683614.56871,0.576975
2343683615.242881,0.637365
2343683615.790938,0.512722
2343683627.717098,0.619665
2343683628.457806,0.6848110000000001
2343683632.35729,0.468628
2343683636.259934,0.5069640000000001
2343683636.857169,0.5385099999999999
2343683640.3526163,0.5929559999999999
2343683646.935835,0.42931
2343683647.5428677,0.565916
2343683647.955414,0.368138
2343683652.962528,0.5016149999999999
2343683656.065961,0.718895
2343683656.487688,0.37884300000000004
2343683662.6378,0.434844
2343683666.190811,0.6508179999999999
2343683673.252286,0.651183
2343683677.2498574,0.8626830000000001
2343683677.64365,0.35661299999999996
2343683680.744569,0.5284270000000001
2343683681.24636,0.463891
2343683684.864013,0.573552
2343683685.416283,0.51176
2343683685.846089,0.391976
2343683686.520338,0.638877
2343683697.3633127,0.442206
2343683697.9309287,0.522853
2343683698.259051,0.290151
2343683700.843175,0.28982800000000003
2343683701.214383,0.33457400000000004
2343683704.643521,0.5355810000000001
2343683708.7922616,0.5199010000000001
2343683712.4919996,0.6252420000000001
2343683713.120134,0.5739299999999999
2343683713.79987,0.636717
2343683714.3304,0.486642
2343683714.915811,0.539355
2343683715.903128,0.941735
2343683716.570577,0.6205400000000001
2343683717.209403,0.574826
2343683718.191164,0.936084
2343683721.6051,0.382064
2343683731.392542,0.9858720000000001
2343683731.809278,0.380789
2343683732.224285,0.38141400000000003
2343683746.445283,0.606889
2343683747.0311856,0.5392389999999999
2343683753.788179,0.755632
2343683754.4081917,0.570457
2343683757.881642,0.641351
2343683758.543729,0.611301
2343683759.338188,0.742911
2343683768.590791,0.601542
2343683768.894101,0.263276
2343683769.488275,0.48241700000000004
2343683773.002332,0.506104
2343683775.772861,0.537521
2343683776.6145988,0.799616
2343683777.052537,0.39436499999999997
2343683777.538589,0.44614
2343683781.182567,1.085309
2343683791.15911,0.6663669999999999
2343683791.957496,0.751823
2343683794.99294,0.561493
2343683796.99716,0.478937
2343683805.4856386,0.429439
2343683805.9843307,0.459411
2343683806.426722,0.405562
2343683807.059389,0.58911
2343683809.998388,0.431629
2343683812.83799,0.5663130000000001
2343683816.169012,0.5589390000000001
2343683819.9877152,0.7737459999999999
2343683820.496187,0.45557200000000003
2343683821.0265956,0.481648
2343683821.38018,0.317199
2343683821.7417274,0.322554
2343683822.480624,0.701044
2343683823.0727363,0.554702
2343683823.680513,0.5690890000000001
2343683835.746443,0.64181
2343683836.338109,0.550813
2343683840.3564057,0.7462070000000001
2343683841.019722,0.617108
2343683865.411831,0.475441
2343683865.860962,0.40074499999999996
2343683871.331544,0.5152559999999999
2343683872.0923133,0.70089
2343683879.9598927,0.331422
2343683880.731857,0.7070200000000001
2343683882.9242992,0.331941
2343683883.642452,0.67803
2343683884.321785,0.642417
2343683895.755212,0.364199
2343683896.3321166,0.5299579999999999
2343683898.6527047,0.27897
2343683899.068985,0.37622300000000003
2343683905.2816663,0.797249
2343683905.967745,0.638841
2343683906.477834,0.461683
2343683907.2074018,0.6685260000000001
2343683907.922805,0.663514
2343683908.486856,0.51494
2343683908.869784,0.33429899999999996
2343683914.8296003,0.356018
2343683915.33798,0.471567
2343683916.213182,0.8368950000000001
2343683920.33398,0.857914
2343683923.190155,0.693136
2343683923.9685593,0.717086
2343683928.1776433,0.877841
2343683928.820103,0.578568
2343683929.536938,0.684646
2343683937.500882,0.559349
2343683938.085398,0.550776
2343683941.1857657,0.47745699999999996
2343683946.891495,0.550821
2343683952.2556,0.536453
2343683972.46209,0.358587
2343683973.269375,0.750285
2343683982.037569,0.659327
2343683987.64284,0.504715
2343683987.9473534,0.256457
2343683988.5537577,0.565644
2343683989.074762,0.475527
2343683989.776791,0.655683
2343683990.4355106,0.611872
2343683994.246658,0.780744
2343683997.573611,0.6436299999999999
2343684003.28895,0.664519
2343684003.9605193,0.6251639999999999
2343684004.4557133,0.44005500000000003
2343684017.365832,0.7315670000000001
2343684023.7879043,0.35950499999999996
2343684024.410148,0.578845
2343684028.056443,0.7072409999999999
2343684033.7677474,0.525157
2343684034.313361,0.5000290000000001
2343684034.671329,0.307597
2343684035.4270434,0.709848
2343684035.791004,0.32146600000000003
2343684041.445286,0.7981480000000001
2343684042.2665,0.756899
2343684043.0393662,0.7100350000000001
2343684043.9597306,0.854001
2343684044.779642,0.7235860000000001
2343684045.335191,0.492623
2343684046.121223,0.711774
2343684052.216622,0.323441
2343684052.815797,0.565698
2343684053.170064,0.324223
2343684059.06682,0.275031
2343684059.3787136,0.282629
2343684060.018764,0.61114
2343684060.389155,0.330675
2343684063.484857,0.66493
2343684066.848145,0.460223
2343684075.5622272,0.537472
2343684075.897695,0.283785
2343684078.5846868,0.42469399999999996
2343684081.950311,0.5177689999999999
2343684085.2917924,0.5974520000000001
2343684086.401093,1.057072
2343684087.165955,0.712821
2343684087.987578,0.769554
2343684091.572977,0.9228230000000001
2343684098.842525,0.494718
2343684101.3982563,0.467482
2343684101.9645677,0.532258
2343684108.926192,0.6449290000000001
2343684117.4368753,0.394738
2343684126.9622283,0.478739
2343684127.4208126,0.408324
2343684128.084445,0.614429
2343684132.919819,0.684445
2343684133.6742144,0.70948
2343684134.0251718,0.307526
2343684134.529521,0.463039
2343684142.809937,0.467572
2343684143.65874,0.809606
2343684152.7699757,0.48245200000000005
2343684156.742556,0.437025
2343684160.1306043,0.474808
2343684171.153688,0.687763
2343684174.3720527,0.709955
2343684180.4688263,0.6698459999999999
2343684183.138658,0.322772
2343684183.672635,0.49272
2343684190.245264,0.679651
2343684190.743645,0.456814
2343684193.818778,0.7805289999999999
2343684194.3719506,0.5075029999999999
2343684210.068532,0.6915870000000001
2343684214.393611,0.715788
2343684214.923516,0.483989
2343684215.522268,0.552751
2343684229.581906,0.49832200000000004
2343684233.3781962,0.750954
2343684241.973909,0.6599579999999999
2343684252.256248,0.727551
2343684252.958364,0.636086
2343684265.599267,0.804521
2343684268.9251857,0.546381
2343684269.453708,0.484008
2343684271.532763,0.6767299999999999
2343684285.298841,0.38813600000000004
2343684291.909858,0.605305
2343684292.784867,0.8137409999999999
2343684293.5407476,0.692519
2343684297.653352,0.792286
2343684301.749422,0.702302
2343684302.625209,0.814991
2343684305.362544,0.457048
2343684316.746097,0.6509900000000001
2343684323.2715573,0.802809
2343684326.639508,0.708378
2343684334.2881823,0.641711
2343684334.7692227,0.441068
2343684337.816201,0.283719
2343684340.9902344,0.8137930000000001
2343684341.741561,0.6978340000000001
2343684342.361586,0.5702809999999999
2343684345.935193,0.6758829999999999
2343684360.6834273,0.475287
2343684361.283179,0.546596
2343684361.700753,0.367773
2343684375.392404,0.5863240000000001
2343684376.033084,0.598419
2343684382.536031,0.616019
2343684396.677464,0.403328
2343684397.223125,0.498871
2343684406.166309,0.488402
2343684406.901398,0.6757420000000001
2343684407.5208416,0.569435
2343684408.111763,0.539056
2343684413.634535,0.682105
2343684414.147375,0.47028000000000003
2343684431.9170194,0.616067
2343684432.471287,0.5000249999999999
2343684433.195912,0.672956
2343684433.894355,0.6446740000000001
2343684436.6303387,0.478816
2343684437.170406,0.490274
2343684437.786686,0.566372
2343684440.877336,0.535993
2343684452.265184,0.42120599999999997
2343684455.186745,0.423559
2343684455.90718,0.6649499999999999
2343684459.81511,0.350854
2343684460.7488637,0.886477
2343684468.048853,0.37683500000000003
2343684471.2436137,0.885989
2343684474.358507,0.7904680000000001
2343684490.023376,0.392687
2343684490.784955,0.705284
2343684491.395678,0.555803
2343684491.906088,0.458163
2343684495.79068,0.552985
2343684498.0279093,0.613217
2343684498.477379,0.414837
2343684509.282732,0.251859
2343684509.675134,0.35941
2343684510.3024282,0.591291
2343684510.686132,0.34878
2343684520.956577,0.523756
2343684521.720705,0.722136
2343684526.8852763,0.45118699999999995
2343684527.5494323,0.594638
2343684530.5935097,0.32634
2343684533.500828,0.577148
2343684534.129897,0.580918
2343684534.8110538,0.637081
2343684535.419559,0.5599080000000001
2343684544.802798,0.741568
2343684548.2407746,0.591674
2343684548.761012,0.457706
2343684549.7288733,0.903771
2343684550.353864,0.5648139999999999
2343684550.8610907,0.467905
2343684551.5029073,0.6000960000000001
2343684560.343448,0.5427350000000001
2343684560.944766,0.560758
2343684561.64446,0.656815
2343684564.1632037,0.762417
2343684564.7389784,0.530958
2343684588.931714,0.42935
2343684592.124953,0.7512369999999999
2343684592.706544,0.5248069999999999
2343684600.836714,0.678353
2343684601.4573064,0.557931
2343684601.896169,0.403042
2343684602.4484735,0.50408
2343684602.933188,0.449355
2343684605.564184,0.27367800000000003
2343684606.085905,0.48502799999999996
2343684606.729868,0.60812
2343684613.602113,0.510609
2343684616.172935,0.383969
2343684616.495468,0.282462
2343684620.352401,0.469484
2343684621.261813,0.857143
2343684621.922143,0.619854
2343684622.360743,0.398079
2343684625.032581,0.601349
2343684625.460067,0.38765700000000003
2343684630.477848,0.49826299999999996
2343684647.867258,0.664329
2343684648.359452,0.447156
2343684648.681891,0.276758
2343684664.4207883,0.627138
2343684665.0693274,0.595031
2343684670.1255302,0.44593900000000003
2343684670.6719127,0.48348199999999997
2343684673.366272,0.593769
2343684673.973537,0.549262
2343684674.497588,0.48958300000000005
2343684678.210834,0.56092
2343684687.099931,0.388927
2343684687.745237,0.602737
2343684690.320732,0.466336
2343684690.9268184,0.56554
2343684691.546219,0.5664399999999999
2343684692.1500263,0.563368
2343684692.648584,0.444438
2343684695.190304,0.49282299999999996
2343684698.8637967,0.681557
2343684701.9798307,0.5149039999999999
2343684712.086329,0.6948380000000001
2343684715.292685,0.622501
2343684722.489372,0.359578
2343684723.396369,0.856235
2343684724.1533093,0.7047340000000001
2343684727.8143854,0.79462
2343684734.3213053,0.5420750000000001
2343684736.91463,0.389402
2343684737.3065233,0.354837
2343684737.594965,0.25274199999999997
2343684738.351601,0.7045140000000001
2343684738.772186,0.38217999999999996
2343684739.36795,0.557895
2343684742.465488,0.852381
2343684743.252865,0.748875
2343684743.671696,0.381943
2343684744.065201,0.358195
2343684744.420491,0.315708
2343684745.0083594,0.548683
2343684745.3917522,0.346493
2343684750.4389586,0.5066959999999999
2343684750.831286,0.353566
2343684751.322155,0.455175
2343684754.325072,0.375166
2343684768.37021,0.592457
2343684770.653528,0.319345
2343684778.9227476,0.342183
2343684783.233346,0.550949
2343684783.6695943,0.389329
2343684784.355556,0.6402880000000001
2343684784.71955,0.318633
2343684785.3346567,0.563604
2343684788.544545,0.8177
2343684791.824802,0.625543
2343684794.611125,0.39493599999999995
2343684795.4023943,0.729234
2343684796.08918,0.614051
2343684796.6282263,0.46344
2343684797.3119187,0.622135
2343684798.186442,0.81326
2343684798.630213,0.382895
2343684799.168714,0.50387
2343684806.514616,0.605824
2343684807.003598,0.457424
2343684816.540728,0.375592
2343684817.1398134,0.557422
2343684817.684085,0.5027280000000001
2343684820.931789,0.5671390000000001
2343684821.730758,0.757547
2343684824.17073,0.48460400000000003
2343684827.1030073,0.493493
2343684827.5643053,0.413627
2343684830.878111,0.5452049999999999
2343684831.5339227,0.610769
2343684836.0257907,0.532952
2343684839.995491,0.648411
2343684840.714958,0.649617
2343684844.148148,0.476781
2343684845.129325,0.9287949999999999
2343684854.7476277,0.79586
2343684857.701493,0.540558
2343684858.116901,0.369051
2343684862.188194,0.453153
2343684862.682762,0.45508499999999996
2343684866.1781173,0.382471
2343684866.492151,0.275766
2343684874.263942,0.594663
2343684875.271224,0.964457
2343684879.0132537,0.74993
2343684882.570089,0.818121
2343684886.354826,0.587979
2343684890.0390763,1.0224579999999999
2343684893.622358,0.6463340000000001
2343684896.3970118,0.521341
2343684897.089456,0.649611
2343684897.635759,0.5025080000000001
2343684898.269352,0.591698
2343684898.936504,0.62368
2343684901.9139357,0.5344049999999999
2343684912.174503,0.459591
2343684912.6057253,0.38144900000000004
2343684922.430988,0.479444
2343684932.758105,0.668446
2343684940.573012,0.342221
2343684941.046825,0.42245699999999997
2343684952.9215426,0.7512340000000001
2343684959.270626,0.9769430000000001
2343684959.981503,0.6611880000000001
2343684964.5221114,0.369939
2343684965.094587,0.527255
2343684973.9638467,0.5901069999999999
2343684978.504873,0.47200699999999995
2343684985.822784,0.739113
2343684986.3791966,0.480039
2343684987.099131,0.664072
2343684990.09889,0.528519
2343684990.733144,0.580937
2343684993.641369,0.545644
2343684994.466748,0.7682500000000001
2343684995.281503,0.758624
2343684995.722414,0.390049
2343684996.358599,0.581192
2343684999.8681917,0.9708330000000001
2343685002.888103,0.429046
2343685008.950069,0.590021
2343685011.7432976,0.408439
2343685022.914307,0.610022
2343685025.223454,0.73778
2343685030.231177,0.639792
2343685030.997064,0.716954
2343685031.6385922,0.5857180000000001
2343685037.33815,0.51262
2343685040.018509,0.47010599999999997
2343685040.595456,0.536676
2343685043.821429,0.744745
2343685047.354738,0.699119
2343685048.166825,0.745919
2343685051.618987,0.40142
2343685051.961747,0.310003
2343685054.27329,0.45724699999999996
2343685057.913577,0.276225
2343685064.370707,0.340636
2343685064.8433,0.439598
2343685073.596601,0.712059
2343685073.914271,0.276146
2343685077.219791,0.441609
2343685097.1320987,0.7553599999999999
2343685100.879796,0.7487010000000001
2343685104.3806458,0.7364440000000001
2343685105.148708,0.6899160000000001
2343685105.966586,0.757008
2343685109.5809593,0.5639770000000001
2343685110.012831,0.397484
2343685110.506704,0.460719
2343685111.0518117,0.5105799999999999
2343685117.540338,0.6911830000000001
2343685118.091327,0.507683
2343685124.199172,0.7154830000000001
2343685128.1160603,0.722533
2343685128.524184,0.367977
2343685134.763417,0.39905
2343685135.429242,0.6235299999999999
2343685136.075228,0.594827
2343685136.873047,0.751547
2343685137.455699,0.538392
2343685138.051467,0.551224
2343685141.229132,0.516998
2343685141.6745696,0.401937
2343685142.2747717,0.5555319999999999
2343685142.978645,0.6605759999999999
2343685151.733038,0.409898
2343685154.548638,0.493658
2343685157.0447373,0.479755
2343685160.801712,0.438392
2343685161.35355,0.515914
2343685161.9188232,0.5222300000000001
2343685162.44109,0.464182
2343685164.941016,0.591453
2343685172.6293697,0.73402
2343685174.695319,0.458734
2343685175.078379,0.347621
2343685178.468645,0.52582
2343685181.990718,0.608375
2343685182.329582,0.303134
2343685194.248217,0.255631
2343685194.815317,0.528312
2343685200.875678,0.684632
2343685201.67292,0.7379389999999999
2343685211.197554,0.51595
2343685217.844359,0.5697150000000001
2343685218.189227,0.307193
2343685222.025104,0.609615
2343685222.670104,0.599287
2343685223.147593,0.433469
2343685223.646676,0.45202000000000003
2343685224.1606183,0.468068
2343685224.506917,0.301909
2343685230.5496383,0.448754
2343685231.010044,0.415236
2343685231.522995,0.469001
2343685244.607514,0.479697
2343685245.536213,0.8789549999999999
2343685246.064484,0.473559
2343685262.62954,0.60503
2343685262.97746,0.31082899999999997
2343685281.832999,0.565746
2343685282.627635,0.746139
2343685283.4716377,0.793678
2343685284.200047,0.67804
2343685284.847197,0.585996
2343685297.147228,0.40756499999999996
2343685297.818908,0.610297
2343685298.355434,0.48817
2343685304.5149503,0.648643
2343685312.467695,0.302134
2343685312.8226023,0.318815
2343685323.0566487,0.7053740000000001
2343685327.871768,0.599565
2343685328.241924,0.323324
2343685333.23048,1.1674879999999999
2343685337.269133,0.812275
2343685337.9357986,0.610824
2343685344.908927,0.625385
2343685345.687188,0.721553
2343685346.372179,0.6335470000000001
2343685346.927599,0.501566
2343685347.6454263,0.658184
2343685355.287585,0.717448
2343685365.774193,0.53938
2343685366.105054,0.28969
2343685366.6277943,0.48621200000000003
2343685367.108568,0.439535
2343685367.6529827,0.5012880000000001
2343685370.6952963,0.48588899999999996
2343685371.53816,0.79941
2343685377.477436,0.37563100000000005
2343685378.1914616,0.676429
2343685378.6390653,0.411158
2343685378.988141,0.31084199999999995
2343685379.543891,0.518292
2343685382.612109,0.7892589999999999
2343685386.156847,0.6024160000000001
2343685386.6931243,0.49749699999999997
2343685387.175746,0.444636
2343685387.7127,0.500015
2343685388.3157077,0.563313
2343685391.7094913,0.532328
2343685392.272032,0.519408
2343685395.6070538,0.488666
2343685399.1432023,0.4431
2343685399.780672,0.5981110000000001
2343685400.195567,0.379151
2343685405.663251,0.39509799999999995
2343685410.985053,0.409163
2343685411.607833,0.5817380000000001
2343685412.0804977,0.42208
2343685412.649744,0.527993
2343685431.9682794,0.627327
2343685441.4041777,0.522523
2343685444.253107,0.444726
2343685447.954397,0.712952
2343685448.739757,0.702452
2343685449.349844,0.549064
2343685449.930109,0.5133759999999999
2343685452.786703,0.469316
2343685461.396893,0.616467
2343685462.190308,0.740878
2343685462.871992,0.624826
2343685483.663536,0.483411
2343685484.179775,0.46744199999999997
2343685484.701226,0.468211
2343685490.89004,0.692318
2343685491.4544787,0.5135689999999999
2343685492.1228447,0.6177790000000001
2343685492.705322,0.530793
2343685495.439859,0.455698
2343685496.096879,0.597661
2343685496.599319,0.44016599999999995
2343685497.0934873,0.461583
2343685497.506957,0.380093
2343685498.1046467,0.563509
2343685498.6615286,0.519478
2343685501.886087,0.533559
2343685502.3454504,0.427139
2343685502.888002,0.507727
2343685503.27744,0.356787
2343685503.925398,0.614815
2343685504.287343,0.329508
2343685512.469376,0.330566
2343685512.862069,0.359759
2343685518.790551,0.405327
2343685528.831008,0.69323
2343685529.423946,0.54674
2343685535.766396,0.647377
2343685536.1562867,0.34560199999999996
2343685537.100158,0.894437
2343685540.068846,0.31136199999999997
2343685541.1403127,1.0170299999999999
2343685548.406501,0.621266
2343685548.879686,0.435305
2343685549.1774797,0.264404
2343685553.081984,0.517518
2343685559.592336,0.557449
2343685560.334699,0.694338
2343685560.999776,0.616185
2343685561.6616273,0.614859
2343685562.157277,0.44150500000000004
2343685575.278474,0.7099120000000001
2343685575.911499,0.588836
2343685578.696908,0.6657050000000001
2343685579.2831697,0.543647
2343685579.903483,0.577162
2343685589.044279,0.496543
2343685595.328607,0.544045
2343685610.785056,0.74763
2343685611.5780363,0.736937
2343685612.15816,0.525689
2343685616.468785,0.417184
2343685617.180316,0.651979
2343685623.846987,0.530073
2343685624.403814,0.505501
2343685624.965338,0.5220440000000001
2343685628.391484,0.759117
2343685636.472538,0.30499
2343685640.7249937,0.625718
2343685643.59175,0.494552
2343685646.8081174,0.496644
2343685647.147925,0.300109
2343685647.8282843,0.6384080000000001
2343685648.199699,0.322749
2343685648.764439,0.5197189999999999
2343685669.1357636,0.788177
2343685669.9358883,0.737359
2343685673.1236672,0.647298
2343685679.862513,0.550961
2343685683.441441,0.49443000000000004
2343685684.1917577,0.712804
2343685684.820082,0.576246
2343685692.868712,0.770163
2343685693.6264663,0.6933549999999999
2343685694.151217,0.475051
2343685694.944341,0.728162
2343685695.376586,0.398476
2343685696.0772586,0.665596
2343685698.579803,0.641981
2343685710.8026214,0.679934
2343685711.574522,0.728345
2343685712.267978,0.651335
2343685715.3177648,0.539471
2343685721.018105,0.478377
2343685724.456978,0.412589
2343685728.4286504,0.7928040000000001
2343685729.084101,0.5970040000000001
2343685735.258788,0.530833
2343685735.623357,0.32309
2343685737.515006,0.609801
2343685738.1661267,0.601071
2343685740.908028,0.5817300000000001
2343685746.682514,0.567119
2343685747.360907,0.6369589999999999
2343685762.197698,0.601241
2343685770.527213,0.514807
2343685771.081698,0.504633
2343685776.919178,0.510764
2343685777.5802093,0.6058800000000001
2343685780.73078,0.49821499999999996
2343685781.1868567,0.408479
2343685781.77254,0.531691
2343685793.702042,0.6823750000000001
2343685797.3772383,0.6345949999999999
2343685798.011574,0.5892430000000001
2343685800.891498,0.527196
2343685807.238861,0.647753
2343685819.165073,0.5516909999999999
2343685829.647225,0.661747
2343685838.0831122,0.647937
2343685838.7542076,0.619416
2343685843.109274,1.058129
2343685848.2347183,0.454999
2343685848.693544,0.394363
2343685852.0679417,0.76134
2343685852.757567,0.645994
2343685853.222611,0.423063
2343685856.796422,0.877232
2343685857.518684,0.677773
2343685858.291719,0.731705
2343685867.9929547,0.799372
2343685868.651526,0.594441
2343685869.311378,0.610506
2343685870.246694,0.8883730000000001
2343685874.454801,0.767805
2343685875.347828,0.837555
2343685886.009355,0.65624
2343685886.527217,0.482664
2343685889.93352,0.31406700000000004
2343685896.405275,0.606923
2343685914.32512,0.6397430000000001
2343685914.946933,0.5714239999999999
2343685920.839698,0.8174750000000001
2343685923.66985,0.527709
2343685924.2896147,0.575712
2343685924.956245,0.621134
2343685928.838799,0.664489
2343685929.257699,0.37761
2343685929.594564,0.296658
2343685930.2903547,0.649487
2343685931.04208,0.7019259999999999
2343685937.143696,0.435368
2343685937.7991066,0.625699
2343685946.6005044,0.547221
2343685946.8451424,0.21568299999999999
2343685949.361237,0.5497609999999999
2343685950.014395,0.608802
2343685953.102552,0.630857
2343685953.7671537,0.6212080000000001
2343685962.3636737,0.353489
2343685962.714933,0.31333300000000003
2343685963.236163,0.482376
2343685980.574286,0.54336
2343685981.202857,0.579737
2343685981.9051914,0.656937
2343685984.926319,0.521883
2343685985.394212,0.425258
2343686001.752686,0.683232
2343686002.352006,0.54214
2343686002.918739,0.518725
2343686010.947638,0.563994
2343686014.222096,0.670763
2343686020.219063,0.601184
2343686020.784213,0.514015
2343686025.7370777,0.6650579999999999
2343686026.1229177,0.340991
2343686026.860055,0.685251
2343686041.145518,0.775855
2343686044.592282,0.672972
2343686047.3196487,0.41373099999999996
2343686050.665436,0.774235
2343686051.122249,0.410532
2343686055.2791886,0.734787
2343686055.921861,0.599761
2343686064.31246,0.646219
2343686076.456137,0.6521129999999999
2343686078.2894406,0.578801
2343686078.867276,0.520598
2343686083.751767,0.604918
2343686102.497104,0.432215
2343686108.747588,0.70686
2343686109.374112,0.572005
2343686113.113223,0.836293
2343686116.7869477,0.5821529999999999
2343686117.326458,0.481109
2343686118.055914,0.675975
2343686127.730093,0.343718
2343686130.780653,0.61388
2343686131.280705,0.453945
2343686131.7783012,0.452024
2343686132.284268,0.455158
2343686132.9180107,0.584037
2343686133.396009,0.434423
2343686133.94842,0.49911900000000003
2343686134.74848,0.7443420000000001
2343686135.358546,0.5575899999999999
2343686144.279526,0.431161
2343686144.5804534,0.267804
2343686150.168491,0.332415
2343686150.578841,0.37727700000000003
2343686161.446441,0.298116
2343686162.092528,0.600422
2343686163.0425377,0.892571
2343686163.7382426,0.647659
2343686164.439915,0.653975
2343686165.107062,0.610351
2343686165.6645107,0.513069
2343686176.371895,0.307232
2343686176.799016,0.396033
2343686177.1665063,0.335767
2343686177.659714,0.46119299999999996
2343686178.194909,0.4958850000000001
2343686178.530311,0.30448600000000003
2343686178.975903,0.414794
2343686181.40268,0.32644
2343686186.703234,0.553006
2343686187.133161,0.39129699999999995
2343686205.378454,0.313923
2343686209.061142,0.781304
2343686215.287501,0.644726
2343686216.2023487,0.86067
2343686217.022432,0.7596620000000001
2343686219.959874,0.674061
2343686220.357475,0.360991
2343686220.9027357,0.505914
2343686221.369356,0.422978
2343686221.856914,0.449678
2343686227.691308,0.448014
2343686228.315112,0.585261
2343686228.8957767,0.541888
2343686231.360942,0.522365
2343686234.566627,0.46733199999999997
2343686244.7916627,0.539826
2343686247.892191,0.721664
2343686248.4528737,0.522999
2343686249.031009,0.520173
2343686254.2456474,0.48298599999999997
2343686254.813715,0.5212829999999999
2343686260.425387,0.5905199999999999
2343686261.101859,0.6327079999999999
2343686261.879428,0.737997
2343686276.428555,0.48430100000000004
2343686276.7752233,0.300949
2343686277.198483,0.37869800000000003
2343686286.325334,0.682269
2343686289.518352,0.57893
2343686289.964231,0.401244
2343686296.5576544,0.443245
2343686299.486825,0.527532
2343686302.1583633,0.25508200000000003
2343686305.408537,0.56429
2343686305.836667,0.38994399999999996
2343686309.603445,0.771132
2343686310.1933,0.5450229999999999
2343686316.1397643,0.5801820000000001
2343686316.6610518,0.48149899999999995
2343686317.409997,0.712495
2343686329.129832,0.49213
2343686331.870895,0.573877
2343686332.624043,0.707492
2343686336.959927,0.789723
2343686337.559116,0.553577
2343686346.48415,0.5563830000000001
2343686346.9574018,0.425766
2343686350.58101,0.7397130000000001
2343686360.6327558,0.331456
2343686363.4268103,0.525869
2343686367.971568,0.396612
2343686368.673607,0.641706
2343686369.372278,0.65376
2343686369.838456,0.42324300000000004
2343686375.965362,0.647817
2343686384.442647,0.82208
2343686391.5090833,0.728282
2343686395.320352,0.58131
2343686395.865398,0.499421
2343686398.189011,0.462288
2343686398.591911,0.341412
2343686399.030761,0.39833799999999997
2343686402.927797,0.555934
2343686403.544304,0.568049
2343686411.29979,0.571028
2343686417.159418,0.832295
2343686420.531005,0.649879
2343686421.246052,0.633572
2343686421.679687,0.36706
2343686422.459504,0.7184039999999999
2343686428.024589,0.378274
2343686428.4893303,0.429753
2343686435.422448,0.537536
2343686442.1688037,0.472204
2343686446.9425163,1.0370570000000001
2343686463.6934557,0.702914
2343686467.3902683,0.429823
2343686471.3879642,0.63783
2343686474.760152,0.479501
2343686475.304917,0.506341
2343686478.420174,0.635879
2343686479.19625,0.7351350000000001
2343686485.936862,0.5236200000000001
2343686486.252606,0.27822399999999997
2343686486.964505,0.648081
2343686494.007073,0.6099150000000001
2343686494.6000023,0.54685
2343686495.202947,0.556387
2343686498.822017,0.48102
2343686499.570432,0.702893
2343686507.577755,0.566296
2343686512.5594783,0.681194
2343686523.660102,0.857811
2343686528.760772,0.321071
2343686536.726823,0.674086
2343686537.119675,0.34482700000000005
2343686537.741424,0.569968
2343686538.1210957,0.33354100000000003
2343686538.6172247,0.447899
2343686539.293304,0.624131
2343686540.03632,0.683059
2343686543.861023,0.831373
2343686550.088657,0.498044
2343686550.3999357,0.281582
2343686553.621219,0.7276309999999999
2343686554.0622187,0.410266
2343686554.357008,0.26626900000000003
2343686554.6560206,0.262085
2343686555.131442,0.445521
2343686555.781588,0.615404
2343686556.2180953,0.40796099999999996
2343686567.7009788,0.47267400000000004
2343686568.0500617,0.311646
2343686573.614977,0.662024
2343686574.194059,0.529522
2343686574.8466997,0.6004149999999999
2343686575.560202,0.662604
2343686576.282413,0.6728879999999999
2343686576.8083034,0.46439
2343686579.420089,0.439797
2343686580.2120266,0.740581
2343686580.759298,0.494179
2343686591.3242393,0.588601
2343686594.017015,0.431861
2343686594.452287,0.401947
2343686601.6258707,0.7243869999999999
2343686604.551515,0.423985
2343686606.9996233,0.435341
2343686609.641085,0.520232
2343686612.505835,0.738576
2343686616.708534,0.406024
2343686617.2142177,0.467269
2343686620.265593,0.609052
2343686627.015665,0.75093
2343686627.612777,0.546551
2343686638.4402437,0.744811
2343686641.233407,0.644566
2343686641.8834248,0.600784
2343686656.6936316,0.5696810000000001
2343686657.1401687,0.40590899999999996
2343686657.637059,0.45389399999999996
2343686658.023479,0.339864
2343686664.518427,0.7493620000000001
2343686671.3748,0.8164319999999999
2343686671.87567,0.46120500000000003
2343686675.568325,0.40167600000000003
2343686676.1388874,0.522092
2343686679.63905,0.7296009999999999
2343686683.6032133,0.622808
2343686686.3294272,0.485913
2343686696.550489,0.803439
2343686697.137608,0.538525
2343686706.602005,0.516724
2343686715.168714,0.798285
2343686721.0385528,0.880307
2343686721.939673,0.845735
2343686734.355014,0.45807299999999995
2343686737.359089,0.338308
2343686752.035194,0.46348
2343686752.814382,0.7093130000000001
2343686753.3855934,0.499689
2343686755.7055907,0.5898950000000001
2343686756.220699,0.455137
2343686758.831217,0.7503380000000001
2343686759.3035383,0.435743
2343686762.917057,0.711034
2343686763.529189,0.570513
2343686763.9813547,0.416839
2343686767.872495,0.464796
2343686768.2615867,0.34188399999999997
2343686770.965621,0.44297
2343686771.452548,0.451289
2343686780.215627,0.46885
2343686783.3479357,0.49481700000000006
2343686783.912588,0.5246390000000001
2343686784.667325,0.7143670000000001
2343686785.377787,0.65321
2343686794.333859,0.41006000000000004
2343686794.76054,0.364747
2343686797.7899203,0.545991
2343686801.2410884,0.522691
2343686801.78065,0.49764600000000003
2343686802.2547054,0.43224399999999996
2343686802.5549808,0.261455
2343686803.189478,0.592794
2343686803.758792,0.524539
2343686809.198689,0.502962
2343686812.2632027,0.577117
2343686812.8267307,0.526254
2343686813.225227,0.363209
2343686813.938209,0.675965
2343686825.2176557,0.533052
2343686825.742609,0.480232
2343686834.7291927,0.585303
2343686837.718376,0.621131
2343686838.48127,0.707149
2343686842.0388217,0.759652
2343686844.9929624,0.65657
2343686845.742619,0.7056140000000001
2343686846.134466,0.3503
2343686846.7706347,0.592341
2343686847.131981,0.322167
2343686848.025102,0.850257
2343686852.601418,0.5811339999999999
2343686860.4217243,0.482597
2343686860.949219,0.49366899999999997
2343686864.490218,0.415468
2343686864.9974217,0.473117
2343686865.511839,0.481726
2343686871.5800977,0.630957
2343686875.035894,0.421256
2343686875.519109,0.443751
2343686876.1193843,0.559995
2343686876.656158,0.494799
2343686877.38163,0.682447
2343686877.9581547,0.528968
2343686878.452581,0.453901
2343686878.9776287,0.485925
2343686882.8566008,0.457233
2343686883.1797113,0.285538
2343686883.653919,0.435894
2343686884.194496,0.49925
2343686884.683025,0.449009
2343686895.6485496,0.782309
2343686895.94584,0.255942
2343686903.357803,0.6487510000000001
2343686903.908996,0.49023000000000005
2343686906.7913427,0.470688
2343686910.689711,0.687029
2343686918.627953,0.50009
2343686919.286017,0.578889
2343686922.372143,0.672237
2343686930.2966495,0.422082
2343686932.924946,0.277579
2343686956.502214,19.170112
2343686960.358686,0.7729969999999999
2343686961.0642896,0.645356
2343686964.571239,0.709229
2343686965.4120936,0.777416
2343686966.14776,0.679712
2343686992.109745,1.359266
2343686993.2305293,1.0415349999999999
2343686993.832652,0.5358
2343686994.7350073,0.848553
2343686998.797754,0.966825
2343687000.059671,1.195378
2343687007.244919,0.890359
2343687010.386448,0.334484
2343687011.091545,0.6454399999999999
2343687011.863878,0.722949
2343687020.3362017,0.403604
2343687023.122272,0.349477
2343687026.3192353,0.668801
2343687032.217164,0.76786
2343687032.91659,0.650064
2343687037.270343,0.571014
2343687040.054936,0.44382900000000003
2343687044.253345,0.5617289999999999
2343687044.956328,0.640884
2343687045.370955,0.358931
2343687052.728029,0.481426
2343687065.2924886,12.505447
2343687065.9016232,0.5363190000000001
2343687072.660717,0.396893
2343687095.3680153,1.948331
2343687096.4671464,1.020599
2343687097.151371,0.6003189999999999
2343687098.274854,1.0455709999999998
2343687107.673827,1.042058
2343687108.3137107,0.5951500000000001
2343687108.931841,0.572116
2343687112.51557,0.665154
2343687113.120551,0.5537299999999999
2343687113.872941,0.702666
2343687117.998142,1.028525
2343687118.714022,0.663779
2343687133.328904,0.419263
2343687136.671347,0.5083540000000001
2343687137.232508,0.516496
2343687144.047669,0.671589
2343687146.48551,0.66686
2343687147.028572,0.495407
2343687161.36592,0.74781
2343687228.116847,1.231494
2343687228.883759,0.7050789999999999
2343687238.034856,1.183176
2343687238.812779,0.7329399999999999
2343687243.3710847,0.951804
2343687246.3750343,0.458889
2343687297.996643,0.8247070000000001
2343687299.1855245,1.1219890000000001
2343687316.7116957,0.807117
2343687320.082363,1.003851
2343687321.070902,0.929037
2343687325.214745,0.599671
2343687325.96799,0.709784
2343687326.285182,0.275848
2343687326.85465,0.5258889999999999
2343687327.255521,0.355775
2343687327.784159,0.487253
2343687336.894355,0.921677
2343687344.708871,0.7313270000000001
2343687345.35774,0.600454
2343687348.875247,0.57571
2343687352.046555,0.6412209999999999
2343687355.16401,0.558619
2343687358.9833074,0.716345
2343687359.610051,0.583289
2343687363.163374,0.513266
2343687363.674646,0.468419
2343687364.250297,0.5334530000000001
2343687364.68501,0.390182
2343687365.2566786,0.5296949999999999
2343687365.761733,0.463994
2343687368.685878,0.310628
2343687374.980129,0.5653900000000001
2343687375.498114,0.481585
2343687382.350848,0.44460099999999997
2343687396.429791,0.6106189999999999
2343687397.185708,0.69826
2343687400.269174,0.63132
2343687400.994857,0.661465
2343687404.49545,0.618843
2343687405.1634207,0.610605
2343687408.416843,0.301804
2343687412.080097,0.655568
2343687412.666554,0.547744
2343687417.507314,0.462503
2343687417.884958,0.336517
2343687418.505625,0.5663670000000001
2343687418.852907,0.307466
2343687425.032314,0.664786
2343687433.93216,0.632017
2343687434.574808,0.591615
2343687434.884259,0.26904
2343687435.490128,0.562929
2343687435.8580217,0.32752699999999996
2343687436.46971,0.569808
2343687436.9874697,0.472952
2343687442.393227,0.286377
2343687445.7857633,0.457051
2343687446.260757,0.43724399999999997
2343687449.3590474,0.468261
2343687450.0533752,0.657795
2343687455.714421,0.7958540000000001
2343687456.103384,0.348951
2343687456.76836,0.6228549999999999
2343687457.657157,0.84956
2343687458.479579,0.757629
2343687459.385256,0.8655349999999999
2343687460.115904,0.688447
2343687460.759962,0.601485
2343687461.26451,0.46418400000000004
2343687461.761807,0.457411
2343687465.4802933,0.35030100000000003
2343687466.099689,0.583823
2343687466.519497,0.380942
2343687467.0795317,0.525091
2343687467.7509837,0.6365109999999999
2343687471.1795387,0.252003
2343687476.651494,0.307672
2343687477.033464,0.34781599999999996
2343687477.698653,0.6297320000000001
2343687478.357802,0.6176849999999999
2343687479.088893,0.691923
2343687482.650211,0.61776
2343687483.181708,0.490262
2343687483.482156,0.262485
2343687484.106244,0.5833659999999999
2343687492.8448853,0.693137
2343687516.06968,20.914906000000002
2343687516.850717,0.7382299999999999
2343687520.704524,0.7880330000000001
2343687521.2561016,0.49665699999999996
2343687521.69897,0.39406199999999997
2343687551.219852,0.7766500000000001
2343687561.3731833,0.777507
2343687568.252419,0.944596
2343687571.0538683,0.505613
2343687571.645058,0.53227
2343687578.101288,0.6333829999999999
2343687581.57054,0.619416
2343687582.099475,0.49319399999999997
2343687596.8624573,0.562363
2343687597.35956,0.44485199999999997
2343687603.210787,0.777997
2343687608.90473,0.700408
2343687609.470946,0.5089060000000001
2343687610.113282,0.587758
2343687616.879284,1.082817
2343687617.366471,0.431674
2343687631.957329,1.469509
2343687635.030089,0.390505
2343687641.033066,0.48386700000000005
2343687642.0812926,0.985982
2343687646.082421,0.747477
2343687647.256574,1.118735
2343687655.1346927,1.195386
2343687663.782899,0.8731369999999999
2343687674.632994,0.823499
2343687675.311111,0.621552
2343687676.301859,0.9369190000000001
2343687677.4611173,1.099069
2343687681.0940228,0.776818
2343687689.336736,0.47211
2343687699.341371,0.7459600000000001
2343687699.878283,0.482155
2343687702.748499,0.489866
2343687705.138191,0.381223
2343687705.7130203,0.5352659999999999
2343687706.197434,0.428842
2343687713.4225802,1.024578
2343687722.2884383,0.565526
2343687726.358799,0.7019759999999999
2343687727.086587,0.650111
2343687732.043297,0.519911
2343687748.443263,0.961075
2343687749.1731787,0.664408
2343687752.880272,0.7298479999999999
2343687753.500032,0.580157
2343687754.2245073,0.6862269999999999
2343687754.880333,0.617321
2343687769.9096494,0.903818
2343687770.375995,0.406074
2343687771.0303397,0.592312
2343687774.7142572,0.807225
2343687775.457826,0.691808
2343687776.103735,0.597388
2343687784.165247,1.008545
2343687784.790772,0.588391
2343687785.302708,0.474315
2343687787.374686,0.338055
2343687795.393413,1.057359
2343687798.939526,0.962032
2343687799.442368,0.445754
2343687800.345067,0.8415509999999999
2343687801.158463,0.739428
2343687801.462652,0.27049
2343687801.930336,0.43385100000000004
2343687807.221963,0.482283
2343687812.427572,0.526968
2343687871.675948,0.899893
2343687873.027783,1.278289
2343687874.2029767,1.097097
2343687874.761884,0.49637200000000004
2343687875.58811,0.7652629999999999
2343687881.864295,0.9785099999999999
2343687882.3708806,0.443004
2343687883.48387,1.075494
2343687883.920597,0.399746
2343687884.7472963,0.7887000000000001
2343687902.107446,0.672574
2343687902.9081407,0.750509
2343687903.47129,0.517887
2343687904.1538663,0.636243
2343687904.909886,0.7090259999999999
2343687928.768635,23.811062
2343687933.0045958,0.818816
2343687933.6161294,0.554813
2343687966.859364,1.2661149999999999
2343687967.719614,0.797273
2343687972.5071,1.197275
2343687973.361341,0.785851
2343687974.0043902,0.580698
2343687974.733905,0.63942
2343687975.2738333,0.472842
2343687981.759704,0.49970400000000004
2343687982.127132,0.337269
2343687982.501687,0.344041
2343687982.751171,0.220077
2343687986.063867,0.456043
2343687986.786078,0.691084
2343687987.452808,0.6343399999999999
2343687997.616669,0.357356
2343688003.151547,0.739644
2343688003.821204,0.628641
2343688004.209635,0.342466
2343688026.0050983,0.6604949999999999
2343688026.6552253,0.6004349999999999
2343688027.185489,0.48171800000000004
2343688029.74259,0.429713
2343688030.1374097,0.346289
2343688032.8503723,0.615051
2343688035.822034,0.693851
2343688039.582725,0.45333
2343688040.25877,0.633186
2343688041.278217,0.961348
2343688044.481567,0.422239
2343688107.8866277,0.9637359999999999
2343688124.653365,1.0023460000000002
2343688131.564807,0.914832
2343688132.1041737,0.501218
2343688132.6602616,0.5169849999999999
2343688133.321804,0.622004
2343688139.198286,0.620288
2343688142.188173,0.603579
2343688142.757189,0.516203
2343688143.3547373,0.556913
2343688144.122005,0.7282420000000001
2343688144.729999,0.5659029999999999
2343688148.4376106,0.5484380000000001
2343688149.173892,0.688197
2343688155.720528,0.628189
2343688156.1883183,0.43030599999999997
2343688156.69873,0.47214300000000003
2343688157.114121,0.372147
2343688169.4120393,0.7206699999999999
2343688170.287048,0.811677
2343688175.868382,0.45888199999999996
2343688182.195261,0.491343
2343688182.656526,0.425469
2343688184.7898254,0.5634210000000001
2343688185.285402,0.458937
2343688185.855663,0.528915
2343688193.07649,0.6990339999999999
2343688200.2072973,0.773374
2343688200.9053073,0.643888
2343688201.403981,0.45035000000000003
2343688204.9888253,0.663723
2343688205.372888,0.324994
2343688215.213894,1.106799
2343688215.729125,0.46408099999999997
2343688216.364121,0.5917319999999999
2343688217.2370033,0.822764
2343688220.177999,0.5948490000000001
2343688221.114053,0.890879
2343688221.662886,0.503684
2343688224.571736,0.583194
2343688228.4233623,0.5069319999999999
2343688268.054142,0.713489
2343688268.829129,0.7247910000000001
2343688280.6312313,0.6788500000000001
2343688287.495162,0.525497
2343688288.360034,0.812501
2343688293.021913,0.929416
2343688293.7349553,0.6394610000000001
2343688310.421233,0.324877
2343688315.033563,0.40779899999999997
2343688315.8206573,0.7347319999999999
2343688323.565822,0.5978859999999999
2343688335.056271,0.618732
2343688339.80798,0.5751120000000001
2343688344.395561,0.578904
2343688349.2801747,0.5865710000000001
2343688349.943036,0.6061369999999999
2343688354.0297256,0.627218
2343688354.820901,0.742911
2343688355.6224446,0.73547
2343688356.4627433,0.7865650000000001
2343688360.211704,0.756767
2343688360.952642,0.688973
2343688364.1402426,0.8564799999999999
2343688368.892266,0.7472549999999999
2343688372.262239,0.841666
2343688375.74809,0.56673
2343688376.539627,0.7527159999999999
2343688380.344433,0.655458
2343688384.1533713,0.482414
2343688390.691436,0.546579
2343688391.373122,0.638473
2343688392.106114,0.6908650000000001
2343688401.218006,0.49452999999999997
2343688407.806946,0.504784
2343688417.5425863,0.9826349999999999
2343688418.4863462,0.879124
2343688419.363956,0.8140219999999999
2343688419.97104,0.546894
2343688424.2852592,0.49923800000000007
2343688449.528638,0.587825
2343688449.9655643,0.391564
2343688450.487349,0.475261
2343688451.090907,0.5581699999999999
2343688454.331715,0.49235299999999993
2343688461.869938,0.6036509999999999
2343688462.7081614,0.784662
2343688474.241661,0.779047
2343688474.648496,0.357713
2343688481.2195406,0.406174
2343688481.850281,0.5894029999999999
2343688485.721162,0.856781
2343688486.318332,0.5516409999999999
2343688495.3465524,0.623099
2343688495.7897997,0.394415
2343688496.5013533,0.664948
2343688497.115869,0.560666
2343688497.728788,0.568935
2343688516.06246,0.476468
2343688516.614473,0.503278
2343688517.249342,0.587158
2343688517.783938,0.488563
2343688518.713593,0.875792
2343688531.442293,0.654092
2343688531.894033,0.413285
2343688532.624692,0.681916
2343688538.970563,0.619813
2343688539.3482966,0.327452
2343688539.9487114,0.5496340000000001
2343688544.156446,0.412045
2343688549.006774,0.438467
2343688549.4786763,0.43432699999999996
2343688550.024962,0.505957
2343688550.4763193,0.413178
2343688550.992627,0.47181700000000004
2343688551.496932,0.464969
2343688554.779883,0.534629
2343688555.1290417,0.298784
2343688564.1406474,0.617547
2343688564.754946,0.574299
2343688569.7258,0.315826
2343688570.414637,0.6408330000000001
2343688571.132483,0.670556
2343688574.6447673,0.59966
2343688586.982108,0.6128680000000001
2343688587.751782,0.7305630000000001
2343688588.59635,0.800607
2343688589.141889,0.499963
2343688593.982647,0.5518689999999999
2343688595.016574,0.9845190000000001
2343688595.488139,0.413969
2343688596.280955,0.736749
2343688597.064236,0.728261
2343688597.7130117,0.591967
2343688598.075288,0.30975
2343688598.58662,0.45986
2343688603.361387,0.652017
2343688604.0864854,0.674094
2343688604.688868,0.5498890000000001
2343688608.993534,0.422455
2343688609.511058,0.485084
2343688610.061988,0.519308
2343688616.36242,0.5527970000000001
2343688617.072919,0.676625
2343688617.6715417,0.565375
2343688618.317077,0.602457
2343688621.013197,0.604656
2343688625.795578,0.744028
2343688626.310281,0.471182
2343688626.894425,0.54074
2343688627.629144,0.6916650000000001
2343688630.815647,0.223293
2343688631.484523,0.635038
2343688632.116404,0.60013
2343688634.939471,0.257194
2343688635.402955,0.42892199999999997
2343688645.113256,0.5366150000000001
2343688645.874396,0.716064
2343688648.9480224,0.474275
2343688649.411398,0.42171
2343688652.851083,0.318164
2343688653.536768,0.6307240000000001
2343688653.916012,0.334386
2343688661.338659,0.590711
2343688661.854785,0.46882599999999996
2343688662.226896,0.311214
2343688666.0984497,0.792123
2343688669.236638,0.832876
2343688672.369115,0.469091
2343688685.882247,0.590855
2343688693.64924,0.47036
2343688698.038552,0.552616
2343688704.876403,0.690218
2343688705.615553,0.673227
2343688710.2638416,0.7333160000000001
2343688710.844522,0.538829
2343688711.900489,1.011534
2343688715.7127166,0.359936
2343688722.279913,0.660936
2343688723.058515,0.727916
2343688726.640046,0.6343749999999999
2343688735.7825937,0.737644
2343688736.288488,0.470186
2343688741.834078,0.523683
2343688744.839289,0.705632
2343688745.435781,0.550257
2343688745.940608,0.457272
2343688746.8375096,0.849136
2343688747.5691347,0.6823969999999999
2343688758.683583,0.57198
2343688759.495032,0.772926
2343688760.031785,0.498066
2343688764.2988043,0.578278
2343688767.209449,0.552897
2343688770.533245,0.6446569999999999
2343688779.1318793,0.39492
2343688782.915212,0.7880240000000001
2343688783.476455,0.5148699999999999
2343688783.82997,0.309945
2343688784.599683,0.7165900000000001
2343688787.921136,0.605057
2343688788.533979,0.5658730000000001
2343688788.946223,0.364917
2343688792.720494,0.9833019999999999
2343688797.752202,0.746583
2343688806.5835314,0.5970300000000001
2343688810.251713,1.008931
2343688810.826212,0.5271260000000001
2343688818.899239,0.510424
2343688826.393924,0.510927
2343688829.9025807,0.587183
2343688833.219145,0.49232699999999996
2343688833.929028,0.658575
2343688837.746882,0.48145000000000004
2343688844.214836,0.344665
2343688850.9170117,0.498898
2343688851.7812047,0.7957869999999999
2343688852.527877,0.6964509999999999
2343688855.784795,0.604663
2343688859.16939,0.60784
2343688863.306126,0.828042
2343688864.230669,0.861917
2343688871.004851,0.509027
2343688871.308684,0.271167
2343688875.959633,0.555803
2343688876.5624466,0.5502900000000001
2343688889.367851,0.949686
2343688905.170474,0.563431
2343688905.8266187,0.60739
2343688906.426392,0.55536
2343688907.035672,0.5595
2343688907.7317657,0.646394
2343688927.482717,0.766576
2343688928.164922,0.624976
2343688936.271614,0.6149410000000001
2343688936.949233,0.6157670000000001
2343688945.878629,0.449182
2343688951.9302545,0.569492
2343688952.449098,0.484007
2343688954.853335,0.468015
2343688955.658976,0.757014
2343688962.5721517,0.6393380000000001
2343688969.121773,0.585997
2343688969.895579,0.7333860000000001
2343688975.9172883,0.6606430000000001
2343688976.741589,0.76133
2343688988.505247,0.782473
2343688991.430098,0.745611
2343688997.28544,0.656396
2343688997.732696,0.401903
2343689001.098258,0.59721
2343689004.941547,0.694
2343689005.705059,0.7261620000000001
2343689006.423671,0.681852
2343689010.024778,0.455123
2343689022.138414,0.728856
2343689022.981127,0.793813
2343689023.729153,0.699656
2343689024.343867,0.5699620000000001
2343689027.850716,0.388141
2343689029.872274,0.5007870000000001
2343689030.5073028,0.5915579999999999
2343689034.2395606,0.504014
2343689034.658991,0.374921
2343689038.369542,0.793095
2343689039.1142707,0.696927
2343689045.054481,0.615023
2343689045.631839,0.5152680000000001
2343689048.35592,0.60629
2343689049.018682,0.609981
2343689051.8368816,0.547609
2343689055.169911,0.444481
2343689055.5547,0.348247
2343689058.468934,0.442737
2343689059.067664,0.555617
2343689069.4641237,0.814635
2343689070.072936,0.564824
2343689070.6518216,0.5356780000000001
2343689071.301679,0.606523
2343689074.97408,0.705697
2343689078.826865,0.5441779999999999
2343689093.608856,0.749657
2343689099.62894,0.58623
2343689107.3580527,0.588118
2343689110.5533357,0.290988
2343689111.166628,0.570724
2343689114.1003222,0.527425
2343689114.660818,0.518956
2343689115.360124,0.645113
2343689115.788847,0.385696
2343689116.323886,0.4928620000000001
2343689122.1221247,0.5509799999999999
2343689122.738876,0.57364
2343689123.483521,0.696784
2343689129.991675,0.519949
2343689130.462846,0.43467799999999995
2343689130.8188734,0.322797
2343689131.245915,0.382905
2343689134.691307,0.687083
2343689143.538549,0.44745
2343689144.103034,0.5113179999999999
2343689147.416162,0.730988
2343689148.317934,0.856987
2343689151.681375,0.434835
2343689152.0314703,0.30918599999999996
2343689152.688642,0.6064269999999999
2343689156.434558,0.5622739999999999
2343689156.95957,0.47682399999999997
2343689157.5681887,0.563742
2343689167.420262,0.712129
2343689170.607831,0.612753
2343689175.676773,0.368995
2343689175.98327,0.269738
2343689176.317526,0.283559
2343689177.024652,0.6353230000000001
2343689177.64184,0.567029
2343689178.2274966,0.532325
2343689183.770108,0.6005389999999999
2343689184.398079,0.5887969999999999
2343689187.48797,0.50962
2343689187.866031,0.34069900000000003
2343689191.5022793,0.432936
2343689192.140203,0.598642
2343689195.43853,0.6084200000000001
2343689196.139776,0.6618569999999999
2343689196.65516,0.475899
2343689200.398548,0.690609
2343689203.311945,0.507232
2343689203.826379,0.474684
2343689204.236682,0.375182
2343689206.89518,0.483875
2343689207.543025,0.606714
2343689220.571647,0.5893079999999999
2343689221.281031,0.658924
2343689221.967111,0.645108
2343689227.728918,0.658588
2343689228.214534,0.43486600000000003
2343689231.876271,0.7026260000000001
2343689234.921894,0.606153
2343689235.2865024,0.33013200000000004
2343689235.728186,0.403165
2343689238.131209,0.550169
2343689251.145419,0.42874599999999996
2343689251.743135,0.549467
2343689253.453671,0.29457700000000003
2343689257.044711,0.635108
2343689257.634257,0.5486329999999999
2343689258.304132,0.62835
2343689264.880672,0.729452
2343689265.4855547,0.5580080000000001
2343689265.918834,0.388407
2343689266.3674498,0.404079
2343689267.035253,0.619999
2343689267.6752906,0.5944659999999999
2343689275.043602,0.604769
2343689275.482709,0.392122
2343689287.439818,0.353937
2343689287.883636,0.389339
2343689293.9495,0.769007
2343689313.6424313,0.915898
2343689350.071811,0.946572
2343689350.6272902,0.505013
2343689351.235653,0.560929
2343689355.610867,0.64514
2343689359.446706,0.73685
2343689369.90157,0.73282
2343689370.449069,0.507811
2343689370.961064,0.473796
2343689374.200188,0.5557500000000001
2343689374.9343643,0.6821740000000001
2343689378.623711,0.751306
2343689379.3934402,0.721213
2343689382.194167,0.42303399999999997
2343689382.771837,0.530581
2343689390.315795,0.760953
2343689396.326978,0.7418859999999999
2343689399.826175,0.31411500000000003
2343689400.43402,0.56223
2343689403.496028,0.666215
2343689409.854581,0.41175100000000003
2343689415.570444,0.591776
2343689416.566201,0.599006
2343689417.352357,0.700364
2343689417.947299,0.545718
2343689418.516179,0.528168
2343689425.3678594,0.788905
2343689426.149537,0.735973
2343689429.487065,0.475512
2343689434.843158,0.585219
2343689443.911342,0.624796
2343689449.63555,0.655979
2343689450.060784,0.380554
2343689450.721022,0.609799
2343689451.429658,0.662343
2343689454.673457,0.660127
2343689468.891166,0.49738899999999997
2343689469.487977,0.5553039999999999
2343689470.294969,0.7528619999999999
2343689475.7452908,0.7824019999999999
2343689478.7260394,0.9289850000000001
2343689482.1190357,0.616256
2343689482.704501,0.5335519999999999
2343689483.1539907,0.407087
2343689493.758446,0.510473
2343689501.55364,0.625742
2343689502.1332784,0.5340590000000001
2343689502.7459197,0.56523
2343689503.524695,0.731461
2343689507.128954,0.49730399999999997
2343689507.632841,0.46263800000000005
2343689508.1232843,0.453698
2343689508.443272,0.27805
2343689513.836811,0.578979
2343689525.6982713,0.483527
2343689528.9742727,0.47549600000000003
2343689538.3045964,0.636435
2343689538.8798447,0.524814
2343689542.567273,0.772485
2343689545.797831,0.790287
2343689549.342341,0.38611
2343689549.995754,0.592215
2343689555.834515,0.628598
2343689563.1155076,0.745055
2343689566.7370453,0.558341
2343689569.944589,0.635591
2343689585.7207003,0.797132
2343689592.383937,0.6375149999999999
2343689597.157028,0.621901
2343689600.916476,0.381024
2343689601.71519,0.73322
2343689605.95961,0.777327
2343689614.196443,0.560057
2343689620.044678,0.4259
2343689624.362153,0.620476
2343689634.4432883,0.605293
2343689640.264549,0.623153
2343689644.360063,0.492487
2343689645.1496587,0.718034
2343689648.322248,0.521998
2343689648.876911,0.51066
2343689657.368445,0.42103399999999996
2343689663.724563,0.677672
2343689665.999659,0.6531819999999999
2343689666.8612223,0.7976390000000001
2343689669.650337,0.492457
2343689670.2568827,0.559925
2343689670.708127,0.406555
2343689671.297265,0.550926
2343689677.481687,0.40416399999999997
2343689690.8406916,0.638055
2343689691.357793,0.466234
2343689692.135048,0.720664
2343689692.899397,0.712476
2343689693.4801383,0.53038
2343689694.0451827,0.514976
2343689697.482992,0.40487900000000004
2343689698.06195,0.532833
2343689701.180507,0.532747
2343689701.739163,0.5268440000000001
2343689702.076627,0.30342800000000003
2343689708.489459,0.512816
2343689715.153613,0.433756
2343689718.024941,2.839849
2343689730.628377,0.566666
2343689734.329514,0.750028
2343689740.1473627,0.700866
2343689743.175711,0.5095930000000001
2343689754.589751,0.49804799999999994
2343689758.354499,0.65805
2343689759.072973,0.670179
2343689762.347718,0.6640520000000001
2343689768.4087634,0.5870839999999999
2343689769.00979,0.5597599999999999
2343689776.6263986,0.337609
2343689779.785583,0.499633
2343689780.408679,0.5757209999999999
2343689783.929246,0.46996
2343689784.519232,0.546667
2343689786.9246674,0.360644
2343689787.624396,0.64085
2343689790.493025,0.590816
2343689796.7529407,0.817319
2343689807.065968,0.410221
2343689811.153544,0.47783899999999996
2343689811.938324,0.74667
2343689832.180501,0.674146
2343689839.674165,0.900983
2343689840.4095063,0.68201
2343689856.5270257,0.820994
2343689858.076942,1.479137
2343689858.8174233,0.677127
2343689859.74079,0.855994
2343689860.449541,0.644216
2343689871.380547,0.814634
2343689872.022646,0.5898140000000001
2343689872.5154138,0.451687
2343689875.905494,0.324481
2343689876.3679523,0.426537
2343689887.658309,0.628913
2343689894.996185,0.714071
2343689898.417831,0.708574
2343689904.287035,0.73089
2343689907.1463447,0.745595
2343689907.809159,0.607058
2343689908.379331,0.522778
2343689909.0898314,0.6497970000000001
2343689916.186157,0.8663329999999999
2343689922.655891,0.910579
2343689923.091454,0.387694
2343689926.673935,0.737248
2343689933.675868,0.604763
2343689937.0324903,0.609562
2343689937.4158306,0.339742
2343689941.404376,0.887897
2343689942.141436,0.689192
2343689942.817432,0.62813
2343689948.8708453,0.553624
2343689951.634706,0.5666640000000001
2343689952.3818617,0.704842
2343689955.318337,0.387981
2343689957.588892,2.230152
2343689957.9713907,0.341815
2343689960.292813,0.43797200000000003
2343689967.530016,0.544463
2343689971.884988,0.787245
2343689977.8533707,0.995817
2343689978.2511377,0.347393
2343689987.911201,0.558369
2343689988.634005,0.6778519999999999
2343689989.237615,0.5582910000000001
2343689994.223514,0.578327
2343689994.7766933,0.508709
2343689995.250948,0.432846
2343689995.696927,0.39407800000000004
2343689996.407954,0.667452
2343690001.85901,0.5082380000000001
2343690007.9341,0.500125
2343690024.128519,0.646169
2343690024.696342,0.51682
2343690038.946191,0.709312
2343690039.623572,0.631398
2343690039.979415,0.304657
2343690055.2834377,0.811972
2343690059.6804767,0.634687
2343690060.379097,0.6430579999999999
2343690065.130257,0.6768689999999999
2343690068.234425,0.811183
2343690068.754983,0.480493
2343690090.1657224,0.789042
2343690103.595418,0.6498740000000001
2343690104.323489,0.668237
2343690105.08553,0.693086
2343690105.890882,0.742892
2343690106.478075,0.533881
2343690124.24686,0.80596
2343690124.997144,0.689844
2343690126.185473,1.1305589999999999
2343690127.2401547,0.9959330000000001
2343690128.151415,0.854302
2343690132.257964,0.529486
2343690137.2157183,0.785384
2343690137.7197037,0.467233
2343690140.969497,0.6026900000000001
2343690146.8688946,0.297747
2343690151.327724,0.629212
2343690151.956135,0.574427
2343690158.089582,0.5759610000000001
2343690158.5301223,0.397505
2343690159.310701,0.729464
2343690169.859355,0.7327629999999999
2343690172.697875,0.393803
2343690195.435559,0.507542
2343690195.942909,0.45986
2343690203.78662,0.483206
2343690207.032132,0.563327
2343690216.389952,0.730869
2343690219.824798,1.012846
2343690220.61957,0.74134
2343690226.969774,0.5009119999999999
2343690236.12965,0.5722
2343690239.2315364,0.384623
2343690239.6581497,0.386963
2343690242.5611115,0.837712
2343690246.772365,0.9697370000000001
2343690249.522938,0.5948420000000001
2343690250.184783,0.614191
2343690253.443922,0.658123
2343690257.04554,0.5919719999999999
2343690260.1396146,0.6029129999999999
2343690262.517672,0.41718700000000003
2343690263.070994,0.512662
2343690263.8641696,0.7505320000000001
2343690269.508521,0.48974100000000004
2343690269.983264,0.43541199999999997
2343690270.698268,0.673203
2343690274.248435,0.365991
2343690274.935719,0.6467769999999999
2343690277.4297748,0.522357
2343690280.531032,0.44945599999999997
2343690281.16091,0.585688
2343690284.8515677,0.614299
2343690285.351727,0.45779000000000003
2343690288.687611,0.486037
2343690289.135655,0.40979299999999996
2343690289.453646,0.282651
2343690289.810615,0.319394
2343690290.23777,0.37002999999999997
2343690299.558671,0.49398400000000003
2343690305.850318,0.6202529999999999
2343690309.165651,0.48717
2343690315.183049,0.43631600000000004
2343690318.416624,0.858812
2343690319.10537,0.642398
2343690328.763051,0.6302909999999999
2343690332.372698,0.7173470000000001
2343690333.204236,0.786891
2343690342.604257,0.369761
2343690343.239505,0.592716
2343690343.9900627,0.7075309999999999
2343690347.908049,0.794732
2343690348.78118,0.8165260000000001
2343690352.842031,0.764453
2343690353.493409,0.586932
2343690359.744996,0.38444100000000003
2343690371.607184,0.636169
2343690380.324102,0.760822
2343690383.416026,0.50463
2343690384.126475,0.662912
2343690384.776567,0.600235
2343690393.1270957,0.6054949999999999
2343690393.9214244,0.734369
2343690394.5962443,0.626028
2343690398.8590293,0.813598
2343690399.34763,0.448794
2343690404.3303823,0.772532
2343690410.6787,0.700321
2343690411.4404287,0.718847
2343690414.726833,0.310049
2343690415.25944,0.49174199999999996
2343690416.181935,0.877289
2343690416.923112,0.674742
2343690417.801043,0.811145
2343690418.70974,0.844819
2343690422.181546,0.7277359999999999
2343690423.062935,0.81743
2343690426.055734,0.629162
2343690434.77583,0.6381709999999999
2343690435.241491,0.436597
2343690435.771296,0.493312
2343690445.3432064,0.705076
2343690446.079001,0.690253
2343690455.9636827,0.681526
2343690456.551239,0.523954
2343690457.313017,0.718221
2343690464.915325,0.626122
2343690465.674588,0.711611
2343690472.207078,0.532034
2343690475.528462,0.459719
2343690487.14263,0.614875
2343690487.633417,0.450253
2343690493.298669,0.39094999999999996
2343690496.822496,0.9771719999999999
2343690497.741351,0.849087
2343690498.404212,0.61063
2343690505.2265058,0.373791
2343690508.6778483,0.721097
2343690516.402783,0.411988
2343690517.5052786,1.059334
2343690517.850141,0.299561
2343690518.4169893,0.522405
2343690518.890118,0.425208
2343690519.567821,0.630833
2343690523.799379,0.620343
2343690524.399189,0.552512
2343690525.123428,0.675404
2343690525.650687,0.476369
2343690526.287871,0.583466
2343690526.833778,0.5007520000000001
2343690531.9034753,0.8944270000000001
2343690532.52562,0.5880380000000001
2343690532.901841,0.341055
2343690536.082143,0.47731999999999997
2343690536.776308,0.658497
2343690545.358747,0.419722
2343690545.923836,0.525857
2343690546.428039,0.457476
2343690546.921277,0.455078
2343690550.12806,0.448202
2343690569.922081,0.501665
2343690570.62358,0.646823
2343690571.4318266,0.751359
2343690590.8722596,0.849769
2343690597.254144,0.699498
2343690600.440471,0.719282
2343690600.836259,0.34290299999999996
2343690601.513698,0.635179
2343690616.553938,0.333987
2343690616.935968,0.333505
2343690617.4537992,0.468548
2343690618.090807,0.5882510000000001
2343690624.2863994,0.78947
2343690631.398263,0.406556
2343690635.0157166,0.620545
2343690648.201642,0.809336
2343690651.9860787,0.42469799999999996
2343690661.17646,0.7611140000000001
2343690673.804211,0.7133120000000001
2343690686.275064,0.668855
2343690693.059484,0.560542
2343690693.55821,0.447867
2343690694.317336,0.707368
2343690697.160805,0.36267299999999997
2343690700.734459,0.577293
2343690701.427719,0.6510819999999999
2343690701.944553,0.477275
2343690705.910277,0.48812999999999995
2343690706.483351,0.489096
2343690707.679613,1.150953
2343690710.871085,0.661739
2343690714.610835,0.5517080000000001
2343690715.3028946,0.640425
2343690715.88943,0.5422009999999999
2343690719.1043363,0.590543
2343690727.376235,0.523092
2343690733.938045,0.672645
2343690736.850625,0.503348
2343690737.521532,0.630114
2343690740.825481,0.496597
2343690743.985117,0.438453
2343690744.333904,0.282288
2343690745.0616,0.6820539999999999
2343690745.704875,0.596888
2343690749.140498,0.45030899999999996
2343690749.580644,0.39891699999999997
2343690750.441259,0.813782
2343690751.144505,0.660987
2343690753.1675563,0.36009399999999997
2343690756.162169,0.611911
2343690767.4722776,0.739744
2343690768.08829,0.569534
2343690768.581716,0.447647
2343690769.080538,0.456635
2343690777.279304,0.482495
2343690779.444407,0.737686
2343690783.329808,0.921357
2343690787.681336,0.39395199999999997
2343690788.2132487,0.49040100000000003
2343690791.401826,0.912724
2343690792.2347317,0.768591
2343690793.089589,0.771833
2343690793.8727837,0.720534
2343690796.9885154,0.602509
2343690802.2465477,0.377637
2343690802.7651763,0.484539
2343690816.125786,0.532897
2343690816.781311,0.599233
2343690820.751309,0.718949
2343690823.967231,0.5037900000000001
2343690826.918355,0.6486299999999999
2343690830.956933,0.546006
2343690839.5649557,0.586461
2343690840.17301,0.5548350000000001
2343690840.927898,0.7019930000000001
2343690846.8797107,0.636314
2343690847.3391542,0.420583
2343690853.4220934,0.6904250000000001
2343690867.5780773,0.5580029999999999
2343690868.381681,0.7519640000000001
2343690869.1050673,0.672567
2343690875.489456,0.46529699999999996
2343690878.2247806,0.512537
2343690889.096128,0.512384
2343690894.411529,0.559147
2343690895.2624307,0.79227
2343690895.9450183,0.622824
2343690896.6486344,0.631812
2343690897.1167893,0.406992
2343690897.579371,0.40409300000000004
2343690898.2094793,0.581222
2343690901.394477,0.38444
2343690904.385693,0.30554200000000004
2343690907.5683603,0.402947
2343690913.35416,0.43604899999999996
2343690921.253816,0.622982
2343690921.907587,0.608193
2343690925.16297,0.7238840000000001
2343690925.612724,0.408198
2343690926.042666,0.388135
2343690926.7738037,0.6868850000000001
2343690931.123619,0.343333
2343690931.6956043,0.535438
2343690937.339306,0.317834
2343690946.679226,0.50733
2343690947.1185727,0.39474200000000004
2343690947.5924697,0.42895900000000003
2343690948.063422,0.423433
2343690948.558823,0.44645999999999997
2343690965.447215,0.821102
2343690969.0677037,0.665752
2343690978.4352064,0.713061
2343690981.274843,0.5604790000000001
2343690982.09737,0.7701910000000001
2343690991.190791,0.55971
2343690994.131762,0.532314
2343690994.7151613,0.5208539999999999
2343691010.2485957,0.44436299999999995
2343691019.3640842,0.634887
2343691024.87393,0.68012
2343691028.11535,0.693857
2343691031.8971562,0.658882
2343691032.643797,0.69569
2343691035.9909573,0.742436
2343691036.636138,0.581491
2343691051.3716593,0.5031410000000001
2343691056.086709,0.613562
2343691056.796822,0.666871
2343691062.5913067,0.39988300000000004
2343691066.9103966,0.759915
2343691073.226256,0.6702400000000001
2343691081.441247,0.54258
2343691085.583563,0.5637329999999999
2343691085.991161,0.34834
2343691089.370688,0.5026590000000001
2343691089.975013,0.5489470000000001
2343691090.793953,0.7506010000000001
2343691091.390214,0.532288
2343691094.613762,0.757689
2343691098.61039,0.431375
2343691109.392443,0.524155
2343691109.905512,0.467949
2343691110.3154674,0.372092
2343691113.676586,0.55268
2343691114.120738,0.40476
2343691114.85504,0.691263
2343691118.184602,0.6056860000000001
2343691123.465135,0.42182800000000004
2343691131.620699,0.542116
2343691132.10219,0.44201199999999996
2343691135.3154497,0.50291
2343691135.925472,0.5686410000000001
2343691139.671865,0.620321
2343691143.0008063,0.44175200000000003
2343691143.514433,0.46942
2343691144.158935,0.597339
2343691144.563708,0.36211099999999996
2343691150.8777423,0.415115
2343691154.409111,0.716939
2343691157.091476,0.386135
2343691157.52389,0.392277
2343691158.207778,0.6427050000000001
2343691166.600526,0.5934459999999999
2343691167.149055,0.48077
2343691170.64018,0.649538
2343691171.499808,0.7935289999999999
2343691173.953138,0.340872
2343691174.319985,0.332642
2343691175.010587,0.656357
2343691181.894193,0.31361
2343691185.044918,0.646086
2343691185.4402914,0.356773
2343691194.4223104,0.43373100000000003
2343691195.0872993,0.6110669999999999
2343691195.75119,0.60003
2343691196.512368,0.708912
2343691206.7807794,0.584927
2343691207.659026,0.82831
2343691217.216163,0.615801
2343691217.599916,0.344591
2343691228.3058653,0.7161690000000001
2343691229.07976,0.718731
2343691231.476923,0.5194989999999999
2343691232.082077,0.541291
2343691232.865409,0.7373339999999999
2343691233.536082,0.6283270000000001
2343691243.188215,0.686125
2343691248.6472626,0.5319320000000001
2343691249.2721562,0.580286
2343691249.758944,0.44483700000000004
2343691250.2827377,0.48253100000000004
2343691259.603291,0.560346
2343691260.120302,0.476745
2343691265.859374,0.361803
2343691274.638618,0.762868
2343691275.3650613,0.678577
2343691278.208765,0.569355
2343691278.938576,0.68541
2343691287.140867,0.581101
2343691287.642341,0.452191
2343691293.785793,0.5176459999999999
2343691297.549804,0.7931830000000001
2343691298.499422,0.8874380000000001
2343691304.789228,0.686046
2343691308.564947,0.521741
2343691308.989849,0.38788100000000003
2343691309.3998704,0.3736
2343691309.751614,0.316899
2343691312.61009,0.565395
2343691316.174188,0.660373
2343691317.000564,0.773198
2343691317.483129,0.436153
2343691318.014975,0.48375399999999996
2343691323.32274,0.336102
2343691343.3969398,0.421466
2343691343.8390784,0.393449
2343691355.512417,0.78725
2343691356.294728,0.7063860000000001
2343691359.5689583,0.782772
2343691382.125226,0.6109070000000001
2343691391.650186,0.685117
2343691402.50663,0.483363
2343691403.031065,0.46497900000000003
2343691409.964285,0.746266
2343691416.608138,0.648843
2343691419.5495744,0.498237
2343691420.152616,0.5545399999999999
2343691420.967707,0.754466
2343691426.7947903,0.619648
2343691427.39707,0.5537460000000001
2343691427.858761,0.426817
2343691429.724143,0.5914130000000001
2343691430.178476,0.417736
2343691430.8371444,0.6234959999999999
2343691431.529998,0.658011
2343691442.515338,0.484654
2343691445.964914,0.47442300000000004
2343691453.912847,0.68295
2343691458.256777,0.750838
2343691459.258949,0.941795
2343691463.36513,0.812823
2343691469.641882,0.728245
2343691472.917665,0.7278249999999999
2343691494.860784,0.724692
2343691495.6576967,0.728827
2343691501.723269,0.5753050000000001
2343691502.316237,0.547392
2343691505.781947,0.690296
2343691506.489703,0.6615380000000001
2343691507.0718427,0.5334899999999999
2343691510.3952,0.7065720000000001
2343691510.891474,0.459303
2343691515.684764,0.445724
2343691516.266883,0.545882
2343691516.758521,0.452003
2343691517.609436,0.812436
2343691521.098277,0.5656100000000001
2343691523.4582114,0.43455499999999997
2343691529.178005,0.47212000000000004
2343691529.9515753,0.7347319999999999
2343691530.264537,0.271172
2343691533.3199983,0.608664
2343691544.2531857,0.762902
2343691544.915725,0.5911420000000001
2343691545.65626,0.679734
2343691546.395979,0.669265
2343691547.036016,0.572328
2343691551.413807,0.8277490000000001
2343691552.140907,0.666819
2343691552.528839,0.35508
2343691552.878957,0.31477000000000005
2343691556.0355687,0.514978
2343691559.3156157,0.343068
2343691564.822731,0.703581
2343691565.702475,0.8190390000000001
2343691566.05204,0.310734
2343691566.3851743,0.29311000000000004
2343691566.8355,0.41005
2343691567.388457,0.510834
2343691583.810205,0.58415
2343691595.569892,0.730076
2343691611.141114,0.7280570000000001
2343691615.386588,0.639035
2343691623.728719,0.432232
2343691627.0682693,0.575411
2343691630.0119886,0.460686
2343691630.554017,0.501195
2343691631.2611322,0.661482
2343691631.778538,0.465948
2343691632.1211534,0.29228099999999996
2343691632.6027813,0.436868
2343691635.295383,0.284497
2343691648.348148,0.7509819999999999
2343691655.191195,0.6488750000000001
2343691660.792977,0.737286
2343691667.8034167,0.701329
2343691671.384906,0.650521
2343691671.918177,0.49058
2343691675.144299,0.565682
2343691678.4781346,0.634538
2343691679.21994,0.6995
2343691679.8685517,0.5984090000000001
2343691680.4321547,0.52089
2343691681.040285,0.550904
2343691681.5804873,0.49678500000000003
2343691682.161308,0.536791
2343691682.776268,0.571712
2343691683.215487,0.39732500000000004
2343691691.960236,0.5883839999999999
2343691692.5989013,0.580971
2343691693.161911,0.508944
2343691696.951973,0.5861259999999999
2343691702.8543453,0.5000910000000001
2343691703.4381104,0.540735
2343691704.126103,0.6420659999999999
2343691710.654694,0.765781
2343691711.2006392,0.498782
2343691712.1585894,0.915263
2343691713.436697,1.232024
2343691714.032937,0.544115
2343691714.4397373,0.366818
2343691714.886135,0.41277600000000003
2343691719.1393843,0.354032
2343691719.455726,0.285706
2343691720.041739,0.5527540000000001
2343691720.5426626,0.468223
2343691725.7490454,0.5151650000000001
2343691730.869453,0.688823
2343691731.195005,0.28586300000000003
2343691739.696982,0.33466399999999996
2343691740.36157,0.6138199999999999
2343691743.652436,0.781673
2343691744.132298,0.43532
2343691747.781384,0.6213
2343691748.13371,0.31601399999999996
2343691748.4333363,0.26379
2343691755.133512,0.474649
2343691755.544169,0.376196
2343691758.516393,0.731878
2343691759.231166,0.6739130000000001
2343691759.938136,0.6628499999999999
2343691760.5905256,0.613011
2343691763.913957,0.7422880000000001
2343691767.020862,0.535975
2343691767.64701,0.584834
2343691768.355859,0.667087
2343691769.1236477,0.725342
2343691769.899314,0.721636
2343691773.486722,0.529022
2343691777.1179543,0.7207220000000001
2343691784.477374,0.620822
2343691788.3640614,0.620415
2343691791.531497,0.623737
2343691797.00698,0.6062930000000001
2343691797.728906,0.6748080000000001
2343691801.8949947,0.724251
2343691802.543139,0.582317
2343691803.120809,0.521788
2343691807.0926847,0.543532
2343691810.557644,0.463019
2343691811.138528,0.541896
2343691811.629262,0.453146
2343691816.0330157,0.484978
2343691818.691091,0.321694
2343691823.975659,0.734113
2343691834.203179,0.9133709999999999
2343691835.056756,0.792318
2343691835.7120466,0.578191
2343691836.2936463,0.531964
2343691842.6091027,0.763104
2343691843.274895,0.61399
2343691855.18869,0.33708499999999997
2343691855.9244,0.7025929999999999
2343691856.582922,0.608879
2343691857.3633914,0.733644
2343691866.012576,0.8935259999999999
2343691869.405536,0.816938
2343691890.872766,0.661778
2343691891.467468,0.5313019999999999
2343691898.09721,0.585877
2343691901.336478,0.709872
2343691902.125367,0.7356450000000001
2343691902.453895,0.292111
2343691909.217291,0.5742339999999999
2343691909.5218487,0.268593
2343691912.901478,0.5932999999999999
2343691913.4799123,0.539957
2343691916.934446,0.532005
2343691920.739733,0.745713
2343691921.5694017,0.76593
2343691922.643876,1.0110460000000001
2343691933.050788,0.33407400000000004
2343691935.893753,0.666809
2343691942.451532,0.709992
2343691943.1141653,0.615879
2343691943.699941,0.5220100000000001
2343691944.531669,0.782322
2343691945.150645,0.568999
2343691945.859042,0.65993
2343691948.9096494,0.550624
2343691949.4532056,0.507387
2343691949.975225,0.483627
2343691953.6927834,0.49726900000000007
2343691967.296843,0.962571
2343691971.195681,0.6933549999999999
2343691971.977294,0.7158559999999999
2343691983.003717,0.805764
2343691986.275167,0.5384880000000001
2343691990.349896,0.342004
2343691991.470833,1.076109
2343691991.844797,0.325081
2343691995.993796,0.859849
2343691996.549311,0.477849
2343691999.97599,0.37564
2343692003.071506,0.596804
2343692005.822625,0.602287
2343692006.3163724,0.448713
2343692012.5669904,0.5329160000000001
2343692013.1906967,0.5812649999999999
2343692013.853376,0.620301
2343692017.401808,0.683668
2343692020.49244,0.550357
2343692024.201949,0.38903899999999997
2343692029.6600637,0.44089999999999996
2343692036.4450727,0.6551509999999999
2343692042.245031,0.7115900000000001
2343692042.971777,0.670274
2343692053.2687078,0.813207
2343692057.008263,0.37784199999999996
2343692063.19063,0.785502
2343692073.1146603,0.347508
2343692073.628575,0.47423400000000004
2343692074.286742,0.617184
2343692074.96153,0.615266
2343692086.3103037,0.9775179999999999
2343692087.203425,0.8407589999999999
2343692091.095106,0.7294390000000001
2343692102.60235,0.342884
2343692108.7100973,0.399449
2343692121.308672,0.5633199999999999
2343692121.843912,0.48899299999999996
2343692125.376426,0.673461
2343692131.758069,0.648765
2343692132.1188507,0.30872
2343692143.533689,0.317734
2343692143.9881783,0.412411
2343692144.62556,0.565581
2343692148.017691,0.729973
2343692148.417777,0.35494299999999995
2343692151.256082,0.7038059999999999
2343692151.8097878,0.510309
2343692155.848022,0.375207
2343692156.4739866,0.5830489999999999
2343692157.16758,0.6330520000000001
2343692157.594646,0.36734700000000003
2343692171.215917,0.933335
2343692171.748663,0.46305
2343692172.163476,0.358559
2343692172.8260226,0.612708
2343692173.225401,0.353387
2343692173.812716,0.5369430000000001
2343692174.537601,0.676241
2343692175.135745,0.552546
2343692175.709128,0.5167499999999999
2343692176.1940827,0.441165
2343692177.188168,0.946249
2343692178.13412,0.898497
2343692184.4454308,0.614975
2343692193.345299,0.5839890000000001
2343692193.980772,0.5973900000000001
2343692196.868636,0.527883
2343692200.22952,0.478003
2343692203.503103,0.5876870000000001
2343692206.649943,0.5926250000000001
2343692209.9494824,0.690021
2343692210.45305,0.463156
2343692214.5402513,0.829688
2343692232.310798,0.708935
2343692240.2153716,0.808452
2343692243.437942,0.756458
2343692248.2393622,0.810871
2343692248.9179697,0.626951
2343692254.4653,0.39764
2343692255.114899,0.602187
2343692258.952837,0.549488
2343692259.6016226,0.606184
2343692260.203897,0.555067
2343692271.603414,0.7356170000000001
2343692272.463582,0.813265
2343692279.111977,0.49739900000000004
2343692282.9158373,0.74851
2343692289.371027,0.6334799999999999
2343692292.429287,0.872228
2343692304.698739,0.55657
2343692307.9014997,0.7194740000000001
2343692308.280448,0.341351
2343692308.703857,0.37940199999999996
2343692309.1386633,0.396928
2343692309.815963,0.639611
2343692319.928508,0.648314
2343692320.416178,0.44288900000000003
2343692321.040806,0.578762
2343692321.63604,0.5531689999999999
2343692327.313067,0.412084
2343692334.730426,0.420744
2343692335.687938,0.9087019999999999
2343692339.46901,0.5147240000000001
2343692343.5375743,0.6842830000000001
2343692344.217459,0.62417
2343692344.967262,0.695393
2343692345.7583127,0.73834
2343692346.8603816,1.042811
2343692353.6815357,0.6847329999999999
2343692354.373574,0.657086
2343692356.979344,0.8322120000000001
2343692357.3452587,0.332275
2343692357.9326153,0.545446
2343692358.5675297,0.580616
2343692362.2650743,0.794153
2343692362.683123,0.37657199999999996
2343692368.256495,0.750174
2343692368.688847,0.39027799999999996
2343692369.173947,0.44558899999999996
2343692369.719325,0.505079
2343692370.1997,0.428457
2343692373.116414,0.56673
2343692373.74449,0.5866680000000001
2343692374.469238,0.676728
2343692378.006182,0.415183
2343692378.666782,0.6211679999999999
2343692379.11165,0.405233
2343692379.588491,0.43587299999999995
2343692380.108613,0.484878
2343692384.831374,0.492878
2343692385.25797,0.393602
2343692385.995158,0.701573
2343692386.499741,0.469843
2343692389.94593,0.381829
2343692397.579182,0.731683
2343692398.2793417,0.658405
2343692398.699047,0.370485
2343692399.352354,0.613389
2343692399.666131,0.275623
2343692400.1057677,0.393471
2343692421.587614,0.8651800000000001
2343692422.265289,0.619183
