basic_appreq,2570536,16002737661240,400
basic_appreq,2035499,16002739835699,400
basic_appreq,1668049,16002741539412,400
basic_appreq,2461847,16002744039651,400
basic_appreq,1719030,16002745794391,400
basic_appreq,2274948,16002748105743,400
basic_appreq,2436436,16002750577968,400
basic_appreq,2478929,16002753089669,400
basic_appreq,2589647,16002755711529,400
basic_appreq,2179631,16002757922884,400
basic_appreq,1826451,16002759781639,400
basic_appreq,2616881,16002762427653,400
basic_appreq,2543567,16002765003208,400
basic_appreq,2305157,16002767356004,400
basic_appreq,2325871,16002769727262,400
basic_appreq,1590864,16002771360317,400
basic_appreq,1558936,16002772960523,400
basic_appreq,2238322,16002775249317,400
basic_appreq,2623582,16002777901983,400
basic_appreq,2341141,16002780277381,400
basic_appreq,2915971,16002783224726,400
basic_appreq,1526549,16002784787696,400
basic_appreq,1804571,16002786626793,400
basic_appreq,2498218,16002789157741,400
basic_appreq,2118155,16002791311181,400
basic_appreq,2220237,16002793569792,400
basic_appreq,2130688,16002795733421,400
basic_appreq,2172003,16002797936594,400
basic_appreq,2601701,16002800570391,400
basic_appreq,2278408,16002802881546,400
basic_appreq,2324182,16002805237107,400
basic_appreq,2215695,16002807488204,400
basic_appreq,2396805,16002809918551,400
basic_appreq,2288029,16002812245330,400
basic_appreq,2522851,16002814809739,400
basic_appreq,2297375,16002817140198,400
basic_appreq,2335444,16002819510292,400
basic_appreq,2537907,16002822081850,400
basic_appreq,2348112,16002824468341,400
basic_appreq,1742250,16002826268043,400
basic_appreq,2407187,16002828711860,400
basic_appreq,2314463,16002831065735,400
basic_appreq,2877181,16002833997140,400
basic_appreq,7515914,16002841557879,400
basic_appreq,2540236,16002844124102,400
basic_appreq,2701084,16002846852002,400
basic_appreq,2488901,16002849368911,400
basic_appreq,1730370,16002851152695,400
basic_appreq,1972943,16002853154039,400
basic_appreq,2503226,16002855686791,400
basic_appreq,2125892,16002857878898,400
basic_appreq,2696977,16002860605721,400
basic_appreq,2969837,16002863610878,400
basic_appreq,2466681,16002866109131,400
basic_appreq,2449647,16002868591937,400
basic_appreq,2220750,16002870845910,400
basic_appreq,2419367,16002873297696,400
basic_appreq,2231239,16002875568270,400
basic_appreq,2482651,16002878087729,400
basic_appreq,2433414,16002880559506,400
basic_appreq,2121551,16002882720573,400
basic_appreq,1835133,16002884603622,400
basic_appreq,2402777,16002887050409,400
basic_appreq,2633741,16002889717185,400
basic_appreq,2337107,16002892090095,400
basic_appreq,1778026,16002893920869,400
basic_appreq,2961807,16002896924442,400
basic_appreq,2459596,16002899416225,400
basic_appreq,2144124,16002901590075,400
basic_appreq,1664812,16002903286682,400
basic_appreq,2519898,16002905836086,400
basic_appreq,2393006,16002908264933,400
basic_appreq,2568928,16002910872559,400
basic_appreq,1966489,16002912874587,400
basic_appreq,1806836,16002914717012,400
basic_appreq,1991974,16002916742694,400
basic_appreq,1505416,16002918281881,400
basic_appreq,2512028,16002920824541,400
basic_appreq,2708487,16002923591586,400
basic_appreq,2541231,16002926169359,400
basic_appreq,2601946,16002928811719,400
basic_appreq,2075476,16002930930696,400
basic_appreq,2159803,16002933131003,400
basic_appreq,2607282,16002935782097,400
basic_appreq,1903234,16002937726464,400
basic_appreq,2578684,16002940337096,400
basic_appreq,2772926,16002943162441,400
basic_appreq,1537808,16002944734176,400
basic_appreq,2319152,16002947088302,400
basic_appreq,2347661,16002949475785,400
basic_appreq,2793688,16002952309922,400
basic_appreq,2579192,16002954935393,400
basic_appreq,2521304,16002957489083,400
basic_appreq,1468313,16002959005540,400
basic_appreq,1642425,16002960681408,400
basic_appreq,2374596,16002963091135,400
basic_appreq,2873091,16002965997503,400
basic_appreq,2336166,16002968369894,400
basic_appreq,2091452,16002970496323,400
basic_appreq,2441430,16002972970951,400
basic_appreq,2509241,16002975516379,400
basic_appreq,1265974,16002976820924,400
basic_appreq,1764670,16002978620626,400
basic_appreq,2706419,16002981370617,400
basic_appreq,2379847,16002983784439,400
basic_appreq,2503596,16002986318967,400
basic_appreq,2447867,16002988799359,400
basic_appreq,1789506,16002990640294,400
basic_appreq,2781073,16002993452271,400
basic_appreq,1580495,16002995088921,400
basic_appreq,1575322,16002996698895,400
basic_appreq,2723143,16002999456698,400
basic_appreq,2670598,16003002160235,400
basic_appreq,2618772,16003004816900,400
basic_appreq,2340744,16003007195157,400
basic_appreq,2601661,16003009833083,400
basic_appreq,2489834,16003012367224,400
basic_appreq,1665417,16003014076664,400
basic_appreq,2540036,16003016653270,400
basic_appreq,2173644,16003018860703,400
basic_appreq,2200905,16003021101118,400
basic_appreq,2319428,16003023484116,400
basic_appreq,2225518,16003025744783,400
basic_appreq,2710136,16003028496534,400
basic_appreq,2346367,16003030884512,400
basic_appreq,2558767,16003033479938,400
basic_appreq,2275867,16003035797659,400
basic_appreq,2413680,16003038252035,400
basic_appreq,6070081,16003044364776,400
basic_appreq,2400328,16003046812057,400
basic_appreq,2864406,16003049716936,400
basic_appreq,2978085,16003052757348,400
basic_appreq,2925862,16003055724934,400
basic_appreq,2475236,16003058235535,400
basic_appreq,2779569,16003061052948,400
basic_appreq,2230593,16003063322008,400
basic_appreq,2666200,16003066023915,400
basic_appreq,2181532,16003068243723,400
basic_appreq,2578883,16003070860858,400
basic_appreq,2638664,16003073535429,400
basic_appreq,2661459,16003076235783,400
basic_appreq,2776494,16003079051017,400
basic_appreq,2523018,16003081632481,400
basic_appreq,1579846,16003083252887,400
basic_appreq,2129744,16003085419972,400
basic_appreq,2185742,16003087647696,400
basic_appreq,2413369,16003090094493,400
basic_appreq,2763403,16003092893832,400
basic_appreq,2820317,16003095749814,400
basic_appreq,2471132,16003098257542,400
basic_appreq,2357448,16003100660159,400
basic_appreq,2228722,16003102931792,400
basic_appreq,2573383,16003105568170,400
basic_appreq,1609502,16003107221648,400
basic_appreq,1826307,16003109087851,400
basic_appreq,2645908,16003111771821,400
basic_appreq,2555592,16003114363308,400
basic_appreq,2662632,16003117064133,400
basic_appreq,2361388,16003119463468,400
basic_appreq,2718955,16003122219014,400
basic_appreq,1624836,16003123901219,400
basic_appreq,2458001,16003126399491,400
basic_appreq,2747167,16003129194931,400
basic_appreq,1642060,16003130873537,400
basic_appreq,1719947,16003132633665,400
basic_appreq,2348766,16003135010398,400
basic_appreq,2211157,16003137254471,400
basic_appreq,2103262,16003139395581,400
basic_appreq,2669643,16003142096369,400
basic_appreq,2498861,16003144636152,400
basic_appreq,2180126,16003146859010,400
basic_appreq,2294786,16003149193298,400
basic_appreq,1711718,16003150932542,400
basic_appreq,3232220,16003154189455,400
basic_appreq,1609242,16003155838116,400
basic_appreq,2110018,16003157973525,400
basic_appreq,1330932,16003159330016,400
basic_appreq,2649313,16003162002725,400
basic_appreq,1387117,16003163416066,400
basic_appreq,2063897,16003165504795,400
basic_appreq,1599693,16003167129519,400
basic_appreq,2511871,16003169664771,400
basic_appreq,1570051,16003171258453,400
basic_appreq,2116288,16003173398704,400
basic_appreq,1742234,16003175166165,400
basic_appreq,2562267,16003177751442,400
basic_appreq,2432128,16003180208861,400
basic_appreq,1565163,16003181811156,400
basic_appreq,1514313,16003183348791,400
basic_appreq,2667359,16003186038878,400
basic_appreq,2306523,16003188369672,400
basic_appreq,2043728,16003190446980,400
basic_appreq,1895483,16003192377391,400
basic_appreq,2893340,16003195295031,400
basic_appreq,1582516,16003196902336,400
basic_appreq,1521571,16003198449476,400
basic_appreq,2589883,16003201062753,400
basic_appreq,2454648,16003203543009,400
basic_appreq,1623080,16003205197593,400
basic_appreq,1381546,16003206602362,400
basic_appreq,2660229,16003209281425,400
basic_appreq,1668887,16003210969773,400
basic_appreq,1465547,16003212456395,400
basic_appreq,1528640,16003214004811,400
basic_appreq,2683118,16003216706609,400
basic_appreq,1841260,16003218575067,400
basic_appreq,2735844,16003221330328,400
basic_appreq,2343726,16003223694123,400
basic_appreq,2349021,16003226067489,400
basic_appreq,2366903,16003228476227,400
basic_appreq,1216978,16003229724179,400
basic_appreq,2297149,16003232044829,400
basic_appreq,1527185,16003233593389,400
basic_appreq,2535994,16003236149077,400
basic_appreq,2641223,16003238810943,400
basic_appreq,1130970,16003239962144,400
basic_appreq,2105074,16003242085999,400
basic_appreq,2400329,16003244506089,400
basic_appreq,2184666,16003246710052,400
basic_appreq,2404043,16003249132667,400
basic_appreq,1256561,16003250420524,400
basic_appreq,2334222,16003252773443,400
basic_appreq,1320786,16003254113331,400
basic_appreq,2519038,16003256651214,400
basic_appreq,1270732,16003257940809,400
basic_appreq,1977630,16003259936506,400
basic_appreq,1813475,16003261779151,400
basic_appreq,1981069,16003263780855,400
basic_appreq,2338341,16003266149006,400
basic_appreq,1150385,16003267319294,400
basic_appreq,1585682,16003268923043,400
basic_appreq,2500281,16003271442730,400
basic_appreq,1669380,16003273130537,400
basic_appreq,2139725,16003275289541,400
basic_appreq,1233711,16003276551707,400
basic_appreq,1917429,16003278489902,400
basic_appreq,2292940,16003280800883,400
basic_appreq,2226687,16003283046658,400
basic_appreq,2241291,16003285306438,400
basic_appreq,2225750,16003287551484,400
basic_appreq,2976177,16003290546064,400
basic_appreq,1547027,16003292112357,400
basic_appreq,1595495,16003293727144,400
basic_appreq,2295350,16003296040613,400
basic_appreq,1662099,16003297721763,400
basic_appreq,2302583,16003300042563,400
basic_appreq,2253742,16003302315499,400
basic_appreq,1588121,16003303922092,400
basic_appreq,2511885,16003306452497,400
basic_appreq,1558198,16003308031849,400
basic_appreq,1389448,16003309440506,400
basic_appreq,1909131,16003311367983,400
basic_appreq,1896410,16003313284047,400
basic_appreq,2353503,16003315656616,400
basic_appreq,1620307,16003317295145,400
basic_appreq,2715038,16003320031043,400
basic_appreq,1518506,16003321569474,400
basic_appreq,1303141,16003322898729,400
basic_appreq,2267132,16003325183967,400
basic_appreq,2611688,16003327815858,400
basic_appreq,2657806,16003330492076,400
basic_appreq,2003931,16003332516190,400
basic_appreq,2497656,16003335033115,400
basic_appreq,1642968,16003336694158,400
basic_appreq,1328967,16003338043365,400
basic_appreq,2469354,16003340531053,400
basic_appreq,1551417,16003342101796,400
basic_appreq,1325573,16003343446031,400
basic_appreq,2448625,16003345912838,400
basic_appreq,2486093,16003348417974,400
basic_appreq,1522956,16003349960179,400
basic_appreq,1275520,16003351254131,400
basic_appreq,2246614,16003353519002,400
basic_appreq,2034032,16003355571967,400
basic_appreq,2249515,16003357839570,400
basic_appreq,1822924,16003359681546,400
basic_appreq,2059175,16003361758781,400
basic_appreq,1656165,16003363434504,400
basic_appreq,2399829,16003365853284,400
basic_appreq,1375785,16003367249230,400
basic_appreq,1631187,16003368904454,400
basic_appreq,2429860,16003371354041,400
basic_appreq,2479182,16003373851415,400
basic_appreq,1525340,16003375396541,400
basic_appreq,1437944,16003376852397,400
basic_appreq,1893334,16003378764884,400
basic_appreq,2906730,16003381689437,400
basic_appreq,1524653,16003383233080,400
basic_appreq,1586453,16003384837548,400
basic_appreq,1609793,16003386466641,400
basic_appreq,2114953,16003388599520,400
basic_appreq,1596988,16003390216477,400
basic_appreq,1576827,16003391811091,400
basic_appreq,2198293,16003394027349,400
basic_appreq,1539810,16003395586322,400
basic_appreq,2528812,16003398133318,400
basic_appreq,1599875,16003399765074,400
basic_appreq,1479456,16003401262687,400
basic_appreq,2062746,16003403344434,400
basic_appreq,2130368,16003405493445,400
basic_appreq,2128678,16003407641461,400
basic_appreq,1709387,16003409368827,400
basic_appreq,2239550,16003411627440,400
basic_appreq,2307110,16003413952761,400
basic_appreq,2056050,16003416027781,400
basic_appreq,1556471,16003417603534,400
basic_appreq,2398235,16003420019920,400
basic_appreq,1580886,16003421620425,400
basic_appreq,1358741,16003423004502,400
basic_appreq,1899211,16003424921842,400
basic_appreq,2939704,16003427880808,400
basic_appreq,1563519,16003429462676,400
basic_appreq,2171198,16003431652761,400
basic_appreq,1627514,16003433298536,400
basic_appreq,2031098,16003435349472,400
basic_appreq,2704452,16003438071853,400
basic_appreq,1585407,16003439676500,400
basic_appreq,1752072,16003441447425,400
basic_appreq,2288628,16003443754813,400
basic_appreq,2017243,16003445789940,400
basic_appreq,1698777,16003447518882,400
basic_appreq,3368211,16003450909607,400
basic_appreq,1520392,16003452455775,400
basic_appreq,1416559,16003453891063,400
basic_appreq,2104219,16003456013091,400
basic_appreq,2453382,16003458486162,400
basic_appreq,1619079,16003460123048,400
basic_appreq,2241112,16003462382500,400
basic_appreq,2179324,16003464579451,400
basic_appreq,2453994,16003467069546,400
basic_appreq,2242877,16003469329753,400
basic_appreq,2021133,16003471369883,400
basic_appreq,2247591,16003473635008,400
basic_appreq,1548910,16003475202807,400
basic_appreq,3125635,16003478345815,400
basic_appreq,2009156,16003480373173,400
basic_appreq,1679434,16003482071378,400
basic_appreq,1347597,16003483437972,400
basic_appreq,2113899,16003485569134,400
basic_appreq,2484850,16003488072532,400
basic_appreq,1140301,16003489230985,400
basic_appreq,1737839,16003490985886,400
basic_appreq,1697959,16003492700931,400
basic_appreq,1600933,16003494320123,400
basic_appreq,1489469,16003495826714,400
basic_appreq,2332295,16003498175924,400
basic_appreq,1034040,16003499228077,400
basic_appreq,2135965,16003501381408,400
basic_appreq,1860557,16003503259817,400
basic_appreq,2499191,16003505777289,400
basic_appreq,1545871,16003507343057,400
basic_appreq,2300436,16003509661383,400
basic_appreq,2297653,16003511977766,400
basic_appreq,2988982,16003515001087,400
basic_appreq,1468768,16003516496818,400
basic_appreq,1554169,16003518069054,400
basic_appreq,2434706,16003520526753,400
basic_appreq,2369819,16003522928719,400
basic_appreq,2335584,16003525311074,400
basic_appreq,1580588,16003526924015,400
basic_appreq,1698638,16003528652609,400
basic_appreq,2277153,16003530961452,400
basic_appreq,2234391,16003533225565,400
basic_appreq,2226410,16003535475745,400
basic_appreq,2560099,16003538058181,400
basic_appreq,2410052,16003540491468,400
basic_appreq,1700338,16003542215513,400
basic_appreq,2319032,16003544554940,400
basic_appreq,2224015,16003546801669,400
basic_appreq,1653960,16003548478032,400
basic_appreq,2461843,16003550961300,400
basic_appreq,1258382,16003552241773,400
basic_appreq,1516692,16003553781020,400
basic_appreq,2355176,16003556157907,400
basic_appreq,1670462,16003557851498,400
basic_appreq,3021204,16003560893840,400
basic_appreq,1410854,16003562337007,400
basic_appreq,1428730,16003563786009,400
basic_appreq,2376922,16003566184680,400
basic_appreq,1309430,16003567517642,400
basic_appreq,1638160,16003569176469,400
basic_appreq,2569839,16003571767386,400
basic_appreq,2557421,16003574346691,400
basic_appreq,2101518,16003576470977,400
basic_appreq,1730056,16003578224738,400
basic_appreq,2855771,16003581101846,400
basic_appreq,1545474,16003582666746,400
basic_appreq,1638157,16003584324058,400
basic_appreq,2419326,16003586762610,400
basic_appreq,2352523,16003589141966,400
basic_appreq,1575060,16003590736312,400
basic_appreq,1534897,16003592290210,400
basic_appreq,2365685,16003594690261,400
basic_appreq,2445694,16003597158652,400
basic_appreq,1865141,16003599048166,400
basic_appreq,3010821,16003602081695,400
basic_appreq,1634253,16003603740014,400
basic_appreq,2741048,16003606525330,400
basic_appreq,1442595,16003607997962,400
basic_appreq,1754402,16003609789622,400
basic_appreq,2547904,16003612367174,400
basic_appreq,2495881,16003614892697,400
basic_appreq,2169557,16003617089874,400
basic_appreq,2266138,16003619388972,400
basic_appreq,1600372,16003621019807,400
basic_appreq,2297038,16003623348707,400
basic_appreq,2185593,16003625565310,400
basic_appreq,2195144,16003627804637,400
basic_appreq,3058425,16003630890509,400
basic_appreq,1199119,16003632125779,400
basic_appreq,1697201,16003633868824,400
basic_appreq,2171004,16003636072319,400
basic_appreq,2554513,16003638661540,400
basic_appreq,2097028,16003640795217,400
basic_appreq,2315263,16003643145356,400
basic_appreq,3008129,16003646180049,400
basic_appreq,2699505,16003648913689,400
basic_appreq,2420232,16003651368986,400
basic_appreq,2250743,16003653652050,400
basic_appreq,2540320,16003656226452,400
basic_appreq,2376231,16003658636750,400
basic_appreq,1468505,16003660132007,400
basic_appreq,2335180,16003662500704,400
basic_appreq,2502786,16003665035768,400
basic_appreq,2992116,16003668061558,400
basic_appreq,1549472,16003669641770,400
basic_appreq,1536702,16003671205865,400
basic_appreq,2837510,16003674077206,400
basic_appreq,2452131,16003676561625,400
basic_appreq,2342500,16003678936187,400
basic_appreq,1974318,16003680940535,400
basic_appreq,2745494,16003683720950,400
basic_appreq,2498757,16003686255829,400
basic_appreq,1615448,16003687905840,400
basic_appreq,1572104,16003689508765,400
basic_appreq,2334788,16003691875220,400
basic_appreq,2254168,16003694159103,400
basic_appreq,2266765,16003696458211,400
basic_appreq,2113671,16003698612602,400
basic_appreq,2503022,16003701144793,400
basic_appreq,2556061,16003703732262,400
basic_appreq,2102040,16003705877499,400
basic_appreq,2322175,16003708257972,400
basic_appreq,1710876,16003710007856,400
basic_appreq,2532182,16003712570718,400
basic_appreq,1344772,16003713969778,400
basic_appreq,1747373,16003715746959,400
basic_appreq,2272782,16003718049363,400
basic_appreq,2187259,16003720267691,400
basic_appreq,2471851,16003722770991,400
basic_appreq,2550327,16003725350851,400
basic_appreq,2713639,16003728096163,400
basic_appreq,1352862,16003729494693,400
basic_appreq,1869483,16003731394064,400
basic_appreq,2084890,16003733508929,400
basic_appreq,2233907,16003735774484,400
basic_appreq,2204174,16003738007940,400
basic_appreq,2196949,16003740235836,400
basic_appreq,2169703,16003742437103,400
basic_appreq,2456701,16003744923988,400
basic_appreq,2269362,16003747224656,400
basic_appreq,2191678,16003749452897,400
basic_appreq,2308886,16003751813435,400
basic_appreq,2307392,16003754152665,400
basic_appreq,2761390,16003756947875,400
basic_appreq,2546522,16003759527944,400
basic_appreq,2511927,16003762072316,400
basic_appreq,1575761,16003763707433,400
basic_appreq,1852233,16003765592291,400
basic_appreq,2261351,16003767888838,400
basic_appreq,1975962,16003769897773,400
basic_appreq,2728395,16003772661222,400
basic_appreq,2479176,16003775174886,400
basic_appreq,1965148,16003777171206,400
basic_appreq,3025062,16003780236696,400
basic_appreq,1415941,16003781697530,400
basic_appreq,2192875,16003783929968,400
basic_appreq,2377999,16003786338452,400
basic_appreq,1905267,16003788278470,400
basic_appreq,2395971,16003790708233,400
basic_appreq,2422074,16003793162394,400
basic_appreq,2382312,16003795578624,400
basic_appreq,2848054,16003798459300,400
basic_appreq,1470576,16003799964292,400
basic_appreq,2397110,16003802393691,400
basic_appreq,2969500,16003805411541,400
basic_appreq,1542410,16003807002746,400
basic_appreq,2226136,16003809260612,400
basic_appreq,2618852,16003811912836,400
basic_appreq,1501294,16003813460264,400
basic_appreq,2280060,16003815773846,400
basic_appreq,1854007,16003817659810,400
basic_appreq,2589050,16003820282411,400
basic_appreq,2475203,16003822790544,400
basic_appreq,2333774,16003825155884,400
basic_appreq,2201884,16003827390831,400
basic_appreq,2307507,16003829730041,400
basic_appreq,2368047,16003832132274,400
basic_appreq,2583431,16003834748797,400
basic_appreq,2314480,16003837095004,400
basic_appreq,2257496,16003839385914,400
basic_appreq,2320337,16003841737935,400
basic_appreq,1632835,16003843405106,400
basic_appreq,2535813,16003845972873,400
basic_appreq,2419428,16003848425607,400
basic_appreq,2230340,16003850689552,400
basic_appreq,2221419,16003852971109,400
basic_appreq,2512322,16003855527127,400
basic_appreq,2288380,16003857848997,400
basic_appreq,2717054,16003860600961,400
basic_appreq,2383231,16003863030732,400
basic_appreq,1601195,16003864672983,400
basic_appreq,2396672,16003867103248,400
basic_appreq,1590698,16003868750221,400
basic_appreq,1897217,16003870679871,400
basic_appreq,2254454,16003872966411,400
basic_appreq,2097099,16003875097341,400
basic_appreq,1964775,16003877094196,400
basic_appreq,2311442,16003879439200,400
basic_appreq,2488982,16003881959120,400
basic_appreq,2401717,16003884395024,400
basic_appreq,2336146,16003886773712,400
basic_appreq,2350347,16003889155937,400
basic_appreq,1648015,16003890838198,400
basic_appreq,2679734,16003893549855,400
basic_appreq,2414084,16003895997875,400
basic_appreq,2473682,16003898521030,400
basic_appreq,2390434,16003900942833,400
basic_appreq,2887803,16003903864090,400
basic_appreq,2787147,16003906682640,400
basic_appreq,2427533,16003909143420,400
basic_appreq,2261001,16003911437935,400
basic_appreq,2121423,16003913604681,400
basic_appreq,2466203,16003916104526,400
basic_appreq,2335585,16003918474119,400
basic_appreq,2571924,16003921090734,400
basic_appreq,1648937,16003922772848,400
basic_appreq,2882073,16003925687332,400
basic_appreq,1532803,16003927254259,400
basic_appreq,2061134,16003929347430,400
basic_appreq,2058265,16003931439322,400
basic_appreq,1921994,16003933393183,400
basic_appreq,2151376,16003935578641,400
basic_appreq,2612016,16003938221887,400
basic_appreq,2491050,16003940746234,400
basic_appreq,2436886,16003943242628,400
basic_appreq,2373419,16003945670769,400
basic_appreq,2649760,16003948369519,400
basic_appreq,1390968,16003949809150,400
basic_appreq,2212164,16003952054242,400
basic_appreq,1959077,16003954047489,400
basic_appreq,2469107,16003956548735,400
basic_appreq,2414842,16003958997723,400
basic_appreq,2647058,16003961677062,400
basic_appreq,2247402,16003963959057,400
basic_appreq,2469559,16003966460666,400
basic_appreq,1847104,16003968342173,400
basic_appreq,2595192,16003970971618,400
basic_appreq,2163672,16003973167264,400
basic_appreq,2356461,16003975557477,400
basic_appreq,2684781,16003978273887,400
basic_appreq,2222331,16003980527102,400
basic_appreq,2428142,16003982986813,400
basic_appreq,2413615,16003985429486,400
basic_appreq,2326736,16003987788227,400
basic_appreq,2125149,16003989945089,400
basic_appreq,2148856,16003992127149,400
basic_appreq,2785500,16003994946152,400
basic_appreq,2409139,16003997386898,400
basic_appreq,1358749,16003998792567,400
basic_appreq,1662467,16004000487228,400
basic_appreq,1918128,16004002439453,400
basic_appreq,2587334,16004005058874,400
basic_appreq,2311890,16004007405054,400
basic_appreq,2502401,16004009939453,400
basic_appreq,2543617,16004012516558,400
basic_appreq,2452989,16004015002853,400
basic_appreq,1738734,16004016774685,400
basic_appreq,2071188,16004018879705,400
basic_appreq,1893345,16004020805014,400
basic_appreq,2455134,16004023293475,400
basic_appreq,2536260,16004025861280,400
basic_appreq,2438450,16004028333282,400
basic_appreq,2456858,16004030826170,400
basic_appreq,2233761,16004033094877,400
basic_appreq,2060733,16004035212524,400
basic_appreq,2377503,16004037625095,400
basic_appreq,2291765,16004039954033,400
basic_appreq,1481640,16004041501511,400
basic_appreq,1790143,16004043333154,400
basic_appreq,2328932,16004045697595,400
basic_appreq,2100323,16004047835051,400
basic_appreq,2773203,16004050643495,400
basic_appreq,1641937,16004052326355,400
basic_appreq,2745651,16004055102509,400
basic_appreq,2532439,16004057663494,400
basic_appreq,2467741,16004060161051,400
basic_appreq,2560834,16004062753041,400
basic_appreq,2554892,16004065344101,400
basic_appreq,1621328,16004067006727,400
basic_appreq,2172987,16004069221905,400
basic_appreq,2159172,16004071418873,400
basic_appreq,2320385,16004073775345,400
basic_appreq,2530175,16004076342396,400
basic_appreq,2365847,16004078744819,400
basic_appreq,2439492,16004081219430,400
basic_appreq,2128625,16004083385592,400
basic_appreq,2318487,16004085739764,400
basic_appreq,2398798,16004088175787,400
basic_appreq,2375478,16004090584222,400
basic_appreq,2417684,16004093063905,400
basic_appreq,2666302,16004095798505,400
basic_appreq,2206293,16004098044005,400
basic_appreq,2590681,16004100671358,400
basic_appreq,2729404,16004103437457,400
basic_appreq,2905907,16004106394688,400
basic_appreq,2228435,16004108680990,400
basic_appreq,2281898,16004111024858,400
basic_appreq,2494853,16004113592544,400
basic_appreq,1953898,16004115590238,400
basic_appreq,2424212,16004118053722,400
basic_appreq,2430991,16004120528243,400
basic_appreq,2523231,16004123089673,400
basic_appreq,1693282,16004124841529,400
basic_appreq,2461736,16004127337411,400
basic_appreq,2268573,16004129640447,400
basic_appreq,3204175,16004132880569,400
basic_appreq,2397932,16004135315785,400
basic_appreq,2752871,16004138104174,400
basic_appreq,2538415,16004140679161,400
basic_appreq,2400929,16004143116598,400
basic_appreq,2809751,16004145960862,400
basic_appreq,2361631,16004148358771,400
basic_appreq,2855759,16004151251483,400
basic_appreq,2504794,16004153791325,400
basic_appreq,2506371,16004156334628,400
basic_appreq,2328999,16004158700684,400
basic_appreq,2574983,16004161311079,400
basic_appreq,1508090,16004162859687,400
basic_appreq,3016886,16004165915891,400
basic_appreq,2583066,16004168545320,400
basic_appreq,2902084,16004171489656,400
basic_appreq,2382211,16004173906995,400
basic_appreq,2542451,16004176486238,400
basic_appreq,2627467,16004179151072,400
basic_appreq,2786184,16004181985383,400
basic_appreq,2719844,16004184740615,400
basic_appreq,2563703,16004187342334,400
basic_appreq,2560626,16004189938906,400
basic_appreq,2385342,16004192362056,400
basic_appreq,1805152,16004194210275,400
basic_appreq,3264871,16004197521770,400
basic_appreq,1657135,16004199231103,400
basic_appreq,2591643,16004201861724,400
basic_appreq,2374028,16004204296009,400
basic_appreq,2659299,16004206994101,400
basic_appreq,2723721,16004209753318,400
basic_appreq,2522374,16004212313883,400
basic_appreq,2331983,16004214683643,400
basic_appreq,2099952,16004216853551,400
basic_appreq,2633972,16004219523808,400
basic_appreq,2272572,16004221831127,400
basic_appreq,1958861,16004223826890,400
basic_appreq,2136279,16004225997729,400
basic_appreq,2798260,16004228832982,400
basic_appreq,2942405,16004231817122,400
basic_appreq,2875745,16004234728643,400
basic_appreq,2495682,16004237277863,400
basic_appreq,1653518,16004238979853,400
basic_appreq,2526132,16004241553560,400
basic_appreq,2599008,16004244220943,400
basic_appreq,2500317,16004246778294,400
basic_appreq,1786853,16004248612620,400
basic_appreq,2173454,16004250810908,400
basic_appreq,2503592,16004253339591,400
basic_appreq,2785252,16004256156184,400
basic_appreq,2140387,16004258317252,400
basic_appreq,1741771,16004260089062,400
basic_appreq,2474674,16004262600034,400
basic_appreq,2280288,16004264898919,400
basic_appreq,1465733,16004266394567,400
basic_appreq,2525011,16004268937652,400
basic_appreq,1595421,16004270553879,400
basic_appreq,2307762,16004272890790,400
basic_appreq,1459508,16004274381394,400
basic_appreq,1466035,16004275867395,400
basic_appreq,2216197,16004278109387,400
basic_appreq,1803249,16004279933427,400
basic_appreq,2243879,16004282195386,400
basic_appreq,2563144,16004284778108,400
basic_appreq,2618762,16004287421337,400
basic_appreq,2437260,16004289899047,400
basic_appreq,2634749,16004292562891,400
basic_appreq,1459073,16004294074718,400
basic_appreq,1612788,16004295727473,400
basic_appreq,2746790,16004298506259,400
basic_appreq,2364748,16004300904322,400
basic_appreq,2337402,16004303267127,400
basic_appreq,2462164,16004305749176,400
basic_appreq,2268301,16004308040502,400
basic_appreq,1338846,16004309402275,400
basic_appreq,1968102,16004311390341,400
basic_appreq,2275723,16004313694265,400
basic_appreq,3016887,16004316732286,400
basic_appreq,2469235,16004319229898,400
basic_appreq,1657437,16004320910002,400
basic_appreq,2140342,16004323073067,400
basic_appreq,1468710,16004324563563,400
basic_appreq,2455695,16004327047705,400
basic_appreq,2320995,16004329390580,400
basic_appreq,2421813,16004331835215,400
basic_appreq,1590821,16004333465902,400
basic_appreq,2234124,16004335722995,400
basic_appreq,2386977,16004338143603,400
basic_appreq,2853988,16004341020715,400
basic_appreq,1611103,16004342676088,400
basic_appreq,1895429,16004344612427,400
basic_appreq,2200456,16004346864296,400
basic_appreq,2713276,16004349606870,400
basic_appreq,2559589,16004352223933,400
basic_appreq,1565931,16004353830091,400
basic_appreq,2037981,16004355892520,400
basic_appreq,2450729,16004358374406,400
basic_appreq,2055575,16004360469975,400
basic_appreq,2316589,16004362813179,400
basic_appreq,1491383,16004364329302,400
basic_appreq,2106109,16004366461675,400
basic_appreq,1728245,16004368214667,400
basic_appreq,2249543,16004370488983,400
basic_appreq,2306205,16004372820850,400
basic_appreq,2182658,16004375029913,400
basic_appreq,2260378,16004377313955,400
basic_appreq,2185781,16004379538904,400
basic_appreq,2510952,16004382074777,400
basic_appreq,2639921,16004384741604,400
basic_appreq,2366244,16004387134368,400
basic_appreq,1611986,16004388770517,400
basic_appreq,1985973,16004390782821,400
basic_appreq,2027659,16004392836567,400
basic_appreq,1985851,16004394846731,400
basic_appreq,2367236,16004397231598,400
basic_appreq,1695035,16004398944716,400
basic_appreq,2772776,16004401734447,400
basic_appreq,1674273,16004403426185,400
basic_appreq,2473873,16004405924109,400
basic_appreq,1501548,16004407454719,400
basic_appreq,1308255,16004408786314,400
basic_appreq,1439971,16004410243398,400
basic_appreq,2518732,16004412778647,400
basic_appreq,1380873,16004414176944,400
basic_appreq,1536526,16004415729920,400
basic_appreq,2157478,16004417904010,400
basic_appreq,1929770,16004419850894,400
basic_appreq,2188963,16004422056359,400
basic_appreq,1568691,16004423642398,400
basic_appreq,2366380,16004426025197,400
basic_appreq,2348121,16004428398625,400
basic_appreq,2803582,16004431226910,400
basic_appreq,2603584,16004433853615,400
basic_appreq,2603703,16004436497009,400
basic_appreq,1379659,16004437905069,400
basic_appreq,1542785,16004439479239,400
basic_appreq,2552950,16004442055531,400
basic_appreq,2790326,16004444875941,400
basic_appreq,2365177,16004447265573,400
basic_appreq,1439476,16004448731503,400
basic_appreq,1787503,16004450550140,400
basic_appreq,2389229,16004452980886,400
basic_appreq,2606804,16004455616119,400
basic_appreq,2376989,16004458020781,400
basic_appreq,2881138,16004460937281,400
basic_appreq,1438140,16004462406724,400
basic_appreq,1525722,16004463962279,400
basic_appreq,2304427,16004466294057,400
basic_appreq,1816419,16004468155159,400
basic_appreq,2306171,16004470495629,400
basic_appreq,2437651,16004472965470,400
basic_appreq,2125965,16004475119654,400
basic_appreq,2471741,16004477618758,400
basic_appreq,2298371,16004479951501,400
basic_appreq,2239794,16004482224965,400
basic_appreq,2542982,16004484801783,400
basic_appreq,2418689,16004487254906,400
basic_appreq,2386175,16004489674765,400
basic_appreq,2382573,16004492104552,400
basic_appreq,1795430,16004493938430,400
basic_appreq,2008831,16004495986831,400
basic_appreq,2180555,16004498220940,400
basic_appreq,2061864,16004500316190,400
basic_appreq,2257509,16004502610634,400
basic_appreq,2221779,16004504863192,400
basic_appreq,2381258,16004507277243,400
basic_appreq,2372718,16004509705438,400
basic_appreq,1532958,16004511292375,400
basic_appreq,1762552,16004513094286,400
basic_appreq,2766219,16004515897648,400
basic_appreq,2281103,16004518214254,400
basic_appreq,2362072,16004520615989,400
basic_appreq,2269475,16004522922930,400
basic_appreq,2835910,16004525789966,400
basic_appreq,2370674,16004528193403,400
basic_appreq,2605179,16004530856157,400
basic_appreq,2770987,16004533699994,400
basic_appreq,1534875,16004535308818,400
basic_appreq,1767527,16004537116034,400
basic_appreq,2536671,16004539690146,400
basic_appreq,2991123,16004542717403,400
basic_appreq,2630649,16004545385946,400
basic_appreq,2601364,16004548025045,400
basic_appreq,2598306,16004550663849,400
basic_appreq,2275002,16004552975068,400
basic_appreq,2515476,16004555529395,400
basic_appreq,2331749,16004557893027,400
basic_appreq,2050561,16004559977793,400
basic_appreq,2371679,16004562400707,400
basic_appreq,2288658,16004564723321,400
basic_appreq,1999386,16004566760985,400
basic_appreq,2313712,16004569110523,400
basic_appreq,2196405,16004571344950,400
basic_appreq,2435086,16004573816292,400
basic_appreq,2889848,16004576783855,400
basic_appreq,2331768,16004579153960,400
basic_appreq,2343777,16004581534089,400
basic_appreq,2618863,16004584226833,400
basic_appreq,2070778,16004586336966,400
basic_appreq,2442185,16004588815881,400
basic_appreq,2527502,16004591382123,400
basic_appreq,2582518,16004594001023,400
basic_appreq,2410336,16004596451272,400
basic_appreq,2827153,16004599325558,400
basic_appreq,1696753,16004601085772,400
basic_appreq,3056769,16004604186039,400
basic_appreq,2761147,16004606987005,400
basic_appreq,2676780,16004609701098,400
basic_appreq,2791684,16004612532428,400
basic_appreq,2485216,16004615058797,400
basic_appreq,2701577,16004617803491,400
basic_appreq,3128197,16004621004662,400
basic_appreq,1617261,16004622665362,400
basic_appreq,2103196,16004624811348,400
basic_appreq,2059018,16004626912064,400
basic_appreq,2230130,16004629177883,400
basic_appreq,2240582,16004631456455,400
basic_appreq,2381003,16004633873694,400
basic_appreq,2713560,16004636646735,400
basic_appreq,2350981,16004639036434,400
basic_appreq,2178407,16004641251259,400
basic_appreq,2316514,16004643606638,400
basic_appreq,2924156,16004646569880,400
basic_appreq,2721575,16004649331010,400
basic_appreq,2762605,16004652133995,400
basic_appreq,2193504,16004654397973,400
basic_appreq,2421776,16004656864030,400
basic_appreq,1647123,16004658557381,400
basic_appreq,2075759,16004660679904,400
basic_appreq,1814670,16004662535616,400
basic_appreq,2314083,16004664886069,400
basic_appreq,2253186,16004667177277,400
basic_appreq,2886111,16004670099573,400
basic_appreq,2655258,16004672795954,400
basic_appreq,2511673,16004675347276,400
basic_appreq,2486483,16004677874604,400
basic_appreq,2504046,16004680426123,400
basic_appreq,1730556,16004682202623,400
basic_appreq,2267851,16004684515058,400
basic_appreq,2071366,16004686632393,400
basic_appreq,3000329,16004689670968,400
basic_appreq,2560063,16004692273138,400
basic_appreq,2699290,16004695010798,400
basic_appreq,2642745,16004697689784,400
basic_appreq,2201313,16004699930380,400
basic_appreq,2361729,16004702328316,400
basic_appreq,2446440,16004704839467,400
basic_appreq,1577722,16004706501664,400
basic_appreq,3349062,16004709890606,400
basic_appreq,2417613,16004712347098,400
basic_appreq,2337505,16004714729031,400
basic_appreq,2015928,16004716790730,400
basic_appreq,3229423,16004720066384,400
basic_appreq,2402339,16004722512058,400
basic_appreq,2821256,16004725378375,400
basic_appreq,2794722,16004728209813,400
basic_appreq,1653961,16004729932261,400
basic_appreq,2993482,16004732963618,400
basic_appreq,2364839,16004735382561,400
basic_appreq,1638299,16004737064198,400
basic_appreq,2334882,16004739443368,400
basic_appreq,1851060,16004741338930,400
basic_appreq,2487550,16004743865725,400
basic_appreq,2679961,16004746583084,400
basic_appreq,2150041,16004748773158,400
basic_appreq,2455313,16004751273299,400
basic_appreq,2579788,16004753890879,400
basic_appreq,2337490,16004756268898,400
basic_appreq,2763813,16004759087865,400
basic_appreq,2288308,16004761414567,400
basic_appreq,2203027,16004763657940,400
basic_appreq,1705374,16004765410174,400
basic_appreq,2514017,16004767974017,400
basic_appreq,2589695,16004770623265,400
basic_appreq,2177396,16004772839281,400
basic_appreq,2585197,16004775466915,400
basic_appreq,2390839,16004777899932,400
basic_appreq,1983202,16004779929577,400
basic_appreq,2487388,16004782461453,400
basic_appreq,2218705,16004784721217,400
basic_appreq,2393785,16004787153572,400
basic_appreq,2709379,16004789895195,400
basic_appreq,2441730,16004792373706,400
basic_appreq,2051761,16004794475876,400
basic_appreq,2422920,16004796938905,400
basic_appreq,1126467,16004798119323,400
basic_appreq,1888484,16004800052249,400
basic_appreq,2269589,16004802363116,400
basic_appreq,2679381,16004805080188,400
basic_appreq,2484340,16004807604186,400
basic_appreq,3009952,16004810654189,400
basic_appreq,1606080,16004812312295,400
basic_appreq,2241213,16004814593661,400
basic_appreq,2403679,16004817041578,400
basic_appreq,2236294,16004819325684,400
basic_appreq,2462430,16004821833160,400
basic_appreq,1948477,16004823836832,400
basic_appreq,2909330,16004826781686,400
basic_appreq,2561973,16004829380869,400
basic_appreq,2871972,16004832294461,400
basic_appreq,2589856,16004834925594,400
basic_appreq,2408187,16004837373590,400
basic_appreq,2881385,16004840304174,400
basic_appreq,2549077,16004842895984,400
basic_appreq,1795515,16004844737130,400
basic_appreq,2203755,16004846984070,400
basic_appreq,2766326,16004849795619,400
basic_appreq,2337611,16004852174235,400
basic_appreq,1692682,16004853928495,400
basic_appreq,2225208,16004856193179,400
basic_appreq,1939819,16004858179431,400
basic_appreq,2484638,16004860699686,400
basic_appreq,2436034,16004863172977,400
basic_appreq,2510065,16004865721760,400
basic_appreq,2209644,16004867972062,400
basic_appreq,1972826,16004870003096,400
basic_appreq,2390375,16004872433367,400
basic_appreq,2604231,16004875077076,400
basic_appreq,2846405,16004877959257,400
basic_appreq,2459872,16004880462086,400
basic_appreq,2090539,16004882600313,400
basic_appreq,2073151,16004884713942,400
basic_appreq,2546392,16004887314741,400
basic_appreq,2347829,16004889699381,400
basic_appreq,2449360,16004892189572,400
basic_appreq,2378485,16004894605784,400
basic_appreq,2750912,16004897392451,400
basic_appreq,2616019,16004900047069,400
basic_appreq,2325776,16004902411553,400
basic_appreq,2476817,16004904951878,400
basic_appreq,2254972,16004907248883,400
basic_appreq,2601738,16004909892728,400
basic_appreq,2672395,16004912611427,400
basic_appreq,2361340,16004915021294,400
basic_appreq,2562282,16004917626453,400
basic_appreq,2234820,16004919905634,400
basic_appreq,1538293,16004921522083,400
basic_appreq,2339252,16004923899342,400
basic_appreq,2756666,16004926692168,400
basic_appreq,1762069,16004928531530,400
basic_appreq,3480505,16004932055467,400
basic_appreq,2558930,16004934655573,400
basic_appreq,2277270,16004936970025,400
basic_appreq,2547924,16004939558839,400
basic_appreq,2665035,16004942260044,400
basic_appreq,2749996,16004945047729,400
basic_appreq,1570056,16004946690765,400
basic_appreq,2297829,16004949028345,400
basic_appreq,2241136,16004951322305,400
basic_appreq,2653192,16004954025906,400
basic_appreq,1778179,16004955888289,400
basic_appreq,2308446,16004958241790,400
basic_appreq,2249506,16004960538087,400
basic_appreq,2241058,16004962825392,400
basic_appreq,2422932,16004965281003,400
basic_appreq,2653627,16004967968883,400
basic_appreq,2737744,16004970761283,400
basic_appreq,2825584,16004973626921,400
basic_appreq,2748991,16004976414846,400
basic_appreq,2064008,16004978520185,400
basic_appreq,2522541,16004981101671,400
basic_appreq,2421654,16004983571980,400
basic_appreq,2153433,16004985789226,400
basic_appreq,3175215,16004989004424,400
basic_appreq,2720746,16004991765480,400
basic_appreq,2555306,16004994358946,400
basic_appreq,2474934,16004996876685,400
basic_appreq,2203142,16004999124580,400
basic_appreq,2276394,16005001445201,400
basic_appreq,3129223,16005004621706,400
basic_appreq,2429046,16005007089047,400
basic_appreq,1961389,16005009090950,400
basic_appreq,2321457,16005011454609,400
basic_appreq,1678474,16005013177737,400
basic_appreq,2652923,16005015867556,400
basic_appreq,2581624,16005018484600,400
basic_appreq,2310450,16005020837057,400
basic_appreq,1733019,16005022620085,400
basic_appreq,2568725,16005025225952,400
basic_appreq,2503074,16005027768459,400
basic_appreq,2187206,16005029993455,400
basic_appreq,2392619,16005032428263,400
basic_appreq,1313217,16005033804926,400
basic_appreq,1779242,16005035628262,400
basic_appreq,2603853,16005038266922,400
basic_appreq,2455738,16005040759577,400
basic_appreq,2342313,16005043139666,400
basic_appreq,2606084,16005045783301,400
basic_appreq,2414512,16005048235962,400
basic_appreq,1514232,16005049800219,400
basic_appreq,2476850,16005052323071,400
basic_appreq,1734389,16005054100426,400
basic_appreq,2728553,16005056867078,400
basic_appreq,2284586,16005059190857,400
basic_appreq,2613315,16005061841275,400
basic_appreq,2442793,16005064324301,400
basic_appreq,2324384,16005066692237,400
basic_appreq,2484310,16005069216604,400
basic_appreq,2891452,16005072151862,400
basic_appreq,2862878,16005075114578,400
basic_appreq,2717995,16005077871263,400
basic_appreq,2508021,16005080427157,400
basic_appreq,2168348,16005082674663,400
basic_appreq,2888819,16005085604988,400
basic_appreq,2636559,16005088281218,400
basic_appreq,2681270,16005091003178,400
basic_appreq,2419485,16005093463100,400
basic_appreq,2361281,16005095863695,400
basic_appreq,2565428,16005098467159,400
basic_appreq,2292015,16005100810366,400
basic_appreq,1588323,16005102468303,400
basic_appreq,2391864,16005104903187,400
basic_appreq,2251028,16005107203140,400
basic_appreq,2167245,16005109410317,400
basic_appreq,2900277,16005112346961,400
basic_appreq,2786327,16005115173073,400
basic_appreq,2351184,16005117560119,400
basic_appreq,2104270,16005119743799,400
basic_appreq,2208400,16005121994582,400
basic_appreq,1775463,16005123813707,400
basic_appreq,2616022,16005126467577,400
basic_appreq,2563139,16005129073409,400
basic_appreq,2631534,16005131741215,400
basic_appreq,2549975,16005134325783,400
basic_appreq,2637705,16005136999596,400
basic_appreq,2163515,16005139210769,400
basic_appreq,2426127,16005141681978,400
basic_appreq,1806107,16005143536205,400
basic_appreq,2256827,16005145837477,400
basic_appreq,2094987,16005147979647,400
basic_appreq,2273431,16005150316776,400
basic_appreq,2627834,16005152981946,400
basic_appreq,2660773,16005155712384,400
basic_appreq,2734961,16005158483680,400
basic_appreq,2758927,16005161282751,400
basic_appreq,2337835,16005163660870,400
basic_appreq,1749513,16005165455317,400
basic_appreq,2300680,16005167805649,400
basic_appreq,2226843,16005170074159,400
basic_appreq,3034573,16005173156828,400
basic_appreq,2037527,16005175251254,400
basic_appreq,3350515,16005178638563,400
basic_appreq,2522731,16005181198574,400
basic_appreq,2186457,16005183424589,400
basic_appreq,2244303,16005185705799,400
basic_appreq,2278845,16005188023415,400
basic_appreq,2416492,16005190481256,400
basic_appreq,2325534,16005192844703,400
basic_appreq,2815484,16005195700491,400
basic_appreq,2848794,16005198585860,400
basic_appreq,2226089,16005200853051,400
basic_appreq,2298370,16005203191657,400
basic_appreq,2255491,16005205485863,400
basic_appreq,2256653,16005207783493,400
basic_appreq,2422824,16005210246752,400
basic_appreq,1543552,16005211850741,400
basic_appreq,2206504,16005214094905,400
basic_appreq,2187350,16005216328634,400
basic_appreq,1859577,16005218234028,400
basic_appreq,2128547,16005220410804,400
basic_appreq,2671202,16005223118212,400
basic_appreq,2743229,16005225898801,400
basic_appreq,2596084,16005228536118,400
basic_appreq,2205437,16005230785476,400
basic_appreq,2197207,16005233026699,400
basic_appreq,2829172,16005235902101,400
basic_appreq,2866872,16005238804707,400
basic_appreq,2846706,16005241691245,400
basic_appreq,2558147,16005244291799,400
basic_appreq,2377077,16005246714061,400
basic_appreq,1983256,16005248742637,400
basic_appreq,2124662,16005250915322,400
basic_appreq,1906679,16005252860831,400
basic_appreq,2544930,16005255445050,400
basic_appreq,2759821,16005258239859,400
basic_appreq,2571268,16005260851000,400
basic_appreq,2133695,16005263022970,400
basic_appreq,2355670,16005265414237,400
basic_appreq,2599466,16005268061910,400
basic_appreq,2504219,16005270610467,400
basic_appreq,2072615,16005272724202,400
basic_appreq,2258705,16005275029757,400
basic_appreq,2664767,16005277739370,400
basic_appreq,2952960,16005280727225,400
basic_appreq,2732658,16005283495068,400
basic_appreq,2686737,16005286214831,400
basic_appreq,1941771,16005288200893,400
basic_appreq,2247879,16005290497297,400
basic_appreq,3056109,16005293597637,400
basic_appreq,1606178,16005295268163,400
basic_appreq,2115931,16005297428551,400
basic_appreq,2004904,16005299480712,400
basic_appreq,2287248,16005301805339,400
basic_appreq,2324103,16005304169672,400
basic_appreq,2614817,16005306824750,400
basic_appreq,2302520,16005309164407,400
basic_appreq,2673806,16005311873752,400
basic_appreq,2351533,16005314259695,400
basic_appreq,2688657,16005316984172,400
basic_appreq,1588560,16005318609255,400
basic_appreq,3239711,16005321892165,400
basic_appreq,2256995,16005324218741,400
basic_appreq,2185063,16005326449475,400
basic_appreq,3013926,16005329504657,400
basic_appreq,2191419,16005331738060,400
basic_appreq,2760271,16005334538312,400
basic_appreq,2381285,16005336962658,400
basic_appreq,2072438,16005339084081,400
basic_appreq,2773066,16005341901347,400
basic_appreq,2449062,16005344398857,400
basic_appreq,2076562,16005346509839,400
basic_appreq,2089978,16005348632099,400
basic_appreq,2282149,16005350950011,400
basic_appreq,2099820,16005353083557,400
basic_appreq,2395823,16005355543600,400
basic_appreq,1722401,16005357311762,400
basic_appreq,2086208,16005359444329,400
basic_appreq,2178608,16005361667605,400
basic_appreq,2396912,16005364121716,400
basic_appreq,2074730,16005366242813,400
basic_appreq,2614235,16005368894653,400
basic_appreq,2098104,16005371028229,400
basic_appreq,2685507,16005373747651,400
basic_appreq,2748897,16005376538162,400
basic_appreq,2371482,16005378952142,400
basic_appreq,3090357,16005382082318,400
basic_appreq,2546785,16005384670969,400
basic_appreq,2631724,16005387340646,400
basic_appreq,2610857,16005389988998,400
basic_appreq,1782244,16005391821101,400
basic_appreq,2247693,16005394109705,400
basic_appreq,2662465,16005396813824,400
basic_appreq,1581524,16005398443440,400
basic_appreq,2474068,16005400956858,400
basic_appreq,2443492,16005403443784,400
basic_appreq,2406259,16005405894643,400
basic_appreq,2010791,16005407948570,400
basic_appreq,2166612,16005410155384,400
basic_appreq,2687736,16005412880379,400
basic_appreq,2488846,16005415406893,400
basic_appreq,2693941,16005418140223,400
basic_appreq,3002681,16005421185747,400
basic_appreq,2371598,16005423601396,400
basic_appreq,2189983,16005425837479,400
basic_appreq,2336386,16005428212408,400
basic_appreq,2828289,16005431077952,400
basic_appreq,1429711,16005432571704,400
basic_appreq,1841470,16005434452434,400
basic_appreq,2912635,16005437399780,400
basic_appreq,2687129,16005440127848,400
basic_appreq,2514220,16005442683275,400
basic_appreq,2349425,16005445100762,400
basic_appreq,2957859,16005448142320,400
basic_appreq,2233586,16005450417124,400
basic_appreq,2250285,16005452709811,400
basic_appreq,3076929,16005455833733,400
basic_appreq,2154175,16005458026177,400
basic_appreq,2293062,16005460362858,400
basic_appreq,3017624,16005463448239,400
basic_appreq,2261275,16005465749503,400
basic_appreq,2320952,16005468111873,400
basic_appreq,2912837,16005471071694,400
basic_appreq,2274634,16005473385800,400
basic_appreq,1995839,16005475425566,400
basic_appreq,2656652,16005478123130,400
basic_appreq,2917082,16005481083257,400
basic_appreq,2560772,16005483682012,400
basic_appreq,2530422,16005486247997,400
basic_appreq,1992872,16005488280531,400
basic_appreq,1622852,16005489956647,400
basic_appreq,2233664,16005492236263,400
basic_appreq,2877070,16005495161487,400
basic_appreq,2989088,16005498195745,400
basic_appreq,2487318,16005500728306,400
basic_appreq,2727438,16005503491942,400
basic_appreq,2221967,16005505758960,400
basic_appreq,2143292,16005507945578,400
basic_appreq,2098184,16005510087715,400
basic_appreq,1764083,16005511898793,400
basic_appreq,2670485,16005514604798,400
basic_appreq,2813279,16005517455564,400
basic_appreq,2244951,16005519741487,400
basic_appreq,3023626,16005522804653,400
basic_appreq,2544205,16005525393473,400
basic_appreq,1705982,16005527166916,400
basic_appreq,2288965,16005529511711,400
basic_appreq,2347891,16005531905902,400
basic_appreq,2395600,16005534341237,400
basic_appreq,1840304,16005536228355,400
basic_appreq,2985230,16005539254453,400
basic_appreq,2671878,16005541964244,400
basic_appreq,2513533,16005544517131,400
basic_appreq,2833824,16005547388886,400
basic_appreq,2439396,16005549863927,400
basic_appreq,2523619,16005552430177,400
basic_appreq,2215063,16005554688408,400
basic_appreq,2137873,16005556894378,400
basic_appreq,2338852,16005559275135,400
basic_appreq,2284838,16005561601588,400
basic_appreq,2613395,16005564253885,400
basic_appreq,2863364,16005567152160,400
basic_appreq,2150355,16005569337685,400
basic_appreq,2591132,16005571976534,400
basic_appreq,2553054,16005574598606,400
basic_appreq,2699869,16005577366012,400
basic_appreq,1752110,16005579172354,400
basic_appreq,2268546,16005581486229,400
basic_appreq,2646897,16005584182475,400
basic_appreq,3023406,16005587267669,400
basic_appreq,2498592,16005589799258,400
basic_appreq,2849059,16005592682417,400
basic_appreq,2070690,16005594787535,400
basic_appreq,2221927,16005597042998,400
basic_appreq,2685414,16005599776072,400
basic_appreq,2382698,16005602197022,400
basic_appreq,1699527,16005603941325,400
basic_appreq,2488720,16005606469371,400
basic_appreq,2489049,16005609027035,400
basic_appreq,2158137,16005611224313,400
basic_appreq,2757459,16005614019180,400
basic_appreq,2285350,16005616343644,400
basic_appreq,2420138,16005618804264,400
basic_appreq,2746629,16005621594434,400
basic_appreq,2238429,16005623870645,400
basic_appreq,2615581,16005626526909,400
basic_appreq,2638455,16005629207932,400
basic_appreq,2392156,16005631639645,400
basic_appreq,1735523,16005633422276,400
basic_appreq,2067560,16005635532693,400
basic_appreq,2329332,16005637902484,400
basic_appreq,2784486,16005640729947,400
basic_appreq,2587598,16005643360699,400
basic_appreq,2888655,16005646295011,400
basic_appreq,1530599,16005647902575,400
basic_appreq,2200752,16005650147068,400
basic_appreq,2074381,16005652263905,400
basic_appreq,2023461,16005654333527,400
basic_appreq,2046291,16005656415321,400
basic_appreq,2443298,16005658896139,400
basic_appreq,2725640,16005661659411,400
basic_appreq,2571150,16005664271725,400
basic_appreq,2109009,16005666436384,400
basic_appreq,2141654,16005668619945,400
basic_appreq,2805391,16005671466691,400
basic_appreq,2242748,16005673742778,400
basic_appreq,2158016,16005675935067,400
basic_appreq,2345474,16005678313037,400
basic_appreq,2000241,16005680347346,400
basic_appreq,2291758,16005682681403,400
basic_appreq,2396736,16005685120211,400
basic_appreq,1755815,16005686940472,400
basic_appreq,1756860,16005688741571,400
basic_appreq,2732425,16005691513865,400
basic_appreq,3107197,16005694660858,400
basic_appreq,2613095,16005697333180,400
basic_appreq,2872326,16005700261585,400
basic_appreq,2013833,16005702331628,400
basic_appreq,2104229,16005704476597,400
basic_appreq,2014234,16005706524009,400
basic_appreq,2361722,16005708918777,400
basic_appreq,1722388,16005710673537,400
basic_appreq,2310917,16005713016023,400
basic_appreq,2225986,16005715274221,400
basic_appreq,2253323,16005717556681,400
basic_appreq,2866796,16005720454016,400
basic_appreq,1030848,16005721526580,400
basic_appreq,1968832,16005723521067,400
basic_appreq,2259369,16005725812346,400
basic_appreq,2314688,16005728151578,400
basic_appreq,2375083,16005730554453,400
basic_appreq,2294604,16005732878837,400
basic_appreq,2233212,16005735142553,400
basic_appreq,2046386,16005737215648,400
basic_appreq,1586289,16005738845966,400
basic_appreq,1615496,16005740485632,400
basic_appreq,2576202,16005743087571,400
basic_appreq,2182889,16005745303731,400
basic_appreq,2181474,16005747511066,400
basic_appreq,2123824,16005749659241,400
basic_appreq,2205420,16005751895318,400
basic_appreq,1625830,16005753546038,400
basic_appreq,2730175,16005756311876,400
basic_appreq,1741719,16005758082743,400
basic_appreq,2771795,16005760884977,400
basic_appreq,1642393,16005762559501,400
basic_appreq,1783050,16005764373317,400
basic_appreq,2149959,16005766556603,400
basic_appreq,2445640,16005769036008,400
basic_appreq,2665201,16005771737615,400
basic_appreq,2040377,16005773809156,400
basic_appreq,2564075,16005776412957,400
basic_appreq,1543723,16005777998010,400
basic_appreq,1716424,16005779747733,400
basic_appreq,31218503,16005811001611,400
basic_appreq,2310299,16005813351973,400
basic_appreq,2809419,16005816207556,400
basic_appreq,2336810,16005818584568,400
basic_appreq,1888456,16005820519406,400
basic_appreq,1902222,16005822470949,400
basic_appreq,2504023,16005825008159,400
basic_appreq,1727064,16005826796424,400
basic_appreq,2045284,16005828875576,400
basic_appreq,1989488,16005830902424,400
basic_appreq,2103799,16005833048152,400
basic_appreq,2345346,16005835432463,400
basic_appreq,2381871,16005837851701,400
basic_appreq,2578809,16005840486073,400
basic_appreq,2354731,16005842889108,400
basic_appreq,2766921,16005845696332,400
basic_appreq,2547001,16005848293046,400
basic_appreq,1571769,16005849919174,400
basic_appreq,1560060,16005851513315,400
basic_appreq,2691707,16005854247142,400
basic_appreq,2595652,16005856894140,400
basic_appreq,2435021,16005859367757,400
basic_appreq,2862361,16005862270310,400
basic_appreq,2704466,16005865018496,400
basic_appreq,2542261,16005867599525,400
basic_appreq,2384786,16005870022373,400
basic_appreq,2569730,16005872636755,400
basic_appreq,2085016,16005874766986,400
basic_appreq,2726677,16005877558602,400
basic_appreq,1751646,16005879358021,400
basic_appreq,1780252,16005881179650,400
basic_appreq,2829412,16005884047085,400
basic_appreq,2243786,16005886329682,400
basic_appreq,2438887,16005888804251,400
basic_appreq,2325804,16005891168969,400
basic_appreq,1784274,16005893010909,400
basic_appreq,3207208,16005896261838,400
basic_appreq,2738266,16005899038549,400
basic_appreq,2490085,16005901568149,400
basic_appreq,2141966,16005903779982,400
basic_appreq,2105121,16005905925597,400
basic_appreq,2280729,16005908252461,400
basic_appreq,1837577,16005910138040,400
basic_appreq,2108596,16005912285709,400
basic_appreq,2445297,16005914765076,400
basic_appreq,2544020,16005917341306,400
basic_appreq,1377541,16005918780950,400
basic_appreq,2058237,16005920870872,400
basic_appreq,2772321,16005923675998,400
basic_appreq,1432303,16005925141370,400
basic_appreq,2425027,16005927599342,400
basic_appreq,1729170,16005929378928,400
basic_appreq,2338558,16005931749066,400
basic_appreq,2170277,16005933949644,400
basic_appreq,2119916,16005936101668,400
basic_appreq,2678758,16005938813279,400
basic_appreq,2537960,16005941385482,400
basic_appreq,2413830,16005943836602,400
basic_appreq,2082385,16005945966897,400
basic_appreq,2394350,16005948429435,400
basic_appreq,1489979,16005950009173,400
basic_appreq,2236229,16005952285552,400
basic_appreq,2150838,16005954483312,400
basic_appreq,2381892,16005956905502,400
basic_appreq,2179611,16005959130399,400
basic_appreq,2525143,16005961693811,400
basic_appreq,2487128,16005964205027,400
basic_appreq,2063252,16005966293591,400
basic_appreq,2094345,16005968412438,400
basic_appreq,2550119,16005970986175,400
basic_appreq,2023272,16005973031383,400
basic_appreq,1721554,16005974776092,400
basic_appreq,2061420,16005976862447,400
basic_appreq,2190339,16005979082515,400
basic_appreq,1671198,16005980785640,400
basic_appreq,2620241,16005983426948,400
basic_appreq,1626660,16005985073867,400
basic_appreq,2146735,16005987248394,400
basic_appreq,1728632,16005989000757,400
basic_appreq,2158766,16005991183724,400
basic_appreq,2230117,16005993438091,400
basic_appreq,2021185,16005995509399,400
basic_appreq,2542634,16005998080669,400
basic_appreq,2383468,16006000495296,400
basic_appreq,2082450,16006002608300,400
basic_appreq,1746705,16006004386342,400
basic_appreq,2893770,16006007312101,400
basic_appreq,1656420,16006009002426,400
basic_appreq,2145712,16006011184832,400
basic_appreq,2303142,16006013523089,400
basic_appreq,2443761,16006015999986,400
basic_appreq,2609751,16006018676558,400
basic_appreq,1398244,16006020137596,400
basic_appreq,2407066,16006022582170,400
basic_appreq,2299491,16006024921807,400
basic_appreq,2167829,16006027132654,400
basic_appreq,2299972,16006029472973,400
basic_appreq,1880333,16006031395779,400
basic_appreq,2441457,16006033873588,400
basic_appreq,2444230,16006036355181,400
basic_appreq,2577748,16006038968375,400
basic_appreq,2489963,16006041492559,400
basic_appreq,2498979,16006044028677,400
basic_appreq,2556223,16006046624186,400
basic_appreq,2759821,16006049422220,400
basic_appreq,1591823,16006051070480,400
basic_appreq,2464884,16006053573138,400
basic_appreq,2751491,16006056364184,400
basic_appreq,1625254,16006058046603,400
basic_appreq,2181394,16006060265638,400
basic_appreq,2021530,16006062330258,400
basic_appreq,2117284,16006064480969,400
basic_appreq,2482936,16006067013667,400
basic_appreq,2502227,16006069550273,400
basic_appreq,2445899,16006072032937,400
basic_appreq,2194298,16006074278951,400
basic_appreq,2214954,16006076527938,400
basic_appreq,2290850,16006078854960,400
basic_appreq,2795103,16006081686491,400
basic_appreq,2452721,16006084177385,400
basic_appreq,2237551,16006086453826,400
basic_appreq,2264807,16006088755897,400
basic_appreq,2342509,16006091137169,400
basic_appreq,2459152,16006093631094,400
basic_appreq,2514076,16006096182654,400
basic_appreq,1383522,16006097606980,400
basic_appreq,2559445,16006100201945,400
basic_appreq,2050287,16006102288837,400
basic_appreq,2323956,16006104647433,400
basic_appreq,2487732,16006107170682,400
basic_appreq,2374604,16006109579962,400
basic_appreq,2928492,16006112566571,400
basic_appreq,2440352,16006115045974,400
basic_appreq,2705726,16006117792806,400
basic_appreq,2595392,16006120431841,400
basic_appreq,2467687,16006122938181,400
basic_appreq,2454546,16006125428443,400
basic_appreq,2517071,16006127993440,400
basic_appreq,2186956,16006130237640,400
basic_appreq,2152338,16006132427234,400
basic_appreq,2184603,16006134649668,400
basic_appreq,2554137,16006137244062,400
basic_appreq,1853963,16006139139098,400
basic_appreq,2408121,16006141582100,400
basic_appreq,2400783,16006144022684,400
basic_appreq,2228626,16006146292203,400
basic_appreq,2191780,16006148520307,400
basic_appreq,2429392,16006150987439,400
basic_appreq,2140874,16006153164757,400
basic_appreq,2299431,16006155499341,400
basic_appreq,2217152,16006157752987,400
basic_appreq,2734059,16006160522571,400
basic_appreq,2833863,16006163414259,400
basic_appreq,2572310,16006166022266,400
basic_appreq,2545343,16006168605109,400
basic_appreq,2883620,16006171533788,400
basic_appreq,2525751,16006174094714,400
basic_appreq,2315088,16006176447115,400
basic_appreq,2251308,16006178737424,400
basic_appreq,1478385,16006180255444,400
basic_appreq,2295588,16006182589248,400
basic_appreq,2427337,16006185053654,400
basic_appreq,2756395,16006187850711,400
basic_appreq,2679988,16006190587840,400
basic_appreq,2330490,16006192984476,400
basic_appreq,2595646,16006195623983,400
basic_appreq,2465048,16006198121729,400
basic_appreq,2599270,16006200756071,400
basic_appreq,2962068,16006203752987,400
basic_appreq,2446333,16006206232812,400
basic_appreq,1905724,16006208180068,400
basic_appreq,2272067,16006210506106,400
basic_appreq,3162704,16006213707712,400
basic_appreq,2486442,16006216247279,400
basic_appreq,1567300,16006217874939,400
basic_appreq,1770893,16006219684618,400
basic_appreq,2596747,16006222315874,400
basic_appreq,2551797,16006224904371,400
basic_appreq,2708369,16006227649041,400
basic_appreq,2761160,16006230445032,400
basic_appreq,2419130,16006232900269,400
basic_appreq,2218736,16006235156695,400
basic_appreq,1775510,16006236976460,400
basic_appreq,2450865,16006239463747,400
basic_appreq,2462791,16006241959105,400
basic_appreq,2381433,16006244379254,400
basic_appreq,1607006,16006246041674,400
basic_appreq,2035613,16006248117203,400
basic_appreq,2171862,16006250330037,400
basic_appreq,1779681,16006252148269,400
basic_appreq,2438493,16006254622618,400
basic_appreq,2185628,16006256840852,400
basic_appreq,2603547,16006259479030,400
basic_appreq,2401252,16006261912813,400
basic_appreq,2220837,16006264170763,400
basic_appreq,2554921,16006266764212,400
basic_appreq,2249961,16006269050009,400
basic_appreq,2170623,16006271258666,400
basic_appreq,2356877,16006273652616,400
basic_appreq,1734225,16006275439807,400
basic_appreq,2069504,16006277548059,400
basic_appreq,1761682,16006279350331,400
basic_appreq,2626854,16006282009568,400
basic_appreq,2522767,16006284568977,400
basic_appreq,2380740,16006286987017,400
basic_appreq,2133897,16006289159861,400
basic_appreq,2287211,16006291485435,400
basic_appreq,2403129,16006293923348,400
basic_appreq,2335223,16006296291023,400
basic_appreq,2083827,16006298407481,400
basic_appreq,2336513,16006300775372,400
basic_appreq,2354902,16006303162409,400
basic_appreq,2588584,16006305786488,400
basic_appreq,2124578,16006307948796,400
basic_appreq,2661155,16006310652093,400
basic_appreq,2327158,16006313017493,400
basic_appreq,2248026,16006315306268,400
basic_appreq,2844362,16006318206752,400
basic_appreq,2541523,16006320786126,400
basic_appreq,2584457,16006323411982,400
basic_appreq,1516036,16006324982537,400
basic_appreq,2202532,16006327225601,400
basic_appreq,1812393,16006329076554,400
basic_appreq,2765103,16006331878686,400
basic_appreq,2820444,16006334734803,400
basic_appreq,2693841,16006337466238,400
basic_appreq,1624489,16006339132577,400
basic_appreq,2210222,16006341381529,400
basic_appreq,2307937,16006343730275,400
basic_appreq,2124342,16006345893413,400
basic_appreq,2893614,16006348822001,400
basic_appreq,2059596,16006350916102,400
basic_appreq,2090424,16006353038418,400
basic_appreq,2186611,16006355259531,400
basic_appreq,2360571,16006357653579,400
basic_appreq,2423357,16006360110670,400
basic_appreq,2607373,16006362763882,400
basic_appreq,2295842,16006365092432,400
basic_appreq,2109592,16006367239589,400
basic_appreq,1985662,16006369264060,400
basic_appreq,2411572,16006371719719,400
basic_appreq,1894130,16006373650515,400
basic_appreq,1938270,16006375625634,400
basic_appreq,2208764,16006377869865,400
basic_appreq,2443064,16006380345547,400
basic_appreq,2774637,16006383152332,400
basic_appreq,2320795,16006385518346,400
basic_appreq,2130200,16006387681788,400
basic_appreq,2643776,16006390361304,400
basic_appreq,2337693,16006392736230,400
basic_appreq,2035670,16006394813560,400
basic_appreq,2709755,16006397562498,400
basic_appreq,2743958,16006400347865,400
basic_appreq,2243497,16006402626832,400
basic_appreq,2426590,16006405092925,400
basic_appreq,1577732,16006406734293,400
basic_appreq,2197878,16006408969255,400
basic_appreq,1975293,16006410986059,400
basic_appreq,2500607,16006413522221,400
basic_appreq,2089486,16006415648483,400
basic_appreq,2190830,16006417874419,400
basic_appreq,2070256,16006419982105,400
basic_appreq,2517893,16006422545248,400
basic_appreq,2422213,16006425000346,400
basic_appreq,2137877,16006427171896,400
basic_appreq,2179727,16006429383587,400
basic_appreq,2809173,16006432230522,400
basic_appreq,2671708,16006434961796,400
basic_appreq,2599781,16006437597814,400
basic_appreq,2281026,16006439917690,400
basic_appreq,3067016,16006443044689,400
basic_appreq,2366970,16006445453293,400
basic_appreq,2417853,16006447913819,400
basic_appreq,2570693,16006450520804,400
basic_appreq,2273719,16006452832353,400
basic_appreq,2331861,16006455221133,400
basic_appreq,1507753,16006456765724,400
basic_appreq,1732717,16006458534151,400
basic_appreq,2912395,16006461479459,400
basic_appreq,2168688,16006463699322,400
basic_appreq,2506431,16006466245122,400
basic_appreq,1527778,16006467829643,400
basic_appreq,2225411,16006470094376,400
basic_appreq,2291544,16006472427638,400
basic_appreq,2335746,16006474802500,400
basic_appreq,1822905,16006476662060,400
basic_appreq,2323031,16006479019812,400
basic_appreq,2593371,16006481646460,400
basic_appreq,2183667,16006483865775,400
basic_appreq,2315823,16006486217665,400
basic_appreq,2147523,16006488404340,400
basic_appreq,2233511,16006490677664,400
basic_appreq,2211090,16006492924613,400
basic_appreq,2108832,16006495071362,400
basic_appreq,2635434,16006497735984,400
basic_appreq,2385109,16006500153307,400
basic_appreq,2388900,16006502587713,400
basic_appreq,2237935,16006504855071,400
basic_appreq,2079398,16006506972821,400
basic_appreq,2603371,16006509610077,400
basic_appreq,1460993,16006511110330,400
basic_appreq,1706672,16006512856566,400
basic_appreq,2808508,16006515701211,400
basic_appreq,2293162,16006518030691,400
basic_appreq,2729711,16006520799640,400
basic_appreq,1993343,16006522830371,400
basic_appreq,2694405,16006525560861,400
basic_appreq,2794574,16006528398576,400
basic_appreq,2424931,16006530861602,400
basic_appreq,2572865,16006533471139,400
basic_appreq,2355536,16006535868269,400
basic_appreq,2270043,16006538177653,400
basic_appreq,1836959,16006540055915,400
basic_appreq,1779929,16006541870342,400
basic_appreq,2362575,16006544265021,400
basic_appreq,2395807,16006546699127,400
basic_appreq,2756161,16006549510314,400
basic_appreq,2597451,16006552145938,400
basic_appreq,3170774,16006555359399,400
basic_appreq,2119766,16006557515526,400
basic_appreq,2258432,16006559826434,400
basic_appreq,2289373,16006562150661,400
basic_appreq,2467784,16006564656694,400
basic_appreq,2362242,16006567060788,400
basic_appreq,2490256,16006569587515,400
basic_appreq,2717376,16006572347726,400
basic_appreq,2243340,16006574625147,400
basic_appreq,2316234,16006576977498,400
basic_appreq,2073013,16006579089102,400
basic_appreq,2294255,16006581423349,400
basic_appreq,1523855,16006582989129,400
basic_appreq,2171355,16006585196761,400
basic_appreq,2378779,16006587614615,400
basic_appreq,2172246,16006589835167,400
basic_appreq,2076561,16006591969586,400
basic_appreq,2973705,16006595001435,400
basic_appreq,2630734,16006597666106,400
basic_appreq,2731652,16006600430700,400
basic_appreq,2536060,16006603002125,400
basic_appreq,2734436,16006605770798,400
basic_appreq,2374525,16006608182403,400
basic_appreq,1580561,16006609820629,400
basic_appreq,2028900,16006611897438,400
basic_appreq,2269304,16006614206539,400
basic_appreq,2569751,16006616814177,400
basic_appreq,2569795,16006619422805,400
basic_appreq,2884379,16006622343895,400
basic_appreq,2776293,16006625156368,400
basic_appreq,2838284,16006628030263,400
basic_appreq,1921921,16006629995524,400
basic_appreq,2444843,16006632477882,400
basic_appreq,1745137,16006634266417,400
basic_appreq,2523382,16006636826203,400
basic_appreq,2192168,16006639057920,400
basic_appreq,2555083,16006641651861,400
basic_appreq,2363186,16006644050808,400
basic_appreq,2306468,16006646392897,400
basic_appreq,2628116,16006649055400,400
basic_appreq,2409849,16006651500929,400
basic_appreq,2522607,16006654057792,400
basic_appreq,2572692,16006656674543,400
basic_appreq,2381395,16006659095050,400
basic_appreq,2318142,16006661449223,400
basic_appreq,1750688,16006663242973,400
basic_appreq,2283044,16006665568781,400
basic_appreq,1727250,16006667337485,400
basic_appreq,2432258,16006669805647,400
basic_appreq,2605751,16006672449660,400
basic_appreq,2298624,16006674803616,400
basic_appreq,2415171,16006677258689,400
basic_appreq,1957042,16006679251545,400
basic_appreq,2069379,16006681360618,400
basic_appreq,2729637,16006684127067,400
basic_appreq,2204632,16006686367668,400
basic_appreq,2303847,16006688705878,400
basic_appreq,2679535,16006691421133,400
basic_appreq,2578284,16006694035940,400
basic_appreq,1595111,16006695673503,400
basic_appreq,2447799,16006698157753,400
basic_appreq,2136957,16006700332703,400
basic_appreq,2461308,16006702832588,400
basic_appreq,1628708,16006704516630,400
basic_appreq,2156358,16006706717218,400
basic_appreq,1970184,16006708726967,400
basic_appreq,2147704,16006710910360,400
basic_appreq,2504253,16006713448310,400
basic_appreq,2360265,16006715845071,400
basic_appreq,2101257,16006717984463,400
basic_appreq,2546501,16006720565364,400
basic_appreq,2776066,16006723374406,400
basic_appreq,2285285,16006725692166,400
basic_appreq,2110403,16006727863744,400
basic_appreq,2469785,16006730373982,400
basic_appreq,1715924,16006732145756,400
basic_appreq,2354120,16006734538910,400
basic_appreq,2179393,16006736755824,400
basic_appreq,2723820,16006739522310,400
basic_appreq,2497140,16006742055302,400
basic_appreq,2192394,16006744282789,400
basic_appreq,1997984,16006746320139,400
basic_appreq,2832387,16006749187223,400
basic_appreq,2516302,16006751739991,400
basic_appreq,2631071,16006754417138,400
basic_appreq,2456518,16006756909861,400
basic_appreq,2440708,16006759387865,400
basic_appreq,1563166,16006761005819,400
basic_appreq,1853870,16006762900088,400
basic_appreq,2709540,16006765643386,400
basic_appreq,2812659,16006768492204,400
basic_appreq,2266732,16006770795769,400
basic_appreq,2679855,16006773511983,400
basic_appreq,2504780,16006776055815,400
basic_appreq,2631318,16006778759640,400
basic_appreq,2309918,16006781108159,400
basic_appreq,2661208,16006783812265,400
basic_appreq,2471939,16006786321315,400
basic_appreq,2182673,16006788540311,400
basic_appreq,2527422,16006791106775,400
basic_appreq,2253601,16006793392672,400
basic_appreq,2840756,16006796278781,400
basic_appreq,2178327,16006798496083,400
basic_appreq,2491211,16006801024277,400
basic_appreq,1924244,16006802997581,400
basic_appreq,2625686,16006805663164,400
basic_appreq,1641349,16006807346337,400
basic_appreq,2263940,16006809646296,400
basic_appreq,1666911,16006811356872,400
basic_appreq,2557762,16006813950715,400
basic_appreq,2539842,16006816528408,400
basic_appreq,2227128,16006818793048,400
basic_appreq,2440318,16006821269383,400
basic_appreq,2552753,16006823859436,400
basic_appreq,2155299,16006826050640,400
basic_appreq,2420819,16006828509973,400
basic_appreq,2596576,16006831142112,400
basic_appreq,2483647,16006833659350,400
basic_appreq,2164621,16006835867774,400
basic_appreq,2653540,16006838561725,400
basic_appreq,2726353,16006841326397,400
basic_appreq,2224316,16006843589944,400
basic_appreq,2132129,16006845759214,400
basic_appreq,2587979,16006848385821,400
basic_appreq,2857594,16006851285603,400
basic_appreq,2553852,16006853876272,400
basic_appreq,2584693,16006856500003,400
basic_appreq,2257034,16006858795197,400
basic_appreq,2461814,16006861319978,400
basic_appreq,2239172,16006863597927,400
basic_appreq,2244768,16006865881108,400
basic_appreq,2710326,16006868630005,400
basic_appreq,1706805,16006870376627,400
basic_appreq,2322290,16006872736639,400
basic_appreq,1773007,16006874549561,400
basic_appreq,2298372,16006876882298,400
basic_appreq,1701039,16006878620584,400
basic_appreq,2638751,16006881293742,400
basic_appreq,2633190,16006883966716,400
basic_appreq,2832630,16006886862331,400
basic_appreq,2632816,16006889534386,400
basic_appreq,1704532,16006891280846,400
basic_appreq,2733196,16006894054550,400
basic_appreq,2685849,16006896782957,400
basic_appreq,2883143,16006899701846,400
basic_appreq,2385426,16006902121383,400
basic_appreq,1766317,16006903948185,400
basic_appreq,2606048,16006906595088,400
basic_appreq,2137091,16006908775117,400
basic_appreq,2904035,16006911721496,400
basic_appreq,2720771,16006914475805,400
basic_appreq,2430584,16006916941428,400
basic_appreq,2567204,16006919544335,400
basic_appreq,1677098,16006921262169,400
basic_appreq,2193340,16006923499978,400
basic_appreq,3253384,16006926793261,400
basic_appreq,2200080,16006929031754,400
basic_appreq,2293073,16006931363518,400
basic_appreq,2700364,16006934101249,400
basic_appreq,2477263,16006936616167,400
basic_appreq,2453442,16006939106483,400
basic_appreq,1693124,16006940837866,400
basic_appreq,2166496,16006943047350,400
basic_appreq,2099624,16006945187054,400
basic_appreq,2717170,16006947941845,400
basic_appreq,2224527,16006950202509,400
basic_appreq,2657429,16006952898361,400
basic_appreq,2247766,16006955191583,400
basic_appreq,2092581,16006957325360,400
basic_appreq,2528233,16006959896313,400
basic_appreq,2680138,16006962614994,400
basic_appreq,2163525,16006964816897,400
basic_appreq,2583873,16006967436439,400
basic_appreq,2733468,16006970201641,400
basic_appreq,2167744,16006972403166,400
basic_appreq,2378009,16006974814696,400
basic_appreq,2433752,16006977284779,400
basic_appreq,2670846,16006979998340,400
basic_appreq,2860935,16006982936011,400
basic_appreq,2398583,16006985376706,400
basic_appreq,1742236,16006987163494,400
basic_appreq,2709305,16006989910518,400
basic_appreq,1469049,16006991421943,400
basic_appreq,2395033,16006993851305,400
basic_appreq,2153322,16006996042571,400
basic_appreq,2315734,16006998407838,400
basic_appreq,2760769,16007001204050,400
basic_appreq,2142023,16007003384633,400
basic_appreq,2528376,16007005945879,400
basic_appreq,2674695,16007008663184,400
basic_appreq,2505757,16007011207409,400
basic_appreq,2209496,16007013458109,400
basic_appreq,2687549,16007016204420,400
basic_appreq,1576920,16007017843614,400
basic_appreq,1812520,16007019695916,400
basic_appreq,2330676,16007022062840,400
basic_appreq,2098374,16007024198602,400
basic_appreq,2360191,16007026596781,400
basic_appreq,2538993,16007029171144,400
basic_appreq,2372824,16007031575855,400
basic_appreq,2354323,16007033960072,400
basic_appreq,2079685,16007036072444,400
basic_appreq,2332203,16007038437386,400
basic_appreq,2252086,16007040729045,400
basic_appreq,2478955,16007043251153,400
basic_appreq,1618996,16007044907775,400
basic_appreq,2774413,16007047718096,400
basic_appreq,2214826,16007050007328,400
basic_appreq,2610344,16007052679579,400
basic_appreq,2681389,16007055396049,400
basic_appreq,16972330,16007072401701,400
basic_appreq,2590220,16007075016035,400
basic_appreq,2284734,16007077326635,400
basic_appreq,1480815,16007078833872,400
basic_appreq,2387995,16007081247544,400
basic_appreq,2267666,16007083541422,400
basic_appreq,3193885,16007086762946,400
basic_appreq,1515984,16007088314048,400
basic_appreq,1601970,16007089948141,400
basic_appreq,2534751,16007092507517,400
basic_appreq,2155642,16007094688796,400
basic_appreq,1187905,16007095914377,400
basic_appreq,2269365,16007098207573,400
basic_appreq,1499124,16007099731062,400
basic_appreq,2389076,16007102142796,400
basic_appreq,2147676,16007104315531,400
basic_appreq,2737413,16007107077088,400
basic_appreq,1447238,16007108548032,400
basic_appreq,1503960,16007110076495,400
basic_appreq,2682073,16007112781022,400
basic_appreq,1299171,16007114106936,400
basic_appreq,1503445,16007115633540,400
basic_appreq,2537098,16007118193860,400
basic_appreq,2259921,16007120480114,400
basic_appreq,1706781,16007122214527,400
basic_appreq,2127171,16007124363906,400
basic_appreq,2156920,16007126545702,400
basic_appreq,2031967,16007128602156,400
basic_appreq,2174759,16007130797122,400
basic_appreq,2408774,16007133224097,400
basic_appreq,737636,16007134017232,400
basic_appreq,2402075,16007136446553,400
basic_appreq,2502801,16007138982049,400
basic_appreq,1566459,16007140578711,400
basic_appreq,2242666,16007142853643,400
basic_appreq,1520281,16007144411445,400
basic_appreq,2561601,16007147023031,400
basic_appreq,1323578,16007148389093,400
basic_appreq,1528100,16007149946475,400
basic_appreq,2439817,16007152412853,400
basic_appreq,2029841,16007154471124,400
basic_appreq,2115624,16007156614358,400
basic_appreq,2643649,16007159286664,400
basic_appreq,1181543,16007160495446,400
basic_appreq,2051199,16007162573645,400
basic_appreq,2605972,16007165206286,400
basic_appreq,1526303,16007166760690,400
basic_appreq,2044083,16007168833416,400
basic_appreq,2261649,16007171123807,400
basic_appreq,2240843,16007173391953,400
basic_appreq,1709606,16007175128763,400
basic_appreq,2147862,16007177304305,400
basic_appreq,2082573,16007179415661,400
basic_appreq,2440969,16007181882909,400
basic_appreq,2550603,16007184460664,400
basic_appreq,1180165,16007185669681,400
basic_appreq,2117142,16007187812440,400
basic_appreq,2067854,16007189909096,400
basic_appreq,2057514,16007191997022,400
basic_appreq,2402361,16007194446766,400
basic_appreq,2316154,16007196789886,400
basic_appreq,1143190,16007197978134,400
basic_appreq,2198263,16007200202478,400
basic_appreq,1703337,16007201935236,400
basic_appreq,2649633,16007204610661,400
basic_appreq,2562433,16007207200552,400
basic_appreq,1484584,16007208712298,400
basic_appreq,1508223,16007210250104,400
basic_appreq,2092254,16007212375547,400
basic_appreq,2421736,16007214826586,400
basic_appreq,2553772,16007217407546,400
basic_appreq,1662128,16007219091277,400
basic_appreq,1137905,16007220250629,400
basic_appreq,2285544,16007222556206,400
basic_appreq,1177113,16007223754126,400
basic_appreq,2292316,16007226082109,400
basic_appreq,2194950,16007228297629,400
basic_appreq,1955945,16007230277615,400
basic_appreq,1806917,16007232113182,400
basic_appreq,2262356,16007234403031,400
basic_appreq,2556986,16007236986032,400
basic_appreq,1468644,16007238515449,400
basic_appreq,2245920,16007240781652,400
basic_appreq,1986589,16007242805825,400
basic_appreq,1791594,16007244624878,400
basic_appreq,2474541,16007247119475,400
basic_appreq,2377519,16007249525628,400
basic_appreq,2508524,16007252067209,400
basic_appreq,2372158,16007254469377,400
basic_appreq,2253740,16007256748599,400
basic_appreq,2447272,16007259222497,400
basic_appreq,1815731,16007261088419,400
basic_appreq,2355450,16007263488106,400
basic_appreq,3031489,16007266545652,400
basic_appreq,2683999,16007269256455,400
basic_appreq,1375385,16007270661146,400
basic_appreq,1809822,16007272498492,400
basic_appreq,2220603,16007274751360,400
basic_appreq,2257341,16007277033892,400
basic_appreq,2540268,16007279611467,400
basic_appreq,1674630,16007281324463,400
basic_appreq,2256113,16007283614030,400
basic_appreq,1449902,16007285091385,400
basic_appreq,3010388,16007288127759,400
basic_appreq,2599558,16007290760540,400
basic_appreq,2236729,16007293028339,400
basic_appreq,1773394,16007294848666,400
basic_appreq,2663323,16007297550385,400
basic_appreq,2198282,16007299797004,400
basic_appreq,2645967,16007302518614,400
basic_appreq,1591816,16007304172045,400
basic_appreq,2223227,16007306424341,400
basic_appreq,2665756,16007309133804,400
basic_appreq,1472574,16007310646895,400
basic_appreq,1678562,16007312347562,400
basic_appreq,2555935,16007314929994,400
basic_appreq,2145566,16007317101802,400
basic_appreq,2390673,16007319531263,400
basic_appreq,2332056,16007321888411,400
basic_appreq,1763992,16007323683312,400
basic_appreq,2346622,16007326059966,400
basic_appreq,2422859,16007328509555,400
basic_appreq,2047404,16007330581417,400
basic_appreq,2323159,16007332931631,400
basic_appreq,2485537,16007335442910,400
basic_appreq,2466020,16007337933781,400
basic_appreq,2228920,16007340188807,400
basic_appreq,2760100,16007342975395,400
basic_appreq,1564656,16007344566768,400
basic_appreq,1514980,16007346108939,400
basic_appreq,2527460,16007348662362,400
basic_appreq,2468034,16007351157983,400
basic_appreq,957827,16007352155076,400
basic_appreq,1717685,16007353899831,400
basic_appreq,2461772,16007356394413,400
basic_appreq,1652015,16007358073262,400
basic_appreq,1648973,16007359748542,400
basic_appreq,2271712,16007362045669,400
basic_appreq,2772327,16007364845192,400
basic_appreq,2398628,16007367270914,400
basic_appreq,1691798,16007369002576,400
basic_appreq,2178096,16007371208807,400
basic_appreq,2256312,16007373484840,400
basic_appreq,3030905,16007376542964,400
basic_appreq,956302,16007377548335,400
basic_appreq,1784798,16007379358901,400
basic_appreq,2768492,16007382153004,400
basic_appreq,1495709,16007383681127,400
basic_appreq,1297699,16007385004592,400
basic_appreq,2236655,16007387267782,400
basic_appreq,2412096,16007389702224,400
basic_appreq,1140577,16007390871823,400
basic_appreq,1840245,16007392738274,400
basic_appreq,2148876,16007394921149,400
basic_appreq,2626753,16007397566213,400
basic_appreq,1428679,16007399022410,400
basic_appreq,1586228,16007400625500,400
basic_appreq,2334054,16007402977375,400
basic_appreq,1437754,16007404440849,400
basic_appreq,1245404,16007405704314,400
basic_appreq,1516874,16007407237609,400
basic_appreq,2399101,16007409653214,400
basic_appreq,1335467,16007411015709,400
basic_appreq,2315167,16007413347510,400
basic_appreq,1226089,16007414590957,400
basic_appreq,2394037,16007417001796,400
basic_appreq,1096408,16007418115580,400
basic_appreq,2186137,16007420318042,400
basic_appreq,1397637,16007421732918,400
basic_appreq,2189430,16007423939034,400
basic_appreq,1730733,16007425686194,400
basic_appreq,2337025,16007428041015,400
basic_appreq,2206408,16007430265068,400
basic_appreq,2204296,16007432485841,400
basic_appreq,2315611,16007434818826,400
basic_appreq,1176434,16007436020574,400
basic_appreq,1670079,16007437712803,400
basic_appreq,2068190,16007439797470,400
basic_appreq,1743196,16007441556994,400
basic_appreq,2033745,16007443607860,400
basic_appreq,2167614,16007445791756,400
basic_appreq,2037591,16007447847179,400
basic_appreq,2143097,16007450006880,400
basic_appreq,1835451,16007451859413,400
basic_appreq,2279646,16007454155646,400
basic_appreq,1322475,16007455495916,400
basic_appreq,2049933,16007457562588,400
basic_appreq,1700265,16007459288097,400
basic_appreq,2332692,16007461645391,400
basic_appreq,2402498,16007464073547,400
basic_appreq,2355240,16007466455559,400
basic_appreq,2248551,16007468737978,400
basic_appreq,2195284,16007470959536,400
basic_appreq,2425980,16007473410184,400
basic_appreq,1432976,16007474899008,400
basic_appreq,2229817,16007477153719,400
basic_appreq,1950462,16007479133424,400
basic_appreq,1992764,16007481159810,400
basic_appreq,1877006,16007483072196,400
basic_appreq,2039467,16007485142334,400
basic_appreq,2169158,16007487343829,400
basic_appreq,2199134,16007489573619,400
basic_appreq,2307438,16007491957893,400
basic_appreq,3099681,16007495090090,400
basic_appreq,2485749,16007497609986,400
basic_appreq,2431024,16007500074840,400
basic_appreq,2373895,16007502476568,400
basic_appreq,2265581,16007504775908,400
basic_appreq,2195712,16007507000077,400
basic_appreq,1552751,16007508581155,400
basic_appreq,2614795,16007511230019,400
basic_appreq,2370225,16007513630475,400
basic_appreq,2350504,16007516013039,400
basic_appreq,2577790,16007518624150,400
basic_appreq,2348880,16007520999965,400
basic_appreq,1529919,16007522558894,400
basic_appreq,2347748,16007524938963,400
basic_appreq,2267844,16007527240726,400
basic_appreq,1916268,16007529189627,400
basic_appreq,2133174,16007531356497,400
basic_appreq,2228108,16007533609198,400
basic_appreq,2517792,16007536153386,400
basic_appreq,2296507,16007538485344,400
basic_appreq,2450221,16007540961094,400
basic_appreq,2314685,16007543313393,400
basic_appreq,1818942,16007545159464,400
basic_appreq,2196945,16007547390316,400
basic_appreq,2122729,16007549545166,400
basic_appreq,2151598,16007551722578,400
basic_appreq,2090192,16007553837512,400
basic_appreq,2516395,16007556382185,400
basic_appreq,1450362,16007557875869,400
basic_appreq,2322266,16007560228654,400
basic_appreq,2363370,16007562624031,400
basic_appreq,3131591,16007565780442,400
basic_appreq,2359103,16007568171699,400
basic_appreq,2560690,16007570760711,400
basic_appreq,2120234,16007572930235,400
basic_appreq,2437444,16007575396259,400
basic_appreq,1500733,16007576934003,400
basic_appreq,2079880,16007579042189,400
basic_appreq,1858197,16007580927512,400
basic_appreq,2454173,16007583407561,400
basic_appreq,2506297,16007585941047,400
basic_appreq,2172407,16007588139302,400
basic_appreq,2138401,16007590303988,400
basic_appreq,1760162,16007592089882,400
basic_appreq,3039639,16007595164983,400
basic_appreq,1432601,16007596627796,400
basic_appreq,1739266,16007598408235,400
basic_appreq,2763938,16007601209154,400
basic_appreq,2594683,16007603846154,400
basic_appreq,2136816,16007606020574,400
basic_appreq,2045306,16007608127527,400
basic_appreq,2565433,16007610715996,400
basic_appreq,1559948,16007612320671,400
basic_appreq,2195798,16007614552919,400
basic_appreq,1512752,16007616088031,400
basic_appreq,2572914,16007618679532,400
basic_appreq,1421762,16007620124455,400
basic_appreq,1558937,16007621704783,400
basic_appreq,2485431,16007624215159,400
basic_appreq,1145238,16007625384384,400
basic_appreq,1711713,16007627118133,400
basic_appreq,2295430,16007629437515,400
basic_appreq,1498274,16007630959221,400
basic_appreq,1476792,16007632456932,400
basic_appreq,2450333,16007634930218,400
basic_appreq,2353571,16007637308823,400
basic_appreq,1351866,16007638705533,400
basic_appreq,1445249,16007640171863,400
basic_appreq,2445003,16007642640216,400
basic_appreq,1488925,16007644150323,400
basic_appreq,1646230,16007645818448,400
basic_appreq,2321543,16007648160378,400
basic_appreq,2395468,16007650578440,400
basic_appreq,2346676,16007652947135,400
basic_appreq,1526499,16007654526130,400
basic_appreq,1395152,16007655942677,400
basic_appreq,2184374,16007658151303,400
basic_appreq,2299109,16007660470465,400
basic_appreq,2340432,16007662838394,400
basic_appreq,1720897,16007664583140,400
basic_appreq,1654776,16007666264001,400
basic_appreq,2473489,16007668761385,400
basic_appreq,2272450,16007671059997,400
basic_appreq,2031178,16007673117685,400
basic_appreq,1482094,16007674619045,400
basic_appreq,1452696,16007676088844,400
basic_appreq,2530572,16007678637588,400
basic_appreq,2125830,16007680781048,400
basic_appreq,2480134,16007683287357,400
basic_appreq,1604787,16007684918017,400
basic_appreq,1999058,16007686935293,400
basic_appreq,1913401,16007688865592,400
basic_appreq,2164951,16007691048319,400
basic_appreq,2193882,16007693259371,400
basic_appreq,2391755,16007695669152,400
basic_appreq,1478576,16007697165108,400
basic_appreq,2381564,16007705854676,400
basic_appreq,2246633,16007708119798,400
basic_appreq,2501051,16007710649930,400
basic_appreq,2490945,16007713158106,400
basic_appreq,1502637,16007714678597,400
basic_appreq,3080002,16007717783098,400
basic_appreq,2635106,16007720435585,400
basic_appreq,2373273,16007722827979,400
basic_appreq,1609623,16007724453729,400
basic_appreq,2725801,16007727196690,400
basic_appreq,2564228,16007729777261,400
basic_appreq,1777984,16007731572403,400
basic_appreq,2207258,16007733796080,400
basic_appreq,2881215,16007736694696,400
basic_appreq,1588193,16007738301450,400
basic_appreq,2451278,16007740779856,400
basic_appreq,1594036,16007742399539,400
basic_appreq,1956846,16007744382093,400
basic_appreq,1377893,16007745777811,400
basic_appreq,2331801,16007748126201,400
basic_appreq,1625813,16007749769446,400
basic_appreq,2262614,16007752048605,400
basic_appreq,1486474,16007753552606,400
basic_appreq,2180057,16007755748607,400
basic_appreq,2307824,16007758072571,400
basic_appreq,2627631,16007760717344,400
basic_appreq,1793122,16007762527479,400
basic_appreq,2303953,16007764847793,400
basic_appreq,2891856,16007767757146,400
basic_appreq,1694297,16007769470055,400
basic_appreq,2520811,16007772008279,400
basic_appreq,1433323,16007773459899,400
basic_appreq,2006702,16007775483028,400
basic_appreq,1552687,16007777052091,400
basic_appreq,2363722,16007779432954,400
basic_appreq,1706155,16007781155627,400
basic_appreq,1917602,16007783090696,400
basic_appreq,1994608,16007785101996,400
basic_appreq,2251900,16007787371734,400
basic_appreq,2019488,16007789408208,400
basic_appreq,1542347,16007790968311,400
basic_appreq,2863173,16007793848585,400
basic_appreq,1572536,16007795438687,400
basic_appreq,3108467,16007798563715,400
basic_appreq,1533482,16007800123554,400
basic_appreq,1999610,16007802154014,400
basic_appreq,2568485,16007804739149,400
basic_appreq,2494507,16007807261501,400
basic_appreq,1384348,16007808672096,400
basic_appreq,1586518,16007810276670,400
basic_appreq,1602787,16007811896430,400
basic_appreq,2641114,16007814554248,400
basic_appreq,1631598,16007816204568,400
basic_appreq,2906024,16007819127921,400
basic_appreq,1608623,16007820753173,400
basic_appreq,2479695,16007823250687,400
basic_appreq,2240325,16007825507768,400
basic_appreq,1600202,16007827127065,400
basic_appreq,2299349,16007829442884,400
basic_appreq,2438861,16007831899088,400
basic_appreq,2317871,16007834233553,400
basic_appreq,2166167,16007836418422,400
basic_appreq,1475610,16007837921130,400
basic_appreq,2192883,16007840130613,400
basic_appreq,1718781,16007841876817,400
basic_appreq,2137441,16007844031336,400
basic_appreq,2161620,16007846211496,400
basic_appreq,2104476,16007848332770,400
basic_appreq,2262138,16007850612557,400
basic_appreq,2244711,16007852874041,400
basic_appreq,2329439,16007855221270,400
basic_appreq,2244297,16007857492736,400
basic_appreq,2341652,16007859851970,400
basic_appreq,1503832,16007861372881,400
basic_appreq,2331330,16007863722424,400
basic_appreq,2653884,16007866393745,400
basic_appreq,1709877,16007868121884,400
basic_appreq,2438060,16007870577918,400
basic_appreq,2694339,16007873297814,400
basic_appreq,1699925,16007875016333,400
basic_appreq,2661716,16007877700655,400
basic_appreq,1696975,16007879416498,400
basic_appreq,2036606,16007881482383,400
basic_appreq,2528363,16007884027881,400
basic_appreq,1541136,16007885596130,400
basic_appreq,2057136,16007887669800,400
basic_appreq,1743374,16007889429822,400
basic_appreq,2048134,16007891495339,400
basic_appreq,2814262,16007894326096,400
basic_appreq,2301751,16007896645096,400
basic_appreq,1696978,16007898368701,400
basic_appreq,2718994,16007901104144,400
basic_appreq,2266989,16007903388584,400
basic_appreq,2217454,16007905622536,400
basic_appreq,2470477,16007908110542,400
basic_appreq,2312549,16007910442287,400
basic_appreq,2409427,16007912868571,400
basic_appreq,2189056,16007915074746,400
basic_appreq,2469783,16007917561059,400
basic_appreq,2623772,16007920202345,400
basic_appreq,1591197,16007921811293,400
basic_appreq,3127532,16007924955538,400
basic_appreq,2560311,16007927533631,400
basic_appreq,1584848,16007929144646,400
basic_appreq,1660436,16007930822894,400
basic_appreq,1964541,16007932803772,400
basic_appreq,2588271,16007935409388,400
basic_appreq,1474592,16007936908271,400
basic_appreq,1379618,16007938306185,400
basic_appreq,2491664,16007940815422,400
basic_appreq,1314551,16007942147993,400
basic_appreq,1578491,16007943743282,400
basic_appreq,2206228,16007945973617,400
basic_appreq,2319444,16007948310461,400
basic_appreq,1664244,16007949992110,400
basic_appreq,2306359,16007952315061,400
basic_appreq,2392024,16007954724816,400
basic_appreq,2642031,16007957383505,400
basic_appreq,2553299,16007959954428,400
basic_appreq,1512583,16007961494426,400
basic_appreq,1441489,16007962953397,400
basic_appreq,1934227,16007964904125,400
basic_appreq,2126592,16007967048170,400
basic_appreq,1794476,16007968859397,400
basic_appreq,2043603,16007970920546,400
basic_appreq,2031545,16007972969043,400
basic_appreq,2311918,16007975298790,400
basic_appreq,2463717,16007977780651,400
basic_appreq,2213472,16007980020289,400
basic_appreq,1896604,16007981954412,400
basic_appreq,2129890,16007984107037,400
basic_appreq,2369153,16007986500487,400
basic_appreq,2649947,16007989173366,400
basic_appreq,2321075,16007991521552,400
basic_appreq,2242917,16007993789963,400
basic_appreq,2639820,16007996456001,400
basic_appreq,2541158,16007999025883,400
basic_appreq,1343863,16008000406641,400
basic_appreq,1687814,16008002122692,400
basic_appreq,2251818,16008004401023,400
basic_appreq,2354406,16008006789427,400
basic_appreq,2123891,16008008939834,400
basic_appreq,1799460,16008010781957,400
basic_appreq,2254129,16008013064269,400
basic_appreq,2293476,16008015385941,400
basic_appreq,2344400,16008017756938,400
basic_appreq,2437371,16008020223666,400
basic_appreq,2361654,16008022613567,400
basic_appreq,2352805,16008024993126,400
basic_appreq,2199425,16008027221760,400
basic_appreq,2574890,16008029823204,400
basic_appreq,2389642,16008032243044,400
basic_appreq,2206737,16008034479764,400
basic_appreq,2400188,16008036908461,400
basic_appreq,2159067,16008039102762,400
basic_appreq,2620701,16008041756578,400
basic_appreq,1970990,16008043771760,400
basic_appreq,2355410,16008046170416,400
basic_appreq,1874885,16008048089795,400
basic_appreq,2057270,16008050181373,400
basic_appreq,2316269,16008052539738,400
basic_appreq,2428664,16008055001553,400
basic_appreq,1513944,16008056547257,400
basic_appreq,2128705,16008058707764,400
basic_appreq,1833457,16008060571544,400
basic_appreq,2206542,16008062810036,400
basic_appreq,2614338,16008065456416,400
basic_appreq,2498676,16008067988739,400
basic_appreq,2319813,16008070360421,400
basic_appreq,1667676,16008072063168,400
basic_appreq,2760392,16008074857522,400
basic_appreq,2562400,16008077453076,400
basic_appreq,2430662,16008079918664,400
basic_appreq,1529826,16008081496349,400
basic_appreq,2398924,16008083929487,400
basic_appreq,2145181,16008086107494,400
basic_appreq,2407168,16008088549846,400
basic_appreq,1846442,16008090430862,400
basic_appreq,2493059,16008092956877,400
basic_appreq,2398795,16008095390020,400
basic_appreq,2521578,16008097941738,400
basic_appreq,2255896,16008100249945,400
basic_appreq,2391781,16008102674525,400
basic_appreq,1801044,16008104506268,400
basic_appreq,1587873,16008106128999,400
basic_appreq,2351807,16008108513782,400
basic_appreq,2870886,16008111419132,400
basic_appreq,2462799,16008113914790,400
basic_appreq,2786565,16008116736506,400
basic_appreq,1356079,16008118140215,400
basic_appreq,1738186,16008119912039,400
basic_appreq,2391333,16008122336445,400
basic_appreq,2578786,16008124950032,400
basic_appreq,2603929,16008127589147,400
basic_appreq,2454204,16008130077464,400
basic_appreq,2601788,16008132715774,400
basic_appreq,1338043,16008134114533,400
basic_appreq,1741094,16008135888787,400
basic_appreq,2530399,16008138452800,400
basic_appreq,2421171,16008140909401,400
basic_appreq,2369413,16008143314901,400
basic_appreq,2307142,16008145656437,400
basic_appreq,2115656,16008147824653,400
basic_appreq,2455615,16008150316576,400
basic_appreq,1943449,16008152296179,400
basic_appreq,2300296,16008154631600,400
basic_appreq,1664869,16008156330756,400
basic_appreq,2719707,16008159085464,400
basic_appreq,2243248,16008161361808,400
basic_appreq,2185121,16008163583274,400
basic_appreq,2336413,16008165965344,400
basic_appreq,2777469,16008168777497,400
basic_appreq,2690719,16008171499681,400
basic_appreq,2222140,16008173767476,400
basic_appreq,2492570,16008176290749,400
basic_appreq,2441858,16008178784182,400
basic_appreq,1719029,16008180550239,400
basic_appreq,2274139,16008182860402,400
basic_appreq,2348416,16008185242192,400
basic_appreq,2507851,16008187823574,400
basic_appreq,2465789,16008190336077,400
basic_appreq,1726271,16008192110885,400
basic_appreq,2017996,16008194165009,400
basic_appreq,2302297,16008196501178,400
basic_appreq,2339193,16008198875076,400
basic_appreq,2701369,16008201615175,400
basic_appreq,2158509,16008203808936,400
basic_appreq,2403041,16008206246293,400
basic_appreq,2119301,16008208401261,400
basic_appreq,2490297,16008210926729,400
basic_appreq,1963650,16008212921864,400
basic_appreq,2012004,16008214966624,400
basic_appreq,1751525,16008216748909,400
basic_appreq,2183039,16008218965278,400
basic_appreq,2702384,16008221698874,400
basic_appreq,2257666,16008223991989,400
basic_appreq,2301569,16008226344685,400
basic_appreq,2526707,16008228907549,400
basic_appreq,2477751,16008231420602,400
basic_appreq,2476138,16008233930876,400
basic_appreq,2451902,16008236433434,400
basic_appreq,2185976,16008238674738,400
basic_appreq,1655053,16008240363819,400
basic_appreq,1936606,16008242336098,400
basic_appreq,2367586,16008244737372,400
basic_appreq,2259431,16008247032545,400
basic_appreq,2638033,16008249704687,400
basic_appreq,2646773,16008252388975,400
basic_appreq,1763230,16008254203465,400
basic_appreq,1418393,16008255656092,400
basic_appreq,2538806,16008258230052,400
basic_appreq,2804732,16008261071029,400
basic_appreq,1497168,16008262619932,400
basic_appreq,1531660,16008264186226,400
basic_appreq,2426932,16008266655170,400
basic_appreq,2335196,16008269025813,400
basic_appreq,2226931,16008271289737,400
basic_appreq,2217402,16008273541435,400
basic_appreq,2585907,16008276163452,400
basic_appreq,2638727,16008278838825,400
basic_appreq,1810418,16008280697246,400
basic_appreq,2697587,16008283431197,400
basic_appreq,1724143,16008285205190,400
basic_appreq,1984355,16008287225305,400
basic_appreq,2327064,16008289586241,400
basic_appreq,2654229,16008292276737,400
basic_appreq,2598072,16008294910532,400
basic_appreq,2409340,16008297353717,400
basic_appreq,1565692,16008298957887,400
basic_appreq,2334823,16008301326491,400
basic_appreq,2947852,16008304310129,400
basic_appreq,2161898,16008306508131,400
basic_appreq,2068361,16008308611109,400
basic_appreq,2562176,16008311214071,400
basic_appreq,2334002,16008313581900,400
basic_appreq,2209945,16008315842617,400
basic_appreq,2214132,16008318091099,400
basic_appreq,2562652,16008320689567,400
basic_appreq,1707865,16008322434189,400
basic_appreq,2168512,16008324634287,400
basic_appreq,2471779,16008327139508,400
basic_appreq,2438600,16008329623113,400
basic_appreq,1488045,16008331174138,400
basic_appreq,2020168,16008333228669,400
basic_appreq,2446770,16008335711620,400
basic_appreq,1734471,16008337480213,400
basic_appreq,2343199,16008339859032,400
basic_appreq,2822112,16008342714681,400
basic_appreq,2541035,16008345291750,400
basic_appreq,2325865,16008347653341,400
basic_appreq,2168247,16008349855686,400
basic_appreq,2645224,16008352536539,400
basic_appreq,2645955,16008355220011,400
basic_appreq,2318604,16008357573630,400
basic_appreq,2356879,16008359969754,400
basic_appreq,1586874,16008361613953,400
basic_appreq,2109257,16008363759638,400
basic_appreq,1815397,16008365609883,400
basic_appreq,2535866,16008368182260,400
basic_appreq,2120444,16008370338868,400
basic_appreq,2182036,16008372555475,400
basic_appreq,2296218,16008374888644,400
basic_appreq,2393103,16008377317126,400
basic_appreq,2738698,16008380092200,400
basic_appreq,2155653,16008382282707,400
basic_appreq,2295053,16008384610806,400
basic_appreq,2112125,16008386758115,400
basic_appreq,2689442,16008389485668,400
basic_appreq,1705453,16008391227385,400
basic_appreq,2004711,16008393262955,400
basic_appreq,1975721,16008395271580,400
basic_appreq,2201132,16008397505079,400
basic_appreq,2101895,16008399655542,400
basic_appreq,2324122,16008402011551,400
basic_appreq,2713722,16008404763202,400
basic_appreq,1456371,16008406281090,400
basic_appreq,1785383,16008408102985,400
basic_appreq,2313996,16008410455387,400
basic_appreq,2620034,16008413111652,400
basic_appreq,2419065,16008415595301,400
basic_appreq,2381501,16008418011418,400
basic_appreq,2340488,16008420388175,400
basic_appreq,2420422,16008422846695,400
basic_appreq,2991804,16008425874186,400
basic_appreq,1795966,16008427735747,400
basic_appreq,2762928,16008430537650,400
basic_appreq,1691049,16008432267883,400
basic_appreq,2567342,16008434874344,400
basic_appreq,1505808,16008436433527,400
basic_appreq,2210551,16008438679990,400
basic_appreq,2933719,16008441648013,400
basic_appreq,2748055,16008444432133,400
basic_appreq,2194245,16008446664137,400
basic_appreq,2523037,16008449222018,400
basic_appreq,2058229,16008451317303,400
basic_appreq,2261731,16008453615766,400
basic_appreq,1623781,16008455276826,400
basic_appreq,2588932,16008457898021,400
basic_appreq,2337575,16008460269890,400
basic_appreq,2244344,16008462548046,400
basic_appreq,2351116,16008464931449,400
basic_appreq,1730278,16008466695727,400
basic_appreq,2399177,16008469129038,400
basic_appreq,2509357,16008471674011,400
basic_appreq,1697962,16008473422763,400
basic_appreq,3126776,16008476607418,400
basic_appreq,1512874,16008478173178,400
basic_appreq,2252045,16008480461240,400
basic_appreq,1591419,16008482091596,400
basic_appreq,2225268,16008484353529,400
basic_appreq,2362182,16008486753703,400
basic_appreq,2547892,16008489337945,400
basic_appreq,2205260,16008491578393,400
basic_appreq,1400827,16008493020259,400
basic_appreq,2123139,16008495174300,400
basic_appreq,2344530,16008497548667,400
basic_appreq,1633955,16008499216042,400
basic_appreq,2953428,16008502203621,400
basic_appreq,2744069,16008504983487,400
basic_appreq,1151437,16008506172014,400
basic_appreq,1910678,16008508116783,400
basic_appreq,2095908,16008510251448,400
basic_appreq,2832263,16008513119604,400
basic_appreq,2754956,16008515913276,400
basic_appreq,1575493,16008517541667,400
basic_appreq,1758903,16008519338724,400
basic_appreq,2570808,16008521940676,400
basic_appreq,2328929,16008524304248,400
basic_appreq,2080379,16008526418164,400
basic_appreq,2595491,16008529045073,400
basic_appreq,1295156,16008530393016,400
basic_appreq,2282245,16008532710731,400
basic_appreq,2344201,16008535097003,400
basic_appreq,2338865,16008537473023,400
basic_appreq,1650863,16008539161851,400
basic_appreq,2880030,16008542077421,400
basic_appreq,2398506,16008544509472,400
basic_appreq,1533767,16008546085284,400
basic_appreq,1557133,16008547673419,400
basic_appreq,2564172,16008550272505,400
basic_appreq,2656063,16008552961074,400
basic_appreq,2416820,16008555414678,400
basic_appreq,2201533,16008557650408,400
basic_appreq,1567841,16008559255510,400
basic_appreq,2626567,16008561915709,400
basic_appreq,1451886,16008563402973,400
basic_appreq,1766854,16008565203756,400
basic_appreq,2060870,16008567300836,400
basic_appreq,2573950,16008569908900,400
basic_appreq,2545921,16008572491587,400
basic_appreq,1554837,16008574079373,400
basic_appreq,2254055,16008576364931,400
basic_appreq,1731165,16008578128770,400
basic_appreq,2234163,16008580394435,400
basic_appreq,2229306,16008582656658,400
basic_appreq,2699192,16008585391369,400
basic_appreq,2759442,16008588187099,400
basic_appreq,1647310,16008589871711,400
basic_appreq,1419765,16008591325719,400
basic_appreq,2755306,16008594115647,400
basic_appreq,2835524,16008596987626,400
basic_appreq,1321337,16008598360191,400
basic_appreq,1645622,16008600040436,400
basic_appreq,2755744,16008602833585,400
basic_appreq,2740678,16008605612111,400
basic_appreq,1035682,16008606712371,400
basic_appreq,2367926,16008609116889,400
basic_appreq,2664250,16008611819862,400
basic_appreq,2677747,16008614533686,400
basic_appreq,2807034,16008617378439,400
basic_appreq,2666325,16008620081094,400
basic_appreq,2384094,16008622501356,400
basic_appreq,1580311,16008624133129,400
basic_appreq,2426697,16008626595572,400
basic_appreq,1962325,16008628596631,400
basic_appreq,2389401,16008631038275,400
basic_appreq,1836166,16008632910881,400
basic_appreq,2526410,16008635474986,400
basic_appreq,1809286,16008637315411,400
basic_appreq,1628806,16008638978225,400
basic_appreq,2452365,16008641462659,400
basic_appreq,2136958,16008643632078,400
basic_appreq,2432316,16008646095408,400
basic_appreq,2389634,16008648521006,400
basic_appreq,1627218,16008650183639,400
basic_appreq,2042706,16008652261257,400
basic_appreq,2182604,16008654480713,400
basic_appreq,1784802,16008656299576,400
basic_appreq,3030075,16008659387200,400
basic_appreq,1409936,16008660833901,400
basic_appreq,1864290,16008662734016,400
basic_appreq,2713846,16008665482878,400
basic_appreq,2701278,16008668233610,400
basic_appreq,2269741,16008670542654,400
basic_appreq,2685902,16008673265681,400
basic_appreq,2590578,16008675895384,400
basic_appreq,1573776,16008677507242,400
basic_appreq,1611442,16008679156506,400
basic_appreq,2357655,16008681546496,400
basic_appreq,2117138,16008683697971,400
basic_appreq,2474274,16008686204818,400
basic_appreq,1594223,16008687832970,400
basic_appreq,2262841,16008690128326,400
basic_appreq,2620629,16008692788822,400
basic_appreq,1473481,16008694312754,400
basic_appreq,1704011,16008696049872,400
basic_appreq,2384016,16008698468500,400
basic_appreq,2688492,16008701189721,400
basic_appreq,2524998,16008703750605,400
basic_appreq,2106562,16008705892187,400
basic_appreq,1732259,16008707681708,400
basic_appreq,2721285,16008710437143,400
basic_appreq,1116575,16008711589251,400
basic_appreq,1998137,16008713619862,400
basic_appreq,2175026,16008715829212,400
basic_appreq,2667964,16008718529772,400
basic_appreq,2063077,16008720629730,400
basic_appreq,2545052,16008723209043,400
basic_appreq,2700440,16008725943643,400
basic_appreq,2685730,16008728663840,400
basic_appreq,2574199,16008731273093,400
basic_appreq,1197917,16008732505123,400
basic_appreq,2003010,16008734543035,400
basic_appreq,1734254,16008736309961,400
basic_appreq,2547919,16008738900062,400
basic_appreq,1502737,16008740436409,400
basic_appreq,2157504,16008742628541,400
basic_appreq,2064464,16008744726129,400
basic_appreq,2108298,16008746874585,400
basic_appreq,2253823,16008749165300,400
basic_appreq,2580901,16008751786375,400
basic_appreq,2531296,16008754357498,400
basic_appreq,1487176,16008755878616,400
basic_appreq,1583899,16008757495025,400
basic_appreq,2805390,16008760334606,400
basic_appreq,1607380,16008761976269,400
basic_appreq,2188738,16008764197888,400
basic_appreq,2500730,16008766734487,400
basic_appreq,1466081,16008768253378,400
basic_appreq,2256407,16008770546178,400
basic_appreq,1978371,16008772579063,400
basic_appreq,2245162,16008774860873,400
basic_appreq,2228037,16008777127668,400
basic_appreq,2474152,16008779637877,400
basic_appreq,2154583,16008781826292,400
basic_appreq,2527384,16008784390546,400
basic_appreq,2595029,16008787039219,400
basic_appreq,2707592,16008789785298,400
basic_appreq,2362498,16008792188789,400
basic_appreq,2742780,16008794994437,400
basic_appreq,1890699,16008796929166,400
basic_appreq,2125967,16008799100082,400
basic_appreq,2696637,16008801838132,400
basic_appreq,2322127,16008804206616,400
basic_appreq,2338178,16008806610935,400
basic_appreq,2526595,16008809176042,400
basic_appreq,1812886,16008811031289,400
basic_appreq,2226364,16008813295713,400
basic_appreq,2213690,16008815567810,400
basic_appreq,2992544,16008818616483,400
basic_appreq,2612883,16008821279072,400
basic_appreq,2333841,16008823650408,400
basic_appreq,2602034,16008826285721,400
basic_appreq,2653617,16008828991668,400
basic_appreq,1590916,16008830643184,400
basic_appreq,2151658,16008832836318,400
basic_appreq,2280027,16008835164992,400
basic_appreq,3208394,16008838417497,400
basic_appreq,2494783,16008840951887,400
basic_appreq,1957994,16008842949263,400
basic_appreq,2468600,16008845455998,400
basic_appreq,2226118,16008847722441,400
basic_appreq,2231185,16008849991318,400
basic_appreq,2189379,16008852219911,400
basic_appreq,1466062,16008853733154,400
basic_appreq,2658450,16008856443738,400
basic_appreq,2531249,16008859059922,400
basic_appreq,2256561,16008861375571,400
basic_appreq,2370980,16008863787928,400
basic_appreq,3232894,16008867060578,400
basic_appreq,2999862,16008870130566,400
basic_appreq,1629367,16008871830193,400
basic_appreq,2232607,16008874107106,400
basic_appreq,3576139,16008877726861,400
basic_appreq,2591818,16008880357009,400
basic_appreq,2511781,16008882907118,400
basic_appreq,2026535,16008884973883,400
basic_appreq,2629947,16008887643590,400
basic_appreq,2756616,16008890441515,400
basic_appreq,1590661,16008892094275,400
basic_appreq,2114438,16008894253563,400
basic_appreq,2588523,16008896884441,400
basic_appreq,2866522,16008899798765,400
basic_appreq,2501177,16008902340627,400
basic_appreq,2336471,16008904721452,400
basic_appreq,2619606,16008907387992,400
basic_appreq,2577872,16008909999714,400
basic_appreq,2109647,16008912145469,400
basic_appreq,2042908,16008914237569,400
basic_appreq,2115309,16008916418621,400
basic_appreq,2385149,16008918845294,400
basic_appreq,2620871,16008921504948,400
basic_appreq,2160623,16008923713321,400
basic_appreq,2197382,16008925984018,400
basic_appreq,2137975,16008928163600,400
basic_appreq,2406649,16008930608279,400
basic_appreq,2383497,16008933028484,400
basic_appreq,1595181,16008934688034,400
basic_appreq,2448330,16008937185620,400
basic_appreq,2334773,16008939566544,400
basic_appreq,2344148,16008941955761,400
basic_appreq,2678919,16008944693569,400
basic_appreq,2318251,16008947059510,400
basic_appreq,2127275,16008949224039,400
basic_appreq,2760229,16008952022869,400
basic_appreq,1948208,16008954019999,400
basic_appreq,2594484,16008956650656,400
basic_appreq,2185834,16008958875937,400
basic_appreq,2196684,16008961110512,400
basic_appreq,2245027,16008963399259,400
basic_appreq,2686138,16008966132499,400
basic_appreq,2343632,16008968517092,400
basic_appreq,2216413,16008970781554,400
basic_appreq,2328315,16008973154274,400
basic_appreq,2223645,16008975417846,400
basic_appreq,2447408,16008977903243,400
basic_appreq,1929579,16008979880515,400
basic_appreq,2610077,16008982524714,400
basic_appreq,2471490,16008985046994,400
basic_appreq,2060943,16008987144614,400
basic_appreq,2332779,16008989512245,400
basic_appreq,2520944,16008992070693,400
basic_appreq,1727158,16008993840715,400
basic_appreq,2393187,16008996279911,400
basic_appreq,2301145,16008998630796,400
basic_appreq,3136225,16009001813585,400
basic_appreq,2387566,16009004241045,400
basic_appreq,2136706,16009006436711,400
basic_appreq,2584304,16009009065210,400
basic_appreq,2291097,16009011403154,400
basic_appreq,2198970,16009013646544,400
basic_appreq,2095321,16009015781331,400
basic_appreq,2824730,16009018646142,400
basic_appreq,2780874,16009021468102,400
basic_appreq,2927220,16009024452443,400
basic_appreq,2158961,16009026653549,400
basic_appreq,2068415,16009028765963,400
basic_appreq,1548338,16009030383810,400
basic_appreq,1839150,16009032268076,400
basic_appreq,2870007,16009035177779,400
basic_appreq,2651366,16009037866675,400
basic_appreq,2792808,16009040699354,400
basic_appreq,2695173,16009043435782,400
basic_appreq,2646676,16009046122843,400
basic_appreq,1802397,16009047976121,400
basic_appreq,2300619,16009050344271,400
basic_appreq,2986411,16009053377936,400
basic_appreq,1513971,16009054935089,400
basic_appreq,2984066,16009057963118,400
basic_appreq,2651741,16009060653109,400
basic_appreq,2845261,16009063536920,400
basic_appreq,2495875,16009066073336,400
basic_appreq,1781646,16009067915304,400
basic_appreq,2046699,16009070006648,400
basic_appreq,2404642,16009072454029,400
basic_appreq,2632994,16009075133579,400
basic_appreq,2231022,16009077405342,400
basic_appreq,2269421,16009079718245,400
basic_appreq,2460487,16009082223203,400
basic_appreq,2426625,16009084698636,400
basic_appreq,2311236,16009087057369,400
basic_appreq,2073058,16009089175275,400
basic_appreq,2875401,16009092087456,400
basic_appreq,2722562,16009094846919,400
basic_appreq,2581589,16009097464138,400
basic_appreq,1789374,16009099307135,400
basic_appreq,2189174,16009101541167,400
basic_appreq,2010685,16009103600520,400
basic_appreq,2872354,16009106514893,400
basic_appreq,2513243,16009109085132,400
basic_appreq,2267225,16009111391914,400
basic_appreq,2111660,16009113540951,400
basic_appreq,2482151,16009116063120,400
basic_appreq,2410044,16009118521355,400
basic_appreq,1954621,16009120519727,400
basic_appreq,2130560,16009122690984,400
basic_appreq,2222722,16009124947057,400
basic_appreq,2131517,16009127113812,400
basic_appreq,2425435,16009129570715,400
basic_appreq,1831485,16009131442211,400
basic_appreq,3094534,16009134575140,400
basic_appreq,2280516,16009136895627,400
basic_appreq,2684200,16009139626337,400
basic_appreq,2245002,16009141916729,400
basic_appreq,3272591,16009145242266,400
basic_appreq,2263201,16009147543508,400
basic_appreq,2008306,16009149612449,400
basic_appreq,2208040,16009151880797,400
basic_appreq,2616735,16009154537380,400
basic_appreq,2567427,16009157141378,400
basic_appreq,2256336,16009159436207,400
basic_appreq,2299674,16009161775812,400
basic_appreq,1838589,16009163653165,400
basic_appreq,2870584,16009166561978,400
basic_appreq,1687167,16009168319084,400
basic_appreq,2113775,16009170483846,400
basic_appreq,1979448,16009172519485,400
basic_appreq,2365009,16009174927229,400
basic_appreq,2633578,16009177596873,400
basic_appreq,2254392,16009179904455,400
basic_appreq,2436505,16009182376578,400
basic_appreq,2578620,16009185010702,400
basic_appreq,2190065,16009187238899,400
basic_appreq,2412780,16009189696906,400
basic_appreq,2023145,16009191761339,400
basic_appreq,1858373,16009193663865,400
basic_appreq,1802834,16009195505326,400
basic_appreq,2719802,16009198262726,400
basic_appreq,2559054,16009200861418,400
basic_appreq,2052914,16009202954074,400
basic_appreq,2227069,16009205218691,400
basic_appreq,2430528,16009207688838,400
basic_appreq,1783696,16009209526472,400
basic_appreq,2294882,16009211860579,400
basic_appreq,2250028,16009214151405,400
basic_appreq,2287798,16009216495193,400
basic_appreq,1905673,16009218446965,400
basic_appreq,2334282,16009220816718,400
basic_appreq,2554914,16009223408794,400
basic_appreq,2784219,16009226229165,400
basic_appreq,2172105,16009228443573,400
basic_appreq,2246530,16009230732545,400
basic_appreq,2704776,16009233484128,400
basic_appreq,2668917,16009236194913,400
basic_appreq,2491311,16009238736737,400
basic_appreq,2027136,16009240808166,400
basic_appreq,2149367,16009243006007,400
basic_appreq,2561332,16009245605149,400
basic_appreq,2479894,16009248157619,400
basic_appreq,2362928,16009250568855,400
basic_appreq,2346677,16009252951451,400
basic_appreq,2887567,16009255885109,400
basic_appreq,2304357,16009258248967,400
basic_appreq,2712774,16009260997777,400
basic_appreq,2136765,16009263178915,400
basic_appreq,2028697,16009265248654,400
basic_appreq,2232212,16009267522122,400
basic_appreq,2096585,16009269686902,400
basic_appreq,1988850,16009271715435,400
basic_appreq,2290269,16009274046218,400
basic_appreq,2177322,16009276270731,400
basic_appreq,2150341,16009278467020,400
basic_appreq,2651847,16009281152659,400
basic_appreq,2651067,16009283843320,400
basic_appreq,2458299,16009286335805,400
basic_appreq,2185073,16009288558247,400
basic_appreq,2315082,16009290921809,400
basic_appreq,2577802,16009293541484,400
basic_appreq,2166894,16009295773702,400
basic_appreq,1692282,16009297521941,400
basic_appreq,2344137,16009299907586,400
basic_appreq,2752035,16009302703694,400
basic_appreq,2383317,16009305124113,400
basic_appreq,2462549,16009307649821,400
basic_appreq,1881309,16009309605874,400
basic_appreq,3421230,16009313074682,400
basic_appreq,2674990,16009315788349,400
basic_appreq,2455052,16009318280127,400
basic_appreq,2334621,16009320656662,400
basic_appreq,1748839,16009322444640,400
basic_appreq,2398961,16009324878627,400
basic_appreq,2408005,16009327323408,400
basic_appreq,2514851,16009329877549,400
basic_appreq,2599390,16009332515672,400
basic_appreq,2366241,16009334922819,400
basic_appreq,2223797,16009337184695,400
basic_appreq,2316421,16009339544755,400
basic_appreq,1729742,16009341320883,400
basic_appreq,2428613,16009343796293,400
basic_appreq,2147708,16009345982349,400
basic_appreq,2649376,16009348677965,400
basic_appreq,2440742,16009351157581,400
basic_appreq,2989860,16009354212354,400
basic_appreq,2344337,16009356611987,400
basic_appreq,2047989,16009358707136,400
basic_appreq,2181037,16009360957057,400
basic_appreq,2410805,16009363406843,400
basic_appreq,2599475,16009366049185,400
basic_appreq,1608310,16009367703624,400
basic_appreq,2151593,16009369899829,400
basic_appreq,2168975,16009372117217,400
basic_appreq,2171416,16009374348012,400
basic_appreq,2164006,16009376555955,400
basic_appreq,3018136,16009379624515,400
basic_appreq,1535768,16009381225677,400
basic_appreq,2646425,16009383915134,400
basic_appreq,2874459,16009386836692,400
basic_appreq,2388497,16009389261956,400
basic_appreq,2138519,16009391437818,400
basic_appreq,2645921,16009394119028,400
basic_appreq,2374873,16009396531168,400
basic_appreq,2708092,16009399287407,400
basic_appreq,1710236,16009401043985,400
basic_appreq,2269361,16009403362979,400
basic_appreq,2188572,16009405595578,400
basic_appreq,2578565,16009408220546,400
basic_appreq,2717599,16009410982283,400
basic_appreq,1808773,16009412834469,400
basic_appreq,1990970,16009414875218,400
basic_appreq,2208107,16009417125140,400
basic_appreq,2776536,16009419942251,400
basic_appreq,2767776,16009422747133,400
basic_appreq,2170593,16009424970784,400
basic_appreq,2333563,16009427347133,400
basic_appreq,2303734,16009429691121,400
basic_appreq,2176681,16009431911692,400
basic_appreq,1974440,16009433923691,400
basic_appreq,2298691,16009436258334,400
basic_appreq,2221883,16009438517422,400
basic_appreq,2445426,16009440999727,400
basic_appreq,2680679,16009443724122,400
basic_appreq,2112619,16009445881767,400
basic_appreq,2936576,16009448864897,400
basic_appreq,2162171,16009451064379,400
basic_appreq,2556408,16009453660824,400
basic_appreq,2652522,16009456351100,400
basic_appreq,1867179,16009458269601,400
basic_appreq,2681517,16009460991391,400
basic_appreq,1805797,16009462868083,400
basic_appreq,2962166,16009465874870,400
basic_appreq,1892903,16009467844687,400
basic_appreq,2309612,16009470194275,400
basic_appreq,1950979,16009472191570,400
basic_appreq,2635300,16009474867117,400
basic_appreq,2290620,16009477195999,400
basic_appreq,2901216,16009480151352,400
basic_appreq,2637301,16009482830265,400
basic_appreq,2530232,16009485401608,400
basic_appreq,2633207,16009488080467,400
basic_appreq,1521182,16009489668391,400
basic_appreq,2214174,16009491926885,400
basic_appreq,2182969,16009494154916,400
basic_appreq,2277387,16009496480757,400
basic_appreq,2280809,16009498809787,400
basic_appreq,3583466,16009502434889,400
basic_appreq,2614967,16009505089808,400
basic_appreq,2753117,16009507882492,400
basic_appreq,2470533,16009510389969,400
basic_appreq,2103899,16009512534804,400
basic_appreq,2545570,16009515119611,400
basic_appreq,2479165,16009517635955,400
basic_appreq,1771724,16009519451342,400
basic_appreq,2204082,16009521693673,400
basic_appreq,2261993,16009523999643,400
basic_appreq,2150771,16009526223684,400
basic_appreq,2177509,16009528445745,400
basic_appreq,1798862,16009530291000,400
basic_appreq,2471406,16009532796872,400
basic_appreq,2084162,16009534917049,400
basic_appreq,2128119,16009537079443,400
basic_appreq,2485793,16009539601943,400
basic_appreq,2169730,16009541805607,400
basic_appreq,1684436,16009543530459,400
basic_appreq,1717887,16009545293037,400
basic_appreq,1857455,16009547196381,400
basic_appreq,2466699,16009549699609,400
basic_appreq,2698748,16009552436941,400
basic_appreq,2791508,16009555267220,400
basic_appreq,3038037,16009558347299,400
basic_appreq,2615468,16009561005623,400
basic_appreq,1854471,16009562909992,400
basic_appreq,2189230,16009565144060,400
basic_appreq,2208314,16009567401960,400
basic_appreq,1858272,16009569304732,400
basic_appreq,2361087,16009571700911,400
basic_appreq,2542076,16009574275656,400
basic_appreq,2509578,16009576836802,400
basic_appreq,2326626,16009579211755,400
basic_appreq,2200594,16009581456460,400
basic_appreq,2109819,16009583613569,400
basic_appreq,2543159,16009586195697,400
basic_appreq,2259464,16009588492170,400
basic_appreq,2200047,16009590728725,400
basic_appreq,2445865,16009593215783,400
basic_appreq,2429890,16009595706825,400
basic_appreq,2432912,16009598174544,400
basic_appreq,2319576,16009600542720,400
basic_appreq,1659830,16009602250971,400
basic_appreq,2523051,16009604824665,400
basic_appreq,2664039,16009607537846,400
basic_appreq,1778865,16009609376212,400
basic_appreq,1932092,16009611362412,400
basic_appreq,2354308,16009613757070,400
basic_appreq,2995785,16009616790057,400
basic_appreq,2509421,16009619336878,400
basic_appreq,2385073,16009621759059,400
basic_appreq,2550844,16009624353050,400
basic_appreq,2789954,16009627182386,400
basic_appreq,2674845,16009629895487,400
basic_appreq,2509336,16009632459922,400
basic_appreq,2494577,16009634998104,400
basic_appreq,2421616,16009637461871,400
basic_appreq,1941816,16009639452841,400
basic_appreq,2380264,16009641875089,400
basic_appreq,1959737,16009643916907,400
basic_appreq,3111244,16009647064526,400
basic_appreq,2458515,16009649558830,400
basic_appreq,2198261,16009651791479,400
basic_appreq,2501686,16009654331754,400
basic_appreq,2347303,16009656719799,400
basic_appreq,1682692,16009658449181,400
basic_appreq,2293275,16009660783784,400
basic_appreq,2130011,16009662957339,400
basic_appreq,2386039,16009665382993,400
basic_appreq,1561430,16009667002456,400
basic_appreq,2185793,16009669221683,400
basic_appreq,2503756,16009671760885,400
basic_appreq,2328495,16009674129807,400
basic_appreq,2969798,16009677146648,400
basic_appreq,2487533,16009679671369,400
basic_appreq,2159109,16009681866500,400
basic_appreq,2436898,16009684344979,400
basic_appreq,2399584,16009686792186,400
basic_appreq,1780892,16009688625189,400
basic_appreq,2207931,16009690873503,400
basic_appreq,2303584,16009693221785,400
basic_appreq,2503860,16009695763723,400
basic_appreq,2851009,16009698651346,400
basic_appreq,2304230,16009700994504,400
basic_appreq,2312213,16009703361952,400
basic_appreq,2829087,16009706258570,400
basic_appreq,2560347,16009708858073,400
basic_appreq,2173054,16009711074545,400
basic_appreq,2190213,16009713302553,400
basic_appreq,2109345,16009715451336,400
basic_appreq,2542401,16009718037931,400
basic_appreq,1501564,16009719585824,400
basic_appreq,2769145,16009722406172,400
basic_appreq,2123556,16009724571311,400
basic_appreq,2496518,16009727104778,400
basic_appreq,2845544,16009729986087,400
basic_appreq,1583636,16009731618692,400
basic_appreq,2213380,16009733877133,400
basic_appreq,2357981,16009736281771,400
basic_appreq,2320287,16009738643111,400
basic_appreq,2518332,16009741201087,400
basic_appreq,2083371,16009743325855,400
basic_appreq,2493365,16009745858010,400
basic_appreq,2637342,16009748531397,400
basic_appreq,2138365,16009750715707,400
basic_appreq,2355135,16009753106794,400
basic_appreq,1973275,16009755122171,400
basic_appreq,2553381,16009757720060,400
basic_appreq,2177955,16009759970841,400
basic_appreq,1735263,16009761772909,400
basic_appreq,2809237,16009764627677,400
basic_appreq,2070598,16009766740259,400
basic_appreq,2126708,16009768904523,400
basic_appreq,2942196,16009771884690,400
basic_appreq,2523608,16009774444310,400
basic_appreq,2408438,16009776890788,400
basic_appreq,2436076,16009779380699,400
basic_appreq,2406021,16009781826290,400
basic_appreq,2216745,16009784083373,400
basic_appreq,2400575,16009786524687,400
basic_appreq,2254957,16009788819464,400
basic_appreq,2407639,16009791274240,400
basic_appreq,1988291,16009793307209,400
basic_appreq,2240957,16009795593992,400
basic_appreq,2227253,16009797857043,400
basic_appreq,2394778,16009800289102,400
basic_appreq,2144010,16009802470058,400
basic_appreq,2413591,16009804918935,400
basic_appreq,2718155,16009807674933,400
basic_appreq,2931124,16009810641718,400
basic_appreq,2186649,16009812868812,400
basic_appreq,2965340,16009815902599,400
basic_appreq,2856164,16009818795899,400
basic_appreq,2729624,16009821567374,400
basic_appreq,1575811,16009823205438,400
basic_appreq,1871600,16009825120563,400
basic_appreq,2602566,16009827764843,400
basic_appreq,2654574,16009830459583,400
basic_appreq,2518854,16009833015050,400
basic_appreq,2219948,16009835277841,400
basic_appreq,2075462,16009837416079,400
basic_appreq,2574339,16009840037299,400
basic_appreq,2237364,16009842345602,400
basic_appreq,2698455,16009845088064,400
basic_appreq,1570943,16009846706778,400
basic_appreq,3615132,16009850362717,400
basic_appreq,2482813,16009852880493,400
basic_appreq,2160310,16009855075786,400
basic_appreq,2088838,16009857204831,400
basic_appreq,2420634,16009859671669,400
basic_appreq,2741288,16009862446784,400
basic_appreq,2364093,16009864853352,400
basic_appreq,2672468,16009867568899,400
basic_appreq,2593445,16009870197661,400
basic_appreq,2631519,16009872865605,400
basic_appreq,2638834,16009875567024,400
basic_appreq,2723526,16009878329678,400
basic_appreq,1936639,16009880318000,400
basic_appreq,2520395,16009882884557,400
basic_appreq,1714128,16009884642876,400
basic_appreq,2507825,16009887190170,400
basic_appreq,2326667,16009889553519,400
basic_appreq,1480818,16009891083122,400
basic_appreq,1996311,16009893117939,400
basic_appreq,2266580,16009895445150,400
basic_appreq,2946532,16009898438348,400
basic_appreq,2181371,16009900671839,400
basic_appreq,2239275,16009902946075,400
basic_appreq,1757926,16009904747236,400
basic_appreq,2187223,16009906968729,400
basic_appreq,2623192,16009909641119,400
basic_appreq,2596312,16009912273756,400
basic_appreq,2104114,16009914417642,400
basic_appreq,2173788,16009916634913,400
basic_appreq,2464443,16009919134545,400
basic_appreq,2151562,16009921329138,400
basic_appreq,2665519,16009924039309,400
basic_appreq,2419947,16009926494512,400
basic_appreq,2688563,16009929221096,400
basic_appreq,1900610,16009931191514,400
basic_appreq,2311487,16009933556112,400
basic_appreq,2103984,16009935702300,400
basic_appreq,2835514,16009938573320,400
basic_appreq,1611760,16009940222964,400
basic_appreq,3073728,16009943337360,400
basic_appreq,2177872,16009945586261,400
basic_appreq,1673997,16009947303591,400
basic_appreq,2345347,16009949690241,400
basic_appreq,2484354,16009952221972,400
basic_appreq,2431454,16009954715198,400
basic_appreq,2692730,16009957449103,400
basic_appreq,2404949,16009959893574,400
basic_appreq,2416205,16009962350102,400
basic_appreq,2252750,16009964640449,400
basic_appreq,2568408,16009967247418,400
basic_appreq,2483823,16009969765620,400
basic_appreq,2099534,16009971906938,400
basic_appreq,2435724,16009974380333,400
basic_appreq,2280561,16009976696891,400
basic_appreq,2730128,16009979468717,400
basic_appreq,2146280,16009981654603,400
basic_appreq,1935109,16009983635446,400
basic_appreq,1789518,16009985467163,400
basic_appreq,2707203,16009988221383,400
basic_appreq,2287177,16009990547999,400
basic_appreq,2561971,16009993151351,400
basic_appreq,2398767,16009995594943,400
basic_appreq,2746934,16009998383314,400
basic_appreq,2093106,16010000514446,400
basic_appreq,2657640,16010003222327,400
basic_appreq,2473551,16010005737342,400
basic_appreq,2001912,16010007784553,400
basic_appreq,1882809,16010009705748,400
basic_appreq,2461591,16010012205393,400
basic_appreq,1674161,16010013935619,400
basic_appreq,2137737,16010016111586,400
basic_appreq,2378580,16010018528500,400
basic_appreq,1872705,16010020443331,400
basic_appreq,2391129,16010022874016,400
basic_appreq,2948279,16010025859418,400
basic_appreq,2594744,16010028494086,400
basic_appreq,2308683,16010030844516,400
basic_appreq,2338875,16010033222550,400
basic_appreq,1064489,16010034344135,400
basic_appreq,2080491,16010036463454,400
basic_appreq,1817445,16010038333199,400
basic_appreq,2832294,16010041197871,400
basic_appreq,2138322,16010043372340,400
basic_appreq,2588862,16010046011654,400
basic_appreq,2368266,16010048415773,400
basic_appreq,2245584,16010050698209,400
basic_appreq,2120252,16010052876753,400
basic_appreq,2518533,16010055434494,400
basic_appreq,1650061,16010057123591,400
basic_appreq,2001635,16010059166011,400
basic_appreq,2237483,16010061441732,400
basic_appreq,2279317,16010063757220,400
basic_appreq,2189370,16010065981073,400
basic_appreq,2100155,16010068118111,400
basic_appreq,2029245,16010070184575,400
basic_appreq,1989634,16010072209885,400
basic_appreq,2168330,16010074418696,400
basic_appreq,2861901,16010077318729,400
basic_appreq,1656886,16010079036352,400
basic_appreq,2285366,16010081387112,400
basic_appreq,1944309,16010083371872,400
basic_appreq,2711471,16010086117519,400
basic_appreq,2234631,16010088391231,400
basic_appreq,2102334,16010090532001,400
basic_appreq,2254422,16010092823569,400
basic_appreq,2576070,16010095439308,400
basic_appreq,2808226,16010098285544,400
basic_appreq,2855634,16010101183171,400
basic_appreq,2132830,16010103356221,400
basic_appreq,2272590,16010105665451,400
basic_appreq,2203377,16010107912389,400
basic_appreq,2576711,16010110530761,400
basic_appreq,2696853,16010113261405,400
basic_appreq,2578052,16010115872475,400
basic_appreq,2380280,16010118290744,400
basic_appreq,1480595,16010119822454,400
basic_appreq,1935905,16010121797090,400
basic_appreq,2261208,16010124099594,400
basic_appreq,2534741,16010126671640,400
basic_appreq,2576453,16010129299561,400
basic_appreq,1905767,16010131245292,400
basic_appreq,2323922,16010133604150,400
basic_appreq,2459895,16010136101277,400
basic_appreq,2286642,16010138425795,400
basic_appreq,2715344,16010141176602,400
basic_appreq,2577259,16010143795295,400
basic_appreq,2438284,16010146267316,400
basic_appreq,2137625,16010148445570,400
basic_appreq,1845754,16010150360817,400
basic_appreq,2316251,16010152718753,400
basic_appreq,3097152,16010155860196,400
basic_appreq,2104071,16010158003405,400
basic_appreq,2256587,16010160304640,400
basic_appreq,2540558,16010162881886,400
basic_appreq,2660726,16010165579448,400
basic_appreq,2617339,16010168242186,400
basic_appreq,2573270,16010170856703,400
basic_appreq,1911565,16010172831092,400
basic_appreq,2782475,16010175655020,400
basic_appreq,1628368,16010177360662,400
basic_appreq,1869702,16010179274375,400
basic_appreq,2444089,16010181755632,400
basic_appreq,2334480,16010184125382,400
basic_appreq,2648831,16010186812798,400
basic_appreq,2547581,16010189400149,400
basic_appreq,2274295,16010191714291,400
basic_appreq,2034738,16010193791388,400
basic_appreq,2447950,16010196282143,400
basic_appreq,2030389,16010198353719,400
basic_appreq,2441541,16010200869643,400
basic_appreq,2627634,16010203532756,400
basic_appreq,2421891,16010205989608,400
basic_appreq,2092069,16010208128233,400
basic_appreq,2640590,16010210813920,400
basic_appreq,2300258,16010213149821,400
basic_appreq,2485537,16010215675826,400
basic_appreq,2424037,16010218140931,400
basic_appreq,2517982,16010220705278,400
basic_appreq,2316272,16010223063001,400
basic_appreq,2269575,16010225372402,400
basic_appreq,2630910,16010228053720,400
basic_appreq,2489794,16010230586785,400
basic_appreq,2549627,16010233174323,400
basic_appreq,2863815,16010236083253,400
basic_appreq,2349031,16010238480511,400
basic_appreq,2289321,16010240811861,400
basic_appreq,1750385,16010242612546,400
basic_appreq,2585471,16010245235897,400
basic_appreq,2622415,16010247899196,400
basic_appreq,2392559,16010250338898,400
basic_appreq,2092811,16010252473441,400
basic_appreq,1617083,16010254131373,400
basic_appreq,2115830,16010256285268,400
basic_appreq,1780767,16010258113115,400
basic_appreq,2499886,16010260648792,400
basic_appreq,2121497,16010262807728,400
basic_appreq,2274708,16010265118986,400
basic_appreq,2309369,16010267466675,400
basic_appreq,2132524,16010269636058,400
basic_appreq,2548052,16010272220813,400
basic_appreq,2794706,16010275051703,400
basic_appreq,2503662,16010277592563,400
basic_appreq,2532551,16010280173293,400
basic_appreq,2589269,16010282826279,400
basic_appreq,2578772,16010285442984,400
basic_appreq,2228559,16010287741127,400
basic_appreq,1814681,16010289639297,400
basic_appreq,1994506,16010291683564,400
basic_appreq,2207917,16010293935568,400
basic_appreq,2312474,16010296285500,400
basic_appreq,2034076,16010298356013,400
basic_appreq,2783308,16010301179156,400
basic_appreq,2736693,16010303952412,400
basic_appreq,2728674,16010306761734,400
basic_appreq,2631903,16010309433339,400
basic_appreq,2880679,16010312355028,400
basic_appreq,2756265,16010315150326,400
basic_appreq,2091538,16010317294596,400
basic_appreq,2036692,16010319398266,400
basic_appreq,2492778,16010321932251,400
basic_appreq,2443629,16010324418192,400
basic_appreq,2932912,16010327410470,400
basic_appreq,2076613,16010329521419,400
basic_appreq,2031203,16010331598848,400
basic_appreq,2374089,16010334009078,400
basic_appreq,1972925,16010336045669,400
basic_appreq,2279469,16010338358217,400
basic_appreq,2401598,16010340794754,400
basic_appreq,2642470,16010343478043,400
basic_appreq,2423350,16010345942155,400
basic_appreq,1946770,16010347925889,400
basic_appreq,2420789,16010350382161,400
basic_appreq,2164454,16010352582632,400
basic_appreq,2402367,16010355021857,400
basic_appreq,2725527,16010357791170,400
basic_appreq,1715696,16010359554083,400
basic_appreq,1583933,16010361183022,400
basic_appreq,2172802,16010363409226,400
basic_appreq,2181233,16010365628900,400
basic_appreq,2530119,16010368199366,400
basic_appreq,1584582,16010369835182,400
basic_appreq,2163030,16010372043595,400
basic_appreq,2299044,16010374389425,400
basic_appreq,2750137,16010377175146,400
basic_appreq,2740846,16010379953443,400
basic_appreq,2801112,16010382788836,400
basic_appreq,2707822,16010385532484,400
basic_appreq,1971080,16010387541011,400
basic_appreq,3598671,16010391185838,400
basic_appreq,1599249,16010392815603,400
basic_appreq,2029513,16010394876895,400
basic_appreq,2095971,16010397004109,400
basic_appreq,2080168,16010399118497,400
basic_appreq,2172953,16010401323583,400
basic_appreq,1606361,16010402977325,400
basic_appreq,2125795,16010405146568,400
basic_appreq,2170011,16010407362633,400
basic_appreq,3393724,16010410799066,400
basic_appreq,2097264,16010412929241,400
basic_appreq,1688143,16010414657872,400
basic_appreq,2158402,16010416842674,400
basic_appreq,2035765,16010418906368,400
basic_appreq,2180838,16010421116144,400
basic_appreq,2515161,16010423660394,400
basic_appreq,1824987,16010425529307,400
basic_appreq,1947860,16010427522096,400
basic_appreq,2095475,16010429655377,400
basic_appreq,2595342,16010432286820,400
basic_appreq,2201820,16010434526607,400
basic_appreq,2199586,16010436764832,400
basic_appreq,2259390,16010439071968,400
basic_appreq,2066885,16010441179046,400
basic_appreq,1523164,16010442769092,400
basic_appreq,2216746,16010445029964,400
basic_appreq,5707729,16010450781495,400
basic_appreq,2655614,16010453472447,400
basic_appreq,5196191,16010458700852,400
basic_appreq,2290555,16010461020535,400
basic_appreq,1857640,16010462907214,400
basic_appreq,2401371,16010465336819,400
basic_appreq,2090063,16010467456547,400
basic_appreq,2430339,16010469914675,400
basic_appreq,2584041,16010472528475,400
basic_appreq,1862765,16010474440382,400
basic_appreq,3098111,16010477582691,400
basic_appreq,2445897,16010480064749,400
basic_appreq,1811022,16010481912647,400
basic_appreq,2382601,16010484330479,400
basic_appreq,2300609,16010486668001,400
basic_appreq,2403425,16010489108324,400
basic_appreq,2605157,16010491746819,400
basic_appreq,2596324,16010494376471,400
basic_appreq,2199965,16010496610457,400
basic_appreq,2327666,16010498972104,400
basic_appreq,2418284,16010501433550,400
basic_appreq,3044806,16010504523605,400
basic_appreq,2244911,16010506808758,400
basic_appreq,2525935,16010509372956,400
basic_appreq,2244111,16010511657182,400
basic_appreq,2447500,16010514143620,400
basic_appreq,1778811,16010515963937,400
basic_appreq,1809827,16010517843179,400
basic_appreq,2648541,16010520529036,400
basic_appreq,2354580,16010522923794,400
basic_appreq,2616477,16010525578149,400
basic_appreq,2069682,16010527687940,400
basic_appreq,2528991,16010530254948,400
basic_appreq,2101393,16010532409086,400
basic_appreq,2195170,16010534638570,400
basic_appreq,2221049,16010536892296,400
basic_appreq,2432397,16010539356519,400
basic_appreq,2668472,16010542055641,400
basic_appreq,2351179,16010544448299,400
basic_appreq,2114672,16010546599688,400
basic_appreq,2207834,16010548845593,400
basic_appreq,2475044,16010551357595,400
basic_appreq,1920047,16010553330132,400
basic_appreq,2279604,16010555646867,400
basic_appreq,2455283,16010558139979,400
basic_appreq,1543213,16010559741315,400
basic_appreq,2408201,16010562190390,400
basic_appreq,2723075,16010564970831,400
basic_appreq,1480109,16010566496599,400
basic_appreq,2192512,16010568728708,400
basic_appreq,1742002,16010570534507,400
basic_appreq,2139064,16010572708828,400
basic_appreq,2095936,16010574844578,400
basic_appreq,2240092,16010577120924,400
basic_appreq,2382033,16010579540617,400
basic_appreq,2194431,16010581770410,400
basic_appreq,2382049,16010584189869,400
basic_appreq,2302708,16010586529281,400
basic_appreq,2122648,16010588686989,400
basic_appreq,2103419,16010590826700,400
basic_appreq,2059828,16010592920737,400
basic_appreq,2119420,16010595080959,400
basic_appreq,2340253,16010597464833,400
basic_appreq,1507646,16010599013338,400
basic_appreq,2238381,16010601294709,400
basic_appreq,3334361,16010604683573,400
basic_appreq,2055085,16010606787487,400
basic_appreq,3171086,16010610002869,400
basic_appreq,2846700,16010612890891,400
basic_appreq,2545901,16010615475092,400
basic_appreq,2908097,16010618422259,400
basic_appreq,2580806,16010621044019,400
basic_appreq,1898765,16010622991275,400
basic_appreq,2177275,16010625211450,400
basic_appreq,2288405,16010627545959,400
basic_appreq,2300564,16010629882078,400
basic_appreq,2423504,16010632353169,400
basic_appreq,2003635,16010634401451,400
basic_appreq,2601627,16010637035288,400
basic_appreq,2778683,16010639855746,400
basic_appreq,2404860,16010642299949,400
basic_appreq,2287606,16010644628895,400
basic_appreq,2233337,16010646903124,400
basic_appreq,2059761,16010649002265,400
basic_appreq,2553856,16010651589797,400
basic_appreq,1857642,16010653483460,400
basic_appreq,2208227,16010655735706,400
basic_appreq,2850947,16010658629494,400
basic_appreq,1605777,16010660313967,400
basic_appreq,2099427,16010662459977,400
basic_appreq,1947888,16010664450974,400
basic_appreq,2604669,16010667089942,400
basic_appreq,3004871,16010670127143,400
basic_appreq,2276602,16010672445761,400
basic_appreq,2553975,16010675039770,400
basic_appreq,2316163,16010677393930,400
basic_appreq,2397213,16010679831013,400
basic_appreq,2051204,16010681924475,400
basic_appreq,2530225,16010684496909,400
basic_appreq,1700743,16010686244047,400
basic_appreq,2262745,16010688549348,400
basic_appreq,2170952,16010690765182,400
basic_appreq,2234701,16010693037469,400
basic_appreq,2204891,16010695281518,400
basic_appreq,2342415,16010697664230,400
basic_appreq,2295200,16010699996653,400
basic_appreq,2592088,16010702661003,400
basic_appreq,1976660,16010704683179,400
basic_appreq,2895293,16010707620305,400
basic_appreq,2453926,16010710108292,400
basic_appreq,2453849,16010712597015,400
basic_appreq,2219671,16010714853712,400
basic_appreq,2604319,16010717492140,400
basic_appreq,2535389,16010720068625,400
basic_appreq,1607611,16010721753626,400
basic_appreq,3185724,16010724984572,400
basic_appreq,2294837,16010727320226,400
basic_appreq,2536049,16010729922924,400
basic_appreq,2877101,16010732842845,400
basic_appreq,2183624,16010735070058,400
basic_appreq,2218713,16010737329820,400
basic_appreq,2821892,16010740192390,400
basic_appreq,2187291,16010742418778,400
basic_appreq,2090412,16010744547953,400
basic_appreq,2241889,16010746833071,400
basic_appreq,2504391,16010749373018,400
basic_appreq,2014648,16010751432424,400
basic_appreq,2136041,16010753637082,400
basic_appreq,2777682,16010756468788,400
basic_appreq,2547342,16010759054135,400
basic_appreq,2230503,16010761328912,400
basic_appreq,1672886,16010763052127,400
basic_appreq,2742997,16010765829390,400
basic_appreq,2892855,16010768762307,400
basic_appreq,1549463,16010770359623,400
basic_appreq,1918478,16010772322757,400
basic_appreq,2799935,16010775163510,400
basic_appreq,2644894,16010777847220,400
basic_appreq,2504172,16010780392692,400
basic_appreq,2240279,16010782677461,400
basic_appreq,2282023,16010784998887,400
basic_appreq,2480414,16010787520749,400
basic_appreq,2769832,16010790328726,400
basic_appreq,2615873,16010792982653,400
basic_appreq,1618996,16010794641897,400
basic_appreq,1933401,16010796609921,400
basic_appreq,2078310,16010798738132,400
basic_appreq,2307221,16010801089924,400
basic_appreq,2159510,16010803289811,400
basic_appreq,2558449,16010805888858,400
basic_appreq,2217486,16010808146968,400
basic_appreq,2158218,16010810345360,400
basic_appreq,2458885,16010812862396,400
basic_appreq,1560040,16010814464792,400
basic_appreq,2512277,16010817017239,400
basic_appreq,2520579,16010819575746,400
basic_appreq,1827994,16010821452000,400
basic_appreq,2248254,16010823747505,400
basic_appreq,2578102,16010826370478,400
basic_appreq,1932878,16010828360357,400
basic_appreq,2698248,16010831101909,400
basic_appreq,2485223,16010833622884,400
basic_appreq,2646511,16010836307547,400
basic_appreq,2450612,16010838795991,400
basic_appreq,2702545,16010841566548,400
basic_appreq,2506987,16010844113144,400
basic_appreq,2089418,16010846243263,400
basic_appreq,2668292,16010848948895,400
basic_appreq,2765861,16010851755931,400
basic_appreq,2191383,16010853987604,400
basic_appreq,2250375,16010856284602,400
basic_appreq,2263254,16010858594114,400
basic_appreq,2469780,16010861107842,400
basic_appreq,1885864,16010863043212,400
basic_appreq,3082231,16010866172746,400
basic_appreq,2187786,16010868395995,400
basic_appreq,2208442,16010870644580,400
basic_appreq,1566080,16010872272853,400
basic_appreq,1966935,16010874278404,400
basic_appreq,2540930,16010876863331,400
basic_appreq,2438122,16010879340622,400
basic_appreq,2141694,16010881519794,400
basic_appreq,2168040,16010883727844,400
basic_appreq,2231824,16010885993588,400
basic_appreq,1892083,16010887921679,400
basic_appreq,2844224,16010890817021,400
basic_appreq,2405610,16010893259516,400
basic_appreq,2496757,16010895793271,400
basic_appreq,1590603,16010897429350,400
basic_appreq,2277771,16010899761959,400
basic_appreq,2237024,16010902036989,400
basic_appreq,2150521,16010904233907,400
basic_appreq,2352266,16010906626415,400
basic_appreq,2610034,16010909277107,400
basic_appreq,2753207,16010912078100,400
basic_appreq,1614289,16010913739649,400
basic_appreq,2598979,16010916378667,400
basic_appreq,2468027,16010918897932,400
basic_appreq,3508641,16010922448826,400
basic_appreq,2287648,16010924777089,400
basic_appreq,2769976,16010927586256,400
basic_appreq,2216274,16010929841902,400
basic_appreq,2428158,16010932310293,400
basic_appreq,2597179,16010934947894,400
basic_appreq,2733486,16010937723977,400
basic_appreq,2884135,16010940650757,400
basic_appreq,2428109,16010943121101,400
basic_appreq,2140740,16010945323604,400
basic_appreq,2438451,16010947810591,400
basic_appreq,2072521,16010949921289,400
basic_appreq,2083214,16010952043817,400
basic_appreq,2381608,16010954465150,400
basic_appreq,1969232,16010956475013,400
basic_appreq,2140755,16010958664785,400
basic_appreq,2165100,16010960897568,400
basic_appreq,1598183,16010962537046,400
basic_appreq,3164738,16010965746536,400
basic_appreq,2677989,16010968470304,400
basic_appreq,2171499,16010970695452,400
basic_appreq,2023474,16010972755161,400
basic_appreq,2212833,16010975005453,400
basic_appreq,2351851,16010977393932,400
basic_appreq,2336742,16010979768087,400
basic_appreq,2158169,16010981961097,400
basic_appreq,2382322,16010984380443,400
basic_appreq,8567231,16010993014490,400
basic_appreq,3029955,16010996085065,400
basic_appreq,2895393,16010999022112,400
basic_appreq,3084714,16011002145492,400
basic_appreq,2532008,16011004717998,400
basic_appreq,3279381,16011008038025,400
basic_appreq,1657776,16011009750703,400
basic_appreq,2331869,16011012126515,400
basic_appreq,2627360,16011014801230,400
basic_appreq,2322697,16011017164458,400
basic_appreq,2269508,16011019476601,400
basic_appreq,1678579,16011021194954,400
basic_appreq,2739086,16011023971606,400
basic_appreq,2500824,16011026533336,400
basic_appreq,2544938,16011029148404,400
basic_appreq,1533065,16011030724759,400
basic_appreq,1996789,16011032766446,400
basic_appreq,2391987,16011035199447,400
basic_appreq,2550394,16011037785397,400
basic_appreq,2551794,16011040379879,400
basic_appreq,2387792,16011042807734,400
basic_appreq,2454002,16011045299523,400
basic_appreq,1909184,16011047250606,400
basic_appreq,2124633,16011049411494,400
basic_appreq,2584588,16011052033938,400
basic_appreq,2440264,16011054512351,400
basic_appreq,1934880,16011056483989,400
basic_appreq,2340474,16011058863966,400
basic_appreq,1965459,16011060868379,400
basic_appreq,1605924,16011062533034,400
basic_appreq,1790829,16011064384018,400
basic_appreq,2033754,16011066454981,400
basic_appreq,2113941,16011068605010,400
basic_appreq,2650154,16011071292414,400
basic_appreq,2533817,16011073862423,400
basic_appreq,2653826,16011076554653,400
basic_appreq,2591508,16011079183821,400
basic_appreq,2489012,16011081711841,400
basic_appreq,2384272,16011084137006,400
basic_appreq,2442550,16011086624291,400
basic_appreq,2430371,16011089107043,400
basic_appreq,3154608,16011092306252,400
basic_appreq,2317519,16011094661006,400
basic_appreq,2407782,16011097109035,400
basic_appreq,2604495,16011099763680,400
basic_appreq,2754879,16011102576148,400
basic_appreq,1775288,16011104412361,400
basic_appreq,2240881,16011106695202,400
basic_appreq,1844891,16011108588921,400
basic_appreq,2474637,16011111101067,400
basic_appreq,2172672,16011113311045,400
basic_appreq,2396972,16011115748053,400
basic_appreq,2660741,16011118444341,400
basic_appreq,2299118,16011120804292,400
basic_appreq,2154292,16011122994577,400
basic_appreq,2789167,16011125822316,400
basic_appreq,1763014,16011127640089,400
basic_appreq,2088833,16011129766747,400
basic_appreq,2324646,16011132130726,400
basic_appreq,2102454,16011134278573,400
basic_appreq,2518043,16011136835069,400
basic_appreq,2663925,16011139540427,400
basic_appreq,2379100,16011141958933,400
basic_appreq,2133055,16011144138786,400
basic_appreq,2142267,16011146320484,400
basic_appreq,2716071,16011149074422,400
basic_appreq,2571137,16011151682078,400
basic_appreq,2688718,16011154411142,400
basic_appreq,2713156,16011157163828,400
basic_appreq,2418081,16011159624594,400
basic_appreq,1703508,16011161374682,400
basic_appreq,2081921,16011163503280,400
basic_appreq,2325093,16011165873763,400
basic_appreq,2420617,16011168341290,400
basic_appreq,2495965,16011170894196,400
basic_appreq,2279806,16011173213872,400
basic_appreq,2138020,16011175389838,400
basic_appreq,2471236,16011177899260,400
basic_appreq,2515116,16011180451713,400
basic_appreq,2213974,16011182701592,400
basic_appreq,2752071,16011185505961,400
basic_appreq,2134066,16011187683277,400
basic_appreq,2211164,16011189929760,400
basic_appreq,2606620,16011192574246,400
basic_appreq,2229237,16011194844302,400
basic_appreq,2509205,16011197392381,400
basic_appreq,2691449,16011200130264,400
basic_appreq,2460911,16011202652641,400
basic_appreq,2923451,16011205636059,400
basic_appreq,2455931,16011208132024,400
basic_appreq,2340597,16011210516348,400
basic_appreq,1900634,16011212457066,400
basic_appreq,2516307,16011215016094,400
basic_appreq,2737801,16011217811232,400
basic_appreq,2368113,16011220212693,400
basic_appreq,2294404,16011222540565,400
basic_appreq,2350183,16011224922899,400
basic_appreq,2449105,16011227406453,400
basic_appreq,2582835,16011230028965,400
basic_appreq,2117791,16011232206931,400
basic_appreq,2682580,16011234934444,400
basic_appreq,2729859,16011237700101,400
basic_appreq,2103844,16011239844510,400
basic_appreq,2289835,16011242173362,400
basic_appreq,3120185,16011245337393,400
basic_appreq,2379564,16011247757202,400
basic_appreq,2106875,16011249915250,400
basic_appreq,3095876,16011253051509,400
basic_appreq,2453781,16011255541081,400
basic_appreq,1555655,16011257158455,400
basic_appreq,2515977,16011259717771,400
basic_appreq,2820226,16011262604595,400
basic_appreq,2345234,16011264989743,400
basic_appreq,2338578,16011267367723,400
basic_appreq,2177142,16011269582980,400
basic_appreq,2179288,16011271803145,400
basic_appreq,2339415,16011274180872,400
basic_appreq,2589605,16011276830433,400
basic_appreq,2375211,16011279268993,400
basic_appreq,3159416,16011282498450,400
basic_appreq,2727265,16011285259020,400
basic_appreq,2332268,16011287626229,400
basic_appreq,7153464,16011294812185,400
basic_appreq,2559394,16011297405803,400
basic_appreq,1583121,16011299032411,400
basic_appreq,2474510,16011301543960,400
basic_appreq,2341158,16011303924324,400
basic_appreq,2239236,16011306200989,400
basic_appreq,2674217,16011308913653,400
basic_appreq,2388653,16011311336888,400
basic_appreq,2769427,16011314143249,400
basic_appreq,2181509,16011316359233,400
basic_appreq,2467500,16011318904501,400
basic_appreq,2281931,16011321224418,400
basic_appreq,2781694,16011324044932,400
basic_appreq,2604939,16011326689808,400
basic_appreq,2732421,16011329471362,400
basic_appreq,2228176,16011331736080,400
basic_appreq,2263164,16011334039826,400
basic_appreq,2614404,16011336691399,400
basic_appreq,2542762,16011339274790,400
basic_appreq,2629008,16011341944335,400
basic_appreq,2570288,16011344558932,400
basic_appreq,1616967,16011346253523,400
basic_appreq,2247989,16011348542979,400
basic_appreq,2636747,16011351223271,400
basic_appreq,2179651,16011353444753,400
basic_appreq,3066371,16011356553721,400
basic_appreq,2248059,16011358840487,400
basic_appreq,2305841,16011361182759,400
basic_appreq,2243664,16011363462085,400
basic_appreq,2778190,16011366273907,400
basic_appreq,2740235,16011369049754,400
basic_appreq,2486157,16011371572895,400
basic_appreq,2306804,16011373920884,400
basic_appreq,2481684,16011376446525,400
basic_appreq,2520130,16011379009049,400
basic_appreq,2313096,16011381362563,400
basic_appreq,2839586,16011384244026,400
basic_appreq,1536258,16011385835298,400
basic_appreq,2075982,16011387956701,400
basic_appreq,1778268,16011389770277,400
basic_appreq,2605728,16011392408925,400
basic_appreq,2488044,16011394930188,400
basic_appreq,2852511,16011397818633,400
basic_appreq,2490824,16011400346960,400
basic_appreq,2317066,16011402702543,400
basic_appreq,2230781,16011404991456,400
basic_appreq,2290386,16011407317589,400
basic_appreq,2659188,16011410011210,400
basic_appreq,2649608,16011412698706,400
basic_appreq,2454370,16011415203027,400
basic_appreq,2307914,16011417545850,400
basic_appreq,2074433,16011419659150,400
basic_appreq,2207682,16011421903340,400
basic_appreq,2431176,16011424378195,400
basic_appreq,2071202,16011426495770,400
basic_appreq,3152561,16011429720426,400
basic_appreq,2327447,16011432085511,400
basic_appreq,1719812,16011433843007,400
basic_appreq,2526628,16011436406916,400
basic_appreq,2521192,16011438967856,400
basic_appreq,2484685,16011441486485,400
basic_appreq,2534207,16011444056783,400
basic_appreq,2338144,16011446432092,400
basic_appreq,1811310,16011448285155,400
basic_appreq,2247282,16011450572451,400
basic_appreq,1717667,16011452330883,400
basic_appreq,2691415,16011455061841,400
basic_appreq,2148081,16011457247456,400
basic_appreq,2796029,16011460083634,400
basic_appreq,2310768,16011462433790,400
basic_appreq,2430334,16011464902885,400
basic_appreq,2843726,16011467815869,400
basic_appreq,2776444,16011470630631,400
basic_appreq,2687775,16011473358054,400
basic_appreq,2505034,16011475901912,400
basic_appreq,2303384,16011478242629,400
basic_appreq,2398668,16011480680341,400
basic_appreq,2463776,16011483180810,400
basic_appreq,2107012,16011485329690,400
basic_appreq,2786387,16011488158401,400
basic_appreq,2425998,16011490623314,400
basic_appreq,2357399,16011493015288,400
basic_appreq,2477797,16011495528074,400
basic_appreq,2649855,16011498214609,400
basic_appreq,2257205,16011500506672,400
basic_appreq,2345209,16011502886427,400
basic_appreq,2712411,16011505638390,400
basic_appreq,2743575,16011508443731,400
basic_appreq,2600419,16011511083778,400
basic_appreq,2438344,16011513563678,400
basic_appreq,2434821,16011516037503,400
basic_appreq,2921364,16011519002774,400
basic_appreq,2580350,16011521619502,400
basic_appreq,2712091,16011524370127,400
basic_appreq,2809243,16011527218946,400
basic_appreq,2186438,16011529442509,400
basic_appreq,2300188,16011531787918,400
basic_appreq,2996570,16011534827220,400
basic_appreq,2095099,16011536963947,400
basic_appreq,3389947,16011540411564,400
basic_appreq,2828005,16011543279894,400
basic_appreq,2780273,16011546097488,400
basic_appreq,1678002,16011547835731,400
basic_appreq,2408804,16011550283466,400
basic_appreq,2372764,16011552700287,400
basic_appreq,1966505,16011554714799,400
basic_appreq,2542910,16011557294634,400
basic_appreq,2077451,16011559410334,400
basic_appreq,2693945,16011562140723,400
basic_appreq,2412398,16011564592288,400
basic_appreq,2217633,16011566850315,400
basic_appreq,2665740,16011569554253,400
basic_appreq,2707570,16011572321522,400
basic_appreq,2556314,16011574917916,400
basic_appreq,2499771,16011577452556,400
basic_appreq,2478723,16011579973776,400
basic_appreq,2791584,16011582821860,400
basic_appreq,2566941,16011585429149,400
basic_appreq,1640432,16011587111583,400
basic_appreq,2510434,16011589663123,400
basic_appreq,1828445,16011591533994,400
basic_appreq,2524140,16011594094329,400
basic_appreq,2893339,16011597026904,400
basic_appreq,2448772,16011599514653,400
basic_appreq,2388275,16011601939379,400
basic_appreq,2793593,16011604771889,400
basic_appreq,2219948,16011607031018,400
basic_appreq,1724901,16011608814361,400
basic_appreq,2187406,16011611044768,400
basic_appreq,2604809,16011613694355,400
basic_appreq,2442005,16011616180073,400
basic_appreq,3314278,16011619536991,400
basic_appreq,2616821,16011622187716,400
basic_appreq,2594096,16011624817779,400
basic_appreq,2517151,16011627370860,400
basic_appreq,2577199,16011629982309,400
basic_appreq,2432856,16011632453638,400
basic_appreq,1942194,16011634436016,400
basic_appreq,2800576,16011637274470,400
basic_appreq,1591662,16011638909704,400
basic_appreq,1795098,16011640745429,400
basic_appreq,2542639,16011643327162,400
basic_appreq,2592178,16011645955929,400
basic_appreq,2676903,16011648672064,400
basic_appreq,2328109,16011651039606,400
basic_appreq,1994494,16011653088557,400
basic_appreq,2490165,16011655616638,400
basic_appreq,2239561,16011657891648,400
basic_appreq,2608195,16011660537491,400
basic_appreq,2272411,16011662846347,400
basic_appreq,1795432,16011664701249,400
basic_appreq,2730155,16011667490911,400
basic_appreq,2192990,16011669741090,400
basic_appreq,2734550,16011672518810,400
basic_appreq,2407970,16011674960812,400
basic_appreq,2394518,16011677387189,400
basic_appreq,2566186,16011679992823,400
basic_appreq,2468488,16011682511800,400
basic_appreq,2184282,16011684736447,400
basic_appreq,2706172,16011687485288,400
basic_appreq,2865942,16011690407011,400
basic_appreq,2307501,16011692750651,400
basic_appreq,3409424,16011696203255,400
basic_appreq,2263592,16011698503171,400
basic_appreq,2669013,16011701213268,400
basic_appreq,1560297,16011702829693,400
basic_appreq,2312342,16011705182804,400
basic_appreq,2332263,16011707556971,400
basic_appreq,1866554,16011709463839,400
basic_appreq,2900373,16011712402302,400
basic_appreq,2313953,16011714754145,400
basic_appreq,2194486,16011716984546,400
basic_appreq,2306872,16011719329917,400
basic_appreq,2269501,16011721636498,400
basic_appreq,2482235,16011724158350,400
basic_appreq,2559321,16011726758282,400
basic_appreq,2701184,16011729490671,400
basic_appreq,2392164,16011731926170,400
basic_appreq,2256507,16011734223851,400
basic_appreq,2305425,16011736564937,400
basic_appreq,2528204,16011739137398,400
basic_appreq,1984148,16011741158402,400
basic_appreq,2490556,16011743693766,400
basic_appreq,2493928,16011746225442,400
basic_appreq,2512429,16011748777153,400
basic_appreq,1838990,16011750680144,400
basic_appreq,2147147,16011752867913,400
basic_appreq,1750523,16011754657037,400
basic_appreq,2816653,16011757506057,400
basic_appreq,2681731,16011760226048,400
basic_appreq,2628449,16011762893003,400
basic_appreq,2729966,16011765658801,400
basic_appreq,2477147,16011768173827,400
basic_appreq,2199627,16011770412292,400
basic_appreq,2148006,16011772595216,400
basic_appreq,2135920,16011774767890,400
basic_appreq,2443933,16011777245911,400
basic_appreq,2603793,16011779886720,400
basic_appreq,2459269,16011782385897,400
basic_appreq,2884890,16011785333457,400
basic_appreq,2570816,16011787944666,400
basic_appreq,1706293,16011789726104,400
basic_appreq,2330626,16011792099176,400
basic_appreq,2764869,16011794909091,400
basic_appreq,2247531,16011797196793,400
basic_appreq,2128966,16011799370373,400
basic_appreq,2564724,16011801968704,400
basic_appreq,2563781,16011804568532,400
basic_appreq,2788386,16011807392623,400
basic_appreq,2403893,16011809830350,400
basic_appreq,2310187,16011812179972,400
basic_appreq,2447625,16011814671907,400
basic_appreq,2557558,16011817266983,400
basic_appreq,2172714,16011819500851,400
basic_appreq,2644819,16011822209613,400
basic_appreq,2439333,16011824698494,400
basic_appreq,2239200,16011826974601,400
basic_appreq,3005645,16011830017923,400
basic_appreq,2579407,16011832636773,400
basic_appreq,2559709,16011835236396,400
basic_appreq,3088478,16011838367444,400
basic_appreq,2533774,16011840939423,400
basic_appreq,2617685,16011843597180,400
basic_appreq,2253723,16011845888170,400
basic_appreq,2854141,16011848781083,400
basic_appreq,2340256,16011851160400,400
basic_appreq,2713772,16011853915228,400
basic_appreq,2569724,16011856524485,400
basic_appreq,2742575,16011859307758,400
basic_appreq,2235963,16011861590528,400
basic_appreq,1678405,16011863311369,400
basic_appreq,2297803,16011865649641,400
basic_appreq,2277477,16011867969503,400
basic_appreq,1821682,16011869848935,400
basic_appreq,2238136,16011872125471,400
basic_appreq,2531665,16011874695421,400
basic_appreq,2956083,16011877681589,400
basic_appreq,2385488,16011880116743,400
basic_appreq,2191896,16011882340997,400
basic_appreq,2618245,16011885000087,400
basic_appreq,2662776,16011887701847,400
basic_appreq,2680178,16011890423221,400
basic_appreq,2503922,16011892966754,400
basic_appreq,1589921,16011894617884,400
basic_appreq,1897969,16011896556262,400
basic_appreq,2673735,16011899268340,400
basic_appreq,2827953,16011902133512,400
basic_appreq,2225799,16011904399601,400
basic_appreq,2548266,16011906986592,400
basic_appreq,2284477,16011909305531,400
basic_appreq,2925966,16011912269142,400
basic_appreq,2463410,16011914769030,400
basic_appreq,2672532,16011917478538,400
basic_appreq,2819194,16011920336653,400
basic_appreq,2625095,16011923000552,400
basic_appreq,1898050,16011924940390,400
basic_appreq,2557713,16011927541246,400
basic_appreq,2375705,16011929975737,400
basic_appreq,2173808,16011932191724,400
basic_appreq,2002196,16011934238148,400
basic_appreq,2117030,16011936393618,400
basic_appreq,2365263,16011938798684,400
basic_appreq,3008294,16011941880033,400
basic_appreq,2486085,16011944400519,400
basic_appreq,2537718,16011946975582,400
basic_appreq,2819870,16011949828340,400
basic_appreq,1615340,16011951504513,400
basic_appreq,2115686,16011953660928,400
basic_appreq,2246997,16011955951483,400
basic_appreq,1878428,16011957869842,400
basic_appreq,2289486,16011960192202,400
basic_appreq,2191236,16011962416807,400
basic_appreq,1993233,16011964441720,400
basic_appreq,2498301,16011966973506,400
basic_appreq,2765857,16011969770919,400
basic_appreq,2485731,16011972292641,400
basic_appreq,2657082,16011974985534,400
basic_appreq,2804983,16011977828569,400
basic_appreq,1551765,16011979441991,400
basic_appreq,1635820,16011981118240,400
basic_appreq,2530976,16011983689114,400
basic_appreq,2427637,16011986154476,400
basic_appreq,2375161,16011988574364,400
basic_appreq,2146258,16011990763941,400
basic_appreq,3077394,16011993875685,400
basic_appreq,2835058,16011996748073,400
basic_appreq,2812451,16011999600012,400
basic_appreq,1706683,16012001346590,400
basic_appreq,2224333,16012003615142,400
basic_appreq,2237661,16012005894033,400
basic_appreq,2606934,16012008546895,400
basic_appreq,1942934,16012010533744,400
basic_appreq,2750459,16012013318862,400
basic_appreq,2687277,16012016042590,400
basic_appreq,2496702,16012018576961,400
basic_appreq,2479306,16012021090687,400
basic_appreq,2692554,16012023822019,400
basic_appreq,2225759,16012026084777,400
basic_appreq,2447879,16012028573553,400
basic_appreq,2248187,16012030861171,400
basic_appreq,2143370,16012033045403,400
basic_appreq,2606561,16012035696434,400
basic_appreq,2134381,16012037863678,400
basic_appreq,2440181,16012040340995,400
basic_appreq,2693373,16012043079183,400
basic_appreq,2892795,16012046009265,400
basic_appreq,2821247,16012048881307,400
basic_appreq,1625939,16012050548084,400
basic_appreq,2517979,16012053102541,400
basic_appreq,2390876,16012055535912,400
basic_appreq,2501376,16012058077906,400
basic_appreq,2105494,16012060223478,400
basic_appreq,2353257,16012062621208,400
basic_appreq,2474516,16012065130460,400
basic_appreq,2381729,16012067548881,400
basic_appreq,2318712,16012069902317,400
basic_appreq,2590007,16012072528997,400
basic_appreq,2457250,16012075068502,400
basic_appreq,2687116,16012077789676,400
basic_appreq,2700934,16012080530514,400
basic_appreq,2313454,16012082891486,400
basic_appreq,1833179,16012084766490,400
basic_appreq,2520666,16012087333447,400
basic_appreq,2677551,16012090051935,400
basic_appreq,2313635,16012092405105,400
basic_appreq,2468161,16012094912196,400
basic_appreq,2183078,16012097129947,400
basic_appreq,2456470,16012099630110,400
basic_appreq,2351135,16012102017965,400
basic_appreq,2526863,16012104581065,400
basic_appreq,2813136,16012107459820,400
basic_appreq,1674837,16012109176267,400
basic_appreq,2535401,16012111754329,400
basic_appreq,2523068,16012114316902,400
basic_appreq,2423250,16012116779072,400
basic_appreq,2379204,16012119206840,400
basic_appreq,2478611,16012121717785,400
basic_appreq,2358804,16012124120428,400
basic_appreq,2743782,16012126907037,400
basic_appreq,3207968,16012130189324,400
basic_appreq,2823592,16012133051015,400
basic_appreq,2684652,16012135773711,400
basic_appreq,2300429,16012138112577,400
basic_appreq,2264646,16012140416301,400
basic_appreq,2229171,16012142701226,400
basic_appreq,2143206,16012144881265,400
basic_appreq,2438984,16012147358909,400
basic_appreq,1817110,16012149218692,400
basic_appreq,2079783,16012151332378,400
basic_appreq,2233974,16012153598936,400
basic_appreq,1825657,16012155458185,400
basic_appreq,2405127,16012157912844,400
basic_appreq,2499934,16012160443511,400
basic_appreq,2413211,16012162896312,400
basic_appreq,2866027,16012165803747,400
basic_appreq,2791838,16012168632511,400
basic_appreq,2606128,16012171286875,400
basic_appreq,1558756,16012172888852,400
basic_appreq,1974796,16012174906207,400
basic_appreq,2625696,16012177572882,400
basic_appreq,2576109,16012180187839,400
basic_appreq,2456725,16012182685492,400
basic_appreq,2703040,16012185425562,400
basic_appreq,2156445,16012187635300,400
basic_appreq,2477952,16012190150873,400
basic_appreq,2254050,16012192440778,400
basic_appreq,2254028,16012194730599,400
basic_appreq,2053485,16012196815523,400
basic_appreq,2328007,16012199177317,400
basic_appreq,2622213,16012201832015,400
basic_appreq,1717076,16012203605096,400
basic_appreq,2305810,16012205947423,400
basic_appreq,2932130,16012208922310,400
basic_appreq,1689726,16012210655592,400
basic_appreq,2340089,16012213035815,400
basic_appreq,1968096,16012215046427,400
basic_appreq,2209313,16012217296571,400
basic_appreq,2586227,16012219922986,400
basic_appreq,2253977,16012222217678,400
basic_appreq,2400251,16012224662211,400
basic_appreq,2647242,16012227345676,400
basic_appreq,2260771,16012229644351,400
basic_appreq,2308830,16012231989898,400
basic_appreq,2156053,16012234197433,400
basic_appreq,2506606,16012236741492,400
basic_appreq,2133877,16012238910187,400
basic_appreq,2286886,16012241235985,400
basic_appreq,2147762,16012243424111,400
basic_appreq,2144357,16012245602229,400
basic_appreq,3142933,16012248788628,400
basic_appreq,2706214,16012251534995,400
basic_appreq,2318774,16012253891377,400
basic_appreq,2406329,16012256337198,400
basic_appreq,2575897,16012258949926,400
basic_appreq,3031631,16012262019490,400
basic_appreq,1698046,16012263777821,400
basic_appreq,2077534,16012265895344,400
basic_appreq,2143596,16012268081578,400
basic_appreq,1687898,16012269813870,400
basic_appreq,2491804,16012272341592,400
basic_appreq,2135396,16012274515849,400
basic_appreq,2688305,16012277240205,400
basic_appreq,2791140,16012280073627,400
basic_appreq,2158239,16012282273784,400
basic_appreq,2513250,16012284841266,400
basic_appreq,1574604,16012286483705,400
basic_appreq,1831899,16012288359737,400
basic_appreq,2596248,16012290994413,400
basic_appreq,2840678,16012293871693,400
basic_appreq,2450527,16012296362067,400
basic_appreq,2528041,16012298929718,400
basic_appreq,1864612,16012300839320,400
basic_appreq,2924233,16012303803537,400
basic_appreq,2412761,16012306253647,400
basic_appreq,2473227,16012308766298,400
basic_appreq,2360492,16012311168013,400
basic_appreq,1985020,16012313193323,400
basic_appreq,2435349,16012315671739,400
basic_appreq,2571027,16012318283515,400
basic_appreq,2328734,16012320657075,400
basic_appreq,2150705,16012322984546,400
basic_appreq,2376283,16012325399667,400
basic_appreq,1745111,16012327188684,400
basic_appreq,2398572,16012329622993,400
basic_appreq,2483441,16012332161311,400
basic_appreq,2029456,16012334234513,400
basic_appreq,2228606,16012336500963,400
basic_appreq,2259175,16012338795360,400
basic_appreq,3240100,16012342069245,400
basic_appreq,3057566,16012345166905,400
basic_appreq,2175521,16012347383272,400
basic_appreq,2636290,16012350057642,400
basic_appreq,2581084,16012352678568,400
basic_appreq,2898396,16012355614281,400
basic_appreq,2238882,16012357889637,400
basic_appreq,2895919,16012360829025,400
basic_appreq,2434119,16012363305694,400
basic_appreq,2562704,16012365908768,400
basic_appreq,2297632,16012368253238,400
basic_appreq,2038750,16012370337815,400
basic_appreq,2229501,16012372608379,400
basic_appreq,2342618,16012374998963,400
basic_appreq,2049804,16012377093722,400
basic_appreq,1937592,16012379075615,400
basic_appreq,2492480,16012381613037,400
basic_appreq,2193997,16012383843217,400
basic_appreq,2437508,16012386325981,400
basic_appreq,1794179,16012388167724,400
basic_appreq,2972344,16012391177593,400
basic_appreq,2499285,16012393712280,400
basic_appreq,3028784,16012396778849,400
basic_appreq,2370861,16012399190787,400
basic_appreq,2012323,16012401243634,400
basic_appreq,2409237,16012403695009,400
basic_appreq,3019089,16012406758411,400
basic_appreq,2599702,16012409398796,400
basic_appreq,2776456,16012412215219,400
basic_appreq,2937362,16012415208067,400
basic_appreq,2158172,16012417404529,400
basic_appreq,2196790,16012419641727,400
basic_appreq,2616203,16012422294694,400
basic_appreq,2295808,16012424629235,400
basic_appreq,2241658,16012426916914,400
basic_appreq,2115172,16012429072409,400
basic_appreq,2620637,16012431736291,400
basic_appreq,2950139,16012434732661,400
basic_appreq,2491465,16012437262206,400
basic_appreq,2127991,16012439452774,400
basic_appreq,3026313,16012442534720,400
basic_appreq,2289279,16012444867084,400
basic_appreq,2248100,16012447157449,400
basic_appreq,2237075,16012449435728,400
basic_appreq,2718996,16012452196315,400
basic_appreq,2715178,16012454952003,400
basic_appreq,2632515,16012457622975,400
basic_appreq,1881987,16012459548104,400
basic_appreq,2287626,16012461880161,400
basic_appreq,1683591,16012463604465,400
basic_appreq,2216114,16012465854893,400
basic_appreq,2175481,16012468073006,400
basic_appreq,2333427,16012470466905,400
basic_appreq,2077401,16012472579252,400
basic_appreq,2606395,16012475224945,400
basic_appreq,2146498,16012477409527,400
basic_appreq,1691664,16012479166593,400
basic_appreq,2339864,16012481550798,400
basic_appreq,2119331,16012483718770,400
basic_appreq,2322498,16012486085578,400
basic_appreq,2192723,16012488318732,400
basic_appreq,2797197,16012491155119,400
basic_appreq,2539495,16012493731627,400
basic_appreq,2220269,16012495990138,400
basic_appreq,2186520,16012498233734,400
basic_appreq,2584409,16012500856250,400
basic_appreq,2672265,16012503566487,400
basic_appreq,2685331,16012506287587,400
basic_appreq,2531539,16012508861941,400
basic_appreq,2235389,16012511146599,400
basic_appreq,2616040,16012513807376,400
basic_appreq,1694270,16012515549816,400
basic_appreq,2354134,16012517945545,400
basic_appreq,2714010,16012520705182,400
basic_appreq,1872928,16012522636831,400
basic_appreq,2332718,16012525011173,400
basic_appreq,2185338,16012527244810,400
basic_appreq,3190942,16012530480286,400
basic_appreq,2702163,16012533218561,400
basic_appreq,2881400,16012536135987,400
basic_appreq,2817302,16012538995302,400
basic_appreq,2601440,16012541642354,400
basic_appreq,1555648,16012543278025,400
basic_appreq,2324975,16012545647267,400
basic_appreq,3409213,16012549103359,400
basic_appreq,2413329,16012551553561,400
basic_appreq,2375320,16012553962817,400
basic_appreq,2508472,16012556507089,400
basic_appreq,2597444,16012559141439,400
basic_appreq,2523065,16012561732939,400
basic_appreq,1584883,16012563379708,400
basic_appreq,2780861,16012566204960,400
basic_appreq,2256560,16012568504844,400
basic_appreq,2731322,16012571292742,400
basic_appreq,2533974,16012573876337,400
basic_appreq,2198356,16012576117473,400
basic_appreq,1588887,16012577786202,400
basic_appreq,2150425,16012579974851,400
basic_appreq,2246245,16012582285182,400
basic_appreq,2600739,16012584929021,400
basic_appreq,2134468,16012587104970,400
basic_appreq,2362330,16012589507045,400
basic_appreq,2561233,16012592104566,400
basic_appreq,2497743,16012594641206,400
basic_appreq,1674710,16012596362011,400
basic_appreq,1838165,16012598245822,400
basic_appreq,2743619,16012601023677,400
basic_appreq,2849815,16012603915811,400
basic_appreq,2555609,16012606511070,400
basic_appreq,2831504,16012609385631,400
basic_appreq,2279005,16012611706999,400
basic_appreq,2530920,16012614274626,400
basic_appreq,2402838,16012616717672,400
basic_appreq,2255522,16012619013612,400
basic_appreq,2749080,16012621801445,400
basic_appreq,2151459,16012623997515,400
basic_appreq,2700130,16012626771149,400
basic_appreq,2329204,16012629137952,400
basic_appreq,2884590,16012632062318,400
basic_appreq,2904585,16012635007827,400
basic_appreq,2572008,16012637620296,400
basic_appreq,1640474,16012639306534,400
basic_appreq,2310844,16012641659652,400
basic_appreq,2293828,16012643994878,400
basic_appreq,2212801,16012646258926,400
basic_appreq,2306223,16012648602645,400
basic_appreq,2991842,16012651643762,400
basic_appreq,1657268,16012653355282,400
basic_appreq,2236128,16012655637210,400
basic_appreq,2392379,16012658071259,400
basic_appreq,1986978,16012660106095,400
basic_appreq,2826932,16012662974456,400
basic_appreq,2258648,16012665270595,400
basic_appreq,2764032,16012668075604,400
basic_appreq,1636267,16012669757539,400
basic_appreq,2297934,16012672092932,400
basic_appreq,2533494,16012674681002,400
basic_appreq,2629174,16012677347923,400
basic_appreq,2119084,16012679506182,400
basic_appreq,2252066,16012681792388,400
basic_appreq,1982871,16012683815934,400
basic_appreq,3056572,16012686915441,400
basic_appreq,2352967,16012689304286,400
basic_appreq,1831655,16012691171728,400
basic_appreq,2787537,16012693998424,400
basic_appreq,2846048,16012696885195,400
basic_appreq,2484701,16012699432878,400
basic_appreq,2453069,16012701927942,400
basic_appreq,1721666,16012703732539,400
basic_appreq,2425810,16012706200390,400
basic_appreq,2358302,16012708601958,400
basic_appreq,2293008,16012710939433,400
basic_appreq,2298999,16012713279956,400
basic_appreq,2470390,16012715794134,400
basic_appreq,2590644,16012718423351,400
basic_appreq,2330400,16012720799534,400
basic_appreq,3080892,16012723936943,400
basic_appreq,2609219,16012726578962,400
basic_appreq,2612736,16012729225181,400
basic_appreq,2496407,16012731754908,400
basic_appreq,2673342,16012734465129,400
basic_appreq,2736260,16012737239892,400
basic_appreq,2461729,16012739741104,400
basic_appreq,2223156,16012742001918,400
basic_appreq,1995587,16012744048634,400
basic_appreq,2361506,16012746449407,400
basic_appreq,1898009,16012748412228,400
basic_appreq,2580529,16012751033002,400
basic_appreq,2232121,16012753299704,400
basic_appreq,2444823,16012755779140,400
basic_appreq,2897416,16012758709943,400
basic_appreq,1840882,16012760594324,400
basic_appreq,2348415,16012762985720,400
basic_appreq,2242509,16012765267518,400
basic_appreq,2571826,16012767887410,400
basic_appreq,3146391,16012771083736,400
basic_appreq,2256912,16012773381420,400
basic_appreq,2644484,16012776063462,400
basic_appreq,2310362,16012778412408,400
basic_appreq,2273119,16012780725534,400
basic_appreq,2580387,16012783345654,400
basic_appreq,2465437,16012785847504,400
basic_appreq,2346433,16012788245155,400
basic_appreq,2271488,16012790558265,400
basic_appreq,2368704,16012792965336,400
basic_appreq,1629731,16012794662042,400
basic_appreq,2883102,16012797584760,400
basic_appreq,2553488,16012800179561,400
basic_appreq,2283716,16012802506084,400
basic_appreq,2515994,16012805071223,400
basic_appreq,2499995,16012807617099,400
basic_appreq,2246494,16012809899372,400
basic_appreq,2166539,16012812112143,400
basic_appreq,2130270,16012814291148,400
basic_appreq,2324853,16012816655252,400
basic_appreq,2651247,16012819346293,400
basic_appreq,2851461,16012822255161,400
basic_appreq,2481344,16012824778208,400
basic_appreq,2164521,16012826987384,400
basic_appreq,2603349,16012829628476,400
basic_appreq,2774972,16012832442832,400
basic_appreq,1641921,16012834128025,400
basic_appreq,2145749,16012836318027,400
basic_appreq,2225116,16012838590266,400
basic_appreq,1813326,16012840445450,400
basic_appreq,2754242,16012843238950,400
basic_appreq,2264216,16012845540527,400
basic_appreq,2305943,16012847885753,400
basic_appreq,2206235,16012850132526,400
basic_appreq,2432087,16012852604275,400
basic_appreq,2183790,16012854828807,400
basic_appreq,2270475,16012857138435,400
basic_appreq,2544928,16012859724037,400
basic_appreq,2464811,16012862246453,400
basic_appreq,2790397,16012865086334,400
basic_appreq,1536894,16012866705500,400
basic_appreq,2270383,16012869021196,400
basic_appreq,2376255,16012871439748,400
basic_appreq,2344112,16012873825675,400
basic_appreq,2398294,16012876267866,400
basic_appreq,2623371,16012878938264,400
basic_appreq,2762006,16012881763575,400
basic_appreq,2523484,16012884325057,400
basic_appreq,2197966,16012886560553,400
basic_appreq,1825126,16012888429933,400
basic_appreq,2652611,16012891120961,400
basic_appreq,2627027,16012893785753,400
basic_appreq,2455329,16012896280811,400
basic_appreq,1857252,16012898188646,400
basic_appreq,2469677,16012900699910,400
basic_appreq,2638329,16012903403689,400
basic_appreq,3087767,16012906570476,400
basic_appreq,2608198,16012909217071,400
basic_appreq,2800748,16012912058531,400
basic_appreq,2506909,16012914609586,400
basic_appreq,2318266,16012916972277,400
basic_appreq,2485046,16012919540564,400
basic_appreq,2421550,16012922002097,400
basic_appreq,2000693,16012924055859,400
basic_appreq,2341628,16012926434211,400
basic_appreq,2528178,16012928998085,400
basic_appreq,2504566,16012931538955,400
basic_appreq,2754690,16012934348182,400
basic_appreq,2262467,16012936649787,400
basic_appreq,2420530,16012939116032,400
basic_appreq,2369431,16012941522695,400
basic_appreq,2266799,16012943830854,400
basic_appreq,2310905,16012946182045,400
basic_appreq,2255974,16012948503852,400
basic_appreq,1661184,16012950214602,400
basic_appreq,1718025,16012951977991,400
basic_appreq,2513923,16012954548583,400
basic_appreq,2216760,16012956806974,400
basic_appreq,2450388,16012959297990,400
basic_appreq,2531607,16012961865885,400
basic_appreq,2915192,16012964819537,400
basic_appreq,2462899,16012967329579,400
basic_appreq,2405329,16012969779644,400
basic_appreq,2398554,16012972223731,400
basic_appreq,2388391,16012974665018,400
basic_appreq,2531896,16012977232487,400
basic_appreq,2253110,16012979521459,400
basic_appreq,2774504,16012982334192,400
basic_appreq,2613830,16012984985946,400
basic_appreq,1725388,16012986760985,400
basic_appreq,2175156,16012988981494,400
basic_appreq,1998359,16012991027763,400
basic_appreq,2327836,16012993395555,400
basic_appreq,2836680,16012996273875,400
basic_appreq,2437478,16012998755636,400
basic_appreq,2760596,16013001556546,400
basic_appreq,2775324,16013004374163,400
basic_appreq,2625638,16013007045186,400
basic_appreq,1595297,16013008685718,400
basic_appreq,1902960,16013010631144,400
basic_appreq,2355448,16013013024817,400
basic_appreq,2131810,16013015195610,400
basic_appreq,2665194,16013017898157,400
basic_appreq,2649442,16013020587039,400
basic_appreq,2605336,16013023232083,400
basic_appreq,2695175,16013025964319,400
basic_appreq,2658342,16013028666546,400
basic_appreq,2623946,16013031333044,400
basic_appreq,2736363,16013034111941,400
basic_appreq,1630144,16013035812143,400
basic_appreq,2369416,16013038223333,400
basic_appreq,2565851,16013040839813,400
basic_appreq,2443684,16013043329416,400
basic_appreq,2267734,16013045636018,400
basic_appreq,2110323,16013047793137,400
basic_appreq,2291024,16013050125763,400
basic_appreq,2798194,16013052963337,400
basic_appreq,2415774,16013055414969,400
basic_appreq,1817606,16013057267428,400
basic_appreq,2384534,16013059691504,400
basic_appreq,2900811,16013062638743,400
basic_appreq,2532827,16013065225907,400
basic_appreq,1563698,16013066841373,400
basic_appreq,1893396,16013068793196,400
basic_appreq,2546939,16013071396607,400
basic_appreq,2859936,16013074293600,400
basic_appreq,2761254,16013077096689,400
basic_appreq,2852989,16013079992578,400
basic_appreq,2492033,16013082556876,400
basic_appreq,2528284,16013085130320,400
basic_appreq,2219872,16013087403497,400
basic_appreq,2319278,16013089760950,400
basic_appreq,2187444,16013091990704,400
basic_appreq,2360023,16013094410573,400
basic_appreq,2241995,16013096692867,400
basic_appreq,2428746,16013099158214,400
basic_appreq,2600000,16013101794125,400
basic_appreq,2797822,16013104634518,400
basic_appreq,2362428,16013107036472,400
basic_appreq,1609699,16013108692166,400
basic_appreq,2173854,16013110913317,400
basic_appreq,2504996,16013113462273,400
basic_appreq,2444561,16013115946539,400
basic_appreq,2909604,16013118899861,400
basic_appreq,2999998,16013121939657,400
basic_appreq,1660884,16013123649807,400
basic_appreq,2123734,16013125813835,400
basic_appreq,1779776,16013127641081,400
basic_appreq,2735669,16013130412112,400
basic_appreq,2571615,16013133028010,400
basic_appreq,2565691,16013135635806,400
basic_appreq,2586838,16013138262729,400
basic_appreq,2312376,16013140617788,400
basic_appreq,2447832,16013143129785,400
basic_appreq,2575191,16013145745273,400
basic_appreq,1898231,16013147689284,400
basic_appreq,2471489,16013150206100,400
basic_appreq,2516613,16013152770107,400
basic_appreq,2473891,16013155281928,400
basic_appreq,2296852,16013157619478,400
basic_appreq,2475128,16013160134222,400
basic_appreq,2942995,16013163117616,400
basic_appreq,2904233,16013166095864,400
basic_appreq,2490168,16013168623622,400
basic_appreq,2358077,16013171019962,400
basic_appreq,2782325,16013173848145,400
basic_appreq,1670908,16013175567265,400
basic_appreq,2744797,16013178356129,400
basic_appreq,1780896,16013180185733,400
basic_appreq,2324320,16013182555784,400
basic_appreq,3262086,16013185861826,400
basic_appreq,2645255,16013188543036,400
basic_appreq,2160423,16013190742738,400
basic_appreq,2652061,16013193429913,400
basic_appreq,2666015,16013196140327,400
basic_appreq,1647349,16013197832733,400
basic_appreq,1990646,16013199864990,400
basic_appreq,2073084,16013201979118,400
basic_appreq,2322157,16013204341655,400
basic_appreq,1782362,16013206168016,400
basic_appreq,2598664,16013208800882,400
basic_appreq,2445880,16013211283449,400
basic_appreq,2574329,16013213895286,400
basic_appreq,2294599,16013216270115,400
basic_appreq,1717831,16013218058897,400
basic_appreq,3695467,16013221798279,400
basic_appreq,2596923,16013224432522,400
basic_appreq,2833183,16013227302212,400
basic_appreq,2693256,16013230036230,400
basic_appreq,2696350,16013232776537,400
basic_appreq,2816982,16013235636355,400
basic_appreq,2545703,16013238222820,400
basic_appreq,2348028,16013240613599,400
basic_appreq,2558778,16013243237196,400
basic_appreq,1510149,16013244793660,400
basic_appreq,2123044,16013246961452,400
basic_appreq,2370567,16013249377233,400
basic_appreq,2066535,16013251483176,400
basic_appreq,2483161,16013254009631,400
basic_appreq,2717518,16013256764594,400
basic_appreq,2385180,16013259202963,400
basic_appreq,1807710,16013261052380,400
basic_appreq,2299571,16013263396732,400
basic_appreq,2728194,16013266169550,400
basic_appreq,1722986,16013267964601,400
basic_appreq,2413977,16013270442838,400
basic_appreq,2681359,16013273167329,400
basic_appreq,3000097,16013276205831,400
basic_appreq,2714940,16013278958628,400
basic_appreq,1639146,16013280640784,400
basic_appreq,3371045,16013284060990,400
basic_appreq,2573530,16013286675212,400
basic_appreq,2469978,16013289182860,400
basic_appreq,3116801,16013292366225,400
basic_appreq,2670127,16013295078311,400
basic_appreq,2201467,16013297320696,400
basic_appreq,2328625,16013299691582,400
basic_appreq,2275312,16013302007610,400
basic_appreq,2421026,16013304469420,400
basic_appreq,1988163,16013306504627,400
basic_appreq,1903173,16013308445313,400
basic_appreq,2505965,16013310989780,400
basic_appreq,2955312,16013314011054,400
basic_appreq,2091324,16013316138285,400
basic_appreq,2350411,16013318525997,400
basic_appreq,1806693,16013320377308,400
basic_appreq,2630955,16013323072124,400
basic_appreq,2131246,16013325242382,400
basic_appreq,2766006,16013328055948,400
basic_appreq,2276915,16013330375372,400
basic_appreq,2430794,16013332844906,400
basic_appreq,3152818,16013336046692,400
basic_appreq,2431966,16013338518033,400
basic_appreq,2486114,16013341040233,400
basic_appreq,2475751,16013343556232,400
basic_appreq,2543928,16013346140631,400
basic_appreq,2257088,16013348446129,400
basic_appreq,2692454,16013351208646,400
basic_appreq,2509304,16013353758987,400
basic_appreq,2356642,16013356157590,400
basic_appreq,2351684,16013358546922,400
basic_appreq,2124371,16013360709147,400
basic_appreq,1762108,16013362550556,400
basic_appreq,2234977,16013364837553,400
basic_appreq,2196983,16013367074818,400
basic_appreq,2484388,16013369598674,400
basic_appreq,1833136,16013371515048,400
basic_appreq,2329165,16013373888754,400
basic_appreq,2146370,16013376082736,400
basic_appreq,2219140,16013378354811,400
basic_appreq,2214151,16013380609079,400
basic_appreq,2125714,16013382776225,400
basic_appreq,2386973,16013385199773,400
basic_appreq,2294679,16013387532190,400
basic_appreq,2265355,16013389832148,400
basic_appreq,2079282,16013391947518,400
basic_appreq,2147512,16013394129090,400
basic_appreq,2432335,16013396597044,400
basic_appreq,2395617,16013399032314,400
basic_appreq,2656748,16013401726731,400
basic_appreq,2187774,16013403967747,400
basic_appreq,2470738,16013406497692,400
basic_appreq,2106326,16013408641937,400
basic_appreq,1678703,16013410383635,400
basic_appreq,2371387,16013412795441,400
basic_appreq,1907131,16013414751788,400
basic_appreq,2814983,16013417603237,400
basic_appreq,2275776,16013419921183,400
basic_appreq,2570836,16013422532006,400
basic_appreq,2225789,16013424799309,400
basic_appreq,2175758,16013427017900,400
basic_appreq,2768060,16013429825635,400
basic_appreq,2515609,16013432379597,400
basic_appreq,2219668,16013434636136,400
basic_appreq,2447625,16013437151942,400
basic_appreq,2479052,16013439681842,400
basic_appreq,2287047,16013442008469,400
basic_appreq,2179904,16013444259109,400
basic_appreq,2009121,16013446305447,400
basic_appreq,2063079,16013448404363,400
basic_appreq,2408608,16013450856652,400
basic_appreq,2094734,16013452985535,400
basic_appreq,2584286,16013455605536,400
basic_appreq,2491024,16013458131775,400
basic_appreq,1602134,16013459816446,400
basic_appreq,1778427,16013461639461,400
basic_appreq,2393558,16013464070796,400
basic_appreq,2105729,16013466215007,400
basic_appreq,1948384,16013468199288,400
basic_appreq,2422130,16013470668945,400
basic_appreq,2187313,16013472894301,400
basic_appreq,2071643,16013475007145,400
basic_appreq,2452994,16013477496081,400
basic_appreq,2463515,16013479997668,400
basic_appreq,2699227,16013482785753,400
basic_appreq,1477403,16013484323619,400
basic_appreq,2185148,16013486555058,400
basic_appreq,2151934,16013488751446,400
basic_appreq,1662991,16013490460435,400
basic_appreq,3120360,16013493615190,400
basic_appreq,2489380,16013496146973,400
basic_appreq,2547841,16013498738362,400
basic_appreq,2713639,16013501491945,400
basic_appreq,2533594,16013504066908,400
basic_appreq,2464186,16013506571270,400
basic_appreq,2046765,16013508658661,400
basic_appreq,2255074,16013510952046,400
basic_appreq,2473593,16013513468574,400
basic_appreq,2618345,16013516125141,400
basic_appreq,2212186,16013518383686,400
basic_appreq,2689540,16013521109570,400
basic_appreq,2307437,16013523466182,400
basic_appreq,2265337,16013525776956,400
basic_appreq,2290246,16013528110143,400
basic_appreq,2709745,16013530857960,400
basic_appreq,2422338,16013533315598,400
basic_appreq,2209565,16013535562785,400
basic_appreq,2354031,16013537955593,400
basic_appreq,1552080,16013539556211,400
basic_appreq,1853779,16013541453930,400
basic_appreq,2272208,16013543765500,400
basic_appreq,2946114,16013546751490,400
basic_appreq,2615555,16013549409163,400
basic_appreq,2753375,16013552205449,400
basic_appreq,2129168,16013554377361,400
basic_appreq,2516836,16013556939840,400
basic_appreq,2265781,16013559252866,400
basic_appreq,2214573,16013561507962,400
basic_appreq,3306302,16013564857085,400
basic_appreq,2527763,16013567440940,400
basic_appreq,2408178,16013569886169,400
basic_appreq,2208830,16013572134963,400
basic_appreq,2599445,16013574776013,400
basic_appreq,2381866,16013577195446,400
basic_appreq,2182237,16013579413931,400
basic_appreq,2436438,16013581884200,400
basic_appreq,2425540,16013584352248,400
basic_appreq,2225899,16013586637518,400
basic_appreq,2369063,16013589074335,400
basic_appreq,1704967,16013590827711,400
basic_appreq,2358469,16013593230571,400
basic_appreq,1950510,16013595229308,400
basic_appreq,2557187,16013597826367,400
basic_appreq,2614185,16013600478858,400
basic_appreq,2394723,16013602911736,400
basic_appreq,1939302,16013604904926,400
basic_appreq,2948658,16013607891484,400
basic_appreq,2286523,16013610218067,400
basic_appreq,2641056,16013612900767,400
basic_appreq,2773216,16013615715347,400
basic_appreq,2508794,16013618263900,400
basic_appreq,2127513,16013620429906,400
basic_appreq,2068943,16013622538367,400
basic_appreq,2704891,16013625284984,400
basic_appreq,2318670,16013627649646,400
basic_appreq,1748866,16013629455392,400
basic_appreq,2699590,16013632195211,400
basic_appreq,2380261,16013634616900,400
basic_appreq,2323035,16013636996128,400
basic_appreq,2675567,16013639719877,400
basic_appreq,2184716,16013641941670,400
basic_appreq,2042411,16013644031261,400
basic_appreq,2586324,16013646659442,400
basic_appreq,2537797,16013649232341,400
basic_appreq,2301039,16013651570549,400
basic_appreq,2259717,16013653866727,400
basic_appreq,2483058,16013656390559,400
basic_appreq,2070397,16013658500522,400
basic_appreq,2440543,16013660980619,400
basic_appreq,2488407,16013663511957,400
basic_appreq,1884591,16013665441490,400
basic_appreq,2543979,16013668033227,400
basic_appreq,2984540,16013671060404,400
basic_appreq,2754819,16013673855632,400
basic_appreq,2423380,16013676320404,400
basic_appreq,1744633,16013678115431,400
basic_appreq,2469606,16013680629697,400
basic_appreq,2783535,16013683462068,400
basic_appreq,1530714,16013685034603,400
basic_appreq,1741722,16013686822775,400
basic_appreq,2569153,16013689428299,400
basic_appreq,2597010,16013692064012,400
basic_appreq,2094847,16013694204847,400
basic_appreq,2415505,16013696659739,400
basic_appreq,2550519,16013699250676,400
basic_appreq,2257288,16013701548138,400
basic_appreq,2336600,16013703925695,400
basic_appreq,2952530,16013706918332,400
basic_appreq,2426218,16013709380755,400
basic_appreq,2523842,16013711942256,400
basic_appreq,1512955,16013713493127,400
basic_appreq,2717472,16013716279669,400
basic_appreq,2205673,16013718527331,400
basic_appreq,2192482,16013720759529,400
basic_appreq,2683882,16013723486258,400
basic_appreq,2423633,16013725944604,400
basic_appreq,1630078,16013727629860,400
basic_appreq,2657879,16013730325904,400
basic_appreq,1553269,16013731920431,400
basic_appreq,1551510,16013733509940,400
basic_appreq,1452823,16013734995584,400
basic_appreq,1994176,16013737030572,400
#end,11,1946,400
