2184723877.189743,8.335462999999999
2184723877.819911,0.558257
2184723886.230642,8.371436
2184723887.549491,1.282427
2184723888.2459517,0.6320330000000001
2184723889.493614,1.170909
2184723890.295578,0.764735
2184723898.0124264,7.661248
2184723902.188486,4.125514
2184723903.0575843,0.830663
2184723904.14362,1.025763
2184723905.07265,0.892244
2184723906.028032,0.901376
2184723907.4794693,1.406605
2184723915.984217,8.467326
2184723916.794593,0.739015
2184723917.5637317,0.716263
2184723918.991616,1.3815629999999999
2184723919.727973,0.6924239999999999
2184723927.793696,7.998613
2184723928.9819937,1.139105
2184723929.597661,0.580581
2184723930.904689,1.267488
2184723931.872114,0.9343100000000001
2184723937.315762,5.4101360000000005
2184723942.5780463,5.222882
2184723952.618182,10.007976
2184723962.969535,10.308977
2184723965.960744,2.9494320000000003
2184723971.2511606,5.248799
2184723978.2984543,7.005893
2184723979.0289674,0.695273
2184723980.0562143,0.9883279999999999
2184723980.78851,0.690181
2184723983.457937,2.629616
2184723990.020561,6.525894
2184723991.067771,0.936775
2184723992.603503,1.478915
2184723993.319688,0.678221
2184723994.269772,0.913248
2184723995.420845,1.1102919999999998
2184724000.925955,5.4663949999999994
2184724001.812263,0.85457
2184724003.14668,1.289989
2184724008.271361,5.089727
2184724015.163331,6.832847
2184724021.206315,6.006327
2184724025.439837,4.197239000000001
2184724030.953549,5.467571
2184724031.329461,0.34980100000000003
2184724032.9098277,1.546179
2184724039.925086,6.983526
2184724041.474844,1.522567
2184724048.64534,7.138719
2184724055.388147,6.697208
2184724061.802564,6.378626
2184724062.722701,0.872779
2184724064.205006,1.426199
2184724067.422404,3.167177
2184724068.6547613,1.198239
2184724075.178985,6.470471
2184724079.7342186,4.50053
2184724083.462674,3.699574
2184724091.943311,8.441617
2184724098.566687,6.572940999999999
2184724099.611395,1.005771
2184724100.724115,1.025126
2184724101.756216,0.9799469999999999
2184724108.64464,6.847220999999999
2184724109.378179,0.697781
2184724115.593818,6.162104
2184724120.648906,4.9781189999999995
2184724127.809642,7.105872
2184724128.9174023,1.078101
2184724129.5853744,0.601017
2184724135.144043,5.52799
2184724136.4636526,1.265304
2184724137.676823,1.1535460000000002
2184724143.1330853,5.41831
2184724144.4883003,1.318916
2184724145.444797,0.900998
2184724150.388687,4.897119999999999
2184724155.457996,5.018619
2184724156.459596,0.966483
2184724157.540606,1.0408
2184724158.477643,0.885571
2184724160.049453,1.531763
2184724161.432677,1.338585
2184724169.764733,8.288168
2184724174.558323,4.7393410000000005
2184724175.627018,1.033666
2184724182.827234,7.145205
2184724186.527565,3.64527
2184724187.032304,0.4571
2184724188.064816,0.979242
2184724194.587673,6.47617
2184724201.215472,6.535611
2184724205.972837,4.712294
2184724206.89978,0.869597
2184724214.294539,7.339144
2184724216.943921,2.57849
2184724217.969323,0.9895889999999999
2184724218.9272227,0.9193680000000001
2184724224.323411,5.345796
2184724231.585165,7.030545
2184724237.269135,5.631892000000001
2184724244.22709,6.864642
2184724245.07816,0.7990649999999999
2184724249.92928,4.802148
2184724250.66301,0.704117
2184724251.9255943,1.232828
2184724253.485498,1.526592
2184724259.075285,5.547984
2184724264.053961,4.942248
2184724265.075186,0.9672860000000001
2184724275.45906,10.338652
2184724283.706399,8.209451
2184724285.637079,1.86668
2184724292.468911,6.764656
2184724293.820906,1.280885
2184724302.764929,8.897034
2184724303.996499,1.191589
2184724304.584032,0.5212730000000001
2184724309.981375,5.36004
2184724311.820231,1.7992
2184724312.582901,0.719988
2184724313.797674,1.180289
2184724314.7332172,0.893846
2184724315.236643,0.469231
2184724321.734374,6.439172
2184724322.731121,0.968627
2184724328.915259,6.147128
2184724337.204317,8.260099
2184724338.591568,1.300694
2184724346.437524,7.80366
2184724352.015115,5.548
2184724355.5776,3.532007
2184724356.88439,1.2644900000000001
2184724358.4572988,1.521867
2184724365.6112056,7.096183
2184724371.0345283,5.378813
2184724371.829433,0.7545059999999999
2184724372.883351,1.002767
2184724374.365992,1.424192
2184724375.317552,0.911304
2184724384.9701133,9.618471999999999
2184724390.570681,5.555911
2184724391.26121,0.661008
2184724392.299595,0.999801
2184724396.6311483,4.279938
2184724401.2891607,4.624104
2184724402.3495,1.027021
2184724407.136659,4.705366
2184724408.467009,1.280143
2184724413.037479,4.511266
2184724413.577981,0.48093600000000003
2184724414.394314,0.775251
2184724415.525009,1.092889
2184724416.616475,1.044086
2184724417.395418,0.729716
2184724418.426829,0.9903049999999999
2184724419.561626,1.083706
2184724420.564118,0.9654229999999999
2184724421.42258,0.820407
2184724430.308093,8.853161
2184724431.789556,1.450984
2184724432.458371,0.618001
2184724437.923905,5.415997
2184724439.1368546,1.137711
2184724445.672459,6.487316
2184724447.249158,1.424482
2184724448.7747393,1.464601
2184724450.988035,2.155376
2184724456.421117,5.393202
2184724463.158552,6.537739
2184724463.808787,0.6119330000000001
2184724465.501279,1.636581
2184724467.0054817,1.4636060000000002
2184724471.290854,4.237197
2184724473.253052,1.926899
2184724473.904505,0.6126630000000001
2184724474.633296,0.693449
2184724483.078463,8.410361
2184724485.156025,2.032768
2184724489.936827,4.730244
2184724495.108222,5.101212
2184724498.0469728,2.8915189999999997
2184724501.361513,3.2830939999999997
2184724508.30051,6.894864
2184724509.464676,1.104213
2184724510.529134,1.025799
2184724517.053735,6.4866
2184724518.802708,1.669728
2184724520.4202046,1.573653
2184724521.283291,0.82907
2184724526.19767,4.882056
2184724527.226584,1.000636
2184724533.944161,6.58553
2184724534.863391,0.877465
2184724541.8991513,6.9922509999999996
2184724550.55753,8.622618000000001
2184724552.5303903,1.918551
2184724553.28776,0.69396
2184724554.2270446,0.879113
2184724555.831935,1.5245879999999998
2184724561.440086,5.562812
2184724568.856774,7.333805
2184724569.9512453,1.062589
2184724570.74999,0.755122
2184724574.407442,3.612034
2184724579.679254,5.231665
2184724585.424548,5.709753
2184724592.919788,7.464316
2184724594.284679,1.329629
2184724595.323327,0.998728
2184724601.049998,5.669403
2184724609.529335,8.445129
2184724610.718482,1.1514559999999998
2184724611.5879126,0.815097
2184724617.999811,6.371043
2184724624.946486,6.869814
2184724630.613131,5.632186
2184724634.666183,4.028048
2184724638.552608,3.861343
2184724644.9670653,6.379543
2184724646.173108,1.17242
2184724647.2845163,1.07178
2184724653.516282,6.194238
2184724658.659045,5.105815
2184724661.747964,3.05543
2184724671.4050517,9.608319
2184724673.0669446,1.6271790000000002
2184724679.049717,5.916843
2184724680.062036,0.9853749999999999
2184724680.879858,0.7837379999999999
2184724681.6431427,0.717254
2184724682.5615697,0.889421
2184724683.0566983,0.466158
2184724684.258517,1.1715630000000001
2184724684.8822103,0.594335
2184724689.538859,4.6178490000000005
2184724690.541729,0.959408
2184724696.169949,5.587189
2184724702.896716,6.6945049999999995
2184724710.58347,7.652254
2184724711.619685,0.988109
2184724712.7021866,1.0252830000000002
2184724719.484514,6.736232
2184724726.65713,7.104334000000001
2184724732.87634,6.175655000000001
2184724735.755184,2.837583
2184724741.538407,5.751631
2184724742.917625,1.3246410000000002
2184724750.281048,7.304019
2184724755.079054,4.736327999999999
2184724758.02847,2.9064170000000003
2184724759.007298,0.928049
2184724760.219881,1.149272
2184724766.757736,6.46244
2184724772.961285,6.127268
2184724774.066574,1.0552739999999998
2184724774.9672003,0.861029
2184724781.405576,6.385877
2184724782.4338303,0.997867
2184724788.5072494,6.019984
2184724794.5295,5.978471
2184724795.2525167,0.691415
2184724800.567862,5.2813870000000005
2184724801.902192,1.297685
2184724808.758955,6.813826000000001
2184724810.0841513,1.285105
2184724810.953226,0.8273780000000001
2184724812.13366,1.141338
2184724821.1459646,8.958282
2184724822.27655,1.09169
2184724823.175555,0.864138
2184724830.854568,7.6439189999999995
2184724836.086237,5.202619
2184724839.216288,3.0906089999999997
2184724843.897146,4.646577
2184724845.000016,1.03297
2184724849.336641,4.294659
2184724855.275168,5.9038770000000005
2184724856.535784,1.2233859999999999
2184724869.372951,12.766715
2184724875.494897,6.055484
2184724876.747536,1.223141
2184724877.550497,0.755168
2184724878.200406,0.611345
2184724878.8757224,0.634104
2184724879.536332,0.6308900000000001
2184724883.051215,3.471866
2184724889.354995,6.27372
2184724890.21528,0.823104
2184724893.9957767,3.740212
2184724901.4851513,7.442763
2184724908.495339,6.976484
2184724908.966119,0.428662
2184724914.167272,5.1637710000000006
2184724918.865699,4.665973999999999
2184724925.258295,6.349626
2184724927.014757,1.674485
2184724928.35386,1.2881150000000001
2184724935.1416388,6.704061
2184724935.915934,0.743537
2184724937.7474,1.787512
2184724943.524071,5.72462
2184724944.3630276,0.7781520000000001
2184724949.8707523,5.4681169999999995
2184724955.097433,5.1850689999999995
2184724963.413291,8.281177000000001
2184724968.0635,4.602997
2184724974.080284,5.964912
2184724974.728206,0.576806
2184724975.649177,0.873797
2184724984.4264727,8.742391
2184724989.9614353,5.502161
2184724996.2316937,6.199077
2184724997.780313,1.372669
2184724999.2020836,1.333388
2184725000.298185,1.0527220000000002
2184725001.466444,1.1249660000000001
2184725004.766056,3.266531
2184725012.579359,7.7841819999999995
2184725019.818789,7.195816
2184725020.516601,0.6575179999999999
2184725020.865013,0.309246
2184725021.678286,0.759247
2184725022.643533,0.926682
2184725023.455563,0.7670049999999999
2184725023.9589357,0.465204
2184725024.611346,0.6157410000000001
2184725031.489546,6.8418589999999995
2184725038.359635,6.836029000000001
2184725039.175944,0.78518
2184725039.9607716,0.73463
2184725047.155695,7.130914000000001
2184725048.1429563,0.9511120000000001
2184725054.503995,6.305085
2184725063.1758013,8.640751999999999
2184725068.290147,5.068728
2184725069.400753,1.033452
2184725076.388774,6.933502
2184725086.983827,10.543358
2184725090.1138864,3.096292
2184725095.882221,5.726534999999999
2184725096.928842,1.0092320000000001
2184725097.6335273,0.645788
2184725098.736557,1.050556
2184725101.6463504,2.8539820000000002
2184725102.9435697,1.243349
2184725109.2153716,6.233447
2184725109.744194,0.485276
2184725117.7143807,7.933579
2184725118.437887,0.644757
2184725120.4312334,1.883565
2184725121.676776,1.1648100000000001
2184725130.1600037,8.418951
2184725131.260787,1.063767
2184725132.5459037,1.248385
2184725142.005453,9.418538
2184725148.0788727,6.026351999999999
2184725153.1463933,4.989142
2184725157.378938,4.192339
2184725158.468511,1.043562
2184725164.749026,6.221406
2184725166.1818852,1.3905560000000001
2184725166.9307528,0.70146
2184725170.471249,3.502675
2184725174.998763,4.493628999999999
2184725181.6815634,6.630914
2184725188.358718,6.622948
2184725193.8114843,5.416142
2184725201.236073,7.393554999999999
2184725202.299646,1.032004
2184725211.9517603,9.60448
2184725213.137558,1.14886
2184725218.2446856,5.058436
2184725219.478489,1.177604
2184725220.7543154,1.210431
2184725222.2043986,1.395999
2184725226.032636,3.7871659999999996
2184725227.281111,1.199921
2184725227.961018,0.631925
2184725232.186399,4.17005
2184725236.561623,4.347835000000001
2184725241.1206603,4.528657
2184725247.139831,5.984895
2184725248.246194,1.060191
2184725249.174668,0.887639
2184725255.91646,6.691425
2184725256.89686,0.9025110000000001
2184725257.995258,1.034902
2184725261.463302,3.418402
2184725262.317688,0.8046000000000001
2184725268.599328,6.235881
2184725273.431696,4.796684
2184725274.830856,1.359325
2184725277.609807,2.730048
2184725282.974966,5.32313
2184725290.5641947,7.54418
2184725292.157487,1.555077
2184725300.252969,8.01453
2184725305.3981733,5.105733000000001
2184725311.176704,5.728035
2184725315.687536,4.446799
2184725316.507795,0.77266
2184725317.636858,1.0702120000000002
2184725318.3347297,0.66817
2184725323.081615,4.701867999999999
2184725323.7586927,0.6482709999999999
2184725325.01008,1.217113
2184725331.185411,6.129649
2184725332.437407,1.220016
2184725339.4933057,7.015328
2184725346.73568,7.198513999999999
2184725348.1446204,1.372365
2184725354.086438,5.882254
2184725361.5395713,7.414337
2184725362.8365684,1.2523739999999999
2184725369.7528977,6.878195
2184725370.593943,0.7917860000000001
2184725375.8642774,5.217665
2184725376.811653,0.92138
2184725377.674213,0.830155
2184725383.56576,5.854709
2184725390.5046687,6.910259
2184725391.339497,0.796915
2184725396.310878,4.923457
2184725400.1131353,3.767513
2184725405.07266,4.925708
2184725405.9129233,0.802926
2184725412.9823,7.027967
2184725418.889859,5.863823
2184725425.615333,6.673266
2184725431.710612,6.059868000000001
2184725432.456887,0.694095
2184725433.253818,0.732186
2184725436.542332,3.219444
2184725437.909644,1.313243
2184725444.381469,6.428615000000001
2184725450.0956078,5.688302999999999
2184725457.00196,6.880565
2184725462.692095,5.654447
2184725463.613806,0.884479
2184725468.5715337,4.903371999999999
2184725476.144427,7.527807
2184725482.0643997,5.865975
2184725503.460968,21.354719000000003
2184725504.37582,0.822216
2184725505.633993,1.166919
2184725511.742786,6.054338
2184725512.5272503,0.7297290000000001
2184725513.554821,0.9700639999999999
2184725514.49269,0.866504
2184725516.144039,1.596739
2184725516.456722,0.280887
2184725516.964068,0.478838
2184725517.441792,0.446707
2184725518.181836,0.706323
2184725521.703476,3.491519
2184725538.161061,16.430568
2184725545.1243353,6.915033
2184725546.228013,1.0509519999999999
2184725547.514277,1.2023050000000002
2184725549.090411,1.502678
2184725556.421858,7.286723
2184725557.65525,1.19563
2184725560.7853436,3.097444
2184725565.8152733,4.994313999999999
2184725567.222748,1.378266
2184725569.09975,1.826815
2184725625.318915,56.176076
2184725631.6471667,6.2447420000000005
2184725634.025547,2.321841
2184725636.790756,2.701997
2184725687.6017017,50.750859000000005
2184725688.733815,1.0747389999999999
2184725691.367497,2.573538
2184725755.1999164,63.67993800000001
2184725771.426107,16.131822
2184725772.5454664,1.0021360000000001
2184725773.378913,0.7513259999999999
2184725837.696394,64.252251
2184725844.903918,7.170122
2184725853.161937,8.217614999999999
2184725854.468618,1.263494
2184725856.352214,1.8347019999999998
2184725857.172403,0.7564759999999999
2184725858.442656,1.207037
2184725859.553933,1.058008
2184725869.0890007,9.473134
2184725875.215931,6.085069
2184725877.544222,2.280179
2184725879.412644,1.815169
2184725881.636886,2.179165
2184725892.073241,10.393756
2184725893.330458,1.209996
2184725898.5609484,5.183485
2184725904.6923647,6.085638
2184725907.0043306,2.264187
2184725970.8625712,63.807325999999996
2184725972.055429,1.148515
2184725979.323084,7.232544
2184725980.040097,0.681744
2184725985.6586943,5.567926
2184725986.699899,0.996643
2184725988.350318,1.609664
2184726005.310461,16.908633
2184726014.759716,9.403913
2184726017.684013,2.878009
2184726041.416648,23.684638
2184726046.107672,4.626087
2184726075.232698,28.981358
2184726079.9968576,4.6932279999999995
2184726092.828869,12.730483000000001
2184726094.962324,2.093497
2184726102.728611,7.717707
2184726107.682714,4.903446
2184726120.807767,13.058145
2184726129.066978,8.181519999999999
2184726130.503832,1.395328
2184726136.826786,6.264041
2184726143.976584,7.114975
2184726150.340716,6.287317
2184726150.62036,0.247181
2184726154.32973,3.660874
2184726159.25026,4.886639
2184726160.288309,0.9999780000000001
2184726167.5328526,7.203358
2184726168.466537,0.882138
2184726169.748968,1.245362
2184726170.424821,0.641068
2184726176.0664053,5.596469
2184726183.442973,7.345748
2184726189.920138,6.427908
2184726191.037267,1.0819020000000001
2184726192.04739,0.9707220000000001
2184726198.714748,6.607581000000001
2184726205.207138,6.454133
2184726206.602635,1.361102
2184726214.667704,8.028637
2184726215.155445,0.456981
2184726215.9887633,0.7991400000000001
2184726216.379949,0.340456
2184726226.278701,9.863155
2184726226.984007,0.65963
2184726228.750939,1.723704
2184726237.749257,8.945447
2184726245.9439735,8.128942
2184726252.964378,6.97698
2184726254.451673,1.3928230000000001
2184726256.4020267,1.8524539999999998
2184726264.38715,7.93262
2184726265.914473,1.477924
2184726271.819394,5.859245
2184726273.556603,1.697303
2184726275.0311923,1.427843
2184726282.557281,7.486003
2184726287.161655,4.565493
2184726297.803349,10.559943
2184726305.625587,7.774754
2184726311.221963,5.543305999999999
2184726312.4578443,1.176835
2184726315.71023,3.175378
2184726324.5171847,8.754926999999999
2184726325.911384,1.332053
2184726327.083396,1.1222599999999998
2184726327.94538,0.789427
2184726335.200864,7.204604
2184726335.963694,0.717044
2184726337.097741,1.102408
2184726344.217971,7.071626999999999
2184726345.349698,1.102913
2184726346.261505,0.8790920000000001
2184726353.87814,7.574051
2184726361.114776,7.20731
2184726368.5856333,7.431234
2184726372.330902,3.7133079999999996
2184726373.491268,1.131337
2184726381.006449,7.479338
2184726381.83168,0.7916829999999999
2184726382.5916743,0.713593
2184726383.101347,0.469853
2184726389.6636662,6.526864000000001
2184726390.7753587,1.0765639999999999
2184726391.633119,0.792883
2184726392.6083922,0.90779
2184726393.221911,0.559868
2184726401.504478,8.239841
2184726402.35557,0.813179
2184726402.703994,0.310551
2184726404.04547,1.289771
2184726410.681414,6.576538
2184726411.217738,0.500748
2184726418.401652,7.127503
2184726418.857475,0.40552299999999997
2184726425.73416,6.826951
2184726434.556488,8.782442999999999
2184726439.637948,5.028504
2184726440.546389,0.8628969999999999
2184726442.3288183,1.738938
2184726442.820093,0.45229899999999995
2184726444.1053576,1.2335429999999998
2184726445.57591,1.4163260000000002
2184726451.4428453,5.821422
2184726452.5168633,1.029713
2184726453.50649,0.949372
2184726457.388139,3.8461239999999997
2184726458.3196397,0.884644
2184726466.941629,8.57519
2184726468.346916,1.35446
2184726472.195459,3.799199
2184726478.186493,5.953438
2184726479.197681,0.9431269999999999
2184726480.233075,0.9691679999999999
2184726488.0253882,7.735715
2184726497.716471,9.644111
2184726498.3383327,0.563393
2184726499.191692,0.81518
2184726507.123076,7.893460999999999
2184726508.568435,1.411597
2184726509.421641,0.801863
2184726515.830618,6.372336
2184726517.343156,1.464289
2184726524.774284,7.386352
2184726525.7402353,0.922543
2184726526.419952,0.6313920000000001
2184726529.9068217,3.432081
2184726531.20337,1.250023
2184726539.07443,7.825159
2184726545.5732446,6.454467
2184726550.245503,4.627426
2184726553.842577,3.556061
2184726554.8918324,1.012425
2184726556.266949,1.334982
2184726565.5621247,9.245087000000002
2184726566.611019,1.003662
2184726567.624258,0.965167
2184726575.4731574,7.807315
2184726582.875222,7.35862
2184726584.20322,1.286313
2184726584.995103,0.744445
2184726586.680749,1.644387
2184726588.520008,1.7960990000000001
2184726590.371448,1.8069410000000001
2184726591.8117843,1.387917
2184726595.0390596,3.182925
2184726602.3806467,7.300757
2184726611.310338,8.881339
2184726611.670507,0.314052
2184726613.853475,2.139169
2184726622.706848,8.739494
2184726626.888073,4.10953
2184726628.072381,1.111346
2184726635.726708,7.617081000000001
2184726636.4887,0.73571
2184726637.5491557,1.0314860000000001
2184726638.687649,1.068849
2184726640.024424,1.279514
2184726645.063302,5.000769
2184726649.990044,4.8931189999999996
2184726656.8626876,6.826816
2184726657.981123,1.081533
2184726659.018102,0.9981519999999999
2184726660.172248,1.124974
2184726667.051939,6.848539
2184726675.818873,8.741184
2184726682.998631,7.133207
2184726690.487662,7.455027
2184726698.28338,7.754043
2184726698.893191,0.572116
2184726705.201383,6.226454
2184726705.894732,0.654313
2184726707.080791,1.1186900000000002
2184726712.201358,5.0407660000000005
2184726716.63734,4.394236
2184726720.7942157,4.112854
2184726726.588441,5.74427
2184726734.230355,7.614434
2184726740.710996,6.452213
2184726742.2674932,1.415608
2184726743.556465,1.2021410000000001
2184726744.168558,0.569229
2184726749.992788,5.7227570000000005
2184726751.7035747,1.682016
2184726758.2603807,6.523381
2184726759.623684,1.320688
2184726765.720664,6.036784
2184726767.420873,1.606625
2184726773.165493,5.6689560000000006
2184726773.8745704,0.6790200000000001
2184726778.8402357,4.9314160000000005
2184726779.678103,0.799074
2184726786.0641828,6.284989
2184726794.873483,8.760393
2184726796.5199738,1.6113989999999998
2184726797.891637,1.3308440000000001
2184726804.356416,6.426738
2184726807.272514,2.887622
2184726811.5594687,4.260233
2184726821.310836,9.723272
2184726827.8630476,6.516186
2184726832.867836,4.952281
2184726837.679577,4.770798
2184726842.8128424,5.054793
2184726852.794181,9.938991
2184726858.141024,5.253343
2184726868.41274,10.24488
2184726869.494513,1.0383280000000001
2184726878.472542,8.943273
2184726879.944503,1.400301
2184726888.951682,8.953452
2184726896.061582,7.063027
2184726908.262341,12.156223
2184726909.3480268,1.020302
2184726915.911211,6.532126
2184726917.854492,1.888289
2184726919.2318,1.343834
2184726919.766346,0.504436
2184726922.152681,2.355464
2184726923.2772284,1.096489
2184726930.7720017,7.463355
2184726940.406947,9.564729
2184726941.919755,1.458957
2184726943.0497584,1.08731
2184726951.387745,8.284471
2184726958.717361,7.282402
2184726960.2730303,1.4893809999999998
2184726968.6905212,8.356547
2184726969.936569,1.209042
2184726971.0019283,1.0315420000000002
2184726971.963713,0.9182819999999999
2184726979.429288,7.432594
2184726980.8032184,1.337715
2184726990.236224,9.386477000000001
2184726991.519525,1.211544
2184726992.704982,1.121413
2184726993.729911,0.790097
2184726996.95297,3.101833
2184726999.218275,2.223662
2184727007.942303,8.692435999999999
2184727008.795977,0.797523
2184727009.380742,0.552905
2184727014.582994,5.152264
2184727028.601551,13.993124
2184727029.913505,1.2821580000000001
2184727036.793279,6.848026
2184727042.066177,5.234277
2184727049.04358,6.949218
2184727050.093714,1.0208059999999999
2184727055.513266,5.3867910000000006
2184727075.025679,19.479572
2184727076.3297954,1.233537
2184727076.8487673,0.47120799999999996
2184727078.4619303,1.5652979999999999
2184727079.4195657,0.9110900000000001
2184727096.1375914,16.67196
2184727097.24101,1.063288
2184727098.7067957,1.428667
2184727104.9179273,6.164840000000001
2184727105.920299,0.9753090000000001
2184727107.6381674,1.6876129999999998
2184727116.4974613,8.829220000000001
2184727122.651767,6.120228999999999
2184727124.1859202,1.489607
2184727125.882775,1.655611
2184727127.907699,1.9843590000000002
2184727138.6344523,10.687562
2184727139.776071,1.105396
2184727144.795015,4.980708
2184727146.138761,1.308734
2184727150.035346,3.818622
2184727152.4020777,2.309458
2184727158.706765,6.262104
2184727160.189653,1.4541709999999999
2184727163.0664544,2.833181
2184727163.4797153,0.38848099999999997
2184727164.764666,1.2379559999999998
2184727169.515293,4.701247
2184727170.756849,1.207406
2184727171.747515,0.943058
2184727173.0948796,1.306484
2184727177.337851,4.187414
2184727183.888775,6.5049
2184727185.2777348,1.3337539999999999
2184727189.752654,4.422111999999999
2184727193.697553,3.9093009999999997
2184727201.7859187,8.035139000000001
2184727202.530486,0.705264
2184727208.5990047,5.99622
2184727209.0781193,0.424043
2184727213.4671283,4.354175
2184727218.641778,5.135623
2184727219.453112,0.771244
2184727219.979031,0.485068
2184727220.725738,0.688611
2184727223.814838,3.045562
2184727232.315151,8.45092
2184727238.8572807,6.492438
2184727240.3412743,1.4499739999999999
2184727241.899285,1.4723469999999999
2184727246.898882,4.918132000000001
2184727248.722693,1.713822
2184727250.0405617,1.277283
2184727259.563388,9.492796
2184727266.650321,7.06081
2184727267.878716,1.1685759999999998
2184727269.5750084,1.655465
2184727271.5241413,1.907005
2184727288.066555,16.486922
2184727289.508777,1.389011
2184727298.087426,8.513945
2184727304.972011,6.846983
2184727310.431609,5.422480999999999
2184727321.299243,10.832049
2184727325.625265,4.295447
2184727326.652259,0.997178
2184727327.42589,0.7314269999999999
2184727328.287067,0.830646
2184727340.129061,11.808554
2184727341.285291,1.129175
2184727342.119602,0.789356
2184727342.844886,0.688966
2184727347.4376264,4.558153
2184727349.290147,1.785629
2184727351.555766,2.222632
2184727352.102203,0.517672
2184727353.132999,0.9808760000000001
2184727354.112526,0.9405439999999999
2184727358.609212,4.467558
2184727359.385269,0.750635
2184727365.249967,5.836814
2184727372.775354,7.445228
2184727383.898506,11.071394999999999
2184727385.2193255,1.272342
2184727386.284288,1.018802
2184727387.449742,1.116291
2184727388.5741987,1.084921
2184727393.362388,4.724487
2184727394.418179,1.018404
2184727395.708001,1.246832
2184727397.157105,1.402703
2184727399.662384,2.447014
2184727400.863573,1.15014
2184727408.4449263,7.521940000000001
2184727409.47187,0.990391
2184727410.8175483,1.296101
2184727418.946145,8.087743
2184727424.494957,5.51339
2184727425.721742,1.178735
2184727432.0383577,6.275094
2184727433.317719,1.241201
2184727434.437321,1.072179
2184727439.774319,5.271517
2184727443.711298,3.868603
2184727445.1506047,1.376801
2184727453.438127,8.243815
2184727455.325401,1.855034
2184727456.7983623,1.423545
2184727458.013999,1.183915
2184727458.7366347,0.693865
2184727459.520815,0.756631
2184727465.366563,5.817662
2184727466.417608,0.9776190000000001
2184727467.403149,0.908816
2184727472.520237,5.089942
2184727479.361977,6.800408
2184727486.813994,7.402895
2184727487.8163,0.968604
2184727489.484713,1.618527
2184727498.419607,8.83048
2184727499.732243,1.273598
2184727500.682997,0.911136
2184727507.5439157,6.812098
2184727508.503296,0.93271
2184727514.245372,5.611743
2184727521.648957,7.348079
2184727529.524584,7.822976000000001
2184727538.2139373,8.623186
2184727545.158084,6.910615
2184727546.457566,1.2743069999999999
2184727547.705288,1.21533
2184727556.1076884,8.373646
2184727557.5819283,1.421435
2184727559.87946,2.2496199999999997
2184727561.97745,1.9840359999999997
2184727563.807743,1.46086
2184727579.745772,15.886542
2184727580.902588,1.126922
2184727581.932065,0.9989420000000001
2184727583.021765,1.0585930000000001
2184727584.215654,1.15387
2184727592.4293,8.171745
2184727594.061729,1.5939299999999998
2184727601.857253,7.531619
2184727602.149586,0.256554
2184727604.0196514,1.824742
2184727612.019313,7.296045
2184727621.674805,9.591980999999999
2184727622.660071,0.9247110000000001
2184727634.202166,11.481288
2184727635.9543967,1.6999440000000001
2184727637.4669533,1.4417410000000002
2184727644.246105,6.736149999999999
2184727649.315761,5.019578
2184727657.926547,8.572288
2184727669.2011843,11.234701999999999
2184727675.6533623,6.414637
2184727680.172717,4.449834
2184727681.09365,0.879286
2184727687.150272,6.0104299999999995
2184727696.424955,9.229658
2184727702.8566833,6.399101
2184727709.4307213,6.5272619999999995
2184727711.2412553,1.765944
2184727715.939932,4.642192
2184727717.591483,1.611939
2184727723.72898,6.097586000000001
2184727726.99907,3.239068
2184727728.301107,1.256939
2184727734.8640623,6.525094999999999
2184727741.5274653,6.622126
2184727748.4860673,6.88643
2184727749.6028223,1.037711
2184727756.163004,6.5144649999999995
2184727757.1065483,0.901273
2184727758.383356,1.2166329999999999
2184727763.346177,4.920619
2184727770.6979733,7.285267
2184727771.6548114,0.931369
2184727784.13944,12.454473
2184727785.2033677,1.030598
2184727786.219093,0.98514
2184727794.3019786,8.036931000000001
2184727800.246874,5.9044989999999995
2184727807.151949,6.854032
2184727808.413923,1.224714
2184727809.400136,0.928186
2184727810.3673778,0.926254
2184727819.082519,8.662055
2184727828.5863,9.456085
2184727835.52357,6.848944
2184727837.03084,1.4690050000000001
2184727842.494093,5.414295
2184727848.333222,5.783865
2184727849.2697353,0.89046
2184727864.873671,15.557675999999999
2184727873.770738,8.775996
2184727874.056778,0.260237
2184727881.982612,7.891505
2184727882.607831,0.593633
2184727888.626157,5.98643
2184727901.3827333,12.710452
2184727903.228513,1.817022
2184727904.66876,1.410742
2184727905.785811,1.087204
2184727914.518918,8.703014
2184727916.015422,1.444049
2184727917.197984,1.151167
2184727924.543043,7.317334
2184727929.79783,5.220283
2184727930.923296,1.060619
2184727931.756129,0.764294
2184727932.93879,1.148063
2184727941.945511,8.970538999999999
2184727947.717941,5.709334
2184727949.766248,1.993884
2184727950.730945,0.906075
2184727955.049293,4.263109999999999
2184727955.9174876,0.836838
2184727956.683738,0.7210209999999999
2184727957.7404532,1.0145469999999999
2184727967.215774,9.436003999999999
2184727968.079152,0.8273440000000001
2184727974.375607,6.245182
2184727975.3608394,0.9590529999999999
2184727979.769729,4.370863
2184727985.147195,5.3430040000000005
2184727986.0986533,0.90338
2184727992.789933,6.6396
2184727999.72745,6.903686
2184728000.87756,1.1129550000000001
2184728002.257615,1.347916
2184728003.580869,1.2935679999999998
2184728007.848021,4.228762
2184728012.8973427,5.024748
2184728013.522531,0.5995109999999999
2184728014.773311,1.201418
2184728019.423528,4.605422
2184728020.80829,1.301859
2184728021.930178,1.083119
2184728028.6671257,6.701115
2184728036.367347,7.666389
2184728037.354024,0.936628
2184728046.1783757,8.779109
2184728054.8094277,8.569163
2184728059.533638,4.689999
2184728060.783219,1.1956449999999998
2184728067.0131702,6.181102
2184728076.228619,9.165241
2184728077.96954,1.689838
2184728083.6614738,5.636391
2184728087.562811,3.862689
2184728091.0480757,3.422539
2184728098.109672,7.007295
2184728098.751854,0.613065
2184728101.0894737,2.2958420000000004
2184728103.245635,2.116065
2184728108.2907014,5.011609999999999
2184728114.522355,6.191451
2184728117.023822,2.461297
2184728119.2086287,2.0855650000000003
2184728124.730615,5.4338429999999995
2184728128.436329,3.6721280000000003
2184728134.8925242,6.421042
2184728143.521705,8.603665
2184728151.0318804,7.474660999999999
2184728152.1237397,1.060008
2184728153.2895317,1.128355
2184728154.2964993,0.960845
2184728160.7908072,6.460238
2184728161.963302,1.118259
2184728163.329834,1.327318
2184728167.3908577,4.024827
2184728173.832175,6.349833
2184728175.166572,1.270688
2184728176.626196,1.4159210000000002
2184728182.6387987,5.951586
2184728191.001116,8.310298000000001
2184728191.997047,0.9497140000000001
2184728212.138684,20.073646
2184728213.2185364,1.044364
2184728219.379548,6.132629
2184728226.4751,7.07004
2184728228.515082,2.004575
2184728235.531539,6.967403
2184728239.606721,4.03146
2184728240.7385364,1.067331
2184728246.749482,5.9591899999999995
2184728247.656392,0.877355
2184728255.864447,8.171517
2184728256.7539167,0.854364
2184728257.685463,0.8940060000000001
2184728259.163465,1.443752
2184728268.2785254,9.067324
2184728269.301359,0.965621
2184728274.2128053,4.862109
2184728275.3098702,1.061526
2184728282.104475,6.755683
2184728287.122848,4.967867
2184728287.643977,0.472193
2184728288.644785,0.9161549999999999
2184728289.838828,1.14675
2184728290.481159,0.589
2184728298.214067,7.674493
2184728299.109978,0.843351
2184728300.42269,1.2790460000000001
2184728303.796554,3.338559
2184728309.7160177,5.892602
2184728310.744669,0.993772
2184728311.924902,1.132103
2184728321.6989746,9.741964000000001
2184728322.742908,0.9997300000000001
2184728329.071668,6.284064
2184728333.547171,4.446242000000001
2184728346.012082,12.433498
2184728347.418024,1.379481
2184728348.778407,1.3294789999999999
2184728355.848061,7.038868
2184728366.062841,10.188404
2184728367.504379,1.395332
2184728368.3964148,0.82546
2184728369.299426,0.844585
2184728372.4477196,3.10652
2184728373.384884,0.897359
2184728380.108159,6.681371
2184728389.4889507,9.345643
2184728390.602775,1.0784880000000001
2184728391.073269,0.433192
2184728391.9607368,0.841735
2184728399.441791,7.385795
2184728400.6962876,1.1909869999999998
2184728401.719891,0.9632109999999999
2184728402.65764,0.87666
2184728410.9563,8.238316000000001
2184728412.053578,1.055648
2184728413.051478,0.958997
2184728414.599626,1.508521
2184728416.1515617,1.517436
2184728423.8373523,7.651801
2184728428.997158,5.128515999999999
2184728429.968867,0.920317
2184728440.1474895,10.138799
2184728444.322426,4.1365359999999995
2184728444.8616457,0.513467
2184728450.8847084,5.993785
2184728452.03561,1.124952
2184728458.295413,6.228608
2184728459.228468,0.902768
2184728465.7067227,6.436294
2184728473.809707,8.047837000000001
2184728478.661443,4.815096
2184728479.161721,0.461796
2184728479.810582,0.587483
2184728480.752016,0.8375159999999999
2184728481.604566,0.805424
2184728483.095366,1.4488619999999999
2184728483.4817777,0.34304
2184728484.107668,0.575803
2184728485.2387133,1.078152
2184728494.1687937,8.88229
2184728495.48278,1.287106
2184728496.0766797,0.5573429999999999
2184728501.946282,5.8298689999999995
2184728505.979676,3.98366
2184728507.154191,1.148005
2184728514.2493534,7.055445
2184728517.7286344,3.438838
2184728527.071203,9.282021
2184728531.9231057,4.817636
2184728539.402243,7.42415
2184728549.032054,9.598851
2184728556.097363,6.989019
2184728568.741893,12.596302
2184728574.9734693,6.1895489999999995
2184728575.450343,0.438057
2184728585.512385,10.006478
2184728591.726143,6.1659999999999995
2184728592.492794,0.703938
2184728593.8248663,1.2830380000000001
2184728594.387638,0.518676
2184728599.790575,5.356942
2184728601.2998114,1.462826
2184728607.9754524,6.632152
2184728608.713464,0.694687
2184728609.84203,1.08869
2184728610.687675,0.810956
2184728618.413537,7.691451
2184728622.282959,3.813279
2184728623.820655,1.465633
2184728632.408881,8.55749
2184728639.836937,7.391737
2184728640.825923,0.949692
2184728641.818915,0.95248
2184728647.785132,5.926762
2184728656.559929,8.718231999999999
2184728661.7227693,5.111601
2184728662.897547,1.139304
2184728663.33118,0.38643500000000003
2184728663.906714,0.538382
2184728664.458532,0.518975
2184728672.788541,8.289354000000001
2184728680.35821,7.525749
2184728681.349896,0.954094
2184728682.508609,1.118298
2184728683.581788,1.021185
2184728685.103742,1.458963
2184728685.5809503,0.431836
2184728691.643002,6.014957
2184728696.043872,4.373879
2184728700.8519254,4.780518
2184728702.1497016,1.262783
2184728703.156746,0.962896
2184728710.8510237,7.652931
2184728714.8357925,3.9351739999999995
2184728715.752029,0.864324
2184728732.742989,16.927525999999997
2184728736.8457427,4.071918
2184728740.714524,3.842631
2184728742.145049,1.376759
2184728743.504676,1.299934
2184728752.2527747,8.692882
2184728753.776955,1.489143
2184728762.417084,8.608528000000002
2184728772.507604,10.052586
2184728781.447705,8.90108
2184728782.3184824,0.834962
2184728783.833897,1.4715150000000001
2184728790.184248,6.309234
2184728796.167034,5.899876
2184728803.47544,7.267668
2184728812.53274,9.017427
2184728817.918338,5.3409390000000005
2184728823.460675,5.447620000000001
2184728824.200198,0.6793800000000001
2184728830.610572,6.348205
2184728831.9897156,1.342132
2184728833.2647457,1.223385
2184728833.718183,0.42446500000000004
2184728842.1687007,8.42264
2184728849.745784,7.541542
2184728853.460794,3.687121
2184728854.711744,1.223969
2184728867.456759,12.719018
2184728868.512124,0.953607
2184728873.45496,4.8683440000000004
2184728881.7570977,8.24756
2184728882.634084,0.829421
2184728890.430737,7.763795
2184728891.220365,0.749328
2184728892.724675,1.469563
2184728899.228564,6.457495
2184728919.016519,19.752973
2184728919.4309688,0.37884300000000004
2184728920.3651,0.894246
2184728925.3481503,4.953354
2184728932.541193,7.166591
2184728933.258475,0.6851010000000001
2184728939.6800013,6.375905
2184728947.214549,7.50255
2184728947.940492,0.6696
2184728949.32133,1.327394
2184728950.6041727,1.221143
2184728951.64269,0.940993
2184728972.207224,20.50234
2184728973.381061,1.115644
2184728974.285814,0.869645
2184728978.521289,4.202005
2184728979.182416,0.634908
2184728993.860148,14.639519
2184728995.664812,1.723797
2184728997.246686,1.541585
2184728997.7479644,0.4559
2184729010.675075,12.880605999999998
2184729011.998963,1.2811540000000001
2184729015.205627,3.13092
2184729016.6216593,1.369569
2184729018.693442,2.0150989999999998
2184729021.058579,2.314613
2184729039.0648828,17.979229999999998
2184729040.33574,1.220583
2184729041.632437,1.243082
2184729049.320421,7.64984
2184729050.188188,0.841407
2184729050.792223,0.576868
2184729051.698068,0.86985
2184729056.17104,4.435462
2184729057.184544,0.9867070000000001
2184729058.440044,1.225811
2184729059.4143963,0.936245
2184729066.14745,6.681356999999999
2184729071.873906,5.672863
2184729073.357378,1.431447
2184729078.188675,4.775326
2184729079.4104424,1.18391
2184729086.797482,7.344372
2184729088.38428,1.554052
2184729089.043464,0.61153
2184729089.919563,0.84028
2184729098.216507,8.262807
2184729103.1118712,4.838374
2184729104.414158,1.267309
2184729105.438786,0.966916
2184729110.77917,5.300346
2184729118.469879,7.656595
2184729123.782375,5.272285
2184729129.7545156,5.939565
2184729136.673768,6.8603190000000005
2184729144.180865,7.428019
2184729151.403693,7.177948
2184729151.7885423,0.337303
2184729158.238103,6.406904
2184729168.318587,10.051542999999999
2184729169.5282164,1.1788720000000001
2184729170.4827647,0.918315
2184729170.918757,0.38906
2184729172.181181,1.225646
2184729173.677782,1.451545
2184729183.007353,9.276019
2184729184.608715,1.551625
2184729188.77309,4.1241639999999995
2184729189.739888,0.929015
2184729191.158743,1.381139
2184729192.057392,0.846711
2184729193.344921,1.247153
2184729195.009632,1.611951
2184729204.188833,9.136328
2184729208.336648,4.120842000000001
2184729223.1609693,14.787764
2184729227.27634,4.08307
2184729228.684634,1.3715439999999999
2184729230.061655,1.3362649999999998
2184729230.665721,0.574148
2184729231.233304,0.528764
2184729232.05442,0.794127
2184729241.875834,9.790021
2184729243.3587594,1.4090909999999999
2184729248.853498,5.451442
2184729249.724279,0.7945180000000001
2184729250.742252,0.977894
2184729254.9070163,4.100616
2184729262.70728,7.755482
2184729264.0778546,1.328496
2184729265.660593,1.543016
2184729267.039043,1.3380340000000002
2184729267.6757073,0.602951
2184729276.144825,8.43665
2184729284.7455173,8.561938
2184729291.003232,6.205958
2184729292.295155,1.251513
2184729293.399256,1.0712709999999999
2184729300.748746,7.317426
2184729301.354433,0.571586
2184729302.710351,1.316691
2184729310.255169,7.507157
2184729311.458849,1.1442519999999998
2184729315.495371,4.002934
2184729316.2235208,0.697485
2184729322.9757667,6.717638
2184729324.791181,1.783323
2184729331.44368,6.618279
2184729337.9087124,6.423486
2184729344.35498,6.402473
2184729353.2146883,8.818575000000001
2184729358.868997,5.613669
2184729367.327813,8.378912
2184729368.7139087,1.317423
2184729370.0236807,1.265898
2184729376.529435,6.452037
2184729379.472142,2.907314
2184729380.59305,1.094949
2184729391.270627,10.646258000000001
2184729392.226146,0.924807
2184729393.258133,0.9920009999999999
2184729394.1601214,0.871856
2184729402.333409,8.145038
2184729406.9187922,4.559871
2184729413.0927763,6.1312169999999995
2184729414.046543,0.920821
2184729415.223256,1.1395380000000002
2184729416.735065,1.4703769999999998
2184729417.675715,0.8995420000000001
2184729419.175362,1.415897
2184729420.6730647,1.4388649999999998
2184729429.908417,9.190562
2184729435.583264,5.637516000000001
2184729436.610009,0.9904359999999999
2184729437.8462577,1.195677
2184729439.327553,1.420207
2184729440.60191,1.2285460000000001
2184729446.589985,5.948438
2184729451.324742,4.698805999999999
2184729460.132671,8.765017
2184729468.3349037,8.149180000000001
2184729469.9326267,1.544242
2184729470.864328,0.874018
2184729477.808938,6.890124
2184729483.335787,5.484926000000001
2184729484.134891,0.768567
2184729492.473667,8.285503
2184729493.3746934,0.862691
2184729499.361775,5.668071
2184729503.914658,4.513976
2184729508.029439,4.086294
2184729514.534589,6.462915
2184729515.95936,1.393047
2184729517.318463,1.324359
2184729527.271584,9.912852999999998
2184729528.44976,1.144617
2184729535.259263,6.752898
2184729542.520157,7.224487
2184729551.527555,8.968797
2184729557.705201,6.130241
2184729566.814881,9.058075
2184729573.062976,6.219036
2184729574.166826,1.070415
2184729574.7604117,0.555695
2184729575.9884667,1.1765720000000002
2184729577.506051,1.455652
2184729578.1204963,0.5652079999999999
2184729579.1731763,0.9941869999999999
2184729583.239258,4.00882
2184729584.819789,1.539573
2184729589.0882273,4.229013999999999
2184729593.809993,4.669522
2184729594.807909,0.946883
2184729602.0624924,7.198379
2184729607.2203026,5.122166
2184729608.8778477,1.6201699999999999
2184729610.045325,1.007982
2184729610.66475,0.58884
2184729611.3825746,0.688627
2184729619.8800907,8.467067
2184729628.55567,8.616819
2184729634.871945,6.289470000000001
2184729636.413726,1.514117
2184729637.012339,0.551363
2184729646.729275,9.686702
2184729652.1182313,5.321442
2184729653.4651427,1.2842369999999999
2184729654.612758,1.094567
2184729664.460285,9.773727
2184729673.0039,8.502524
2184729674.554706,1.504143
2184729681.004674,6.369475
2184729682.1105533,1.065817
2184729682.515384,0.36530599999999996
2184729690.681121,8.126957
2184729691.641028,0.9341790000000001
2184729692.610419,0.9411120000000001
2184729694.000922,1.3612920000000002
2184729696.0383744,2.008044
2184729697.450139,1.379808
2184729698.768912,1.2628730000000001
2184729703.4929957,4.693954
2184729709.512412,5.95971
2184729713.690359,4.133584
2184729714.772409,1.034451
2184729716.1112504,1.291251
2184729724.63617,8.493088
2184729726.160192,1.489037
2184729733.8782477,7.679608999999999
2184729734.760936,0.841463
2184729738.255603,3.466533
2184729744.986908,6.702807
2184729745.9680967,0.946814
2184729753.130136,7.111559
2184729755.371731,2.200204
2184729762.922532,7.498935
2184729770.5618043,7.6110359999999995
2184729771.694043,1.097308
2184729778.828678,7.010851000000001
2184729783.590336,4.728224
2184729789.125456,5.498777
2184729791.1461473,1.9632679999999998
2184729792.412443,1.199982
2184729799.870948,7.402075999999999
2184729803.492263,3.5818600000000003
2184729804.76552,1.009884
2184729805.5443907,0.730495
2184729810.7547307,5.1773039999999995
2184729811.8037663,1.0117660000000002
2184729817.8968587,6.053939000000001
2184729818.605147,0.6680320000000001
2184729825.776821,7.13583
2184729827.325211,1.506208
2184729829.070118,1.6964759999999999
2184729830.946382,1.814766
2184729838.588713,7.607158
2184729842.509294,3.878115
2184729849.2557893,6.706562
2184729855.1555734,5.862728000000001
2184729856.973108,1.772114
2184729857.937771,0.910023
2184729867.687797,9.695966
2184729874.744499,6.994934000000001
2184729879.246667,4.467884
2184729884.33595,5.055473
2184729886.166162,1.7866609999999998
2184729887.176424,0.967843
2184729888.544557,1.333517
2184729896.949852,8.351026
2184729904.592305,7.6120529999999995
2184729905.137912,0.508897
2184729914.963267,9.785594999999999
2184729916.904507,1.8923519999999998
2184729919.655982,2.316836
2184729922.6505213,2.952909
2184729923.531754,0.85321
2184729924.284058,0.708592
2184729925.691614,1.374589
2184729932.039117,6.309835
2184729940.7664614,8.686819
2184729947.870012,7.062748
2184729955.447915,7.512264999999999
2184729960.803326,5.291675
2184729961.990859,0.8608290000000001
2184729963.3144193,1.274092
2184729971.308815,7.957337
2184729977.7559757,6.406702999999999
2184729979.147757,1.354372
2184729980.4586496,1.2593400000000001
2184729986.1385903,5.641567
2184729990.309199,4.121473
2184729997.410131,7.01989
2184729998.326601,0.8851479999999999
2184730004.676819,6.305605
2184730006.309113,1.593286
2184730007.481618,1.137391
2184730018.585263,11.068692
2184730026.442144,7.8137229999999995
2184730033.06652,6.544613
2184730043.171776,10.065291
2184730044.048145,0.845559
2184730044.767517,0.6852969999999999
2184730048.523347,3.725774
2184730050.124262,1.570031
2184730051.1143746,0.9589070000000001
2184730052.7628365,1.606081
2184730060.9478593,8.133436000000001
2184730067.841216,6.84612
2184730073.296835,5.423415
2184730074.869713,1.546635
2184730082.4692903,7.566961
2184730083.529953,1.033751
2184730086.706759,3.143889
2184730090.2189116,3.4777139999999997
2184730091.242908,0.9837699999999999
2184730098.570223,7.291802
2184730104.2333293,5.625204
2184730105.758132,1.471927
2184730106.684981,0.878182
2184730111.4197674,4.6814
2184730112.014463,0.565285
2184730113.62748,1.575923
2184730119.665006,6.003711999999999
2184730123.796385,4.075995
2184730129.1861,5.334864
2184730130.304532,1.057955
2184730140.188537,9.750349
2184730147.940458,7.665235
2184730148.52713,0.561673
2184730149.745293,1.1824459999999999
2184730155.538426,5.757154
2184730156.988341,1.414348
2184730163.226618,6.198091
2184730164.21192,0.9441299999999999
2184730165.13103,0.884801
2184730166.327577,1.1670280000000002
2184730167.1595297,0.7953720000000001
2184730172.9366283,5.712086
2184730178.643403,5.676412
2184730184.819362,6.145882
2184730199.3643947,14.502068
2184730199.839993,0.410133
2184730200.8854003,1.000372
2184730202.536094,1.604479
2184730203.7134013,1.115606
2184730204.4081197,0.654899
2184730210.161719,5.714485
2184730211.3378882,1.139826
2184730218.971108,7.582667000000001
2184730225.021264,6.0169760000000005
2184730226.922911,1.861973
2184730234.509775,7.536925
2184730242.288412,7.724102
2184730244.422696,2.050227
2184730248.1180177,3.668361
2184730251.3427076,3.18986
2184730252.3508754,0.97649
2184730252.917223,0.538478
2184730255.843686,2.8934260000000003
2184730278.003877,22.133094999999997
2184730284.80195,6.764354
2184730297.008839,12.173160000000001
2184730298.546667,1.506143
2184730300.245737,1.670982
2184730303.8432527,3.568715
2184730304.4455113,0.569459
2184730307.538983,3.0494329999999996
2184730308.546068,0.953426
2184730309.300469,0.691362
2184730313.2342553,3.895987
2184730314.0892053,0.803312
2184730314.674914,0.5455599999999999
2184730327.892824,13.181027
2184730328.827402,0.8914599999999999
2184730333.1510053,4.25953
2184730333.5287833,0.338341
2184730335.6192603,2.047418
2184730337.470837,1.7858690000000002
2184730341.331261,3.815488
2184730359.9299884,18.526856000000002
2184730362.3065076,2.341583
2184730369.969506,7.632101
2184730371.01196,0.9622580000000001
2184730378.51155,7.43138
2184730379.725962,1.1856
2184730381.800058,2.040287
2184730387.6705317,5.836405999999999
2184730398.2668657,10.566396000000001
2184730399.818857,1.4963769999999998
2184730400.32934,0.458686
2184730404.928856,4.537768
2184730406.0250077,1.060907
2184730417.077892,10.979515000000001
2184730418.3567634,1.245569
2184730419.372488,0.9823679999999999
2184730425.872596,6.457891
2184730427.411,1.486192
2184730428.770245,1.303213
2184730431.641789,2.814975
2184730437.737044,6.0577499999999995
2184730438.964034,1.181334
2184730440.49859,1.4808919999999999
2184730441.2580447,0.7207049999999999
2184730441.8412,0.547177
2184730443.393595,1.5147400000000002
2184730451.972702,8.539043
2184730457.6487803,5.626372
2184730464.677872,6.990945
2184730471.276563,6.552329
2184730472.460906,1.139101
2184730475.5159326,2.9990360000000003
2184730476.812048,1.2552450000000002
2184730477.472937,0.605525
2184730479.095469,1.581184
2184730480.9102187,1.763479
2184730490.639644,9.683378
2184730491.667819,0.975816
2184730492.021788,0.306746
2184730497.129144,5.06689
2184730498.785093,1.61704
2184730502.558838,3.719547
2184730504.3483243,1.7246489999999999
2184730511.616551,7.230526
2184730512.175441,0.509961
2184730513.256513,1.0436969999999999
2184730514.06289,0.76187
2184730517.335452,3.2394
2184730518.796482,1.428252
2184730524.2356367,5.380306
2184730526.218561,1.9357840000000002
2184730527.569382,1.2992
2184730534.680116,7.073783000000001
2184730538.531099,3.815041
2184730539.2932754,0.71628
2184730544.7030354,5.359691
2184730550.6244206,5.884364
2184730551.541658,0.870138
2184730552.56538,0.991577
2184730559.467966,6.859354
2184730562.2300406,2.710327
2184730571.33611,9.066815
2184730572.6652203,1.283396
2184730582.3970113,9.685841
2184730587.2401032,4.809774999999999
2184730588.563403,1.286789
2184730589.179521,0.578845
2184730595.415687,6.2034899999999995
2184730600.483596,5.041734
2184730601.286543,0.7776540000000001
2184730607.918085,6.587655000000001
2184730612.7124324,4.75932
2184730617.130682,4.38368
2184730623.013889,5.8137859999999995
2184730629.466784,6.40126
2184730634.22854,4.713584
2184730643.321337,9.059704
2184730644.5146284,1.158317
2184730648.962793,4.409259
2184730656.673498,7.662770999999999
2184730657.843431,1.1354119999999999
2184730658.490956,0.6135459999999999
2184730659.242682,0.718083
2184730660.867168,1.5881370000000001
2184730667.603596,6.696503000000001
2184730668.716906,1.0842759999999998
2184730674.164271,5.416248
2184730682.4201813,8.217652000000001
2184730692.1027193,9.637069
2184730701.552308,9.398505
2184730702.905231,1.293571
2184730707.584303,4.629440000000001
2184730715.813652,8.187122
2184730721.257432,5.413636
2184730728.767614,7.484064
2184730729.803981,0.9980600000000001
2184730735.952098,6.111557
2184730736.882943,0.897406
2184730742.379071,5.445486
2184730743.642776,1.224812
2184730744.835689,1.137707
2184730746.626138,1.737995
2184730753.4036303,6.717254
2184730754.199941,0.7696810000000001
2184730755.7986298,1.5514979999999998
2184730763.1349688,7.301038999999999
2184730768.022359,4.8468670000000005
2184730777.3169837,9.247114
2184730784.669574,7.305766
2184730785.994167,1.262302
2184730790.8397026,4.79484
2184730796.547617,5.66566
2184730797.73483,1.1367289999999999
2184730804.408504,6.629791
2184730807.957922,3.520943
2184730809.145919,1.148391
2184730810.1938443,0.957932
2184730816.111418,5.8712670000000005
2184730817.333597,1.173972
2184730826.233823,8.852027999999999
2184730835.477513,9.195445999999999
2184730839.907803,4.395041
2184730846.7932277,6.849455
2184730850.619732,3.7763649999999997
2184730851.356367,0.7110350000000001
2184730856.722118,5.337999000000001
2184730857.876777,1.119844
2184730862.4019127,4.488095
2184730873.550146,11.119059
2184730874.259034,0.679253
2184730874.8883567,0.5975349999999999
2184730875.893024,0.961677
2184730877.843444,1.916559
2184730878.569366,0.678547
2184730884.146363,5.546387
2184730887.303287,3.129019
2184730893.847473,6.507299000000001
2184730894.5946817,0.713889
2184730895.618408,0.987529
2184730896.879151,1.211143
2184730897.460496,0.531622
2184730902.356412,4.859467
2184730908.88728,6.492839999999999
2184730910.221401,1.295502
2184730911.2007833,0.937165
2184730912.6144366,1.358618
2184730917.403446,4.7328969999999995
2184730917.988993,0.543099
2184730919.364607,1.3219480000000001
2184730922.9637327,3.550004
2184730930.334155,7.323621
2184730931.734932,1.353735
2184730932.89911,1.107907
2184730933.6710873,0.7171890000000001
2184730934.214952,0.506624
2184730935.572183,1.322209
2184730943.014061,7.404742
2184730949.9138083,6.864476000000001
2184730951.48549,1.523622
2184730959.428604,7.884294
2184730968.14714,8.683553999999999
2184730973.2335043,5.046557
2184730978.586193,5.322745
2184730979.404055,0.778639
2184730980.297395,0.853198
2184730986.950242,6.61981
2184730987.383597,0.38778199999999996
2184730989.337804,1.912174
2184730990.085985,0.700736
2184730996.5388927,6.394227
2184730997.487244,0.916416
2184731005.817755,8.297069
2184731013.1825843,7.329386
2184731019.8115993,6.580273999999999
2184731027.346769,7.462309
2184731034.968033,7.536615
2184731043.049787,8.044704999999999
2184731044.089593,0.964329
2184731048.919456,4.7680489999999995
2184731053.668601,4.716392
2184731060.360237,6.642798999999999
2184731062.060792,1.663293
2184731063.073359,0.971597
2184731071.598917,8.485266
2184731072.5053678,0.8585790000000001
2184731080.874784,8.310089999999999
2184731082.202874,1.281206
2184731083.404331,1.138647
2184731084.433199,0.9683339999999999
2184731088.266072,3.776809
2184731093.7444468,5.429682
2184731094.33454,0.550376
2184731099.67549,5.305565
2184731108.3307776,8.615961
2184731115.750679,7.3879280000000005
2184731124.538921,8.667593
2184731125.686819,1.089264
2184731126.819822,1.0935789999999999
2184731130.6407943,3.7836749999999997
2184731137.01724,6.344193
2184731142.0305843,4.962826
2184731150.325855,8.249536
2184731157.356898,6.995017
2184731158.3220854,0.931468
2184731159.295736,0.9032979999999999
2184731169.9583383,10.626172
2184731175.4197187,5.41529
2184731182.2659717,6.7802050000000005
2184731183.4480267,1.119419
2184731184.0825577,0.589955
2184731185.46978,1.338896
2184731186.787846,1.282082
2184731191.520668,4.6944930000000005
2184731197.0175657,5.471209
2184731198.312768,1.2580740000000001
2184731198.827408,0.470997
2184731200.0683403,1.203459
2184731205.316303,5.204276
2184731212.212083,6.8515299999999995
2184731213.034646,0.767729
2184731219.722767,6.634406
2184731226.729582,6.9505230000000005
2184731227.8180037,1.037297
2184731232.515151,4.648979
2184731238.190909,5.624028
2184731239.533829,1.3059779999999999
2184731248.2933292,8.671388
2184731251.003788,2.6836160000000002
2184731256.967123,5.926987
2184731257.787049,0.788338
2184731266.181643,8.355269999999999
2184731273.963912,7.718712
2184731275.2930436,1.286327
2184731277.060449,1.7239689999999999
2184731278.123329,1.0019129999999998
2184731285.970802,7.772545
2184731287.4282103,1.410914
2184731288.516604,1.032795
2184731296.4711547,7.914521000000001
2184731297.580388,1.0626559999999998
2184731302.8253026,5.195892
2184731303.989141,1.107628
2184731304.879837,0.823018
2184731306.3122272,1.380947
2184731312.7525063,6.408393
2184731314.071396,1.289718
2184731320.518108,6.4144570000000005
2184731325.488356,4.909737
2184731326.5096307,0.984139
2184731327.569121,0.983833
2184731335.792253,8.170935
2184731341.1282206,5.288109
2184731342.1250644,0.960639
2184731342.962263,0.7975140000000001
2184731343.680577,0.668332
2184731346.902105,3.176122
2184731348.1733103,1.223694
2184731349.458736,1.2332910000000001
2184731359.8590827,10.359521
2184731367.1199207,7.229509
2184731368.589025,1.416094
2184731369.627204,0.958559
2184731376.126281,6.4514380000000005
2184731377.0096,0.8330460000000001
2184731380.88113,3.834226
2184731383.356547,2.443154
2184731389.263074,5.875491
2184731390.4871497,1.1666789999999998
2184731401.357572,10.817972000000001
2184731408.403451,7.0166450000000005
2184731409.3233056,0.89151
2184731417.798778,8.429788
2184731425.1298037,7.293086
2184731425.631646,0.472364
2184731426.607112,0.938462
2184731432.466132,5.824439
2184731433.852917,1.3131650000000001
2184731442.524895,8.623866000000001
2184731443.696012,1.130687
2184731449.085587,5.354108
2184731450.8451853,1.7232
2184731459.121757,8.235932
2184731460.533863,1.377172
2184731467.0271153,6.448453
2184731467.635882,0.5802710000000001
2184731473.295851,5.628458999999999
2184731474.522858,1.184278
2184731475.307639,0.754133
2184731476.059219,0.7173200000000001
2184731488.077807,11.975373
2184731500.7825584,12.67549
2184731508.425472,7.603985
2184731517.858201,9.394432
2184731523.6434593,5.733700000000001
2184731524.604977,0.907853
2184731528.5949626,3.9468170000000002
2184731535.951884,7.318925
2184731536.895001,0.868329
2184731537.842593,0.904147
2184731538.8542347,0.971134
2184731539.771875,0.877727
2184731547.0562277,7.236694999999999
2184731554.4406233,7.35749
2184731558.9857078,4.515708
2184731566.767717,7.755561
2184731568.314001,1.462786
2184731569.3445177,0.9776509999999999
2184731580.124727,10.743704999999999
2184731591.054721,10.893298
2184731594.735848,3.650875
2184731598.2983646,3.535126
2184731606.621614,8.297334
2184731614.167274,7.492563
2184731615.288206,1.080717
2184731622.5170217,7.161383000000001
2184731623.821056,1.257055
2184731625.048798,1.185813
2184731630.452178,5.366156
2184731630.9650993,0.483222
2184731638.743775,7.733468
2184731652.105397,13.313907
2184731665.0328407,12.887667
2184731666.3374963,1.265616
2184731673.738605,7.360803
2184731677.6937766,3.919647
2184731678.298452,0.560061
2184731684.163346,5.8381359999999995
2184731695.0816383,10.866408
2184731697.54994,2.427916
2184731698.682343,1.089649
2184731699.508811,0.792574
2184731701.780652,2.237007
2184731708.345582,6.530147
2184731718.458056,10.063243
2184731719.12042,0.6317360000000001
2184731721.823213,2.663646
2184731724.575097,2.688391
2184731725.974123,1.354208
2184731734.214159,8.197988
2184731735.2459683,0.996849
2184731736.358529,1.0799690000000002
2184731737.437243,1.0463950000000002
2184731744.4204617,6.951936
2184731745.2672257,0.779594
2184731746.9029727,1.595686
2184731752.068529,5.115998
2184731758.5705867,6.4745159999999995
2184731759.418964,0.810842
2184731760.019323,0.557972
2184731767.9342513,7.856814
2184731768.978334,0.998785
2184731773.839416,4.810258
2184731780.98874,7.105684
2184731785.654354,4.622537
2184731786.531951,0.835301
2184731791.3201323,4.7436359999999995
2184731795.91574,4.554567
2184731802.8931127,6.936567999999999
2184731812.131295,9.205903
2184731816.9853797,4.808017
2184731817.814238,0.80054
2184731828.15089,10.308266
2184731840.108214,11.914077
2184731847.042131,6.8939639999999995
2184731847.38222,0.30306099999999997
2184731847.990774,0.570855
2184731850.9113708,2.870502
2184731852.031311,1.091133
2184731854.919877,2.858691
2184731855.482995,0.528255
2184731856.601195,1.0907639999999998
2184731861.8628697,5.232439
2184731862.504385,0.599411
2184731864.479676,1.933316
2184731880.081233,15.500677
2184731887.304087,7.190756
2184731888.217409,0.876089
2184731894.656443,6.4017170000000005
2184731896.359887,1.6760849999999998
2184731902.4113398,5.98164
2184731903.331921,0.885444
2184731904.764242,1.3916810000000002
2184731910.456478,5.65317
2184731911.1087227,0.612563
2184731911.966512,0.8101579999999999
2184731913.196494,1.182852
2184731913.922638,0.690968
2184731914.982148,1.019814
2184731920.8500433,5.828664
2184731925.7605133,4.8669910000000005
2184731927.064063,1.257571
2184731927.901968,0.766093
2184731928.6513224,0.709717
2184731929.3810277,0.6814250000000001
2184731929.830165,0.410026
2184731931.389171,1.5135
2184731931.949777,0.514109
2184731937.277133,5.278378999999999
2184731942.245338,4.912795
2184731952.107272,9.827181000000001
2184731954.338267,2.201988
2184731954.85407,0.46867600000000004
2184731956.1764474,1.2812459999999999
2184731956.540885,0.31753800000000004
2184731957.647424,1.0648199999999999
2184731958.193619,0.487625
2184731968.110896,9.880473
2184731975.358617,7.203689
2184731976.083232,0.683467
2184731976.911582,0.790354
2184731977.912475,0.925346
2184731978.556757,0.606903
2184731979.022007,0.438444
2184731980.0845213,1.033831
2184731980.5147543,0.400702
2184731988.4417353,7.875661000000001
2184731995.8190594,7.351192999999999
2184731996.6976,0.8476990000000001
2184731998.178025,1.436667
2184732005.509259,7.298863
2184732006.306753,0.770664
2184732007.437593,1.10367
2184732012.5528717,5.087066
2184732018.566565,5.9875739999999995
2184732023.380477,4.777259
2184732024.398788,0.984302
2184732024.840196,0.395386
2184732025.55844,0.684776
2184732030.164182,4.5716969999999995
2184732036.353223,6.1579440000000005
2184732036.964598,0.5797410000000001
2184732037.819565,0.8019919999999999
2184732045.896739,8.027992
2184732052.929861,6.994935
2184732059.955695,6.976300999999999
2184732060.893095,0.903734
2184732061.9539747,1.003854
2184732068.023232,6.006741000000001
2184732069.031261,0.9646429999999999
2184732069.805293,0.72663
2184732071.186801,1.320613
2184732077.690127,6.457664
2184732082.4129357,4.67551
2184732088.201077,5.752809999999999
2184732092.3024673,4.066674
2184732093.286669,0.948597
2184732098.075137,4.750959
2184732104.9877453,6.875201
2184732108.9439263,3.9214339999999996
2184732109.965907,0.9950689999999999
2184732118.8618717,8.867985000000001
2184732126.8860583,7.984744
2184732127.7128596,0.77633
2184732135.36198,7.5972610000000005
2184732136.7823153,1.364904
2184732138.0154996,1.190096
2184732141.8784313,3.823402
2184732142.794608,0.881309
2184732148.5319424,5.701416
2184732149.528229,0.950385
2184732150.511796,0.918102
2184732151.661087,1.0871380000000002
2184732152.314393,0.612901
2184732152.911168,0.552079
2184732153.5440164,0.5888300000000001
2184732158.544517,4.958494
2184732162.914116,4.332395
2184732163.647027,0.695044
2184732165.4462748,1.748084
2184732172.085533,6.5988549999999995
2184732177.5374494,5.420297
2184732178.399656,0.814952
2184732185.2908487,6.856476000000001
2184732186.4250383,1.061453
2184732186.968749,0.498069
2184732191.8295894,4.816942999999999
2184732192.935148,1.078917
2184732197.4212427,4.447088
2184732202.9008102,5.448199
2184732208.1517086,5.21184
2184732212.842101,4.649515
2184732218.374533,5.469492000000001
2184732219.019591,0.602672
2184732219.820267,0.743769
2184732220.6862497,0.7797499999999999
2184732228.155047,7.429627
2184732238.143385,9.932416
2184732245.3234262,7.13927
2184732251.004675,5.6525680000000005
2184732255.589975,4.557439
2184732263.051112,7.425509
2184732264.616723,1.515099
2184732265.634121,0.962102
2184732266.774176,1.1033519999999999
2184732273.496212,6.671164999999999
2184732279.7028913,6.160248999999999
2184732280.866619,1.120602
2184732282.380712,1.467094
2184732290.1927114,7.765621
2184732290.9870634,0.721304
2184732292.48448,1.447674
2184732293.367716,0.8273809999999999
2184732302.675498,9.26712
2184732310.43935,7.715303
2184732315.419916,4.9461189999999995
2184732316.465921,1.007976
2184732317.663988,1.14485
2184732318.5072613,0.805277
2184732319.460146,0.905859
2184732325.693865,6.1905980000000005
2184732330.6210923,4.892919
2184732331.429029,0.766284
2184732334.614224,3.152916
2184732339.3018007,4.657358
2184732345.5232854,6.179399
2184732346.437979,0.8511909999999999
2184732352.275732,5.798775
2184732359.85426,7.52788
2184732367.358519,7.465027
2184732368.234045,0.821173
2184732371.376834,3.101571
2184732377.284893,5.871383
2184732377.881854,0.556599
2184732383.6798544,5.748592
2184732390.17356,6.460795
2184732391.4342837,1.225842
2184732392.930548,1.4599350000000002
2184732394.187009,1.217889
2184732395.3809824,1.156034
2184732395.7344384,0.30856500000000003
2184732396.81444,1.00823
2184732397.265524,0.409178
2184732398.430594,1.117659
2184732402.886008,4.397616
2184732410.981059,8.05125
2184732412.05301,0.9919939999999999
2184732412.979689,0.8769290000000001
2184732418.2929497,5.249269
2184732419.503932,1.127956
2184732425.6321073,6.085194
2184732432.187254,6.5197199999999995
2184732437.3519883,5.123670000000001
2184732439.187697,1.7888229999999998
2184732443.063271,3.838492
2184732450.76608,7.677458
2184732458.5541363,7.748892000000001
2184732464.217139,5.613981
2184732465.179642,0.925341
2184732466.016031,0.801189
2184732471.27467,5.222371
2184732472.381852,1.07057
2184732473.374295,0.926694
2184732481.268396,7.849427000000001
2184732487.136094,5.811300999999999
2184732492.430954,5.244257
2184732493.158285,0.627126
2184732508.152915,14.911532999999999
2184732514.374641,6.183469
2184732515.901091,1.48989
2184732516.697166,0.759638
2184732522.546201,5.81431
2184732536.178706,13.597781999999999
2184732541.255608,5.034982
2184732546.569647,5.279223
2184732547.246126,0.650621
2184732550.844286,3.557136
2184732557.53279,6.656556
2184732564.217376,6.657852
2184732572.805069,8.522557
2184732574.014217,1.172172
2184732577.980894,3.9224409999999996
2184732579.1197653,1.0844470000000002
2184732580.704551,1.525766
2184732582.0869102,1.320926
2184732585.935594,3.807739
2184732590.908155,4.9290009999999995
2184732599.734375,8.797367000000001
2184732600.5533876,0.7857609999999999
2184732601.037973,0.446681
2184732604.635475,3.550506
2184732605.656128,0.9784520000000001
2184732613.3794937,7.685407
2184732621.949208,8.537450999999999
2184732623.133332,1.129372
2184732628.971168,5.791187
2184732638.182036,9.162917
2184732639.506236,1.2619070000000001
2184732660.10624,20.539419
2184732673.903847,13.760285000000001
2184732678.412982,4.469617
2184732679.5336905,1.0846099999999999
2184732680.29391,0.7242620000000001
2184732680.999462,0.67716
2184732681.837393,0.809948
2184732682.550413,0.684429
2184732687.306908,4.727748
2184732687.996509,0.6634
2184732696.603683,8.553836
2184732704.796975,8.166219
2184732716.18726,11.337432
2184732718.0283637,1.7957509999999999
2184732718.679108,0.610806
2184732719.5022383,0.786124
2184732725.276358,5.735063
2184732731.809554,6.483308999999999
2184732736.714866,4.845292000000001
2184732737.761343,1.006145
2184732739.102952,1.3107609999999998
2184732740.110646,0.967908
2184732741.043753,0.881169
2184732741.8493104,0.7573179999999999
2184732747.202829,5.318027000000001
2184732747.883593,0.615572
2184732748.7394347,0.8109080000000001
2184732752.266268,3.478382
2184732753.609375,1.3052249999999999
2184732757.9372773,4.291121
2184732758.749161,0.768846
2184732765.507434,6.724582
2184732766.412569,0.871651
2184732767.4589453,1.0037449999999999
2184732768.5635533,1.062252
2184732777.100576,8.487399
2184732784.327707,7.168159999999999
2184732800.146772,15.784531000000001
2184732801.21918,1.0319369999999999
2184732807.431488,6.17116
2184732814.031351,6.5729120000000005
2184732815.430185,1.361683
2184732816.360994,0.88582
2184732821.68117,5.281359
2184732822.397269,0.6782710000000001
2184732823.7854342,1.334397
2184732831.7474804,7.922819
2184732838.2267222,6.423395999999999
2184732839.292127,1.0284470000000001
2184732845.29552,5.969991
2184732851.4226017,6.077075000000001
2184732859.750762,8.295388
2184732867.283089,7.4965090000000005
2184732875.12021,7.760531
2184732876.318178,1.066821
2184732877.089272,0.7152769999999999
2184732877.93558,0.790497
2184732878.6074047,0.623816
2184732879.428587,0.7728389999999999
2184732882.969253,3.494995
2184732883.821173,0.780112
2184732889.501258,5.645257
2184732890.654769,1.115689
2184732902.538266,11.844899000000002
2184732903.649797,1.0686490000000002
2184732904.9636087,1.277425
2184732905.318684,0.325885
2184732905.9288216,0.580442
2184732906.721568,0.763004
2184732910.476902,3.71926
2184732911.3054028,0.778625
2184732917.611906,6.277113
2184732924.148173,6.50682
2184732925.540596,1.34267
2184732926.624898,1.029249
2184732932.4393144,5.761246
2184732933.744049,1.2676370000000001
2184732934.863598,1.078201
2184732940.433607,5.530959999999999
2184732941.216025,0.716047
2184732942.793078,1.537896
2184732949.271773,6.439284
2184732950.2196593,0.921698
2184732951.244094,0.9966499999999999
2184732958.623689,7.350362
2184732965.174909,6.519165
2184732966.2784433,1.059407
2184732968.9353533,2.6219110000000003
2184732969.5436053,0.570495
2184732970.5420823,0.934914
2184732971.9589868,1.3737840000000001
2184732978.167524,6.149191
2184732979.676771,1.458324
2184732992.52343,12.798696
2184732993.2350993,0.653197
2184732993.950871,0.667825
2184732994.848637,0.841952
2184733002.43529,7.539954
2184733009.837851,7.330136
2184733015.940649,6.062546
2184733021.164591,5.194413999999999
2184733021.98244,0.77246
2184733027.8746386,5.854118000000001
2184733033.872555,5.94299
2184733040.1374793,6.229728000000001
2184733045.3133473,5.135814
2184733046.173003,0.8273510000000001
2184733052.685741,6.469477
2184733053.671343,0.936643
2184733060.7620397,7.053846
2184733065.254212,4.434946
2184733066.48811,1.1630449999999999
2184733074.778011,8.237075
2184733081.288969,6.451924
2184733087.076183,5.753523
2184733092.254664,5.14314
2184733098.754869,6.4682949999999995
2184733099.928009,1.136071
2184733106.346243,6.388605
2184733112.809694,6.430416
2184733115.656711,2.8188940000000002
2184733122.460187,6.725344000000001
2184733128.395165,5.901982
2184733129.323579,0.89932
2184733130.159367,0.79312
2184733135.167006,4.9754309999999995
2184733137.878126,2.671783
2184733138.883272,0.9672940000000001
2184733147.16462,8.2399
2184733151.245771,4.047706
2184733157.167791,5.887817
2184733164.1244197,6.90659
2184733172.957186,8.776063
2184733175.7795453,2.7745170000000003
2184733177.193168,1.378781
2184733177.9270077,0.7047960000000001
2184733184.218531,6.263294
2184733189.272192,5.019082
2184733190.571174,1.2646140000000001
2184733192.314563,1.6759050000000002
2184733193.345065,0.98736
2184733197.656597,4.256379
2184733198.285376,0.593571
2184733204.7419677,6.415767
2184733213.061524,8.286234
2184733214.044755,0.951793
2184733215.278187,1.199025
2184733222.247838,6.9372050000000005
2184733224.047324,1.757596
2184733233.956255,9.863176
2184733234.98265,0.9751799999999999
2184733243.220269,8.196895
2184733245.0353193,1.767088
2184733256.341774,11.253816
2184733263.9090548,7.526234
2184733280.1205688,16.179395999999997
2184733284.379047,4.228974
2184733289.596014,5.179238
2184733295.92815,6.306407
2184733296.697797,0.742047
2184733297.12051,0.391655
2184733297.840164,0.6911550000000001
2184733300.3531437,2.483435
2184733301.3227897,0.935249
2184733305.75218,4.3860790000000005
2184733309.569812,3.7663729999999997
2184733316.427933,6.8254850000000005
2184733322.4126806,5.951091000000001
2184733323.5833693,1.114514
2184733324.143625,0.5018689999999999
2184733325.666809,1.4609370000000002
2184733326.224846,0.5001559999999999
2184733327.778614,1.49548
2184733329.582276,1.744028
2184733335.796563,6.18391
2184733336.946716,1.125247
2184733337.4582562,0.468053
2184733344.262642,6.7770019999999995
2184733349.071544,4.774348000000001
2184733358.512263,9.410112999999999
2184733363.600562,5.0476
2184733364.9019527,1.249126
2184733366.001724,1.021175
2184733367.253818,1.178006
2184733368.529371,1.203673
2184733376.999804,8.392847999999999
2184733377.951909,0.903157
2184733378.570444,0.591366
2184733379.449912,0.847052
2184733380.044658,0.552311
2184733380.775662,0.703724
2184733381.566266,0.764502
2184733390.3826323,8.790253
2184733391.48813,1.081298
2184733392.3161397,0.796416
2184733397.918743,5.558927
2184733404.095097,6.147088
2184733408.3398137,4.20915
2184733409.365437,0.9754609999999999
2184733410.265297,0.862252
2184733411.241389,0.939061
2184733418.043161,6.755241000000001
2184733419.405744,1.328907
2184733424.46208,5.019591
2184733425.321396,0.7814490000000001
2184733429.399618,4.025695
2184733430.834743,1.391104
2184733432.547552,1.655398
2184733434.386088,1.7844090000000001
2184733435.407184,0.968391
2184733435.9705367,0.531553
2184733441.6264143,5.612469999999999
2184733443.00089,1.336218
2184733448.694997,5.661001
2184733450.506556,1.768627
2184733452.72224,2.163039
2184733454.145595,1.378535
2184733454.946897,0.76664
2184733460.3150964,5.3060160000000005
2184733467.789568,7.411563
2184733468.831852,0.980593
2184733469.248681,0.37265600000000004
2184733470.445927,1.152636
2184733471.612676,1.1207820000000002
2184733479.5004983,7.843661
2184733481.170508,1.64342
2184733490.7423797,9.530156999999999
2184733491.691151,0.886326
2184733502.815773,11.067172
2184733504.181524,1.314875
2184733509.052911,4.827481
2184733509.823457,0.731314
2184733515.188303,5.33422
2184733524.993077,9.766800000000002
2184733533.4618278,8.430293
2184733537.483843,3.977906
2184733542.1589136,4.631655
2184733543.169704,0.965467
2184733549.566078,6.351582
2184733550.556384,0.946285
2184733557.5213337,6.921187
2184733560.811813,3.258647
2184733561.418374,0.5734699999999999
2184733562.261084,0.806854
2184733568.818788,6.520699
2184733570.053874,1.1987219999999998
2184733570.907475,0.825955
2184733572.1979527,1.26061
2184733573.39468,1.157608
2184733574.318668,0.887505
2184733575.4632907,1.095934
2184733576.319577,0.819416
2184733577.586333,1.2240090000000001
2184733586.081634,8.411297
2184733586.902443,0.794245
2184733587.97144,1.041637
2184733593.191982,4.933874
2184733594.169858,0.900499
2184733601.347884,7.136891
2184733602.115292,0.733856
2184733603.294982,1.116013
2184733611.580965,8.247687
2184733612.635668,1.008856
2184733613.377748,0.690566
2184733615.024282,1.594078
2184733622.105271,7.001247
2184733628.805657,6.512286
2184733630.0700817,1.0757889999999999
2184733630.983539,0.882385
2184733631.950383,0.937344
2184733636.822518,4.836384
2184733641.243977,4.380702
2184733641.924064,0.638245
2184733646.059835,4.093558
2184733650.929399,4.8332440000000005
2184733652.225966,1.258874
2184733657.332278,5.054996
2184733658.905252,1.5160040000000001
2184733659.926387,0.965676
2184733664.955081,4.970146
2184733665.915524,0.9191079999999999
2184733671.502831,5.543792
2184733684.351921,12.813511
2184733696.150704,11.758443
2184733700.3630652,4.177201
2184733715.949749,15.552516
2184733717.483167,1.503796
2184733728.368514,10.854469
2184733731.083099,2.6721779999999997
2184733731.926444,0.7886599999999999
2184733739.991763,8.029746000000001
2184733769.046008,28.984445
2184733769.6766987,0.585124
2184733773.870444,4.165335
2184733801.640653,27.733595
2184733810.389912,8.706004
2184733812.626978,2.189416
2184733813.309075,0.644118
2184733816.364368,2.9981750000000003
2184733824.202415,7.792044
2184733851.0604143,26.792455999999998
2184733851.511631,0.415533
2184733852.212785,0.648489
2184733861.765404,9.505482
2184733864.1179504,2.2913
2184733871.706259,7.539587
2184733872.801887,1.019123
2184733878.819879,5.963533
2184733879.4139347,0.566893
2184733879.9291577,0.48390299999999997
2184733884.25418,4.2955190000000005
2184733885.313035,1.019725
2184733886.100645,0.755032
2184733894.27223,8.138648
2184733900.71338,6.375272000000001
2184733901.6444798,0.8919969999999999
2184733908.7498083,7.047632
2184733920.321972,11.536961999999999
2184733924.657029,4.306258000000001
2184733931.400537,6.71795
2184733939.500647,8.074314000000001
2184733947.565826,8.026151
2184733948.348475,0.730758
2184733949.164037,0.770997
2184733953.755236,4.539412
2184733957.522133,3.706233
2184733960.032721,2.473921
2184733961.243486,1.157209
2184733961.897728,0.6214109999999999
2184733962.407125,0.472251
2184733963.183562,0.707694
2184733963.7957892,0.565483
2184733964.65813,0.820579
2184733971.067363,6.378913
2184733980.270878,9.164997
2184733981.549838,1.236469
2184733989.1164618,7.513465
2184733998.85643,9.685845
2184733999.8315253,0.897975
2184734000.7453213,0.868637
2184734001.999654,1.213023
2184734009.940088,7.912107999999999
2184734010.837902,0.869816
2184734016.255246,5.389760000000001
2184734021.395922,5.10945
2184734022.313002,0.885
2184734029.016911,6.668724
2184734035.376249,6.325304
2184734036.3694377,0.952585
2184734037.719184,1.2913320000000001
2184734038.4535284,0.689407
2184734054.695569,16.194396
2184734055.842927,1.105801
2184734056.3724732,0.48834400000000006
2184734057.761338,1.355361
2184734058.7673507,0.968459
2184734064.4012113,5.57083
2184734065.494956,1.053658
2184734072.987121,7.453228
2184734073.6125226,0.5962419999999999
2184734074.4096293,0.757732
2184734074.728648,0.292365
2184734075.724425,0.961098
2184734083.889603,8.125337
2184734084.90751,0.986806
2184734090.662478,5.713957000000001
2184734095.010917,4.3192509999999995
2184734096.027337,0.989717
2184734097.394259,1.337158
2184734098.594955,1.164429
2184734106.073165,7.441370999999999
2184734110.830983,4.703894999999999
2184734111.88592,1.011653
2184734112.388659,0.460997
2184734124.4630632,12.029951
2184734131.8071017,7.306389
2184734140.14735,8.303533999999999
2184734141.1511793,0.9764240000000001
2184734141.7390733,0.5501119999999999
2184734151.670157,9.891347999999999
2184734154.8780947,3.16846
2184734155.961893,1.0530059999999999
2184734160.682934,4.688465
2184734162.865959,2.1475370000000003
2184734173.159405,10.251190000000001
2184734176.609435,3.415269
2184734184.2945313,7.648846
2184734192.575415,8.2531
2184734197.781325,5.170851
2184734205.2951922,7.182840000000001
2184734212.4921,7.159187
2184734222.4974756,9.923981
2184734224.9356003,2.3745659999999997
2184734233.449458,8.457124
2184734234.905415,1.395087
2184734242.1164646,7.144555
2184734243.260026,1.070855
2184734249.105554,5.776904
2184734260.495102,11.353965
2184734261.550622,1.0051560000000002
2184734262.9211044,1.3416910000000002
2184734263.888956,0.937481
2184734270.401977,6.484643
2184734277.5766892,7.147014
2184734288.466198,10.844025
2184734289.800221,1.289082
2184734298.554842,8.722155
2184734299.069325,0.48278299999999996
2184734304.22479,5.12698
2184734310.9696994,6.713724
2184734312.5460477,1.528758
2184734314.154512,1.5485309999999999
2184734324.252027,10.016852
2184734331.9289384,7.634417999999999
2184734354.3947573,22.417040999999998
2184734364.162177,9.726187000000001
2184734372.816443,8.6216
2184734374.094083,1.237234
2184734374.976828,0.838907
2184734375.708142,0.691575
2184734387.921525,12.172461
2184734394.173766,6.211637
2184734395.393657,1.186916
2184734397.17129,1.7490240000000001
2184734397.81076,0.605298
2184734406.0769587,8.229132
2184734409.53966,3.43269
2184734418.468264,8.874127000000001
2184734420.062024,1.534558
2184734421.2770166,1.170288
2184734422.117414,0.8084760000000001
2184734423.116268,0.969137
2184734427.573443,4.4284859999999995
2184734436.268829,8.661551
2184734444.31626,8.010806
2184734445.482885,1.126525
2184734452.803053,7.2846530000000005
2184734458.559319,5.706265
2184734460.155756,1.5691609999999998
2184734460.595449,0.40579800000000005
2184734461.7016816,1.07496
2184734465.465704,3.732581
2184734465.890308,0.394324
2184734469.034052,3.0999019999999997
2184734469.4990783,0.422863
2184734470.035551,0.502504
2184734471.259476,1.177865
2184734471.848963,0.5453809999999999
2184734477.377417,5.490537
2184734485.0044208,7.578798
2184734485.9862456,0.930226
2184734486.680103,0.65968
2184734487.431529,0.71636
2184734496.2483473,8.767962
2184734504.694602,8.405473
2184734511.506137,6.732167
2184734512.3043566,0.770227
2184734519.483212,7.1469000000000005
2184734520.9855914,1.451525
2184734521.781125,0.754882
2184734522.664664,0.835407
2184734527.4539843,4.742265
2184734528.4399347,0.910928
2184734532.881577,4.4012720000000005
2184734533.664917,0.745756
2184734552.442012,18.739556
2184734553.3480377,0.859471
2184734554.193216,0.807571
2184734554.733473,0.502255
2184734555.787527,0.996502
2184734556.44266,0.6162299999999999
2184734557.439622,0.961511
2184734558.721481,1.243095
2184734559.525138,0.761849
2184734560.850882,1.2859340000000001
2184734561.972311,1.067562
2184734562.78824,0.774517
2184734568.2865844,5.458455
2184734574.362996,6.039459
2184734580.587256,6.188743
2184734581.681887,1.060187
2184734582.903462,1.182099
2184734584.229472,1.2822129999999998
2184734585.319914,1.044733
2184734587.3853254,2.000506
2184734592.046445,4.624797
2184734593.3284802,1.251678
2184734593.757667,0.39727399999999996
2184734595.42739,1.273001
2184734599.519178,4.046635
2184734600.187534,0.641607
2184734607.69965,7.471427
2184734608.499969,0.769532
2184734610.046607,1.495868
2184734618.220376,8.139317
2184734626.830359,8.547514000000001
2184734631.4255443,4.526296
2184734632.255767,0.8024
2184734636.801477,4.516907
2184734642.224985,5.392443
2184734643.4551973,1.195226
2184734644.03257,0.525595
2184734644.906695,0.815511
2184734653.248035,8.303139
2184734653.9847293,0.692489
2184734654.770764,0.7482030000000001
2184734655.832273,0.995788
2184734657.161009,1.279487
2184734661.986959,4.789484
2184734667.989526,5.956783000000001
2184734677.156725,9.1062
2184734678.1491504,0.947482
2184734678.616894,0.412105
2184734683.526416,4.803377
2184734700.3295527,16.766659999999998
2184734707.150698,6.780246
2184734715.1752048,7.97957
2184734716.639953,1.4360009999999999
2184734722.638361,5.969138
2184734723.631557,0.9594039999999999
2184734731.210969,7.550086
2184734737.133009,5.876746000000001
2184734738.337065,1.17064
2184734739.3584976,0.9840540000000001
2184734740.220034,0.756783
2184734741.810381,1.516948
2184734746.0452743,4.173444999999999
2184734746.578116,0.48405600000000004
2184734747.352997,0.739561
2184734752.427935,5.040261
2184734753.169763,0.69706
2184734754.310086,1.109905
2184734755.468666,1.117631
2184734761.0127,5.514459
2184734767.078479,5.984321
2184734775.424101,8.299197
2184734788.254317,12.782384
2184734804.489591,16.193073
2184734810.103014,5.574191
2184734814.994931,4.852495
2184734819.434967,4.4043470000000005
2184734827.8558607,8.384516999999999
2184734832.55149,4.649879
2184734833.4997163,0.9124899999999999
2184734834.4556584,0.927068
2184734835.493964,1.0074100000000001
2184734835.849729,0.31949
2184734842.228363,6.351926
2184734849.2644777,7.0031039999999996
2184734850.709847,1.392671
2184734851.1993847,0.43469800000000003
2184734857.375042,6.127632
2184734863.68356,6.275854
2184734865.1234393,1.405068
2184734873.743087,8.564176
2184734879.994311,6.1875610000000005
2184734881.3430142,1.288688
2184734882.500173,1.103635
2184734889.992274,7.443901
2184734895.734986,5.710221
2184734896.732488,0.954109
2184734897.917475,1.139794
2184734899.404663,1.43333
2184734908.711535,9.254047
2184734916.353187,7.609775
2184734916.760444,0.379466
2184734918.0654564,1.2749320000000002
2184734922.740553,4.64183
2184734930.511695,7.743739000000001
2184734940.51485,9.968864
2184734946.8408737,6.2787299999999995
2184734947.4249372,0.5274369999999999
2184734956.741559,9.270108
2184734958.700683,1.9033209999999998
2184734959.170515,0.434382
2184734959.7296762,0.5208940000000001
2184734961.995062,2.214639
2184734968.23444,6.180984
2184734969.5384583,1.2635070000000002
2184734975.77012,6.191865
2184734983.091481,7.292876000000001
2184734986.631656,3.504895
2184734987.8901567,1.228341
2184734994.790811,6.867545
2184734996.216474,1.337699
2184734996.778207,0.520637
2184735004.1078277,7.29228
2184735010.322352,6.187639
2184735015.719615,5.363369
2184735016.978027,1.217227
2184735017.8788753,0.8555900000000001
2184735018.9441543,1.025091
2184735023.485227,4.50091
2184735024.533753,1.008998
2184735031.607966,7.033701
2184735048.508126,16.86666
2184735050.243689,1.6881140000000001
2184735052.267447,1.9800909999999998
2184735053.644248,1.335326
2184735061.697693,8.016936000000001
2184735072.370449,10.63681
2184735078.37625,5.966502
2184735085.328627,6.913735
2184735096.535461,11.158295
2184735102.9807024,6.413584
2184735104.0253263,1.015971
2184735104.6263633,0.569543
2184735108.923119,4.270010999999999
2184735109.376077,0.42562999999999995
2184735113.307176,3.890437
2184735114.296814,0.949357
2184735115.832706,1.47719
2184735125.918412,9.856649
2184735127.321652,1.3567239999999998
2184735128.045051,0.682523
2184735129.028317,0.934794
2184735130.0001497,0.93098
2184735134.977683,4.923512
2184735136.144327,1.135704
2184735143.5402493,7.361829999999999
2184735147.937798,4.360424
2184735154.0352216,6.016119000000001
2184735155.117454,1.0508060000000001
2184735155.92239,0.739889
2184735161.348719,5.367214000000001
2184735161.8810797,0.493319
2184735163.321402,1.407307
2184735168.110263,4.744828
2184735169.634881,1.4656689999999999
2184735170.3983645,0.726401
2184735174.9503894,4.51181
2184735183.342665,8.356758000000001
2184735184.6326222,1.2426329999999999
2184735185.4615293,0.760097
2184735189.264925,3.7561299999999997
2184735192.961446,3.6623010000000003
2184735193.9032774,0.904731
2184735194.727738,0.782976
2184735201.325739,6.543237
2184735202.3712296,1.0136209999999999
2184735203.210566,0.810016
2184735209.316975,6.078314
2184735210.900578,1.5565
2184735215.504768,4.553901
2184735216.621854,1.0860480000000001
2184735217.591589,0.928509
2184735223.5681114,5.936215
2184735224.407076,0.805224
2184735225.6617846,1.2138010000000001
2184735226.227255,0.529201
2184735227.5799003,1.31325
2184735228.350163,0.734911
2184735229.034784,0.646565
2184735230.9557233,1.87928
2184735239.5231047,8.528880000000001
2184735243.5195303,3.6266990000000003
2184735245.117292,0.857005
2184735246.2439437,1.0913599999999999
2184735249.3927817,3.121439
2184735253.29206,3.8635409999999997
2184735253.998147,0.6761309999999999
2184735265.671794,11.636959000000001
2184735266.995569,1.293547
2184735271.8088546,4.781836
2184735277.058122,5.204435
2184735278.571646,1.470682
2184735279.407309,0.793539
2184735289.330319,9.884212999999999
2184735290.34915,0.980956
2184735291.542286,1.157311
2184735292.4076953,0.829872
2184735301.560971,9.115502
2184735311.023687,9.429416
2184735318.230585,7.180525
2184735319.541036,1.262235
2184735320.8309083,1.241433
2184735321.4353013,0.563326
2184735322.712573,1.2106720000000002
2184735324.106805,1.356744
2184735325.109564,0.945065
2184735325.544227,0.401899
2184735331.8573933,6.281221
2184735338.572679,6.681641
2184735340.204336,1.5639210000000001
2184735341.492715,1.2392150000000002
2184735355.9235573,14.391391
2184735357.66189,1.699398
2184735358.371326,0.6848380000000001
2184735359.222814,0.818281
2184735367.961997,8.711681
2184735375.875152,7.879776999999999
2184735376.5967627,0.6879609999999999
2184735383.435856,6.793863
2184735386.917962,3.4459310000000003
2184735387.546874,0.590708
2184735388.9946527,1.3924409999999998
2184735393.738134,4.703795
2184735399.531373,5.752408
2184735408.453393,8.887551
2184735412.406987,3.660866
2184735413.629941,1.0678249999999998
2184735414.8764157,1.183781
2184735424.3017387,9.384607999999998
2184735433.3036222,8.971476000000001
2184735434.673234,1.3277199999999998
2184735435.822777,1.107917
2184735436.684599,0.818796
2184735444.29409,7.562298999999999
2184735448.301543,3.973318
2184735449.489171,1.135917
2184735455.38762,5.8191559999999996
2184735470.206621,14.745246999999999
2184735481.301364,11.054481
2184735487.296028,5.7409289999999995
2184735492.505101,5.167427
2184735508.726391,16.166056
2184735513.793839,4.877458000000001
2184735521.417146,7.584428
2184735522.482497,1.036864
2184735528.7707176,6.250727
2184735534.943664,6.142082
2184735535.828644,0.8431839999999999
2184735541.350622,5.488687
2184735543.8128552,2.425065
2184735549.6929617,5.825499
2184735550.617286,0.8718899999999999
2184735552.268643,1.142157
2184735558.24193,5.9088270000000005
2184735564.2917337,6.005737
2184735565.394973,1.072581
2184735566.47242,1.046579
2184735572.365294,5.863319
2184735573.230106,0.8264849999999999
2184735578.573217,5.305998
2184735579.496818,0.8969670000000001
2184735586.211733,6.442871
2184735587.3079343,1.0668039999999999
2184735594.25786,6.91779
2184735595.1767697,0.886561
2184735601.8650804,6.652827
2184735608.660094,6.76108
2184735609.939212,1.233184
2184735613.052696,3.068158
2184735621.193388,8.109708
2184735622.631549,1.3878650000000001
2184735628.372262,5.711451
2184735633.96798,5.5599229999999995
2184735638.184123,4.163421
2184735644.695358,6.465925
2184735648.7601,4.004879
2184735656.188667,7.3775450000000005
2184735664.586791,8.362603
2184735669.310314,4.6793260000000005
2184735670.885993,1.533684
2184735672.093727,1.156415
2184735678.101874,5.962963
2184735679.789845,1.648852
2184735680.141475,0.309341
2184735680.537588,0.351179
2184735681.732327,1.1597929999999999
2184735687.486448,5.709895
2184735693.0095468,5.493771
2184735697.414554,4.361164
2184735698.503324,1.040507
2184735699.663422,1.1181159999999999
2184735700.458122,0.7433029999999999
2184735702.374633,1.864202
2184735706.320607,3.897068
2184735716.0629377,9.706707
2184735725.474514,9.361893
2184735735.959592,10.447771
2184735743.364142,7.370354
2184735755.805809,12.321067999999999
2184735761.411822,5.562684
2184735761.8660393,0.41733200000000004
2184735766.607546,4.713481000000001
2184735768.0638537,1.416782
2184735772.355448,4.2606
2184735773.43428,1.0386149999999998
2184735773.99639,0.519405
2184735777.0982738,3.060693
2184735778.178529,1.0413569999999999
2184735778.7823133,0.5619620000000001
2184735779.86752,1.027083
2184735781.152826,1.243945
2184735782.0151167,0.82381
2184735788.0621257,6.006446
2184735789.027328,0.927033
2184735789.957203,0.893212
2184735790.497396,0.5055339999999999
2184735791.52805,0.994546
2184735792.991517,1.427676
2184735800.455029,7.433426
2184735804.501866,4.020518
2184735814.98827,10.442002
2184735816.081758,1.064302
2184735824.421452,8.31007
2184735825.145204,0.684717
2184735832.6205063,7.434743
2184735841.159828,8.493399
2184735843.109329,1.908941
2184735844.283341,1.138894
2184735845.015708,0.6895370000000001
2184735845.618798,0.573896
2184735852.321393,6.6717390000000005
2184735854.472632,2.115811
2184735855.414798,0.906996
2184735868.398915,12.933114000000002
2184735869.580674,1.143586
2184735877.004838,7.386852
2184735880.533815,3.499381
2184735888.737629,8.172649
2184735889.504313,0.7157129999999999
2184735890.339279,0.7793159999999999
2184735904.416692,14.025447
2184735906.375303,1.923649
2184735913.051661,6.64366
2184735913.7766423,0.673197
2184735917.325615,3.52213
2184735918.974074,1.6027369999999999
2184735919.790667,0.7848109999999999
2184735920.623099,0.801845
2184735921.279203,0.619334
2184735922.280911,0.95358
2184735928.54134,6.231441
2184735929.030676,0.45714699999999997
2184735930.2094193,1.1415119999999999
2184735935.529134,5.287366
2184735940.664628,5.10064
2184735944.378293,3.657241
2184735948.3639073,3.9375069999999996
2184735949.319489,0.90125
2184735954.685685,5.329142
2184735955.550647,0.833823
2184735961.483079,5.9006359999999995
2184735966.468798,4.957456
2184735967.2797203,0.782989
2184735974.283719,6.975099
2184735975.001985,0.681275
2184735976.621347,1.5655210000000002
2184735982.879698,6.128242
2184735989.0214443,6.087928000000001
2184735990.723469,1.654503
2184735997.355199,6.5744419999999995
2184736024.431606,27.021795
2184736058.1319613,33.666843
2184736063.89544,5.730874
2184736064.472912,0.5408639999999999
2184736064.893968,0.36736800000000003
2184736067.792326,2.870533
2184736068.397867,0.568788
2184736070.925613,2.489396
2184736073.765281,2.8049
2184736077.758307,3.9405000000000006
2184736080.729414,2.924296
2184736104.376022,23.589304
2184736129.3848057,24.701596
2184736132.746927,3.319937
2184736134.206473,1.411247
2184736134.5111427,0.272565
2184736140.086236,5.5364949999999995
2184736140.6504173,0.5252
2184736144.3106046,3.6331979999999997
2184736146.967195,2.6255330000000003
2184736147.493409,0.49584100000000003
2184736150.185487,2.524851
2184736169.679641,19.312962
2184736173.478083,3.7644480000000002
2184736174.111348,0.5725520000000001
2184736174.5274377,0.359736
2184736178.0440907,3.423302
2184736179.058229,0.9398810000000001
2184736184.070813,4.966509
2184736206.4380956,22.046686
2184736210.303554,3.821784
2184736213.547695,3.202621
2184736216.028051,2.442708
2184736220.635375,4.5558939999999994
2184736221.614769,0.844962
2184736224.407967,2.745383
2184736242.1645,17.687601
2184736243.6130238,1.102738
2184736244.988265,1.301417
2184736246.203858,1.14557
2184736254.102607,7.828418999999999
2184736255.1605363,1.021579
2184736261.6370373,6.448407
2184736262.201625,0.529109
2184736269.544397,7.306874
2184736270.469157,0.889458
2184736275.3866477,4.8798699999999995
2184736276.667606,1.2438230000000001
2184736277.580393,0.867216
2184736282.309545,4.685242
2184736283.397623,1.0574340000000002
2184736287.91533,4.483662
2184736293.9114823,5.9495260000000005
2184736294.740148,0.785087
2184736301.990095,7.187717
2184736303.3247957,1.3008279999999999
2184736304.2713337,0.914365
2184736307.7277813,3.42763
2184736308.5991793,0.841599
2184736309.14429,0.5073840000000001
2184736310.035222,0.863743
2184736311.440509,1.376118
2184736312.33768,0.863868
2184736317.287518,4.921183
2184736326.2600217,8.937076000000001
2184736332.3512154,6.05744
2184736339.3238254,6.9353940000000005
2184736346.938665,7.581328
2184736352.181237,5.19005
2184736353.207517,0.9931099999999999
2184736354.640334,1.404181
2184736359.513721,4.835094
2184736364.5231857,4.976029
2184736370.8507347,6.25286
2184736372.341184,1.122266
2184736376.263069,3.8202879999999997
2184736381.504025,5.207524
2184736388.023716,6.472874
2184736395.498612,7.4367
2184736396.562378,1.031499
2184736403.801303,7.201398999999999
2184736408.985665,5.144646
2184736409.996488,0.961063
2184736417.0841928,7.038678
2184736417.400918,0.28025100000000003
2184736423.722045,6.237271
2184736424.9709177,1.216611
2184736426.169923,1.148201
2184736438.022792,11.816136
2184736446.691405,8.517596000000001
2184736448.26863,1.52575
2184736449.37145,1.003633
2184736450.6306367,1.213735
2184736459.1775403,8.504825
2184736480.337298,21.120131999999998
2184736484.249847,3.8718860000000004
2184736489.7805934,5.492038
2184736494.280312,4.437746000000001
2184736497.17532,2.85018
2184736505.6037426,8.37242
2184736516.549352,10.917702
2184736517.850461,1.264567
2184736524.349008,6.458043
2184736525.4923153,1.1125550000000002
2184736528.250092,2.725342
2184736529.213972,0.925505
2184736530.390741,1.137719
2184736533.93117,3.512966
2184736534.7875,0.817832
2184736535.401391,0.574118
2184736543.507577,7.861711000000001
2184736550.0998583,6.551877
2184736550.91972,0.7921640000000001
2184736551.594932,0.648094
2184736553.036057,1.407101
2184736553.951025,0.881512
2184736554.942722,0.9641810000000001
2184736556.243959,1.271241
2184736561.883913,5.587733999999999
2184736562.846437,0.927586
2184736568.115904,5.222714
2184736568.851857,0.705865
2184736569.7415934,0.845706
2184736570.2644863,0.48063799999999995
2184736575.685265,5.380134
2184736579.518238,3.790361
2184736583.810286,4.252149999999999
2184736585.103623,1.250211
2184736600.540545,15.397332
2184736612.013782,11.425278
2184736632.1017847,20.048251999999998
2184736635.397207,3.264927
2184736638.634702,3.2065029999999997
2184736641.228529,2.5665649999999998
2184736670.373846,29.119866000000002
2184736672.341452,1.917052
2184736675.15623,2.788678
2184736678.5889163,3.393943
2184736700.750339,22.113487000000003
2184736704.179674,3.3934759999999997
2184736704.7491703,0.537821
2184736709.839425,5.016603
2184736726.5377283,16.626424
2184736727.37713,0.667498
2184736742.2984114,14.892755000000001
2184736754.39417,12.03569
2184736756.414405,1.982231
2184736769.230729,12.745856999999999
2184736771.25938,1.967979
2184736772.9995956,1.674458
2184736780.447213,7.396007
2184736783.78,3.2926610000000003
2184736798.287498,14.174963
2184736800.405254,2.048835
2184736801.66004,1.212842
2184736812.2890882,10.592084
2184736823.972786,11.538378999999999
2184736824.3349757,0.314848
2184736830.616774,6.249107
2184736833.89818,3.2413390000000004
2184736834.607276,0.653637
2184736846.468999,11.813778000000001
2184736849.820447,3.300538
2184736850.378652,0.509369
2184736856.139664,5.711064
2184736863.090155,6.89184
2184736864.701841,1.575744
2184736865.471361,0.728765
2184736868.371311,2.8643549999999998
2184736875.583171,7.172051
2184736887.349029,11.680643
2184736892.334829,4.9543
2184736899.0865507,6.7192359999999995
2184736905.9343233,6.645703
2184736911.448705,5.4644580000000005
2184736912.220927,0.726912
2184736920.168083,7.893978
2184736921.606731,1.3878320000000002
2184736927.10778,5.44837
2184736928.222486,1.0789
2184736929.898842,1.598883
2184736930.7132907,0.763316
2184736931.8795652,1.114636
2184736932.817779,0.8787320000000001
2184736934.110863,1.2525819999999999
2184736935.418963,1.2665840000000002
2184736936.849181,1.391317
2184736943.430148,6.547413000000001
2184736944.283314,0.825805
2184736945.311513,0.830654
2184736951.535324,6.191566
2184736952.688642,1.124126
2184736960.952351,8.217398000000001
2184736963.164527,2.176472
2184736963.921173,0.714909
2184736970.885443,6.926871
2184736971.7181993,0.784004
2184736976.9302707,5.1673659999999995
2184736982.0102334,5.015401
2184736990.865808,8.816849999999999
2184736991.957188,1.051944
2184736999.122038,7.094256000000001
2184737000.514062,1.352992
2184737004.330108,3.767618
2184737011.6366687,7.2621020000000005
2184737016.212605,4.513764
2184737024.4293737,8.180636
2184737029.027807,4.572564000000001
2184737033.779322,4.724584
2184737042.444511,8.639731
2184737043.573705,1.080839
2184737052.501913,8.881392
2184737058.70535,6.167376
2184737066.447698,7.702417
2184737071.56642,5.065264
2184737077.53684,5.914124
2184737078.5012197,0.935376
2184737088.4251537,9.873631000000001
2184737089.723272,1.250014
2184737091.031817,1.227183
2184737096.984362,5.901540000000001
2184737098.083165,1.063409
2184737098.633006,0.514
2184737104.8494678,6.1822420000000005
2184737109.392085,4.516705
2184737114.449367,5.004918
2184737123.57018,9.049617
2184737125.286011,1.670194
2184737129.818235,4.496168
2184737130.777206,0.929095
2184737131.343656,0.375104
2184737132.390738,1.0180799999999999
2184737133.2262087,0.762279
2184737139.993041,6.725469
2184737141.357549,1.307335
2184737145.417794,3.962768
2184737147.169055,1.704635
2184737154.728751,7.5231580000000005
2184737160.7688828,5.979531
2184737162.158271,1.356155
2184737163.392909,1.1630200000000002
2184737167.732322,4.290249
2184737175.708929,7.942575000000001
2184737179.172953,3.428551
2184737180.352172,1.144905
2184737184.7539277,4.359915
2184737186.098456,1.295878
2184737186.7882347,0.6459929999999999
2184737188.3325357,1.475887
2184737189.6489778,1.2512400000000001
2184737194.7690344,5.055864000000001
2184737199.856672,5.030291
2184737206.587098,6.701651
2184737208.27523,1.647497
2184737209.785336,1.457411
2184737215.367836,5.538975
2184737236.57561,21.166916
2184737237.691208,1.0728689999999999
2184737238.681251,0.9507199999999999
2184737246.745451,7.313109
2184737247.832703,1.061718
2184737248.548674,0.684998
2184737254.846924,6.246834
2184737261.810022,6.926615
2184737269.529123,7.686401
2184737278.257093,8.689248000000001
2184737279.006899,0.712698
2184737282.9713326,3.926481
2184737284.954391,1.931644
2184737291.4512644,6.443559
2184737292.366088,0.879783
2184737293.689403,1.2761820000000001
2184737300.159692,6.425503
2184737306.8265553,6.630229
2184737310.5735927,3.698238
2184737316.815674,6.206105
2184737317.88402,1.0164060000000001
2184737332.3668947,14.444915
2184737338.389491,5.9816210000000005
2184737339.572689,1.112748
2184737341.181857,1.571645
2184737345.093099,3.881821
2184737345.556996,0.44054899999999997
2184737351.405408,5.82178
2184737358.038079,6.607216
2184737365.589608,7.445021
2184737367.352663,1.699244
2184737374.43409,7.029734
2184737381.56865,7.0758030000000005
2184737387.6624722,6.05976
2184737389.257763,1.548341
2184737389.622891,0.33032500000000004
2184737394.837124,5.1710519999999995
2184737402.951587,7.800863
2184737410.7893004,7.790115
2184737414.015727,3.178832
2184737418.846411,4.751837
2184737419.7387238,0.843145
2184737424.3364058,4.539038
2184737425.479527,1.1032710000000001
2184737434.5303273,8.968281999999999
2184737435.920162,1.3336109999999999
2184737444.555813,8.219143
2184737445.675961,1.082595
2184737451.03137,5.319784
2184737456.24429,5.181972
2184737457.459101,1.170586
2184737464.0737896,6.566093
2184737464.657433,0.547119
2184737465.375833,0.6695260000000001
2184737470.493362,5.076258999999999
2184737471.578925,1.046303
2184737472.130871,0.507904
2184737472.849168,0.68012
2184737474.090017,1.203545
2184737475.410707,1.281424
2184737476.676705,0.937728
2184737477.723658,0.823412
2184737484.462367,6.6750560000000005
2184737485.506406,1.015661
2184737486.360765,0.825346
2184737495.0258803,8.636448999999999
2184737502.2827,7.219686
2184737504.2107162,1.875638
2184737505.3274093,1.072676
2184737506.445408,1.067822
2184737512.860999,6.379513
2184737514.825207,1.928312
2184737516.106441,1.224137
2184737517.500646,1.3556650000000001
2184737532.342731,14.806159
2184737538.440793,6.062812
2184737547.307608,8.833957999999999
2184737554.83976,7.495155
2184737561.4047966,6.530191
2184737567.141155,5.695755999999999
2184737568.466547,1.26275
2184737572.9806304,4.458747
2184737573.237429,0.231157
2184737574.065887,0.800142
2184737574.7375712,0.634769
2184737575.546815,0.781622
2184737580.8895926,5.312277
2184737582.1202526,1.193185
2184737583.785542,1.609934
2184737584.48673,0.6637909999999999
2184737588.060134,3.349205
2184737589.44535,1.352602
2184737590.4625807,0.974376
2184737591.970871,1.472722
2184737593.409569,1.379462
2184737594.9774284,1.513585
2184737604.35239,9.338722
2184737605.270925,0.890203
2184737605.742752,0.432726
2184737611.7518044,5.966008
2184737612.71234,0.929413
2184737618.410103,5.650509
2184737620.233556,1.783406
2184737622.1422043,1.847591
2184737627.33422,5.158136
2184737628.065286,0.702575
2184737628.670624,0.5651039999999999
2184737635.183854,6.478842
2184737642.030653,6.806139999999999
2184737647.89257,5.807979
2184737648.895763,0.954931
2184737650.233179,1.297779
2184737652.871806,2.5854179999999998
2184737653.61345,0.680899
2184737654.757002,1.0854000000000001
2184737658.814956,4.016149
2184737660.569498,1.695394
2184737661.958723,1.326867
2184737667.218299,5.229045
2184737674.25133,7.007000000000001
2184737681.0678787,6.78832
2184737683.5824723,2.469859
2184737684.223361,0.594734
2184737692.733089,8.471207999999999
2184737693.440272,0.662912
2184737698.679387,5.192489
2184737705.348571,6.621196
2184737706.651989,1.24968
2184737715.146997,8.433823
2184737716.206506,1.0218530000000001
2184737717.295071,1.0452110000000001
2184737718.347567,1.012536
2184737719.684557,1.283789
2184737721.580837,1.853427
2184737722.9221683,1.298591
2184737723.7939672,0.8306220000000001
2184737731.4337173,7.600287
2184737740.7035737,9.242876
2184737742.636438,1.849846
2184737749.989422,7.291248
2184737750.941671,0.925939
2184737751.9039497,0.932702
2184737758.119088,6.155073
2184737758.8092427,0.6650379999999999
2184737759.839308,0.989783
2184737763.250032,3.376414
2184737764.344894,1.0614190000000001
2184737765.0860233,0.704441
2184737766.103495,0.963177
2184737774.061925,7.922409
2184737775.452373,1.3391279999999999
2184737782.051661,6.546805999999999
2184737782.917674,0.804871
2184737788.450043,5.488599000000001
2184737795.485125,6.997414
2184737801.2986526,5.788131
2184737808.266087,6.936251
2184737815.867398,7.571425
2184737817.569303,1.6536739999999999
2184737818.5650153,0.95002
2184737819.634131,1.028508
2184737826.2021213,6.527854
2184737832.290102,6.00719
2184737833.5342293,0.847561
2184737834.783285,1.2006409999999998
2184737835.650734,0.825767
2184737835.9868846,0.303277
2184737843.639152,7.594372
2184737845.571681,1.8972660000000001
2184737854.552616,8.939347999999999
2184737856.014139,1.383829
2184737861.9659624,5.869057
2184737869.228128,7.225149999999999
2184737874.957654,5.627405
2184737880.981446,5.979303
2184737881.652241,0.614487
2184737888.2798634,6.585089
2184737897.6342797,9.31527
2184737898.900942,1.217678
2184737900.245215,1.29456
2184737908.360522,8.071745
2184737914.44596,6.050285
2184737915.727593,1.227124
2184737916.333742,0.5683389999999999
2184737917.2828083,0.9058719999999999
2184737925.214448,7.892925
2184737926.24076,0.9908759999999999
2184737927.900896,1.6223990000000001
2184737928.915977,0.980678
2184737929.998084,1.044343
2184737936.1445203,6.111092
2184737943.988681,7.7859169999999995
2184737952.0481,7.986046
2184737953.290421,1.207474
2184737953.574347,0.250355
2184737961.7865596,8.176788
2184737962.8063893,0.9937839999999999
2184737969.028424,6.194478
2184737970.0932007,1.024435
2184737971.1766,1.04582
2184737976.18462,4.955679
2184737982.524475,6.299799
2184737984.535617,1.9717120000000001
2184737986.2204347,1.615375
2184737992.863182,6.600098
2184738001.4045463,8.379007000000001
2184738002.883455,1.439243
2184738003.91656,0.993741
2184738004.97111,1.0180129999999998
2184738005.945276,0.936372
2184738007.248581,1.268617
2184738013.919949,6.635425000000001
2184738015.408242,1.2410679999999998
2184738022.210155,6.753775
2184738023.203495,0.959596
2184738027.88281,4.646324
2184738028.9171457,0.995442
2184738030.0036163,1.013304
2184738030.9792423,0.9240710000000001
2184738034.602952,3.58924
2184738042.484243,7.840419
2184738048.836926,6.317108
2184738050.2943873,1.430031
2184738055.23364,4.894845
2184738056.1658497,0.896737
2184738062.4020543,6.172108
2184738069.068654,6.616864
2184738078.676062,9.557728999999998
2184738087.128179,8.411312
2184738088.397768,1.228266
2184738089.6715994,1.18639
2184738096.813591,7.080005
2184738097.9607162,1.112302
2184738104.646265,6.657718
2184738106.217387,1.532686
2184738111.172626,4.924635
2184738117.041675,5.818156
2184738128.011715,10.727993
2184738134.099903,6.055854999999999
2184738134.962092,0.828167
2184738140.94987,5.953718
2184738142.350526,1.35272
2184738143.595726,1.205647
2184738145.405016,1.656488
2184738150.77611,5.3266160000000005
2184738155.183949,4.370431999999999
2184738156.237205,1.0053779999999999
2184738157.400845,1.110541
2184738164.10758,6.659177
2184738173.2045918,9.048837
2184738178.561096,5.308863
2184738183.7573323,5.152029
2184738184.888935,1.084826
2184738192.038117,7.095508000000001
2184738192.877029,0.810213
2184738193.689626,0.7835099999999999
2184738194.971578,1.243997
2184738199.111543,4.112238
2184738206.276773,7.137904
2184738207.554433,1.204567
2184738212.6303077,5.027071
2184738213.884213,1.21643
2184738215.57143,1.650584
2184738224.568541,8.870341
2184738225.8278813,1.222985
2184738234.935815,9.075244999999999
2184738240.362148,5.363257
2184738241.3045297,0.824983
2184738242.547762,1.124044
2184738249.620235,7.011867
2184738256.3834767,6.716746
2184738262.8549004,6.437917
2184738263.5795207,0.69282
2184738276.620023,13.006332
2184738286.192568,9.533768
2184738287.3678727,1.14849
2184738293.8680997,6.465401
2184738294.6865854,0.787573
2184738295.265066,0.5336540000000001
2184738299.304081,3.982279
2184738300.487201,1.1497670000000002
2184738302.2988987,1.7747789999999999
2184738303.6178803,1.275751
2184738310.57657,6.921664
2184738316.573276,5.9618020000000005
2184738317.7792892,1.156652
2184738419.4532967,101.632539
2184738427.61744,8.057623999999999
2184738437.888375,10.227373
2184738439.3749523,1.421315
2184738446.3121133,6.873306
2184738447.587964,1.240987
2184738453.322504,5.696192999999999
2184738454.608879,1.241614
2184738455.350302,0.6946819999999999
2184738456.098629,0.713628
2184738460.364901,4.230467
2184738463.534759,3.122603
2184738601.871193,138.294075
2184738604.258617,2.2951439999999996
2184738607.413244,3.074906
2184738617.641082,10.186284
2184738620.1475186,2.459481
2184738623.385678,3.184666
2184738629.1188498,5.655124
2184738641.553914,12.378822
2184738653.0309815,11.419851
2184738665.7411757,12.637136
2184738694.665947,28.874233
2184738697.91472,3.205122
2184738700.50521,2.5536869999999996
2184738712.699559,12.125143999999999
2184738714.658154,1.928329
2184738716.441794,1.7438390000000001
2184738727.310693,10.836696
2184738877.9234743,150.567327
2184738940.4739623,62.418711
2184738996.838539,56.263756
2184738999.702644,2.792754
2184739001.32946,1.556698
2184739003.139678,1.701104
2184739008.821791,5.568262
2184739016.5692277,7.663913
2184739021.8776407,5.281807000000001
2184739022.930964,1.009617
2184739031.048309,8.037575
2184739036.318063,5.226202
2184739037.348818,0.984107
2184739038.634092,1.24836
2184739039.224905,0.551788
2184739040.1431212,0.876706
2184739040.877516,0.688458
2184739047.32571,6.388770999999999
2184739048.351765,0.9796290000000001
2184739049.441242,1.0489620000000002
2184739049.988315,0.508868
2184739051.291257,1.264093
2184739058.455061,7.125465999999999
2184739059.2611136,0.7715829999999999
2184739063.378712,4.0782609999999995
2184739109.568135,46.154558
2184739111.313932,1.693122
2184739113.115122,1.7514500000000002
2184739114.259976,1.099104
2184739114.826436,0.514093
2184739115.482801,0.611201
2184739121.041411,5.508811
2184739121.755375,0.6680619999999999
2184739122.351359,0.545701
2184739123.0990562,0.69523
2184739184.435725,61.286279
2184739191.538715,7.061014
2184739192.469258,0.866042
2184739216.393809,23.888982
2184739346.6878877,130.252706
2184739348.672965,1.9030550000000002
2184739351.363435,2.6073120000000003
2184739356.193707,4.756134
2184739358.711165,2.4378580000000003
2184739372.663674,13.892672
2184739374.767726,2.072558
2184739377.4604673,2.6466279999999998
2184739380.162501,2.6581040000000002
2184739382.735619,2.52747
2184739384.155727,1.371807
2184739399.715411,15.521239
2184739404.183133,4.419676
2184739404.8078837,0.565187
2184739414.005642,9.126745
2184739422.944041,8.88888
2184739424.9873657,1.9970700000000001
2184739445.4752293,20.436449999999997
2184739461.814245,16.279858
2184739465.913592,4.049920999999999
2184739470.05063,4.041038
2184739473.5000153,3.3899749999999997
2184739474.626409,1.0732890000000002
2184739485.837981,11.160441
2184739490.204087,4.284075
2184739501.74465,11.440396999999999
2184739519.6677523,17.874695
2184739520.637234,0.886009
2184739521.45215,0.771919
2184739525.234309,3.7213860000000003
2184739528.523101,3.247159
2184739533.2135854,4.629245
2184739554.607158,21.358121
2184739558.972464,4.328085
2184739578.0320454,19.018784
2184739580.762418,2.657704
2184739582.904726,2.084283
2184739601.499593,18.522343
2184739605.53813,4.003957
2184739606.225399,0.639002
2184739612.17771,5.911579
2184739619.084228,6.834287
2184739640.5985823,21.457451
2184739647.924209,7.276402
2184739653.749457,5.787005
2184739660.732462,6.940189
2184739661.871088,1.1090449999999998
2184739662.7744346,0.874803
2184739670.11571,7.304872
2184739670.7745137,0.620743
2184739677.228745,6.420663
2184739677.8811913,0.625165
2184739686.615075,8.700958
2184739696.2224197,9.566764000000001
2184739697.848206,1.588099
2184739703.75612,5.85414
2184739704.88854,1.077548
2184739715.539638,10.606996
2184739716.615703,1.042725
2184739718.338288,1.683108
2184739719.4391193,1.051757
2184739720.327574,0.8460219999999999
2184739722.173315,1.787831
2184739724.365748,2.149245
2184739725.035727,0.61678
2184739726.6679316,1.5927580000000001
2184739728.47965,1.7832080000000001
2184739729.7755733,1.259456
2184739734.29598,4.491147
2184739735.1935763,0.8723169999999999
2184739736.1638193,0.93638
2184739736.929078,0.728322
2184739741.173248,4.195409
2184739742.3984137,1.1775920000000002
2184739750.775632,8.295657
2184739757.160535,6.335628000000001
2184739764.4341674,7.241248
2184739766.0582542,1.5828229999999999
2184739767.498687,1.408752
2184739775.8390417,8.311288999999999
2184739781.908099,6.032034
2184739787.203968,5.264704999999999
2184739792.92214,5.686501
2184739794.506908,1.14893
2184739802.9351797,8.371761
2184739804.112557,1.139071
2184739808.851915,4.671462
2184739810.083192,1.168038
2184739817.640662,7.47741
2184739819.039087,1.333598
2184739820.49521,1.4077810000000002
2184739827.311734,6.779438
2184739828.797838,1.3808209999999999
2184739837.901844,9.052838000000001
2184739839.43935,1.49497
2184739848.81271,9.319089
2184739851.912167,3.04054
2184739853.3499346,1.38048
2184739854.7871804,1.3750310000000001
2184739856.672542,1.843036
2184739864.534402,7.819147999999999
2184739872.8351293,8.24186
2184739880.1635237,7.276909
