804585191.033457,1.263742
804585192.3008231,1.158959
804585193.329158,0.957985
804585194.034545,0.6387320000000001
804585195.041716,0.943492
804585196.496243,1.382479
804585197.7766839,1.214178
804585199.101429,1.261738
804585200.382096,1.216918
804585201.578747,1.127726
804585202.8042251,1.1558009999999999
804585204.157391,1.2833729999999999
804585205.532844,1.308867
804585206.826656,1.231066
804585208.115723,1.226186
804585209.332962,1.1500130000000002
804585210.642501,1.246337
804585211.834437,1.125631
804585213.476886,1.579588
804585214.7634519,1.2207620000000001
804585216.045437,1.218361
804585217.3052709,1.191945
804585218.683926,1.314351
804585220.094175,1.3475329999999999
804585221.47072,1.310101
804585222.676072,1.142014
804585224.0302249,1.290374
804585225.3979551,1.2998459999999998
804585226.762361,1.3006680000000002
804585228.131124,1.305595
804585229.5945361,1.3970829999999999
804585230.703954,1.046452
804585231.943115,1.176198
804585233.089238,1.054034
804585234.525703,1.370471
804585235.814775,1.22174
804585237.081379,1.203448
804585238.37455,1.227128
804585239.6162621,1.178946
804585240.7567229,1.077504
804585241.612836,0.790035
804585242.885685,1.2096710000000002
804585243.988979,1.0400660000000002
804585245.466073,1.383366
804585246.9985759,1.466394
804585248.924466,1.862542
804585250.609419,1.6188850000000001
804585252.439505,1.766779
804585254.092098,1.586123
804585255.625875,1.4702680000000001
804585257.256947,1.5675400000000002
804585259.021005,1.6967709999999998
804585260.522596,1.4380840000000001
804585262.302947,1.714267
804585264.166737,1.80129
804585265.845526,1.612319
804585267.705056,1.796162
804585269.912426,2.144077
804585271.891013,1.9125640000000002
804585273.550632,1.59559
804585275.1135709,1.499967
804585276.874893,1.698174
804585278.883319,1.941341
804585280.5683581,1.621265
804585282.145264,1.493487
804585283.74754,1.5350789999999999
804585285.666228,1.855651
804585287.4350021,1.701523
804585289.3308921,1.833064
804585290.951059,1.5535169999999998
804585292.534281,1.5194480000000001
804585294.3752021,1.775208
804585295.974346,1.534719
804585297.942398,1.8735570000000001
804585300.1196079,2.111297
804585301.858762,1.672309
804585303.5664239,1.644574
804585305.425583,1.79517
804585307.234935,1.74357
804585309.094751,1.7968739999999999
804585310.8035051,1.642564
804585312.73192,1.8654789999999999
804585314.573198,1.774938
804585316.439218,1.802673
804585318.320423,1.8149259999999998
804585320.242158,1.858949
804585321.8998381,1.5915949999999999
804585323.860373,1.897813
804585325.702136,1.778847
804585327.3008889,1.532048
804585329.1319621,1.768398
804585330.5136089,1.315307
804585332.045912,1.46882
804585333.807459,1.694877
804585335.1807619,1.309995
804585336.757082,1.5130880000000002
804585338.912121,2.089476
804585340.819021,1.843839
804585342.9783341,2.093495
804585344.855239,1.813638
804585346.718307,1.79709
804585348.2507349,1.453324
804585350.097911,1.78039
804585351.6601291,1.4981090000000001
804585353.491844,1.768343
804585355.329363,1.771289
804585357.008522,1.614955
804585358.9769961,1.9025349999999999
804585360.6688851,1.6284319999999999
804585362.3231679,1.588348
804585364.2247959,1.837474
804585366.191781,1.90034
804585368.1029309,1.847367
804585369.861511,1.691298
804585371.6012169,1.677075
804585373.155105,1.490179
804585374.731505,1.5098909999999999
804585376.461493,1.666876
804585378.5765281,2.048204
804585380.576781,1.936985
804585382.527639,1.884769
804585384.177902,1.586414
804585385.676095,1.431659
804585387.573303,1.832842
804585389.457059,1.820514
804585390.953979,1.429063
804585392.919356,1.901678
804585394.6315621,1.64481
804585396.555848,1.8606880000000001
804585397.944992,1.30351
804585400.052866,2.044475
804585402.0333569,1.9125839999999998
804585403.661218,1.564208
804585405.249958,1.525131
804585406.899909,1.583241
804585408.598444,1.6352630000000001
804585410.219389,1.5534119999999998
804585411.8518901,1.568994
804585413.725197,1.809769
804585415.618134,1.825235
804585417.54224,1.8609779999999998
804585419.5465361,1.9377520000000001
804585421.163993,1.553467
804585423.10405,1.8719940000000002
804585424.990548,1.822298
804585426.9292771,1.87215
804585428.66748,1.674951
804585430.5174321,1.7828659999999998
804585432.1869249,1.6058940000000002
804585434.191512,1.93695
804585436.094318,1.839348
804585438.207243,2.045573
804585439.836326,1.5654510000000001
804585441.756131,1.856518
804585443.398014,1.574697
804585445.582375,2.120638
804585447.479518,1.830302
804585449.1287891,1.58469
804585451.0882261,1.8936140000000001
804585453.2232369,2.071613
804585455.117152,1.827225
804585456.991938,1.811723
804585459.0978559,2.039504
804585460.980139,1.8180029999999998
804585462.831329,1.784701
804585464.5233539,1.628141
804585466.466945,1.8774460000000002
804585468.391536,1.861144
804585470.025982,1.567445
804585471.752638,1.662592
804585473.557496,1.741571
804585475.120896,1.496966
804585476.8614991,1.677356
804585478.739988,1.812135
804585480.646943,1.843447
804585482.734033,2.019307
804585484.922008,2.124492
804585486.751001,1.762519
804585488.421937,1.6069120000000001
804585490.290212,1.801665
804585492.207126,1.8536309999999998
804585494.27262,1.9982680000000002
804585496.172439,1.836361
804585498.3173131,2.053848
804585499.949123,1.568643
804585501.629571,1.588524
804585503.695647,2.000012
804585506.077032,2.318027
804585508.345439,2.201451
804585510.575917,2.1673069999999997
804585512.7526,2.113125
804585515.248943,2.4296029999999997
804585517.700587,2.388085
804585519.621825,1.8541320000000001
804585521.489629,1.8049629999999999
804585523.309021,1.752521
804585525.3626829,1.9902449999999998
804585527.292928,1.8630630000000001
804585528.850003,1.493939
804585530.7128359,1.795426
804585532.5143859,1.7194829999999999
804585534.220854,1.6403349999999999
804585536.272231,1.9880240000000002
804585538.055763,1.716883
804585539.7955949,1.676398
804585541.434516,1.5757889999999999
804585543.624084,2.122272
804585545.537675,1.8501290000000001
804585547.151553,1.547819
804585549.180212,1.9651759999999998
804585550.912045,1.665227
804585552.8660641,1.889916
804585554.8181,1.88543
804585556.741779,1.860306
804585558.576957,1.76944
804585560.510038,1.8697139999999999
804585562.406945,1.830361
804585564.337365,1.8665260000000001
804585566.391468,1.985989
804585568.2842051,1.829545
804585569.983462,1.632115
804585571.977079,1.929664
804585573.799838,1.7344730000000002
804585575.785883,1.919259
804585577.6748511,1.825912
804585579.573662,1.8329380000000002
804585581.312932,1.6758369999999998
804585583.080648,1.7005849999999998
804585584.7446281,1.59979
804585586.667144,1.856182
804585588.583792,1.852198
804585590.764801,2.114374
804585592.495927,1.667994
804585594.5496039,1.987819
804585596.7322661,2.11948
804585598.579548,1.7802149999999999
804585600.293488,1.6507589999999999
804585601.991417,1.631083
804585603.956257,1.901578
804585605.8435011,1.79515
804585607.450353,1.540907
804585609.290984,1.777559
804585611.038072,1.679395
804585612.7978489,1.695914
804585614.733948,1.8698199999999998
804585616.593318,1.795476
804585618.5156139,1.8549689999999999
804585620.71511,2.136149
804585622.502933,1.72185
804585624.289548,1.7232930000000002
804585626.21444,1.858197
804585628.282996,2.005299
804585629.865386,1.516416
804585631.560493,1.631815
804585633.302795,1.6794799999999999
804585634.883871,1.513935
804585636.6236271,1.67695
804585638.4621489,1.7525760000000001
804585639.981251,1.456006
804585641.846995,1.776632
804585643.655877,1.742041
804585645.2243941,1.5047789999999999
804585647.085889,1.793837
804585648.784539,1.63412
804585650.578015,1.7274779999999998
804585652.444762,1.803153
804585654.240543,1.729237
804585656.154454,1.85122
804585658.0572051,1.835284
804585659.934837,1.814285
804585661.8635081,1.8654789999999999
804585663.7556189,1.8252959999999998
804585665.697937,1.879266
804585667.456251,1.692316
804585669.4186101,1.899052
804585671.229326,1.744803
804585673.2773501,1.984361
804585674.962298,1.619501
804585676.844661,1.8180830000000001
804585679.004501,2.0940160000000003
804585680.969381,1.900545
804585682.925165,1.889489
804585684.680201,1.691905
804585686.800649,2.054224
804585688.706662,1.842886
804585690.9630511,2.189804
804585692.921852,1.8955140000000001
804585694.713324,1.7252070000000002
804585696.818155,2.041403
804585698.523621,1.639192
804585700.389009,1.802232
804585702.591783,2.135838
804585704.520424,1.865539
804585706.645256,2.058428
804585708.3860201,1.6771449999999999
804585710.490977,2.038682
804585712.283541,1.728661
804585714.1616089,1.812135
804585716.1166359,1.8918050000000002
804585718.1860039,2.001134
804585720.131068,1.863218
804585722.008029,1.810425
804585723.72853,1.657074
804585725.4381759,1.645195
804585727.117767,1.613502
804585729.258636,2.078008
804585730.771675,1.446549
804585732.8637819,2.0284880000000003
804585734.432409,1.5023630000000001
804585736.5929251,2.097223
804585738.703499,2.043894
804585740.7239591,1.9575230000000001
804585742.648445,1.8569529999999999
804585744.478396,1.766373
804585746.553868,2.00783
804585748.516373,1.898366
804585750.5310941,1.9482970000000002
804585752.514342,1.9195550000000001
804585754.3665249,1.785844
804585756.21965,1.7894370000000002
804585758.19087,1.904359
804585760.11686,1.862653
804585762.044198,1.858422
804585764.196279,2.0883469999999997
804585766.185099,1.9215090000000001
804585768.3169479,2.068341
804585770.2675999,1.883175
804585772.187661,1.855651
804585774.374408,2.120318
804585776.7165171,1.909201
804585778.666152,1.8828040000000001
804585780.408068,1.678669
804585782.332218,1.868686
804585784.428128,2.032132
804585786.341443,1.846209
804585788.274575,1.8684999999999998
804585790.095008,1.753733
804585791.7990111,1.640891
804585793.6562,1.7933059999999998
804585795.524025,1.8001060000000002
804585797.312955,1.7259090000000001
804585799.438645,2.059385
804585801.2063,1.7049299999999998
804585802.9796051,1.70674
804585804.799227,1.755944
804585806.666811,1.801359
804585808.599691,1.869227
804585810.273589,1.6080949999999998
804585812.162673,1.8255249999999998
804585813.9993839,1.76959
804585816.226465,2.163042
804585818.379939,2.08699
804585820.5413721,2.0977550000000003
804585822.825691,2.2182809999999997
804585824.48715,1.5981159999999999
804585826.380689,1.825776
804585828.2333881,1.789667
804585830.134755,1.834637
804585832.261046,2.062562
804585834.136739,1.807775
804585836.0881381,1.887911
804585838.1765901,2.0103959999999996
804585839.921684,1.6814250000000002
804585841.656443,1.670996
804585843.586308,1.862763
804585845.753675,2.104165
804585847.44808,1.6279409999999999
804585849.4113361,1.8986859999999999
804585851.365562,1.8870040000000001
804585853.133172,1.704143
804585854.977036,1.7763309999999999
804585856.7360661,1.6957879999999999
804585858.660182,1.857825
804585860.4638009,1.7401719999999998
804585862.5873159,2.057295
804585864.512183,1.86178
804585866.3476421,1.768412
804585868.1198031,1.708032
804585869.925547,1.739285
804585871.8770161,1.888442
804585873.8400279,1.898877
804585875.592448,1.6857199999999999
804585878.434762,2.779187
804585880.945614,2.444517
804585883.2882279,2.2791170000000003
804585885.8334099,2.481212
804585888.3599119,2.459712
804585890.182887,1.758655
804585892.0241439,1.755001
804585893.9412479,1.849231
804585895.612685,1.6081050000000001
804585897.536159,1.859509
804585899.265305,1.663298
804585900.893787,1.565089
804585902.286264,1.325316
804585904.2685001,1.918607
804585906.169075,1.833474
804585907.905709,1.673176
804585909.7839669,1.814821
804585911.3875409,1.536663
804585913.1003641,1.631534
804585914.783925,1.614349
804585916.643545,1.795582
804585918.225138,1.514551
804585920.1125671,1.8241170000000002
804585921.834923,1.656337
804585923.944129,2.045137
804585925.7756491,1.746246
804585927.8142049,1.9724080000000002
804585929.740716,1.863073
804585931.641518,1.834251
804585933.491907,1.786159
804585935.363079,1.804917
804585937.052537,1.625856
804585938.922151,1.80178
804585940.8519291,1.866301
804585942.6603199,1.741891
804585944.390318,1.666004
804585946.275969,1.819391
804585948.17676,1.837448
804585949.913108,1.669878
804585951.807012,1.830387
804585953.775797,1.903692
804585955.748726,1.9068749999999999
804585957.702369,1.8906420000000002
804585959.452379,1.68334
804585961.601689,2.085777
804585963.591147,1.9232539999999998
804585965.3364409,1.6817010000000001
804585967.229113,1.825686
804585969.122848,1.830778
804585970.861416,1.671126
804585972.696925,1.7720559999999999
804585974.413697,1.6503780000000001
804585976.181774,1.704635
804585978.185219,1.937472
804585979.888971,1.640365
804585981.518861,1.566207
804585983.23429,1.6481729999999999
804585985.031856,1.7338930000000001
804585986.7771,1.678518
804585988.541533,1.7015719999999999
804585990.415557,1.8073290000000002
804585992.282665,1.803625
804585994.025177,1.6755419999999999
804585995.7547491,1.665658
804585997.6541021,1.8355139999999999
804585999.4223739,1.7019229999999999
804586001.229302,1.742527
804586003.326565,2.0302279999999997
804586005.2137691,1.823982
804586006.928066,1.6468450000000001
804586008.8356429,1.843447
804586010.812696,1.9097520000000001
804586012.781711,1.904806
804586014.596908,1.748051
804586016.517751,1.857535
804586018.236207,1.652333
804586020.32268,2.0223590000000002
804586022.378402,1.9884849999999998
804586024.096513,1.654192
804586026.534915,2.371407
804586028.39219,1.7934610000000002
804586030.5076311,2.0491509999999997
804586032.523259,1.952692
804586034.5667729,1.9655070000000001
804586036.562801,1.932685
804586038.578038,1.948813
804586040.544156,1.90242
804586042.60299,1.9923290000000002
804586044.55268,1.886648
804586046.492361,1.872866
804586048.618988,2.06337
804586050.378109,1.692752
804586052.617563,2.175395
804586054.751392,2.067218
804586056.5288099,1.71364
804586058.5062749,1.9106290000000001
804586060.4218351,1.851977
804586062.101336,1.613583
804586063.881582,1.7168940000000001
804586065.7547181,1.8088469999999999
804586067.520304,1.699322
804586069.544548,1.960504
804586071.560011,1.948852
804586073.418257,1.794278
804586075.3722069,1.886939
804586077.3253701,1.890001
804586079.188488,1.795631
804586081.154511,1.903102
804586083.209376,1.9883449999999998
804586085.122341,1.8498430000000001
804586086.654664,1.466179
804586088.524783,1.806872
804586090.418859,1.8273300000000001
804586092.453306,1.948391
804586094.245439,1.7247860000000002
804586095.953676,1.644439
804586098.1562,2.114273
804586100.0603629,1.8379349999999999
804586101.826897,1.6825320000000001
804586103.5104121,1.619571
804586105.296435,1.722386
804586107.237059,1.874174
804586109.1830701,1.882559
804586111.251667,2.002784
804586113.043931,1.729187
804586114.9729019,1.862436
804586116.673923,1.6376380000000001
804586118.813169,2.073488
804586120.759206,1.88315
804586122.464812,1.639202
804586124.531028,2.003155
804586127.295786,2.6691000000000003
804586129.388258,2.028419
804586131.531884,2.0769260000000003
804586133.251654,1.656752
804586135.4585919,2.1410299999999998
804586137.689537,2.167888
804586139.480142,1.7243
804586141.224714,1.681531
804586142.923344,1.63211
804586144.8471739,1.8610479999999998
804586146.727753,1.814129
804586148.231364,1.4404789999999998
804586150.0335801,1.735922
804586152.057718,1.96049
804586153.796001,1.6713559999999998
804586155.782486,1.9230829999999999
804586157.961931,2.116413
804586160.20726,2.179265
804586161.95328,1.682713
804586163.70502,1.688777
804586165.7312131,1.9636129999999998
804586167.726248,1.9285400000000001
804586169.914899,2.1249379999999998
804586172.1839681,2.202273
804586174.060648,1.813472
804586175.8212571,1.697067
804586177.516304,1.631519
804586178.960221,1.377834
804586180.74655,1.722621
804586182.53302,1.720647
804586184.487075,1.890633
804586186.61952,2.0649230000000003
804586188.37589,1.692496
804586190.639501,2.197181
804586192.859911,2.157168
804586194.81799,1.891144
804586196.931416,2.050304
804586198.6423551,1.645095
804586200.4349791,1.729321
804586202.179592,1.678183
804586203.882647,1.64035
804586205.854203,1.908725
804586207.5746939,1.653661
804586209.322694,1.684833
804586211.0298641,1.640725
804586212.831595,1.738257
804586214.7312781,1.833264
804586216.896284,2.1014079999999997
804586218.651686,1.688582
804586220.607175,1.892181
804586222.5347581,1.861976
804586224.5331811,1.9344290000000002
804586226.3227789,1.723117
804586228.455685,2.069489
804586230.545376,2.022615
804586232.5315759,1.923384
804586234.4496421,1.85091
804586236.380192,1.867854
804586238.371128,1.924727
804586240.153262,1.718852
804586241.959218,1.738337
804586243.6700209,1.647416
804586245.364532,1.631144
804586247.3974609,1.966134
804586249.698213,2.23727
804586251.4429711,1.67688
804586253.8475801,2.341036
804586256.080309,2.165963
804586258.662055,2.514976
804586261.126348,2.4010809999999996
804586262.87927,1.6863659999999998
804586264.8191171,1.876314
804586266.916866,2.031205
804586268.655855,1.676168
804586270.385994,1.6631129999999998
804586272.208769,1.759042
804586274.283229,2.0079659999999997
804586276.5658339,2.218321
804586278.305675,1.673487
804586280.267458,1.898516
804586281.940003,1.606435
804586283.845935,1.84235
804586285.699356,1.790414
804586287.586164,1.8200180000000001
804586289.799533,2.150182
804586291.7475489,1.8809799999999999
804586293.5647149,1.7539339999999999
804586295.24798,1.597771
804586297.1610401,1.849406
804586299.183634,1.955569
804586300.93824,1.690646
804586302.929827,1.925033
804586304.594979,1.601755
804586306.311882,1.6509649999999998
804586308.154883,1.779228
804586310.1555921,1.934615
804586311.934308,1.715645
804586314.039255,2.0403309999999997
804586316.058563,1.951404
804586318.048877,1.923735
804586320.049646,1.937286
804586322.049141,1.933131
804586323.9054841,1.791676
804586326.0063651,2.0376090000000002
804586327.922176,1.848474
804586329.814548,1.8286229999999999
804586331.824122,1.94344
804586333.616921,1.729683
804586335.702793,2.019508
804586337.456512,1.690361
804586339.752553,2.227823
804586341.572196,1.75632
804586343.6662561,2.028067
804586345.722123,1.992419
804586347.982852,2.1935119999999997
804586349.785074,1.713379
804586351.6714009,1.819462
804586353.728947,1.993748
804586355.611986,1.8165799999999999
804586357.718075,2.043288
804586359.816446,2.031245
804586361.771669,1.892176
804586363.678921,1.839954
804586365.3589079,1.616664
804586367.151281,1.72615
804586368.97622,1.761752
804586370.631449,1.589155
804586372.248289,1.553633
804586374.1075879,1.792649
804586376.166192,1.995025
804586378.511047,2.277713
804586380.397915,1.823195
804586382.486408,2.021397
804586384.328522,1.77788
804586386.174015,1.778206
804586388.253207,2.014676
804586390.298203,1.978903
804586392.166759,1.804813
804586394.014286,1.781168
804586396.1463449,2.0679000000000003
804586398.184767,1.9715399999999998
804586399.975757,1.727262
804586402.072529,2.008858
804586403.837629,1.699056
804586405.653923,1.752621
804586407.508101,1.787412
804586409.4316399,1.858998
804586411.534121,2.034913
804586413.357717,1.760329
804586415.746038,2.321075
804586417.727116,1.9167130000000001
804586419.837029,2.0430420000000002
804586421.948941,2.048365
804586423.789342,1.773259
804586425.9019561,2.0494519999999996
804586427.78053,1.811643
804586429.967317,2.123018
804586431.821198,1.789833
804586433.5386281,1.653114
804586435.62229,2.01638
804586437.731326,2.0458999999999996
804586439.54739,1.749548
804586441.360762,1.7498749999999998
804586443.122679,1.694976
804586445.0469049,1.860417
804586446.936695,1.822178
804586448.716885,1.716091
804586450.9086889,2.125614
804586452.6667371,1.6945860000000001
804586454.5756819,1.8427509999999998
804586456.712628,2.073789
804586458.51106,1.7322629999999999
804586460.3557011,1.781012
804586462.368552,1.946161
804586464.512008,2.0803890000000003
804586466.513309,1.934255
804586468.258037,1.681861
804586470.130091,1.805649
804586471.939584,1.746181
804586474.298031,2.2685969999999998
804586476.121587,1.7565
804586478.246209,2.057115
804586480.206483,1.897148
804586482.222943,1.94994
804586484.348026,2.0617259999999997
804586486.551963,2.137517
804586488.490517,1.875157
804586490.436022,1.860828
804586492.340963,1.8417990000000002
804586494.1270721,1.71997
804586496.070061,1.87879
804586498.2969971,2.1599190000000004
804586500.6026051,2.241805
804586502.644575,1.9752390000000002
804586505.325031,2.616533
804586507.779642,2.388642
804586510.352227,2.5088369999999998
804586512.645688,2.226154
804586514.764657,2.052744
804586516.708207,1.879521
804586518.4597759,1.685113
804586520.591635,2.068977
804586522.86392,2.206222
804586524.976043,2.0487
804586527.0090921,1.9663739999999998
804586528.977801,1.905211
804586531.122455,2.0777930000000002
804586533.100661,1.9148189999999998
804586535.20895,2.040311
804586537.0906869,1.818304
804586538.914549,1.75624
804586540.754188,1.77574
804586542.810451,1.989904
804586544.7724639,1.898967
804586546.8964701,2.057892
804586548.869855,1.909396
804586550.672442,1.736027
804586552.780451,2.043739
804586554.5385491,1.690602
804586556.5852699,1.9827820000000003
804586558.49858,1.846064
804586560.559188,1.9969100000000002
804586562.4600589,1.834537
804586564.429415,1.905232
804586566.339819,1.843417
804586568.362383,1.9596330000000002
804586570.337773,1.908995
804586572.510883,2.109667
804586574.550382,1.972387
804586576.51663,1.903176
804586578.527968,1.944673
804586580.3229381,1.731552
804586582.3618,1.9726029999999999
804586584.2219261,1.796934
804586586.4245961,2.1363499999999997
804586588.158934,1.671327
804586589.8843471,1.658897
804586591.866672,1.918622
804586593.71246,1.781869
804586595.715384,1.93676
804586597.642897,1.864256
804586599.6017281,1.892582
804586601.64465,1.9792939999999999
804586603.6530609,1.942302
804586605.477936,1.761416
804586607.218008,1.673191
804586609.383415,2.100958
804586611.164297,1.714974
804586613.276731,2.048675
804586615.0569559,1.713845
804586616.8555291,1.73533
804586618.651691,1.729964
804586620.422564,1.706764
804586622.2185661,1.729753
804586624.522721,2.240662
804586626.277632,1.688882
804586628.959166,2.617886
804586630.9297401,1.903824
804586633.169466,2.176147
804586634.999762,1.7642179999999998
804586636.944826,1.880864
804586638.688602,1.6768589999999999
804586640.8027439,2.050595
804586642.828927,1.958946
804586644.562594,1.67068
804586646.408903,1.778231
804586648.375181,1.902901
804586650.540934,2.099589
804586652.664714,2.060287
804586654.4919499,1.7611860000000001
804586656.4575269,1.902134
804586658.24994,1.7259689999999999
804586660.2247939,1.911586
804586661.950557,1.659575
804586664.108752,2.0940659999999998
804586665.880778,1.7053859999999998
804586667.946468,2.002884
804586670.051635,2.0157629999999997
804586672.036732,1.918728
804586673.971206,1.8670220000000002
804586675.904703,1.869227
804586677.67239,1.703908
804586679.57511,1.835955
804586681.83586,2.196885
804586683.639068,1.737085
804586685.670979,1.968208
804586687.62102,1.883165
804586689.347435,1.643743
804586691.099164,1.685509
804586692.825193,1.662551
804586694.9523461,2.060928
804586697.010749,1.9948499999999998
804586698.82788,1.7494679999999998
804586700.680007,1.7887199999999999
804586703.006234,2.2351900000000002
804586704.703231,1.6341459999999999
804586706.68049,1.9093660000000001
804586708.423133,1.679465
804586710.7561351,2.265921
804586712.676381,1.8567589999999998
804586714.48165,1.7382369999999998
804586716.358805,1.814054
804586718.5217769,2.096532
804586720.5560789,1.9713999999999998
804586722.352191,1.730088
804586724.287963,1.8728609999999999
804586726.168683,1.814485
804586727.996459,1.76496
804586729.951486,1.855922
804586731.97385,1.959638
804586733.957955,1.895614
804586735.8918229,1.8677839999999999
804586738.069569,2.113561
804586739.975211,1.838526
804586742.020513,1.9585599999999999
804586744.2135149,2.12589
804586746.185817,1.906244
804586747.829264,1.5802640000000001
804586749.454764,1.561982
804586752.2476281,2.726133
804586754.668945,2.354723
804586756.849914,2.117355
804586758.366229,1.449645
804586760.471632,2.04231
804586761.883875,1.3463399999999999
804586763.4195211,1.472132
804586764.9359721,1.4529779999999999
804586766.6762941,1.673908
804586768.203525,1.463959
804586769.715405,1.445476
804586771.715648,1.936664
804586773.2858989,1.506378
804586775.219006,1.866998
804586777.0233121,1.740643
804586778.9348531,1.845071
804586780.807263,1.808722
804586782.720518,1.846941
804586784.472297,1.688717
804586786.73466,2.196069
804586788.913994,2.116288
804586790.718501,1.7370949999999998
804586792.4072729,1.625204
804586794.5641601,2.090061
804586796.599244,1.9716360000000002
804586798.408316,1.7429679999999999
804586800.164751,1.693333
804586802.067908,1.83581
804586803.812937,1.681786
804586805.823403,1.946954
804586807.741153,1.8506639999999999
804586809.770689,1.966058
804586811.754207,1.917249
804586813.505671,1.688571
804586815.3686631,1.7964229999999999
804586817.157599,1.725087
804586819.09935,1.875542
804586820.916657,1.754259
804586823.012617,2.029541
804586825.124875,2.048765
804586827.4101421,2.218677
804586829.190047,1.716612
804586831.2211211,1.96475
804586833.197408,1.912608
804586835.371966,2.108475
804586837.328106,1.892987
804586839.041124,1.646864
804586840.8541759,1.7495290000000001
804586842.586795,1.6667859999999999
804586844.6163161,1.9663089999999999
804586846.5464699,1.8636849999999998
804586848.686814,2.0768359999999997
804586850.526368,1.7726680000000001
804586852.658929,2.069539
804586854.9065219,2.181199
804586856.724605,1.754064
804586858.467318,1.676449
804586860.186105,1.655525
804586862.098924,1.846033
804586863.8308719,1.668225
804586865.9369711,2.042702
804586867.710305,1.7065789999999998
804586869.575974,1.802472
804586871.344377,1.7019929999999999
804586873.159654,1.7519989999999999
804586874.984603,1.757663
804586877.4554269,2.407641
804586879.50321,1.9811529999999997
804586881.4792459,1.8944459999999999
804586883.291636,1.746016
804586885.364553,2.009724
804586887.3612419,1.929659
804586889.3166951,1.89182
804586891.070148,1.687034
804586892.813077,1.679511
804586894.7544669,1.874845
804586896.792959,1.975134
804586898.726426,1.8671479999999998
804586900.6659169,1.874876
804586902.911165,2.179335
804586904.612416,1.636947
804586906.352939,1.6744539999999999
804586908.051273,1.634115
804586910.191036,2.038191
804586912.5321281,2.277869
804586914.284488,1.684337
804586915.9795951,1.631424
804586917.948048,1.879637
804586919.759145,1.745023
804586921.3555529,1.5326840000000002
804586923.3049071,1.883049
804586925.083187,1.714557
804586927.013602,1.8635950000000001
804586929.303143,2.2265
804586931.542758,2.173291
804586933.2748361,1.668706
804586935.232184,1.891535
804586937.011889,1.715309
804586939.291592,2.212065
804586941.5554031,2.2003690000000002
804586943.4897571,1.867589
804586945.77372,2.220872
804586947.526807,1.686833
804586949.781733,2.1915329999999997
804586951.739987,1.8918599999999999
804586953.751837,1.948532
804586955.876158,2.058122
804586957.48519,1.545759
804586959.611024,2.059575
804586961.3581979,1.682684
804586963.45892,2.033521
804586965.55677,2.034367
804586967.78368,2.1604509999999997
804586969.682827,1.8358700000000001
804586971.594679,1.8456919999999999
804586973.5197409,1.861966
804586975.190411,1.604361
804586977.015556,1.7616820000000002
804586978.930475,1.84895
804586980.7367,1.742988
804586982.8311421,2.0269
804586984.629194,1.7348000000000001
804586986.337492,1.641192
804586988.24995,1.849281
804586990.091032,1.774672
804586991.9536239,1.798959
804586993.785159,1.7377420000000001
804586995.523782,1.672033
804586997.236881,1.649356
804586999.434042,2.130591
804587001.398827,1.901563
804587003.368789,1.903663
804587005.5062159,2.0734630000000003
804587007.5031409,1.930631
804587009.445975,1.879597
804587011.355356,1.8429609999999998
804587013.077862,1.659219
804587014.997226,1.852724
804587017.112241,2.0513760000000003
804587019.006516,1.827756
804587020.8011299,1.731462
804587022.828736,1.9612319999999999
804587024.9851271,2.09347
804587026.937493,1.885861
804587028.7026681,1.702048
804587030.517459,1.747965
804587032.50792,1.927448
804587034.427414,1.852614
804587036.555319,2.063975
804587038.296764,1.6752200000000002
804587040.4223579,2.062553
804587042.580092,2.071454
804587044.50948,1.865689
804587046.442621,1.8665159999999998
804587048.3658639,1.8598709999999998
804587050.525077,2.092908
804587052.445012,1.8558109999999999
804587054.328719,1.817733
804587056.293674,1.901728
804587058.33375,1.973705
804587060.281239,1.8843180000000002
804587062.2616249,1.912769
804587064.375968,2.051036
804587066.360018,1.917806
804587068.1448491,1.721333
804587069.9374781,1.7262950000000001
804587071.850147,1.849566
804587073.653571,1.739561
804587075.7595,2.019964
804587077.5924691,1.7696560000000001
804587079.392921,1.734319
804587081.240027,1.783432
804587083.3600581,2.053281
804587085.6743771,2.251127
804587087.582299,1.841272
804587089.526917,1.8817110000000001
804587091.584263,1.9913610000000002
804587093.564023,1.915921
804587095.4613551,1.831409
804587097.362096,1.837018
804587099.3264999,1.896591
804587101.201476,1.811874
804587103.0873721,1.819883
804587105.219692,2.068872
804587107.3422451,2.055743
804587109.1622881,1.756069
804587111.017733,1.788575
804587112.882716,1.80161
804587114.584839,1.6356439999999999
804587116.546161,1.897965
804587118.293625,1.6808839999999998
804587120.326533,1.96919
804587122.151142,1.758234
804587124.180908,1.9230580000000002
804587126.139178,1.892096
804587128.854551,2.6510629999999997
804587131.19691,2.2757
804587132.9956989,1.7351599999999998
804587134.980169,1.918091
804587136.8899161,1.8452970000000002
804587138.631426,1.675401
804587140.512626,1.818093
804587142.773832,2.195041
804587144.6125131,1.775775
804587146.579012,1.900179
804587148.605956,1.9639829999999998
804587150.408073,1.7358479999999998
804587152.318827,1.847086
804587154.280435,1.895143
804587156.384234,2.041032
804587158.477949,2.0274910000000004
804587160.34673,1.8053190000000001
804587162.316361,1.903187
804587164.4732879,2.093289
804587166.60418,2.064382
804587168.732195,2.065013
804587171.0730311,2.2745119999999996
804587173.214167,2.077733
804587175.3611159,2.081061
804587177.3185691,1.8941459999999999
804587179.392894,2.008176
804587181.344353,1.888833
804587183.303565,1.892356
804587185.4202629,2.053321
804587187.2269449,1.740352
804587189.499447,2.209439
804587191.585338,2.019191
804587193.666053,2.017322
804587195.5986431,1.866657
804587197.688534,2.026935
804587199.659048,1.903934
804587201.51273,1.7902989999999999
804587203.737515,2.158386
804587205.403198,1.6024310000000002
804587207.158029,1.6887720000000002
804587209.059627,1.838331
804587211.216314,2.090598
804587213.161333,1.881316
804587215.024035,1.796183
804587216.905867,1.8184900000000002
804587218.70019,1.7271070000000002
804587220.48851,1.724616
804587222.654333,2.099072
804587224.643053,1.925599
804587226.7554871,2.04608
804587228.6830701,1.864306
804587230.751281,2.0016209999999997
804587232.6554149,1.8394329999999999
804587234.724938,2.0030740000000002
804587236.663933,1.876139
804587238.4733621,1.742146
804587240.562632,2.0257780000000003
804587242.521543,1.892802
804587244.417027,1.832266
804587246.322153,1.837593
804587248.222357,1.8353130000000002
804587249.96707,1.677806
804587252.2607,2.230148
804587254.533111,2.2052899999999998
804587257.003258,2.406829
804587259.278501,2.208528
804587261.797522,2.4554780000000003
804587263.778991,1.914218
804587265.7529781,1.9099519999999999
804587267.907519,2.088463
804587269.85987,1.889024
804587271.966295,2.039229
804587274.090135,2.037143
804587275.76508,1.590438
804587277.543436,1.71569
804587279.714682,2.103778
804587281.500926,1.723398
804587283.449678,1.883014
804587285.511965,1.998854
804587287.513,1.9341130000000002
804587289.596882,2.02036
804587291.6040549,1.941085
804587293.8902841,2.223362
804587295.793977,1.837599
804587297.642843,1.785783
804587299.603864,1.89371
804587301.4873999,1.808686
804587303.463446,1.909626
804587305.462515,1.9358929999999999
804587307.568013,2.039399
804587309.4882541,1.856779
804587311.2992411,1.742813
804587313.124817,1.738493
804587315.064583,1.873362
804587316.761479,1.632832
804587318.743835,1.915615
804587320.901168,2.0938250000000003
804587323.143104,2.175415
804587325.170876,1.963612
804587327.125898,1.8886129999999999
804587328.769601,1.579914
804587330.268005,1.432034
804587331.633915,1.302172
804587333.294802,1.597515
804587334.91941,1.558534
804587336.482425,1.4993509999999999
804587338.2505009,1.701983
804587340.206571,1.892637
804587342.158847,1.885114
804587344.121677,1.8990669999999998
804587346.003469,1.813542
804587347.885285,1.8181580000000002
804587349.601542,1.65315
804587351.62949,1.962259
804587353.52361,1.831129
804587355.780195,2.189889
804587357.520402,1.6763780000000001
804587359.260233,1.673391
804587361.520491,2.197
804587363.770886,2.18396
804587365.6833941,1.849426
804587367.610741,1.860928
804587369.62026,1.946111
804587371.800367,2.11305
804587373.8346629,1.970714
804587375.696649,1.796002
804587378.437747,2.677845
804587381.006253,2.501941
804587382.784058,1.714517
804587384.980442,2.1327719999999997
804587386.854326,1.807133
804587388.7244099,1.80579
804587390.666011,1.8746399999999999
804587392.591635,1.862086
804587394.654468,1.9964829999999998
804587396.5071119,1.789426
804587398.3679639,1.794233
804587400.490702,2.059235
804587402.250911,1.693919
804587404.1868889,1.8726450000000001
804587406.175293,1.922191
804587407.905302,1.666966
804587409.9512861,1.9816740000000002
804587411.879736,1.862191
804587413.551373,1.60824
804587415.569091,1.9516740000000001
804587417.760689,2.1276390000000003
804587419.990868,2.162706
804587421.837893,1.75452
804587423.816816,1.916217
804587425.6476439,1.7676910000000001
804587427.6729599,1.9584300000000001
804587429.825101,2.087882
804587431.86457,1.9726430000000001
804587434.1850541,2.2573659999999998
804587436.37145,2.119822
804587438.486294,2.048349
804587440.4103639,1.8610630000000001
804587442.31308,1.836546
804587444.085797,1.70919
804587445.8908811,1.7383419999999998
804587447.621009,1.665438
804587449.806483,2.122201
804587451.720464,1.847567
804587453.834181,2.050625
804587455.701489,1.800613
804587457.562948,1.7971650000000001
804587459.8335509,2.204143
804587461.7809399,1.884212
804587463.6967859,1.849958
804587465.453236,1.693328
804587467.541052,2.0217519999999998
804587469.5761011,1.948522
804587471.514309,1.871578
804587473.791381,2.212532
804587476.02393,2.165939
804587478.1217949,2.029481
804587479.9134619,1.728074
804587482.087594,2.111066
804587483.933016,1.779213
804587485.9796721,1.9836430000000003
804587487.8408849,1.793927
804587490.081297,2.176824
804587491.7362759,1.588684
804587493.809458,2.009925
804587495.387448,1.5118099999999999
804587497.175967,1.725363
804587499.4436829,2.201811
804587501.176828,1.670034
804587503.336276,2.092978
804587505.256247,1.856709
804587507.4835781,2.160987
804587509.433293,1.886568
804587511.1687291,1.668971
804587512.920367,1.6884160000000001
804587514.82581,1.839002
804587517.027617,2.138665
804587518.779456,1.685284
804587520.508211,1.6659089999999999
804587522.314166,1.7382879999999998
804587524.776394,2.399231
804587527.139196,2.2942620000000002
804587529.1521529,1.949996
804587531.167571,1.9490079999999999
804587533.3410721,2.110228
804587535.240766,1.833053
804587537.102776,1.798869
804587539.074287,1.905332
804587540.987276,1.849401
804587542.9457309,1.891815
804587544.6646689,1.656016
804587546.950236,2.218736
804587549.060429,2.0466909999999996
804587551.093894,1.9665440000000003
804587553.034588,1.877612
804587554.9977541,1.8962409999999998
804587556.765846,1.7041840000000001
804587558.731428,1.8994579999999999
804587560.597088,1.802116
804587562.523588,1.858768
804587564.4805651,1.89368
804587566.644985,2.097388
804587568.66133,1.952666
804587570.425132,1.696625
804587572.196346,1.707947
804587574.1694449,1.906269
804587576.255292,2.022374
804587578.248168,1.926832
804587580.1330271,1.821738
804587581.872978,1.673737
804587583.6010569,1.664787
804587585.557182,1.892922
804587587.462182,1.838882
804587589.6179119,2.092904
804587591.557468,1.872781
804587593.485317,1.864562
804587595.5225359,1.970899
804587597.245788,1.659745
804587599.304597,1.992715
804587601.2721831,1.9040380000000001
804587603.206212,1.867409
804587605.0780259,1.808517
804587606.815426,1.67083
804587608.993718,2.114624
804587610.945583,1.8853749999999998
804587612.657058,1.647982
804587614.5652959,1.841653
804587616.4085981,1.78016
804587618.189901,1.714106
804587620.035809,1.782681
804587621.5858539,1.483249
804587623.640779,1.991588
804587625.4657639,1.761707
804587627.508901,1.976447
804587629.234198,1.66205
804587631.377684,2.0770720000000003
804587633.245924,1.8042909999999999
804587675.2560691,41.94355
804587677.4139739,2.091645
804587679.4573721,1.977118
804587681.650097,2.1297040000000003
804587683.809501,2.092507
804587685.976226,2.103503
804587688.349221,2.306866
804587690.299322,1.8832499999999999
804587691.924531,1.560684
804587693.970826,1.9824009999999999
804587695.881455,1.844319
804587697.793176,1.84866
804587699.50804,1.648895
804587701.538152,1.9672359999999998
804587703.4753181,1.871052
804587705.450507,1.894487
804587707.5372111,2.020063
804587709.2948481,1.694491
804587711.2025349,1.841102
804587712.96129,1.694771
804587714.656523,1.6283809999999999
804587716.4111329,1.690937
804587718.54617,2.0685909999999996
804587720.5251321,1.91558
804587722.2631891,1.671848
804587724.2444481,1.917008
804587726.515511,2.204067
804587728.53571,1.956626
804587730.4904771,1.888527
804587732.438588,1.884468
804587734.0955111,1.5904129999999999
804587735.852322,1.693108
804587737.699638,1.784089
804587739.4411731,1.674965
804587741.566096,2.061265
804587743.85042,2.217774
804587745.583124,1.669387
804587747.419114,1.7693800000000002
804587749.577751,2.095293
804587751.3817871,1.738093
804587753.827552,2.3815860000000004
804587756.1694901,2.275769
804587758.794893,2.5588130000000002
804587760.78182,1.9237950000000001
804587762.668242,1.820364
804587764.773374,2.04215
804587766.939623,2.098817
804587768.975784,1.9721220000000002
804587771.077733,2.035214
804587773.2871931,2.146223
804587774.9313459,1.577538
804587776.9409959,1.946502
804587779.162594,2.155039
804587781.276722,2.0508710000000003
804587783.218864,1.875723
804587785.291255,2.008556
804587787.054375,1.695934
804587788.931802,1.813708
804587790.8319459,1.83376
804587792.8266101,1.931377
804587794.6460919,1.752621
804587796.42962,1.7201499999999998
804587798.233811,1.7379310000000001
804587800.12737,1.830633
804587802.1135651,1.9199760000000001
804587804.0916309,1.913511
804587805.988222,1.829415
804587807.8698541,1.8185339999999999
804587809.650936,1.716497
804587811.6398671,1.9226569999999998
804587813.626979,1.9235039999999999
804587815.760782,2.067519
804587817.687689,1.863219
804587819.41872,1.664616
804587821.178211,1.694776
804587823.2596381,2.013834
804587825.238185,1.914914
804587827.3761591,2.0715339999999998
804587829.497804,2.058183
804587831.39232,1.8281720000000001
804587833.8011789,2.3437419999999998
804587835.784583,1.916658
804587837.555055,1.707255
804587839.520306,1.8975890000000002
804587841.2568749,1.673787
804587843.456617,2.132736
804587845.208431,1.688286
804587846.9872019,1.712342
804587848.841039,1.790469
804587850.632756,1.725017
804587852.623427,1.927053
804587854.620808,1.9300439999999999
804587856.894697,2.2106980000000003
804587859.090726,2.1290720000000003
804587861.173756,2.019989
804587862.9576241,1.716431
804587865.020648,1.998789
804587867.000378,1.9134
804587868.9354689,1.871918
804587870.711479,1.709641
804587872.713416,1.937808
804587874.8534241,2.0728619999999998
804587877.344931,2.427938
804587879.896787,2.484645
804587881.81999,1.8596400000000002
804587883.9567161,2.070345
804587885.8451229,1.8015139999999998
804587887.627242,1.7159810000000002
804587889.3695841,1.6787539999999999
804587891.441589,2.005535
804587893.334587,1.829615
804587895.394668,1.9936319999999998
804587897.295074,1.837047
804587899.1730571,1.811208
804587901.0653579,1.8184390000000001
804587903.037159,1.882187
804587904.706782,1.606476
804587906.645862,1.872425
804587908.828309,2.1188040000000004
804587910.506261,1.604536
804587912.230441,1.6372719999999998
804587913.6914921,1.400386
804587915.155957,1.3977950000000001
804587916.91992,1.693789
804587918.329953,1.342897
804587920.080429,1.6875900000000001
804587921.66335,1.515424
804587923.29721,1.5705719999999999
804587925.026261,1.665529
804587926.558313,1.465878
804587927.854777,1.2313669999999999
804587929.238323,1.334056
804587930.816889,1.511916
804587932.170952,1.288691
804587933.893407,1.655124
804587935.3498241,1.390963
804587936.843106,1.424176
804587938.193024,1.2754050000000001
804587939.8043311,1.547137
804587941.1448619,1.276653
804587942.74986,1.523719
804587944.2100999,1.410494
804587945.9140979,1.654894
804587947.326792,1.349863
804587948.713321,1.322805
804587950.1149839,1.3320210000000001
804587951.5474501,1.368557
804587953.0468061,1.4058140000000001
804587954.409168,1.2963790000000002
804587955.832979,1.3611140000000002
804587957.461079,1.565415
804587958.919245,1.392758
804587960.474847,1.476173
804587961.9233199,1.3830850000000001
804587963.247498,1.261608
804587964.701514,1.3919460000000001
804587966.203145,1.43647
804587967.6674399,1.402857
804587969.365609,1.6364400000000001
804587970.9936451,1.563526
804587972.306262,1.250481
804587973.852367,1.481349
804587975.1581521,1.2443330000000001
804587976.7677051,1.548361
804587978.228351,1.396417
804587979.708903,1.4192
804587981.2168391,1.446468
804587982.800226,1.5189570000000001
804587984.168883,1.302343
804587985.6053979,1.372391
804587986.809747,1.136747
804587988.2783469,1.407292
804587989.810364,1.468219
804587991.280804,1.408971
804587992.766493,1.423184
804587994.318577,1.465443
804587995.688547,1.299917
804587997.204041,1.454652
804587998.886588,1.613462
804588000.176296,1.2275179999999999
804588001.96862,1.726996
804588004.099592,2.068712
804588005.856563,1.691669
804588007.688603,1.7661479999999998
804588009.2162501,1.4598090000000001
804588011.014347,1.732369
804588012.271254,1.1942350000000002
804588013.676581,1.334668
804588015.037511,1.298604
804588016.725607,1.6093730000000002
804588018.025964,1.232109
804588019.2739049,1.185701
804588020.691827,1.355872
804588022.284851,1.52857
804588023.6904241,1.343778
804588025.062689,1.310336
804588026.925316,1.798122
804588028.242789,1.255363
804588029.712706,1.4048159999999998
804588031.174996,1.400992
804588032.7706211,1.533881
804588034.179607,1.344265
804588035.681895,1.4401430000000002
804588037.228331,1.484372
804588038.9967489,1.702915
804588040.344142,1.284887
804588041.8605131,1.4506219999999999
804588043.3234841,1.400481
804588044.98817,1.602592
804588046.183093,1.128537
804588047.572237,1.326404
804588049.271754,1.635729
804588050.679983,1.341288
804588052.13871,1.396041
804588053.192048,0.987414
804588054.475661,1.2016730000000002
804588055.71628,1.177837
804588056.807185,1.040443
804588058.171773,1.297536
804588059.619574,1.384363
804588060.9893429,1.306773
804588062.174112,1.1185850000000002
804588063.582813,1.3458590000000001
804588064.8496629,1.203156
804588066.276971,1.360448
804588067.6826891,1.342646
804588068.922641,1.176204
804588070.11808,1.127616
804588071.749504,1.56787
804588073.080758,1.2680930000000001
804588074.085879,0.9515450000000001
804588075.136325,0.986998
804588076.375445,1.175051
804588077.5506561,1.107233
804588079.2060161,1.592232
804588081.04379,1.774116
804588082.167116,1.055368
804588083.711713,1.481134
804588085.248,1.472915
804588086.771046,1.456146
804588088.193103,1.3588310000000001
804588089.741831,1.48848
804588091.1518869,1.35274
804588092.598711,1.383401
804588094.165639,1.500534
804588095.5341581,1.305809
804588096.573291,0.98176
804588097.821097,1.187902
804588098.865808,0.9872629999999999
804588100.0716951,1.141308
804588101.4851559,1.3527719999999999
804588102.966547,1.424392
804588104.515298,1.486081
804588105.880903,1.298203
804588107.523714,1.5791819999999999
804588108.988429,1.4009420000000001
804588110.487525,1.433468
804588111.928495,1.3785
804588113.318276,1.326734
804588114.976678,1.591721
804588116.411428,1.3715890000000002
804588117.807564,1.329536
804588119.343215,1.472008
804588120.957634,1.551774
804588122.469815,1.446077
804588124.208002,1.675216
804588125.63297,1.358157
804588127.390903,1.6945759999999999
804588129.380877,1.9268219999999998
804588130.877111,1.430321
804588132.7165489,1.7761660000000001
804588134.140841,1.3578270000000001
804588135.817861,1.613748
804588137.3407619,1.4601
804588138.905455,1.497918
804588140.526174,1.556645
804588142.299804,1.707301
804588143.972178,1.6092369999999998
804588146.035422,1.9748539999999999
804588147.882779,1.781518
804588149.948794,2.0021319999999996
804588152.1330899,2.116874
804588154.001691,1.801309
804588156.046187,1.981403
804588158.356176,2.242447
804588160.2987089,1.87872
804588162.22297,1.8583619999999998
804588163.9243159,1.637879
804588165.533343,1.544943
804588167.2800701,1.680077
804588169.350205,2.006883
804588171.09381,1.677687
804588172.966536,1.809182
804588174.9668881,1.933702
804588176.8841679,1.854282
804588178.885162,1.934189
804588181.108856,2.16034
804588183.199223,2.022725
804588184.9630849,1.699934
804588186.7852931,1.75676
804588188.4492769,1.601314
804588190.5092189,1.994318
804588192.157647,1.584595
804588193.854298,1.630561
804588195.600088,1.682262
804588197.491417,1.827976
804588199.382375,1.824258
804588201.536105,2.0903169999999998
804588203.490767,1.888703
804588205.605375,2.0511459999999997
804588207.313137,1.6407699999999998
804588209.179117,1.8030979999999999
804588211.2305931,1.985643
804588213.555737,2.2624429999999998
804588215.54767,1.9259240000000002
804588217.3588231,1.729908
804588219.075394,1.650673
804588220.860356,1.721484
804588222.636382,1.710378
804588224.3872991,1.688217
804588226.4495211,1.9960870000000002
804588228.1675761,1.654874
804588229.796644,1.562979
804588231.751085,1.891414
804588233.697888,1.882714
804588235.9804081,2.216465
804588238.332705,2.242567
804588240.464629,2.06583
804588242.256176,1.724866
804588244.098495,1.779032
804588245.72591,1.561291
804588247.582809,1.7937269999999998
804588249.157611,1.511134
804588251.249146,2.024664
804588253.846604,2.5335840000000003
804588256.173322,2.259592
804588258.211432,1.9724529999999998
804588260.457192,2.182376
804588262.441266,1.9176900000000001
804588264.370489,1.865914
804588266.1297,1.692926
804588267.8203111,1.627785
804588269.761436,1.876865
804588271.4663869,1.637924
804588273.249599,1.719063
804588275.013281,1.697503
804588277.096777,2.02055
804588279.166862,2.003365
804588281.039397,1.8095780000000001
804588283.041524,1.935953
804588285.2270429,2.12155
804588287.360962,2.067063
804588289.4572281,2.032392
804588291.407404,1.8829339999999999
804588293.5582471,2.087515
804588295.604226,1.978456
804588297.576167,1.908369
804588299.701827,2.0583530000000003
804588301.919471,2.154347
804588303.871296,1.885325
804588305.699252,1.764584
804588307.806534,2.0444809999999998
804588309.704819,1.8350879999999998
804588311.426232,1.6534600000000002
804588313.538285,2.047758
804588315.6077291,2.002943
804588317.6350039,1.964454
804588319.475841,1.7748620000000002
804588321.2116871,1.672194
804588323.440482,2.162496
804588325.4080781,1.904204
804588327.190519,1.715916
804588328.849252,1.5950739999999999
804588330.8085539,1.892758
804588332.738342,1.8668120000000001
804588334.476575,1.6715470000000001
804588336.4547061,1.914999
804588338.218137,1.6969610000000002
804588339.959306,1.677727
804588342.0419611,1.995096
804588343.8421279,1.7328000000000001
804588345.979795,2.075112
804588347.804188,1.7584300000000002
804588349.860015,1.991928
804588351.858974,1.932169
804588353.8302901,1.907175
804588355.5744411,1.677215
804588357.419512,1.7820500000000001
804588359.1787981,1.691674
804588360.795232,1.5524
804588362.480942,1.6200819999999998
804588364.679917,2.135838
804588366.889117,2.141768
804588368.8541479,1.901378
804588371.0905299,2.169777
804588372.924475,1.7703820000000001
804588375.105754,2.114513
804588377.284873,2.116122
804588379.979237,2.6269869999999997
804588382.41125,2.344774
804588384.45554,1.9777200000000001
804588386.1946839,1.672735
804588388.03735,1.779474
804588389.597959,1.494255
804588391.420473,1.758951
804588393.264457,1.7808819999999999
804588395.083748,1.752801
804588397.140673,1.9940579999999999
804588399.038061,1.831324
804588401.2095569,2.107448
804588403.280679,2.004788
804588405.202599,1.8580809999999999
804588407.107445,1.838966
804588409.0759879,1.904555
804588410.966365,1.8223230000000001
804588412.914802,1.8667969999999998
804588414.769225,1.786625
804588416.9424549,2.110379
804588418.9868109,1.978081
804588421.318355,2.267741
804588423.245432,1.860102
804588425.3505491,2.0421150000000003
804588427.2459021,1.827686
804588429.3890071,2.080109
804588431.308136,1.853029
804588433.2756821,1.904715
804588435.397878,2.055361
804588437.347428,1.8866829999999999
804588439.100535,1.687139
804588440.81195,1.647276
804588442.562331,1.683976
804588444.321713,1.696334
804588446.303091,1.914558
804588448.3893889,2.023331
804588450.607875,2.151955
804588452.3551381,1.684352
804588454.136456,1.7150990000000002
804588456.027564,1.82731
804588457.860873,1.7653059999999998
804588459.7685809,1.843468
804588461.684638,1.8519619999999999
804588463.6121811,1.86167
804588465.7844939,2.108675
804588467.730265,1.87904
804588470.036064,2.241454
804588472.081311,1.979489
804588474.0686331,1.923108
804588476.246745,2.114273
804588478.133413,1.8207740000000001
804588480.0601339,1.863655
804588482.239504,2.1127540000000002
804588484.2787269,1.9756399999999998
804588485.8515539,1.506598
804588487.6068859,1.691068
804588489.528591,1.857435
804588491.546239,1.95186
804588493.400868,1.791091
804588495.448516,1.9817300000000002
804588497.6607621,2.148999
804588499.4463899,1.693207
804588501.2871059,1.7775530000000002
804588503.446564,2.0932440000000003
804588505.769172,2.2589900000000003
804588507.6535851,1.817481
804588509.345464,1.628908
804588511.006803,1.594132
804588512.982989,1.9122029999999999
804588514.594121,1.5450679999999999
804588516.7872881,2.1301509999999997
804588518.85599,2.003049
804588520.5853109,1.666154
804588522.54319,1.891199
804588524.7278221,2.120683
804588526.72626,1.9300389999999998
804588528.704046,1.913585
804588530.594412,1.823596
804588532.337115,1.67924
804588534.309744,1.9060730000000001
804588536.613739,2.239615
804588538.7452469,2.064994
804588540.534824,1.726536
804588542.555328,1.953604
804588544.457412,1.838897
804588546.491669,1.9684989999999998
804588548.4019771,1.8469859999999998
804588550.3521831,1.8832149999999999
804588552.035282,1.620052
804588554.131062,2.027591
804588556.259934,2.0649539999999997
804588558.4651791,2.138093
804588560.17093,1.642554
804588561.973268,1.73486
804588563.7206019,1.684578
804588565.62893,1.8448309999999999
804588567.405637,1.709405
804588569.2602761,1.791311
804588571.105362,1.778677
804588573.0522699,1.883781
804588574.932734,1.813121
804588576.729893,1.7332560000000001
804588578.557955,1.76083
804588580.273053,1.6516110000000002
804588582.0447689,1.70509
804588583.988109,1.880218
804588585.8857119,1.808737
804588587.948029,1.995106
804588590.0257881,1.993176
804588592.046117,1.9529429999999999
804588593.9936169,1.8797519999999999
804588595.745321,1.688531
804588597.630876,1.822404
804588599.855451,2.158652
804588601.842407,1.9231230000000001
804588603.635853,1.7263000000000002
804588605.663229,1.96271
804588607.613605,1.8653579999999998
804588609.802813,2.125064
804588611.856455,1.9878230000000001
804588613.613972,1.6929969999999999
804588615.405138,1.7240199999999999
804588617.54016,2.070883
804588619.533095,1.925694
804588621.617033,2.0210760000000003
804588623.6461121,1.9627849999999998
804588625.493805,1.783979
804588627.526838,1.9665389999999998
804588629.870876,2.281227
804588632.1884279,2.2512309999999998
804588634.639445,2.3846380000000003
804588636.519397,1.817096
804588638.318571,1.7321630000000001
804588640.110589,1.729041
804588642.072472,1.895348
804588643.992588,1.855551
804588645.9687049,1.88503
804588647.930839,1.898386
804588649.966198,1.971455
804588652.0265961,1.994018
804588653.935576,1.840941
804588656.0544491,2.056132
804588657.9503839,1.828122
804588659.844519,1.830948
804588661.73872,1.8312789999999999
804588663.840945,2.036202
804588665.808802,1.904445
804588667.7797511,1.904675
804588669.7285941,1.884594
804588671.7003261,1.9053069999999999
804588673.39855,1.633875
804588675.3966581,1.9315120000000001
804588677.217101,1.757111
804588678.96432,1.681274
804588680.7473711,1.71994
804588682.467401,1.654026
804588684.757749,2.226058
804588686.808189,1.983528
804588688.7728931,1.9002590000000001
804588690.8232931,1.9834280000000002
804588692.7655901,1.879146
804588694.774238,1.9421270000000002
804588696.7469871,1.9095360000000001
804588698.8398,2.0265779999999998
804588700.63958,1.7350899999999998
804588702.737811,2.0314959999999997
804588704.6863279,1.885661
804588706.7677541,2.01432
804588708.518656,1.687755
804588710.324276,1.7398209999999998
804588712.2483261,1.860336
804588714.311931,1.996479
804588716.417955,2.042792
804588718.336758,1.85316
804588720.303092,1.903226
804588722.37866,2.0094890000000003
804588724.142577,1.6997920000000002
804588725.9014621,1.692416
804588727.866919,1.902239
804588729.790217,1.860157
804588731.679752,1.8236809999999999
804588733.4301519,1.68786
804588735.231146,1.733903
804588737.489113,2.1953720000000003
804588739.399562,1.8432520000000001
804588741.158913,1.696219
804588743.177935,1.9528429999999999
804588744.967422,1.724782
804588746.94654,1.912628
804588748.959493,1.949594
804588750.9466289,1.920938
804588753.716689,2.7068280000000002
804588756.065343,2.282345
804588758.392176,2.260058
804588760.661846,2.2064179999999998
804588763.244305,2.5161239999999996
804588765.399202,2.090713
804588767.528275,2.0629939999999998
804588769.531675,1.940523
804588771.505145,1.907105
804588773.3417311,1.772081
804588775.591224,2.181781
804588777.755584,2.100265
804588779.8290011,2.006908
804588781.635513,1.742326
804588783.728952,2.025897
804588785.835713,2.044114
804588787.5735049,1.6713170000000002
804588789.602439,1.965983
804588791.496189,1.827405
804588793.452709,1.892978
804588795.4688841,1.948788
804588797.4573791,1.9251680000000002
804588799.70409,2.180607
804588801.614829,1.847401
804588803.582691,1.901618
804588805.7182341,2.072386
804588807.799551,1.995607
804588809.629221,1.7658070000000001
804588811.970302,2.274196
804588813.721866,1.649621
804588815.713994,1.924722
804588817.672139,1.894997
804588819.769462,2.0303679999999997
804588821.739825,1.906023
804588823.600703,1.794579
804588825.391664,1.7274230000000002
804588827.432606,1.9745129999999997
804588829.62896,2.13226
804588831.58722,1.890858
804588833.574016,1.922437
804588835.4964471,1.855841
804588837.393329,1.832953
804588839.347229,1.886773
804588841.338585,1.927348
804588843.4900811,2.0845640000000003
804588845.5080501,1.954751
804588847.5972489,2.021953
804588849.595933,1.935281
804588851.86642,2.2032760000000002
804588853.581639,1.651711
804588855.569878,1.921484
804588857.649485,2.016445
804588859.882901,2.168214
804588861.770436,1.824408
804588863.9779811,2.140925
804588866.128539,2.060398
804588868.183068,1.988661
804588870.184358,1.935236
804588872.441604,2.194305
804588874.5548949,2.047201
804588876.394638,1.776792
804588879.1679311,2.706668
804588881.941073,2.709324
804588883.769596,1.761917
804588885.48304,1.649551
804588887.216672,1.670485
804588889.028491,1.7488270000000001
804588891.217433,2.122182
804588893.14023,1.85939
804588895.118517,1.911836
804588897.2169131,2.035158
804588899.050823,1.767646
804588901.20532,2.091334
804588903.1836411,1.910389
804588905.271523,2.0234810000000003
804588907.2605441,1.922963
804588909.235979,1.9115659999999999
804588911.189929,1.885876
804588913.042322,1.7893620000000001
804588914.893062,1.7834070000000002
804588916.890242,1.934229
804588918.6862639,1.7293269999999998
804588920.446167,1.6964199999999998
804588922.146566,1.634286
804588923.950732,1.7402170000000001
804588925.82039,1.775314
804588927.555315,1.667929
804588929.54603,1.927358
804588931.34108,1.728154
804588933.072076,1.667162
804588935.121604,1.982616
804588937.052384,1.8677240000000002
804588939.292626,2.173521
804588941.179028,1.822805
804588943.4936819,2.246842
804588945.231825,1.675095
804588947.16875,1.871081
804588949.348435,2.116759
804588951.227164,1.812525
804588953.394025,2.1038490000000003
804588955.2532641,1.792454
804588957.131919,1.815603
804588958.93838,1.740608
804588960.680687,1.678774
804588962.394683,1.6464139999999998
804588964.3567721,1.897583
804588966.390226,1.96707
804588968.365822,1.911671
804588970.569468,2.136425
804588972.5015221,1.867243
804588974.197922,1.630271
804588976.272568,2.011519
804588978.620054,2.280931
804588980.5332791,1.850107
804588982.49228,1.892141
804588984.715196,2.160145
804588986.7722911,1.9908959999999998
804588988.55617,1.720646
804588990.343115,1.720526
804588992.039555,1.633478
804588993.629002,1.521694
804588995.2870979,1.5945429999999998
804588996.8854,1.531285
804588998.9163591,1.96519
804589000.329279,1.349958
804589002.4277899,2.0308840000000004
804589004.608192,2.098627
804589006.760624,2.085556
804589008.871113,2.0455170000000003
804589011.0183531,2.0804389999999997
804589013.567904,2.485433
804589016.197878,2.564006
804589018.488482,2.2232279999999998
804589020.6212729,2.068361
804589022.38059,1.692506
804589024.0606921,1.617015
804589025.778502,1.6501219999999999
804589027.702958,1.861409
804589029.418071,1.652222
804589031.2801621,1.795702
804589032.9914169,1.647912
804589034.734946,1.67717
804589036.430384,1.632381
804589038.501317,2.005034
804589040.418316,1.853897
804589042.537926,2.053457
804589044.50886,1.907406
804589046.1971459,1.622047
804589047.824165,1.563655
804589049.789295,1.901016
804589051.6337299,1.777579
804589053.6560241,1.959663
804589055.377307,1.6547479999999999
804589057.1940819,1.753052
804589059.2044879,1.943365
804589060.963264,1.694275
804589062.7288649,1.6993019999999999
804589064.6902831,1.89836
804589066.782239,2.006737
804589068.561562,1.715239
804589070.692764,2.065134
804589072.691072,1.935206
804589074.88273,2.125605
804589077.029358,2.082248
804589078.706378,1.6109959999999999
804589080.823914,2.053146
804589082.637186,1.7463870000000001
804589084.5973951,1.896982
804589086.392591,1.728745
804589088.085388,1.629559
804589090.218184,2.0659099999999997
804589092.55067,2.268798
804589094.716157,2.0992430000000004
804589096.6442469,1.8634190000000002
804589098.804411,2.0929379999999997
804589100.532781,1.664856
804589102.4544001,1.8115329999999998
804589104.4281809,1.910368
804589106.556647,2.059972
804589108.445194,1.825616
804589110.6937959,2.1821010000000003
804589112.516585,1.759452
804589114.373073,1.766228
804589116.2022021,1.765175
804589117.884675,1.616128
804589119.659447,1.7103279999999998
804589121.76524,2.042195
804589123.458092,1.626573
804589125.556057,2.034287
804589128.470613,2.847154
804589131.090855,2.553014
804589133.050663,1.8965670000000001
804589135.098567,1.9810740000000002
804589136.908005,1.7453340000000002
804589138.954766,1.9802710000000001
804589140.684013,1.6650770000000001
804589142.760127,2.008546
804589144.687334,1.864231
804589146.752037,1.9987339999999998
804589148.527305,1.7124219999999999
804589150.382705,1.7884039999999999
804589152.338124,1.89193
804589154.2621989,1.856674
804589156.3514991,2.025572
804589158.0790119,1.660061
804589160.293228,2.1497450000000002
804589162.021858,1.66231
804589163.937839,1.852723
804589165.861318,1.860392
804589167.923394,1.9944989999999998
804589169.858755,1.871347
804589171.742296,1.816695
804589173.6234759,1.818204
804589175.494904,1.8043609999999999
804589177.2219701,1.662957
804589179.361342,2.073042
804589181.295521,1.870536
804589183.0917389,1.729772
804589185.00981,1.854568
804589187.075114,1.9995249999999998
804589188.917253,1.779268
804589190.794083,1.809804
804589192.822366,1.964018
804589194.722906,1.83367
804589196.9528029,2.16648
804589198.9332601,1.9139059999999999
804589200.909812,1.894642
804589202.677343,1.700786
804589204.6778971,1.9362190000000001
804589206.603335,1.8570900000000001
804589208.607106,1.9401869999999999
804589210.543965,1.8705749999999999
804589212.804218,2.197091
804589214.976266,2.105512
804589216.893786,1.853475
804589218.7950281,1.834652
804589220.808406,1.9503759999999999
804589222.7278,1.85338
804589224.760558,1.9689949999999998
804589226.888679,2.060578
804589228.653303,1.7012520000000002
804589230.588669,1.869338
804589232.360625,1.7076509999999998
804589234.526518,2.099082
804589236.443627,1.853175
804589238.377856,1.864827
804589240.222145,1.780902
804589241.893452,1.604171
804589244.200534,2.24375
804589246.018928,1.751203
804589247.887725,1.805469
804589249.705703,1.754395
804589252.1888549,2.416687
804589254.553722,2.298652
804589257.0384719,2.4212830000000003
804589259.570383,2.465741
804589262.127537,2.4940029999999997
804589263.9184569,1.724726
804589265.8672351,1.886016
804589268.057615,2.127087
804589270.056986,1.932194
804589271.981357,1.861265
804589274.103804,2.035736
804589276.081629,1.9119670000000002
804589277.930564,1.780731
804589279.7517351,1.757647
804589281.703905,1.8878409999999999
804589283.717048,1.947274
804589286.0074911,2.2274119999999997
804589288.033709,1.9603149999999998
804589290.116328,2.017628
804589292.1710931,1.989963
804589294.252003,2.0146360000000003
804589296.501928,2.1856240000000002
804589298.276515,1.706884
804589300.141903,1.8014299999999999
804589302.171574,1.963557
804589303.981288,1.7453340000000002
804589306.1816161,2.108414
804589308.135711,1.8877659999999998
804589310.0761291,1.874058
804589311.785229,1.645843
804589313.703616,1.8548289999999998
804589315.4798671,1.710066
804589317.5069219,1.9630149999999997
804589319.3766459,1.8030979999999999
804589321.534225,2.0940920000000003
804589323.544862,1.943475
804589325.3794831,1.7703319999999998
804589327.4580929,2.010371
804589329.4193,1.897423
804589331.14564,1.6596440000000001
804589333.438864,2.2280830000000003
804589335.377478,1.8719839999999999
804589337.340579,1.8989619999999998
804589339.514987,2.107973
804589341.383278,1.804216
804589343.528558,2.077929
804589345.589177,1.9976310000000002
804589347.7602321,2.104189
804589349.722225,1.897594
804589351.756923,1.9688499999999998
804589353.797279,1.9764570000000001
804589355.556019,1.692121
804589357.317631,1.697798
804589359.302106,1.918788
804589361.095176,1.729587
804589363.18408,2.022369
804589364.933213,1.685831
804589367.100049,2.100471
804589369.3088729,2.144859
804589371.573802,2.198504
804589373.521988,1.884192
804589375.315108,1.72617
804589377.671259,2.291185
804589380.509342,2.771303
804589383.219413,2.6440859999999997
804589385.995632,2.712186
804589388.7220099,2.659899
804589391.3844849,2.599342
804589393.650977,2.202814
804589395.464936,1.7476200000000002
804589397.47863,1.949946
804589399.775073,2.229145
804589401.5630959,1.724005
804589403.702999,2.072641
804589405.390052,1.605097
804589407.264722,1.8087209999999998
804589409.106786,1.778361
804589410.854315,1.681591
804589412.550139,1.631849
804589414.471527,1.854633
804589416.2917709,1.756766
804589417.974725,1.6159379999999999
804589419.9568709,1.918678
804589421.9918439,1.946463
804589423.8718821,1.813091
804589426.161939,2.2272160000000003
804589427.95525,1.7262440000000001
804589429.828957,1.7844200000000001
804589431.88717,1.9910309999999998
804589433.643264,1.693267
804589435.379481,1.6686349999999999
804589437.5469279,2.104575
804589439.401422,1.788399
804589441.5728929,2.108635
804589443.6829519,2.043633
804589445.514336,1.768091
804589447.6155729,2.034221
804589449.376108,1.696324
804589451.115984,1.673873
804589453.238631,2.0597559999999997
804589455.066432,1.760143
804589457.30301,2.173155
804589459.6041629,2.234994
804589461.418789,1.7515180000000001
804589463.49991,2.0141899999999997
804589465.284576,1.7205059999999999
804589467.460452,2.110058
804589469.2284939,1.703748
804589470.9937991,1.6980439999999999
804589472.722915,1.6655280000000001
804589474.4821119,1.692471
804589476.378247,1.8324159999999998
804589478.193163,1.748205
804589480.11394,1.856944
804589481.999982,1.8192760000000001
804589483.875619,1.811809
804589485.969665,2.030759
804589487.763828,1.727042
804589489.8416071,2.0146309999999996
804589491.806627,1.898837
804589493.7042661,1.8344310000000001
804589495.654812,1.8839569999999999
804589497.614475,1.8952879999999999
804589499.703244,2.0211159999999997
804589502.050655,2.28302
804589503.950844,1.832622
804589505.653374,1.6132309999999999
804589507.421916,1.701472
804589509.2223591,1.736688
804589510.699598,1.410469
804589512.4633299,1.700465
804589513.984482,1.454106
804589515.6100919,1.561912
804589517.367314,1.694055
804589519.203971,1.769957
804589521.003561,1.736764
804589522.947337,1.876489
804589524.9188429,1.9075419999999998
804589526.91012,1.924015
804589529.043367,2.069117
804589530.9828731,1.872229
804589533.096138,2.049748
804589534.795856,1.633389
804589536.568614,1.710102
804589538.488194,1.852058
804589540.640245,2.088483
804589542.885859,2.17949
804589545.1805669,2.231742
804589547.432842,2.18604
804589549.1698459,1.673271
804589551.493236,2.255693
804589553.733272,2.177219
804589555.78743,1.986721
804589557.730484,1.8802580000000002
804589559.6348879,1.83814
804589561.708141,2.010136
804589563.661049,1.885646
804589565.887187,2.161829
804589567.896415,1.943084
804589569.9766641,2.016125
804589571.991335,1.947635
804589574.107738,2.028243
804589575.85449,1.68372
804589577.93941,2.0213319999999997
804589579.864904,1.858984
804589581.970071,2.04218
804589583.90433,1.868717
804589585.9440639,1.976753
804589587.850032,1.839453
804589589.8307489,1.917294
804589591.676713,1.778757
804589593.771245,2.03142
804589595.4609289,1.6236009999999998
804589597.433818,1.890873
804589599.22575,1.7258740000000001
804589600.990028,1.6998829999999998
804589602.9360601,1.878946
804589604.839247,1.839202
804589606.5793741,1.6729749999999999
804589608.680025,2.037283
804589611.0371629,2.273228
804589613.069716,1.9689450000000002
804589615.0186939,1.882509
804589616.952552,1.869844
804589618.6916959,1.6724439999999998
804589620.508798,1.752806
804589622.322225,1.746788
804589624.314405,1.9280899999999999
804589626.359005,1.9774139999999998
804589628.788327,2.3648559999999996
804589631.107056,2.251197
804589633.758485,2.587901
804589635.5737461,1.749018
804589637.348784,1.710107
804589639.361907,1.945996
804589641.291996,1.8673629999999999
804589643.2926539,1.9343089999999998
804589645.331537,1.974908
804589647.2671291,1.8687770000000001
804589649.718943,2.387605
804589651.693737,1.9058519999999999
804589653.730158,1.973009
804589655.5415211,1.7455450000000001
804589657.049106,1.443757
804589658.809029,1.693704
804589660.479739,1.607598
804589662.299687,1.753198
804589664.0290941,1.6363400000000001
804589665.973858,1.875638
804589667.611546,1.574492
804589669.80363,2.128311
804589671.781942,1.911416
804589673.643286,1.7974510000000001
804589675.530976,1.8209700000000002
804589677.054283,1.459944
804589678.9991671,1.877987
804589680.837317,1.774932
804589682.484462,1.5798539999999999
804589684.493114,1.944618
804589686.694134,2.134576
804589688.282217,1.523804
804589690.382959,2.034558
804589692.325447,1.87856
804589694.029786,1.637618
804589695.8822789,1.787086
804589697.8137411,1.867458
804589699.467652,1.5869600000000001
804589701.1106031,1.579563
804589703.114454,1.937061
804589704.8038529,1.625465
804589706.538502,1.6670509999999998
804589708.260842,1.658693
804589709.860662,1.533967
804589711.573696,1.649104
804589713.493912,1.856994
804589715.549554,1.9887270000000001
804589717.5125351,1.899143
804589719.389896,1.8113579999999998
804589721.0264671,1.573424
804589722.767967,1.6751909999999999
804589724.586311,1.7545359999999999
804589726.466905,1.813858
804589728.45782,1.9049449999999999
804589730.535117,2.010436
804589732.410394,1.811558
804589733.9530511,1.475605
804589735.585432,1.568813
804589737.225881,1.5767209999999998
804589739.106406,1.813473
804589741.2495509,2.07861
804589743.087,1.770843
804589744.774444,1.6237549999999998
804589746.6319289,1.791136
804589748.874355,2.178934
804589751.1802939,2.238657
804589753.7608379,2.517482
804589756.134871,2.307729
804589757.720939,1.519604
804589759.596095,1.811704
804589761.3209411,1.661759
804589763.281091,1.893389
804589765.20896,1.8641910000000002
804589767.208501,1.93262
804589769.021472,1.749714
804589770.8298831,1.7414500000000002
804589773.093604,2.199978
804589774.974158,1.813212
804589776.7356141,1.697763
804589778.726335,1.923219
804589780.7802681,1.990776
804589782.7837931,1.936785
804589784.87412,2.027175
804589786.5772561,1.6360299999999999
804589788.4798911,1.820073
804589790.260156,1.714076
804589792.350358,2.027546
804589794.155527,1.738723
804589796.1245309,1.905848
804589798.052941,1.862111
804589800.093167,1.977144
804589801.99466,1.833415
804589803.944445,1.886373
804589806.043197,2.011158
804589808.1095691,1.999641
804589810.383333,2.206368
804589812.172294,1.725658
804589814.244268,2.004788
804589816.232342,1.925163
804589818.180213,1.881856
804589820.1284039,1.8838970000000002
804589822.3418679,2.146293
804589824.11871,1.713851
804589826.067448,1.881802
804589827.989329,1.857139
804589830.112392,2.033365
804589832.082479,1.906554
804589833.8845899,1.735716
804589836.2239571,2.275879
804589838.198565,1.9072259999999999
804589840.117353,1.855095
804589842.115932,1.9324839999999999
804589843.9746801,1.795435
804589846.06854,1.9915269999999998
804589847.8650529,1.7298179999999999
804589849.974791,2.045774
804589851.901768,1.860738
804589854.112937,2.14701
804589856.086582,1.906399
804589857.850815,1.697157
804589859.885358,1.9714699999999998
804589861.740086,1.7802
804589863.742083,1.9342540000000001
804589865.97399,2.167672
804589867.809213,1.76935
804589869.902858,2.030533
804589871.977535,2.007199
804589874.015746,1.952015
804589876.0547329,1.971576
804589878.693633,2.5717779999999997
804589881.3912641,2.6339330000000003
804589883.773601,2.3157020000000004
804589886.3269161,2.489141
804589888.6651161,2.2722200000000004
804589890.56105,1.8285280000000002
804589892.542213,1.91767
804589894.4237701,1.815067
804589896.216104,1.728835
804589898.529631,2.246716
804589900.3430879,1.749384
804589902.4787711,2.0692229999999996
804589904.384233,1.842249
804589906.523123,2.070837
804589908.763334,2.176277
804589911.155374,2.325565
804589912.982939,1.7638770000000001
804589915.1158209,2.0669619999999997
804589916.827306,1.647858
804589918.861022,1.966594
804589920.506814,1.582791
804589922.467926,1.894285
804589924.709861,2.178878
804589926.998134,2.221944
804589928.789515,1.728254
804589931.070652,2.215393
804589932.996781,1.861925
804589934.9697001,1.904986
804589937.061731,2.028087
804589939.067176,1.939581
804589941.071874,1.9405990000000002
804589942.8524301,1.713776
804589945.138178,2.222411
804589947.109789,1.90499
804589949.118862,1.945736
804589950.985353,1.800558
804589952.946214,1.897759
804589954.7283779,1.7158099999999998
804589956.8098,2.017171
804589958.546849,1.669517
804589960.805524,2.1946399999999997
804589962.694858,1.822628
804589964.7725459,2.014109
804589966.620539,1.781113
804589968.702733,2.01807
804589970.754766,1.985213
804589972.6940061,1.875963
804589974.426801,1.666531
804589976.224692,1.734198
804589978.506175,2.214732
804589980.488781,1.9183270000000001
804589982.623973,2.068461
804589984.576419,1.8892900000000001
804589986.540156,1.896396
804589988.3067499,1.7033260000000001
804589990.325135,1.934139
804589992.5394061,2.150984
804589994.5422549,1.936078
804589996.429344,1.8239269999999999
804589998.5911671,2.095399
804590000.571143,1.915956
804590003.137533,2.498523
804590005.81367,2.6130989999999996
804590007.7734879,1.893494
804590009.657805,1.82091
804590011.6110079,1.8867129999999999
804590013.505419,1.830272
804590015.544498,1.972519
804590017.513688,1.906114
804590019.611202,2.030493
804590021.6404821,1.964579
804590023.630471,1.9231980000000002
804590025.375078,1.680518
804590027.5640451,2.122041
804590029.426923,1.798432
804590031.625587,2.131704
804590033.644714,1.954962
804590035.643578,1.932084
804590037.868378,2.161022
804590039.9686689,2.0337609999999997
804590041.881964,1.821381
804590043.850558,1.9009770000000001
804590045.613142,1.6992669999999999
804590047.3590469,1.677967
804590049.120809,1.698099
804590051.262372,2.0743850000000004
804590053.388352,2.061731
804590055.640055,2.184938
804590057.707439,2.003706
804590059.944623,2.1712160000000003
804590061.9767,1.943445
804590063.776861,1.7325890000000002
804590065.624589,1.784615
804590067.357048,1.66636
804590069.2871621,1.8665960000000001
804590071.011657,1.657475
804590073.0881419,2.0129319999999997
804590075.052215,1.897193
804590077.004065,1.888001
804590079.2108791,2.1390659999999997
804590081.449828,2.175897
804590083.7314501,2.214311
804590085.480017,1.684738
804590087.530441,1.983674
804590089.601468,2.00791
804590091.581729,1.913009
804590093.497886,1.8529
804590095.5425371,1.978207
804590097.615764,2.00987
804590099.598486,1.916954
804590101.579865,1.9172589999999998
804590103.4221851,1.775374
804590105.48984,2.004097
804590107.4395291,1.883701
804590109.35114,1.847873
804590111.155041,1.737495
804590113.181214,1.9633260000000001
804590115.209997,1.961061
804590117.058341,1.784465
804590118.859931,1.735516
804590120.8025141,1.8795559999999998
804590122.545638,1.676093
804590124.2913679,1.682563
804590126.37689,2.017899
804590128.716132,2.2751170000000003
804590131.178565,2.394826
804590133.537318,2.2951590000000004
804590136.0433229,2.439635
804590137.7723391,1.659604
804590139.919503,2.084378
804590141.62962,1.6472909999999998
804590143.3669001,1.669858
804590145.416728,1.9864000000000002
804590147.4697239,1.9865949999999999
804590149.7837521,2.250485
804590151.689881,1.8374890000000001
804590153.490448,1.736834
804590155.369759,1.812646
804590157.343901,1.910068
804590159.0948429,1.684658
804590160.815038,1.656853
804590162.925507,2.0441399999999996
804590165.134676,2.145957
804590166.921046,1.71986
804590168.69869,1.7145979999999998
804590170.587272,1.8224479999999998
804590172.720294,2.0697300000000003
804590174.646785,1.859831
804590176.695441,1.9854289999999999
804590178.4281,1.59329
804590180.073306,1.573829
804590181.581092,1.4334280000000001
804590183.229876,1.585031
804590184.871012,1.5775629999999998
804590186.574118,1.635383
804590188.372355,1.707817
804590190.116782,1.6784729999999999
804590191.9413999,1.76097
804590193.414996,1.3808099999999999
804590195.0879669,1.605689
804590196.6175491,1.458481
804590198.338611,1.654438
804590199.944967,1.54367
804590201.3569101,1.316651
804590202.834059,1.403503
804590204.578416,1.6798410000000001
804590206.044389,1.3993630000000001
804590207.599906,1.4915779999999998
804590209.079211,1.409883
804590210.605249,1.4586569999999999
804590212.343261,1.667106
804590213.918208,1.5085330000000001
804590215.53602,1.554044
804590217.091823,1.492149
804590218.554399,1.3959599999999999
804590219.959055,1.341163
804590221.6890429,1.6421540000000001
804590223.1066641,1.345362
804590224.6327571,1.452678
804590226.209854,1.50957
804590227.607118,1.329621
804590229.127573,1.456361
804590230.73041,1.536859
804590232.302501,1.509123
804590233.9412559,1.562513
804590235.261335,1.248227
804590236.774143,1.448984
804590238.358397,1.5169569999999999
804590239.7224231,1.287016
804590241.486526,1.700349
804590243.114787,1.5540289999999999
804590244.9315829,1.750041
804590246.645779,1.638345
804590248.461282,1.751187
804590249.924013,1.3859569999999999
804590251.839422,1.8519269999999999
804590253.731894,1.8282470000000002
804590255.841787,2.036727
804590257.587742,1.6818810000000002
804590258.974822,1.320956
804590260.347879,1.309339
804590261.811326,1.396231
804590263.537416,1.654512
804590265.0700289,1.4683789999999999
804590266.440816,1.2968350000000002
804590267.9852669,1.480883
804590269.449216,1.373694
804590270.979435,1.463839
804590272.590396,1.53083
804590274.038282,1.378921
804590275.449533,1.340782
804590276.722177,1.209205
804590278.14951,1.3602429999999999
804590279.615373,1.403152
804590281.203326,1.524645
804590282.5503371,1.280682
804590284.111081,1.496946
804590285.6011261,1.423264
804590287.088795,1.4240760000000001
804590288.486619,1.334046
804590290.1158429,1.562824
804590291.630491,1.4513340000000001
804590293.3006151,1.6061750000000001
804590294.800407,1.433273
804590296.240505,1.377438
804590297.9340329,1.626773
804590299.381849,1.384098
804590300.823506,1.377933
804590302.210987,1.320851
804590303.784922,1.510572
804590305.319234,1.470629
804590306.836437,1.450422
804590308.3202169,1.419901
804590310.070994,1.6842759999999999
804590311.6506519,1.515784
804590313.085623,1.371429
804590314.7073491,1.531416
804590316.082541,1.311729
804590317.623575,1.473506
804590319.084943,1.397965
804590320.545083,1.395756
804590322.523164,1.91143
804590323.984637,1.398085
804590325.71889,1.6477970000000002
804590327.485358,1.699157
804590329.1040571,1.554841
804590330.8944861,1.724616
804590333.0160359,2.058223
804590334.932233,1.8499619999999999
804590336.615297,1.619666
804590338.532851,1.851396
804590340.6746991,2.077467
804590342.414169,1.671613
804590344.1471239,1.669468
804590346.1359301,1.921449
804590348.051225,1.827696
804590349.812722,1.694531
804590351.6460611,1.7699269999999998
804590353.578004,1.869273
804590355.771427,2.127303
804590357.716029,1.881531
804590359.666837,1.8569680000000002
804590361.763434,2.033695
804590363.7203201,1.889856
804590365.74934,1.9659170000000001
804590368.0747,2.2588500000000002
804590369.785754,1.6446399999999999
804590371.487391,1.638485
804590373.357836,1.806136
804590375.0128,1.588679
804590377.2200689,2.14318
804590379.491573,2.20519
804590381.8869561,2.331999
804590384.1898329,2.235636
804590386.245931,1.988506
804590388.1687291,1.860066
804590390.104491,1.86812
804590392.1704661,2.002192
804590394.0776869,1.839714
804590396.2647649,2.12389
804590398.152575,1.821165
804590400.262132,2.045493
804590401.862076,1.533635
804590403.9521091,2.05904
804590405.700088,1.661235
804590407.0517099,1.3199150000000002
804590408.222703,1.139671
804590409.764975,1.4757310000000001
804590411.1246041,1.296935
804590412.439743,1.284042
804590414.343531,1.837825
804590415.824038,1.449516
804590417.486675,1.599008
804590419.765,2.21184
804590421.3821601,1.543674
804590423.410236,1.96183
804590425.6260321,2.1584339999999997
804590427.5693171,1.88298
804590429.2776101,1.645483
804590431.003525,1.664909
804590432.937291,1.876495
804590435.061598,2.0561529999999997
804590437.135031,2.009332
804590438.933615,1.738103
804590441.128269,2.137903
804590443.194991,2.000188
804590445.44919,2.1911370000000003
804590447.674947,2.1582500000000002
804590449.789386,2.050048
804590451.532179,1.676839
804590453.2494769,1.654036
804590455.124885,1.809413
804590456.9979761,1.809814
804590458.720718,1.656462
804590460.84121,2.057832
804590462.8119991,1.904359
804590464.733273,1.857485
804590466.484425,1.6836259999999998
804590468.435734,1.887394
804590470.4778379,1.974778
804590472.2890611,1.747645
804590474.238656,1.882449
804590476.170304,1.868807
804590478.270369,2.034402
804590480.199516,1.865739
804590482.17052,1.905071
804590484.2833351,2.048655
804590486.2773781,1.926766
804590488.2571429,1.91548
804590490.383794,2.0595510000000004
804590492.3608329,1.913826
804590494.2109809,1.783578
804590496.235886,1.961061
804590498.24535,1.943115
804590500.18854,1.880048
804590502.377392,2.1216749999999998
804590504.2962451,1.855946
804590506.614016,2.2511010000000002
804590508.581879,1.904825
804590510.351309,1.703516
804590512.126963,1.712758
804590514.063698,1.869924
804590515.9218739,1.795105
804590518.1134969,2.12808
804590519.8503469,1.670595
804590521.80377,1.890713
804590523.618441,1.7486570000000001
804590525.53107,1.849226
804590527.291965,1.695192
804590529.374289,2.019301
804590531.059262,1.617301
804590532.803904,1.680668
804590534.6432819,1.7730029999999999
804590536.266793,1.559666
804590538.457884,2.124487
804590540.20622,1.6665759999999998
804590541.9397221,1.666585
804590543.792621,1.78867
804590545.54853,1.6919089999999999
804590547.479441,1.8644910000000001
804590549.2082261,1.665589
804590550.925791,1.651551
804590552.949979,1.9603099999999998
804590554.861139,1.844515
804590556.560085,1.635618
804590558.5258471,1.8997179999999998
804590560.294546,1.705872
804590562.192124,1.831044
804590564.0881289,1.832878
804590565.76566,1.6096380000000001
804590567.716698,1.8874250000000001
804590569.670988,1.8898000000000001
804590571.916522,2.178743
804590573.748052,1.767922
804590575.683329,1.868862
804590577.474585,1.7263899999999999
804590579.458865,1.9172390000000001
804590581.380214,1.858087
804590583.1613361,1.714402
804590585.065961,1.841548
804590586.7937139,1.661504
804590589.11539,2.258173
804590590.827466,1.644224
804590593.0496349,2.159017
804590594.721343,1.605408
804590596.7295741,1.944057
804590598.5307779,1.734118
804590600.1947681,1.600817
804590602.373561,2.110779
804590604.146724,1.70924
804590605.987827,1.77385
804590607.760911,1.7088139999999998
804590609.749096,1.925253
804590611.727056,1.910845
804590613.4059501,1.613492
804590615.078901,1.606059
804590616.879117,1.736353
804590618.957818,2.0123200000000003
804590620.895379,1.873843
804590622.575155,1.613216
804590624.542757,1.904499
804590626.771476,2.161097
804590629.3030059,2.468402
804590631.6351961,2.264794
804590633.851326,2.1522210000000004
804590636.4055691,2.483557
804590638.0779229,1.605534
804590639.7790949,1.6379439999999998
804590641.6201011,1.777679
804590643.118626,1.431849
804590644.657549,1.4753209999999999
804590646.107891,1.383537
804590647.595119,1.423525
804590649.7909269,2.1315180000000002
804590651.193823,1.33353
804590652.636713,1.378279
804590654.0707971,1.360227
804590655.673895,1.539535
804590657.3008579,1.562949
804590658.793474,1.426296
804590660.330629,1.473355
804590661.886446,1.489603
804590663.361331,1.411662
804590664.8715969,1.446318
804590666.526145,1.587767
804590668.162956,1.573173
804590669.612882,1.382945
804590671.176568,1.5001330000000002
804590672.6628389,1.422868
804590674.651319,1.92212
804590676.242293,1.527752
804590677.949528,1.640515
804590679.581353,1.568683
804590681.479699,1.835268
804590683.6816859,2.13438
804590685.420956,1.675411
804590687.11257,1.624448
804590689.092029,1.9157659999999999
804590690.637282,1.4788489999999999
804590692.37363,1.67255
804590694.0981461,1.658166
804590696.15308,1.990795
804590697.908813,1.6892129999999999
804590700.119706,2.146378
804590702.049806,1.86181
804590703.9066789,1.7929
804590705.8503101,1.880023
804590707.551908,1.635087
804590709.509722,1.8946919999999998
804590711.577005,2.000122
804590713.433253,1.792133
804590715.372583,1.87253
804590717.164997,1.728975
804590718.9040209,1.672495
804590720.825525,1.8572
804590722.841193,1.929869
804590725.0497711,2.145516
804590726.998103,1.8818210000000002
804590728.718789,1.6573790000000002
804590730.845696,2.0595600000000003
804590733.051247,2.141507
804590735.136613,2.018891
804590737.429476,2.229727
804590739.5361971,2.040291
804590741.2858421,1.686497
804590743.124222,1.771345
804590745.318005,2.130095
804590747.566952,2.182086
804590749.307505,1.6762730000000001
804590751.050012,1.674875
804590753.689488,2.576475
804590755.8367829,2.0795470000000003
804590757.997935,2.097234
804590760.137027,2.072706
804590762.32869,2.124206
804590764.3672969,1.9752340000000002
804590766.038989,1.605639
804590768.082312,1.9788919999999999
804590769.8420991,1.6921
804590771.7767689,1.8712419999999998
804590773.89866,2.058042
804590775.5986379,1.632717
804590777.5334331,1.870962
804590779.0829611,1.482813
804590780.910943,1.763416
804590782.4052731,1.426386
804590784.189427,1.720507
804590785.840186,1.583247
804590787.768696,1.864005
804590789.488807,1.656923
804590790.884847,1.329441
804590792.406164,1.4586709999999998
804590793.9661419,1.493051
804590795.797957,1.7688540000000001
804590797.332555,1.4616939999999998
804590798.858308,1.4583359999999999
804590800.545993,1.622984
804590802.146825,1.533346
804590803.7744249,1.564072
804590805.3756031,1.537019
804590807.044595,1.601234
804590808.410611,1.294881
804590810.070115,1.5771279999999999
804590811.522737,1.388258
804590812.8442241,1.238895
804590814.5368861,1.6267479999999999
804590816.213459,1.6089609999999999
804590817.601471,1.3216320000000001
804590818.903247,1.237506
804590820.6001791,1.627404
804590821.9900601,1.323387
804590823.30432,1.250251
804590824.6444299,1.2765520000000001
804590826.037038,1.325642
804590827.483351,1.374856
804590829.096637,1.52044
804590830.418636,1.251935
804590832.042593,1.560418
804590833.387244,1.277194
804590834.635776,1.185766
804590835.950963,1.2518850000000001
804590837.714429,1.666826
804590839.092328,1.308266
804590840.530256,1.367173
804590841.9752849,1.37229
804590843.250284,1.206464
804590844.5429089,1.223038
804590846.120898,1.5116450000000001
804590847.459991,1.272784
804590849.273259,1.7503659999999999
804590850.6143111,1.275926
804590851.940004,1.264084
804590853.541001,1.5485360000000001
804590854.913668,1.308096
804590856.240502,1.2653059999999998
804590857.591623,1.285183
804590859.3042411,1.643292
804590860.7540619,1.3881320000000001
804590862.333259,1.5149670000000002
804590863.6579931,1.263557
804590865.11474,1.38065
804590866.605822,1.426016
804590868.161314,1.493984
804590869.426921,1.1999840000000002
804590871.014768,1.526084
804590872.385515,1.309194
804590873.78967,1.339545
804590875.376956,1.5257230000000002
804590877.208771,1.745239
804590878.96691,1.693263
804590880.7529839,1.724255
804590882.6131101,1.794223
804590884.217837,1.5427819999999999
804590885.6701629,1.386964
804590887.323172,1.591451
804590889.005785,1.600487
804590890.699554,1.628492
804590892.277468,1.5153180000000002
804590893.89967,1.5493830000000002
804590895.7119,1.7491130000000001
804590897.340091,1.565706
804590899.226835,1.820525
804590901.3473029,1.798958
804590903.090036,1.677746
804590904.7296779,1.5762
804590906.891908,2.095234
804590909.144303,2.190069
804590910.6322069,1.4222569999999999
804590912.587204,1.892547
804590914.516136,1.863273
804590916.2711821,1.692311
804590917.728295,1.390548
804590919.251913,1.461047
804590920.654438,1.34014
804590922.096451,1.376766
804590923.6980109,1.538483
804590925.2882689,1.527106
804590926.63323,1.279609
804590927.955805,1.2532780000000001
804590929.417368,1.371664
804590930.858504,1.375252
804590932.4749831,1.553301
804590934.063146,1.5218479999999999
804590935.730613,1.5988879999999999
804590937.154298,1.3594760000000001
804590938.6757209,1.454707
804590940.138086,1.3978899999999999
804590941.867713,1.662802
804590943.220202,1.288981
804590944.8057389,1.522295
804590946.2044669,1.332207
804590947.676229,1.408269
804590949.114588,1.37432
804590950.781169,1.600592
804590952.247879,1.40252
804590953.60992,1.294379
804590954.784766,1.111232
804590956.148641,1.300122
804590957.551613,1.336958
804590958.660054,1.044668
804590959.9393381,1.215576
804590961.624847,1.594337
804590963.215647,1.524229
804590964.9611009,1.678419
804590980.370946,15.343114
804590981.300841,0.898302
804590982.625688,1.294035
804590983.776442,1.119643
804590985.06435,1.224516
804590986.177643,1.080887
804590987.310656,1.0701960000000001
804590988.860836,1.519009
804590990.579117,1.651887
804590992.051558,1.4077600000000001
804590993.507196,1.400623
804590995.341669,1.770827
804590996.850716,1.455955
804590998.244416,1.3276620000000001
804590999.3594561,1.062554
804591000.542924,1.1312259999999998
804591002.022729,1.425143
804591003.6877,1.6015789999999999
804591005.534445,1.782415
804591007.3556811,1.7544
804591009.287314,1.867824
804591011.1773549,1.8226939999999998
804591013.012383,1.7718
804591014.690811,1.611773
804591016.4853201,1.7301440000000001
804591018.179149,1.6274849999999998
804591020.115648,1.8721949999999998
804591021.8434559,1.6614740000000001
804591023.8336849,1.9268219999999998
804591025.5019699,1.604571
804591027.2471731,1.6788040000000002
804591028.975623,1.6654129999999998
804591030.9742169,1.930916
804591032.889556,1.8521480000000001
804591034.733344,1.7771379999999999
804591036.499311,1.703156
804591038.4104271,1.843759
804591040.184628,1.709852
804591042.094646,1.843121
804591043.926792,1.7687480000000002
804591045.697886,1.707561
804591047.626632,1.8622560000000001
804591049.726431,2.0361770000000003
804591051.5046359,1.711826
804591053.467777,1.899989
804591055.4395441,1.905041
804591057.62605,2.1234290000000002
804591059.587818,1.895389
804591061.348057,1.696746
804591063.4645549,2.050219
804591065.295393,1.767711
804591067.43684,2.0566590000000002
804591069.163465,1.6629019999999999
804591071.092066,1.86166
804591073.160517,2.0043970000000004
804591074.925527,1.69854
804591076.856979,1.868415
804591078.684394,1.760916
804591080.628301,1.880655
804591082.574688,1.879642
804591084.5139741,1.875782
804591086.670931,2.0905080000000003
804591088.450169,1.7152129999999999
804591090.2803351,1.763617
804591092.47704,2.132375
804591094.407335,1.863283
804591096.192622,1.722225
804591097.948174,1.6888370000000001
804591099.8392279,1.827184
804591101.773106,1.870576
804591103.699301,1.858844
804591105.438957,1.676173
804591107.660846,2.155965
804591109.62109,1.8972380000000002
804591111.606984,1.919765
804591113.414458,1.744471
804591115.413116,1.932404
804591117.438898,1.9624540000000001
804591119.56558,2.060413
804591121.442561,1.813327
804591123.554433,2.0444259999999996
804591125.34611,1.72835
804591127.616462,2.203502
804591130.124868,2.444493
804591132.5146979,2.3227629999999997
804591134.8312621,2.252986
804591136.5152229,1.6202969999999999
804591138.2794809,1.6956479999999998
804591140.1696471,1.826649
804591142.132748,1.897323
804591143.911469,1.715509
804591145.951755,1.9772990000000001
804591148.039206,2.020975
804591150.245754,2.1392160000000002
804591151.9753909,1.66625
804591154.2146649,2.146108
804591156.115602,1.83348
804591157.730848,1.548481
804591159.9104929,2.115075
804591161.984563,2.01015
804591163.951703,1.899729
804591165.770729,1.72869
804591167.83057,1.993366
804591169.833007,1.9392
804591171.6115791,1.712267
804591173.5705,1.895835
804591175.709085,2.072642
804591177.585153,1.813017
804591179.726494,2.074836
804591181.672039,1.882117
804591183.616246,1.878058
804591185.528193,1.848564
804591187.273342,1.678623
804591189.100045,1.763862
804591191.034415,1.8679949999999999
804591192.680197,1.58247
804591194.3311961,1.584514
804591196.047708,1.652242
804591197.676556,1.5604740000000001
804591199.451018,1.711595
804591201.167379,1.65313
804591203.237524,2.0045330000000003
804591204.9818511,1.680618
804591206.9779841,1.929127
804591208.937431,1.896331
804591210.717582,1.713951
804591212.847136,2.066021
804591214.776829,1.8622319999999999
804591217.00202,2.162065
804591218.9303501,1.8609580000000001
804591220.860143,1.865478
804591222.817927,1.890788
804591224.54336,1.660832
804591226.4387281,1.828648
804591228.170159,1.668019
804591230.196262,1.959202
804591231.934665,1.6746050000000001
804591233.965539,1.9669510000000001
804591235.624843,1.593065
804591237.6059611,1.917535
804591239.433136,1.760565
804591241.44247,1.946432
804591243.391037,1.881846
804591245.695663,2.241319
804591247.406567,1.644298
804591249.239585,1.7693800000000002
804591251.198025,1.8916689999999998
804591253.821113,2.55983
804591256.396915,2.5095080000000003
804591258.7605989,2.2973350000000003
804591260.872251,2.0477440000000002
804591262.943619,1.985483
804591264.894382,1.886553
804591266.743022,1.781949
804591268.586279,1.7794130000000001
804591270.801246,2.148693
804591272.7045081,1.839332
804591274.82493,2.054013
804591276.6118361,1.724064
804591278.559415,1.880739
804591280.328835,1.7062279999999999
804591282.082985,1.68762
804591283.852104,1.705727
804591285.820718,1.905166
804591287.660156,1.772327
804591289.436993,1.713254
804591291.6144841,2.1110059999999997
804591293.473077,1.795566
804591295.242607,1.703076
804591297.17204,1.8657089999999998
804591299.11578,1.876098
804591301.024811,1.84474
804591303.397876,2.3071770000000003
804591305.3522971,1.890497
804591307.241436,1.822835
804591309.367612,2.062839
804591311.745604,2.31048
804591313.673298,1.863434
804591315.4984931,1.758138
804591317.751168,2.189519
804591319.88869,2.070982
804591321.715935,1.7638420000000001
804591324.060674,2.278746
804591325.995108,1.867598
804591327.7913209,1.7329400000000001
804591330.052305,2.196715
804591332.16256,2.043669
804591333.956206,1.7302890000000002
804591335.844424,1.824343
804591337.670515,1.761426
804591339.5387859,1.800833
804591341.324448,1.722556
804591343.3394101,1.948452
804591345.2511009,1.848379
804591347.1746501,1.856167
804591348.9819541,1.7437850000000001
804591351.040146,1.9905000000000002
804591352.9778631,1.873387
804591354.897167,1.853501
804591356.925044,1.964539
804591358.720985,1.729662
804591360.608335,1.823762
804591362.578352,1.903292
804591364.3729061,1.7302540000000002
804591366.407549,1.9680079999999998
804591368.308375,1.837018
804591370.106783,1.732003
804591372.041187,1.869633
804591374.053963,1.944718
804591375.984208,1.867082
804591378.1871221,2.113336
804591379.936405,1.683024
804591381.8918381,1.892066
804591383.9730691,2.0139989999999997
804591385.759289,1.696761
804591387.732703,1.9077169999999999
804591389.669654,1.8728760000000002
804591391.586131,1.8487950000000002
804591393.582626,1.932615
804591395.6690791,2.019618
804591397.656612,1.923694
804591399.8405119,2.11758
804591402.221812,2.317616
804591404.303243,2.015313
804591406.4577049,2.087776
804591408.437063,1.915009
804591410.424732,1.921495
804591412.234396,1.7463870000000001
804591414.045107,1.744352
804591415.6454439,1.536663
804591417.346459,1.636716
804591419.29455,1.881035
804591421.3501021,1.9919629999999997
804591423.1485491,1.731983
804591425.234862,2.0231009999999996
804591427.234192,1.932324
804591429.0830469,1.785071
804591430.826377,1.6771850000000001
804591432.717575,1.8269090000000001
804591434.6267209,1.841945
804591436.5346041,1.844775
804591438.263765,1.662837
804591440.071524,1.743505
804591442.0702031,1.931803
804591444.000102,1.866486
804591446.0587,1.966634
804591447.980355,1.858447
804591449.817562,1.748992
804591451.915247,2.030247
804591453.9145219,1.936269
804591455.673168,1.672995
804591457.566431,1.830317
804591459.447096,1.81443
804591461.279387,1.769009
804591463.158628,1.812445
804591465.232847,2.010341
804591466.865754,1.504879
804591468.610487,1.6807390000000002
804591470.8906109,2.213469
804591472.776648,1.822583
804591474.5727501,1.7297669999999998
804591476.695853,2.0590289999999998
804591478.920548,2.159142
804591481.073932,2.089861
804591483.121886,1.9816799999999999
804591485.0249269,1.839995
804591487.1204569,2.028835
804591489.111889,1.92828
804591490.9893559,1.8107920000000002
804591492.950192,1.897553
804591494.611184,1.594197
804591496.5765301,1.902014
804591498.329743,1.6865370000000002
804591500.464924,2.0711229999999996
804591502.601033,2.070386
804591505.08006,2.4156400000000002
804591507.3472639,2.2011399999999997
804591509.381075,1.970027
804591511.318066,1.871087
804591513.467341,2.085436
804591515.376621,1.84223
804591517.186135,1.745895
804591518.847092,1.5945880000000001
804591520.7973781,1.886638
804591522.608901,1.7450029999999999
804591524.830223,2.157328
804591527.129582,2.232603
804591528.780897,1.587812
804591530.536826,1.68978
804591532.354804,1.753714
804591534.243407,1.8213570000000001
804591536.411927,2.104906
804591538.104663,1.625264
804591539.781042,1.613056
804591541.5369749,1.691684
804591543.2677,1.660742
804591545.1243631,1.793747
804591547.035649,1.844329
804591549.036487,1.93699
804591551.1141449,2.0104010000000003
804591553.085796,1.908544
804591555.2078719,2.055206
804591557.271086,2.000689
804591559.482316,2.144118
804591561.364283,1.81836
804591563.249367,1.817427
804591565.251158,1.937511
804591567.274971,1.9571419999999997
804591569.092713,1.753694
804591570.863907,1.704474
804591572.643957,1.716101
804591574.757263,2.0464599999999997
804591576.9280419,2.107678
804591579.0055851,2.010992
804591580.947832,1.8785340000000001
804591583.039218,2.024835
804591584.814637,1.712443
804591586.927802,2.045773
804591588.857265,1.866211
804591590.798881,1.8746909999999999
804591592.766482,1.904204
804591594.870306,2.037464
804591596.896649,1.9631409999999998
804591599.131919,2.168775
804591601.010548,1.8150359999999999
804591603.001163,1.923068
804591605.350098,2.285947
804591607.3134251,1.897358
804591609.163663,1.786971
804591611.4624,2.232754
804591613.7289579,2.183669
804591615.40888,1.591596
804591617.329757,1.857861
804591619.45233,2.056172
804591621.36796,1.852494
804591623.117018,1.682403
804591625.010041,1.829645
804591627.371485,2.2945930000000003
804591629.764326,2.329564
804591632.2522739,2.420736
804591634.555708,2.232549
804591636.287921,1.668866
804591638.122724,1.766393
804591639.993865,1.807709
804591642.137437,2.0451520000000003
804591644.174901,1.973801
804591646.170332,1.928411
804591648.1793259,1.945665
804591649.953737,1.7073500000000001
804591652.142694,2.125429
804591654.242975,2.0131620000000003
804591656.1624889,1.856468
804591658.18155,1.951654
804591660.039356,1.794634
804591662.1022849,1.9956470000000002
804591663.9486539,1.782716
804591665.791344,1.754064
804591667.619406,1.7615669999999999
804591669.378216,1.695087
804591671.118033,1.673091
804591672.9204199,1.739055
804591674.65978,1.672926
804591676.425311,1.7022389999999998
804591678.1943951,1.7031660000000002
804591680.270715,2.013112
804591682.241058,1.903923
804591684.162196,1.8577400000000002
804591686.119769,1.889931
804591687.813964,1.631243
804591689.72141,1.844249
804591691.6639631,1.875181
804591693.663825,1.936765
804591695.629688,1.899584
804591697.596483,1.903477
804591699.450379,1.78647
804591701.451013,1.9374559999999998
804591703.289479,1.771174
804591705.199416,1.846218
804591707.332237,2.0657959999999997
804591709.482143,2.086614
804591711.4458901,1.896721
804591713.3284739,1.818896
804591715.095749,1.700771
804591716.865795,1.705992
804591718.772636,1.840576
804591720.790585,1.954572
804591722.829372,1.9719870000000002
804591724.845812,1.952316
804591726.854945,1.942884
804591728.8434349,1.925152
804591730.950336,2.03991
804591732.8854971,1.871778
804591734.783537,1.8313139999999999
804591736.704931,1.858402
804591738.5677079,1.795792
804591740.432175,1.801099
804591742.317585,1.8193059999999999
804591744.2754639,1.894231
804591746.22795,1.886312
804591748.280389,1.988641
804591750.32923,1.9825620000000002
804591752.496055,2.103443
804591754.199988,1.637036
804591756.124584,1.8606779999999998
804591758.410973,2.218912
804591760.285183,1.810816
804591762.346021,1.9940579999999999
804591764.1586471,1.749584
804591765.981296,1.75665
804591767.822894,1.778091
804591769.910996,2.024003
804591771.609576,1.6325070000000002
804591773.42805,1.743014
804591775.4402599,1.9443620000000001
804591777.172133,1.669127
804591778.944345,1.705205
804591780.816058,1.807829
804591783.066889,2.18364
804591784.918025,1.7881690000000001
804591786.9648011,1.980356
804591788.728873,1.7011159999999999
804591790.498624,1.703672
804591792.369681,1.8065609999999999
804591794.626034,2.1904049999999997
804591796.6424301,1.95225
804591798.574007,1.864522
804591800.500723,1.863554
804591802.346616,1.778857
804591804.444902,2.0348829999999998
804591806.573604,2.062052
804591808.39251,1.755503
804591810.16843,1.709616
804591812.073877,1.8424500000000001
804591813.97137,1.8308529999999998
804591815.8607891,1.825836
804591818.173369,2.249353
804591820.512481,2.272256
804591822.769075,2.19027
804591824.9542431,2.1215800000000002
804591826.804326,1.783121
804591828.9633579,2.0957649999999997
804591831.213077,2.181972
804591833.167122,1.890487
804591835.093949,1.8604209999999999
804591837.37277,2.214397
804591839.291888,1.852163
804591841.165045,1.809895
804591843.2133139,1.9820250000000001
804591845.0482119,1.771525
804591847.214045,2.098656
804591849.134436,1.829826
804591851.2408011,2.0390420000000002
804591853.097649,1.7933910000000002
804591855.173393,2.009309
804591856.970007,1.733011
804591858.8337721,1.7971389999999998
804591860.899141,2.001851
804591862.9698521,2.003791
804591865.039451,2.0062919999999997
804591866.91565,1.809102
804591868.910359,1.931006
804591870.9038911,1.926706
804591872.9309161,1.9639179999999998
804591874.653422,1.655349
804591877.034792,2.3169399999999998
804591879.296158,2.195177
804591881.32818,1.9679419999999999
804591883.1536299,1.758951
804591885.01531,1.798654
804591886.856823,1.774321
804591889.150739,2.230414
804591891.039096,1.822033
804591893.185589,2.0829199999999997
804591895.497993,2.2458650000000002
804591897.5867369,2.025481
804591899.836585,2.182998
804591901.9735371,2.0737490000000003
804591903.8836399,1.843027
804591905.703773,1.7566249999999999
804591907.469319,1.698344
804591909.616894,2.084163
804591911.515425,1.830843
804591913.83028,2.251007
804591915.646865,1.749493
804591917.428648,1.718617
804591919.130321,1.633954
804591921.245561,2.0514069999999998
804591923.202673,1.890377
804591925.386889,2.120473
804591927.2141939,1.760024
804591929.2935259,2.016195
804591931.175568,1.815202
804591933.153103,1.913115
804591935.126312,1.9056819999999999
804591936.923372,1.734219
804591938.691223,1.70069
804591940.644005,1.8883420000000002
804591942.3531001,1.641782
804591944.4316341,2.0147709999999996
804591946.4568,1.958506
804591948.809769,2.2888689999999996
804591950.8915011,2.0149220000000003
804591952.690526,1.7352999999999998
804591954.518111,1.761306
804591956.206708,1.625034
804591958.448398,2.174688
804591960.624269,2.1119630000000003
804591962.6017389,1.910729
804591964.4883109,1.8224479999999998
804591966.331889,1.776672
804591968.593214,2.197381
804591970.598243,1.937712
804591972.359304,1.697247
804591974.315013,1.888447
804591976.390095,2.0111640000000004
804591978.368897,1.912774
804591980.323288,1.8913140000000002
804591982.343402,1.9528429999999999
804591984.352871,1.944708
804591986.3022449,1.883169
804591988.4681629,2.102496
804591990.3869909,1.8526090000000002
804591992.306696,1.8564429999999998
804591994.194742,1.820735
804591996.146161,1.8876959999999998
804591998.218226,2.003892
804592000.1589,1.8772369999999998
804592002.3229741,2.0972030000000004
804592004.139885,1.753202
804592005.973359,1.766428
804592008.150077,2.11305
804592009.915262,1.699061
804592011.749348,1.769571
804592013.5277289,1.714677
804592015.456194,1.861349
804592017.482337,1.9623950000000001
804592019.431295,1.8811710000000001
804592021.2201251,1.724942
804592023.295663,2.0084220000000004
804592025.381981,2.022675
804592027.4672921,2.018395
804592029.211974,1.681395
804592031.097344,1.818249
804592032.898147,1.736974
804592034.796553,1.831189
804592036.7143179,1.8541720000000002
804592038.5206801,1.738764
804592040.303446,1.719098
804592042.256915,1.886186
804592044.128317,1.8075439999999998
804592046.353949,2.13035
804592048.664294,2.247328
804592050.9011171,2.169938
804592052.91648,1.95193
804592055.117309,2.134029
804592057.276793,2.096
804592059.110824,1.766448
804592061.125916,1.951455
804592063.031177,1.83813
804592064.731256,1.636441
804592066.718082,1.919389
804592068.820949,2.039148
804592070.9197049,2.031781
804592073.0312771,2.047984
804592075.112934,2.014516
804592076.9581361,1.781844
804592078.701129,1.675943
804592080.5727619,1.8080850000000002
804592082.678035,2.015072
804592084.682688,1.941025
804592086.5832981,1.833369
804592088.8152,2.1681489999999997
804592090.742092,1.85994
804592092.641269,1.83616
804592094.646067,1.937326
804592096.747961,2.038452
804592098.58556,1.7715649999999998
804592100.485654,1.836512
804592102.257194,1.704359
804592104.135062,1.8146900000000001
804592106.124284,1.9218250000000001
804592107.9303999,1.742898
804592110.313012,2.319411
804592112.164809,1.785523
804592113.99903,1.767491
804592115.804183,1.741816
804592117.562082,1.694255
804592119.4560059,1.826964
804592121.2302979,1.710598
804592123.524379,2.2284789999999997
804592125.812181,2.223843
804592128.398759,2.5207699999999997
804592130.619771,2.154492
804592132.759614,2.076606
804592134.2033011,1.377056
804592135.91235,1.645772
804592137.496368,1.520661
804592139.3350999,1.77158
804592141.575536,2.177089
804592143.439677,1.797055
804592145.249165,1.74582
804592147.289942,1.9733699999999998
804592149.721148,2.367723
804592151.357895,1.56972
804592153.16838,1.746998
804592155.2809241,2.046686
804592157.077047,1.73281
804592158.750418,1.606576
804592160.698183,1.884428
804592162.577113,1.812656
804592164.3554391,1.715264
804592166.089096,1.6671170000000002
804592167.929346,1.7762209999999998
804592169.905563,1.9122080000000001
804592171.8502711,1.8776279999999999
804592173.718972,1.804988
804592175.5010569,1.715365
804592177.259987,1.695568
804592179.409227,2.081902
804592181.277437,1.805068
804592183.1108559,1.76737
804592185.201769,2.0273499999999998
804592186.996523,1.728339
804592188.709487,1.649832
804592190.4013621,1.625425
804592192.24905,1.78431
804592193.7982919,1.4833290000000001
804592195.810502,1.948873
804592197.318934,1.444744
804592199.388032,2.0023419999999996
804592201.4571451,2.0053900000000002
804592203.190301,1.666956
804592205.113935,1.860261
804592206.8827729,1.7015470000000001
804592208.632538,1.686462
804592210.569252,1.871002
804592212.341804,1.70955
804592214.299629,1.891499
804592216.219825,1.856729
804592218.097387,1.810902
804592219.887625,1.726991
804592221.983987,2.0331490000000003
804592223.914091,1.863699
804592225.850875,1.873497
804592227.647083,1.730269
804592229.556223,1.846109
804592231.4662709,1.844304
804592233.593895,2.064772
804592235.42131,1.761266
804592237.570605,2.086368
804592239.2540251,1.598773
804592241.464843,2.147682
804592243.449198,1.917515
804592245.260636,1.747925
804592247.588893,2.2619219999999998
804592249.356493,1.70483
804592251.417101,1.993697
804592253.614533,2.1345959999999997
804592255.737336,2.0563830000000003
804592257.911062,2.1106100000000003
804592259.8667611,1.889654
804592261.4239321,1.493638
804592263.380242,1.8901409999999998
804592265.478347,2.035009
804592267.643579,2.098241
804592269.35496,1.648709
804592271.1710579,1.749754
804592273.1396971,1.904675
804592275.078241,1.87233
804592277.083385,1.941485
804592279.3073281,2.1572980000000004
804592281.354319,1.9842050000000002
804592283.290292,1.8692579999999999
804592285.1406361,1.7872910000000002
804592287.078237,1.871638
804592289.066918,1.9257790000000001
804592291.280773,2.146734
804592293.0717441,1.727668
804592294.9891679,1.8501130000000001
804592296.810193,1.75654
804592298.666997,1.7899630000000002
804592300.94031,2.2101759999999997
804592303.182967,2.176112
804592305.098016,1.850855
804592307.398473,2.234026
804592309.504196,2.041227
804592311.467617,1.897844
804592313.362304,1.83148
804592315.277228,1.846836
804592317.170853,1.830463
804592319.209149,1.971466
804592321.2017341,1.929127
804592323.227265,1.9591220000000003
804592325.4015629,2.1110450000000003
804592327.2753611,1.807989
804592328.95424,1.6158979999999998
804592330.727855,1.707537
804592332.5605329,1.769315
804592334.673833,2.0468309999999996
804592336.487692,1.749609
804592338.660431,2.105909
804592340.765608,2.040962
804592342.478366,1.644901
804592344.798087,2.256264
804592346.5570681,1.692647
804592348.3108469,1.690491
804592350.108663,1.731608
804592352.279388,2.1064909999999997
804592354.2388,1.892692
804592356.32587,2.0238080000000003
804592358.450086,2.057486
804592360.200066,1.686377
804592362.1567919,1.888984
804592363.905313,1.685389
804592365.771975,1.8035189999999999
804592367.525312,1.686612
804592369.3709149,1.782345
804592371.573573,2.136264
804592373.722603,2.085486
804592375.5535909,1.76301
804592378.194391,2.576624
804592380.517314,2.2561730000000004
804592382.4261941,1.84241
804592384.282291,1.79284
804592386.243016,1.894296
804592388.356257,2.0498529999999997
804592390.286907,1.863589
804592392.395532,2.045824
804592394.718135,2.2554670000000003
804592396.668582,1.887309
804592398.599333,1.8649280000000001
804592400.804663,2.141848
804592402.939604,2.067825
804592404.596086,1.593545
804592406.6461799,1.9815890000000003
804592408.52712,1.817857
804592410.852324,2.259055
804592412.744324,1.8289689999999998
804592414.432024,1.6217869999999999
804592416.181713,1.686187
804592418.16676,1.918553
804592419.7176911,1.48796
804592421.517953,1.736734
804592423.1938109,1.609337
804592425.2552661,1.997627
804592427.442449,2.120542
804592429.207829,1.702018
804592431.090413,1.815477
804592433.08416,1.930621
804592434.84065,1.688502
804592436.7172899,1.7953649999999999
804592438.86879,2.085436
804592440.939432,2.00766
804592443.133435,2.127644
804592444.986971,1.790274
804592447.108671,2.054789
804592448.785536,1.613267
804592450.7215041,1.869773
804592452.928758,2.1430350000000002
804592455.1851871,2.189393
804592457.042497,1.7940770000000001
804592458.863026,1.754239
804592460.97988,2.0535710000000003
804592462.7904611,1.743711
804592464.652667,1.798964
804592466.5762609,1.856884
804592468.6691849,2.0299110000000002
804592470.410123,1.674213
804592472.136709,1.663714
804592474.1391411,1.935647
804592476.275019,2.072546
804592478.013056,1.671487
804592479.9431399,1.8669170000000002
804592482.042845,2.01176
804592483.859195,1.7495690000000002
804592485.647809,1.724726
804592488.037193,2.322809
804592490.304011,2.200053
804592492.151002,1.7838479999999999
804592494.1273841,1.9088340000000001
804592495.879183,1.68786
804592497.860581,1.917916
804592499.9285711,2.001545
804592502.241763,2.249698
804592504.423949,2.114804
804592506.517213,2.026324
804592508.455802,1.874831
804592510.141513,1.619405
804592511.780143,1.575153
804592513.779729,1.935617
804592515.296245,1.449601
804592516.739866,1.3799979999999998
804592518.380472,1.5744859999999998
804592520.09785,1.653385
804592522.1153979,1.9498149999999999
804592523.876158,1.6967709999999998
804592525.7920841,1.8529799999999998
804592527.494683,1.63656
804592529.345413,1.787262
804592531.586587,2.1746589999999997
804592533.362904,1.712879
804592535.11166,1.6811639999999999
804592537.180197,2.005194
804592539.005061,1.7584199999999999
804592540.82785,1.758901
804592542.591737,1.69639
804592544.398429,1.743299
804592546.551227,2.086252
804592548.3539339,1.739631
804592550.069574,1.649481
804592552.172486,2.0395790000000003
804592554.239243,2.0001480000000003
804592555.956822,1.654417
804592558.0345161,1.987548
804592559.804783,1.703598
804592561.725676,1.85778
804592563.744226,1.951489
804592565.756762,1.949414
804592567.5898451,1.766629
804592569.55035,1.897253
804592571.631731,2.015177
804592573.399778,1.704755
804592575.301626,1.8356839999999999
804592577.2268441,1.862336
804592579.324098,2.030808
804592581.15232,1.765045
804592582.959929,1.7408739999999998
804592584.9314151,1.908585
804592586.9995049,2.000508
804592589.129244,2.0664070000000003
804592591.128279,1.933127
804592593.004377,1.812716
804592594.7737371,1.7020080000000002
804592596.600761,1.763196
804592598.696952,2.029761
804592600.855583,2.095294
804592602.782185,1.85931
804592604.596765,1.751614
804592606.521447,1.856754
804592608.659124,2.0736529999999997
804592610.584407,1.8576510000000002
804592612.522836,1.875136
804592614.383017,1.7941179999999999
804592616.406689,1.9599389999999999
804592618.469412,1.995457
804592620.425462,1.892622
804592622.3513969,1.859891
804592624.5857551,2.1709199999999997
804592627.125799,2.472873
804592629.605057,2.415479
804592632.1494509,2.459823
804592634.357302,2.141431
804592636.2603531,1.8396389999999998
804592638.321182,1.9939519999999997
804592640.448951,2.064597
804592642.241816,1.725943
804592643.999213,1.694275
804592645.8028331,1.712598
804592647.607134,1.7414150000000002
804592649.777308,2.1064249999999998
804592651.647302,1.802362
804592653.5285981,1.817923
804592655.603674,2.00765
804592657.579029,1.911782
804592659.536276,1.890978
804592661.4237059,1.823732
804592663.269514,1.778677
804592665.222196,1.889504
804592667.4540019,2.164244
804592669.193984,1.6753
804592671.070027,1.8088119999999999
804592672.951683,1.815933
804592674.5824499,1.5636510000000001
804592676.3470091,1.700991
804592678.3548551,1.941376
804592680.284614,1.865905
804592682.162296,1.8107959999999999
804592684.086526,1.860853
804592685.8749651,1.721308
804592687.682173,1.744402
804592689.429597,1.658767
804592691.32472,1.828358
804592693.1741511,1.786149
804592695.285718,2.0454779999999997
804592697.2747589,1.925824
804592699.1888111,1.847547
804592701.239336,1.9870059999999998
804592703.152812,1.84673
804592705.4071159,2.1911180000000003
804592706.976801,1.5030340000000002
804592708.5567499,1.516671
804592710.228838,1.605799
804592711.951018,1.6592740000000001
804592713.7241371,1.685053
804592715.4492791,1.659333
804592717.211587,1.698761
804592718.940082,1.661884
804592721.196691,2.193473
804592723.11812,1.8553650000000002
804592725.036843,1.8558260000000002
804592726.794571,1.691259
804592728.6717769,1.813884
804592730.9174861,2.1795
804592732.852732,1.872249
804592734.973871,2.0544040000000003
804592737.277325,2.239088
804592739.056297,1.711761
804592740.75168,1.6319450000000002
804592742.47181,1.6535009999999999
804592744.1928619,1.657535
804592746.1320931,1.872536
804592748.0433841,1.848104
804592750.117138,2.006417
804592752.457963,2.277368
804592754.817417,2.292784
804592757.40834,2.52747
804592759.8223611,2.345707
804592761.532347,1.646083
804592763.4820219,1.883511
804592765.539132,1.9940740000000001
804592767.451064,1.845532
804592769.505773,1.9918179999999999
804592771.7812921,2.209295
804592773.540584,1.696099
804592775.761124,2.153785
804592777.976377,2.1512789999999997
804592779.7846379,1.741951
804592781.69692,1.84896
804592783.5400871,1.779218
804592785.62865,2.025446
804592787.571579,1.876895
804592789.31996,1.684828
804592791.180923,1.7938319999999999
804592792.982087,1.7375509999999998
804592795.060873,2.011514
804592796.8231119,1.699046
804592798.874293,1.983318
804592800.86142,1.923634
804592802.687406,1.75865
804592804.468298,1.7166270000000001
804592806.229178,1.693438
804592807.9827659,1.690085
804592809.941432,1.8722999999999999
804592811.8222921,1.814004
804592813.686894,1.800508
804592815.799693,2.04667
804592817.747018,1.883891
804592819.667379,1.8525239999999998
804592821.784003,2.053847
804592823.7200259,1.869403
804592825.722719,1.9207670000000001
804592827.758945,1.9695310000000001
804592829.6930829,1.871062
804592831.631883,1.871097
804592833.34199,1.646549
804592835.301042,1.8932039999999999
804592837.3874309,2.0233209999999997
804592839.363817,1.9092250000000002
804592841.422747,1.995401
804592843.361075,1.871869
804592845.117755,1.6934280000000002
804592846.834192,1.650483
804592848.76819,1.870781
804592850.888322,2.052649
804592852.7498261,1.798117
804592854.816894,1.999285
804592856.619466,1.7398209999999998
804592858.7203981,2.033846
804592860.664705,1.880238
804592862.4277099,1.6960840000000001
804592864.5315591,2.040702
804592866.388027,1.789617
804592868.176016,1.725198
804592870.265657,2.022544
804592872.257159,1.9278030000000002
804592874.228349,1.905
804592876.203603,1.912508
804592878.725996,2.455468
804592881.043287,2.254434
804592883.45598,2.3460669999999997
804592886.036162,2.516585
804592888.23375,2.130832
804592889.939287,1.641312
804592891.9043779,1.9017680000000001
804592894.019122,2.050935
804592895.968531,1.881942
804592898.352091,2.29798
804592900.377422,1.958876
804592902.416434,1.9725279999999998
804592904.5662601,2.086168
804592906.5803,1.946752
804592908.442145,1.798468
804592910.3459281,1.836597
804592912.2756209,1.865715
804592914.19073,1.847592
804592916.261256,2.007675
804592918.516452,2.189313
804592920.557605,1.9779009999999997
804592922.456963,1.832583
804592924.445429,1.924832
804592926.246116,1.734253
804592928.2832,1.9738059999999997
804592930.2390839,1.889228
804592931.963935,1.661539
804592934.0393021,1.9892120000000002
804592935.976699,1.871307
804592938.102248,2.0401949999999998
804592939.850088,1.681189
804592941.91905,2.005039
804592943.872007,1.886563
804592945.826253,1.8908429999999998
804592947.943383,2.050525
804592949.788976,1.7592059999999998
804592952.076998,2.2217629999999997
804592954.2593349,2.115455
804592956.343698,2.020961
804592958.478113,2.068491
804592960.461606,1.919274
804592962.5323731,2.004733
804592964.645664,2.049026
804592966.963415,2.250555
804592968.649587,1.6220970000000001
804592970.505383,1.789262
804592972.5952951,2.02661
804592974.52999,1.868235
804592976.682346,2.089109
804592979.064999,2.315652
804592980.992342,1.864061
804592982.737525,1.678744
804592984.6606181,1.860161
804592986.8426491,2.115692
804592988.7024189,1.7963479999999998
804592990.7618799,1.9937230000000001
804592992.688797,1.863625
804592994.6327989,1.877267
804592996.571418,1.874726
804592998.659199,2.021201
804593000.450866,1.728034
804593003.30022,2.782524
804593005.7264099,2.362496
804593007.498075,1.7045190000000001
804593009.610403,2.048565
804593011.904199,2.226194
804593013.691702,1.723744
804593015.7321429,1.974277
804593017.6824901,1.887014
804593019.79312,2.043829
804593021.629666,1.77342
804593023.72314,2.027355
804593025.489047,1.7030560000000001
804593027.295709,1.64913
804593029.346584,1.9876680000000002
804593031.6411071,2.22872
804593033.624871,1.9204020000000002
804593035.379146,1.688557
804593037.313114,1.870616
804593039.352493,1.9733749999999999
804593041.2681079,1.8525239999999998
804593043.2184991,1.883335
804593045.00317,1.721634
804593046.893221,1.822875
804593048.9972359,2.041378
804593051.258762,2.1937480000000003
804593053.211218,1.889223
804593055.116148,1.838802
804593057.048578,1.869037
804593058.844339,1.729247
804593060.695254,1.7875180000000002
804593062.742315,1.97979
804593064.603018,1.797731
804593066.785024,2.1162669999999997
804593068.588287,1.73943
804593070.3210369,1.66611
804593072.404675,2.020129
804593074.569245,2.097228
804593076.440868,1.8085760000000002
804593078.190431,1.682698
804593080.395992,2.14094
804593082.357544,1.8950429999999998
804593084.368682,1.9474749999999998
804593086.475463,2.0392129999999997
804593088.3807139,1.841874
804593090.184529,1.736594
804593092.370465,2.122773
804593094.614776,2.178157
804593096.437049,1.7591359999999998
804593098.461197,1.958034
804593100.177999,1.653821
804593102.178527,1.9343789999999998
804593103.9262071,1.684051
804593105.702869,1.7135200000000002
804593107.9727689,2.20288
804593109.814698,1.753793
804593111.608875,1.7281090000000001
804593113.505472,1.833409
804593115.4298279,1.858158
804593117.403674,1.910148
804593119.49344,2.023853
804593121.687183,2.1305310000000004
804593123.653531,1.900124
804593125.5205641,1.803183
804593128.238963,2.651193
804593130.542026,2.236759
804593133.099952,2.494494
804593134.982386,1.815838
804593136.688699,1.643011
804593138.623088,1.8677089999999998
804593140.7698319,2.083661
804593142.681057,1.844941
804593144.6118529,1.867122
804593146.487921,1.809614
804593148.420285,1.868836
804593150.3251561,1.83842
804593152.148201,1.7598729999999998
804593153.9903951,1.7750380000000001
804593156.148316,2.094522
804593158.116814,1.9014380000000002
804593160.197158,2.017252
804593162.390265,2.126366
804593164.323125,1.869453
804593166.2405651,1.850914
804593168.419689,2.1160430000000003
804593170.188202,1.701396
804593172.121844,1.870541
804593173.918157,1.729533
804593176.114266,2.132902
804593177.881611,1.7007050000000001
804593179.641153,1.69627
804593181.585892,1.881761
804593183.52661,1.8742990000000002
804593185.419307,1.82948
804593187.544927,2.059254
804593189.328996,1.720737
804593191.117821,1.7224110000000001
804593193.0784509,1.8967669999999999
804593194.8592831,1.7146080000000001
804593196.8212559,1.898441
804593198.5556151,1.667824
804593200.3513169,1.732499
804593202.3140819,1.89642
804593204.040832,1.662732
804593206.4363949,2.3291980000000003
804593208.230363,1.731166
804593210.463733,2.166825
804593212.4248639,1.897684
804593214.4258881,1.934695
804593216.589286,2.099855
804593218.352527,1.6968370000000002
804593220.336171,1.920703
804593222.179949,1.777564
804593224.409716,2.148483
804593226.1987619,1.721855
804593228.155308,1.8920199999999998
804593229.924176,1.7019680000000001
804593231.675619,1.688607
804593233.560558,1.8219569999999998
804593235.682885,2.0557969999999997
804593237.465406,1.719528
804593239.374315,1.842169
804593241.270772,1.832727
804593243.382218,2.0444109999999998
804593245.3122929,1.867117
804593247.0959059,1.717469
804593248.887152,1.7275820000000002
804593251.054754,2.101092
804593253.824648,2.706738
804593256.1864779,2.295685
804593258.539211,2.286439
804593260.927036,2.324723
804593262.725874,1.731457
804593264.6980469,1.90916
804593266.516411,1.752151
804593268.633145,2.053873
804593270.563154,1.8638050000000002
804593272.531106,1.90454
804593274.801097,2.203275
804593276.613482,1.749619
804593278.35862,1.678739
804593280.368686,1.947179
804593282.4649221,2.029831
804593284.233966,1.705711
804593285.948869,1.648703
804593288.331958,2.319977
804593290.519402,2.121655
804593292.449621,1.867779
804593294.4474081,1.931478
804593296.420217,1.9099970000000002
804593298.318928,1.832657
804593300.121264,1.739475
804593301.92109,1.7332809999999998
804593303.865533,1.8812099999999998
804593305.515339,1.586835
804593307.492112,1.887084
804593309.190061,1.635062
804593311.163962,1.905792
804593312.97539,1.7484359999999999
804593314.805176,1.762464
804593316.917414,2.047513
804593318.9412321,1.9577280000000001
804593320.867752,1.8637350000000001
804593323.281458,2.347275
804593325.250893,1.9053060000000002
804593327.341401,2.024564
804593329.354538,1.94989
804593331.483771,2.062472
804593333.367573,1.8203880000000001
804593335.46895,2.034863
804593337.274159,1.742002
804593339.3114381,1.9699029999999997
804593341.110863,1.736609
804593343.05297,1.8758679999999999
804593344.799221,1.683244
804593346.523065,1.656923
804593348.5181509,1.931357
804593350.767217,2.183163
804593352.877641,2.046926
804593354.611349,1.666816
804593356.5814661,1.905452
804593358.6465449,1.9981729999999998
804593360.448876,1.739615
804593362.190161,1.6749550000000002
804593364.233825,1.9800299999999997
804593366.227166,1.927519
804593367.9766439,1.686376
804593370.320176,2.256384
804593372.390622,2.003781
804593374.6339309,2.175405
804593377.115369,2.418446
804593379.438473,2.256104
804593381.2516259,1.750361
804593383.1847271,1.86637
804593385.1646969,1.917174
804593387.003844,1.773104
804593388.975595,1.9088049999999999
804593391.0828869,2.040667
804593392.906979,1.759973
804593395.1216911,2.148723
804593397.076127,1.890653
804593399.154897,2.011589
804593401.930049,2.3473360000000003
804593403.887828,1.89138
804593406.1283549,2.177375
804593407.958061,1.7627140000000001
804593409.794817,1.7518390000000001
804593411.756615,1.894702
804593413.682485,1.862713
804593415.62547,1.8766
804593417.383433,1.694556
804593419.681028,2.231276
804593421.7256889,1.981619
804593423.64386,1.8374030000000001
804593425.767675,2.060728
804593427.851513,2.017132
804593429.583741,1.668966
804593431.349422,1.699542
804593433.432838,2.018535
804593435.346038,1.8466850000000001
804593437.1628989,1.75257
804593439.292557,2.062903
804593441.44945,2.0939650000000003
804593443.277266,1.761748
804593445.264463,1.924316
804593447.1232661,1.7927089999999999
804593449.264487,2.077999
804593451.080726,1.749574
804593452.903756,1.759698
804593454.861439,1.891424
804593457.1847091,2.260058
804593459.228919,1.977936
804593461.231813,1.939902
804593463.308133,2.008852
804593465.096211,1.725187
804593467.2199111,2.057706
804593469.488423,2.205516
804593471.221699,1.666496
804593473.1760299,1.8901759999999999
804593475.037459,1.795255
804593476.971392,1.8702
804593479.0553449,2.017894
804593480.941993,1.823792
804593482.7798679,1.771825
804593484.6175259,1.774692
804593486.48496,1.800402
804593488.31047,1.760204
804593490.207948,1.83177
804593491.9494029,1.678288
804593493.9027109,1.8653980000000001
804593495.848116,1.8788150000000001
804593497.555036,1.643321
804593499.361627,1.7402819999999999
804593501.106225,1.6814149999999999
804593503.538133,2.365459
804593506.0663949,2.465486
804593508.423954,2.2917609999999997
804593510.529647,2.039479
804593512.3314431,1.738137
804593514.303535,1.905632
804593516.542954,2.176253
804593518.574915,1.965512
804593520.363385,1.7251969999999999
804593522.2083659,1.7785819999999999
804593524.067551,1.795897
804593526.4517471,2.3177470000000002
804593528.533494,2.017738
804593530.312492,1.712833
804593532.3806671,2.0052540000000003
804593534.406209,1.9591119999999997
804593536.641448,2.1719370000000002
804593538.5991161,1.891359
804593540.5728871,1.910333
804593542.486578,1.846505
804593544.5853,2.035756
804593546.338102,1.686662
804593548.4999859,2.098788
804593550.253469,1.6864919999999999
804593552.184019,1.867589
804593553.876846,1.626572
804593555.777867,1.837739
804593557.763997,1.922381
804593559.8192871,1.989673
804593562.190935,2.30849
804593564.281482,2.023822
804593566.2881,1.940453
804593568.17381,1.822544
804593569.9818759,1.741787
804593571.73156,1.6864919999999999
804593573.671152,1.875989
804593575.7006531,1.9632109999999998
804593577.876534,2.1130649999999997
804593579.870948,1.9281249999999999
804593581.853419,1.918192
804593583.988089,2.067349
804593585.851619,1.779162
804593587.6322,1.71369
804593589.5862191,1.891219
804593591.625798,1.973761
804593593.8921299,2.202884
804593595.8226559,1.864376
804593597.742486,1.856824
804593599.660212,1.852344
804593601.4148229,1.6917250000000001
804593603.3481439,1.8673629999999999
804593605.253742,1.842425
804593607.186788,1.8668669999999998
804593608.9728509,1.723378
804593610.8925761,1.852919
804593612.85922,1.9032820000000001
804593614.791795,1.865694
804593616.641182,1.7859180000000001
804593618.598619,1.872249
804593620.504422,1.842611
804593622.562815,1.991647
804593624.324677,1.698665
804593626.889214,2.479433
804593629.4193699,2.46706
804593631.446561,1.9608320000000001
804593633.398952,1.8889289999999999
804593635.090095,1.624342
804593637.1869271,2.033665
804593639.098418,1.844986
804593641.011964,1.850143
804593642.9802719,1.901969
804593644.780799,1.7376010000000002
804593646.881611,2.034062
804593648.811635,1.866562
804593650.801383,1.922993
804593652.825817,1.961507
804593654.502791,1.609763
804593656.6114459,2.045102
804593658.7360389,2.057752
804593660.7516731,1.950827
804593662.5428779,1.724566
804593664.176196,1.570392
804593666.0678561,1.824198
804593667.809842,1.678343
804593669.566036,1.682954
804593671.003072,1.371288
804593672.800392,1.733932
804593674.358119,1.491748
804593675.958361,1.531005
804593677.3943039,1.344376
804593679.2416201,1.780897
804593680.803232,1.498068
804593682.2873679,1.4178909999999998
804593684.260162,1.9093310000000001
804593685.921149,1.5883180000000001
804593687.663847,1.6794959999999999
804593689.40655,1.679501
804593691.018243,1.545112
804593692.499627,1.417757
804593693.9689181,1.4031420000000001
804593695.672014,1.631263
804593697.236742,1.5009649999999999
804593698.750452,1.447255
804593700.2212911,1.406164
804593701.564133,1.2769439999999999
804593703.002177,1.37434
804593704.6249399,1.559121
804593706.1287171,1.437573
804593707.6373,1.445326
804593709.023372,1.322349
804593710.388782,1.29922
804593711.8115649,1.356112
804593713.199291,1.323953
804593714.501097,1.235522
804593715.93908,1.374891
804593717.336905,1.3121960000000001
804593718.991798,1.588343
804593720.366068,1.3108119999999999
804593721.934901,1.502619
804593723.393924,1.3962359999999998
804593724.728431,1.2719820000000002
804593726.139587,1.3448419999999999
804593727.491811,1.2893729999999999
804593728.874771,1.3199640000000001
804593730.319601,1.379497
804593731.925765,1.543559
804593733.398074,1.409682
804593734.831817,1.368532
804593736.540591,1.645576
804593738.027839,1.422061
804593739.490429,1.4001700000000001
804593740.854731,1.302398
804593742.108846,1.1895
804593743.358701,1.187585
804593744.65923,1.2386039999999998
804593745.944076,1.219996
804593747.356395,1.350319
804593748.833559,1.415832
804593750.2086921,1.310561
804593752.1076089,1.8371279999999999
804593753.767393,1.595766
804593755.4903,1.6615090000000001
804593757.194613,1.642194
804593758.880494,1.62095
804593760.707062,1.765431
804593762.37682,1.604762
804593764.130268,1.69219
804593765.8045211,1.609823
804593767.547064,1.6647159999999999
804593769.334425,1.715635
804593770.958752,1.541835
804593772.6539199,1.619145
804593774.748076,2.01437
804593776.4339869,1.6144
804593778.068974,1.561311
804593779.787796,1.654137
804593781.591409,1.7366320000000002
804593783.250969,1.6255309999999998
804593784.354202,1.057769
804593785.477935,1.090393
804593786.94992,1.439367
804593788.402396,1.420311
804593789.6255821,1.1921760000000001
804593790.6805509,1.026843
804593792.059461,1.350578
804593793.103121,1.0137779999999998
804593794.156013,1.025195
804593795.489163,1.3010249999999999
804593797.078207,1.56063
804593798.223615,1.115991
804593799.377331,1.12536
804593800.757054,1.351603
804593802.6073891,1.820931
804593804.4555041,1.819831
804593806.225008,1.727812
804593808.068324,1.803194
804593809.775754,1.66551
804593811.73711,1.921166
804593813.72164,1.923187
804593815.772971,2.008981
804593817.603538,1.790197
804593819.405332,1.75648
804593821.519097,2.066537
804593823.282077,1.697894
804593825.158171,1.8016079999999999
804593827.2261959,2.018104
804593829.030106,1.741971
804593830.934754,1.839229
804593833.02976,2.03853
804593834.76833,1.6793559999999998
804593836.506007,1.6616929999999999
804593838.617981,2.052889
804593840.7968601,2.1164389999999997
804593842.787106,1.9308280000000002
804593844.689438,1.845864
804593846.718499,1.9692189999999998
804593848.708908,1.927172
804593850.702856,1.927684
804593852.489521,1.723518
804593854.810365,2.254304
804593856.742093,1.868471
804593858.732407,1.924025
804593860.798097,2.002894
804593862.727836,1.862356
804593864.55266,1.7606639999999998
804593866.706099,2.086704
804593868.5160841,1.746427
804593870.475156,1.892887
804593872.4233221,1.8837210000000002
804593874.235386,1.74559
804593876.1745211,1.875953
804593878.346048,2.1041689999999997
804593880.6278911,2.218456
804593882.6338971,1.912763
804593884.383636,1.686718
804593886.311415,1.86179
804593888.0619711,1.686256
804593890.3236719,2.194716
804593892.407164,2.020696
804593894.836195,2.3620249999999996
804593896.841123,1.942147
804593898.845922,1.9385240000000001
804593900.7962029,1.88765
804593902.602759,1.740368
804593904.5266039,1.860667
804593906.43597,1.8432870000000001
804593908.264387,1.764429
804593910.177466,1.8464340000000001
804593911.9835321,1.743028
804593914.150097,2.076571
804593916.1814821,1.96474
804593918.020304,1.77147
804593919.906275,1.8220930000000002
804593921.6600139,1.690125
804593923.736835,2.010376
804593925.515306,1.7154239999999998
804593927.319903,1.738312
804593929.277436,1.894606
804593931.433686,2.090022
804593933.29069,1.793677
804593935.436797,2.079823
804593937.180397,1.6678030000000001
804593939.1169721,1.870566
804593941.0659909,1.8857609999999998
804593942.973758,1.8412870000000001
804593944.9143159,1.876986
804593946.8471221,1.866531
804593948.78108,1.8706099999999999
804593950.748776,1.901673
804593952.542483,1.729422
804593954.643951,2.032368
804593956.43423,1.7268109999999999
804593958.258713,1.758049
804593960.225258,1.903507
804593962.18675,1.8950230000000001
804593964.170905,1.920607
804593966.083428,1.846014
804593968.071723,1.92419
804593969.9718521,1.8135729999999999
804593971.737143,1.702093
804593973.7782301,1.9782060000000001
804593975.557984,1.7135850000000001
804593977.491576,1.868811
804593979.4398429,1.8813650000000002
804593981.387162,1.884122
804593983.497998,2.044821
804593985.861692,2.300367
804593988.162003,2.2339119999999997
804593990.1178269,1.887705
804593991.996191,1.815588
804593994.1523609,2.0655040000000002
804593995.867906,1.651902
804593997.843656,1.912142
804593999.927894,2.0181240000000003
804594002.3181851,2.326853
804594004.427722,2.043779
804594006.335619,1.840986
804594008.523038,2.124526
804594010.7293,2.140499
804594012.383266,1.5907040000000001
804594014.352296,1.903392
804594015.879523,1.463909
804594017.5156369,1.573213
804594019.1415579,1.55918
804594020.97175,1.766885
804594022.73498,1.696515
804594024.750774,1.952757
804594026.5303379,1.712482
804594028.374286,1.781122
804594030.3562909,1.915911
804594032.313313,1.89379
804594034.2205191,1.841238
804594036.0259731,1.7418
804594037.837316,1.74326
804594039.668335,1.767486
804594041.573065,1.8412929999999998
804594043.351205,1.711906
804594045.10353,1.688953
804594046.8589331,1.688516
804594048.678424,1.755452
804594050.603522,1.858317
804594052.417115,1.75026
804594054.146947,1.662977
804594056.0798479,1.869017
804594058.196136,2.049693
804594060.446326,2.1850680000000002
804594062.219585,1.7065439999999998
804594064.084643,1.801701
804594065.7985489,1.646884
804594067.8084179,1.946237
804594069.665387,1.792233
804594071.4790399,1.7459850000000001
804594073.2064669,1.664029
804594074.9539709,1.6814099999999998
804594076.83447,1.817186
804594078.694466,1.793266
804594080.6180301,1.8594849999999998
804594082.509148,1.8228140000000002
804594084.3493279,1.776316
804594086.369487,1.953008
804594088.33114,1.898526
804594090.273558,1.876154
804594092.124152,1.786284
804594093.947232,1.754415
804594095.966865,1.955994
804594097.7542471,1.698845
804594099.773784,1.953038
804594101.544848,1.7068400000000001
804594103.523826,1.912362
804594105.590618,2.003014
804594107.338864,1.681571
804594109.350719,1.9477710000000001
804594111.054286,1.636902
804594113.0001919,1.8823130000000001
804594115.201974,2.135161
804594117.292201,2.026213
804594119.125715,1.7663769999999999
804594121.487489,2.298507
804594123.445238,1.8904919999999998
804594125.2318981,1.723232
804594127.480067,2.181349
804594129.8260751,2.282856
804594131.8593999,1.9665540000000001
804594133.82612,1.9029610000000001
804594135.8449249,1.952727
804594137.632077,1.7232669999999999
804594139.626596,1.928295
804594141.381602,1.691724
804594143.253376,1.805388
804594145.0397049,1.722065
804594146.9162589,1.8091570000000001
804594148.78662,1.8065710000000001
804594150.482068,1.628993
804594152.224791,1.679516
804594154.314497,2.022324
804594156.138073,1.759491
804594158.2065591,2.0022320000000002
804594160.455215,2.1849529999999997
804594162.3393171,1.798814
804594164.4120431,2.009158
804594166.0948321,1.616288
804594167.788104,1.62985
804594169.94859,2.0967580000000003
804594172.225187,2.210216
804594173.8485321,1.556474
804594175.511474,1.5992330000000001
804594177.313279,1.738819
804594179.183519,1.8030979999999999
804594181.012833,1.765706
804594182.819014,1.739646
804594184.763937,1.881807
804594186.6176591,1.785818
804594188.2394149,1.557938
804594189.9730821,1.6663750000000002
804594191.708723,1.671151
804594193.870401,2.0983859999999996
804594196.168408,2.2314760000000002
804594198.2074759,1.972072
804594199.939288,1.668094
804594201.9248511,1.897022
804594203.6380299,1.64689
804594205.538947,1.8374629999999998
804594207.5273011,1.921599
804594209.2302569,1.638811
804594210.988666,1.6921499999999998
804594212.735574,1.6831699999999998
804594214.6573689,1.855561
804594216.375404,1.6546530000000002
804594218.085541,1.6429859999999998
804594220.1415039,1.992153
804594221.842504,1.634706
804594223.7383491,1.832111
804594225.793248,1.9914720000000001
804594227.7243501,1.864923
804594230.079158,2.2908749999999998
804594232.031605,1.885997
804594233.944138,1.848019
804594235.834726,1.827296
804594237.639062,1.740934
804594240.7450191,3.038355
804594242.629773,1.818419
804594244.574877,1.881381
804594246.387913,1.746401
804594248.122236,1.671172
804594250.107429,1.925107
804594252.330681,2.160069
804594254.789047,2.3921609999999998
804594257.055921,2.209577
804594259.512489,2.3970290000000003
804594261.86661,2.296732
804594264.133183,2.192044
804594266.304374,2.110588
804594268.651945,2.284199
804594271.120107,2.402028
804594273.268148,2.084669
804594274.9206159,1.585392
804594276.825502,1.841898
804594279.08398,2.191944
804594281.360596,2.212898
804594283.156538,1.729182
804594285.014594,1.7948140000000001
804594286.7334219,1.652158
804594288.7905519,1.993758
804594290.849993,1.9925490000000001
804594292.721536,1.807889
804594294.6253431,1.83804
804594296.321869,1.632997
804594298.097543,1.709561
804594300.273715,2.112594
804594301.968416,1.628186
804594303.727532,1.694786
804594305.5484171,1.757006
804594307.618337,2.0039010000000004
804594309.958837,2.27643
804594312.295513,2.270473
804594314.268773,1.906083
804594316.310166,1.977365
804594318.272681,1.895809
804594320.097174,1.760684
804594322.237027,2.072446
804594323.968684,1.6670070000000001
804594325.746298,1.686647
804594327.58526,1.772136
804594329.690312,2.0410369999999998
804594331.672763,1.915079
804594333.557441,1.821105
804594335.320486,1.6953529999999999
804594337.16029,1.776035
804594338.865751,1.638746
804594340.4965739,1.567008
804594342.4811189,1.918301
804594344.497214,1.952602
804594346.251875,1.6880709999999999
804594348.590636,2.275133
804594350.363008,1.704389
804594352.270535,1.844444
804594354.1433849,1.8064559999999998
804594356.307194,2.10041
804594358.138468,1.745935
804594360.062097,1.860137
804594361.95106,1.822263
804594363.700759,1.686337
804594365.6920611,1.927794
804594367.497319,1.738593
804594369.292294,1.732144
804594371.155302,1.796363
804594373.4375919,2.2189129999999997
804594375.481917,1.97774
804594378.3559439,2.8108999999999997
804594380.9055611,2.482891
804594383.430209,2.461281
804594385.40849,1.9145729999999999
804594387.1702629,1.6954719999999999
804594389.081769,1.848278
804594391.067968,1.920537
804594392.80373,1.672435
804594394.7968409,1.926827
804594396.551327,1.691253
804594398.2927971,1.673431
804594399.946908,1.5903829999999999
804594401.86745,1.8304420000000001
804594403.926199,1.991231
804594405.901137,1.91114
804594407.643845,1.675732
804594409.376765,1.668921
804594411.152199,1.708939
804594412.924967,1.709351
804594414.662644,1.670625
804594416.5202941,1.7944689999999999
804594418.685225,2.098521
804594420.709183,1.960611
804594422.486351,1.693208
804594424.2334191,1.683751
804594426.2215129,1.921103
804594428.5096409,2.2233769999999997
804594430.262382,1.68557
804594432.0775441,1.752004
804594434.062356,1.9184919999999999
804594435.7839999,1.658201
804594437.5522319,1.704805
804594439.578776,1.9602500000000003
804594441.0436721,1.401544
804594442.867965,1.757407
804594444.567928,1.63616
804594446.319978,1.685424
804594448.595777,2.212136
804594450.369005,1.706779
804594452.2779601,1.845292
804594454.082272,1.737711
804594455.973631,1.82768
804594457.7793701,1.7147830000000002
804594459.652346,1.806702
804594461.6352531,1.9196250000000001
804594463.7349471,2.033124
804594466.040296,2.241539
804594467.792927,1.6856760000000002
804594469.6617941,1.8056789999999998
804594471.494536,1.765581
804594473.510796,1.952692
804594475.4335179,1.856187
804594477.16939,1.6724439999999998
804594479.157003,1.9211930000000002
804594481.026195,1.8057349999999999
804594482.696038,1.602988
804594484.456502,1.697041
804594486.150898,1.6040500000000002
804594487.858639,1.6444940000000001
804594489.931205,2.009219
804594491.663153,1.665709
804594493.447694,1.720863
804594495.308341,1.794017
804594497.156901,1.785447
804594498.896812,1.673727
804594500.750533,1.789898
804594503.443068,2.6262999999999996
804594505.644373,2.137552
804594507.864538,2.1532690000000003
804594510.310087,2.381926
804594512.3277249,1.951133
804594514.1954341,1.800994
804594515.922771,1.664175
804594517.6842531,1.6980350000000002
804594519.73121,1.9805819999999998
804594521.4618,1.666831
804594523.629312,2.100972
804594525.578681,1.8858110000000001
804594527.6089331,1.964299
804594529.496974,1.8248039999999999
804594531.366201,1.802412
804594533.1623989,1.73319
804594535.196064,1.9673310000000002
804594537.09677,1.837007
804594539.150056,1.9868659999999998
804594540.993458,1.78009
804594543.039698,1.9795889999999998
804594544.982692,1.879917
804594546.717867,1.66828
804594548.8193251,2.038241
804594551.040658,2.137142
804594552.8345749,1.730725
804594554.6320109,1.731141
804594556.675173,1.9797450000000003
804594558.80637,2.064547
804594560.532274,1.661885
804594562.439595,1.84008
804594564.178133,1.675286
804594565.9248201,1.680378
804594567.6087711,1.620122
804594569.6067431,1.934199
804594571.649555,1.9757860000000003
804594573.6435579,1.929348
804594575.583851,1.872621
804594577.41708,1.769526
804594579.674336,2.190821
804594581.489518,1.7519289999999998
804594583.76668,2.210848
804594585.5139229,1.68358
804594587.582615,2.001942
804594589.608873,1.9628610000000002
804594591.539032,1.86389
804594593.4852589,1.8823480000000001
804594595.362661,1.8102859999999998
804594597.32907,1.90259
804594599.1127629,1.7177850000000001
804594601.072341,1.89607
804594602.89073,1.751799
804594604.781087,1.826953
804594606.702471,1.854357
804594608.703024,1.937341
804594610.516792,1.746928
804594612.268862,1.6888420000000002
804594614.205316,1.869548
804594616.4993371,2.230043
804594618.526252,1.9603099999999998
804594620.5091051,1.9192289999999999
804594622.642517,2.066883
804594624.3737379,1.667623
804594626.177929,1.737817
804594628.486755,2.2454189999999996
804594630.880875,2.327569
804594632.987976,2.044035
804594635.173986,2.119491
804594637.149245,1.9116009999999999
804594639.165545,1.948452
804594641.024794,1.796202
804594642.957555,1.8660510000000001
804594644.8139579,1.793196
804594646.585764,1.70492
804594648.716004,2.0671079999999997
804594650.914102,2.12998
804594652.851343,1.8739379999999999
804594654.663953,1.746181
804594656.6306679,1.903236
804594658.5453811,1.848114
804594660.422938,1.807198
804594662.09657,1.606992
804594663.730229,1.5627090000000001
804594665.4382621,1.6442679999999998
804594667.44109,1.936354
804594669.190273,1.677988
804594670.814896,1.558007
804594672.576984,1.698655
804594674.0909989,1.440119
804594675.8707731,1.716176
804594677.449173,1.5152480000000002
804594678.84124,1.323286
804594680.593104,1.688426
804594682.221245,1.56111
804594683.747774,1.455514
804594685.565848,1.754982
804594687.3863369,1.7538989999999999
804594689.070975,1.613287
804594690.626502,1.489443
804594692.104087,1.404235
804594693.6619401,1.490049
804594695.526607,1.7902980000000002
804594697.194049,1.5949440000000001
804594698.677754,1.4167489999999998
804594700.277238,1.536287
804594702.346627,2.002923
804594703.8360901,1.4184569999999999
804594705.526305,1.6255499999999998
804594706.930876,1.3292650000000001
804594708.456258,1.4556790000000002
804594710.049668,1.526876
804594711.773372,1.652168
804594713.46885,1.632286
804594714.863954,1.3185600000000002
804594716.36333,1.4335879999999999
804594717.8545619,1.424071
804594719.5206319,1.602727
804594720.970357,1.3858169999999999
804594722.435544,1.398771
804594724.083145,1.583898
804594725.9320849,1.781869
804594727.410212,1.4082890000000001
804594728.9694929,1.495587
804594730.6740019,1.631027
804594732.181562,1.42567
804594733.773494,1.519773
804594734.929641,1.092499
804594736.253062,1.2599639999999999
804594737.749471,1.4303199999999998
804594739.1240071,1.3108970000000002
804594740.5257909,1.3317260000000002
804594741.906311,1.3140960000000002
804594743.142715,1.172801
804594744.4636359,1.257544
804594745.825798,1.295727
804594747.203907,1.30766
804594748.36281,1.095531
804594749.5566,1.126693
804594750.8306761,1.206204
804594752.908479,2.013719
804594754.807551,1.8323669999999999
804594756.491547,1.6205530000000001
804594758.138377,1.580014
804594760.257476,2.055436
804594762.109609,1.7852569999999999
804594764.418355,2.244316
804594766.361264,1.8766049999999999
804594768.640121,2.215509
804594770.679364,1.971842
804594772.784095,2.041218
804594774.757961,1.90702
804594776.798036,1.9766929999999998
804594778.481596,1.617
804594780.276986,1.731667
804594782.018005,1.6749
804594783.7166051,1.635037
804594785.4113209,1.631604
804594787.314738,1.836872
804594789.2349399,1.857029
804594790.949908,1.647978
804594792.842846,1.8293700000000002
804594794.801627,1.892211
804594796.491437,1.625941
804594798.162297,1.60417
804594799.8993969,1.673622
804594801.799937,1.837358
804594803.4479649,1.58068
804594805.1791811,1.667167
804594807.375259,2.129579
804594809.188416,1.75008
804594810.89926,1.642831
804594812.727367,1.764755
804594814.751821,1.9580650000000002
804594816.4955809,1.680197
804594818.190443,1.628121
804594820.111065,1.857069
804594822.412724,2.234994
804594824.1795679,1.703567
804594826.047407,1.8014400000000002
804594828.169112,2.0583530000000003
804594830.053691,1.818189
804594832.158743,2.040883
804594833.859067,1.6336140000000001
804594835.9046,1.980452
804594838.221585,2.253728
804594839.965656,1.676028
804594841.73243,1.675927
804594843.479954,1.680026
804594845.382594,1.838827
804594847.188293,1.7391240000000001
804594849.032743,1.7810219999999999
804594850.889136,1.790203
804594852.627784,1.6747999999999998
804594854.3431239,1.648368
804594856.149961,1.743014
804594858.1193119,1.901467
804594860.422459,2.2385819999999996
804594862.164596,1.675391
804594864.060535,1.830602
804594865.847546,1.719489
804594867.940114,2.029084
804594869.743007,1.714918
804594872.085346,2.274481
804594873.938887,1.7867460000000002
804594876.162946,2.1604509999999997
804594878.510222,2.279853
804594880.803446,2.229932
804594882.987462,2.11738
804594884.765988,1.7149940000000001
804594886.6465319,1.796864
804594888.4599639,1.749739
804594890.31991,1.792954
804594892.0837519,1.699929
804594894.166486,2.015097
804594896.119584,1.889124
804594897.9894581,1.802507
804594899.710366,1.6568189999999998
804594902.1607319,2.3861820000000002
804594904.0778459,1.850239
804594906.001791,1.844109
804594907.907252,1.842099
804594909.695877,1.7249970000000001
804594911.568352,1.805173
804594913.653968,2.0224040000000003
804594915.411902,1.67286
804594917.213416,1.737791
804594918.957217,1.677796
804594920.855116,1.834722
804594922.747978,1.8262070000000001
804594924.827746,2.014942
804594926.6378859,1.7437049999999998
804594928.452265,1.750741
804594930.592955,2.07397
804594932.38381,1.727171
804594934.3990179,1.949003
804594936.451277,1.98826
804594938.169643,1.6518760000000001
804594940.069531,1.8359050000000001
804594941.937716,1.8004419999999999
804594944.112801,2.111622
804594945.8428841,1.663789
804594947.899568,1.992575
804594949.640241,1.677451
804594951.6759009,1.9683880000000002
804594953.453475,1.7140460000000002
804594955.2226499,1.7021689999999998
804594957.285017,1.9986439999999999
804594959.0674629,1.715649
804594960.818826,1.687323
804594962.7295951,1.843899
804594964.563264,1.769726
804594966.76878,2.138786
804594968.83215,1.999892
804594970.730455,1.8320260000000002
804594972.582964,1.7885
804594974.430897,1.781347
804594976.117734,1.623385
804594977.8737481,1.6891230000000002
804594979.735628,1.798553
804594981.461748,1.6626709999999998
804594983.182519,1.654212
804594985.069268,1.822258
804594986.776663,1.641282
804594988.93135,2.090202
804594990.8255811,1.826573
804594992.618937,1.7303089999999999
804594994.872419,2.187449
804594996.8430829,1.907031
804594998.820658,1.91103
804595000.578646,1.694185
804595003.447822,2.803162
804595005.891662,2.380488
804595008.4922831,2.533113
804595010.294609,1.735366
804595012.112858,1.75448
804595014.2682819,2.088543
804595015.9832801,1.650152
804595017.888251,1.820424
804595019.601646,1.646294
804595021.737039,2.071704
804595023.49181,1.688366
804595025.407515,1.8521729999999998
804595027.605147,2.129824
804595029.3985829,1.730154
804595031.343372,1.878048
804595033.386253,1.9797600000000002
804595035.148271,1.695503
804595036.896477,1.68361
804595038.6916871,1.728369
804595040.506317,1.751474
804595042.1627339,1.5899130000000001
804595043.862391,1.636039
804595045.94908,2.0235269999999996
804595048.230452,2.214867
804595050.027878,1.731031
804595051.822407,1.731507
804595053.62973,1.743069
804595055.715426,2.019477
804595057.595274,1.816314
804595059.295538,1.633929
804595061.03386,1.6751260000000001
804595062.913993,1.813598
804595064.654215,1.677236
804595066.594884,1.8496560000000002
804595068.2947919,1.636601
804595070.4656919,2.1049409999999997
804595072.254717,1.7252669999999999
804595074.342143,2.021096
804595076.150254,1.7450029999999999
804595078.163877,1.9454500000000001
804595080.4361031,2.209114
804595082.3779399,1.875421
804595084.612678,2.1719019999999998
804595086.367544,1.688547
804595088.0961989,1.665658
804595090.363479,2.199742
804595092.108557,1.68136
804595094.314393,2.139758
804595096.033962,1.656788
804595097.921437,1.819943
804595099.988917,2.0038259999999997
804595102.208044,2.131788
804595104.4729071,2.1976370000000003
804595106.733496,2.194746
804595108.5025699,1.6879149999999998
804595110.506622,1.9374360000000002
804595112.532905,1.9634909999999999
804595114.4184949,1.8189549999999999
804595116.0845649,1.603143
804595117.977748,1.82545
804595120.094822,2.054359
804595121.834453,1.673236
804595123.8421689,1.944247
804595125.822941,1.9173790000000002
804595128.42519,2.535559
804595130.702573,2.210722
804595133.175822,2.409866
804595135.601264,2.358141
804595137.876878,2.212481
804595140.1709391,2.227341
804595142.6861011,2.449023
804595144.626325,1.87688
804595146.510797,1.818314
804595148.76001,2.185749
804595150.734176,1.907847
804595152.562649,1.7643330000000002
804595154.263198,1.634365
804595156.163994,1.836521
804595158.38238,2.1522609999999998
804595160.490102,2.044275
804595162.567284,2.0106669999999998
804595164.830649,2.19897
804595166.911479,2.01404
804595168.9246521,1.9485780000000001
804595170.705243,1.714593
804595173.011298,2.242778
804595174.970255,1.892416
804595176.9270561,1.893735
804595178.840747,1.840331
804595180.634068,1.723548
804595182.4318391,1.731862
804595184.494015,1.998148
804595186.576735,2.0168310000000003
804595188.4232539,1.783102
804595190.306655,1.809784
804595191.991894,1.621766
804595193.691161,1.598833
804595195.428296,1.6732369999999999
804595197.1245561,1.6325109999999998
804595199.128792,1.928741
804595201.387316,2.195562
804595202.975615,1.5168320000000002
804595204.688177,1.648248
804595206.470071,1.7150130000000001
804595207.975517,1.433573
804595209.771483,1.7062329999999999
804595211.256892,1.418899
804595212.9583989,1.638736
804595214.552431,1.527828
804595216.8610369,2.24558
804595218.5528109,1.6240569999999999
804595220.51073,1.894256
804595222.309834,1.7251269999999999
804595223.884145,1.5028249999999999
804595225.599188,1.65128
804595227.374622,1.70479
804595229.1477259,1.702515
804595230.92126,1.7072450000000001
804595233.07499,2.0905530000000003
804595234.777655,1.6360089999999998
804595236.3764479,1.525798
804595238.377748,1.934636
804595240.282012,1.8332890000000002
804595241.815663,1.467622
804595243.486815,1.606841
804595245.253899,1.7041929999999998
804595247.1364169,1.815768
804595249.220555,2.021251
804595251.130137,1.8332030000000001
804595253.557258,2.356197
804595255.5514259,1.9188580000000002
804595258.146163,2.530843
804595260.3542349,2.1339900000000003
804595262.4022739,1.9773
804595264.544508,2.071198
804595266.1559751,1.545514
804595267.664377,1.436861
804595269.373752,1.645381
804595270.843454,1.4037330000000001
804595272.3705299,1.4638039999999999
804595273.916886,1.474534
804595275.568792,1.587717
804595277.361321,1.729227
804595278.755958,1.328373
804595280.118421,1.299385
804595281.457213,1.272884
804595282.8988,1.37877
804595284.223249,1.260625
804595285.5798471,1.289633
804595286.898513,1.255112
804595287.998188,1.036513
804595289.354431,1.26034
804595290.711882,1.2944339999999999
804595292.109942,1.335089
804595293.44024,1.2455960000000001
804595294.7415199,1.237822
804595296.188078,1.383336
804595297.526786,1.272678
804595298.832361,1.242428
804595300.2103,1.307745
804595301.49035,1.213015
804595302.820161,1.266439
804595304.2217951,1.3385770000000001
804595305.664249,1.3762290000000001
804595307.28816,1.560589
804595308.751693,1.399654
804595310.1389979,1.3208810000000002
804595311.849822,1.639317
804595313.324164,1.410665
804595314.774737,1.384399
804595316.320672,1.482421
804595317.8305119,1.444143
804595319.530085,1.6363
804595321.511228,1.917815
804595323.294099,1.7163320000000002
804595324.753428,1.3957600000000001
804595326.232707,1.412675
804595327.701908,1.406099
804595329.031754,1.265918
804595330.4793,1.38074
804595332.2211161,1.678498
804595333.789583,1.502017
804595335.302345,1.44939
804595336.950137,1.584279
804595338.844814,1.827566
804595340.234921,1.326775
804595341.6941041,1.387931
804595343.384244,1.6264020000000001
804595344.8622409,1.41519
804595346.382896,1.454692
804595347.9184971,1.4725540000000001
804595349.5021989,1.5204000000000002
804595351.192485,1.624052
804595352.9758929,1.719529
804595354.489723,1.447235
804595356.121448,1.568418
804595357.705531,1.516571
804595359.2332239,1.4642940000000002
804595360.717645,1.421144
804595362.3893421,1.605172
804595364.146644,1.693589
804595365.917528,1.702795
804595367.566262,1.584048
804595369.340633,1.7111450000000001
804595371.1615031,1.754621
804595372.942435,1.717875
804595374.671837,1.663017
804595454.6035659,79.868662
804595457.655241,2.984695
804595460.240175,2.521677
804595462.790869,2.484846
804595465.363785,2.509097
804595467.373344,1.943074
804595469.377265,1.940017
804595471.165133,1.7217090000000002
804595472.888762,1.6603620000000001
804595474.5897729,1.634691
804595476.1986691,1.5458290000000001
804595478.2186371,1.954165
804595479.927471,1.645041
804595481.786785,1.7960770000000001
804595483.89959,2.044782
804595485.9763659,2.013964
804595487.757378,1.714357
804595489.66976,1.848785
804595491.8040551,2.0683160000000003
804595493.937533,2.07043
804595496.159622,2.155674
804595498.122091,1.896331
804595500.107294,1.921764
804595502.372022,2.1985550000000003
804595504.9132639,2.477815
804595507.438704,2.459166
804595509.318532,1.816399
804595511.264022,1.8786390000000002
804595513.399724,2.072781
804595515.436467,1.970228
804595517.163067,1.663864
804595519.1229409,1.893624
804595520.944296,1.756981
804595522.924953,1.914237
804595524.7203239,1.731857
804595526.753638,1.9655770000000001
804595528.996155,2.1788879999999997
804595530.7415091,1.6789839999999998
804595532.630267,1.82559
804595534.5079039,1.8113569999999999
804595536.4779309,1.906519
804595538.523053,1.978597
804595540.756904,2.1711259999999997
804595542.99071,2.167066
804595544.6829411,1.6288369999999999
804595546.5588441,1.809914
804595548.495744,1.855094
804595550.248359,1.6864569999999999
804595552.068437,1.757061
804595554.173579,2.038141
804595556.372018,2.134581
804595558.665308,2.2264440000000003
804595560.651768,1.923354
804595562.816469,2.098602
804595564.8869051,2.006958
804595567.007037,2.053311
804595569.044551,1.974437
804595571.030415,1.91983
804595572.9360319,1.842635
804595575.077213,2.073999
804595577.1211419,1.9810280000000002
804595579.4268911,2.239159
804595581.461914,1.9707890000000001
804595583.367727,1.839248
804595585.2447779,1.813998
804595587.173725,1.861224
804595589.1457571,1.907782
804595591.016979,1.804723
804595593.1105341,2.029956
804595595.107413,1.930711
804595597.115805,1.945394
804595598.927458,1.745224
804595601.081524,2.090061
804595603.253611,2.105022
804595605.22234,1.90473
804595607.351428,2.062307
804595609.196389,1.781628
804595611.025864,1.763101
804595613.016534,1.9276339999999998
804595614.793933,1.711255
804595616.916836,2.059796
804595618.7362881,1.753262
804595620.855617,2.056574
804595622.642348,1.720671
804595624.774938,2.068697
804595627.213166,2.3718630000000003
804595629.194655,1.9183519999999998
804595631.321838,2.0610899999999996
804595633.367602,1.982556
804595635.3002219,1.8657789999999999
804595637.268114,1.904244
804595639.098927,1.764043
804595641.1132671,1.951133
804595643.133987,1.9547269999999999
804595645.115025,1.917706
804595647.3586689,2.176047
804595649.718339,2.295605
804595652.066957,2.2815130000000003
804595653.848827,1.715429
804595655.886346,1.973776
804595657.7943339,1.8433620000000002
804595659.5752561,1.714112
804595661.517699,1.877526
804595663.3951449,1.81036
804595665.144654,1.686382
804595667.0918081,1.880007
804595669.150541,1.995617
804595671.128507,1.911737
804595673.418033,2.226289
804595675.769543,2.284595
804595677.69851,1.86586
804595679.601577,1.836627
804595681.492505,1.827796
804595683.298375,1.7396550000000002
804595685.172288,1.810676
804595687.2934971,2.055311
804595689.293955,1.936369
804595691.4820349,2.121691
804595693.39087,1.845477
804595695.5005419,2.043097
804595697.613572,2.050174
804595699.50859,1.82913
804595701.554159,1.982456
804595703.354661,1.734539
804595705.381215,1.963111
804595707.30125,1.853601
804595709.4663969,2.101639
804595711.252882,1.720225
804595713.3448681,2.028658
804595715.440437,2.029656
804595717.214658,1.709851
804595718.93535,1.653119
804595720.832888,1.834201
804595722.774243,1.874379
804595724.899953,2.062583
804595726.996229,2.0301820000000004
804595728.790191,1.731066
804595730.591957,1.734434
804595732.664518,1.9856340000000001
804595734.3705261,1.640149
804595736.228256,1.794969
804595738.01653,1.722185
804595740.025618,1.921364
804595741.8995521,1.8064660000000001
804595743.679947,1.717274
804595745.651638,1.9083640000000002
804595747.680668,1.944743
804595749.591858,1.847867
804595752.0676479,2.4097760000000004
804595754.788408,2.6540399999999997
804595756.792936,1.941005
804595758.853519,1.9937980000000002
804595760.9608259,2.0433130000000004
804595763.224236,2.1973420000000004
804595765.262392,1.9749390000000002
804595767.449184,2.120427
804595769.5850819,2.072055
804595771.7501531,2.0985769999999997
804595773.81875,2.005405
804595775.809255,1.923604
804595777.8785781,2.0048890000000004
804595779.965071,2.0190609999999998
804595781.721582,1.6697680000000001
804595783.500078,1.712438
804595785.619564,2.055847
804595787.730494,2.044752
804595789.557964,1.7635669999999999
804595791.348518,1.723884
804595793.170305,1.7573969999999999
804595795.085936,1.848584
804595796.9118071,1.762148
804595798.697079,1.7193740000000002
804595800.627529,1.8668319999999998
804595802.508153,1.81444
804595804.204362,1.6332829999999998
804595806.288475,2.018179
804595808.390374,2.038933
804595810.333634,1.87677
804595812.43622,2.039529
804595814.403732,1.901342
804595816.336738,1.869795
804595818.173775,1.770808
804595819.92381,1.6868779999999999
804595821.942305,1.955784
804595823.705801,1.696445
804595825.661806,1.892646
804595827.5397991,1.811468
804595829.38921,1.7848810000000002
804595831.4544289,1.998679
804595833.54647,2.02922
804595835.597341,1.985057
804595837.3407949,1.6802519999999999
804595839.137459,1.730329
804595841.1437149,1.9432099999999999
804595843.047724,1.837819
804595844.839892,1.729417
804595846.777714,1.871252
804595848.578923,1.737876
804595850.419173,1.774112
804595852.585408,2.103202
804595854.5319,1.880593
804595856.562688,1.967767
804595858.364108,1.73504
804595860.31698,1.890001
804595862.0515839,1.6681190000000001
804595863.851199,1.7363330000000001
804595865.6731969,1.757722
804595867.741874,2.002583
804595869.7661971,1.961267
804595871.733758,1.90044
804595873.6027801,1.8053940000000002
804595875.932706,2.2631
804595878.681842,2.686079
804595881.29418,2.546074
804595883.050845,1.690005
804595884.772434,1.658442
804595886.959862,2.120959
804595889.005114,1.9820950000000002
804595891.1914209,2.1202870000000003
804595893.168339,1.912834
804595895.162232,1.927148
804595897.114848,1.8881709999999998
804595899.036132,1.8540869999999998
804595901.431885,2.333062
804595903.453478,1.954917
804595905.6684799,2.151465
804595907.6619021,1.9274680000000002
804595909.719969,1.9937219999999998
804595911.702355,1.915605
804595913.693676,1.927618
804595915.652418,1.892908
804595917.66333,1.947635
804595919.615651,1.8855549999999999
804595921.566268,1.88767
804595923.505779,1.873918
804595925.772643,2.20333
804595927.813986,1.975043
804595929.987667,2.1098879999999998
804595932.116318,2.061851
804595934.041506,1.858312
804595936.074154,1.969055
804595938.0204259,1.8789609999999999
804595940.18202,2.098196
804595942.39613,2.1472
804595944.8262889,2.3672269999999997
804595946.728633,1.835444
804595948.5682471,1.757602
804595950.381384,1.746491
804595952.242723,1.798152
804595954.0859699,1.7770780000000002
804595956.036596,1.887179
804595958.1320859,2.028369
804595960.1175851,1.921765
804595962.0458801,1.860492
804595964.110592,1.9892870000000002
804595966.0246941,1.848123
804595968.065737,1.9773939999999999
804595970.226097,2.093445
804595972.089892,1.800903
804595974.0333971,1.876239
804595975.8021951,1.705255
804595977.6086171,1.743314
804595979.315972,1.640385
804595981.293833,1.914372
804595983.114232,1.753614
804595985.089878,1.91307
804595986.943153,1.787421
804595988.862176,1.85512
804595990.970741,2.0425560000000003
804595993.215999,2.181755
804595995.277138,1.9935370000000001
804595997.0810881,1.7405929999999998
804595998.9719961,1.824273
804596001.078551,2.043268
804596003.465314,2.320237
804596006.0865619,2.557911
804596008.047053,1.892808
804596009.9277819,1.817142
804596011.948713,1.9578989999999998
804596013.752168,1.717835
804596015.961552,2.14288
804596017.852149,1.801595
804596019.969965,2.050575
804596021.795897,1.7412
804596023.8114,1.948011
804596025.7171719,1.8418889999999999
804596027.953289,2.169873
804596030.0845621,2.04212
804596032.055,1.903116
804596033.911813,1.790384
804596035.8374571,1.861866
804596037.764434,1.863303
804596039.8369501,2.005951
804596041.613526,1.7123570000000001
804596043.460582,1.7800699999999998
804596045.214501,1.690707
804596047.313714,2.032232
804596049.203214,1.826804
804596050.972744,1.7018630000000001
804596052.836845,1.800241
804596054.735811,1.83184
804596056.52172,1.722196
804596058.215995,1.627926
804596060.229528,1.9501760000000001
804596062.076033,1.779895
804596064.433573,2.2939570000000002
804596066.458969,1.958756
804596068.286685,1.764078
804596070.363024,2.010316
804596072.159683,1.732951
804596074.124493,1.898641
804596076.303376,2.11506
804596078.124998,1.754911
804596080.1029379,1.914277
804596082.091223,1.920447
804596083.885516,1.7309459999999999
804596085.949853,2.000133
804596087.9248769,1.908695
804596090.033587,2.044541
804596092.172107,2.071378
804596094.2626489,2.023677
804596096.13536,1.809028
804596098.1708641,1.9682979999999999
804596100.304628,2.069934
804596102.25542,1.8843029999999998
804596104.583606,2.264924
804596106.3728069,1.722285
804596108.714269,2.278009
804596110.513514,1.731327
804596112.733524,2.1572430000000002
804596114.855094,2.0547489999999997
804596116.597516,1.679084
804596118.691937,2.027355
804596120.6527029,1.8967770000000002
804596122.797768,2.077853
804596124.7613951,1.90003
804596127.120162,2.291982
804596129.155486,1.9715409999999998
804596130.978627,1.756812
804596133.082616,2.040326
804596135.266777,2.116939
804596137.104421,1.773766
804596139.042714,1.871232
804596140.797871,1.691699
804596142.969432,2.104154
804596144.970767,1.9381629999999999
804596146.6335189,1.577804
804596148.683121,1.985939
804596150.543568,1.79318
804596152.887997,2.28037
804596154.792096,1.836838
804596156.708609,1.85274
804596158.980634,2.205355
804596160.840159,1.7960369999999999
804596162.5891219,1.6825830000000002
804596164.4592459,1.806527
804596166.5798141,2.053887
804596168.845554,2.202017
804596170.947739,2.034974
804596172.890107,1.879477
804596175.026246,2.069644
804596177.092092,2.002253
804596179.063598,1.904229
804596180.790905,1.663799
804596183.0297021,2.172253
804596184.911634,1.8188099999999998
804596186.94322,1.9646149999999998
804596189.1549101,2.1483119999999998
804596190.933225,1.712197
804596192.722051,1.725949
804596194.873179,2.0837920000000003
804596197.161999,2.225161
804596199.091356,1.862231
804596201.243608,2.088603
804596203.10605,1.79497
804596205.1289301,1.958922
804596207.060252,1.864045
804596209.169338,2.045513
804596210.904343,1.6688560000000001
804596213.001346,2.033365
804596214.9839021,1.916422
804596216.78238,1.7349839999999999
804596218.5314521,1.682332
804596220.256755,1.6627910000000001
804596221.9506639,1.6280960000000002
804596223.874904,1.860848
804596225.825922,1.8875000000000002
804596227.711663,1.819402
804596229.691799,1.916622
804596231.867275,2.109251
804596233.757461,1.827115
804596235.703066,1.879983
804596237.642647,1.87697
804596239.691709,1.9831520000000002
804596241.785704,2.029641
804596243.559996,1.7078119999999999
804596245.3132991,1.690015
804596247.33674,1.9571469999999997
804596249.17691,1.7769030000000001
804596251.255379,2.012
804596253.694795,2.376138
804596255.7938471,2.032518
804596257.7673329,1.9103729999999999
804596259.867548,2.033716
804596261.517921,1.587056
804596263.344339,1.759277
804596265.303511,1.895438
804596267.402974,2.0326329999999997
804596269.648067,2.1821
804596271.742824,2.028162
804596273.65864,1.852228
804596275.7817839,2.057004
804596277.5258399,1.681054
804596279.614373,2.020384
804596281.370352,1.692882
804596283.4071499,1.9714310000000002
804596285.396347,1.925278
804596287.3239349,1.861445
804596289.34872,1.9610109999999998
804596291.605459,2.19043
804596293.4797181,1.810942
804596295.23696,1.690321
804596297.191371,1.8909529999999999
804596298.973706,1.715936
804596300.917938,1.880669
804596302.890922,1.9048660000000002
804596305.137729,2.183464
804596307.245242,2.040646
804596309.214672,1.905813
804596311.015591,1.734408
804596312.932143,1.8533410000000001
804596314.89351,1.894662
804596316.667852,1.7111640000000001
804596318.47111,1.736759
804596320.5133209,1.978948
804596322.48824,1.908549
804596324.263453,1.711064
804596326.412978,2.082764
804596328.6715829,2.19483
804596330.400553,1.661479
804596332.359785,1.896145
804596334.157301,1.731301
804596336.4637611,2.243409
804596338.571324,2.0411930000000003
804596340.477362,1.842816
804596342.603171,2.0587180000000003
804596344.485865,1.800137
804596346.224925,1.6720540000000002
804596348.069921,1.781864
804596349.998116,1.860738
804596351.74344,1.6581860000000002
804596353.529213,1.722351
804596355.710432,2.113938
804596357.490587,1.7156
804596359.590912,2.0342469999999997
804596361.586384,1.932369
804596363.409023,1.756299
804596365.2081419,1.7362630000000001
804596366.926168,1.651771
804596368.702309,1.7126979999999998
804596370.730356,1.9620330000000001
804596372.551516,1.7581140000000002
804596374.407097,1.789592
804596376.737739,2.267364
804596379.302044,2.498227
804596381.960054,2.59415
804596384.539976,2.5128709999999996
804596386.620145,2.0135840000000003
804596388.398641,1.714798
804596390.789393,2.323851
804596392.739699,1.886032
804596394.903703,2.0968229999999997
804596397.051579,2.084965
804596398.9285301,1.810485
804596400.752908,1.761206
804596402.670673,1.850745
804596404.674704,1.940744
804596406.7309921,1.9895630000000002
804596408.494113,1.699241
804596410.361817,1.80114
804596412.1445631,1.718747
804596413.869334,1.658241
804596415.801829,1.86796
804596417.711751,1.84673
804596419.330104,1.5521090000000002
804596421.156051,1.7626650000000001
804596422.981166,1.7588650000000001
804596424.690501,1.646359
804596426.8397751,2.064818
804596428.8423231,1.939291
804596430.967778,2.058664
804596432.9694389,1.938344
804596434.862782,1.826693
804596436.97484,2.0493170000000003
804596438.756814,1.714402
804596440.7935569,1.9730849999999998
804596442.949657,2.08939
804596444.747092,1.7329050000000001
804596446.9845369,2.169682
804596448.778409,1.7305899999999999
804596450.9782511,2.133463
804596453.16593,2.124186
804596455.2268851,1.994549
804596457.463553,2.173647
804596459.409023,1.878354
804596461.537063,2.064598
804596463.448639,1.8457029999999999
804596465.335016,1.82294
804596467.268478,1.866992
804596469.069281,1.737676
804596470.993061,1.857615
804596472.776879,1.719875
804596474.5402701,1.697047
804596476.366823,1.763777
804596478.1553379,1.722496
804596480.18938,1.9708400000000001
804596482.244209,1.988034
804596484.101504,1.7940930000000002
804596485.879424,1.710588
804596487.94143,1.9988240000000002
804596489.94714,1.916573
804596491.73139,1.716887
804596493.826508,2.0318110000000003
804596495.777105,1.884884
804596497.830095,1.9896129999999999
804596499.9514899,2.055151
804596502.167716,2.1308719999999997
804596504.158131,1.923689
804596506.272073,2.047137
804596508.0978041,1.762133
804596509.852936,1.68815
804596511.6223611,1.705581
804596513.385436,1.6997030000000002
804596515.231344,1.7786220000000001
804596517.486891,2.191999
804596519.434546,1.881341
804596521.391593,1.894552
804596523.231091,1.773445
804596525.321769,2.027125
804596527.299094,1.91131
804596529.437959,2.075638
804596531.3559749,1.852333
804596533.068117,1.649
804596534.984609,1.8304669999999998
804596537.206879,2.1590580000000004
804596539.293663,2.020114
804596541.068465,1.693172
804596543.156582,2.021487
804596545.0831031,1.8631030000000002
804596546.950176,1.800412
804596549.023283,2.00965
804596551.019476,1.930997
804596552.551694,1.474238
804596554.207465,1.588899
804596556.344411,2.073507
804596558.242327,1.847127
804596559.840484,1.550107
804596561.926505,2.037778
804596563.665635,1.687953
804596565.724054,2.009953
804596568.0681889,2.2932159999999997
804596569.66553,1.545725
804596570.753076,1.0390329999999999
804596572.078489,1.277403
804596573.21749,1.0614109999999999
804596574.824807,1.543163
804596576.428965,1.540837
804596578.293313,1.8135130000000002
804596580.02603,1.68486
804596582.090397,2.013295
804596583.624603,1.453945
804596585.4073639,1.733049
804596587.109972,1.651686
804596588.461154,1.287267
804596590.055912,1.52694
804596592.0376109,1.908935
804596593.75064,1.637924
804596595.307561,1.492375
804596596.745249,1.358864
804596598.246279,1.4473850000000001
804596599.7800901,1.487915
804596601.553073,1.7094099999999999
804596603.155169,1.5353599999999998
804596604.7894139,1.570938
804596606.207962,1.3524850000000002
804596608.1339871,1.8632430000000002
804596609.573508,1.3731069999999999
804596611.03212,1.39581
804596612.529231,1.433863
804596613.89692,1.301606
804596615.4814,1.521688
804596616.913504,1.3691630000000001
804596618.270334,1.291478
804596619.792514,1.4601149999999998
804596621.3012869,1.446363
804596622.85736,1.490912
804596624.292176,1.37206
804596625.956581,1.599269
804596628.112301,2.090804
804596629.862366,1.684387
804596631.6714029,1.747559
804596633.789455,2.056764
804596635.696696,1.8423
804596637.506024,1.747914
804596639.451865,1.881651
804596641.358259,1.8447660000000001
804596643.239931,1.816886
804596644.919862,1.6187639999999999
804596647.0168151,2.0324980000000004
804596648.822329,1.7444870000000001
804596650.526893,1.6396080000000002
804596652.26476,1.675757
804596653.970206,1.641141
804596655.697122,1.665387
804596657.519585,1.760289
804596659.23546,1.649466
804596660.873785,1.576235
804596662.5892049,1.650393
804596664.693756,2.041694
804596666.623449,1.8617149999999998
804596668.6182641,1.9324839999999999
804596670.337592,1.654036
804596672.15117,1.751058
804596673.959656,1.743916
804596676.112288,2.0904629999999997
804596677.8223,1.644735
804596679.705861,1.821731
804596681.693774,1.92604
804596683.810413,2.052444
804596685.766077,1.8937249999999999
804596687.623322,1.7920690000000001
804596689.963822,2.278515
804596691.953194,1.898641
804596693.7984151,1.758289
804596695.774958,1.911686
804596697.891721,2.053797
804596699.627077,1.669979
804596701.520867,1.831038
804596703.504049,1.918372
804596705.421329,1.855475
804596707.224312,1.737595
804596708.9952251,1.706975
804596711.132929,2.072175
804596712.972763,1.777178
804596715.001081,1.9623140000000001
804596716.7697439,1.705696
804596718.696911,1.840736
804596720.8290111,2.068927
804596722.918902,2.023381
804596724.996043,2.0136540000000003
804596727.085614,2.021782
804596728.893819,1.7452839999999998
804596731.117548,2.157429
804596732.868369,1.687745
804596734.9562961,2.021432
804596736.948841,1.928991
804596739.150156,2.1352469999999997
804596740.99621,1.7830910000000002
804596743.146547,2.082694
804596744.949976,1.740126
804596746.744429,1.7282840000000002
804596748.7499839,1.942518
804596750.5762409,1.7597120000000002
804596753.2341601,2.594206
804596755.472678,2.171647
804596757.826263,2.290152
804596759.895256,2.0019270000000002
804596761.8884419,1.9296680000000002
804596763.492697,1.537334
804596765.20934,1.652733
804596767.3624829,2.0865039999999997
804596769.37548,1.949845
804596771.0961471,1.6545670000000001
804596773.292636,2.133107
804596774.985608,1.625315
804596777.374075,2.324983
804596779.176126,1.735867
804596781.550856,2.3114670000000004
804596783.5056319,1.888773
804596785.511082,1.941907
804596787.2513341,1.6739680000000001
804596789.402969,2.088177
804596791.511659,2.042005
804596793.8688979,2.293926
804596795.6565399,1.721564
804596797.720356,2.0006429999999997
804596799.505352,1.71773
804596801.330356,1.761627
804596803.4058399,2.0088380000000003
804596805.428138,1.959077
804596807.539204,2.043684
804596809.879724,2.277032
804596811.9600431,2.013693
804596814.021307,1.9703730000000002
804596815.943082,1.8553860000000002
804596818.042511,2.009685
804596820.061733,1.9521009999999999
804596822.425311,2.2971839999999997
804596824.437722,1.949274
804596826.692562,2.188701
804596828.72286,1.9659080000000002
804596830.731657,1.942147
804596832.838929,2.043799
804596834.8414121,1.936449
804596836.932781,2.027396
804596838.857819,1.8587479999999998
804596840.688667,1.7673750000000001
804596842.805236,2.050605
804596844.6026961,1.7340330000000002
804596846.348652,1.679856
804596848.2518029,1.83814
804596850.505175,2.186786
804596852.796144,2.228093
804596854.815792,1.953513
804596856.709586,1.8308980000000001
804596858.493139,1.716858
804596860.4311869,1.873513
804596862.4187499,1.920317
804596864.227397,1.745575
804596866.283029,1.989532
804596868.0645419,1.718356
804596869.827216,1.686177
804596871.705114,1.81448
804596873.621801,1.853671
804596875.581926,1.893549
804596878.3409851,2.695747
804596880.8411059,2.4336420000000003
804596883.427689,2.5232560000000004
804596885.489725,1.998859
804596887.244607,1.688553
804596889.111695,1.8037450000000002
804596891.220896,2.042742
804596893.1523931,1.868235
804596895.050879,1.831599
804596897.031556,1.917184
804596898.846732,1.748767
804596900.5379751,1.626648
804596902.549855,1.9455
804596904.386892,1.772623
804596906.197128,1.743916
804596908.175419,1.91512
804596910.181546,1.939531
804596911.9631389,1.71781
804596913.876554,1.823245
804596915.840683,1.896897
804596918.032571,2.128436
804596919.8356899,1.718055
804596921.6631,1.764237
804596923.611892,1.882739
804596925.68968,2.0149209999999997
804596927.962848,2.206788
804596929.9582651,1.909201
804596931.9823741,1.9578989999999998
804596934.319811,2.251447
804596936.329085,1.942728
804596938.4612039,2.0653989999999998
804596940.3038299,1.778877
804596942.080421,1.709029
804596944.196263,2.052795
804596946.1482531,1.886172
804596948.371339,2.159608
804596950.260043,1.822539
804596952.2200919,1.872957
804596954.4427569,2.156506
804596956.228475,1.7224110000000001
804596958.167154,1.8727559999999999
804596959.922662,1.6794259999999999
804596961.760536,1.774006
804596963.435306,1.608696
804596965.109414,1.610951
804596967.1112651,1.93488
804596968.5756049,1.401519
804596970.070145,1.428657
804596971.665254,1.532003
804596973.187183,1.458487
804596974.535027,1.281785
804596976.0490221,1.450693
804596977.522012,1.406676
804596979.139243,1.553838
804596980.5293391,1.326794
804596981.853432,1.257999
804596983.098557,1.181927
804596984.534134,1.37222
804596985.927975,1.328052
804596987.284183,1.293381
804596988.760686,1.413155
804596990.0871141,1.258861
804596991.377539,1.226586
804596992.633864,1.192196
804596994.3218801,1.6208749999999998
804596995.7925351,1.407277
804596997.380783,1.525026
804596999.2959571,1.848654
804597000.928494,1.568828
804597003.232238,2.237054
804597004.9825381,1.687028
804597006.689428,1.639913
804597008.36746,1.6136869999999999
804597010.279762,1.8463189999999998
804597011.85701,1.5140360000000002
804597014.085053,2.164886
804597016.1986539,2.046751
804597017.927099,1.661284
804597019.714872,1.724726
804597021.851894,2.072546
804597023.864715,1.946297
804597025.6021609,1.672866
804597027.6329241,1.964865
804597029.5962261,1.9002089999999998
804597031.587327,1.924471
804597033.638919,1.9887860000000002
804597035.413762,1.708708
804597037.5271729,2.050183
804597039.4167321,1.823521
804597041.4237659,1.944162
804597043.439434,1.949314
804597045.470785,1.967252
804597047.208686,1.671462
804597049.3606219,2.089175
804597051.252046,1.824518
804597053.0640451,1.7486570000000001
804597054.7853631,1.654588
804597056.504757,1.6559059999999999
804597058.4053421,1.834537
804597060.5461371,2.077292
804597062.2215481,1.609383
804597064.306322,2.019893
804597066.2633201,1.8901759999999999
804597068.128829,1.802302
804597070.325168,2.13043
804597072.14082,1.751423
804597074.2297391,2.022108
804597076.4511269,2.15845
804597078.528659,2.0116140000000002
804597080.405414,1.813403
804597082.2969381,1.825415
804597084.0734401,1.713651
804597085.816795,1.6766839999999998
804597087.55823,1.6782489999999999
804597089.774035,2.152863
804597091.780702,1.940709
804597093.939654,2.095434
804597095.785652,1.779899
804597097.767898,1.9184219999999998
804597099.754213,1.91975
804597101.777028,1.9598039999999999
804597103.750373,1.882063
804597105.51006,1.6960339999999998
804597107.466726,1.8901510000000001
804597109.665356,2.135688
804597111.466344,1.73485
804597113.44458,1.914332
804597115.662069,2.150978
804597117.482703,1.7573720000000002
804597119.5538311,2.0039569999999998
804597121.317839,1.700855
804597123.08347,1.698525
804597124.859004,1.712282
804597127.143348,2.218361
804597128.946602,1.740383
804597131.131905,2.119164
804597133.091719,1.8962199999999998
804597135.226174,2.068125
804597137.415872,2.126827
804597139.19277,1.710282
804597141.093555,1.837669
804597142.832319,1.671608
804597144.833124,1.937692
804597146.60756,1.707536
804597148.3469961,1.675902
804597150.3096049,1.8959350000000001
804597152.316884,1.944307
804597154.252411,1.869057
804597156.215752,1.9001890000000001
804597158.321476,2.0383459999999998
804597160.435573,2.050986
804597162.220901,1.7193740000000002
804597163.981054,1.696972
804597166.05143,1.983664
804597167.91082,1.7933999999999999
804597170.073816,2.099113
804597172.1166431,1.9750979999999998
804597173.934641,1.7513679999999998
804597175.7250401,1.7271210000000001
804597177.619827,1.830071
804597179.76648,2.080269
804597181.8771499,2.047197
804597183.5757151,1.6315940000000002
804597185.396569,1.757502
804597187.0470029,1.5842239999999999
804597189.131241,2.0207010000000003
804597191.191308,1.9935209999999999
804597192.898222,1.643276
804597194.941014,1.9748880000000002
804597196.911256,1.905276
804597198.810213,1.832738
804597200.527321,1.6538460000000001
804597202.7824531,2.188596
804597204.841953,1.9962579999999999
804597206.528821,1.619266
804597208.525576,1.9332310000000001
804597210.338131,1.746271
804597212.514368,2.111457
804597214.5747011,1.9938719999999999
804597216.3514379,1.713494
804597218.1234889,1.705997
804597219.881111,1.693594
804597221.8336581,1.888348
804597223.563421,1.663083
804597225.413414,1.787082
804597227.314059,1.8344310000000001
804597229.433179,2.056067
804597231.2745861,1.775118
804597233.377147,2.0396300000000003
804597235.3603851,1.916974
804597237.477114,2.053642
804597239.3583289,1.815187
804597241.310234,1.888777
804597243.485188,2.10868
804597245.24874,1.700164
804597247.0416651,1.726746
804597249.22979,2.1250240000000002
804597251.0593151,1.763116
804597253.652388,2.5303220000000004
804597256.149933,2.431321
804597258.544579,2.328357
804597260.494489,1.886918
804597262.570714,2.009729
804597264.385274,1.751669
804597266.471061,2.0197629999999998
804597268.410642,1.8763740000000002
804597270.670985,2.194229
804597272.6699339,1.935602
804597274.722489,1.9864309999999998
804597276.485414,1.699964
804597278.164088,1.611262
804597279.898406,1.670775
804597281.387914,1.426451
804597282.849613,1.394999
804597284.712315,1.799981
804597286.4267269,1.647922
804597288.587749,2.0978
804597290.541734,1.887745
804597292.472254,1.8674080000000002
804597294.130796,1.592027
804597295.8881929,1.694089
804597297.837096,1.867173
804597299.579759,1.675572
804597301.4658511,1.82304
804597303.43444,1.90215
804597305.392544,1.8948420000000001
804597307.328507,1.8696590000000002
804597309.145267,1.753673
804597310.899953,1.6882920000000001
804597312.6913489,1.7270219999999998
804597314.631767,1.8738979999999998
804597316.7178601,2.022459
804597318.423722,1.639708
804597320.471765,1.9848420000000002
804597322.370141,1.8320509999999999
804597324.552768,2.119551
804597326.175231,1.555903
804597328.466913,2.228379
804597330.630535,2.096882
804597332.882419,2.188085
804597334.8422871,1.893303
804597337.185037,2.279418
804597339.104346,1.852869
804597340.77006,1.602416
804597342.685354,1.848724
804597344.8188521,2.069925
804597346.715664,1.830488
804597348.750818,1.9722020000000002
804597350.694599,1.8769559999999998
804597352.663684,1.905893
804597354.398589,1.669227
804597356.273695,1.8122049999999998
804597358.137851,1.7981360000000002
804597360.048043,1.847522
804597361.8854669,1.770378
804597364.032827,2.084378
804597365.936815,1.835569
804597367.703689,1.703607
804597369.6440971,1.877246
804597371.760154,2.049477
804597373.5977731,1.774537
804597375.4651071,1.8010140000000001
804597378.147859,2.619761
804597380.5557611,2.341186
804597382.853376,2.234508
804597384.987314,2.0708469999999997
804597386.659172,1.6057039999999998
804597388.5986431,1.876414
804597390.641515,1.9771329999999998
804597392.658451,1.953719
804597394.90182,2.176698
804597396.906312,1.940975
804597399.078886,2.1054530000000002
804597401.772068,2.263957
804597403.583395,1.744642
804597405.740944,2.093906
804597407.97459,2.167813
804597410.222008,2.155725
804597412.163283,1.874009
804597414.2111369,1.9818140000000002
804597415.961211,1.686241
804597418.066664,2.018034
804597419.969855,1.836546
804597422.101469,2.041643
804597424.033162,1.865378
804597425.851967,1.751509
804597427.851218,1.935607
804597429.674683,1.760634
804597431.658914,1.918271
804597433.886826,2.1650660000000004
804597435.804592,1.851546
804597438.053944,2.18576
804597439.930038,1.8085410000000002
804597441.769897,1.77605
804597443.616707,1.780059
804597445.388618,1.7088240000000001
804597447.3461,1.891865
804597449.6162211,2.20725
804597451.577619,1.8950580000000001
804597453.741433,2.100752
804597455.8898699,2.082128
804597457.8959761,1.942568
804597459.739053,1.776481
804597461.6871741,1.8849690000000001
804597463.5545421,1.801104
804597465.481905,1.864145
804597467.5458349,1.997411
804597469.8629559,2.253016
804597471.799184,1.869939
804597473.636798,1.774718
804597475.597253,1.893254
804597477.581028,1.920382
804597479.434494,1.7869050000000002
804597481.53747,2.0391630000000003
804597483.470682,1.866997
804597485.5643821,2.030614
804597487.380947,1.75007
804597489.515091,2.0712119999999996
804597491.28432,1.70289
804597493.280579,1.933382
804597495.227497,1.8606880000000001
804597497.32876,2.0380599999999998
804597499.606027,2.210172
804597501.967811,2.298412
804597504.3431621,2.3085660000000003
804597506.914655,2.504928
804597509.34078,2.361825
804597511.883751,2.476857
804597514.0688441,2.121515
804597515.98036,1.844104
804597517.9785529,1.908303
804597520.101852,2.056934
804597521.890722,1.722917
804597523.824129,1.8702040000000002
804597525.779432,1.892181
804597527.8608979,2.015303
804597529.748042,1.823762
804597531.871562,2.056673
804597533.7018241,1.7670590000000002
804597535.5436031,1.775324
804597537.657856,2.050946
804597539.624155,1.899523
804597541.775429,2.0880009999999998
804597543.653301,1.8110920000000001
804597545.292368,1.575724
804597547.574988,2.21613
804597549.7630069,2.1250430000000002
804597551.898956,2.069213
804597554.253518,2.29125
804597556.685922,2.342334
804597558.597207,1.844781
804597560.753648,2.092086
804597562.494336,1.6737819999999999
804597564.474277,1.916512
804597566.29855,1.758135
804597568.377601,2.015759
804597570.0870321,1.642574
804597571.764452,1.6131710000000001
804597573.5012411,1.673767
804597575.163803,1.595204
804597576.856414,1.629043
804597579.021079,2.098025
804597580.71136,1.626948
804597582.654394,1.8770959999999999
804597584.8043,2.0852459999999997
804597587.139187,2.268402
804597589.3450791,2.142795
804597591.38751,1.976161
804597593.427269,1.9753650000000003
804597595.304535,1.811047
804597597.507294,2.1392759999999997
804597599.269773,1.695754
804597601.1117121,1.778737
804597603.12939,1.950427
804597605.32629,2.1334980000000003
804597607.318113,1.925022
804597609.5172639,2.134926
804597611.5192599,1.935707
804597613.2594371,1.6767189999999998
804597615.388425,2.0622420000000004
804597617.138279,1.686402
804597619.196687,1.991517
804597621.116949,1.8571550000000001
804597623.305275,2.12181
804597625.136253,1.767917
804597627.440603,2.238337
804597629.819107,2.315416
804597632.581684,2.696549
804597635.265188,2.615334
804597637.3080939,1.9796700000000003
804597639.0816541,1.707376
804597640.838536,1.693458
804597642.7350769,1.829941
804597644.4977859,1.699327
804597646.186283,1.622072
804597648.3516589,2.102074
804597650.327911,1.909782
804597652.123793,1.730424
804597654.10883,1.916482
804597655.9841061,1.811563
804597657.9775981,1.9053419999999999
804597660.039014,1.994835
804597661.853213,1.746612
804597663.6859859,1.769154
804597665.707277,1.957819
804597667.637897,1.8646369999999999
804597669.760164,2.058694
804597671.6394999,1.812852
804597673.5263231,1.8232700000000002
804597675.901238,2.3090620000000004
804597677.971674,2.0069380000000003
804597680.20332,2.164741
804597682.255204,1.984947
804597684.067248,1.748507
804597686.1050531,1.9710299999999998
804597688.241999,2.0737289999999997
804597690.35315,2.043348
804597692.154719,1.738413
804597694.218505,1.9978970000000003
804597696.1077039,1.826132
804597698.406151,2.212842
804597700.3679631,1.8984699999999999
804597702.3186201,1.8847930000000002
804597704.0783831,1.6953580000000001
804597706.169999,2.024715
804597708.4600459,2.22675
804597710.168264,1.630783
804597712.1773521,1.9444130000000002
804597714.293755,2.049838
804597716.3782641,2.021141
804597718.303993,1.859464
804597720.4746871,2.106611
804597722.3392481,1.79748
804597724.151097,1.748241
804597725.8545289,1.636315
804597727.935664,2.017989
804597729.911836,1.912855
804597731.661596,1.683675
804597733.9402269,2.215158
804597736.080655,2.073824
804597738.0825269,1.93505
804597739.9943631,1.847933
804597741.928011,1.843607
804597743.913724,1.9212179999999999
804597745.740633,1.763587
804597747.868267,2.061129
804597749.8312529,1.899132
804597752.3137441,2.4166779999999997
804597754.863045,2.4830669999999997
804597756.82582,1.898631
804597758.7917529,1.899558
804597760.5513151,1.6954680000000002
804597762.558504,1.940503
804597764.35017,1.728224
804597766.5086111,2.0915600000000003
804597768.3706169,1.798247
804597770.0668659,1.629254
804597771.839995,1.708869
804597773.6254029,1.7212180000000001
804597775.870802,2.178884
804597777.728196,1.794248
804597779.5099449,1.714126
804597781.247576,1.673632
804597783.1441671,1.829876
804597784.803691,1.595866
804597786.545317,1.675551
804597788.2456759,1.6372419999999999
804597789.9713889,1.659259
804597791.743996,1.709115
804597793.786287,1.979489
804597795.730865,1.8785189999999998
804597797.4946021,1.700179
804597799.259642,1.698576
804597801.133075,1.809909
804597802.914297,1.714688
804597804.7568021,1.778767
804597806.659307,1.836476
804597808.5008299,1.7778850000000002
804597810.433084,1.8658100000000002
804597812.221343,1.7246460000000001
804597814.129491,1.841939
804597816.11522,1.921484
804597818.251273,2.0697490000000003
804597820.225194,1.910589
804597822.2660459,1.9737660000000001
804597824.103019,1.773609
804597825.877722,1.705025
804597828.160873,2.219619
804597830.404743,2.1771999999999996
804597832.143517,1.674549
804597834.1908439,1.9804760000000001
804597836.191452,1.936785
804597838.080085,1.8216059999999998
804597839.93968,1.795445
804597842.1607059,2.127384
804597844.4837,2.2566349999999997
804597846.379539,1.8289790000000001
804597848.5042521,2.0614549999999996
804597850.244985,1.673973
804597852.484601,2.1763529999999998
804597854.1228249,1.571364
804597855.902724,1.715309
804597857.8503901,1.883871
804597859.735424,1.8181479999999999
804597861.706969,1.908018
804597863.547249,1.773099
804597865.4750429,1.864547
804597867.6864971,2.1445380000000003
804597869.404097,1.654413
804597871.3065319,1.835294
804597873.274299,1.9044750000000001
804597875.011569,1.670409
804597877.45137,2.3749000000000002
804597880.07113,2.5532
804597882.705008,2.566967
804597884.847517,2.079217
804597886.9561671,2.042521
804597889.046724,2.0271500000000002
804597890.97979,1.8667259999999999
804597892.644101,1.6001100000000001
804597894.5761399,1.84633
804597896.58155,1.940674
804597898.6413059,1.993046
804597900.457665,1.752912
804597902.357774,1.8332789999999999
804597904.457684,2.0364720000000003
804597906.3102379,1.785868
804597908.3234149,1.9499160000000002
804597910.4082501,2.017969
804597912.809566,2.337417
804597914.904343,2.028167
804597916.788877,1.8208499999999999
804597918.776851,1.921931
804597921.096828,2.25673
804597923.0200521,1.8568829999999998
804597924.983263,1.899683
804597926.941197,1.890547
804597928.719878,1.714998
804597930.804582,2.0180540000000002
804597932.690238,1.82105
804597934.6911371,1.933828
804597936.805791,2.051577
804597938.720008,1.8475869999999999
804597940.9548019,2.170413
804597942.8631799,1.842525
804597944.650392,1.722761
804597946.3718001,1.65524
804597948.545758,2.11093
804597950.64037,2.0166749999999998
804597952.580577,1.87675
804597954.858512,2.211549
804597956.970815,2.0480590000000003
804597958.721727,1.684151
804597960.5439,1.747444
804597962.6271999,2.004557
804597964.4098259,1.719579
804597966.298815,1.82265
804597968.579882,2.21796
804597970.5569661,1.911711
804597972.50028,1.880118
804597974.479268,1.912433
804597976.453686,1.909812
804597978.524888,2.0050990000000004
804597980.8098891,2.2217640000000003
804597982.57136,1.694521
804597984.850963,2.2162610000000003
804597986.540793,1.623811
804597988.888289,2.283182
804597990.685274,1.730439
804597992.7646359,2.0156330000000002
804597994.680437,1.847722
804597996.876014,2.132135
804597999.143108,2.199331
804598000.951488,1.745093
804598003.5697049,2.5514
804598005.832037,2.199281
804598007.610138,1.710888
804598009.343589,1.669894
804598011.157333,1.746717
804598012.9477819,1.7265810000000001
804598014.723517,1.708177
804598016.783819,1.996319
804598019.099822,2.2498679999999998
804598020.994548,1.831164
804598023.111052,2.049928
804598024.844949,1.67044
804598026.902304,1.989663
804598029.144365,2.179269
804598030.92449,1.71373
804598032.924968,1.9367539999999999
804598034.628685,1.635188
804598036.4525371,1.760134
804598038.481868,1.962419
804598040.251017,1.705366
804598042.319709,2.002387
804598044.072505,1.688657
804598045.780838,1.641351
804598047.9693689,2.1247219999999998
804598049.801435,1.744777
804598051.786371,1.918402
804598053.6636181,1.813257
804598055.844356,2.113687
804598057.546334,1.637458
804598059.450147,1.836632
804598061.4550099,1.941406
804598063.560317,2.038191
804598065.815493,2.191468
804598067.848963,1.96669
804598069.984065,2.071388
804598072.137539,2.08683
804598074.0310079,1.82715
804598075.893816,1.798559
804598077.655007,1.697317
804598079.564929,1.84218
804598081.756211,2.127278
804598083.7099761,1.887264
804598085.451085,1.677415
804598087.2027531,1.684798
804598089.030459,1.763943
804598090.790352,1.693233
804598092.987408,2.114358
804598094.751696,1.6973019999999999
804598096.9860929,2.170579
804598098.712509,1.6598400000000002
804598100.444798,1.667322
804598102.237161,1.725679
804598104.4121901,2.111752
804598106.26953,1.7909950000000001
804598108.40627,2.072731
804598110.351249,1.8784839999999998
804598112.394762,1.9801609999999998
804598114.2004269,1.738984
804598116.190716,1.925669
804598118.3420709,2.0845350000000002
804598120.15179,1.746196
804598121.896187,1.678108
804598123.773242,1.8134620000000001
804598125.689194,1.852137
804598128.553979,2.7986069999999996
804598130.5005721,1.878669
804598132.2458501,1.681721
804598134.151808,1.838977
804598135.800668,1.585161
804598137.8477241,1.9831480000000001
804598139.7949181,1.880674
804598141.5306051,1.671884
804598143.281317,1.68357
804598145.016688,1.671562
804598147.207318,2.123925
804598149.654547,2.383454
804598151.6210251,1.8986809999999998
804598153.442507,1.756961
804598155.2750641,1.7657459999999998
804598157.1650189,1.824949
804598159.00149,1.7696800000000001
804598160.773858,1.708423
804598162.8966559,2.056519
804598164.670241,1.709546
804598166.608589,1.871603
804598168.496996,1.824408
804598170.1933811,1.628808
804598172.297681,2.0156940000000003
804598174.0081589,1.642995
804598176.315747,2.243179
804598178.636145,2.254153
804598180.70621,2.005985
804598182.584243,1.8115679999999998
804598184.375203,1.7272310000000002
804598186.252429,1.8104410000000002
804598188.142274,1.825701
804598189.938372,1.729738
804598191.905407,1.902666
804598194.0778611,2.109217
804598196.167857,2.0228
804598198.109689,1.875051
804598200.219998,2.046315
804598202.139086,1.851912
804598203.849669,1.645963
804598205.677124,1.763887
804598207.568368,1.823926
804598209.353735,1.7212429999999999
804598211.216072,1.7949039999999998
804598213.411915,2.132225
804598215.108846,1.630412
804598216.841541,1.669221
804598219.050138,2.1416370000000002
804598220.996986,1.8827589999999998
804598222.77023,1.706794
804598224.571123,1.736909
804598226.610201,1.971901
804598228.6862351,2.011243
804598230.880305,2.127419
804598233.0781881,2.1337729999999997
804598234.9631569,1.816655
804598236.729334,1.7011859999999999
804598238.706062,1.909742
804598241.077153,2.307679
804598243.05997,1.916126
804598245.276917,2.153409
804598247.376741,2.0328540000000004
804598249.2525741,1.811012
804598251.1571239,1.8371979999999999
804598253.467373,2.2460050000000003
804598256.07916,2.544491
804598258.0934,1.9474399999999998
804598260.156995,1.9996459999999998
804598261.86002,1.6358139999999999
804598263.592023,1.668335
804598265.312254,1.65584
804598267.0232381,1.644253
804598269.335572,2.24808
804598271.254786,1.8524889999999998
804598273.47681,2.158286
804598275.214652,1.671026
804598277.151607,1.8732119999999999
804598278.860997,1.6422590000000001
804598280.561592,1.6360299999999999
804598282.485281,1.8571440000000001
804598284.188226,1.638971
804598286.099081,1.8443640000000001
804598287.961978,1.779604
804598289.941087,1.88969
804598292.188996,2.1813190000000002
804598294.206995,1.950738
804598296.3768029,2.105498
804598298.3167449,1.871938
804598300.215366,1.834476
804598301.923994,1.641743
804598303.698461,1.7098659999999999
804598305.5473009,1.785041
804598307.6160879,2.001831
804598309.528365,1.847186
804598311.6094509,2.014391
804598313.461529,1.78893
804598315.77271,2.244617
804598317.625414,1.788129
804598319.766826,2.07419
804598321.824588,1.993291
804598323.635389,1.744041
804598325.762351,2.061971
804598327.677811,1.8484289999999999
804598329.5919629,1.8509200000000001
804598331.345296,1.686793
804598333.252928,1.8440679999999998
804598335.278339,1.9586709999999998
804598336.978047,1.635729
804598338.798315,1.753619
804598340.536738,1.675016
804598342.374668,1.7708730000000001
804598344.232669,1.793506
804598345.97017,1.670485
804598347.926034,1.891955
804598349.776483,1.786445
804598351.566095,1.722732
804598353.6091421,1.9792490000000003
804598355.350737,1.674269
804598357.127118,1.712182
804598359.184258,1.990485
804598360.962128,1.714167
804598362.709502,1.680272
804598364.8882049,2.114389
804598366.703041,1.748181
804598368.915648,2.148733
804598370.708924,1.72611
804598372.584927,1.812335
804598374.461827,1.810175
804598376.230335,1.705256
804598377.9545101,1.6573600000000002
804598380.352498,2.334095
804598382.752507,2.333959
804598384.998186,2.181876
804598386.783303,1.718663
804598388.125569,1.278898
804598389.379994,1.187951
804598390.803349,1.358212
804598392.350075,1.4830729999999999
804598393.863273,1.446749
804598395.385708,1.459283
804598396.934384,1.485464
804598398.3104991,1.308867
804598399.641718,1.267266
804598401.0773411,1.3714739999999999
804598402.550832,1.406891
804598404.053872,1.4319739999999999
804598405.7469391,1.626242
804598407.1958231,1.384914
804598408.612602,1.353141
804598410.265691,1.585908
804598411.742275,1.41273
804598413.311794,1.4977230000000001
804598414.915313,1.537084
804598416.4446139,1.4657520000000002
804598418.2393279,1.727843
804598419.678799,1.376014
804598421.379645,1.637051
804598422.853456,1.407006
804598424.395878,1.4783330000000001
804598426.065315,1.6031330000000001
804598427.485266,1.356098
804598429.0512329,1.501736
804598430.3106409,1.192256
804598431.598049,1.22378
804598432.9663299,1.3045719999999998
804598434.378062,1.3453519999999999
804598435.829441,1.387686
804598437.213359,1.319968
804598438.451787,1.1716280000000001
804598439.6933731,1.1779979999999999
804598441.032356,1.27531
804598442.3041071,1.204986
804598443.785737,1.418478
804598445.407478,1.557592
804598446.891358,1.416348
804598448.493058,1.53776
804598449.915941,1.355923
804598451.612055,1.632416
804598453.260444,1.584655
804598454.771693,1.44492
804598456.321166,1.499567
804598457.768421,1.379793
804598459.521633,1.669974
804598460.9904029,1.404706
804598462.441357,1.383872
804598464.167992,1.662556
804598465.702896,1.480523
804598467.256448,1.489899
804598468.8743399,1.554079
804598470.341652,1.400105
804598471.707036,1.301496
804598473.1625199,1.391721
804598474.233253,1.003978
804598475.546135,1.248507
804598476.917975,1.308226
804598478.433594,1.448829
804598479.792754,1.2954620000000001
804598481.138012,1.281368
804598482.468089,1.263687
804598483.852678,1.320785
804598485.1262131,1.2097570000000002
804598486.45192,1.2592320000000001
804598487.756011,1.2401280000000001
804598489.270833,1.4511839999999998
804598490.739092,1.401869
804598492.13158,1.328603
804598493.485627,1.2874430000000001
804598494.865841,1.316766
804598496.73986,1.8099539999999998
804598498.3079909,1.5013260000000002
804598499.914081,1.5420200000000002
804598501.991634,2.013458
804598503.5579311,1.4997479999999999
804598505.263428,1.6405750000000001
804598507.028638,1.699026
804598509.126332,2.033194
804598510.9403709,1.746091
804598512.8835311,1.879777
804598514.484563,1.534122
804598516.317602,1.769009
804598517.914816,1.529767
804598519.645811,1.666044
804598521.567295,1.85757
804598523.12169,1.487328
804598524.6938399,1.508427
804598526.879078,2.118623
804598528.826137,1.882609
804598530.8973551,2.003365
804598532.758359,1.797526
804598534.6770569,1.851937
804598536.591184,1.849952
804598538.747424,2.088212
804598540.686269,1.8741230000000002
804598542.360723,1.60652
804598544.537461,2.113386
804598546.294883,1.68996
804598548.231512,1.872951
804598549.946937,1.649445
804598551.7177551,1.70688
804598553.4132581,1.6321210000000002
804598555.424201,1.943786
804598557.756056,2.268066
804598560.059274,2.2369529999999997
804598561.8594251,1.732685
804598563.688013,1.764739
804598565.433372,1.681821
804598567.258487,1.758224
804598568.964314,1.641963
804598570.688393,1.657655
804598572.4811879,1.729136
804598574.285093,1.736844
804598576.143706,1.795125
804598577.955189,1.743972
804598579.85813,1.838932
804598581.8084409,1.886954
804598583.749286,1.87261
804598585.5860621,1.773103
804598587.930346,2.277353
804598589.7947971,1.800883
804598591.568953,1.707731
804598593.515556,1.883606
804598595.612268,2.029185
804598597.4314139,1.7553219999999998
804598599.262392,1.764148
804598601.60018,2.273063
804598603.326746,1.659956
804598605.183284,1.792239
804598606.93135,1.68147
804598608.8414819,1.8466699999999998
804598610.636677,1.7271969999999999
804598612.90779,2.205555
804598614.8221079,1.847922
804598616.5984241,1.712513
804598618.753467,2.088212
804598620.743521,1.926476
804598622.45039,1.64029
804598624.502995,1.9891219999999998
804598626.222148,1.651776
804598628.25882,1.9730339999999997
804598630.154063,1.828437
804598632.29335,2.076049
804598633.962857,1.603273
804598635.689532,1.643632
804598637.3792069,1.6259709999999998
804598639.352391,1.906083
804598641.199136,1.782992
804598643.398888,2.133603
804598645.258433,1.7948490000000001
804598647.410354,2.085331
804598649.6339619,2.159338
804598651.524996,1.824438
804598653.339485,1.751042
804598655.633923,2.227697
804598657.669638,1.9716859999999998
804598659.711277,1.9746630000000003
804598661.475034,1.7001080000000002
804598663.3731331,1.8316599999999998
804598665.325685,1.888973
804598667.177747,1.7842850000000001
804598669.0208989,1.7793080000000001
804598670.748767,1.660938
804598672.509021,1.69666
804598674.670479,2.0947180000000003
804598676.565176,1.8309039999999999
804598678.302983,1.6710209999999999
804598680.077264,1.7105130000000002
804598682.106739,1.9620430000000002
804598683.806277,1.6361640000000002
804598685.5371569,1.666601
804598687.584679,1.9805819999999998
804598689.3992151,1.750175
804598691.267179,1.801099
804598693.191465,1.860086
804598695.0965409,1.8370330000000001
804598696.8662269,1.706264
804598698.939249,2.0051140000000003
804598700.729618,1.7268
804598702.642477,1.845863
804598704.45398,1.7479550000000001
804598706.45105,1.918372
804598708.588562,2.074214
804598710.542977,1.887675
804598712.440977,1.834011
804598714.326623,1.8186140000000002
804598716.181291,1.79061
804598718.01872,1.770407
804598720.3323929,2.249423
804598722.1618919,1.7626339999999998
804598723.8943009,1.6686450000000002
804598725.7654381,1.8075089999999998
804598727.616709,1.78472
804598729.748492,2.0673839999999997
804598731.60701,1.7921230000000001
804598733.312596,1.641467
804598735.088396,1.70938
804598737.269084,2.091655
804598739.0648301,1.7291159999999999
804598740.928424,1.79959
804598742.642601,1.646134
804598744.39008,1.681927
804598746.581277,2.124251
804598748.683923,2.038752
804598750.4241849,1.673602
804598753.289197,2.80023
804598755.805004,2.449403
804598758.127517,2.2584940000000002
804598760.5015601,2.307924
804598762.879117,2.3109509999999998
804598764.93979,1.997136
804598766.662692,1.65551
804598768.426479,1.6988560000000001
804598770.310616,1.816796
804598772.185772,1.811102
804598773.947469,1.6950120000000002
804598776.184548,2.1736709999999997
804598778.458769,2.207099
804598780.297866,1.774647
804598782.1227449,1.756896
804598784.3052471,2.117706
804598786.2189881,1.846881
804598788.130199,1.846946
804598790.342275,2.1447290000000003
804598792.421661,2.016054
804598794.432599,1.944337
804598796.168205,1.672219
804598797.987351,1.75224
804598799.7888551,1.738027
804598801.570283,1.716261
804598803.6119169,1.974899
804598805.4058189,1.729988
804598807.299564,1.826128
804598809.207257,1.843302
804598811.111636,1.837528
804598812.882589,1.7073699999999998
804598814.780609,1.8301560000000001
804598816.65571,1.8117789999999998
804598818.709948,1.986912
804598820.6861391,1.912393
804598822.465813,1.711891
804598824.317846,1.788093
804598826.254691,1.87058
804598828.4787741,2.160416
804598830.311151,1.7464220000000001
804598832.1422501,1.766799
804598833.98237,1.773259
804598836.0482299,2.0017210000000003
804598837.887648,1.772663
804598839.661203,1.708628
804598841.584967,1.8591440000000001
804598843.500903,1.8484289999999999
804598845.430982,1.866301
804598847.283531,1.784475
804598849.129564,1.782516
804598851.007638,1.8108060000000001
804598852.729798,1.6585320000000001
804598854.985676,2.18838
804598856.753081,1.702499
804598858.501001,1.6806539999999999
804598860.340935,1.776196
804598862.1230799,1.71555
804598864.2419541,2.054078
804598866.005154,1.694862
804598868.197459,2.128651
804598870.2489959,1.9850480000000001
804598872.241651,1.929273
804598874.026392,1.718311
804598875.948182,1.858256
804598878.3939869,2.353414
804598880.9186599,2.458084
804598883.281006,2.296367
804598886.012822,2.667561
804598887.7724589,1.692757
804598889.507183,1.670655
804598891.265522,1.690902
804598893.283852,1.954571
804598895.176008,1.825812
804598897.0520071,1.811423
804598898.849598,1.730078
804598900.7769699,1.8624209999999999
804598902.475896,1.630792
804598904.232131,1.692771
804598905.9236289,1.6244779999999999
804598907.9876701,1.999832
804598909.81701,1.731441
804598911.7406939,1.8567690000000001
804598913.535508,1.731006
804598915.435071,1.832497
804598917.4438981,1.92833
804598919.444963,1.934836
804598921.381722,1.873041
804598923.312288,1.86375
804598925.35277,1.976793
804598927.074634,1.6549690000000001
804598928.955168,1.816509
804598930.702932,1.680653
804598932.535539,1.769219
804598934.279194,1.677355
804598936.040701,1.697769
804598937.916028,1.807077
804598939.800034,1.820424
804598941.766603,1.901848
804598943.988522,2.154171
804598945.865528,1.788796
804598947.988256,2.0555019999999997
804598950.0969111,2.0205599999999997
804598952.523336,2.358106
804598954.48788,1.897553
804598956.3074421,1.755949
804598958.065596,1.669592
804598959.884431,1.754705
804598961.6601399,1.712086
804598963.756196,2.02684
804598965.666013,1.846269
804598967.6031691,1.8697139999999999
804598969.325981,1.659228
804598971.0311861,1.6388660000000002
804598973.006009,1.9097870000000001
804598974.72012,1.647361
804598976.634799,1.851255
804598978.40906,1.7069800000000002
804598980.237848,1.764699
804598982.090387,1.7855429999999999
804598984.1993029,2.045819
804598986.203675,1.937547
804598988.129469,1.861003
804598990.3875669,2.191748
804598992.15369,1.702193
804598994.014342,1.7940930000000002
804598995.96329,1.885666
804598997.93226,1.8805180000000001
804598999.756197,1.7569510000000002
804599002.036712,2.216716
804599003.7323201,1.629138
804599005.836991,2.0408969999999997
804599007.636406,1.732505
804599009.355324,1.655676
804599011.1590791,1.7367839999999999
804599013.071988,1.8490410000000002
804599014.775444,1.6364299999999998
804599016.9421691,2.10222
804599018.829559,1.819888
804599021.006829,2.114037
804599022.782543,1.6899199999999999
804599024.797686,1.951028
804599026.513576,1.649015
804599028.411465,1.834717
804599030.415897,1.9379270000000002
804599032.166047,1.686542
804599033.988446,1.7544959999999998
804599035.9296521,1.877031
804599037.638586,1.645676
804599039.6279529,1.921249
804599041.41122,1.719915
804599043.593998,2.115957
804599045.484349,1.826673
804599047.540888,1.9902890000000002
804599049.326385,1.722175
804599051.5854449,2.1918889999999998
804599053.5966979,1.948066
804599055.266902,1.604195
804599056.988245,1.65786
804599058.736807,1.682087
804599060.8845689,2.083306
804599062.717867,1.766383
804599064.515633,1.734574
804599066.259805,1.6771500000000001
804599068.338104,2.0149920000000003
804599070.3278869,1.922412
804599071.9687129,1.5767909999999998
804599073.551408,1.488029
804599075.7276349,2.109898
804599077.33824,1.546977
804599079.135249,1.730319
804599080.876178,1.6774310000000001
804599082.910305,1.9674969999999998
804599084.9189221,1.945716
804599086.678555,1.693573
804599088.930709,2.188746
804599091.0454279,2.048043
804599093.382299,2.2730829999999997
804599095.4576459,2.0089029999999997
804599097.304381,1.783272
804599099.25808,1.88763
804599101.223527,1.9007360000000002
804599103.1511309,1.860859
804599105.2644521,2.0502
804599106.943812,1.61269
804599109.106633,2.098982
804599111.3209541,2.147781
804599113.257082,1.87258
804599115.150391,1.825386
804599116.852093,1.637964
804599118.919497,2.0010649999999996
804599120.833038,1.849767
804599123.007596,2.108229
804599125.177027,2.104881
804599127.336952,2.092823
804599129.773836,2.373646
804599132.2564509,2.415825
804599134.560903,2.238337
804599136.657375,2.032157
804599138.438742,1.714201
804599140.3638899,1.861319
804599142.129065,1.697443
804599144.047577,1.854764
804599145.742564,1.6278810000000001
804599147.89473,2.0887689999999997
804599149.704359,1.745815
804599152.042408,2.2706419999999996
804599153.876714,1.767345
804599155.856515,1.9165880000000002
804599157.682742,1.762063
804599159.641678,1.892667
804599161.887182,2.181715
804599163.837197,1.8839869999999999
804599165.757353,1.856819
804599167.514199,1.690261
804599169.573709,1.995055
804599171.5224019,1.881742
804599173.438944,1.8537409999999999
804599175.353287,1.847683
804599177.140594,1.724129
804599178.9589931,1.752742
804599180.805899,1.7827520000000001
804599182.755032,1.88116
804599184.853534,2.035479
804599186.9568759,2.036758
804599188.708986,1.6891880000000001
804599190.476,1.7004139999999999
804599192.742357,2.202724
804599194.884505,2.074716
804599196.8710259,1.922738
804599198.972875,2.035575
804599200.703951,1.667237
804599202.645106,1.874695
804599204.6889349,1.979995
804599206.587265,1.832111
804599208.558205,1.907787
804599210.425242,1.798348
804599212.275154,1.78657
804599214.2270089,1.886047
804599216.144955,1.853822
804599218.103956,1.872299
804599220.162465,1.9952709999999998
804599222.419891,2.190259
804599224.405369,1.922171
804599226.429062,1.9565860000000002
804599228.37587,1.883156
804599230.334927,1.8923510000000001
804599232.072152,1.6737119999999999
804599233.997565,1.858166
804599235.9020389,1.839894
804599237.982859,2.017668
804599239.890115,1.840651
804599241.6069031,1.6538810000000002
804599243.485101,1.811563
804599245.477235,1.9292319999999998
804599247.544834,2.000579
804599249.6340849,2.025938
804599252.195018,2.493817
804599254.545906,2.284299
804599257.1726179,2.5635839999999996
804599259.677445,2.437802
804599261.760555,2.019247
804599263.861532,2.033981
804599266.204588,2.278441
804599268.10794,1.8359649999999998
804599270.2142301,2.039724
804599272.2633619,1.9841550000000001
804599274.590836,2.26113
804599277.009437,2.354577
804599278.75648,1.680528
804599280.6687429,1.848825
804599282.654442,1.918993
804599284.656929,1.938283
804599286.727616,2.003951
804599288.683635,1.89162
804599290.8003141,2.049382
804599292.808475,1.944894
804599294.6714431,1.796038
804599296.423047,1.688237
804599298.511695,2.0223590000000002
804599300.540424,1.9654619999999998
804599302.349987,1.742693
804599304.456377,2.043363
804599306.5378939,2.01444
804599308.7870109,2.1856240000000002
804599310.494998,1.641397
804599312.6713,2.11272
804599314.608617,1.870816
804599316.703801,2.031966
804599318.812922,2.041398
804599320.887893,2.011399
804599323.041633,2.08717
804599324.825441,1.7194790000000002
804599326.882486,1.989362
804599328.798407,1.852413
804599330.703508,1.838526
804599332.4579079,1.690988
804599334.379082,1.854633
804599336.5659391,2.123259
804599338.5086421,1.875162
804599340.5223761,1.950392
804599342.336019,1.745916
804599344.0898881,1.690421
804599346.094907,1.9384540000000001
804599348.34442,2.185885
804599350.322441,1.8879409999999999
804599352.262428,1.8774060000000001
804599354.369679,2.040316
804599356.4426811,2.0093490000000003
804599358.564893,2.0544830000000003
804599360.6327931,2.004773
804599362.5753859,1.874841
804599364.3328639,1.69395
804599366.079426,1.680307
804599368.077979,1.935221
804599369.8392199,1.693964
804599371.9885451,2.0848389999999997
804599373.78385,1.707075
804599375.8363091,1.985413
804599378.632294,2.733019
804599380.582731,1.8836460000000002
804599382.4632499,1.813142
804599384.736985,2.210242
804599386.680941,1.877707
804599388.745799,2.0013549999999998
804599390.550416,1.737852
804599392.3358381,1.721463
804599394.472524,2.0680099999999997
804599396.225646,1.690115
804599398.157609,1.865228
804599400.295021,2.0743150000000004
804599402.167005,1.80613
804599404.410649,2.180032
804599406.4274501,1.949364
804599408.678653,2.1876589999999996
804599410.6450659,1.8998890000000002
804599412.578308,1.869799
804599414.48831,1.844289
804599416.559653,2.007981
804599418.2987931,1.6536199999999999
804599420.2814289,1.918282
804599422.212551,1.863609
804599424.523872,2.247919
804599426.3182,1.727257
804599428.189397,1.807328
804599429.760401,1.504729
804599431.699401,1.875698
804599433.752522,1.9890160000000001
804599435.931801,2.1130799999999996
804599437.544937,1.549678
804599439.5895829,1.9783370000000002
804599441.315502,1.662115
804599443.23435,1.852558
804599444.995165,1.696971
804599447.081478,2.019873
804599448.98276,1.835188
804599451.204022,2.1545259999999997
804599452.9550841,1.686983
804599454.4585,1.43647
804599456.122149,1.58897
804599457.874479,1.685429
804599459.584386,1.645978
804599461.3449949,1.6968910000000001
804599462.9987509,1.587036
804599464.485362,1.418513
804599466.057167,1.4941740000000001
804599467.442162,1.321522
804599468.902472,1.39155
804599470.505179,1.535596
804599472.125372,1.5565550000000001
804599473.6879,1.490621
804599475.2217469,1.470439
804599476.7332059,1.448102
804599478.095859,1.296319
804599479.5454,1.3857570000000001
804599480.9784969,1.364747
804599482.427726,1.382965
804599484.2518641,1.76089
804599485.70406,1.386439
804599487.096983,1.3298260000000002
804599488.58789,1.427815
804599490.011445,1.35741
804599491.501258,1.4265059999999998
804599493.094067,1.5299829999999999
804599494.4965479,1.337254
804599495.9308431,1.3714879999999998
804599497.3118031,1.3191069999999998
804599498.9315449,1.5542850000000001
804599500.551442,1.557221
804599502.625742,2.0088329999999996
804599504.498809,1.811082
804599506.3202801,1.756299
804599508.135622,1.753247
804599510.051728,1.8508699999999998
804599511.830049,1.716211
804599513.6255549,1.733566
804599515.4346169,1.7447929999999998
804599517.330932,1.8340800000000002
804599519.137088,1.74155
804599521.060186,1.861254
804599522.8260131,1.701482
804599524.565935,1.6782979999999998
804599526.506749,1.875978
804599528.277296,1.686978
804599530.107267,1.752936
804599532.2403489,2.0656149999999998
804599534.235304,1.911225
804599536.187415,1.881375
804599537.8709201,1.610089
804599539.931422,1.99269
804599541.6415191,1.645908
804599542.830235,1.154464
804599544.189666,1.327121
804599545.3632449,1.138215
804599546.995276,1.597673
804599548.379233,1.350824
804599549.659427,1.248794
804599551.247413,1.55974
804599552.442315,1.166688
804599553.720453,1.248193
804599555.177739,1.429162
804599556.432396,1.223266
804599557.685187,1.222633
804599559.065351,1.351088
804599561.090803,1.9749670000000001
804599563.306195,2.161235
804599565.2607241,1.8858480000000002
804599566.871893,1.571316
804599568.61866,1.6848130000000001
804599570.3110679,1.6521890000000001
804599572.25379,1.8955300000000002
804599574.1120859,1.7913899999999998
804599575.811236,1.65215
804599577.725747,1.876137
804599579.629243,1.852531
804599581.556306,1.8635240000000002
804599583.4558331,1.8340319999999999
804599585.600382,2.0879649999999996
804599587.633156,1.954828
804599589.590544,1.87915
804599591.552818,1.902365
804599593.667121,2.051523
804599595.471496,1.744748
804599597.485173,1.9571290000000001
804599599.2785071,1.7339339999999999
804599601.440917,2.099999
804599603.43524,1.927568
804599605.3527,1.85297
804599607.480855,2.060292
804599609.410253,1.864417
804599611.238705,1.7619129999999998
804599612.9384279,1.63605
804599614.9351729,1.928155
804599616.837292,1.838697
804599618.731393,1.8274350000000001
804599620.732462,1.937662
804599622.637859,1.83848
804599624.7934979,2.091801
804599627.198769,2.338911
804599629.487172,2.225197
804599631.402622,1.848805
804599633.330446,1.8646859999999998
804599635.081237,1.684086
804599636.9835969,1.839063
804599638.844505,1.794098
804599640.8116909,1.903151
804599642.581993,1.704545
804599644.545059,1.8985560000000001
804599646.66694,2.0560880000000004
804599648.976864,2.2462799999999996
804599651.292981,1.883836
804599653.392736,2.036251
804599655.492294,2.032823
804599657.66777,2.111762
804599659.5895951,1.854613
804599661.5529621,1.899217
804599663.549967,1.9206029999999998
804599665.740939,2.127454
804599667.397661,1.582064
804599669.068707,1.606706
804599671.3379259,2.202629
804599673.099854,1.699006
804599675.0536181,1.885751
804599676.650421,1.525673
804599678.313814,1.596192
804599680.1941669,1.8165449999999999
804599681.623495,1.353887
804599683.528882,1.841744
804599685.238698,1.643376
804599686.83275,1.5194480000000001
804599688.700063,1.8024479999999998
804599690.202667,1.427855
804599691.967301,1.701412
804599693.570444,1.504559
804599695.240392,1.603524
804599697.150856,1.84702
804599698.686326,1.460235
804599700.466336,1.716065
804599701.9941989,1.4609969999999999
804599703.679929,1.61462
804599705.1782631,1.434821
804599706.939875,1.694475
804599708.774602,1.769795
804599710.583058,1.7407080000000001
804599712.559344,1.913089
804599714.229022,1.582279
804599715.8316591,1.539168
804599717.651025,1.755663
804599719.447623,1.7208869999999998
804599721.241601,1.7204460000000001
804599722.71415,1.3967420000000002
804599724.302042,1.5240040000000001
804599726.26376,1.8892939999999998
804599727.935853,1.601704
804599729.534431,1.535034
804599731.589466,1.9789679999999998
804599733.290697,1.638029
804599735.216782,1.859224
804599736.6736491,1.386293
804599738.2779341,1.536653
804599739.877915,1.527121
804599741.58049,1.6383299999999998
804599743.777421,2.129559
804599745.9415,2.0996
804599747.887962,1.880038
804599749.5204331,1.561571
804599751.085407,1.498414
804599753.233243,2.083957
804599755.253462,1.953574
804599757.596388,2.279177
804599759.5278399,1.857355
804599761.429979,1.8316700000000001
804599763.195144,1.6985450000000002
804599765.12152,1.862922
804599766.848315,1.660336
804599768.640614,1.729071
804599770.493308,1.785993
804599772.4249899,1.868466
804599774.6083901,2.1165390000000004
804599776.412621,1.7221300000000002
804599778.3216511,1.84235
804599780.354831,1.969446
804599782.0710269,1.6493149999999999
804599783.8471119,1.7128130000000001
804599786.041772,2.130701
804599788.0962961,1.9869219999999999
804599790.097441,1.9340279999999999
804599792.0553141,1.8945660000000002
804599793.804247,1.681329
804599795.5912579,1.722475
804599797.329881,1.674845
804599799.1224201,1.7262950000000001
804599800.992229,1.806502
804599802.895702,1.8365960000000001
804599804.892496,1.933813
804599807.108541,2.1490989999999996
804599809.39937,2.227717
804599811.1974571,1.7311699999999999
804599813.153892,1.892732
804599815.23385,2.013117
804599817.182001,1.884648
804599819.083104,1.832527
804599821.16215,2.015579
804599822.886926,1.658156
804599824.9498789,1.9995109999999998
804599827.072186,2.055802
804599829.0612121,1.925904
804599830.945134,1.8175070000000002
804599832.9925511,1.9843899999999999
804599834.8107201,1.7514889999999999
804599836.6397891,1.764638
804599838.3796899,1.673081
804599840.495046,2.052168
804599842.275386,1.712904
804599844.381325,2.0425959999999996
804599846.231473,1.781899
804599848.542905,2.247673
804599850.646479,2.036848
804599852.668051,1.957894
804599854.515136,1.78013
804599856.2869769,1.708333
804599858.437414,2.084003
804599860.317572,1.81667
804599862.219682,1.835479
804599864.133463,1.850755
804599865.963048,1.760249
804599867.735776,1.7091649999999998
804599869.462512,1.663037
804599871.34529,1.8154919999999999
804599873.4864861,2.0767260000000003
804599875.2448,1.6915140000000002
804599878.1041679,2.795715
804599880.456796,2.286269
804599882.971351,2.451107
804599885.4930129,2.4579079999999998
804599887.6376871,2.076802
804599889.5023739,1.800919
804599891.4562091,1.875782
804599893.3281571,1.807569
804599895.260391,1.865639
804599897.40486,2.0813810000000004
804599899.617121,2.145215
804599901.7968559,2.116343
804599903.6909361,1.82731
804599905.528686,1.774732
804599907.325555,1.730334
804599909.4323449,2.0433130000000004
804599911.466768,1.9666850000000002
804599913.3978901,1.8673380000000002
804599915.399676,1.934108
804599917.434975,1.971605
804599919.5014011,1.9996509999999998
804599921.556993,1.9919080000000002
804599923.4351059,1.811282
804599925.246273,1.746556
804599926.998954,1.6859410000000001
804599928.715521,1.6532
804599930.8328209,2.0259430000000003
804599932.759989,1.862738
804599934.846623,2.0191559999999997
804599936.612013,1.7021689999999998
804599938.4927621,1.813232
804599940.218375,1.661774
804599942.196692,1.911771
804599943.983192,1.723137
804599946.092252,2.01858
804599948.306694,2.147545
804599950.094757,1.721083
804599951.846041,1.688126
804599953.670273,1.7607300000000001
804599955.3929441,1.656377
804599957.374233,1.9173790000000002
804599959.420237,1.978852
804599961.430503,1.946768
804599963.316399,1.818169
804599965.454001,2.0741050000000003
804599967.455517,1.935221
804599969.429438,1.908985
804599971.20852,1.712523
804599973.229977,1.939055
804599975.246759,1.94997
804599977.424084,2.114032
804599979.420417,1.929257
804599981.5372059,2.05291
804599983.485392,1.881466
804599985.734725,2.185669
804599987.6902579,1.889089
804599989.524945,1.771595
804599991.89987,2.307477
804599993.984158,2.020129
804599995.821416,1.770859
804599997.789073,1.903443
804599999.963331,2.10621
804600002.235627,2.181555
804600004.643027,2.339728
804600006.603091,1.892291
804600008.62969,1.964108
804600010.513963,1.817717
804600012.669632,2.091405
804600014.7800161,2.043759
804600016.774144,1.930104
804600018.471261,1.630682
804600020.616326,2.0815870000000003
804600022.686687,2.0032650000000003
804600024.5965791,1.846209
804600026.7028539,2.038561
804600029.042612,2.275894
804600031.0123581,1.903523
804600033.0859159,2.00994
804600034.970569,1.818284
804600036.8499249,1.815342
804600038.900821,1.9834140000000002
804600040.9450159,1.9803709999999999
804600042.965691,1.953209
804600044.666838,1.6365660000000002
804600046.851349,2.117501
804600048.8451359,1.9300389999999998
804600050.557253,1.643733
804600052.545558,1.924385
804600054.319929,1.706744
804600056.1115611,1.727648
804600058.064288,1.88558
804600059.8644141,1.735852
804600062.00765,2.078525
804600063.722037,1.646609
804600065.678688,1.892502
804600067.6696889,1.923258
804600069.594647,1.861229
804600071.478343,1.816434
804600073.5056529,1.963116
804600075.769164,2.195763
804600077.723213,1.889775
804600079.650281,1.859224
804600081.5666131,1.851982
804600083.3287959,1.694786
804600085.200469,1.80788
804600087.109179,1.841919
804600089.262167,2.089155
804600090.957324,1.627244
804600093.138057,2.1166790000000004
804600094.877818,1.671958
804600096.698462,1.7560989999999999
804600098.5149369,1.749804
804600100.2930721,1.714051
804600102.247939,1.887114
804600103.939648,1.628151
804600105.7738739,1.7379019999999998
804600107.6735871,1.8335039999999998
804600109.880656,2.14285
804600111.6384499,1.690707
804600113.665861,1.9635920000000002
804600115.442192,1.709015
804600117.368678,1.8626770000000001
804600119.09629,1.660953
804600120.839239,1.6790640000000001
804600122.603913,1.697317
804600124.355,1.686953
804600126.917582,2.494939
804600128.7694091,1.787692
804600130.633795,1.797411
804600132.4597771,1.761898
804600134.6412071,2.113416
804600136.904532,2.1994160000000003
804600138.6068,1.634977
804600140.4370971,1.765942
804600142.443123,1.93906
804600144.167453,1.659585
804600146.316537,2.081347
804600148.220971,1.839799
804600150.022005,1.7336719999999999
804600151.797018,1.711099
804600153.6165451,1.754907
804600155.348468,1.665248
804600157.244624,1.832597
804600159.131858,1.819477
804600160.886258,1.690582
804600162.590251,1.637292
804600164.534914,1.8808690000000001
804600166.527604,1.926034
804600168.502342,1.892667
804600170.432361,1.862612
804600172.652084,2.155484
804600174.84071,2.120954
804600176.5662479,1.661699
804600178.236933,1.5380260000000001
804600179.953465,1.651486
804600181.644683,1.590784
804600183.299106,1.578837
804600185.224464,1.855616
804600186.95791,1.666074
804600188.552127,1.522324
804600190.260485,1.639693
804600191.751101,1.41934
804600193.357722,1.542086
804600195.1639329,1.739605
804600196.663209,1.435317
804600198.115109,1.376069
804600199.72575,1.545684
804600201.4680821,1.678603
804600203.1554509,1.615351
804600204.581511,1.362067
804600206.149442,1.501542
804600207.825701,1.6127699999999998
804600209.337135,1.44728
804600210.713114,1.300799
804600212.3503511,1.573459
804600213.618248,1.200605
804600214.759827,1.077754
804600215.9424101,1.1193819999999999
804600217.383375,1.391891
804600218.507498,1.057447
804600219.87643,1.304287
804600221.311853,1.372395
804600222.8303579,1.444744
804600224.285983,1.382875
804600225.758662,1.398547
804600227.2468481,1.4246969999999999
804600228.614071,1.3028339999999998
804600230.2320939,1.550411
804600231.723281,1.428261
804600233.3396649,1.54844
804600234.737098,1.329059
804600236.168186,1.368
804600237.354453,1.1324569999999998
804600238.5159019,1.097977
804600239.570232,0.990211
804600240.897843,1.2572320000000001
804600242.428377,1.455695
804600243.927167,1.4285420000000002
804600245.2541269,1.26285
804600246.900265,1.568848
804600248.665575,1.693584
804600250.246958,1.5141410000000002
804600252.651302,2.3407549999999997
804600254.5455221,1.8275
804600256.258561,1.648915
804600258.193406,1.86825
804600259.636812,1.379407
804600261.382878,1.682327
804600262.9245781,1.474237
804600264.6430991,1.654854
804600266.735326,2.025255
804600268.487355,1.688777
804600270.4792631,1.925022
804600272.5014219,1.958756
804600274.5860159,2.0173080000000003
804600276.698119,2.047914
804600278.4267291,1.660411
804600280.526268,2.035059
804600282.422413,1.829275
804600284.197341,1.711646
804600285.8931091,1.6291680000000002
804600287.758698,1.802041
804600289.50724,1.684547
804600291.258187,1.682948
804600293.044225,1.722335
804600294.97436,1.862296
804600296.998598,1.9610619999999999
804600299.095621,2.0296860000000003
804600301.39033,2.230139
804600303.072757,1.6151710000000001
804600305.1467869,2.00998
804600307.075242,1.860387
804600308.743246,1.604255
804600310.8232989,2.012992
804600312.92146,2.034307
804600314.6844699,1.6961540000000002
804600316.460565,1.712563
804600318.291604,1.764233
804600320.157443,1.8010739999999998
804600321.932617,1.707311
804600323.700143,1.7039030000000002
804600325.998485,2.233436
804600327.726413,1.661148
804600329.4579201,1.667778
804600331.530586,2.004938
804600333.280781,1.6855749999999998
804600335.212875,1.8652630000000001
804600337.018605,1.7422659999999999
804600338.7926509,1.688386
804600340.743463,1.887114
804600342.456286,1.646033
804600344.188053,1.666856
804600345.9486431,1.693408
804600347.850326,1.837895
804600349.562452,1.647361
804600351.442585,1.813227
804600353.3211939,1.8145
804600354.9922761,1.604125
804600356.8424541,1.786139
804600358.744528,1.835289
804600360.51474,1.7059630000000001
804600362.277715,1.696355
804600364.063298,1.721233
804600365.855451,1.72474
804600367.6360221,1.716256
804600369.683514,1.983749
804600371.604693,1.8537810000000001
804600373.545261,1.877016
804600375.3256071,1.711004
804600378.148079,2.758558
804600380.458298,2.243078
804600382.695699,2.1737520000000004
804600384.960006,2.2009149999999997
804600387.287025,2.259757
804600389.676152,2.324983
804600391.7672311,2.0243990000000003
804600393.5270089,1.6959440000000001
804600395.383386,1.788564
804600397.23578,1.787041
804600398.9541609,1.6516650000000002
804600401.084682,1.7041680000000001
804600402.962314,1.8110069999999998
804600404.735277,1.70917
804600406.537238,1.734744
804600408.5865691,1.9853729999999998
804600410.523775,1.87018
804600412.31878,1.7313809999999998
804600414.114346,1.7281499999999999
804600416.109422,1.930535
804600418.066133,1.890237
804600420.194844,2.063936
804600421.8983461,1.636125
804600423.761254,1.799134
804600425.519889,1.695001
804600427.542598,1.955694
804600429.311853,1.704419
804600431.5834169,2.204268
804600433.375806,1.727347
804600435.270653,1.82773
804600437.040383,1.706513
804600439.158797,2.05048
804600441.502008,2.2784210000000003
804600443.743853,2.1747739999999998
804600445.55692,1.749924
804600447.7819511,2.157538
804600449.518233,1.671622
804600451.3046379,1.7197950000000002
804600453.188058,1.820333
804600455.337198,2.0815870000000003
804600457.126654,1.725573
804600458.881165,1.687765
804600460.627741,1.6828130000000001
804600462.760092,2.064292
804600464.731322,1.906615
804600466.609546,1.810751
804600468.585802,1.9126340000000002
804600470.4173471,1.764469
804600472.508636,2.026604
804600474.335801,1.7600980000000002
804600476.056162,1.656752
804600478.0959711,1.9720319999999998
804600479.735213,1.575038
804600481.610179,1.809884
804600483.679036,2.002358
804600485.34719,1.6040500000000002
804600487.030886,1.617051
804600488.9070901,1.811885
804600490.5822159,1.607067
804600492.600736,1.9547359999999998
804600494.493478,1.825084
804600496.218725,1.661229
804600497.871779,1.586023
804600499.488333,1.552405
804600501.9773079,2.424921
804600504.477605,2.433236
804600506.9761491,2.431963
804600509.558051,2.5180089999999997
804600512.23536,2.6094310000000003
804600514.000756,1.674253
804600515.734778,1.669668
804600517.573825,1.774281
804600519.597417,1.955348
804600521.65814,1.9968949999999999
804600523.53708,1.81219
804600525.2634851,1.661795
804600526.998305,1.6681039999999998
804600528.749748,1.687459
804600530.788099,1.971937
804600532.5614381,1.690567
804600534.764899,2.1368810000000003
804600536.525514,1.696801
804600538.225187,1.632641
804600540.0832729,1.7941179999999999
804600541.75241,1.602085
804600543.7416869,1.924872
804600545.4922531,1.6867320000000001
804600547.521543,1.962078
804600549.6703709,2.08513
804600551.641787,1.904394
804600553.665148,1.959312
804600555.593418,1.8600459999999999
804600557.377096,1.7196900000000002
804600559.2435371,1.798889
804600560.963533,1.654578
804600562.847564,1.81677
804600564.606871,1.695884
804600566.4430209,1.7697209999999999
804600568.631702,2.125544
804600570.7270961,2.028859
804600572.402167,1.611241
804600574.325916,1.8571900000000001
804600576.090154,1.7003540000000001
804600578.132575,1.9752900000000002
804600579.868047,1.671557
804600581.719117,1.7875670000000001
804600583.654674,1.869007
804600585.8318081,2.113051
804600588.111957,2.212998
804600590.0823699,1.903332
804600591.816017,1.6700739999999998
804600593.517689,1.637959
804600595.7220869,2.1375830000000002
804600597.592196,1.80586
804600599.491368,1.831915
804600601.2557671,1.700013
804600603.142525,1.819747
804600605.186059,1.979841
804600606.875007,1.622347
804600608.574203,1.635132
804600610.3340311,1.692566
804600612.106578,1.7086340000000002
804600613.844324,1.671141
804600615.578021,1.669643
804600617.551436,1.9094209999999998
804600619.475271,1.856678
804600621.6710889,2.1320900000000003
804600623.507591,1.769921
804600625.671805,2.100847
804600627.80633,2.067865
804600629.619933,1.749739
804600631.3403339,1.6531950000000002
804600633.083272,1.679671
804600634.7872,1.637021
804600636.494054,1.6430909999999999
804600638.347635,1.78654
804600640.086935,1.675457
804600642.376291,2.221613
804600644.410733,1.9710940000000001
804600646.4846469,2.005976
804600648.3222461,1.7731540000000001
804600650.55066,2.1614630000000004
804600652.2823219,1.667322
804600654.43319,2.083637
804600656.175552,1.6785789999999998
804600658.181653,1.938373
804600659.995392,1.7503849999999999
804600661.870798,1.780872
804600663.902394,1.967576
804600665.6578859,1.691804
804600667.662138,1.9369649999999998
804600669.4216801,1.695518
804600671.557314,2.0685819999999997
804600673.355386,1.733782
804600675.389943,1.9681479999999998
804600677.1529881,1.6989310000000002
804600678.878045,1.657253
804600680.760989,1.819101
804600682.646108,1.817061
804600684.6393601,1.929462
804600686.43253,1.7256280000000002
804600688.166708,1.6705699999999999
804600689.924125,1.68981
804600692.160513,2.1710309999999997
804600694.072119,1.845081
804600695.941833,1.8054480000000002
804600697.672397,1.639402
804600699.59776,1.858858
804600701.525243,1.8639649999999999
804600703.3592739,1.767406
804600705.1522291,1.729361
804600707.040019,1.8204339999999999
804600708.883417,1.780125
804600710.7433419,1.7919120000000002
804600712.67474,1.8670570000000002
804600714.874221,2.132872
804600716.664455,1.726937
804600718.81607,2.0845640000000003
804600720.566977,1.687068
804600722.474684,1.8113380000000001
804600724.196724,1.658762
804600726.326272,2.061721
804600728.143118,1.752956
804600730.076179,1.865513
804600731.828263,1.688562
804600733.56397,1.672074
804600735.257097,1.6255499999999998
804600737.001624,1.680333
804600738.709251,1.6395279999999999
804600740.8125039,2.039429
804600742.56542,1.6866819999999998
804600744.5461221,1.916863
804600746.273965,1.660566
804600748.471788,2.134094
804600750.566636,2.027085
804600752.6816001,2.051321
804600754.569371,1.8211060000000001
804600756.279663,1.646434
804600758.012919,1.6666509999999999
804600759.8110011,1.7340820000000001
804600761.485916,1.61084
804600763.19704,1.644038
804600764.956938,1.695794
804600767.077215,2.053507
804600769.157479,2.016696
804600770.890339,1.664345
804600772.7564341,1.802211
804600774.570223,1.746667
804600776.592637,1.9584799999999998
804600778.592268,1.9324649999999999
804600780.883558,2.227447
804600782.628065,1.676845
804600784.869218,2.177245
804600786.904152,1.9679419999999999
804600788.693453,1.725343
804600790.647839,1.887235
804600792.437877,1.7261240000000002
804600794.1989529,1.69417
804600796.106274,1.843648
804600798.1875451,2.013854
804600800.169701,1.9181059999999999
804600802.048245,1.811964
804600803.825994,1.713781
804600805.737911,1.847167
804600807.568734,1.762253
804600809.425913,1.793897
804600811.334382,1.841343
804600813.417378,2.019488
804600815.796793,2.312605
804600817.567521,1.706809
804600819.523165,1.888382
804600821.672244,2.084885
804600823.462858,1.723724
804600825.46499,1.938328
804600827.3889949,1.857205
804600829.331894,1.879356
804600831.096107,1.697949
804600832.882502,1.722251
804600834.7111,1.7615770000000002
804600836.7791201,2.0043420000000003
804600838.524294,1.677757
804600840.3056871,1.717238
804600842.347882,1.975605
804600844.113483,1.701462
804600845.851766,1.6706349999999999
804600847.548025,1.632777
804600849.574574,1.962946
804600851.234675,1.593094
804600853.089885,1.7921289999999999
804600854.800423,1.643552
804600856.592907,1.7286949999999999
804600858.48183,1.822012
804600860.343099,1.797535
804600862.277413,1.867503
804600863.99836,1.657233
804600865.852236,1.762524
804600867.749118,1.832908
804600869.844988,2.031921
804600871.6111109,1.699533
804600873.589418,1.914793
804600875.635978,1.9800659999999999
804600878.1126901,2.413024
804600879.828681,1.649165
804600881.547768,1.65553
804600883.721349,2.110178
804600885.76586,1.981063
804600887.478653,1.645883
804600889.25976,1.7173589999999999
804600891.3233451,1.9966540000000002
804600893.33957,1.951549
804600895.0560019,1.649351
804600897.063843,1.943155
804600898.9681921,1.837038
804600901.270818,1.871929
804600903.247992,1.9099570000000001
804600905.371492,2.0594300000000003
804600907.329596,1.8912790000000002
804600909.410506,2.017282
804600911.566637,2.0891490000000004
804600913.488562,1.698655
804600915.563439,2.008001
804600917.678905,2.051502
804600919.643559,1.8975629999999999
804600921.530017,1.822279
804600923.323613,1.726801
804600925.339858,1.952245
804600927.299992,1.893479
804600929.1759951,1.812726
804600930.909807,1.6671019999999999
804600932.81802,1.84466
804600934.6496149,1.765241
804600936.5833529,1.869728
804600938.653368,2.003446
804600940.968083,2.251007
804600943.095602,2.0609740000000003
804600945.188039,2.0287539999999997
804600946.929123,1.674564
804600948.902483,1.9087100000000001
804600950.6859959,1.716993
804600952.435941,1.686206
804600954.138054,1.635123
804600955.824135,1.6220519999999998
804600957.570907,1.682693
804600959.738324,2.100215
804600961.8352311,2.0328880000000003
804600964.084824,2.183088
804600965.933555,1.782
804600967.8002111,1.802648
804600970.094739,2.23101
804600971.876984,1.715094
804600973.614655,1.673918
804600975.6288301,1.948056
804600977.56783,1.8739830000000002
804600979.4329331,1.7975400000000001
804600981.26138,1.7647439999999999
804600983.1755121,1.847061
804600985.1140909,1.874114
804600987.034222,1.853827
804600988.930378,1.8310240000000002
804600990.634421,1.637327
804600992.479707,1.781293
804600994.223327,1.67704
804600996.1729621,1.88503
804600998.3769289,2.1374720000000003
804601000.3315899,1.891149
804601002.903378,2.505484
804601005.348557,2.381059
804601007.852703,2.43749
804601010.353019,2.436623
804601012.7406491,2.3210800000000003
804601014.536506,1.728741
804601016.393661,1.7937269999999998
804601018.472862,2.012476
804601020.78054,2.2436890000000003
804601022.805696,1.958334
804601024.593894,1.724129
804601026.3439889,1.6818009999999999
804601028.1223199,1.7142920000000001
804601029.922056,1.7332910000000001
804601031.673018,1.6868079999999999
804601033.6061591,1.868351
804601035.725063,2.052669
804601037.604654,1.815402
804601039.779634,2.10838
804601041.877585,2.034091
804601043.9505609,2.006407
804601045.847759,1.808171
804601047.792131,1.8777469999999998
804601049.902661,2.047457
804601052.06704,2.098125
804601053.8495309,1.715274
804601055.78632,1.8735519999999999
804601057.610242,1.760524
804601059.917981,2.240391
804601061.6546049,1.673447
804601063.726269,2.005445
804601065.586115,1.79694
804601067.560222,1.90712
804601069.546501,1.922471
804601071.387137,1.774196
804601073.490886,2.040801
804601075.58647,2.0288340000000002
804601077.415725,1.7658260000000001
804601079.196556,1.714708
804601081.323804,2.064226
804601083.337724,1.947489
804601085.130348,1.729261
804601086.930845,1.732785
804601088.950222,1.9557039999999999
804601091.0343851,2.0174619999999996
804601093.011574,1.9139059999999999
804601094.783891,1.7042730000000001
804601096.574496,1.727362
804601098.425666,1.784561
804601100.1750441,1.686231
804601102.20267,1.96049
804601103.915198,1.647787
804601105.928431,1.9499549999999999
804601108.070047,2.0748860000000002
804601109.792197,1.636731
804601111.7179561,1.861234
804601113.490509,1.6849740000000002
804601115.407774,1.850394
804601117.26149,1.790329
804601119.327516,1.9981170000000001
804601121.120786,1.729963
804601123.0697991,1.882609
804601125.12939,1.9963289999999998
804601127.954834,2.758609
804601130.373195,2.326788
804601132.889634,2.449905
804601135.205431,2.248465
804601137.3255329,2.056769
804601139.2680221,1.87666
804601141.143168,1.811809
804601143.059585,1.8499219999999998
804601145.010418,1.887334
804601147.108152,2.030323
804601149.536321,2.3649869999999997
804601151.731367,2.128166
804601153.713132,1.918066
804601155.386929,1.606917
804601157.275682,1.82537
804601159.265826,1.9229379999999998
804601161.397681,2.068411
804601163.385825,1.92181
804601165.248271,1.798462
804601167.3328351,2.01827
804601169.366275,1.970253
804601171.389506,1.956125
804601173.101943,1.6488690000000001
804601175.342505,2.173746
804601177.003162,1.59765
804601178.898751,1.828919
804601180.975351,2.0133629999999996
804601182.637602,1.595861
804601184.564264,1.862452
804601186.317145,1.686407
804601188.262605,1.881637
804601190.109972,1.780791
804601191.5108881,1.3371730000000002
804601192.944116,1.369769
804601194.4836,1.471647
804601196.125383,1.57824
804601197.634552,1.442243
804601199.549842,1.852082
804601201.050251,1.43676
804601202.552835,1.436369
804601203.898443,1.28182
804601205.139438,1.176925
804601206.4552721,1.2495239999999999
804601207.939688,1.421149
804601209.243454,1.213235
804601210.6015509,1.291117
804601211.968263,1.303199
804601213.331939,1.278376
804601214.701633,1.30362
804601216.097363,1.3323619999999998
804601217.485926,1.3222189999999998
804601218.781758,1.232615
804601220.439904,1.594303
804601221.9323939,1.4257849999999999
804601223.420254,1.424421
804601224.836431,1.352434
804601226.133908,1.23011
804601227.5747081,1.3905079999999999
804601229.176408,1.537891
804601230.539276,1.296123
804601232.1381841,1.5352199999999998
804601234.0692451,1.864416
804601235.577632,1.444583
804601237.176375,1.53547
804601238.723778,1.480908
804601240.291037,1.503375
804601241.80802,1.450417
804601243.349364,1.477716
804601244.919394,1.506122
804601246.580282,1.594407
804601248.098281,1.4546819999999998
804601249.508615,1.343288
804601251.532593,1.9604240000000002
804601253.694231,2.097725
804601255.362105,1.60146
804601257.116997,1.691804
804601258.965686,1.7820500000000001
804601260.5037669,1.4749839999999999
804601262.3666949,1.796448
804601264.376555,1.9465979999999998
804601266.1184859,1.675487
804601267.972688,1.7909
804601269.7244229,1.6637089999999999
804601271.459964,1.6676289999999998
804601273.2140291,1.690717
804601275.0464151,1.7655859999999999
804601276.872973,1.763145
804601278.525005,1.58467
804601280.505807,1.917094
804601282.374403,1.8019209999999999
804601284.2541001,1.816394
804601285.975378,1.641096
804601287.653184,1.613948
804601289.512213,1.795802
804601291.25227,1.6741679999999999
804601292.995739,1.680162
804601294.803604,1.741851
804601297.074673,2.208112
804601298.809001,1.668315
804601300.561396,1.6890530000000001
804601302.627863,1.9998770000000001
804601304.285798,1.594843
804601306.3300079,1.9777900000000002
804601308.187032,1.793416
804601309.9896139,1.736027
804601311.604655,1.551302
804601313.4304609,1.762013
804601315.1195639,1.622468
804601317.3147111,2.131703
804601319.059198,1.677527
804601321.121034,1.998719
804601323.089292,1.901628
804601325.141842,1.9884450000000002
804601327.02221,1.8142399999999999
804601328.9501791,1.864562
804601330.853852,1.836977
804601332.814251,1.897283
804601334.6942489,1.813407
804601336.881552,2.123855
804601338.663822,1.71571
804601340.3412629,1.614033
804601342.4006779,1.993547
804601344.628596,2.164976
804601346.9622151,2.266984
804601348.9180989,1.892602
804601350.686823,1.701857
804601352.535472,1.785347
804601354.362687,1.760208
804601356.287153,1.861344
804601358.234382,1.880909
804601360.488946,2.191718
804601362.351819,1.796513
804601364.184723,1.769861
804601365.921722,1.670415
804601368.083721,2.098627
804601369.92133,1.770658
804601371.7467151,1.7619230000000001
804601373.8330879,2.022519
804601375.9478769,2.0484999999999998
804601378.2893441,2.254715
804601380.676292,2.320463
804601383.227623,2.4842000000000004
804601385.044448,1.7523250000000001
804601386.844355,1.733792
804601388.77887,1.8711719999999998
804601390.5519329,1.706604
804601392.296911,1.681666
804601394.254444,1.891184
804601396.235301,1.9175799999999998
804601397.894254,1.592493
804601399.574622,1.617261
804601401.558672,1.920622
804601403.330197,1.704178
804601405.155622,1.761627
804601406.863454,1.6405809999999998
804601408.6397561,1.713229
804601410.4066551,1.7004590000000002
804601412.580251,2.110308
804601414.7427859,2.0959049999999997
804601417.032663,2.227061
804601418.979882,1.879827
804601421.004371,1.9611820000000002
804601423.232499,2.162195
804601425.480508,2.184602
804601427.485597,1.93889
804601429.2517,1.702469
804601431.107095,1.7895070000000002
804601432.835295,1.665187
804601434.801067,1.899543
804601436.688056,1.823536
804601438.432066,1.6776810000000002
804601440.4713199,1.9760110000000002
804601442.209131,1.6704700000000001
804601444.205399,1.9327050000000001
804601446.263632,1.9919030000000002
804601448.0498359,1.7228219999999999
804601449.8467801,1.7306000000000001
804601451.775967,1.8661260000000002
804601453.764101,1.924907
804601455.720081,1.890066
804601457.56446,1.781283
804601459.427874,1.796834
804601461.530566,2.039595
804601463.2789569,1.68129
804601465.331586,1.989823
804601467.102324,1.704393
804601469.1965259,2.030853
804601471.07947,1.8161640000000001
804601472.811959,1.668881
804601474.8458999,1.967051
804601476.796302,1.8680999999999999
804601478.7697569,1.906535
804601480.6024851,1.7693159999999999
804601482.777725,2.108405
804601484.571707,1.7305949999999999
804601486.335223,1.697026
804601488.2022661,1.803599
804601489.987994,1.718902
804601491.859221,1.8078239999999999
804601494.1299031,2.207229
804601496.27162,2.075247
804601498.2677929,1.9293719999999999
804601500.023055,1.668725
804601502.014607,1.923158
804601504.146335,2.068286
804601506.245434,2.0325830000000003
804601508.336628,2.0279320000000003
804601510.638744,2.234788
804601512.6298,1.92643
804601514.746714,2.05056
804601516.499405,1.688467
804601518.6814309,2.115285
804601520.631516,1.886778
804601522.606104,1.907186
804601524.536664,1.8674279999999999
804601526.377311,1.7731540000000001
804601528.710915,2.26973
804601530.657482,1.879582
804601532.5252709,1.802978
804601534.746473,2.154261
804601536.9005489,2.090713
804601538.8678089,1.9006800000000001
804601541.1245941,2.192345
804601543.108098,1.917489
804601545.1813251,2.00994
804601546.995795,1.74763
804601549.056203,1.997437
804601551.043887,1.9199309999999998
804601552.7784159,1.6710559999999999
804601554.599952,1.753809
804601556.272852,1.609668
804601558.155661,1.81648
804601559.888586,1.669568
804601562.254981,2.302952
804601564.541074,2.219859
804601566.669806,2.062131
804601568.778355,2.045117
804601570.759714,1.915055
804601572.70977,1.8859759999999999
804601574.8411081,2.064688
804601576.7925069,1.887436
804601578.759938,1.900606
804601580.842302,2.01885
804601582.752008,1.8426449999999999
804601584.6314801,1.816053
804601586.7278559,2.0301630000000004
804601588.525852,1.734589
804601590.31349,1.719995
804601592.4060769,2.0294000000000003
804601594.538703,2.065324
804601596.501579,1.899904
804601598.421996,1.853817
804601600.165305,1.6790150000000001
804601602.06786,1.83578
804601603.834494,1.703687
804601605.965856,2.0683160000000003
804601607.747009,1.714412
804601609.964818,2.153925
804601611.82545,1.793917
804601613.861591,1.9718460000000002
804601615.978936,2.0505
804601617.923229,1.852549
804601620.133541,2.144274
804601621.984376,1.784816
804601623.749275,1.700415
804601625.744937,1.931969
804601627.7652609,1.953569
804601629.677288,1.848174
804601631.576721,1.832387
804601633.744223,2.1040439999999996
804601635.502056,1.690075
804601637.418954,1.853175
804601639.21249,1.7267059999999999
804601640.987538,1.711555
804601642.7626771,1.708664
804601644.6548879,1.828708
804601646.325298,1.6030630000000001
804601648.489532,2.100366
804601650.1989731,1.641948
804601652.041187,1.7785819999999999
804601654.008443,1.900004
804601655.922259,1.850048
804601658.165372,2.179525
804601660.239732,2.008432
804601662.079456,1.772914
804601664.1071479,1.964711
804601666.060667,1.886542
804601668.1260359,2.001274
804601669.9020159,1.709641
804601671.910132,1.9437
804601673.877748,1.886427
804601675.87548,1.929839
804601677.75027,1.810706
804601679.666502,1.848981
804601681.6807419,1.9512690000000001
804601683.770177,2.02292
804601685.5341051,1.699653
804601687.525237,1.9239700000000002
804601689.548633,1.9601290000000002
804601691.41776,1.8025820000000001
804601693.6021969,2.121214
804601695.646015,1.977329
804601697.813803,2.103243
804601699.553774,1.6724489999999999
804601701.4914811,1.87478
804601703.586048,2.003725
804601705.306093,1.655981
804601707.234223,1.861199
804601709.346547,2.048225
804601711.319837,1.9062540000000001
804601713.48341,2.1000150000000004
804601715.635962,2.0857520000000003
804601717.691132,1.9921090000000001
804601719.4374529,1.679601
804601721.19469,1.6926370000000002
804601723.1799431,1.91757
804601725.301011,2.057646
804601727.332116,1.9644240000000002
804601729.194302,1.797776
804601731.189358,1.928886
804601733.3653649,2.1125599999999998
804601735.27664,1.84446
804601737.242162,1.901953
804601739.396458,2.087371
804601741.510886,2.0511510000000004
804601743.457088,1.879407
804601745.5286609,2.008246
804601747.549818,1.954651
804601749.451295,1.838662
804601751.61387,2.095524
804601754.155985,2.479032
804601756.527297,2.304506
804601759.1848199,2.584619
804601761.546314,2.29767
804601763.4537259,1.8394329999999999
804601765.216901,1.699347
804601767.0138351,1.729683
804601768.603391,1.525818
804601770.233718,1.5640070000000001
804601771.865497,1.568522
804601773.475691,1.5464660000000001
804601775.374112,1.83194
804601777.057802,1.620263
804601778.7565019,1.632301
804601780.589591,1.769831
804601782.275326,1.619195
804601784.118873,1.7801049999999998
804601786.065531,1.879767
804601787.801689,1.67278
804601789.502689,1.6368310000000001
804601791.423336,1.8541569999999998
804601793.192796,1.705977
804601795.1835419,1.924396
804601796.972172,1.725733
804601799.0769529,2.0368690000000003
804601801.1585001,2.019082
804601802.9829581,1.75861
804601805.1332151,2.0865039999999997
804601807.116688,1.917249
804601809.3957599,2.215689
804601811.314137,1.852198
804601813.255502,1.877767
804601815.4092519,2.086819
804601817.497725,2.0252909999999997
804601819.230475,1.6663649999999999
804601821.15884,1.865108
804601822.950257,1.725047
804601824.842102,1.828724
804601826.547553,1.638631
804601828.51322,1.902259
804601830.437731,1.858427
804601832.550581,2.0496030000000003
804601834.563844,1.946126
804601836.423133,1.795862
804601838.337901,1.848574
804601840.264242,1.862988
804601842.13389,1.802532
804601843.979663,1.7822149999999999
804601846.0230609,1.9541300000000001
804601847.781366,1.691996
804601849.675501,1.830978
804601851.6893859,1.947063
804601853.854657,2.102024
804601855.5428979,1.621501
804601857.552773,1.946227
804601859.636966,2.017929
804601861.3820441,1.6817659999999999
804601863.247017,1.798684
804601864.960913,1.650082
804601866.896474,1.867939
804601868.660612,1.676945
804601870.5713121,1.845036
804601872.5019519,1.866992
804601874.4882021,1.919093
804601877.0498719,2.498814
804601879.633463,2.5174860000000003
804601882.370145,2.67351
804601884.307596,1.8707859999999998
804601886.267415,1.895679
804601888.2019291,1.871097
804601890.084603,1.81685
804601892.056203,1.8947720000000001
804601894.1339121,2.010011
804601896.177992,1.98005
804601898.0802411,1.8358700000000001
804601899.837142,1.693328
804601901.7449391,1.8444049999999999
804601903.5504481,1.738979
804601905.5224099,1.908639
804601907.372838,1.783843
804601909.2963569,1.8602670000000001
804601911.055313,1.6919899999999999
804601913.111421,1.9923089999999999
804601915.18724,2.008788
804601916.902318,1.651606
804601918.7209331,1.752164
804601920.434728,1.651054
804601922.1125951,1.611357
804601923.769969,1.5937359999999998
804601925.769635,1.936414
804601927.333878,1.497522
804601929.034693,1.636986
804601930.788607,1.687419
804601932.75275,1.9011419999999999
804601934.809669,1.990485
804601936.611164,1.738583
804601938.674524,1.996459
804601940.448746,1.710753
804601942.400701,1.885795
804601944.116245,1.652202
804601946.153584,1.9717110000000002
804601947.879623,1.662942
804601949.900439,1.9577280000000001
804601951.615332,1.6479769999999998
804601953.34309,1.664185
804601954.9702879,1.560619
804601957.21086,2.177099
804601959.438923,2.161723
804601961.3465899,1.844239
804601963.135937,1.721935
804601964.861766,1.66178
804601966.617339,1.688922
804601968.672103,1.990094
804601970.3409641,1.60161
804601972.618958,2.214396
804601974.427194,1.7414850000000002
804601976.385138,1.893464
804601978.522123,2.070997
804601980.418359,1.825306
804601982.59614,2.124863
804601984.289934,1.630001
804601985.642559,1.285839
804601986.821599,1.108541
804601988.1356939,1.250472
804601989.549701,1.3467310000000001
804601991.616293,2.002999
804601992.852938,1.172936
804601994.155621,1.245485
804601995.382493,1.180994
804602004.8008231,9.355457
804602006.3778449,1.538986
804602007.740283,1.3282509999999998
804602009.743489,1.9551170000000002
804602011.349877,1.572277
804602013.4021361,2.018833
804602015.328765,1.862025
804602017.208399,1.830808
804602019.057114,1.783933
804602021.037435,1.917851
804602022.7850109,1.675
804602024.523497,1.701599
804602026.560074,1.983323
804602028.882066,2.259767
804602030.8855059,1.9369809999999998
804602033.044373,2.0957649999999997
804602035.272687,2.162259
804602037.4032681,2.0682449999999997
804602039.174607,1.705652
804602041.057757,1.820269
804602043.0146439,1.890692
804602045.0489999,1.9693649999999998
804602046.9986401,1.882303
804602048.9191921,1.8576059999999999
804602050.851316,1.865429
804602052.828831,1.914157
804602054.6690559,1.773314
804602056.46594,1.734003
804602058.210723,1.678498
804602059.997112,1.722566
804602062.160139,2.069498
804602063.885767,1.639527
804602065.943653,1.9941630000000001
804602067.572907,1.561982
804602069.338638,1.702339
804602071.265425,1.860543
804602073.018572,1.690051
804602075.2204599,2.135162
804602077.325135,2.0411029999999997
804602079.05161,1.658612
804602080.8916351,1.776451
804602082.988176,2.028979
804602085.0536159,2.000944
804602086.9371511,1.8173110000000001
804602089.119072,2.1189389999999997
804602091.162084,1.9759909999999998
804602092.999126,1.773028
804602095.29579,2.230043
804602097.3998439,2.040381
804602099.144101,1.678212
804602101.320463,2.113531
804602103.344757,1.9571020000000001
804602105.161181,1.751774
804602107.012572,1.784821
804602108.94668,1.87049
804602110.690977,1.677802
804602112.502199,1.747785
804602114.3785981,1.809769
804602116.136757,1.694451
804602118.2814311,2.078059
804602120.209391,1.864733
804602122.0517911,1.77578
804602124.1772051,2.061806
804602125.9142239,1.6705100000000002
804602128.3761721,2.397929
804602130.811863,2.369086
804602133.037305,2.162636
804602134.944471,1.8397789999999998
804602136.827791,1.820118
804602138.590556,1.696024
804602140.20507,1.5503850000000001
804602141.97419,1.7020979999999999
804602143.587371,1.549133
804602145.339561,1.687605
804602146.97755,1.571599
804602149.314281,1.912944
804602151.011503,1.622744
804602152.7380229,1.663343
804602154.592837,1.788304
804602156.466926,1.8099450000000001
804602158.375109,1.841954
804602160.103524,1.663293
804602162.325392,2.155329
804602164.147074,1.758379
804602166.149155,1.935386
804602168.09229,1.880273
804602170.21379,2.054229
804602172.147393,1.8695439999999999
804602174.264698,2.0498529999999997
804602176.1966361,1.868616
804602178.179007,1.916021
804602180.2896171,2.0465
804602182.603379,2.247213
804602184.666503,1.9990199999999998
804602186.4293131,1.6960790000000001
804602188.520382,2.027756
804602190.444757,1.858297
804602192.2646049,1.7565300000000001
804602194.305267,1.973626
804602196.4152,2.046611
804602198.557554,2.075848
804602200.866094,2.245238
804602202.859115,1.9269319999999999
804602204.767734,1.845071
804602206.498504,1.663548
804602208.409308,1.847216
804602210.177034,1.701437
804602211.960101,1.719754
804602213.657287,1.602902
804602215.32033,1.5965420000000001
804602217.081571,1.697638
804602218.9608871,1.812922
804602220.633973,1.6097329999999999
804602222.666371,1.964314
804602224.488092,1.758941
804602226.571524,2.017357
804602228.6599209,2.025206
804602230.674282,1.9471289999999999
804602232.752701,2.0140599999999997
804602234.6880469,1.869383
804602236.5502789,1.798833
804602238.687019,2.070481
804602240.919819,2.16866
804602243.078219,2.0294000000000003
804602244.833416,1.691965
804602246.716521,1.816109
804602248.782321,2.002393
804602250.705013,1.856533
804602252.777819,2.009654
804602254.928267,2.084238
804602256.82594,1.833635
804602258.6931729,1.782305
804602260.597492,1.8404859999999998
804602262.739395,2.075714
804602264.5333871,1.7305300000000001
804602266.6487529,2.0474780000000004
804602268.805931,2.093995
804602270.729795,1.8560320000000001
804602272.781207,1.9877240000000003
804602274.831215,1.983488
804602276.591178,1.696676
804602278.341308,1.683996
804602280.25969,1.854729
804602282.164255,1.8374540000000001
804602283.885564,1.65762
804602285.747795,1.799325
804602287.4908429,1.676579
804602289.7069889,2.15192
804602291.498144,1.7244899999999999
804602293.42476,1.863529
804602295.352865,1.8615890000000002
804602297.559844,2.14312
804602299.5039101,1.877612
804602301.301621,1.734113
804602303.0126411,1.64453
804602305.079013,2.002763
804602306.78706,1.641041
804602308.51159,1.6616140000000001
804602310.387473,1.784626
804602312.1161081,1.664797
804602313.755535,1.573579
804602315.5253359,1.7059819999999999
804602317.004956,1.410113
804602318.65801,1.586945
804602320.187652,1.4656630000000002
804602321.842951,1.587972
804602323.275512,1.368933
804602324.7569721,1.409948
804602326.534456,1.711466
804602327.976484,1.378591
804602329.149691,1.0827460000000002
804602330.496316,1.280186
804602331.950402,1.390313
804602333.089249,1.053212
804602334.3703021,1.214112
804602335.622733,1.189235
804602336.91839,1.232194
804602338.60225,1.616749
804602340.142336,1.476287
804602341.6300249,1.421399
804602342.995089,1.301606
804602344.28398,1.2181920000000002
804602345.74825,1.398005
804602347.142606,1.330593
804602348.503079,1.296865
804602349.850963,1.2762369999999998
804602351.577353,1.662522
804602352.834029,1.190748
804602354.32048,1.4199760000000001
804602355.673561,1.2891370000000002
804602357.450514,1.706548
804602358.787958,1.2712299999999999
804602360.2082751,1.348831
804602361.650378,1.387796
804602363.4941009,1.798938
804602364.9380281,1.400256
804602366.663135,1.6593879999999999
804602368.1263319,1.40012
804602369.556492,1.364638
804602370.96217,1.343057
804602372.407451,1.382485
804602373.9210349,1.447947
804602375.300748,1.316676
804602377.491414,2.1282200000000002
804602378.918507,1.362126
804602380.630057,1.649446
804602382.3687251,1.673692
804602384.150304,1.719193
804602385.841246,1.626012
804602387.543524,1.639723
804602389.243648,1.6380940000000002
804602390.985369,1.677065
804602392.72309,1.675361
804602394.377823,1.590138
804602396.131657,1.692095
804602397.907552,1.711119
804602399.52134,1.55249
804602401.500082,1.9172239999999998
804602403.287354,1.722326
804602405.1787031,1.829245
804602407.040874,1.797491
804602408.7605981,1.6577300000000001
804602410.5227561,1.697853
804602412.200102,1.614465
804602413.798559,1.5337720000000001
804602415.403972,1.543409
804602417.089056,1.62331
804602418.784454,1.630252
804602420.524997,1.678484
804602422.271714,1.6816010000000001
804602424.070858,1.73711
804602425.945027,1.787602
804602427.707691,1.700615
804602429.530741,1.761035
804602431.457578,1.861324
804602433.302869,1.7836729999999998
804602435.265419,1.898325
804602437.1607779,1.83391
804602438.949613,1.7239289999999998
804602440.896657,1.884498
804602442.713442,1.75244
804602444.433848,1.658707
804602446.17403,1.675717
804602447.764178,1.52856
804602449.664543,1.838405
804602451.162771,1.43224
804602452.8998909,1.675557
804602454.284906,1.316952
804602455.621593,1.274252
804602456.9618139,1.275255
804602459.1104219,2.0787560000000003
804602461.1885561,2.016496
804602462.79397,1.5404769999999999
804602464.732754,1.875748
804602466.596168,1.798348
804602468.452646,1.793907
804602470.107168,1.589727
804602472.22964,2.060413
804602474.283157,1.9880840000000002
804602476.215411,1.870125
804602478.022153,1.74163
804602479.888639,1.8037590000000001
804602481.89268,1.941406
804602483.766323,1.80629
804602485.488022,1.6588779999999999
804602487.217344,1.664206
804602488.982239,1.7010809999999998
804602491.033976,1.985689
804602493.173132,2.0754829999999997
804602495.347645,2.107973
804602497.245083,1.833865
804602499.37595,2.064122
804602501.8870519,2.447655
804602504.040281,2.0864830000000003
804602506.128518,2.0210559999999997
804602508.307421,2.115145
804602510.4118819,2.037921
804602512.205724,1.730755
804602514.312755,2.04007
804602516.297171,1.920166
804602517.9785761,1.6148449999999999
804602520.146965,2.1035630000000003
804602522.527428,2.314023
804602524.503198,1.912468
804602526.4661839,1.8959300000000001
804602528.465825,1.937106
804602530.505119,1.9718520000000002
804602532.791448,2.2231170000000002
804602534.645756,1.788078
804602536.5766261,1.86814
804602538.417017,1.774101
804602540.5794569,2.099443
804602542.4757321,1.829981
804602544.192184,1.653465
804602546.059978,1.800798
804602547.835803,1.7123329999999999
804602549.924426,2.0253509999999997
804602551.862268,1.8700489999999999
804602553.90938,1.9832130000000001
804602555.93422,1.958871
804602557.962824,1.965732
804602559.805855,1.776371
804602561.859873,1.989874
804602563.498699,1.572166
804602565.335621,1.772648
804602567.145581,1.743955
804602569.059903,1.8508699999999998
804602571.234822,2.1084300000000002
804602573.137182,1.838897
804602574.780063,1.576315
804602576.394006,1.550681
804602577.812905,1.352584
804602579.657184,1.780837
804602581.1548959,1.434355
804602582.5473441,1.3262230000000002
804602584.420746,1.809879
804602586.2874019,1.799911
804602588.090034,1.7393
804602589.75863,1.601499
804602591.34366,1.521643
804602593.116729,1.7099170000000001
804602595.125857,1.94299
804602596.828817,1.639382
804602598.5415059,1.6462530000000002
804602600.2805051,1.675597
804602602.4170699,2.069264
804602604.205549,1.7244300000000001
804602606.2073,1.935512
804602607.923131,1.652513
804602609.895764,1.9097009999999999
804602611.6159339,1.654428
804602613.620401,1.92204
804602615.6185141,1.9312070000000001
804602617.29983,1.618173
804602619.511474,2.145305
804602621.465013,1.890342
804602623.6143731,2.0827839999999997
804602625.524164,1.846274
804602628.2300249,2.638895
804602630.681623,2.384001
804602632.8748499,2.13006
804602635.036538,2.094447
804602637.28564,2.185489
804602639.464324,2.111888
804602641.718618,2.190115
804602643.6348649,1.849652
804602645.728826,2.030914
804602647.797578,2.0019270000000002
804602649.536973,1.6759279999999999
804602651.8364371,2.232348
804602654.006009,2.106029
804602655.9497299,1.877191
804602658.0625991,2.0268740000000003
804602660.108939,1.9795889999999998
804602662.099164,1.923129
804602664.041216,1.87875
804602665.930455,1.8223779999999998
804602667.644281,1.650503
804602669.593449,1.885716
804602671.6335299,1.9740159999999998
804602673.3574591,1.6604809999999999
804602675.0286,1.6039940000000001
804602677.320827,2.2284789999999997
804602679.269489,1.8824480000000001
804602681.0644641,1.731392
804602682.722074,1.591175
804602684.534158,1.748602
804602686.285326,1.6840119999999998
804602688.236259,1.88725
804602689.958349,1.6558650000000001
804602691.888959,1.867113
804602693.796546,1.843458
804602695.540812,1.677972
804602697.488427,1.8835709999999999
804602699.25904,1.704294
804602701.0554631,1.733325
804602702.906353,1.784174
804602704.777429,1.807253
804602706.837466,1.993688
804602708.682784,1.781704
804602710.610637,1.861224
804602712.4895171,1.815823
804602714.505932,1.95002
804602716.6037071,2.034473
804602718.665222,1.9937930000000001
804602720.576903,1.847828
804602722.5956091,1.951534
804602724.2347751,1.575112
804602725.943765,1.641742
804602727.7629709,1.755693
804602729.779757,1.9536190000000002
804602731.831179,1.984526
804602733.752703,1.858012
804602735.676548,1.8573140000000001
804602737.707597,1.9674559999999999
804602739.815635,2.040516
804602741.730564,1.8514110000000001
804602743.681097,1.883045
804602745.45824,1.712859
804602747.263759,1.73914
804602749.0761291,1.749248
804602751.041936,1.8991719999999999
804602753.309862,2.2041370000000002
804602755.676483,2.300191
804602757.943291,2.203756
804602760.239943,2.229216
804602762.510395,2.2038119999999997
804602764.3283081,1.753042
804602766.004676,1.609984
804602768.1607771,2.092948
804602770.2373871,2.009013
804602771.978452,1.677396
804602774.506032,2.4401420000000003
804602776.478059,1.906139
804602778.3601459,1.80353
804602780.097035,1.6735369999999998
804602782.051506,1.886868
804602783.754627,1.639403
804602785.698613,1.880433
804602787.7619131,1.99713
804602789.796265,1.9709290000000002
804602791.720796,1.8573540000000002
804602793.687886,1.9038080000000002
804602795.633988,1.879878
804602797.560569,1.862307
804602799.5618141,1.93446
804602801.727672,2.102135
804602803.733693,1.9392859999999998
804602805.648391,1.851441
804602807.478608,1.7634720000000002
804602809.318682,1.777083
804602811.610373,2.206137
804602813.738023,2.064517
804602816.0331271,2.228749
804602817.847021,1.745469
804602820.106021,2.195944
804602822.0377041,1.865264
804602823.9636331,1.862266
804602825.957005,1.903762
804602828.069884,2.045433
804602829.969608,1.833144
804602831.8452051,1.81248
804602833.647507,1.738924
804602835.621984,1.9079679999999999
804602837.625494,1.940173
804602839.4720739,1.778161
804602841.2863489,1.7514690000000002
804602843.213161,1.8606070000000001
804602845.1795341,1.902415
804602846.993874,1.747449
804602848.9502541,1.892968
804602850.6551191,1.638175
804602852.551525,1.832266
804602854.716972,2.099408
804602856.789723,1.9971759999999998
804602858.7464089,1.889956
804602860.713138,1.903477
804602862.6325231,1.8533709999999999
804602864.788649,2.0925230000000004
804602866.615102,1.75899
804602868.735183,2.0570649999999997
804602870.590032,1.7885900000000001
804602872.594479,1.940979
804602874.4701021,1.8092570000000001
804602876.881717,2.347982
804602879.278187,2.330266
804602881.657031,2.314895
804602883.376305,1.652212
804602885.556216,2.11693
804602887.811868,2.188942
804602889.829045,1.929272
804602891.898183,2.0024830000000002
804602893.867528,1.905632
804602895.640311,1.706218
804602897.862901,2.159568
804602900.110906,2.181544
804602901.8510029,1.6737469999999999
804602903.7707479,1.856673
804602905.7854141,1.9514230000000001
804602907.94371,2.0928280000000004
804602909.710644,1.67241
804602911.802775,2.025722
804602913.562518,1.6958380000000002
804602915.417201,1.788499
804602917.349967,1.869282
804602919.261508,1.844435
804602921.4569,2.132105
804602923.369925,1.84671
804602925.611068,2.177505
804602927.4186469,1.741235
804602929.472033,1.9898179999999999
804602931.454935,1.916843
804602933.780164,2.261771
804602935.728391,1.881721
804602937.747587,1.9559289999999998
804602939.620604,1.8062760000000002
804602941.414987,1.73111
804602943.273169,1.791562
804602945.466987,2.129008
804602947.7605081,2.2270950000000003
804602950.1103189,2.285522
804602952.330644,2.154417
804602954.502917,2.103844
804602956.306246,1.739636
804602958.30501,1.932189
804602960.193317,1.825175
804602962.462125,2.2024779999999997
804602964.5855141,2.060333
804602966.521131,1.868541
804602968.2456471,1.660973
804602970.305508,1.993361
804602972.295066,1.926676
804602974.190715,1.8293949999999999
804602976.165077,1.911045
804602978.114065,1.882809
804602980.309898,2.132806
804602982.273961,1.897834
804602984.178346,1.840159
804602986.167829,1.9226370000000002
804602988.3198301,2.0875860000000004
804602990.406363,2.020259
804602992.160718,1.68998
804602994.043928,1.815763
804602996.270492,2.163272
804602998.389607,2.052855
804603000.722875,2.2698549999999997
804603003.446792,2.657072
804603006.065815,2.555555
804603008.154489,2.0221430000000002
804603010.0641661,1.8433519999999999
804603011.8482599,1.7208970000000001
804603014.18214,2.252179
804603015.907572,1.659429
804603017.884871,1.914017
804603019.666244,1.714151
804603021.8335611,2.1042840000000003
804603023.6354359,1.735536
804603025.53313,1.834642
804603027.299122,1.698641
804603029.0842639,1.722245
804603030.981581,1.830347
804603033.011528,1.96697
804603035.176124,2.098151
804603037.382642,2.14312
804603039.416663,1.966714
804603041.32241,1.842616
804603043.411895,2.022534
804603045.2936219,1.818119
804603047.252222,1.892296
804603049.207696,1.892176
804603051.297131,2.022344
804603053.252329,1.891189
804603054.997688,1.678133
804603056.803964,1.742783
804603058.626498,1.755678
804603060.71687,2.0274910000000004
804603062.665031,1.881762
804603064.646099,1.9164729999999999
804603066.590677,1.878068
804603068.687955,2.034096
804603070.4081761,1.653675
804603072.294122,1.8222530000000001
804603074.160233,1.800142
804603076.382417,2.158737
804603078.328639,1.87889
804603080.111009,1.718777
804603081.939046,1.7615910000000001
804603084.0979531,2.095664
804603086.111521,1.9466430000000001
804603087.932511,1.758229
804603089.914361,1.918442
804603091.656507,1.674434
804603093.616421,1.8966059999999998
804603095.431342,1.7480600000000002
804603097.426683,1.9316769999999999
804603099.3212,1.8279509999999999
804603101.248387,1.863459
804603103.1600829,1.843933
804603104.973536,1.7491379999999999
804603106.863311,1.8223079999999998
804603108.6193199,1.6932880000000001
804603110.8555421,2.169266
804603112.673139,1.753729
804603114.847618,2.107477
804603116.788502,1.8768859999999998
804603118.692501,1.838185
804603120.668366,1.912463
804603122.749537,2.014671
804603124.650634,1.8375839999999999
804603126.9575,2.240372
804603128.7289,1.708203
804603130.890122,2.094522
804603132.6327499,1.678914
804603134.5871661,1.888191
804603136.731599,2.081111
804603138.4820601,1.681661
804603140.28343,1.738469
804603142.0521129,1.702108
804603144.141639,2.026573
804603145.907079,1.6987
804603147.697804,1.727623
804603149.529915,1.769095
804603151.598121,2.000553
804603153.534394,1.873187
804603155.46106,1.860156
804603157.473722,1.949163
804603159.503168,1.9624899999999998
804603161.5709031,2.004553
804603163.559247,1.921494
804603165.528879,1.9067800000000001
804603167.287483,1.6925160000000001
804603169.185478,1.833494
804603170.8235021,1.571585
804603172.804259,1.916999
804603174.460175,1.58933
804603176.4598061,1.936028
804603178.407596,1.88097
804603180.616554,2.1457859999999997
804603182.388837,1.705682
804603184.147296,1.695097
804603186.1995599,1.9856639999999999
804603188.04649,1.7832919999999999
804603189.834599,1.7204760000000001
804603192.098851,2.200895
804603194.165613,2.000448
804603195.8308259,1.602201
804603197.727352,1.832792
804603199.486322,1.6927610000000002
804603201.56141,2.011333
804603203.3680869,1.7407679999999999
804603205.335919,1.9044999999999999
804603207.267326,1.843888
804603209.0501319,1.719293
804603211.019508,1.903232
804603212.8146579,1.731557
804603214.7991339,1.9177650000000002
804603216.576432,1.714618
804603218.35568,1.712358
804603220.584354,2.165217
804603222.6902579,2.039243
804603224.494589,1.739781
804603226.5751489,2.0134380000000003
804603228.372529,1.733782
804603230.364507,1.926055
804603232.2979499,1.8700139999999998
804603233.8981459,1.533801
804603235.798295,1.836657
804603237.63447,1.772542
804603239.4702101,1.7680420000000001
804603241.4963579,1.961567
804603243.6839211,2.1199909999999997
804603245.8981019,2.150909
804603247.953879,1.9893269999999998
804603250.20705,2.1623050000000004
804603252.860529,2.5870889999999997
804603254.9958359,2.067826
804603256.7621541,1.702961
804603258.9420999,2.112454
804603261.1855791,2.1801619999999997
804603263.081859,1.830197
804603265.135306,1.9898379999999998
804603266.799385,1.597565
804603268.424459,1.561381
804603270.417129,1.9260950000000001
804603272.115443,1.6352630000000001
804603274.461361,2.290969
804603276.429323,1.903979
804603278.501002,2.004292
804603280.529596,1.9649659999999998
804603282.300841,1.6937339999999999
804603284.3263819,1.9620639999999998
804603286.244423,1.851757
804603287.980811,1.672966
804603289.798604,1.728585
804603292.1300169,2.2654099999999997
804603294.304425,2.107838
804603296.091431,1.723724
804603297.8817649,1.723619
804603299.717124,1.7720520000000002
804603301.530016,1.749053
804603303.170656,1.574511
804603304.996948,1.762799
804603307.36179,2.298717
804603309.171238,1.745269
804603310.9022341,1.6640540000000001
804603312.8753979,1.909577
804603315.104999,2.162736
804603316.832567,1.663774
804603318.8699859,1.9711400000000001
804603320.771524,1.8374730000000001
804603322.6876149,1.849943
804603324.26137,1.50969
804603325.910359,1.581508
804603327.5878,1.614129
804603329.523843,1.8731220000000002
804603331.228613,1.637734
804603332.8140601,1.521739
804603334.316649,1.435647
804603336.057818,1.6775360000000001
804603337.573272,1.448878
804603339.258365,1.621581
804603340.8502669,1.527788
804603342.4745389,1.557507
804603343.957893,1.4202620000000001
804603345.7068,1.658838
804603347.197516,1.4238
804603348.853522,1.592193
804603350.3739719,1.4533040000000002
804603351.9186391,1.481209
804603353.763525,1.7811730000000001
804603355.296891,1.466536
804603356.839322,1.478673
804603358.427891,1.521588
804603359.806657,1.315252
804603361.5649661,1.694536
804603362.9900689,1.3571950000000002
804603364.488734,1.434871
804603366.040562,1.485138
804603367.52578,1.4214550000000001
804603369.275018,1.685369
804603371.0915279,1.7502360000000001
804603372.581482,1.426306
804603374.127452,1.47926
804603375.746508,1.555166
804603377.951577,2.1415919999999997
804603379.707806,1.689363
804603381.288477,1.5175189999999998
804603383.2358459,1.880744
804603385.067727,1.7687329999999999
804603386.952951,1.8185390000000001
804603388.6594001,1.624457
804603390.5971969,1.871091
804603392.333209,1.67276
804603394.22095,1.821476
804603395.83831,1.553928
804603397.628173,1.726094
804603399.605979,1.911096
804603401.3604549,1.691398
804603403.0789609,1.650704
804603404.7756319,1.633278
804603406.931291,2.089345
804603409.176699,2.182011
804603411.4599559,2.2162100000000002
804603413.417945,1.8940000000000001
804603415.160828,1.676469
804603417.081901,1.857696
804603418.927523,1.777609
804603420.811721,1.82089
804603422.862902,1.984777
804603424.6970639,1.770708
804603426.778054,2.01409
804603428.9659181,2.124627
804603430.810298,1.7782259999999999
804603432.862782,1.988946
804603434.638777,1.709646
804603436.385244,1.683104
804603438.4921501,2.040952
804603440.2934539,1.7379019999999998
804603442.085872,1.7264
804603444.203739,2.0539120000000004
804603446.453106,2.182482
804603448.507274,1.991081
804603450.241643,1.6674630000000001
804603452.084409,1.7784820000000001
804603453.91186,1.759552
804603455.632922,1.657821
804603457.514508,1.818414
804603459.551737,1.9696710000000002
804603461.313609,1.699001
804603463.1127881,1.731963
804603465.1767639,2.000659
804603467.0970451,1.853706
804603468.9874871,1.826313
804603471.000465,1.946393
804603472.8239709,1.759643
804603474.69612,1.805183
804603476.871736,2.111697
804603478.852839,1.913
804603480.756487,1.840545
804603482.6191789,1.795872
804603484.6708759,1.9886309999999998
804603486.782242,2.045052
804603488.719924,1.8507090000000002
804603490.618711,1.8322559999999999
804603492.569153,1.887114
804603494.627054,1.991231
804603496.479628,1.789171
804603498.419665,1.87266
804603500.290176,1.8067719999999998
804603503.151849,2.795194
804603505.493617,2.2784099999999996
804603508.083582,2.523
804603510.265743,2.114398
804603512.2778181,1.949013
804603514.387897,2.0441000000000003
804603516.501404,2.0499229999999997
804603518.498018,1.930289
804603520.453822,1.8924409999999998
804603522.268036,1.746743
804603524.477866,2.146207
804603526.283205,1.738879
804603528.479875,2.133267
804603530.5808569,2.034242
804603532.627743,1.9834789999999998
804603534.515614,1.8206190000000002
804603536.574568,1.9958630000000002
804603538.335734,1.694677
804603540.267482,1.868175
804603542.311767,1.9769229999999998
804603544.560353,2.1845369999999997
804603546.638332,2.010215
804603548.8765429,2.17521
804603550.8500329,1.906579
804603552.831342,1.917128
804603554.579392,1.680699
804603556.459269,1.816866
804603558.204408,1.678514
804603560.2527881,1.984877
804603562.029691,1.710473
804603563.730716,1.6376629999999999
804603565.562516,1.768508
804603567.573303,1.942904
804603569.563848,1.925995
804603571.526097,1.8955339999999998
804603573.434782,1.845041
804603575.2258171,1.724691
804603577.316295,2.026819
804603579.264416,1.8812410000000002
804603581.067966,1.738739
804603583.084436,1.94999
804603584.972908,1.8064310000000001
804603587.166767,2.127554
804603589.190564,1.9594679999999998
804603591.1038691,1.8466699999999998
804603592.8498089,1.682798
804603594.95009,2.034066
804603596.928687,1.9146589999999999
804603598.820356,1.8243179999999999
804603600.7997811,1.916387
804603602.6794181,1.812992
804603604.8252951,2.082008
804603606.72167,1.829851
804603608.61975,1.834125
804603610.413456,1.725307
804603612.422785,1.945851
804603614.516275,2.026839
804603616.50718,1.9272880000000001
804603618.613926,2.0392829999999997
804603620.804166,2.1269620000000002
804603622.574799,1.704113
804603624.520465,1.8812609999999999
804603626.829656,2.2431080000000003
804603628.98918,2.09605
804603630.804166,1.749083
804603632.619217,1.751408
804603634.419048,1.733126
804603636.4202429,1.9381680000000001
804603638.4569349,1.970163
804603640.149431,1.629378
804603641.8607,1.643853
804603643.532879,1.609082
804603645.2476369,1.650749
804603647.562062,2.248275
804603649.4878459,1.862231
804603651.269204,1.7145920000000001
804603653.461638,2.128872
804603655.5852029,2.055221
804603657.680732,2.032107
804603659.5214729,1.774527
804603661.3867719,1.800878
804603663.40043,1.946868
804603665.270761,1.807123
804603667.0853161,1.7468080000000001
804603668.81538,1.666826
804603670.848008,1.965982
804603672.606983,1.695603
804603674.446712,1.772197
804603676.748737,2.2384269999999997
804603678.866929,2.051532
804603680.924871,1.9945240000000002
804603682.882685,1.891148
804603684.7388769,1.792503
804603687.043438,2.23783
804603688.801672,1.694596
804603690.5867189,1.717765
804603692.378626,1.72864
804603694.315767,1.8703450000000001
804603696.222487,1.843412
804603698.21041,1.920597
804603699.9590969,1.684678
804603702.124244,2.073899
804603703.9708229,1.7801
804603705.7459971,1.685895
804603708.069176,2.2564490000000004
804603709.739866,1.6034490000000001
804603711.937609,2.134395
804603713.921378,1.9207619999999999
804603715.78591,1.798062
804603717.492724,1.642094
804603719.237036,1.6752150000000001
804603721.2765191,1.975064
804603723.065645,1.720967
804603725.183251,2.0537569999999996
804603727.1722621,1.9226370000000002
804603729.1145849,1.879161
804603731.413097,2.231446
804603733.23975,1.7635560000000001
804603735.4796859,2.173296
804603737.255276,1.712638
804603739.491954,2.1701580000000003
804603741.324516,1.767696
804603743.462143,2.069569
804603745.225359,1.699543
804603747.178672,1.886553
804603749.4113361,2.1689399999999996
804603751.744634,2.266602
804603753.727436,1.919018
804603755.812826,2.019101
804603757.72754,1.8510309999999999
804603759.699472,1.9051470000000001
804603761.827808,2.064006
804603763.964859,2.070536
804603766.260665,2.209605
804603768.3811569,2.05307
804603770.34939,1.901823
804603772.205096,1.792459
804603774.480319,2.208107
804603776.608158,2.064086
804603778.535757,1.8599
804603780.380472,1.7812679999999999
804603782.452837,1.987863
804603784.4314699,1.915565
804603786.348338,1.849652
804603788.379172,1.967721
804603790.089429,1.643522
804603791.849618,1.697222
804603793.616056,1.70274
804603795.4130859,1.7309050000000001
804603797.202522,1.725022
804603799.165949,1.897393
804603801.04327,1.813523
804603802.929868,1.819968
804603804.864818,1.8709609999999999
804603806.9327691,2.001671
804603808.727382,1.730505
804603810.7162889,1.9223370000000002
804603812.658166,1.878469
804603814.684273,1.9594019999999999
804603816.61756,1.869774
804603818.735116,2.0514460000000003
804603820.5466291,1.74797
804603822.361058,1.74819
804603824.446068,2.021687
804603826.366365,1.8536810000000001
804603828.4661341,2.036401
804603830.315099,1.782365
804603832.311302,1.933096
804603834.104939,1.7276889999999998
804603835.8324571,1.66415
804603837.568369,1.6719680000000001
804603839.483117,1.848209
804603841.555533,2.008321
804603843.1359069,1.51375
804603844.8085569,1.6091820000000001
804603846.542951,1.668344
804603848.312466,1.706047
804603850.381498,1.9906
804603852.107853,1.6628319999999999
804603853.8248969,1.6507539999999998
804603855.46684,1.578802
804603857.108713,1.578611
804603859.023286,1.848319
804603860.562676,1.475936
804603862.177872,1.548265
804603863.7792499,1.537971
804603865.6059489,1.7634409999999998
804603867.1004391,1.427975
804603868.7343479,1.5702369999999999
804603870.486954,1.686076
804603872.4177201,1.8672529999999998
804603874.270519,1.7863639999999998
804603876.504786,2.170915
804603878.557777,1.986491
804603880.857913,2.236594
804603883.287881,2.3625410000000002
804603885.689649,2.338921
804603887.904541,2.148377
804603889.699355,1.731327
804603891.4967849,1.730545
804603893.348221,1.788059
804603895.169452,1.755262
804603896.9395181,1.706774
804603899.4090631,2.403186
804603901.587486,2.114227
804603903.424173,1.769877
804603905.54438,2.056774
804603907.247455,1.636681
804603909.083982,1.773519
804603911.164696,2.0139590000000003
804603912.728483,1.5003279999999999
804603914.7865499,1.9920229999999999
804603917.1110669,2.260574
804603919.300867,2.1233139999999997
804603921.0853419,1.721023
804603922.937495,1.7859180000000001
804603924.476243,1.4753749999999999
804603925.916621,1.3740340000000002
804603927.563967,1.5841939999999999
804603929.2194619,1.592042
804603931.072662,1.786109
804603932.781461,1.645701
804603934.4084289,1.5604390000000001
804603936.410892,1.938939
804603937.8297651,1.352429
804603939.463084,1.57
804603940.922863,1.396407
804603942.5009279,1.5109430000000001
804603944.3290801,1.7650649999999999
804603946.109891,1.7139060000000002
804603947.958415,1.784966
804603949.926192,1.875201
804603951.710968,1.7184920000000001
804603953.6423451,1.868205
804603955.5378339,1.8292140000000001
804603957.580199,1.9792439999999998
804603959.549104,1.9021590000000002
804603961.643897,2.032031
804603963.609334,1.899488
804603965.369602,1.6968459999999999
804603967.531,2.0947180000000003
804603969.621247,2.007555
804603971.502648,1.814956
804603973.3128079,1.7467920000000001
804603975.007689,1.6286269999999998
804603976.9378779,1.867223
804603978.853048,1.849136
804603980.67514,1.7585089999999999
804603982.6429119,1.900555
804603984.379691,1.673171
804603986.677963,2.231336
804603988.593895,1.852249
804603990.465112,1.8045419999999999
804603992.2997589,1.771585
804603994.128988,1.7620680000000002
804603995.944891,1.7526760000000001
804603998.015272,1.980642
804603999.977361,1.895543
804604002.049526,1.987482
804604004.62173,2.505433
804604006.437899,1.749984
804604008.736701,2.235195
804604010.6599851,1.855516
804604012.8865,2.1631519999999997
804604014.9496139,1.9964230000000003
804604016.4655529,1.4516550000000001
804604018.429105,1.897087
804604020.6740179,2.1815189999999998
804604022.544788,1.803549
804604024.595729,1.9867410000000003
804604026.461228,1.798362
804604028.283626,1.7584250000000001
804604030.077052,1.7259039999999999
804604031.93758,1.796564
804604033.830583,1.829551
804604035.43794,1.540467
804604037.285417,1.783844
804604038.813646,1.4614980000000002
804604040.489217,1.612304
804604042.10956,1.5534679999999998
804604043.8295,1.6570230000000001
804604045.74701,1.8545829999999999
804604047.2975999,1.483966
804604049.210664,1.849171
804604050.768121,1.491423
804604052.189726,1.358178
804604053.646258,1.3900519999999998
804604054.9944669,1.283228
804604056.2981731,1.2401929999999999
804604057.867923,1.50313
804604059.151307,1.21977
804604060.563871,1.349211
804604061.862414,1.2309809999999999
804604063.173642,1.24777
804604064.461682,1.224972
804604065.693189,1.1649029999999998
804604067.024354,1.267446
804604068.2410121,1.153275
804604069.67927,1.372135
804604071.0858411,1.3433430000000002
804604072.584891,1.435533
804604073.7198089,1.0686090000000001
804604074.7729061,0.9896550000000001
804604075.92978,1.09283
804604077.116318,1.1220430000000001
804604078.914665,1.707561
804604080.450887,1.4731150000000002
804604082.0530281,1.52667
804604083.636736,1.519944
804604085.375249,1.675291
804604087.183734,1.7415200000000002
804604088.9682499,1.7203400000000002
804604090.6627799,1.628316
804604092.3951191,1.6688910000000001
804604093.952761,1.4907620000000001
804604095.617177,1.6008680000000002
804604097.537554,1.8570550000000001
804604099.285384,1.681114
804604100.964278,1.615382
804604102.885942,1.855079
804604104.564235,1.6145289999999999
804604106.367213,1.7352450000000001
804604108.059444,1.6280299999999999
804604109.770267,1.6448450000000001
804604111.649894,1.815944
804604113.367273,1.65361
804604115.258326,1.824549
804604117.129753,1.80803
804604119.028936,1.832752
804604120.743488,1.650934
804604122.648433,1.837774
804604124.410266,1.6984949999999999
804604125.9500359,1.473186
804604128.0237551,1.9857339999999999
804604129.943706,1.852399
804604132.024,2.016034
804604134.0502429,1.958425
804604136.06963,1.9561790000000001
804604137.831637,1.695588
804604139.50762,1.61248
804604141.218163,1.647141
804604143.023847,1.7136449999999999
804604144.965659,1.878794
804604146.9540939,1.921349
804604149.302127,2.28487
804604150.9688121,1.5965420000000001
804604152.637187,1.605243
804604154.361637,1.658226
804604156.2196989,1.793907
804604158.079088,1.792524
804604160.131577,1.988615
804604161.928496,1.73085
804604163.703063,1.711204
804604165.4552131,1.688742
804604167.307236,1.784486
804604169.489227,2.118138
804604171.283375,1.726745
804604173.214902,1.8683599999999998
804604174.946113,1.664862
804604176.874403,1.8649980000000002
804604178.6288381,1.687715
804604180.406046,1.714116
804604182.475891,2.003104
804604184.370648,1.831178
804604186.180171,1.742974
804604188.311298,2.0681100000000003
804604190.2889739,1.9111099999999999
804604192.219239,1.865539
804604193.958945,1.673697
804604196.071889,2.049332
804604198.267041,2.127538
804604200.194499,1.863328
804604202.118273,1.85731
804604204.333882,2.152277
804604206.0861369,1.68535
804604207.882149,1.7326450000000002
804604209.679945,1.73475
804604211.464707,1.718752
804604213.389403,1.8607280000000002
804604215.475821,2.019101
804604217.203088,1.662997
804604219.0275811,1.757317
804604220.863551,1.7715
804604223.135702,2.2048940000000004
804604224.919716,1.720436
804604227.023314,2.037509
804604228.835228,1.748472
804604230.8246,1.922462
804604232.8728501,1.9850269999999999
804604234.814596,1.875723
804604236.705464,1.827806
804604238.6269131,1.854633
804604240.472315,1.781954
804604242.457352,1.918367
804604244.795903,2.274867
804604246.561118,1.6989509999999999
804604248.46057,1.8355590000000002
804604250.281175,1.753407
804604252.986449,2.64125
804604255.1673671,2.1136570000000003
804604257.541345,2.310319
804604259.99336,2.385024
804604262.4736401,2.3888469999999997
804604264.947776,2.4101019999999997
804604266.747882,1.7333660000000002
804604268.5298209,1.718642
804604270.862664,2.2664120000000003
804604272.651078,1.725112
804604274.4760231,1.758018
804604276.735664,2.195252
804604278.654427,1.851276
804604280.539311,1.820819
804604282.371031,1.753382
804604284.494365,2.0599469999999998
804604286.262367,1.701482
804604288.0722909,1.746381
804604289.786848,1.646404
804604291.835127,1.9847860000000002
804604293.7285471,1.828312
804604295.58742,1.7921580000000001
804604297.447121,1.796158
804604299.3593731,1.8457530000000002
804604301.393274,1.9705780000000002
804604303.127427,1.667673
804604304.831545,1.640871
804604306.65049,1.752586
804604308.3651681,1.65095
804604310.066013,1.633539
804604311.855991,1.72622
804604313.955034,2.03566
804604315.8177061,1.796016
804604317.662982,1.7817690000000002
804604319.487631,1.757478
804604321.556348,2.004663
804604323.5510119,1.927252
804604325.442742,1.828237
804604327.3605131,1.851402
804604329.395577,1.971717
804604331.5221541,2.060006
804604333.7879951,2.202413
804604335.7878109,1.933427
804604337.752776,1.881922
804604340.079404,2.259962
804604341.807011,1.65994
804604343.522115,1.6512600000000002
804604345.252138,1.666335
804604347.06307,1.744307
804604349.144271,2.0174429999999997
804604351.051332,1.840376
804604352.8446381,1.729928
804604354.642534,1.729291
804604356.486061,1.779604
804604358.252404,1.6993719999999999
804604360.240614,1.923959
804604362.349529,2.042431
804604364.077332,1.663844
804604365.9889389,1.84473
804604367.846545,1.794017
804604369.546428,1.636285
804604371.321716,1.707801
804604373.27289,1.88775
804604374.767284,1.426577
804604377.088299,2.255822
804604379.240425,2.086052
804604381.471505,2.1677570000000004
804604383.979394,2.441856
804604386.4559809,2.387595
804604388.228098,1.705477
804604389.719987,1.424927
804604391.605597,1.821812
804604393.835755,2.165878
804604395.598449,1.695778
804604397.522685,1.860873
804604399.4868829,1.897543
804604401.3409599,1.79115
804604403.227954,1.820504
804604405.0329419,1.741114
804604406.7243351,1.6241020000000002
804604408.611119,1.823185
804604410.634325,1.956962
804604412.81997,2.1216
804604415.015016,2.12799
804604416.704149,1.625254
804604418.215678,1.444839
804604419.94935,1.669869
804604421.618837,1.57837
804604423.608971,1.923283
804604425.6202691,1.9475149999999999
804604427.416372,1.72879
804604429.5955011,2.1155969999999997
804604431.3920851,1.729357
804604433.3383061,1.8823729999999999
804604435.407063,2.0020670000000003
804604437.174965,1.703757
804604438.878331,1.63632
804604440.602917,1.661343
804604442.355718,1.6862069999999998
804604444.310134,1.890792
804604446.1241931,1.747083
804604447.800245,1.612575
804604449.924702,2.06107
804604451.6307689,1.639272
804604453.353476,1.658777
804604455.49185,2.0719499999999997
804604457.5970219,2.041494
804604459.333606,1.669668
804604461.070956,1.673847
804604463.096307,1.958375
804604464.8370861,1.677586
804604467.104189,2.2001880000000003
804604468.95351,1.785648
804604470.886727,1.865809
804604472.605178,1.654142
804604474.627221,1.955563
804604476.446267,1.755478
804604478.346352,1.833534
804604480.554654,2.1444989999999997
804604482.310382,1.688642
804604484.0709159,1.6965599999999998
804604486.273365,2.135537
804604488.040294,1.703216
804604490.296056,2.187879
804604492.126052,1.766243
804604494.015923,1.8235460000000001
804604496.313573,2.234118
804604498.343149,1.9626259999999998
804604500.657834,2.251052
804604503.081172,2.356502
804604505.406772,2.261851
804604507.86902,2.3944460000000003
804604510.259757,2.326331
804604511.989995,1.663664
804604514.1023539,2.024274
804604515.8602121,1.694661
804604517.641856,1.71808
804604519.688616,1.980186
804604521.720162,1.967175
804604523.794547,2.00774
804604526.045759,2.187419
804604528.132393,2.019829
804604529.9383429,1.738829
804604531.701453,1.680177
804604533.60036,1.835359
804604535.33526,1.6686299999999998
804604537.201084,1.802337
804604539.098477,1.830287
804604540.832921,1.67093
804604542.896606,1.996448
804604544.724251,1.762424
804604546.73342,1.942865
804604548.8424411,2.045208
804604551.0358031,2.126832
804604553.058463,1.958871
804604554.790606,1.665052
804604556.549076,1.694585
804604558.5150881,1.8995279999999999
804604560.558351,1.979625
804604562.557892,1.931367
804604564.516974,1.895458
804604566.659928,2.076104
804604568.456847,1.7337120000000001
804604570.296401,1.771656
804604572.061146,1.701332
804604574.009678,1.881395
804604575.784245,1.711044
804604577.8104581,1.96282
804604579.536933,1.6596440000000001
804604581.415276,1.814054
804604583.04668,1.5652350000000002
804604585.0109589,1.900685
804604586.751461,1.674243
804604588.5689181,1.753714
804604590.3359879,1.699979
804604592.240799,1.841383
804604594.329863,2.022169
804604596.0381709,1.6446340000000002
804604597.781425,1.6748539999999998
804604599.605888,1.760875
804604601.3443509,1.67467
804604603.3652359,1.9536789999999997
804604605.29074,1.86188
804604607.061954,1.704424
804604608.81655,1.6907020000000001
804604610.839014,1.9558090000000001
804604612.711851,1.8092430000000002
804604614.7017391,1.9231479999999999
804604616.455798,1.690732
804604618.269897,1.747459
804604619.988088,1.654187
804604622.01812,1.940408
804604623.838949,1.75417
804604625.6489539,1.746351
804604627.7399881,2.02291
804604629.791359,1.987618
804604631.8397241,1.981288
804604633.907804,2.004162
804604635.876222,1.901457
804604637.842371,1.90234
804604639.958855,2.049342
804604641.6976329,1.652177
804604643.5626911,1.798182
804604645.8665551,2.239685
804604648.113768,2.1803019999999997
804604650.0886159,1.9075069999999998
804604651.801936,1.6499970000000002
804604653.480945,1.6153009999999999
804604655.2808161,1.733447
804604657.109594,1.7649
804604659.146392,1.969196
804604661.4077079,2.197568
804604663.276114,1.801394
804604665.625404,2.285376
804604667.4583521,1.766213
804604669.3991059,1.871422
804604671.162371,1.696781
804604673.0667,1.8404
804604674.992986,1.850353
804604676.766154,1.6778419999999998
804604678.415064,1.582138
804604679.968255,1.4742979999999999
804604681.758459,1.690452
804604683.5212239,1.695779
804604685.1889919,1.603248
804604687.321182,2.060733
804604689.474115,2.089024
804604691.203056,1.66174
804604692.8600891,1.5857569999999999
804604694.731151,1.803861
804604696.220328,1.425675
804604697.712232,1.420733
804604699.128299,1.35071
804604700.744448,1.552364
804604702.406939,1.587857
804604704.243139,1.764479
804604705.852186,1.534439
804604707.58217,1.665734
804604709.070325,1.4196110000000002
804604710.736951,1.599314
804604712.353159,1.5528460000000002
804604713.9878049,1.567956
804604715.565539,1.51407
804604717.18525,1.537941
804604718.7807599,1.5278729999999998
804604720.844536,1.9999560000000003
804604722.535643,1.625029
804604724.322579,1.714537
804604726.013787,1.615532
804604727.6240511,1.538798
804604729.331933,1.644294
804604731.033946,1.6357439999999999
804604732.572674,1.4682790000000001
804604734.5921769,1.953033
804604736.540454,1.884834
804604738.2735189,1.658933
804604740.107665,1.76291
804604742.2316899,2.055135
804604743.786891,1.491839
804604745.526587,1.676388
804604747.4110999,1.817763
804604749.263293,1.781744
804604750.9765869,1.646794
804604753.326218,2.2848450000000002
804604755.410582,2.008783
804604757.219359,1.7374910000000001
804604758.799538,1.513263
804604760.512327,1.649355
804604762.25964,1.678794
804604764.212673,1.885009
804604766.184965,1.905031
804604767.845511,1.588679
804604769.524185,1.6155970000000002
804604771.45884,1.864136
804604773.138937,1.614906
804604774.654155,1.447962
804604776.398332,1.680639
804604778.2994089,1.8347769999999999
804604779.989769,1.627098
804604781.846287,1.764895
804604783.650538,1.7407430000000002
804604785.338338,1.624011
804604787.2543551,1.849646
804604789.01084,1.692431
804604790.7745019,1.695879
804604792.583088,1.745445
804604794.328317,1.678188
804604796.161796,1.769947
804604798.036862,1.807609
804604800.373994,2.273494
804604802.165831,1.725528
804604804.0636201,1.8220230000000002
804604805.79423,1.663548
804604807.9264389,2.068341
804604810.245775,2.2548109999999997
804604812.1489719,1.836807
804604814.096712,1.880749
804604816.1617709,2.0015850000000004
804604817.883164,1.6546079999999999
804604819.971657,2.0252310000000002
804604821.78306,1.720406
804604823.6859651,1.83613
804604825.443798,1.69452
804604827.17328,1.663057
804604829.0681729,1.831038
804604830.911259,1.776051
804604832.69831,1.723598
804604834.5678589,1.803084
804604836.382074,1.750125
804604838.472386,2.023521
804604840.71621,2.1793839999999998
804604842.4446801,1.661434
804604844.196474,1.688462
804604845.9592589,1.694751
804604848.04264,2.0185049999999998
804604850.009925,1.875347
804604851.909388,1.836075
804604853.986795,2.013594
804604855.89792,1.844385
804604857.707775,1.746041
804604859.583813,1.808937
804604861.5150911,1.867944
804604863.3881121,1.806146
804604865.6364269,2.184597
804604867.522383,1.8189849999999999
804604869.391405,1.805629
804604871.2443249,1.786219
804604873.4582499,2.150572
804604875.265869,1.740517
804604878.0889621,2.7593449999999997
804604880.4363681,2.281162
804604882.595766,2.092568
804604884.7292539,2.069629
804604886.487753,1.69204
804604888.173153,1.6219459999999999
804604890.258629,2.019202
804604892.260786,1.938274
804604893.986064,1.658266
804604896.143196,2.092998
804604898.053685,1.843909
804604899.988886,1.871443
804604901.7483879,1.672083
804604903.625579,1.81031
804604905.354585,1.6466740000000002
804604907.149293,1.728545
804604908.923224,1.710172
804604910.893778,1.904469
804604912.619326,1.6619300000000001
804604914.544965,1.8588630000000002
804604916.435863,1.8273199999999998
804604918.509,2.0059549999999997
804604920.2453079,1.672474
804604921.9843371,1.6719529999999998
804604924.066741,2.018049
804604926.0941861,1.959938
804604928.026431,1.8684299999999998
804604929.8078281,1.711861
804604931.756711,1.8855499999999998
804604933.973764,2.153569
804604936.148443,2.107277
804604938.0615871,1.8468600000000002
804604940.3087751,2.18359
804604942.1754309,1.798538
804604944.04968,1.8100150000000002
804604946.1718321,2.0542540000000002
804604948.1135889,1.878169
804604950.142498,1.9617129999999998
804604952.339078,2.132846
804604954.2706699,1.864702
804604956.0540481,1.7200959999999998
804604957.892373,1.770929
804604959.783933,1.827941
804604961.590163,1.7428229999999998
804604963.700713,2.044134
804604965.753758,1.988751
804604967.738886,1.9180320000000002
804604969.530478,1.728119
804604971.287003,1.6895289999999998
804604973.04888,1.697728
804604975.1062651,1.990881
804604977.1068339,1.9368040000000002
804604979.140835,1.967666
804604980.930297,1.725763
804604982.852453,1.8553199999999999
804604984.743912,1.827987
804604986.817621,2.006086
804604988.537119,1.654863
804604990.3750141,1.771139
804604992.095109,1.6566230000000002
804604994.156619,1.9943140000000001
804604995.918887,1.698515
804604997.737958,1.755398
804605000.032872,2.228313
804605002.082935,1.9821460000000002
804605003.891125,1.74379
804605005.955292,2.000063
804605007.833336,1.809955
804605010.006175,2.109192
804605011.830157,1.757142
804605013.958242,2.064537
804605015.9981171,1.972537
804605018.095145,2.005675
804605020.2253599,2.0667020000000003
804605022.0190959,1.727081
804605023.756331,1.673111
804605026.0519719,2.231747
804605028.025207,1.904947
804605030.1588999,2.065179
804605031.866972,1.643642
804605033.824145,1.893619
804605035.579256,1.687775
804605037.645538,2.002813
804605039.617584,1.905602
804605041.896456,2.2155690000000003
804605043.7329121,1.769851
804605045.8306609,2.033966
804605047.883376,1.9863799999999998
804605050.265493,2.3185749999999996
804605051.979259,1.64715
804605053.820431,1.7542090000000001
804605055.840259,1.9529180000000002
804605057.570693,1.666992
804605059.348598,1.7107240000000001
804605061.3869541,1.975199
804605063.372893,1.919815
804605065.462564,2.0252960000000004
804605067.164031,1.634576
804605068.9917971,1.764112
804605070.822665,1.763667
804605072.75957,1.8735430000000002
804605074.7221149,1.896496
804605076.463791,1.678503
804605078.2053909,1.674925
804605080.29035,2.0220279999999997
804605082.406718,2.0480289999999997
804605084.446578,1.976873
804605086.162393,1.649431
804605088.1576641,1.932014
804605089.994616,1.770583
804605091.939319,1.88124
804605093.8991381,1.870105
804605095.8893679,1.924246
804605097.748376,1.795861
804605099.48272,1.6496760000000001
804605101.310385,1.764554
804605103.098354,1.721403
804605104.9005151,1.73905
804605106.984192,2.0166910000000002
804605108.837948,1.79064
804605110.9595879,2.055476
804605112.649117,1.626222
804605114.549056,1.83361
804605116.675248,2.061911
804605118.630811,1.8881519999999998
804605120.391355,1.697633
804605122.481948,2.024063
804605124.329259,1.7833320000000001
804605126.372627,1.9769879999999997
804605129.096981,2.660234
804605131.2343119,2.0711470000000003
804605133.213306,1.914939
804605134.9237031,1.643733
804605136.9060601,1.919184
804605138.656706,1.6838359999999999
804605140.612229,1.89192
804605142.78768,2.10892
804605144.469726,1.618408
804605146.393816,1.857054
804605148.518288,2.060693
804605150.237401,1.651716
804605152.161546,1.8604319999999999
804605153.897052,1.668475
804605155.666116,1.7055609999999999
804605157.436669,1.706985
804605159.182625,1.6794710000000002
804605161.1104339,1.863324
804605163.229383,2.0522240000000003
804605165.176938,1.8846990000000001
804605167.130913,1.887675
804605168.8893019,1.695182
804605170.830677,1.87483
804605172.3524059,1.458802
804605174.21176,1.7922630000000002
804605176.174666,1.916542
804605178.24664,1.993833
804605179.9942089,1.676749
804605181.5000659,1.4094579999999999
804605183.225158,1.656042
804605184.8587071,1.563346
804605186.55002,1.617221
804605188.113075,1.493247
804605189.50687,1.319748
804605191.154742,1.581292
804605192.8394,1.621265
804605194.172729,1.261061
804605195.752989,1.50505
804605197.133393,1.31609
804605198.721606,1.521754
804605200.204193,1.418328
804605201.9013649,1.631128
804605203.398771,1.4338790000000001
804605204.840819,1.377217
804605206.732354,1.8234110000000001
804605208.15396,1.3576860000000002
804605209.448128,1.226501
804605210.773043,1.261643
804605212.1683071,1.331856
804605213.6839759,1.447887
804605215.114542,1.3664020000000001
804605216.557747,1.3714179999999998
804605218.003499,1.378625
804605219.3013109,1.233767
804605220.586724,1.2220950000000002
804605222.172526,1.5182749999999998
804605223.46674,1.230405
804605225.074037,1.543358
804605226.4367551,1.286335
804605227.996181,1.496465
804605229.5112089,1.4179819999999999
804605231.064296,1.49017
804605232.507246,1.384384
804605234.098145,1.524479
804605235.448018,1.258665
804605236.751158,1.24355
804605238.133732,1.332939
804605239.433288,1.236293
804605240.8106699,1.314391
804605242.384094,1.507294
804605243.6508629,1.202425
804605245.112116,1.39815
804605246.490505,1.3111080000000002
804605247.857944,1.2786469999999999
804605249.245881,1.338071
804605251.4517679,2.139172
804605253.421926,1.906905
804605255.169961,1.6806379999999999
804605256.933958,1.6940499999999998
804605258.528531,1.529006
804605260.1880951,1.596442
804605261.8732489,1.618509
804605263.640709,1.704509
804605265.363937,1.6603869999999998
804605267.025781,1.577232
804605268.871725,1.7832169999999998
804605270.586953,1.649952
804605272.2581351,1.6086850000000001
804605274.417804,2.094237
804605276.2392249,1.7592720000000002
804605278.201504,1.896746
804605279.979098,1.715063
804605281.69968,1.620017
804605283.8616041,2.096887
804605285.888448,1.964655
804605287.816157,1.8623859999999999
804605289.6081439,1.728931
804605291.455821,1.782054
804605293.161909,1.643011
804605294.764425,1.536643
804605296.34063,1.513073
804605297.796897,1.390182
804605299.382835,1.521653
804605300.912552,1.460626
804605302.02647,1.0461559999999999
804605303.025522,0.9218069999999999
804605304.255932,1.159084
804605305.8518881,1.523302
804605307.3272481,1.411732
804605309.0723261,1.681841
804605310.652882,1.512637
804605312.0965631,1.3808
804605313.619128,1.4656630000000002
804605315.0474141,1.364873
804605316.544289,1.433092
804605318.0472139,1.430978
804605319.7098609,1.58439
804605321.114833,1.341799
804605322.7058821,1.523713
804605324.078483,1.309319
804605325.392743,1.2515740000000002
804605326.698674,1.241406
804605327.8284899,1.06723
804605328.884213,1.006544
804605330.174908,1.216137
804605331.5640479,1.326649
804605332.801028,1.187605
804605334.1426021,1.27552
804605335.2456701,1.039971
804605336.5736979,1.26508
804605337.829858,1.190472
804605339.479479,1.586955
804605341.013947,1.4710159999999999
804605342.403999,1.324719
804605343.7873199,1.3203749999999999
804605345.3003831,1.450397
804605346.703971,1.315508
804605348.089317,1.321768
804605349.438604,1.279825
804605350.909123,1.407087
804605352.297932,1.3253460000000001
804605353.666358,1.302137
804605355.231031,1.501456
804605356.7318159,1.437256
804605358.156909,1.35894
804605359.855344,1.634962
804605361.3046081,1.385712
804605362.669301,1.298333
804605364.291328,1.558218
804605365.742216,1.38478
804605367.319083,1.51385
804605368.8391279,1.456542
804605370.189933,1.2844410000000002
804605371.834863,1.581207
804605373.273438,1.375192
804605374.8358611,1.495713
804605376.848743,1.949364
804605378.471226,1.5556969999999999
804605380.5681081,2.03346
804605382.1242111,1.489433
804605383.703083,1.5155329999999998
804605385.455203,1.688553
804605387.229249,1.707126
804605388.861755,1.568853
804605390.386811,1.458691
804605392.122844,1.672679
804605393.543822,1.3532710000000001
804605395.208619,1.601829
804605396.637902,1.36581
804605398.1367121,1.432575
804605399.478912,1.2786629999999999
804605401.1725501,1.6301359999999998
804605402.7611041,1.5217880000000001
804605404.207006,1.3820080000000001
804605405.80424,1.530489
804605407.23452,1.367259
804605408.735601,1.437988
804605410.3951,1.592128
804605411.781413,1.322941
804605413.48715,1.641843
804605414.8575109,1.303119
804605416.83028,1.9086839999999998
804605418.292579,1.3958499999999998
804605420.198387,1.841994
804605421.835043,1.551102
804605423.433695,1.5353700000000001
804605425.025096,1.527296
804605426.476084,1.384835
804605427.91736,1.3774620000000002
804605429.640903,1.659945
804605431.128412,1.420894
804605432.616402,1.424396
804605434.166111,1.483394
804605435.7128719,1.4824869999999999
804605437.758436,1.9808320000000001
804605439.713508,1.888703
804605441.64932,1.872655
804605443.451502,1.735852
804605445.3851941,1.868606
804605447.388589,1.937146
804605449.1304,1.678147
804605451.087211,1.890031
804605453.3906391,2.2399910000000003
804605455.07651,1.618503
804605457.25824,2.1180019999999997
804605459.177579,1.8531199999999999
804605461.085718,1.844455
804605463.291023,2.138639
804605465.100516,1.745941
804605466.972164,1.8052439999999998
804605468.7347981,1.698645
804605470.650484,1.849401
804605472.855077,2.1413159999999998
804605474.804471,1.883165
804605476.563261,1.695463
804605478.725286,2.095179
804605480.4712069,1.683024
804605482.421353,1.883355
804605484.342451,1.857956
804605486.028316,1.619311
804605488.184437,2.092397
804605490.109589,1.85747
804605492.046309,1.873417
804605493.9037989,1.789571
804605496.052071,2.084289
804605497.7686479,1.649842
804605499.918168,2.085757
804605502.693726,2.71174
804605504.9355019,2.173947
804605507.067721,2.06571
804605509.316347,2.185173
804605511.429929,2.045813
804605513.2972621,1.8026069999999998
804605515.201676,1.8370929999999999
804605517.332242,2.067148
804605519.228482,1.8288989999999998
804605521.376874,2.0847740000000003
804605523.346315,1.902445
804605525.1813279,1.771395
804605527.3635501,2.115461
804605529.506525,2.079628
804605531.4528121,1.879892
804605533.624684,2.1079179999999997
804605535.318052,1.626211
804605537.499005,2.1178220000000003
804605539.491319,1.925068
804605541.408152,1.853606
804605543.511485,2.0372329999999996
804605545.394063,1.819026
804605547.150493,1.68991
804605548.9692379,1.755052
804605550.917104,1.8809250000000002
804605552.841776,1.8610280000000001
804605554.7742801,1.865203
804605556.707842,1.870225
804605558.673695,1.899052
804605560.6295141,1.8909129999999998
804605562.408055,1.71156
804605564.174067,1.702955
804605566.075239,1.833875
804605568.374683,2.236498
804605570.275825,1.8339210000000001
804605572.43804,2.098121
804605574.534737,2.028969
804605576.678694,2.080584
804605578.532075,1.786605
804605580.5214419,1.924807
804605582.291012,1.701782
804605584.126627,1.7724870000000001
804605586.454467,2.260002
804605588.1897321,1.672078
804605590.014195,1.757998
804605591.979492,1.901537
804605594.0749711,2.006603
804605595.826375,1.684587
804605597.963411,2.073483
804605599.952903,1.9233740000000001
804605601.9517319,1.911781
804605604.042004,2.022625
804605606.012172,1.902701
804605607.944737,1.869027
804605609.875417,1.84028
804605611.69126,1.748737
804605613.585341,1.830868
804605615.512654,1.841032
804605617.623955,2.0471869999999996
804605619.467222,1.776311
804605621.449813,1.9184269999999999
804605623.413175,1.896882
804605625.275025,1.7983820000000001
804605628.07725,2.7358249999999997
804605630.583611,2.438829
804605633.092944,2.445926
804605635.675858,2.515187
804605637.627979,1.88751
804605639.723704,2.02904
804605641.644006,1.856754
804605643.709901,1.9989299999999999
804605645.6154029,1.8419079999999999
804605647.538741,1.856533
804605649.439211,1.836897
804605651.463004,1.9564700000000002
804605653.418211,1.891504
804605655.37377,1.889179
804605657.5436419,2.106876
804605659.283894,1.673372
804605661.21447,1.8667969999999998
804605663.186116,1.903964
804605665.016934,1.7671849999999998
804605666.970793,1.8865729999999998
804605669.291617,2.2573559999999997
804605671.0447041,1.686607
804605672.808922,1.70059
804605674.769943,1.89404
804605676.589275,1.755452
804605678.742849,2.086819
804605680.520012,1.712643
804605682.256887,1.669563
804605684.107607,1.7864849999999999
804605686.031581,1.857991
804605688.2427651,2.14737
804605690.192856,1.882733
804605691.9835399,1.727397
804605694.26596,2.1882
804605696.245228,1.912774
804605698.144165,1.83165
804605699.9445521,1.7371750000000001
804605701.767727,1.7364030000000001
804605703.6983219,1.8639999999999999
804605705.650689,1.888353
804605707.530085,1.812887
804605709.5386829,1.944854
804605711.5298189,1.924481
804605713.545061,1.952226
804605715.4857249,1.873337
804605717.436998,1.88774
804605719.603478,2.099168
804605721.845418,2.178132
804605723.772671,1.859569
804605725.655695,1.818224
804605727.613083,1.8908079999999998
804605729.610474,1.934168
804605731.768022,2.090402
804605733.551931,1.720526
804605735.432861,1.814886
804605737.628729,2.114108
804605739.640113,1.944428
804605741.606291,1.9025299999999998
804605743.772004,2.098662
804605745.9153401,2.079742
804605748.255388,2.2731130000000004
804605750.395642,2.073002
804605753.248239,2.789631
804605755.505605,2.1904310000000002
804605757.8645179,2.2944419999999996
804605760.2791611,2.347341
804605762.2396511,1.8929420000000001
804605764.2036691,1.900405
804605766.123689,1.853892
804605768.2461611,2.058769
804605770.269713,1.9554379999999998
804605772.1093819,1.775754
804605774.2341449,2.056353
804605776.584743,2.2837579999999997
804605778.720206,2.068867
804605780.507813,1.723549
804605782.373051,1.798508
804605784.489264,2.052739
804605786.4414539,1.884999
804605788.278672,1.7736049999999999
804605790.159717,1.8146959999999999
804605792.3302261,2.106735
804605794.3760439,1.96051
804605796.2809399,1.840501
804605798.2303389,1.882519
804605800.176632,1.882569
804605802.2231671,1.979885
804605804.5074811,2.221156
804605806.149249,1.562162
804605807.9957881,1.782771
804605810.063813,1.9762009999999999
804605811.870325,1.7431530000000002
804605813.8894061,1.954922
804605815.8502719,1.893915
804605817.632512,1.700189
804605819.5244731,1.801736
804605821.574251,1.986065
804605823.658188,2.015207
804605825.662099,1.940558
804605827.533517,1.80376
804605829.354131,1.7566700000000002
804605831.106126,1.6856149999999999
804605832.8488281,1.6784180000000002
804605834.9245011,2.009033
804605836.801733,1.813332
804605838.559325,1.691128
804605840.5279989,1.903929
804605842.6220399,2.027566
804605844.620137,1.934845
804605846.557593,1.870184
804605848.545011,1.923965
804605850.502129,1.889264
804605852.554122,1.988686
804605854.487203,1.86603
804605856.663034,2.112328
804605858.774686,2.045393
804605860.3411441,1.502834
804605862.2822939,1.8746399999999999
804605864.469296,2.123756
804605866.4073939,1.871297
804605868.258764,1.788043
804605870.111223,1.785878
804605871.87518,1.7007299999999999
804605873.829752,1.890718
804605875.3349069,1.439016
804605878.4313121,3.032611
804605880.651747,2.153088
804605882.925481,2.20725
804605885.316699,2.326934
804605887.323637,1.940404
804605889.233674,1.8471760000000002
804605890.942548,1.6420379999999999
804605892.99401,1.987989
804605894.528995,1.467687
804605896.432132,1.8393929999999998
804605898.634259,2.134956
804605900.50069,1.802848
804605902.5510089,1.983865
804605904.3230649,1.708413
804605906.0664849,1.676819
804605907.8927419,1.7630000000000001
804605909.744905,1.788815
804605911.534953,1.7235930000000002
804605913.325627,1.727352
804605915.222168,1.829696
804605916.865289,1.58026
804605919.0961641,2.163764
804605920.8461239,1.686588
804605923.00473,2.092502
804605925.150326,2.0818019999999997
804605927.0234929,1.8057990000000002
804605929.207909,2.121174
804605931.028508,1.75444
804605933.198401,2.1064640000000003
804605934.972872,1.7081920000000002
804605936.8997589,1.8630280000000001
804605938.664548,1.6984000000000001
804605940.966052,2.236959
804605943.04994,2.016456
804605944.9521149,1.838817
804605946.8591449,1.840746
804605948.76387,1.841739
804605950.4440069,1.6137029999999999
804605952.19732,1.689278
804605954.204944,1.941496
804605956.17434,1.905297
804605958.136323,1.894266
804605960.4053919,2.205425
804605962.161902,1.690205
804605964.076339,1.8501130000000001
804605966.003201,1.859671
804605967.891148,1.8245939999999998
804605969.9349871,1.9802449999999998
804605971.815906,1.812611
804605973.8830401,2.003615
804605976.145919,2.196805
804605977.930529,1.717479
804605979.7929151,1.798322
804605981.7557261,1.897844
804605983.7051151,1.882117
804605985.946905,2.178293
804605987.755632,1.742363
804605989.497829,1.678578
804605991.262568,1.698329
804605993.4340839,2.108114
804605995.3785219,1.878404
804605997.313938,1.872144
804605999.441437,2.059997
804606002.089387,2.584107
804606004.628991,2.473068
804606007.2259431,2.530582
804606009.8244929,2.535519
804606012.143323,2.251659
804606014.091655,1.8810149999999999
804606016.178459,2.004728
804606017.9121,1.667057
804606019.9043039,1.927724
804606021.8497989,1.8811399999999998
804606023.840194,1.92388
804606026.0425831,1.74169
804606027.996968,1.891058
804606030.072381,1.9865709999999999
804606031.810022,1.6743940000000002
804606033.697161,1.8231709999999999
804606035.531031,1.7677960000000001
804606037.4301881,1.834502
804606039.496605,1.9993649999999998
804606041.531964,1.971747
804606043.4172289,1.818875
804606045.274012,1.7936370000000001
804606047.159358,1.819061
804606049.060555,1.837553
804606050.804736,1.676133
804606052.7940179,1.926526
804606054.631501,1.7711540000000001
804606056.698189,2.0024420000000003
804606058.1803049,1.413777
804606060.068842,1.8250849999999998
804606062.09741,1.9622989999999998
804606064.035689,1.874134
804606065.851246,1.748281
804606067.8667641,1.951108
804606069.523071,1.592198
804606071.4505539,1.861204
804606073.3038701,1.789587
804606075.5519149,2.18197
804606077.633121,2.018174
804606079.379432,1.679285
804606081.516698,2.0733129999999997
804606082.9821659,1.399288
804606084.8990691,1.853616
804606086.940071,1.9740769999999999
804606088.901734,1.897213
804606090.840964,1.873207
804606092.7936759,1.889595
804606094.5303351,1.6701489999999999
804606096.285507,1.691278
804606098.262856,1.909757
804606100.259626,1.933528
804606102.0771581,1.750812
804606104.206737,2.066296
804606106.00548,1.731953
804606107.744344,1.675321
804606109.5558721,1.748296
804606111.300359,1.678609
804606113.0144451,1.649792
804606114.563672,1.4827169999999998
804606116.2379459,1.61052
804606117.92777,1.622713
804606119.2831811,1.291467
804606120.795944,1.448979
804606122.0473679,1.1850100000000001
804606123.437215,1.326203
804606124.781951,1.2812590000000001
804606126.303965,1.455961
804606128.349483,1.982135
804606130.3338931,1.918267
804606131.969377,1.571885
804606133.8785319,1.8212359999999999
804606135.894656,1.948482
804606137.829802,1.8716080000000002
804606139.752329,1.856147
804606141.3020419,1.4860749999999998
804606143.0251939,1.656823
804606144.909136,1.819687
804606146.5141541,1.538167
804606148.613708,2.0357510000000003
804606150.52142,1.840982
804606152.429192,1.844781
804606154.4562069,1.959377
804606156.323495,1.8031679999999999
804606158.307469,1.91757
804606160.218785,1.847717
804606162.3779069,2.092548
804606164.510072,2.068045
804606166.4052399,1.8288689999999999
804606168.1191909,1.650223
804606170.4356799,2.248275
804606172.234985,1.7355960000000001
804606174.161821,1.860182
804606175.9850509,1.759161
804606177.750963,1.6786940000000001
804606179.524352,1.7072100000000001
804606181.334242,1.746236
804606182.9676751,1.5667179999999998
804606184.5600679,1.529056
804606185.9666979,1.339499
804606187.177753,1.147181
804606188.241871,1.0006950000000001
804606189.168975,0.8605280000000001
804606190.197174,0.964461
