804585185.903662,1.153922
804585187.204937,1.1920410000000001
804585188.4108651,1.1388719999999999
804585189.6866931,1.206268
804585191.048311,1.304878
804585192.38546,1.2768460000000001
804585193.704602,1.2419969999999998
804585194.9727651,1.2049210000000001
804585196.481016,1.4450209999999999
804585197.821934,1.276451
804585199.100321,1.2152370000000001
804585200.431215,1.274359
804585201.6883769,1.1910779999999999
804585202.856457,1.105569
804585204.176571,1.257092
804585205.557291,1.314195
804585206.817515,1.196877
804585208.1671879,1.282781
804585209.4042779,1.170801
804585210.672707,1.205476
804585211.846279,1.110476
804585213.478234,1.568452
804585214.8124659,1.267341
804585216.122151,1.2462490000000002
804585217.369071,1.187168
804585218.720147,1.2941230000000001
804585220.134619,1.357796
804585221.471647,1.2767639999999998
804585222.6663591,1.13183
804585224.048036,1.318811
804585225.366371,1.25195
804585226.811155,1.35047
804585228.129625,1.255193
804585229.631537,1.406846
804585230.962155,1.266799
804585232.245368,1.220126
804585233.533167,1.2215749999999999
804585234.56443,0.967976
804585235.859429,1.237838
804585237.136826,1.2178740000000001
804585238.3870701,1.190391
804585239.871817,1.421846
804585241.306706,1.3717869999999999
804585242.553293,1.187024
804585243.758828,1.148715
804585245.4367601,1.615151
804585246.956393,1.453968
804585248.8822919,1.868851
804585250.583814,1.635162
804585252.393413,1.745815
804585254.053393,1.594292
804585255.5851951,1.46865
804585257.203804,1.555973
804585258.9815531,1.7120060000000001
804585260.484402,1.439898
804585262.2637861,1.713255
804585264.128669,1.8021459999999998
804585265.807984,1.61269
804585267.6648221,1.792784
804585269.873335,2.146087
804585271.850549,1.91147
804585273.5136911,1.599885
804585275.148207,1.5717750000000001
804585276.912861,1.701562
804585278.877556,1.898595
804585280.523618,1.5791469999999999
804585282.101327,1.512086
804585283.703483,1.5390130000000002
804585285.6452539,1.8777679999999999
804585287.396026,1.683796
804585289.2922671,1.832628
804585290.904418,1.546296
804585292.493169,1.5318669999999999
804585294.332797,1.779724
804585295.934042,1.5447849999999999
804585297.9161019,1.9193140000000002
804585300.105996,2.123409
804585301.846961,1.674566
804585303.529598,1.624683
804585305.389088,1.795836
804585307.194371,1.7394
804585309.054613,1.796708
804585310.758495,1.637974
804585312.692824,1.871794
804585314.537454,1.778917
804585316.417322,1.817122
804585318.291581,1.8076990000000002
804585320.203563,1.8492359999999999
804585321.8663751,1.596748
804585323.822394,1.893118
804585325.739363,1.8537919999999999
804585327.311168,1.50509
804585329.120942,1.7461060000000002
804585330.5898321,1.402571
804585332.039272,1.386403
804585333.798192,1.691318
804585335.228057,1.3668179999999999
804585336.727674,1.437116
804585338.872909,2.0790159999999998
804585340.781749,1.8456679999999999
804585342.936486,2.088954
804585344.816369,1.817066
804585346.674631,1.792283
804585348.212196,1.455007
804585350.059181,1.7809970000000002
804585351.6194941,1.497276
804585353.449856,1.767215
804585355.289214,1.7731240000000001
804585356.981585,1.629634
804585358.949983,1.902199
804585360.6314781,1.6185690000000001
804585362.284327,1.583989
804585364.1918839,1.844711
804585366.1477989,1.889625
804585368.071959,1.8611840000000002
804585369.835084,1.6967709999999998
804585371.556918,1.659103
804585373.105524,1.4858449999999999
804585374.6945239,1.521969
804585376.4236499,1.666555
804585378.558,2.0679000000000003
804585380.542721,1.921299
804585382.479677,1.870937
804585384.137016,1.594478
804585385.6492779,1.445475
804585387.533615,1.821742
804585389.421541,1.8251249999999999
804585390.923538,1.435633
804585392.892343,1.905346
804585394.6015819,1.634701
804585396.5253819,1.8608330000000002
804585397.98911,1.396652
804585400.058449,2.005996
804585402.00855,1.882183
804585403.676664,1.605223
804585405.2898101,1.549814
804585406.859205,1.5033349999999999
804585408.5578799,1.6359350000000001
804585410.1792799,1.555046
804585411.8251879,1.583286
804585413.700645,1.812821
804585415.5909309,1.823762
804585417.504131,1.8492300000000002
804585419.5194429,1.9494340000000001
804585421.1356269,1.552595
804585423.0734789,1.871372
804585424.952709,1.816329
804585426.8896301,1.870842
804585428.626194,1.673803
804585430.487723,1.795561
804585432.159225,1.6086710000000002
804585434.155288,1.929518
804585436.071605,1.8529550000000001
804585438.1658609,2.0273499999999998
804585439.7957059,1.566783
804585441.714745,1.8565630000000002
804585443.3547131,1.5739599999999998
804585445.54162,2.123955
804585447.439605,1.832222
804585449.089863,1.587056
804585451.041517,1.8850740000000001
804585453.190145,2.084784
804585455.075545,1.818765
804585456.953674,1.815246
804585459.068012,2.048209
804585460.951502,1.820228
804585462.8231051,1.805459
804585464.488363,1.602516
804585466.440403,1.886087
804585468.367696,1.864606
804585470.010571,1.576185
804585471.723866,1.650323
804585473.512576,1.725959
804585475.064675,1.486286
804585476.822137,1.6946960000000002
804585478.6943171,1.80598
804585480.607406,1.850439
804585482.6933529,2.019312
804585484.8820599,2.1257289999999998
804585486.711384,1.763281
804585488.390895,1.616849
804585490.2582381,1.8011380000000001
804585492.1743691,1.8529740000000001
804585494.243708,2.002432
804585496.138931,1.832206
804585498.271266,2.065455
804585499.908108,1.57346
804585501.589914,1.618263
804585503.664499,2.008446
804585506.054705,2.3266229999999997
804585508.3144821,2.1929309999999997
804585510.5462431,2.168354
804585512.745113,2.135929
804585515.2260749,2.413751
804585517.669404,2.380573
804585519.580349,1.845096
804585521.447015,1.803555
804585523.269253,1.756189
804585525.345173,2.012651
804585527.256568,1.845532
804585528.873563,1.554174
804585530.674762,1.73526
804585532.508507,1.770869
804585534.201629,1.6265470000000002
804585536.2588191,1.9944490000000001
804585538.015515,1.670871
804585539.760854,1.682212
804585541.4077029,1.5833920000000001
804585543.5852181,2.1117969999999997
804585545.500774,1.852494
804585547.1074959,1.540296
804585549.1533949,1.983298
804585550.883122,1.66224
804585552.8407,1.894266
804585554.787924,1.88097
804585556.702743,1.851151
804585558.548972,1.7801749999999998
804585560.481351,1.869137
804585562.3694221,1.8218670000000001
804585564.343694,1.9110749999999999
804585566.362285,1.953172
804585568.301951,1.87688
804585569.957501,1.58894
804585571.946403,1.9260760000000001
804585573.7661899,1.725959
804585575.7486609,1.916252
804585577.63353,1.821537
804585579.5678539,1.8687420000000001
804585581.284621,1.654016
804585583.0426949,1.692932
804585584.72622,1.620554
804585586.6380309,1.8457569999999999
804585588.581697,1.8804130000000001
804585590.736565,2.088739
804585592.497907,1.6984750000000002
804585594.524987,1.960631
804585596.713372,2.124662
804585598.55251,1.7728380000000001
804585600.269924,1.654447
804585602.0055549,1.669438
804585603.9287729,1.859315
804585605.813897,1.822373
804585607.426126,1.545654
804585609.264853,1.776071
804585611.010157,1.6771
804585612.759801,1.6867670000000001
804585614.6954429,1.8681699999999999
804585616.575336,1.81637
804585618.475034,1.833249
804585620.674856,2.137718
804585622.46305,1.72224
804585624.2531329,1.7274720000000001
804585626.170478,1.85097
804585628.256054,2.02295
804585629.836674,1.513184
804585631.52065,1.62107
804585633.2842821,1.6996520000000002
804585634.851726,1.4923
804585636.5913321,1.67691
804585638.4232379,1.7657669999999999
804585639.9467361,1.460435
804585641.810155,1.775394
804585643.613569,1.736253
804585645.182803,1.5064469999999999
804585647.0471591,1.7985119999999999
804585648.750765,1.64073
804585650.570904,1.7541799999999999
804585652.382261,1.74373
804585654.20042,1.752159
804585656.122129,1.8588980000000002
804585658.035429,1.847076
804585659.902251,1.804276
804585661.825946,1.860844
804585663.716654,1.824984
804585665.6624091,1.881601
804585667.416012,1.687329
804585669.387658,1.90896
804585671.189619,1.735682
804585673.248042,1.9956969999999998
804585674.932158,1.615682
804585676.8120409,1.81683
804585678.965399,2.087069
804585680.929979,1.901413
804585682.891757,1.894978
804585684.642393,1.687474
804585686.762786,2.054044
804585688.667396,1.8415739999999998
804585690.9238,2.190205
804585692.881699,1.895083
804585694.673175,1.725177
804585696.777956,2.04184
804585698.4805,1.636967
804585700.360367,1.817261
804585702.551835,2.100245
804585704.481754,1.867348
804585706.596383,2.048294
804585708.3749391,1.715179
804585710.453274,2.012041
804585712.251732,1.735632
804585714.121034,1.802697
804585716.092099,1.908043
804585718.16246,2.004071
804585720.108962,1.883341
804585721.971789,1.796548
804585723.688507,1.65378
804585725.4260119,1.674634
804585727.094502,1.602461
804585729.2306759,2.073017
804585730.7403519,1.424267
804585732.816391,2.013063
804585734.391293,1.507294
804585736.552701,2.098436
804585738.662714,2.0440039999999997
804585740.684171,1.9583399999999997
804585742.610306,1.8596350000000001
804585744.4361221,1.76285
804585746.515509,2.012907
804585748.4794121,1.901137
804585750.484781,1.939466
804585752.4783031,1.9303700000000001
804585754.3263869,1.782044
804585756.1740041,1.784681
804585758.157853,1.91777
804585760.092819,1.87241
804585762.019139,1.8585019999999999
804585764.173631,2.091616
804585766.156347,1.917144
804585768.28993,2.0708670000000002
804585770.2482901,1.892622
804585772.147934,1.837172
804585774.335959,2.120879
804585776.671477,2.272021
804585778.629647,1.8924670000000001
804585780.457012,1.764549
804585782.308934,1.785157
804585784.408833,2.037369
804585786.310521,1.835459
804585788.232447,1.8593590000000002
804585790.052304,1.753483
804585791.756682,1.641537
804585793.614989,1.7956910000000001
804585795.483064,1.801971
804585797.281822,1.735501
804585799.399017,2.0509959999999996
804585801.1659459,1.7041529999999998
804585802.9377731,1.7054209999999999
804585804.7601709,1.7595720000000001
804585806.621024,1.795035
804585808.558495,1.87485
804585810.234287,1.609016
804585812.132888,1.835704
804585813.96089,1.761446
804585816.188822,2.1645950000000003
804585818.332564,2.077884
804585820.503559,2.107828
804585822.785713,2.216281
804585824.451633,1.602997
804585826.3463991,1.8283019999999999
804585828.243016,1.8336489999999999
804585830.104264,1.7941770000000001
804585832.226501,2.0589340000000003
804585834.1086581,1.815582
804585836.095249,1.923219
804585838.138311,1.963958
804585839.892601,1.691529
804585841.620179,1.6638300000000001
804585843.5460941,1.859897
804585845.713321,2.10444
804585847.407982,1.628111
804585849.381522,1.910113
804585851.326145,1.878109
804585853.100601,1.711916
804585854.945257,1.778621
804585856.6974471,1.688812
804585858.622449,1.858658
804585860.424395,1.7387380000000001
804585862.546476,2.055411
804585864.4937251,1.884097
804585866.309418,1.7495779999999999
804585868.102352,1.730575
804585869.897783,1.7273880000000001
804585871.838712,1.8782079999999999
804585873.810313,1.9088399999999999
804585875.5654811,1.6888070000000002
804585878.401379,2.772757
804585880.915544,2.447965
804585883.2552559,2.276601
804585885.802974,2.4842839999999997
804585888.339705,2.470908
804585890.143726,1.7406380000000001
804585891.956041,1.749735
804585893.920164,1.8755270000000002
804585895.585296,1.598327
804585897.5101731,1.862026
804585899.225728,1.649205
804585900.662218,1.374084
804585902.242477,1.455845
804585904.2257999,1.920467
804585906.145711,1.854062
804585907.889827,1.680853
804585909.75937,1.806336
804585911.34403,1.5179740000000002
804585913.061549,1.654378
804585914.750978,1.623331
804585916.6241851,1.8099450000000001
804585918.186162,1.496149
804585920.0893229,1.839157
804585921.7960019,1.639783
804585923.9043311,2.045252
804585925.739299,1.772081
804585927.775525,1.951649
804585929.710406,1.872165
804585931.601434,1.824864
804585933.4523851,1.788029
804585935.324389,1.805428
804585937.026291,1.63861
804585938.88113,1.78884
804585940.815003,1.871322
804585942.621023,1.740703
804585944.3498939,1.666521
804585946.236407,1.820689
804585948.1397941,1.840445
804585949.884531,1.678092
804585951.766854,1.819372
804585953.759729,1.929463
804585955.707139,1.880919
804585957.661955,1.892231
804585959.4283229,1.7002140000000001
804585961.5690881,2.077884
804585963.551324,1.9157410000000001
804585965.308466,1.6932880000000001
804585967.201223,1.826588
804585969.09616,1.83201
804585970.8321179,1.670389
804585972.658505,1.763356
804585974.393039,1.6685599999999998
804585976.142979,1.686707
804585978.1607519,1.951138
804585979.849649,1.62582
804585981.482827,1.569996
804585983.193094,1.6445640000000001
804585985.012416,1.7562389999999999
804585986.7486581,1.670023
804585988.5044669,1.692876
804585990.388314,1.818264
804585992.25465,1.8034489999999999
804585993.995608,1.674228
804585995.713684,1.6550040000000001
804585997.617707,1.841087
804585999.3826671,1.6988159999999999
804586001.18792,1.742166
804586003.2870281,2.032558
804586005.193397,1.8432570000000001
804586006.890528,1.631143
804586008.798952,1.845287
804586010.781699,1.916593
804586012.739838,1.894862
804586014.5778581,1.770924
804586016.489781,1.849176
804586018.20756,1.650924
804586020.2858,2.0155529999999997
804586022.3406789,1.9889360000000003
804586024.111217,1.70701
804586026.509571,2.3320250000000002
804586028.3536249,1.780716
804586030.4831331,2.062973
804586032.48729,1.9408290000000001
804586034.5391179,1.985353
804586036.524421,1.9229029999999998
804586038.5494059,1.958455
804586040.499101,1.8866079999999998
804586042.562897,1.997656
804586044.534227,1.908328
804586046.46823,1.8682
804586048.5939701,2.062733
804586050.338647,1.6787189999999999
804586052.5789881,2.1775
804586054.721868,2.077001
804586056.488958,1.703997
804586058.483893,1.928972
804586060.393745,1.846836
804586062.0701231,1.609939
804586063.843533,1.710804
804586065.716023,1.809649
804586067.49061,1.7091090000000002
804586069.514618,1.9609459999999999
804586071.520313,1.939516
804586073.388137,1.805003
804586075.3289059,1.874394
804586077.298167,1.906088
804586079.1592801,1.795371
804586081.1628261,1.940273
804586083.185446,1.955338
804586085.0687059,1.819723
804586086.6134981,1.477927
804586088.500226,1.824147
804586090.392207,1.8254899999999998
804586092.4120951,1.957253
804586094.202584,1.723368
804586095.9151311,1.649897
804586098.118732,2.140654
804586099.9924951,1.8081399999999999
804586101.787976,1.706308
804586103.470012,1.61919
804586105.2937039,1.760775
804586107.203686,1.844505
804586109.187851,1.920878
804586111.2390931,1.985383
804586113.0011209,1.698946
804586114.9141511,1.8471099999999998
804586116.635093,1.657876
804586118.781115,2.0798769999999998
804586120.7211471,1.877286
804586122.4254199,1.596878
804586124.50181,2.0132879999999997
804586127.266187,2.697607
804586129.353181,2.023943
804586131.485697,2.064928
804586133.2136,1.664496
804586135.427555,2.147846
804586137.647905,2.156983
804586139.447656,1.7340630000000001
804586141.1961781,1.685755
804586142.928857,1.6670120000000002
804586144.805442,1.813217
804586146.6887369,1.817583
804586148.136332,1.384474
804586150.054774,1.851065
804586152.034153,1.916743
804586153.775368,1.673241
804586155.742503,1.9044999999999999
804586157.922945,2.118202
804586160.174022,2.184106
804586161.921637,1.684739
804586163.6648159,1.680113
804586165.7124239,1.984717
804586167.698509,1.919986
804586169.886403,2.125369
804586172.14424,2.1919090000000003
804586174.055791,1.8491149999999998
804586175.7838701,1.665598
804586177.468072,1.620778
804586178.919997,1.3846939999999999
804586180.717392,1.7344330000000001
804586182.4926759,1.708874
804586184.456098,1.900541
804586186.57665,2.054027
804586188.3327041,1.693438
804586190.599888,2.200243
804586192.816875,2.15409
804586194.778668,1.896185
804586196.890852,2.049201
804586198.61254,1.655179
804586200.406016,1.730244
804586202.1403049,1.6678890000000002
804586203.845155,1.641763
804586205.851677,1.943375
804586207.552618,1.635053
804586209.295391,1.6797559999999998
804586210.990463,1.628471
804586212.8070171,1.7534779999999999
804586214.687706,1.814675
804586216.869682,2.118979
804586218.6179731,1.682012
804586220.581364,1.900059
804586222.496499,1.848585
804586224.4946359,1.9354310000000001
804586226.292859,1.731703
804586228.4306669,2.074566
804586230.518514,2.021737
804586232.504047,1.922437
804586234.417798,1.847377
804586236.3539959,1.872956
804586238.346716,1.926641
804586240.130404,1.720702
804586241.934811,1.738403
804586243.640432,1.642625
804586245.346259,1.642464
804586247.3688691,1.9569269999999999
804586249.670634,2.238658
804586251.417246,1.681049
804586253.842107,2.362346
804586256.0885379,2.179626
804586258.654658,2.499019
804586261.134287,2.416391
804586262.850247,1.648884
804586264.79249,1.8793410000000002
804586266.8752991,2.017277
804586268.639056,1.700906
804586270.358109,1.6535149999999998
804586272.171131,1.7494290000000001
804586274.244369,2.007529
804586276.570034,2.2623130000000002
804586278.279254,1.6434259999999998
804586280.260988,1.918693
804586281.9056981,1.578084
804586283.808699,1.839939
804586285.663422,1.791872
804586287.5472139,1.8177670000000001
804586289.758918,2.149089
804586291.7087541,1.882859
804586293.544703,1.7731890000000001
804586295.208458,1.59728
804586297.1217179,1.850429
804586299.151229,1.962806
804586300.8954251,1.658166
804586302.8981429,1.9370699999999998
804586304.570487,1.609713
804586306.2723451,1.6356039999999998
804586308.129314,1.7936670000000001
804586310.1270651,1.931442
804586311.901908,1.711581
804586314.011405,2.04637
804586316.027094,1.949179
804586318.0250909,1.9305100000000002
804586319.988263,1.8769049999999998
804586322.024163,1.950542
804586323.879087,1.788895
804586325.9690989,2.026714
804586327.894236,1.859284
804586329.791088,1.834161
804586331.7894961,1.932264
804586333.592544,1.740262
804586335.675449,2.01652
804586337.4282709,1.690321
804586339.724333,2.230018
804586341.533676,1.7456749999999999
804586343.625171,2.025061
804586345.68611,1.998012
804586347.95402,2.202047
804586349.74899,1.7068750000000001
804586351.633357,1.817567
804586353.710454,2.01388
804586355.593208,1.816701
804586357.6787189,2.022269
804586359.788596,2.043643
804586361.744235,1.892687
804586363.6335,1.8232059999999999
804586365.371938,1.675667
804586367.124955,1.686763
804586368.938803,1.75006
804586370.593616,1.588529
804586372.209629,1.552921
804586374.066683,1.790659
804586376.137395,2.007821
804586378.481523,2.278365
804586380.3580971,1.813056
804586382.446064,2.022113
804586384.2987981,1.7895420000000002
804586386.142918,1.777233
804586388.225026,2.018957
804586390.269948,1.9781659999999999
804586392.118121,1.785408
804586393.977576,1.79316
804586396.1235319,2.081948
804586398.181955,1.991607
804586399.9978529,1.752551
804586402.047195,1.959087
804586403.819031,1.709075
804586405.614953,1.7325789999999999
804586407.479163,1.7982770000000001
804586409.39316,1.851236
804586411.5154619,2.0565890000000002
804586413.3276119,1.749204
804586415.705158,2.3117379999999996
804586417.6905711,1.922091
804586419.809234,2.052599
804586421.9241179,2.051466
804586423.744211,1.7538230000000001
804586425.864468,2.0573900000000003
804586427.752495,1.822087
804586429.928506,2.1123079999999996
804586431.783836,1.792103
804586433.501005,1.654247
804586435.592931,2.025827
804586437.704423,2.0483900000000004
804586439.517325,1.7467920000000001
804586441.331724,1.751147
804586443.090444,1.692095
804586445.021536,1.8677240000000002
804586446.909823,1.822157
804586448.6786159,1.7053159999999998
804586450.882723,2.137502
804586452.6294099,1.684061
804586454.530442,1.8351890000000002
804586456.694491,2.10028
804586458.484514,1.723924
804586460.3306371,1.783057
804586462.329466,1.932314
804586464.4857371,2.093249
804586466.474945,1.922276
804586468.240305,1.7026299999999999
804586470.090659,1.7838990000000001
804586471.900934,1.747509
804586474.274411,2.31067
804586476.108135,1.7654809999999999
804586478.206296,2.0323670000000003
804586480.164089,1.8953030000000002
804586482.186699,1.9563110000000001
804586484.3074219,2.0571550000000003
804586486.52476,2.150638
804586488.4584571,1.870811
804586490.3963,1.871759
804586492.3156639,1.856784
804586494.100751,1.718717
804586496.037801,1.8738629999999998
804586498.2694119,2.164956
804586500.5745751,2.24173
804586502.6162939,1.974693
804586505.2861359,2.606769
804586507.733404,2.3810849999999997
804586510.332436,2.535379
804586512.606066,2.206864
804586514.7250351,2.05314
804586516.66447,1.876479
804586518.4190409,1.6883169999999998
804586520.552714,2.070767
804586522.819076,2.182111
804586525.001989,2.119881
804586526.9631801,1.8944809999999999
804586528.95165,1.925218
804586531.092976,2.074916
804586533.067795,1.911886
804586535.174034,2.0399599999999998
804586537.123133,1.886227
804586538.874556,1.684708
804586540.7167159,1.779234
804586542.771114,1.9881389999999999
804586544.730692,1.896581
804586546.866124,2.0690679999999997
804586548.830624,1.901086
804586550.641841,1.744467
804586552.740563,2.035379
804586554.5114859,1.7047189999999999
804586556.558377,1.9834980000000002
804586558.46858,1.843543
804586560.5204179,1.989036
804586562.432781,1.845232
804586564.439273,1.943651
804586566.311077,1.805229
804586568.3309851,1.956696
804586570.298877,1.901588
804586572.482301,2.1205629999999998
804586574.510123,1.9618330000000002
804586576.486284,1.912639
804586578.486933,1.934519
804586580.283355,1.733581
804586582.337128,1.986676
804586584.2516149,1.850403
804586586.397292,2.079713
804586588.1419201,1.680834
804586589.859323,1.650257
804586591.8402259,1.917926
804586593.676436,1.773314
804586595.676263,1.934089
804586597.618565,1.880253
804586599.557961,1.8722089999999998
804586601.616675,1.995893
804586603.623543,1.940223
804586605.439561,1.753017
804586607.188785,1.6829690000000002
804586609.345502,2.092954
804586611.12474,1.712939
804586613.246585,2.058964
804586615.016988,1.704408
804586616.820467,1.739836
804586618.606596,1.7203410000000001
804586620.4076289,1.7383069999999998
804586622.178859,1.7047290000000002
804586624.4821221,2.239905
804586626.238927,1.691042
804586628.9297429,2.627694
804586630.90161,1.904941
804586633.131758,2.167603
804586634.969833,1.772297
804586636.91862,1.8859160000000001
804586638.644173,1.658652
804586640.759804,2.052609
804586642.788328,1.961192
804586644.537581,1.686162
804586646.361307,1.757522
804586648.347477,1.923369
804586650.503387,2.089315
804586652.638518,2.0721950000000002
804586654.453174,1.7482559999999998
804586656.446972,1.931102
804586658.220391,1.70706
804586660.1847149,1.901553
804586661.921534,1.671086
804586664.0983931,2.114333
804586665.8555241,1.6902359999999998
804586667.91509,1.99674
804586670.0153149,2.036632
804586671.978301,1.896336
804586673.9470199,1.882037
804586675.876132,1.8627330000000002
804586677.651215,1.711731
804586679.5470049,1.82932
804586681.798332,2.187483
804586683.60976,1.744963
804586685.644458,1.9711400000000001
804586687.6133369,1.903287
804586689.3177209,1.641147
804586691.0725119,1.688661
804586692.795053,1.6594389999999999
804586694.911716,2.0499479999999997
804586696.9930819,2.018174
804586698.806555,1.747334
804586700.662271,1.792444
804586702.9668729,2.238457
804586704.6766241,1.6461679999999999
804586706.653171,1.9106640000000001
804586708.394291,1.6779169999999999
804586710.72588,2.265831
804586712.632038,1.8426960000000001
804586714.443686,1.745279
804586716.350391,1.843658
804586718.491992,2.075923
804586720.516441,1.960991
804586722.32162,1.7380769999999999
804586724.262348,1.859469
804586726.130068,1.800974
804586727.975841,1.782807
804586729.926458,1.85538
804586731.9317471,1.939135
804586733.9171749,1.922276
804586735.871927,1.8891229999999999
804586738.051326,2.116844
804586739.945396,1.827545
804586741.995625,1.964314
804586744.17719,2.1151
804586746.157245,1.9142919999999999
804586747.853209,1.6332980000000001
804586749.54741,1.631173
804586752.2719489,2.657589
804586754.691814,2.353104
804586756.920869,2.165949
804586758.496874,1.509595
804586760.472093,1.911747
804586761.871481,1.3324980000000002
804586763.409748,1.4749349999999999
804586765.05125,1.578125
804586766.686688,1.5681720000000001
804586768.2049481,1.4552530000000001
804586769.685897,1.413952
804586771.686851,1.937898
804586773.252176,1.502629
804586775.206482,1.88749
804586776.98165,1.711841
804586778.887674,1.839633
804586780.76743,1.816093
804586782.680345,1.847266
804586784.430399,1.686647
804586786.712919,2.216762
804586788.9333789,2.157794
804586790.678628,1.678343
804586792.415051,1.673446
804586794.535408,2.052765
804586796.5716349,1.9734700000000003
804586798.381684,1.74354
804586800.140154,1.695092
804586802.0372419,1.830387
804586803.787472,1.6875799999999999
804586805.797924,1.947058
804586807.710026,1.845848
804586809.743591,1.9707489999999999
804586811.726834,1.9170129999999999
804586813.480758,1.691358
804586815.338859,1.791792
804586817.1197209,1.71755
804586819.060841,1.87493
804586820.877385,1.753483
804586822.980793,2.036813
804586825.098689,2.0548189999999997
804586827.3824879,2.217924
804586829.165319,1.7198849999999999
804586831.176838,1.94537
804586833.180814,1.939822
804586835.341234,2.094336
804586837.308059,1.903963
804586839.049113,1.6741130000000002
804586840.818177,1.706388
804586842.555021,1.671041
804586844.577716,1.959813
804586846.517202,1.8731069999999999
804586848.663921,2.083777
804586850.489056,1.758435
804586852.6289389,2.076546
804586854.879003,2.1841209999999998
804586856.684933,1.742954
804586858.4272499,1.676218
804586860.160395,1.670169
804586862.0734149,1.846816
804586863.791801,1.65571
804586865.898386,2.042716
804586867.677534,1.712623
804586869.5397949,1.798889
804586871.315454,1.70955
804586873.130586,1.751709
804586874.941282,1.744267
804586877.417248,2.412648
804586879.465482,1.9818650000000002
804586881.439734,1.910183
804586883.2568849,1.750686
804586885.336277,2.015854
804586887.332224,1.929488
804586889.2792081,1.8832149999999999
804586891.0425689,1.697032
804586892.780456,1.6751509999999998
804586894.730306,1.8831200000000001
804586896.757902,1.964118
804586898.699338,1.875051
804586900.637085,1.874099
804586902.890542,2.187003
804586904.5738809,1.620057
804586906.384217,1.7442410000000002
804586907.991975,1.5446870000000001
804586910.153754,2.0243040000000003
804586912.520536,2.303424
804586914.295995,1.7081279999999999
804586915.9523771,1.593776
804586917.88206,1.8421500000000002
804586919.699983,1.73314
804586921.331431,1.569123
804586923.2861229,1.8885830000000001
804586925.045159,1.6961789999999999
804586926.983963,1.87235
804586929.2640519,2.217283
804586931.50274,2.172494
804586933.236141,1.670555
804586935.1914899,1.88954
804586936.99107,1.736584
804586939.252471,2.194103
804586941.514859,2.198208
804586943.452134,1.871046
804586945.735215,2.219979
804586947.48529,1.684367
804586949.742652,2.194379
804586951.7113049,1.902795
804586953.7152461,1.940588
804586955.8658689,2.0839980000000002
804586957.559618,1.630657
804586959.5854851,1.9595879999999999
804586961.319563,1.670736
804586963.420611,2.03368
804586965.5163561,2.031966
804586967.743441,2.160711
804586969.644784,1.837909
804586971.553277,1.8422589999999999
804586973.49365,1.8775009999999999
804586975.153164,1.593235
804586976.983085,1.766503
804586978.8915989,1.8420489999999998
804586980.703588,1.748927
804586982.793625,2.023362
804586984.608481,1.751733
804586986.308164,1.633028
804586988.208664,1.8371380000000002
804586990.052518,1.776371
804586991.9125841,1.7972400000000002
804586993.749611,1.7739310000000001
804586995.480446,1.66438
804586997.205678,1.661869
804586999.391097,2.118994
804587001.362352,1.907702
804587003.350191,1.9218499999999998
804587005.4679871,2.054725
804587007.454357,1.920221
804587009.416401,1.898701
804587011.315268,1.831936
804587013.041051,1.662616
804587014.959132,1.85125
804587017.080246,2.058383
804587018.967596,1.8215569999999999
804587020.764114,1.733371
804587022.800906,1.969681
804587024.9871321,2.123289
804587026.911528,1.858222
804587028.675475,1.70082
804587030.477847,1.736885
804587032.4773079,1.93679
804587034.4008471,1.857385
804587036.5171,2.053065
804587038.2723271,1.689508
804587040.452714,2.117124
804587042.551385,2.032252
804587044.4845821,1.870144
804587046.394288,1.843112
804587048.334175,1.8769399999999998
804587050.4988151,2.098115
804587052.419698,1.8576059999999999
804587054.301159,1.815337
804587056.257285,1.8925770000000002
804587058.304842,1.9812380000000003
804587060.253815,1.885696
804587062.235274,1.915646
804587064.346966,2.04854
804587066.3309461,1.917359
804587068.1204771,1.72651
804587069.909573,1.723002
804587071.824332,1.851766
804587073.628508,1.7412949999999998
804587075.716089,2.02053
804587077.573389,1.793827
804587079.345415,1.7058119999999999
804587081.213846,1.8050430000000002
804587083.324646,2.044836
804587085.648702,2.2610099999999997
804587087.5653551,1.850018
804587089.501172,1.873096
804587091.5453969,1.977144
804587093.524541,1.9161409999999999
804587095.4347279,1.8436080000000001
804587097.335194,1.837238
804587099.2900751,1.889179
804587101.171752,1.818254
804587103.059798,1.8218869999999998
804587105.194133,2.071122
804587107.303144,2.042702
804587109.125427,1.759397
804587110.989167,1.796549
804587112.842031,1.789747
804587114.557992,1.649782
804587116.5078169,1.885771
804587118.2658349,1.691103
804587120.2966391,1.919715
804587122.110302,1.747434
804587124.142619,1.969677
804587126.101926,1.892381
804587128.835135,2.670468
804587131.153389,2.252761
804587132.956748,1.739295
804587134.9533471,1.9304400000000002
804587136.898606,1.882704
804587138.5918989,1.626527
804587140.475575,1.820544
804587142.742303,2.2007239999999997
804587144.589504,1.782977
804587146.533972,1.878033
804587148.5801561,1.982546
804587150.3789799,1.731738
804587152.2825681,1.8408120000000001
804587154.25478,1.905281
804587156.345779,2.028438
804587158.451763,2.039458
804587160.3425751,1.827656
804587162.289694,1.881075
804587164.442111,2.089661
804587166.571965,2.0631540000000004
804587168.6925629,2.0575609999999998
804587171.045657,2.287
804587173.187204,2.078801
804587175.334434,2.080384
804587177.294478,1.8956089999999999
804587179.364448,2.003876
804587181.327504,1.900405
804587183.27583,1.8824079999999999
804587185.393235,2.053772
804587187.199291,1.7398719999999999
804587189.4727039,2.2104820000000003
804587191.5655919,2.026228
804587193.641712,2.012836
804587195.573279,1.865484
804587197.661857,2.025546
804587199.632907,1.9052369999999998
804587201.491876,1.796694
804587203.7108179,2.152026
804587205.36326,1.589305
804587207.112508,1.68385
804587209.0435151,1.86788
804587211.279646,2.169968
804587213.141286,1.798528
804587214.994907,1.7871709999999998
804587216.879069,1.821035
804587218.659621,1.7141019999999998
804587220.476226,1.753779
804587222.622012,2.079236
804587224.603857,1.918608
804587226.724846,2.053651
804587228.6431869,1.8549790000000002
804587230.721732,2.0114989999999997
804587232.624638,1.8402049999999999
804587234.686263,1.9954159999999999
804587236.646387,1.8970420000000001
804587238.4350829,1.722335
804587240.524874,2.026945
804587242.49229,1.900821
804587244.387403,1.831846
804587246.2907851,1.8363150000000001
804587248.19333,1.839322
804587249.937295,1.678062
804587252.239436,2.238463
804587254.5161121,2.209876
804587257.010465,2.431522
804587259.301038,2.224284
804587261.777074,2.413696
804587263.746766,1.903303
804587265.7139821,1.904375
804587267.868448,2.0886530000000003
804587269.834191,1.903121
804587271.9211,2.0211669999999997
804587274.065463,2.081251
804587275.740834,1.6088369999999999
804587277.5152,1.7111990000000001
804587279.675661,2.094001
804587281.483149,1.745083
804587283.4207209,1.871663
804587285.4686551,1.9853729999999998
804587287.484934,1.9495090000000002
804587289.569944,2.022043
804587291.579393,1.9433
804587293.863266,2.220641
804587295.762579,1.833971
804587297.61392,1.788835
804587299.577222,1.896692
804587301.461189,1.820829
804587303.4323779,1.905011
804587305.422793,1.927448
804587307.538384,2.0488310000000003
804587309.467391,1.86637
804587311.267627,1.733792
804587313.0810649,1.7504860000000002
804587315.0358061,1.8884670000000001
804587316.735324,1.6362349999999999
804587318.71783,1.916156
804587320.864042,2.0833209999999998
804587323.104724,2.174222
804587325.1504279,1.9643490000000001
804587327.1550311,1.937557
804587328.867864,1.649215
804587330.551715,1.617637
804587332.239124,1.624312
804587333.641124,1.336066
804587334.9194651,1.2126629999999998
804587336.452806,1.409737
804587338.2131189,1.69417
804587340.2328769,1.956536
804587342.129453,1.830051
804587344.10785,1.914177
804587345.974035,1.799275
804587347.839328,1.8021109999999998
804587349.5656589,1.663478
804587351.6013141,1.9691410000000003
804587353.480209,1.8156979999999998
804587355.751814,2.2051990000000004
804587357.481972,1.667122
804587359.228318,1.680503
804587361.475355,2.183825
804587363.7296189,2.188561
804587365.667001,1.874434
804587367.570172,1.836371
804587369.594746,1.961553
804587371.757261,2.0961209999999997
804587373.798755,1.9782570000000002
804587375.670092,1.804381
804587378.3940101,2.6608899999999998
804587380.975246,2.514876
804587382.75483,1.716296
804587384.9541911,2.1361890000000003
804587386.8250821,1.805148
804587388.703171,1.814039
804587390.627972,1.858217
804587392.564642,1.873688
804587394.614505,1.98402
804587396.461445,1.7834979999999998
804587398.338501,1.8111119999999998
804587400.45329,2.052219
804587402.210652,1.690456
804587404.161404,1.88758
804587406.15029,1.922857
804587407.878484,1.6652419999999999
804587409.912676,1.971254
804587411.8416921,1.862978
804587413.511104,1.6054579999999998
804587415.550729,1.9736649999999998
804587417.733807,2.119892
804587419.964151,2.163673
804587421.812685,1.761001
804587423.784671,1.9058519999999999
804587425.620942,1.773354
804587427.655224,1.968068
804587429.800113,2.082484
804587431.824963,1.9585560000000002
804587434.146003,2.258309
804587436.333266,2.12139
804587438.447489,2.047778
804587440.370371,1.860241
804587442.285831,1.848805
804587444.048972,1.700263
804587445.862585,1.746802
804587447.58294,1.6573090000000001
804587449.777275,2.130637
804587451.69486,1.849281
804587453.808622,2.050193
804587455.6679009,1.7932510000000002
804587457.5240381,1.7931110000000001
804587459.79022,2.200665
804587461.743989,1.890988
804587463.660497,1.849651
804587465.417698,1.6938140000000002
804587467.51419,2.030278
804587469.601841,2.0246600000000003
804587471.490238,1.821847
804587473.766789,2.21375
804587475.970937,2.137844
804587478.0863119,2.028057
804587479.877177,1.7244000000000002
804587482.056011,2.1163570000000003
804587483.90022,1.7781909999999999
804587485.992862,2.029726
804587487.797845,1.738754
804587490.034658,2.1738109999999997
804587491.676466,1.575213
804587493.762298,2.022154
804587495.347394,1.518967
804587497.137944,1.7275280000000002
804587499.4050931,2.201236
804587501.135031,1.6668919999999998
804587503.308888,2.1071660000000003
804587505.212981,1.840982
804587507.445996,2.165186
804587509.394447,1.8854099999999998
804587511.137596,1.6772
804587512.88261,1.6817609999999998
804587514.78522,1.836126
804587516.987924,2.140103
804587518.738165,1.6844169999999998
804587520.484075,1.682874
804587522.2852091,1.7352400000000001
804587524.7483189,2.357966
804587527.1076981,2.2900020000000003
804587529.117613,1.9472289999999999
804587531.123884,1.939641
804587533.302788,2.115932
804587535.222242,1.853195
804587537.075197,1.790063
804587539.04542,1.9035879999999998
804587540.96111,1.8531549999999999
804587542.92141,1.893985
804587544.687888,1.7037470000000001
804587546.9060429,2.1524970000000003
804587549.0479599,2.07878
804587551.073331,1.959382
804587553.0053351,1.869228
804587554.971488,1.900325
804587556.7401761,1.705977
804587558.685917,1.878725
804587560.568757,1.819216
804587562.497417,1.8611630000000001
804587564.452169,1.890978
804587566.613958,2.094968
804587568.633826,1.9572280000000002
804587570.3794299,1.678122
804587572.16592,1.723528
804587574.141079,1.908925
804587576.235075,2.030809
804587578.217812,1.916358
804587580.110545,1.829776
804587581.883944,1.707476
804587583.563946,1.616854
804587585.524877,1.897748
804587587.439144,1.84646
804587589.591946,2.088573
804587591.537156,1.879106
804587593.460304,1.8602619999999999
804587595.477726,1.951278
804587597.215768,1.6747649999999998
804587599.273399,1.9916420000000001
804587601.241752,1.905542
804587603.1668551,1.858909
804587605.041045,1.811399
804587606.783136,1.675687
804587608.953951,2.107488
804587610.905224,1.885335
804587612.644474,1.676023
804587614.549845,1.8389520000000001
804587616.395558,1.78243
804587618.150274,1.688196
804587619.9662969,1.753257
804587621.5637519,1.507606
804587623.614297,1.9840399999999998
804587625.448122,1.771119
804587627.470171,1.956475
804587629.20075,1.667668
804587631.334789,2.0676840000000003
804587633.208061,1.8104959999999999
804587675.223649,41.949513
804587677.3758351,2.085136
804587679.4192879,1.977029
804587681.6197419,2.137537
804587683.77896,2.092878
804587685.958419,2.116122
804587688.314947,2.289806
804587690.26176,1.8797620000000002
804587691.891184,1.566653
804587693.932527,1.977736
804587695.8366151,1.837634
804587697.753765,1.853621
804587699.469159,1.649687
804587701.504709,1.972648
804587703.432714,1.862241
804587705.418999,1.923734
804587707.499949,2.015137
804587709.252665,1.690015
804587711.145172,1.8243829999999999
804587712.9158651,1.707901
804587714.618003,1.6351270000000002
804587716.3790281,1.698239
804587718.504758,2.0596910000000004
804587720.484312,1.905176
804587722.233966,1.683675
804587724.213445,1.916352
804587726.476129,2.196515
804587728.4955109,1.955203
804587730.451441,1.889561
804587732.433566,1.919109
804587734.057508,1.557542
804587735.811968,1.692
804587737.6619151,1.78662
804587739.4021771,1.673496
804587741.5290649,2.0640609999999997
804587743.823733,2.228534
804587745.5540371,1.6670369999999999
804587747.378806,1.7586089999999999
804587749.535723,2.0933599999999997
804587751.354784,1.751233
804587753.8071749,2.3895090000000003
804587756.186821,2.313396
804587758.777107,2.523892
804587760.742839,1.9023899999999998
804587762.628149,1.818485
804587764.7468121,2.05493
804587766.9119279,2.081156
804587768.949708,1.974603
804587771.0467609,2.030864
804587773.2554541,2.145992
804587774.9566101,1.635213
804587776.90194,1.882002
804587779.123132,2.155986
804587781.246126,2.059987
804587783.181567,1.869518
804587785.272922,2.028358
804587787.012898,1.673767
804587788.9050239,1.8286529999999999
804587790.810526,1.839343
804587792.800475,1.926756
804587794.607943,1.741234
804587796.4347271,1.763691
804587798.19047,1.6894390000000001
804587800.113412,1.860507
804587802.0880309,1.908253
804587804.071364,1.920257
804587805.9696339,1.83184
804587807.839844,1.806637
804587809.6110181,1.707852
804587811.6118721,1.934926
804587813.597169,1.921659
804587815.7297449,2.066763
804587817.6507429,1.857826
804587819.389321,1.671487
804587821.150707,1.697918
804587823.218522,2.0016309999999997
804587825.1991041,1.917776
804587827.3372829,2.072632
804587829.458277,2.057967
804587831.362606,1.838411
804587833.7712901,2.345712
804587835.754763,1.916006
804587837.525481,1.70716
804587839.488963,1.896982
804587841.212957,1.6609470000000002
804587843.4133509,2.133854
804587845.203243,1.7270059999999998
804587846.9447529,1.67486
804587848.816432,1.8081049999999999
804587850.587636,1.705216
804587852.594865,1.9441869999999999
804587854.578765,1.9177009999999999
804587856.8540131,2.2124710000000003
804587859.0519301,2.1320789999999996
804587861.148672,2.03374
804587862.931474,1.7161
804587864.978279,1.984075
804587866.972062,1.927744
804587868.903204,1.8672579999999999
804587870.6852629,1.714838
804587872.687932,1.938444
804587874.825549,2.0713179999999998
804587877.3783079,2.4895519999999998
804587879.91488,2.470272
804587881.810288,1.817126
804587883.931547,2.05507
804587885.793653,1.798909
804587887.610559,1.750882
804587889.345949,1.671768
804587891.3936421,1.981313
804587893.2662879,1.811579
804587895.343344,2.014275
804587897.266051,1.85947
804587899.116826,1.783604
804587901.0104,1.830307
804587903.017594,1.940418
804587904.71218,1.631153
804587906.657469,1.879146
804587908.7998481,2.079166
804587910.4877881,1.621431
804587912.227233,1.675752
804587913.705706,1.412398
804587915.203934,1.434425
804587916.889514,1.621887
804587918.389687,1.433478
804587920.083626,1.630512
804587921.683316,1.5320880000000001
804587923.335138,1.58861
804587925.018413,1.619922
804587926.546576,1.445521
804587927.81944,1.2053019999999999
804587929.1689371,1.299656
804587930.72706,1.507651
804587932.089452,1.316481
804587933.207155,1.067004
804587934.4939561,1.24098
804587935.557382,1.014107
804587936.7917609,1.188438
804587938.1145561,1.27326
804587939.4216701,1.246327
804587940.596801,1.119241
804587941.986808,1.3403720000000001
804587943.474417,1.434626
804587945.1702809,1.635157
804587946.422958,1.196105
804587947.73575,1.2659870000000002
804587948.961885,1.180123
804587950.079858,1.0694599999999999
804587951.458132,1.309379
804587952.9585861,1.437898
804587954.34981,1.339665
804587955.768709,1.371163
804587957.374378,1.545985
804587958.396919,0.958873
804587959.709004,1.267892
804587961.0013981,1.2316619999999998
804587962.28855,1.239431
804587963.672853,1.339083
804587964.7541261,1.036218
804587966.128908,1.326063
804587967.6141161,1.43635
804587969.300468,1.640826
804587970.9101009,1.5471320000000002
804587972.246122,1.276738
804587973.766607,1.46439
804587975.088184,1.276497
804587976.706367,1.564448
804587978.139008,1.384244
804587979.6238201,1.436545
804587981.131325,1.457875
804587982.140776,0.961423
804587983.35807,1.176389
804587984.564499,1.163128
804587985.853255,1.212929
804587987.252954,1.33789
804587988.571514,1.2572919999999999
804587989.770015,1.134197
804587991.2224231,1.403122
804587992.402105,1.131845
804587993.700668,1.232815
804587994.748042,0.985931
804587995.9651109,1.155872
804587997.194909,1.142536
804587998.849061,1.6017839999999999
804588000.230848,1.335409
804588002.111873,1.814816
804588004.130995,1.951915
804588005.895854,1.695413
804588007.6570699,1.6989859999999999
804588009.262974,1.555757
804588011.072362,1.744251
804588012.334271,1.1996680000000002
804588013.744635,1.344586
804588015.107824,1.300889
804588016.765825,1.595159
804588018.1285679,1.2976109999999998
804588019.2974449,1.106502
804588020.560691,1.214618
804588022.2916521,1.625771
804588023.74916,1.3957799999999998
804588025.214512,1.402616
804588026.965941,1.686146
804588028.292765,1.2645499999999998
804588029.773989,1.416338
804588031.1681451,1.332874
804588032.81515,1.585622
804588034.3118399,1.432235
804588035.6422981,1.268022
804588037.238315,1.545158
804588039.005916,1.701708
804588040.4294759,1.361279
804588041.8583629,1.363641
804588043.330531,1.4103130000000001
804588044.976613,1.583276
804588046.22716,1.184268
804588047.583764,1.290004
804588049.261571,1.614654
804588050.726737,1.398877
804588052.226449,1.4373369999999999
804588053.877068,1.58483
804588055.313843,1.374496
804588056.556191,1.1789100000000001
804588057.811028,1.188622
804588059.02951,1.154874
804588060.464461,1.371323
804588061.8825381,1.351703
804588063.0935479,1.147667
804588064.489168,1.332703
804588065.720706,1.164612
804588067.207899,1.4238250000000001
804588068.703832,1.432827
804588070.112316,1.311007
804588071.7398009,1.564192
804588073.171134,1.368001
804588074.806857,1.568938
804588076.1295921,1.259462
804588077.494561,1.299425
804588079.197476,1.638871
804588080.783188,1.522275
804588082.157849,1.3076699999999999
804588083.745366,1.52444
804588085.2604389,1.4516900000000001
804588086.832124,1.504222
804588088.219419,1.324139
804588089.78949,1.5029139999999999
804588091.157089,1.304247
804588092.625543,1.4049209999999999
804588094.217355,1.525431
804588095.627182,1.3467259999999999
804588097.110817,1.420242
804588098.602841,1.4254440000000002
804588100.07336,1.388699
804588101.5333351,1.392688
804588102.97011,1.373924
804588104.5419899,1.508177
804588105.97002,1.335394
804588107.5590861,1.525543
804588108.976998,1.354735
804588110.527077,1.48383
804588111.939125,1.348941
804588113.390088,1.3645269999999998
804588114.988194,1.5315109999999998
804588116.4032891,1.351682
804588117.8216369,1.351542
804588119.331417,1.447084
804588120.976969,1.5819239999999999
804588122.463205,1.420642
804588124.194962,1.669287
804588125.6216141,1.360593
804588127.3613349,1.676649
804588129.319474,1.8951529999999999
804588130.658056,1.27333
804588131.864495,1.1146960000000001
804588133.11858,1.189871
804588134.402691,1.217906
804588135.798772,1.333274
804588137.3813521,1.519773
804588138.918802,1.470839
804588140.541901,1.5596670000000001
804588142.258327,1.650002
804588143.932245,1.611041
804588145.997719,2.002558
804588147.8479879,1.78447
804588149.954001,2.043157
804588152.110518,2.088955
804588153.964099,1.787517
804588155.983726,1.956691
804588158.321189,2.250245
804588160.284897,1.897098
804588162.211919,1.861234
804588163.89578,1.620328
804588165.512379,1.553828
804588167.257047,1.678242
804588169.3215641,2.00138
804588171.0529749,1.665563
804588172.9252801,1.808948
804588174.922164,1.930219
804588176.845453,1.860422
804588178.825393,1.913451
804588181.079427,2.191729
804588183.1731521,2.027356
804588184.943053,1.706864
804588186.756636,1.747464
804588188.447212,1.627605
804588190.469246,1.9561589999999998
804588192.139294,1.6070419999999999
804588193.84231,1.63637
804588195.573982,1.667288
804588197.4355919,1.7991249999999999
804588199.34995,1.847532
804588201.512565,2.099223
804588203.461864,1.882573
804588205.566685,2.040682
804588207.2684981,1.636336
804588209.147794,1.816384
804588211.199902,1.9860350000000002
804588213.520064,2.257231
804588215.509381,1.922937
804588217.316118,1.744201
804588219.038468,1.655685
804588220.828868,1.7275420000000001
804588222.6066519,1.711686
804588224.3917791,1.722431
804588226.4033979,1.945731
804588228.140358,1.673827
804588229.771521,1.565781
804588231.687793,1.85314
804588233.67716,1.937903
804588235.9522619,2.209324
804588238.293604,2.251653
804588240.4317781,2.072034
804588242.21948,1.721298
804588244.119449,1.8369879999999998
804588245.777084,1.5908339999999999
804588247.5536159,1.713184
804588249.194332,1.577202
804588251.210616,1.950406
804588253.8018351,2.528412
804588256.145983,2.278505
804588258.1741459,1.9616220000000002
804588260.429427,2.192009
804588262.4055029,1.910499
804588264.341902,1.873257
804588266.0895909,1.68164
804588267.791855,1.6394179999999998
804588269.722907,1.8677
804588271.4373441,1.648765
804588273.22838,1.7278090000000002
804588275.020934,1.726204
804588277.0597711,1.975961
804588279.147653,2.021467
804588280.9961469,1.785652
804588283.018811,1.955633
804588285.1981059,2.098235
804588287.330872,2.065719
804588289.4283459,2.034211
804588291.38205,1.88751
804588293.527836,2.08268
804588295.5611761,1.966143
804588297.5386801,1.9145029999999998
804588299.682026,2.075187
804588301.894007,2.1488240000000003
804588303.8443431,1.8844930000000002
804588305.6784891,1.7712940000000001
804588307.770019,2.028523
804588309.67308,1.8404649999999998
804588311.386124,1.647406
804588313.509278,2.060273
804588315.580916,2.0035700000000003
804588317.599226,1.9550729999999998
804588319.435817,1.769821
804588321.198597,1.698631
804588323.4315109,2.166244
804588325.3515971,1.856533
804588327.151002,1.7326100000000002
804588328.823196,1.608616
804588330.779947,1.890011
804588332.694179,1.851666
804588334.436456,1.675396
804588336.416567,1.917094
804588338.1750311,1.6921950000000001
804588339.919217,1.681089
804588342.0036609,2.0211259999999998
804588343.812649,1.742728
804588345.9483019,2.072511
804588347.7617639,1.7461309999999999
804588349.846438,2.021346
804588351.8460389,1.9337119999999999
804588353.786593,1.8769209999999998
804588355.539113,1.684903
804588357.38209,1.779674
804588359.142093,1.692642
804588360.757875,1.553011
804588362.442798,1.6194110000000002
804588364.6288589,2.1229780000000003
804588366.860956,2.165277
804588368.825882,1.900696
804588371.0518,2.159634
804588372.888411,1.77372
804588375.0712241,2.115887
804588377.253776,2.118954
804588379.9431931,2.623243
804588382.3816609,2.350057
804588384.4332329,1.985002
804588386.180546,1.681154
804588387.974093,1.730093
804588389.5684551,1.506678
804588391.392799,1.757161
804588393.226709,1.770874
804588395.049002,1.755578
804588397.102825,1.9906250000000003
804588399.003069,1.8335890000000001
804588401.166867,2.1005260000000003
804588403.24244,2.009018
804588405.164411,1.859149
804588407.064931,1.834236
804588409.0399951,1.912097
804588410.937603,1.830322
804588412.8837501,1.882984
804588414.729362,1.778932
804588416.906396,2.113877
804588418.953984,1.981835
804588421.2816839,2.264919
804588423.209152,1.860797
804588425.31248,2.039504
804588427.207693,1.828663
804588429.360646,2.08939
804588431.267927,1.841248
804588433.236511,1.905461
804588435.358076,2.055486
804588437.3152031,1.8937540000000002
804588439.056713,1.674986
804588440.7757059,1.656337
804588442.520769,1.678854
804588444.284235,1.700965
804588446.26596,1.914684
804588448.364847,2.035685
804588450.583443,2.152392
804588452.326201,1.679185
804588454.105409,1.7131189999999998
804588455.964618,1.796157
804588457.818926,1.765983
804588459.732687,1.8475869999999999
804588461.656277,1.861113
804588463.604804,1.881856
804588465.7454829,2.077167
804588467.712854,1.900971
804588469.998747,2.2222589999999998
804588472.0429759,1.978025
804588474.062243,1.9545759999999999
804588476.223616,2.097379
804588478.106605,1.816986
804588479.9812751,1.811167
804588482.20351,2.135007
804588484.232604,1.962845
804588485.8092049,1.490586
804588487.569399,1.697398
804588489.495689,1.862822
804588491.510466,1.947781
804588493.361095,1.7874519999999998
804588495.4119259,1.984886
804588497.619872,2.144764
804588499.419066,1.7333509999999999
804588501.249208,1.766754
804588503.402331,2.087371
804588505.722574,2.256619
804588507.625625,1.835909
804588509.332274,1.643762
804588510.963727,1.565415
804588512.935373,1.908303
804588514.55489,1.55259
804588516.762956,2.145376
804588518.8282601,1.9994859999999999
804588520.563441,1.671903
804588522.5118871,1.882177
804588524.697772,2.123088
804588526.696762,1.926796
804588528.686946,1.9272829999999999
804588530.569584,1.815282
804588532.318126,1.68541
804588534.2689689,1.883902
804588536.575565,2.242683
804588538.713152,2.071604
804588540.495633,1.7194129999999999
804588542.527233,1.96456
804588544.421865,1.831559
804588546.45336,1.9644850000000003
804588548.393172,1.876138
804588550.318329,1.8584669999999999
804588551.962062,1.580354
804588554.09159,2.040597
804588556.226516,2.067805
804588558.45269,2.1602599999999996
804588560.120643,1.60434
804588561.955521,1.768263
804588563.689223,1.670415
804588565.59212,1.8404
804588567.363194,1.7039469999999999
804588569.231258,1.805208
804588571.069017,1.771004
804588573.013269,1.881466
804588574.90118,1.821506
804588576.690381,1.726555
804588578.540489,1.783382
804588580.2320579,1.628587
804588582.0165681,1.71804
804588583.949173,1.8685559999999999
804588585.8621621,1.823661
804588587.9254819,1.996172
804588590.0026289,2.013919
804588591.9967769,1.927759
804588593.9728241,1.886918
804588595.7210339,1.6849079999999999
804588597.5923561,1.807508
804588599.813518,2.154782
804588601.8027049,1.925834
804588603.601784,1.73292
804588605.6251899,1.959853
804588607.5673579,1.875943
804588609.764529,2.134164
804588611.808408,1.977781
804588613.57443,1.703306
804588615.3629199,1.72172
804588617.5069981,2.081512
804588619.5099721,1.936629
804588621.592852,2.019813
804588623.605353,1.9459760000000002
804588625.45755,1.7891059999999999
804588627.498177,1.9742570000000002
804588629.8416381,2.280259
804588632.1849251,2.277453
804588634.600454,2.349636
804588636.511664,1.848319
804588638.286702,1.708127
804588640.0859671,1.7364439999999999
804588642.0348151,1.882483
804588643.949032,1.850884
804588645.944759,1.909923
804588647.8982381,1.8869939999999998
804588650.01838,2.057742
804588651.981566,1.896591
804588653.904899,1.837042
804588656.025241,2.053582
804588657.925752,1.8200569999999998
804588659.803659,1.815202
804588661.700757,1.83417
804588663.8121281,2.045398
804588665.787537,1.912498
804588667.729905,1.876048
804588669.674939,1.882223
804588671.660002,1.918753
804588673.347321,1.624468
804588675.3394539,1.9245009999999998
804588677.1956719,1.793265
804588678.940244,1.6784530000000002
804588680.716434,1.713299
804588682.427699,1.645166
804588684.727629,2.236959
804588686.766482,1.952591
804588688.7338531,1.904364
804588690.785154,1.985228
804588692.72251,1.873748
804588694.7448189,1.9562199999999998
804588696.705976,1.897734
804588698.808412,2.036416
804588700.601542,1.729969
804588702.699452,2.031996
804588704.648781,1.862216
804588706.730498,2.014335
804588708.487649,1.694
804588710.284262,1.730604
804588712.228314,1.880825
804588714.273702,1.9785169999999999
804588716.3814499,2.0448969999999997
804588718.302253,1.854208
804588720.265945,1.900425
804588722.3449911,2.0121700000000002
804588724.128855,1.720968
804588725.8621761,1.6663649999999999
804588727.8276219,1.902239
804588729.76378,1.8734520000000001
804588731.6404351,1.8096539999999999
804588733.395467,1.691754
804588735.191474,1.729527
804588737.447266,2.193187
804588739.3614379,1.847803
804588741.1289289,1.704453
804588743.155653,1.9603799999999998
804588744.9331219,1.714497
804588746.9096301,1.910929
804588748.927032,1.953504
804588750.909829,1.9158160000000002
804588753.687371,2.7138790000000004
804588756.03379,2.280434
804588758.35973,2.2576169999999998
804588760.644496,2.221482
804588763.213037,2.50114
804588765.363023,2.086589
804588767.5139511,2.084649
804588769.509177,1.932069
804588771.467026,1.889881
804588773.309817,1.779098
804588775.555776,2.179349
804588777.7209179,2.102285
804588779.787264,1.9991800000000002
804588781.6072321,1.7573020000000001
804588783.70225,2.028448
804588785.810329,2.044435
804588787.558109,1.681255
804588789.57269,1.951179
804588791.466946,1.8281560000000001
804588793.419001,1.889284
804588795.442888,1.9582549999999999
804588797.430812,1.924631
804588799.673725,2.176703
804588801.593064,1.8564779999999999
804588803.548878,1.8878460000000001
804588805.697105,2.085536
804588807.769701,2.005806
804588809.6015021,1.768813
804588811.937937,2.269514
804588813.6969681,1.649866
804588815.684746,1.919805
804588817.649571,1.902069
804588819.7378731,2.021366
804588821.696409,1.8959000000000001
804588823.563527,1.801115
804588825.354517,1.727994
804588827.4030219,1.9825659999999998
804588829.588185,2.122021
804588831.558478,1.905021
804588833.551579,1.9302650000000001
804588835.4517031,1.833735
804588837.356789,1.8425799999999999
804588839.3068,1.8833199999999999
804588841.307092,1.937146
804588843.457485,2.083197
804588845.481067,1.9603599999999999
804588847.5637411,2.01652
804588849.5555891,1.929177
804588851.827008,2.204944
804588853.517935,1.626513
804588855.489752,1.915771
804588857.566101,2.028148
804588859.7955021,2.178994
804588861.685032,1.8432469999999999
804588863.8953041,2.160435
804588866.092806,2.150674
804588868.168289,2.008297
804588870.152419,1.916528
804588872.41424,2.1988350000000003
804588874.5346731,2.052534
804588876.3676759,1.7695400000000001
804588879.1482,2.7146660000000002
804588881.9012,2.690014
804588883.739531,1.772381
804588885.446996,1.643016
804588887.190526,1.680423
804588889.004234,1.750155
804588891.189383,2.1189
804588893.1103361,1.838912
804588895.074239,1.897758
804588897.193578,2.0561979999999997
804588899.0231789,1.763295
804588901.165898,2.080224
804588903.1602111,1.927849
804588905.256798,2.033435
804588907.231591,1.907847
804588909.204335,1.90885
804588911.157799,1.887295
804588913.020642,1.7998319999999999
804588914.861202,1.774106
804588916.869574,1.945205
804588918.655618,1.7190619999999999
804588920.420106,1.702058
804588922.1159749,1.629595
804588923.900856,1.720807
804588925.793428,1.829184
804588927.498488,1.637703
804588929.491418,1.9291969999999998
804588931.301097,1.744006
804588933.0336821,1.669463
804588935.086171,1.98625
804588937.01408,1.864657
804588939.2554439,2.173912
804588941.140368,1.821787
804588943.463222,2.256719
804588945.194548,1.667493
804588947.136414,1.875617
804588949.309459,2.109878
804588951.187322,1.8113370000000002
804588953.349637,2.099609
804588955.22108,1.805579
804588957.100611,1.8157029999999998
804588958.8935009,1.726541
804588960.6385341,1.681606
804588962.361461,1.656351
804588964.322096,1.8972030000000002
804588966.349597,1.9610919999999998
804588968.352846,1.9400769999999998
804588970.530954,2.111843
804588972.48123,1.886929
804588974.15823,1.610225
804588976.247986,2.0272200000000002
804588978.5816541,2.265715
804588980.5149959,1.869508
804588982.475381,1.8929179999999999
804588984.704481,2.1661639999999998
804588986.748977,1.97771
804588988.538438,1.726264
804588990.308685,1.703141
804588992.036714,1.6638650000000001
804588993.6824311,1.578506
804588995.2621399,1.516171
804588996.939897,1.61067
804588998.9239559,1.91776
804589000.431497,1.4440270000000002
804589002.4617989,1.963788
804589004.6142011,2.088518
804589006.7306089,2.05037
804589008.8381159,2.043784
804589010.9870751,2.082589
804589013.538335,2.488259
804589016.161754,2.555881
804589018.459971,2.231732
804589020.6132851,2.0895610000000002
804589022.363786,1.684182
804589024.023756,1.5732389999999998
804589025.761382,1.669428
804589027.686825,1.862311
804589029.381225,1.6314330000000001
804589031.240224,1.792329
804589032.960389,1.656347
804589034.721305,1.694856
804589036.458214,1.674154
804589038.47066,1.946062
804589040.407571,1.873507
804589042.510001,2.03551
804589044.490813,1.91742
804589046.164876,1.606626
804589047.788827,1.560824
804589049.7501839,1.8982249999999998
804589051.596283,1.77985
804589053.6198549,1.9610869999999998
804589055.341899,1.6559910000000002
804589057.154124,1.7496289999999999
804589059.1659429,1.94548
804589060.932943,1.7039030000000002
804589062.693357,1.6944460000000001
804589064.733338,1.9757059999999997
804589066.740797,1.940844
804589068.5270959,1.724029
804589070.6565751,2.0632900000000003
804589072.663167,1.942974
804589074.855116,2.126437
804589076.994297,2.075774
804589078.6844519,1.623666
804589080.784176,2.036086
804589082.592101,1.7411539999999999
804589084.558886,1.903823
804589086.3683491,1.7426329999999999
804589088.0654861,1.634511
804589090.180476,2.0484750000000003
804589092.512797,2.190625
804589094.673808,2.094963
804589096.608338,1.871698
804589098.762764,2.087666
804589100.508865,1.6830390000000002
804589102.429833,1.853972
804589104.4505529,1.9579939999999998
804589106.532982,2.015749
804589108.404139,1.807705
804589110.6655,2.195598
804589112.490465,1.761938
804589114.331827,1.775334
804589116.1770891,1.782074
804589117.870757,1.627981
804589119.615455,1.6811440000000002
804589121.717419,2.039634
804589123.4165651,1.6330419999999999
804589125.5161589,2.036697
804589128.436198,2.8539149999999998
804589131.06083,2.558848
804589133.018192,1.8944509999999999
804589135.055241,1.9696219999999998
804589136.8725779,1.7541099999999998
804589138.914247,1.9756259999999999
804589140.640045,1.663027
804589142.728067,2.021532
804589144.651556,1.861099
804589146.71691,1.999286
804589148.490685,1.710934
804589150.348912,1.792254
804589152.3310369,1.9192440000000002
804589154.23254,1.834773
804589156.3069409,2.011183
804589158.03747,1.665117
804589160.246824,2.145992
804589161.993286,1.680062
804589163.898577,1.842144
804589165.8359281,1.8745450000000001
804589167.896381,1.993266
804589169.8231621,1.8635940000000002
804589171.704563,1.81432
804589173.596804,1.828533
804589175.4701959,1.8077340000000002
804589177.220908,1.6877199999999999
804589179.335683,2.049207
804589181.2559041,1.8571600000000001
804589183.0620949,1.7398660000000001
804589184.972383,1.847286
804589187.046377,2.008307
804589188.895287,1.7862799999999999
804589190.765421,1.804316
804589192.777712,1.9495
804589194.6814799,1.837799
804589196.9241271,2.178908
804589198.89909,1.9091049999999998
804589200.873011,1.910744
804589202.655151,1.715941
804589204.6785829,1.9601290000000002
804589206.62928,1.884272
804589208.5580109,1.864662
804589210.5051,1.879737
804589212.7798821,2.21198
804589214.946406,2.0999339999999997
804589216.856218,1.847026
804589218.752955,1.830331
804589220.784049,1.968604
804589222.7509041,1.900029
804589224.721156,1.9068049999999999
804589226.851683,2.064156
804589228.627743,1.712678
804589230.5583789,1.864462
804589232.32383,1.702003
804589234.495551,2.106064
804589236.407323,1.84881
804589238.340193,1.8653680000000001
804589240.174981,1.772346
804589241.900163,1.659273
804589244.178853,2.215238
804589245.974705,1.729773
804589247.856773,1.8189359999999999
804589249.671694,1.7523650000000002
804589252.185713,2.445971
804589254.547352,2.295646
804589257.047042,2.436909
804589259.542638,2.4288909999999997
804589262.100684,2.494478
804589263.8921161,1.724901
804589265.840146,1.8855300000000002
804589267.993566,2.090081
804589270.032348,1.9506219999999999
804589271.957371,1.861926
804589274.0795981,2.035765
804589276.090861,1.945389
804589277.9056109,1.747875
804589279.7239051,1.755172
804589281.669916,1.8827239999999998
804589283.6831039,1.945455
804589285.9909669,2.244952
804589287.98245,1.925618
804589290.088664,2.0197879999999997
804589292.142536,1.990786
804589294.224785,2.015634
804589296.463408,2.155585
804589298.251421,1.721819
804589300.1173611,1.802813
804589302.143639,1.960084
804589303.9489679,1.742262
804589306.14668,2.113416
804589308.114697,1.901332
804589310.041308,1.85975
804589311.7800521,1.675988
804589313.6782271,1.835309
804589315.441272,1.696335
804589317.491892,1.987558
804589319.3501841,1.791176
804589321.494112,2.0808400000000002
804589323.504974,1.920838
804589325.348421,1.780631
804589327.439209,2.0243879999999996
804589329.3913699,1.889059
804589331.115329,1.657615
804589333.399904,2.221542
804589335.349112,1.883937
804589337.314278,1.901924
804589339.4866611,2.105858
804589341.3494841,1.7999470000000002
804589343.495722,2.079107
804589345.548377,1.9894270000000003
804589347.717893,2.10208
804589349.682793,1.902099
804589351.767317,2.01847
804589353.7584879,1.928405
804589355.514382,1.689765
804589357.2838471,1.706268
804589359.256976,1.907075
804589361.0678531,1.74779
804589363.142529,2.008186
804589364.870131,1.663854
804589367.071242,2.1339900000000003
804589369.283649,2.1494299999999997
804589371.548102,2.198233
804589373.5001119,1.8883969999999999
804589375.272108,1.705958
804589377.680626,2.3453660000000003
804589380.513367,2.765289
804589383.229637,2.649965
804589385.9780309,2.6856940000000002
804589388.732334,2.687052
804589391.392739,2.597443
804589393.611635,2.1558900000000003
804589395.425164,1.7452139999999998
804589397.45482,1.966109
804589399.738517,2.2177439999999997
804589401.569586,1.766684
804589403.67556,2.039448
804589405.378129,1.639367
804589407.238852,1.7938669999999999
804589409.0408319,1.738438
804589410.803411,1.695848
804589412.5399951,1.673577
804589414.430552,1.824183
804589416.305703,1.811593
804589417.948248,1.576251
804589419.912081,1.901057
804589421.9528229,1.9776949999999998
804589423.833217,1.814144
804589426.126712,2.2306790000000003
804589427.918359,1.724966
804589429.803112,1.8222180000000001
804589431.8633391,1.9937969999999998
804589433.620065,1.693439
804589435.352148,1.6659190000000001
804589437.507191,2.091796
804589439.3614041,1.787933
804589441.556851,2.133067
804589443.642933,2.019196
804589445.4762319,1.770578
804589447.572944,2.030353
804589449.339192,1.7031209999999999
804589451.0774289,1.671196
804589453.200673,2.060277
804589455.025738,1.7589000000000001
804589457.2724739,2.1838550000000003
804589459.5616989,2.222951
804589461.387125,1.7621939999999998
804589463.457591,2.004122
804589465.246813,1.7261
804589467.422253,2.108931
804589469.187428,1.702203
804589470.952238,1.699046
804589472.6905451,1.675396
804589474.4425291,1.6849230000000002
804589476.3372711,1.832617
804589478.153666,1.749513
804589480.07978,1.862988
804589481.9665439,1.819812
804589483.842116,1.81222
804589485.93082,2.0251409999999996
804589487.722612,1.726024
804589489.801458,2.0158989999999997
804589491.767601,1.899919
804589493.667525,1.836697
804589495.611882,1.8785889999999998
804589497.5804011,1.9056220000000001
804589499.666238,2.001416
804589502.017878,2.288523
804589503.9092929,1.8247179999999998
804589505.6422329,1.669016
804589507.415662,1.707551
804589509.1702219,1.6915280000000001
804589510.6825941,1.445667
804589512.408658,1.663434
804589513.9416771,1.4668400000000001
804589515.57032,1.5656
804589517.328203,1.693333
804589519.16505,1.770438
804589520.9683751,1.740332
804589522.900799,1.865935
804589524.940589,1.976817
804589526.8797641,1.8725
804589529.0119289,2.068987
804589530.9564359,1.8773710000000001
804589533.071451,2.051292
804589534.769109,1.630898
804589536.5463071,1.714372
804589538.441726,1.82897
804589540.6054239,2.100957
804589542.850111,2.1782820000000003
804589545.146804,2.2329239999999997
804589547.389506,2.176337
804589549.1347139,1.682377
804589551.4601691,2.2590000000000003
804589553.713837,2.191016
804589555.753045,1.973209
804589557.691884,1.875758
804589559.599982,1.841172
804589561.6774889,2.01421
804589563.620274,1.876093
804589565.8492839,2.1660239999999997
804589567.8534911,1.937732
804589569.9467039,2.029836
804589571.9546051,1.941351
804589574.075834,2.034703
804589575.8108339,1.667829
804589577.9096011,2.035665
804589579.828039,1.851591
804589581.9318869,2.040085
804589583.864618,1.866225
804589585.903595,1.976312
804589587.813818,1.842726
804589589.80753,1.9311109999999998
804589591.64767,1.773129
804589593.743355,2.032422
804589595.42474,1.614704
804589597.394907,1.9066599999999998
804589599.190623,1.729672
804589600.947599,1.693924
804589602.8929039,1.879156
804589604.801323,1.844365
804589606.541275,1.673552
804589608.721642,2.117099
804589611.000257,2.212371
804589613.036564,1.9730949999999998
804589614.983968,1.8796220000000001
804589616.9156159,1.8683910000000001
804589618.651332,1.669798
804589620.502483,1.788154
804589622.288362,1.718261
804589624.311994,1.960305
804589626.3162961,1.937913
804589628.76382,2.382983
804589631.0980899,2.268187
804589633.7731041,2.612107
804589635.545591,1.706058
804589637.3125199,1.704434
804589639.334217,1.953458
804589641.27031,1.873277
804589643.263256,1.925293
804589645.290782,1.963803
804589647.2287151,1.870881
804589649.684353,2.391629
804589651.654139,1.9006800000000001
804589653.6936231,1.9642240000000002
804589655.5141621,1.753042
804589657.014436,1.436484
804589658.772424,1.6915490000000002
804589660.426631,1.5910600000000001
804589662.247992,1.754455
804589663.9488269,1.6321860000000001
804589665.9365311,1.878299
804589667.565038,1.5616919999999999
804589669.7790381,2.1506279999999998
804589671.748629,1.903708
804589673.599584,1.788304
804589675.500716,1.8355940000000002
804589677.026348,1.4625000000000001
804589678.972209,1.8795870000000001
804589680.807663,1.7720870000000002
804589682.440976,1.566743
804589684.453261,1.948542
804589686.650698,2.1302399999999997
804589688.2283411,1.5145009999999999
804589690.342695,2.046576
804589692.271296,1.8649879999999999
804589693.990189,1.652908
804589695.839399,1.7859779999999998
804589697.7746401,1.872114
804589699.4260911,1.566237
804589701.082863,1.5943820000000002
804589703.086233,1.936078
804589704.754412,1.605248
804589706.498629,1.6712369999999999
804589708.2187691,1.656698
804589709.822533,1.538056
804589711.529498,1.643973
804589713.45217,1.859955
804589715.51352,1.9955770000000002
804589717.4734241,1.895805
804589719.348124,1.808591
804589720.988358,1.577172
804589722.728555,1.674093
804589724.584582,1.792649
804589726.425363,1.775374
804589728.420509,1.9318980000000001
804589730.493195,2.006482
804589732.367344,1.8107959999999999
804589733.9208059,1.4868620000000001
804589735.5260429,1.5423660000000001
804589737.185563,1.596236
804589739.0632,1.8114430000000001
804589741.209087,2.083266
804589743.043729,1.7689089999999998
804589744.731213,1.624197
804589746.6039139,1.802532
804589748.83971,2.1722230000000002
804589751.142597,2.232688
804589753.743924,2.538
804589756.110218,2.30009
804589757.695415,1.518861
804589759.567068,1.8081749999999999
804589761.2936779,1.6631829999999999
804589763.254945,1.895053
804589765.183691,1.865499
804589767.168553,1.918643
804589769.003405,1.771886
804589770.788562,1.719238
804589773.0639801,2.212913
804589774.9766589,1.846539
804589776.703795,1.66403
804589778.69171,1.920863
804589780.7528291,1.998499
804589782.756459,1.938027
804589784.845519,2.026173
804589786.537544,1.626291
804589788.425399,1.824062
804589790.221266,1.730279
804589792.3120589,2.027235
804589794.118976,1.740908
804589796.1074771,1.924045
804589798.027342,1.853651
804589800.038319,1.9481410000000001
804589801.967807,1.862001
804589803.899025,1.86837
804589806.0156579,2.053772
804589808.070242,1.987989
804589810.359568,2.222089
804589812.143015,1.71992
804589814.220513,2.011654
804589816.19296,1.909777
804589818.154202,1.895469
804589820.1377361,1.91976
804589822.31718,2.111852
804589824.110371,1.7294980000000002
804589826.0381999,1.860914
804589827.948408,1.847467
804589830.0859051,2.051637
804589832.0538529,1.902084
804589833.857948,1.737019
804589836.1924239,2.2719300000000002
804589838.157886,1.8975579999999999
804589840.1067629,1.885851
804589842.0887029,1.9158160000000002
804589843.9510399,1.799204
804589846.039688,2.002879
804589847.838231,1.732759
804589849.9399749,2.038938
804589851.876234,1.869449
804589854.083564,2.144403
804589856.0433619,1.8935689999999998
804589857.825527,1.7136799999999999
804589859.8595281,1.9711640000000001
804589861.712186,1.789933
804589863.712263,1.933883
804589865.9502391,2.174994
804589867.777279,1.760539
804589869.8623891,2.02242
804589871.949199,2.02069
804589873.9854851,1.9498950000000002
804589875.992849,1.941411
804589878.673731,2.592136
804589881.372596,2.6361280000000002
804589883.7414509,2.3025160000000002
804589886.2988861,2.4947239999999997
804589888.6386089,2.2720610000000003
804589890.5299579,1.825546
804589892.5073371,1.9145729999999999
804589894.387049,1.8126259999999998
804589896.179589,1.728645
804589898.5013499,2.2555769999999997
804589900.3125069,1.728806
804589902.437495,2.058258
804589904.354298,1.853621
804589906.4951329,2.075217
804589908.747152,2.188731
804589911.128742,2.315356
804589912.957781,1.765817
804589915.0731109,2.049121
804589916.8019071,1.665494
804589918.833703,1.9653969999999998
804589920.483129,1.586169
804589922.426088,1.875958
804589924.679716,2.190675
804589926.9581461,2.211735
804589928.765023,1.74373
804589931.041419,2.2101859999999998
804589932.972069,1.867629
804589934.9428431,1.904415
804589937.035856,2.02941
804589939.026577,1.900074
804589941.028784,1.9384929999999998
804589942.8127581,1.7174099999999999
804589945.114979,2.238187
804589947.0704919,1.889119
804589949.100825,1.967186
804589950.964043,1.796693
804589952.916394,1.8892390000000001
804589954.70139,1.719108
804589956.793236,2.029045
804589958.52773,1.667308
804589960.772963,2.181981
804589962.665429,1.8261569999999998
804589964.743368,2.014997
804589966.589893,1.780116
804589968.676031,2.0231559999999997
804589970.715444,1.97358
804589972.659466,1.880654
804589974.380333,1.653861
804589976.179327,1.735801
804589978.464853,2.218751
804589980.496268,1.9686489999999999
804589982.598067,2.036562
804589984.553064,1.892015
804589986.51364,1.8933579999999999
804589988.281967,1.705451
804589990.320354,1.972258
804589992.510915,2.1276450000000002
804589994.5041561,1.9272930000000001
804589996.399289,1.831756
804589998.559173,2.093054
804590000.540431,1.917921
804590003.144901,2.53843
804590005.80311,2.595193
804590007.75059,1.88111
804590009.633564,1.8196620000000001
804590011.5873331,1.8876400000000002
804590013.463477,1.812511
804590015.515626,1.9860949999999997
804590017.483819,1.9053419999999999
804590019.5651,2.014646
804590021.617865,1.9897790000000002
804590023.6010829,1.916482
804590025.3285999,1.664035
804590027.522644,2.128602
804590029.3981309,1.812099
804590031.583935,2.11929
804590033.61971,1.9730640000000002
804590035.615487,1.928981
804590037.8304299,2.15162
804590039.930691,2.0336909999999997
804590041.850326,1.856222
804590043.817581,1.900465
804590045.585623,1.7051
804590047.331152,1.679952
804590049.09311,1.699222
804590051.2304771,2.0709779999999998
804590053.356799,2.063045
804590055.6189209,2.195297
804590057.6792381,1.996519
804590059.904625,2.1590979999999997
804590061.940791,1.973435
804590063.737926,1.730674
804590065.595676,1.794619
804590067.330155,1.6670369999999999
804590069.2442421,1.851005
804590070.973694,1.6631669999999998
804590073.050234,2.013805
804590075.045525,1.928942
804590076.9748319,1.866772
804590079.169994,2.129434
804590081.415222,2.1822619999999997
804590083.702618,2.220996
804590085.449691,1.683901
804590087.491245,1.9759209999999998
804590089.559411,2.005083
804590091.555604,1.929467
804590093.474627,1.855882
804590095.527622,1.986536
804590097.574939,1.984661
804590099.553436,1.912067
804590101.533131,1.917089
804590103.3827031,1.784085
804590105.46403,2.018069
804590107.400363,1.8523280000000002
804590109.304737,1.841437
804590111.13115,1.76078
804590113.157273,1.9618790000000002
804590115.1766901,1.9525320000000002
804590117.026201,1.78653
804590118.821812,1.7291509999999999
804590120.7712669,1.8866530000000001
804590122.50763,1.670058
804590124.2673621,1.695959
804590126.3386099,2.003696
804590128.692933,2.2908350000000004
804590131.170782,2.4107629999999998
804590133.533619,2.29956
804590135.991382,2.391895
804590137.746418,1.665047
804590139.8908011,2.0806039999999997
804590141.59946,1.6449399999999998
804590143.326647,1.660491
804590145.367273,1.97764
804590147.434572,2.001024
804590149.7794019,2.281813
804590151.629981,1.784375
804590153.45261,1.758991
804590155.330393,1.8113020000000002
804590157.3054719,1.912433
804590159.06565,1.6946809999999999
804590160.779501,1.6503869999999998
804590162.885324,2.039113
804590165.105293,2.157233
804590166.880712,1.7088139999999998
804590168.661288,1.717164
804590170.544688,1.8174569999999999
804590172.6838189,2.0760240000000003
804590174.610496,1.860844
804590176.673445,1.999101
804590178.398652,1.5744209999999998
804590180.0374429,1.575458
804590181.592924,1.487278
804590183.2025371,1.54605
804590184.83136,1.565064
804590186.53422,1.6371820000000001
804590188.332968,1.735822
804590190.109064,1.7093559999999999
804590191.901402,1.729487
804590193.488367,1.5234720000000002
804590195.0555711,1.501115
804590196.578944,1.46051
804590198.292484,1.6476819999999999
804590199.925111,1.556926
804590201.386479,1.398331
804590202.859959,1.407021
804590204.559853,1.63623
804590206.038982,1.413315
804590207.559948,1.4582359999999999
804590209.1068151,1.483515
804590210.638381,1.464951
804590212.31701,1.615341
804590213.818862,1.435898
804590215.519752,1.6368310000000001
804590217.123692,1.540708
804590218.5228399,1.332633
804590219.948996,1.3629040000000001
804590221.661273,1.625054
804590223.1784459,1.450022
804590224.649837,1.408019
804590226.250369,1.533671
804590227.653496,1.339159
804590229.213077,1.4967050000000002
804590230.702164,1.422582
804590232.281487,1.5156749999999999
804590233.927499,1.5791220000000001
804590235.3020099,1.311289
804590236.840552,1.47522
804590238.3223931,1.4159730000000001
804590239.6928841,1.306813
804590241.456355,1.699808
804590243.1027039,1.5799340000000002
804590244.9018439,1.735426
804590246.604929,1.635729
804590248.44537,1.777123
804590249.9373139,1.426055
804590251.850573,1.849526
804590253.772699,1.858954
804590255.8102231,1.9710489999999998
804590257.560198,1.686101
804590258.992027,1.365505
804590260.379187,1.323287
804590261.859614,1.413928
804590263.5474939,1.6245479999999999
804590265.082689,1.4722330000000001
804590266.588269,1.438765
804590268.0270799,1.349507
804590269.4286081,1.333129
804590271.0131481,1.5108730000000001
804590272.6614009,1.57615
804590274.054816,1.326459
804590275.544083,1.426597
804590277.061888,1.454496
804590278.58128,1.453214
804590279.7291191,1.028559
804590281.2058209,1.419352
804590282.535407,1.245345
804590284.160533,1.562372
804590285.58999,1.369827
804590287.1214061,1.467903
804590288.477042,1.292389
804590290.1251249,1.581668
804590291.620432,1.43205
804590293.288136,1.60413
804590294.850503,1.496138
804590296.254217,1.340532
804590297.92414,1.6031330000000001
804590299.410461,1.422968
804590300.8380051,1.364177
804590302.259961,1.355577
804590303.803861,1.480212
804590305.306851,1.43887
804590306.84858,1.47521
804590308.334179,1.421921
804590310.083147,1.68327
804590311.686515,1.53952
804590313.077269,1.327035
804590314.685283,1.5418999999999998
804590316.101255,1.3529
804590317.613271,1.445291
804590319.1169571,1.440234
804590320.537716,1.357051
804590322.518849,1.913992
804590323.943867,1.361556
804590325.677042,1.647862
804590327.4414561,1.697824
804590329.092099,1.5878070000000002
804590330.866486,1.707817
804590332.976308,2.046685
804590334.896991,1.85322
804590336.5881779,1.62795
804590338.5005361,1.845221
804590340.6458111,2.081963
804590342.373444,1.6616440000000001
804590344.117841,1.68136
804590346.1035551,1.918578
804590347.998077,1.8316949999999999
804590349.786631,1.697332
804590351.619133,1.769465
804590353.542015,1.8596750000000002
804590355.73208,2.1236599999999997
804590357.687528,1.892286
804590359.6394781,1.885531
804590361.743703,2.041338
804590363.683229,1.8729669999999998
804590365.73012,1.9842459999999997
804590368.035864,2.239515
804590369.792214,1.689214
804590371.460629,1.605573
804590373.330588,1.806582
804590374.955406,1.559186
804590377.1783221,2.159659
804590379.4773899,2.2327839999999997
804590381.846988,2.306466
804590384.158224,2.244656
804590386.222261,1.9981080000000002
804590388.139987,1.854989
804590390.079242,1.872089
804590392.129817,1.987127
804590394.040345,1.843412
804590396.229272,2.125178
804590398.1140211,1.817913
804590400.248746,2.071308
804590401.930297,1.614183
804590403.965786,1.971876
804590405.736855,1.6816360000000001
804590407.156641,1.3526
804590408.7950461,1.575484
804590410.759972,1.897969
804590412.399966,1.576811
804590414.3891569,1.9226370000000002
804590415.7949511,1.34216
804590417.4611399,1.602942
804590419.739365,2.211069
804590421.355157,1.5475079999999999
804590423.382488,1.960861
804590425.57388,2.128621
804590427.530591,1.8901510000000001
804590429.2353461,1.641783
804590430.962307,1.660316
804590432.898485,1.8730909999999998
804590435.020507,2.055597
804590437.0996381,2.0153380000000003
804590438.904786,1.7378509999999998
804590441.087088,2.119716
804590443.1567819,2.00348
804590445.4113519,2.191573
804590447.635024,2.1564710000000002
804590449.758218,2.060503
804590451.4964709,1.672068
804590453.2176081,1.657033
804590455.0889809,1.804913
804590456.9645131,1.81248
804590458.6811299,1.649851
804590460.805697,2.0617650000000003
804590462.773299,1.900485
804590464.704626,1.868456
804590466.441941,1.671662
804590468.399153,1.8750660000000001
804590470.437114,1.971976
804590472.252696,1.752005
804590474.215732,1.8955339999999998
804590476.139172,1.859465
804590478.244459,2.038526
804590480.1699721,1.862833
804590482.142229,1.905732
804590484.265593,2.059856
804590486.247844,1.915069
804590488.230631,1.920282
804590490.3566761,2.059946
804590492.345287,1.925774
804590494.2149099,1.8034999999999999
804590496.2230309,1.944734
804590498.207096,1.917546
804590500.149584,1.879697
804590502.354348,2.137557
804590504.2778671,1.8606230000000001
804590506.585926,2.2422459999999997
804590508.5441409,1.895102
804590510.3141971,1.7038019999999998
804590512.116925,1.7399710000000002
804590514.039191,1.8552600000000001
804590515.8933179,1.767481
804590518.092373,2.135948
804590519.8247019,1.665829
804590521.781438,1.893574
804590523.5894591,1.7419060000000002
804590525.497071,1.844355
804590527.2534,1.689644
804590529.356923,2.0405409999999997
804590531.0348899,1.6113469999999999
804590532.744817,1.646805
804590534.58198,1.771469
804590536.227807,1.582756
804590538.4171139,2.123284
804590540.169004,1.688777
804590541.897348,1.661619
804590543.751009,1.7902689999999999
804590545.514014,1.700189
804590547.439327,1.85741
804590549.177981,1.675506
804590550.88271,1.6383050000000001
804590552.913434,1.967507
804590554.8265691,1.846795
804590556.546173,1.6567479999999999
804590558.487784,1.875442
804590560.254883,1.704433
804590562.165066,1.8438180000000002
804590564.070974,1.84233
804590565.740095,1.602271
804590567.69613,1.893364
804590569.629031,1.8696380000000001
804590571.871522,2.1763630000000003
804590573.7082989,1.774071
804590575.641371,1.8657750000000002
804590577.4452411,1.740964
804590579.4203701,1.906719
804590581.351883,1.868987
804590583.126886,1.709095
804590585.034598,1.8443800000000001
804590586.751691,1.65122
804590589.081681,2.266502
804590590.787127,1.639232
804590593.01503,2.1645700000000003
804590594.681595,1.59998
804590596.684108,1.939521
804590598.494624,1.744026
804590600.202947,1.644484
804590602.338815,2.069349
804590604.114925,1.712587
804590605.962924,1.781288
804590607.7283349,1.702355
804590609.7370319,1.944683
804590611.508237,1.704258
804590613.444821,1.8738380000000001
804590615.1231741,1.6117830000000002
804590616.9218119,1.718076
804590619.015682,2.02732
804590620.92995,1.851461
804590622.63305,1.637197
804590624.601985,1.905698
804590626.843629,2.174964
804590629.313641,2.407135
804590631.597363,2.217659
804590633.840045,2.179209
804590636.480243,2.5722240000000003
804590638.1292729,1.582856
804590639.786853,1.594629
804590641.586468,1.736037
804590642.8527211,1.1992019999999999
804590644.215044,1.2990490000000001
804590645.786568,1.505401
804590647.1376841,1.2881850000000001
804590648.624461,1.42372
804590649.839129,1.148063
804590651.253197,1.35075
804590652.6937959,1.377523
804590654.206182,1.446613
804590655.683597,1.413651
804590657.296894,1.551558
804590658.840644,1.478072
804590660.392593,1.470504
804590661.9472829,1.488356
804590663.362092,1.3510060000000002
804590664.882656,1.457169
804590666.518893,1.575842
804590668.170614,1.588587
804590669.656679,1.4253689999999999
804590671.1655921,1.4455360000000002
804590672.630338,1.401303
804590674.6571571,1.960094
804590676.206901,1.486011
804590677.912217,1.639247
804590679.540062,1.564729
804590681.438703,1.835354
804590683.64027,2.135593
804590685.408001,1.70472
804590687.077082,1.6015890000000002
804590689.050292,1.909055
804590690.5949739,1.477941
804590692.334795,1.676323
804590694.0577359,1.656001
804590696.118811,1.9981769999999999
804590697.874894,1.689408
804590700.077573,2.139868
804590702.010263,1.865433
804590703.867543,1.793185
804590705.807145,1.875914
804590707.510471,1.637874
804590709.470811,1.897398
804590711.533253,1.996498
804590713.3953741,1.799299
804590715.333673,1.872605
804590717.1347461,1.737641
804590718.861727,1.660922
804590720.7860429,1.861224
804590722.8011401,1.9490079999999999
804590725.010003,2.146197
804590726.95851,1.882648
804590728.6978849,1.676804
804590730.806786,2.042005
804590733.010733,2.140679
804590735.098744,2.021166
804590737.392621,2.230568
804590739.496886,2.037941
804590741.254915,1.695237
804590743.083382,1.7616070000000001
804590745.271547,2.124813
804590747.526187,2.187193
804590749.269216,1.680302
804590751.0175921,1.681781
804590753.669261,2.5887729999999998
804590755.8072239,2.071133
804590757.96992,2.0980410000000003
804590760.121936,2.085451
804590762.335816,2.147515
804590764.326226,1.926906
804590765.995984,1.5858580000000002
804590768.0900251,2.031485
804590769.815522,1.657584
804590771.74906,1.8703
804590773.906633,2.093795
804590775.655596,1.682056
804590777.528832,1.793782
804590779.041931,1.445216
804590780.860906,1.7610359999999998
804590782.3976401,1.470876
804590784.196018,1.7349100000000002
804590785.754707,1.491523
804590787.7233009,1.897859
804590789.432458,1.645907
804590790.77807,1.286164
804590792.361771,1.5035459999999998
804590793.927549,1.5003009999999999
804590795.733035,1.7483410000000001
804590797.2837969,1.493414
804590798.848263,1.498542
804590800.524297,1.618953
804590802.127826,1.537094
804590803.7568591,1.566132
804590805.342967,1.5222250000000002
804590806.990083,1.5802699999999998
804590808.38036,1.326834
804590810.0132021,1.5659910000000001
804590811.487129,1.411111
804590812.790349,1.225018
804590814.458418,1.6015190000000001
804590816.151355,1.6426500000000002
804590817.5366099,1.320004
804590818.836527,1.241987
804590820.537823,1.6400640000000002
804590821.906355,1.318184
804590823.2188159,1.261482
804590824.565938,1.293892
804590825.949469,1.334643
804590827.3824561,1.3818929999999998
804590829.0170519,1.589537
804590830.351971,1.2708190000000001
804590831.940029,1.527984
804590833.3273491,1.341288
804590834.57105,1.194877
804590835.903969,1.274567
804590837.052949,1.089937
804590838.369588,1.214985
804590839.60162,1.185841
804590841.1064279,1.4627780000000001
804590842.1586621,0.99456
804590843.1742151,0.9707439999999999
804590844.4722611,1.24317
804590846.0407331,1.524437
804590847.40673,1.323895
804590849.199004,1.739169
804590850.5396421,1.296748
804590851.899901,1.3156960000000002
804590853.465026,1.5249510000000002
804590854.840139,1.318306
804590855.967011,1.075195
804590857.010946,0.9867459999999999
804590858.44039,1.387082
804590859.59542,1.115049
804590860.765236,1.129719
804590862.250558,1.430238
804590863.523129,1.232526
804590864.551251,0.9843919999999999
804590865.764749,1.1726670000000001
804590866.9576811,1.1499570000000001
804590868.1121291,1.111498
804590869.464123,1.305164
804590871.007952,1.482086
804590872.3693769,1.3003680000000002
804590873.740746,1.306508
804590875.384749,1.5714590000000002
804590877.2278459,1.781433
804590879.014591,1.7221899999999999
804590880.745266,1.66838
804590882.5808899,1.770543
804590884.209187,1.566462
804590885.640865,1.366772
804590887.322536,1.61904
804590888.974131,1.5896059999999999
804590890.69588,1.656061
804590892.340745,1.5829
804590893.899019,1.492511
804590895.722896,1.761767
804590897.335391,1.550079
804590899.241765,1.8413279999999999
804590901.341945,1.777083
804590903.08762,1.6803029999999999
804590904.7595731,1.61032
804590906.927997,2.102175
804590909.117801,2.1278349999999997
804590910.618194,1.4355069999999999
804590912.555586,1.875366
804590914.4745691,1.853
804590916.266481,1.729111
804590917.756701,1.424377
804590919.2179329,1.399308
804590920.665634,1.3859670000000002
804590922.131668,1.400501
804590923.768054,1.573434
804590925.3013641,1.47084
804590926.607365,1.240107
804590927.9617441,1.28602
804590929.425166,1.3774819999999999
804590930.907042,1.4156119999999999
804590932.524383,1.554595
804590934.054641,1.463653
804590935.7072439,1.5848360000000001
804590937.1399001,1.3699999999999999
804590938.724149,1.517568
804590940.132398,1.344044
804590941.861248,1.662426
804590943.265352,1.340892
804590944.829685,1.5003790000000001
804590946.199685,1.302328
804590947.696656,1.433719
804590949.194815,1.435167
804590950.759448,1.498705
804590952.261606,1.439577
804590953.65484,1.326484
804590955.191939,1.4733509999999999
804590956.761113,1.5059559999999999
804590958.324773,1.497627
804590959.732767,1.345027
804590961.5868391,1.790795
804590963.207402,1.554509
804590964.9530671,1.676634
804590966.670031,1.650253
804590968.11477,1.381247
804590969.5950071,1.413917
804590971.099019,1.440559
804590972.582783,1.4205070000000002
804590974.244909,1.594562
804590975.959325,1.651776
804590977.7342631,1.689043
804590979.4582319,1.65784
804590981.112945,1.591831
804590982.6425971,1.463478
804590984.1621749,1.456566
804590985.832339,1.603418
804590987.172525,1.277194
804590988.835547,1.599013
804590990.5495089,1.6472959999999999
804590992.1026851,1.4900099999999998
804590993.522942,1.354338
804590995.3098129,1.723849
804590996.836227,1.442644
804590998.355926,1.453188
804591000.1858059,1.766343
804591001.857509,1.605599
804591003.646494,1.725332
804591005.499264,1.789892
804591007.315087,1.749829
804591009.247055,1.8693279999999999
804591011.1356831,1.8227289999999998
804591012.990968,1.791502
804591014.650938,1.59332
804591016.453541,1.7395209999999999
804591018.1402531,1.6201519999999998
804591020.093371,1.889565
804591021.816583,1.657148
804591023.804422,1.925443
804591025.469439,1.601509
804591027.2085481,1.672148
804591028.938597,1.667518
804591030.9312919,1.92634
804591032.850175,1.856046
804591034.69477,1.778025
804591036.4617289,1.703642
804591038.376027,1.847797
804591040.140841,1.701367
804591042.056377,1.849436
804591043.881912,1.762499
804591045.6600169,1.715003
804591047.5878509,1.836586
804591049.683205,2.031941
804591051.468252,1.718882
804591053.428431,1.8968120000000002
804591055.4066471,1.9121679999999999
804591057.593078,2.123254
804591059.544552,1.885606
804591061.310921,1.70283
804591063.431834,2.0551150000000002
804591065.2571291,1.761707
804591067.393644,2.06981
804591069.1252561,1.667528
804591071.0520021,1.8606070000000001
804591073.128963,2.0139590000000003
804591074.882952,1.687705
804591076.818123,1.872274
804591078.642512,1.757829
804591080.589636,1.883376
804591082.537491,1.881957
804591084.477008,1.875386
804591086.632446,2.089089
804591088.418119,1.723077
804591090.239595,1.7547210000000002
804591092.430762,2.127609
804591094.3680929,1.870971
804591096.1556101,1.723758
804591097.9301369,1.706739
804591099.794584,1.800737
804591101.751235,1.893966
804591103.671817,1.853691
804591105.4070129,1.671472
804591107.6160309,2.142589
804591109.583813,1.905206
804591111.5733061,1.923323
804591113.375582,1.738734
804591115.3877469,1.946242
804591117.409856,1.959428
804591119.537219,2.061054
804591121.414886,1.814395
804591123.521692,2.040216
804591125.328053,1.74365
804591127.6092,2.2150529999999997
804591130.0991731,2.427152
804591132.524225,2.358397
804591134.8162769,2.229146
804591136.492755,1.613251
804591138.222222,1.663593
804591140.141571,1.856056
804591142.101685,1.893474
804591143.878357,1.713705
804591145.914193,1.973099
804591147.981251,2.000509
804591150.215438,2.146288
804591151.935929,1.653976
804591154.1775539,2.179355
804591156.079152,1.833966
804591157.704978,1.5597269999999999
804591159.872194,2.104165
804591161.9464439,2.00979
804591163.9196581,1.906915
804591165.730234,1.7478699999999998
804591167.804078,2.007815
804591169.795049,1.92819
804591171.572202,1.711435
804591173.530672,1.895509
804591175.667278,2.070636
804591177.549009,1.818665
804591179.698444,2.082935
804591181.644621,1.8825230000000002
804591183.569042,1.8581159999999999
804591185.491633,1.859926
804591187.231915,1.6741480000000002
804591189.068712,1.7731190000000001
804591190.9934341,1.858433
804591192.6591979,1.5833220000000001
804591194.305311,1.579232
804591195.9823409,1.613853
804591197.648576,1.57177
804591199.410619,1.6957529999999998
804591201.1393789,1.665995
804591203.217212,2.011399
804591204.937924,1.657544
804591206.951417,1.9440119999999999
804591208.897909,1.883821
804591210.6767919,1.7128530000000002
804591212.8182529,2.078505
804591214.748949,1.864707
804591216.962468,2.150778
804591218.891971,1.863239
804591220.832294,1.876063
804591222.7909191,1.892707
804591224.516327,1.663008
804591226.409415,1.827209
804591228.150168,1.677361
804591230.220975,2.004712
804591231.895584,1.611122
804591233.912395,1.953634
804591235.567299,1.588489
804591237.540394,1.909572
804591239.392201,1.7850959999999998
804591241.401349,1.94544
804591243.3506429,1.8828289999999999
804591245.6564571,2.242646
804591247.3651949,1.642484
804591249.202077,1.77385
804591251.158242,1.88985
804591253.793974,2.572635
804591256.359097,2.498568
804591258.7274671,2.302612
804591260.849232,2.058348
804591262.900915,1.984757
804591264.8531411,1.889164
804591266.715387,1.795531
804591268.568983,1.7908449999999998
804591270.768871,2.132345
804591272.666043,1.834296
804591274.82697,2.094707
804591276.568465,1.6790539999999998
804591278.512807,1.8777629999999998
804591280.2916889,1.715384
804591282.057019,1.6991459999999998
804591283.825978,1.705676
804591285.779397,1.890532
804591287.626718,1.780967
804591289.391021,1.7012559999999999
804591291.574641,2.117626
804591293.446645,1.809333
804591295.195703,1.682658
804591297.147778,1.8883269999999999
804591299.086412,1.872315
804591300.9943149,1.8452060000000001
804591303.356926,2.296818
804591305.326151,1.906169
804591307.213727,1.820684
804591309.3426241,2.065941
804591311.7136099,2.3044160000000002
804591313.629366,1.852583
804591315.464113,1.768738
804591317.7096211,2.1820910000000002
804591319.8498701,2.073863
804591321.68153,1.768237
804591323.993728,2.246746
804591325.98921,1.901693
804591327.7510071,1.69848
804591330.0167431,2.202403
804591332.136273,2.053923
804591333.932276,1.733156
804591335.818593,1.821807
804591337.655937,1.77399
804591339.500025,1.7766570000000002
804591341.298197,1.735496
804591343.299066,1.9346750000000001
804591345.226294,1.864076
804591347.147828,1.855471
804591348.955011,1.743986
804591351.0006541,1.979259
804591352.943287,1.87915
804591354.861564,1.8522180000000001
804591356.9918541,2.067825
804591358.685067,1.6274250000000001
804591360.583407,1.835108
804591362.538569,1.889184
804591364.326723,1.725533
804591366.360679,1.96694
804591368.279824,1.856282
804591370.0735949,1.727648
804591371.987898,1.8509589999999998
804591374.028985,1.950231
804591375.943814,1.84906
804591378.146432,2.115486
804591379.905844,1.69198
804591381.867316,1.898024
804591383.945986,2.012406
804591385.735423,1.7022389999999998
804591387.691728,1.890251
804591389.6310741,1.87663
804591391.5464541,1.8305529999999999
804591393.544081,1.934069
804591395.63111,2.021447
804591397.6387451,1.944849
804591399.862368,2.157603
804591402.1821691,2.2567500000000003
804591404.297635,2.049006
804591406.417055,2.052905
804591408.421136,1.940714
804591410.3839271,1.896291
804591413.1830751,2.7362319999999998
804591414.232078,0.982557
804591415.606207,1.3114540000000001
804591417.315517,1.645807
804591419.250819,1.869473
804591421.311627,1.9974960000000002
804591423.119872,1.7411539999999999
804591425.2102051,2.026974
804591427.203406,1.927212
804591429.044493,1.7782550000000001
804591430.7851961,1.6744780000000001
804591432.687395,1.8394030000000001
804591434.587881,1.833995
804591436.49631,1.845708
804591438.22306,1.659915
804591440.045524,1.759682
804591442.050392,1.9362590000000002
804591443.9544251,1.841072
804591446.033366,1.9911260000000002
804591447.93753,1.837434
804591449.791386,1.79087
804591451.875935,2.01845
804591453.884387,1.945586
804591455.6327239,1.6821519999999999
804591457.535324,1.838647
804591459.4138681,1.8122399999999999
804591461.253041,1.775664
804591463.172144,1.851802
804591465.234872,1.999611
804591466.85736,1.556008
804591468.615634,1.6954879999999999
804591470.863829,2.181856
804591472.75187,1.825295
804591474.543893,1.725728
804591476.667041,2.059656
804591478.891972,2.159434
804591481.032626,2.0773319999999997
804591483.084098,1.9855889999999998
804591484.987646,1.840621
804591487.0995691,2.046104
804591489.077635,1.9149589999999999
804591490.947148,1.802797
804591492.896346,1.8861620000000001
804591494.571241,1.609042
804591496.5353639,1.901517
804591498.289664,1.687559
804591500.424445,2.071945
804591502.571985,2.0809349999999998
804591505.061803,2.426135
804591507.307422,2.1786779999999997
804591509.34261,1.9724220000000001
804591511.274609,1.866386
804591513.429793,2.0922419999999997
804591515.331501,1.835835
804591517.188771,1.7933409999999999
804591518.8350741,1.579172
804591520.774605,1.876154
804591522.584675,1.743811
804591524.854515,2.206824
804591527.073191,2.1524970000000003
804591528.743435,1.606756
804591530.4967281,1.687158
804591532.317126,1.7577129999999999
804591534.2126961,1.8293700000000002
804591536.38535,2.109247
804591538.064269,1.613798
804591539.752219,1.625369
804591541.506925,1.691609
804591543.239514,1.6487889999999998
804591545.077329,1.775043
804591547.0070069,1.863224
804591549.008818,1.93878
804591551.087453,2.011539
804591553.059264,1.908389
804591555.1800569,2.054479
804591557.224593,1.981404
804591559.455603,2.165668
804591561.339044,1.820419
804591563.221207,1.8154379999999999
804591565.275355,1.9910459999999999
804591567.243417,1.901974
804591569.049397,1.743209
804591570.829868,1.713806
804591572.616152,1.723062
804591574.715922,2.032763
804591576.906542,2.127724
804591578.976001,2.002864
804591580.913583,1.8744949999999998
804591583.012571,2.031821
804591584.786993,1.710668
804591586.8967249,2.043223
804591588.837554,1.877717
804591590.758131,1.854528
804591592.732363,1.892056
804591594.8311751,2.032012
804591596.863362,1.9686130000000002
804591599.094527,2.164596
804591600.985059,1.827932
804591602.960358,1.90887
804591605.311157,2.287642
804591607.276438,1.899268
804591609.165222,1.8258910000000002
804591611.389796,2.158381
804591613.556191,2.102405
804591615.373953,1.7511670000000001
804591617.313018,1.876038
804591619.414812,2.034723
804591621.352925,1.875312
804591623.095523,1.6762229999999998
804591624.9881951,1.828908
804591627.356956,2.301604
804591629.7367871,2.316614
804591632.241955,2.4383220000000003
804591634.533491,2.223618
804591636.3469889,1.750712
804591638.086795,1.672901
804591639.9592149,1.809523
804591642.103372,2.055722
804591644.201518,2.031986
804591646.149083,1.8805040000000002
804591648.14052,1.9277039999999999
804591650.00009,1.79319
804591652.112233,2.048986
804591654.218858,2.04019
804591656.168137,1.885711
804591658.1454409,1.9106640000000001
804591659.9925771,1.758966
804591662.0665561,1.975319
804591663.914098,1.784575
804591665.776094,1.798638
804591667.5801541,1.737425
804591669.342899,1.699367
804591671.081077,1.671678
804591672.882231,1.737927
804591674.622082,1.673692
804591676.383263,1.69835
804591678.167337,1.717675
804591680.259724,2.02909
804591682.221577,1.894015
804591684.1320161,1.846855
804591686.0833839,1.8843130000000001
804591687.772487,1.625786
804591689.684675,1.8487989999999999
804591691.634926,1.883926
804591693.625691,1.9276790000000001
804591695.586959,1.894426
804591697.568528,1.918517
804591699.423542,1.7887899999999999
804591701.4300591,1.942213
804591703.2610819,1.764203
804591705.153659,1.82941
804591707.301611,2.0818070000000004
804591709.454078,2.088698
804591711.416948,1.8962
804591713.289032,1.808732
804591715.056147,1.701246
804591716.835911,1.716643
804591718.727731,1.8258020000000001
804591720.7607,1.969536
804591722.789299,1.9617129999999998
804591724.807729,1.9541300000000001
804591726.809189,1.935006
804591728.8086799,1.936093
804591730.922346,2.04652
804591732.841605,1.856167
804591734.756278,1.848244
804591736.677853,1.858061
804591738.523215,1.7794889999999999
804591740.392392,1.8057800000000002
804591742.2897999,1.831374
804591744.2423171,1.88934
804591746.186709,1.8781430000000001
804591748.243047,1.993346
804591750.302623,1.9925
804591752.50474,2.139056
804591754.2279431,1.656663
804591756.1219879,1.830137
804591758.390751,2.202604
804591760.333951,1.879662
804591762.3062941,1.905567
804591764.121119,1.751107
804591765.9887481,1.799836
804591767.783387,1.731537
804591769.872581,2.026233
804591771.583385,1.644785
804591773.39161,1.745118
804591775.393316,1.934109
804591777.130932,1.674083
804591778.916856,1.718491
804591780.789015,1.8095839999999999
804591783.0399109,2.185148
804591784.891744,1.788721
804591786.946719,1.988846
804591788.688795,1.67906
804591790.456085,1.701201
804591792.329758,1.790925
804591794.588241,2.1922989999999998
804591796.623034,1.971976
804591798.547831,1.8589229999999999
804591800.473781,1.862692
804591802.317754,1.777303
804591804.414797,2.03347
804591806.546782,2.064859
804591808.364004,1.754375
804591810.137789,1.7063329999999999
804591812.06259,1.86166
804591813.93468,1.8033789999999998
804591815.834333,1.835569
804591818.157287,2.258854
804591820.4834731,2.259461
804591822.729553,2.179164
804591824.9214619,2.1289719999999996
804591826.765841,1.77817
804591828.934075,2.1048009999999997
804591831.185798,2.185043
804591833.133078,1.88277
804591835.0748991,1.8745800000000001
804591837.351871,2.2133439999999998
804591839.246257,1.827661
804591841.1731291,1.863815
804591843.182873,1.942974
804591845.018332,1.772257
804591847.187232,2.1019039999999998
804591849.105003,1.854402
804591851.219682,2.047126
804591853.053441,1.770658
804591855.1347879,2.0148919999999997
804591856.951519,1.753709
804591858.7943599,1.7765719999999998
804591860.957081,2.099508
804591862.9297191,1.9063590000000001
804591865.011822,2.018982
804591866.895573,1.817617
804591868.889446,1.930635
804591870.87326,1.9175
804591872.903607,1.9674459999999998
804591874.621893,1.6519460000000001
804591876.989687,2.304465
804591879.2647599,2.208663
804591881.3019329,1.9744430000000002
804591883.126116,1.757903
804591884.988117,1.799174
804591886.817406,1.763216
804591889.122373,2.241695
804591891.0317191,1.843151
804591893.19691,2.10232
804591895.45805,2.1944299999999997
804591897.548798,2.027937
804591899.8444691,2.2295760000000002
804591901.947772,2.039103
804591903.854637,1.8401450000000001
804591905.6647019,1.7471889999999999
804591907.4599719,1.729031
804591909.577808,2.054243
804591911.495067,1.8500780000000001
804591913.8005359,2.2415439999999998
804591915.6095129,1.742532
804591917.402442,1.72858
804591919.1024361,1.63411
804591921.2206479,2.054895
804591923.174487,1.887089
804591925.3589239,2.1215349999999997
804591927.1887801,1.763747
804591929.254956,2.0031990000000004
804591931.143594,1.821928
804591933.12628,1.919344
804591935.087512,1.894536
804591936.896189,1.7452990000000002
804591938.661173,1.6987759999999998
804591940.604453,1.880143
804591942.323967,1.65324
804591944.403679,2.016089
804591946.423477,1.953418
804591948.770999,2.284319
804591950.882967,2.0455680000000003
804591952.651746,1.705145
804591954.4764539,1.759086
804591956.1863861,1.647156
804591958.421741,2.168178
804591960.580191,2.094101
804591962.564968,1.918407
804591964.461484,1.833129
804591966.291114,1.763597
804591968.566532,2.212532
804591970.5576179,1.924837
804591972.3227581,1.7022680000000001
804591974.286075,1.897148
804591976.356091,2.006974
804591978.330413,1.907687
804591980.285515,1.8924720000000002
804591982.318369,1.9666890000000001
804591984.310537,1.928716
804591986.261786,1.884352
804591988.4280499,2.102731
804591990.3611361,1.866622
804591992.278836,1.854904
804591994.166296,1.821281
804591996.1165819,1.886919
804591998.179641,1.9783119999999998
804592000.127507,1.884639
804592002.283798,2.0901069999999997
804592004.1235269,1.7769220000000001
804592005.94789,1.757687
804592008.124768,2.114138
804592009.888791,1.697608
804592011.707591,1.7556939999999999
804592013.4907831,1.7194440000000002
804592015.4175689,1.8603269999999998
804592017.457664,1.977098
804592019.390881,1.866336
804592021.195192,1.74139
804592023.270054,2.008738
804592025.343357,2.010246
804592027.426437,2.016816
804592029.1802709,1.6907109999999999
804592031.057441,1.8109709999999999
804592032.858585,1.738152
804592034.763366,1.8384099999999999
804592036.677322,1.850845
804592038.4773389,1.734159
804592040.277045,1.735556
804592042.229115,1.885611
804592044.115106,1.822939
804592046.328435,2.1463680000000003
804592048.62596,2.2344169999999997
804592050.8806039,2.1883649999999997
804592052.886565,1.943375
804592055.078243,2.124637
804592057.2400869,2.0985259999999997
804592059.0722339,1.765301
804592061.1064459,1.9714509999999998
804592063.0250831,1.852198
804592064.693999,1.605784
804592066.698993,1.938779
804592068.79145,2.028609
804592070.88965,2.032302
804592073.001072,2.048345
804592075.07274,2.005745
804592076.918383,1.7825460000000002
804592078.672593,1.6877140000000002
804592080.542867,1.807208
804592082.649628,2.039945
804592084.658105,1.9453999999999998
804592086.56041,1.83569
804592088.789164,2.1654769999999997
804592090.7124931,1.856273
804592092.615689,1.839959
804592094.617586,1.93502
804592096.70046,2.019517
804592098.554984,1.7879180000000001
804592100.460054,1.841447
804592102.2116879,1.685054
804592104.1181719,1.843297
804592106.098424,1.9140570000000001
804592107.890487,1.729513
804592110.280391,2.326517
804592112.149829,1.8021260000000001
804592113.973676,1.756806
804592115.776063,1.73918
804592117.5367119,1.697252
804592119.428888,1.826012
804592121.202408,1.7095310000000001
804592123.495738,2.227055
804592125.7876489,2.228805
804592128.415954,2.5621810000000003
804592130.571985,2.089321
804592132.710094,2.074742
804592134.1637491,1.38742
804592135.882801,1.655936
804592137.4585401,1.512953
804592139.302038,1.777128
804592141.5372369,2.1720070000000002
804592143.4018589,1.798543
804592145.217106,1.75248
804592147.248516,1.9650349999999999
804592149.718948,2.407436
804592151.321695,1.535886
804592153.151451,1.766985
804592155.237398,2.0199380000000002
804592157.064147,1.7639820000000002
804592158.73843,1.6081050000000001
804592160.644488,1.842756
804592162.5519301,1.840881
804592164.3331721,1.7173539999999998
804592166.051648,1.652407
804592167.9024429,1.786084
804592169.882599,1.917485
804592171.823384,1.8743539999999999
804592173.687955,1.801635
804592175.483331,1.729422
804592177.221342,1.674825
804592179.368261,2.0811010000000003
804592181.245903,1.8150110000000002
804592183.08034,1.768183
804592185.182986,2.039288
804592186.967796,1.718506
804592188.694768,1.6638650000000001
804592190.387645,1.625781
804592192.2022411,1.750957
804592193.73955,1.470234
804592195.780277,1.9597030000000002
804592197.281878,1.438374
804592199.34831,2.000002
804592201.416851,2.0049930000000002
804592203.1491851,1.664596
804592205.076483,1.864376
804592206.843462,1.7005849999999998
804592208.597361,1.690045
804592210.536491,1.871964
804592212.26057,1.661058
804592214.272405,1.9566459999999999
804592216.1901361,1.853872
804592218.070174,1.811613
804592219.8425959,1.7092349999999998
804592221.9710671,2.0649480000000002
804592223.857188,1.8185339999999999
804592225.817122,1.896456
804592227.608313,1.724129
804592229.516897,1.845622
804592231.428042,1.84485
804592233.556042,2.064983
804592235.403944,1.781132
804592237.534626,2.067695
804592239.215129,1.614269
804592241.424519,2.145496
804592243.401848,1.9106889999999999
804592245.222192,1.7564099999999998
804592247.548874,2.2603380000000004
804592249.324033,1.712131
804592251.3772839,1.986645
804592253.587074,2.146734
804592255.724025,2.071544
804592257.866498,2.079071
804592259.8106099,1.8785290000000001
804592261.36511,1.491933
804592263.339437,1.908184
804592265.434129,2.03134
804592267.603917,2.1040799999999997
804592269.317016,1.6260370000000002
804592271.131987,1.748391
804592273.097404,1.902234
804592275.0706381,1.9071310000000001
804592277.054026,1.9204370000000002
804592279.265225,2.145215
804592281.316075,1.9878029999999998
804592283.2476679,1.8648829999999998
804592285.1092271,1.798362
804592287.052292,1.87706
804592289.022449,1.907206
804592291.241637,2.1531990000000003
804592293.0462589,1.7418310000000001
804592294.959925,1.847522
804592296.786188,1.76312
804592298.6396029,1.786655
804592300.913533,2.211079
804592303.154912,2.175265
804592305.0702109,1.851646
804592307.37145,2.2344980000000003
804592309.4736251,2.039328
804592311.430782,1.8909280000000002
804592313.334635,1.840065
804592315.247148,1.846314
804592317.14587,1.835829
804592319.183063,1.9707489999999999
804592321.212689,1.9667949999999998
804592323.214345,1.935512
804592325.353631,2.075889
804592327.234982,1.814169
804592328.9148381,1.616795
804592330.71695,1.735742
804592332.523271,1.742764
804592334.6348729,2.0456179999999997
804592336.451182,1.752822
804592338.62155,2.103994
804592340.732586,2.047332
804592342.437441,1.63852
804592344.7618179,2.261516
804592346.5252091,1.697368
804592348.307579,1.719319
804592350.074739,1.7013969999999998
804592352.266593,2.128151
804592354.194011,1.860562
804592356.298536,2.041097
804592358.418893,2.054088
804592360.177418,1.695338
804592362.1367899,1.893524
804592363.879172,1.678944
804592365.72275,1.779709
804592367.4985299,1.70903
804592369.339121,1.777704
804592371.5290401,2.122883
804592373.695815,2.103874
804592375.522925,1.7608000000000001
804592378.150223,2.564461
804592380.508248,2.291856
804592382.397572,1.8225330000000002
804592384.268985,1.8088920000000002
804592386.205143,1.869152
804592388.326392,2.058408
804592390.246343,1.853897
804592392.356586,2.046786
804592394.671241,2.2484509999999998
804592396.629631,1.894827
804592398.5681951,1.857475
804592400.766885,2.135844
804592402.9158089,2.081747
804592404.619431,1.641001
804592406.6166509,1.9307759999999998
804592408.488911,1.8092920000000001
804592410.823792,2.2689429999999997
804592412.741257,1.854183
804592414.389089,1.581077
804592416.172612,1.7208320000000001
804592418.122392,1.883306
804592419.688208,1.502383
804592421.474898,1.723669
804592423.163896,1.6224480000000001
804592425.219828,1.9929409999999999
804592427.404956,2.118829
804592429.168508,1.6999879999999998
804592431.051597,1.816304
804592433.058054,1.943365
804592434.810755,1.687003
804592436.677041,1.802638
804592438.830791,2.0876710000000003
804592440.899083,2.005274
804592443.094134,2.128932
804592444.962499,1.804878
804592447.0914611,2.0616649999999996
804592448.7553909,1.60007
804592450.678629,1.8571600000000001
804592452.8963931,2.154356
804592455.140698,2.178337
804592457.0029551,1.799319
804592458.8247061,1.755552
804592460.9423469,2.0539780000000003
804592462.752382,1.743375
804592464.608655,1.793231
804592466.538243,1.863259
804592468.632609,2.0302919999999998
804592470.3769959,1.677832
804592472.116441,1.676388
804592474.115371,1.933267
804592476.260706,2.083035
804592477.9845301,1.657575
804592479.910309,1.862858
804592482.015521,2.042236
804592483.8278719,1.7457
804592485.609094,1.717665
804592487.98658,2.311026
804592490.27343,2.200434
804592492.113399,1.7727629999999999
804592494.079998,1.900164
804592495.850962,1.7081279999999999
804592497.83452,1.9200599999999999
804592499.909332,2.008301
804592502.217501,2.244577
804592504.397838,2.113832
804592506.491158,2.0267739999999996
804592508.451167,1.897053
804592510.152623,1.634866
804592511.754473,1.5388979999999999
804592513.718241,1.90022
804592515.233238,1.448538
804592516.683811,1.3874810000000002
804592518.35183,1.6011140000000001
804592520.0783,1.6634790000000002
804592522.092856,1.94759
804592523.8359591,1.680062
804592525.7603849,1.8609930000000001
804592527.4570609,1.630271
804592529.313233,1.7933409999999999
804592531.547987,2.1682289999999997
804592533.3260579,1.7150889999999999
804592535.069948,1.677977
804592537.140905,2.008241
804592538.96603,1.759021
804592540.811833,1.782385
804592542.579283,1.7012909999999999
804592544.361403,1.71768
804592546.5113491,2.083121
804592548.31553,1.7412050000000001
804592550.029025,1.647716
804592552.136497,2.0448269999999997
804592554.2108821,2.007214
804592555.9266421,1.652563
804592558.006651,2.016676
804592559.7764771,1.703226
804592561.701224,1.861845
804592563.717609,1.9505320000000002
804592565.720382,1.9398970000000002
804592567.5479931,1.76098
804592569.5213519,1.9102679999999999
804592571.5899141,2.001917
804592573.3670969,1.714653
804592575.274498,1.841428
804592577.18855,1.850048
804592579.2947639,2.0401149999999997
804592581.126855,1.7689089999999998
804592582.934835,1.7409789999999998
804592584.91225,1.913947
804592586.989141,2.010231
804592589.090529,2.038281
804592591.087218,1.930555
804592592.978477,1.8283019999999999
804592594.744975,1.682167
804592596.564432,1.756715
804592598.67018,2.039589
804592600.827678,2.094843
804592602.7545251,1.860938
804592604.566169,1.749068
804592606.484265,1.851045
804592608.6108019,2.0635
804592610.54473,1.867845
804592612.494911,1.886592
804592614.348001,1.78681
804592616.43091,2.020103
804592618.441973,1.9442769999999998
804592620.397527,1.892571
804592622.3218579,1.858452
804592624.55804,2.1729700000000003
804592627.0941,2.469174
804592629.576806,2.4197189999999997
804592632.119401,2.476105
804592634.349739,2.164535
804592636.234413,1.8219180000000001
804592638.284105,1.983659
804592640.409088,2.0616250000000003
804592642.201146,1.726044
804592643.959921,1.695783
804592645.776406,1.730394
804592647.582252,1.740022
804592649.801098,2.155655
804592651.602162,1.73481
804592653.4997151,1.8344310000000001
804592655.568758,2.002583
804592657.53662,1.904565
804592659.530713,1.912789
804592661.387632,1.793647
804592663.233525,1.779669
804592665.196476,1.90001
804592667.4154371,2.153113
804592669.17955,1.70078
804592671.0455949,1.799781
804592672.9139401,1.805028
804592674.521158,1.541174
804592676.284784,1.70051
804592678.314115,1.962661
804592680.245908,1.868636
804592682.124919,1.812154
804592684.055354,1.867488
804592685.856482,1.729392
804592687.655872,1.736173
804592689.412728,1.6938140000000002
804592691.292344,1.812846
804592693.143099,1.787763
804592695.253212,2.043919
804592697.235588,1.91985
804592699.149479,1.8468149999999999
804592701.235111,2.0214220000000003
804592703.124796,1.823381
804592705.356408,2.1681790000000003
804592706.945663,1.522871
804592708.515709,1.5065879999999998
804592710.185151,1.603754
804592711.920221,1.672148
804592713.683808,1.70044
804592715.417094,1.667723
804592717.173157,1.6926160000000001
804592718.898615,1.659289
804592721.167393,2.205035
804592723.0805581,1.8472009999999999
804592725.003575,1.8603319999999999
804592726.756116,1.685846
804592728.6322399,1.813177
804592730.877398,2.179921
804592732.808965,1.868656
804592734.93236,2.0572049999999997
804592737.2374619,2.242361
804592739.01449,1.7111889999999998
804592740.7059981,1.628271
804592742.434112,1.66182
804592744.162326,1.6653779999999998
804592746.093313,1.864623
804592747.9777361,1.821346
804592750.0985041,2.026383
804592752.425006,2.259687
804592754.79923,2.307979
804592757.3770219,2.514525
804592759.79845,2.3549640000000003
804592761.4962081,1.634651
804592763.442319,1.8792959999999999
804592765.5015941,1.9969800000000002
804592767.4094019,1.841633
804592769.4653441,1.9925350000000002
804592771.748285,2.216848
804592773.5109401,1.699171
804592775.7210809,2.143993
804592777.938339,2.1542660000000002
804592779.744354,1.7402769999999999
804592781.6698971,1.862968
804592783.513034,1.780416
804592785.591303,2.015673
804592787.544065,1.885781
804592789.283255,1.675972
804592791.1408451,1.7912810000000001
804592792.953912,1.749714
804592795.0309681,1.985353
804592796.790055,1.6959989999999998
804592798.8552829,1.999425
804592800.8357401,1.916759
804592802.65881,1.757412
804592804.440659,1.7181849999999999
804592806.199815,1.692826
804592807.953754,1.6911070000000001
804592809.915146,1.8720500000000002
804592811.782003,1.800452
804592813.6539221,1.809448
804592815.754383,2.034192
804592817.72217,1.904595
804592819.62479,1.836521
804592821.741965,2.0549600000000003
804592823.691895,1.883371
804592825.685728,1.930394
804592827.7329739,1.9810729999999999
804592829.667709,1.871051
804592831.590161,1.855465
804592833.313043,1.659469
804592835.260077,1.880378
804592837.360478,2.03737
804592839.333341,1.90707
804592841.4146329,2.01856
804592843.333506,1.852473
804592845.0907019,1.693879
804592846.807224,1.650183
804592848.74243,1.872214
804592850.844324,2.035635
804592852.7181021,1.810892
804592854.778861,1.9948040000000002
804592856.598979,1.75677
804592858.691897,2.0266339999999996
804592860.632771,1.877687
804592862.388795,1.68981
804592864.537699,2.086117
804592866.358759,1.755192
804592868.14754,1.7256280000000002
804592870.240122,2.0264279999999997
804592872.22985,1.926531
804592874.198514,1.902796
804592876.160332,1.899232
804592878.709608,2.458009
804592881.025996,2.2523489999999997
804592883.4240401,2.331584
804592885.992566,2.505354
804592888.206797,2.147235
804592889.9108399,1.6411520000000002
804592891.87732,1.903242
804592893.9877989,2.047573
804592895.952153,1.8976979999999999
804592898.327524,2.287651
804592900.3481181,1.9544559999999997
804592902.378125,1.9635669999999998
804592904.546835,2.105733
804592906.558324,1.9454749999999998
804592908.4564079,1.8353840000000001
804592910.318434,1.795742
804592912.247355,1.865804
804592914.162314,1.849
804592916.2402979,2.014385
804592918.488783,2.182131
804592920.532266,1.980431
804592922.42752,1.829184
804592924.436087,1.946057
804592926.217856,1.714843
804592928.258828,1.977931
804592930.201486,1.875983
804592931.937318,1.672951
804592933.998999,1.998513
804592935.9513799,1.8855149999999998
804592938.059759,2.022069
804592939.8229941,1.697437
804592941.879869,1.9930759999999998
804592943.855454,1.909562
804592945.789041,1.869904
804592947.916245,2.0603930000000004
804592949.752576,1.7734249999999998
804592952.050942,2.232092
804592954.234006,2.1158959999999998
804592956.314049,2.016836
804592958.4365361,2.0551250000000003
804592960.422871,1.923108
804592962.508648,2.019101
804592964.627186,2.055571
804592966.933852,2.2406919999999997
804592968.640415,1.6434220000000002
804592970.475639,1.768885
804592972.5648489,2.025838
804592974.537577,1.90706
804592976.657564,2.0568589999999998
804592979.0184261,2.294558
804592980.953547,1.871938
804592982.706749,1.687445
804592984.61607,1.846128
804592986.814002,2.131478
804592988.710448,1.8336050000000002
804592990.720253,1.9423279999999998
804592992.649426,1.865524
804592994.604192,1.888883
804592996.532768,1.865053
804592998.652313,2.053948
804593000.419934,1.6062400000000001
804593003.28304,2.796506
804593005.694796,2.348383
804593007.4644619,1.703702
804593009.5761341,2.048159
804593011.863906,2.221683
804593013.658289,1.731502
804593015.692045,1.967532
804593017.6428081,1.887952
804593019.750881,2.042335
804593021.590189,1.776627
804593023.691767,2.036021
804593025.467703,1.712637
804593027.259595,1.7254530000000001
804593029.315021,1.99263
804593031.61432,2.233315
804593033.595157,1.918021
804593035.353115,1.690997
804593037.279005,1.863153
804593039.312114,1.966644
804593041.2424281,1.867488
804593043.188961,1.880047
804593044.9846619,1.73266
804593046.868664,1.817909
804593048.967727,2.036603
804593051.230456,2.1965589999999997
804593053.177053,1.883781
804593055.088103,1.844786
804593057.02809,1.876715
804593058.8125451,1.7185519999999999
804593060.655411,1.779539
804593062.714596,1.993181
804593064.562494,1.785527
804593066.7661151,2.136244
804593068.56991,1.7408029999999999
804593070.294811,1.657565
804593072.376489,2.018666
804593074.542933,2.099619
804593076.4123111,1.805329
804593078.160777,1.682412
804593080.372678,2.148978
804593082.326963,1.8878160000000002
804593084.340742,1.950757
804593086.4487001,2.042275
804593088.356653,1.845147
804593090.146661,1.723519
804593092.333449,2.1238300000000003
804593094.586239,2.186206
804593096.411188,1.7623179999999998
804593098.468439,1.99059
804593100.1391389,1.6078990000000002
804593102.14976,1.943425
804593103.8933,1.6803530000000002
804593105.676783,1.720812
804593107.946849,2.204092
804593109.790927,1.7566350000000002
804593111.582584,1.725187
804593113.4798269,1.834006
804593115.401126,1.854885
804593117.3723761,1.908685
804593119.4602679,2.022183
804593121.658707,2.134941
804593123.630994,1.9053069999999999
804593125.49109,1.7968490000000001
804593128.228689,2.671641
804593130.522941,2.228258
804593133.069511,2.483312
804593134.9459361,1.8099539999999998
804593136.6515371,1.6426349999999998
804593138.5844929,1.866281
804593140.729493,2.081176
804593142.6527361,1.856964
804593144.587426,1.8714680000000001
804593146.458743,1.805073
804593148.43073,1.909416
804593150.2839401,1.787247
804593152.112107,1.765285
804593153.980407,1.801209
804593156.111465,2.0676449999999997
804593158.092843,1.9152900000000002
804593160.217315,2.061741
804593162.359282,2.075107
804593164.31882,1.896491
804593166.214033,1.827836
804593168.415098,2.137978
804593170.145973,1.663789
804593172.10946,1.900004
804593173.8952789,1.7193040000000002
804593176.1026291,2.144745
804593177.854473,1.685369
804593179.600895,1.683901
804593181.548434,1.884242
804593183.489504,1.8745299999999998
804593185.3810279,1.828187
804593187.5185549,2.071308
804593189.296054,1.714828
804593191.086859,1.7244249999999999
804593193.0495089,1.899583
804593194.813982,1.697071
804593196.7804459,1.903537
804593198.5277151,1.68117
804593200.31186,1.7216449999999999
804593202.285856,1.8892740000000001
804593203.990901,1.641788
804593206.3980911,2.315296
804593208.19717,1.736092
804593210.435893,2.171993
804593212.3923379,1.89395
804593214.399477,1.9408839999999998
804593216.5449231,2.082058
804593218.311947,1.70061
804593220.320715,1.946082
804593222.146501,1.759457
804593224.372089,2.162229
804593226.16983,1.731832
804593228.127032,1.894281
804593229.886313,1.692752
804593231.635646,1.6859250000000001
804593233.532017,1.83378
804593235.642797,2.0433529999999998
804593237.43956,1.7336260000000001
804593239.345669,1.839895
804593241.256599,1.847888
804593243.352189,2.029491
804593245.32408,1.909176
804593247.0911701,1.700444
804593248.85859,1.703968
804593251.007183,2.08076
804593253.792664,2.722254
804593256.1731169,2.314744
804593258.536359,2.296587
804593260.899727,2.3004369999999996
804593262.685976,1.7203
804593264.6604841,1.910779
804593266.485008,1.758706
804593268.599893,2.0518680000000002
804593270.5229299,1.8565980000000002
804593272.493293,1.908013
804593274.803482,2.243905
804593276.570402,1.703692
804593278.326069,1.689358
804593280.339427,1.9502110000000001
804593282.435363,2.029917
804593284.204257,1.705832
804593285.922507,1.652628
804593288.2933381,2.307773
804593290.481393,2.1207040000000004
804593292.420869,1.8761839999999999
804593294.421518,1.934234
804593296.3809199,1.895559
804593298.299387,1.852794
804593300.093485,1.730875
804593301.8856579,1.726139
804593303.8322951,1.883681
804593305.478012,1.581718
804593307.450711,1.906739
804593309.1533151,1.639337
804593311.1375899,1.918051
804593312.955513,1.7538989999999999
804593314.776694,1.754947
804593316.890517,2.0511209999999997
804593318.902251,1.94539
804593320.841762,1.877016
804593323.262498,2.3546270000000002
804593325.225735,1.899793
804593327.314654,2.02302
804593329.3151671,1.9373909999999999
804593331.455951,2.074701
804593333.3297291,1.810676
804593335.44082,2.0450619999999997
804593337.247762,1.743941
804593339.281528,1.9676569999999998
804593341.093347,1.748506
804593343.02939,1.869368
804593344.773351,1.680513
804593346.4940829,1.654437
804593348.4863919,1.929447
804593350.7482231,2.195312
804593352.859349,2.047859
804593354.584371,1.659214
804593356.5407469,1.8936389999999999
804593358.6178731,2.010812
804593360.408688,1.728089
804593362.160783,1.68579
804593364.204561,1.9805360000000003
804593366.1702781,1.899869
804593367.945071,1.711641
804593370.297283,2.262699
804593372.426461,2.0628629999999997
804593374.5961779,2.1027760000000004
804593377.122826,2.463677
804593379.44338,2.2548160000000004
804593381.2335579,1.7265
804593383.144237,1.844625
804593385.13586,1.928391
804593386.961982,1.759903
804593388.937116,1.9118970000000002
804593391.045149,2.04206
804593392.917609,1.809649
804593395.113171,2.129107
804593397.0403241,1.8639649999999999
804593399.126957,2.019753
804593401.903041,2.712997
804593403.9014751,1.931508
804593406.101803,2.136936
804593407.92137,1.739576
804593409.772596,1.787672
804593411.7340629,1.895349
804593413.662107,1.8650330000000002
804593415.596151,1.8671280000000001
804593417.354155,1.6952479999999999
804593419.652086,2.232317
804593421.6875751,1.972703
804593423.592661,1.837809
804593425.7288051,2.072842
804593427.818551,2.023572
804593429.547071,1.664801
804593431.322074,1.708117
804593433.405665,2.021081
804593435.315708,1.843693
804593437.137454,1.758484
804593439.264457,2.060468
804593441.421299,2.09382
804593443.24888,1.760485
804593445.239921,1.927959
804593447.095271,1.788991
804593449.2208099,2.062983
804593451.0528561,1.766197
804593452.878327,1.762444
804593454.823085,1.878459
804593457.1451471,2.259391
804593459.200458,1.9884260000000002
804593461.2025199,1.938414
804593463.268982,2.000197
804593465.056865,1.724465
804593467.1798329,2.056885
804593469.462924,2.2201999999999997
804593471.1959189,1.665709
804593473.1459141,1.885866
804593475.008607,1.7964369999999998
804593476.945727,1.8742839999999998
804593479.02739,2.015549
804593480.904466,1.8143250000000002
804593482.738832,1.767842
804593484.576686,1.774176
804593486.455055,1.811834
804593488.283949,1.766047
804593490.1878719,1.837799
804593491.922576,1.671417
804593493.877142,1.891645
804593495.818237,1.874955
804593497.537294,1.656021
804593499.342037,1.713254
804593501.11499,1.709471
804593503.54341,2.360617
804593506.0439681,2.437059
804593508.364215,2.252976
804593510.484161,2.053351
804593512.298045,1.750912
804593514.2636571,1.899168
804593516.511922,2.185504
804593518.536145,1.9579039999999999
804593520.32716,1.727913
804593522.1679721,1.774242
804593524.030023,1.786656
804593526.4136829,2.316529
804593528.488384,2.011113
804593530.274443,1.719649
804593532.3441219,2.006898
804593534.394902,1.982371
804593536.627355,2.169877
804593538.559158,1.865238
804593540.534132,1.912368
804593542.447362,1.847257
804593544.5466,2.035906
804593546.292911,1.680583
804593548.464503,2.10856
804593550.21747,1.6868779999999999
804593552.157873,1.877732
804593553.849176,1.625099
804593555.737548,1.82543
804593557.731125,1.9304649999999999
804593559.8019071,2.0049040000000002
804593562.155382,2.290123
804593564.2640519,2.042707
804593566.2445331,1.913962
804593568.1540041,1.8464340000000001
804593569.944293,1.7233829999999999
804593571.702718,1.695513
804593573.64438,1.87901
804593575.672602,1.9622989999999998
804593577.856999,2.121154
804593579.8451829,1.921991
804593581.8273131,1.918778
804593583.9595779,2.0656049999999997
804593585.813134,1.7673809999999999
804593587.5931029,1.71375
804593589.546377,1.8901510000000001
804593591.599247,1.9866860000000002
804593593.8529791,2.1907710000000002
804593595.783645,1.864266
804593597.70762,1.8605029999999998
804593599.620068,1.8443100000000001
804593601.386612,1.703492
804593603.302964,1.850388
804593605.216039,1.8499079999999999
804593607.146794,1.864782
804593608.933414,1.700334
804593610.86608,1.8662450000000002
804593612.833065,1.9038080000000002
804593614.7649829,1.865489
804593616.60391,1.77574
804593618.5615231,1.891284
804593620.4685941,1.844409
804593622.54781,2.013113
804593624.380698,1.7689540000000001
804593626.869894,2.422811
804593629.4120129,2.478657
804593631.416416,1.9378119999999999
804593633.362041,1.882519
804593635.050784,1.6221320000000001
804593637.142694,2.028939
804593639.068699,1.859004
804593640.9870111,1.855555
804593642.941116,1.887756
804593644.750594,1.746151
804593646.854678,2.037274
804593648.742955,1.825345
804593650.750199,1.938028
804593652.85302,2.0399749999999996
804593654.449116,1.513028
804593656.528568,2.017974
804593658.707362,2.1163380000000003
804593660.642217,1.8718579999999998
804593661.691309,1.0159889999999998
804593662.790755,1.0674890000000001
804593666.121244,3.298911
804593667.720566,1.5660159999999999
804593668.721439,0.9688439999999999
804593669.828202,1.073264
804593670.8978,1.006506
804593671.949784,1.02033
804593673.0501139,1.068215
804593674.375596,1.259149
804593675.929815,1.477452
804593677.3745049,1.387581
804593679.19839,1.7641740000000001
804593680.787145,1.5317749999999999
804593682.26019,1.412796
804593684.2125939,1.895332
804593685.8974911,1.618895
804593687.6368749,1.682824
804593689.395654,1.701478
804593691.027324,1.565887
804593692.4625909,1.372551
804593693.967329,1.438605
804593695.684207,1.645276
804593697.2701,1.52248
804593698.733156,1.3963560000000002
804593700.2010189,1.384955
804593701.5349599,1.267511
804593702.997776,1.399038
804593704.6290901,1.568001
804593706.159634,1.4728549999999998
804593707.5956881,1.371308
804593709.00096,1.3428120000000001
804593710.337001,1.255744
804593711.756752,1.368883
804593713.1759009,1.371704
804593714.4424909,1.200596
804593715.904996,1.382921
804593717.355373,1.4009319999999998
804593718.959303,1.536403
804593720.3119969,1.30116
804593721.91738,1.531696
804593723.319661,1.340932
804593724.633615,1.2625600000000001
804593725.96898,1.26916
804593727.415383,1.366568
804593728.802333,1.3377949999999998
804593729.813983,0.948002
804593731.0439321,1.1817609999999998
804593732.1158179,1.0248659999999998
804593733.321054,1.1566580000000002
804593734.6164451,1.2339479999999998
804593735.753944,1.062153
804593737.22324,1.420573
804593738.614219,1.329962
804593739.8789841,1.218387
804593741.138587,1.197994
804593742.4706241,1.282662
804593743.709598,1.19203
804593745.024189,1.26918
804593746.439154,1.36565
804593747.72171,1.23456
804593748.7533029,0.986126
804593750.122376,1.320751
804593752.046551,1.861931
804593753.687522,1.5900720000000002
804593755.404435,1.670816
804593757.1876521,1.7383979999999999
804593758.858197,1.575623
804593760.700477,1.792309
804593762.3245031,1.560163
804593764.093347,1.718867
804593765.831138,1.688056
804593767.587693,1.694145
804593769.373045,1.7235779999999998
804593770.945111,1.50717
804593772.676472,1.651551
804593774.748417,2.0060770000000003
804593776.4374399,1.627054
804593778.1541121,1.651355
804593779.840865,1.6249140000000002
804593781.693268,1.790569
804593783.354997,1.5900370000000001
804593785.242212,1.819512
804593787.029368,1.7226260000000002
804593788.818323,1.7265
804593790.507913,1.624176
804593792.154968,1.584765
804593793.9559209,1.7344789999999999
804593795.590713,1.572656
804593797.169654,1.517438
804593798.997882,1.7638829999999999
804593800.825262,1.765817
804593802.6796451,1.778862
804593804.522731,1.7813029999999999
804593806.238005,1.6502629999999998
804593808.127159,1.8278809999999999
804593809.79378,1.600025
804593811.7079569,1.852869
804593813.748062,1.978201
804593815.785837,1.9727590000000002
804593817.6049069,1.7569110000000001
804593819.394043,1.7231919999999998
804593821.459678,2.003545
804593823.24052,1.71586
804593825.1552141,1.852704
804593827.196096,1.97555
804593829.00378,1.74573
804593830.9151609,1.8459329999999998
804593833.00879,2.031029
804593834.748887,1.6745690000000002
804593836.497654,1.666245
804593838.591038,2.0275760000000003
804593840.7801261,2.1269430000000003
804593842.764211,1.917415
804593844.658036,1.829906
804593846.699825,1.976467
804593848.680953,1.918287
804593850.674129,1.9270019999999999
804593852.545231,1.807739
804593854.784094,2.172559
804593856.723179,1.8761889999999999
804593858.704322,1.914523
804593860.771666,2.003997
804593862.700006,1.861896
804593864.522745,1.759542
804593866.698457,2.1095770000000003
804593868.4850919,1.723459
804593870.4473109,1.8959350000000001
804593872.3783071,1.866541
804593874.215946,1.771255
804593876.177102,1.897999
804593878.319792,2.0760039999999997
804593880.599129,2.21588
804593882.609174,1.943921
804593884.377852,1.705802
804593886.284778,1.839317
804593887.9925439,1.6441839999999999
804593890.287233,2.202208
804593892.388761,2.038818
804593894.807879,2.352613
804593896.814542,1.943826
804593898.80644,1.925774
804593900.776507,1.9068049999999999
804593902.574734,1.731437
804593904.488916,1.850915
804593906.408701,1.853506
804593908.237885,1.766022
804593910.151741,1.847662
804593911.956684,1.7417509999999998
804593914.1086351,2.055441
804593916.131716,1.956882
804593917.978983,1.780777
804593919.879122,1.8359800000000002
804593921.655418,1.7131690000000002
804593923.6979641,1.976177
804593925.4766461,1.715284
804593927.2798439,1.736518
804593929.2533439,1.910644
804593931.393658,2.0737490000000003
804593933.253073,1.796588
804593935.3975611,2.077598
804593937.147892,1.687043
804593939.091578,1.8765100000000001
804593941.028473,1.874044
804593942.943527,1.848143
804593944.871747,1.8653739999999999
804593946.814656,1.8761139999999998
804593948.793038,1.915059
804593950.720706,1.8604820000000002
804593952.512789,1.729412
804593954.617159,2.037399
804593956.39581,1.71585
804593958.231365,1.7694349999999999
804593960.184713,1.890086
804593962.168933,1.9180460000000001
804593964.131989,1.8998789999999999
804593966.056054,1.857966
804593968.042234,1.92177
804593969.9340091,1.806116
804593971.7033939,1.706679
804593973.737826,1.9714060000000002
804593975.527669,1.724159
804593977.446602,1.8560759999999998
804593979.4113461,1.898941
804593981.368188,1.893163
804593983.457534,2.023447
804593985.83515,2.315096
804593988.137556,2.236187
804593990.0919969,1.8873449999999998
804593991.969825,1.814615
804593994.13231,2.077222
804593995.844627,1.645863
804593997.807026,1.8991719999999999
804593999.892006,2.018806
804594002.29224,2.3368019999999996
804594004.39258,2.034151
804594006.347447,1.8890689999999999
804594008.481817,2.0710830000000002
804594010.700092,2.152086
804594012.327677,1.564233
804594014.343606,1.949951
804594015.850039,1.44298
804594017.491657,1.577904
804594019.1024619,1.54409
804594020.934438,1.768192
804594022.693604,1.69188
804594024.779777,2.0228099999999998
804594026.493317,1.647125
804594028.315534,1.758965
804594030.324252,1.941851
804594032.282972,1.895032
804594034.1776589,1.828237
804594035.9613969,1.720205
804594037.8215189,1.763226
804594039.621315,1.7337019999999999
804594041.5418171,1.857405
804594043.312009,1.703873
804594045.100619,1.725808
804594046.8559359,1.688988
804594048.648675,1.729417
804594050.563719,1.848524
804594052.377813,1.751072
804594054.1289461,1.685153
804594056.053672,1.861324
804594058.158263,2.037575
804594060.41154,2.190461
804594062.192657,1.714116
804594064.06852,1.813102
804594065.773926,1.6387260000000001
804594067.780965,1.944342
804594069.6406649,1.7715400000000001
804594071.438857,1.732304
804594073.1816751,1.679992
804594074.926312,1.678343
804594076.8164079,1.82717
804594078.668571,1.785788
804594080.598966,1.867052
804594082.480517,1.815231
804594084.30485,1.7612210000000001
804594086.340816,1.969942
804594088.312778,1.908704
804594090.236878,1.858152
804594092.1179329,1.818314
804594093.921582,1.736774
804594095.92611,1.941837
804594097.716704,1.727673
804594099.747593,1.9648050000000001
804594101.525954,1.714488
804594103.505814,1.9133310000000001
804594105.551076,1.981499
804594107.3098869,1.692697
804594109.323761,1.9510429999999999
804594111.024361,1.6345260000000001
804594112.963356,1.875998
804594115.1744441,2.1448639999999997
804594117.25097,2.013468
804594119.0951641,1.778075
804594121.450393,2.291455
804594123.415163,1.8986
804594125.193263,1.714979
804594127.4671271,2.20744
804594129.800416,2.2693790000000003
804594131.8187209,1.9525919999999999
804594133.7908181,1.909165
804594135.8053629,1.947409
804594137.595532,1.727417
804594139.595443,1.9336419999999999
804594141.355066,1.69674
804594143.248494,1.8254949999999999
804594145.019358,1.707731
804594146.891171,1.804762
804594148.761747,1.807518
804594150.4636049,1.635188
804594152.195849,1.669237
804594154.296951,2.0351589999999997
804594156.118477,1.7577630000000002
804594158.1642109,1.9791779999999999
804594160.413834,2.18632
804594162.309924,1.830201
804594164.374406,2.0012290000000004
804594166.058437,1.598838
804594167.7533029,1.6323159999999999
804594169.9113339,2.094607
804594172.1826179,2.20528
804594173.81987,1.570723
804594175.488089,1.605679
804594177.275852,1.723849
804594179.143145,1.801059
804594180.9691161,1.763411
804594182.7944471,1.7589350000000001
804594184.751639,1.893609
804594186.576648,1.757673
804594188.20919,1.5694540000000001
804594189.932898,1.658096
804594191.675836,1.679175
804594193.831771,2.093339
804594196.1376159,2.238774
804594198.164275,1.960325
804594199.900548,1.673337
804594201.888512,1.925187
804594203.598659,1.644113
804594205.512224,1.850819
804594207.504182,1.925303
804594209.207709,1.640094
804594210.9465979,1.672394
804594212.696974,1.687575
804594214.619045,1.8560670000000001
804594216.358876,1.676765
804594218.039234,1.614028
804594220.117087,2.0146360000000003
804594221.816579,1.63201
804594223.7121681,1.8327980000000001
804594225.763264,1.987332
804594227.695488,1.864025
804594230.060284,2.301584
804594231.978035,1.850705
804594233.9192001,1.8543329999999998
804594235.838169,1.855717
804594237.6905919,1.788359
804594239.176427,1.418188
804594240.7487429,1.508693
804594242.602414,1.7873469999999998
804594244.5486311,1.88322
804594246.361437,1.7468329999999999
804594248.108961,1.684247
804594250.081148,1.9048660000000002
804594252.29828,2.154612
804594254.772421,2.4075260000000003
804594257.0356009,2.199792
804594259.489805,2.387243
804594261.831754,2.278992
804594264.12126,2.222991
804594266.285359,2.097534
804594268.642012,2.29308
804594271.085717,2.377491
804594273.229995,2.081095
804594274.9473629,1.650964
804594276.788541,1.778295
804594279.044884,2.189794
804594281.341427,2.233761
804594283.114415,1.706378
804594284.9753679,1.7983120000000001
804594286.694767,1.653435
804594288.765825,2.008207
804594290.817462,1.9848819999999998
804594292.703899,1.823345
804594294.597774,1.827385
804594296.2903551,1.629634
804594298.058643,1.702058
804594300.233737,2.1123689999999997
804594301.9395341,1.639658
804594303.6998831,1.697408
804594305.508685,1.745188
804594307.592893,2.016906
804594309.928416,2.2711490000000003
804594312.269527,2.2749469999999996
804594314.240346,1.905091
804594316.285333,1.982206
804594318.245903,1.89401
804594320.077628,1.767992
804594322.198136,2.0532760000000003
804594323.941015,1.679962
804594325.71707,1.686722
804594327.5569041,1.772191
804594329.6619511,2.041764
804594331.642643,1.914372
804594333.557426,1.85116
804594335.2901111,1.66642
804594337.121299,1.767535
804594338.821383,1.634346
804594340.44126,1.556374
804594342.4202629,1.9118920000000001
804594344.450691,1.967411
804594346.223935,1.705938
804594348.565102,2.2782549999999997
804594350.3250101,1.694104
804594352.239467,1.851631
804594354.100711,1.794955
804594356.268579,2.104907
804594358.097252,1.762675
804594359.995356,1.833865
804594361.913362,1.827405
804594363.6617831,1.685394
804594365.675046,1.931357
804594367.459747,1.717946
804594369.2547109,1.732173
804594371.123874,1.802788
804594373.4130349,2.225899
804594375.4433169,1.9640080000000002
804594378.349103,2.84292
804594380.947498,2.53196
804594383.413896,2.4031759999999998
804594385.377924,1.900791
804594387.138459,1.6945000000000001
804594389.040076,1.837864
804594391.040895,1.934454
804594392.767255,1.663223
804594394.756557,1.923273
804594396.5342569,1.7146430000000001
804594398.288091,1.688026
804594399.948256,1.597174
804594401.8457451,1.80625
804594403.898965,1.986981
804594405.872972,1.91108
804594407.602333,1.66197
804594409.344896,1.67931
804594411.114817,1.703677
804594412.8938249,1.71576
804594414.623969,1.663814
804594416.472994,1.786054
804594418.649743,2.1092709999999997
804594420.7295849,2.017086
804594422.456321,1.6607370000000001
804594424.228838,1.7099719999999998
804594426.191283,1.8944619999999999
804594428.521118,2.266312
804594430.23589,1.6470449999999999
804594432.076436,1.777579
804594434.079646,1.933974
804594435.762019,1.6182779999999999
804594437.52766,1.7011669999999999
804594439.549894,1.9550679999999998
804594441.004631,1.391575
804594442.8281269,1.757528
804594444.528586,1.6372719999999998
804594446.2789869,1.68365
804594448.5675011,2.225618
804594450.327855,1.6922650000000001
804594452.2379069,1.847276
804594454.0427351,1.7383419999999998
804594455.9313821,1.824213
804594457.740369,1.745098
804594459.613741,1.8072730000000001
804594461.597024,1.920627
804594463.7042509,2.041218
804594466.0026029,2.2351300000000003
804594467.754688,1.68533
804594469.624477,1.806948
804594471.446409,1.755914
804594473.48239,1.9727379999999999
804594475.403523,1.854849
804594477.1272769,1.660636
804594479.118242,1.912348
804594480.9876051,1.806306
804594482.657113,1.603428
804594484.4192,1.6989859999999999
804594486.1181409,1.632917
804594487.822299,1.6407850000000002
804594489.897772,2.012707
804594491.623852,1.659445
804594493.419789,1.732224
804594495.280066,1.79303
804594497.126009,1.7812329999999998
804594498.867343,1.67493
804594500.712911,1.78224
804594503.413023,2.6340589999999997
804594505.61277,2.1364900000000002
804594507.835084,2.1551180000000003
804594510.291905,2.393749
804594512.2906541,1.932961
804594514.1652191,1.8089060000000001
804594515.888922,1.660126
804594517.646836,1.695038
804594519.6930209,1.980382
804594521.422884,1.666736
804594523.59849,2.109006
804594525.546721,1.885029
804594527.576908,1.9637869999999997
804594529.460063,1.820268
804594531.325883,1.7994949999999998
804594533.1251119,1.736499
804594535.183304,1.992058
804594537.058235,1.8118489999999998
804594539.109186,1.984876
804594540.955209,1.782776
804594543.001859,1.980932
804594544.951529,1.886889
804594546.679763,1.66195
804594548.781447,2.038116
804594551.0103171,2.163087
804594552.794657,1.721032
804594554.600327,1.740017
804594556.6448671,1.980777
804594558.788178,2.077663
804594560.4998691,1.648433
804594562.401316,1.816329
804594564.149306,1.685104
804594565.887839,1.671382
804594567.563897,1.6130859999999998
804594569.584787,1.9574330000000002
804594571.6221809,1.970889
804594573.614896,1.9300439999999999
804594575.5533601,1.871704
804594577.3990929,1.781899
804594579.652731,2.187489
804594581.454561,1.7387839999999999
804594583.7396469,2.218371
804594585.487341,1.684798
804594587.55696,2.003224
804594589.568058,1.947735
804594591.525757,1.89218
804594593.459936,1.871167
804594595.322778,1.796619
804594597.296003,1.909767
804594599.084553,1.721409
804594601.038848,1.8912740000000001
804594602.8529971,1.747379
804594604.756354,1.840365
804594606.676134,1.85319
804594608.679013,1.940273
804594610.478142,1.733136
804594612.238782,1.6981439999999999
804594614.204784,1.899578
804594616.460532,2.191353
804594618.498793,1.972563
804594620.490095,1.92833
804594622.599743,2.043202
804594624.3444251,1.681937
804594626.150846,1.740393
804594628.46748,2.2535670000000003
804594630.847988,2.313888
804594633.0507671,2.139777
804594635.145635,2.028509
804594637.120503,1.9123180000000002
804594639.138086,1.951549
804594640.997626,1.796568
804594642.917111,1.8529950000000002
804594644.7764759,1.796554
804594646.56047,1.717965
804594648.68873,2.065509
804594650.8890129,2.1335379999999997
804594652.820325,1.86821
804594654.6368,1.750276
804594656.591612,1.89201
804594658.556462,1.8980839999999999
804594660.412002,1.79284
804594662.063879,1.585618
804594663.72845,1.601294
804594665.40123,1.609432
804594667.4001,1.9322840000000001
804594669.151272,1.688216
804594670.778757,1.560012
804594672.597055,1.731797
804594674.16895,1.505375
804594675.842492,1.6096730000000001
804594677.412558,1.506598
804594678.910025,1.431484
804594680.564006,1.590905
804594682.177428,1.547253
804594683.707556,1.467081
804594685.552106,1.781374
804594687.3704951,1.752621
804594689.0232489,1.5896370000000002
804594690.587992,1.497722
804594692.10755,1.456125
804594693.636055,1.4622089999999999
804594695.487726,1.778842
804594697.180673,1.629053
804594698.635962,1.3878759999999999
804594700.24569,1.546972
804594702.3050001,1.993221
804594703.896215,1.528038
804594705.489605,1.529702
804594706.95841,1.402305
804594708.4800129,1.458426
804594710.005305,1.459023
804594711.728252,1.660221
804594713.430225,1.638911
804594714.905666,1.409106
804594716.402055,1.432726
804594717.976922,1.508573
804594719.511165,1.470604
804594720.973309,1.3989269999999998
804594722.465574,1.426567
804594724.048404,1.518877
804594725.891661,1.7755990000000001
804594727.3984,1.44336
804594729.00699,1.545293
804594730.6912769,1.617527
804594732.2229079,1.46879
804594733.844589,1.5548300000000002
804594735.307796,1.399779
804594737.126225,1.754831
804594738.588721,1.395449
804594740.036366,1.384158
804594741.4270201,1.322866
804594742.87214,1.38244
804594744.4827911,1.528509
804594745.884955,1.3355750000000002
804594747.357514,1.409983
804594749.135539,1.7138959999999999
804594750.583325,1.381406
804594752.903964,2.257196
804594754.787119,1.816234
804594756.5080459,1.658021
804594758.1841229,1.609573
804594760.249748,2.0020469999999997
804594762.081634,1.764213
804594764.384305,2.239775
804594766.323386,1.8722299999999998
804594768.607354,2.221022
804594770.644828,1.9708189999999999
804594772.751158,2.0433830000000004
804594774.75964,1.9417309999999999
804594776.757978,1.935281
804594778.442104,1.617797
804594780.2358509,1.730865
804594781.980222,1.6784180000000002
804594783.676903,1.632501
804594785.373268,1.633188
804594787.27468,1.835599
804594789.197668,1.859691
804594790.9053091,1.642219
804594792.812987,1.844259
804594794.7591879,1.8789
804594796.5168511,1.6952180000000001
804594798.134858,1.551247
804594799.861208,1.6638689999999998
804594801.765146,1.840666
804594803.40503,1.572361
804594805.1400751,1.6720380000000001
804594807.335517,2.129598
804594809.150312,1.751744
804594810.861227,1.6445139999999998
804594812.685886,1.760625
804594814.709903,1.957493
804594816.457883,1.684372
804594818.150424,1.6263919999999998
804594820.083666,1.8705010000000002
804594822.382814,2.2317970000000003
804594824.1398859,1.693959
804594826.010356,1.803159
804594828.140045,2.064758
804594830.0120441,1.805409
804594832.120734,2.0451319999999997
804594833.8326299,1.645451
804594835.876705,1.9810930000000002
804594838.193354,2.253597
804594839.936167,1.677195
804594841.703928,1.704709
804594843.451788,1.6814099999999998
804594845.369744,1.854759
804594847.149202,1.712552
804594848.995567,1.7834070000000002
804594850.848897,1.787693
804594852.583671,1.671537
804594854.298465,1.647481
804594856.1440821,1.7822650000000002
804594858.0948399,1.883129
804594860.4029391,2.245298
804594862.13858,1.669623
804594864.039506,1.838215
804594865.822027,1.7150290000000001
804594867.91256,2.027055
804594869.7184141,1.742502
804594872.0790061,2.294578
804594873.902061,1.755237
804594876.123785,2.158868
804594878.480888,2.2914
804594880.7617791,2.2179040000000003
804594882.952736,2.124983
804594884.807996,1.792468
804594886.619423,1.744672
804594888.4231479,1.740763
804594890.289289,1.7996699999999999
804594892.045869,1.693352
804594894.142661,2.028809
804594896.105847,1.8997840000000001
804594897.9667201,1.793907
804594899.732553,1.702845
804594902.131253,2.335784
804594904.0466629,1.849672
804594905.977158,1.866887
804594907.891055,1.850884
804594909.665486,1.710488
804594911.531241,1.799805
804594913.627953,2.034012
804594915.3831,1.688566
804594917.186504,1.740723
804594918.917449,1.6651369999999999
804594920.816391,1.835944
804594922.721041,1.837939
804594924.857214,2.0731870000000003
804594926.5983031,1.67306
804594928.425433,1.764068
804594930.565451,2.072436
804594932.353083,1.7246110000000001
804594934.391605,1.971867
804594936.424224,1.9690799999999997
804594938.130025,1.639422
804594940.039051,1.826999
804594941.9102681,1.8041559999999999
804594944.0890111,2.115691
804594945.816769,1.661889
804594947.873237,1.9938629999999997
804594949.610427,1.673938
804594951.6352971,1.9587210000000002
804594953.411132,1.713219
804594955.19024,1.713349
804594957.267547,2.014241
804594959.0273939,1.6927610000000002
804594960.798418,1.707782
804594962.6877171,1.822955
804594964.576495,1.826037
804594966.740604,2.09805
804594968.794828,1.99045
804594970.7026651,1.841107
804594972.552959,1.7873970000000001
804594974.390959,1.7713290000000002
804594976.11156,1.656267
804594977.846079,1.667764
804594979.717115,1.808601
804594981.4366239,1.656322
804594983.1531861,1.6504880000000002
804594985.042871,1.826668
804594986.746648,1.637337
804594988.9050341,2.095084
804594990.79719,1.826237
804594992.589849,1.729182
804594994.842074,2.1856340000000003
804594996.803486,1.898772
804594998.775503,1.905698
804595000.554355,1.715535
804595003.406892,2.7857860000000003
804595005.870007,2.4005549999999998
804595008.5180229,2.581175
804595010.253759,1.669247
804595012.087193,1.770122
804595014.243639,2.089415
804595015.955425,1.648819
804595017.8626009,1.8207449999999998
804595019.5737959,1.6454620000000002
804595021.708347,2.0718300000000003
804595023.453916,1.67923
804595025.3873531,1.8704699999999999
804595027.5646479,2.11074
804595029.355473,1.727543
804595031.307137,1.885415
804595033.350099,1.979775
804595035.107852,1.6919199999999999
804595036.9067961,1.73543
804595038.6807259,1.707636
804595040.46452,1.7202199999999999
804595042.122811,1.5913760000000001
804595043.821867,1.6356389999999998
804595045.9103401,2.025306
804595048.197255,2.220751
804595049.9871631,1.723719
804595051.7836571,1.7338419999999999
804595053.592599,1.745339
804595055.66983,2.011193
804595057.5509249,1.817883
804595059.247651,1.630487
804595061.004296,1.693438
804595062.875017,1.8043060000000002
804595064.623804,1.6865269999999999
804595066.554815,1.865278
804595068.278689,1.65997
804595070.424451,2.079281
804595072.216664,1.7291470000000002
804595074.3097731,2.0268450000000002
804595076.111063,1.738092
804595078.141129,1.9624339999999998
804595080.407772,2.2034160000000003
804595082.335776,1.8614140000000001
804595084.573171,2.173912
804595086.3258619,1.686868
804595088.0653981,1.676253
804595090.324924,2.19245
804595092.0792891,1.690245
804595094.277226,2.130345
804595095.969151,1.62762
804595097.8973811,1.8400599999999998
804595099.959373,1.9947599999999999
804595102.179282,2.133658
804595104.433756,2.1884959999999998
804595106.687875,2.187749
804595108.467183,1.715906
804595110.466298,1.932355
804595112.494205,1.963712
804595114.386531,1.826528
804595116.054865,1.6050470000000001
804595117.940531,1.818745
804595120.0564181,2.052931
804595121.810362,1.6872390000000002
804595123.800757,1.92618
804595125.78621,1.922151
804595128.391958,2.5393719999999997
804595130.68196,2.223864
804595133.1418021,2.3967150000000004
804595135.56923,2.361669
804595137.8476549,2.215127
804595140.1544861,2.221523
804595142.6611279,2.4399669999999998
804595144.586938,1.862908
804595146.48198,1.828152
804595148.7418771,2.197166
804595150.6953909,1.886984
804595152.521879,1.763777
804595154.236401,1.648554
804595156.125014,1.825169
804595158.359612,2.167852
804595160.4501489,2.027466
804595162.5371641,2.021096
804595164.8442911,2.24401
804595166.882547,1.9723129999999998
804595168.905517,1.9598430000000002
804595170.6789219,1.7065940000000002
804595172.984326,2.241675
804595174.9376789,1.8863079999999999
804595176.938588,1.937993
804595178.8420701,1.836837
804595180.644336,1.738508
804595182.391946,1.681084
804595184.464256,2.008868
804595186.549872,2.018695
804595188.415687,1.802046
804595190.259876,1.776581
804595191.953319,1.630001
804595193.650105,1.606767
804595195.3760741,1.659725
804595197.08577,1.63639
804595199.086679,1.934399
804595201.348892,2.198279
804595202.935842,1.5209869999999999
804595204.6498281,1.6511
804595206.430449,1.7139259999999998
804595207.987154,1.4939129999999998
804595209.73341,1.6550340000000001
804595211.2166079,1.41707
804595212.9267,1.647637
804595214.512688,1.518772
804595216.8342849,2.258183
804595218.527532,1.62575
804595220.485306,1.894617
804595222.269134,1.717118
804595223.897511,1.565365
804595225.562082,1.601319
804595227.32433,1.696295
804595229.110705,1.723573
804595230.915943,1.739285
804595233.0370071,2.0578469999999998
804595234.735923,1.63219
804595236.337808,1.538758
804595238.339679,1.9358279999999999
804595240.243758,1.840706
804595241.775625,1.465462
804595243.446801,1.608064
804595245.214457,1.704604
804595247.096825,1.8156279999999998
804595249.189388,2.029435
804595251.084094,1.828793
804595253.539457,2.39247
804595255.521923,1.916201
804595258.101634,2.4923979999999997
804595260.3602589,2.193117
804595262.387324,1.963908
804595264.520717,2.070211
804595266.109412,1.523126
804595267.6529261,1.480482
804595269.337237,1.6213600000000001
804595270.838217,1.434234
804595272.418041,1.516872
804595273.9611839,1.476563
804595275.603398,1.57863
804595277.376922,1.709926
804595278.773644,1.329871
804595280.119002,1.282216
804595281.4576291,1.272112
804595282.9215959,1.400428
804595284.20839,1.229994
804595285.603693,1.335696
804595286.966005,1.304969
804595288.364717,1.3354949999999999
804595289.729049,1.298461
804595290.9397401,1.15337
804595292.465137,1.468008
804595293.713526,1.1884249999999998
804595295.198253,1.4275220000000002
804595296.518726,1.257298
804595297.860989,1.282227
804595299.1409221,1.2169679999999998
804595300.488738,1.290528
804595301.8076841,1.252391
804595303.227535,1.356489
804595304.348064,1.057538
804595305.6624091,1.248422
804595307.321377,1.594252
804595308.761731,1.377082
804595310.1968731,1.3684669999999999
804595311.8674879,1.607753
804595313.37395,1.442714
804595314.78896,1.348961
804595316.380506,1.528234
804595317.8006431,1.353937
804595319.489991,1.607964
804595321.4691701,1.91557
804595323.285484,1.750782
804595324.837142,1.488491
804595326.301277,1.3979050000000002
804595327.675572,1.3111279999999998
804595329.005548,1.266719
804595330.471557,1.399354
804595332.212275,1.677872
804595333.773811,1.4950409999999998
804595335.2626331,1.4195550000000001
804595336.913226,1.587777
804595338.832761,1.853221
804595340.2631769,1.3672039999999999
804595341.817496,1.48792
804595343.3856981,1.504047
804595344.834872,1.385221
804595346.435684,1.533521
804595347.935892,1.436545
804595349.529824,1.530604
804595351.208974,1.612474
804595352.937032,1.664004
804595354.479184,1.4753850000000002
804595356.104844,1.562032
804595357.667122,1.4958829999999999
804595359.222759,1.4923499999999998
804595360.72183,1.435642
804595362.368484,1.580686
804595364.123791,1.691724
804595365.891968,1.701758
804595367.537334,1.582039
804595369.31374,1.712723
804595371.139592,1.759562
804595372.9185289,1.71587
804595374.6486579,1.6633380000000002
804595454.613494,79.901579
804595457.660604,2.980004
804595460.201084,2.477023
804595462.764984,2.497676
804595465.324078,2.495346
804595467.33472,1.944562
804595469.340319,1.942387
804595471.1233209,1.7169830000000001
804595472.8509641,1.664722
804595474.5503759,1.63385
804595476.159623,1.545509
804595478.197102,1.969621
804595479.895807,1.634816
804595481.748526,1.789316
804595483.867831,2.0525700000000002
804595485.945569,2.014526
804595487.717289,1.7047889999999999
804595489.640207,1.859043
804595491.7626641,2.0559670000000003
804595493.908079,2.0822380000000003
804595496.122415,2.148077
804595498.129298,1.9401979999999999
804595500.088956,1.896797
804595502.340363,2.183815
804595504.880834,2.464508
804595507.419615,2.4721309999999996
804595509.290591,1.807674
804595511.224078,1.8669419999999999
804595513.373092,2.086137
804595515.406141,1.966494
804595517.145301,1.675537
804595519.106853,1.894426
804595520.939846,1.769786
804595522.90192,1.895127
804595524.743387,1.778421
804595526.7120761,1.902324
804595528.958487,2.1835639999999996
804595530.70119,1.6762380000000001
804595532.592223,1.827591
804595534.4625831,1.8040459999999998
804595536.4418169,1.916196
804595538.481566,1.9728089999999998
804595540.725351,2.180808
804595542.9731799,2.181564
804595544.649393,1.6125390000000002
804595546.5214821,1.8054029999999999
804595548.4798061,1.8951319999999998
804595550.205244,1.658652
804595552.067625,1.798923
804595554.1447171,2.010056
804595556.354983,2.147335
804595558.650293,2.229266
804595560.615734,1.902059
804595562.776496,2.094107
804595564.848646,2.009158
804595566.9663421,2.051767
804595569.0074149,1.977149
804595570.991765,1.918622
804595572.912387,1.857104
804595575.040062,2.060989
804595577.090977,1.987463
804595579.389113,2.232077
804595581.4229339,1.9709939999999997
804595583.326737,1.837674
804595585.206504,1.81699
804595587.144732,1.872024
804595589.1012379,1.892723
804595590.986087,1.7996159999999999
804595593.077587,2.028253
804595595.0740759,1.930279
804595597.082853,1.9455099999999999
804595598.888788,1.739826
804595601.044182,2.092151
804595603.211799,2.101514
804595605.184793,1.9093660000000001
804595607.309239,2.058127
804595609.15852,1.786129
804595610.98559,1.761166
804595612.9779999,1.9294939999999998
804595614.751675,1.707355
804595616.87752,2.0625869999999997
804595618.705065,1.7615370000000001
804595620.8181901,2.0498030000000003
804595622.6036279,1.718306
804595624.736769,2.069694
804595627.181362,2.378292
804595629.1671361,1.9227770000000002
804595631.272989,2.039735
804595633.336078,2.000062
804595635.2693601,1.867068
804595637.232165,1.8990820000000002
804595639.079527,1.781082
804595641.0799949,1.9372099999999999
804595643.118241,1.970954
804595645.090904,1.9087500000000002
804595647.3206409,2.163612
804595649.743542,2.3601550000000002
804595652.035719,2.226705
804595653.8234429,1.719198
804595655.855855,1.969105
804595657.775641,1.856558
804595659.548659,1.704875
804595661.492124,1.880564
804595663.3631811,1.805013
804595665.119315,1.692792
804595667.0658519,1.880408
804595669.126636,1.9974960000000002
804595671.0891949,1.8967260000000001
804595673.391486,2.2389580000000002
804595675.724148,2.266522
804595677.679606,1.892682
804595679.5766239,1.830889
804595681.479424,1.8400590000000001
804595683.257515,1.711665
804595685.1325201,1.81236
804595687.264745,2.0654839999999997
804595689.254283,1.926697
804595691.455493,2.13423
804595693.362884,1.844414
804595695.459862,2.029315
804595697.5769471,2.054424
804595699.4685069,1.825567
804595701.5339111,2.002197
804595703.333281,1.732705
804595705.345958,1.949339
804595707.2640439,1.851721
804595709.4277519,2.0993589999999998
804595711.210673,1.7167020000000002
804595713.316973,2.042966
804595715.400028,2.015448
804595717.172701,1.70961
804595718.906117,1.666755
804595720.8199979,1.850745
804595722.747431,1.860908
804595724.8628011,2.052785
804595726.967206,2.03798
804595728.765985,1.7352610000000002
804595730.561231,1.728374
804595732.644201,2.019713
804595734.3311089,1.620704
804595736.1923131,1.797936
804595737.998348,1.740097
804595739.9697379,1.907772
804595741.8684789,1.80579
804595743.638847,1.704148
804595745.607826,1.905246
804595747.6492599,1.975259
804595749.554546,1.841959
804595752.056376,2.435511
804595754.755983,2.632355
804595756.749265,1.930275
804595758.814909,2.0000069999999996
804595760.9233739,2.0450720000000002
804595763.183251,2.1939130000000002
804595765.229676,1.9833329999999998
804595767.409211,2.112699
804595769.5476099,2.075117
804595771.7117391,2.0977
804595773.781658,2.0071730000000003
804595775.777852,1.930294
804595777.8399379,1.998764
804595779.921725,2.0157130000000003
804595781.683097,1.698666
804595783.45573,1.7065590000000002
804595785.582989,2.06349
804595787.697322,2.048058
804595789.520091,1.7585700000000002
804595791.309222,1.722972
804595793.1379999,1.766072
804595795.047496,1.824754
804595796.873738,1.7635560000000001
804595798.653733,1.71364
804595800.5916201,1.8750310000000001
804595802.475973,1.818339
804595804.174959,1.6354430000000002
804595806.2459309,2.0044720000000003
804595808.347299,2.038427
804595810.295971,1.882859
804595812.402035,2.042721
804595814.362866,1.89386
804595816.318796,1.892407
804595818.133692,1.7480250000000002
804595819.8859121,1.689344
804595821.903485,1.954451
804595823.667372,1.696425
804595825.6206499,1.890322
804595827.4981769,1.810791
804595829.352509,1.790729
804595831.421592,2.002864
804595833.5064621,2.021832
804595835.555388,1.982908
804595837.310264,1.690336
804595839.107584,1.7307100000000002
804595841.1043891,1.933351
804595843.013594,1.843162
804595844.7950419,1.718512
804595846.7387781,1.8773360000000001
804595848.539802,1.737891
804595850.382262,1.776382
804595852.553939,2.108064
804595854.4940871,1.8738139999999999
804595856.52246,1.9651959999999997
804595858.32438,1.735481
804595860.280756,1.893685
804595862.01108,1.663343
804595863.810825,1.7368590000000002
804595865.6364609,1.762168
804595867.699921,1.997441
804595869.7282491,1.965306
804595871.693475,1.899277
804595873.556608,1.799686
804595875.893134,2.269946
804595878.634372,2.677379
804595881.250198,2.549271
804595883.0197829,1.703372
804595884.733057,1.650012
804595886.921267,2.12174
804595888.96473,1.980561
804595891.170327,2.138981
804595893.139186,1.905828
804595895.135615,1.9298089999999999
804595897.0845929,1.885977
804595899.009179,1.858422
804595901.411994,2.339778
804595903.426339,1.948026
804595905.639277,2.150016
804595907.6318619,1.925875
804595909.688591,1.9928010000000003
804595911.675582,1.920542
804595913.664163,1.925939
804595915.613572,1.883135
804595917.644371,1.967441
804595919.5919659,1.880143
804595921.53908,1.884077
804595923.473349,1.86779
804595925.7338221,2.19688
804595927.781665,1.957608
804595929.9637059,2.118748
804595932.075749,2.045127
804595934.0171441,1.874344
804595936.044345,1.9634359999999997
804595937.992962,1.880389
804595940.1554531,2.098918
804595942.367764,2.146187
804595944.799642,2.36849
804595946.700708,1.834356
804595948.523382,1.759622
804595950.352271,1.762284
804595952.200164,1.78443
804595954.058721,1.792233
804595955.969651,1.848123
804595958.108,2.049182
804595960.1047,1.9293120000000001
804595962.022936,1.850564
804595964.082427,1.9965080000000002
804595966.001054,1.851637
804595968.037992,1.9740220000000002
804595970.199971,2.093735
804595972.077408,1.8143390000000001
804595974.004164,1.8606779999999998
804595975.774827,1.707526
804595977.5751641,1.73684
804595979.2871599,1.64499
804595981.268624,1.918578
804595983.08782,1.752967
804595985.054801,1.9039490000000001
804595986.9023981,1.7814079999999999
804595988.837273,1.872285
804595990.945176,2.041473
804595993.199114,2.190445
804595995.23726,1.972433
804595997.089287,1.788865
804595998.9323989,1.752917
804596001.0453539,2.049983
804596003.45729,2.345121
804596006.054994,2.5342960000000003
804596007.994049,1.8723349999999999
804596009.902709,1.813699
804596011.91933,1.9534589999999998
804596013.712901,1.730439
804596015.92187,2.142789
804596017.838116,1.852563
804596019.9302729,2.025597
804596021.7608349,1.7674100000000001
804596023.7713671,1.94343
804596025.7799541,1.945535
804596027.926421,2.079968
804596030.057995,2.0683160000000003
804596032.029425,1.90485
804596033.885757,1.788569
804596035.799268,1.8501480000000001
804596037.732294,1.8699890000000001
804596039.810528,2.01207
804596041.57863,1.705161
804596043.41663,1.772251
804596045.174663,1.695042
804596047.315093,2.07444
804596049.1643189,1.785242
804596050.934786,1.703983
804596052.81767,1.8199130000000001
804596054.6934481,1.809484
804596056.530355,1.7740609999999999
804596058.1978331,1.600221
804596060.222151,1.9612520000000002
804596062.046114,1.757237
804596064.449921,2.3404900000000004
804596066.41843,1.90252
804596068.279273,1.797179
804596070.32245,1.9763369999999998
804596072.144683,1.7590810000000001
804596074.100692,1.889244
804596076.276789,2.112629
804596078.096456,1.75231
804596080.0755141,1.915946
804596082.067593,1.924521
804596083.845778,1.714988
804596085.914696,2.005876
804596087.888352,1.907126
804596089.999994,2.048505
804596092.133988,2.067449
804596094.2394301,2.038161
804596096.111835,1.809574
804596098.1346799,1.955599
804596100.3211111,2.1237399999999997
804596102.219216,1.8312840000000001
804596104.55291,2.268978
804596106.330153,1.710824
804596108.675068,2.281994
804596110.472403,1.730891
804596112.692759,2.1575040000000003
804596114.816574,2.05699
804596116.595626,1.715905
804596118.663682,2.001786
804596120.6246481,1.897212
804596122.767978,2.0775770000000002
804596124.716571,1.8857
804596127.0796881,2.2971340000000002
804596129.124564,1.9819400000000003
804596130.950892,1.759748
804596133.0536339,2.039755
804596135.240681,2.120653
804596137.055016,1.750832
804596139.021535,1.9001700000000001
804596140.759066,1.674118
804596142.940465,2.115827
804596144.932809,1.929182
804596146.6431609,1.643717
804596148.657121,1.950963
804596150.515468,1.791572
804596152.862793,2.2841530000000003
804596154.765574,1.8362509999999999
804596156.663915,1.835344
804596158.951547,2.221562
804596160.7973241,1.7824449999999998
804596162.557408,1.694245
804596164.414823,1.7945280000000001
804596166.541279,2.060072
804596168.80507,2.2011499999999997
804596170.923894,2.0532
804596172.943171,1.95625
804596174.998602,1.9883700000000002
804596177.07188,2.009735
804596179.02168,1.882569
804596180.761686,1.676744
804596182.994255,2.1660939999999997
804596184.951532,1.894511
804596186.9027209,1.884011
804596189.125662,2.1600590000000004
804596190.892746,1.700936
804596192.684673,1.728469
804596194.842518,2.09158
804596197.136414,2.23096
804596199.0647889,1.8618700000000001
804596201.2166901,2.088082
804596203.080756,1.779444
804596205.0902951,1.945646
804596207.026363,1.869723
804596209.128328,2.039123
804596210.875346,1.681099
804596212.97089,2.0325130000000002
804596214.954393,1.917545
804596216.747494,1.7290560000000001
804596218.494456,1.680583
804596220.258694,1.7008100000000002
804596221.924593,1.599018
804596223.848418,1.860898
804596225.789327,1.877612
804596227.68476,1.829455
804596229.663718,1.91549
804596231.827387,2.097089
804596233.72063,1.830347
804596235.676855,1.890101
804596237.616146,1.875648
804596239.659484,1.9772739999999998
804596241.7660689,2.043267
804596243.569253,1.736453
804596245.273957,1.6411259999999999
804596247.3102839,1.9700619999999998
804596249.137288,1.764273
804596251.226633,2.022654
804596253.677905,2.388025
804596255.7655209,2.020961
804596257.741588,1.912734
804596259.825711,2.0182350000000002
804596261.50016,1.611518
804596263.3176819,1.750456
804596265.284702,1.904144
804596267.38395,2.032112
804596269.621139,2.173872
804596271.714138,2.026974
804596273.621449,1.844239
804596275.752516,2.0644869999999997
804596277.5050861,1.689519
804596279.577472,2.005931
804596281.373629,1.732639
804596283.367161,1.927719
804596285.3698751,1.939301
804596287.294983,1.8589579999999999
804596289.32948,1.9706390000000003
804596291.57339,2.177254
804596293.443384,1.8067719999999998
804596295.198906,1.689444
804596297.1538479,1.89199
804596298.946437,1.726239
804596300.891316,1.881977
804596302.8524231,1.893545
804596305.107669,2.1925149999999998
804596307.2007979,2.02685
804596309.1730101,1.9090699999999998
804596310.974149,1.734769
804596312.905436,1.867494
804596314.859782,1.8877950000000001
804596316.649474,1.7261799999999998
804596318.440279,1.724109
804596320.501979,1.998724
804596322.457458,1.88954
804596324.219867,1.699257
804596326.3850989,2.099132
804596328.6469351,2.199101
804596330.372854,1.6596899999999999
804596332.317933,1.881957
804596334.117448,1.733241
804596336.427311,2.246541
804596338.531365,2.0368220000000004
804596340.452399,1.858006
804596342.566461,2.046711
804596344.459193,1.829891
804596346.194695,1.669738
804596348.042713,1.784566
804596349.973654,1.862858
804596351.702394,1.665022
804596353.503127,1.736528
804596355.68601,2.116223
804596357.452243,1.703546
804596359.5505581,2.032302
804596361.55703,1.943099
804596363.369315,1.745775
804596365.1686699,1.736383
804596366.913448,1.678374
804596368.662591,1.6855900000000001
804596370.690398,1.962124
804596372.511293,1.757231
804596374.36136,1.783768
804596376.7056241,2.280976
804596379.284408,2.512625
804596381.9660779,2.618361
804596384.51162,2.479423
804596386.601922,2.024584
804596388.3727361,1.7074010000000002
804596390.760471,2.320899
804596392.7141601,1.890237
804596394.8774819,2.0968229999999997
804596397.00891,2.068191
804596398.887399,1.8117439999999998
804596400.73023,1.780005
804596402.6447179,1.848073
804596404.64694,1.937862
804596406.692332,1.9608160000000001
804596408.470458,1.715534
804596410.3220739,1.784551
804596412.116022,1.730545
804596413.8586091,1.676829
804596415.77003,1.848204
804596417.671984,1.837899
804596419.28723,1.5493219999999999
804596421.107057,1.757051
804596422.945708,1.771234
804596424.725452,1.716487
804596426.810637,2.0190609999999998
804596428.8055221,1.931653
804596430.9267321,2.055587
804596432.928378,1.9384890000000001
804596434.826027,1.830909
804596437.016843,2.127464
804596438.7382209,1.654763
804596440.7667041,1.965572
804596442.920494,2.087992
804596444.718305,1.734729
804596446.9452161,2.160941
804596448.739368,1.73086
804596450.948527,2.141867
804596453.128057,2.116393
804596455.18856,1.994444
804596457.415296,2.1633820000000004
804596459.3768181,1.894862
804596461.500327,2.060367
804596463.405303,1.838471
804596465.301062,1.832888
804596467.228335,1.8607630000000002
804596469.031453,1.740332
804596470.961537,1.863905
804596472.738996,1.7142220000000001
804596474.498663,1.693558
804596476.334072,1.772593
804596478.126261,1.725623
804596480.161144,1.972022
804596482.206096,1.978672
804596484.0692691,1.8006879999999998
804596485.864284,1.727061
804596487.913535,1.98401
804596489.922884,1.946062
804596491.7008641,1.711439
804596493.788054,2.0238169999999998
804596495.7351819,1.88101
804596497.791936,1.993777
804596499.914689,2.056208
804596502.130023,2.152468
804596504.127349,1.931318
804596506.244574,2.049903
804596508.070921,1.763331
804596509.817608,1.679886
804596511.5842069,1.703772
804596513.3665321,1.719634
804596515.203173,1.770502
804596517.461652,2.195547
804596519.40423,1.875953
804596521.359954,1.881035
804596523.20293,1.776426
804596525.290105,2.0241830000000003
804596527.257702,1.901618
804596529.399595,2.078861
804596531.3381389,1.871318
804596533.043565,1.64032
804596534.958408,1.8483939999999999
804596537.163483,2.14097
804596539.273857,2.02884
804596541.063774,1.726785
804596543.1005421,1.9698620000000002
804596545.0517601,1.864702
804596546.903888,1.78423
804596549.041345,2.074476
804596551.064692,1.957003
804596552.573014,1.4450100000000001
804596554.16037,1.521097
804596556.388453,2.164625
804596558.242545,1.787041
804596559.822459,1.516085
804596561.9290891,2.043483
804596563.687032,1.691719
804596565.7469391,1.9959779999999998
804596568.116792,2.3033989999999998
804596569.757372,1.5740649999999998
804596571.519456,1.6988610000000002
804596573.211375,1.62561
804596574.853203,1.575353
804596576.492861,1.575829
804596578.3286461,1.7629139999999999
804596580.090343,1.697603
804596582.151231,1.9937919999999998
804596583.602285,1.387606
804596585.3969339,1.740793
804596587.084313,1.620778
804596588.4749811,1.327736
804596590.0132979,1.4714960000000001
804596592.056676,1.9799449999999998
804596593.714245,1.589662
804596595.3022029,1.52433
804596596.7545999,1.387075
804596598.236165,1.426501
804596599.707857,1.405889
804596601.546708,1.793496
804596603.193092,1.579318
804596604.7905669,1.534072
804596606.2145469,1.3575709999999999
804596608.142476,1.8646310000000001
804596609.5312,1.322074
804596611.025319,1.431524
804596612.523833,1.435848
804596613.912426,1.322589
804596615.490942,1.514442
804596616.865042,1.310727
804596618.217386,1.286531
804596619.751293,1.4715520000000002
804596621.26809,1.4549770000000002
804596622.8024421,1.46903
804596624.278975,1.414288
804596625.901528,1.5569950000000001
804596628.103982,2.1400479999999997
804596629.8779271,1.707586
804596631.6545689,1.714322
804596633.753226,2.036912
804596635.659529,1.841377
804596637.4682311,1.747018
804596639.398545,1.8662450000000002
804596641.305155,1.8448360000000001
804596643.187819,1.817698
804596644.862253,1.612966
804596647.01882,2.091992
804596648.830318,1.749498
804596650.5504329,1.65534
804596652.2629,1.6510340000000001
804596654.042118,1.714683
804596655.743274,1.639192
804596657.564259,1.759166
804596659.283242,1.654207
804596660.921592,1.576622
804596662.628151,1.641869
804596664.741447,2.0511470000000003
804596666.685032,1.875321
804596668.688101,1.939867
804596670.410432,1.657299
804596672.216537,1.7436800000000001
804596674.019169,1.736819
804596676.1611971,2.0797480000000004
804596677.870407,1.643432
804596679.67749,1.745484
804596681.695153,1.9550470000000002
804596683.760166,1.9992500000000002
804596685.728114,1.9059730000000001
804596687.638998,1.846144
804596689.925517,2.224144
804596691.904661,1.888949
804596693.7608781,1.794038
804596695.747529,1.9216199999999999
804596697.853197,2.044084
804596699.6016979,1.683871
804596701.498099,1.833404
804596703.464262,1.900962
804596705.3962901,1.869187
804596707.197169,1.7348439999999998
804596708.964439,1.704459
804596711.101881,2.071774
804596712.9449279,1.780356
804596714.9751401,1.964655
804596716.741272,1.7037470000000001
804596718.6569381,1.8488499999999999
804596720.8060219,2.0858719999999997
804596722.8920289,2.019477
804596724.969772,2.0148520000000003
804596727.054165,2.017968
804596728.866856,1.748967
804596731.079033,2.145893
804596732.838254,1.696074
804596734.928256,2.0230460000000003
804596736.9200029,1.927919
804596739.1081179,2.120557
804596740.960847,1.789772
804596743.1203209,2.093229
804596744.9166781,1.7334710000000002
804596746.705488,1.723112
804596748.7177889,1.949003
804596750.55621,1.771965
804596753.2062451,2.586027
804596755.451935,2.179521
804596757.839194,2.323545
804596759.888525,1.982877
804596761.879185,1.927738
804596763.486217,1.5400660000000002
804596765.1667451,1.617145
804596767.32262,2.0900369999999997
804596769.346758,1.961141
804596771.0694699,1.6565919999999998
804596773.2662699,2.133332
804596775.004983,1.671527
804596777.3386719,2.2702709999999997
804596779.148246,1.742367
804596781.522184,2.311422
804596783.477742,1.8894389999999999
804596785.472668,1.932189
804596787.226982,1.6871180000000001
804596789.368183,2.078475
804596791.520715,2.0651390000000003
804596793.8320919,2.248255
804596795.628024,1.730084
804596797.6768091,1.985588
804596799.467053,1.7240389999999999
804596801.3007519,1.770843
804596803.364954,1.997983
804596805.4006389,1.9724629999999999
804596807.497402,2.0302919999999998
804596809.840122,2.280019
804596811.9350749,2.028232
804596813.9823159,1.983974
804596815.911418,1.863198
804596818.005765,2.03142
804596820.03453,1.9601290000000002
804596822.387218,2.285517
804596824.400751,1.948813
804596826.665038,2.198334
804596828.7047579,1.976186
804596830.699908,1.92819
804596832.810904,2.047973
804596834.777052,1.8993529999999998
804596836.8942419,2.054093
804596838.830475,1.870636
804596840.666039,1.77127
804596842.764706,2.0316359999999998
804596844.570486,1.743365
804596846.3203009,1.68381
804596848.221382,1.8383
804596850.4779711,2.188967
804596852.768064,2.226805
804596854.778395,1.9432399999999999
804596856.690928,1.8491810000000002
804596858.4667029,1.709947
804596860.4026661,1.872946
804596862.376672,1.906645
804596864.2015971,1.760946
804596866.246443,1.9785470000000003
804596868.038777,1.729072
804596869.8024279,1.66012
804596871.666774,1.8011240000000002
804596873.594017,1.864166
804596875.542313,1.882047
804596878.322196,2.716335
804596880.823094,2.4347589999999997
804596883.394958,2.508672
804596885.452579,1.994104
804596887.207646,1.689324
804596889.0737411,1.801565
804596891.1936619,2.053707
804596893.119732,1.862792
804596895.024593,1.837759
804596897.007159,1.919745
804596898.820421,1.746627
804596900.5191159,1.635739
804596902.5224761,1.936444
804596904.361869,1.775735
804596906.158498,1.729784
804596908.1321839,1.910795
804596910.1520619,1.952722
804596911.9362061,1.721388
804596913.852092,1.853025
804596915.803195,1.884603
804596917.995024,2.128587
804596919.803755,1.7426270000000001
804596921.6254821,1.75855
804596923.569013,1.87683
804596925.661395,2.0293799999999997
804596927.937359,2.20946
804596929.9289219,1.928617
804596931.96375,1.968544
804596934.296021,2.244296
804596936.298193,1.936509
804596938.4262581,2.061916
804596940.326407,1.837544
804596942.052767,1.659259
804596944.1705029,2.054639
804596946.122543,1.885901
804596948.333196,2.146768
804596950.2363521,1.836877
804596952.2610871,1.961848
804596954.414206,2.086564
804596956.1985,1.7215729999999998
804596958.126199,1.8619210000000002
804596959.9019591,1.712829
804596961.725304,1.7601330000000002
804596963.446317,1.654562
804596965.158193,1.647646
804596967.065995,1.84205
804596968.356931,1.2277939999999998
804596969.634936,1.211666
804596971.096931,1.399027
804596972.562238,1.40233
804596974.0641049,1.435849
804596975.426788,1.299466
804596976.9341079,1.444383
804596978.3986781,1.398541
804596979.644945,1.183481
804596980.9238931,1.215806
804596982.057703,1.068243
804596983.52305,1.4025109999999998
804596984.697144,1.123747
804596985.936314,1.173162
804596987.332009,1.314341
804596988.782256,1.3873659999999999
804596990.182261,1.33368
804596991.3234681,1.077925
804596992.629915,1.24326
804596994.328195,1.632256
804596995.77776,1.37669
804596997.374903,1.539617
804596999.287924,1.853188
804597000.9330289,1.582274
804597003.25057,2.250961
804597004.9563221,1.64251
804597006.662941,1.6394330000000001
804597008.343384,1.617426
804597010.236667,1.826894
804597011.818596,1.518876
804597014.0487729,2.167201
804597016.158681,2.043593
804597017.904622,1.680032
804597019.688286,1.720807
804597021.827141,2.0755130000000004
804597023.837196,1.943195
804597025.578551,1.677331
804597027.5927211,1.9475950000000002
804597029.553702,1.897689
804597031.552606,1.9324649999999999
804597033.595328,1.979574
804597035.394492,1.733437
804597037.497844,2.040155
804597039.380222,1.816334
804597041.388894,1.945971
804597043.401501,1.9461870000000001
804597045.4357281,1.9712599999999998
804597047.179784,1.677311
804597049.338045,2.094898
804597051.225028,1.820579
804597053.049341,1.761557
804597054.7726339,1.656336
804597056.4631549,1.626883
804597058.366156,1.836817
804597060.518618,2.0889390000000003
804597062.1957229,1.610676
804597064.278468,2.019507
804597066.223321,1.877953
804597068.117387,1.831079
804597070.301392,2.116729
804597072.115772,1.750942
804597074.1884481,2.005309
804597076.412777,2.160686
804597078.488115,2.009499
804597080.3882691,1.836877
804597082.257727,1.803304
804597084.030239,1.709034
804597085.7848699,1.6871690000000001
804597087.518918,1.670695
804597089.73567,2.1536049999999998
804597091.73906,1.93684
804597093.902047,2.100054
804597095.746687,1.7785870000000001
804597097.728967,1.919018
804597099.7250949,1.929964
804597101.736789,1.9477900000000001
804597103.7115979,1.908468
804597105.4746281,1.7006949999999998
804597107.436275,1.894932
804597109.631286,2.13229
804597111.437627,1.739596
804597113.405083,1.904058
804597115.622396,2.151284
804597117.4458771,1.760605
804597119.532968,2.021387
804597121.286255,1.6895440000000002
804597123.041222,1.6890530000000001
804597124.817041,1.712507
804597127.103024,2.219463
804597128.908869,1.742432
804597131.089907,2.090036
804597133.052688,1.899763
804597135.180928,2.0620410000000002
804597137.3725909,2.12797
804597139.163231,1.724366
804597141.0498741,1.82337
804597142.792101,1.676154
804597144.798438,1.943396
804597146.564345,1.6996419999999999
804597148.315853,1.688637
804597150.269352,1.886953
804597152.278149,1.9454500000000001
804597154.228861,1.884428
804597156.1891661,1.897197
804597158.2742759,2.018956
804597160.406029,2.068486
804597162.181349,1.708303
804597163.941227,1.697057
804597166.013662,1.982296
804597167.900576,1.820625
804597170.051053,2.086288
804597172.0986509,1.9809329999999998
804597173.897324,1.731617
804597175.694784,1.734724
804597177.5920019,1.83353
804597179.737959,2.079442
804597181.839617,2.0188659999999996
804597183.5189021,1.613111
804597185.3652561,1.7837580000000002
804597187.0202099,1.588419
804597189.1115,2.028063
804597191.1493751,1.971385
804597192.919271,1.706348
804597194.916527,1.930069
804597196.882645,1.90252
804597198.7909681,1.8404649999999998
804597200.4922651,1.638159
804597202.745877,2.187338
804597204.872043,2.0629939999999998
804597206.4992319,1.560373
804597208.500908,1.938529
804597210.310111,1.742858
804597212.502065,2.1292630000000003
804597214.53139,1.962821
804597216.312086,1.717715
804597218.085621,1.7076310000000001
804597219.840637,1.691554
804597221.791996,1.888037
804597223.525267,1.665584
804597225.3743731,1.7860790000000002
804597227.272894,1.832271
804597229.4012539,2.065229
804597231.241599,1.774527
804597233.340266,2.035034
804597235.3193489,1.911235
804597237.438869,2.055987
804597239.3419061,1.8367909999999998
804597241.28057,1.87469
804597243.445651,2.098958
804597245.217031,1.708258
804597247.001581,1.717384
804597249.201369,2.136661
804597251.0203791,1.751919
804597253.630893,2.547828
804597256.119763,2.42197
804597258.507543,2.321426
804597260.468233,1.897999
804597262.542172,2.007494
804597264.347546,1.742227
804597266.4330771,2.019132
804597268.368985,1.871729
804597270.644974,2.210522
804597272.62741,1.919329
804597274.7453821,2.05051
804597276.475406,1.666807
804597278.1757599,1.634837
804597279.872591,1.6338240000000002
804597281.3618541,1.42578
804597282.814381,1.386078
804597284.692775,1.8153659999999998
804597286.412735,1.65344
804597288.563041,2.086648
804597290.515959,1.886627
804597292.443823,1.864837
804597294.114162,1.603915
804597295.846711,1.669498
804597297.800576,1.890914
804597299.5399461,1.673372
804597301.425908,1.822133
804597303.39377,1.900245
804597305.36073,1.903848
804597307.2908541,1.8634540000000002
804597309.115974,1.7620529999999999
804597310.860656,1.678513
804597312.660778,1.7368489999999999
804597314.5984399,1.871021
804597316.678067,2.016009
804597318.386675,1.642139
804597320.4356209,1.9860440000000001
804597322.330488,1.828833
804597324.540494,2.146884
804597326.1377339,1.5306499999999998
804597328.426634,2.224596
804597330.5907179,2.098216
804597332.8458691,2.19206
804597334.803131,1.891063
804597337.155108,2.2892099999999997
804597339.0881131,1.8666559999999999
804597340.7408421,1.5887900000000001
804597342.6581559,1.85083
804597344.777681,2.056057
804597346.685298,1.8417080000000001
804597348.711531,1.9626750000000002
804597350.653859,1.876204
804597352.631104,1.914032
804597354.359117,1.662155
804597356.248572,1.826071
804597358.110507,1.795
804597359.9938821,1.820393
804597361.861712,1.775469
804597363.976746,2.0515220000000003
804597365.89793,1.831339
804597367.657637,1.693759
804597369.6075469,1.886858
804597371.729293,2.055917
804597373.557349,1.764869
804597375.4328419,1.809438
804597378.118636,2.622653
804597380.524167,2.339467
804597382.824358,2.218827
804597384.9497269,2.062047
804597386.626737,1.611016
804597388.5741309,1.8841269999999999
804597390.6145669,1.9730139999999998
804597392.6170349,1.938809
804597394.876426,2.1932620000000003
804597396.8802811,1.940769
804597399.0530909,2.105668
804597401.733277,2.250886
804597403.557515,1.75866
804597405.712954,2.091891
804597407.935855,2.154938
804597410.198493,2.199226
804597412.1381,1.873758
804597414.169194,1.96456
804597415.921419,1.6891429999999998
804597418.040879,2.055767
804597419.953182,1.845953
804597422.063911,2.0235819999999998
804597423.994306,1.864311
804597425.8281419,1.741184
804597427.825257,1.9331820000000002
804597429.6571981,1.769074
804597431.621487,1.898074
804597433.866328,2.181835
804597435.784991,1.851782
804597438.036103,2.1877590000000002
804597439.904222,1.8019150000000002
804597441.7491181,1.781453
804597443.593483,1.7783250000000002
804597445.361414,1.7049750000000001
804597447.322551,1.8937890000000002
804597449.58788,2.202027
804597451.537751,1.8838119999999998
804597453.710646,2.1089059999999997
804597455.864095,2.08694
804597457.857301,1.929468
804597459.713408,1.789307
804597461.6432619,1.8669719999999999
804597463.514459,1.804697
804597465.457007,1.8794009999999999
804597467.508258,1.98415
804597469.833667,2.261756
804597471.773028,1.872655
804597473.598775,1.762479
804597475.559756,1.8947770000000002
804597477.552156,1.9296840000000002
804597479.405476,1.7869760000000001
804597481.4976779,2.029381
804597483.451718,1.886427
804597485.526253,2.011569
804597487.341971,1.749614
804597489.495826,2.090157
804597491.244387,1.682292
804597493.254418,1.946577
804597495.199361,1.877562
804597497.291237,2.0283029999999997
804597499.5651519,2.208082
804597501.963226,2.32342
804597504.3266441,2.2967180000000003
804597506.883132,2.4896279999999997
804597509.3235849,2.3774159999999998
804597511.850664,2.460153
804597514.046031,2.1319339999999998
804597515.95245,1.8404859999999998
804597517.951044,1.908899
804597520.085088,2.0673079999999997
804597521.867267,1.713916
804597523.78165,1.851637
804597525.741613,1.897142
804597527.84471,2.036652
804597529.710775,1.803083
804597531.8545871,2.077643
804597533.7115109,1.793652
804597535.502021,1.723158
804597537.631991,2.066913
804597539.584332,1.886217
804597541.7475339,2.099227
804597543.632352,1.8181180000000001
804597545.253592,1.557847
804597547.5579079,2.238342
804597549.732165,2.111105
804597551.860571,2.062577
804597554.216853,2.29342
804597556.644024,2.360296
804597558.590752,1.879812
804597560.728024,2.0743810000000003
804597562.464928,1.669643
804597564.471144,1.942563
804597566.2720679,1.73474
804597568.352518,2.017508
804597570.0731541,1.653074
804597571.738607,1.601143
804597573.4481931,1.6466239999999999
804597575.1020789,1.58677
804597576.825943,1.6608429999999998
804597578.996662,2.103638
804597580.6826329,1.6228040000000001
804597582.615103,1.865839
804597584.766302,2.0883469999999997
804597587.096037,2.2631959999999998
804597589.308639,2.1173960000000003
804597591.346905,1.9719820000000001
804597593.3901781,1.980186
804597595.264718,1.8087710000000001
804597597.4666849,2.13872
804597599.232777,1.699938
804597601.075423,1.779588
804597603.092344,1.951209
804597605.294757,2.140148
804597607.2795941,1.918632
804597609.477952,2.135643
804597611.478435,1.9331509999999998
804597613.21955,1.678393
804597615.350877,2.065314
804597617.100591,1.686762
804597619.157025,1.99016
804597621.07665,1.8572199999999999
804597623.266003,2.122317
804597625.1007099,1.771325
804597627.41132,2.244837
804597629.801661,2.326853
804597632.563076,2.695076
804597635.23208,2.603547
804597637.26766,1.972358
804597639.0533379,1.719504
804597640.811643,1.694987
804597642.702907,1.824713
804597644.468788,1.701953
804597646.158458,1.62334
804597648.3195549,2.098096
804597650.2933561,1.907286
804597652.1108171,1.754099
804597654.068962,1.891064
804597655.9562211,1.824202
804597657.940738,1.896225
804597659.989789,1.982787
804597661.814608,1.7354759999999998
804597663.695152,1.8176480000000002
804597665.680189,1.921795
804597667.596426,1.8498379999999999
804597669.722607,2.0632639999999998
804597671.612507,1.824012
804597673.5093039,1.833915
804597675.8618261,2.285998
804597677.945969,2.021086
804597680.165643,2.152016
804597682.230255,1.997767
804597684.062001,1.768719
804597686.077484,1.9474449999999999
804597688.2148759,2.07457
804597690.3110161,2.0299609999999997
804597692.130593,1.756831
804597694.1850569,1.9881849999999999
804597696.075584,1.826724
804597698.380496,2.237836
804597700.343627,1.898807
804597702.292009,1.8823729999999999
804597704.040229,1.685359
804597706.139688,2.031822
804597708.464311,2.2618519999999998
804597710.1417869,1.6103750000000001
804597712.1402099,1.935792
804597714.255526,2.0479589999999996
804597716.3401951,2.021878
804597718.297442,1.890838
804597720.428519,2.0679399999999997
804597722.311684,1.817186
804597724.109711,1.734223
804597725.814631,1.637487
804597727.909799,2.0322869999999997
804597729.875216,1.902501
804597731.621803,1.680784
804597733.9093,2.2247149999999998
804597736.0726221,2.096897
804597738.0554041,1.9161359999999998
804597739.968338,1.849893
804597741.887797,1.8329030000000002
804597743.874673,1.9203009999999998
804597745.7157,1.776852
804597747.8409289,2.058307
804597749.806877,1.9027759999999998
804597752.2692109,2.37264
804597754.833552,2.4984669999999998
804597756.823099,1.92632
804597758.8029239,1.913907
804597760.51268,1.64704
804597762.519207,1.9402679999999999
804597764.305707,1.723107
804597766.478276,2.1056529999999998
804597768.39579,1.854588
804597770.0426201,1.5794030000000001
804597771.820881,1.714271
804597773.587489,1.7030610000000002
804597775.831289,2.1775610000000003
804597777.688719,1.793862
804597779.469746,1.714392
804597781.2113221,1.6786679999999998
804597783.1268921,1.849046
804597784.763538,1.573489
804597786.5060049,1.675682
804597788.225068,1.656387
804597789.933406,1.640449
804597791.7048451,1.688341
804597793.748459,1.980646
804597795.691648,1.877081
804597797.458823,1.704143
804597799.220791,1.69645
804597801.0950061,1.810932
804597802.871938,1.711119
804597804.719931,1.78461
804597806.616297,1.8302019999999999
804597808.457634,1.7771029999999999
804597810.396043,1.871262
804597812.182227,1.721749
804597814.090625,1.8421889999999999
804597816.1092011,1.9540199999999999
804597818.2179309,2.039819
804597820.183948,1.902815
804597822.225387,1.975826
804597824.038058,1.7495379999999998
804597825.85355,1.748211
804597828.142636,2.225899
804597830.367682,2.158395
804597832.118208,1.687519
804597834.165931,1.980963
804597836.150492,1.921178
804597838.048566,1.83168
804597839.897,1.78431
804597842.123073,2.163121
804597844.44059,2.25078
804597846.3402879,1.8332089999999999
804597848.465361,2.0617259999999997
804597850.206967,1.674916
804597852.4808669,2.210879
804597854.095351,1.548621
804597855.883465,1.725287
804597857.835655,1.888532
804597859.706727,1.8037450000000002
804597861.680347,1.910363
804597863.526516,1.7796489999999998
804597865.438984,1.849557
804597867.657074,2.151896
804597869.370504,1.6500029999999999
804597871.26921,1.832176
804597873.23804,1.905397
804597874.970789,1.666485
804597877.421631,2.38773
804597880.0796349,2.591399
804597882.689056,2.542059
804597884.821682,2.0691680000000003
804597886.916329,2.028323
804597889.01033,2.030793
804597890.9349711,1.858317
804597892.623433,1.625299
804597894.552801,1.8627879999999999
804597896.539948,1.924106
804597898.6097519,2.0034549999999998
804597900.430547,1.757227
804597902.311898,1.8147199999999999
804597904.4310571,2.056068
804597906.282693,1.785648
804597908.303158,1.9568469999999998
804597910.379969,2.009814
804597912.791389,2.348283
804597914.8731459,2.015283
804597916.750517,1.813292
804597918.736903,1.920242
804597921.069385,2.268432
804597922.9935,1.857937
804597924.9557589,1.898956
804597926.911994,1.889094
804597928.6926451,1.7177550000000001
804597930.7884251,2.029165
804597932.6876221,1.8356290000000002
804597934.665437,1.911797
804597936.774348,2.0458030000000003
804597938.693025,1.852393
804597940.922531,2.1661330000000003
804597942.824826,1.8360699999999999
804597944.611456,1.723774
804597946.347779,1.669984
804597948.5396329,2.128356
804597950.623145,2.0176529999999997
804597952.555138,1.868841
804597954.820819,2.19881
804597956.931934,2.047763
804597958.6857431,1.6870990000000001
804597960.505676,1.755983
804597962.598418,2.0256760000000003
804597964.37075,1.709044
804597966.258481,1.820484
804597968.543813,2.222441
804597970.526104,1.915264
804597972.473533,1.883651
804597974.451875,1.912067
804597976.416244,1.901146
804597978.496512,2.013789
804597980.78684,2.226499
804597982.541666,1.688391
804597984.823655,2.218194
804597986.5126721,1.621936
804597988.863436,2.287867
804597990.6575791,1.7278689999999999
804597992.737533,2.017011
804597994.640198,1.836241
804597996.8401151,2.1172999999999997
804597999.115258,2.2089190000000003
804598000.9215341,1.742773
804598003.538151,2.550469
804598005.838878,2.237906
804598007.571092,1.665784
804598009.306879,1.6726899999999998
804598011.118297,1.74544
804598012.930617,1.749188
804598014.68426,1.686833
804598016.745224,1.998118
804598019.06041,2.2493980000000002
804598020.953809,1.829114
804598023.083382,2.063004
804598024.8646951,1.717655
804598026.875261,1.944197
804598029.1176829,2.178788
804598030.89679,1.713114
804598032.896567,1.9366889999999999
804598034.6014171,1.637038
804598036.420377,1.7561440000000001
804598038.443704,1.956415
804598040.211395,1.704423
804598042.289253,2.011494
804598044.0468401,1.694786
804598045.756912,1.64273
804598047.952339,2.132365
804598049.779383,1.740147
804598051.7573689,1.911832
804598053.635006,1.8148360000000001
804598055.804373,2.102627
804598057.527535,1.660642
804598059.418689,1.824624
804598061.41825,1.936759
804598063.5303781,2.0455479999999997
804598065.790004,2.1966799999999997
804598067.816959,1.960795
804598069.946046,2.06552
804598072.112681,2.0998200000000002
804598074.00585,1.8269440000000001
804598075.8656499,1.796879
804598077.637216,1.708448
804598079.536658,1.8328330000000002
804598081.7298551,2.130285
804598083.668394,1.871774
804598085.415372,1.682928
804598087.173034,1.691418
804598088.995297,1.759372
804598090.7637451,1.702209
804598092.9494289,2.1216299999999997
804598094.7248579,1.709335
804598096.960103,2.1718219999999997
804598098.684714,1.6581919999999999
804598100.414672,1.6662599999999999
804598102.198,1.716186
804598104.3732799,2.112108
804598106.2411989,1.801846
804598108.3882179,2.083787
804598110.321274,1.8663
804598112.390006,2.00563
804598114.17397,1.717504
804598116.17951,1.942558
804598118.302424,2.05717
804598120.112985,1.74766
804598121.859446,1.6799060000000001
804598123.743418,1.8209549999999999
804598125.652433,1.8456329999999999
804598128.533617,2.81519
804598130.4633299,1.863434
804598132.254591,1.727553
804598134.1324079,1.810892
804598135.773479,1.57826
804598137.825948,1.988961
804598139.766402,1.874269
804598141.494325,1.663669
804598143.240983,1.680393
804598144.985806,1.681932
804598147.181238,2.129283
804598149.6772491,2.432789
804598151.592469,1.8487250000000002
804598153.435736,1.780371
804598155.249629,1.747083
804598157.1472629,1.834587
804598158.957137,1.743755
804598160.73645,1.716136
804598162.8533599,2.049753
804598164.633906,1.717339
804598166.58105,1.8811749999999998
804598168.4570581,1.813167
804598170.155959,1.632652
804598172.263892,2.04423
804598173.9802389,1.6504219999999998
804598176.2911351,2.2478390000000004
804598178.6077191,2.250385
804598180.681237,2.010446
804598182.554964,1.807584
804598184.337254,1.718907
804598186.225952,1.822464
804598188.110039,1.8207550000000001
804598189.9184101,1.7416610000000001
804598191.875748,1.893715
804598194.040429,2.1013830000000002
804598196.1424129,2.016816
804598198.0655811,1.8566179999999999
804598200.176627,2.048404
804598202.1095971,1.8669820000000001
804598203.821679,1.648915
804598205.634911,1.750386
804598207.5359219,1.8353329999999999
804598209.3164281,1.716738
804598211.181632,1.798778
804598213.3718159,2.1272230000000003
804598215.081427,1.643818
804598216.814748,1.670059
804598219.009458,2.128015
804598220.968891,1.8958650000000001
804598222.753251,1.718456
804598224.524951,1.707952
804598226.589052,1.997702
804598228.6573329,2.0053900000000002
804598230.842251,2.118468
804598233.040861,2.135052
804598234.932886,1.825746
804598236.691491,1.695598
804598238.677546,1.919444
804598241.0350701,2.294017
804598243.0191851,1.918262
804598245.2462599,2.163147
804598247.34835,2.0349180000000002
804598249.21433,1.803404
804598251.1297749,1.8492359999999999
804598253.47472,2.282039
804598256.073777,2.5325170000000004
804598258.0565289,1.915806
804598260.113338,1.9936820000000002
804598261.823956,1.643326
804598263.5507569,1.663819
804598265.277463,1.663694
804598267.031627,1.687459
804598269.2967521,2.2017360000000004
804598271.226831,1.863555
804598273.438652,2.148452
804598275.1976571,1.692421
804598277.1184651,1.857736
804598278.8218911,1.6372069999999999
804598280.561577,1.676544
804598282.440467,1.811719
804598284.15125,1.647105
804598286.062801,1.84461
804598287.9210831,1.794689
804598289.903128,1.918673
804598292.164454,2.195251
804598294.182498,1.952221
804598296.351389,2.1060689999999997
804598298.286244,1.8683459999999998
804598300.178911,1.82953
804598301.8943549,1.648649
804598303.657561,1.699597
804598305.508831,1.787863
804598307.586754,2.0119190000000002
804598309.490212,1.84067
804598311.580744,2.024805
804598313.422127,1.778456
804598315.743943,2.254966
804598317.6081691,1.80128
804598319.724913,2.05043
804598321.799374,2.011705
804598323.606963,1.741284
804598325.722854,2.052629
804598327.65769,1.867969
804598329.564344,1.843297
804598331.318198,1.686793
804598333.216608,1.83588
804598335.239584,1.9564550000000003
804598337.028053,1.7252669999999999
804598338.75759,1.662912
804598340.527251,1.707176
804598342.347159,1.7526869999999999
804598344.202078,1.791377
804598345.9274759,1.659499
804598347.895568,1.9051960000000001
804598349.7371559,1.7787009999999999
804598351.5289841,1.725748
804598353.5761701,1.98422
804598355.333758,1.6910720000000001
804598357.107287,1.710167
804598359.1547949,1.980752
804598360.9345089,1.7168430000000001
804598362.6801931,1.654673
804598364.869401,2.125975
804598366.712904,1.777058
804598368.882807,2.1062250000000002
804598370.681094,1.732043
804598372.553825,1.8096430000000001
804598374.429497,1.809679
804598376.23005,1.737495
804598377.9540689,1.6586420000000002
804598380.352403,2.335769
804598382.752246,2.332351
804598384.998862,2.184095
804598386.818304,1.753228
804598388.1743871,1.29276
804598389.4001161,1.159339
804598390.8580511,1.3947230000000002
804598392.421136,1.500353
804598393.93711,1.430907
804598395.46592,1.465517
804598397.010878,1.481404
804598398.42937,1.352289
804598399.8002981,1.3080399999999999
804598401.070465,1.2072459999999998
804598402.5967691,1.46001
804598404.137301,1.476664
804598405.7469691,1.542823
804598407.2406319,1.42998
804598408.685181,1.38106
804598410.278616,1.526294
804598411.779957,1.438044
804598413.37862,1.535055
804598414.9262381,1.480557
804598416.438854,1.4493049999999998
804598418.1958511,1.6965649999999999
804598419.67598,1.4163430000000001
804598421.3695459,1.636452
804598422.896777,1.460721
804598424.47409,1.514286
804598426.0360371,1.495046
804598427.480696,1.3813309999999999
804598429.083583,1.53957
804598430.516019,1.3655950000000001
804598432.095617,1.5161110000000002
804598433.524705,1.362387
804598434.8699371,1.281314
804598436.272327,1.338692
804598437.491637,1.152628
804598438.670241,1.1145459999999998
804598440.036026,1.3024930000000001
804598441.255916,1.152183
804598442.6706051,1.351086
804598443.776891,1.042828
804598445.4135029,1.57243
804598446.9051449,1.436255
804598448.5126951,1.5441820000000002
804598449.932558,1.3650229999999999
804598451.579436,1.594348
804598453.232784,1.599948
804598454.83074,1.5306790000000001
804598456.3616799,1.467627
804598457.81306,1.385366
804598459.483419,1.606922
804598461.023139,1.475816
804598462.4001559,1.310636
804598464.196518,1.732955
804598465.703998,1.44096
804598467.269353,1.501416
804598468.886704,1.553733
804598470.409545,1.456271
804598471.7936981,1.320906
804598473.240742,1.383361
804598474.683266,1.375984
804598476.030804,1.2840550000000002
804598477.5595739,1.461113
804598478.839259,1.216007
804598480.1624049,1.259754
804598481.380175,1.139313
804598482.885491,1.441651
804598484.14803,1.1990370000000001
804598485.4483579,1.234445
804598486.728719,1.2167180000000002
804598487.9438391,1.151947
804598489.259477,1.224747
804598490.729334,1.403523
804598492.17695,1.3844940000000001
804598493.525986,1.283333
804598494.92755,1.3384969999999998
804598496.751356,1.7598880000000001
804598498.340341,1.5222440000000002
804598499.9026539,1.498509
804598501.982522,2.016636
804598503.518193,1.4691159999999999
804598505.224281,1.6428099999999999
804598507.00819,1.7174340000000001
804598509.100046,2.028544
804598510.9121,1.7452290000000001
804598512.845572,1.869553
804598514.443904,1.532394
804598516.2771469,1.7705220000000002
804598517.887251,1.543634
804598519.617926,1.667939
804598521.540538,1.858949
804598523.08311,1.4760559999999998
804598524.718508,1.57204
804598526.853599,2.068311
804598528.7987729,1.880589
804598530.85859,1.9929359999999998
804598532.7190781,1.796684
804598534.6486809,1.861845
804598536.5526891,1.841318
804598538.722331,2.103388
804598540.6464311,1.861144
804598542.332803,1.6199210000000002
804598544.508789,2.112955
804598546.272691,1.6975580000000001
804598548.201738,1.865549
804598549.92039,1.6531250000000002
804598551.679346,1.695878
804598553.3830069,1.639051
804598555.3957291,1.9268219999999998
804598557.731268,2.2721009999999997
804598560.067373,2.26974
804598561.826834,1.690722
804598563.650411,1.760128
804598565.388949,1.675611
804598567.2325361,1.777529
804598568.937491,1.642028
804598570.658975,1.655199
804598572.443314,1.721558
804598574.2576741,1.747419
804598576.119093,1.797881
804598577.9312179,1.7453189999999998
804598579.829624,1.835054
804598581.791397,1.898245
804598583.720729,1.862467
804598585.540592,1.756795
804598587.898707,2.290929
804598589.773608,1.811082
804598591.54177,1.701703
804598593.488578,1.884097
804598595.58524,2.029661
804598597.4058839,1.756826
804598599.2219579,1.749444
804598601.567409,2.282314
804598603.297293,1.663453
804598605.14474,1.784821
804598606.894073,1.682623
804598608.811227,1.853882
804598610.608832,1.731246
804598612.8684291,2.1964699999999997
804598614.7914009,1.856387
804598616.559353,1.704319
804598618.714957,2.088603
804598620.702164,1.9242199999999998
804598622.411931,1.6429610000000001
804598624.47513,1.999401
804598626.1956669,1.654557
804598628.291436,2.032252
804598630.113183,1.7550720000000002
804598632.255236,2.078941
804598633.931389,1.609919
804598635.650326,1.65564
804598637.35479,1.640515
804598639.3249819,1.904239
804598641.179746,1.791321
804598643.372838,2.125965
804598645.2211361,1.785593
804598647.370897,2.0829199999999997
804598649.6578679,2.22418
804598651.495968,1.772167
804598653.3029251,1.743905
804598655.605216,2.2349840000000003
804598657.6313341,1.9629560000000001
804598659.6817731,1.9840499999999999
804598661.449229,1.7039119999999999
804598663.345579,1.829385
804598665.298952,1.890376
804598667.151907,1.786254
804598668.99368,1.7785360000000001
804598670.719569,1.6593790000000002
804598672.491605,1.708704
804598674.641712,2.081903
804598676.5347149,1.829936
804598678.26122,1.6586070000000002
804598680.036945,1.712152
804598682.067463,1.9629309999999998
804598683.7762669,1.645672
804598685.5109559,1.671843
804598687.5530909,1.9756859999999998
804598689.362459,1.7459559999999998
804598691.235149,1.8062200000000002
804598693.164782,1.866386
804598695.069137,1.836096
804598696.838563,1.705942
804598698.913644,2.009163
804598700.7029511,1.725853
804598702.606478,1.836652
804598704.4861599,1.81684
804598706.41464,1.862542
804598708.54721,2.069188
804598710.500328,1.885751
804598712.406467,1.8430110000000002
804598714.2913101,1.818449
804598716.198421,1.844119
804598717.990188,1.7256879999999999
804598720.3048791,2.251793
804598722.12233,1.750215
804598723.872821,1.6877000000000002
804598725.740861,1.804988
804598727.5966821,1.789126
804598729.721214,2.061375
804598731.585415,1.798111
804598733.2851219,1.636109
804598735.060055,1.707731
804598737.241961,2.118412
804598739.01986,1.711004
804598740.8981191,1.814335
804598742.601861,1.637453
804598744.35139,1.6859760000000001
804598746.5431089,2.125624
804598748.655983,2.049392
804598750.397418,1.656352
804598753.259848,2.799032
804598755.784011,2.457427
804598758.1124021,2.264528
804598760.472693,2.2941670000000003
804598762.858564,2.3185800000000003
804598764.910863,1.988897
804598766.634446,1.656036
804598768.4004481,1.703146
804598770.282019,1.814901
804598772.160418,1.815152
804598773.910448,1.682578
804598776.171683,2.197953
804598778.431911,2.193899
804598780.272772,1.77795
804598782.0898579,1.750075
804598784.2818971,2.127644
804598786.187866,1.838782
804598788.116778,1.865524
804598790.3037349,2.120062
804598792.392799,2.025527
804598794.409069,1.94976
804598796.142655,1.669402
804598797.947137,1.738132
804598799.762033,1.75223
804598801.539878,1.713419
804598803.580369,1.974333
804598805.378756,1.7345590000000002
804598807.258985,1.813828
804598809.1776581,1.85511
804598811.0704299,1.826769
804598812.854985,1.7215589999999998
804598814.751546,1.829926
804598816.6280301,1.813307
804598818.668777,1.974272
804598820.659868,1.9278089999999999
804598822.43849,1.712162
804598824.2990069,1.797305
804598826.215309,1.849291
804598828.4522419,2.174052
804598830.283632,1.765782
804598832.11857,1.771791
804598833.954144,1.769054
804598835.993999,1.97746
804598837.8497449,1.76478
804598839.62139,1.707646
804598841.538053,1.8537320000000002
804598843.470573,1.8665260000000001
804598845.412324,1.878224
804598847.333978,1.8553650000000002
804598849.106065,1.708493
804598850.96559,1.792399
804598852.704619,1.676093
804598854.949772,2.178889
804598856.7142061,1.701522
804598858.461735,1.680853
804598860.314699,1.7899479999999999
804598862.095125,1.714107
804598864.215402,2.0574399999999997
804598865.977034,1.695392
804598868.173939,2.1334079999999997
804598870.208923,1.9682739999999999
804598872.2191789,1.946969
804598874.002156,1.7156689999999999
804598875.9182919,1.852869
804598878.378015,2.397011
804598880.8790879,2.434373
804598883.273629,2.327614
804598885.994228,2.656931
804598887.745852,1.684688
804598889.478547,1.669427
804598891.2255939,1.6802270000000001
804598893.256022,1.967346
804598895.136356,1.813508
804598897.0258111,1.826062
804598898.824374,1.732349
804598900.7444,1.856753
804598902.448462,1.63843
804598904.19988,1.688536
804598905.88087,1.613827
804598907.965709,2.0220730000000002
804598909.791716,1.737646
804598911.712428,1.854473
804598913.508981,1.7326489999999999
804598915.4053869,1.830422
804598917.40788,1.939731
804598919.4280779,1.9540899999999999
804598921.340732,1.849316
804598923.2738041,1.866852
804598925.327962,1.9909060000000003
804598927.0427401,1.647607
804598928.929478,1.799305
804598930.6755339,1.679295
804598932.496915,1.758304
804598934.238991,1.675702
804598935.9975361,1.695382
804598937.902456,1.810175
804598939.771363,1.804927
804598941.741796,1.9072550000000001
804598943.959565,2.150898
804598945.8277849,1.781905
804598947.9610981,2.067084
804598950.072399,2.025832
804598952.496238,2.332401
804598954.465979,1.902841
804598956.344418,1.814184
804598958.0367839,1.625514
804598959.854797,1.75429
804598961.6205779,1.703095
804598963.7367359,2.049632
804598965.6381531,1.837609
804598967.573821,1.8689419999999999
804598969.3128799,1.676143
804598970.9937841,1.6140189999999999
804598972.962989,1.905462
804598974.6811451,1.652152
804598976.604293,1.860371
804598978.3816061,1.711024
804598980.198021,1.752415
804598982.060442,1.796002
804598984.154243,2.030764
804598986.176903,1.955408
804598988.118068,1.8777629999999998
804598990.342953,2.15835
804598992.11317,1.706794
804598993.9779819,1.797154
804598995.921939,1.879662
804598997.889184,1.9041240000000001
804598999.714109,1.7591860000000001
804599001.9981871,2.220726
804599003.703197,1.6385049999999999
804599005.813075,2.046952
804599007.607393,1.7270969999999999
804599009.3149201,1.64448
804599011.131294,1.74988
804599013.03425,1.840045
804599014.736935,1.6361189999999999
804599016.9133021,2.1129249999999997
804599018.78933,1.8096640000000002
804599020.975751,2.123284
804599022.743628,1.701041
804599024.817016,2.010105
804599026.483741,1.600336
804599028.383605,1.836952
804599030.377989,1.927949
804599032.1252271,1.684151
804599033.969337,1.77596
804599035.913023,1.8803489999999998
804599037.6112621,1.634531
804599039.6049991,1.927307
804599041.3797771,1.710668
804599043.554385,2.107983
804599045.457537,1.84002
804599047.523397,1.99898
804599049.299588,1.712964
804599051.560437,2.1948060000000003
804599053.560068,1.936695
804599055.276299,1.650388
804599056.9502571,1.610405
804599058.7094591,1.692596
804599060.866321,2.092984
804599062.678686,1.746386
804599064.488064,1.745269
804599066.2213349,1.667317
804599068.326657,2.0412429999999997
804599070.315027,1.92198
804599071.938953,1.5605689999999999
804599073.524295,1.4938930000000001
804599075.6716751,2.080474
804599077.298307,1.5633400000000002
804599079.094324,1.729221
804599080.831208,1.673807
804599082.869124,1.972027
804599084.887309,1.955043
804599086.637584,1.6836
804599088.894048,2.1931920000000003
804599091.002107,2.0420450000000003
804599093.343614,2.278691
804599095.4252809,2.0158490000000002
804599097.267079,1.778391
804599099.21708,1.884077
804599101.195667,1.91506
804599103.111804,1.847943
804599105.2433579,2.068728
804599106.898382,1.5874059999999999
804599109.0689,2.107427
804599111.281608,2.1462920000000003
804599113.219931,1.875547
804599115.109135,1.82298
804599116.813258,1.6398039999999998
804599118.875465,1.995185
804599120.794593,1.856152
804599122.969056,2.107457
804599125.158765,2.127008
804599127.3034289,2.078434
804599129.741776,2.37477
804599132.242093,2.434018
804599134.519972,2.21149
804599136.647231,2.064287
804599138.399672,1.6857849999999999
804599140.3388519,1.875598
804599142.091052,1.686161
804599143.982656,1.826779
804599145.72356,1.6531449999999999
804599147.8771341,2.087405
804599149.74788,1.789051
804599151.9918001,2.177691
804599153.848434,1.766062
804599155.834789,1.9229880000000001
804599157.652321,1.753809
804599159.599119,1.8804589999999999
804599161.8519549,2.1895640000000003
804599163.807939,1.889299
804599165.7298139,1.858272
804599167.4733039,1.676715
804599169.5542591,2.018019
804599171.5052919,1.884007
804599173.398921,1.830567
804599175.333436,1.867959
804599177.11315,1.716056
804599178.9284121,1.748662
804599180.786829,1.795461
804599182.715956,1.8628419999999999
804599184.832515,2.052744
804599186.9286,2.0295360000000002
804599188.672325,1.6803919999999999
804599190.4444621,1.7058220000000002
804599192.711741,2.204558
804599194.8390089,2.0601920000000002
804599196.832095,1.929518
804599198.943161,2.044762
804599200.675154,1.668465
804599202.619331,1.8781480000000002
804599204.660539,1.9779860000000002
804599206.562999,1.8361059999999998
804599208.5462921,1.920071
804599210.393283,1.780831
804599212.245235,1.78834
804599214.187868,1.876585
804599216.11709,1.866085
804599218.081735,1.898159
804599220.1728741,2.028574
804599222.390758,2.150357
804599224.368353,1.9145379999999999
804599226.390552,1.95609
804599228.367716,1.914488
804599230.307833,1.873823
804599232.045124,1.6739870000000001
804599233.961315,1.848238
804599235.875813,1.8514460000000001
804599237.9441689,2.004768
804599239.8496059,1.8385859999999998
804599241.5678921,1.655009
804599243.455297,1.821055
804599245.456722,1.937943
804599247.5172801,1.9940840000000002
804599249.589275,2.008597
804599252.189725,2.53407
804599254.527915,2.270807
804599257.1274669,2.535589
804599259.648633,2.454962
804599261.7299789,2.017798
804599263.833382,2.0364570000000004
804599266.180382,2.284163
804599268.080536,1.834582
804599270.190254,2.042457
804599272.2347801,1.9807129999999997
804599274.6118749,2.310034
804599276.9684919,2.2935
804599278.7298981,1.695302
804599280.640307,1.847111
804599282.613391,1.90679
804599284.617994,1.9409290000000001
804599286.7007829,2.015984
804599288.6552789,1.8902910000000002
804599290.762837,2.041092
804599292.783241,1.956626
804599294.647573,1.797957
804599296.429717,1.718682
804599298.48375,1.9873730000000003
804599300.524778,1.977399
804599302.321436,1.728956
804599304.419972,2.0352289999999997
804599306.499685,2.013013
804599308.74597,2.183108
804599310.454168,1.6414520000000001
804599312.633186,2.115561
804599314.5685129,1.869704
804599316.664675,2.033089
804599318.792745,2.0617650000000003
804599320.8462111,1.989508
804599323.0035939,2.091605
804599324.796715,1.730073
804599326.8544259,1.990786
804599328.758023,1.840255
804599330.676069,1.851712
804599332.4333359,1.694431
804599334.351397,1.85114
804599336.5375371,2.122768
804599338.480116,1.8757069999999998
804599340.493173,1.949435
804599342.304125,1.744723
804599344.071015,1.703171
804599346.056868,1.919163
804599348.341217,2.221086
804599350.303552,1.8959739999999998
804599352.233445,1.866486
804599354.341098,2.040066
804599356.414456,1.990434
804599358.528167,2.0467609999999996
804599360.6089721,2.0174220000000003
804599362.552052,1.876595
804599364.299687,1.683912
804599366.0392771,1.673602
804599368.0520539,1.94961
804599369.80888,1.689037
804599371.961362,2.088758
804599373.7461671,1.696515
804599375.805933,1.9934010000000002
804599378.603708,2.7342619999999997
804599380.564123,1.893679
804599382.436548,1.805715
804599384.707997,2.2074350000000003
804599386.642848,1.8685450000000001
804599388.7269601,2.020946
804599390.522702,1.729266
804599392.3169891,1.731667
804599394.439787,2.055476
804599396.200763,1.697587
804599398.1179919,1.8506289999999999
804599400.267336,2.085245
804599402.129207,1.795416
804599404.381381,2.188827
804599406.399325,1.951139
804599408.651525,2.1893529999999997
804599410.618936,1.90057
804599412.53399,1.852222
804599414.468339,1.8677190000000001
804599416.5197799,1.987653
804599418.290478,1.702574
804599420.280647,1.9270820000000002
804599422.2083161,1.860207
804599424.483258,2.211911
804599426.276303,1.72622
804599428.157433,1.817768
804599429.700336,1.475852
804599431.645721,1.882078
804599433.703989,1.9950409999999998
804599435.88174,2.111361
804599437.500178,1.5546200000000001
804599439.5583149,1.991161
804599441.2777691,1.656227
804599443.178535,1.833805
804599444.939706,1.698043
804599447.016196,2.008451
804599448.95481,1.8759379999999999
804599451.174814,2.1523309999999998
804599452.924703,1.671417
804599454.4186419,1.4268379999999998
804599456.1341621,1.6522080000000001
804599457.848569,1.647767
804599459.5934521,1.681676
804599461.318273,1.6617039999999998
804599462.9484789,1.563035
804599464.4468681,1.434666
804599465.969378,1.4654170000000002
804599467.3522681,1.3359509999999999
804599468.840393,1.432591
804599469.942634,1.054405
804599471.277087,1.2898530000000001
804599472.848105,1.526253
804599474.36846,1.453991
804599475.985991,1.5465010000000001
804599477.388512,1.314251
804599478.75745,1.302929
804599479.9645511,1.144626
804599481.034572,0.981215
804599482.381905,1.289552
804599484.1743281,1.716672
804599485.626815,1.397775
804599487.013459,1.330218
804599488.506084,1.4457509999999998
804599489.925444,1.369704
804599491.423122,1.451319
804599493.011034,1.541129
804599494.004768,0.929399
804599495.234451,1.1833259999999999
804599496.556239,1.275455
804599497.755316,1.151542
804599498.834735,1.033256
804599499.844221,0.963744
804599501.5591891,1.656282
804599503.490516,1.879216
804599505.3252981,1.7879930000000002
804599507.0629491,1.6744240000000001
804599508.963043,1.854573
804599510.839728,1.812625
804599512.5840089,1.688316
804599514.433822,1.797039
804599516.241025,1.761551
804599517.99989,1.710748
804599520.071975,2.009204
804599521.533513,1.410735
804599522.777285,1.157506
804599524.579962,1.7525959999999998
804599526.495457,1.864566
804599528.2794111,1.722666
804599530.11253,1.768382
804599532.224001,2.0499479999999997
804599534.2169521,1.927994
804599536.1906769,1.891745
804599537.956744,1.7006199999999998
804599539.9518449,1.925043
804599541.71718,1.672379
804599543.644217,1.861349
804599545.4447349,1.7381479999999998
804599547.226504,1.7158410000000002
804599549.457534,2.1682490000000003
804599551.334515,1.811493
804599553.395564,1.998494
804599555.261579,1.8009840000000001
804599557.240923,1.917394
804599559.031011,1.725076
804599561.049265,1.9564460000000001
804599563.26104,2.146819
804599565.26874,1.9458710000000001
804599566.844389,1.509996
804599568.6313499,1.7254720000000001
804599570.282109,1.585743
804599572.269261,1.925704
804599574.114468,1.7793780000000001
804599575.836342,1.659885
804599577.7284529,1.830016
804599579.5891,1.795606
804599581.536214,1.885145
804599583.426405,1.824789
804599585.562885,2.07472
804599587.619158,1.991021
804599589.583642,1.901698
804599591.523665,1.87439
804599593.6594081,2.072486
804599595.440756,1.7155390000000001
804599597.435851,1.93247
804599599.253739,1.7511029999999999
804599601.404873,2.0886139999999997
804599603.407566,1.935783
804599605.3278071,1.857285
804599607.4529,2.057796
804599609.3835061,1.867618
804599611.209663,1.759191
804599612.911916,1.639086
804599614.894067,1.916067
804599616.798748,1.840921
804599618.702886,1.837699
804599620.721276,1.9544409999999999
804599622.6113969,1.8230849999999998
804599624.761559,2.086954
804599627.163807,2.335649
804599629.46704,2.240407
804599631.374441,1.841252
804599633.2932539,1.855435
804599635.039305,1.679486
804599636.954098,1.851661
804599638.815377,1.7945179999999998
804599640.772599,1.894275
804599642.5573059,1.71769
804599644.50685,1.886383
804599646.638268,2.0650429999999997
804599648.959227,2.257451
804599651.267287,1.879726
804599653.352557,2.021582
804599655.464815,2.044631
804599657.650515,2.1224220000000003
804599659.5614539,1.844916
804599661.5050751,1.880725
804599663.5130861,1.940118
804599665.703943,2.128
804599667.4096941,1.638816
804599669.033019,1.5595610000000002
804599671.298639,2.199366
804599673.058171,1.6969210000000001
804599675.011244,1.875091
804599676.693361,1.6190799999999999
804599678.259623,1.499457
804599680.151964,1.8206749999999998
804599681.6509889,1.432515
804599683.501323,1.787528
804599685.195919,1.63012
804599686.7935139,1.5313860000000001
804599688.651791,1.79488
804599690.156615,1.438289
804599691.933522,1.713384
804599693.603842,1.606716
804599695.210934,1.540161
804599697.1233369,1.849085
804599698.764678,1.5744310000000001
804599700.438285,1.609818
804599701.9544511,1.449922
804599703.658484,1.640631
804599705.139137,1.417782
804599706.9067681,1.701166
804599708.742713,1.7727730000000002
804599710.558511,1.749423
804599712.5376289,1.9156410000000001
804599714.2110549,1.606651
804599715.792458,1.517438
804599717.609318,1.7539339999999999
804599719.409565,1.733546
804599721.205411,1.731597
804599722.769724,1.497948
804599724.355271,1.521984
804599726.23365,1.812245
804599727.904826,1.5884989999999999
804599729.496317,1.527933
804599731.538918,1.9764119999999998
804599733.243171,1.64045
804599735.1667,1.857169
804599736.6865541,1.4564720000000002
804599738.238458,1.484942
804599739.836689,1.535135
804599741.54407,1.6440039999999998
804599743.754808,2.1442129999999997
804599745.902264,2.083536
804599747.925114,1.956722
804599749.590136,1.6013629999999999
804599751.0480701,1.391355
804599753.202707,2.0815669999999997
804599755.229331,1.959848
804599757.576386,2.283246
804599759.502561,1.852333
804599761.40239,1.8361210000000001
804599763.1521491,1.683149
804599765.081471,1.865388
804599766.811535,1.662881
804599768.628104,1.7534219999999998
804599770.4503269,1.755307
804599772.396995,1.88307
804599774.611101,2.147135
804599776.369586,1.694326
804599778.2941921,1.856608
804599780.32873,1.9712000000000003
804599782.0443599,1.649531
804599783.8292049,1.721012
804599786.017837,2.125198
804599788.064657,1.980682
804599790.073114,1.941466
804599792.024032,1.887905
804599793.7779759,1.68593
804599795.551936,1.71127
804599797.2896321,1.674273
804599799.0825881,1.72636
804599800.9535941,1.807955
804599802.868007,1.847432
804599804.855194,1.924085
804599807.068838,2.146553
804599809.361732,2.2297219999999998
804599811.167848,1.739756
804599813.115493,1.8841979999999998
804599815.196238,2.014155
804599817.153555,1.89385
804599819.055174,1.834903
804599821.130882,2.0123860000000002
804599822.8585399,1.6616090000000001
804599824.922706,2.0012250000000003
804599827.045965,2.0566690000000003
804599829.042609,1.9334820000000001
804599830.913816,1.8042559999999999
804599832.95309,1.9761060000000001
804599834.769855,1.7501909999999998
804599836.609619,1.776571
804599838.352502,1.676399
804599840.468769,2.0533159999999997
804599842.248449,1.7139469999999999
804599844.356142,2.044336
804599846.193224,1.7709430000000002
804599848.5239811,2.26789
804599850.6156621,2.024835
804599852.648761,1.9699219999999997
804599854.487267,1.772231
804599856.261849,1.71159
804599858.39272,2.063976
804599860.2783409,1.8225889999999998
804599862.1895059,1.8448259999999999
804599864.113542,1.8599560000000002
804599865.939168,1.749989
804599867.693753,1.6915840000000002
804599869.435378,1.678679
804599871.317852,1.8161939999999999
804599873.457018,2.076124
804599875.2156321,1.692416
804599878.066931,2.787801
804599880.413876,2.2807209999999998
804599882.942544,2.46525
804599885.467974,2.462153
804599887.6205369,2.0862480000000003
804599889.473938,1.789953
804599891.417098,1.876033
804599893.326323,1.845798
804599895.232817,1.840516
804599897.37906,2.083135
804599899.619451,2.1732750000000003
804599901.771918,2.089099
804599903.66241,1.8235759999999999
804599905.486883,1.761582
804599907.299193,1.7450029999999999
804599909.4027109,2.040166
804599911.437184,1.9675470000000002
804599913.367469,1.8674629999999999
804599915.380235,1.94568
804599917.3960791,1.952451
804599919.458642,1.9967840000000001
804599921.51492,1.9928350000000001
804599923.414899,1.8339299999999998
804599925.2174411,1.7394100000000001
804599926.961447,1.6783130000000002
804599928.687335,1.643597
804599930.792142,2.038091
804599932.730565,1.874921
804599934.819028,2.02272
804599936.586539,1.704765
804599938.4461039,1.79273
804599940.191773,1.682768
804599942.1579219,1.899422
804599943.942036,1.721263
804599946.065946,2.037579
804599948.3043929,2.171722
804599950.067118,1.697102
804599951.801116,1.671167
804599953.631237,1.767149
804599955.3689289,1.671066
804599957.338124,1.905748
804599959.38071,1.9760160000000002
804599961.4043319,1.96078
804599963.311026,1.8400949999999998
804599965.415988,2.041608
804599967.428148,1.94529
804599969.391269,1.8993529999999998
804599971.1799791,1.722817
804599973.223537,1.9802959999999998
804599975.22377,1.933538
804599977.3971211,2.110379
804599979.376049,1.912679
804599981.486132,2.046911
804599983.453468,1.9001599999999998
804599985.695017,2.178377
804599987.648932,1.8871149999999999
804599989.485643,1.773855
804599991.899619,2.347737
804599993.95936,1.996429
804599995.8006979,1.774541
804599997.766134,1.901959
804599999.935892,2.1030469999999997
804600002.19839,2.19903
804600004.6161699,2.351686
804600006.57688,1.893659
804600008.591035,1.951253
804600010.4755731,1.8180379999999998
804600012.638144,2.098776
804600014.7421981,2.0377
804600016.728703,1.923579
804600018.4396579,1.644033
804600020.57936,2.07613
804600022.660536,2.014937
804600024.619858,1.896155
804600026.6627849,1.9765970000000002
804600029.011399,2.285282
804600030.9801279,1.9030360000000002
804600033.099598,2.056348
804600034.925194,1.7595020000000001
804600036.8221511,1.8336400000000002
804600038.8739581,1.985388
804600040.905514,1.9677560000000003
804600042.937315,1.965367
804600044.6229701,1.622608
804600046.811476,2.121735
804600048.819808,1.94547
804600050.530461,1.644088
804600052.53816,1.944898
804600054.304107,1.6988809999999999
804600056.101372,1.733742
804600058.035736,1.86833
804600059.8224771,1.723528
804600061.9733901,2.087822
804600063.6884091,1.6474820000000001
804600065.641011,1.889064
804600067.640988,1.9335120000000001
804600069.570876,1.866772
804600071.434205,1.796754
804600073.477046,1.979694
804600075.7395201,2.195637
804600077.6819869,1.87921
804600079.620957,1.872169
804600081.549107,1.864903
804600083.291654,1.676594
804600085.161438,1.806201
804600087.0791941,1.8517169999999998
804600089.235144,2.092959
804600090.9284121,1.626578
804600093.110458,2.11934
804600094.844561,1.667106
804600096.670422,1.762609
804600098.474357,1.7375909999999999
804600100.262872,1.725684
804600102.204638,1.8753419999999998
804600103.8993239,1.631775
804600105.735119,1.772221
804600107.6335039,1.831961
804600109.84342,2.146919
804600111.592793,1.6829239999999999
804600113.634062,1.978282
804600115.403392,1.702895
804600117.328153,1.861855
804600119.053385,1.658316
804600120.80744,1.690476
804600122.564892,1.690962
804600124.337589,1.684186
804600126.887111,2.48224
804600128.730849,1.7620879999999999
804600130.594579,1.797291
804600132.437982,1.78001
804600134.6011031,2.096717
804600136.865611,2.201351
804600138.56782,1.635648
804600140.392408,1.761752
804600142.4046481,1.9458360000000001
804600144.130146,1.6623759999999999
804600146.2812749,2.0850500000000003
804600148.18819,1.843417
804600149.981365,1.726465
804600151.757887,1.7135799999999999
804600153.583929,1.762885
804600155.310219,1.6599309999999998
804600157.206635,1.8327129999999998
804600159.099853,1.827139
804600160.854479,1.691454
804600162.563774,1.6435119999999999
804600164.507224,1.880393
804600166.4928579,1.9188230000000002
804600168.4694201,1.913025
804600170.398843,1.8625720000000001
804600172.627071,2.165107
804600174.794352,2.0999299999999996
804600176.540122,1.683169
804600178.2097249,1.598422
804600179.921034,1.6465690000000002
804600181.6167129,1.6325370000000001
804600183.269011,1.585853
804600185.1951109,1.862848
804600186.92129,1.658838
804600188.575642,1.590153
804600190.2212939,1.5794030000000001
804600191.789586,1.504584
804600193.3735139,1.5206460000000002
804600195.176743,1.736804
804600196.637359,1.397439
804600198.1423329,1.4376829999999998
804600199.797236,1.591371
804600201.4762,1.615311
804600203.174906,1.63189
804600204.6440569,1.405323
804600206.24061,1.529271
804600207.837303,1.5330350000000001
804600209.324245,1.4234040000000001
804600210.790108,1.399479
804600212.2884669,1.435392
804600213.621671,1.278111
804600215.2299409,1.545258
804600216.729954,1.43651
804600218.47429,1.677721
804600219.924683,1.386433
804600221.326226,1.3366529999999999
804600222.83303,1.440308
804600224.2592449,1.3630440000000001
804600225.834008,1.507916
804600227.2670649,1.369986
804600228.6846961,1.354219
804600230.2983379,1.54616
804600231.712922,1.3507149999999999
804600233.3311701,1.554796
804600234.785411,1.387436
804600236.219255,1.370175
804600237.6494399,1.3633149999999998
804600239.2562859,1.543659
804600240.826888,1.506718
804600242.4175119,1.523773
804600243.9971,1.516035
804600245.436597,1.337083
804600246.911912,1.412309
804600248.656379,1.680679
804600250.208919,1.485454
804600252.6340419,2.36198
804600254.549888,1.848208
804600256.323953,1.710167
804600258.1672649,1.776536
804600259.5948141,1.3640709999999998
804600261.3424189,1.684928
804600262.883111,1.4745890000000001
804600264.605376,1.659279
804600266.694761,2.023451
804600268.447342,1.689609
804600270.4525261,1.9393660000000001
804600272.472139,1.9568910000000002
804600274.608082,2.0699799999999997
804600276.6747849,2.0038009999999997
804600278.3980681,1.6566720000000001
804600280.497932,2.0366619999999998
804600282.379979,1.8154670000000002
804600284.158952,1.7159250000000001
804600285.866508,1.641657
804600287.7394639,1.809829
804600289.481024,1.677762
804600291.21897,1.671622
804600293.024189,1.7421470000000001
804600294.9423901,1.851656
804600296.975574,1.970192
804600299.067731,2.0252809999999997
804600301.3539649,2.223077
804600303.044066,1.62361
804600305.122064,2.013909
804600307.036923,1.8479029999999999
804600308.703578,1.58478
804600310.798401,2.028784
804600312.900576,2.038261
804600314.658254,1.691117
804600316.435156,1.7138660000000001
804600318.252037,1.750456
804600320.136124,1.821366
804600321.906231,1.69868
804600323.671757,1.7027050000000001
804600325.962466,2.227763
804600327.700047,1.671186
804600329.4321901,1.669257
804600331.498587,2.000113
804600333.253358,1.6914829999999998
804600335.170386,1.8508699999999998
804600337.008271,1.774638
804600338.84189,1.7674100000000001
804600340.718154,1.812621
804600342.42804,1.643216
804600344.1509421,1.659474
804600345.924371,1.705636
804600347.811064,1.8233
804600349.534437,1.6602459999999999
804600351.419597,1.8188360000000001
804600353.2763699,1.7931
804600354.955415,1.6133460000000002
804600356.807578,1.78863
804600358.7047399,1.830813
804600360.482375,1.7143620000000002
804600362.250407,1.701587
804600363.999018,1.685675
804600365.828779,1.7377619999999998
804600367.634273,1.7426270000000001
804600369.644113,1.946156
804600371.566424,1.8564969999999998
804600373.517231,1.887756
804600375.287794,1.703772
804600378.140476,2.789701
804600380.459251,2.2531169999999996
804600382.703131,2.1808140000000003
804600384.931385,2.165026
804600387.242606,2.243694
804600389.644469,2.3389159999999998
804600391.718358,2.007324
804600393.487251,1.7062430000000002
804600395.351357,1.797631
804600397.196578,1.7816130000000001
804600398.9094969,1.646404
804600401.046588,2.07417
804600402.923453,1.810546
804600404.694898,1.708303
804600406.496032,1.7351249999999998
804600408.548375,1.989051
804600410.483331,1.868411
804600412.310465,1.763496
804600414.0771691,1.699482
804600416.091014,1.950658
804600418.038468,1.880563
804600420.1581041,2.0566690000000003
804600421.873283,1.648398
804600423.7173721,1.781252
804600425.483574,1.7023590000000002
804600427.521078,1.9716960000000001
804600429.289551,1.705276
804600431.554064,2.1981840000000004
804600433.3392351,1.722029
804600435.2455341,1.84041
804600437.013661,1.705366
804600439.117861,2.036943
804600441.4724389,2.291451
804600443.715312,2.1767380000000003
804600445.5326279,1.754405
804600447.740158,2.140509
804600449.479288,1.675452
804600451.2791541,1.733466
804600453.162183,1.819361
804600455.298743,2.0701899999999998
804600457.096925,1.73493
804600458.852508,1.68977
804600460.599761,1.684252
804600462.732247,2.06536
804600464.707542,1.911902
804600466.576288,1.802081
804600468.626452,1.986987
804600470.3907499,1.697799
804600472.477108,2.0212820000000002
804600474.295983,1.752957
804600476.053786,1.693975
804600478.071259,1.950842
804600479.712039,1.5768170000000001
804600481.585672,1.810054
804600483.6515269,1.9987339999999998
804600485.310485,1.5954249999999999
804600486.997989,1.620784
804600488.876785,1.8153469999999998
804600490.544533,1.6015549999999998
804600492.584147,1.9766430000000001
804600494.456532,1.805494
804600496.179619,1.659971
804600497.828673,1.582605
804600499.447337,1.555226
804600501.946211,2.4353059999999997
804600504.4408801,2.4097049999999998
804600506.947101,2.440163
804600509.529279,2.518961
804600512.21809,2.623122
804600513.9607719,1.675351
804600515.693121,1.668851
804600517.534614,1.778391
804600519.5580499,1.957067
804600521.620147,1.998784
804600523.499122,1.812811
804600525.229907,1.667673
804600526.9760929,1.6786539999999999
804600528.7098451,1.670385
804600530.7481611,1.9714260000000001
804600532.5286269,1.717734
804600534.723588,2.128131
804600536.482384,1.6957579999999999
804600538.187745,1.6396430000000002
804600540.04347,1.792834
804600541.7485311,1.638189
804600543.716312,1.903998
804600545.4468219,1.667107
804600547.496164,1.982711
804600549.640517,2.080684
804600551.614739,1.907797
804600553.6484541,1.971025
804600555.564054,1.849286
804600557.3589439,1.732388
804600559.2136279,1.788805
804600560.942253,1.6649720000000001
804600562.819128,1.810285
804600564.5714879,1.6891829999999999
804600566.4047171,1.76728
804600568.594416,2.126732
804600570.682578,2.021943
804600572.402573,1.656863
804600574.287131,1.817207
804600576.055328,1.704163
804600578.106329,1.982837
804600579.831341,1.6623059999999998
804600581.679795,1.784861
804600583.617808,1.872289
804600585.794862,2.113451
804600588.080464,2.218712
804600590.046752,1.899112
804600591.7852249,1.675075
804600593.480307,1.631118
804600595.679989,2.1331919999999998
804600597.573483,1.830197
804600599.465408,1.825621
804600601.215869,1.687429
804600603.105118,1.8231
804600605.145139,1.9767589999999997
804600606.855226,1.6442080000000001
804600608.5567781,1.638029
804600610.296278,1.6732909999999999
804600612.077175,1.716643
804600613.817607,1.671201
804600615.550683,1.669783
804600617.522759,1.9086839999999998
804600619.438094,1.848765
804600621.665105,2.163423
804600623.4676529,1.736158
804600625.6322931,2.1013830000000002
804600627.7663671,2.067895
804600629.593126,1.763957
804600631.301599,1.641737
804600633.052245,1.687399
804600634.747873,1.6295389999999998
804600636.456928,1.645777
804600638.319515,1.795886
804600640.0576819,1.675335
804600642.3390939,2.2144869999999997
804600644.383224,1.979719
804600646.4571979,2.007901
804600648.281116,1.760549
804600650.533209,2.18599
804600652.262862,1.666275
804600654.395934,2.06601
804600656.1498569,1.691408
804600658.144973,1.928696
804600659.9678521,1.759687
804600661.864033,1.8068419999999998
804600663.865964,1.936028
804600665.6333289,1.703607
804600667.635611,1.935446
804600669.382053,1.683014
804600671.528807,2.0799730000000003
804600673.319327,1.727352
804600675.374011,1.98847
804600677.125574,1.6879250000000001
804600678.865551,1.673236
804600680.7372041,1.8078390000000002
804600682.608756,1.8054290000000002
804600684.616737,1.944648
804600686.387305,1.7039920000000002
804600688.141514,1.6910429999999999
804600689.889134,1.680088
804600692.128398,2.175842
804600694.044224,1.848534
804600695.911522,1.803875
804600697.647855,1.672625
804600699.568633,1.83388
804600701.487856,1.8560720000000002
804600703.32759,1.773359
804600705.1241729,1.708904
804600707.009894,1.818785
804600708.855842,1.782891
804600710.714941,1.7928849999999998
804600712.660321,1.8823130000000001
804600714.845214,2.117927
804600716.6422031,1.7336120000000002
804600718.786942,2.077612
804600720.55122,1.70079
804600722.434982,1.817206
804600724.170984,1.672966
804600726.2989941,2.0619620000000003
804600728.1161801,1.753919
804600730.055024,1.87254
804600731.794149,1.675757
804600733.5378541,1.680343
804600735.229874,1.6260160000000001
804600736.9761449,1.683089
804600738.681005,1.6387909999999999
804600740.7818819,2.037555
804600742.533742,1.684667
804600744.5060639,1.908935
804600746.2337871,1.6604569999999998
804600748.4306519,2.133874
804600750.5286219,2.0320210000000003
804600752.662601,2.071027
804600754.5307759,1.801956
804600756.260193,1.66623
804600757.974545,1.6473449999999998
804600759.771268,1.733191
804600761.44904,1.6147749999999998
804600763.194629,1.6787189999999999
804600764.931033,1.673426
804600767.035734,2.038297
804600769.130627,2.031581
804600770.8394159,1.6427200000000002
804600772.717985,1.81452
804600774.590735,1.805654
804600776.555671,1.902044
804600778.564719,1.9432
804600780.853784,2.225767
804600782.590793,1.670029
804600784.8305081,2.176608
804600786.864319,1.967577
804600788.6563311,1.728915
804600790.619964,1.896872
804600792.407246,1.723914
804600794.15904,1.685745
804600796.099619,1.877842
804600798.151697,1.9843159999999997
804600800.139245,1.92412
804600802.023367,1.817136
804600803.7974579,1.708698
804600805.711805,1.8515759999999999
804600807.5429289,1.765231
804600809.398164,1.792082
804600811.317022,1.852018
804600813.393999,2.013544
804600815.755783,2.295134
804600817.543225,1.72415
804600819.493536,1.88322
804600821.6554699,2.098887
804600823.4240481,1.70268
804600825.434183,1.946522
804600827.3477889,1.847151
804600829.3066599,1.895488
804600831.066894,1.693478
804600832.842464,1.712002
804600834.679772,1.770939
804600836.753666,2.0107369999999998
804600838.481534,1.6598400000000002
804600840.267904,1.7228320000000001
804600842.321185,1.9872179999999997
804600844.093557,1.7093399999999999
804600845.816398,1.6540560000000002
804600847.520882,1.641362
804600849.5556849,1.9715909999999999
804600851.2156299,1.593581
804600853.050724,1.77111
804600854.760911,1.644059
804600856.554392,1.7304499999999998
804600858.442132,1.821511
804600860.3544401,1.8493959999999998
804600862.238497,1.817116
804600863.9701489,1.668425
804600865.827799,1.770192
804600867.714377,1.819451
804600869.806123,2.028514
804600871.579507,1.7065540000000001
804600873.5476459,1.9046399999999999
804600875.594812,1.9803860000000002
804600878.0934399,2.435807
804600879.7971771,1.637398
804600881.519097,1.6581650000000001
804600883.693991,2.111843
804600885.736081,1.978877
804600887.452497,1.649847
804600889.231339,1.715585
804600891.295586,1.9980969999999998
804600893.3554119,1.9965140000000001
804600895.028398,1.450448
804600897.039862,1.948558
804600898.9280031,1.821491
804600901.2407731,1.890156
804600903.218153,1.9099819999999998
804600905.3415021,2.060362
804600907.2906449,1.8822780000000001
804600909.392579,2.039218
804600911.52729,2.068196
804600913.446108,1.855686
804600915.524824,2.012907
804600917.65117,2.0621620000000003
804600919.616917,1.899643
804600921.504262,1.8238569999999998
804600923.299697,1.7293720000000001
804600925.3144389,1.950942
804600927.27353,1.8928770000000001
804600929.139976,1.80363
804600930.864191,1.65769
804600932.788697,1.861229
804600934.622166,1.766819
804600936.5437709,1.858382
804600938.626486,2.016095
804600940.938404,2.248922
804600943.054015,2.047938
804600945.160295,2.0432319999999997
804600946.9003309,1.6736469999999999
804600948.873982,1.9098819999999999
804600950.646108,1.7062030000000001
804600952.409068,1.700089
804600954.110144,1.634997
804600955.794726,1.6218560000000002
804600957.546149,1.688481
804600959.695725,2.083085
804600961.806815,2.047708
804600964.05942,2.186025
804600965.905614,1.779203
804600967.75888,1.790003
804600970.0718809,2.249609
804600971.8495799,1.71137
804600973.5777841,1.6651070000000001
804600975.602403,1.9578389999999999
804600977.541278,1.875873
804600979.404702,1.7971000000000001
804600981.230448,1.76284
804600983.1331381,1.836992
804600985.0912479,1.8951230000000001
804600987.008553,1.8502429999999999
804600988.886235,1.8145049999999998
804600990.592839,1.6402599999999998
804600992.439679,1.7835830000000001
804600994.198675,1.692376
804600996.1333649,1.8710820000000001
804600998.33867,2.138128
804601000.291341,1.889685
804601002.896598,2.539022
804601005.3401769,2.3803579999999998
804601007.837417,2.431231
804601010.323841,2.423393
804601012.709958,2.319546
804601014.496703,1.7205510000000002
804601016.349458,1.7895780000000001
804601018.443213,2.0270449999999998
804601020.742868,2.236703
804601022.777565,1.968539
804601024.598926,1.7581339999999999
804601026.315223,1.6501219999999999
804601028.112688,1.734108
804601029.8984311,1.7184220000000001
804601031.641971,1.680628
804601033.577031,1.871894
804601035.706429,2.0633790000000003
804601037.5753111,1.805539
804601039.757833,2.1161980000000002
804601041.848372,2.02714
804601043.92425,2.009344
804601045.827146,1.839569
804601047.751787,1.8580910000000002
804601049.867564,2.052545
804601052.027042,2.092016
804601053.812018,1.716998
804601055.7788731,1.903638
804601057.591233,1.749258
804601059.8782979,2.220174
804601061.634784,1.692757
804601063.69679,1.996078
804601065.5568969,1.796669
804601067.5234511,1.8994929999999999
804601069.511866,1.9250580000000002
804601071.339401,1.761206
804601073.4541199,2.051076
804601075.5448229,2.024213
804601077.374884,1.7667080000000002
804601079.1572951,1.71608
804601081.302184,2.081086
804601083.30194,1.933246
804601085.113153,1.74807
804601086.918586,1.737801
804601088.901383,1.918923
804601090.98711,2.0189359999999996
804601092.9759411,1.925643
804601094.753926,1.7123080000000002
804601096.533174,1.697322
804601098.388013,1.7887199999999999
804601100.135272,1.6831839999999998
804601102.1662049,1.963878
804601103.874127,1.644805
804601105.8885579,1.9508329999999998
804601108.030956,2.076495
804601109.75261,1.6538110000000001
804601111.680218,1.864236
804601113.454405,1.71105
804601115.3629191,1.84218
804601117.230388,1.804246
804601119.286159,1.9894470000000002
804601121.101571,1.7525
804601123.039343,1.8719940000000002
804601125.101069,1.9982480000000002
804601127.926052,2.7587089999999996
804601130.330165,2.34091
804601132.846499,2.450396
804601135.1617849,2.248316
804601137.295227,2.070471
804601139.229407,1.868411
804601141.125647,1.8328229999999999
804601143.019708,1.826994
804601144.982568,1.899518
804601147.078969,2.029205
804601149.537559,2.3958489999999997
804601151.698876,2.0953690000000003
804601153.664629,1.902374
804601155.3310239,1.599014
804601157.247546,1.853571
804601159.235606,1.9218410000000001
804601161.366703,2.068181
804601163.347009,1.913736
804601165.20702,1.796107
804601167.292176,2.019512
804601169.32758,1.972508
804601171.349758,1.9559289999999998
804601173.065879,1.653089
804601175.304191,2.172368
804601176.973062,1.605869
804601178.860166,1.820264
804601180.9597449,2.036903
804601182.613992,1.5884390000000002
804601184.522737,1.845092
804601186.262212,1.672635
804601188.217214,1.89181
804601190.0516961,1.768714
804601191.454893,1.340346
804601192.761546,1.243921
804601193.982403,1.121125
804601195.395764,1.350209
804601196.97663,1.517498
804601198.446578,1.403839
804601199.987486,1.4773500000000002
804601201.224211,1.148619
804601202.654737,1.3645580000000002
804601204.128008,1.409778
804601205.8941399,1.699527
804601207.434647,1.47716
804601208.893975,1.396081
804601210.226017,1.2658719999999999
804601211.637804,1.3481999999999998
804601212.9627241,1.2615230000000002
804601214.241291,1.212208
804601215.590638,1.285428
804601217.0045799,1.350921
804601218.423103,1.3517329999999999
804601219.7255011,1.238669
804601221.060269,1.27146
804601222.504902,1.359706
804601223.896347,1.328007
804601225.180347,1.220232
804601226.506099,1.2594480000000001
804601227.5674361,0.998556
804601229.225998,1.5952449999999998
804601230.638327,1.346249
804601232.151791,1.450372
804601234.087413,1.869197
804601235.667647,1.516321
804601237.2004961,1.469261
804601238.735706,1.4684240000000002
804601240.313565,1.5147069999999998
804601241.795536,1.4158009999999999
804601243.3831819,1.5241040000000001
804601244.94753,1.500204
804601246.611018,1.595635
804601248.111081,1.4366100000000002
804601249.520152,1.3427319999999998
804601251.524068,1.940534
804601253.652143,2.0649879999999996
804601255.324718,1.606391
804601257.079239,1.691408
804601258.925252,1.778988
804601260.482743,1.4943739999999999
804601262.324011,1.774407
804601264.338762,1.9512939999999999
804601266.075741,1.670309
804601267.936404,1.797706
804601269.696954,1.69659
804601271.420121,1.656537
804601273.1934761,1.710713
804601275.0164499,1.756665
804601276.862303,1.764168
804601278.5001919,1.571078
804601280.5048599,1.94102
804601282.348207,1.777444
804601284.214949,1.802522
804601285.935254,1.6535199999999999
804601287.6087459,1.610345
804601289.4749811,1.7791379999999999
804601291.2103269,1.669152
804601292.9560219,1.682238
804601294.763721,1.7407839999999999
804601297.0357269,2.208954
804601298.768542,1.666345
804601300.53062,1.6993019999999999
804601302.5883361,1.9917680000000002
804601304.2616969,1.6096979999999999
804601306.290827,1.9623639999999998
804601308.146753,1.7930750000000002
804601309.983806,1.770242
804601311.5784941,1.5315210000000001
804601313.3990331,1.757041
804601315.079431,1.6135469999999998
804601317.288359,2.145756
804601319.0336541,1.679181
804601321.100657,2.004152
804601323.0487281,1.8811609999999999
804601325.103382,1.991783
804601326.983269,1.813929
804601328.906693,1.860713
804601330.822088,1.849857
804601332.7705649,1.884873
804601334.656075,1.819377
804601336.840652,2.121239
804601338.6333361,1.726715
804601340.326087,1.629073
804601342.363828,1.970834
804601344.610053,2.183334
804601346.9326761,2.256264
804601348.896253,1.9006859999999999
804601350.656798,1.693548
804601352.5131,1.793065
804601354.317652,1.738448
804601356.2492341,1.868621
804601358.195666,1.879942
804601360.451344,2.192501
804601362.312758,1.79516
804601364.155184,1.7793590000000001
804601365.878511,1.656131
804601368.042475,2.10027
804601369.8965371,1.785392
804601371.741007,1.781739
804601373.795405,1.9913460000000003
804601375.914505,2.052891
804601378.3037981,2.3259909999999997
804601380.6389699,2.269113
804601383.178042,2.472582
804601385.018077,1.776913
804601386.805735,1.721053
804601388.740781,1.87196
804601390.522003,1.715224
804601392.25794,1.6724940000000001
804601394.2162,1.891524
804601396.196707,1.917023
804601397.856115,1.5934300000000001
804601399.576201,1.6568729999999998
804601401.531874,1.892401
804601403.32085,1.722722
804601405.1281581,1.74343
804601406.8223029,1.626964
804601408.602273,1.7170779999999999
804601410.366937,1.6977579999999999
804601412.535071,2.105026
804601414.703289,2.10209
804601416.994284,2.228594
804601418.938696,1.8781679999999998
804601420.9702721,1.9684479999999998
804601423.1917989,2.1554539999999998
804601425.447837,2.1924449999999998
804601427.4478539,1.9331260000000001
804601429.213581,1.702966
804601431.0660349,1.7861140000000002
804601432.795818,1.666261
804601434.762497,1.900691
804601436.6483079,1.8227790000000001
804601438.393918,1.6795950000000002
804601440.449454,1.992224
804601442.1820129,1.6661
804601444.1697611,1.924336
804601446.223634,1.9872470000000002
804601447.986288,1.699297
804601449.8095881,1.734408
804601451.730967,1.8552950000000001
804601453.72481,1.930871
804601455.688091,1.896992
804601457.518072,1.766934
804601459.388413,1.8034139999999999
804601461.499975,2.0489420000000003
804601463.242477,1.675862
804601465.2988,1.992545
804601467.06383,1.6981190000000002
804601469.148815,2.022003
804601471.039256,1.823531
804601472.782721,1.6611930000000001
804601474.8418809,1.992514
804601476.82154,1.916598
804601478.742859,1.855781
804601480.568912,1.763216
804601482.750772,2.114669
804601484.531664,1.7182110000000002
804601486.300798,1.7026750000000002
804601488.2554439,1.891444
804601489.993592,1.6719529999999998
804601491.832032,1.775053
804601494.112607,2.217488
804601496.230955,2.052134
804601498.240133,1.943831
804601499.9927291,1.689223
804601501.9912469,1.904158
804601504.122004,2.0673190000000004
804601506.2099861,2.021407
804601508.3094,2.036022
804601510.61137,2.2353199999999998
804601512.602636,1.928039
804601514.7171199,2.047763
804601516.473314,1.6934179999999999
804601518.6499771,2.1104689999999997
804601520.609139,1.8959249999999999
804601522.5658699,1.890497
804601524.5597781,1.930736
804601526.350608,1.7243600000000001
804601528.6829449,2.268763
804601530.627197,1.877271
804601532.504217,1.812891
804601534.716844,2.1460670000000004
804601536.870298,2.090142
804601538.8533809,1.916342
804601541.087428,2.1702039999999996
804601543.081957,1.927744
804601545.151751,2.006793
804601546.954614,1.736448
804601549.024023,2.0064319999999998
804601551.0153,1.924843
804601552.748476,1.6700840000000001
804601554.571501,1.757086
804601556.26537,1.6301350000000001
804601558.127029,1.794263
804601559.8670261,1.677095
804601562.229367,2.299028
804601564.5358471,2.2400160000000002
804601566.640317,2.037745
804601568.746627,2.042706
804601570.730376,1.9169230000000002
804601572.671972,1.8780430000000001
804601574.822479,2.084439
804601576.745122,1.85943
804601578.733737,1.922196
804601580.813855,2.016826
804601582.7211411,1.840565
804601584.592764,1.807954
804601586.697996,2.038747
804601588.4874231,1.726049
804601590.28338,1.7298820000000001
804601592.376849,2.030448
804601594.510983,2.068035
804601596.4758079,1.901923
804601598.402209,1.860056
804601600.138478,1.672619
804601602.036998,1.8324319999999998
804601603.807771,1.7074099999999999
804601605.927407,2.056479
804601607.7388699,1.744648
804601609.9344369,2.1331420000000003
804601611.7889551,1.7871460000000001
804601613.835721,1.9838500000000001
804601615.938908,2.036768
804601617.907778,1.879156
804601620.119218,2.143732
804601621.9591471,1.772508
804601623.717797,1.695558
804601625.705711,1.924426
804601627.726521,1.9545259999999998
804601629.661757,1.872084
804601631.532869,1.804252
804601633.719856,2.12382
804601635.457853,1.671427
804601637.382103,1.861103
804601639.174387,1.725367
804601640.961012,1.7237879999999999
804601642.7337251,1.70685
804601644.6362951,1.839799
804601646.2978541,1.594994
804601648.461131,2.100245
804601650.1712979,1.643592
804601651.980396,1.745519
804601653.990361,1.9200599999999999
804601655.895291,1.838882
804601658.127975,2.169241
804601660.220222,2.0260170000000004
804601662.107356,1.820625
804601664.078025,1.907046
804601666.033283,1.8870989999999999
804601668.104491,2.0085319999999998
804601669.8727881,1.702003
804601671.8681489,1.932345
804601673.853462,1.9037030000000001
804601675.845455,1.925278
804601677.721699,1.813412
804601679.636693,1.848604
804601681.654351,1.9541850000000003
804601683.739917,2.019102
804601685.506791,1.7030109999999998
804601687.498018,1.925278
804601689.5204769,1.9591220000000003
804601691.380308,1.794218
804601693.582155,2.138249
804601695.618837,1.9695060000000002
804601697.775484,2.093781
804601699.534299,1.6925709999999998
804601701.453528,1.855816
804601703.5460249,2.025907
804601705.278033,1.6691919999999998
804601707.2062429,1.86178
804601709.343876,2.074772
804601711.291291,1.881075
804601713.464165,2.109798
804601715.599677,2.0690980000000003
804601717.6518811,1.9883650000000002
804601719.4167999,1.698825
804601721.167878,1.686958
804601723.152464,1.918131
804601725.280839,2.0654839999999997
804601727.315161,1.9674010000000002
804601729.166036,1.787447
804601731.151063,1.919039
804601733.323061,2.1090560000000003
804601735.2444601,1.854308
804601737.215309,1.907672
804601739.370142,2.0883469999999997
804601741.483342,2.049638
804601743.418713,1.868656
804601745.5016891,2.019652
804601747.510085,1.942238
804601749.433353,1.860041
804601751.586447,2.086448
804601754.147991,2.4986230000000003
804601756.556079,2.3420530000000004
804601759.156093,2.536637
804601761.517998,2.298257
804601763.447306,1.862813
804601765.231024,1.720521
804601767.028098,1.730479
804601768.595558,1.504167
804601770.255744,1.593456
804601771.859864,1.5407680000000001
804601773.466385,1.5431679999999999
804601775.3432751,1.810145
804601777.01632,1.609683
804601778.719441,1.6369170000000002
804601780.5517931,1.76965
804601782.249771,1.63195
804601784.1058481,1.792434
804601786.025894,1.853211
804601787.760798,1.671903
804601789.473296,1.648629
804601791.382406,1.8418539999999999
804601793.15353,1.708523
804601795.1522441,1.9327260000000002
804601796.946281,1.7307649999999999
804601799.047078,2.034783
804601801.1307759,2.020369
804601802.9504881,1.753188
804601805.1082419,2.0944119999999997
804601807.07855,1.903807
804601809.3765451,2.23528
804601811.2851801,1.8421990000000001
804601813.2107381,1.862963
804601815.376556,2.099925
804601817.458133,2.017693
804601819.23714,1.713299
804601821.16738,1.867103
804601822.9366751,1.7028860000000001
804601824.7969021,1.796599
804601826.489849,1.626127
804601828.486378,1.933172
804601830.409511,1.8565070000000001
804601832.514697,2.04218
804601834.520373,1.939145
804601836.3884369,1.805288
804601838.291403,1.836652
804601840.235931,1.8809250000000002
804601842.086951,1.784681
804601843.940923,1.7909410000000001
804601845.985885,1.934099
804601847.742766,1.690537
804601849.656607,1.849917
804601851.647754,1.9243649999999999
804601853.8272691,2.1163369999999997
804601855.483254,1.589085
804601857.504165,1.957633
804601859.577623,2.006482
804601861.3563501,1.7156689999999999
804601863.222365,1.7991439999999999
804601864.9339551,1.648574
804601866.868665,1.8684260000000001
804601868.631269,1.6987759999999998
804601870.530366,1.8204390000000001
804601872.490431,1.896842
804601874.451156,1.8709060000000002
804601877.039513,2.52503
804601879.624843,2.519181
804601882.363349,2.6747479999999997
804601884.322215,1.892211
804601886.2537379,1.867519
804601888.176445,1.858969
804601890.056603,1.814094
804601891.990636,1.8703299999999998
804601894.116526,2.0332000000000003
804601896.161478,1.981619
804601898.040318,1.81214
804601899.857414,1.728891
804601901.7048659,1.784165
804601903.5143889,1.7433990000000001
804601905.483178,1.905356
804601907.3338231,1.784971
804601909.264172,1.8668319999999998
804601911.014513,1.683565
804601913.072004,1.994104
804601915.148128,2.009519
804601916.864465,1.652568
804601918.680689,1.750266
804601920.424244,1.680774
804601922.1003721,1.609943
804601923.712119,1.54856
804601925.727232,1.951594
804601927.273562,1.4792189999999998
804601928.987748,1.651084
804601930.7574841,1.702569
804601932.719017,1.8979540000000001
804601934.772162,1.9858940000000003
804601936.589599,1.753468
804601938.636776,1.97985
804601940.411294,1.711525
804601942.356062,1.878645
804601944.085253,1.665854
804601946.117901,1.966013
804601947.834824,1.65317
804601949.89252,1.9945840000000001
804601951.5779849,1.617746
804601953.284689,1.642905
804601954.911777,1.560273
804601957.187466,2.212101
804601959.4200339,2.165377
804601961.318239,1.834983
804601963.110758,1.725939
804601964.833094,1.658688
804601966.520082,1.620674
804601968.695648,2.112685
804601970.384946,1.622573
804601972.6795889,2.231676
804601974.4598199,1.713389
804601976.4116839,1.888252
804601978.589154,2.11108
804601980.543756,1.891354
804601982.667667,2.057616
804601984.3866601,1.656226
804601985.9457899,1.4925059999999999
804601987.587858,1.577944
804601989.033269,1.3820830000000002
804601990.565537,1.4652370000000001
804601991.916893,1.287387
804601993.6341021,1.6541469999999998
804601995.135919,1.435352
804601996.659211,1.460621
804601998.2767221,1.550365
804601999.765739,1.426061
804602001.700444,1.871774
804602003.529077,1.7630549999999998
804602005.449594,1.857065
804602007.7071611,2.191995
804602009.838915,2.069309
804602011.4080931,1.503741
804602013.41011,1.939957
804602015.389053,1.9136559999999998
804602017.212654,1.761266
804602019.060442,1.781924
804602021.068878,1.945816
804602022.790973,1.6482929999999998
804602024.6092069,1.7555470000000002
804602026.53694,1.862196
804602028.85377,2.2536829999999997
804602030.896021,1.976117
804602033.031263,2.072181
804602035.2473631,2.1504380000000003
804602037.3794119,2.069669
804602039.150491,1.7055410000000002
804602041.024785,1.810546
804602042.979111,1.886974
804602045.033725,1.9905399999999998
804602046.976338,1.875372
804602048.905225,1.865809
804602050.864036,1.8913490000000002
804602052.820041,1.8927779999999998
804602054.680523,1.794298
804602056.485952,1.741194
804602058.165457,1.613091
804602059.9555709,1.726856
804602062.135246,2.087561
804602063.85924,1.657886
804602065.917262,1.995126
804602067.5347029,1.531531
804602069.305702,1.7077520000000002
804602071.228669,1.856157
804602072.997633,1.704925
804602075.182291,2.117511
804602077.310421,2.065364
804602079.039963,1.662566
804602080.85751,1.752059
804602082.9494461,2.02515
804602085.015632,2.003295
804602086.896086,1.813879
804602089.079931,2.120307
804602091.1217,1.9757559999999998
804602092.960191,1.776021
804602095.2562779,2.229141
804602097.361074,2.041655
804602099.1053909,1.678162
804602101.280605,2.111777
804602103.304498,1.957518
804602105.128645,1.760715
804602106.9812291,1.786129
804602108.904457,1.859805
804602110.648613,1.6768589999999999
804602112.51106,1.798984
804602114.3525729,1.774607
804602116.09735,1.680819
804602118.244666,2.080716
804602120.1638451,1.856017
804602122.022292,1.791361
804602124.135072,2.04859
804602125.876832,1.6740730000000001
804602128.36026,2.419639
804602130.770271,2.343371
804602132.9994221,2.166129
804602134.9022169,1.836135
804602136.789587,1.8236560000000002
804602138.5575941,1.7011610000000001
804602140.237004,1.6162679999999998
804602141.934743,1.630147
804602143.554881,1.556599
804602145.3011019,1.682298
804602146.947616,1.579783
804602148.926168,1.91551
804602150.9727479,1.6093979999999999
804602152.7083939,1.672655
804602154.566867,1.792514
804602156.4420631,1.8116079999999999
804602158.3458309,1.836918
804602160.0675601,1.658798
804602162.300324,2.165772
804602164.1221961,1.7585899999999999
804602166.111663,1.923073
804602168.0636331,1.889033
804602170.176453,2.046165
804602172.123953,1.8842480000000001
804602174.235901,2.045528
804602176.171929,1.8727209999999999
804602178.150887,1.911201
804602180.26762,2.053752
804602182.5634961,2.229401
804602184.627758,2.001501
804602186.3982201,1.704414
804602188.5012369,2.039374
804602190.424009,1.856012
804602192.2259351,1.738403
804602194.265028,1.97305
804602196.3763901,2.048175
804602198.5249981,2.082294
804602200.825444,2.237079
804602202.829681,1.937321
804602204.741207,1.847748
804602206.472633,1.664415
804602208.3842089,1.848284
804602210.136925,1.6858000000000002
804602211.93425,1.734614
804602213.669601,1.671973
804602215.312507,1.5755730000000001
804602217.064937,1.6890880000000001
804602218.917055,1.7855480000000001
804602220.6135911,1.63389
804602222.6383951,1.957838
804602224.4489311,1.747775
804602226.5299721,2.014987
804602228.6407721,2.047698
804602230.635316,1.927799
804602232.713014,2.014651
804602234.665229,1.885505
804602236.51882,1.789978
804602238.66568,2.080965
804602240.891468,2.16256
804602243.046766,2.089385
804602244.8785911,1.7684179999999998
804602246.676783,1.73081
804602248.749194,2.009494
804602250.674813,1.8597100000000002
804602252.739966,2.0016510000000003
804602254.89964,2.093575
804602256.79799,1.835188
804602258.66599,1.8013389999999998
804602260.568194,1.838366
804602262.701281,2.066272
804602264.546167,1.781784
804602266.6112959,1.998157
804602268.775079,2.070201
804602270.7055889,1.864166
804602272.7531769,1.983814
804602274.851182,2.03118
804602276.566436,1.6515849999999999
804602278.3013,1.668746
804602280.224408,1.860001
804602282.120549,1.830217
804602283.8573829,1.672715
804602285.71133,1.790504
804602287.4643071,1.686201
804602289.6673859,2.1400479999999997
804602291.458672,1.725257
804602293.396895,1.874585
804602295.32737,1.8632430000000002
804602297.522301,2.131132
804602299.455232,1.865944
804602301.228436,1.695984
804602302.994634,1.698155
804602305.028901,1.9666689999999998
804602306.7198579,1.623265
804602308.5079869,1.73102
804602310.298926,1.724428
804602311.343318,1.0134059999999998
804602312.360239,0.986186
804602313.650933,1.258922
804602314.728628,1.046797
804602315.775223,1.015103
804602316.895945,1.0582269999999998
804602317.868469,0.940011
804602319.0174179,1.118586
804602320.0841521,1.036148
804602321.084379,0.96829
804602322.067951,0.9525980000000001
804602323.1974269,1.0651320000000002
804602324.747226,1.475223
804602325.747668,0.968419
804602326.881574,1.091936
804602328.1376289,1.199091
804602329.544171,1.3420070000000002
804602331.178039,1.588903
804602332.66578,1.4430230000000002
804602334.021319,1.308156
804602335.3570429,1.290643
804602336.872251,1.4471779999999999
804602337.955604,1.036212
804602339.2459979,1.2457740000000002
804602340.4363201,1.133464
804602341.624179,1.141488
804602342.939211,1.269566
804602344.220577,1.236203
804602345.6965511,1.4289839999999998
804602347.0867649,1.3451959999999998
804602348.4302881,1.291874
804602349.767942,1.2923520000000002
804602351.502979,1.70051
804602352.765148,1.2176120000000001
804602354.219815,1.407291
804602355.391209,1.1352529999999998
804602356.476332,1.0521260000000001
804602357.699708,1.172965
804602358.7516329,1.012281
804602360.1949539,1.404623
804602361.1594701,0.9224460000000001
804602362.4820831,1.270793
804602364.2349991,1.7008830000000001
804602365.727612,1.436547
804602367.32923,1.525673
804602368.700058,1.3307740000000001
804602370.203619,1.456913
804602371.580197,1.3334169999999999
804602373.044851,1.42167
804602374.4525089,1.35504
804602375.896852,1.402602
804602377.7917559,1.8542020000000001
804602379.625678,1.7895590000000001
804602381.431431,1.764549
804602383.2336041,1.75793
804602384.937386,1.6563070000000002
804602386.61169,1.625449
804602388.346249,1.6884160000000001
804602390.0350059,1.636215
804602391.771389,1.690832
804602393.523469,1.7049109999999998
804602395.1651471,1.591732
804602396.968225,1.757958
804602398.655584,1.63849
804602400.579444,1.879582
804602402.4197539,1.7922179999999999
804602404.1943511,1.7135799999999999
804602406.149959,1.890857
804602407.6873289,1.475887
804602416.15241,8.403692000000001
804602417.832045,1.593933
804602419.491563,1.6257730000000001
804602421.298084,1.773506
804602423.021968,1.6882469999999998
804602424.8552749,1.798434
804602426.1136689,1.221677
804602427.612603,1.4692889999999998
804602429.399011,1.757186
804602431.358241,1.9283810000000001
804602433.202699,1.8021639999999999
804602434.329453,1.099881
804602436.064489,1.706325
804602437.444777,1.349893
804602438.921864,1.448546
804602440.860388,1.876856
804602442.649999,1.725448
804602444.424299,1.734405
804602446.1482689,1.6811610000000001
804602447.719298,1.5207179999999998
804602449.611397,1.830914
804602451.121986,1.4562060000000001
804602452.82434,1.6409989999999999
804602454.222409,1.355387
804602455.550349,1.2764689999999999
804602456.981163,1.379474
804602459.072779,2.0195920000000003
804602461.1507131,1.990936
804602462.773507,1.557708
804602464.701416,1.8661299999999998
804602466.5559291,1.788484
804602468.468187,1.850263
804602470.067541,1.5337669999999999
804602472.20172,2.071599
804602474.243379,1.976517
804602476.187731,1.8825230000000002
804602477.994128,1.7410839999999999
804602479.860719,1.803931
804602481.867396,1.944267
804602483.738939,1.805259
804602485.4513971,1.650308
804602487.191885,1.674294
804602488.95494,1.7007299999999999
804602491.004738,1.983789
804602493.144716,2.077222
804602495.301423,2.090833
804602497.220055,1.85513
804602499.369755,2.083516
804602501.8707241,2.438092
804602503.975535,2.038457
804602506.104738,2.037684
804602508.276509,2.105387
804602510.381812,2.038933
804602512.177052,1.731863
804602514.272782,2.028919
804602516.2641189,1.9276090000000001
804602517.951157,1.620403
804602520.1218259,2.1075920000000004
804602522.497112,2.3082350000000003
804602524.525666,1.965165
804602526.426822,1.834346
804602528.439574,1.94966
804602530.465597,1.9595480000000003
804602532.7731249,2.244231
804602534.608394,1.7689439999999998
804602536.540001,1.868155
804602538.3765521,1.770257
804602540.5603421,2.1205629999999998
804602542.447552,1.820338
804602544.154115,1.643437
804602546.021268,1.799896
804602547.816568,1.730454
804602549.89824,2.0180290000000003
804602551.8375959,1.8726909999999999
804602553.8714269,1.9709049999999997
804602555.894794,1.9573580000000002
804602557.9507611,1.992851
804602559.778993,1.761707
804602561.8303691,1.9881389999999999
804602563.472348,1.574822
804602565.308303,1.772938
804602567.119124,1.744577
804602569.033983,1.851641
804602571.205243,2.10428
804602573.108375,1.8400400000000001
804602574.766987,1.592123
804602576.521879,1.691403
804602577.941108,1.3529
804602579.631138,1.626312
804602581.142197,1.447681
804602582.570021,1.361024
804602584.383654,1.7504709999999999
804602586.246477,1.796554
804602588.046804,1.73697
804602589.7233219,1.6081590000000001
804602591.30284,1.516035
804602593.087406,1.721433
804602595.08636,1.932174
804602596.787386,1.637649
804602598.503913,1.649125
804602600.243459,1.676239
804602602.3952789,2.0855460000000003
804602604.174753,1.716166
804602606.167017,1.924872
804602607.891056,1.661299
804602609.858407,1.903507
804602611.577099,1.651575
804602613.5818521,1.941049
804602615.581739,1.933282
804602617.260628,1.6157730000000001
804602619.4723879,2.145741
804602621.424223,1.888387
804602623.573527,2.08304
804602625.489524,1.83372
804602628.219039,2.66281
804602630.652475,2.367081
804602632.843081,2.126923
804602635.019268,2.1096470000000003
804602637.266601,2.1842810000000004
804602639.436975,2.104095
804602641.688909,2.189012
804602643.595749,1.839984
804602645.687485,2.029074
804602647.7697229,2.0156430000000003
804602649.538386,1.705356
804602651.8091539,2.204608
804602653.980319,2.107883
804602655.905387,1.858773
804602658.033827,2.065023
804602660.0722741,1.9721719999999998
804602662.07182,1.933177
804602663.9891399,1.854213
804602665.891354,1.8122850000000001
804602667.6239281,1.669527
804602669.555546,1.868355
804602671.64431,2.021582
804602673.4065031,1.698485
804602675.00292,1.530048
804602677.303507,2.236653
804602679.230243,1.8599059999999998
804602681.033682,1.740473
804602682.693467,1.593475
804602684.507391,1.750766
804602686.243032,1.669578
804602688.199724,1.8936899999999999
804602689.919423,1.653836
804602691.862713,1.8801729999999999
804602693.767714,1.841212
804602695.5156341,1.68159
804602697.462311,1.882904
804602699.221051,1.692045
804602701.0193391,1.7356310000000001
804602702.878157,1.7931
804602704.750877,1.809934
804602706.811321,1.9941630000000001
804602708.6559211,1.78199
804602710.571321,1.848304
804602712.46935,1.834707
804602714.478884,1.943245
804602716.613239,2.071463
804602718.6399779,1.959598
804602720.551349,1.84875
804602722.608273,1.9901490000000002
804602724.267732,1.596282
804602725.8987999,1.5646779999999998
804602727.729558,1.76726
804602729.7424849,1.949906
804602731.804121,1.995026
804602733.7173309,1.850072
804602735.641952,1.8571600000000001
804602737.668516,1.963583
804602739.7749101,2.04003
804602741.705446,1.867489
804602743.6480299,1.8751760000000002
804602745.420457,1.709441
804602747.236225,1.749504
804602749.0357,1.736163
804602751.013946,1.911741
804602753.291148,2.213469
804602755.635848,2.2780449999999997
804602757.919535,2.219994
804602760.21044,2.223537
804602762.482801,2.2059670000000002
804602764.291196,1.7455640000000001
804602765.979743,1.621791
804602768.101318,2.0586889999999998
804602770.21275,2.044546
804602771.970468,1.69411
804602774.533797,2.4756449999999997
804602776.4870499,1.88756
804602778.3371681,1.784155
804602780.0602599,1.65967
804602782.064622,1.937336
804602783.744694,1.61676
804602785.6731341,1.864727
804602787.7331309,1.9932420000000002
804602789.757585,1.961798
804602791.682662,1.858899
804602793.6617601,1.91546
804602795.595543,1.867318
804602797.54354,1.884849
804602799.535322,1.9250420000000001
804602801.703902,2.105267
804602803.689525,1.9191239999999998
804602805.611596,1.858557
804602807.4459319,1.767792
804602809.290582,1.781508
804602811.571107,2.21368
804602813.697619,2.0636550000000002
804602815.980479,2.216561
804602817.805815,1.736102
804602820.083248,2.2109539999999996
804602822.010195,1.860528
804602823.933774,1.848414
804602825.931816,1.9355069999999999
804602828.0416191,2.0250950000000003
804602829.946123,1.836311
804602831.817756,1.8080150000000001
804602833.612059,1.731146
804602835.59017,1.9114309999999999
804602837.597509,1.944007
804602839.432212,1.767711
804602841.26737,1.772322
804602843.1840379,1.849888
804602845.147159,1.8999139999999999
804602846.980568,1.76712
804602848.919608,1.874771
804602850.628206,1.641622
804602852.513471,1.822098
804602854.691227,2.111426
804602856.75832,2.003856
804602858.718078,1.893374
804602860.675215,1.8943059999999998
804602862.622465,1.880819
804602864.7617661,2.075468
804602866.5745771,1.746582
804602868.7155629,2.078334
804602870.55051,1.769079
804602872.618796,2.005134
804602874.432279,1.746647
804602876.8531201,2.357244
804602879.244248,2.324608
804602881.608583,2.3011429999999997
804602883.347468,1.671923
804602885.528978,2.118453
804602887.7832819,2.187789
804602889.804207,1.9574179999999999
804602891.8541499,1.9832830000000001
804602893.8365359,1.919068
804602895.601661,1.697868
804602897.823856,2.158656
804602900.109848,2.220154
804602901.8220149,1.64466
804602903.7317619,1.846184
804602905.7582049,1.9624590000000002
804602907.915233,2.090257
804602909.685721,1.707196
804602911.771512,2.019271
804602913.5252111,1.690777
804602915.386129,1.794965
804602917.321024,1.8714929999999999
804602919.234019,1.8463399999999999
804602921.429782,2.132822
804602923.343588,1.846795
804602925.572614,2.1661279999999996
804602927.40042,1.761471
804602929.445727,1.9809279999999998
804602931.42693,1.914734
804602933.752756,2.262563
804602935.699453,1.880198
804602937.709804,1.947119
804602939.5872511,1.811353
804602941.3750241,1.7242439999999999
804602943.234504,1.793161
804602945.436782,2.139337
804602947.732613,2.2286799999999998
804602950.0830309,2.286594
804602952.3003939,2.151078
804602954.471714,2.105071
804602956.265787,1.730735
804602958.2731459,1.940273
804602960.169817,1.833625
804602962.4191151,2.182286
804602964.5560601,2.07432
804602966.489919,1.867944
804602968.203865,1.650569
804602970.2655051,1.9949299999999999
804602972.2748439,1.9466729999999999
804602974.153368,1.8114979999999998
804602976.134777,1.91791
804602978.085935,1.883296
804602980.282098,2.1328810000000002
804602982.244037,1.895704
804602984.154019,1.847226
804602986.143196,1.922241
804602988.281967,2.075523
804602990.3794409,2.0311790000000003
804602992.1380701,1.695448
804602994.017411,1.8122749999999999
804602996.225538,2.144965
804602998.350536,2.058859
804603000.679343,2.265956
804603003.418336,2.6717210000000002
804603006.0470871,2.565354
804603008.1269801,2.013058
804603010.0273601,1.834006
804603011.808117,1.717425
804603014.145424,2.2741800000000003
804603015.891049,1.677602
804603017.8654511,1.909977
804603019.629223,1.696215
804603021.80741,2.114995
804603023.641651,1.76768
804603025.502408,1.797164
804603027.271914,1.7031450000000001
804603029.1075131,1.772336
804603030.941488,1.767877
804603032.993727,1.970333
804603035.149206,2.089326
804603037.357433,2.1451249999999997
804603039.377186,1.9532429999999998
804603041.279801,1.8396190000000001
804603043.370168,2.0239279999999997
804603045.253834,1.820514
804603047.211603,1.889836
804603049.181419,1.906785
804603051.268765,2.021437
804603053.222685,1.890663
804603054.952328,1.663072
804603056.780008,1.764343
804603058.588133,1.74167
804603060.67822,2.0267340000000003
804603062.6374769,1.893274
804603064.607559,1.90697
804603066.5496011,1.876093
804603068.670444,2.057656
804603070.3960781,1.658827
804603072.272056,1.812224
804603074.131837,1.793065
804603076.354287,2.135052
804603078.299531,1.877597
804603080.091308,1.7284799999999998
804603081.911081,1.752696
804603084.06909,2.095228
804603086.074971,1.9388750000000001
804603087.901108,1.7626849999999998
804603089.889222,1.924852
804603091.626101,1.670264
804603093.591247,1.902274
804603095.401597,1.743875
804603097.407794,1.94304
804603099.294157,1.820178
804603101.22609,1.868601
804603103.134208,1.841277
804603104.945876,1.748065
804603106.8304851,1.817517
804603108.5805451,1.686532
804603110.816155,2.1687299999999996
804603112.64559,1.766373
804603114.8190011,2.10634
804603116.7702,1.888057
804603118.668279,1.831805
804603120.650625,1.919454
804603122.719267,2.002172
804603124.6459529,1.86361
804603126.917272,2.2046029999999996
804603128.701982,1.721548
804603130.8607739,2.0922169999999998
804603132.596079,1.672419
804603134.561847,1.899728
804603136.702692,2.077833
804603138.453464,1.68347
804603140.256422,1.739766
804603142.012812,1.690041
804603144.1224589,2.0467910000000002
804603145.883214,1.694431
804603147.655586,1.708723
804603149.534791,1.816003
804603151.56991,1.96919
804603153.5078369,1.874485
804603155.434107,1.8584319999999999
804603157.44937,1.952662
804603159.473554,1.9577840000000002
804603161.5448221,2.0077760000000002
804603163.53254,1.921489
804603165.488154,1.891881
804603167.2610619,1.7058170000000001
804603169.155949,1.831374
804603170.7867659,1.563851
804603172.775552,1.92593
804603174.433893,1.592072
804603176.433384,1.936389
804603178.369973,1.87021
804603180.588279,2.15396
804603182.3484579,1.693714
804603184.1191111,1.707722
804603186.181227,1.995045
804603187.980637,1.736328
804603189.797828,1.730705
804603192.069593,2.205636
804603194.138145,2.001179
804603195.793709,1.591982
804603197.6961039,1.839298
804603199.445593,1.683104
804603201.536015,2.028027
804603203.341956,1.739817
804603205.314474,1.909296
804603207.22822,1.8470559999999998
804603209.013943,1.722526
804603210.991277,1.910178
804603212.7729961,1.717569
804603214.759436,1.920251
804603216.542192,1.719213
804603218.314038,1.705321
804603220.546842,2.169652
804603222.650871,2.036993
804603224.453138,1.73945
804603226.530119,2.0108970000000004
804603228.362024,1.768718
804603230.337555,1.909672
804603232.2439339,1.823126
804603233.838176,1.527091
804603235.758312,1.856819
804603237.609272,1.788324
804603239.4417491,1.765034
804603241.4727831,1.9681780000000002
804603243.657655,2.117861
804603245.858374,2.137833
804603247.915569,1.989272
804603250.175852,2.19694
804603252.825968,2.583927
804603254.959246,2.0668480000000002
804603256.729278,1.705677
804603258.905455,2.109531
804603261.171256,2.2024980000000003
804603263.052586,1.814615
804603265.0882161,1.972097
804603266.7695309,1.613868
804603268.396133,1.56328
804603270.391209,1.928099
804603272.1169219,1.662211
804603274.4850659,2.300156
804603276.3901371,1.841944
804603278.466267,2.009269
804603280.4753101,1.946047
804603282.261278,1.7205759999999999
804603284.284795,1.960069
804603286.2113609,1.85943
804603287.941845,1.6671719999999999
804603289.7745631,1.7446670000000002
804603292.101656,2.260564
804603294.299419,2.131027
804603296.03738,1.6743540000000001
804603297.85365,1.748953
804603299.679091,1.762359
804603301.4994249,1.757387
804603303.12502,1.558289
804603305.044805,1.856438
804603307.332396,2.220956
804603309.132017,1.735696
804603310.8806831,1.682558
804603312.834924,1.891243
804603315.064831,2.1640740000000003
804603316.789963,1.662111
804603318.8398709,1.9831530000000002
804603320.742887,1.8393730000000001
804603322.680895,1.871813
804603324.309036,1.564633
804603325.905969,1.5308
804603327.5739379,1.6046770000000001
804603329.501391,1.864547
804603331.1694399,1.601314
804603332.828684,1.596758
804603334.314303,1.418573
804603335.9787091,1.601704
804603337.555806,1.485219
804603339.252988,1.630522
804603340.858551,1.542627
804603342.482648,1.5566550000000001
804603343.947594,1.4021599999999999
804603345.697874,1.65997
804603347.233249,1.46875
804603348.850665,1.5536020000000001
804603350.3986,1.481539
804603351.913397,1.451716
804603353.7774479,1.800708
804603355.3189169,1.474834
804603356.888883,1.5067590000000002
804603358.4773519,1.521903
804603359.924,1.3834170000000001
804603361.579455,1.5920109999999998
804603363.021693,1.3747360000000002
804603364.5122579,1.426742
804603366.031621,1.453073
804603367.597542,1.50305
804603369.271495,1.6108559999999998
804603371.0853081,1.747895
804603372.622558,1.4740529999999998
804603374.140483,1.450734
804603375.784461,1.580125
804603377.965901,2.118407
804603379.7105279,1.678534
804603381.262446,1.488205
804603383.198484,1.8685559999999999
804603385.030224,1.768783
804603386.913043,1.816514
804603388.6321659,1.655715
804603390.570024,1.870921
804603392.2754899,1.6411010000000001
804603394.177193,1.83611
804603395.795385,1.555406
804603397.6050999,1.7464570000000001
804603399.65784,1.986346
804603401.332334,1.610776
804603403.0403711,1.641783
804603404.737929,1.6341400000000001
804603406.890095,2.085907
804603409.1403301,2.187373
804603411.410696,2.2039820000000003
804603413.3792549,1.9054460000000002
804603415.122233,1.676268
804603417.055064,1.869453
804603418.887856,1.748456
804603420.771808,1.820665
804603422.8215209,1.9835590000000003
804603424.658664,1.774076
804603426.7350941,2.010116
804603428.926512,2.127528
804603430.779426,1.7865199999999999
804603432.8274051,1.9845560000000002
804603434.600147,1.706188
804603436.356141,1.692777
804603438.4558951,2.033209
804603440.26192,1.74181
804603442.04608,1.7174390000000002
804603444.171013,2.061926
804603446.4253219,2.188084
804603448.4825469,1.9939430000000002
804603450.223832,1.67498
804603452.0591611,1.772146
804603453.893662,1.76713
804603455.6124239,1.655445
804603457.4740291,1.7982930000000001
804603459.522002,1.982035
804603461.274658,1.689454
804603463.075792,1.734579
804603465.139863,2.0010090000000003
804603467.0704081,1.8638949999999999
804603468.9613309,1.827275
804603470.95737,1.9297380000000002
804603472.83421,1.8137590000000001
804603474.669383,1.768363
804603476.842724,2.110208
804603478.8128909,1.903011
804603480.7629969,1.886819
804603482.590297,1.7607899999999999
804603484.6310481,1.977534
804603486.751421,2.053932
804603488.695001,1.8804239999999999
804603490.5734199,1.812481
804603492.5287839,1.892578
804603494.600102,2.005554
804603496.4406819,1.7766870000000001
804603498.39141,1.884342
804603500.2618201,1.8073830000000002
804603503.12228,2.794151
804603505.446968,2.261416
804603508.0951489,2.581486
804603510.226928,2.065029
804603512.239023,1.947725
804603514.343724,2.0379460000000003
804603516.478265,2.071053
804603518.458315,1.912939
804603520.4338951,1.912498
804603522.233796,1.733151
804603524.4880799,2.190706
804603526.243407,1.689098
804603528.441215,2.133949
804603530.555613,2.047984
804603532.633977,2.0145
804603534.488255,1.788064
804603536.549309,1.99718
804603538.2949489,1.679055
804603540.2430711,1.8847740000000002
804603542.273468,1.9634420000000001
804603544.520966,2.18371
804603546.5966849,2.009739
804603548.858386,2.19868
804603550.822519,1.897709
804603552.8060479,1.920517
804603554.551728,1.678307
804603556.422624,1.808025
804603558.174609,1.685751
804603560.261789,2.0237179999999997
804603561.988685,1.659474
804603563.704661,1.652387
804603565.535869,1.767711
804603567.545794,1.94342
804603569.5318941,1.923033
804603571.5073789,1.909286
804603573.408175,1.837323
804603575.188089,1.713109
804603577.2775949,2.026503
804603579.235775,1.89197
804603581.035606,1.735606
804603583.04326,1.941521
804603584.942723,1.836571
804603587.1408459,2.132069
804603589.161191,1.957477
804603591.083512,1.855625
804603592.811746,1.664807
804603594.923844,2.045382
804603596.901037,1.913595
804603598.792893,1.8254549999999998
804603600.753142,1.897293
804603602.6510869,1.831023
804603604.7857729,2.071809
804603606.699323,1.846805
804603608.5910829,1.827836
804603610.38518,1.7271459999999998
804603612.390795,1.9418110000000002
804603614.489452,2.032172
804603616.4800119,1.927624
804603618.574694,2.0287539999999997
804603620.7755489,2.138034
804603622.5472851,1.686287
804603624.480897,1.870155
804603626.802949,2.255792
804603628.962147,2.096056
804603630.764899,1.736829
804603632.5791141,1.751604
804603634.3903761,1.744813
804603636.389762,1.936268
804603638.42489,1.9682279999999999
804603640.117953,1.629384
804603641.834524,1.649445
804603643.505816,1.607979
804603645.22301,1.6541109999999999
804603647.521808,2.2323540000000004
804603649.512037,1.926807
804603651.22486,1.6464940000000001
804603653.433308,2.1452400000000003
804603655.551339,2.051747
804603657.651023,2.035855
804603659.483971,1.766433
804603661.3459519,1.799164
804603663.3711821,1.958119
804603665.231599,1.79732
804603667.061095,1.763101
804603668.80465,1.679737
804603670.806451,1.935813
804603672.576808,1.682563
804603674.416657,1.772362
804603676.7302539,2.25049
804603678.837937,2.040762
804603680.8796309,1.9788179999999997
804603682.853266,1.9068
804603684.700868,1.7848009999999999
804603687.002793,2.235445
804603688.76434,1.69822
804603690.54672,1.715515
804603692.352465,1.742588
804603694.2873011,1.8685500000000002
804603696.1951879,1.843768
804603698.179769,1.918718
804603699.929759,1.686693
804603702.090019,2.096317
804603703.926054,1.768759
804603705.754416,1.764975
804603708.04099,2.219718
804603709.699643,1.591667
804603711.896879,2.13423
804603713.8831141,1.921905
804603715.74531,1.796177
804603717.455307,1.6468399999999999
804603719.208183,1.686722
804603721.249351,1.977615
804603723.037269,1.721719
804603725.144356,2.044435
804603727.142082,1.9310969999999998
804603729.0842841,1.879185
804603731.37789,2.226575
804603733.1959829,1.7549460000000001
804603735.445662,2.182808
804603737.2170919,1.707301
804603739.464174,2.1809529999999997
804603741.298706,1.771881
804603743.4192339,2.0539769999999997
804603745.205939,1.723418
804603747.159518,1.886993
804603749.3719089,2.1488840000000002
804603751.711346,2.272817
804603753.687533,1.912774
804603755.7739509,2.019197
804603757.691772,1.854865
804603759.673371,1.914002
804603761.787509,2.049858
804603763.938508,2.083973
804603766.231357,2.2052690000000004
804603768.35661,2.058659
804603770.32341,1.900155
804603772.184669,1.798071
804603774.5056729,2.253863
804603776.614388,2.045588
804603778.508208,1.8277
804603780.363818,1.7922630000000002
804603782.4262459,1.9957070000000001
804603784.388008,1.89856
804603786.310931,1.856087
804603788.335169,1.9604800000000002
804603790.06838,1.667132
804603791.822701,1.691033
804603793.588607,1.702389
804603795.3901219,1.735005
804603797.1648549,1.711109
804603799.137132,1.905968
804603801.007627,1.806737
804603802.901803,1.82759
804603804.8270351,1.861875
804603806.904568,2.0109630000000003
804603808.6993071,1.731467
804603810.694177,1.927859
804603812.633178,1.875697
804603814.645042,1.944984
804603816.589339,1.88113
804603818.6970321,2.028213
804603820.517526,1.757212
804603822.321576,1.718276
804603824.415241,2.0307329999999997
804603826.32782,1.8459640000000002
804603828.4232041,2.0316710000000002
804603830.301603,1.812044
804603832.306376,1.94149
804603834.074618,1.701307
804603835.8037349,1.665429
804603837.580206,1.7132239999999999
804603839.456019,1.8090680000000001
804603841.5259141,2.00587
804603843.0966661,1.504714
804603844.763467,1.602697
804603846.513998,1.6837
804603848.2498051,1.6724750000000002
804603850.343014,2.026263
804603852.079903,1.6736870000000001
804603853.7919949,1.644349
804603855.436324,1.5810220000000001
804603857.051831,1.5526959999999999
804603858.936564,1.817607
804603860.494692,1.509129
804603862.084975,1.540823
804603863.68449,1.5544790000000002
804603865.5099499,1.780912
804603867.028752,1.47125
804603868.6633381,1.589836
804603870.48541,1.773735
804603872.369572,1.820845
804603874.229789,1.793266
804603876.469459,2.176714
804603878.534047,1.997652
804603880.835055,2.238017
804603883.2468661,2.34505
804603885.6578491,2.348187
804603887.8661361,2.1411249999999997
804603889.66306,1.733882
804603891.4683139,1.73722
804603893.315956,1.783288
804603895.128847,1.746532
804603896.9027929,1.710312
804603899.408993,2.440422
804603901.545678,2.072921
804603903.385282,1.772994
804603905.540616,2.0913250000000003
804603907.255564,1.647757
804603909.055134,1.736012
804603911.124954,2.002724
804603912.7016,1.513083
804603914.758434,1.990425
804603917.075845,2.25448
804603919.2607579,2.1191500000000003
804603921.0464721,1.722897
804603922.930488,1.8177219999999998
804603924.507565,1.5140049999999998
804603925.881189,1.3075249999999998
804603927.584445,1.639964
804603929.2103261,1.562042
804603931.0338221,1.75664
804603932.77901,1.681255
804603934.394186,1.5488570000000002
804603936.383052,1.925278
804603937.751393,1.301561
804603939.4371581,1.614675
804603940.869213,1.369439
804603942.462739,1.49658
804603944.3023629,1.775715
804603946.070224,1.701312
804603947.912794,1.78004
804603949.887738,1.9113660000000001
804603951.6695969,1.715675
804603953.604687,1.871653
804603955.496683,1.824834
804603957.5423961,1.981694
804603959.517766,1.9090610000000001
804603961.6053871,2.0237879999999997
804603963.56707,1.8954440000000001
804603965.337182,1.706379
804603967.492962,2.089084
804603969.5846169,2.02889
804603971.4638929,1.81266
804603973.3154991,1.788159
804603974.9672999,1.585171
804603976.898046,1.8674790000000001
804603978.808835,1.8441239999999999
804603980.637653,1.76531
804603982.614281,1.910583
804603984.3412019,1.663203
804603986.6335,2.225528
804603988.5619401,1.865379
804603990.4267479,1.7983319999999998
804603992.2615501,1.77144
804603994.090378,1.762539
804603995.903766,1.750501
804603997.979363,2.011774
804603999.933624,1.88753
804604002.016619,2.020349
804604004.599759,2.516619
804604006.417631,1.750035
804604008.70825,2.2274320000000003
804604010.654773,1.879457
804604012.879223,2.1609979999999998
804604014.916757,1.94537
804604016.480072,1.499762
804604018.386441,1.8392330000000001
804604020.6465341,2.196404
804604022.519735,1.8064660000000001
804604024.62606,2.042926
804604026.431208,1.738764
804604028.28976,1.795145
804604030.064654,1.708127
804604031.8796251,1.750386
804604033.7975509,1.8544029999999998
804604035.4160141,1.552455
804604039.700019,4.220241
804604040.67674,0.9102910000000001
804604042.071386,1.350425
804604043.78883,1.654057
804604045.656842,1.8054169999999998
804604046.876574,1.176323
804604048.300494,1.381847
804604049.813612,1.469765
804604051.060109,1.204325
804604052.558159,1.4560389999999999
804604054.015463,1.413339
804604055.314023,1.235608
804604056.712628,1.356456
804604057.785274,1.029334
804604059.185391,1.357855
804604060.558408,1.309207
804604061.893111,1.273713
804604063.176294,1.219599
804604064.431095,1.191554
804604065.662798,1.165168
804604067.0120649,1.286561
804604068.22122,1.145983
804604069.716046,1.42812
804604071.075101,1.263612
804604072.6894851,1.509099
804604074.156188,1.399514
804604075.663109,1.4500520000000001
804604077.11085,1.3842539999999999
804604078.904487,1.733156
804604080.441245,1.47922
804604082.081765,1.563508
804604083.651525,1.506864
804604085.367511,1.652768
804604087.154947,1.7213580000000002
804604088.957299,1.7383730000000002
804604090.624426,1.600883
804604092.360859,1.67262
804604093.914617,1.4877390000000001
804604095.571285,1.59316
804604097.500653,1.8661809999999999
804604099.265497,1.698104
804604100.9270661,1.5985669999999998
804604102.8413941,1.8474819999999998
804604104.532546,1.627439
804604106.327752,1.72883
804604107.9968431,1.606336
804604109.7309561,1.640885
804604111.610532,1.8166
804604113.330667,1.656377
804604115.2269729,1.830437
804604117.085706,1.7945140000000002
804604119.019303,1.866416
804604120.706672,1.624002
804604122.613798,1.8408859999999998
804604124.3631661,1.686096
804604125.9332571,1.503671
804604127.9971529,1.999782
804604129.9023801,1.8143040000000001
804604131.9647369,1.9990139999999998
804604134.025756,1.977289
804604136.0360011,1.943846
804604137.805326,1.7010809999999998
804604139.476041,1.607628
804604141.185607,1.646303
804604142.9862801,1.733751
804604144.9211351,1.8712069999999998
804604146.91356,1.925879
804604149.270152,2.293816
804604150.928123,1.587401
804604152.600943,1.609693
804604154.320477,1.652733
804604156.180452,1.797054
804604158.0413201,1.794894
804604160.110133,2.005785
804604161.893605,1.7174639999999999
804604163.6638969,1.707646
804604165.416458,1.689133
804604167.268997,1.786811
804604169.448187,2.115656
804604171.250107,1.735591
804604173.177465,1.8641809999999999
804604174.905013,1.661153
804604176.836515,1.867193
804604178.582245,1.679376
804604180.36051,1.7155740000000002
804604182.436259,2.009564
804604184.3415,1.84213
804604186.140163,1.732314
804604188.3025731,2.0991579999999996
804604190.2493161,1.880318
804604192.182182,1.8689419999999999
804604193.951998,1.685179
804604196.044225,2.028273
804604198.2424481,2.1303799999999997
804604200.1758649,1.870074
804604202.079287,1.837278
804604204.3029699,2.160556
804604206.060883,1.691042
804604207.853953,1.7294770000000002
804604209.640539,1.722571
804604211.434852,1.72835
804604213.3609921,1.8635240000000002
804604215.450247,2.022861
804604217.17591,1.661865
804604219.008848,1.767195
804604220.8441961,1.772467
804604223.125814,2.214737
804604224.888167,1.698755
804604226.999103,2.0446750000000002
804604228.816048,1.753713
804604230.7839961,1.901577
804604232.856421,2.009474
804604234.7747179,1.8521029999999998
804604236.6757951,1.83787
804604238.600863,1.858824
804604240.4337201,1.769705
804604242.429167,1.929051
804604244.759984,2.26736
804604246.517205,1.690852
804604248.472433,1.892336
804604250.253926,1.71376
804604252.968372,2.651909
804604255.139627,2.080424
804604257.49663,2.29351
804604259.964147,2.401001
804604262.469365,2.41988
804604264.918137,2.383169
804604266.7180929,1.733592
804604268.50556,1.724691
804604270.8344331,2.262308
804604272.622387,1.724836
804604274.496856,1.808286
804604276.7089671,2.148834
804604278.615747,1.840115
804604280.572693,1.893499
804604282.332441,1.6928320000000001
804604284.4630569,2.067434
804604286.239704,1.710283
804604288.025517,1.722666
804604289.756999,1.663568
804604291.8063049,1.98618
804604293.7134761,1.843838
804604295.548429,1.7685730000000002
804604297.421361,1.810236
804604299.317341,1.830211
804604301.367219,1.986931
804604303.100289,1.666696
804604304.7939429,1.630647
804604306.6116799,1.7507270000000001
804604308.336511,1.66204
804604310.0475999,1.64506
804604311.830707,1.719935
804604313.935458,2.041804
804604315.7787349,1.776978
804604317.638395,1.796794
804604319.4605781,1.755964
804604321.5126511,1.989102
804604323.513415,1.934986
804604325.421989,1.845558
804604327.3342171,1.845112
804604329.377395,1.9807620000000001
804604331.495767,2.051833
804604333.760285,2.2010699999999996
804604335.7591441,1.9326949999999998
804604337.718336,1.896411
804604340.033427,2.248837
804604341.795951,1.694656
804604343.505065,1.645547
804604345.234066,1.666009
804604347.0443369,1.74379
804604349.116291,2.0088179999999998
804604351.011158,1.82764
804604352.824806,1.751503
804604354.6162779,1.724862
804604356.496847,1.817993
804604358.2249451,1.661849
804604360.2267311,1.938554
804604362.321018,2.028313
804604364.0470771,1.662872
804604365.953511,1.838907
804604367.806742,1.790309
804604369.510223,1.6404239999999999
804604371.30399,1.727397
804604373.287809,1.9204059999999998
804604374.81473,1.46044
804604377.070001,2.1918089999999997
804604379.200627,2.064031
804604381.460003,2.195873
804604383.997196,2.470903
804604386.408977,2.319717
804604388.1976321,1.724917
804604389.677598,1.4137119999999999
804604391.581,1.840406
804604393.8038061,2.140313
804604395.557108,1.686261
804604397.484857,1.864096
804604399.487991,1.93682
804604401.303107,1.752095
804604403.1899309,1.821121
804604404.988068,1.734909
804604406.6834,1.6291490000000002
804604408.583234,1.8362610000000001
804604410.6289229,1.978662
804604412.830033,2.138044
804604414.987993,2.090724
804604416.648644,1.597429
804604418.190434,1.474974
804604419.895901,1.6419430000000002
804604421.582859,1.623891
804604423.569259,1.919781
804604425.58184,1.949344
804604427.375957,1.727733
804604429.556455,2.117551
804604431.346849,1.72431
804604433.318706,1.9083240000000001
804604435.3668001,1.9813779999999999
804604437.1346309,1.7053909999999999
804604438.84791,1.647712
804604440.5589839,1.6473309999999999
804604442.324615,1.699667
804604444.2830759,1.8955680000000001
804604446.0801,1.7299380000000002
804604447.767138,1.624212
804604449.8869641,2.055922
804604451.592465,1.6391870000000002
804604453.322493,1.666635
804604455.454062,2.06568
804604457.556463,2.038748
804604459.296845,1.674729
804604461.032602,1.67278
804604463.062042,1.96284
804604464.805612,1.6805679999999998
804604467.062938,2.189964
804604468.908897,1.7821289999999999
804604470.858952,1.8831200000000001
804604472.570542,1.648428
804604474.5874139,1.950962
804604476.440644,1.7902440000000002
804604478.314257,1.8067929999999999
804604480.552183,2.173812
804604482.28376,1.6647210000000001
804604484.045352,1.6984050000000002
804604486.2556131,2.141927
804604487.9970629,1.678288
804604490.265525,2.176032
804604492.121061,1.792239
804604493.9915761,1.803078
804604496.284395,2.229963
804604498.326901,1.9757609999999999
804604500.632826,2.242192
804604503.036889,2.3366900000000004
804604505.3859229,2.285552
804604507.839331,2.386292
804604510.2210419,2.318613
804604511.982388,1.695107
804604514.106534,2.037784
804604515.83345,1.659961
804604517.616361,1.719895
804604519.6604509,1.977811
804604521.682038,1.9581
804604523.816638,2.067489
804604526.020204,2.14064
804604528.124099,2.037615
804604529.915054,1.724215
804604531.676405,1.698059
804604533.57452,1.834793
804604535.316075,1.67467
804604537.176647,1.79714
804604539.073534,1.830357
804604540.835657,1.699046
804604542.870836,1.9691100000000001
804604544.695259,1.761397
804604546.694109,1.932861
804604548.821603,2.064298
804604550.995389,2.106991
804604553.050144,1.9916819999999997
804604554.764235,1.648519
804604556.5409421,1.7135900000000002
804604558.4768239,1.8700839999999999
804604560.530807,1.9907560000000002
804604562.5178839,1.9209679999999998
804604564.492717,1.911346
804604566.631186,2.071894
804604568.4165131,1.721498
804604570.271508,1.7889659999999998
804604572.032674,1.698254
804604573.9721,1.871673
804604575.744778,1.709376
804604577.8218089,2.013945
804604579.513077,1.624763
804604581.357326,1.78022
804604582.9893811,1.564558
804604584.9713161,1.919028
804604586.710751,1.673416
804604588.530138,1.756656
804604590.297724,1.701172
804604592.197834,1.818163
804604594.2894541,2.025091
804604595.972433,1.620302
804604597.744709,1.682072
804604599.566812,1.755493
804604601.304869,1.674895
804604603.325233,1.953448
804604605.250616,1.862376
804604607.023083,1.7064929999999998
804604608.786279,1.700264
804604610.801823,1.9492349999999998
804604612.6715169,1.8057699999999999
804604614.663951,1.924832
804604616.417359,1.690446
804604618.227453,1.743936
804604619.9499191,1.6592989999999999
804604621.9919491,1.9525759999999999
804604623.798666,1.7399609999999999
804604625.612319,1.750691
804604627.711531,2.033209
804604629.752424,1.9769480000000001
804604631.7978461,1.9790979999999998
804604633.874587,2.013414
804604635.890806,1.949564
804604637.814271,1.860076
804604639.918506,2.037845
804604641.669889,1.688521
804604643.5343499,1.798393
804604645.841026,2.243173
804604648.09325,2.185639
804604650.0628761,1.9025050000000001
804604651.7613859,1.635423
804604653.453376,1.629038
804604655.242116,1.722491
804604657.080667,1.775354
804604659.1182971,1.9707599999999998
804604661.3818481,2.200179
804604663.243372,1.794804
804604665.590628,2.2837330000000002
804604667.432196,1.775339
804604669.3631821,1.867704
804604671.133945,1.70288
804604673.069562,1.872375
804604674.949499,1.8123099999999999
804604676.726287,1.714071
804604678.386703,1.5942779999999999
804604679.9850439,1.5351839999999999
804604681.72022,1.648755
804604683.488413,1.701412
804604685.1504129,1.598807
804604687.279746,2.063209
804604689.437355,2.0943810000000003
804604691.1640149,1.660356
804604692.889483,1.662115
804604694.701707,1.74577
804604696.0359889,1.270764
804604697.6813899,1.519257
804604699.089504,1.3451170000000001
804604700.797205,1.632536
804604702.380828,1.517233
804604704.219068,1.775259
804604705.811401,1.525483
804604707.550396,1.675025
804604709.0316199,1.418914
804604710.6960399,1.598046
804604712.316208,1.556825
804604713.946935,1.564222
804604715.519171,1.509741
804604717.1467961,1.564753
804604718.742391,1.528995
804604720.80791,2.001986
804604722.505403,1.62977
804604724.294649,1.7263000000000002
804604725.970511,1.609077
804604727.576155,1.542587
804604729.296686,1.657024
804604730.993201,1.6299000000000001
804604732.532916,1.4768139999999998
804604734.552244,1.9534790000000002
804604736.528476,1.9132699999999998
804604738.231641,1.63639
804604740.0405829,1.746316
804604742.1936419,2.08501
804604743.747856,1.4903449999999998
804604745.488569,1.677311
804604747.370686,1.8153469999999998
804604749.224638,1.79085
804604750.937902,1.6469500000000001
804604753.3069129,2.30628
804604755.37943,2.005715
804604757.18958,1.7469569999999999
804604758.759746,1.5035859999999999
804604760.474689,1.652202
804604762.2208151,1.6770800000000001
804604764.1734159,1.889505
804604766.145463,1.905532
804604767.814484,1.605819
804604769.506384,1.628221
804604771.426545,1.8538759999999999
804604773.0978559,1.607272
804604774.676427,1.489468
804604776.368342,1.6284120000000002
804604778.2594299,1.805819
804604779.958346,1.6356739999999999
804604781.8255041,1.779439
804604783.614254,1.721714
804604785.299919,1.622814
804604787.2271061,1.861319
804604788.9847189,1.694386
804604790.734624,1.683575
804604792.580292,1.782535
804604794.3024219,1.655494
804604796.13774,1.7723019999999998
804604798.009834,1.805514
804604800.332282,2.259647
804604802.1281381,1.728815
804604804.033665,1.8429010000000001
804604805.7694969,1.666952
804604807.898434,2.065394
804604810.210047,2.248276
804604812.1237481,1.84663
804604814.0714691,1.8815959999999998
804604816.13562,2.00126
804604817.8447291,1.6424390000000002
804604819.927274,2.019492
804604821.746204,1.755428
804604823.697377,1.884518
804604825.4811499,1.7200550000000001
804604827.1281049,1.5802850000000002
804604829.0224609,1.8316350000000001
804604830.87314,1.78435
804604832.664953,1.728409
804604834.540761,1.808943
804604836.344271,1.740498
804604838.4340321,2.023216
804604840.690982,2.194043
804604842.405795,1.648498
804604844.1714411,1.702419
804604845.933173,1.670766
804604847.987647,1.991256
804604849.971907,1.868852
804604851.8698009,1.831795
804604853.949428,2.016731
804604855.854905,1.839488
804604857.66915,1.751263
804604859.553257,1.8180589999999999
804604861.4717549,1.854955
804604863.355641,1.817366
804604865.604182,2.185173
804604867.479544,1.808666
804604869.3525851,1.810195
804604871.2089521,1.7899479999999999
804604873.419775,2.148012
804604875.225279,1.739295
804604878.054321,2.765634
804604880.404544,2.284069
804604882.564744,2.09384
804604884.689566,2.0618860000000003
804604886.4489679,1.6933829999999999
804604888.1487011,1.636737
804604890.233024,2.017708
804604892.2263509,1.930536
804604893.958068,1.6650269999999998
804604896.115056,2.094192
804604898.028446,1.846595
804604899.9484869,1.8568989999999999
804604901.713251,1.673773
804604903.599067,1.819497
804604905.31597,1.6542810000000001
804604907.123198,1.740813
804604908.898526,1.71152
804604910.8634319,1.8981899999999998
804604912.6007979,1.674475
804604914.518754,1.851791
804604916.40888,1.826654
804604918.466416,1.9911109999999999
804604920.213228,1.6840060000000001
804604921.955079,1.675321
804604923.9901271,1.97138
804604926.069664,1.9831779999999999
804604927.9744401,1.841297
804604929.782515,1.720761
804604931.718207,1.868475
804604933.9468659,2.165533
804604936.1227779,2.1094820000000003
804604938.023714,1.834837
804604940.281737,2.194976
804604942.1495711,1.801866
804604944.023971,1.7875969999999999
804604946.132611,2.040121
804604948.0912269,1.8959409999999999
804604950.117675,1.9586709999999998
804604952.3181291,2.137698
804604954.2315639,1.847066
804604955.999576,1.7049
804604957.8764961,1.784149
804604959.756549,1.817041
804604961.565275,1.745304
804604963.672958,2.041293
804604965.7129129,1.976773
804604967.71926,1.940013
804604969.507118,1.724521
804604971.246353,1.672214
804604973.017046,1.707105
804604975.086424,1.9838939999999998
804604977.0780921,1.928601
804604979.10021,1.9560150000000003
804604980.890288,1.727202
804604982.825154,1.8687770000000001
804604984.718122,1.829916
804604986.787501,2.001761
804604988.500003,1.6495710000000001
804604990.3355219,1.7696109999999998
804604992.082059,1.683615
804604994.126228,1.9773389999999997
804604995.893513,1.703627
804604997.714529,1.7577829999999999
804604999.9689331,2.1882960000000002
804605002.0559319,1.999355
804605003.8622481,1.7403570000000002
804605005.918206,1.9929810000000001
804605007.813464,1.829165
804605009.964728,2.0880170000000002
804605011.787863,1.75681
804605013.920775,2.0703810000000002
804605015.977729,1.989803
804605018.070197,2.005489
804605020.198272,2.0620909999999997
804605021.9900589,1.7251670000000001
804605023.7670511,1.713665
804605026.035208,2.204809
804605027.954798,1.8528
804605030.139245,2.095825
804605031.838917,1.6328619999999998
804605033.789609,1.88765
804605035.556974,1.701532
804605037.619627,1.999631
804605039.59005,1.903953
804605041.870615,2.217228
804605043.701569,1.763471
804605045.790723,2.0260130000000003
804605047.8473021,1.990676
804605050.225655,2.315517
804605051.95817,1.666956
804605053.7831941,1.739185
804605055.800176,1.9505919999999999
804605057.543926,1.680548
804605059.3121879,1.702073
804605061.350118,1.9751539999999999
804605063.34565,1.929679
804605065.4181551,2.009218
804605067.1443,1.659564
804605068.967505,1.759703
804605070.776402,1.7425629999999999
804605072.730347,1.890542
804605074.6958389,1.8987260000000001
804605076.4369581,1.678253
804605078.1722989,1.669171
804605080.26848,2.032813
804605082.373762,2.038045
804605084.457724,2.0206999999999997
804605086.131827,1.607669
804605088.129629,1.934425
804605089.97883,1.781773
804605091.8996819,1.85749
804605093.8816631,1.918933
804605095.8596741,1.911671
804605097.716658,1.793666
804605099.444401,1.661874
804605101.2718259,1.7638070000000001
804605103.06475,1.726595
804605104.858637,1.73083
804605106.9523929,2.027205
804605108.7994931,1.7840390000000002
804605110.915741,2.049878
804605112.612442,1.6334229999999998
804605114.509419,1.83135
804605116.651617,2.079582
804605118.592442,1.87491
804605120.350245,1.69452
804605122.460734,2.044611
804605124.315888,1.792002
804605126.392524,2.009474
804605129.055895,2.599849
804605131.19453,2.0722050000000003
804605133.173297,1.915776
804605134.8834801,1.643898
804605136.879047,1.9332719999999999
804605138.62845,1.682989
804605140.5857979,1.894311
804605142.746639,2.0940659999999998
804605144.441801,1.631754
804605146.3639519,1.855696
804605148.488649,2.0617360000000002
804605150.223529,1.667869
804605152.133792,1.847196
804605153.847948,1.647987
804605155.60957,1.6989509999999999
804605157.398045,1.725668
804605159.14399,1.6797870000000001
804605161.0713329,1.864326
804605163.18926,2.051502
804605165.135562,1.88301
804605167.0910549,1.8892589999999998
804605168.858024,1.7037820000000001
804605170.8330281,1.907412
804605172.3679371,1.458947
804605174.278952,1.8186840000000002
804605176.187516,1.845252
804605178.183563,1.860131
804605179.928566,1.681491
804605181.5154771,1.529777
804605183.176931,1.578115
804605184.755865,1.517909
804605185.828579,1.047759
804605187.220077,1.360995
804605188.399772,1.14855
804605189.679229,1.2130400000000001
804605191.046904,1.336955
804605192.119541,1.04192
804605193.213487,1.062122
804605194.639766,1.395794
804605195.646534,0.976117
804605197.139634,1.461824
804605198.724765,1.53042
804605200.262995,1.4862309999999999
804605201.891026,1.560745
804605203.383529,1.428768
804605204.8718129,1.435417
804605206.719541,1.792793
804605208.189085,1.417179
804605209.4193679,1.175427
804605210.7446419,1.273621
804605212.190136,1.393697
804605213.6833481,1.438518
804605215.09947,1.364766
804605216.5598,1.40899
804605217.998813,1.384341
804605219.2595199,1.208461
804605220.587124,1.275226
804605222.117002,1.475772
804605223.486793,1.3174569999999999
804605225.005973,1.466541
804605226.455558,1.395359
804605228.0836071,1.5561939999999999
804605229.476979,1.317164
804605231.08231,1.558004
804605232.554376,1.399373
804605234.139821,1.53009
804605235.502578,1.2882040000000001
804605236.800693,1.250403
804605238.148326,1.296669
804605239.4219811,1.227312
804605240.773934,1.306056
804605242.35886,1.536408
804605243.620212,1.215425
804605245.075981,1.4102839999999999
804605246.4666699,1.341874
804605247.87764,1.365184
804605249.203512,1.27999
804605251.414987,2.1624410000000003
804605253.347267,1.885029
804605255.087509,1.691519
804605256.899583,1.7654859999999999
804605258.470832,1.523096
804605260.1589221,1.642499
804605261.809145,1.602155
804605263.577151,1.722185
804605265.303261,1.680808
804605266.949203,1.597515
804605268.785023,1.7905790000000001
804605270.560732,1.727182
804605272.3016961,1.677677
804605274.423597,2.055842
804605276.2196,1.7336070000000001
804605278.158399,1.874099
804605279.956045,1.73505
804605281.6807151,1.63845
804605283.837417,2.091861
804605285.849051,1.9494040000000001
804605287.788968,1.8747049999999998
804605289.5827,1.7304499999999998
804605291.474099,1.825235
804605293.189583,1.652703
804605294.738029,1.482342
804605296.4077669,1.607544
804605297.8299489,1.355817
804605299.44081,1.541991
804605301.054477,1.5490320000000002
804605302.641427,1.49684
804605304.233189,1.528258
804605305.886408,1.586384
804605307.373831,1.423625
804605309.107634,1.670534
804605310.698683,1.523738
804605312.176805,1.4152259999999999
804605313.655643,1.4122679999999999
804605315.071009,1.351718
804605316.555751,1.420733
804605318.070278,1.4403540000000001
804605319.7682971,1.6349069999999999
804605321.1742561,1.342637
804605322.796142,1.555296
804605324.2251151,1.3657350000000001
804605325.503526,1.2118470000000001
804605327.077847,1.511179
804605328.764374,1.623375
804605330.259345,1.429038
804605331.8055849,1.483835
804605333.35357,1.4635880000000001
804605334.892528,1.4728700000000001
804605336.292227,1.3371030000000002
804605337.583374,1.225613
804605338.7736701,1.127756
804605340.0531039,1.217044
804605341.575424,1.456557
804605342.829064,1.191033
804605344.244861,1.3532760000000001
804605345.387842,1.0775190000000001
804605346.723382,1.271455
804605348.107144,1.320354
804605349.5046769,1.3301479999999999
804605351.0054971,1.444278
804605352.3884571,1.308063
804605353.76167,1.306653
804605355.268175,1.432347
804605356.7117289,1.386067
804605358.2072381,1.429565
804605359.842218,1.5769309999999999
804605361.364287,1.458742
804605362.727386,1.296815
804605364.3761699,1.585532
804605365.743319,1.300479
804605367.35201,1.5452039999999998
804605368.840887,1.425359
804605370.2473619,1.337926
804605371.847713,1.535225
804605373.30002,1.3889239999999998
804605374.883707,1.517448
804605376.882742,1.935492
804605378.507375,1.557672
804605380.592961,2.0225500000000003
804605382.085446,1.4257
804605383.663927,1.515323
804605385.4631759,1.736338
804605387.239874,1.710489
804605388.8780531,1.574837
804605390.3757061,1.430556
804605392.111502,1.672369
804605393.6352401,1.457273
804605395.219494,1.4953919999999998
804605396.639786,1.356559
804605397.757098,1.05008
804605399.447544,1.627345
804605401.1915051,1.6790539999999998
804605402.75266,1.493903
804605404.2789329,1.462966
804605405.8280611,1.4831130000000001
804605407.358384,1.467147
804605408.774717,1.353231
804605410.409253,1.567876
804605411.780627,1.3076800000000002
804605413.460889,1.617712
804605414.92797,1.4005210000000001
804605416.802816,1.811457
804605418.285814,1.416227
804605420.164423,1.815493
804605421.794093,1.563315
804605423.394745,1.537119
804605425.06359,1.604817
804605426.507548,1.377748
804605428.049222,1.4779660000000001
804605429.653598,1.5368490000000001
804605431.121366,1.40427
804605432.664524,1.4799209999999998
804605434.135685,1.404526
804605435.672463,1.474188
804605437.717806,1.982181
804605439.675033,1.890311
804605441.616323,1.8783230000000002
804605443.410787,1.7277580000000001
804605445.343327,1.869428
804605447.34407,1.933708
804605449.096616,1.689479
804605451.069039,1.9056520000000001
804605453.350446,2.217518
804605455.036015,1.618528
804605457.21983,2.121445
804605459.136158,1.850033
804605461.069059,1.869664
804605463.249491,2.1137119999999996
804605465.0595211,1.746962
804605466.932717,1.807043
804605468.702703,1.7067890000000001
804605470.623757,1.854633
804605472.831617,2.1450940000000003
804605474.777884,1.8789200000000001
804605476.544157,1.703276
804605478.6840551,2.0734239999999997
804605480.4433969,1.696436
804605482.3931221,1.8835709999999999
804605484.314035,1.858287
804605486.016078,1.635027
804605488.159062,2.0795269999999997
804605490.071004,1.845377
804605491.978832,1.84491
804605493.879302,1.8087870000000001
804605496.0234289,2.0776380000000003
804605497.742031,1.649611
804605499.8793579,2.07442
804605502.674943,2.732503
804605504.903713,2.162385
804605507.0384079,2.049036
804605509.288753,2.187569
804605511.390366,2.034066
804605513.266766,1.813327
804605515.1760559,1.842315
804605517.2855929,2.045433
804605519.1997601,1.8482290000000001
804605521.345937,2.083326
804605523.326494,1.914102
804605525.1616219,1.7717209999999999
804605527.33381,2.1054530000000002
804605529.466482,2.069575
804605531.424957,1.8924619999999999
804605533.5937569,2.1052419999999996
804605535.279657,1.6182530000000002
804605537.471912,2.129338
804605539.468596,1.9303949999999999
804605541.408453,1.876865
804605543.47308,1.9973059999999998
804605545.376006,1.8390469999999999
804605547.124718,1.682668
804605548.9423001,1.754505
804605550.894451,1.885586
804605552.851934,1.894476
804605554.742481,1.824423
804605556.6787649,1.873372
804605558.644737,1.89841
804605560.602972,1.8947669999999999
804605562.3813831,1.7120469999999999
804605564.147871,1.703682
804605566.033993,1.819427
804605568.355704,2.2588600000000003
804605570.2378371,1.815809
804605572.418901,2.1174209999999998
804605574.4955211,2.010461
804605576.646229,2.088052
804605578.4943421,1.781809
804605580.497892,1.940734
804605582.2610581,1.695894
804605584.1179061,1.7937109999999998
804605586.429288,2.244055
804605588.150556,1.6583970000000001
804605589.985674,1.7685629999999999
804605591.951587,1.90275
804605594.039524,2.001867
804605595.821203,1.714256
804605597.945153,2.060658
804605599.922758,1.911265
804605601.914466,1.928751
804605603.999821,2.01833
804605605.9827731,1.893524
804605607.9176689,1.872094
804605609.83777,1.857034
804605611.6624581,1.758725
804605613.5607481,1.834942
804605615.482188,1.855501
804605617.5945821,2.049212
804605619.4297149,1.7695059999999998
804605621.420976,1.927553
804605623.38543,1.898129
804605625.23622,1.787858
804605628.0733911,2.770737
804605630.592863,2.452811
804605633.075022,2.4190129999999996
804605635.645247,2.503951
804605637.5882109,1.879557
804605639.677115,2.022154
804605641.601737,1.861425
804605643.6696471,2.001004
804605645.572513,1.838827
804605647.520318,1.882468
804605649.461553,1.878404
804605651.43361,1.9058879999999998
804605653.379215,1.881942
804605655.354314,1.909205
804605657.5012331,2.0832260000000002
804605659.257703,1.690446
804605661.194573,1.872726
804605663.15798,1.896947
804605664.983621,1.76298
804605666.950155,1.900134
804605669.263001,2.249734
804605671.017486,1.68756
804605672.7642831,1.68378
804605674.728637,1.898631
804605676.602064,1.81025
804605678.714167,2.045443
804605680.499279,1.7219550000000001
804605682.2159361,1.6497359999999999
804605684.0887231,1.809674
804605686.012908,1.8574799999999998
804605688.196136,2.120382
804605690.153223,1.890512
804605691.952002,1.7351210000000001
804605694.238791,2.198163
804605696.216632,1.9115810000000002
804605698.115669,1.83196
804605699.905616,1.7268109999999999
804605701.7301999,1.7615619999999999
804605703.6578729,1.858768
804605705.618298,1.884954
804605707.503554,1.819151
804605709.498905,1.912809
804605711.502505,1.93696
804605713.5013701,1.9355360000000001
804605715.480358,1.91358
804605717.4194679,1.876098
804605719.573137,2.087616
804605721.82038,2.184311
804605723.734903,1.847738
804605725.628111,1.829736
804605727.585088,1.890557
804605729.5826341,1.9346999999999999
804605731.741591,2.09341
804605733.513477,1.708247
804605735.412483,1.832346
804605737.590139,2.1141430000000003
804605739.6018239,1.945876
804605741.56699,1.902255
804605743.730608,2.096491
804605745.870961,2.077252
804605748.22833,2.2916659999999998
804605750.366444,2.071459
804605753.241042,2.811572
804605755.538572,2.230218
804605757.834914,2.233175
804605760.237464,2.3363250000000004
804605762.190556,1.886929
804605764.164307,1.9106640000000001
804605766.086037,1.8549689999999999
804605768.216728,2.066843
804605770.228783,1.945566
804605772.0492619,1.757577
804605773.8367391,1.718747
804605776.544911,2.280154
804605778.693939,2.083115
804605780.475317,1.718411
804605782.3436581,1.801434
804605784.458707,2.051797
804605786.4008551,1.8754920000000002
804605788.241375,1.776802
804605790.13725,1.8301859999999999
804605792.374308,2.1741070000000002
804605794.3363869,1.895484
804605796.242756,1.843337
804605798.203276,1.8931930000000001
804605800.149453,1.883235
804605802.18801,1.9720369999999998
804605804.477631,2.226795
804605806.110343,1.565866
804605807.9567721,1.783417
804605810.025609,1.9553280000000002
804605811.8413069,1.749007
804605813.866428,1.9616419999999999
804605815.8193201,1.88527
804605817.5919529,1.709711
804605819.485853,1.828087
804605821.55023,2.00131
804605823.626951,2.010131
804605825.6307061,1.940258
804605827.493534,1.795877
804605829.3082839,1.751538
804605831.085618,1.71122
804605832.810815,1.6619549999999998
804605834.897017,2.019758
804605836.772239,1.8122049999999998
804605838.5307729,1.692055
804605840.50903,1.91514
804605842.594646,2.019377
804605844.593049,1.935036
804605846.517074,1.85756
804605848.517587,1.9378170000000001
804605850.4756219,1.891325
804605852.577371,2.0374600000000003
804605854.48179,1.837959
804605856.634874,2.090142
804605858.714266,2.0136030000000003
804605860.311149,1.533877
804605862.241263,1.8634739999999999
804605864.42813,2.12344
804605866.369124,1.8735469999999999
804605868.229,1.796694
804605870.068568,1.7723820000000001
804605871.831413,1.6999529999999998
804605873.819322,1.924657
804605875.260764,1.3750870000000002
804605877.211491,1.885716
804605879.291785,2.014125
804605880.994415,1.639607
804605882.887006,1.826062
804605885.299018,2.349164
804605887.3307531,1.9651500000000002
804605889.205439,1.811678
804605890.884518,1.612936
804605892.9696541,2.022013
804605894.4678221,1.431564
804605896.392865,1.862252
804605898.5955839,2.137106
804605900.470445,1.811473
804605902.5029969,1.9659529999999998
804605904.285633,1.7197149999999999
804605906.026732,1.67479
804605907.851255,1.7616820000000002
804605909.70627,1.791987
804605911.49518,1.703828
804605913.295171,1.736739
804605915.203379,1.841844
804605916.833174,1.566056
804605919.056176,2.156803
804605920.8061911,1.686928
804605922.9595749,2.087621
804605925.130345,2.107873
804605926.983695,1.786264
804605929.1715591,2.124702
804605930.9904201,1.751428
804605933.1621209,2.1086
804605934.93326,1.705241
804605936.860412,1.86417
804605938.6271111,1.700825
804605940.9263251,2.2363180000000003
804605943.009536,2.016972
804605944.9114,1.8387419999999999
804605946.817318,1.8387010000000001
804605948.760342,1.880294
804605950.417766,1.5915110000000001
804605952.148451,1.667092
804605954.1634231,1.949223
804605956.137414,1.91095
804605958.097758,1.894311
804605960.374219,2.213008
804605962.124058,1.683424
804605964.034637,1.848108
804605965.971918,1.869759
804605967.85127,1.81637
804605969.90426,1.9892569999999998
804605971.774039,1.802798
804605973.8441089,2.006898
804605976.115618,2.205406
804605977.905696,1.7238740000000001
804605979.752962,1.784214
804605981.7189599,1.9032719999999999
804605983.6599951,1.8746399999999999
804605985.915898,2.193067
804605987.71393,1.731793
804605989.4597851,1.6829939999999999
804605991.223697,1.6976630000000001
804605993.39358,2.1071470000000003
804605995.3489829,1.8886129999999999
804605997.287542,1.8753559999999998
804605999.3991629,2.045708
804606002.07127,2.58545
804606004.647088,2.509524
804606007.208347,2.494809
804606009.807233,2.535704
804606012.122409,2.249438
804606014.05301,1.8642
804606016.137989,2.021497
804606017.874753,1.669658
804606019.8622661,1.9242249999999999
804606021.813555,1.8878810000000001
804606023.811072,1.9304050000000001
804606026.016006,1.7467979999999999
804606027.940622,1.858417
804606030.0421549,2.015723
804606031.769628,1.660727
804606033.6608311,1.828086
804606035.497844,1.770894
804606037.405375,1.844304
804606039.469126,1.9980570000000002
804606041.49376,1.961492
804606043.3895841,1.829891
804606045.259609,1.806878
804606047.1151199,1.78881
804606049.036429,1.858257
804606050.788884,1.685425
804606052.749589,1.897368
804606054.578383,1.762102
804606056.6805271,2.0389470000000003
804606058.122014,1.374802
804606060.043037,1.8580269999999999
804606062.072698,1.9617630000000001
804606063.983938,1.8483340000000001
804606065.821236,1.750927
804606067.832675,1.944758
804606069.481815,1.585933
804606071.411067,1.862482
804606073.26725,1.793572
804606075.510669,2.177229
804606077.624285,2.0511359999999996
804606079.351161,1.660366
804606081.491971,2.077162
804606082.9445931,1.386864
804606084.87161,1.8634389999999998
804606086.899096,1.961658
804606088.8638511,1.901904
804606090.8101879,1.8802429999999999
804606092.753292,1.880108
804606094.4914391,1.671843
804606096.251493,1.695778
804606098.2329421,1.914649
804606100.228539,1.9326059999999998
804606102.035326,1.7408540000000001
804606104.164428,2.0661210000000003
804606105.9677421,1.736233
804606107.702672,1.670625
804606109.557105,1.791126
804606111.272449,1.648669
804606112.973089,1.6179180000000002
804606114.599616,1.560278
804606116.184747,1.521969
804606117.876366,1.625495
804606119.2681761,1.329165
804606121.014668,1.682999
804606122.427163,1.3460690000000002
804606124.402528,1.912082
804606125.943035,1.474774
804606128.31833,2.312905
804606130.305547,1.9214740000000001
804606131.9296689,1.560804
804606133.851965,1.85934
804606135.865965,1.9477749999999998
804606137.80531,1.8761590000000001
804606139.722865,1.851336
804606141.298283,1.512406
804606142.996643,1.6321160000000001
804606144.864958,1.8054290000000002
804606146.481222,1.549428
804606148.5721359,2.027597
804606150.492167,1.853471
804606152.429152,1.8739640000000002
804606154.416745,1.91961
804606156.308961,1.829626
804606158.266925,1.890758
804606160.194914,1.865013
804606162.337122,2.076039
804606164.4804931,2.080495
804606166.365187,1.816926
804606168.087708,1.65945
804606170.3988539,2.24406
804606172.2053361,1.743479
804606174.1191471,1.847322
804606175.9474441,1.7651800000000002
804606177.713281,1.67703
804606179.492774,1.71356
804606181.291036,1.735085
804606182.934368,1.577688
804606184.571479,1.573454
804606185.967079,1.329085
