768006406.93557,1.811048
768006408.87001,1.823913
768006410.689422,1.755298
768006412.34573,1.59485
768006414.014466,1.610701
768006415.628701,1.552561
768006417.362859,1.676399
768006419.396014,1.9726190000000001
768006421.236511,1.783088
768006423.3082459,2.0074759999999996
768006424.978982,1.612792
768006426.662322,1.622714
768006428.318529,1.597972
768006430.178125,1.8017560000000001
768006432.107944,1.8726859999999999
768006433.910918,1.742037
768006435.890378,1.921735
768006437.716541,1.765106
768006439.380812,1.603655
768006441.09082,1.652674
768006442.7521191,1.600813
768006444.5553291,1.745601
768006446.470199,1.8571600000000001
768006448.356132,1.828374
768006450.0848429,1.668426
768006452.287668,2.145747
768006454.473273,2.124944
768006456.5152041,1.9840959999999999
768006458.290453,1.714207
768006460.224512,1.876836
768006462.331429,2.046155
768006464.3557091,1.966805
768006466.212864,1.796635
768006468.266086,1.9919090000000002
768006470.205588,1.8788
768006472.046149,1.7828119999999998
768006473.947973,1.839499
768006475.576847,1.571175
768006477.5664899,1.931849
768006479.707437,2.0803800000000003
768006481.481022,1.7162620000000002
768006483.327588,1.7862799999999999
768006485.189895,1.804723
768006487.4742551,2.224055
768006489.652829,2.121034
768006491.869857,2.1562069999999998
768006493.5453941,1.6178080000000001
768006495.3671321,1.7641390000000001
768006498.083929,2.6593839999999997
768006500.340524,2.196024
768006502.561888,2.164005
768006505.033198,2.414102
768006507.467648,2.373769
768006509.972121,2.447234
768006512.44929,2.416557
768006514.362916,1.856077
768006516.23454,1.8141399999999999
768006517.924306,1.6289740000000001
768006519.780971,1.7989
768006521.674801,1.836096
768006523.375322,1.639638
768006525.0858699,1.6529500000000001
768006527.181781,2.034593
768006529.408126,2.16832
768006531.289804,1.819984
768006533.307122,1.9553040000000002
768006535.299662,1.935127
768006537.307268,1.9502519999999999
768006539.193656,1.8248550000000001
768006540.849643,1.597837
768006542.42203,1.5116859999999999
768006544.561026,2.081122
768006546.781503,2.159674
768006548.4296759,1.5902690000000002
768006550.039961,1.549042
768006551.8875641,1.7897830000000001
768006553.69561,1.749986
768006555.450062,1.6923570000000001
768006557.2462701,1.739406
768006559.525489,2.218156
768006561.716807,2.133484
768006563.647388,1.872646
768006565.5063679,1.8010190000000001
768006567.301132,1.733888
768006568.91866,1.5599329999999998
768006570.724525,1.744924
768006572.9773469,2.195288
768006574.850795,1.8121159999999998
768006576.925477,2.017048
768006578.570262,1.5841939999999999
768006580.503785,1.875157
768006582.162163,1.6008280000000001
768006584.1540719,1.93449
768006586.160279,1.9431610000000001
768006588.07346,1.854809
768006590.089039,1.9541609999999998
768006591.720428,1.573986
768006593.64046,1.862853
768006595.400539,1.698922
768006597.13785,1.6789960000000002
768006599.3597139,2.1597299999999997
768006601.618595,2.2010609999999997
768006603.625494,1.945251
768006605.654896,1.971927
768006607.812381,2.096629
768006609.914106,2.044281
768006611.781174,1.806232
768006613.9757301,2.136767
768006615.910691,1.8734330000000001
768006617.684262,1.716267
768006619.5294739,1.784215
768006621.791131,2.203372
768006624.069973,2.217765
768006626.378986,2.250632
768006628.741849,2.286094
768006631.122744,2.319547
768006632.841898,1.661113
768006634.486448,1.583252
768006636.326984,1.782266
768006638.0791099,1.693754
768006640.148389,1.9874440000000002
768006642.4501101,2.240619
768006644.483401,1.974979
768006646.231908,1.687039
768006648.408963,2.119025
768006650.554846,2.085361
768006652.8620291,2.250081
768006655.128603,2.204739
768006657.0134621,1.827296
768006659.1039361,2.0230069999999998
768006660.847952,1.685811
768006662.73392,1.82492
768006664.787462,1.9952020000000001
768006666.4680461,1.622018
768006668.773495,2.2471330000000003
768006670.670829,1.8354599999999999
768006672.673618,1.944543
768006674.37482,1.6395929999999999
768006676.150501,1.717545
768006677.958241,1.746182
768006679.8686451,1.852254
768006681.885131,1.9573479999999999
768006683.9839791,2.03761
768006686.351118,2.28191
768006688.637643,2.224827
768006690.9349239,2.235646
768006693.021974,2.0293609999999997
768006694.834014,1.750843
768006696.635224,1.74317
768006698.228409,1.5322580000000001
768006699.753125,1.466665
768006701.636497,1.8253810000000001
768006703.262849,1.56517
768006704.8701221,1.549398
768006706.804974,1.873608
768006708.811401,1.948167
768006710.671138,1.801706
768006712.2927539,1.563607
768006714.251792,1.897775
768006716.157665,1.847442
768006718.013903,1.795952
768006719.6776581,1.605635
768006721.7625791,2.0265299999999997
768006723.508716,1.6847889999999999
768006725.941797,2.375121
768006728.376944,2.3741
768006730.313694,1.878214
768006732.193071,1.821432
768006734.326064,2.071455
768006736.171908,1.7878029999999998
768006738.091483,1.8578970000000001
768006739.8102059,1.6603869999999998
768006741.4002191,1.532043
768006743.271948,1.810697
768006744.919786,1.589623
768006747.33048,2.348329
768006749.550024,2.161825
768006751.878006,2.2669550000000003
768006754.198326,2.2624199999999997
768006756.4705781,2.213982
768006758.7316691,2.1997280000000003
768006760.901944,2.112114
768006763.207062,2.243896
768006765.370135,2.105032
768006767.0313131,1.599806
768006769.216918,2.127625
768006771.201776,1.9222620000000001
768006773.3208661,2.0613659999999996
768006775.165001,1.7831730000000001
768006776.81979,1.596333
768006778.7003449,1.82294
768006780.374012,1.615993
768006782.058395,1.6229149999999999
768006783.906118,1.789828
768006785.645013,1.680754
768006787.386379,1.67924
768006789.25696,1.812561
768006791.240941,1.922888
768006793.256555,1.9575289999999999
768006795.260497,1.94289
768006797.517323,2.198826
768006799.801918,2.223007
768006801.867885,2.008378
768006803.865121,1.9388999999999998
768006805.690292,1.766655
768006807.649329,1.897564
768006809.5050911,1.797992
768006811.2786521,1.712073
768006813.064401,1.728019
768006815.224431,2.0983870000000002
768006817.431401,2.148694
768006819.5053719,2.012934
768006821.770006,2.2069300000000003
768006824.104859,2.273715
768006826.0476741,1.884444
768006828.042279,1.93662
768006829.76665,1.66172
768006831.520535,1.6960149999999998
768006833.173494,1.5945289999999999
768006834.907482,1.671708
768006836.871286,1.9063050000000001
768006838.9978839,2.06575
768006840.935291,1.879292
768006842.859231,1.862713
768006844.989583,2.0722560000000003
768006847.282297,2.231467
768006849.489573,2.149541
768006851.457561,1.906811
768006853.3045529,1.7720170000000002
768006855.309622,1.946879
768006857.236244,1.868371
768006859.224691,1.9264270000000001
768006861.4471921,2.164822
768006863.661209,2.156052
768006865.403282,1.6843590000000002
768006867.6237631,2.159139
768006869.555898,1.87411
768006871.8151389,2.198139
768006874.313869,2.439928
768006876.6280481,2.255758
768006878.3159189,1.626979
768006880.214366,1.840286
768006881.889823,1.614144
768006883.7344179,1.786891
768006885.383569,1.590915
768006887.038533,1.5935210000000002
768006888.696836,1.600968
768006890.4660461,1.707627
768006892.268328,1.744944
768006894.00599,1.676164
768006895.970691,1.9070770000000001
768006897.875001,1.822104
768006899.570755,1.63361
768006901.658963,2.0300079999999996
768006903.539403,1.819032
768006905.23881,1.641057
768006907.0531859,1.752106
768006908.771292,1.6514710000000001
768006910.729077,1.895284
768006912.6791381,1.8926830000000001
768006914.83101,2.090243
768006917.150878,2.261778
768006918.953606,1.741075
768006920.933813,1.922292
768006922.861863,1.8661109999999999
768006924.580771,1.6608129999999999
768006926.519241,1.883254
768006928.485901,1.9083139999999998
768006930.472753,1.925514
768006932.323361,1.792594
768006933.9623021,1.583893
768006935.688826,1.6738
768006937.748122,2.0020379999999998
768006939.6830729,1.8733980000000001
768006941.697405,1.956532
768006943.741301,1.982728
768006945.60222,1.780677
768006947.734576,2.071704
768006949.453053,1.660237
768006951.425196,1.910901
768006953.2345101,1.751168
768006955.5305519,2.235141
768006957.244829,1.656788
768006959.280089,1.9732959999999997
768006961.251921,1.914067
768006963.14072,1.8274059999999999
768006965.0642151,1.865435
768006966.9455869,1.819958
768006968.909781,1.9059089999999999
768006970.848717,1.88101
768006972.993206,2.087001
768006974.614648,1.560189
768006976.4851891,1.812967
768006978.41767,1.874185
768006980.314458,1.839439
768006982.250542,1.874871
768006984.29333,1.9848880000000002
768006986.2660791,1.910745
768006988.0419949,1.7177959999999999
768006989.6959621,1.590825
768006991.488031,1.7344739999999998
768006993.228063,1.682173
768006994.935239,1.645838
768006997.6839249,2.690656
768007000.160067,2.414884
768007002.506792,2.287983
768007004.571772,2.006949
768007006.463472,1.8311250000000001
768007008.1248059,1.603394
768007010.259172,2.072366
768007012.151945,1.834582
768007013.921321,1.7085290000000002
768007015.7644279,1.785293
768007017.9074739,2.084815
768007019.542888,1.574186
768007021.2593709,1.658613
768007022.966501,1.6460979999999998
768007024.6479881,1.62306
768007026.805372,2.099415
768007028.482884,1.619903
768007030.188631,1.6448159999999998
768007031.895952,1.649797
768007033.858794,1.903884
768007035.84749,1.927935
768007037.7367151,1.830699
768007039.716285,1.9183169999999998
768007041.385473,1.6114879999999998
768007043.571734,2.1244419999999997
768007045.185102,1.5548359999999999
768007047.09075,1.84419
768007048.7985871,1.650078
768007050.573567,1.713626
768007052.526485,1.8950239999999998
768007054.30411,1.716623
768007056.120064,1.758154
768007058.425534,2.2441459999999998
768007060.283831,1.800508
768007062.4484631,2.103073
768007064.1847861,1.678394
768007065.871004,1.623756
768007067.719849,1.791387
768007069.4048389,1.6275199999999999
768007071.0834731,1.599966
768007072.967546,1.8257670000000001
768007074.83068,1.802077
768007076.693829,1.804598
768007078.2835909,1.531647
768007079.951521,1.610511
768007081.546736,1.513159
768007083.26826,1.660627
768007085.388478,2.062584
768007087.262694,1.8133380000000001
768007088.952845,1.632397
768007090.839404,1.82486
768007092.82353,1.926667
768007094.796695,1.914504
768007096.455358,1.6009740000000001
768007098.150135,1.633555
768007100.079924,1.8707820000000002
768007102.0585121,1.9166590000000001
768007104.049023,1.932441
768007105.754209,1.642009
768007107.402207,1.5900429999999999
768007109.383772,1.923565
768007111.041217,1.596187
768007112.990838,1.891922
768007114.9006001,1.847698
768007116.791003,1.832974
768007118.9108601,2.062038
768007120.7564731,1.788174
768007123.241797,2.4238210000000002
768007125.6132499,2.313478
768007127.9777269,2.303134
768007129.990324,1.929308
768007131.9919009,1.943146
768007133.8608531,1.7854780000000001
768007135.553455,1.634577
768007137.443086,1.831806
768007139.0903469,1.585893
768007141.0104641,1.861335
768007142.71316,1.64442
768007144.681133,1.9099430000000002
768007146.604963,1.862091
768007148.20491,1.54148
768007150.229921,1.9638530000000003
768007152.160798,1.87229
768007154.100806,1.878389
768007156.272148,2.1134370000000002
768007158.1092709,1.7759909999999999
768007159.795483,1.627641
768007161.722401,1.867931
768007163.618461,1.833159
768007165.327547,1.650569
768007167.5861269,2.196977
768007169.5300701,1.885767
768007171.478027,1.886534
768007173.566511,2.0301080000000002
768007175.5255231,1.89778
768007177.719828,2.1363250000000003
768007179.9659901,2.184312
768007181.877326,1.8274560000000002
768007184.0473449,2.112139
768007185.68774,1.5775190000000001
768007187.4362019,1.6909480000000001
768007189.299727,1.80567
768007191.283617,1.921725
768007192.988924,1.6471159999999998
768007194.824885,1.777911
768007196.5216811,1.638335
768007198.3700911,1.787277
768007200.098236,1.6704809999999999
768007201.9797981,1.819658
768007203.7089549,1.670701
768007205.6644139,1.8977499999999998
768007207.375028,1.648996
768007209.0959511,1.662853
768007210.871917,1.714894
768007212.861506,1.931704
768007214.6382791,1.7157609999999999
768007216.326175,1.6294549999999999
768007217.933664,1.549554
768007219.873808,1.882268
768007221.8505161,1.918994
768007223.765356,1.8532959999999998
768007225.630489,1.806372
768007227.7771441,2.085608
768007229.541623,1.7065839999999999
768007231.359933,1.756486
768007233.545513,2.1275500000000003
768007235.529954,1.923259
768007237.724255,2.136576
768007239.852622,2.067394
768007241.795792,1.862713
768007243.687778,1.834678
768007245.505452,1.7594480000000001
768007248.253087,2.684778
768007250.546398,2.232464
768007252.908699,2.3038809999999996
768007254.948184,1.9781220000000002
768007257.0483251,2.042707
768007259.2298911,2.1202579999999998
768007261.5168569,2.228571
768007263.420315,1.8421150000000002
768007265.1637651,1.685129
768007267.363062,2.137398
768007269.009241,1.588174
768007270.879837,1.812185
768007272.552744,1.614665
768007274.4092469,1.79491
768007276.433517,1.966124
768007278.616195,2.1212359999999997
768007280.519728,1.84643
768007282.461255,1.8796430000000002
768007284.2094071,1.689616
768007286.138495,1.868015
768007288.0837749,1.8866040000000002
768007289.9951761,1.833645
768007292.157457,2.1049520000000004
768007294.225879,2.006803
768007296.384101,2.100793
768007298.1021221,1.6569390000000002
768007299.898511,1.738203
768007302.081043,2.124593
768007303.990551,1.848214
768007305.713408,1.638882
768007307.433118,1.6620409999999999
768007309.122974,1.631204
768007311.024592,1.840266
768007312.725554,1.6430660000000001
768007314.463677,1.680438
768007316.3404931,1.8183749999999999
768007318.320895,1.919536
768007320.0540969,1.674575
768007322.262836,2.14695
768007324.2467519,1.925539
768007326.181974,1.873869
768007328.234875,1.9952809999999999
768007330.0890831,1.79263
768007332.0998911,1.952703
768007334.000086,1.839153
768007336.049409,1.991403
768007337.715374,1.603399
768007339.381043,1.607474
768007341.592198,2.152878
768007343.5311381,1.877507
768007345.6149111,2.025387
768007347.501174,1.824053
768007349.292837,1.7331020000000001
768007351.290078,1.935508
768007353.136634,1.788516
768007355.0058321,1.807695
768007356.864005,1.8002129999999998
768007358.545562,1.619842
768007360.585342,1.981615
768007362.302321,1.658653
768007364.151101,1.7909410000000001
768007365.843027,1.631294
768007367.8171641,1.916373
768007369.477451,1.602217
768007371.187449,1.648639
768007373.318757,2.0732939999999997
768007375.5376201,2.157455
768007377.775121,2.179637
768007380.072351,2.236354
768007381.8020791,1.6708109999999998
768007383.834342,1.974629
768007385.986199,2.0936459999999997
768007387.808823,1.7611860000000001
768007389.990364,2.123611
768007392.152976,2.1011480000000002
768007393.9954419,1.7811890000000001
768007395.928965,1.875673
768007397.7601551,1.7732100000000002
768007399.687724,1.8377000000000001
768007401.541522,1.796164
768007403.640655,2.037756
768007405.5820321,1.8834170000000001
768007407.79251,2.149416
768007409.8456811,1.995297
768007411.73015,1.825902
768007413.510366,1.722627
768007415.416811,1.8451920000000002
768007417.2667041,1.7920880000000001
768007419.2583331,1.9295390000000001
768007421.4777521,2.1615889999999998
768007423.434208,1.898316
768007425.622519,2.130161
768007427.861389,2.178389
768007429.871616,1.952127
768007431.805521,1.87624
768007433.550239,1.68727
768007435.1981269,1.5868010000000001
768007436.9840909,1.72837
768007438.928535,1.88285
768007440.9066919,1.919605
768007442.90715,1.938625
768007444.827077,1.862378
768007447.0794071,2.194315
768007449.418595,2.2805910000000003
768007451.419665,1.940263
768007453.583781,2.105979
768007455.674039,2.032558
768007457.62842,1.896517
768007459.56482,1.874295
768007461.204624,1.581955
768007463.185562,1.923129
768007464.8798779,1.6357089999999999
768007466.899206,1.957309
768007468.694698,1.7368649999999999
768007470.427734,1.6743400000000002
768007472.604117,2.118253
768007474.773625,2.10809
768007476.878036,2.046271
768007478.908861,1.9694410000000002
768007480.885103,1.918202
768007482.677487,1.730726
768007484.517633,1.78179
768007486.7137281,2.1372370000000003
768007488.7553871,1.9837000000000002
768007490.6135,1.796825
768007492.341088,1.6694229999999999
768007493.956295,1.554075
768007495.6270671,1.613213
768007497.6469209,1.961428
768007499.2932,1.584951
768007501.18021,1.829
768007503.120885,1.879553
768007504.878057,1.698822
768007506.880706,1.9413360000000002
768007508.958861,2.0021430000000002
768007510.7000259,1.679602
768007512.429243,1.671132
768007514.074595,1.5868659999999999
768007515.70629,1.573775
768007517.706438,1.941762
768007519.507914,1.740669
768007521.300173,1.7335079999999998
768007523.035514,1.674229
768007525.0233239,1.9296090000000001
768007526.881541,1.7999319999999999
768007528.830485,1.8912740000000001
768007530.367054,1.4752610000000002
768007531.9567059,1.5314269999999999
768007533.624305,1.583102
768007535.717825,2.031546
768007537.524884,1.7487030000000001
768007539.4885919,1.9013579999999999
768007541.4250319,1.8781889999999999
768007543.78365,2.274467
768007545.466224,1.624574
768007547.199381,1.672691
768007549.028606,1.77103
768007550.865695,1.776011
768007552.515998,1.592319
768007554.147583,1.570052
768007556.1085451,1.903383
768007558.014113,1.8432419999999998
768007560.045694,1.973486
768007561.7465949,1.639017
768007563.448875,1.644425
768007565.179736,1.6732520000000002
768007566.9620169,1.7193289999999999
768007568.83789,1.817989
768007570.894124,1.996996
768007572.611759,1.659289
768007574.6072869,1.934626
768007588.512767,13.847766
768007590.569412,1.9950670000000001
768007592.546497,1.9191
768007594.440608,1.829526
768007596.589864,2.091215
768007598.485168,1.834211
768007600.4844689,1.940946
768007602.508202,1.962691
768007604.3710799,1.804668
768007606.179572,1.7467979999999999
768007607.741089,1.503356
768007609.5514851,1.7525819999999999
768007611.469893,1.857917
768007613.307282,1.7800209999999999
768007615.0730289,1.704294
768007617.0545591,1.923465
768007618.830646,1.714778
768007620.638656,1.749549
768007623.149313,2.452176
768007625.508728,2.30163
768007627.84302,2.273259
768007630.004669,2.104115
768007631.70988,1.6477519999999999
768007633.869791,2.101866
768007636.076531,2.143663
768007638.041377,1.90201
768007639.869905,1.770213
768007641.884482,1.9567569999999999
768007644.050266,2.104937
768007645.9149691,1.802188
768007647.889883,1.9174660000000001
768007649.662376,1.714182
768007651.770736,2.046235
768007653.465268,1.6362510000000001
768007655.1539611,1.62754
768007657.1948091,1.9834090000000002
768007659.087993,1.831771
768007661.0178721,1.8718540000000001
768007662.759122,1.6793310000000001
768007664.9640629,2.146248
768007667.2113761,2.188983
768007669.2767669,2.007311
768007671.327278,1.9893939999999999
768007673.165329,1.77981
768007675.0139589,1.7875429999999999
768007676.9402051,1.8681159999999999
768007678.804482,1.8029840000000001
768007680.9193219,2.0570660000000003
768007683.018035,2.037055
768007684.978766,1.9031420000000001
768007686.926086,1.8859320000000002
768007688.935431,1.9516959999999999
768007690.896197,1.899904
768007692.972388,2.0183750000000003
768007694.925186,1.891324
768007697.085908,2.102968
768007699.0283059,1.884098
768007700.9328871,1.847022
768007703.003123,2.008978
768007705.138071,2.076811
768007707.107091,1.91096
768007709.172341,2.007666
768007711.109623,1.876039
768007713.1416711,1.974253
768007715.1064119,1.9033330000000002
768007717.128622,1.964605
768007719.088822,1.8985619999999999
768007720.845924,1.6994779999999998
768007723.043151,2.139548
768007725.0306749,1.929755
768007726.903722,1.81182
768007728.826776,1.865178
768007730.737295,1.8528900000000001
768007732.7290341,1.933838
768007734.6159481,1.826444
768007736.633873,1.9605400000000002
768007738.519013,1.823637
768007740.2073851,1.612455
768007742.1846601,1.916599
768007744.1279861,1.885201
768007745.8655779,1.6762439999999998
768007747.86497,1.941452
768007750.0364469,2.113302
768007752.207974,2.109352
768007754.3661261,2.096648
768007756.616376,2.192556
768007758.503752,1.826158
768007760.283587,1.721239
768007762.070057,1.724606
768007763.836617,1.708909
768007765.779577,1.884464
768007767.855376,2.014442
768007769.821841,1.9086610000000002
768007771.63569,1.753153
768007773.607502,1.9141029999999999
768007775.683101,2.013695
768007777.610054,1.868597
768007779.566305,1.8976950000000001
768007781.612901,1.9888369999999997
768007783.717689,2.0439299999999996
768007785.548202,1.77308
768007787.6024021,1.9966010000000003
768007789.4866849,1.827065
768007791.103521,1.5557480000000001
768007792.746988,1.585322
768007794.810153,2.005185
768007797.010373,2.1420380000000003
768007798.983102,1.911272
768007800.962697,1.921801
768007802.76966,1.746046
768007804.767082,1.939597
768007806.769385,1.944042
768007808.93989,2.1129909999999996
768007810.914239,1.9127040000000002
768007812.807904,1.834568
768007814.531327,1.665173
768007816.5839831,1.9946059999999999
768007818.431681,1.78626
768007820.291969,1.803164
768007822.4477141,2.0932049999999998
768007824.5645789,2.058795
768007826.5110171,1.8853959999999998
768007828.285765,1.716984
768007830.426601,2.0800039999999997
768007832.664944,2.180223
768007834.727884,2.001671
768007836.886541,2.101114
768007839.067215,2.1192149999999996
768007840.961401,1.835991
768007843.008503,1.9857939999999998
768007845.075126,2.0092090000000002
768007847.063071,1.929489
768007848.7776841,1.656347
768007850.805637,1.96669
768007852.83548,1.971913
768007854.859098,1.962099
768007856.750723,1.832458
768007858.71612,1.904385
768007861.0261401,2.229548
768007862.995096,1.9074179999999998
768007864.740577,1.688172
768007866.502405,1.703132
768007868.208895,1.648991
768007870.159267,1.88925
768007872.738128,2.52046
768007874.730889,1.931584
768007876.775902,1.9874239999999999
768007878.652868,1.815117
768007880.8646339,2.1541020000000004
768007882.859074,1.933293
768007884.8290869,1.911923
768007886.91298,2.0229060000000003
768007888.934523,1.963608
768007890.9961901,1.999993
768007893.2049841,2.150835
768007895.31153,2.0445670000000002
768007897.493441,2.123866
768007899.478204,1.923344
768007901.646664,2.1093729999999997
768007903.565277,1.85684
768007905.274127,1.6510909999999999
768007907.137597,1.801917
768007908.814823,1.619001
768007910.63426,1.761357
768007912.6922979,1.999682
768007914.462842,1.709125
768007916.4758999,1.9546580000000002
768007918.873198,2.336467
768007921.007393,2.07603
768007922.975602,1.9067159999999999
768007924.970804,1.93635
768007927.167926,2.136336
768007929.09756,1.871258
768007931.1826409,2.024129
768007933.139659,1.8985969999999999
768007934.9940491,1.796148
768007936.994794,1.9435010000000001
768007939.069821,2.013063
768007941.358997,2.231111
768007943.489048,2.068838
768007945.7111831,2.164791
768007947.6491771,1.87621
768007949.806411,2.099685
768007951.6852161,1.8208
768007953.731858,1.9888169999999998
768007955.898118,2.104236
768007958.054515,2.0986730000000002
768007960.305026,2.189274
768007962.283183,1.916854
768007964.175901,1.833736
768007965.9744099,1.7370910000000002
768007967.66838,1.618916
768007969.359423,1.632958
768007971.2045801,1.7835940000000001
768007973.260784,1.997998
768007975.236014,1.913366
768007977.074902,1.781178
768007979.077245,1.941592
768007980.8528,1.71782
768007982.775669,1.864407
768007984.612897,1.77991
768007986.725793,2.051292
768007988.651608,1.867925
768007990.702605,1.989734
768007992.4113489,1.650358
768007994.051825,1.579464
768007995.705536,1.595541
768007998.476735,2.7130180000000004
768008000.836812,2.2979760000000002
768008003.299993,2.4022599999999996
768008005.804681,2.446387
768008008.177678,2.3116489999999996
768008010.456285,2.2165079999999997
768008012.366344,1.851297
768008014.276087,1.84852
768008016.2582029,1.923876
768008018.088886,1.769631
768008020.1690611,2.0222700000000002
768008022.083379,1.853707
768008023.8610489,1.719455
768008025.657077,1.7381129999999998
768008027.701182,1.9827820000000003
768008029.8960589,2.136746
768008032.146109,2.188171
768008034.4508469,2.242638
768008036.433459,1.9237499999999998
768008038.436735,1.942078
768008040.3762621,1.881748
768008042.771174,2.3336
768008045.050818,2.22207
768008047.081712,1.9701330000000001
768008049.014131,1.888789
768008051.3721789,2.311438
768008053.411075,1.994895
768008055.529042,2.0603179999999996
768008057.781042,2.19419
768008059.8086939,1.9667700000000001
768008061.9466871,2.079758
768008064.547328,2.545007
768008066.981419,2.378634
768008068.9252009,1.885582
768008070.980964,1.9946500000000003
768008072.8842909,1.845358
768008074.8185459,1.8806289999999999
768008076.889459,2.02211
768008078.882967,1.932927
768008080.883561,1.942845
768008082.701205,1.75613
768008084.477001,1.717786
768008086.389717,1.853987
768008088.3235201,1.881828
768008090.362629,1.9774699999999998
768008092.658876,2.238323
768008094.50456,1.7846419999999998
768008096.470061,1.907634
768008098.329473,1.809145
768008100.2670001,1.8792520000000001
768008102.11542,1.779713
768008104.074638,1.901113
768008106.0838821,1.94734
768008107.9710699,1.8293389999999998
768008110.7034559,2.6613320000000003
768008112.898032,2.133885
768008115.475165,2.516208
768008117.4784889,1.9505830000000002
768008119.525794,1.9895049999999999
768008122.84837,3.270571
768008125.7895751,2.879651
768008128.76933,2.9177410000000004
768008130.822747,1.9948359999999998
768008133.1011081,2.22002
768008135.078709,1.916699
768008137.362783,2.225814
768008139.2274361,1.806783
768008141.168542,1.883025
768008143.287837,2.0586239999999996
768008145.694913,2.34877
768008147.526035,1.770427
768008149.495479,1.917546
768008151.633296,2.076853
768008153.444194,1.758295
768008155.402228,1.9033229999999999
768008157.156371,1.701622
768008159.207865,1.990463
768008161.151835,1.891684
768008162.8521609,1.646116
768008164.537728,1.633711
768008166.263913,1.6774680000000002
768008168.688123,2.375457
768008170.496204,1.757057
768008172.38782,1.843448
768008174.106783,1.668516
768008175.831795,1.6774559999999998
768008177.523295,1.631653
768008179.155955,1.558133
768008180.8831251,1.679262
768008182.575947,1.6321809999999999
768008184.283504,1.6495419999999998
768008185.891814,1.529328
768008187.586476,1.643242
768008189.33339,1.697834
768008191.0544901,1.66631
768008193.08224,1.9841210000000002
768008194.846855,1.718496
768008196.606588,1.698175
768008198.3498809,1.654523
768008199.9833759,1.5894730000000001
768008201.908176,1.853195
768008203.499105,1.529051
768008205.169343,1.6177629999999998
768008207.2587689,2.0347180000000002
768008209.349597,2.038216
768008211.069187,1.6601929999999998
768008212.691049,1.569237
768008214.472746,1.7209370000000002
768008216.276108,1.754041
768008217.860353,1.523277
768008219.496606,1.572282
768008221.2664,1.72183
768008222.985069,1.6621050000000002
768008224.814068,1.7865890000000002
768008226.549158,1.692798
768008228.427425,1.8151009999999999
768008230.043862,1.565405
768008231.713274,1.61616
768008233.375425,1.608791
768008234.8245059,1.399494
768008236.736069,1.864189
768008238.552238,1.75199
768008240.077314,1.472545
768008241.875137,1.74749
768008243.690834,1.768363
768008245.1691201,1.4306480000000001
768008247.264115,2.0450109999999997
768008248.918059,1.606454
768008250.8170921,1.8487950000000002
768008252.857272,1.9823309999999998
768008254.716912,1.8091920000000001
768008256.6956891,1.931101
768008258.8674409,2.121726
768008260.993988,2.068598
768008263.169845,2.114973
768008265.424371,2.202022
768008267.604328,2.1189400000000003
768008269.64034,1.9666190000000001
768008271.922029,2.220391
768008273.935233,1.9438739999999999
768008276.198113,2.20215
768008277.819535,1.5559809999999998
768008279.68313,1.814534
768008281.730252,1.995299
768008283.527959,1.7226979999999998
768008285.3715099,1.785444
768008287.099978,1.67375
768008289.204653,2.053638
768008290.925432,1.66518
768008292.639574,1.656302
768008294.634565,1.933813
768008296.52578,1.833134
768008298.643662,2.057041
768008300.473575,1.772217
768008302.519957,1.9996580000000002
768008304.616723,2.052981
768008306.494296,1.831542
768008308.123752,1.5859159999999999
768008309.8348459,1.665224
768008311.801967,1.909071
768008314.034223,2.168144
768008315.718735,1.624619
768008317.9965141,2.22004
768008319.6880391,1.624704
768008321.3991491,1.652644
768008323.064402,1.5929119999999999
768008324.790759,1.673975
768008326.627609,1.7823470000000001
768008328.264663,1.589247
768008330.0354351,1.7035609999999999
768008332.161283,2.078361
768008333.9111879,1.689144
768008335.638823,1.669691
768008337.3363149,1.649059
768008339.072373,1.670841
768008340.669642,1.5374670000000001
768008342.296893,1.5813
768008343.996426,1.6553220000000002
768008345.826924,1.7399220000000002
768008347.591624,1.706449
768008349.2453951,1.595903
768008350.841103,1.549774
768008352.650646,1.758651
768008354.237675,1.5407389999999999
768008355.947615,1.666402
768008357.606975,1.615202
768008359.360848,1.7078950000000002
768008361.441188,2.036365
768008363.066836,1.57915
768008364.82049,1.695446
768008366.9089941,2.0382510000000003
768008368.676926,1.709973
768008370.311423,1.573639
768008372.532029,2.162298
768008374.654297,2.0720729999999996
768008376.7583799,2.046557
768008379.260748,2.452708
768008381.107346,1.799325
768008382.98262,1.825702
768008384.802707,1.7720690000000001
768008386.92112,2.051398
768008388.76367,1.783298
768008390.498959,1.680406
768008392.164962,1.609531
768008394.044145,1.8246200000000001
768008395.7661,1.664173
768008397.550321,1.731687
768008399.250109,1.6386459999999998
768008400.9109551,1.58847
768008402.7250589,1.767883
768008404.4640031,1.69478
768008406.43811,1.913585
768008408.4631239,1.956001
768008410.225829,1.716501
768008412.038977,1.76872
768008413.812736,1.717617
768008415.665382,1.799162
768008417.3594899,1.642084
768008418.84521,1.4232349999999998
768008420.7648959,1.8681159999999999
768008422.716601,1.900301
768008424.703473,1.9287670000000001
768008426.49022,1.725298
768008428.331623,1.7831080000000001
768008430.284662,1.892573
768008432.4504659,2.1078249999999996
768008434.2930031,1.796209
768008436.349412,1.9989460000000001
768008438.1459811,1.735803
768008440.0593851,1.85564
768008442.036096,1.921462
768008443.9267939,1.832546
768008445.793337,1.813985
768008447.6244689,1.776397
768008449.489213,1.812141
768008451.315406,1.765206
768008453.151255,1.777778
768008455.0568299,1.84879
768008457.014773,1.900223
768008459.053723,1.9884970000000002
768008460.833627,1.732112
768008462.57554,1.694103
768008464.404274,1.770709
768008466.3516159,1.878734
768008468.128416,1.724326
768008469.967867,1.784497
768008471.741343,1.721997
768008473.404775,1.606035
768008475.3111761,1.850801
768008477.19987,1.837424
768008479.158683,1.9072749999999998
768008481.383944,2.181674
768008483.090058,1.6462189999999999
768008484.873316,1.731864
768008487.066339,2.132275
768008488.9335179,1.814628
768008490.915112,1.926396
768008492.6722211,1.705464
768008494.514073,1.7899470000000002
768008496.879149,2.307434
768008498.839677,1.9052559999999998
768008500.861722,1.9643490000000001
768008503.256868,2.337065
768008505.503668,2.1942329999999997
768008507.682367,2.09867
768008509.698493,1.9438389999999999
768008511.2708299,1.517392
768008513.021391,1.692511
768008514.844026,1.761603
768008516.694656,1.79259
768008518.3003479,1.544857
768008519.809135,1.461608
768008521.9054871,2.038723
768008523.6248341,1.65853
768008525.3498371,1.677661
768008527.0681751,1.668607
768008528.865907,1.7498150000000001
768008530.3710171,1.4441110000000001
768008531.763603,1.344878
768008533.524276,1.7132409999999998
768008535.5772719,1.9924650000000002
768008537.538575,1.903493
768008539.256772,1.657601
768008541.010501,1.7099170000000001
768008542.5643549,1.489743
768008544.304157,1.681466
768008546.016956,1.6511049999999998
768008547.7488,1.674696
768008549.531351,1.723349
768008551.045387,1.4501119999999998
768008552.67815,1.572803
768008554.228029,1.488316
768008555.838871,1.55228
768008557.5734849,1.676125
768008559.168723,1.5530089999999999
768008560.7299471,1.519219
768008562.5119189,1.727941
768008564.384308,1.830984
768008566.2310131,1.785388
768008568.0275071,1.738504
768008569.81754,1.724944
768008571.977767,2.1191920000000004
768008573.766515,1.727842
768008575.442201,1.620842
768008577.238292,1.726842
768008578.950398,1.657667
768008580.696011,1.693024
768008582.464639,1.7073150000000001
768008584.121213,1.604413
768008585.956571,1.785847
768008587.576534,1.572283
768008589.438563,1.8143580000000001
768008591.2686269,1.769134
768008593.386595,2.0703980000000004
768008595.119806,1.6829779999999999
768008597.23483,2.061908
768008599.597327,2.3016199999999998
768008601.459669,1.803856
768008603.351004,1.8304529999999999
768008605.323961,1.902722
768008607.316445,1.9353989999999999
768008609.446987,2.0779959999999997
768008611.424155,1.9219680000000001
768008613.285038,1.8086650000000002
768008615.188568,1.8483020000000001
768008617.130775,1.8662349999999999
768008618.962904,1.77705
768008620.6849921,1.663919
768008623.191983,2.4511979999999998
768008625.561601,2.297692
768008627.181374,1.569515
768008628.980383,1.751106
768008630.838727,1.798088
768008632.589236,1.7020920000000002
768008634.357681,1.713369
768008636.1232029,1.71336
768008638.100554,1.915508
768008639.958653,1.805689
768008641.7682949,1.736564
768008643.795294,1.9725599999999999
768008645.487607,1.644635
768008647.108146,1.570277
768008648.6717631,1.51577
768008650.2989609,1.577181
768008652.5419971,2.20095
768008654.189001,1.59696
768008655.938091,1.701191
768008657.7914771,1.800904
768008659.504558,1.6582459999999999
768008661.092356,1.529873
768008662.561502,1.415882
768008664.045137,1.435268
768008666.09026,1.9933189999999998
768008668.097901,1.9493150000000001
768008669.902344,1.76201
768008671.478183,1.538675
768008673.0243789,1.497874
768008674.465708,1.390838
768008675.8702121,1.368183
768008677.448391,1.540457
768008678.952646,1.465862
768008680.482754,1.482648
768008681.988065,1.455394
768008683.788558,1.741612
768008685.538549,1.7068230000000002
768008687.262669,1.673703
768008688.749607,1.434671
768008690.3626341,1.552431
768008691.979766,1.547242
768008693.8816789,1.829083
768008695.524102,1.5942230000000002
768008697.3545029,1.790099
768008699.425266,2.020959
768008701.3278221,1.854474
768008703.067132,1.6787340000000002
768008704.867318,1.742585
768008706.7188641,1.79635
768008708.182336,1.411162
768008709.635172,1.397631
768008711.395955,1.7087510000000001
768008713.317926,1.852657
768008714.668532,1.289855
768008716.162064,1.4416909999999998
768008717.499975,1.277848
768008719.140193,1.595226
768008720.770032,1.585503
768008722.451156,1.634134
768008724.123248,1.628085
768008725.786163,1.616459
768008727.651211,1.820283
768008729.266776,1.5713439999999999
768008731.255722,1.938924
768008732.683035,1.369627
768008734.40446,1.671259
768008736.1626849,1.700204
768008737.751766,1.539128
768008739.429448,1.6247399999999999
768008741.0460739,1.559225
768008743.06927,1.9721690000000003
768008744.7807311,1.630052
768008746.96578,2.110989
768008748.548904,1.5185330000000001
768008750.363753,1.76502
768008752.252196,1.8306380000000002
768008754.215569,1.9128990000000001
768008755.821028,1.557885
768008757.5187919,1.639729
768008759.1428081,1.562353
768008760.68889,1.498519
768008762.514752,1.778412
768008764.13077,1.557695
768008765.88826,1.711527
768008767.575494,1.643172
768008769.3593271,1.720607
768008771.054902,1.6492799999999999
768008772.6633711,1.544699
768008774.347145,1.633954
768008775.929104,1.524235
768008777.544453,1.556349
768008779.1270521,1.5275020000000001
768008780.780586,1.59487
768008782.391958,1.560763
768008784.224869,1.7850629999999998
768008785.9527481,1.666161
768008787.6103541,1.606681
768008789.3205011,1.651115
768008791.0271161,1.6448800000000001
768008792.815336,1.744337
768008794.501488,1.6239869999999998
768008796.2069689,1.641282
768008797.925427,1.656813
768008799.660663,1.676645
768008801.6297741,1.910039
768008803.398784,1.708228
768008805.095596,1.638907
768008806.732754,1.5822150000000001
768008808.214901,1.4298469999999999
768008809.66594,1.407697
768008811.402956,1.686337
768008813.1363779,1.677964
768008815.3388921,2.140435
768008816.924652,1.52649
768008818.607478,1.640124
768008820.435141,1.78283
768008822.141196,1.6437579999999998
768008823.9174261,1.7243359999999999
768008825.5691941,1.593526
768008827.249186,1.6248479999999998
768008828.953259,1.651757
768008830.593796,1.580036
768008832.1758989,1.529347
768008833.716657,1.4782680000000001
768008835.5572159,1.781711
768008837.1479881,1.549398
768008838.695385,1.50305
768008840.446626,1.710148
768008842.1516441,1.650303
768008843.87895,1.686695
768008845.667362,1.747541
768008847.4001011,1.689587
768008849.5678439,2.109618
768008851.353919,1.731042
768008853.1962451,1.784211
768008855.0402241,1.783256
768008856.723289,1.630573
768008858.372986,1.588979
768008859.9823539,1.56134
768008861.948846,1.896396
768008863.619575,1.6207820000000002
768008865.488092,1.810601
768008867.338341,1.789292
768008869.043292,1.646965
768008870.802517,1.709361
768008873.4157491,2.5653859999999997
768008875.334841,1.857219
768008877.56538,2.182696
768008879.815039,2.19947
768008881.233717,1.3707509999999998
768008882.533139,1.2382739999999999
768008884.06856,1.484232
768008885.67234,1.55219
768008887.555927,1.83558
768008889.656363,2.052986
768008891.249223,1.5420919999999998
768008893.011367,1.704144
768008895.003359,1.931527
768008896.73096,1.683487
768008898.15115,1.345848
768008899.9261531,1.7354409999999998
768008901.908793,1.9455220000000002
768008903.720964,1.7512789999999998
768008905.5438061,1.7651839999999999
768008907.227263,1.628393
768008908.855752,1.576692
768008910.724311,1.807472
768008912.6944851,1.917824
768008914.331269,1.582262
768008916.086694,1.685638
768008917.961183,1.8281180000000001
768008919.5608389,1.541329
768008921.776103,2.1574150000000003
768008923.884138,2.047414
768008926.0791501,2.136756
768008927.970971,1.829551
768008929.751277,1.69408
768008931.6302279,1.818285
768008933.7201899,2.031917
768008935.4746361,1.693809
768008937.346641,1.81407
768008939.0409269,1.633454
768008940.72028,1.621332
768008942.6958289,1.925388
768008944.501751,1.758231
768008946.2758471,1.723856
768008948.225377,1.8813149999999998
768008949.9844489,1.708522
768008951.872711,1.830032
768008953.832098,1.887779
768008955.5619171,1.679513
768008957.676398,2.066846
768008959.433876,1.7073850000000002
768008961.05524,1.5631300000000001
768008962.812151,1.702252
768008964.681312,1.817064
768008966.360732,1.6192069999999998
768008968.211849,1.794557
768008970.301425,2.03695
768008972.172547,1.818972
768008974.2251669,1.998317
768008975.991657,1.718718
768008977.739368,1.676128
768008979.344798,1.557832
768008981.1928381,1.800421
768008983.210049,1.9673260000000001
768008984.804603,1.536609
768008986.938383,2.065258
768008988.447871,1.4617440000000002
768008990.3850399,1.887117
768008992.501122,2.063981
768008993.8437569,1.2882040000000001
768008995.231894,1.335634
768008997.616647,2.332367
768008999.7224431,2.050199
768009001.5918989,1.8169289999999998
768009003.19329,1.55134
768009004.926814,1.6758039999999998
768009006.6512101,1.674472
768009008.2752349,1.5762829999999999
768009010.63881,2.302898
768009012.508531,1.811649
768009014.232458,1.6738499999999998
768009015.790177,1.509706
768009017.338788,1.490634
768009018.765804,1.363115
768009020.25519,1.4415529999999999
768009022.117377,1.7853240000000001
768009023.788915,1.623589
768009025.721461,1.8745630000000002
768009027.44448,1.6731509999999998
768009029.423768,1.931634
768009031.270777,1.7864840000000002
768009032.769367,1.450682
768009034.4030939,1.583758
768009036.578887,2.1282900000000002
768009038.230449,1.601718
768009040.452958,2.157143
768009042.168882,1.666093
768009043.772276,1.545279
768009045.791263,1.9610919999999998
768009047.579873,1.727839
768009049.713818,2.0764859999999996
768009051.384935,1.61035
768009053.129172,1.686237
768009054.8362579,1.645452
768009056.5029,1.608686
768009058.29664,1.747906
768009059.9257671,1.585396
768009061.6660441,1.6954310000000001
768009063.242335,1.5299960000000001
768009064.840526,1.534475
768009066.447284,1.561137
768009068.064283,1.5650519999999999
768009069.630843,1.5195619999999999
768009071.3625239,1.677076
768009073.14606,1.740167
768009075.0448121,1.844052
768009076.929207,1.8318519999999998
768009078.580196,1.5961750000000001
768009079.9059141,1.274508
768009081.464459,1.518831
768009082.931563,1.4048559999999999
768009084.494004,1.523346
768009086.063986,1.519503
768009087.6420261,1.5304039999999999
768009089.3515021,1.662116
768009091.053281,1.660763
768009092.7115741,1.610881
768009094.234993,1.4783389999999998
768009096.144372,1.866236
768009097.9008551,1.6949210000000001
768009099.5690899,1.616025
768009101.470627,1.8489039999999999
768009103.33823,1.807156
768009105.138814,1.754869
768009107.156741,1.968075
768009108.926709,1.722498
768009110.63493,1.65832
768009112.388674,1.7058900000000001
768009114.154191,1.704711
768009116.028666,1.816275
768009118.0458131,1.954388
768009119.75904,1.665211
768009122.0409241,2.2343390000000003
768009123.999103,1.8975680000000001
768009126.228741,2.1572660000000003
768009128.0404919,1.763767
768009129.967971,1.865275
768009131.838938,1.812541
768009133.571418,1.671377
768009135.336188,1.697479
768009137.190441,1.7928499999999998
768009138.987221,1.7356179999999999
768009140.7536349,1.708762
768009142.383529,1.5841690000000002
768009144.19084,1.76325
768009145.740574,1.4887679999999999
768009147.424766,1.6402619999999999
768009149.082691,1.599983
768009150.8209239,1.691892
768009152.4382169,1.573488
768009154.24731,1.753915
768009155.9869571,1.690979
768009157.661978,1.593672
768009159.445187,1.7282899999999999
768009161.178579,1.675583
768009162.940612,1.7069349999999999
768009164.531968,1.5419559999999999
768009166.270748,1.677567
768009168.35829,2.036808
768009170.303329,1.893084
768009172.138298,1.786932
768009173.795723,1.6068829999999998
768009175.523442,1.680393
768009177.388455,1.817588
768009179.01633,1.577165
768009180.514916,1.458943
768009181.938948,1.363431
768009183.853011,1.8555970000000002
768009185.6996859,1.798913
768009187.392893,1.6316970000000002
768009189.163061,1.728404
768009190.642427,1.42906
768009192.467501,1.7774310000000002
768009194.157681,1.639759
768009195.911999,1.707103
768009197.6113731,1.651546
768009199.202263,1.539602
768009201.029971,1.7803149999999999
768009202.6768891,1.590249
768009204.485158,1.764453
768009206.229044,1.697346
768009207.835841,1.5468389999999999
768009209.221812,1.3404790000000002
768009210.684509,1.416813
768009212.1184391,1.389043
768009213.757938,1.597375
768009215.407409,1.591742
768009217.080255,1.597891
768009218.812154,1.678058
768009220.579906,1.700411
768009222.665874,2.0309630000000003
768009224.365848,1.641753
768009225.999608,1.572392
768009227.658523,1.611196
768009229.374363,1.6684860000000001
768009231.127274,1.708311
768009232.811793,1.636339
768009234.946156,2.073198
768009236.7756491,1.7820939999999998
768009238.395113,1.5697599999999998
768009239.8080009,1.365518
768009241.595221,1.739874
768009243.2677929,1.62241
768009245.033593,1.717732
768009247.393401,2.309527
768009249.406287,1.965331
768009251.4616729,2.005236
768009253.46563,1.945506
768009255.4286181,1.9024720000000002
768009257.358125,1.881691
768009259.447135,2.028031
768009260.977168,1.477788
768009262.9401001,1.902416
768009264.572147,1.5743829999999999
768009266.365099,1.738012
768009268.158598,1.7411480000000001
768009269.829653,1.6100210000000001
768009271.762677,1.885405
768009273.441537,1.6310859999999998
768009275.20517,1.702495
768009276.846261,1.583441
768009278.403178,1.505864
768009280.18149,1.719434
768009281.672642,1.4218659999999999
768009283.3242191,1.603691
768009285.148332,1.773611
768009286.79868,1.597664
768009288.541585,1.6947450000000002
768009290.2742699,1.682231
768009292.059576,1.7343739999999999
768009293.598342,1.487682
768009295.343436,1.6715980000000001
768009297.14882,1.7572180000000002
768009298.80397,1.603901
768009300.620265,1.7678019999999999
768009302.356764,1.675452
768009304.189502,1.774537
768009305.877348,1.627791
768009307.65979,1.731042
768009309.898163,2.189043
768009311.822874,1.8641930000000002
768009313.542917,1.676261
768009315.368057,1.779126
768009317.352694,1.926765
768009319.6013731,2.202607
768009321.6686211,2.0231250000000003
768009323.2381071,1.523344
768009324.8934261,1.6034199999999998
768009326.637799,1.683331
768009328.205724,1.510076
768009329.9270841,1.658363
768009331.564813,1.565999
768009333.522082,1.904819
768009335.138672,1.555915
768009336.875411,1.691318
768009338.674855,1.7227080000000001
768009340.279571,1.556192
768009342.014506,1.688609
768009343.864483,1.80605
768009345.52011,1.597831
768009347.087163,1.521347
768009349.322836,2.191543
768009350.813768,1.428958
768009352.494578,1.6164429999999999
768009354.563504,2.0079339999999997
768009356.0873591,1.476381
768009357.653699,1.5158260000000001
768009359.2163299,1.5150730000000001
768009361.13019,1.861983
768009362.7676849,1.576403
768009364.413351,1.597724
768009365.9942379,1.514667
768009367.620517,1.568037
768009369.3050929,1.6436140000000001
768009370.904453,1.547193
768009373.195659,2.2275099999999997
768009374.872071,1.626913
768009376.567023,1.64718
768009378.1188301,1.5003149999999998
768009379.6709241,1.4938930000000001
768009381.211507,1.4922030000000002
768009382.809645,1.536924
768009384.409243,1.5521989999999999
768009385.917495,1.4576509999999998
768009387.401826,1.4430669999999999
768009388.8425901,1.4003329999999998
768009390.315094,1.421576
768009391.802434,1.4397259999999998
768009393.631359,1.7926549999999999
768009395.100346,1.422693
768009396.52161,1.377445
768009398.097815,1.535202
768009399.577804,1.443004
768009400.841976,1.2273340000000001
768009402.71074,1.818802
768009404.28078,1.517453
768009405.74456,1.4124619999999999
768009407.080389,1.2834750000000001
768009408.872203,1.744904
768009410.411056,1.476461
768009411.9050131,1.425433
768009413.3769541,1.425687
768009414.883428,1.460095
768009416.91879,1.976136
768009418.580919,1.614695
768009420.050967,1.412274
768009421.6385651,1.531381
768009423.0640601,1.3675849999999998
768009424.47885,1.362619
768009425.996667,1.4655880000000001
768009427.422691,1.391371
768009428.908301,1.438064
768009430.7078091,1.749589
768009432.245253,1.49636
768009433.8288879,1.52283
768009435.473641,1.604272
768009437.250159,1.73547
768009438.6758189,1.363846
768009440.143106,1.399776
768009441.607936,1.415952
768009442.884771,1.22471
768009444.173384,1.2308729999999999
768009445.288967,1.068016
768009446.809888,1.4777259999999999
768009448.2464579,1.388718
768009449.62536,1.3377210000000002
768009451.097944,1.424713
768009452.634575,1.4894859999999999
768009454.089667,1.419255
768009455.707224,1.569981
768009457.340588,1.5997109999999999
768009458.989805,1.606054
768009460.631141,1.587555
768009462.233117,1.5469590000000002
768009464.038458,1.752991
768009465.838125,1.743272
768009467.4260391,1.535135
768009469.25641,1.778073
768009471.0138379,1.702715
768009472.7077479,1.635824
768009474.4650949,1.696105
768009476.234247,1.7111349999999999
768009478.1442441,1.8641040000000002
768009480.123718,1.9218289999999998
768009481.965493,1.79601
768009483.7728369,1.749133
768009485.515411,1.6840970000000002
768009487.492946,1.922497
768009489.319886,1.769296
768009491.050657,1.67019
768009493.322816,2.220464
768009494.9462739,1.572967
768009497.639333,2.641287
768009499.5669991,1.876438
768009501.296906,1.6823599999999999
768009503.2707429,1.923455
768009504.903987,1.575324
768009506.500234,1.5353210000000002
768009508.0248749,1.4663
768009509.507643,1.406176
768009510.9477669,1.389481
768009512.557145,1.548789
768009514.167285,1.535855
768009515.753562,1.528768
768009517.434234,1.6364260000000002
768009519.097412,1.602166
768009520.672741,1.51738
768009522.345531,1.626018
768009523.97654,1.587083
768009526.042941,2.002567
768009527.7701709,1.676649
768009529.797181,1.973468
768009531.4667959,1.609247
768009533.0820309,1.567394
768009534.514384,1.3642459999999998
768009536.029964,1.467744
768009537.5970889,1.5156180000000001
768009538.948308,1.308819
768009540.459796,1.454003
768009542.1057119,1.602031
768009543.832393,1.668892
768009545.369117,1.478343
768009546.969048,1.5464719999999998
768009548.482628,1.454418
768009549.791605,1.247811
768009551.309537,1.481956
768009552.724987,1.366603
768009554.013674,1.235699
768009555.5670589,1.505666
768009557.044247,1.44334
768009558.5620071,1.452985
768009560.1156621,1.496104
768009561.67396,1.514991
768009563.337896,1.611493
768009564.947268,1.556445
768009566.5786359,1.576208
768009568.214887,1.583926
768009569.9007449,1.63346
768009571.5705299,1.617732
768009573.139573,1.51686
768009575.024719,1.839804
768009576.696835,1.613969
768009578.2719879,1.5246350000000002
768009580.261991,1.9421
768009581.82839,1.505815
768009583.649696,1.773823
768009585.408988,1.711523
768009586.78871,1.312286
768009588.295195,1.458937
768009589.922212,1.5541669999999999
768009591.508042,1.5380260000000001
768009593.003971,1.4323919999999999
768009594.5135729,1.454941
768009595.987009,1.425827
768009597.6892481,1.605655
768009599.3043259,1.5542939999999998
768009601.11286,1.7607140000000001
768009602.795184,1.632187
768009604.367414,1.524519
768009606.1117439,1.6944460000000001
768009607.518299,1.357847
768009609.237864,1.669488
768009610.717815,1.428537
768009612.231393,1.45571
768009613.6929901,1.418464
768009615.125901,1.3892259999999998
768009616.4432291,1.275714
768009618.0360141,1.539806
768009619.525683,1.445698
768009621.86383,2.2869800000000002
768009623.682898,1.768174
768009625.679425,1.948891
768009627.549212,1.808934
768009629.6882119,2.091405
768009631.5115061,1.7722390000000001
768009633.250873,1.690918
768009635.435407,2.1294220000000004
768009637.268209,1.780338
768009639.435194,2.106376
768009641.7923009,2.3046510000000002
768009644.188453,2.335016
768009646.3397529,2.096328
768009648.131224,1.739263
768009650.373824,2.18122
768009652.319732,1.893855
768009654.445593,2.071041
768009656.3109039,1.812782
768009658.125724,1.753531
768009659.965109,1.787224
768009661.887296,1.8451190000000002
768009664.309902,2.353551
768009666.3282241,1.9626230000000002
768009668.827008,2.440749
768009670.699589,1.8114540000000001
768009672.465497,1.707437
768009674.264451,1.737807
768009676.321387,1.9989059999999998
768009678.319807,1.937282
768009679.934055,1.556305
768009681.562127,1.5842289999999999
768009682.991699,1.383746
768009684.610918,1.580711
768009686.126809,1.4648569999999999
768009687.813923,1.639193
768009690.0648,2.2029710000000002
768009691.558601,1.432363
768009693.157733,1.545496
768009695.058986,1.832295
768009696.801694,1.678803
768009698.173359,1.31593
768009699.344231,1.120201
768009700.4917239,1.103249
768009701.9037421,1.365797
768009703.4087319,1.456492
768009705.018451,1.548108
768009706.440975,1.372152
768009708.066946,1.5896890000000001
768009709.5368979,1.406012
768009711.078455,1.497139
768009712.6051401,1.482597
768009714.000705,1.3490900000000001
768009715.713253,1.6535659999999999
768009717.0818189,1.319785
768009718.6142449,1.482478
768009720.1398331,1.468204
768009721.580262,1.3799890000000001
768009723.495934,1.8678290000000002
768009724.963636,1.4104020000000002
768009726.522548,1.509425
768009728.103221,1.533464
768009729.598522,1.443546
768009731.163152,1.5071590000000001
768009732.434707,1.227514
768009733.81197,1.3155389999999998
768009735.309848,1.446112
768009737.039191,1.6804890000000001
768009738.5635359,1.472985
768009741.483882,2.862667
768009744.572575,3.02608
768009748.315763,3.677635
768009750.434597,2.0579219999999996
768009752.3229849,1.830508
768009754.364179,1.9801469999999999
768009756.347077,1.925184
768009758.170715,1.763252
768009760.095698,1.8667429999999998
768009762.070838,1.9140279999999998
768009764.082117,1.952933
768009765.678831,1.523568
768009767.2085689,1.481779
768009768.856203,1.590122
768009770.370702,1.464639
768009771.946082,1.52776
768009773.491001,1.463523
768009775.178118,1.628156
768009776.866125,1.640131
768009778.703452,1.775972
768009780.313229,1.562363
768009781.952389,1.589151
768009783.728993,1.728946
768009785.465237,1.678549
768009787.502108,1.976003
768009789.209286,1.658852
768009790.912077,1.641969
768009792.624871,1.654944
768009794.395185,1.708289
768009795.9640241,1.511115
768009797.216429,1.179306
768009798.261483,0.986317
768009799.5610629,1.261031
768009800.76626,1.168584
768009801.814675,1.009936
768009803.2373329,1.386225
768009804.595786,1.3110540000000002
768009805.873402,1.219625
768009807.4337261,1.513314
768009808.953702,1.4724009999999998
768009810.535111,1.543136
768009812.097091,1.51808
768009813.652948,1.503806
768009815.3010371,1.604516
768009817.703537,2.358504
768009819.5134579,1.752484
768009821.298596,1.7185139999999999
768009823.304694,1.94512
768009824.926695,1.574355
768009826.662348,1.6849930000000002
768009828.588261,1.868032
768009830.062613,1.419853
768009831.5240561,1.409307
768009833.053713,1.479067
768009834.389496,1.289098
768009835.8709091,1.437678
768009837.370206,1.440936
768009838.9758509,1.5516379999999999
768009840.288773,1.2515020000000001
768009841.554682,1.222329
768009843.0547249,1.465605
768009844.4190899,1.3161360000000002
768009845.860817,1.405967
768009847.137714,1.243081
768009848.395072,1.209176
768009849.581529,1.122895
768009851.0040929,1.388895
768009852.339986,1.286366
768009853.773594,1.392168
768009855.115995,1.302304
768009856.675465,1.5114480000000001
768009858.279933,1.5619690000000002
768009859.5310471,1.201372
768009860.825472,1.2394820000000002
768009862.039475,1.170695
768009863.167752,1.091601
768009864.4447659,1.240536
768009865.732069,1.2495500000000002
768009866.921991,1.1507049999999999
768009868.210321,1.2335180000000001
768009869.634819,1.372852
768009871.055797,1.360459
768009872.883274,1.791023
768009874.326641,1.392273
768009876.164559,1.7801390000000001
768009877.575963,1.36675
768009879.25674,1.6230820000000001
768009881.036452,1.740869
768009882.220806,1.1233110000000002
768009883.327494,1.067911
768009884.629901,1.255952
768009886.3281881,1.648076
768009887.9232761,1.556094
768009889.44079,1.470289
768009890.7145381,1.223349
768009891.874311,1.120774
768009893.046799,1.1332289999999998
768009894.3444461,1.2498330000000002
768009896.112648,1.721158
768009897.45275,1.298859
768009898.905394,1.4051859999999998
768009899.933288,0.98926
768009901.080796,1.108979
768009902.7401099,1.618836
768009904.145297,1.366312
768009905.40027,1.2142419999999998
768009906.9407719,1.501547
768009908.1889089,1.209267
768009909.667433,1.428841
768009911.297485,1.591182
768009912.991117,1.646141
768009914.457112,1.416105
768009915.9281329,1.413071
768009917.0956881,1.110125
768009918.602632,1.444268
768009920.0845081,1.432
768009921.6517481,1.504666
768009923.539639,1.843606
768009924.992353,1.408531
768009926.386089,1.3473870000000001
768009927.712962,1.269125
768009928.94338,1.186733
768009930.07216,1.074349
768009931.457557,1.348228
768009932.683124,1.1913200000000002
768009933.833128,1.11405
768009935.148942,1.267963
768009936.785493,1.588615
768009938.210106,1.374351
768009939.525898,1.2679099999999999
768009940.756567,1.189132
768009942.333457,1.533889
768009943.874608,1.485343
768009945.420684,1.495649
768009946.852735,1.3656810000000001
768009948.6833539,1.789673
768009950.524244,1.790725
768009952.099775,1.5278180000000001
768009953.682426,1.521639
768009955.209362,1.468816
768009956.634727,1.365414
768009958.0395,1.358279
768009959.514518,1.430777
768009960.948759,1.374498
768009962.509639,1.515227
768009964.0338991,1.4489189999999998
768009965.62927,1.533068
768009966.991603,1.318603
768009968.4432479,1.407861
768009970.004834,1.507887
768009971.458966,1.409827
768009972.907314,1.3867260000000001
768009974.4708619,1.508406
768009975.939641,1.425068
768009977.520072,1.528901
768009979.046893,1.480634
768009980.5993279,1.504881
768009982.1640129,1.519928
768009983.6065409,1.3950010000000002
768009985.0933,1.4387020000000001
768009986.7388331,1.5898970000000001
768009988.22547,1.428692
768009989.818644,1.537928
768009991.4012821,1.534982
768009992.8403779,1.395095
768009994.435773,1.539656
768009996.795814,2.302367
768009998.700415,1.846891
768010000.5229881,1.764351
768010002.344504,1.775523
768010004.248147,1.85161
768010006.1101481,1.806335
768010007.969071,1.80693
768010009.908644,1.8627340000000001
768010012.033868,2.0705720000000003
768010013.653247,1.562507
768010015.421643,1.715781
768010016.931514,1.4514129999999998
768010018.4900689,1.503793
768010019.9881171,1.4271150000000001
768010021.5795391,1.506259
768010023.083627,1.44859
768010024.560948,1.407623
768010026.3313711,1.715846
768010027.879116,1.4901
768010029.900729,1.970434
768010031.539107,1.577896
768010033.152217,1.5693300000000001
768010034.364427,1.157398
768010035.545735,1.137138
768010036.796233,1.206202
768010038.081707,1.232798
768010039.4102451,1.285312
768010040.8264589,1.3720620000000001
768010042.127118,1.239301
768010043.657442,1.472013
768010045.2561209,1.540764
768010046.641332,1.32446
768010048.030462,1.331742
768010049.4812909,1.3911550000000001
768010050.8543789,1.315163
768010052.157111,1.2453670000000001
768010053.589529,1.362638
768010055.558159,1.910784
768010057.1132971,1.507555
768010058.8381469,1.6744139999999998
768010060.377402,1.480929
768010061.825469,1.390681
768010063.57568,1.702336
768010065.136972,1.503762
768010066.7230711,1.5251329999999998
768010068.342097,1.5609860000000002
768010070.2059981,1.8060159999999998
768010072.13865,1.874681
768010073.7594041,1.559021
768010075.404952,1.5875270000000001
768010077.036812,1.574292
768010078.951977,1.853993
768010080.586815,1.576572
768010082.3497959,1.704484
768010083.950178,1.542954
768010085.678944,1.647948
768010087.842147,2.100993
768010089.803956,1.903659
768010091.859443,1.993558
768010094.036523,2.119271
768010096.162244,2.065004
768010098.041154,1.8177429999999999
768010099.728449,1.628498
768010101.403986,1.6167200000000002
768010103.404039,1.938775
768010105.383635,1.921359
768010107.103725,1.658648
768010109.033059,1.871273
768010111.0285959,1.933052
768010113.029802,1.943021
768010114.931962,1.841033
768010117.08025,2.090544
768010118.961737,1.820265
768010120.790977,1.7715610000000002
768010122.924701,2.075453
768010124.397571,1.414925
768010126.341133,1.881948
768010128.20119,1.801767
768010130.318511,2.055733
768010132.093194,1.715901
768010133.753471,1.59918
768010135.9024911,2.090399
768010137.902369,1.942264
768010139.847845,1.8847
768010141.603574,1.697524
768010143.604313,1.939266
768010145.361836,1.6990219999999998
768010147.067048,1.6436529999999998
768010148.7415069,1.616925
768010150.417736,1.618294
768010152.0881671,1.61248
768010153.733714,1.583854
768010155.4571229,1.6654930000000001
768010157.336058,1.7606950000000001
768010159.266364,1.868782
768010160.955964,1.632031
768010162.851448,1.8338160000000001
768010164.717219,1.807584
768010166.49096,1.715279
768010168.757303,1.814772
768010170.654657,1.835611
768010172.571862,1.859656
768010174.577047,1.9434859999999998
768010176.436698,1.801385
768010178.250553,1.752867
768010180.486495,2.177963
768010182.397591,1.850465
768010183.946463,1.490697
768010185.531504,1.50084
768010187.424849,1.832649
768010189.311523,1.828919
768010191.2931229,1.920567
768010193.3330129,1.982176
768010195.063393,1.668706
768010196.729674,1.608396
768010198.58073,1.7924900000000001
768010200.639901,2.001576
768010202.486135,1.784937
768010204.180622,1.637087
768010206.124574,1.883386
768010207.8288629,1.646409
768010209.739413,1.852841
768010211.874045,2.071831
768010213.64755,1.714834
768010215.55192,1.842596
768010217.171101,1.5608250000000001
768010218.838344,1.6058050000000001
768010220.613518,1.716853
768010222.4749141,1.800393
768010224.395221,1.862343
768010226.123511,1.666702
768010227.965215,1.7834590000000001
768010229.6103461,1.5624689999999999
768010231.497973,1.826664
768010233.1755489,1.619842
768010235.094829,1.8570749999999998
768010236.8566121,1.703422
768010238.783294,1.865675
768010240.867007,2.025357
768010242.7466049,1.818555
768010244.618339,1.813915
768010246.790789,2.111488
768010249.3239189,2.4749
768010251.658491,2.272934
768010253.95754,2.241104
768010256.254921,2.236223
768010257.86468,1.5508760000000001
768010259.854419,1.931618
768010261.582779,1.671408
768010263.7334881,2.088413
768010266.0021759,2.209882
768010267.9551901,1.892101
768010270.220119,2.181741
768010272.4707409,2.18955
768010274.314039,1.780422
768010276.094084,1.722381
768010278.115763,1.9601000000000002
768010280.183153,2.008868
768010282.3940821,2.148764
768010284.1506729,1.6983899999999998
768010286.192879,1.9813500000000002
768010288.207576,1.9565519999999998
768010290.463269,2.1939949999999997
768010292.3140091,1.7925090000000001
768010294.531078,2.156402
768010296.284948,1.696376
768010298.546931,2.1999989999999996
768010300.408221,1.8034
768010302.416939,1.947155
768010304.2301769,1.7557740000000002
768010306.029122,1.736965
768010307.953238,1.8661159999999999
768010309.694538,1.6538270000000002
768010311.832963,2.0774980000000003
768010314.0834999,2.1925960000000004
768010316.087833,1.9435710000000002
768010317.9649789,1.815082
768010319.7944549,1.771421
768010321.920431,2.067886
768010323.867681,1.885586
768010325.7400819,1.813809
768010327.494693,1.692597
768010329.300519,1.748111
768010331.099494,1.737887
768010333.125978,1.968334
768010334.810066,1.622299
768010336.6153411,1.747841
768010338.405565,1.7281849999999999
768010340.1375281,1.674269
768010341.843025,1.644074
768010343.671734,1.770343
768010345.9595369,2.229086
768010347.866338,1.822118
768010350.123941,2.199753
768010351.8638281,1.6819520000000001
768010354.081413,2.159659
768010355.99948,1.8570550000000001
768010357.745732,1.661584
768010359.632481,1.828323
768010361.675504,1.9844609999999998
768010363.5777991,1.8405120000000001
768010365.5587369,1.923164
768010367.495729,1.875057
768010369.549381,1.99475
768010371.901594,2.290123
768010374.250936,2.291076
768010376.5577741,2.2288859999999997
768010378.94332,2.3240130000000003
768010381.4440141,2.443
768010383.7500141,2.244808
768010385.4075899,1.6003779999999999
768010387.013219,1.5442559999999999
768010388.707716,1.636185
768010390.621142,1.852219
768010392.197528,1.518597
768010394.109726,1.8505850000000001
768010395.872833,1.70479
768010397.660726,1.729884
768010399.400824,1.678605
768010401.141909,1.683682
768010403.104058,1.901268
768010405.156077,1.9942190000000002
768010407.089405,1.872421
768010409.1725421,2.025437
768010411.135854,1.901975
768010413.207229,2.013675
768010414.936707,1.667885
768010417.0949831,2.100602
768010419.112502,1.95991
768010421.0941869,1.922888
768010422.9875821,1.831981
768010424.9492351,1.904265
768010426.706929,1.697022
768010428.4447659,1.679497
768010430.1296799,1.626458
768010432.2110521,2.0230460000000003
768010434.375237,2.102802
768010436.735474,2.302552
768010438.680629,1.883581
768010440.83198,2.09306
768010442.8412989,1.947566
768010444.501395,1.60173
768010446.192238,1.629786
768010448.13797,1.8880730000000001
768010449.845572,1.645316
768010451.752768,1.8495519999999999
768010454.0043781,2.1937189999999998
768010455.907375,1.8409579999999999
768010457.91916,1.9539760000000002
768010459.77389,1.792926
768010462.04969,2.216908
768010464.28676,2.1755020000000003
768010466.28551,1.9377229999999999
768010468.442523,2.0991030000000004
768010470.760241,2.2560140000000004
768010472.8721751,2.0538790000000002
768010474.802305,1.868086
768010476.7273331,1.867038
768010478.8724741,2.0842590000000003
768010480.821062,1.890463
768010482.984686,2.1022760000000003
768010484.867897,1.825281
768010486.919605,1.9907660000000003
768010488.910888,1.9327960000000002
768010491.1027579,2.130332
768010493.013724,1.852706
768010495.129386,2.05465
768010497.941661,2.754725
768010500.1884079,2.1856150000000003
768010502.378674,2.1318449999999998
768010504.228587,1.79252
768010506.1074129,1.817022
768010508.142803,1.9774900000000002
768010509.875383,1.6713069999999999
768010511.876428,1.943025
768010513.758807,1.823707
768010516.05725,2.2376810000000003
768010518.059057,1.939727
768010520.084244,1.966761
768010522.299633,2.154132
768010524.250311,1.893159
768010526.323279,2.011765
768010528.396843,2.01608
768010530.408538,1.949896
768010532.422413,1.9562709999999999
768010534.478392,2.001823
768010536.472557,1.936425
768010538.245787,1.712307
768010539.9964889,1.692667
768010542.1590099,2.07598
768010544.388147,2.1709910000000003
768010546.1614469,1.711686
768010548.347733,2.128587
768010550.411134,2.002258
768010552.5712091,2.1016950000000003
768010554.693452,2.060569
768010556.8734189,2.121882
768010559.126586,2.1913940000000003
768010561.473843,2.289332
768010563.6109849,2.076235
768010565.304599,1.63594
768010567.008267,1.645437
768010568.595824,1.529697
768010570.214429,1.557342
768010571.994044,1.721689
768010574.248219,2.1646669999999997
768010576.095892,1.789919
768010578.131879,1.9745940000000002
768010579.926579,1.7366599999999999
768010581.578255,1.593817
768010583.399652,1.760776
768010585.052742,1.594804
768010586.731702,1.617316
768010588.412762,1.6232099999999998
768010590.099676,1.629219
768010591.9012669,1.743476
768010594.0433861,2.083663
768010596.051568,1.947164
768010597.801167,1.6876250000000002
768010599.7655619,1.9067610000000002
768010601.54024,1.6988159999999999
768010603.274083,1.673031
768010604.973752,1.642209
768010606.658531,1.623517
768010608.600564,1.884314
768010610.233202,1.5743669999999998
768010611.87883,1.587647
768010613.758888,1.8213769999999998
768010615.9216,2.100793
768010618.053455,2.073359
768010620.03507,1.920678
768010622.227466,2.1285119999999997
768010624.499176,2.214176
768010626.401311,1.840641
768010628.219897,1.759854
768010630.159965,1.878655
768010632.051741,1.833906
768010633.7191889,1.6041910000000001
768010635.4193391,1.641938
768010637.371675,1.894542
768010639.287272,1.854986
768010640.972958,1.627299
768010642.866813,1.832513
768010644.998372,2.0733029999999997
768010646.86528,1.804718
768010648.840531,1.91727
768010650.983351,2.0820589999999997
768010653.213725,2.172094
768010655.195696,1.8976950000000001
768010656.973096,1.720075
768010658.703681,1.669448
768010660.94256,2.18118
768010663.103277,2.0996349999999997
768010665.033853,1.8728259999999999
768010667.153149,2.058434
768010668.877129,1.665739
768010670.8487259,1.910725
768010672.8396931,1.9326860000000001
768010674.727554,1.8257670000000001
768010676.341724,1.5563440000000002
768010678.0753659,1.67229
768010680.1457679,2.012352
768010682.073468,1.865074
768010683.878392,1.747205
768010685.8464301,1.909888
768010687.9805051,2.072978
768010689.742679,1.681606
768010691.9388341,2.1354640000000003
768010693.876046,1.878855
768010695.6127651,1.6759380000000001
768010697.584026,1.912995
768010699.4352069,1.788886
768010701.261651,1.768689
768010702.936762,1.614289
768010704.644139,1.6500270000000001
768010706.504657,1.8022120000000001
768010708.409603,1.846556
768010710.4741759,2.0029150000000002
768010712.478945,1.9468239999999999
768010714.237135,1.696742
768010715.973203,1.678354
768010717.817764,1.761187
768010719.9013469,2.0218089999999997
768010721.851083,1.891425
768010723.921425,2.0088139999999997
768010725.890771,1.911201
768010727.8051201,1.8521729999999998
768010729.814023,1.951405
768010731.7082901,1.832984
768010733.8724251,2.10583
768010735.796917,1.862067
768010738.119681,2.2646189999999997
768010740.4242439,2.24364
768010742.355105,1.869048
768010744.6044741,2.190903
768010747.0616771,2.395659
768010749.61779,2.497687
768010751.7115159,2.0324090000000004
768010753.664344,1.894752
768010755.676956,1.9542570000000001
768010757.702178,1.967697
768010759.5952821,1.832163
768010761.642194,1.9878149999999999
768010763.7635399,2.062444
768010765.764395,1.9429200000000002
768010767.816795,1.9906709999999999
768010770.0002251,2.1253550000000003
768010772.05672,1.9951560000000002
768010774.021992,1.903067
768010775.9058441,1.825517
768010777.8915789,1.92793
768010779.8515381,1.898512
768010781.752601,1.843363
768010783.498607,1.685165
768010785.6621,2.1052079999999997
768010787.835978,2.112259
768010789.9796159,2.085882
768010792.16067,2.1199869999999996
768010794.151647,1.928782
768010796.159673,1.949715
768010798.348055,2.124754
768010800.4060479,1.999923
768010802.294366,1.8272810000000002
768010804.177216,1.824915
768010805.98895,1.750828
768010807.723996,1.6770260000000001
768010809.729968,1.948623
768010811.75353,1.9615079999999998
768010814.022334,2.211325
768010816.270184,2.186653
768010818.325611,1.9942950000000002
768010820.142337,1.7592370000000002
768010822.179427,1.9758570000000002
768010824.2305391,1.993107
768010826.471122,2.1625360000000002
768010828.328693,1.799977
768010830.147895,1.7576880000000001
768010832.100197,1.8946830000000001
768010834.0694231,1.908149
768010835.925391,1.7979770000000002
768010837.91101,1.92789
768010839.792191,1.8195080000000001
768010841.6444,1.793892
768010843.40481,1.6991669999999999
768010845.5900689,2.1276200000000003
768010847.75893,2.1079139999999996
768010849.915923,2.098682
768010851.858944,1.882328
768010854.129887,2.2133700000000003
768010856.268232,2.077699
768010858.1890709,1.859716
768010860.291252,2.044442
768010862.101553,1.748893
768010864.179338,2.019448
768010866.1635641,1.922012
768010868.304114,2.08234
768010870.140401,1.77553
768010872.956073,2.757497
768010875.418102,2.400336
768010877.911404,2.435547
768010880.379096,2.406098
768010882.315445,1.87852
768010884.060574,1.6872639999999999
768010886.1544509,2.031897
768010887.954177,1.742062
768010889.744151,1.707472
768010891.791053,1.9859449999999998
768010893.960305,2.109733
768010895.908973,1.887024
768010897.940651,1.9734510000000003
768010899.744988,1.7438420000000001
768010901.5902209,1.787312
768010903.769947,2.1186640000000003
768010905.867016,2.038538
768010907.842487,1.913566
768010909.926385,2.0256879999999997
768010912.162262,2.17453
768010914.389509,2.16623
768010916.3328099,1.885196
768010918.581818,2.1875739999999997
768010920.643108,2.0034509999999996
768010922.285874,1.581568
768010924.056453,1.7124329999999999
768010926.116731,1.997262
768010927.8553301,1.68073
768010930.028962,2.115858
768010931.892713,1.802698
768010933.89475,1.943732
768010935.8235221,1.866938
768010937.881215,1.999763
768010939.868263,1.925841
768010941.70485,1.778793
768010943.787711,2.0210969999999997
768010945.708179,1.863074
768010947.706853,1.9376470000000001
768010949.723791,1.9592580000000002
768010951.646794,1.862217
768010953.650651,1.945797
768010955.8035,2.0915809999999997
768010957.760878,1.898717
768010959.986437,2.167813
768010961.8665501,1.796654
768010963.767873,1.839915
768010965.7356111,1.9100840000000001
768010967.551179,1.730776
768010969.5261891,1.916905
768010971.483814,1.896657
768010973.433926,1.892168
768010975.347648,1.8560130000000001
768010977.361258,1.9553639999999999
768010979.110782,1.6884219999999999
768010980.8836809,1.7149489999999998
768010982.77665,1.832067
768010984.420944,1.58652
768010986.30854,1.8266440000000002
768010988.482102,2.115156
768010990.497491,1.9541659999999998
768010992.487415,1.9319840000000001
768010994.392537,1.844115
768010996.0928121,1.64239
768010997.662473,1.5089299999999999
768010999.551407,1.830709
768011001.455566,1.84655
768011003.745104,2.228675
768011005.494187,1.691164
768011007.30333,1.751233
768011009.322859,1.9612029999999998
768011011.63122,2.247795
768011013.823886,2.134731
768011016.116977,2.23248
768011018.2709279,2.095611
768011020.1315559,1.803239
768011022.049623,1.856909
768011023.742701,1.6352579999999999
768011025.7225319,1.9219359999999999
768011027.648939,1.86561
768011029.355568,1.648589
768011031.158312,1.7421330000000002
768011033.269253,2.05244
768011035.2062501,1.875984
768011037.270262,2.006388
768011039.07716,1.7455
768011041.0348691,1.899955
768011043.083997,1.9883259999999998
768011045.036464,1.8946379999999998
768011046.672083,1.577765
768011048.349014,1.619035
768011049.981039,1.5712840000000001
768011051.9137759,1.85274
768011053.5312929,1.560203
768011055.6362499,2.0446969999999998
768011057.625092,1.931162
768011059.6487299,1.96239
768011061.896119,2.189348
768011063.795843,1.8386369999999999
768011065.79767,1.9439069999999998
768011067.488368,1.630156
768011069.343202,1.7970650000000001
768011071.0398389,1.635659
768011072.807976,1.7104329999999999
768011074.8704749,2.004343
768011076.722714,1.794505
768011078.3619219,1.578442
768011080.231677,1.811865
768011082.359357,2.0668689999999996
768011084.389249,1.972308
768011086.380276,1.9304109999999999
768011088.254862,1.8167909999999998
768011090.148743,1.833325
768011092.04135,1.8348730000000002
768011093.93895,1.8346230000000001
768011095.8574381,1.860398
768011097.524751,1.609263
768011099.290167,1.704925
768011100.9908481,1.642992
768011102.638094,1.586199
768011104.625763,1.929779
768011106.3079859,1.621246
768011107.951293,1.585437
768011109.983301,1.9465839999999999
768011111.918663,1.874771
768011113.627563,1.651206
768011115.445507,1.756767
768011117.066166,1.562424
768011118.8734959,1.746278
768011120.520337,1.588731
768011122.9617679,2.380308
768011125.3117,2.291712
768011127.773338,2.400881
768011130.0698119,2.2386329999999997
768011132.430745,2.3031089999999996
768011134.594529,2.1028219999999997
768011136.263186,1.6108909999999999
768011138.058411,1.734194
768011140.1591539,2.0425769999999996
768011142.027215,1.7953459999999999
768011144.043505,1.9585110000000001
768011145.749729,1.642435
768011147.702662,1.895324
768011149.759472,1.9985739999999999
768011151.665526,1.8448259999999999
768011153.647803,1.924562
768011155.386723,1.6781739999999998
768011156.989811,1.545013
768011158.7962539,1.745752
768011160.53775,1.683922
768011162.567528,1.9712509999999999
768011164.378275,1.752803
768011166.992839,2.553808
768011169.2220709,2.170951
768011171.37729,2.093125
768011173.400367,1.965618
768011175.262203,1.8005440000000001
768011177.229805,1.909116
768011179.2143869,1.9228830000000001
768011180.974176,1.700515
768011182.9584169,1.925916
768011184.868114,1.851557
768011187.104307,2.17504
768011189.03125,1.869314
768011191.0083439,1.916338
768011193.1532149,2.086389
768011195.468371,2.253844
768011197.7466519,2.220281
768011200.103772,2.295932
768011202.243465,2.081022
768011204.46981,2.168295
768011206.676234,2.144339
768011208.644142,1.909322
768011210.844647,2.139106
768011212.789055,1.886228
768011215.037221,2.186001
768011217.177791,2.082771
768011219.220333,1.9812850000000002
768011221.2981219,2.019098
768011223.346552,1.987333
768011225.2580091,1.853632
768011227.314203,1.997888
768011229.308568,1.9354330000000002
768011231.383982,2.014492
768011233.335201,1.892979
768011235.0902289,1.6936740000000001
768011237.0469509,1.8990669999999998
768011239.1036249,1.995031
768011241.141587,1.9800809999999998
768011243.087744,1.888383
768011245.101855,1.955244
768011248.0561601,2.8922510000000003
768011250.367478,2.248802
768011252.202757,1.777144
768011253.918393,1.6538869999999999
768011255.966302,1.989794
768011257.864318,1.812902
768011260.129999,2.2036320000000003
768011262.315459,2.124533
768011264.670012,2.296804
768011266.862839,2.131539
768011268.815442,1.894823
768011270.739138,1.862107
768011273.076577,2.279233
768011275.203936,2.04159
768011277.177958,1.89817
768011279.329208,2.0890750000000002
768011281.3181859,1.931012
768011283.382964,2.00319
768011285.674115,2.233201
768011287.666225,1.930642
768011289.7634289,2.03927
768011292.150278,2.325246
768011294.072404,1.863936
768011295.84183,1.711336
768011297.870665,1.971141
768011299.656725,1.725313
768011301.614499,1.90006
768011303.724303,2.048817
768011305.8465459,2.064012
768011307.8637849,1.9599909999999998
768011309.8572669,1.9357630000000001
768011312.112389,2.1940340000000003
768011313.7810459,1.606932
768011315.7182469,1.87874
768011317.911335,2.1354490000000004
768011319.948339,1.9752210000000001
768011322.144428,2.114063
768011323.911915,1.706008
768011325.6971569,1.727172
768011353.997938,28.240089
768011356.5124741,2.4529729999999996
768011358.664811,2.094122
768011360.839827,2.117051
768011362.971902,2.070793
768011365.100765,2.0710580000000003
768011366.8595971,1.697444
768011368.655941,1.738765
768011370.5392569,1.824991
768011373.039065,2.44101
768011375.195377,2.095204
768011377.3267449,2.0735240000000004
768011379.381025,1.993252
768011381.458804,2.020641
768011383.46681,1.9462030000000001
768011385.466151,1.937161
768011387.4690809,1.941692
768011389.481889,1.955089
768011391.201178,1.661565
768011393.349416,2.090664
768011395.4283221,2.017589
768011397.257838,1.7707389999999998
768011399.451718,2.132391
768011401.733832,2.223894
768011403.697816,1.903267
768011405.533301,1.777886
768011407.292929,1.701573
768011409.5334721,2.182748
768011411.4905,1.89575
768011413.336609,1.788009
768011415.608556,2.210553
768011417.8571421,2.190787
768011420.13823,2.219845
768011422.1458551,1.949029
768011424.1650729,1.961067
768011426.105858,1.878896
768011428.159556,1.995934
768011429.87666,1.6552850000000001
768011431.690915,1.755579
768011433.7515941,2.002163
768011435.7926179,1.9790839999999998
768011438.068729,2.218501
768011440.099092,1.9720129999999998
768011442.255083,2.094137
768011444.160571,1.846836
768011446.008916,1.785769
768011447.9824829,1.9144240000000001
768011449.953864,1.887666
768011451.92961,1.915135
768011454.0130379,2.0255170000000002
768011456.173599,2.099755
768011458.088013,1.853427
768011460.099507,1.953569
768011462.353021,2.191904
768011464.353455,1.9420220000000001
768011466.3943529,1.979765
768011468.390702,1.938319
768011470.289233,1.836812
768011472.271024,1.923274
768011474.404242,2.071875
768011476.3011501,1.838943
768011478.01644,1.6535810000000002
768011480.151131,2.0767770000000003
768011482.245789,2.0334860000000003
768011484.2582661,1.9543160000000002
768011486.2511381,1.931539
768011488.257271,1.94743
768011490.117779,1.79918
768011492.2939819,2.118449
768011494.034891,1.680263
768011495.730726,1.637578
768011498.346823,2.558293
768011500.611708,2.203176
768011502.8017989,2.129153
768011504.987489,2.126944
768011506.825775,1.776678
768011509.1893151,2.305649
768011511.13238,1.881813
768011513.14396,1.9536089999999997
768011515.0900769,1.884885
768011517.1100761,1.9615930000000001
768011519.394276,2.2261699999999998
768011521.6307551,2.178073
768011523.641112,1.948889
768011525.706798,2.006999
768011527.631963,1.8668529999999999
768011529.7563859,2.066618
768011531.597268,1.779605
768011533.324796,1.669313
768011535.3997079,1.996429
768011537.3069301,1.8493419999999998
768011539.289688,1.9221620000000001
768011541.10057,1.753008
768011542.873685,1.715045
768011544.934389,2.002153
768011546.706235,1.710313
768011548.7306349,1.9663850000000003
768011550.7043121,1.9115659999999999
768011552.585152,1.822625
768011554.275353,1.629089
768011556.138758,1.8052700000000002
768011558.00104,1.800338
768011560.066631,2.00705
768011561.735066,1.607338
768011563.575863,1.7825309999999999
768011565.367431,1.732971
768011567.3668419,1.937823
768011569.540274,2.115226
768011571.172856,1.570192
768011572.910874,1.679602
768011574.552377,1.5831169999999999
768011576.390082,1.779881
768011578.2109721,1.759427
768011579.879042,1.6104509999999999
768011581.562583,1.624965
768011583.395066,1.771767
768011585.325797,1.872962
768011587.580694,2.192537
768011589.571064,1.932566
768011591.224871,1.595511
768011592.926834,1.643778
768011594.912479,1.924597
768011596.450776,1.4797960000000001
768011598.09668,1.588073
768011600.184001,2.029186
768011602.0487189,1.8036409999999998
768011603.698391,1.591512
768011605.334893,1.579053
768011607.215853,1.818725
768011608.884605,1.609865
768011610.7691641,1.800599
768011612.397491,1.570232
768011614.3192871,1.859912
768011616.261826,1.884815
768011618.1961011,1.872486
768011619.7967631,1.5429680000000001
768011622.177623,2.322985
768011624.55948,2.320424
768011626.683026,2.062148
768011628.712893,1.9723229999999998
768011630.605296,1.83133
768011632.520461,1.8571149999999998
768011634.4485159,1.86561
768011636.14619,1.639574
768011638.3951471,2.187359
768011640.220318,1.766414
768011642.053112,1.77107
768011643.955092,1.844216
768011645.8175751,1.777559
768011647.485454,1.607143
768011649.701365,2.1577800000000003
768011651.57989,1.817532
768011653.767018,2.128502
768011655.6502991,1.822249
768011657.4965041,1.7879289999999999
768011659.4956499,1.938239
768011661.4286621,1.875076
768011663.40517,1.9154309999999999
768011665.6256009,2.162662
768011667.573427,1.886774
768011669.788867,2.157054
768011671.657368,1.807003
768011673.367306,1.652459
768011675.435648,2.006423
768011677.521892,2.0286649999999997
768011679.496912,1.914394
768011681.280731,1.725368
768011683.007834,1.6645869999999998
768011684.895229,1.829591
768011686.70122,1.7479559999999998
768011688.748198,1.9887709999999998
768011690.893008,2.083583
768011692.968301,2.016482
768011695.028594,1.999111
768011696.993731,1.906676
768011698.8791519,1.8240129999999999
768011700.664329,1.7275179999999999
768011702.5568119,1.834277
768011704.611271,1.996875
768011706.3649111,1.6917
768011708.1296151,1.7065590000000002
768011709.850052,1.657951
768011711.97013,2.061877
768011713.810681,1.752121
768011715.7119889,1.839454
768011717.392689,1.622624
768011719.1337839,1.679116
768011720.8212291,1.627636
768011722.5509369,1.667729
768011724.40899,1.7990599999999999
768011726.3435299,1.872782
768011728.161299,1.759653
768011730.097954,1.875278
768011732.201563,2.045604
768011734.14527,1.882084
768011736.082967,1.878971
768011737.978362,1.833756
768011739.667355,1.6300810000000001
768011741.7871871,2.0616559999999997
768011743.7244589,1.875914
768011745.9409361,2.1578410000000003
768011748.308871,2.309674
768011750.811183,2.44114
768011752.981222,2.094824
768011754.927245,1.8850010000000001
768011756.640626,1.655115
768011758.844714,2.145382
768011760.790286,1.887636
768011762.9072059,2.055457
768011764.868824,1.903283
768011766.530905,1.6007479999999998
768011768.438453,1.8494220000000001
768011770.194833,1.693945
768011771.916573,1.6634390000000001
768011773.847324,1.872947
768011775.824494,1.915541
768011777.841181,1.958371
768011780.057838,2.15569
768011781.824838,1.7050310000000002
768011783.610522,1.727719
768011785.862677,2.193699
768011787.996487,2.073022
768011789.9220561,1.842241
768011792.13703,2.157479
768011794.354123,2.154383
768011796.6409191,2.2285959999999996
768011798.913231,2.21121
768011801.053971,2.082856
768011803.327932,2.212152
768011805.5354531,2.148649
768011807.591056,1.9973769999999997
768011809.769183,2.1191750000000003
768011811.945377,2.1151709999999997
768011814.157223,2.130021
768011816.201168,1.986687
768011818.358332,2.0961819999999998
768011820.419728,2.002309
768011822.373849,1.892483
768011824.323825,1.892488
768011826.3166361,1.931478
768011828.1859,1.810807
768011830.115399,1.867961
768011832.160497,1.9868379999999999
768011833.944356,1.721028
768011835.903043,1.90008
768011837.9844,2.023172
768011839.981411,1.9361739999999998
768011842.1697631,2.1016950000000003
768011844.178331,1.9477559999999998
768011846.3613601,2.1212850000000003
768011848.318438,1.899253
768011850.0626,1.68316
768011852.028097,1.907041
768011853.817695,1.726501
768011855.6323811,1.756175
768011857.663451,1.973336
768011859.525333,1.800217
768011861.455573,1.8718000000000001
768011863.681537,2.164526
768011865.621535,1.882204
768011867.861477,2.182248
768011870.043243,2.123566
768011872.958118,2.8541019999999997
768011875.270322,2.250321
768011877.153453,1.825186
768011879.2575879,2.042822
768011881.487692,2.171873
768011883.6934191,2.144625
768011885.966252,2.214653
768011888.171689,2.14682
768011890.4015319,2.168651
768011892.665344,2.206273
768011894.8868531,2.1595899999999997
768011896.811666,1.866246
768011898.857615,1.985344
768011900.798711,1.882534
768011903.0222039,2.1622299999999997
768011905.243853,2.163869
768011907.1979641,1.893224
768011908.9283739,1.672831
768011911.040548,2.054229
768011913.1750649,2.076386
768011915.222975,1.986237
768011917.395069,2.114164
768011919.371707,1.915501
768011921.121171,1.691103
768011923.331399,2.1256809999999997
768011925.052462,1.662532
768011926.964976,1.850941
768011928.781026,1.75828
768011930.95977,2.1177919999999997
768011932.737169,1.7192990000000001
768011934.898272,2.100196
768011936.714697,1.7588409999999999
768011939.014398,2.238127
768011941.201001,2.1284059999999996
768011943.2735021,2.010763
768011945.5002129,2.1687809999999996
768011947.719687,2.158041
768011949.642651,1.864702
768011951.451107,1.75
768011953.437323,1.92791
768011955.377803,1.879052
768011957.433386,1.9980580000000001
768011959.4004971,1.90638
768011961.40943,1.9511489999999998
768011963.395225,1.9249779999999999
768011965.190065,1.736484
768011967.4312949,2.1836260000000003
768011969.185119,1.6957339999999999
768011971.326286,2.077634
768011973.474329,2.090032
768011975.483598,1.947997
768011977.6652889,2.12323
768011979.8727801,2.148148
768011981.808588,1.877838
768011983.735065,1.865625
768011985.462378,1.647272
768011987.558439,2.03531
768011989.7275109,2.1114070000000003
768011991.849008,2.060178
768011994.038963,2.1320710000000003
768011995.973799,1.872461
768011998.3202591,2.265938
768012000.981617,2.600652
768012003.418893,2.375202
768012005.54075,2.063475
768012007.405207,1.802794
768012009.558176,2.0949940000000002
768012011.559953,1.939823
768012013.785957,2.168024
768012015.99623,2.1488050000000003
768012018.1856639,2.101604
768012020.15296,1.909301
768012022.097334,1.883195
768012024.1167271,1.9607320000000001
768012026.082861,1.904365
768012028.247437,2.1068919999999998
768012030.272799,1.962997
768012032.1468539,1.815839
768012034.7015489,2.492636
768012036.947509,2.187755
768012039.834508,2.825511
768012042.316759,2.424256
768012044.654158,2.2790269999999997
768012046.818333,2.1028879999999996
768012049.472484,2.596763
768012052.049924,2.516143
768012054.4646809,2.3612059999999997
768012056.793033,2.2705130000000002
768012059.4802461,2.626046
768012061.7031579,2.164751
768012063.8773069,2.110691
768012066.52787,2.592598
768012069.1896269,2.601168
768012071.779982,2.534714
768012074.260785,2.422698
768012076.763129,2.44407
768012079.214349,2.396529
768012081.731274,2.4639559999999996
768012084.615155,2.823611
768012087.5089899,2.832417
768012090.365923,2.798873
768012092.789387,2.361825
768012094.8355379,1.985489
768012097.0247511,2.1312729999999998
768012099.264472,2.179004
768012101.454638,2.132101
768012103.515418,1.999942
768012105.812497,2.238789
768012107.813923,1.9405990000000002
768012109.889008,2.016839
768012112.109951,2.1663759999999996
768012114.031183,1.865886
768012116.0343729,1.945451
768012118.170956,2.0739310000000004
768012120.1019361,1.878849
768012122.8413651,2.6779439999999997
768012124.616515,1.722774
768012126.640056,1.962794
768012128.545811,1.852973
768012130.719298,2.112299
768012132.68672,1.909317
768012134.626135,1.877649
768012136.569872,1.8913470000000001
768012138.403089,1.778357
768012140.335997,1.879824
768012142.116076,1.724704
768012143.879593,1.7057879999999999
768012145.611773,1.673703
768012147.253591,1.587958
768012149.193867,1.891683
768012150.994594,1.7547599999999999
768012152.898342,1.855682
768012155.129749,2.1810549999999997
768012157.34155,2.152568
768012159.6066331,2.2071709999999998
768012161.511291,1.852384
768012163.557086,1.9850940000000001
768012165.5575,1.9420119999999998
768012168.051413,2.432926
768012170.202106,2.085903
768012172.176495,1.916544
768012174.238206,2.0005539999999997
768012176.927174,2.6307169999999998
768012179.542545,2.565487
768012181.864393,2.274349
768012184.188376,2.276228
768012186.8650099,2.615422
768012189.201536,2.278697
768012191.256242,1.993337
768012193.411847,2.0972999999999997
768012195.741568,2.2679620000000003
768012197.712072,1.91252
768012199.595017,1.821603
768012201.4603059,1.8071439999999999
768012203.4178051,1.896407
768012205.338759,1.862803
768012207.429222,2.029842
768012209.271282,1.7842850000000001
768012210.915141,1.583158
768012212.544706,1.576011
768012214.379454,1.767121
768012216.3375939,1.9140400000000002
768012218.19083,1.79243
768012219.926485,1.6775449999999998
768012222.069814,2.095552
768012223.905288,1.774964
768012225.71908,1.7594500000000002
768012227.476176,1.707388
768012229.342751,1.819521
768012231.210392,1.8063479999999998
768012232.9373549,1.6691589999999998
768012234.669102,1.677541
768012236.1329811,1.4116630000000001
768012237.4551901,1.267857
768012239.0654601,1.566729
768012240.612383,1.503414
768012242.4480131,1.785523
768012244.42176,1.916353
768012246.766127,2.283392
768012248.880574,2.066633
768012251.1272701,2.1625289999999997
768012253.587725,2.412146
768012256.3601,2.721672
768012258.655641,2.2377059999999998
768012260.708071,1.993993
768012263.135258,2.3647820000000004
768012265.776991,2.584148
768012268.33779,2.499736
768012270.394515,1.995893
768012272.438515,1.9857799999999999
768012274.67764,2.177992
768012277.011595,2.281422
768012279.056836,1.983875
768012280.9230369,1.814063
768012283.2052281,2.227396
768012285.362265,2.104615
768012287.2278329,1.809899
768012289.350476,2.064653
768012291.2305601,1.8184900000000002
768012293.586467,2.297937
768012296.2269859,2.57829
768012298.366158,2.077794
768012300.818371,2.394601
768012303.0389329,2.170586
768012305.383562,2.296189
768012307.686542,2.234215
768012310.1284131,2.394208
768012312.268251,2.092125
768012314.847197,2.5161599999999997
768012317.028162,2.122603
768012319.058736,1.969788
768012320.844755,1.727659
768012322.6461049,1.7401980000000001
768012324.969687,2.2658069999999997
768012327.231262,2.200586
768012329.373563,2.089975
768012331.0016869,1.5541800000000001
768012332.5915561,1.537319
768012334.45419,1.80776
768012336.5465579,2.0349790000000003
768012338.373158,1.765559
768012340.043222,1.617113
768012341.620072,1.502102
768012343.353068,1.685586
768012345.0171721,1.621761
768012346.8255279,1.765441
768012348.487589,1.603023
768012350.32315,1.78085
768012352.131551,1.768181
768012354.0266739,1.8443159999999998
768012355.64564,1.570166
768012357.250443,1.535476
768012359.0776341,1.7778360000000002
768012360.683788,1.562257
768012362.5281739,1.793177
768012364.180867,1.60958
768012365.7135609,1.477954
768012367.4710779,1.705059
768012369.32832,1.805162
768012370.956537,1.567696
768012373.102597,2.0954450000000002
768012374.967018,1.808039
768012377.235135,2.210248
768012379.2444531,1.9389660000000002
768012381.046221,1.75377
768012383.1590921,2.050977
768012385.497531,2.2747829999999998
768012388.039624,2.492083
768012390.470771,2.371222
768012392.246792,1.717986
768012394.068494,1.759989
768012395.755749,1.6289040000000001
768012397.470788,1.6573600000000002
768012399.302835,1.769747
768012401.695647,2.334647
768012403.565437,1.8087929999999999
768012405.2718309,1.6487800000000001
768012406.901461,1.568292
768012408.5362439,1.576952
768012410.26634,1.6692390000000001
768012412.317475,2.003497
768012413.933934,1.550003
768012416.2809471,2.303108
768012417.977527,1.650404
768012419.9341841,1.898807
768012421.629351,1.6358139999999999
768012423.368873,1.674845
768012425.070215,1.640491
768012426.84752,1.7165839999999999
768012428.363511,1.453705
768012430.224339,1.7994160000000001
768012431.978665,1.703588
768012433.836467,1.777991
768012435.501595,1.603991
768012437.2469441,1.687129
768012438.914776,1.607442
768012440.8133551,1.85782
768012442.457981,1.58138
768012444.504791,2.005798
768012446.199298,1.65184
768012447.732525,1.491952
768012449.383093,1.609642
768012451.073135,1.634503
768012452.7733259,1.6589790000000002
768012454.574554,1.746528
768012456.272328,1.639824
768012457.987155,1.644785
768012459.885676,1.8462800000000001
768012461.6667401,1.728646
768012463.6000229,1.878491
768012465.508008,1.8601830000000001
768012467.591074,2.0223649999999997
768012469.557549,1.909011
768012471.479019,1.859651
768012473.603682,2.067119
768012475.532725,1.8679510000000001
768012477.5908079,1.9998379999999998
768012479.5856991,1.934358
768012481.787066,2.149184
768012484.023783,2.176031
768012486.661909,2.580959
768012489.447156,2.727767
768012491.963083,2.454917
768012494.0778949,2.041595
768012496.94601,2.798366
768012499.4338939,2.4264159999999997
768012501.515633,2.024019
768012503.913779,2.339284
768012506.23727,2.2652509999999997
768012508.555865,2.257037
768012510.805143,2.189033
768012513.62282,2.760093
768012515.764794,2.081257
768012518.207252,2.383977
768012520.860827,2.595234
768012523.2213401,2.299209
768012525.668955,2.389721
768012528.056996,2.3269290000000002
768012530.153193,2.0346930000000003
768012532.7891871,2.578217
768012535.4398811,2.59492
768012537.923587,2.430903
768012540.049877,2.0708089999999997
768012542.084283,1.979049
768012544.1981231,2.061239
768012546.3225,2.063064
768012548.539183,2.158583
768012550.765733,2.165759
768012553.400605,2.568918
768012555.86316,2.401112
768012558.043798,2.1227989999999997
768012560.310046,2.204689
768012562.455312,2.084695
768012564.6484851,2.134606
768012566.680979,1.971446
768012568.788702,2.049388
768012570.9387,2.0657259999999997
768012573.254628,2.257738
768012575.5342879,2.218417
768012577.40971,1.82389
768012579.1191571,1.654507
768012581.048268,1.870818
768012582.832565,1.7290050000000001
768012584.7724481,1.8816620000000002
768012586.604516,1.757313
768012588.3901709,1.733121
768012590.0775,1.63269
768012591.908831,1.778981
768012593.690027,1.729015
768012595.435547,1.690369
768012597.2224599,1.708499
768012598.9323081,1.654499
768012600.6462001,1.6613330000000002
768012602.385466,1.689335
768012604.222155,1.788996
768012605.877951,1.594594
768012607.639839,1.69583
768012609.495171,1.7967650000000002
768012611.14523,1.589561
768012612.866202,1.673767
768012614.5480931,1.6369500000000001
768012616.279169,1.683352
768012617.965396,1.636046
768012619.6189691,1.6058459999999999
768012621.910061,2.243509
768012624.178613,2.21819
768012626.347108,2.107545
768012628.326281,1.931511
768012630.288942,1.9118469999999999
768012632.4357079,2.098613
768012635.0007521,2.514467
768012637.250677,2.191744
768012639.356331,2.044446
768012641.645472,2.231713
768012643.983487,2.277329
768012646.078477,2.0113269999999996
768012648.257383,2.1242560000000004
768012650.312985,2.000365
768012652.194556,1.8293249999999999
768012654.3471589,2.09787
768012656.494454,2.089127
768012658.744219,2.1942630000000003
768012661.063326,2.261263
768012663.516474,2.397318
768012665.780615,2.212317
768012667.95899,2.122925
768012670.176309,2.136416
768012672.2064639,1.968941
768012674.505723,2.249291
768012676.518625,1.9648920000000003
768012678.507055,1.919086
768012680.595782,2.030327
768012682.297269,1.651049
768012684.100231,1.75534
768012686.015362,1.864803
768012687.954323,1.8809960000000001
768012689.7459259,1.691956
768012691.862315,2.0548659999999996
768012693.821748,1.9011779999999998
768012695.646989,1.764775
768012697.3691701,1.664036
768012699.5960209,2.1805499999999998
768012701.923347,2.28292
768012703.931527,1.9620630000000001
768012705.873918,1.898555
768012707.6106759,1.69057
768012709.402383,1.739405
768012711.514374,2.057227
768012713.02466,1.458137
768012714.6253179,1.52766
768012716.1688739,1.485467
768012717.9886479,1.7607490000000001
768012719.868736,1.828111
768012722.025021,2.104444
768012723.7106781,1.6248070000000001
768012725.794435,2.0396300000000003
768012727.7311951,1.87623
768012729.297493,1.522135
768012731.1450961,1.8014400000000002
768012732.71805,1.528811
768012734.8088051,2.03561
768012736.519809,1.641135
768012738.492841,1.898924
768012740.608108,2.063241
768012742.237406,1.574515
768012743.559644,1.2701959999999999
768012745.516813,1.915627
768012748.140859,2.5723819999999997
768012750.217996,2.027174
768012752.39641,2.130486
768012754.6445701,2.198391
768012756.427262,1.724561
768012758.222709,1.7348299999999999
768012759.8252311,1.551132
768012761.327981,1.45334
768012763.21007,1.825211
768012765.118349,1.860929
768012766.973487,1.805526
768012768.815364,1.802976
768012770.679821,1.814762
768012772.6864649,1.95975
768012774.5126859,1.7762609999999999
768012776.9193779,2.358719
768012779.021223,2.033345
768012780.994543,1.914318
768012783.458156,2.402085
768012785.624872,2.108706
768012788.183586,2.497943
768012790.694208,2.44945
768012792.894006,2.141437
768012794.975729,2.020871
768012796.93163,1.8917300000000001
768012798.834005,1.851253
768012800.770671,1.87859
768012802.545555,1.714172
768012804.682971,2.079455
768012806.582888,1.850245
768012808.553913,1.92253
768012810.990681,2.3759609999999998
768012813.739064,2.700352
768012815.6627381,1.85237
768012817.566167,1.855434
768012819.472563,1.8455469999999998
768012821.0513029,1.526255
768012823.153815,2.041309
768012825.581143,2.369494
768012828.248142,2.605951
768012830.52219,2.221255
768012833.238526,2.644384
768012835.581318,2.268789
768012838.376138,2.7366800000000002
768012840.8175989,2.383446
768012843.484034,2.59769
768012846.041149,2.4989
768012848.794166,2.691338
768012851.439397,2.5839019999999997
768012854.529217,3.031725
768012857.172619,2.581112
768012859.887371,2.653194
768012862.7367721,2.791301
768012865.363249,2.567735
768012868.1549909,2.73058
768012870.886888,2.6736619999999998
768012873.567902,2.622718
768012876.2379,2.608249
768012878.8760489,2.579327
768012881.557203,2.6228279999999997
768012884.612118,2.993136
768012887.381959,2.711801
768012890.1655769,2.7257879999999997
768012893.02687,2.7997349999999996
768012895.83683,2.748004
768012898.791451,2.8730409999999997
768012901.500946,2.6512749999999996
768012903.8199769,2.257091
768012906.089597,2.21124
768012908.326517,2.175547
768012910.6808,2.293467
768012912.76329,2.024044
768012914.781381,1.956461
768012917.06965,2.230259
768012919.175404,2.044351
768012921.687876,2.454506
768012923.995645,2.246241
768012925.928996,1.8442479999999999
768012927.686661,1.713778
768012929.864223,2.1332
768012931.65521,1.730737
768012934.261243,2.561734
768012936.5461891,2.2237289999999996
768012938.67828,2.052626
768012940.383513,1.647732
768012942.016635,1.578258
768012943.52194,1.452793
768012945.492846,1.9132369999999999
768012947.4931539,1.945414
768012948.906158,1.354872
768012950.2920431,1.331281
768012952.042946,1.6991930000000002
768012953.8782101,1.7719669999999998
768012955.822899,1.896425
768012957.950349,2.068683
768012959.896388,1.885289
768012961.840708,1.896785
768012963.5070449,1.6166889999999998
768012964.9848219,1.424717
768012966.722468,1.686232
768012968.699753,1.9291530000000001
768012970.68857,1.94092
768012972.555503,1.819037
768012974.728073,2.121356
768012976.8360571,2.049233
768012979.302587,2.405392
768012981.464783,2.1039470000000002
768012983.413591,1.893632
768012985.662142,2.1973420000000004
768012988.176754,2.453725
768012990.564661,2.32702
768012993.113577,2.490325
768012995.294236,2.118855
768012998.483098,3.130726
768013001.2495899,2.708056
768013003.8829061,2.5719380000000003
768013005.890298,1.9547369999999997
768013007.831219,1.879051
768013009.894053,2.0047289999999998
768013012.240803,2.284846
768013014.42486,2.122924
768013016.667643,2.1845380000000003
768013018.8599141,2.131404
768013020.802402,1.8843880000000002
768013022.725441,1.8594110000000001
768013024.397139,1.6090220000000002
768013026.2232909,1.751763
768013028.159161,1.883379
768013029.667779,1.4483009999999998
768013032.121067,2.401158
768013033.800089,1.62399
768013035.406526,1.554171
768013037.065162,1.6062349999999999
768013038.876193,1.749497
768013040.6651621,1.735997
768013042.1696811,1.452083
768013043.891412,1.663138
768013045.540898,1.5906500000000001
768013047.215112,1.6127310000000001
768013049.346877,2.0735390000000002
768013051.481213,2.073223
768013053.690618,2.1517760000000004
768013055.444523,1.6924620000000001
768013057.2408761,1.7382229999999999
768013059.229132,1.929815
768013061.00369,1.715832
768013062.686534,1.6217270000000001
768013064.34859,1.6040150000000002
768013065.922505,1.512387
768013067.641804,1.6612090000000002
768013069.185494,1.485138
768013070.8361989,1.589031
768013072.691465,1.79697
768013074.544871,1.792229
768013076.290887,1.688021
768013078.318018,1.965803
768013080.261209,1.885246
768013082.216382,1.8936300000000001
768013084.078173,1.8039910000000001
768013085.999483,1.859877
768013088.024294,1.965993
768013089.951316,1.8622420000000002
768013091.628568,1.619206
768013093.674237,1.9869229999999998
768013095.67241,1.9366100000000002
768013097.437516,1.707276
768013099.383273,1.8838469999999998
768013101.5446061,2.103218
768013103.477904,1.87199
768013105.293869,1.757704
768013107.156016,1.801199
768013108.9987221,1.784822
768013110.753539,1.69381
768013112.8988149,2.0868599999999997
768013114.6622821,1.705763
768013116.772166,2.0512070000000002
768013118.556742,1.723429
768013120.5282589,1.91319
768013122.633201,2.0433640000000004
768013124.357492,1.665789
768013126.383796,1.96458
768013128.207182,1.765071
768013130.138635,1.870336
768013132.084051,1.886383
768013133.9841361,1.838101
768013136.166258,2.123666
768013138.340166,2.112485
768013140.359905,1.96194
768013142.4066169,1.9850789999999998
768013144.1990069,1.734104
768013146.134259,1.8733980000000001
768013147.834308,1.641834
768013149.626241,1.733738
768013151.534726,1.8469719999999998
768013153.229964,1.637739
768013155.204458,1.913381
768013157.235312,1.9731699999999999
768013159.2895811,1.97526
768013161.178536,1.830733
768013163.4209579,2.184432
768013165.4239379,1.944805
768013167.235266,1.749895
768013169.213163,1.920056
768013171.186488,1.911311
768013173.136871,1.8924079999999999
768013174.9956499,1.797096
768013176.981761,1.928306
768013178.942548,1.898777
768013180.692764,1.6917449999999998
768013182.444929,1.69379
768013184.377645,1.874686
768013186.698606,2.259347
768013189.0291791,2.272773
768013191.2867459,2.197042
768013193.5511501,2.2065639999999997
768013195.770674,2.1582369999999997
768013197.6982529,1.8696789999999999
768013199.801075,2.044366
768013202.0533309,2.193935
768013204.026947,1.9121679999999999
768013206.050009,1.9595630000000002
768013207.994467,1.863495
768013210.161158,2.081387
768013212.245372,2.025582
768013214.162432,1.8557569999999999
768013216.364826,2.144409
768013218.633721,2.20658
768013220.542261,1.8505500000000001
768013222.2949381,1.691415
768013224.050577,1.697453
768013225.784094,1.671117
768013227.9178779,2.075734
768013230.165568,2.189635
768013232.35624,2.1296399999999998
768013234.377918,1.96014
768013236.750128,2.314396
768013238.836442,2.025462
768013240.857388,1.962831
768013242.8777131,1.958636
768013245.102229,2.166175
768013247.8700801,2.705902
768013250.344708,2.416488
768013252.840045,2.4375769999999997
768013255.2103161,2.309494
768013257.390348,2.109824
768013259.407075,1.954823
768013261.5657929,2.100512
768013263.734443,2.106486
768013266.130473,2.338511
768013267.971862,1.7827920000000002
768013270.0668709,2.0125870000000003
768013272.339839,2.2114249999999998
768013274.322993,1.922703
768013276.600302,2.21954
768013278.4105179,1.749203
768013280.727634,2.2591170000000003
768013282.673025,1.8843880000000002
768013284.753896,2.022536
768013286.7854019,1.970299
768013288.910687,2.0678099999999997
768013290.8314799,1.859035
768013292.799884,1.909763
768013294.766795,1.9054129999999998
768013296.893308,2.0679510000000003
768013299.1693441,2.214022
768013301.304156,2.076938
768013303.526036,2.1610169999999997
768013305.4669911,1.883036
768013307.679028,2.151054
768013310.0944581,2.357441
768013312.31741,2.1616999999999997
768013314.310071,1.93441
768013316.230057,1.860879
768013318.514432,2.223157
768013320.594832,2.022685
768013322.738725,2.082114
768013324.733561,1.9366999999999999
768013326.99367,2.199167
768013328.9843811,1.9332170000000002
768013331.2180029,2.171883
768013333.105173,1.829075
768013335.467705,2.3003720000000003
768013337.775495,2.249259
768013340.0333791,2.196216
768013342.2449701,2.1510700000000003
768013344.204384,1.900863
768013346.3310571,2.0657710000000002
768013348.382108,1.993117
768013350.366911,1.923981
768013352.243657,1.818555
768013354.40045,2.095856
768013356.76877,2.3104810000000002
768013358.782635,1.95178
768013360.801036,1.960656
768013362.729803,1.867399
768013364.547045,1.7587460000000001
768013366.572257,1.9637140000000002
768013368.519883,1.889139
768013370.552356,1.971441
768013372.734513,2.124518
768013374.9026071,2.107308
768013377.1411209,2.1802129999999997
768013379.3253629,2.122753
768013381.0405719,1.657365
768013382.9473779,1.8483049999999999
768013384.696822,1.691594
768013386.525075,1.76695
768013388.453662,1.870487
768013390.3972131,1.881988
768013392.2895,1.834618
768013394.416659,2.0473980000000003
768013396.2882481,1.812807
768013398.121477,1.771791
768013399.8516021,1.671659
768013401.569778,1.659199
768013403.3264791,1.6951729999999998
768013405.159915,1.7755850000000002
768013407.389282,2.1673080000000002
768013409.385942,1.9388
768013411.372549,1.925545
768013413.621457,2.191168
768013415.779362,2.096603
768013418.048843,2.210508
768013419.783337,1.676404
768013421.507497,1.6657440000000001
768013423.380209,1.811464
768013425.140879,1.703091
768013427.125812,1.924256
768013428.930956,1.746132
768013430.6675811,1.675091
768013432.84229,2.1166039999999997
768013434.811336,1.907082
768013436.55425,1.684969
768013438.394601,1.779204
768013440.4868491,2.034027
768013442.549282,2.000735
768013444.562471,1.9545220000000003
768013446.656899,2.032469
768013448.554484,1.838653
768013450.3659331,1.749745
768013452.2115561,1.787644
768013454.226153,1.9539499999999999
768013456.161886,1.877662
768013458.079577,1.855066
768013460.037923,1.9001910000000002
768013462.281919,2.180829
768013464.229209,1.889621
768013466.2049199,1.914303
768013467.9665431,1.703397
768013469.764139,1.714979
768013471.801429,1.9754260000000001
768013473.588235,1.729022
768013475.377803,1.728045
768013477.182215,1.746101
768013479.552045,2.3082749999999996
768013481.477188,1.867108
768013483.750914,2.212123
768013485.7110851,1.9017789999999999
768013487.676993,1.907011
768013489.565998,1.831686
768013491.41105,1.783744
768013493.705068,2.235682
768013495.6448351,1.881116
768013498.0811391,2.377838
768013500.402932,2.260399
768013502.771187,2.3096789999999996
768013505.173326,2.343939
768013507.591884,2.357711
768013509.907206,2.2571570000000003
768013512.028086,2.0624029999999998
768013513.98815,1.896306
768013515.918907,1.871358
768013517.6760789,1.699087
768013519.8273699,2.089546
768013521.997193,2.111793
768013524.248386,2.188948
768013526.175604,1.865505
768013528.224581,1.9673770000000002
768013530.5000451,2.214156
768013532.646043,2.0882180000000004
768013534.570119,1.862417
768013536.861245,2.2323939999999998
768013538.7724011,1.8499079999999999
768013540.781746,1.9502670000000002
768013542.702183,1.8590200000000001
768013544.929906,2.169172
768013546.80562,1.814446
768013548.902669,2.0391290000000004
768013550.874386,1.910464
768013552.632911,1.7002549999999998
768013554.487615,1.793301
768013556.4518449,1.904621
768013558.322998,1.8090490000000001
768013560.264003,1.88304
768013562.097774,1.7723229999999999
768013563.915808,1.759789
768013565.9572229,1.9833450000000001
768013567.98679,1.9687009999999998
768013569.958883,1.888654
768013572.02507,2.003406
768013574.157105,2.068422
768013576.245444,2.030223
768013578.034495,1.726501
768013580.2724221,2.1793709999999997
768013582.195892,1.8615059999999999
768013584.034053,1.780146
768013585.838555,1.741601
768013587.61596,1.719534
768013589.633288,1.9590929999999998
768013591.579651,1.885141
768013593.5260739,1.8881080000000001
768013595.388145,1.801064
768013597.6335549,2.187114
768013599.593174,1.901939
768013601.41627,1.764885
768013603.4564869,1.9793200000000002
768013605.659863,2.1452910000000003
768013607.841339,2.119967
768013609.9223961,2.02249
768013611.73836,1.757899
768013613.562989,1.7663589999999998
768013615.723551,2.099625
768013617.5532969,1.771841
768013619.5840119,1.968595
768013622.000018,2.340846
768013624.254534,2.192897
768013626.103801,1.790846
768013628.167758,2.0058659999999997
768013630.438305,2.2090389999999998
768013632.713073,2.217068
768013634.6525,1.87839
768013636.672299,1.961664
768013638.483312,1.749209
768013640.698315,2.157059
768013642.702598,1.943085
768013644.7204529,1.9587459999999999
768013646.887735,2.10619
768013649.123934,2.178645
768013651.0347741,1.8494920000000001
768013653.070866,1.978222
768013655.359461,2.226957
768013657.592687,2.175006
768013659.512453,1.858278
768013661.4394511,1.869344
768013663.748929,2.247705
768013665.573027,1.7659369999999999
768013667.428995,1.7978619999999998
768013669.2816449,1.794298
768013671.056478,1.713125
768013673.2067009,2.092689
768013675.377431,2.1095580000000003
768013677.632112,2.1965510000000004
768013679.819386,2.125736
768013682.0300399,2.152207
768013684.248877,2.1603820000000002
768013686.550473,2.240078
768013688.33109,1.722732
768013690.3443791,1.95143
768013692.423817,2.021684
768013694.4644389,1.9774900000000002
768013696.685672,2.163328
768013698.871383,2.1231739999999997
768013701.060561,2.131053
768013703.414603,2.2927239999999998
768013705.604298,2.131549
768013707.894041,2.228801
768013709.934037,1.9813600000000002
768013712.047363,2.0554769999999998
768013713.9864589,1.877267
768013716.2722579,2.227408
768013718.033946,1.700305
768013719.755455,1.6632140000000002
768013721.585101,1.771481
768013723.597478,1.951315
768013725.450248,1.794555
768013727.4507619,1.93868
768013729.787084,2.278197
768013731.767557,1.921741
768013733.596802,1.771366
768013735.497143,1.83954
768013737.626953,2.0720460000000003
768013739.587639,1.899283
768013741.596192,1.949886
768013743.49981,1.8422049999999999
768013745.51116,1.9533189999999998
768013748.253687,2.680999
768013750.6994181,2.38332
768013753.055279,2.297651
768013754.983475,1.867379
768013757.3158071,2.274797
768013759.308583,1.9315529999999999
768013761.312906,1.9467180000000002
768013763.399871,2.025462
768013765.465602,2.0076159999999996
768013767.5056231,1.9787540000000001
768013769.448092,1.884359
768013771.7498369,2.241059
768013773.729177,1.921671
768013776.191542,2.40449
768013778.066954,1.813343
768013780.125474,2.000459
768013782.05176,1.864929
768013784.238538,2.1287670000000003
768013786.352501,2.052736
768013788.5214369,2.110776
768013790.779356,2.1960949999999997
768013793.012222,2.1738030000000004
768013794.891819,1.817498
768013797.10795,2.158141
768013799.116498,1.946724
768013801.066901,1.892011
768013803.103609,1.9790290000000001
768013805.371766,2.209992
768013807.611492,2.177646
768013809.799463,2.128908
768013811.9967251,2.136285
768013814.230868,2.152057
768013816.5202401,2.2309360000000003
768013818.4240639,1.8419599999999998
768013820.457124,1.9748949999999998
768013822.6045849,2.086204
768013824.321198,1.658528
768013826.669873,2.287413
768013828.714835,1.9870780000000001
768013830.632717,1.8560180000000002
768013832.646978,1.9558700000000002
768013834.509791,1.80123
768013836.500207,1.932646
768013838.674291,2.112992
768013840.581232,1.849327
768013842.621684,1.9794100000000001
768013844.852685,2.173412
768013846.7356249,1.8215519999999998
768013848.997824,2.180408
768013851.29342,2.233371
768013853.260486,1.907943
768013855.150092,1.827942
768013857.396093,2.187264
768013859.372446,1.8979000000000001
768013861.220956,1.7903140000000002
768013863.354319,2.071875
768013865.366781,1.954753
768013867.508298,2.080149
768013869.5881621,2.021724
768013872.205407,2.555436
768013874.559304,2.294704
768013876.552562,1.935006
768013878.587321,1.9729359999999998
768013880.835026,2.189074
768013882.826529,1.9297739999999999
768013884.576665,1.691961
768013886.524612,1.8868800000000001
768013888.658381,2.075003
768013890.8656119,2.145887
768013892.8254011,1.901424
768013894.933225,2.046076
768013896.8939509,1.902496
768013899.2208151,2.265902
768013901.111042,1.8315549999999998
768013903.198103,2.025613
768013905.4400791,2.183635
768013907.765841,2.264955
768013909.977,2.1523570000000003
768013912.264448,2.2286010000000003
768013914.4231751,2.0971140000000004
768013916.9255079,2.444614
768013919.056446,2.068969
768013921.058374,1.944128
768013922.892616,1.772799
768013925.065542,2.113356
768013927.118302,1.9909060000000003
768013929.4550741,2.278521
768013931.769039,2.252425
768013934.074909,2.2478089999999997
768013935.979179,1.845788
768013938.0498309,1.9870030000000003
768013940.2663231,2.155265
768013942.602479,2.2743569999999997
768013944.75649,2.09537
768013947.0921249,2.273641
768013949.47112,2.3204990000000003
768013951.4855419,1.952667
768013953.482748,1.939051
768013955.4272369,1.8826640000000001
768013957.615513,2.130743
768013959.740131,2.0665929999999997
768013961.723711,1.925078
768013963.760584,1.9757609999999999
768013965.970552,2.1522170000000003
768013968.173833,2.141578
768013970.372589,2.1368720000000003
768013972.433338,2.0025239999999997
768013974.3681439,1.872471
768013976.4591789,2.032844
768013978.362913,1.84189
768013980.2066569,1.78583
768013982.545168,2.27759
768013984.5454869,1.942313
768013986.591366,1.984572
768013988.5672129,1.917656
768013990.600889,1.972825
768013992.7897121,2.131174
768013994.922158,2.071279
768013997.853174,2.8725
768014000.2888869,2.373894
768014002.6433749,2.293932
768014004.274389,1.572823
768014006.5607691,2.2316480000000003
768014008.769328,2.150404
768014010.9944,2.16397
768014012.943805,1.8908939999999999
768014015.1974139,2.19206
768014017.4634811,2.2080480000000002
768014019.55191,2.0276069999999997
768014021.340505,1.7308860000000001
768014023.666051,2.2629400000000004
768014025.610976,1.8866340000000001
768014027.712716,2.0396300000000003
768014029.722942,1.95174
768014031.767218,1.9820110000000002
768014034.11437,2.288755
768014036.117059,1.941482
768014038.231283,2.052931
768014040.109291,1.820019
768014042.307967,2.136035
768014044.177967,1.811609
768014046.283406,2.042563
768014048.3237381,1.982327
768014050.275629,1.890989
768014052.190067,1.856569
768014053.97089,1.719119
768014056.267478,2.238659
768014058.178795,1.849221
768014060.190094,1.953089
768014062.086856,1.834633
768014064.082674,1.937713
768014066.196743,2.052095
768014068.415691,2.160446
768014070.642532,2.164887
768014072.807218,2.10621
768014074.9754081,2.106901
768014077.114314,2.080997
768014079.1717099,1.9958380000000002
768014081.2262961,1.996078
768014083.424546,2.136646
768014085.6719899,2.189384
768014087.750601,2.017198
768014089.669139,1.860523
768014091.489464,1.762063
768014093.3259159,1.778316
768014095.5878279,2.200735
768014097.862922,2.216888
768014099.763894,1.822951
768014101.7612159,1.9388109999999998
768014103.990758,2.168069
768014105.881406,1.805294
768014107.7764701,1.837289
768014110.1001611,2.2657160000000003
768014112.2946969,2.133739
768014114.351372,1.995026
768014116.325169,1.9159570000000001
768014118.2178221,1.83103
768014120.1568129,1.8810149999999999
768014122.9741141,2.755803
768014125.670428,2.637843
768014128.23198,2.500173
768014130.803614,2.513614
768014133.2307781,2.368817
768014135.5677,2.2748030000000004
768014137.860996,2.235276
768014139.977996,2.055923
768014141.9479539,1.882143
768014144.240589,2.234308
768014146.356597,2.0548200000000003
768014148.41926,2.004358
768014150.2081571,1.727814
768014151.911764,1.6456680000000001
768014153.7154499,1.745681
768014155.416531,1.639428
768014157.5655761,2.0907389999999997
768014159.814704,2.18777
768014162.012864,2.1392130000000003
768014164.105422,2.033817
768014165.8664379,1.699798
768014167.796619,1.871764
768014169.592235,1.7374610000000001
768014171.9264619,2.272804
768014174.156149,2.170926
768014176.406094,2.188351
768014178.17957,1.688438
768014180.171454,1.933382
768014181.8920059,1.659464
768014183.735284,1.784831
768014185.946238,2.152663
768014187.919463,1.912399
768014190.08853,2.111101
768014192.386025,2.237085
768014194.368307,1.9203379999999999
768014196.46061,2.034473
768014198.468742,1.9468239999999999
768014200.57219,2.044972
768014202.708205,2.074682
768014204.6610589,1.8942919999999999
768014206.983513,2.261307
768014209.162357,2.1208139999999998
768014211.364035,2.140319
768014213.327718,1.905423
768014215.37666,1.9873629999999998
768014217.190459,1.7560550000000001
768014218.9884161,1.7398369999999999
768014220.6872729,1.640707
768014222.776919,2.028223
768014224.3745,1.539641
768014226.282619,1.846786
768014228.369965,2.029271
768014230.243819,1.812667
768014232.490983,2.1888870000000002
768014234.175055,1.6225429999999998
768014236.054497,1.821553
768014238.1233201,2.006188
768014240.223822,2.042377
768014241.9193859,1.633841
768014243.669207,1.691665
768014245.391408,1.664085
768014247.4738721,2.0210969999999997
768014249.116313,1.5848200000000001
768014250.740721,1.562705
768014252.625981,1.8269950000000001
768014254.3152349,1.629059
768014256.47715,2.103794
768014258.564587,2.026174
768014260.287299,1.665208
768014261.9850479,1.636877
768014263.746946,1.703938
768014265.956903,2.1524780000000003
768014268.1850071,2.1665360000000002
768014270.351843,2.105814
768014272.620467,2.210378
768014274.576126,1.893855
768014276.473986,1.8397789999999998
768014278.226473,1.6913589999999998
768014279.885918,1.601018
768014281.898971,1.9553539999999998
768014284.06667,2.107198
768014286.211946,2.084304
768014288.111149,1.841093
768014289.807099,1.634938
768014292.072971,2.207656
768014293.852796,1.71752
768014295.6645011,1.753483
768014297.628219,1.905082
768014300.051688,2.361836
768014302.257746,2.141146
768014304.173101,1.85699
768014306.300987,2.066292
768014308.4577299,2.098247
768014310.140484,1.621747
768014312.151427,1.953089
768014313.969341,1.756872
768014316.043321,2.016125
768014317.80739,1.701513
768014319.583858,1.7181659999999999
768014321.410347,1.76853
768014323.168557,1.696561
768014325.156757,1.9297749999999998
768014327.109024,1.8911740000000001
768014328.837935,1.584495
768014330.89042,1.9945499999999998
768014333.063035,2.114861
768014335.243488,2.119321
768014337.1992481,1.8974739999999999
768014339.479303,2.218236
768014341.7286919,2.191624
768014343.8657291,2.0754279999999996
768014345.837831,1.913997
768014347.726951,1.83145
768014349.799027,2.014221
768014351.772032,1.910219
768014354.0122689,2.182017
768014356.2611569,2.186296
768014358.293565,1.971161
768014360.27115,1.9196250000000001
768014362.020409,1.688056
768014363.979702,1.900576
768014366.2026949,2.137282
768014368.160344,1.896633
768014369.9490501,1.727494
768014372.651865,2.64493
768014375.056671,2.343729
768014377.379756,2.264444
768014379.7584009,2.3168059999999997
768014382.180527,2.36401
768014384.1893301,1.9474360000000002
768014386.0505899,1.799592
768014388.112231,2.003777
768014390.0556921,1.881442
768014391.876543,1.763151
768014394.134431,2.199773
768014396.1578039,1.9611020000000001
768014398.1528051,1.933478
768014400.293631,2.082956
768014402.559553,2.204419
768014404.435241,1.816811
768014406.4724411,1.9752250000000002
768014408.184899,1.654128
768014410.347631,2.1015
768014412.502751,2.0967379999999998
768014414.772316,2.20701
768014417.042949,2.2115099999999996
768014419.191433,2.087211
768014421.164714,1.9156069999999998
768014423.233958,2.007922
768014425.346563,2.054244
768014427.19826,1.793427
768014429.053601,1.7977519999999998
768014431.316993,2.2025989999999998
768014433.546294,2.17048
768014435.7681891,2.1597999999999997
768014438.169572,2.343137
768014439.892594,1.66198
768014441.6203829,1.6697389999999999
768014443.48686,1.80536
768014445.808332,2.2629210000000004
768014448.1132201,2.243109
768014450.272499,2.097962
768014452.0399159,1.7098669999999998
768014454.2683849,2.1651219999999998
768014456.121812,1.7942189999999998
768014457.797585,1.614531
768014459.678144,1.822514
768014461.551146,1.814902
768014463.6477541,2.034653
768014465.8291451,2.122783
768014467.808259,1.917856
768014470.0849661,2.218206
768014472.109737,1.9667949999999998
768014473.955666,1.78444
768014475.860376,1.846435
768014478.111434,2.193108
768014480.0925629,1.919716
768014481.965194,1.811123
768014484.1357391,2.112029
768014486.2930781,2.095285
768014488.212639,1.861726
768014490.395734,2.1218470000000003
768014492.327042,1.849197
768014494.3863579,1.9977430000000003
768014496.687447,2.243104
768014499.11917,2.368882
768014501.492663,2.315568
768014503.6355289,2.080665
768014505.792006,2.0986580000000004
768014507.984933,2.1317049999999997
768014510.207193,2.140415
768014512.4701439,2.205215
768014514.420341,1.888533
768014516.153512,1.675142
768014518.443736,2.228565
768014520.336704,1.835344
768014522.106561,1.708895
768014524.159738,1.995517
768014526.3154681,2.094017
768014528.525185,2.15145
768014530.7359589,2.1490910000000003
768014532.8357041,2.0419460000000003
768014535.3107389,2.413751
768014537.399904,2.0311660000000002
768014539.390375,1.928943
768014541.198085,1.749715
768014543.528492,2.272412
768014545.135319,1.549007
768014546.796824,1.59921
768014548.4850299,1.630181
768014550.188558,1.6422450000000002
768014552.06167,1.814736
768014554.303391,2.178915
768014556.186807,1.8254460000000001
768014558.144071,1.89601
768014560.255984,2.0531870000000003
768014562.5343499,2.199061
768014564.790013,2.196651
768014566.788257,1.935748
768014568.8067681,1.9602500000000003
768014570.751718,1.883988
768014572.464287,1.654393
768014574.6453921,2.119727
768014576.521922,1.818505
768014578.425525,1.8424310000000002
768014580.639111,2.155295
768014582.809701,2.108962
768014585.072,2.2036870000000004
768014587.095647,1.96226
768014589.157384,2.003646
768014591.2005221,1.9817099999999999
768014593.22412,1.9656679999999997
768014595.427176,2.141478
768014597.156564,1.6703899999999998
768014599.041859,1.827326
768014600.7771411,1.677582
768014602.856508,2.017669
768014604.636639,1.72193
768014606.996264,2.297876
768014609.211012,2.1562669999999997
768014611.500149,2.2273430000000003
768014613.408038,1.849969
768014615.070961,1.6015599999999999
768014616.823818,1.694767
768014618.717644,1.836351
768014620.670386,1.8951280000000001
768014622.970233,2.2381469999999997
768014624.9205949,1.892789
768014626.863891,1.881958
768014629.0752361,2.15366
768014631.326769,2.190181
768014633.410602,2.0246999999999997
768014635.4244621,1.952261
768014637.275022,1.792555
768014639.246063,1.909893
768014641.424641,2.120679
768014643.603867,2.118027
768014645.836556,2.174835
768014647.679384,1.7820500000000001
768014649.650991,1.913166
768014651.5533969,1.843995
768014653.523841,1.911783
768014655.25391,1.668466
768014657.397628,2.085046
768014659.3673251,1.907953
768014661.5613,2.135519
768014663.732742,2.11017
768014665.6859109,1.8954950000000002
768014667.6513629,1.907187
768014669.7335069,2.0244
768014671.615956,1.820565
768014673.439989,1.765562
768014675.615842,2.114741
768014677.618466,1.94482
768014679.362532,1.682137
768014681.237509,1.817037
768014683.0694159,1.770804
768014685.2711229,2.143312
768014687.078743,1.746398
768014689.295841,2.158637
768014691.273041,1.915737
768014693.079353,1.7488130000000002
768014694.832952,1.692317
768014696.83085,1.9400190000000002
768014698.573639,1.6840970000000002
768014700.845239,2.213636
768014703.03565,2.128948
768014704.791229,1.6976090000000001
768014706.538684,1.686177
768014708.60256,2.0060719999999996
768014710.386931,1.723304
768014712.1529341,1.707532
768014714.078498,1.86361
768014716.425935,2.289131
768014718.350628,1.86355
768014720.107885,1.699734
768014722.0133979,1.8443859999999999
768014723.936432,1.865083
768014725.883141,1.8877659999999998
768014727.912001,1.9680890000000002
768014729.9097741,1.939848
768014732.0702001,2.0990879999999996
768014733.9998391,1.868762
768014735.983935,1.9261460000000001
768014737.843721,1.7766730000000002
768014739.976072,2.071068
768014742.217112,2.160236
768014744.41681,2.138064
768014746.578344,2.099765
768014749.083493,2.4468189999999996
768014751.5011129,2.3561170000000002
768014754.134356,2.575168
768014756.3582749,2.166135
768014758.538628,2.118474
768014760.8514651,2.2547219999999997
768014762.7031381,1.790725
768014764.8512759,2.0896719999999998
768014767.088817,2.175687
768014769.1351681,1.98801
768014771.127808,1.931187
768014773.198691,2.012126
768014774.976933,1.716588
768014776.698868,1.663755
768014778.790459,2.033341
768014781.01486,2.1661889999999997
768014783.0119009,1.935748
768014785.1818889,2.1122889999999996
768014787.347929,2.105218
768014789.2036711,1.797497
768014791.327407,2.0627750000000002
768014793.953142,2.5496630000000002
768014796.24966,2.234569
768014798.477584,2.167208
768014800.569546,2.033747
768014802.670038,2.038758
768014804.915322,2.186818
768014807.13833,2.159926
768014809.3952161,2.198515
768014811.565811,2.0860879999999997
768014813.728308,2.10399
768014815.917541,2.128151
768014818.1803659,2.205166
768014820.032845,1.791292
768014821.769395,1.671758
768014823.966471,2.1390409999999997
768014826.168249,2.1104600000000002
768014828.371936,2.141186
768014830.343227,1.9095469999999999
768014832.080619,1.67921
768014834.0004901,1.858549
768014835.889168,1.8301669999999999
768014837.738806,1.791668
768014839.9258289,2.1256600000000003
768014842.109771,2.125745
768014844.0733789,1.901343
768014845.99097,1.856529
768014847.829803,1.780086
768014850.115617,2.227462
768014852.48738,2.3098039999999997
768014854.6648209,2.115978
768014856.774159,2.049955
768014858.549278,1.714007
768014860.8896741,2.282064
768014862.964686,2.012422
768014864.9185671,1.895474
768014867.183206,2.203586
768014869.433552,2.1924010000000003
768014872.071861,2.576405
768014874.707805,2.5769819999999997
768014877.280677,2.5146970000000004
768014879.8124579,2.469977
768014882.157039,2.286495
768014884.143014,1.927374
768014886.2706491,2.0655159999999997
768014888.152838,1.8236269999999999
768014890.212841,1.9980789999999997
768014892.2199199,1.949109
768014894.597598,2.316971
768014896.851216,2.195503
768014898.863883,1.951525
768014900.914148,1.9925400000000002
768014903.159257,2.1840219999999997
768014905.118345,1.900726
768014907.250395,2.070713
768014909.3757399,2.066016
768014911.389454,1.9548569999999998
768014913.621037,2.1736020000000003
768014915.6402739,1.9572980000000002
768014917.383474,1.6848189999999998
768014919.397239,1.951886
768014921.8385509,2.3831450000000003
768014924.065687,2.165107
768014926.262784,2.138565
768014928.416325,2.095155
768014930.640891,2.163027
768014932.721451,2.022445
768014934.993307,2.2102530000000002
768014937.04064,1.988546
768014938.989338,1.887551
768014941.085741,2.037886
768014943.032409,1.88507
768014945.150207,2.059421
768014947.132102,1.919916
768014949.55933,2.369238
768014951.616025,1.995728
768014953.512437,1.838176
768014955.308134,1.734775
768014957.5628151,2.195693
768014959.822096,2.196926
768014962.007576,2.12768
768014964.0995381,2.034193
768014965.870728,1.7096419999999999
768014968.073534,2.145076
768014970.280699,2.145126
768014972.233658,1.8950989999999999
768014974.3361291,2.039755
768014976.5673959,2.173
768014978.721091,2.092703
768014980.570098,1.790099
768014982.293005,1.66166
768014984.243733,1.892452
768014986.145267,1.8400859999999999
768014987.947008,1.74322
768014990.20445,2.175582
768014992.054579,1.787994
768014994.1840891,2.067851
768014996.742126,2.4999369999999996
768014998.750578,1.946739
768015000.673682,1.865099
768015002.642102,1.906475
768015004.359161,1.6588079999999998
768015006.387876,1.9665960000000002
768015008.546333,2.100798
768015010.820981,2.2128579999999998
768015013.037042,2.158802
768015015.229578,2.13155
768015017.180767,1.8912550000000001
768015019.240128,1.995969
768015021.287872,1.989659
768015023.483205,2.1330080000000002
768015025.673085,2.132036
768015027.67602,1.944122
768015029.7112241,1.976799
768015032.1119001,2.3396689999999998
768015034.043344,1.851933
768015036.106594,2.0048090000000003
768015037.925725,1.757909
768015039.959437,1.976072
768015042.032825,1.99232
768015043.821396,1.726551
768015045.769062,1.889295
768015047.758321,1.92782
768015049.650282,1.833205
768015051.788933,2.077749
768015053.757733,1.911272
768015055.78327,1.9634230000000001
768015057.671793,1.8299919999999998
768015059.528643,1.795125
768015061.720568,2.13421
768015063.6246871,1.843118
768015065.7766589,2.094293
768015067.9579841,2.119401
768015070.178165,2.135182
768015072.353776,2.1173960000000003
768015074.59047,2.1749899999999998
768015076.5367429,1.887651
768015078.7344409,2.1356990000000002
768015080.650058,1.85699
768015082.382668,1.6711969999999998
768015084.3078719,1.8661809999999999
768015086.452091,2.082787
768015088.4158549,1.904911
768015090.187666,1.710243
768015092.415089,2.1685049999999997
768015094.175954,1.698906
768015096.327631,2.093099
768015098.1537429,1.764735
768015100.128763,1.916223
768015101.829694,1.638631
768015103.997288,2.109237
768015105.738673,1.65721
768015107.917026,2.120313
768015110.0522391,2.0774779999999997
768015112.18863,2.074346
768015114.1525531,1.901483
768015116.338118,2.127495
768015118.5053761,2.106105
768015120.79149,2.227598
768015122.984558,2.131334
768015125.171356,2.128282
768015127.1676049,1.935563
768015129.392472,2.166511
768015131.3414459,1.8904429999999999
768015133.275806,1.876445
768015134.979038,1.618544
768015137.259859,2.222566
768015139.159233,1.837695
768015140.961676,1.743882
768015143.006313,1.9829679999999998
768015144.8379879,1.773786
768015146.78173,1.882153
768015148.862722,2.022821
768015150.6766059,1.752326
768015152.675902,1.94085
768015154.769137,2.032158
768015157.017879,2.1898999999999997
768015159.309662,2.230249
768015161.318661,1.950768
768015163.4064031,2.0255479999999997
768015165.823363,2.358964
768015167.886402,2.00108
768015169.905139,1.9605310000000002
768015171.724887,1.761518
768015173.90545,2.1225929999999997
768015175.698892,1.731247
768015177.680011,1.9229889999999998
768015179.485315,1.742483
768015181.51613,1.972148
768015183.351294,1.7738260000000001
768015185.418814,2.0096659999999997
768015187.2680061,1.7877480000000001
768015189.29001,1.963828
768015191.159343,1.8075050000000001
768015192.9941759,1.776908
768015194.798123,1.742378
768015196.674377,1.818244
768015198.515179,1.782376
768015200.579507,2.005711
768015202.7298449,2.088675
768015204.9961079,2.207366
768015206.962022,1.905253
768015208.8013661,1.781089
768015210.728129,1.868782
768015212.705319,1.919381
768015214.39554,1.6278460000000001
768015216.4748031,2.02043
768015218.393175,1.857295
768015220.430295,1.9788029999999999
768015222.5994359,2.1077090000000003
768015224.906955,2.2498090000000004
768015226.8738561,1.905478
768015228.817362,1.885285
768015230.994112,2.1146149999999997
768015232.729052,1.676514
768015234.512977,1.723268
768015236.6777389,2.106526
768015238.641883,1.9024910000000002
768015240.6750181,1.9747139999999999
768015242.666636,1.930887
768015244.734963,2.010091
768015247.780742,2.9835830000000003
768015250.4303521,2.591195
768015252.83804,2.3452159999999997
768015254.819519,1.9195950000000002
768015256.7554181,1.878004
768015258.7389879,1.9212339999999999
768015260.803205,2.00527
768015263.207088,2.34235
768015265.20224,1.9142379999999999
768015267.170895,1.907363
768015269.04964,1.820405
768015271.188035,2.077789
768015273.276444,2.030985
768015275.3251951,1.986702
768015277.318869,1.935196
768015279.1792821,1.799482
768015281.397874,2.160587
768015283.63331,2.173702
768015285.761356,2.069835
768015287.76617,1.943235
768015289.816496,1.992475
768015292.05134,2.177
768015293.822991,1.710093
768015295.8253299,1.9435360000000002
768015297.981897,2.097585
768015300.255387,2.212674
768015302.232191,1.913892
768015304.156582,1.865615
768015306.331217,2.113573
768015308.294559,1.904736
768015310.094035,1.737862
768015312.151898,1.999246
768015313.934249,1.721454
768015315.936702,1.944348
768015318.0147921,2.019799
768015320.226869,2.151125
768015322.138562,1.8505850000000001
768015323.9131349,1.716398
768015326.227209,2.2561489999999997
768015328.583041,2.29505
768015330.741984,2.097775
768015333.017563,2.2164620000000004
768015335.0198159,1.940344
768015337.1157529,2.03744
768015339.392174,2.2148879999999997
768015341.710453,2.2602439999999997
768015343.898233,2.126121
768015345.951781,1.995873
768015348.261946,2.2511129999999997
768015350.6162391,2.2934010000000002
768015352.8312329,2.157094
768015354.623527,1.718738
768015356.586483,1.904846
768015358.6849359,2.036648
768015360.6332179,1.890278
768015362.786919,2.091396
768015364.681993,1.837329
768015366.485744,1.742814
768015368.168162,1.624293
768015369.910931,1.681451
768015372.502647,2.533185
768015374.944118,2.379778
768015377.32822,2.3256710000000003
768015379.552175,2.1625759999999996
768015381.405005,1.794384
768015383.314351,1.847402
768015385.019919,1.647061
768015387.1141759,2.033331
768015389.146765,1.974323
768015391.369241,2.1611830000000003
768015393.3852559,1.957449
768015395.25045,1.804287
768015397.0589061,1.750196
768015398.769791,1.652409
768015400.5487939,1.720587
768015402.278924,1.668441
768015404.165423,1.82868
768015406.191075,1.963723
768015408.170786,1.921791
768015409.968277,1.736038
768015411.6960909,1.669373
768015413.8360399,2.081413
768015415.779932,1.882339
768015417.7798101,1.941506
768015419.974852,2.1337990000000002
768015422.169638,2.103123
768015424.159046,1.928707
768015426.171889,1.9515850000000001
768015428.234498,2.0042530000000003
768015430.162057,1.866257
768015432.176203,1.955925
768015434.1646891,1.927038
768015436.2463629,2.0238180000000003
768015438.365077,2.057662
768015440.284066,1.861059
768015442.489147,2.1434670000000002
768015444.6671189,2.1197619999999997
768015446.852148,2.12365
768015448.83885,1.9283
768015451.057477,2.157073
768015452.966663,1.827677
768015454.903574,1.875593
768015456.864215,1.902757
768015458.6505901,1.724481
768015460.381612,1.6731719999999999
768015462.577596,2.1343859999999997
768015465.0629139,2.4270680000000002
768015467.054663,1.9299250000000001
768015469.272112,2.159545
768015471.503815,2.169373
768015473.803902,2.241877
768015476.046059,2.181015
768015477.964432,1.859075
768015480.106626,2.08446
768015482.1027141,1.933793
768015483.868342,1.707757
768015485.949969,2.023382
768015487.99402,1.9860860000000002
768015490.0390431,1.954211
768015492.1285089,2.0317719999999997
768015494.075598,1.885596
768015496.616035,2.46439
768015498.6053331,1.927635
768015500.711518,2.04806
768015502.766379,1.993788
768015504.808018,1.98375
768015506.976343,2.107037
768015509.0887179,2.054345
768015511.163911,2.01423
768015513.1682689,1.9465629999999998
768015514.9769211,1.74726
768015517.257898,2.223188
768015519.171741,1.852876
768015521.0655069,1.8355
768015523.0632141,1.935382
768015524.9502989,1.829376
768015526.896547,1.885351
768015529.095453,2.141172
768015531.264705,2.108386
768015533.479287,2.156487
768015535.442525,1.9013680000000002
768015537.2565991,1.756085
768015539.456037,2.138565
768015541.98655,2.472503
768015544.219736,2.171357
768015546.1938441,1.916072
768015548.271111,2.019268
768015550.290324,1.9579100000000003
768015552.543927,2.195914
768015554.5590099,1.953138
768015556.845922,2.22871
768015558.8594259,1.9520710000000001
768015560.854899,1.937373
768015562.85413,1.937959
768015564.778667,1.866352
768015566.9905629,2.150789
768015569.325421,2.27588
768015571.5143291,2.12757
768015573.794394,2.22206
768015576.230713,2.374661
768015578.175612,1.886909
768015580.5013441,2.267742
768015582.5068899,1.9438280000000001
768015584.4075259,1.8417590000000001
768015586.3346239,1.866608
768015588.578796,2.194505
768015590.836198,2.196586
768015593.030408,2.136536
768015595.043743,1.9517309999999999
768015596.792912,1.6910079999999998
768015598.620138,1.768724
768015600.7904781,2.1121790000000003
768015602.950528,2.0982819999999998
768015605.062166,2.0532369999999998
768015607.083263,1.9591230000000002
768015609.230935,2.089376
768015611.404101,2.1123000000000003
768015613.676844,2.214623
768015615.66095,1.922717
768015618.037484,2.318504
768015620.117829,2.018882
768015622.9148281,2.738498
768015625.4819419,2.50946
768015627.884192,2.3403400000000003
768015630.064935,2.1226130000000003
768015632.217985,2.0948439999999997
768015634.127016,1.848419
768015636.1620351,1.977004
768015638.228317,2.003165
768015640.47954,2.193423
768015642.590186,2.047549
768015644.790991,2.142871
768015646.671411,1.819191
768015648.8614709,2.1321660000000002
768015650.785362,1.861796
768015652.5421929,1.698566
768015654.222677,1.618946
768015656.1580039,1.87624
768015658.0843501,1.8693279999999999
768015659.85112,1.70905
768015662.127411,2.218045
768015664.267165,2.079056
768015666.1295669,1.80135
768015668.373754,2.1858400000000002
768015670.348152,1.912965
768015672.163957,1.757649
768015673.940153,1.714478
768015676.143424,2.144815
768015678.083758,1.878555
768015679.8141379,1.67227
768015681.8539389,1.9817760000000002
768015683.809503,1.894572
768015685.768275,1.900917
768015687.78436,1.9606459999999999
768015689.55778,1.7150290000000001
768015691.444294,1.825427
768015693.494088,1.9915890000000003
768015695.341861,1.786385
768015697.469471,2.069044
768015699.34752,1.817137
768015701.064153,1.6576060000000001
768015702.888071,1.7619630000000002
768015704.603846,1.65771
768015706.637292,1.972213
768015708.3967351,1.7011820000000002
768015710.372908,1.91476
768015712.474011,2.043043
768015714.664613,2.128783
768015716.8198531,2.0969629999999997
768015719.041456,2.1603809999999997
768015721.2644291,2.1644099999999997
768015723.519435,2.1932129999999996
768015725.706048,2.128508
768015727.692384,1.924397
768015729.7726641,2.022274
768015731.793911,1.9450699999999999
768015733.761248,1.909523
768015736.1207579,2.2968900000000003
768015738.067747,1.885446
768015740.161438,2.0356810000000003
768015741.909344,1.685315
768015743.822299,1.854379
768015746.528988,2.648063
768015749.106636,2.5166310000000003
768015751.535709,2.3680149999999998
768015754.109453,2.515359
768015756.5087509,2.338486
768015758.855847,2.288405
768015760.762758,1.8474979999999999
768015762.5586411,1.73466
768015764.791782,2.1752059999999998
768015766.773813,1.920232
768015768.4540861,1.6218730000000001
768015770.788132,2.272402
768015772.8211559,1.974769
768015775.020794,2.138235
768015777.267301,2.1639250000000003
768015779.5956991,2.267009
768015781.927785,2.27362
768015784.047562,2.0579769999999997
768015786.005722,1.898091
768015788.260779,2.195859
768015789.9931991,1.671111
768015792.032443,1.9809789999999998
768015794.302505,2.205431
768015796.670815,2.310145
768015798.756152,2.02455
768015801.0260489,2.2112849999999997
768015803.358597,2.270868
768015805.707637,2.291426
768015807.944667,2.174795
768015810.2356629,2.2069799999999997
768015812.301584,2.008242
768015814.30075,1.937603
768015816.390818,2.032613
768015818.247151,1.794319
768015820.2703329,1.964735
768015822.418646,2.08658
768015824.441537,1.9650869999999998
768015826.700638,2.197899
768015828.665319,1.9066210000000001
768015830.637838,1.911086
768015832.6818329,1.9860809999999998
768015835.038231,2.295561
768015837.173905,2.0769170000000003
768015839.3761541,2.141112
768015841.388416,1.9542069999999998
768015843.190804,1.741516
768015845.1410301,1.892312
768015847.3431791,2.141237
768015849.1798819,1.7789030000000001
768015850.912472,1.6716039999999999
768015852.588139,1.617276
768015854.611892,1.962976
768015856.271693,1.601811
768015857.956923,1.624568
768015859.607507,1.592665
768015861.559458,1.8936009999999999
768015863.335258,1.714834
768015865.494492,2.101113
768015867.538021,1.9825419999999998
768015869.556312,1.960637
768015871.826634,2.2093249999999998
768015874.191812,2.307213
768015876.5570459,2.304648
768015878.9506661,2.332302
768015880.746083,1.737151
768015882.775339,1.968585
768015884.626971,1.794139
768015886.5731989,1.8847289999999999
768015888.462423,1.830768
768015890.2903711,1.766879
768015891.8593799,1.510763
768015893.725115,1.8075750000000002
768015895.342993,1.557142
768015897.294929,1.893715
768015899.056952,1.701307
768015900.803986,1.688838
768015902.763966,1.9020540000000001
768015904.666772,1.8448069999999999
768015906.4229419,1.695369
768015908.4540471,1.97305
768015910.206985,1.692001
768015911.830416,1.565034
768015913.4745901,1.5865099999999999
768015915.485429,1.9497769999999999
768015917.442497,1.898738
768015919.6574,2.153265
768015921.542501,1.826498
768015923.481326,1.8777679999999999
768015925.256625,1.716873
768015927.2329631,1.9148699999999999
768015929.2443529,1.953289
768015931.1301839,1.823847
768015933.118495,1.9303460000000001
768015935.3589981,2.1825479999999997
768015937.3432239,1.92593
768015939.426085,2.021859
768015941.520979,2.037215
768015943.8435479,2.26071
768015945.77899,1.8776030000000001
768015947.7660631,1.9284160000000001
768015949.961772,2.136561
768015952.171623,2.147832
768015954.42667,2.192972
768015956.433313,1.947986
768015958.45619,1.9608910000000002
768015960.6567899,2.142204
768015962.733025,2.0148330000000003
768015964.8395159,2.031146
768015966.808542,1.907187
768015969.086688,2.219605
768015971.2573841,2.109788
768015973.081707,1.766228
768015975.091849,1.948056
768015977.1040801,1.954552
768015978.902163,1.7362630000000001
768015981.006624,2.046015
768015983.046008,1.978047
768015985.068509,1.9640140000000001
768015987.0814819,1.9543160000000002
768015989.035006,1.895434
768015991.073965,1.9778069999999999
768015993.104965,1.972199
768015995.0149031,1.847708
768015997.738726,2.6654220000000004
768015999.6790351,1.878825
768016001.718575,1.9812390000000002
768016003.667755,1.887621
768016005.60218,1.876245
768016007.791504,2.128002
768016010.084996,2.235462
768016012.105417,1.96181
768016014.411608,2.244097
768016016.539589,2.070011
768016018.66578,2.064989
768016020.6688911,1.94544
768016022.891211,2.160281
768016024.733291,1.783879
768016026.893788,2.097565
768016028.905784,1.95394
768016030.8588121,1.891831
768016032.9293439,2.012181
768016034.83408,1.8439699999999999
768016036.851068,1.95794
768016038.561757,1.6492
768016040.234562,1.6147
768016041.998325,1.702721
768016044.0372341,1.9808830000000002
768016045.961104,1.860724
768016048.210543,2.190461
768016050.21655,1.94315
768016052.173643,1.898752
768016054.176251,1.940945
768016055.96182,1.7267370000000002
768016058.121865,2.073534
768016060.2656729,2.0822089999999998
768016062.564713,2.23733
768016064.485641,1.862738
768016066.3481339,1.801782
768016068.569848,2.163534
768016070.2690159,1.638547
768016072.450126,2.123005
768016074.1168981,1.6057389999999998
768016075.999507,1.824665
768016077.839602,1.7522659999999999
768016079.596529,1.698621
768016081.695939,2.040802
768016083.68471,1.927504
768016085.4946151,1.751439
768016087.2541131,1.701287
768016089.1970129,1.884258
768016091.308641,2.027848
768016093.340107,1.9730149999999997
768016095.393755,1.9920490000000002
768016097.624946,2.1731409999999998
768016099.8165699,2.130316
768016102.0618191,2.187259
768016104.062864,1.942839
768016105.872689,1.747059
768016107.8580481,1.926622
768016109.679861,1.763247
768016111.3606061,1.619948
768016113.1270001,1.7083490000000001
768016115.058378,1.8699050000000002
768016117.2505391,2.1339900000000003
768016119.1713921,1.859531
768016120.906468,1.6770859999999999
768016123.244478,2.279865
768016125.6260699,2.3234559999999997
768016128.183225,2.495953
768016130.519897,2.278377
768016132.40632,1.828338
768016134.1075721,1.640019
768016135.7959989,1.6302409999999998
768016137.538122,1.684088
768016139.231485,1.6321059999999998
768016140.958979,1.669503
768016143.171832,2.151952
768016145.200011,1.970028
768016146.980893,1.719916
768016148.8483521,1.808983
768016150.559016,1.652684
768016152.3493559,1.7320689999999999
768016154.518738,2.107729
768016156.801314,2.22434
768016158.8018891,1.9394930000000001
768016160.700626,1.840522
768016162.491452,1.729573
768016164.652485,2.1030580000000003
768016166.804467,2.0905479999999996
768016168.705539,1.841704
768016170.5307499,1.763678
768016172.252194,1.662733
768016174.046262,1.731643
768016175.885942,1.781649
768016177.831367,1.88733
768016179.597706,1.7052720000000001
768016181.373652,1.717976
768016183.16103,1.725629
768016185.0099009,1.791076
768016187.060712,1.9889119999999998
768016188.865295,1.746853
768016190.705716,1.765542
768016192.888099,2.124192
768016195.064057,2.114038
768016196.821004,1.699363
768016198.528826,1.647041
768016200.179801,1.592684
768016201.775197,1.534328
768016203.350535,1.5172029999999999
768016204.922446,1.51363
768016206.828044,1.843899
768016208.698806,1.811699
768016210.559174,1.798389
768016212.32669,1.709376
768016214.165417,1.777625
768016215.624942,1.4014330000000002
768016217.6170961,1.934064
768016219.320358,1.641443
768016221.0615981,1.68321
768016222.9821559,1.859315
768016224.701866,1.661435
768016226.612771,1.8499079999999999
768016228.262258,1.591346
768016229.870268,1.546778
768016231.620168,1.691705
768016233.339583,1.66125
768016235.258202,1.857426
768016237.053834,1.73685
768016238.771344,1.656497
768016240.436467,1.606641
768016242.193248,1.69579
768016243.8140681,1.5627639999999998
768016245.3971089,1.5248359999999999
768016247.424311,1.965793
768016249.125959,1.643718
768016251.024676,1.836617
768016252.7821939,1.6992070000000001
768016254.7120279,1.868877
768016256.855024,2.085201
768016258.760677,1.843664
768016260.886668,2.068272
768016262.887934,1.9393870000000002
768016264.679812,1.733848
768016266.534507,1.7921639999999999
768016268.74508,2.1525630000000002
768016270.883195,2.0768359999999997
768016272.835852,1.895299
768016274.8912201,1.991939
768016276.8127849,1.8636810000000001
768016278.6113341,1.737346
768016280.388262,1.7188780000000001
768016282.299072,1.8494970000000002
768016284.509455,2.152488
768016286.303172,1.732469
768016288.5440661,2.183034
768016290.743283,2.13822
768016292.655321,1.854113
768016294.679786,1.963278
768016296.6450031,1.9070669999999998
768016298.496745,1.7893270000000001
768016300.161948,1.607363
768016302.0357219,1.812576
768016304.029686,1.9351870000000002
768016306.004089,1.910529
768016307.833234,1.771661
768016309.993205,2.101534
768016312.215034,2.159605
768016314.0837871,1.807395
768016315.910045,1.7678019999999999
768016318.076586,2.107408
768016319.9379361,1.799681
768016322.065772,2.069594
768016324.114082,1.9862460000000002
768016326.194768,2.019078
768016328.159854,1.907397
768016330.136578,1.9158870000000001
768016332.066954,1.8725
768016333.9601879,1.83135
768016336.164441,2.1460630000000003
768016338.444907,2.219554
768016340.597175,2.094163
768016342.439716,1.781003
768016344.6003679,2.102061
768016346.629689,1.9677179999999999
768016348.827437,2.139638
768016350.732384,1.843679
768016352.911008,2.1204240000000003
768016355.108702,2.13625
768016357.061735,1.89548
768016359.298875,2.175732
768016361.420567,2.063215
768016363.372913,1.89136
768016365.441747,2.010417
768016367.50421,2.001787
768016369.594042,2.031526
768016371.9353501,2.28029
768016374.444859,2.450297
768016376.938051,2.435171
768016379.448918,2.44976
768016381.906306,2.398626
768016384.42167,2.4543820000000003
768016386.616923,2.12506
768016388.856158,2.180157
768016390.945419,2.0274419999999997
768016392.9823179,1.978769
768016394.62993,1.585989
768016400.7689921,6.057492
768016402.3642479,1.534299
768016403.9207879,1.4981849999999999
768016405.449032,1.469753
768016406.962472,1.452753
768016408.56119,1.5403229999999999
768016410.1498351,1.527267
768016411.707026,1.4993020000000001
768016418.684471,6.919901
768016424.731895,5.972219
768016426.581377,1.788174
768016428.597648,1.9581849999999998
768016430.5715749,1.912314
768016432.404559,1.773986
768016434.7038491,2.237832
768016436.6229631,1.86139
768016438.63301,1.9493
768016440.8157231,2.124232
768016442.737559,1.860017
768016444.635183,1.839489
768016446.558057,1.8614359999999999
768016448.265033,1.648625
768016450.188613,1.861986
768016452.173039,1.92593
768016454.034745,1.800323
768016456.214311,2.121606
768016457.898072,1.620704
768016459.666681,1.709877
768016461.872929,2.147942
768016463.895545,1.9614379999999998
768016466.139511,2.1862869999999996
768016468.350651,2.15331
768016470.2639719,1.8525989999999999
768016472.293483,1.9715470000000002
768016474.433442,2.078591
768016476.304199,1.812462
768016478.020581,1.65519
768016480.178427,2.0992189999999997
768016482.3716501,2.1317150000000002
768016484.287076,1.857446
768016486.33267,1.984376
768016488.2699821,1.878731
768016490.387504,2.056148
768016492.2250531,1.779529
768016493.8921709,1.606362
768016495.797709,1.847322
768016497.8334249,1.977921
768016499.675099,1.780005
768016501.366443,1.6336549999999999
768016503.489748,2.0621519999999998
768016505.2022561,1.653947
768016507.106661,1.843508
768016508.7829851,1.617642
768016510.4678841,1.627034
768016512.305915,1.780332
768016514.546077,2.178784
768016516.559476,1.9558900000000001
768016518.457797,1.837765
768016520.469973,1.954146
768016522.586343,2.054681
768016524.49791,1.853377
768016526.4973569,1.937948
768016528.473323,1.917566
768016530.5694001,2.034784
768016532.235896,1.6084960000000001
768016534.294405,1.997908
768016536.36814,2.0158400000000003
768016538.329437,1.9007209999999999
768016540.225769,1.8382260000000001
768016542.0231049,1.7363089999999999
768016544.041816,1.960701
768016545.9056721,1.800644
768016547.678295,1.714217
768016549.664967,1.928321
768016551.475629,1.7489890000000001
768016553.716017,2.182207
768016555.951247,2.1740779999999997
768016558.176044,2.141317
768016560.165196,1.9284860000000001
768016562.3464069,2.1199019999999997
768016564.691027,2.28654
768016566.483221,1.730701
768016568.80994,2.26262
768016571.023736,2.151085
768016573.005662,1.922507
768016574.9642179,1.898086
768016577.004374,1.981825
768016578.8205241,1.755403
768016580.723005,1.844616
768016582.4666,1.6827590000000001
768016584.2077,1.68323
768016585.984363,1.715821
768016587.965943,1.9230289999999999
768016590.291058,2.23699
768016592.548801,2.196811
768016594.715868,2.1058499999999998
768016596.969366,2.1954029999999998
768016598.926655,1.896377
768016601.023905,2.03944
768016603.016701,1.931634
768016604.9990181,1.9244620000000001
768016606.984928,1.928015
768016608.883148,1.840125
768016610.914284,1.9697780000000003
768016613.060131,2.08663
768016615.001748,1.8804850000000002
768016616.845462,1.7850730000000001
768016618.9068929,1.9995770000000002
768016621.6191239,2.65375
768016624.197735,2.517499
768016626.654677,2.398602
768016629.0974209,2.3849549999999997
768016631.253387,2.0947240000000003
768016633.4373181,2.126457
768016635.7999611,2.301285
768016637.586738,1.7292729999999998
768016639.7416869,2.096984
768016641.922471,2.12102
768016644.167003,2.1834749999999996
768016646.466283,2.245384
768016648.591513,2.067269
768016650.636921,1.983374
768016652.6329,1.920197
768016654.487028,1.793101
768016656.360205,1.815383
768016658.322079,1.9004409999999998
768016660.266989,1.887104
768016662.246564,1.9177359999999999
768016664.43056,2.125871
768016666.8987191,2.406053
768016668.8475571,1.8905779999999999
768016671.015045,2.1052530000000003
768016673.2939019,2.221088
768016675.4169921,2.062048
768016677.590123,2.1146350000000003
768016679.58745,1.936359
768016681.846105,2.2006959999999998
768016683.873737,1.966124
768016686.301666,2.369654
768016688.598375,2.237621
768016690.546608,1.886558
768016692.455999,1.851612
768016694.344533,1.826819
768016696.412499,2.009986
768016698.263094,1.789728
768016700.283429,1.961729
768016702.2930241,1.9481570000000001
768016704.042032,1.689179
768016705.88491,1.7795750000000001
768016707.663232,1.720077
768016709.522938,1.801135
768016711.418793,1.833364
768016713.221472,1.7444279999999999
768016715.385842,2.102166
768016717.4311459,1.986757
768016719.4277511,1.9380739999999999
768016721.533324,2.0253620000000003
768016723.407915,1.811719
768016725.194947,1.7289670000000001
768016726.9140259,1.6569939999999999
768016728.93821,1.9655580000000001
768016730.798357,1.798238
768016733.102503,2.246427
768016735.083552,1.920132
768016737.213397,2.0718400000000003
768016739.1447251,1.869259
768016741.1619331,1.9594740000000002
768016743.069049,1.846395
768016745.0482839,1.92123
768016747.971868,2.862121
768016750.35574,2.297365
768016752.655225,2.238669
768016754.586137,1.869569
768016756.9221531,2.277936
768016759.226104,2.242373
768016761.043822,1.759538
768016762.989754,1.884444
768016765.216214,2.168084
768016767.201262,1.9238300000000002
768016768.988966,1.729473
768016770.953782,1.906706
768016772.9154949,1.9032719999999999
768016774.9715589,1.993979
768016776.991909,1.963107
768016779.1038879,2.051157
768016781.530018,2.367464
768016783.478892,1.887165
768016785.34165,1.804232
768016787.234122,1.831014
768016789.3046651,2.012326
768016791.91355,2.547312
768016793.980349,2.008528
768016795.893976,1.8550000000000002
768016797.9163059,1.96414
768016799.917236,1.9394220000000002
768016802.155444,2.179922
768016804.1392989,1.92347
768016805.882915,1.681797
768016807.728152,1.787277
768016809.504454,1.718066
768016811.5970579,2.030524
768016813.485831,1.830894
768016815.43013,1.883045
768016817.344558,1.856298
768016819.357812,1.9515500000000001
768016821.696438,2.279784
768016823.87405,2.1198319999999997
768016826.150386,2.2185170000000003
768016828.311625,2.100371
768016830.204503,1.83103
768016831.951166,1.688663
768016833.701813,1.622058
768016835.6065689,1.843028
768016837.660297,1.995232
768016839.6318289,1.909839
768016841.500181,1.8103310000000001
768016843.610129,2.048751
768016845.905811,2.237105
768016848.129254,2.162271
768016850.020499,1.832122
768016851.741828,1.662787
768016853.872866,2.072707
768016855.8558741,1.92138
768016857.828493,1.9144839999999999
768016859.949738,2.0598919999999996
768016862.2508171,2.216512
768016864.075682,1.763713
768016866.038398,1.9001599999999998
768016868.10658,2.010202
768016870.014488,1.846205
768016872.499275,2.426872
768016874.563257,2.0025389999999996
768016876.484031,1.8625429999999998
768016878.530918,1.985569
768016880.393887,1.804373
768016882.317732,1.863074
768016884.219211,1.825908
768016886.483088,2.202214
768016888.7477471,2.206328
768016890.9272629,2.117902
768016892.9877269,2.002589
768016895.083743,2.034989
768016897.1642389,2.022259
768016899.369936,2.1444989999999997
768016901.62834,2.200204
768016903.484944,1.795056
768016905.437356,1.8945120000000002
768016907.206526,1.707496
768016909.3527501,2.0879779999999997
768016911.3230431,1.9083139999999998
768016913.453826,2.072552
768016915.6358479,2.120639
768016917.878922,2.184167
768016920.261837,2.3212509999999997
768016922.374668,2.0508319999999998
768016924.347958,1.914995
768016926.606844,2.197919
768016928.573324,1.9074980000000001
768016930.655212,2.020525
768016932.496135,1.782096
768016934.510902,1.953234
768016936.76452,2.19651
768016938.547543,1.722136
768016940.7258309,2.119652
768016942.9476299,2.161328
768016944.966848,1.961032
768016947.177827,2.149877
768016949.404072,2.167884
768016951.4590629,1.9934979999999998
768016953.4756451,1.957715
768016955.5628461,2.025457
768016957.426005,1.805084
768016959.443594,1.9560150000000003
768016961.6475221,2.145442
768016963.857394,2.148418
768016965.924929,2.009645
768016968.186581,2.2030309999999997
768016970.416214,2.168094
768016972.311873,1.837284
768016974.602383,2.2294929999999997
768016976.835253,2.174961
768016979.020071,2.123325
768016981.064262,1.986321
768016983.0124891,1.8874460000000002
768016984.7661779,1.695849
768016986.870479,2.042873
768016988.878912,1.950257
768016990.669572,1.729653
768016992.694934,1.967056
768016994.777725,2.021513
768016996.912317,2.075961
768016999.32024,2.3465949999999998
768017001.818478,2.439908
768017004.2467431,2.366642
768017006.65218,2.3466099999999996
768017009.106396,2.3956250000000003
768017011.183568,2.01599
768017013.237948,1.995578
768017015.377035,2.077257
768017017.622695,2.186973
768017019.491873,1.807981
768017021.2105759,1.661239
768017022.995147,1.726105
768017024.7649729,1.712578
768017026.793844,1.967181
768017029.0471209,2.194741
768017030.975723,1.866522
768017033.019858,1.9861449999999998
768017035.226117,2.1450810000000002
768017037.1632941,1.879302
768017038.950812,1.725854
768017041.129722,2.120323
768017043.339734,2.12553
768017045.109826,1.7118369999999998
768017046.638065,1.469588
768017048.567729,1.8722750000000001
768017050.644355,2.014957
768017052.77194,2.0693539999999997
768017054.659416,1.826148
768017056.4580749,1.740569
768017058.49986,1.980202
768017060.7659581,2.207882
768017062.606504,1.778883
768017064.231323,1.566518
768017065.923269,1.6306479999999999
768017067.546113,1.564904
768017069.174731,1.5704930000000001
768017070.952075,1.716442
768017072.67583,1.665439
768017074.424939,1.687751
768017076.270628,1.787318
768017078.0134821,1.681612
768017079.6913539,1.619101
768017081.6081381,1.8591300000000002
768017083.470591,1.800804
768017085.647666,2.1189
768017087.874893,2.165533
768017089.8299559,1.8962409999999998
768017091.755075,1.866678
768017093.78628,1.97294
768017095.704743,1.8571149999999998
768017097.731228,1.96875
768017099.461934,1.66832
768017101.458148,1.938108
768017103.266895,1.7468080000000001
768017105.128265,1.803089
768017106.9988021,1.808919
768017108.8569499,1.799551
768017111.059304,2.143783
768017113.0610371,1.942925
768017114.866827,1.72379
768017116.831493,1.906775
768017118.759538,1.870652
768017120.614388,1.796349
768017122.502229,1.826804
768017124.501455,1.940604
768017126.485271,1.922642
768017128.671903,2.128171
768017130.6349,1.901815
768017132.355868,1.663299
768017134.3102989,1.893084
768017136.182079,1.812868
768017138.16218,1.9191550000000002
768017140.117218,1.897113
768017142.116394,1.9374069999999999
768017144.115259,1.941456
768017145.853117,1.6753770000000001
768017147.864697,1.9533839999999998
768017149.8542,1.931333
768017152.0964371,2.1804680000000003
768017154.0145841,1.856459
768017155.726616,1.6542729999999999
768017157.7388229,1.9544110000000001
768017159.501207,1.701017
768017161.225137,1.666035
768017163.365827,2.079798
768017165.3248999,1.901273
768017167.311226,1.928692
768017169.079038,1.710308
768017170.9599179,1.819347
768017172.7333391,1.71547
768017174.4220921,1.630933
768017176.14978,1.669984
768017178.168993,1.958061
768017180.323671,2.0971140000000004
768017182.2553749,1.870266
768017184.068388,1.7547220000000001
768017186.380257,2.249795
768017188.628082,2.189855
768017190.8243771,2.134541
768017193.085298,2.202895
768017195.305874,2.159108
768017197.5195,2.15566
768017199.588373,2.00711
768017201.6463859,1.9999580000000001
768017203.55256,1.845137
768017205.633131,2.022335
768017207.932315,2.238604
768017210.226338,2.235562
768017212.5171931,2.233146
768017214.48054,1.902265
768017216.4321661,1.8936
768017218.636675,2.143332
768017220.949762,2.255112
768017222.99457,1.982948
768017225.039372,1.987379
768017227.089191,1.9875740000000002
768017229.069312,1.921725
768017231.0234131,1.892417
768017233.1111159,2.0294610000000004
768017235.299863,2.127234
768017237.261717,1.9045310000000002
768017239.34791,2.024389
768017241.424191,2.018727
768017243.3459871,1.861089
768017245.6991019,2.294539
768017247.628731,1.868266
768017249.827326,2.140209
768017251.687508,1.798764
768017253.591448,1.8467
768017255.30165,1.649642
768017257.037704,1.678033
768017259.067481,1.968104
768017260.986992,1.861466
768017262.722996,1.6775920000000002
768017264.426122,1.645096
768017266.622473,2.1341200000000002
768017268.3884,1.708013
768017270.120544,1.671207
768017271.86422,1.686007
768017273.846176,1.924272
768017275.5613551,1.652914
768017277.6457599,2.02658
768017279.723684,2.016842
768017281.4865,1.705211
768017283.5071509,1.962665
768017285.3734419,1.808933
768017287.590525,2.155314
768017289.411882,1.763582
768017291.185568,1.716342
768017293.3333299,2.089662
768017295.4868251,2.092388
768017297.295107,1.750466
768017299.033159,1.676865
768017300.908878,1.8178789999999998
768017302.703733,1.735853
768017304.40917,1.6472170000000002
768017306.34367,1.873383
768017308.348294,1.946287
768017310.333587,1.924056
768017312.280516,1.889014
768017313.915138,1.573539
768017315.952087,1.979415
768017317.782645,1.74976
768017319.6438,1.800052
768017321.6383799,1.936971
768017323.417479,1.716096
768017325.327477,1.851963
768017327.720219,2.330538
768017329.966411,2.1881169999999996
768017332.159183,2.131615
768017334.1075209,1.887275
768017336.2804661,2.1142890000000003
768017338.021421,1.679597
768017340.154388,2.05676
768017342.105397,1.888989
768017344.204766,2.041274
768017346.184342,1.917672
768017347.9984721,1.733136
768017350.138937,2.053783
768017352.321886,2.124638
768017354.519584,2.1372079999999998
768017356.58337,2.005706
768017358.702235,2.057512
768017360.533921,1.773681
768017362.310518,1.716026
768017364.236644,1.8680560000000002
768017366.025405,1.726907
768017368.120715,2.0370190000000004
768017369.953514,1.771922
768017372.667319,2.6557
768017375.287732,2.558774
768017377.6193321,2.27359
768017379.719113,2.0384320000000002
768017381.760316,1.983379
768017383.700274,1.881306
768017385.715763,1.95787
768017387.711767,1.934942
768017390.014891,2.2451179999999997
768017391.9668311,1.8895749999999998
768017394.213544,2.16616
768017396.118836,1.84426
768017397.848404,1.66832
768017399.6169981,1.710113
768017401.721048,2.045985
768017403.77867,1.9965149999999998
768017405.9872041,2.151135
768017408.151189,2.10609
768017410.5237341,2.311067
768017412.348399,1.76695
768017414.387353,1.9782620000000002
768017416.754426,2.308998
768017418.9728521,2.154107
768017420.980097,1.9484730000000001
768017423.1751289,2.134286
768017425.211943,1.9788280000000003
768017427.270532,1.997678
768017429.24059,1.8932090000000001
768017431.275735,1.974348
768017433.25296,1.91953
768017435.039485,1.7249970000000001
768017436.753602,1.656458
768017438.764581,1.952798
768017440.8325571,2.010137
768017443.066033,2.171552
768017445.3003471,2.176103
768017447.356276,1.995312
768017449.452909,2.0384230000000003
768017451.360672,1.845724
768017453.318918,1.900877
768017455.384032,2.004493
768017457.553079,2.110665
768017459.529476,1.91502
768017461.608433,2.0214980000000002
768017463.5072,1.837284
768017465.533514,1.9686000000000001
768017467.536294,1.9443679999999999
768017469.72901,2.134521
768017471.728482,1.938314
768017473.8982149,2.111763
768017476.143579,2.187219
768017478.074596,1.868737
768017480.2404461,2.107458
768017482.268363,1.966971
768017484.5489249,2.222836
768017486.493448,1.883567
768017488.780064,2.228501
768017490.870798,2.029196
768017492.89595,1.9666599999999999
768017495.0433309,2.0867400000000003
768017497.523487,2.422497
768017499.886811,2.301936
768017501.846395,1.901373
768017503.575637,1.666521
768017505.796154,2.1623609999999998
768017507.717824,1.859917
768017509.8935109,2.117662
768017511.961993,2.010577
768017513.9477179,1.901088
768017515.934139,1.925314
768017518.0863069,2.094337
768017520.106366,1.9587419999999998
768017522.358651,2.190226
768017524.2266921,1.809394
768017526.333774,2.045509
768017528.150646,1.7583550000000001
768017529.965433,1.7538600000000002
768017531.993115,1.969648
768017534.0450289,1.9671720000000001
768017535.982782,1.879553
768017537.918495,1.8490920000000002
768017539.642966,1.662352
768017541.773583,2.072742
768017543.729624,1.894001
768017545.913831,2.126096
768017547.630609,1.655651
768017549.4529829,1.7642090000000001
768017551.437021,1.923692
768017553.6255779,2.136556
768017555.317945,1.637464
768017557.487244,2.1170199999999997
768017559.788879,2.240783
768017561.522422,1.6755419999999999
768017563.6532639,2.068658
768017565.801452,2.090398
768017567.964826,2.102722
768017570.157959,2.109292
768017571.930056,1.693835
768017573.722501,1.73489
768017575.57268,1.7886950000000001
768017577.611528,1.980197
768017579.513502,1.8400599999999998
768017581.7804819,2.20916
768017583.945008,2.103329
768017585.882109,1.853516
768017587.640309,1.6999389999999999
768017589.496071,1.797867
768017591.263888,1.706289
768017593.184356,1.862949
768017595.138973,1.896462
768017597.214206,2.02016
768017599.157612,1.881001
768017601.332502,2.11677
768017603.441358,2.046741
768017605.3419399,1.842296
768017607.400029,1.9966860000000002
768017609.57311,2.115392
768017611.579432,1.945451
768017613.780448,2.1427199999999997
768017616.211239,2.370074
768017618.415789,2.142985
768017620.639362,2.1654780000000002
768017623.057549,2.355852
768017625.303615,2.1882569999999997
768017627.4748919,2.1098179999999997
768017629.822559,2.288856
768017631.899882,2.016316
768017633.6960651,1.738614
768017635.666409,1.911883
768017637.508619,1.78421
768017639.787973,2.2180009999999997
768017642.06689,2.220677
768017644.241645,2.116575
768017646.2092079,1.907218
768017648.2459171,1.978002
768017650.428705,2.12133
768017652.669469,2.1830640000000003
768017654.61931,1.888634
768017656.552803,1.8758640000000002
768017658.7627541,2.148047
768017660.783907,1.963167
768017662.810852,1.9652020000000001
768017665.1014969,2.232219
768017666.9512451,1.7885710000000001
768017669.132635,2.09973
768017671.090405,1.896131
768017672.689058,1.540082
768017674.309436,1.5593860000000002
768017676.08427,1.717044
768017677.762784,1.616575
768017679.2649369,1.444409
768017681.047148,1.724386
768017682.8186389,1.709487
768017684.529553,1.652949
768017686.414819,1.823617
768017688.303854,1.830589
768017690.412184,2.047293
768017692.178112,1.707888
768017694.281365,2.041169
768017696.2503661,1.888779
768017698.260703,1.949561
768017700.165043,1.845619
768017702.3803569,2.154322
768017704.142787,1.703297
768017705.834151,1.629616
768017707.702577,1.8107069999999998
768017709.737582,1.977019
768017711.9024479,2.102847
768017714.1067469,2.146379
768017716.349856,2.181892
768017718.580907,2.169317
768017720.795044,2.1563120000000002
768017722.943578,2.087412
768017724.87659,1.875183
768017726.619695,1.6815470000000001
768017728.524997,1.848154
768017730.416607,1.829886
768017732.17393,1.699077
768017734.2185119,1.9824769999999998
768017736.3880041,2.111773
768017738.15309,1.7034369999999999
768017740.146698,1.935768
768017742.01103,1.802333
768017744.231015,2.1620150000000002
768017746.778272,2.4861549999999997
768017748.755377,1.9192600000000002
768017750.69532,1.878746
768017753.001591,2.248151
768017755.157793,2.09522
768017757.421755,2.205752
768017759.5864769,2.103123
768017761.7062601,2.062368
768017763.847556,2.0786659999999997
768017765.65234,1.7468839999999999
768017767.645717,1.938921
768017769.732743,2.029211
768017771.806387,2.010798
768017774.0752361,2.210644
768017775.889075,1.75195
768017778.1285111,2.1781420000000002
768017779.872452,1.6824679999999999
768017782.0729871,2.1426700000000003
768017784.3562399,2.2215030000000002
768017786.575533,2.158036
768017788.516102,1.8823990000000002
768017790.505801,1.928787
768017792.3011019,1.736654
768017794.0985589,1.7364789999999999
768017795.8345671,1.67863
768017798.139169,2.253659
768017799.852689,1.651792
768017801.6901989,1.762365
768017803.475508,1.7220659999999999
768017805.508137,1.975345
768017807.398008,1.827947
768017809.615482,2.159574
768017811.599027,1.9183270000000001
768017813.4789549,1.8217629999999998
768017815.760594,2.220591
768017818.0846009,2.265632
768017820.1145741,1.969542
768017822.0413309,1.866141
768017824.12751,2.0287949999999997
768017826.285099,2.0952290000000002
768017828.177592,1.834387
768017830.386396,2.1477269999999997
768017832.368267,1.924156
768017834.406749,1.976964
768017836.3371351,1.8726420000000001
768017838.545879,2.147532
768017840.872238,2.2683579999999997
768017842.842175,1.907958
768017845.0040549,2.1035239999999997
768017847.117668,2.0522650000000002
768017849.092667,1.916298
768017851.125672,1.9721629999999999
768017853.2080771,2.0238140000000002
768017855.511005,2.241921
768017857.717038,2.147818
768017859.894709,2.119907
768017862.126387,2.1743539999999997
768017864.42477,2.236994
768017866.722801,2.235486
768017869.01072,2.229879
768017871.733055,2.660917
768017874.27071,2.480267
768017876.470889,2.138676
768017878.3780011,1.845694
768017880.731743,2.295371
768017882.914221,2.121015
768017885.023032,2.050886
768017886.970773,1.8858970000000002
768017889.13132,2.102687
768017891.033255,1.840015
768017893.319925,2.228164
768017895.6355879,2.254441
768017897.8157611,2.122643
768017899.788851,1.9146040000000002
768017901.854677,2.008027
768017904.107729,2.192526
768017906.5003711,2.33141
768017908.480212,1.922683
768017910.710075,2.1686
768017912.742123,1.973953
768017914.635898,1.832302
768017916.906336,2.212448
768017918.975721,2.00717
768017921.026036,1.992265
768017923.022456,1.935303
768017924.887454,1.807023
768017926.883779,1.9347050000000001
768017928.7935511,1.851953
768017930.982033,2.125616
768017933.171597,2.1310729999999998
768017935.097262,1.8648580000000001
768017937.056515,1.9020599999999999
768017939.372058,2.253504
768017941.600021,2.170159
768017943.518013,1.8570900000000001
768017945.932075,2.356027
768017947.987257,1.994596
768017950.011261,1.9365599999999998
768017952.181921,2.109633
768017954.306384,2.063485
768017955.945822,1.581474
768017957.901131,1.873143
768017959.8825109,1.920684
768017961.736865,1.796213
768017963.6071349,1.809344
768017965.648229,1.983154
768017967.4785969,1.769491
768017969.44008,1.903803
768017971.293727,1.793207
768017973.252779,1.900802
768017975.2051309,1.89129
768017976.9999559,1.736574
768017978.615408,1.55423
768017980.50967,1.836076
768017982.214751,1.64433
768017984.3075,2.034945
768017986.2255571,1.833846
768017987.88434,1.600819
768017989.506463,1.564012
768017991.1251581,1.557993
768017993.1087819,1.92592
768017995.076726,1.906706
768017997.351434,2.216558
768017999.569254,2.157304
768018001.5103749,1.8835119999999999
768018003.4173659,1.8455080000000001
768018005.1654869,1.690427
768018007.032345,1.805635
768018008.7022641,1.612205
768018010.641616,1.878455
768018012.525934,1.826399
768018014.25896,1.672275
768018016.224102,1.906961
768018018.146123,1.86121
768018020.135296,1.931664
768018021.932045,1.735797
768018023.915439,1.9252690000000001
768018025.676716,1.7033669999999999
768018027.53327,1.796143
768018029.694248,2.102988
768018031.832778,2.077353
768018034.088627,2.1805090000000003
768018036.0589269,1.9091710000000002
768018037.967642,1.846917
768018039.639415,1.613733
768018041.7991201,2.1018600000000003
768018043.561765,1.700987
768018045.313269,1.693314
768018047.401292,2.026936
768018049.45083,1.9912670000000001
768018051.2665039,1.754456
768018053.041638,1.7173500000000002
768018055.008459,1.90865
768018056.870625,1.804267
768018058.6992539,1.767537
768018060.470775,1.713306
768018062.350949,1.819292
768018064.2644099,1.855426
768018066.096351,1.770473
768018067.7596301,1.605274
768018069.904961,2.08687
768018072.1409941,2.1751460000000002
768018074.2795149,2.076532
768018076.2276471,1.890348
768018077.9772271,1.687591
768018079.950372,1.9152660000000001
768018082.026898,1.9917490000000002
768018083.773551,1.685365
768018085.8691111,2.037991
768018087.810177,1.883051
768018090.0490459,2.180593
768018091.9364619,1.825978
768018093.944453,1.949214
768018095.6760911,1.670721
768018097.445778,1.711706
768018099.291401,1.7847220000000001
768018101.0857999,1.7364089999999999
768018102.806387,1.6588589999999999
768018104.8489089,1.9849780000000001
768018106.650505,1.740027
768018108.384142,1.6755769999999999
768018110.199746,1.754472
768018112.103726,1.8455489999999999
768018113.947389,1.78213
768018116.107645,2.102306
768018118.2785009,2.109107
768018120.2570289,1.9201419999999998
768018122.980011,2.662069
768018125.3394909,2.3013149999999998
768018127.46014,2.0592200000000003
768018129.691311,2.172916
768018131.617381,1.863991
768018133.551175,1.875809
768018135.4754521,1.862813
768018137.3447751,1.811674
768018139.5161221,2.109909
768018141.511995,1.9373420000000001
768018143.419768,1.846165
768018145.3978349,1.920849
768018147.378594,1.919761
768018149.3974559,1.9609929999999998
768018151.038283,1.582771
768018152.694114,1.59734
768018154.531744,1.776297
768018156.41714,1.8274210000000002
768018158.472557,1.993979
768018160.823938,2.293427
768018162.6388501,1.7537340000000001
768018164.326475,1.6300869999999998
768018166.825996,2.438529
768018168.8106431,1.926166
768018170.685419,1.8136230000000002
768018172.870754,2.127495
768018175.074015,2.1421539999999997
768018176.841897,1.7099870000000001
768018178.786997,1.883792
768018180.829965,1.9851180000000002
768018182.879759,1.9877240000000003
768018185.0852,2.1473809999999998
768018187.0121831,1.865074
768018188.826198,1.756225
768018190.940858,2.0553369999999997
768018192.82041,1.821658
768018194.822793,1.941887
768018196.883032,2.0024930000000003
768018198.633263,1.688944
768018200.612212,1.921084
768018202.316315,1.64247
768018204.104836,1.73065
768018206.3632749,2.1967760000000003
768018208.295771,1.8745560000000001
768018210.275141,1.918503
768018212.124513,1.791883
768018214.053129,1.867248
768018215.8124919,1.700872
768018217.450642,1.5801450000000001
768018219.2252309,1.7138520000000002
768018220.919742,1.6365869999999998
768018222.5264239,1.5452039999999998
768018224.122672,1.538573
768018225.849122,1.665138
768018227.486225,1.579323
768018229.698322,2.154518
768018231.6116279,1.851788
768018233.315135,1.645367
768018235.359902,1.986271
768018237.29993,1.881958
768018239.2640749,1.902646
768018241.3005869,1.9787379999999999
768018243.338874,1.9760419999999999
768018245.487483,2.090002
768018248.0740371,2.5284079999999998
768018250.409241,2.274212
768018252.663746,2.196686
768018254.796579,2.0718199999999998
768018256.536385,1.664511
768018258.486653,1.889361
768018260.1624459,1.617873
768018262.021365,1.796985
768018264.098648,2.018802
768018266.3128699,2.152669
768018268.269522,1.8982210000000002
768018270.360296,2.0291810000000003
768018272.316061,1.8981510000000001
768018274.5962211,2.219228
768018276.4592249,1.804473
768018278.195023,1.673828
768018279.891418,1.638606
768018281.88455,1.935087
768018283.5292,1.5833819999999998
768018285.167366,1.579754
768018286.82031,1.587397
768018288.345678,1.443557
768018289.977237,1.570638
768018291.840482,1.8052700000000002
768018293.6879021,1.7894160000000001
768018295.5651541,1.822228
768018297.630598,2.0131300000000003
768018299.448602,1.762526
768018301.618237,2.1174530000000003
768018303.267163,1.593458
768018305.055735,1.736605
768018306.662291,1.54575
768018308.2758191,1.555944
768018309.923752,1.5867399999999998
768018311.485359,1.5032960000000002
768018313.247388,1.703803
768018314.9354689,1.627716
768018316.733872,1.740563
768018318.204743,1.410079
768018319.8333659,1.570583
768018321.318951,1.4276200000000001
768018322.8166189,1.436676
768018324.3982469,1.523994
768018325.943506,1.484377
768018327.653062,1.6518920000000001
768018329.464926,1.754456
768018331.131642,1.6117080000000001
768018332.6571809,1.473141
768018334.1916729,1.4821140000000002
768018335.631112,1.3870449999999999
768018337.254425,1.5707989999999998
768018339.092475,1.766856
768018340.97084,1.8204799999999999
768018342.6810081,1.64866
768018344.704721,1.9663850000000003
768018346.590658,1.824815
768018348.460087,1.811123
768018350.4760671,1.9556550000000001
768018352.050624,1.516803
768018353.689476,1.576346
768018355.356628,1.6088470000000001
768018356.9495881,1.534965
768018358.611649,1.60135
768018360.794518,2.125085
768018362.462392,1.6065770000000001
768018364.0262591,1.4799959999999999
768018365.579066,1.487945
768018367.198557,1.562193
768018368.868236,1.611333
768018370.453027,1.5233569999999999
768018372.707046,2.1962599999999997
768018374.347231,1.578096
768018375.8941079,1.4895939999999999
768018377.610486,1.658638
768018379.025912,1.354535
768018380.703324,1.619567
768018382.81856,2.054064
768018384.682686,1.8064870000000002
768018386.519584,1.775415
768018388.515929,1.938129
768018390.12449,1.547164
768018391.810757,1.628638
768018393.507509,1.638536
768018395.155416,1.576692
768018396.833991,1.621051
768018398.654356,1.759108
768018400.1733489,1.4610859999999999
768018401.796519,1.567946
768018403.362305,1.494179
768018404.962232,1.5473
768018406.571417,1.5482639999999999
768018408.230759,1.606714
768018409.889858,1.598172
768018411.916267,1.9687860000000001
768018413.787279,1.81924
768018415.886789,2.037099
768018417.584598,1.639939
768018419.233137,1.587302
768018421.075247,1.783769
768018422.803923,1.66808
768018424.944108,2.082305
768018427.1312261,2.1285819999999998
768018429.306097,2.117036
768018431.243254,1.875173
768018433.29401,1.980403
768018435.0134751,1.6584480000000001
768018436.890035,1.818981
768018438.520282,1.572287
768018440.2028049,1.624649
768018441.8710649,1.6077240000000002
768018443.812562,1.883963
768018445.943099,2.072923
768018447.862173,1.858548
768018449.8212011,1.9012930000000001
768018451.759024,1.877157
768018453.555733,1.7382529999999998
768018455.29985,1.6832850000000001
768018457.486036,2.128151
768018459.669281,2.108726
768018461.626384,1.898657
768018463.461112,1.772864
768018465.601437,2.0820130000000003
768018467.61045,1.947611
768018469.3333081,1.6647420000000002
768018471.1839731,1.7928359999999999
768018472.836772,1.594779
768018474.4922681,1.594062
768018476.081945,1.5314320000000001
768018477.781493,1.638456
768018479.619715,1.780502
768018481.500541,1.822595
768018483.3660549,1.804337
768018485.353504,1.9296039999999999
768018487.326193,1.911567
768018489.202849,1.81869
768018490.960622,1.696456
768018492.6356931,1.6172009999999999
768018494.5840311,1.889831
768018496.701608,2.060244
768018499.0113419,2.248898
768018501.1313289,2.0582439999999997
768018503.271243,2.077784
768018505.1929829,1.8636650000000001
768018507.2706169,2.016486
768018509.462311,2.13408
768018511.669868,2.1460879999999998
768018513.638778,1.91072
768018515.32704,1.6262379999999999
768018517.149379,1.76452
768018519.100974,1.890298
768018520.849306,1.689159
768018522.841591,1.9313170000000002
768018524.573033,1.673082
768018526.8142331,2.180217
768018529.025382,2.15338
768018531.009042,1.92154
768018533.07107,2.0035819999999998
768018534.871418,1.739266
768018537.063137,2.1338500000000002
768018539.26499,2.140355
768018541.212561,1.889837
768018543.454036,2.183686
768018545.3557949,1.8444909999999999
768018547.3424021,1.925389
768018549.174554,1.774248
768018551.333432,2.098226
768018553.656772,2.264704
768018555.9040511,2.186397
768018558.043183,2.081693
768018560.1007301,1.996595
768018562.107975,1.9458520000000001
768018564.284464,2.118539
768018566.362965,2.017378
768018568.2727779,1.8516629999999998
768018570.201785,1.868151
768018572.370371,2.110155
768018574.339787,1.907898
768018576.384956,1.964209
768018578.3472099,1.901127
768018580.267793,1.8626479999999999
768018582.429608,2.0998560000000004
768018584.403896,1.9167139999999998
768018586.58241,2.117371
768018588.8838849,2.24385
768018591.066959,2.122252
768018593.2010239,2.0758550000000002
768018595.237066,1.974489
768018597.39627,2.100858
768018599.570383,2.112996
768018601.634491,2.006673
768018603.645815,1.950518
768018605.6151761,1.91085
768018607.660064,1.984272
768018609.696802,1.978583
768018611.81503,2.05688
768018614.029929,2.156908
768018615.981464,1.893299
768018618.109354,2.0432279999999996
768018619.887551,1.717565
768018622.752232,2.806727
768018625.163944,2.351006
768018627.661591,2.4362630000000003
768018630.26119,2.540768
768018632.548737,2.2288859999999997
768018634.7492219,2.139518
768018636.501228,1.693945
768018638.2504721,1.688343
768018640.457121,2.1489399999999996
768018642.355523,1.837018
768018644.3384811,1.924823
768018646.111315,1.711395
768018648.1631429,1.9940840000000002
768018650.0093629,1.784827
768018651.983956,1.917014
768018654.016961,1.951435
768018656.2027969,2.124472
768018658.046335,1.773495
768018660.323263,2.219158
768018662.2661129,1.881883
768018664.1436349,1.819447
768018666.708393,2.5042969999999998
768018668.931621,2.1591280000000004
768018671.17666,2.1816560000000003
768018673.4238731,2.1884970000000004
768018675.4063,1.9207079999999999
768018677.5412381,2.077183
768018679.591834,1.9892439999999998
768018681.759813,2.1098890000000003
768018683.732287,1.911051
768018685.59742,1.8074189999999999
768018687.708938,2.050786
768018690.029492,2.245279
768018692.295359,2.204589
768018694.550827,2.19424
768018696.775749,2.166897
768018698.720804,1.883692
768018700.751804,1.9728100000000002
768018702.76391,1.9515349999999998
768018704.5349541,1.7130139999999998
768018706.591539,1.9953470000000002
768018708.43171,1.781078
768018710.298603,1.805555
768018712.3317931,1.975236
768018714.637638,2.244708
768018716.598285,1.902496
768018718.460627,1.80131
768018720.672714,2.1543579999999998
768018722.591137,1.857256
768018724.406505,1.756932
768018726.6183211,2.150614
768018728.577674,1.901218
768018730.416116,1.777028
768018732.3459101,1.871619
768018734.341132,1.934159
768018736.5578339,2.1586320000000003
768018738.524063,1.905467
768018740.2612989,1.679807
768018742.251364,1.928411
768018744.2185551,1.909246
768018746.546712,2.2672600000000003
768018748.9937869,2.388703
768018751.4749,2.419109
768018754.0629821,2.5302729999999998
768018756.221069,2.096422
768018758.523923,2.2448379999999997
768018760.604238,2.022596
768018762.7972549,2.131639
768018764.8559949,2.000108
768018766.850149,1.933303
768018768.920511,2.011465
768018770.894473,1.9127599999999998
768018773.027446,2.074827
768018775.050066,1.961333
768018777.0167811,1.90865
768018778.739709,1.66153
768018780.8658509,2.0682970000000003
768018783.01448,2.088313
768018784.850806,1.778256
768018787.005579,2.092323
768018788.9063311,1.842631
768018790.922021,1.954311
768018793.126981,2.146494
768018795.2731739,2.0851960000000003
768018797.406648,2.075644
768018799.400782,1.933127
768018801.189773,1.730771
768018802.9410369,1.690036
768018805.082534,2.082615
768018807.268515,2.124894
768018809.421484,2.095335
768018811.483101,1.9994560000000001
768018813.893093,2.352313
768018816.108428,2.154197
768018818.374887,2.208549
768018820.5198779,2.0869310000000003
768018822.588676,2.007761
768018824.466795,1.82051
768018826.551109,2.023477
768018828.2727239,1.66382
768018830.561389,2.226746
768018832.7745229,2.155475
768018834.766051,1.930325
768018836.527118,1.701447
768018838.68987,2.101564
768018840.631196,1.883918
768018842.602607,1.910073
768018844.843957,2.1655889999999998
768018847.003391,2.098071
768018848.758604,1.696912
768018850.692528,1.872942
768018852.773875,2.0237480000000003
768018854.7993921,1.9632870000000002
768018856.9587159,2.101239
768018859.01707,1.9968910000000002
768018860.976228,1.89996
768018863.339707,2.302217
768018865.338086,1.940369
768018867.244516,1.845283
768018869.2465891,1.9439069999999998
768018871.788679,2.481224
768018874.2870369,2.440649
768018876.4339019,2.085913
768018878.6067381,2.1111020000000003
768018880.573583,1.9086
768018882.6836879,2.048747
768018884.531552,1.790064
768018886.5029881,1.909928
768018888.5333769,1.972334
768018890.769034,2.1742329999999996
768018892.833331,2.006187
768018894.959077,2.064368
768018897.04296,2.025643
768018898.997763,1.893225
768018901.310915,2.231908
768018903.6818719,2.309769
768018906.0234101,2.2834079999999997
768018907.973837,1.892783
768018910.143275,2.0864849999999997
768018912.147457,1.943196
768018914.268893,2.0597820000000002
768018916.136608,1.8092139999999999
768018918.6276801,2.430396
768018920.83906,2.1531800000000003
768018923.232735,2.332888
768018925.4696499,2.178904
768018927.7303699,2.182884
768018929.6915519,1.903157
768018931.671198,1.9219110000000001
768018933.8050519,2.0756390000000002
768018935.9204841,2.0547310000000003
768018937.934514,1.956316
768018940.051264,2.05898
768018942.236463,2.122428
768018944.1904141,1.8958
768018946.1827941,1.9308319999999999
768018948.141085,1.900477
768018949.88035,1.678399
768018951.593059,1.654378
768018953.284368,1.6332440000000001
768018954.978248,1.632668
768018956.639291,1.602542
768018958.6646631,1.967211
768018960.710573,1.987188
768018962.667426,1.89562
768018964.324826,1.599135
768018965.9939481,1.6080949999999998
768018967.684095,1.6326470000000002
768018969.366799,1.6243029999999998
768018971.053131,1.625396
768018973.1327239,2.021804
768018975.0958259,1.9019849999999998
768018977.329553,2.1753810000000002
768018979.452598,2.062192
768018981.4940021,1.9839710000000002
768018983.26885,1.713285
768018985.251377,1.924452
768018987.024457,1.711391
768018989.0627439,1.980327
768018991.0038589,1.8799730000000001
768018993.0362179,1.974708
768018994.9081969,1.81413
768018997.548933,2.583186
768018999.9214339,2.310867
768019002.408892,2.4292480000000003
768019004.580023,2.109874
768019006.552437,1.911673
768019008.437642,1.82708
768019010.5730801,2.074456
768019012.360518,1.729262
768019014.393473,1.9707299999999999
768019016.217782,1.766063
768019018.1902,1.911642
768019020.196262,1.948303
768019022.058118,1.801024
768019023.826477,1.7099769999999999
768019025.7881,1.903754
768019027.4278841,1.5794839999999999
768019029.139185,1.653507
768019031.085964,1.886173
768019032.957142,1.8130030000000001
768019034.577501,1.559362
768019036.40615,1.770799
768019038.070405,1.603349
768019039.8501999,1.722035
768019041.8511101,1.9432099999999999
768019043.759836,1.8474730000000001
768019045.766669,1.948588
768019048.030251,2.203271
768019050.277645,2.183109
768019052.409841,2.073279
768019054.380846,1.909497
768019056.362952,1.923936
768019058.320191,1.896441
768019060.4515591,2.0730229999999996
768019062.417678,1.90427
768019064.341845,1.866998
768019066.5268279,2.123686
768019068.532063,1.94729
768019070.294423,1.701368
768019072.454845,2.102252
768019074.4196509,1.903574
768019076.435716,1.95778
768019078.515795,2.019072
768019080.46484,1.891445
768019082.4355891,1.9089459999999998
768019084.493607,1.9993659999999998
768019086.305843,1.7505769999999998
768019088.2411,1.877232
768019090.383991,2.082064
768019092.5231019,2.0807759999999997
768019094.282244,1.697508
768019096.5024401,2.162051
768019098.493502,1.929499
768019100.748288,2.196601
768019102.700815,1.8910689999999999
768019104.807677,2.048466
768019106.789809,1.9201730000000001
768019108.747168,1.899023
768019110.516318,1.7076120000000001
768019112.252191,1.677372
768019114.029655,1.7162819999999999
768019115.846487,1.7584549999999999
768019118.099113,2.193644
768019120.137169,1.977285
768019122.782856,2.584209
768019125.234967,2.394386
768019127.107067,1.810506
768019129.275883,2.1109560000000003
768019131.218938,1.882008
768019133.4549,2.178148
768019135.467162,1.9505320000000002
768019137.638438,2.113247
768019139.5423471,1.842481
768019141.4431291,1.84195
768019143.650375,2.145693
768019145.834542,2.124894
768019148.155808,2.259587
768019150.236294,2.022696
768019152.20109,1.906941
768019154.280542,2.001556
768019156.2194281,1.881267
768019158.213562,1.932766
768019160.112595,1.840757
768019162.283696,2.1098689999999998
768019164.419906,2.0783400000000003
768019166.913975,2.432485
768019168.94516,1.9726940000000002
768019170.9731231,1.96669
768019173.216523,2.18528
768019175.111266,1.834001
768019177.308247,2.13836
768019179.406048,2.036543
768019181.424819,1.9601950000000001
768019183.649521,2.163434
768019185.5730159,1.8654249999999999
768019187.84382,2.2098109999999997
768019189.91134,2.0093
768019192.076357,2.107012
768019194.397768,2.259933
768019196.643879,2.18759
768019198.5986869,1.894031
768019200.458593,1.8014999999999999
768019202.553843,2.032519
768019204.682305,2.069339
768019206.939722,2.1967060000000003
768019208.8737869,1.875959
768019211.224281,2.289036
768019213.331528,2.0491620000000004
768019215.177553,1.785182
768019217.457061,2.198179
768019219.6392441,2.1195910000000002
768019221.455554,1.7586060000000001
768019223.250103,1.73265
768019225.4573289,2.1492809999999998
768019227.658847,2.140655
768019229.7702091,2.052997
768019231.540953,1.7128539999999999
768019233.7434369,2.1447800000000004
768019235.7197549,1.914609
768019238.075381,2.298203
768019240.280977,2.147752
768019242.399351,2.055688
768019244.608757,2.15141
768019246.7546339,2.084735
768019248.8291199,2.0165859999999998
768019251.01677,2.126763
768019252.9938049,1.919074
768019255.056183,2.0012160000000003
768019257.127868,2.013454
768019259.129579,1.9407400000000001
768019261.164293,1.976162
768019263.183491,1.958126
768019265.2154789,1.973893
768019267.4393231,2.162672
768019269.40474,1.907227
768019271.4268099,1.960911
768019273.647747,2.162862
768019275.8946899,2.188803
768019278.1575799,2.204439
768019280.363147,2.143431
768019282.438761,2.0150319999999997
768019284.4850559,1.9877089999999997
768019286.2110411,1.664717
768019288.457518,2.188192
768019290.701263,2.182573
768019292.8090669,2.050044
768019294.74695,1.87638
768019296.8494321,2.044868
768019299.1022431,2.190617
768019301.483359,2.322514
768019303.783622,2.2383830000000002
768019305.890769,2.049258
768019308.096171,2.1477570000000004
768019310.061012,1.903012
768019312.209255,2.0905289999999996
768019314.105973,1.8336750000000002
768019315.973076,1.8094439999999998
768019317.9478151,1.893024
768019320.1556821,2.146775
768019322.3451159,2.127731
768019324.6335651,2.23074
768019326.613797,1.919395
768019328.4788209,1.8068030000000002
768019330.609112,2.069274
768019332.626876,1.959143
768019334.847713,2.1590730000000002
768019336.9977009,2.092042
768019339.225008,2.166692
768019341.425322,2.14255
768019343.420599,1.933639
768019345.2896069,1.811199
768019347.191381,1.8400910000000001
768019348.907417,1.658417
768019351.0956889,2.1305970000000003
768019353.234645,2.0809919999999997
768019355.196233,1.898702
768019357.433283,2.1788689999999997
768019359.707314,2.212949
768019361.847183,2.081242
768019363.866751,1.961217
768019365.947006,2.023082
768019367.911156,1.903844
768019369.943649,1.9747290000000002
768019372.5436051,2.5390040000000003
768019374.473951,1.8687829999999999
768019376.415362,1.883817
768019378.134967,1.658092
768019380.02788,1.835089
768019382.1282569,2.0374350000000003
768019384.2442,2.057106
768019386.010248,1.704786
768019388.1206781,2.05214
768019389.852967,1.670079
768019391.73069,1.802222
768019393.636794,1.8470909999999998
768019395.4501729,1.7522659999999999
768019397.568296,2.060583
768019399.586997,1.9577650000000002
768019401.6643549,2.019438
768019403.878502,2.152873
768019405.7179661,1.781484
768019407.8795199,2.103278
768019410.0678971,2.130697
768019412.151069,2.0217899999999998
768019414.430833,2.216602
768019416.812881,2.323883
768019418.6013011,1.726035
768019420.972072,2.312912
768019423.348096,2.3152820000000003
768019425.5574161,2.1514059999999997
768019427.531614,1.91266
768019429.599364,2.009425
768019431.5574449,1.90004
768019433.561667,1.946213
768019435.396731,1.7730389999999998
768019437.130875,1.675948
768019439.3519421,2.1596699999999998
768019441.6132491,2.203673
768019443.4801869,1.805539
768019445.305889,1.768127
768019447.179257,1.812807
768019449.20046,1.9633430000000003
768019451.1173191,1.855031
768019453.272393,2.096899
768019455.451092,2.117607
768019457.310688,1.8014299999999999
768019459.459602,2.087862
768019461.440471,1.9232889999999998
768019463.371969,1.870055
768019465.1127181,1.682769
768019467.233126,2.061887
768019469.0438981,1.7526620000000002
768019470.662924,1.557969
768019472.3353341,1.61433
768019473.8715019,1.47492
768019475.461956,1.532915
768019477.14899,1.6171309999999999
768019478.715428,1.505286
768019480.367134,1.593351
768019482.178673,1.7506119999999998
768019484.24457,2.007841
768019485.9709411,1.665278
768019487.757026,1.728326
768019489.4238031,1.6083399999999999
768019491.036654,1.5520399999999999
768019492.700253,1.606336
768019494.4050131,1.643262
768019496.638605,2.1756919999999997
768019498.9804541,2.2803609999999996
768019501.2353309,2.1967309999999998
768019503.607515,2.310285
768019505.846615,2.180679
768019507.975573,2.067746
768019509.7209281,1.662437
768019511.533219,1.753563
768019513.8514429,2.259953
768019516.059269,2.146674
768019517.82231,1.7027299999999999
768019519.8188101,1.938289
768019521.714239,1.837845
768019523.5295919,1.7534589999999999
768019525.280269,1.692677
768019526.9972991,1.6557309999999998
768019528.9174759,1.8625880000000001
768019530.8296801,1.853818
768019532.832394,1.92127
768019534.622403,1.72821
768019536.629022,1.948818
768019538.398482,1.708053
768019540.665688,2.2092549999999997
768019542.912726,2.185976
768019544.849321,1.87866
768019547.162779,2.25198
768019549.092568,1.8711929999999999
768019551.0174011,1.863059
768019552.747209,1.670901
768019554.725402,1.917069
768019556.539912,1.7568009999999998
768019558.3064721,1.705547
768019560.154921,1.791191
768019562.1385959,1.922527
768019563.780635,1.5838079999999999
768019565.63331,1.794569
768019567.4067,1.712162
768019569.123303,1.6591690000000001
768019570.880546,1.695543
768019573.107382,2.1688609999999997
768019574.844041,1.6751960000000001
768019576.721168,1.819082
768019578.586307,1.807469
768019580.2245419,1.5801999999999998
768019582.368545,2.0827150000000003
768019584.3575879,1.9307910000000001
768019586.143567,1.725138
768019587.8735659,1.672109
768019589.8988329,1.9672159999999999
768019591.777693,1.817498
768019593.569561,1.7344140000000001
768019595.3167859,1.685159
768019597.139917,1.764845
768019598.86948,1.668105
768019600.9672459,2.039951
768019603.164103,2.138165
768019605.403925,2.181381
768019607.671506,2.205808
768019609.6685619,1.93861
768019611.510201,1.759583
768019613.3550221,1.7868160000000002
768019615.104471,1.68781
768019617.337968,2.1759180000000002
768019619.322776,1.923249
768019621.625734,2.244773
768019623.901559,2.214798
768019625.8195161,1.859716
768019627.798234,1.920523
768019629.551041,1.6941650000000001
768019631.311837,1.699789
768019633.2614931,1.891501
768019634.97588,1.6528289999999999
768019636.799878,1.765627
768019639.105418,2.24778
768019641.347945,2.184086
768019643.5831611,2.174169
768019645.758693,2.1171710000000004
768019647.7749679,1.955113
768019649.859859,2.02672
768019652.0725019,2.154458
768019707.957119,55.823288999999995
768019711.8583391,3.816037
768019714.713579,2.7973049999999997
768019717.349333,2.574576
768019719.492474,2.081723
768019721.500461,1.950378
768019723.2408999,1.682609
768019725.49299,2.194105
768019727.716714,2.1613130000000003
768019730.089134,2.314435
768019732.043616,1.8962510000000001
768019734.052886,1.9467690000000002
768019735.943073,1.831561
768019737.924793,1.897078
768019740.108679,2.122704
768019742.045279,1.875262
768019744.103137,1.9893379999999998
768019746.686393,2.5223440000000004
768019748.5840681,1.839719
768019750.379063,1.728656
768019752.177456,1.740067
768019754.496322,2.257493
768019756.351573,1.7972400000000002
768019758.0204539,1.6080050000000001
768019759.978369,1.900436
768019761.681496,1.615798
768019763.554042,1.811418
768019765.3910899,1.778713
768019767.088343,1.63637
768019769.1267401,1.980127
768019770.8882769,1.700435
768019773.097192,2.151135
768019774.887246,1.72812
768019777.1021041,2.156257
768019779.112486,1.948333
768019781.011418,1.841343
768019783.020412,1.950893
768019784.968745,1.890147
768019786.761786,1.731031
768019788.96662,2.1464689999999997
768019790.7299321,1.70244
768019792.66762,1.879688
768019794.652052,1.924087
768019796.408137,1.698436
768019798.16546,1.696131
768019799.886743,1.663163
768019802.053675,2.109312
768019804.0773181,1.9625559999999997
768019806.2494271,2.1102090000000002
768019808.154814,1.848144
768019810.1678319,1.951274
768019811.960041,1.7343840000000001
768019814.171236,2.128197
768019816.162223,1.9299689999999998
768019818.09548,1.8713479999999998
768019820.064887,1.911146
768019821.9816561,1.855066
768019824.159372,2.119907
768019826.058941,1.838852
768019828.1485829,2.031782
768019830.1383921,1.928667
768019832.2276781,2.0311209999999997
768019834.186515,1.897389
768019836.534073,2.289488
768019838.805699,2.209871
768019840.967869,2.1045059999999998
768019843.015217,1.985995
768019845.104328,2.03103
768019847.259742,2.0941620000000003
768019849.517831,2.199703
768019851.836592,2.2579480000000003
768019854.117418,2.222787
768019856.332161,2.156557
768019858.343701,1.9494600000000002
768019860.460711,2.058649
768019862.659232,2.136736
768019864.74755,2.030364
768019866.906694,2.0979
768019868.780583,1.815088
768019870.846534,2.004884
768019873.170627,2.266714
768019875.6754761,2.443416
768019878.155121,2.421936
768019880.348931,2.133112
768019882.3950261,1.9877950000000002
768019884.390533,1.937282
768019886.275839,1.824003
768019887.981757,1.647798
768019889.715891,1.646158
768019891.8584,2.081387
768019894.057442,2.140962
768019895.965911,1.8474920000000001
768019898.132688,2.087541
768019900.562,2.35085
768019902.739055,2.093435
768019904.995726,2.198636
768019906.9122291,1.8548550000000001
768019909.054449,2.0840929999999998
768019911.303712,2.188452
768019913.453118,2.091666
768019915.4112179,1.896833
768019917.48174,2.0127230000000003
768019919.479252,1.9361890000000002
768019921.3049539,1.768253
768019923.654596,2.286826
768019925.896067,2.183907
768019928.139617,2.1827389999999998
768019930.28352,2.0783199999999997
768019932.423785,2.081814
768019934.657261,2.171552
768019936.816886,2.10155
768019938.981372,2.102758
768019941.082886,2.0431429999999997
768019943.3419371,2.196982
768019945.260566,1.861284
768019947.3354731,2.013745
768019949.576688,2.1835750000000003
768019951.5071031,1.869769
768019953.491189,1.926361
768019955.348725,1.7963740000000001
768019957.565453,2.158703
768019959.540898,1.913957
768019961.336876,1.738529
768019963.409228,2.0105980000000003
768019965.343694,1.876505
768019967.6148579,2.210674
768019969.655686,1.983004
768019971.421969,1.704855
768019973.175789,1.6955390000000001
768019975.326588,2.089872
768019977.149097,1.765121
768019979.168355,1.958526
768019981.246169,2.019904
768019983.1455929,1.8385669999999998
768019985.32351,2.119887
768019987.514102,2.1292630000000003
768019989.408053,1.836396
768019991.4864279,2.0173840000000003
768019993.605303,2.061471
768019995.77491,2.108395
768019998.095345,2.262394
768020000.63317,2.47945
768020003.274788,2.5805659999999997
768020005.860355,2.5273719999999997
768020008.542075,2.6207130000000003
768020010.553244,1.953795
768020012.527056,1.915937
768020014.3948411,1.8061520000000002
768020016.421726,1.968725
768020018.335413,1.852429
768020020.280869,1.887671
768020022.25014,1.908149
768020024.07902,1.771231
768020025.9800371,1.839524
768020028.168855,2.130887
768020030.157747,1.927178
768020032.1798409,1.9642449999999998
768020034.3686479,2.127495
768020036.286891,1.860844
768020038.191702,1.84399
768020040.222346,1.972143
768020042.251672,1.96875
768020044.477636,2.1658839999999997
768020046.706322,2.167513
768020048.9195261,2.15555
768020050.970839,1.9905550000000003
768020052.9025271,1.873393
768020054.814962,1.8504450000000001
768020056.71847,1.845749
768020058.750242,1.97094
768020060.530072,1.722
768020062.745978,2.154353
768020064.5689491,1.7653809999999999
768020066.598189,1.967607
768020068.814762,2.159138
768020071.040069,2.1639250000000003
768020072.8535379,1.7553239999999999
768020074.64916,1.7328700000000001
768020076.5356131,1.8278770000000002
768020078.472494,1.8752630000000001
768020080.529544,1.9989000000000001
768020082.471552,1.880991
768020084.312815,1.783508
768020086.275025,1.901503
768020088.161819,1.828628
768020090.22744,2.004333
768020092.134486,1.848996
768020094.199977,2.003667
768020096.096184,1.838422
768020097.897594,1.7394159999999999
768020099.61122,1.655691
768020101.366192,1.697152
768020102.996825,1.56938
768020104.641164,1.5863990000000001
768020106.345098,1.642806
768020107.952005,1.548897
768020109.4958161,1.4605810000000001
768020111.1193421,1.5629350000000002
768020112.772401,1.595841
768020114.847153,2.014035
768020116.7716651,1.8661210000000001
768020118.4973891,1.66418
768020120.200195,1.644821
768020122.684782,2.423434
768020125.145698,2.403082
768020127.454154,2.247239
768020129.848124,2.336426
768020131.710091,1.7869570000000001
768020133.3753691,1.607218
768020135.240288,1.8039569999999998
768020136.902675,1.604252
768020138.8902041,1.92581
768020140.782275,1.8342969999999998
768020142.550383,1.7069050000000001
768020144.712473,2.104616
768020146.442783,1.668771
768020148.291759,1.7912869999999999
768020150.266398,1.913887
768020152.023445,1.699268
768020153.82038,1.733497
768020155.6077629,1.7297129999999998
768020157.871825,2.206238
768020159.840535,1.907693
768020162.104273,2.2059670000000002
768020164.077343,1.91542
768020165.8088,1.6700549999999998
768020167.507812,1.641007
768020169.2672291,1.701382
768020171.238245,1.909948
768020173.400009,2.10409
768020175.34751,1.886464
768020177.3123319,1.907157
768020179.341397,1.967953
768020181.0820811,1.682528
768020182.80762,1.664096
768020184.590873,1.725168
768020186.421095,1.7727629999999999
768020188.21985,1.740864
768020190.195992,1.9146949999999998
768020192.067971,1.813779
768020194.009017,1.879081
768020195.6819329,1.6151220000000002
768020197.531952,1.7922280000000002
768020199.2352381,1.641392
768020200.899254,1.6060409999999998
768020202.5781341,1.620269
768020204.342934,1.706284
768020206.62333,2.219194
768020208.501298,1.819577
768020210.274889,1.712418
768020212.444146,2.0883339999999997
768020214.388685,1.883572
768020216.342335,1.895735
768020218.185473,1.781469
768020219.8853519,1.6419839999999999
768020222.1096721,2.166681
768020223.895882,1.72393
768020226.115025,2.161263
768020228.208716,2.032874
768020229.9518011,1.681506
768020231.768497,1.758726
768020233.510499,1.684228
768020235.513118,1.942068
768020237.186996,1.615934
768020239.076386,1.828418
768020241.30201,2.1674469999999997
768020243.255003,1.891726
768020245.279337,1.9660440000000001
768020247.895661,2.5551250000000003
768020250.265635,2.310957
768020252.604663,2.278676
768020254.708593,2.0422919999999998
768020256.591684,1.82477
768020258.7285,2.0755790000000003
768020260.667351,1.880169
768020262.5839089,1.854965
768020264.307027,1.664712
768020266.022192,1.653276
768020267.74981,1.669082
768020269.794237,1.9858390000000001
768020271.465424,1.609775
768020273.750706,2.227007
768020275.706295,1.894542
768020277.4662191,1.70238
768020279.472507,1.948197
768020281.270203,1.73916
768020283.037579,1.706449
768020284.939083,1.843454
768020286.9313681,1.933908
768020288.882031,1.892452
768020290.842617,1.8994229999999999
768020293.0468249,2.145883
768020294.8028,1.694672
768020296.656207,1.795437
768020298.286093,1.5691950000000001
768020299.9236469,1.579062
768020301.4734261,1.4918500000000001
768020302.941866,1.4071330000000002
768020304.40566,1.405669
768020306.0338371,1.566764
768020307.972447,1.880213
768020309.904326,1.850039
768020311.777353,1.812557
768020313.7420839,1.906219
768020315.682668,1.879753
768020317.6275319,1.887265
768020319.526866,1.838457
768020321.494704,1.9093120000000001
768020323.202381,1.645488
768020325.001315,1.740077
768020326.857022,1.794574
768020328.504324,1.5887959999999999
768020330.36381,1.798053
768020332.243222,1.821728
768020333.974249,1.668931
768020335.98414,1.952096
768020337.7575301,1.690602
768020339.705827,1.8868800000000001
768020341.548919,1.785022
768020343.587186,1.9769290000000002
768020345.516916,1.871709
768020347.495749,1.898797
768020349.270773,1.7161220000000001
768020351.42928,2.097355
768020353.698625,2.210854
768020355.956453,2.195979
768020357.969482,1.931503
768020359.686631,1.659013
768020361.8135539,2.069174
768020363.611642,1.737131
768020365.70847,2.038874
768020367.6229889,1.8528049999999998
768020369.614182,1.9327420000000002
768020372.626668,2.951529
768020374.621238,1.936204
768020376.566554,1.8878510000000002
768020378.6594881,2.031707
768020380.38011,1.662823
768020382.0653499,1.6237219999999999
768020384.0954629,1.971206
768020386.072783,1.916098
768020387.922701,1.7921639999999999
768020389.688408,1.707642
768020391.395805,1.645718
768020393.22493,1.7708190000000001
768020395.144801,1.858564
768020397.343096,2.14045
768020399.072002,1.667263
768020401.055336,1.925324
768020403.057454,1.944113
768020405.196711,2.081232
768020407.0107961,1.752502
768020409.005898,1.937648
768020410.798704,1.73436
768020412.5751821,1.718262
768020414.2837759,1.647005
768020416.214462,1.8731929999999999
768020418.534906,1.8645669999999999
768020420.346681,1.753619
768020422.100425,1.6923210000000002
768020424.126093,1.967533
768020425.975164,1.7873430000000001
768020428.211778,2.17915
768020430.182513,1.9091909999999999
768020432.067362,1.8269149999999998
768020434.420487,2.292198
768020436.719166,2.240829
768020439.155315,2.375251
768020441.422675,2.2090349999999996
768020443.701828,2.218111
768020445.891417,2.13206
768020447.956898,2.007104
768020450.168849,2.1235310000000003
768020452.368482,2.138265
768020454.563609,2.133709
768020456.520351,1.899288
768020458.452511,1.871338
768020460.450214,1.939376
768020462.65581,2.1441939999999997
768020464.8012921,2.087061
768020467.147782,2.284566
768020469.333176,2.1267080000000003
768020471.259663,1.8660059999999998
768020473.157483,1.839895
768020475.109344,1.890323
768020477.113161,1.945957
768020479.124856,1.949285
768020481.0608051,1.877423
768020482.829474,1.710534
768020484.533513,1.646644
768020486.3136481,1.7185270000000001
768020488.127623,1.75592
768020489.900933,1.7119520000000001
768020491.600777,1.6424560000000001
768020493.532932,1.8737840000000001
768020495.4322801,1.838447
768020497.436558,1.946178
768020499.348496,1.850284
768020501.151194,1.744674
768020503.2677679,2.0552360000000003
768020505.0507361,1.7243499999999998
768020506.7725,1.6643409999999998
768020508.634848,1.804623
768020510.419985,1.723895
768020512.400543,1.922648
768020514.46005,1.998053
768020516.353725,1.811404
768020518.0964091,1.681396
768020520.0358809,1.882244
768020521.780574,1.681797
768020523.980086,2.141663
768020525.938638,1.876466
768020527.69567,1.694938
768020529.521512,1.767682
768020531.677719,2.0943519999999998
768020533.88764,2.1521969999999997
768020535.765038,1.8161239999999998
768020537.4974821,1.674615
768020539.594361,2.0388339999999996
768020541.849919,2.197428
768020544.0705099,2.159273
768020546.024546,1.8843779999999999
768020547.962054,1.879938
768020549.995008,1.945967
768020551.927769,1.8720500000000002
768020553.770587,1.7848169999999999
768020555.496907,1.665223
768020557.49247,1.9375930000000001
768020559.591985,2.038131
768020561.843919,2.1939699999999998
768020563.786168,1.879833
768020566.030625,2.186548
768020567.974457,1.882565
768020569.735834,1.6782089999999998
768020571.483549,1.668832
768020573.395001,1.853332
768020575.2054421,1.748683
768020577.283913,2.020972
768020579.531096,2.186001
768020581.734738,2.145356
768020583.912871,2.1199169999999996
768020585.974392,2.003431
768020588.239157,2.203718
768020590.2450141,1.9439419999999998
768020592.5080041,2.205066
768020594.4731909,1.903708
768020596.171101,1.6400489999999999
768020598.2063049,1.9719419999999999
768020600.5867641,2.322504
768020602.6226909,1.9749649999999999
768020604.507074,1.825421
768020606.5153309,1.946588
768020608.364598,1.791277
768020610.381155,1.955835
768020612.634823,2.195248
768020614.673326,1.977481
768020616.737398,2.006067
768020619.04003,2.241906
768020621.531839,2.434294
768020624.22693,2.633012
768020626.820541,2.535364
768020629.342309,2.463357
768020631.65917,2.2550019999999997
768020633.40874,1.6919909999999998
768020635.377741,1.907332
768020637.515078,2.079097
768020639.804084,2.227733
768020642.036248,2.174209
768020644.27412,2.179651
768020646.294786,1.959508
768020648.2791821,1.926437
768020650.27719,1.9369560000000001
768020652.235862,1.901439
768020654.140467,1.842857
768020656.177326,1.9789540000000003
768020658.044089,1.8051650000000001
768020660.039431,1.9370660000000002
768020661.8491399,1.746182
768020663.805938,1.898802
768020666.168375,2.304136
768020668.507282,2.2783569999999997
768020670.285368,1.716994
768020672.0855609,1.7424739999999999
768020673.809747,1.6616090000000001
768020675.900185,2.032243
768020677.854266,1.896442
768020679.893716,1.978342
768020682.123053,2.170966
768020684.159921,1.976288
768020686.070491,1.849162
768020688.259835,2.131393
768020690.4912261,2.169031
768020692.894413,2.3447459999999998
768020695.21604,2.260429
768020696.966692,1.692657
768020698.924276,1.896607
768020701.005478,2.0226710000000003
768020702.94258,1.874395
768020705.007534,2.006814
768020707.1728871,2.1040609999999997
768020709.4162021,2.18528
768020711.538685,2.061581
768020713.43865,1.84205
768020715.768992,2.268658
768020718.156237,2.3291549999999996
768020720.384371,2.17049
768020722.374671,1.929208
768020724.339598,1.906079
768020726.175699,1.774182
768020727.961954,1.7281849999999999
768020730.011041,1.964425
768020732.124673,2.051949
768020734.1350399,1.948177
768020735.8784009,1.6851539999999998
768020737.674503,1.738393
768020739.8362681,2.100372
768020742.080565,2.186187
768020744.3722069,2.230891
768020746.989588,2.556283
768020749.5198311,2.471927
768020751.986265,2.4052819999999997
768020754.309336,2.238007
768020756.560483,2.189775
768020758.707544,2.086079
768020760.9326011,2.166781
768020763.185112,2.1917690000000003
768020765.290956,2.047183
768020767.338419,1.9850229999999998
768020769.5036169,2.107358
768020771.578434,2.012738
768020773.582657,1.946723
768020775.356372,1.712017
768020777.45086,2.036257
768020779.752972,2.241761
768020781.750293,1.939051
768020783.879637,2.071253
768020785.979658,2.042216
768020788.3163201,2.27575
768020790.3405601,1.963443
768020792.247897,1.849237
768020794.403808,2.094403
768020796.642657,2.180603
768020798.6182181,1.913887
768020800.647174,1.9708439999999998
768020802.735001,2.0257579999999997
768020804.757251,1.963949
768020806.7094519,1.890879
768020808.4436361,1.675983
768020810.2012141,1.6785839999999999
768020812.381407,2.121972
768020814.5324711,2.089837
768020816.4578451,1.867028
768020818.726509,2.207431
768020820.9686209,2.184116
768020822.9831821,1.9535389999999997
768020825.0470239,2.005671
768020827.117166,2.00895
768020829.0776321,1.902787
768020831.128809,1.9900550000000001
768020833.335057,2.147993
768020835.179011,1.78191
768020836.918763,1.68099
768020838.6621081,1.662552
768020840.639032,1.918623
768020842.4468579,1.746984
768020844.584266,2.079523
768020846.374976,1.729137
768020848.421372,1.9877900000000002
768020850.333821,1.850776
768020852.467385,2.0760750000000003
768020854.648134,2.11931
768020856.636028,1.930045
768020858.5962131,1.8992779999999998
768020860.4282551,1.774207
768020862.28339,1.792174
768020864.536453,2.194956
768020866.725196,2.1275399999999998
768020868.713116,1.930066
768020870.7269009,1.952463
768020872.8870821,2.102105
768020875.00526,2.0571
768020876.9222189,1.8592549999999999
768020878.660818,1.677351
768020880.931541,2.212202
768020882.850019,1.85703
768020884.700845,1.793106
768020886.756863,1.994961
768020888.732394,1.917731
768020890.6569209,1.864297
768020892.753544,2.0392040000000002
768020894.711815,1.896998
768020896.8179001,2.048571
768020898.630506,1.75176
768020900.8161709,2.1280409999999996
768020902.974367,2.096728
768020904.990713,1.958641
768020907.024891,1.973065
768020909.283928,2.2007849999999998
768020911.2563809,1.911406
768020913.324748,2.009851
768020915.455566,2.069254
768020917.703396,2.190181
768020919.658645,1.893509
768020921.487394,1.770804
768020923.7431669,2.1942749999999998
768020925.733853,1.932014
768020927.936338,2.144755
768020929.950739,1.9567120000000002
768020932.1239,2.111021
768020934.364573,2.178769
768020936.370515,1.948408
768020938.552227,2.120134
768020940.739606,2.129124
768020942.70133,1.900466
768020944.758145,1.999411
768020947.114313,2.29527
768020949.343284,2.171217
768020951.479794,2.07417
768020953.47647,1.93902
768020955.497216,1.958061
768020957.3114359,1.756912
768020959.3786,2.009525
768020961.6025901,2.165493
768020963.645402,1.9821259999999998
768020965.563199,1.859615
768020967.227901,1.606807
768020968.903879,1.618249
768020970.506296,1.540779
768020972.038053,1.473306
768020973.647882,1.546487
768020975.527921,1.821697
768020977.388293,1.801871
768020979.14271,1.6932530000000001
768020981.112437,1.9111410000000002
768020983.13178,1.9576189999999998
768020984.944723,1.754691
768020986.6777339,1.6747349999999999
768020988.6392471,1.903493
768020990.5714719,1.870422
768020992.7056069,2.076266
768020994.895602,2.129048
768020997.823226,2.869337
768021000.209388,2.325161
768021002.22438,1.9576189999999998
768021004.083996,1.801581
768021006.1384461,1.9928860000000002
768021007.996714,1.800328
768021009.883433,1.802874
768021011.9279541,1.9863860000000002
768021014.047386,2.061226
768021015.9281911,1.819082
768021018.0153971,2.02909
768021020.2268281,2.1499219999999997
768021022.126572,1.839133
768021024.144246,1.9600400000000002
768021026.064308,1.858444
768021027.813291,1.691309
768021029.638752,1.767296
768021031.794257,2.095325
768021033.952033,2.099364
768021036.229978,2.216382
768021038.331236,2.039565
768021040.4292569,2.021909
768021042.455652,1.9646210000000002
768021044.539304,2.025738
768021046.397051,1.797271
768021048.288992,1.8344520000000002
768021050.313662,1.964029
768021052.3797741,2.0085480000000002
768021054.438951,1.9974020000000001
768021056.392901,1.896432
768021058.343793,1.887803
768021060.132295,1.74475
768021062.293318,2.100317
768021064.092346,1.755464
768021065.811752,1.672986
768021067.509248,1.640078
768021069.395835,1.842721
768021071.117401,1.666942
768021072.905744,1.736078
768021074.531482,1.5655919999999999
768021076.123608,1.5465520000000001
768021078.289908,2.102629
768021079.979359,1.6312360000000001
768021081.807164,1.7518799999999999
768021083.656737,1.799739
768021085.480523,1.765962
768021087.216517,1.6859950000000001
768021088.8188341,1.544689
768021090.613045,1.744323
768021092.496936,1.835712
768021094.358311,1.800889
768021096.0587599,1.642943
768021097.8041611,1.695509
768021099.663426,1.811199
768021101.4753109,1.754115
768021103.311923,1.7862209999999998
768021105.3755391,2.00523
768021107.122739,1.68673
768021109.031899,1.856948
768021110.8222871,1.7295209999999999
768021112.962433,2.087953
768021115.25972,2.2233259999999997
768021117.2416439,1.9294010000000001
768021119.4069201,2.1048
768021122.2719489,2.817187
768021124.570466,2.237523
768021126.815727,2.194579
768021129.0641509,2.200473
768021131.162541,2.047055
768021133.2156171,1.9953919999999998
768021135.472789,2.190896
768021137.432844,1.902255
768021139.775851,2.284781
768021142.097412,2.263531
768021144.383291,2.225538
768021146.668914,2.225117
768021148.960932,2.234155
768021151.280041,2.2430879999999997
768021153.5658001,2.2335409999999998
768021156.199971,2.579008
768021158.625149,2.353654
768021161.1869301,2.5033600000000003
768021163.555978,2.307809
768021166.0932871,2.4792590000000003
768021169.109832,2.958425
768021171.780097,2.6091450000000003
768021174.1870611,2.3543380000000003
768021176.2004869,1.960728
768021178.2678931,2.005728
768021180.6230769,2.302858
768021182.8593049,2.174975
768021185.139952,2.222501
768021187.122504,1.921816
768021189.11315,1.9389509999999999
768021190.73183,1.5583850000000001
768021192.758733,1.969004
768021194.659978,1.850988
768021196.494105,1.776046
768021198.350207,1.8057450000000002
768021200.245201,1.837121
768021202.165874,1.870328
768021203.922104,1.698599
768021206.213166,2.243351
768021208.660489,2.391137
768021210.996885,2.2812
768021213.416987,2.35134
768021215.7386061,2.266852
768021218.234967,2.444006
768021221.132395,2.839488
768021223.436576,2.242703
768021225.555772,2.06095
768021227.737217,2.121055
768021229.6269859,1.831164
768021231.3109801,1.628973
768021232.6567199,1.293315
768021234.178715,1.467476
768021236.126485,1.895386
768021237.8792299,1.691629
768021239.5589,1.627316
768021241.740437,2.123686
768021243.527589,1.746661
768021245.417019,1.8454249999999999
768021248.386913,2.92394
768021250.8111,2.378164
768021252.79454,1.925445
768021254.512401,1.651285
768021256.291865,1.721995
768021258.299971,1.9469640000000001
768021260.489375,2.131158
768021262.776783,2.2265449999999998
768021264.1688701,1.334152
768021265.9448011,1.714848
768021267.819286,1.8165259999999999
768021269.5349339,1.6579
768021271.32492,1.743838
768021273.127193,1.743942
768021274.855932,1.668094
768021276.54925,1.649546
768021278.5784639,1.9829240000000001
768021280.273246,1.6366919999999998
768021281.72188,1.387426
768021283.2097,1.437854
768021284.7676541,1.509104
768021286.145752,1.327309
768021287.514385,1.3055569999999999
768021289.250444,1.696543
768021291.063701,1.7626199999999999
768021292.687453,1.579579
768021294.491094,1.748928
768021296.368431,1.8196379999999999
768021298.071843,1.649011
768021299.841264,1.710725
768021301.566913,1.666816
768021303.35646,1.726852
768021305.061677,1.647407
768021306.528037,1.404681
768021308.585624,2.016716
768021310.3951831,1.748802
768021312.372719,1.936269
768021314.143466,1.711258
768021315.966829,1.782291
768021317.866664,1.812331
768021319.7878389,1.860355
768021321.59532,1.755737
768021323.651038,2.000814
768021325.538301,1.835686
768021327.685231,2.08596
768021329.507659,1.770443
768021331.4600719,1.897634
768021333.742775,2.211535
768021336.13914,2.340932
768021338.433122,2.239624
768021340.63932,2.153579
768021342.590073,1.896655
768021345.0245881,2.370202
768021347.583448,2.485953
768021350.110209,2.474459
768021352.289252,2.124104
768021354.1386291,1.79485
768021356.198883,2.002199
768021358.332272,2.072807
768021360.238606,1.848405
768021362.4777961,2.178093
768021364.518549,1.9826829999999998
768021366.517219,1.937808
768021368.45505,1.8801569999999999
768021370.193364,1.683455
768021373.1797111,2.934129
768021375.582391,2.347856
768021377.967537,2.3330130000000002
768021380.624122,2.601706
768021382.905741,2.220827
768021385.3660209,2.402365
768021387.4487009,2.021939
768021389.702305,2.195534
768021391.655198,1.8919309999999998
768021393.522664,1.809347
768021395.520702,1.943458
768021397.51123,1.93837
768021399.6018131,2.0360199999999997
768021401.495112,1.840805
768021403.47228,1.922161
768021405.7431791,2.2127980000000003
768021407.6859081,1.881788
768021409.594709,1.8505690000000001
768021411.492022,1.836497
768021413.2508479,1.7103419999999998
768021415.104159,1.792944
768021416.755756,1.603996
768021418.469071,1.6522430000000001
768021420.288258,1.760445
768021422.205518,1.856368
768021424.141803,1.87221
768021426.0615281,1.858984
768021427.7599139,1.638391
768021429.5691279,1.751465
768021431.446495,1.8162230000000001
768021433.1379509,1.647416
768021434.972728,1.788728
768021436.930788,1.9002960000000002
768021439.10472,2.1127350000000003
768021441.177979,2.028663
768021442.858493,1.613112
768021444.54444,1.627844
768021446.136257,1.537274
768021447.798062,1.609472
768021449.723315,1.8672579999999999
768021451.635562,1.8580020000000002
768021453.562647,1.879177
768021455.210145,1.581404
768021457.045012,1.787421
768021459.008742,1.913889
768021460.743773,1.687252
768021462.7509589,1.934906
768021464.412531,1.60926
768021466.095687,1.622542
768021467.624817,1.477182
768021469.37122,1.695548
768021471.017694,1.5916350000000001
768021472.90508,1.835728
768021474.479697,1.52016
768021476.489673,1.952307
768021477.9266349,1.375764
768021479.7922599,1.8072240000000002
768021481.542528,1.6927459999999999
768021483.49366,1.900424
768021485.618093,2.066679
768021487.3438209,1.66475
768021489.1384411,1.746869
768021491.090278,1.86882
768021492.946159,1.808141
768021494.5956609,1.582671
768021496.8161169,2.162862
768021498.91469,2.04866
768021500.917617,1.945104
768021503.135591,2.167223
768021505.2934201,2.110052
768021507.4014599,2.038339
768021509.785068,2.3257529999999997
768021512.142455,2.3046320000000002
768021514.207472,2.00973
768021516.127542,1.850235
768021518.350345,2.168069
768021520.900154,2.4921990000000003
768021523.4000809,2.4385090000000003
768021526.009202,2.551507
768021528.5758151,2.5052339999999997
768021531.209443,2.572451
768021533.750486,2.482592
768021536.155617,2.34455
768021538.721979,2.5046030000000004
768021540.81752,2.031536
768021543.070983,2.191594
768021545.0975571,1.968675
768021547.601494,2.449946
768021549.608252,1.9487180000000002
768021551.4844171,1.815584
768021553.450325,1.908159
768021555.380621,1.8694689999999998
768021557.221586,1.78915
768021558.882767,1.610935
768021560.495788,1.565302
768021562.466689,1.920377
768021564.265902,1.741166
768021566.185459,1.8643290000000001
768021568.454875,2.2114759999999998
768021570.3116,1.795919
768021572.215384,1.851639
768021574.0677581,1.7969570000000001
768021576.181471,2.061499
768021578.0365909,1.800176
768021580.3004379,2.205925
768021582.1260799,1.754432
768021583.977516,1.7992590000000002
768021586.248472,2.1899770000000003
768021587.968107,1.665111
768021589.867156,1.825297
768021591.588024,1.666449
768021593.571676,1.930891
768021595.219974,1.5875469999999998
768021597.472841,2.195363
768021599.4030311,1.868937
768021601.2653639,1.804241
768021602.9333041,1.606805
768021604.769309,1.787898
768021606.6331999,1.802884
768021608.3363761,1.645101
768021609.9545599,1.5575020000000002
768021611.868732,1.856122
768021613.7956719,1.879565
768021615.440627,1.5947209999999998
768021617.102474,1.6045390000000002
768021618.739681,1.5926390000000001
768021620.456775,1.669569
768021622.682057,2.164807
768021624.400759,1.66079
768021626.144947,1.694087
768021627.971316,1.778483
768021629.766026,1.713432
768021631.459549,1.643195
768021633.1634281,1.645592
768021634.760939,1.536797
768021636.8398199,2.0311690000000002
768021638.524123,1.62385
768021640.177042,1.605679
768021641.9019821,1.663729
768021643.4837501,1.534013
768021644.871826,1.340722
768021646.245359,1.31821
768021647.453539,1.159738
768021649.054857,1.561349
768021650.9823561,1.87663
768021652.652393,1.612308
768021654.3193481,1.616794
768021656.119274,1.75262
768021657.8097911,1.64034
768021659.584586,1.7268610000000002
768021661.236495,1.5944310000000002
768021663.034235,1.74782
768021664.702796,1.6100400000000001
768021666.713153,1.94939
768021668.688383,1.91712
768021670.450065,1.70041
768021672.1495061,1.658346
768021673.5664929,1.3744880000000002
768021675.047455,1.440231
768021676.384753,1.296867
768021677.656615,1.216878
768021679.1052281,1.4139389999999998
768021680.842514,1.6888079999999999
768021682.655306,1.7519
768021684.545945,1.842584
768021686.496768,1.900944
768021688.819317,2.26494
768021690.6285061,1.742149
768021692.670677,1.9846629999999998
768021694.923591,2.192205
768021697.55635,2.584888
768021700.059941,2.442604
768021702.243196,2.1215859999999997
768021704.366771,2.065641
768021706.13292,1.70481
768021707.916995,1.706364
768021709.733675,1.75861
768021711.716593,1.9217
768021713.4178001,1.643277
768021715.291554,1.813027
768021717.191776,1.852286
768021718.898279,1.6549209999999999
768021720.6714,1.7153100000000001
768021722.511762,1.790342
768021724.205049,1.645296
768021725.9937091,1.738397
768021727.7420931,1.69026
768021729.42577,1.630614
768021731.33768,1.857286
768021733.035253,1.6456229999999998
768021734.822175,1.730718
768021736.63833,1.7652510000000001
768021738.367623,1.668707
768021740.056942,1.6380139999999999
768021741.929688,1.811404
768021743.6070919,1.629068
768021745.3758941,1.729456
768021747.763748,2.336246
768021749.430582,1.619486
768021751.160655,1.6752049999999998
768021752.9300921,1.728921
768021754.915757,1.923921
768021756.60909,1.612545
768021758.290291,1.62095
768021759.845778,1.504068
768021761.581471,1.686834
768021763.322916,1.67991
768021765.037534,1.6671310000000001
768021766.6766111,1.5889369999999998
768021768.442725,1.7185139999999999
768021770.097471,1.604657
768021772.2519461,2.106656
768021773.8867279,1.5849099999999998
768021775.4857761,1.545756
768021777.266094,1.728053
768021779.009999,1.688993
768021780.573803,1.511586
768021782.312504,1.6834090000000002
768021784.053161,1.688064
768021785.7756281,1.660763
768021787.733778,1.900366
768021789.4483731,1.670801
768021791.218439,1.724373
768021793.544376,1.947625
768021795.370067,1.764474
768021797.205046,1.787304
768021799.214787,1.959299
768021800.798242,1.5357770000000002
768021802.248556,1.399993
768021803.663175,1.367008
768021805.004535,1.294178
768021806.7417569,1.687482
768021808.466021,1.6768690000000002
768021810.200713,1.684183
768021812.136546,1.876836
768021814.0768399,1.8785399999999999
768021815.646484,1.522173
768021817.3555759,1.661481
768021819.2803489,1.87438
768021820.930534,1.5923910000000001
768021822.684371,1.698588
768021824.370517,1.628249
768021825.900867,1.47555
768021827.597342,1.638128
768021829.3686731,1.723067
768021830.892647,1.4739090000000001
768021832.565945,1.625869
768021834.2654879,1.6398540000000001
768021835.944123,1.620294
768021837.677854,1.6416709999999999
768021839.293443,1.565198
768021841.033048,1.6818849999999999
768021842.727927,1.644622
768021844.372124,1.596365
768021846.010841,1.5888
768021847.747282,1.688424
768021849.427586,1.622356
768021850.8540361,1.376786
768021852.604813,1.703139
768021854.4889619,1.833769
768021856.34303,1.795897
768021858.2326399,1.828948
768021860.050024,1.769568
768021861.6420059,1.529417
768021863.5931699,1.880571
768021865.2803249,1.62916
768021867.23604,1.895014
768021868.855616,1.572059
768021870.596519,1.680356
768021873.238369,2.5942220000000002
768021874.70741,1.407503
768021876.2015771,1.436192
768021878.227012,1.970215
768021880.139396,1.854626
768021881.79575,1.60141
768021883.47513,1.6272019999999998
768021885.171816,1.638965
768021887.031352,1.8046920000000002
768021888.701774,1.6125930000000002
768021890.596234,1.848473
768021892.5496991,1.89564
768021894.4998809,1.8900029999999999
768021896.045856,1.497414
768021897.703791,1.611459
768021899.386236,1.638444
768021901.215365,1.7854889999999999
768021903.015721,1.740251
768021904.609144,1.543932
768021906.369564,1.710756
768021908.029638,1.59801
768021909.809145,1.727269
768021911.54766,1.661886
768021913.220856,1.629297
768021915.1810861,1.905844
768021916.776334,1.532251
768021918.4708179,1.647363
768021920.194432,1.673508
768021922.09135,1.845498
768021923.852872,1.703898
768021926.1869429,2.275955
768021928.4269071,2.178783
768021930.6685151,2.190942
768021932.533098,1.806589
768021934.672014,2.088305
768021936.743834,2.0137750000000003
768021938.925295,2.109525
768021941.2575539,2.2614750000000003
768021943.888759,2.5755850000000002
768021946.624586,2.677792
768021948.891646,2.209431
768021951.5652181,2.61218
768021954.700891,3.0780339999999997
768021956.927201,2.164466
768021959.4928759,2.504268
768021961.932347,2.381145
768021964.2103231,2.216868
768021966.615424,2.349903
768021969.051445,2.378018
768021971.338006,2.2314689999999997
768021973.983602,2.593542
768021976.225781,2.187195
768021978.771464,2.4850470000000002
768021981.059062,2.2296780000000003
768021983.4822099,2.362332
768021985.890159,2.349692
768021988.257578,2.306166
768021990.562531,2.243309
768021993.1969271,2.5760829999999997
768021995.678575,2.426708
768021998.208831,2.4719339999999996
768022000.886073,2.624566
768022003.4034029,2.456378
768022005.842323,2.38665
768022008.522187,2.625326
768022010.97089,2.387821
768022013.376092,2.347136
768022016.0327439,2.595204
768022018.80075,2.707952
768022021.3356241,2.477114
768022023.729429,2.331811
768022026.295676,2.507871
768022028.743593,2.389751
768022031.250216,2.4449739999999998
768022033.693802,2.385586
768022035.299992,1.545174
768022036.988655,1.630558
768022038.5901251,1.540342
768022040.487438,1.8389579999999999
768022042.752669,2.20251
768022044.6374191,1.8267209999999998
768022046.709038,2.0169710000000003
768022048.824404,2.062488
768022050.783267,1.8971509999999998
768022052.806364,1.971237
768022054.977501,2.115848
768022057.3101469,2.2802640000000003
768022059.4546721,2.0888310000000003
768022061.63735,2.124994
768022063.9743121,2.255422
768022066.072624,2.014136
768022068.205712,2.072111
768022070.3958681,2.1286080000000003
768022072.543134,2.089245
768022074.722274,2.118113
768022076.8929391,2.112605
768022078.730072,1.776292
768022080.754963,1.9671459999999998
768022082.83374,2.017994
768022084.9687971,2.0775189999999997
768022087.058243,2.028214
768022088.820026,1.703803
768022090.49598,1.6146260000000001
768022092.251158,1.697449
768022094.218214,1.905348
768022095.8060219,1.530064
768022097.649335,1.7852530000000002
768022099.713241,2.00316
768022101.742142,1.970414
768022103.581601,1.7786819999999999
768022105.682418,2.042888
768022107.635101,1.8915309999999999
768022109.642606,1.949836
768022111.6487579,1.945275
768022113.43371,1.727258
768022115.315403,1.819958
768022117.23161,1.857741
768022119.3711181,2.078571
768022121.776721,2.347818
768022124.2267561,2.388878
768022126.619614,2.33155
768022129.147542,2.469662
768022131.345561,2.1365659999999997
768022133.5617379,2.158763
768022135.516671,1.893846
768022137.7567279,2.1823580000000002
768022139.7986331,1.9802270000000002
768022141.575351,1.7193040000000002
768022143.42959,1.7961330000000002
768022145.507499,2.02012
768022147.2094281,1.6395330000000001
768022149.1673069,1.8993529999999998
768022151.115685,1.8864839999999998
768022153.320545,2.147011
768022155.1764871,1.776427
768022157.059888,1.8252050000000002
768022158.7950801,1.676113
768022160.870343,2.016737
768022162.810516,1.879146
768022164.751612,1.88292
768022166.815709,2.003135
768022168.853575,1.980042
768022170.84175,1.927298
768022172.868541,1.9685489999999999
768022174.631642,1.702399
768022176.434365,1.745215
768022178.2124561,1.716588
768022180.1530709,1.8827049999999999
768022182.042095,1.8273810000000001
768022184.0474811,1.947586
768022185.918714,1.8084069999999999
768022187.624953,1.648404
768022189.641359,1.958356
768022191.537956,1.83536
768022193.392706,1.797461
768022195.422082,1.968375
768022197.2535421,1.773696
768022199.3726829,2.057607
768022201.259381,1.828674
768022203.18471,1.8629790000000002
768022204.987554,1.744523
768022206.894886,1.84866
768022209.009761,2.056975
768022211.169541,2.0984570000000002
768022213.1420001,1.913998
768022215.096352,1.892568
768022217.0260171,1.871874
768022218.64834,1.564118
768022220.3316461,1.6254609999999998
768022221.99728,1.603795
768022224.090741,2.035425
768022226.016736,1.864167
768022227.984925,1.910665
768022230.006302,1.93862
768022232.114262,2.047018
768022233.806733,1.630908
768022235.764057,1.899118
768022237.512895,1.691009
768022239.615476,2.0409479999999998
768022241.533087,1.860087
768022243.585873,1.9913230000000002
768022245.762041,2.117917
768022248.044251,2.2239389999999997
768022249.7737839,1.666185
768022251.415408,1.5837080000000001
768022253.0632299,1.5895970000000001
768022254.733886,1.609614
768022256.6693391,1.8777329999999999
768022258.371578,1.641017
768022260.269423,1.840111
768022262.162662,1.83139
768022264.251361,2.030579
768022265.9844731,1.671769
768022267.8859509,1.843809
768022269.836905,1.893059
768022271.82075,1.923174
768022273.804971,1.925615
768022275.756922,1.891455
768022277.468508,1.6538869999999999
768022279.2295749,1.699157
768022281.2300531,1.942834
768022283.302821,2.011325
768022285.492345,2.1317049999999997
768022287.47822,1.9241709999999999
768022289.497298,1.9607320000000001
768022291.717283,2.158637
768022293.476791,1.700525
768022295.5067589,1.972284
768022297.6891811,2.1246479999999996
768022299.849658,2.099159
768022302.0137479,2.1059949999999996
768022304.238755,2.167007
768022306.0306181,1.730445
768022308.191054,2.1031779999999998
768022309.9378071,1.685851
768022311.815836,1.820244
768022313.612947,1.738919
768022315.598315,1.924372
768022317.525213,1.869113
768022319.358533,1.772467
768022321.080598,1.664371
768022322.947336,1.808692
768022324.645285,1.64033
768022326.5013679,1.79477
768022328.188087,1.629225
768022330.2542241,2.004713
768022332.161395,1.849527
768022334.098066,1.875297
768022336.139315,1.9836839999999998
768022337.87413,1.673508
768022339.548895,1.616886
768022341.296826,1.689931
768022343.248682,1.890517
768022345.1412741,1.8347630000000001
768022347.3806901,2.177441
768022349.183168,1.744257
768022351.343223,2.1021859999999997
768022353.6007661,2.199598
768022355.538073,1.874952
768022357.596882,2.000479
768022359.555554,1.8977499999999998
768022361.510733,1.8966779999999999
768022363.4964631,1.923225
768022365.4165549,1.8621219999999998
768022367.731251,2.253428
768022369.937549,2.125255
768022372.6112311,2.612484
768022375.251835,2.579212
768022377.6203461,2.291366
768022379.484899,1.802689
768022381.562788,2.019879
768022383.344422,1.7192690000000002
768022385.183084,1.7807719999999998
768022387.147555,1.9028960000000001
768022388.9080651,1.701909
768022391.129563,2.162677
768022392.9523079,1.765186
768022394.756625,1.742758
768022396.76378,1.948944
768022398.573841,1.748342
768022400.569304,1.937287
768022402.365412,1.734624
768022404.136186,1.712548
768022406.324327,2.1260559999999997
768022408.234796,1.852279
768022410.448712,2.152779
768022412.704851,2.198249
768022414.7488819,1.982663
768022416.8297329,2.022455
768022419.062763,2.171843
768022421.057314,1.93671
768022423.17028,2.051598
768022425.1132799,1.8846939999999999
768022427.0167079,1.8414480000000002
768022428.961141,1.8858869999999999
768022431.0069909,1.9846519999999999
768022432.9278641,1.862703
768022435.227109,2.238378
768022437.154287,1.869374
768022439.0632939,1.847683
768022441.3740859,2.2525470000000003
768022443.432379,1.997301
768022445.557278,2.067265
768022447.327696,1.712423
768022449.185568,1.79919
768022450.953681,1.706319
768022452.6581659,1.646008
768022454.528877,1.812416
768022456.461644,1.87444
768022458.539879,2.017694
768022460.516552,1.9184180000000002
768022462.6917679,2.113813
768022464.919421,2.170224
768022467.118838,2.1381799999999997
768022469.308207,2.131614
768022471.2567401,1.8869500000000001
768022473.439308,2.124242
768022475.386092,1.885426
768022477.427982,1.984126
768022479.613072,2.1237019999999998
768022481.3922961,1.721069
768022483.178636,1.725594
768022484.936044,1.699954
768022486.881906,1.887772
768022488.904652,1.964379
768022490.865062,1.898842
768022493.042824,2.1197820000000003
768022494.9815091,1.8776579999999998
768022497.153442,2.1143490000000003
768022498.983329,1.767151
768022500.7408171,1.699729
768022502.68093,1.882163
768022504.515117,1.776527
768022506.493194,1.916654
768022508.619245,2.068181
768022510.739664,2.058654
768022512.570728,1.772959
768022514.822412,2.190306
768022517.0793179,2.19859
768022519.316344,2.175772
768022521.580302,2.206328
768022523.347061,1.706529
768022525.227821,1.8226449999999998
768022526.963413,1.674189
768022528.7248161,1.703211
768022530.907208,2.1240069999999998
768022533.083276,2.117787
768022535.0327411,1.887902
768022537.154177,2.063581
768022539.092922,1.8773520000000001
768022541.1900109,2.0387180000000003
768022543.574795,1.923329
768022545.428803,1.7963639999999998
768022547.342074,1.852339
768022549.1051999,1.704936
768022551.072677,1.909076
768022552.8682541,1.738078
768022554.882445,1.951926
768022556.7465559,1.806177
768022558.7744789,1.9668960000000002
768022560.919815,2.08698
768022562.956123,1.9754159999999998
768022564.947837,1.9334129999999998
768022566.8009881,1.791893
768022568.806433,1.9473150000000001
768022570.524605,1.6572900000000002
768022572.510921,1.928316
768022574.272213,1.698937
768022576.218952,1.888743
768022578.4437081,2.161625
768022580.77198,2.270307
768022583.04525,2.212663
768022585.270948,2.167383
768022587.236395,1.903107
768022589.364807,2.070241
768022591.658965,2.233116
768022593.7380519,2.0212670000000004
768022595.9070691,2.108311
768022597.8950089,1.9299499999999998
768022600.040572,2.087833
768022601.8868619,1.782933
768022603.816345,1.853642
768022605.8060241,1.87405
768022608.149702,2.281959
768022610.328472,2.118183
768022612.512082,2.125255
768022614.8464841,2.272843
768022617.280868,2.376054
768022619.230519,1.887546
768022621.689731,2.400967
768022623.7453331,1.991969
768022625.976254,2.1731160000000003
768022627.953023,1.918307
768022630.235919,2.199392
768022632.299766,2.002053
768022634.526181,2.1644759999999996
768022636.738012,2.1529689999999997
768022638.8571631,2.057617
768022641.0972849,2.1824320000000004
768022643.254218,2.0953999999999997
768022645.5310609,2.218712
768022647.654942,2.062404
768022649.643162,1.930396
768022651.6877689,1.981545
768022653.5661341,1.820539
768022655.559431,1.934882
768022657.831051,2.212548
768022659.968009,2.074907
768022661.925718,1.875102
768022663.9228649,1.938956
768022665.622128,1.641292
768022667.541272,1.857301
768022669.555112,1.955264
768022671.567764,1.950838
768022673.512278,1.8870099999999999
768022675.350484,1.777054
768022677.423823,2.01563
768022679.59337,2.108821
768022681.934282,2.282295
768022684.209461,2.213465
768022686.36869,2.101073
768022688.5537181,2.1032830000000002
768022690.779191,2.1642200000000003
768022692.742018,1.904811
768022694.547537,1.744287
768022696.386651,1.780967
768022698.5389279,2.0909600000000004
768022700.6170679,2.020065
768022702.7733301,2.095059
768022704.894079,2.061582
768022707.083207,2.128277
768022709.016419,1.875508
768022710.767933,1.6905970000000001
768022712.874094,2.047934
768022715.2674421,2.3315050000000004
768022717.392672,2.066974
768022719.457736,2.0035510000000003
768022721.798588,2.282997
768022723.970567,2.109709
768022726.040473,1.9819210000000003
768022728.042656,1.939928
768022730.143764,2.038107
768022732.2426419,2.040978
768022734.5002251,2.1966210000000004
768022736.2186971,1.6604919999999999
768022738.097107,1.8172629999999999
768022740.24528,2.090233
768022742.2330841,1.92602
768022744.20199,1.91088
768022746.523135,2.260605
768022748.399535,1.818485
768022750.232178,1.7714
768022752.262357,1.972368
768022754.211666,1.888207
768022755.958184,1.6881419999999998
768022758.011451,1.9670769999999997
768022760.198349,2.125791
768022762.2243481,1.964681
768022764.04334,1.760956
768022766.730162,2.6251889999999998
768022769.0679109,2.2794489999999996
768022770.914953,1.785559
768022772.967172,1.993903
768022775.076019,2.048
768022776.955942,1.821923
768022779.159714,2.1425549999999998
768022781.280859,2.063415
768022783.562022,2.220281
768022785.86056,2.240222
768022788.02467,2.102933
768022790.148536,2.0633
768022792.320575,2.113482
768022794.319064,1.937317
768022796.3488411,1.9719020000000003
768022798.272958,1.862432
768022800.403264,2.0724419999999997
768022802.6562359,2.190772
768022804.663326,1.94915
768022806.563988,1.8393629999999999
768022808.541769,1.920087
768022810.455992,1.852735
768022812.319161,1.805164
768022814.2982199,1.9172
768022816.3323979,1.9762220000000001
768022818.300792,1.906736
768022820.32884,1.970234
768022822.304541,1.914409
768022824.10323,1.7406089999999999
768022826.12105,1.9557340000000003
768022828.1620929,1.9830490000000003
768022830.313278,2.089682
768022832.2724761,1.900993
768022834.081118,1.7471889999999999
768022836.128847,1.9896839999999998
768022838.379373,2.188517
768022840.303033,1.848084
768022842.1365291,1.772138
768022844.367295,2.17263
768022846.184532,1.755785
768022848.203529,1.960887
768022849.976713,1.712022
768022851.923608,1.889059
768022853.7272681,1.745525
768022855.949669,2.161429
768022857.75554,1.720612
768022859.728495,1.910324
768022861.767198,1.9805019999999998
768022863.979234,2.151571
768022866.177895,2.114519
768022868.2365141,1.997848
768022870.014811,1.715936
768022872.735818,2.662951
768022875.257971,2.460696
768022877.783218,2.46714
768022880.093839,2.2488080000000004
768022882.160027,2.007466
768022884.0996449,1.882068
768022886.28122,2.11889
768022888.395153,2.0557980000000002
768022890.755295,2.2984080000000002
768022893.043183,2.2298679999999997
768022895.277472,2.173111
768022897.4684241,2.1329819999999997
768022899.7643061,2.234444
768022901.7495949,1.927184
768022904.143856,2.335745
768022906.293607,2.087536
768022908.246776,1.895289
768022910.4864521,2.1781930000000003
768022912.706858,2.162651
768022914.739136,1.9706089999999998
768022916.808055,2.011089
768022918.72088,1.851461
768022920.800989,2.02226
768022923.3202161,2.457433
768022925.563511,2.185219
768022927.458885,1.833385
768022929.8299171,2.312751
768022931.851635,1.9600249999999997
768022934.126914,2.2176299999999998
768022936.106474,1.921645
768022938.024501,1.855511
768022940.566782,2.484421
768022942.877439,2.2485880000000003
768022945.066252,2.130197
768022947.218434,2.0905289999999996
768022949.456717,2.180403
768022951.648401,2.130432
768022953.609664,1.902747
768022955.67746,2.006828
768022957.89318,2.157625
768022959.9137911,1.9589820000000002
768022961.703489,1.7319740000000001
768022963.642164,1.880896
768022965.762527,2.063045
768022967.949635,2.124658
768022970.1598179,2.124969
768022972.423931,2.200866
768022974.472291,1.9872179999999997
768022976.621341,2.091155
768022978.557701,1.8742699999999999
768022980.786707,2.170169
768022982.7050049,1.8571600000000001
768022984.79396,2.031221
768022986.6962501,1.841048
768022988.799875,2.045118
768022990.767377,1.9052419999999999
768022993.06784,2.2423830000000002
768022995.336183,2.206599
768022997.740793,2.34642
768022999.799177,1.99665
768023001.6137431,1.756791
768023003.507087,1.834207
768023005.719169,2.154127
768023007.876458,2.095997
768023010.091622,2.157575
768023012.090191,1.9405640000000002
768023014.4578099,2.282841
768023016.570621,2.054395
768023018.832469,2.200514
768023020.804491,1.914083
768023022.687968,1.8221489999999998
768023024.416032,1.669623
768023026.640618,2.163629
768023028.917596,2.218647
768023030.862381,1.8834870000000001
768023032.66524,1.744659
768023034.706494,1.979445
768023036.729746,1.9656980000000002
768023039.162091,2.3711320000000002
768023041.737579,2.518059
768023043.9480121,2.149235
768023046.186385,2.154798
768023048.401854,2.157054
768023050.666393,2.203201
768023052.7265459,2.002955
768023054.782554,1.995166
768023056.6565189,1.8163
768023058.84469,2.1269790000000004
768023061.0543511,2.151391
768023063.113516,1.998203
768023065.231214,2.059611
768023067.1886629,1.895755
768023069.221377,1.9745040000000003
768023070.983622,1.70444
768023072.907828,1.865961
768023074.642373,1.672986
768023076.5816699,1.881351
768023078.2917819,1.64867
768023080.0587269,1.690968
768023082.278647,2.156788
768023084.4933751,2.1568680000000002
768023086.691535,2.136495
768023088.903817,2.1534359999999997
768023090.837841,1.872431
768023092.911636,2.015785
768023094.6967579,1.723479
768023096.769495,2.014847
768023098.68244,1.851316
768023100.656553,1.916198
768023102.59833,1.880159
768023104.716804,2.0609
768023106.898119,2.120213
768023108.870417,1.914363
768023110.936163,2.004493
768023112.8892471,1.894963
768023114.9282861,1.977852
768023117.21208,2.2255629999999997
768023119.154719,1.881317
768023121.621539,2.408966
768023123.507947,1.8249950000000001
768023125.8452201,2.2790470000000003
768023127.765553,1.85917
768023130.053952,2.229863
768023132.04083,1.9280899999999999
768023134.0370741,1.9338680000000001
768023135.959927,1.864778
768023138.3370531,2.2919479999999997
768023140.5959401,2.1971719999999997
768023142.552095,1.89365
768023144.697497,2.0878530000000004
768023147.0668349,2.308537
768023149.196359,2.071098
768023151.4821429,2.224266
768023153.624121,2.084369
768023155.702286,2.017118
768023157.953294,2.1928870000000003
768023159.811115,1.800062
768023161.8196731,1.950382
768023164.079862,2.197448
768023165.885046,1.743761
768023167.94769,2.0049799999999998
768023170.050191,2.0179650000000002
768023172.112665,2.001005
768023174.21911,2.04392
768023176.169853,1.8925669999999999
768023178.243167,2.009575
768023180.102497,1.801541
768023181.846745,1.6829150000000002
768023183.931571,2.027077
768023186.364286,2.374475
768023188.5796111,2.153681
768023190.7214941,2.080871
768023193.057905,2.278782
768023195.548897,2.4285550000000002
768023197.6611559,2.054069
768023199.581438,1.85936
768023201.628315,1.988962
768023203.5312871,1.841479
768023205.547969,1.958662
768023207.739698,2.1304269999999996
768023209.84676,2.049042
768023212.0999279,2.194521
768023214.427829,2.266569
768023216.5582609,2.072181
768023218.756882,2.13782
768023220.880598,2.0656060000000003
768023223.0127289,2.0714449999999998
768023225.0674291,1.9968659999999998
768023227.440696,2.311183
768023229.694681,2.196019
768023231.977803,2.2219100000000003
768023233.989423,1.925564
768023236.066665,2.018701
768023238.225623,2.0969930000000003
768023240.157122,1.873222
768023242.1275309,1.907211
768023244.0627021,1.877066
768023246.404822,2.2801649999999998
768023248.876263,2.4134059999999997
768023251.328554,2.3910989999999996
768023253.8314381,2.444623
768023256.300072,2.407196
768023258.727566,2.369534
768023261.136125,2.350339
768023263.213233,2.015996
768023264.91642,1.644951
768023267.0359371,2.061256
768023268.959512,1.865495
768023271.0910461,2.0701259999999997
768023272.974883,1.826103
768023274.925581,1.8892
768023276.803886,1.8204950000000002
768023278.95902,2.093836
768023281.086299,2.069434
768023283.107787,1.9592530000000001
768023285.344722,2.1793060000000004
768023287.460705,2.054771
768023289.697775,2.178775
768023291.808465,2.049333
768023293.952524,2.0860879999999997
768023295.998844,1.9886560000000002
768023298.206461,2.120008
768023300.1663151,1.901454
768023302.248965,2.021788
768023304.270087,1.9632870000000002
768023306.539944,2.208323
768023308.800789,2.203126
768023311.019321,2.157144
768023313.311093,2.233562
768023315.60041,2.2282550000000003
768023317.9267429,2.2684580000000003
768023320.156486,2.168234
768023322.313935,2.081322
768023324.150197,1.7782419999999999
768023325.8876779,1.676319
768023327.5980511,1.651867
768023329.734622,2.079117
768023331.677582,1.881958
768023333.7711029,2.0355909999999997
768023335.74671,1.913411
768023338.2912359,2.486652
768023340.446105,2.0971
768023342.570362,2.038948
768023344.6043991,1.975836
768023346.6649829,1.9993010000000002
768023348.5582731,1.83551
768023350.57938,1.959769
768023352.910814,2.273635
768023354.973654,2.002192
768023356.881191,1.8493419999999998
768023358.78278,1.840036
768023360.553689,1.7126839999999999
768023362.728188,2.112545
768023364.6053051,1.818495
768023366.745179,2.079001
768023368.989551,2.185775
768023371.579011,2.527416
768023374.0385591,2.4009970000000003
768023376.390286,2.289718
768023378.7836901,2.332337
768023380.7175039,1.876074
768023382.731424,1.9528480000000001
768023384.634702,1.8458839999999999
768023386.5728359,1.87636
768023388.777335,2.1463430000000003
768023390.99952,2.160447
768023393.078001,2.020625
768023394.9862599,1.846957
768023397.1119549,2.0675950000000003
768023399.141647,1.9680330000000001
768023401.1963929,1.9966099999999998
768023403.140526,1.881738
768023405.2174029,2.018882
768023407.132072,1.851702
768023409.312731,2.122669
768023411.449207,2.075062
768023413.6100739,2.102757
768023415.529514,1.858613
768023417.5689341,1.9813800000000001
768023419.4902691,1.859756
768023421.6279169,2.0797939999999997
768023423.593019,1.907176
768023425.830449,2.179626
768023428.126842,2.2354559999999997
768023430.340874,2.1555400000000002
768023432.351862,1.9528729999999999
768023434.272981,1.859365
768023436.552766,2.2220299999999997
768023438.911409,2.297426
768023441.121191,2.1518919999999997
768023443.414542,2.231502
768023445.7738421,2.301731
768023447.845562,2.009671
768023449.929886,2.0257180000000004
768023452.272181,2.284335
768023454.567131,2.234008
768023456.975415,2.350669
768023459.356054,2.3192820000000003
768023461.684677,2.2706779999999998
768023463.643033,1.896417
768023465.505666,1.805114
768023467.232698,1.665394
768023469.224993,1.933684
768023471.002127,1.7162119999999998
768023473.028837,1.96876
768023474.750597,1.6631879999999999
768023476.809141,2.000509
768023478.811414,1.940906
768023480.9680209,2.0989329999999997
768023483.100453,2.0712590000000004
768023485.04846,1.889776
768023487.048789,1.938675
768023489.258195,2.151886
768023491.000091,1.6801979999999999
768023492.817208,1.759187
768023494.791742,1.916534
768023497.4417679,2.590147
768023499.872199,2.3689319999999996
768023502.226396,2.2961869999999998
768023504.569599,2.2852419999999998
768023506.326365,1.6956390000000001
768023508.352388,1.9680880000000003
768023510.279246,1.865545
768023512.084134,1.745891
768023513.840565,1.694797
768023516.10756,2.208754
768023518.391829,2.223658
768023520.6592201,2.2093960000000004
768023522.818575,2.098242
768023524.832019,1.9550290000000001
768023526.930521,2.0376000000000003
768023528.887058,1.8985370000000001
768023530.908746,1.9603350000000002
768023532.828187,1.86171
768023534.707052,1.817312
768023536.8841879,2.119616
768023539.100003,2.154708
768023541.6601,2.501691
768023543.6852419,1.962461
768023545.525167,1.78176
768023547.57888,1.9924959999999998
768023549.407764,1.770609
768023551.6332569,2.16388
768023553.870918,2.1792399999999996
768023555.7931399,1.863841
768023557.847454,1.995873
768023560.032293,2.10575
768023561.9226761,1.826715
768023563.65479,1.6740590000000002
768023565.551693,1.839033
768023567.279156,1.6665860000000001
768023569.5298281,2.192978
768023571.51247,1.920508
768023573.6987619,2.1283719999999997
768023576.127313,2.367249
768023578.234651,2.044396
768023580.547958,2.255543
768023582.7700729,2.160677
768023585.022173,2.194476
768023587.229228,2.144835
768023589.101614,1.814777
768023591.310127,2.1469050000000003
768023593.2570721,1.888909
768023595.440757,2.122147
768023597.430606,1.931804
768023599.4571761,1.9690760000000003
768023601.522526,2.0076460000000003
768023603.606871,2.023127
768023605.442777,1.776824
768023607.3818779,1.876941
768023609.2708321,1.83118
768023611.529477,2.197157
768023613.8005171,2.212828
768023615.801943,1.939667
768023618.127809,2.267471
768023620.13103,1.945697
768023622.9387591,2.746667
768023625.475346,2.478297
768023627.9700711,2.433372
768023630.738975,2.6865970000000003
768023632.929867,2.133283
768023635.227498,2.2358019999999996
768023637.3733809,2.087467
768023639.391917,1.957213
768023641.19642,1.7463170000000001
768023643.2474071,1.9895490000000002
768023645.295687,1.9902700000000002
768023647.374504,2.017087
768023649.463534,2.031587
768023651.653484,2.128467
768023653.919381,2.207847
768023655.781187,1.798604
768023657.585604,1.746502
768023659.8155179,2.171442
768023661.802144,1.9290729999999998
768023664.101955,2.2377059999999998
768023666.575967,2.412388
768023668.567445,1.928972
768023670.699851,2.047453
768023672.932496,2.17476
768023675.132299,2.137769
768023677.26228,2.072081
768023679.196304,1.8730719999999998
768023681.0936891,1.837871
768023683.570322,2.4187190000000003
768023685.521261,1.892448
768023687.653793,2.071029
768023690.032954,2.320529
768023691.992136,1.897534
768023694.270873,2.1973420000000004
768023696.2522681,1.9238110000000002
768023698.356714,2.042893
768023700.7586981,2.34427
768023702.797621,1.9763670000000002
768023704.8439269,1.9878650000000002
768023706.8908739,1.9857490000000002
768023709.022033,2.073675
768023711.1082159,2.024575
768023713.069754,1.903889
768023715.157812,2.0255669999999997
768023717.381321,2.165629
768023719.248028,1.8057349999999999
768023721.0625689,1.757047
768023722.811988,1.6875
768023724.71257,1.842716
768023726.474859,1.700987
768023728.630304,2.09736
768023730.885185,2.1932980000000004
768023732.836014,1.892457
768023734.824565,1.926557
768023737.1108791,2.228991
768023739.0743469,1.902285
768023741.256314,2.1242579999999998
768023743.518387,2.200475
768023745.750215,2.173562
768023748.144661,2.336306
768023750.485608,2.2792630000000003
768023752.7472849,2.204058
768023754.994148,2.186071
768023756.872167,1.8203
768023759.172745,2.239351
768023761.385008,2.154258
768023763.544352,2.097876
768023765.945664,2.343172
768023768.182925,2.176304
768023770.178176,1.937081
768023772.217175,1.9809990000000002
768023774.6313881,2.353355
768023776.803627,2.114484
768023778.884914,2.017509
768023780.8901341,1.947521
768023782.8613191,1.9087349999999998
768023784.962232,2.043539
768023787.112069,2.088158
768023789.467785,2.297796
768023791.789743,2.2604550000000003
768023793.667536,1.8185950000000002
768023795.410947,1.6853250000000002
768023797.421955,1.952898
768023799.544253,2.04358
768023801.920037,2.317864
768023804.090713,2.1128319999999996
768023806.010739,1.858137
768023807.87229,1.8038310000000002
768023809.843084,1.913251
768023812.1565369,2.253012
768023814.549751,2.330042
768023816.738528,2.130817
768023818.93994,2.140129
768023821.264193,2.266138
768023823.1176951,1.792314
768023824.930757,1.755032
768023826.636756,1.647787
768023828.3215041,1.626718
768023830.094929,1.711671
768023832.295565,2.142685
768023834.280282,1.92351
768023836.153735,1.815488
768023838.386695,2.1713620000000002
768023840.615105,2.170169
768023842.5164881,1.840662
768023844.4593129,1.884173
768023846.848502,2.327922
768023848.9265269,2.0194929999999998
768023851.139355,2.151125
768023853.523468,2.325736
768023855.600209,2.015063
768023857.68754,2.0292410000000003
768023860.0480031,2.299531
768023862.3382261,2.231401
768023864.6088151,2.212838
768023866.953626,2.282968
768023869.026148,2.0148829999999998
768023871.485631,2.39827
768023874.1907359,2.646509
768023876.768048,2.515167
768023879.267339,2.440915
768023881.792044,2.466259
768023884.3486431,2.4949310000000002
768023886.886624,2.479946
768023889.53198,2.5877410000000003
768023891.5669291,1.973005
768023893.883324,2.258515
768023896.120759,2.1755970000000002
768023898.233124,2.053468
768023900.103264,1.812371
768023902.01851,1.8541429999999999
768023904.152324,2.075539
768023905.954792,1.740524
768023907.990384,1.9768540000000001
768023910.0127741,1.937878
768023911.816539,1.746186
768023913.598971,1.724541
768023915.823115,2.162411
768023917.842423,1.9615129999999998
768023919.76695,1.863309
768023921.685564,1.8603669999999999
768023923.8920721,2.14495
768023925.869638,1.920032
768023927.665696,1.734144
768023929.494094,1.7708789999999999
768023931.7196671,2.16405
768023933.635905,1.858148
768023936.0797321,2.385701
768023938.2424979,2.1009230000000003
768023940.656866,2.356483
768023942.851127,2.1328470000000004
768023945.033274,2.123751
768023947.117313,2.023002
768023949.088729,1.91297
768023951.140763,1.9903849999999998
768023953.3318009,2.133213
768023955.097548,1.7030610000000002
768023956.8468469,1.690943
768023958.802447,1.897419
768023960.770626,1.910334
768023962.7756251,1.943391
768023964.9639059,2.130632
768023967.196015,2.1705
768023969.385308,2.131374
768023971.58215,2.135369
768023973.478431,1.838818
768023975.817098,2.277133
768023977.7987529,1.923455
768023980.2054731,2.34862
768023982.502277,2.235016
768023984.295403,1.735166
768023986.501226,2.143963
768023988.224159,1.664842
768023990.62718,2.341438
768023992.506136,1.821257
768023994.894654,2.327305
768023997.229426,2.276868
768023999.401044,2.11021
768024001.670218,2.1881909999999998
768024004.059152,2.3272850000000003
768024006.105072,1.985489
768024008.1825299,2.0192579999999998
768024010.114414,1.870917
768024011.9526601,1.7793489999999998
768024013.673187,1.6371280000000001
768024015.632691,1.898131
768024017.635656,1.945265
768024019.560423,1.862758
768024021.872719,2.254712
768024024.231768,2.297972
768024026.4563739,2.162967
768024028.37809,1.863976
768024030.4798601,2.040832
768024032.31564,1.7777800000000001
768024034.61269,2.235541
768024036.5285469,1.858418
768024038.398211,1.808878
768024040.5630981,2.088645
768024042.325602,1.700866
768024044.520815,2.136912
768024046.523434,1.941973
768024048.716907,2.1359790000000003
768024051.097386,2.319712
768024053.184086,2.028925
768024055.354045,2.108726
768024057.437477,2.025377
768024059.251843,1.752527
768024061.297452,1.9876490000000002
768024063.4044039,2.045364
768024065.79653,2.3334089999999996
768024068.033816,2.175512
768024070.545671,2.450908
768024072.630506,2.026525
768024074.819664,2.1274140000000004
768024076.818244,1.94052
768024078.872313,1.992977
768024080.8549,1.925159
768024082.788433,1.872421
768024084.93822,2.091421
768024086.90497,1.905678
768024089.044849,2.081954
768024091.323982,2.217474
768024093.4498831,2.068077
768024095.745074,2.2326099999999998
768024097.925943,2.122839
768024099.9304371,1.9465839999999999
768024101.8702251,1.8816869999999999
768024103.648411,1.7164380000000001
768024105.440354,1.733968
768024107.1685239,1.6663260000000002
768024108.9877361,1.761683
768024110.782551,1.7371159999999999
768024112.507373,1.667167
768024114.5471029,1.9757160000000002
768024116.473575,1.8681100000000002
768024118.292155,1.7568270000000001
768024120.052049,1.7014770000000001
768024122.640422,2.525592
768024125.11497,2.416177
768024127.630839,2.454582
768024130.0921711,2.402931
768024132.625085,2.471446
768024134.804336,2.121445
768024136.652194,1.789623
768024138.431884,1.718643
768024140.109797,1.6199020000000002
768024142.049559,1.877949
768024144.037639,1.930155
768024145.802459,1.701152
768024147.83803,1.9774459999999998
768024149.635286,1.739902
768024151.4330621,1.736534
768024153.210692,1.720121
768024155.355377,2.0831410000000004
768024157.296448,1.8838730000000001
768024159.2272849,1.869519
768024161.1353389,1.850475
768024163.3780229,2.184759
768024165.125367,1.689324
768024166.749269,1.5628090000000001
768024168.4840649,1.677411
768024170.315906,1.7706790000000001
768024172.4652311,2.0915209999999997
768024174.6558679,2.128833
768024176.88714,2.174343
768024178.828716,1.88073
768024180.847157,1.9602600000000001
768024182.77647,1.868702
768024184.619838,1.785673
768024186.536993,1.855832
768024188.573236,1.978106
768024190.8053889,2.171152
768024192.773322,1.910279
768024194.707221,1.8726260000000001
768024196.6477001,1.8824589999999999
768024198.381899,1.6731770000000001
768024200.054625,1.61443
768024201.946546,1.8296409999999999
768024203.7957331,1.790479
768024205.5594499,1.7053070000000001
768024207.554281,1.93445
768024209.3462139,1.734239
768024211.390656,1.98199
768024213.390202,1.9416419999999999
768024215.5736669,2.121305
768024217.369209,1.737672
768024219.3714269,1.94059
768024221.078142,1.649001
768024222.777585,1.641368
768024224.7284529,1.8923919999999999
768024226.557588,1.7676269999999998
768024228.594988,1.979475
768024230.515692,1.8595009999999998
768024232.436876,1.86344
768024234.0872,1.5895569999999999
768024235.843395,1.697824
768024237.55454,1.6535659999999999
768024239.166599,1.550621
768024240.810418,1.585297
768024242.49678,1.6245479999999999
768024244.3285061,1.7732100000000002
768024246.597265,2.207982
768024248.9145969,2.259653
768024251.2077819,2.231898
768024253.624927,2.35941
768024255.868632,2.182578
768024258.249211,2.322609
768024260.689901,2.3770409999999997
768024263.104033,2.35268
768024265.469993,2.3079300000000003
768024267.747788,2.2163109999999997
768024270.0374509,2.214758
768024272.264177,2.16606
768024274.511441,2.1852
768024276.955182,2.385927
768024279.711902,2.6957430000000002
768024282.163331,2.393198
768024284.674094,2.4499109999999997
768024287.0938491,2.358648
768024289.401448,2.249759
768024291.738446,2.276081
768024293.71745,1.920794
768024295.956615,2.181686
768024297.946028,1.905934
768024299.614819,1.6075139999999999
768024301.84133,2.168676
768024304.115316,2.2121020000000002
768024306.286699,2.113007
768024308.492927,2.148689
768024310.4566361,1.9027020000000001
768024312.5347561,2.020485
768024314.3148509,1.7189830000000001
768024316.164339,1.7913160000000001
768024317.9836609,1.757543
768024319.95408,1.889275
768024322.214158,2.178429
768024324.1981541,1.92152
768024325.876758,1.617006
768024327.7172639,1.78221
768024329.573943,1.7987039999999999
768024331.315289,1.680263
768024333.174258,1.801365
768024335.1753939,1.939673
768024336.8865939,1.653456
768024339.098871,2.1507090000000004
768024340.817514,1.6607429999999999
768024343.002898,2.124473
768024345.16567,2.105594
768024347.112093,1.884859
768024348.85807,1.6875200000000001
768024350.821768,1.905899
768024352.561414,1.682067
768024354.4306829,1.808181
768024356.161564,1.672636
768024357.950866,1.728541
768024359.737632,1.72845
768024361.72464,1.9288930000000002
768024363.6363571,1.849753
768024365.400315,1.705738
768024367.42042,1.958998
768024369.4999291,2.021308
768024372.25701,2.695498
768024374.679056,2.364105
768024377.283336,2.545749
768024379.69383,2.349386
768024382.306023,2.554284
768024384.783348,2.4190240000000003
768024386.7326319,1.8880270000000001
768024388.771481,1.9815800000000001
768024390.770992,1.938394
768024392.721169,1.892633
768024394.8382701,2.056209
768024397.053424,2.156402
768024399.037735,1.922828
768024401.0714561,1.9761520000000001
768024402.9733111,1.8403200000000002
768024404.798171,1.76728
768024406.6903269,1.831104
768024408.624923,1.875854
768024410.870809,2.184333
768024412.895535,1.967046
768024414.671305,1.714508
768024416.77724,2.0475939999999997
768024418.74412,1.90651
768024420.7122891,1.909412
768024422.5178239,1.743761
768024424.6261691,2.050029
768024426.610821,1.9234090000000001
768024428.558527,1.8889390000000001
768024430.6014451,1.981104
768024432.3181131,1.6590140000000002
768024434.2760279,1.8963619999999999
768024436.154092,1.820205
768024438.268621,2.0526
768024440.0995309,1.7728629999999999
768024442.305864,2.1454769999999996
768024444.5047251,2.1408859999999996
768024446.80168,2.2356979999999997
768024449.004165,2.144715
768024450.866953,1.80111
768024452.8909019,1.9654669999999999
768024454.723891,1.772322
768024456.446848,1.6647669999999999
768024458.353078,1.8450160000000002
768024459.9749451,1.563467
768024461.6976119,1.638471
768024463.2618899,1.502815
768024464.82263,1.502769
768024466.468428,1.5840640000000001
768024468.162348,1.635914
768024470.408754,2.184958
768024472.298987,1.832267
768024474.2964281,1.93672
768024476.058923,1.704049
768024478.241732,2.121525
768024480.189939,1.8900620000000001
768024481.899315,1.647798
768024483.9683491,2.010868
768024486.1467069,2.0919570000000003
768024488.346425,2.136436
768024490.609476,2.201789
768024492.663725,1.9966799999999998
768024494.739264,2.014126
768024497.587502,2.790649
768024500.0793461,2.430235
768024502.521508,2.367368
768024504.922119,2.342856
768024506.8339621,1.850089
768024508.58316,1.6911129999999999
768024510.513,1.868176
768024512.7636061,2.192736
768024514.744775,1.919726
768024516.499181,1.69599
768024518.2240081,1.6631479999999998
768024520.123246,1.840852
768024522.3082,2.123135
768024524.157888,1.791503
768024525.899419,1.679611
768024527.903205,1.9451749999999999
768024529.714033,1.752883
768024531.4738721,1.698962
768024533.749387,2.217019
768024535.765768,1.9548780000000001
768024537.8319199,2.008057
768024539.696943,1.8065769999999999
768024541.767049,2.012101
768024543.579049,1.7509279999999998
768024545.332002,1.695108
768024547.630194,2.236168
768024549.872782,2.185244
768024551.799319,1.865149
768024553.9134419,2.055622
768024556.14088,2.169623
768024558.068484,1.8664070000000001
768024559.865514,1.739025
768024561.762552,1.838441
768024563.972364,2.149025
768024565.8085,1.753594
768024568.126589,2.256435
768024570.287321,2.1001510000000003
768024572.4413321,2.096081
768024574.429062,1.9264860000000001
768024576.3924091,1.904967
768024578.3341559,1.8800990000000002
768024580.397537,2.005742
768024582.3464961,1.888293
768024584.480281,2.07572
768024586.661992,2.120063
768024588.854513,2.1340299999999996
768024590.853629,1.9376179999999998
768024592.636917,1.725889
768024594.55294,1.853822
768024596.560891,1.9497360000000001
768024598.4172591,1.795351
768024600.297769,1.82241
768024602.297285,1.937878
768024604.280925,1.9261160000000002
768024606.3654499,2.022641
768024608.563238,2.139818
768024610.664482,2.039355
768024612.666104,1.9435209999999998
768024614.9060451,2.178113
768024617.1756959,2.2118659999999997
768024619.282598,2.04599
768024621.746246,2.405577
768024624.253901,2.4451400000000003
768024626.47093,2.1583919999999996
768024628.532336,2.003421
768024630.308077,1.714383
768024632.291085,1.925219
768024634.330299,1.9544470000000003
768024636.21129,1.8230309999999998
768024638.213719,1.941727
768024640.165945,1.894151
768024642.262568,2.035355
768024644.5320029,2.211104
768024646.763445,2.17037
768024648.794756,1.9728599999999998
768024650.58496,1.728455
768024652.577496,1.933599
768024654.554976,1.916774
768024656.681358,2.06757
768024658.928973,2.1855450000000003
768024660.898941,1.911501
768024662.94468,1.985063
768024665.1894829,2.186638
768024667.477752,2.226435
768024669.475951,1.939472
768024671.533267,1.996179
768024673.535896,1.944734
768024675.593563,1.995948
768024677.669663,2.017393
768024679.606459,1.878405
768024681.7904199,2.125801
768024684.030858,2.179145
768024685.9762291,1.88286
768024688.071784,2.037185
768024690.159792,2.025583
768024692.2589669,2.0403119999999997
768024694.281507,1.961804
768024696.461709,2.122172
768024698.404304,1.881091
768024700.413854,1.951705
768024702.357636,1.882629
768024704.6565449,2.240833
768024706.587502,1.8699299999999999
768024708.893051,2.2474589999999997
768024710.8358411,1.881727
768024712.9660671,2.072121
768024714.762736,1.735317
768024716.8849989,2.0641570000000002
768024718.9007779,1.9546970000000001
768024721.1088461,2.1498060000000003
768024723.381904,2.212262
768024725.605739,2.165543
768024727.627628,1.9606519999999998
768024729.836633,2.150509
768024731.792127,1.8948129999999999
768024733.818867,1.951395
768024735.8820219,2.005315
768024737.859638,1.919741
768024739.828964,1.9079329999999999
768024741.688635,1.80134
768024743.7772139,2.024966
768024745.6868119,1.8514519999999999
768024748.034474,2.28632
768024750.5439091,2.445761
768024752.995308,2.392687
768024755.301589,2.2456400000000003
768024757.670967,2.311108
768024759.657769,1.9250479999999999
768024761.540679,1.82472
768024763.680703,2.078761
768024766.036775,2.297811
768024767.940635,1.841794
768024770.3291581,2.329847
768024772.623131,2.236114
768024774.545784,1.861309
768024776.771667,2.167658
768024778.898546,2.0652850000000003
768024780.960598,2.0042229999999996
768024783.06337,2.041284
768024785.1547511,2.03302
768024787.076617,1.860839
768024789.449739,2.315567
768024791.757704,2.246011
768024794.21645,2.400827
768024796.313218,2.0383620000000002
768024798.271148,1.895685
768024800.258436,1.9292580000000001
768024802.34464,2.024876
768024804.306013,1.9032179999999999
768024806.5688231,2.201031
768024808.864233,2.2373800000000004
768024811.1331481,2.206709
768024813.443904,2.252792
768024815.752305,2.246737
768024817.718394,1.907753
768024819.9077929,2.131038
768024822.005203,2.039154
768024824.313223,2.244513
768024826.1818401,1.80736
768024828.138411,1.898867
768024830.159097,1.959213
768024832.028341,1.810587
768024834.2687991,2.177161
768024836.2630789,1.935954
768024838.5140461,2.189679
768024840.577938,2.004704
768024842.5296429,1.890026
768024844.375342,1.788205
768024846.733323,2.296774
768024848.821376,2.030729
768024850.972306,2.089306
768024853.128858,2.098462
768024855.243698,2.052816
768024857.416729,2.114865
768024859.733565,2.254852
768024861.949887,2.158316
768024864.427823,2.4194839999999997
768024866.347022,1.8582130000000001
768024868.1067351,1.7006199999999998
768024870.01057,1.842106
768024872.705898,2.636992
768024874.8193201,2.052284
768024876.494285,1.616695
768024878.0420799,1.486266
768024879.634644,1.53487
768024881.17021,1.477326
768024882.785136,1.5525859999999998
768024884.715462,1.87214
768024886.583703,1.806187
768024888.491747,1.849988
768024890.526686,1.9737320000000003
768024892.408558,1.823451
768024894.12438,1.654508
768024895.818705,1.636701
768024897.506471,1.629189
768024899.2455161,1.677502
768024901.161634,1.857926
768024903.128795,1.906275
768024904.936305,1.748632
768024907.1853321,2.187068
768024909.549293,2.305926
768024911.693948,2.083548
768024913.669996,1.917892
768024915.439497,1.7081380000000002
768024917.2134479,1.715901
768024918.939678,1.664802
768024920.8363961,1.83807
768024922.781225,1.886509
768024924.5214981,1.6823579999999998
768024926.264527,1.681797
768024927.983686,1.659725
768024930.028548,1.962661
768024932.101757,2.011074
768024934.014166,1.851106
768024936.140628,2.068407
768024938.175853,1.9740529999999998
768024940.159873,1.9254840000000002
768024942.264851,2.043314
768024944.2841289,1.9616730000000002
768024946.478865,2.132943
768024948.833153,2.296288
768024950.832138,1.938099
768024953.100165,2.210282
768024955.3628199,2.177151
768024957.785588,2.364572
768024960.076083,2.229287
768024962.314431,2.179882
768024964.305498,1.9332880000000001
768024966.3184459,1.9513449999999999
768024968.225191,1.830503
768024970.505728,2.219839
768024972.682607,2.1185840000000002
768024974.902257,2.158096
768024977.0834371,2.123114
768024979.3269919,2.182387
768024981.2997259,1.914614
768024983.091148,1.7297390000000001
768024984.8239441,1.674615
768024987.058192,2.176374
768024988.851874,1.735802
768024990.6333029,1.719805
768024992.341261,1.650394
768024994.217796,1.815127
768024996.714671,2.438534
768024999.065847,2.2897730000000003
768025001.31238,2.189159
768025003.824776,2.450893
768025005.738804,1.8564740000000002
768025007.4419651,1.644515
768025009.2117369,1.7114260000000001
768025011.18399,1.911061
768025012.85419,1.612255
768025014.79065,1.877874
768025016.766166,1.917079
768025018.561502,1.7338230000000001
768025020.8279151,2.207942
768025022.825693,1.936325
768025024.867759,1.9842309999999999
768025027.065542,2.1359450000000004
768025029.022875,1.898897
768025031.165591,2.081177
768025033.397624,2.173788
768025035.38835,1.928396
768025037.345438,1.8986070000000002
768025039.586478,2.1797470000000003
768025041.747596,2.1028230000000003
768025043.588739,1.780321
768025045.41412,1.767155
768025047.562554,2.087016
768025049.634184,2.013719
768025051.603189,1.907673
768025053.6687001,2.007645
768025055.575621,1.845348
768025057.348369,1.714217
768025059.4015859,1.9918890000000002
768025061.3213019,1.861726
768025063.287536,1.902185
768025065.489279,2.143287
768025067.504958,1.954311
768025069.7191,2.155701
768025071.929182,2.151877
768025074.2803631,2.292594
768025076.478823,2.136716
768025078.530005,1.989252
768025080.480688,1.892617
768025082.436307,1.8943020000000002
768025084.573545,2.079367
768025086.7447671,2.110205
768025088.92954,2.126748
768025091.0380061,2.0471679999999997
768025093.332079,2.235767
768025095.531731,2.1387759999999996
768025097.350372,1.7606659999999998
768025099.0648949,1.653697
768025101.129754,2.0067090000000003
768025103.1037359,1.9155360000000001
768025105.225738,2.0638520000000002
768025107.4369329,2.150282
768025109.668164,2.173051
768025111.831146,2.102356
768025113.8374289,1.947902
768025115.991796,2.095646
768025118.0996,2.024154
768025120.04676,1.888528
768025122.488742,2.3792359999999997
768025124.69257,2.145311
768025126.998801,2.244923
768025129.236783,2.1798669999999998
768025131.508459,2.209978
768025133.773605,2.206174
768025135.598269,1.761197
768025137.361335,1.704655
768025139.503549,2.08039
768025141.5444981,1.982863
768025143.5011641,1.894672
768025145.757429,2.198335
768025147.779694,1.961403
768025149.947467,2.109638
768025152.14257,2.137117
768025153.9839779,1.779835
768025156.155616,2.113513
768025158.214927,1.997456
768025160.432511,2.159574
768025162.745718,2.252425
768025164.83962,2.035952
768025166.799765,1.898767
768025168.864078,2.005585
768025170.646093,1.7211640000000001
768025172.930668,2.22639
768025175.0346891,2.042262
768025177.1926451,2.099936
768025179.205343,1.95193
768025181.2632151,1.9999380000000002
768025183.389156,2.064663
768025185.199472,1.752251
768025187.1774089,1.9194550000000001
768025188.9524281,1.716854
768025190.712963,1.699308
768025192.732216,1.960861
768025194.6925809,1.8995939999999998
768025196.5490551,1.797687
768025198.958862,2.3486700000000003
768025200.872469,1.855721
768025203.1359301,2.1750160000000003
768025205.4049691,2.210999
768025207.625255,2.1589180000000003
768025209.838495,2.1548040000000004
768025211.7882459,1.888754
768025214.141171,2.2951
768025216.12406,1.924653
768025218.4790441,2.2934460000000003
768025220.5862421,2.049193
768025222.59727,1.9492990000000001
768025224.826472,2.171462
768025226.797342,1.908801
768025228.754861,1.89997
768025231.000862,2.184999
768025232.9299951,1.871273
768025235.067919,2.077022
768025237.056119,1.930616
768025239.092396,1.975395
768025241.269436,2.1186339999999997
768025243.485172,2.153836
768025245.4739939,1.9308260000000002
768025248.113265,2.5776280000000003
768025250.362072,2.190922
768025252.080099,1.6597899999999999
768025254.006024,1.864648
768025256.029827,1.965262
768025258.100675,2.007851
768025260.193319,2.034448
768025262.17991,1.9250980000000002
768025264.2595791,2.021342
768025266.258775,1.938073
768025268.430608,2.1141229999999998
768025270.606931,2.115497
768025272.806639,2.1415179999999996
768025274.998629,2.129976
768025276.9494971,1.8929529999999999
768025279.0908899,2.057567
768025280.815432,1.666737
768025282.727365,1.851021
768025285.1146289,2.329219
768025287.37335,2.197232
768025289.616248,2.1849130000000003
768025291.753641,2.0765610000000003
768025293.9608561,2.1488739999999997
768025296.192729,2.174239
768025298.189735,1.935052
768025300.038,1.790154
768025302.0545311,1.9532690000000001
768025304.086949,1.974669
768025306.269392,2.1197719999999998
768025308.495983,2.1686549999999998
768025310.492748,1.935227
768025312.358568,1.808437
768025314.4719111,2.0520840000000002
768025316.424769,1.8949889999999998
768025318.244141,1.757979
768025320.574589,2.272347
768025322.957538,2.321802
768025324.964412,1.9485679999999999
768025326.816065,1.790419
768025328.804726,1.930431
768025330.8743211,2.008087
768025332.990519,2.0586390000000003
768025335.06461,2.012282
768025337.0957749,1.973386
768025339.021595,1.864627
768025340.789177,1.709487
768025342.870439,2.019834
768025345.045018,2.1163890000000003
768025346.905812,1.799922
768025349.013746,2.050039
768025350.918873,1.843594
768025352.9911441,2.0146669999999998
768025355.168425,2.1163440000000002
768025357.352623,2.1261579999999998
768025359.093191,1.6789450000000001
768025360.81656,1.665028
768025362.747522,1.8730719999999998
768025364.785223,1.9795860000000003
768025367.026538,2.1800420000000003
768025369.090334,2.0054909999999997
768025371.469244,2.3172919999999997
768025373.6985259,2.171578
768025375.981804,2.221939
768025378.199273,2.131504
768025380.150688,1.893424
768025382.260276,2.048035
768025384.2318721,1.913516
768025386.565397,2.2724379999999997
768025388.853365,2.2299580000000003
768025390.928298,2.014191
768025393.164561,2.178639
768025395.2038311,1.977997
768025397.247691,1.985605
768025399.111402,1.802788
768025401.1201149,1.950297
768025403.107709,1.929734
768025404.9618219,1.7958880000000002
768025406.963534,1.939486
768025409.193828,2.172164
768025411.465974,2.21119
768025413.543748,2.02015
768025415.281646,1.679156
768025417.130677,1.791172
768025418.789175,1.5965479999999999
768025421.090499,2.243034
768025422.998162,1.84633
768025425.031713,1.975606
768025427.173346,2.080044
768025429.0354321,1.8045579999999999
768025430.779389,1.68302
768025432.7163,1.879503
768025434.665891,1.88902
768025436.737877,2.013846
768025438.758392,1.941446
768025440.930035,2.1136779999999997
768025443.1382331,2.146925
768025445.392708,2.196952
768025447.5912579,2.137172
768025449.8726159,2.222922
768025451.8833239,1.9495
768025453.7712909,1.830077
768025455.8082399,1.979676
768025458.016112,2.1496470000000003
768025459.939732,1.862538
768025461.9116141,1.914243
768025463.928146,1.955774
768025466.095092,2.108861
768025468.1845281,2.0278370000000003
768025470.297108,2.0515030000000003
768025472.2688811,1.914243
768025474.098958,1.76936
768025476.151132,1.9943449999999998
768025477.908641,1.696461
768025479.6426489,1.675537
768025481.62419,1.922873
768025483.3377,1.650855
768025485.509789,2.113613
768025487.480995,1.910263
768025489.557395,2.018631
768025491.447232,1.828257
768025493.460465,1.954682
768025495.3625801,1.841193
768025497.878986,2.4586159999999997
768025500.413729,2.4733709999999998
768025502.9006311,2.429734
768025505.506089,2.547472
768025507.8713621,2.3043970000000003
768025510.3177351,2.388793
768025512.9103781,2.535214
768025515.18063,2.20901
768025516.9600639,1.7215850000000001
768025518.997725,1.9766929999999998
768025520.6174971,1.5620930000000002
768025522.586873,1.9083839999999999
768025524.4394829,1.794294
768025526.424556,1.923826
768025528.391833,1.9092969999999998
768025530.112992,1.6597
768025531.891584,1.7206380000000001
768025534.000992,2.0512170000000003
768025535.980412,1.918513
768025538.00422,1.942289
768025540.208298,2.142605
768025542.38168,2.1123000000000003
768025544.380695,1.940589
768025546.195928,1.7538799999999999
768025548.309946,2.056404
768025550.336301,1.9649960000000002
768025552.359101,1.9647860000000001
768025554.068147,1.647361
768025555.814779,1.6887379999999999
768025557.536349,1.664056
768025559.3190161,1.72195
768025561.303557,1.927008
768025563.23888,1.873683
768025565.028638,1.731829
768025567.0562611,1.96669
768025568.8403361,1.7258449999999999
768025571.001028,2.099535
768025572.938751,1.8796979999999999
768025575.1767131,2.1761329999999997
768025577.2020899,1.967407
768025578.926626,1.662823
768025581.069301,2.0845149999999997
768025583.1617539,2.03092
768025585.067062,1.8473870000000001
768025587.133409,2.0054410000000003
768025589.1120169,1.920358
768025591.037992,1.864733
768025592.796187,1.70039
768025594.843691,1.9861950000000002
768025596.631174,1.7068299999999998
768025598.417975,1.725369
768025600.156865,1.680819
768025602.011704,1.7933560000000002
768025604.0324199,1.9627059999999998
768025605.8569,1.7609270000000001
768025607.660641,1.745927
768025609.639034,1.920248
768025611.621601,1.921114
768025613.6537089,1.973978
768025615.9069669,2.191649
768025617.8952271,1.9302709999999998
768025620.04983,2.095205
768025622.971083,2.859134
768025625.199463,2.17062
768025627.558131,2.297576
768025629.4392271,1.822911
768025631.720179,2.219659
768025633.802313,2.022665
768025635.958996,2.098307
768025638.258286,2.208313
768025640.389875,2.070211
768025642.529383,2.078195
768025644.7011609,2.113392
768025647.084281,2.320986
768025649.2113149,2.0694250000000003
768025651.405129,2.132697
768025653.6262419,2.163128
768025655.790989,2.103515
768025657.930793,2.081704
768025660.063285,2.0748569999999997
768025662.0762329,1.9509180000000002
768025664.150062,2.0161100000000003
768025666.606092,2.393369
768025668.7567409,2.0919670000000004
768025670.798762,1.9806580000000003
768025672.610692,1.7360330000000002
768025674.76332,2.091566
768025676.804945,1.9842060000000001
768025678.79751,1.931523
768025680.5359141,1.68085
768025682.726666,2.128708
768025684.449974,1.6653930000000001
768025686.692156,2.1799419999999996
768025688.67984,1.929834
768025690.519394,1.778457
768025692.601609,2.024169
768025694.43542,1.771931
768025696.675276,2.181521
768025698.944726,2.2077720000000003
768025700.7322489,1.729262
768025702.7694091,1.9758470000000001
768025704.638161,1.810507
768025706.460104,1.760565
768025708.494768,1.977351
768025710.4542611,1.897755
768025712.25725,1.744969
768025714.4151059,2.095359
768025716.481433,2.008297
768025718.268831,1.725549
768025720.0555929,1.728426
768025722.335548,2.21801
768025724.5918571,2.1983699999999997
768025726.595318,1.93887
768025728.684208,2.0307139999999997
768025730.723187,1.977135
768025732.9378301,2.156898
768025735.232398,2.233682
768025737.169174,1.878696
768025739.471511,2.240879
768025741.7597799,2.230009
768025743.738183,1.9164080000000001
768025745.6333511,1.837569
768025748.072502,2.3809899999999997
768025750.768897,2.63464
768025753.087757,2.261221
768025755.146327,1.9971020000000002
768025757.4041361,2.197127
768025759.451524,1.9854489999999998
768025761.852626,2.3427360000000004
768025764.083727,2.1703
768025766.039597,1.89761
768025768.061651,1.9636829999999998
768025769.8280649,1.704776
768025772.072567,2.186567
768025774.547677,2.4134349999999998
768025776.370351,1.765121
768025778.6725731,2.240523
768025780.426433,1.695543
768025782.7041521,2.2150540000000003
768025784.864849,2.102687
768025787.196961,2.270768
768025789.537822,2.28241
768025791.7285839,2.129504
768025794.036765,2.2497350000000003
768025796.157088,2.0622629999999997
768025798.109746,1.891761
768025800.2224671,2.054791
768025802.263721,1.980112
768025804.306759,1.984412
768025806.201657,1.83331
768025808.159326,1.900255
768025810.093832,1.8732119999999999
768025812.282474,2.130627
768025814.5513179,2.207953
768025816.7676641,2.156968
768025818.917717,2.087091
768025820.938202,1.9629410000000003
768025823.182574,2.183204
768025825.165913,1.9253989999999999
768025827.159727,1.93218
768025829.0019369,1.784541
768025831.271798,2.208398
768025833.34427,2.014276
768025835.5125251,2.106531
768025837.610802,2.040628
768025839.8889129,2.216482
768025842.221851,2.274978
768025844.1333131,1.853547
768025846.452033,2.257939
768025848.420397,1.9106049999999999
768025850.22704,1.745635
768025852.3819779,2.0973900000000003
768025854.449052,2.004909
768025856.683782,2.177131
768025858.964504,2.2190280000000002
768025861.222983,2.200485
768025863.459317,2.175025
768025865.72146,2.203818
768025867.911195,2.1284110000000003
768025870.1168821,2.1477720000000002
768025872.278095,2.1031790000000004
768025874.608948,2.269591
768025876.8292739,2.1623010000000003
768025878.897366,2.007175
768025881.224321,2.269702
768025883.2969581,2.011981
768025885.471848,2.117316
768025887.720244,2.187304
768025889.9876649,2.2094110000000002
768025892.222846,2.1771149999999997
768025894.430282,2.146388
768025896.692936,2.204965
768025898.917833,2.1634480000000003
768025900.944292,1.9685599999999999
768025902.932658,1.9271939999999999
768025905.252646,2.262099
768025907.3386691,2.024325
768025909.227207,1.830418
768025911.4431729,2.134356
768025913.504704,2.003421
768025915.682893,2.1163499999999997
768025917.6710429,1.930356
768025919.7720469,2.0430639999999998
768025922.165095,2.3355390000000003
768025924.215861,1.9895479999999999
768025926.17558,1.875172
768025928.318306,2.084429
768025930.420361,2.040938
768025932.4160291,1.937858
768025934.1751361,1.698009
768025936.1345041,1.901273
768025938.03075,1.8346829999999998
768025940.313271,2.2253580000000004
768025942.477606,2.103103
768025944.481995,1.946182
768025946.528726,1.9848219999999999
768025948.293727,1.707317
768025950.4352989,2.080305
768025952.611543,2.117276
768025954.484545,1.811348
768025956.335029,1.792269
768025958.438543,2.04174
768025960.3566251,1.859731
768025962.5947781,2.176939
768025964.574839,1.922066
768025966.775444,2.139242
768025969.1002841,2.266984
768025971.345658,2.184187
768025973.563503,2.159294
768025975.644981,2.0197230000000004
768025977.881695,2.1786589999999997
768025980.0794841,2.136331
768025982.472748,2.335074
768025984.430443,1.900096
768025986.172149,1.680263
768025988.225211,1.9954669999999999
768025989.943653,1.656182
768025991.672745,1.670219
768025993.822236,2.09129
768025996.529145,2.645096
768025998.878947,2.2915919999999996
768026000.810992,1.87412
768026002.9057649,2.033661
768026004.8848951,1.921219
768026007.195325,2.2495789999999998
768026009.1872439,1.93442
768026011.139767,1.890814
768026013.338477,2.140585
768026015.6111449,2.211581
768026017.887005,2.217569
768026019.796598,1.8478940000000001
768026021.597843,1.743485
768026023.61698,1.961047
768026025.586998,1.911848
768026027.5079271,1.8596210000000002
768026029.5025921,1.9369210000000001
768026031.591302,2.030615
768026033.9808921,2.330829
768026036.1872599,2.145141
768026037.906419,1.661039
768026040.051124,2.086785
768026042.196395,2.0819189999999996
768026044.355223,2.100442
768026046.75387,2.3373090000000003
768026048.687674,1.875875
768026050.5822461,1.832087
768026052.4352219,1.795331
768026054.742159,2.246031
768026056.761823,1.9607119999999998
768026058.693261,1.86978
768026060.748492,1.996459
768026062.688937,1.8784640000000001
768026065.1005081,2.353797
768026067.395082,2.233532
768026069.442004,1.988647
768026071.3945509,1.891771
768026073.181448,1.7290770000000002
768026075.2498599,2.006714
768026077.476521,2.168471
768026079.815483,2.277449
768026081.7829299,1.909327
768026083.9129211,2.0716889999999997
768026086.243273,2.272328
768026088.233443,1.928868
768026090.1928519,1.898411
768026092.252514,2.001507
768026094.523362,2.209285
768026096.716149,2.135122
768026098.83131,2.053633
768026100.921764,2.032599
768026102.881964,1.899284
768026105.0643059,2.1246780000000003
768026107.31777,2.1909870000000002
768026109.229432,1.8532259999999998
768026111.164714,1.87408
768026113.2692701,2.0466059999999997
768026115.3732901,2.0428830000000002
768026117.308818,1.877648
768026119.019236,1.652188
768026121.241251,2.16416
768026123.803514,2.50109
768026126.12028,2.258846
768026128.1493961,1.9682689999999998
768026129.898344,1.687766
768026131.770023,1.814356
768026134.054789,2.2270570000000003
768026136.21312,2.0972690000000003
768026138.45437,2.17928
768026140.404602,1.892412
768026142.457593,1.991493
768026144.337782,1.822369
768026146.5116,2.1127960000000003
768026148.73608,2.147481
768026150.890072,2.092098
768026153.15662,2.208954
768026155.000931,1.783284
768026156.977404,1.918934
768026159.128849,2.090513
768026160.960741,1.7736049999999999
768026162.757756,1.736099
768026164.504509,1.68933
768026166.693442,2.127535
768026168.485702,1.734529
768026170.4944899,1.947877
768026172.430764,1.87868
768026174.191084,1.699318
768026175.959046,1.709521
768026178.1681609,2.122628
768026180.3634341,2.135033
768026182.28949,1.865354
768026184.142164,1.7952409999999999
768026186.171686,1.9680689999999998
768026188.060329,1.8310089999999999
768026190.1129,1.9903600000000001
768026191.946981,1.775701
768026194.1663749,2.134005
768026196.231259,2.003401
768026198.168425,1.876505
768026200.047662,1.8218130000000001
768026202.236334,2.127214
768026204.1970761,1.9018089999999999
768026206.021555,1.762515
768026207.956833,1.877337
768026209.999896,1.959534
768026212.125261,2.06338
768026214.238913,2.052134
768026216.158479,1.861605
768026218.305699,2.085803
768026220.587453,2.223994
768026222.6680889,2.019092
768026224.816838,2.090634
768026227.154518,2.2770580000000002
768026229.125768,1.913732
768026231.117908,1.931283
768026233.054578,1.8785749999999999
768026235.021855,1.905999
768026237.242878,2.163147
768026239.1151279,1.810928
768026241.24776,2.074847
768026243.229681,1.920829
768026245.198762,1.911402
768026247.6378781,2.355246
768026249.779767,2.084103
768026252.0233419,2.183234
768026253.936492,1.849257
768026255.946373,1.952121
768026258.138072,2.1075030000000003
768026260.47085,2.272307
768026262.718254,2.186176
768026264.9760929,2.199853
768026267.400173,2.362898
768026269.585578,2.127315
768026271.844022,2.196996
768026273.8680661,1.9658280000000001
768026275.6067309,1.680734
768026277.4076949,1.74314
768026279.688467,2.218872
768026282.087123,2.340942
768026284.266077,2.117591
768026286.431415,2.104516
768026288.762449,2.273024
768026291.0212051,2.197096
768026293.5124769,2.432861
768026295.552272,1.978914
768026297.787613,2.177326
768026299.857268,2.007119
768026302.103785,2.188272
768026304.415464,2.254165
768026306.933749,2.4568160000000003
768026309.299363,2.3077
768026311.42334,2.062875
768026313.7166721,2.235236
768026315.9350979,2.157314
768026318.3230749,2.329921
768026320.589102,2.2085939999999997
768026322.830161,2.179616
768026324.604463,1.7163519999999999
768026326.756671,2.091195
768026328.8905449,2.07598
768026330.95356,2.002003
768026332.9805759,1.96897
768026334.9269991,1.885081
768026337.0891039,2.104682
768026339.320706,2.169738
768026341.75704,2.3775570000000004
768026343.917417,2.098838
768026345.9310759,1.955324
768026347.6242299,1.6322109999999999
768026349.210218,1.527768
768026351.248726,1.9762579999999998
768026353.2323511,1.925861
768026355.3877009,2.094649
768026357.542545,2.096914
768026359.746598,2.141112
768026361.656165,1.852179
768026363.4211609,1.70714
768026365.245955,1.7666089999999999
768026367.2936239,1.9865210000000002
768026369.211571,1.860233
768026371.426504,2.153891
768026373.2125889,1.728015
768026375.015683,1.741656
768026377.223731,2.149826
768026379.5692431,2.283598
768026381.404613,1.77775
768026383.134982,1.669257
768026385.414351,2.204154
768026387.3368629,1.861956
768026389.293189,1.898516
768026391.3110089,1.957148
768026393.523902,2.1550290000000003
768026395.4071829,1.821933
768026397.5710931,2.106416
768026399.5154121,1.883282
768026401.4442389,1.870973
768026403.552008,2.046642
768026405.533478,1.924583
768026407.439542,1.82881
768026409.4942471,1.9971260000000002
768026411.497753,1.942213
768026413.070832,1.5144469999999999
768026414.966867,1.838166
768026416.797285,1.772678
768026418.567894,1.707607
768026420.6163701,1.990861
768026422.538205,1.859891
768026424.545009,1.9485430000000001
768026426.5032799,1.8954950000000002
768026428.4869341,1.925679
768026430.227443,1.6793209999999998
768026432.140478,1.85506
768026433.806248,1.604818
768026436.081592,2.217615
768026437.852641,1.709431
768026439.795977,1.885952
768026441.926304,2.072277
768026444.14444,2.1572240000000003
768026446.505344,2.300082
768026448.372968,1.809569
768026450.376685,1.942579
768026452.591598,2.157144
768026454.853075,2.200956
768026456.808735,1.89802
768026459.118639,2.248502
768026461.398003,2.221994
768026463.629144,2.170455
768026465.8952761,2.2082680000000003
768026468.158507,2.204875
768026470.114478,1.8950079999999998
768026471.6988679,1.526269
768026473.6691359,1.912414
768026475.6079559,1.877547
768026477.232891,1.56726
768026479.036637,1.7425279999999999
768026480.901501,1.8071840000000001
768026482.8448969,1.882254
768026484.782459,1.8796430000000002
768026486.492221,1.648369
768026488.673702,2.123069
768026490.582181,1.847753
768026492.69408,2.053697
768026494.570495,1.815372
768026497.374074,2.74584
768026499.845595,2.410539
768026502.1732861,2.269561
768026504.081645,1.8508850000000001
768026506.032724,1.889295
768026507.667351,1.576607
768026509.51316,1.788265
768026511.168841,1.5937169999999998
768026512.93318,1.706054
768026514.701182,1.705276
768026516.788338,2.029912
768026518.9058651,2.055593
768026521.0465261,2.082255
768026522.949353,1.8419249999999998
768026524.8738501,1.866553
768026526.916712,1.982021
768026529.0381631,2.063807
768026530.900586,1.80139
768026532.641936,1.682549
768026534.3569449,1.653942
768026536.172308,1.757664
768026538.478805,2.244933
768026540.737079,2.200555
768026542.904246,2.104977
768026545.117701,2.155831
768026547.0231091,1.84439
768026548.72837,1.646911
768026550.702853,1.913281
768026552.565406,1.8048330000000001
768026554.4144881,1.787809
768026556.570515,2.098001
768026558.481184,1.8497430000000001
768026560.357735,1.818596
768026562.060019,1.641764
768026564.178994,2.061431
768026566.165952,1.901057
768026568.165809,1.941943
768026570.174407,1.948273
768026572.140601,1.907803
768026574.101553,1.899644
768026576.1542081,1.9948510000000002
768026578.0528101,1.837078
768026580.254207,2.143477
768026582.589506,2.274412
768026584.955902,2.308462
768026587.148278,2.13156
768026589.167596,1.961569
768026591.2502071,2.022094
768026593.48228,2.174429
768026595.7924759,2.2484509999999998
768026597.718351,1.8683319999999999
768026599.8166729,2.0409230000000003
768026602.0606539,2.18575
768026604.4842229,2.362838
768026606.601915,2.056445
768026608.610989,1.951044
768026610.735056,2.060354
768026612.9768369,2.183259
768026614.949461,1.894117
768026616.8331231,1.825321
768026618.773462,1.878354
768026621.348233,2.516847
768026623.7781819,2.368652
768026626.233145,2.3967110000000003
768026628.724873,2.433442
768026631.238301,2.451825
768026633.2586861,1.9628860000000001
768026635.5156629,2.1965359999999996
768026637.473387,1.899288
768026639.5390841,2.003892
768026641.3406451,1.743821
768026643.702556,2.303566
768026645.915389,2.153004
768026648.123477,2.1451510000000003
768026650.1475309,1.962411
768026651.976295,1.771291
768026654.1711869,2.1128549999999997
768026656.387919,2.155144
768026658.705923,2.256605
768026660.711874,1.947165
768026662.6162491,1.842531
768026664.644513,1.970249
768026666.77725,2.070773
768026669.145846,2.310651
768026671.267903,2.060724
768026673.449178,2.123495
768026675.74912,2.2382779999999998
768026677.806541,1.999271
768026680.150731,2.286375
768026682.320073,2.108325
768026684.259856,1.881922
768026686.28404,1.9624909999999998
768026688.344624,2.002414
768026690.306743,1.899233
768026692.605171,2.240443
768026694.550527,1.884504
768026696.2593819,1.6505230000000002
768026698.203028,1.882163
768026700.202886,1.941452
768026702.10684,1.841334
768026704.093487,1.928852
768026706.049427,1.894663
768026707.994954,1.8868699999999998
768026710.202776,2.119526
768026712.241218,1.980397
768026714.244724,1.941938
768026716.203766,1.9006509999999999
768026718.002871,1.7374260000000001
768026720.1699381,2.108901
768026722.411574,2.179892
768026724.4312071,1.961117
768026726.676241,2.183876
768026728.865069,2.130687
768026730.7692131,1.843338
768026732.9495311,2.122233
768026734.868796,1.858053
768026736.995348,2.068116
768026738.798859,1.741606
768026741.078648,2.22199
768026743.156101,2.0162359999999997
768026744.955056,1.740639
768026747.164051,2.1476830000000002
768026749.242612,2.020691
768026751.1903479,1.886047
768026753.085542,1.837038
768026755.24675,2.1033079999999997
768026757.204064,1.899745
768026759.238873,1.973557
768026761.140627,1.8436489999999999
768026762.845041,1.643242
768026764.7799779,1.876946
768026766.446288,1.605564
768026768.059741,1.555488
768026769.855308,1.734008
768026771.819733,1.906901
768026773.780945,1.9032980000000002
768026775.4650921,1.6231550000000001
768026777.1986499,1.675883
768026779.1575819,1.8975350000000002
768026781.113893,1.898777
768026783.3925351,2.217494
768026785.529111,2.078682
768026787.506106,1.915602
768026789.356034,1.792304
768026791.674669,2.257086
768026793.579501,1.847382
768026795.496996,1.856734
768026797.295044,1.740384
768026798.98945,1.633475
768026800.822564,1.7753599999999998
768026802.8951211,2.014672
768026805.0870961,2.134096
768026807.05981,1.911136
768026808.905273,1.787598
768026810.815472,1.848816
768026812.998411,2.125004
768026814.782621,1.722747
768026816.977342,2.137137
768026818.8123161,1.77304
768026820.835658,1.9653919999999998
768026822.533527,1.636266
768026824.2678161,1.676439
768026826.393827,2.065059
768026828.373453,1.922297
768026830.360987,1.925724
768026832.3225801,1.903994
768026834.059085,1.675197
768026836.24222,2.125425
768026838.1859059,1.8832460000000002
768026839.9942831,1.750858
768026841.733293,1.645207
768026843.740502,1.931473
768026845.794346,1.9963289999999998
768026847.961889,2.106567
768026850.17163,2.125676
768026852.124704,1.891961
768026854.348147,2.161449
768026856.63799,2.231396
768026858.7918559,2.0927540000000002
768026860.8198191,1.9700540000000002
768026862.904268,2.0218990000000003
768026865.01542,2.053202
768026867.02267,1.945034
768026869.1529659,2.0728180000000003
768026871.469581,2.255373
768026873.952023,2.424858
768026876.241881,2.228561
768026878.573141,2.269295
768026880.476739,1.8444209999999999
768026882.646928,2.109247
768026884.922052,2.217014
768026887.015542,2.008778
768026889.330083,2.25653
768026891.474908,2.081643
768026893.746749,2.2129440000000002
768026895.801003,1.993889
768026897.966822,2.1079499999999998
768026900.203902,2.179316
768026902.4819319,2.2170430000000003
768026904.714712,2.1750860000000003
768026906.761204,1.9851640000000002
768026908.7537551,1.9349809999999998
768026910.911119,2.096969
768026913.194377,2.225508
768026915.371592,2.115582
768026917.257269,1.827497
768026919.184918,1.8659359999999998
768026921.2653329,2.022305
768026923.351672,2.025332
768026925.555064,2.1457770000000003
768026927.482863,1.866457
768026929.556117,2.015164
768026931.497999,1.8803940000000001
768026933.641596,2.085482
768026935.4591091,1.754982
768026937.259588,1.742498
768026939.304531,1.9831789999999998
768026941.498601,2.136121
768026943.505129,1.944459
768026945.6654351,2.1028219999999997
768026947.450583,1.723298
768026949.656435,2.148203
768026951.577594,1.862573
768026953.567178,1.9314829999999998
768026955.446374,1.818275
768026957.284595,1.780106
768026959.334103,1.9881149999999999
768026961.308867,1.917485
768026963.236316,1.8659709999999998
768026965.377588,2.083868
768026967.526453,2.090894
768026969.779084,2.194586
768026972.131041,2.2903390000000003
768026974.385361,2.195809
768026976.64743,2.203376
768026978.721766,2.012873
768026980.741695,1.9620499999999998
768026982.418876,1.6160739999999998
768026984.203844,1.7274390000000002
768026985.885154,1.620824
768026987.570885,1.627325
768026989.362343,1.7333610000000002
768026991.400148,1.976092
768026993.476494,2.018666
768026995.418833,1.881642
768026997.254428,1.77773
768026999.291487,1.976027
768027001.1878281,1.838241
768027002.880335,1.634687
768027004.64104,1.703387
768027006.525569,1.823231
768027008.340842,1.757293
768027010.2880771,1.885637
768027012.497808,2.1525279999999998
768027014.505288,1.946082
768027016.507993,1.94486
768027018.734458,2.164326
768027020.683568,1.891475
768027022.770534,2.0255170000000002
768027024.538817,1.71093
768027026.508033,1.907668
768027028.257392,1.691319
768027030.431475,2.112119
768027032.167283,1.677432
768027034.116848,1.887616
768027036.325843,2.151456
768027038.548023,2.159449
768027040.776859,2.170706
768027043.0059401,2.167769
768027045.355312,2.290935
768027047.251583,1.835054
768027049.027694,1.718256
768027050.743861,1.657896
768027052.475614,1.674154
768027054.566764,2.029932
768027056.4804159,1.855922
768027058.499414,1.956798
768027060.532228,1.9754310000000002
768027062.734723,2.141498
768027064.984808,2.192276
768027066.915354,1.869709
768027069.0081381,2.0348990000000002
768027071.204849,2.135203
768027073.192819,1.9297540000000002
768027074.993117,1.738685
768027076.7369831,1.6677689999999998
768027078.690889,1.892698
768027080.492409,1.743355
768027082.692152,2.136521
768027084.5829611,1.832488
768027086.548994,1.9046910000000001
768027088.535476,1.928276
768027090.5209451,1.924407
768027092.497568,1.918423
768027094.4797751,1.9206379999999998
768027096.196247,1.658488
768027098.176855,1.91915
768027100.414412,2.179482
768027102.636161,2.160742
768027104.601754,1.908159
768027106.651733,1.988732
768027108.610821,1.9001000000000001
768027110.4837929,1.811594
768027112.421275,1.879352
768027114.271604,1.788766
768027116.17611,1.84661
768027118.124848,1.887701
768027119.837286,1.6530449999999999
768027122.590428,2.695057
768027125.098364,2.446894
768027127.641061,2.481945
768027130.057348,2.358513
768027132.062242,1.943341
768027134.081234,1.9604510000000002
768027136.1075879,1.968003
768027138.278365,2.109002
768027140.233984,1.89774
768027142.166731,1.871263
768027143.9884081,1.763652
768027146.012247,1.940975
768027148.423723,2.350098
768027150.718692,2.234063
768027152.759711,1.982738
768027154.763868,1.943245
768027157.0055391,2.183535
768027159.028816,1.9623650000000001
768027161.037589,1.950733
768027163.077104,1.978092
768027165.25666,2.1210999999999998
768027167.20802,1.890619
768027169.255188,1.989152
768027171.2114041,1.8950939999999998
768027173.1094799,1.840587
768027175.0230019,1.8563029999999998
768027177.088462,2.007455
768027179.359316,2.208283
768027181.683599,2.2666090000000003
768027183.8776791,2.132837
768027186.1590171,2.223133
768027188.440205,2.222055
768027190.845542,2.34446
768027193.132648,2.229367
768027195.457803,2.2637669999999996
768027197.5801959,2.064423
768027199.667427,2.026309
768027201.652064,1.9262210000000002
768027203.8170711,2.103659
768027205.591579,1.69383
768027207.600823,1.951224
768027209.399853,1.74114
768027211.64848,2.186698
768027213.891624,2.185254
768027215.883568,1.92994
768027218.0843439,2.14266
768027220.353187,2.2107379999999996
768027222.541033,2.126302
768027224.544083,1.94503
768027226.480462,1.875974
768027228.8547621,2.316154
768027231.105664,2.1893339999999997
768027233.1531271,1.989273
768027235.4734061,2.257793
768027237.365252,1.833771
768027239.651928,2.225282
768027241.690034,1.9795949999999998
768027243.782066,2.030278
768027246.059505,2.2191229999999997
768027248.326691,2.208984
768027249.947646,1.559312
768027251.3689871,1.3636810000000001
768027252.826316,1.3996849999999998
768027254.303661,1.416644
768027256.156782,1.794845
768027257.8477299,1.630106
768027259.394969,1.4892079999999999
768027260.8801169,1.4271690000000001
768027262.44827,1.506669
768027263.9551339,1.449055
768027265.493953,1.449932
768027267.013817,1.458782
768027268.453246,1.3815609999999998
768027269.897509,1.388938
768027271.4548221,1.504891
768027272.859918,1.3530669999999998
768027274.3177149,1.403078
768027275.666108,1.296187
768027277.236968,1.5187869999999999
768027278.7390189,1.445859
768027280.160735,1.363555
768027282.140155,1.918132
768027283.537475,1.338697
768027285.012585,1.417176
768027286.52195,1.4477520000000001
768027288.062703,1.482868
768027289.62176,1.497904
768027291.6723261,1.9925210000000002
768027293.6485189,1.917772
768027295.54283,1.832883
768027297.4045509,1.80342
768027299.05734,1.57368
768027300.7690821,1.654113
768027302.7841951,1.9568979999999998
768027305.0155619,2.1730400000000003
768027307.20252,2.124784
768027309.2194271,1.9586120000000002
768027311.0498351,1.769612
768027313.0445551,1.9370660000000002
768027315.14193,2.039239
768027317.47772,2.277605
768027319.5540149,2.014095
768027321.959322,2.347292
768027324.330284,2.309754
768027326.346941,1.958315
768027328.328907,1.924331
768027330.148058,1.757082
768027332.199977,1.9938040000000001
768027334.374727,2.114024
768027336.198088,1.765597
768027338.366463,2.106586
768027340.75043,2.325947
768027342.869882,2.057959
768027344.832739,1.904415
768027347.144878,2.250927
768027349.391917,2.1883459999999997
768027351.504271,2.050691
768027353.449206,1.886638
768027355.388026,1.880911
768027357.593628,2.147611
768027359.6127701,1.9576289999999998
768027361.975257,2.3043970000000003
768027364.172595,2.139292
768027365.9005439,1.666366
768027368.166441,2.2078219999999997
768027370.1709039,1.9434310000000001
768027372.376451,2.1474710000000004
768027374.5237161,2.086138
768027376.598303,2.016617
768027378.8416129,2.1820820000000003
768027380.727906,1.828063
768027382.737371,1.948649
768027384.7200941,1.924673
768027386.693269,1.9121780000000002
768027388.91547,2.1640800000000002
768027391.1651491,2.1883470000000003
768027393.29119,2.0683619999999996
768027395.474069,2.120769
768027397.840881,2.3086309999999997
768027399.788382,1.886479
768027401.8199079,1.9729750000000001
768027403.58317,1.705226
768027405.5071859,1.8650579999999999
