768006514.332881,1.8594849999999998
768006516.245827,1.815058
768006517.912479,1.601229
768006519.768963,1.7947950000000001
768006521.663029,1.835941
768006523.3749161,1.64672
768006525.097497,1.663379
768006527.180639,2.0215379999999996
768006529.418957,2.179962
768006531.2897639,1.8061660000000002
768006533.317882,1.9688510000000001
768006535.287429,1.911272
768006537.3068471,1.960747
768006539.1933149,1.824795
768006540.837299,1.585172
768006542.4330001,1.534423
768006544.5604999,2.0690090000000003
768006546.7926639,2.165603
768006548.384651,1.5337720000000001
768006550.039941,1.594313
768006551.899387,1.8005390000000001
768006553.695129,1.7374420000000002
768006555.452668,1.6952340000000001
768006557.2573861,1.746172
768006559.506745,2.187334
768006561.704208,2.138495
768006563.635531,1.872987
768006565.515248,1.8211659999999998
768006567.311111,1.734394
768006568.9167,1.547113
768006570.7114401,1.733442
768006572.9754981,2.205717
768006574.849512,1.8130030000000001
768006576.9358209,2.024295
768006578.568318,1.5717459999999999
768006580.513854,1.8870600000000002
768006582.160784,1.587848
768006584.1507789,1.931819
768006586.1594319,1.9458170000000001
768006588.084139,1.86559
768006590.088397,1.942439
768006591.718899,1.571675
768006593.628366,1.851241
768006595.42277,1.733066
768006597.1362511,1.6545990000000002
768006599.358612,2.1607879999999997
768006601.597085,2.1797269999999997
768006603.6122429,1.953896
768006605.688689,2.017935
768006607.847708,2.097481
768006609.9014759,1.995728
768006611.768194,1.805229
768006613.9740211,2.1471760000000004
768006615.909378,1.873744
768006617.711971,1.744222
768006619.5278499,1.7543009999999999
768006621.80127,2.214879
768006624.068816,2.206279
768006626.377603,2.250191
768006628.7617351,2.326042
768006631.121706,2.298779
768006632.8514149,1.67203
768006634.4850839,1.5721260000000001
768006636.325856,1.782872
768006638.077596,1.693454
768006640.143803,1.9814500000000002
768006642.448391,2.242353
768006644.49386,1.987008
768006646.229918,1.6748310000000002
768006648.4211509,2.1334679999999997
768006650.542652,2.059917
768006652.872112,2.270673
768006655.130317,2.1961939999999998
768006656.9917821,1.802317
768006659.0907799,2.0404020000000003
768006660.8580611,1.709025
768006662.7324309,1.812722
768006664.7867,1.996033
768006666.467289,1.621957
768006668.772714,2.247168
768006670.669992,1.835946
768006672.672536,1.9441330000000001
768006674.361575,1.627194
768006676.147248,1.7274530000000001
768006677.957098,1.748452
768006679.8551841,1.840256
768006681.872256,1.9586909999999997
768006683.970673,2.0371040000000002
768006686.3505161,2.293457
768006688.63617,2.2239299999999997
768006690.933831,2.236925
768006693.00927,2.017183
768006694.844038,1.773199
768006696.622194,1.71928
768006698.238693,1.5548359999999999
768006699.763941,1.466665
768006701.6229551,1.800624
768006703.262849,1.578025
768006704.880832,1.5588799999999998
768006706.7915521,1.848946
768006708.8101431,1.9600849999999999
768006710.6702659,1.802067
768006712.302913,1.574081
768006714.238245,1.8738190000000001
768006716.15335,1.856779
768006718.0129161,1.798233
768006719.67654,1.605429
768006721.772572,2.0374849999999998
768006723.4957709,1.661961
768006725.9281609,2.373353
768006728.3757559,2.385471
768006730.312512,1.858683
768006732.1807071,1.809609
768006734.312978,2.070291
768006736.170805,1.7989849999999998
768006738.090731,1.857766
768006739.808712,1.659149
768006741.387444,1.520451
768006743.270926,1.8217070000000002
768006744.929533,1.600612
768006747.317896,2.3256959999999998
768006749.560534,2.183871
768006751.877465,2.254717
768006754.197444,2.260485
768006756.48189,2.2250170000000002
768006758.7303209,2.1870689999999997
768006760.911235,2.122468
768006763.152219,2.159359
768006765.381215,2.1699789999999997
768006767.0564071,1.604678
768006769.216588,2.101584
768006771.2012601,1.9222869999999999
768006773.331747,2.071319
768006775.164054,1.770243
768006776.819314,1.596925
768006778.6996981,1.820791
768006780.3846171,1.625431
768006782.045079,1.598648
768006783.905312,1.8014649999999999
768006785.644577,1.6809399999999999
768006787.385612,1.6782089999999998
768006789.268276,1.824138
768006791.251636,1.9210589999999999
768006793.267139,1.957388
768006795.25976,1.930937
768006797.516446,2.198225
768006799.8012171,2.222932
768006801.8668419,2.006332
768006803.8526419,1.927349
768006805.68942,1.778016
768006807.659864,1.909247
768006809.5158811,1.797341
768006811.266719,1.68943
768006813.07501,1.749474
768006815.224221,2.0876770000000002
768006817.442322,2.159088
768006819.453015,1.948744
768006821.781162,2.2694360000000002
768006824.127868,2.284209
768006826.046676,1.860052
768006828.041928,1.936415
768006829.746759,1.641698
768006831.519632,1.714072
768006833.1720309,1.5937620000000001
768006834.894688,1.660442
768006836.8818359,1.92827
768006839.0087891,2.065455
768006840.945625,1.8785049999999999
768006842.858334,1.850805
768006845.0008991,2.084018
768006847.281581,2.2182920000000004
768006849.500328,2.159414
768006851.457256,1.895314
768006853.316085,1.800322
768006855.2975789,1.922928
768006857.245732,1.88946
768006859.214768,1.906947
768006861.435701,2.162386
768006863.660833,2.166732
768006865.414197,1.694246
768006867.623292,2.14678
768006869.566984,1.884528
768006871.814528,2.18566
768006874.3128159,2.439597
768006876.641986,2.270869
768006878.315438,1.6116030000000001
768006880.214255,1.839138
768006881.8893709,1.611813
768006883.7336421,1.785563
768006885.371576,1.5791979999999999
768006887.0378469,1.604657
768006888.6835151,1.586109
768006890.465444,1.720381
768006892.2790279,1.7541449999999998
768006893.993376,1.652128
768006895.9700639,1.918117
768006897.874434,1.819928
768006899.558421,1.622519
768006901.658793,2.041775
768006903.527169,1.805069
768006905.238294,1.652779
768006907.0644519,1.764434
768006908.759079,1.6358849999999998
768006910.729037,1.9079439999999999
768006912.6652659,1.877538
768006914.829993,2.102261
768006917.150061,2.261247
768006918.965108,1.751534
768006920.9330109,1.909046
768006922.849419,1.854905
768006924.607218,1.6994580000000001
768006926.518163,1.8486850000000001
768006928.49598,1.9191239999999998
768006930.472623,1.914825
768006932.327092,1.7952409999999999
768006933.976874,1.588284
768006935.688155,1.6526589999999999
768006937.747225,2.000033
768006939.6701629,1.861235
768006941.684455,1.9553550000000002
768006943.7405691,1.9941849999999999
768006945.601743,1.7788979999999999
768006947.734936,2.0514919999999996
768006949.452973,1.658813
768006951.4247401,1.909132
768006953.222091,1.738037
768006955.52973,2.2459659999999997
768006957.2437221,1.653977
768006959.279352,1.9743730000000002
768006961.263238,1.925094
768006963.139462,1.8148719999999998
768006965.075191,1.877046
768006966.9454811,1.808156
768006968.896525,1.8920059999999999
768006970.859978,1.904491
768006973.004763,2.086465
768006974.601988,1.5349199999999998
768006976.4842969,1.823467
768006978.405126,1.861977
768006980.335588,1.871779
768006982.250061,1.853071
768006984.303884,1.994745
768006986.276353,1.910204
768006988.041564,1.7064039999999998
768006989.695411,1.589748
768006991.4870831,1.73282
768006993.238537,1.692687
768006994.9349381,1.634732
768006997.694345,2.699993
768007000.159085,2.4030319999999996
768007002.5066069,2.289026
768007004.5589371,1.993348
768007006.4743121,1.8533009999999999
768007008.123563,1.5907339999999999
768007010.25819,2.072482
768007012.152131,1.835499
768007013.9326371,1.71758
768007015.751684,1.7517699999999998
768007017.9187961,2.108626
768007019.553678,1.572557
768007021.26969,1.657335
768007022.964953,1.63372
768007024.658592,1.635168
768007026.7921561,2.075058
768007028.492847,1.641884
768007030.175786,1.6216620000000002
768007031.882677,1.6483240000000001
768007033.8587489,1.9175049999999998
768007035.846102,1.924232
768007037.724427,1.819933
768007039.715634,1.929489
768007041.38429,1.609484
768007043.52493,2.079262
768007045.1739559,1.59052
768007047.07808,1.8421349999999999
768007048.809643,1.6728859999999999
768007050.57308,1.701347
768007052.536909,1.90433
768007054.304421,1.705933
768007056.120004,1.756205
768007058.4128239,2.230339
768007060.292291,1.8210609999999998
768007062.439477,2.085598
768007064.151193,1.652854
768007065.909378,1.696356
768007067.75466,1.7865710000000001
768007069.403741,1.590459
768007071.082571,1.617252
768007072.97808,1.8370330000000001
768007074.829918,1.7898129999999999
768007076.704298,1.8155929999999998
768007078.2830249,1.519885
768007079.951421,1.609248
768007081.557306,1.519418
768007083.2795471,1.660552
768007085.406986,2.068733
768007087.2622269,1.793993
768007088.9521329,1.630718
768007090.8388779,1.824659
768007092.8105489,1.9126889999999999
768007094.784166,1.9150099999999999
768007096.4668751,1.624002
768007098.150025,1.621777
768007100.078882,1.870306
768007102.05777,1.9164780000000001
768007104.048141,1.931839
768007105.7536279,1.642922
768007107.402187,1.589437
768007109.371093,1.910003
768007111.040771,1.608506
768007112.99822,1.898051
768007114.899914,1.839925
768007116.7903011,1.831345
768007118.910284,2.060849
768007120.755526,1.7860800000000001
768007123.240805,2.42396
768007125.6253891,2.3259819999999998
768007127.9642259,2.277098
768007129.9901689,1.9435719999999999
768007131.9789561,1.929303
768007133.859616,1.7972050000000002
768007135.540305,1.619046
768007137.454202,1.855446
768007139.0895511,1.57381
768007141.021796,1.8735780000000002
768007142.701187,1.6208049999999998
768007144.668594,1.908681
768007146.603415,1.8727170000000002
768007148.19225,1.5303039999999999
768007150.229856,1.976072
768007152.159379,1.8702860000000001
768007154.1005499,1.879838
768007156.282933,2.123119
768007158.108479,1.7445780000000002
768007159.795398,1.628879
768007161.72196,1.868236
768007163.6056571,1.820304
768007165.3380361,1.673447
768007167.5741949,2.175046
768007169.539943,1.907192
768007171.4778761,1.8757279999999998
768007173.5802029,2.042862
768007175.535997,1.8941459999999999
768007177.7305629,2.13639
768007179.9526689,2.160251
768007181.876163,1.839444
768007184.045926,2.111487
768007185.687043,1.578421
768007187.436242,1.68951
768007189.310322,1.814637
768007191.282194,1.9098380000000001
768007192.999133,1.658733
768007194.824278,1.7665739999999999
768007196.532537,1.649591
768007198.357231,1.762916
768007200.082569,1.666766
768007201.979678,1.8349289999999998
768007203.708619,1.6697739999999999
768007205.675305,1.907813
768007207.3621529,1.6251550000000001
768007209.106405,1.6859609999999998
768007210.871491,1.703317
768007212.872808,1.942269
768007214.637092,1.7026000000000001
768007216.313215,1.617612
768007217.971933,1.6000910000000002
768007219.873412,1.842791
768007221.8496239,1.9171749999999999
768007223.7642181,1.853106
768007225.6411339,1.8183150000000001
768007227.7645999,2.062959
768007229.540856,1.717966
768007231.359512,1.756331
768007233.556293,2.137954
768007235.529483,1.911061
768007237.7351899,2.1469050000000003
768007239.852572,2.054961
768007241.7948151,1.85895
768007243.675034,1.821021
768007245.504856,1.77141
768007248.263376,2.695999
768007250.54547,2.220326
768007252.919549,2.315858
768007254.947462,1.966299
768007257.0592049,2.052174
768007259.22944,2.109021
768007261.5274061,2.238899
768007263.419628,1.830593
768007265.175016,1.696917
768007267.3650119,2.127821
768007269.0091009,1.5855979999999998
768007270.878775,1.810386
768007272.563098,1.626202
768007274.408445,1.78403
768007276.444733,1.978161
768007278.6153979,2.108005
768007280.519182,1.844476
768007282.4599121,1.879077
768007284.196392,1.678274
768007286.137432,1.879006
768007288.07317,1.877863
768007289.994324,1.858172
768007292.15455,2.100888
768007294.225328,2.008683
768007296.395162,2.110771
768007298.1012449,1.6444050000000001
768007299.897874,1.7383089999999999
768007302.091172,2.134351
768007303.989864,1.836502
768007305.712837,1.6360350000000001
768007307.432918,1.660908
768007309.1097931,1.6185150000000001
768007311.0242211,1.853256
768007312.712503,1.629119
768007314.462599,1.6919000000000002
768007316.351328,1.8300619999999999
768007318.320003,1.905729
768007320.041433,1.663003
768007322.262049,2.157585
768007324.257341,1.936555
768007326.16964,1.8509259999999998
768007328.245329,2.017318
768007330.099973,1.793091
768007332.103063,1.944714
768007334.011132,1.845518
768007336.05002,1.980051
768007337.7145569,1.6010289999999998
768007339.380828,1.608055
768007341.602732,2.1627170000000002
768007343.530146,1.8657299999999999
768007345.6137891,2.024991
768007347.500518,1.825216
768007349.3039781,1.7448489999999999
768007351.2775689,1.9117570000000002
768007353.147033,1.810943
768007355.016843,1.808016
768007356.8754519,1.800559
768007358.544264,1.6066559999999999
768007360.5844251,1.981856
768007362.289942,1.647111
768007364.1653199,1.817081
768007365.830788,1.603454
768007367.828265,1.9388649999999998
768007369.488041,1.5826259999999999
768007371.187073,1.6371319999999998
768007373.330204,2.0844650000000002
768007375.5245739,2.1324859999999997
768007377.785545,2.202254
768007380.083797,2.236062
768007381.801553,1.658919
768007383.8340161,1.9729
768007385.985211,2.0916110000000003
768007387.796404,1.7495589999999999
768007390.001305,2.1460429999999997
768007392.151983,2.089371
768007393.995237,1.781554
768007395.916136,1.861646
768007397.7596539,1.784581
768007399.69872,1.8762699999999999
768007401.528226,1.770694
768007403.64028,2.050169
768007405.5921501,1.892452
768007407.79274,2.1392070000000003
768007409.845045,1.992927
768007411.729649,1.826098
768007413.510166,1.721014
768007415.416225,1.843404
768007417.261883,1.7863600000000002
768007419.2457379,1.921931
768007421.465293,2.161143
768007423.420717,1.896967
768007425.621963,2.14238
768007427.848314,2.162191
768007429.8709301,1.9639689999999999
768007431.792891,1.862869
768007433.536928,1.685471
768007435.185272,1.58665
768007436.9938941,1.750036
768007438.927748,1.872206
768007440.9171461,1.9308070000000002
768007442.906449,1.9275390000000001
768007444.8142121,1.848505
768007447.078099,2.2053760000000002
768007449.41857,2.2821
768007451.4079779,1.926406
768007453.571717,2.104446
768007455.68538,2.054891
768007457.627809,1.8834570000000002
768007459.552015,1.8621919999999998
768007461.2153441,1.604502
768007463.173534,1.899619
768007464.878716,1.64677
768007466.8984289,1.957825
768007468.693545,1.7361080000000002
768007470.430345,1.678229
768007472.617418,2.1277700000000004
768007474.79277,2.1132210000000002
768007476.888335,2.03714
768007478.907658,1.9577000000000002
768007480.896014,1.929483
768007482.67652,1.718918
768007484.5165299,1.781158
768007486.713231,2.137844
768007488.765441,1.992887
768007490.612302,1.784827
768007492.3278619,1.6566930000000002
768007493.955589,1.5659770000000002
768007495.625874,1.610917
768007497.634036,1.949681
768007499.292564,1.5969140000000002
768007501.190995,1.8389280000000001
768007503.120774,1.86777
768007504.888727,1.7084590000000002
768007506.879383,1.901834
768007508.969415,2.031456
768007510.698542,1.6673129999999998
768007512.4279649,1.670716
768007514.0742439,1.587467
768007515.705328,1.571315
768007517.726264,1.962029
768007519.506932,1.718472
768007521.310422,1.7445279999999999
768007523.034682,1.6623510000000001
768007525.034044,1.94082
768007526.881005,1.78843
768007528.81736,1.876997
768007530.355006,1.4759980000000001
768007531.944182,1.530745
768007533.623538,1.5974050000000002
768007535.729031,2.0426569999999997
768007537.523175,1.7354720000000001
768007539.4996331,1.9147750000000001
768007541.42417,1.86567
768007543.786206,2.277715
768007545.431458,1.58646
768007547.198464,1.704931
768007549.015656,1.758381
768007550.865659,1.787653
768007552.514339,1.590249
768007554.146856,1.570723
768007556.1080691,1.901613
768007558.024677,1.854103
768007560.0337859,1.9501469999999999
768007561.7571051,1.659881
768007563.448063,1.632407
768007565.17925,1.6713120000000001
768007566.9491819,1.707231
768007568.8252311,1.818115
768007570.893122,2.009099
768007572.622169,1.670199
768007574.618543,1.934255
768007588.500734,13.823113999999999
768007590.5802771,2.017604
768007592.532514,1.893465
768007594.427914,1.8142
768007596.600323,2.1137479999999997
768007598.484561,1.822169
768007600.494738,1.951751
768007602.494916,1.9381439999999999
768007604.381595,1.827536
768007606.1783891,1.7348400000000002
768007607.740452,1.503496
768007609.571402,1.77151
768007611.4570329,1.823793
768007613.317757,1.801961
768007615.0731,1.693278
768007617.0657401,1.933348
768007618.829829,1.701684
768007620.6373531,1.748327
768007623.148953,2.4529170000000002
768007625.507566,2.2992540000000004
768007627.842574,2.27363
768007630.004108,2.102722
768007631.7095389,1.646008
768007633.86927,2.1005279999999997
768007636.0762299,2.1435880000000003
768007638.028422,1.890091
768007639.869715,1.782913
768007641.871903,1.943241
768007644.035782,2.10178
768007645.914397,1.814586
768007647.876863,1.9029120000000002
768007649.66175,1.7258740000000001
768007651.7696841,2.045619
768007653.465102,1.636406
768007655.153394,1.6263020000000001
768007657.205488,1.9924500000000003
768007659.08676,1.8188309999999999
768007661.028467,1.8826450000000001
768007662.758757,1.6679439999999999
768007664.950947,2.133183
768007667.209938,2.200455
768007669.276406,2.007912
768007671.313917,1.974333
768007673.149602,1.776969
768007675.016259,1.805064
768007676.9403249,1.865535
768007678.804236,1.801105
768007680.9067531,2.0438449999999997
768007683.0174431,2.049137
768007684.989636,1.913075
768007686.913286,1.862136
768007688.946692,1.974624
768007690.895581,1.886363
768007692.982772,2.027638
768007694.925,1.88051
768007697.086038,2.101534
768007699.027474,1.882273
768007700.943036,1.856328
768007703.003008,1.9982289999999998
768007705.137334,2.0752840000000004
768007707.106435,1.909508
768007709.183397,2.01776
768007711.109177,1.8642070000000002
768007713.152727,1.984342
768007715.1058459,1.891405
768007717.139472,1.973827
768007719.076523,1.875468
768007720.8455479,1.7103789999999999
768007723.042845,2.1380739999999996
768007725.0415951,1.939276
768007726.890657,1.7872020000000002
768007728.826254,1.877142
768007730.72443,1.8390579999999999
768007732.728472,1.945125
768007734.602988,1.811745
768007736.644843,1.982978
768007738.519163,1.81205
768007740.20713,1.628828
768007742.1836679,1.914398
768007744.1298699,1.887265
768007745.853304,1.6610889999999998
768007747.864569,1.952558
768007750.036041,2.111733
768007752.195826,2.09748
768007754.366091,2.1079689999999998
768007756.627287,2.201958
768007758.503516,1.8136789999999998
768007760.283046,1.7204709999999999
768007762.069155,1.72424
768007763.824498,1.69612
768007765.766266,1.882795
768007767.855807,2.0278430000000003
768007769.821545,1.906891
768007771.622539,1.738248
768007773.6066,1.925309
768007775.670637,2.002564
768007777.597034,1.867509
768007779.554367,1.898672
768007781.624002,2.010853
768007783.705029,2.019268
768007785.5476961,1.78403
768007787.601635,1.994511
768007789.501445,1.8404719999999999
768007791.114597,1.551629
768007792.757638,1.58425
768007794.833834,2.017764
768007797.025468,2.133433
768007798.998808,1.911361
768007800.973492,1.916007
768007802.768924,1.7336179999999999
768007804.76595,1.937657
768007806.768729,1.9443279999999998
768007808.939199,2.110887
768007810.914143,1.912875
768007812.8069011,1.814225
768007814.531307,1.66588
768007816.594372,2.003561
768007818.469399,1.812862
768007820.291167,1.762765
768007822.4474679,2.094758
768007824.574863,2.068162
768007826.510837,1.87399
768007828.285836,1.715495
768007830.4264511,2.0780299999999996
768007832.674597,2.1892180000000003
768007834.714643,1.978162
768007836.885393,2.1115280000000003
768007839.07811,2.130833
768007840.972186,1.8355400000000002
768007842.99616,1.9623560000000002
768007845.07438,2.019519
768007847.063176,1.929989
768007848.776126,1.654017
768007850.8050361,1.9674570000000002
768007852.846876,1.9824869999999999
768007854.846233,1.937637
768007856.761263,1.8561779999999999
768007858.715499,1.892287
768007861.036504,2.238258
768007862.9945849,1.896237
768007864.751482,1.697875
768007866.501378,1.691861
768007868.181601,1.6212760000000002
768007870.158711,1.914669
768007872.747936,2.530393
768007874.730453,1.9206729999999999
768007876.7872479,1.9978130000000003
768007878.643662,1.7950799999999998
768007880.853328,2.1505140000000003
768007882.846259,1.9311930000000002
768007884.839682,1.9348569999999998
768007886.911878,2.010747
768007888.9462711,1.97551
768007890.995002,1.986447
768007893.2040169,2.150668
768007895.3112041,2.044943
768007897.5045869,2.134461
768007899.46612,1.900105
768007901.657193,2.1319749999999997
768007903.5756711,1.856995
768007905.284837,1.650815
768007907.122181,1.7756409999999998
768007908.814557,1.63367
768007910.6334829,1.760239
768007912.703399,2.0113689999999997
768007914.449962,1.6846079999999999
768007916.4868851,1.9779060000000002
768007918.859381,2.3106619999999998
768007921.0178231,2.0997749999999997
768007922.9863219,1.907222
768007924.991297,1.9462469999999998
768007927.152906,2.0998509999999997
768007929.108139,1.896341
768007931.181629,2.012047
768007933.1504999,1.910093
768007934.993076,1.7840799999999999
768007937.004962,1.952588
768007939.068764,2.002063
768007941.369512,2.2419919999999998
768007943.488367,2.056584
768007945.70971,2.161735
768007947.648801,1.8771470000000001
768007949.8167701,2.1081849999999998
768007951.672422,1.797255
768007953.730926,1.999572
768007955.897772,2.104857
768007958.0534979,2.096517
768007960.315841,2.20081
768007962.270419,1.893159
768007964.1745629,1.845618
768007965.972826,1.736249
768007967.689935,1.658618
768007969.3693709,1.621286
768007971.203804,1.772262
768007973.259807,1.997442
768007975.2351869,1.912885
768007977.0744611,1.7799960000000001
768007979.064445,1.926792
768007980.839996,1.7168780000000001
768007982.7755079,1.876911
768007984.622785,1.787984
768007986.724555,2.039435
768007988.6624631,1.879161
768007990.702354,1.9773550000000002
768007992.399141,1.637739
768007994.038624,1.577544
768007995.704444,1.606847
768007998.46372,2.701041
768008000.847857,2.3223330000000004
768008003.2984799,2.3892539999999998
768008005.787396,2.4305809999999997
768008008.176495,2.327065
768008010.455047,2.216372
768008012.376297,1.863195
768008014.274548,1.8369630000000001
768008016.2683059,1.9351369999999999
768008018.087443,1.757734
768008020.155424,2.009385
768008022.069908,1.85255
768008023.848425,1.719821
768008025.655268,1.748362
768008027.70024,1.98393
768008029.894736,2.135824
768008032.1450369,2.188883
768008034.449303,2.2238689999999997
768008036.461464,1.9534840000000002
768008038.481158,1.95803
768008040.406242,1.86594
768008042.807424,2.339258
768008045.086056,2.219945
768008047.0992609,1.951649
768008049.021211,1.877209
768008051.388145,2.320097
768008053.462735,2.029568
768008055.561999,2.040633
768008057.768989,2.148278
768008059.807191,1.975652
768008061.9450281,2.078893
768008064.576889,2.5763040000000004
768008066.9487181,2.315932
768008068.896875,1.889025
768008070.952968,1.99447
768008072.912397,1.900341
768008074.848335,1.8738590000000002
768008076.859619,1.952116
768008078.893687,1.9723380000000001
768008080.8939201,1.941311
768008082.728002,1.7717370000000001
768008084.534139,1.74738
768008086.419885,1.826854
768008088.334094,1.8656549999999998
768008090.394027,1.984544
768008092.672478,2.2196849999999997
768008094.522131,1.774095
768008096.459092,1.8789010000000002
768008098.34771,1.837066
768008100.2780111,1.871419
768008102.144583,1.7941630000000002
768008104.103675,1.9060819999999998
768008106.099388,1.933738
768008108.035392,1.877267
768008110.702774,2.590204
768008112.907734,2.146083
768008115.462764,2.478424
768008117.5100131,1.9951740000000002
768008119.52662,1.958203
768008122.8472329,3.267532
768008125.776695,2.8672020000000003
768008128.767213,2.919612
768008130.809075,1.988622
768008133.110751,2.243379
768008135.052804,1.880374
768008137.3115441,2.1999239999999998
768008139.132204,1.762164
768008141.18512,1.993904
768008143.319526,2.071996
768008145.7112459,2.333259
768008147.551917,1.7784879999999998
768008149.5132711,1.908681
768008151.627424,2.05266
768008153.4536619,1.7679079999999998
768008155.400816,1.8918089999999999
768008157.167467,1.713776
768008159.269804,2.040763
768008161.1655539,1.8426060000000002
768008162.881199,1.653801
768008164.5649359,1.630914
768008166.3294201,1.70902
768008168.7034291,2.304502
768008170.566518,1.8090330000000001
768008172.4704671,1.845127
768008174.17398,1.641212
768008175.907049,1.674986
768008177.5447651,1.593585
768008179.143507,1.535041
768008180.844244,1.662454
768008182.5866021,1.6906880000000002
768008184.247229,1.601996
768008185.8989711,1.5989330000000002
768008187.596926,1.64865
768008189.3119141,1.666915
768008191.057159,1.6996559999999998
768008192.6007091,1.4958289999999999
768008194.288299,1.62397
768008195.995866,1.6593339999999999
768008197.86106,1.790821
768008199.5630571,1.658547
768008201.0640479,1.4479479999999998
768008202.9886429,1.869116
768008204.758633,1.711747
768008206.844378,2.030376
768008208.729092,1.8315
768008210.3079929,1.517331
768008211.803426,1.442466
768008213.8311639,1.969049
768008215.56415,1.6820220000000001
768008217.322435,1.699228
768008219.138705,1.754642
768008220.810879,1.613653
768008222.6497769,1.7750590000000002
768008224.367262,1.658873
768008226.071791,1.6425400000000001
768008227.7809,1.650146
768008229.722589,1.8931969999999998
768008231.3774331,1.593146
768008233.001765,1.56561
768008234.437209,1.384894
768008235.898386,1.402768
768008237.658046,1.7109919999999998
768008239.585901,1.866316
768008241.336859,1.691984
768008243.001385,1.613085
768008244.691782,1.624455
768008246.907758,2.147145
768008248.947538,1.99169
768008250.812331,1.78456
768008252.8564919,1.996065
768008254.706424,1.799459
768008256.721589,1.9665839999999999
768008258.88209,2.109593
768008261.005064,2.064097
768008263.159081,2.091841
768008265.411912,2.194045
768008267.6149131,2.1411070000000003
768008269.61681,1.9326860000000001
768008271.898394,2.219845
768008273.945868,1.976256
768008276.243104,2.234495
768008277.89067,1.591729
768008279.715836,1.752517
768008281.7474971,1.9724730000000001
768008283.50248,1.680448
768008285.39141,1.830135
768008287.162769,1.715352
768008289.193591,1.971895
768008290.898437,1.648695
768008292.626784,1.675557
768008294.665954,1.977575
768008296.554306,1.829486
768008298.61493,1.9988800000000002
768008300.4423491,1.7688650000000001
768008302.523368,2.034109
768008304.31704,1.749102
768008305.7330271,1.330274
768008307.701182,1.92355
768008309.472059,1.712442
768008311.284487,1.765347
768008313.4278389,2.0845149999999997
768008315.315902,1.826408
768008317.375248,2.006428
768008319.322014,1.884816
768008320.943882,1.568824
768008322.6696229,1.670069
768008324.379102,1.640617
768008326.246463,1.811256
768008327.8955641,1.590101
768008329.6196749,1.6709640000000001
768008331.674665,1.9992059999999998
768008333.500692,1.766779
768008335.2346259,1.672194
768008336.849619,1.556292
768008338.665716,1.765171
768008340.299852,1.5750810000000002
768008341.983187,1.632552
768008343.6663929,1.634346
768008345.45809,1.7174989999999999
768008347.221367,1.7011470000000002
768008348.848245,1.568077
768008350.604068,1.704865
768008352.2671189,1.614556
768008353.901268,1.572356
768008355.572407,1.62259
768008357.242256,1.611357
768008359.0752901,1.771155
768008361.069454,1.9355030000000002
768008362.720469,1.5894780000000002
768008364.435558,1.66558
768008366.240767,1.743365
768008368.265222,1.9650409999999998
768008370.001981,1.675159
768008372.1089439,2.057793
768008374.169317,1.984598
768008376.397516,2.169461
768008378.475667,2.027087
768008380.7871901,2.2523410000000004
768008382.585458,1.735898
768008384.394085,1.749339
768008386.284999,1.828559
768008388.18407,1.840125
768008390.002106,1.7662520000000002
768008391.704842,1.654323
768008393.575183,1.821817
768008395.351515,1.714628
768008396.9799651,1.569618
768008398.777033,1.746303
768008400.447196,1.611263
768008402.274232,1.771167
768008404.022684,1.697168
768008405.828206,1.7510270000000001
768008408.0359011,2.154578
768008409.872583,1.760291
768008411.6099999,1.678168
768008413.4231081,1.754011
768008415.263042,1.788921
768008417.106557,1.79127
768008418.877836,1.719243
768008420.801185,1.8645669999999999
768008422.735911,1.872797
768008424.702456,1.907803
768008426.4778711,1.713691
768008428.345114,1.807955
768008430.301035,1.894012
768008432.498934,2.139182
768008434.357182,1.796394
768008436.362768,1.9466189999999999
768008438.161196,1.736509
768008440.0575931,1.837575
768008442.05294,1.932195
768008443.953757,1.841904
768008445.811187,1.775399
768008447.648973,1.775625
768008449.5237391,1.81606
768008451.2913301,1.705672
768008453.1761531,1.8262639999999999
768008455.07204,1.8482850000000002
768008457.057324,1.925986
768008459.048426,1.910274
768008460.821066,1.714326
768008462.589212,1.723337
768008464.4343289,1.7854679999999998
768008466.3561051,1.836808
768008468.137231,1.722359
768008470.030964,1.837414
768008471.705033,1.614916
768008473.436405,1.67229
768008475.339217,1.840582
768008477.231353,1.833189
768008479.184664,1.891343
768008481.3610259,2.1231430000000002
768008483.125716,1.706339
768008484.8908169,1.706153
768008487.0816791,2.129054
768008488.964058,1.822946
768008490.9486101,1.911784
768008492.6825589,1.674892
768008494.529139,1.793539
768008496.8899169,2.3015000000000003
768008498.827715,1.875743
768008500.887492,2.0008790000000003
768008503.235444,2.289307
768008505.5180911,2.2296329999999998
768008507.666806,2.0693040000000003
768008509.712445,1.987178
768008511.6190231,1.8502480000000001
768008513.4546,1.773136
768008515.306553,1.790033
768008517.31236,1.952716
768008518.989862,1.60388
768008520.658167,1.609323
768008522.530888,1.8103010000000002
768008524.4400971,1.850808
768008526.140208,1.644422
768008527.749748,1.556678
768008529.3423101,1.529039
768008531.183656,1.791121
768008533.2158331,1.983648
768008534.785669,1.507797
768008536.3349191,1.490651
768008537.9770471,1.591021
768008539.706038,1.680663
768008541.938255,2.17366
768008543.6478039,1.656315
768008545.5475429,1.840587
768008547.2667071,1.656884
768008548.981416,1.6559949999999999
768008550.572281,1.544484
768008552.2820021,1.6650070000000001
768008553.875738,1.531998
768008555.497376,1.577459
768008557.230006,1.681692
768008558.9152759,1.622949
768008560.75725,1.7831270000000001
768008562.499327,1.680305
768008564.360111,1.81229
768008566.242074,1.8199589999999999
768008567.980488,1.679657
768008569.806522,1.728518
768008571.969728,2.11029
768008573.6866289,1.63545
768008575.470686,1.733483
768008577.241831,1.72183
768008578.977709,1.684514
768008580.706751,1.657091
768008582.440424,1.671678
768008584.119732,1.63114
768008585.985773,1.809606
768008587.641873,1.603021
768008589.4490069,1.748091
768008591.307791,1.796659
768008593.340626,1.9742520000000001
768008595.120241,1.7223169999999999
768008597.251759,2.082865
768008599.580994,2.2670939999999997
768008601.477661,1.838011
768008603.335437,1.795863
768008605.3215231,1.937236
768008607.304866,1.919942
768008609.43537,2.077473
768008611.396044,1.905382
768008613.297076,1.848065
768008615.190079,1.837703
768008617.1193941,1.875963
768008618.9738489,1.79891
768008620.677717,1.6448159999999998
768008623.164679,2.4118429999999997
768008625.457003,2.233367
768008627.152354,1.6209770000000001
768008628.95541,1.750008
768008630.8251741,1.808215
768008632.603251,1.725419
768008634.390488,1.731897
768008636.132415,1.683095
768008638.089841,1.8945679999999998
768008639.9745079,1.831547
768008641.809692,1.7530029999999999
768008643.8036139,1.9323579999999998
768008645.495678,1.643623
768008647.196313,1.649564
768008649.189246,1.944765
768008651.012962,1.773511
768008652.995964,1.9343139999999999
768008654.5520799,1.482625
768008656.426745,1.8222880000000001
768008658.226113,1.724765
768008660.116051,1.8375920000000001
768008661.8158449,1.644474
768008663.3450669,1.476441
768008665.4716109,2.053133
768008667.127616,1.60034
768008668.605764,1.4196460000000002
768008670.468752,1.808622
768008672.1663359,1.639078
768008673.976016,1.739561
768008675.672887,1.6523709999999998
768008677.478034,1.740901
768008679.075983,1.550972
768008680.946662,1.812026
768008682.655672,1.6626150000000002
768008684.371872,1.662964
768008686.120008,1.686623
768008687.926669,1.74783
768008689.5608871,1.580957
768008691.57446,1.9521
768008693.1830701,1.556216
768008695.022612,1.789097
768008696.589445,1.518521
768008697.995265,1.355034
768008699.989786,1.946033
768008701.7199961,1.659585
768008703.574334,1.8035349999999999
768008705.530128,1.896928
768008707.100741,1.50864
768008708.897418,1.748621
768008710.470044,1.521603
768008712.2120299,1.693471
768008713.890995,1.617487
768008715.4468089,1.504809
768008716.98442,1.4889569999999999
768008718.756904,1.730498
768008720.477695,1.6723720000000002
768008722.123508,1.583814
768008723.84102,1.658383
768008725.5249699,1.635242
768008727.288211,1.700996
768008728.926973,1.580035
768008730.5588441,1.569806
768008732.2159231,1.6058050000000001
768008734.085957,1.811659
768008735.733355,1.599064
768008737.387105,1.595261
768008739.0296121,1.591648
768008740.708958,1.608829
768008742.488307,1.7177710000000002
768008744.406643,1.860042
768008746.113981,1.656457
768008748.038764,1.866354
768008750.007494,1.897792
768008751.836588,1.769922
768008753.689612,1.794246
768008755.511479,1.770872
768008757.154145,1.5945060000000002
768008758.817811,1.6131769999999999
768008760.3740311,1.507433
768008762.076146,1.6403349999999999
768008763.8505961,1.715534
768008765.5855391,1.686456
768008767.246392,1.599134
768008768.938894,1.633494
768008770.618782,1.618419
768008772.261163,1.591183
768008773.9475191,1.635181
768008775.532465,1.5256079999999999
768008777.119664,1.528675
768008778.759142,1.5942370000000001
768008780.408481,1.60049
768008782.027899,1.557318
768008783.963186,1.887227
768008785.601128,1.568954
768008787.254751,1.6025449999999999
768008788.929441,1.6260720000000002
768008790.6209501,1.629941
768008792.140699,1.460682
768008793.869626,1.674194
768008795.678153,1.749625
768008797.512154,1.7747730000000002
768008798.954079,1.3803299999999998
768008800.464335,1.465482
768008802.257983,1.7319799999999999
768008803.936451,1.633712
768008805.7812879,1.786075
768008807.378254,1.535229
768008809.199692,1.773018
768008811.004728,1.75407
768008812.6766319,1.620855
768008814.758781,2.019724
768008816.453165,1.642915
768008818.115082,1.611218
768008819.8077,1.642385
768008821.67782,1.821081
768008823.498771,1.758812
768008825.22032,1.662417
768008826.9194471,1.637408
768008828.6263579,1.648003
768008830.256354,1.573805
768008831.810495,1.495681
768008833.443256,1.5841189999999998
768008835.080417,1.5704479999999998
768008836.8939071,1.764988
768008838.672444,1.7167510000000001
768008840.5043501,1.789721
768008842.172135,1.606351
768008843.921148,1.700466
768008845.694629,1.715359
768008847.410655,1.6651280000000002
768008849.533844,2.064489
768008851.34156,1.757043
768008853.2114849,1.811268
768008855.083445,1.79045
768008857.073321,1.9309640000000001
768008858.757397,1.628125
768008860.6012399,1.790934
768008862.290211,1.6276030000000001
768008864.108559,1.7656209999999999
768008866.020286,1.849608
768008867.778015,1.6985100000000002
768008869.613494,1.776803
768008871.877437,2.201793
768008873.9961569,2.060366
768008875.947271,1.895589
768008878.404252,2.382382
768008880.480493,2.014257
768008882.2723701,1.730121
768008884.159031,1.833922
768008886.290356,2.075761
768008888.170038,1.831036
768008890.0546609,1.83399
768008891.917852,1.8048870000000001
768008893.743352,1.77724
768008895.634282,1.829318
768008897.424302,1.7420499999999999
768008899.645614,2.17079
768008901.502093,1.803259
768008903.3045391,1.746877
768008904.925787,1.550122
768008906.714059,1.7329629999999998
768008908.505929,1.72076
768008910.316409,1.754914
768008912.140828,1.765838
768008913.956821,1.740583
768008915.5058091,1.5005629999999999
768008917.299803,1.7458580000000001
768008918.8427709,1.48133
768008920.336029,1.441978
768008922.143429,1.75574
768008924.697846,2.4954769999999997
768008926.401621,1.6569989999999999
768008927.890358,1.430221
768008929.368661,1.439766
768008930.903193,1.4734369999999999
768008932.295279,1.353326
768008934.087456,1.7456909999999999
768008935.939243,1.800428
768008937.779284,1.781454
768008939.448009,1.6070710000000001
768008941.363516,1.8666530000000001
768008943.046634,1.621373
768008944.7613649,1.66654
768008946.237187,1.42479
768008948.232373,1.9442579999999998
768008950.0522571,1.757127
768008951.8534219,1.742229
768008953.449298,1.547793
768008955.1634,1.652749
768008956.8939149,1.6720089999999999
768008958.679965,1.740815
768008960.6575791,1.919643
768008962.372315,1.664293
768008964.115432,1.684341
768008965.821576,1.655072
768008967.550705,1.681149
768008969.901996,2.303095
768008971.4506581,1.487079
768008972.979082,1.480068
768008974.6566939,1.6159290000000002
768008976.436229,1.7280939999999998
768008978.199178,1.701327
768008980.059361,1.8120580000000002
768008981.858188,1.742673
768008983.640739,1.729884
768008985.429689,1.735959
768008987.451665,1.94999
768008989.223134,1.718839
768008991.3210291,2.042309
768008993.116676,1.736945
768008994.655867,1.477406
768008996.953768,2.249469
768008999.0965209,2.0811610000000003
768009000.724751,1.579819
768009002.6288351,1.830061
768009004.259854,1.561685
768009006.010375,1.68871
768009007.64382,1.580746
768009009.0879979,1.39154
768009011.090632,1.935521
768009012.8219241,1.672084
768009014.523077,1.639186
768009016.198893,1.6314899999999999
768009017.96102,1.715641
768009019.530538,1.525121
768009021.0328621,1.4581240000000002
768009022.628227,1.540989
768009024.470596,1.783437
768009026.05399,1.5135210000000001
768009027.436325,1.317822
768009029.464543,1.9858839999999998
768009031.2682569,1.732944
768009032.748857,1.432869
768009034.441805,1.642222
768009036.601991,2.101324
768009038.263409,1.599324
768009040.471812,2.159647
768009042.1813409,1.658997
768009043.7830911,1.543179
768009045.802459,1.9607169999999998
768009047.589937,1.724807
768009049.686189,2.0377210000000003
768009051.372968,1.6251499999999999
768009053.097765,1.680534
768009054.805836,1.646422
768009056.250808,1.400396
768009057.946241,1.6486960000000002
768009059.402414,1.397085
768009061.2271119,1.771929
768009063.034413,1.7535260000000001
768009064.589045,1.501982
768009066.092137,1.4477909999999998
768009067.739895,1.578959
768009069.441318,1.630854
768009070.948049,1.451406
768009072.615945,1.619546
768009074.351137,1.673758
768009075.810822,1.408605
768009077.385213,1.533331
768009079.0196581,1.5727950000000002
768009080.283854,1.215872
768009081.7355549,1.400991
768009083.319003,1.532454
768009084.884253,1.506518
768009086.48876,1.542753
768009088.096224,1.534646
768009089.73968,1.581499
768009091.383928,1.596023
768009093.045049,1.612224
768009094.873098,1.7661580000000001
768009096.518717,1.601285
768009098.1552811,1.589993
768009099.8023161,1.608371
768009101.436788,1.57592
768009103.385057,1.894957
768009105.147774,1.7146819999999998
768009107.130844,1.931862
768009108.994938,1.805496
768009110.6503539,1.604561
768009112.404641,1.7058920000000002
768009114.164029,1.697744
768009116.042468,1.819663
768009118.0634,1.956667
768009119.762536,1.6403839999999998
768009122.057869,2.2419350000000002
768009124.038364,1.918395
768009126.221837,2.1263319999999997
768009128.058619,1.784075
768009129.570475,1.456205
768009131.280352,1.65073
768009132.838165,1.505179
768009134.650916,1.75965
768009136.480282,1.7763360000000001
768009137.9559051,1.414394
768009139.487726,1.4873589999999999
768009140.89995,1.361536
768009142.3912311,1.4399790000000001
768009144.215948,1.7803140000000002
768009145.788931,1.511219
768009147.382582,1.534686
768009149.038538,1.6117869999999999
768009150.7440721,1.658978
768009152.458053,1.66603
768009154.257364,1.745756
768009155.998589,1.692016
768009157.746375,1.662277
768009159.4606019,1.655601
768009161.167583,1.6479629999999998
768009162.948431,1.719108
768009164.561537,1.554194
768009166.27788,1.654693
768009168.372563,2.0463590000000003
768009170.3348681,1.908816
768009172.175379,1.781424
768009173.864202,1.6267429999999998
768009175.593074,1.6701750000000002
768009177.45511,1.8028440000000001
768009179.0812931,1.564468
768009180.944858,1.804729
768009182.693069,1.686879
768009184.52475,1.7726490000000001
768009186.243113,1.657192
768009188.18011,1.892448
768009189.959051,1.731848
768009192.058004,2.040121
768009193.6033881,1.483169
768009195.4427099,1.7805309999999999
768009197.048951,1.557607
768009198.780787,1.6807390000000002
768009200.494236,1.6481029999999999
768009202.146163,1.600884
768009203.9518499,1.7573230000000002
768009205.661622,1.6284159999999999
768009207.220058,1.507854
768009208.790709,1.517453
768009210.4605061,1.5951929999999999
768009212.191492,1.67781
768009213.790712,1.5437230000000002
768009215.4305551,1.58722
768009217.1430111,1.6594389999999999
768009218.799223,1.5949440000000001
768009220.553309,1.6884409999999999
768009222.6442629,2.029702
768009224.275362,1.572382
768009225.959001,1.6292010000000001
768009227.638561,1.6317160000000002
768009229.421104,1.73391
768009231.164422,1.69262
768009233.184308,1.9717189999999998
768009235.767417,2.532252
768009237.526654,1.701047
768009239.3783059,1.789998
768009241.232154,1.805685
768009242.771796,1.477575
768009244.620265,1.795654
768009246.840163,2.139924
768009249.0370259,2.143828
768009251.0659679,1.96744
768009253.034681,1.916288
768009254.834284,1.737838
768009256.913139,2.0259430000000003
768009258.836553,1.8618759999999999
768009260.573183,1.678078
768009262.41827,1.782521
768009264.28641,1.809519
768009266.017699,1.6695289999999998
768009267.657612,1.586849
768009269.189113,1.472895
768009271.4047691,2.160305
768009273.186894,1.70554
768009274.830943,1.588433
768009276.507727,1.606047
768009278.1021719,1.543623
768009279.653347,1.502762
768009281.354374,1.651052
768009282.991712,1.5862669999999999
768009284.79737,1.757186
768009286.475663,1.616224
768009288.185691,1.651291
768009289.966448,1.718828
768009291.950813,1.925686
768009293.669432,1.670255
768009295.38402,1.6527740000000002
768009297.186252,1.743139
768009298.871372,1.6000109999999999
768009300.583545,1.653456
768009302.34005,1.7030509999999999
768009304.197341,1.798624
768009305.954378,1.694948
768009307.726776,1.713911
768009309.879354,2.094252
768009311.830328,1.890037
768009313.633517,1.758388
768009315.338075,1.642993
768009316.9375931,1.5548529999999998
768009318.754274,1.755538
768009320.880801,2.08224
768009322.753488,1.8110730000000002
768009324.449198,1.651605
768009326.171268,1.6666809999999999
768009327.765575,1.540691
768009329.328841,1.504474
768009331.262505,1.859771
768009332.887057,1.571608
768009334.5965661,1.6540439999999998
768009336.452174,1.803514
768009338.155831,1.660185
768009339.9428401,1.738439
768009341.71421,1.6882819999999998
768009343.427871,1.6518819999999999
768009345.11044,1.623306
768009346.732488,1.5607550000000001
768009348.456685,1.673243
768009350.522876,2.017905
768009352.169994,1.588646
768009353.6823,1.456845
768009355.668565,1.9335909999999998
768009357.292281,1.5655109999999999
768009358.719255,1.3652090000000001
768009360.452245,1.684846
768009362.410231,1.906244
768009363.992418,1.523714
768009365.657078,1.592485
768009367.2152871,1.5101209999999998
768009368.940874,1.67747
768009370.452245,1.4609370000000002
768009372.673273,2.156881
768009374.498438,1.772844
768009375.900721,1.343146
768009377.71834,1.769294
768009379.1505929,1.3809580000000001
768009380.925,1.716307
768009382.483279,1.496415
768009384.041162,1.504841
768009385.5114901,1.4062530000000002
768009387.1386371,1.574541
768009388.826645,1.634852
768009390.3838421,1.501787
768009391.880761,1.452125
768009393.640891,1.701312
768009395.114493,1.426469
768009396.527052,1.368083
768009398.142298,1.568173
768009399.563509,1.36141
768009400.853844,1.251123
768009402.695451,1.7900310000000001
768009404.298261,1.554832
768009405.7134911,1.357154
768009407.0975269,1.3425500000000001
768009408.839682,1.7017930000000001
768009410.378757,1.478434
768009411.92157,1.501381
768009413.329298,1.358746
768009414.881343,1.501194
768009416.936645,1.997347
768009418.507252,1.519826
768009419.9796259,1.421425
768009421.6093119,1.54801
768009423.043211,1.37195
768009424.456122,1.36317
768009425.9680381,1.461154
768009427.43087,1.4109800000000001
768009428.917708,1.4391969999999998
768009430.714012,1.746242
768009432.256028,1.49393
768009433.866083,1.529757
768009435.458035,1.533501
768009437.2382259,1.729573
768009438.638196,1.338658
768009439.792261,1.090183
768009441.11067,1.274632
768009442.367487,1.206205
768009443.5992551,1.188841
768009445.019816,1.3727209999999999
768009446.542039,1.476222
768009448.044012,1.442935
768009449.697047,1.59749
768009451.1647199,1.4090470000000002
768009452.644451,1.42127
768009454.154658,1.4716740000000001
768009455.748801,1.535731
768009457.3484399,1.5491229999999998
768009459.008833,1.6164580000000002
768009460.594382,1.526793
768009462.2178069,1.579539
768009463.9835399,1.7157559999999998
768009465.825389,1.771622
768009467.427512,1.5510929999999998
768009469.25153,1.775798
768009470.974476,1.678328
768009472.719234,1.686402
768009474.475961,1.6943
768009476.2551111,1.706426
768009478.161309,1.8554599999999999
768009480.157147,1.936835
768009481.980829,1.7625
768009483.766521,1.7279140000000002
768009485.533839,1.714116
768009487.462971,1.8672330000000001
768009489.3307511,1.808833
768009491.110742,1.717751
768009493.291836,2.122941
768009494.9707611,1.6228259999999999
768009497.653553,2.6240819999999996
768009499.55541,1.846292
768009501.301947,1.700415
768009503.2879881,1.935939
768009504.9210969,1.573875
768009506.511029,1.5280129999999998
768009508.044656,1.4748700000000001
768009509.544835,1.424804
768009511.0248151,1.407206
768009512.5829451,1.5049830000000002
768009514.1974111,1.541566
768009515.81889,1.568908
768009517.451334,1.579425
768009519.108343,1.5950739999999999
768009520.6805199,1.5136800000000001
768009522.31962,1.591637
768009523.9810461,1.616474
768009525.991346,1.929074
768009527.7494869,1.711265
768009529.7729399,1.9476339999999999
768009531.109089,1.274547
768009532.377671,1.21515
768009533.828627,1.389487
768009535.082701,1.201206
768009536.5291201,1.3877270000000002
768009538.098279,1.520585
768009539.374419,1.22743
768009540.851819,1.424742
768009542.126274,1.225868
768009543.549825,1.3749019999999998
768009545.108826,1.511059
768009546.6821901,1.52251
768009548.135154,1.405363
768009549.5627841,1.377032
768009550.992293,1.382028
768009552.5226469,1.482788
768009554.088143,1.514914
768009555.582956,1.4069639999999999
768009557.057062,1.437934
768009558.520846,1.4020059999999999
768009560.122736,1.5541260000000001
768009561.628856,1.462105
768009563.315451,1.645452
768009564.956698,1.599982
768009566.5455871,1.533207
768009568.152874,1.5618260000000002
768009569.900497,1.6985590000000002
768009571.580285,1.626592
768009573.205829,1.572592
768009575.035364,1.773701
768009576.7053831,1.6110250000000002
768009578.298167,1.541677
768009580.24209,1.895422
768009581.808769,1.516374
768009583.280863,1.424147
768009584.779011,1.449969
768009586.141148,1.3084520000000002
768009587.2979599,1.108303
768009588.698444,1.351875
768009590.1531119,1.3927180000000001
768009591.457655,1.256136
768009593.011238,1.5039280000000002
768009594.518353,1.4554150000000001
768009595.9937941,1.416589
768009597.700309,1.6202269999999999
768009599.306281,1.547579
768009601.1015991,1.750958
768009602.762163,1.614293
768009604.063097,1.262829
768009605.463063,1.347829
768009607.189403,1.670959
768009608.944922,1.6882080000000002
768009610.309986,1.324761
768009611.786777,1.396415
768009613.397862,1.56685
768009614.952623,1.4919200000000001
768009616.5111531,1.487373
768009618.047702,1.4748560000000002
768009619.556931,1.461089
768009621.849865,2.244625
768009623.722061,1.821198
768009625.690019,1.9089459999999998
768009627.558807,1.807097
768009629.69692,2.08976
768009631.498456,1.750585
768009633.2477341,1.700961
768009635.432191,2.133041
768009637.280377,1.79944
768009639.449858,2.107774
768009641.818271,2.3153259999999998
768009644.2335869,2.339908
768009646.340288,2.044843
768009648.144034,1.750466
768009650.427487,2.221133
768009652.366949,1.8799240000000002
768009654.472437,2.043544
768009656.3210679,1.781293
768009658.1088461,1.725749
768009660.029229,1.8614549999999999
768009661.9193231,1.825914
768009664.305622,2.3335489999999997
768009666.315504,1.9544990000000002
768009668.8011379,2.426466
768009670.661841,1.799672
768009672.3810251,1.668601
768009674.2362709,1.803385
768009676.251078,1.955665
768009678.262142,1.949471
768009679.922826,1.602254
768009681.581649,1.6108959999999999
768009683.081216,1.448689
768009684.629756,1.489931
768009686.1945211,1.513777
768009687.8348069,1.581302
768009690.0642141,2.1809809999999996
768009691.5639551,1.437989
768009692.883565,1.270796
768009694.562014,1.616721
768009696.165933,1.545397
768009697.4218919,1.2052530000000001
768009698.6283389,1.157958
768009699.994355,1.30776
768009701.5520309,1.4802769999999998
768009703.0590069,1.46659
768009704.586987,1.480089
768009706.168546,1.5369760000000001
768009707.6225059,1.409738
768009709.221143,1.548246
768009710.7099811,1.440394
768009712.2571241,1.4888080000000001
768009713.790946,1.480077
768009715.2040321,1.355151
768009716.723014,1.4589480000000001
768009718.245616,1.475744
768009719.778039,1.468497
768009721.2308689,1.408463
768009722.710861,1.4258359999999999
768009724.691293,1.93221
768009726.224504,1.4594989999999999
768009727.531593,1.259149
768009728.884093,1.302067
768009730.0908331,1.144087
768009731.554036,1.415241
768009732.856475,1.255106
768009734.27811,1.3829879999999999
768009735.671675,1.357613
768009737.5489169,1.841161
768009739.0157291,1.420239
768009742.317834,3.243649
768009745.55984,3.200288
768009748.281368,2.662546
768009750.374938,2.0319819999999997
768009752.337725,1.904004
768009754.3949809,1.995232
768009756.358153,1.904721
768009758.081226,1.661294
768009760.040465,1.9005809999999999
768009762.047474,1.943627
768009764.070124,1.963663
768009765.656401,1.510504
768009767.2201,1.515196
768009768.8996519,1.62081
768009770.351668,1.3902649999999999
768009771.933723,1.533614
768009773.5387559,1.546228
768009775.205122,1.615889
768009776.846439,1.5829030000000002
768009778.71289,1.8159129999999999
768009780.351653,1.590579
768009781.9618851,1.548569
768009783.740029,1.729721
768009785.475731,1.67669
768009787.497159,1.959634
768009789.234881,1.679091
768009790.939586,1.629246
768009792.624049,1.625471
768009794.358379,1.672651
768009796.0466061,1.636893
768009797.590961,1.480863
768009798.883884,1.248593
768009800.241215,1.307004
768009801.5429959,1.250591
768009802.9442501,1.364657
768009804.420226,1.428289
768009805.897954,1.4158879999999998
768009807.520002,1.570913
768009808.964701,1.386265
768009810.543353,1.537959
768009812.1202661,1.532679
768009813.6813079,1.51656
768009815.3083999,1.5828389999999999
768009817.750939,2.398487
768009819.509254,1.7110020000000001
768009821.2670269,1.684633
768009823.2250439,1.896734
768009824.909529,1.624994
768009826.621282,1.6557309999999998
768009828.1993771,1.519459
768009829.670949,1.397866
768009831.206183,1.486841
768009832.633286,1.378619
768009834.0782499,1.401437
768009835.5767831,1.4496419999999999
768009837.0496651,1.4244290000000002
768009838.451434,1.347659
768009840.1161809,1.615497
768009841.633706,1.466542
768009843.360918,1.67883
768009844.869907,1.4503579999999998
768009846.329955,1.406388
768009847.815848,1.445484
768009849.200303,1.325778
768009850.559829,1.295892
768009851.946368,1.327758
768009853.433827,1.433451
768009854.914629,1.43042
768009856.351943,1.400797
768009857.73365,1.320309
768009859.005037,1.2319799999999999
768009860.213005,1.159405
768009861.466946,1.203266
768009862.64284,1.139745
768009864.161069,1.475587
768009865.5433149,1.344003
768009866.7995751,1.2136689999999999
768009867.984313,1.148287
768009869.321324,1.273598
768009870.7410051,1.3695899999999999
768009872.949714,2.161128
768009875.074965,2.063015
768009876.629389,1.5060200000000001
768009878.116446,1.421252
768009879.928911,1.759309
768009881.566036,1.584246
768009883.063367,1.4418339999999998
768009884.6953989,1.583564
768009886.3901969,1.633132
768009887.974172,1.535607
768009889.628855,1.579164
768009891.246992,1.566797
768009892.8210679,1.5257269999999998
768009894.360824,1.478232
768009896.153647,1.74268
768009897.6340021,1.429245
768009899.313987,1.614416
768009900.786408,1.4062919999999999
768009902.3222401,1.4853690000000002
768009903.831622,1.4590910000000001
768009905.434081,1.557971
768009907.010805,1.5262749999999998
768009908.542044,1.466857
768009910.170376,1.578067
768009911.754692,1.536103
768009913.4423759,1.64183
768009915.006479,1.5084689999999998
768009916.487145,1.4324819999999998
768009918.352229,1.4567670000000001
768009919.933772,1.5329860000000002
768009921.619002,1.636507
768009923.589386,1.908706
768009925.165917,1.517574
768009926.78171,1.554179
768009928.325992,1.485896
768009929.808835,1.436056
768009931.200977,1.331969
768009932.729738,1.470515
768009934.275358,1.492428
768009935.716982,1.397332
768009937.373213,1.612308
768009938.934538,1.514322
768009940.1539091,1.161192
768009941.870551,1.6664780000000001
768009943.210006,1.296794
768009944.7742289,1.5058420000000001
768009946.4885269,1.648039
768009947.991042,1.4441549999999999
768009949.14328,1.0900720000000002
768009950.835651,1.630758
768009952.23298,1.339159
768009953.629663,1.356058
768009954.997784,1.319804
768009956.446498,1.4012790000000002
768009957.7040269,1.2194619999999998
768009958.982595,1.231137
768009960.2256399,1.19597
768009961.33954,1.0641310000000002
768009962.7759839,1.3998229999999998
768009964.239827,1.4165549999999998
768009965.597811,1.31952
768009966.982618,1.348759
768009968.392159,1.364922
768009969.960336,1.514617
768009971.3679839,1.3590609999999999
768009972.87343,1.457625
768009974.4813501,1.537727
768009975.948527,1.408841
768009977.503734,1.463225
768009979.05447,1.4972889999999999
768009980.5875009,1.484709
768009982.17222,1.540592
768009983.645674,1.4250639999999999
768009985.109538,1.4052879999999999
768009986.749152,1.585382
768009988.2882609,1.480162
768009989.7895321,1.4397929999999999
768009991.409624,1.578028
768009992.847279,1.392981
768009994.446283,1.544672
768009996.803342,2.298628
768009998.6703321,1.808026
768010000.1423831,1.427894
768010001.780698,1.5921509999999999
768010003.6799821,1.854844
768010005.705324,1.9665849999999998
768010007.57359,1.8068929999999999
768010009.448191,1.8160699999999999
768010011.5839801,2.0748670000000002
768010013.3422949,1.707231
768010014.9579129,1.543244
768010016.220342,1.203901
768010017.537557,1.261927
768010018.8187239,1.228282
768010020.226793,1.3572359999999999
768010021.589731,1.310805
768010023.114218,1.4713910000000001
768010024.625108,1.4576019999999998
768010026.345379,1.645119
768010027.887304,1.482919
768010029.9121461,1.982634
768010031.675928,1.7023
768010033.166349,1.4490010000000002
768010034.363871,1.154065
768010035.544698,1.140145
768010036.818718,1.2331379999999998
768010038.0335971,1.1697840000000002
768010039.35162,1.2828270000000002
768010040.8137,1.414188
768010042.1206031,1.2452450000000002
768010043.634003,1.455184
768010045.229469,1.5368739999999999
768010046.5782851,1.287153
768010047.9445721,1.307751
768010049.437158,1.409839
768010050.795707,1.2998269999999998
768010052.156024,1.301765
768010053.600639,1.3937979999999999
768010055.60186,1.9424139999999999
768010057.122053,1.461867
768010058.812427,1.639504
768010060.3499731,1.454969
768010061.8433189,1.4350280000000002
768010063.557295,1.6658
768010065.173963,1.568305
768010066.734503,1.499141
768010068.352972,1.559623
768010070.255198,1.841354
768010072.136845,1.822986
768010073.743943,1.5449629999999999
768010075.404891,1.602146
768010077.056302,1.593065
768010078.951075,1.833871
768010080.5861729,1.5762960000000001
768010082.337682,1.693003
768010083.9498819,1.553593
768010085.678087,1.646259
768010087.8422021,2.1016250000000003
768010089.803104,1.9021000000000001
768010091.8461419,1.9815649999999998
768010094.023909,2.11917
768010096.159492,2.073324
768010098.0291771,1.808622
768010099.727612,1.6398190000000001
768010101.403034,1.617222
768010103.391425,1.926692
768010105.39471,1.944644
768010107.091221,1.634592
768010109.0320511,1.882058
768010111.040329,1.946688
768010113.0401261,1.941737
768010114.919137,1.817232
768010117.0921481,2.114239
768010118.972667,1.818645
768010120.790616,1.759443
768010122.927322,2.077438
768010124.440521,1.454798
768010126.339905,1.837855
768010128.200323,1.802609
768010130.317995,2.0561580000000004
768010132.081356,1.70473
768010133.752754,1.609358
768010135.9136571,2.1016250000000003
768010137.901753,1.9299790000000001
768010139.846632,1.882008
768010141.6028169,1.697919
768010143.59198,1.9269720000000001
768010145.372942,1.722045
768010147.066532,1.63162
768010148.751491,1.625656
768010150.418092,1.6077190000000001
768010152.086167,1.6088820000000001
768010153.733158,1.585357
768010155.456767,1.664477
768010157.346413,1.830683
768010159.2537249,1.8459290000000002
768010160.966308,1.653912
768010162.838498,1.7917880000000002
768010164.7171991,1.820189
768010166.4904181,1.714027
768010168.768724,1.8262230000000002
768010170.654316,1.823437
768010172.582437,1.868838
768010174.575634,1.932145
768010176.419623,1.785523
768010178.250312,1.769511
768010180.508371,2.199007
768010182.3867099,1.816726
768010183.946052,1.501041
768010185.530948,1.502118
768010187.4116781,1.8180589999999999
768010189.323045,1.8526790000000002
768010191.292301,1.907829
768010193.332517,1.980683
768010195.0509139,1.656663
768010196.687806,1.578035
768010198.59157,1.844942
768010200.6499491,1.9997219999999998
768010202.485404,1.773801
768010204.184451,1.640004
768010206.124719,1.876736
768010207.8164041,1.632758
768010209.738847,1.86354
768010211.873659,2.07166
768010213.6466379,1.7142570000000001
768010215.5517501,1.843078
768010217.1818709,1.570733
768010218.837322,1.592865
768010220.6597209,1.763663
768010222.462039,1.740543
768010224.320742,1.800323
768010226.122368,1.740333
768010227.95245,1.771571
768010229.620961,1.5786419999999999
768010231.497927,1.815794
768010233.174933,1.618439
768010235.093782,1.856449
768010236.8447951,1.6929180000000001
768010238.782082,1.876039
768010240.854248,2.0140700000000002
768010242.734291,1.81839
768010244.628723,1.8359509999999999
768010246.790413,2.099641
768010249.334799,2.485319
768010251.645375,2.248035
768010253.967574,2.263947
768010256.254254,2.225759
768010257.863838,1.551127
768010259.853642,1.931068
768010261.582117,1.669047
768010263.720537,2.0764009999999997
768010265.9895821,2.2106489999999996
768010267.953972,1.902356
768010270.219137,2.137628
768010272.47044,2.1896139999999997
768010274.301234,1.7682579999999999
768010276.082222,1.7223570000000001
768010278.114896,1.9703490000000001
768010280.181719,2.008688
768010282.392568,2.149125
768010284.15169,1.700771
768010286.179904,1.965853
768010288.206779,1.9682990000000002
768010290.451081,2.182443
768010292.3185401,1.808818
768010294.519331,2.139503
768010296.295317,1.7173749999999999
768010298.533996,2.177246
768010300.4076,1.815718
768010302.416378,1.947325
768010304.22908,1.753438
768010306.0288559,1.7368299999999999
768010307.9526709,1.8645720000000001
768010309.69338,1.654849
768010311.820489,2.065731
768010314.0707949,2.191504
768010316.100216,1.967402
768010317.9651049,1.802277
768010319.793483,1.769998
768010321.907461,2.055116
768010323.8666639,1.89757
768010325.7324439,1.807264
768010327.4974151,1.70249
768010329.300619,1.745295
768010331.0992631,1.735863
768010333.124314,1.965868
768010334.809374,1.6214520000000001
768010336.626502,1.757989
768010338.39295,1.7045190000000001
768010340.135188,1.683756
768010341.841953,1.644395
768010343.670973,1.770799
768010345.970423,2.240764
768010347.8546311,1.82263
768010350.11042,2.19636
768010351.851144,1.6822670000000002
768010354.0816679,2.1723990000000004
768010356.0338049,1.865875
768010357.733077,1.634061
768010359.619956,1.829155
768010361.674236,1.9961639999999998
768010363.576937,1.841193
768010365.558166,1.922518
768010367.495403,1.875759
768010369.54903,1.9945599999999999
768010371.889336,2.2785219999999997
768010374.2619821,2.314035
768010376.56876,2.2450539999999997
768010378.942052,2.291843
768010381.432106,2.431738
768010383.749308,2.254832
768010385.407369,1.599024
768010387.012397,1.542412
768010388.718551,1.647888
768010390.620415,1.838487
768010392.19633,1.5167869999999999
768010394.1095209,1.851618
768010395.884179,1.715495
768010397.660275,1.71776
768010399.4000671,1.677818
768010401.152288,1.692622
768010403.091665,1.877783
768010405.1663009,2.016276
768010407.089179,1.861119
768010409.184093,2.035826
768010411.1232749,1.8765209999999999
768010413.217628,2.0355659999999998
768010414.936251,1.657164
768010417.093024,2.09786
768010419.1117101,1.960631
768010421.105649,1.9351209999999999
768010422.986925,1.819137
768010424.9606919,1.9148749999999999
768010426.707039,1.684654
768010428.431685,1.665895
768010430.129174,1.6389060000000002
768010432.210556,2.022014
768010434.363144,2.089531
768010436.745508,2.324002
768010438.679802,1.8730419999999999
768010440.8432411,2.1055840000000003
768010442.840432,1.9350420000000002
768010444.513023,1.613983
768010446.191857,1.617181
768010448.1368871,1.885671
768010449.857444,1.658287
768010451.752929,1.836262
768010454.0029191,2.1908980000000002
768010455.906703,1.8426619999999998
768010457.918549,1.952638
768010459.773008,1.792575
768010462.0490841,2.21774
768010464.297099,2.186172
768010466.2854799,1.9255200000000001
768010468.429719,2.085091
768010470.759134,2.267626
768010472.8710921,2.053798
768010474.788964,1.856098
768010476.727213,1.8792419999999999
768010478.871421,2.081487
768010480.831687,1.902195
768010482.9962529,2.102773
768010484.882561,1.828128
768010486.919179,1.9748489999999999
768010488.921593,1.9443730000000001
768010491.101705,2.11867
768010493.0246091,1.864623
768010495.116666,2.0298019999999997
768010497.952736,2.777288
768010500.175994,2.161514
768010502.3778219,2.143517
768010504.239884,1.8029389999999998
768010506.106997,1.805395
768010508.152345,1.9863110000000002
768010509.87418,1.6597700000000002
768010511.863569,1.930581
768010513.758406,1.8358700000000001
768010516.0448611,2.223754
768010518.057809,1.950051
768010520.1177771,2.001687
768010522.298942,2.119716
768010524.261577,1.903167
768010526.322683,1.9992560000000001
768010528.408475,2.0264990000000003
768010530.412162,1.942444
768010532.489159,2.01775
768010534.477515,1.926307
768010536.472356,1.935618
768010538.245606,1.709992
768010539.983889,1.679065
768010542.158108,2.08467
768010544.3759531,2.1560360000000003
768010546.1606101,1.7229420000000002
768010548.347438,2.1282710000000002
768010550.410402,2.000093
768010552.582335,2.1133469999999996
768010554.7046131,2.060805
768010556.872091,2.108476
768010559.114508,2.180669
768010561.484272,2.311153
768010563.610319,2.064668
768010565.291574,1.622223
768010566.995768,1.645112
768010568.583285,1.528475
768010570.214614,1.5699310000000002
768010571.9928911,1.719064
768010574.247452,2.163148
768010576.095953,1.789072
768010578.143165,1.9843909999999998
768010579.926303,1.724862
768010581.57803,1.5922340000000001
768010583.398725,1.757799
768010585.0637679,1.606211
768010586.7319281,1.606061
768010588.411986,1.620564
768010590.098423,1.627094
768010591.90037,1.743747
768010594.043872,2.084836
768010596.039996,1.933768
768010597.800501,1.677271
768010599.764545,1.904771
768010601.5275409,1.7042540000000002
768010603.261684,1.67256
768010604.99248,1.672249
768010606.65806,1.604107
768010608.611008,1.8940910000000002
768010610.2443529,1.574894
768010611.877998,1.575054
768010613.758322,1.822159
768010615.9204121,2.100442
768010618.053114,2.074446
768010620.0338471,1.917506
768010622.227401,2.128872
768010624.5101919,2.2237989999999996
768010626.400164,1.829069
768010628.219275,1.761182
768010630.159258,1.87866
768010632.093157,1.874776
768010633.781304,1.625842
768010635.491592,1.651938
768010637.443548,1.893425
768010639.3479431,1.842155
768010641.0289979,1.622484
768010642.938415,1.847618
768010645.0098189,2.0128630000000003
768010646.864819,1.79279
768010648.837082,1.913666
768010651.014338,2.115557
768010653.2129589,2.1397030000000004
768010655.193371,1.918328
768010656.984071,1.7323600000000001
768010658.702523,1.6565180000000002
768010660.9573649,2.196435
768010663.090969,2.048607
768010665.0474299,1.896492
768010667.1512101,2.04192
768010668.8646001,1.655756
768010670.9004761,1.9741720000000003
768010672.850693,1.891711
768010674.714975,1.802548
768010676.351962,1.57809
768010678.0746801,1.661073
768010680.144335,2.010512
768010682.053286,1.846747
768010683.877244,1.765873
768010685.857767,1.922096
768010687.979698,2.060213
768010689.742168,1.678229
768010691.938238,2.133553
768010693.863662,1.867234
768010695.61251,1.6870329999999998
768010697.5827531,1.910955
768010699.434646,1.789934
768010701.2725409,1.779153
768010702.9361609,1.601159
768010704.631259,1.635799
768010706.503669,1.814195
768010708.4210399,1.858689
768010710.461151,1.9785979999999999
768010712.4893999,1.969902
768010714.225388,1.674269
768010715.972085,1.6879810000000002
768010717.817203,1.761302
768010719.888001,2.009099
768010721.861828,1.9152150000000001
768010723.920282,1.9972409999999998
768010725.889834,1.91086
768010727.80516,1.853476
768010729.8243619,1.959975
768010731.7194461,1.833881
768010733.859445,2.081422
768010735.799874,1.878666
768010738.119351,2.261206
768010740.4348979,2.253197
768010742.3541629,1.857952
768010744.6157551,2.2029810000000003
768010747.060825,2.384062
768010749.629793,2.5105470000000003
768010751.710724,2.019614
768010753.663186,1.894277
768010755.664487,1.943411
768010757.713248,1.9901200000000001
768010759.5948709,1.8196690000000002
768010761.629385,1.97524
768010763.751282,2.063632
768010765.752207,1.94289
768010767.804356,1.990646
768010769.9992081,2.1361850000000002
768010772.057381,1.997151
768010774.010014,1.889174
768010775.921505,1.8528850000000001
768010777.890401,1.9106349999999999
768010779.851854,1.899639
768010781.7521089,1.84195
768010783.5245069,1.7094260000000001
768010785.661088,2.077584
768010787.8354969,2.112901
768010789.966771,2.07185
768010792.179283,2.1511299999999998
768010794.139398,1.871794
768010796.1650261,1.967232
768010798.3475391,2.119717
768010800.354748,1.947976
768010802.294125,1.877643
768010804.182383,1.829461
768010805.987296,1.7429240000000001
768010807.7234241,1.678073
768010809.7291211,1.946683
768010811.741422,1.950302
768010814.022284,2.202901
768010816.236676,2.151015
768010818.3134129,2.015279
768010820.153749,1.782061
768010822.166853,1.950758
768010824.1947911,1.9691169999999998
768010826.470706,2.214938
768010828.288039,1.758195
768010830.1355569,1.7861699999999998
768010832.104743,1.910484
768010834.056643,1.889981
768010835.912731,1.797582
768010837.909957,1.938279
768010839.7921009,1.8200740000000002
768010841.6441491,1.792615
768010843.404684,1.697588
768010845.577264,2.113563
768010847.757512,2.118924
768010849.9154971,2.0995190000000004
768010851.858492,1.8800329999999998
768010854.117684,2.200024
768010856.278842,2.099555
768010858.1776091,1.8375139999999999
768010860.301425,2.065235
768010862.1123279,1.7490489999999999
768010864.177995,2.007445
768010866.1634741,1.924056
768010868.314789,2.092594
768010870.1280321,1.751625
768010872.966502,2.779649
768010875.4055929,2.377081
768010877.910501,2.446728
768010880.37903,2.4072709999999997
768010882.3258641,1.887721
768010884.0587901,1.674244
768010886.141631,2.020862
768010887.954243,1.75402
768010889.743916,1.7062430000000002
768010891.778609,1.971416
768010893.970995,2.1337550000000003
768010895.908447,1.8760890000000001
768010897.940485,1.973457
768010899.744482,1.741366
768010901.56855,1.765001
768010903.7571371,2.127314
768010905.866099,2.050676
768010907.829952,1.90227
768010909.937646,2.049037
768010912.156143,2.1563670000000004
768010914.376539,2.158081
768010916.342863,1.907993
768010918.5692381,2.164145
768010920.630714,2.002619
768010922.273485,1.581448
768010924.054618,1.722141
768010926.115904,1.9991359999999998
768010927.8553001,1.680218
768010930.016729,2.102591
768010931.892788,1.8144509999999998
768010933.893963,1.942509
768010935.822369,1.865579
768010937.872028,1.990792
768010939.86902,1.935172
768010941.703552,1.776447
768010943.7872299,2.022024
768010945.707783,1.8617009999999998
768010947.718596,1.947882
768010949.710866,1.9334980000000002
768010951.657825,1.885376
768010953.6613209,1.9455360000000002
768010955.8025229,2.079904
768010957.760347,1.8989420000000001
768010959.986261,2.166621
768010961.865508,1.796439
768010963.767262,1.839815
768010965.734458,1.9083489999999999
768010967.551405,1.755293
768010969.539791,1.929067
768010971.50816,1.906921
768010973.5046351,1.9380490000000001
768010975.407683,1.820962
768010977.42228,1.956402
768010979.196286,1.711711
768010980.970649,1.715967
768010982.86068,1.827666
768010984.506724,1.587172
768010986.407215,1.8382859999999999
768010988.5562,2.0906990000000003
768010990.582168,1.964395
768010992.5616829,1.9208230000000002
768010994.47754,1.853231
768010996.156776,1.6205690000000001
768010997.747646,1.529567
768010999.6486031,1.8424909999999999
768011001.530301,1.823166
768011003.830868,2.239064
768011005.5815359,1.69205
768011007.376085,1.7358129999999998
768011009.396084,1.9615230000000001
768011011.7147341,2.257177
768011013.88559,2.112325
768011016.163726,2.216136
768011018.33192,2.1096079999999997
768011020.196959,1.806417
768011022.1196309,1.8605880000000001
768011023.813647,1.635273
768011025.7953271,1.9229539999999998
768011027.7342321,1.876871
768011029.42931,1.637143
768011031.229653,1.7386789999999999
768011033.343456,2.055482
768011035.279099,1.848951
768011037.3452821,2.008041
768011039.163241,1.75631
768011041.113929,1.892342
768011043.156551,1.9811889999999999
768011045.096353,1.8811360000000001
768011046.730394,1.5756999999999999
768011048.393853,1.6048429999999998
768011050.041771,1.58639
768011051.974878,1.8745260000000001
768011053.606824,1.546281
768011055.733075,2.064653
768011057.697951,1.90667
768011059.734033,1.9752900000000002
768011061.9830861,2.190512
768011063.868537,1.823933
768011065.870946,1.9439920000000002
768011067.574308,1.641678
768011069.4163929,1.783274
768011071.127162,1.649442
768011072.882234,1.696516
768011074.956435,2.0157399999999996
768011076.796621,1.781454
768011078.4466441,1.58836
768011080.305754,1.800669
768011082.443859,2.0769170000000003
768011084.473796,1.971186
768011086.452199,1.917005
768011088.325797,1.8150620000000002
768011090.234462,1.846951
768011092.120951,1.8278770000000002
768011094.0140951,1.83101
768011095.928894,1.856403
768011097.601054,1.613412
768011099.386827,1.72404
768011101.064374,1.619226
768011102.711736,1.585728
768011104.6998861,1.929619
768011106.379753,1.618544
768011108.049848,1.612135
768011110.057679,1.945205
768011112.025111,1.9090660000000002
768011113.7002571,1.610636
768011115.530941,1.7724929999999999
768011117.139888,1.5501
768011118.944912,1.7432400000000001
768011120.594605,1.5918029999999999
768011123.0459089,2.3895549999999997
768011125.385527,2.281193
768011127.8595791,2.412759
768011130.1465,2.228555
768011132.509403,2.3046070000000003
768011134.6808959,2.1102090000000002
768011136.3389269,1.599741
768011138.1369541,1.736835
768011140.2116159,2.01608
768011142.092181,1.8184749999999998
768011144.103906,1.952949
768011145.824308,1.658517
768011147.788758,1.9055229999999999
768011149.831821,1.984773
768011151.749813,1.856152
768011153.72175,1.913401
768011155.471976,1.6891390000000002
768011157.063122,1.532745
768011158.882134,1.757479
768011160.6096619,1.668927
768011162.653608,1.9853140000000002
768011164.451425,1.739236
768011167.042956,2.529817
768011169.232646,2.131293
768011171.3770051,2.082234
768011173.411392,1.975305
768011175.262158,1.7881749999999998
768011177.24025,1.919214
768011179.201693,1.9001249999999998
768011180.974261,1.714163
768011182.946544,1.913356
768011184.8788489,1.873643
768011187.092009,2.151816
768011189.042752,1.8919659999999998
768011191.0074221,1.902761
768011193.164656,2.098728
768011195.467529,2.241019
768011197.757969,2.231969
768011200.103316,2.283919
768011202.24325,2.08071
768011204.4688231,2.166526
768011206.6755569,2.1449260000000003
768011208.654937,1.9210340000000001
768011210.8443459,2.128613
768011212.800336,1.896808
768011215.03686,2.1748499999999997
768011217.18814,2.092398
768011219.219571,1.9690860000000001
768011221.3080151,2.030003
768011223.334479,1.964726
768011225.257428,1.864312
768011227.314108,1.9986190000000001
768011229.2961841,1.923385
768011231.404946,2.047123
768011233.287971,1.824499
768011235.089787,1.7402380000000002
768011237.057495,1.90841
768011239.0910311,1.9722030000000002
768011241.152317,2.0024230000000003
768011243.075014,1.864161
768011245.101018,1.9677779999999998
768011248.055073,2.8926109999999996
768011250.367242,2.249484
768011252.202271,1.775871
768011253.906129,1.62328
768011255.989496,2.024786
768011257.86312,1.7887359999999999
768011260.118222,2.196771
768011262.315263,2.1226130000000003
768011264.6813639,2.306968
768011266.850516,2.1068860000000003
768011268.803118,1.8942670000000001
768011270.739002,1.87404
768011273.115412,2.3177179999999997
768011275.2038261,2.026009
768011277.1654991,1.903197
768011279.328276,2.101369
768011281.301071,1.913988
768011283.3825879,1.997772
768011285.6743759,2.233011
768011287.655119,1.9176760000000002
768011289.773833,2.059857
768011292.144053,2.308722
768011294.071667,1.869012
768011295.841544,1.711225
768011297.870605,1.9704039999999998
768011299.644912,1.712032
768011301.6250191,1.921656
768011303.723536,2.0367789999999997
768011305.846947,2.064945
768011307.863068,1.957354
768011309.857468,1.935297
768011312.111011,2.1905520000000003
768011313.7809501,1.608421
768011315.705508,1.865599
768011317.942086,2.177857
768011319.948228,1.944198
768011322.143436,2.1131919999999997
768011323.9112229,1.706264
768011325.696736,1.725879
768011353.985814,28.226021
768011356.5241461,2.4764880000000002
768011358.652047,2.069339
768011360.850171,2.1395329999999997
768011362.971546,2.059466
768011365.11153,2.0810020000000002
768011366.858935,1.685857
768011368.655485,1.737597
768011370.527019,1.8122310000000001
768011373.049319,2.463853
768011375.19456,2.083838
768011377.337811,2.084981
768011379.380288,1.980413
768011381.46998,2.03094
768011383.40258,1.870686
768011385.476957,2.015654
768011387.468064,1.928952
768011389.469199,1.9427240000000001
768011391.265899,1.737747
768011393.3610281,2.031988
768011395.4271201,2.00331
768011397.267887,1.782541
768011399.46329,2.133483
768011401.745775,2.2240290000000003
768011403.685127,1.877127
768011405.520617,1.776928
768011407.293205,1.688182
768011409.5194601,2.1670059999999998
768011411.4781309,1.8974689999999999
768011413.347349,1.810105
768011415.6088009,2.199407
768011417.868193,2.200806
768011420.129931,2.199377
768011422.157447,1.9689350000000003
768011424.163925,1.947195
768011426.116372,1.8904670000000001
768011428.160583,1.9859650000000002
768011429.875733,1.65282
768011431.70146,1.767367
768011433.750782,1.9908109999999999
768011435.7799829,1.967507
768011438.067646,2.229277
768011440.08749,1.9613230000000001
768011442.2543421,2.104581
768011444.160992,1.848059
768011446.007899,1.783735
768011447.98124,1.91474
768011449.953293,1.8912550000000001
768011451.929029,1.912835
768011454.000253,2.011806
768011456.16117,2.0996349999999997
768011458.087572,1.8648740000000001
768011460.087284,1.940209
768011462.351873,2.20246
768011464.363884,1.9539710000000001
768011466.3933649,1.9681540000000002
768011468.39006,1.938394
768011470.288201,1.835991
768011472.282766,1.93639
768011474.4039409,2.058875
768011476.311509,1.848034
768011478.003986,1.630377
768011480.156774,2.094388
768011482.2330351,2.014857
768011484.269237,1.977556
768011486.250446,1.918784
768011488.2563779,1.947255
768011490.105299,1.787398
768011492.3086259,2.14474
768011494.0338991,1.6637950000000001
768011495.741962,1.649432
768011498.345716,2.5440189999999996
768011500.6223531,2.214523
768011502.800917,2.1166039999999997
768011504.998725,2.1185739999999997
768011506.824708,1.764379
768011509.20032,2.317051
768011511.119475,1.857637
768011513.154469,1.9763480000000002
768011515.0777229,1.861616
768011517.094595,1.958145
768011519.393234,2.2398409999999997
768011521.630695,2.178879
768011523.6405259,1.946715
768011525.694365,1.9955630000000002
768011527.643098,1.8901569999999999
768011529.76681,2.064925
768011531.59605,1.767231
768011533.336007,1.681596
768011535.399307,2.0006690000000003
768011537.299418,1.840616
768011539.277499,1.8939810000000001
768011541.1000689,1.763763
768011542.872301,1.712919
768011544.933412,2.002453
768011546.705724,1.710839
768011548.729247,1.964501
768011550.71881,1.9281599999999999
768011552.6008539,1.823907
768011554.266202,1.603585
768011556.146732,1.821968
768011557.988942,1.780121
768011560.080328,2.033125
768011561.722106,1.5800750000000001
768011563.562442,1.781915
768011565.366218,1.7451439999999998
768011567.366306,1.9381089999999999
768011569.539878,2.113908
768011571.172049,1.5689689999999998
768011572.909907,1.6794259999999999
768011574.551946,1.5832680000000001
768011576.388017,1.776773
768011578.198193,1.7488270000000001
768011579.8780099,1.621196
768011581.549663,1.613197
768011583.382702,1.771035
768011585.324314,1.882515
768011587.5799171,2.19384
768011589.582466,1.9433259999999999
768011591.211485,1.570417
768011592.9265491,1.656593
768011594.911577,1.922207
768011596.484254,1.514532
768011598.095286,1.5527360000000001
768011600.183795,2.0302729999999998
768011602.0480579,1.8013350000000001
768011603.6976601,1.591151
768011605.334382,1.577534
768011607.215152,1.818065
768011608.894824,1.6209799999999999
768011610.7688179,1.812125
768011612.408396,1.5804099999999999
768011614.306582,1.837279
768011616.271789,1.906626
768011618.18321,1.825601
768011619.808441,1.566929
768011622.177052,2.309925
768011624.57026,2.330327
768011626.669986,2.038357
768011628.723167,1.9946450000000002
768011630.5920651,1.8072789999999999
768011632.5192729,1.869138
768011634.436152,1.8552009999999999
768011636.1349391,1.640425
768011638.394521,2.197267
768011640.219396,1.76664
768011642.04156,1.7606659999999998
768011643.941921,1.841739
768011645.817199,1.8163859999999998
768011647.497262,1.617722
768011649.71235,2.1559209999999998
768011651.578306,1.8040370000000001
768011653.7778591,2.1409010000000004
768011655.649202,1.80982
768011657.507555,1.800128
768011659.483542,1.914353
768011661.4469941,1.9049010000000002
768011663.404398,1.896472
768011665.635825,2.171678
768011667.572405,1.874696
768011669.7997121,2.168591
768011671.6451501,1.7840550000000002
768011673.366629,1.662803
768011675.4144291,1.985961
768011677.5365419,2.063446
768011679.496025,1.8976600000000001
768011681.2912459,1.736369
768011682.9944229,1.641006
768011684.8947779,1.841744
768011686.687744,1.733938
768011688.759043,2.012778
768011690.891504,2.0709779999999998
768011692.978585,2.02856
768011695.0153381,1.975275
768011697.00392,1.929819
768011698.879192,1.814025
768011700.675079,1.736664
768011702.5445629,1.810842
768011704.6103541,2.00737
768011706.376262,1.704089
768011708.1179581,1.682634
768011709.84923,1.669057
768011711.9577659,2.050486
768011713.798357,1.755879
768011715.711207,1.850665
768011717.390363,1.600919
768011719.121094,1.669378
768011720.809161,1.6293449999999998
768011722.538734,1.667985
768011724.419549,1.821878
768011726.3423921,1.861259
768011728.150338,1.749745
768011730.084528,1.873172
768011732.199729,2.056705
768011734.144628,1.8827049999999999
768011736.082271,1.878956
768011737.978101,1.8336610000000002
768011739.6550059,1.618279
768011741.797987,2.0842389999999997
768011743.723261,1.8629740000000001
768011745.940625,2.159008
768011748.320052,2.320018
768011750.8103061,2.428431
768011752.9920019,2.122588
768011754.927225,1.8731380000000002
768011756.6395379,1.6530550000000002
768011758.847135,2.149362
768011760.7758319,1.870061
768011762.906529,2.069314
768011764.88008,1.9148640000000001
768011766.592574,1.650077
768011768.433897,1.782532
768011770.194602,1.698059
768011771.915104,1.66171
768011773.857563,1.8841629999999998
768011775.823682,1.903919
768011777.8294129,1.94724
768011780.056996,2.165994
768011781.812003,1.692612
768011783.598213,1.727603
768011785.8489699,2.1920949999999997
768011787.994913,2.0841689999999997
768011789.910264,1.83138
768011792.131001,2.161624
768011794.353046,2.160085
768011796.651168,2.239456
768011798.912279,2.19876
768011801.063053,2.091826
768011803.3143259,2.189739
768011805.54688,2.1740280000000003
768011807.601555,1.9960939999999998
768011809.779929,2.119867
768011811.9445701,2.102863
768011814.144588,2.095876
768011816.1882781,1.9849379999999999
768011818.357034,2.107017
768011820.429967,2.014306
768011822.361515,1.868958
768011824.3345549,1.914328
768011826.3271561,1.931434
768011828.1732349,1.7877539999999998
768011830.102353,1.8676949999999999
768011832.149978,1.989509
768011833.931988,1.721013
768011835.8904891,1.9002109999999999
768011837.982962,2.0342580000000003
768011839.980785,1.93636
768011842.157615,2.091405
768011844.177509,1.957794
768011846.3487799,2.109227
768011848.31725,1.910344
768011850.0492641,1.670761
768011852.030282,1.9223919999999999
768011853.804975,1.709727
768011855.63195,1.7681280000000001
768011857.67353,1.9822020000000002
768011859.524526,1.789146
768011861.466102,1.883166
768011863.680961,2.153314
768011865.620984,1.881146
768011867.860234,2.180709
768011870.0433841,2.124919
768011872.968186,2.863089
768011875.2693,2.239716
768011877.164148,1.836347
768011879.2450191,2.019734
768011881.49738,2.193755
768011883.6928979,2.133504
768011885.965686,2.213605
768011888.182845,2.158327
768011890.401056,2.156172
768011892.664773,2.204845
768011894.8742479,2.148077
768011896.822451,1.889991
768011898.845397,1.960466
768011900.8100569,1.905833
768011903.021633,2.14919
768011905.254423,2.1742440000000003
768011907.209025,1.892593
768011908.928259,1.660377
768011911.062865,2.07621
768011913.197672,2.076035
768011915.2107761,1.951676
768011917.3793869,2.1105910000000003
768011919.370755,1.93012
768011921.108793,1.679596
768011923.308866,2.137819
768011925.040234,1.6728610000000002
768011926.9531641,1.850579
768011928.765239,1.752848
768011930.933564,2.082735
768011932.720731,1.728411
768011934.885994,2.1038390000000002
768011936.714467,1.769922
768011939.013356,2.2369
768011941.201096,2.129194
768011943.2610381,1.973506
768011945.499682,2.1798669999999998
768011947.71876,2.157896
768011949.654503,1.876696
768011951.43922,1.7263000000000002
768011953.447362,1.9494799999999999
768011955.365554,1.855411
768011957.443233,2.019047
768011959.398803,1.893455
768011961.4085779,1.95163
768011963.386605,1.916584
768011965.190707,1.7460170000000002
768011967.418059,2.1686460000000003
768011969.184282,1.708303
768011971.314108,2.0663769999999997
768011973.484232,2.111993
768011975.483292,1.9368910000000001
768011977.652359,2.1104000000000003
768011979.873021,2.16202
768011981.795909,1.864021
768011983.7341781,1.876811
768011985.462353,1.670015
768011987.557342,2.0334559999999997
768011989.714947,2.099104
768011991.848381,2.072091
768011994.025933,2.118754
768011996.031554,1.9439520000000001
768011998.320189,2.2257029999999998
768012000.968952,2.589661
768012003.406289,2.375417
768012005.526707,2.062303
768012007.403428,1.814481
768012009.545622,2.084019
768012011.570673,1.9626560000000002
768012013.784403,2.1550290000000003
768012015.994185,2.148454
768012018.18405,2.1017
768012020.1508911,1.9083290000000002
768012022.0959201,1.8828950000000002
768012024.149333,1.9949260000000002
768012026.081768,1.870196
768012028.256774,2.1165390000000004
768012030.2590669,1.940064
768012032.144905,1.827581
768012034.7000049,2.4936220000000002
768012036.9460809,2.18776
768012039.833245,2.82527
768012042.294392,2.402225
768012044.682794,2.32957
768012046.852517,2.108119
768012049.483224,2.5719800000000004
768012052.079636,2.534593
768012054.49675,2.358022
768012056.8374261,2.2822799999999996
768012059.441999,2.542849
768012061.7014999,2.206709
768012063.849221,2.084364
768012066.5610169,2.6530139999999998
768012069.214617,2.5920769999999997
768012071.752799,2.476233
768012074.259197,2.447651
768012076.763023,2.445591
768012079.211656,2.3870839999999998
768012081.7307479,2.460972
768012084.624091,2.831149
768012087.4789749,2.793095
768012090.3531089,2.815457
768012092.847618,2.433036
768012094.878297,1.9687849999999998
768012097.0928999,2.155545
768012099.3313,2.176686
768012101.486302,2.1020280000000002
768012103.542395,1.994254
768012105.843364,2.21567
768012107.812375,1.9075229999999999
768012109.9155079,2.044632
768012112.102162,2.125067
768012114.0802821,1.9221489999999999
768012116.0642779,1.925129
768012118.196263,2.06981
768012120.110692,1.8614330000000001
768012122.8503461,2.678151
768012124.658413,1.755398
768012126.648137,1.928607
768012128.55585,1.848856
768012130.7177451,2.0997199999999996
768012132.685437,1.908966
768012134.637629,1.890328
768012136.605765,1.909446
768012138.398517,1.741432
768012140.37706,1.930755
768012142.097062,1.658658
768012143.85438,1.7059630000000001
768012145.672694,1.769381
768012147.443106,1.708413
768012149.293046,1.797482
768012151.062469,1.7136250000000002
768012152.971157,1.8557540000000001
768012155.203857,2.1711069999999997
768012157.3601191,2.097946
768012159.619255,2.200816
768012161.536057,1.864091
768012163.5665929,1.9752989999999997
768012165.5784429,1.953429
768012168.094172,2.453875
768012170.212992,2.057016
768012172.190948,1.9190889999999998
768012174.254394,2.001587
768012176.966049,2.6527830000000003
768012179.532582,2.5048280000000003
768012181.849911,2.252531
768012184.177355,2.278806
768012186.876446,2.637392
768012189.1887369,2.2535979999999998
768012191.270169,2.019764
768012193.444157,2.115773
768012195.784236,2.278047
768012197.579909,1.743063
768012199.113942,1.46777
768012201.004038,1.831215
768012203.0512561,1.98593
768012204.9517319,1.8417640000000002
768012206.611871,1.605046
768012208.1511531,1.493279
768012210.1039261,1.890768
768012211.807346,1.644973
768012213.686665,1.826427
768012215.5794129,1.837412
768012217.645365,2.007755
768012219.509209,1.802711
768012221.486105,1.924278
768012223.237638,1.6907210000000001
768012224.8192819,1.537074
768012226.289619,1.423632
768012228.060215,1.725734
768012229.895293,1.7732329999999998
768012231.640303,1.699915
768012233.53124,1.8328229999999999
768012235.382684,1.79561
768012237.139806,1.703942
768012238.891751,1.6902169999999999
768012240.690287,1.7398909999999999
768012242.480328,1.734475
768012244.376555,1.8375139999999999
768012246.780779,2.34262
768012249.084785,2.255451
768012251.145926,1.9995910000000001
768012253.612551,2.418577
768012256.370965,2.707587
768012258.655014,2.2256329999999998
768012260.737705,2.0019270000000002
768012263.168636,2.369303
768012265.811571,2.584795
768012268.412027,2.539299
768012270.475954,2.0023530000000003
768012272.449029,1.914373
768012274.7056609,2.195313
768012277.022065,2.26322
768012279.066028,1.982545
768012280.979852,1.860883
768012283.290578,2.24911
768012285.4378791,2.0944119999999997
768012287.3650329,1.8685209999999999
768012289.38433,1.960987
768012291.268483,1.8226200000000001
768012293.620912,2.2939979999999998
768012296.2565249,2.57399
768012298.3988991,2.0808459999999998
768012300.844398,2.386239
768012303.068206,2.173202
768012305.394433,2.277905
768012307.716395,2.25372
768012310.20014,2.435439
768012312.3278099,2.068994
768012314.858163,2.468434
768012317.0712769,2.154277
768012319.069887,1.9368
768012321.279833,2.1507940000000003
768012323.442926,2.101309
768012325.690534,2.188858
768012327.811485,2.065679
768012329.770728,1.906139
768012331.556617,1.72397
768012333.465984,1.839301
768012335.236768,1.710016
768012336.937153,1.6497320000000002
768012338.476062,1.487915
768012340.239073,1.714481
768012341.98331,1.682874
768012343.7218541,1.6797170000000001
768012345.436949,1.656629
768012347.231191,1.725992
768012348.949978,1.6706349999999999
768012350.705681,1.705458
768012352.36736,1.613482
768012354.104238,1.6626239999999999
768012356.034008,1.881257
768012357.815609,1.72982
768012359.495654,1.6314389999999999
768012361.2248379,1.680703
768012362.8454521,1.559166
768012364.528281,1.624857
768012366.08842,1.5163170000000001
768012367.929798,1.770141
768012369.734648,1.7366350000000002
768012372.3084159,2.51818
768012374.528707,2.147232
768012376.692825,2.105618
768012378.996504,2.248266
768012381.057452,2.008013
768012383.386612,2.2677460000000003
768012385.510756,2.065549
768012388.0878811,2.5214640000000004
768012390.481866,2.324192
768012392.274777,1.734705
768012394.103145,1.765993
768012396.2388641,2.076797
768012398.049877,1.749474
768012400.228881,2.128066
768012402.180993,1.8904530000000002
768012404.298303,2.066763
768012406.189438,1.824336
768012408.22511,1.9769860000000001
768012409.93158,1.6548660000000002
768012411.732964,1.7589400000000002
768012413.623221,1.841073
768012415.471212,1.786387
768012417.6062919,2.082198
768012419.275785,1.608245
768012421.121078,1.7867110000000002
768012422.833566,1.6502789999999998
768012424.656351,1.763663
768012426.330646,1.6123509999999999
768012428.0799,1.690658
768012429.9043541,1.7595560000000001
768012431.686815,1.723689
768012433.392878,1.647405
768012435.122302,1.682825
768012436.792524,1.625644
768012438.5469221,1.698712
768012440.3600351,1.760083
768012442.1065271,1.6850289999999999
768012443.937912,1.7723280000000001
768012445.9383111,1.941311
768012447.751348,1.751359
768012449.6351119,1.835411
768012451.354304,1.6680650000000001
768012453.152603,1.740266
768012454.933535,1.729307
768012456.596007,1.603839
768012458.312643,1.666451
768012459.861628,1.500773
768012461.6694571,1.759392
768012463.614648,1.8935250000000001
768012465.522632,1.849507
768012467.601749,2.017324
768012469.556201,1.8958709999999999
768012471.512176,1.8940160000000001
768012473.621384,2.050605
768012475.5497849,1.86608
768012477.6281899,2.019558
768012479.60659,1.91659
768012481.8196421,2.164849
768012484.075791,2.181591
768012486.696329,2.558664
768012489.4587951,2.703766
768012491.960965,2.4456399999999996
768012494.110837,2.066693
768012496.9673339,2.797615
768012499.41473,2.385692
768012501.51432,2.040773
768012503.93801,2.36549
768012506.273565,2.276993
768012508.587443,2.2518640000000003
768012510.842139,2.1930169999999998
768012513.668622,2.767555
768012515.794674,2.064603
768012518.2460179,2.392617
768012520.892812,2.588468
768012523.258657,2.30389
768012525.670143,2.352473
768012528.067436,2.334287
768012530.1872079,2.057496
768012532.788638,2.542373
768012535.4389989,2.594868
768012537.949295,2.457592
768012540.1170529,2.10626
768012542.077399,1.885964
768012544.176056,2.046366
768012546.383107,2.145366
768012548.5962709,2.1543930000000002
768012550.764781,2.106757
768012553.41578,2.586875
768012555.874095,2.3968969999999996
768012558.0421901,2.109087
768012560.363325,2.2597479999999996
768012562.484831,2.059932
768012564.6590201,2.115146
768012566.742803,2.021628
768012568.787595,1.9860659999999999
768012570.9491041,2.099605
768012573.2645719,2.257021
768012575.59515,2.268228
768012577.376651,1.7228350000000001
768012579.084296,1.651741
768012581.0545061,1.91171
768012582.793048,1.660525
768012584.759523,1.908064
768012586.6005759,1.7642879999999999
768012588.369266,1.696675
768012590.0646479,1.6445889999999999
768012591.890059,1.766579
768012593.716042,1.767657
768012595.417182,1.6392710000000001
768012597.219736,1.7545499999999998
768012598.9118971,1.641459
768012600.66791,1.7078410000000002
768012602.4074761,1.683992
768012604.232389,1.772197
768012605.887143,1.5931000000000002
768012607.649943,1.693767
768012609.436229,1.727686
768012611.1086589,1.617149
768012612.906991,1.749967
768012614.565913,1.608484
768012616.287436,1.673343
768012617.997871,1.659734
768012619.6552391,1.609124
768012621.913974,2.210347
768012624.158646,2.182387
768012626.4260299,2.206133
768012628.37901,1.899944
768012630.902783,2.450226
768012633.201707,2.240177
768012635.4967949,2.233259
768012638.109056,2.559308
768012640.220809,2.050125
768012642.487773,2.205391
768012644.831236,2.284666
768012647.002849,2.1101940000000003
768012649.25115,2.1897349999999998
768012651.058019,1.744799
768012652.741109,1.624136
768012654.769422,1.972325
768012657.104274,2.276357
768012659.424857,2.265266
768012661.610801,2.133346
768012663.970341,2.304094
768012666.373136,2.327008
768012668.614436,2.1796860000000002
768012670.768628,2.0923629999999998
768012673.1149131,2.287632
768012675.297751,2.121401
768012677.114267,1.757909
768012679.29471,2.1187799999999997
768012680.976772,1.623747
768012682.7547879,1.716798
768012684.60403,1.790821
768012686.4429331,1.77749
768012688.3171179,1.815639
768012690.514837,2.136026
768012692.1630621,1.603704
768012693.839464,1.6287369999999999
768012695.66448,1.7663200000000001
768012697.356665,1.647749
768012699.5911089,2.187856
768012701.98396,2.3414989999999998
768012703.994454,1.954875
768012705.902294,1.8206120000000001
768012707.957218,2.001781
768012710.0498891,2.011451
768012712.11426,2.008851
768012713.8976879,1.721835
768012715.518423,1.561577
768012717.56762,1.990425
768012719.3174,1.677735
768012721.2249479,1.854868
768012723.370219,2.083838
768012725.183352,1.7603309999999999
768012727.404876,2.160031
768012729.36225,1.8982059999999998
768012731.290173,1.866486
768012733.0915151,1.752975
768012735.3596319,2.2062779999999997
768012737.216972,1.798648
768012739.207973,1.935708
768012741.310708,2.049531
768012743.205209,1.8390469999999999
768012744.978484,1.714915
768012747.6111871,2.577298
768012749.861404,2.197213
768012751.9900179,2.073081
768012754.186784,2.11062
768012756.058941,1.8132650000000001
768012757.900147,1.785628
768012759.594419,1.635648
768012761.379974,1.7329279999999998
768012763.290019,1.854159
768012765.202744,1.859557
768012767.028888,1.774838
768012768.88877,1.811137
768012770.746381,1.795862
768012772.7997079,1.9854680000000002
768012774.551468,1.7010779999999999
768012776.930073,2.319632
768012779.1029481,2.105451
768012781.005785,1.843874
768012783.50062,2.4325710000000003
768012785.65599,2.096507
768012788.205302,2.4874430000000003
768012790.695616,2.428932
768012793.5859181,2.831178
768012796.053389,2.405056
768012798.40903,2.292719
768012800.349921,1.8824239999999999
768012802.180031,1.768235
768012804.2958909,2.062821
768012806.1737299,1.815954
768012808.167372,1.9354850000000001
768012810.226447,2.003843
768012812.790458,2.510907
768012815.3213739,2.475394
768012817.262279,1.882409
768012819.181413,1.843718
768012821.033722,1.793562
768012823.153218,2.057446
768012825.5545911,2.342135
768012828.263916,2.647917
768012830.533276,2.210543
768012833.249171,2.64439
768012835.602918,2.279413
768012838.391163,2.716722
768012840.827663,2.377216
768012843.500312,2.603814
768012846.040027,2.4805669999999997
768012848.7800031,2.6773759999999998
768012851.426542,2.5851849999999996
768012854.528521,3.043594
768012857.1828829,2.5921410000000003
768012859.874596,2.6298440000000003
768012862.7357501,2.802217
768012865.373628,2.579798
768012868.157126,2.721448
768012870.9108341,2.676609
768012873.59702,2.627159
768012876.236276,2.577944
768012878.875032,2.580069
768012881.567693,2.633313
768012884.611341,2.981854
768012887.369986,2.700184
768012890.164389,2.7351150000000004
768012893.025893,2.799961
768012895.835141,2.747654
768012898.790684,2.896887
768012901.488472,2.638751
768012903.8793501,2.328393
768012906.1100501,2.171738
768012908.3278451,2.155706
768012910.679647,2.2894669999999997
768012912.762047,2.024064
768012914.802324,1.9786629999999998
768012917.08238,2.221369
768012919.195491,2.0271909999999997
768012921.7136099,2.459463
768012924.051225,2.27591
768012925.979495,1.866131
768012928.320063,2.296436
768012930.410206,2.043574
768012932.294282,1.839416
768012934.990076,2.634632
768012936.925299,1.8909960000000001
768012939.118577,2.138065
768012941.0475479,1.8761590000000001
768012942.762939,1.644416
768012944.2822809,1.466928
768012946.1586859,1.8211
768012948.177272,1.946072
768012949.824627,1.594908
768012951.667732,1.794474
768012953.519615,1.79257
768012955.34874,1.767542
768012957.530729,2.123548
768012959.4777759,1.896527
768012961.4497341,1.898274
768012963.280041,1.7685890000000002
768012965.049838,1.710905
768012966.769565,1.6580080000000001
768012968.727067,1.904471
768012970.729115,1.9434310000000001
768012972.583558,1.7957470000000002
768012974.746175,2.100482
768012976.803333,1.998296
768012979.276801,2.422123
768012981.438797,2.103211
768012983.4844409,1.994732
768012985.6803199,2.137093
768012988.190506,2.448413
768012990.585649,2.333625
768012993.1418229,2.497597
768012995.312418,2.1093879999999996
768012998.4505169,3.079512
768013001.259524,2.7500340000000003
768013003.8893831,2.567655
768013005.8892009,1.941081
768013007.8651531,1.913842
768013009.737503,1.813524
768013011.430817,1.632162
768013014.0009019,2.511519
768013015.835992,1.773908
768013017.971835,2.083105
768013020.2070409,2.161187
768013022.01433,1.745701
768013023.543652,1.471031
768013024.948037,1.345854
768013026.755868,1.752426
768013028.526972,1.7184679999999999
768013030.74369,2.155681
768013032.3460871,1.54363
768013033.86527,1.456928
768013035.405161,1.481054
768013037.035246,1.571673
768013038.832761,1.7507810000000001
768013040.638816,1.762362
768013042.157909,1.475026
768013043.891196,1.674851
768013045.566242,1.614911
768013047.202708,1.574848
768013049.3578631,2.096577
768013051.480671,2.061842
768013053.701067,2.1611130000000003
768013055.4436411,1.68072
768013057.251361,1.7494800000000001
768013059.228049,1.917886
768013060.990745,1.704379
768013062.6654251,1.613092
768013064.33593,1.611473
768013065.967405,1.5698159999999999
768013067.652554,1.626904
768013069.1951771,1.484197
768013070.8237951,1.566534
768013072.700626,1.81822
768013074.532307,1.769968
768013076.3039579,1.71302
768013078.304256,1.939316
768013080.271533,1.90859
768013082.2043691,1.8711680000000002
768013084.0738931,1.8107570000000002
768013085.998626,1.862994
768013088.024273,1.9668960000000002
768013089.9510759,1.861646
768013091.62732,1.6174819999999999
768013093.6847659,1.999036
768013095.671939,1.925178
768013097.447795,1.695273
768013099.3820851,1.872797
768013101.5555971,2.115086
768013103.4655099,1.848525
768013105.304574,1.780157
768013107.143461,1.777279
768013109.009312,1.807284
768013110.752206,1.680504
768013112.885394,2.075038
768013114.66152,1.71763
768013116.783357,2.06309
768013118.535272,1.690126
768013120.539114,1.944895
768013122.632213,2.031386
768013124.368216,1.677872
768013126.370535,1.940415
768013128.194262,1.7654420000000002
768013130.1249081,1.868792
768013132.083655,1.899935
768013133.983379,1.8380200000000002
768013136.165065,2.123265
768013138.327662,2.100883
768013140.3588021,1.9725939999999997
768013142.405439,1.9843220000000001
768013144.198055,1.73468
768013146.133427,1.8742050000000001
768013147.833662,1.641678
768013149.625003,1.732921
768013151.522052,1.835349
768013153.2486581,1.668134
768013155.203776,1.8927429999999998
768013157.23446,1.971722
768013159.288108,1.9925410000000001
768013161.165049,1.818234
768013163.420246,2.196555
768013165.436457,1.9577449999999998
768013167.246477,1.748577
768013169.21207,1.907467
768013171.186012,1.912183
768013173.146478,1.901243
768013174.983046,1.7750000000000001
768013176.9799219,1.938485
768013178.941776,1.9002109999999999
768013180.6919069,1.691689
768013182.431578,1.68119
768013184.388606,1.898482
768013186.701412,2.251599
768013189.014133,2.253869
768013191.286631,2.211265
768013193.562436,2.216552
768013195.769797,2.145006
768013197.697426,1.868978
768013199.8011099,2.045303
768013202.052825,2.193072
768013204.064981,1.948799
768013206.0384771,1.9111259999999999
768013207.993966,1.896848
768013210.1602811,2.077734
768013212.256468,2.037881
768013214.162126,1.843714
768013216.3633779,2.142169
768013218.621688,2.1964900000000003
768013220.57831,1.898312
768013222.29373,1.6533710000000001
768013224.04991,1.6979
768013225.7833719,1.646635
768013227.916781,2.074847
768013230.1643801,2.189229
768013232.366298,2.1395630000000003
768013234.365514,1.9366649999999999
768013236.760687,2.336536
768013238.823286,2.000755
768013240.856657,1.9750739999999998
768013242.877122,1.9581910000000002
768013245.100701,2.1653179999999996
768013247.8699551,2.7077970000000002
768013250.333147,2.404675
768013252.850474,2.4587709999999996
768013255.209078,2.297181
768013257.4007931,2.1332579999999997
768013259.4060179,1.943621
768013261.5752399,2.11057
768013263.733656,2.096538
768013266.129717,2.337308
768013267.9709901,1.782315
768013270.054763,2.001055
768013272.350058,2.233762
768013274.310529,1.8983610000000002
768013276.6106759,2.2413200000000004
768013278.397332,1.724657
768013280.7369909,2.281177
768013282.6729839,1.873889
768013284.753931,2.022345
768013286.773028,1.956411
768013288.9211559,2.089446
768013290.8303319,1.847162
768013292.799178,1.9101380000000001
768013294.7668251,1.906044
768013296.892811,2.0668990000000003
768013299.1683769,2.213946
768013301.314655,2.087031
768013303.5132611,2.1365659999999997
768013305.4775,1.9056929999999999
768013307.6670699,2.128257
768013310.1055291,2.3798019999999998
768013312.316819,2.14909
768013314.3203499,1.945009
768013316.217373,1.838788
768013318.501693,2.222937
768013320.59395,2.033375
768013322.737352,2.082164
768013324.744051,1.929102
768013326.992888,2.1869379999999996
768013328.983624,1.932115
768013331.217858,2.1726750000000004
768013333.105033,1.8285790000000002
768013335.466678,2.2992350000000004
768013337.78607,2.260975
768013340.033479,2.185671
768013342.244594,2.149928
768013344.2044439,1.900602
768013346.319154,2.052731
768013348.381191,2.004288
768013350.365918,1.923349
768013352.2537,1.829812
768013354.3875849,2.0715339999999998
768013356.767237,2.3218769999999997
768013358.7815031,1.952762
768013360.811641,1.972138
768013362.729222,1.855812
768013364.545913,1.75848
768013366.5713099,1.9642739999999999
768013368.530332,1.9005210000000001
768013370.539767,1.947396
768013372.7446121,2.1462730000000003
768013374.901991,2.0959920000000003
768013377.152372,2.1919750000000002
768013379.324436,2.109728
768013381.0519791,1.669373
768013382.958915,1.848445
768013384.684148,1.666371
768013386.5120599,1.766314
768013388.464472,1.8946379999999998
768013390.388353,1.850409
768013392.3436561,1.896873
768013394.415667,2.009926
768013396.298612,1.8245239999999998
768013398.120846,1.760831
768013399.8505441,1.671297
768013401.56842,1.659465
768013403.352405,1.722462
768013405.159223,1.747871
768013407.389272,2.1686460000000003
768013409.3970131,1.948814
768013411.372198,1.913932
768013413.6321869,2.200946
768013415.778946,2.085447
768013418.048757,2.211064
768013419.7821441,1.674269
768013421.507177,1.666547
768013423.379908,1.80963
768013425.151379,1.712108
768013427.1254511,1.912263
768013428.918252,1.734013
768013430.667049,1.686653
768013432.825311,2.099064
768013434.8108449,1.923996
768013436.565456,1.695338
768013438.393754,1.7661280000000001
768013440.486959,2.034844
768013442.5485251,1.998685
768013444.561819,1.954833
768013446.644986,2.021864
768013448.553742,1.85042
768013450.353804,1.7385490000000001
768013452.199052,1.786625
768013454.236582,1.975676
768013456.1627879,1.868136
768013458.079146,1.853412
768013460.03456,1.8966619999999998
768013462.281242,2.1833299999999998
768013464.251381,1.91093
768013466.204589,1.889876
768013467.965455,1.7019540000000002
768013469.763443,1.716734
768013471.800903,1.9758319999999998
768013473.587043,1.726911
768013475.377287,1.7288519999999998
768013477.19287,1.757277
768013479.550877,2.2966140000000004
768013481.487477,1.878495
768013483.7501271,2.200721
768013485.7104831,1.902281
768013487.676512,1.9074529999999998
768013489.577054,1.841108
768013491.41092,1.771456
768013493.7043711,2.234178
768013495.6319901,1.869203
768013498.091549,2.4009959999999997
768013500.414714,2.2607399999999997
768013502.758984,2.285517
768013505.185926,2.368331
768013507.591839,2.34431
768013509.933823,2.283117
768013511.992237,1.9999079999999998
768013513.987569,1.908154
768013515.918431,1.87211
768013517.6753429,1.698149
768013519.827239,2.088318
768013521.996802,2.110811
768013524.246642,2.186206
768013526.1752181,1.867259
768013528.235121,2.0013959999999997
768013530.499905,2.203437
768013532.656217,2.097285
768013534.569247,1.85045
768013536.861791,2.234338
768013538.771148,1.846651
768013540.823383,1.9938730000000002
768013542.701456,1.8161690000000001
768013544.9172721,2.1576
768013546.8050029,1.802443
768013548.889378,2.005365
768013550.874546,1.923049
768013552.619655,1.686809
768013554.487435,1.80561
768013556.450928,1.904576
768013558.310554,1.7978020000000001
768013560.273906,1.905122
768013562.085986,1.750181
768013563.9028829,1.758686
768013565.944478,1.983094
768013567.9860281,1.9802270000000002
768013569.957815,1.88737
768013572.0266889,2.007229
768013574.156454,2.064423
768013576.2442861,2.029442
768013578.0225171,1.715906
768013580.272177,2.191278
768013582.195386,1.86132
768013583.999217,1.744342
768013585.8382341,1.752336
768013587.615499,1.718206
768013589.643913,1.969892
768013591.5803571,1.874355
768013593.535641,1.896552
768013595.3899499,1.792093
768013597.6215371,2.173187
768013599.579853,1.899473
768013601.425516,1.7871569999999999
768013603.4557899,1.9679889999999998
768013605.659192,2.1445499999999997
768013607.840622,2.118784
768013609.9215239,2.0223099999999996
768013611.725931,1.745906
768013613.550585,1.7661980000000002
768013615.711142,2.0982819999999998
768013617.552866,1.782892
768013619.5840069,1.968756
768013622.010879,2.368682
768013624.265334,2.192196
768013626.0909511,1.767296
768013628.167733,2.01834
768013630.425496,2.195658
768013632.722771,2.238614
768013634.640267,1.855421
768013636.671893,1.973411
768013638.4705321,1.736835
768013640.709311,2.180448
768013642.689342,1.918117
768013644.7305659,1.9826879999999998
768013646.8755721,2.0827910000000003
768013649.134874,2.20038
768013651.034433,1.83794
768013653.081666,1.9887720000000002
768013655.3591651,2.21567
768013657.6033319,2.185289
768013659.511721,1.847177
768013661.450186,1.880109
768013663.759704,2.2476190000000003
768013665.560599,1.742478
768013667.416696,1.797636
768013669.2811229,1.80582
768013671.067834,1.724907
768013673.216664,2.0902279999999998
768013675.364666,2.0861780000000003
768013677.642897,2.21975
768013679.819276,2.114044
768013682.029654,2.151856
768013684.248341,2.159535
768013686.537949,2.228219
768013688.341304,1.745015
768013690.3322661,1.929399
768013692.423321,2.0322579999999997
768013694.45189,1.964395
768013696.6842489,2.173793
768013698.8593451,2.113462
768013701.048282,2.130727
768013703.4257289,2.316199
768013705.614973,2.131053
768013707.893895,2.2168330000000003
768013709.921097,1.967712
768013712.0336211,2.054149
768013713.986119,1.888843
768013716.283404,2.2388489999999996
768013718.022058,1.67676
768013719.743302,1.6627619999999999
768013721.5851461,1.783428
768013723.5963451,1.9495300000000002
768013725.460862,1.805475
768013727.450281,1.9277549999999999
768013729.774956,2.266032
768013731.766384,1.933178
768013733.581862,1.756962
768013735.496687,1.853446
768013737.6140031,2.057311
768013739.586907,1.911055
768013741.595666,1.950844
768013743.498873,1.83979
768013745.49867,1.941401
768013748.253186,2.693001
768013750.6868579,2.371137
768013753.0422089,2.29716
768013754.9824771,1.87888
768013757.326847,2.286009
768013759.296174,1.907673
768013761.3115621,1.957093
768013763.387517,2.014647
768013765.476803,2.030274
768013767.504661,1.966565
768013769.458416,1.8951040000000001
768013771.737649,2.216778
768013773.729413,1.914318
768013776.190985,2.40235
768013778.066483,1.812757
768013780.125258,1.998986
768013782.051329,1.8633499999999998
768013784.2486961,2.138661
768013786.3522999,2.041755
768013788.508522,2.0976760000000003
768013790.7785641,2.208514
768013793.011911,2.1743740000000003
768013794.879255,1.805806
768013797.118139,2.180523
768013799.118984,1.93856
768013801.055434,1.877523
768013803.1031029,1.989228
768013805.371065,2.20947
768013807.611147,2.178709
768013809.7984661,2.128346
768013811.9966401,2.136055
768013814.230117,2.148498
768013816.519719,2.231232
768013818.4523051,1.8699599999999998
768013820.506835,1.995823
768013822.603693,2.03518
768013824.366569,1.704309
768013826.657073,2.22836
768013828.713557,1.998284
768013830.6206291,1.8459489999999998
768013832.657583,1.979115
768013834.5093651,1.79053
768013836.544495,1.976238
768013838.686178,2.079739
768013840.591571,1.846791
768013842.6211131,1.967793
768013844.863054,2.182383
768013846.735475,1.80993
768013848.997273,2.202785
768013851.291957,2.232851
768013853.25981,1.909427
768013855.149315,1.8278070000000002
768013857.394674,2.186697
768013859.371568,1.915521
768013861.231911,1.802047
768013863.353602,2.060088
768013865.376909,1.9640339999999998
768013867.496295,2.034052
768013869.5873799,2.0324079999999998
768013872.184459,2.535199
768013874.54671,2.303991
768013876.563347,1.958056
768013878.586795,1.961964
768013880.8453001,2.20016
768013882.826404,1.91941
768013884.587661,1.702626
768013886.523544,1.875062
768013888.6685599,2.086344
768013890.86501,2.133749
768013892.824494,1.900987
768013894.9217279,2.0354959999999997
768013896.893655,1.9122679999999999
768013899.20802,2.251879
768013901.12079,1.854449
768013903.186265,2.0034110000000003
768013905.4500281,2.205135
768013907.764508,2.252882
768013909.9758481,2.15301
768013912.274616,2.240453
768013914.410621,2.074281
768013916.9142171,2.4452
768013919.0439119,2.0679309999999997
768013921.068453,1.96618
768013922.891173,1.760845
768013925.075881,2.126627
768013927.118297,1.9802270000000002
768013929.454187,2.277093
768013931.769139,2.2538039999999997
768013934.073886,2.245329
768013935.978667,1.846786
768013938.0486281,1.984637
768013940.276777,2.1667259999999997
768013942.601707,2.263016
768013944.766804,2.1065609999999997
768013947.091343,2.262028
768013949.482557,2.332377
768013951.4843891,1.940144
768013953.493328,1.950763
768013955.437701,1.882935
768013957.593276,2.096588
768013959.739469,2.087662
768013961.711076,1.91284
768013963.748747,1.9759660000000001
768013965.969695,2.162341
768013968.172585,2.141192
768013970.383299,2.1487849999999997
768013972.4330679,1.9916780000000003
768013974.354828,1.860458
768013976.4696289,2.056454
768013978.350088,1.81847
768013980.206416,1.797757
768013982.543319,2.274261
768013984.555971,1.9543770000000003
768013986.578887,1.9616439999999997
768013988.5671179,1.929613
768013990.600323,1.9711809999999998
768013992.800362,2.141322
768013994.922088,2.0597820000000002
768013997.840439,2.859234
768014000.2988801,2.396717
768014002.634053,2.273449
768014004.355608,1.6634390000000001
768014006.5597669,2.1425
768014008.7684561,2.131374
768014010.9942499,2.16447
768014012.9546349,1.901092
768014015.1968571,2.180969
768014017.451719,2.1964699999999997
768014019.539165,2.025312
768014021.34022,1.742763
768014023.665771,2.261166
768014025.6104599,1.885832
768014027.7116979,2.0390040000000003
768014029.709962,1.940189
768014031.766552,1.995246
768014034.102141,2.277469
768014036.11538,1.951565
768014038.218523,2.0419259999999997
768014040.107928,1.83125
768014042.30706,2.135754
768014044.1773759,1.811955
768014046.2708219,2.031401
768014048.333927,2.004665
768014050.286554,1.890728
768014052.177829,1.832859
768014053.970153,1.7305350000000002
768014056.266641,2.237917
768014058.178454,1.850365
768014060.189628,1.952763
768014062.085929,1.834422
768014064.0743301,1.930181
768014066.218498,2.0814470000000003
768014068.4561551,2.179421
768014070.64198,2.123746
768014072.818554,2.117617
768014074.975794,2.09553
768014077.124713,2.0913
768014079.170869,1.984141
768014081.236805,2.007526
768014083.424315,2.125511
768014085.681713,2.198476
768014087.750165,2.006157
768014089.6568611,1.846936
768014091.488857,1.773811
768014093.325219,1.7782069999999999
768014095.575094,2.186737
768014097.862571,2.229507
768014099.751305,1.826219
768014101.7490569,1.938785
768014104.0246719,2.213816
768014105.8808149,1.790991
768014107.775472,1.8365070000000001
768014110.100036,2.266148
768014112.293941,2.131243
768014114.350229,1.9943640000000002
768014116.336205,1.928045
768014118.2176759,1.819803
768014120.1485779,1.871794
768014122.9732319,2.762484
768014125.679986,2.648568
768014128.230982,2.489453
768014130.802973,2.51381
768014133.242154,2.380119
768014135.5675299,2.26317
768014137.87131,2.245234
768014139.956912,2.023332
768014141.9470971,1.907733
768014144.251188,2.245655
768014146.3446541,2.032604
768014148.406105,2.002979
768014150.208357,1.740945
768014151.911844,1.644294
768014153.7142769,1.743496
768014155.403952,1.628042
768014157.5766721,2.1142890000000003
768014159.802165,2.163524
768014162.012353,2.1519809999999997
768014164.092512,2.0219840000000002
768014165.865727,1.71086
768014167.7951549,1.8710630000000001
768014169.591128,1.737918
768014171.9253839,2.272778
768014174.155353,2.171482
768014176.417907,2.200951
768014178.1794441,1.699849
768014180.1585389,1.919711
768014181.891845,1.671944
768014183.722273,1.771816
768014185.946774,2.1662500000000002
768014187.918982,1.910069
768014190.099144,2.121531
768014192.396119,2.235482
768014194.368287,1.910089
768014196.470703,2.020781
768014198.468426,1.935643
768014200.583186,2.055923
768014202.7077899,2.062965
768014204.671548,1.9050969999999998
768014206.98672,2.253208
768014209.15054,2.105493
768014211.363759,2.1514860000000002
768014213.338272,1.9153499999999999
768014215.376229,1.9766179999999998
768014217.2019409,1.7666089999999999
768014218.975672,1.715114
768014220.6878439,1.653732
768014222.776749,2.0259489999999998
768014224.385846,1.549463
768014226.270215,1.822039
768014228.35716,2.0289449999999998
768014230.242406,1.823612
768014232.501507,2.2007250000000003
768014234.162786,1.5997109999999999
768014236.070644,1.849402
768014238.107313,1.9513740000000002
768014240.210937,2.0450880000000002
768014241.919095,1.646861
768014243.656111,1.677918
768014245.390921,1.676619
768014247.474464,2.02223
768014249.115526,1.582446
768014250.7513549,1.574401
768014252.685405,1.8757789999999999
768014254.303538,1.556174
768014256.4875951,2.12519
768014258.56399,2.014466
768014260.2991871,1.676098
768014261.983835,1.622584
768014263.7455181,1.703267
768014265.9561111,2.152328
768014268.184837,2.1675980000000004
768014270.351763,2.103965
768014272.619555,2.208825
768014274.563758,1.882764
768014276.484366,1.862166
768014278.237313,1.690918
768014279.8858119,1.590369
768014281.887069,1.942409
768014284.053224,2.1044620000000003
768014286.211706,2.0960319999999997
768014288.111149,1.840266
768014289.806413,1.631915
768014292.071312,2.206398
768014293.840062,1.706654
768014295.663558,1.765261
768014297.6385529,1.916664
768014300.051623,2.351321
768014302.256528,2.136626
768014304.172014,1.857577
768014306.284955,2.051744
768014308.4688311,2.125435
768014310.140509,1.6093730000000002
768014312.139164,1.9395580000000001
768014313.969161,1.768734
768014316.041652,2.013409
768014317.8061371,1.701909
768014319.571033,1.706701
768014321.421498,1.7920639999999999
768014323.168391,1.685756
768014325.1668999,1.939311
768014327.1078709,1.879487
768014328.837694,1.671137
768014330.877881,1.9808590000000001
768014333.0745571,2.138386
768014335.242902,2.1068520000000004
768014337.211286,1.9088910000000001
768014339.466403,2.192456
768014341.7391009,2.214222
768014343.876885,2.075799
768014345.837245,1.9014579999999999
768014347.737531,1.841078
768014349.798756,2.002774
768014351.7714751,1.909978
768014354.011708,2.180974
768014356.271521,2.19859
768014358.293259,1.9596689999999999
768014360.258666,1.90656
768014362.031791,1.711632
768014363.967233,1.876716
768014366.202584,2.149476
768014368.18855,1.9229880000000001
768014369.948614,1.69798
768014372.6632471,2.6554949999999997
768014375.056435,2.331309
768014377.401607,2.286836
768014379.769186,2.305856
768014382.167587,2.3396179999999998
768014384.188704,1.9598440000000001
768014386.0499281,1.7994560000000002
768014388.100253,1.9916729999999998
768014390.055086,1.892312
768014391.876067,1.761533
768014394.1338049,2.198175
768014396.157102,1.9615330000000002
768014398.152219,1.933939
768014400.304671,2.093841
768014402.5592021,2.192652
768014404.43462,1.81596
768014406.472235,1.975611
768014408.195909,1.664687
768014410.350388,2.092438
768014412.535497,2.126729
768014414.771915,2.174359
768014417.042178,2.2118860000000002
768014419.1794751,2.075423
768014421.174481,1.9365700000000001
768014423.233271,1.996805
768014425.334054,2.041901
768014427.1976839,1.805089
768014429.053286,1.7965039999999999
768014431.316672,2.200831
768014433.557059,2.182047
768014435.75591,2.13644
768014438.156962,2.34252
768014439.880586,1.6619650000000001
768014441.6078141,1.668847
768014443.474156,1.8050989999999998
768014445.7951261,2.262535
768014448.113721,2.256571
768014450.27286,2.0964579999999997
768014452.039675,1.708139
768014454.267919,2.164611
768014456.123285,1.796604
768014457.797981,1.612435
768014459.703438,1.8278969999999999
768014461.550119,1.714673
768014463.646837,2.034824
768014465.8399299,2.134776
768014467.795935,1.894422
768014470.0840739,2.2299339999999996
768014472.120286,1.9776759999999998
768014473.966315,1.783774
768014475.859695,1.8346879999999999
768014478.099506,2.180664
768014480.092688,1.931358
768014481.964352,1.809539
768014484.134471,2.111412
768014486.292572,2.096648
768014488.213326,1.861871
768014490.395162,2.118955
768014492.326872,1.873253
768014494.385882,1.996771
768014496.687136,2.242001
768014499.1059389,2.355551
768014501.481181,2.316751
768014503.646484,2.1030480000000003
768014505.803362,2.098422
768014507.972679,2.107688
768014510.1944239,2.137688
768014512.480723,2.2041880000000003
768014514.419574,1.8765310000000002
768014516.151708,1.673678
768014518.432094,2.219258
768014520.357874,1.867073
768014522.094072,1.673047
768014524.148041,1.995452
768014526.315584,2.105674
768014528.535499,2.161278
768014530.735302,2.1380000000000003
768014532.835529,2.041901
768014535.310257,2.411867
768014537.411015,2.041685
768014539.3906701,1.9175049999999998
768014541.176399,1.726476
768014543.561484,2.327756
768014545.134773,1.515485
768014546.797761,1.60165
768014548.496191,1.639378
768014550.175989,1.617537
768014552.057952,1.823912
768014554.291157,2.170996
768014556.185895,1.835605
768014558.1439351,1.896301
768014560.266799,2.064032
768014562.5341201,2.205446
768014564.7895219,2.19651
768014566.776174,1.925174
768014568.826905,1.9924199999999999
768014570.762985,1.872782
768014572.475488,1.6545889999999999
768014574.6455569,2.1080389999999998
768014576.532572,1.827782
768014578.4241921,1.8297910000000002
768014580.64958,2.167423
768014582.809601,2.098056
768014585.0825839,2.214963
768014587.1067979,1.963117
768014589.167999,2.00302
768014591.187778,1.958482
768014593.234755,1.988436
768014595.414932,2.118489
768014597.1674241,1.694301
768014599.041323,1.815112
768014600.764436,1.664041
768014602.8445749,2.018666
768014604.635802,1.732274
768014606.995167,2.297366
768014609.210436,2.156753
768014611.488292,2.215861
768014613.418457,1.87181
768014615.062005,1.5817839999999999
768014616.813153,1.692156
768014618.716927,1.844722
768014620.680996,1.9051420000000001
768014622.96915,2.2258489999999997
768014624.93124,1.903473
768014626.863399,1.8702759999999998
768014629.086136,2.163644
768014631.326418,2.178879
768014633.4210119,2.036277
768014635.411728,1.9292129999999998
768014637.285296,1.8149570000000002
768014639.246103,1.899248
768014641.4344289,2.129369
768014643.603691,2.107198
768014645.8473971,2.184858
768014647.678772,1.769271
768014649.6501291,1.913011
768014651.553056,1.844581
768014653.534907,1.9234
768014655.253384,1.656914
768014657.408879,2.09735
768014659.367576,1.8973639999999998
768014661.572376,2.145546
768014663.7202729,2.086074
768014665.685831,1.9070859999999998
768014667.651599,1.90649
768014669.73243,2.0219690000000003
768014671.615806,1.821853
768014673.451326,1.776017
768014675.6038591,2.090309
768014677.62895,1.9667959999999998
768014679.349372,1.658287
768014681.248605,1.840612
768014683.068403,1.75813
768014685.282284,2.136481
768014687.077851,1.733778
768014689.306366,2.169784
768014691.272445,1.9051509999999998
768014693.078491,1.746999
768014694.83237,1.6925670000000002
768014696.830153,1.938289
768014698.5851051,1.696962
768014700.856771,2.213485
768014703.035159,2.116088
768014704.8020589,1.7076820000000001
768014706.538122,1.673828
768014708.61333,2.01615
768014710.38639,1.711937
768014712.149957,1.7050859999999999
768014714.077556,1.8657910000000002
768014716.43665,2.301084
768014718.350086,1.852053
768014720.112591,1.7034470000000002
768014722.012516,1.83774
768014723.936211,1.865214
768014725.882825,1.888018
768014727.899552,1.953961
768014729.909679,1.9517849999999999
768014732.055802,2.0833470000000003
768014733.999413,1.881848
768014735.971792,1.912785
768014737.830856,1.775374
768014739.97508,2.08234
768014742.216375,2.1594740000000003
768014744.42756,2.149571
768014746.5661399,2.077238
768014749.0934709,2.468765
768014751.500753,2.344871
768014754.1447101,2.585557
768014756.357769,2.154127
768014758.538237,2.11896
768014760.839577,2.242598
768014762.701263,1.7999820000000002
768014764.8499731,2.0905139999999998
768014767.088612,2.176965
768014769.145156,1.997562
768014771.127864,1.920131
768014773.19818,2.0107530000000002
768014774.987517,1.727252
768014776.749556,1.703568
768014778.8491911,2.041485
768014781.069542,2.161905
768014783.0850209,1.9532540000000003
768014785.2414329,2.098082
768014787.422452,2.119927
768014789.277628,1.796559
768014791.352691,2.014025
768014793.9520841,2.540742
768014796.266244,2.253017
768014798.476942,2.149421
768014800.568488,2.03328
768014802.669461,2.03952
768014804.915528,2.187444
768014807.137187,2.159189
768014809.3940431,2.1983699999999997
768014811.556344,2.101033
768014813.728102,2.113698
768014815.916439,2.1262469999999998
768014818.17117,2.196059
768014819.999889,1.766945
768014821.772652,1.686553
768014823.956859,2.121706
768014826.167006,2.129149
768014828.370804,2.14248
768014830.330839,1.8741240000000001
768014832.081962,1.692998
768014833.9995079,1.856433
768014835.888422,1.830768
768014837.737754,1.790986
768014839.9127641,2.1137230000000002
768014842.108403,2.137628
768014844.060935,1.889581
768014845.990549,1.867515
768014847.8168379,1.767718
768014850.113522,2.238689
768014852.498336,2.3232209999999998
768014854.664546,2.104457
768014856.7612491,2.0377609999999997
768014858.559371,1.7363330000000001
768014860.889403,2.2707640000000002
768014862.963423,2.011835
768014864.9168581,1.895178
768014867.182389,2.203968
768014869.44345,2.202629
768014872.075474,2.569519
768014874.70772,2.572801
768014877.291332,2.524855
768014879.8001039,2.446673
768014882.1557,2.2974050000000004
768014884.130114,1.915988
768014886.269923,2.078055
768014888.15135,1.822886
768014890.223721,2.010768
768014892.2069,1.924492
768014894.584918,2.316275
768014896.861801,2.2182310000000003
768014898.851379,1.9274889999999998
768014900.925044,2.015148
768014903.146081,2.1591679999999998
768014905.129225,1.924778
768014907.2493271,2.057502
768014909.374812,2.067144
768014911.389028,1.9559149999999998
768014913.620124,2.172735
768014915.639693,1.958376
768014917.382412,1.664892
768014919.396137,1.952318
768014921.8374779,2.38265
768014924.0665901,2.166711
768014926.261336,2.136225
768014928.41445,2.094733
768014930.640705,2.164416
768014932.7319549,2.032659
768014934.9929011,2.198871
768014937.051485,2.000354
768014938.988271,1.8753330000000001
768014941.09596,2.049428
768014943.031267,1.8738240000000002
768014945.1497711,2.060188
768014947.1188511,1.907688
768014949.558578,2.3810599999999997
768014951.616155,1.9962790000000001
768014953.522269,1.847227
768014955.306986,1.722843
768014957.572502,2.207366
768014959.810204,2.175201
768014962.0068791,2.1380589999999997
768014964.100455,2.034939
768014965.8705829,1.708134
768014968.0631449,2.133264
768014970.280203,2.1554450000000003
768014972.2335019,1.8946569999999998
768014974.335438,2.040296
768014976.565261,2.171767
768014978.720706,2.0933900000000003
768014980.557859,1.778176
768014982.2920381,1.6720540000000002
768014984.254137,1.9037629999999999
768014986.144074,1.828303
768014987.9461559,1.743586
768014990.203809,2.177176
768014992.0563179,1.7897779999999999
768014994.1836021,2.06527
768014996.740988,2.4981030000000004
768014998.761755,1.959273
768015000.6726451,1.852495
768015002.629602,1.894943
768015004.358699,1.6708809999999998
768015006.3752209,1.9548880000000002
768015008.545501,2.111538
768015010.820469,2.212618
768015013.0241259,2.144554
768015015.216903,2.131228
768015017.180035,1.904801
768015019.239201,1.995929
768015021.2873809,1.9897539999999998
768015023.4943659,2.144009
768015025.671281,2.1177919999999997
768015027.6790171,1.949485
768015029.711625,1.9741020000000002
768015032.114381,2.341353
768015034.0539731,1.877157
768015036.109465,1.9973109999999998
768015037.925159,1.753584
768015039.9580779,1.973776
768015042.03071,1.991002
768015043.8084661,1.716553
768015045.7686061,1.901554
768015047.757333,1.927384
768015049.6499561,1.8343019999999999
768015051.787975,2.075739
768015053.757186,1.91108
768015055.7830751,1.9630009999999998
768015057.673813,1.831631
768015059.5280709,1.792154
768015061.7302899,2.142941
768015063.62615,1.834527
768015065.776188,2.091842
768015067.972157,2.134286
768015070.1652191,2.108325
768015072.364356,2.1405
768015074.589879,2.163419
768015076.547503,1.8994739999999999
768015078.7327269,2.1235350000000004
768015080.6612991,1.870532
768015082.369612,1.646274
768015084.318637,1.8905580000000002
768015086.451239,2.0712099999999998
768015088.426705,1.916584
768015090.174576,1.6864569999999999
768015092.425713,2.192692
768015094.174782,1.6870699999999998
768015096.338802,2.105829
768015098.1535981,1.7526869999999999
768015100.1152021,1.903418
768015101.808375,1.630833
768015103.9960951,2.1288679999999998
768015105.737846,1.654082
768015107.928162,2.1320200000000002
768015110.0515981,2.064989
768015112.187507,2.074587
768015114.151075,1.902115
768015116.348873,2.139828
768015118.504579,2.0948339999999996
768015120.80213,2.2391799999999997
768015122.984668,2.121171
768015125.181114,2.1377639999999998
768015127.166743,1.923895
768015129.391825,2.166831
768015131.340875,1.890938
768015133.26243,1.862298
768015134.966544,1.6422539999999999
768015137.2472351,2.2217439999999997
768015139.15797,1.849302
768015140.960418,1.7442829999999998
768015142.994079,1.971797
768015144.849305,1.77138
768015146.769281,1.8576759999999999
768015148.872715,2.0445670000000002
768015150.663681,1.728516
768015152.685885,1.939517
768015154.7678139,2.020025
768015157.017138,2.1909669999999997
768015159.30886,2.230064
768015161.317804,1.9502320000000002
768015163.417865,2.0380920000000002
768015165.8230569,2.346586
768015167.872966,1.987754
768015169.892685,1.961684
768015171.723373,1.771896
768015173.905129,2.123034
768015175.686699,1.7190930000000002
768015177.6792539,1.9341199999999998
768015179.485305,1.742804
768015181.526173,1.9807280000000003
768015183.3390551,1.7506869999999999
768015185.428927,2.0308140000000003
768015187.255912,1.765156
768015189.299988,1.986336
768015191.158406,1.796494
768015193.0051919,1.78812
768015194.797646,1.731036
768015196.66073,1.804292
768015198.514352,1.79495
768015200.590197,2.017835
768015202.739352,2.0872759999999997
768015205.0064371,2.208609
768015206.949377,1.8808259999999999
768015208.800709,1.792891
768015210.7157049,1.856559
768015212.7046369,1.930441
768015214.3944279,1.62541
768015216.4621329,2.009244
768015218.391872,1.868206
768015220.4412299,1.9909670000000002
768015222.597908,2.094303
768015224.917966,2.2615719999999997
768015226.8604751,1.8806450000000001
768015228.828082,1.9090610000000001
768015230.98467,2.094598
768015232.7292781,1.6858360000000001
768015234.512341,1.720973
768015236.687762,2.116945
768015238.640961,1.8917059999999999
768015240.685021,1.98579
768015242.677281,1.930276
768015244.734196,1.9985990000000002
768015247.779629,2.983829
768015250.429761,2.591871
768015252.837493,2.345106
768015254.8184221,1.91902
768015256.754055,1.877172
768015258.737404,1.920959
768015260.812492,2.0163260000000003
768015263.194289,2.319747
768015265.189355,1.93632
768015267.1690451,1.9179519999999999
768015269.059137,1.831741
768015271.1749151,2.053894
768015273.275868,2.042597
768015275.3233759,1.9856539999999998
768015277.3304659,1.948618
768015279.178024,1.7855189999999999
768015281.408309,2.1719030000000004
768015283.64383,2.1741289999999998
768015285.7723019,2.070016
768015287.7539021,1.920608
768015289.815809,2.003251
768015292.0565721,2.180974
768015293.8228611,1.7045599999999999
768015295.824823,1.943551
768015297.981581,2.0961719999999997
768015300.253127,2.209029
768015302.242911,1.9234390000000001
768015304.148128,1.846852
768015306.33016,2.120333
768015308.306086,1.917546
768015310.093945,1.725799
768015312.159786,2.006528
768015313.932841,1.710839
768015315.93575,1.944053
768015318.001787,2.007285
768015320.2137029,2.150223
768015322.126298,1.85049
768015323.912899,1.726907
768015326.214875,2.24363
768015328.5829849,2.3063710000000004
768015330.729429,2.083758
768015333.0279119,2.23946
768015335.0190899,1.9288370000000001
768015337.1261721,2.0481700000000003
768015339.378933,2.190847
768015341.720687,2.283353
768015343.89687,2.1146849999999997
768015345.95119,1.9960429999999998
768015348.2722551,2.262504
768015350.6158429,2.281107
768015352.8306011,2.155279
768015354.611584,1.719029
768015356.58489,1.914404
768015358.683552,2.03756
768015360.6207241,1.879026
768015362.785591,2.1026170000000004
768015364.681788,1.83775
768015366.484651,1.740147
768015368.158465,1.614795
768015369.909332,1.669558
768015372.51277,2.545212
768015374.94306,2.368897
768015377.356742,2.35541
768015379.5510219,2.133063
768015381.415429,1.805911
768015383.313008,1.835941
768015385.0386419,1.667353
768015387.11359,2.013519
768015389.15771,1.985715
768015391.368374,2.1486539999999996
768015393.404435,1.9777559999999998
768015395.249096,1.783438
768015397.0699021,1.762876
768015398.757417,1.6289589999999998
768015400.5480571,1.731197
768015402.279235,1.669393
768015404.15124,1.812788
768015406.1787469,1.965963
768015408.158863,1.921595
768015409.967104,1.746212
768015411.6948179,1.669303
768015413.846474,2.093531
768015415.798676,1.8903329999999998
768015417.766714,1.909327
768015419.974441,2.145642
768015422.157219,2.100707
768015424.160119,1.9403039999999998
768015426.1705409,1.947225
768015428.245423,2.016817
768015430.1491619,1.842481
768015432.200945,1.9932370000000001
768015434.166689,1.904642
768015436.297271,2.071755
768015438.351786,1.992756
768015440.271201,1.8607339999999999
768015442.488565,2.155675
768015444.677859,2.131304
768015446.85095,2.111468
768015448.838208,1.9291580000000002
768015451.057371,2.157951
768015452.977493,1.861134
768015454.902451,1.8631739999999999
768015456.874564,1.913557
768015458.649964,1.713521
768015460.3917,1.682483
768015462.5765541,2.123089
768015465.062388,2.427499
768015467.041652,1.916919
768015469.27107,2.170906
768015471.5028231,2.146564
768015473.8152391,2.254024
768015476.036572,2.159926
768015477.964056,1.8657249999999999
768015480.10633,2.083377
768015482.112993,1.9450800000000001
768015483.922904,1.739621
768015485.983182,2.001146
768015488.053879,2.008898
768015490.026759,1.91052
768015492.117353,2.031812
768015494.063059,1.883572
768015496.6261129,2.504407
768015498.60423,1.916463
768015500.700562,2.038026
768015502.765732,2.0030400000000004
768015504.7944319,1.969807
768015506.9874641,2.1310629999999997
768015509.10269,2.057016
768015511.151031,1.986892
768015513.1548929,1.946142
768015514.975738,1.7591919999999999
768015517.244592,2.210904
768015519.170438,1.863952
768015521.06488,1.836532
768015523.0628179,1.9354120000000001
768015524.949893,1.827606
768015526.8832711,1.8707820000000002
768015529.083189,2.141327
768015531.263798,2.118969
768015533.478616,2.156934
768015535.429965,1.887305
768015537.267239,1.779339
768015539.45527,2.126072
768015541.9835329,2.469276
768015544.1944921,2.149827
768015546.2052051,1.951926
768015548.2202181,1.957244
768015550.2908051,2.008222
768015552.503804,2.1545129999999997
768015554.5584489,1.9921399999999998
768015556.8329511,2.215254
768015558.8593309,1.9647860000000001
768015560.841959,1.923941
768015562.852561,1.949184
768015564.789327,1.8788209999999999
768015566.9892501,2.137909
768015569.3364869,2.288856
768015571.512159,2.1143799999999997
768015573.8052291,2.233727
768015576.230558,2.3640000000000003
768015578.173718,1.88507
768015580.500532,2.268594
768015582.5059121,1.944007
768015584.418627,1.853116
768015586.361351,1.8810859999999998
768015588.589385,2.169472
768015590.835536,2.184337
768015593.040988,2.146229
768015595.04278,1.940134
768015596.792556,1.691365
768015598.619601,1.748808
768015600.790182,2.11207
768015602.938385,2.086149
768015605.061088,2.0640870000000002
768015607.08189,1.9589579999999998
768015609.241539,2.101404
768015611.391622,2.088139
768015613.6761171,2.226175
768015615.660168,1.922177
768015618.025015,2.306346
768015620.1040969,2.0176640000000003
768015622.9136959,2.75033
768015625.4810951,2.5089729999999997
768015627.8720679,2.32938
768015630.064665,2.13384
768015632.205375,2.0821289999999997
768015634.126279,1.8596409999999999
768015636.160657,1.976007
768015638.219336,1.99674
768015640.4893379,2.2113549999999997
768015642.590306,2.038803
768015644.802518,2.153711
768015646.68206,1.817954
768015648.871139,2.130396
768015650.7839581,1.850931
768015652.5298239,1.688011
768015654.2222611,1.631139
768015656.15828,1.8772929999999999
768015658.0954111,1.8750769999999999
768015659.850223,1.696351
768015662.115043,2.2064630000000003
768015664.280751,2.1042460000000003
768015666.128715,1.785524
768015668.3457229,2.158743
768015670.3362299,1.928752
768015672.160494,1.7659729999999998
768015673.939612,1.717936
768015676.141204,2.142495
768015678.0826011,1.880093
768015679.824412,1.683386
768015681.854064,1.971141
768015683.820824,1.90442
768015685.831176,1.9523220000000001
768015687.773054,1.880695
768015689.544735,1.713391
768015691.443347,1.836893
768015693.481007,1.9793649999999998
768015695.341385,1.7979829999999999
768015697.4691,2.0694239999999997
768015699.346678,1.815123
768015701.0631,1.658673
768015702.8751299,1.750256
768015704.614972,1.6811099999999999
768015706.647521,1.9706
768015708.3488779,1.642971
768015710.360714,1.9504279999999998
768015712.483849,2.0642329999999998
768015714.6637911,2.118183
768015716.8304269,2.10815
768015719.04072,2.148419
768015721.263707,2.164752
768015723.5062649,2.180142
768015725.7172589,2.152654
768015727.691381,1.912454
768015729.7721521,2.022189
768015731.781056,1.949711
768015733.748252,1.9084889999999999
768015736.120482,2.310581
768015738.0678929,1.8845489999999998
768015740.158466,2.0314460000000003
768015741.909078,1.688377
768015743.822199,1.853718
768015746.5436671,2.663047
768015749.117777,2.512387
768015751.5231141,2.343273
768015754.109408,2.527838
768015756.5081849,2.336471
768015758.855121,2.28886
768015760.777282,1.863831
768015762.546152,1.707536
768015764.7913611,2.186963
768015766.760817,1.907898
768015768.453915,1.6349680000000002
768015770.776299,2.2593270000000003
768015772.832392,1.9979630000000002
768015775.019426,2.124478
768015777.278151,2.2006550000000002
768015779.5946211,2.254551
768015781.927128,2.2746720000000002
768015784.045517,2.056234
768015786.0394909,1.934015
768015788.2714391,2.173282
768015789.992452,1.658778
768015792.028208,1.977015
768015794.301638,2.208603
768015796.681004,2.296719
768015798.755556,2.012197
768015801.0374761,2.223188
768015803.3456761,2.246156
768015805.717811,2.3132479999999997
768015807.94371,2.164206
768015810.222953,2.1728099999999997
768015812.3120581,2.0304889999999998
768015814.3116701,1.937908
768015816.401507,2.031461
768015818.234652,1.771426
768015820.281459,1.9884260000000002
768015822.406307,2.063195
768015824.451856,1.9869430000000001
768015826.687929,2.17469
768015828.6528951,1.9060590000000002
768015830.626306,1.8919519999999999
768015832.6655501,1.980663
768015835.0829351,2.355235
768015837.232176,2.090615
768015839.448157,2.153847
768015841.448356,1.941587
768015843.264961,1.755323
768015845.2040571,1.88067
768015847.377995,2.1121489999999996
768015849.167097,1.730771
768015850.892666,1.672745
768015852.551233,1.611227
768015854.589174,1.989248
768015856.235418,1.5999759999999998
768015857.9345,1.6503889999999999
768015859.585024,1.604487
768015861.5370051,1.90628
768015863.313082,1.727653
768015865.471388,2.111859
768015867.515554,1.995682
768015869.533153,1.9714110000000002
768015871.8049741,2.2234580000000004
768015874.157076,2.306171
768015876.519453,2.313243
768015878.9050701,2.337654
768015880.708595,1.757303
768015882.751799,1.995186
768015884.603416,1.805771
768015886.549939,1.8982510000000001
768015888.42433,1.828538
768015890.252347,1.779921
768015891.836126,1.5376159999999999
768015893.703439,1.821888
768015895.32019,1.568237
768015897.2552459,1.8894160000000002
768015899.0197309,1.7159460000000002
768015900.766945,1.701543
768015902.741052,1.928647
768015904.628623,1.8415389999999998
768015906.3848779,1.708233
768015908.4300721,1.9994969999999999
768015910.184974,1.7068249999999998
768015911.807402,1.576783
768015913.438115,1.584882
768015915.4470639,1.960101
768015917.452861,1.96005
768015919.6447309,2.130392
768015921.552945,1.850345
768015923.468401,1.853913
768015925.256731,1.730234
768015927.232607,1.913065
768015929.243536,1.952527
768015931.141807,1.836467
768015933.104939,1.9048859999999999
768015935.346609,2.183089
768015937.342021,1.9370509999999999
768015939.4374061,2.034428
768015941.520307,2.024054
768015943.842796,2.260349
768015945.766176,1.864081
768015947.7652661,1.940309
768015949.961105,2.137458
768015952.170811,2.148218
768015954.4266,2.1928669999999997
768015956.432502,1.9470290000000001
768015958.454731,1.9601699999999997
768015960.665941,2.15331
768015962.732549,2.004839
768015964.849845,2.05877
768015966.808236,1.895605
768015969.097599,2.230425
768015971.25598,2.096367
768015973.0926579,1.778387
768015975.0909871,1.937126
768015977.116128,1.966991
768015978.8893831,1.711196
768015981.0180149,2.0702920000000002
768015983.045647,1.965708
768015985.05615,1.9512749999999999
768015987.081116,1.967001
768015989.0218,1.881356
768015991.072176,1.988551
768015993.092811,1.96241
768015995.001958,1.846847
768015997.7254959,2.6647760000000003
768015999.666476,1.878826
768016001.7177931,1.992996
768016003.666667,1.886463
768016005.611978,1.887089
768016007.790201,2.116505
768016010.0833219,2.235001
768016012.104004,1.9624650000000001
768016014.3983821,2.232364
768016016.539017,2.082019
768016018.652404,2.0523300000000004
768016020.655424,1.944639
768016022.878236,2.1609730000000003
768016024.732154,1.794394
768016026.880101,2.086424
768016028.9157519,1.9771849999999997
768016030.869066,1.8915
768016032.9393829,2.011474
768016034.833083,1.831506
768016036.849233,1.9575539999999998
768016038.548416,1.637669
768016040.222008,1.6150209999999998
768016041.996807,1.7135099999999999
768016043.997361,1.942654
768016045.950399,1.865089
768016048.216853,2.208177
768016050.2149659,1.917576
768016052.171673,1.8985619999999999
768016054.175014,1.941852
768016055.972329,1.738524
768016058.108349,2.054846
768016060.263999,2.09337
768016062.551121,2.225393
768016064.503463,1.8939110000000001
768016066.346535,1.781248
768016068.579947,2.175201
768016070.278829,1.6368820000000002
768016072.4368501,2.099475
768016074.103441,1.6049829999999998
768016075.99841,1.836878
768016077.8384299,1.748503
768016079.5954521,1.698461
768016081.706162,2.05236
768016083.6828461,1.91486
768016085.478187,1.7370910000000002
768016087.240436,1.7037879999999999
768016089.207207,1.90855
768016091.306957,2.0382719999999996
768016093.351027,1.985709
768016095.380464,1.9681590000000002
768016097.634729,2.19604
768016099.814826,2.118599
768016102.060321,2.1876949999999997
768016104.059527,1.9412260000000001
768016105.8714919,1.7500499999999999
768016107.857136,1.927419
768016109.667227,1.73017
768016111.359679,1.6306580000000002
768016113.136673,1.718768
768016115.057381,1.85918
768016117.2612381,2.14493
768016119.170445,1.847764
768016120.904989,1.676955
768016123.231267,2.267887
768016125.635907,2.3456129999999997
768016128.181476,2.4839749999999996
768016130.5072421,2.2672600000000003
768016132.416409,1.850449
768016134.093339,1.614981
768016135.7946911,1.642891
768016137.537305,1.6846439999999998
768016139.229947,1.631074
768016140.968676,1.681025
768016143.1707951,2.140701
768016145.209718,1.980126
768016146.967206,1.695779
768016148.848137,1.822189
768016150.570022,1.662948
768016152.35973,1.7317630000000002
768016154.518417,2.096763
768016156.81245,2.235516
768016158.8016629,1.9269580000000002
768016160.711752,1.850811
768016162.478487,1.704966
768016164.639976,2.103278
768016166.802748,2.1016939999999997
768016168.704416,1.8428769999999999
768016170.530364,1.764861
768016172.250635,1.661409
768016174.04541,1.734219
768016175.88518,1.78177
768016177.819395,1.875883
768016179.58453,1.702841
768016181.384573,1.741736
768016183.16105,1.714884
768016185.008843,1.7893869999999998
768016187.011683,1.94109
768016188.8025179,1.732805
768016190.642889,1.781825
768016192.825387,2.1242370000000004
768016195.002609,2.116058
768016196.748896,1.687977
768016198.515084,1.7044650000000001
768016200.149706,1.576271
768016201.7299609,1.5194239999999999
768016203.2994059,1.511094
768016204.908414,1.55036
768016206.825829,1.855993
768016208.684854,1.800944
768016210.568756,1.8222690000000001
768016212.293984,1.667524
768016214.1553639,1.800138
768016215.6242901,1.410776
768016217.6272099,1.945024
768016219.306701,1.617051
768016221.062209,1.697393
768016222.981068,1.856017
768016224.689106,1.649597
768016226.600037,1.8494920000000001
768016228.2337561,1.574837
768016229.840644,1.545189
768016231.629565,1.730596
768016233.3276149,1.6397339999999998
768016235.245933,1.856133
768016237.0406979,1.736224
768016238.737425,1.635453
768016240.39736,1.601439
768016242.1291641,1.6703759999999999
768016243.756539,1.568879
768016245.384671,1.569806
768016247.411501,1.9649009999999998
768016249.125287,1.655385
768016250.996219,1.809349
768016252.7549549,1.700355
768016254.7112911,1.8948479999999999
768016256.8422639,2.0723510000000003
768016258.760301,1.856138
768016260.886338,2.047784
768016262.887458,1.938224
768016264.6676539,1.721299
768016266.533414,1.8040669999999999
768016268.755715,2.163745
768016270.882603,2.0652850000000003
768016272.8352311,1.893375
768016274.890658,1.9927709999999998
768016276.822783,1.873674
768016278.5979631,1.713295
768016280.3600609,1.703848
768016282.298807,1.876871
768016284.5195991,2.161453
768016286.29153,1.7095310000000001
768016288.544232,2.194115
768016290.729571,2.1225929999999997
768016292.666347,1.878425
768016294.679756,1.9509239999999999
768016296.644667,1.905648
768016298.484031,1.7755049999999999
768016300.162024,1.619947
768016302.022391,1.798488
768016303.992099,1.9110150000000001
768016305.9918909,1.911201
768016307.8322821,1.781409
768016309.9926281,2.101634
768016312.193915,2.13806
768016314.094817,1.839394
768016315.8971959,1.7442270000000002
768016318.075348,2.119671
768016319.989015,1.852139
768016322.06517,1.993277
768016324.1019189,1.97493
768016326.193991,2.030269
768016328.1494501,1.89569
768016330.136162,1.924868
768016332.065295,1.870011
768016333.95893,1.831796
768016336.151256,2.133879
768016338.432017,2.218461
768016340.607684,2.1176369999999998
768016342.438689,1.768844
768016344.6108971,2.1138879999999998
768016346.616107,1.943716
768016348.814106,2.140019
768016350.7190579,1.8427120000000001
768016352.921597,2.143657
768016355.095561,2.112666
768016357.051306,1.897164
768016359.2862461,2.173036
768016361.4074861,2.0625940000000003
768016363.372457,1.9035980000000001
768016365.428962,1.9978529999999999
768016367.491425,2.0005740000000003
768016369.544391,1.994685
768016371.9226199,2.315688
768016374.431749,2.450301
768016376.92509,2.434575
768016379.448041,2.461087
768016381.9180341,2.411406
768016384.420753,2.44076
768016386.603752,2.124468
768016388.855342,2.192992
768016390.9558779,2.0393540000000003
768016392.98112,1.96658
768016394.640931,1.598232
768016400.698593,5.9990310000000004
768016402.406962,1.646795
768016403.91973,1.4539760000000002
768016405.410693,1.432972
768016406.878075,1.4090820000000002
768016408.1596351,1.233287
768016409.312971,1.102698
768016410.368326,0.99733
768016411.659475,1.263185
768016418.684005,6.986653
768016424.7309281,5.984869000000001
768016426.5924029,1.8000019999999999
768016428.5967411,1.945541
768016430.553748,1.895587
768016432.4152141,1.8086280000000001
768016434.6914201,2.214798
768016436.6337739,1.883556
768016438.6321629,1.9369560000000001
768016440.814996,2.1242370000000004
768016442.724744,1.847312
768016444.645568,1.8621919999999998
768016446.5571,1.848962
768016448.259716,1.643996
768016450.175317,1.859578
768016452.182982,1.949365
768016454.048602,1.8037610000000002
768016456.2026739,2.095019
768016457.8965139,1.632242
768016459.654483,1.699358
768016461.884045,2.170931
768016463.883171,1.937402
768016466.127107,2.185164
768016468.361541,2.175467
768016470.250806,1.827817
768016472.30497,1.9953470000000002
768016474.4325651,2.0660819999999998
768016476.31541,1.8241690000000002
768016478.018792,1.641769
768016480.166163,2.089035
768016482.3588251,2.1311139999999997
768016484.297661,1.880044
768016486.331913,1.9727540000000001
768016488.280672,1.890112
768016490.386887,2.044767
768016492.2352619,1.789553
768016493.8913441,1.575795
768016495.784658,1.834808
768016497.8322519,1.989063
768016499.6623039,1.767512
768016501.377844,1.6566930000000002
768016503.476346,2.0363870000000004
768016505.214419,1.680183
768016507.093521,1.817046
768016508.733363,1.5815029999999999
768016510.467173,1.689396
768016512.31654,1.790815
768016514.533453,2.155765
768016516.55909,1.9669560000000001
768016518.4445709,1.8226449999999998
768016520.463503,1.948145
768016522.573763,2.0631069999999996
768016524.529899,1.896838
768016526.447863,1.856314
768016528.431742,1.9396699999999998
768016530.528144,2.050258
768016532.206618,1.634168
768016534.2537739,2.0005729999999997
768016536.338609,2.040539
768016538.294599,1.909084
768016540.196257,1.857126
768016542.0125549,1.742213
768016544.066146,1.9947229999999998
768016545.9595981,1.8370909999999998
768016547.698603,1.680308
768016549.676399,1.919029
768016551.469858,1.731725
768016553.7025701,2.16425
768016555.9505609,2.186046
768016558.1580529,2.1237980000000003
768016560.165372,1.951333
768016562.3184379,2.0976660000000003
768016564.663992,2.2933
768016566.467438,1.747889
768016568.8098149,2.271706
768016571.022809,2.150378
768016572.988276,1.907008
768016574.963045,1.919032
768016576.9993299,1.9778640000000003
768016578.819296,1.764222
768016580.716928,1.839509
768016582.448761,1.6762599999999999
768016584.180161,1.678609
768016585.970621,1.734367
768016587.9371431,1.90794
768016590.2630919,2.2730379999999997
768016592.5315449,2.2131279999999998
768016594.698724,2.111425
768016596.980001,2.228653
768016598.912819,1.871264
768016601.033733,2.068216
768016602.988816,1.893146
768016605.0085549,1.966991
768016606.9678609,1.8996270000000002
768016608.8663319,1.846298
768016610.901173,1.9791349999999999
768016613.047873,2.0880270000000003
768016615.001653,1.891445
768016616.84446,1.783724
768016618.905875,1.999872
768016621.629669,2.6653979999999997
768016624.196692,2.505154
768016626.641747,2.386843
768016629.107685,2.407542
768016631.2527,2.082731
768016633.447642,2.1363659999999998
768016635.79942,2.29021
768016637.573482,1.715271
768016639.7404691,2.1083260000000004
768016641.909526,2.110836
768016644.1937561,2.2231769999999997
768016646.465887,2.2103829999999998
768016648.578287,2.0533729999999997
768016650.63625,1.996339
768016652.643334,1.948323
768016654.474589,1.770208
768016656.359002,1.8257970000000001
768016658.326013,1.905447
768016660.305909,1.921019
768016662.246674,1.8788310000000001
768016664.429944,2.124298
768016666.897426,2.405567
768016668.84678,1.8913650000000002
768016671.002636,2.093435
768016673.281343,2.220542
768016675.4166859,2.073945
768016677.5779451,2.1021099999999997
768016679.586312,1.946498
768016681.8571,2.212287
768016683.861589,1.9429910000000001
768016686.300043,2.380183
768016688.608805,2.24998
768016690.545941,1.8758290000000002
768016692.454531,1.847528
768016694.3320891,1.815889
768016696.422632,2.0319969999999996
768016698.2621061,1.777244
768016700.293908,1.97291
768016702.292768,1.936359
768016704.026892,1.674891
768016705.884073,1.7922
768016707.661994,1.7195660000000001
768016709.521901,1.801461
768016711.405417,1.822574
768016713.220505,1.7568359999999998
768016715.4030371,2.120493
768016717.418161,1.9565210000000002
768016719.426849,1.934179
768016721.532623,2.047093
768016723.4074141,1.812105
768016725.193614,1.7273729999999998
768016726.900033,1.641102
768016728.937598,1.978919
768016730.785382,1.785769
768016733.101115,2.257262
768016735.0701361,1.907231
768016737.211974,2.059823
768016739.131755,1.858363
768016741.160525,1.970308
768016743.109689,1.887777
768016745.047096,1.878916
768016747.970585,2.862441
768016750.388165,2.332402
768016752.691174,2.241346
768016754.573227,1.820505
768016756.9325681,2.300869
768016759.213249,2.21969
768016761.053816,1.7819800000000001
768016762.9766489,1.86128
768016765.226188,2.190587
768016767.200335,1.912449
768016768.9754391,1.716517
768016770.952509,1.9191
768016772.902926,1.8920160000000001
768016774.970526,2.0056309999999997
768016776.978418,1.949606
768016779.101632,2.0612
768016781.540658,2.380409
768016783.477499,1.87454
768016785.3514379,1.81609
768016787.2326391,1.819367
768016789.2918401,2.0012
768016791.911872,2.557987
768016793.979101,2.009405
768016795.892718,1.855245
768016797.9152529,1.9644049999999997
768016799.903975,1.926953
768016802.1437119,2.181976
768016804.127572,1.921736
768016805.88279,1.692622
768016807.715302,1.77335
768016809.503773,1.730059
768016811.584599,2.01828
768016813.499097,1.856363
768016815.429122,1.868376
768016817.354105,1.8664770000000002
768016819.3575361,1.9420629999999999
768016821.682701,2.2663179999999996
768016823.873123,2.13194
768016826.138253,2.206775
768016828.322435,2.122083
768016830.191763,1.80758
768016831.938386,1.687956
768016833.7004701,1.7037529999999999
768016835.593308,1.829772
768016837.659029,2.007225
768016839.6191189,1.898517
768016841.510339,1.832583
768016843.621235,2.048867
768016845.915819,2.236694
768016848.125801,2.1474860000000002
768016850.0196769,1.8359159999999999
768016851.728887,1.650609
768016853.872249,2.084695
768016855.842553,1.90841
768016857.827385,1.9262059999999999
768016859.92892,2.0404109999999998
768016862.326473,2.339188
768016864.1170739,1.728801
768016866.0916419,1.912534
768016868.1458111,1.9961639999999998
768016870.061247,1.853702
768016872.599744,2.479936
768016874.582572,1.9215
768016876.528851,1.888002
768016878.518519,1.928075
768016880.4545679,1.8771669999999998
768016882.305243,1.789097
768016884.2292141,1.865615
768016886.470313,2.178273
768016888.758708,2.230099
768016890.937577,2.116985
768016892.9986321,2.002248
768016895.094609,2.0336410000000003
768016897.174974,2.0220390000000004
768016899.388905,2.1524080000000003
768016901.627368,2.180007
768016903.471814,1.7831979999999998
768016905.43703,1.907111
768016907.216901,1.717129
768016909.3513111,2.075549
768016911.3224621,1.909713
768016913.452548,2.07165
768016915.634776,2.120805
768016917.877905,2.1849439999999998
768016920.271645,2.332528
768016922.373209,2.0397250000000002
768016924.307845,1.876115
768016926.60513,2.234644
768016928.546161,1.8831849999999999
768016930.653934,2.046165
768016932.4836011,1.771084
768016934.510291,1.9651260000000002
768016936.7434709,2.174043
768016938.546335,1.740739
768016940.704416,2.100241
768016942.934906,2.1684360000000003
768016944.9535971,1.940544
768016947.177191,2.161494
768016949.41394,2.1783580000000002
768016951.45762,1.982302
768016953.4863751,1.970444
768016955.561618,2.013188
768016957.435127,1.815337
768016959.442888,1.946653
768016961.657766,2.156608
768016963.868214,2.1484989999999997
768016965.911467,1.9849780000000001
768016968.185258,2.215009
768016970.414815,2.168024
768016972.330266,1.8573000000000002
768016974.589508,2.1973230000000004
768016976.845732,2.197488
768016979.0073869,2.100441
768016981.051177,1.9854439999999998
768016983.011156,1.8980810000000001
768016984.765316,1.69621
768016986.881024,2.05428
768016988.8896371,1.950317
768016990.668038,1.717575
768016992.705574,1.979335
768016994.7768229,2.009706
768016996.910994,2.07551
768016999.318851,2.3460590000000003
768017001.8280851,2.451098
768017004.2340239,2.344309
768017006.651428,2.358808
768017009.11659,2.406619
768017011.183163,2.0048890000000004
768017013.247926,2.0063329999999997
768017015.387755,2.07842
768017017.633344,2.1871630000000004
768017019.491447,1.79663
768017021.234752,1.684062
768017022.994485,1.701177
768017024.774626,1.721008
768017026.793087,1.9571329999999998
768017029.045693,2.1941349999999997
768017030.974791,1.86789
768017033.030338,1.997272
768017035.212631,2.121061
768017037.173814,1.902932
768017038.949654,1.714072
768017041.1285189,2.1206139999999998
768017043.29515,2.104842
768017045.096961,1.743456
768017046.625832,1.470489
768017048.5782241,1.8938
768017050.631019,1.991423
768017052.782039,2.0925689999999997
768017054.6465809,1.802613
768017056.468028,1.763106
768017058.498447,1.945476
768017060.7529579,2.1959340000000003
768017062.596857,1.782747
768017064.218153,1.56289
768017065.926206,1.646715
768017067.6103079,1.6251
768017069.224622,1.5554869999999998
768017070.9509729,1.6645670000000001
768017072.686119,1.677387
768017074.423661,1.675813
768017076.2819539,1.800022
768017078.0129659,1.668931
768017079.6910291,1.619351
768017081.607286,1.8571449999999998
768017083.469288,1.800589
768017085.658742,2.131259
768017087.8740361,2.1531290000000003
768017089.828904,1.896372
768017091.765409,1.87838
768017093.7855589,1.961838
768017095.702633,1.855571
768017097.729589,1.969016
768017099.4612269,1.669744
768017101.4566541,1.936756
768017103.277565,1.758847
768017105.127198,1.7910059999999999
768017106.9988921,1.810166
768017108.844085,1.786406
768017111.058137,2.155039
768017113.0718019,1.95575
768017114.854689,1.7209180000000002
768017116.810113,1.897043
768017118.75814,1.889827
768017120.625128,1.808648
768017122.500555,1.8141150000000001
768017124.511168,1.952267
768017126.484273,1.9115119999999999
768017128.682327,2.139868
768017130.634068,1.8904830000000001
768017132.355106,1.6618659999999998
768017134.309944,1.893118
768017136.1784201,1.80986
768017138.160752,1.920553
768017140.114983,1.8958549999999998
768017142.115026,1.93863
768017144.1121421,1.9385050000000001
768017145.8406379,1.666385
768017147.8882159,1.989017
768017149.840819,1.894087
768017152.09567,2.193438
768017154.014654,1.8575760000000001
768017155.7527419,1.679186
768017157.738036,1.9267729999999998
768017159.488959,1.6895600000000002
768017161.2367691,1.689234
768017163.365617,2.0670189999999997
768017165.3238369,1.8803990000000002
768017167.311101,1.929187
768017169.078452,1.7082480000000002
768017170.9475449,1.807449
768017172.7452509,1.73928
768017174.422137,1.618609
768017176.139346,1.658688
768017178.179643,1.9754450000000001
768017180.335067,2.097144
768017182.255014,1.8583129999999999
768017184.065306,1.752011
768017186.3795149,2.252681
768017188.62702,2.1890630000000004
768017190.812169,2.123336
768017193.0838591,2.2135800000000003
768017195.305724,2.160417
768017197.530049,2.165408
768017199.588318,1.9963989999999998
768017201.657091,2.010301
768017203.5522089,1.8335249999999998
768017205.643605,2.032739
768017207.930932,2.2252029999999996
768017210.213618,2.22432
768017212.5273869,2.255152
768017214.467595,1.877487
768017216.442194,1.9163080000000001
768017218.636128,2.1318349999999997
768017220.948795,2.2535279999999998
768017222.993532,1.982798
768017225.026953,1.9743730000000002
768017227.08876,1.999246
768017229.056648,1.908465
768017231.033116,1.914464
768017233.0988071,2.006969
768017235.29856,2.137373
768017237.26104,1.90445
768017239.347805,2.02453
768017241.411351,2.0046489999999997
768017243.3453,1.872496
768017245.685866,2.281995
768017247.627924,1.8805200000000002
768017249.8263241,2.139678
768017251.686852,1.7991249999999999
768017253.591433,1.845818
768017255.301245,1.6468349999999998
768017257.0469451,1.686463
768017259.0664741,1.957354
768017260.98613,1.861496
768017262.721652,1.677467
768017264.436532,1.656628
768017266.609803,2.111217
768017268.4326631,1.764349
768017270.110832,1.617086
768017271.8671271,1.697479
768017273.845835,1.919956
768017275.560298,1.6529800000000001
768017277.655322,2.036498
768017279.7229019,2.005776
768017281.48662,1.704695
768017283.506389,1.961619
768017285.3840519,1.819117
768017287.578036,2.132241
768017289.419269,1.7826160000000002
768017291.196118,1.718186
768017293.343408,2.0887089999999997
768017295.486981,2.081843
768017297.306729,1.760922
768017299.019964,1.650914
768017300.908612,1.8304930000000001
768017302.691164,1.7237140000000002
768017304.408959,1.6592989999999999
768017306.331707,1.860032
768017308.359465,1.969166
768017310.320592,1.8986070000000002
768017312.2669849,1.887586
768017313.9157851,1.587417
768017315.951381,1.9767180000000002
768017317.7696149,1.7363389999999999
768017319.631586,1.800413
768017321.638084,1.947976
768017323.4169669,1.716327
768017325.3146421,1.838437
768017327.720174,2.343553
768017329.953686,2.174735
768017332.1623911,2.1471810000000002
768017334.095503,1.871574
768017336.268193,2.113919
768017338.008391,1.678108
768017340.152589,2.0856619999999997
768017342.1049759,1.890713
768017344.20404,2.040137
768017346.171767,1.906104
768017347.998386,1.7680420000000001
768017350.126758,2.039039
768017352.377209,2.1927320000000003
768017354.5189121,2.079723
768017356.594712,2.016776
768017358.701959,2.0454890000000003
768017360.5450269,1.784385
768017362.309817,1.7031310000000002
768017364.247279,1.855697
768017366.012695,1.7029809999999999
768017368.117993,2.046631
768017369.953022,1.773746
768017372.6667731,2.6549139999999998
768017375.2983971,2.5698600000000003
768017377.630674,2.27393
768017379.718967,2.025582
768017381.747101,1.969522
768017383.699823,1.8942919999999999
768017385.7034351,1.945235
768017387.710223,1.9194749999999998
768017390.0145301,2.246232
768017391.9663551,1.888393
768017394.2134991,2.165569
768017396.1071241,1.8318869999999998
768017397.8587179,1.689886
768017399.6165919,1.699643
768017401.735903,2.059792
768017403.777833,1.980192
768017405.98751,2.150478
768017408.148507,2.102166
768017410.521694,2.311834
768017412.3578099,1.777981
768017414.374623,1.954573
768017416.767657,2.334788
768017418.972035,2.141903
768017420.9908271,1.9601950000000001
768017423.174523,2.121555
768017425.222532,1.989388
768017427.2691189,1.9849519999999998
768017429.250819,1.92342
768017431.2862439,1.9730849999999998
768017433.252373,1.9075730000000002
768017435.026209,1.712288
768017436.752615,1.6673980000000002
768017438.749766,1.9385050000000001
768017440.8317599,2.022967
768017443.065372,2.172149
768017445.298974,2.175011
768017447.342779,1.9824729999999997
768017449.4524779,2.051368
768017451.3598751,1.844661
768017453.328826,1.909792
768017455.382949,1.991628
768017457.552402,2.111443
768017459.529156,1.914954
768017461.618542,2.030624
768017463.506524,1.826047
768017465.532427,1.9672169999999998
768017467.5234389,1.932882
768017469.7390239,2.1574139999999997
768017471.715737,1.914824
768017473.901222,2.126738
768017476.1266099,2.166977
768017478.0617421,1.8732270000000002
768017480.2278559,2.107654
768017482.25597,1.9663039999999998
768017484.53618,2.221805
768017486.480784,1.883026
768017488.779247,2.239867
768017490.869856,2.0287349999999997
768017492.8957299,1.967582
768017495.0419331,2.083382
768017497.523292,2.4236750000000002
768017499.885513,2.3000770000000004
768017501.845994,1.902371
768017503.5622159,1.653165
768017505.794605,2.174038
768017507.7177091,1.861481
768017509.88024,2.10405
768017511.949519,2.011329
768017513.934598,1.9017439999999999
768017515.922076,1.925775
768017518.073371,2.09326
768017520.10573,1.970574
768017522.345952,2.1778169999999997
768017524.237437,1.8326930000000001
768017526.3211801,2.0219690000000003
768017528.15469,1.77524
768017529.965107,1.747947
768017531.980336,1.9565619999999997
768017534.0324451,1.968871
768017535.970899,1.877137
768017537.9181939,1.860864
768017539.630472,1.6499730000000001
768017541.756238,2.0674
768017543.740639,1.920072
768017545.900915,2.082405
768017547.6180091,1.655475
768017549.4528631,1.7763360000000001
768017551.436482,1.921219
768017553.624493,2.129229
768017555.332376,1.6454469999999999
768017557.496912,2.093676
768017559.7989681,2.2405329999999997
768017561.5218401,1.664461
768017563.65352,2.070041
768017565.788632,2.0760750000000003
768017567.952096,2.1013189999999997
768017570.1575431,2.121962
768017571.929475,1.70872
768017573.721844,1.733126
768017575.5713819,1.787493
768017577.6109769,1.9812089999999998
768017579.5008479,1.828153
768017581.7915779,2.23246
768017583.9440509,2.09081
768017585.869239,1.844295
768017587.639853,1.712037
768017589.505844,1.807114
768017591.25166,1.683024
768017593.195527,1.885235
768017595.140451,1.886338
768017597.214015,2.015343
768017599.157677,1.881337
768017601.331931,2.115282
768017603.4410429,2.047298
768017605.3410031,1.840662
768017607.410969,2.008413
768017609.560295,2.0910949999999997
768017611.57833,1.936215
768017613.7798619,2.142695
768017616.2099969,2.3670869999999997
768017618.42729,2.155805
768017620.650413,2.1646159999999997
768017623.056376,2.3440890000000003
768017625.291592,2.17686
768017627.450279,2.096838
768017629.833024,2.324162
768017631.8870319,1.9928409999999999
768017633.695489,1.749725
768017635.666103,1.912309
768017637.519515,1.794565
768017639.7747221,2.193343
768017642.066419,2.233386
768017644.263521,2.138185
768017646.208331,1.881808
768017648.256045,1.9890580000000002
768017650.4158701,2.097791
768017652.679938,2.2056519999999997
768017654.619215,1.8777080000000002
768017656.5522311,1.8738940000000002
768017658.749854,2.135899
768017660.7946371,1.9860300000000002
768017662.8097401,1.9532439999999998
768017665.088156,2.21966
768017666.949912,1.800098
768017669.131502,2.1234800000000003
768017671.089523,1.896787
768017672.699923,1.55217
768017674.357223,1.5956270000000001
768017676.0905551,1.675036
768017677.816895,1.6635689999999999
768017679.267007,1.391616
768017681.046692,1.721134
768017682.817441,1.6842929999999998
768017684.539582,1.66359
768017686.413592,1.812185
768017688.3145441,1.842787
768017690.399124,2.022977
768017692.1764381,1.718547
768017694.263278,2.024901
768017696.262429,1.9407750000000001
768017698.2600111,1.9365350000000001
768017700.151963,1.83354
768017702.378668,2.164496
768017704.1422759,1.705126
768017705.8336,1.629675
768017707.702051,1.809354
768017709.736514,1.9759019999999998
768017711.8897591,2.0913310000000003
768017714.093972,2.145692
768017716.358682,2.202905
768017718.580702,2.1597600000000003
768017720.805784,2.165864
768017722.941663,2.073655
768017724.8754879,1.875819
768017726.618722,1.681927
768017728.524,1.8465610000000001
768017730.41557,1.830117
768017732.17372,1.700224
768017734.229111,1.9923950000000001
768017736.3873631,2.1001459999999996
768017738.139824,1.690206
768017740.145525,1.94729
768017741.998305,1.79074
768017744.2415199,2.184357
768017746.7894031,2.485794
768017748.755332,1.907117
768017750.694974,1.877949
768017752.988721,2.235086
768017755.157377,2.106475
768017757.432114,2.216126
768017759.585776,2.091757
768017761.706079,2.061882
768017763.834852,2.065436
768017765.613765,1.7207780000000001
768017767.6448251,1.9722479999999998
768017769.732452,2.029156
768017771.805339,2.010938
768017774.074198,2.210197
768017775.88886,1.752406
768017778.1159409,2.168034
768017779.859657,1.68119
768017782.072586,2.154573
768017784.311114,2.1767190000000003
768017786.574526,2.201421
768017788.4692329,1.835971
768017790.505275,1.9744229999999998
768017792.288724,1.7249819999999998
768017794.098298,1.748232
768017795.874054,1.716287
768017798.126464,2.1936590000000002
768017799.840105,1.651977
768017801.689528,1.790641
768017803.4758431,1.7234690000000001
768017805.50751,1.9728150000000002
768017807.396745,1.826289
768017809.61467,2.159349
768017811.586397,1.9039840000000001
768017813.4779019,1.8332540000000002
768017815.759616,2.220025
768017818.084386,2.2665430000000004
768017820.1124841,1.9660440000000001
768017822.040795,1.867079
768017824.10201,2.002835
768017826.2722651,2.10849
768017828.164712,1.834092
768017830.385168,2.158166
768017832.355898,1.912885
768017834.406062,1.988175
768017836.347684,1.863826
768017838.545138,2.134777
768017840.871897,2.268088
768017842.84186,1.908003
768017845.013973,2.113462
768017847.117723,2.041921
768017849.103152,1.9271340000000001
768017851.12472,1.9599700000000002
768017853.218486,2.035836
768017855.49812,2.2168829999999997
768017857.727673,2.17069
768017859.893993,2.107854
768017862.125906,2.1727
768017864.4347379,2.246437
768017866.7226111,2.225588
768017869.020823,2.2391799999999997
768017871.731887,2.649701
768017874.269908,2.4798250000000004
768017876.480973,2.148554
768017878.377099,1.834518
768017880.742223,2.306497
768017882.917103,2.1130060000000004
768017885.022561,2.0473779999999997
768017886.958189,1.87404
768017889.130398,2.113452
768017891.032964,1.840492
768017893.33082,2.2397609999999997
768017895.622663,2.229848
768017897.798185,2.117165
768017899.8326881,1.976448
768017901.8658229,1.974394
768017904.106406,2.1783789999999996
768017906.499835,2.33144
768017908.516657,1.9579799999999998
768017910.70983,2.131424
768017912.752838,1.98365
768017914.623815,1.809845
768017916.905915,2.2237839999999998
768017918.975195,2.0073309999999998
768017921.036295,2.0024040000000003
768017923.032895,1.934746
768017924.8870281,1.795882
768017926.88242,1.932906
768017928.793055,1.852509
768017930.980956,2.124538
768017933.171437,2.13194
768017935.058512,1.82453
768017937.056174,1.939156
768017939.3716971,2.253348
768017941.587502,2.156798
768017943.5171211,1.868196
768017945.919667,2.344369
768017947.975099,1.9935930000000002
768017949.999338,1.9378380000000002
768017952.148463,2.086649
768017954.286628,2.087251
768017955.914283,1.5810520000000001
768017957.864305,1.903353
768017959.859217,1.946428
768017961.698104,1.793477
768017963.5685351,1.821843
768017965.6104311,1.9964050000000002
768017967.45652,1.7982129999999998
768017969.402076,1.900206
768017971.2561791,1.806162
768017973.211839,1.910359
768017975.1672729,1.907553
768017976.962013,1.748978
768017978.592976,1.583157
768017980.486656,1.8481839999999998
768017982.179023,1.64462
768017984.28595,2.061275
768017986.187874,1.854023
768017987.8451691,1.6119940000000001
768017989.468133,1.577764
768017991.0832651,1.567095
768017993.084421,1.9559349999999998
768017995.0389631,1.906601
768017997.316142,2.232048
768017999.5320319,2.168185
768018001.472281,1.8727719999999999
768018003.395154,1.874601
768018005.12386,1.683035
768018006.994918,1.823391
768018008.6657239,1.6255060000000001
768018010.6042941,1.8906280000000002
768018012.486948,1.837294
768018014.2360619,1.701267
768018016.1919869,1.91042
768018018.107669,1.86763
768018020.093904,1.9407
768018021.8944479,1.752451
768018023.87471,1.934761
768018025.6400911,1.720277
768018027.494645,1.806252
768018029.653728,2.113673
768018031.81005,2.10831
768018034.053045,2.197869
768018035.9979949,1.8965919999999998
768018037.929508,1.8603129999999999
768018039.600399,1.625446
768018041.759728,2.1141739999999998
768018043.5487051,1.738473
768018045.3241091,1.716943
768018047.400565,2.015073
768018049.461019,2.002253
768018051.265527,1.743084
768018053.0539321,1.730164
768018055.020081,1.907342
768018056.857795,1.779474
768018058.698583,1.7796290000000001
768018060.4816451,1.705462
768018062.349906,1.806512
768018064.263332,1.854649
768018066.095965,1.77126
768018067.7840921,1.628578
768018069.9155159,2.072898
768018072.137957,2.160803
768018074.279089,2.079268
768018076.238723,1.900411
768018077.9760591,1.675342
768018079.937392,1.902922
768018082.0259811,2.030213
768018083.818015,1.730334
768018085.902905,2.026189
768018087.8126581,1.847293
768018090.048239,2.176399
768018091.93578,1.826133
768018093.931478,1.937112
768018095.663597,1.671082
768018097.4565179,1.733958
768018099.290584,1.7719719999999999
768018101.08567,1.7358770000000001
768018102.805776,1.657304
768018104.848112,1.9833239999999999
768018106.649708,1.740043
768018108.419309,1.71107
768018110.198749,1.717525
768018112.128548,1.871524
768018113.947154,1.756291
768018116.093352,2.087391
768018118.2777851,2.122773
768018120.234817,1.899033
768018122.9668549,2.670725
768018125.3253881,2.299751
768018127.447325,2.0590610000000003
768018129.690795,2.184587
768018131.616154,1.863109
768018133.561394,1.886805
768018135.475943,1.852665
768018137.332201,1.7978619999999998
768018139.514789,2.120183
768018141.511178,1.938374
768018143.418926,1.8464099999999999
768018145.408595,1.930882
768018147.3779119,1.907974
768018149.411193,1.975011
768018151.0370699,1.567632
768018152.693433,1.598508
768018154.531999,1.776873
768018156.427253,1.836567
768018158.4628091,1.9734610000000001
768018160.811985,2.2906850000000003
768018162.6378571,1.764053
768018164.309651,1.61209
768018166.824413,2.453434
768018168.798179,1.91509
768018170.672605,1.812656
768018172.880266,2.149226
768018175.073213,2.1310230000000003
768018176.8528581,1.721058
768018178.774639,1.860072
768018180.8284119,1.9953969999999999
768018182.8797389,1.989654
768018185.113366,2.175006
768018187.011482,1.836216
768018188.825216,1.7552320000000001
768018190.928439,2.044442
768018192.830298,1.843163
768018194.822152,1.929674
768018196.894163,2.013534
768018198.632857,1.676846
768018200.610999,1.918744
768018202.315829,1.6426660000000002
768018204.107702,1.732826
768018206.3620169,2.192215
768018208.306396,1.885791
768018210.275061,1.906725
768018212.110891,1.77745
768018214.040249,1.867725
768018215.799953,1.701262
768018217.4693761,1.611303
768018219.2838969,1.7528979999999998
768018220.91862,1.5763610000000001
768018222.5736591,1.593602
768018224.1310309,1.4989160000000001
768018225.849157,1.656097
768018227.473621,1.564879
768018229.7089571,2.176754
768018231.598652,1.8284230000000001
768018233.301709,1.644971
768018235.359777,1.9997830000000003
768018237.3107101,1.8922970000000001
768018239.252217,1.880074
768018241.299776,1.9885860000000002
768018243.338002,1.975766
768018245.51405,2.117471
768018248.059022,2.486416
768018250.3966769,2.275344
768018252.651428,2.196104
768018254.7962531,2.083112
768018256.547156,1.6924810000000001
768018258.4975181,1.888143
768018260.16198,1.606326
768018262.020037,1.796253
768018264.085332,2.007079
768018266.3118379,2.1642449999999998
768018268.2799261,1.910129
768018270.347406,2.0058570000000002
768018272.33083,1.924422
768018274.5952489,2.203071
768018276.46995,1.795537
768018278.206434,1.674771
768018279.8909669,1.625796
768018281.883423,1.933312
768018283.539981,1.59537
768018285.151739,1.553658
768018286.8313861,1.618214
768018288.379406,1.48977
768018289.922039,1.480874
768018291.790586,1.810271
768018293.642258,1.793537
768018295.520082,1.8160699999999999
768018297.599289,2.020155
768018299.4163359,1.755243
768018301.57125,2.096493
768018303.245689,1.589837
768018305.031128,1.7258390000000001
768018306.650444,1.557192
768018308.2655499,1.5562639999999999
768018309.9106821,1.583157
768018311.434265,1.4648370000000002
768018313.154531,1.661925
768018314.887522,1.6717279999999999
768018316.747429,1.8010599999999999
768018318.1925141,1.383351
768018319.832123,1.580927
768018321.3082861,1.418108
768018322.838364,1.468891
768018324.45955,1.562214
768018325.943396,1.422347
768018327.653824,1.6518469999999998
768018329.448243,1.735417
768018331.112094,1.602512
768018332.6291469,1.458798
768018334.1745111,1.4869379999999999
768018335.619788,1.3863390000000002
768018337.24183,1.563155
768018339.091714,1.781453
768018340.941231,1.7904399999999998
768018342.680356,1.677572
768018344.7045809,1.9651809999999998
768018346.5781139,1.8108630000000001
768018348.437204,1.8009689999999998
768018350.441216,1.942489
768018351.9741861,1.474635
768018353.6295611,1.566569
768018355.2918819,1.6008680000000002
768018356.949333,1.594162
768018358.611609,1.59919
768018360.793044,2.123145
768018362.418921,1.564549
768018363.938385,1.4609919999999998
768018365.494769,1.4976530000000001
768018367.136503,1.579628
768018368.856398,1.661349
768018370.463737,1.5454290000000002
768018372.706495,2.183992
768018374.346394,1.576286
768018375.884175,1.4786739999999998
768018377.582972,1.6403800000000002
768018379.012701,1.368517
768018380.714665,1.6436680000000001
768018382.806101,2.029422
768018384.6929749,1.8284930000000001
768018386.504499,1.749775
768018388.478101,1.9152900000000002
768018390.096159,1.5569760000000001
768018391.76274,1.6081999999999999
768018393.507098,1.686021
768018395.154825,1.575494
768018396.844325,1.630618
768018398.6212081,1.71539
768018400.1568149,1.477426
768018401.757217,1.539099
768018403.348714,1.532299
768018404.949537,1.5426229999999999
768018406.5977659,1.586339
768018408.217648,1.561361
768018409.9012439,1.621968
768018411.920331,1.9604510000000002
768018413.786618,1.80734
768018415.8864831,2.0376909999999997
768018417.572199,1.6271849999999999
768018419.231609,1.597416
768018421.074987,1.785438
768018422.803392,1.665474
768018424.943166,2.080415
768018427.131196,2.12996
768018429.3049641,2.1150510000000002
768018431.243209,1.876225
768018433.3085041,2.0060130000000003
768018435.0129839,1.64255
768018436.88989,1.817814
768018438.520472,1.571415
768018440.202214,1.622639
768018441.870374,1.605144
768018443.81178,1.882239
768018445.9270669,2.057
768018447.849173,1.860824
768018449.821266,1.913296
768018451.759104,1.874766
768018453.534108,1.716734
768018455.2985569,1.7030159999999999
768018457.485626,2.128216
768018459.668444,2.12126
768018461.636392,1.909763
768018463.46024,1.762425
768018465.6209921,2.102437
768018467.6099291,1.927193
768018469.332992,1.6635389999999999
768018471.171659,1.7797850000000002
768018472.83583,1.586871
768018474.503273,1.605659
768018476.092419,1.530294
768018477.7690891,1.61422
768018479.6069449,1.779069
768018481.483446,1.817905
768018483.318224,1.7734459999999999
768018485.336419,1.9595239999999998
768018487.308838,1.9109450000000001
768018489.189036,1.8215620000000001
768018490.943843,1.693123
768018492.64723,1.644796
768018494.586622,1.881342
768018496.690061,2.044241
768018498.9990879,2.246502
768018501.1157429,2.054746
768018503.270777,2.0931800000000003
768018505.1778779,1.848325
768018507.258043,2.0186219999999997
768018509.449376,2.132426
768018511.669572,2.158502
768018513.62896,1.900271
768018515.336928,1.645964
768018517.137516,1.741576
768018519.0883801,1.888828
768018520.849125,1.701979
768018522.829883,1.917972
768018524.572973,1.684584
768018526.812844,2.1768650000000003
768018529.0246149,2.153585
768018531.0088421,1.922207
768018533.0706741,2.0027999999999997
768018534.8595401,1.7255639999999999
768018537.0622799,2.143923
768018539.252932,2.1295699999999997
768018541.1998659,1.8881670000000002
768018543.453094,2.1947720000000004
768018545.318789,1.806362
768018547.34168,1.961198
768018549.162175,1.761929
768018551.332459,2.1084549999999997
768018553.643316,2.2523560000000002
768018555.903084,2.18525
768018558.030609,2.0684980000000004
768018560.094505,2.001757
768018562.095451,1.938646
768018564.227597,2.073505
768018566.361898,2.072707
768018568.245063,1.8249799999999998
768018570.212365,1.9055630000000001
768018572.407217,2.13644
768018574.3394519,1.870161
768018576.395846,1.9971009999999998
768018578.347145,1.88918
768018580.2785081,1.872987
768018582.4288609,2.088278
768018584.415247,1.92783
768018586.5932,2.1161790000000003
768018588.895672,2.243189
768018591.0668991,2.108951
768018593.211684,2.063285
768018595.224452,1.951416
768018597.395844,2.112681
768018599.569401,2.111523
768018601.645296,2.017945
768018603.645354,1.9379790000000001
768018605.626538,1.923139
768018607.647479,1.9586009999999998
768018609.707236,2.0012760000000003
768018611.8022,2.032959
768018614.0286909,2.168816
768018615.980471,1.893359
768018618.1205,2.05451
768018619.886593,1.704043
768018622.739868,2.794488
768018625.163187,2.361535
768018627.650244,2.4257589999999998
768018630.2483201,2.53986
768018632.5596831,2.253123
768018634.749423,2.12785
768018636.511707,1.704385
768018638.237542,1.6639000000000002
768018640.468067,2.172295
768018642.354941,1.825772
768018644.363319,1.950387
768018646.1110489,1.684318
768018648.158527,1.989102
768018650.008967,1.788395
768018651.9833649,1.9155559999999998
768018654.0042471,1.936354
768018656.1885741,2.1224220000000003
768018658.033796,1.783153
768018660.3072809,2.215149
768018662.2655611,1.896797
768018664.161186,1.837154
768018666.706925,2.4833939999999997
768018668.930985,2.160787
768018671.175858,2.181376
768018673.411785,2.17694
768018675.393926,1.920523
768018677.52925,2.0768079999999998
768018679.591744,2.00088
768018681.758901,2.108486
768018683.731801,1.9119519999999999
768018685.5851821,1.794384
768018687.695627,2.049017
768018690.017244,2.262966
768018692.295435,2.216156
768018694.551098,2.193599
768018696.7610949,2.15089
768018698.724036,1.900681
768018700.75242,1.9510040000000002
768018702.7635291,1.949295
768018704.54584,1.723414
768018706.591795,1.984566
768018708.430627,1.780517
768018710.2983669,1.8061520000000002
768018712.3427429,1.985915
768018714.637283,2.2329049999999997
768018716.6094259,1.913141
768018718.448148,1.777104
768018720.683735,2.176939
768018722.591357,1.8460340000000002
768018724.416628,1.7669350000000001
768018726.617093,2.13813
768018728.58883,1.913507
768018730.41583,1.765106
768018732.3443711,1.869955
768018734.3410821,1.935773
768018736.56885,2.1687410000000003
768018738.511895,1.8805
768018740.260773,1.690738
768018742.251028,1.928977
768018744.2057359,1.895634
768018746.545911,2.278441
768018748.9933399,2.3892290000000003
768018751.48577,2.429278
768018754.073211,2.528975
768018756.2347261,2.099164
768018758.523296,2.230175
768018760.61587,2.034008
768018762.796062,2.117992
768018764.8714659,2.017243
768018766.849868,1.916719
768018768.931872,2.023006
768018770.8943679,1.900892
768018773.0383409,2.0858280000000002
768018775.037712,1.937472
768018777.027271,1.9314289999999998
768018778.739218,1.6499329999999999
768018780.877242,2.079303
768018783.0144689,2.0754430000000004
768018784.849548,1.776472
768018786.994138,2.082636
768018788.904953,1.85249
768018790.9211789,1.9545919999999999
768018793.1154641,2.135844
768018795.272738,2.0956960000000002
768018797.417368,2.086535
768018799.3883029,1.908756
768018801.200488,1.753519
768018802.94028,1.678113
768018805.092603,2.093561
768018807.256988,2.1020600000000003
768018809.420091,2.104597
768018811.470652,1.98834
768018813.9035081,2.374495
768018816.1253179,2.159655
768018818.374506,2.190687
768018820.538772,2.105559
768018822.576673,1.976443
768018824.510316,1.875337
768018826.501338,1.929077
768018828.271536,1.710764
768018830.560853,2.227748
768018832.773661,2.15344
768018834.753477,1.917611
768018836.513772,1.702013
768018838.6771201,2.10159
768018840.618276,1.882744
768018842.6185989,1.9385999999999999
768018844.844423,2.1648370000000003
768018847.002579,2.096317
768018848.757797,1.6963810000000001
768018850.691931,1.872406
768018852.7734691,2.022064
768018854.799528,1.964159
768018856.973521,2.114855
768018859.0167689,1.982021
768018860.976273,1.9009980000000002
768018863.326511,2.28847
768018865.3377,1.952317
768018867.243258,1.842401
768018869.246358,1.944714
768018871.788088,2.479314
768018874.2751551,2.4279800000000002
768018876.433161,2.096492
768018878.606467,2.111563
768018880.583647,1.918113
768018882.670984,2.025367
768018884.542422,1.812902
768018886.490294,1.885882
768018888.542794,1.994109
768018890.7571061,2.152443
768018892.8430791,2.0278129999999996
768018894.9592121,2.0538930000000004
768018897.056462,2.039399
768018898.985203,1.866677
768018901.320688,2.277353
768018903.684914,2.302693
768018906.011783,2.267837
768018907.973045,1.902866
768018910.1542951,2.095034
768018912.14852,1.932135
768018914.255737,2.045589
768018916.125687,1.811208
768018918.626843,2.4154910000000003
768018920.849364,2.1638349999999997
768018923.243706,2.3320559999999997
768018925.480305,2.178578
768018927.7299039,2.1876589999999996
768018929.6782709,1.889195
768018931.658408,1.902621
768018933.8160629,2.099234
768018935.90828,2.030398
768018937.934429,1.967653
768018940.0495651,2.0562940000000003
768018942.2239139,2.111227
768018944.189898,1.907722
768018946.170029,1.9175259999999998
768018948.1271421,1.8982809999999999
768018949.868127,1.679161
768018951.579878,1.653481
768018953.2953179,1.656868
768018954.977621,1.6199020000000002
768018956.669151,1.633149
768018958.664102,1.9366260000000002
768018960.721403,1.99899
768018962.667476,1.8843239999999999
768018964.3352001,1.609308
768018965.993688,1.596779
768018967.6834279,1.630152
768018969.377358,1.635188
768018971.052539,1.613061
768018973.142722,2.031266
768018975.096026,1.891234
768018977.340358,2.185836
768018979.4518911,2.0502900000000004
768018981.504957,1.993909
768018983.2386899,1.6722650000000001
768018985.262047,1.9638390000000001
768018987.0245221,1.700962
768018989.073709,1.990395
768018991.0032879,1.867805
768018993.0361681,1.973977
768018994.895949,1.800669
768018997.598799,2.644159
768018999.9733499,2.3132230000000003
768019002.470335,2.411492
768019004.624923,2.092653
768019006.6136191,1.927263
768019008.566021,1.893811
768019010.587113,1.9587419999999998
768019012.363435,1.717951
768019014.3763931,1.961479
768019016.197509,1.774027
768019018.167723,1.921435
768019020.1739349,1.960446
768019022.021307,1.79922
768019023.803418,1.736043
768019025.753414,1.90417
768019027.390853,1.588795
768019029.10087,1.664572
768019031.050045,1.901339
768019032.933918,1.8382159999999999
768019034.540419,1.55854
768019036.36779,1.7812489999999999
768019038.047838,1.6321109999999999
768019039.8180809,1.724566
768019041.838015,1.9746579999999998
768019043.759425,1.870777
768019045.7650009,1.946979
768019048.029124,2.20296
768019050.2643191,2.170786
768019052.446762,2.123736
768019054.4148301,1.906079
768019056.414422,1.940745
768019058.342984,1.866492
768019060.450407,2.049127
768019062.4169921,1.9051820000000002
768019064.329726,1.853632
768019066.513477,2.122022
768019068.5186119,1.946839
768019070.304627,1.724602
768019072.466342,2.103339
768019074.4183431,1.889927
768019076.4462761,1.970069
768019078.502675,1.995037
768019080.4750581,1.914012
768019082.434376,1.898296
768019084.504222,2.011775
768019086.305266,1.7391450000000002
768019088.2548269,1.8909090000000002
768019090.383164,2.0672889999999997
768019092.522486,2.0810519999999997
768019094.2697899,1.685385
768019096.490407,2.162331
768019098.481634,1.929233
768019100.73624,2.1966360000000003
768019102.6995881,1.9014579999999999
768019104.806349,2.048967
768019106.791673,1.9237099999999998
768019108.746982,1.896722
768019110.514805,1.7054310000000001
768019112.26252,1.68952
768019114.028703,1.7049960000000002
768019115.8331709,1.746171
768019118.0861629,2.194465
768019120.1261641,1.9781260000000003
768019122.7817429,2.5942119999999997
768019125.2454109,2.4056130000000002
768019127.094427,1.787463
768019129.274675,2.122128
768019131.2065741,1.870161
768019133.4543741,2.1898500000000003
768019135.4548529,1.937447
768019137.648582,2.135218
768019139.541109,1.8301070000000002
768019141.453624,1.854248
768019143.648591,2.132252
768019145.844435,2.137674
768019148.1575581,2.251929
768019150.223624,1.988361
768019152.1886001,1.906775
768019154.280217,2.0299229999999997
768019156.206282,1.866938
768019158.2008071,1.932811
768019160.109372,1.85085
768019162.283611,2.1127659999999997
768019164.429784,2.087802
768019166.912922,2.420988
768019168.956421,1.9855939999999999
768019170.972136,1.95345
768019173.226817,2.196576
768019175.110439,1.821386
768019177.308077,2.139197
768019179.405206,2.0337419999999997
768019181.4353241,1.9716920000000002
768019183.648554,2.151692
768019185.582974,1.875774
768019187.842005,2.1967459999999996
768019189.898149,1.9977380000000002
768019192.06288,2.106536
768019194.3972471,2.272347
768019196.653747,2.197723
768019198.5856719,1.8700050000000001
768019200.457731,1.8133979999999998
768019202.552254,2.031571
768019204.701169,2.090764
768019206.927474,2.1653179999999996
768019208.872534,1.886374
768019211.211782,2.2775450000000004
768019213.3415469,2.071239
768019215.164207,1.760886
768019217.4562199,2.233742
768019219.638978,2.120063
768019221.455614,1.75833
768019223.2366921,1.7176660000000001
768019225.4671971,2.172249
768019227.6579801,2.128562
768019229.757835,2.042392
768019231.5401261,1.7239149999999999
768019233.742229,2.119501
768019235.719519,1.9153259999999999
768019238.063563,2.284926
768019240.280446,2.158171
768019242.386336,2.0432089999999996
768019244.6189001,2.1745039999999998
768019246.7529899,2.072361
768019248.838978,2.027988
768019251.0031589,2.10201
768019253.005036,1.943281
768019255.043909,1.976939
768019257.138893,2.036683
768019259.116599,1.916639
768019261.163095,1.9880649999999997
768019263.169869,1.945256
768019265.215324,1.986747
768019267.43783,2.16016
768019269.388062,1.892201
768019271.3984339,1.949019
768019273.635258,2.1777770000000003
768019275.904748,2.21135
768019278.156593,2.193137
768019280.362776,2.145181
768019282.437894,2.0120910000000003
768019284.472121,1.975912
768019286.209758,1.676234
768019288.445745,2.177702
768019290.6878769,2.180363
768019292.7959421,2.049763
768019294.746078,1.887857
768019296.835925,2.0312249999999996
768019299.1000681,2.201883
768019301.493112,2.334366
768019303.782384,2.227368
768019305.8905289,2.049985
768019308.0835769,2.134697
768019310.063182,1.9183329999999998
768019312.200294,2.0791820000000003
768019314.10494,1.843148
768019315.9603059,1.797346
768019317.9345341,1.8912200000000001
768019320.154439,2.1581159999999997
768019322.332572,2.1167640000000003
768019324.644456,2.253238
768019326.6131359,1.9066560000000001
768019328.477934,1.806372
768019330.608245,2.068257
768019332.6264,1.9597590000000003
768019334.8352339,2.147226
768019337.00799,2.1148
768019339.212519,2.142509
768019341.42462,2.15348
768019343.420719,1.934089
768019345.289211,1.80969
768019347.191311,1.840466
768019348.906335,1.6565180000000002
768019351.083024,2.1182380000000003
768019353.2337079,2.092238
768019355.195151,1.897805
768019357.443993,2.190567
768019359.694139,2.1884970000000004
768019361.8457899,2.093426
768019363.866095,1.9622
768019365.9342309,2.009134
768019367.8991121,1.903378
768019369.942472,1.984618
768019372.5427029,2.538688
768019374.461737,1.8574060000000001
768019376.425766,1.905372
768019378.134917,1.647176
768019380.026247,1.832878
768019382.115462,2.001777
768019384.243037,2.069179
768019386.009251,1.704635
768019388.119851,2.051974
768019389.8525361,1.6705809999999999
768019391.730284,1.8187360000000001
768019393.6234031,1.8346829999999998
768019395.449677,1.76484
768019397.555125,2.046697
768019399.575084,1.958446
768019401.6747891,2.0408980000000003
768019403.877579,2.140786
768019405.716302,1.77984
768019407.890014,2.1156420000000002
768019410.067471,2.1192659999999997
768019412.150081,2.019539
768019414.4304819,2.217479
768019416.820624,2.331134
768019418.600444,1.717731
768019420.9598039,2.3010740000000003
768019423.3353809,2.313613
768019425.56775,2.174063
768019427.5193,1.889626
768019429.610661,2.032975
768019431.555921,1.886754
768019433.56051,1.9466780000000001
768019435.3844119,1.76253
768019437.1416199,1.6983549999999998
768019439.351887,2.14926
768019441.62432,2.2132490000000002
768019443.479806,1.7936079999999999
768019445.316904,1.7779
768019447.1668279,1.78801
768019449.1999129,1.9743579999999998
768019451.116091,1.854659
768019453.283103,2.109107
768019455.450085,2.105042
768019457.320736,1.81215
768019459.459021,2.076256
768019461.450825,1.932857
768019463.38317,1.870857
768019465.123999,1.6818270000000002
768019467.233061,2.05025
768019469.030457,1.738173
768019470.6736239,1.5814679999999999
768019472.3462939,1.614149
768019473.90101,1.492285
768019475.472144,1.512317
768019477.19418,1.6635149999999999
768019478.714671,1.4590429999999999
768019480.377889,1.604657
768019482.189153,1.749665
768019484.2549239,2.0078869999999998
768019485.9608771,1.645052
768019487.737656,1.718432
768019489.405946,1.609734
768019491.0361531,1.5691439999999999
768019492.710106,1.615132
768019494.391938,1.6204889999999998
768019496.649405,2.19867
768019498.979352,2.268839
768019501.234198,2.1962599999999997
768019503.606784,2.311217
768019505.8575399,2.192316
768019507.97439,2.055577
768019509.7193791,1.661755
768019511.531941,1.754405
768019513.862839,2.272287
768019516.050409,2.126428
768019517.8217239,1.7116259999999999
768019519.8182839,1.938455
768019521.712756,1.83559
768019523.52849,1.753729
768019525.2902781,1.703768
768019526.996527,1.6440249999999998
768019528.9167539,1.861516
768019530.8296,1.854514
768019532.842814,1.954628
768019534.6218071,1.716623
768019536.6392751,1.9586059999999998
768019538.398322,1.697027
768019540.652597,2.195619
768019542.89948,2.184994
768019544.848289,1.890302
768019547.149799,2.23945
768019549.09132,1.860909
768019551.0160381,1.8631900000000001
768019552.7458811,1.6714779999999998
768019554.724154,1.916683
768019556.527348,1.744969
768019558.305925,1.717279
768019560.151443,1.786576
768019562.125055,1.9121489999999999
768019563.791721,1.6078139999999999
768019565.632458,1.7824060000000002
768019567.39389,1.7002899999999999
768019569.122581,1.670345
768019570.879618,1.6952829999999999
768019573.119239,2.180789
768019574.82635,1.645137
768019576.70918,1.8242390000000002
768019578.596796,1.82909
768019580.236004,1.5810220000000001
768019582.367783,2.069845
768019584.3675909,1.940675
768019586.1429809,1.7137310000000001
768019587.884406,1.681862
768019589.897951,1.955053
768019591.776781,1.816831
768019593.569005,1.733086
768019595.316054,1.684243
768019597.150606,1.741085
768019598.856344,1.644049
768019600.977485,2.062885
768019603.150636,2.114841
768019605.414123,2.2052310000000004
768019607.670849,2.195288
768019609.647097,1.91761
768019611.5090829,1.80338
768019613.3658819,1.7978219999999998
768019615.091592,1.663995
768019617.347636,2.197512
768019619.3097401,1.900456
768019621.638564,2.270443
768019623.900772,2.2002189999999997
768019625.818143,1.859281
768019627.78566,1.908881
768019629.550691,1.706765
768019631.3104141,1.6959849999999999
768019633.271486,1.902646
768019634.975444,1.641743
768019636.811185,1.776737
768019639.093089,2.223534
768019641.358415,2.2069550000000002
768019643.5826,2.162226
768019645.768791,2.127565
768019647.761186,1.930275
768019649.858842,2.039179
768019652.072181,2.154563
768019707.94457,55.809371000000006
768019711.8461009,3.8161929999999997
768019714.7321271,2.827084
768019717.360238,2.566287
768019719.495476,2.07355
768019721.500752,1.9462730000000001
768019723.2281599,1.6681000000000001
768019725.501114,2.214483
768019727.726848,2.163574
768019730.075483,2.290153
768019732.029679,1.8955899999999999
768019734.0520891,1.9587020000000002
768019735.942181,1.8318869999999998
768019737.923881,1.923319
768019740.14537,2.15988
768019742.0488579,1.8422200000000002
768019744.136209,2.027547
768019746.701473,2.504182
768019748.475796,1.715751
768019750.378326,1.840551
768019752.222777,1.785504
768019754.4953849,2.2107530000000004
768019756.351227,1.797487
768019758.058583,1.644099
768019759.96605,1.849011
768019761.680619,1.627746
768019763.683603,1.941201
768019765.390744,1.6429610000000001
768019767.098336,1.644996
768019769.141559,1.9851679999999998
768019770.8880271,1.684719
768019773.106754,2.159324
768019774.8867749,1.7178849999999999
768019777.101097,2.155119
768019779.099481,1.93674
768019780.99913,1.841048
768019783.017666,1.959634
768019784.97971,1.903463
768019786.772676,1.731383
768019788.9854139,2.154693
768019790.7292861,1.682142
768019792.6875861,1.8992429999999998
768019794.651395,1.902346
768019796.419373,1.70879
768019798.1647129,1.683075
768019799.886348,1.663223
768019802.05342,2.107578
768019804.067696,1.951825
768019806.2366271,2.10609
768019808.153822,1.858619
768019810.1557289,1.939868
768019811.947918,1.733177
768019814.169552,2.139017
768019816.163927,1.932847
768019818.094844,1.868026
768019820.052403,1.899203
768019821.9809741,1.866096
768019824.16055,2.121025
768019826.046462,1.8242079999999998
768019828.14727,2.042622
768019830.122545,1.913902
768019832.238919,2.058229
768019834.174061,1.872882
768019836.532956,2.300272
768019838.8054531,2.210949
768019840.9787041,2.114334
768019843.002934,1.9634320000000003
768019845.114922,2.053437
768019847.258936,2.0817579999999998
768019849.517255,2.199613
768019851.8353089,2.256455
768019854.1171579,2.223103
768019856.331886,2.155966
768019858.342994,1.9497959999999999
768019860.471547,2.070096
768019862.659557,2.126582
768019864.7581351,2.040578
768019866.893643,2.073815
768019868.7921649,1.840085
768019870.845943,1.991975
768019873.181407,2.276071
768019875.674694,2.431889
768019878.164924,2.412554
768019880.3482139,2.121245
768019882.393733,1.987198
768019884.4019599,1.9493500000000001
768019886.275087,1.811243
768019887.980664,1.647101
768019889.714187,1.643402
768019891.857308,2.081468
768019894.045323,2.1300350000000003
768019895.965997,1.858563
768019898.131861,2.082825
768019900.573978,2.3798169999999996
768019902.737577,2.1021009999999998
768019904.994102,2.198189
768019906.911959,1.856549
768019909.064402,2.0936209999999997
768019911.30303,2.1763630000000003
768019913.493261,2.1321209999999997
768019915.4096789,1.854439
768019917.4809879,2.012888
768019919.478044,1.912725
768019921.304418,1.7680669999999998
768019923.656065,2.288384
768019925.896508,2.1828350000000003
768019928.139337,2.181481
768019930.282573,2.076647
768019932.4223061,2.081317
768019934.644873,2.161198
768019936.816234,2.1131409999999997
768019938.980049,2.101725
768019941.081924,2.043129
768019943.329428,2.184021
768019945.259658,1.871208
768019947.3344859,2.0129979999999996
768019949.5756601,2.182197
768019951.5071939,1.870561
768019953.4894401,1.92344
768019955.347257,1.7962390000000001
768019957.552853,2.147476
768019959.540107,1.925479
768019961.3354181,1.735873
768019963.396674,2.0000389999999997
768019965.330543,1.875784
768019967.602033,2.209696
768019969.64236,1.9817960000000001
768019971.421047,1.717254
768019973.1860131,1.7064039999999998
768019975.325982,2.07852
768019977.136333,1.751148
768019979.1681299,1.9702579999999998
768019981.25708,2.030353
768019983.132497,1.813719
768019985.323851,2.132828
768019987.512799,2.127334
768019989.4194039,1.847979
768019991.472826,1.9913280000000002
768019993.616328,2.0849
768019995.773808,2.096057
768019998.0943271,2.262279
768020000.6442959,2.491593
768020003.272758,2.566002
768020005.857729,2.526465
768020008.540106,2.620714
768020010.551936,1.95352
768020012.537039,1.9268919999999998
768020014.404508,1.80581
768020016.432677,1.970013
768020018.313472,1.819026
768020020.290642,1.917902
768020022.248993,1.89611
768020024.067914,1.760951
768020025.9784081,1.847708
768020028.167241,2.1304570000000003
768020030.156038,1.927519
768020032.166264,1.951866
768020034.355553,2.12761
768020036.297085,1.882544
768020038.190394,1.831837
768020040.231653,1.982813
768020042.2250601,1.931508
768020044.464822,2.18122
768020046.6928,2.166541
768020048.929905,2.178433
768020050.969105,1.976959
768020052.88879,1.861215
768020054.813544,1.862833
768020056.727722,1.8561940000000001
768020058.748979,1.959228
768020060.5401211,1.7328249999999998
768020062.74489,2.1424790000000002
768020064.567179,1.763637
768020066.597057,1.968024
768020068.813539,2.158477
768020071.0387709,2.1641
768020072.863912,1.767041
768020074.647811,1.7220950000000002
768020076.533904,1.827942
768020078.47098,1.875523
768020080.5401239,2.010828
768020082.4697781,1.868086
768020084.322553,1.794484
768020086.274088,1.8905429999999999
768020088.160341,1.827787
768020090.225325,2.00322
768020092.128107,1.845077
768020094.186787,1.996695
768020096.094635,1.849067
768020097.884819,1.727698
768020099.6100171,1.666381
768020101.364533,1.6962
768020103.006693,1.5812680000000001
768020104.651779,1.5682070000000001
768020106.355046,1.641333
768020108.0208399,1.586991
768020109.483081,1.3974300000000002
768020111.11855,1.576958
768020112.7824601,1.604728
768020114.845785,2.001892
768020116.781604,1.8781290000000002
768020118.497059,1.653206
768020120.186994,1.630843
768020122.683343,2.4347000000000003
768020125.155781,2.414172
768020127.456008,2.238513
768020129.859471,2.3446309999999997
768020131.720184,1.802252
768020133.361607,1.582315
768020135.238339,1.815328
768020136.9009709,1.604357
768020138.878266,1.915857
768020140.792654,1.855847
768020142.549812,1.6959449999999998
768020144.722617,2.1133319999999998
768020146.442307,1.657921
768020148.302179,1.800834
768020150.253759,1.889966
768020151.988849,1.676935
768020153.80749,1.730576
768020155.595654,1.726265
768020157.88252,2.2285500000000003
768020159.828192,1.883712
768020162.1042169,2.21783
768020164.064217,1.9006319999999999
768020165.8200159,1.693679
768020167.507261,1.628387
768020169.276717,1.71132
768020171.2374179,1.8985020000000001
768020173.410749,2.1142790000000002
768020175.346739,1.8743049999999999
768020177.323317,1.91726
768020179.329379,1.944323
768020181.080868,1.692577
768020182.8067579,1.664502
768020184.590312,1.725037
768020186.431956,1.782662
768020188.249819,1.760004
768020190.193967,1.882244
768020192.0610499,1.809359
768020193.987527,1.86327
768020195.69135,1.645452
768020197.541714,1.791662
768020199.233259,1.630147
768020200.885251,1.594047
768020202.575999,1.632021
768020204.3523811,1.717856
768020206.608951,2.194731
768020208.531323,1.8634000000000002
768020210.273385,1.679732
768020212.462784,2.1315090000000003
768020214.37588,1.851878
768020216.340321,1.906155
768020218.183929,1.782586
768020219.918439,1.676354
768020222.1091261,2.132356
768020223.906241,1.733793
768020226.10194,2.137233
768020228.195947,2.009299
768020229.939277,1.682237
768020231.7561431,1.757879
768020233.47461,1.6596899999999999
768020235.499947,1.9630619999999999
768020237.1856431,1.626724
768020239.075404,1.8280180000000001
768020241.301117,2.167117
768020243.254191,1.89145
768020245.266307,1.953204
768020247.882395,2.553933
768020250.25262,2.311408
768020252.603595,2.2895670000000004
768020254.707806,2.042853
768020256.6023791,1.836372
768020258.727308,2.063475
768020260.678457,1.892353
768020262.594725,1.854303
768020264.3060551,1.6528999999999998
768020266.020738,1.652944
768020267.749229,1.6702450000000002
768020269.78082,1.9737919999999998
768020271.464376,1.622133
768020273.7612051,2.238343
768020275.705929,1.883035
768020277.465442,1.70042
768020279.470682,1.946749
768020281.281234,1.752106
768020283.036752,1.693449
768020284.949918,1.8540480000000001
768020286.9313431,1.92373
768020288.893177,1.9032369999999998
768020290.8417801,1.886217
768020293.045557,2.145146
768020294.789339,1.682639
768020296.6434621,1.7957120000000002
768020298.284279,1.579488
768020299.934577,1.592098
768020301.461779,1.469087
768020302.940974,1.417411
768020304.393286,1.393912
768020306.033366,1.578075
768020307.982725,1.891029
768020309.905493,1.839589
768020311.775804,1.8088629999999999
768020313.728848,1.8947479999999999
768020315.669382,1.859451
768020317.627583,1.899964
768020319.514066,1.824179
768020321.4932051,1.9202869999999999
768020323.18893,1.63382
768020325.0113441,1.763979
768020326.844558,1.7712750000000002
768020328.514412,1.611473
768020330.365739,1.789588
768020332.2583419,1.833966
768020333.973311,1.653696
768020335.970292,1.9381540000000002
768020337.7565719,1.701944
768020339.704434,1.8858169999999999
768020341.5479621,1.785338
768020343.585893,1.9760469999999999
768020345.5276811,1.883456
768020347.481997,1.893254
768020349.280957,1.7404339999999998
768020351.4400749,2.097751
768020353.697092,2.199121
768020355.943283,2.1840520000000003
768020357.9793849,1.9534539999999998
768020359.673615,1.635238
768020361.823151,2.090814
768020363.61099,1.7256490000000002
768020365.7189649,2.049212
768020367.621406,1.840371
768020369.6130091,1.933213
768020372.625565,2.951273
768020374.6209071,1.9368910000000001
768020376.576848,1.896983
768020378.657979,2.019463
768020380.391832,1.675422
768020382.0644981,1.6110119999999999
768020384.092716,1.9697220000000002
768020386.0717,1.9172799999999999
768020387.9333661,1.8030439999999999
768020389.686223,1.694271
768020391.395053,1.647602
768020393.211729,1.75819
768020395.142982,1.869248
768020397.3537351,2.152373
768020399.058491,1.643272
768020401.042231,1.9253339999999999
768020403.056005,1.955033
768020405.20694,2.0924590000000003
768020406.99727,1.728582
768020409.004375,1.948668
768020410.806056,1.74308
768020412.573648,1.709377
768020414.283134,1.647722
768020416.2345791,1.8918760000000001
768020418.533804,1.8383209999999999
768020420.356935,1.76483
768020422.109611,1.690502
768020424.1232159,1.954988
768020425.962515,1.77765
768020428.1954149,2.174399
768020430.193924,1.9372669999999999
768020432.069086,1.816796
768020434.407387,2.276001
768020436.729269,2.263692
768020439.1544371,2.3637200000000003
768020441.43326,2.2199400000000002
768020443.701552,2.206854
768020445.905931,2.145316
768020447.955755,1.991363
768020450.1681169,2.126808
768020452.3675951,2.137634
768020454.55102,2.122398
768020456.530655,1.9206379999999998
768020458.4523511,1.859707
768020460.449296,1.938204
768020462.642509,2.131619
768020464.800811,2.100041
768020467.147225,2.283247
768020469.331532,2.125435
768020471.258485,1.865916
768020473.156746,1.839895
768020475.119242,1.9012930000000001
768020477.122984,1.945281
768020479.123719,1.938885
768020481.059597,1.877608
768020482.815842,1.697834
768020484.532876,1.658016
768020486.3009189,1.706364
768020488.121268,1.761462
768020489.9000809,1.716608
768020491.600491,1.6414279999999999
768020493.542459,1.883537
768020495.418909,1.8148719999999998
768020497.446596,1.969326
768020499.335751,1.827857
768020501.161327,1.7668650000000001
768020503.265703,2.042958
768020505.050209,1.726005
768020506.7714429,1.662206
768020508.6456829,1.815779
768020510.419594,1.712568
768020512.4107211,1.932355
768020514.458561,1.986196
768020516.363914,1.846746
768020518.095261,1.670069
768020519.999972,1.84651
768020521.779286,1.6923570000000001
768020523.978929,2.1413119999999997
768020525.925247,1.863154
768020527.694908,1.707923
768020529.519562,1.765687
768020531.665255,2.036608
768020533.89807,2.173887
768020535.779085,1.819111
768020537.4964451,1.658488
768020539.5942409,2.038983
768020541.849859,2.196892
768020544.059911,2.14672
768020546.024536,1.9050770000000001
768020547.9685739,1.885502
768020549.982534,1.9320599999999999
768020551.926657,1.882314
768020553.757401,1.7721230000000001
768020555.4958601,1.6767859999999999
768020557.5027491,1.948278
768020559.578609,2.014421
768020561.8433081,2.206023
768020563.773012,1.8665120000000002
768020566.016998,2.1852590000000003
768020567.9623029,1.883717
768020569.7350321,1.68757
768020571.4824071,1.684823
768020573.393162,1.852263
768020575.1925471,1.738118
768020577.293681,2.042171
768020579.517409,2.161905
768020581.733781,2.1577699999999997
768020583.912164,2.1194260000000003
768020585.961116,1.99
768020588.238786,2.215585
768020590.232359,1.930121
768020592.5179731,2.227093
768020594.4599199,1.8800729999999999
768020596.170394,1.652138
768020598.204987,1.9711910000000001
768020600.597078,2.333745
768020602.621413,1.962185
768020604.506298,1.826549
768020606.5145551,1.9467079999999999
768020608.374436,1.800884
768020610.380819,1.944484
768020612.645152,2.205501
768020614.6839811,1.976608
768020616.750132,2.007816
768020619.038908,2.226977
768020621.530861,2.433151
768020624.21411,2.619841
768020626.8194231,2.5468669999999998
768020629.341652,2.463558
768020631.658343,2.254797
768020633.408078,1.690317
768020635.3775849,1.907638
768020637.5254619,2.089586
768020639.791385,2.203762
768020642.023704,2.173998
768020644.284338,2.202219
768020646.281329,1.934861
768020648.289697,1.94964
768020650.264385,1.9122480000000002
768020652.246898,1.923775
768020654.127623,1.819312
768020656.177005,1.990866
768020658.031625,1.7922280000000002
768020660.035802,1.945731
768020661.848073,1.749054
768020663.805532,1.898451
768020666.166911,2.302673
768020668.506124,2.277635
768020670.272453,1.704801
768020672.0760341,1.744709
768020673.820346,1.681732
768020675.899744,2.008708
768020677.854351,1.895294
768020679.8807551,1.964179
768020682.102585,2.162988
768020684.148876,1.984526
768020686.068817,1.858463
768020688.259043,2.1317649999999997
768020690.4906851,2.169683
768020692.89538,2.346054
768020695.215113,2.257077
768020696.977868,1.704264
768020698.911466,1.871283
768020701.0045611,2.0340369999999997
768020702.929399,1.861866
768020705.017743,2.029627
768020707.17187,2.09288
768020709.426817,2.1966170000000003
768020711.538355,2.050004
768020713.4377431,1.840677
768020715.768251,2.268829
768020718.1433469,2.31651
768020720.395001,2.192953
768020722.3735089,1.916253
768020724.338731,1.9063839999999999
768020726.1624479,1.7622090000000001
768020727.9611219,1.7404689999999998
768020730.010064,1.963813
768020732.123235,2.051729
768020734.1449031,1.959904
768020735.876697,1.67265
768020737.665387,1.73035
768020739.838398,2.1113120000000003
768020742.068121,2.171838
768020744.359598,2.229447
768020746.977003,2.5552460000000004
768020749.519861,2.484431
768020751.985153,2.402611
768020754.308418,2.236343
768020756.575704,2.205803
768020758.69507,2.058223
768020760.919184,2.164882
768020763.172186,2.171868
768020765.2785369,2.047714
768020767.3376321,1.997141
768020769.4797009,2.083437
768020771.577462,2.036066
768020773.5929861,1.957294
768020775.355546,1.700099
768020777.460819,2.047037
768020779.751924,2.229342
768020781.737353,1.926963
768020783.87869,2.082786
768020785.990083,2.053101
768020788.326359,2.272492
768020790.339918,1.952377
768020792.24685,1.847318
768020794.391214,2.082741
768020796.6533921,2.2037570000000004
768020798.6056789,1.890002
768020800.6463721,1.9825279999999998
768020802.721685,2.0142160000000002
768020804.7442551,1.964139
768020806.696236,1.890272
768020808.473691,1.719214
768020810.199986,1.664351
768020812.39142,2.133379
768020814.519296,2.065436
768020816.468736,1.890749
768020818.725998,2.195338
768020820.979035,2.194251
768020822.982,1.940804
768020825.045801,2.0057009999999997
768020827.103634,1.996014
768020829.087304,1.925139
768020831.128328,1.9787989999999998
768020833.3347061,2.147436
768020835.166111,1.769937
768020836.9175961,1.693093
768020838.660951,1.6848130000000001
768020840.6489911,1.9293330000000002
768020842.4460361,1.734856
768020844.595011,2.090659
768020846.374615,1.717149
768020848.419964,1.986757
768020850.332538,1.8490769999999999
768020852.477904,2.086735
768020854.635213,2.072276
768020856.647179,1.95363
768020858.5956919,1.8861780000000001
768020860.437837,1.783027
768020862.282087,1.782316
768020864.547243,2.2065840000000003
768020866.713473,2.1043809999999996
768020868.723645,1.9515850000000001
768020870.714136,1.928131
768020872.897516,2.1243630000000002
768020875.004092,2.044111
768020876.9320021,1.869053
768020878.660066,1.666496
768020880.931146,2.2125019999999997
768020882.8487719,1.854198
768020884.710903,1.803821
768020886.755976,1.983429
768020888.731181,1.916639
768020890.6563449,1.863571
768020892.764379,2.0487309999999996
768020894.698443,1.872461
768020896.804198,2.046852
768020898.617596,1.7517749999999999
768020900.826811,2.150669
768020902.973435,2.085447
768020905.000757,1.967954
768020907.035606,1.9728649999999999
768020909.271564,2.177552
768020911.2553589,1.9222869999999999
768020913.334767,2.020772
768020915.44246,2.045604
768020917.701647,2.200876
768020919.645895,1.882018
768020921.486416,1.7820850000000001
768020923.730072,2.181661
768020925.733021,1.9442030000000001
768020927.923758,2.131815
768020929.949907,1.967582
768020932.112118,2.0996040000000002
768020934.363716,2.1895439999999997
768020936.380734,1.9575090000000002
768020938.5513949,2.108221
768020940.7493291,2.139824
768020942.704057,1.892688
768020944.757699,1.995537
768020947.1141671,2.294158
768020949.342096,2.1694280000000004
768020951.4792831,2.075499
768020953.475257,1.937387
768020955.499917,1.9631969999999999
768020957.299227,1.740949
768020959.376971,2.0189719999999998
768020961.601337,2.1658850000000003
768020963.643583,1.9808690000000002
768020965.574059,1.8723859999999999
768020967.238621,1.606135
768020968.891214,1.594218
768020970.516354,1.563161
768020972.048056,1.47296
768020973.634777,1.523628
768020975.5261619,1.8327930000000001
768020977.399329,1.814822
768020979.1418481,1.6809150000000002
768020981.123403,1.9232749999999998
768020983.118134,1.932776
768020984.9554471,1.778787
768020986.664698,1.6314140000000001
768020988.64911,1.92543
768020990.570865,1.860383
768020992.7166829,2.0866000000000002
768020994.894209,2.115246
768020997.833309,2.880584
768021000.208861,2.313563
768021002.208824,1.940574
768021004.083205,1.8157290000000001
768021006.1259971,1.981034
768021008.029946,1.8455780000000002
768021009.894083,1.800393
768021011.926596,1.9742929999999999
768021014.0458469,2.061015
768021015.927099,1.819764
768021018.0143249,2.02852
768021020.214293,2.1376530000000002
768021022.113607,1.837385
768021024.1425719,1.9701380000000002
768021026.051558,1.847728
768021027.824041,1.713771
768021029.625376,1.742974
768021031.7808361,2.093561
768021033.951025,2.111162
768021036.2390441,2.2265509999999997
768021038.341601,2.040251
768021040.457062,2.0571460000000004
768021042.488198,1.9691
768021044.5697349,2.022941
768021046.430549,1.799235
768021048.3213681,1.832202
768021050.345842,1.9626959999999998
768021052.081414,1.67666
768021053.846496,1.7034140000000002
768021055.6504819,1.751337
768021057.755891,2.046582
768021059.3246441,1.507245
768021060.902243,1.492367
768021062.825566,1.861093
768021064.556975,1.683225
768021066.2494371,1.630512
768021068.129755,1.822018
768021069.789514,1.609153
768021071.615858,1.777987
768021073.197318,1.533222
768021074.815964,1.542975
768021076.425406,1.5609529999999998
768021078.2775791,1.7906199999999999
768021079.961205,1.6251149999999999
768021081.761392,1.712935
768021083.633573,1.821437
768021085.509006,1.816939
768021087.226911,1.6670470000000002
768021088.8919101,1.606193
768021090.624209,1.676898
768021092.50734,1.83002
768021094.3689361,1.799315
768021096.080886,1.653252
768021097.8426161,1.7055230000000001
768021099.685778,1.773137
768021101.484079,1.740024
768021103.322538,1.786783
768021105.325277,1.9440060000000001
768021107.179814,1.803875
768021109.047406,1.819006
768021110.854983,1.7456559999999999
768021112.97814,2.0745970000000002
768021115.265992,2.217552
768021117.252775,1.938161
768021119.420736,2.10659
768021122.2823739,2.813291
768021124.548336,2.2036870000000004
768021126.791134,2.181115
768021129.030099,2.179952
768021131.1365199,2.041721
768021133.194283,1.9987709999999999
768021135.4484781,2.192355
768021137.426746,1.919769
768021139.756561,2.2769880000000002
768021142.0790911,2.263795
768021144.351547,2.216626
768021146.6459609,2.23858
768021148.950464,2.245692
768021151.296922,2.28993
768021153.6254001,2.269706
768021156.19945,2.512482
768021158.645918,2.373297
768021161.171605,2.452173
768021163.583011,2.349617
768021166.1196179,2.478021
768021169.1211181,2.918166
768021171.755572,2.572559
768021174.276246,2.4679070000000003
768021176.188073,1.839294
768021178.328483,2.07808
768021180.617503,2.230497
768021182.406912,1.7330430000000001
768021184.412462,1.946774
768021186.428638,1.9546670000000002
768021188.354313,1.8670939999999998
768021189.9491471,1.532935
768021191.469077,1.4613740000000002
768021193.23329,1.706008
768021194.969469,1.674811
768021196.93418,1.9067450000000001
768021198.668328,1.6722320000000002
768021200.252604,1.53972
768021202.1491101,1.849335
768021203.973433,1.765396
768021206.2226219,2.161319
768021208.669398,2.3911029999999998
768021210.9776211,2.234056
768021213.4279621,2.3791789999999997
768021215.749094,2.265418
768021218.2670419,2.464559
768021221.1312729,2.805243
768021223.423972,2.2308760000000003
768021225.616032,2.133063
768021227.713873,2.036112
768021229.677115,1.904024
768021231.898684,2.1595500000000003
768021233.6278961,1.669984
768021235.736261,2.0465359999999997
768021237.457365,1.662116
768021239.216477,1.697238
768021240.968368,1.6930580000000002
768021243.214268,2.184543
768021244.886613,1.613588
768021247.687832,2.7397150000000003
768021249.930735,2.171586
768021252.2632669,2.2706530000000003
768021254.120838,1.79587
768021255.9597161,1.789905
768021257.726305,1.684969
768021259.777001,1.988807
768021261.966896,2.131293
768021263.773734,1.744944
768021265.535948,1.7032919999999998
768021267.39802,1.8002829999999999
768021269.171054,1.714027
768021271.031898,1.7992
768021272.79336,1.702831
768021274.486293,1.642107
768021276.237607,1.691906
768021277.991562,1.6921410000000001
768021279.966415,1.916379
768021281.7984741,1.761269
768021283.616457,1.755849
768021285.464927,1.7894020000000002
768021287.204684,1.677567
768021288.9466959,1.683385
768021290.654037,1.635276
768021292.3801069,1.6672580000000001
768021294.131917,1.6895
768021295.856619,1.666466
768021297.680547,1.772783
768021299.478133,1.736068
768021301.276065,1.738865
768021302.979923,1.642109
768021304.470725,1.439898
768021305.903348,1.3713790000000001
768021307.9090381,1.9612029999999998
768021310.014306,2.046321
768021311.458005,1.382404
768021312.756482,1.254324
768021314.59312,1.775159
768021316.2533879,1.601244
768021317.88411,1.580089
768021319.796617,1.8533600000000001
768021321.611295,1.7659340000000001
768021323.6843879,2.011174
768021325.5126109,1.769175
768021327.636935,2.062662
768021329.5241389,1.83866
768021331.470953,1.8846749999999999
768021333.750358,2.210568
768021336.18667,2.384938
768021338.4115621,2.162893
768021340.671385,2.200605
768021342.6719539,1.9388610000000002
768021345.0353329,2.304693
768021347.61041,2.506407
768021350.1424,2.473748
768021352.4151211,2.217148
768021354.5812,2.1102640000000004
768021356.833731,2.1933819999999997
768021358.802864,1.913243
768021360.969907,2.114147
768021362.9948,1.9692529999999997
768021365.0079441,1.954431
768021366.9941541,1.924442
768021368.957592,1.9043599999999998
768021371.222256,2.203366
768021373.8888371,2.607272
768021376.465798,2.514672
768021378.844376,2.303463
768021381.15703,2.259671
768021383.800179,2.587028
768021386.1783661,2.3190049999999998
768021388.159883,1.924724
768021390.3766949,2.15564
768021392.319465,1.8838329999999999
768021394.235869,1.853847
768021396.2112141,1.915967
768021398.135661,1.8625479999999999
768021400.1133701,1.919068
768021402.102184,1.937393
768021404.120168,1.9591919999999998
768021406.113634,1.875637
768021407.717762,1.578399
768021409.487183,1.7196
768021411.496397,1.947781
768021413.2823421,1.727123
768021415.047848,1.703908
768021416.6805739,1.573525
768021418.310883,1.570894
768021419.849496,1.479912
768021421.66107,1.7533029999999998
768021423.343463,1.6207669999999998
768021425.057044,1.6692
768021426.496401,1.3927370000000001
768021428.1710091,1.591548
768021429.870167,1.652583
768021431.433732,1.5193699999999999
768021433.190267,1.711985
768021434.990735,1.7386949999999999
768021436.8932561,1.84433
768021438.6418381,1.6944110000000001
768021440.538921,1.838341
768021441.95992,1.3594110000000001
768021443.492744,1.467717
768021445.2783949,1.7373779999999999
768021447.221269,1.8919780000000002
768021449.0013291,1.721404
768021450.970363,1.898615
768021453.326968,2.3081460000000003
768021454.900741,1.512378
768021456.5483409,1.594596
768021458.277757,1.65851
768021459.937158,1.606518
768021461.9848951,1.9892180000000002
768021463.6466889,1.606525
768021465.243821,1.544389
768021467.076574,1.777303
768021468.7628679,1.641783
768021470.48553,1.661154
768021472.217381,1.646712
768021473.985937,1.721828
768021475.531893,1.487362
768021476.8665609,1.2903689999999999
768021478.5576149,1.636679
768021480.095957,1.489861
768021481.551621,1.401298
768021483.504886,1.9044649999999999
768021485.636496,2.072812
768021487.329267,1.618738
768021489.069366,1.698075
768021490.7352251,1.613548
768021492.384712,1.5906200000000001
768021493.838051,1.3919
768021495.0929301,1.2021600000000001
768021497.118927,1.973069
768021498.836232,1.65553
768021500.901578,2.015085
768021503.1024721,2.1451399999999996
768021505.265069,2.1091640000000003
768021507.372087,2.031736
768021509.782195,2.351274
768021512.1282719,2.2972270000000004
768021514.2273381,2.048321
768021516.130358,1.8378139999999998
768021518.357952,2.176411
768021520.910974,2.5039979999999997
768021523.3750169,2.402545
768021525.9958661,2.5621989999999997
768021528.5713899,2.5250060000000003
768021531.19735,2.573995
768021533.696216,2.440489
768021536.157251,2.4103420000000004
768021538.743635,2.524203
768021540.817252,2.007241
768021543.081898,2.213463
768021545.124716,1.9835590000000003
768021547.612324,2.425589
768021549.6078509,1.93676
768021551.494581,1.824018
768021553.482365,1.928537
768021555.427279,1.882815
768021557.239688,1.753223
768021558.9004979,1.609659
768021560.546386,1.5812039999999998
768021562.466117,1.8508179999999999
768021564.310122,1.784446
768021566.184908,1.812717
768021568.4851099,2.240779
768021570.389792,1.842595
768021572.2484411,1.806006
768021574.100995,1.796953
768021576.208162,2.048245
768021578.105466,1.8356100000000002
768021580.300045,2.1356550000000003
768021582.126423,1.771153
768021584.060353,1.880506
768021586.311399,2.195228
768021588.04758,1.6833390000000001
768021589.8762289,1.772325
768021591.645555,1.7159829999999998
768021593.594414,1.8902070000000002
768021595.290023,1.633484
768021597.483476,2.134451
768021599.413426,1.86781
768021601.276229,1.803931
768021602.954586,1.616517
768021604.780149,1.772497
768021606.644356,1.801516
768021608.347147,1.6437030000000001
768021609.9771781,1.5673460000000001
768021611.881804,1.8460889999999999
768021613.8718109,1.937216
768021615.490303,1.567314
768021617.166667,1.6178430000000001
768021618.779435,1.56175
768021620.48473,1.6570289999999999
768021622.693709,2.147055
768021624.462454,1.7095319999999998
768021626.191538,1.667791
768021628.025041,1.780055
768021629.834785,1.7447030000000001
768021631.5100919,1.616179
768021633.523837,1.9547430000000001
768021635.453991,1.868169
768021637.246927,1.740073
768021638.951897,1.632719
768021640.775687,1.771164
768021642.356489,1.533747
768021644.04174,1.6412930000000001
768021645.585348,1.496605
768021647.12781,1.497962
768021648.7911179,1.6046529999999999
768021650.465086,1.626957
768021652.201535,1.692209
768021653.982886,1.7295500000000001
768021655.70046,1.669217
768021657.47791,1.718803
768021659.170878,1.631219
768021660.823076,1.593185
768021662.602891,1.718167
768021664.343928,1.6824080000000001
768021665.975883,1.581272
768021668.224473,2.200231
768021670.085933,1.7999669999999999
768021671.8444741,1.699663
768021673.6243241,1.721344
768021675.515811,1.829464
768021677.3963691,1.835901
768021679.131996,1.673818
768021680.8705051,1.679656
768021682.6316999,1.697987
768021684.564427,1.887346
768021686.471018,1.8445099999999999
768021688.796368,2.250912
768021690.5860131,1.715458
768021692.6562179,2.017316
768021694.946318,2.228384
768021697.555789,2.556901
768021700.120136,2.501621
768021702.230742,2.0488310000000003
768021704.354002,2.064723
768021706.018007,1.602066
768021707.928336,1.851963
768021709.744511,1.757418
768021711.69148,1.884419
768021713.406163,1.656122
768021715.2813101,1.813258
768021717.1911521,1.861289
768021718.832483,1.589782
768021720.6504271,1.769563
768021722.530002,1.8278999999999999
768021724.1954911,1.606926
768021726.003176,1.756678
768021727.751519,1.6897570000000002
768021729.440557,1.635574
768021731.403188,1.9072850000000001
768021733.0247439,1.563144
768021734.885142,1.8050119999999998
768021736.655791,1.7118470000000001
768021738.4307901,1.712788
768021740.127266,1.626686
768021741.9796851,1.7904399999999998
768021743.673356,1.634827
768021745.403388,1.6769070000000001
768021747.766765,2.301606
768021749.474079,1.653828
768021751.234614,1.6984210000000002
768021752.918119,1.624468
768021754.900421,1.919935
768021756.5777371,1.6289360000000002
768021758.288141,1.659719
768021759.93004,1.583042
768021761.5693531,1.580526
768021763.3255631,1.69424
768021765.062322,1.677601
768021766.725286,1.5939610000000002
768021768.461296,1.664384
768021770.103163,1.59067
768021772.232479,2.070314
768021773.9356639,1.652806
768021775.538622,1.544331
768021777.303702,1.706725
768021778.934046,1.568486
768021780.569668,1.587293
768021782.2756549,1.654888
768021784.0762,1.7520509999999998
768021785.804976,1.665233
768021787.7527859,1.88955
768021789.508466,1.7074429999999998
768021791.579565,2.009625
768021793.555176,1.926217
768021795.421983,1.804823
768021797.2444329,1.763578
768021799.3162531,2.010072
768021801.1926731,1.817553
768021802.868366,1.613588
768021804.57898,1.644881
768021806.251515,1.610651
768021808.0360819,1.725634
768021809.843526,1.7433800000000002
768021811.608647,1.706164
768021813.470297,1.8029039999999998
768021815.358986,1.8271249999999999
768021817.025447,1.6079700000000001
768021818.604038,1.517244
768021820.378531,1.723484
768021822.0235089,1.583695
768021823.8740699,1.812538
768021825.52653,1.607491
768021827.02288,1.428246
768021829.010404,1.943232
768021830.604522,1.532634
768021832.133568,1.477697
768021833.4429309,1.25749
768021834.595928,1.108598
768021836.614794,1.974273
768021838.074479,1.393364
768021839.666569,1.533908
768021841.2973751,1.5824980000000002
768021842.7183651,1.3705379999999998
768021844.341282,1.572118
768021845.9763,1.592198
768021847.313326,1.2975619999999999
768021848.629642,1.268394
768021850.049085,1.368527
768021851.5987611,1.501649
768021853.1399521,1.4901859999999998
768021855.227322,2.043614
768021856.914521,1.6283420000000002
768021858.666401,1.697874
768021860.515501,1.7902479999999998
768021862.276883,1.7109320000000001
768021863.966763,1.641211
768021865.7114489,1.675524
768021867.747409,1.9739620000000002
768021869.506196,1.710592
768021871.5957229,2.027247
768021873.730261,2.076291
768021875.7342429,1.9478950000000002
768021877.783129,1.996
768021879.686652,1.8416890000000001
768021881.4349741,1.689479
768021883.11401,1.6053110000000002
768021884.881941,1.715257
768021886.6743411,1.7309560000000002
768021888.4062991,1.673277
768021890.176266,1.708499
768021892.164111,1.929319
768021893.8801819,1.639625
768021895.695325,1.747325
768021897.374237,1.630467
768021899.0326151,1.6071989999999998
768021900.728384,1.647313
768021902.520612,1.7416829999999999
768021904.244229,1.674718
768021906.002263,1.69607
768021907.701881,1.647156
768021909.439271,1.684539
768021911.1419791,1.646834
768021912.893182,1.692276
768021914.5758771,1.620951
768021916.703468,2.074916
768021918.530712,1.7764129999999998
768021920.259123,1.6695740000000001
768021922.118388,1.797662
768021923.882617,1.705166
768021926.1977481,2.256295
768021928.4386569,2.17901
768021930.652483,2.152057
768021932.537184,1.826195
768021934.683005,2.098436
768021936.759621,2.0178040000000004
768021938.942149,2.1196800000000002
768021941.264818,2.263737
768021943.911608,2.5846240000000003
768021946.6623989,2.69219
768021948.9070619,2.18572
768021951.5908849,2.621897
768021954.68653,3.0428260000000003
768021956.938126,2.196119
768021959.511765,2.5110330000000003
768021961.9588389,2.388142
768021964.262419,2.2413749999999997
768021966.638252,2.3139990000000004
768021969.078009,2.380835
768021971.3423829,2.2027650000000003
768021974.010306,2.60844
768021976.213702,2.141432
768021978.7632301,2.487208
768021981.070057,2.2487969999999997
768021983.502372,2.369764
768021985.922176,2.361236
768021988.268734,2.290391
768021990.588787,2.2577640000000003
768021993.2086741,2.550111
768021995.701684,2.4368
768021998.257592,2.497306
768022000.885723,2.5697039999999998
768022003.429988,2.481033
768022005.878109,2.3895750000000002
768022008.533168,2.59349
768022010.994169,2.398962
768022013.3602649,2.306512
768022016.05463,2.631929
768022018.835356,2.720391
768022021.346484,2.4529579999999997
768022023.749922,2.3419399999999997
768022026.366286,2.557733
768022028.768792,2.343192
768022031.2503109,2.419801
768022033.6933401,2.383761
768022035.299456,1.5427629999999999
768022036.97576,1.616886
768022038.589563,1.551889
768022040.486737,1.838086
768022042.75091,2.2001690000000003
768022044.6473299,1.838158
768022046.707089,2.003836
768022048.8243489,2.0644270000000002
768022050.782561,1.896407
768022052.8056259,1.9699700000000002
768022054.977376,2.117098
768022057.31898,2.2886159999999998
768022059.442202,2.066925
768022061.6367531,2.135669
768022063.973801,2.277715
768022066.071682,1.985504
768022068.234529,2.098342
768022070.4423361,2.1461330000000003
768022072.552681,2.0515429999999997
768022074.709559,2.0949340000000003
768022076.903383,2.1108759999999998
768022078.717438,1.752261
768022080.7648411,1.9890469999999998
768022082.82124,1.9941740000000001
768022084.9800581,2.1004370000000003
768022087.045724,2.003281
768022088.807683,1.703597
768022090.482919,1.613017
768022092.238854,1.697629
768022094.229721,1.929048
768022095.8056511,1.517309
768022097.648944,1.78405
768022099.712525,2.000685
768022101.7415949,1.969822
768022103.60048,1.795667
768022105.682393,2.023152
768022107.634429,1.889014
768022109.6299119,1.9365400000000002
768022111.648232,1.9564259999999998
768022113.44417,1.736669
768022115.314937,1.808507
768022117.257601,1.883186
768022119.3704671,2.051317
768022121.7639661,2.334186
768022124.21321,2.387506
768022126.619334,2.343517
768022129.158071,2.47978
768022131.3456719,2.126307
768022133.573591,2.1684159999999997
768022135.504277,1.869038
768022137.767398,2.204324
768022139.786119,1.957238
768022141.5755521,1.731192
768022143.430076,1.795482
768022145.506948,2.017669
768022147.208445,1.637699
768022149.166816,1.899734
768022151.102935,1.874275
768022153.319397,2.157881
768022155.1641841,1.783378
768022157.0589811,1.8363159999999998
768022158.793942,1.676124
768022160.881469,2.029075
768022162.80986,1.865524
768022164.761605,1.892939
768022166.817809,1.993964
768022168.8434459,1.967347
768022170.840427,1.9346210000000001
768022172.868891,1.970344
768022174.6302379,1.698836
768022176.445581,1.756806
768022178.211494,1.703583
768022180.151743,1.8818769999999998
768022182.041755,1.828294
768022184.035794,1.934987
768022185.917622,1.818105
768022187.624211,1.648544
768022189.6543039,1.9712710000000002
768022191.537395,1.821593
768022193.403566,1.806853
768022195.422122,1.956522
768022197.2522991,1.770694
768022199.3601481,2.0462100000000003
768022201.259051,1.840616
768022203.1847761,1.863254
768022204.986948,1.7429139999999999
768022206.89424,1.84877
768022209.008754,2.0553120000000002
768022211.168038,2.0976559999999997
768022213.1408271,1.9144780000000001
768022215.083387,1.881292
768022217.036992,1.894904
768022218.64833,1.552606
768022220.330789,1.6235570000000001
768022221.9852821,1.592529
768022224.091853,2.048085
768022226.015819,1.8614860000000002
768022227.971995,1.897209
768022230.006673,1.951154
768022232.1265,2.057156
768022233.806398,1.618524
768022235.763952,1.89812
768022237.511341,1.6887079999999999
768022239.625986,2.053092
768022241.543953,1.859346
768022243.5975599,1.9923100000000002
768022245.773012,2.11673
768022248.0341179,2.20246
768022249.78477,1.686057
768022251.426283,1.582671
768022253.0737699,1.588715
768022254.733706,1.597831
768022256.680449,1.888092
768022258.3592091,1.6170259999999999
768022260.280248,1.862633
768022262.1622609,1.820705
768022264.261445,2.040031
768022265.971738,1.6485589999999999
768022267.872841,1.842395
768022269.836564,1.905157
768022271.819497,1.919967
768022273.8047761,1.9262409999999999
768022275.7681831,1.900606
768022277.467791,1.640586
768022279.21674,1.6859609999999998
768022281.240648,1.9647610000000002
768022283.290948,1.9688800000000002
768022285.503336,2.152688
768022287.4775541,1.91253
768022289.507592,1.9713119999999997
768022291.7144021,2.14474
768022293.478841,1.705933
768022295.4933829,1.9558700000000002
768022297.6878179,2.135899
768022299.837164,2.0871560000000002
768022302.013152,2.1173810000000004
768022304.2496051,2.177892
768022306.029856,1.718367
768022308.190483,2.1014190000000004
768022309.9484919,1.6949720000000001
768022311.814899,1.8075949999999998
768022313.611904,1.738604
768022315.597674,1.924322
768022317.525418,1.8684960000000002
768022319.345171,1.757513
768022321.067302,1.663264
768022322.9469299,1.8210870000000001
768022324.656356,1.650184
768022326.500571,1.7823360000000001
768022328.176319,1.616575
768022330.254264,2.0159599999999998
768022332.14826,1.835184
768022334.097449,1.88723
768022336.125578,1.968775
768022337.861751,1.674214
768022339.548479,1.6283370000000001
768022341.295884,1.6881220000000001
768022343.248922,1.891475
768022345.152285,1.844706
768022347.3677701,2.154031
768022349.166719,1.740458
768022351.342171,2.116825
768022353.5843279,2.183525
768022355.537697,1.8914
768022357.581737,1.985133
768022359.5437521,1.900095
768022361.5100011,1.908004
768022363.496688,1.9249079999999998
768022365.416505,1.8612900000000001
768022367.730589,2.251088
768022369.9404861,2.151169
768022372.643531,2.641422
768022375.251044,2.545814
768022377.620467,2.310797
768022379.47265,1.7890009999999998
768022381.561846,2.030304
768022383.331257,1.684287
768022385.1939,1.804277
768022387.133893,1.878721
768022388.90597,1.713391
768022391.116553,2.1526940000000003
768022392.951907,1.776567
768022394.744547,1.728656
768022396.762913,1.959629
768022398.561041,1.737136
768022400.5802591,1.9610220000000003
768022402.352597,1.710484
768022404.124549,1.7135500000000001
768022406.323219,2.137017
768022408.245872,1.864332
768022410.4475341,2.140149
768022412.715135,2.208749
768022414.74799,1.97088
768022416.827418,2.020761
768022419.049914,2.161268
768022421.067923,1.958787
768022423.158166,2.0287349999999997
768022425.1125579,1.896006
768022427.016392,1.841664
768022428.96089,1.8855709999999999
768022431.0049009,1.980959
768022432.926666,1.86373
768022435.226678,2.238734
768022437.162607,1.877126
768022439.051226,1.826805
768022441.384275,2.2740859999999996
768022443.421058,1.9751500000000002
768022445.546343,2.066507
768022447.326358,1.721093
768022449.184696,1.7998619999999999
768022450.953571,1.706925
768022452.656672,1.644214
768022454.527975,1.813298
768022456.461443,1.874716
768022458.538706,2.014748
768022460.527147,1.9295639999999998
768022462.690976,2.102421
768022464.930311,2.1800420000000003
768022467.1059029,2.113963
768022469.319443,2.154803
768022471.2438201,1.862693
768022473.4496319,2.147642
768022475.385666,1.8740700000000001
768022477.439559,1.994765
768022479.6127809,2.1115180000000002
768022481.403582,1.731738
768022483.177724,1.7122380000000001
768022484.9468491,1.710068
768022486.880633,1.875488
768022488.9154719,1.9762080000000002
768022490.8532,1.875638
768022493.05404,2.142109
768022494.968504,1.8528399999999998
768022497.153062,2.126081
768022498.983499,1.76715
768022500.750941,1.708007
768022502.681377,1.872014
768022504.525546,1.765712
768022506.492748,1.9056030000000002
768022508.618413,2.066362
768022510.739127,2.058479
768022512.5820891,1.783724
768022514.82155,2.177922
768022517.089868,2.2097420000000003
768022519.304135,2.1527640000000003
768022521.580116,2.2176299999999998
768022523.345899,1.703006
768022525.237689,1.833084
768022526.9777219,1.6774470000000001
768022528.7234219,1.6870290000000001
768022530.893792,2.1120039999999998
768022533.094963,2.142545
768022535.044529,1.887351
768022537.1650621,2.061827
768022539.080052,1.853291
768022541.591336,2.452261
768022543.574289,1.9105750000000001
768022545.4395881,1.8060960000000001
768022547.341853,1.841128
768022549.1515429,1.7506519999999999
768022551.071534,1.8617110000000001
768022552.8672869,1.73716
768022554.882329,1.9525320000000002
768022556.757256,1.8157539999999999
768022558.773652,1.954918
768022560.930716,2.098247
768022562.943965,1.950879
768022564.961724,1.959022
768022566.788093,1.7646350000000002
768022568.817785,1.9711210000000001
768022570.57168,1.6918499999999999
768022572.509628,1.879462
768022574.275746,1.703933
768022576.204328,1.86998
768022578.443001,2.1773759999999998
768022580.7821339,2.280266
768022583.0449339,2.200199
768022585.2806209,2.176599
768022587.2358891,1.893891
768022589.374555,2.079644
768022591.657833,2.221153
768022593.7492679,2.0324980000000004
768022595.8950809,2.083242
768022597.894233,1.9405489999999999
768022600.025291,2.071655
768022601.886265,1.7964840000000002
768022603.816105,1.870682
768022605.79373,1.918964
768022608.15508,2.2994410000000003
768022610.32767,2.110119
768022612.523654,2.136992
768022614.8460331,2.260158
768022617.29038,2.385405
768022619.230569,1.8779190000000001
768022621.689245,2.3997889999999997
768022623.756028,2.001727
768022625.963048,2.148298
768022627.952121,1.9303949999999999
768022630.2227291,2.186131
768022632.299004,2.014562
768022634.5251989,2.1625669999999997
768022636.748837,2.165247
768022638.8561001,2.045263
768022641.0972401,2.181575
768022643.253817,2.094067
768022645.541871,2.229146
768022647.654676,2.051222
768022649.652664,1.939116
768022651.686461,1.9714620000000003
768022653.565973,1.821161
768022655.54627,1.9215250000000001
768022657.8420471,2.2372009999999998
768022659.967111,2.063255
768022661.9254279,1.874891
768022663.91012,1.92567
768022665.621266,1.6522729999999999
768022667.541132,1.85691
768022669.553819,1.9536000000000002
768022671.578795,1.963312
768022673.522818,1.8855009999999999
768022675.349216,1.764189
768022677.4343921,2.026534
768022679.592368,2.095961
768022681.944,2.293006
768022684.20895,2.2029110000000003
768022686.368619,2.100472
768022688.563772,2.13599
768022690.778565,2.152293
768022692.752196,1.9150250000000002
768022694.534918,1.720647
768022696.3967941,1.80346
768022698.526389,2.067901
768022700.6282489,2.01812
768022702.772357,2.081723
768022704.904949,2.07368
768022707.094794,2.128738
768022709.0274351,1.8740700000000001
768022710.7542671,1.664501
768022712.861148,2.04847
768022715.266475,2.342185
768022717.379887,2.0544700000000002
768022719.444731,2.002855
768022721.78629,2.2826169999999997
768022723.958384,2.110065
768022726.028189,1.9822910000000002
768022728.0434431,1.952963
768022730.142932,2.034844
768022732.253207,2.0323279999999997
768022734.499729,2.130678
768022736.2341729,1.6750859999999999
768022738.084783,1.789292
768022740.2438409,2.100321
768022742.232493,1.927179
768022744.201554,1.909492
768022746.522599,2.258314
768022748.359362,1.77753
768022750.231818,1.81007
768022752.2733971,1.9822860000000002
768022754.198897,1.863224
768022755.957332,1.699854
768022757.999323,1.9585110000000001
768022760.197377,2.135779
768022762.21242,1.9528690000000002
768022764.051904,1.780617
768022766.72949,2.6146540000000003
768022769.0678511,2.279268
768022770.9032661,1.7724929999999999
768022772.967007,2.00532
768022775.0749661,2.045709
768022776.966396,1.832874
768022779.1623349,2.133899
768022781.269799,2.048766
768022783.560914,2.229146
768022785.8711101,2.251493
768022788.0231869,2.0676710000000003
768022790.147148,2.062654
768022792.331145,2.125364
768022794.318468,1.9256099999999998
768022796.348491,1.9707890000000001
768022798.271494,1.860894
768022800.391466,2.061516
768022802.644088,2.190627
768022804.673269,1.970454
768022806.563953,1.828152
768022808.552664,1.929794
768022810.455431,1.840842
768022812.341588,1.827401
768022814.297674,1.892969
768022816.3196529,1.9629320000000001
768022818.287776,1.906219
768022820.328339,1.9821019999999998
768022822.303769,1.9136360000000001
768022824.1277369,1.765141
768022826.120964,1.930937
768022828.1499,1.969496
768022830.3016059,2.090027
768022832.282905,1.9229589999999999
768022834.080196,1.735692
768022836.124246,1.98577
768022838.378501,2.191925
768022840.303098,1.865976
768022842.1238589,1.758586
768022844.379042,2.196632
768022846.183304,1.742333
768022848.190809,1.949605
768022849.963929,1.71113
768022851.9239581,1.901433
768022853.726942,1.743706
768022855.949133,2.1608780000000003
768022857.755194,1.7223620000000002
768022859.71576,1.89774
768022861.7557709,1.9812290000000001
768022863.978217,2.1601559999999997
768022866.178311,2.11706
768022868.235582,1.9954880000000002
768022870.013803,1.715139
768022872.7468079,2.674649
768022875.2455981,2.43707
768022877.781784,2.477655
768022880.092005,2.2487380000000003
768022882.160067,2.009661
768022884.099033,1.880109
768022886.281341,2.1196460000000004
768022888.3940109,2.053277
768022890.741934,2.286084
768022893.043534,2.2427279999999996
768022895.265519,2.159875
768022897.468159,2.144148
768022899.7637601,2.232961
768022901.749104,1.926703
768022904.131838,2.324273
768022906.292991,2.098487
768022908.277748,1.925965
768022910.474058,2.134366
768022912.717634,2.1845369999999997
768022914.726387,1.946779
768022916.80595,2.020736
768022918.708521,1.841218
768022920.81206,2.0446269999999998
768022923.308153,2.434219
768022925.56318,2.196646
768022927.458128,1.8315160000000001
768022929.829456,2.312415
768022931.8519859,1.9597339999999999
768022934.1265681,2.215931
768022936.104575,1.918318
768022938.023569,1.857015
768022940.5660851,2.482727
768022942.877043,2.249019
768022945.0777091,2.141818
768022947.2185091,2.078355
768022949.467262,2.189679
768022951.647108,2.117672
768022953.609594,1.904004
768022955.676638,2.0048739999999996
768022957.904055,2.16824
768022959.9005951,1.934536
768022961.691521,1.7324899999999999
768022963.6414471,1.871604
768022965.761565,2.060513
768022967.94961,2.126237
768022970.1594421,2.127635
768022972.423911,2.199803
768022974.459607,1.9726650000000001
768022976.62067,2.1020600000000003
768022978.5573751,1.8744910000000001
768022980.797472,2.1806289999999997
768022982.707671,1.84838
768022984.782443,2.015775
768022986.69602,1.852004
768022988.798692,2.044076
768022990.766535,1.906044
768022993.0783889,2.253212
768022995.334739,2.19425
768022997.739946,2.34621
768022999.798791,1.9973560000000001
768023001.613081,1.755078
768023003.494879,1.82294
768023005.7296879,2.1759980000000003
768023007.876343,2.08473
768023010.090905,2.155345
768023012.075302,1.925465
768023014.444991,2.30788
768023016.569744,2.066207
768023018.831396,2.199778
768023020.815186,1.925875
768023022.675163,1.798243
768023024.426847,1.692857
768023026.6405929,2.1287480000000003
768023028.917736,2.218035
768023030.8621949,1.881958
768023032.664493,1.743857
768023034.693819,1.967061
768023036.741137,1.9887110000000001
768023039.161123,2.358082
768023041.737473,2.517548
768023043.934921,2.134887
768023046.17348,2.179526
768023048.412364,2.1801120000000003
768023050.665792,2.191945
768023052.738278,2.012817
768023054.769519,1.9693520000000002
768023056.666702,1.838316
768023058.844615,2.115486
768023061.0651209,2.160542
768023063.1129401,1.985925
768023065.229941,2.058218
768023067.176184,1.884263
768023069.2205,1.986136
768023070.994958,1.7150850000000002
768023072.907673,1.854319
768023074.642017,1.671402
768023076.569616,1.868737
768023078.278541,1.646715
768023080.058702,1.721454
768023082.265271,2.143878
768023084.492047,2.1682099999999997
768023086.6896449,2.1354830000000002
768023088.914707,2.166385
768023090.837124,1.859962
768023092.899262,2.003396
768023094.68449,1.723448
768023096.7683879,2.0253419999999998
768023098.682541,1.8522939999999999
768023100.666962,1.925284
768023102.585931,1.85721
768023104.716488,2.071584
768023106.885069,2.105203
768023108.881964,1.937823
768023110.923604,1.979184
768023112.8994659,1.916975
768023114.9272981,1.9658980000000001
768023117.2237021,2.237957
768023119.142049,1.855672
768023121.632354,2.431558
768023123.507291,1.812751
768023125.855008,2.288334
768023127.7651069,1.847928
768023130.041228,2.2168219999999996
768023132.026471,1.926567
768023134.036467,1.946077
768023135.959426,1.8640160000000001
768023138.3372539,2.2958629999999998
768023140.5955139,2.195529
768023142.551108,1.893335
768023144.708056,2.098046
768023147.066419,2.296338
768023149.206939,2.080871
768023151.481506,2.212768
768023153.6366711,2.095841
768023155.689547,1.9914070000000001
768023157.9645301,2.216618
768023159.810293,1.7867810000000002
768023161.819157,1.9500769999999998
768023164.0800569,2.1987859999999997
768023165.8843739,1.742388
768023167.935336,1.9925059999999999
768023170.037918,2.043844
768023172.1112659,2.01182
768023174.2184839,2.0446969999999998
768023176.169813,1.893024
768023178.2316049,1.99861
768023180.100217,1.810146
768023181.834311,1.6724109999999999
768023183.9314,2.038107
768023186.354348,2.3638399999999997
768023188.542439,2.125886
768023190.7092509,2.104962
768023193.057259,2.289096
768023195.54833,2.40909
768023197.660705,2.053483
768023199.5799301,1.855832
768023201.6273279,1.9889370000000002
768023203.519008,1.829661
768023205.558809,1.9812089999999998
768023207.739422,2.118268
768023209.846084,2.047693
768023212.099707,2.194746
768023214.4147689,2.252206
768023216.5683889,2.0949739999999997
768023218.7561101,2.125606
768023220.892581,2.0778
768023222.9997541,2.044486
768023225.06558,2.007104
768023227.440375,2.313042
768023229.693342,2.1942749999999998
768023231.965248,2.210112
768023233.989337,1.939948
768023236.064701,2.016903
768023238.212859,2.085637
768023240.160038,1.8889390000000001
768023242.127044,1.905262
768023244.0509,1.864578
768023246.391922,2.278943
768023248.886807,2.436279
768023251.328283,2.379652
768023253.841797,2.4545359999999996
768023256.299857,2.3957599999999997
768023258.726624,2.367694
768023261.1462741,2.3609590000000003
768023263.2126421,2.0042380000000004
768023264.903565,1.632187
768023267.023598,2.061462
768023268.970578,1.888614
768023271.0899041,2.057506
768023272.985649,1.8363260000000001
768023274.924514,1.8766010000000002
768023276.814681,1.830629
768023278.945899,2.069956
768023281.086019,2.081362
768023283.106905,1.959554
768023285.3555269,2.188883
768023287.460625,2.043068
768023289.7082491,2.188462
768023291.807684,2.0376700000000003
768023293.9516621,2.0853870000000003
768023295.98612,1.9753209999999999
768023298.20607,2.136215
768023300.1638789,1.895524
768023302.2491609,2.024124
768023304.280211,1.972128
768023306.539312,2.1969160000000003
768023308.812161,2.214081
768023311.018775,2.144248
768023313.322119,2.244828
768023315.5877401,2.203747
768023317.939928,2.293797
768023320.155944,2.153786
768023322.301586,2.087191
768023324.143376,1.7830030000000001
768023325.8875281,1.682018
768023327.596884,1.6507500000000002
768023329.722429,2.0668689999999996
768023331.6766,1.892934
768023333.7698901,2.034598
768023335.74686,1.915171
768023338.2785009,2.4728939999999997
768023340.457121,2.119868
768023342.557197,2.038377
768023344.603317,1.9877850000000001
768023346.651833,1.987213
768023348.5693179,1.858754
768023350.578904,1.947886
768023352.921675,2.283248
768023354.96127,1.954131
768023356.8682159,1.848114
768023358.782549,1.8516819999999998
768023360.552937,1.7123329999999999
768023362.727141,2.111959
768023364.604999,1.819868
768023366.7326541,2.0647629999999997
768023368.977528,2.186286
768023371.5779641,2.5388580000000003
768023374.037537,2.401032
768023376.390417,2.291251
768023378.7708701,2.317713
768023380.717544,1.888137
768023382.7190601,1.939572
768023384.645712,1.868025
768023386.5722641,1.864948
768023388.796038,2.164982
768023391.002717,2.14498
768023393.065552,2.0041019999999996
768023394.986014,1.858263
768023397.122324,2.078009
768023399.128893,1.944398
768023401.196007,2.00921
768023403.140431,1.8807800000000001
768023405.216997,2.0177039999999997
768023407.131366,1.851131
768023409.323281,2.1331480000000003
768023411.436652,2.051042
768023413.62123,2.125761
768023415.528898,1.845273
768023417.5795889,1.9920499999999999
768023419.500933,1.8592199999999999
768023421.6151819,2.055487
768023423.59145,1.918218
768023425.841515,2.191389
768023428.130481,2.22626
768023430.340012,2.131304
768023432.362993,1.9643149999999998
768023434.260297,1.835801
768023436.563952,2.245014
768023438.9102421,2.28388
768023441.132382,2.163885
768023443.4024839,2.2085579999999996
768023445.7726741,2.311784
768023447.8444439,2.010557
768023449.929756,2.027081
768023452.282856,2.2942980000000004
768023454.554511,2.209701
768023456.986611,2.373793
768023459.343715,2.29523
768023461.6951311,2.292529
768023463.642106,1.885116
768023465.504759,1.8039969999999999
768023467.2313751,1.664397
768023469.212599,1.9229340000000001
768023471.012972,1.738449
768023473.0278139,1.956546
768023474.749399,1.662988
768023476.81969,2.01177
768023478.810712,1.9294939999999998
768023480.9785559,2.1085760000000002
768023483.0989901,2.059076
768023485.05893,1.901645
768023487.036576,1.9157359999999999
768023489.2693911,2.1744339999999998
768023490.988199,1.656913
768023492.8280131,1.781534
768023494.77828,1.891881
768023497.4292741,2.5925879999999997
768023499.859649,2.368526
768023502.225224,2.3070429999999997
768023504.582529,2.298969
768023506.325854,1.681632
768023508.35111,1.9661639999999998
768023510.27896,1.866552
768023512.072653,1.735131
768023513.8396931,1.704901
768023516.09468,2.196234
768023518.391935,2.2348239999999997
768023520.658929,2.208498
768023522.8178979,2.095792
768023524.843235,1.967051
768023526.930045,2.024775
768023528.897863,1.908615
768023530.908997,1.948979
768023532.839147,1.870937
768023534.694608,1.7940580000000002
768023536.884057,2.130622
768023539.098891,2.151671
768023541.667878,2.5105269999999997
768023543.673499,1.942729
768023545.5360221,1.803741
768023547.5777869,1.97964
768023549.4183639,1.782241
768023551.633227,2.153586
768023553.8692391,2.177085
768023555.792038,1.8646120000000002
768023557.831562,1.981099
768023560.035706,2.142113
768023561.932945,1.83141
768023563.654209,1.662733
768023565.538798,1.825958
768023567.265339,1.6643409999999998
768023569.528971,2.204925
768023571.523105,1.932205
768023573.7269781,2.145256
768023576.126741,2.337975
768023578.2219809,2.032308
768023580.547918,2.267411
768023582.757955,2.147366
768023585.021431,2.2046639999999997
768023587.228852,2.144574
768023589.112925,1.8258370000000002
768023591.297483,2.1227440000000004
768023593.2558141,1.8999139999999999
768023595.4441401,2.126939
768023597.418654,1.9153900000000001
768023599.456069,1.978788
768023601.522712,2.0078359999999997
768023603.60658,2.021012
768023605.4401461,1.7746890000000002
768023607.3695741,1.86783
768023609.281642,1.8534160000000002
768023611.516858,2.1734720000000003
768023613.8106301,2.235411
768023615.789253,1.916453
768023618.114909,2.266739
768023620.1195431,1.946223
768023622.9265101,2.744963
768023625.4862969,2.501546
768023627.969575,2.4214140000000004
768023630.7268169,2.674308
768023632.940657,2.155309
768023635.2268671,2.224727
768023637.384266,2.098913
768023639.391506,1.945576
768023641.207486,1.757278
768023643.24654,1.976218
768023645.294595,1.9894029999999998
768023647.385755,2.029422
768023649.462927,2.018486
768023651.6408999,2.115075
768023653.91894,2.219354
768023655.780876,1.799155
768023657.572724,1.73248
768023659.814731,2.183666
768023661.801423,1.9084340000000002
768023664.091687,2.2255629999999997
768023666.5734661,2.419034
768023668.578145,1.9423439999999998
768023670.6878029,2.0477440000000002
768023672.9314741,2.184672
768023675.119254,2.1262719999999997
768023677.2726691,2.094809
768023679.195989,1.861316
768023681.092942,1.836848
768023683.557848,2.382775
768023685.532898,1.916524
768023687.640853,2.045659
768023690.031866,2.332382
768023691.979166,1.885737
768023694.259131,2.19208
768023696.251361,1.933333
768023698.366752,2.053718
768023700.758092,2.332437
768023702.784691,1.963693
768023704.854772,2.01177
768023706.891195,1.973742
768023709.032677,2.0827649999999998
768023711.107414,2.012878
768023713.0690681,1.902476
768023715.1456391,2.013815
768023717.3682,2.163634
768023719.247121,1.817272
768023721.0619279,1.755418
768023722.7994189,1.675427
768023724.737137,1.879031
768023726.474784,1.676094
768023728.64158,2.107714
768023730.884113,2.180618
768023732.847034,1.90417
768023734.812096,1.903097
768023737.097909,2.226982
768023739.073706,1.913942
768023741.267795,2.1346260000000004
768023743.517284,2.1866670000000004
768023745.737435,2.161615
768023748.139619,2.3435029999999997
768023750.484716,2.283238
768023752.758772,2.214417
768023754.993682,2.1725999999999996
768023756.883563,1.830959
768023759.17248,2.227022
768023761.3958881,2.16401
768023763.532194,2.074396
768023765.94584,2.3548850000000003
768023768.1832349,2.17497
768023770.165843,1.92357
768023772.217135,1.992455
768023774.6307911,2.3512709999999997
768023776.803085,2.113522
768023778.884312,2.017879
768023780.889387,1.946057
768023782.849472,1.896743
768023784.973022,2.064979
768023787.111954,2.0774589999999997
768023789.466668,2.295582
768023791.7879591,2.258946
768023793.6666839,1.820294
768023795.398387,1.672911
768023797.4329361,1.9759410000000002
768023799.5471749,2.052476
768023801.909046,2.303385
768023804.0810151,2.112916
768023805.997784,1.8540130000000001
768023807.871919,1.8154130000000002
768023809.8300639,1.898852
768023812.155625,2.263045
768023814.548844,2.330137
768023816.73724,2.129569
768023818.93981,2.141152
768023821.264103,2.264309
768023823.116587,1.789357
768023824.9304221,1.754631
768023826.636806,1.646785
768023828.347545,1.652168
768023830.08216,1.6717030000000002
768023832.318252,2.1770549999999997
768023834.267061,1.887035
768023836.1246619,1.799085
768023838.397235,2.209501
768023840.589335,2.13377
768023842.516273,1.8654190000000002
768023844.503862,1.928952
768023846.84763,2.282
768023848.9254639,2.019193
768023851.127112,2.139958
768023853.522295,2.336492
768023855.5881809,2.003992
768023857.6986661,2.052044
768023860.03624,2.2753539999999997
768023862.325627,2.22844
768023864.607757,2.223073
768023866.941232,2.271741
768023869.0372239,2.037446
768023871.485015,2.385641
768023874.19012,2.646463
768023876.767923,2.516125
768023879.256073,2.428982
768023881.7910221,2.476121
768023884.348182,2.495196
768023886.885792,2.478944
768023889.543241,2.598878
768023891.554861,1.9498149999999999
768023893.8822011,2.26904
768023896.119306,2.173828
768023898.231941,2.054224
768023900.10376,1.794193
768023902.0063909,1.8405909999999999
768023904.15069,2.0858529999999997
768023905.954356,1.741501
768023907.978757,1.9651870000000002
768023910.0125229,1.9501570000000001
768023911.8159131,1.741571
768023913.598735,1.723369
768023915.823125,2.161905
768023917.8299689,1.947977
768023919.766444,1.87434
768023921.684521,1.858914
768023923.89098,2.143928
768023925.869974,1.920162
768023927.66511,1.733041
768023929.5043579,1.7797850000000002
768023931.707013,2.14038
768023933.636331,1.8705370000000001
768023936.068916,2.373818
768023938.242092,2.111497
768023940.66699,2.365595
768023942.838953,2.109493
768023945.032086,2.1348920000000002
768023947.116902,2.022847
768023949.098998,1.9233449999999999
768023951.141084,1.9798810000000002
768023953.331345,2.131464
768023955.084568,1.690282
768023956.846406,1.7030560000000001
768023958.789737,1.884093
768023960.782007,1.9334930000000001
768023962.762875,1.918498
768023964.960093,2.138495
768023967.183831,2.16195
768023969.384757,2.142359
768023971.581714,2.1351880000000003
768023973.488695,1.8475430000000002
768023975.816416,2.2657670000000003
768023977.797931,1.923104
768023980.205232,2.348349
768023982.501701,2.233652
768023984.294711,1.733898
768023986.488361,2.131484
768023988.234623,1.687486
768023990.625992,2.328728
768023992.516275,1.831585
768023994.8820391,2.302933
768023997.241073,2.300438
768023999.400001,2.0970239999999998
768024001.668975,2.210648
768024004.040223,2.309213
768024006.103433,2.002619
768024008.180866,2.018867
768024010.101454,1.859075
768024011.9516829,1.791728
768024013.659646,1.599721
768024015.631714,1.910273
768024017.633846,1.943842
768024019.547729,1.851677
768024021.860119,2.253959
768024024.230661,2.308462
768024026.443174,2.150468
768024028.3650639,1.8627179999999999
768024030.478622,2.051924
768024032.314227,1.7769490000000001
768024034.600481,2.223804
768024036.515682,1.856258
768024038.38485,1.807816
768024040.561519,2.117918
768024042.323863,1.70031
768024044.530954,2.148899
768024046.509968,1.917475
768024048.727076,2.158903
768024051.0958229,2.306551
768024053.183079,2.02904
768024055.3536539,2.1095430000000004
768024057.447656,2.0342670000000003
768024059.250194,1.7408700000000001
768024061.295658,1.9871429999999999
768024063.4032769,2.0461250000000004
768024065.795809,2.334502
768024068.028959,2.171246
768024070.544834,2.454526
768024072.6410561,2.037425
768024074.817865,2.114805
768024076.804803,1.928711
768024078.871446,2.004753
768024080.853356,1.923615
768024082.775343,1.859741
768024084.92542,2.091932
768024086.8910929,1.9040949999999999
768024089.054306,2.1051130000000002
768024091.3102001,2.193473
768024093.4593201,2.090589
768024095.732133,2.210133
768024097.9245,2.134241
768024099.928918,1.945987
768024101.868561,1.8815069999999998
768024103.6580279,1.727969
768024105.438921,1.722527
768024107.1678771,1.6670719999999999
768024108.985786,1.758671
768024110.76939,1.7255790000000002
768024112.517787,1.689891
768024114.545484,1.9661589999999998
768024116.471445,1.8671980000000001
768024118.290511,1.757669
768024120.0602629,1.711617
768024122.6382921,2.514381
768024125.1251429,2.428521
768024127.629762,2.442553
768024130.090422,2.381737
768024132.650073,2.497877
768024134.8027719,2.094187
768024136.638567,1.777018
768024138.4305611,1.7301650000000002
768024140.1069499,1.6177730000000001
768024142.04784,1.879532
768024144.0374739,1.930877
768024145.800951,1.700015
768024147.837489,1.9780069999999998
768024149.6222149,1.725468
768024151.432451,1.747976
768024153.221788,1.7300639999999998
768024155.343369,2.059516
768024157.307609,1.905538
768024159.2275261,1.857987
768024161.135289,1.8491270000000002
768024163.377441,2.183345
768024165.136168,1.699242
768024166.752973,1.5542399999999998
768024168.483278,1.672215
768024170.3030009,1.7586060000000001
768024172.464414,2.102642
768024174.656675,2.127776
768024176.873954,2.158427
768024178.8285509,1.892678
768024180.857521,1.9701380000000002
768024182.775919,1.856363
768024184.630829,1.795822
768024186.535926,1.843313
768024188.584397,1.989874
768024190.7924739,2.146163
768024192.783366,1.932345
768024194.705482,1.860583
768024196.63468,1.870717
768024198.380165,1.683641
768024200.024615,1.586009
768024201.945403,1.856153
768024203.782697,1.778677
768024205.560578,1.7196150000000001
768024207.555519,1.932752
768024209.3337301,1.7194800000000001
768024211.389789,1.994334
768024213.3769511,1.927684
768024215.5724,2.133664
768024217.379984,1.7486069999999998
768024219.358557,1.917531
768024221.076724,1.659384
768024222.78826,1.65313
768024224.711233,1.864116
768024226.557142,1.7844659999999999
768024228.605052,1.9885810000000002
768024230.515141,1.848089
768024232.4236809,1.848842
768024234.097634,1.6123750000000001
768024235.853909,1.6972829999999999
768024237.553007,1.64036
768024239.154201,1.539555
768024240.8203859,1.607664
768024242.4959129,1.6140690000000002
768024244.302581,1.747671
768024246.583924,2.219655
768024248.9013959,2.2588109999999997
768024251.194296,2.231026
768024253.605081,2.352128
768024255.8561131,2.1892690000000004
768024258.2486099,2.333264
768024260.6768299,2.365113
768024263.10286,2.362943
768024265.480588,2.319446
768024267.734702,2.191784
768024270.048572,2.254846
768024272.262814,2.1517820000000003
768024274.510869,2.186407
768024276.942793,2.373423
768024279.710519,2.706012
768024282.163231,2.394181
768024284.6852651,2.459218
768024287.0933081,2.3458189999999997
768024289.412805,2.26048
768024291.735479,2.26067
768024293.716728,1.9234339999999999
768024295.943935,2.168129
768024297.9570941,1.9296339999999998
768024299.6137719,1.594448
768024301.851799,2.1799570000000004
768024304.1121739,2.198245
768024306.274621,2.104096
768024308.503552,2.1704049999999997
768024310.443084,1.878415
768024312.545395,2.043624
768024314.3015699,1.694145
768024316.163096,1.802819
768024317.970289,1.74557
768024319.953669,1.924747
768024322.2130561,2.173827
768024324.185178,1.91085
768024325.887874,1.64018
768024327.727288,1.7811439999999998
768024329.560076,1.774217
768024331.314352,1.66841
768024333.161113,1.787383
768024335.163316,1.940815
768024336.885647,1.6637449999999998
768024339.086783,2.139523
768024340.827582,1.682528
768024343.0027981,2.113457
768024345.17619,2.1141490000000003
768024347.1109459,1.873203
768024348.845009,1.674971
768024350.821046,1.898226
768024352.572616,1.692266
768024354.429014,1.794214
768024356.1726149,1.685069
768024357.950525,1.7156
768024359.7477959,1.737998
768024361.723953,1.917365
768024363.6347979,1.84855
768024365.4110501,1.7177
768024367.43092,1.958577
768024369.4989569,2.009244
768024372.268106,2.70717
768024374.6779331,2.35087
768024377.293249,2.5562739999999997
768024379.680584,2.3258419999999997
768024382.2933741,2.554093
768024384.793566,2.441476
768024386.7318051,1.876455
768024388.7818,1.9906009999999998
768024390.758513,1.914699
768024392.731042,1.9138519999999999
768024394.836932,2.043595
768024397.06468,2.169012
768024399.036627,1.909878
768024401.070629,1.9746590000000002
768024402.9729099,1.8410080000000002
768024404.809116,1.776908
768024406.688794,1.817754
768024408.6235499,1.8764299999999998
768024410.873079,2.187836
768024412.895585,1.963719
768024414.670303,1.712073
768024416.778528,2.049423
768024418.730574,1.889837
768024420.711327,1.9222270000000001
768024422.516346,1.743605
768024424.636919,2.062478
768024426.5979309,1.898982
768024428.569468,1.9128450000000001
768024430.6005579,1.969602
768024432.328347,1.668666
768024434.275096,1.885081
768024436.152583,1.818435
768024438.267624,2.053472
768024440.085879,1.760115
768024442.316774,2.16836
768024444.514879,2.139523
768024446.7891511,2.212408
768024449.0144839,2.166542
768024450.8532809,1.776918
768024452.901426,1.9895440000000002
768024454.722923,1.759282
768024456.433262,1.6519519999999999
768024458.3527919,1.858403
768024459.985996,1.5740450000000001
768024461.707941,1.632136
768024463.3043289,1.5342140000000002
768024464.821422,1.458357
768024466.466879,1.583924
768024468.161255,1.6360949999999999
768024470.4080831,2.184904
768024472.3183271,1.851361
768024474.283152,1.903803
768024476.059991,1.717951
768024478.241436,2.118349
768024480.2003081,1.899539
768024481.898648,1.6363059999999998
768024483.9673411,2.0099810000000002
768024486.146386,2.0938820000000002
768024488.3570449,2.147907
768024490.6087041,2.190307
768024492.674465,2.006478
768024494.738532,2.0026089999999996
768024497.585678,2.787908
768024500.067187,2.419259
768024502.5213231,2.394858
768024504.920941,2.340125
768024506.834027,1.851492
768024508.594412,1.701031
768024510.511772,1.855366
768024512.77387,2.203391
768024514.7436781,1.90849
768024516.509621,1.707236
768024518.2229509,1.651662
768024520.123958,1.8426619999999998
768024522.307037,2.1206039999999997
768024524.155783,1.7904749999999998
768024525.897459,1.679897
768024527.902383,1.946593
768024529.713737,1.7528730000000001
768024531.4722381,1.6959099999999998
768024533.7596561,2.229152
768024535.7530681,1.930932
768024537.830507,2.018671
768024539.683763,1.794674
768024541.765355,2.022911
768024543.5898399,1.763021
768024545.3415141,1.692863
768024547.61772,2.213961
768024549.882926,2.2067240000000004
768024551.84511,1.900185
768024553.899986,1.997131
768024556.13888,2.180192
768024558.067747,1.867429
768024559.8641111,1.737101
768024561.749743,1.82722
768024563.9598399,2.148293
768024565.795054,1.751404
768024568.126248,2.269255
768024570.287266,2.098453
768024572.4525939,2.105959
768024574.415701,1.8819780000000002
768024576.402783,1.928597
768024578.33344,1.8684509999999999
768024580.384156,1.9911719999999997
768024582.333135,1.886654
768024584.489618,2.0975360000000003
768024586.6593009,2.107819
768024588.841187,2.123255
768024590.8525369,1.948984
768024592.6476771,1.736619
768024594.5404799,1.829801
768024596.5711449,1.972003
768024598.404409,1.770779
768024600.308083,1.845047
768024602.296333,1.926311
768024604.2799629,1.924968
768024606.3644329,2.0221240000000003
768024608.5618601,2.1389820000000004
768024610.6642361,2.0407580000000003
768024612.6648461,1.9408100000000001
768024614.908526,2.181852
768024617.17737,2.210423
768024619.280844,2.0418760000000002
768024621.74586,2.406345
768024624.252578,2.443892
768024626.458351,2.1469359999999997
768024628.543332,2.02629
768024630.295788,1.6905970000000001
768024632.30161,1.94687
768024634.3301541,1.96646
768024636.211009,1.821963
768024638.200588,1.927003
768024640.15306,1.89373
768024642.2614911,2.046205
768024644.542914,2.222762
768024646.750059,2.1218470000000003
768024648.793608,1.984847
768024650.584098,1.728566
768024652.5870831,1.944128
768024654.542302,1.8925070000000002
768024656.6807669,2.079503
768024658.915607,2.170274
768024660.909064,1.934375
768024662.9323109,1.960912
768024665.1878339,2.196871
768024667.4762391,2.22638
768024669.4857091,1.9508830000000001
768024671.531678,1.9834140000000002
768024673.5348439,1.9443679999999999
768024675.580202,1.9824220000000001
768024677.656939,2.01811
768024679.605211,1.889751
768024681.789498,2.125275
768024684.033499,2.180548
768024685.974565,1.876205
768024688.071208,2.038171
768024690.1583941,2.025332
768024692.269717,2.05243
768024694.268832,1.9369509999999999
768024696.460512,2.132551
768024698.391248,1.868877
768024700.459335,2.009119
768024702.356769,1.8351890000000002
768024704.667084,2.251729
768024706.573825,1.844862
768024708.904242,2.272272
768024710.834317,1.86774
768024712.953107,2.0606240000000002
768024714.76212,1.746793
768024716.894676,2.073639
768024718.8990489,1.941366
768024721.106941,2.149401
768024723.36919,2.20026
768024725.615351,2.187239
768024727.625884,1.948328
768024729.8464609,2.161901
768024731.791681,1.882685
768024733.805351,1.9550180000000001
768024735.8813909,2.017409
768024737.847124,1.907027
768024739.8276709,1.9187640000000001
768024741.6877329,1.801701
768024743.776077,2.0252619999999997
768024745.6855791,1.851081
768024748.034199,2.286845
768024750.530748,2.432531
768024753.005687,2.416588
768024755.288694,2.2209679999999996
768024757.680614,2.3327579999999997
768024759.644443,1.9020199999999998
768024761.5517999,1.848951
768024763.6676329,2.0538779999999996
768024766.049345,2.32325
768024767.940514,1.8288250000000001
768024770.328005,2.328834
768024772.633049,2.246282
768024774.544365,1.849156
768024776.7820771,2.179094
768024778.897478,2.053407
768024780.970757,2.0143969999999998
768024783.062218,2.029
768024785.142232,2.021614
768024787.07568,1.871508
768024789.4485711,2.314355
768024791.755809,2.245399
768024794.226664,2.4123080000000003
768024796.31173,2.026208
768024798.270236,1.8959759999999999
768024800.26853,1.939487
768024802.343036,2.012166
768024804.305126,1.903723
768024806.556479,2.170099
768024808.863326,2.248552
768024811.120774,2.1938999999999997
768024813.4547291,2.275304
768024815.750892,2.233888
768024817.709158,1.899754
768024819.910434,2.143071
768024822.004521,2.0357309999999997
768024824.3123311,2.2449890000000003
768024826.169065,1.7948549999999999
768024828.097311,1.869224
768024830.145551,1.984853
768024832.0271881,1.823186
768024834.267471,2.1756219999999997
768024836.2628541,1.9369210000000001
768024838.513094,2.187099
768024840.565244,1.9935619999999998
768024842.5179859,1.891535
768024844.385681,1.809073
768024846.732632,2.284922
768024848.83156,2.039906
768024850.970742,2.0773979999999996
768024853.1279709,2.0983970000000003
768024855.230588,2.040853
768024857.426597,2.137759
768024859.732658,2.243931
768024861.949345,2.158316
768024864.437991,2.4298990000000003
768024866.346361,1.846826
768024868.103573,1.6984759999999999
768024869.9986119,1.833842
768024872.69402,2.636436
768024874.805788,2.049303
768024876.492997,1.6286580000000002
768024878.069183,1.5148080000000002
768024879.6449579,1.5171480000000002
768024881.169564,1.46603
768024882.795686,1.563507
768024884.714911,1.8607529999999999
768024886.5943979,1.817062
768024888.5051881,1.8522239999999999
768024890.5260639,1.9589120000000002
768024892.392205,1.807008
768024894.126244,1.6716579999999999
768024895.817623,1.6325969999999999
768024897.4940419,1.6177080000000001
768024899.224106,1.6682050000000002
768024901.172659,1.889911
768024903.1277629,1.892698
768024904.934987,1.749339
768024907.172237,2.1753620000000002
768024909.5643281,2.33336
768024911.704824,2.0787359999999997
768024913.6802549,1.916669
768024915.439396,1.697493
768024917.2242529,1.72613
768024918.938806,1.6532149999999999
768024920.8349869,1.837364
768024922.7806541,1.887325
768024924.5688031,1.728972
768024926.2637,1.633113
768024927.98306,1.6605770000000002
768024930.0154079,1.94716
768024932.101561,2.0246999999999997
768024934.013304,1.848284
768024936.1383181,2.0659609999999997
768024938.184739,1.985223
768024940.169255,1.924677
768024942.251815,2.020646
768024944.2945831,1.983851
768024946.477422,2.121711
768024948.84266,2.306567
768024950.831321,1.926371
768024953.111351,2.221098
768024955.361222,2.1880070000000003
768024957.795206,2.3759889999999997
768024960.074855,2.2180709999999997
768024962.3132579,2.180188
768024964.292593,1.921054
768024966.322475,1.9684949999999999
768024968.236182,1.8323930000000002
768024970.5045999,2.206439
768024972.6931621,2.129209
768024974.901786,2.146995
768024977.094362,2.133379
768024979.32622,2.169944
768024981.310666,1.9250980000000002
768024983.0777719,1.705833
768024984.8102319,1.673868
768024987.045377,2.176574
768024988.862329,1.75858
768024990.620122,1.696045
768024992.351384,1.67266
768024994.2166481,1.803074
768024996.725296,2.450136
768024999.0648999,2.278061
768025001.323145,2.198661
768025003.812016,2.427358
768025005.738303,1.8679700000000001
768025007.440858,1.644164
768025009.222066,1.7227519999999998
768025011.171666,1.887912
768025012.852586,1.622343
768025014.801219,1.889951
768025016.77671,1.917275
768025018.56059,1.72195
768025020.8388,2.2201500000000003
768025022.816301,1.915757
768025024.8679041,1.992882
768025027.064705,2.133624
768025029.03331,1.890639
768025031.164959,2.0695900000000003
768025033.408875,2.184443
768025035.3873631,1.916373
768025037.356444,1.91069
768025039.5853449,2.167343
768025041.745426,2.101359
768025043.588078,1.781104
768025045.424204,1.777259
768025047.549699,2.064167
768025049.644833,2.036608
768025051.590369,1.8840020000000002
768025053.678999,2.0298719999999997
768025055.574293,1.8335650000000001
768025057.358423,1.7257799999999999
768025059.4008939,1.980738
768025061.332593,1.872526
768025063.2861929,1.89153
768025065.488282,2.1432360000000004
768025067.491898,1.941592
768025069.717611,2.166571
768025071.928345,2.1525279999999998
768025074.266606,2.279914
768025076.477946,2.148859
768025078.516137,1.976658
768025080.4907459,1.915822
768025082.4234569,1.871604
768025084.572487,2.090474
768025086.7319471,2.098107
768025088.940957,2.1499029999999997
768025091.024976,2.0224800000000003
768025093.315991,2.232359
768025095.531155,2.1533849999999997
768025097.337487,1.746423
768025099.0641581,1.664847
768025101.129192,2.006112
768025103.103265,1.915381
768025105.235741,2.073339
768025107.4357051,2.137639
768025109.678157,2.183926
768025111.830801,2.090473
768025113.835996,1.944964
768025115.97858,2.0842590000000003
768025118.0860289,2.0235269999999996
768025120.032863,1.885345
768025122.48774,2.3912389999999997
768025124.691232,2.1450050000000003
768025126.985079,2.232415
768025129.246761,2.202735
768025131.5069851,2.197889
768025133.772422,2.20671
768025135.597417,1.7634969999999999
768025137.3709329,1.715269
768025139.491571,2.058599
768025141.543751,1.99417
768025143.487473,1.8822279999999998
768025145.768304,2.222075
768025147.790133,1.9601499999999998
768025149.934778,2.0855930000000003
768025152.1289879,2.1356740000000003
768025153.97205,1.780872
768025156.155425,2.124944
768025158.202518,1.984272
768025160.4435071,2.182849
768025162.7455829,2.240197
768025164.851157,2.047068
768025166.79311,1.879507
768025168.864293,2.012928
768025170.6334879,1.707301
768025172.929811,2.237897
768025175.035045,2.042858
768025177.203616,2.1097989999999998
768025179.205698,1.9404190000000001
768025181.273935,2.008999
768025183.377389,2.04156
768025185.188823,1.752286
768025187.165241,1.918212
768025188.9402341,1.7162119999999998
768025190.711936,1.708895
768025192.704892,1.934636
768025194.6795859,1.913386
768025196.536811,1.798378
768025198.9583759,2.359385
768025200.860746,1.843007
768025203.123225,2.200665
768025205.403792,2.22188
768025207.611859,2.146579
768025209.84943,2.17916
768025211.787449,1.87609
768025214.1409659,2.2948600000000003
768025216.111917,1.911677
768025218.4664049,2.292424
768025220.585034,2.060003
768025222.5851771,1.938354
768025224.8367059,2.192682
768025226.799713,1.90019
768025228.7435651,1.885867
768025230.988087,2.182398
768025232.9409649,1.894542
768025235.056001,2.053092
768025237.067105,1.952572
768025239.091209,1.9622149999999998
768025241.268905,2.118965
768025243.472427,2.1417580000000003
768025245.473422,1.942664
768025248.101257,2.565786
768025250.349829,2.1896950000000004
768025252.068416,1.660171
768025254.005222,1.8744560000000001
768025256.029316,1.965362
768025258.087905,1.9941989999999998
768025260.181125,2.010086
768025262.179569,1.936284
768025264.270509,2.032373
768025266.2579781,1.925876
768025268.441388,2.124453
768025270.594607,2.0917510000000004
768025272.805847,2.1527439999999998
768025274.985894,2.117291
768025276.959791,1.915135
768025279.0891509,2.068107
768025280.826067,1.678484
768025282.726432,1.838772
768025285.125565,2.340551
768025287.3841001,2.19655
768025289.627299,2.184788
768025291.751551,2.0383620000000002
768025293.989779,2.1798170000000003
768025296.220629,2.17268
768025298.1893791,1.9070960000000001
768025300.040205,1.791342
768025302.0843849,1.980402
768025304.082394,1.939858
768025306.268871,2.1243730000000003
768025308.49505,2.166836
768025310.492552,1.935873
768025312.372862,1.8212510000000002
768025314.471439,2.036207
768025316.4248041,1.894738
768025318.2314969,1.744293
768025320.585248,2.295626
768025322.965597,2.3185
768025324.975338,1.951274
768025326.82691,1.789949
768025328.8165541,1.931262
768025330.885236,2.006408
768025332.989697,2.046295
768025335.05185,2.000329
768025337.0954239,1.9853029999999998
768025339.021345,1.862873
768025340.8002231,1.720106
768025342.88184,2.019588
768025345.0326699,2.092758
768025346.9161861,1.8215270000000001
768025349.024526,2.0499490000000002
768025350.929964,1.843574
768025352.978851,1.9904300000000001
768025355.16811,2.127576
768025357.351956,2.125425
768025359.092139,1.6781840000000001
768025360.80357,1.652469
768025362.735003,1.872872
768025364.7975559,2.004207
768025367.026462,2.166566
768025369.1006279,2.015239
768025371.4568449,2.294288
768025373.7096369,2.1944209999999997
768025375.99291,2.2220400000000002
768025378.199403,2.122558
768025380.160606,1.902687
768025382.258777,2.036418
768025384.219839,1.902711
768025386.5649611,2.2833829999999997
768025388.864832,2.240458
768025390.9152371,1.9880000000000002
768025393.163669,2.18962
768025395.190775,1.9653930000000002
768025397.247335,1.9977580000000001
768025399.098988,1.7893130000000002
768025401.118917,1.9619949999999997
768025403.094984,1.917135
768025404.960023,1.8069279999999999
768025406.950603,1.929067
768025409.2047831,2.195433
768025411.4661449,2.198916
768025413.554654,2.029818
768025415.293007,1.679627
768025417.129655,1.777835
768025418.7889789,1.5971799999999998
768025421.101184,2.253538
768025422.997931,1.835254
768025425.0428491,1.985835
768025427.160671,2.056384
768025429.054011,1.834612
768025430.781769,1.6662350000000001
768025432.704999,1.864397
768025434.6647681,1.8978549999999998
768025436.7582489,2.034955
768025438.758533,1.938785
768025440.940379,2.1225940000000003
768025443.125167,2.123064
768025445.403398,2.219795
768025447.590201,2.124904
768025449.859726,2.21131
768025451.893979,1.9728850000000002
768025453.7706201,1.818425
768025455.8070871,1.977225
768025458.0043399,2.138746
768025459.9396219,1.873724
768025461.898875,1.8999489999999999
768025463.915576,1.954562
768025466.082723,2.1081540000000003
768025468.1844181,2.039465
768025470.285111,2.037635
768025472.268329,1.924803
768025474.098817,1.767857
768025476.1511669,1.9926509999999997
768025477.907949,1.6944620000000001
768025479.641857,1.675637
768025481.623703,1.92355
768025483.336974,1.6496970000000002
768025485.5204791,2.1245629999999998
768025487.480438,1.879637
768025489.568196,2.028273
768025491.446605,1.8165609999999999
768025493.4719621,1.966911
768025495.36255,1.828519
768025497.890157,2.468585
768025500.412887,2.460561
768025502.90019,2.427924
768025505.516748,2.557481
768025507.8705701,2.291737
768025510.316948,2.386428
768025512.8974631,2.5209759999999997
768025515.167765,2.2083939999999997
768025516.948622,1.72191
768025518.9972631,1.9861950000000002
768025520.628788,1.5720560000000001
768025522.5743539,1.883261
768025524.450173,1.8164209999999998
768025526.412042,1.900552
768025528.401876,1.930902
768025530.1276511,1.664016
768025531.890617,1.7041039999999998
768025534.0008869,2.051628
768025535.9910719,1.927203
768025538.003092,1.9258000000000002
768025540.195258,2.1334090000000003
768025542.380547,2.123586
768025544.391155,1.951741
768025546.184291,1.730977
768025548.320842,2.076967
768025550.3357539,1.952437
768025552.370463,1.9750100000000002
768025554.106832,1.674069
768025555.8018941,1.636561
768025557.536018,1.675267
768025559.3190161,1.7198149999999999
768025561.302284,1.923489
768025563.235492,1.871132
768025565.0081351,1.714217
768025567.078267,2.008037
768025568.826233,1.689244
768025570.988333,2.1002460000000003
768025572.938054,1.890924
768025575.163748,2.163859
768025577.201092,1.9786780000000002
768025578.914608,1.6523079999999999
768025581.069176,2.095656
768025583.14917,2.017554
768025585.0774261,1.86965
768025587.133489,1.9934979999999998
768025589.125759,1.932636
768025591.037321,1.849668
768025592.805995,1.709712
768025594.8437511,1.975331
768025596.642154,1.73876
768025598.4157699,1.711641
768025600.151662,1.6770559999999999
768025601.99896,1.783744
768025603.9967569,1.93894
768025605.8554621,1.771811
768025607.660696,1.722657
768025609.6492231,1.9293690000000001
768025611.609167,1.898236
768025613.6646291,1.997221
768025615.894307,2.167453
768025617.893734,1.940148
768025620.049239,2.096648
768025622.970211,2.857911
768025625.19831,2.168465
768025627.558031,2.2983779999999996
768025629.450102,1.8334899999999998
768025631.719758,2.207757
768025633.8021929,2.023257
768025635.9495441,2.0879230000000004
768025638.256818,2.2232670000000003
768025640.400445,2.081693
768025642.527774,2.066122
768025644.7010111,2.114574
768025647.084336,2.3214569999999997
768025649.221724,2.078566
768025651.3921591,2.10827
768025653.636716,2.186187
768025655.790518,2.091637
768025657.9297401,2.0803000000000003
768025660.051116,2.0625690000000003
768025662.063122,1.94952
768025664.1493411,2.027277
768025666.616186,2.404235
768025668.767431,2.0918870000000003
768025670.7975041,1.967909
768025672.6214069,1.764935
768025674.77393,2.090518
768025676.815855,1.9832589999999999
768025678.784294,1.90669
768025680.547511,1.704625
768025682.714673,2.105449
768025684.449468,1.675813
768025686.6915699,2.178724
768025688.690199,1.939938
768025690.519194,1.7669249999999999
768025692.6008921,2.021919
768025694.434553,1.772357
768025696.685801,2.192035
768025698.944356,2.195859
768025700.742729,1.739527
768025702.756574,1.9516049999999998
768025704.6482439,1.832528
768025706.4591371,1.748482
768025708.5057629,1.9881600000000001
768025710.442078,1.874606
768025712.2561079,1.7550720000000002
768025714.401569,2.061742
768025716.4919981,2.0322270000000002
768025718.2672781,1.712859
768025720.0584589,1.732896
768025722.346568,2.224911
768025724.591441,2.186642
768025726.582228,1.927394
768025728.683522,2.042376
768025730.710863,1.9651820000000002
768025732.948033,2.178143
768025735.231411,2.221003
768025737.1679211,1.877999
768025739.458907,2.229317
768025741.770445,2.252767
768025743.737631,1.904626
768025745.6335369,1.836502
768025748.061887,2.369378
768025750.756127,2.631689
768025753.098206,2.283528
768025755.1465169,1.987028
768025757.403504,2.197849
768025759.451163,1.9856800000000001
768025761.8635811,2.3534710000000003
768025764.083286,2.157706
768025766.039341,1.896642
768025768.047969,1.94943
768025769.827499,1.715976
768025772.072552,2.1855849999999997
768025774.54685,2.412428
768025776.3812269,1.775982
768025778.660284,2.2169030000000003
768025780.425997,1.707095
768025782.703781,2.215505
768025784.874858,2.112124
768025787.184146,2.246638
768025789.549059,2.3065160000000002
768025791.7279979,2.117216
768025794.023955,2.237396
768025796.146564,2.0637659999999998
768025798.09648,1.8885589999999999
768025800.2103691,2.054836
768025802.2628491,1.990982
768025804.294781,1.973807
768025806.201973,1.8451380000000002
768025808.153357,1.89174
768025810.0816381,1.865525
768025812.270927,2.130567
768025814.5508521,2.21793
768025816.7671931,2.157429
768025818.874215,2.043835
768025820.9380721,2.005792
768025823.169935,2.168952
768025825.1649661,1.93643
768025827.146982,1.919741
768025828.989623,1.783744
768025831.2713671,2.2190280000000002
768025833.343523,2.012903
768025835.500192,2.094573
768025837.621322,2.062474
768025839.8916041,2.208654
768025842.209207,2.259518
768025844.131193,1.863114
768025846.451291,2.257718
768025848.43664,1.9259760000000001
768025850.226443,1.727578
768025852.3807501,2.095024
768025854.436954,1.994816
768025856.694597,2.198671
768025858.9643279,2.208273
768025861.233899,2.210433
768025863.446151,2.149867
768025865.732115,2.226952
768025867.89839,2.104236
768025870.116681,2.160301
768025872.288965,2.113953
768025874.608267,2.257382
768025876.8279411,2.160802
768025878.896494,2.0068439999999996
768025881.2356869,2.279865
768025883.2841231,1.986211
768025885.482829,2.140009
768025887.719307,2.174404
768025889.9766489,2.198861
768025892.23544,2.200109
768025894.418369,2.120915
768025896.704257,2.226876
768025898.916474,2.149937
768025900.955353,1.980242
768025902.943613,1.926371
768025905.263536,2.261056
768025907.325343,1.999682
768025909.238328,1.854103
768025911.430714,2.130061
768025913.5150031,2.025713
768025915.6701031,2.0927350000000002
768025917.670287,1.941376
768025919.772433,2.043555
768025922.149549,2.3185100000000003
768025924.214528,2.003065
768025926.162951,1.886454
768025928.305686,2.083933
768025930.42009,2.05274
768025932.427004,1.9475
768025934.175005,1.686297
768025936.120842,1.8866690000000002
768025938.030244,1.8253709999999999
768025940.323841,2.234163
768025942.476714,2.090799
768025944.493231,1.958086
768025946.516237,1.960847
768025948.305289,1.7107489999999999
768025950.4345729,2.066818
768025952.622263,2.128572
768025954.483673,1.799661
768025956.345935,1.802599
768025958.426766,2.019088
768025960.3673999,1.882243
768025962.594728,2.165473
768025964.587859,1.933317
768025966.7626741,2.1134169999999997
768025969.1114141,2.287492
768025971.34464,2.1709609999999997
768025973.574108,2.170866
768025975.6323861,1.99673
768025977.8923501,2.200805
768025980.079023,2.125235
768025982.460109,2.321301
768025984.44198,1.923279
768025986.171758,1.667017
768025988.2020271,1.9710550000000002
768025989.930322,1.665914
768025991.672409,1.683742
768025993.821298,2.0896869999999996
768025996.5290501,2.645952
768025998.866859,2.279138
768026000.833113,1.907768
768026002.904743,2.009019
768026004.8722899,1.909221
768026007.1826359,2.248622
768026009.1976291,1.9562410000000001
768026011.127333,1.8674849999999998
768026013.349834,2.1638400000000004
768026015.610704,2.1983699999999997
768026017.8979261,2.227849
768026019.7964981,1.836712
768026021.597667,1.7416260000000001
768026023.6159531,1.959444
768026025.597518,1.9232539999999998
768026027.507,1.8474570000000001
768026029.489391,1.923996
768026031.5911859,2.042827
768026033.992389,2.342315
768026036.1752421,2.1211450000000003
768026037.905903,1.671839
768026040.050076,2.0856120000000002
768026042.198675,2.085652
768026044.3963039,2.139472
768026046.741155,2.282657
768026048.687729,1.887807
768026050.582592,1.833245
768026052.434129,1.79266
768026054.7412219,2.24542
768026056.7726129,1.972218
768026058.692995,1.858303
768026060.7482121,1.994961
768026062.68827,1.87635
768026065.111243,2.364392
768026067.3943399,2.221273
768026069.456012,2.0030400000000004
768026071.4297429,1.912098
768026073.191967,1.703457
768026075.249234,1.995196
768026077.486679,2.178268
768026079.814731,2.2664180000000003
768026081.781908,1.908534
768026083.899725,2.059206
768026086.230809,2.272613
768026088.243777,1.9514
768026090.180653,1.874316
768026092.263038,2.0244299999999997
768026094.5234979,2.198349
768026096.715112,2.132452
768026098.8303831,2.0530969999999997
768026100.908949,2.019438
768026102.8692391,1.898055
768026105.0636749,2.136045
768026107.3175391,2.191138
768026109.240938,1.8633689999999998
768026111.164062,1.861049
768026113.2805411,2.058068
768026115.360691,2.018155
768026117.319317,1.900321
768026119.019161,1.641192
768026121.2515651,2.173056
768026123.8033481,2.4893680000000002
768026126.118741,2.256421
768026128.14701,1.9659489999999997
768026129.898584,1.689259
768026131.769381,1.8115290000000002
768026134.054463,2.2259390000000003
768026136.212349,2.095204
768026138.4548011,2.1800119999999996
768026140.415272,1.9013330000000002
768026142.457072,1.9801570000000002
768026144.349264,1.832694
768026146.510507,2.0991540000000004
768026148.734893,2.165899
768026150.88946,2.092714
768026153.1565651,2.207917
768026155.0001739,1.780577
768026156.9880639,1.928696
768026159.1287789,2.0791020000000002
768026160.972202,1.784205
768026162.757285,1.722932
768026164.503481,1.686813
768026166.691668,2.1265530000000004
768026168.485521,1.735673
768026170.4825721,1.933869
768026172.441399,1.900456
768026174.1900419,1.6872989999999999
768026175.958129,1.709276
768026178.1558579,2.092839
768026180.343117,2.1255599999999997
768026182.2883619,1.883577
768026184.139037,1.791317
768026186.1709139,1.969973
768026188.055994,1.8262230000000002
768026190.1118771,1.9935030000000002
768026191.946269,1.77579
768026194.153801,2.122277
768026196.2184689,2.002674
768026198.155796,1.875568
768026200.0340799,1.819588
768026202.234695,2.137082
768026204.196053,1.902872
768026206.0087249,1.7501909999999998
768026207.968284,1.900947
768026209.987487,1.9334280000000001
768026212.121913,2.072788
768026214.226324,2.0429329999999997
768026216.1482799,1.863345
768026218.293481,2.083478
768026220.587163,2.2353709999999998
768026222.65549,2.0050440000000003
768026224.826666,2.1128509999999996
768026227.142274,2.253799
768026229.136163,1.935252
768026231.116715,1.9180670000000002
768026233.064587,1.88934
768026235.008103,1.881081
768026237.230183,2.163298
768026239.1144509,1.8223390000000002
768026241.258655,2.085818
768026243.2291499,1.908309
768026245.185436,1.896633
768026247.6402241,2.3962060000000003
768026249.7916291,2.092463
768026252.022209,2.14687
768026253.935821,1.848354
768026255.945531,1.950999
768026258.137907,2.108516
768026260.481219,2.2552470000000002
768026262.704948,2.162271
768026264.97507,2.211651
768026267.399431,2.3629279999999997
768026269.584841,2.126438
768026271.831333,2.1850490000000002
768026273.8673251,1.9771139999999998
768026275.606084,1.679888
768026277.407038,1.742217
768026279.676218,2.2074260000000003
768026282.0977631,2.362787
768026284.276983,2.116976
768026286.431205,2.092133
768026288.7619079,2.271861
768026291.020643,2.1956029999999997
768026293.52245,2.4429
768026295.5395169,1.954822
768026297.787117,2.1889629999999998
768026299.856336,2.006634
768026302.091,2.176038
768026304.414346,2.26477
768026306.932781,2.456556
768026309.2988319,2.307038
768026311.434075,2.073189
768026313.727422,2.2351710000000002
768026315.922804,2.133809
768026318.323405,2.341443
768026320.58848,2.2058720000000003
768026322.856357,2.206168
768026324.615334,1.6824979999999998
768026326.744297,2.067049
768026328.8894429,2.0868409999999997
768026330.940525,1.9895580000000002
768026332.967625,1.9689899999999998
768026334.926838,1.897299
768026337.088433,2.1029769999999997
768026339.319198,2.168015
768026341.768056,2.3903969999999997
768026343.928397,2.098733
768026345.9413,1.954241
768026347.6348641,1.631469
768026349.209722,1.516216
768026351.248039,1.974699
768026353.216444,1.9089459999999998
768026355.38719,2.109092
768026357.5420741,2.095796
768026359.746202,2.141598
768026361.6403279,1.834833
768026363.4205639,1.721138
768026365.255974,1.776262
768026367.293023,1.97484
768026369.2231131,1.870637
768026371.426264,2.141693
768026373.2237799,1.738354
768026375.003585,1.717415
768026377.222979,2.160412
768026379.568642,2.2837690000000004
768026381.391337,1.763563
768026383.134782,1.681401
768026385.4141151,2.22
768026387.336823,1.859957
768026389.304165,1.907843
768026391.322676,1.9566620000000001
768026393.534522,2.153145
768026395.406582,1.810762
768026397.581778,2.115357
768026399.51467,1.871419
768026401.45517,1.881116
768026403.5514171,2.034252
768026405.550728,1.939552
768026407.370153,1.737894
768026409.493305,2.084733
768026411.418967,1.8648339999999999
768026412.997265,1.5498669999999999
768026414.966091,1.910264
768026416.728193,1.7031290000000001
768026418.556232,1.79854
768026420.6271149,2.012356
768026422.537784,1.849247
768026424.544232,1.9473850000000001
768026426.486681,1.879843
768026428.4983209,1.952898
768026430.215119,1.654668
768026432.125082,1.8513309999999998
768026433.805772,1.618223
768026436.095209,2.229978
768026437.85198,1.695213
768026439.796022,1.885065
768026441.9131991,2.0582439999999997
768026444.13341,2.1584529999999997
768026446.504938,2.309419
768026448.383929,1.8201090000000002
768026450.3795271,1.9335680000000002
768026452.5924001,2.153972
768026454.852449,2.197507
768026456.818668,1.9078840000000001
768026459.105975,2.2252919999999996
768026461.408953,2.244262
768026463.6285421,2.156773
768026465.895021,2.207121
768026468.1476071,2.193429
768026470.101858,1.892482
768026471.6979799,1.537581
768026473.680307,1.923124
768026475.6082021,1.865996
768026477.243787,1.576582
768026479.024765,1.718844
768026480.901796,1.81831
768026482.844576,1.880369
768026484.793244,1.889681
768026486.479025,1.624518
768026488.657564,2.119912
768026490.5688,1.849698
768026492.705561,2.078105
768026494.569878,1.8022019999999999
768026497.385586,2.75635
768026499.844357,2.397328
768026502.156978,2.253965
768026504.072238,1.856694
768026506.020376,1.885847
768026507.6779909,1.598789
768026509.512118,1.774938
768026511.1922499,1.616244
768026512.932729,1.682008
768026514.700601,1.705061
768026516.776376,2.016927
768026518.893376,2.0545250000000004
768026521.0338919,2.081328
768026522.948451,1.853326
768026524.88485,1.876976
768026526.916146,1.9693470000000002
768026529.02197,2.046741
768026530.911641,1.828052
768026532.652611,1.682694
768026534.355893,1.641227
768026536.171436,1.756411
768026538.4788699,2.245726
768026540.7365631,2.1983189999999997
768026542.9035541,2.104401
768026545.128902,2.166125
768026547.0220411,1.831415
768026548.716147,1.635574
768026550.6901389,1.9117229999999998
768026552.5756451,1.8262479999999999
768026554.414212,1.776693
768026556.582972,2.109461
768026558.468204,1.8295970000000001
768026560.327496,1.800954
768026562.047906,1.6637819999999999
768026564.178027,2.071505
768026566.1660969,1.925154
768026568.156405,1.931496
768026570.161407,1.948117
768026572.137574,1.917361
768026574.101347,1.9006260000000001
768026576.160628,2.000774
768026578.0400751,1.795025
768026580.224092,2.124899
768026582.576691,2.2900590000000003
768026584.966652,2.33163
768026587.1474811,2.118865
768026589.165877,1.9596589999999998
768026591.250051,2.022486
768026593.481398,2.1723749999999997
768026595.791929,2.247695
768026597.717689,1.866642
768026599.816232,2.038903
768026602.071574,2.196155
768026604.483135,2.348645
768026606.588935,2.043911
768026608.610222,1.963232
768026610.73484,2.061982
768026612.9875059,2.1930919999999996
768026614.936947,1.887656
768026616.8327019,1.8370630000000001
768026618.77295,1.8775680000000001
768026621.358447,2.526309
768026623.777475,2.3567940000000003
768026626.2322071,2.396371
768026628.748563,2.458295
768026631.23762,2.426907
768026633.269462,1.9533240000000003
768026635.501971,2.169423
768026637.47257,1.9122130000000002
768026639.538913,2.004198
768026641.328757,1.731182
768026643.690207,2.303009
768026645.914943,2.1654780000000002
768026648.12673,2.149035
768026650.146343,1.956116
768026651.975478,1.770258
768026654.1840969,2.125359
768026656.47406,2.2276689999999997
768026658.7047601,2.169077
768026660.69928,1.93639
768026662.616119,1.85479
768026664.63051,1.955399
768026666.780803,2.087572
768026669.1569619,2.3172919999999997
768026671.2667761,2.047559
768026673.459132,2.133087
768026675.736526,2.214657
768026677.806712,2.0110789999999996
768026680.150891,2.284495
768026682.30785,2.094367
768026684.269984,1.903132
768026686.2710141,1.938625
768026688.344368,2.014236
768026690.2944,1.885731
768026692.616427,2.263702
768026694.537341,1.857997
768026696.269565,1.6736730000000002
768026698.202091,1.870532
768026700.202054,1.941131
768026702.0954679,1.8304930000000001
768026704.0802511,1.9259060000000001
768026706.036798,1.8943370000000002
768026707.982059,1.885998
768026710.202299,2.133263
768026712.2401,1.975771
768026714.2443831,1.941612
768026716.191297,1.887456
768026718.0026209,1.749349
768026720.169151,2.1080389999999998
768026722.409975,2.178654
768026724.4426839,1.9737969999999998
768026726.6748129,2.169101
768026728.876585,2.1431359999999997
768026730.756509,1.8176430000000001
768026732.959995,2.145126
768026734.8685349,1.846997
768026736.9944711,2.06738
768026738.798473,1.740222
768026741.09016,2.232189
768026743.15562,2.00311
768026744.9662019,1.751189
768026747.1622419,2.133795
768026749.242788,2.021864
768026751.1781499,1.8723159999999999
768026753.096282,1.8592199999999999
768026755.2346569,2.079944
768026757.192096,1.8986420000000002
768026759.238422,1.9845119999999998
768026761.151527,1.853983
768026762.8445301,1.6302020000000002
768026764.779812,1.875894
768026766.4578049,1.614871
768026768.068045,1.5509320000000002
768026769.8559041,1.725248
768026771.807294,1.8920160000000001
768026773.781035,1.915035
768026775.452293,1.608631
768026777.209049,1.697945
768026779.157051,1.8861970000000001
768026781.124889,1.9083590000000001
768026783.380562,2.193694
768026785.528244,2.088304
768026787.505384,1.9153259999999999
768026789.366729,1.802057
768026791.673015,2.2447220000000003
768026793.591173,1.8599160000000001
768026795.484668,1.830894
768026797.306626,1.763192
768026798.9890391,1.620409
768026800.800427,1.7521
768026802.882511,2.022846
768026805.086068,2.144444
768026807.0480831,1.9004759999999998
768026808.8878369,1.780396
768026810.8266929,1.8732630000000001
768026813.009451,2.1240170000000003
768026814.78226,1.71093
768026816.988493,2.1470000000000002
768026818.811739,1.761257
768026820.846182,1.974994
768026822.545079,1.6375039999999998
768026824.267375,1.663775
768026826.39293,2.061706
768026828.384027,1.931252
768026830.360531,1.914438
768026832.333034,1.913
768026834.046561,1.651702
768026836.241989,2.136421
768026838.173146,1.8680750000000002
768026839.981303,1.749354
768026841.7328521,1.633079
768026843.7403669,1.944905
768026845.7816111,1.981685
768026847.961112,2.117727
768026850.1593009,2.1149099999999996
768026852.1118289,1.890713
768026854.3473,2.173727
768026856.647983,2.223053
768026858.794612,2.084139
768026860.819693,1.966359
768026862.914622,2.032694
768026865.014373,2.040983
768026867.010952,1.934781
768026869.163125,2.093771
768026871.4700019,2.245024
768026873.940566,2.411817
768026876.241024,2.238449
768026878.572118,2.267711
768026880.487309,1.856518
768026882.63498,2.085873
768026884.932045,2.238689
768026887.016048,2.0217479999999997
768026889.340342,2.265195
768026891.461456,2.05916
768026893.7341441,2.21352
768026895.8117881,2.015755
768026897.965744,2.095034
768026900.190726,2.1416679999999997
768026902.468997,2.2161310000000003
768026904.7256831,2.197869
768026906.760372,1.9721589999999998
768026908.7537,1.932987
768026910.910984,2.095651
768026913.182619,2.212618
768026915.358852,2.114434
768026917.2566019,1.8393190000000001
768026919.1727151,1.854278
768026921.276344,2.044958
768026923.350905,2.012647
768026925.565799,2.15557
768026927.4824721,1.8544939999999999
768026929.566401,2.025191
768026931.4979639,1.8691879999999998
768026933.6410149,2.084134
768026935.4458679,1.7405929999999998
768026937.258846,1.754346
768026939.304074,1.9830130000000001
768026941.49812,2.1343970000000003
768026943.4920579,1.9301050000000002
768026945.676386,2.12543
768026947.437878,1.700245
768026949.6664131,2.1695629999999997
768026951.564965,1.839474
768026953.554197,1.930466
768026955.4459529,1.830022
768026957.29518,1.79015
768026959.333697,1.9769039999999998
768026961.3198329,1.927113
768026963.235489,1.853672
768026965.358564,2.063652
768026967.5132719,2.095751
768026969.7909011,2.218582
768026972.131041,2.278035
768026974.3851609,2.194005
768026976.65845,2.214347
768026978.720944,1.9997970000000003
768026980.7524351,1.972058
768026982.41831,1.6038560000000002
768026984.203904,1.7261659999999999
768026985.883932,1.617542
768026987.558687,1.615813
768026989.36123,1.743641
768026991.400083,1.9764130000000002
768026993.476178,2.0167420000000003
768026995.429818,1.890733
768026997.2656441,1.777465
768026999.29085,1.962676
768027001.1875219,1.83775
768027002.868668,1.6214009999999999
768027004.655314,1.7276189999999998
768027006.5255289,1.808552
768027008.351772,1.7671849999999998
768027010.287315,1.8741299999999999
768027012.508222,2.161584
768027014.4937719,1.9237099999999998
768027016.519755,1.967061
768027018.734012,2.151837
768027020.6944029,1.900952
768027022.758125,2.002208
768027024.549316,1.732089
768027026.494917,1.8835970000000002
768027028.256239,1.702139
768027030.41851,2.1004169999999998
768027032.166255,1.688853
768027034.115936,1.887927
768027036.3253471,2.1508640000000003
768027038.547587,2.159374
768027040.787544,2.18101
768027043.004657,2.15542
768027045.366032,2.303003
768027047.250566,1.823321
768027049.038144,1.728771
768027050.74342,1.645517
768027052.474822,1.672249
768027054.5665691,2.030113
768027056.4797449,1.854007
768027058.4871399,1.9453509999999998
768027060.543044,1.9970220000000003
768027062.7376901,2.132301
768027064.965749,2.168816
768027066.902895,1.875648
768027069.049314,2.087852
768027071.2046541,2.093531
768027073.204326,1.9407599999999998
768027074.992621,1.726019
768027076.7481691,1.6960300000000001
768027078.6781139,1.868808
768027080.491753,1.7549569999999999
768027082.679513,2.105539
768027084.5938159,1.856414
768027086.548573,1.892903
768027088.546246,1.938064
768027090.5209,1.912575
768027092.508449,1.9288370000000001
768027094.4672251,1.897529
768027096.19541,1.6693179999999999
768027098.17679,1.919992
768027100.42882,2.193368
768027102.635675,2.145046
768027104.61296,1.918097
768027106.651598,1.975982
768027108.624508,1.914453
768027110.483367,1.796729
768027112.432842,1.890238
768027114.25911,1.764384
768027116.163275,1.845087
768027118.112299,1.886384
768027119.8369249,1.66603
768027122.601634,2.705496
768027125.108853,2.4450190000000003
768027127.628937,2.457839
768027130.069206,2.381311
768027132.059977,1.928597
768027134.080252,1.961914
768027136.093811,1.954762
768027138.2779341,2.122193
768027140.2440981,1.906837
768027142.165573,1.8589550000000001
768027143.9878769,1.763572
768027145.9988049,1.928231
768027148.435009,2.374415
768027150.718913,2.2219349999999998
768027152.769639,1.9917939999999998
768027154.750703,1.9187640000000001
768027157.005504,2.195589
768027159.0288509,1.961338
768027161.023291,1.935984
768027163.064475,1.979866
768027165.244081,2.120669
768027167.1960471,1.890348
768027169.265983,2.010968
768027171.210953,1.883147
768027173.097291,1.827411
768027175.010578,1.854435
768027177.087871,2.0167420000000003
768027179.345739,2.194816
768027181.683424,2.278947
768027183.864929,2.118178
768027186.1462221,2.222661
768027188.440039,2.2356059999999998
768027190.8327969,2.32935
768027193.143654,2.2523999999999997
768027195.445494,2.239726
768027197.591462,2.0872360000000003
768027199.654813,2.00125
768027201.662017,1.9482169999999999
768027203.804326,2.079999
768027205.590992,1.7279039999999999
768027207.6009381,1.9512539999999998
768027209.410758,1.751449
768027211.636687,2.164225
768027213.902324,2.20696
768027215.870999,1.9060590000000002
768027218.0843179,2.131709
768027220.351519,2.209029
768027222.540476,2.1270130000000003
768027224.555179,1.955619
768027226.480533,1.8630229999999999
768027228.853629,2.313523
768027231.092488,2.177441
768027233.1524061,2.001351
768027235.472158,2.2550169999999996
768027237.376518,1.8454730000000001
768027239.651437,2.212367
768027241.689498,1.9790889999999999
768027243.78134,2.030304
768027245.680182,1.840166
768027247.783531,2.044917
768027249.3308641,1.489504
768027250.883015,1.490135
768027252.348257,1.406942
768027253.816858,1.40623
768027255.641337,1.766069
768027257.215062,1.514893
768027258.603515,1.326053
768027259.884789,1.222823
768027261.3188441,1.375468
768027262.767453,1.3873659999999999
768027264.2691051,1.44283
768027266.552508,2.221434
768027267.976053,1.365089
768027269.446909,1.3822750000000001
768027270.980721,1.471577
768027272.389727,1.349929
768027273.827265,1.375273
768027275.231155,1.346055
768027276.7903711,1.500389
768027278.238534,1.387176
768027279.707725,1.410821
768027281.283144,1.503147
768027282.612721,1.267457
768027283.949577,1.278796
768027285.4363041,1.438787
768027286.970044,1.4833349999999998
768027288.2865981,1.257903
768027289.632725,1.295896
768027291.670752,1.978924
768027293.659334,1.9305620000000001
768027295.542149,1.821267
768027297.3922579,1.772728
768027299.045002,1.5909
768027300.768796,1.664722
768027302.7837291,1.9552839999999998
768027305.014644,2.171908
768027307.201713,2.124959
768027309.229741,1.9694270000000003
768027311.049219,1.757347
768027313.0439141,1.935743
768027315.140627,2.0378060000000002
768027317.4770731,2.27815
768027319.554216,2.0131390000000002
768027321.95839,2.3453269999999997
768027324.329407,2.309629
768027326.34685,1.9588269999999999
768027328.339531,1.933052
768027330.147903,1.746653
768027332.187588,1.9810489999999998
768027334.3737849,2.123986
768027336.185128,1.7526270000000002
768027338.3541139,2.107102
768027340.7613161,2.349131
768027342.868874,2.0463310000000003
768027344.844005,1.91682
768027347.1445329,2.238328
768027349.391105,2.187514
768027351.4916971,2.0374149999999998
768027353.448755,1.89788
768027355.3755519,1.867404
768027357.604834,2.17015
768027359.59975,1.932125
768027361.975468,2.317276
768027364.159785,2.1256809999999997
768027365.899827,1.677562
768027368.154022,2.195448
768027370.169942,1.9538360000000001
768027372.387201,2.158451
768027374.5353191,2.085933
768027376.5982779,2.004188
768027378.840801,2.179761
768027380.715156,1.81609
768027382.736815,1.960046
768027384.7306991,1.935373
768027386.6919509,1.899839
768027388.926125,2.175476
768027391.152655,2.165258
768027393.290509,2.078837
768027395.472275,2.118213
768027397.851596,2.32098
768027399.7767049,1.863129
768027401.8201541,1.985013
768027403.581862,1.7023789999999999
768027405.506324,1.865579
768027407.282711,1.714618
768027408.931786,1.5902340000000001
768027410.7655469,1.774979
768027412.636639,1.812882
768027414.4188299,1.7193340000000001
768027416.6150401,2.1370270000000002
768027418.5562259,1.8789609999999999
768027420.3514221,1.736759
768027422.253381,1.83983
768027424.088866,1.776914
768027425.873578,1.722026
768027427.720274,1.78787
768027429.5835229,1.8047630000000001
768027431.40035,1.754791
768027433.200347,1.740794
768027434.864562,1.602146
768027436.552022,1.6281869999999998
768027438.338784,1.724576
768027439.909206,1.5111949999999998
768027441.855113,1.886995
768027443.7702379,1.853462
768027445.382884,1.553834
768027446.877765,1.432737
768027448.718683,1.78229
768027450.38553,1.6049879999999999
768027452.045385,1.6009740000000001
768027453.8409821,1.732049
768027455.5383201,1.638752
768027457.386549,1.789588
768027459.188552,1.740032
768027460.788062,1.540623
768027462.54952,1.702696
768027464.30575,1.697058
768027466.01046,1.642771
768027467.7230041,1.653697
768027469.4332019,1.651216
768027471.4412479,1.945987
768027473.240965,1.740859
768027475.136354,1.83351
768027476.916169,1.721033
768027478.650318,1.6721590000000002
768027480.459486,1.7502259999999998
768027482.303671,1.7825060000000001
768027484.077407,1.714929
768027485.742314,1.603354
768027487.377588,1.5767120000000001
768027489.038185,1.602116
768027490.7558299,1.656107
768027492.5168921,1.702385
768027494.110273,1.53098
768027496.328464,2.158807
768027498.407736,2.0174939999999997
768027500.370011,1.903568
768027502.166044,1.7332969999999999
768027503.960824,1.736394
768027505.565551,1.5174539999999999
768027507.09994,1.4731
768027508.8884951,1.687961
768027510.647221,1.696782
768027512.337297,1.631279
768027513.966596,1.567185
